x,y,z,psi,phi,theta,linear_vel_x,linear_vel_y,linear_vel_z,angular_vel_x,angular_vel_y,angular_vel_z,mode
0.3752957343699066,9.740472631568752,2.975,0.0,0.0,0.0,0.0,0.0,0.0,0.0,0.0,0.0,unicycle
0.37529714556990657,9.740472631569089,2.975,0.0,0.0,4.791525995726999e-07,4.704e-05,0.0,0.0,0.0,0.0,1.5971753319089996e-05,omni
0.37530354961710666,9.740472631576052,2.975,0.0,0.0,1.6952492312565735e-06,0.00021346823999999999,0.0,0.0,0.0,0.0,4.053655438946244e-05,unicycle
0.37531990977718976,9.740472631621492,2.975,0.0,0.0,3.85959243417185e-06,0.00054533866944,0.0,0.0,0.0,0.0,7.214477343050919e-05,omni
0.3753519885663126,9.74047263179619,2.975,0.0,0.0,7.032231103195934e-06,0.00106929297077664,0.0,0.0,0.0,0.0,0.00010575462230080283,unicycle
0.37540592440729736,9.74047263229005,2.975,0.0,0.0,1.1280652774346772e-05,0.0017978613662372198,0.0,0.0,0.0,0.0,0.00014161405570502794,omni
0.37548793001850433,9.740472633431697,2.975,0.0,0.0,1.6562460074791623e-05,0.0027335203738331386,0.0,0.0,0.0,0.0,0.00017606024334816168,unicycle
0.3756040833173205,9.740472635722039,2.975,0.0,0.0,2.2874071060810978e-05,0.003871776627965568,0.0,0.0,0.0,0.0,0.00021038703286731182,omni
0.3757601880314103,9.740472639858798,2.975,0.0,0.0,3.0125731276132585e-05,0.00520349047149883,0.0,0.0,0.0,0.0,0.00024172200717738704,unicycle
0.37596168629024235,9.740472646751037,2.975,0.0,0.0,3.828418420355134e-05,0.006716608631680479,0.0,0.0,0.0,0.0,0.0002719484309139584,omni
0.376213609483401,9.74047265752418,2.975,0.0,0.0,4.7243010589804764e-05,0.008397439779661826,0.0,0.0,0.0,0.0,0.0002986275462084474,unicycle
0.37652055683542274,9.740472673516877,2.975,0.0,0.0,5.696180798008819e-05,0.010231578414650343,0.0,0.0,0.0,0.0,0.0003239599130094474,omni
0.3768866936320078,9.740472696271443,2.975,0.0,0.0,6.73336426037853e-05,0.012204559909790922,0.0,0.0,0.0,0.0,0.0003457278207899043,unicycle
0.3773157629781479,9.740472727519709,2.975,0.0,0.0,7.832237186106879e-05,0.014302311576005096,0.0,0.0,0.0,0.0,0.0003662909752427829,omni
0.3778111064862266,9.740472769165864,2.975,0.0,0.0,8.98282346046966e-05,0.016511450327738847,0.0,0.0,0.0,0.0,0.00038352875812092666,unicycle
0.37837569047061365,9.740472823267861,2.975,0.0,0.0,0.00010182437825476512,0.018819466232753636,0.0,0.0,0.0,0.0,0.000399871455002284,omni
0.37901213513594556,9.74047289201837,2.975,0.0,0.0,0.00011422113925588412,0.021214822301643947,0.0,0.0,0.0,0.0,0.00041322536670396665,unicycle
0.3797227449460463,9.740472977726306,2.975,0.0,0.0,0.00012700247731662346,0.02368699384247666,0.0,0.0,0.0,0.0,0.0004260446020246447,omni
0.38050953889461797,9.740473082799369,2.975,0.0,0.0,0.00014008920500178747,0.026226465186443764,0.0,0.0,0.0,0.0,0.00043622425617213464,unicycle
0.3813742798034619,9.740473209728208,2.975,0.0,0.0,0.00015347580801508163,0.028824697272196134,0.0,0.0,0.0,0.0,0.00044622010044313877,omni
0.3823185020776668,9.740473361072175,2.975,0.0,0.0,0.00016709270439573445,0.03147407621137502,0.0,0.0,0.0,0.0,0.00045389654602176054,unicycle
0.3833435375725495,9.740473539447057,2.975,0.0,0.0,0.00018094379198737033,0.034167850347037704,0.0,0.0,0.0,0.0,0.0004617029197211956,omni
0.38445053939202606,9.74047374751442,2.975,0.0,0.0,0.00019496771077570163,0.036900061301312306,0.0,0.0,0.0,0.0,0.00046746395961104313,unicycle
0.38564050355657925,9.740473987972914,2.975,0.0,0.0,0.0002091763748133996,0.03966547296194001,0.0,0.0,0.0,0.0,0.00047362213458993364,omni
0.38691428856211035,9.740474263550906,2.975,0.0,0.0,0.000223515148668203,0.04245950117840254,0.0,0.0,0.0,0.0,0.00047795912849344534,unicycle
0.38827263290733804,9.740474577000901,2.975,0.0,0.0,0.00023800257076854876,0.045278146046839954,0.0,0.0,0.0,0.0,0.0004829140700115264,omni
0.38971617070375536,9.740474931094877,2.975,0.0,0.0,0.000252589319550709,0.04811792799530065,0.0,0.0,0.0,0.0,0.00048622495940534136,unicycle
0.39124544550367496,9.74047532862117,2.975,0.0,0.0,0.00026729930556610175,0.05097582838669036,0.0,0.0,0.0,0.0,0.000490332867179761,omni
0.3928609224926027,9.740475772381876,2.975,0.0,0.0,0.00028208728395145755,0.05384923499638252,0.0,0.0,0.0,0.0,0.0004929326128451921,unicycle
0.39456299919515164,9.740476265191612,2.975,0.0,0.0,0.0002969814755846743,0.05673589246357853,0.0,0.0,0.0,0.0,0.0004964730544405588,omni
0.39635201484128746,9.74047680987636,2.975,0.0,0.0,0.0003119396732619344,0.059633857635667274,0.0,0.0,0.0,0.0,0.0004986065892420013,unicycle
0.39822825853364296,9.74047740927359,2.975,0.0,0.0,0.00032699354264119227,0.06254145960389648,0.0,0.0,0.0,0.0,0.0005017956459752647,omni
0.40019197634828463,9.74047806623208,2.975,0.0,0.0,0.000342103065883513,0.06545726415174839,0.0,0.0,0.0,0.0,0.0005036507747440223,unicycle
0.4022433774916193,9.740478783612971,2.975,0.0,0.0,0.00035730266795268295,0.06838004229298275,0.0,0.0,0.0,0.0,0.0005066534023056631,omni
0.40442872864607665,9.74048093094736,2.975,0.0,0.0,0.00037255384097455705,0.07284505975290057,4.499459603136127e-05,0.0,0.0,0.0,0.0005083724340624692,unicycle
0.40691174506071265,9.740485300958145,2.975,0.0,0.0,0.0003878932387584029,0.08276726322521713,0.0001141969734203913,0.0,0.0,0.0,0.0005113132594615301,omni
0.40978471737065114,9.740492549042317,2.975,0.0,0.0,0.00040328332626669714,0.09576583174760289,0.00020371898172547604,0.0,0.0,0.0,0.0005130029169431404,unicycle
0.4131103892237843,9.740502890070976,2.975,0.0,0.0,0.00041876249091731313,0.11085586075488922,0.0002991366835211477,0.0,0.0,0.0,0.0005159721550205366,omni
0.41690715925384625,9.740516559079106,2.975,0.0,0.0,0.0004342936993323322,0.12655918383166506,0.00040165259485155,0.0,0.0,0.0,0.0005177069471672996,unicycle
0.42118466247039,9.740533466481724,2.975,0.0,0.0,0.00044991743675592665,0.14258367578030565,0.0005005431012474226,0.0,0.0,0.0,0.0005207912474531485,omni
0.42592403199870477,9.740553638419561,2.975,0.0,0.0,0.00046559720996948645,0.15797927552224567,0.0006000818229991206,0.0,0.0,0.0,0.0005226591071186574,unicycle
0.4311096185133147,9.740576841184811,2.975,0.0,0.0,0.00048137600924187305,0.17285323065282532,0.0006915818987782317,0.0,0.0,0.0,0.0005259599757462213,omni
0.4367062445444203,9.740603013611903,2.975,0.0,0.0,0.0004972178976957613,0.1865546055768044,0.0007811337333574349,0.0,0.0,0.0,0.0005280629484629379,unicycle
0.44268859310130865,9.740631867984355,2.975,0.0,0.0,0.0005131684439984056,0.19941207901917044,0.0008610709087265354,0.0,0.0,0.0,0.0005316848767548167,omni
0.44901666433522847,9.740663322235706,2.975,0.0,0.0,0.0005291920543014936,0.210936225595932,0.0009385393829039007,0.0,0.0,0.0,0.0005341203434362663,unicycle
0.45566378661657425,9.740697082187461,2.975,0.0,0.0,0.0005453366315294931,0.22157131533598937,0.0010062895090316624,0.0,0.0,0.0,0.0005381525742666484,omni
0.46259102431259685,9.740733078295971,2.975,0.0,0.0,0.0005615665287285122,0.23090855190881215,0.0010720737514422446,0.0,0.0,0.0,0.0005409965733006377,unicycle
0.46977439746013094,9.740771032439103,2.975,0.0,0.0,0.0005779315508011952,0.23944645353460267,0.0011287139080317435,0.0,0.0,0.0,0.0005455007357560925,omni
0.47717869770248317,9.740810901986032,2.975,0.0,0.0,0.000594395525712562,0.24681074468320144,0.0011843136500454404,0.0,0.0,0.0,0.0005487991637122274,unicycle
0.4847842714149863,9.740852433269929,2.975,0.0,0.0,0.0006110096679652152,0.2535199120745974,0.0012315792534300946,0.0,0.0,0.0,0.0005538047417551049,omni
0.4925605179370835,9.740895614508588,2.975,0.0,0.0,0.0006277368253015881,0.2592090591971926,0.001278827720995229,0.0,0.0,0.0,0.0005575719112124343,unicycle
0.5004924467398769,9.740940217398009,2.975,0.0,0.0,0.0006446291597666746,0.2643985191115159,0.0013185574177659355,0.0,0.0,0.0,0.00056307781550288,omni
0.5085540186464179,9.740986259628123,2.975,0.0,0.0,0.0006616481588616742,0.2687200086367737,0.0013592298800389588,0.0,0.0,0.0,0.00056729996983332,unicycle
0.5167345987154712,9.741033535583679,2.975,0.0,0.0,0.0006788465504101593,0.2726869972749584,0.0013930977732807739,0.0,0.0,0.0,0.0005732797182828247,omni
0.5250122317161217,9.741082088716995,2.975,0.0,0.0,0.0006961841828084744,0.2759221475150623,0.0014287374134700607,0.0,0.0,0.0,0.0005779210799438392,unicycle
0.5333800584129635,9.741131732061865,2.975,0.0,0.0,0.0007137140666593964,0.27892865379231013,0.001458148030623049,0.0,0.0,0.0,0.0005843294616973999,omni
0.5418195747793375,9.741182530435681,2.975,0.0,0.0,0.0007313942363516002,0.2813183622662092,0.0014900117833708082,0.0,0.0,0.0,0.0005893389897401306,unicycle
0.5503270472060431,9.741234311300097,2.975,0.0,0.0,0.0007492777990017604,0.28358361435308743,0.0015160820847719481,0.0,0.0,0.0,0.0005961187550053478,omni
0.5588867803365639,9.74128715659687,2.975,0.0,0.0,0.0007673208929796918,0.2853256914062484,0.0015451480722396631,0.0,0.0,0.0,0.0006014364659310471,unicycle
0.5674975480402711,9.74134090438617,2.975,0.0,0.0,0.0007855766191610833,0.2870268946876185,0.001568731796579647,0.0,0.0,0.0,0.0006085242060463858,omni
0.5761458806931243,9.741395650027862,2.975,0.0,0.0,0.0008039992131861733,0.2882791144207418,0.0015957344945947043,0.0,0.0,0.0,0.0006140864675029988,unicycle
0.584832518284562,9.741451238968526,2.975,0.0,0.0,0.0008226417326770053,0.289555997670644,0.0016174634287708044,0.0,0.0,0.0,0.000621417316361071,omni
0.593545720271358,9.741507776933002,2.975,0.0,0.0,0.0008414565599785936,0.2904415337728093,0.0016429377822591135,0.0,0.0,0.0,0.0006271609100529463,unicycle
0.6022877416241394,9.741565114197428,2.975,0.0,0.0,0.0008604967200615242,0.2914022326754644,0.0016632662868957333,0.0,0.0,0.0,0.0006346720027643481,omni
0.6110481644492924,9.741623364436055,2.975,0.0,0.0,0.0008797128297511746,0.2920156730970597,0.001687591060361363,0.0,0.0,0.0,0.0006405369896550149,unicycle
0.6198303950829259,9.741682380799075,2.975,0.0,0.0,0.0008991579233898633,0.2927426550405224,0.0017068371365234738,0.0,0.0,0.0,0.0006481697879562934,omni
0.6286250149062736,9.74174228305532,2.975,0.0,0.0,0.0009187809633732425,0.29315568798776026,0.001730273063846456,0.0,0.0,0.0,0.0006541013327793052,unicycle
0.6374362955143144,9.741802925783633,2.975,0.0,0.0,0.0009386350535960982,0.2937111042568876,0.0017486532157120732,0.0,0.0,0.0,0.0006618030074285279,omni
0.6462555655752505,9.741864433456064,2.975,0.0,0.0,0.0009586676246295833,0.2939774814002279,0.0017713744551737078,0.0,0.0,0.0,0.0006677523677828317,unicycle
0.655087740889326,9.741926661045904,2.975,0.0,0.0,0.0009789319181196022,0.29440771518239,0.001789031751759934,0.0,0.0,0.0,0.000675476449667294,omni
0.6639247041875517,9.741989736704129,2.975,0.0,0.0,0.0009993739582421887,0.29456737888986617,0.0018111506861126076,0.0,0.0,0.0,0.0006814013374195575,unicycle
0.67277184711453,9.74205351508366,2.975,0.0,0.0,0.0010200471933447639,0.2949067604976716,0.0018281764920163178,0.0,0.0,0.0,0.0006891078367524943,omni
0.6816214601931698,9.742118127271622,2.975,0.0,0.0,0.0010408963634703176,0.2949891653748813,0.0018497626248354714,0.0,0.0,0.0,0.0006949723375184626,unicycle
0.6904792841640435,9.742183427126527,2.975,0.0,0.0,0.0010619751885234635,0.29526292444635793,0.0018662129169002848,0.0,0.0,0.0,0.0007026275017715317,omni
0.6993379077763002,9.742249548139192,2.975,0.0,0.0,0.0010832272397029192,0.2952896479361202,0.0018873068670865094,0.0,0.0,0.0,0.0007084017059818539,unicycle
0.7082033263598382,9.74231634307663,2.975,0.0,0.0,0.0011047065662955831,0.2955162116746717,0.0019032141631026272,0.0,0.0,0.0,0.000715977553088794,omni
0.7170683455407243,9.742383947454464,2.975,0.0,0.0,0.0011263556768373205,0.2955029693324597,0.001923837767691631,0.0,0.0,0.0,0.0007216370180579165,unicycle
0.7259391453430624,9.742452212778067,2.975,0.0,0.0,0.0011482289992846765,0.2956957234410589,0.00193921963277057,0.0,0.0,0.0,0.0007291107482451982,omni
0.7348086883237381,9.742521276318763,2.975,0.0,0.0,0.0011702680756651748,0.29565390276490583,0.0019593830622597896,0.0,0.0,0.0,0.0007346358793499381,unicycle
0.7436832878685313,9.742590988239119,2.975,0.0,0.0,0.0011925277528610292,0.295822523644382,0.001974248025184309,0.0,0.0,0.0,0.0007419892398618294,omni
0.7525560195783393,9.742661487373939,2.975,0.0,0.0,0.00121494869243499,0.29576033814154945,0.0019939546675600784,0.0,0.0,0.0,0.0007473646524653495,unicycle
0.7614332927300971,9.74273262252252,2.975,0.0,0.0,0.0012375861916040568,0.2959117902707977,0.002008306226287455,0.0,0.0,0.0,0.0007545833056355714,omni
0.770308264022427,9.742804533943648,2.975,0.0,0.0,0.0012603801078530286,0.295835139545256,0.0020275559441213864,0.0,0.0,0.0,0.0007597972082990566,unicycle
0.7791874114183658,9.74287706909313,2.975,0.0,0.0,0.0012833862119005994,0.29597441568353755,0.0020413951936953797,0.0,0.0,0.0,0.0007668701349190316,omni
0.7880639495776715,9.742950369549531,2.975,0.0,0.0,0.0013065436246534003,0.2958875212771046,0.002060186421420614,0.0,0.0,0.0,0.0007719137584267019,unicycle
0.796944405492125,9.743024281470582,2.975,0.0,0.0,0.0013299086060921182,0.2960181877126572,0.002073513710708851,0.0,0.0,0.0,0.0007788327146239442,omni
0.8058220351025303,9.743098947673484,2.975,0.0,0.0,0.0013534196000834365,0.2959240599133532,0.0020918447435358525,0.0,0.0,0.0,0.0007836997997106106,unicycle
0.8147034002869795,9.74317421307877,2.975,0.0,0.0,0.0013771333651571977,0.2960486555123827,0.0021046606629889384,0.0,0.0,0.0,0.0007904588357920356,omni
0.8235817862915067,9.74325022167569,2.975,0.0,0.0,0.001400987720688696,0.29594943399576945,0.002122530395882065,0.0,0.0,0.0,0.0007951451843832777,unicycle
0.8324637797456123,9.743326817216998,2.975,0.0,0.0,0.0014250399275134316,0.29606976059713164,0.0021348363161608807,0.0,0.0,0.0,0.0008017402274911804,omni
0.8413426866346171,9.743404144806245,2.975,0.0,0.0,0.0014492272270217933,0.2959669616740451,0.002152244618931623,0.0,0.0,0.0,0.0008062433169453891,unicycle
0.8502251111024522,9.743482047101745,2.975,0.0,0.0,0.0014736073814765886,0.2960842943500629,0.0021640429370826395,0.0,0.0,0.0,0.0008126718151598341,omni
0.8591043737679745,9.743560670268685,2.975,0.0,0.0,0.0014981170956286205,0.29597898957131974,0.0021809907968467117,0.0,0.0,0.0,0.0008169904717344019,unicycle
0.8679870911389086,9.743639855945247,2.975,0.0,0.0,0.0015228146284723182,0.29609422817953196,0.0021922849994136014,0.0,0.0,0.0,0.0008232510947899107,omni
0.8768665941294812,9.743719751308268,2.975,0.0,0.0,0.001547636185095101,0.2959871728006551,0.002208774521067002,0.0,0.0,0.0,0.0008273852207594342,unicycle
0.8857495079566281,9.743800197049229,2.975,0.0,0.0,0.0015726405134343267,0.2961009507722776,0.0022195691388569045,0.0,0.0,0.0,0.000833477611307514,omni
0.8946291707569048,9.743881341307862,2.975,0.0,0.0,0.0015977633522158057,0.295992675793219,0.002235603464757786,0.0,0.0,0.0,0.0008374279593826358,unicycle
0.903512213870739,9.743963023900465,2.975,0.0,0.0,0.0016230639280655113,0.2961054379331155,0.002245903969048903,0.0,0.0,0.0,0.0008433525283235122,omni
0.9123919804863011,9.744045393881299,2.975,0.0,0.0,0.0016484775435727055,0.2959963158049389,0.002261487158100509,0.0,0.0,0.0,0.0008471205169064766,unicycle
0.9212751062428797,9.744128290260516,2.975,0.0,0.0,0.0016740638918657435,0.296108373739064,0.0022712998304839087,0.0,0.0,0.0,0.0008528782764345967,omni
0.9301549378510335,9.744211862958531,2.975,0.0,0.0,0.0016997578670521762,0.2959986651166683,0.0022864367221401703,0.0,0.0,0.0,0.0008564658395477466,unicycle
0.9390381139645256,9.744295950245673,2.975,0.0,0.0,0.0017256196150918942,0.296110236683333,0.0022957685180087675,0.0,0.0,0.0,0.0008620582679905904,omni
0.947917983741753,9.744380702859965,2.975,0.0,0.0,0.0017515836471192624,0.2960001235896626,0.0023104645966701633,0.0,0.0,0.0,0.0008654677342456073,unicycle
0.9568011879489331,9.744465958395509,2.975,0.0,0.0,0.001777710547140494,0.29611136074114175,0.0023193230141125573,0.0,0.0,0.0,0.0008708966673743815,omni
0.9656810774391106,9.744551868359205,2.975,0.0,0.0,0.001803934467030211,0.29600097002488196,0.002333584282643492,0.0,0.0,0.0,0.0008741306629905599,unicycle
0.9745642944588262,9.744638269729894,2.975,0.0,0.0,0.0018303164132445163,0.2961119785357752,0.0023419772430379156,0.0,0.0,0.0,0.0008793982071435159,omni
0.9834441910291116,9.744725314734518,2.975,0.0,0.0,0.0018567902006052374,0.29600139841872797,0.0023558101097420165,0.0,0.0,0.0,0.0008824595786906979,unicycle
0.9923274104347034,9.744812839795136,2.975,0.0,0.0,0.0018834172418565702,0.29611225177056877,0.002363745852837946,0.0,0.0,0.0,0.0008875680417110999,omni
1.0012073054972437,9.744900997809934,2.975,0.0,0.0,0.0019101310357035074,0.2960015434906846,0.0023771570334566567,0.0,0.0,0.0,0.0008904597948979189,unicycle
1.0100905202309773,9.74498962470035,2.975,0.0,0.0,0.0019369933846488268,0.2961122926294576,0.0023846440275666556,0.0,0.0,0.0,0.0008954116315106246,omni
1.0189704080025102,9.74507887398719,2.975,0.0,0.0,0.001963937491136791,0.2960014986132925,0.002397640462199915,0.0,0.0,0.0,0.0008981368829321334,unicycle
1.0278536133404053,9.745168581145316,2.975,0.0,0.0,0.001991025530689142,0.29611217879044105,0.002404687328863126,0.0,0.0,0.0,0.0009029346517450243,omni
1.0367334899787843,9.745258900269814,2.975,0.0,0.0,0.0020181904284201128,0.29600132837634274,0.0024172761127790234,0.0,0.0,0.0,0.0009054965910323401,unicycle
1.0456166828107014,9.745349666441063,2.975,0.0,0.0,0.0020454947160453924,0.2961119639342119,0.00242389156458998,0.0,0.0,0.0,0.0009101429208426548,omni
1.0544965458149518,9.745441034280537,2.975,0.0,0.0,0.002072871059478871,0.29600107737144665,0.002436079891434483,0.0,0.0,0.0,0.0009125447811159529,unicycle
1.063379724144853,9.745532838524422,2.975,0.0,0.0,0.002100382329817662,0.29611168508358743,0.002442272681442169,0.0,0.0,0.0,0.0009170423446263723,omni
1.0722595719390877,9.745625234273222,2.975,0.0,0.0,0.002127960951203981,0.2960007763208511,0.002454067797202642,0.0,0.0,0.0,0.0009192873795439743,unicycle
1.081142734538757,9.745718055967572,2.975,0.0,0.0,0.0021556701173925503,0.2961113677187597,0.0024598466782281723,0.0,0.0,0.0,0.0009236388729523252,omni
1.0900225661841059,9.745811459140278,2.975,0.0,0.0,0.0021834420275618515,0.29600044634458966,0.0024712558443244406,0.0,0.0,0.0,0.0009257303389767203,unicycle
1.0989057123535977,9.745905277983542,2.975,0.0,0.0,0.0022113401815479295,0.29611102933519273,0.002476629536622473,0.0,0.0,0.0,0.0009299384662025862,omni
1.1077855273490826,9.745999668416445,2.975,0.0,0.0,0.002239296569817225,0.2960001019255667,0.0024876600006176587,0.0,0.0,0.0,0.0009318796089765433,unicycle
1.1166686567512645,9.746094464428447,2.975,0.0,0.0,0.0022673749819032735,0.2961106819134798,0.002492637166453672,0.0,0.0,0.0,0.0009359470695349271,omni
1.1255484548963646,9.746189822279643,2.975,0.0,0.0,0.002295507215307794,0.29599975296593306,0.0025032961390425166,0.0,0.0,0.0,0.0009377411134840319,unicycle
1.134431567442795,9.746285575801112,2.975,0.0,0.0,0.0023237573331043333,0.29611033363066525,0.0025078853629340392,0.0,0.0,0.0,0.0009416705932179562,omni
1.1433113487427113,9.746381881549532,2.975,0.0,0.0,0.002352056955114667,0.2959994062106074,0.002518180000047593,0.0,0.0,0.0,0.0009433207336777936,unicycle
1.1521944445150243,9.746478573240697,2.975,0.0,0.0,0.0023804704020464235,0.29610999004383465,0.002522389773598832,0.0,0.0,0.0,0.0009471148977252276,omni
1.1610742091154551,9.746575807684264,2.975,0.0,0.0,0.0024089291308975673,0.29599906623094474,0.002532327162641426,0.0,0.0,0.0,0.0009486242950381139,unicycle
1.1699572883112541,9.746673418522668,2.975,0.0,0.0,0.002437497704373767,0.29610965490727914,0.0025361658730711435,0.0,0.0,0.0,0.0009522857825400001,omni
1.1788370364535203,9.746771562775812,2.975,0.0,0.0,0.0024661074311042776,0.2959987361032981,0.0025457530224693857,0.0,0.0,0.0,0.0009536575576836614,unicycle
1.1877200993491668,9.74687007405356,2.975,0.0,0.0,0.0024948231004396325,0.2961093307357311,0.0025492289440874243,0.0,0.0,0.0,0.000957188977845168,omni
1.196599831339355,9.74696910954422,2.975,0.0,0.0,0.0025235758867171326,0.2959984178763445,0.0025584727754763134,0.0,0.0,0.0,0.0009584262092500013,unicycle
1.2054828782643816,9.747068502864792,2.975,0.0,0.0,0.0025524307908706616,0.29610901919196186,0.0025615940634991334,0.0,0.0,0.0,0.0009618301384509699,omni
1.2143625944521272,9.74716841133105,2.975,0.0,0.0,0.002581318866662773,0.29599811289243844,0.002570501405995485,0.0,0.0,0.0,0.000962935859737046,unicycle
1.2232456257716395,9.747268668605784,2.975,0.0,0.0,0.002610305311846386,0.2961087213531173,0.0025732760922063487,0.0,0.0,0.0,0.0009662148394537578,omni
1.232125326535524,9.74736943209219,2.975,0.0,0.0,0.002639321072982707,0.2959978220082775,0.002581853678325527,0.0,0.0,0.0,0.0009671920378773984,unicycle
1.2410083426380816,9.74747053553652,2.975,0.0,0.0,0.002668431530179616,0.2961084378934864,0.002584289668181675,0.0,0.0,0.0,0.0009703485732302869,omni
1.2498880283755682,9.74757213639024,2.975,0.0,0.0,0.0026975675358399225,0.29599754574623954,0.00259254413104181,0.0,0.0,0.0,0.0009712001886768965,unicycle
1.2587710296648218,9.747674068519752,2.975,0.0,0.0,0.0027267946382637212,0.29610816920977917,0.002594649201911014,0.0,0.0,0.0,0.0009742367474599434,omni
1.2676507007853013,9.747776489386544,2.975,0.0,0.0,0.0027560436084193974,0.2959972843980677,0.0026025870734411754,0.0,0.0,0.0,0.0009749656718558815,unicycle
1.2765336876742004,9.747879233012927,2.975,0.0,0.0,0.0027853801489374683,0.2961079155069246,0.00260436887371524,0.0,0.0,0.0,0.000977884683935675,omni
1.285413344594161,9.747982456833045,2.975,0.0,0.0,0.0028147349617668885,0.2959970380958588,0.0026119965836429136,0.0,0.0,0.0,0.0009784937609806665,unicycle
1.294296317500924,9.748085995059943,2.975,0.0,0.0,0.0028441738903062412,0.29610767685679984,0.0026134626325286688,0.0,0.0,0.0,0.0009812976179784157,omni
1.3031759606405793,9.74819000506395,2.975,0.0,0.0,0.0028736275795999103,0.29599680686065183,0.0026207865079692543,0.0,0.0,0.0,0.0009817896431222983,unicycle
1.312058919985865,9.748294321282785,2.975,0.0,0.0,0.0029031620005492594,0.2961074532384318,0.002621944195799914,0.0,0.0,0.0,0.000984480698311642,omni
1.3209385497667767,9.74839910098735,2.975,0.0,0.0,0.0029327077531167514,0.29599659063569694,0.002628970461309041,0.0,0.0,0.0,0.0009848584189163948,unicycle
1.32982149597168,9.74850417887311,2.975,0.0,0.0,0.002962330922735306,0.2961072445655358,0.0026298270502529237,0.0,0.0,0.0,0.0009874389872851646,omni
1.3387011128150639,9.748609712076794,2.975,0.0,0.0,0.0029919620758231103,0.29599638930926214,0.0026365618282326144,0.0,0.0,0.0,0.0009877051029268,unicycle
1.34758404629968,9.74871553558383,2.975,0.0,0.0,0.0030216673996639938,0.29610705070541343,0.002637124453303011,0.0,0.0,0.0,0.0009901774613627987,omni
1.3564636506251795,9.748821806362871,2.975,0.0,0.0,0.0030513774383911373,0.29599620273030436,0.0026435737646765267,0.0,0.0,0.0,0.0009903346242380931,unicycle
1.3653465718075515,9.748928359720699,2.975,0.0,0.0,0.0030811584687453807,0.2961068714919597,0.002643849434967614,0.0,0.0,0.0,0.0009927010118080996,omni
1.3742261640323348,9.749035352424821,2.975,0.0,0.0,0.0031109410235619565,0.2959960307192797,0.0026500192000568487,0.0,0.0,0.0,0.0009927518272191964,unicycle
1.3831090733276747,9.749142620133943,2.975,0.0,0.0,0.003140791456927482,0.29610670673465944,0.0026500148001476465,0.0,0.0,0.0,0.0009950144455175133,omni
1.3919886538657549,9.74925031938219,2.975,0.0,0.0,0.0031706403010998917,0.2959958730756453,0.0026559108397016607,0.0,0.0,0.0,0.0009949614724136756,unicycle
1.4008715516858483,9.749358286209963,2.975,0.0,0.0,0.003200553975678753,0.2961065562248564,0.002655633131182726,0.0,0.0,0.0,0.000997122485962048,omni
1.4097511209477183,9.74946667688139,2.975,0.0,0.0,0.0032304630228044344,0.29599572958780335,0.0026612609949393613,0.0,0.0,0.0,0.0009969682375227083,unicycle
1.4186340077008612,9.74957532784477,2.975,0.0,0.0,0.003260433914083549,0.2961064197520733,0.0026607163525994536,0.0,0.0,0.0,0.0009990297093038112,omni
1.4275135660931628,9.749684395071617,2.975,0.0,0.0,0.003290397210695377,0.2959956000345826,0.002666081668480716,0.0,0.0,0.0,0.0009987765537276046,unicycle
1.4363964421832403,9.749793715451256,2.975,0.0,0.0,0.0033204194279927825,0.2961062970787558,0.002665276779295524,0.0,0.0,0.0,0.0010007405765801748,omni
1.4452759901079313,9.74990344463142,2.975,0.0,0.0,0.003350431157994655,0.2959954841704738,0.002670385199074734,0.0,0.0,0.0,0.0010003910000624069,unicycle
1.4541588559340761,9.750013419968933,2.975,0.0,0.0,0.003380498948281324,0.2961061879579094,0.0026693265543947823,0.0,0.0,0.0,0.0010022596762222773,omni
1.4630383937882758,9.7501237967579,2.975,0.0,0.0,0.0034105534310374997,0.2959953817463077,0.0026741835758056923,0.0,0.0,0.0,0.0010018160918725256,unicycle
1.4719212497447096,9.750234412848817,2.975,0.0,0.0,0.0034406611750174253,0.29610609213879,0.0026728775055766723,0.0,0.0,0.0,0.0010035914659975507,omni
1.4808007779205394,9.750345423153382,2.975,0.0,0.0,0.003470752861817094,0.295995292509172,0.002677488498928661,0.0,0.0,0.0,0.0010030562266555927,unicycle
1.489683624396413,9.75045666604145,2.975,0.0,0.0,0.003500895070691552,0.2961060093669875,0.0026759411930363983,0.0,0.0,0.0,0.0010047402958152723,omni
1.4985631432808386,9.750568296014494,2.975,0.0,0.0,0.003531018541753882,0.29599521620261626,0.0026803114177278427,0.0,0.0,0.0,0.0010041157020777092,unicycle
1.5074459806600786,9.750680151986865,2.975,0.0,0.0,0.0035611898544131056,0.2961059393847176,0.002678528939426574,0.0,0.0,0.0,0.0010057104219741053,omni
1.516325490634761,9.750792388022807,2.975,0.0,0.0,0.0035913398162308596,0.2959951525670077,0.0026826635542670663,0.0,0.0,0.0,0.0010049987272585056,unicycle
1.5252083192959263,9.750904843605701,2.975,0.0,0.0,0.0036215349967145816,0.29610588193122034,0.0026806518487693955,0.0,0.0,0.0,0.0010065060161240469,omni
1.5340878207370836,9.751017672336355,2.975,0.0,0.0,0.0036517062796119575,0.29599510133995643,0.0026845559185336093,0.0,0.0,0.0,0.0010057094299125223,unicycle
1.542970641053233,9.751130714291081,2.975,0.0,0.0,0.003681920214741555,0.2961058367432009,0.002682320818665018,0.0,0.0,0.0,0.001007131170986607,omni
1.5518501343315154,9.751244122581772,2.975,0.0,0.0,0.0037121077705703476,0.295995062256765,0.0026859993183728616,0.0,0.0,0.0,0.0010062518609597615,unicycle
1.5607329466700892,9.751357737900934,2.975,0.0,0.0,0.003742335467693468,0.296105803555281,0.0026835465484620225,0.0,0.0,0.0,0.001007589904103998,omni
1.569612432150467,9.751471712846772,2.975,0.0,0.0,0.0037725343676216216,0.29599503505087743,0.002687004366301879,0.0,0.0,0.0,0.0010066299976051202,unicycle
1.5784952368731808,9.751585888750611,2.975,0.0,0.0,0.0038027709524337,0.2961057821004415,0.0026843395450224863,0.0,0.0,0.0,0.0010078861604026095,omni
1.5873747149148432,9.751700417672888,2.975,0.0,0.0,0.0038329763847987784,0.29599501945431367,0.002687581484476174,0.0,0.0,0.0,0.0010068477455026338,unicycle
1.596257512377594,9.75181514160572,2.975,0.0,0.0,0.003863217099220369,0.29610577211044636,0.002684710127074976,0.0,0.0,0.0,0.0010080238140530062,omni
1.605136983333862,9.75193021204836,2.975,0.0,0.0,0.003893424367431812,0.2959950151980826,0.002687740908581427,0.0,0.0,0.0,0.001006908940381432,unicycle
1.6140197738866464,9.752045471675087,2.975,0.0,0.0,0.003923664567529408,0.2961057733162444,0.002684668428752769,0.0,0.0,0.0,0.001008006669919876,omni
1.6228992381048974,9.752161071401197,2.975,0.0,0.0,0.003953869088010232,0.2959950220125724,0.0026874926911116637,0.0,0.0,0.0,0.0010068173493608334,unicycle
1.6317820220917416,9.75227685460386,2.975,0.0,0.0,0.0039841042419535705,0.296105785448347,0.002684224402673453,0.0,0.0,0.0,0.0010078384647779512,omni
1.6406614799133428,9.752392971592293,2.975,0.0,0.0,0.004014301542116291,0.2959950396279163,0.002686846704306567,0.0,0.0,0.0,0.001006576672090685,unicycle
1.6495442576722412,9.752509266466692,2.975,0.0,0.0,0.00404452722816824,0.29610580823718186,0.0026833878227666705,0.0,0.0,0.0,0.001007522868398291,omni
1.6584237094324963,9.752625888908682,2.975,0.0,0.0,0.004074712944422125,0.2959950677743347,0.002685812642904674,0.0,0.0,0.0,0.0010061905417962035,unicycle
1.6673064812953637,9.752742683761024,2.975,0.0,0.0,0.00410492484895908,0.29610584141342366,0.0026821682869689716,0.0,0.0,0.0,0.0010070634845651223,omni
1.6761859273234665,9.752859800056859,2.975,0.0,0.0,0.004135094724747274,0.29599510618245534,0.002684400026801226,0.0,0.0,0.0,0.0010056625262731347,unicycle
1.6850686936160961,9.752977083400454,2.975,0.0,0.0,0.004165288640308995,0.29610588470830285,0.002680575219850534,0.0,0.0,0.0,0.0010064638520573626,omni
1.6939481342350955,9.753094682156187,2.975,0.0,0.0,0.004195438524174732,0.29599515458361103,0.002682618203657622,0.0,0.0,0.0,0.0010049961288579126,unicycle
1.702830895277128,9.753212442708213,2.975,0.0,0.0,0.004225610347543114,0.29610593785389344,0.0026786178752076367,0.0,0.0,0.0,0.001005727445612721,omni
1.7117103308039012,9.753330512732424,2.975,0.0,0.0,0.004255736191224691,0.29599521271011825,0.0026804763514862795,0.0,0.0,0.0,0.0010041947893858932,unicycle
1.7205930869088017,9.753448739410686,2.975,0.0,0.0,0.004285881921531194,0.29610600058338155,0.0026763053386369383,0.0,0.0,0.0,0.0010048576768834443,omni
1.7294725176540335,9.753567269711287,2.975,0.0,0.0,0.004315979778085497,0.29599528029553634,0.002677983481220716,0.0,0.0,0.0,0.0010032618851434434,unicycle
1.738355269129076,9.753685951631065,2.975,0.0,0.0,0.004346095514947118,0.2961060726313157,0.0026736465300964112,0.0,0.0,0.0,0.0010038578953873614,omni
1.747234695397249,9.753804931412143,2.975,0.0,0.0,0.004376161536901606,0.2959953570749092,0.0026751484392732268,0.0,0.0,0.0,0.001002200731816233,unicycle
1.756117442543509,9.75392405788306,2.975,0.0,0.0,0.004406243478585264,0.29610615373383964,0.002670650206454531,0.0,0.0,0.0,0.0010027313894553033,omni
1.7649968646328986,9.754043476541769,2.975,0.0,0.0,0.0044362739161182725,0.2959954427849899,0.002671979910079959,0.0,0.0,0.0,0.0010010145844336353,unicycle
1.7738796077452519,9.754163037064702,2.975,0.0,0.0,0.004466318357733501,0.296106243628909,0.002667324964025146,0.0,0.0,0.0,0.0010014813871742625,omni
1.782759025947928,9.754282884188195,2.975,0.0,0.0,0.0044963095568827565,0.2959955371644497,0.002668486418630057,0.0,0.0,0.0,0.0009997066383084696,unicycle
1.7916417653150556,9.754402868452248,2.975,0.0,0.0,0.0045263128886025164,0.2961063420564928,0.002663679241085061,0.0,0.0,0.0,0.0010001110573253234,omni
1.8005211799168923,9.754523133814653,2.975,0.0,0.0,0.004556261289501644,0.2959956399540724,0.002664676332976041,0.0,0.0,0.0,0.0009982800299708976,unicycle
1.8094039158212931,9.754643531694155,2.975,0.0,0.0,0.004586219994811096,0.29610644875876,0.0026597213203714437,0.0,0.0,0.0,0.0009986235103150666,omni
1.8182833271019836,9.754764205253606,2.975,0.0,0.0,0.004616122129953949,0.2959957508969341,0.002660557866722362,0.0,0.0,0.0,0.0009967378380951414,unicycle
1.8271660598199917,9.754885006805159,2.975,0.0,0.0,0.004646032783926923,0.2961065634802533,0.0026554593315557986,0.0,0.0,0.0,0.000997021799099129,omni
1.8360454680530678,9.75500607870085,2.975,0.0,0.0,0.0046758852764594554,0.29599586973857006,0.002656139081489019,0.0,0.0,0.0,0.0009950830844177518,unicycle
1.8449281978548746,9.755127274160424,2.975,0.0,0.0,0.004705744544062358,0.2961066859680489,0.0026509012536917584,0.0,0.0,0.0,0.0009953089200967883,omni
1.8538076033077322,9.75524873470972,2.975,0.0,0.0,0.004735544106101753,0.2959959962271288,0.002651427889348145,0.0,0.0,0.0,0.0009933187346464908,unicycle
1.8626903304574156,9.755370314489785,2.975,0.0,0.0,0.004765348740524625,0.2961068159719044,0.0026460549176353675,0.0,0.0,0.0,0.0009934878140957755,omni
1.8715697333913455,9.755492154185378,2.975,0.0,0.0,0.004795092171505398,0.29599613011351394,0.0026464320552320635,0.0,0.0,0.0,0.000991447699359124,unicycle
1.8804524581469009,9.755614108872072,2.975,0.0,0.0,0.004824839012519796,0.29610695324439523,0.0026409280084356613,0.0,0.0,0.0,0.0009915613671465794,omni
1.8893318588171235,9.755736318379162,2.975,0.0,0.0,0.0048545231975665355,0.295996271151515,0.0026411591993108726,0.0,0.0,0.0,0.0009894728348912977,unicycle
1.8982145814305023,9.755858638729526,2.975,0.0,0.0,0.004884209169909903,0.29610709754103975,0.0026355280676944046,0.0,0.0,0.0,0.0009895324114455961,omni
1.907093980086207,9.755981208883066,2.975,0.0,0.0,0.004913831078236296,0.2959964190979274,0.002635616799338935,0.0,0.0,0.0,0.0009873969442131712,unicycle
1.9159767008033568,9.75610388582229,2.975,0.0,0.0,0.004943453190022502,0.2961072486204141,0.00262986249589467,0.0,0.0,0.0,0.000987403726206848,omni
1.9248560976877451,9.756226807624257,2.975,0.0,0.0,0.004973009873356335,0.29599657371266197,0.0026298121929696425,0.0,0.0,0.0,0.0009852227777944313,unicycle
1.9337388167486553,9.75634983224298,2.975,0.0,0.0,0.005002565214511995,0.29610740624425624,0.002623938554696988,0.0,0.0,0.0,0.0009851780385219363,omni
1.9426182120989874,9.756473096859688,2.975,0.0,0.0,0.005032053805545718,0.29599673475884447,0.0026237525800375484,0.0,0.0,0.0,0.0009829530344574594,unicycle
1.9515009297377377,9.756596460411354,2.975,0.0,0.0,0.005061539546271958,0.29610757017756156,0.0026177633692030704,0.0,0.0,0.0,0.000982858024208058,omni
1.9603803237853836,9.756720059170819,2.975,0.0,0.0,0.005090957257138515,0.2959969020029065,0.0026174450248080865,0.0,0.0,0.0,0.0009805903622185311,unicycle
1.969263040230196,9.75684375306904,2.975,0.0,0.0,0.005120370646397834,0.2961077401886686,0.002611343930187155,0.0,0.0,0.0,0.000980446308643979,omni
1.9781424332006885,9.756967677458368,2.975,0.0,0.0,0.005149714767171342,0.29599707521466706,0.002610896458194636,0.0,0.0,0.0,0.0009781373591168973,unicycle
1.9870251486739814,9.757091693274356,2.975,0.0,0.0,0.005179053131199157,0.2961079160493368,0.0026046870962943306,0.0,0.0,0.0,0.000977945467593879,omni
1.9959045407870721,9.757215934937184,2.975,0.0,0.0,0.005208321028420111,0.29599725416740597,0.0026041136799426962,0.0,0.0,0.0,0.0009755965740318297,unicycle
2.0047872555055197,9.757340264397202,2.975,0.0,0.0,0.005237581769260686,0.2961080975348155,0.002597799596206558,0.0,0.0,0.0,0.0009753580280191667,omni
2.01366664697524,9.757464815131168,2.975,0.0,0.0,0.0052667708844853145,0.2959974386379288,0.002597103360781799,0.0,0.0,0.0,0.000972970507487616,unicycle
2.0225493611498315,9.757589450114033,2.975,0.0,0.0,0.005295951478551663,0.2961082844239056,0.0025906880307762035,0.0,0.0,0.0,0.0009726864688782879,omni
2.0314287521845533,9.75771430186829,2.975,0.0,0.0,0.005325059326925063,0.2959976284066257,0.0025898720445450404,0.0,0.0,0.0,0.0009702616124466811,unicycle
2.0403114660206567,9.757839234402907,2.975,0.0,0.0,0.005354157323582503,0.2961084764990141,0.002583358875127635,0.0,0.0,0.0,0.0009699332219146427,omni
2.0491908568231554,9.757964379275673,2.975,0.0,0.0,0.005383181492435225,0.2959978232575211,0.0025824261502567845,0.0,0.0,0.0,0.0009674722950907451,unicycle
2.0580735705205826,9.758089601538602,2.975,0.0,0.0,0.005412194512608204,0.29610867354620096,0.002575818480726995,0.0,0.0,0.0,0.0009671006724325943,omni
2.0669529612881057,9.758215031774744,2.975,0.0,0.0,0.005441132660075913,0.2959980229783182,0.00257477197418859,0.0,0.0,0.0,0.0009646049155902468,unicycle
2.0758356750411777,9.758340536087816,2.975,0.0,0.0,0.0054700583948777675,0.2961088753552199,0.0025680730774203797,0.0,0.0,0.0,0.0009641911600618132,omni
2.0847150659655114,9.758466244076478,2.975,0.0,0.0,0.005498908248543632,0.29599822736043624,0.0025669156918838257,0.0,0.0,0.0,0.0009616617888621458,unicycle
2.093597779963131,9.758592022904436,2.975,0.0,0.0,0.005527744457928934,0.296109081719553,0.0025601287754411384,0.0,0.0,0.0,0.0009612069795100487,omni
2.102477171230671,9.758718001176689,2.975,0.0,0.0,0.005556503813488422,0.29599843619904226,0.0025588633601514345,0.0,0.0,0.0,0.0009586451853162414,unicycle
2.1113598856563893,9.75884404712487,2.975,0.0,0.0,0.005585248324927555,0.29610929243643924,0.0025519915673862135,0.0,0.0,0.0,0.0009581503813044388,omni
2.1202392774482113,9.758970288351415,2.975,0.0,0.0,0.005613915044875256,0.2959986492930763,0.002550620919029044,0.0,0.0,0.0,0.0009555573315900481,unicycle
2.129121992480304,9.759096594163461,2.975,0.0,0.0,0.005642565752050901,0.2961095073068969,0.0025436673301624723,0.0,0.0,0.0,0.0009550235725215068,omni
2.1380013849722386,9.759223091152355,2.975,0.0,0.0,0.0056711377643890795,0.2959988664452717,0.0025421941937161453,0.0,0.0,0.0,0.0009524004112725906,unicycle
2.146884100783776,9.75934964970797,2.975,0.0,0.0,0.005699692625914262,0.29610972613574155,0.002535161826902948,0.0,0.0,0.0,0.000951828717506076,omni
2.15576349414648,9.759476395402386,2.975,0.0,0.0,0.005728167922882774,0.29599908746216996,0.0025335888964774073,0.0,0.0,0.0,0.0009491765656170088,unicycle
2.164646210905405,9.759603199715118,2.975,0.0,0.0,0.005756624961040147,0.29610994873159835,0.002526480708853745,0.0,0.0,0.0,0.0009485679385791242,omni
2.17352560530444,9.759730187191154,2.975,0.0,0.0,0.005785001597867419,0.29599931215413117,0.002524810628516787,0.0,0.0,0.0,0.0009458878942424115,unicycle
2.1824083231736418,9.759857230406206,2.975,0.0,0.0,0.005813358897369466,0.29611017490691005,0.002517629517231758,0.0,0.0,0.0,0.0009452433167348686,omni
2.1912877187695496,9.7599844528707,2.975,0.0,0.0,0.0058416349910442094,0.29599954033533926,0.002515864881822585,0.0,0.0,0.0,0.0009425364558247791,unicycle
2.2001704379069396,9.760111728262792,2.975,0.0,0.0,0.005869890697814019,0.29611040447794035,0.0025086136850536013,0.0,0.0,0.0,0.0009418568923270034,omni
2.209049834855317,9.760239179051197,2.975,0.0,0.0,0.005898064425877338,0.2959997718238033,0.0025067570409840994,0.0,0.0,0.0,0.0009391242687773313,unicycle
2.2179325554139093,9.760366680022447,2.975,0.0,0.0,0.005926216745849674,0.2961106372647727,0.00249943853893669,0.0,0.0,0.0,0.0009384106657445141,omni
2.2268119538654907,9.760494352596725,2.975,0.0,0.0,0.0059542863452072894,0.2960000064413546,0.002497492384980454,0.0,0.0,0.0,0.0009356533119204859,unicycle
2.235694675993479,9.760622072674552,2.975,0.0,0.0,0.005982333543149603,0.29611087309130624,0.0024901093008722923,0.0,0.0,0.0,0.0009349065980770892,omni
2.2445740760942106,9.760749960621096,2.975,0.0,0.0,0.006010297308903846,0.2960002440136399,0.0024880760889414615,0.0,0.0,0.0,0.0009321255251414593,unicycle
2.2534567999350457,9.760877893456186,2.975,0.0,0.0,0.006038237707256953,0.29611111178524613,0.0024806310899709353,0.0,0.0,0.0,0.0009313466117702603,omni
2.2623362018261677,9.761005990483788,2.975,0.0,0.0,0.006066093991558264,0.2960004843701109,0.0024785132258813266,0.0,0.0,0.0,0.0009285428100437337,unicycle
2.271218927518639,9.76113412984806,2.975,0.0,0.0,0.006093925969296379,0.29611135317809245,0.0024710089241812964,0.0,0.0,0.0,0.0009277325912704889,omni
2.2800983313367635,9.761262429785896,2.975,0.0,0.0,0.006121673180213976,0.2960007273440106,0.002468808768405783,0.0,0.0,0.0,0.0009249070305865464,unicycle
2.2889810590150774,9.761390769570513,2.975,0.0,0.0,0.006149395171723785,0.2961115971051243,0.00246124772198217,0.0,0.0,0.0,0.0009240663836603119,omni
2.297860464892269,9.761519266366166,2.975,0.0,0.0,0.006177031772135219,0.29600097277235626,0.0024589675903924912,0.0,0.0,0.0,0.0009212200137144877,unicycle
2.3067431946861285,9.761647800579576,2.975,0.0,0.0,0.006204642266113728,0.2961118434053815,0.002451352304048268,0.0,0.0,0.0,0.0009203497992836582,omni
2.315622602749984,9.761776488297091,2.975,0.0,0.0,0.00623216677261305,0.29600122049591954,0.002448994468645561,0.0,0.0,0.0,0.000917483549977365,unicycle
2.3245053347846696,9.761905211063096,2.975,0.0,0.0,0.006259664310983896,0.29611209192164323,0.0024413273948903644,0.0,0.0,0.0,0.0009165846123615512,omni
2.3333847451583996,9.762034083881053,2.975,0.0,0.0,0.006287075292808113,0.2960014703592034,0.002438894084524467,0.0,0.0,0.0,0.0009136993941406187,unicycle
2.3422674795548497,9.762162989436913,2.975,0.0,0.0,0.006314458469656064,0.2961123425004042,0.0024311776244698357,0.0,0.0,0.0,0.0009127725615983469,omni
2.3511468923573573,9.762292041646543,2.975,0.0,0.0,0.006341754547629648,0.2960017222104173,0.002428671025547564,0.0,0.0,0.0,0.0009098692657861778,unicycle
2.3600296292322485,9.762421124341088,2.975,0.0,0.0,0.006369022008153003,0.2961125949918477,0.002420907529788246,0.0,0.0,0.0,0.0009089153507784533,omni
2.368909044578209,9.762550350344405,2.975,0.0,0.0,0.006396201853650122,0.29600197590144883,0.002418329786970818,0.0,0.0,0.0,0.0009059948499039571,unicycle
2.377791784044034,9.762679604636212,2.975,0.0,0.0,0.006423352293130739,0.29611284924981673,0.002410521556452172,0.0,0.0,0.0,0.0009050146493539195,omni
2.3866712020439773,9.762808998944195,2.975,0.0,0.0,0.006450414627054974,0.2960022312878336,0.0024078747733420067,0.0,0.0,0.0,0.0009020777974745049,unicycle
2.3955539442091274,9.762938419399756,2.975,0.0,0.0,0.006477446789845665,0.296113105131783,0.002400024060213986,0.0,0.0,0.0,0.0009010720930230514,omni
2.404433364969516,9.763067976630525,2.975,0.0,0.0,0.006504390381626936,0.29600248822872344,0.002397310300030909,0.0,0.0,0.0,0.0008981197260423538,unicycle
2.413316109938359,9.763197557922465,2.975,0.0,0.0,0.006531303060155932,0.29611336249881376,0.0023894193084884117,0.0,0.0,0.0,0.0008970892842998391,omni
2.422195533561669,9.763327272799524,2.975,0.0,0.0,0.006558126726764349,0.2960027465868519,0.0023866405947354785,0.0,0.0,0.0,0.0008941222202805749,unicycle
2.43107828143463,9.763457009704831,2.975,0.0,0.0,0.006584918758643423,0.29611362121553675,0.0023787114818456362,0.0,0.0,0.0,0.0008930677293024127,omni
2.439957708019583,9.763586877050168,2.975,0.0,0.0,0.006611621358764169,0.2960030062324888,0.0023758696292646864,0.0,0.0,0.0,0.0008900866706915766,unicycle
2.4488404588936152,9.763716764435475,2.975,0.0,0.0,0.006638291624844372,0.2961138811602311,0.002367904244779803,0.0,0.0,0.0,0.0008890088693400539,omni
2.457719888535339,9.763846779165206,2.975,0.0,0.0,0.00666487206469734,0.2960032670414396,0.0023650012036581384,0.0,0.0,0.0,0.0008860146617655948,unicycle
2.4666026425034557,9.763976812003134,2.975,0.0,0.0,0.006691419494261336,0.2961141422004816,0.002357001778791691,0.0,0.0,0.0,0.0008849143187999167,omni
2.4754820752930664,9.764106969142185,2.975,0.0,0.0,0.0067178767271111745,0.29600352888014075,0.0023540395793841045,0.0,0.0,0.0,0.0008819077616612306,unicycle
2.484364832444383,9.764237142510892,2.975,0.0,0.0,0.006744300295393625,0.2961144042063989,0.0023460082228153344,0.0,0.0,0.0,0.0008807856094150265,omni
2.4932442684691885,9.764367437187241,2.975,0.0,0.0,0.006770633319449329,0.29600379162171936,0.002342988798702273,0.0,0.0,0.0,0.0008777674685234431,unicycle
2.5021270288890967,9.76449774626565,2.975,0.0,0.0,0.006796932045830894,0.29611466705398504,0.0023349275299527662,0.0,0.0,0.0,0.0008766242127188218,omni
2.511006468232745,9.764628173706317,2.975,0.0,0.0,0.006823139902670644,0.29600405514457295,0.002331852744026551,0.0,0.0,0.0,0.0008735952279915928,unicycle
2.5198892320030417,9.76475861377071,2.975,0.0,0.0,0.006849312849281128,0.2961149306240199,0.0023237635138910404,0.0,0.0,0.0,0.0008724315536828105,omni
2.5287686747456393,9.764889169298804,2.975,0.0,0.0,0.006875394622595583,0.29600431933149685,0.002320635174177091,0.0,0.0,0.0,0.0008693924438151221,unicycle
2.5376514419446337,9.765019735720228,2.975,0.0,0.0,0.0069014408931648225,0.29611519480137805,0.00231251987718845,0.0,0.0,0.0,0.0008682090189746153,omni
2.5465308881628426,9.765150414752648,2.975,0.0,0.0,0.00692739570769311,0.29600458406914876,0.0023093397464317112,0.0,0.0,0.0,0.0008651604842762912,unicycle
2.5554136588654472,9.765281102994836,2.975,0.0,0.0,0.006953314446551744,0.2961154594746076,0.002301200228456054,0.0,0.0,0.0,0.0008639579619544292,omni
2.5642931086325715,9.765411901040336,2.975,0.0,0.0,0.006979141467134164,0.2960048492477164,0.002297970029911553,0.0,0.0,0.0,0.0008609006860806504,unicycle
2.573175882910385,9.765542706657907,2.975,0.0,0.0,0.007004931858305468,0.296115724535668,0.002289808092790788,0.0,0.0,0.0,0.0008596797057101455,omni
2.5820553362964502,9.76567361931541,2.975,0.0,0.0,0.007030630289007429,0.2960051147607099,0.002286529513725097,0.0,0.0,0.0,0.0008566143567320055,unicycle
2.590938114217835,9.765804537952251,2.975,0.0,0.0,0.00705629155535519,0.29611598987976323,0.002278346918148217,0.0,0.0,0.0,0.000855375544925346,omni
2.5998175712896647,9.765935560909279,2.975,0.0,0.0,0.00708186063863554,0.29600538050482617,0.0022750216119774647,0.0,0.0,0.0,0.0008523027760116735,unicycle
2.608700352919819,9.766066588297045,2.975,0.0,0.0,0.007107392041047419,0.29611625540523145,0.002266820079303917,0.0,0.0,0.0,0.0008510467470626688,omni
2.6175798137411053,9.766197717328248,2.975,0.0,0.0,0.007132831056955521,0.2960056463798573,0.002263449666933146,0.0,0.0,0.0,0.0008479671969367247,unicycle
2.626462599142138,9.766328849284891,2.975,0.0,0.0,0.00715823189355011,0.29611652101346664,0.002255230880407858,0.0,0.0,0.0,0.0008466945531529635,omni
2.635342063773516,9.766460080250608,2.975,0.0,0.0,0.0071835401589427665,0.2960059122886222,0.002251816951112918,0.0,0.0,0.0,0.0008436088464218928,unicycle
2.644224853004516,9.766591312678981,2.975,0.0,0.0,0.0072088097642936735,0.2961167866088582,0.0022435825567367466,0.0,0.0,0.0,0.0008423201783635838,omni
2.653104321503631,9.766722641523844,2.975,0.0,0.0,0.00723398663206703,0.2960061781369122,0.002240126668792716,0.0,0.0,0.0,0.0008392289257785306,unicycle
2.661987114620736,9.766853970410303,2.975,0.0,0.0,0.007259124376440462,0.2961170520987405,0.0022318782760053432,0.0,0.0,0.0,0.0008379248124477178,omni
2.6708665870423167,9.766985393161853,2.975,0.0,0.0,0.007284169234774295,0.29600644383344266,0.0022283819571810516,0.0,0.0,0.0,0.0008348286111277987,unicycle
2.679749384098784,9.767116814574903,2.975,0.0,0.0,0.007309174523378293,0.29611731739334646,0.0022201211394467717,0.0,0.0,0.0,0.0008335096201332952,omni
2.6886288604947084,9.767248327342239,2.975,0.0,0.0,0.007334086794991472,0.296006709289808,0.00221658588743431,0.0,0.0,0.0,0.0008304090537726373,unicycle
2.6975116615409815,9.767379837431168,2.975,0.0,0.0,0.007358959067236012,0.2961175824057633,0.002208314182782763,0.0,0.0,0.0,0.0008290757414846631,omni
2.7063911419603444,9.76751143640359,2.975,0.0,0.0,0.007383738208652588,0.2960069744204381,0.002204741465599964,0.0,0.0,0.0,0.0008259713805525393,unicycle
2.7152739470441225,9.767643031397146,2.975,0.0,0.0,0.007408476937420222,0.2961178470518891,0.00219646037714914,0.0,0.0,0.0,0.0008246242922544467,omni
2.7241534315333054,9.767774712842828,2.975,0.0,0.0,0.007433122438246037,0.2960072391425539,0.002192851633535298,0.0,0.0,0.0,0.0008215166941938545,unicycle
2.73303624069961,9.767906389047882,2.975,0.0,0.0,0.0074577271291730715,0.29611811125038795,0.002184562630011595,0.0,0.0,0.0,0.000820156364234477,omni
2.7419157293023475,9.768038149312556,2.975,0.0,0.0,0.007482238511382913,0.2960075033761226,0.002180919269825936,0.0,0.0,0.0,0.0008170460736613844,unicycle
2.7507985425935875,9.768169903112812,2.975,0.0,0.0,0.007506708702151202,0.29611837492264514,0.002172623786087005,0.0,0.0,0.0,0.0008156730256095793,omni
2.759678035351032,9.768301738618465,2.975,0.0,0.0,0.007531085519386618,0.29600776704381226,0.002168947190713791,0.0,0.0,0.0,0.0008125605745138987,unicycle
2.7685608528070706,9.76843356647315,2.975,0.0,0.0,0.007555420779026079,0.29611863799272115,0.0021606466282766473,0.0,0.0,0.0,0.0008111753213153956,omni
2.777440349757857,9.768565473716743,2.975,0.0,0.0,0.007579662615903975,0.29600803007094545,0.0021569381510374327,0.0,0.0,0.0,0.0008080612292632069,unicycle
2.7863231714160746,9.768697372159346,2.975,0.0,0.0,0.007603862544105965,0.2961189003873051,0.002148633878611084,0.0,0.0,0.0,0.0008066642733995918,omni
2.7952026725963868,9.768829347711536,2.975,0.0,0.0,0.007627969015538063,0.29600829238545223,0.00214489484518323,0.0,0.0,0.0,0.0008035490477366251,unicycle
2.8040854984917476,9.768961313348546,2.975,0.0,0.0,0.007652033241979638,0.2961191620356675,0.0021365881992048714,0.0,0.0,0.0,0.0008021408813858331,omni
2.81296500393538,9.769093353852439,2.975,0.0,0.0,0.007676003992502874,0.29600855391782266,0.002132819908044708,0.0,0.0,0.0,0.0007990250174412328,unicycle
2.821847834100493,9.769225383362096,2.975,0.0,0.0,0.007699932176182045,0.2961194228696127,0.0021245121932175377,0.0,0.0,0.0,0.0007976061226389864,omni
2.830727343838916,9.769357485532014,2.975,0.0,0.0,0.007723766879299917,0.29600881460105877,0.0021207159159863653,0.0,0.0,0.0,0.0007944901039290736,unicycle
2.8396101783040963,9.769489575663094,2.975,0.0,0.0,0.007747558707881835,0.2961196828234304,0.002112408405817388,0.0,0.0,0.0,0.0007930609527306348,omni
2.848489692366513,9.769621736283353,2.975,0.0,0.0,0.007771257065416691,0.2960090743706263,0.0021085853878086854,0.0,0.0,0.0,0.0007899452511618652,unicycle
2.8573725311598452,9.769753883853948,2.975,0.0,0.0,0.007794912254590798,0.2961199418338475,0.0021002793251449917,0.0,0.0,0.0,0.0007885063058036184,omni
2.8662520495732555,9.76988609977766,2.975,0.0,0.0,0.007818473996047034,0.2960093331644059,0.0020964307857112567,0.0,0.0,0.0,0.0007853913818744806,unicycle
2.875134892720654,9.770018301674003,2.975,0.0,0.0,0.00784199228889508,0.2961201998399799,0.002088127383273254,0.0,0.0,0.0,0.0007839430949348474,omni
2.8840144155099154,9.770150569821888,2.975,0.0,0.0,0.007865417170833167,0.29600959092264556,0.00208425451625139,0.0,0.0,0.0,0.0007808293979360906,unicycle
2.89289726303518,9.770282822997174,2.975,0.0,0.0,0.007888798337208028,0.29612045678328386,0.002075954957162251,0.0,0.0,0.0,0.0007793722124954251,omni
2.901776790223065,9.770415140356402,2.975,0.0,0.0,0.00791208614262928,0.29600984758791116,0.0020720589312962457,0.0,0.0,0.0,0.000776260180708458,unicycle
2.910659642147944,9.770547441829628,2.975,0.0,0.0,0.00793532997854451,0.2961207126075076,0.002063764369606119,0.0,0.0,0.0,0.0007747945305076504,omni
2.9195391737551972,9.770679805452666,2.975,0.0,0.0,0.007958480516286537,0.2960101031050386,0.0020598463289662654,0.0,0.0,0.0,0.0007716845914007939,unicycle
2.9284220300994415,9.7708121523075,2.975,0.0,0.0,0.007981586843316487,0.296120967258643,0.002051557890170993,0.0,0.0,0.0,0.000770210900998333,omni
2.937301566144838,9.770944559310985,2.975,0.0,0.0,0.008004599947459107,0.2960103574210855,0.002047618954569102,0.0,0.0,0.0,0.0007671034714207507,unicycle
2.9461844269262585,9.771076948694642,2.975,0.0,0.0,0.008027568612149549,0.2961212206848779,0.0020393377361227864,0.0,0.0,0.0,0.0007656221563480343,omni
2.9550639674266588,9.771209396258266,2.975,0.0,0.0,0.008050444141431183,0.2960106104852833,0.002035379001522823,0.0,0.0,0.0,0.0007625176427211327,unicycle
2.9639468326611818,9.77134182538041,2.975,0.0,0.0,0.00807327501472026,0.2961214728365481,0.002027106073343804,0.0,0.0,0.0,0.0007610291096359569,omni
2.972826377631587,9.771474310745825,2.975,0.0,0.0,0.008096012851964532,0.2960108622489897,0.0020231286122676584,0.0,0.0,0.0,0.000757927908142295,unicycle
2.9817092473333098,9.771606776877482,2.975,0.0,0.0,0.008118705828613942,0.2961217236660899,0.0020148650172377575,0.0,0.0,0.0,0.0007564325549803837,omni
2.9905887967869167,9.771739297347212,2.975,0.0,0.0,0.008141305880166436,0.2960111126656412,0.002010869879165737,0.0,0.0,0.0,0.0007533350517498657,unicycle
2.999471670968159,9.771871797819692,2.975,0.0,0.0,0.008163860878202665,0.29612197312799315,0.0020026166336222714,0.0,0.0,0.0,0.0007518332678743591,omni
3.008351224916411,9.772004350756088,2.975,0.0,0.0,0.008186323073377699,0.29601136169070597,0.0019986048453883246,0.0,0.0,0.0,0.00074873983916774,unicycle
3.0172341035877683,9.772136882959947,2.975,0.0,0.0,0.008208740033543199,0.29612222117875464,0.0019903629396092327,0.0,0.0,0.0,0.0007472320055166454,omni
3.02611366204041,9.772269465784127,2.975,0.0,0.0,0.008231064324080387,0.2960116092816383,0.001986335505790639,0.0,0.0,0.0,0.0007441430179063555,unicycle
3.0349965452108054,9.772402027168113,2.975,0.0,0.0,0.008253343209294524,0.29612246777683193,0.0019781059044721664,0.0,0.0,0.0,0.0007426295071378693,omni
3.043876108175932,9.772534637358936,2.975,0.0,0.0,0.008275529568825105,0.2960118553978314,0.0019740638077735497,0.0,0.0,0.0,0.0007395453176860251,unicycle
3.052758995852667,9.772667225428984,2.975,0.0,0.0,0.008297670363654759,0.29612271288259717,0.00196584745050064,0.0,0.0,0.0,0.0007380264943217397,omni
3.061638563336773,9.772799860522039,2.975,0.0,0.0,0.008319718787177422,0.2960121000005725,0.0019617916521326006,0.0,0.0,0.0,0.0007349474507554674,unicycle
3.0705214555255758,9.772932472840258,2.975,0.0,0.0,0.008341721497317068,0.2961229564582922,0.0019535894538424093,0.0,0.0,0.0,0.000733423671321525,omni
3.0794010275336094,9.77306513042686,2.975,0.0,0.0,0.008363632000683236,0.29601234305299723,0.0019495208938944035,0.0,0.0,0.0,0.0007303501122056245,unicycle
3.0882839242386844,9.773197764610554,2.975,0.0,0.0,0.008385496652444384,0.2961231984679835,0.0019413337453321566,0.0,0.0,0.0,0.0007288217253716519,omni
3.0971635007740903,9.773330442336768,2.975,0.0,0.0,0.008407269271852735,0.29601258452004575,0.0019372533431398233,0.0,0.0,0.0,0.0007257539802783529,unicycle
3.1060464019981655,9.773463096057453,2.975,0.0,0.0,0.008428995911662568,0.29612343887751813,0.0019290821113078392,0.0,0.0,0.0,0.0007242213269943795,omni
3.1149259830629337,9.773595791623126,2.975,0.0,0.0,0.00845063070316269,0.29601282436841786,0.0019249907658146427,0.0,0.0,0.0,0.0007211597166706638,unicycle
3.1238088888073086,9.773728462605574,2.975,0.0,0.0,0.008472219397071748,0.29612367765447956,0.001916836294413874,0.0,0.0,0.0,0.0007196231303018888,omni
3.1326884744020216,9.773861173763382,2.975,0.0,0.0,0.008493716436076765,0.2960130625665299,0.001912734884527278,0.0,0.0,0.0,0.000716567966833905,unicycle
3.1415713846666105,9.77399385978468,2.975,0.0,0.0,0.008515167269275566,0.2961239147681448,0.001904597994392127,0.0,0.0,0.0,0.0007150277732934167,omni
3.150450974790488,9.774126584339193,2.975,0.0,0.0,0.008536526650083623,0.29601329908447194,0.0019004873793343402,0.0,0.0,0.0,0.000711979360268448,unicycle
3.159333889573868,9.774259283227819,2.975,0.0,0.0,0.008557839726428058,0.2961241501894418,0.0018923688688604102,0.0,0.0,0.0,0.0007104358781478949,omni
3.168213484224812,9.774392019034577,2.975,0.0,0.0,0.008579061561752466,0.2960135338939649,0.0018882498885136481,0.0,0.0,0.0,0.000707394510813618,unicycle
3.177096403524264,9.774524728669478,2.975,0.0,0.0,0.008600237003297822,0.2961243838909072,0.0018801505340785855,0.0,0.0,0.0,0.0007058480515118404,omni
3.1859760026989012,9.774657473634086,2.975,0.0,0.0,0.008621321423805811,0.29601376696831916,0.0018760240093249343,0.0,0.0,0.0,0.0007028140169330636,unicycle
3.1948589265104546,9.774790191943792,2.975,0.0,0.0,0.008642359370349295,0.2961246158466446,0.0018679445657024435,0.0,0.0,0.0,0.0007012648847827276,omni
3.20373853020418,9.774922944021025,2.975,0.0,0.0,0.008663306524209161,0.29601399828239294,0.0018638112987585242,0.0,0.0,0.0,0.0006982384619955749,unicycle
3.212621458522654,9.77505566898275,2.975,0.0,0.0,0.008684207132840797,0.29612484603228423,0.0018557524995258625,0.0,0.0,0.0,0.0006966869543878201,omni
3.221501066729672,9.775188426175678,2.975,0.0,0.0,0.00870501718527734,0.29601422781255193,0.001851613274272161,0.0,0.0,0.0,0.0006936684145514141,unicycle
3.230383999548718,9.775321155814462,2.975,0.0,0.0,0.008725780629939098,0.29612507442494207,0.0018435758322107496,0.0,0.0,0.0,0.0006921148220585576,omni
3.239263612262083,9.775453916173579,2.975,0.0,0.0,0.008746453762797226,0.29601445553662914,0.0018394314145157844,0.0,0.0,0.0,0.0006891044286042522,unicycle
3.2481465495742228,9.775586648561422,2.975,0.0,0.0,0.008767080233850243,0.29612530100318046,0.001831416022005471,0.0,0.0,0.0,0.0006875490351005572,omni
3.2570261667858804,9.775719410183802,2.975,0.0,0.0,0.008787616645166602,0.2960146814338853,0.0018272671600449398,0.0,0.0,0.0,0.0006845470438787157,unicycle
3.2659091085825476,9.775852143438826,2.975,0.0,0.0,0.008808106348966378,0.296125525746969,0.0018192744894518465,0.0,0.0,0.0,0.0006829901266592611,omni
3.274788730283371,9.775984904467284,2.975,0.0,0.0,0.008828506252548886,0.29601490548497045,0.001815121914022721,0.0,0.0,0.0,0.0006799967860836563,unicycle
3.283671676554949,9.776117636752904,2.975,0.0,0.0,0.008848859411028328,0.29612574863764585,0.0018071526180807073,0.0,0.0,0.0,0.0006784386159813457,omni
3.292551302734781,9.776250395375165,2.975,0.0,0.0,0.008869123036043463,0.2960151276718853,0.0018029970429103098,0.0,0.0,0.0,0.0006754541671712068,unicycle
3.30143425347064,9.776383124899263,2.975,0.0,0.0,0.00888933988630362,0.2961259696578802,0.0017950517550961269,0.0,0.0,0.0,0.0006738950086718819,omni
3.310313884118327,9.776515879347157,2.975,0.0,0.0,0.008909467476871368,0.2960153479779438,0.001790893877146404,0.0,0.0,0.0,0.0006709196855915346,unicycle
3.319196839306862,9.776648604361299,2.975,0.0,0.0,0.008929548270779788,0.29612618879163466,0.0017829732120488643,0.0,0.0,0.0,0.0006693597969473226,omni
3.3280764744102918,9.776781352909962,2.975,0.0,0.0,0.008949540085576099,0.2960155663877363,0.0017788137118158872,0.0,0.0,0.0,0.0006663938265436748,unicycle
3.336959434038959,9.776914071708582,2.975,0.0,0.0,0.008969485089372634,0.2961264060241289,0.0017709182654989412,0.0,0.0,0.0,0.0006648334598845587,omni
3.3458390735850965,9.777046812675675,2.975,0.0,0.0,0.0089893414012393,0.29601578288709285,0.0017667578073075445,0.0,0.0,0.0,0.0006618770622222659,unicycle
3.3547220376404447,9.777179523595313,2.975,0.0,0.0,0.009009150895149276,0.2961266213418035,0.0017588881576672234,0.0,0.0,0.0,0.0006603164636658035,omni
3.363601681615366,9.777312255340242,2.975,0.0,0.0,0.009028871990711078,0.2960159974630482,0.0017547273899609973,0.0,0.0,0.0,0.0006573698520601249,unicycle
3.372484650083076,9.777444956758778,2.975,0.0,0.0,0.009048546268565664,0.29612683473228507,0.0017468840970766228,0.0,0.0,0.0,0.000655809261819488,omni
3.3813642984720036,9.777577677681927,2.975,0.0,0.0,0.009068132447854678,0.29601621010380585,0.0017427236527033695,0.0,0.0,0.0,0.0006528726429670968,unicycle
3.3902472713369183,9.777710368017823,2.975,0.0,0.0,0.0090876718167184,0.29612704618435043,0.0017349072591829981,0.0,0.0,0.0,0.0006513122954573533,omni
3.3991269241242534,9.77784307655983,2.975,0.0,0.0,0.009107123392805344,0.29601642079870394,0.0017307477556756596,0.0,0.0,0.0,0.0006483858695648422,unicycle
3.408009901370413,9.777975754271385,2.975,0.0,0.0,0.009126528172610572,0.2961272556878935,0.0017229587869958187,0.0,0.0,0.0,0.0006468259935075889,omni
3.4168895585397685,9.778108448912374,2.975,0.0,0.0,0.009145845471243114,0.29601662953818153,0.001718800826848799,0.0,0.0,0.0,0.0006439099544180032,unicycle
3.4257725401504393,9.778241112497003,2.975,0.0,0.0,0.009165115994431443,0.2961274632338914,0.001711039791688407,0.0,0.0,0.0,0.0006423507729443197,omni
3.43465220168467,9.778373791755888,2.975,0.0,0.0,0.009184299353679289,0.29601683631374537,0.0017068839626296747,0.0,0.0,0.0,0.0006394453082614878,unicycle
3.4435351876423805,9.778506439749396,2.975,0.0,0.0,0.009203435963435138,0.2961276688143717,0.001699151353198834,0.0,0.0,0.0,0.0006378869918616209,omni
3.4524148535237136,9.778639102179364,2.975,0.0,0.0,0.009222485729751715,0.2960170411200136,0.0016949981031513326,0.0,0.0,0.0,0.0006349922105525624,unicycle
3.4612978438105277,9.77877173314565,2.975,0.0,0.0,0.009241488778935074,0.2961278724276497,0.0016872942027913447,0.0,0.0,0.0,0.000633434972778593,omni
3.4701775140206412,9.778904377331516,2.975,0.0,0.0,0.009260405311833897,0.29601724395365137,0.0016831440942557125,0.0,0.0,0.0,0.0006305510966274836,unicycle
3.4790605086178448,9.779036989875227,2.975,0.0,0.0,0.009279275167186213,0.29612807406562214,0.0016754694863106712,0.0,0.0,0.0,0.0006289951784105312,omni
3.487940183137584,9.779169614444866,2.975,0.0,0.0,0.009298058839231923,0.2960174448056002,0.0016713231547394551,0.0,0.0,0.0,0.000626122401523692,unicycle
3.496823182025689,9.779302207211623,2.975,0.0,0.0,0.009316795879890835,0.2961282737206745,0.0016636783492183828,0.0,0.0,0.0,0.0006245680219636883,omni
3.505702860835176,9.779434810832248,2.975,0.0,0.0,0.009335447075493247,0.2960176436694588,0.0016595363721270853,0.0,0.0,0.0,0.0006217065200804312,unicycle
3.514585863994014,9.779567382505654,2.975,0.0,0.0,0.0093540516920035,0.29612847138742504,0.001651921830255884,0.0,0.0,0.0,0.0006201538836750895,omni
3.523465547072718,9.779699963881395,2.975,0.0,0.0,0.009372570806597352,0.2960178405407268,0.0016477847463389377,0.0,0.0,0.0,0.0006173038197949676,unicycle
3.5323485544814957,9.779832513181058,2.975,0.0,0.0,0.00939104340022095,0.2961286670621309,0.0016402008954842305,0.0,0.0,0.0,0.0006157531207866318,omni
3.541228241808289,9.779965071051315,2.975,0.0,0.0,0.009409430839677364,0.2960180354163382,0.0016360692161714963,0.0,0.0,0.0,0.0006129146485470742,unicycle
3.550111253445637,9.780097596731455,2.975,0.0,0.0,0.009427771821882805,0.29612886074232214,0.001628516458842558,0.0,0.0,0.0,0.0006113660735147208,omni
3.558990944998834,9.78023012986973,2.975,0.0,0.0,0.009446028002058906,0.2960182282943737,0.0016243906752210716,0.0,0.0,0.0,0.0006085393392033947,unicycle
3.5678739608428427,9.780362630718177,2.975,0.0,0.0,0.009464237794116712,0.2961290524265745,0.0016168693944535147,0.0,0.0,0.0,0.0006069930685935502,omni
3.576753656600231,9.780495137931169,2.975,0.0,0.0,0.009482363140486866,0.29601841917388155,0.001612749981369367,0.0,0.0,0.0,0.0006041782123384701,unicycle
3.5856366766284813,9.780627612768553,2.975,0.0,0.0,0.009500442173127682,0.29612924211436853,0.0016052605439173678,0.0,0.0,0.0,0.0006026344213605009,omni
3.5945163765673525,9.780760092895427,2.975,0.0,0.0,0.009518437120462594,0.29601860805476515,0.001601147962378745,0.0,0.0,0.0,0.0005998315778303755,unicycle
3.60339940075694,9.780892540574495,2.975,0.0,0.0,0.009536385833571862,0.2961294298059981,0.001593690720594473,0.0,0.0,0.0,0.0005982904369755376,omni
3.6122791048541125,9.781024992486243,2.975,0.0,0.0,0.009554250825645625,0.2960187949377087,0.0015895854191643071,0.0,0.0,0.0,0.0005954997357921201,unicycle
3.6211621331816737,9.781157411891249,2.975,0.0,0.0,0.009572069667979632,0.2961296155025107,0.001582160712102458,0.0,0.0,0.0,0.0005939614111335543,omni
3.6300418414135174,9.78128983449009,2.975,0.0,0.0,0.009589805157293173,0.2960189798241282,0.00157806312770061,0.0,0.0,0.0,0.0005911829771180255,unicycle
3.6389248738552515,9.781422224536223,2.975,0.0,0.0,0.009607494586207759,0.2961297992056654,0.0015706712817747759,0.0,0.0,0.0,0.000589647630486195,omni
3.647804586197709,9.781554616755056,2.975,0.0,0.0,0.009625101033722133,0.2960191627161346,0.0015665818401436186,0.0,0.0,0.0,0.0005868815838124557,unicycle
3.6566876227294003,9.781686976387885,2.975,0.0,0.0,0.009642661514909194,0.29612998091790055,0.0015592231695309422,0.0,0.0,0.0,0.0005853493729020591,omni
3.665567339158011,9.781819337189726,2.975,0.0,0.0,0.009660139389785188,0.29601934361650506,0.0015551422855156493,0.0,0.0,0.0,0.0005825958291997867,unicycle
3.67445037975505,9.781951665384664,2.975,0.0,0.0,0.009677571397014412,0.29613016064230807,0.0015478170924257077,0.0,0.0,0.0,0.0005810669076409358,omni
3.683330100244967,9.782083993762118,2.975,0.0,0.0,0.009694921176356614,0.2960195225286595,0.001543745170158212,0.0,0.0,0.0,0.0005783259780733316,unicycle
3.6922131448823703,9.782216289523888,2.975,0.0,0.0,0.00971222519122119,0.2961303383826107,0.0015364537450339377,0.0,0.0,0.0,0.000576800495485814,omni
3.7010928694083853,9.782348584498624,2.975,0.0,0.0,0.009729447359825671,0.296019699456638,0.0015323911780716455,0.0,0.0,0.0,0.0005740722868161198,unicycle
3.7099759180608154,9.782480846860725,2.975,0.0,0.0,0.009746623871491385,0.2961305141431405,0.001525133799760424,0.0,0.0,0.0,0.0005725503888571362,omni
3.718855646597375,9.782613107482936,2.975,0.0,0.0,0.009763718921596729,0.2960198744050805,0.0015210809712077,0.0,0.0,0.0,0.0005698350035114839,unicycle
3.727738699239163,9.782745335507126,2.975,0.0,0.0,0.009780768426554393,0.2961306879288189,0.0015138579071229156,0.0,0.0,0.0,0.0005683168319222233,omni
3.736618431760391,9.782877560855017,2.975,0.0,0.0,0.009797736857595971,0.29602004737920656,0.001509815189750484,0.0,0.0,0.0,0.0005656143680525247,unicycle
3.745501488365552,9.783009753630795,2.975,0.0,0.0,0.009814659859417159,0.29613085974513637,0.0015026266960346435,0.0,0.0,0.0,0.0005641000607063092,omni
3.754381224845265,9.78314194281006,2.975,0.0,0.0,0.00983150217778481,0.29602021838479536,0.0014985944524037787,0.0,0.0,0.0,0.0005614106122551499,unicycle
3.76326428538752,9.783274099454136,2.975,0.0,0.0,0.009848299186881057,0.29613102959813287,0.0014914407740970444,0.0,0.0,0.0,0.0005599003032081514,omni
3.772144025799249,9.783406251597443,2.975,0.0,0.0,0.00986501590568034,0.2960203874281663,0.001487419356691143,0.0,0.0,0.0,0.0005572239599760288,unicycle
3.781027090252041,9.78353837125325,2.975,0.0,0.0,0.009881687439065959,0.29613119749437833,0.0014803007279069183,0.0,0.0,0.0,0.0005557177795207529,omni
3.78990683456905,9.783670485519734,2.975,0.0,0.0,0.009898279077883035,0.2960205545161591,0.0014762904792712246,0.0,0.0,0.0,0.0005530546272357363,unicycle
3.798789902905563,9.783802567356904,2.975,0.0,0.0,0.009914825658941744,0.29613136344095303,0.0014692071233789298,0.0,0.0,0.0,0.0005515527019569583,omni
3.8076696511008636,9.783934642931671,2.975,0.0,0.0,0.00993129274361213,0.296020719656115,0.0014652083762673224,0.0,0.0,0.0,0.0005489028223462207,unicycle
3.8165527232940404,9.784066686145545,2.975,0.0,0.0,0.0099477149018675,0.2961315274454286,0.0014581605060805392,0.0,0.0,0.0,0.0005474052751790754,omni
3.825432475340412,9.78419872223916,2.975,0.0,0.0,0.009964057964248766,0.2960208828558567,0.001454173583608142,0.0,0.0,0.0,0.0005447687460421551,unicycle
3.8343155513629714,9.78433072605029,2.975,0.0,0.0,0.00998035623513872,0.2961316895158483,0.0014471614015772903,0.0,0.0,0.0,0.0005432756963317715,omni
3.8431953072329765,9.784462721898306,2.975,0.0,0.0,0.009996575812887157,0.29602104412367003,0.001443186617377776,0.0,0.0,0.0,0.0005406525916147006,unicycle
3.852078387057428,9.784594685551973,2.975,0.0,0.0,0.010012750737542469,0.29613184966070877,0.001436210315786044,0.0,0.0,0.0,0.0005391641551769734,omni
3.8609581467234286,9.78472664041443,2.975,0.0,0.0,0.010028847373893885,0.29602120346828475,0.001432247974172068,0.0,0.0,0.0,0.0005365545450471593,unicycle
3.8698412303220904,9.784858563180165,2.975,0.0,0.0,0.010044899498920791,0.2961320078889412,0.0014253077353329473,0.0,0.0,0.0,0.0005350708342302759,omni
3.8787209937562652,9.784990476341124,2.975,0.0,0.0,0.010060873742475341,0.2960213608988566,0.001421358131458669,0.0,0.0,0.0,0.0005324747851516076,unicycle
3.8876040811012786,9.785122357512234,2.975,0.0,0.0,0.010076803619742282,0.2961321642098931,0.0014144541279144625,0.0,0.0,0.0,0.0005309959088979471,omni
3.8964838482756354,9.785254228279305,2.975,0.0,0.0,0.010092656024253457,0.2960215164249489,0.0014105175479392023,0.0,0.0,0.0,0.0005284134837058592,unicycle
3.905366939338981,9.785386067172407,2.975,0.0,0.0,0.010108464210681874,0.2961323186333106,0.0014036499426594174,0.0,0.0,0.0,0.000526939547613912,omni
3.914246710225376,9.785517894876286,2.975,0.0,0.0,0.010124195334849574,0.29602167005651475,0.0013997266639115481,0.0,0.0,0.0,0.0005243708055900215,unicycle
3.923129804978888,9.785649690830851,2.975,0.0,0.0,0.010139882392208862,0.29613247116932034,0.0013928956104904452,0.0,0.0,0.0,0.0005229019119762906,omni
3.9320095795490357,9.785781474824867,2.975,0.0,0.0,0.010155492799476546,0.2960218218038796,0.0013889859016309593,0.0,0.0,0.0,0.0005203469089227807,unicycle
3.9408926779644147,9.785913227202766,2.975,0.0,0.0,0.010171059294183044,0.29613262182841277,0.001382191544483834,0.0,0.0,0.0,0.0005188831568832392,omni
3.949772456189906,9.786044966862432,2.975,0.0,0.0,0.01018654955253893,0.29602197167772437,0.0013782956656690016,0.0,0.0,0.0,0.0005163419451962351,unicycle
3.958655558238736,9.786176675047496,2.975,0.0,0.0,0.010201996055458948,0.29613277062142507,0.0013715381402265676,0.0,0.0,0.0,0.0005148834306673665,omni
3.967535340091049,9.786308369770069,2.975,0.0,0.0,0.010217366737241242,0.2960221196890689,0.0013676563432693486,0.0,0.0,0.0,0.0005123560594098027,unicycle
3.976418445744808,9.786440033167647,2.975,0.0,0.0,0.010232693823498113,0.296132917559525,0.0013609357761700928,0.0,0.0,0.0,0.0005109028752290181,omni
3.9852982311953222,9.78657168237169,2.975,0.0,0.0,0.010247945505204185,0.2960222658492555,0.001357068304700009,0.0,0.0,0.0,0.0005083893902023823,unicycle
3.9941813404253956,9.786703300408233,2.975,0.0,0.0,0.010263153753989215,0.29613306265419476,0.0013503848139801576,0.0,0.0,0.0,0.0005069416261677678,omni
4.003061129445404,9.786834903533201,2.975,0.0,0.0,0.010278287016088709,0.2960224101699337,0.001346531903601377,0.0,0.0,0.0,0.0005044420699830284,unicycle
4.011944242223101,9.786966475655822,2.975,0.0,0.0,0.010293377010476078,0.29613320591721565,0.0013398855988823223,0.0,0.0,0.0,0.0005029998129123846,omni
4.020824034783826,9.787098032161628,2.975,0.0,0.0,0.010308392437227873,0.296022552663044,0.0013360474773296243,0.0,0.0,0.0,0.0005005142250598621,unicycle
4.029707151080382,9.787229557837694,2.975,0.0,0.0,0.010323364763993339,0.2961333473606522,0.0013294384600024095,0.0,0.0,0.0,0.0004990775588489076,omni
4.038586947152982,9.787361067204301,2.975,0.0,0.0,0.010338262943266351,0.29602269334080344,0.001325615347295159,0.0,0.0,0.0,0.0004966059757670455,unicycle
4.0474700669395824,9.787492545921031,2.975,0.0,0.0,0.010353118192709754,0.29613348699683817,0.0013190437107024808,0.0,0.0,0.0,0.0004951749814468327,omni
4.056349866495165,9.787624007648054,2.975,0.0,0.0,0.010367899715807455,0.29602283221569087,0.0013152358192965756,0.0,0.0,0.0,0.0004927174365899731,unicycle
4.06523298974295,9.787755438912107,2.975,0.0,0.0,0.010382638481578959,0.2961336248383615,0.0013087016489119843,0.0,0.0,0.0,0.0004912921923834333,omni
4.074112792752586,9.787886852518406,2.975,0.0,0.0,0.01039730394306761,0.2960229693004325,0.001304909183849377,0.0,0.0,0.0,0.0004888487162884149,unicycle
4.08299591943266,9.788018235855489,2.975,0.0,0.0,0.010411926821997593,0.2961337608980506,0.0012984125574532746,0.0,0.0,0.0,0.00048742929766612243,omni
4.091875725867393,9.78814960087878,2.975,0.0,0.0,0.010426476819538132,0.2960231046079883,0.0012946357165092386,0.0,0.0,0.0,0.0004849999180179546,unicycle
4.100758855950841,9.788280935833267,2.975,0.0,0.0,0.01044098441147072,0.29613389518896077,0.0012881767043621964,0.0,0.0,0.0,0.0004835863977529711,omni
4.109638665781695,9.788412251829731,2.975,0.0,0.0,0.010455419545654198,0.29602323815153864,0.0012844156781903924,0.0,0.0,0.0,0.0004811711394492246,unicycle
4.118521799239588,9.78854353796427,2.975,0.0,0.0,0.010469812453284327,0.2961340277243609,0.0012779943432035745,0.0,0.0,0.0,0.00047976358767103485,omni
4.12740161243758,9.788674804508187,2.975,0.0,0.0,0.010484133327470885,0.2960233699444709,0.0012742493154787706,0.0,0.0,0.0,0.00047736247288519075,unicycle
4.1362847492409855,9.788806041403332,2.975,0.0,0.0,0.01049841215618487,0.2961341585177205,0.0012678657133813895,0.0,0.0,0.0,0.00047596095713287886,omni
4.1451645657771365,9.788937258086696,2.975,0.0,0.0,0.01051261937634617,0.29602350000036703,0.0012641368609398477,0.0,0.0,0.0,0.0004735740053767255,unicycle
4.154047705897133,9.789068445340531,2.975,0.0,0.0,0.010526784734065707,0.2961342875826971,0.001257791040443728,0.0,0.0,0.0,0.00047217859065123085,omni
4.162927525742475,9.789199611772686,2.975,0.0,0.0,0.010540878908630789,0.2960236283329911,0.0012540785334213302,0.0,0.0,0.0,0.0004698058188360137,unicycle
4.171810669150153,9.789330749000477,2.975,0.0,0.0,0.010554931405660333,0.29613441493312465,0.001247770536382674,0.0,0.0,0.0,0.00046841656765152066,omni
4.180690492275738,9.789461864807759,2.975,0.0,0.0,0.010568913145364778,0.2960237549562774,0.001244074538350892,0.0,0.0,0.0,0.00046605799014811457,unicycle
4.189573638942216,9.789592951641577,2.975,0.0,0.0,0.010582853394242253,0.2961345405830008,0.001237804399929361,0.0,0.0,0.0,0.00046467496258257245,omni
4.198453465319127,9.789724016466964,2.975,0.0,0.0,0.010596723311980668,0.29602387988431855,0.0012341250680288826,0.0,0.0,0.0,0.00046233059128051354,unicycle
4.207336615215556,9.78985505255535,2.975,0.0,0.0,0.01061055192733143,0.2961346645464763,0.0012278928168436565,0.0,0.0,0.0,0.00046095384502544415,omni
4.216216444814912,9.789986066058106,2.975,0.0,0.0,0.010624310638013163,0.29602400313135446,0.0012242303019157415,0.0,0.0,0.0,0.00045862368939117003,unicycle
4.225099597912486,9.790117051065717,2.975,0.0,0.0,0.010638028236407174,0.29613478683784333,0.0012180359601988925,0.0,0.0,0.0,0.0004572532798004952,omni
4.233979430705455,9.790248012921056,2.975,0.0,0.0,0.010651676356815201,0.2960241247117613,0.001214390406914631,0.0,0.0,0.0,0.00045493734693417517,unicycle
4.242862586975416,9.790378946528334,2.975,0.0,0.0,0.010665283556627367,0.29613490747152516,0.001208233990661894,0.0,0.0,0.0,0.00045357332707228996,omni
4.251742422933219,9.790509856427079,2.975,0.0,0.0,0.010678821705280287,0.29602424464004096,0.0012046055376492683,0.0,0.0,0.0,0.0004512716217639761,unicycle
4.2606255823468695,9.790640738329909,2.975,0.0,0.0,0.010692319126553879,0.29613502646206535,0.0011984870567680198,0.0,0.0,0.0,0.0004499140424530141,omni
4.269505421440788,9.790771595978168,2.975,0.0,0.0,0.010705747923571006,0.29602436293081075,0.001194875836736826,0.0,0.0,0.0,0.00044762656723759117,unicycle
4.278388583969494,9.790902425887563,2.975,0.0,0.0,0.010719136187884122,0.29613514382411776,0.001188795295191487,0.0,0.0,0.0,0.0004462754771039163,omni
4.287268426170878,9.791033231006393,2.975,0.0,0.0,0.010732456254853579,0.296024479598793,0.001185201435056142,0.0,0.0,0.0,0.000444002232315231,unicycle
4.296151591786079,9.791164008648161,2.975,0.0,0.0,0.010745735985188631,0.29613525957243664,0.001179158831010935,0.0,0.0,0.0,0.000442657677835089,omni
4.305031437066355,9.791294760973267,2.975,0.0,0.0,0.010758947945038401,0.29602459465880615,0.0011755824520112306,0.0,0.0,0.0,0.0004403986616589254,unicycle
4.3139146057395665,9.791425486087704,2.975,0.0,0.0,0.0107721197656545,0.2961353737218674,0.0011695777779704435,0.0,0.0,0.0,0.00043906068720333586,omni
4.322794454070244,9.791556185369105,2.975,0.0,0.0,0.010785224242526387,0.29602470812575465,0.0011660189957901843,0.0,0.0,0.0,0.00043681589572957456,unicycle
4.33167762577307,9.791686857710674,2.975,0.0,0.0,0.010798288778834646,0.29613548628733705,0.0011600522387357672,0.0,0.0,0.0,0.00043548454360845256,omni
4.340557477125745,9.79181750371241,2.975,0.0,0.0,0.010811286397961108,0.2960248200146207,0.0011565111636193995,0.0,0.0,0.0,0.00043325397088219596,unicycle
4.3494406518298785,9.791948123049442,2.975,0.0,0.0,0.010824244276402743,0.29613559728384586,0.0011505823051461807,0.0,0.0,0.0,0.00043192928138776184,omni
4.358320506176245,9.792078715549264,2.975,0.0,0.0,0.010837135663986532,0.2960249303404548,0.0011470590420134927,0.0,0.0,0.0,0.00042971291945965404,unicycle
4.367203683853479,9.79220928166366,2.975,0.0,0.0,0.010849987511913808,0.29613570672645806,0.0011411680584619784,0.0,0.0,0.0,0.000428394930909107,omni
4.376083541165326,9.792339820452732,2.975,0.0,0.0,0.010862773295010347,0.2960250391183675,0.0011376627070208136,0.0,0.0,0.0,0.00042619276988467813,unicycle
4.384966721787556,9.792470333139665,2.975,0.0,0.0,0.01087551974057021,0.29613581463029387,0.0011318095696075253,0.0,0.0,0.0,0.0004248815186620629,omni
4.3938465820367885,9.79260081802228,2.975,0.0,0.0,0.010888200546972713,0.29602514636352106,0.0011283222244645938,0.0,0.0,0.0,0.00042269354675009813,unicycle
4.402729765576019,9.792731277089903,2.975,0.0,0.0,0.010900842218993139,0.29613592101052133,0.0011225068994101073,0.0,0.0,0.0,0.00042138906734750543,omni
4.411609628734644,9.792861707883178,2.975,0.0,0.0,0.01091341867712037,0.2960252520911219,0.0011190376501797998,0.0,0.0,0.0,0.0004192152709076599,unicycle
4.420492815162995,9.792992113152353,2.975,0.0,0.0,0.010925956204999341,0.2961360258823485,0.0011132600988342629,0.0,0.0,0.0,0.0004179175959657052,omni
4.4293726812031435,9.793122489685969,2.975,0.0,0.0,0.010938428943785996,0.29602535631641247,0.0011098090302456942,0.0,0.0,0.0,0.0004157579595551537,unicycle
4.438255870492853,9.793252840989963,2.975,0.0,0.0,0.010950862957383078,0.2961361292610161,0.0011040692092123198,0.0,0.0,0.0,0.0004144671199027523,omni
4.4471357393867725,9.793383163105869,2.975,0.0,0.0,0.010963232606172739,0.29602545905466415,0.0011006364012144062,0.0,0.0,0.0,0.000412321626322032,unicycle
4.456018931510202,9.793513460290097,2.975,0.0,0.0,0.010975563734775004,0.2961362311617901,0.0010949342624703515,0.0,0.0,0.0,0.0004110376200755396,omni
4.464898803230325,9.793643727839761,2.975,0.0,0.0,0.010987830920859826,0.29602556032204086,0.0010915197081665389,0.0,0.0,0.0,0.0004089062028274094,unicycle
4.473781998160102,9.793773970755216,2.975,0.0,0.0,0.01100005979260606,0.2961363316021649,0.0010858550728053175,0.0,0.0,0.0,0.0004076290582077334,omni
4.4826618726790715,9.79390418359809,2.975,0.0,0.0,0.011012225144420903,0.29602566013515685,0.001082458845313446,0.0,0.0,0.0,0.0004055117271613327,unicycle
4.491545070387903,9.794034372109852,2.975,0.0,0.0,0.011024352389184764,0.2961364305965344,0.0010768317373286403,0.0,0.0,0.0,0.0004042414921286561,omni
4.500424947678404,9.79416453012105,2.975,0.0,0.0,0.011036416536420113,0.29602575850782253,0.0010734539622880568,0.0,0.0,0.0,0.00040213824117836283,unicycle
4.509308148139067,9.79429466410861,2.975,0.0,0.0,0.011048442784952612,0.2961365281591042,0.0010678643633602186,0.0,0.0,0.0,0.0004008749510832306,omni
4.5181880281738795,9.79442476717666,2.975,0.0,0.0,0.011060406357880003,0.2960258554545745,0.001064505132949004,0.0,0.0,0.0,0.0003987857642462746,unicycle
4.527071231359259,9.794554846532138,2.975,0.0,0.0,0.011072332241276924,0.2961366243046304,0.0010589529985144453,0.0,0.0,0.0,0.00039752944656408186,omni
4.535951114111282,9.794684894557562,2.975,0.0,0.0,0.011084195870326502,0.2960259509903621,0.0010556123839606728,0.0,0.0,0.0,0.0003954543016526882,unicycle
4.544834319994394,9.794814919184587,2.975,0.0,0.0,0.011096022019691103,0.29613671904817507,0.0010500976529433928,0.0,0.0,0.0,0.00039420497882008656,omni
4.553714205436669,9.794944912079016,2.975,0.0,0.0,0.011107786335180064,0.29602604513035746,0.001046775712061333,0.0,0.0,0.0,0.00039214384963203044,unicycle
4.562597413990677,9.795074881892003,2.975,0.0,0.0,0.0111195133814019,0.29613681240495804,0.0010412983127084084,0.0,0.0,0.0,0.0003909015407278388,omni
4.5714773020963895,9.79520481957758,2.975,0.0,0.0,0.011131179013352052,0.2960261378898399,0.0010379950943851441,0.0,0.0,0.0,0.0003888543983384204,unicycle
4.5803605132946075,9.795334734501244,2.975,0.0,0.0,0.011142807586954037,0.29613690439026785,0.0010325549477219345,0.0,0.0,0.0,0.00038761912006615446,omni
4.589240404037105,9.795464616910207,2.975,0.0,0.0,0.011154375164961414,0.2960262292841276,0.0010292704945489512,0.0,0.0,0.0,0.0003855859335791824,unicycle
4.598123617853005,9.795594476879208,2.975,0.0,0.0,0.011165905895986351,0.2961369950194085,0.0010238675163931864,0.0,0.0,0.0,0.00038435770083129533,omni
4.607003511205795,9.79572430395359,2.975,0.0,0.0,0.011177376049120587,0.29602631932853574,0.00102060186618099,0.0,0.0,0.0,0.00038233843780790644,unicycle
4.6158867276130175,9.795854108912247,2.975,0.0,0.0,0.011188809567040074,0.29613708430766716,0.001015235968294384,0.0,0.0,0.0,0.00038111726398281395,omni
4.624766623549772,9.795983880603622,2.975,0.0,0.0,0.011200182923760519,0.29602640803835223,0.0010119891549233897,0.0,0.0,0.0,0.00037911189068146815,unicycle
4.633649842522119,9.796113630505701,2.975,0.0,0.0,0.011211519857396218,0.29613717227029573,0.0010066602456547974,0.0,0.0,0.0,0.00037789778785664454,omni
4.642529741016678,9.796243346774974,2.975,0.0,0.0,0.01122279704547714,0.29602649542882287,0.001003432299538839,0.0,0.0,0.0,0.0003759062693640253,unicycle
4.651412962528122,9.796373041583474,2.975,0.0,0.0,0.011234038022928765,0.29613725892249887,0.0009981402841739535,0.0,0.0,0.0,0.0003746992483875121,omni
4.660292863554496,9.796502702400659,2.975,0.0,0.0,0.01124521966938943,0.29602658151514255,0.0009949312325032269,0.0,0.0,0.0,0.00037272154868886985,unicycle
4.669176087579178,9.796632342087605,2.975,0.0,0.0,0.011256365317966213,0.2961373442794273,0.0009896760134497063,0.0,0.0,0.0,0.0003715216192260396,omni
4.678055991111548,9.79676194743166,2.975,0.0,0.0,0.011267452049003496,0.29602666631244917,0.00098648588031303,0.0,0.0,0.0,0.0003695577012427823,unicycle
4.6869392176237845,9.796891531977927,2.975,0.0,0.0,0.011278502995157496,0.29613742835617274,0.0009812673571980637,0.0,0.0,0.0,0.00036836487180004647,omni
4.695819123636506,9.797021081836542,2.975,0.0,0.0,0.011289495436079837,0.2960267498358199,0.0009780961636426848,0.0,0.0,0.0,0.0003664146974113864,unicycle
4.704702352610785,9.797150611231654,2.975,0.0,0.0,0.011300452305340308,0.2961375111677645,0.000972914233366702,0.0,0.0,0.0,0.0003652289753490682,omni
4.713582261078388,9.797280105601072,2.975,0.0,0.0,0.011311351080502501,0.29602683210026765,0.0009697619974293155,0.0,0.0,0.0,0.0003632925054064894,unicycle
4.722465492489375,9.797409579843025,2.975,0.0,0.0,0.011322214497410934,0.2961375927291664,0.0009646165542015486,0.0,0.0,0.0,0.00036211389694775647,omni
4.731345403386566,9.797539018727853,2.975,0.0,0.0,0.011333020230149564,0.2960269131207387,0.0009614832909290228,0.0,0.0,0.0,0.00036019109128767045,unicycle
4.740228637209105,9.797668437822914,2.975,0.0,0.0,0.011343790818195379,0.29613767305527455,0.000956374226297984,0.0,0.0,0.0,0.0003590196015271009,omni
4.749108550510771,9.797797821235935,2.975,0.0,0.0,0.011354504130764899,0.2960269929121101,0.0009532599477675209,0.0,0.0,0.0,0.00035711041898395707,unicycle
4.757991786719882,9.79792718519847,2.975,0.0,0.0,0.011365182512321824,0.29613775216091454,0.0009481871506535052,0.0,0.0,0.0,0.00035594605189748354,omni
4.766871702401087,9.798056513160457,2.975,0.0,0.0,0.01137580402583138,0.29602707148918717,0.0009450918659969378,0.0,0.0,0.0,0.0003540504503186476,unicycle
4.775754940971972,9.798185822012734,2.975,0.0,0.0,0.011386390822094644,0.2961378300608394,0.0009400552227294768,0.0,0.0,0.0,0.0003528932087754892,omni
4.784634859007963,9.798315094552265,2.975,0.0,0.0,0.011396921156445786,0.29602714886670123,0.0009369789381633023,0.0,0.0,0.0,0.00035101114503802275,unicycle
4.793518099916006,9.79844434832427,2.975,0.0,0.0,0.011407416987370233,0.2961379067697265,0.0009319783325242272,0.0,0.0,0.0,0.0003498610308148031,omni
4.802398020282212,9.798573565477538,2.975,0.0,0.0,0.011417856761195562,0.2960272250593068,0.0009289210513857072,0.0,0.0,0.0,0.0003479924608443525,unicycle
4.811281263502979,9.7987027642068,2.975,0.0,0.0,0.011428262245434792,0.296137982302176,0.0009239563646578901,0.0,0.0,0.0,0.000346849474641067,omni
4.820161186175013,9.798831926017433,2.975,0.0,0.0,0.01143861207603776,0.2960273000815795,0.0009209180874467742,0.0,0.0,0.0,0.0003449943534322053,unicycle
4.8290444316842525,9.798961069748831,2.975,0.0,0.0,0.011448927830884461,0.29613805667270754,0.0009159891984677892,0.0,0.0,0.0,0.00034385849488998376,omni
4.837924356637914,9.799090176267715,2.975,0.0,0.0,0.011459188334180312,0.2960273739480136,0.0009129699228926972,0.0,0.0,0.0,0.00034201677652830623,unicycle
4.846807604411564,9.7992192650533,2.975,0.0,0.0,0.011469414975507764,0.29613812989575855,0.0009080767081123257,0.0,0.0,0.0,0.00034088804424842005,omni
4.855687531622839,9.799348316338392,2.975,0.0,0.0,0.011479586765965765,0.29602744667301933,0.0009050764291408377,0.0,0.0,0.0,0.0003390596819333523,unicycle
4.864570781637022,9.799477350237217,2.975,0.0,0.0,0.011489724908170686,0.2961382019856812,0.0009002187626815905,0.0,0.0,0.0,0.00033793807349740866,omni
4.8734507110820795,9.799606346353373,2.975,0.0,0.0,0.011499808598757674,0.29602751827092055,0.0008972374725933089,0.0,0.0,0.0,0.0003361230195662614,unicycle
4.8823339633131075,9.799735325431309,2.975,0.0,0.0,0.011509858854704385,0.2961382729567403,0.0008924152263133016,0.0,0.0,0.0,0.00033500853155701756,omni
4.89121389496831,9.799864266450115,2.975,0.0,0.0,0.011519855056829656,0.29602758875595264,0.0008894529147550408,0.0,0.0,0.0,0.00033320673750908566,unicycle
4.900097149392679,9.799993190779677,2.975,0.0,0.0,0.011529818037795616,0.29613834282311113,0.0008846659583123082,0.0,0.0,0.0,0.0003320993655318905,omni
4.908977083234574,9.800122076779267,2.975,0.0,0.0,0.011539727361257215,0.29602765814226,0.0008817226123546672,0.0,0.0,0.0,0.00033031078205333106,unicycle
4.917860339828973,9.800250946439458,2.975,0.0,0.0,0.011549603676879952,0.2961384115988771,0.0008769708132723142,0.0,0.0,0.0,0.0003292105207578532,omni
4.9267402758343,9.800379777504352,2.975,0.0,0.0,0.011559426729812345,0.296027726443894,0.000874046417467256,0.0,0.0,0.0,0.00032743509774636954,unicycle
4.9356235345756065,9.80050859258048,2.975,0.0,0.0,0.0115692169880378,0.2961384792980276,0.0008693296411992202,0.0,0.0,0.0,0.0003263419408485258,omni
4.944503472721295,9.800637368801416,2.975,0.0,0.0,0.01157895437686095,0.296027793674811,0.0008664241776380782,0.0,0.0,0.0,0.0003245796274383135,unicycle
4.953386733586578,9.800766129384941,2.975,0.0,0.0,0.011588659183893216,0.2961385459344561,0.0008617422876347451,0.0,0.0,0.0,0.00032349356774223896,omni
4.962266673849748,9.800894850858713,2.975,0.0,0.0,0.011598311513263078,0.2960278598488699,0.0008588557360063918,0.0,0.0,0.0,0.0003217443123286722,unicycle
4.971149936816265,9.801023557047076,2.975,0.0,0.0,0.011607931473515534,0.29613861152195775,0.0008542085937801123,0.0,0.0,0.0,0.0003206653417485839,omni
4.9800298791742295,9.801152223876374,2.975,0.0,0.0,0.011617499346275916,0.29602792497983077,0.0008513409314289857,0.0,0.0,0.0,0.00031892909201273014,unicycle
4.988913144219432,9.801280875772845,2.975,0.0,0.0,0.011627035062323758,0.29613867607422806,0.0008467283966189957,0.0,0.0,0.0,0.00031785720159479257,omni
4.997793088649693,9.801409488066094,2.975,0.0,0.0,0.011636519079459595,0.2960279890813525,0.000843879598602778,0.0,0.0,0.0,0.0003161339045278703,unicycle
5.006676355751222,9.801538085779613,2.975,0.0,0.0,0.011645971151993749,0.2961387396048608,0.000839301529039515,0.0,0.0,0.0,0.0003150690844718286,omni
5.015556302231476,9.801666643650828,2.975,0.0,0.0,0.011655371912585723,0.2960280521669917,0.000836471568186373,0.0,0.0,0.0,0.0003133586863991799,unicycle
5.024439571367169,9.801795187295859,2.975,0.0,0.0,0.011664740940368111,0.29613880212734645,0.0008319278199550495,0.0,0.0,0.0,0.00031230092607968825,omni
5.033319519875305,9.80192369086448,2.975,0.0,0.0,0.011674059041548644,0.29602811425020037,0.0008291166669201593,0.0,0.0,0.0,0.0003106033726844136,unicycle
5.042202791023185,9.802052180560851,2.975,0.0,0.0,0.011683345621368807,0.2961388636550706,0.0008246070944232603,0.0,0.0,0.0,0.00030955266067210924,omni
5.051082741537285,9.802180629951605,2.975,0.0,0.0,0.011692581658279357,0.29602817534432496,0.0008218147177445667,0.0,0.0,0.0,0.0003078678970183582,unicycle
5.059966014675573,9.80230906582436,2.975,0.0,0.0,0.011701786384912375,0.29613892420131244,0.0008173391737634017,0.0,0.0,0.0,0.00030682422110071974,omni
5.0688459671739095,9.80243746116711,2.975,0.0,0.0,0.011710940950662078,0.2960282354626048,0.0008145655399167037,0.0,0.0,0.0,0.00030515219165670054,unicycle
5.077729242281016,9.802565843346372,2.975,0.0,0.0,0.01172006441682783,0.2961389837792436,0.0008101238756720801,0.0,0.0,0.0,0.0003041155388585039,omni
5.086609196742057,9.802694184775971,2.975,0.0,0.0,0.011729138102453398,0.2960282946181706,0.0008073689491253258,0.0,0.0,0.0,0.00030245618751889,unicycle
5.095492473796587,9.8028225133968,2.975,0.0,0.0,0.011738180898777071,0.29613904240192646,0.0008029610143371276,0.0,0.0,0.0,0.00030142654412241556,omni
5.104372430198991,9.802950801052956,2.975,0.0,0.0,0.011747174293203986,0.2960283528240433,0.0008002247576037606,0.0,0.0,0.0,0.0002997798142305831,unicycle
5.11325570917974,9.803079076255203,2.975,0.0,0.0,0.011756137008177852,0.2961391000823133,0.0007958504005493328,0.0,0.0,0.0,0.00029875716579551845,omni
5.122135667502359,9.80320731028234,2.975,0.0,0.0,0.01176505069818281,0.29602841009313263,0.0007931327742407531,0.0,0.0,0.0,0.0002971230001652682,unicycle
5.131018948388319,9.803335532210513,2.975,0.0,0.0,0.011773933918129259,0.29613915683324477,0.0007887918418122476,0.0,0.0,0.0,0.0002961073315481825,omni
5.1398989086101965,9.803463712757628,2.975,0.0,0.0,0.011782768488303806,0.29602846643823655,0.0007860928046893566,0.0,0.0,0.0,0.00029448567248496744,unicycle
5.148782191380545,9.803591881560756,2.975,0.0,0.0,0.01179157279733956,0.29613921266744936,0.0007817851424499147,0.0,0.0,0.0,0.0002934769678584893,omni
5.157662153480919,9.8037200087813,2.975,0.0,0.0,0.01180032883005497,0.2960285218720402,0.0007791046514739008,0.0,0.0,0.0,0.00029186775718034264,unicycle
5.166545438115029,9.803848124612808,2.975,0.0,0.0,0.01180905481005653,0.2961392675975424,0.0007748301037129898,0.0,0.0,0.0,0.0002908660000519775,omni
5.175425402073327,9.803976198664538,2.975,0.0,0.0,0.011817732885429831,0.29602857640711455,0.0007721681140950542,0.0,0.0,0.0,0.0002892691791099247,unicycle
5.1843086885507645,9.804104261682111,2.975,0.0,0.0,0.011826381116000049,0.2961393216360248,0.00076792652388231,0.0,0.0,0.0,0.0002882743523405922,omni
5.193188654346607,9.804232282726979,2.975,0.0,0.0,0.011834981811861212,0.29602863005591606,0.0007652829891325522,0.0,0.0,0.0,0.00028668986203880776,unicycle
5.202071942647125,9.80436029309244,2.975,0.0,0.0,0.011843552870297043,0.29613937479528263,0.0007610741983708708,0.0,0.0,0.0,0.00028570194786099875,omni
5.210951910260324,9.804488261296454,2.975,0.0,0.0,0.011852076762157335,0.29602868283078554,0.0007584490703462693,0.0,0.0,0.0,0.00028412972867639444,unicycle
5.219835200363869,9.804616219175635,2.975,0.0,0.0,0.011860571223418692,0.2961394270875861,0.0007542729198235985,0.0,0.0,0.0,0.00028314870871190627,omni
5.228715169774425,9.804744134708743,2.975,0.0,0.0,0.011869018884440091,0.29602873474394764,0.0007516661487751061,0.0,0.0,0.0,0.0002815887007132819,unicycle
5.237598461661133,9.804872040271364,2.975,0.0,0.0,0.011877437321119812,0.2961394785250892,0.0007475224782153121,0.0,0.0,0.0,0.00028061455599078325,omni
5.246478432849239,9.804999903307335,2.975,0.0,0.0,0.011885809322085548,0.2960287858075104,0.0007449340128341065,0.0,0.0,0.0,0.0002790666988578506,unicycle
5.2553617264994354,9.805127756726895,2.975,0.0,0.0,0.01189415230438045,0.2961395291198292,0.000740822660946755,0.0,0.0,0.0,0.0002780994098300595,omni
5.264241699445473,9.805255567443195,2.975,0.0,0.0,0.011902449213666606,0.29602883603346464,0.000738252448409608,0.0,0.0,0.0,0.0002765636428718179,unicycle
5.273124994839673,9.805383368896836,2.975,0.0,0.0,0.011910717309349575,0.2961395788837259,0.0007341732529387058,0.0,0.0,0.0,0.0002756031894323209,omni
5.282004969524213,9.805511127474517,2.975,0.0,0.0,0.01191893969289773,0.29602888543368344,0.000731621238952383,0.0,0.0,0.0,0.0002740794516051486,unicycle
5.29088826664312,9.80563887714292,2.975,0.0,0.0,0.011927133467290876,0.2961396278285812,0.0007275740367239268,0.0,0.0,0.0,0.00027312581310491644,omni
5.29976824304692,9.8057665837665,2.975,0.0,0.0,0.01193528188858178,0.2960289340199216,0.0007250401655688509,0.0,0.0,0.0,0.00027161404303024326,unicycle
5.3086515418714235,9.805894281833778,2.975,0.0,0.0,0.011943401904530597,0.296139675966079,0.0007210247925376418,0.0,0.0,0.0,0.0002706671982938392,omni
5.3175315199754305,9.806021936691137,2.975,0.0,0.0,0.011951476924558863,0.29602898180381554,0.0007185090071108169,0.0,0.0,0.0,0.00026916733427547964,unicycle
5.326414820486608,9.80614958334471,2.975,0.0,0.0,0.011959523742407371,0.2961397233077846,0.0007145252984062614,0.0,0.0,0.0,0.0002682272616169744,omni
5.335294800271957,9.806277186626973,2.975,0.0,0.0,0.011967525919657112,0.2960290287968831,0.0007120275402632235,0.0,0.0,0.0,0.0002667392416580965,unicycle
5.3441781024510755,9.806404782057475,2.975,0.0,0.0,0.011975500097224014,0.2961397698651447,0.0007080753302339372,0.0,0.0,0.0,0.00026580591889664327,omni
5.353058083899087,9.806532333958911,2.975,0.0,0.0,0.011983429987645502,0.296029075010523,0.0007055955396299379,0.0,0.0,0.0,0.0002643296807163187,unicycle
5.361941387727592,9.806659878360074,2.975,0.0,0.0,0.011991332080201247,0.29613981564948716,0.0007016746618875907,0.0,0.0,0.0,0.00026340308519143675,omni
5.370821370819769,9.80678737907799,2.975,0.0,0.0,0.011999190237188475,0.29602912045601515,0.000699212777817968,0.0,0.0,0.0,0.0002619385662408835,unicycle
5.379704676279297,9.80691487264654,2.975,0.0,0.0,0.012007020797433298,0.2961398606720209,0.0006953230652800351,0.0,0.0,0.0,0.0002610186748274552,omni
5.3885846609973305,9.807042322381172,2.975,0.0,0.0,0.012014807771802477,0.2960291651445202,0.0006928790255197942,0.0,0.0,0.0,0.0002595658123059135,unicycle
5.397467968069699,9.80716976531673,2.975,0.0,0.0,0.01202256734984534,0.2961399049438358,0.0006890203104514632,0.0,0.0,0.0,0.00025865260142883377,omni
5.406347954395462,9.807297164271148,2.975,0.0,0.0,0.01203028368981431,0.29602920908707964,0.0006865940515941703,0.0,0.0,0.0,0.0002572113322990207,unicycle
5.415231263062672,9.807424556776136,2.975,0.0,0.0,0.012037972833152742,0.2961399484759025,0.000682766165649415,0.0,0.0,0.0,0.0002563047779477386,omni
5.42411125097822,9.807551905156146,2.975,0.0,0.0,0.01204561908432128,0.2960292522946155,0.0006803576231452883,0.0,0.0,0.0,0.0002548750389512853,unicycle
5.432994561222455,9.807679247435674,2.975,0.0,0.0,0.012053238337822096,0.29613999127907265,0.0006765603974069258,0.0,0.0,0.0,0.00025397511669388885,omni
5.4418745507100255,9.807806545449717,2.975,0.0,0.0,0.012060815043153076,0.2960292947779309,0.0006741695056000958,0.0,0.0,0.0,0.0002525568443659804,unicycle
5.450757862513649,9.807933837711502,2.975,0.0,0.0,0.012068364949033964,0.2961400333640789,0.0006704027706189101,0.0,0.0,0.0,0.0002516635293629847,omni
5.4596378535556624,9.80806108557056,2.975,0.0,0.0,0.012075872648835374,0.2960293365477099,0.0006680294627840315,0.0,0.0,0.0,0.0002502566600469243,unicycle
5.468521166901219,9.808188328024821,2.975,0.0,0.0,0.012083353746077772,0.2961400747415352,0.0006642930486171932,0.0,0.0,0.0,0.00024936990807989355,omni
5.477401159480299,9.8083155259408,2.975,0.0,0.0,0.012090792976540032,0.29602937761484,0.0006619372065975357,0.0,0.0,0.0,0.0002479743487421368,unicycle
5.48628447435058,9.808442718796309,2.975,0.0,0.0,0.012098205800583012,0.2961401154227551,0.000658230865333486,0.0,0.0,0.0,0.0002470941347658483,omni
5.495164468449575,9.808569866981172,2.975,0.0,0.0,0.012105577095786553,0.29602941799025095,0.0006558924219025031,0.0,0.0,0.0,0.0002457098401179732,unicycle
5.504047784827527,9.808697010450546,2.975,0.0,0.0,0.01211292218034271,0.2961401554177801,0.0006522160324215574,0.0,0.0,0.0,0.0002448361518718266,omni
5.512927780429417,9.8088241091211,2.975,0.0,0.0,0.012120226072372266,0.2960294576837119,0.0006498949543454872,0.0,0.0,0.0,0.0002434630676519032,unicycle
5.521811098298126,9.80895120342108,2.975,0.0,0.0,0.012127503948945927,0.29614019473646247,0.0006462483717679954,0.0,0.0,0.0,0.00024259588578858944,omni
5.530691095386037,9.80907825279766,2.975,0.0,0.0,0.012134740967520884,0.296029496705143,0.0006439446070105562,0.0,0.0,0.0,0.0002412339524986374,unicycle
5.5395744147287465,9.809205298148072,2.975,0.0,0.0,0.012141952165125454,0.29614023338874174,0.0006403276725408119,0.0,0.0,0.0,0.00024037325348563572,omni
5.548454413285973,9.809332298453747,2.975,0.0,0.0,0.01214912283738455,0.2960295350645016,0.0006380411579276744,0.0,0.0,0.0,0.00023902240863657662,unicycle
5.5573377340860945,9.809459295076895,2.975,0.0,0.0,0.012156267882379265,0.296140271384556,0.0006344537048021006,0.0,0.0,0.0,0.00023816816649051034,omni
5.566217734096099,9.80958624653698,2.975,0.0,0.0,0.012163372732757369,0.29602957277171404,0.0006321843706271388,0.0,0.0,0.0,0.00023682834593681144,unicycle
5.575101056337216,9.809713194657263,2.975,0.0,0.0,0.012170452148754791,0.29614030873378994,0.0006286262276676744,0.0,0.0,0.0,0.00023598053324734862,omni
5.583981057783635,9.809840097499034,2.975,0.0,0.0,0.01217749169891386,0.2960296098366355,0.0006263740004248234,0.0,0.0,0.0,0.00023465167196886206,unicycle
5.592864381449503,9.809966997342716,2.975,0.0,0.0,0.012184506006728654,0.2961403454462438,0.0006228449941294691,0.0,0.0,0.0,0.00023381026049321978,omni
5.601744384316145,9.81009385179522,2.975,0.0,0.0,0.012191480775519993,0.2960296462690267,0.0006206097981046696,0.0,0.0,0.0,0.0002324922930446659,unicycle
5.610627709390693,9.810220703590286,2.975,0.0,0.0,0.012198430493141343,0.29614038153161615,0.0006171097538528007,0.0,0.0,0.0,0.00023165725404503465,omni
5.619507713661541,9.810347509884217,2.975,0.0,0.0,0.012205340996585566,0.29602968207854113,0.0006148915120297304,0.0,0.0,0.0,0.0002303501148074764,unicycle
5.6283910401288715,9.810474313860258,2.975,0.0,0.0,0.012212226639162663,0.29614041699949445,0.000611420254757678,0.0,0.0,0.0,0.00022952141923650863,omni
5.637271045788081,9.810601072227865,2.975,0.0,0.0,0.012219073390439253,0.29602971727471816,0.0006092188893157598,0.0,0.0,0.0,0.00022822504255285946,unicycle
5.646154373632467,9.81072782861601,2.975,0.0,0.0,0.012225895470273777,0.29614045185935034,0.0006057762438802029,0.0,0.0,0.0,0.00022740266115085116,omni
5.655034380664365,9.810854539291038,2.975,0.0,0.0,0.012232678979715614,0.2960297518669801,0.0006035916764550714,0.0,0.0,0.0,0.00022611698139458908,unicycle
5.663917709870249,9.810981248323888,2.975,0.0,0.0,0.012239438006257718,0.29614048612053767,0.0006001774678169119,0.0,0.0,0.0,0.00022530088473671542,omni
5.6727977182593285,9.81110791154151,2.975,0.0,0.0,0.012246158781348026,0.2960297858646309,0.0005980096196257864,0.0,0.0,0.0,0.00022402583634360365,unicycle
5.681681048811322,9.811234573453081,2.975,0.0,0.0,0.012252855261193822,0.2961405197922923,0.0005946236729332879,0.0,0.0,0.0,0.00022321599485972173,omni
5.690561058542246,9.811361189449846,2.975,0.0,0.0,0.012259513806564004,0.2960298192768566,0.0005924724648264145,0.0,0.0,0.0,0.000221951512339438,unicycle
5.699444390425131,9.81148780447551,2.975,0.0,0.0,0.012266148243453602,0.2961405528837321,0.0005891146054448383,0.0,0.0,0.0,0.00022114789631984667,omni
5.708324401482731,9.811614373489283,2.975,0.0,0.0,0.012272745060881341,0.29602985211272564,0.0005869799579190333,0.0,0.0,0.0,0.00021989391425805848,unicycle
5.7172077346814465,9.811740941865718,2.975,0.0,0.0,0.012279317955696926,0.29614058540385857,0.0005836500114340688,0.0,0.0,0.0,0.00021909649385273955,omni
5.726087747050714,9.811867464135634,2.975,0.0,0.0,0.012285853544104195,0.2960298843811905,0.0005815318446289448,0.0,0.0,0.0,0.00021785294690890587,unicycle
5.734971081550371,9.811993986100768,2.975,0.0,0.0,0.012292365394867931,0.2961406173615574,0.0005782296368392986,0.0,0.0,0.0,0.00021706169212457114,omni
5.743851095216466,9.812120461867165,2.975,0.0,0.0,0.0122988402503188,0.29602991609108786,0.0005761278705274444,0.0,0.0,0.0,0.00021582851502896527,unicycle
5.752734431002333,9.812246937660118,2.975,0.0,0.0,0.01230529155219058,0.2961406487655993,0.0005728532274347283,0.0,0.0,0.0,0.00021504339572595103,omni
5.761614445950573,9.812373367164495,2.975,0.0,0.0,0.012311706167888884,0.2960299472511406,0.0005707677810120364,0.0,0.0,0.0,0.00021382052327694102,unicycle
5.7704977830080795,9.812499797025524,2.975,0.0,0.0,0.012318097413163896,0.2961406796246423,0.0005675205288125895,0.0,0.0,0.0,0.0002130415091669689,omni
5.779377799223946,9.812626180510474,2.975,0.0,0.0,0.012324452279450778,0.296029977869959,0.0005654513212912985,0.0,0.0,0.0,0.00021182887622949508,unicycle
5.788261137538682,9.812752564680919,2.975,0.0,0.0,0.012330783957557026,0.29614070994723196,0.0005622312863710736,0.0,0.0,0.0,0.0002110559368749962,omni
5.797141155007814,9.81287890239007,2.975,0.0,0.0,0.01233707956190845,0.2960300079560412,0.0005601782363767558,0.0,0.0,0.0,0.00020985347838074238,unicycle
5.806024494565528,9.813005241112288,2.975,0.0,0.0,0.012343352159404315,0.2961407397418025,0.0005569852453104653,0.0,0.0,0.0,0.00020908658319550384,omni
5.81490451327372,9.813131533290258,2.975,0.0,0.0,0.012349588986428635,0.29603003751777457,0.0005549482710831091,0.0,0.0,0.0,0.00020789423414407896,unicycle
5.823787854060317,9.813257826807584,2.975,0.0,0.0,0.012355802987000493,0.2961407690166783,0.0005517821506371046,0.0,0.0,0.0,0.00020713335239518356,omni
5.832667873993524,9.813384073699916,2.975,0.0,0.0,0.012361981518436193,0.29603006656343706,0.0005497611700359172,0.0,0.0,0.0,0.00020595104785667512,unicycle
5.8415512159950636,9.813510322256587,2.975,0.0,0.0,0.012368137402896223,0.2961407977800744,0.000546621747174518,0.0,0.0,0.0,0.00020519614866763118,omni
5.8504312371393885,9.813636524109691,2.975,0.0,0.0,0.012374258117609805,0.2960300951011974,0.0005446166776858377,0.0,0.0,0.0,0.00020402382378614307,unicycle
5.859314580342085,9.813762727950797,2.975,0.0,0.0,0.012380356363894033,0.29614082604009756,0.0005415037795803169,0.0,0.0,0.0,0.00020327487614098168,omni
5.868194602683793,9.813888885011904,2.975,0.0,0.0,0.012386419737878207,0.29603012313911675,0.0005395145383281931,0.0,0.0,0.0,0.00020211246613904084,unicycle
5.877077947074012,9.814015044383337,2.975,0.0,0.0,0.012392460821044818,0.29614085380474764,0.0005364279923681977,0.0,0.0,0.0,0.00020136943888705844,omni
5.885957970599513,9.81414115690043,2.975,0.0,0.0,0.01239846732741693,0.29603015068514954,0.0005344544961270923,0.0,0.0,0.0,0.00020021687907045843,unicycle
5.894841316163772,9.814267272048825,2.975,0.0,0.0,0.01240445171964488,0.2961408810819181,0.0005313941299337781,0.0,0.0,0.0,0.00019947974093173648,omni
5.903721340859629,9.814393340270597,2.975,0.0,0.0,0.012410401828645739,0.29603017774714413,0.0005294362951428324,0.0,0.0,0.0,0.00019833696669527832,unicycle
5.912604687584595,9.81451941144328,2.975,0.0,0.0,0.012416329999233734,0.29614090787939684,0.0005264019365832766,0.0,0.0,0.0,0.00019760568626645258,omni
5.921484713437522,9.814645435619074,2.975,0.0,0.0,0.012422224178226717,0.2960302043328436,0.000524459679361759,0.0,0.0,0.0,0.00019647263309948663,unicycle
5.930368061310009,9.814771463064012,2.975,0.0,0.0,0.012428096593592513,0.29614093420486726,0.0005214511565643147,0.0,0.0,0.0,0.00019574717885992751,omni
5.939248088306867,9.814897443443773,2.975,0.0,0.0,0.01243393530706309,0.2960302304498871,0.0005195243927278589,0.0,0.0,0.0,0.00019462378235260834,unicycle
5.9481314373138385,9.81502342740951,2.975,0.0,0.0,0.012439752430743216,0.2961409600659093,0.0005165415340980476,0.0,0.0,0.0,0.00019390412267085333,omni
5.957011465441632,9.815149364243727,2.975,0.0,0.0,0.012445536140298826,0.2960302561058104,0.0005146301791754919,0.0,0.0,0.0,0.00019279031852030654,unicycle
5.9658948155701985,9.815275304979348,2.975,0.0,0.0,0.012451298432948638,0.2961409854700001,0.0005116728134123816,0.0,0.0,0.0,0.00019207642166039135,omni
5.974774844816084,9.815401198519014,2.975,0.0,0.0,0.012457027597318942,0.2960302813080471,0.0005097767826630097,0.0,0.0,0.0,0.00019097214567673448,unicycle
5.983658196053494,9.815527096274087,2.975,0.0,0.0,0.012462735516713088,0.2961410104245151,0.0005068447387757997,0.0,0.0,0.0,0.00019026397980492592,omni
5.992538226404766,9.815652946770635,2.975,0.0,0.0,0.012468410591750627,0.2960303060639291,0.0005049639472067335,0.0,0.0,0.0,0.00018916916791795064,unicycle
6.001421578738418,9.815778801795162,2.975,0.0,0.0,0.012474064592783905,0.2961410349367287,0.0005020570545313275,0.0,0.0,0.0,0.00018846670110924898,omni
6.010301610182516,9.815904609500432,2.975,0.0,0.0,0.012479686031465136,0.2960303303806879,0.000500191416914989,0.0,0.0,0.0,0.00018738128937430235,unicycle
6.0191849635999475,9.816030422044804,2.975,0.0,0.0,0.012485286566153707,0.2961410590138153,0.0004973095051305626,0.0,0.0,0.0,0.00018668448961903705,omni
6.028064996124451,9.816156187210987,2.975,0.0,0.0,0.012490854818580414,0.2960303542654551,0.0004954589360220396,0.0,0.0,0.0,0.0001856084142234867,unicycle
6.036948350613339,9.816281957525936,2.975,0.0,0.0,0.012496402336063429,0.2961410826628501,0.0004926018351673435,0.0,0.0,0.0,0.00018491724943390402,omni
6.04582838420597,9.81640768040553,2.975,0.0,0.0,0.012501917849464523,0.29603037772526364,0.0004907662489216354,0.0,0.0,0.0,0.00018385044670319188,unicycle
6.054711739754131,9.816533408742082,2.975,0.0,0.0,0.012507412796006116,0.2961411058908102,0.0004879337894111547,0.0,0.0,0.0,0.00018316488471975696,omni
6.063591774402748,9.81665908958784,2.975,0.0,0.0,0.012512876014739814,0.2960304007670488,0.0004861131002002782,0.0,0.0,0.0,0.00018210729112321772,unicycle
6.072475130998137,9.816784776197277,2.975,0.0,0.0,0.012518318833731447,0.2961411287045755,0.000483305112840146,0.0,0.0,0.0,0.00018142729972107588,omni
6.081355166690734,9.816910415262178,2.975,0.0,0.0,0.01252373019928779,0.2960304233976486,0.0004814992346699463,0.0,0.0,0.0,0.0001803788518781004,unicycle
6.090238524321442,9.817036060395976,2.975,0.0,0.0,0.012529121331250993,0.29614115111092915,0.0004787155506734355,0.0,0.0,0.0,0.00017970439877342066,omni
6.099118561046155,9.817161657933164,2.975,0.0,0.0,0.012534481282254768,0.2960304456238051,0.0004769243974001476,0.0,0.0,0.0,0.0001786650334591847,unicycle
6.108001919700409,9.817287261842976,2.975,0.0,0.0,0.012539821164844226,0.29614117311655885,0.00047416484840292035,0.0,0.0,0.0,0.00017799608631524505,omni
6.1168819574455044,9.817412818105733,2.975,0.0,0.0,0.012545130137058215,0.29603046745216494,0.0004723883337495454,0.0,0.0,0.0,0.0001769657404662611,unicycle
6.125765317111663,9.817538381043326,2.975,0.0,0.0,0.012550419205065201,0.2961411947280579,0.00046965275182465243,0.0,0.0,0.0,0.00017630226689952248,omni
6.13464535586554,9.817663896285023,2.975,0.0,0.0,0.012555677631393779,0.2960304888892812,0.0004678907893968729,0.0,0.0,0.0,0.00017528087761924056,unicycle
6.143528716532095,9.817789418502246,2.975,0.0,0.0,0.012560916316749937,0.2961412159519261,0.00046517900706908476,0.0,0.0,0.0,0.00017462284520521849,omni
6.152408756283286,9.8179148929763,2.975,0.0,0.0,0.012566124627243014,0.29603050994161334,0.0004634315103709106,0.0,0.0,0.0,0.0001736103497692446,unicycle
6.161292117938862,9.818040374725046,2.975,0.0,0.0,0.012571313359024465,0.2961412367945704,0.00046074336063093105,0.0,0.0,0.0,0.00017295772604846875,omni
6.1701721586760305,9.818165808684887,2.975,0.0,0.0,0.012576471980881769,0.2960305306155284,0.0004590102430801109,0.0,0.0,0.0,0.00017195406191011081,unicycle
6.17905552130938,9.818291250217051,2.975,0.0,0.0,0.01258161118531358,0.2961412572623058,0.00045634555939839613,0.0,0.0,0.0,0.00017130681439371357,omni
6.187935576548491,9.818415107194598,2.975,0.0,0.0,0.012586720542889243,0.29603035719246806,0.00040340106657292844,0.0,0.0,0.0,0.00017031191918871842,unicycle
6.1968189746028886,9.818536601058065,2.975,0.0,0.0,0.012590126266802582,0.29614078568476226,0.00032197382181873,0.0,0.0,0.0,0.00011352413044464932,omni
6.205698885559241,9.818648895267915,2.975,0.0,0.0,0.01259091180815102,0.29602069812491416,1.618584474159557e-05,0.0,0.0,0.0,2.618471161460503e-05,unicycle
6.214581850356667,9.818748542825695,2.975,0.0,0.0,0.012585923664010179,0.2961171781563509,-0.0004059951948456271,0.0,0.0,0.0,-0.00016627147136136293,unicycle
6.223552530583201,9.818840869798484,2.975,0.0,0.0,0.012568365556115088,0.29903773011647344,-0.0006834299135726189,0.0,0.0,0.0,-0.0005852702631697415,unicycle
6.2326587221472005,9.818929556753783,2.975,0.0,0.0,0.012531393295191949,0.3035529148373542,-0.0008532878327316411,0.0,0.0,0.0,-0.0012324086974379134,unicycle
6.241753898040411,9.819014586011086,2.975,0.0,0.0,0.012394785517297299,0.3031843079590135,-0.0009442800732841383,0.0,0.0,0.0,-0.004553592596488395,unicycle
6.250587292034196,9.81909308817878,2.975,0.0,0.0,0.012024531968177963,0.2944564696931852,-0.0009784576768879002,0.0,0.0,0.0,-0.012341784970644459,unicycle
6.258994740129962,9.819161982011313,2.975,0.0,0.0,0.011304947822103777,0.2802559969828272,-0.0009726442106607723,0.0,0.0,0.0,-0.02398613820247293,unicycle
6.266876382106902,9.819218289183405,2.975,0.0,0.0,0.010135456194314305,0.2627264384410061,-0.0009395746922768281,0.0,0.0,0.0,-0.03898305425964912,unicycle
6.274179441916491,9.819259414314566,2.975,0.0,0.0,0.008428899643194102,0.24343759372778495,-0.0008887990263182036,0.0,0.0,0.0,-0.05688521837067349,unicycle
6.280885007401609,9.81928334104157,2.975,0.0,0.0,0.006110791563153614,0.22351879108652573,-0.0008273969061502686,0.0,0.0,0.0,-0.07727026933468299,unicycle
6.286997949497084,9.819288735553751,2.975,0.0,0.0,0.003119070803265369,0.20376347250139887,-0.0007605420244331889,0.0,0.0,0.0,-0.09972402532960839,unicycle
6.2925392972384735,9.819274967905075,2.975,0.0,0.0,-0.0005959539878624157,0.18471097165606853,-0.0006919460545328915,0.0,0.0,0.0,-0.12383415970425976,unicycle
6.297540526014178,9.819242069030915,2.975,0.0,0.0,-0.005071681125867449,0.16671020327374,-0.000624206891747744,0.0,0.0,0.0,-0.1491909046001682,unicycle
6.3020393294069175,9.819190643137341,2.975,0.0,0.0,-0.010333440015183371,0.14996904116241602,-0.0005590808139301537,0.0,0.0,0.0,-0.17539196297719792,unicycle
6.306076535235788,9.819121753834848,2.975,0.0,0.0,-0.016394922258758278,0.13459240373950268,-0.000497694320818557,0.0,0.0,0.0,-0.2020494081191645,unicycle
6.309693898502373,9.819036799600143,2.975,0.0,0.0,-0.023258830428328818,0.12061145525931528,-0.0004407082650008379,0.0,0.0,0.0,-0.22879693898568607,unicycle
6.31293256145557,9.818937390759574,2.975,0.0,0.0,-0.030917722505553847,0.10800584018450123,-0.0003884443521919393,0.0,0.0,0.0,-0.2552964025741698,unicycle
6.315832016798274,9.818825236739256,2.975,0.0,0.0,-0.03935501114486467,0.09672047418316967,-0.0003409820482657767,0.0,0.0,0.0,-0.2812429546436973,unicycle
6.318429446470236,9.81870204915573,2.975,0.0,0.0,-0.04854606878732353,0.0866780994647796,-0.00029823229075967507,0.0,0.0,0.0,-0.30636858808196676,unicycle
6.320759337304315,9.818569463620097,2.975,0.0,0.0,-0.058459389160825714,0.07778855947143895,-0.00025999308659252566,0.0,0.0,0.0,-0.33044401245008,unicycle
6.322853297654692,9.818428980985404,2.975,0.0,0.0,-0.06905776007847005,0.06995554606181059,-0.00022599102316516137,0.0,0.0,0.0,-0.35327903058815385,unicycle
6.324740017034848,9.818281927191096,2.975,0.0,0.0,-0.08029940948828942,0.06308141133689836,-0.00019591187626769385,0.0,0.0,0.0,-0.37472164699399135,unicycle
6.326445324850684,9.818129429805113,2.975,0.0,0.0,-0.09213909481863482,0.0570705081301078,-0.00016942282431031683,0.0,0.0,0.0,-0.39465617767819616,unicycle
6.327992315256636,9.817972408757614,2.975,0.0,0.0,-0.1045291137203645,0.05183142142747992,-0.00014618824112587348,0.0,0.0,0.0,-0.4130006300576771,unicycle
6.329401513637668,9.817811578509838,2.975,0.0,0.0,-0.1174202216735281,0.04727837235746581,-0.00012588061211000017,0.0,0.0,0.0,-0.42970359843881123,unicycle
6.330691066743882,9.817647458916106,2.975,0.0,0.0,-0.13076244826336614,0.0433320126668549,-0.00010818777906592367,0.0,0.0,0.0,-0.44474088632796394,unicycle
6.331876943493519,9.817480392232751,2.975,0.0,0.0,-0.144505809117145,0.03991977737632592,-9.281745028692048e-05,0.0,0.0,0.0,-0.4581120284593301,unicycle
6.332973137248783,9.817310564034445,2.975,0.0,0.0,-0.15860091454744413,0.03697592384699995,-7.949970001382327e-05,0.0,0.0,0.0,-0.4698368476766755,unicycle
6.333991863224192,9.817138026159508,2.975,0.0,0.0,-0.17299947896696183,0.03444135458820996,-6.798801407109257e-05,0.0,0.0,0.0,-0.47995214731729985,unicycle
6.334943746820913,9.816962720179689,2.975,0.0,0.0,-0.1876547372619136,0.03226329703141842,-5.8059307062247923e-05,0.0,0.0,0.0,-0.4885086098317711,unicycle
6.335838000259713,9.816784500247456,2.975,0.0,0.0,-0.20252177568535282,0.030394894771975687,-4.9513233643720174e-05,0.0,0.0,0.0,-0.4955679474480235,unicycle
6.336682586040562,9.816603154496855,2.975,0.0,0.0,-0.21755778560409345,0.028794750308541842,-4.217103620000475e-05,0.0,0.0,0.0,-0.5012003306247396,unicycle
6.3374843665901714,9.81641842445243,2.975,0.0,0.0,-0.23272224873626604,0.027426448186847165,-3.5874108990980204e-05,0.0,0.0,0.0,-0.505482104405808,unicycle
6.338249240048697,9.816230022131126,2.975,0.0,0.0,-0.24797706246666987,0.026258078960790052,-3.0482410759479955e-05,0.0,0.0,0.0,-0.5084937910135181,unicycle
6.338982262553881,9.816037644705112,2.975,0.0,0.0,-0.2632866135214429,0.025261777947709854,-2.587282086078548e-05,0.0,0.0,0.0,-0.510318368492491,unicycle
6.339687757651589,9.815840986732777,2.975,0.0,0.0,-0.27861780780193907,0.02441328792220162,-2.1937505805533457e-05,0.0,0.0,0.0,-0.5110398093499317,unicycle
6.340369413631231,9.815639750065996,2.975,0.0,0.0,-0.2939400635837871,0.023691551304831693,-1.8582341785550643e-05,0.0,0.0,0.0,-0.5107418593949932,unicycle
6.341030369680107,9.8154336516098,2.975,0.0,0.0,-0.30922527463058097,0.023078334774963193,-1.5725422764856464e-05,0.0,0.0,0.0,-0.5095070348931883,unicycle
6.341673291792333,9.815222429152183,2.975,0.0,0.0,-0.3244477490903138,0.022557887347354987,-1.3295671867893118e-05,0.0,0.0,0.0,-0.5074158153244841,unicycle
6.34230043937151,9.81500584550226,2.975,0.0,0.0,-0.339584129364446,0.022116631625072602,-1.1231565138815954e-05,0.0,0.0,0.0,-0.5045460091377936,unicycle
6.34291372344291,9.814783691179597,2.975,0.0,0.0,-0.3546132974843573,0.02174288703956944,-9.479970535691329e-06,0.0,0.0,0.0,-0.5009722706637616,unicycle
6.343514757349697,9.81455578589065,2.975,0.0,0.0,-0.36951626991145153,0.021426623305889694,-7.995100678390977e-06,0.0,0.0,0.0,-0.4967657475698593,unicycle
6.344104900754932,9.814321979013416,2.975,0.0,0.0,-0.3842760851039749,0.021159241974112654,-6.737574932984774e-06,0.0,0.0,0.0,-0.49199383975082617,unicycle
6.34468529771169,9.814082149291677,2.975,0.0,0.0,-0.39887768667044976,0.020933383783620807,-5.673584533714415e-06,0.0,0.0,0.0,-0.4867200522158756,unicycle
6.345256909501098,9.81383620391784,2.975,0.0,0.0,-0.4133078044584254,0.020742759475632186,-4.774153341296814e-06,0.0,0.0,0.0,-0.48100392626589794,unicycle
6.345820542875076,9.813584077160055,2.975,0.0,0.0,-0.4275548355077878,0.02058200175446139,-4.014486301512806e-06,0.0,0.0,0.0,-0.4749010349787865,unicycle
6.346376874278826,9.813325728666328,2.975,0.0,0.0,-0.44160872642845767,0.02044653618105194,-3.373397538509722e-06,0.0,0.0,0.0,-0.4684630306890356,unicycle
6.3469264705689215,9.813061141556629,2.975,0.0,0.0,-0.455460858440207,0.02033246891243694,-2.8328101695644655e-06,0.0,0.0,0.0,-0.4617377337250149,unicycle
6.347469806687067,9.81279032039391,2.975,0.0,0.0,-0.46910393603417766,0.020236489352412047,-2.3773202691349364e-06,0.0,0.0,0.0,-0.4547692531323875,unicycle
6.3480072806976295,9.812513289107073,2.975,0.0,0.0,-0.4825318799777689,0.02015578594055385,-1.993817870383188e-06,0.0,0.0,0.0,-0.4475981314530705,unicycle
6.3485392265493195,9.8122300889231,2.975,0.0,0.0,-0.4957397251830024,0.02008797347073775,-1.6711584207549064e-06,0.0,0.0,0.0,-0.44026150684114473,unicycle
6.3490659248777535,9.811940776351966,2.975,0.0,0.0,-0.5087235237894195,0.020031030490915827,-1.3998786674742965e-06,0.0,0.0,0.0,-0.43279328688059726,unicycle
6.349587612126248,9.811645421256475,2.975,0.0,0.0,-0.5214802536722839,0.019983245489377587,-1.1719515125416444e-06,0.0,0.0,0.0,-0.42522432942883176,unicycle
6.350104488226738,9.811344105029514,2.975,0.0,0.0,-0.5340077324718163,0.019943170716690113,-9.80574926748343e-07,0.0,0.0,0.0,-0.4175826266511032,unicycle
6.350616723051106,9.811036918893418,2.975,0.0,0.0,-0.5463045371460945,0.019909582625674736,-8.199905362429421e-07,0.0,0.0,0.0,-0.40989348914261997,unicycle
6.351124461815094,9.810723962329789,2.975,0.0,0.0,-0.5583699289760764,0.019881448033539615,-6.853279857616237e-07,0.0,0.0,0.0,-0.4021797276660816,unicycle
6.351627829592169,9.810405341643177,2.975,0.0,0.0,-0.570203783893246,0.019857895220591296,-5.724716356122147e-07,0.0,0.0,0.0,-0.3944618305723306,unicycle
6.352126935072872,9.810081168658154,2.975,0.0,0.0,-0.581806527956146,0.019838189279094365,-4.7794656313993e-07,0.0,0.0,0.0,-0.3867581354300178,unicycle
6.352621873686051,9.80975155954645,2.975,0.0,0.0,-0.5931790777694209,0.019821711114376694,-3.988212136933059e-07,0.0,0.0,0.0,-0.37908499377584376,unicycle
6.353112730181709,9.80941663377878,2.975,0.0,0.0,-0.6043227856159819,0.01980793957887698,-3.3262438221843655e-07,0.0,0.0,0.0,-0.37145692821871074,unicycle
6.353599580760679,9.809076513194485,2.975,0.0,0.0,-0.6152393890578934,0.019796436289269304,-2.772745064814924e-07,0.0,0.0,0.0,-0.36388678139706837,unicycle
6.354082494823748,9.808731321181273,2.975,0.0,0.0,-0.6259309647530814,0.019786832737878245,-2.3101951896972581e-07,0.0,0.0,0.0,-0.35638585650627885,unicycle
6.354561536402053,9.80838118195678,2.975,0.0,0.0,-0.636399886231742,0.01977881936311656,-1.9238573941821028e-07,0.0,0.0,0.0,-0.34896404928869107,unicycle
6.355036765321126,9.808026219943535,2.975,0.0,0.0,-0.6466487853773221,0.01977213629041033,-1.601344964152213e-07,0.0,0.0,0.0,-0.34162997151934515,unicycle
6.35550823814301,9.80766655922898,2.975,0.0,0.0,-0.6566805173612281,0.01976656549575785,-1.3322534739665602e-07,0.0,0.0,0.0,-0.3343910661302095,unicycle
6.355976008923942,9.807302323102359,2.975,0.0,0.0,-0.666498128787238,0.019761924179382558,-1.1078492419766207e-07,0.0,0.0,0.0,-0.3272537142003353,unicycle
6.356440129819214,9.806933633660734,2.975,0.0,0.0,-0.6761048288103118,0.019758059167517206,-9.208056869196202e-08,0.0,0.0,0.0,-0.3202233341024616,unicycle
6.356900651561824,9.806560611476803,2.975,0.0,0.0,-0.6855039630045728,0.019754842186769997,-7.649804224671269e-08,0.0,0.0,0.0,-0.3133044731420421,unicycle
6.357357623837228,9.806183375321677,2.975,0.0,0.0,-0.6946989897662385,0.019752165878291067,-6.352269589473947e-08,0.0,0.0,0.0,-0.30650089205552195,unicycle
6.357811095572939,9.80580204193629,2.975,0.0,0.0,-0.7036934590488483,0.01974994043854446,-5.272357722466832e-08,0.0,0.0,0.0,-0.2998156427536681,unicycle
6.358261115158554,9.805416725845701,2.975,0.0,0.0,-0.7124909932400022,0.019748090790309782,-4.374002676984894e-08,0.0,0.0,0.0,-0.29325113970513794,unicycle
6.358707730609299,9.805027539210966,2.975,0.0,0.0,-0.7210952700007186,0.019746554201955348,-3.627038271246984e-08,0.0,0.0,0.0,-0.2868092253572148,unicycle
6.359150989683897,9.804634591713924,2.975,0.0,0.0,-0.72951000690031,0.019745278285364574,-3.006246941041067e-08,0.0,0.0,0.0,-0.2804912299863867,unicycle
6.359590939965793,9.804237990470485,2.975,0.0,0.0,-0.7377389476911872,0.019744219313442557,-2.490559384115701e-08,0.0,0.0,0.0,-0.27429802636256867,unicycle
6.360027628915166,9.80383783996872,2.975,0.0,0.0,-0.7457858500791399,0.019743340807129313,-2.0623815632355326e-08,0.0,0.0,0.0,-0.26823007959842515,unicycle
6.360461103897884,9.803434242028253,2.975,0.0,0.0,-0.7536544748553509,0.019742612349515888,-1.7070291871530828e-08,0.0,0.0,0.0,-0.2622874925403721,unicycle
6.360891412196458,9.803027295777966,2.975,0.0,0.0,-0.7613485762665871,0.019742008591188312,-1.4122528197022534e-08,0.0,0.0,0.0,-0.2564700470412129,unicycle
6.361318601007135,9.802617097649328,2.975,0.0,0.0,-0.7688718935096855,0.019741508416474894,-1.167839349958632e-08,0.0,0.0,0.0,-0.25077724143661545,unicycle
6.36174271742653,9.80220374138299,2.975,0.0,0.0,-0.7762281432455637,0.01974109424498636,-9.652777544977189e-09,0.0,0.0,0.0,-0.24520832452927488,unicycle
6.362163808430532,9.801787318046557,2.975,0.0,0.0,-0.7834210130365447,0.019740751446837276,-7.974789513115965e-09,0.0,0.0,0.0,-0.23976232636603537,unicycle
6.362581920847728,9.80136791606175,2.975,0.0,0.0,-0.7904541556187878,0.019740467853326386,-6.5854113156201845e-09,0.0,0.0,0.0,-0.2344380860747769,unicycle
6.362997101329117,9.800945621239325,2.975,0.0,0.0,-0.7973311839290806,0.019740233347722805,-5.435533011620785e-09,0.0,0.0,0.0,-0.22923427700975657,unicycle
6.363409396315562,9.800520516820422,2.975,0.0,0.0,-0.8040556668121758,0.019740039523232396,-4.484309045860135e-09,0.0,0.0,0.0,-0.22414942943650906,unicycle
6.363818852004105,9.800092683523095,2.975,0.0,0.0,-0.8106311253412908,0.019739879397269774,-3.6977836872736864e-09,0.0,0.0,0.0,-0.21918195097049475,unicycle
6.3642255143140245,9.799662199593016,2.975,0.0,0.0,-0.8170610296903165,0.019739747172893646,-3.0477422115697586e-09,0.0,0.0,0.0,-0.21433014496752872,unicycle
6.364629428853345,9.799229140857422,2.975,0.0,0.0,-0.8233487965017774,0.019739638039724536,-2.510751271258499e-09,0.0,0.0,0.0,-0.20959222704869382,unicycle
6.365030640886295,9.798793580781583,2.975,0.0,0.0,-0.8294977866996164,0.019739548007896082,-2.0673577222883765e-09,0.0,0.0,0.0,-0.20496633992796554,unicycle
6.365429195302132,9.79835559052706,2.975,0.0,0.0,-0.835511303700532,0.019739473769628847,-1.7014200911533471e-09,0.0,0.0,0.0,-0.2004505666971786,unicycle
6.365825136585589,9.797915239011251,2.975,0.0,0.0,-0.841392591981839,0.01973941258388945,-1.3995510092323453e-09,0.0,0.0,0.0,-0.19604294271023626,unicycle
6.366218508789164,9.797472592967704,2.975,0.0,0.0,-0.8471448359677368,0.019739362180332495,-1.1506524307666831e-09,0.0,0.0,0.0,-0.19174146619659177,unicycle
6.366609355507356,9.797027717006786,2.975,0.0,0.0,-0.8527711591994268,0.019739320679340838,-9.455283881171614e-10,0.0,0.0,0.0,-0.18754410772299498,unicycle
6.367085192813194,9.796480018704374,2.975,0.0,0.0,-0.8582122555408991,0.024184381341360715,-7.765625084591512e-10,0.0,0.0,0.0,-0.18136987804907864,unicycle
6.367778620059703,9.795673268942055,2.975,0.0,0.0,-0.8633765123726121,0.0354602914121878,-6.374495925987935e-10,0.0,0.0,0.0,-0.17214189439043823,unicycle
6.368771516332156,9.794506360875804,2.975,0.0,0.0,-0.8682091137541459,0.05107208426015729,-5.229723007914702e-10,0.0,0.0,0.0,-0.16108671271778857,unicycle
6.370108968913957,9.792919610857268,2.975,0.0,0.0,-0.8726821758053914,0.06917419405200337,-4.288154545471622e-10,0.0,0.0,0.0,-0.14910206837484585,unicycle
6.371809787647956,9.790884111594018,2.975,0.0,0.0,-0.876787206660545,0.08841852179733994,-3.514116916172311e-10,0.0,0.0,0.0,-0.13683436183844921,unicycle
6.373874375385775,9.788393466313769,2.975,0.0,0.0,-0.8805293735713213,0.10783654633365841,-2.8781324104423614e-10,0.0,0.0,0.0,-0.12473889702587974,unicycle
6.3762905735721125,9.785457391935505,2.975,0.0,0.0,-0.883923172259655,0.126748045384944,-2.3558544788899626e-10,0.0,0.0,0.0,-0.11312662294445205,unicycle
6.379037970521485,9.782096793330576,2.975,0.0,0.0,-0.886989181792935,0.14469058074601693,-1.9271839967193623e-10,0.0,0.0,0.0,-0.102200317775999,unicycle
6.382091050695741,9.778339995665117,2.975,0.0,0.0,-0.8897516573333875,0.16136515578981947,-1.5755361114966384e-10,0.0,0.0,0.0,-0.09208251801508627,unicycle
6.385341292503048,9.774318813213702,2.975,0.0,0.0,-0.8923021173118338,0.1723497561654515,-1.2872322972886228e-10,0.0,0.0,0.0,-0.08501533261487591,unicycle
6.388637292026699,9.770220021667223,2.975,0.0,0.0,-0.8947708595408254,0.17532103585375047,-1.050996465434415e-10,0.0,0.0,0.0,-0.08229140763305237,unicycle
6.391874139016376,9.766174309419448,2.975,0.0,0.0,-0.8972563566795521,0.1727071376199276,-8.575375140491247e-11,0.0,0.0,0.0,-0.08284990462423092,unicycle
6.394981791705185,9.762269858991372,2.975,0.0,0.0,-0.8998328765714979,0.1663405214065126,-6.992036476238852e-11,0.0,0.0,0.0,-0.08588399639818887,unicycle
6.397916155862996,9.758563011374337,2.975,0.0,0.0,-0.902556028636826,0.15759027775567652,-5.696962595788591e-11,0.0,0.0,0.0,-0.09077173551093753,unicycle
6.400652235245117,9.7550865691862,2.975,0.0,0.0,-0.9054668264518843,0.1474667363306733,-4.6383322395736773e-11,0.0,0.0,0.0,-0.09702659383526893,unicycle
6.403178880989028,9.751856210226247,2.975,0.0,0.0,-0.9085946925063606,0.13670394385097648,-3.773531544282615e-11,0.0,0.0,0.0,-0.10426220181587981,unicycle
6.4054946978253104,9.74887533753054,2.975,0.0,0.0,-0.9120156251812233,0.12582449656800823,-3.067536154208426e-11,0.0,0.0,0.0,-0.11403108916208662,unicycle
6.407604909236779,9.746138747588391,2.975,0.0,0.0,-0.9158268654360335,0.11519033122923687,-2.4915745851457073e-11,0.0,0.0,0.0,-0.12704134182701085,unicycle
6.409519130465458,9.743635499513655,2.975,0.0,0.0,-0.9200862884199568,0.10504236631961944,-2.022024464829732e-11,0.0,0.0,0.0,-0.14198076613077637,unicycle
6.41124977117701,9.741351101229512,2.975,0.0,0.0,-0.9248223889111629,0.09553131043515624,-1.6395015058065954e-11,0.0,0.0,0.0,-0.1578700163735361,unicycle
6.412810831102656,9.73926909398341,2.975,0.0,0.0,-0.9300419699458014,0.08674149102199179,-1.3281079131890088e-11,0.0,0.0,0.0,-0.17398603448794236,unicycle
6.414217005598042,9.737372180646767,2.975,0.0,0.0,-0.93573605690579,0.07870918330494475,-1.0748126214082547e-11,0.0,0.0,0.0,-0.1898028986662893,unicycle
6.415483035654735,9.735643011803107,2.975,0.0,0.0,-0.94188443959283,0.07143661886100436,-8.689404833957284e-12,0.0,0.0,0.0,-0.20494608956800137,unicycle
6.416623249756761,9.734064717696919,2.975,0.0,0.0,-0.9484591526765613,0.06490261200496161,-7.017514634794044e-12,0.0,0.0,0.0,-0.21915710279104517,unicycle
6.417651254931846,9.732621253324359,2.975,0.0,0.0,-0.9554271340203044,0.05907054860345353,-5.6609414596076345e-12,0.0,0.0,0.0,-0.2322660447914352,unicycle
6.418579742379758,9.731297607602798,2.975,0.0,0.0,-0.9627522458600051,0.053894326913115874,-4.561205769105008e-12,0.0,0.0,0.0,-0.24417039465668977,unicycle
6.4194203796923235,9.730079914892926,2.975,0.0,0.0,-0.9703968018621706,0.04932271608101111,-3.670517006493017e-12,0.0,0.0,0.0,-0.2548185334055208,unicycle
6.420183767209078,9.728955497442016,2.975,0.0,0.0,-0.9783227108022331,0.045302499000448214,-2.9498451257233113e-12,0.0,0.0,0.0,-0.2641969646687536,unicycle
6.420879440665457,9.727912859940986,2.975,0.0,0.0,-0.9864923227433955,0.04178068738477673,-2.367335913444243e-12,0.0,0.0,0.0,-0.27232039803875285,unicycle
6.4215159061206935,9.726941651817972,2.975,0.0,0.0,-0.9948690444329925,0.038706034244782826,-1.8970095009300478e-12,0.0,0.0,0.0,-0.2792240563199047,unicycle
6.422100696308028,9.726032608706348,2.975,0.0,0.0,-1.0034177758439866,0.036030019232142003,-1.517692030508753e-12,0.0,0.0,0.0,-0.2849577136998101,unicycle
6.422640440124516,9.725177481393528,2.975,0.0,0.0,-1.0121052083569628,0.03370744295993062,-1.212139185834575e-12,0.0,0.0,0.0,-0.2895810837658841,unicycle
6.423140939056237,9.724368958221486,2.975,0.0,0.0,-1.0209000162237125,0.0316967353503189,-9.663175280161027e-13,0.0,0.0,0.0,-0.2931602622249947,unicycle
6.42360724599365,9.723600585173426,2.975,0.0,0.0,-1.0297729660804138,0.029960058613911687,-7.688155588307309e-13,0.0,0.0,0.0,-0.29576499522337185,unicycle
6.424043743199916,9.722866686593923,2.975,0.0,0.0,-1.0386969639296448,0.028463266287854016,-6.103613729574454e-13,0.0,0.0,0.0,-0.2974665949743709,unicycle
6.4244542172129115,9.722162288539206,2.975,0.0,0.0,-1.047647054836329,0.027175764769404222,-4.834278418155313e-13,0.0,0.0,0.0,-0.2983363635561438,unicycle
6.4248419292424055,9.721483046055122,2.975,0.0,0.0,-1.0566003873155456,0.02607031211129432,-3.819096403350079e-13,0.0,0.0,0.0,-0.2984444159739115,unicycle
6.425209680212978,9.720825175169336,2.975,0.0,0.0,-1.065536151825001,0.025122779800969035,-3.008592076935002e-13,0.0,0.0,0.0,-0.2978588169818571,unicycle
6.4255598700391925,9.720185390013903,2.975,0.0,0.0,-1.0744355007546957,0.02431189627326795,-2.3627102563465437e-13,0.0,0.0,0.0,-0.2966449643231587,unicycle
6.425894551034533,9.719560845228854,2.975,0.0,0.0,-1.0832814557104218,0.02361898556304706,-1.8490548789401586e-13,0.0,0.0,0.0,-0.294865165190873,unicycle
6.4262154755763,9.718949083610466,2.975,0.0,0.0,-1.092058806623404,0.02302771043857144,-1.4414519146968083e-13,0.0,0.0,0.0,-0.29257836376607194,unicycle
6.426524138296741,9.718347988839353,2.975,0.0,0.0,-1.1007540062142476,0.022523826288580327,-1.1187776292728596e-13,0.0,0.0,0.0,-0.2898399863614502,unicycle
6.426821813163694,9.717755743038417,2.975,0.0,0.0,-1.1093550625401312,0.022094949744072872,-8.640038857853146e-14,0.0,0.0,0.0,-0.2867018775294664,unicycle
6.427109585866005,9.717170788857947,2.975,0.0,0.0,-1.1178514317170478,0.021730344324847432,-6.634208589422265e-14,0.0,0.0,0.0,-0.2832123058972226,unicycle
6.427388381940982,9.716591795755962,2.975,0.0,0.0,-1.126233912400507,0.021420724172487762,-5.060046771481797e-14,0.0,0.0,0.0,-0.27941602278196753,unicycle
6.427658991081848,9.716017630130027,2.975,0.0,0.0,-1.1344945432024205,0.021158076057226877,-3.829033782089125e-14,0.0,0.0,0.0,-0.27535436006378866,unicycle
6.427922088049202,9.715447328957314,2.975,0.0,0.0,-1.1426265038983845,0.02093549924085835,-2.870193862580226e-14,0.0,0.0,0.0,-0.2710653565321378,unicycle
6.428178250586955,9.71488007660879,2.975,0.0,0.0,-1.1506240210221064,0.020747062375209513,-2.126706765297924e-14,0.0,0.0,0.0,-0.26658390412407557,unicycle
6.428427974713958,9.714315184518542,2.975,0.0,0.0,-1.1584822782394806,0.020587676364042212,-1.5531604329895846e-14,0.0,0.0,0.0,-0.26194190724582367,unicycle
6.428671687730319,9.713752073408081,2.975,0.0,0.0,-1.1661973317335388,0.0204529819756977,-1.1133255067129062e-14,0.0,0.0,0.0,-0.25716844980194037,unicycle
6.428909759244192,9.713190257786527,2.975,0.0,0.0,-1.1737660307050135,0.020339250933658834,-7.783542981290165e-15,0.0,0.0,0.0,-0.25228996571582757,unicycle
6.429142510492152,9.712629332469685,2.975,0.0,0.0,-1.1811859429949485,0.020243299209007977,-5.253247526472689e-15,0.0,0.0,0.0,-0.24733040966450687,unicycle
6.429370222194992,9.712068960883316,2.975,0.0,0.0,-1.188455285760299,0.020162411274720616,-3.3606457729718487e-15,0.0,0.0,0.0,-0.24231142551167745,unicycle
6.429593141161448,9.711508864937736,2.975,0.0,0.0,-1.1955728610764809,0.020094274143478766,-1.962026921633764e-15,0.0,0.0,0.0,-0.23725251053940896,unicycle
6.429811485825474,9.710948816281917,2.975,0.0,0.0,-1.2025379962987954,0.020036920088269967,-9.44049646544122e-16,0.0,0.0,0.0,-0.23217117407715496,unicycle
6.430025450878202,9.710388628765099,2.975,0.0,0.0,-1.2093504889846538,0.01998867703116298,-2.1759194912846736e-16,0.0,0.0,0.0,-0.22708308952861767,unicycle
6.430235211133824,9.70982815195245,2.975,0.0,0.0,-1.2160105561582466,0.01994812567506152,2.8719138480787124e-16,0.0,0.0,0.0,-0.2220022391197668,unicycle
6.43044092474912,9.709267265558507,2.975,0.0,0.0,-1.2225187876867225,0.01991406254222719,6.248352511490504e-16,0.0,0.0,0.0,-0.2169410509491968,unicycle
6.430642735899164,9.708705874677758,2.975,0.0,0.0,-1.2288761035305202,0.01988546816940353,8.377426050631087e-16,0.0,0.0,0.0,-0.21191052812659342,unicycle
6.430840776996703,9.708143905706065,2.975,0.0,0.0,-1.2350837146288975,0.019861479790818613,9.587272552213743e-16,0.0,0.0,0.0,-0.20692036994590124,unicycle
6.431035170529597,9.707581302859465,2.975,0.0,0.0,-1.2411430871838385,0.019841367916201738,1.0130446818338095e-15,0.0,0.0,0.0,-0.20197908516469482,unicycle
6.431226030579352,9.7070180252085,2.975,0.0,0.0,-1.247055910110541,0.019824516280707593,1.0200109687604479e-15,0.0,0.0,0.0,-0.1970940975567523,unicycle
6.431469861655815,9.706284422488112,2.975,0.0,0.0,-1.2527614439121224,0.025768804707129,9.942908169974917e-16,0.0,0.0,0.0,-0.1901844600527222,unicycle
6.431850202674284,9.705118507579382,2.975,0.0,0.0,-1.2581671102414578,0.04087950487806828,9.469200694750553e-16,0.0,0.0,0.0,-0.18018887764450406,unicycle
6.432416198670587,9.70335220928578,2.975,0.0,0.0,-1.2632180362199827,0.06182563692946129,8.861155636721119e-16,0.0,0.0,0.0,-0.16836419928416732,unicycle
6.433192888821091,9.7008872405727,2.975,0.0,0.0,-1.2678868892221247,0.08614800235932085,8.179148977880768e-16,0.0,0.0,0.0,-0.15562843340472787,unicycle
6.434188830142534,9.697676390453651,2.975,0.0,0.0,-1.2721660995543262,0.11205888753711785,7.466804056143537e-16,0.0,0.0,0.0,-0.1426403444067184,unicycle
6.435401650628978,9.69370909755168,2.975,0.0,0.0,-1.2760619453362665,0.138284602943209,6.754949233045278e-16,0.0,0.0,0.0,-0.12986152606467266,unicycle
6.436822030781963,9.689000402460312,2.975,0.0,0.0,-1.2795900857964102,0.16394211151224497,6.064715027814128e-16,0.0,0.0,0.0,-0.11760468200479061,unicycle
6.438436513815781,9.683582560365915,2.975,0.0,0.0,-1.282772217678951,0.18844272750553062,5.409948407114439e-16,0.0,0.0,0.0,-0.10607106275136255,unicycle
6.440229455709458,9.677498740439294,2.975,0.0,0.0,-1.2856335993826098,0.21141726246290984,4.7990865246038e-16,0.0,0.0,0.0,-0.09537939012195554,unicycle
6.442184351556003,9.670798354172817,2.975,0.0,0.0,-1.2882012426744271,0.23265811984253523,4.2366036723040994e-16,0.0,0.0,0.0,-0.08558810972724137,unicycle
6.444284714806382,9.663533647788402,2.975,0.0,0.0,-1.2905026154058463,0.2520747461359285,3.724122234109842e-16,0.0,0.0,0.0,-0.0767124243806401,unicycle
6.446514639527838,9.65575726878571,2.975,0.0,0.0,-1.2925647330302457,0.2696595752011026,3.261259960852516e-16,0.0,0.0,0.0,-0.06873725414663742,unicycle
6.448859140503357,9.647520577152116,2.975,0.0,0.0,-1.2944135438021644,0.2854621881583926,2.8462710547958255e-16,0.0,0.0,0.0,-0.06162702573063069,unicycle
6.45130433964558,9.638872520443897,2.975,0.0,0.0,-1.296073533850502,0.2995698809598618,2.476526659593146e-16,0.0,0.0,0.0,-0.05533300161125942,unicycle
6.453837547772726,9.62985893105241,2.975,0.0,0.0,-1.2975674950662632,0.3120932080116896,2.1488708318017935e-16,0.0,0.0,0.0,-0.04979870719202881,unicycle
6.456398857863049,9.62069420507929,2.975,0.0,0.0,-1.2989818940185967,0.31719697111698875,1.859880461648831e-16,0.0,0.0,0.0,-0.04714663174445685,unicycle
6.458903682220856,9.611681702343153,2.975,0.0,0.0,-1.300438662613238,0.3118036527945155,1.6060515409576138e-16,0.0,0.0,0.0,-0.048558953154709275,unicycle
6.461295468914018,9.6030248909218,2.975,0.0,0.0,-1.3020245572568623,0.29937164653857506,1.3839293431808751e-16,0.0,0.0,0.0,-0.052863154787468766,unicycle
6.463538600312876,9.594852645914841,2.975,0.0,0.0,-1.3037995900000965,0.2824835212161221,1.1901962403647016e-16,0.0,0.0,0.0,-0.05916775810779903,unicycle
6.465612984501056,9.587238856266005,2.975,0.0,0.0,-1.305803395240754,0.26304389877308954,1.0217278375561835e-16,0.0,0.0,0.0,-0.06679350802192119,unicycle
6.467509896018051,9.580217520455827,2.975,0.0,0.0,-1.3080600613316007,0.2424354491660981,8.756256977268911e-17,0.0,0.0,0.0,-0.07522220302822671,unicycle
6.469228765711579,9.573794287618407,2.975,0.0,0.0,-1.3105818183859002,0.22164149365059632,7.492330316559455e-17,0.0,0.0,0.0,-0.08405856847664601,unicycle
6.470774706827639,9.567955212574835,2.975,0.0,0.0,-1.3133718713138243,0.20134203890236083,6.401382343513711e-17,0.0,0.0,0.0,-0.09300176426414207,unicycle
6.47215661973343,9.562673338192164,2.975,0.0,0.0,-1.3164265914304043,0.18198871592736549,5.461699796730574e-17,0.0,0.0,0.0,-0.10182400388599491,unicycle
6.4733857543526545,9.557913592065567,2.975,0.0,0.0,-1.3197372240469545,0.16386300909258794,4.653866713969777e-17,0.0,0.0,0.0,-0.11035442055166421,unicycle
6.474474635088461,9.553636382355146,2.975,0.0,0.0,-1.3232912282325866,0.1471212828027456,3.96062338775645e-17,0.0,0.0,0.0,-0.11846680618774573,unicycle
6.475436271979919,9.54980019557745,2.975,0.0,0.0,-1.327073334629304,0.13182940638474067,3.366705151012811e-17,0.0,0.0,0.0,-0.1260702132239186,unicycle
6.476283596483608,9.546363433634127,2.975,0.0,0.0,-1.3310663849923074,0.11798920909872734,2.8586721484150666e-17,0.0,0.0,0.0,-0.13310167876678716,unicycle
6.477029071959927,9.543285675263991,2.975,0.0,0.0,-1.3352520008877033,0.10555854042819886,2.4247380146956633e-17,0.0,0.0,0.0,-0.13952052984653746,unicycle
6.477684438473458,9.540528505841953,2.975,0.0,0.0,-1.339611117129996,0.09446634442828022,2.0546029257381242e-17,0.0,0.0,0.0,-0.14530387474308026,unicycle
6.478260559377318,9.53805602688167,2.975,0.0,0.0,-1.344124406903223,0.08462386349353047,1.7392946407425782e-17,0.0,0.0,0.0,-0.15044299244089077,unicycle
6.478767343663175,9.535835130981967,2.975,0.0,0.0,-1.3487726192088083,0.07593285230192907,1.4710197783059302e-17,0.0,0.0,0.0,-0.15494041018618177,unicycle
6.479213723448943,9.533835607873241,2.975,0.0,0.0,-1.353536844675873,0.06829149544178201,1.2430265587892859e-17,0.0,0.0,0.0,-0.15880751556881562,unicycle
6.479607670419813,9.532030131526183,2.975,0.0,0.0,-1.3583987223834326,0.06159857305769784,1.0494795154150199e-17,0.0,0.0,0.0,-0.1620625902519849,unicycle
6.4799562386781995,9.530394166064486,2.975,0.0,0.0,-1.3633405978343698,0.05575630026002934,8.853461608537017e-18,0.0,0.0,0.0,-0.16472918169790252,unicycle
6.480265624416382,9.528905818742153,2.975,0.0,0.0,-1.3683456403391023,0.05067217197033363,7.462952427505677e-18,0.0,0.0,0.0,-0.1668347501577447,unicycle
6.4805412352079905,9.527545660920556,2.975,0.0,0.0,-1.3733979266335008,0.04626007043451836,6.2860599026538605e-18,0.0,0.0,0.0,-0.16840954314662188,unicycle
6.48078776361393,9.526296532346175,2.975,0.0,0.0,-1.3784824964431446,0.042440833885110565,5.2908761287686485e-18,0.0,0.0,0.0,-0.16948566032146561,unicycle
6.4810092612960775,9.525143339719417,2.975,0.0,0.0,-1.3835853848241173,0.039142438602706955,4.450082382010599e-18,0.0,0.0,0.0,-0.17009627936575233,unicycle
6.4812092109987125,9.524072857267045,2.975,0.0,0.0,-1.3886936353958197,0.03629991036428538,3.740324487887136e-18,0.0,0.0,0.0,-0.17027501905674838,unicycle
6.481390594653883,9.523073534556387,2.975,0.0,0.0,-1.393795297989484,0.03385505292565988,3.141665846120027e-18,0.0,0.0,0.0,-0.17005541978882613,unicycle
6.4815559565447325,9.52213531493809,2.975,0.0,0.0,-1.3988794137365719,0.03175605912602941,2.637110074932978e-18,0.0,0.0,0.0,-0.16947052490293293,unicycle
6.48170746096393,9.52124946663393,2.975,0.0,0.0,-1.403935990192883,0.029957053110994593,2.212185680235285e-18,0.0,0.0,0.0,-0.1685525485436909,unicycle
6.481876222144795,9.52023208968187,2.975,0.0,0.0,-1.4088928167374088,0.03437599899726347,1.8545856860731025e-18,0.0,0.0,0.0,-0.1652275514841969,unicycle
6.482105840166488,9.51880495175925,2.975,0.0,0.0,-1.4136460595701057,0.04818311161063711,1.5538557380636756e-18,0.0,0.0,0.0,-0.1584414277565654,unicycle
6.482420667645197,9.516788884966756,2.975,0.0,0.0,-1.4181302866456762,0.06801673511499204,1.3011247801559056e-18,0.0,0.0,0.0,-0.14947423585233816,unicycle
6.482831950111576,9.51407818292619,2.975,0.0,0.0,-1.4223083804775094,0.09139091709669081,1.0888729852003043e-18,0.0,0.0,0.0,-0.1392697943944328,unicycle
6.48334232274171,9.510620811946518,2.975,0.0,0.0,-1.4261637849580902,0.11649468009674696,9.107321767827683e-19,0.0,0.0,0.0,-0.1285134826860272,unicycle
6.483949014082417,9.50640320134889,2.975,0.0,0.0,-1.4296945794305234,0.14203416020359272,7.613145042033756e-19,0.0,0.0,0.0,-0.11769314908110576,unicycle
6.484646071275469,9.501438634289912,2.975,0.0,0.0,-1.4329089794695165,0.1671088682187908,6.360656189054891e-19,0.0,0.0,0.0,-0.10714666796642797,unicycle
6.485425866388965,9.495758461382522,2.975,0.0,0.0,-1.4358219482217713,0.1911150552866733,5.311390464743946e-19,0.0,0.0,0.0,-0.09709895840850871,unicycle
6.486280087338822,9.489405518771708,2.975,0.0,0.0,-1.4384526691492099,0.21367055884346237,4.432888529543225e-19,0.0,0.0,0.0,-0.08769069758127908,unicycle
6.487200367209956,9.482429259546397,2.975,0.0,0.0,-1.4408226841593834,0.23455662902364444,3.697780685155708e-19,0.0,0.0,0.0,-0.0790005003391205,unicycle
6.4881786650698,9.474882209278762,2.975,0.0,0.0,-1.4429545432252717,0.25367314135242436,3.083006572204154e-19,0.0,0.0,0.0,-0.07106196886293066,unicycle
6.489207479576039,9.466817438185391,2.975,0.0,0.0,-1.4448708449465106,0.271004330232297,2.5691511116217783e-19,0.0,0.0,0.0,-0.06387672404129102,unicycle
6.490279952697665,9.458286807853828,2.975,0.0,0.0,-1.446593573882272,0.28659276321105587,2.139880032970836e-19,0.0,0.0,0.0,-0.0574242978587137,unicycle
6.491389903244519,9.449339802804811,2.975,0.0,0.0,-1.44814366132282,0.300519745771176,1.7814605871383266e-19,0.0,0.0,0.0,-0.051669581351601095,unicycle
6.492531817222001,9.440022798884035,2.975,0.0,0.0,-1.4495407126011775,0.31289072271060425,1.482355017686372e-19,0.0,0.0,0.0,-0.04656837594523997,unicycle
6.493700813071344,9.430378653641071,2.975,0.0,0.0,-1.4508028569852007,0.32382454318431103,1.2328760925704537e-19,0.0,0.0,0.0,-0.04207147946743019,unicycle
6.494892593631081,9.420446530120202,2.975,0.0,0.0,-1.4519466863558492,0.3334456968060156,1.0248955026655887e-19,0.0,0.0,0.0,-0.03812764568827862,unicycle
6.496103392394962,9.410261886213314,2.975,0.0,0.0,-1.4529872568445634,0.34187881974064294,8.515972405201408e-20,0.0,0.0,0.0,-0.03468568295713545,unicycle
6.497329918769223,9.399856578010155,2.975,0.0,0.0,-1.4539381338292452,0.34924492205125857,7.072692050230259e-20,0.0,0.0,0.0,-0.03169589948940135,unicycle
6.498569305125749,9.389259038320603,2.975,0.0,0.0,-1.4548114655387565,0.3556589084567773,5.871272562453663e-20,0.0,0.0,0.0,-0.029111056983708552,unicycle
6.499819057204023,9.378494501460429,2.975,0.0,0.0,-1.4556180742799734,0.36122806036946487,4.871667886170331e-20,0.0,0.0,0.0,-0.026886958040569647,unicycle
6.501077008619552,9.367585253070104,2.975,0.0,0.0,-1.4563675572097665,0.36605122266133033,4.0403761689110996e-20,0.0,0.0,0.0,-0.024982764326446822,unicycle
6.5023412797407865,9.356550889644966,2.975,0.0,0.0,-1.4570683908098414,0.37021849811974705,3.349385932592551e-20,0.0,0.0,0.0,-0.023361120002481636,unicycle
6.503610240897909,9.34540857697064,2.975,0.0,0.0,-1.4577280349304822,0.3738112992628947,2.7752890901171406e-20,0.0,0.0,0.0,-0.021988137354695896,unicycle
6.504862012189634,9.334350876826175,2.975,0.0,0.0,-1.4584172207064965,0.3709442437190191,2.298534922068754e-20,0.0,0.0,0.0,-0.02297285920048363,unicycle
6.506063625024158,9.323663917090453,2.975,0.0,0.0,-1.459241353346881,0.3584766974342761,1.9028030440345097e-20,0.0,0.0,0.0,-0.027471088012816718,unicycle
6.507193235096371,9.313532789563101,2.975,0.0,0.0,-1.4602706740881397,0.339796954184286,1.57447673787419e-20,0.0,0.0,0.0,-0.03431069137528852,unicycle
6.508237517976988,9.304067780605413,2.975,0.0,0.0,-1.4615490774429736,0.3174147893590077,1.3022008700163885e-20,0.0,0.0,0.0,-0.04261344516113233,unicycle
6.509189639879737,9.29532460035393,2.975,0.0,0.0,-1.4631008370348884,0.29316236030351495,1.0765110462392323e-20,0.0,0.0,0.0,-0.05172531973049903,unicycle
6.510047631054994,9.287319884424978,2.975,0.0,0.0,-1.464935734906314,0.26835226464127737,8.895227158279278e-21,0.0,0.0,0.0,-0.06116326238085579,unicycle
6.51081306863815,9.280042987609107,2.975,0.0,0.0,-1.4670529719509924,0.24390148731377442,7.346706907955592e-21,0.0,0.0,0.0,-0.07057456815595518,unicycle
6.51149001328455,9.27346488187458,2.975,0.0,0.0,-1.4694441475482358,0.22042824467415828,6.064910331710703e-21,0.0,0.0,0.0,-0.07970585324143756,unicycle
6.5120841608158875,9.267544803372777,2.975,0.0,0.0,-1.4720955280167516,0.19832734303188823,5.004385241146184e-21,0.0,0.0,0.0,-0.08837934895052457,unicycle
6.512602177545,9.262235158212407,2.975,0.0,0.0,-1.4749897712196212,0.17782854703880172,4.12733996281771e-21,0.0,0.0,0.0,-0.09647477342897962,unicycle
6.513051191531685,9.257485088637189,2.975,0.0,0.0,-1.4781072347718553,0.15904154931068348,3.40236714152396e-21,0.0,0.0,0.0,-0.10391545174114787,unicycle
6.513438414365473,9.253243014913627,2.975,0.0,0.0,-1.4814269649336618,0.14199040524457776,2.8033775058670108e-21,0.0,0.0,0.0,-0.11065767206021075,unicycle
6.513770870251608,9.249458399552825,2.975,0.0,0.0,-1.4849274401854637,0.12663971241282296,2.3087095273444852e-21,0.0,0.0,0.0,-0.11668250839340034,unicycle
6.514055211527289,9.246082926020552,2.975,0.0,0.0,-1.4885871259544254,0.11291434479837896,1.9003863460082848e-21,0.0,0.0,0.0,-0.12198952563205036,unicycle
6.514297602263081,9.24307124102284,2.975,0.0,0.0,-1.4923848836712532,0.1007141762421603,1.5634959241841372e-21,0.0,0.0,0.0,-0.12659192389425936,unicycle
6.514503654199049,9.240381375503974,2.975,0.0,0.0,-1.4963002672617916,0.08992492675980934,1.2856742557218488e-21,0.0,0.0,0.0,-0.13051278635127156,unicycle
6.5146784017996895,9.237974932809344,2.975,0.0,0.0,-1.5003137325400326,0.08042602522974654,1.0566747130774819e-21,0.0,0.0,0.0,-0.13378217594137035,unicycle
6.5148386024373774,9.235638783087232,2.975,0.0,0.0,-1.504344007347538,0.07805459051590703,8.680093528566938e-22,0.0,0.0,0.0,-0.13434249358351286,unicycle
6.51500466196762,9.23306719505815,2.975,0.0,0.0,-1.50827830778557,0.0858981911892589,7.126503026308402e-22,0.0,0.0,0.0,-0.1311433479344009,unicycle
6.5151873930691,9.230057325768243,2.975,0.0,0.0,-1.5120419072169822,0.10051376097455211,5.84781286032265e-22,0.0,0.0,0.0,-0.1254533143804099,unicycle
6.515391281796339,9.226483021560092,2.975,0.0,0.0,-1.515588418589951,0.11933721883714561,4.7959096709493755e-22,0.0,0.0,0.0,-0.11821704576562964,unicycle
6.515616886599124,9.222274544791338,2.975,0.0,0.0,-1.518892290459715,0.14048404574186785,3.9310115741968596e-22,0.0,0.0,0.0,-0.11012906232545562,unicycle
6.515862517859779,9.21740296983836,2.975,0.0,0.0,-1.521943042126019,0.16259218134813497,3.220240723565823e-22,0.0,0.0,0.0,-0.10169172221013345,unicycle
6.516125361860877,9.211868250004953,2.975,0.0,0.0,-1.524740861479647,0.18469864533816432,2.636437799483377e-22,0.0,0.0,0.0,-0.09326064512093504,unicycle
6.516402197163175,9.20569016157511,2.975,0.0,0.0,-1.5272932674584037,0.20614297949331434,2.157177883650674e-22,0.0,0.0,0.0,-0.08508019929190289,unicycle
6.516689824284551,9.198901494366021,2.975,0.0,0.0,-1.5296126014094162,0.2264919732034816,1.7639538886598675e-22,0.0,0.0,0.0,-0.0773111317004073,unicycle
6.51698530145054,9.191542988561974,2.975,0.0,0.0,-1.531714161325841,0.2454812379905012,1.4414993292247431e-22,0.0,0.0,0.0,-0.07005199721415667,unicycle
6.517286054426027,9.183659622004265,2.975,0.0,0.0,-1.5336148324284173,0.2629700856920019,1.1772269169643713e-22,0.0,0.0,0.0,-0.06335570341921089,unicycle
6.517589908440192,9.175297935639723,2.975,0.0,0.0,-1.535332098943936,0.2789068807682704,9.607633845777477e-23,0.0,0.0,0.0,-0.05724221718395385,unicycle
6.517895074944671,9.166504151569493,2.975,0.0,0.0,-1.5368833468330247,0.2933026127761117,7.835642225148878e-23,0.0,0.0,0.0,-0.05170826296962255,unicycle
6.5182001147554685,9.157322891355399,2.975,0.0,0.0,-1.538285386949967,0.3062108972382842,6.385947470027771e-23,0.0,0.0,0.0,-0.04673467056473914,unicycle
6.518503891207218,9.147796344567373,2.975,0.0,0.0,-1.5395541437261806,0.3177129837234637,5.2006620081363744e-23,0.0,0.0,0.0,-0.04229189254045299,unicycle
6.51880552151235,9.13796377112488,2.975,0.0,0.0,-1.540704466794794,0.3279066466303167,4.232174915781788e-23,0.0,0.0,0.0,-0.03834410228710609,unicycle
6.519104330902154,9.127861247527584,2.975,0.0,0.0,-1.541750032686542,0.33689807128388083,3.441347589153902e-23,0.0,0.0,0.0,-0.03485219639160416,unicycle
6.519399811803048,9.117521587986365,2.975,0.0,0.0,-1.542703311362466,0.3447960371223725,2.7960228329041324e-23,0.0,0.0,0.0,-0.03177595586412835,unicycle
6.519691588868541,9.106974387888565,2.975,0.0,0.0,-1.543575578334417,0.351707850381035,2.269793499888582e-23,0.0,0.0,0.0,-0.029075565731706818,unicycle
6.519979389851965,9.09624614987568,2.975,0.0,0.0,-1.5443769578017883,0.3577365983687587,1.8409859747265476e-23,0.0,0.0,0.0,-0.026712648912377394,unicycle
6.520263021858358,9.085360462813933,2.975,0.0,0.0,-1.5451164858748163,0.36297939232231247,1.4918214125735845e-23,0.0,0.0,0.0,-0.0246509357676076,unicycle
6.520542352311377,9.074338211689906,2.975,0.0,0.0,-1.5458021857786621,0.3675263408646179,1.207723979156917e-23,0.0,0.0,0.0,-0.022856663461531056,unicycle
6.520817293915313,9.06319780243846,2.975,0.0,0.0,-1.5464411491114598,0.37146005527793313,9.76750602599633e-24,0.0,0.0,0.0,-0.021298777759929916,unicycle
6.52108779291905,9.051955390287235,2.975,0.0,0.0,-1.547039618901475,0.3748555343412159,7.891211206012628e-24,0.0,0.0,0.0,-0.019948993000501083,unicycle
6.52135382005738,9.040625103683029,2.975,0.0,0.0,-1.5476030714829363,0.37778031295391923,6.368313373926029e-24,0.0,0.0,0.0,-0.018781752715381468,unicycle
6.521615363630289,9.029219258490237,2.975,0.0,0.0,-1.548136295173922,0.3802947872470503,5.133345181017442e-24,0.0,0.0,0.0,-0.017774123032854063,unicycle
6.521872424268167,9.017748559110695,2.975,0.0,0.0,-1.5486434644616698,0.38245265102602205,4.13279347658902e-24,0.0,0.0,0.0,-0.016905642924927633,unicycle
6.522125011012315,9.006222284618168,2.975,0.0,0.0,-1.5491282089352698,0.3843013955263408,3.3229445375715526e-24,0.0,0.0,0.0,-0.016158149119997745,unicycle
6.522373138412101,8.994648459047973,2.975,0.0,0.0,-1.5495936765957141,0.3858828376528718,2.6681131086260822e-24,0.0,0.0,0.0,-0.015515588681476176,unicycle
6.522616824401342,8.983034005726243,2.975,0.0,0.0,-1.5500425914524751,0.3872336519616385,2.1391876495644644e-24,0.0,0.0,0.0,-0.014963828558687206,unicycle
6.522856088767254,8.971384886037033,2.975,0.0,0.0,-1.5504773055105538,0.38838588930236867,1.7124359664721235e-24,0.0,0.0,0.0,-0.014490468602639268,unicycle
6.52309095206662,8.959706223365778,2.975,0.0,0.0,-1.5508998453829668,0.3893674708042347,1.3685251516415704e-24,0.0,0.0,0.0,-0.014084662413762977,unicycle
6.523321434876852,8.94800241316905,2.975,0.0,0.0,-1.5513119538469282,0.3902026501793181,1.091717821715211e-24,0.0,0.0,0.0,-0.013736948798705174,unicycle
6.523547557295772,8.936277220237029,2.975,0.0,0.0,-1.5517151267100722,0.39091244047232615,8.692133112494363e-25,0.0,0.0,0.0,-0.013439095438135438,unicycle
6.523769338624411,8.924533864263177,2.975,0.0,0.0,-1.5521106453754365,0.39151500366417785,6.906079895146032e-25,0.0,0.0,0.0,-0.013183955512142376,unicycle
6.523986797182998,8.912775094835164,2.975,0.0,0.0,-1.5524996054980187,0.39202600314791003,5.474534204501946e-25,0.0,0.0,0.0,-0.012965337419398553,unicycle
6.524199950222604,8.901003256927511,2.975,0.0,0.0,-1.5528829421170864,0.3924589201996795,4.328948442574558e-25,0.0,0.0,0.0,-0.012777887302256262,unicycle
6.524408813904281,8.88922034792109,2.975,0.0,0.0,-1.5532614516312828,0.3928253362915177,3.4137556100355837e-25,0.0,0.0,0.0,-0.012616983806541372,unicycle
6.524613403324729,8.877428067105933,2.975,0.0,0.0,-1.5536358109610764,0.3931351835337932,2.683953553457037e-25,0.0,0.0,0.0,-0.012478644326448556,unicycle
6.524813732572964,8.865627858548217,2.975,0.0,0.0,-1.554006594217598,0.3933969657696095,2.1031321116014457e-25,0.0,0.0,0.0,-0.012359441884053086,unicycle
6.525009814806588,8.85382094812391,2.975,0.0,0.0,-1.5543742871700477,0.39361795292864454,1.6418630344958125e-25,0.0,0.0,0.0,-0.012256431748321034,unicycle
6.525201662339364,8.84200837544408,2.975,0.0,0.0,-1.5547392997768639,0.3938043512284602,1.2763868697776342e-25,0.0,0.0,0.0,-0.012167086893877133,unicycle
6.525389286734142,8.830191021321731,2.975,0.0,0.0,-1.5551019770195489,0.39396145172057284,9.875428009910843e-26,0.0,0.0,0.0,-0.012089241422833416,unicycle
6.525572698896925,8.818369631359364,2.975,0.0,0.0,-1.5554626082529808,0.3940937595416678,7.598971244607563e-26,0.0,0.0,0.0,-0.012021041114390544,unicycle
6.525751909169154,8.806544836170387,2.975,0.0,0.0,-1.5558214352625734,0.39420510606586096,5.810340309072277e-26,0.0,0.0,0.0,-0.011960900319761977,unicycle
6.525926927416268,8.794717168687098,2.975,0.0,0.0,-1.5561786591969475,0.3942987459754358,4.4097891751473624e-26,0.0,0.0,0.0,-0.011907464479132901,unicycle
6.5260977631112995,8.782887078952799,2.975,0.0,0.0,-1.5565344465249222,0.3943774410847477,3.3172984560513574e-26,0.0,0.0,0.0,-0.011859577599153803,unicycle
6.526264425412866,8.77105494674597,2.975,0.0,0.0,-1.556888934130231,0.39444353257179077,2.4687718479874714e-26,0.0,0.0,0.0,-0.011816253510294862,unicycle
6.526426923237194,8.759221092340004,2.975,0.0,0.0,-1.5572422337014968,0.3944990030988571,1.8129511692616265e-26,0.0,0.0,0.0,-0.01177665237552957,unicycle
6.526585265323833,8.747385785662354,2.975,0.0,0.0,-1.5575944355032139,0.39454553014071614,1.3089165257626466e-26,0.0,0.0,0.0,-0.011740060057235175,unicycle
6.526739460295254,8.735549254081986,2.975,0.0,0.0,-1.557945611582272,0.39458453168751983,9.240625596663931e-27,0.0,0.0,0.0,-0.011705869301946796,unicycle
6.526889516710667,8.723711689023117,2.975,0.0,0.0,-1.5582958185081377,0.39461720535101563,6.324617537869477e-27,0.0,0.0,0.0,-0.011673564195517556,unicycle
6.527035443114361,8.711873251576153,2.975,0.0,0.0,-1.5586450997123646,0.394644561776812,4.1354215459600644e-27,0.0,0.0,0.0,-0.011642706807565522,unicycle
6.527177248078924,8.700034077253001,2.975,0.0,0.0,-1.5589934874843077,0.39466745315213914,2.5102029108851922e-27,0.0,0.0,0.0,-0.011612925731446696,unicycle
6.527314940243706,8.688194280013338,2.975,0.0,0.0,-1.5593410046721794,0.39468659749722707,1.3204103820518703e-27,0.0,0.0,0.0,-0.011583906262395704,unicycle
6.527448528348925,8.6763539556704,2.975,0.0,0.0,-1.5596876661318504,0.39470259933835583,4.64851416101744e-28,0.0,0.0,0.0,-0.011555381989022163,unicycle
6.527578021265788,8.664513184769358,2.975,0.0,0.0,-1.5600334799599196,0.3947159672809692,-1.358755359848897e-28,0.0,0.0,0.0,-0.011527127602295408,unicycle
6.52770342802299,8.652672035017861,2.975,0.0,0.0,-1.5603784485424725,0.3947271289311067,-5.438514738951635e-28,0.0,0.0,0.0,-0.01149895275177318,unicycle
6.527824757829958,8.640830563336719,2.975,0.0,0.0,-1.560722569446515,0.3947364435518959,-8.074210106383549e-28,0.0,0.0,0.0,-0.011470696801420745,unicycle
6.527942020097157,8.628988817588716,2.975,0.0,0.0,-1.5610658361772314,0.3947442127880936,-9.640614676724231e-28,0.0,0.0,0.0,-0.01144222435721298,unicycle
6.528055224453773,8.617146838034937,2.975,0.0,0.0,-1.561408238820914,0.3947506897448376,-1.042675719268685e-27,0.0,0.0,0.0,-0.011413421456091413,unicycle
6.528164380763043,8.605304658560666,2.975,0.0,0.0,-1.561749764590545,0.39475608666609774,-1.0654212304324272e-27,0.0,0.0,0.0,-0.011384192321023933,unicycle
6.528269499135503,8.593462307706524,2.975,0.0,0.0,-1.562090398288549,0.3947605814230738,-1.0491662817497086e-27,0.0,0.0,0.0,-0.011354456600132101,unicycle
6.528370589940383,8.581619809535232,2.975,0.0,0.0,-1.5624301226991295,0.39476432299233377,-1.0066469406239155e-27,0.0,0.0,0.0,-0.011324147019335512,unicycle
6.5284676638153645,8.569777184359642,2.975,0.0,0.0,-1.5627689189207674,0.3947674360772185,-9.473841810210789e-28,0.0,0.0,0.0,-0.011293207387920544,unicycle
6.528560731674881,8.557934449353889,2.975,0.0,0.0,-1.563106766647919,0.3947700250034321,-8.78409067196963e-28,0.0,0.0,0.0,-0.011261590905057791,unicycle
6.528649804717156,8.546091619066035,2.975,0.0,0.0,-1.5634436444096007,0.39477217700031947,-8.048346055158127e-28,0.0,0.0,0.0,-0.011229258722736144,unicycle
6.528734894430099,8.53424870584786,2.975,0.0,0.0,-1.563779529771411,0.3947739649626749,-7.303053275437888e-28,0.0,0.0,0.0,-0.011196178727000627,unicycle
6.52881601259623,8.522405720214921,2.975,0.0,0.0,-1.5641143995065585,0.3947754497736705,-6.573495664892182e-28,0.0,0.0,0.0,-0.011162324504908472,unicycle
6.528893171296725,8.510562671148023,2.975,0.0,0.0,-1.5644482297406392,0.3947766822572997,-5.876544579438605e-28,0.0,0.0,0.0,-0.011127674469370555,unicycle
6.5289663829147155,8.498719566345477,2.975,0.0,0.0,-1.5647809960741834,0.39477770481832775,-5.2227971470007835e-28,0.0,0.0,0.0,-0.011092211118126461,unicycle
6.529035660137908,8.486876412434055,2.975,0.0,0.0,-1.5651126736863814,0.39477855281886887,-4.618230148396358e-28,0.0,0.0,0.0,-0.011055920406601638,unicycle
6.529101015960635,8.475033215145288,2.975,0.0,0.0,-1.5654432374229035,0.3947792557331559,-4.0654725626165305e-28,0.0,0.0,0.0,-0.011018791217393603,unicycle
6.52916246368539,8.463189979462715,2.975,0.0,0.0,-1.5657726618702543,0.39477983811564404,-3.5647785049079124e-28,0.0,0.0,0.0,-0.010980814911699967,unicycle
6.529220016923922,8.451346709744794,2.975,0.0,0.0,-1.5661009214187602,0.3947803204121349,-3.114765573428825e-28,0.0,0.0,0.0,-0.010941984950194567,unicycle
6.529273689597945,8.439503409827438,2.975,0.0,0.0,-1.566427990315942,0.39478071963897515,-2.7129702130817963e-28,0.0,0.0,0.0,-0.010902296572731299,unicycle
6.529323495939503,8.427660083109496,2.975,0.0,0.0,-1.5667538427117775,0.3947810499514595,-2.356260966048624e-28,0.0,0.0,0.0,-0.010861746527853752,unicycle
6.5293694504910444,8.415816732623972,2.975,0.0,0.0,-1.5670784526971107,0.3947813231192439,-2.041141890623717e-28,0.0,0.0,0.0,-0.010820332844451396,unicycle
6.529411568105242,8.40397336109733,2.975,0.0,0.0,-1.5674017943362828,0.3947815489237619,-1.7639715742601242e-28,0.0,0.0,0.0,-0.01077805463906399,unicycle
6.5294498639445715,8.392129970998823,2.975,0.0,0.0,-1.5677238416948824,0.39478173549026024,-1.521117704195958e-28,0.0,0.0,0.0,-0.010734911953324003,unicycle
6.529484353480714,8.380286564581532,2.975,0.0,0.0,-1.5680445688633882,0.39478188956506266,-1.3090628153634873e-28,0.0,0.0,0.0,-0.010690905616867266,unicycle
6.529515052493776,8.368443143916439,2.975,0.0,0.0,-1.568363949977341,0.3947820167469743,-1.1244733889339277e-28,0.0,0.0,0.0,-0.010646037131756481,unicycle
6.5295419770713545,8.35659971092074,2.975,0.0,0.0,-1.568681959234593,0.3947821216803129,-9.642417470167682e-29,0.0,0.0,0.0,-0.010600308575069009,unicycle
6.5295651436074715,8.344756267381326,2.975,0.0,0.0,-1.5689985709100973,0.39478220821584853,-8.255080355899871e-29,0.0,0.0,0.0,-0.010553722516815495,unicycle
6.529584568801397,8.332912814974234,2.975,0.0,0.0,-1.5693137593686215,0.3947822795449186,-7.056678926582173e-29,0.0,0.0,0.0,-0.0105062819507929,unicycle
6.529600269656363,8.32106935528077,2.975,0.0,0.0,-1.5696274990757118,0.39478233831113474,-6.023700686308355e-29,0.0,0.0,0.0,-0.010457990236345967,unicycle
6.529612263478186,8.309225889800828,2.975,0.0,0.0,-1.569939764607192,0.3947823867033795,-5.135072260783925e-29,0.0,0.0,0.0,-0.010408851049325204,unicycle
6.52962056787381,8.297382419963924,2.975,0.0,0.0,-1.570250530657416,0.39478242653318923,-4.3720233631192776e-29,0.0,0.0,0.0,-0.010358868340795397,unicycle
6.529625200749775,8.285538947138276,2.975,0.0,0.0,-1.5705597720464841,0.3947824592991134,-3.71792462565383e-29,0.0,0.0,0.0,-0.010308046302273765,unicycle
6.529626180310625,8.273695472638298,2.975,0.0,0.0,-1.5708674637265783,0.3947824862402173,-3.1581123553192303e-29,0.0,0.0,0.0,-0.010256389336467334,unicycle
6.52962352505725,8.261851997730773,2.975,0.0,0.0,-1.5711735807875578,0.3947825083805379,-2.679709559672683e-29,0.0,0.0,0.0,-0.010203902032640228,unicycle
6.529617253785182,8.250008523639913,2.975,0.0,0.0,-1.5714780984619339,0.39478252656600576,-2.2714497663045032e-29,0.0,0.0,0.0,-0.010150589145877735,unicycle
6.529607385582842,8.238165051551519,2.975,0.0,0.0,-1.5717809921293224,0.3947825414950947,-1.9235080260207637e-29,0.0,0.0,0.0,-0.010096455579629026,unicycle
6.529593939829734,8.226321582616375,2.975,0.0,0.0,-1.5720822373204528,0.3947825537442535,-1.6273418963821262e-29,0.0,0.0,0.0,-0.01004150637100766,unicycle
6.529576936194613,8.214478117953025,2.975,0.0,0.0,-1.5723818097208055,0.3947825637889984,-1.3755440253611595e-29,0.0,0.0,0.0,-0.00998574667841097,unicycle
6.529556394633604,8.202634658650027,2.975,0.0,0.0,-1.572679685173938,0.3947825720213979,-1.1617070992695796e-29,0.0,0.0,0.0,-0.009929181771088723,unicycle
6.529532335388291,8.190791205767784,2.975,0.0,0.0,-1.5729758396845488,0.39478257876456085,-9.803013093952044e-30,0.0,0.0,0.0,-0.00987181702034981,unicycle
6.529504778983771,8.178947760340021,2.975,0.0,0.0,-1.573270249421313,0.394782584284636,-8.265640689694538e-30,0.0,0.0,0.0,-0.009813657892144981,unicycle
6.529473746226684,8.167104323374968,2.975,0.0,0.0,-1.5735628907195376,0.3947825888007449,-6.964014300992447e-30,0.0,0.0,0.0,-0.009754709940805194,unicycle
6.529439258203203,8.155260895856319,2.975,0.0,0.0,-1.5738537400836499,0.39478259249320174,-5.863004733382009e-30,0.0,0.0,0.0,-0.009694978803750087,unicycle
6.5294013362770045,8.14341747874397,2.975,0.0,0.0,-1.5741427741895602,0.39478259551031114,-4.932518429429887e-30,0.0,0.0,0.0,-0.009634470197010633,unicycle
6.529360002087212,8.131574072974624,2.975,0.0,0.0,-1.5744299698869026,0.39478259797398824,-4.146815572509173e-30,0.0,0.0,0.0,-0.009573189911434734,unicycle
6.529315277546307,8.11973067946224,2.975,0.0,0.0,-1.5747153042011868,0.3947825999844021,-3.483912197329231e-30,0.0,0.0,0.0,-0.009511143809465519,unicycle
6.529267184838029,8.107887299098397,2.975,0.0,0.0,-1.5749987543358586,0.39478260162381146,-2.925057797593165e-30,0.0,0.0,0.0,-0.009448337822399636,unicycle
6.529215746415235,8.096043932752556,2.975,0.0,0.0,-1.5752802976743,0.39478260295973033,-2.454280336666162e-30,0.0,0.0,0.0,-0.009384777948047644,unicycle
6.529160984997752,8.084200581272253,2.975,0.0,0.0,-1.575559911781762,0.3947826040475412,-2.057991094150012e-30,0.0,0.0,0.0,-0.00932047024873104,unicycle
6.5291029235701945,8.072357245483248,2.975,0.0,0.0,-1.5758375744072488,0.3947826049326492,-1.7246423689930992e-30,0.0,0.0,0.0,-0.009255420849560943,unicycle
6.529041585379768,8.060513926189612,2.975,0.0,0.0,-1.5761132634853574,0.3947826056522586,-1.4444316715750791e-30,0.0,0.0,0.0,-0.009189635936952236,unicycle
6.528976993620289,8.048670624175514,2.975,0.0,0.0,-1.5763870101235042,0.3947826062368361,-1.2090466472359644e-30,0.0,0.0,0.0,-0.009124887938225077,unicycle
6.52890916923065,8.036827340218267,2.975,0.0,0.0,-1.5766591640324323,0.39478260671131643,-1.0114455642894102e-30,0.0,0.0,0.0,-0.009071796964272367,unicycle
6.528838126531656,8.02498407511723,2.975,0.0,0.0,-1.5769304931369033,0.3947826070960942,-8.456687591241153e-31,0.0,0.0,0.0,-0.009044303482365366,unicycle
6.5287638691709,8.013140829726586,2.975,0.0,0.0,-1.5772020319546567,0.3947826074078401,-7.066769525634285e-31,0.0,0.0,0.0,-0.009051293925103586,unicycle
6.528686387628917,8.001297604983309,2.975,0.0,0.0,-1.5774749695647141,0.3947826076601722,-5.902128315618069e-31,0.0,0.0,0.0,-0.009097920335241351,unicycle
6.5286056578717,7.989454401930785,2.975,0.0,0.0,-1.5777505680540644,0.39478260786420766,-4.926827273030966e-31,0.0,0.0,0.0,-0.009186616311674639,unicycle
6.528521640830971,7.977611221738561,2.975,0.0,0.0,-1.5780301042901421,0.39478260802901577,-4.110556152456846e-31,0.0,0.0,0.0,-0.009317874535917479,unicycle
6.528434282469085,7.965768065718925,2.975,0.0,0.0,-1.5783148294216158,0.3947826081619901,-3.4277701618965973e-31,0.0,0.0,0.0,-0.009490837715787154,unicycle
6.528343514244463,7.953924935340878,2.975,0.0,0.0,-1.5786059417424607,0.39478260826915373,-2.856956923130614e-31,0.0,0.0,0.0,-0.009703744028164865,unicycle
6.528249253839343,7.942081832242133,2.975,0.0,0.0,-1.5789045695289508,0.39478260835540957,-2.380013110659421e-31,0.0,0.0,0.0,-0.009954259549657606,unicycle
6.528151406047292,7.9302387582395895,2.975,0.0,0.0,-1.579211761228192,0.3947826084247458,-1.981714957676713e-31,0.0,0.0,0.0,-0.010239723308050992,unicycle
6.528049863745318,7.918395715338751,2.975,0.0,0.0,-1.5795284809819692,0.3947826084804036,-1.6492689773113396e-31,0.0,0.0,0.0,-0.010557325125908141,unicycle
6.52794572031988,7.9067314540665725,2.975,0.0,0.0,-1.579920538445017,0.38882420852501515,-1.3719311369571209e-31,0.0,0.0,0.0,-0.013068582101606581,omni
6.527820563871327,7.895440697863616,2.9750203683459167,0.0,0.0,-1.5804161805194805,0.37638111378508493,-0.0006445055035229089,0.0006789448638983342,0.0,0.0,-0.0165214024821164,omni
6.527644038197924,7.884575630844457,2.9750939295848284,0.0,0.0,-1.5809680515808873,0.36220940013218733,-0.0023000124136742612,0.0024520412970789208,0.0,0.0,-0.018395702046892802,omni
6.527396040706983,7.874160296286784,2.9752443624616345,0.0,0.0,-1.5815419891597027,0.3472452917144647,-0.004635170757106825,0.005014429226849778,0.0,0.0,-0.01913125262717084,omni
6.527064147114143,7.864198712141479,2.9754882288969466,0.0,0.0,-1.5821139014292016,0.3321546463665893,-0.007399441129127749,0.008128881177042635,0.0,0.0,-0.01906374231663114,omni
6.526641622742174,7.854681015880831,2.9758365562307874,0.0,0.0,-1.5826673243621823,0.31739851427035215,-0.010404918523732341,0.01161091112801586,0.0,0.0,-0.018447431099364683,omni
6.526125896456549,7.845588080551935,2.9762960769121887,0.0,0.0,-1.5831915181135494,0.303284111632375,-0.01351218646430027,0.01531735604670194,0.0,0.0,-0.017473125045570616,omni
6.52551739566025,7.836894948920004,2.9768702041269344,0.0,0.0,-1.5836799901760819,0.29000427461127565,-0.01661929720539718,0.0191375738248568,0.0,0.0,-0.016282402084410702,omni
6.524818661068997,7.828573357707784,2.977559802640551,0.0,0.0,-1.5841293554175728,0.2776678446927408,-0.019653179757428738,0.022986617120547358,0.0,0.0,-0.014978841383027236,omni
6.5240336772505625,7.820593564822645,2.9783637997910746,0.0,0.0,-1.5845384612697906,0.2663229399025906,-0.02256293654827521,0.02679990501744907,0.0,0.0,-0.013636861740595802,omni
6.523167369034681,7.812925645784704,2.9792796708687264,0.0,0.0,-1.584907720941925,0.2559746653071615,-0.02531461200232743,0.03052903592170301,0.0,0.0,-0.012308655737808264,omni
6.522225225169916,7.8055403887382315,2.980303825134586,0.0,0.0,-1.5852386092549426,0.24659849367280529,-0.02788711045555807,0.034138475528649716,0.0,0.0,-0.011029610433935825,omni
6.521213019450301,7.798409888407907,2.9814319127553834,0.0,0.0,-1.5855332850921837,0.23815028847993266,-0.030269013164223094,0.03760292069322768,0.0,0.0,-0.009822527908035037,omni
6.520136606403828,7.791507916538532,2.982659068442191,0.0,0.0,-1.5857943119847557,0.23057373473981277,-0.03245609979703808,0.0409051895602679,0.0,0.0,-0.008700896419069439,omni
6.519001773932685,7.7848101284491955,2.983980104188517,0.0,0.0,-1.5860244543620916,0.22380577835234272,-0.03444942265905887,0.0440345248775545,0.0,0.0,-0.007671412577857758,omni
6.517814139365166,7.778294151319166,2.9853896609215362,0.0,0.0,-1.5862265317933444,0.21778054392957255,-0.03625381499442629,0.04698522443396792,0.0,0.0,-0.00673591437509272,omni
6.516579078500767,7.771939588888825,2.9868823268989186,0.0,0.0,-1.5864033173628846,0.21243209742621946,-0.03787674035303004,0.049755532579434214,0.0,0.0,-0.005892852318000907,omni
6.515301679624131,7.765727968756257,2.9884527291490817,0.0,0.0,-1.5865574693559465,0.20769633813273725,-0.039327409930077634,0.0523467416720815,0.0,0.0,-0.005138399768733406,omni
6.513986717424539,7.759642651769023,2.990095603617711,0.0,0.0,-1.58669148783431,0.2035122427183666,-0.04061607285629839,0.054762482287619436,0.0,0.0,-0.004467282612105698,omni
6.512638644863868,7.753668717669951,2.9918058492780433,0.0,0.0,-1.5868076895824377,0.19982263860830105,-0.04175337751795701,0.05700818867776074,0.0,0.0,-0.003873391604272793,omni
6.511261593264401,7.74779283806798,2.993578566450147,0.0,0.0,-1.586908196403029,0.19657461425106723,-0.04275006385904587,0.059090572403431796,0.0,0.0,-0.0033502273530324474,omni
6.509859375635683,7.74200314469927,2.9954090814500582,0.0,0.0,-1.5869949329188864,0.1937196676646477,-0.04361682815060787,0.06101716666372068,0.0,0.0,-0.0028912171952510243,omni
6.50843549517899,7.736289098093422,2.997292962172223,0.0,0.0,-1.5870696309609034,0.19121368460400004,-0.04436412869069029,0.06279602407217116,0.0,0.0,-0.0024899347338907404,omni
6.5069931573873445,7.730641360297561,2.999226026529087,0.0,0.0,-1.5871338383422569,0.189016796856371,-0.04500204912877402,0.06443547856214368,0.0,0.0,-0.002140246045100388,omni
6.505535284532935,7.7250516740319055,3.001204345307159,0.0,0.0,-1.5871889303787579,0.187093163004028,-0.045540206142427576,0.0659439592690566,0.0,0.0,-0.0018364012167105834,omni
6.504064531623698,7.719512749707786,3.0032242407043612,0.0,0.0,-1.5872361229483336,0.18541070279484942,-0.04598769104223449,0.0673298465734243,0.0,0.0,-0.0015730856525383698,omni
6.502583303135919,7.714018161054166,3.0052822815744755,0.0,0.0,-1.5872764862157156,0.18394080770186158,-0.04635303712557362,0.06860136233712542,0.0,0.0,-0.0013454422460617513,omni
6.501093770004576,7.708562249609834,3.007375276209642,0.0,0.0,-1.5873109584030278,0.18265804374962014,-0.04664420637041978,0.0697664878388526,0.0,0.0,-0.0011490729104021921,omni
6.499597886489057,7.70314003799777,3.009500263332573,0.0,0.0,-1.5873403591801192,0.18153985777815113,-0.04686859045811634,0.07083290409772154,0.0,0.0,-0.000980025903052275,omni
6.498097406637381,7.697747151668644,3.0116545018394807,0.0,0.0,-1.5873654023937054,0.1805662946421496,-0.04703302221804271,0.07180795023025581,0.0,0.0,-0.0008347737862097037,omni
6.49659390015375,7.692379748653402,3.013835459727391,0.0,0.0,-1.5873867079623973,0.17971973012050949,-0.0471437944591129,0.07269859626369259,0.0,0.0,-0.0007101856230597139,omni
6.495088767537348,7.687034456778397,3.0160408025513292,0.0,0.0,-1.5874048128439522,0.17898462231709836,-0.04720668384164928,0.07351142746459788,0.0,0.0,-0.0006034960518256505,omni
6.493583254408759,7.681708317753905,3.0182683816842624,0.0,0.0,-1.587420181038241,0.17834728289494278,-0.04722697798658298,0.07425263776443104,0.0,0.0,-0.0005122731429666194,omni
6.492078464977281,7.676398737535182,3.0205162225931095,0.0,0.0,-1.5874332126297253,0.17779566846813605,-0.047209504447267084,0.07492803029487488,0.0,0.0,-0.0004343863828055081,omni
6.490575374630391,7.671103442365138,3.0227825132951875,0.0,0.0,-1.58744425190076,0.17731919177461894,-0.04715866050625754,0.07554302340257617,0.0,0.0,-0.0003679757011651171,omni
6.489074841647372,7.6658204399318,3.025065593119456,0.0,0.0,-1.5874535945649948,0.17690855178809867,-0.04707844302406915,0.0761026608089291,0.0,0.0,-0.0003114221411631359,omni
6.487577618054391,7.660547985106927,3.0273639418642486,0.0,0.0,-1.587461494180965,0.17655558163696264,-0.046972477774095134,0.0766116248264321,0.0,0.0,-0.0002633205323369993,omni
6.486084359649236,7.65528454977036,3.029676169416677,0.0,0.0,-1.5874681678116127,0.17625311303485075,-0.046844047859458844,0.07707425174759172,0.0,0.0,-0.0002224543549262759,omni
6.484595635231411,7.650028796265319,3.0320010058774476,0.0,0.0,-1.5874738009973715,0.17599485585562158,-0.04669612093298177,0.07749454869233635,0.0,0.0,-0.00018777285862796504,omni
6.483111935078213,7.644779554070809,3.0343372922176823,0.0,0.0,-1.5874785521097265,0.17577529147761073,-0.04653137503821383,0.07787621134115175,0.0,0.0,-0.00015837041184397748,omni
6.4816336787102715,7.6395357993172714,3.0366839714806333,0.0,0.0,-1.587482556149675,0.17558957855795165,-0.04635222296356042,0.07822264209836707,0.0,0.0,-0.00013346799828070546,omni
6.480161221991418,7.634296636809805,3.0390400805304467,0.0,0.0,-1.5874859280518652,0.17543346996215348,-0.04616083505772177,0.07853696832710241,0.0,0.0,-0.00011239673966906408,omni
6.478694863607893,7.629061284258951,3.0414047423417743,0.0,0.0,-1.5874887655508918,0.17530323965595995,-0.04595916049673113,0.07882206037758172,0.0,0.0,-9.458330087123424e-05,omni
6.47723485097129,7.623829058452141,3.043777158817671,0.0,0.0,-1.5874911516615666,0.1751956184576649,-0.04574894702386479,0.07908054919653772,0.0,0.0,-7.953702250375284e-05,omni
6.475781385588314,7.618599363129116,3.0461566041184587,0.0,0.0,-1.5874931568202628,0.1751077376437674,-0.04553175920600886,0.07931484335956876,0.0,0.0,-6.683862319863514e-05,omni
6.4743346279387355,7.613371678352035,3.048542418480832,0.0,0.0,-1.5874948407297511,0.17503707949510156,-0.04530899526562318,0.07952714541247419,0.0,0.0,-5.613031628161572e-05,omni
6.472894701900915,7.608145551185752,3.050934002504134,0.0,0.0,-1.5874962539455144,0.17498143396166516,-0.04508190255776651,0.07971946744341639,0.0,0.0,-4.710719211041178e-05,omni
6.471461698762089,7.602920587525796,3.0533308118792317,0.0,0.0,-1.587497439237301,0.17493886071056897,-0.04485159176794914,0.07989364583660621,0.0,0.0,-3.9509726197281695e-05,omni
6.470035680848325,7.597696444931384,3.0557323525346693,0.0,0.0,-1.587498432755806,0.1749076559018007,-0.04461904990981913,0.08005135518124012,0.0,0.0,-3.311728351416705e-05,omni
6.46861668480677,7.592472826338258,3.0581381761744972,0.0,0.0,-1.5874992650308153,0.17488632311034025,-0.044385152202623124,0.08019412132761591,0.0,0.0,-2.7742500300745127e-05,omni
6.467204724570513,7.5872494745416565,3.0605478761823943,0.0,0.0,-1.5874999618238872,0.17487354788041878,-0.04415067290761064,0.08032333359654363,0.0,0.0,-2.3226435735666743e-05,omni
6.465799794034148,7.582026167353382,3.0629610838671657,0.0,0.0,-1.5875005448557857,0.1748681754584872,-0.04391629520053952,0.08044025615905111,0.0,0.0,-1.9434396621983043e-05,omni
6.464401869466025,7.576802713348965,3.0653774650255117,0.0,0.0,-1.5875010324262417,0.17486919130601086,-0.04368262015455648,0.080546038611547,0.0,0.0,-1.6252348534910097e-05,omni
6.463010911681054,7.571578948131474,3.067796716798839,0.0,0.0,-1.5875014399413376,0.1748757040419085,-0.0434501749042552,0.08064172577754591,0.0,0.0,-1.3583836530792951e-05,omni
6.461626867996061,7.566354731047802,3.070218564801975,0.0,0.0,-1.5875017803617608,0.17488693050773357,-0.0432194200578737,0.08072826677119616,0.0,0.0,-1.1347347434898292e-05,omni
6.46024967398781,7.561129942301327,3.07264276050279,0.0,0.0,-1.587502064583377,0.1749021826870057,-0.04299075642055182,0.08080652336052888,0.0,0.0,-9.474053875720685e-06,omni
6.458879255072133,7.555904480411985,3.0750690788328865,0.0,0.0,-1.5875023017600052,0.17492085624390408,-0.04276453108745447,0.08087727766986191,0.0,0.0,-7.905887612596716e-06,omni
6.4575155279210215,7.550678259980944,3.0774973160107284,0.0,0.0,-1.587502499576895,0.174942420476275,-0.042541042961471556,0.08094123926138218,0.0,0.0,-6.593896333103344e-06,omni
6.456158401733012,7.545451209722485,3.079927287559802,0.0,0.0,-1.5875026644822152,0.1749664095040125,-0.04232054774620039,0.08099905163580082,0.0,0.0,-5.496844014139049e-06,omni
6.454807779370902,7.540223270730424,3.082358826505541,0.0,0.0,-1.587502801882821,0.1749924145367412,-0.042103262461050193,0.08105129819129053,0.0,0.0,-4.580020192538682e-06,omni
6.453463558379525,7.534994394950504,3.084791781735906,0.0,0.0,-1.5875029163096648,0.17502007708473027,-0.04188936952161366,0.08109850767881163,0.0,0.0,-3.8142281295460835e-06,omni
6.452125631895163,7.5297645438337755,3.087226016511622,0.0,0.0,-1.587503011557443,0.17504908299443545,-0.0416790204249507,0.08114115919052439,0.0,0.0,-3.174925932466032e-06,omni
6.450793889457139,7.524533687149129,3.089661407113113,0.0,0.0,-1.587503090802391,0.17507915720530093,-0.04147233907613462,0.08117968671636064,0.0,0.0,-2.64149827010809e-06,omni
6.449468217731123,7.51930180193583,3.092097841612175,0.0,0.0,-1.5875031567015745,0.17511005913773214,-0.04126942478932839,0.08121448330206146,0.0,0.0,-2.196639438220546e-06,omni
6.448148501152836,7.5140688715793225,3.0945352187573794,0.0,0.0,-1.5875032114765117,0.17514157863371332,-0.0410703549937869,0.08124590484013831,0.0,0.0,-1.8258312462260856e-06,omni
6.446834622499989,7.50883488499561,3.0969734469630787,0.0,0.0,-1.5875032569835585,0.17517353238160638,-0.040875187672517764,0.08127427352332804,0.0,0.0,-1.5169015530749252e-06,omni
6.445526463399573,7.5035998359113485,3.099412443392725,0.0,0.0,-1.5875032947730983,0.17520576076542393,-0.04068396355886986,0.08129988098822619,0.0,0.0,-1.2596513201056043e-06,omni
6.444223904776941,7.498363722228346,3.1018521331279723,0.0,0.0,-1.5875033261392926,0.17523812508648337,-0.04049670811404922,0.08132299117492325,0.0,0.0,-1.0455398108407894e-06,omni
6.442926827252512,7.493126545462562,3.1042924484157717,0.0,0.0,-1.5875033521618651,0.17527050511197162,-0.04031343330647465,0.0813438429266592,0.0,0.0,-8.674190862919134e-07,omni
6.441635111491348,7.487888310248879,3.106733327986325,0.0,0.0,-1.5875033737411732,0.17530279691070866,-0.040134139211970364,0.08136265235176492,0.0,0.0,-7.193102506437111e-07,omni
6.440348638510396,7.482649023903991,3.1091747164353802,0.0,0.0,-1.5875033916276242,0.1753349109414079,-0.039958815452040206,0.08137961496848997,0.0,0.0,-5.962150237783623e-07,omni
6.439067289947663,7.477408696040659,3.111616563664932,0.0,0.0,-1.5875034064463396,0.1753667703630879,-0.039787442485864855,0.08139490765172769,0.0,0.0,-4.939571784604464e-07,omni
6.437790948297242,7.472167338227394,3.1140588243769067,0.0,0.0,-1.5875034187178163,0.17539830954108238,-0.039619992770201506,0.08140869039914936,0.0,0.0,-4.090492027209206e-07,omni
6.436519497113685,7.466924963688331,3.1165014576148917,0.0,0.0,-1.5875034288752234,0.175429472725397,-0.03945643180003168,0.08142110793284763,0.0,0.0,-3.3858025099982426e-07,omni
6.435252821188888,7.461681587038684,3.11894442634943,0.0,0.0,-1.5875034372788854,0.1754602128810363,-0.039296719041589295,0.08143229115126854,0.0,0.0,-2.801220475094295e-07,omni
6.43399080670435,7.4564372240517,3.12138769710278,0.0,0.0,-1.5875034442283826,0.17549049065242953,-0.03914080876829724,0.08144235844497852,0.0,0.0,-2.3164991651483576e-07,omni
6.432733341361397,7.451191891453515,3.1238312396094394,0.0,0.0,-1.5875034499726786,0.17552027344626975,-0.03898865080913739,0.08145141688866592,0.0,0.0,-1.914765493618503e-07,omni
6.43148031449167,7.445945606742725,3.12627502650906,0.0,0.0,-1.5875034547185733,0.17554953461898704,-0.03884019121806833,0.08145956332071416,0.0,0.0,-1.5819648800569822e-07,omni
6.430231617149996,7.44069838803188,3.128719033068681,0.0,0.0,-1.587503458637762,0.17557825275674077,-0.03869537287227861,0.08146688532069876,0.0,0.0,-1.3063961893014313e-07,omni
6.42898714219153,7.435450253908377,3.1311632369315086,0.0,0.0,-1.5875034618727288,0.1756064110372719,-0.03855413600631426,0.0814734620942538,0.0,0.0,-1.0783223782520862e-07,omni
6.427746784334847,7.430201223312587,3.133607617889725,0.0,0.0,-1.5875034645416632,0.17563399666422758,-0.03841641868844028,0.08147936527391657,0.0,0.0,-8.89644712143603e-08,omni
6.426510440212548,7.424951315431225,3.1360521576790394,0.0,0.0,-1.5875034667425538,0.17566100036568477,-0.038282157244980825,0.08148465964379087,0.0,0.0,-7.336303240667006e-08,omni
6.425278008410742,7.419700549604268,3.138496839792895,0.0,0.0,-1.5875034685566067,0.17568741594957527,-0.038151286637826354,0.08148940379516381,0.0,0.0,-6.046845085951591e-08,omni
6.424049389498642,7.414448945243849,3.1409416493144815,0.0,0.0,-1.587503470051088,0.1757132399095695,-0.038023740799791816,0.08149365071956398,0.0,0.0,-4.981605069562335e-08,omni
6.4228244860494135,7.409196521763797,3.1433865727648365,0.0,0.0,-1.5875034712816904,0.17573847107572813,-0.0378994529320547,0.08149744834515754,0.0,0.0,-4.102006950741031e-08,omni
6.421603202653256,7.403943298518594,3.145831597965492,0.0,0.0,-1.5875034722945027,0.1757631103048889,-0.037778355767489315,0.08150084002183755,0.0,0.0,-3.376040593214341e-08,omni
6.420385445923641,7.39868929475067,3.1482767139142873,0.0,0.0,-1.5875034731276503,0.1757871602063371,-0.037660381803341234,0.08150386495986787,0.0,0.0,-2.777156654849676e-08,omni
6.419171124497509,7.393434529545114,3.1507219106730813,0.0,0.0,-1.5875034738126534,0.1758106248988175,-0.037545463506349144,0.0815065586264922,0.0,0.0,-2.2833451775453467e-08,omni
6.417960149030157,7.388179021790906,3.1531671792662164,0.0,0.0,-1.5875034743755634,0.175833509795395,-0.0374335334931169,0.0815089531045087,0.0,0.0,-1.876367864453701e-08,omni
6.416752432185469,7.382922790147958,3.1556125115887093,0.0,0.0,-1.5875034748378987,0.17585582141306816,-0.037324524688263805,0.08151107741643616,0.0,0.0,-1.541118726256976e-08,omni
6.415547888622091,7.37766585301927,3.1580579003232363,0.0,0.0,-1.5875034752174257,0.17587756720438802,-0.037218370462632905,0.08151295781755763,0.0,0.0,-1.2650918924527585e-08,omni
6.414346434976052,7.372408228527603,3.160503338865061,0.0,0.0,-1.587503475528807,0.1758987554086442,-0.03711500475361261,0.08151461806081814,0.0,0.0,-1.0379388395621084e-08,omni
6.413147989840334,7.367149934496164,3.1629488212541497,0.0,0.0,-1.587503475784137,0.17591939492045267,-0.03701436216942467,0.08151607963627237,0.0,0.0,-8.511001892815045e-09,omni
6.411952473741793,7.3618909884328,3.165394342113775,0.0,0.0,-1.5875034759933868,0.17593949517382107,-0.03691637807904875,0.08151736198752227,0.0,0.0,-6.974996633945211e-09,omni
6.410759809115819,7.356631407517299,3.167839896594995,0.0,0.0,-1.587503476164774,0.1759590660399804,-0.03682098868928857,0.08151848270735317,0.0,0.0,-5.712898227531431e-09,omni
6.409569920279073,7.351371208591428,3.1702854803264313,0.0,0.0,-1.587503476305066,0.1759781177374615,-0.03672813111033583,0.08151945771456737,0.0,0.0,-4.676409273569028e-09,omni
6.408382733400599,7.34611040815136,3.172731089368846,0.0,0.0,-1.5875034764198352,0.17599666075306275,-0.03663774341105375,0.08152030141382274,0.0,0.0,-3.8256568627665025e-09,omni
6.4071981764716,7.340849022342214,3.1751767201740493,0.0,0.0,-1.5875034765136673,0.17601470577250325,-0.03654976466508048,0.08152102684011178,0.0,0.0,-3.127738644000332e-09,omni
6.406016179274086,7.335587066954426,3.1776223695477293,0.0,0.0,-1.5875034765903329,0.1760322636196889,-0.03646413498874336,0.08152164578935978,0.0,0.0,-2.5555171522930053e-09,omni
6.404836673348651,7.33032455742174,3.180068034615824,0.0,0.0,-1.5875034766529321,0.17604934520363474,-0.03638079557167606,0.08152216893647923,0.0,0.0,-2.0866204682773896e-09,omni
6.40365959196153,7.3250615088205855,3.1825137127940857,0.0,0.0,-1.5875034767040104,0.17606596147219258,-0.03629968870094177,0.08152260594208934,0.0,0.0,-1.7026142807095847e-09,omni
6.40248487007114,7.319797935870682,3.184959401760555,0.0,0.0,-1.5875034767456595,0.1760821233718245,-0.03622075777938483,0.0815229655489928,0.0,0.0,-1.3883162696636108e-09,omni
6.401312444294229,7.31453385293669,3.1874050994306367,0.0,0.0,-1.5875034767795968,0.17609784181274607,-0.03614394733886097,0.08152325566939786,0.0,0.0,-1.1312286074242353e-09,omni
6.400142252871791,7.309269274030772,3.1898508039345495,0.0,0.0,-1.5875034768072287,0.17611312763883605,-0.03606920304893084,0.0815234834637775,0.0,0.0,-9.210684445322631e-10,omni
6.398974235634842,7.3040042128159275,3.1922965135969155,0.0,0.0,-1.58750347682971,0.17612799160177467,-0.03599647172154227,0.08152365541217252,0.0,0.0,-7.493796423131446e-10,omni
6.397808333970178,7.298738682609999,3.1947422269182764,0.0,0.0,-1.5875034768479859,0.1761424443389316,-0.0359257013121739,0.08152377737866708,0.0,0.0,-6.092118415658883e-10,omni
6.396644490786202,7.29347269639023,3.1971879425583674,0.0,0.0,-1.5875034768628316,0.1761564963545755,-0.0358568409178644,0.08152385466969464,0.0,0.0,-4.94855312970525e-10,omni
6.3954826504788995,7.288206266798312,3.19963365932097,0.0,0.0,-1.5875034768748806,0.17617015800402458,-0.03578984077250851,0.08152389208676958,0.0,0.0,-4.016219961491466e-10,omni
6.39432275889803,7.282939406145804,3.202079376140196,0.0,0.0,-1.5875034768846505,0.17618343948039739,-0.03572465223976208,0.0815238939741812,0.0,0.0,-3.256647664565037e-10,omni
6.3931647633135995,7.277672126419898,3.2045250920680606,0.0,0.0,-1.5875034768925649,0.1761963508036618,-0.03566122780386288,0.08152386426213581,0.0,0.0,-2.6382832609327044e-10,omni
6.392008612382679,7.27240443928943,3.2069708062632345,0.0,0.0,-1.5875034768989706,0.17620890181171123,-0.03559952105864271,0.08152380650578517,0.0,0.0,-2.1352624469794e-10,omni
6.39085425611658,7.267136356111109,3.2094165179808507,0.0,0.0,-1.58750347690415,0.1762211021532276,-0.035539486694977085,0.08152372392053725,0.0,0.0,-1.7263961235241445e-10,omni
6.389701645848471,7.261867887935904,3.2118622265632717,0.0,0.0,-1.5875034769083327,0.1762329612821163,-0.035481080486893773,0.08152361941400718,0.0,0.0,-1.394335468172813e-10,omni
6.388550734201435,7.256599045515539,3.2143079314317196,0.0,0.0,-1.5875034769117073,0.176244488453322,-0.03542425927653764,0.08152349561493133,0.0,0.0,-1.1248844341689676e-10,omni
6.387400177004419,7.25133054035126,3.2167545037642022,0.0,0.0,-1.587503476914427,0.17623305076703555,-0.03541263373518271,0.08155241108277697,0.0,0.0,-9.064339253640779e-11,omni
6.386246604154094,7.246064210388446,3.2192041673052167,0.0,0.0,-1.5875034769166156,0.17616223352501742,-0.03551435280692487,0.08165545136712994,0.0,0.0,-7.29496347006418e-11,omni
6.3850853067249185,7.240802700266882,3.221660022719084,0.0,0.0,-1.5875034769183751,0.17600589622868487,-0.03577448690208719,0.08186184712890197,0.0,0.0,-5.863229212354072e-11,omni
6.383910758159698,7.2355492166597015,3.2241256873072985,0.0,0.0,-1.5875034769197875,0.17574576236960943,-0.0362205995899225,0.08218881960713764,0.0,0.0,-4.705892131541321e-11,omni
6.382717000729585,7.23030734502998,3.226605028292765,0.0,0.0,-1.5875034769209186,0.17536944748903965,-0.03686727219319581,0.08264469951553494,0.0,0.0,-3.771368453078769e-11,omni
6.3814979290523555,7.22508091308823,3.229101967665477,0.0,0.0,-1.5875034769218246,0.17486896002448216,-0.03771956070685771,0.08323131242374446,0.0,0.0,-3.0176147452742495e-11,omni
6.380247495272958,7.219873889497628,3.2316203415753457,0.0,0.0,-1.5875034769225478,0.17423957017378774,-0.03877562631960796,0.08394579699562948,0.0,0.0,-2.410388396207429e-11,omni
6.378959854895343,7.214690308954457,3.234163801150045,0.0,0.0,-1.587503476923124,0.17347896389421613,-0.04002872811663502,0.08478198582329896,0.0,0.0,-1.9218212303358946e-11,omni
6.37762946787342,7.209534216808646,3.2367357446458844,0.0,0.0,-1.5875034769235827,0.17258661657202456,-0.04146872511494863,0.08573144986133985,0.0,0.0,-1.529250556477566e-11,omni
6.376251166157187,7.204409627994996,3.239339273194093,0.0,0.0,-1.5875034769239476,0.1715633347465044,-0.04308320223795342,0.08678428494029798,0.0,0.0,-1.2142617396394591e-11,omni
6.374820196239068,7.199320496308535,3.241977164229873,0.0,0.0,-1.5875034769242362,0.1704109252754803,-0.044858309285831365,0.08792970119269593,0.0,0.0,-9.619044841549816e-12,omni
6.373332243191392,7.194270691048126,3.2446518581022787,0.0,0.0,-1.5875034769244643,0.1691319600688568,-0.04677938191455361,0.089156462413513,0.0,0.0,-7.600516985419447e-12,omni
6.371783441099584,7.18926397882696,3.2473654544496395,0.0,0.0,-1.587503476924644,0.16772961145869333,-0.0488313979261844,0.09045321157871518,0.0,0.0,-5.9887532710355844e-12,omni
6.370170373575462,7.184304008951535,3.2501197157590878,0.0,0.0,-1.5875034769247847,0.16620753879046823,-0.05099930987322685,0.09180871031494277,0.0,0.0,-4.7041808165357285e-12,omni
6.368490067101085,7.179394301237248,3.252916076165415,0.0,0.0,-1.5875034769248948,0.16456981120665626,-0.05326828536363162,0.09321201354423875,0.0,0.0,-3.682437563579859e-12,omni
6.366739979243011,7.17453823548676,3.2557556540280737,0.0,0.0,-1.587503476924981,0.16282085508519778,-0.055623878949510076,0.09465259542195444,0.0,0.0,-2.871518983226391e-12,omni
6.364917983239959,7.169739042128973,3.2586392671900115,0.0,0.0,-1.5875034769250482,0.1609654173772313,-0.05805215364252765,0.09612043873126302,0.0,0.0,-2.2294515113634777e-12,omni
6.363022350064867,7.164999793719356,3.261567450095465,0.0,0.0,-1.5875034769251002,0.15900853830631634,-0.060539765569392896,0.09760609684842826,0.0,0.0,-1.7223968322229377e-12,omni
6.361051728764188,7.160323397150413,3.2645404721471363,0.0,0.0,-1.5875034769251395,0.1569555286594067,-0.0630740217841023,0.099100735055726,0.0,0.0,-1.3231083625169754e-12,omni
6.359005125659035,7.1557125865256515,3.267558356833169,0.0,0.0,-1.58750347692517,0.15481194830707679,-0.06564291857089968,0.10059615620110009,0.0,0.0,-1.0096754611063984e-12,omni
6.356881882835104,7.151169916720447,3.270620901264103,0.0,0.0,-1.5875034769251926,0.15258358370631164,-0.06823516553057195,0.10208481436449444,0.0,0.0,-7.645025377418023e-13,omni
6.354681656236362,7.146697757696123,3.2737276958399364,0.0,0.0,-1.5875034769252103,0.1502764230176143,-0.07084019920600725,0.10355981919446347,0.0,0.0,-5.734798037275459e-13,omni
6.352404393599372,7.1422982896553995,3.276878143825398,0.0,0.0,-1.587503476925223,0.14789662815163496,-0.07344818886224677,0.10501493284875364,0.0,0.0,-4.253102643357139e-13,omni
6.350050312411682,7.137973499133184,3.2800714806538402,0.0,0.0,-1.5875034769252319,0.1454505035825328,-0.0760500362049103,0.1064445609480579,0.0,0.0,-3.1096400036321843e-13,omni
6.3476198780418756,7.133725176110487,3.283306792811367,0.0,0.0,-1.5875034769252383,0.14294446215283785,-0.07863737022948337,0.10784373858424696,0.0,0.0,-2.2323607429362352e-13,omni
6.34511378216499,7.129554912224658,3.2865830361765878,0.0,0.0,-1.5875034769252434,0.1403849883698745,-0.08120253798680314,0.10920811217401068,0.0,0.0,-1.5638873118110904e-13,omni
6.342532921591221,7.1254641001289505,3.289899053710132,0.0,0.0,-1.5875034769252472,0.13777859987552865,-0.08373859178236687,0.11053391778482258,0.0,0.0,-1.0586211547792018e-13,omni
6.339878377594804,7.121453934031034,3.293253592403865,0.0,0.0,-1.5875034769252496,0.13513180787540735,-0.08623927316281278,0.11181795645774592,0.0,0.0,-6.804063251431311e-14,omni
6.337151395831633,7.1175254114153494,3.296645319413607,0.0,0.0,-1.587503476925251,0.13245107735444803,-0.08869899395327649,0.11305756699141957,0.0,0.0,-4.0064462437397055e-14,omni
6.334353366926994,7.113679335929862,3.300072837312165,0.0,0.0,-1.587503476925251,0.12974278789645163,-0.09111281457142367,0.11425059661859506,0.0,0.0,-1.967767995476217e-14,omni
6.331485807807795,7.109916321394759,3.3035346984118505,0.0,0.0,-1.587503476925251,0.12701319587621288,-0.0934764198398487,0.11539536998949461,0.0,0.0,-5.106023219275513e-15,omni
6.328550343846128,7.1062367968700775,3.307029418117852,0.0,0.0,-1.587503476925251,0.124268398715094,-0.09578609253436733,0.11649065686670991,0.0,0.0,5.0413462298511235e-15,omni
6.325548691872896,7.10264101270156,3.310555487285708,0.0,0.0,-1.587503476925251,0.12151430179308548,-0.0980386849311231,0.11753563892852549,0.0,0.0,1.1850690682734534e-14,omni
6.32248264411124,7.099129047449742,3.3141113835677367,0.0,0.0,-1.587503476925251,0.1187565885005292,-0.10023158864282296,0.11852987606760627,0.0,0.0,1.6166884391553504e-14,omni
6.319354053069873,7.0957008155963015,3.317695581744467,0.0,0.0,-1.587503476925251,0.11600069379751483,-0.10236270305862553,0.11947327255769766,0.0,0.0,1.8643971813124984e-14,omni
6.316164817426387,7.092356075914366,3.3213065630477066,0.0,0.0,-1.587503476925251,0.11325178153412954,-0.10443040271992783,0.12036604344133933,0.0,0.0,1.978555131836842e-14,omni
6.312916868920215,7.089094440385302,3.3249428234917002,0.0,0.0,-1.587503476925251,0.11051472567476064,-0.10643350397374451,0.12120868146648263,0.0,0.0,1.997697271659568e-14,omni
6.309612160264706,7.085915383543443,3.328602881237796,0.0,0.0,-1.587503476925251,0.1077940954679767,-0.10837123124591516,0.12200192486985553,0.0,0.0,1.9510957169413542e-14,omni
6.306252654077706,7.08281825213185,3.332285283025922,0.0,0.0,-1.587503476925251,0.10509414451261544,-0.11024318326822803,0.12274672627087482,0.0,0.0,1.8607939486235852e-14,omni
6.302840312820631,7.0798022749562355,3.3359886097130134,0.0,0.0,-1.587503476925251,0.1024188035921688,-0.11204929957753122,0.12344422290302043,0.0,0.0,1.743218226670582e-14,omni
6.299377089727198,7.076866572830073,3.3397114809641466,0.0,0.0,-1.587503476925251,0.09977167708418258,-0.11378982758220837,0.12409570837110377,0.0,0.0,1.6104508140055663e-14,omni
6.29586492069512,7.074010168511456,3.3434525591466664,0.0,0.0,-1.587503476925251,0.09715604269933392,-0.11546529046342605,0.12470260608398945,0.0,0.0,1.4712331663198655e-14,omni
6.292305717107119,7.0712319965408765,3.347210552480892,0.0,0.0,-1.587503476925251,0.09457485426573879,-0.1170764561467811,0.12526644447417612,0.0,0.0,1.3317539100992793e-14,omni
6.288701359541765,7.068530912898576,3.350984217503268,0.0,0.0,-1.587503476925251,0.09203074724708854,-0.11862430754581982,0.12578883407916053,0.0,0.0,1.1962656463456107e-14,omni
6.28505369232974,7.065905704410002,3.3547723608990325,0.0,0.0,-1.587503476925251,0.08952604666734036,-0.12011001424368734,0.1262714465254723,0.0,0.0,1.0675659034112356e-14,omni
6.281364518907484,7.063355097837948,3.358573840761791,0.0,0.0,-1.587503476925251,0.08706277710861951,-0.12153490574406015,0.1267159954252618,0.0,0.0,9.473705292205518e-15,omni
6.277632691176954,7.060885941857388,3.3623876589667288,0.0,0.0,-1.587503476925251,0.08437188959617946,-0.1230018757221736,0.12712727349794345,0.0,0.0,8.366021432394671e-15,omni
6.273855570440279,7.058509275779691,3.366212864716893,0.0,0.0,-1.587503476925251,0.08131454582919907,-0.1245629375823826,0.12750685833880057,0.0,0.0,7.35611703212181e-15,omni
6.2700322725267235,7.05623128791857,3.3700484285263816,0.0,0.0,-1.587503476925251,0.07805144610274384,-0.12615691382984134,0.12785212698292103,0.0,0.0,6.443475704714213e-15,omni
6.266163164785496,7.054054612966001,3.373893291438279,0.0,0.0,-1.587503476925251,0.07470033099816809,-0.1277401140174164,0.1281620970632374,0.0,0.0,5.6248350946743876e-15,omni
6.262249484469262,7.051979322474927,3.377746400593337,0.0,0.0,-1.587503476925251,0.07134614212817775,-0.12928211805159634,0.12843697183526284,0.0,0.0,4.895146930917308e-15,omni
6.25829305102048,7.050003677542487,3.381606734354364,0.0,0.0,-1.587503476925251,0.06804889538795256,-0.13076251410924822,0.12867779203423158,0.0,0.0,4.248288926161898e-15,omni
6.254296050842203,7.048124697616003,3.385473319459399,0.0,0.0,-1.587503476925251,0.06484976897589528,-0.13216838042887616,0.12888617016784992,0.0,0.0,3.677585181807922e-15,omni
6.250260877875466,7.046338587452332,3.389345242117115,0.0,0.0,-1.587503476925251,0.06177579987719834,-0.13349234635923013,0.12906408859051088,0.0,0.0,3.1761796866194722e-15,omni
6.24619001700729,7.0446410549485625,3.393221654528381,0.0,0.0,-1.587503476925251,0.05884349712681942,-0.13473110409946842,0.1292137470421859,0.0,0.0,2.7372978848397927e-15,omni
6.242085960223825,7.043027545275971,3.3971017779867947,0.0,0.0,-1.587503476925251,0.05606161307642981,-0.13588427073881532,0.1293374486138167,0.0,0.0,2.3544236502424002e-15,omni
6.237951147679535,7.041493411054385,3.400984903454385,0.0,0.0,-1.587503476925251,0.05343326120770812,-0.13695352221872462,0.12943751558632338,0.0,0.0,2.0214129455898014e-15,omni
6.233787927614653,7.040034033857782,3.404870390308869,0.0,0.0,-1.587503476925251,0.0509575277019851,-0.13794193804340807,0.12951622848278266,0.0,0.0,1.7325606561954487e-15,omni
6.229598530427182,7.038644908874178,3.4087576638025507,0.0,0.0,-1.587503476925251,0.04863069157709046,-0.1388535090083216,0.1295757831227422,0.0,0.0,1.4826333072796179e-15,omni
6.225385053277492,7.037321701841445,3.4126462116501064,0.0,0.0,-1.587503476925251,0.04644714282855618,-0.13969277072362468,0.12961826158521766,0.0,0.0,1.2668774027705888e-15,omni
6.221149452438844,7.036060285278949,3.416535580065752,0.0,0.0,-1.587503476925251,0.04440006815901812,-0.14046453392317032,0.12964561385484502,0.0,0.0,1.081010793525005e-15,omni
6.216893541257612,7.0348567594018645,3.420425369493888,0.0,0.0,-1.587503476925251,0.04248195836028204,-0.14117368897066762,0.12965964760456122,0.0,0.0,9.212026635170616e-16,omni
6.2126189920929455,7.0337074618380795,3.424315230216973,0.0,0.0,-1.587503476925251,0.04068497929263291,-0.1418250669946212,0.12966202410284772,0.0,0.0,7.84046307505453e-16,omni
6.20832734099859,7.032608969286186,3.4282048579766884,0.0,0.0,-1.587503476925251,0.03900123895027173,-0.14242334400795859,0.12965425865718652,0.0,0.0,6.665277783226776e-16,omni
6.204019994214249,7.031558093494335,3.4320939897069693,0.0,0.0,-1.587503476925251,0.037422975732201436,-0.14297297743542664,0.12963772434269827,0.0,0.0,5.659926385843639e-16,omni
6.1996982357695885,7.030551873354205,3.4359823994480068,0.0,0.0,-1.587503476925251,0.035942687300421494,-0.1434781668682032,0.1296136580345567,0.0,0.0,4.801124063441822e-16,omni
6.195363235685658,7.029587564453666,3.4398698944873716,0.0,0.0,-1.587503476925251,0.034553214945624675,-0.14394283273637748,0.1295831679788243,0.0,0.0,4.0685179410095043e-16,omni
6.191016058398361,7.028662627085672,3.4437563117566605,0.0,0.0,-1.587503476925251,0.033247794915346435,-0.14437060804991603,0.12954724230966086,0.0,0.0,3.4443747151969936e-16,omni
6.1866576711354,7.027774713446095,3.447641514498456,0.0,0.0,-1.587503476925251,0.03202008547182354,-0.14476483949660499,0.12950675805983664,0.0,0.0,2.913288072627802e-16,omni
6.182288952059647,7.026921654551198,3.4515253892081383,0.0,0.0,-1.587503476925251,0.030864176365334742,-0.14512859507106435,0.12946249032273782,0.0,0.0,2.4619084311180227e-16,omni
6.17791069805342,7.026101447252187,3.455407842847523,0.0,0.0,-1.587503476925251,0.029774585799498526,-0.14546467609697672,0.12941512131283756,0.0,0.0,2.078696072916036e-16,omni
6.173523632064363,7.0253122416083675,3.459288800321787,0.0,0.0,-1.587503476925251,0.02874624872313375,-0.14577563203805655,0.12936524914213138,0.0,0.0,1.7536977038451037e-16,omni
6.169128409967929,7.0245523287935425,3.4631682022073584,0.0,0.0,-1.587503476925251,0.02777449932703135,-0.14606377690565114,0.12931339618570767,0.0,0.0,1.4783457611543827e-16,omni
6.164725626926643,7.02382012964556,3.4670460027159558,0.0,0.0,-1.587503476925251,0.026855049889485404,-0.14633120638861244,0.12926001695322145,0.0,0.0,1.2452793254043008e-16,omni
6.160315823244442,7.023114183921112,3.4709221678784616,0.0,0.0,-1.587503476925251,0.025983967551894534,-0.1465798150749243,0.12920550541683562,0.0,0.0,1.0481852052937311e-16,omni
6.155899489727098,7.022433140283154,3.4747966739316234,0.0,0.0,-1.587503476925251,0.025157650176371203,-0.1468113133207768,0.1291502017720571,0.0,0.0,8.816576106716087e-17,omni
6.151477072568451,7.021775747023415,3.4786695058904447,0.0,0.0,-1.587503476925251,0.024372802110878854,-0.14702724346410456,0.12909439862736494,0.0,0.0,7.410747709612138e-17,omni
6.147048977787772,7.021140843504955,3.4825406562894305,0.0,0.0,-1.587503476925251,0.023626410440459426,-0.14722899518606283,0.12903834663286906,0.0,0.0,6.224908655521136e-17,omni
6.142615575246879,7.020527352297935,3.4864101240764858,0.0,0.0,-1.587503476925251,0.02291572211735873,-0.1474178199033495,0.1289822595684974,0.0,0.0,5.225416879520035e-17,omni
6.138177202277248,7.019934271974118,3.490277913644063,0.0,0.0,-1.587503476925251,0.02223822222413133,-0.14759484413284607,0.128926318919239,0.0,0.0,4.38362550566323e-17,omni
6.133734166947818,7.019360670521006,3.4941440339831478,0.0,0.0,-1.587503476925251,0.021591613521121055,-0.14776108181255446,0.1288706779694752,0.0,0.0,3.6751703997155164e-17,omni
6.1292867510036615,7.018805679334345,3.498008497946677,0.0,0.0,-1.587503476925251,0.020973797354559686,-0.1479174455930162,0.12881546545098121,0.0,0.0,3.0793534475944856e-17,omni
6.124835212504664,7.018268487746972,3.5018713216100843,0.0,0.0,-1.587503476925251,0.02038285594732571,-0.1480647571342471,0.12876078878024033,0.0,0.0,2.578609932051595e-17,omni
6.120379788191894,7.017748338052576,3.5057325237177044,0.0,0.0,-1.587503476925251,0.019817036056078985,-0.14820375645699138,0.128706736920659,0.0,0.0,2.1580495177723833e-17,omni
6.1159206956076595,7.017244520984213,3.5095921252048368,0.0,0.0,-1.587503476925251,0.019274733952123632,-0.14833511040556976,0.12865338290440154,0.0,0.0,1.8050614490368777e-17,omni
6.111458134993391,7.016756371609239,3.51345014878625,0.0,0.0,-1.587503476925251,0.018754481665942797,-0.148459420284139,0.12860078604711922,0.0,0.0,1.508975595364992e-17,omni
6.106992290987673,7.016283265604538,3.5173066186028614,0.0,0.0,-1.587503476925251,0.018254934424589184,-0.14857722872985596,0.12854899388701851,0.0,0.0,1.2607719380300323e-17,omni
6.102523334144813,7.015824615878173,3.52116155991919,0.0,0.0,-1.587503476925251,0.017774859205241286,-0.14868902588606359,0.1284980438776414,0.0,0.0,1.0528319685168854e-17,omni
6.098051422292645,7.015379869506041,3.525014998865036,0.0,0.0,-1.587503476925251,0.017313124325904698,-0.14879525493680568,0.12844796486153393,0.0,0.0,8.787262675691628e-18,omni
6.093576701746446,7.0149485049545275,3.528866962215528,0.0,0.0,-1.587503476925251,0.01686868999443135,-0.14889631706120837,0.12839877834974095,0.0,0.0,7.330332518888019e-18,omni
6.089099308394282,7.014530029562397,3.532717477204424,0.0,0.0,-1.587503476925251,0.016440599738978316,-0.14899257586288933,0.12835049962984907,0.0,0.0,6.111847182021672e-18,omni
6.084619368667582,7.014123977257515,3.536566571366118,0.0,0.0,-1.587503476925251,0.0160279726461555,-0.14908436132583597,0.12830313872315183,0.0,0.0,5.0933438587225975e-18,omni
6.080137000409362,7.013729906486016,3.5404142724024017,0.0,0.0,-1.587503476925251,0.015629996336988097,-0.14917197334432525,0.12825670120946442,0.0,0.0,4.242461447895957e-18,omni
6.075652313651208,7.013347398333592,3.544260608070488,0.0,0.0,-1.587503476925251,0.015245920615128911,-0.1492556848705778,0.12821118893618888,0.0,0.0,3.531991605017874e-18,omni
6.071165411308986,7.012976054820359,3.548105606089282,0.0,0.0,-1.587503476925251,0.014875051726266584,-0.14933574472004868,0.12816660062643792,0.0,0.0,2.939073790797763e-18,omni
6.06667638980619,7.012615497352544,3.5519492940612634,0.0,0.0,-1.587503476925251,0.014516747172223248,-0.14941238007062038,0.12812293239937228,0.0,0.0,2.444513155679335e-18,omni
6.062185339632872,7.01226536531578,3.555791699407696,0.0,0.0,-1.587503476925251,0.014170411027702468,-0.14948579868852674,0.12808017821439377,0.0,0.0,2.0322030726967933e-18,omni
6.057692345847226,7.011925314796186,3.559632849315179,0.0,0.0,-1.587503476925251,0.013835489711957204,-0.14955619091062086,0.12803833024946074,0.0,0.0,1.688636714905434e-18,omni
6.053197488526131,7.011595017416879,3.5634727706918565,0.0,0.0,-1.587503476925251,0.0135114681717464,-0.14962373140962293,0.12799737922255025,0.0,0.0,1.402494312320668e-18,omni
6.048700843170277,7.011274159278577,3.567311490131781,0.0,0.0,-1.587503476925251,0.013197866435806206,-0.14968858076624286,0.12795731466417481,0.0,0.0,1.164294658449389e-18,omni
6.044202481068833,7.01096243999423,3.571149033886217,0.0,0.0,-1.587503476925251,0.012894236504662685,-0.14975088686956878,0.1279181251478621,0.0,0.0,9.66101105571442e-19,omni
6.039702469628104,7.010659571808481,3.574985427840755,0.0,0.0,-1.587503476925251,0.012600159542951595,-0.14981078616483307,0.12787979848461672,0.0,0.0,8.012737245958719e-19,omni
6.035200872668078,7.010365278793723,3.578820697497353,0.0,0.0,-1.587503476925251,0.012315243344489905,-0.1498684047656051,0.12784232188659383,0.0,0.0,6.642605396193118e-19,omni
6.030697750690397,7.010079296115321,3.5826548679604877,0.0,0.0,-1.587503476925251,0.012039120043171318,-0.14992385944559575,0.12780568210451665,0.0,0.0,5.504218059092718e-19,omni
6.026193161120801,7.009801369359283,3.58648796392677,0.0,0.0,-1.587503476925251,0.011771444045344779,-0.14997725852358595,0.12776986554275502,0.0,0.0,4.558822064608681e-19,omni
6.021687158528813,7.009531253916392,3.590320009677433,0.0,0.0,-1.587503476925251,0.011511890161694896,-0.15002870265348656,0.12773485835544335,0.0,0.0,3.77406617226028e-19,omni
6.017179794827108,7.009268714417302,3.5941510290732297,0.0,0.0,-1.587503476925251,0.011260151918790465,-0.15007828553019295,0.12770064652654306,0.0,0.0,3.122957527147929e-19,omni
6.012671119452701,7.00901352421377,3.5979810455513204,0.0,0.0,-1.587503476925251,0.011015940032417272,-0.15012609452069625,0.12766721593634217,0.0,0.0,2.582985677403644e-19,omni
6.0081611795319,7.008765464901592,3.601810082123816,0.0,0.0,-1.587503476925251,0.010778981026578763,-0.15017221122884142,0.12763455241652644,0.0,0.0,2.13538771390967e-19,omni
6.0036500200306975,7.008524325881274,3.605638161377686,0.0,0.0,-1.587503476925251,0.010549015983648128,-0.15021671200116948,0.12760264179564368,0.0,0.0,1.7645321781032537e-19,omni
5.9991376838921475,7.008289903952874,3.6094653054757804,0.0,0.0,-1.587503476925251,0.010325799412601751,-0.15025966838043292,0.12757146993651353,0.0,0.0,1.4574028539683455e-19,omni
5.994624212162023,7.008062002941826,3.6132915361587874,0.0,0.0,-1.587503476925251,0.01010909822357016,-0.15030114751262058,0.12754102276690127,0.0,0.0,1.2031665052105585e-19,omni
5.990109644103992,7.007840433352828,3.6171168747479254,0.0,0.0,-1.587503476925251,0.009898690798120943,-0.15034121251266022,0.1275112863045733,0.0,0.0,9.928111150917967e-20,omni
5.985594017305328,7.007625012049178,3.6209413421482552,0.0,0.0,-1.587503476925251,0.00969436614575108,-0.15037992279337542,0.12748224667767938,0.0,0.0,8.188433006680931e-20,omni
5.981077367774134,7.007415561955258,3.6247649588524937,0.0,0.0,-1.587503476925251,0.009495923138023561,-0.15041733436174815,0.1274538901412577,0.0,0.0,6.750353620648988e-20,omni
5.9765597300288995,7.007211911780018,3.6285877449452095,0.0,0.0,-1.587503476925251,0.009303169812645267,-0.15045350008607522,0.12742620309053299,0.0,0.0,5.562139396512273e-20,omni
5.972041137181126,7.007013895759548,3.6324097201073564,0.0,0.0,-1.587503476925251,0.009115922740559553,-0.150488469937195,0.12739917207156898,0.0,0.0,4.580835292221183e-20,omni
5.967521621011716,7.006821353417069,3.636230903621048,0.0,0.0,-1.587503476925251,0.008934006449825505,-0.15052229120659816,0.12737278378974431,0.0,0.0,3.7707918318505123e-20,omni
5.963001212041693,7.006634129338749,3.6400513143745408,0.0,0.0,-1.587503476925251,0.008757252900684019,-0.15055500870391503,0.12734702511644297,0.0,0.0,3.102436346609938e-20,omni
5.95847993959778,7.006452072963973,3.643870970867369,0.0,0.0,-1.587503476925251,0.008585501006776106,-0.15058666493598757,0.1273218830942842,0.0,0.0,2.5512484725197914e-20,omni
5.953957831873346,7.006275038388817,3.647689891215603,0.0,0.0,-1.587503476925251,0.008418596197986898,-0.15061730026948406,0.12729734494116035,0.0,0.0,2.0969063803530178e-20,omni
5.949434915985094,7.006102884181572,3.6515080931572013,0.0,0.0,-1.587503476925251,0.008256390020845623,-0.15064695307879183,0.12727339805330445,0.0,0.0,1.7225756385632728e-20,omni
5.9449112180258865,7.005935473209305,3.655325594057429,0.0,0.0,-1.587503476925251,0.008098739772822366,-0.15067565988072806,0.12725003000756896,0.0,0.0,1.4143171711766447e-20,omni
5.940386763114084,7.005772672474548,3.659142410914321,0.0,0.0,-1.587503476925251,0.007945508167231469,-0.15070345545743544,0.127227228563065,0.0,0.0,1.1605946049779748e-20,omni
5.935861575439638,7.005614352961248,3.662958560364189,0.0,0.0,-1.587503476925251,0.007796563025782965,-0.15073037296867597,0.1272049816622831,0.0,0.0,9.518645181334656e-21,omni
5.931335678307249,7.005460389489239,3.666774058687143,0.0,0.0,-1.587503476925251,0.007651776996121541,-0.1507564440546018,0.12718327743179317,0.0,0.0,7.802358024746263e-21,omni
5.92680909417685,7.0053106605765825,3.6705889218126218,0.0,0.0,-1.587503476925251,0.007511027291960159,-0.15078169892996118,0.127162104182603,0.0,0.0,6.3918661591023704e-21,omni
5.922281844701583,7.005165048309098,3.674403165324929,0.0,0.0,-1.587503476925251,0.007374195453655905,-0.15080616647059283,0.12714145041023864,0.0,0.0,5.233292990300063e-21,omni
5.917753950763533,7.005023438216585,3.6782168044687666,0.0,0.0,-1.587503476925251,0.0072411671272920464,-0.1508298742929684,0.127121304794597,0.0,0.0,4.282152193408589e-21,omni
5.9132254325073355,7.004885719155207,3.6820298541547545,0.0,0.0,-1.587503476925251,0.007111831860524258,-0.15085284882745925,0.1271016561996104,0.0,0.0,3.501728370237809e-21,omni
5.908696309371873,7.004751783195547,3.6858423289649367,0.0,0.0,-1.587503476925251,0.006986082913623428,-0.150875115385931,0.12708249367275465,0.0,0.0,2.861733991654861e-21,omni
5.904166600120181,7.004621525515989,3.68965424315827,0.0,0.0,-1.587503476925251,0.006863817084304427,-0.1508966982242046,0.127063806444425,0.0,0.0,2.3371960010343363e-21,omni
5.8996363228677,7.004494844300978,3.693465610676086,0.0,0.0,-1.587503476925251,0.006744934545070722,-0.15091762059986422,0.1270455839271986,0.0,0.0,1.9075332328367914e-21,omni
5.895105495108989,7.0043716406438525,3.6972764451475357,0.0,0.0,-1.587503476925251,0.006629338691931401,-0.15093790482584318,0.12702781571499838,0.0,0.0,1.5557922964682751e-21,omni
5.89057413374303,7.004251818453947,3.701086759895001,0.0,0.0,-1.587503476925251,0.006516936003460929,-0.1509575723201714,0.12701049158216865,0.0,0.0,1.2680149985487083e-21,omni
5.886042298596035,7.004135805155921,3.704896629319516,0.0,0.0,-1.587503476925251,0.006390254498625916,-0.15097548390960086,0.126995647483822,0.0,0.0,1.0327149014490708e-21,omni
5.881510230772303,7.004026013494594,3.7087063472561614,0.0,0.0,-1.587503476925251,0.006183025124816043,-0.15098670341779136,0.12699059788820088,0.0,0.0,8.40444389295102e-22,omni
5.876978419746088,7.0039272273294655,3.7125164425459,0.0,0.0,-1.587503476925251,0.005816083444348865,-0.15098427342603632,0.12700317632461422,0.0,0.0,6.834367577687712e-22,omni
5.8724475682889725,7.003845788108303,3.716327555040803,0.0,0.0,-1.587503476925251,0.005237398313449052,-0.15096195240374016,0.12703708316341167,0.0,0.0,5.553104642475745e-22,omni
5.8679185649653824,7.003788986734416,3.720140344117605,0.0,0.0,-1.587503476925251,0.004415222167002498,-0.15091407685263986,0.12709296922675845,0.0,0.0,4.508248566403832e-22,omni
5.863392462305285,7.003764612777878,3.7239554221873914,0.0,0.0,-1.587503476925251,0.0033328437900728798,-0.15083545971443735,0.12716926899290273,0.0,0.0,3.656785151690633e-22,omni
5.858870459113653,7.0037806237331806,3.7277733074322534,0.0,0.0,-1.587503476925251,0.0019845850259527778,-0.15072131934970945,0.12726284149541617,0.0,0.0,2.9634285195032995e-22,omni
5.854353885678336,7.003844905452495,3.7315943913424356,0.0,0.0,-1.587503476925251,0.0003727603985833306,-0.1505672337114657,0.127369463672736,0.0,0.0,2.399248692752859e-22,omni
5.849844190896242,7.00396510147874,3.735418917659699,0.0,0.0,-1.587503476925251,-0.0014946202950185772,-0.1503691147791547,0.12748421057543632,0.0,0.0,1.9405402136714212e-22,omni
5.8453429305570594,7.004148494155369,3.739246970124207,0.0,0.0,-1.587503476925251,-0.0036055782794825325,-0.15012319881307978,0.12760174881690267,0.0,0.0,1.567889915480688e-22,omni
5.84085175620903,7.0044019244079285,3.7430784670273476,0.0,0.0,-1.587503476925251,-0.005945455003894117,-0.14982604849043485,0.1277165634380079,0.0,0.0,1.2654091674787916e-22,omni
5.836372404187227,7.004731740218278,3.7469131610337354,0.0,0.0,-1.587503476925251,-0.008497868521292157,-0.1494745634679245,0.12782313354623503,0.0,0.0,1.0201018883166751e-22,omni
5.8319066845152925,7.005143766237203,3.750750643084944,0.0,0.0,-1.587503476925251,-0.011245417932587857,-0.14906599637049134,0.1279160683736113,0.0,0.0,8.213445790787107e-23,omni
5.827456469500316,7.005643288855345,3.7545903494609996,0.0,0.0,-1.587503476925251,-0.014170198421612932,-0.1485979716273622,0.12799021253518206,0.0,0.0,6.604587377579375e-23,omni
5.8230236819302625,7.006235052494747,3.758431571273223,0.0,0.0,-1.587503476925251,-0.017254175001175594,-0.14806850496634175,0.1280407270740854,0.0,0.0,5.303594229370567e-23,omni
5.818610282856731,7.006923263986983,3.7622734658093973,0.0,0.0,-1.587503476925251,-0.020479451798190267,-0.14747602173815727,0.12806315120580564,0.0,0.0,4.252665561555966e-23,omni
5.814218259004544,7.007711602742805,3.7661150692617,0.0,0.0,-1.587503476925251,-0.02382846486901915,-0.1468193725784345,0.12805344841007482,0.0,0.0,3.404678888011407e-23,omni
5.809849609895643,7.0086032350502085,3.769955310448975,0.0,0.0,-1.587503476925251,-0.027284119635295936,-0.14609784522886254,0.12800803957581258,0.0,0.0,2.721244929875653e-23,omni
5.805506334809113,7.009600831308872,3.7737930252053578,0.0,0.0,-1.587503476925251,-0.03082988865811342,-0.14531117163356244,0.12792382521276874,0.0,0.0,2.171112354587057e-23,omni
5.801190419723238,7.010706585355176,3.7776269711527903,0.0,0.0,-1.587503476925251,-0.03444988130428853,-0.1444595297025783,0.12779819824773303,0.0,0.0,1.7288601617944563e-23,omni
5.796903824400161,7.011922235282177,3.781455842610154,0.0,0.0,-1.587503476925251,-0.0381288936505339,-0.1435435393914485,0.12762904857879567,0.0,0.0,1.3738264639203572e-23,omni
5.792648469780119,7.013249085335683,3.785278285420118,0.0,0.0,-1.587503476925251,-0.04185244452110698,-0.14256425298258424,0.12741476033212212,0.0,0.0,1.089231439277294e-23,omni
5.788426225851264,7.014688028588998,3.789092911498797,0.0,0.0,-1.587503476925251,-0.045606801704647745,-0.14152313966852165,0.12715420262263555,0.0,0.0,8.614596918402258e-24,omni
5.784238900153703,7.0162395701791835,3.792898312934961,0.0,0.0,-1.587503476925251,-0.049379001021390145,-0.14042206472650048,0.126846714538829,0.0,0.0,6.794734054871179e-24,omni
5.780088227063736,7.017903850937986,3.7966930754859516,0.0,0.0,-1.587503476925251,-0.05315685991264422,-0.1392632637357768,0.1264920850330376,0.0,0.0,5.343327568534563e-24,omni
5.775975857987191,7.019680671280027,3.8004757913375333,0.0,0.0,-1.587503476925251,-0.05692898651975748,-0.13804931242153973,0.1260905283860494,0.0,0.0,4.1880423652570956e-24,omni
5.771903352570483,7.021569515225788,3.8042450710150253,0.0,0.0,-1.587503476925251,-0.06068478474429432,-0.1367830928109225,0.12564265591637652,0.0,0.0,3.2704097776078936e-24,omni
5.7678721710154015,7.023569574443161,3.8079995543533305,0.0,0.0,-1.587503476925251,-0.06441445548164493,-0.1354677564569455,0.12514944461019922,0.0,0.0,2.54322033338883e-24,omni
5.763883667559842,7.0256797721924995,3.8117379204538566,0.0,0.0,-1.587503476925251,-0.06810899405315879,-0.1341066855258917,0.12461220335086841,0.0,0.0,1.968398805630648e-24,omni
5.759939085162447,7.027898787059061,3.8154588965765197,0.0,0.0,-1.587503476925251,-0.07176018379164431,-0.13270345255419577,0.12403253742209293,0.0,0.0,1.5152735954529547e-24,omni
5.756039551405404,7.030225076355818,3.8191612659348295,0.0,0.0,-1.587503476925251,-0.07536058573279354,-0.13126177966496064,0.1234123119436816,0.0,0.0,1.1591683332880315e-24,omni
5.752186075607153,7.032656899079753,3.822843874380981,0.0,0.0,-1.587503476925251,-0.07890352440752198,-0.12978549799499556,0.1227536148717222,0.0,0.0,8.802566008037984e-25,omni
5.748379547115977,7.035192338307055,3.8265056359856744,0.0,0.0,-1.587503476925251,-0.0823830697989282,-0.12827850802466345,0.12205872015643551,0.0,0.0,6.626313711288293e-25,omni
5.744620734737023,7.0378293229172675,3.8301455375337263,0.0,0.0,-1.587503476925251,-0.08579401560829414,-0.12674474142902684,0.12133005160172013,0.0,0.0,4.93549548098016e-25,omni
5.74091028722933,7.040565648543505,3.8337626419710973,0.0,0.0,-1.587503476925251,-0.0891318540565463,-0.12518812498409593,0.12057014791238374,0.0,0.0,3.6281919419305043e-25,omni
5.737248734796424,7.043398997655102,3.837356090851611,0.0,0.0,-1.587503476925251,-0.09239274752320661,-0.12361254697061044,0.11978162935045493,0.0,0.0,2.6230295054326234e-25,omni
5.733636491483644,7.046326958690275,3.840925105842207,0.0,0.0,-1.587503476925251,-0.09557349738894944,-0.12202182642364547,0.118967166353201,0.0,0.0,1.8551600080262913e-25,omni
5.7300738583880495,7.04934704416891,3.844468989354056,0.0,0.0,-1.587503476925251,-0.09867151049743056,-0.1204196854829169,0.11812945039496078,0.0,0.0,1.2730090355153022e-25,omni
5.726561027581976,7.052456707729198,3.8479871243732036,0.0,0.0,-1.587503476925251,-0.10168476368572446,-0.11880972500895216,0.11727116730490471,0.0,0.0,8.356487133081072e-26,omni
5.723098086649063,7.055653360045858,3.851478973568764,0.0,0.0,-1.587503476925251,-0.10461176685046855,-0.11719540354668889,0.11639497318536644,0.0,0.0,5.106773717782799e-26,omni
5.719685023731699,7.058934383601815,3.8549440777591273,0.0,0.0,-1.587503476925251,-0.10745152501959865,-0.11558001964238668,0.11550347301212824,0.0,0.0,2.725102752068007e-26,omni
5.716321732990849,7.062297146298923,3.8583820538173357,0.0,0.0,-1.587503476925251,-0.11020349988896752,-0.11396669745322928,0.11459920194029374,0.0,0.0,1.0100340643973983e-26,omni
5.7130080203829365,7.065739013906398,3.8617925920959775,0.0,0.0,-1.587503476925251,-0.11286757126117855,-0.11235837553237246,0.11368460928808395,0.0,0.0,-1.965315670013546e-27,omni
5.709743609663644,7.069257361357702,3.8651754534497766,0.0,0.0,-1.587503476925251,-0.11544399879285258,-0.11075779862570903,0.11276204512661829,0.0,0.0,-1.0182386397244188e-26,omni
5.706528148534588,7.072849582917629,3.8685304659307787,0.0,0.0,-1.587503476925251,-0.11793338441853236,-0.10916751228012979,0.11183374936674603,0.0,0.0,-1.5514021855774084e-26,omni
5.703361214855885,7.076513101250881,3.871857521226906,0.0,0.0,-1.587503476925251,-0.12033663577667865,-0.10758986003609566,0.11090184320423935,0.0,0.0,-1.8707121363292095e-26,omni
5.70024823192546,7.0802511105059365,3.8751526370080804,0.0,0.0,-1.587503476925251,-0.12284936401273355,-0.10583323517839202,0.10983719270584252,0.0,0.0,-2.0337925386736267e-26,omni
5.697197639566827,7.084069730202969,3.878409822115487,0.0,0.0,-1.587503476925251,-0.1255707477475539,-0.1037987299655075,0.10857283691352237,0.0,0.0,-2.084838989735321e-26,omni
5.694214363545871,7.087971620233101,3.881625415810698,0.0,0.0,-1.587503476925251,-0.12838352520199153,-0.10160153670914412,0.10718645650706793,0.0,0.0,-2.057515064725451e-26,omni
5.691300745001907,7.09195695083796,3.8847974812990906,0.0,0.0,-1.587503476925251,-0.13120328031691214,-0.09932641117055988,0.10573551627975734,0.0,0.0,-1.97725388412589e-26,omni
5.688457250728796,7.096024139881716,3.887925341534761,0.0,0.0,-1.587503476925251,-0.13397056487878825,-0.097034846949941,0.10426200785568135,0.0,0.0,-1.8630828492172868e-26,omni
5.68568301359517,7.100170410020236,3.8910092253541806,0.0,0.0,-1.587503476925251,-0.13664480133579043,-0.09477063642925722,0.10279612731396526,0.0,0.0,-1.729066759181879e-26,omni
5.682976241584619,7.104392206781266,3.8940499989825548,0.0,0.0,-1.587503476925251,-0.1391995739833783,-0.09256417204119304,0.10135912094582106,0.0,0.0,-1.5854460269270542e-26,omni
5.680334525457624,7.1086855095042685,3.897048963450669,0.0,0.0,-1.587503476925251,-0.14161900166228242,-0.09043576540733114,0.09996548227049906,0.0,0.0,-1.4395317304683508e-26,omni
5.677755068392571,7.113046060001454,3.900007702768298,0.0,0.0,-1.587503476925251,-0.14389495206593883,-0.0883982018539694,0.09862464392094425,0.0,0.0,-1.2964071157863223e-26,omni
5.675234855761879,7.1174695282634834,3.9029279710744373,0.0,0.0,-1.587503476925251,-0.1460249101852023,-0.08645870057084082,0.09734227687134207,0.0,0.0,-1.159475369813908e-26,omni
5.672770779132787,7.12195163020781,3.9058116096234987,0.0,0.0,-1.587503476925251,-0.14801035446136052,-0.0846204135364158,0.09612128496869997,0.0,0.0,-1.0308855716939932e-26,omni
5.670359725406854,7.126488209090907,3.9086604865273764,0.0,0.0,-1.587503476925251,-0.14985552633797605,-0.0828835671642059,0.09496256346259584,0.0,0.0,-9.118623505698932e-27,omni
5.667998639535682,7.131075289571267,3.9114764537803954,0.0,0.0,-1.587503476925251,-0.15156650403178248,-0.08124632774179899,0.0938655751006305,0.0,0.0,-8.029596389188334e-27,omni
5.665684567321591,7.135709111356237,3.9142613173453484,0.0,0.0,-1.587503476925251,-0.15315051099931637,-0.0797054538039332,0.09282878549844836,0.0,0.0,-7.042547757936983e-27,omni
5.663414683311796,7.140386147766125,3.9170168170516377,0.0,0.0,-1.587503476925251,-0.15461540494765103,-0.07825678454735727,0.0918499902096688,0.0,0.0,-6.154958923799365e-27,omni
5.661186307629542,7.145103113304201,3.9197446138115546,0.0,0.0,-1.587503476925251,-0.15596930525538089,-0.07689560242453036,0.0909265586638819,0.0,0.0,-5.362128470642773e-27,omni
5.6589969146822945,7.149856963354039,3.922446282245828,0.0,0.0,-1.587503476925251,-0.1572203260627322,-0.07561689948707093,0.09005561447580701,0.0,0.0,-4.657998421550448e-27,omni
5.656844135987686,7.154644888375016,3.925123307262212,0.0,0.0,-1.587503476925251,-0.15837638962788742,-0.07441557036926169,0.08923416721279392,0.0,0.0,-4.035761468073663e-27,omni
5.654725758817545,7.159464304385685,3.927777083480328,0.0,0.0,-1.587503476925251,-0.15944510027688996,-0.07328654959817235,0.0884592072705278,0.0,0.0,-3.488299873788533e-27,omni
5.652639721943665,7.1643128410755095,3.9304089166653786,0.0,0.0,-1.587503476925251,-0.16043366374639198,-0.0722249068686597,0.0877277728350416,0.0,0.0,-3.0084958000420857e-27,omni
5.6505841094483,7.16918832853938,3.9330200265404422,0.0,0.0,-1.587503476925251,-0.16134884020564988,-0.07122591077617493,0.08703699583543767,0.0,0.0,-2.589444161438139e-27,omni
5.648557143316378,7.174088783363547,3.9356115505059788,0.0,0.0,-1.587503476925251,-0.16219692196077937,-0.0702850690598652,0.08638413218457848,0.0,0.0,-2.224592262092692e-27,omni
5.646557175338078,7.179012394588148,3.9381845479168196,0.0,0.0,-1.587503476925251,-0.16298372895808688,-0.06939815151766524,0.08576658036134588,0.0,0.0,-1.9078250356950778e-27,omni
5.644582678706925,7.183957509916691,3.9407400046596366,0.0,0.0,-1.587503476925251,-0.16371461684565616,-0.06856120029241128,0.08518189142720908,0.0,0.0,-1.633510426541671e-27,omni
5.642632239589439,7.1889226224256815,3.9432788378444976,0.0,0.0,-1.587503476925251,-0.1643944936261685,-0.0677705310984471,0.08462777282871614,0.0,0.0,-1.3965160743697534e-27,omni
5.6407045488599366,7.193906357939478,3.945801900477504,0.0,0.0,-1.587503476925251,-0.16502784191976183,-0.06702272808749488,0.08410208776690639,0.0,0.0,-1.1922058175913795e-27,omni
5.638798394132127,7.198907463169845,3.948309986021789,0.0,0.0,-1.587503476925251,-0.165618744616715,-0.06631463438280406,0.08360285147615448,0.0,0.0,-1.0164224585211106e-27,omni
5.6369126521728745,7.203924794671507,3.950803832784351,0.0,0.0,-1.587503476925251,-0.16617091228532746,-0.06564333979660658,0.08312822541872217,0.0,0.0,-8.65461621025032e-28,omni
5.63504628174924,7.208957308629869,3.9532841280886726,0.0,0.0,-1.587503476925251,-0.16668771114928327,-0.0650061668525238,0.08267651014407829,0.0,0.0,-7.360402801178233e-28,omni
5.633198316934902,7.214004051472322,3.955751512209647,0.0,0.0,-1.587503476925251,-0.1671721907913652,-0.06440065593442623,0.08224613736580808,0.0,0.0,-6.252625780140458e-28,omni
5.631367860883884,7.219064151277229,3.9582065820594363,0.0,0.0,-1.587503476925251,-0.16762711100036054,-0.06382455015507096,0.08183566165967152,0.0,0.0,-5.3058480105844495e-28,omni
5.6295540800668,7.224136809943398,3.960649894621634,0.0,0.0,-1.587503476925251,-0.16805496737394574,-0.06327578036512177,0.08144375207324614,0.0,0.0,-4.497808282929508e-28,omni
5.627756198955918,7.229221296075685,3.9630819701372,0.0,0.0,-1.587503476925251,-0.16845801543677308,-0.06275245059308585,0.08106918385221254,0.0,0.0,-3.809089366071392e-28,omni
5.625973495139526,7.234316938538558,3.9655032950499263,0.0,0.0,-1.587503476925251,-0.1688382931412517,-0.06225282410935769,0.08071083042422511,0.0,0.0,-3.222805288952875e-28,omni
5.624205294842415,7.239423120627836,3.96791432472193,0.0,0.0,-1.587503476925251,-0.16919764169746643,-0.061775310235270685,0.08036765573345625,0.0,0.0,-2.724311162317593e-28,omni
5.622450968827245,7.244539274811038,3.9703154859314336,0.0,0.0,-1.587503476925251,-0.16953772473520842,-0.06131845196488835,0.08003870698344917,0.0,0.0,-2.300937137105157e-28,omni
5.620709928650761,7.2496648779879385,3.97270717916603,0.0,0.0,-1.587503476925251,-0.16986004584056819,-0.06088091442864542,0.07972310781989805,0.0,0.0,-1.9417468728125033e-28,omni
5.618981623248754,7.254799447225127,3.9750897807250127,0.0,0.0,-1.587503476925251,-0.17016596453612454,-0.06046147420034852,0.07942005196611096,0.0,0.0,-1.6373200390370782e-28,omni
5.617265535824274,7.259942535920849,3.977463644644326,0.0,0.0,-1.587503476925251,-0.17045671079068397,-0.060059009429758815,0.07912879731045407,0.0,0.0,-1.3795578045833056e-28,omni
5.6155611810145665,7.265093730359289,3.9798291044573966,0.0,0.0,-1.587503476925251,-0.17073339815427152,-0.05967249076992347,0.07884866043568203,0.0,0.0,-1.1615099096144222e-28,omni
5.613868102313447,7.270252646616448,3.982186474804607,0.0,0.0,-1.587503476925251,-0.17099703561856422,-0.059300973060008595,0.07857901157370847,0.0,0.0,-9.772217121577938e-29,omni
5.61218586972716,7.275418927782776,3.984536052903565,0.0,0.0,-1.587503476925251,-0.17124853830366207,-0.058943587719398026,0.07831926996527816,0.0,0.0,-8.215995083287742e-29,omni
5.6105140776432805,7.2805922414706385,3.9868781198916126,0.0,0.0,-1.587503476925251,-0.17148873707012796,-0.058599535806333786,0.07806889960157747,0.0,0.0,-6.902924134234194e-29,omni
5.608852342893634,7.285772277577556,3.989212942051321,0.0,0.0,-1.587503476925251,-0.1717183871514468,-0.05826808169368588,0.07782740532360855,0.0,0.0,-5.795891338664762e-29,omni
5.607200302993693,7.290958746278807,3.991540771928966,0.0,0.0,-1.587503476925251,-0.1719381758970921,-0.05794854731501944,0.07759432925481839,0.0,0.0,-4.863280393157613e-29,omni
5.605557614542299,7.296151376225551,3.9938618493552487,0.0,0.0,-1.587503476925251,-0.17214872971072476,-0.05764030693557979,0.07736924754275559,0.0,0.0,-4.0781904618788467e-29,omni
5.603923951766905,7.30134991292688,3.9961764023768365,0.0,0.0,-1.587503476925251,-0.17235062026202722,-0.05734278240484365,0.077151767386238,0.0,0.0,-3.4177593832045633e-29,omni
5.602299005200791,7.306554117296428,3.998484648106601,0.0,0.0,-1.587503476925251,-0.17254437004455694,-0.05705543884966701,0.07694152432550516,0.0,0.0,-2.862578700784055e-29,omni
5.6006824804798825,7.311763764346121,4.000786793499821,0.0,0.0,-1.587503476925251,-0.17273045734596187,-0.05677778076963722,0.07673817977399902,0.0,0.0,-2.3961891675583855e-29,omni
5.5990740972479465,7.316978642011406,4.003083036062972,0.0,0.0,-1.587503476925251,-0.17290932069106194,-0.05650934849889053,0.07654141877168383,0.0,0.0,-2.004646530608903e-29,omni
5.59747358815989,7.322198550094007,4.005373564501206,0.0,0.0,-1.587503476925251,-0.17308136281274777,-0.05624971500130499,0.07635094794112707,0.0,0.0,-1.6761485046600464e-29,omni
5.595880697973893,7.327423299309657,4.007658559310074,0.0,0.0,-1.587503476925251,-0.17324695420042902,-0.055998482968564106,0.07616649362887609,0.0,0.0,-1.40071486837239e-29,omni
5.594295182723929,7.332652710429609,4.009938193316551,0.0,0.0,-1.587503476925251,-0.17340643627090874,-0.055755282193069966,0.07598780021595258,0.0,0.0,-1.1699135626783521e-29,omni
5.592716808965029,7.337886613505986,4.012212632174028,0.0,0.0,-1.587503476925251,-0.17356012420207562,-0.05551976719004181,0.07581462858252996,0.0,0.0,-9.766265315787286e-30,omni
5.591145353084382,7.343124847171999,4.01448203481542,0.0,0.0,-1.587503476925251,-0.17370830946569138,-0.055291615045351954,0.07564675471304337,0.0,0.0,-8.148498236532928e-30,omni
5.589580600671987,7.348367258009126,4.016746553868292,0.0,0.0,-1.587503476925251,-0.17385126209179536,-0.05507052346771952,0.07548396842910285,0.0,0.0,-6.795231699600028e-30,omni
5.588022345945198,7.353613699974143,4.01900633603545,0.0,0.0,-1.587503476925251,-0.17398923269383504,-0.05485620902580212,0.07532607223863193,0.0,0.0,-5.663848754099711e-30,omni
5.586470391222058,7.358864033879718,4.021261522444168,0.0,0.0,-1.587503476925251,-0.17412245428054257,-0.05464840555249784,0.07517288029063543,0.0,0.0,-4.718484114033463e-30,omni
5.584924546438742,7.364118126922906,4.023512248966946,0.0,0.0,-1.587503476925251,-0.17425114387778956,-0.05444686270040106,0.07502421742591238,0.0,0.0,-3.928975832402422e-30,omni
5.583384628707012,7.369375852256588,4.025758646516391,0.0,0.0,-1.587503476925251,-0.1743755039811425,-0.05425134463385088,0.0748799183148745,0.0,0.0,-3.2699757246428585e-30,omni
5.581850461907798,7.374637088599338,4.028000841316623,0.0,0.0,-1.587503476925251,-0.1744957238575885,-0.0540616288443792,0.0747398266744101,0.0,0.0,-2.7201952765637524e-30,omni
5.580321876317605,7.3799017198797925,4.030238955153316,0.0,0.0,-1.587503476925251,-0.17461198071288198,-0.05387750507761358,0.07460379455645064,0.0,0.0,-2.2617670284570372e-30,omni
5.578798708264571,7.385169634911921,4.032473105604361,0.0,0.0,-1.587503476925251,-0.17472444073915624,-0.053698774360827824,0.07447168170155626,0.0,0.0,-1.879704258929776e-30,omni
5.577280799811479,7.390440727098119,4.034703406252903,0.0,0.0,-1.587503476925251,-0.17483326005583052,-0.053525248121367275,0.07434335495144138,0.0,0.0,-1.561444247969027e-30,omni
5.575767998463142,7.395714894157243,4.036929966884352,0.0,0.0,-1.587503476925251,-0.17493858555540248,-0.05335674738711602,0.0742186877149145,0.0,0.0,-1.2964625234367755e-30,omni
5.574260156895949,7.400992037875109,4.039152893668818,0.0,0.0,-1.587503476925251,-0.17504055566443377,-0.053193102061025684,0.07409755948221236,0.0,0.0,-1.0759473291293444e-30,omni
5.572757132707515,7.406272063875238,4.041372289330313,0.0,0.0,-1.587503476925251,-0.1751393010288928,-0.05303415026249858,0.07397985538317153,0.0,0.0,-8.9252513221291e-31,omni
5.571258788184565,7.411554881407812,4.043588253303864,0.0,0.0,-1.587503476925251,-0.17523494513200183,-0.0528797377291184,0.0738654657851012,0.0,0.0,-7.4002934589476155e-31,omni
5.569764990087425,7.416840403155102,4.045800881881662,0.0,0.0,-1.587503476925251,-0.1753276048518319,-0.05272971727285536,0.07375428592660607,0.0,0.0,-6.133056086168902e-31,omni
5.5682756094496035,7.422128545051737,4.048010268349182,0.0,0.0,-1.587503476925251,-0.17541739096508502,-0.05258394828544616,0.07364621558395827,0.0,0.0,-5.080479595203532e-31,omni
5.566790521391102,7.427419226118441,4.05021650311219,0.0,0.0,-1.587503476925251,-0.17550440860278838,-0.052442296288167455,0.07354115876693562,0.0,0.0,-4.206611040153798e-31,omni
5.565309604944225,7.432712368307931,4.05241967381543,0.0,0.0,-1.587503476925251,-0.1755887576629927,-0.05230463252169044,0.0734390234413339,0.0,0.0,-3.481446928144587e-31,omni
5.563832742890813,7.438007896361845,4.0546198654537,0.0,0.0,-1.587503476925251,-0.17567053318500242,-0.05217083357212713,0.07333972127562416,0.0,0.0,-2.879961600565946e-31,omni
5.562359821609867,7.4433057376777105,4.056817160475984,0.0,0.0,-1.587503476925251,-0.1757498256891655,-0.05204078102976138,0.07324316740946543,0.0,0.0,-2.381291962522834e-31,omni
5.560890730934691,7.448605822185011,4.059011638883246,0.0,0.0,-1.587503476925251,-0.17582672148580858,-0.051914361177302484,0.07314928024200058,0.0,0.0,-1.968053828109631e-31,omni
5.559425364018718,7.453908082229542,4.0612033783203865,0.0,0.0,-1.587503476925251,-0.17590130295650733,-0.05179146470481109,0.07305798123806068,0.0,0.0,-1.625768982255137e-31,omni
5.557963617209296,7.459212452465343,4.063392454162902,0.0,0.0,-1.587503476925251,-0.17597364881053357,-0.05167198644872795,0.07296919475058188,0.0,0.0,-1.3423853139141112e-31,omni
5.556505389928766,7.464518869753529,4.065578939598635,0.0,0.0,-1.587503476925251,-0.17604383431900997,-0.05155582515268957,0.0728828478577015,0.0,0.0,-1.10787513491297e-31,omni
5.5550505845622276,7.469827273067415,4.067762905705028,0.0,0.0,-1.587503476925251,-0.17611193152902793,-0.05144288324804344,0.0727988702131467,0.0,0.0,-9.138991366021893e-32,omni
5.553599106351456,7.475137603403456,4.069944421522288,0.0,0.0,-1.587503476925251,-0.17617800945973944,-0.0513330666521818,0.07271719390866285,0.0,0.0,-7.535254151764196e-32,omni
5.552150863294479,7.480449803697456,4.072123554122709,0.0,0.0,-1.587503476925251,-0.17624213428221683,-0.05122628458299856,0.07263775334734929,0.0,0.0,-6.209946697367091e-32,omni
5.550705766050346,7.485763818745677,4.074300368676515,0.0,0.0,-1.587503476925251,-0.1763043694846813,-0.05112244938794185,0.07256048512687928,0.0,0.0,-5.115240908144842e-32,omni
5.549263727848732,7.491079595130404,4.0764749285144655,0.0,0.0,-1.587503476925251,-0.17636477602452932,-0.05102147638628537,0.07248532793168018,0.0,0.0,-4.2114365041637696e-32,omni
5.547824664403958,7.496397081149648,4.078647295187463,0.0,0.0,-1.587503476925251,-0.17642341246843454,-0.0509232837233779,0.07241222243323925,0.0,0.0,-3.4655951119986554e-32,omni
5.546388567832885,7.50171629653672,4.080817403546683,0.0,0.0,-1.587503476925251,-0.17648270220754583,-0.05082536478406179,0.07233694530732805,0.0,0.0,-2.850401207263844e-32,omni
5.544955824908538,7.507037627864864,4.082984524406812,0.0,0.0,-1.587503476925251,-0.17655509130894306,-0.050714770484581125,0.07223736200424649,0.0,0.0,-2.343212711909048e-32,omni
5.543527328466119,7.512361923212274,4.085147076824023,0.0,0.0,-1.587503476925251,-0.1766562429394477,-0.05057489144208749,0.07208508057365567,0.0,0.0,-1.9252700628591124e-32,omni
5.542104295497111,7.517690311150715,4.087302935684488,0.0,0.0,-1.587503476925251,-0.17679568609567275,-0.050395080156435915,0.07186196201551098,0.0,0.0,-1.5810376249962745e-32,omni
5.54068813215169,7.523024067647063,4.089449659881258,0.0,0.0,-1.587503476925251,-0.17697843860088885,-0.050169114298991936,0.07155747322564758,0.0,0.0,-1.2976555708787651e-32,omni
5.5392803346937285,7.528364519631427,4.091584659633484,0.0,0.0,-1.587503476925251,-0.1772062491749,-0.04989401887939308,0.07116665840754499,0.0,0.0,-1.0644839183902902e-32,omni
5.537882417908516,7.533712976521222,4.093705317341851,0.0,0.0,-1.587503476925251,-0.17747854445693556,-0.049569166850889065,0.0706885902788878,0.0,0.0,-8.727234127885757e-33,omni
5.536495864380612,7.539070682961451,4.095809073126639,0.0,0.0,-1.587503476925251,-0.17779314773594118,-0.04919559535092311,0.07012519282623123,0.0,0.0,-7.151004519539812e-33,omni
5.535122089554484,7.544438787572871,4.0978934836626175,0.0,0.0,-1.587503476925251,-0.17814682126151046,-0.04877548859628677,0.06948035119931154,0.0,0.0,-5.8560535960410886e-33,omni
5.533762418655236,7.549818323689318,4.099956260952671,0.0,0.0,-1.587503476925251,-0.1785356724313124,-0.04831178927849802,0.06875924300179369,0.0,0.0,-4.792750755091686e-33,omni
5.532418072452732,7.555210198989147,4.101995296147856,0.0,0.0,-1.587503476925251,-0.1789554551450245,-0.047807908778122576,0.06796783983949614,0.0,0.0,-3.920128088907248e-33,omni
5.531090159556147,7.5606151916426745,4.104008672330001,0.0,0.0,-1.587503476925251,-0.1794017906103882,-0.04726751314255384,0.06711253940477836,0.0,0.0,-3.204384372313015e-33,omni
5.529779673471751,7.5660339511535915,4.105994669248827,0.0,0.0,-1.587503476925251,-0.17987032644015272,-0.046694366948219206,0.06619989729417533,0.0,0.0,-2.6176446643688718e-33,omni
5.528487493079112,7.571467002503488,4.107951762290296,0.0,0.0,-1.587503476925251,-0.1803568486437165,-0.04609222120814379,0.06523643471566345,0.0,0.0,-2.136932323225355e-33,omni
5.527214385507271,7.576914752542538,4.109878617400292,0.0,0.0,-1.587503476925251,-0.18085735782510654,-0.04546473463516373,0.06422850366648236,0.0,0.0,-1.7433174519705787e-33,omni
5.52596101064389,7.582377497827806,4.1117740832618574,0.0,0.0,-1.587503476925251,-0.18136811834009017,-0.044815420023024445,0.06318219538546337,0.0,0.0,-1.4212118199630072e-33,omni
5.5247279267037115,7.587855433310401,4.113637181696867,0.0,0.0,-1.587503476925251,-0.18188568717667578,-0.044147609413843436,0.06210328116693955,0.0,0.0,-1.15778533355212e-33,omni
5.523515596430794,7.5933486614267975,4.115467097012023,0.0,0.0,-1.587503476925251,-0.18240692777820242,-0.04346443320006241,0.06099717717181957,0.0,0.0,-9.424833250496842e-34,omni
5.522324393622178,7.598857201268312,4.117263164817413,0.0,0.0,-1.587503476925251,-0.18292901282799684,-0.042768809455503445,0.05986892684630335,0.0,0.0,-7.666274259988778e-34,omni
5.521154609746688,7.604380997593991,4.119024860699999,0.0,0.0,-1.587503476925251,-0.183449419082466,-0.042063440676749005,0.058723196086205916,0.0,0.0,-6.230857048025632e-34,omni
5.520006460497864,7.609919929521875,4.120751789023914,0.0,0.0,-1.587503476925251,-0.18396591661585573,-0.04135081580019835,0.05756427746379633,0.0,0.0,-5.060001756604144e-34,omni
5.518880092169066,7.615473818786923,4.122443672046168,0.0,0.0,-1.587503476925251,-0.18447655427836154,-0.04063321588676417,0.05639610074182939,0.0,0.0,-4.105618059695682e-34,omni
5.51777558777567,7.621042437494235,4.124100339474066,0.0,0.0,-1.587503476925251,-0.1849796427337889,-0.03991272227042503,0.055222247596566534,0.0,0.0,-3.3282483020012663e-34,omni
5.516692972876559,7.626625515326576,4.1257217185442245,0.0,0.0,-1.587503476925251,-0.18547373610550452,-0.039191226276218946,0.05404596900532938,0.0,0.0,-2.695535760968829e-34,omni
5.515632221067278,7.632222746187984,4.127307824669068,0.0,0.0,-1.587503476925251,-0.18595761299822214,-0.03847043984919986,0.05287020416140659,0.0,0.0,-2.1809617098217123e-34,omni
5.514593259131882,7.637833794281874,4.1288587526717295,0.0,0.0,-1.587503476925251,-0.18643025746128944,-0.037751906615102124,0.05169760008870849,0.0,0.0,-1.7628046130162355e-34,omni
5.513575971850987,7.643458299634278,4.130374668612615,0.0,0.0,-1.587503476925251,-0.18689084030342862,-0.03703701302898554,0.05053053136282793,0.0,0.0,-1.4232828023881733e-34,omni
5.512580206471007,7.649095883081343,4.1318558021982605,0.0,0.0,-1.587503476925251,-0.1873387010490843,-0.036326999370082866,0.04937111952152861,0.0,0.0,-1.147848636686979e-34,omni
5.511605776844526,7.654746150746148,4.133302439754652,0.0,0.0,-1.587503476925251,-0.18777333073468755,-0.03562297041729405,0.04822125187965281,0.0,0.0,-9.24607668195589e-35,omni
5.510652467255166,7.6604086980336445,4.134714917741495,0.0,0.0,-1.587503476925251,-0.18819435567305076,-0.03492590569634721,0.047082599561485035,0.0,0.0,-7.438409186282966e-35,omni
5.509720035942344,7.666083113174799,4.136093616780571,0.0,0.0,-1.587503476925251,-0.18860152226093288,-0.034236669231274594,0.04595663463581758,0.0,0.0,-5.976121616331047e-35,omni
5.508808218342423,7.671768980351952,4.13743895616932,0.0,0.0,-1.587503476925251,-0.18899468286479953,-0.033556018763154956,0.044844646291579165,0.0,0.0,-4.7944525357727254e-35,omni
5.507916730063254,7.677465882437693,4.138751388850211,0.0,0.0,-1.587503476925251,-0.18937378279000888,-0.0328846144208388,0.04374775602971117,0.0,0.0,-3.8405915825981675e-35,omni
5.5070452696090655,7.683173403378908,4.140031396806422,0.0,0.0,-1.587503476925251,-0.18973884831679588,-0.03222302684373583,0.042666931873692984,0.0,0.0,-3.071504666496053e-35,omni
5.506193520872344,7.6888911302567875,4.14127948685501,0.0,0.0,-1.587503476925251,-0.19008997577071504,-0.03157174476733669,0.041603001619546935,0.0,0.0,-2.4521499612133805e-35,omni
5.505361155408782,7.694618655052294,4.142496186809763,0.0,0.0,-1.587503476925251,-0.19042732158424006,-0.03093118208920768,0.040556665158442445,0.0,0.0,-1.9540152850197154e-35,omni
5.504547834510692,7.700355576144985,4.143682041987145,0.0,0.0,-1.587503476925251,-0.19075109329891562,-0.03030168443767952,0.0395285059128017,0.0,0.0,-1.5539196535963907e-35,omni
5.503753211093482,7.706101499571587,4.144837612030085,0.0,0.0,-1.587503476925251,-0.19106154145295773,-0.02968353526806128,0.038519001431316605,0.0,0.0,-1.2330318623606e-35,omni
5.502976931409009,7.711856040068876,4.145963468025799,0.0,0.0,-1.587503476925251,-0.19135895229683697,-0.02907696151248223,0.03752853319044737,0.0,0.0,-9.76067273667389e-36,omni
5.502218636598801,7.717618821923774,4.147060189895314,0.0,0.0,-1.587503476925251,-0.19164364127863268,-0.02848213880979553,0.03655739565048055,0.0,0.0,-7.706308508000609e-36,unicycle
5.501488672012629,7.723296912543391,4.148115658840241,0.0,0.0,-1.588057653869344,-0.18882914839161308,-0.027543090811984586,0.03518229816420068,0.0,0.0,-0.018472564803107983,unicycle
5.50080572354655,7.72874785688675,4.149111273882739,0.0,0.0,-1.590018340379846,-0.1812526961834971,-0.026075459375007718,0.033187168083251714,0.0,0.0,-0.06535621701673486,unicycle
5.500185611135636,7.733881232273776,4.15003606624379,0.0,0.0,-1.5939280967663676,-0.1706365519980638,-0.02428915473707255,0.03082641203503959,0.0,0.0,-0.1303252128840492,unicycle
5.4996401703584175,7.738644747803221,4.150884630036043,0.0,0.0,-1.6001007879559772,-0.15825290579653295,-0.022337682659274348,0.02828545974172321,0.0,0.0,-0.20575637298699503,unicycle
5.499176720710926,7.743013582954549,4.151655536595567,0.0,0.0,-1.6086840321515392,-0.14502720098358662,-0.02033127124960026,0.025696885317459978,0.0,0.0,-0.2861081398520825,unicycle
5.498798137285675,7.746982306262144,4.152350127953032,0.0,0.0,-1.619707005143521,-0.13161937674297747,-0.018347168653341753,0.023153045248865772,0.0,0.0,-0.36743243306605666,unicycle
5.4985033617942,7.750558821021709,4.15297160643182,0.0,0.0,-1.633116770715589,-0.11848753073172863,-0.016437692339833124,0.02071594929287592,0.0,0.0,-0.4469921857356345,unicycle
5.498288159655061,7.753759880640019,4.153524354580605,0.0,0.0,-1.6488056548188168,-0.10593762038373437,-0.014636495535436545,0.01842493829280549,0.0,0.0,-0.5229628034409904,unicycle
5.498145961680211,7.756607802873343,4.154013433426393,0.0,0.0,-1.666631658178963,-0.09416210202657146,-0.012963423430791378,0.016302628192902298,0.0,0.0,-0.5942001120049965,unicycle
5.498068677247585,7.759128088891781,4.154444218039765,0.0,0.0,-1.6864334836280435,-0.08326982713479894,-0.011428256913634596,0.014359487112410918,0.0,0.0,-0.6600608483028867,unicycle
5.498047411165689,7.761347718675811,4.154822138179186,0.0,0.0,-1.708041420358078,-0.07330904795520168,-0.010033581317799087,0.012597337980640793,0.0,0.0,-0.7202645576681412,unicycle
5.498073051860387,7.7632939483120476,4.155152498763752,0.0,0.0,-1.7312850609985728,-0.06428500898205539,-0.008776969245213317,0.011012019485538505,0.0,0.0,-0.7747880213502799,unicycle
5.4981367231680665,7.764993477876147,4.155440360468167,0.0,0.0,-1.7559986155871823,-0.05617329888181088,-0.00765262764419486,0.009595390147130243,0.0,0.0,-0.8237851529542735,unicycle
5.498230107450786,7.766471892029751,4.155690465125724,0.0,0.0,-1.782024418361685,-0.04892989528748702,-0.006652628173494873,0.008336821918516821,0.0,0.0,-0.8675267591509077,unicycle
5.498345656178519,7.767753300805151,4.155907194095577,0.0,0.0,-1.8092150901550152,-0.04249864089304443,-0.005767814954154254,0.007224298995147222,0.0,0.0,-0.906355726445355,unicycle
5.498476707666694,7.768860126935497,4.1560945504850375,0.0,0.0,-1.8374347140128193,-0.03681673414119422,-0.004988463899879312,0.0062452129820531116,0.0,0.0,-0.9406541285946883,unicycle
5.498617532042474,7.769812999994109,4.156256158265564,0.0,0.0,-1.866559298829378,-0.031818693949278457,-0.004304751941145738,0.005386926017508472,0.0,0.0,-0.9708194938867228,unicycle
5.498763322034561,7.770630727784299,4.156395273002581,0.0,0.0,-1.8964767407726124,-0.027439159232560007,-0.003707081825610121,0.004637157900603801,0.0,0.0,-0.9972480647761043,unicycle
5.498910145747874,7.771330322866529,4.156514800230419,0.0,0.0,-1.927086441396011,-0.023614805509309274,-0.0031862981467784992,0.0039842409279908335,0.0,0.0,-1.0203233541151133,unicycle
5.499054874798617,7.771927067582184,4.156617318521602,0.0,0.0,-1.9582987016905749,-0.02028559860580325,-0.002733822306879213,0.0034172763727286734,0.0,0.0,-1.0404086764874856,unicycle
5.499195098421809,7.772434604992599,4.156705105086222,0.0,0.0,-1.9900339805718643,-0.017395556192374945,-0.0023417278413166037,0.0029262188207297706,0.0,0.0,-1.057842629378508,unicycle
5.499329031635498,7.77286504620056,4.156780162341314,0.0,0.0,-2.0222220825543187,-0.01489314897085246,-0.0020027725849318437,0.0025019085030739026,0.0,0.0,-1.0729367327508306,unicycle
5.49945542335755,7.773229086842683,4.156844244351071,0.0,0.0,-2.0548013211436666,-0.012731442703381696,-0.0017104002742880746,0.002136066991951833,0.0,0.0,-1.0859746196474447,unicycle
5.499573468555219,7.7735361273319645,4.1568988823879645,0.0,0.0,-2.087717690588943,-0.010868058237692388,-0.0014587211382162998,0.0018212678964138456,0.0,0.0,-1.0972123148451616,unicycle
5.49968272705493,7.773794392826865,4.156945409126565,0.0,0.0,-2.1209240681329664,-0.009265007891369088,-0.001242478656752002,0.0015508912866815658,0.0,0.0,-1.106879251470193,unicycle
5.499783050516084,7.774011050001273,4.156984981176184,0.0,0.0,-2.1543794610344347,-0.007888451922874,-0.0010570078268787551,0.0013190683205944165,0.0,0.0,-1.1151797633851313,unicycle
5.499874518233371,7.774192318555538,4.157018599800346,0.0,0.0,-2.1880483068129015,-0.006708407471589287,-0.0008981888506450204,0.0011206208053694676,0.0,0.0,-1.12229485928516,unicycle
5.499957381829143,7.774343576090519,4.157047129773123,0.0,0.0,-2.2218998309220055,-0.005698433599052583,-0.0007623990682120158,0.000950999092596128,0.0,0.0,-1.1283841369731515,unicycle
5.500032018484797,7.774469455500408,4.15707131639373,0.0,0.0,-2.2559074630183114,-0.0048353093552679855,-0.0006464651243016787,0.0008062206869362701,0.0,0.0,-1.1335877365466356,unicycle
5.500098892096341,7.774573934453381,4.157091800729128,0.0,0.0,-2.290048310874441,-0.0040987166867336175,-0.0005476167249569582,0.000682811179954779,0.0,0.0,-1.138028261874132,unicycle
5.500158521588454,7.7746604168442826,4.157109133185473,0.0,0.0,-2.3243026895604153,-0.0034709361464525597,-0.0004634428677702013,0.0005777485448355263,0.0,0.0,-1.141812622869013,unicycle
5.500211455553694,7.774731806338362,4.157123785527529,0.0,0.0,-2.35865370261095,-0.0029365604830948505,-0.00039185107737947563,0.0004884114019166486,0.0,0.0,-1.1450337683544065,unicycle
5.5002582523747465,7.774790572294755,4.157136161474168,0.0,0.0,-2.393086871373006,-0.002482229057153261,-0.0003310299211368306,0.0004125315546712826,0.0,0.0,-1.1477722920718292,unicycle
5.500299465018926,7.77483880847562,4.157146606000386,0.0,0.0,-2.42758980848269,-0.0020963844832910423,-0.0002794148954280091,0.0003481508739610146,0.0,0.0,-1.1500979036594496,unicycle
5.500335629750694,7.774878285022228,4.157155413474002,0.0,0.0,-2.4621519313735125,-0.0017690517940285443,-0.00023565764392103095,0.0002935824539304074,0.0,0.0,-1.152070763030769,unicycle
5.500367258079073,7.774910494221969,4.157162834749781,0.0,0.0,-2.496764211808263,-0.0014916396538219435,-0.00019859838155915582,0.0002473758592588947,0.0,0.0,-1.1537426811617248,unicycle
5.5003948313343045,7.7749366906076265,4.157169083336314,0.0,0.0,-2.531418957608475,-0.0012567626412049598,-0.00016724134189652693,0.00020828621778186317,0.0,0.0,-1.1551581933438,unicycle
5.500418797346598,7.774957925928794,4.157174340742558,0.0,0.0,-2.5661096229945115,-0.0010580832952789424,-0.00014073303226922363,0.00017524687478108952,0.0,0.0,-1.1563555128712937,unicycle
5.5004395687753584,7.774975079519913,4.157178761101794,0.0,0.0,-2.600830644220503,-0.0008901724413794466,-0.0001183430650310065,0.0001473453078609043,0.0,0.0,-1.1573673742031376,unicycle
5.500457522707725,7.774988884564397,4.157182475161748,0.0,0.0,-2.635577297473543,-0.000748386230692537,-9.944732885788626e-05,0.00012380199840530823,0.0,0.0,-1.1582217751047637,unicycle
5.500473001209114,7.774999950722902,4.1571855937206275,0.0,0.0,-2.67034557629275,-0.0006287583204846789,-8.351326828389228e-05,0.00010395196269739617,0.0,0.0,-1.1589426273103443,unicycle
5.500486312565175,7.775008783558662,4.157188210580412,0.0,0.0,-2.7051320860421773,-0.0005279056630906172,-7.008704941450143e-05,8.722865952068714e-05,0.0,0.0,-1.1595503249843606,unicycle
5.500497733004161,7.775015801155844,4.157190405080681,0.0,0.0,-2.739933953236215,-0.00044294644605762074,-5.878240311449266e-05,7.315000895211385e-05,0.0,0.0,-1.160062239804724,unicycle
5.500507508731279,7.775021348289673,4.157192244268999,0.0,0.0,-2.77474874776349,-0.00037142882035756566,-4.927095236419331e-05,6.130627725946122e-05,0.0,0.0,-1.160493150912638,unicycle
5.500515858142725,7.775025708470705,4.15719378475712,0.0,0.0,-2.809574416283348,-0.00031126915916120665,-4.127384681887361e-05,5.1349604001412896e-05,0.0,0.0,-1.160855617332056,unicycle
5.500522974117375,7.775029114150766,4.157195074306181,0.0,0.0,-2.844409225277054,-0.0002606986996877039,-3.455454410545451e-05,4.29849686540753e-05,0.0,0.0,-1.161160299793694,unicycle
5.500529026309119,7.77503175534543,4.157196153178622,0.0,0.0,-2.8792517124239425,-0.000218217530414166,-2.8912593505567253e-05,3.596241470657958e-05,0.0,0.0,-1.161416238233088,unicycle
5.500534163383294,7.775033786897512,4.157197055289683,0.0,0.0,-2.914100645141487,-0.00018255499225006277,-2.4178293043288126e-05,3.0070368754265538e-05,0.0,0.0,-1.161631090588287,unicycle
5.5005385151571895,7.775035334578354,4.157197809186994,0.0,0.0,-2.9489549852787698,-0.00015263566305502747,-2.0208105394216558e-05,2.5129910409820797e-05,0.0,0.0,-1.161811337912916,unicycle
5.500542194617736,7.775036500198478,4.157198438882966,0.0,0.0,-2.9838138590862275,-0.00012755018883480747,-1.6880731334431292e-05,2.0989865710112502e-05,0.0,0.0,-1.1619624602520708,unicycle
5.500545299799837,7.775037365876557,4.157198964561329,0.0,0.0,-3.018676531702295,-0.00010653031142099785,-1.4093751599925083e-05,1.7522612065850222e-05,0.0,0.0,-1.162089087205748,unicycle
5.500547915516788,7.775037997595471,4.15719940317623,0.0,0.0,-3.053542385501049,-8.892752119137799e-05,-1.1760759027189514e-05,1.4620496690481803e-05,0.0,0.0,-1.1621951266286112,unicycle
5.500550114940259,7.7750384481563275,4.157199768959718,0.0,0.0,-3.088410901735505,-7.419483448925953e-05,-9.808912726637222e-06,1.2192782903471198e-05,0.0,0.0,-1.1622838744853454,unicycle
5.500551792593491,7.77503875360217,4.157200073851212,0.0,0.0,-3.123281364861356,-5.6252776080644224e-05,-8.176854858561952e-06,1.0163049808146837e-05,0.0,0.0,-1.1623487708651867,unicycle
5.500545341579469,7.775038952292619,4.157200327860633,-0.0,0.0,3.125044632574217,0.00021503876576831646,-6.812938406578121e-06,8.466980688800268e-06,0.0,0.0,-1.1619769914705858,unicycle
5.500517438994493,7.775040070423761,4.157200539375158,-0.0,0.0,3.0902282849542524,0.0009308623661477358,-5.673721253805725e-06,7.050484157245329e-06,0.0,0.0,-1.1605449206689546,unicycle
5.5004580658559945,7.775044299539695,4.15720071541815,-0.0,0.0,3.0554985758827256,0.0019842129889001622,-4.722687943230347e-06,5.868099709950161e-06,0.0,0.0,-1.1576569690542975,unicycle
5.500361474153903,7.7750544404319015,4.157200861867531,-0.0,0.0,3.0209059638221705,0.0032375782126779365,-3.929165826004107e-06,4.881646036222895e-06,0.0,0.0,-1.1530870686885086,unicycle
5.500225081779098,7.775073466324131,4.157200983639819,-0.0,0.0,2.9865039475329316,0.0045906578311080415,-3.267406947601106e-06,4.059076244930298e-06,0.0,0.0,-1.1467338763112198,unicycle
5.500048602684615,7.77510423679447,4.157201084845096,-0.0,0.0,2.952346360332461,0.005971674472239121,-2.7158110651712143e-06,3.3735092453592893e-06,0.0,0.0,-1.138586240018816,unicycle
5.499833367673949,7.775149322073608,4.157201168917422,-0.0,0.0,2.918485460778113,0.007330560719670979,-2.256268698563932e-06,2.802410913917292e-06,0.0,0.0,-1.1286966518146044,unicycle
5.499581799082929,7.775210906872762,4.157201238724498,-0.0,0.0,2.8849706315863566,0.00863363703126633,-1.8736061552209356e-06,2.3269024820550987e-06,0.0,0.0,-1.1171609730614036,unicycle
5.499297009155331,7.77529075020721,4.157201296659804,-0.0,0.0,2.8518475393429576,0.009859471326154718,-1.5551170927008682e-06,1.9311768644273728e-06,0.0,0.0,-1.104103074782644,unicycle
5.4989824973171695,7.775390183376314,4.157201344719998,-0.0,0.0,2.8191576398296005,0.010995672876366637,-1.2901674436465982e-06,1.6020064750501373e-06,0.0,0.0,-1.0896633171144319,unicycle
5.498641926026373,7.77551013272472,4.157201384569853,-0.0,0.0,2.7869379393245595,0.012036422900653628,-1.069862472795241e-06,1.3283285113722922e-06,0.0,0.0,-1.0739900168370302,unicycle
5.498278958580534,7.775651157309974,4.157201417596725,-0.0,0.0,2.75522094240709,0.01298058429758253,-8.867664053517175e-07,1.1008957735956265e-06,0.0,0.0,-1.057233230584474,unicycle
5.497897145342078,7.775813494335062,4.157201444956212,-0.0,0.0,2.7240347327050247,0.013830265129238345,-7.346664971721883e-07,9.119828751241022e-07,0.0,0.0,-1.0395403234041496,unicycle
5.497499847396774,7.775997107320428,4.157201467610389,-0.0,0.0,2.693403145547349,0.014589736284306843,-6.083746418864008e-07,7.551392300962731e-07,0.0,0.0,-1.021052905257676,unicycle
5.497090188785302,7.77620173360882,4.157201486359836,-0.0,0.0,2.6633460013150683,0.015264624434667548,-5.035606565534758e-07,6.249815109918064e-07,0.0,0.0,-1.0019048077443395,unicycle
5.496671030208621,7.776426929015635,4.157201501870419,-0.0,0.0,2.6338793759799355,0.015861317946403396,-4.166122803826736e-07,5.170193842793978e-07,0.0,0.0,-0.9822208445059072,unicycle
5.496244958563673,7.7766721083384995,4.157201514695697,-0.0,0.0,2.6050158913241153,0.01638653661950555,-3.445176819836784e-07,4.2750928197740273e-07,0.0,0.0,-0.9621161551953449,unicycle
5.49581428786379,7.776936581089956,4.157201525295652,-0.0,0.0,2.576765011997415,0.016847026662463103,-2.8476691825049556e-07,3.533317752773399e-07,0.0,0.0,-0.9416959775578826,unicycle
5.495381068078377,7.777219582272079,4.157201534052317,-0.0,0.0,2.549133340173326,0.01724935068572004,-2.3526933855021563e-07,2.918888033509744e-07,0.0,0.0,-0.9210557274707295,unicycle
5.494947099223089,7.777520298317394,4.157201541282846,-0.0,0.0,2.522124901334619,0.01759974914776894,-1.9428439541114217e-07,2.4101759368648614e-07,0.0,0.0,-0.9002812946245144,unicycle
5.494513948674271,7.777837888513658,4.157201547250403,-0.0,0.0,2.495741416831816,0.01790405495336999,-1.6036371948925854e-07,1.9891860492638768e-07,0.0,0.0,-0.8794494834276391,unicycle
5.494082970195265,7.778171502340668,4.15720155217326,-0.0,0.0,2.4699825604551373,0.018167647062325987,-1.3230265266170973e-07,1.6409524224853717e-07,0.0,0.0,-0.8586285458900315,unicycle
5.49365532356922,7.7785202931986355,4.157201556232363,-0.0,0.0,2.4448461974551634,0.018395432242695357,-1.0909971761010888e-07,1.3530345004456825e-07,0.0,0.0,-0.8378787666664631,unicycle
5.493231994052055,7.778883429017986,4.1572015595776515,-0.0,0.0,2.420328605328558,0.018591846673854114,-8.992274290167361e-08,1.1150958661553337e-07,0.0,0.0,-0.8172530708874417,unicycle
5.492813811106361,7.779260100223605,4.15720156233331,-0.0,0.0,2.396424676323654,0.018760871116637663,-7.40805659363978e-08,9.18552390497539e-08,0.0,0.0,-0.796797633497328,unicycle
5.4924014660658615,7.779649525492784,4.157201564602144,-0.0,0.0,2.3731281020721853,0.018906054935555437,-6.099940783441682e-08,7.56278504067981e-08,0.0,0.0,-0.7765524750494025,unicycle
5.491995528522199,7.780050955703036,4.15720156646923,-0.0,0.0,2.350431541062074,0.019030545474378033,-5.020315919801901e-08,6.223621180943146e-08,0.0,0.0,-0.7565520336707741,unicycle
5.491596461330722,7.780463676418924,4.15720156800493,-0.0,0.0,2.3283267698664605,0.019137120225272544,-4.129693779829298e-08,5.119002416239568e-08,0.0,0.0,-0.7368257065208196,unicycle
5.491204634207762,7.780887009219586,4.157201569267415,-0.0,0.0,2.3068048191631996,0.01922821995217544,-3.395338210005194e-08,4.208286233283821e-08,0.0,0.0,-0.7173983567756571,unicycle
5.490820335944818,7.781320312123359,4.157201570304754,-0.0,0.0,2.2858560956378993,0.01930598147828809,-2.7901231121836852e-08,3.457798245019288e-08,0.0,0.0,-0.6982907841769481,unicycle
5.490443785300816,7.781762979324034,4.157201571156649,-0.0,0.0,2.265470490878588,0.019372269262847935,-2.2915813955336206e-08,2.8396503663425675e-08,0.0,0.0,-0.6795201586439319,unicycle
5.4900751406559305,7.78221444041572,4.157201571855876,-0.0,0.0,2.245637478353958,0.019428705203318377,-1.881113348356886e-08,2.3307571904045618e-08,0.0,0.0,-0.6611004174878792,unicycle
5.489714508523173,7.782674159250302,4.157201572429483,-0.0,0.0,2.226346199529364,0.019476696329307833,-1.5433280256824932e-08,1.9120177210355873e-08,0.0,0.0,-0.64304262748663,unicycle
5.489361951019463,7.783141632542978,4.1572015728997735,-0.0,0.0,2.207585540122837,0.019517460222377693,-1.2654955648922205e-08,1.5676349891364434e-08,0.0,0.0,-0.6253553135510467,unicycle
5.489017492398297,7.783616388317188,4.15720157328514,-0.0,0.0,2.189344197442668,0.019552048115985217,-1.0370919626458952e-08,1.284550587151641e-08,0.0,0.0,-0.6080447560057585,unicycle
5.488681124743172,7.784097984259986,4.157201573600731,-0.0,0.0,2.1716107396828463,0.01958136571354266,-8.494208821820282e-09,1.051974933274431e-08,0.0,0.0,-0.591115258660843,unicycle
5.488352812915582,7.784586006042164,4.157201573859031,-0.0,0.0,2.154373657985675,0.01960619181887238,-6.952996037146191e-09,8.60997241775147e-09,0.0,0.0,-0.5745693899058228,unicycle
5.488032498844777,7.785080065643763,4.157201574070311,-0.0,0.0,2.1376214120144508,0.019627194909133748,-5.6879836066275604e-09,7.042618256467112e-09,0.0,0.0,-0.5584081990408849,unicycle
5.487720105239122,7.785579799714597,4.157201574243023,-0.0,0.0,2.1213424697146253,0.01964494780096092,-4.650240870696666e-09,5.756995751373805e-09,0.0,0.0,-0.5426314099942626,unicycle
5.487415538791312,7.7860848679906205,4.157201574384115,-0.0,0.0,2.105525341880355,0.019659940570216444,-3.7994109260878365e-09,4.703053102164228e-09,0.0,0.0,-0.5272375944757406,unicycle
5.4871186929421985,7.786594951780096,4.157201574499301,-0.0,0.0,2.090158612085457,0.019672591887599337,-3.1022242803906134e-09,3.839532551316669e-09,0.0,0.0,-0.5122243264966404,unicycle
5.486829450260831,7.78710975252815,4.157201574593274,-0.0,0.0,2.0752309624837895,0.019683258928753042,-2.5312674541232093e-09,3.1324417822059592e-09,0.0,0.0,-0.49758832005564263,unicycle
5.486547684491624,7.787628990464267,4.157201574669888,-0.0,0.0,2.0607311959341676,0.01969224601031065,-2.0639632701081124e-09,2.5537882143849653e-09,0.0,0.0,-0.48332555165411256,unicycle
5.486273262313351,7.788152403334171,4.157201574732306,-0.0,0.0,2.0466482548590963,0.01969981209384273,-1.6817268285159247e-09,2.0805314646064348e-09,0.0,0.0,-0.46943136916906647,unicycle
5.486006044849069,7.78867974521538,4.157201574783117,-0.0,0.0,2.0329712372047006,0.01970617728893148,-1.369267221055217e-09,1.6937167691416083e-09,0.0,0.0,-0.4559005884798934,unicycle
5.485745888961059,7.789210785414112,4.157201574824449,-0.0,0.0,2.01968940983114,0.019711528475303802,-1.1140100863883666e-09,1.3777584381249498e-09,0.0,0.0,-0.44272757911870125,unicycle
5.485492648360341,7.78974530744013,4.1572015748580435,-0.0,0.0,2.0067922196282875,0.01971602415262499,-9.056203161373618e-10,1.1198476415806874e-09,0.0,0.0,-0.4299063400951047,unicycle
5.485246174556387,7.79028310805549,4.157201574885328,-0.0,0.0,1.9942693026202314,0.019719798615536105,-7.356077252696905e-10,9.094631817477152e-10,0.0,0.0,-0.4174305669352205,unicycle
5.485006317669145,7.790823996392709,4.157201574907469,-0.0,0.0,1.9821104912940735,0.019722965541042307,-5.970014182079909e-10,7.379675316140228e-10,0.0,0.0,-0.4052937108719412,unicycle
5.484772927122457,7.791367793137757,4.157201574925417,-0.0,0.0,1.9703058203631965,0.019725621065569847,-4.840810097899521e-10,5.982734359920639e-10,0.0,0.0,-0.393489031029246,unicycle
5.484545852235297,7.791914329773243,4.157201574939955,-0.0,0.0,1.9588455311524813,0.01972784641998275,-3.921548794632997e-10,4.845688800687996e-10,0.0,0.0,-0.38200964035718493,unicycle
5.4843249427249665,7.7924634478772745,4.157201574951718,-0.0,0.0,1.9477200747726044,0.019729710182617072,-3.1737731577629616e-10,3.9209031564697543e-10,0.0,0.0,-0.3708485459958894,unicycle
5.484110049134367,7.793014998473684,4.157201574961225,-0.0,0.0,1.9369201142323225,0.019731270202947702,-2.565978031016692e-10,3.1693576787220166e-10,0.0,0.0,-0.35999868467607626,unicycle
5.483901023193828,7.793568841429508,4.157201574968902,-0.0,0.0,1.926436525621337,0.01973257524182434,-2.072368610454027e-10,2.5591088409410546e-10,0.0,0.0,-0.3494529536995266,unicycle
5.483697718126412,7.794124844895913,4.157201574975095,-0.0,0.0,1.9162603984817752,0.01973366636825928,-1.671838087437519e-10,2.0640218087629552e-10,0.0,0.0,-0.3392042379854057,unicycle
5.483499988904431,7.794682884789002,4.157201574980083,-0.0,0.0,1.9063830354732791,0.019734578147470053,-1.3471262428861144e-10,1.662727361309984e-10,0.0,0.0,-0.32924543361653047,unicycle
5.483307692463783,7.795242844307226,4.157201574984097,-0.0,0.0,1.8967959514250812,0.019735339650221364,-1.084127314046011e-10,1.337763951698823e-10,0.0,0.0,-0.3195694682732604,unicycle
5.483120687881798,7.795804613482413,4.157201574987323,-0.0,0.0,1.887490871858048,0.019735975309416863,-8.713209420646084e-11,1.0748724068907328e-10,0.0,0.0,-0.3101693189011049,unicycle
5.482938836523515,7.7963680887616515,4.15720157498991,-0.0,0.0,1.8784597310504203,0.019736505646307488,-6.993045553548325e-11,8.624164113408307e-11,0.0,0.0,-0.3010380269209315,unicycle
5.482762002160603,7.796933172617547,4.157201574991981,-0.0,0.0,1.8696946697126988,0.019736947885556168,-5.6040930950548773e-11,6.90906593294062e-11,0.0,0.0,-0.2921687112573994,unicycle
5.482590051066569,7.797499773184547,4.15720157499364,-0.0,0.0,1.861188032329753,0.019737316475678706,-4.483848220232081e-11,5.526099019562908e-11,0.0,0.0,-0.2835545794315286,unicycle
5.482422852091404,7.798067803919312,4.157201574994965,-0.0,0.0,1.8529323642216495,0.01973762352902096,-3.5814051988061855e-11,4.412291652992205e-11,0.0,0.0,-0.27518893693678315,unicycle
5.482260276718407,7.798637183283225,4.15720157499602,-0.0,0.0,1.8449204083688189,0.01973787919339069,-2.8553355149658588e-11,3.516403659836893e-11,0.0,0.0,-0.26706519509436233,unicycle
5.482102199105529,7.7992078344453555,4.157201574996859,-0.0,0.0,1.8371451020419511,0.0197380919656995,-2.2719497869222998e-11,2.7967736159025414e-11,0.0,0.0,-0.2591768775622596,unicycle
5.481948496113288,7.799779685004329,4.157201574997523,-0.0,0.0,1.8295995732723378,0.0197382689564517,-1.8038742174282458e-11,2.219555837652484e-11,0.0,0.0,-0.2515176256537858,unicycle
5.4817990473210525,7.800352666727714,4.157201574998049,-0.0,0.0,1.8222771371942048,0.019738416112610728,-1.4288853452111697e-11,1.7572774440049603e-11,0.0,0.0,-0.24408120260442606,unicycle
5.481653735033231,7.800926715307631,4.1572015749984645,-0.0,0.0,1.8151712922868786,0.019738538405253147,-1.1289568059356633e-11,1.3876580982263754e-11,0.0,0.0,-0.23686149691087982,unicycle
5.48151244427673,7.801501770131452,4.157201574998791,-0.0,0.0,1.8082757165412964,0.019738639987459512,-8.89480012349117e-12,1.0926452118198752e-11,0.0,0.0,-0.22985252485273208,unicycle
5.481375062790847,7.802077774066503,4.157201574999047,-0.0,0.0,1.8015842635724393,0.01973872432706982,-6.986274272588662e-12,8.576257812002425e-12,0.0,0.0,-0.2230484322952401,unicycle
5.481241481010664,7.8026546732578375,4.15720157499925,-0.0,0.0,1.7950909586966082,0.019738794318229138,-5.46832679070423e-12,6.707829428803491e-12,0.0,0.0,-0.21644349586104106,unicycle
5.481111592044816,7.803232416938171,4.157201574999406,-0.0,0.0,1.7887899949901367,0.019738852375050266,-4.263663641837642e-12,5.2257103008461174e-12,0.0,0.0,-0.21003212354905054,unicycle
5.480947142782009,7.803985590725937,4.157201574999527,-0.0,0.0,1.7827387275912583,0.025697300510209874,-3.309901645139104e-12,4.052876052984856e-12,0.0,0.0,-0.2017089132959402,unicycle
5.480692958404571,7.805183514105086,4.157201574999619,-0.0,0.0,1.7770266939936648,0.04081985080086058,-2.5567502324139174e-12,3.12724804839257e-12,0.0,0.0,-0.19040111991978043,unicycle
5.480318288000721,7.806998520719985,4.15720157499969,-0.0,0.0,1.7717055436447176,0.06177589450627215,-1.963716846476536e-12,2.398855083395783e-12,0.0,0.0,-0.17737167829823727,unicycle
5.47980899586105,7.809531011907127,4.1572015749997435,-0.0,0.0,1.7667993613466006,0.08610654563807639,-1.4982401133524376e-12,1.827524581710953e-12,0.0,0.0,-0.16353940993722976,unicycle
5.479161889313904,7.812828851256641,4.157201574999786,-0.0,0.0,1.7623125589681825,0.11202435353480245,-1.1341722427133808e-12,1.3810060056121707e-12,0.0,0.0,-0.14956007928059256,unicycle
5.478380691133346,7.8169022917656905,4.157201574999818,-0.0,0.0,1.7582358696846898,0.13825584980047625,-8.505463401849216e-13,1.0334468346982122e-12,0.0,0.0,-0.1358896427830894,unicycle
5.477473240483369,7.821735381838559,4.157201574999839,-0.0,0.0,1.7545508658893851,0.16391818318006768,-6.305759980691221e-13,7.641559390108516e-13,0.0,0.0,-0.12283345984347639,unicycle
5.476449590109339,7.827294604368597,4.157201574999857,-0.0,0.0,1.7512333323152356,0.18842282396804538,-4.608441180696285e-13,5.566010510824664e-13,0.0,0.0,-0.1105844524716605,unicycle
5.475320744422056,7.833535350608904,4.157201574999868,-0.0,0.0,1.7482557549449733,0.21140071464787472,-3.3064578244769396e-13,3.975967820250212e-13,0.0,0.0,-0.09925257900872862,unicycle
5.474097847732605,7.840406708320168,4.157201574999875,-0.0,0.0,1.7455891301352058,0.23264436849719816,-2.31456435149423e-13,2.7664761009597133e-13,0.0,0.0,-0.08888749365893074,unicycle
5.472791683295911,7.847854945343896,4.157201574999882,-0.0,0.0,1.7432042539802826,0.25206332405438286,-1.5650191442657118e-13,1.8541680952796647e-13,0.0,0.0,-0.07949587183076308,unicycle
5.471412383226307,7.85582599054384,4.157201574999886,-0.0,0.0,1.7410726168679276,0.2696500922818298,-1.0041120142141268e-13,1.1729764081348575e-13,0.0,0.0,-0.07105457041182349,unicycle
5.469969278745882,7.864267150333888,4.157201574999889,-0.0,0.0,1.739167000503505,0.28545431884980893,-5.893628644867423e-14,6.70675035319002e-14,0.0,0.0,-0.06352054548076114,unicycle
5.468470841695054,7.873128247864009,4.157201574999889,-0.0,0.0,1.7374618528723909,0.29956335371917653,-2.872644730405756e-14,3.060933401485685e-14,0.0,0.0,-0.05683825437044722,unicycle
5.4669246836415,7.882362331015,4.157201574999889,-0.0,0.0,1.7359334994540518,0.31208779645987234,-7.146597860373665e-15,4.687456456072606e-15,0.0,0.0,-0.050945113944652225,unicycle
5.465337589816465,7.89192606273397,4.157201574999889,-0.0,0.0,1.7345602355309064,0.32315088662156544,7.868704149074293e-15,-1.3232514309534078e-14,0.0,0.0,-0.04577546410485283,unicycle
5.463715572708138,7.901779881345309,4.157201574999889,-0.0,0.0,1.733322333882242,0.3328808486534859,1.7932425543297323e-14,-2.5128170079808632e-14,0.0,0.0,-0.04126338828881893,unicycle
5.462063935381614,7.911887997999044,4.157201574999889,-0.0,0.0,1.7322019939081639,0.34140549223644096,2.429895252385031e-14,-3.2536068087253665e-14,0.0,0.0,-0.0373446658026027,unicycle
5.46038733816574,7.92221828230682,4.157201574999889,-0.0,0.0,1.7311832518062273,0.3488485210521203,2.793921469934848e-14,-3.664431689475133e-14,0.0,0.0,-0.03395807006456197,unicycle
5.458689864753023,7.932742074597424,4.157201574999889,-0.0,0.0,1.7302518664388935,0.3553271237373363,2.960068800601215e-14,-3.8366499676660913e-14,0.0,0.0,-0.0310461789111123,unicycle
5.456975085360154,7.9434339533926,4.157201574999889,-0.0,0.0,1.729395191677651,0.3609505163193797,2.9855231975673005e-14,-3.8400586506440536e-14,0.0,0.0,-0.028555825374741217,unicycle
5.45527462003586,7.954095014032866,4.157201574999889,-0.0,0.0,1.7285376556910619,0.35986078085345374,2.913715224839076e-14,-3.727578912644381e-14,0.0,0.0,-0.028584532886313126,unicycle
5.453635181685811,7.964434151555901,4.157201574999889,-0.0,0.0,1.7275689902406675,0.3489436939498568,2.777342051122098e-14,-3.5389744508623385e-14,0.0,0.0,-0.032288848346471194,unicycle
5.452087604504377,7.974261416064635,4.157201574999889,-0.0,0.0,1.7264140104704209,0.3316124475935789,2.600761163941072e-14,-3.303795314445251e-14,0.0,0.0,-0.038499325674889506,unicycle
5.450650728991876,7.9834618878820836,4.157201574999889,-0.0,0.0,1.7250239656538053,0.3103999335347598,2.401881574621768e-14,-3.043702464874858e-14,0.0,0.0,-0.046334827220516656,unicycle
5.449334392439675,7.9919755103794445,4.157201574999889,-0.0,0.0,1.7233699542756098,0.2871595121291265,2.1936538052264664e-14,-2.7742980756547673e-14,0.0,0.0,-0.05513371260651363,unicycle
5.448141775190577,7.9997816217997295,4.157201574999889,-0.0,0.0,1.7214379036724505,0.2632230376743417,1.985240129421958e-14,-2.5065620926266295e-14,0.0,0.0,-0.06440168677198016,unicycle
5.447071255076271,8.006887175974287,4.157201574999889,-0.0,0.0,1.7192247365767213,0.23952484101934193,1.7829305093179288e-14,-2.2479757752980935e-14,0.0,0.0,-0.07377223652431583,unicycle
5.446117870554245,8.013317845657413,4.157201574999889,-0.0,0.0,1.7167354392351875,0.21669865518719925,1.5908567186599693e-14,-2.0033969445610375e-14,0.0,0.0,-0.08297657805112363,unicycle
5.445274465157988,8.019111367852659,4.157201574999889,-0.0,0.0,1.7139808155924015,0.19515308453483526,1.4115466897597418e-14,-1.775738755916116e-14,0.0,0.0,-0.09182078809287789,unicycle
5.444532570075422,8.02431262421748,4.157201574999889,-0.0,0.0,1.7109757647887867,0.17513010039678722,1.2463526949132596e-14,-1.5664934155226724e-14,0.0,0.0,-0.10016836012048752,unicycle
5.4438830717917135,8.02897005698507,4.157201574999889,-0.0,0.0,1.707737959038753,0.15675014557463612,1.0957801882701509e-14,-1.3761338834226816e-14,0.0,0.0,-0.10792685833445767,unicycle
5.443316704672342,8.033133106641547,4.157201574999889,-0.0,0.0,1.7042868289529753,0.140046705209441,9.597386783343652e-15,-1.2044198772409596e-14,0.0,0.0,-0.11503766952592373,unicycle
5.4428244026538355,8.0368504259017,4.157201574999889,-0.0,0.0,1.7006427859351823,0.1249926189771914,8.377316201872122e-15,-1.0506290860714119e-14,0.0,0.0,-0.12146810059309888,unicycle
5.442397539218727,8.04016867871394,4.157201574999889,-0.0,0.0,1.6968266282359656,0.11151994192307338,7.289988035604822e-15,-9.137301727346839e-15,0.0,0.0,-0.1272052566405621,unicycle
5.4420280803229835,8.043131775872904,4.157201574999889,-0.0,0.0,1.692859089969906,0.09953478646815396,6.326219004097498e-15,-7.925106759122551e-15,0.0,0.0,-0.1322512755353265,unicycle
5.441708670856994,8.045780432594917,4.157201574999889,-0.0,0.0,1.6887605019509164,0.08892827822622694,5.47601587716411e-15,-6.8567015383197484e-15,0.0,0.0,-0.1366196006329874,unicycle
5.44143267155568,8.04815195995551,4.157201574999889,-0.0,0.0,1.6845505403720695,0.07958451870412503,4.729128677673292e-15,-5.9188670213753455e-15,0.0,0.0,-0.14033205262821763,unicycle
5.441194160039734,8.050280222884151,4.157201574999889,-0.0,0.0,1.6802480447525767,0.07138625693866199,4.075437800080108e-15,-5.098632202264057e-15,0.0,0.0,-0.14341652064976057,unicycle
5.440987906869284,8.052195713650093,4.157201574999889,-0.0,0.0,1.6758708906486621,0.0642188201112649,3.505215636916548e-15,-4.383584036987929e-15,0.0,0.0,-0.14590513679715916,unicycle
5.4408093351094475,8.053925702409531,4.157201574999889,-0.0,0.0,1.6714359057156194,0.0579727324700264,3.009294307658857e-15,-3.7620633377190935e-15,0.0,0.0,-0.14783283110141782,unicycle
5.440654469917195,8.055494436178915,4.157201574999889,-0.0,0.0,1.666958820067747,0.05254535625604712,2.5791639681220065e-15,-3.2232765962927983e-15,0.0,0.0,-0.14923618826242308,unicycle
5.44050307062999,8.057101324655578,4.157201574999889,-0.0,0.0,1.6625170124641482,0.05380021275882293,2.207020565586833e-15,-2.7573468001193475e-15,0.0,0.0,-0.14806025345328655,unicycle
5.440329024879649,8.059039211921553,4.157201574999889,-0.0,0.0,1.6582192288041027,0.06485629247258803,1.8857774908769113e-15,-2.355320883600409e-15,0.0,0.0,-0.1432594553348407,unicycle
5.440118463242959,8.061499349360759,4.157201574999889,-0.0,0.0,1.6541360188754737,0.08230445440332912,1.6090521189561564e-15,-2.0091472130404167e-15,0.0,0.0,-0.1361069976209664,unicycle
5.439865632228241,8.064597505566612,4.157201574999889,-0.0,0.0,1.6503096164388948,0.10361524548496488,1.3711355279989214e-15,-1.7116331907334093e-15,0.0,0.0,-0.12754674788595555,unicycle
5.439569887982761,8.06839414894465,4.157201574999889,-0.0,0.0,1.6467615531786048,0.1269382212478584,1.1669515859741863e-15,-1.456390490430104e-15,0.0,0.0,-0.1182687753429912,unicycle
5.439233591270944,8.07290996201346,4.157201574999889,-0.0,0.0,1.6434984947803521,0.15094399750831608,9.92009967718792e-16,-1.237773446628207e-15,0.0,0.0,-0.10876861327508107,unicycle
5.438860687818437,8.078137687012692,4.157201574999889,-0.0,0.0,1.64051668591229,0.17470033391986534,8.423564137226253e-16,-1.0508145902303022e-15,0.0,0.0,-0.09939362893541075,unicycle
5.438455788471925,8.084051097351105,4.157201574999889,-0.0,0.0,1.6378053100491439,0.19757526508034295,7.145225842663481e-16,-8.911601543790931e-16,0.0,0.0,-0.0903791954382039,unicycle
5.438023601301953,8.090611726152757,4.157201574999889,-0.0,0.0,1.635349005751263,0.21916167993741226,6.054771353727237e-16,-7.550074882128139e-16,0.0,0.0,-0.08187680992935867,unicycle
5.437568603594932,8.097773852647533,4.157201574999889,-0.0,0.0,1.633129729863207,0.23921886765774744,5.125790956289424e-16,-6.390456505917999e-16,0.0,0.0,-0.07397586293519676,unicycle
5.437094871996111,8.10548814266416,4.157201574999889,-0.0,0.0,1.63112811746811,0.2576274485721587,4.335342152093775e-16,-5.403999612148516e-16,0.0,0.0,-0.06672041316990912,unicycle
5.436606013045762,8.113704255842801,4.157201574999889,-0.0,0.0,1.629324456194353,0.2743548335090458,3.6635465869483755e-16,-4.565809240308787e-16,0.0,0.0,-0.06012204245858287,unicycle
5.4361051544654835,8.122372665320352,4.157201574999889,-0.0,0.0,1.6276993669182704,0.2894289373153362,3.0932219658653897e-16,-3.8543767679786837e-16,0.0,0.0,-0.05416964253607572,unicycle
5.435594970762723,8.13144588230193,4.157201574999889,-0.0,0.0,1.6262342626815092,0.30291833989034217,2.609548971485195e-16,-3.2511593698449033e-16,0.0,0.0,-0.04883680789203745,unicycle
5.435077726078185,8.14087923549353,4.157201574999889,-0.0,0.0,1.6249116416589102,0.3149174627538176,2.1997721503924123e-16,-2.7402028913065804e-16,0.0,0.0,-0.04408736741996174,unicycle
5.434555323653611,8.15063132170613,4.157201574999889,-0.0,0.0,1.6237152574058933,0.32553562898953625,1.8529330415081394e-16,-2.3078057762270773e-16,0.0,0.0,-0.03987947510057086,unicycle
5.4340293556334744,8.160664217324488,4.157201574999889,-0.0,0.0,1.6226301996914232,0.3348891139038286,1.559633398783323e-16,-1.9422212022848566e-16,0.0,0.0,-0.03616859048233786,unicycle
5.433501149748638,8.17094351936293,4.157201574999889,-0.0,0.0,1.6216429114315725,0.3430954847008173,1.31182613521475e-16,-1.63339432906957e-16,0.0,0.0,-0.03290960866168857,unicycle
5.432971811225346,8.181438268371153,4.157201574999889,-0.0,0.0,1.6207411611387326,0.3502696794379175,1.1026315316901448e-16,-1.3727314862920245e-16,0.0,0.0,-0.0300583430946694,unicycle
5.432442259356089,8.192120792588025,4.157201574999889,-0.0,0.0,1.6199139855411577,0.35652139619290074,9.261762703350828e-17,-1.1528981709907747e-16,0.0,0.0,-0.027572519919158715,unicycle
5.4319132587990095,8.202966502731368,4.157201574999889,-0.0,0.0,1.619151613326465,0.361953458968976,7.774529360886268e-17,-9.676428447130233e-17,0.0,0.0,-0.025412407156432868,unicycle
5.4313854460057405,8.213953659062405,4.157201574999889,-0.0,0.0,1.6184453780976595,0.3666609024039137,6.521977583399325e-17,-8.11643695362194e-17,0.0,0.0,-0.023541174293521025,unicycle
5.430859351326533,8.225063126398657,4.157201574999889,-0.0,0.0,1.6177876264235282,0.3707305768740604,5.4678451894773905e-17,-6.803757323311306e-17,0.0,0.0,-0.021925055804377036,unicycle
5.430335417380986,8.236278128187474,4.157201574999889,-0.0,0.0,1.6171716251755057,0.37424112234459966,4.5813272093209614e-17,-5.699958020914235e-17,0.0,0.0,-0.020533374934074314,unicycle
5.429814014261081,8.247584007290538,4.157201574999889,-0.0,0.0,1.6165914710582434,0.377263195924739,3.83628284317297e-17,-4.772433334574748e-17,0.0,0.0,-0.019338470575401563,unicycle
5.429295452080961,8.25896799852605,4.157201574999889,-0.0,0.0,1.6160420042721617,0.37985986663520693,3.2105520554211904e-17,-3.9935483955107084e-17,0.0,0.0,-0.018315559536067234,unicycle
5.428779991323474,8.270419016078275,4.157201574999889,-0.0,0.0,1.6155187275229128,0.38208711306312426,2.685367801645151e-17,-3.339904118780913e-17,0.0,0.0,-0.017442558308292735,unicycle
5.428267851367534,8.281927457462686,4.157201574999889,-0.0,0.0,1.6150177310593945,0.38399437670744535,2.2448514247109758e-17,-2.7917063762203966e-17,0.0,0.0,-0.01669988211728734,unicycle
5.427759217518616,8.293485024709193,4.157201574999889,-0.0,0.0,1.6145356240349624,0.3856251369775326,1.8755801841729668e-17,-2.332225523949148e-17,0.0,0.0,-0.01607023414773373,unicycle
5.427254246809756,8.305084562702922,4.157201574999889,-0.0,0.0,1.6140694722115085,0.38701748385115725,1.5662171927811746e-17,-1.947334064210219e-17,0.0,0.0,-0.015538394115138599,unicycle
5.4267530727931295,8.316719914127704,4.157201574999889,-0.0,0.0,1.613616741836112,0.38820467180462687,1.3071952229213873e-17,-1.625111723455402e-17,0.0,0.0,-0.015091012513219437,unicycle
5.426255809502486,8.328385790135135,4.157201574999889,-0.0,0.0,1.6131752493941411,0.38921564433495337,1.0904469166292095e-17,-1.3555085794003563e-17,0.0,0.0,-0.014716414732361077,unicycle
5.425762554733734,8.34007765566721,4.157201574999889,-0.0,0.0,1.612743116864592,0.3900755226278892,9.091748905361912e-18,-1.1300580763689297e-17,0.0,0.0,-0.014404417651650448,unicycle
5.42527339276391,8.351791628259043,4.157201574999889,-0.0,0.0,1.612318732060543,0.39080605502244,7.576560786119576e-18,-9.41632839856243e-18,0.0,0.0,-0.014146160134964825,unicycle
5.4247883966066714,8.363524389113593,4.157201574999889,-0.0,0.0,1.6119007136201504,0.3914260261466914,6.310754087626282e-18,-7.842371482204896e-18,0.0,0.0,-0.013933948013082391,unicycle
5.424307629884623,8.375273105252775,4.157201574999889,-0.0,0.0,1.6114878802141712,0.3919516261590294,5.2538457259097065e-18,-6.528307525957337e-18,0.0,0.0,-0.013761113532655711,unicycle
5.423831148384227,8.387035361593712,4.157201574999889,-0.0,0.0,1.6110792235489853,0.39239678158533703,4.3718222934036066e-18,-5.4317946633410116e-18,0.0,0.0,-0.013621888839530832,unicycle
5.423359001347351,8.398809101863586,4.157201574999889,-0.0,0.0,1.6106738847652304,0.39277344992283986,3.6361249344749055e-18,-4.5172858304385775e-18,0.0,0.0,-0.013511292791816091,unicycle
5.422891232543959,8.410592577343632,4.157201574999889,-0.0,0.0,1.610271133858295,0.39309188058284017,3.0227899804449098e-18,-3.754957375620685e-18,0.0,0.0,-0.013425030231195316,unicycle
5.422427881162721,8.42238430251573,4.157201574999889,-0.0,0.0,1.6098703517757549,0.39336084494310747,2.5117221150604328e-18,-3.1198030629300343e-18,0.0,0.0,-0.013359402751324615,unicycle
5.421968982549995,8.434183016769685,4.157201574999889,-0.0,0.0,1.6094710148767062,0.3935878383340159,2.0860801749529127e-18,-2.590868608273909e-18,0.0,0.0,-0.013311229968288374,unicycle
5.421514568822474,8.445987651412485,4.157201574999889,-0.0,0.0,1.609072681467597,0.3937792567346529,1.7317585710020723e-18,-2.1506054944378827e-18,0.0,0.0,-0.01327778030362227,unicycle
5.421064669374536,8.457797301300682,4.157201574999889,-0.0,0.0,1.6086749801579099,0.39394055083928375,1.4369498015792287e-18,-1.78432592037406e-18,0.0,0.0,-0.013256710322907178,unicycle
5.420619311297852,8.469611200491926,4.157201574999889,-0.0,0.0,1.608277599806218,0.39407635999555546,1.1917756675648813e-18,-1.4797434155044991e-18,0.0,0.0,-0.01324601172305582,unicycle
5.420178519727883,8.481428701381303,4.157201574999889,-0.0,0.0,1.6078802808525516,0.3941906283319751,9.879766365842501e-19,-1.2265859472908827e-18,0.0,0.0,-0.013243965122211088,unicycle
5.41974231812951,8.49324925685171,4.157201574999889,-0.0,0.0,1.607482807856375,0.39428670519679926,8.18650379800766e-19,-1.0162703200191657e-18,0.0,0.0,-0.01324909987256092,unicycle
5.419310728532031,8.505072405025313,4.157201574999889,-0.0,0.0,1.6070850030808346,0.3943674318329979,6.780318539169313e-19,-8.416283487049218e-19,0.0,0.0,-0.013260159184683441,unicycle
5.418883772743629,8.516897756291806,4.157201574999889,-0.0,0.0,1.6066865482129509,0.3944352160209599,5.613084545810929e-19,-6.966767329542047e-19,0.0,0.0,-0.01328182892945164,unicycle
5.4184614755245795,8.528724982331227,4.157201574999889,-0.0,0.0,1.6062868154116974,0.3944920962364563,4.644647521846667e-19,-5.764237853954571e-19,0.0,0.0,-0.013324426708439611,unicycle
5.418050551618659,8.540375179357591,4.157201574999889,-0.0,0.0,1.6058202889727429,0.3885813966987953,3.8415216062063637e-19,-4.767072174815879e-19,0.0,0.0,-0.015550881298482531,unicycle
5.417661753901984,8.55157339767336,4.157201574999889,-0.0,0.0,1.6051836929342762,0.37349886412461963,3.1757960446431098e-19,-3.940580777467655e-19,0.0,0.0,-0.02121986794889554,unicycle
5.417302743625698,8.562144593053434,4.157201574999889,-0.0,0.0,1.6043052270488098,0.3525763389946664,2.6242185802320454e-19,-3.255866962780225e-19,0.0,0.0,-0.0292821961822116,unicycle
5.416978554257758,8.571987467510368,4.157201574999889,-0.0,0.0,1.6031365273608673,0.32827374647209095,2.1674274618435587e-19,-2.6888713350989883e-19,0.0,0.0,-0.03895665626474918,unicycle
5.416691989332419,8.581054321646086,4.157201574999889,-0.0,0.0,1.601646635144281,0.302379413241341,1.7893083526317732e-19,-2.219571781152969e-19,0.0,0.0,-0.04966307388621101,unicycle
5.416444008016693,8.589335634830514,4.157201574999889,-0.0,0.0,1.5998174977024142,0.2761675456224535,1.4764561358797194e-19,-1.83131402084492e-19,0.0,0.0,-0.060971248062210354,unicycle
5.4162341027144105,8.596848350021258,4.157201574999889,-0.0,0.0,1.597640632507432,0.25052161600854717,1.217724761946682e-19,-1.5102517338263661e-19,0.0,0.0,-0.07256217316608661,unicycle
5.416060656760435,8.603627049905995,4.157201574999889,-0.0,0.0,1.5951146689910531,0.2260306765677132,1.0038509421838058e-19,-1.2448785843189314e-19,0.0,0.0,-0.08419878387930174,unicycle
5.415921268748771,8.6097173796706,4.157201574999889,-0.0,0.0,1.5922435465111167,0.2030642239758705,8.271397460371532e-20,-1.0256372714006459e-19,0.0,0.0,-0.09570408266455135,unicycle
5.415813034003881,8.6151712068577,4.157201574999889,-0.0,0.0,1.5890351972764283,0.1818301138462471,6.812020581936533e-20,-8.445931004551145e-20,0.0,0.0,-0.10694497448960849,unicycle
5.41573277877224,8.620043116860849,4.157201574999889,-0.0,0.0,1.5855005826755209,0.1624191173043356,5.607354565618065e-20,-6.951615698999666e-20,0.0,0.0,-0.11782048669691346,unicycle
5.415677247070692,8.624387928810599,4.157201574999889,-0.0,0.0,1.5816529829351667,0.1448389831688388,4.6134142435132474e-20,-5.718811521521815e-20,0.0,0.0,-0.12825332467848238,unicycle
5.415643243234728,8.6282589852016,4.157201574999889,-0.0,0.0,1.5775074650661236,0.1290402835685533,3.793729490700507e-20,-4.702238671696255e-20,0.0,0.0,-0.13818392896808995,unicycle
5.415627735087981,8.631707023041834,4.157201574999889,-0.0,0.0,1.5730804738974913,0.11493585103401772,3.118075206974303e-20,-3.8643744177171857e-20,0.0,0.0,-0.14756637228773575,unicycle
5.415627923541721,8.634779477383352,4.157201574999889,-0.0,0.0,1.5683895065984292,0.10241523881266265,2.5614134850779678e-20,-3.174138530823198e-20,0.0,0.0,-0.15636557663540535,unicycle
5.415641284609343,8.637520102089171,4.157201574999889,-0.0,0.0,1.5634528431701342,0.0913553352495366,2.10301294682544e-20,-2.605798993930998e-20,0.0,0.0,-0.1645554476098357,unicycle
5.415665589534235,8.639968819437666,4.157201574999889,-0.0,0.0,1.5582893145624932,0.08162802287162729,1.7257159305279508e-20,-2.1380615156581014e-20,0.0,0.0,-0.17211762025469524,unicycle
5.415698908174353,8.642161731140526,4.157201574999889,-0.0,0.0,1.5529180968430554,0.07310558142775765,1.4153290007267172e-20,-1.753312339992544e-20,0.0,0.0,-0.17904059064792566,unicycle
5.415739600103226,8.644131239740009,4.157201574999889,-0.0,0.0,1.5473585246734383,0.0656643819567175,1.160116268454322e-20,-1.4369888414377612e-20,0.0,0.0,-0.18531907232056863,unicycle
5.415786297169205,8.645906242107698,4.157201574999889,-0.0,0.0,1.541629920631222,0.059187298219025214,9.503783789619018e-21,-1.1770565874200466e-20,0.0,0.0,-0.19095346807388403,unicycle
5.415837880561614,8.647512366651684,4.157201574999889,-0.0,0.0,1.5357514390063571,0.053565166266593224,7.7810284702809e-21,-9.635750624254368e-21,0.0,0.0,-0.19594938749549898,unicycle
5.4158934547981925,8.648972233460437,4.157201574999889,-0.0,0.0,1.5297419239037493,0.04869754748904898,6.3667378454854845e-21,-7.883371900651136e-21,0.0,0.0,-0.2003171700869319,unicycle
5.415952320489589,8.650305722454338,4.157201574999889,-0.0,0.0,1.5236197820523005,0.04449299109960882,5.206310444358293e-21,-6.4457025143022095e-21,0.0,0.0,-0.20407139504828475,unicycle
5.416013947259311,8.65153023906536,4.157201574999889,-0.0,0.0,1.5174028708616203,0.040868945438213504,4.254704607638839e-21,-5.266878577027845e-21,0.0,0.0,-0.20723037302268382,unicycle
5.416077947799994,8.65266097032768,4.157201574999889,-0.0,0.0,1.5111084021422052,0.03775143105045987,3.474782496464564e-21,-4.300843568998226e-21,0.0,0.0,-0.20981562398049902,unicycle
5.416144053723664,8.65371112677901,4.157201574999889,-0.0,0.0,1.504752861634387,0.03507456014349089,2.8359379237658385e-21,-3.5096449342776624e-21,0.0,0.0,-0.2118513502606151,unicycle
5.416212093607079,8.654692167435458,4.157201574999889,-0.0,0.0,1.4983519441624988,0.032779965040110486,2.312959887431184e-21,-2.862023407187926e-21,0.0,0.0,-0.21336391572960733,unicycle
5.416281973434692,8.655614006461983,4.157201574999889,-0.0,0.0,1.4919205039021848,0.030816181304002564,1.8850917516750522e-21,-2.3322453018821565e-21,0.0,0.0,-0.2143813420104765,unicycle
5.416353659492594,8.65648520113413,4.157201574999889,-0.0,0.0,1.4854725189568596,0.029138018218416464,1.5352527539848373e-21,-1.899136364926653e-21,0.0,0.0,-0.2149328315108349,unicycle
5.416427163658726,8.657313121367164,4.157201574999889,-0.0,0.0,1.4790210692037538,0.0277059394132823,1.2493941281249722e-21,-1.545282767757566e-21,0.0,0.0,-0.21504832510353197,unicycle
5.416502530959952,8.658104101547764,4.157201574999889,-0.0,0.0,1.4725783261983358,0.026485468972383634,1.015966812216754e-21,-1.2563706307033379e-21,0.0,0.0,-0.21475810018059843,unicycle
5.416579829218627,8.658863575697044,4.157201574999889,-0.0,0.0,1.4661555538177937,0.025446632774696963,8.2548160855002635e-22,-1.0206403140398132e-21,0.0,0.0,-0.21409241268474277,unicycle
5.4166591405841515,8.659596197165177,4.157201574999889,-0.0,0.0,1.459763118274074,0.024563440706740235,6.70145907259372e-22,-8.284357444505112e-22,0.0,0.0,-0.21308118479065927,unicycle
5.416740554733514,8.660305944140248,4.157201574999889,-0.0,0.0,1.453410506126452,0.023813412390197183,5.435637871170569e-22,-6.718324014101387e-22,0.0,0.0,-0.2117537382540728,unicycle
5.416824163525022,8.66099621227291,4.157201574999889,-0.0,0.0,1.4471063489632099,0.02317714693741341,4.404885536766431e-22,-5.44330379616584e-22,0.0,0.0,-0.21013857210807096,unicycle
5.4169100568977155,8.66166989569298,4.157201574999889,-0.0,0.0,1.4408584534922568,0.022637935769920358,3.5661864330493157e-22,-4.40601264517849e-22,0.0,0.0,-0.20826318236510127,unicycle
5.416998319822701,8.66232945763912,4.157201574999889,-0.0,0.0,1.4346738358725508,0.022181416550616253,2.884293743461572e-22,-3.56279486662543e-22,0.0,0.0,-0.20615392065688332,unicycle
5.417089030129634,8.662976991848838,4.157201574999889,-0.0,0.0,1.4285587592242082,0.021795265663232137,2.330343164743837e-22,-2.877904225803786e-22,0.0,0.0,-0.20383588827807883,unicycle
5.417182257050272,8.663614275771433,4.157201574999889,-0.0,0.0,1.4225187733686573,0.021468926326244725,1.880711202175502e-22,-2.3220883989126864e-22,0.0,0.0,-0.20133286185169105,unicycle
5.4172780603400765,8.664242816576994,4.157201574999889,-0.0,0.0,1.4165587559657749,0.021193369277850337,1.516075374104833e-22,-1.8714238801205919e-22,0.0,0.0,-0.19866724676275072,unicycle
5.417376489857499,8.66486389084416,4.157201574999889,-0.0,0.0,1.4106829543286123,0.0209608829569489,1.2206410059454267e-22,-1.5063575126654884e-22,0.0,0.0,-0.19586005457208472,unicycle
5.41747758549827,8.6654785787212,4.157201574999889,-0.0,0.0,1.404895027304968,0.02076489018902983,9.815054067471218e-23,-1.2109184015993344e-22,0.0,0.0,-0.19293090078814715,unicycle
5.4175813773981885,8.666087793270782,4.157201574999889,-0.0,0.0,1.39919808671663,0.02059978853286215,7.881352875952655e-23,-9.720702551112393e-23,0.0,0.0,-0.18989801961127112,unicycle
5.417687886332648,8.666692305629915,4.157201574999889,-0.0,0.0,1.393594737940259,0.02046081162976416,6.319374777699086e-23,-7.791794108072288e-23,0.0,0.0,-0.18677829254571301,unicycle
5.417797124254066,8.667292766543564,4.157201574999889,-0.0,0.0,1.3880871192978612,0.020343909104199295,5.059064694253762e-23,-6.235781163159719e-23,0.0,0.0,-0.1835872880799289,unicycle
5.417923853409558,8.667968525110593,4.157201574999889,-0.0,0.0,1.3827398030894917,0.022917995019703735,4.0433519736604266e-23,-4.982062027465712e-23,0.0,0.0,-0.17824387361231872,unicycle
5.4180921064619225,8.668840555957399,4.157201574999889,-0.0,0.0,1.3776493388489977,0.029603839665266682,3.2257783945930104e-23,-3.973172417671967e-23,0.0,0.0,-0.16968214134979842,unicycle
5.418318737110208,8.66998477906544,4.157201574999889,-0.0,0.0,1.3728745643175384,0.038881737454089696,2.5685539027123384e-23,-3.162377179026045e-23,0.0,0.0,-0.1591591510486503,unicycle
5.418614707359101,8.671443829154553,4.157201574999889,-0.0,0.0,1.3684466643303104,0.04962558896493682,2.0409638620402865e-23,-2.5116976471859286e-23,0.0,0.0,-0.1475966662409317,unicycle
5.418986184750402,8.673235991731604,4.157201574999889,-0.0,0.0,1.3643768822624718,0.06100862214551479,1.6180650336683214e-23,-1.9902967966459332e-23,0.0,0.0,-0.13565940226129836,unicycle
5.419435493222535,8.67536197488284,4.157201574999889,-0.0,0.0,1.3606623966393616,0.07243148403365694,1.2796185827813077e-23,-1.573158079040837e-23,0.0,0.0,-0.12381618743699808,unicycle
5.419961936758422,8.677810030253946,4.157201574999889,-0.0,0.0,1.3572907673620778,0.08346738442392942,1.0092175664927436e-23,-1.2400052060721804e-23,0.0,0.0,-0.1123876425761337,unicycle
5.420562506313249,8.680559816330232,4.157201574999889,-0.0,0.0,1.3542432702857137,0.09382023820204152,7.935739041822847e-24,-9.744194948414208e-24,0.0,0.0,-0.10158323587881779,unicycle
5.421232478626863,8.683585304391164,4.157201574999889,-0.0,0.0,1.3514973710008742,0.10329271750896646,6.219360564684905e-24,-7.631191126124843e-24,0.0,0.0,-0.09152997616131452,unicycle
5.421965916017211,8.686856956256694,4.157201574999889,-0.0,0.0,1.349028534920281,0.11176186014491302,4.856137686331913e-24,-5.9537091897454354e-24,0.0,0.0,-0.08229453601976959,unicycle
5.422756077149386,8.690343348345833,4.157201574999889,-0.0,0.0,1.3468115282321436,0.11916044108825445,3.775904597248271e-24,-4.62510842480941e-24,0.0,0.0,-0.0739002229379236,unicycle
5.4235957493266005,8.694012374842169,4.157201574999889,-0.0,0.0,1.3448213306308177,0.12546274113634603,2.9220731739880768e-24,-3.57553041823799e-24,0.0,0.0,-0.06633992004419983,unicycle
5.424477512874659,8.69783213094384,4.157201574999889,-0.0,0.0,1.3430337541365123,0.13067367210486036,2.249060212871666e-24,-2.7487165040253368e-24,0.0,0.0,-0.05958588314351365,unicycle
