x,y,z,psi,phi,theta,linear_vel_x,linear_vel_y,linear_vel_z,angular_vel_x,angular_vel_y,angular_vel_z,mode
-9.802531171650784,11.651787448606777,1.765,0.0,0.0,0.0,0.0,0.0,0.0,0.0,0.0,0.0,unicycle
-9.802530544450782,11.65178744860688,1.765,0.0,0.0,3.1943506638179994e-07,3.136e-05,0.0,0.0,0.0,0.0,1.5971753319089996e-05,omni
-9.802527698207584,11.651787448608944,1.765,0.0,0.0,1.1301661541710484e-06,0.00014231216,0.0,0.0,0.0,0.0,4.053655438946244e-05,unicycle
-9.802520427025321,11.651787448622407,1.765,0.0,0.0,2.5730645445914417e-06,0.00036355911296,0.0,0.0,0.0,0.0,7.214491952101969e-05,omni
-9.802506169785708,11.651787448674167,1.765,0.0,0.0,4.688164406206531e-06,0.0007128619805177599,0.0,0.0,0.0,0.0,0.00010575499308075454,unicycle
-9.802482198300822,11.651787448820496,1.765,0.0,0.0,7.5204717580788e-06,0.0011985742441581462,0.0,0.0,0.0,0.0,0.00014161536759361363,omni
-9.802445751362505,11.651787449158764,1.765,0.0,0.0,1.1041729066816357e-05,0.0018223469158887584,0.0,0.0,0.0,0.0,0.00017606286543687797,unicycle
-9.802394127674136,11.651787449837393,1.765,0.0,0.0,1.5249561869983048e-05,0.0025811844186437115,0.0,0.0,0.0,0.0,0.0002103916401583348,omni
-9.802324747801194,11.651787451063116,1.765,0.0,0.0,2.0084139187032752e-05,0.0034689936476658863,0.0,0.0,0.0,0.0,0.00024172886585248512,unicycle
-9.802235193019461,11.651787453105298,1.765,0.0,0.0,2.552326892227674e-05,0.004477739087786986,0.0,0.0,0.0,0.0,0.0002719564867621993,omni
-9.802123227155779,11.651787456297402,1.765,0.0,0.0,3.1495990064320054e-05,0.005598293186441216,0.0,0.0,0.0,0.0,0.000298636057102166,unicycle
-9.801986806110335,11.651787461036074,1.765,0.0,0.0,3.79752667400761e-05,0.006821052276433559,0.0,0.0,0.0,0.0,0.0003239638337878025,omni
-9.80182407864501,11.65178746777828,1.765,0.0,0.0,4.48897542717864e-05,0.008136373273193945,0.0,0.0,0.0,0.0,0.00034572437658551456,unicycle
-9.801633381157556,11.651787477037109,1.765,0.0,0.0,5.2215130279795375e-05,0.009534874384003394,0.0,0.0,0.0,0.0,0.0003662688004004491,omni
-9.801413228486865,11.651787489376657,1.765,0.0,0.0,5.9884775140720895e-05,0.011007633551825893,0.0,0.0,0.0,0.0,0.00038348224304627634,unicycle
-9.801162302270942,11.651787505406473,1.765,0.0,0.0,6.78803922874721e-05,0.012546310821835752,0.0,0.0,0.0,0.0,0.00039978085733756024,omni
-9.80087943797432,11.651787525775875,1.765,0.0,0.0,7.614202946045498e-05,0.014143214867762623,0.0,0.0,0.0,0.0,0.00041308185864914526,unicycle
-9.800563611390777,11.6517875511684,1.765,0.0,0.0,8.465839838962813e-05,0.01579132922831776,0.0,0.0,0.0,0.0,0.00042581844645865705,omni
-9.800213925189677,11.651787582296569,1.765,0.0,0.0,9.337646845271882e-05,0.017484310124295827,0.0,0.0,0.0,0.0,0.00043590350315453346,unicycle
-9.799829595894556,11.651787619897084,1.765,0.0,0.0,0.00010229174585084886,0.019216464848130735,0.0,0.0,0.0,0.0,0.00044576386990650155,omni
-9.799409941547466,11.651787664726513,1.765,0.0,0.0,0.00011135755204181169,0.020982717474249984,0.0,0.0,0.0,0.0,0.0004532903095481404,unicycle
-9.798954370212572,11.651787717557523,1.765,0.0,0.0,0.00012057543056828108,0.022778566898025102,0.0,0.0,0.0,0.0,0.0004608939263234685,omni
-9.798462369399079,11.651787779175601,1.765,0.0,0.0,0.00012990415079514492,0.0246000408675415,0.0,0.0,0.0,0.0,0.00046643601134318993,unicycle
-9.797933496431048,11.651787850376316,1.765,0.0,0.0,0.0001393503550602652,0.026443648641293303,0.0,0.0,0.0,0.0,0.00047231021325601624,omni
-9.79736736975455,11.651787931962996,1.765,0.0,0.0,0.0001488772858731248,0.02830633411893499,0.0,0.0,0.0,0.0,0.0004763465406429806,unicycle
-9.796763661147724,11.651788024744873,1.765,0.0,0.0,0.00015849575322244506,0.03018543069789326,0.0,0.0,0.0,0.0,0.0004809233674660155,omni
-9.796122088783012,11.651788129535555,1.765,0.0,0.0,0.00016817255912206005,0.03207861866353373,0.0,0.0,0.0,0.0,0.0004838402949807494,unicycle
-9.795442411081366,11.651788247151881,1.765,0.0,0.0,0.00017792184597964782,0.03398388559112687,0.0,0.0,0.0,0.0,0.0004874643428793863,omni
-9.794724421293415,11.651788378412988,1.765,0.0,0.0,0.00018771317905850657,0.0358994899975883,0.0,0.0,0.0,0.0,0.0004895666539429397,unicycle
-9.793967942741272,11.651788524139695,1.765,0.0,0.0,0.00019756332628943313,0.037823928309052304,0.0,0.0,0.0,0.0,0.0004925073615463274,omni
-9.79317282465577,11.651788685154003,1.765,0.0,0.0,0.00020744395240290448,0.0397559050904448,0.0,0.0,0.0,0.0,0.000494031305673567,unicycle
-9.792338938546532,11.651788862278849,1.765,0.0,0.0,0.0002173738750288796,0.04169430640259761,0.0,0.0,0.0,0.0,0.000496496131298758,omni
-9.791466175046088,11.651789056337904,1.765,0.0,0.0,0.00022732632120188364,0.043638176101165556,0.0,0.0,0.0,0.0,0.0004976223086502032,unicycle
-9.790554441173457,11.651789268155579,1.765,0.0,0.0,0.00023732170193456492,0.045586694861988464,0.0,0.0,0.0,0.0,0.0004997690366340641,omni
-9.789603657967305,11.651789498557015,1.765,0.0,0.0,0.00024733438084430844,0.047539161703663436,0.0,0.0,0.0,0.0,0.0005006339454871741,unicycle
-9.78861375844332,11.651789748368259,1.765,0.0,0.0,0.0002573860083276666,0.049494977775428765,0.0,0.0,0.0,0.0,0.0005025813741679032,omni
-9.787584685835087,11.651790018416346,1.765,0.0,0.0,0.0002674517522094662,0.05145363218356728,0.0,0.0,0.0,0.0,0.0005032871940899861,unicycle
-9.786516392081959,11.651790309529597,1.765,0.0,0.0,0.0002775542324255903,0.05341468963982083,0.0,0.0,0.0,0.0,0.0005051240108062025,omni
-9.785408836531616,11.65179062253776,1.765,0.0,0.0,0.0002876691642770066,0.055377779728834495,0.0,0.0,0.0,0.0,0.0005057465925708139,unicycle
-9.784261984828621,11.651790958272354,1.765,0.0,0.0,0.0002978199347055756,0.05734258760699682,0.0,0.0,0.0,0.0,0.0005075385214284493,omni
-9.783075807963819,11.651791317566845,1.765,0.0,0.0,0.00030798260962160064,0.05930884596117915,0.0,0.0,0.0,0.0,0.0005081337458012576,unicycle
-9.781850281462445,11.651791701257025,1.765,0.0,0.0,0.0003181811931832436,0.061276328072073546,0.0,0.0,0.0,0.0,0.0005099291780821472,omni
-9.780585384691697,11.65179211018118,1.765,0.0,0.0,0.000328391951583862,0.06324484184258101,0.0,0.0,0.0,0.0,0.0005105379200309186,unicycle
-9.779281100270909,11.651792545180493,1.765,0.0,0.0,0.00033863939708815035,0.06521422466667892,0.0,0.0,0.0,0.0,0.0005123722752144173,omni
-9.777937413569749,11.651793007099203,1.765,0.0,0.0,0.000348899881529948,0.06718433902819398,0.0,0.0,0.0,0.0,0.0005130242220898855,unicycle
-9.776554312281805,11.65179349678501,1.765,0.0,0.0,0.00035919834715311834,0.06915506873181416,0.0,0.0,0.0,0.0,0.0005149232811585134,omni
-9.775131786062625,11.65179401508921,1.765,0.0,0.0,0.00036951114384704614,0.071126315680446,0.0,0.0,0.0,0.0,0.0005156398346963963,unicycle
-9.77366982622278,11.651794562867119,1.765,0.0,0.0,0.0003798635890615865,0.07309799712366724,0.0,0.0,0.0,0.0,0.0005176222607270167,omni
-9.772168425467855,11.651795140978168,1.765,0.0,0.0,0.0003902319634886034,0.07507004331157502,0.0,0.0,0.0,0.0,0.0005184187213508429,unicycle
-9.770627577678397,11.651795750286338,1.765,0.0,0.0,0.0004006419224627852,0.07704239549684486,0.0,0.0,0.0,0.0,0.0005204979487090932,omni
-9.769047277723852,11.651796391660234,1.765,0.0,0.0,0.00041106962538932677,0.07901500423536578,0.0,0.0,0.0,0.0,0.0005213851463270779,unicycle
-9.76731838838779,11.651797111406129,1.765,0.0,0.0,0.0004215410411110208,0.08644447429421706,0.0,0.0,0.0,0.0,0.0005235707860846996,omni
-9.765320735896383,11.651799342800116,1.765,0.0,0.0,0.0004320321668964064,0.09988266309070849,6.894112433052624e-05,0.0,0.0,0.0,0.0005245562892692847,unicycle
-9.762974377821454,11.651803868337295,1.765,0.0,0.0,0.0004425693828951825,0.11731799148052485,0.00017497362877216637,0.0,0.0,0.0,0.0005268607999388013,omni
-9.760240459427079,11.651811333907968,1.765,0.0,0.0,0.00045312855227696045,0.13669607318336402,0.0003120593718182916,0.0,0.0,0.0,0.0005279584690888982,unicycle
-9.757098367004955,11.651821937049874,1.765,0.0,0.0,0.0004637369170588756,0.15710484763960939,0.00045813514100505066,0.0,0.0,0.0,0.0005304182390957525,omni
-9.753551717557517,11.65183590091163,1.765,0.0,0.0,0.00047437041385773503,0.17733278035524397,0.0006150145678852045,0.0,0.0,0.0,0.0005316748399429741,unicycle
-9.749609536893548,11.651853118217618,1.765,0.0,0.0,0.0004850574060476018,0.19710942348866356,0.0007663092589179184,0.0,0.0,0.0,0.0005343496094933431,omni
-9.745295393810816,11.651873603806028,1.765,0.0,0.0,0.0004957739585063716,0.2157076305207452,0.0009184931304566495,0.0,0.0,0.0,0.0005358276229384881,unicycle
-9.740631024419452,11.651897107842776,1.765,0.0,0.0,0.0005065495882105256,0.2332190292475936,0.0010583215130349957,0.0,0.0,0.0,0.0005387814852076997,omni
-9.73564736096966,11.651923558772769,1.765,0.0,0.0,0.0005173603911834599,0.2491838169198432,0.0011949757633661507,0.0,0.0,0.0,0.0005405401486467201,unicycle
-9.730369615317155,11.6519526544955,1.765,0.0,0.0,0.0005282369091520343,0.26388800712405674,0.001316826028747502,0.0,0.0,0.0,0.0005438258984287225,omni
-9.724829425091125,11.65198430306702,1.765,0.0,0.0,0.0005391550811386876,0.27701031638820706,0.0014345894907849168,0.0,0.0,0.0,0.0005459085993326639,unicycle
-9.719050786099382,11.652018197407427,1.765,0.0,0.0,0.0005501462641952219,0.28893282976226453,0.0015373497961378747,0.0,0.0,0.0,0.0005495591528267059,omni
-9.713062838517159,11.652054258201874,1.765,0.0,0.0,0.0005611860232867151,0.2993983347790504,0.0016366744653824915,0.0,0.0,0.0,0.0005519879545746538,unicycle
-9.70688627631068,11.6520921956829,1.765,0.0,0.0,0.0005723063040867995,0.3088291357735864,0.0017218466093369626,0.0,0.0,0.0,0.0005560140400042336,omni
-9.700546484953051,11.652131957343242,1.765,0.0,0.0,0.0005834820958288545,0.3169906638535215,0.0018048962625389858,0.0,0.0,0.0,0.0005587895871027447,unicycle
-9.694060205209741,11.652173279042048,1.765,0.0,0.0,0.0005947457285273011,0.32431514804920913,0.0018750267110951785,0.0,0.0,0.0,0.0005631816349223394,omni
-9.687448851549503,11.652216138989823,1.765,0.0,0.0,0.0006060714539542184,0.33056891010429723,0.00194452133752488,0.0,0.0,0.0,0.0005662862713458565,unicycle
-9.680725300106692,11.652260299611285,1.765,0.0,0.0,0.0006174918241309699,0.33617886006344366,0.0020023634066200246,0.0,0.0,0.0,0.0005710185088375873,omni
-9.673907289379976,11.652305768549601,1.765,0.0,0.0,0.0006289802406355669,0.3409018870248408,0.0020609849902534687,0.0,0.0,0.0,0.0005744208252298389,unicycle
-9.667004258698933,11.652352332210532,1.765,0.0,0.0,0.0006405693624812002,0.34515294238836935,0.0021090890957944962,0.0,0.0,0.0,0.0005794560922816656,omni
-9.660030776709213,11.652400024099618,1.765,0.0,0.0,0.0006522316762299019,0.3486755680470404,0.0021592108528871133,0.0,0.0,0.0,0.0005831156874350888,unicycle
-9.652993390619416,11.652448650660867,1.765,0.0,0.0,0.0006639998770414198,0.3518708283868959,0.002199756812045428,0.0,0.0,0.0,0.0005884100405758967,omni
-9.645904054072975,11.652498267003105,1.765,0.0,0.0,0.0006758455129179823,0.3544684097379287,0.002243351200798444,0.0,0.0,0.0,0.0005922817938281233,unicycle
-9.638766967392204,11.652548695459124,1.765,0.0,0.0,0.0006878012811028616,0.356855970257798,0.0022781105995052457,0.0,0.0,0.0,0.0005977884092439593,omni
-9.631591991554576,11.652600008609525,1.765,0.0,0.0,0.0006998377998881702,0.3587504856386238,0.00231675000058238,0.0,0.0,0.0,0.0006018259392654242,unicycle
-9.624381471009121,11.652652040877893,1.765,0.0,0.0,0.0007119877625524656,0.36052777395964974,0.002347112860777667,0.0,0.0,0.0,0.000607498133214779,omni
-9.617143628913908,11.652704878679522,1.765,0.0,0.0,0.0007242208898641549,0.3618939086063193,0.002382013136549216,0.0,0.0,0.0,0.0006116563655844641,unicycle
-9.60987937028564,11.652758365305019,1.765,0.0,0.0,0.0007365698846510584,0.36321478785183425,0.002409041535395574,0.0,0.0,0.0,0.0006174497393451714,omni
-9.602595658109143,11.652812597980478,1.765,0.0,0.0,0.0007490036175928556,0.3641875225262431,0.002441120804607071,0.0,0.0,0.0,0.0006216866470898578,unicycle
-9.595292297715025,11.652867426256893,1.765,0.0,0.0,0.0007615548268640583,0.3651699860865075,0.002465609247192799,0.0,0.0,0.0,0.0006275604635601294,omni
-9.587975295506139,11.652922955751004,1.765,0.0,0.0,0.0007741915891159537,0.36585213456902843,0.0024955474165925823,0.0,0.0,0.0,0.0006318381125947749,unicycle
-9.580643626843397,11.65297904023922,1.765,0.0,0.0,0.0007869467101606172,0.36658551035292636,0.0025180798668405016,0.0,0.0,0.0,0.0006377560522331697,omni
-9.57330257996359,11.653035791844214,1.765,0.0,0.0,0.0007997875322443709,0.3670544797183209,0.0025463721258002815,0.0,0.0,0.0,0.0006420411041876862,unicycle
-9.56595051007754,11.653093067022597,1.765,0.0,0.0,0.0008127469632939441,0.3676056837763718,0.002567371362864444,0.0,0.0,0.0,0.0006479715524786686,omni
-9.55859217118645,11.653150982965192,1.765,0.0,0.0,0.0008257916707105554,0.3679191935212376,0.0025943731277667517,0.0,0.0,0.0,0.0006522353708305604,unicycle
-9.551225459026082,11.653209397663021,1.765,0.0,0.0,0.0008389546982026183,0.3683379115624177,0.0026141412320904427,0.0,0.0,0.0,0.0006581513746031428,omni
-9.54385473328053,11.653268432295508,1.765,0.0,0.0,0.0008522020954046658,0.3685386514482474,0.0026401042832527206,0.0,0.0,0.0,0.0006623698601023657,unicycle
-9.536477551710048,11.653327945557036,1.765,0.0,0.0,0.0008655670727401917,0.36886149822707565,0.0026588546415633263,0.0,0.0,0.0,0.0006682488667763022,omni
-9.529097984913221,11.653388061814923,1.765,0.0,0.0,0.0008790151152104976,0.3689808214112199,0.0026839552718673247,0.0,0.0,0.0,0.0006724021235152975,unicycle
-9.521713343603427,11.653448639877421,1.765,0.0,0.0,0.000892579627057139,0.36923460363007227,0.0027018371864897892,0.0,0.0,0.0,0.000678225592332064,omni
-9.514327487691508,11.653509806711188,1.765,0.0,0.0,0.0009062255770867319,0.3692953969137751,0.0027261975949623915,0.0,0.0,0.0,0.0006822975014796444,unicycle
-9.506937548304464,11.65357142083037,1.765,0.0,0.0,0.0009199865861387573,0.36949962832973027,0.0027433147918453195,0.0,0.0,0.0,0.0006880504526012744,omni
-9.499547232605192,11.653633611370834,1.765,0.0,0.0,0.0009338271503250083,0.36951850847213785,0.0027670190175709056,0.0,0.0,0.0,0.000692028209312547,unicycle
-9.492153541813256,11.653696236278567,1.765,0.0,0.0,0.000947781125464761,0.36968732188180126,0.002783443307618451,0.0,0.0,0.0,0.0006976987569876352,omni
-9.484760072869191,11.653759426544973,1.765,0.0,0.0,0.0009618125736309782,0.36967629539515423,0.0028065488910500812,0.0,0.0,0.0,0.0007015724083108655,unicycle
-9.477363733434581,11.653823039371044,1.765,0.0,0.0,0.0009759555998025019,0.3698198798255784,0.002822330087848857,0.0,0.0,0.0,0.000707151308576179,omni
-9.469968041252077,11.653887207374444,1.765,0.0,0.0,0.0009901738661302927,0.36978758450988125,0.0028448764702716563,0.0,0.0,0.0,0.0007109133163895334,unicycle
-9.462569836871682,11.653951786903825,1.765,0.0,0.0,0.0010045017370864126,0.36991325543109704,0.0028600494797053214,0.0,0.0,0.0,0.0007163935478059959,omni
-9.45517258135172,11.654016912034221,1.765,0.0,0.0,0.0010189025048975456,0.3698658810774182,0.00288206396217289,0.0,0.0,0.0,0.0007200383905566578,unicycle
-9.447773067275481,11.654082438203476,1.765,0.0,0.0,0.001033410800452922,0.36997887102861693,0.0028966537747626762,0.0,0.0,0.0,0.0007254147777688188,omni
-9.440374715276779,11.65414850081781,1.765,0.0,0.0,0.001047989572402619,0.3699208371855925,0.002918155682241124,0.0,0.0,0.0,0.0007289385974848624,unicycle
-9.432974283769033,11.654214954379643,1.765,0.0,0.0,0.0010626737220293708,0.37002487586619426,0.0029321808352318493,0.0,0.0,0.0,0.0007342074813375913,omni
-9.425575164654418,11.654281935530028,1.765,0.0,0.0,0.0010774258775779703,0.3699593275907076,0.002953184381073781,0.0,0.0,0.0,0.0007376077774299582,unicycle
-9.418174092078734,11.65434929783432,1.765,0.0,0.0,0.0010922812122056047,0.37005706493921603,0.002966659320468697,0.0,0.0,0.0,0.0007427667313817403,omni
-9.410774437588358,11.65441717909271,1.765,0.0,0.0,0.0011072020541973693,0.3699862333794891,0.0029871755432733845,0.0,0.0,0.0,0.000746042099588223,unicycle
-9.403372918142056,11.654485431947116,1.765,0.0,0.0,0.0011222238479914317,0.37007954650946423,0.0030001122062496967,0.0,0.0,0.0,0.0007510896897031216,omni
-9.395972890908686,11.654554195295272,1.765,0.0,0.0,0.001137308640044804,0.37000500986697554,0.0030201502539585583,0.0,0.0,0.0,0.0007542396026686057,unicycle
-9.388571060705646,11.654623320879157,1.765,0.0,0.0,0.0011524921437870864,0.37009522469272244,0.003032559106555414,0.0,0.0,0.0,0.0007591751871141339,omni
-9.381170774577152,11.654692948642033,1.765,0.0,0.0,0.0011677361400303544,0.37001809624045073,0.0030521270677808313,0.0,0.0,0.0,0.0007621998121634103,unicycle
-9.373768728783396,11.65476292945553,1.765,0.0,0.0,0.0011830766075413026,0.37010614682228726,0.0030640177675807507,0.0,0.0,0.0,0.0007670233755474139,omni
-9.366368263260041,11.654833404262849,1.765,0.0,0.0,0.0011984750760391134,0.3700272098186444,0.0030831231936884057,0.0,0.0,0.0,0.000769923424890547,unicycle
-9.358966068248595,11.654904223098427,1.765,0.0,0.0,0.0012139677848926377,0.37011375248555656,0.003094504998471736,0.0,0.0,0.0,0.0007746354426762124,omni
-9.351565478708935,11.65497552786412,1.765,0.0,0.0,0.001229516025919968,0.3700335566239199,0.003113155218040605,0.0,0.0,0.0,0.000777412051366512,unicycle
-9.344163180656853,11.655047167792178,1.765,0.0,0.0,0.0012451562935163708,0.37011905141734824,0.0031240372255100374,0.0,0.0,0.0,0.0007820133798201384,omni
-9.336762505580433,11.655119285704686,1.765,0.0,0.0,0.0012608496536583938,0.37003798154212064,0.0031422395221722657,0.0,0.0,0.0,0.0007846680071011483,unicycle
-9.329360136532872,11.655191730067438,1.765,0.0,0.0,0.001276632849550737,0.3701227501475418,0.003152630799796751,0.0,0.0,0.0,0.0007891597946171625,omni
-9.321959402588268,11.65526464458627,1.765,0.0,0.0,0.0012924667324454304,0.3700410750563933,0.0031703925023783713,0.0,0.0,0.0,0.0007916941447346766,unicycle
-9.314556984724911,11.655337876996263,1.765,0.0,0.0,0.0013083882876625164,0.37012534188463214,0.003180302147743918,0.0,0.0,0.0,0.0007960777608543141,omni
-9.30715621034501,11.655411571851854,1.765,0.0,0.0,0.0013243581620604739,0.37004324888558665,0.0031976306659070156,0.0,0.0,0.0,0.0007984937198978587,unicycle
-9.299753758974358,11.65548557619272,1.765,0.0,0.0,0.001340413576037089,0.3701271701217456,0.003207067824758522,0.0,0.0,0.0,0.0008027706988307644,omni
-9.292352956862619,11.65556003538772,1.765,0.0,0.0,0.0013565149817302208,0.370044789435398,0.0032239706522927615,0.0,0.0,0.0,0.0008050702846565891,unicycle
-9.284950482518544,11.65563479581574,1.765,0.0,0.0,0.0013726998273420451,0.37012847352432565,0.003232944512226531,0.0,0.0,0.0,0.0008092422805912082,omni
-9.27754966140182,11.655710003626613,1.765,0.0,0.0,0.001388928379408816,0.3700458954701985,0.0032494292124659006,0.0,0.0,0.0,0.0008114276033385395,unicycle
-9.270147171308214,11.655785504572213,1.765,0.0,0.0,0.0014052383065141364,0.37012941752616835,0.0032579489838718127,0.0,0.0,0.0,0.0008154963552660252,omni
-9.262746337159898,11.655861445550528,1.765,0.0,0.0,0.0014215896982420072,0.3700467045969225,0.0032740231664588845,0.0,0.0,0.0,0.0008175695863935452,unicycle
-9.255343836251587,11.655937671719306,1.765,0.0,0.0,0.0014380204360532182,0.3701301165149758,0.0032820980579872255,0.0,0.0,0.0,0.0008215368905605429,omni
-9.247942993143305,11.656014330692393,1.765,0.0,0.0,0.0014544904408271182,0.3700473118390051,0.0032977693526638507,0.0,0.0,0.0,0.0008235002386950026,unicycle
-9.240540484776147,11.656091267065392,1.765,0.0,0.0,0.0014710377993699174,0.37013064937368223,0.0033054085455997135,0.0,0.0,0.0,0.0008273679271399451,omni
-9.233139635469495,11.656168629136243,1.765,0.0,0.0,0.0014876222717567676,0.37004778263291377,0.00332068457635307,0.0,0.0,0.0,0.0008292236193425251,unicycle
-9.225737121913252,11.656246260969478,1.765,0.0,0.0,0.0015042821426219486,0.3701310703428718,0.0033278972003810375,0.0,0.0,0.0,0.0008329935432590441,omni
-9.218336268270065,11.656324311515878,1.765,0.0,0.0,0.0015209770188335504,0.370048161901953,0.0033427855617492205,0.0,0.0,0.0,0.0008347438105800999,unicycle
-9.210933751049728,11.656402624339114,1.765,0.0,0.0,0.0015377453753834202,0.37013141659642346,0.0033495806733750814,0.0,0.0,0.0,0.0008384178274934964,omni
-9.203532894315929,11.656481349012063,1.765,0.0,0.0,0.0015545466732615628,0.3700484803777731,0.0033640889097517114,0.0,0.0,0.0,0.000840064893907135,unicycle
-9.19613037444763,11.656560328626913,1.765,0.0,0.0,0.0015714195704185775,0.3701317135137552,0.003370475473888982,0.0,0.0,0.0,0.0008436448578507156,omni
-9.188729515449172,11.656639713348417,1.765,0.0,0.0,0.0015883233890554333,0.3700487589952463,0.0033846110620779296,0.0,0.0,0.0,0.000845190931842773,unicycle
-9.181326993602843,11.656719345825865,1.765,0.0,0.0,0.0016052969627731463,0.3701319783414667,0.003390597936856443,0.0,0.0,0.0,0.0008486786858856568,omni
-9.173926132880672,11.656799376786207,1.765,0.0,0.0,0.0016222994818554939,0.3700490119416672,0.003404368271787554,0.0,0.0,0.0,0.0008501259541173659,unicycle
-9.166523609491962,11.65687964846365,1.765,0.0,0.0,0.0016393699483500776,0.37013222273125745,0.003409964196389587,0.0,0.0,0.0,0.000853523324729195,omni
-9.159122747394754,11.656960312118208,1.765,0.0,0.0,0.0016564674272964576,0.3700492487680649,0.0034233765797258508,0.0,0.0,0.0,0.0008548739473190121,unicycle
-9.151720222741822,11.657041209596107,1.765,0.0,0.0,0.0016736310820997565,0.3701324544954642,0.0034285901649310554,0.0,0.0,0.0,0.0008581827401649383,omni
-9.144319359489545,11.657122492661836,1.765,0.0,0.0,0.001690819859044311,0.37004947584819214,0.00344165179621722,0.0,0.0,0.0,0.0008594388472277381,unicycle
-9.136916833745623,11.657204002800057,1.765,0.0,0.0,0.0017080730759257874,0.3701326788189909,0.0034464915172911156,0.0,0.0,0.0,0.0008626608440738113,omni
-9.129515969472967,11.657285892251712,1.765,0.0,0.0,0.0017253495665904724,0.3700496973847288,0.0034592094872742995,0.0,0.0,0.0,0.0008638245332342609,unicycle
-9.12211344274223,11.657368002165642,1.765,0.0,0.0,0.0017426887963847165,0.37013289909428326,0.0034636836788358607,0.0,0.0,0.0,0.0008669614897121913,omni
-9.114712577528199,11.657450485231786,1.765,0.0,0.0,0.0017600494928721204,0.3700499161018156,0.003476064964603093,0.0,0.0,0.0,0.0008680348243701935,unicycle
-9.107310049870135,11.657533182288274,1.765,0.0,0.0,0.0017774712622402268,0.37013311749542516,0.003480181817131169,0.0,0.0,0.0,0.0008710884684053333,omni
-9.099909183758111,11.657616246447146,1.765,0.0,0.0,0.001794912731771837,0.3700501337207202,0.003492233278741803,0.0,0.0,0.0,0.0008720734765805319,unicycle
-9.092506655204035,11.657699518260328,1.765,0.0,0.0,0.0018124136419184367,0.37013333537203785,0.0034960008364186917,0.0,0.0,0.0,0.0008750455073299968,omni
-9.085105788215333,11.65778315123562,1.765,0.0,0.0,0.0018299325255374409,0.3700503512858476,0.0035077292147497378,0.0,0.0,0.0,0.0008759441809501878,unicycle
-9.077703258779493,11.657866985662654,1.765,0.0,0.0,0.0018475092509000865,0.37013355351894833,0.003511155374380795,0.0,0.0,0.0,0.0008788362681322783,omni
-9.070302390922462,11.657951175419223,1.765,0.0,0.0,0.0018651022621533136,0.3700505693876739,0.003522567289944463,0.0,0.0,0.0,0.0008796505626613533,unicycle
-9.06289986060947,11.658035560556005,1.765,0.0,0.0,0.0018827515490769926,0.3701337723603733,0.0035256598007334322,0.0,0.0,0.0,0.0008824643461839419,omni
-9.055498991885536,11.658120295295557,1.765,0.0,0.0,0.0019004154726871504,0.37005078831482,0.003536761753265884,0.0,0.0,0.0,0.0008831961805079149,unicycle
-9.048096460695286,11.6582052194724,1.765,0.0,0.0,0.0019181341380936367,0.3701339920753963,0.003539528217263627,0.0,0.0,0.0,0.0008859332703243121,omni
-9.04069559110294,11.658290487629188,1.765,0.0,0.0,0.0019358658286302926,0.3700510081575097,0.003550326585918903,0.0,0.0,0.0,0.000886584526832789,unicycle
-9.033293059033824,11.658375939406522,1.765,0.0,0.0,0.0019536507586896904,0.37013421268320185,0.0035527744589953707,0.0,0.0,0.0,0.0008892465029699308,omni
-9.025892188571211,11.658461729643019,1.765,0.0,0.0,0.0019714471392453833,0.3700512288777331,0.0035632755030091134,0.0,0.0,0.0,0.0008898190277845992,unicycle
-9.018489655622178,11.658547697807096,1.765,0.0,0.0,0.001989295288055401,0.3701344341007803,0.003565412096227216,0.0,0.0,0.0,0.0008924074405008941,omni
-9.011088784288724,11.658633999009746,1.765,0.0,0.0,0.002007153348931673,0.37005145035665826,0.00357562195594172,0.0,0.0,0.0,0.0008929030438135797,unicycle
-9.003686250460566,11.658720472568412,1.765,0.0,0.0,0.0020250617372087475,0.370134656181838,0.003577454437236606,0.0,0.0,0.0,0.0008954194138537731,omni
-8.996285378257975,11.658807273843381,1.765,0.0,0.0,0.002042978534615662,0.37005167242652587,0.003587379135399983,0.0,0.0,0.0,0.0008958398703456759,unicycle
-8.988882843554087,11.658894242021852,1.765,0.0,0.0,0.0020609442484010097,0.370134878742904,0.003588914531485587,0.0,0.0,0.0,0.0008982856892674483,omni
-8.98148197048691,11.65898153269086,1.765,0.0,0.0,0.0020789169031727537,0.3700518948919849,0.003598559974755618,0.0,0.0,0.0,0.0008986327385872179,unicycle
-8.974079434913705,11.659068984927588,1.765,0.0,0.0,0.002096937092555559,0.37013510158073387,0.0035998051731972354,0.0,0.0,0.0,0.0009010094691402266,omni
-8.966678560989635,11.659156754523776,1.765,0.0,0.0,0.002114962788884044,0.3700521175442598,0.0036091771537957455,0.0,0.0,0.0,0.0009012848164242616,unicycle
-8.959276024556724,11.659244680466356,1.765,0.0,0.0,0.0021330346667433817,0.37013532448381165,0.0036101389052010475,0.0,0.0,0.0,0.0009035938929668763,omni
-8.951875149786684,11.65933291873022,1.765,0.0,0.0,0.0021511106509311596,0.3700523401704624,0.0036192431026756565,0.0,0.0,0.0,0.0009037992093888786,unicycle
-8.944472612506916,11.659421308231357,1.765,0.0,0.0,0.0021692314916977847,0.3701355472398627,0.0036199280229656326,0.0,0.0,0.0,0.0009060420383312436,omni
-8.93707173690505,11.659510005106757,1.765,0.0,0.0,0.0021873550709312073,0.37005256255962776,0.003628770006025719,0.0,0.0,0.0,0.0009061789616711594,unicycle
-8.929669198794445,11.659598848220305,1.765,0.0,0.0,0.002205522209369928,0.3701357696406769,0.003629184578757185,0.0,0.0,0.0,0.000908356921936035,omni
-8.92226832237802,11.659687993850527,1.765,0.0,0.0,0.002223690750513149,0.3700527845065449,0.003637769807158067,0.0,0.0,0.0,0.0009084270571610383,unicycle
-8.914865783455651,11.659777280827598,1.765,0.0,0.0,0.002241901580526265,0.3701359914851252,0.003637920385874458,0.0,0.0,0.0,0.0009105415006558015,omni
-8.907464906244911,11.659866865551479,1.765,0.0,0.0,0.002260112508936414,0.3700530058141077,0.003646254212329616,0.0,0.0,0.0,0.0009105464205074817,unicycle
-8.900062366532742,11.659956586836607,1.765,0.0,0.0,0.0022783644823884614,0.3701362125809675,0.0036461470229228626,0.0,0.0,0.0,0.0009125986726023241,omni
-8.892661488550736,11.660046601184748,1.765,0.0,0.0,0.002296615280752179,0.37005322629468196,0.003654234695029107,0.0,0.0,0.0,0.000912539918185917,unicycle
-8.885258948073446,11.66013674741214,1.765,0.0,0.0,0.00231490590631607,0.3701364327458596,0.003653875838099633,0.0,0.0,0.0,0.0009145312781945289,omni
-8.877858069345855,11.66022718210317,1.765,0.0,0.0,0.0023331941135074094,0.370053445770819,0.0036617225002632658,0.0,0.0,0.0,0.0009144103595669653,unicycle
-8.870455528130641,11.660317744093014,1.765,0.0,0.0,0.002351520955531945,0.37013665180782773,0.003661117953467543,0.0,0.0,0.0,0.0009163421012267925,omni
-8.863054648685571,11.660408590029935,1.765,0.0,0.0,0.002369844165491566,0.3700536640755385,0.0036687286488225382,0.0,0.0,0.0,0.0009161604979810393,unicycle
-8.855652106761974,11.660499558784768,1.765,0.0,0.0,0.0023882048428901874,0.3701368696053983,0.0036678842692008055,0.0,0.0,0.0,0.0009180338699310614,omni
-8.848251226629783,11.660590807051358,1.765,0.0,0.0,0.00240656070352569,0.37005388105233583,0.0036752639415123193,0.0,0.0,0.0,0.0009177930317751349,unicycle
-8.840848684029483,11.660682173752516,1.765,0.0,0.0,0.0024249528886862806,0.3701370859875044,0.003674185467790765,0.0,0.0,0.0,0.0009196092580295358,omni
-8.833447803242581,11.660773815609808,1.765,0.0,0.0,0.002443339100793454,0.3700540965550083,0.003681338963338963,0.0,0.0,0.0,0.0009193106053586938,unicycle
-8.826045259999226,11.66086557161395,1.765,0.0,0.0,0.0024617605185089605,0.3701373008132503,0.003680032018202253,0.0,0.0,0.0,0.0009210708857753192,omni
-8.818644378591905,11.66095759849677,1.765,0.0,0.0,0.002480174834713694,0.37005431044737336,0.0036869640876429485,0.0,0.0,0.0,0.0009207158102366713,unicycle
-8.811241834740922,11.66104973533244,1.765,0.0,0.0,0.002498623261133281,0.37013751395159245,0.0036854341799743584,0.0,0.0,0.0,0.0009224213209793758,omni
-8.803840952749173,11.66114213884602,1.765,0.0,0.0,0.0025170634848538423,0.37005452260292,0.0036921494801734982,0.0,0.0,0.0,0.000922011186028041,unicycle
-8.796438408327608,11.661234648210307,1.765,0.0,0.0,0.0025355367464542896,0.37013772528096817,0.00369040200725996,0.0,0.0,0.0,0.0009236630800223466,omni
-8.789037525788961,11.66132742012695,1.765,0.0,0.0,0.002554000730883667,0.3700547329044227,0.003696905103100148,0.0,0.0,0.0,0.0009231992214688397,unicycle
-8.781634980835312,11.661420293882186,1.765,0.0,0.0,0.002572496703460675,0.3701379346888997,0.0036949453528012616,0.0,0.0,0.0,0.0009247986288504305,omni
-8.774234097788673,11.661513426138013,1.765,0.0,0.0,0.0025909823505686517,0.37005494124353927,0.0037012407189591207,0.0,0.0,0.0,0.0009242823553988025,unicycle
-8.766831551879376,11.66160665630975,1.765,0.0,0.0,0.0026094989571582255,0.3701381652395489,0.0036990738718390955,0.0,0.0,0.0,0.000925830329478669,omni
-8.759430666879965,11.661700141008762,1.765,0.0,0.0,0.002628004213947636,0.3700552217669544,0.003705166064296643,0.0,0.0,0.0,0.0009252628394705327,unicycle
-8.752028118105654,11.661793719793966,1.765,0.0,0.0,0.0026465394232895283,0.3701384911863671,0.0037027974568183803,0.0,0.0,0.0,0.0009267604670946243,omni
-8.744627229701079,11.661887549202932,1.765,0.0,0.0,0.0026650622846749695,0.37005557481824736,0.0037086907712210668,0.0,0.0,0.0,0.0009261430692720602,unicycle
-8.73722467724047,11.661981468948216,1.765,0.0,0.0,0.0026836141137473487,0.3701388580876407,0.003706125210233146,0.0,0.0,0.0,0.000927591453618979,omni
-8.729823785067845,11.662075635479805,1.765,0.0,0.0,0.002702152621879418,0.3700559458847772,0.003711823740390736,0.0,0.0,0.0,0.0009269254066034755,unicycle
-8.722421228885098,11.662169888678315,1.765,0.0,0.0,0.002720719134098925,0.3701392266345347,0.00370906601060716,0.0,0.0,0.0,0.0009283256109753373,omni
-8.715020333134955,11.662264384892184,1.765,0.0,0.0,0.0027392713767798765,0.3700563072595827,0.003714573827389721,0.0,0.0,0.0,0.0009276121340475834,unicycle
-8.707617773571956,11.662358964183753,1.765,0.0,0.0,0.0027578506805853915,0.3701395779054118,0.003711628660312594,0.0,0.0,0.0,0.0009289651902757608,omni
-8.700216874680752,11.662453782785969,1.765,0.0,0.0,0.0027764147899866274,0.3700566466110445,0.003716949787292102,0.0,0.0,0.0,0.0009282054700617698,unicycle
-8.692814312227567,11.66254868095598,1.765,0.0,0.0,0.002795005037660677,0.3701399044567704,0.0037138218428176707,0.0,0.0,0.0,0.0009295123837024812,omni
-8.685413410708488,11.66264381479745,1.765,0.0,0.0,0.002813579189227592,0.3700569600695395,0.0037189602420589175,0.0,0.0,0.0,0.0009287075783457709,unicycle
-8.678010845880577,11.662739024774936,1.765,0.0,0.0,0.002832178575865781,0.37014020498546285,0.0037156540981710985,0.0,0.0,0.0,0.0009299693319094697,omni
-8.670609942236245,11.662834466849246,1.765,0.0,0.0,0.0028507609873399216,0.3700572481299307,0.0037206136624410163,0.0,0.0,0.0,0.00092912057370702,unicycle
-8.663207375514167,11.662929981704552,1.765,0.0,0.0,0.00286936774991373,0.3701404812043945,0.003717133809970325,0.0,0.0,0.0,0.0009303381286904191,omni
-8.65580647019665,11.6630257251455,1.765,0.0,0.0,0.002887956680429645,0.37005751328820014,0.00372191835892914,0.0,0.0,0.0,0.0009294465257957512,unicycle
-8.648403902001167,11.66312153808773,1.765,0.0,0.0,0.0029065690969094457,0.37014073607173825,0.0037182691994172537,0.0,0.0,0.0,0.0009306208239900504,omni
-8.641002995398196,11.663217576166705,1.765,0.0,0.0,0.002925162846140532,0.3700577587300535,0.0037228824782226965,0.0,0.0,0.0,0.0009296874615542846,unicycle
-8.633600426084541,11.663313680541059,1.765,0.0,0.0,0.002943779234658931,0.37014097283383757,0.0037190683236404828,0.0,0.0,0.0,0.0009308194259199537,omni
-8.626199518519446,11.66341000666437,1.765,0.0,0.0,0.002962376141996883,0.37005798764544756,0.00372351400297124,0.0,0.0,0.0,0.0009298453668975899,unicycle
-8.618796948381133,11.663506395949474,1.765,0.0,0.0,0.0029809948600405364,0.37014119454653055,0.0037195390765042196,0.0,0.0,0.0,0.0009309359021826522,omni
-8.611396040119228,11.663603003655663,1.765,0.0,0.0,0.0029995933037993312,0.37005820290606195,0.003723820753383682,0.0,0.0,0.0,0.0009299221879397573,unicycle
-8.603993469396007,11.663699671460906,1.765,0.0,0.0,0.003018212747422304,0.37014140386935923,0.0037196891907997423,0.0,0.0,0.0,0.0009309721811485933,omni
-8.596592560653356,11.663796554418106,1.765,0.0,0.0,0.00303681114406143,0.37005840694572467,0.003723810389843081,0.0,0.0,0.0,0.0009299198319562984,unicycle
-8.589189989540294,11.66389349448102,1.765,0.0,0.0,0.0030554297471160913,0.37014160300870064,0.0037195262411512807,0.0,0.0,0.0,0.0009309301527330895,omni
-8.581789080492742,11.66399064648437,1.765,0.0,0.0,0.0030740265504800067,0.3700586017482485,0.003723490416012323,0.0,0.0,0.0,0.0009298401681957905,unicycle
-8.574386509148917,11.664087852668066,1.765,0.0,0.0,0.0030926427838632153,0.3701417937366234,0.0037190576472426536,0.0,0.0,0.0,0.0009308116691604248,omni
-8.566985599940299,11.66418526763716,1.765,0.0,0.0,0.0031112364844353654,0.37005878888699373,0.003722868182132069,0.0,0.0,0.0,0.0009296850286075108,unicycle
-8.55958302849646,11.664282733927822,1.765,0.0,0.0,0.0031298488553486805,0.37014197744346383,0.0037182906771403264,0.0,0.0,0.0,0.0009306185456657387,omni
-8.552182119245641,11.664380405904227,1.765,0.0,0.0,0.003148437979519145,0.37005896958479306,0.003721950888345374,0.0,0.0,0.0,0.0009294562085232123,unicycle
-8.544779547810592,11.664478126408659,1.765,0.0,0.0,0.0031670450307424132,0.37014215520099486,0.0037172324505935226,0.0,0.0,0.0,0.000930352561163412,omni
-8.537378638617215,11.664576049553505,1.765,0.0,0.0,0.003185628140088706,0.37005914477745167,0.003720745587964241,0.0,0.0,0.0,0.0009291554673146749,unicycle
-8.529976067282965,11.664674018496733,1.765,0.0,0.0,0.0032042284492666624,0.3701423278242488,0.0037158899422523413,0.0,0.0,0.0,0.000930015458897823,omni
-8.522575158232044,11.664772187088317,1.765,0.0,0.0,0.003222804139847428,0.37005931517256585,0.0037192591906388163,0.0,0.0,0.0,0.0009287845290382474,unicycle
-8.515172587077858,11.664870398811262,1.765,0.0,0.0,0.003241396318789116,0.37014249592651144,0.003714269984779668,0.0,0.0,0.0,0.0009296089470843957,omni
-8.507771678243326,11.664968807242762,1.765,0.0,0.0,0.003259963220450555,0.37005948130024496,0.0037174984654166337,0.0,0.0,0.0,0.0009283450830720072,unicycle
-8.500369107338852,11.66506725619994,1.765,0.0,0.0,0.0032785459144414495,0.3701426599655925,0.0037123792718530934,0.0,0.0,0.0,0.0009291346995447584,omni
-8.492968198786302,11.665165898977126,1.765,0.0,0.0,0.003297102690136409,0.3700596435549402,0.003715470043692786,0.0,0.0,0.0,0.000927838784747946,unicycle
-8.485565628193946,11.665264579734416,1.765,0.0,0.0,0.0033156745772631524,0.37014282028135326,0.003710224361059583,0.0,0.0,0.0,0.0009285943563371653,omni
-8.478164719982688,11.665363451473445,1.765,0.0,0.0,0.0033342199223827373,0.37005980222889595,0.00371318042205707,0.0,0.0,0.0,0.000927267255979246,unicycle
-8.470762149759391,11.665462358705897,1.765,0.0,0.0,0.003352779712870379,0.3701429771253565,0.003707811676692897,0.0,0.0,0.0,0.0009279895243820597,omni
-8.463361241943986,11.665561454131142,1.765,0.0,0.0,0.0033713123545880373,0.37005995753830184,0.0037106359650485136,0.0,0.0,0.0,0.000926632085882899,unicycle
-8.455958672142545,11.665660582620832,1.765,0.0,0.0,0.003389858790149688,0.370143130683834,0.003705147512462363,0.0,0.0,0.0,0.0009273217780825117,omni
-8.44855776477394,11.66575989656276,1.765,0.0,0.0,0.003408377486777615,0.37006010964338487,0.0037078429078257966,0.0,0.0,0.0,0.0009259348313963728,unicycle
-8.441155195443992,11.66585924119669,1.765,0.0,0.0,0.003426909339976382,0.37014328109520106,0.003702238034122429,0.0,0.0,0.0,0.0009265926599383292,omni
-8.433754288570345,11.665958768589768,1.765,0.0,0.0,0.0034454128803341403,0.37006025866362874,0.0037048073587625137,0.0,0.0,0.0,0.0009251770178879008,unicycle
-8.426351719759053,11.66605832435781,1.765,0.0,0.0,0.0034639289539572073,0.3701434284632436,0.0036990892820306454,0.0,0.0,0.0,0.0009258036811533479,omni
-8.418950813426349,11.666158060238482,1.765,0.0,0.0,0.0034824161567523944,0.37006040468916923,0.0037015353019744443,0.0,0.0,0.0,0.0009243601397593143,unicycle
-8.411548245178931,11.666257822231357,1.765,0.0,0.0,0.003500915283197091,0.3701435728669397,0.0036957071736412163,0.0,0.0,0.0,0.0009249563222348471,omni
-8.404147339431393,11.666357761736034,1.765,0.0,0.0,0.003519384996417907,0.3700605477892392,0.0036980325997849357,0.0,0.0,0.0,0.0009234856610407742,unicycle
-8.396744771791472,11.66645772514334,1.765,0.0,0.0,0.0035378660370895994,0.3701437143677049,0.0036920975059386786,0.0,0.0,0.0,0.0009240520335846063,omni
-8.389343866671886,11.666557863506442,1.765,0.0,0.0,0.0035563171374091373,0.3700606880183706,0.0036943049951328427,0.0,0.0,0.0,0.0009225550159769134,unicycle
-8.381941299681761,11.666658023614715,1.765,0.0,0.0,0.0035747789821307593,0.37014385301468994,0.0036882659578168294,0.0,0.0,0.0,0.0009230922360810919,omni
-8.374540395231687,11.666758356166758,1.765,0.0,0.0,0.0035932103743228365,0.37006082542091184,0.0036903581139274126,0.0,0.0,0.0,0.0009215696096038429,unicycle
-8.36713782893251,11.66685870835757,1.765,0.0,0.0,0.0036116519407558842,0.3701439888486246,0.0036842180924058095,0.0,0.0,0.0,0.0009220783216523696,omni
-8.35973692519243,11.66695923052327,1.765,0.0,0.0,0.003630062557122221,0.3700609600342903,0.003686197467352683,0.0,0.0,0.0,0.0009205308183168658,unicycle
-8.352334359624326,11.667059770271365,1.765,0.0,0.0,0.0036484827901990115,0.3701441219045813,0.0036799593593502093,0.0,0.0,0.0,0.0009210116538395214,omni
-8.344933456633749,11.667160477567803,1.765,0.0,0.0,0.00366687159000758,0.3700610918913489,0.0036818284541242276,0.0,0.0,0.0,0.00091943999042843,unicycle
-8.337530891835916,11.667261200439281,1.765,0.0,0.0,0.0036852694613745854,0.3701442522139463,0.003675495097040841,0.0,0.0,0.0,0.0009198935683502756,omni
-8.330129989633459,11.667362088474087,1.765,0.0,0.0,0.003703635430308914,0.37006122102200534,0.003677256362700233,0.0,0.0,0.0,0.000918298446716445,unicycle
-8.322727425644217,11.667462990124603,1.765,0.0,0.0,0.003722009937780973,0.37014437980581233,0.0036708305348012063,0.0,0.0,0.0,0.0009187253736029462,omni
-8.31532652426764,11.667564054594184,1.765,0.0,0.0,0.0037403520874002283,0.3700613474544177,0.0036724863734480333,0.0,0.0,0.0,0.0009171074809627705,unicycle
-8.307923961124468,11.6676651307672,1.765,0.0,0.0,0.0037587022544254374,0.37014450470795174,0.0036659707950305663,0.0,0.0,0.0,0.0009175083512604713,omni
-8.300523060610713,11.667766367455002,1.765,0.0,0.0,0.0037770196216350737,0.3700614712157935,0.0036675235607679336,0.0,0.0,0.0,0.0009158683604818073,unicycle
-8.29312049835028,11.66786761398006,1.765,0.0,0.0,0.003795344496770166,0.37014462694748596,0.0036609208953047863,0.0,0.0,0.0,0.0009162437567546095,omni
-8.28571959873549,11.667969018754855,1.765,0.0,0.0,0.0038136361433029537,0.3700615923329417,0.0036623728951750934,0.0,0.0,0.0,0.0009145823266393658,unicycle
-8.278317037393668,11.668070431545896,1.765,0.0,0.0,0.0038319347996989615,0.3701447465513389,0.00365568575043555,0.0,0.0,0.0,0.0009149328198004035,omni
-8.270916138713195,11.668172000360116,1.765,0.0,0.0,0.0038501998116061966,0.3700617108326429,0.003657039245340622,0.0,0.0,0.0,0.0009132505953617486,unicycle
-8.263513578325071,11.668273575413819,1.765,0.0,0.0,0.0038684713465042156,0.37014486354653625,0.003650270174490037,0.0,0.0,0.0,0.0009135767449009267,omni
-8.256112680613489,11.668375304301911,1.765,0.0,0.0,0.0038867088336569217,0.3700618267418883,0.00365152738009328,0.0,0.0,0.0,0.0009118743576352858,unicycle
-8.248710121213364,11.668477037696077,1.765,0.0,0.0,0.0039049523678937716,0.3701449779603949,0.003644678882770817,0.0,0.0,0.0,0.0009121767118424991,omni
-8.241309224504464,11.668578922772898,1.765,0.0,0.0,0.003923161463493699,0.37006194008802773,0.003645841970381752,0.0,0.0,0.0,0.0009104547799963005,unicycle
-8.233906666125865,11.668680810664855,1.765,0.0,0.0,0.0039413761410173045,0.3701450898206352,0.003638916493757213,0.0,0.0,0.0,0.0009107338761803973,omni
-8.226505770452675,11.66878284812409,1.765,0.0,0.0,0.003959556001117539,0.370062050898853,0.0036399875911989196,0.0,0.0,0.0,0.0009089930050117186,unicycle
-8.219103213128346,11.668884886749137,1.765,0.0,0.0,0.003977740988511845,0.37014519915544103,0.003632987531009108,0.0,0.0,0.0,0.0009092493697152558,omni
-8.211702318523107,11.66898707286176,1.765,0.0,0.0,0.003995890791546852,0.3700621592026374,0.003633968723468823,0.0,0.0,0.0,0.0009074901517503914,unicycle
-8.204299762285022,11.669089258531628,1.765,0.0,0.0,0.004014045277566058,0.3701453059934821,0.0036268964250336503,0.0,0.0,0.0,0.000907724300960263,omni
-8.19689886877921,11.66919158964438,1.765,0.0,0.0,0.004032164223890964,0.37006226502814465,0.0036277897558967243,0.0,0.0,0.0,0.0009059473162453506,unicycle
-8.189496313658559,11.669293918745746,1.765,0.0,0.0,0.004050287419002952,0.3701454103639125,0.003620647515115397,0.0,0.0,0.0,0.0009061597555993752,omni
-8.182095421282874,11.669396391279653,1.765,0.0,0.0,0.004068374730441897,0.3700623684046178,0.0036214549867832407,0.0,0.0,0.0,0.0009043655719471684,unicycle
-8.174692867310078,11.66949886027266,1.765,0.0,0.0,0.00408646586638063,0.37014551229635057,0.0036142450511114166,0.0,0.0,0.0,0.0009045567969366442,omni
-8.167291976094448,11.669601470721567,1.765,0.0,0.0,0.004104520785783997,0.3700624693617536,0.0036149686258033623,0.0,0.0,0.0,0.0009027459701684185,unicycle
-8.159889423299154,11.669704076138382,1.765,0.0,0.0,0.004122579115110735,0.3701456118208505,0.0036076931952107503,0.0,0.0,0.0,0.0009029164663367936,omni
-8.152488533272736,11.669806821067533,1.765,0.0,0.0,0.004140600905921128,0.37006256792966985,0.003608334795750476,0.0,0.0,0.0,0.0009010895405196551,unicycle
-8.145085981683815,11.669909559510945,1.765,0.0,0.0,0.004158625701594275,0.3701457089678652,0.0036009960236603102,0.0,0.0,0.0,0.0009012397836573314,omni
-8.137685092875,11.670012435555577,1.765,0.0,0.0,0.00417661364742101,0.37006266413886635,0.0036015575342470056,0.0,0.0,0.0,0.0008993972913368216,unicycle
-8.130282542520554,11.670115303697594,1.765,0.0,0.0,0.0041946042023744525,0.3701458037682066,0.003594157528456943,0.0,0.0,0.0,0.0008995277476721474,omni
-8.122881654956963,11.670218307561562,1.765,0.0,0.0,0.004212557606576458,0.37006275802018407,0.003594640795421307,0.0,0.0,0.0,0.000897670210100324,unicycle
-8.115479105864328,11.670321302142064,1.765,0.0,0.0,0.0042305132333061955,0.37014589625300404,0.003587181619006248,0.0,0.0,0.0,0.0008977813364868845,omni
-8.108078219572821,11.670424430596496,1.765,0.0,0.0,0.004248431418583115,0.37006284960476293,0.0035875884515518806,0.0,0.0,0.0,0.0008959092638459668,unicycle
-8.100675671768567,11.670527548421898,1.765,0.0,0.0,0.004266351448742041,0.37014598645366154,0.0035800721237494245,0.0,0.0,0.0,0.0008960015079462292,omni
-8.093274786775243,11.670630798303872,1.765,0.0,0.0,0.0042842337567333974,0.37006293892399933,0.003580404294679812,0.0,0.0,0.0,0.000894115399567871,unicycle
-8.085872240285179,11.670734036245815,1.765,0.0,0.0,0.004302117540734062,0.37014607440181585,0.003572832791758308,0.0,0.0,0.0,0.0008941892000332736,omni
-8.078471356615383,11.670837404457066,1.765,0.0,0.0,0.004319963331626334,0.3700630260095046,0.0035730920381896003,0.0,0.0,0.0,0.0008922895446135904,unicycle
-8.071068811464562,11.670940759451144,1.765,0.0,0.0,0.004337810238251558,0.37014616012929624,0.0035654672942992648,0.0,0.0,0.0,0.0008923453312611164,omni
-8.063667929142884,11.671044242956787,1.765,0.0,0.0,0.004355618890392987,0.37006311089306554,0.0035656553183592535,0.0,0.0,0.0,0.0008904326070714809,unicycle
-8.056265385355612,11.67114771200128,1.765,0.0,0.0,0.004373428306414121,0.3701462436680847,0.0035579792263667753,0.0,0.0,0.0,0.000890470801056758,omni
-8.048864504405904,11.671251307828577,1.765,0.0,0.0,0.0043911992159371286,0.37006319360660483,0.003558097695880243,0.0,0.0,0.0,0.000888545476150445,unicycle
-8.041461962005737,11.671354887983226,1.765,0.0,0.0,0.004408970545739879,0.3701463250502776,0.0035503721081870184,0.0,0.0,0.0,0.0008885664901375233,omni
-8.034061082451105,11.67145859322035,1.765,0.0,0.0,0.004426703126190927,0.3700632741821447,0.0035504226573476344,0.0,0.0,0.0,0.0008866290225524178,unicycle
-8.026658541460865,11.671562281605148,1.765,0.0,0.0,0.004444435791408531,0.37014640430805107,0.003542649386691904,0.0,0.0,0.0,0.000886633260880211,omni
-8.019257663323687,11.6716660934,1.765,0.0,0.0,0.004462129473385281,0.37006335265177187,0.0035426336167211866,0.0,0.0,0.0,0.0008846840988374526,unicycle
-8.011855123765462,11.671769887194005,1.765,0.0,0.0,0.004479822912538941,0.37014648147362544,0.0035348144369648196,0.0,0.0,0.0,0.0008846719576829344,omni
-8.004454247067388,11.671873802753025,1.765,0.0,0.0,0.004497477143334577,0.3700634290476034,0.0035347339167582045,0.0,0.0,0.0,0.0008827115397817404,unicycle
-7.997051708962543,11.671977699193203,1.765,0.0,0.0,0.004515130811480976,0.3701465565792336,0.0035268705636578405,0.0,0.0,0.0,0.0008826834073199756,omni
-7.989650833724502,11.672081715780235,1.765,0.0,0.0,0.00453274505473555,0.3700635034017565,0.0035267268304181856,0.0,0.0,0.0,0.0008807121627286447,unicycle
-7.982248297093682,11.672185712160319,1.765,0.0,0.0,0.004550358423121343,0.3701466296570904,0.00351882100238152,0.0,0.0,0.0,0.0008806684192896757,omni
-7.974847423335893,11.672289827095467,1.765,0.0,0.0,0.004567932158479998,0.37006357574631776,0.00351861556224018,0.0,0.0,0.0,0.000878686767932829,unicycle
-7.967444888199037,11.672393920764838,1.765,0.0,0.0,0.004585504714203109,0.370146700739364,0.0035106689210672097,0.0,0.0,0.0,0.0008786277861555098,omni
-7.960044015941018,11.67249813142337,1.765,0.0,0.0,0.0046030374369810615,0.3700636461133164,0.00351040324969316,0.0,0.0,0.0,0.0008766361388976983,unicycle
-7.95264148231736,11.672602319785971,1.765,0.0,0.0,0.004620568682658672,0.37014676985814876,0.0035024174213033484,0.0,0.0,0.0,0.0008765622838805503,omni
-7.945240611577933,11.672706623597225,1.765,0.0,0.0,0.0046380599035127975,0.37006371453469655,0.0035020929645003733,0.0,0.0,0.0,0.0008745610427062894,unicycle
-7.937838079486018,11.672810904110477,1.765,0.0,0.0,0.004655549356955907,0.37014683704543977,0.0034940695396452567,0.0,0.0,0.0,0.0008744726721553903,omni
-7.93043721028332,11.672915298556807,1.765,0.0,0.0,0.004672998601562819,0.3700637810422948,0.0034936877139374353,0.0,0.0,0.0,0.0008724622303456256,unicycle
-7.923034679741007,11.673019668730563,1.765,0.0,0.0,0.004690445795457209,0.37014690233311004,0.0034856282488994264,0.0,0.0,0.0,0.0008723596947196201,omni
-7.915633812092496,11.673124151346288,1.765,0.0,0.0,0.004707852604197706,0.3700638456678155,0.003485190442105357,0.0,0.0,0.0,0.000870340437024782,unicycle
-7.908231283116971,11.6732286087418,1.765,0.0,0.0,0.0047252570857912474,0.3701469657528873,0.0034770964593830327,0.0,0.0,0.0,0.0008702240796770824,omni
-7.9008304170394394,11.673333177112186,1.765,0.0,0.0,0.004742621013440982,0.3700639084428103,0.003476604031178799,0.0,0.0,0.0,0.0008681963824867587,unicycle
-7.893427889647224,11.673437719341093,1.765,0.0,0.0,0.004759982344237081,0.3701470273363341,0.0034684770201586254,0.0,0.0,0.0,0.0008680665398049697,omni
-7.886027025156805,11.673542371101345,1.765,0.0,0.0,0.004777302959663366,0.370063969398658,0.0034679313026297325,0.0,0.0,0.0,0.0008660307713142571,unicycle
-7.878624499363763,11.673646995824681,1.765,0.0,0.0,0.004794620715120502,0.3701470871148284,0.00345977272024466,0.0,0.0,0.0,0.0008658877728568448,omni
-7.871223636475941,11.67375172865896,1.765,0.0,0.0,0.00481189760098509,0.37006402856654563,0.0034591750184272104,0.0,0.0,0.0,0.0008638442932293902,unicycle
-7.863821112297293,11.673856433586177,1.765,0.0,0.0,0.004829171370222283,0.37014714511954516,0.0034509862898023987,0.0,0.0,0.0,0.0008636884618596967,omni
-7.856420251026914,11.673961245226641,1.765,0.0,0.0,0.0048464041226900356,0.3700640859774516,0.0034503378822138475,0.0,0.0,0.0,0.000861637623387603,unicycle
-7.849017728477244,11.674066028114664,1.765,0.0,0.0,0.004863633508198141,0.3701472013814408,0.0034421204012999606,0.0,0.0,0.0,0.0008614692754053076,omni
-7.841616868838525,11.674170916340518,1.765,0.0,0.0,0.004880821736651461,0.3700641416621297,0.0034414225404595716,0.0,0.0,0.0,0.0008594114226659715,unicycle
-7.83421434793179,11.674275774992804,1.765,0.0,0.0,0.0048980063540101796,0.37014725593123665,0.0034331776706536463,0.0,0.0,0.0,0.0008592308679359499,omni
-7.82681348993833,11.674380737629374,1.765,0.0,0.0,0.0049151496807690945,0.3700641956510934,0.0034324315835926812,0.0,0.0,0.0,0.0008571663379457354,unicycle
-7.819410970687875,11.674485669894993,1.765,0.0,0.0,0.0049322891583695825,0.3701473087994053,0.003424160658346699,0.0,0.0,0.0,0.0008569738800243646,omni
-7.812010114352663,11.674590704812815,1.765,0.0,0.0,0.004949387218417367,0.3700642479746033,0.003423367547108623,0.0,0.0,0.0,0.0008549030023892689,unicycle
-7.804607596771225,11.674695708585556,1.765,0.0,0.0,0.004966481197190333,0.37014736001615767,0.0034150718705262127,0.0,0.0,0.0,0.0008546989386483065,omni
-7.797206742106653,11.674800813699488,1.765,0.0,0.0,0.004983533637904568,0.37006429866265406,0.003414232912657284,0.0,0.0,0.0,0.0008526220357117362,unicycle
-7.789804226206374,11.67490588691698,1.765,0.0,0.0,0.005000581771053765,0.37014740961143067,0.003405913760078958,0.0,0.0,0.0,0.0008524066574598195,omni
-7.782403373224245,11.675011060185325,1.765,0.0,0.0,0.005017588251942715,0.3700643477449625,0.0034050301091092523,0.0,0.0,0.0,0.0008503240444474931,unicycle
-7.775000859016684,11.67511620082816,1.765,0.0,0.0,0.005034590204683699,0.37014745761487583,0.003396688727686055,0.0,0.0,0.0,0.0008500976370492,omni
-7.767600007728225,11.675221440251814,1.765,0.0,0.0,0.005051550397127921,0.3700643952509571,0.0033957615136010018,0.0,0.0,0.0,0.0008480096222111038,unicycle
-7.760197495224368,11.675326646342711,1.765,0.0,0.0,0.005068505846431997,0.3701475040558498,0.0033873991228568733,0.0,0.0,0.0,0.0008477724652037255,omni
-7.75279664533133,11.675431949968521,1.765,0.0,0.0,0.005085419433431065,0.37006445665605103,0.0033864295843176536,0.0,0.0,0.0,0.0008456793499534088,unicycle
-7.745394133294229,11.675537219584529,1.765,0.0,0.0,0.005102328066693245,0.3701476113343023,0.003378047579346729,0.0,0.0,0.0,0.0008454316631089676,omni
-7.737993282853179,11.675642585512671,1.765,0.0,0.0,0.005119194739873776,0.3700646142226368,0.0033770367973425513,0.0,0.0,0.0,0.0008433336590265052,unicycle
-7.730590769649032,11.675747916770801,1.765,0.0,0.0,0.005136056254110593,0.37014779929387076,0.0033686362152303886,0.0,0.0,0.0,0.0008430757118409219,omni
-7.723189917696219,11.675853343132232,1.765,0.0,0.0,0.005152875717306747,0.37006481896592053,0.003367585157676024,0.0,0.0,0.0,0.0008409731598077507,unicycle
-7.715787402849951,11.675958734180092,1.765,0.0,0.0,0.005169689822382221,0.37014800999775016,0.0033591670707119356,0.0,0.0,0.0,0.0008407052537736868,omni
-7.708386549259822,11.676064219138537,1.765,0.0,0.0,0.005186461791652331,0.3700650289764249,0.0033580767308620985,0.0,0.0,0.0,0.0008385984635054646,unicycle
-7.700984032889621,11.676169668158009,1.765,0.0,0.0,0.00520322820916858,0.37014821378360757,0.0033496422218139347,0.0,0.0,0.0,0.0008383208758125099,omni
-7.6935831779441335,11.676275209912596,1.765,0.0,0.0,0.005219952411895473,0.37006522387971097,0.0033485135986966942,0.0,0.0,0.0,0.0008362101363447084,unicycle
-7.68618066043609,11.67638071512166,1.765,0.0,0.0,0.005236670874456461,0.3701483972576587,0.0033400637455488938,0.0,0.0,0.0,0.000835923128049328,omni
-7.678779804581325,11.67648631190809,1.765,0.0,0.0,0.005253347048738818,0.3700653954711646,0.003338897832054101,0.0,0.0,0.0,0.0008338087141179108,unicycle
-7.67137728640955,11.676591871561474,1.765,0.0,0.0,0.00527001729944057,0.37014855602073715,0.0033304336989171067,0.0,0.0,0.0,0.0008335125350876201,omni
-7.663976430124764,11.676697521652299,1.765,0.0,0.0,0.0052866451936601794,0.3700655420939675,0.0033292314748260585,0.0,0.0,0.0,0.0008313947109804732,unicycle
-7.656573911757919,11.676803134041487,1.765,0.0,0.0,0.005303266985717313,0.37014869034740416,0.0033207541067859997,0.0,0.0,0.0,0.000831089602856728,omni
-7.649173055490579,11.67690883574589,1.765,0.0,0.0,0.005319846358211653,0.3700656653398532,0.003319516534922322,0.0,0.0,0.0,0.0008289686247169414,unicycle
-7.6417705373484015,11.677014499198718,1.765,0.0,0.0,0.0053364194546650645,0.37014880268609984,0.00331102695535018,0.0,0.0,0.0,0.000828654822670632,omni
-7.634369681486755,11.677120250861984,1.765,0.0,0.0,0.00535295007346228,0.3700657681723084,0.0033097549796535257,0.0,0.0,0.0,0.0008265309398608043,unicycle
-7.626967163924456,11.677225963742048,1.765,0.0,0.0,0.005369474246934666,0.37014889626580966,0.003301254189006767,0.0,0.0,0.0,0.0008262086736192769,omni
-7.619566308790499,11.677331763744917,1.765,0.0,0.0,0.0053859558895251155,0.3700658539065094,0.0032999487337559675,0.0,0.0,0.0,0.000824082129522466,unicycle
-7.612163792097821,11.677437524450859,1.765,0.0,0.0,0.005402430922004371,0.37014897436252797,0.0032914377092561706,0.0,0.0,0.0,0.000823751623962801,omni
-7.604762937950566,11.677543371208781,1.765,0.0,0.0,0.005418863375133387,0.37006592569424757,0.0032900996789526093,0.0,0.0,0.0,0.0008216226564507384,unicycle
-7.5973604223578475,11.677649178173553,1.765,0.0,0.0,0.0054352890577721745,0.37014903994942655,0.0032815793747524432,0.0,0.0,0.0,0.0008212841319393479,omni
-7.589959569401121,11.677755070135948,1.765,0.0,0.0,0.005451672117245136,0.37006598629789744,0.0032802096543618126,0.0,0.0,0.0,0.0008191529736480405,unicycle
-7.582557055088038,11.67786092182606,1.765,0.0,0.0,0.005468048250169845,0.3701490955624955,0.0032716810019670015,0.0,0.0,0.0,0.0008188066462355056,omni
-7.575156203479617,11.677966857475564,1.765,0.0,0.0,0.005484381720664496,0.37006603802295374,0.003270280457338302,0.0,0.0,0.0,0.0008166735247325487,unicycle
-7.567753690584323,11.678072752390346,1.765,0.0,0.0,0.005500708112789872,0.37014914328098153,0.0032617443661455813,0.0,0.0,0.0,0.0008163196062688472,omni
-7.560352840444799,11.678178730242093,1.765,0.0,0.0,0.005516991807673123,0.37006608273190916,0.0032603138445026223,0.0,0.0,0.0,0.0008141847441625334,unicycle
-7.552950329072336,11.678284666912983,1.765,0.0,0.0,0.005533268276520543,0.37014918476378683,0.003251771202375658,0.0,0.0,0.0,0.000813823442370879,omni
-7.5455494804929595,11.678390685513897,1.765,0.0,0.0,0.005549502017668342,0.3700661218950135,0.0032503115328232977,0.0,0.0,0.0,0.0008116870573900675,unicycle
-7.538146970722481,11.678496662503745,1.765,0.0,0.0,0.005565728389186768,0.37014922130856037,0.0032417632066645457,0.0,0.0,0.0,0.0008113185759212388,omni
-7.530746123771753,11.678602720431853,1.765,0.0,0.0,0.005581912006806414,0.37006615665331155,0.003240275200680552,0.0,0.0,0.0,0.0008091808809823676,unicycle
-7.523343615662478,11.67870873633426,1.765,0.0,0.0,0.005598088115195648,0.3701492539155581,0.0032317220369796474,0.0,0.0,0.0,0.0008088054194617146,omni
-7.515942770391481,11.678814832198045,1.765,0.0,0.0,0.005614221447650286,0.37006618788115936,0.0032302064888796653,0.0,0.0,0.0,0.0008066666227319007,unicycle
-7.508540263987451,11.678920885636714,1.765,0.0,0.0,0.005630347135186394,0.37014928334736796,0.003221649314230987,0.0,0.0,0.0,0.0008062843768054221,omni
-7.501139420434067,11.679027018074477,1.765,0.0,0.0,0.005646430028821717,0.37006621624224806,0.0032201070016028024,0.0,0.0,0.0,0.0008041446817661094,unicycle
-7.49373691576786,11.679133107702588,1.765,0.0,0.0,0.005662505145684687,0.3701493101807204,0.0032115466231909936,0.0,0.0,0.0,0.0008037558431485259,omni
-7.48633607396004,11.679239275381837,1.765,0.0,0.0,0.005678537454657917,0.3700662422369751,0.0032099783072991987,0.0,0.0,0.0,0.0008016154486614857,unicycle
-7.478933571055637,11.679345399881448,1.765,0.0,0.0,0.005694561858761668,0.37014933484939827,0.003201415513355301,0.0,0.0,0.0,0.0008012202051875063,omni
-7.471532731013898,11.679451601498291,1.765,0.0,0.0,0.005710543444872946,0.370066266241012,0.003199821939519554,0.0,0.0,0.0,0.0007990793055639225,unicycle
-7.464130229888851,11.679557759579744,1.765,0.0,0.0,0.005726517001697804,0.37014935767867324,0.003191257499751276,0.0,0.0,0.0,0.0007986778412428478,omni
-7.456729391628155,11.679663993858325,1.765,0.0,0.0,0.005742447734224109,0.3700662885358768,0.003189639397702068,0.0,0.0,0.0,0.0007965366263152433,unicycle
-7.449326892295224,11.679770184259683,1.765,0.0,0.0,0.005758370316651878,0.3701493789123136,0.003181074063702257,0.0,0.0,0.0,0.0007961291213885018,omni
-7.441926055826396,11.679876449951601,1.765,0.0,0.0,0.005774250072183579,0.3700663093326896,0.0031794321479176836,0.0,0.0,0.0,0.0007939877765850126,unicycle
-7.434523558294761,11.67998267143808,1.765,0.0,0.0,0.0057901215603353,0.3701493987333995,0.0031708666535540664,0.0,0.0,0.0,0.0007935744075860779,omni
-7.427122723625531,11.68008896732185,1.765,0.0,0.0,0.00580595022261543,0.3700663287903486,0.00316920162358076,0.0,0.0,0.0,0.0007914331140065008,unicycle
-7.419720227901692,11.68019521868528,1.765,0.0,0.0,0.005821770503691884,0.3701494172801454,0.003160636685370096,0.0,0.0,0.0,0.0007910140538226762,omni
-7.412319395037469,11.680301543565786,1.765,0.0,0.0,0.005837547963458201,0.3700663470292649,0.0031589492261312976,0.0,0.0,0.0,0.000788872988315839,unicycle
-7.404916901125908,11.68040782362408,1.765,0.0,0.0,0.005853316931583227,0.3701494346577914,0.0031503855436007303,0.0,0.0,0.0,0.0007884484062512497,omni
-7.397516070070344,11.68051417633205,1.765,0.0,0.0,0.005869043086413086,0.3700663641416348,0.0031486763256935555,0.0,0.0,0.0,0.0007863077414929443,unicycle
-7.3901135779740095,11.680620483928685,1.765,0.0,0.0,0.005884760642479732,0.37014945094745966,0.003140114581730722,0.0,0.0,0.0,0.00078587780333228,omni
-7.382712748729411,11.680726863320176,1.765,0.0,0.0,0.0059004353966378015,0.3700663801990593,0.0031383842617141665,0.0,0.0,0.0,0.0007837377079035156,unicycle
-7.375310258450071,11.680833197323674,1.765,0.0,0.0,0.005916101448157325,0.3701494662126963,0.003129825122907592,0.0,0.0,0.0,0.000783302575976095,omni
-7.367909431017707,11.68093960227957,1.765,0.0,0.0,0.0059317247124461465,0.3700663952581516,0.003128074343582543,0.0,0.0,0.0,0.0007811632144411497,unicycle
-7.360506942556205,11.68104596158301,1.765,0.0,0.0,0.005947339173399846,0.3701494805042716,0.00311951846055339,0.0,0.0,0.0,0.0007807230476850011,omni
-7.353106116936522,11.681152391008522,1.765,0.0,0.0,0.005962910865013229,0.3700664093646408,0.003117747851235703,0.0,0.0,0.0,0.0007785845806691195,unicycle
-7.345703630292966,11.681258774529045,1.765,0.0,0.0,0.005978473655707123,0.3701494938636826,0.003109195858961933,0.0,0.0,0.0,0.0007781395346947345,omni
-7.338302806485747,11.681365227353234,1.765,0.0,0.0,0.005993993698086344,0.3700664225563562,0.0031074060357492096,0.0,0.0,0.0,0.0007760021189610352,unicycle
-7.330900321659644,11.681471634031562,1.765,0.0,0.0,0.006009504745008637,0.3701495063256932,0.00309885855388254,0.0,0.0,0.0,0.0007755523461146574,omni
-7.323499499664127,11.681578109206855,1.765,0.0,0.0,0.006024973067701443,0.37006643486538804,0.0030970501199150454,0.0,0.0,0.0,0.0007734161346403093,unicycle
-7.31609701665448,11.68168453800683,1.765,0.0,0.0,0.006040432303382775,0.3701495179201703,0.0030885077530911904,0.0,0.0,0.0,0.0007729617840665557,omni
-7.308696196469441,11.68179103450856,1.765,0.0,0.0,0.006055848841905131,0.3700664463196457,0.0030866812988074644,0.0,0.0,0.0,0.0007708269261178767,unicycle
-7.301293715274828,11.681897484416679,1.765,0.0,0.0,0.006071256204781563,0.37014952867340467,0.0030781446369502626,0.0,0.0,0.0,0.0007703681438215942,omni
-7.2938928968986465,11.682004001242627,1.765,0.0,0.0,0.0060866209004821255,0.37006645694397633,0.003076300740337562,0.0,0.0,0.0,0.0007682347850281408,unicycle
-7.286490417517269,11.682110471267581,1.765,0.0,0.0,0.006101976334760832,0.3701495386090578,0.0030677703589568803,0.0,0.0,0.0,0.0007677717139353645,omni
-7.279089600947969,11.682217007437535,1.765,0.0,0.0,0.006117289134688088,0.37006646676096544,0.0030659095857966086,0.0,0.0,0.0,0.0007656399963627696,unicycle
-7.271687123377697,11.682323496609786,1.765,0.0,0.0,0.006132592590215706,0.3701495477488384,0.0030573860462803676,0.0,0.0,0.0,0.0007651727763808261,omni
-7.264286308612987,11.68243005116509,1.765,0.0,0.0,0.0061478534469877584,0.3700664757915089,0.0030555089503888125,0.0,0.0,0.0,0.0007630428386026073,unicycle
-7.256883832851386,11.682536558536425,1.765,0.0,0.0,0.0061631048791213425,0.37014955611298533,0.0030469928002894516,0.0,0.0,0.0,0.0007625716066791687,omni
-7.249483019888684,11.682643130539562,1.765,0.0,0.0,0.006178313750798284,0.37006648405521947,0.0030450999237539296,0.0,0.0,0.0,0.0007604435838470812,unicycle
-7.242080545933037,11.682749655182668,1.765,0.0,0.0,0.00619351312027885,0.3701495637206102,0.003036591697069319,0.0,0.0,0.0,0.0007599684740282459,omni
-7.234679734769491,11.682856243716834,1.765,0.0,0.0,0.006208669970237682,0.37006649157071575,0.003034683570479661,0.0,0.0,0.0,0.0007578424979415616,unicycle
-7.227277262616822,11.682962784724888,1.765,0.0,0.0,0.006223817243066259,0.3701495705899409,0.0030261837879283753,0.0,0.0,0.0,0.0007573636414289325,omni
-7.219876453249328,11.68306938889357,1.765,0.0,0.0,0.006238922039878307,0.37006649835582783,0.003024260930603917,0.0,0.0,0.0,0.0007552398406023788,unicycle
-7.212473982896412,11.68317594537982,1.765,0.0,0.0,0.006254017187194487,0.3701495767384957,0.0030157700998952215,0.0,0.0,0.0,0.0007547573658090745,omni
-7.205073175321627,11.683282564306408,1.765,0.0,0.0,0.006269069904505277,0.3700665044277438,0.0030138330201076313,0.0,0.0,0.0,0.0007526358655394989,unicycle
-7.19767070676501,11.68338913540378,1.765,0.0,0.0,0.006284112902468181,0.3701495821832052,0.003005351636206521,0.0,0.0,0.0,0.0007521498981451777,omni
-7.190269900979363,11.683495768231156,1.765,0.0,0.0,0.006299113518879722,0.370066509803112,0.0030034008313982756,0.0,0.0,0.0,0.0007500308205770358,unicycle
-7.182867434215364,11.68360235309186,1.765,0.0,0.0,0.00631410434855136,0.37014958694050004,0.0029949293767850722,0.0,0.0,0.0,0.0007495414835818891,omni
-7.175466630215068,11.683708998982011,1.765,0.0,0.0,0.006329052847506788,0.3700665144981157,0.0029929653337836806,0.0,0.0,0.0,0.0007474249477714314,unicycle
-7.168064165239793,11.683815596777157,1.765,0.0,0.0,0.006343991494737771,0.37014959102637324,0.0029845042787087204,0.0,0.0,0.0,0.0007469323615491691,omni
-7.16066336302085,11.683922254910796,1.765,0.0,0.0,0.006358887864408321,0.37006651852852557,0.0029825274739369127,0.0,0.0,0.0,0.0007448184835274496,unicycle
-7.153260899830204,11.684028864830008,1.765,0.0,0.0,0.006373774319725865,0.3701495944564252,0.002974077276670321,0.0,0.0,0.0,0.000744322765877261,omni
-7.145860099388419,11.684135534406202,1.765,0.0,0.0,0.006388618552900101,0.37006652190973804,0.002972088176352127,0.0,0.0,0.0,0.0007422116587118731,unicycle
-7.138457637978107,11.68424215565726,1.765,0.0,0.0,0.006403452811398289,0.3701495972458957,0.0029636492834286365,0.0,0.0,0.0,0.0007417129249094093,omni
-7.131056839309093,11.68434883589306,1.765,0.0,0.0,0.006418244905373592,0.37006652465680206,0.0029616483437914713,0.0,0.0,0.0,0.0007396046987650839,unicycle
-7.123654379674631,11.684455467701527,1.765,0.0,0.0,0.006433026966605841,0.37014959940968756,0.0029532211902505057,0.0,0.0,0.0,0.0007391030616124493,omni
-7.116253582773814,11.684562157831602,1.765,0.0,0.0,0.006447766923082049,0.3700665267844406,0.0029512088577232603,0.0,0.0,0.0,0.0007369978238104272,unicycle
-7.108851124910536,11.684668799440477,1.765,0.0,0.0,0.006462496790955753,0.37014960096238503,0.0029427938673441643,0.0,0.0,0.0,0.0007364933936851946,omni
-7.101450329773161,11.684775498716768,1.765,0.0,0.0,0.006477184615930981,0.37006652830706566,0.002940770578751575,0.0,0.0,0.0,0.0007343912487614493,unicycle
-7.0940478736762245,11.684882149386125,1.765,0.0,0.0,0.006491862298604276,0.3701496019182673,0.002932368164284548,0.0,0.0,0.0,0.0007338841336647664,omni
-7.086647080297368,11.684988857077503,1.765,0.0,0.0,0.0065064980022728185,0.3700665292387904,0.0029303343470378326,0.0,0.0,0.0,0.0007317851834271492,unicycle
-7.079244625961763,11.68509551608416,1.765,0.0,0.0,0.006521123512053436,0.3701496022913184,0.0029219449104302053,0.0,0.0,0.0,0.0007312754890309145,omni
-7.071843834336336,11.685202231476078,1.765,0.0,0.0,0.00653570710870574,0.3700665295934385,0.0029199009827138704,0.0,0.0,0.0,0.0007291798326151469,unicycle
-7.064441381756888,11.685308898113258,1.765,0.0,0.0,0.006550280461951903,0.37014960209523645,0.0029115249153318446,0.0,0.0,0.0,0.0007286676623082076,omni
-7.05704059187964,11.685415620507419,1.765,0.0,0.0,0.006564811969876557,0.3700665293845517,0.002909471286286861,0.0,0.0,0.0,0.0007265753962327052,unicycle
-7.049638141051016,11.685522294084414,1.765,0.0,0.0,0.0065793331868998816,0.37014960134344066,0.0029011089691329674,0.0,0.0,0.0,0.000726060851166235,omni
-7.042237352916542,11.685629022798455,1.765,0.0,0.0,0.006593812628287602,0.370066528625397,0.002899046039036512,0.0,0.0,0.0,0.0007239720693860184,unicycle
-7.03483490383326,11.685735702640319,1.765,0.0,0.0,0.006608281733257961,0.3701496000490775,0.002890697842962963,0.0,0.0,0.0,0.0007234552485179765,omni
-7.02743411743601,11.685842437007476,1.765,0.0,0.0,0.006622709134107508,0.370066527328972,0.002888626003404528,0.0,0.0,0.0,0.0007213700424773727,unicycle
-7.02003167009244,11.68594912245469,1.765,0.0,0.0,0.006637126154959828,0.370149598225026,0.0028802922893220793,0.0,0.0,0.0,0.0007208510426160593,omni
-7.012630885426718,11.686055861823505,1.765,0.0,0.0,0.006651501544985837,0.3700665255080103,0.0028782119233762143,0.0,0.0,0.0,0.0007187695013004018,unicycle
-7.00522843981709,11.686162552231684,1.765,0.0,0.0,0.006665866513328782,0.3701495958839033,0.0028698930424592094,0.0,0.0,0.0,0.0007182484171472611,omni
-6.997827656877065,11.686269295965673,1.765,0.0,0.0,0.0066801899258714555,0.37006652317498634,0.0028678045248548565,0.0,0.0,0.0,0.0007161706271337023,unicycle
-6.990425212995476,11.686375990705255,1.765,0.0,0.0,0.0066945028768979585,0.370149593038069,0.002859500818742003,0.0,0.0,0.0,0.000715647551325187,omni
-6.983024431775184,11.686482738182624,1.765,0.0,0.0,0.006708774348834604,0.37006652034212056,0.00285740451602847,0.0,0.0,0.0,0.0007135735968322743,unicycle
-6.975621989615599,11.686589436638565,1.765,0.0,0.0,0.006723035321234221,0.37014958969963035,0.002849116317019727,0.0,0.0,0.0,0.0007130486199809136,omni
-6.96822121010895,11.686696187251911,1.765,0.0,0.0,0.006737254892892568,0.37006651702138316,0.002847012587729558,0.0,0.0,0.0,0.0007109785829173657,unicycle
-6.9608187696652095,11.686802888823404,1.765,0.0,0.0,0.0067514639287656105,0.37014958588044555,0.0028387402189793244,0.0,0.0,0.0,0.00071045179365212,omni
-6.953417991865992,11.686909641979426,1.765,0.0,0.0,0.006765631643838905,0.3700665132244982,0.002836629413787952,0.0,0.0,0.0,0.0007083857536646725,unicycle
-6.9460155531318195,11.68701634607961,1.765,0.0,0.0,0.006779788788612314,0.3701495815921285,0.002828373189494279,0.0,0.0,0.0,0.000707857238670396,omni
-6.938614777033705,11.687123101198818,1.765,0.0,0.0,0.006793904694076123,0.37006650896294824,0.0028262556513764733,0.0,0.0,0.0,0.0007057952731905285,unicycle
-6.931212340002707,11.687229807254495,1.765,0.0,0.0,0.006808009996421056,0.37014957684605326,0.002818015876966535,0.0,0.0,0.0,0.0007052651172467123,omni
-6.923811565599255,11.687336563770941,1.765,0.0,0.0,0.006822074142451791,0.37006650424797854,0.00281589194134994,0.0,0.0,0.0,0.0007032073015366389,unicycle
-6.916409130264929,11.687443271222305,1.765,0.0,0.0,0.006836127654202898,0.37014957165335743,0.002807668913662076,0.0,0.0,0.0,0.0007026755875553992,omni
-6.909008357549593,11.687550028583304,1.765,0.0,0.0,0.006850140094097958,0.37006649909060046,0.002805538908577645,0.0,0.0,0.0,0.0007006219947530468,unicycle
-6.901605923905332,11.687656736883667,1.765,0.0,0.0,0.006864141870174285,0.3701495660249467,0.0027973329160395238,0.0,0.0,0.0,0.0007000888038163585,omni
-6.894205152871461,11.687763494549536,1.765,0.0,0.0,0.006878102660273875,0.3700664935015958,0.0027951971622690395,0.0,0.0,0.0,0.000698039504979504,unicycle
-6.886802720910555,11.687870203165069,1.765,0.0,0.0,0.00689205275860139,0.37014955997149834,0.0027870084850725218,0.0,0.0,0.0,0.0006975049163757091,omni
-6.879401951551401,11.687976960608854,1.765,0.0,0.0,0.006905961958211895,0.3700664874915206,0.0027848672962932077,0.0,0.0,0.0,0.0006954599805252215,unicycle
-6.871999521267047,11.688083669018322,1.765,0.0,0.0,0.00691986043964759,0.3701495535034653,0.002776696206565612,0.0,0.0,0.0,0.0006949240717847901,omni
-6.864598753575771,11.688190425725548,1.765,0.0,0.0,0.006933718110966529,0.3700664810707088,0.0027745498894919257,0.0,0.0,0.0,0.0006928835659469856,unicycle
-6.857196324961071,11.688297133420058,1.765,0.0,0.0,0.006947565039224082,0.3701495466310801,0.0027663966514640003,0.0,0.0,0.0,0.0006923464128776127,omni
-6.84979555893074,11.68840388888848,1.765,0.0,0.0,0.0069613712472666005,0.37006647424927686,0.0027642455059867467,0.0,0.0,0.0,0.0006903104021258456,unicycle
-6.842393131978714,11.688510595371229,1.765,0.0,0.0,0.006975166688843537,0.3701495393643589,0.0027561103761574324,0.0,0.0,0.0,0.0006897720788468886,omni
-6.834992367602313,11.688617349110578,1.765,0.0,0.0,0.006988921501370384,0.3700664670371266,0.0027539546954799938,0.0,0.0,0.0,0.0006877406263423254,unicycle
-6.827589942305891,11.688724053896612,1.765,0.0,0.0,0.007002665525476753,0.3701495317131051,0.002745837922777619,0.0,0.0,0.0,0.0006872012053185292,omni
-6.8201891795763245,11.688830805428355,1.765,0.0,0.0,0.007016369012923754,0.37006645944394984,0.002743677993549641,0.0,0.0,0.0,0.0006851743723500507,unicycle
-6.812786755928362,11.68893750804433,1.765,0.0,0.0,0.007030061691412248,0.3701495236869129,0.0027355798194903117,0.0,0.0,0.0,0.0006846339244246339,omni
-6.805385994838456,11.689044256901433,1.765,0.0,0.0,0.007043713926821208,0.37006645147923145,0.0027334159219388012,0.0,0.0,0.0,0.0006826117704480242,unicycle
-6.79798357283173,11.689150956885372,1.765,0.0,0.0,0.0070573553341187105,0.37014951529517137,0.002725336580781476,0.0,0.0,0.0,0.0006820703648750807,omni
-6.790582813374237,11.689257702612068,1.765,0.0,0.0,0.007070956393069737,0.3700664431522536,0.002723168988839217,0.0,0.0,0.0,0.0006800529475513415,unicycle
-6.783180393001454,11.689364399513144,1.765,0.0,0.0,0.007084546606110288,0.37014950654706824,0.002715108707737658,0.0,0.0,0.0,0.0006795106520276441,omni
-6.775779635169058,11.689471141664702,1.765,0.0,0.0,0.007098096566655502,0.3700664344720988,0.0027129376891692073,0.0,0.0,0.0,0.0006774980272606675,unicycle
-6.768377216422858,11.689577835043,1.765,0.0,0.0,0.00711163566481464,0.3701494974515924,0.0027048966883211076,0.0,0.0,0.0,0.0006769549079568703,omni
-6.760976460208178,11.6896845731855,1.765,0.0,0.0,0.007125134607413247,0.3700664254476536,0.002702722504846302,0.0,0.0,0.0,0.0006749471299303282,unicycle
-6.753574043081136,11.689791262611802,1.765,0.0,0.0,0.007138622672443675,0.370149488017539,0.0026947009976393188,0.0,0.0,0.0,0.0006744032515214887,omni
-6.7461732884767285,11.689897996321923,1.765,0.0,0.0,0.007152070679898374,0.3700664160876124,0.0026925239050543995,0.0,0.0,0.0,0.0006724003727349138,unicycle
-6.738770872497995,11.6900046813808,1.765,0.0,0.0,0.0071655077949898185,0.37014950142228414,0.0026845220982094496,0.0,0.0,0.0,0.0006718557545721765,omni
-6.7313701180114265,11.690111410258217,1.765,0.0,0.0,0.007178904950158253,0.370066480649705,0.002682342445818272,0.0,0.0,0.0,0.0006698577584217276,unicycle
-6.723967701223133,11.690218090560245,1.765,0.0,0.0,0.00719229119942564,0.37014961202603747,0.002674360692273978,0.0,0.0,0.0,0.0006693124633694004,omni
-6.716566945353222,11.690324814217965,1.765,0.0,0.0,0.007205637588265065,0.3700666195778158,0.0026721787220627307,0.0,0.0,0.0,0.0006673194419712209,unicycle
-6.709164526884527,11.690431489374083,1.765,0.0,0.0,0.007218973059502984,0.37014976548105366,0.0026642171187662212,0.0,0.0,0.0,0.0006667735618959825,omni
-6.701763769218604,11.690538207423964,1.765,0.0,0.0,0.007232268771216039,0.37006677844955704,0.0026620329988421227,0.0,0.0,0.0,0.0006647855856527794,unicycle
-6.694361348983179,11.690644877046932,1.765,0.0,0.0,0.007245553555128836,0.3701499225652686,0.0026540916827861383,0.0,0.0,0.0,0.0006642391956399325,omni
-6.686960589661123,11.6907515891049,1.765,0.0,0.0,0.007258798681562997,0.3700669296417155,0.0026519056112287234,0.0,0.0,0.0,0.0006622563217080254,unicycle
-6.679558167949559,11.690858252813213,1.765,0.0,0.0,0.0072720328712961415,0.3701500644372704,0.002643984740201011,0.0,0.0,0.0,0.0006617094866572246,omni
-6.6721574073564325,11.69096495850219,1.765,0.0,0.0,0.007285227506577632,0.37006706089987923,0.0026417969299370207,0.0,0.0,0.0,0.0006597317640744604,unicycle
-6.664754984606821,11.69107161592224,1.765,0.0,0.0,0.00729841119743104,0.3701501837272876,0.0026338966707247016,0.0,0.0,0.0,0.000659184542670433,omni
-6.657354223203771,11.69117831487368,1.765,0.0,0.0,0.00731155543773955,0.3700671684252074,0.0026317073403702273,0.0,0.0,0.0,0.0006572120154255297,unicycle
-6.649951799879023,11.691284965640808,1.765,0.0,0.0,0.007324688726989462,0.37015027919957094,0.00262382786172681,0.0,0.0,0.0,0.0006566644624956194,omni
-6.642551038116118,11.691391657495394,1.765,0.0,0.0,0.007337782670416202,0.3700672527771195,0.0026216372302094284,0.0,0.0,0.0,0.0006546971713369688,unicycle
-6.635148614643777,11.691498301254331,1.765,0.0,0.0,0.007350865657200711,0.3701503526283194,0.0026137786988113354,0.0,0.0,0.0,0.0006541493392254575,omni
-6.627747852920104,11.69160498566222,1.765,0.0,0.0,0.007363909403654823,0.3700673165101747,0.002611586982343188,0.0,0.0,0.0,0.000652187322705611,unicycle
-6.620345429667545,11.69171162206716,1.765,0.0,0.0,0.007376942188895924,0.3701504070271549,0.002603749560586735,0.0,0.0,0.0,0.000651639262055047,omni
-6.6129446683175335,11.691818298687926,1.765,0.0,0.0,0.007389935840038265,0.37006736286294634,0.0026015569710681136,0.0,0.0,0.0,0.0006496825571170306,unicycle
-6.6055422455863235,11.691924927402402,1.765,0.0,0.0,0.007402918526384201,0.37015044569230166,0.002593740815971644,0.0,0.0,0.0,0.0006491343172968881,omni
-6.598141484879767,11.692031595904869,1.765,0.0,0.0,0.007415862185576009,0.3700673950728279,0.0025915475602415524,0.0,0.0,0.0,0.0006471829595904618,unicycle
-6.590739062909574,11.692138216601546,1.765,0.0,0.0,0.007428794877354413,0.37015047172418847,0.002583752822991158,0.0,0.0,0.0,0.0006466345889201456,omni
-6.583338303058095,11.692244876663544,1.765,0.0,0.0,0.007441688649613662,0.3700674160537815,0.002581559102561577,0.0,0.0,0.0,0.0006446886129625143,unicycle
-6.575935882034715,11.692351489023958,1.765,0.0,0.0,0.007454571452790013,0.3701504878219334,0.0025737859284156502,0.0,0.0,0.0,0.000644140158817615,omni
-6.568535123200622,11.69245814033207,1.765,0.0,0.0,0.007467415444751358,0.3700674282770365,0.0025715919394681693,0.0,0.0,0.0,0.0006421995980673224,unicycle
-6.5611327032651365,11.692564744046368,1.765,0.0,0.0,0.007480248466889802,0.3701504962267433,0.0025638404678496665,0.0,0.0,0.0,0.0006416511069221637,omni
-6.553731945570517,11.692671386295661,1.765,0.0,0.0,0.007493042786765938,0.37006743375918805,0.002561646401363018,0.0,0.0,0.0,0.000639715993806893,unicycle
-6.546329526828066,11.692777981062347,1.765,0.0,0.0,0.007505826136990829,0.370150498741028,0.0025539167660391824,0.0,0.0,0.0,0.0006391675112445352,omni
-6.538928770363076,11.69288461395613,1.765,0.0,0.0,0.007518570894534158,0.370067434102014,0.002551722807972144,0.0,0.0,0.0,0.0006372378771664906,unicycle
-6.531526352890578,11.692991199481826,1.765,0.0,0.0,0.007531304683491642,0.3701504967812261,0.0025440151372653954,0.0,0.0,0.0,0.0006366894478741559,omni
-6.524125597720543,11.693097822731412,1.765,0.0,0.0,0.007543999989955773,0.370067430552643,0.0025418214687541237,0.0,0.0,0.0,0.0006347653232065332,unicycle
-6.516723181573149,11.693204398730627,1.765,0.0,0.0,0.007556684329775095,0.3701504914412108,0.002534135885754892,0.0,0.0,0.0,0.0006342169909662107,omni
-6.509322427744373,11.693311012055116,1.765,0.0,0.0,0.0075693302978760485,0.3700674240672864,0.002531942683303691,0.0,0.0,0.0,0.0006322984050476729,unicycle
-6.501920012960672,11.693417578250044,1.765,0.0,0.0,0.007581965302130588,0.3701504835543391,0.0025242793060705317,0.0,0.0,0.0,0.0006317502127270067,omni
-6.494519260505081,11.693524181376128,1.765,0.0,0.0,0.007594562046007744,0.3700674153702773,0.0025220867417272835,0.0,0.0,0.0,0.0006298371938578556,unicycle
-6.487116847111201,11.69363073749645,1.765,0.0,0.0,0.007607147829675821,0.3701504737486627,0.00251444568346972,0.0,0.0,0.0,0.0006292891834037547,omni
-6.479716096049956,11.693737330158218,1.765,0.0,0.0,0.007619695464852729,0.37006740500500557,0.0025122539249829694,0.0,0.0,0.0,0.0006273817588453066,unicycle
-6.472313684062753,11.693843875940923,1.765,0.0,0.0,0.0076322321442783515,0.3701504624934049,0.002504635294225302,0.0,0.0,0.0,0.0006268339712811287,omni
-6.464912934409032,11.693950457879685,1.765,0.0,0.0,0.007644730787623526,0.3700673933759467,0.0025024445051837893,0.0,0.0,0.0,0.0006249321672586745,unicycle
-6.457510523838499,11.694056993068893,1.765,0.0,0.0,0.007657218480477228,0.370150450136684,0.002494848405912298,0.0,0.0,0.0,0.0006243846426850809,omni
-6.450109775599599,11.69416356403302,1.765,0.0,0.0,0.007669668250165114,0.3700673807823047,0.002492658745869136,0.0,0.0,0.0,0.0006224884843943235,unicycle
-6.442707366450698,11.694270088379822,1.765,0.0,0.0,0.0076821070754049805,0.3701504369353511,0.0024850852776646926,0.0,0.0,0.0,0.0006219412619934293,omni
-6.435306619629614,11.694376648124583,1.765,0.0,0.0,0.007694508090877178,0.37006736744434765,0.0024828969022484583,0.0,0.0,0.0,0.0006200507736098593,unicycle
-6.427904211903633,11.694483161386888,1.765,0.0,0.0,0.007706898168710221,0.3701504230781347,0.0024753461604069393,0.0,0.0,0.0,0.0006195038916521786,omni
-6.420503466500231,11.694589709674286,1.765,0.0,0.0,0.007719250550637081,0.3700673535236722,0.0024731592214222997,0.0,0.0,0.0,0.0006176190963429226,unicycle
-6.413101060195795,11.69469621161667,1.765,0.0,0.0,0.0077315920024810135,0.37015040870332616,0.0024656312970654645,0.0,0.0,0.0,0.0006170725921966545,omni
-6.405700316207676,11.694802748215315,1.765,0.0,0.0,0.007743895872723699,0.37006733913859,0.002463445942585697,0.0,0.0,0.0,0.0006151935121343636,unicycle
-6.39829791132149,11.694909238608874,1.765,0.0,0.0,0.007756188821169229,0.3701503939121277,0.0024559409227646227,0.0,0.0,0.0,0.0006146474222765285,omni
-6.390897168744628,11.695015763293828,1.765,0.0,0.0,0.007768444302742324,0.3700673243756802,0.002453757297217381,0.0,0.0,0.0,0.0006127740786547938,unicycle
-6.383494765272013,11.695122241916044,1.765,0.0,0.0,0.007780688871516,0.370150378778628,0.00244627526500932,0.0,0.0,0.0,0.0006122284386837222,omni
-6.376094024101209,11.695228754468687,1.765,0.0,0.0,0.007792896088550669,0.37006730929838416,0.002444093509257424,0.0,0.0,0.0,0.0006103608517335561,unicycle
-6.368691622036502,11.69533522110329,1.765,0.0,0.0,0.007805092402478315,0.37015036335719403,0.002436634543858342,0.0,0.0,0.0,0.0006098156963824179,omni
-6.361290882265731,11.69544172131119,1.765,0.0,0.0,0.00781725148018611,0.3700672939533512,0.002434454795276567,0.0,0.0,0.0,0.0006079538853895861,unicycle
-6.353888481602565,11.695548175748025,1.765,0.0,0.0,0.007829399665156922,0.37015034768790833,0.0024270189720895325,0.0,0.0,0.0,0.0006074092485406745,omni
-6.346487743225206,11.695654663404797,1.765,0.0,0.0,0.007841510729794197,0.370067278375091,0.002424841364638156,0.0,0.0,0.0,0.0006055532318635665,unicycle
-6.339085343956721,11.6957611054397,1.765,0.0,0.0,0.007853610912725458,0.37015033180054513,0.002417428755358668,0.0,0.0,0.0,0.0006050091465630717,omni
-6.331684606965739,11.695867580344899,1.765,0.0,0.0,0.007865674091558477,0.37006726258936623,0.00241525341965455,0.0,0.0,0.0,0.0006031589416508845,unicycle
-6.324282209084723,11.695974009779565,1.765,0.0,0.0,0.007877726400360958,0.37015031571746027,0.0024078640923533606,0.0,0.0,0.0,0.0006026154401239609,omni
-6.316881473472794,11.69608047173854,1.765,0.0,0.0,0.007889741821631657,0.37006724661565216,0.0024056911557386674,0.0,0.0,0.0,0.0006007710635350303,unicycle
-6.3094790769717966,11.696186888380405,1.765,0.0,0.0,0.007901746385175677,0.370150299455683,0.0023983251749419643,0.0,0.0,0.0,0.0006002281772010422,omni
-6.302078342731393,11.69629333720419,1.765,0.0,0.0,0.007913714178068102,0.37006723046891243,0.0023961547615512606,0.0,0.0,0.0,0.0005983896446212376,unicycle
-6.294675947602793,11.696399740866312,1.765,0.0,0.0,0.007925671126150287,0.37015028302842207,0.002388812188319397,0.0,0.0,0.0,0.0005978474041090963,omni
-6.28727521472625,11.696506176371503,1.765,0.0,0.0,0.00793759142075769,0.3700672141608765,0.0023866444191451125,0.0,0.0,0.0,0.000596014730370204,unicycle
-6.279872820962318,11.696612566872437,1.765,0.0,0.0,0.007949500884068364,0.37015026644614746,0.0023793253111492117,0.0,0.0,0.0,0.0005954731655336335,omni
-6.272472089441881,11.696718988881079,1.765,0.0,0.0,0.007961373811360995,0.3700671977009543,0.00237716030410559,0.0,0.0,0.0,0.0005936463646315138,unicycle
-6.265069697034811,11.69682536604477,1.765,0.0,0.0,0.007973235921452276,0.3701502497173636,0.0023698647157025946,0.0,0.0,0.0,0.0005931055045642723,omni
-6.257668966862667,11.696931774384236,1.765,0.0,0.0,0.007985061613245817,0.3700671810968889,0.0023677025856884016,0.0,0.0,0.0,0.0005912845896769706,unicycle
-6.250266575804609,11.697038138039904,1.765,0.0,0.0,0.007996876502500375,0.37015023284916027,0.0023604305679946693,0.0,0.0,0.0,0.0005907444627278658,omni
-6.24286584697291,11.697144532542788,1.765,0.0,0.0,0.008008655091425041,0.37006716435522213,0.0023582714269546057,0.0,0.0,0.0,0.0005889294462333155,unicycle
-6.235463457255985,11.697250882524811,1.765,0.0,0.0,0.008020422893025462,0.3701502158476051,0.002351023027917911,0.0,0.0,0.0,0.0005883900800211213,omni
-6.228062729756863,11.697357263028822,1.765,0.0,0.0,0.008032154512495759,0.3700671474816246,0.002348866984902861,0.0,0.0,0.0,0.0005865809735148258,unicycle
-6.220660341373185,11.697463599176638,1.765,0.0,0.0,0.00804387536039462,0.3701501987180217,0.002341642249373092,0.0,0.0,0.0,0.0005860423949429649,omni
-6.2132596151987665,11.697569965524487,1.765,0.0,0.0,0.008055560144579723,0.37006713048113005,0.0023394894105992136,0.0,0.0,0.0,0.0005842392092552189,unicycle
-6.205857228140445,11.697676287682487,1.765,0.0,0.0,0.008067234173470248,0.3701501814651862,0.0023322883803976293,0.0,0.0,0.0,0.0005837014445262193,omni
-6.19845650328286,11.69778263972178,1.765,0.0,0.0,0.008078872257265031,0.3700671133583001,0.002330138849304243,0.0,0.0,0.0,0.0005819041897391476,unicycle
-6.191054117542009,11.697888947739193,1.765,0.0,0.0,0.008090499602552407,0.3701501640934663,0.002322961563291288,0.0,0.0,0.0,0.0005813672643688125,omni
-6.183653393993395,11.697995285322335,1.765,0.0,0.0,0.008102091121549065,0.37006709611734184,0.002320815440597585,0.0,0.0,0.0,0.0005795759498329672,unicycle
-6.176251009562142,11.698101579053134,1.765,0.0,0.0,0.008113671919322354,0.3701501466069198,0.0023136619347393205,0.0,0.0,0.0,0.0005790398886643988,omni
-6.168850287314652,11.698207902037224,1.765,0.0,0.0,0.00812521700978266,0.37006707876219014,0.0023115193185001526,0.0,0.0,0.0,0.0005772545230152909,unicycle
-6.161447904185141,11.698314181340027,1.765,0.0,0.0,0.008136751396787312,0.37015012900936384,0.002304389625933686,0.0,0.0,0.0,0.0005767193502326401,omni
-6.1540471832309445,11.69842048958676,1.765,0.0,0.0,0.00814825019561545,0.370067061296566,0.0023022506115942948,0.0,0.0,0.0,0.0005749399414067804,unicycle
-6.146644801395337,11.698526754324728,1.765,0.0,0.0,0.008159738309226424,0.37015011130442443,0.002295144762691744,0.0,0.0,0.0,0.0005744056805487241,omni
-6.1392440817266225,11.69863304770029,1.765,0.0,0.0,0.008171190953942411,0.3700670437240185,0.0022930094431413374,0.0,0.0,0.0,0.0005726322357994388,unicycle
-6.131841701177103,11.698739297741037,1.765,0.0,0.0,0.008182632932137859,0.37015009349557065,0.0022859274655724973,0.0,0.0,0.0,0.0005720989097724497,omni
-6.124440982786084,11.698845576116028,1.765,0.0,0.0,0.008194039560851567,0.3700670260479527,0.00228379593119686,0.0,0.0,0.0,0.0005703314356854082,unicycle
-6.117038603514859,11.698951811331517,1.765,0.0,0.0,0.008205435542187101,0.3701500755861396,0.002276737849990758,0.0,0.0,0.0,0.0005697990667767382,omni
-6.1096378863937755,11.699058074580838,1.765,0.0,0.0,0.008216796293572803,0.3700670082716519,0.002274610188723828,0.0,0.0,0.0,0.0005680375692851129,unicycle
-6.102235508393077,11.699164294847298,1.765,0.0,0.0,0.008228146417156315,0.3701500575793541,0.002267576026328957,0.0,0.0,0.0,0.0005675061791755124,omni
-6.094834792534189,11.699270542850067,1.765,0.0,0.0,0.008239461430427813,0.37006699039829205,0.0022654523237033786,0.0,0.0,0.0,0.0005657506635748569,unicycle
-6.087432415796276,11.699376748047897,1.765,0.0,0.0,0.008250765835894838,0.3701500394783356,0.0022584421000467593,0.0,0.0,0.0,0.0005652202733511277,omni
-6.080031701191875,11.69948298068737,1.765,0.0,0.0,0.008262035250781119,0.37006697243095255,0.002256322439243562,0.0,0.0,0.0,0.0005634707443140713,unicycle
-6.072629325709036,11.699589170701053,1.765,0.0,0.0,0.008273294078270745,0.3701500212861131,0.002249336171788789,0.0,0.0,0.0,0.0005629413744813532,omni
-6.06522861235144,11.699695387864516,1.765,0.0,0.0,0.00828451803499218,0.3700669543726243,0.002247220633685951,0.0,0.0,0.0,0.0005611978360719006,unicycle
-6.057826238115989,11.699801562582534,1.765,0.0,0.0,0.008295731425123494,0.37015000300563017,0.0022402583374897507,0.0,0.0,0.0,0.0005606695065656529,omni
-6.0504255259975475,11.699907764161233,1.765,0.0,0.0,0.008306910064368558,0.37006693622621567,0.002238147000709882,0.0,0.0,0.0,0.0005589319622531598,unicycle
-6.043023153001829,11.700013923475973,1.765,0.0,0.0,0.008318078158217578,0.37014998463975063,0.0022312086884778517,0.0,0.0,0.0,0.0005584046924509477,omni
-6.035622442114918,11.70012010936502,1.765,0.0,0.0,0.008329211621120054,0.37006691799455765,0.0022291016294348973,0.0,0.0,0.0,0.0005566731451239013,unicycle
-6.028220070351311,11.700226253172701,1.765,0.0,0.0,0.008340334560197196,0.3701499661912626,0.002222187311575863,0.0,0.0,0.0,0.0005561469538570058,omni
-6.020819360688343,11.700332423271002,1.765,0.0,0.0,0.00835142298831393,0.3700668996804072,0.0022200846045210597,0.0,0.0,0.0,0.0005544214058365619,unicycle
-6.013416990149252,11.70043855147159,1.765,0.0,0.0,0.008362500914541954,0.3701499476628811,0.0022131942892007687,0.0,0.0,0.0,0.0005538963114013467,omni
-6.006016281702666,11.700544705681748,1.765,0.0,0.0,0.008373544449831046,0.3700668812864497,0.002211096006267496,0.0,0.0,0.0,0.0005521767644545504,unicycle
-5.9986139123805335,11.700650818178875,1.765,0.0,0.0,0.008384577505523514,0.3701499290572519,0.002204229699460657,0.0,0.0,0.0,0.0005516527846234943,omni
-5.991213205142805,11.700756956407124,1.765,0.0,0.0,0.008395576290323037,0.3700668628153026,0.0022021359107084414,0.0,0.0,0.0,0.0005499392399760919,unicycle
-5.983810837030103,11.700863053108003,1.765,0.0,0.0,0.008406564618163208,0.3701499103769528,0.002195293616250122,0.0,0.0,0.0,0.0005494163920087265,omni
-5.976410130993738,11.700969175264127,1.765,0.0,0.0,0.008417518795170371,0.3700668442695161,0.0021932043897078344,0.0,0.0,0.0,0.0005477088503579949,unicycle
-5.9690077640829715,11.701075256079484,1.765,0.0,0.0,0.008428462538190603,0.3701498916244958,0.0021863861093436715,0.0,0.0,0.0,0.0005471871510116029,omni
-5.961607059240514,11.701181362076733,1.765,0.0,0.0,0.008439372250441377,0.37006682565157634,0.0021843015110519083,0.0,0.0,0.0,0.0005454856125387156,unicycle
-5.954204693524226,11.701287426920729,1.765,0.0,0.0,0.008450271552002953,0.3701498728023296,0.0021775072444874463,0.0,0.0,0.0,0.0005449650780787952,omni
-5.9468039898682505,11.701393516675758,1.765,0.0,0.0,0.00846113694285217,0.3700668069639065,0.002175427338540098,0.0,0.0,0.0,0.0005432695424610284,unicycle
-5.939401625339015,11.701499565465912,1.765,0.0,0.0,0.008471991946625606,0.37014985391284067,0.0021686570834890864,0.0,0.0,0.0,0.0005427501886715973,omni
-5.932000922862133,11.701605638898695,1.765,0.0,0.0,0.008482813159727492,0.37006678820886835,0.0021665819320739257,0.0,0.0,0.0,0.000541060655094306,unicycle
-5.924598559512565,11.701711671555818,1.765,0.0,0.0,0.008493624009673252,0.37014983495835474,0.002159835684305419,0.0,0.0,0.0,0.0005405424972879283,omni
-5.917197858207424,11.701817728589582,1.765,0.0,0.0,0.008504401188962379,0.3700667693887641,0.0021577653477439914,0.0,0.0,0.0,0.0005388589644561561,unicycle
-5.909795496030168,11.701923745037695,1.765,0.0,0.0,0.008515168029312053,0.3701498159411387,0.002151043101128791,0.0,0.0,0.0,0.0005383420174837942,omni
-5.902394795889451,11.702029785598844,1.765,0.0,0.0,0.008525901318984726,0.3700667505058377,0.0021489776379154868,0.0,0.0,0.0,0.0005366644836337597,unicycle
-5.894992434877192,11.70213578576512,1.765,0.0,0.0,0.008536624294222618,0.37014979686340194,0.0021422793844714178,0.0,0.0,0.0,0.0005361487618945103,omni
-5.88759173589362,11.70224180978318,1.765,0.0,0.0,0.008547313838718715,0.3700667315622761,0.002140218851311902,0.0,0.0,0.0,0.0005344772248049149,unicycle
-5.8801893760390795,11.702347793597864,1.765,0.0,0.0,0.008557993093563825,0.37014977772729724,0.0021335445812485166,0.0,0.0,0.0,0.0005339627422554647,omni
-5.872788678205411,11.702453801005396,1.765,0.0,0.0,0.008568639037548993,0.37006671256021073,0.0021314890330972436,0.0,0.0,0.0,0.0005322971992584022,unicycle
-5.865386319501346,11.702559768401754,1.765,0.0,0.0,0.00857927471693744,0.3701497585349226,0.002124838734859154,0.0,0.0,0.0,0.000531783969422322,omni
-5.857985622810375,11.702665759134304,1.765,0.0,0.0,0.008589877205285723,0.3700666935017188,0.00212278822495622,0.0,0.0,0.0,0.0005301244174141097,unicycle
-5.850583265249584,11.702771710048541,1.765,0.0,0.0,0.008600469454353542,0.37014973928832245,0.0021161618852659735,0.0,0.0,0.0,0.0005296124533909648,omni
-5.843182569694144,11.702877684044562,1.765,0.0,0.0,0.008611028632130393,0.3700666743888244,0.0021141164651731098,0.0,0.0,0.0,0.0005279588888426677,unicycle
-5.835780213269462,11.702983618415765,1.765,0.0,0.0,0.008621577596196731,0.3701497199894886,0.0021075140690727306,0.0,0.0,0.0,0.0005274482033169337,omni
-5.828379518842426,11.703089575616563,1.765,0.0,0.0,0.008632093608642425,0.37006665522349985,0.002105473788708733,0.0,0.0,0.0,0.0005258006222847065,unicycle
-5.8209771635467265,11.703195493386637,1.765,0.0,0.0,0.008642599433193114,0.37014970064036146,0.00209889531960093,0.0,0.0,0.0,0.000525291227534531,omni
-5.8135764702410055,11.703301433736303,1.765,0.0,0.0,0.00865307242570651,0.3700666360076667,0.002096860227276393,0.0,0.0,0.0,0.0005236496256697653,unicycle
-5.8061741160672025,11.703407334849913,1.765,0.0,0.0,0.008663535256378021,0.37014968124283165,0.002090305666964631,0.0,0.0,0.0,0.0005231415335755774,omni
-5.798773423875748,11.703513258295267,1.765,0.0,0.0,0.008673965374500717,0.3700666167431973,0.002088275809415942,0.0,0.0,0.0,0.0005215059061348653,unicycle
-5.791371070816793,11.703619142699768,1.765,0.0,0.0,0.008684385357064475,0.37014966179874076,0.002081745138143796,0.0,0.0,0.0,0.0005209991281877929,omni
-5.783970379732593,11.703725049190293,1.765,0.0,0.0,0.008694772746465325,0.37006659743191556,0.002079720560566399,0.0,0.0,0.0,0.0005193694700426417,unicycle
-5.77656802778148,11.703830916835681,1.765,0.0,0.0,0.00870515002681238,0.3701496423098826,0.0020732137570559665,0.0,0.0,0.0,0.0005188640173527325,omni
-5.769167337797568,11.703936806323465,1.765,0.0,0.0,0.008715494833272363,0.3700665780755981,0.0020711945031370734,0.0,0.0,0.0,0.0005172403229990624,unicycle
-5.761764986947331,11.704042657162315,1.765,0.0,0.0,0.008725829557398432,0.37014962277800423,0.002064711544626848,0.0,0.0,0.0,0.000516736206303349,omni
-5.7543642980567755,11.704148529601998,1.765,0.0,0.0,0.00873613192679585,0.3700665586759753,0.0020626976565774643,0.0,0.0,0.0,0.0005151184698708223,unicycle
-5.746961948300487,11.7042543635894,1.765,0.0,0.0,0.008746424240786673,0.3701496032048071,0.002056238518859232,0.0,0.0,0.0,0.0005146156995412764,omni
-5.7395612604964,11.70436021893811,1.765,0.0,0.0,0.008756684319082724,0.37006653923473304,0.00205423003744553,0.0,0.0,0.0,0.000513003914802493,unicycle
-5.732158911827172,11.704466036031624,1.765,0.0,0.0,0.008766934369099798,0.37014958359194833,0.002047794694900613,0.0,0.0,0.0,0.0005125025008538152,omni
-5.724758224793798,11.704571874253135,1.765,0.0,0.0,0.008777152302324466,0.37006653520017746,0.002045791734001494,0.0,0.0,0.0,0.0005108966612332805,unicycle
-5.717355875957406,11.70467767442747,1.765,0.0,0.0,0.00878736023392021,0.3701496263143054,0.0020393802742595685,0.0,0.0,0.0,0.0005103965797872785,omni
-5.70995518773436,11.704783495504659,1.765,0.0,0.0,0.008797536166455813,0.370066628811596,0.0020373828699648848,0.0,0.0,0.0,0.0005087966267801646,unicycle
-5.702552837080284,11.704889278738925,1.765,0.0,0.0,0.008807702124215978,0.3701497511900745,0.0020309951917916653,0.0,0.0,0.0,0.0005082978880083116,omni
-5.69515214668747,11.704995082645926,1.765,0.0,0.0,0.008817836201159683,0.37006677105519703,0.0020290033274280818,0.0,0.0,0.0,0.0005067038471852358,unicycle
-5.687749793724538,11.705100848909563,1.765,0.0,0.0,0.008827960330843276,0.37014990025272554,0.00202263936292635,0.0,0.0,0.0,0.0005062064841796,omni
-5.680349101020652,11.705206635614138,1.765,0.0,0.0,0.008838052698150752,0.3700669199927704,0.0020206530471465825,0.0,0.0,0.0,0.0005046183653738329,unicycle
-5.672946745851535,11.705312384872721,1.765,0.0,0.0,0.008848135146132884,0.3701500438118538,0.002014312747501246,0.0,0.0,0.0,0.0005041223991065826,omni
-5.6655460511033615,11.705418154340668,1.765,0.0,0.0,0.008858185950190483,0.37006705522247424,0.002012332002995293,0.0,0.0,0.0,0.0005025402028800639,unicycle
-5.658143694099208,11.705523886559236,1.765,0.0,0.0,0.008868226863135284,0.3701501684466848,0.0020060153295783038,0.0,0.0,0.0,0.0005020456472401963,omni
-5.650742997738216,11.705629638756866,1.765,0.0,0.0,0.008878236250511158,0.3700671685131782,0.0020040401861210365,0.0,0.0,0.0,0.0005004693687937908,unicycle
-5.643340639358747,11.705735353901739,1.765,0.0,0.0,0.008888235775183443,0.3701502697318016,0.001997747105094313,0.0,0.0,0.0,0.0004999762336142117,omni
-5.6359399418501255,11.705841088797184,1.765,0.0,0.0,0.008898203892485875,0.37006725818217107,0.001995777595394523,0.0,0.0,0.0,0.0004984058651216987,unicycle
-5.628537582550156,11.705946786836876,1.765,0.0,0.0,0.008908162175645298,0.37015034791605256,0.001989508074548927,0.0,0.0,0.0,0.0004979141579710162,omni
-5.621136884327844,11.706052504400715,1.765,0.0,0.0,0.008918089169444256,0.37006732579576385,0.0019875442318693162,0.0,0.0,0.0,0.0004963496899478805,unicycle
-5.613734524513796,11.706158185306336,1.765,0.0,0.0,0.00892800635778764,0.3701504054225874,0.0019812982388603987,0.0,0.0,0.0,0.0004958594171692713,omni
-5.606333825953033,11.706263885511817,1.765,0.0,0.0,0.008937892374572766,0.3700673742924046,0.001979340095730196,0.0,0.0,0.0,0.0004943008392562505,unicycle
-5.598931465967324,11.706369549257179,1.765,0.0,0.0,0.00894776861470381,0.37015044545546055,0.0019731175971640365,0.0,0.0,0.0,0.0004938120065522383,omni
-5.591530767377614,11.70647523208024,1.765,0.0,0.0,0.008957613800862772,0.3700674069625705,0.001971165184746114,0.0,0.0,0.0,0.0004922593079481023,unicycle
-5.584128407497699,11.70658087864181,1.765,0.0,0.0,0.008967449239276682,0.37015047126606293,0.001964966145765269,0.0,0.0,0.0,0.0004917719206955046,omni
-5.576727709126067,11.706686544060993,1.765,0.0,0.0,0.008977253741084351,0.37006742693367,0.001963019493600759,0.0,0.0,0.0,0.0004902250903834487,unicycle
-5.5693253495705,11.70679217341778,1.765,0.0,0.0,0.008987048524160171,0.3701504858032752,0.00195684387775195,0.0,0.0,0.0,0.0004897391537910509,omni
-5.561924651609274,11.706897821414099,1.765,0.0,0.0,0.008996812487773093,0.37006743694400246,0.0019549030137115454,0.0,0.0,0.0,0.0004881981806461476,unicycle
-5.5545222925464355,11.707003433547513,1.765,0.0,0.0,0.00900656676176956,0.3701504915791038,0.0019487507829621569,0.0,0.0,0.0,0.0004877136998232451,omni
-5.547121595142383,11.707109064104309,1.765,0.0,0.0,0.009016290333222637,0.37006743927529273,0.0019468157333010939,0.0,0.0,0.0,0.0004861785726538325,unicycle
-5.539719236699612,11.707214658998016,1.765,0.0,0.0,0.009026004244275243,0.3701504906491192,0.0019406868481252194,0.0,0.0,0.0,0.00048569555263034954,omni
-5.532318539962783,11.707320272100812,1.765,0.0,0.0,0.009035687569478935,0.3700674357665715,0.0019387576375827238,0.0,0.0,0.0,0.00048416626018452075,unicycle
-5.524916182234771,11.707425849740604,1.765,0.0,0.0,0.009045361263597066,0.370150484648859,0.0019326520570730281,0.0,0.0,0.0,0.0004836847059065701,omni
-5.517515486246344,11.707531445377002,1.765,0.0,0.0,0.009055004488334304,0.37006742786493757,0.0019307287089837966,0.0,0.0,0.0,0.00048216123686191115,unicycle
-5.510113129302363,11.707637005750682,1.765,0.0,0.0,0.009064638111397834,0.37015047485292113,0.0019246463909655242,0.0,0.0,0.0,0.0004816811531764629,omni
-5.502712434121216,11.707742583910223,1.765,0.0,0.0,0.009074241381320297,0.3700674166885995,0.001922728927366211,0.0,0.0,0.0,0.0004801634961232262,unicycle
-5.495310078011048,11.707848127007496,1.765,0.0,0.0,0.00908383507907548,0.37015046223882914,0.0019166698285014148,0.0,0.0,0.0,0.00047968488775930175,omni
-5.48790938367909,11.707953687681584,1.765,0.0,0.0,0.009093398539699128,0.3700674030893954,0.0019147582702250903,0.0,0.0,0.0,0.0004781730311823186,unicycle
-5.480507028437782,11.708059213493973,1.765,0.0,0.0,0.009102952457753782,0.37015044754675985,0.0019087223461035404,0.0,0.0,0.0,0.0004776959027327385,omni
-5.473106334984153,11.708164756675787,1.765,0.0,0.0,0.009112476254453682,0.3700673877088202,0.0019068167128601257,0.0,0.0,0.0,0.0004761898349950785,unicycle
-5.465703980635721,11.708270265196548,1.765,0.0,0.0,0.009121990538271693,0.3701504313313567,0.0019008039180760496,0.0,0.0,0.0,0.00047571419090056404,omni
-5.458303288080055,11.708375790880968,1.765,0.0,0.0,0.00913147481627629,0.37006737102539883,0.0018989042285191325,0.0,0.0,0.0,0.00047421390022987824,unicycle
-5.4509009346403365,11.708481282105035,1.765,0.0,0.0,0.009140949611171614,0.37015041400464177,0.0018929145167350262,0.0,0.0,0.0,0.00047373974476611834,omni
-5.443500242995251,11.708586790288578,1.765,0.0,0.0,0.009150394515556493,0.3700673533932558,0.0018910207885169308,0.0,0.0,0.0,0.00047224521924402445,unicycle
-5.436097890474072,11.708692264212495,1.765,0.0,0.0,0.009159829966686728,0.3701503958704532,0.0018850541125166667,0.0,0.0,0.0,0.0004717725565117311,omni
-5.428697199747038,11.708797754893263,1.765,0.0,0.0,0.009169235642368049,0.3700673350726887,0.0018831663623338117,0.0,0.0,0.0,0.00047028378406603703,unicycle
-5.4212948481498335,11.708903211515128,1.765,0.0,0.0,0.009178631894727724,0.37015037715145443,0.0018772226740669034,0.0,0.0,0.0,0.00046981261798381875,omni
-5.41389415834458,11.70900868469276,1.765,0.0,0.0,0.009187998486455393,0.3700673162539246,0.0018753409176974257,0.0,0.0,0.0,0.0004683295863834272,unicycle
-5.406491807673598,11.709114124012189,1.765,0.0,0.0,0.009197355684869051,0.37015035800994917,0.00186942016831643,0.0,0.0,0.0,0.0004678599206830095,omni
-5.39909111879115,11.709219579687804,1.765,0.0,0.0,0.009206683337219749,0.3700672970752957,0.001867544420651949,0.0,0.0,0.0,0.00046638261753485197,unicycle
-5.391688769046345,11.70932500170588,1.765,0.0,0.0,0.009216001626334914,0.3701503385637035,0.0018616465605447437,0.0,0.0,0.0,0.0004659144557582212,omni
-5.384288081085783,11.709430439882054,1.765,0.0,0.0,0.009225290483705033,0.37006727763697417,0.0018597768356177122,0.0,0.0,0.0,0.00046444286850595094,unicycle
-5.3768857322654675,11.709535844601287,1.765,0.0,0.0,0.009234570007985115,0.37015031889783767,0.0018539018144358597,0.0,0.0,0.0,0.00046397621400413603,omni
-5.369485045224486,11.709641265281997,1.765,0.0,0.0,0.009243820214583679,0.37006725801124335,0.001852038125443492,0.0,0.0,0.0,0.00046251032992829027,unicycle
-5.362082697325807,11.709746652706288,1.765,0.0,0.0,0.009253061118300907,0.37015029907367974,0.001846185892127511,0.0,0.0,0.0,0.00046204518586138364,omni
-5.354682011201119,11.709852055896881,1.765,0.0,0.0,0.009262272818142517,0.3700672382501158,0.001844328251453299,0.0,0.0,0.0,0.0004605849920805667,unicycle
-5.347279664220398,11.709957426031487,1.765,0.0,0.0,0.009271475245370892,0.3701502791353076,0.0018384987542559212,0.0,0.0,0.0,0.0004601213614186915,omni
-5.3398789790080325,11.710062811738647,1.765,0.0,0.0,0.009280648582268724,0.37006721839094014,0.001836647173489558,0.0,0.0,0.0,0.0004586668448915917,unicycle
-5.3324766329410185,11.710168164590138,1.765,0.0,0.0,0.009289812676877058,0.37015025911434685,0.0018308403599976001,0.0,0.0,0.0,0.0004582047304166759,omni
-5.325075948636524,11.71027353282185,1.765,0.0,0.0,0.009298947794435953,0.3700671984605019,0.0018289948499536038,0.0,0.0,0.0,0.00045675587794480826,unicycle
-5.317673603478571,11.710378868398093,1.765,0.0,0.0,0.009308073700081012,0.3701502390334711,0.0018232106671085264,0.0,0.0,0.0,0.00045629528225288427,omni
-5.3102729200771694,11.71048421916361,1.765,0.0,0.0,0.009317170741690686,0.37006717847800635,0.0018213712378438865,0.0,0.0,0.0,0.00045485208048368564,unicycle
-5.302870575823364,11.710589537473718,1.765,0.0,0.0,0.009326258601810435,0.3701502189089409,0.0018156096319615113,0.0,0.0,0.0,0.0004543930059875669,omni
-5.295469893320061,11.710694870783525,1.765,0.0,0.0,0.009335317710638792,0.37006715845723764,0.0018137762927926278,0.0,0.0,0.0,0.00045295544141784114,unicycle
-5.288067549965312,11.710800171837837,1.765,0.0,0.0,0.009344367668445793,0.3701501987524372,0.0018080372095821379,0.0,0.0,0.0,0.0004524978903501333,omni
-5.280666868354971,11.710905487703636,1.765,0.0,0.0,0.009353388987432388,0.3700671384081139,0.0018062099691013125,0.0,0.0,0.0,0.00045106594932977425,unicycle
-5.273264525894077,11.711010771513687,1.765,0.0,0.0,0.009362401185907311,0.3701501785723798,0.001800493353683876,0.0,0.0,0.0,0.00045060992374620267,omni
-5.265863845171472,11.71111606994835,1.765,0.0,0.0,0.009371384857756957,0.3700671183378037,0.001798672219775394,0.0,0.0,0.0,0.0004491835924822146,unicycle
-5.258461503599163,11.71122133652683,1.765,0.0,0.0,0.009380359439642254,0.37015015837487136,0.0017929780167022606,0.0,0.0,0.0,0.0004487290942648682,omni
-5.251060823759023,11.711326617544376,1.765,0.0,0.0,0.009389305606818754,0.37006709825152384,0.0017911629965580134,0.0,0.0,0.0,0.0004473083588250508,unicycle
-5.243658483069997,11.71143186690512,1.765,0.0,0.0,0.009398242714612473,0.3701501381643712,0.0017854911498281006,0.0,0.0,0.0,0.00044685538968588416,omni
-5.236257804107028,11.711537130520693,1.765,0.0,0.0,0.009407151519332534,0.37006707815310813,0.001783682249963066,0.0,0.0,0.0,0.0004454402360030922,unicycle
-5.2288554642959735,11.711642362678639,1.765,0.0,0.0,0.009416051295282283,0.3701501179441751,0.0017780327030405218,0.0,0.0,0.0,0.00044498879748748165,omni
-5.221454786204879,11.711747608908466,1.765,0.0,0.0,0.009424922879509554,0.3700670580454114,0.0017762299293078005,0.0,0.0,0.0,0.00044357921136359437,unicycle
-5.214052447266487,11.711852823879626,1.765,0.0,0.0,0.009433785465606633,0.37015009771675533,0.0017706026251387776,0.0,0.0,0.0,0.00044312930485379683,omni
-5.20665177004198,11.711958052741002,1.765,0.0,0.0,0.009442619971045904,0.3700670379305956,0.0017688059827444473,0.0,0.0,0.0,0.00044172527196368596,unicycle
-5.1992494319709595,11.712063250542451,1.765,0.0,0.0,0.009451445509019557,0.37015007748400114,0.0017632008637739642,0.0,0.0,0.0,0.00044127689868241293,omni
-5.191848755607778,11.71216846205371,1.765,0.0,0.0,0.009460243077111118,0.37006701781033235,0.0017614103572917957,0.0,0.0,0.0,0.0004398784045780621,unicycle
-5.18444641839886,11.712273642703545,1.765,0.0,0.0,0.009469031708422958,0.37015005724738936,0.0017558273654802203,0.0,0.0,0.0,0.00043943156559197007,omni
-5.1770457428917664,11.712378836884032,1.765,0.0,0.0,0.009477792480337085,0.3700669976859454,0.0017540429988658966,0.0,0.0,0.0,0.00043803859570634755,unicycle
-5.169643406539712,11.712484000401345,1.765,0.0,0.0,0.009486544346175676,0.3701500370081028,0.0017484820757047827,0.0,0.0,0.0,0.00043759329192949133,omni
-5.162242731883499,11.712589177271386,1.765,0.0,0.0,0.009495268462807285,0.37006697755851053,0.0017467038523098595,0.0,0.0,0.0,0.000436205831580489,unicycle
-5.154840396383103,11.712694323676251,1.765,0.0,0.0,0.009503983704082845,0.370150016767115,0.0017411649388376724,0.0,0.0,0.0,0.00043576206377782543,omni
-5.1474397225725985,11.712799483257138,1.765,0.0,0.0,0.009512671306046284,0.3700669574289262,0.001739392861423626,0.0,0.0,0.0,0.00043438009817220826,unicycle
-5.140037387918691,11.712904612570576,1.765,0.0,0.0,0.009521350063385543,0.3701499965252494,0.0017338758982415653,0.0,0.0,0.0,0.0004339378669629471,omni
-5.132636714948759,11.713009754884531,1.765,0.0,0.0,0.009530001291009544,0.37006693729796325,0.0017321099689934004,0.0,0.0,0.0,0.0004325613812000358,unicycle
-5.1252343811362095,11.713114867128489,1.765,0.0,0.0,0.009538643704750764,0.3701499762832201,0.0017266148962803787,0.0,0.0,0.0,0.00043212068706097157,omni
-5.117833709001752,11.713219992198656,1.765,0.0,0.0,0.00954725869807349,0.37006691716629864,0.0017248551168199625,0.0,0.0,0.0,0.000430749666136433,unicycle
-5.110431376025464,11.713325087395983,1.765,0.0,0.0,0.009555864908261597,0.37014995604166095,0.0017193818743475773,0.0,0.0,0.0,0.00043031050940526015,omni
-5.103030704721423,11.71343019524639,1.765,0.0,0.0,0.009564443807025891,0.3700668970345405,0.001717628245746673,0.0,0.0,0.0,0.00042894493821478,unicycle
-5.095628372576344,11.713535273420817,1.765,0.0,0.0,0.009573013953407759,0.3701499358011458,0.001712176772893617,0.0,0.0,0.0,0.00042850731909333645,omni
-5.088227702097697,11.713640364076355,1.765,0.0,0.0,0.009581556897056481,0.37006687690324436,0.0017104292956866742,0.0,0.0,0.0,0.0004271471824362298,unicycle
-5.08082537077881,11.713745425252466,1.765,0.0,0.0,0.009590091119076351,0.3701499155622027,0.0017049995314530168,0.0,0.0,0.0,0.0004267111009936023,omni
-5.0734247011205795,11.71385049873887,1.765,0.0,0.0,0.009598598246747879,0.3700668567729254,0.0017032582056498889,0.0,0.0,0.0,0.0004253563835762249,unicycle
-5.066022370622909,11.713955542942086,1.765,0.0,0.0,0.009607096683542917,0.3701498953253239,0.0016978500886712258,0.0,0.0,0.0,0.0004249218397519394,omni
-5.058621701780154,11.714060599285917,1.765,0.0,0.0,0.009615568134066742,0.37006683664406675,0.0016961149137695386,0.0,0.0,0.0,0.0004235725261913269,unicycle
-5.051219372098764,11.714165626542469,1.765,0.0,0.0,0.00962403092446271,0.37014987509097236,0.0016907283823305922,0.0,0.0,0.0,0.00042313951979837047,omni
-5.043818704066586,11.71427066577108,1.765,0.0,0.0,0.009632466836355215,0.37006681651712486,0.0016889993573277519,0.0,0.0,0.0,0.00042179559462545655,unicycle
-5.036416375196582,11.714375676107993,1.765,0.0,0.0,0.009640894118862282,0.37014985485958735,0.0016836343493756563,0.0,0.0,0.0,0.000421364125353276,omni
-5.029015707970119,11.714480698249519,1.765,0.0,0.0,0.009649294630322606,0.3700667963925347,0.0016819114727808443,0.0,0.0,0.0,0.0004200255730163073,unicycle
-5.021613379906645,11.714585691694584,1.765,0.0,0.0,0.009657686543131282,0.37014983463158757,0.0016765679259385117,0.0,0.0,0.0,0.0004195956404337203,omni
-5.014212713481077,11.714690696777918,1.765,0.0,0.0,0.009666051792037311,0.3700667762707113,0.0016748511957843523,0.0,0.0,0.0,0.0004182624453013963,unicycle
-5.006810386219318,11.714795673359678,1.765,0.0,0.0,0.009674408473014501,0.3701498144073734,0.001669529047363199,0.0,0.0,0.0,0.00041783404885954267,omni
-4.999409720589865,11.71490066141445,1.765,0.0,0.0,0.009682738596918988,0.37006675615205276,0.001667818461217102,0.0,0.0,0.0,0.00041650619522436014,unicycle
-4.992007394125045,11.715005621162176,1.765,0.0,0.0,0.009691060183604175,0.3701497941873291,0.0016625176482295734,0.0,0.0,0.0,0.00041607933425946567,omni
-4.984606729286965,11.715110592218734,1.765,0.0,0.0,0.00969935531973099,0.370066736036942,0.0016608132032049317,0.0,0.0,0.0,0.000414756806340631,unicycle
-4.977204403614348,11.715215535162402,1.765,0.0,0.0,0.009707641949332525,0.3701497739718243,0.001655533662376844,0.0,0.0,0.0,0.00041433148007680826,omni
-4.96980373956294,11.715320489251791,1.765,0.0,0.0,0.009715902234572993,0.37006671592574725,0.0016538353551440242,0.0,0.0,0.0,0.0004130142620234474,unicycle
-4.962401414677829,11.715425415422079,1.765,0.0,0.0,0.009724154043964501,0.3701497537612141,0.0016485770229266118,0.0,0.0,0.0,0.0004125904695754046,omni
-4.955000751408432,11.715530352576021,1.765,0.0,0.0,0.009732379614873889,0.370066695818823,0.0016468848497237524,0.0,0.0,0.0,0.0004112785454694291,unicycle
-4.9475984273061675,11.71563526200427,1.765,0.0,0.0,0.009740596740590792,0.3701497335558412,0.0016416476623055242,0.0,0.0,0.0,0.00041085628584511193,omni
-4.940197764814157,11.715740182255148,1.765,0.0,0.0,0.009748787733384874,0.3700666757165116,0.0016399616189489818,0.0,0.0,0.0,0.00040954963970417217,unicycle
-4.932795441490124,11.715845074973354,1.765,0.0,0.0,0.009756970311621023,0.3701497133560356,0.0016347455122670605,0.0,0.0,0.0,0.00040912891180738017,omni
-4.925394779770918,11.715949978354194,1.765,0.0,0.0,0.009765126862172778,0.3700666556191427,0.0016330655941617157,0.0,0.0,0.0,0.0004078275275877062,unicycle
-4.917992457220533,11.716054854394981,1.765,0.0,0.0,0.009773275028777192,0.37014969316211527,0.0016278705039132074,0.0,0.0,0.0,0.0004074083302206263,omni
-4.910591796269585,11.716159740939434,1.765,0.0,0.0,0.00978139727261359,0.3700666355270345,0.0016261967060625933,0.0,0.0,0.0,0.00040611219181978903,unicycle
-4.90318947448831,11.716264600336057,1.765,0.0,0.0,0.0097895111630873,0.37014967297438695,0.0016210225677155835,0.0,0.0,0.0,0.0004056945236855623,omni
-4.895788814301113,11.716369470078376,1.765,0.0,0.0,0.009797599235386206,0.3700666154404939,0.001619354884731881,0.0,0.0,0.0,0.00040440361494531685,unicycle
-4.888386493284448,11.71647431286468,1.765,0.0,0.0,0.009805678984879213,0.37014965279314627,0.0016142016335363787,0.0,0.0,0.0,0.0004039874746504116,omni
-4.880985833856533,11.71657916583971,1.765,0.0,0.0,0.009813733020466398,0.37006659535981684,0.0016125400596499737,0.0,0.0,0.0,0.0004027017793591733,unicycle
-4.873583513600011,11.716683992050124,1.765,0.0,0.0,0.009821778763774712,0.3701496326186781,0.0016074076306481408,0.0,0.0,0.0,0.0004022871654158131,omni
-4.866182854926948,11.716788828293282,1.765,0.0,0.0,0.009829798897120939,0.37006657528528875,0.001605752159717216,0.0,0.0,0.0,0.0004010066673114225,unicycle
-4.858780535426144,11.716893637962801,1.765,0.0,0.0,0.00983781076868374,0.37014961245125694,0.001600640487754011,0.0,0.0,0.0,0.00040059357813993835,omni
-4.8513798775035415,11.716998457510059,1.765,0.0,0.0,0.00984579713390198,0.3700665552171846,0.0015989911132738165,0.0,0.0,0.0,0.00039931826091211804,unicycle
-4.843977558754068,11.717103250674228,1.765,0.0,0.0,0.009853775267798844,0.3701495922911468,0.0015939001330068203,0.0,0.0,0.0,0.00039890669484323685,omni
-4.836576901577571,11.717208053562096,1.765,0.0,0.0,0.009861727998641564,0.37006653515576915,0.0015922568481188113,0.0,0.0,0.0,0.0003976365421361179,unicycle
-4.8291745835750755,11.717312830256997,1.765,0.0,0.0,0.009869672528589831,0.3701495721386021,0.001587186494028282,0.0,0.0,0.0,0.00039722649741326556,omni
-4.8217739271403675,11.717417616522514,1.765,0.0,0.0,0.009877591758446387,0.3700665151012977,0.0015855492915291473,0.0,0.0,0.0,0.00039596149282787835,unicycle
-4.814371609880541,11.717522376784743,1.765,0.0,0.0,0.009885502817798575,0.37014955199386773,0.001580499497927693,0.0,0.0,0.0,0.0003955529676093788,omni
-4.806970954183343,11.717627146465448,1.765,0.0,0.0,0.009893388679692694,0.37006649505401606,0.001578868370278003,0.0,0.0,0.0,0.0003942930947059888,unicycle
-4.799568637661907,11.717731890332105,1.765,0.0,0.0,0.009901266401434038,0.3701495318571793,0.0015738390713198403,0.0,0.0,0.0,0.0003938860870671771,omni
-4.792167982697975,11.717836643466034,1.765,0.0,0.0,0.009909119028021388,0.37006647501416085,0.0015722140106526525,0.0,0.0,0.0,0.00039263132936756523,unicycle
-4.784765666910693,11.717941370974708,1.765,0.0,0.0,0.009916963544767446,0.3701495117287632,0.0015672051403429858,0.0,0.0,0.0,0.00039222583730294037,omni
-4.777365012675822,11.718046107600383,1.765,0.0,0.0,0.009924783068333304,0.37006645498195956,0.0015655861384722685,0.0,0.0,0.0,0.000390976178292763,unicycle
-4.7699626976184915,11.718150818789134,1.765,0.0,0.0,0.009932594512327662,0.37014949160883726,0.001560597630676251,0.0,0.0,0.0,0.0003905721997181107,omni
-4.762562044108513,11.718255538945527,1.765,0.0,0.0,0.009940381064784646,0.37006643495763125,0.0015589846791050506,0.0,0.0,0.0,0.0003893276228491504,unicycle
-4.75515972977697,11.718360233852875,1.765,0.0,0.0,0.009948159567896717,0.3701494714976106,0.001554016467556546,0.0,0.0,0.0,0.0003889251556035404,omni
-4.747759076987751,11.718464937579418,1.765,0.0,0.0,0.009955913280782632,0.37006641494138653,0.0015524095574850944,0.0,0.0,0.0,0.0003876856442958118,unicycle
-4.740356763377867,11.718569616244325,1.765,0.0,0.0,0.009963658974505503,0.3701494513952841,0.0015474615757954037,0.0,0.0,0.0,0.00038728468614357945,omni
-4.732956111305311,11.718674303580881,1.765,0.0,0.0,0.009971379978981253,0.37006639493342736,0.0015458606981290201,0.0,0.0,0.0,0.00038605022378748684,unicycle
-4.725553798412994,11.718778966042752,1.765,0.0,0.0,0.009979092994429657,0.3701494313020505,0.0015409328797952582,0.0,0.0,0.0,0.0003856507724201874,omni
-4.718153147053042,11.718883637029606,1.765,0.0,0.0,0.009986781421277229,0.370066374933948,0.0015393380251520774,0.0,0.0,0.0,0.00038442134237859306,unicycle
-4.710750834410863,11.718988283332873,1.765,0.0,0.0,0.009994461888679671,0.37014943438786413,0.0015344303035654328,0.0,0.0,0.0,0.0003840233701222217,omni
-4.703350182274536,11.719092938026673,1.765,0.0,0.0,0.010002117867016248,0.37006642919510957,0.0015328415178096503,0.0,0.0,0.0,0.0003827989168288653,unicycle
-4.695947867928129,11.719197568233891,1.765,0.0,0.0,0.010009765915453824,0.37014953500675785,0.001527953911662757,0.0,0.0,0.0,0.00038240242187880316,omni
-4.688547213517802,11.719302206693493,1.765,0.0,0.0,0.010017389574521817,0.37006655815197803,0.0015263711835604306,0.0,0.0,0.0,0.0003811829533997046,unicycle
-4.681144896599928,11.719406820855673,1.765,0.0,0.0,0.010025005333550233,0.37014967880100125,0.0015215035718951903,0.0,0.0,0.0,0.00038078795142073153,omni
-4.673744239506585,11.719511443127592,1.765,0.0,0.0,0.010032596802833674,0.3700667073725853,0.0015199268517589954,0.0,0.0,0.0,0.00037957346417213104,unicycle
-4.666341919934613,11.71961604128693,1.765,0.0,0.0,0.010040180402071042,0.37014982653948225,0.0015150791394268628,0.0,0.0,0.0,0.0003791799618683822,omni
-4.658941260301874,11.71972064741156,1.765,0.0,0.0,0.010047739810980843,0.37006684922510974,0.001513508397127434,0.0,0.0,0.0,0.00037797044549010985,unicycle
-4.65153893837018,11.71982522960618,1.765,0.0,0.0,0.010055291379868863,0.37014995937251877,0.0015086805039571326,0.0,0.0,0.0,0.00037757844440101614,omni
-4.644138276586934,11.719929819621365,1.765,0.0,0.0,0.010062818857562902,0.3700669714471569,0.0015071157204100871,0.0,0.0,0.0,0.00037637388470195915,unicycle
-4.636735952737472,11.720034385887985,1.765,0.0,0.0,0.010070338525232552,0.3701500699225771,0.0015023075745459402,0.0,0.0,0.0,0.0003759833834823657,omni
-4.629335289268767,11.720138959831,1.765,0.0,0.0,0.010077834200516495,0.3700670702323195,0.0015007487365369925,0.0,0.0,0.0,0.000374783764197128,unicycle
-4.62193296396839,11.72024351020636,1.765,0.0,0.0,0.010085322095715808,0.37015015694649145,0.0014959602704417141,0.0,0.0,0.0,0.00037439475996561567,omni
-4.61453229926827,11.720348068114914,1.765,0.0,0.0,0.010092786096991466,0.3700671461327416,0.0014944073675669267,0.0,0.0,0.0,0.0003732000637830169,unicycle
-4.607129972948528,11.720452602636472,1.765,0.0,0.0,0.01010024234804951,0.3701502222112945,0.0014896385156979424,0.0,0.0,0.0,0.0003728125529022367,omni
-4.599729307420129,11.720557144549163,1.765,0.0,0.0,0.01010767480329056,0.3700672016959255,0.0014880915386197393,0.0,0.0,0.0,0.0003716227620523719,unicycle
-4.592326980452483,11.720661663255378,1.765,0.0,0.0,0.010115099538101897,0.37015026872363627,0.0014833422361357272,0.0,0.0,0.0,0.00037123674056696994,omni
-4.5849263144343455,11.720766189211856,1.765,0.0,0.0,0.010122500574844776,0.37006724015356324,0.0014818011756400165,0.0,0.0,0.0,0.0003700518371438734,unicycle
-4.577523987124506,11.720870692142242,1.765,0.0,0.0,0.010129893920865071,0.3701502997729318,0.001477071357727018,0.0,0.0,0.0,0.00036966730101480245,omni
-4.570123320890598,11.720975202183196,1.765,0.0,0.0,0.010137263666207937,0.37006726473631996,0.0014755362042549295,0.0,0.0,0.0,0.0003684872671432211,unicycle
-4.562720993482441,11.721079689378273,1.765,0.0,0.0,0.010144625750455206,0.37015031845294705,0.0014708258058133106,0.0,0.0,0.0,0.00036810421236348765,omni
-4.555320327248624,11.721184183545338,1.765,0.0,0.0,0.010151964331060729,0.37006727835156983,0.0014692965492643835,0.0,0.0,0.0,0.00036692903027619545,unicycle
-4.547917999932212,11.721288655046527,1.765,0.0,0.0,0.010159295280119116,0.3701503274562735,0.0014646055047977371,0.0,0.0,0.0,0.00036654745291943503,omni
-4.540517333865088,11.721393133382183,1.765,0.0,0.0,0.010166602822218805,0.3700672834640874,0.0014630821344807812,0.0,0.0,0.0,0.0003653771049846746,unicycle
-4.533115006785827,11.721497589231685,1.765,0.0,0.0,0.010173902762243153,0.37015032901772305,0.0014584103780908738,0.0,0.0,0.0,0.00036499700121725697,omni
-4.525714341011835,11.721602051779135,1.765,0.0,0.0,0.010181179391641952,0.37006728208414297,0.0014568928827488389,0.0,0.0,0.0,0.00036383146993999437,unicycle
-4.518312014279244,11.721706492019823,1.765,0.0,0.0,0.010188448448362244,0.37015032493343997,0.0014522403481804181,0.0,0.0,0.0,0.0003634528360146316,omni
-4.510911348892943,11.72181093882289,1.765,0.0,0.0,0.010195694290442748,0.3700672758073178,0.0014507287160472873,0.0,0.0,0.0,0.0003622921040251561,unicycle
-4.503509022588373,11.721915363498217,1.765,0.0,0.0,0.010202932589168075,0.37015031661372516,0.0014460953367517308,0.0,0.0,0.0,0.00036191493626639717,omni
-4.496108357659541,11.722019794601252,1.765,0.0,0.0,0.010210147768894158,0.370067265874671,0.001444589555618237,0.0,0.0,0.0,0.0003607589863041628,unicycle
-4.48870603184262,11.722124203755161,1.765,0.0,0.0,0.010217355434515985,0.3701503051464407,0.0014399752648189554,0.0,0.0,0.0,0.00036038328109131877,omni
-4.4813053674220615,11.722228619202964,1.765,0.0,0.0,0.010224540076435742,0.37006725323647033,0.0014384753220953873,0.0,0.0,0.0,0.00035923209598781917,unicycle
-4.4739030421359045,11.72233301287981,1.765,0.0,0.0,0.010231717233430509,0.3701502913590593,0.0014338800528472158,0.0,0.0,0.0,0.0003588578497383206,omni
-4.466502378260092,11.722437412717573,1.765,0.0,0.0,0.010238871461678534,0.3700672386112316,0.0014323859356184941,0.0,0.0,0.0,0.0003577114124013351,unicycle
-4.4591000535354,11.722541790962081,1.765,0.0,0.0,0.010246018234109656,0.37015027587387306,0.0014278096208584098,0.0,0.0,0.0,0.00035733862155599066,omni
-4.451699390230083,11.722646175235331,1.765,0.0,0.0,0.010253142172408775,0.37006722253665036,0.0014263213159298662,0.0,0.0,0.0,0.0003561969149560391,unicycle
-4.444297066088325,11.722750538092546,1.765,0.0,0.0,0.010260258683928106,0.37015025915446925,0.0014217638885182767,0.0,0.0,0.0,0.0003558255759665625,omni
-4.436896403371311,11.72285490684711,1.765,0.0,0.0,0.010267352455590618,0.37006720541163174,0.0014202813824525052,0.0,0.0,0.0,0.00035468858312561185,unicycle
-4.42949407982713,11.72295925436236,1.765,0.0,0.0,0.010274438829439505,0.37015024154345333,0.0014157427752062067,0.0,0.0,0.0,0.00035431869244453363,omni
-4.422093417710385,11.723063607644333,1.765,0.0,0.0,0.010281502557368047,0.3700671875299307,0.0014142660543519422,0.0,0.0,0.0,0.0003531863964270942,unicycle
-4.414691094773431,11.723167939863202,1.765,0.0,0.0,0.010288558916378044,0.3701502232922843,0.0014097462000696036,0.0,0.0,0.0,0.0003528179504997444,omni
-4.407290433264654,11.723272277718918,1.765,0.0,0.0,0.01029559272306616,0.370067169106486,0.0014082752505840276,0.0,0.0,0.0,0.0003516903344057735,unicycle
-4.3998881109409425,11.723376594687217,1.765,0.0,0.0,0.010302619189659443,0.3701502045844182,0.0014037740820658992,0.0,0.0,0.0,0.0003513233296641143,omni
-4.392487450044736,11.723480917163226,1.765,0.0,0.0,0.010309623197191918,0.3700671502976838,0.0014023088899319767,0.0,0.0,0.0,0.0003502003766237236,unicycle
-4.385085128337648,11.723585218926981,1.765,0.0,0.0,0.010316619893381554,0.370150185552991,0.0013978263399953021,0.0,0.0,0.0,0.00034983480948171076,omni
-4.377684468056384,11.723689526070036,1.765,0.0,0.0,0.010323594223434577,0.3700671312167407,0.0013963668910353536,0.0,0.0,0.0,0.00034871650265117475,unicycle
-4.370282146967414,11.723793812675467,1.765,0.0,0.0,0.010330561270824604,0.37015016629416503,0.0013919028925264744,0.0,0.0,0.0,0.00034835236950141564,omni
-4.3628814873018635,11.723898104532505,1.765,0.0,0.0,0.010337506044665814,0.3700671119452554,0.0013904491724127397,0.0,0.0,0.0,0.0003472386920604177,unicycle
-4.3554791668311506,11.724002376026013,1.765,0.0,0.0,0.010344443564451248,0.37015014687710296,0.0013860036582164829,0.0,0.0,0.0,0.00034687598927180983,omni
-4.348078507780946,11.72410665264415,1.765,0.0,0.0,0.010351358902939676,0.3700670925418011,0.0013845556524794726,0.0,0.0,0.0,0.0003457669244214695,unicycle
-4.340676187927672,11.724210909072307,1.765,0.0,0.0,0.010358267015906432,0.37015012735135644,0.0013801285555267117,0.0,0.0,0.0,0.0003454056483376265,omni
-4.333275529491637,11.724315170498812,1.765,0.0,0.0,0.010365153039492413,0.37006707304826875,0.0013786862495621657,0.0,0.0,0.0,0.0003443011792992792,unicycle
-4.325873210254303,11.72441941190835,1.765,0.0,0.0,0.010372031866017165,0.37015010775230256,0.0013742775028362836,0.0,0.0,0.0,0.0003439413262374766,omni
-4.3184725524306975,11.724523658190652,1.765,0.0,0.0,0.010378888694742199,0.37006705349451824,0.001372840881911005,0.0,0.0,0.0,0.0003428414362518095,unicycle
-4.311070233807337,11.724627884628449,1.765,0.0,0.0,0.010385738354792248,0.370150088105117,0.0013684504184532495,0.0,0.0,0.0,0.00034248300250251386,omni
-4.303669576594025,11.724732115814113,1.765,0.0,0.0,0.010392566108288837,0.37006703390176776,0.0013670194677101494,0.0,0.0,0.0,0.00034138767482938797,unicycle
-4.296267258582342,11.72483632732719,1.765,0.0,0.0,0.010399386721421957,0.3701500684276623,0.0013626472206244018,0.0,0.0,0.0,0.00034103065665611314,omni
-4.288866601976916,11.72494054346392,1.765,0.0,0.0,0.010406185518913447,0.37006701428505206,0.0013612219250870759,0.0,0.0,0.0,0.00033993987457447744,unicycle
-4.2814642845743895,11.725044740099428,1.765,0.0,0.0,0.010412977204277724,0.37015004873257684,0.00135686782754422,0.0,0.0,0.0,0.0003395842682138654,omni
-4.274063628574263,11.725148941235055,1.765,0.0,0.0,0.010419747164578162,0.3700669946549962,0.0013554481721212036,0.0,0.0,0.0,0.0003384980150219607,unicycle
-4.266661311778226,11.725253123040275,1.765,0.0,0.0,0.010426510040911843,0.37015002902878014,0.0013511121573632143,0.0,0.0,0.0,0.00033814381668410647,omni
-4.259260656380689,11.725357309222748,1.765,0.0,0.0,0.010433251282425842,0.370066975019091,0.001349698126851857,0.0,0.0,0.0,0.00033706207569986863,unicycle
-4.251858340188379,11.725461476245075,1.765,0.0,0.0,0.010439985468057219,0.3701500093225518,0.001345380128195439,0.0,0.0,0.0,0.0003367092815687586,omni
-4.244457685390646,11.72556564752245,1.765,0.0,0.0,0.010446698108779823,0.3700669553826051,0.0013439717072856639,0.0,0.0,0.0,0.0003356320361302725,unicycle
-4.237055369799242,11.72566979980939,1.765,0.0,0.0,0.010453403721627112,0.3701499896183026,0.0013396716581259597,0.0,0.0,0.0,0.0003352806423643589,omni
-4.229654715598484,11.725773956229833,1.765,0.0,0.0,0.010460087879143721,0.3700669357492367,0.0013382688314039566,0.0,0.0,0.0,0.0003342078758304891,unicycle
-4.222252400605129,11.725878093828996,1.765,0.0,0.0,0.010466765036714988,0.3701499699191239,0.0013339866652180895,0.0,0.0,0.0,0.0003338578785633652,omni
-4.214851746998494,11.725982235440767,1.765,0.0,0.0,0.010473420828201277,0.3700669161215758,0.0013325894171698801,0.0,0.0,0.0,0.00033278957431442935,unicycle
-4.207449432600316,11.726086358399858,1.765,0.0,0.0,0.01048006964759439,0.3701499502271774,0.0013283250675203673,0.0,0.0,0.0,0.00033244096965550653,omni
-4.200048779584942,11.726190485251319,1.765,0.0,0.0,0.010486697189816267,0.3700668965014329,0.001326933382535375,0.0,0.0,0.0,0.00033137711109392073,unicycle
-4.192646465779072,11.726294593618139,1.765,0.0,0.0,0.01049331778771885,0.3701499305439715,0.0013226867830736064,0.0,0.0,0.0,0.00033102989512916474,omni
-4.185245813352102,11.726398705757724,1.765,0.0,0.0,0.010499917197032456,0.37006687689007156,0.00132130064544798,0.0,0.0,0.0,0.00032997046568019375,unicycle
-4.1778435001356735,11.726502799580153,1.765,0.0,0.0,0.010506509689721914,0.3701499108705565,0.0013170717299172533,0.0,0.0,0.0,0.0003296246344728907,omni
-4.17044284829426,11.726606897056381,1.765,0.0,0.0,0.010513081082073618,0.3700668572883713,0.001315691123857252,0.0,0.0,0.0,0.0003285696175853737,unicycle
-4.163040535664423,11.726710976382382,1.765,0.0,0.0,0.010519645585417157,0.3701498912076612,0.0013114798260961474,0.0,0.0,0.0,0.00032822516717686395,omni
-4.155639884405733,11.72681505924385,1.765,0.0,0.0,0.010526189076343633,0.37006683769694265,0.0013101047357215023,0.0,0.0,0.0,0.00032717454632390144,unicycle
-4.148237572359652,11.726919124121455,1.765,0.0,0.0,0.010532725705798324,0.3701498715557897,0.001305910989666991,0.0,0.0,0.0,0.00032683147273442715,omni
-4.140836921680876,11.72702319241682,1.765,0.0,0.0,0.010539241410426607,0.37006681811620873,0.001304541399014111,0.0,0.0,0.0,0.00032578523141426035,unicycle
-4.133434610215736,11.727127242894127,1.765,0.0,0.0,0.010545750281039483,0.3701498519152896,0.0013003651387045651,0.0,0.0,0.0,0.0003254435306437152,omni
-4.12603396011408,11.727231296672112,1.765,0.0,0.0,0.010552238314087086,0.3700667985464614,0.001299001031729799,0.0,0.0,0.0,0.0003244016523803331,unicycle
-4.118631649227091,11.727335332797287,1.765,0.0,0.0,0.01055871954049527,0.37014983228639836,0.0012948421913081224,0.0,0.0,0.0,0.0003240613204090279,omni
-4.111230999699788,11.72743937210667,1.765,0.0,0.0,0.010565180016270328,0.3700667789879004,0.0012934835518909624,0.0,0.0,0.0,0.0003230237887529589,unicycle
-4.1038286893881795,11.727543393927931,1.765,0.0,0.0,0.010571633712701175,0.3701498126692766,0.0012893420656075387,0.0,0.0,0.0,0.0003226848215423961,omni
-4.0964280404324835,11.727647418817542,1.765,0.0,0.0,0.010578066745102603,0.3700667594406613,0.0012879888775537128,0.0,0.0,0.0,0.0003216516200713946,unicycle
-4.089025730693513,11.727751426383154,1.765,0.0,0.0,0.010584493025373906,0.3701497930640313,0.0012838646797692682,0.0,0.0,0.0,0.0003213140135650055,omni
-4.081625082306703,11.727855436901867,1.765,0.0,0.0,0.010590898727891599,0.3700667399048345,0.0012825169268137035,0.0,0.0,0.0,0.0003202851258847419,unicycle
-4.074222773137651,11.727959430260146,1.765,0.0,0.0,0.010597297705411774,0.3701497734707315,0.0012784099520020053,0.0,0.0,0.0,0.0003199488760086642,omni
-4.0668221253170325,11.72806342645688,1.765,0.0,0.0,0.010603676191126845,0.3700667203804788,0.001277067617811898,0.0,0.0,0.0,0.000318924285753468,unicycle
-4.059419816715206,11.728167405656178,1.765,0.0,0.0,0.010610047978895192,0.3701497538894199,0.0012729778005626945,0.0,0.0,0.0,0.0003185893884172889,omni
-4.0520191694581085,11.728271387579879,1.765,0.0,0.0,0.010616399360480207,0.37006670086763066,0.0012716408687404252,0.0,0.0,0.0,0.00031756907925080185,unicycle
-4.044616861420837,11.728375352668587,1.765,0.0,0.0,0.01062274407108717,0.37014973432012027,0.00126756814376198,0.0,0.0,0.0,0.00031723553034823155,omni
-4.037216214724617,11.728479320368244,1.765,0.0,0.0,0.010629068460806452,0.3700666813663105,0.0012662365978480313,0.0,0.0,0.0,0.00031621948596400397,unicycle
-4.029813907249257,11.72858327139478,1.765,0.0,0.0,0.010635386206433926,0.3701497147628426,0.0012621808999698876,0.0,0.0,0.0,0.000315887281373664,omni
-4.022413261111292,11.728687224919398,1.765,0.0,0.0,0.010641683716143843,0.37006666187652676,0.0012608547234455795,0.0,0.0,0.0,0.0003148754854959563,unicycle
-4.015010954195226,11.728791161932207,1.765,0.0,0.0,0.010647974608565482,0.37014969521758684,0.0012568159876208862,0.0,0.0,0.0,0.00031454462108201724,omni
-4.007610308612923,11.728895101330814,1.765,0.0,0.0,0.010654245349714805,0.37006664239827974,0.0012554951639111285,0.0,0.0,0.0,0.0003135370574662412,unicycle
-4.000208002253558,11.728999024378364,1.765,0.0,0.0,0.010660509500296386,0.3701496756843459,0.0012514733252192386,0.0,0.0,0.0,0.00031320752907911355,omni
-3.992807357224348,11.729102949700005,1.765,0.0,0.0,0.01066675358392664,0.3700666229315631,0.0012501578376953103,0.0,0.0,0.0,0.0003122041815125686,unicycle
-3.985405051419115,11.729206858830777,1.765,0.0,0.0,0.010672991103626432,0.3701496561631072,0.0012461528313442384,0.0,0.0,0.0,0.0003118759849895711,omni
-3.9780044069404514,11.729310770124512,1.765,0.0,0.0,0.010679208640372272,0.37006660347636583,0.0012448426633263924,0.0,0.0,0.0,0.00031087683729196305,unicycle
-3.970602101686807,11.729414665387003,1.765,0.0,0.0,0.010685419639741432,0.3701496366538536,0.0012408544246550676,0.0,0.0,0.0,0.0003105499684579535,omni
-3.96320145775617,11.729518562701895,1.765,0.0,0.0,0.010691610739831072,0.3700665840326731,0.0012395495594151255,0.0,0.0,0.0,0.00030955500448198286,unicycle
-3.9557991530515952,11.729622444144605,1.765,0.0,0.0,0.01069779532901407,0.37014961715656486,0.0012355780238957382,0.0,0.0,0.0,0.0003092294591500211,omni
-3.9483985096664895,11.729726327529722,1.765,0.0,0.0,0.010703960102269712,0.37006656460046694,0.0012342784446595957,0.0,0.0,0.0,0.00030823866278197444,unicycle
-3.94099620550849,11.729830195201156,1.765,0.0,0.0,0.010710118391004792,0.37014959767121786,0.0012303235478997336,0.0,0.0,0.0,0.00030791443675394107,omni
-3.9335955626664436,11.729934064705564,1.765,0.0,0.0,0.010716256946843075,0.37006654517972676,0.0012290292378498886,0.0,0.0,0.0,0.0003069277919142078,unicycle
-3.9261932590525492,11.730037918654228,1.765,0.0,0.0,0.010722389044462707,0.37014957819778704,0.0012250909155948138,0.0,0.0,0.0,0.00030660488098147075,omni
-3.9187926167511153,11.730141774326993,1.765,0.0,0.0,0.010728501491895208,0.3700665257704297,0.0012238018578728414,0.0,0.0,0.0,0.00030562237162517483,unicycle
-3.9113903136788792,11.730245614601388,1.765,0.0,0.0,0.01073460750732659,0.3701495587362448,0.0012198800460075888,0.0,0.0,0.0,0.0003053007715691417,omni
-3.9039896719156335,11.730349456491567,1.765,0.0,0.0,0.01074069395496032,0.370066506372551,0.0012185962237164349,0.0,0.0,0.0,0.00030432238168652374,unicycle
-3.896587369382635,11.730453283140184,1.765,0.0,0.0,0.010746773996725906,0.3701495392865617,0.0012146908582677223,0.0,0.0,0.0,0.00030400208827922545,omni
-3.8891867281551784,11.730557111296813,1.765,0.0,0.0,0.01075283455276383,0.37006648698606404,0.001213412254473991,0.0,0.0,0.0,0.0003030278018962201,unicycle
-3.8817844261590175,11.730660924368133,1.765,0.0,0.0,0.010758888728981848,0.3701495198487064,0.001209523271612217,0.0,0.0,0.0,0.000302708810900871,omni
-3.8743837854649747,11.730764738840241,1.765,0.0,0.0,0.010764923501223437,0.37006646761094036,0.0012082498693484665,0.0,0.0,0.0,0.0003017386120795267,unicycle
-3.8669814840032775,11.730868538382724,1.765,0.0,0.0,0.010770951919608458,0.3701495004226462,0.0012043772053896545,0.0,0.0,0.0,0.0003014209192510823,omni
-3.8595808438402948,11.730972339219313,1.765,0.0,0.0,0.01077696101545026,0.3700664482471503,0.0012031089876565547,0.0,0.0,0.0,0.0003004547920900687,unicycle
-3.8521785429107087,11.731076125281406,1.765,0.0,0.0,0.010782963783313776,0.3701494810083472,0.0011992525790641,0.0,0.0,0.0,0.00030013839317583486,omni
-3.8447779032764564,11.73117991253146,1.765,0.0,0.0,0.010788947309749995,0.37006642889466296,0.0011979895288327476,0.0,0.0,0.0,0.00029917632181097236,unicycle
-3.8373756028766532,11.731283685161578,1.765,0.0,0.0,0.010794924534001013,0.37014946160577405,0.0011941493122195176,0.0,0.0,0.0,0.0002988612125510694,omni
-3.829974963768825,11.731387458874048,1.765,0.0,0.0,0.010800882597624127,0.37006640955344594,0.0011928914124334673,0.0,0.0,0.0,0.0002979031811556189,unicycle
-3.8225726638964996,11.731491218120588,1.765,0.0,0.0,0.010806834384769797,0.3701494422148901,0.001189067324563228,0.0,0.0,0.0,0.0002975893572835435,omni
-3.815172025312812,11.731594978344399,1.765,0.0,0.0,0.010812767091771171,0.37006639022346544,0.001187814558140596,0.0,0.0,0.0,0.0002966353500687887,unicycle
-3.8077697259656804,11.731698724255724,1.765,0.0,0.0,0.01081869354791741,0.3701494228356574,0.0011840065359299515,0.0,0.0,0.0,0.0002963228073119339,omni
-3.8003690879038707,11.731802471039762,1.765,0.0,0.0,0.010824601004087962,0.3700663709046866,0.0011827588857654038,0.0,0.0,0.0,0.00029537280852751785,unicycle
-3.7929667890796734,11.7319062036642,1.765,0.0,0.0,0.010830502234940118,0.37014940346803693,0.0011789668662852315,0.0,0.0,0.0,0.0002950615426076694,omni
-3.7855661515375045,11.732009937057319,1.765,0.0,0.0,0.01083638454567096,0.37006635159707335,0.0011777243152519428,0.0,0.0,0.0,0.00029411553654204025,unicycle
-3.7781638532340027,11.732113656443163,1.765,0.0,0.0,0.010842260656534475,0.37014938411198867,0.001173948235729074,0.0,0.0,0.0,0.0002938055431758245,omni
-3.770763216209257,11.732217376494173,1.765,0.0,0.0,0.010848117926817606,0.37006633230058855,0.0011727107666807076,0.0,0.0,0.0,0.00029286351415653796,unicycle
-3.7633609184242354,11.732321082689674,1.765,0.0,0.0,0.010853969022598725,0.37014936476747123,0.0011689505644994838,0.0,0.0,0.0,0.0002925547890559379,omni
-3.7559602819147178,11.732424789447345,1.765,0.0,0.0,0.010859801357027729,0.37006631301519394,0.0011677181602720577,0.0,0.0,0.0,0.00029161672145014807,unicycle
-3.748557984645983,11.732528482500713,1.765,0.0,0.0,0.010865627542234187,0.3701493454344424,0.0011639737729757724,0.0,0.0,0.0,0.0002913092603229388,omni
-3.7411573486495207,11.732632176013762,1.765,0.0,0.0,0.01087143504500494,0.3700662937408499,0.0011627464163895109,0.0,0.0,0.0,0.0002903751385376476,unicycle
-3.7337550518948994,11.73273585597316,1.765,0.0,0.0,0.010877236423746698,0.3701493261128589,0.0011590177816818855,0.0,0.0,0.0,0.00029006893708788514,omni
-3.7263544164093423,11.73283953629026,1.765,0.0,0.0,0.010883019198658106,0.37006627447751655,0.001157795455543042,0.0,0.0,0.0,0.00028913874557041767,unicycle
-3.718952120166685,11.732943203203801,1.765,0.0,0.0,0.010888795874648085,0.3701493068026767,0.0011540825112896272,0.0,0.0,0.0,0.00028883379949892453,omni
-3.7115514851899025,11.733046870373569,1.765,0.0,0.0,0.010894554025102827,0.37006625522515285,0.0011528651983922654,0.0,0.0,0.0,0.00028790752273725876,unicycle
-3.70414918945708,11.733150524289316,1.765,0.0,0.0,0.010900306101657669,0.3701492875038511,0.0011491678826218103,0.0,0.0,0.0,0.00028760382774200405,omni
-3.696748554678056,11.733254178364515,1.765,0.0,0.0,0.01090603973066297,0.37006625143050537,0.0011479556072531165,0.0,0.0,0.0,0.00028668145026502427,unicycle
-3.6893462582055725,11.733357819346189,1.765,0.0,0.0,0.010911767310326236,0.3701493305905122,0.001144273921992014,0.0,0.0,0.0,0.00028637898316347023,omni
-3.681945621668634,11.733461460398734,1.765,0.0,0.0,0.010917476519536366,0.3700663453329233,0.001143066665879289,0.0,0.0,0.0,0.00028546046050655966,unicycle
-3.6745433228106847,11.733565088513528,1.765,0.0,0.0,0.010923179703885838,0.3701494558800142,0.00113940050888642,0.0,0.0,0.0,0.00028515921747349906,omni
-3.667142683540432,11.733668716603212,1.765,0.0,0.0,0.010928864594940295,0.3700664879161983,0.0011381982251205678,0.0,0.0,0.0,0.00028424455272287616,unicycle
-3.6597403818105363,11.733772331904605,1.765,0.0,0.0,0.010934543485800677,0.37014960540307706,0.001134547513615902,0.0,0.0,0.0,0.0002839445430191446,omni
-3.6523397396703414,11.733875947081287,1.765,0.0,0.0,0.010940204160413141,0.3700666372397078,0.001133350170125445,0.0,0.0,0.0,0.0002830337306231357,unicycle
-3.644937435175849,11.733979549615723,1.765,0.0,0.0,0.010945858859550517,0.3701497494671524,0.0011297148328334883,0.0,0.0,0.0,0.0002827349568687072,omni
-3.6375367904371543,11.73408315192441,1.765,0.0,0.0,0.010951495419276008,0.3700667728996689,0.0011285224060831205,0.0,0.0,0.0,0.0002818279862745099,unicycle
-3.6301344835538654,11.734186741735122,1.765,0.0,0.0,0.01095712602822163,0.3701498746496876,0.0011249023782617742,0.0,0.0,0.0,0.00028153044728111877,omni
-3.6227338366527753,11.734290331218833,1.765,0.0,0.0,0.010962738574324275,0.3700668866632931,0.0011237148493662419,0.0,0.0,0.0,0.00028062730513233876,unicycle
-3.615331527845045,11.734393908347972,1.765,0.0,0.0,0.010968345194276367,0.3701499765237066,0.001120110069784143,0.0,0.0,0.0,0.00028033099760456327,omni
-3.607930879251366,11.734497485049285,1.765,0.0,0.0,0.010973933827657394,0.3700669768463817,0.0011189274221827155,0.0,0.0,0.0,0.000279431669051379,unicycle
-3.60052856897862,11.734601049539007,1.765,0.0,0.0,0.010979516559429239,0.37015005533663226,0.0011153378313423779,0.0,0.0,0.0,0.0002791365885922713,omni
-3.593127919130881,11.734704613500817,1.765,0.0,0.0,0.010985081380590405,0.3700670450138624,0.0011141600494598224,0.0,0.0,0.0,0.0002782410580581939,unicycle
-3.585725607804131,11.734808165393805,1.765,0.0,0.0,0.010990640324585424,0.3701501135102706,0.0011105855885988345,0.0,0.0,0.0,0.00027794719975083877,omni
-3.578324957082142,11.73491171665964,1.765,0.0,0.0,0.010996181433612816,0.3700670941028658,0.0011094126571152834,0.0,0.0,0.0,0.0002770554513697377,unicycle
-3.570922645048369,11.735015255999263,1.765,0.0,0.0,0.011001716689814879,0.37015015424738634,0.0011058532676815314,0.0,0.0,0.0,0.00027676281010316224,omni
-3.5635219937661784,11.735118794613362,1.765,0.0,0.0,0.011007234186374058,0.3700671274025961,0.0011046851711671189,0.0,0.0,0.0,0.0002758748279589866,unicycle
-3.5561196813073837,11.735222321443695,1.765,0.0,0.0,0.011012745854346102,0.37015018079811796,0.0011011407945726872,0.0,0.0,0.0,0.0002755833986021791,omni
-3.54871902971654,11.735325847450964,1.765,0.0,0.0,0.01101823983768315,0.3700671480392211,0.001099977517332798,0.0,0.0,0.0,0.00027469916685243627,unicycle
-3.5413167170557927,11.735429361816706,1.765,0.0,0.0,0.011023728016569947,0.37015019611012295,0.0010964480948653559,0.0,0.0,0.0,0.0002744089443398812,omni
-3.5339160653531256,11.735532875262617,1.765,0.0,0.0,0.011029198585515394,0.37006715874982665,0.001095289620901058,0.0,0.0,0.0,0.0002735284472723011,unicycle
-3.5265137526633015,11.735636377208976,1.765,0.0,0.0,0.011034663374048181,0.37015020269421023,0.0010917750937179897,0.0,0.0,0.0,0.00027323942663936434,omni
-3.51911310100005,11.735739878139457,1.765,0.0,0.0,0.011040110627022008,0.3700671618149485,0.0010906214067444115,0.0,0.0,0.0,0.00027236264869135113,unicycle
-3.5117107884129575,11.735843367712045,1.765,0.0,0.0,0.011045552123523655,0.3701502026047764,0.0010871217159061607,0.0,0.0,0.0,0.00027207482508248115,omni
-3.5043101369036247,11.735946856173369,1.765,0.0,0.0,0.011050976158540478,0.37006715907245147,0.0010859727993960604,0.0,0.0,0.0,0.0002712017508410756,unicycle
-3.4969078245184058,11.736050333418094,1.765,0.0,0.0,0.011056394460930563,0.37015019747620814,0.0010824878859143207,0.0,0.0,0.0,0.0002709151195041901,omni
-3.4895071732485947,11.736153809456784,1.765,0.0,0.0,0.011061795375604495,0.37006715196829204,0.0010813437231483767,0.0,0.0,0.0,0.0002700457336965459,unicycle
-3.48210486113894,11.736257274419767,1.765,0.0,0.0,0.011067190581403926,0.3701501885819771,0.0010778735280353134,0.0,0.0,0.0,0.0002697602899714473,omni
-3.4747042101719314,11.736360738082519,1.765,0.0,0.0,0.011072568472952965,0.37006714161956084,0.00107673410215002,0.0,0.0,0.0,0.0002688945774519164,unicycle
-3.4673018983920216,11.736464190810018,1.765,0.0,0.0,0.011077940679288103,0.37015017689850427,0.0010732785664628295,0.0,0.0,0.0,0.00026861031675686804,omni
-3.4599012477741007,11.736567642143632,1.765,0.0,0.0,0.011083295644537972,0.37006712887700205,0.0010721438604918542,0.0,0.0,0.0,0.0002677482624933947,unicycle
-3.452498936363354,11.736671082681982,1.765,0.0,0.0,0.011088644948144212,0.37015016316488825,0.0010687029253697669,0.0,0.0,0.0,0.00026746518031185013,omni
-3.445098286128014,11.736774521733304,1.765,0.0,0.0,0.011093977083531673,0.3700671143810406,0.001067572922277636,0.0,0.0,0.0,0.0002666067693731141,unicycle
-3.437695975114794,11.736877950128877,1.765,0.0,0.0,0.011099303580756512,0.37015014793471845,0.001064146528971412,0.0,0.0,0.0,0.0002663248612420943,omni
-3.430295325285998,11.736981376944783,1.765,0.0,0.0,0.01110461298233225,0.3700670986091566,0.0010630212116801525,0.0,0.0,0.0,0.00026547007878682767,unicycle
-3.422893014690467,11.737084793243952,1.765,0.0,0.0,0.01110991676913799,0.3701501316189883,0.0010596093015750635,0.0,0.0,0.0,0.0002651893402869592,omni
-3.415492365285132,11.737188207871288,1.765,0.0,0.0,0.011115203532569081,0.3700670819144546,0.001058488652984085,0.0,0.0,0.0,0.000264338171554581,unicycle
-3.408090055121412,11.737291612120398,1.765,0.0,0.0,0.011120484704535116,0.37015011452053215,0.0010550911676162659,0.0,0.0,0.0,0.0002640585983017603,omni
-3.4006894061512867,11.737395014605973,1.765,0.0,0.0,0.01112574892510721,0.37006706455623706,0.001053975170617117,0.0,0.0,0.0,0.00026321102860478375,unicycle
-3.393287096429083,11.73749840685132,1.765,0.0,0.0,0.01113100757743208,0.3701500968610343,0.0010505920516859146,0.0,0.0,0.0,0.000262932616243493,omni
-3.385886447902147,11.737601797241881,1.765,0.0,0.0,0.011136249350051312,0.3700670467237608,0.0010494806891730994,0.0,0.0,0.0,0.000262088630961456,unicycle
-3.3784841386279543,11.737705177529692,1.765,0.0,0.0,0.011141485577554502,0.3701500788018441,0.0010461118785496924,0.0,0.0,0.0,0.00026181137515957553,omni
-3.3710834905494576,11.737808555871926,1.765,0.0,0.0,0.011146704996749194,0.37006702855441204,0.0010450051334283867,0.0,0.0,0.0,0.000260970959734397,unicycle
-3.363681181727451,11.737911924248362,1.765,0.0,0.0,0.011151918893872775,0.37015006045979737,0.001041650573161819,0.0,0.0,0.0,0.00026069485617915287,omni
-3.3562805341006734,11.738015290588862,1.765,0.0,0.0,0.011157116053795001,0.3700670101474408,0.0010405484283532997,0.0,0.0,0.0,0.0002598579961114065,unicycle
-3.34887822573336,11.738118647099999,1.765,0.0,0.0,0.011162307714605125,0.37015004191910794,0.0010372080606745177,0.0,0.0,0.0,0.00025958304050617163,omni
-3.341477578560171,11.738222001485273,1.765,0.0,0.0,0.01116748270903217,0.3700669915742325,0.0010361104991198696,0.0,0.0,0.0,0.0002587497213521452,unicycle
-3.3340752706488654,11.738325346177088,1.765,0.0,0.0,0.01117265222722045,0.37015002324022156,0.0010327842664442824,0.0,0.0,0.0,0.000258475909414087,omni
-3.3266746239301277,11.738428688653556,1.765,0.0,0.0,0.011177805149556123,0.37006697288592505,0.0010316912711069476,0.0,0.0,0.0,0.0002576461167836901,unicycle
-3.3192723164752946,11.738532021571942,1.765,0.0,0.0,0.011182952618440961,0.3701500044663565,0.0010283791160360777,0.0,0.0,0.0,0.0002573734442419535,omni
-3.311871670211156,11.738635352185913,1.765,0.0,0.0,0.011188083561716902,0.37006695411901547,0.0010272906699036967,0.0,0.0,0.0,0.00025654716379695054,unicycle
-3.304469363212661,11.738738673376659,1.765,0.0,0.0,0.011193209074244728,0.3701499856283019,0.001023992535226278,0.0,0.0,0.0,0.00025627562639131207,omni
-3.2970687174027655,11.738841992174347,1.765,0.0,0.0,0.01119831813112161,0.3700669352994599,0.0010229086213119978,0.0,0.0,0.0,0.0002554528438440964,unicycle
-3.2896664108600535,11.738945301683136,1.765,0.0,0.0,0.011203421779868092,0.37014996674791695,0.0010196244500045774,0.0,0.0,0.0,0.00025518243732396,omni
-3.2822657655036944,11.739048608710645,1.765,0.0,0.0,0.011208509042636821,0.3700669164456567,0.001018545051347893,0.0,0.0,0.0,0.00025436313843653466,unicycle
-3.274863459415915,11.739151906583059,1.765,0.0,0.0,0.011213590919808026,0.37014994784066974,0.0010152747865750087,0.0,0.0,0.0,0.0002540938585602322,omni
-3.2674628145121405,11.739255201886387,1.765,0.0,0.0,0.011218656480390898,0.3700668975706044,0.0010141998862425797,0.0,0.0,0.0,0.0002532780291435423,unicycle
-3.2600605088782415,11.739358488167898,1.765,0.0,0.0,0.011223716677824458,0.3701499289174701,0.0010109434713571528,0.0,0.0,0.0,0.0002530098716779631,omni
-3.2526598644259304,11.73946177179293,1.765,0.0,0.0,0.011228760627776288,0.37006687868345683,0.0010098730524433857,0.0,0.0,0.0,0.00025219749759152496,unicycle
-3.24525755924472,11.739565046528904,1.765,0.0,0.0,0.011233799236942522,0.37014990998598724,0.0010066304309866176,0.0,0.0,0.0,0.00025193045831168367,omni
-3.237856915242639,11.739668318521414,1.765,0.0,0.0,0.01123882166745178,0.3700668597906383,0.0010055644766142177,0.0,0.0,0.0,0.00025112152546294386,unicycle
-3.2304546105128336,11.7397715817571,1.765,0.0,0.0,0.011243838779454812,0.37014989105159385,0.0010023355923157399,0.0,0.0,0.0,0.0002508556001517505,omni
-3.2230539669596743,11.73987484216275,1.765,0.0,0.0,0.01124883978134473,0.37006684089664216,0.0010012740856362636,0.0,0.0,0.0,0.00025005009449592143,unicycle
-3.2156516626799303,11.73997809394329,1.765,0.0,0.0,0.011253835486923616,0.3701498721180395,0.0009980588824141322,0.0,0.0,0.0,0.00024978527894419775,omni
-3.2082510195743366,11.740081342807624,1.765,0.0,0.0,0.011258815150653296,0.37006682200459845,0.0009970018066084653,0.0,0.0,0.0,0.00024898318648418653,unicycle
-3.2008487157432732,11.740184583178042,1.765,0.0,0.0,0.011263789540183106,0.37014985318792976,0.0009938002285691328,0.0,0.0,0.0,0.00024871947649051426,omni
-3.193448073083859,11.740287820546492,1.765,0.0,0.0,0.011268747955848635,0.37006680311667745,0.0009927475668480388,0.0,0.0,0.0,0.00024792078327653564,unicycle
-3.186045769700073,11.740391049551704,1.765,0.0,0.0,0.011273701119341582,0.37014983426306514,0.0009895595582864463,0.0,0.0,0.0,0.00024765817464730106,omni
-3.1786451274854386,11.74049427546958,1.765,0.0,0.0,0.01127863837667712,0.370066784234375,0.0009885112938910544,0.0,0.0,0.0,0.00024686286677698654,unicycle
-3.1712428245475173,11.740597493154379,1.765,0.0,0.0,0.01128357040378365,0.3701498153446821,0.0009853367992905574,0.0,0.0,0.0,0.00024660135532642653,omni
-3.163842182776256,11.740700707666875,1.765,0.0,0.0,0.011288486592162542,0.3700667653587153,0.0009842929154928576,0.0,0.0,0.0,0.0002458094189446338,unicycle
-3.1564398802827838,11.74080391407594,1.765,0.0,0.0,0.01129339757217244,0.37014979643362245,0.000981131879525258,0.0,0.0,0.0,0.00024554900049489955,omni
-3.1490392389534883,11.740907117228131,1.765,0.0,0.0,0.011298292780608312,0.37006674649039223,0.0009800923596286941,0.0,0.0,0.0,0.00024476042179373157,unicycle
-3.1416369369030526,11.741010312406024,1.765,0.0,0.0,0.011303182802451815,0.37014977753045203,0.0009769447271543619,0.0,0.0,0.0,0.0002445010921750345,omni
-3.1342362960143215,11.741113504242865,1.765,0.0,0.0,0.01130805711959969,0.37006672762986936,0.0009759095544943448,0.0,0.0,0.0,0.0002437158573938581,unicycle
-3.126833994405516,11.741216688234022,1.765,0.0,0.0,0.011312926271848578,0.37014975863554467,0.0009727752705621567,0.0,0.0,0.0,0.00024345761244450918,omni
-3.119433353955956,11.741319868800346,1.765,0.0,0.0,0.011317779786005976,0.3700667087774503,0.0009717444285065412,0.0,0.0,0.0,0.00024267570786980886,unicycle
-3.112031052787383,11.741423041649096,1.765,0.0,0.0,0.011322628156874704,0.3701497397491407,0.0009686234383538721,0.0,0.0,0.0,0.0002424185434363679,omni
-3.104630412775609,11.741526210989612,1.765,0.0,0.0,0.011327460955982742,0.37006668993332725,0.0009675969103036369,0.0,0.0,0.0,0.000241639955401869,unicycle
-3.0972281120458818,11.74162937274015,1.765,0.0,0.0,0.011332288633329525,0.37014972087138776,0.0009644891593566334,0.0,0.0,0.0,0.00024138386733920517,omni
-3.089827472470522,11.741732530899446,1.765,0.0,0.0,0.011337100804974036,0.370066671097615,0.0009634669287463567,0.0,0.0,0.0,0.00024060858222569697,unicycle
-3.082425172178266,11.741835681595854,1.765,0.0,0.0,0.011341907876301982,0.37014970200236913,0.0009603723626197197,0.0,0.0,0.0,0.00024035356639718976,omni
-3.0750245330379595,11.741938828618395,1.765,0.0,0.0,0.011346699507714638,0.3700666522703755,0.0009593544129181166,0.0,0.0,0.0,0.00023958157063274607,unicycle
-3.067622233181813,11.74204196830463,1.765,0.0,0.0,0.011351486060172847,0.37014968314212426,0.0009562729774152743,0.0,0.0,0.0,0.0002393276229104163,omni
-3.060221594475213,11.742145104234755,1.765,0.0,0.0,0.011356257238232253,0.37006663345163354,0.0009552592921257472,0.0,0.0,0.0,0.00023855890297026655,unicycle
-3.0528192950538267,11.742248232954651,1.765,0.0,0.0,0.01136102335861695,0.37014966429066154,0.0009521909332388127,0.0,0.0,0.0,0.00023830601923486655,omni
-3.0454186567795984,11.742351357836574,1.765,0.0,0.0,0.011365774169849777,0.37006661464138846,0.0009511814958999395,0.0,0.0,0.0,0.000237540561641416,unicycle
-3.038016357791637,11.742454475633844,1.765,0.0,0.0,0.011370519944605428,0.3701496454479684,0.0009481261598096987,0.0,0.0,0.0,0.00023728873778253108,omni
-3.0306157199484596,11.742557589511652,1.765,0.0,0.0,0.011375250475187537,0.37006659583962226,0.000947120953995718,0.0,0.0,0.0,0.00023652652910530704,unicycle
-3.0232134213926014,11.742660696429876,1.765,0.0,0.0,0.011379975990407964,0.37014962661401807,0.000944078587071593,0.0,0.0,0.0,0.00023627576102152283,omni
-3.0158127839791677,11.74276379934753,1.765,0.0,0.0,0.011384686326165513,0.37006657704630486,0.0009430775963929598,0.0,0.0,0.0,0.00023551678787726735,unicycle
-3.008410485854104,11.742866895430172,1.765,0.0,0.0,0.011389391667595037,0.37014960778877354,0.0009400481451930945,0.0,0.0,0.0,0.00023526707147627666,omni
-3.0010098488691197,11.742969987431508,1.765,0.0,0.0,0.011394081894005615,0.370066558261398,0.0009390513532970058,0.0,0.0,0.0,0.00023451132052885662,unicycle
-2.993607551173556,11.7430730727219,1.765,0.0,0.0,0.011398767147040164,0.3701495889721914,0.0009360347645682293,0.0,0.0,0.0,0.00023426265172762076,omni
-2.986206914615742,11.743176153850621,1.765,0.0,0.0,0.011403437349233927,0.37006653948485835,0.0009350421551390683,0.0,0.0,0.0,0.00023351010968813174,unicycle
-2.978804617348397,11.743279228391971,1.765,0.0,0.0,0.011408102598922184,0.3701495701642236,0.0009320383758168051,0.0,0.0,0.0,0.00023326248441294742,omni
-2.9714039812164867,11.743382298691657,1.765,0.0,0.0,0.011412752861682977,0.37006652071663804,0.0009310499325766126,0.0,0.0,0.0,0.00023251313803955464,unicycle
-2.9640016843760932,11.743485362527046,1.765,0.0,0.0,0.011417398192727496,0.3701495513648191,0.0009280589097848651,0.0,0.0,0.0,0.00023226655222618583,omni
-2.9566010486688326,11.743588422041142,1.765,0.0,0.0,0.01142202860049398,0.3700665019566874,0.0009270746164938352,0.0,0.0,0.0,0.00023152038832422405,unicycle
-2.949198752254136,11.743691475213524,1.765,0.0,0.0,0.011426654097252341,0.3701495325739247,0.0009240962975451592,0.0,0.0,0.0,0.0002312748379179826,omni
-2.9417981169702854,11.743794523985349,1.765,0.0,0.0,0.011431264734119139,0.3700664832049547,0.0009231161380020225,0.0,0.0,0.0,0.0002305318433398201,unicycle
-2.9343958209800456,11.743897566537546,1.765,0.0,0.0,0.011435870480605055,0.370149513791486,0.0009201504703973301,0.0,0.0,0.0,0.00023028732429575027,omni
-2.92699518611838,11.744000604610287,1.765,0.0,0.0,0.011440461430323873,0.3700664644613873,0.0009191744284398246,0.0,0.0,0.0,0.0002295474859409552,unicycle
-2.919592890551369,11.744103636584997,1.765,0.0,0.0,0.011445047510208351,0.3701494950174475,0.000916221359868429,0.0,0.0,0.0,0.00022930399422390455,omni
-2.912192256110674,11.744206664001712,1.765,0.0,0.0,0.011449618856189133,0.37006644572593156,0.000915249419373744,0.0,0.0,0.0,0.0002285672990390523,unicycle
-2.9047899609656778,11.744309685441499,1.765,0.0,0.0,0.011454185352801613,0.3701494762517532,0.0009123088977132125,0.0,0.0,0.0,0.00022832483062378527,omni
-2.8973893269447535,11.744412702245112,1.765,0.0,0.0,0.011458737178113661,0.37006642699853337,0.0009113410425983373,0.0,0.0,0.0,0.00022759126560254955,unicycle
-2.8899870322205707,11.744515713192415,1.765,0.0,0.0,0.011463284174443138,0.37014945749434675,0.0009084130159143124,0.0,0.0,0.0,0.00022734981647379838,omni
-2.8825863986182303,11.744618719425722,1.765,0.0,0.0,0.011467816561816276,0.37006640827913856,0.0009074492301364583,0.0,0.0,0.0,0.00022661936865677344,unicycle
-2.8751841043136723,11.744721719922843,1.765,0.0,0.0,0.011472344140512463,0.3701494387451718,0.000904533646682612,0.0,0.0,0.0,0.000226378934809396,omni
-2.8677834711287407,11.744824715628503,1.765,0.0,0.0,0.011476857172338146,0.37006638956769317,0.0009035739142395928,0.0,0.0,0.0,0.00022565159128424574,unicycle
-2.8603811772426315,11.74492770571762,1.765,0.0,0.0,0.01148136541571261,0.3701494200041721,0.0009006707224574334,0.0,0.0,0.0,0.00022541216872325615,omni
-2.8529805444739464,11.745030690938163,1.765,0.0,0.0,0.011485859174045102,0.3700663708641427,0.0008997150273880395,0.0,0.0,0.0,0.00022468791662446958,unicycle
-2.845578251005124,11.74513367066132,1.765,0.0,0.0,0.011490348164072404,0.3701494012712912,0.0008968241759067988,0.0,0.0,0.0,0.00022444950136517986,omni
-2.838177618651537,11.74523664543914,1.765,0.0,0.0,0.011494822730629888,0.37006635216843303,0.0008958725022911799,0.0,0.0,0.0,0.00022372832787423587,unicycle
-2.8307753255988515,11.74533961483825,1.765,0.0,0.0,0.011499292548948735,0.37014938254647267,0.0008929939399276628,0.0,0.0,0.0,0.00022349091594236757,omni
-2.823374693659226,11.745442579215608,1.765,0.0,0.0,0.01150374800511449,0.3700663334805098,0.0008920462718876671,0.0,0.0,0.0,0.0002227728082876048,unicycle
-2.815972401021538,11.745545538332452,1.765,0.0,0.0,0.011508198733028876,0.37014936382966035,0.0008891799476460573,0.0,0.0,0.0,0.00022253639571933215,omni
-2.8085717694947494,11.74564849235148,1.765,0.0,0.0,0.01151263515985239,0.37006631480031926,0.0008882362693456098,0.0,0.0,0.0,0.00022182134117589204,unicycle
-2.8011694772709346,11.745751441227704,1.765,0.0,0.0,0.011517066878332748,0.37014934512079833,0.0008853821324173597,0.0,0.0,0.0,0.0002215859240178713,omni
-2.7937688461558707,11.745854384930396,1.765,0.0,0.0,0.011521484356530899,0.37006629612780745,0.000884442428062628,0.0,0.0,0.0,0.00022087390990757562,unicycle
-2.786366554344816,11.745957323607517,1.765,0.0,0.0,0.011525897146215242,0.3701493264198308,0.0008816004278259726,0.0,0.0,0.0,0.0002206394842171335,omni
-2.7789659236403774,11.74606025703573,1.765,0.0,0.0,0.011530295756173413,0.3700662774629206,0.0008806646816657473,0.0,0.0,0.0,0.00021993049790864673,unicycle
-2.771563632240981,11.746163185555133,1.765,0.0,0.0,0.011534689697368487,0.3701493077267017,0.0008778347676857747,0.0,0.0,0.0,0.0002196970597538201,omni
-2.764163001946079,11.746266108750595,1.765,0.0,0.0,0.011539069519141736,0.37006625880560484,0.0008769029640118734,0.0,0.0,0.0,0.0002189910886624092,unicycle
-2.756760710957251,11.746369027153527,1.765,0.0,0.0,0.011543444691824176,0.3701492890413557,0.0008740850860402944,0.0,0.0,0.0,0.00021875863412198064,omni
-2.7493600810708103,11.746471940157823,1.765,0.0,0.0,0.011547805805138367,0.37006624015580736,0.0008731572091877426,0.0,0.0,0.0,0.00021805566570951316,unicycle
-2.7419577904914747,11.746574848485402,1.765,0.0,0.0,0.01155216228895583,0.3701492703637378,0.0008703513171624974,0.0,0.0,0.0,0.0002178241908730734,omni
-2.73455716101243,11.74667775133999,1.765,0.0,0.0,0.011556504773208787,0.37006622151347457,0.0008694273515098449,0.0,0.0,0.0,0.00021712421264791215,unicycle
-2.7271548708415216,11.746780649633196,1.765,0.0,0.0,0.011560842647481105,0.37014925169379237,0.0008666333955550194,0.0,0.0,0.0,0.00021689371361600842,omni
-2.7197542417688214,11.746883542379395,1.765,0.0,0.0,0.011565166581743768,0.3700662028785534,0.0008657133255246554,0.0,0.0,0.0,0.00021619671313310103,unicycle
-2.712351952005285,11.746986430679078,1.765,0.0,0.0,0.011569485925464112,0.37014923303146463,0.0008629312559502051,0.0,0.0,0.0,0.00021596718601728186,omni
-2.7049513233378875,11.747089313358067,1.765,0.0,0.0,0.011573791388481674,0.37006618425099097,0.0008620150660085303,0.0,0.0,0.0,0.00021527315087797297,unicycle
-2.697549033980681,11.74719219170494,1.765,0.0,0.0,0.011578092280317693,0.37014921437669984,0.0008592448333099023,0.0,0.0,0.0,0.00021504459180080106,omni
-2.690148405717557,11.747295064357768,1.765,0.0,0.0,0.011582379350510747,0.37006616563073474,0.0008583325079676758,0.0,0.0,0.0,0.0002143535096527628,unicycle
-2.68274611676565,11.747397932792413,1.765,0.0,0.0,0.011586661868805708,0.37014919572944366,0.0008555740628257617,0.0,0.0,0.0,0.0002141259147479059,omni
-2.6753454885968733,11.747500795464187,1.765,0.0,0.0,0.01159093062427141,0.3700661624645459,0.0008546656175172216,0.0,0.0,0.0,0.0002134377732851177,unicycle
-2.667943198801861,11.74760365404307,1.765,0.0,0.0,0.011595194846764184,0.37014923946400446,0.0008519189582901348,0.0,0.0,0.0,0.0002132111246387042,omni
-2.6605425687728426,11.747706506798773,1.765,0.0,0.0,0.011599445364563763,0.3700662569921149,0.0008510143768359966,0.0,0.0,0.0,0.0002125258899788521,unicycle
-2.65314027649,11.74780935558224,1.765,0.0,0.0,0.011603691368245874,0.3701493653978897,0.000848279424367619,0.0,0.0,0.0,0.00021230018410556704,omni
-2.645739643626411,11.747912198474339,1.765,0.0,0.0,0.011607923725401747,0.3700664001970574,0.0008473786693334324,0.0,0.0,0.0,0.0002116178577935046,unicycle
-2.638337348370327,11.748015037508402,1.765,0.0,0.0,0.011612151587421064,0.37014951556157166,0.0008446553590073118,0.0,0.0,0.0,0.00021139310096586546,omni
-2.630936712536603,11.748117870578962,1.765,0.0,0.0,0.011616365860983633,0.3700665501385686,0.0008437584040473063,0.0,0.0,0.0,0.00021071367812846147,unicycle
-2.623534414415686,11.748220699902257,1.765,0.0,0.0,0.011620575658417344,0.37014966026237206,0.0008410466798654358,0.0,0.0,0.0,0.0002104898716854297,omni
-2.6161337758843186,11.748323523188231,1.765,0.0,0.0,0.011624771925292134,0.3700666864127728,0.0008401535050333004,0.0,0.0,0.0,0.00020981334373944765,unicycle
-2.6087314752754187,11.748426342835977,1.765,0.0,0.0,0.011628963735016052,0.3701497860776759,0.0008374533159166886,0.0,0.0,0.0,0.00020959048619585436,omni
-2.6013308344835546,11.74852915637218,1.765,0.0,0.0,0.011633142071865747,0.37006680078683973,0.0008365639047732287,0.0,0.0,0.0,0.00020891684248457602,unicycle
-2.593928531852066,11.748631966378396,1.765,0.0,0.0,0.011637315970481702,0.3701498885804832,0.0008338752023115646,0.0,0.0,0.0,0.00020869493079774405,omni
-2.586527889270543,11.74873477019911,1.765,0.0,0.0,0.011641476453673026,0.3700668915765572,0.0008329895401934771,0.0,0.0,0.0,0.00020802415956621635,unicycle
-2.579125585076922,11.748837570597757,1.765,0.0,0.0,0.011645632517470719,0.37014996801821354,0.0008303122773220871,0.0,0.0,0.0,0.0002078031898846624,omni
-2.571724941145292,11.74894036473753,1.765,0.0,0.0,0.01164977522304773,0.3700669603468547,0.0008294303503449726,0.0,0.0,0.0,0.00020713527885058233,unicycle
-2.5643226358015707,11.749043155563044,1.765,0.0,0.0,0.011653913527986668,0.3701500268126803,0.0008267644806008335,0.0,0.0,0.0,0.00020691524694689526,omni
-2.5569219909006558,11.749145940057012,1.765,0.0,0.0,0.011658038531659183,0.37006701003487164,0.000825886275115033,0.0,0.0,0.0,0.00020625018362572568,unicycle
-2.549519684754826,11.749248721344486,1.765,0.0,0.0,0.011662159153361964,0.37015006816665985,0.0008232317522450623,0.0,0.0,0.0,0.00020603108513909566,omni
-2.542119039199679,11.74935149622847,1.765,0.0,0.0,0.011666266530502411,0.3700670439298232,0.0008223572545629949,0.0,0.0,0.0,0.0002053688570224324,unicycle
-2.5347167325347444,11.749454268013668,1.765,0.0,0.0,0.011670369544254171,0.37015009533030374,0.000819714032340099,0.0,0.0,0.0,0.0002051506875880801,omni
-2.52731608657791,11.749557033324121,1.765,0.0,0.0,0.011674459369898879,0.37006706515788923,0.0008188432286201919,0.0,0.0,0.0,0.00020449128223536285,unicycle
-2.5199137796179327,11.749659795643398,1.765,0.0,0.0,0.011678544850649836,0.3701501112512826,0.0008162112607760754,0.0,0.0,0.0,0.00020427403754789237,omni
-2.5125131334572246,11.749762551417303,1.765,0.0,0.0,0.011682617199502398,0.3700670764561669,0.0008153441369924219,0.0,0.0,0.0,0.00020361744262813454,unicycle
-2.5051108263760655,11.749865304307487,1.765,0.0,0.0,0.011686685221871758,0.37015011844041734,0.0008127233772122602,0.0,0.0,0.0,0.00020340111846779788,omni
-2.4977101801637005,11.749968050582261,1.765,0.0,0.0,0.01169074016830724,0.3700670801052021,0.0008118599191676387,0.0,0.0,0.0,0.0002027473217741404,unicycle
-2.490307873094143,11.750070794080557,1.765,0.0,0.0,0.011694790806587496,0.37015011895211575,0.0008092503211141376,0.0,0.0,0.0,0.00020253191401263334,omni
-2.4829072269455916,11.75017353089392,1.765,0.0,0.0,0.011698828424656731,0.37006707794286925,0.0008083905144716217,0.0,0.0,0.0,0.00020188090346171385,unicycle
-2.4755049199877432,11.75027626503779,1.765,0.0,0.0,0.011702861752817886,0.3701501144207751,0.0008057920318197623,0.0,0.0,0.0,0.0002016664080578066,omni
-2.468104273989568,11.750378992427677,1.765,0.0,0.0,0.01170688211625154,0.3700670714151336,0.0008049358621392454,0.0,0.0,0.0,0.0002010181716826629,unicycle
-2.4607019672180774,11.750481717254761,1.765,0.0,0.0,0.011710898207945011,0.3701501061198763,0.0008023484486118896,0.0,0.0,0.0,0.00020080458467341405,omni
-2.4533013214345107,11.750584435259242,1.765,0.0,0.0,0.011714901390157283,0.37006706163909325,0.0008014959013849212,0.0,0.0,0.0,0.00020015911061354623,unicycle
-2.4458990149045072,11.750687150807277,1.765,0.0,0.0,0.011718900318719366,0.37015009502584884,0.0007989195107850449,0.0,0.0,0.0,0.0001999464281041151,omni
-2.4384983693827738,11.75078985946449,1.765,0.0,0.0,0.011722886392811271,0.3700670494654994,0.000798070571464977,0.0,0.0,0.0,0.0001993037045951772,unicycle
-2.4310960631346155,11.750892565771252,1.765,0.0,0.0,0.011726868231266245,0.37015008187779985,0.0007955051577024947,0.0,0.0,0.0,0.00019909192274880687,omni
-2.423695417909143,11.750995265119352,1.765,0.0,0.0,0.011730837270028504,0.3700670355347845,0.0007946598117287952,0.0,0.0,0.0,0.00019845193811285776,unicycle
-2.4162931119721254,11.751097962222621,1.765,0.0,0.0,0.011734802091091342,0.37015006722932725,0.0007921053288414825,0.0,0.0,0.0,0.00019824105314188872,omni
-2.4088924670677994,11.751200652299737,1.765,0.0,0.0,0.011738754167006921,0.3700670203244356,0.000791263561658674,0.0,0.0,0.0,0.00019760379577895887,unicycle
-2.4014901614630073,11.75130334023725,1.765,0.0,0.0,0.011742702043085666,0.37015005149143293,0.000788719963828237,0.0,0.0,0.0,0.00019739380393732212,omni
-2.394089516897662,11.751406021081461,1.765,0.0,0.0,0.011746637228332036,0.3700670041875645,0.0007878817609001293,0.0,0.0,0.0,0.00019675926231852163,unicycle
-2.386687211640132,11.751508699890895,1.765,0.0,0.0,0.011750568231529944,0.3701500349669593,0.0007853490024638468,0.0,0.0,0.0,0.0001965501598953236,omni
-2.379286567426423,11.751611371540202,1.765,0.0,0.0,0.011754486597981078,0.37006698738348054,0.0007845143492837984,0.0,0.0,0.0,0.00019591832255674775,unicycle
-2.3718842625267658,11.751714041259145,1.765,0.0,0.0,0.011758400800098502,0.3701500178775991,0.0007819923847426447,0.0,0.0,0.0,0.00019571010587117742,omni
-2.364483618673573,11.751816703751457,1.765,0.0,0.0,0.01176230241932669,0.37006697010144785,0.0007811612668408407,0.0,0.0,0.0,0.00019508096140940725,unicycle
-2.357081314139181,11.751919364417406,1.765,0.0,0.0,0.011766199891862821,0.37015000038471046,0.0007786500508650826,0.0,0.0,0.0,0.00019487362680662324,omni
-2.3496806706526443,11.752022017790523,1.765,0.0,0.0,0.011770084835140318,0.37006695247886034,0.0007778224538136228,0.0,0.0,0.0,0.0001942471638748024,unicycle
-2.3422783664885825,11.752124669440857,1.765,0.0,0.0,0.011773965649294773,0.3701499826051382,0.0007753219412465324,0.0,0.0,0.0,0.0001940407077227562,omni
-2.334877723372864,11.752227313732469,1.765,0.0,0.0,0.011777833987595325,0.37006693461497603,0.0007744978506627793,0.0,0.0,0.0,0.00019341691502778747,unicycle
-2.327475419582519,11.75232995640446,1.765,0.0,0.0,0.011781698214269623,0.3701499646231054,0.000772007996522779,0.0,0.0,0.0,0.00019321133371478992,omni
-2.3200747768403622,11.752432591652134,1.765,0.0,0.0,0.01178555001826992,0.37006691658118857,0.00077118739807151,0.0,0.0,0.0,0.0001925902000150182,unicycle
-2.3126724734259216,11.752535225382926,1.765,0.0,0.0,0.011789397728068874,0.37014994649906774,0.000768708157553407,0.0,0.0,0.0,0.00019238548994764904,omni
-2.305271831059056,11.752637851624108,1.765,0.0,0.0,0.011793233068149889,0.3700668984286447,0.0007678910369481123,0.0,0.0,0.0,0.00019176700405079463,unicycle
-2.2978695280218506,11.752740476450722,1.765,0.0,0.0,0.01179706433138294,0.37014992827625337,0.0007654223654235588,0.0,0.0,0.0,0.00019156316165248657,omni
-2.290468886031282,11.752843093722724,1.765,0.0,0.0,0.01180088327763123,0.37006688019385015,0.0007646087084271175,0.0,0.0,0.0,0.0001909473124144792,unicycle
-2.2830665833720336,11.752945709682052,1.765,0.0,0.0,0.011804698164313716,0.3701499099854616,0.0007621505614445763,0.0,0.0,0.0,0.00019074433412438163,omni
-2.2756659417582563,11.753048318022056,1.765,0.0,0.0,0.011808500786522676,0.37006686190277055,0.000761340353869588,0.0,0.0,0.0,0.00019013111044808873,unicycle
-2.268263639477258,11.753150925150862,1.765,0.0,0.0,0.011812299366377076,0.3701498916485625,0.000758892687154066,0.0,0.0,0.0,0.0001899289927201026,omni
-2.2608629982404067,11.753253524595921,1.765,0.0,0.0,0.011816085734048163,0.370066843573814,0.0007580859148630109,0.0,0.0,0.0,0.00018931838355439317,unicycle
-2.2534606963376493,11.753356122930834,1.765,0.0,0.0,0.011819868076505296,0.3701498732810352,0.0007556486843156671,0.0,0.0,0.0,0.00018911712285661557,omni
-2.246060055477606,11.753458713517864,1.765,0.0,0.0,0.011823638258849214,0.37006682521998924,0.0007548453332208069,0.0,0.0,0.0,0.00018850911719585795,unicycle
-2.23865775395287,11.75356130309538,1.765,0.0,0.0,0.011827404433049415,0.3701498548938015,0.0007524184949182404,0.0,0.0,0.0,0.0001883087100100348,omni
-2.2312571134693413,11.753663884861163,1.765,0.0,0.0,0.011831158498987282,0.37006680685046106,0.0007516185509815642,0.0,0.0,0.0,0.0001877032968933483,unicycle
-2.2238548123222595,11.75376646571765,1.765,0.0,0.0,0.01183490857378157,0.3701498364945427,0.000749202061175367,0.0,0.0,0.0,0.00018750373971447318,omni
-2.216454172214831,11.753869038698838,1.765,0.0,0.0,0.011838646591946079,0.37006678847166485,0.000748405510408443,0.0,0.0,0.0,0.0001869009082253576,unicycle
-2.209051871444939,11.753971610870527,1.765,0.0,0.0,0.011842380635897307,0.3701498180886435,0.0007459993255244506,0.0,0.0,0.0,0.00018670219756135878,omni
-2.201651231713113,11.75407417510363,1.765,0.0,0.0,0.011846102674633851,0.3700667700881049,0.000745206153988172,0.0,0.0,0.0,0.00018610193682723394,unicycle
-2.1942489313198754,11.75417673862662,1.765,0.0,0.0,0.011849820756017827,0.370149799679866,0.0007428102306257354,0.0,0.0,0.0,0.0001859040691987682,omni
-2.1868482919630985,11.754279294148017,1.765,0.0,0.0,0.011853526883385642,0.3700667517029227,0.0007420204244302095,0.0,0.0,0.0,0.00018530636839073482,unicycle
-2.1794459919459372,11.75438184905827,1.765,0.0,0.0,0.011857229070192262,0.37014978127082837,0.0007396347193616791,0.0,0.0,0.0,0.00018510934033108138,omni
-2.1720453529636212,11.754484395904203,1.765,0.0,0.0,0.011860919353965537,0.3700667333183005,0.000738848264666076,0.0,0.0,0.0,0.00018451418866370395,unicycle
-2.1646430533219285,11.754586942237552,1.765,0.0,0.0,0.011864605713899908,0.3701497628633448,0.0007364727348360974,0.0,0.0,0.0,0.00018431799671866952,omni
-2.1572424147134606,11.754689480444132,1.765,0.0,0.0,0.011868280221568902,0.37006671493574694,0.0007356896178485224,0.0,0.0,0.0,0.0001837253834497632,unicycle
-2.1498401154466102,11.754792018236277,1.765,0.0,0.0,0.011871950822052448,0.3701497444586655,0.000733324220373485,0.0,0.0,0.0,0.00018353002417742214,omni
-2.142439477211365,11.754894547839477,1.765,0.0,0.0,0.011875609620824599,0.3700666965562988,0.0007325444273508839,0.0,0.0,0.0,0.00018293993860758563,unicycle
-2.1350371783187216,11.754997077125982,1.765,0.0,0.0,0.011879264528996167,0.37014972605764607,0.0007301891195183307,0.0,0.0,0.0,0.00018274540857833455,omni
-2.127636540456066,11.755099598161639,1.765,0.0,0.0,0.011882907685797188,0.37006667818066274,0.0007294126367662376,0.0,0.0,0.0,0.0001821578400511223,unicycle
-2.1202342419369895,11.755202118977934,1.765,0.0,0.0,0.01188654696851414,0.37014970766086674,0.000727067376034058,0.0,0.0,0.0,0.00018196413584753099,omni
-2.1128336044462883,11.755304631481756,1.765,0.0,0.0,0.011890174549989118,0.3700666598093161,0.000726294189906607,0.0,0.0,0.0,0.00018137907374892503,unicycle
-2.105431306300137,11.755407143863142,1.765,0.0,0.0,0.011893798273828434,0.3701496892687157,0.0007239589339027709,0.0,0.0,0.0,0.00018118619196578437,omni
-2.0980306691807566,11.7555096478707,1.765,0.0,0.0,0.011897410346342925,0.37006664144257534,0.0007231890308026017,0.0,0.0,0.0,0.00018060362572439438,unicycle
-2.090628371406892,11.755612151852336,1.765,0.0,0.0,0.011901018577602299,0.37014967088144785,0.0007208637373244041,0.0,0.0,0.0,0.00018041156296864108,omni
-2.083227734658199,11.755714647399062,1.765,0.0,0.0,0.011904615207243403,0.37006662308064675,0.000720097103702554,0.0,0.0,0.0,0.00017983148205527466,unicycle
-2.0758254372559857,11.755817143015985,1.765,0.0,0.0,0.01190820801194232,0.3701496524992259,0.0007177817307161366,0.0,0.0,0.0,0.00017964023494591383,omni
-2.0684248008773536,11.755919630137182,1.765,0.0,0.0,0.011911789264519787,0.37006660472365926,0.0007170183530721015,0.0,0.0,0.0,0.00017906262887352534,unicycle
-2.06102250384616,11.756022117424296,1.765,0.0,0.0,0.011915366708400621,0.37014963412214846,0.0007147128587120704,0.0,0.0,0.0,0.00017887219404177015,omni
-2.053621867836965,11.756124596155132,1.765,0.0,0.0,0.01191893264944793,0.3700665863716889,0.0007139527235937087,0.0,0.0,0.0,0.00017829705236551536,unicycle
-2.0462195711761666,11.7562270751472,1.765,0.0,0.0,0.011922494797977025,0.3701496157502702,0.0007116570661624521,0.0,0.0,0.0,0.00017810742645461361,omni
-2.0388189355357937,11.75632954552271,1.765,0.0,0.0,0.011926045492752453,0.37006656802477494,0.0007109001601658635,0.0,0.0,0.0,0.0001775347387713579,unicycle
-2.031416639244771,11.756432016254369,1.765,0.0,0.0,0.011929592411121185,0.3701495973836153,0.0007086142981330156,0.0,0.0,0.0,0.00017734591843661908,omni
-2.0240160039726103,11.756534478309455,1.765,0.0,0.0,0.011933127924608886,0.37006654968293157,0.0007078606079025554,0.0,0.0,0.0,0.00017677567438508684,unicycle
-2.016613708050751,11.756636940815211,1.765,0.0,0.0,0.011936659677734768,0.3701495790221872,0.0007055844999045825,0.0,0.0,0.0,0.00017658765629396204,omni
-2.009213073146197,11.75673939458464,1.765,0.0,0.0,0.011940180074645859,0.3700665313461559,0.0007048340121328528,0.0,0.0,0.0,0.00017601984555457926,unicycle
-2.0018107775928953,11.756841848898867,1.765,0.0,0.0,0.011943696727173589,0.3701495606659753,0.000702567616972532,0.0,0.0,0.0,0.00017583262638650607,omni
-1.9944101430553525,11.756944294417279,1.765,0.0,0.0,0.011947202071947209,0.3700665130144332,0.0007018203184002195,0.0,0.0,0.0,0.000175267238681067,unicycle
-1.9870078478700095,11.757046740574213,1.765,0.0,0.0,0.011950703688249761,0.37014954231495906,0.0006995635950459474,0.0,0.0,0.0,0.0001750808151274619,omni
-1.9796072136988878,11.757149177876105,1.765,0.0,0.0,0.011954194045054142,0.3700664946877406,0.0006988194724617839,0.0,0.0,0.0,0.00017451784021913053,unicycle
-1.9722049188809112,11.757251615909862,1.765,0.0,0.0,0.01195768068923381,0.3701495239691112,0.0006965723800471792,0.0,0.0,0.0,0.00017433220898341664,omni
-1.9648042850756273,11.757354045029608,1.765,0.0,0.0,0.011961156121967345,0.37006647636604983,0.0006958314202880509,0.0,0.0,0.0,0.00017377163667658057,unicycle
-1.9574019906244322,11.757456474974166,1.765,0.0,0.0,0.011964627857856833,0.37014950562840054,0.0006935939181116116,0.0,0.0,0.0,0.00017358679447428818,omni
-1.95000135718441,11.757558895946005,1.765,0.0,0.0,0.011968088430149125,0.3700664580493292,0.0006928561080623953,0.0,0.0,0.0,0.0001730286146146138,unicycle
-1.942599063099418,11.757661317835213,1.765,0.0,0.0,0.01197154532131259,0.3701494872927925,0.0006906281555867031,0.0,0.0,0.0,0.0001728445581732161,omni
-1.9351984300240879,11.75776373069325,1.765,0.0,0.0,0.011974991096525533,0.3700664397375447,0.0006898934821802296,0.0,0.0,0.0,0.00017228876064717414,unicycle
-1.9277961363047282,11.757866144560827,1.765,0.0,0.0,0.011978433206259655,0.37014946896225137,0.0006876750390316258,0.0,0.0,0.0,0.00017210548670617437,omni
-1.920395503593528,11.75796854933904,1.765,0.0,0.0,0.011981864247488483,0.37006642143066104,0.0006869434892486613,0.0,0.0,0.0,0.00017155206144127497,unicycle
-1.912993210239236,11.758070955218576,1.765,0.0,0.0,0.011985291638823526,0.3701494506367399,0.0006847345152166675,0.0,0.0,0.0,0.00017136956675214128,omni
-1.90559257789161,11.758173351950811,1.765,0.0,0.0,0.011988708008897855,0.37006640312864175,0.0006840060760858656,0.0,0.0,0.0,0.00017081850371650432,unicycle
-1.898190284901828,11.758275749875766,1.765,0.0,0.0,0.011992120744598708,0.3701494323162197,0.0006818065311227159,0.0,0.0,0.0,0.00017063678504258814,omni
-1.8907896529172274,11.758378138595733,1.765,0.0,0.0,0.011995522506083604,0.37006638483144955,0.0006810811897204579,0.0,0.0,0.0,0.00017008807424489223,unicycle
-1.8833873602914044,11.758480528599438,1.765,0.0,0.0,0.011998920648650836,0.3701494140006525,0.0006788910339403933,0.0,0.0,0.0,0.00016990712836146405,omni
-1.875986728669287,11.75858290934072,1.765,0.0,0.0,0.012002307863847851,0.37006636653904706,0.000678168777390816,0.0,0.0,0.0,0.00016936075985084733,unicycle
-1.868584436406879,11.758685291456375,1.765,0.0,0.0,0.012005691475518753,0.3701493956899993,0.0006759879710698136,0.0,0.0,0.0,0.00016918058354518331,omni
-1.8611838051467096,11.758787664252427,1.765,0.0,0.0,0.012009064206466979,0.3700663482513968,0.0006752687865447686,0.0,0.0,0.0,0.00016863654741125202,unicycle
-1.853781513247179,11.758890038513107,1.765,0.0,0.0,0.012012433349216626,0.3701493773842216,0.0006730972901199047,0.0,0.0,0.0,0.0001684571374825239,omni
-1.8463808823484285,11.75899240339725,1.765,0.0,0.0,0.012015791657693725,0.37006632996846117,0.0006723811648388462,0.0,0.0,0.0,0.00016791542385499264,unicycle
-1.8389785908112448,11.759094769835897,1.765,0.0,0.0,0.012019146393236013,0.3701493590832807,0.000670218938907772,0.0,0.0,0.0,0.00016773677711429144,omni
-1.8315779602733904,11.759197126841325,1.765,0.0,0.0,0.012022490340759273,0.3700663116902031,0.0006695058601376748,0.0,0.0,0.0,0.0001671973761630537,unicycle
-1.8241756690980286,11.759299485490752,1.765,0.0,0.0,0.012025830730547941,0.3701493407871382,0.0006673528654580726,0.0,0.0,0.0,0.00016701948943331708,omni
-1.8167750389205548,11.75940183465053,1.765,0.0,0.0,0.012029160378375306,0.37006629341658503,0.0006666428205134281,0.0,0.0,0.0,0.00016648239136810743,unicycle
-1.8093727481064974,11.759504185543426,1.765,0.0,0.0,0.012032486483604986,0.3701493224957556,0.0006644990180026032,0.0,0.0,0.0,0.0001663052614841235,omni
-1.8019721182888944,11.759606526890487,1.765,0.0,0.0,0.012035801892736078,0.37006627514757023,0.0006637919942453457,0.0,0.0,0.0,0.0001657704565545451,unicycle
-1.7945698278356297,11.759708870059411,1.765,0.0,0.0,0.012039113774343338,0.3701493042090951,0.0006616573449796277,0.0,0.0,0.0,0.0001655940803629908,omni
-1.7871691983773943,11.75981120362656,1.765,0.0,0.0,0.012042415005520507,0.37006625688312184,0.000660953329819106,0.0,0.0,0.0,0.00016506155885837558,unicycle
-1.779766908284417,11.759913539103946,1.765,0.0,0.0,0.012045712724184861,0.3701492859271186,0.0006588277950334398,0.0,0.0,0.0,0.00016488593321773177,omni
-1.7723662791850525,11.760015864923863,1.765,0.0,0.0,0.012048999837894198,0.3700662386232031,0.0006581267759263003,0.0,0.0,0.0,0.00016435568546691205,unicycle
-1.764963989451864,11.760118192742018,1.765,0.0,0.0,0.012052283454039147,0.3701492676497885,0.0006560103170135864,0.0,0.0,0.0,0.0001641808072474651,omni
-1.7575633607108798,11.76022051084725,1.765,0.0,0.0,0.012055556510511526,0.37006622036777786,0.000655312281463665,0.0,0.0,0.0,0.00016365282361873365,unicycle
-1.7501610713369873,11.760322831038351,1.765,0.0,0.0,0.012058826084305575,0.3701492493770676,0.0006532048599742688,0.0,0.0,0.0,0.00016347868970257632,omni
-1.7427604429538983,11.760425141461322,1.765,0.0,0.0,0.012062085143517646,0.37006620211681,0.0006525097955325214,0.0,0.0,0.0,0.00016295296060353054,unicycle
-1.735358153938815,11.760527454057424,1.765,0.0,0.0,0.012065340734875335,0.3701492311089187,0.0006504113731737417,0.0,0.0,0.0,0.00016277956788453412,omni
-1.7279575259131432,11.760629756830424,1.765,0.0,0.0,0.012068585856550573,0.3700661838702636,0.0006497192674381313,0.0,0.0,0.0,0.00016225608376194752,unicycle
-1.7205552372563888,11.760732061863449,1.765,0.0,0.0,0.012071827525133486,0.3701492128453047,0.0006476298060736269,0.0,0.0,0.0,0.00016208342914568333,omni
-1.7131546095876615,11.760834357018643,1.765,0.0,0.0,0.012075058768743192,0.37006616562810274,0.0006469406466891,0.0,0.0,0.0,0.0001615621804852825,unicycle
-1.7057523212887613,11.760936654520398,1.765,0.0,0.0,0.012078286573960973,0.37014919458618895,0.0006448601083384837,0.0,0.0,0.0,0.0001613902608891153,omni
-1.6983516939765122,11.761038942089831,1.765,0.0,0.0,0.012081503998725289,0.3700661473902922,0.0006441738829970116,0.0,0.0,0.0,0.00016087123821568016,unicycle
-1.6909494060349979,11.761141232091985,1.765,0.0,0.0,0.012084717999736662,0.37014917633153527,0.0006421022298354442,0.0,0.0,0.0,0.00016070005056872792,omni
-1.6835487790787664,11.761243512107567,1.765,0.0,0.0,0.012087921664625577,0.37006612915679704,0.0006414189262757585,0.0,0.0,0.0,0.00016018324444578945,unicycle
-1.6761464914941753,11.761345794641676,1.765,0.0,0.0,0.012091121920339351,0.37014915808130777,0.000639356120633071,0.0,0.0,0.0,0.00016001278568881225,omni
-1.668745864893507,11.761448067135195,1.765,0.0,0.0,0.012094311884073724,0.3700661109275825,0.0006386757266406303,0.0,0.0,0.0,0.00015949818671848662,unicycle
-1.6613435772020126,11.761550342238285,1.765,0.0,0.0,0.012097498452939665,0.37014916300565137,0.0006366217310010944,0.0,0.0,0.0,0.00015932844329705266,omni
-1.6539429494715103,11.761652607259826,1.765,0.0,0.0,0.01210067477345887,0.37006616695571515,0.0006359442573791311,0.0,0.0,0.0,0.00015881602596029266,unicycle
-1.6465406597223213,11.761754874987972,1.765,0.0,0.0,0.012103847713361,0.3701492654592164,0.0006338990697107106,0.0,0.0,0.0,0.00015864699510654022,omni
-1.6391400293679115,11.761857132588315,1.765,0.0,0.0,0.012107010448568298,0.3700662976757554,0.0006332245037996994,0.0,0.0,0.0,0.00015813676036493924,unicycle
-1.6317377366973314,11.761959392983865,1.765,0.0,0.0,0.012110169817500436,0.3701494110832813,0.0006311880644866131,0.0,0.0,0.0,0.000157968446606852,omni
-1.6243371033135134,11.762061643199731,1.765,0.0,0.0,0.012113319025313027,0.37006644865487726,0.0006305163778748512,0.0,0.0,0.0,0.00015746039062939046,unicycle
-1.6169348076424215,11.76216389629487,1.765,0.0,0.0,0.012116464881209247,0.3701495606460687,0.0006284886381658821,0.0,0.0,0.0,0.0001572927948110461,omni
-1.6095341713763005,11.762266139155772,1.765,0.0,0.0,0.012119600619429204,0.37006659226073335,0.0006278198106861744,0.0,0.0,0.0,0.00015678691099774947,unicycle
-1.602131873002552,11.76236838497772,1.765,0.0,0.0,0.012122733020066315,0.3701496952974846,0.0006258007282097133,0.0,0.0,0.0,0.0001566200318555404,omni
-1.5947312342464732,11.762470620509887,1.765,0.0,0.0,0.01212585534630752,0.370066716230596,0.0006251347444143627,0.0,0.0,0.0,0.00015611631206023394,unicycle
-1.5873289336154726,11.762572859083834,1.765,0.0,0.0,0.012128974349250908,0.37014980765972855,0.0006231242804185823,0.0,0.0,0.0,0.00015595014716951122,omni
-1.579928292837912,11.76267508731239,1.765,0.0,0.0,0.012132083320899488,0.37006681675783326,0.0006224611274354445,0.0,0.0,0.0,0.00015544858242892739,unicycle
-1.5725259904199325,11.762777318663074,1.765,0.0,0.0,0.012135188983474756,0.37014989648944874,0.0006204592451310846,0.0,0.0,0.0,0.00015528312876345293,omni
-1.5651253480783318,11.762879539613143,1.765,0.0,0.0,0.012138284657669227,0.3700668943944243,0.0006197989113949329,0.0,0.0,0.0,0.00015478370972356467,unicycle
-1.5577230443083172,11.762981763765621,1.765,0.0,0.0,0.012141377036948809,0.37014996355353513,0.0006178055749906824,0.0,0.0,0.0,0.00015461896397900917,omni
-1.55032240080918,11.76308397746285,1.765,0.0,0.0,0.012144459470571573,0.37006695168773696,0.0006171480495189084,0.0,0.0,0.0,0.00015412168113815484,unicycle
-1.542920096061953,11.76318619444282,1.765,0.0,0.0,0.012147538623369838,0.3701500118585161,0.0006151632236828601,0.0,0.0,0.0,0.00015395763991328502,omni
-1.5355194517471609,11.763288400913549,1.765,0.0,0.0,0.012150607873044946,0.37006699186934355,0.0006145084956826446,0.0,0.0,0.0,0.00015346248375525438,unicycle
-1.5281171463317673,11.76339061074742,1.765,0.0,0.0,0.012153673855917915,0.3701500446936952,0.0006125321452602481,0.0,0.0,0.0,0.00015329914364854737,omni
-1.5207165014786008,11.763492810018686,1.765,0.0,0.0,0.012156729978012136,0.3700670181697958,0.0006118802039320995,0.0,0.0,0.0,0.00015280610471105597,unicycle
-1.5133141956422234,11.763595012733528,1.765,0.0,0.0,0.012159782847259501,0.37015006515272997,0.0006099122938133363,0.0,0.0,0.0,0.0001526434623681742,omni
-1.5059135504698276,11.763697204832987,1.765,0.0,0.0,0.012162825897884985,0.37006703349635617,0.0006092631282670456,0.0,0.0,0.0,0.00015215253127426543,unicycle
-1.4985112444058084,11.763799400456435,1.765,0.0,0.0,0.012165865709553138,0.37015007592810484,0.0006073036233373889,0.0,0.0,0.0,0.00015199058340759975,omni
-1.4911105990840428,11.763901585412235,1.765,0.0,0.0,0.012168895744570663,0.37006704031368814,0.0006066572225690756,0.0,0.0,0.0,0.0001515017508762382,unicycle
-1.483708292941038,11.764003773972366,1.765,0.0,0.0,0.012171922554456044,0.370150079254525,0.0006047060877041903,0.0,0.0,0.0,0.00015134049426909562,omni
-1.4763076475995667,11.764105951813052,1.765,0.0,0.0,0.012174939629478338,0.37006704063195156,0.0006040624406041645,0.0,0.0,0.0,0.00015085375111462492,unicycle
-1.4689053414903184,11.76420813333828,1.765,0.0,0.0,0.012177953493130698,0.370150076928028,0.0006021196406856407,0.0,0.0,0.0,0.00015069318261807155,omni
-1.4615046962269036,11.764310304092678,1.765,0.0,0.0,0.012180957663525602,0.3700670360466166,0.0006014787360593982,0.0,0.0,0.0,0.00015020851974510046,unicycle
-1.454102390235957,11.76441247861165,1.765,0.0,0.0,0.012183958636251027,0.370150070358808,0.0005995442359978775,0.0,0.0,0.0,0.00015004863627130768,omni
-1.4467017451235482,11.764514642308772,1.765,0.0,0.0,0.012186949957144365,0.3700670277986327,0.0005989060625907327,0.0,0.0,0.0,0.00014956604466701248,unicycle
-1.4392994393137,11.764616809850292,1.765,0.0,0.0,0.012189938094007993,0.3701500606346225,0.0005969798273499983,0.0,0.0,0.0,0.0001494068431814613,omni
-1.4318987944062487,11.764718966519274,1.765,0.0,0.0,0.012192916620286149,0.3700670168381598,0.0005963443738708106,0.0,0.0,0.0,0.00014892631390774595,unicycle
-1.4244964888237537,11.764821127112233,1.765,0.0,0.0,0.012195891976114584,0.37015004858284084,0.0005944263684897308,0.0,0.0,0.0,0.00014876779142170848,omni
-1.4170958441608492,11.764923276782268,1.765,0.0,0.0,0.01219885776242674,0.37006700388360714,0.0005937936236312936,0.0,0.0,0.0,0.00014828931560793238,unicycle
-1.4096935388395226,11.765025430455596,1.765,0.0,0.0,0.012201820391810178,0.37015003482565384,0.000591883813241768,0.0,0.0,0.0,0.00014813146917192204,omni
-1.4022928944500077,11.765127573155892,1.765,0.0,0.0,0.012204773492570355,0.3700669894725668,0.0005912537656974281,0.0,0.0,0.0,0.0001476550380088263,unicycle
-1.3948905894144012,11.765229719938512,1.765,0.0,0.0,0.01220772344986449,0.3701500198265508,0.0005893521155388212,0.0,0.0,0.0,0.0001474978647066842,omni
-1.387489945319147,11.765331855698259,1.765,0.0,0.0,0.0122106639192533,0.37006697400384325,0.0005887247540154622,0.0,0.0,0.0,0.00014702346944061608,unicycle
-1.3800876405869662,11.765433995619068,1.765,0.0,0.0,0.012213601258581,0.3701500039280422,0.0005868312294454567,0.0,0.0,0.0,0.00014686696638481776,omni
-1.3726869968009756,11.76553612446741,1.765,0.0,0.0,0.012216529150547275,0.37006695777109444,0.0005862065426732393,0.0,0.0,0.0,0.00014639459831369226,unicycle
-1.3652846923849036,11.765638257555244,1.765,0.0,0.0,0.012219453925800105,0.3701499873814952,0.0005843211091757895,0.0,0.0,0.0,0.00014623876264143777,omni
-1.3578840489188868,11.765740379521253,1.765,0.0,0.0,0.012222369294062322,0.3700669409891652,0.0005836990859151379,0.0,0.0,0.0,0.00014576841311088464,unicycle
-1.3504817448279431,11.765842505804875,1.765,0.0,0.0,0.012225281558901938,0.37014997037027764,0.0005818217091058722,0.0,0.0,0.0,0.0001456132419809811,omni
-1.3430811016894886,11.765944620917553,1.765,0.0,0.0,0.012228184456949577,0.3700669238143512,0.0005812023381526037,0.0,0.0,0.0,0.0001451449023816256,unicycle
-1.3356787979300366,11.766046740425649,1.765,0.0,0.0,0.012231084264809016,0.37014995302744086,0.0005793329837828765,0.0,0.0,0.0,0.00014499039297201529,omni
-1.328278155124475,11.766148848713899,1.765,0.0,0.0,0.012233974745903759,0.37006690635978295,0.0005787162539717276,0.0,0.0,0.0,0.00014452405473708627,unicycle
-1.3208758517009604,11.76625096147505,1.765,0.0,0.0,0.01223686214998862,0.3701499354490666,0.0005768548879309859,0.0,0.0,0.0,0.00014437020424301177,omni
-1.3134752092319957,11.766353062967683,1.765,0.0,0.0,0.012239740267165558,0.37006688870697624,0.0005762407881378502,0.0,0.0,0.0,0.00014390585884674898,unicycle
-1.3060729061474865,11.766455169010385,1.765,0.0,0.0,0.01224261532045514,0.3701499177042404,0.0005743873764550206,0.0,0.0,0.0,0.0001437526644792573,omni
-1.2986722640176567,11.766557263736107,1.765,0.0,0.0,0.012245481126523848,0.3700668709144256,0.0005737758955985056,0.0,0.0,0.0,0.00014329030343536865,unicycle
-1.2912699612742358,11.76665936308874,1.765,0.0,0.0,0.012248343881772249,0.3701498998424408,0.0005719304044429122,0.0,0.0,0.0,0.00014313776242013874,omni
-1.283869319485247,11.766761451076148,1.765,0.0,0.0,0.012251197429317866,0.3700668530239469,0.0005713215314851584,0.0,0.0,0.0,0.0001426773772807351,unicycle
-1.2764670170842944,11.766863543766993,1.765,0.0,0.0,0.012254047939055008,0.3701498818989755,0.0005694839271665805,0.0,0.0,0.0,0.00014252548685708547,omni
-1.269066375637261,11.76696562504458,1.765,0.0,0.0,0.012256889280439238,0.3700668350653286,0.0005688776511137848,0.0,0.0,0.0,0.00014206706921161198,unicycle
-1.2616640735796592,11.767067711101802,1.765,0.0,0.0,0.012259727596971876,0.3701498638989545,0.000567047900082579,0.0,0.0,0.0,0.00014191582663193976,omni
-1.2542634324752757,11.767169785697945,1.765,0.0,0.0,0.012262556784334014,0.37006681705972166,0.0005664442099851187,0.0,0.0,0.0,0.0001414593681067795,unicycle
-1.2468611307615542,11.767271865149603,1.765,0.0,0.0,0.012265382959746733,0.370149845860178,0.0005646222788316835,0.0,0.0,0.0,0.0001413087706359608,omni
-1.2394604900002204,11.767373933092571,1.765,0.0,0.0,0.012268200045004606,0.37006679902209627,0.0005640211637842633,0.0,0.0,0.0,0.00014085426289357598,unicycle
-1.2320581886306614,11.767476005966614,1.765,0.0,0.0,0.012271014131160777,0.3701498277952257,0.00056220701923894,0.0,0.0,0.0,0.00014070430780856825,omni
-1.224657548212569,11.767578067284559,1.765,0.0,0.0,0.01227381916601172,0.3700667809630172,0.0005616084683804442,0.0,0.0,0.0,0.00014025174254723711,unicycle
-1.217255247187281,11.76768013360882,1.765,0.0,0.0,0.01227662121455445,0.3701498097129623,0.0005598020773126986,0.0,0.0,0.0,0.00014010242713675096,omni
-1.209854607112477,11.767782188329782,1.765,0.0,0.0,0.012279414250476253,0.3700667628899187,0.0005592060798260429,0.0,0.0,0.0,0.00013965179609005284,unicycle
-1.202452306431448,11.767884248131985,1.765,0.0,0.0,0.012282204312829339,0.37014979161961614,0.0005574074092440863,0.0,0.0,0.0,0.0001395031176542384,omni
-1.1950516666998785,11.767986296283897,1.765,0.0,0.0,0.012284985401081154,0.3700667448080159,0.0005568139543560428,0.0,0.0,0.0,0.0001390544125907172,unicycle
-1.1876493663630125,11.768088349591652,1.765,0.0,0.0,0.012287763528449975,0.3701497735195493,0.0005550229714061476,0.0,0.0,0.0,0.00013890636844112245,omni
-1.1802487269745543,11.768190391202323,1.765,0.0,0.0,0.01229053272007326,0.3700667267209563,0.0005544320483870902,0.0,0.0,0.0,0.00013845958116426223,unicycle
-1.1728464269816978,11.768292438043128,1.765,0.0,0.0,0.012293298963445729,0.370149755415808,0.00055264872035297,0.0,0.0,0.0,0.0001383121686234618,omni
-1.1654457879361806,11.768394473140264,1.765,0.0,0.0,0.012296056309265148,0.37006670863128305,0.0005520603185167077,0.0,0.0,0.0,0.00013786729097096728,unicycle
-1.158043488287142,11.768496513541505,1.765,0.0,0.0,0.0122988107194126,0.3701497373105121,0.0005502846128189979,0.0,0.0,0.0,0.0001377205073725852,omni
-1.1506428495843637,11.768598542152692,1.765,0.0,0.0,0.012301556270036932,0.3700666905407629,0.0005496987215225793,0.0,0.0,0.0,0.00013727753121669237,unicycle
-1.1432405502789251,11.768700576141647,1.765,0.0,0.0,0.012304298897515038,0.3701497192051312,0.0005479306057182133,0.0,0.0,0.0,0.000137131373905288,omni
-1.135839911918663,11.76880259829436,1.765,0.0,0.0,0.012307032703338081,0.3700666724506183,0.000547347214361729,0.0,0.0,0.0,0.00013669029115223995,unicycle
-1.1284376129565898,11.768904625898193,1.765,0.0,0.0,0.012309763598487745,0.3701497011006797,0.0005455866561433797,0.0,0.0,0.0,0.00013654475748315907,omni
-1.1210369749386075,11.7690066416198,1.765,0.0,0.0,0.012312485709689208,0.37006665436169145,0.0005450057541697142,0.0,0.0,0.0,0.00013610556007313557,unicycle
-1.1136346763196547,11.76910866286556,1.765,0.0,0.0,0.012315204922637461,0.37014968299785406,0.0005432527213651186,0.0,0.0,0.0,0.00013596064741248432,omni
-1.1062340386437082,11.76921067218331,1.765,0.0,0.0,0.012317915389183845,0.370066636274558,0.0005426742982597514,0.0,0.0,0.0,0.00013552332731944647,unicycle
-1.0988317403676247,11.769312687097944,1.765,0.0,0.0,0.012320622969844725,0.370149664897128,0.0005409287588311863,0.0,0.0,0.0,0.00013537903304395758,omni
-1.0914311030334645,11.769414690038978,1.765,0.0,0.0,0.012323321841490235,0.37006661818960856,0.0005403528041221105,0.0,0.0,0.0,0.00013494358227537912,unicycle
-1.0840288050999962,11.769516698649314,1.765,0.0,0.0,0.012326017839565684,0.37014964679882145,0.0005386147261659594,0.0,0.0,0.0,0.00013479990377237558,omni
-1.0766281681073717,11.76961869524066,1.765,0.0,0.0,0.012328705165853068,0.3700666001071057,0.0005380412294234183,0.0,0.0,0.0,0.0001343663143691936,unicycle
-1.0692258705162636,11.769720697573419,1.765,0.0,0.0,0.0123313896308338,0.37014962870314744,0.0005363105811694058,0.0,0.0,0.0,0.000134223249036651,omni
-1.0618252338649243,11.769822687841993,1.765,0.0,0.0,0.012334065461095266,0.3700665820272221,0.0005357395320057877,0.0,0.0,0.0,0.00013379151307323642,unicycle
-1.054422936615922,11.769924683923792,1.765,0.0,0.0,0.012336738442261658,0.3701496106102442,0.0005340162818166605,0.0,0.0,0.0,0.00013364905831969085,omni
-1.047022300305618,11.770026667896405,1.765,0.0,0.0,0.012339402825619732,0.37006656395006926,0.000533447669886424,0.0,0.0,0.0,0.00013321916790356915,unicycle
-1.0396200033984688,11.770128657753741,1.765,0.0,0.0,0.012342064372042692,0.3701495925201992,0.0005317317862574115,0.0,0.0,0.0,0.0001330773211480268,omni
-1.0322193674289526,11.770230635457086,1.765,0.0,0.0,0.012344717357411085,0.37006654587571586,0.0005311656012567871,0.0,0.0,0.0,0.00013264926841975342,unicycle
-1.0248170708634057,11.770332619116353,1.765,0.0,0.0,0.012347367517952918,0.3701495744330643,0.000529457052814853,0.0,0.0,0.0,0.00013250802709158,omni
-1.0174164352344313,11.770434590577022,1.765,0.0,0.0,0.012350009154037406,0.3700665278042014,0.0005288932844817859,0.0,0.0,0.0,0.0001320818042244925,unicycle
-1.0100141390102384,11.770536568064507,1.765,0.0,0.0,0.01235264797735268,0.3701495563488675,0.0005271920399853812,0.0,0.0,0.0,0.00013194116576357854,omni
-1.0026135037215635,11.770638533308974,1.765,0.0,0.0,0.012355278312651957,0.37006650973554545,0.0005266306780994021,0.0,0.0,0.0,0.00013151676496404846,unicycle
-0.99521120783848,11.770740504650853,1.765,0.0,0.0,0.012357905847188369,0.3701495382676197,0.0005249367064378042,0.0,0.0,0.0,0.00013137672682057334,omni
-0.9878105728898654,11.770842463705486,1.765,0.0,0.0,0.012360524929994916,0.3700664916697534,0.0005243777408198255,0.0,0.0,0.0,0.00013095414032733712,unicycle
-0.9804082773476492,11.770944428927832,1.765,0.0,0.0,0.012363141223994156,0.3701495201893207,0.0005226910110126173,0.0,0.0,0.0,0.0001308146999618755,omni
-0.9730076427388583,11.771046381818895,1.765,0.0,0.0,0.012365749102395083,0.3700664736068216,0.0005221344315248122,0.0,0.0,0.0,0.00013039392004645273,unicycle
-0.965605347537271,11.771148340947665,1.765,0.0,0.0,0.01236835420389368,0.3701495021139624,0.0005204549127214039,0.0,0.0,0.0,0.00013025507492981096,omni
-0.9582047132680708,11.771250287701308,1.765,0.0,0.0,0.012370950925771597,0.3700664555467396,0.0005199007092670403,0.0,0.0,0.0,0.00012983609389584727,unicycle
-0.9508024184068771,11.771352240762356,1.765,0.0,0.0,0.012373544882601778,0.3701494840415314,0.0005182283707461016,0.0,0.0,0.0,0.0001296978415091021,omni
-0.9434017844770379,11.771454181404623,1.765,0.0,0.0,0.012376130495635632,0.370066437489493,0.0005176765332694397,0.0,0.0,0.0,0.00012928065169267675,unicycle
-0.935999489956006,11.771556128423699,1.765,0.0,0.0,0.012378713355426178,0.37014946597201104,0.0005160113444384837,0.0,0.0,0.0,0.0001291429895271589,omni
-0.9285988563653016,11.771658062980526,1.765,0.0,0.0,0.012381287907092106,0.37006641943506463,0.0005154618629247024,0.0,0.0,0.0,0.00012872758329642288,unicycle
-0.9211965621842029,11.771760003983271,1.765,0.0,0.0,0.012383859717269182,0.3701494479053824,0.0005138037933196258,0.0,0.0,0.0,0.00012859050885375702,omni
-0.9137959289324102,11.77186193248049,1.765,0.0,0.0,0.012386423254841362,0.37006640138343533,0.0005132566577946151,0.0,0.0,0.0,0.00012817687860906417,unicycle
-0.9063936350910197,11.77196386749244,1.765,0.0,0.0,0.012388984062629378,0.3701494298416249,0.0005116056770790588,0.0,0.0,0.0,0.00012804038940093928,omni
-0.8989930021779193,11.77206578995577,1.765,0.0,0.0,0.012391536633180864,0.37006638333458464,0.0005110608776092459,0.0,0.0,0.0,0.0001276285275742638,unicycle
-0.8915907086760153,11.772167719002354,1.765,0.0,0.0,0.012394086485603315,0.37014941178071686,0.0005094169555741204,0.0,0.0,0.0,0.0001274926211224376,omni
-0.8841900761013911,11.772269635457413,1.765,0.0,0.0,0.012396628136006867,0.37006636528849124,0.0005088744822664196,0.0,0.0,0.0,0.00012708252017758621,unicycle
-0.8767877829387553,11.772371558563956,1.765,0.0,0.0,0.012399167079887145,0.370149393722636,0.0005072375888295239,0.0,0.0,0.0,0.00012694719401397657,omni
-0.8693871507023944,11.772473469036255,1.765,0.0,0.0,0.012401697856816074,0.37006634724513343,0.0005066974318312177,0.0,0.0,0.0,0.00012653884644645306,unicycle
-0.8619848578788117,11.77257538622798,1.765,0.0,0.0,0.012404225938778334,0.37014937566736,0.0005050675370366956,0.0,0.0,0.0,0.00012640409811307668,omni
-0.8545842259805047,11.772677290742921,1.765,0.0,0.0,0.012406745888707332,0.3700663292044894,0.000504529686535187,0.0,0.0,0.0,0.00012599749644992157,unicycle
-0.8471819334957637,11.772779202044942,1.765,0.0,0.0,0.012409263155177309,0.370149357614866,0.0005029067605528876,0.0,0.0,0.0,0.0001258633234988676,omni
-0.839781301935304,11.772881100627826,1.765,0.0,0.0,0.012411772324383282,0.37006631116653693,0.0005023712067756293,0.0,0.0,0.0,0.00012545846029856804,unicycle
-0.832379009789196,11.772983006065157,1.765,0.0,0.0,0.012414278821589115,0.37014933956513124,0.0005007552199007995,0.0,0.0,0.0,0.0001253248602917552,omni
-0.8249783785663807,11.77308489874118,1.765,0.0,0.0,0.012416777256151989,0.3700662931312539,0.0005002219531151746,0.0,0.0,0.0,0.00012492172814377927,unicycle
-0.8175760867587009,11.773186798338726,1.765,0.0,0.0,0.01241927303012505,0.37014932151813285,0.0004986128757678781,0.0,0.0,0.0,0.00012478869865315012,omni
-0.8101754558733302,11.773288685132977,1.765,0.0,0.0,0.01242176077592862,0.3700662750986181,0.0004980818862809918,0.0,0.0,0.0,0.00012438729017838338,unicycle
-0.8027731644038764,11.773390578915544,1.765,0.0,0.0,0.012424245872504337,0.37014930347384806,0.000496479689005559,0.0,0.0,0.0,0.00012425482878583864,omni
-0.7953725338557537,11.773492459853008,1.765,0.0,0.0,0.012426722975237057,0.3700662570686077,0.0004959509671641756,0.0,0.0,0.0,0.00012385513663607298,unicycle
-0.7879702427243273,11.773594347845302,1.765,0.0,0.0,0.012429197440055726,0.37014928543225456,0.0004943556206288613,0.0,0.0,0.0,0.00012372324093340794,omni
-0.7805696125132592,11.773696222950864,1.765,0.0,0.0,0.012431663945211554,0.3700662390412011,0.0004938291568192947,0.0,0.0,0.0,0.00012332525779140858,unicycle
-0.7731673217196646,11.773798105177478,1.765,0.0,0.0,0.012434127823719157,0.37014926739333015,0.0004922406318157394,0.0,0.0,0.0,0.00012319392538025345,omni
-0.7657666918454608,11.773899974475915,1.765,0.0,0.0,0.012436583776598347,0.37006622101637665,0.0004917164164635922,0.0,0.0,0.0,0.00012279764395948264,unicycle
-0.7583644013895054,11.774001850961351,1.765,0.0,0.0,0.012439037114047372,0.37014924935705235,0.0004901346839061723,0.0,0.0,0.0,0.00012266687245129915,omni
-0.7509637718519785,11.774103714477341,1.765,0.0,0.0,0.012441482559757291,0.3700662029941126,0.0004896127074763807,0.0,0.0,0.0,0.0001222722854959353,unicycle
-0.7435614817334731,11.774205585245992,1.765,0.0,0.0,0.012443925401207532,0.370149231323399,0.0004880377384020983,0.0,0.0,0.0,0.00012214207251205926,omni
-0.7361608525324388,11.774307443004107,1.765,0.0,0.0,0.01244636038466347,0.37006618497438754,0.00048751799139867233,0.0,0.0,0.0,0.00012174917279690743,unicycle
-0.7287585627511971,11.77440930808027,1.765,0.0,0.0,0.012448792774982837,0.37014921329234823,0.0004859497569662517,0.0,0.0,0.0,0.00012161951596831586,omni
-0.7213579338864744,11.774511160104979,1.765,0.0,0.0,0.012451217340908802,0.3700661669571804,0.0004854322299321953,0.0,0.0,0.0,0.00012122829629836112,unicycle
-0.713955644442313,11.774613019512843,1.765,0.0,0.0,0.012453639324774116,0.37014919526387824,0.0004838707014219392,0.0,0.0,0.0,0.00012109919326570112,omni
-0.7065550159137235,11.77471486582852,1.765,0.0,0.0,0.012456053517703642,0.37006614894247,0.0004833553849391613,0.0,0.0,0.0,0.00012070964647628255,unicycle
-0.6991527268064621,11.774816719592181,1.765,0.0,0.0,0.012458465139601443,0.37014917723796736,0.0004818005337523347,0.0,0.0,0.0,0.000120581094890039,omni
-0.6917520986138307,11.77491856022309,1.765,0.0,0.0,0.01246086900387838,0.3700661309302355,0.0004812874184414168,0.0,0.0,0.0,0.0001201932138468612,unicycle
-0.684349809843292,11.775020408366542,1.765,0.0,0.0,0.012463270308105723,0.37014915921459435,0.00047973921609969827,0.0,0.0,0.0,0.00012006521136720157,omni
-0.6769491819864463,11.775122243336854,1.765,0.0,0.0,0.012465663887885043,0.37006611292045616,0.00047922829261980783,0.0,0.0,0.0,0.00011967898896594724,unicycle
-0.6695468935524557,11.775224085883984,1.765,0.0,0.0,0.012468054918550296,0.3701491411937378,0.0004776867107649267,0.0,0.0,0.0,0.00011955153326259286,omni
-0.6621462660312263,11.775325915217765,1.765,0.0,0.0,0.012470438257798873,0.3700660949131116,0.000477177969813613,0.0,0.0,0.0,0.00011916696242881923,unicycle
-0.6547439779336124,11.775427752192371,1.765,0.0,0.0,0.012472819058822493,0.3701491231753769,0.00047564298020669573,0.0,0.0,0.0,0.00011904005118111844,omni
-0.6473433504389243,11.775529575917782,1.765,0.0,0.0,0.0124751922013199,0.3700660923550162,0.0004751364296810192,0.0,0.0,0.0,0.00011865712487029328,unicycle
-0.639941061430136,11.77563140735999,1.765,0.0,0.0,0.012477562816278907,0.3701491675340132,0.0004736080305965075,0.0,0.0,0.0,0.00011853074795037386,omni
-0.6325404320082508,11.77573322552614,1.765,0.0,0.0,0.012479925805221413,0.37006618748619374,0.000473103660837331,0.0,0.0,0.0,0.00011814944712528317,unicycle
-0.6251381404444124,11.775835051480597,1.765,0.0,0.0,0.012482286277270032,0.370149294087326,0.00047158180748632037,0.0,0.0,0.0,0.00011802360243093641,omni
-0.6177375081218406,11.775936864123699,1.765,0.0,0.0,0.012484639155825152,0.3700663312901479,0.0004710795970347313,0.0,0.0,0.0,0.00011764392775611057,unicycle
-0.6103352135183775,11.776038684620067,1.765,0.0,0.0,0.012486989528197429,0.370149444865613,0.0004695642527243782,0.0,0.0,0.0,0.0001175186186138364,omni
-0.6029345781603815,11.776140491765476,1.765,0.0,0.0,0.012489332339541212,0.3700664818259546,0.0004690641862968818,0.0,0.0,0.0,0.00011714056718926553,unicycle
-0.5955322806265281,11.776242306825713,1.765,0.0,0.0,0.012491672655424923,0.3701495901761214,0.00046755531913946516,0.0,0.0,0.0,0.00011701579418557062,omni
-0.5881316425064177,11.776344108493443,1.765,0.0,0.0,0.012494005442645966,0.37006661868969554,0.0004670573850215767,0.0,0.0,0.0,0.0001166393610520441,unicycle
-0.5807293424198406,11.776445918135968,1.765,0.0,0.0,0.01249633574511009,0.37014971659622015,0.00046555496587800054,0.0,0.0,0.0,0.00011651512320630358,omni
-0.5733287019755707,11.776547714343845,1.765,0.0,0.0,0.0124986585511552,0.37006673364854165,0.0004650591543167349,0.0,0.0,0.0,0.00011614030225552764,unicycle
-0.5659263998024718,11.77664951858585,1.765,0.0,0.0,0.012500978883109684,0.3701498196989251,0.0004635631555459925,0.0,0.0,0.0,0.00011601659772411851,omni
-0.5585257575056808,11.776751309351171,1.765,0.0,0.0,0.012503291750754496,0.37006682501830496,0.00046306945778737033,0.0,0.0,0.0,0.00011564338224066881,unicycle
-0.551123453707316,11.77685310820983,1.765,0.0,0.0,0.01250560215492916,0.37014989973168794,0.00046157985251055195,0.0,0.0,0.0,0.0001155202087331416,omni
-0.5437228099983481,11.776954893550206,1.765,0.0,0.0,0.012507905126763396,0.3700668943639506,0.0004610882602452665,0.0,0.0,0.0,0.00011514859171186024,unicycle
-0.5363205049875421,11.777056687043224,1.765,0.0,0.0,0.012510205645698033,0.3701499591163624,0.0004596050219320303,0.0,0.0,0.0,0.00011502594673177633,omni
-0.5289198602480051,11.777158466976932,1.765,0.0,0.0,0.012512498764119204,0.37006694462265904,0.0004591155269928201,0.0,0.0,0.0,0.00011465592105876485,unicycle
-0.521517554373534,11.777260255122744,1.765,0.0,0.0,0.012514789440159973,0.3701500010557684,0.00045763862924332304,0.0,0.0,0.0,0.00011453380203843858,omni
-0.514116908919258,11.777362029668813,1.765,0.0,0.0,0.01251707274737177,0.3700669790836884,0.0004571512234531144,0.0,0.0,0.0,0.00011416536058990757,unicycle
-0.5067146024649017,11.777463812486602,1.765,0.0,0.0,0.012519353622671016,0.37015002880010167,0.00045568063989541696,0.0,0.0,0.0,0.00011404376496224689,omni
-0.4993139565491999,11.777565581664767,1.765,0.0,0.0,0.012521627160684124,0.37006700087326116,0.00045519531500269204,0.0,0.0,0.0,0.0001136769006554927,unicycle
-0.49191164973979107,11.777667359174373,1.765,0.0,0.0,0.012523898277201906,0.3701500452970759,0.00045373101925535824,0.0,0.0,0.0,0.00011355582588911456,omni
-0.4845110035612406,11.77776912300499,1.765,0.0,0.0,0.012526162087836018,0.3700670127285155,0.0004532477669171217,0.0,0.0,0.0,0.00011319053170554071,unicycle
-0.47710869657140087,11.777870895226812,1.765,0.0,0.0,0.012528423487342408,0.37015005305755355,0.00045178973258594267,0.0,0.0,0.0,0.00011306997531940531,omni
-0.4697080502829731,11.77797265373071,1.765,0.0,0.0,0.01253067761222866,0.3700670169300369,0.0004513085443746009,0.0,0.0,0.0,0.00011270624431275067,unicycle
-0.46230574324624063,11.778074420685574,1.765,0.0,0.0,0.012532929336306247,0.3701500541359825,0.0004498567450655252,0.0,0.0,0.0,0.00011258620387926748,omni
-0.45490509696415365,11.77817617388397,1.765,0.0,0.0,0.012535173816889747,0.37006701531573816,0.0004493776124863219,0.0,0.0,0.0,0.00011222402917497271,unicycle
-0.44750278998138276,11.778277935593028,1.765,0.0,0.0,0.012537415906936099,0.37015005016679875,0.000447932021824748,0.0,0.0,0.0,0.00011210450231760304,omni
-0.44010214379293916,11.77837968350741,1.765,0.0,0.0,0.012539650784478279,0.3700670093316208,0.00044745493633591355,0.0,0.0,0.0,0.0001117438771090652,unicycle
-0.43269983693951797,11.778481439992047,1.765,0.0,0.0,0.012541883281708228,0.37015004242351984,0.0004460155279861759,0.0,0.0,0.0,0.00011162486149740007,omni
-0.4252991909096817,11.778583182644095,1.765,0.0,0.0,0.012544108597289032,0.3700670000948182,0.00044554048101805706,0.0,0.0,0.0,0.00011126577904024835,unicycle
-0.41789688424147275,11.778684933925849,1.765,0.0,0.0,0.012546331542736714,0.3701500318826117,0.0004441072287010877,0.0,0.0,0.0,0.00011114727238412472,omni
-0.4104962384181953,11.778786671337363,1.765,0.0,0.0,0.012548547337256515,0.3700669884561164,0.0004436342116726259,0.0,0.0,0.0,0.00011078972599025181,unicycle
-0.40309393197628146,11.778888417437871,1.765,0.0,0.0,0.012550760771777202,0.3701500192832165,0.00044220708918051287,0.0,0.0,0.0,0.00011067172603431268,omni
-0.3956932863947082,11.778990149630722,1.765,0.0,0.0,0.01255296708595854,0.37006697505598113,0.0004417360935126481,0.0,0.0,0.0,0.00011031570906677847,unicycle
-0.3882909802091025,11.779091890571662,1.765,0.0,0.0,0.012555171050230247,0.37015000517896635,0.00044031507472023205,0.0,0.0,0.0,0.00011019821358535782,omni
-0.38089033489483115,11.77919361756775,1.765,0.0,0.0,0.012557367924619313,0.3700669603719318,0.00043984609184617604,0.0,0.0,0.0,0.00010984371945330237,unicycle
-0.3734880289873288,11.779295353370816,1.765,0.0,0.0,0.012559562459144238,0.3701499899808961,0.0004384311507195363,0.0,0.0,0.0,0.00010972672624623284,omni
-0.3660873839588966,11.779397075192033,1.765,0.0,0.0,0.012561749934112264,0.37006694475711227,0.000437964172092532,0.0,0.0,0.0,0.00010937374840123864,unicycle
-0.3586850783452375,11.779498805878905,1.765,0.0,0.0,0.012563935079218071,0.3701499739918816,0.0004365552826954213,0.0,0.0,0.0,0.00010925725529024786,omni
-0.3512844336159974,11.779600522547119,1.765,0.0,0.0,0.012566113194962526,0.3700669284708636,0.0004360902997942958,0.0,0.0,0.0,0.00010890578722275835,unicycle
-0.3438821283074895,11.779702248139436,1.765,0.0,0.0,0.012568288990803495,0.37014995743364754,0.0004346874362923731,0.0,0.0,0.0,0.00010878979204846107,omni
-0.33648148388701066,11.779803959676467,1.765,0.0,0.0,0.012570457787349196,0.3700669117024805,0.0004342244406253868,0.0,0.0,0.0,0.00010843982728510695,unicycle
-0.32907917889173605,11.779905680195823,1.765,0.0,0.0,0.012572624273907288,0.37014994046758404,0.0004328275772891266,0.0,0.0,0.0,0.00010832432790472998,omni
-0.32167853478684133,11.780007386623433,1.765,0.0,0.0,0.012574783791107417,0.37006689458938796,0.00043236656039661865,0.0,0.0,0.0,0.00010797586000625333,unicycle
-0.31427623011054673,11.780109102091354,1.765,0.0,0.0,0.012576941008193258,0.37014992321056783,0.00043097567160314625,0.0,0.0,0.0,0.00010786085429197626,omni
-0.3068755863260754,11.780210803431242,1.765,0.0,0.0,0.012579091285730294,0.3700668772308745,0.00043051662505924425,0.0,0.0,0.0,0.0001075138768517554,unicycle
-0.29947328197282463,11.780312513869188,1.765,0.0,0.0,0.012581239272984076,0.37014990574685364,0.00042913168529336537,0.0,0.0,0.0,0.0001073993626892201,omni
-0.29207263851218923,11.780414210142974,1.765,0.0,0.0,0.01258338035037071,0.3700668596983641,0.0004286746007069667,0.0,0.0,0.0,0.00010705386933170185,unicycle
-0.28467033448483814,11.780515915572325,1.765,0.0,0.0,0.012585519147263084,0.37014988813692806,0.00042729558456155515,0.0,0.0,0.0,0.00010693984461871172,omni
-0.27726969135042967,11.780617606801556,1.765,0.0,0.0,0.012587651063843047,0.3700668420430333,0.00042684045357687593,0.0,0.0,0.0,0.00010659582899820204,unicycle
-0.26986738765097085,11.780719307243618,1.765,0.0,0.0,0.012589780709675927,0.37014987042405006,0.0004254673357529792,0.0,0.0,0.0,0.00010648229164400059,omni
-0.2624667448444515,11.780820993449755,1.765,0.0,0.0,0.012591903504624809,0.3700668243014174,0.000425014150049825,0.0,0.0,0.0,0.00010613974744413846,unicycle
-0.2550644414742628,11.780922688925749,1.765,0.0,0.0,0.012594024038532187,0.37014985263905004,0.0004236469053565107,0.0,0.0,0.0,0.00010602669536885269,omni
-0.2476637989967767,11.781024370130169,1.765,0.0,0.0,0.012596137750858228,0.3700668064995122,0.00042319565665033135,0.0,0.0,0.0,0.00010568561630192852,unicycle
-0.24026149595679994,11.781126060661233,1.765,0.0,0.0,0.01259824921180694,0.3701498348038287,0.0004218342600043576,0.0,0.0,0.0,0.0001055730474356856,omni
-0.23286085380912425,11.78122773688523,1.765,0.0,0.0,0.012600353880351772,0.370066788655755,0.0004213849400461257,0.0,0.0,0.0,0.00010523342724155554,unicycle
-0.22545855109999266,11.781329422492416,1.765,0.0,0.0,0.012602456307142258,0.3701498169338954,0.00042002936647144833,0.0,0.0,0.0,0.00010512133952433908,omni
-0.21805790928264557,11.781431093757195,1.765,0.0,0.0,0.012604551970581673,0.37006677078318373,0.0004195819670474653,0.0,0.0,0.0,0.00010478317197072817,unicycle
-0.2106556069047752,11.781532774461471,1.765,0.0,0.0,0.012606645401848714,0.37014979904020207,0.00041823219167473396,0.0,0.0,0.0,0.00010467156335204049,omni
-0.20325496541809282,11.781634440788153,1.765,0.0,0.0,0.012608732098693388,0.37006675289099195,0.00041778670460641403,0.0,0.0,0.0,0.00010433484223370679,unicycle
-0.19585266337174723,11.781736116610396,1.765,0.0,0.0,0.012610816572906832,0.3701497811304596,0.0004164427026724439,0.0,0.0,0.0,0.00010422371067216156,omni
-0.1884520222159381,11.781837778020014,1.765,0.0,0.0,0.012612894341503042,0.3700667349856439,0.00041599911981606897,0.0,0.0,0.0,0.00010388842981064646,unicycle
-0.18104972050127432,11.78193944898102,1.765,0.0,0.0,0.012614969896968526,0.37014976321008297,0.00041466086666328483,0.0,0.0,0.0,0.00010377777327401057,omni
-0.17364907967645798,11.782041105494518,1.765,0.0,0.0,0.01261703877549888,0.3700667170716728,0.0004142191799097858,0.0,0.0,0.0,0.00010344392651772741,unicycle
-0.16624677829355886,11.782142771614993,1.765,0.0,0.0,0.012619105450358529,0.3701497452828638,0.0004128866509857264,0.0,0.0,0.0,0.00010333374298254895,omni
-0.15884613779979317,11.782244423253225,1.765,0.0,0.0,0.012621165476842649,0.37006669915224893,0.00041244685226040793,0.0,0.0,0.0,0.00010300132420603027,unicycle
-0.15144383674869027,11.782346084553788,1.765,0.0,0.0,0.012623223309075803,0.3701497273514501,0.00041112002311711,0.0,0.0,0.0,0.00010289161165769643,omni
-0.14404319658599055,11.782447731337525,1.765,0.0,0.0,0.01262527452137104,0.370066681229583,0.00041068210437950937,0.0,0.0,0.0,0.00010256061476201536,unicycle
-0.1366408958666803,11.782549387838712,1.765,0.0,0.0,0.012627323548794932,0.3701497094176854,0.00040936095067317245,0.0,0.0,0.0,0.00010245137119457459,omni
-0.12924025603503272,11.782651029788637,1.765,0.0,0.0,0.012629365984597065,0.370066663305212,0.0004089249039168663,0.0,0.0,0.0,0.00010212179010669142,unicycle
-0.12183795564748749,11.782752681510893,1.765,0.0,0.0,0.012631406244867518,0.370149691482849,0.0004076094014072709,0.0,0.0,0.0,0.00010201301352265205,omni
-0.11443731614685863,11.782854318647601,1.765,0.0,0.0,0.012633439941711426,0.3700666453802005,0.00040717521865961403,0.0,0.0,0.0,0.00010168484219537809,unicycle
-0.1070350160910348,11.78295596561129,1.765,0.0,0.0,0.012635471472323538,0.3701496735478257,0.0004058653432095858,0.0,0.0,0.0,0.00010157653060567166,omni
-0.09963437692137807,11.783057597955292,1.765,0.0,0.0,0.012637496467583886,0.3700666274552838,0.00040543301653149836,0.0,0.0,0.0,0.00010124976301751361,unicycle
-0.09223207719722139,11.783159240180687,1.765,0.0,0.0,0.012639519305872718,0.37014965561322466,0.0004041287441064226,0.0,0.0,0.0,0.0001011419144415479,omni
-0.08483143835848171,11.783260867752404,1.765,0.0,0.0,0.012641535636764654,0.37006660953096665,0.00040369826559222673,0.0,0.0,0.0,0.00010081654459676317,unicycle
-0.07742913896593119,11.7833625052597,1.765,0.0,0.0,0.0126435498199059,0.37014963767946285,0.0004023995722596105,0.0,0.0,0.0,0.0001007091570624432,omni
-0.07002850045804818,11.78346412807947,1.765,0.0,0.0,0.012645557523485717,0.37006659160759364,0.00040197093403691067,0.0,0.0,0.0,0.00010038517899091803,unicycle
-0.06262620139703873,11.783565760888767,1.765,0.0,0.0,0.012647563088496407,0.37014961974682387,0.0004006777959659853,0.0,0.0,0.0,0.00010027825053432085,omni
-0.05522556321994884,11.783667378976839,1.765,0.0,0.0,0.012649562201662228,0.3700665736853983,0.00040025099019541866,0.0,0.0,0.0,9.995565829102346e-05,unicycle
-0.04782326449041307,11.78376900710816,1.765,0.0,0.0,0.012651559185401357,0.3701496018154987,0.00039896338365652057,0.0,0.0,0.0,9.984918695646379e-05,omni
-0.04042262664405118,11.783870620484702,1.765,0.0,0.0,0.012653549744893793,0.3700665557645371,0.0003985384025317086,0.0,0.0,0.0,9.952797462175887e-05,unicycle
-0.03302032824592069,11.783972243957987,1.765,0.0,0.0,0.01265553818406303,0.3701495838856143,0.000397256303896106,0.0,0.0,0.0,9.94219584618155e-05,omni
-0.025619690730221117,11.784073852643077,1.765,0.0,0.0,0.012657520226465855,0.3700665378451133,0.0003968331396434956,0.0,0.0,0.0,9.910212014119589e-05,unicycle
-0.018217392663427368,11.784175471478177,1.765,0.0,0.0,0.012659500157610188,0.37014956595725346,0.0003955565253827765,0.0,0.0,0.0,9.8996557216658e-05,omni
-0.010816755478324593,11.784277075491813,1.765,0.0,0.0,0.012661473719351,0.3700665199271933,0.0003951351702614181,0.0,0.0,0.0,9.867808704070664e-05,unicycle
-0.0034144577427994843,11.784378689708493,1.765,0.0,0.0,0.012663445178859414,0.3701495480304684,0.0003938640169470497,0.0,0.0,0.0,9.857297542049992e-05,omni
0.003986179111771361,11.784480289070586,1.765,0.0,0.0,0.012665410296210308,0.3700665020108185,0.0003934444632484248,0.0,0.0,0.0,9.825586754468186e-05,unicycle
0.011388476516095085,11.784581898688536,1.765,0.0,0.0,0.012667373320316424,0.3701495301052905,0.0003921787475512871,0.0,0.0,0.0,9.815120530580262e-05,omni
0.018789113040197893,11.784683493418914,1.765,0.0,0.0,0.01266933002939463,0.3700664840960126,0.0003917609875992968,0.0,0.0,0.0,9.783545391037289e-05,unicycle
0.026191410113386375,11.784785098457732,1.765,0.0,0.0,0.012671284654177387,0.3701495121817366,0.0003905006862894822,0.0,0.0,0.0,9.773123913792352e-05,omni
0.03359204630708384,11.784886688576137,1.765,0.0,0.0,0.012673232990945946,0.3700664661827875,0.00039008471244025606,0.0,0.0,0.0,9.741683842792159e-05,unicycle
0.04099434304920192,11.784988289055345,1.765,0.0,0.0,0.012675179252330249,0.3701494942598136,0.0003888298023864326,0.0,0.0,0.0,9.731306921506977e-05,omni
0.04839497891255538,11.785089874581438,1.765,0.0,0.0,0.01267711925259865,0.3700664482711469,0.0003884156070282481,0.0,0.0,0.0,9.700001342014401e-05,unicycle
0.0557972753236665,11.78519147052047,1.765,0.0,0.0,0.012679057186356011,0.3701494763395219,0.00038716606519745896,0.0,0.0,0.0,9.689668786808743e-05,omni
0.06319791085673584,11.785293051473829,1.765,0.0,0.0,0.012680988885780859,0.37006643036108916,0.0003867536407505431,0.0,0.0,0.0,9.658497124243197e-05,unicycle
0.07060020693690194,11.785394642892044,1.765,0.0,0.0,0.012682918527530066,0.3701494584208574,0.0003855094442075626,0.0,0.0,0.0,9.648208746030605e-05,omni
0.07800084213974562,11.785496219292163,1.765,0.0,0.0,0.012684841961615716,0.3700664124526089,0.00038509878312402717,0.0,0.0,0.0,9.617170428244196e-05,unicycle
0.08540313788902715,11.785597806208832,1.765,0.0,0.0,0.012686763346823464,0.37014944050381304,0.0003838599090311927,0.0,0.0,0.0,9.606926038729668e-05,omni
0.09280377276170199,11.785699378075124,1.765,0.0,0.0,0.012688678550922665,0.37006639454569823,0.0003834510037948232,0.0,0.0,0.0,9.576020496005502e-05,unicycle
0.10020606818015779,11.785800960509437,1.765,0.0,0.0,0.012690591714904203,0.3701494225883793,0.0003822174294113563,0.0,0.0,0.0,9.565819907688433e-05,omni
0.10760670272271916,11.785902527861234,1.765,0.0,0.0,0.012692498724218751,0.3700663766403472,0.0003818102725375157,0.0,0.0,0.0,9.535046572734781e-05,unicycle
0.11500899781040655,11.786004105832305,1.765,0.0,0.0,0.012694403702138528,0.37014940467454543,0.0003805819752193311,0.0,0.0,0.0,9.52488959890013e-05,omni
0.12240963202290822,11.786105668688851,1.765,0.0,0.0,0.012696302551719893,0.37006635873654503,0.00038017655925486835,0.0,0.0,0.0,9.494247906829029e-05,unicycle
0.12981192677988293,11.786207242215708,1.765,0.0,0.0,0.012698199378592203,0.3701493867622998,0.00037895351645409603,0.0,0.0,0.0,9.484134361545469e-05,omni
0.1372125606623771,11.786308800596172,1.765,0.0,0.0,0.012700090103342174,0.3700663408342803,0.00037854983397723417,0.0,0.0,0.0,9.453623749871566e-05,unicycle
0.14461485508869334,11.786410369697764,1.765,0.0,0.0,0.012701978814031772,0.3701493688516307,0.000377332023241886,0.0,0.0,0.0,9.443553448005067e-05,omni
0.15201548864123077,11.786511923621234,1.765,0.0,0.0,0.012703861448703106,0.3700663229335414,0.0003769300668620225,0.0,0.0,0.0,9.413173356655961e-05,unicycle
0.1594177827369411,11.78661348831643,1.765,0.0,0.0,0.012705742077925873,0.3701493509425255,0.00037571746583543833,0.0,0.0,0.0,9.403146113834181e-05,omni
0.16681841595957092,11.786715037801912,1.765,0.0,0.0,0.012707616657122889,0.37006630503431603,0.0003753172281930897,0.0,0.0,0.0,9.372895985078084e-05,unicycle
0.1742207097247265,11.786816598109503,1.765,0.0,0.0,0.012709489239446429,0.3701493330349717,0.00037410981461374004,0.0,0.0,0.0,9.36291161770699e-05,omni
0.1816213426174963,11.786918143175921,1.765,0.0,0.0,0.012711355797625674,0.37006628713659184,0.0003737112883803416,0.0,0.0,0.0,9.332790896211111e-05,unicycle
0.1890236360521467,11.787019699114614,1.765,0.0,0.0,0.012713220367469968,0.3701493151289564,0.00037250904008119464,0.0,0.0,0.0,9.322849221480767e-05,omni
0.19642426861510262,11.787121239780811,1.765,0.0,0.0,0.012715078938940824,0.37006626924035646,0.00037211221795901105,0.0,0.0,0.0,9.292857354273678e-05,unicycle
0.20382656171929586,11.78722279136924,1.765,0.0,0.0,0.012716935530578849,0.3701492972244671,0.0003709151128673352,0.0,0.0,0.0,9.282958190131316e-05,omni
0.2112271939524826,11.787324327653984,1.765,0.0,0.0,0.012718786149504167,0.37006625134559773,0.000370519987589422,0.0,0.0,0.0,9.253094626573207e-05,unicycle
0.21862948672626528,11.7874258749107,1.765,0.0,0.0,0.012720634797062515,0.370149279321491,0.00036932800372640464,0.0,0.0,0.0,9.243237791736388e-05,omni
0.226030118629726,11.787527406832673,1.765,0.0,0.0,0.012722477497459223,0.370066233452303,0.0003689345680563939,0.0,0.0,0.0,9.213501983546408e-05,unicycle
0.2334324110731432,11.787628949776153,1.765,0.0,0.0,0.012724318234918722,0.37014926142001514,0.0003677476835366025,0.0,0.0,0.0,9.203687297496667e-05,omni
0.2408330426469196,11.787730477353966,1.765,0.0,0.0,0.012726153050658466,0.37006621556046,0.0003673559302686205,0.0,0.0,0.0,9.174078698715573e-05,unicycle
0.2482353347600149,11.787832016002598,1.765,0.0,0.0,0.012727985911854804,0.37014924352002704,0.000366174123299765,0.0,0.0,0.0,9.164305981692426e-05,omni
0.2556359660041473,11.787933539254778,1.765,0.0,0.0,0.01272981287666454,0.37006619767005655,0.0003657840452582258,0.0,0.0,0.0,9.13482404868507e-05,unicycle
0.26303825778696294,11.788035073626881,1.765,0.0,0.0,0.012731637895288882,0.37014922562151414,0.000364607294140548,0.0,0.0,0.0,9.125093121687012e-05,omni
0.2704388887014901,11.788136592571878,1.765,0.0,0.0,0.012733457042751506,0.3700661797810804,0.0003642188841800996,0.0,0.0,0.0,9.095737313131506e-05,unicycle
0.27784118015406684,11.788238122685698,1.765,0.0,0.0,0.01273527425235109,0.3701492077244638,0.0003630471673062274,0.0,0.0,0.0,9.086047997908872e-05,omni
0.28524181073902627,11.78833963734188,1.765,0.0,0.0,0.012737085615906045,0.37006616189351943,0.0003626604183117387,0.0,0.0,0.0,9.056817774781316e-05,unicycle
0.2926441018614034,11.788441163215575,1.765,0.0,0.0,0.012738895049884815,0.37014918982886374,0.000361493714166321,0.0,0.0,0.0,9.047169893843836e-05,omni
0.30004473211683114,11.78854267360124,1.765,0.0,0.0,0.012740698662828702,0.37006614400736176,0.00036110861905261235,0.0,0.0,0.0,9.018064719428438e-05,unicycle
0.3074470229090467,11.788644195252894,1.765,0.0,0.0,0.012742500354447907,0.37014917193470176,0.00035994690621169416,0.0,0.0,0.0,9.008458096026854e-05,omni
0.3148476528349774,11.788745701386253,1.765,0.0,0.0,0.012744296249935082,0.37006612612259543,0.0003595634579234167,0.0,0.0,0.0,8.979477435870686e-05,unicycle
0.32224994329706785,11.78884721883388,1.765,0.0,0.0,0.012746090232313883,0.37014915404196547,0.0003584067150542043,0.0,0.0,0.0,8.969911894002913e-05,omni
0.3296505728935349,11.788948720733075,1.765,0.0,0.0,0.012747878443357074,0.3700661082392087,0.0003580249065658531,0.0,0.0,0.0,8.941055215942175e-05,unicycle
0.33705286302553544,11.789050233994603,1.765,0.0,0.0,0.012749664749473142,0.3701491361506431,0.0003568731124264489,0.0,0.0,0.0,8.931530580342495e-05,omni
0.34445349229257083,11.789151731677697,1.765,0.0,0.0,0.012751445308944032,0.37006609035719,0.0003564929367421343,0.0,0.0,0.0,8.902797354459303e-05,unicycle
0.35185578209451546,11.789253240770984,1.765,0.0,0.0,0.012753223971634153,0.3701491182607225,0.0003553460701809194,0.0,0.0,0.0,8.893313450602506e-05,omni
0.3592564110321498,11.78935473425596,1.765,0.0,0.0,0.012754996912264,0.37006607247652773,0.0003549675203342216,0.0,0.0,0.0,8.864703149246865e-05,unicycle
0.3666587009674381,11.789456239204698,1.765,0.0,0.0,0.012756767964107877,0.3701491235424321,0.0003538255602895836,0.0,0.0,0.0,8.855259219378253e-05,omni
0.3740593310606418,11.789557728528667,1.765,0.0,0.0,0.012758533318191673,0.37006612885047385,0.00035344864210921825,0.0,0.0,0.0,8.826770418989365e-05,unicycle
0.3814616230796389,11.789659229376097,1.765,0.0,0.0,0.01276029679145267,0.3701492263505653,0.0003523115872430825,0.0,0.0,0.0,8.817366304966504e-05,omni
0.3888622558220666,11.789760714576598,1.765,0.0,0.0,0.012762054591263448,0.37006625991356973,0.0003519362935222908,0.0,0.0,0.0,8.788999053894552e-05,unicycle
0.39626455078805184,11.789862211351771,1.765,0.0,0.0,0.012763810518264076,0.37014937232631107,0.00035080411049974854,0.0,0.0,0.0,8.779635003160851e-05,omni
0.4036651865847931,11.789963692451957,1.765,0.0,0.0,0.012765560796080773,0.37006641123291806,0.00035043042528118884,0.0,0.0,0.0,8.751389083472242e-05,unicycle
0.41106748457647624,11.790065185173528,1.765,0.0,0.0,0.012767309209108534,0.37014952223784814,0.0003493030868090836,0.0,0.0,0.0,8.742065138803908e-05,omni
0.4184681232800199,11.790166662189208,1.765,0.0,0.0,0.01276905199714429,0.3700665551761471,0.00034893099872038293,0.0,0.0,0.0,8.713940178774502e-05,unicycle
0.42587042399914016,11.790268150870796,1.765,0.0,0.0,0.012770792928397466,0.37014965723507387,0.00034780848105478207,0.0,0.0,0.0,8.70465626588146e-05,omni
0.43327106521674064,11.790369623814465,1.765,0.0,0.0,0.012772528258759056,0.37006667948053096,0.0003474379813495702,0.0,0.0,0.0,8.676651807937167e-05,unicycle
0.44067336821749337,11.79047110846767,1.765,0.0,0.0,0.01277426174031667,0.370149769940199,0.0003463202627620655,0.0,0.0,0.0,8.667407788063544e-05,omni
0.4480740114802788,11.790572577350744,1.765,0.0,0.0,0.012775989644982525,0.3700667803394547,0.00034595134412844985,0.0,0.0,0.0,8.639523329294174e-05,unicycle
0.45547631629199403,11.790674057986752,1.765,0.0,0.0,0.012777715708788594,0.3701498591098937,0.0003448384039850484,0.0,0.0,0.0,8.630319030333923e-05,omni
0.46287696114213045,11.790775522820711,1.765,0.0,0.0,0.01277943621959784,0.3700668583049213,0.00034447105984051807,0.0,0.0,0.0,8.602554046227012e-05,unicycle
0.47027926732947234,11.790876999451095,1.765,0.0,0.0,0.012781154897453982,0.3701499265110741,0.0003433628780655197,0.0,0.0,0.0,8.593389280700815e-05,omni
0.47767991336006843,11.790978460248008,1.765,0.0,0.0,0.012782868046101709,0.37006691592432545,0.00034299710215434764,0.0,0.0,0.0,8.565743238625893e-05,unicycle
0.4850822205478263,11.791079932885058,1.765,0.0,0.0,0.012784579369664454,0.3701499751502971,0.00034189365893094183,0.0,0.0,0.0,8.5566178137328e-05,omni
0.49248286741661623,11.791181389657766,1.765,0.0,0.0,0.01278628518770052,0.37006695642926746,0.00034152944510589146,0.0,0.0,0.0,8.529090180326176e-05,unicycle
0.4998851752953596,11.791282858314554,1.765,0.0,0.0,0.012787989188481185,0.37015000831689504,0.00034043072071948276,0.0,0.0,0.0,8.520003903325331e-05,omni
0.5072858227246828,11.791384311076671,1.765,0.0,0.0,0.01278968770731085,0.37006698305032754,0.00034006806283255807,0.0,0.0,0.0,8.492594148321061e-05,unicycle
0.5146881310468484,11.79148577576701,1.765,0.0,0.0,0.012791384416676684,0.37015002910455447,0.00033897403759677966,0.0,0.0,0.0,8.483546829166571e-05,omni
0.5220887788171841,11.791587224532835,1.765,0.0,0.0,0.012793075667562106,0.3700669986947955,0.0003386129294523626,0.0,0.0,0.0,8.456254427120118e-05,unicycle
0.5294910873890534,11.791688685271163,1.765,0.0,0.0,0.012794765116738015,0.37015004020578707,0.0003375235836816635,0.0,0.0,0.0,8.447245879549659e-05,omni
0.5368917353301694,11.79179013005557,1.765,0.0,0.0,0.012796449130800105,0.370067005827361,0.0003371640190237489,0.0,0.0,0.0,8.420070310442918e-05,unicycle
0.544294044002714,11.791891586856844,1.765,0.0,0.0,0.012798131350870549,0.37015004385532435,0.0003360793330305106,0.0,0.0,0.0,8.411100352214077e-05,omni
0.5516946919845775,11.791993027675154,1.765,0.0,0.0,0.012799808159090835,0.3700670064582092,0.0003357213055470219,0.0,0.0,0.0,8.384041101420346e-05,unicycle
0.5590970006446861,11.792094480554724,1.765,0.0,0.0,0.012801483181001657,0.3701500418492296,0.00033464125965016,0.0,0.0,0.0,8.375109554119669e-05,omni
0.5664976485691707,11.792195917422607,1.765,0.0,0.0,0.012803152814224077,0.37006700218283484,0.00033428476298459923,0.0,0.0,0.0,8.348166112097959e-05,unicycle
0.573899957131933,11.792297366396124,1.765,0.0,0.0,0.012804820668784227,0.3701500355977218,0.00033320933752245324,0.0,0.0,0.0,8.339272800755919e-05,omni
0.5813006049257285,11.7923987993295,1.765,0.0,0.0,0.01280648315771675,0.370066994242211,0.0003328543652876025,0.0,0.0,0.0,8.312444662612256e-05,unicycle
0.5887029133279871,11.792500244412825,1.765,0.0,0.0,0.01280814387559981,0.3701500261885823,0.00033178354063129813,0.0,0.0,0.0,8.303589415305036e-05,omni
0.5961035609367848,11.792601673427791,1.765,0.0,0.0,0.012809799250815894,0.3700669835865203,0.00033143008642222443,0.0,0.0,0.0,8.276876080416852e-05,unicycle
0.6035058691319279,11.792703114636927,1.765,0.0,0.0,0.012811452862561459,0.3701500144492034,0.0003303638429875849,0.0,0.0,0.0,8.268058727827933e-05,omni
0.6109065165157852,11.792804539749694,1.765,0.0,0.0,0.012813101154501332,0.37006697093419444,0.000330011900392948,0.0,0.0,0.0,8.241459699371203e-05,unicycle
0.6183088244696433,11.79290597710074,1.765,0.0,0.0,0.012814747690516215,0.3701500010017988,0.0003289502186505837,0.0,0.0,0.0,8.232680074426137e-05,omni
0.6257094715993684,11.793007398327587,1.765,0.0,0.0,0.012816388929488031,0.3700669568228472,0.000328599781261845,0.0,0.0,0.0,8.206194859077125e-05,unicycle
0.6331117792870409,11.793108831836681,1.765,0.0,0.0,0.012818028420047355,0.37014998630987994,0.0003275426417450433,0.0,0.0,0.0,8.19745279661646e-05,omni
0.640512426141417,11.793210249193923,1.765,0.0,0.0,0.0128196626362282,0.3700669416513044,0.0003271937031636455,0.0,0.0,0.0,8.171080904208861e-05,unicycle
0.6479147335448521,11.793311678877238,1.765,0.0,0.0,0.012821295111476344,0.37014997071597905,0.0003261410864744082,0.0,0.0,0.0,8.162376240727966e-05,omni
0.6553153801085344,11.793413092381194,1.765,0.0,0.0,0.012822922334913155,0.3700669257132449,0.00032579364031716735,0.0,0.0,0.0,8.13611718404226e-05,unicycle
0.662717687214707,11.79351451825489,1.765,0.0,0.0,0.012824547824864646,0.37014995447148463,0.0003247455271305735,0.0,0.0,0.0,8.127449757463364e-05,omni
0.6701183334766471,11.793615927921856,1.765,0.0,0.0,0.012826168085475044,0.370066909223534,0.0003243995670334537,0.0,0.0,0.0,8.101303051987434e-05,unicycle
0.6775206402761986,11.793717350002069,1.765,0.0,0.0,0.012827786620015342,0.3701499377597856,0.0003233559381005144,0.0,0.0,0.0,8.092672701485784e-05,omni
0.6849212862284735,11.793818755848324,1.765,0.0,0.0,0.012829399947588397,0.3700668923384879,0.00032301145772147005,0.0,0.0,0.0,8.066637865277753e-05,unicycle
0.6923235927147061,11.79392017415116,1.765,0.0,0.0,0.012831011556474628,0.3701499207139542,0.00032197229387143696,0.0,0.0,0.0,8.058044431162676e-05,omni
0.6997242383516542,11.794021576192938,1.765,0.0,0.0,0.012832617980671576,0.370066875171257,0.00032162928689229977,0.0,0.0,0.0,8.032120984737493e-05,unicycle
0.7071265445197907,11.79412299073445,1.765,0.0,0.0,0.012834222693533244,0.37014990343009285,0.00032059456903381725,0.0,0.0,0.0,8.02356430834389e-05,omni
0.7145271898373807,11.794224388987935,1.765,0.0,0.0,0.01283582224388816,0.3700668578033774,0.0003202530291614324,0.0,0.0,0.0,7.99775177456238e-05,unicycle
0.7219294956840254,11.794325799784136,1.765,0.0,0.0,0.01283742009022779,0.3701498859773076,0.00031922273828322327,0.0,0.0,0.0,7.989231698149582e-05,omni
0.7293301406793954,11.794427194265456,1.765,0.0,0.0,0.012839012796148212,0.3700668402933631,0.00031888265925037146,0.0,0.0,0.0,7.963529602118126e-05,unicycle
0.7367324462021417,11.794528601332296,1.765,0.0,0.0,0.012840603805341974,0.3701498684050971,0.00031785677642187047,0.0,0.0,0.0,7.955045968806036e-05,omni
0.7441330908732651,11.794629992057523,1.765,0.0,0.0,0.012842189696109538,0.37006682268304947,0.000317518151987712,0.0,0.0,0.0,7.929453837827839e-05,unicycle
0.751535396070412,11.7947313954109,1.765,0.0,0.0,0.012843773897407849,0.3701498507487891,0.0003164966583589886,0.0,0.0,0.0,7.921006491540169e-05,omni
0.7589360404158582,11.794832782396046,1.765,0.0,0.0,0.01284535300217886,0.3700668050022446,0.0003161594823092815,0.0,0.0,0.0,7.895523855046685e-05,unicycle
0.7663383452862065,11.794934182051787,1.765,0.0,0.0,0.012846930424706958,0.37014983303351345,0.0003151423591110442,0.0,0.0,0.0,7.887112640493318e-05,omni
0.7737389893049674,11.795035565312801,1.765,0.0,0.0,0.01284850277251297,0.3700667872721181,0.0003148066252581551,0.0,0.0,0.0,7.861739030048241e-05,unicycle
0.7811412938476736,11.795136961286676,1.765,0.0,0.0,0.012850073445271509,0.3701498152770902,0.00031379385380138846,0.0,0.0,0.0,7.853363792688405e-05,omni
0.78854193753904,11.795238340839447,1.765,0.0,0.0,0.012851639065019892,0.37006676950766004,0.00031345955598425227,0.0,0.0,0.0,7.82809874191833e-05,unicycle
0.7959442417535119,11.795339733147163,1.765,0.0,0.0,0.01285320301688548,0.370149797492119,0.0003124511176599964,0.0,0.0,0.0,7.819759327944457e-05,omni
0.8033448851169853,11.795441109007506,1.765,0.0,0.0,0.01285476193735999,0.3700667517194541,0.0003121182497440917,0.0,0.0,0.0,7.794602372546086e-05,unicycle
0.8107471890028075,11.795542497664702,1.765,0.0,0.0,0.012856319197085755,0.3701497796874837,0.000311114126023162,0.0,0.0,0.0,7.786298628837724e-05,omni
0.8181478320380382,11.795643869848371,1.765,0.0,0.0,0.012857871446947052,0.3700667339149525,0.0003107826819003386,0.0,0.0,0.0,7.76124930649272e-05,unicycle
0.8255501355949194,11.795745254870624,1.765,0.0,0.0,0.012859422043163173,0.3701497618694312,0.00030978285433285515,0.0,0.0,0.0,7.752981080604476e-05,omni
0.8329507783016613,11.79584662339331,1.765,0.0,0.0,0.012860967650949375,0.3700667160993889,0.00030945282792121237,0.0,0.0,0.0,7.72803893100302e-05,unicycle
0.8403530815293975,11.79594800479613,1.765,0.0,0.0,0.012862511612163608,0.37014974404234297,0.0003084572781363242,0.0,0.0,0.0,7.719806071175427e-05,omni
0.8477537239074773,11.796049369673455,1.765,0.0,0.0,0.012864050606290811,0.3700666982764294,0.00030812866338008927,0.0,0.0,0.0,7.694970636009198e-05,unicycle
0.8551560268059247,11.79615074747229,1.765,0.0,0.0,0.01286558796088904,0.37014972620928416,0.0003071373730855833,0.0,0.0,0.0,7.686772991144381e-05,omni
0.8625566688552195,11.79625210871981,1.765,0.0,0.0,0.01286712036965185,0.37006668044863567,0.00030681016395492247,0.0,0.0,0.0,7.662043814063907e-05,unicycle
0.8699589714242765,11.796353482930037,1.765,0.0,0.0,0.012868651145898594,0.3701497083723937,0.0003058231149367998,0.0,0.0,0.0,7.653881233722351e-05,omni
0.8773596131446985,11.796454840563243,1.765,0.0,0.0,0.012870176997470662,0.3700666626177926,0.0003054973054276752,0.0,0.0,0.0,7.629257860348595e-05,unicycle
0.8847619153842927,11.79655621120018,1.765,0.0,0.0,0.01287170122350961,0.37014969053315977,0.0003045144795498197,0.0,0.0,0.0,7.621130194743284e-05,omni
0.8921625567757783,11.796657565234497,1.765,0.0,0.0,0.01287322054594414,0.37006664478514073,0.0003041900636838354,0.0,0.0,0.0,7.596612172642347e-05,unicycle
0.8995648586858571,11.796758932313391,1.765,0.0,0.0,0.012874738249798668,0.3701496726926151,0.00030321144288761185,0.0,0.0,0.0,7.588519272632948e-05,omni
0.9069654997483588,11.796860282764179,1.765,0.0,0.0,0.012876251071028928,0.3700666269515396,0.00030288841471187873,0.0,0.0,0.0,7.564106151313244e-05,unicycle
0.9143678013288835,11.796961646300218,1.765,0.0,0.0,0.012877762280602606,0.3701496548514741,0.0003019139810158043,0.0,0.0,0.0,7.556047868395214e-05,omni
0.9217684420623656,11.797062993182774,1.765,0.0,0.0,0.012879268628442462,0.37006660911758266,0.000301592334602865,0.0,0.0,0.0,7.531739199283325e-05,unicycle
0.9291707433133065,11.797164353191077,1.765,0.0,0.0,0.012880773371519575,0.3701496370102292,0.00030062207010233025,0.0,0.0,0.0,7.523715385574958e-05,omni
0.9365713837177406,11.797265696520627,1.765,0.0,0.0,0.012882273273663977,0.37006659128367864,0.0003003017995499837,0.0,0.0,0.0,7.499510722001292e-05,unicycle
0.9439736846390739,11.797367053016252,1.765,0.0,0.0,0.01288377157791003,0.37014961916921857,0.0002993356864167909,0.0,0.0,0.0,7.491521230276461e-05,omni
0.9513743247144365,11.797468392807966,1.765,0.0,0.0,0.012885265061935535,0.37006657345010735,0.0002990167858479733,0.0,0.0,0.0,7.467420127525373e-05,unicycle
0.9587766253061428,11.797569745805907,1.765,0.0,0.0,0.012886756954897768,0.37014960132867286,0.00029805480633007374,0.0,0.0,0.0,7.459464811174787e-05,omni
0.9661772650524136,11.797671082074881,1.765,0.0,0.0,0.012888244048263046,0.3700665556170588,0.0002977372698927158,0.0,0.0,0.0,7.435466826385465e-05,unicycle
0.9735795653144759,11.797772431590065,1.765,0.0,0.0,0.01288972955737093,0.37014958348874816,0.00029677940631379153,0.0,0.0,0.0,7.42754553941623e-05,omni
0.9809802047316365,11.797873764351339,1.765,0.0,0.0,0.012891210287417255,0.3700665377846618,0.00029646322818069153,0.0,0.0,0.0,7.403650231633259e-05,unicycle
0.9883825046640389,11.797975110398633,1.765,0.0,0.0,0.012892689439982993,0.37014956564954987,0.000295509462939859,0.0,0.0,0.0,7.395762828682561e-05,omni
0.9957831437520721,11.79807643966718,1.765,0.0,0.0,0.01289416383393476,0.37006651995300205,0.000295194637308593,0.0,0.0,0.0,7.37196975883749e-05,unicycle
1.0031854433548002,11.798177782261385,1.765,0.0,0.0,0.01289563665715379,0.3701495478111471,0.00029424495288008916,0.0,0.0,0.0,7.364116095157074e-05,omni
1.0105860821136894,11.798279108052109,1.765,0.0,0.0,0.012897104742119,0.37006650212213604,0.00029393147397288735,0.0,0.0,0.0,7.34042482604681e-05,unicycle
1.0179883813867283,11.798380447207967,1.765,0.0,0.0,0.012898571263070506,0.3701495299735853,0.00029298585290571773,0.0,0.0,0.0,7.332604757525027e-05,omni
1.025389019816457,11.798481769535718,1.765,0.0,0.0,0.012900033066041275,0.37006648429209976,0.000292673714969381,0.0,0.0,0.0,7.309014853850064e-05,unicycle
1.0327913187597924,11.7985831052679,1.765,0.0,0.0,0.01290149331168867,0.37014951213689246,0.00029173213988705285,0.0,0.0,0.0,7.30122823696388e-05,omni
1.040191956860344,11.798684424147458,1.765,0.0,0.0,0.012902948859541715,0.37006646646291563,0.00029142133719279337,0.0,0.0,0.0,7.27773926522241e-05,unicycle
1.0475942554739606,11.798785756470586,1.765,0.0,0.0,0.012904402856733126,0.3701494943010858,0.00029048379079288334,0.0,0.0,0.0,7.269985957054865e-05,omni
1.0549948932453175,11.79888707191667,1.765,0.0,0.0,0.012905852176230252,0.37006644863459653,0.0002901743176362881,0.0,0.0,0.0,7.246597485625254e-05,unicycle
1.0623971915292008,11.798988400845293,1.765,0.0,0.0,0.012907299951699027,0.3701494764661741,0.00028924078269029936,0.0,0.0,0.0,7.238877343872616e-05,omni
1.0697978289713463,11.799089712872561,1.765,0.0,0.0,0.012908743069487623,0.3700664308071486,0.0002889326333911865,0.0,0.0,0.0,7.215588942965764e-05,unicycle
1.0772001269254803,11.799191038421167,1.765,0.0,0.0,0.012910184649852809,0.37014945863216114,0.00028800309274406785,0.0,0.0,0.0,7.207901825929068e-05,omni
1.0846007640383961,11.799292347044215,1.765,0.0,0.0,0.012911621592466328,0.37006641298057397,0.00028769626164634765,0.0,0.0,0.0,7.18471306759557e-05,unicycle
1.0920030616627645,11.799393669227236,1.765,0.0,0.0,0.012913057004233163,0.3701494407990468,0.0002867706982162264,0.0,0.0,0.0,7.177058834180763e-05,omni
1.0994036984464317,11.799494974460591,1.765,0.0,0.0,0.012914487798091623,0.37006639515487105,0.0002864651796878054,0.0,0.0,0.0,7.153969292298179e-05,unicycle
1.106805995741018,11.799596293292389,1.765,0.0,0.0,0.012915917067652024,0.3701494229668286,0.00028554357646565773,0.0,0.0,0.0,7.146347802007772e-05,omni
1.1142066321954178,11.799697595150523,1.765,0.0,0.0,0.012917341739062477,0.37006637733003694,0.0002852393648984195,0.0,0.0,0.0,7.123357052266917e-05,unicycle
1.1216089291602043,11.799798910645404,1.765,0.0,0.0,0.012918764892695523,0.37014940513550243,0.0002843217049478993,0.0,0.0,0.0,7.115768165210366e-05,omni
1.1290095652853176,11.799900209142727,1.765,0.0,0.0,0.012920183467852548,0.3700663595060671,0.000284018794757628,0.0,0.0,0.0,7.092875785131065e-05,unicycle
1.136411861920286,11.80000152131494,1.765,0.0,0.0,0.01292160053172495,0.370149387305063,0.0002831050612147112,0.0,0.0,0.0,7.085319362011016e-05,omni
1.1438124977160917,11.800102816465799,1.765,0.0,0.0,0.01292301303671113,0.37006634168295593,0.0002828034468409523,0.0,0.0,0.0,7.062524930902829e-05,unicycle
1.1512147940212236,11.800204125329525,1.765,0.0,0.0,0.01292442403687773,0.37014936947550425,0.0002818936229135987,0.0,0.0,0.0,7.055000833004527e-05,omni
1.158615429487701,11.800305417148207,1.765,0.0,0.0,0.012925830497664124,0.37006632386069743,0.0002815932988194859,0.0,0.0,0.0,7.0323039319658e-05,unicycle
1.166017725462977,11.80040672271757,1.765,0.0,0.0,0.012927235460068359,0.37014935164681984,0.0002806873677872401,0.0,0.0,0.0,7.02481202115714e-05,omni
1.1734183606001045,11.800508011218298,1.765,0.0,0.0,0.012928635902514973,0.37006630603928525,0.00028038832845934903,0.0,0.0,0.0,7.002212233067311e-05,unicycle
1.1808206562455048,11.800609313507364,1.765,0.0,0.0,0.012930034852989334,0.37014933381900295,0.0002794862736730206,0.0,0.0,0.0,6.994752371806346e-05,omni
1.1882212910532597,11.800710598704304,1.765,0.0,0.0,0.012931429302845602,0.3700662882187128,0.00027918851362142543,0.0,0.0,0.0,6.972249281333789e-05,unicycle
1.1956235863687636,11.800811897727074,1.765,0.0,0.0,0.01293282226711214,0.3701493159920469,0.00027829031850303573,0.0,0.0,0.0,6.964821332677243e-05,omni
1.2030242208471233,11.80091317963433,1.765,0.0,0.0,0.012934210750017395,0.3700662703989736,0.00027799383226112626,0.0,0.0,0.0,6.94241452627924e-05,unicycle
1.2104265158327094,11.801014475404749,1.765,0.0,0.0,0.012935597753688166,0.37014929816594466,0.00027709948030332494,0.0,0.0,0.0,6.935018353861695e-05,omni
1.2178271499816502,11.801115754036365,1.765,0.0,0.0,0.012936980295172113,0.3700662525800605,0.0002768042624277523,0.0,0.0,0.0,6.912707419744003e-05,unicycle
1.2252294446372962,11.801217046568317,1.765,0.0,0.0,0.01293836136374967,0.370149280340689,0.0002759137371937555,0.0,0.0,0.0,6.905342887785531e-05,omni
1.232630078456794,11.801318321938277,1.765,0.0,0.0,0.012939737989232853,0.3700662347619666,0.0002756197822643162,0.0,0.0,0.0,6.883127415930392e-05,unicycle
1.240032372782478,11.801419611245588,1.765,0.0,0.0,0.0129411131481107,0.3701492625162729,0.0002747330673874344,0.0,0.0,0.0,6.87579438922368e-05,omni
1.2474330062725083,11.801520883367814,1.765,0.0,0.0,0.012942483882904966,0.3700662169446852,0.00027444037000699296,0.0,0.0,0.0,6.853673971344727e-05,unicycle
1.2548353002682073,11.80162216946425,1.765,0.0,0.0,0.012943853157368016,0.37014924469268934,0.000273557449190469,0.0,0.0,0.0,6.846372315255487e-05,omni
1.2622359334287445,11.801723438352614,1.765,0.0,0.0,0.012945218026676978,0.3700661991282095,0.0002732660039848734,0.0,0.0,0.0,6.824346544817538e-05,unicycle
1.2696382270944344,11.801824721251883,1.765,0.0,0.0,0.012946581441902031,0.3701492268699314,0.00027238686100152214,0.0,0.0,0.0,6.817076125268919e-05,omni
1.277038859925453,11.801925986920185,1.765,0.0,0.0,0.01294794047082152,0.3700661813125326,0.00027209666261944726,0.0,0.0,0.0,6.795144597443819e-05,unicycle
1.2844411532611095,11.802027266635937,1.765,0.0,0.0,0.012949298051877708,0.3701492090479919,0.0002712212813113066,0.0,0.0,0.0,6.787905280942786e-05,omni
1.2918417857625826,11.802128529097931,1.765,0.0,0.0,0.012950651265396242,0.37006616349764787,0.00027093232442417295,0.0,0.0,0.0,6.766067592668708e-05,unicycle
1.2992440787681807,11.802229805643758,1.765,0.0,0.0,0.012952003037245505,0.37014919122686435,0.00027006068870226457,0.0,0.0,0.0,6.758859246296998e-05,omni
1.3066447109400814,11.80233106491313,1.765,0.0,0.0,0.012953350460244747,0.3700661456835487,0.0002697729680041248,0.0,0.0,0.0,6.73711499622037e-05,unicycle
1.3140470036155958,11.802432338302564,1.765,0.0,0.0,0.012954696447742272,0.3701491734065415,0.0002689050618481016,0.0,0.0,0.0,6.729937487616545e-05,omni
1.3214476354578963,11.802533594392942,1.765,0.0,0.0,0.012956038104997488,0.37006612787022813,0.00026861857205554387,0.0,0.0,0.0,6.708286276091525e-05,unicycle
1.328849927803301,11.802634864639458,1.765,0.0,0.0,0.01295737833289218,0.37014915558701655,0.0002677543795134319,0.0,0.0,0.0,6.701139473455986e-05,omni
1.3362505593159735,11.802736117564416,1.765,0.0,0.0,0.012958714249072691,0.37006611005767964,0.000267469115365581,0.0,0.0,0.0,6.679580902544496e-05,unicycle
1.3436528513312418,11.802837384681434,1.765,0.0,0.0,0.012960048742007617,0.37014913776828273,0.0002666086205536172,0.0,0.0,0.0,6.672464674649362e-05,omni
1.3510534825142573,11.802938634454486,1.765,0.0,0.0,0.012961378941677244,0.3700660922458968,0.00026632457681200774,0.0,0.0,0.0,6.650998348128263e-05,unicycle
1.3584557741993621,11.803039898455367,1.765,0.0,0.0,0.012962707724190097,0.3701491199503335,0.0002654677639142225,0.0,0.0,0.0,6.643912564284352e-05,omni
1.3658564050526913,11.803141145089974,1.765,0.0,0.0,0.012964032231807613,0.370066074434873,0.0002651849353627035,0.0,0.0,0.0,6.622538087582247e-05,unicycle
1.3732586964076052,11.803242405988023,1.765,0.0,0.0,0.012965355328331147,0.3701491021331619,0.0002643317886307086,0.0,0.0,0.0,6.615482617661434e-05,omni
1.3806593272401269,11.803343649501777,1.765,0.0,0.0,0.012966674168250734,0.3700660720714434,0.00026405017961201335,0.0,0.0,0.0,6.594199597923563e-05,unicycle
1.3880616195122017,11.803444907326897,1.765,0.0,0.0,0.012967991603026325,0.37014914669133403,0.0002632006980322033,0.0,0.0,0.0,6.587173877959222e-05,omni
1.3954622522774545,11.803546147758958,1.765,0.0,0.0,0.012969304799277501,0.37006616739573894,0.00026292030313367526,0.0,0.0,0.0,6.565981255887003e-05,unicycle
1.4028645471103653,11.803647402545959,1.765,0.0,0.0,0.012970616596311092,0.3701492734425858,0.00026207446176259675,0.0,0.0,0.0,6.558985167953043e-05,omni
1.4102651827816433,11.803748639922404,1.765,0.0,0.0,0.012971924172906926,0.3700663113912321,0.0002617952690151927,0.0,0.0,0.0,6.537882979172903e-05,unicycle
1.417667480659771,11.803849891690772,1.765,0.0,0.0,0.012973230356248337,0.37014942441716475,0.0002609530474096004,0.0,0.0,0.0,6.530916707058064e-05,omni
1.425068119371622,11.803951126026574,1.765,0.0,0.0,0.01297453233720616,0.3700664621169661,0.0002606750482769031,0.0,0.0,0.0,6.509904789127303e-05,unicycle
1.4324704201855425,11.804052374787927,1.765,0.0,0.0,0.012975832930879031,0.37014956992229914,0.0002598364286648153,0.0,0.0,0.0,6.502968364360267e-05,omni
1.4398710616644703,11.804153606092639,1.765,0.0,0.0,0.012977129340167112,0.3700665991690133,0.0002595596165946574,0.0,0.0,0.0,6.482046440409314e-05,unicycle
1.4472733650363299,11.804254851855005,1.765,0.0,0.0,0.012978424368128603,0.3701496965353562,0.00025872458273266247,0.0,0.0,0.0,6.475139807435109e-05,omni
1.4546740088441954,11.804356080135959,1.765,0.0,0.0,0.012979715229635952,0.3700667143145477,0.0002584489522636594,0.0,0.0,0.0,6.454307536749214e-05,unicycle
1.462076314307608,11.804457322906153,1.765,0.0,0.0,0.012981004715754365,0.37014979982935964,0.0002576174887416575,0.0,0.0,0.0,6.447430592082462e-05,omni
1.4694769599725914,11.804558548170187,1.765,0.0,0.0,0.012982290053274417,0.37006680586939256,0.0002573430349684264,0.0,0.0,0.0,6.426687600251808e-05,unicycle
1.4768792670661197,11.804659787955037,1.765,0.0,0.0,0.012983574021317541,0.37014988005177546,0.000256515126800954,0.0,0.0,0.0,6.419840215614852e-05,omni
1.4842799141476977,11.804761010209353,1.765,0.0,0.0,0.012984853858539976,0.37006687539852806,0.00025624184506604594,0.0,0.0,0.0,6.399186112169259e-05,unicycle
1.4916822224583366,11.804862247016276,1.765,0.0,0.0,0.012986132332169545,0.3701499396244731,0.00025541747746224126,0.0,0.0,0.0,6.392368147845669e-05,omni
1.4990828705747241,11.804963466268793,1.765,0.0,0.0,0.012987406692676796,0.37006692583915035,0.00025514536318787254,0.0,0.0,0.0,6.37180253626806e-05,unicycle
1.5064851797535193,11.805064700106,1.765,0.0,0.0,0.012988679695446516,0.37014998175028896,0.0002543245214302798,0.0,0.0,0.0,6.365013848595888e-05,omni
1.5138858285887107,11.805165916365455,1.765,0.0,0.0,0.012989948602712886,0.37006696048053395,0.0002540535700340259,0.0,0.0,0.0,6.344536331850836e-05,unicycle
1.521288138351707,11.805267147241954,1.765,0.0,0.0,0.01299121615806833,0.37015000967943573,0.0002532362394217116,0.0,0.0,0.0,6.33777677721652e-05,omni
1.528688787652216,11.805368360517853,1.765,0.0,0.0,0.01299247963546044,0.3700669824489177,0.0002529664462805199,0.0,0.0,0.0,6.31738696056404e-05,unicycle
1.5360910977744064,11.805469588443383,1.765,0.0,0.0,0.012993741766739913,0.3701500263596435,0.000252152612108095,0.0,0.0,0.0,6.310656397366405e-05,omni
1.543491747341484,11.8055707987459,1.765,0.0,0.0,0.012994999837517847,0.3700669944814558,0.00025188397254879427,0.0,0.0,0.0,6.29035388967209e-05,unicycle
1.5508940576480743,11.805672023730803,1.765,0.0,0.0,0.012996256567953668,0.3701500343017911,0.0002510736201046679,0.0,0.0,0.0,6.283652179107254e-05,omni
1.5582947073285798,11.805773231070658,1.765,0.0,0.0,0.012997509255272318,0.37006699885874905,0.0002508061294078561,0.0,0.0,0.0,6.263436593237045e-05,unicycle
1.565697017685862,11.805874453125766,1.765,0.0,0.0,0.012998760607992217,0.3701500355603413,0.00024999924398147,0.0,0.0,0.0,6.25676359951112e-05,omni
1.5730976673634094,11.805975657514109,1.765,0.0,0.0,0.013000007934902696,0.37006699741872456,0.0002497328973911048,0.0,0.0,0.0,6.236634552395638e-05,unicycle
1.5804999776703612,11.80607687665063,1.765,0.0,0.0,0.013001253932931209,0.3701500317697449,0.00024892946428346655,0.0,0.0,0.0,6.229990142565781e-05,omni
1.5879006272574827,11.806178078098933,1.765,0.0,0.0,0.013002495922382186,0.3700669916073983,0.0002486642570179934,0.0,0.0,0.0,6.209947254891992e-05,unicycle
1.5953029374385492,11.806279294328354,1.765,0.0,0.0,0.013003736588641904,0.3701500242035342,0.0002478642615525078,0.0,0.0,0.0,6.20333129859631e-05,omni
1.6027035868701167,11.806380492848334,1.765,0.0,0.0,0.013004973263480813,0.3700669825419178,0.00024760018881557803,0.0,0.0,0.0,6.183374194555324e-05,unicycle
1.6101058968692714,11.806481706182346,1.765,0.0,0.0,0.013006208620793552,0.3701500138381892,0.00024680361634798976,0.0,0.0,0.0,6.17678656368276e-05,omni
1.6175065460971718,11.806582901785886,1.765,0.0,0.0,0.01300744000376767,0.37006697107308223,0.00024654067333760514,0.0,0.0,0.0,6.156914870593248e-05,unicycle
1.6249088558731695,11.806684112236322,1.765,0.0,0.0,0.013008670074855467,0.37015000141286525,0.00024574750926398644,0.0,0.0,0.0,6.150355438981044e-05,omni
1.6323095048620972,11.806785304935422,1.765,0.0,0.0,0.013009896188612875,0.3700669578413701,0.00024548569117994795,0.0,0.0,0.0,6.130568787032748e-05,unicycle
1.639711814384764,11.806886512514206,1.765,0.0,0.0,0.013011120996098913,0.37014998748120764,0.00024469592094320046,0.0,0.0,0.0,6.124037430195724e-05,omni
1.6471124631089635,11.806987702320935,1.765,0.0,0.0,0.013012341863189347,0.3700669433243137,0.00024443522299277695,0.0,0.0,0.0,6.104335452171276e-05,unicycle
1.654514772356346,11.807088907040045,1.765,0.0,0.0,0.013013561429598757,0.37014997245426423,0.0002436488320872447,0.0,0.0,0.0,6.097832047036527e-05,omni
1.6619154207971243,11.807190093966517,1.765,0.0,0.0,0.01301477707247437,0.3700669278750694,0.00024338924948942513,0.0,0.0,0.0,6.0782143780566244e-05,unicycle
1.6693177297533253,11.807291295837961,1.765,0.0,0.0,0.013015991420234926,0.3701499566349236,0.00024260622346443633,0.0,0.0,0.0,6.071738802782565e-05,omni
1.6767183778971746,11.807392479896297,1.765,0.0,0.0,0.01301720186125096,0.3700669117529904,0.00024234775145304,0.0,0.0,0.0,6.0522050801685925e-05,unicycle
1.6841206865507319,11.807493678932087,1.765,0.0,0.0,0.013018411012693756,0.37014994024492304,0.00024156807591531267,0.0,0.0,0.0,6.0457572139856e-05,omni
1.6915213343879312,11.807594860134408,1.765,0.0,0.0,0.013019616274109174,0.3700668951473835,0.00024131070974109264,0.0,0.0,0.0,6.0263070770855446e-05,unicycle
1.6989236427306096,11.807696056346542,1.765,0.0,0.0,0.013020820251469214,0.37014992344566483,0.00024053437035625948,0.0,0.0,0.0,6.0198868001906464e-05,omni
1.7063242902541857,11.807797234704953,1.765,0.0,0.0,0.013022020355447278,0.37006687819568546,0.00024027810528837144,0.0,0.0,0.0,6.000519890311502e-05,unicycle
1.7137265982800878,11.807898428105412,1.765,0.0,0.0,0.013023219180864022,0.3701499063540377,0.00023950508778204866,0.0,0.0,0.0,5.9941270837144684e-05,omni
1.7211272454850526,11.807999603631993,1.765,0.0,0.0,0.013024414149472805,0.3700668609971965,0.00023924991910906902,0.0,0.0,0.0,5.974843043916106e-05,unicycle
1.7285295531899652,11.808100794232729,1.765,0.0,0.0,0.013025607844990685,0.3701498890543085,0.00023848020926749958,0.0,0.0,0.0,5.968477589393982e-05,omni
1.735930200072759,11.808201966939524,1.765,0.0,0.0,0.013026797700203594,0.37006684362335224,0.00023822613229790328,0.0,0.0,0.0,5.949276064534866e-05,unicycle
1.7433325074536787,11.80830315475245,1.765,0.0,0.0,0.013027986287772509,0.3701498716069756,0.0002374597159680196,0.0,0.0,0.0,5.942937844566208e-05,omni
1.750733154011766,11.808404324651464,1.765,0.0,0.0,0.013029171051468742,0.3700668261253406,0.00023720672603043229,0.0,0.0,0.0,5.9238184811655384e-05,unicycle
1.758135461066555,11.808505509688455,1.765,0.0,0.0,0.013030354552944514,0.37014985405531003,0.00023644358911992241,0.0,0.0,0.0,5.917507378863978e-05,omni
1.7655361072981304,11.808606676791655,1.765,0.0,0.0,0.01303153424690953,0.3700668085397087,0.00023619168156333408,0.0,0.0,0.0,5.8984698250745875e-05,unicycle
1.7729384140252669,11.808707859064542,1.765,0.0,0.0,0.013032712684054365,0.37014983643015376,0.00023543181004064456,0.0,0.0,0.0,5.892185724180867e-05,omni
1.780339059929045,11.808809023383846,1.765,0.0,0.0,0.013033887329980322,0.3700667908924632,0.0002351809802343736,0.0,0.0,0.0,5.8732296297853595e-05,unicycle
1.7877413663274455,11.808910202904418,1.765,0.0,0.0,0.013035060724463246,0.37014981875341885,0.00023442436012836623,0.0,0.0,0.0,5.866972414612697e-05,omni
1.7951420119025094,11.8090113644517,1.765,0.0,0.0,0.013036230343949434,0.37006677320205267,0.00023417460346201603,0.0,0.0,0.0,5.848097430933792e-05,unicycle
1.8025443179714002,11.809112541231697,1.765,0.0,0.0,0.013037398717346708,0.37014980104062645,0.00023342122086182415,0.0,0.0,0.0,5.8418669863632196e-05,omni
1.809944963217094,11.809213700018784,1.765,0.0,0.0,0.01303856333189997,0.3700667554815264,0.00023317253274509996,0.0,0.0,0.0,5.8230727663033686e-05,unicycle
1.8173472689559207,11.809314874069898,1.765,0.0,0.0,0.013039726705695516,0.3701497833027395,0.0002324223737996491,0.0,0.0,0.0,5.8168689777360795e-05,omni
1.8247479138717722,11.809416030108569,1.765,0.0,0.0,0.013040886336730652,0.3700667377400884,0.00023217474966229386,0.0,0.0,0.0,5.7981551756726347e-05,unicycle
1.8321502192801344,11.809517201442446,1.765,0.0,0.0,0.013042044732316458,0.37014976554748036,0.00023142780058021178,0.0,0.0,0.0,5.7919779290352564e-05,omni
1.8395508638658005,11.809618354744428,1.765,0.0,0.0,0.013043199401156634,0.37006671998421414,0.00023118123587184854,0.0,0.0,0.0,5.773344200884961e-05,unicycle
1.846953168943406,11.809719523372664,1.765,0.0,0.0,0.013044352839833158,0.3701497477802749,0.00023043748292099554,0.0,0.0,0.0,5.767193382626004e-05,omni
1.8543538131986341,11.80982067394964,1.765,0.0,0.0,0.013045502567710322,0.37006670221844745,0.00023019197311100256,0.0,0.0,0.0,5.74863938579323e-05,unicycle
1.8617561179452673,11.809921839883783,1.765,0.0,0.0,0.013046651070686895,0.37014973000492607,0.00022945140261828461,0.0,0.0,0.0,5.7425148828646205e-05,omni
1.869156761869869,11.810022987747383,1.765,0.0,0.0,0.01304779587874214,0.3700666844459695,0.0002292069431956191,0.0,0.0,0.0,5.724040276237195e-05,unicycle
1.8765590662853666,11.810124150998934,1.765,0.0,0.0,0.01304893946713736,0.37014971222409276,0.00022846954154655182,0.0,0.0,0.0,5.717941976096146e-05,omni
1.8839597098791971,11.810225296160741,1.765,0.0,0.0,0.01305007937642137,0.37006666666900145,0.0002282261280196682,0.0,0.0,0.0,5.6995464200437426e-05,unicycle
1.8913620139634324,11.810326456741151,1.765,0.0,0.0,0.013051218071263498,0.37014969443962925,0.00022749188165823914,0.0,0.0,0.0,5.693474210634358e-05,omni
1.8987626572263776,11.8104275992127,1.765,0.0,0.0,0.013052353102736893,0.3700666488890907,0.00022724950955490847,0.0,0.0,0.0,5.675157366974169e-05,unicycle
1.90616496097925,11.81052875713337,1.765,0.0,0.0,0.013053486924964233,0.37014967665282583,0.00022651840498310753,0.0,0.0,0.0,5.669111136717852e-05,omni
1.9135656039112174,11.810629896926145,1.765,0.0,0.0,0.013054617099497975,0.3700666311073126,0.00022627706985030335,0.0,0.0,0.0,5.650872668713775e-05,unicycle
1.9209679073326442,11.810731052198431,1.765,0.0,0.0,0.01305574606995928,0.37014965886457774,0.0002255490936279585,0.0,0.0,0.0,5.644852306527079e-05,omni
1.9283685499335566,11.810832189323865,1.765,0.0,0.0,0.013056871408335061,0.37006661332441215,0.00022530879103176206,0.0,0.0,0.0,5.626691878910882e-05,unicycle
1.9357708530234667,11.810933341959071,1.765,0.0,0.0,0.013057995547789896,0.3701496410755045,0.00022458392977622136,0.0,0.0,0.0,5.620697274179987e-05,omni
1.9431714952932555,11.811034476428553,1.765,0.0,0.0,0.013059116070700516,0.3700665955409045,0.00022434465530174109,0.0,0.0,0.0,5.60261455309232e-05,unicycle
1.9505737980515863,11.811135626437938,1.765,0.0,0.0,0.013060235399819653,0.37014962328603374,0.0002236228956876709,0.0,0.0,0.0,5.596645595686307e-05,omni
1.9579744399901904,11.811236758262805,1.765,0.0,0.0,0.0130613511278694,0.3700665777571444,0.0002233846449389078,0.0,0.0,0.0,5.5786402487261765e-05,unicycle
1.9653767424168853,11.811337905657577,1.765,0.0,0.0,0.013062465667235196,0.3701496054964596,0.00022266597369793823,0.0,0.0,0.0,5.572696828990249e-05,omni
1.9727773840242493,11.81143903484912,1.765,0.0,0.0,0.01306357662094023,0.37006655997337584,0.00022242874229772415,0.0,0.0,0.0,5.554768525167817e-05,unicycle
1.9801796861192553,11.81154017964044,1.765,0.0,0.0,0.01306468639104701,0.37014958770698353,0.00022171314621830112,0.0,0.0,0.0,5.5488505338903685e-05,omni
1.9875803273953252,11.811641306209902,1.765,0.0,0.0,0.013065792590835727,0.3700665421897652,0.0002214769298081585,0.0,0.0,0.0,5.530998943598199e-05,unicycle
1.994982629158592,11.811742448408886,1.765,0.0,0.0,0.013066897612090142,0.3701495699177427,0.0002207643957351509,0.0,0.0,0.0,5.525106272058731e-05,omni
2.0023832701033175,11.811843572367458,1.765,0.0,0.0,0.01306799907830357,0.37006652440642557,0.00022052918997524828,0.0,0.0,0.0,5.507331067156442e-05,unicycle
2.0097855715347968,11.811944711985172,1.765,0.0,0.0,0.013069099371024994,0.37014955212883005,0.0002198197048098519,0.0,0.0,0.0,5.5014636071088e-05,omni
2.017186212148128,11.812045833344003,1.765,0.0,0.0,0.013070196123917162,0.3700665066234331,0.0002195855053788842,0.0,0.0,0.0,5.4837644608391564e-05,unicycle
2.0245885132477714,11.812146970391469,1.765,0.0,0.0,0.013071291708338057,0.3701495343403076,0.00021887905607823158,0.0,0.0,0.0,5.477922104492544e-05,omni
2.03198915352966,11.812248089161658,1.765,0.0,0.0,0.013072383768076358,0.3700664888408388,0.00021864585867333426,0.0,0.0,0.0,5.460298691496476e-05,unicycle
2.0393914542974207,11.812349223649845,1.765,0.0,0.0,0.01307347466434266,0.37014951655221684,0.00021794243225033548,0.0,0.0,0.0,5.4544813315056035e-05,omni
2.046792094247818,11.81245033984244,1.765,0.0,0.0,0.013074562051008216,0.3700664710586761,0.00021771023258696483,0.0,0.0,0.0,5.436933327791423e-05,unicycle
2.054194394683649,11.812551471782273,1.765,0.0,0.0,0.013075648279179664,0.37014949876458453,0.0002170098161099585,0.0,0.0,0.0,5.4311408572651964e-05,omni
2.061595034302507,11.81265258540828,1.765,0.0,0.0,0.01307673101276771,0.3700664532769667,0.00021677860992187583,0.0,0.0,0.0,5.4136679402341885e-05,unicycle
2.0689973344063635,11.812753714810643,1.765,0.0,0.0,0.01307781259281826,0.3701494809774275,0.0002160811905145553,0.0,0.0,0.0,5.407900252749807e-05,omni
2.0763979736936347,11.81285482588102,1.765,0.0,0.0,0.0130788906932385,0.3700664354957237,0.00021585097355380413,0.0,0.0,0.0,5.390502101195916e-05,unicycle
2.083800273465469,11.812955952756743,1.765,0.0,0.0,0.013079967645056657,0.370149463190756,0.00021515653839496737,0.0,0.0,0.0,5.384759090780046e-05,omni
2.0912009124211055,11.813057061282398,1.765,0.0,0.0,0.013081041132133629,0.37006641771495496,0.00021492730643162263,0.0,0.0,0.0,5.367435384854545e-05,unicycle
2.0986032118608713,11.813158185642267,1.765,0.0,0.0,0.013082113475522825,0.37014944540457534,0.000214235842754679,0.0,0.0,0.0,5.36171694599143e-05,omni
2.106003850484825,11.813259291634068,1.765,0.0,0.0,0.013083182368996272,0.3700663999346641,0.00021400759157683857,0.0,0.0,0.0,5.344467367230395e-05,unicycle
2.1134061495924765,11.813360413488823,1.765,0.0,0.0,0.013084250123675244,0.3701494276188879,0.0002133190866698378,0.0,0.0,0.0,5.3387733948607906e-05,omni
2.1208067878846992,11.813461516957585,1.765,0.0,0.0,0.013085314443200475,0.3700663821548526,0.00021309181208357811,0.0,0.0,0.0,5.32159762616034e-05,unicycle
2.1282090866601893,11.81356263631792,1.765,0.0,0.0,0.013086377628803606,0.3701494098336938,0.00021240625328886812,0.0,0.0,0.0,5.3159280156579004e-05,omni
2.135609724620634,11.813663737274414,1.765,0.0,0.0,0.013087437393951854,0.3700663643755199,0.00021217995111817587,0.0,0.0,0.0,5.298825741246447e-05,unicycle
2.143012023063916,11.813764854150978,1.765,0.0,0.0,0.013088496030029543,0.37014939204899183,0.0002114973258322499,0.0,0.0,0.0,5.2931803884343856e-05,omni
2.150412660692533,11.813865952605926,1.765,0.0,0.0,0.013089551260288325,0.3700663465966642,0.00021127199191891998,0.0,0.0,0.0,5.276151293908832e-05,unicycle
2.15781495880356,11.813967067009322,1.765,0.0,0.0,0.013090605366307342,0.37014937426477973,0.00021059228759209787,0.0,0.0,0.0,5.2705300950763636e-05,omni
2.1652155961003015,11.81406816297341,1.765,0.0,0.0,0.013091656081080823,0.3700663288182833,0.00021036791779574957,0.0,0.0,0.0,5.2535738673990584e-05,unicycle
2.1726178938790257,11.814169274914196,1.765,0.0,0.0,0.013092705676424671,0.37014935648105496,0.00020969112193214276,0.0,0.0,0.0,5.2479767192562595e-05,omni
2.180018530843843,11.814270368398052,1.765,0.0,0.0,0.013093751895034008,0.3700663110403744,0.0002094677121300103,0.0,0.0,0.0,5.2310930466809706e-05,unicycle
2.187420828290218,11.814371477886745,1.765,0.0,0.0,0.013094796999003283,0.3701493386978142,0.00020879381228696813,0.0,0.0,0.0,5.225519846384631e-05,omni
2.194821464923062,11.814472568900962,1.765,0.0,0.0,0.013095838740686991,0.3700662932629341,0.0002085713583738829,0.0,0.0,0.0,5.208708418535042e-05,unicycle
2.2022237620370397,11.814573675948028,1.765,0.0,0.0,0.013096879372499728,0.3701493209150539,0.00020790034216205052,0.0,0.0,0.0,5.203159063669272e-05,omni
2.209624398337861,11.814674764503144,1.765,0.0,0.0,0.013097916656414018,0.370066275485959,0.00020767884005028285,0.0,0.0,0.0,5.186419571455265e-05,unicycle
2.2170266951193938,11.814775869119005,1.765,0.0,0.0,0.013098952835206025,0.3701493031327706,0.00020701069513307243,0.0,0.0,0.0,5.180893960039388e-05,omni
2.224427331088144,11.814876955225525,1.765,0.0,0.0,0.013099985680425167,0.3700662577094457,0.00020679014075234385,0.0,0.0,0.0,5.1642260957137726e-05,unicycle
2.231829627537184,11.81497805742056,1.765,0.0,0.0,0.013101017425250414,0.3701492853509604,0.0002061248548460261,0.0,0.0,0.0,5.15872412622333e-05,omni
2.2392302631738126,11.815079141088933,1.765,0.0,0.0,0.013102045850767088,0.37006623993339016,0.00020590524414338456,0.0,0.0,0.0,5.1421275833735675e-05,unicycle
2.246632559290312,11.81518024087348,1.765,0.0,0.0,0.013103073180598033,0.3701492675696195,0.0002052428050165928,0.0,0.0,0.0,5.136649154709866e-05,omni
2.2540331945947703,11.815281322114116,1.765,0.0,0.0,0.013104097205323675,0.3700662221577887,0.000205024133956401,0.0,0.0,0.0,5.120123628209917e-05,unicycle
2.26143549037868,11.81538241949846,1.765,0.0,0.0,0.013105120139051612,0.37014924978874375,0.00020436452943016798,0.0,0.0,0.0,5.114668639695854e-05,omni
2.268836125350918,11.815483498321724,1.765,0.0,0.0,0.013106139781816756,0.37006620438263754,0.00020414679399403523,0.0,0.0,0.0,5.098213825722848e-05,unicycle
2.2762384208021897,11.815584593316116,1.765,0.0,0.0,0.01310715833825218,0.37014923200832944,0.00020349001194141977,0.0,0.0,0.0,5.0927821771177936e-05,omni
2.283639055442158,11.815685669732325,1.765,0.0,0.0,0.013108173617806813,0.37006618660793283,0.00020327320812805794,0.0,0.0,0.0,5.076397773158754e-05,unicycle
2.2910413505607434,11.815786762346963,1.765,0.0,0.0,0.01310918781567974,0.3701492142283726,0.0002026192364739052,0.0,0.0,0.0,5.070989364630536e-05,omni
2.2984419848683912,11.815887836366397,1.765,0.0,0.0,0.013110198750693624,0.3700661688336708,0.00020240336029913984,0.0,0.0,0.0,5.0546750694290544e-05,unicycle
2.3058442796542415,11.815988926611443,1.765,0.0,0.0,0.013111208608653948,0.37014919644886946,0.00020175218702000005,0.0,0.0,0.0,5.0492898016073365e-05,omni
2.3132449136295183,11.81608999824433,1.765,0.0,0.0,0.013112215217717,0.3700661510598479,0.00020153723451666613,0.0,0.0,0.0,5.0330453152720644e-05,unicycle
2.3206472080825846,11.816191086129901,1.765,0.0,0.0,0.01311322075433484,0.37014917866981617,0.00020088884764044083,0.0,0.0,0.0,5.027683089197044e-05,omni
2.32804784172544,11.816292155386432,1.765,0.0,0.0,0.013114223055957448,0.3700661332864604,0.0002006748148583534,0.0,0.0,0.0,5.011508113050704e-05,unicycle
2.335450135845673,11.816393240922597,1.765,0.0,0.0,0.013115224289723488,0.37014916089120903,0.0002000292024642232,0.0,0.0,0.0,5.006168830187487e-05,omni
2.342850769156057,11.816494307812917,1.765,0.0,0.0,0.013116222302336862,0.3700661155135045,0.00019981608547000565,0.0,0.0,0.0,4.990063066874597e-05,unicycle
2.350253062943407,11.81659539100971,1.765,0.0,0.0,0.013117219251662685,0.370149143113044,0.0001991732356879689,0.0,0.0,0.0,4.98474662909915e-05,omni
2.357653695921268,11.816696455543918,1.765,0.0,0.0,0.013118212993619184,0.3700660977409763,0.00019896103056499305,0.0,0.0,0.0,4.9687097824930855e-05,unicycle
2.365055989375686,11.81679753641132,1.765,0.0,0.0,0.013119205676837603,0.37014912533531735,0.00019832093157581425,0.0,0.0,0.0,4.963416092104518e-05,omni
2.372456622020974,11.816898598599476,1.765,0.0,0.0,0.01312019516641108,0.3700660799688725,0.0001981096344242264,0.0,0.0,0.0,4.947447867376843e-05,unicycle
2.3798589151424103,11.816999677147436,1.765,0.0,0.0,0.013121183601776498,0.3701491075580254,0.00019747227445926922,0.0,0.0,0.0,4.9421768270935876e-05,omni
2.387259547455074,11.817100736999555,1.765,0.0,0.0,0.013122168857162627,0.3700660621971893,0.00019726188139588215,0.0,0.0,0.0,4.9262769306601635e-05,unicycle
2.3946618407068434,11.817201813244052,1.765,0.0,0.0,0.013123153062786446,0.37014911295142316,0.00019662724873680698,0.0,0.0,0.0,4.921028119072116e-05,omni
2.402062474171768,11.817302870789737,1.765,0.0,0.0,0.013124134101938339,0.37006611867923717,0.00019641776298899393,0.0,0.0,0.0,4.9051957594602546e-05,unicycle
2.409464769504151,11.817403944766593,1.765,0.0,0.0,0.01312511409575602,0.370149215870349,0.00019578585687822183,0.0,0.0,0.0,4.899969088398164e-05,omni
2.4168654056149084,11.817505000035737,1.765,0.0,0.0,0.013126090936614451,0.3700662498495517,0.00019557727442964256,0.0,0.0,0.0,4.884204292153231e-05,unicycle
2.424267703891102,11.817606071766322,1.765,0.0,0.0,0.013127066736594216,0.3701493619559649,0.00019494807632896102,0.0,0.0,0.0,4.8789998988424376e-05,omni
2.4316683430527033,11.81770712477426,1.765,0.0,0.0,0.01312803939710312,0.3700664012752148,0.00019474038830070013,0.0,0.0,0.0,4.863302544507619e-05,unicycle
2.4390706443513386,11.817808194269437,1.765,0.0,0.0,0.013129011021193609,0.37014951197643675,0.0001941138830295747,0.0,0.0,0.0,4.858120452441445e-05,omni
2.4464712864161964,11.817909245024076,1.765,0.0,0.0,0.013129979519260232,0.3700665453238476,0.0001939070830908069,0.0,0.0,0.0,4.8424903331202316e-05,unicycle
2.4538735904389357,11.81801031228963,1.765,0.0,0.0,0.013130946985360378,0.37014964708166004,0.00019328325744127125,0.0,0.0,0.0,4.837330500731758e-05,omni
2.4612742350142285,11.818111360795566,1.765,0.0,0.0,0.013131911338832737,0.3700666697327258,0.00019307734072071796,0.0,0.0,0.0,4.821767361799812e-05,unicycle
2.4686765413151925,11.818212425835274,1.765,0.0,0.0,0.013132874664775081,0.3701497598938496,0.0001924561826051857,0.0,0.0,0.0,4.816629711719092e-05,omni
2.4760771879319754,11.818313472096039,1.765,0.0,0.0,0.013133834891429764,0.3700667706952398,0.0001922511450289687,0.0,0.0,0.0,4.80113327340547e-05,unicycle
2.483479496040419,11.818414534913291,1.765,0.0,0.0,0.01313479409497171,0.37014984916968285,0.00019163264296829293,0.0,0.0,0.0,4.7960177097295e-05,omni
2.4908801442407857,11.81851557893252,1.765,0.0,0.0,0.013135750212507758,0.37006684876340096,0.00019142848086802113,0.0,0.0,0.0,4.7805876802320826e-05,unicycle
2.4982824537213,11.818616639531141,1.765,0.0,0.0,0.013136705311327466,0.3701499166760849,0.0001908126236934771,0.0,0.0,0.0,4.775494098529463e-05,omni
2.5056831030982867,11.818717681313103,1.765,0.0,0.0,0.01313765733736378,0.3700669064846129,0.00019060933358262507,0.0,0.0,0.0,4.760130181575602e-05,unicycle
2.5130854135755882,11.818818739697672,1.765,0.0,0.0,0.013138608349058665,0.37014996541962214,0.0001899961102697444,0.0,0.0,0.0,4.7550584744459596e-05,omni
2.5204860637868585,11.818919779247455,1.765,0.0,0.0,0.013139556301133328,0.3700669470904856,0.00018979368872223804,0.0,0.0,0.0,4.7397603733148165e-05,unicycle
2.527888374951446,11.819020835423387,1.765,0.0,0.0,0.013140503243220011,0.37014999868963677,0.00018918308830344712,0.0,0.0,0.0,4.734710433414054e-05,omni
2.53528902571927,11.819121872746896,1.765,0.0,0.0,0.013141447138790643,0.3700669738116083,0.0001889815318929717,0.0,0.0,0.0,4.7194778531681264e-05,unicycle
2.5426913373235087,11.819222926720393,1.765,0.0,0.0,0.013142390028705575,0.37015001957982424,0.0001883735434166839,0.0,0.0,0.0,4.7144495746443606e-05,omni
2.5500919884282967,11.819323961824267,1.765,0.0,0.0,0.013143329885150172,0.3700669895552797,0.0001881728486907235,0.0,0.0,0.0,4.69928222298146e-05,unicycle
2.5574943002783987,11.8194250136022,1.765,0.0,0.0,0.013144268740250582,0.37015003078270564,0.00018756746120610418,0.0,0.0,0.0,4.694275502065999e-05,omni
2.5648949515498494,11.819526046493692,1.765,0.0,0.0,0.013145204574868525,0.3700669967861987,0.00018736762467873213,0.0,0.0,0.0,4.6791730896982104e-05,unicycle
2.5722972634967185,11.819627096083485,1.765,0.0,0.0,0.013146139412433502,0.37015003453302125,0.00018676482723391675,0.0,0.0,0.0,4.6741878248952396e-05,omni
2.5796979148047328,11.819728126770343,1.765,0.0,0.0,0.013147071242446622,0.3700669975145582,0.0001865658453882114,0.0,0.0,0.0,4.65915006559341e-05,unicycle
2.5871002267351892,11.819829174179862,1.765,0.0,0.0,0.013148002079678126,0.3701500326268425,0.00018596562703522058,0.0,0.0,0.0,4.654186157531038e-05,omni
2.5945008779815737,11.819930202670216,1.765,0.0,0.0,0.0131489299222317,0.3700669933358612,0.00018576749632974015,0.0,0.0,0.0,4.639212767849963e-05,unicycle
2.60190318981064,11.82003124790766,1.765,0.0,0.0,0.013149856776255513,0.3701500264743966,0.0001851698461315603,0.0,0.0,0.0,4.634270119065225e-05,omni
2.60930384092202,11.820132274209932,1.765,0.0,0.0,0.013150780648419144,0.37006698549108874,0.0001849725630079428,0.0,0.0,0.0,4.6193608181619246e-05,unicycle
2.6167061525864734,11.82023331728375,1.765,0.0,0.0,0.013151703536285721,0.3701500171634729,0.00018437747004597892,0.0,0.0,0.0,4.6144393328912976e-05,omni
2.624106803508475,11.820334341406566,1.765,0.0,0.0,0.013152623455054182,0.37006697493043095,0.00018418103093620038,0.0,0.0,0.0,4.5995938422968404e-05,unicycle
2.6315091149616383,11.820435382325384,1.765,0.0,0.0,0.013153542393739427,0.3701500055214714,0.0001835884843169255,0.0,0.0,0.0,4.5946934262296734e-05,omni
2.638909765654257,11.820536404277531,1.765,0.0,0.0,0.013154458376033346,0.37006696237232706,0.00018339288564961053,0.0,0.0,0.0,4.5799114695936274e-05,unicycle
2.646312076861897,11.820637443050101,1.765,0.0,0.0,0.013155373382439285,0.3701499921706136,0.00018280287451019397,0.0,0.0,0.0,4.5750320296786036e-05,omni
2.653712727295877,11.820738462840465,1.765,0.0,0.0,0.013156285445105807,0.3700669483543984,0.000182608112715695,0.0,0.0,0.0,4.5603133326133733e-05,unicycle
2.6611150382330298,11.820839499475625,1.765,0.0,0.0,0.013157196536061178,0.3701499775744184,0.00018202062622831364,0.0,0.0,0.0,4.555454776850349e-05,omni
2.668515688387094,11.820940517113154,1.765,0.0,0.0,0.013158104695874515,0.3700669332754777,0.00018182669774268384,0.0,0.0,0.0,4.540799066693819e-05,unicycle
2.6759179990356463,11.821041551619793,1.765,0.0,0.0,0.013159011888135317,0.3701499620754249,0.00018124172511789388,0.0,0.0,0.0,4.535961304004718e-05,omni
2.683318648894389,11.821142567113476,1.765,0.0,0.0,0.013159916161797267,0.3700669174292506,0.00018104862638587853,0.0,0.0,0.0,4.521368309755496e-05,unicycle
2.690720959241254,11.821243599500507,1.765,0.0,0.0,0.013160819472047246,0.3701499459250289,0.00018046615687502158,0.0,0.0,0.0,4.516551249896516e-05,omni
2.6981216087935675,11.821344612859352,1.765,0.0,0.0,0.013161719876187665,0.37006690103058953,0.00018027388435219366,0.0,0.0,0.0,4.502020702108959e-05,unicycle
2.7055239188293263,11.8214456431357,1.765,0.0,0.0,0.013162619321038769,0.37014992930662644,0.00017969390724905074,0.0,0.0,0.0,4.497224255519799e-05,omni
2.712924568067228,11.821546654368717,1.765,0.0,0.0,0.013163515872215993,0.37006688423581724,0.0001795024574033399,0.0,0.0,0.0,4.482755886127201e-05,unicycle
2.7203268777851237,11.821647682543306,1.765,0.0,0.0,0.01316441146820877,0.3701499123532964,0.00017892496204529465,0.0,0.0,0.0,4.477979963875108e-05,omni
2.7277275267028953,11.821748691659492,1.765,0.0,0.0,0.013165304182910011,0.3700668671580911,0.00017873433135806759,0.0,0.0,0.0,4.4635735062033426e-05,unicycle
2.7351298360980922,11.821849717741229,1.765,0.0,0.0,0.013166195946513994,0.3701498951611483,0.00017815930712686688,0.0,0.0,0.0,4.458818019919842e-05,omni
2.742530484691645,11.821950724749568,1.765,0.0,0.0,0.01316708484115571,0.3700668498789535,0.0001779694920935891,0.0,0.0,0.0,4.444473208574659e-05,unicycle
2.7499327937606903,11.82205174874734,1.765,0.0,0.0,0.013167972788769794,0.37014987779929454,0.0001773969284156965,0.0,0.0,0.0,4.439738070412782e-05,omni
2.7573334420271065,11.82215275365679,1.765,0.0,0.0,0.013168857879698046,0.37006683245692495,0.00017720792554628076,0.0,0.0,0.0,4.425454641275715e-05,unicycle
2.764735750767537,11.822253775579457,1.765,0.0,0.0,0.013169742027650824,0.37014986031724084,0.00017663781189299147,0.0,0.0,0.0,4.420739763880081e-05,omni
2.7721363987047347,11.822354778398948,1.765,0.0,0.0,0.013170623331141638,0.37006681493384747,0.00017644961771218828,0.0,0.0,0.0,4.406517454058554e-05,unicycle
2.7795387071147934,11.822455798255346,1.765,0.0,0.0,0.013171503695691743,0.3701498427503214,0.0001758819435999508,0.0,0.0,0.0,4.4018227505314566e-05,omni
2.786939354721288,11.822556798993785,1.765,0.0,0.0,0.013172381227951408,0.37006679733953535,0.00017569455464746628,0.0,0.0,0.0,4.387661298330759e-05,unicycle
2.7943416627997215,11.822657816792718,1.765,0.0,0.0,0.013173257825287847,0.37014982512367256,0.00017512930963765744,0.0,0.0,0.0,4.382986682195702e-05,omni
2.801742310074452,11.822758815458968,1.765,0.0,0.0,0.013174131602453261,0.37006677969516466,0.00017494272246809125,0.0,0.0,0.0,4.368885827074014e-05,unicycle
2.8091446178203623,11.822859831209204,1.765,0.0,0.0,0.013175004448695715,0.37014980745512077,0.00017437989616684587,0.0,0.0,0.0,4.3642312122780455e-05,omni
2.816545264762566,11.8229608278121,1.765,0.0,0.0,0.01317587448683469,0.37006676201573163,0.0001741941073496981,0.0,0.0,0.0,4.3501906948716936e-05,unicycle
2.8239475721753085,11.823061841522376,1.765,0.0,0.0,0.013176743598033842,0.37014978975727225,0.00017363368940781195,0.0,0.0,0.0,4.345555995770622e-05,omni
2.831348218784437,11.823162836070718,1.765,0.0,0.0,0.013177609913145412,0.3700667443118259,0.00017344869552748482,0.0,0.0,0.0,4.3315755578503994e-05,unicycle
2.8387505258635435,11.823263847749732,1.765,0.0,0.0,0.01317847530528325,0.37014977203901694,0.0001728906756402658,0.0,0.0,0.0,4.3269606891850477e-05,omni
2.8461511721391957,11.823364840252285,1.765,0.0,0.0,0.013179337913297976,0.37006672659090617,0.0001727064732959474,0.0,0.0,0.0,4.3130400736406815e-05,unicycle
2.8535534788843235,11.823465849908708,1.765,0.0,0.0,0.013180199602288086,0.3701497543066083,0.0001721508412029173,0.0,0.0,0.0,4.308444950548218e-05,omni
2.860954124826203,11.823566840374195,1.765,0.0,0.0,0.013181058519068367,0.3700667088582123,0.0001719674270085115,0.0,0.0,0.0,4.2945839014098814e-05,unicycle
2.868356431237098,11.823667848016646,1.765,0.0,0.0,0.013181916520756249,0.37014973656443434,0.00017141417249327053,0.0,0.0,0.0,4.290008439393902e-05,omni
2.8757570768449825,11.823768836453763,1.765,0.0,0.0,0.0131827717620966,0.3700666911174167,0.00017123154307727498,0.0,0.0,0.0,4.276206701767774e-05,unicycle
2.883159382921451,11.82386984209084,1.765,0.0,0.0,0.013183626092259943,0.37014971881556635,0.00017068065596718862,0.0,0.0,0.0,4.2716508167067706e-05,omni
2.8905600281951696,11.823970828508239,1.765,0.0,0.0,0.013184477673887307,0.37006667337108645,0.00017049880797268436,0.0,0.0,0.0,4.2579081368219495e-05,unicycle
2.8979623339370617,11.824071832148498,1.765,0.0,0.0,0.013185328348236299,0.3701497010621489,0.00016995027813885067,0.0,0.0,0.0,4.253371744952006e-05,omni
2.9053629788764788,11.8241728165548,1.765,0.0,0.0,0.013186176285810319,0.3700666556210125,0.00016976920822340272,0.0,0.0,0.0,4.239687870100229e-05,unicycle
2.9127652842836738,11.824273818206763,1.765,0.0,0.0,0.013187023319987928,0.3701496833056764,0.0001692230255803141,0.0,0.0,0.0,4.2351708880449934e-05,omni
2.9201659288886797,11.824374800610546,1.765,0.0,0.0,0.013187867629101258,0.3700666378684413,0.00016904273041584144,0.0,0.0,0.0,4.221545566658204e-05,unicycle
2.927568233961078,11.824475800282695,1.765,0.0,0.0,0.013188711038683531,0.37014966554718787,0.00016849888492118456,0.0,0.0,0.0,4.2170479113788985e-05,omni
2.9349688782315795,11.824576780692505,1.765,0.0,0.0,0.013189551734862115,0.3700666201142384,0.0001683193611938756,0.0,0.0,0.0,4.203480892900025e-05,unicycle
2.9423711829690955,11.824677778393289,1.765,0.0,0.0,0.013190391535358458,0.3701496477874038,0.00016777784284831954,0.0,0.0,0.0,4.199002481721425e-05,omni
2.9497718269050113,11.824778756817636,1.765,0.0,0.0,0.0131912286340618,0.3700666023590032,0.000167599087258601,0.0,0.0,0.0,4.1854935167177735e-05,unicycle
2.95717413130757,11.824879752555466,1.765,0.0,0.0,0.013192064840915271,0.37014963002682216,0.00016705988610567598,0.0,0.0,0.0,4.181034267356287e-05,omni
2.964574774908828,11.824980729002824,1.765,0.0,0.0,0.013192898357536769,0.3700665846031497,0.0001668818953681074,0.0,0.0,0.0,4.1675831074888734e-05,unicycle
2.971977078976361,11.825081722786077,1.765,0.0,0.0,0.013193730986124369,0.37014961226578713,0.00016634500149391383,0.0,0.0,0.0,4.1631429379837114e-05,omni
2.979377722242894,11.82518269726488,1.765,0.0,0.0,0.013194560935991551,0.3700665668469634,0.00016616777233711342,0.0,0.0,0.0,4.149749335914707e-05,unicycle
2.9867800259753365,11.825283689101898,1.765,0.0,0.0,0.013195390001624481,0.3701495945045351,0.0001656331758701843,0.0,0.0,0.0,4.145328164654332e-05,omni
2.9941806689070813,11.825384661620548,1.765,0.0,0.0,0.013196216399999312,0.3700665490906403,0.00016545670503678007,0.0,0.0,0.0,4.1319918741390734e-05,unicycle
3.0015829723043743,11.825485651519635,1.765,0.0,0.0,0.013197041917923284,0.3701495767432283,0.0001649243961478896,0.0,0.0,0.0,4.127589619871805e-05,omni
3.0089836149012705,11.825586622086496,1.765,0.0,0.0,0.013197864780002429,0.3700665313343147,0.0001647486803944387,0.0,0.0,0.0,4.114310395714347e-05,unicycle
3.0163859179633556,11.825687610055919,1.765,0.0,0.0,0.013198686765397932,0.37014955898197766,0.00016421864929639567,0.0,0.0,0.0,4.109926977528155e-05,omni
3.023786560225346,11.825788578679317,1.765,0.0,0.0,0.013199506106313048,0.37006651357807807,0.00016404368539332624,0.0,0.0,0.0,4.096704575572121e-05,unicycle
3.0311888629521664,11.825889564727314,1.765,0.0,0.0,0.013200324574295631,0.3701495412208582,0.0001635159223408121,0.0,0.0,0.0,4.092339912902544e-05,omni
3.0385895048791927,11.825990531415547,1.765,0.0,0.0,0.01320114040911364,0.370066495821992,0.00016334170707242855,0.0,0.0,0.0,4.07917409004396e-05,unicycle
3.045991807270693,11.826091515550315,1.765,0.0,0.0,0.013201955374734172,0.37014952345992075,0.00016281620236190678,0.0,0.0,0.0,4.074828102675295e-05,omni
3.0533924488626987,11.82619248031164,1.765,0.0,0.0,0.01320276771845754,0.3700664780660985,0.0001626427325262202,0.0,0.0,0.0,4.061718616851734e-05,unicycle
3.060794750918824,11.826293462541345,1.765,0.0,0.0,0.01320357919670252,0.37014950569919913,0.00016211947649553412,0.0,0.0,0.0,4.057391224904889e-05,omni
3.0681953921757548,11.826394425383983,1.765,0.0,0.0,0.013204388064269539,0.37006646031042495,0.00016194674890417256,0.0,0.0,0.0,4.044337835078437e-05,unicycle
3.0755976938964507,11.826495405716752,1.765,0.0,0.0,0.013205196070061343,0.37014948793871577,0.00016142573193245614,0.0,0.0,0.0,4.040028959022527e-05,omni
3.0829983348182504,11.826596366648891,1.765,0.0,0.0,0.013206001476346383,0.3700664425549895,0.00016125374341070863,0.0,0.0,0.0,4.027031425203125e-05,unicycle
3.0904006362034626,11.82669734509282,1.765,0.0,0.0,0.013206806024543553,0.37014947017848515,0.00016073495591831455,0.0,0.0,0.0,4.022740985835558e-05,omni
3.0978012767900753,11.826798304122612,1.765,0.0,0.0,0.01320760798435736,0.3700664247998038,0.0001605637033050177,0.0,0.0,0.0,4.009799069031333e-05,unicycle
3.10520357783975,11.82689928068576,1.765,0.0,0.0,0.013208409089754859,0.37014945241851643,0.00016004713575319316,0.0,0.0,0.0,4.0055269874981996e-05,omni
3.1126042180911226,11.827000237821323,1.765,0.0,0.0,0.013209207617844814,0.3700664070448752,0.00015987661590070686,0.0,0.0,0.0,3.992640449772184e-05,unicycle
3.1200065188052064,11.827101212511716,1.765,0.0,0.0,0.013210005295174323,0.37014943465881517,0.00015936225879155944,0.0,0.0,0.0,3.988386647539323e-05,omni
3.127407158721283,11.827202167761133,1.765,0.0,0.0,0.013210800406224707,0.3700663892902078,0.00015919246856568897,0.0,0.0,0.0,3.9755552519256985e-05,unicycle
3.1348094590997215,11.827303140586762,1.765,0.0,0.0,0.013211594670154871,0.3701494168993841,0.0001586803124418966,0.0,0.0,0.0,3.971319650807331e-05,omni
3.142210098680448,11.827404093958082,1.765,0.0,0.0,0.013212386378787152,0.3700663715358033,0.00015851124872184337,0.0,0.0,0.0,3.958543161401575e-05,unicycle
3.149612398723189,11.827505064926902,1.765,0.0,0.0,0.013213177243923862,0.37014939914022427,0.00015800128416656285,0.0,0.0,0.0,3.954325683559261e-05,omni
3.1570130379685106,11.827606016428138,1.765,0.0,0.0,0.013213965564696957,0.3700663537816625,0.00015783294384484544,0.0,0.0,0.0,3.941603865457038e-05,unicycle
3.1644153376754995,11.827706985548076,1.765,0.0,0.0,0.013214753045583633,0.37014938138133585,0.0001573251614814565,0.0,0.0,0.0,3.937404433385948e-05,omni
3.171815976585362,11.82780793518721,1.765,0.0,0.0,0.01321553799299417,0.370066336027785,0.00015715754146386588,0.0,0.0,0.0,3.9247370526942074e-05,unicycle
3.179218275956546,11.82790890246615,1.765,0.0,0.0,0.013216322104112012,0.37014936362271794,0.00015665193195586822,0.0,0.0,0.0,3.920555589199278e-05,omni
3.186618914530894,11.828009850251124,1.765,0.0,0.0,0.01321710369259461,0.3700663182741698,0.00015648502916139052,0.0,0.0,0.0,3.9079424129881236e-05,unicycle
3.194021213566219,11.828110815696927,1.765,0.0,0.0,0.01321788444836285,0.37014934586436943,0.00015598158321215906,0.0,0.0,0.0,3.903778841212309e-05,omni
3.201421851804999,11.828211761635657,1.765,0.0,0.0,0.013218662692290365,0.3700663005208157,0.000155815394572975,0.0,0.0,0.0,3.891219637583085e-05,unicycle
3.2088241505044124,11.82831272525614,1.765,0.0,0.0,0.013219440107066566,0.3701493281062888,0.00015531410292571974,0.0,0.0,0.0,3.887073880989305e-05,omni
3.21622478840757,11.828413669356502,1.765,0.0,0.0,0.013220215020750367,0.3700662827677211,0.00015514862538709294,0.0,0.0,0.0,3.874568419000796e-05,unicycle
3.2236270867710175,11.82851463115946,1.765,0.0,0.0,0.013220989108830643,0.37014931034847437,0.00015464947882452444,0.0,0.0,0.0,3.870440401388199e-05,omni
3.2310277243384973,11.828615573429298,1.765,0.0,0.0,0.013221760706520869,0.37006626501488415,0.000154484709344749,0.0,0.0,0.0,3.857988451121794e-05,unicycle
3.2384300223659266,11.82871653342248,1.765,0.0,0.0,0.013222531482140195,0.37014929259092394,0.00015398769868901448,0.0,0.0,0.0,3.853878096623591e-05,omni
3.2458306595976745,11.828817473869606,1.765,0.0,0.0,0.013223299778026025,0.37006624726230286,0.0001538236342393265,0.0,0.0,0.0,3.841479429135738e-05,unicycle
3.2532329572890317,11.828918432060735,1.765,0.0,0.0,0.013224067255358464,0.37014927483363574,0.00015332875035172774,0.0,0.0,0.0,3.837386662207221e-05,omni
3.2606335941849935,11.829019370692922,1.765,0.0,0.0,0.013224832263568373,0.37006622950997536,0.00015316538791629859,0.0,0.0,0.0,3.825041049535132e-05,unicycle
3.2680358915402246,11.829120327089688,1.765,0.0,0.0,0.01322559645672736,0.3701492570766075,0.00015267262169726796,0.0,0.0,0.0,3.820965794929731e-05,omni
3.275436528100346,11.829221263914686,1.765,0.0,0.0,0.013226358191329366,0.3700662117578994,0.00015250995827326158,0.0,0.0,0.0,3.808673010046527e-05,unicycle
3.2828388251193985,11.829322218524744,1.765,0.0,0.0,0.013227119114367938,0.37014923931983695,0.00015201930066228132,0.0,0.0,0.0,3.804615192839161e-05,omni
3.290239461343625,11.829423153550263,1.765,0.0,0.0,0.013227877589369882,0.3700661940060729,0.00015185733325964824,0.0,0.0,0.0,3.792375009712552e-05,unicycle
3.2976417580264457,11.829524106381237,1.765,0.0,0.0,0.013228635256280947,0.37014922156332214,0.00015136877523479875,0.0,0.0,0.0,3.7883345553170086e-05,omni
3.3050423939147233,11.829625039614953,1.765,0.0,0.0,0.013229390485630729,0.3700661762544939,0.00015120750087625043,0.0,0.0,0.0,3.776146748895894e-05,unicycle
3.3124446902612577,11.829725990674435,1.765,0.0,0.0,0.013230144910347331,0.37014920380706107,0.00015072103345426294,0.0,0.0,0.0,3.7721235830347384e-05,omni
3.319845325813532,11.829826922123994,1.765,0.0,0.0,0.013230896907933172,0.3700661585031605,0.00015056044917522666,0.0,0.0,0.0,3.7599879292063704e-05,unicycle
3.327247621823728,11.82992787141954,1.765,0.0,0.0,0.013231648104328763,0.3701491860510514,0.00015007606341120035,0.0,0.0,0.0,3.755981977943902e-05,omni
3.334648257039944,11.830028801092555,1.765,0.0,0.0,0.013232396883979486,0.3700661407520703,0.000149916166259747,0.0,0.0,0.0,3.743898253606088e-05,unicycle
3.342050552713747,11.830129748631693,1.765,0.0,0.0,0.013233144865868149,0.3701491682952909,0.0001494338532470292,0.0,0.0,0.0,3.739909443315628e-05,omni
3.3494511875938513,11.830230676535743,1.765,0.0,0.0,0.013233890441353405,0.3700661230012212,0.0001492746402838874,0.0,0.0,0.0,3.7278774262779736e-05,unicycle
3.3568534829312093,11.830331622325968,1.765,0.0,0.0,0.013234635222490132,0.3701491505397777,0.0001487943911539881,0.0,0.0,0.0,3.72390568364257e-05,omni
3.3642541174751464,11.8304325484686,1.765,0.0,0.0,0.013235377607520669,0.3700661052506116,0.00014863585945241515,0.0,0.0,0.0,3.711925152682992e-05,unicycle
3.3716564124760056,11.830533492517372,1.765,0.0,0.0,0.013236119201601605,0.3701491327845097,0.0001481576653746807,0.0,0.0,0.0,3.707970404684978e-05,omni
3.3790570466837226,11.830634416906104,1.765,0.0,0.0,0.013236858409829504,0.37006608750023934,0.00014799981202042985,0.0,0.0,0.0,3.696041139494952e-05,unicycle
3.3864593413480297,11.830735359220853,1.765,0.0,0.0,0.01323759683049219,0.3701491150294849,0.00014752366420201304,0.0,0.0,0.0,3.6921033134262635e-05,omni
3.393859975219472,11.830836281863165,1.765,0.0,0.0,0.01323833287551112,0.3700660697501022,0.00014736648629328134,0.0,0.0,0.0,3.68022509465554e-05,unicycle
3.4012622695471735,11.830937222451288,1.765,0.0,0.0,0.013239068136334752,0.37014909727470097,0.00014689237597890112,0.0,0.0,0.0,3.676304118144377e-05,omni
3.408662903391195,11.83103814335883,1.765,0.0,0.0,0.013239801031680234,0.3700660674470419,0.00014673587592599607,0.0,0.0,0.0,3.664476727410462e-05,unicycle
3.416065198629617,11.831139082244482,1.765,0.0,0.0,0.013240533146137625,0.3701491418947438,0.00014626380254887514,0.0,0.0,0.0,3.660572286971688e-05,omni
3.4234658343997286,11.831240001450807,1.765,0.0,0.0,0.013241262905164725,0.37006616283122246,0.00014610797734102032,0.0,0.0,0.0,3.648795135496324e-05,unicycle
3.4308681321925185,11.831340938663251,1.765,0.0,0.0,0.013241991886597823,0.37014926870736686,0.0001456379270363337,0.0,0.0,0.0,3.6449071655052825e-05,omni
3.4382687708619897,11.831441856188729,1.765,0.0,0.0,0.013242718522652418,0.37006630688610703,0.00014548277001928602,0.0,0.0,0.0,3.6331802729862983e-05,unicycle
3.445671071693503,11.831542791741724,1.765,0.0,0.0,0.013243444384427523,0.3701494197428027,0.00014501473142301098,0.0,0.0,0.0,3.6293088755128734e-05,omni
3.453071713396858,11.831643707595491,1.765,0.0,0.0,0.013244167910857843,0.3700664576707291,0.00014486023785013403,0.0,0.0,0.0,3.6176321516144844e-05,unicycle
3.460474017157647,11.831744641494836,1.765,0.0,0.0,0.01324489066632667,0.37014956530827386,0.0001443942010828189,0.0,0.0,0.0,3.613777344112683e-05,omni
3.467874661621367,11.831845555680559,1.765,0.0,0.0,0.013245611096453648,0.370066594781158,0.00014424036731023053,0.0,0.0,0.0,3.602150634884707e-05,unicycle
3.475276967933557,11.831946487928441,1.765,0.0,0.0,0.013246330758930929,0.3701496919811471,0.0001437763233419462,0.0,0.0,0.0,3.5983123864157176e-05,omni
3.4826776147194836,11.83204740044755,1.765,0.0,0.0,0.013247048106031419,0.37006670998456925,0.00014362314633194884,0.0,0.0,0.0,3.586735502445678e-05,unicycle
3.4900799231166664,11.832148331044946,1.765,0.0,0.0,0.013247764688782507,0.370149795334449,0.00014316108659585797,0.0,0.0,0.0,3.582913755447313e-05,omni
3.4974805717529596,11.832249241898404,1.765,0.0,0.0,0.013248478966080227,0.37006680159678945,0.000143008563619822,0.0,0.0,0.0,3.571386488606689e-05,unicycle
3.504882881773676,11.832350170846329,1.765,0.0,0.0,0.013249192482314572,0.3701498756156497,0.0001425484797852179,0.0,0.0,0.0,3.56758117171624e-05,omni
3.512283531819792,11.832451080035481,1.765,0.0,0.0,0.013249903702975553,0.3700668711828033,0.00014239660825225738,0.0,0.0,0.0,3.556103304911117e-05,unicycle
3.5196858430510183,11.832552007335567,1.765,0.0,0.0,0.013250614165843633,0.3701499352466235,0.0001419384920964465,0.0,0.0,0.0,3.552314340399676e-05,omni
3.5270864941251525,11.832652914862514,1.765,0.0,0.0,0.013251322342974268,0.37006692167981214,0.00014178726946001045,0.0,0.0,0.0,3.540885653186255e-05,unicycle
3.5344888062179143,11.832753840517224,1.765,0.0,0.0,0.013252029765566501,0.37014997743021244,0.00014133111280128954,0.0,0.0,0.0,3.5371129611696034e-05,omni
3.541889458004042,11.832854746384921,1.765,0.0,0.0,0.013252734912213076,0.37006695637709586,0.00014118053651236803,0.0,0.0,0.0,3.5257332328676586e-05,unicycle
3.5492917706743636,11.832955670397553,1.765,0.0,0.0,0.013253439307559768,0.3701500054166344,0.00014072633117830037,0.0,0.0,0.0,3.5219767334729234e-05,omni
3.5566924229189807,11.833056574609756,1.765,0.0,0.0,0.013254141436708692,0.37006697840089825,0.00014057639866530823,0.0,0.0,0.0,3.5106457446230254e-05,unicycle
3.5640947359418367,11.833157496984366,1.765,0.0,0.0,0.013254842817780513,0.3701500221536247,0.00014012413648095256,0.0,0.0,0.0,3.506905359094852e-05,omni
3.5714953884461758,11.833258399545533,1.765,0.0,0.0,0.013255541942358966,0.3700669904883786,0.000139974845144474,0.0,0.0,0.0,3.4956228922737465e-05,unicycle
3.578897701646753,11.833359320286815,1.765,0.0,0.0,0.013256240322067651,0.3701500301520672,0.00013952451793151124,0.0,0.0,0.0,3.4918985434318855e-05,omni
3.586298354257656,11.833460221201982,1.765,0.0,0.0,0.013256936454944341,0.3700669949201429,0.00013937586514647487,0.0,0.0,0.0,3.4806643834518636e-05,unicycle
3.5937006675022283,11.833561140315158,1.765,0.0,0.0,0.013257631846143493,0.37015003146643,0.00013892746472719185,0.0,0.0,0.0,3.4769559957648716e-05,omni
3.601101320103291,11.833662039589825,1.765,0.0,0.0,0.013258325000129424,0.3700669935341226,0.00013877944784835268,0.0,0.0,0.0,3.465769929653063e-05,unicycle
3.608503633290817,11.833762957080516,1.765,0.0,0.0,0.013259017415615257,0.37015002773116784,0.00013833296605175174,0.0,0.0,0.0,3.46207742917645e-05,omni
3.6159042857945547,11.833863854720533,1.765,0.0,0.0,0.013259707603464472,0.370066987776338,0.0001381855824196926,0.0,0.0,0.0,3.450939246078593e-05,unicycle
3.6233065988494637,11.833964770594672,1.765,0.0,0.0,0.013260397055976534,0.3701500202198179,0.00013774101108707335,0.0,0.0,0.0,3.44726256032029e-05,omni
3.630707251190732,11.834065666606161,1.765,0.0,0.0,0.0132610842903868,0.37006697876394096,0.00013759425803413177,0.0,0.0,0.0,3.4361720513389625e-05,unicycle
3.6381095640569794,11.834166580869907,1.765,0.0,0.0,0.013261770792608613,0.37015000990886415,0.0001371515890248363,0.0,0.0,0.0,3.432511109048029e-05,omni
3.6455102161876494,11.834267475259185,1.765,0.0,0.0,0.013262455086222013,0.37006696734773475,0.00013700546388028623,0.0,0.0,0.0,3.421468067003513e-05,unicycle
3.6529125288239723,11.834368387918868,1.765,0.0,0.0,0.013263138650781615,0.37014999753746636,0.00013656468907615864,0.0,0.0,0.0,3.4178227980075746e-05,omni
3.6603131807087226,11.834469280692396,1.765,0.0,0.0,0.01326382001618508,0.3700669541682021,0.0001364191891703001,0.0,0.0,0.0,3.4068270173220696e-05,unicycle
3.6677154930849327,11.834570191754468,1.765,0.0,0.0,0.013264500655655554,0.37014998365927415,0.00013598030047920983,0.0,0.0,0.0,3.4031973523741113e-05,omni
3.6751161446979923,11.834671082918799,1.765,0.0,0.0,0.013265179105381332,0.3700669397028796,0.00013583542314655548,0.0,0.0,0.0,3.3922486288966904e-05,unicycle
3.6825184567921188,11.834771992389783,1.765,0.0,0.0,0.013265856832281247,0.3701499686853396,0.0001353984125050714,0.0,0.0,0.0,3.3886344995801885e-05,omni
3.689919108114779,11.834872881951538,1.765,0.0,0.0,0.013266532378807355,0.3700669243049272,0.00013525415508668738,0.0,0.0,0.0,3.3777326305384865e-05,unicycle
3.697321419910911,11.834973789838017,1.765,0.0,0.0,0.013267207205601176,0.370149952918555,0.0001348190144619441,0.0,0.0,0.0,3.374133969106316e-05,omni
3.704722070929652,11.835074677803856,1.765,0.0,0.0,0.013267879861351752,0.3700669082337022,0.00013467537430721826,0.0,0.0,0.0,3.363278752880208e-05,unicycle
3.7121243824163113,11.83517558411244,1.765,0.0,0.0,0.013268551800450182,0.3701499365806619,0.00013424209569837576,0.0,0.0,0.0,3.359695492144997e-05,omni
3.7195250331213963,11.835276470489044,1.765,0.0,0.0,0.013269221577795828,0.3700668916785153,0.0001340990701661561,0.0,0.0,0.0,3.348886728228444e-05,unicycle
3.7269273442903335,11.835377375226352,1.765,0.0,0.0,0.013269890641556143,0.3701499198330665,0.00013366764560512534,0.0,0.0,0.0,3.345318801575347e-05,omni
3.7343279946747763,11.835478260020409,1.765,0.0,0.0,0.013270557552814265,0.3700668747768071,0.0001335252320644911,0.0,0.0,0.0,3.334556290613227e-05,unicycle
3.7417303055200795,11.83557916319307,1.765,0.0,0.0,0.013271223753540645,0.37014990279266147,0.00013309565361653184,0.0,0.0,0.0,3.3310036318881426e-05,omni
3.7491309555788788,11.835680046411266,1.765,0.0,0.0,0.013271887810975741,0.3700668576278814,0.00013295384944734889,0.0,0.0,0.0,3.320287175475963e-05,unicycle
3.7565332660963207,11.835780948025896,1.765,0.0,0.0,0.013272551160919523,0.37014988554371714,0.00013252610921140874,0.0,0.0,0.0,3.3167497189137465e-05,omni
3.7639339158259046,11.835881829674904,1.765,0.0,0.0,0.013273212376743442,0.3700668403031774,0.00013238491180459465,0.0,0.0,0.0,3.306079119603425e-05,unicycle
3.77133622601247,11.835982729738108,1.765,0.0,0.0,0.013273872888103411,0.3701498681467358,0.0001319590019133547,0.0,0.0,0.0,3.302556799843441e-05,omni
3.77873687541029,11.836083609824588,1.765,0.0,0.0,0.013274531274475641,0.3700668228538868,0.00013181840867115396,0.0,0.0,0.0,3.291931861158982e-05,unicycle
3.7861391852638278,11.836184508342958,1.765,0.0,0.0,0.013275188959398282,0.3701498506449921,0.0001313943212912664,0.0,0.0,0.0,3.2884246132090545e-05,omni
3.793539834328067,11.836285386873554,1.765,0.0,0.0,0.013275844528426195,0.3700668053165602,0.0001312543296273039,0.0,0.0,0.0,3.277845139576764e-05,unicycle
3.8009421438470428,11.836386283853658,1.765,0.0,0.0,0.013276499399005952,0.37014983306933186,0.00013083205695917072,0.0,0.0,0.0,3.2743528987834135e-05,omni
3.808342792576404,11.836487160834986,1.765,0.0,0.0,0.013277152162745057,0.37006678771720797,0.00013069266429836178,0.0,0.0,0.0,3.263818695523853e-05,unicycle
3.815745101759722,11.836588056283372,1.765,0.0,0.0,0.01327780423102457,0.3701498154416708,0.00013027219857597122,0.0,0.0,0.0,3.2603413975735635e-05,omni
3.823145750153278,11.836688931722026,1.765,0.0,0.0,0.013278454201478752,0.37006677007428235,0.000130133402354503,0.0,0.0,0.0,3.249852270904026e-05,unicycle
3.830548059000153,11.836789825645214,1.765,0.0,0.0,0.0132791034794491,0.37014979777753365,0.00012971473584534127,0.0,0.0,0.0,3.246389851742766e-05,omni
3.837948707057237,11.836890699547771,1.765,0.0,0.0,0.013279750668570832,0.37006675240083553,0.00012957653351067916,0.0,0.0,0.0,3.2359456086476325e-05,unicycle
3.845351015567104,11.83699159195226,1.765,0.0,0.0,0.013280397168171743,0.37014978008788646,0.00012915965851563615,0.0,0.0,0.0,3.232498004561066e-05,omni
3.8527516632872327,11.837092464325265,1.765,0.0,0.0,0.01328104158786234,0.37006673470607515,0.0001290220475263885,0.0,0.0,0.0,3.2220984529899826e-05,unicycle
3.86015397145968,11.837193355217526,1.765,0.0,0.0,0.013281685320982447,0.37014976238045527,0.00012860695637944877,0.0,0.0,0.0,3.218665600537663e-05,omni
3.867554618842501,11.837294226067494,1.765,0.0,0.0,0.013282326983092282,0.3700667169964801,0.00012846993420523247,0.0,0.0,0.0,3.2083105491798285e-05,unicycle
3.8749569266772266,11.837395115453974,1.765,0.0,0.0,0.013282967961569329,0.3701497446606698,0.00012805661927329961,0.0,0.0,0.0,3.204892385230664e-05,omni
3.8823575737224783,11.837495984787399,1.765,0.0,0.0,0.013283606877898068,0.37006669927659797,0.00012792018339476184,0.0,0.0,0.0,3.194581643702362e-05,unicycle
3.8897598812192555,11.837596872674515,1.765,0.0,0.0,0.013284245113519149,0.3701497269323365,0.00012750863707764322,0.0,0.0,0.0,3.191178105397059e-05,omni
3.89716052792674,11.83769774049786,1.765,0.0,0.0,0.013284881295815962,0.37006668154961314,0.00012737278498633944,0.0,0.0,0.0,3.180911484066072e-05,unicycle
3.9045628350853967,11.837798626892006,1.765,0.0,0.0,0.01328551680031773,0.3701497091981176,0.00012696299971641278,0.0,0.0,0.0,3.177522508830948e-05,omni
3.9119634814549604,11.837899493211713,1.765,0.0,0.0,0.013286150260281519,0.3700666638177501,0.0001268277289148124,0.0,0.0,0.0,3.1672998189404185e-05,unicycle
3.9193657882753605,11.838000378119252,1.765,0.0,0.0,0.013286783045350404,0.3701496914598708,0.0001264196971570825,0.0,0.0,0.0,3.163925344442075e-05,omni
3.926766434306881,11.838101242941727,1.765,0.0,0.0,0.013287413794629995,0.37006664608255946,0.00012628500515841998,0.0,0.0,0.0,3.1537463979617686e-05,unicycle
3.9341687407889143,11.838202126368998,1.765,0.0,0.0,0.013288043871902426,0.3701496737188896,0.00012587871941010246,0.0,0.0,0.0,3.150386362162239e-05,omni
3.9415693864822914,11.83830298970063,1.765,0.0,0.0,0.01328867192209682,0.37006662834511983,0.00012574460373836535,0.0,0.0,0.0,3.140250971959929e-05,unicycle
3.9489716926258676,11.838403871653945,1.765,0.0,0.0,0.013289299303159441,0.3701496559760729,0.00012534005652896783,0.0,0.0,0.0,3.136905313106624e-05,omni
3.956372337981016,11.838504733501091,1.765,0.0,0.0,0.013289924665818005,0.3700666106061797,0.00012520651471880338,0.0,0.0,0.0,3.126813292824735e-05,unicycle
3.963774643786056,11.838605613986735,1.765,0.0,0.0,0.01329054936220789,0.3701496382320432,0.00012480369860978123,0.0,0.0,0.0,3.1234819494156345e-05,omni
3.9711752888029004,11.838706474355723,1.765,0.0,0.0,0.013291172048830586,0.3700665928662569,0.00012467072820634574,0.0,0.0,0.0,3.113433113488594e-05,unicycle
3.978577594269333,11.838807353379952,1.765,0.0,0.0,0.013291794072035443,0.37014962048723166,0.00012426963579092822,0.0,0.0,0.0,3.110116024274143e-05,omni
3.985978238947805,11.838908212277085,1.765,0.0,0.0,0.013292414094073024,0.37006657512571,0.00012413723434988793,0.0,0.0,0.0,3.100110187917125e-05,unicycle
3.993380544075567,11.839009089846131,1.765,0.0,0.0,0.013293033455531416,0.3701496027419356,0.0001237378582530356,0.0,0.0,0.0,3.0968072919325206e-05,omni
4.000781188415604,11.839109947277684,1.765,0.0,0.0,0.013293650824385652,0.3700665573847858,0.00012360602334060187,0.0,0.0,0.0,3.0868442711942636e-05,unicycle
4.008183493204635,11.839210823397755,1.765,0.0,0.0,0.013294267535487198,0.3701495849963597,0.0001232083562189374,0.0,0.0,0.0,3.0835555077239624e-05,omni
4.015584137206179,11.83931167936998,1.765,0.0,0.0,0.013294882262511078,0.3700665396436538,0.0001230770854117711,0.0,0.0,0.0,3.073635119396289e-05,unicycle
4.022986441656423,11.83941255404725,1.765,0.0,0.0,0.013295496334596674,0.3701495672506445,0.00012268111995332535,0.0,0.0,0.0,3.0703604279893804e-05,omni
4.030387085319417,11.839513408566368,1.765,0.0,0.0,0.013296108431094612,0.37006652190243045,0.00012255041083840634,0.0,0.0,0.0,3.0604824896820725e-05,unicycle
4.037789389430816,11.839614281806995,1.765,0.0,0.0,0.01329671987545664,0.3701495495048861,0.00012215613976242331,0.0,0.0,0.0,3.05722181013667e-05,omni
4.045190032755203,11.8397151348792,1.765,0.0,0.0,0.013297329352684678,0.3700665041611949,0.00012202598993705182,0.0,0.0,0.0,3.047386140204351e-05,unicycle
4.052592336527706,11.839816006689302,1.765,0.0,0.0,0.013297938180567199,0.3701495317591496,0.00012163340599396241,0.0,0.0,0.0,3.044139412599838e-05,omni
4.059992979513433,11.839916858320766,1.765,0.0,0.0,0.013298545049733242,0.37006648642000106,0.00012150381306567996,0.0,0.0,0.0,3.0343458302322946e-05,unicycle
4.067395282946986,11.840017728706446,1.765,0.0,0.0,0.013299151272332218,0.3701495140134795,0.00012111290903684985,0.0,0.0,0.0,3.0311129948782547e-05,omni
4.074795925594001,11.840118578903311,1.765,0.0,0.0,0.013299755544596214,0.3700664686788856,0.00012098387062349199,0.0,0.0,0.0,3.0213613199633072e-05,unicycle
4.0821982286885525,11.840219447870643,1.765,0.0,0.0,0.0133003591730597,0.37014949626790605,0.00012059463932130994,0.0,0.0,0.0,3.018142317443259e-05,omni
4.089598870996801,11.840320296639028,1.765,0.0,0.0,0.01330096085953384,0.37006645093787316,0.00012046615305089605,0.0,0.0,0.0,3.0084323707137127e-05,unicycle
4.097001173752299,11.840421164194058,1.765,0.0,0.0,0.013301561904962213,0.370149478522449,0.00012007858731840522,0.0,0.0,0.0,3.0052271418435104e-05,omni
4.104401815721731,11.840522011540052,1.765,0.0,0.0,0.013302161016711155,0.3700664331969799,0.00011995065082906122,0.0,0.0,0.0,2.995558744720329e-05,unicycle
4.111804118138126,11.840622877688803,1.765,0.0,0.0,0.013302759490157266,0.3701494607771215,0.00011956474353991926,0.0,0.0,0.0,2.9923672305673035e-05,omni
4.11920475976869,11.84072372361847,1.765,0.0,0.0,0.013303356038198324,0.3700664154562164,0.00011943735447986122,0.0,0.0,0.0,2.9827402052806714e-05,unicycle
4.12660706184593,11.840824588366937,1.765,0.0,0.0,0.013303951950667763,0.37014944303193187,0.00011905309853819566,0.0,0.0,0.0,2.97956234719151e-05,omni
4.1340077031375735,11.840925432886317,1.765,0.0,0.0,0.013304545945971111,0.37006639771558925,0.00011892625456572715,0.0,0.0,0.0,2.9699765167467356e-05,unicycle
4.141410004875608,11.84102629624047,1.765,0.0,0.0,0.013305139308422377,0.3701494252868855,0.00011854364290607556,0.0,0.0,0.0,2.9668122563199357e-05,omni
4.148810645828279,11.841127139355576,1.765,0.0,0.0,0.013305730761911268,0.370066379975103,0.0001184173416894764,0.0,0.0,0.0,2.9572674444719932e-05,unicycle
4.156212947227058,11.84122800132136,1.765,0.0,0.0,0.013306321585255973,0.37014940754198594,0.00011803636727650877,0.0,0.0,0.0,2.954116723523063e-05,omni
4.163613587840706,11.84132884303818,1.765,0.0,0.0,0.01330691050780692,0.3700663622347602,0.00011791060649403493,0.0,0.0,0.0,2.9446127547349312e-05,unicycle
4.171015888900178,11.841429703621513,1.765,0.0,0.0,0.013307498802909993,0.37014938979723483,0.00011753126232257993,0.0,0.0,0.0,2.941475515355155e-05,omni
4.1784165291747515,11.841530543946009,1.765,0.0,0.0,0.013308085205352973,0.37006634449456194,0.00011740603966239017,0.0,0.0,0.0,2.9320122149101503e-05,unicycle
4.185818829894868,11.841631403152787,1.765,0.0,0.0,0.013308670983032863,0.3701493720526329,0.00011702831875716485,0.0,0.0,0.0,2.928888399444167e-05,omni
4.193219469830318,11.841732242090892,1.765,0.0,0.0,0.01330925487615153,0.3700663267545086,0.0001169036319173032,0.0,0.0,0.0,2.9194655933396244e-05,unicycle
4.200621770211028,11.841833099926982,1.765,0.0,0.0,0.013309838147180399,0.37014935430818,0.00011652752733290914,0.0,0.0,0.0,2.916355144335354e-05,omni
4.2080224098073025,11.84193393748461,1.765,0.0,0.0,0.013310419541712252,0.37006630901459997,0.00011640337402130239,0.0,0.0,0.0,2.906972659266527e-05,unicycle
4.215424709848557,11.842034793955857,1.765,0.0,0.0,0.01331100031681616,0.37014933656387594,0.00011602887884208395,0.0,0.0,0.0,2.9038755195424627e-05,omni
4.222825349105606,11.842135630138893,1.765,0.0,0.0,0.013311579223452762,0.3700662912748358,0.00011590525677641821,0.0,0.0,0.0,2.894533183012577e-05,unicycle
4.230227648807355,11.842236485251115,1.765,0.0,0.0,0.013312157513311891,0.3701493188197202,0.00011553236411621861,0.0,0.0,0.0,2.891449295656133e-05,omni
4.237628287725127,11.84233732006542,1.765,0.0,0.0,0.013312733942699072,0.3700662735352153,0.00011540927102389493,0.0,0.0,0.0,2.8821469359034644e-05,unicycle
4.24503058708732,11.84243817382441,1.765,0.0,0.0,0.013313309757947919,0.3701493010757119,0.00011503797402599704,0.0,0.0,0.0,2.8790762442322084e-05,omni
4.252431225665765,11.842539007275818,1.765,0.0,0.0,0.013313883720685957,0.37006625579573765,0.00011491540764413078,0.0,0.0,0.0,2.869813690211028e-05,unicycle
4.259833524688354,11.842639859687345,1.765,0.0,0.0,0.013314457071913517,0.37014928333185004,0.00011454569948115394,0.0,0.0,0.0,2.8667561377920307e-05,omni
4.267234162927421,11.842740691781668,1.765,0.0,0.0,0.013315028578557358,0.3700662380564017,0.00011442365755657359,0.0,0.0,0.0,2.857533219210557e-05,unicycle
4.2746364616103545,11.84284154285148,1.765,0.0,0.0,0.013315599476307324,0.3701492655881334,0.00011405553143039629,0.0,0.0,0.0,2.85448874983323e-05,omni
4.282037099509995,11.842942373594502,1.765,0.0,0.0,0.013316168537366741,0.3700662203172064,0.00011393401171957661,0.0,0.0,0.0,2.8453052970853547e-05,unicycle
4.289439397853225,11.843043223328316,1.765,0.0,0.0,0.01331673699213769,0.3701492478445609,0.00011356746086114312,0.0,0.0,0.0,2.8422738547346137e-05,omni
4.296840035413387,11.843144052725798,1.765,0.0,0.0,0.013317303618077468,0.3700662025781505,0.00011344646113009308,0.0,0.0,0.0,2.8331296988967212e-05,unicycle
4.3042423334168625,11.84324490112931,1.765,0.0,0.0,0.01331786964032304,0.37014923010113115,0.00011308147879922139,0.0,0.0,0.0,2.8301112278438407e-05,omni
4.311642970637498,11.843345729186987,1.765,0.0,0.0,0.013318433841563202,0.3700661848392329,0.0001129609968234906,0.0,0.0,0.0,2.8210062008133782e-05,unicycle
4.3190452683011715,11.843446576265867,1.765,0.0,0.0,0.013318997441692324,0.37014921235784337,0.00011259757630886313,0.0,0.0,0.0,2.8180006456082554e-05,omni
4.326445905182229,11.843547402989453,1.765,0.0,0.0,0.013319559228608327,0.37006616710045276,0.00011247760987353453,0.0,0.0,0.0,2.8089345800040934e-05,unicycle
4.33384820250605,11.843648248749348,1.765,0.0,0.0,0.0133201204169854,0.37014919461469625,0.00011211574449255687,0.0,0.0,0.0,2.8059418853775428e-05,omni
4.34124883904748,11.843749074144528,1.765,0.0,0.0,0.013320679799908289,0.37006614936180865,0.00011199629139220486,0.0,0.0,0.0,2.796914614446452e-05,unicycle
4.3486511360314,11.843849918591062,1.765,0.0,0.0,0.013321238586853364,0.3701491768716886,0.00011163597449089202,0.0,0.0,0.0,2.7939347253828453e-05,omni
4.356051772233152,11.843950742663502,1.765,0.0,0.0,0.013321795576069998,0.37006613162329954,0.00011151703252953611,0.0,0.0,0.0,2.784946083164946e-05,unicycle
4.363454068877122,11.844051585802273,1.765,0.0,0.0,0.013322351971858984,0.3701491591288192,0.00011115825748237563,0.0,0.0,0.0,2.7819789449192838e-05,omni
4.370854704739147,11.844152408557608,1.765,0.0,0.0,0.01332290657761222,0.3700661138849243,0.00011103982447336578,0.0,0.0,0.0,2.773028766170518e-05,unicycle
4.378257001043118,11.844253250394189,1.765,0.0,0.0,0.013323460592477056,0.370149141386087,0.00011068258468309023,0.0,0.0,0.0,2.77007432419185e-05,omni
4.385657636565367,11.84435407183804,1.765,0.0,0.0,0.01332401282496592,0.37006609614668196,0.00011056465844913358,0.0,0.0,0.0,2.7611624443096197e-05,unicycle
4.393059932529291,11.844454912377987,1.765,0.0,0.0,0.013324564469094776,0.37014912364349106,0.00011020894734676699,0.0,0.0,0.0,2.7582206442621063e-05,omni
4.400460567711714,11.84455573251594,1.765,0.0,0.0,0.013325114338474647,0.37006607840857136,0.00011009152571983134,0.0,0.0,0.0,2.7493468993597067e-05,unicycle
4.4078628633355414,11.844656571764773,1.765,0.0,0.0,0.013325663622012072,0.37014910590102995,0.00010973733676437978,0.0,0.0,0.0,2.7464176871383282e-05,omni
4.415263498178089,11.844757390602396,1.765,0.0,0.0,0.013326211138394876,0.3700660606705913,0.00010962041758567104,0.0,0.0,0.0,2.737581914020797e-05,unicycle
4.422665793925137,11.844858228571798,1.765,0.0,0.0,0.013326758071405957,0.3701491113289669,0.00010926774426414366,0.0,0.0,0.0,2.7346650554198323e-05,omni
4.430066429912694,11.844959046134502,1.765,0.0,0.0,0.013327303244768808,0.3700661171860701,0.00010915132932633297,0.0,0.0,0.0,2.725866814242662e-05,unicycle
4.437468727733238,11.845059882856148,1.765,0.0,0.0,0.013327847837220859,0.37014921428215425,0.00010880017121680361,0.0,0.0,0.0,2.7229622602611505e-05,omni
4.444869366359377,11.84516069916956,1.765,0.0,0.0,0.013328390677534012,0.37006624838954194,0.0001086842582872405,0.0,0.0,0.0,2.7142015657713307e-05,unicycle
4.452271667116618,11.845261534660535,1.765,0.0,0.0,0.013328932939412542,0.37014936040174584,0.00010833460508700361,0.0,0.0,0.0,2.711309392637956e-05,omni
4.4596723087863515,11.84536234973562,1.765,0.0,0.0,0.013329473456647999,0.370066399848082,0.00010821918923089112,0.0,0.0,0.0,2.7025861772922533e-05,unicycle
4.467074612558921,11.845463184002437,1.765,0.0,0.0,0.013330013397927614,0.3701495104559033,0.00010787103250313745,0.0,0.0,0.0,2.699706398047013e-05,omni
4.4744752571246655,11.845563997842701,1.765,0.0,0.0,0.013330551602036987,0.37006654392930927,0.00010775611020169916,0.0,0.0,0.0,2.6910205468698575e-05,unicycle
4.481877563614229,11.845664830886777,1.765,0.0,0.0,0.013331089232664666,0.37014964559452146,0.00010740944260583308,0.0,0.0,0.0,2.6881531384005275e-05,omni
4.489278210683166,11.845765643492408,1.765,0.0,0.0,0.013331625133566642,0.3700666683704998,0.00010729501115138565,0.0,0.0,0.0,2.679504509868627e-05,unicycle
4.496680519443847,11.84586647531315,1.765,0.0,0.0,0.01333216046345248,0.37014975843981673,0.00010694982596941311,0.0,0.0,0.0,2.6766494291858384e-05,omni
4.504081168547035,11.84596728668328,1.765,0.0,0.0,0.013332694071026052,0.37006676936504607,0.0001068358830973761,0.0,0.0,0.0,2.6680378678460268e-05,unicycle
4.511483479108093,11.846068117279735,1.765,0.0,0.0,0.013333227110038384,0.3701498477484686,0.00010649217394939545,0.0,0.0,0.0,2.665195061660315e-05,omni
4.51888412978763,11.846168927413622,1.765,0.0,0.0,0.013333758434119452,0.37006684746496166,0.00010637871762053853,0.0,0.0,0.0,2.6566204053449935e-05,unicycle
4.526286441713658,11.846269756785288,1.765,0.0,0.0,0.013334289192082568,0.37014991528740515,0.00010603647829919838,0.0,0.0,0.0,2.6537898155844867e-05,omni
4.533687093562586,11.846370565682852,1.765,0.0,0.0,0.013334818242462486,0.3700669052176534,0.0001059235065753227,0.0,0.0,0.0,2.6452518995927747e-05,unicycle
4.541089406478304,11.846471393830013,1.765,0.0,0.0,0.013335346729155798,0.37014996406319606,0.00010558273095336293,0.0,0.0,0.0,2.642433466552196e-05,omni
4.548490059154289,11.84657220149201,1.765,0.0,0.0,0.013335873515580994,0.37006694585473426,0.00010547024192988704,0.0,0.0,0.0,2.6339321259894677e-05,unicycle
4.5558923727502005,11.846673028415807,1.765,0.0,0.0,0.013336399740738993,0.37014999736518606,0.00010513092391175132,0.0,0.0,0.0,2.6311257899793365e-05,omni
4.563293025975518,11.846773834843852,1.765,0.0,0.0,0.013336924272911166,0.370066972606796,0.00010501891568399456,0.0,0.0,0.0,2.622660860884803e-05,unicycle
4.570695340003993,11.846874660546236,1.765,0.0,0.0,0.013337448246223777,0.37015001828707356,0.00010468104918301642,0.0,0.0,0.0,2.6198665630616115e-05,omni
4.578095993559057,11.84697546574269,1.765,0.0,0.0,0.013337970533800378,0.37006698838114016,0.00010456951983174035,0.0,0.0,0.0,2.6114378829996345e-05,unicycle
4.5854983078263105,11.847076290226312,1.765,0.0,0.0,0.013338492264913517,0.3701500295213823,0.00010423309876167653,0.0,0.0,0.0,2.6086555656940647e-05,omni
4.592898961540825,11.847177094194178,1.765,0.0,0.0,0.013339012317508296,0.37006699564246825,0.00010412204634912117,0.0,0.0,0.0,2.6002629738928687e-05,unicycle
4.600301275897764,11.847277917462266,1.765,0.0,0.0,0.013339531816024435,0.3701500333028557,0.00010378706462322718,0.0,0.0,0.0,2.597492580690743e-05,omni
4.607701929641634,11.84737872020507,1.765,0.0,0.0,0.01334004964320805,0.37006699640097607,0.00010367648719443307,0.0,0.0,0.0,2.5891359180729853e-05,unicycle
4.615104243975085,11.847479542261315,1.765,0.0,0.0,0.013340566918686791,0.3701500314275674,0.00010334293872812304,0.0,0.0,0.0,2.5863773937259362e-05,omni
4.622504897650123,11.847580343782978,1.765,0.0,0.0,0.013341082529987343,0.3700669922521691,0.00010323283431447577,0.0,0.0,0.0,2.5780565027424195e-05,unicycle
4.629907211875113,11.847681164631421,1.765,0.0,0.0,0.013341597591945968,0.3701500253057476,0.00010290071302921779,0.0,0.0,0.0,2.575309793124533e-05,omni
4.63730786540795,11.847781964936186,1.765,0.0,0.0,0.013342110996849527,0.3700669844370307,0.00010279107965272453,0.0,0.0,0.0,2.567024517778617e-05,unicycle
4.644710179461258,11.847882784581143,1.765,0.0,0.0,0.01334262385476346,0.37015001602518777,0.00010246037948028836,0.0,0.0,0.0,2.564289569651392e-05,omni
4.652110832797524,11.847983583673473,1.765,0.0,0.0,0.013343135062714484,0.3700669739057534,0.00010235121515761195,0.0,0.0,0.0,2.5560397551132923e-05,unicycle
4.659513146632481,11.84808440211946,1.765,0.0,0.0,0.013343645726017686,0.37015000441329055,0.00010202193004370042,0.0,0.0,0.0,2.5533165160316377e-05,omni
4.6669137997321775,11.848185200004002,1.765,0.0,0.0,0.013344154746419432,0.37006696137677886,0.00010191323278970597,0.0,0.0,0.0,2.5451020087199395e-05,unicycle
4.674316113314555,11.848286017255676,1.765,0.0,0.0,0.013344663224504819,0.3701499910922797,0.00010158535669718246,0.0,0.0,0.0,2.542390426934871e-05,omni
4.681716766148433,11.84838681393719,1.765,0.0,0.0,0.01334517006671968,0.37006694738773055,0.00010147712452760908,0.0,0.0,0.0,2.53421107431036e-05,unicycle
4.6891190794532704,11.848487629999308,1.765,0.0,0.0,0.013345676368939416,0.37014997652567627,0.00010115065143860013,0.0,0.0,0.0,2.5315110986972844e-05,omni
4.696519732000057,11.848588425482639,1.765,0.0,0.0,0.013346181042289271,0.37006693233744337,0.00010104288237231787,0.0,0.0,0.0,2.523366749271239e-05,unicycle
4.703922045009248,11.848689240360038,1.765,0.0,0.0,0.013346685177955111,0.3701499610560218,0.00010071780629034117,0.0,0.0,0.0,2.5206783291954423e-05,omni
4.711322697253545,11.84879003465009,1.765,0.0,0.0,0.013347187691721574,0.3700669165196054,0.00010061049835112736,0.0,0.0,0.0,2.512568832311831e-05,unicycle
4.718725009954007,11.84889084834764,1.765,0.0,0.0,0.013347689670105098,0.37014994493471454,0.0001002868133024499,0.0,0.0,0.0,2.5098919176241898e-05,omni
4.72612566188471,11.848991641449352,1.765,0.0,0.0,0.013348190033529814,0.37006690014909116,0.00010017996452008688,0.0,0.0,0.0,2.501817123580171e-05,unicycle
4.733527974267032,11.849092453971963,1.765,0.0,0.0,0.013348689863862714,0.3701499283451523,9.985766455449407e-05,0.0,0.0,0.0,2.4991516644907667e-05,omni
4.740928625876169,11.849193245890294,1.765,0.0,0.0,0.013349188086147564,0.3700668833822253,9.975127296573747e-05,0.0,0.0,0.0,2.4911114242643343e-05,unicycle
4.7483309379335985,11.84929405724288,1.765,0.0,0.0,0.01334968577762184,0.37014991142041626,9.943035215745306e-05,0.0,0.0,0.0,2.488457371372983e-05,omni
4.755731589215455,11.849394847982797,1.765,0.0,0.0,0.013350181867929205,0.3700668663321673,9.932441580648871e-05,0.0,0.0,0.0,2.480451536831017e-05,unicycle
4.763133900943163,11.849495658170282,1.765,0.0,0.0,0.013350677429697403,0.370149894256618,9.900486825421001e-05,0.0,0.0,0.0,2.4778088409882546e-05,omni
4.7705345518936575,11.849596447736756,1.765,0.0,0.0,0.013351171397150313,0.37006684908046145,9.889938519304352e-05,0.0,0.0,0.0,2.46983726454234e-05,unicycle
4.777936863288196,11.849697256764058,1.765,0.0,0.0,0.013351664838325698,0.37014987692287193,9.858120502040676e-05,0.0,0.0,0.0,2.4672058769226234e-05,omni
4.785337513904418,11.849798045162048,1.765,0.0,0.0,0.013352156692008068,0.3700668316856305,9.847617330910357e-05,0.0,0.0,0.0,2.459268411847048e-05,unicycle
4.7927398249633315,11.849898853034077,1.765,0.0,0.0,0.013352648021664847,0.37014985946868595,9.815935466465608e-05,0.0,0.0,0.0,2.4566482838896183e-05,omni
4.800140475243206,11.849999640268535,1.765,0.0,0.0,0.013353137770621653,0.3700668141895185,9.805477237151247e-05,0.0,0.0,0.0,2.4487447840338518e-05,unicycle
4.807542785964745,11.850100446990194,1.765,0.0,0.0,0.013353626997795135,0.3701498419293965,9.773930942887618e-05,0.0,0.0,0.0,2.4461358674188344e-05,omni
4.8149434359067955,11.85020123306606,1.765,0.0,0.0,0.013354114651032607,0.3700667966219418,9.763517463051575e-05,0.0,0.0,0.0,2.4382661873417535e-05,unicycle
4.822345746289711,11.85030203864223,1.765,0.0,0.0,0.013354601784719417,0.3701498243301419,9.73210615883191e-05,0.0,0.0,0.0,2.4356684340548285e-05,omni
4.829746395892883,11.850402823564425,1.765,0.0,0.0,0.013355087351205224,0.37006677900407825,9.721737236962793e-05,0.0,0.0,0.0,2.4278324290396244e-05,unicycle
4.837148705936286,11.850503627999975,1.765,0.0,0.0,0.013355572400363475,0.37014980668875025,9.690460345132985e-05,0.0,0.0,0.0,2.4252457912517696e-05,omni
4.844549355199826,11.850604411773405,1.765,0.0,0.0,0.013356055889026894,0.370066761350926,9.680135790551655e-05,0.0,0.0,0.0,2.4174433171083363e-05,unicycle
4.851951664903078,11.850705215073189,1.765,0.0,0.0,0.01335653886257633,0.3701497890178301,9.648992735948858e-05,0.0,0.0,0.0,2.4148677471842036e-05,omni
4.8593523138264425,11.850805997702741,1.765,0.0,0.0,0.013357020282308405,0.3700667436730768,9.638712358806626e-05,0.0,0.0,0.0,2.4070986603790606e-05,unicycle
4.866754623189083,11.850906799871591,1.765,0.0,0.0,0.013357501189130594,0.3701497713262734,9.607702568739772e-05,0.0,0.0,0.0,2.4045341109256575e-05,omni
4.87415527177188,11.851007581362133,1.765,0.0,0.0,0.01335798054878431,0.37006672597799134,9.597466180009208e-05,0.0,0.0,0.0,2.3967982685752256e-05,unicycle
4.881557580793573,11.85110838240486,1.765,0.0,0.0,0.013358459397722792,0.3701497536203357,9.566589084245022e-05,0.0,0.0,0.0,2.3942446924170224e-05,omni
4.888958229035515,11.851209162761242,1.765,0.0,0.0,0.013358936706113244,0.3700667082709112,9.556396495717796e-05,0.0,0.0,0.0,2.3865419522502572e-05,unicycle
4.896360537716015,11.851309962682643,1.765,0.0,0.0,0.013359413505973729,0.3701497359044065,9.52565152647437e-05,0.0,0.0,0.0,2.3839993024278207e-05,omni
4.903761185616887,11.851410741909696,1.765,0.0,0.0,0.01335988877187829,0.37006669055551045,9.515502550761603e-05,0.0,0.0,0.0,2.376329522803785e-05,unicycle
4.911163493956007,11.851511540714544,1.765,0.0,0.0,0.013360363531428806,0.37014971818155884,9.484889142701284e-05,0.0,0.0,0.0,2.373797752570141e-05,omni
4.918564141515645,11.851612318817075,1.765,0.0,0.0,0.013360836763587297,0.3700666728343582,9.474783593214029e-05,0.0,0.0,0.0,2.3661607924588012e-05,unicycle
4.925966449513245,11.851713116510128,1.765,0.0,0.0,0.013361309491558344,0.3701497004539398,9.444301183406172e-05,0.0,0.0,0.0,2.3636398552525586e-05,omni
4.933367096731525,11.851813893492928,1.765,0.0,0.0,0.013361780698673187,0.3700666551092474,9.43423887436125e-05,0.0,0.0,0.0,2.3560355742021566e-05,unicycle
4.94076940438749,11.851914690078921,1.765,0.0,0.0,0.01336225140375792,0.37014968272304566,9.403886902302441e-05,0.0,0.0,0.0,2.353525423677488e-05,omni
4.9481700512643085,11.852015465946756,1.765,0.0,0.0,0.013362720594494296,0.3700666373814263,9.393867648716703e-05,0.0,0.0,0.0,2.345953681877701e-05,unicycle
4.955572358578548,11.852116261430401,1.765,0.0,0.0,0.013363189285348673,0.3701496649899169,9.363645556298281e-05,0.0,0.0,0.0,2.34345427189455e-05,omni
4.962973005113824,11.852217036188023,1.765,0.0,0.0,0.013363656468334697,0.37006661965176213,9.353669173978334e-05,0.0,0.0,0.0,2.33591493012019e-05,unicycle
4.9703753120862615,11.852317830574016,1.765,0.0,0.0,0.013364123153577635,0.3701496472552761,9.32357640547896e-05,0.0,0.0,0.0,2.333426214697334e-05,omni
4.977775958279919,11.852418604226152,1.765,0.0,0.0,0.01336458833740449,0.3700666019208562,9.31364271102559e-05,0.0,0.0,0.0,2.3259191342674312e-05,unicycle
4.985178264910486,11.852519397519167,1.765,0.0,0.0,0.01336505302561802,0.37014962951962355,9.283678713111348e-05,0.0,0.0,0.0,2.323441067656441e-05,omni
4.992578910762463,11.852620170070526,1.765,0.0,0.0,0.013365516218840134,0.3700665841891247,9.273787523912236e-05,0.0,0.0,0.0,2.3159661105702696e-05,unicycle
4.999981217051102,11.852720962275225,1.765,0.0,0.0,0.013365978918569577,0.3701496117833048,9.243951745614143e-05,0.0,0.0,0.0,2.313498647213392e-05,omni
5.00738186256134,11.852821733730494,1.765,0.0,0.0,0.013366440129704777,0.37006656645685454,9.23410287984127e-05,0.0,0.0,0.0,2.3060556760001803e-05,unicycle
5.014784168507997,11.852922524851502,1.765,0.0,0.0,0.013366900849458886,0.3701495940465581,9.204394772553763e-05,0.0,0.0,0.0,2.303598770553657e-05,omni
5.022184813676444,11.853023295215353,1.765,0.0,0.0,0.013367360086988566,0.3700665487242433,9.194588049155643e-05,0.0,0.0,0.0,2.2961876483968245e-05,unicycle
5.029587119281064,11.85312408525729,1.765,0.0,0.0,0.013367818835239714,0.3701495763095474,9.165007066614461e-05,0.0,0.0,0.0,2.2937412557485123e-05,omni
5.0369877641076695,11.85322485453437,1.765,0.0,0.0,0.013368276107609,0.3700665309914271,9.155242305317296e-05,0.0,0.0,0.0,2.2863618464345557e-05,unicycle
5.0443900693702055,11.853325643501831,1.765,0.0,0.0,0.013368732892793311,0.3701495585723852,9.12578790360362e-05,0.0,0.0,0.0,2.283925921559172e-05,omni
5.051790713854919,11.853426411696768,1.765,0.0,0.0,0.013369188208411169,0.3700665132584989,9.116064924907861e-05,0.0,0.0,0.0,2.276578089283004e-05,unicycle
5.059193018775323,11.853527199594334,1.765,0.0,0.0,0.013369643038928654,0.3701495408351485,9.086736562429521e-05,0.0,0.0,0.0,2.2741525874210142e-05,omni
5.066593662918097,11.853627966711738,1.765,0.0,0.0,0.013370096406168092,0.37006649552552245,9.077055187602436e-05,0.0,0.0,0.0,2.266836197177114e-05,unicycle
5.073995967496324,11.85372875354396,1.765,0.0,0.0,0.013370549290382842,0.37014952309789,9.0478523250829e-05,0.0,0.0,0.0,2.2644210737520142e-05,omni
5.081396611297115,11.853829519588418,1.765,0.0,0.0,0.013371000717581035,0.3700664777925412,9.0382123761484e-05,0.0,0.0,0.0,2.2571359909668127e-05,unicycle
5.0887989155331175,11.853930305359837,1.765,0.0,0.0,0.013371451663821348,0.3701495053606453,9.009134476606912e-05,0.0,0.0,0.0,2.2547312015592358e-05,omni
5.096199558991876,11.854031070335921,1.765,0.0,0.0,0.013371901159279803,0.3700664600595845,8.999535776358039e-05,0.0,0.0,0.0,2.2474772922715165e-05,unicycle
5.103601862885612,11.854131855051051,1.765,0.0,0.0,0.013372350175838344,0.3701494876234385,8.970582305130077e-05,0.0,0.0,0.0,2.2450827927068788e-05,omni
5.111002506002296,11.854232618963309,1.765,0.0,0.0,0.013372797747823063,0.370066442326672,8.961024677115019e-05,0.0,0.0,0.0,2.2378599235907312e-05,unicycle
5.118404809553719,11.85433340262665,1.765,0.0,0.0,0.013373244842957035,0.3701494698862857,8.932195101807518e-05,0.0,0.0,0.0,2.2354756698500314e-05,omni
5.125805452328282,11.854434165479617,1.765,0.0,0.0,0.01337369049969865,0.370066424593817,8.922678370333796e-05,0.0,0.0,0.0,2.2282837080606644e-05,unicycle
5.133207755537349,11.85453494809565,1.765,0.0,0.0,0.013374135681629913,0.37014945214919776,8.893972160848013e-05,0.0,0.0,0.0,2.225909656320512e-05,omni
5.140608397969747,11.854635709893834,1.765,0.0,0.0,0.013374579431323842,0.37006640686102826,8.884496150970781e-05,0.0,0.0,0.0,2.218748469646853e-05,unicycle
5.148010700836414,11.854736491467015,1.765,0.0,0.0,0.01337502270823909,0.3701494344121818,8.855912779459689e-05,0.0,0.0,0.0,2.2163845762389988e-05,omni
5.155411342926602,11.85483725221491,1.765,0.0,0.0,0.013375464559045678,0.3700663891283117,8.846477316976886e-05,0.0,0.0,0.0,2.2092540329462032e-05,unicycle
5.162813645450825,11.854938032749684,1.765,0.0,0.0,0.013375905939096554,0.3701494166752424,8.818016257852908e-05,0.0,0.0,0.0,2.206900254377321e-05,omni
5.17021428719876,11.855038792451763,1.765,0.0,0.0,0.01337634589914122,0.37006637139567067,8.808621169312269e-05,0.0,0.0,0.0,2.1998002233302524e-05,unicycle
5.177616589380496,11.85513957195255,1.765,0.0,0.0,0.01337678539044449,0.3701493989383822,8.780281899242796e-05,0.0,0.0,0.0,2.1974565163594645e-05,omni
5.185017230786134,11.855240330613265,1.765,0.0,0.0,0.013377223467817905,0.37006635366310764,8.770927011929222e-05,0.0,0.0,0.0,2.19038686706449e-05,unicycle
5.19241953262534,11.85534110908447,1.765,0.0,0.0,0.01337766107845563,0.37014938120160323,8.74270900980929e-05,0.0,0.0,0.0,2.1880531886097534e-05,omni
5.199820173688639,11.855441866708258,1.765,0.0,0.0,0.01337809728121384,0.37006633593062366,8.73339415174822e-05,0.0,0.0,0.0,2.181013791042331e-05,unicycle
5.207222475185272,11.855542644154266,1.765,0.0,0.0,0.013378533019233491,0.3701493634649059,8.705296898711782e-05,0.0,0.0,0.0,2.178690098241565e-05,omni
5.214623115906187,11.855643400745539,1.765,0.0,0.0,0.013378967355398097,0.3700663181982194,8.69602189865945e-05,0.0,0.0,0.0,2.1716808230423418e-05,unicycle
5.2220254170602045,11.855744177170713,1.765,0.0,0.0,0.013379401228812727,0.37014934572829106,8.668044878047055e-05,0.0,0.0,0.0,2.1693670731550125e-05,omni
5.229426057438692,11.85584493273387,1.765,0.0,0.0,0.013379833706370997,0.37006630046589545,8.658809565493741e-05,0.0,0.0,0.0,2.1623877913567092e-05,unicycle
5.236828358250051,11.855945708142558,1.765,0.0,0.0,0.013380265723159363,0.37014932799175865,8.630952262866711e-05,0.0,0.0,0.0,2.1600839418314924e-05,omni
5.244228998286067,11.856046462681979,1.765,0.0,0.0,0.013380696350064386,0.3700662827336513,8.621756468032255e-05,0.0,0.0,0.0,2.1531345251263814e-05,unicycle
5.251631298754724,11.85614723707851,1.765,0.0,0.0,0.013381126518171105,0.37014931025530823,8.594018371146816e-05,0.0,0.0,0.0,2.150840533600038e-05,omni
5.259031938448228,11.856247990598552,1.765,0.0,0.0,0.013381555302341938,0.37006626500148665,8.584861924977258e-05,0.0,0.0,0.0,2.1439208541734085e-05,unicycle
5.266434238574141,11.856348763987233,1.765,0.0,0.0,0.013381983629677633,0.3701492925189395,8.557242523784668e-05,0.0,0.0,0.0,2.141636678474401e-05,omni
5.273834877925087,11.856449516492239,1.765,0.0,0.0,0.013382410578999453,0.3700662472694013,8.548125257947253e-05,0.0,0.0,0.0,2.1347466091084592e-05,unicycle
5.281237177708214,11.856550288877363,1.765,0.0,0.0,0.013382837073440911,0.37014927478265214,8.520624044575773e-05,0.0,0.0,0.0,2.1324722072846466e-05,omni
5.28863781671656,11.856651040371652,1.765,0.0,0.0,0.013383262195765178,0.3700662295373946,8.511545791458635e-05,0.0,0.0,0.0,2.1256116213354797e-05,unicycle
5.296040116156859,11.856751811757494,1.765,0.0,0.0,0.013383686865155491,0.37014925704644525,8.4841622602137e-05,0.0,0.0,0.0,2.123346951571891e-05,omni
5.303440754822564,11.856852562245372,1.765,0.0,0.0,0.013384110168300063,0.3700662118054659,8.475122852926885e-05,0.0,0.0,0.0,2.116515722854135e-05,unicycle
5.310843053919992,11.856953332636186,1.765,0.0,0.0,0.013384533020448766,0.37014923931031846,8.447856500282353e-05,0.0,0.0,0.0,2.1142607435203247e-05,omni
5.318243692243012,11.857054082121936,1.765,0.0,0.0,0.013384954512198058,0.37006619407361485,8.438855772644377e-05,0.0,0.0,0.0,2.107458746447669e-05,unicycle
5.325645990997527,11.857154851521956,1.765,0.0,0.0,0.013385375554881276,0.3701492215742711,8.411706097216969e-05,0.0,0.0,0.0,2.1052134160843582e-05,omni
5.33304662897782,11.85725560000985,1.765,0.0,0.0,0.01338579524298639,0.3700661763418407,8.402743883755978e-05,0.0,0.0,0.0,2.0984405255612347e-05,unicycle
5.340448927389381,11.857356368423298,1.765,0.0,0.0,0.013386214483946961,0.37014920383830274,8.375710386312451e-05,0.0,0.0,0.0,2.0962048028639998e-05,omni
5.347849565026903,11.857457115917581,1.765,0.0,0.0,0.013386632376125822,0.370066158610143,8.366786522258817e-05,0.0,0.0,0.0,2.0894608943236883e-05,unicycle
5.355251863095469,11.85755788334866,1.765,0.0,0.0,0.013387049823073463,0.37014918610241265,8.339868705690154e-05,0.0,0.0,0.0,2.0872347382054013e-05,omni
5.362652500390178,11.857658629853566,1.765,0.0,0.0,0.013387465927010997,0.370066140878521,8.330983026977939e-05,0.0,0.0,0.0,2.0805196876805963e-05,unicycle
5.370054798115705,11.85775939630645,1.765,0.0,0.0,0.01338788158762244,0.3701491683666001,8.304180396307247e-05,0.0,0.0,0.0,2.078303057211718e-05,omni
5.37745543506756,11.857860141826185,1.765,0.0,0.0,0.013388295910970677,0.37006612314697424,8.295332739567736e-05,0.0,0.0,0.0,2.071616741197125e-05,unicycle
5.3848577324500075,11.857960907305044,1.765,0.0,0.0,0.0133887097928898,0.37014915063086457,8.26864480192551e-05,0.0,0.0,0.0,2.069409595599362e-05,omni
5.3922583690589665,11.858061651843807,1.765,0.0,0.0,0.013389122343268023,0.3700661054155019,8.259835004498127e-05,0.0,0.0,0.0,2.0627518911228864e-05,unicycle
5.399660666098294,11.858162416352787,1.765,0.0,0.0,0.013389534454105997,0.37014913289520524,8.233261269144123e-05,0.0,0.0,0.0,2.060554189859293e-05,omni
5.407061302364314,11.858263159914756,1.765,0.0,0.0,0.013389945239100911,0.3700660876841032,8.22448916906814e-05,0.0,0.0,0.0,2.0539249745751316e-05,unicycle
5.414463599060478,11.85836392345799,1.765,0.0,0.0,0.013390355586436363,0.37014911515962146,8.19802914735537e-05,0.0,0.0,0.0,2.0517366772594074e-05,omni
5.421864234983518,11.858464666047318,1.765,0.0,0.0,0.013390764613602214,0.37006606995277785,8.189294583353662e-05,0.0,0.0,0.0,2.0451358292491716e-05,unicycle
5.429266531336479,11.85856542862891,1.765,0.0,0.0,0.013391173204981333,0.3701490974241127,8.162947788715333e-05,0.0,0.0,0.0,2.0429568956033325e-05,omni
5.436667166916497,11.858666170249744,1.765,0.0,0.0,0.01339158048184002,0.3700660522215251,8.154250600200227e-05,0.0,0.0,0.0,2.0363842934292186e-05,unicycle
5.444069463389576,11.858766931879998,1.765,0.0,0.0,0.013391987324749862,0.3701491028589438,8.1280165481569e-05,0.0,0.0,0.0,2.0342145492217865e-05,omni
5.4514701001114645,11.858867672556404,1.765,0.0,0.0,0.013392392858723004,0.3700661087436768,8.119356868476934e-05,0.0,0.0,0.0,2.0276698657032168e-05,unicycle
5.458872398654948,11.858968433265666,1.765,0.0,0.0,0.013392797960577907,0.3701492058189699,8.0932355276404e-05,0.0,0.0,0.0,2.025509274511868e-05,omni
5.466273038012285,11.859069173021902,1.765,0.0,0.0,0.013393201759082039,0.37006623995376703,8.08461319071274e-05,0.0,0.0,0.0,2.0189925206587985e-05,unicycle
5.473675339489378,11.859169932825885,1.765,0.0,0.0,0.013393605127309877,0.37014935194534304,8.058603794696509e-05,0.0,0.0,0.0,2.01684113919521e-05,omni
5.481075981887184,11.859270671671519,1.765,0.0,0.0,0.013394007197762826,0.3700663914188693,8.050018433432892e-05,0.0,0.0,0.0,2.0103522647521806e-05,unicycle
5.488478286376527,11.85937143057534,1.765,0.0,0.0,0.013394408839783363,0.37014950200622404,8.02412035464564e-05,0.0,0.0,0.0,2.0082101026794754e-05,omni
5.4958789316672245,11.859472168512468,1.765,0.0,0.0,0.013394809189587775,0.3700665355066024,8.015571707293257e-05,0.0,0.0,0.0,2.0017490220708565e-05,unicycle
5.503281238870491,11.859572926516146,1.765,0.0,0.0,0.013395209112800222,0.37014963715150795,7.989784399692657e-05,0.0,0.0,0.0,1.999616062237985e-05,omni
5.510681886661273,11.859673663543537,1.765,0.0,0.0,0.013395607749334279,0.3700666599542426,7.981272264833241e-05,0.0,0.0,0.0,1.993182670283135e-05,unicycle
5.518084196132593,11.85977442064508,1.765,0.0,0.0,0.013396005961110423,0.3701497500034111,7.955595228687062e-05,0.0,0.0,0.0,1.9910588807190634e-05,omni
5.525484845954526,11.85987515676046,1.765,0.0,0.0,0.01339640289172277,0.37006676095518254,7.947119437860106e-05,0.0,0.0,0.0,1.9846530617360603e-05,unicycle
5.532887157223165,11.859975912957518,1.765,0.0,0.0,0.013396799399403313,0.37014983931861367,7.92155219858272e-05,0.0,0.0,0.0,1.982538402724719e-05,omni
5.540287808618353,11.86007664815874,1.765,0.0,0.0,0.013397194631410512,0.37006683906143645,7.913112600089446e-05,0.0,0.0,0.0,1.9761600359935433e-05,unicycle
5.547690121248915,11.860177403449429,1.765,0.0,0.0,0.013397589442303383,0.3701499068640441,7.887654695930475e-05,0.0,0.0,0.0,1.9740544643794438e-05,omni
5.555090773810408,11.86027813773502,1.765,0.0,0.0,0.013397982982988886,0.3700668968204115,7.879251145592846e-05,0.0,0.0,0.0,1.9677034275040923e-05,unicycle
5.5624930874276215,11.860378892118243,1.765,0.0,0.0,0.01339837610436866,0.37014995564627273,7.853902120768013e-05,0.0,0.0,0.0,1.965606898879887e-05,omni
5.569893740813094,11.860479625487576,1.765,0.0,0.0,0.013398767960982489,0.37006693746372155,7.845534476906126e-05,0.0,0.0,0.0,1.959283069136932e-05,unicycle
5.577296055107468,11.860580378963105,1.765,0.0,0.0,0.013399159400090312,0.370149988954645,7.820293877980504e-05,0.0,0.0,0.0,1.9571955391197286e-05,omni
5.5846967090392035,11.86068111141641,1.765,0.0,0.0,0.013399549579849235,0.37006696422195867,7.811961998907497e-05,0.0,0.0,0.0,1.9508987946110293e-05,unicycle
5.592099023763116,11.860781863984837,1.765,0.0,0.0,0.013399939343893117,0.3701500098828599,7.786829373113568e-05,0.0,0.0,0.0,1.9488202194122455e-05,omni
5.599499678021535,11.860882595523112,1.765,0.0,0.0,0.013400327853980964,0.3700669800024254,7.778533116063261e-05,0.0,0.0,0.0,1.942550439241039e-05,unicycle
5.60690199298121,11.860983347185734,1.765,0.0,0.0,0.013400715950136149,0.3701500211234419,7.753508010666817e-05,0.0,0.0,0.0,1.9404807759226334e-05,omni
5.614302647396026,11.86108407781062,1.765,0.0,0.0,0.013401102797704243,0.37006698726982346,7.745247231490785e-05,0.0,0.0,0.0,1.9342378404754632e-05,unicycle
5.621704962442378,11.861184828569321,1.765,0.0,0.0,0.013401489233113663,0.3701500249111344,7.720329193712324e-05,0.0,0.0,0.0,1.932177047088559e-05,omni
5.629105616883504,11.861285558282985,1.765,0.0,0.0,0.013401874425281273,0.37006698803434895,7.712103746982906e-05,0.0,0.0,0.0,1.92596083807039e-05,unicycle
5.636507931903364,11.861386308140114,1.765,0.0,0.0,0.013402259207055985,0.370150023042012,7.687292324208659e-05,0.0,0.0,0.0,1.9239088735434666e-05,omni
5.643908586272621,11.861487036945137,1.765,0.0,0.0,0.01340264275091074,0.37006698389150805,7.679102063483015e-05,0.0,0.0,0.0,1.917719273776338e-05,unicycle
5.651310901181028,11.861587785903405,1.765,0.0,0.0,0.013403025886130302,0.3701500169263051,7.654396803547313e-05,0.0,0.0,0.0,1.9156760978047575e-05,omni
5.658711555405055,11.86168851380268,1.765,0.0,0.0,0.013403407788728535,0.3700669760822847,7.646241581683131e-05,0.0,0.0,0.0,1.9095129911726483e-05,unicycle
5.666113870138795,11.861789261865082,1.765,0.0,0.0,0.013403789284441367,0.3701500076518062,7.621642033185158e-05,0.0,0.0,0.0,1.9074785641643993e-05,omni
5.673514524163228,11.86188998886175,1.765,0.0,0.0,0.013404169552808478,0.3700669655568723,7.6135217026524e-05,0.0,0.0,0.0,1.901341835556686e-05,unicycle
5.680916838675638,11.861990736031478,1.765,0.0,0.0,0.01340454941603218,0.3701499960459182,7.589027415243795e-05,0.0,0.0,0.0,1.899316118504151e-05,omni
5.688317492460487,11.862091462128847,1.765,0.0,0.0,0.013404928057162908,0.37006695303371223,7.580941828364636e-05,0.0,0.0,0.0,1.8932056536465282e-05,unicycle
5.695719806717347,11.862192208409247,1.765,0.0,0.0,0.013405306294884518,0.3701499827308649,7.556552352942203e-05,0.0,0.0,0.0,1.8911886080606074e-05,omni
5.703120460233371,11.86229293361076,1.765,0.0,0.0,0.013405683315743221,0.3700669390504285,7.54850136211131e-05,0.0,0.0,0.0,1.8851042935110436e-05,unicycle
5.7105227742097275,11.86239367900529,1.765,0.0,0.0,0.0134060599349195,0.3701499681701681,7.524216251035335e-05,0.0,0.0,0.0,1.8830958813685004e-05,omni
5.717923427435662,11.862494403314477,1.765,0.0,0.0,0.013406435342440383,0.37006692400585667,7.516199708885756e-05,0.0,0.0,0.0,1.877037604433941e-05,unicycle
5.7253257411134175,11.862595147826662,1.765,0.0,0.0,0.013406810349998,0.37014995270636974,7.492018516097662e-05,0.0,0.0,0.0,1.8750377881014625e-05,omni
5.732726394033871,11.862695871247118,1.765,0.0,0.0,0.013407184151085353,0.3700669081936851,7.4840362756224e-05,0.0,0.0,0.0,1.8690054367671375e-05,unicycle
5.740128707399951,11.862796614880546,1.765,0.0,0.0,0.013407557553921137,0.3701499365908683,7.45995855675414e-05,0.0,0.0,0.0,1.8670141789132026e-05,omni
5.747529360003829,11.862897337415907,1.765,0.0,0.0,0.013407929755449485,0.3700668918287888,7.452010471401052e-05,0.0,0.0,0.0,1.861007641746076e-05,unicycle
5.754931673048828,11.862998080174188,1.765,0.0,0.0,0.01340830156043055,0.3701499200070626,7.428035783847633e-05,0.0,0.0,0.0,1.859024905321022e-05,omni
5.762332325328164,11.863098801828116,1.765,0.0,0.0,0.013408672169244849,0.3700668750674932,7.420121707569878e-05,0.0,0.0,0.0,1.853044071494431e-05,unicycle
5.76973463804534,11.86319954371489,1.765,0.0,0.0,0.013409042383208792,0.370149903088034,7.396249610515268e-05,0.0,0.0,0.0,1.851069819715871e-05,omni
5.777135289994429,11.863300264491059,1.765,0.0,0.0,0.013409411406124585,0.3700668580229578,7.388369397820808e-05,0.0,0.0,0.0,1.8451145789690558e-05,unicycle
5.7845376023789585,11.863401005509967,1.765,0.0,0.0,0.013409780035879648,0.37014988592989434,7.364599452290292e-05,0.0,0.0,0.0,1.8431487753186256e-05,omni
5.791938253993727,11.863501725412059,1.765,0.0,0.0,0.013410147479683242,0.37006684077672736,7.356752958270058e-05,0.0,0.0,0.0,1.83721901797327e-05,unicycle
5.799340566042172,11.863602465566748,1.765,0.0,0.0,0.013410514532008462,0.37014986860175847,7.333084727133433e-05,0.0,0.0,0.0,1.83526162609941e-05,omni
5.806741217319717,11.863703184598442,1.765,0.0,0.0,0.013410880403457044,0.37006682338732483,7.325271807479835e-05,0.0,0.0,0.0,1.829357242897128e-05,unicycle
5.814143529029629,11.863803923892561,1.765,0.0,0.0,0.013411245885102382,0.3701498511531347,7.301704855469387e-05,0.0,0.0,0.0,1.827408226699228e-05,omni
5.8215441799678835,11.863904642057536,1.765,0.0,0.0,0.01341161019092419,0.37006680589659496,7.293925366489706e-05,0.0,0.0,0.0,1.8215291090272242e-05,unicycle
5.828946491337518,11.864005380494719,1.765,0.0,0.0,0.013411974108610713,0.37014983361936,7.270459260201241e-05,0.0,0.0,0.0,1.8195884325949563e-05,omni
5.836347141935013,11.864106097796643,1.765,0.0,0.0,0.013412336855505164,0.3700667883343546,7.262713058818924e-05,0.0,0.0,0.0,1.8137344722530397e-05,unicycle
5.843749452963133,11.864206835380523,1.765,0.0,0.0,0.013412699215925134,0.37014981602557306,7.239347366704382e-05,0.0,0.0,0.0,1.8118020998511024e-05,omni
5.8511501032188225,11.864307551823055,1.765,0.0,0.0,0.013413060410562968,0.3700667707217818,7.231634310457324e-05,0.0,0.0,0.0,1.8059731891670436e-05,unicycle
5.858552413904544,11.864408288557247,1.765,0.0,0.0,0.01341342122038001,0.3701497983896027,7.208368602817892e-05,0.0,0.0,0.0,1.80404908521374e-05,omni
5.865953063817683,11.864509004144029,1.765,0.0,0.0,0.013413780869403398,0.37006675307387527,7.200688549860038e-05,0.0,0.0,0.0,1.7982451169380564e-05,unicycle
5.873355374160377,11.864609740032144,1.765,0.0,0.0,0.013414140135252594,0.3701497807240575,7.17752239884408e-05,0.0,0.0,0.0,1.796329245972982e-05,omni
5.880756023730428,11.864710454766815,1.765,0.0,0.0,0.013414498245275252,0.370066735401227,7.169875207955733e-05,0.0,0.0,0.0,1.790550113290864e-05,unicycle
5.88815833372964,11.864811189812443,1.765,0.0,0.0,0.013414855973763263,0.37014976303782976,7.146808187567227e-05,0.0,0.0,0.0,1.7886424400532334e-05,omni
5.895558982956221,11.864911903698621,1.765,0.0,0.0,0.013415212551370601,0.37006671771129795,7.139193718135744e-05,0.0,0.0,0.0,1.7828880366958305e-05,unicycle
5.902961292611625,11.865012637905343,1.765,0.0,0.0,0.013415568749075821,0.3701497453371756,7.116225404190708e-05,0.0,0.0,0.0,1.7809885261015513e-05,omni
5.910361941494456,11.865113350946638,1.765,0.0,0.0,0.013415923800825067,0.3700667000093304,7.108643516210167e-05,0.0,0.0,0.0,1.77525874624076e-05,unicycle
5.917764250805812,11.86521408431802,1.765,0.0,0.0,0.013416278474297733,0.37014972762648485,7.085773486353988e-05,0.0,0.0,0.0,1.7733673633254227e-05,omni
5.9251648993446855,11.865314796518017,1.765,0.0,0.0,0.01341663200671804,0.3700666822989985,7.078224040421441e-05,0.0,0.0,0.0,1.767662101547675e-05,unicycle
5.932567208311817,11.86541552905761,1.765,0.0,0.0,0.01341698516248036,0.37014970990883106,7.05545187410403e-05,0.0,0.0,0.0,1.765778811579669e-05,omni
5.93996785650658,11.865516240419892,1.765,0.0,0.0,0.013417337182072976,0.37006666458287196,7.047934731420966e-05,0.0,0.0,0.0,1.7600979630738777e-05,unicycle
5.947370165129352,11.865616972131232,1.765,0.0,0.0,0.013417688826619265,0.3701496921863615,7.025260009905544e-05,0.0,0.0,0.0,1.758222731444119e-05,omni
5.954770812979883,11.865717682659358,1.765,0.0,0.0,0.013418039339857609,0.37006664686274393,7.017775032274208e-05,0.0,0.0,0.0,1.7525661917154313e-05,unicycle
5.962173121258192,11.865818413545968,1.765,0.0,0.0,0.013418389479654394,0.3701496744605728,6.995197338617812e-05,0.0,0.0,0.0,1.7506989839331422e-05,omni
5.9695737687644,11.865919123243486,1.765,0.0,0.0,0.013418738492984191,0.3700666291398631,6.987744388432552e-05,0.0,0.0,0.0,1.7450666489680703e-05,unicycle
5.9769760766981594,11.866019853308872,1.765,0.0,0.0,0.013419087134470327,0.37014965673250605,6.965263307476052e-05,0.0,0.0,0.0,1.7432074306832035e-05,omni
5.984376723859968,11.866120562179315,1.765,0.0,0.0,0.013419434654309705,0.37006661141509684,6.957842247724426e-05,0.0,0.0,0.0,1.737599196882099e-05,unicycle
5.99177903144911,11.866221291426971,1.765,0.0,0.0,0.013419781803896486,0.3701496390028838,6.935457366091905e-05,0.0,0.0,0.0,1.735747933919515e-05,omni
5.999179678266454,11.866321999473854,1.765,0.0,0.0,0.013420127836636125,0.3700665936890471,6.928068060351068e-05,0.0,0.0,0.0,1.730163698188031e-05,unicycle
6.00658198551092,11.866422727907256,1.765,0.0,0.0,0.013420473500707441,0.3701496212722069,6.905778966436248e-05,0.0,0.0,0.0,1.728320356575532e-05,omni
6.013982631983744,11.866523435134084,1.765,0.0,0.0,0.013420818052710703,0.3700665759621301,6.898421278866252e-05,0.0,0.0,0.0,1.722760016310004e-05,unicycle
6.021384938883482,11.866624162756695,1.765,0.0,0.0,0.013421162237623126,0.3701496035408212,6.876227562822073e-05,0.0,0.0,0.0,1.7209245621188635e-05,omni
6.028785585011737,11.866724869166957,1.765,0.0,0.0,0.013421505315226118,0.3700665582346332,6.868901358164603e-05,0.0,0.0,0.0,1.715388014967442e-05,unicycle
6.0361878915667,11.866825595982226,1.765,0.0,0.0,0.013421848027309,0.37014958580896545,6.846802611899328e-05,0.0,0.0,0.0,1.713560414412654e-05,omni
6.04358853735034,11.86692630157939,1.765,0.0,0.0,0.013422189636820714,0.3700665405067547,6.839507755475435e-05,0.0,0.0,0.0,1.7080475585729543e-05,unicycle
6.050990843560485,11.86702702759075,1.765,0.0,0.0,0.013422530882376328,0.37014956807680405,6.817503572643282e-05,0.0,0.0,0.0,1.7062277780709296e-05,omni
6.058391488999468,11.867127732378277,1.765,0.0,0.0,0.01342287103007877,0.3700665227786308,6.810239930350258e-05,0.0,0.0,0.0,1.7007385121962544e-05,unicycle
6.065793794864753,11.867228457589144,1.765,0.0,0.0,0.013423210815382438,0.37014955034444985,6.788329906344044e-05,0.0,0.0,0.0,1.698926518356711e-05,omni
6.073194439959036,11.86732916157048,1.765,0.0,0.0,0.013423549507530759,0.3700665050503549,6.781097344654065e-05,0.0,0.0,0.0,1.6934607415979928e-05,unicycle
6.080596745479423,11.86742988598426,1.765,0.0,0.0,0.013423887838830965,0.37014953261197997,6.759281076599411e-05,0.0,0.0,0.0,1.6916565010475274e-05,omni
6.087997390228969,11.867530589162826,1.765,0.0,0.0,0.013424225081653517,0.3700664873219909,6.752079462553538e-05,0.0,0.0,0.0,1.6862141127541672e-05,unicycle
6.095399695404416,11.867631312782908,1.765,0.0,0.0,0.01342456196517198,0.37014951487944747,6.730356549295e-05,0.0,0.0,0.0,1.6844175923234378e-05,omni
6.102800339809186,11.867732015162122,1.765,0.0,0.0,0.013424897764870481,0.37006646959358264,6.723185750509088e-05,0.0,0.0,0.0,1.678998492511419e-05,unicycle
6.110202644639659,11.867832737991883,1.765,0.0,0.0,0.013425233206802323,0.3701494971468885,6.701555792619584e-05,0.0,0.0,0.0,1.677209659202047e-05,omni
6.117603288699615,11.867933439575145,1.765,0.0,0.0,0.013425567569551967,0.3700664518651601,6.694415677280358e-05,0.0,0.0,0.0,1.6718137482167637e-05,unicycle
6.125005593185075,11.868034161617944,1.765,0.0,0.0,0.013425901576065791,0.3701494794143276,6.672878277041275e-05,0.0,0.0,0.0,1.6700325691235035e-05,omni
6.13240623690018,11.868134862408636,1.765,0.0,0.0,0.013426234508015337,0.37006643413674306,6.665768713891347e-05,0.0,0.0,0.0,1.6646597477222702e-05,unicycle
6.139808541040591,11.86823558366782,1.765,0.0,0.0,0.013426567085253355,0.3701494616817811,6.644323475273522e-05,0.0,0.0,0.0,1.6628861900987766e-05,omni
6.147209184410808,11.868336283669317,1.765,0.0,0.0,0.013426898592525256,0.37006641640834526,6.637244333614631e-05,0.0,0.0,0.0,1.6575363595002816e-05,unicycle
6.154611488206133,11.868437004148216,1.765,0.0,0.0,0.013427229746603408,0.37014944394926,6.615890862286892e-05,0.0,0.0,0.0,1.6557703907702042e-05,omni
6.162012131231427,11.86853770336387,1.765,0.0,0.0,0.013427559835293935,0.3700663986799756,6.608842011979226e-05,0.0,0.0,0.0,1.650443452639466e-05,unicycle
6.169414434681632,11.868638423065804,1.765,0.0,0.0,0.013427889572302008,0.37014942621677205,6.58757991529424e-05,0.0,0.0,0.0,1.6486850403640903e-05,omni
6.176815077361964,11.868739121498958,1.765,0.0,0.0,0.013428218248481361,0.37006638095164046,6.580561226754539e-05,0.0,0.0,0.0,1.643380896769618e-05,unicycle
6.1842173804670155,11.868839840427228,1.765,0.0,0.0,0.01342854657448308,0.370149408484322,6.559390113746533e-05,0.0,0.0,0.0,1.641630008599371e-05,omni
6.191618022802351,11.868940538081208,1.765,0.0,0.0,0.01342887384419547,0.37006636322334346,6.552401457945939e-05,0.0,0.0,0.0,1.6363485619625847e-05,unicycle
6.19902032556221,11.869041256239107,1.765,0.0,0.0,0.013429200765228614,0.3701493907519129,6.531320939320884e-05,0.0,0.0,0.0,1.6346051657077733e-05,omni
6.206420967552515,11.869141953117229,1.765,0.0,0.0,0.013429526634492402,0.37006634549508727,6.52436218778631e-05,0.0,0.0,0.0,1.6293463189408427e-05,unicycle
6.213823269967146,11.86924267050803,1.765,0.0,0.0,0.013429852156568915,0.3701493730195467,6.503371875922104e-05,0.0,0.0,0.0,1.627610382556243e-05,omni
6.221223911612383,11.869343366613588,1.765,0.0,0.0,0.013430176631376705,0.3700663277668733,6.496442900721908e-05,0.0,0.0,0.0,1.6223740389526994e-05,unicycle
6.228626213681752,11.869444083240554,1.765,0.0,0.0,0.013430500760482807,0.3701493552872247,6.475542409638385e-05,0.0,0.0,0.0,1.6206455305075076e-05,omni
6.236026854981885,11.869544778576836,1.765,0.0,0.0,0.013430823846801557,0.3700663100387027,6.468643083390467e-05,0.0,0.0,0.0,1.6154315937603517e-05,unicycle
6.2434291567059566,11.869645494443212,1.765,0.0,0.0,0.013431146588897857,0.37014933755494767,6.447832028772275e-05,0.0,0.0,0.0,1.6137104814979943e-05,omni
6.250829797660953,11.869746189013489,1.765,0.0,0.0,0.013431468292669014,0.3700662923105761,6.440962224640024e-05,0.0,0.0,0.0,1.608518855778917e-05,unicycle
6.258232099039692,11.869846904122506,1.765,0.0,0.0,0.013431789653690625,0.370149319822716,6.420240223808758e-05,0.0,0.0,0.0,1.6068051080630004e-05,omni
6.265632739649513,11.869947597930034,1.765,0.0,0.0,0.013432109980830203,0.37006627458249347,6.413399815496403e-05,0.0,0.0,0.0,1.6016356978890218e-05,unicycle
6.273035040682886,11.870048312284919,1.765,0.0,0.0,0.013432429966686848,0.37014930209052965,6.3927664874126e-05,0.0,0.0,0.0,1.5999292832240228e-05,omni
6.280435680947499,11.870149005332937,1.765,0.0,0.0,0.01343274892308556,0.3700662568544548,6.385955349167183e-05,0.0,0.0,0.0,1.594781993568354e-05,unicycle
6.28783798163547,11.870249718936893,1.765,0.0,0.0,0.013433067539661682,0.3701492843583885,6.365410314424469e-05,0.0,0.0,0.0,1.5930828806012988e-05,omni
6.295238621554839,11.870350411228637,1.765,0.0,0.0,0.013433385131185046,0.3700662391264601,6.358628321032387e-05,0.0,0.0,0.0,1.5879576168267476e-05,unicycle
6.302640921897374,11.870451124084855,1.765,0.0,0.0,0.013433702384339904,0.37014926662629244,6.33817120184801e-05,0.0,0.0,0.0,1.5862657742909073e-05,omni
6.310041561471463,11.870551815623536,1.765,0.0,0.0,0.013434018616828327,0.37006622139850914,6.331418228623767e-05,0.0,0.0,0.0,1.581162442101692e-05,unicycle
6.317443861468527,11.870652527735192,1.765,0.0,0.0,0.013434334512396102,0.37014924889424133,6.311048648819414e-05,0.0,0.0,0.0,1.579477838870702e-05,omni
6.324844500697302,11.870753218524012,1.765,0.0,0.0,0.013434649391664989,0.3700662036706018,6.30432457160815e-05,0.0,0.0,0.0,1.5743963444233323e-05,unicycle
6.33224680034886,11.870853929894277,1.765,0.0,0.0,0.013434963935454888,0.3701492311622349,6.284042156617902e-05,0.0,0.0,0.0,1.5727189495153178e-05,omni
6.339647439232286,11.870954619936423,1.765,0.0,0.0,0.013435277467294759,0.3700661859427377,6.277346851804843e-05,0.0,0.0,0.0,1.5676591993557653e-05,unicycle
6.347049738538305,11.871055330568446,1.765,0.0,0.0,0.013435590665091148,0.3701492134302729,6.257151228677342e-05,0.0,0.0,0.0,1.5659889819458e-05,omni
6.35445037707635,11.871156019867094,1.765,0.0,0.0,0.013435902855267759,0.37006616821491667,6.250484573173379e-05,0.0,0.0,0.0,1.5609508830647903e-05,unicycle
6.361852676036796,11.871256729764012,1.765,0.0,0.0,0.013436214712830243,0.3701491956983549,6.230375370540744e-05,0.0,0.0,0.0,1.559287812420209e-05,omni
6.3692533142294225,11.87135741832232,1.765,0.0,0.0,0.013436525567084667,0.37006615048713815,6.223737241777127e-05,0.0,0.0,0.0,1.554271272118159e-05,unicycle
6.376655612844261,11.871458127487259,1.765,0.0,0.0,0.013436836090148204,0.37014917796648045,6.203714089858147e-05,0.0,0.0,0.0,1.5526153176945283e-05,omni
6.384056250691436,11.871558815308376,1.765,0.0,0.0,0.013437145614196967,0.3700661327594018,6.197104365790721e-05,0.0,0.0,0.0,1.5476202438094376e-05,unicycle
6.391458548960633,11.871659523744444,1.765,0.0,0.0,0.013437454808472003,0.37014916023464933,6.177166896388013e-05,0.0,0.0,0.0,1.5459713751754296e-05,omni
6.398859186462321,11.871760210831503,1.765,0.0,0.0,0.013437763008007168,0.37006611503170755,6.17058545549715e-05,0.0,0.0,0.0,1.540997675826909e-05,unicycle
6.406261484385844,11.871860918541802,1.765,0.0,0.0,0.013438070879179705,0.3701491425028613,6.150733301991325e-05,0.0,0.0,0.0,1.5393558626805607e-05,omni
6.413662121542013,11.87196160489792,1.765,0.0,0.0,0.013438377759868995,0.370066097304055,6.144180023277051e-05,0.0,0.0,0.0,1.534403446448304e-05,unicycle
6.421064419119827,11.872062311885532,1.765,0.0,0.0,0.013438684313600718,0.37014912477111594,6.124412820615344e-05,0.0,0.0,0.0,1.5327686586082578e-05,omni
6.428465055930441,11.87216299751382,1.765,0.0,0.0,0.0134389898810876,0.3700660795764438,6.117887583597539e-05,0.0,0.0,0.0,1.5278374344085174e-05,unicycle
6.435867353162512,11.872263703781817,1.765,0.0,0.0,0.013439295123015964,0.37014910703941284,6.098204968293625e-05,0.0,0.0,0.0,1.5262096418268993e-05,omni
6.443267989627539,11.872364388685368,1.765,0.0,0.0,0.013439599382919767,0.3700660618488733,6.09170765300851e-05,0.0,0.0,0.0,1.5212995190054096e-05,unicycle
6.4506702865138354,11.872465094236807,1.765,0.0,0.0,0.013439903318658108,0.37014908930775137,6.072109263129866e-05,0.0,0.0,0.0,1.5196786917015616e-05,omni
6.458070922942149,11.872565778422896,1.765,0.0,0.0,0.013440206276574081,0.3700660595681875,6.065639969197028e-05,0.0,0.0,0.0,1.5147895798734182e-05,unicycle
6.465473220730014,11.872666483277703,1.765,0.0,0.0,0.013440508911691736,0.3701491339507248,6.0461257812936983e-05,0.0,0.0,0.0,1.5131755882910801e-05,omni
6.472873859075143,11.872767166775766,1.765,0.0,0.0,0.013440810573140572,0.37006615497456313,6.039684384240077e-05,0.0,0.0,0.0,1.5083072441842395e-05,unicycle
6.480276159408241,11.872867870959134,1.765,0.0,0.0,0.013441111913152818,0.37014926078609367,6.020253825162225e-05,0.0,0.0,0.0,1.5067000612063729e-05,omni
6.487676800643474,11.872968553785345,1.765,0.0,0.0,0.013441412283651399,0.37006629905146005,6.013840049903575e-05,0.0,0.0,0.0,1.5018524929099146e-05,unicycle
6.495079104006179,11.873069257306819,1.765,0.0,0.0,0.013441712334083544,0.3701494118440845,5.994492649874389e-05,0.0,0.0,0.0,1.5002521607248306e-05,omni
6.502479748266059,11.873169939466031,1.765,0.0,0.0,0.013442011419149727,0.37006644985790743,5.98810630018611e-05,0.0,0.0,0.0,1.4954253309206292e-05,unicycle
6.509882054548945,11.873270642327139,1.765,0.0,0.0,0.013442310185521068,0.3701495574319174,5.9688416508057754e-05,0.0,0.0,0.0,1.4938318566988691e-05,omni
6.517282701559975,11.873371323818684,1.765,0.0,0.0,0.013442607990661402,0.3700665869899736,5.962482576043827e-05,0.0,0.0,0.0,1.4890257016639445e-05,unicycle
6.5246850103851886,11.87347202601732,1.765,0.0,0.0,0.013442905478475932,0.37014968412695914,5.94330030401758e-05,0.0,0.0,0.0,1.487439072648416e-05,omni
6.532085659709231,11.873572706838303,1.765,0.0,0.0,0.01344320200917877,0.3700667022148348,5.9369683785966746e-05,0.0,0.0,0.0,1.4826535141845435e-05,unicycle
6.539487970610382,11.873673408371152,1.765,0.0,0.0,0.013443498223920089,0.37014978750223754,5.917868129781168e-05,0.0,0.0,0.0,1.4810737065933314e-05,omni
6.546888621775619,11.87377408851821,1.765,0.0,0.0,0.013443793485651813,0.37006679384831886,5.911563240889795e-05,0.0,0.0,0.0,1.4763086586239578e-05,unicycle
6.554290934291274,11.873874789382018,1.765,0.0,0.0,0.013444088432780396,0.370149867805224,5.892544670894185e-05,0.0,0.0,0.0,1.4747356429284809e-05,omni
6.561691586857183,11.873975468852198,1.765,0.0,0.0,0.013444382430983537,0.3700668634554122,5.8862667114194154e-05,0.0,0.0,0.0,1.469991015692331e-05,unicycle
6.569093900574336,11.87407616904435,1.765,0.0,0.0,0.013444676115935496,0.3701499274577952,5.8673294803302455e-05,0.0,0.0,0.0,1.4684247598004091e-05,omni
6.576494554159135,11.874176847835479,1.765,0.0,0.0,0.013444968856027945,0.3700669139733183,5.861078344993532e-05,0.0,0.0,0.0,1.46370046224334e-05,unicycle
6.58389686872883,11.874277547354207,1.765,0.0,0.0,0.01344526128421456,0.37014996966279495,5.842222114586945e-05,0.0,0.0,0.0,1.4621409330782419e-05,omni
6.591297523016517,11.874378225464987,1.765,0.0,0.0,0.013445552771589328,0.370066948691319,5.8359976980026124e-05,0.0,0.0,0.0,1.4574368738484353e-05,unicycle
6.598699838154804,11.874478924309399,1.765,0.0,0.0,0.013445843948397002,0.3701499976704434,5.8172221304323796e-05,0.0,0.0,0.0,1.455884038364887e-05,omni
6.606100492891893,11.874579601739365,1.765,0.0,0.0,0.013446134188422356,0.3700669707356601,5.8110243262898816e-05,0.0,0.0,0.0,1.4512001267779448e-05,unicycle
6.613502808373766,11.874680299909343,1.765,0.0,0.0,0.013446424119212846,0.3701500144284774,5.792329083622462e-05,0.0,0.0,0.0,1.449653952462304e-05,omni
6.620903463361513,11.874780976658755,1.765,0.0,0.0,0.013446713117232582,0.3700669828435021,5.786157784462873e-05,0.0,0.0,0.0,1.4449900986842005e-05,unicycle
6.628305779012179,11.87488167415485,1.765,0.0,0.0,0.01344700180734331,0.3701500224477824,5.767542528618502e-05,0.0,0.0,0.0,1.4434505536322501e-05,omni
6.635706434097448,11.874982350224569,1.765,0.0,0.0,0.013447289568677044,0.37006698729545284,5.7613976259172514e-05,0.0,0.0,0.0,1.4388066686834218e-05,unicycle
6.6431087497832015,11.875083047047868,1.765,0.0,0.0,0.013447577023421376,0.37015002378282835,5.742862018837396e-05,0.0,0.0,0.0,1.4372737216566782e-05,omni
6.650509404849609,11.875183722439239,1.765,0.0,0.0,0.013447863553364879,0.3700669859294459,5.736743403231606e-05,0.0,0.0,0.0,1.4326497174909892e-05,unicycle
6.657911720469433,11.875284418591264,1.765,0.0,0.0,0.013448149778032457,0.37015002006807257,5.718287107130982e-05,0.0,0.0,0.0,1.4311233378850176e-05,omni
6.665312375429516,11.875385093306011,1.765,0.0,0.0,0.013448435081857916,0.3700669801915035,5.712194668679193e-05,0.0,0.0,0.0,1.4265191272876144e-05,unicycle
6.672714690907857,11.875485788788616,1.765,0.0,0.0,0.013448720081714948,0.3701500125770532,5.693817346294771e-05,0.0,0.0,0.0,1.4249992851532934e-05,omni
6.6801153456964935,11.875586462828752,1.765,0.0,0.0,0.013449004164671315,0.3700669711987786,5.687750974716142e-05,0.0,0.0,0.0,1.4204147818299369e-05,unicycle
6.687517660977329,11.875687157644032,1.765,0.0,0.0,0.013449287944960864,0.370150002286256,5.669452289524587e-05,0.0,0.0,0.0,1.4189014477477957e-05,omni
6.69491831554641,11.875787831011783,1.765,0.0,0.0,0.013449570812274079,0.3700669598020764,5.663411874402701e-05,0.0,0.0,0.0,1.4143365660719845e-05,unicycle
6.702320630588499,11.87588852516203,1.765,0.0,0.0,0.013449853378216288,0.37014998993484266,5.6451914908008734e-05,0.0,0.0,0.0,1.4128297110455268e-05,omni
6.709721284902725,11.875989197859784,1.765,0.0,0.0,0.013450135035089497,0.3700669466418811,5.6391769217670127e-05,0.0,0.0,0.0,1.4082843660431905e-05,unicycle
6.717123599675899,11.876089891347423,1.765,0.0,0.0,0.013450416391881787,0.37014997607646416,5.6210345052418874e-05,0.0,0.0,0.0,1.4067839614563375e-05,omni
6.724524253709522,11.876190563377689,1.765,0.0,0.0,0.013450696843495539,0.3700669321957306,5.615045672106918e-05,0.0,0.0,0.0,1.4022580687458491e-05,unicycle
6.731926568191833,11.876291256205244,1.765,0.0,0.0,0.013450976996312796,0.37014996112217374,5.596980889331602e-05,0.0,0.0,0.0,1.400764086293453e-05,omni
6.739327221926165,11.87639192757061,1.765,0.0,0.0,0.013451256247825201,0.3700669168167862,5.591017682174142e-05,0.0,0.0,0.0,1.3962575620116133e-05,unicycle
6.7467295361017205,11.876492619740674,1.765,0.0,0.0,0.013451535201819936,0.3701499453748654,5.573030201080585e-05,0.0,0.0,0.0,1.3947699736607145e-05,omni
6.754130189523263,11.876593290443783,1.765,0.0,0.0,0.013451813258366826,0.3700669007644068,5.567092510314123e-05,0.0,0.0,0.0,1.390282734445022e-05,unicycle
6.761532503380607,11.876693981958997,1.765,0.0,0.0,0.013452091018669315,0.37014992905628225,5.549182000146967e-05,0.0,0.0,0.0,1.388801512437842e-05,omni
6.768933156479645,11.876794652002534,1.765,0.0,0.0,0.013452367885364403,0.37006688422790474,5.543269716581529e-05,0.0,0.0,0.0,1.3843334754390922e-05,unicycle
6.776335470010551,11.87689534286557,1.765,0.0,0.0,0.013452644457082838,0.370149912327832,5.525435847954565e-05,0.0,0.0,0.0,1.3828585921749326e-05,omni
6.783736122780121,11.876996012252246,1.765,0.0,0.0,0.013452920139017811,0.37006686734472194,5.519548862825744e-05,0.0,0.0,0.0,1.3784096748651739e-05,unicycle
6.791138435978698,11.877096702465797,1.765,0.0,0.0,0.013453195527238407,0.3701498953064087,5.501791307726173e-05,0.0,0.0,0.0,1.3769411029725231e-05,omni
6.798539088413819,11.877197371198337,1.765,0.0,0.0,0.01345347002948308,0.3700668502141633,5.495929512715155e-05,0.0,0.0,0.0,1.3725112233704528e-05,unicycle
6.805941401275861,11.877298060765105,1.765,0.0,0.0,0.013453744239270229,0.37014987807628397,5.478247944525469e-05,0.0,0.0,0.0,1.3710489357375859e-05,omni
6.813342053372985,11.877398728846233,1.765,0.0,0.0,0.013454017566872688,0.3700668329076696,5.472411231767518e-05,0.0,0.0,0.0,1.3666380123165167e-05,unicycle
6.8207443658954965,11.877499417768925,1.765,0.0,0.0,0.013454290603269073,0.3701498606979615,5.454805325258812e-05,0.0,0.0,0.0,1.3651819819046508e-05,omni
6.828145017652094,11.877600085201383,1.765,0.0,0.0,0.013454562761255744,0.3700668154764337,5.4489935873653055e-05,0.0,0.0,0.0,1.3607899333582996e-05,unicycle
6.835547329832946,11.877700773482708,1.765,0.0,0.0,0.0134548346292824,0.37014984321471733,5.431463018728721e-05,0.0,0.0,0.0,1.3593401332916561e-05,omni
6.8429479812472245,11.877801440269224,1.765,0.0,0.0,0.013455105622658163,0.3700667979570076,5.425676148778057e-05,0.0,0.0,0.0,1.3549668788133174e-05,unicycle
6.8503502930849045,11.877902127911883,1.765,0.0,0.0,0.013455376327314646,0.3701498256573984,5.408220595585081e-05,0.0,0.0,0.0,1.3535232824150342e-05,omni
6.857750944155589,11.878002794055181,1.765,0.0,0.0,0.013455646161062962,0.37006678037540275,5.402458487116181e-05,0.0,0.0,0.0,1.349168741581583e-05,unicycle
6.865153255649021,11.878103481061874,1.765,0.0,0.0,0.013455915707327402,0.37014980804792186,5.385077628326159e-05,0.0,0.0,0.0,1.3477313222119607e-05,omni
6.872553906375205,11.878204146564677,1.765,0.0,0.0,0.013456184386410363,0.3700667627500727,5.379340175350381e-05,0.0,0.0,0.0,1.3433954148031948e-05,unicycle
6.879956217523628,11.878304832938094,1.765,0.0,0.0,0.013456452779239562,0.37014979040181384,5.3620336913177666e-05,0.0,0.0,0.0,1.3419641459943686e-05,omni
6.887356867904667,11.878405497803112,1.765,0.0,0.0,0.013456720308598024,0.3700667450940715,5.356320788310365e-05,0.0,0.0,0.0,1.3376467923085797e-05,unicycle
6.8947591787075355,11.878506183545934,1.765,0.0,0.0,0.013456987552927574,0.3701497727300422,5.339088360760617e-05,0.0,0.0,0.0,1.3362216477518335e-05,omni
6.9021598287429695,11.87860684777587,1.765,0.0,0.0,0.013457253937481255,0.3700667274166081,5.333399902656836e-05,0.0,0.0,0.0,1.331922768392951e-05,unicycle
6.9095621391998945,11.87870753289077,1.765,0.0,0.0,0.013457520038225626,0.37014975504033426,5.316241214688516e-05,0.0,0.0,0.0,1.3305037218634647e-05,omni
6.91696278888939,11.878808196488315,1.765,0.0,0.0,0.01345778528287318,0.3700667097241625,5.310577096880699e-05,0.0,0.0,0.0,1.3262232377524478e-05,unicycle
6.924365099000091,11.878908880977955,1.765,0.0,0.0,0.013458050244925803,0.3701497373381207,5.293491832953288e-05,0.0,0.0,0.0,1.3248102631176347e-05,omni
6.931765748343411,11.879009543945791,1.765,0.0,0.0,0.013458314354544905,0.3700666920212834,5.2878519512925806e-05,0.0,0.0,0.0,1.3205480954969876e-05,unicycle
6.939168058107683,11.879110227812824,1.765,0.0,0.0,0.013458578182778264,0.3701497196272093,5.270839797230059e-05,0.0,0.0,0.0,1.319141166795505e-05,omni
6.946568707104651,11.879210890153622,1.765,0.0,0.0,0.013458841162225732,0.3700666743111563,5.26522404802203e-05,0.0,0.0,0.0,1.3148972373466077e-05,unicycle
6.953971016522343,11.879311573400688,1.765,0.0,0.0,0.013459103861491468,0.37014970191026336,5.2482846909975455e-05,0.0,0.0,0.0,1.3134963286781201e-05,omni
6.961371665172829,11.879412235117112,1.765,0.0,0.0,0.013459365715603322,0.370066656596007,5.24269297099357e-05,0.0,0.0,0.0,1.3092705592785462e-05,unicycle
6.968773974243826,11.87951291774684,1.765,0.0,0.0,0.0134596272907323,0.37014968418914207,5.225826099519093e-05,0.0,0.0,0.0,1.3078756448694728e-05,omni
6.9761746225477275,11.879613578841537,1.765,0.0,0.0,0.013459888024323867,0.37006663887738744,5.220258305914478e-05,0.0,0.0,0.0,1.3036679578400208e-05,unicycle
6.983576931271943,11.87971426085655,1.765,0.0,0.0,0.013460148480126286,0.37014966646514014,5.203463609837885e-05,0.0,0.0,0.0,1.3022790121002052e-05,omni
6.9909775792291855,11.879814921332159,1.765,0.0,0.0,0.013460408097992314,0.3700666211563772,5.197919640275201e-05,0.0,0.0,0.0,1.2980893301405972e-05,unicycle
6.998379887606549,11.879915602735066,1.765,0.0,0.0,0.013460667439257815,0.37014964873915734,5.18119681078088e-05,0.0,0.0,0.0,1.2967063275051858e-05,omni
7.005780535217067,11.880016262594216,1.765,0.0,0.0,0.013460925946172512,0.37006660343372594,5.1756765633414866e-05,0.0,0.0,0.0,1.2925345734877927e-05,unicycle
7.013182843247522,11.880116943387613,1.765,0.0,0.0,0.013461184177670216,0.3701496310118181,5.159025292930652e-05,0.0,0.0,0.0,1.2911574885154762e-05,omni
7.020583490511262,11.880217602632918,1.765,0.0,0.0,0.013461441578387365,0.37006658570995343,5.153528666127025e-05,0.0,0.0,0.0,1.2870035857605058e-05,unicycle
7.027985798194759,11.880318282819392,1.765,0.0,0.0,0.013461698704865991,0.3701496132835548,5.136948648611622e-05,0.0,0.0,0.0,1.2856323931340566e-05,omni
7.035386445111676,11.880418941453456,1.765,0.0,0.0,0.013461955004119041,0.3700665679854191,5.131475541392142e-05,0.0,0.0,0.0,1.2814962652418848e-05,unicycle
7.042788752448175,11.880519621035583,1.765,0.0,0.0,0.013462211030307003,0.3701495955546656,5.114966471899766e-05,0.0,0.0,0.0,1.2801309398141354e-05,omni
7.050189399018229,11.880620279061004,1.765,0.0,0.0,0.01346246623280917,0.37006655026037044,5.1095167836523445e-05,0.0,0.0,0.0,1.2760125108360273e-05,unicycle
7.057591706007688,11.880720958041348,1.765,0.0,0.0,0.013462721163414671,0.37014957782535657,5.0930783586226546e-05,0.0,0.0,0.0,1.274653027518235e-05,omni
7.064992352230842,11.880821615460707,1.765,0.0,0.0,0.013462975273859007,0.3700665325349788,5.087651989166767e-05,0.0,0.0,0.0,1.2705522216791797e-05,unicycle
7.07239465887323,11.880922293841824,1.765,0.0,0.0,0.013463229113570077,0.37014956009576944,5.071283906335224e-05,0.0,0.0,0.0,1.2691985553412434e-05,omni
7.0797953047494495,11.881022950657695,1.765,0.0,0.0,0.013463482136629488,0.3700665148093612,5.065880755919943e-05,0.0,0.0,0.0,1.2651152970533414e-05,unicycle
7.08719761104473,11.881123628442126,1.765,0.0,0.0,0.01346373489011406,0.37014954236600106,5.049582714318535e-05,0.0,0.0,0.0,1.2637674228631218e-05,omni
7.094598256573982,11.881224284657065,1.765,0.0,0.0,0.013463986830441508,0.37006649708359807,5.0442026836154266e-05,0.0,0.0,0.0,1.2597016372388544e-05,unicycle
7.102000562522124,11.88132496184734,1.765,0.0,0.0,0.013464238502347601,0.3701495246361183,5.0279743835552036e-05,0.0,0.0,0.0,1.2583595304629947e-05,omni
7.109401207704377,11.881425617463906,1.765,0.0,0.0,0.01346448936457614,0.37006647935774484,5.0226173736644405e-05,0.0,0.0,0.0,1.2543111426948446e-05,unicycle
7.116803513305353,11.88152629406255,1.765,0.0,0.0,0.013464739959531869,0.3701495069061669,5.00645851674949e-05,0.0,0.0,0.0,1.2529747786426442e-05,omni
7.124204158140578,11.881626949083277,1.765,0.0,0.0,0.013464989748274727,0.3700664616318391,5.001124429193416e-05,0.0,0.0,0.0,1.2489437142914549e-05,unicycle
7.131606463394354,11.881727625092797,1.765,0.0,0.0,0.013465239270888406,0.3701494891761776,4.985034718296437e-05,0.0,0.0,0.0,1.247613068408636e-05,omni
7.139007107882519,11.881828279520214,1.765,0.0,0.0,0.013465487990739083,0.37006644390590626,4.979723455015527e-05,0.0,0.0,0.0,1.2435992533719284e-05,unicycle
7.146409412789068,11.881928954943115,1.765,0.0,0.0,0.01346573644559933,0.3701494714461716,4.9637025942804226e-05,0.0,0.0,0.0,1.2422743012309125e-05,omni
7.153810056930144,11.88202960877974,1.765,0.0,0.0,0.01346598410113168,0.37006642617996377,4.9584140576393454e-05,0.0,0.0,0.0,1.2382776617454268e-05,unicycle
7.161212361489436,11.88213028361851,1.765,0.0,0.0,0.013466231492807465,0.3701494537161633,4.942461752483022e-05,0.0,0.0,0.0,1.2369583789406256e-05,omni
7.168613005283394,11.88223093686685,1.765,0.0,0.0,0.01346647808857575,0.37006640845402367,4.9371958452591346e-05,0.0,0.0,0.0,1.2329788414180963e-05,unicycle
7.1760153094954,11.882331611123965,1.765,0.0,0.0,0.013466724421616486,0.37014943598616246,4.921311802346731e-05,0.0,0.0,0.0,1.2316652036743002e-05,omni
7.183415952942212,11.882432263786518,1.765,0.0,0.0,0.01346696996215548,0.3700663907280937,4.9160684277292344e-05,0.0,0.0,0.0,1.2277026949668164e-05,unicycle
7.190818256806904,11.882532937464445,1.765,0.0,0.0,0.013467215241091113,0.3701494182561753,4.9002523549819515e-05,0.0,0.0,0.0,1.2263946781739996e-05,omni
7.198218899906539,11.882633589543692,1.765,0.0,0.0,0.013467459730916207,0.37006637300217904,4.895031416576426e-05,0.0,0.0,0.0,1.2224491254649857e-05,unicycle
7.205621203423888,11.88273426264489,1.765,0.0,0.0,0.013467703960257323,0.37014940052620615,4.8792830231678785e-05,0.0,0.0,0.0,1.2211467055776506e-05,omni
7.2130218461763205,11.882834914143311,1.765,0.0,0.0,0.01346794740386458,0.3700663552762832,4.874084424998352e-05,0.0,0.0,0.0,1.2172180362912591e-05,unicycle
7.220424149346298,11.882935586670227,1.765,0.0,0.0,0.01346819058810246,0.3701493827962579,4.8584034213540666e-05,0.0,0.0,0.0,1.2159211894089653e-05,omni
7.227824791751498,11.883036237590284,1.765,0.0,0.0,0.013468432989968736,0.3700663375504086,4.8532270678559904e-05,0.0,0.0,0.0,1.2120093313876707e-05,unicycle
7.2352270945740775,11.883136909545355,1.765,0.0,0.0,0.013468675133575456,0.37014936506633234,4.8376131656370226e-05,0.0,0.0,0.0,1.2107180336076195e-05,omni
7.2426277366320155,11.883237559889503,1.765,0.0,0.0,0.01346891649815841,0.3700663198245565,4.8324589616483655e-05,0.0,0.0,0.0,1.206822914776062e-05,unicycle
7.250030039107169,11.883338231275154,1.765,0.0,0.0,0.013469157605586878,0.3701493473364306,4.816911873741697e-05,0.0,0.0,0.0,1.2055371423585102e-05,omni
7.257430680817818,11.883438881045835,1.765,0.0,0.0,0.013469397937325114,0.37006630209872793,4.8117797245046876e-05,0.0,0.0,0.0,1.20165869118099e-05,unicycle
7.264832982945516,11.883539551864482,1.765,0.0,0.0,0.013469638013009213,0.3701493296065534,4.7962991650259716e-05,0.0,0.0,0.0,1.2003784205087918e-05,omni
7.272233624308848,11.88364020106413,1.765,0.0,0.0,0.013469877316322345,0.37006628437292344,4.791188976191594e-05,0.0,0.0,0.0,1.196516565647793e-05,unicycle
7.279635926089064,11.883740871318176,1.765,0.0,0.0,0.013470116364676973,0.3701493118767012,4.775774660484647e-05,0.0,0.0,0.0,1.1952417731386637e-05,omni
7.2870365671050505,11.883841519949213,1.765,0.0,0.0,0.013470354643965678,0.37006626664714326,4.7706863381035184e-05,0.0,0.0,0.0,1.1913964435253663e-05,unicycle
7.294438868537757,11.883942189641056,1.765,0.0,0.0,0.013470592669386838,0.37014929414687403,4.755337982720823e-05,0.0,0.0,0.0,1.190127105789664e-05,omni
7.3018395092063715,11.884042837705893,1.765,0.0,0.0,0.013470829929033003,0.3700662489213876,4.750271433252476e-05,0.0,0.0,0.0,1.1862982308228864e-05,unicycle
7.3092418102915415,11.884143506837917,1.765,0.0,0.0,0.0134710669358979,0.37014927641707224,4.734988755975585e-05,0.0,0.0,0.0,1.1850343244850496e-05,omni
7.316642450612755,11.884244154338957,1.765,0.0,0.0,0.013471303180264627,0.3700662311956567,4.7299438862795824e-05,0.0,0.0,0.0,1.1812218336339322e-05,unicycle
7.3240447513503595,11.884344822913535,1.765,0.0,0.0,0.013471539172931729,0.3701492586872959,4.714726606087324e-05,0.0,0.0,0.0,1.1799633355099186e-05,omni
7.331445391324144,11.884445469853171,1.765,0.0,0.0,0.013471774406363492,0.3700662134699504,4.709703323418742e-05,0.0,0.0,0.0,1.1761671588268961e-05,unicycle
7.3388476917141565,11.88454613787267,1.765,0.0,0.0,0.01347200938917265,0.3701492409575448,4.6945511604938744e-05,0.0,0.0,0.0,1.1749140457906508e-05,omni
7.346248331340487,11.884646784253283,1.765,0.0,0.0,0.013472243615995328,0.37006619574426863,4.689549372499894e-05,0.0,0.0,0.0,1.1711341133930088e-05,unicycle
7.35365063138288,11.884747451720056,1.765,0.0,0.0,0.013472477593267806,0.37014922322781885,4.674462048214193e-05,0.0,0.0,0.0,1.16988636239006e-05,omni
7.361051270661727,11.884848097544015,1.765,0.0,0.0,0.013472710817788766,0.37006617801861125,4.66948166293586e-05,0.0,0.0,0.0,1.1661226047940597e-05,unicycle
7.368453570356475,11.884948764460407,1.765,0.0,0.0,0.013472943793827344,0.3701492054981177,4.654458899856276e-05,0.0,0.0,0.0,1.1648801928867936e-05,omni
7.3758542092878105,11.885049409730074,1.765,0.0,0.0,0.013473176020335516,0.3700661602929777,4.649499825727773e-05,0.0,0.0,0.0,1.1611325408735048e-05,unicycle
7.383256508634885,11.885150076098418,1.765,0.0,0.0,0.013473407999424543,0.37014918776844097,4.634541347605974e-05,0.0,0.0,0.0,1.1598954451351163e-05,omni
7.390657147218683,11.885250720816144,1.765,0.0,0.0,0.013473639232190476,0.3700661425673678,4.6296034934566225e-05,0.0,0.0,0.0,1.1561638296671349e-05,unicycle
7.398059446218057,11.885351386638764,1.765,0.0,0.0,0.013473870218595953,0.37014917003878867,4.6147090252328374e-05,0.0,0.0,0.0,1.1549320273732637e-05,omni
7.40546008445429,11.88545203080689,1.765,0.0,0.0,0.01347410046187194,0.3700661248417818,4.609792300281973e-05,0.0,0.0,0.0,1.1512163799391569e-05,unicycle
7.412862383105938,11.885552696086103,1.765,0.0,0.0,0.013474330459841644,0.3701491523091607,4.594961568069195e-05,0.0,0.0,0.0,1.14998984852741e-05,omni
7.420263020994579,11.88565333970696,1.765,0.0,0.0,0.01347455971786182,0.3700661071162193,4.5900658819248204e-05,0.0,0.0,0.0,1.146290100868511e-05,unicycle
7.427665319298473,11.885754004445067,1.765,0.0,0.0,0.013474788731625376,0.3701491345795569,4.575298613010778e-05,0.0,0.0,0.0,1.1450688177807231e-05,omni
7.4350659568394954,11.885854647520976,1.765,0.0,0.0,0.013475017008605738,0.37006608939068025,4.570423875663592e-05,0.0,0.0,0.0,1.1413849018123428e-05,unicycle
7.442468254795609,11.885955311720272,1.765,0.0,0.0,0.013475245042374661,0.37014911684997714,4.555719798494868e-05,0.0,0.0,0.0,1.1401688446086873e-05,omni
7.449868891988986,11.886055954253543,1.765,0.0,0.0,0.01347547234251319,0.37006607166516453,4.550865920322926e-05,0.0,0.0,0.0,1.1365006926426555e-05,unicycle
7.457271189597293,11.886156617916313,1.765,0.0,0.0,0.01347569940048099,0.3701490991204211,4.536224764516277e-05,0.0,0.0,0.0,1.1352898390120433e-05,omni
7.464671826442997,11.88625725990925,1.765,0.0,0.0,0.013475925727957718,0.3700660539396716,4.5313916562853994e-05,0.0,0.0,0.0,1.1316373836362565e-05,unicycle
7.472074124166834,11.886357923044015,1.765,0.0,0.0,0.013476151814285058,0.37014910456115485,4.516813152616056e-05,0.0,0.0,0.0,1.1304316367081423e-05,omni
7.479474762149771,11.886458564518952,1.765,0.0,0.0,0.013476377173224256,0.3700661104675367,4.5120008884279334e-05,0.0,0.0,0.0,1.1267946959864172e-05,unicycle
7.4868770619394365,11.886559227154345,1.765,0.0,0.0,0.013476602292031346,0.3701492075270362,4.4974850194478966e-05,0.0,0.0,0.0,1.1255940354576057e-05,omni
7.494277702553198,11.886659868133776,1.765,0.0,0.0,0.01347682668655444,0.37006624168329344,4.4926935070055236e-05,0.0,0.0,0.0,1.1219726154831993e-05,unicycle
7.501680005271912,11.886760530283738,1.765,0.0,0.0,0.013477050841969014,0.3701493536592158,4.47823984682472e-05,0.0,0.0,0.0,1.1207770728630038e-05,omni
7.509080648921536,11.886861170775424,1.765,0.0,0.0,0.013477274276198159,0.3700663931540146,4.473468882130722e-05,0.0,0.0,0.0,1.1171711457147551e-05,unicycle
7.5164829546479535,11.886961832443273,1.765,0.0,0.0,0.013477497472343433,0.3701495037258538,4.459077081987185e-05,0.0,0.0,0.0,1.1159807263844978e-05,omni
7.523883601185877,11.887062472447488,1.765,0.0,0.0,0.013477719950392339,0.3700665372473182,4.454326519576123e-05,0.0,0.0,0.0,1.1123902445211856e-05,unicycle
7.531285909621686,11.887163133631434,1.765,0.0,0.0,0.013477942191380128,0.37014963887684504,4.439996276020377e-05,0.0,0.0,0.0,1.111204938937399e-05,omni
7.538686558655116,11.887263773145124,1.765,0.0,0.0,0.013478163717348904,0.37006666170048075,4.435266003959529e-05,0.0,0.0,0.0,1.1076298438816083e-05,unicycle
7.546088869354462,11.887364433841372,1.765,0.0,0.0,0.013478385007275766,0.3701497517344062,4.4209970392866874e-05,0.0,0.0,0.0,1.1064496343121237e-05,omni
7.553489520414479,11.887465072860442,1.765,0.0,0.0,0.013478605585248136,0.37006676270689526,4.4162869639603535e-05,0.0,0.0,0.0,1.1028898618481684e-05,unicycle
7.560891832906645,11.887565733064843,1.765,0.0,0.0,0.0134788259281934,0.37014984105521764,4.402079014437116e-05,0.0,0.0,0.0,1.1017147263161776e-05,omni
7.56829248553537,11.88766637158534,1.765,0.0,0.0,0.013479045562235295,0.37006684081857616,4.3973890515433116e-05,0.0,0.0,0.0,1.0981702094606483e-05,unicycle
7.57569479938497,11.887767031294219,1.765,0.0,0.0,0.01347926496226006,0.3701499086062084,4.383241860569203e-05,0.0,0.0,0.0,1.0970001238188656e-05,omni
7.583095453175467,11.887867669312866,1.765,0.0,0.0,0.013479483656418906,0.3700668985829313,4.37857192998702e-05,0.0,0.0,0.0,1.0934707942383553e-05,unicycle
7.590497768007247,11.887968328523352,1.765,0.0,0.0,0.013479702117565665,0.37014995739394924,4.364485244279562e-05,0.0,0.0,0.0,1.092305733794088e-05,omni
7.597898422617207,11.888068966037737,1.765,0.0,0.0,0.01347991987587036,0.3700669392315748,4.3598352672791136e-05,0.0,0.0,0.0,1.0887915234593082e-05,unicycle
7.605300738121691,11.888169624747833,1.765,0.0,0.0,0.013480137402163096,0.37014999070778615,4.3458088348640994e-05,0.0,0.0,0.0,1.0876314636766999e-05,omni
7.612701393273409,11.888270261756409,1.765,0.0,0.0,0.013480354228624083,0.3700669659950995,4.3411787327093896e-05,0.0,0.0,0.0,1.0841323049426934e-05,unicycle
7.620103709202987,11.888370919964952,1.765,0.0,0.0,0.013480570824068384,0.3701500116414185,4.327212301978384e-05,0.0,0.0,0.0,1.0829772214891765e-05,omni
7.627504364676905,11.888471556466948,1.765,0.0,0.0,0.013480786722677805,0.3700669817808081,4.322601995334788e-05,0.0,0.0,0.0,1.0794930471163265e-05,unicycle
7.634906680837818,11.888572214173488,1.765,0.0,0.0,0.013481002391261024,0.37015002288737137,4.308695314702747e-05,0.0,0.0,0.0,1.0783429160961898e-05,omni
7.6423073364636585,11.888672850168787,1.765,0.0,0.0,0.013481217365992943,0.37006698905340296,4.3041047234617635e-05,0.0,0.0,0.0,1.0748736595945947e-05,unicycle
7.649709652706835,11.888773507373473,1.765,0.0,0.0,0.013481432111684486,0.3701500266803886,4.290257541306652e-05,0.0,0.0,0.0,1.0737284577166483e-05,omni
7.657110308354528,11.888874142862496,1.765,0.0,0.0,0.013481646166495167,0.3700669898230808,4.285686584652647e-05,0.0,0.0,0.0,1.0702740533914685e-05,unicycle
7.664512624566815,11.888974799565952,1.765,0.0,0.0,0.013481859993246722,0.37015002481654524,4.271898649457489e-05,0.0,0.0,0.0,1.069133757786389e-05,omni
7.671913280138194,11.88907543454954,1.765,0.0,0.0,0.013482073132074807,0.3700669856853479,4.267347246013844e-05,0.0,0.0,0.0,1.0656941404245486e-05,unicycle
7.679315596234642,11.889176090752755,1.765,0.0,0.0,0.013482286043820537,0.3701500187060722,4.253618306507689e-05,0.0,0.0,0.0,1.064558728645483e-05,omni
7.686716251656359,11.889276725232074,1.765,0.0,0.0,0.013482498270587279,0.370066977881189,4.249086374504178e-05,0.0,0.0,0.0,1.06113383370295e-05,unicycle
7.6941185675737715,11.889377380936336,1.765,0.0,0.0,0.013482710271244036,0.3701500094367623,4.235416179835353e-05,0.0,0.0,0.0,1.0600032837899589e-05,omni
7.701519222791483,11.889478014912802,1.765,0.0,0.0,0.01348292158985351,0.37006696736079725,4.230903637287142e-05,0.0,0.0,0.0,1.0565930473737096e-05,unicycle
7.708921538483209,11.889578670119603,1.765,0.0,0.0,0.013483132683321046,0.37014999783601865,4.217291937193662e-05,0.0,0.0,0.0,1.055467337682189e-05,omni
7.716322193456938,11.889679303594814,1.765,0.0,0.0,0.013483343097660305,0.37006695484261504,4.212798702037145e-05,0.0,0.0,0.0,1.0520716962932138e-05,unicycle
7.723724508888772,11.889779958305807,1.765,0.0,0.0,0.013483553287821396,0.37014998452606585,4.199245246951201e-05,0.0,0.0,0.0,1.0509508054510436e-05,omni
7.731125163589289,11.889880591281502,1.765,0.0,0.0,0.013483762801760609,0.37006694086426667,4.1947712371606904e-05,0.0,0.0,0.0,1.0475696960714131e-05,unicycle
7.738527478736294,11.889981245498456,1.765,0.0,0.0,0.013483972092481197,0.370149969970426,4.181275778322747e-05,0.0,0.0,0.0,1.0464536029385677e-05,omni
7.7459281331423515,11.890081877976467,1.765,0.0,0.0,0.013484180709873778,0.37006692582458806,4.176820912001609e-05,0.0,0.0,0.0,1.0430869629139822e-05,unicycle
7.753330447986441,11.890182531701234,1.765,0.0,0.0,0.013484389105003085,0.3701499545116414,4.1633832015285565e-05,0.0,0.0,0.0,1.0419756465476142e-05,omni
7.760731102082662,11.890283163683465,1.765,0.0,0.0,0.013484596829685804,0.3700669100172679,4.158947396980756e-05,0.0,0.0,0.0,1.0386234136026568e-05,unicycle
7.768133416610778,11.890383816917957,1.765,0.0,0.0,0.013484804333056457,0.37014993840111093,4.1455671879311744e-05,0.0,0.0,0.0,1.0375168532680299e-05,omni
7.775534070386083,11.890484448406365,1.765,0.0,0.0,0.013485011168849561,0.3700668936571816,4.141150363712582e-05,0.0,0.0,0.0,1.0341789655117196e-05,unicycle
7.782936384588834,11.890585101152535,1.765,0.0,0.0,0.013485217784277687,0.37014992182223355,4.127827410122133e-05,0.0,0.0,0.0,1.0330771406390338e-05,omni
7.790337038035269,11.890685732149102,1.765,0.0,0.0,0.013485423734984988,0.3700668769006547,4.123429485074289e-05,0.0,0.0,0.0,1.0297535364929712e-05,unicycle
7.797739351905926,11.89078638440893,1.765,0.0,0.0,0.013485629466270306,0.37014990490809135,4.1101635419819055e-05,0.0,0.0,0.0,1.0286564265843729e-05,omni
7.805140005017802,11.890887014915668,1.765,0.0,0.0,0.013485834535679243,0.3700668598608475,4.1057844352604345e-05,0.0,0.0,0.0,1.0253470446815083e-05,unicycle
7.812542318551556,11.890987666691151,1.765,0.0,0.0,0.013486039386605132,0.3701498877547963,4.092575258731624e-05,0.0,0.0,0.0,1.0242546294447556e-05,omni
7.819942971324813,11.891088296710082,1.765,0.0,0.0,0.01348624357848691,0.3700668426193049,4.088214889808594e-05,0.0,0.0,0.0,1.0209594088952102e-05,unicycle
7.827345284518241,11.891188948003226,1.765,0.0,0.0,0.013486447552820548,0.3701498704314639,4.0750622369202454e-05,0.0,0.0,0.0,1.0198716681862486e-05,omni
7.83474593694999,11.891289577536375,1.765,0.0,0.0,0.013486650870930218,0.3700668252345503,4.070720525596815e-05,0.0,0.0,0.0,1.0165905483257717e-05,unicycle
7.842148249800657,11.89139022834919,1.765,0.0,0.0,0.013486853972422622,0.37014985298760245,4.057624154461161e-05,0.0,0.0,0.0,1.0155074620332927e-05,omni
7.849548901888848,11.891490857398589,1.765,0.0,0.0,0.0134870564204991,0.37006680774842854,4.053301020883412e-05,0.0,0.0,0.0,1.012240382396568e-05,unicycle
7.856951214395025,11.891591507733086,1.765,0.0,0.0,0.013487258652885204,0.3701498354585493,4.040260690653055e-05,0.0,0.0,0.0,1.011161930535843e-05,omni
7.8643518661382,11.891692136300765,1.765,0.0,0.0,0.01348746023465141,0.37006679019075667,4.035956055308817e-05,0.0,0.0,0.0,1.0079088310161412e-05,unicycle
7.871754178298662,11.891792786158955,1.765,0.0,0.0,0.013487661601650167,0.37014981786944345,4.022971526163933e-05,0.0,0.0,0.0,1.006834993798933e-05,omni
7.87915482969579,11.891893414246942,1.765,0.0,0.0,0.013487862320813098,0.3700667725827135,4.0186853098898704e-05,0.0,0.0,0.0,1.0035958146573361e-05,unicycle
7.88655714150967,11.89199406363083,1.765,0.0,0.0,0.013488062826127573,0.37014980023811433,4.005756343052015e-05,0.0,0.0,0.0,1.002526572357623e-05,omni
7.893957792560019,11.892094691241146,1.765,0.0,0.0,0.013488262686378375,0.3700667549392979,4.001488467024899e-05,0.0,0.0,0.0,9.993012540089375e-06,unicycle
7.9013601040267,11.892195340152734,1.765,0.0,0.0,0.01348846233369575,0.37014978257717074,3.988614824730323e-05,0.0,0.0,0.0,9.98236586881628e-06,omni
7.908760754729751,11.892295967287394,1.765,0.0,0.0,0.013488661338709728,0.37006673727110234,3.9843652104677126e-05,0.0,0.0,0.0,9.950250698981207e-06,unicycle
7.916163065848791,11.892396615728675,1.765,0.0,0.0,0.013488860131701398,0.3701497648955055,3.971546655979779e-05,0.0,0.0,0.0,9.939649583509176e-06,omni
7.923563716204172,11.892497242389691,1.765,0.0,0.0,0.013489058285138144,0.370066719585588,3.9673152253449104e-05,0.0,0.0,0.0,9.907671837238963e-06,unicycle
7.93096602697526,11.892597890362653,1.765,0.0,0.0,0.013489256227459804,0.3701497471993746,3.954551522949274e-05,0.0,0.0,0.0,9.897116083078517e-06,omni
7.938366676982706,11.892698516552025,1.765,0.0,0.0,0.013489453532963257,0.3700667018879973,3.950338198141077e-05,0.0,0.0,0.0,9.865275172728736e-06,unicycle
7.945768987405617,11.89279916405865,1.765,0.0,0.0,0.013489650628254963,0.3701497294931686,3.937629113128416e-05,0.0,0.0,0.0,9.854764585262705e-06,omni
7.953169637064936,11.892899789778374,1.765,0.0,0.0,0.013489847089453447,0.370066684182005,3.933433816680644e-05,0.0,0.0,0.0,9.823059924274055e-06,unicycle
7.960571947139507,11.89300043682063,1.765,0.0,0.0,0.013490043341339629,0.3701497117799615,3.920779115351051e-05,0.0,0.0,0.0,9.81259430906118e-06,omni
7.96797259645056,11.893101062072693,1.765,0.0,0.0,0.013490238961845894,0.37006666647018116,3.916601770131985e-05,0.0,0.0,0.0,9.78102531324423e-06,unicycle
7.97537490617667,11.89320170865255,1.765,0.0,0.0,0.013490434373935467,0.3701496940619006,3.904001219787097e-05,0.0,0.0,0.0,9.770604478624898e-06,omni
7.98277555513935,11.893302333438934,1.765,0.0,0.0,0.013490629157346853,0.37006664875431905,3.899841749005195e-05,0.0,0.0,0.0,9.739170569381525e-06,unicycle
7.990177864516907,11.893402979558344,1.765,0.0,0.0,0.013490823733233338,0.3701496763404828,3.887295117956944e-05,0.0,0.0,0.0,9.72879432418759e-06,omni
7.997578513131136,11.893503603881019,1.765,0.0,0.0,0.013491017683131799,0.3700666310356676,3.8831534451408566e-05,0.0,0.0,0.0,9.697494923010236e-06,unicycle
8.00498082216007,11.893604249541934,1.765,0.0,0.0,0.01349121142639332,0.37014965861674975,3.870660502670668e-05,0.0,0.0,0.0,9.687163076087304e-06,omni
8.012381470425783,11.893704873402857,1.765,0.0,0.0,0.013491404546345464,0.37006661331509483,3.866536551675874e-05,0.0,0.0,0.0,9.655997607149978e-06,unicycle
8.019783779106042,11.893805518607216,1.765,0.0,0.0,0.01349159746054483,0.3701496408914242,3.854097068065008e-05,0.0,0.0,0.0,9.645709968345558e-06,omni
8.027184427023192,11.89390614200835,1.765,0.0,0.0,0.013491789754101998,0.3700665955932025,3.8499907630803955e-05,0.0,0.0,0.0,9.614677858446645e-06,unicycle
8.034586735354727,11.894006786758085,1.765,0.0,0.0,0.013491981842786785,0.3701496231650071,3.837604509597034e-05,0.0,0.0,0.0,9.604434239286171e-06,omni
8.041987382923272,11.894107409701371,1.765,0.0,0.0,0.013492173313485163,0.37006657787040736,3.8335157751332686e-05,0.0,0.0,0.0,9.573534918909977e-06,unicycle
8.049389690906047,11.89420805399841,1.765,0.0,0.0,0.01349236458018779,0.3701496054378449,3.821182524017779e-05,0.0,0.0,0.0,9.563335131427597e-06,omni
8.05679033812595,11.894308676485787,1.765,0.0,0.0,0.013492555231548437,0.3700665601469973,3.8171112849091235e-05,0.0,0.0,0.0,9.532568032284935e-06,unicycle
8.06419264575993,11.894409320332041,1.765,0.0,0.0,0.013492745679786197,0.3701495877101767,3.804830809381207e-05,0.0,0.0,0.0,9.522411888108545e-06,omni
8.071593292631162,11.894509942365438,1.765,0.0,0.0,0.013492935515315062,0.3700665424231707,3.8007769907795006e-05,0.0,0.0,0.0,9.491776443211274e-06,unicycle
8.07899559991632,11.894610585762816,1.765,0.0,0.0,0.013493125148590183,0.3701495699821669,3.788549065020012e-05,0.0,0.0,0.0,9.481663755996008e-06,omni
8.086396246438849,11.894711207344155,1.765,0.0,0.0,0.01349331417177825,0.37006652469906404,3.784512592402795e-05,0.0,0.0,0.0,9.451159403351533e-06,unicycle
8.093798553375153,11.894811850294559,1.765,0.0,0.0,0.013493502993577985,0.370149552253929,3.7723369915727245e-05,0.0,0.0,0.0,9.441089986767071e-06,omni
8.101199199548951,11.894912471425755,1.765,0.0,0.0,0.013493691207901266,0.3700665069747712,3.7683177907425525e-05,0.0,0.0,0.0,9.410716164022926e-06,unicycle
8.10860150613638,11.895013113931075,1.765,0.0,0.0,0.013493879221697926,0.37014953452554056,3.756194290965888e-05,0.0,0.0,0.0,9.400689833123331e-06,omni
8.116002151961423,11.895113734614029,1.765,0.0,0.0,0.013494066630617581,0.37006648925035673,3.7521922880363976e-05,0.0,0.0,0.0,9.370445982915135e-06,unicycle
8.123404458199948,11.895214376676147,1.765,0.0,0.0,0.013494253839868665,0.3701495167970549,3.7401206663845044e-05,0.0,0.0,0.0,9.360462554318278e-06,omni
8.130805103676215,11.895314996912763,1.765,0.0,0.0,0.013494440446831093,0.37006647152586425,3.7361357877850344e-05,0.0,0.0,0.0,9.330348121287816e-06,unicycle
8.138207409565814,11.895415638533557,1.765,0.0,0.0,0.013494626854979312,0.37014949906850797,3.724115822288787e-05,0.0,0.0,0.0,9.3204074108382e-06,omni
8.145608054693277,11.895516258325715,1.765,0.0,0.0,0.013494812663416109,0.37006645380132375,3.7201479947624576e-05,0.0,0.0,0.0,9.290421839830219e-06,unicycle
8.153010360233926,11.895616899507052,1.765,0.0,0.0,0.013494998273889397,0.3701494813399248,3.7081794643974354e-05,0.0,0.0,0.0,9.280523664388336e-06,omni
8.160411005012564,11.895717518856637,1.765,0.0,0.0,0.013495183287217485,0.3700664360767558,3.704228615006309e-05,0.0,0.0,0.0,9.2506664042955e-06,unicycle
8.167813310204242,11.895818159600376,1.765,0.0,0.0,0.013495368103429113,0.3701494636113221,3.692311299705259e-05,0.0,0.0,0.0,9.240810581421574e-06,omni
8.175213954634028,11.895918778509262,1.765,0.0,0.0,0.013495552325050762,0.37006641835217396,3.688377355828469e-05,0.0,0.0,0.0,9.211081082354092e-06,unicycle
8.182616106467357,11.896019416657637,1.765,0.0,0.0,0.013495710812717283,0.37014179465410857,3.6765110364663796e-05,0.0,0.0,0.0,7.924383326035861e-06,omni
8.190013972232967,11.896117573662153,1.765,0.0,0.0,0.013495829430992173,0.369925836592543,-8.44399678662336e-05,0.0,0.0,0.0,5.930913744511901e-06,unicycle
8.197402744216859,11.896211874301297,1.765,0.0,0.0,0.013494675049387325,0.36946858690200673,-0.000270913143019531,0.0,0.0,0.0,-5.771908024238473e-05,omni
8.20476980452308,11.89629642748055,1.765,0.0,0.0,0.013491586475985268,0.3683765264259792,-0.0007428104714201857,0.0,0.0,0.0,-0.00015442867010280364,unicycle
8.212106332859541,11.896368290500686,1.765,0.0,0.0,0.013484675613089376,0.3668415124456755,-0.0013548285953299867,0.0,0.0,0.0,-0.00034554314479441156,unicycle
8.219440090238193,11.896432449930028,1.765,0.0,0.0,0.013469759506171537,0.36669780091297727,-0.0017341024515193525,0.0,0.0,0.0,-0.0007458053458922387,unicycle
8.226784677199447,11.896492435348057,1.765,0.0,0.0,0.013442823835849242,0.3672364589847633,-0.0019423967261792095,0.0,0.0,0.0,-0.0013467835161145845,unicycle
8.234055993101485,11.896549326789598,1.765,0.0,0.0,0.013356455216885827,0.3635712716220797,-0.0020271881070556465,0.0,0.0,0.0,-0.004318430948170713,unicycle
8.241118660720144,11.896602375659157,1.765,0.0,0.0,0.013132579335459232,0.3531375385885149,-0.0020247335907978307,0.0,0.0,0.0,-0.01119379407132991,unicycle
8.24788606754799,11.89665055730072,1.765,0.0,0.0,0.012706051258640376,0.33837322869699615,-0.0019625105037317393,0.0,0.0,0.0,-0.02132640384094293,unicycle
8.254307637386813,11.896692732697032,1.765,0.0,0.0,0.012022247055649091,0.32108002900436333,-0.001861152624251528,0.0,0.0,0.0,-0.03419021014956464,unicycle
8.260359021866165,11.89672777926164,1.765,0.0,0.0,0.011035430292880103,0.3025693304679561,-0.0017359827912509305,0.0,0.0,0.0,-0.049340838138449944,unicycle
8.266034588098469,11.89675467951341,1.765,0.0,0.0,0.009707633528343565,0.28377701936084243,-0.0015982229173374177,0.0,0.0,0.0,-0.06638983822682759,unicycle
8.27134170599604,11.896772569797857,1.765,0.0,0.0,0.008007866985694003,0.265353440293584,-0.0014559465545917502,0.0,0.0,0.0,-0.08498832713247902,unicycle
8.276296440898909,11.896780756634877,1.765,0.0,0.0,0.005911521597699276,0.24773363954657324,-0.0013148263954022037,0.0,0.0,0.0,-0.10481726939973737,unicycle
8.280920338974155,11.89677870964212,1.765,0.0,0.0,0.0033998758558612804,0.231191982391756,-0.001178718768991568,0.0,0.0,0.0,-0.12558228709190108,unicycle
8.285238058298473,11.896766039414343,1.765,0.0,0.0,0.0004596480887061545,0.21588441947575335,-0.001050118856843665,0.0,0.0,0.0,-0.14701138835775784,unicycle
8.289275650819544,11.896742467352619,1.765,0.0,0.0,-0.002917440214348593,0.20188101792934207,-0.0009305136232817928,0.0,0.0,0.0,-0.16885441515273913,unicycle
8.293059342087563,11.896707792819335,1.765,0.0,0.0,-0.006735107148596634,0.18919084237257122,-0.000820654036245579,0.0,0.0,0.0,-0.1908833467124041,unicycle
8.296614688837959,11.896661861441702,1.765,0.0,0.0,-0.010992964513600826,0.17778084477124217,-0.000720763789813697,0.0,0.0,0.0,-0.21289286825021198,unicycle
8.299966020869093,11.8966045370359,1.765,0.0,0.0,-0.015686981111184006,0.1675900801578304,-0.0006306982324706396,0.0,0.0,0.0,-0.23470082987916147,unicycle
8.30313609454851,11.896535678527465,1.765,0.0,0.0,-0.020809948805355794,0.1585402913127721,-0.0005500643895381644,0.0,0.0,0.0,-0.2561483847085925,unicycle
8.306145901789986,11.896455122405062,1.765,0.0,0.0,-0.02635194308632748,0.15054368643369473,-0.0004783107114235885,0.0,0.0,0.0,-0.2770997140485876,unicycle
8.309014591350158,11.896362670642768,1.765,0.0,0.0,-0.03230076966701751,0.1435085589227681,-0.00041479337333323563,0.0,0.0,0.0,-0.29744132903450554,unicycle
8.311759469506637,11.896258083626906,1.765,0.0,0.0,-0.03864238945377275,0.13734325905123276,-0.00035882450927439885,0.0,0.0,0.0,-0.3170809893377663,unicycle
8.314396055168734,11.896141077388691,1.765,0.0,0.0,-0.04536131561644692,0.13195891642371482,-0.0003097066125891382,0.0,0.0,0.0,-0.33594630813371373,unicycle
8.31693817069558,11.896011324336191,1.765,0.0,0.0,-0.052440978106333865,0.1272712242144312,-0.0002667564195363026,0.0,0.0,0.0,-0.3539831244943525,unicycle
8.319398054521969,11.895868456663457,1.765,0.0,0.0,-0.05986405260911778,0.12320152652407208,-0.00022932086517722723,0.0,0.0,0.0,-0.37115372513920203,unicycle
8.321786485414393,11.895712071661949,1.765,0.0,0.0,-0.06761275243262203,0.119677395235185,-0.0001967871245735383,0.0,0.0,0.0,-0.38743499117521885,unicycle
8.324112911033765,11.895541738245292,1.765,0.0,0.0,-0.07566908313690267,0.11663283946660531,-0.00016858829686871928,0.0,0.0,0.0,-0.4028165352140386,unicycle
8.326385575654973,11.895357004104309,1.765,0.0,0.0,-0.08401506078302463,0.11400825676488502,-0.0001442059308696092,0.0,0.0,0.0,-0.4172988823061059,unicycle
8.328611643535984,11.895157403021281,1.765,0.0,0.0,-0.09263289550275061,0.11175020861250502,-0.00012317030869781829,0.0,0.0,0.0,-0.43089173598630864,unicycle
8.330797315658963,11.894942461981284,1.765,0.0,0.0,-0.10150514268943972,0.1098110821472737,-0.00010505918322012211,0.0,0.0,0.0,-0.44361235933446547,unicycle
8.332947938476133,11.894711707817596,1.765,0.0,0.0,-0.1106148245064997,0.10814868394856804,-8.949549267668865e-05,0.0,0.0,0.0,-0.4554840908530119,unicycle
8.335068103957738,11.89446467321472,1.765,0.0,0.0,-0.11994552463446154,0.10672579937401364,-7.614444210191466e-05,0.0,0.0,0.0,-0.4665350063981034,unicycle
8.337161740715862,11.89420090196474,1.765,0.0,0.0,-0.12948145926281232,0.10550974144304379,-6.471023769382993e-05,0.0,0.0,0.0,-0.4767967314175513,unicycle
8.339232196311515,11.893919953430707,1.765,0.0,0.0,-0.1392075273082953,0.10447190603904456,-5.4932680783279104e-05,0.0,0.0,0.0,-0.48630340227416363,unicycle
8.341282311078063,11.893621406215416,1.765,0.0,0.0,-0.14910934273468884,0.10358734474487406,-4.6583767342912245e-05,0.0,0.0,0.0,-0.49509077131969115,unicycle
8.34331448393938,11.89330486106671,1.765,0.0,0.0,-0.1591732516837265,0.10283436254533079,-3.9464392970611543e-05,0.0,0.0,0.0,-0.5031954474518994,unicycle
8.345330730786811,11.89296994307307,1.765,0.0,0.0,-0.16938633692262495,0.10219414461455867,-3.34012287388292e-05,0.0,0.0,0.0,-0.5106542619449389,unicycle
8.347332736021363,11.892616303217538,1.765,0.0,0.0,-0.17973641188676245,0.10165041421186677,-2.8243807652958703e-05,0.0,0.0,0.0,-0.51750374820689,unicycle
8.349321897879024,11.892243619365564,1.765,0.0,0.0,-0.190212006359144,0.10118912214372558,-2.386184268133666e-05,0.0,0.0,0.0,-0.5237797236190973,unicycle
8.351299368146806,11.891851596764818,1.765,0.0,0.0,-0.20080234559115567,0.10079816716209015,-2.0142783811129135e-05,0.0,0.0,0.0,-0.5295169616006012,unicycle
8.353266086852287,11.891439968133607,1.765,0.0,0.0,-0.21149732443895727,0.10046714594203993,-1.6989612096101028e-05,0.0,0.0,0.0,-0.5347489423900997,unicycle
8.355222812475382,11.89100849341057,1.765,0.0,0.0,-0.22228747787178033,0.10018713082354049,-1.4318862215089826e-05,0.0,0.0,0.0,-0.5395076716411686,unicycle
8.357170148191521,11.890556959232454,1.765,0.0,0.0,-0.23316394900573,0.09995047324213786,-1.2058860891473056e-05,0.0,0.0,0.0,-0.5438235566975067,unicycle
8.359108564613315,11.890085178200074,1.765,0.0,0.0,-0.24411845563143006,0.0997506306571139,-1.0148166042949267e-05,0.0,0.0,0.0,-0.5477253312850234,unicycle
8.361038419455195,11.889592987985296,1.765,0.0,0.0,-0.25514325603689714,0.09958201477139826,-8.534190281662619e-06,0.0,0.0,0.0,-0.5512400202733745,unicycle
8.362959974503681,11.88908025032459,1.765,0.0,0.0,-0.26623111477851347,0.0994398588937211,-7.171992017574394e-06,0.0,0.0,0.0,-0.5543929370808423,unicycle
8.364873410235981,11.888546849937766,1.765,0.0,0.0,-0.2773752689223903,0.0993201023963001,-6.023217666910805e-06,0.0,0.0,0.0,-0.5572077071938649,unicycle
8.366778838392026,11.887992693403945,1.765,0.0,0.0,-0.28856939516489977,0.09921929035306966,-5.055179131550017e-06,0.0,0.0,0.0,-0.5597063121254948,unicycle
8.368676312770225,11.887417708020843,1.765,0.0,0.0,-0.29980757814354136,0.09913448659106111,-4.240051644112707e-06,0.0,0.0,0.0,-0.5619091489321041,unicycle
8.370565838485282,11.886821840668201,1.765,0.0,0.0,-0.31108428016627615,0.09906319854162673,-3.5541781563204857e-06,0.0,0.0,0.0,-0.5638351011367653,unicycle
8.372447379897425,11.886205056691505,1.765,0.0,0.0,-0.32239431251761913,0.09900331243212505,-2.9774676041698188e-06,0.0,0.0,0.0,-0.5655016175671639,unicycle
8.37432086739626,11.885567338818163,1.765,0.0,0.0,-0.33373280844171965,0.0989530375078973,-2.4928755550849983e-06,0.0,0.0,0.0,-0.5669247962050485,unicycle
8.376186203199115,11.884908686114926,1.765,0.0,0.0,-0.3450951978550149,0.09891085811588335,-2.085956889520678e-06,0.0,0.0,0.0,-0.5681194706647889,unicycle
8.378043266302804,11.88422911299255,1.765,0.0,0.0,-0.35647718380249205,0.09887549261323608,-1.7444812658134427e-06,0.0,0.0,0.0,-0.5690992973738811,unicycle
8.379891916709454,11.88352864826133,1.765,0.0,0.0,-0.3678747206409423,0.09884585818583456,-1.4581031456648276e-06,0.0,0.0,0.0,-0.5698768419225365,unicycle
8.381731999030649,11.882807334239338,1.765,0.0,0.0,-0.37928399390869705,0.09882104077232341,-1.2180791089995144e-06,0.0,0.0,0.0,-0.5704636633877616,unicycle
8.383563345559898,11.882065225913735,1.765,0.0,0.0,-0.3907014018231928,0.09880026938930365,-1.0170260568916905e-06,0.0,0.0,0.0,-0.5708703957248173,unicycle
8.385385778891024,11.881302390154325,1.765,0.0,0.0,-0.40212353833441067,0.09878289424295024,-8.487146893498724e-07,0.0,0.0,0.0,-0.5711068255609186,unicycle
8.387199114149007,11.880518904977784,1.765,0.0,0.0,-0.41354717765296317,0.09876836809220221,-7.078933531413781e-07,0.0,0.0,0.0,-0.5711819659276522,unicycle
8.389003160890493,11.879714858860323,1.765,0.0,0.0,-0.42496926016565845,0.0987562303994473,-5.901379873770448e-07,0.0,0.0,0.0,-0.5711041256347893,unicycle
8.390797724722887,11.878890350096116,1.765,0.0,0.0,-0.4363868796481282,0.09874609386704322,-4.91724456176715e-07,0.0,0.0,0.0,-0.5708809741235166,unicycle
8.392582608683817,11.878045486198655,1.765,0.0,0.0,-0.44779727168304484,0.09873763301284268,-4.0952005388672503e-07,0.0,0.0,0.0,-0.5705196017458591,unicycle
8.394357614416714,11.87718038334197,1.765,0.0,0.0,-0.45919780319310505,0.09873057448586253,-3.4089140474480776e-07,0.0,0.0,0.0,-0.5700265755030403,unicycle
8.396122543172856,11.876295165838696,1.765,0.0,0.0,-0.4705859629999481,0.09872468886507955,-2.8362636129649694e-07,0.0,0.0,0.0,-0.5694079903421749,unicycle
8.397877196665783,11.875389965651971,1.765,0.0,0.0,-0.4819593533231693,0.09871978372071863,-2.3586783979253527e-07,0.0,0.0,0.0,-0.5686695161610817,unicycle
8.399621377800049,11.874464921938259,1.765,0.0,0.0,-0.49331568213732513,0.09871569774895199,-1.9605782148317116e-07,0.0,0.0,0.0,-0.5678164407078203,unicycle
8.401354891292973,11.873520180618362,1.765,0.0,0.0,-0.5046527563090683,0.0987122958182236,-1.6289000106243147e-07,0.0,0.0,0.0,-0.5668537085871737,unicycle
8.403077544205194,11.872555893974006,1.765,0.0,0.0,-0.5159684754411225,0.09870946478897213,-1.3526978200407939e-07,0.0,0.0,0.0,-0.5657859566027357,unicycle
8.404789146393412,11.8715722202676,1.765,0.0,0.0,-0.5272608263545681,0.0987071099888183,-1.1228050727003372e-07,0.0,0.0,0.0,-0.5646175456722929,unicycle
8.406489510896664,11.870569323382957,1.765,0.0,0.0,-0.5385278781457136,0.09870515224272713,-9.315497656257777e-08,0.0,0.0,0.0,-0.5633525895572973,unicycle
8.408178454265682,11.869547372484968,1.765,0.0,0.0,-0.5497677777586266,0.09870352537262565,-7.725144125111266e-08,0.0,0.0,0.0,-0.5619949806456837,unicycle
8.409855796843436,11.868506541696368,1.765,0.0,0.0,-0.5609787460190696,0.09870217409378154,-6.403338828757048e-08,0.0,0.0,0.0,-0.5605484130221676,unicycle
8.411521363003692,11.86744700978999,1.765,0.0,0.0,-0.5721590740801159,0.09870105224621831,-5.305252745007854e-08,0.0,0.0,0.0,-0.5590164030523371,unicycle
8.413174981353343,11.866368959895,1.765,0.0,0.0,-0.5833071202340572,0.09870012130881277,-4.3934484430885465e-08,0.0,0.0,0.0,-0.5574023076970849,unicycle
8.414816484903389,11.86527257921585,1.765,0.0,0.0,-0.5944213070493127,0.0986993491517128,-3.6366777639537466e-08,0.0,0.0,0.0,-0.5557093407628046,unicycle
8.416445711212656,11.864158058762763,1.765,0.0,0.0,-0.605500118794928,0.09869870898952171,-3.008872089992971e-08,0.0,0.0,0.0,-0.5539405872807895,unicycle
8.418062502507759,11.863025593092772,1.765,0.0,0.0,-0.616542099118864,0.09869817850348815,-2.4882949027324848e-08,0.0,0.0,0.0,-0.5520990161968237,unicycle
8.419666705782195,11.861875380060408,1.765,0.0,0.0,-0.6275458489496507,0.09869773910586345,-2.0568309923988162e-08,0.0,0.0,0.0,-0.550187491539352,unicycle
8.421258172877103,11.860707620577294,1.765,0.0,0.0,-0.6385100245940923,0.09869737532376736,-1.6993906496282278e-08,0.0,0.0,0.0,-0.5482087822221022,unicycle
8.422836760545776,11.85952251837998,1.765,0.0,0.0,-0.6494333360065878,0.09869707428344703,-1.4034105380979972e-08,0.0,0.0,0.0,-0.5461655706247901,unicycle
8.42440233050369,11.858320279805444,1.765,0.0,0.0,-0.6603145452082618,0.09869682527881625,-1.158435804510282e-08,0.0,0.0,0.0,-0.5440604600837218,unicycle
8.425954749465653,11.857101113573783,1.765,0.0,0.0,-0.6711524648365175,0.09869661941070342,-9.557704041876106e-09,0.0,0.0,0.0,-0.5418959814127986,unicycle
8.427493889171275,11.855865230577702,1.765,0.0,0.0,-0.6819459568078114,0.09869644928538479,-7.881846710210808e-09,0.0,0.0,0.0,-0.539674598564706,unicycle
8.429019618524807,11.854612834119392,1.765,0.0,0.0,-0.6927064799294145,0.09869630876279574,-6.496708949786277e-09,0.0,0.0,0.0,-0.5380261560801742,unicycle
8.4305317912636,11.853344105817927,1.765,0.0,0.0,-0.7034518086083752,0.09869619274634431,-5.352391362312481e-09,0.0,0.0,0.0,-0.5372664339480656,unicycle
8.432030245920803,11.852059207373777,1.765,0.0,0.0,-0.7141920139124935,0.09869609700754457,-4.407467427331062e-09,0.0,0.0,0.0,-0.5370102652059282,unicycle
8.433514813588236,11.850758291165183,1.765,0.0,0.0,-0.724931575462182,0.09869601803977625,-3.6275608242501075e-09,0.0,0.0,0.0,-0.5369780774844448,unicycle
8.434985323776798,11.849441507664748,1.765,0.0,0.0,-0.7356709907078771,0.09869595293639466,-2.9841588165518024e-09,0.0,0.0,0.0,-0.5369707622847724,unicycle
8.436441608778058,11.848109010468562,1.765,0.0,0.0,-0.7464079942479089,0.09869589928918704,-2.453623030856636e-09,0.0,0.0,0.0,-0.5368501770016144,unicycle
8.437883506850454,11.846760959546558,1.765,0.0,0.0,-0.7571384753100276,0.09869585510382066,-2.0163652068257077e-09,0.0,0.0,0.0,-0.5365240531059545,unicycle
8.439310864488217,11.845397523180758,1.765,0.0,0.0,-0.767857162252123,0.09869581872947364,-1.6561607456388054e-09,0.0,0.0,0.0,-0.5359343471047882,unicycle
8.440723537978194,11.844018878947985,1.765,0.0,0.0,-0.7785581278131682,0.09869578880029777,-1.359577299416109e-09,0.0,0.0,0.0,-0.5350482780522761,unicycle
8.442121394407357,11.842625214018366,1.765,0.0,0.0,-0.7892351569808413,0.09869576418674715,-1.1154993523994199e-09,0.0,0.0,0.0,-0.5338514583836718,unicycle
8.443504312249786,11.841216724975022,1.765,0.0,0.0,-0.7998820100418582,0.09869574395512906,-9.1473285790393e-10,0.0,0.0,0.0,-0.5323426530508626,unicycle
8.444872181634713,11.839793617309448,1.765,0.0,0.0,-0.8104926060967272,0.09869572733400386,-7.49676606878146e-10,0.0,0.0,0.0,-0.5305298027434634,unicycle
8.446224904375605,11.838356104707783,1.765,0.0,0.0,-0.8210611466208249,0.09869571368628738,-6.140491937539041e-10,0.0,0.0,0.0,-0.5284270262048893,unicycle
8.44756239382302,11.836904408213117,1.765,0.0,0.0,-0.831582194198585,0.09869570248609866,-5.026622801987448e-10,0.0,0.0,0.0,-0.5260523788880207,unicycle
8.44888457459025,11.835438755325848,1.765,0.0,0.0,-0.8420507180797173,0.09869569329955487,-4.1123239401331865e-10,0.0,0.0,0.0,-0.5234261940566393,unicycle
8.450191382189905,11.833959379086558,1.765,0.0,0.0,-0.8524621154952492,0.09869568576884781,-3.362247864977366e-10,0.0,0.0,0.0,-0.5205698707765952,unicycle
8.451482762610892,11.832466517172561,1.765,0.0,0.0,-0.8628122155612469,0.09869567959904729,-2.747239473865165e-10,0.0,0.0,0.0,-0.517505003299895,unicycle
8.45275867185846,11.830960411029269,1.765,0.0,0.0,-0.87309727095913,0.09869567454716961,-2.2432627581327378e-10,0.0,0.0,0.0,-0.5142527698941742,unicycle
8.454019075474527,11.82944130504998,1.765,0.0,0.0,-0.8833139413111742,0.09869567041312634,-1.8305115723436968e-10,0.0,0.0,0.0,-0.5108335176022318,unicycle
8.455263948051257,11.82790944581228,1.765,0.0,0.0,-0.893459271187738,0.09869566703223359,-1.492673237997917e-10,0.0,0.0,0.0,-0.507266493828195,unicycle
8.456493272747492,11.826365081375101,1.765,0.0,0.0,-0.9035306649257743,0.09869566426901548,-1.2163189946540088e-10,0.0,0.0,0.0,-0.503569686901818,unicycle
8.457707040814979,11.824808460637666,1.765,0.0,0.0,-0.913525859856771,0.09869566201208062,-9.903996812042671e-11,0.0,0.0,0.0,-0.4997597465498485,unicycle
8.458905251139369,11.823239832759471,1.765,0.0,0.0,-0.9234428990975281,0.09869566016988779,-8.058286736410817e-11,0.0,0.0,0.0,-0.4958519620378638,unicycle
8.460087909799267,11.821659446639153,1.765,0.0,0.0,-0.9332801047186855,0.09869565866724808,-6.551371422116245e-11,0.0,0.0,0.0,-0.49186028105788865,unicycle
8.461255029645475,11.820067550449085,1.765,0.0,0.0,-0.9430360518498243,0.0986956574424368,-5.321892202520323e-11,0.0,0.0,0.0,-0.4877973565569554,unicycle
8.462406629901585,11.818464391222154,1.765,0.0,0.0,-0.9527095440876091,0.0986956564448099,-4.319467828944123e-11,0.0,0.0,0.0,-0.4836746118892503,unicycle
8.463542735786387,11.81685021448675,1.765,0.0,0.0,-0.9622995904302803,0.0986956556328378,-3.5027528630227786e-11,0.0,0.0,0.0,-0.47950231713357766,unicycle
8.464663378158052,11.815225263946065,1.765,0.0,0.0,-0.9718053838564535,0.0986956549724843,-2.8378357572929472e-11,0.0,0.0,0.0,-0.4752896713086584,unicycle
8.465768593179659,11.813589781197697,1.765,0.0,0.0,-0.9812262815897904,0.09869565443587054,-2.2969178253297967e-11,0.0,0.0,0.0,-0.4710448866668521,unicycle
8.466858422005332,11.81194400548984,1.765,0.0,0.0,-0.9905617870368038,0.09869565400017465,-1.8572243728189107e-11,0.0,0.0,0.0,-0.4667752723506772,unicycle
8.467932910486148,11.810288173510429,1.765,0.0,0.0,-0.9998115333474656,0.09869565364672563,-1.500107624994408e-11,0.0,0.0,0.0,-0.46248731553309985,unicycle
8.468992108894767,11.808622519205889,1.765,0.0,0.0,-1.008975268523311,0.09869565336025786,-1.2103080296742488e-11,0.0,0.0,0.0,-0.45818675879228293,unicycle
8.470036071667726,11.80694727362636,1.765,0.0,0.0,-1.0180528419821402,0.09869565312829791,-9.753462771568916e-12,0.0,0.0,0.0,-0.45387867294145945,unicycle
8.471064857164327,11.805262664794586,1.765,0.0,0.0,-1.0270441924797724,0.09869565294066046,-7.850231574182451e-12,0.0,0.0,0.0,-0.44956752488162627,unicycle
8.472078527440967,11.803568917595822,1.765,0.0,0.0,-1.0359493372857225,0.0986956527890342,-6.31008337182702e-12,0.0,0.0,0.0,-0.44525724029750563,unicycle
8.473077148039883,11.801866253686404,1.765,0.0,0.0,-1.0447683625096826,0.09869565266664163,-5.065024227013801e-12,0.0,0.0,0.0,-0.44095126119801353,unicycle
8.474060787791245,11.800154891418874,1.765,0.0,0.0,-1.0535014144782548,0.09869565256795998,-4.059593935198701e-12,0.0,0.0,0.0,-0.4366525984286273,unicycle
8.475029518627608,11.79843504578172,1.765,0.0,0.0,-1.0621486920656142,0.09869565248849224,-3.248587439380282e-12,0.0,0.0,0.0,-0.4323638793679884,unicycle
8.475983415409786,11.796706928352037,1.765,0.0,0.0,-1.070710439887118,0.09869565242457942,-2.5951853194609584e-12,0.0,0.0,0.0,-0.42808739107517946,unicycle
8.476922555763265,11.794970747259573,1.765,0.0,0.0,-1.0791869422708256,0.09869565237324669,-2.0694207643564113e-12,0.0,0.0,0.0,-0.4238251191853772,unicycle
8.477847019924324,11.793226707160787,1.765,0.0,0.0,-1.087578517928148,0.0986956523320775,-1.6469231751559458e-12,0.0,0.0,0.0,-0.41957878286613287,unicycle
8.478756890595092,11.791475009221731,1.765,0.0,0.0,-1.0958855152511295,0.09869565229911043,-1.3078890757861837e-12,0.0,0.0,0.0,-0.4153498661490685,unicycle
8.479652252806858,11.78971585110865,1.765,0.0,0.0,-1.1041083081700465,0.09869565227275491,-1.036239703662457e-12,0.0,0.0,0.0,-0.41113964594585506,unicycle
8.480533193790935,11.787949426985392,1.765,0.0,0.0,-1.1122472925109599,0.0986956522517223,-8.189318321832852e-13,0.0,0.0,0.0,-0.40694921704567005,unicycle
8.481399802856535,11.786175927516753,1.765,0.0,0.0,-1.120302882798478,0.09869565223496955,-6.453943013534411e-13,0.0,0.0,0.0,-0.4027795143759183,unicycle
8.482252171275032,11.784395539877023,1.765,0.0,0.0,-1.1282755094542853,0.09869565222165325,-5.070676193467832e-13,0.0,0.0,0.0,-0.39863133279036506,unicycle
8.483090392170187,11.782608447763096,1.765,0.0,0.0,-1.1361656163468867,0.09869565221109217,-3.970280263399477e-13,0.0,0.0,0.0,-0.3945053446300614,unicycle
8.483914560413814,11.780814831411542,1.765,0.0,0.0,-1.1439736586525533,0.09869565220273667,-3.096807315089949e-13,0.0,0.0,0.0,-0.39040211528334284,unicycle
8.48472477252649,11.779014867619154,1.765,0.0,0.0,-1.1517001009915997,0.0986956521961438,-2.405097681123254e-13,0.0,0.0,0.0,-0.38632211695232016,unicycle
8.485521126582958,11.777208729766528,1.765,0.0,0.0,-1.1593454158079002,0.09869565219095706,-1.858741622519913e-13,0.0,0.0,0.0,-0.3822657408150411,unicycle
8.486303722121804,11.775396587844247,1.765,0.0,0.0,-1.166910081963003,0.09869565218688987,-1.4284196274105357e-13,0.0,0.0,0.0,-0.3782333077551406,unicycle
8.48707266005917,11.77357860848137,1.765,0.0,0.0,-1.1743945835192924,0.09869565218371218,-1.090552024105439e-13,0.0,0.0,0.0,-0.3742250778144737,unicycle
8.487828042606184,11.771754954975897,1.765,0.0,0.0,-1.1817994086894728,0.0986956521812396,-8.262011294777206e-14,0.0,0.0,0.0,-0.3702412585090241,unicycle
8.488569973189842,11.769925787326944,1.765,0.0,0.0,-1.1891250489321588,0.0986956521793246,-6.201794370811848e-14,0.0,0.0,0.0,-0.36628201213433237,unicycle
8.489298556377115,11.768091262268412,1.765,0.0,0.0,-1.1963719981756342,0.0986956521778493,-4.603257930976734e-14,0.0,0.0,0.0,-0.36234746217378694,unicycle
8.49001389780207,11.76625153330391,1.765,0.0,0.0,-1.2035407521538608,0.09869565217671969,-3.369184374757626e-14,0.0,0.0,0.0,-0.35843769891133914,unicycle
8.490716104095828,11.764406750742802,1.765,0.0,0.0,-1.2106318078406502,0.09869565217586096,-2.4219947097416862e-14,0.0,0.0,0.0,-0.3545527843394811,unicycle
8.491405282819162,11.762557061737166,1.765,0.0,0.0,-1.2176456629695223,0.0986956521752137,-1.6998996766859765e-14,0.0,0.0,0.0,-0.350692756443615,unicycle
8.492081542397576,11.760702610319553,1.765,0.0,0.0,-1.2245828156282257,0.09869565217473088,-1.1537876931801546e-14,0.0,0.0,0.0,-0.3468576329351676,unicycle
8.492744992058748,11.758843537441436,1.765,0.0,0.0,-1.2314437639181839,0.09869565217437527,-7.447112316674248e-15,0.0,0.0,0.0,-0.34304741449790244,unicycle
8.493395741772188,11.756979981012202,1.765,0.0,0.0,-1.238229005670279,0.09869565217411755,-4.418588208889874e-15,0.0,0.0,0.0,-0.3392620876047722,unicycle
8.494033902190992,11.755112075938628,1.765,0.0,0.0,-1.2449390382094045,0.09869565217393467,-2.2092077359147646e-15,0.0,0.0,0.0,-0.33550162695628705,unicycle
8.494659584595599,11.753239954164727,1.765,0.0,0.0,-1.2515743581611178,0.09869565217380859,-6.277383581972853e-16,0.0,0.0,0.0,-0.33176599758566544,unicycle
8.49527290083944,11.751363744711922,1.765,0.0,0.0,-1.2581354612945364,0.09869565217372522,4.757608648892324e-16,0.0,0.0,0.0,-0.3280551566709342,unicycle
8.495873963296397,11.749483573719452,1.765,0.0,0.0,-1.2646228423963284,0.09869565217367368,1.2184257321440868e-15,0.0,0.0,0.0,-0.3243690550895877,unicycle
8.496462884809993,11.747599564484958,1.765,0.0,0.0,-1.2710369951712752,0.09869565217364548,1.691388635203083e-15,0.0,0.0,0.0,-0.32070763874735597,unicycle
8.497039778644245,11.745711837505205,1.765,0.0,0.0,-1.2773784121654554,0.09869565217363414,1.9652213702186767e-15,0.0,0.0,0.0,-0.31707084970901245,unicycle
8.497604758436092,11.743820510516896,1.765,0.0,0.0,-1.2836475847085742,0.0986956521736347,2.0942831241963338e-15,0.0,0.0,0.0,-0.3134586271559312,unicycle
8.498157938149355,11.74192569853752,1.765,0.0,0.0,-1.2898450028724187,0.09869565217364341,2.1201875158361384e-15,0.0,0.0,0.0,-0.3098709081922398,unicycle
8.498699432030167,11.740027513906208,1.765,0.0,0.0,-1.295971155442796,0.09869565217365747,2.07456173133838e-15,0.0,0.0,0.0,-0.3063076285188687,unicycle
8.499229354563822,11.738126066324554,1.765,0.0,0.0,-1.3020265299026463,0.09869565217367475,1.98123760998435e-15,0.0,0.0,0.0,-0.30276872299254076,unicycle
8.499747820433,11.736221462897392,1.765,0.0,0.0,-1.3080116124243408,0.09869565217369372,1.857987590609089e-15,0.0,0.0,0.0,-0.299254126084733,unicycle
8.500254944477302,11.734313808173473,1.765,0.0,0.0,-1.3139268878694184,0.09869565217371329,1.7178965733603857e-15,0.0,0.0,0.0,-0.29576377225387146,unicycle
8.500750841654073,11.73240320418604,1.765,0.0,0.0,-1.319772839794267,0.0986956521737327,1.5704430370860243e-15,0.0,0.0,0.0,-0.29229759624243823,unicycle
8.501235627000474,11.73048975049325,1.765,0.0,0.0,-1.3255499504604524,0.09869565217375142,1.4223484097465676e-15,0.0,0.0,0.0,-0.2888555333092749,unicycle
8.501709415596762,11.728573544218468,1.765,0.0,0.0,-1.3312587008485752,0.0986956521737691,1.278242087403012e-15,0.0,0.0,0.0,-0.28543751940612794,unicycle
8.502172322530742,11.72665468009037,1.765,0.0,0.0,-1.3368995706747029,0.09869565217378555,1.1411801224942172e-15,0.0,0.0,0.0,-0.2820434913063876,unicycle
8.50262446286335,11.724733250482842,1.765,0.0,0.0,-1.3424730384085626,0.09869565217380065,1.0130480351006974e-15,0.0,0.0,0.0,-0.27867338669300196,unicycle
8.503065951595374,11.722809345454696,1.765,0.0,0.0,-1.3479795812927964,0.09869565217381437,8.948721001079713e-16,0.0,0.0,0.0,-0.27532714421169113,unicycle
8.503496903635227,11.720883052789144,1.765,0.0,0.0,-1.3534196753626928,0.09869565217382675,7.870585505032321e-16,0.0,0.0,0.0,-0.2720047034948284,unicycle
8.503917433767796,11.718954458033044,1.765,0.0,0.0,-1.3587937954659062,0.09869565217383783,6.895761861692948e-16,0.0,0.0,0.0,-0.26870600516068505,unicycle
8.504327656624318,11.717023644535876,1.765,0.0,0.0,-1.3641024152817494,0.09869565217384768,6.020947045061853e-16,0.0,0.0,0.0,-0.2654309907921447,unicycle
8.50472768665325,11.715090693488484,1.765,0.0,0.0,-1.3693460073397188,0.0986956521738564,5.240885245687236e-16,0.0,0.0,0.0,-0.26217960289847,unicycle
8.50511763809214,11.713155683961519,1.765,0.0,0.0,-1.3745250430369838,0.09869565217386407,4.549138388650138e-16,0.0,0.0,0.0,-0.2589517848632426,unicycle
8.505497624940423,11.711218692943609,1.765,0.0,0.0,-1.3796399926546077,0.09869565217387082,3.9386499815877527e-16,0.0,0.0,0.0,-0.2557474808811936,unicycle
8.505867760933198,11.709279795379222,1.765,0.0,0.0,-1.384691325372333,0.0986956521738767,3.4021503487341893e-16,0.0,0.0,0.0,-0.25256663588627815,unicycle
8.50622815951587,11.70733906420624,1.765,0.0,0.0,-1.389679509281794,0.09869565217388182,2.9324409551327783e-16,0.0,0.0,0.0,-0.2494091954730368,unicycle
8.506578933819723,11.705396570393198,1.765,0.0,0.0,-1.3946050113980537,0.09869565217388628,2.5225872975031e-16,0.0,0.0,0.0,-0.24627510581300366,unicycle
8.50692019663835,11.703452382976224,1.765,0.0,0.0,-1.3994682976694073,0.09869565217389015,2.166043313539561e-16,0.0,0.0,0.0,-0.24316431356767904,unicycle
8.507252060404925,11.701506569095631,1.765,0.0,0.0,-1.4042698329853947,0.0986956521738935,1.8567250998641368e-16,0.0,0.0,0.0,-0.2400767657993674,unicycle
8.507574637170336,11.699559194032176,1.765,0.0,0.0,-1.4090100811830146,0.0986956521738964,1.5890476566182253e-16,0.0,0.0,0.0,-0.2370124098809926,unicycle
8.507888038582113,11.697610321242978,1.765,0.0,0.0,-1.4136895050511311,0.0986956521738989,1.3579351733629696e-16,0.0,0.0,0.0,-0.2339711934058353,unicycle
8.508192375864152,11.69566001239708,1.765,0.0,0.0,-1.4183085663330908,0.09869565217390104,1.158812859414637e-16,0.0,0.0,0.0,-0.2309530640979918,unicycle
8.508487759797232,11.69370832741066,1.765,0.0,0.0,-1.422867725727575,0.09869565217390289,9.875863597809778e-17,0.0,0.0,0.0,-0.22795796972422594,unicycle
8.508774300700269,11.69175532448187,1.765,0.0,0.0,-1.4273674428877308,0.09869565217390447,8.406132715247996e-17,0.0,0.0,0.0,-0.22498585800777343,unicycle
8.509052108412337,11.689801060125308,1.765,0.0,0.0,-1.431808176418622,0.09869565217390582,7.146700934712956e-17,0.0,0.0,0.0,-0.22203667654455955,unicycle
8.509321292275402,11.687845589206134,1.765,0.0,0.0,-1.4361903838730663,0.09869565217390695,6.069170318496055e-17,0.0,0.0,0.0,-0.21911037272220577,unicycle
8.509581961117766,11.685888964973776,1.765,0.0,0.0,-1.4405145217459088,0.09869565217390791,5.1486238763098504e-17,0.0,0.0,0.0,-0.21620689364212703,unicycle
8.509834223238204,11.683931239095282,1.765,0.0,0.0,-1.444781045466808,0.09869565217390872,4.363277217712669e-17,0.0,0.0,0.0,-0.21332618604495548,unicycle
8.510078186390775,11.681972461688266,1.765,0.0,0.0,-1.448990409391597,0.0986956521739094,3.694145955771253e-17,0.0,0.0,0.0,-0.210468196239471,unicycle
8.5103139577703,11.680012681353485,1.765,0.0,0.0,-1.4531430667923004,0.09869565217390998,3.124733859128075e-17,0.0,0.0,0.0,-0.20763287003516942,unicycle
8.51054164399848,11.67805194520699,1.765,0.0,0.0,-1.457239469845872,0.09869565217391048,2.64074455965259e-17,0.0,0.0,0.0,-0.20482015267855708,unicycle
8.510761351110627,11.676090298911914,1.765,0.0,0.0,-1.4612800696217365,0.09869565217391091,2.2298180368087427e-17,0.0,0.0,0.0,-0.2020299887932247,unicycle
8.51097318454304,11.674127786709844,1.765,0.0,0.0,-1.465265316068211,0.09869565217391127,1.8812919754895662e-17,0.0,0.0,0.0,-0.19926232232372218,unicycle
8.51117724912095,11.672164451451792,1.765,0.0,0.0,-1.4691956579978753,0.09869565217391159,1.585987319963605e-17,0.0,0.0,0.0,-0.19651709648322874,unicycle
8.511373649047052,11.670200334628758,1.765,0.0,0.0,-1.473071543071975,0.09869565217391187,1.3360168358714362e-17,0.0,0.0,0.0,-0.19379425370499084,unicycle
8.511562487890624,11.668235476401899,1.765,0.0,0.0,-1.476893417783925,0.09869565217391209,1.1246151774400615e-17,0.0,0.0,0.0,-0.19109373559748036,unicycle
8.51174386857717,11.666269915632283,1.765,0.0,0.0,-1.4806617274419889,0.09869565217391228,9.45988786116524e-18,0.0,0.0,0.0,-0.18841548290321036,unicycle
8.511917893378627,11.664303689910232,1.765,0.0,0.0,-1.4843769161512115,0.09869565217391243,7.951838796028255e-18,0.0,0.0,0.0,-0.18575943546113216,unicycle
8.512084663904087,11.662336835584256,1.765,0.0,0.0,-1.4880394267946622,0.09869565217391256,6.679707962249551e-18,0.0,0.0,0.0,-0.18312553217252547,unicycle
8.512244281091021,11.660369387789585,1.765,0.0,0.0,-1.491649701014068,0.09869565217391267,5.607430155289478e-18,0.0,0.0,0.0,-0.18051371097028546,unicycle
8.512396845197014,11.658401380476274,1.765,0.0,0.0,-1.4952081791898977,0.09869565217391275,4.7042926458524075e-18,0.0,0.0,0.0,-0.17792390879150377,unicycle
8.512542455791964,11.656432846436907,1.765,0.0,0.0,-1.4987153004209623,0.09869565217391281,3.944172278018534e-18,0.0,0.0,0.0,-0.17535606155323338,unicycle
8.512689066492142,11.654352981681516,1.765,0.0,0.0,-1.5021291728808688,0.10425133476723387,3.304874966608526e-18,0.0,0.0,0.0,-0.1706936229953216,unicycle
8.512847631388729,11.651991257178906,1.765,0.0,0.0,-1.5053857895431266,0.11835212719321277,2.767565179210806e-18,0.0,0.0,0.0,-0.16283083311290003,unicycle
8.513023685224042,11.64923902095994,1.765,0.0,0.0,-1.5084458140523236,0.1378931206843269,2.316274197176307e-18,0.0,0.0,0.0,-0.15300122545986178,unicycle
8.51321924747269,11.646033341164266,1.765,0.0,0.0,-1.5112880140446507,0.16058202334813804,1.937477114103272e-18,0.0,0.0,0.0,-0.14210999961636295,unicycle
8.51343417870666,11.642344548603965,1.765,0.0,0.0,-1.5139042189037155,0.18475249508362274,1.619729629111789e-18,0.0,0.0,0.0,-0.13081024295323146,unicycle
8.513667111609927,11.63816669053339,1.765,0.0,0.0,-1.5162954724186155,0.20921737582211042,1.3533567132456887e-18,0.0,0.0,0.0,-0.11956267574501009,unicycle
8.513916066692117,11.633510268408834,1.765,0.0,0.0,-1.5184691190505513,0.2331536735520357,1.1301861645270844e-18,0.0,0.0,0.0,-0.10868233159677972,unicycle
8.5141788427947,11.628396761011787,1.765,0.0,0.0,-1.5204366170090613,0.2560127811116661,9.43320918841634e-19,0.0,0.0,0.0,-0.09837489792550284,unicycle
8.514453251935747,11.622854537201938,1.765,0.0,0.0,-1.5222119148054392,0.27745068580856436,7.869447513526186e-19,0.0,0.0,0.0,-0.0887648898188863,unicycle
8.514737249954742,11.616915844956347,1.765,0.0,0.0,-1.523810262576927,0.2972739813208258,6.561566900064595e-19,0.0,0.0,0.0,-0.0799173885743885,unicycle
8.51502899976865,11.610614629291023,1.765,0.0,0.0,-1.525247357021119,0.31539833410672735,5.468300736979358e-19,0.0,0.0,0.0,-0.07185472220959478,unicycle
8.515326892798878,11.603984984362295,1.765,0.0,0.0,-1.5265387406602806,0.33181673503204945,4.554927283683512e-19,0.0,0.0,0.0,-0.0645691819580981,unicycle
8.515629545817674,11.597060087082712,1.765,0.0,0.0,-1.5276993935061967,0.34657541234245903,3.7922521062857542e-19,0.0,0.0,0.0,-0.05803264229580558,unicycle
8.515935784512514,11.589871493037078,1.765,0.0,0.0,-1.528743468929552,0.3597557198779772,3.155744864130688e-19,0.0,0.0,0.0,-0.052203771167775505,unicycle
8.516244620922887,11.582448702030767,1.765,0.0,0.0,-1.5296841363852232,0.37146066521769505,2.6248077752990198e-19,0.0,0.0,0.0,-0.04703337278354115,unicycle
8.51655522909123,11.574818921607298,1.765,0.0,0.0,-1.530533502192522,0.38180502304874453,2.1821562735879377e-19,0.0,0.0,0.0,-0.04246829036494382,unicycle
8.516866921410868,11.56700697343887,1.765,0.0,0.0,-1.5313025862871956,0.3909082031025619,1.8132951359840272e-19,0.0,0.0,0.0,-0.038454204733695575,unicycle
8.517179126960725,11.559035300514662,1.765,0.0,0.0,-1.5320013381258113,0.3988892205410156,1.5060757571355824e-19,0.0,0.0,0.0,-0.034937591930773684,unicycle
8.5174913723772,11.550924043247257,1.765,0.0,0.0,-1.5326386790338646,0.40586325864918626,1.2503223200450802e-19,0.0,0.0,0.0,-0.031867045402645136,unicycle
8.51780326537621,11.542691160567674,1.765,0.0,0.0,-1.5332225614868271,0.41193942633288805,1.0375164001753568e-19,0.0,0.0,0.0,-0.029194122648119505,unicycle
8.51811448079654,11.534352578249871,1.765,0.0,0.0,-1.5337600382902026,0.41721940206809033,8.605310793714702e-20,0.0,0.0,0.0,-0.026873840168754472,unicycle
8.518424748916955,11.525922351470037,1.765,0.0,0.0,-1.5342573365333922,0.4217967263167628,7.134069685588774e-20,0.0,0.0,0.0,-0.024864912159462606,unicycle
8.518733845755197,11.517412832262835,1.765,0.0,0.0,-1.5347199326544827,0.42575655980311955,5.911636725926095e-20,0.0,0.0,0.0,-0.023129806054519267,unicycle
8.51904158505535,11.508834835324377,1.765,0.0,0.0,-1.535152626065646,0.4291757684869129,4.896412020788272e-20,0.0,0.0,0.0,-0.021634670558163697,unicycle
8.519347811691238,11.50019779771951,1.765,0.0,0.0,-1.5355596096284176,0.43212323002648617,4.0536666761126697e-20,0.0,0.0,0.0,-0.020349178138580972,unicycle
8.519652396244537,11.491509929629503,1.765,0.0,0.0,-1.535944535895417,0.4346602829582511,3.3544230105839046e-20,0.0,0.0,0.0,-0.01924631334997126,unicycle
8.519955230550478,11.482778354444447,1.765,0.0,0.0,-1.5363105784980464,0.4368412603036171,2.774514532381266e-20,0.0,0.0,0.0,-0.01830213013148295,unicycle
8.520256224036906,11.474009237356379,1.765,0.0,0.0,-1.5366604883961499,0.438714065105718,2.2937973226638767e-20,0.0,0.0,0.0,-0.01749549490516902,unicycle
8.520555300712243,11.465207902218703,1.765,0.0,0.0,-1.5369966449452042,0.44032075749874755,1.8954888485710693e-20,0.0,0.0,0.0,-0.016807827452731672,unicycle
8.520852396683736,11.456378936862194,1.765,0.0,0.0,-1.537321101902618,0.44169813212008663,1.5656139496185378e-20,0.0,0.0,0.0,-0.016222847870707432,unicycle
8.521147458109255,11.447526287343614,1.765,0.0,0.0,-1.537635628605229,0.4428782716233303,1.292540899333402e-20,0.0,0.0,0.0,-0.015726335130544493,unicycle
8.521440439503973,11.438653341784596,1.765,0.0,0.0,-1.537941746619261,0.44388906724095334,1.0665931212527585e-20,0.0,0.0,0.0,-0.015305900701600329,unicycle
8.521731302338114,11.429763004563247,1.765,0.0,0.0,-1.5382407622026975,0.4447547011756132,8.797244059417877e-21,0.0,0.0,0.0,-0.014950779171820906,unicycle
8.52202001387395,11.42085776167007,1.765,0.0,0.0,-1.5385337949366382,0.4454960883818941,7.252473943723334e-21,0.0,0.0,0.0,-0.01465163669703558,unicycle
8.522306546199976,11.411939738049146,1.765,0.0,0.0,-1.538821802883172,0.4461312772815395,5.9760671504511196e-21,0.0,0.0,0.0,-0.014400397326687483,unicycle
8.52259087542799,11.403010747727329,1.765,0.0,0.0,-1.5391056046174547,0.4466758103275349,4.921895323147219e-21,0.0,0.0,0.0,-0.014190086714141448,unicycle
8.522872981025085,11.39407233749782,1.765,0.0,0.0,-1.5393858984647188,0.4471430462460736,4.051674196637373e-21,0.0,0.0,0.0,-0.014014692363205794,unicycle
8.523152845257602,11.38512582487648,1.765,0.0,0.0,-1.5396632792515659,0.44754444635727453,3.3336444674848114e-21,0.0,0.0,0.0,-0.013869039342368956,unicycle
8.523430452728205,11.376172330994871,1.765,0.0,0.0,-1.539938252857132,0.4478898276958213,2.7414719066812734e-21,0.0,0.0,0.0,-0.013748680278312917,unicycle
8.523705789990498,11.367212809036875,1.765,0.0,0.0,-1.540211248824986,0.44818758579092993,2.2533307372163565e-21,0.0,0.0,0.0,-0.013649798392716607,unicycle
8.52397884522833,11.358248068768413,1.765,0.0,0.0,-1.540482631271985,0.4484448899742971,1.8511401200376007e-21,0.0,0.0,0.0,-0.013569122349965655,unicycle
8.524249607989058,11.349278797653936,1.765,0.0,0.0,-1.540752708306426,0.44866785400519366,1.5199284861255676e-21,0.0,0.0,0.0,-0.01350385172204034,unicycle
8.524518068961898,11.340305579000425,1.765,0.0,0.0,-1.5410217401451953,0.4488616846639114,1.2473045646901496e-21,0.0,0.0,0.0,-0.013451591938465852,unicycle
8.524784219793922,11.331328907520032,1.765,0.0,0.0,-1.5412899460984912,0.4490308107908431,1.0230174104933608e-21,0.0,0.0,0.0,-0.013410297664790818,unicycle
8.525048052937498,11.322349202656822,1.765,0.0,0.0,-1.5415575105712116,0.4491789950550836,8.385906308560319e-22,0.0,0.0,0.0,-0.013378223636024058,unicycle
8.52530956152398,11.313366819981471,1.765,0.0,0.0,-1.5418245882123527,0.4493094305354901,6.870184428401926e-22,0.0,0.0,0.0,-0.013353882057061398,unicycle
8.525568739259299,11.304382060920013,1.765,0.0,0.0,-1.5420913083276935,0.4494248239970125,5.625132276392066e-22,0.0,0.0,0.0,-0.013336005767035721,unicycle
8.52582558033781,11.295395181049031,1.765,0.0,0.0,-1.5423577786566223,0.44952746755153317,4.60295955026438e-22,0.0,0.0,0.0,-0.01332351644645076,unicycle
8.526080079371326,11.286406397159526,1.765,0.0,0.0,-1.5426240886010913,0.44961930020917174,3.7642227868604954e-22,0.0,0.0,0.0,-0.013315497223437032,unicycle
8.526332231330816,11.277415893264946,1.765,0.0,0.0,-1.5428903119832438,0.44970196065526047,3.076382979514641e-22,0.0,0.0,0.0,-0.013311169107613227,unicycle
8.526582031498577,11.26842382570542,1.765,0.0,0.0,-1.5431565093981716,0.4497768324311546,2.512609804568632e-22,0.0,0.0,0.0,-0.013309870746398169,unicycle
8.52682947542913,11.259430327479345,1.765,0.0,0.0,-1.5434227302193526,0.4498450825540978,2.0507907507165625e-22,0.0,0.0,0.0,-0.013311041059057097,unicycle
8.527074558917297,11.250435511915523,1.765,0.0,0.0,-1.5436890143065198,0.44990769448236234,1.6727104182330026e-22,0.0,0.0,0.0,-0.013314204358359526,unicycle
8.527317277972239,11.241439475783118,1.765,0.0,0.0,-1.5439553934588939,0.44996549621630777,1.3633710766773623e-22,0.0,0.0,0.0,-0.013318957618699378,unicycle
8.527557628796414,11.232442301922987,1.765,0.0,0.0,-1.544221892650758,0.4500191842230833,1.1104304271116953e-22,0.0,0.0,0.0,-0.013324959593201215,unicycle
8.527795607768539,11.22344406147201,1.765,0.0,0.0,-1.5444885310811796,0.4500693437815494,9.037365658039646e-23,0.0,0.0,0.0,-0.013331921521084662,unicycle
8.528031211429896,11.214444815741688,1.765,0.0,0.0,-1.5447553230651951,0.45011646626363483,7.349435230154536e-23,0.0,0.0,0.0,-0.013339599200785115,unicycle
8.528264436473338,11.205444617803382,1.765,0.0,0.0,-1.545022278789884,0.450160963797791,5.971935636286517e-23,0.0,0.0,0.0,-0.01334778623444202,unicycle
8.528495279734503,11.19644351382491,1.765,0.0,0.0,-1.545289404955399,0.4502031816984916,4.848547789327477e-23,0.0,0.0,0.0,-0.01335630827576843,unicycle
8.528723738184853,11.187441544196549,1.765,0.0,0.0,-1.545556705318127,0.4502434089919112,3.9330444861973795e-23,0.0,0.0,0.0,-0.013365018136392811,unicycle
8.528949808926148,11.178438744478894,1.765,0.0,0.0,-1.5458241811506446,0.4502818873211398,3.187502740443144e-23,0.0,0.0,0.0,-0.013373791625878347,unicycle
8.529173489186139,11.169435146200112,1.765,0.0,0.0,-1.546091831631007,0.45031881847373145,2.580829325091064e-23,0.0,0.0,0.0,-0.013382524018112579,unicycle
8.529394776315193,11.16043077752601,1.765,0.0,0.0,-1.5463596541720457,0.45035437073930673,2.0875452326808492e-23,0.0,0.0,0.0,-0.013391127051929078,unicycle
8.529613667783705,11.15142566382276,1.765,0.0,0.0,-1.5466276446997849,0.4503886842746604,1.686784071239525e-23,0.0,0.0,0.0,-0.013399526386952878,unicycle
8.529830161180099,11.142419828129132,1.765,0.0,0.0,-1.546895797888725,0.45042187562775704,1.361467146876859e-23,0.0,0.0,0.0,-0.0134076594470048,unicycle
8.53004425420935,11.133413291552442,1.765,0.0,0.0,-1.5471641073605884,0.4504540415495922,1.0976244007648885e-23,0.0,0.0,0.0,-0.013415473593182148,unicycle
8.530255944691875,11.124406073600312,1.765,0.0,0.0,-1.5474325658521313,0.4504852622036732,8.838356916238175e-24,0.0,0.0,0.0,-0.013422924577155654,unicycle
8.530465230562726,11.11539819245839,1.765,0.0,0.0,-1.5477011653567805,0.45051560386640577,7.107713288444049e-24,0.0,0.0,0.0,-0.013429975232463183,unicycle
8.53067210987103,11.106389665222645,1.765,0.0,0.0,-1.5479698972441365,0.4505451211975906,5.708144196815581e-24,0.0,0.0,0.0,-0.013436594367796357,unicycle
8.530876580779623,11.09738050809351,1.765,0.0,0.0,-1.5482387523607684,0.4505738591482051,4.577506245382828e-24,0.0,0.0,0.0,-0.013442755831605126,unicycle
8.53107864156479,11.088370736537943,1.765,0.0,0.0,-1.5485077211152065,0.4506018545623883,3.665134237758156e-24,0.0,0.0,0.0,-0.013448437721908176,unicycle
8.531278290616156,11.079360365424627,1.765,0.0,0.0,-1.548776793549589,0.4506291375218095,2.929750764019425e-24,0.0,0.0,0.0,-0.013453621719099841,unicycle
8.53147552643663,11.070349409136584,1.765,0.0,0.0,-1.5490459594000465,0.4506557324731663,2.3377516915378486e-24,0.0,0.0,0.0,-0.013458292522878177,unicycle
8.531670347642407,11.061337881664896,1.765,0.0,0.0,-1.5493152081475918,0.45068165917324404,1.861800752145754e-24,0.0,0.0,0.0,-0.013462437377264639,unicycle
8.53186275296302,11.052325796686576,1.765,0.0,0.0,-1.5495845290609944,0.45070693348060376,1.4796781603275578e-24,0.0,0.0,0.0,-0.013466045670112135,unicycle
8.532052741241417,11.043313167629195,1.765,0.0,0.0,-1.5498539112329057,0.45073156801842046,1.173337897605663e-24,0.0,0.0,0.0,-0.013469108595565169,unicycle
8.532240311434052,11.034300007724383,1.765,0.0,0.0,-1.5501233436102997,0.4507555727291432,9.28136308266306e-25,0.0,0.0,0.0,-0.013471618869695067,unicycle
8.532425462610986,11.02528633005208,1.765,0.0,0.0,-1.5503928150201205,0.450778955338386,7.322012625212784e-25,0.0,0.0,0.0,-0.013473570491029449,unicycle
8.532608193955987,11.016272147577,1.765,0.0,0.0,-1.5506623141909,0.4508017217427051,5.759165968953778e-25,0.0,0.0,0.0,-0.013474958538966525,unicycle
8.532788504766636,11.007257473178642,1.765,0.0,0.0,-1.5509318297709827,0.4508238763335878,4.515010384954008e-25,0.0,0.0,0.0,-0.013475779004144345,unicycle
8.532966394454421,10.998242319675857,1.765,0.0,0.0,-1.5512013503438975,0.4508454222680134,3.526645259378442e-25,0.0,0.0,0.0,-0.013476028645751242,unicycle
8.533141862544829,10.989226699846913,1.765,0.0,0.0,-1.5514708644413282,0.4508663616942876,2.7432789264907455e-25,0.0,0.0,0.0,-0.013475704871540565,unicycle
8.533314908677418,10.980210626445798,1.765,0.0,0.0,-1.5517403605540676,0.4508866959404576,2.123943918861001e-25,0.0,0.0,0.0,-0.013474805636971088,unicycle
8.533485532605896,10.971194112215363,1.765,0.0,0.0,-1.5520098271412763,0.45090642567143313,1.6356361139538157e-25,0.0,0.0,0.0,-0.013473329360451935,unicycle
8.53365373419816,10.962177169897846,1.765,0.0,0.0,-1.5522792526383191,0.45092555101995485,1.251800270760758e-25,0.0,0.0,0.0,-0.01347127485214278,unicycle
8.533819513436356,10.953159812243225,1.765,0.0,0.0,-1.5525486254634027,0.4509440716957125,9.51098437818893e-26,0.0,0.0,0.0,-0.013468641254159251,unicycle
8.533982870416901,10.944142052015744,1.765,0.0,0.0,-1.55281793402321,0.45096198707622004,7.164092073132829e-26,0.0,0.0,0.0,-0.013465427990370857,unicycle
8.534143805350505,10.935123901998923,1.765,0.0,0.0,-1.5530871667176955,0.45097929628246425,5.340152288108178e-26,0.0,0.0,0.0,-0.01346163472426398,unicycle
8.534302318562178,10.926105374999315,1.765,0.0,0.0,-1.5533563119441673,0.45099599824185144,3.9294414361453345e-26,0.0,0.0,0.0,-0.01345726132358331,unicycle
8.534458410491224,10.917086483849214,1.765,0.0,0.0,-1.5536253581007804,0.45101209174056234,2.8443445638432743e-26,0.0,0.0,0.0,-0.01345230783066836,unicycle
8.534612081691217,10.908067241408489,1.765,0.0,0.0,-1.553894293589532,0.45102757546707867,2.0150307166723773e-26,0.0,0.0,0.0,-0.013446774437573339,unicycle
8.534763332829979,10.8990476605657,1.765,0.0,0.0,-1.5541631068188362,0.451042448048354,1.385954930469355e-26,0.0,0.0,0.0,-0.01344066146520318,unicycle
8.534912164689535,10.890027754238604,1.765,0.0,0.0,-1.5544317862057522,0.4510567080798586,9.130317962916685e-27,0.0,0.0,0.0,-0.013433969345820553,unicycle
8.535058578166057,10.881007535374174,1.765,0.0,0.0,-1.5547003201779201,0.4510703541505226,5.613541678500722e-27,0.0,0.0,0.0,-0.013426698608381494,unicycle
8.535202574269805,10.87198701694819,1.765,0.0,0.0,-1.554968697175245,0.45108338486343535,3.0335399288326414e-27,0.0,0.0,0.0,-0.013418849866243787,unicycle
8.535344154125049,10.862966211964498,1.765,0.0,0.0,-1.5552369056513822,0.45109579885301093,1.1732138848632085e-27,0.0,0.0,0.0,-0.01341042380686509,unicycle
8.535483318977017,10.853945133002172,1.765,0.0,0.0,-1.5555049340617573,0.4511076173925362,-1.378628438528354e-28,0.0,0.0,0.0,-0.013401420518758589,unicycle
8.535620070188235,10.844923792422978,1.765,0.0,0.0,-1.5557727708708649,0.4511188513746168,-1.03300827304797e-27,0.0,0.0,0.0,-0.013391840455394663,unicycle
8.535754409230789,10.835902202865547,1.765,0.0,0.0,-1.5560404045678886,0.4511294869741428,-1.6161015755687787e-27,0.0,0.0,0.0,-0.013381684851191669,unicycle
8.535886337687378,10.826880377177657,1.765,0.0,0.0,-1.5563078236657022,0.45113951374678846,-1.9677238346582947e-27,0.0,0.0,0.0,-0.01337095489067075,unicycle
8.536015857252089,10.817858328363567,1.765,0.0,0.0,-1.5565750167002324,0.45114892387615824,-2.150066599511511e-27,0.0,0.0,0.0,-0.013359651726501276,unicycle
8.53614296973091,10.808836069543167,1.765,0.0,0.0,-1.5568419722301012,0.45115771158219264,-2.2108485105989377e-27,0.0,0.0,0.0,-0.013347776493442098,unicycle
8.53626767704209,10.799813613920424,1.765,0.0,0.0,-1.5571086788364823,0.45116587265786734,-2.1864344529468954e-27,0.0,0.0,0.0,-0.01333533031905348,unicycle
8.536389981216336,10.79079097475902,1.765,0.0,0.0,-1.5573751251231198,0.4511734041077355,-2.104314460660247e-27,0.0,0.0,0.0,-0.013322314331875074,unicycle
8.53650988439691,10.781768165363626,1.765,0.0,0.0,-1.5576412997164721,0.45118030386712515,-1.9850693555770934e-27,0.0,0.0,0.0,-0.013308729667621703,unicycle
8.53662738883964,10.772745199065522,1.765,0.0,0.0,-1.557907191265949,0.4511865705850472,-1.8439255642688036e-27,0.0,0.0,0.0,-0.01329457747383401,unicycle
8.53674249691287,10.76372208921154,1.765,0.0,0.0,-1.5581727884442151,0.45119220345728484,-1.6919816634388106e-27,0.0,0.0,0.0,-0.013279858913329412,unicycle
8.536855211097345,10.754698849155563,1.765,0.0,0.0,-1.5584380799475495,0.4511972020988842,-1.5371730901226977e-27,0.0,0.0,0.0,-0.013264575166725754,unicycle
8.53696553398607,10.74567549225197,1.765,0.0,0.0,-1.5587030544962344,0.4512015664474731,-1.3850284142905072e-27,0.0,0.0,0.0,-0.013248727434252013,unicycle
8.537073468284133,10.736652031850511,1.765,0.0,0.0,-1.5589677008349747,0.4512052966906051,-1.2392600315499217e-27,0.0,0.0,0.0,-0.013232316937014122,unicycle
8.537179016808505,10.727628481292287,1.765,0.0,0.0,-1.5592320077333317,0.451208393211744,-1.1022236228848111e-27,0.0,0.0,0.0,-0.013215344917847337,unicycle
8.537282182487822,10.718604853906504,1.765,0.0,0.0,-1.5594959639861687,0.4512108565506379,-9.752738638571558e-28,0.0,0.0,0.0,-0.013197812641857628,unicycle
8.537382968362136,10.70958116300781,1.765,0.0,0.0,-1.5597595584141033,0.4512126873747349,-8.590383356107581e-28,0.0,0.0,0.0,-0.01317972139673159,unicycle
8.537481377582681,10.700557421894032,1.765,0.0,0.0,-1.5600227798639608,0.45121388645901456,-7.536271405517922e-28,0.0,0.0,0.0,-0.01316107249287627,unicycle
8.537577413411599,10.691533643844192,1.765,0.0,0.0,-1.5602856172092296,0.45121445467218146,-6.587921503583488e-28,0.0,0.0,0.0,-0.013141867263436082,unicycle
8.537671079221672,10.682509842116703,1.765,0.0,0.0,-1.5605480593505139,0.45121439296762206,-5.740469452889514e-28,0.0,0.0,0.0,-0.01312210706422285,unicycle
8.537762378496046,10.673486029947671,1.765,0.0,0.0,-1.5608100952159853,0.4512137023778834,-4.98756205467712e-28,0.0,0.0,0.0,-0.013101793273586309,unicycle
8.537851314827936,10.664462220549275,1.765,0.0,0.0,-1.56107171376183,0.4512123840117187,-4.322014764808394e-28,0.0,0.0,0.0,-0.013080927292245543,unicycle
8.537937891920336,10.655438427108141,1.765,0.0,0.0,-1.5613329039726922,0.45121043905296637,-3.7362876372196636e-28,0.0,0.0,0.0,-0.013059510543096642,unicycle
8.538022113585711,10.64641466278374,1.765,0.0,0.0,-1.561593654862112,0.451207868760703,-3.2228224000536852e-28,0.0,0.0,0.0,-0.013037544471007734,unicycle
8.538103983745687,10.637390940706757,1.765,0.0,0.0,-1.5618539554729645,0.4512046744702506,-2.774274204119935e-28,0.0,0.0,0.0,-0.013015030542609489,unicycle
8.538183506430741,10.628367273977423,1.765,0.0,0.0,-1.562113794877886,0.45120085759472145,-2.38366419782579e-28,0.0,0.0,0.0,-0.012991970246086714,unicycle
8.538260685779862,10.619343675663824,1.765,0.0,0.0,-1.5623731621797055,0.45119641962686785,-2.044473234993645e-28,0.0,0.0,0.0,-0.01296836509097495,unicycle
8.538335526040235,10.610320158800155,1.765,0.0,0.0,-1.562632046511865,0.45119136214106825,-1.7506924038607664e-28,0.0,0.0,0.0,-0.012944216607964576,unicycle
8.538408031566897,10.601296736384954,1.765,0.0,0.0,-1.5628904370388392,0.45118568679532867,-1.496842428911288e-28,0.0,0.0,0.0,-0.012919526348713925,unicycle
8.538478206822392,10.592273421379284,1.765,0.0,0.0,-1.5631483229565528,0.45117939533321494,-1.2779711424689932e-28,0.0,0.0,0.0,-0.012894295885672195,unicycle
8.538546056376417,10.583250226704884,1.765,0.0,0.0,-1.5634056934927907,0.4511724895856607,-1.0896359899384002e-28,0.0,0.0,0.0,-0.012868526811912393,unicycle
8.538611584905468,10.574227165242286,1.765,0.0,0.0,-1.5636625379076103,0.4511649714726156,-9.278767927185083e-29,0.0,0.0,0.0,-0.012842220740974195,unicycle
8.538674797192472,10.56520424982891,1.765,0.0,0.0,-1.5639188454937445,0.45115684300451425,-7.89182643243101e-29,0.0,0.0,0.0,-0.012815379306716343,unicycle
8.53873569812642,10.556181493257123,1.765,0.0,0.0,-1.5641746055770083,0.4511481062835563,-6.704557650849504e-29,0.0,0.0,0.0,-0.012788004163178024,unicycle
8.538794292701976,10.54715890827229,1.765,0.0,0.0,-1.5644298075166971,0.45113876350479803,-5.689743719802348e-29,0.0,0.0,0.0,-0.012760096984448601,unicycle
8.538850586019102,10.538136507570801,1.765,0.0,0.0,-1.5646844407059883,0.451128816957059,-4.8235595072750126e-29,0.0,0.0,0.0,-0.01273165946454507,unicycle
8.53890458328266,10.529114303798083,1.765,0.0,0.0,-1.5649384945723344,0.4511182690236522,-4.085219326634991e-29,0.0,0.0,0.0,-0.012702693317296428,unicycle
8.538956289802009,10.520092309546605,1.765,0.0,0.0,-1.5651919585778589,0.4511071221829486,-3.4566437388676136e-29,0.0,0.0,0.0,-0.012673200276234345,unicycle
8.539005710990601,10.511070537353868,1.765,0.0,0.0,-1.5654448222197486,0.4510953790087866,-2.9221500954258275e-29,0.0,0.0,0.0,-0.012643182094489492,unicycle
8.539052852365574,10.50204899970041,1.765,0.0,0.0,-1.5656970750306427,0.4510830421707399,-2.4681686175358742e-29,0.0,0.0,0.0,-0.012612640544692844,unicycle
8.539097719547312,10.493027709007784,1.765,0.0,0.0,-1.5659487065790205,0.45107011443425504,-2.0829844801868323e-29,0.0,0.0,0.0,-0.012581577418881395,unicycle
8.539140318259042,10.484006677636557,1.765,0.0,0.0,-1.5661997064695885,0.45105659866067,-1.7565054444215377e-29,0.0,0.0,0.0,-0.01254999452840781,unicycle
8.539180654326376,10.474985917884304,1.765,0.0,0.0,-1.5664500643436656,0.4510424978071258,-1.4800539610019181e-29,0.0,0.0,0.0,-0.012517893703853457,unicycle
8.539218733676886,10.4659654419836,1.765,0.0,0.0,-1.5666997698795646,0.4510278149263814,-1.2461822750904437e-29,0.0,0.0,0.0,-0.012485276794944405,unicycle
8.539254562339652,10.456945262100033,1.765,0.0,0.0,-1.5669488127929738,0.4510125531665408,-1.0485088356985592e-29,0.0,0.0,0.0,-0.01245214567047002,unicycle
8.5392881464448,10.447925390330212,1.765,0.0,0.0,-1.5671971828373377,0.45099671577070144,-8.815742094322787e-30,0.0,0.0,0.0,-0.012418502218203748,unicycle
8.539319492223054,10.43890583869979,1.765,0.0,0.0,-1.5674448698042343,0.45098030607653244,-7.407146804142116e-30,0.0,0.0,0.0,-0.01238434834482586,unicycle
8.539348606005255,10.429886619161508,1.765,0.0,0.0,-1.5676918635237511,0.45096332751578855,-6.219517605163345e-30,0.0,0.0,0.0,-0.012349685975847772,unicycle
8.539375494221895,10.42086774359322,1.765,0.0,0.0,-1.567938153864862,0.45094578361376747,-5.218959161189421e-30,0.0,0.0,0.0,-0.012314517055537768,unicycle
8.53940016340264,10.411849223795976,1.765,0.0,0.0,-1.5681837307357986,0.45092767798871525,-4.376629245548144e-30,0.0,0.0,0.0,-0.012278843546847886,unicycle
8.53942262017583,10.40283107149208,1.765,0.0,0.0,-1.5684285840844252,0.4509090143511851,-3.6680139419679015e-30,0.0,0.0,0.0,-0.012242667431341775,unicycle
8.539442871268005,10.393813298323181,1.765,0.0,0.0,-1.568672703898608,0.4508897965033541,-3.0723010883773727e-30,0.0,0.0,0.0,-0.012205990709123352,unicycle
8.539460923503382,10.384795915848374,1.765,0.0,0.0,-1.5689160802065834,0.45087002833830175,-2.571839839557145e-30,0.0,0.0,0.0,-0.012168815398766119,unicycle
8.539476783803373,10.375778935542327,1.765,0.0,0.0,-1.5691587030773286,0.4508497138392535,-2.151675457788592e-30,0.0,0.0,0.0,-0.012131143537243,unicycle
8.539490459186059,10.366762368793415,1.765,0.0,0.0,-1.5694005626209258,0.45082885707879256,-1.7991496121456626e-30,0.0,0.0,0.0,-0.012092977179856575,unicycle
8.53950195676568,10.357746226901869,1.765,0.0,0.0,-1.5696416489889289,0.4508074622180425,-1.503557561216022e-30,0.0,0.0,0.0,-0.012054318400169605,unicycle
8.53951128375211,10.34873052107795,1.765,0.0,0.0,-1.5698819523747276,0.4507855335058232,-1.2558546024030223e-30,0.0,0.0,0.0,-0.012015169289935805,unicycle
8.539518447450329,10.33971526244015,1.765,0.0,0.0,-1.5701214630139084,0.4507630752777812,-1.0484050903413353e-30,0.0,0.0,0.0,-0.011975531959030731,unicycle
8.539523455259882,10.330700462013386,1.765,0.0,0.0,-1.570360171184616,0.4507400919554978,-8.747681578170182e-31,0.0,0.0,0.0,-0.011935408535382741,unicycle
8.539526314674358,10.321686130727246,1.765,0.0,0.0,-1.570598067207914,0.45071658804557524,-7.295150178798603e-31,0.0,0.0,0.0,-0.011894801164903953,unicycle
8.539527033280823,10.312672279414224,1.765,0.0,0.0,-1.5708351414481427,0.45069256813870257,-6.080733901623557e-31,0.0,0.0,0.0,-0.01185371201142112,unicycle
8.539525618759278,10.303658918808006,1.765,0.0,0.0,-1.5710713843132746,0.4506680369087025,-5.065951833450649e-31,0.0,0.0,0.0,-0.011812143256606485,unicycle
8.539522078882106,10.294646059541742,1.765,0.0,0.0,-1.571306786255273,0.4506429991115607,-4.218440853070677e-31,0.0,0.0,0.0,-0.011770097099908438,unicycle
8.539516421513506,10.285633712146378,1.765,0.0,0.0,-1.5715413377704426,0.4506174595844377,-3.511001690121241e-31,0.0,0.0,0.0,-0.011727575758481963,unicycle
8.539508654608932,10.276621887048972,1.765,0.0,0.0,-1.5717750293997852,0.4505914232446648,-2.920790217719598e-31,0.0,0.0,0.0,-0.0116845814671189,unicycle
8.539498786214514,10.267610594571057,1.765,0.0,0.0,-1.572007851729349,0.4505648950887241,-2.428632541289495e-31,0.0,0.0,0.0,-0.011641116478177917,unicycle
8.539486824466483,10.258599844927023,1.765,0.0,0.0,-1.5722397953905793,0.4505378801912147,-2.018445478041532e-31,0.0,0.0,0.0,-0.011597183061514221,unicycle
8.539472777590598,10.249589648222507,1.765,0.0,0.0,-1.5724708510606678,0.4505103837038038,-1.6767466515663124e-31,0.0,0.0,0.0,-0.011552783504408953,unicycle
8.539456653901555,10.240580014452819,1.765,0.0,0.0,-1.5727010094628977,0.4504824108541645,-1.3922407016051266e-31,0.0,0.0,0.0,-0.011507920111498206,unicycle
8.53943846180239,10.231570953501388,1.765,0.0,0.0,-1.5729302613669915,0.45045396694490036,-1.155470073548756e-31,0.0,0.0,0.0,-0.01146259520470169,unicycle
8.539418209783893,10.222562475138227,1.765,0.0,0.0,-1.5731585975894542,0.4504250573524576,-9.585205445657835e-32,0.0,0.0,0.0,-0.011416811123151042,unicycle
8.539395906423998,10.213554589018429,1.765,0.0,0.0,-1.5733860089939171,0.4503956875260245,-7.947730983538456e-32,0.0,0.0,0.0,-0.0113705702231177,unicycle
8.539371560387192,10.204547304680677,1.765,0.0,0.0,-1.5736124864914756,0.4503658629864196,-6.586950093562975e-32,0.0,0.0,0.0,-0.011323874877940322,unicycle
8.539345180423892,10.195540631545787,1.765,0.0,0.0,-1.5738380210410348,0.45033558932496753,-5.456640673331259e-32,0.0,0.0,0.0,-0.011276727477951762,unicycle
8.539316775369842,10.18653457891527,1.765,0.0,0.0,-1.5740626036496428,0.4503048722023643,-4.51820788586172e-32,0.0,0.0,0.0,-0.011229130430405573,unicycle
8.539286354145494,10.177529155969916,1.765,0.0,0.0,-1.5742862253728311,0.45027371734753174,-3.7394424211490973e-32,0.0,0.0,0.0,-0.01118108615940201,unicycle
8.539253925755382,10.16852437176841,1.765,0.0,0.0,-1.5745088773149474,0.45024213055646095,-3.093477860510352e-32,0.0,0.0,0.0,-0.011132597105813533,unicycle
8.539219499287508,10.159520235245964,1.765,0.0,0.0,-1.5747305506294913,0.4502101176910461,-2.557915780338977e-32,0.0,0.0,0.0,-0.01108366572720976,unicycle
8.539183083912699,10.150516755212983,1.765,0.0,0.0,-1.574951236519447,0.4501776846779078,-2.1140920677172953e-32,0.0,0.0,0.0,-0.0110342944977819,unicycle
8.539144688883985,10.141513940353754,1.765,0.0,0.0,-1.5751709262376121,0.4501448375072073,-1.7464620304053367e-32,0.0,0.0,0.0,-0.010984485908266606,unicycle
8.539104323535957,10.132511799225153,1.765,0.0,0.0,-1.5753896110869297,0.45011158223145087,-1.4420853731039447e-32,0.0,0.0,0.0,-0.010934242465869262,unicycle
8.53906199728413,10.123510340255379,1.765,0.0,0.0,-1.5756072824208132,0.4500779249642857,-1.1901950712051119e-32,0.0,0.0,0.0,-0.01088356669418665,unicycle
8.539017719624301,10.114509571742724,1.765,0.0,0.0,-1.575823931643476,0.45004387187928646,-9.818366805036696e-33,0.0,0.0,0.0,-0.01083246113312902,unicycle
8.5389715001319,10.10550950185436,1.765,0.0,0.0,-1.5760395502102527,0.45000942920873305,-8.095667435744906e-33,0.0,0.0,0.0,-0.010780928338841506,unicycle
8.538923348461337,10.09651013862516,1.765,0.0,0.0,-1.5762541296279253,0.44997460324238125,-6.672007482018894e-33,0.0,0.0,0.0,-0.010728970883624935,unicycle
8.538873274345352,10.087511489956519,1.765,0.0,0.0,-1.5764676614550426,0.4499394003262241,-5.496026096045857e-33,0.0,0.0,0.0,-0.010676591355855969,unicycle
8.538821287594367,10.07851356361525,1.765,0.0,0.0,-1.5766801373022408,0.4499038268612461,-4.52508928313518e-33,0.0,0.0,0.0,-0.010623792359906539,unicycle
8.538767398095807,10.069516367232458,1.765,0.0,0.0,-1.5768915488325619,0.44986788930216987,-3.7238235535940046e-33,0.0,0.0,0.0,-0.010570576516062592,unicycle
8.538711615813458,10.060519908302467,1.765,0.0,0.0,-1.5771018877617706,0.4498315941561955,-3.0628930654492526e-33,0.0,0.0,0.0,-0.01051694646044218,unicycle
8.53865395078679,10.051524194181768,1.765,0.0,0.0,-1.5773111458586686,0.4497949479817329,-2.5179803409738343e-33,0.0,0.0,0.0,-0.010462904844912784,unicycle
8.538594413130292,10.04252923208799,1.765,0.0,0.0,-1.5775193149454088,0.4497579573871274,-2.068937091061027e-33,0.0,0.0,0.0,-0.010408454337007897,unicycle
8.538533013032806,10.033535029098909,1.765,0.0,0.0,-1.5777263868978055,0.4497206290293788,-1.6990771069231077e-33,0.0,0.0,0.0,-0.010353597619842869,unicycle
8.538469760756849,10.024541592151468,1.765,0.0,0.0,-1.5779323536456464,0.44968296961285426,-1.394587738305908e-33,0.0,0.0,0.0,-0.01029833739203,unicycle
8.538404666637936,10.015548928040841,1.765,0.0,0.0,-1.5781372071729984,0.4496449858879953,-1.1440403069960239e-33,0.0,0.0,0.0,-0.010242676367592855,unicycle
8.538337741083911,10.00655704341951,1.765,0.0,0.0,-1.5783409395185155,0.44960668465001913,-9.379830186813932e-34,0.0,0.0,0.0,-0.01018661727587976,unicycle
8.53826899457426,9.997565944796381,1.765,0.0,0.0,-1.5785435427757453,0.44956807273761423,-7.686026323678144e-34,0.0,0.0,0.0,-0.010130162861476496,unicycle
8.538198437659432,9.988575638535915,1.765,0.0,0.0,-1.578745009093428,0.4495291570316308,-6.294434066875329e-34,0.0,0.0,0.0,-0.01007331588411818,unicycle
8.53812608096015,9.979586130857301,1.765,0.0,0.0,-1.5789453306757997,0.44948994445376644,-5.151737359334706e-34,0.0,0.0,0.0,-0.010016079118600339,unicycle
8.538051935166733,9.970597427833654,1.765,0.0,0.0,-1.5791444997828934,0.44945044196524686,-4.213924740588486e-34,0.0,0.0,0.0,-0.009958455354689082,unicycle
8.537976011038404,9.961609535391228,1.765,0.0,0.0,-1.5793425087308341,0.4494106565655025,-3.444682715646858e-34,0.0,0.0,0.0,-0.009900447397030453,unicycle
8.537898319402597,9.952622459308666,1.765,0.0,0.0,-1.579539349892135,0.44937059529084034,-2.8140635975415533e-34,0.0,0.0,0.0,-0.009842058065058897,unicycle
8.537818871154272,9.943636205216288,1.765,0.0,0.0,-1.5797350156959935,0.44933026521311265,-2.2973814428666325e-34,0.0,0.0,0.0,-0.00978329019290482,unicycle
8.537737677255217,9.934650778595387,1.765,0.0,0.0,-1.5799294986285795,0.4492896734383811,-1.874297447833392e-34,0.0,0.0,0.0,-0.009724146629301295,unicycle
8.537654748733356,9.925666184777565,1.765,0.0,0.0,-1.5801227912333298,0.4492488271055782,-1.5280626419498739e-34,0.0,0.0,0.0,-0.009664630237489794,unicycle
8.537570096682057,9.916682428944107,1.765,0.0,0.0,-1.5803148861112322,0.44920773338516495,-1.2448911156000676e-34,0.0,0.0,0.0,-0.00960474389512505,unicycle
8.53748373225942,9.90769951612535,1.765,0.0,0.0,-1.5805057759211154,0.44916639947778614,-1.0134415213202932e-34,0.0,0.0,0.0,-0.00954449049417895,unicycle
8.537395666687596,9.898717451200124,1.765,0.0,0.0,-1.5806954533799324,0.4491248326129226,-8.243883431163191e-35,0.0,0.0,0.0,-0.009483872940843525,unicycle
8.53730591125208,9.889736238895185,1.765,0.0,0.0,-1.5808839112630413,0.4490830400475409,-6.700675567270354e-35,0.0,0.0,0.0,-0.009422894155432928,unicycle
8.537214477301006,9.880755883784703,1.765,0.0,0.0,-1.5810711424044865,0.4490410290647416,-5.441839093964872e-35,0.0,0.0,0.0,-0.00936155707228446,unicycle
8.537121376244453,9.871776390289753,1.765,0.0,0.0,-1.58125713969728,0.4489988069724045,-4.4156921680150926e-35,0.0,0.0,0.0,-0.009299864639658628,unicycle
8.537026619553739,9.862797762677861,1.765,0.0,0.0,-1.5814418960936727,0.4489563811018332,-3.579828795682488e-35,0.0,0.0,0.0,-0.009237819819638192,unicycle
8.536930218760713,9.853820005062556,1.765,0.0,0.0,-1.5816254046054332,0.44891375880639783,-2.899473227608648e-35,0.0,0.0,0.0,-0.009175425588026209,unicycle
8.53683218545706,9.844843121402967,1.765,0.0,0.0,-1.5818076583041183,0.44887094746017653,-2.3461230939613026e-35,0.0,0.0,0.0,-0.009112684934243095,unicycle
8.536732531293586,9.835867115503438,1.765,0.0,0.0,-1.5819886503213427,0.44882795445659646,-1.8964311567831453e-35,0.0,0.0,0.0,-0.009049600861222626,unicycle
8.536631267974437,9.826891990558453,1.765,0.0,0.0,-1.582168373838674,0.4487848099444457,-1.5312841654848311e-35,0.0,0.0,0.0,-0.00898617586655949,unicycle
8.536528407258546,9.817917749362351,1.765,0.0,0.0,-1.5823468220927432,0.4487415335870942,-1.2350444476053213e-35,0.0,0.0,0.0,-0.008922412703473177,unicycle
8.536423960964546,9.808944394807822,1.765,0.0,0.0,-1.5825239883869207,0.4486981201216424,-9.949257961283662e-36,0.0,0.0,0.0,-0.00885831470886622,unicycle
8.53631794096944,9.799971929819142,1.765,0.0,0.0,-1.5826998660900264,0.44865456762423817,-8.004801317760845e-36,0.0,0.0,0.0,-0.008793885155278059,unicycle
8.53621035920736,9.79100035730071,1.765,0.0,0.0,-1.5828744486353974,0.44861087674470085,-6.431754946567496e-36,0.0,0.0,0.0,-0.008729127268550942,unicycle
8.536101227668468,9.782029680097644,1.765,0.0,0.0,-1.583047729520232,0.4485670501045792,-5.1604929676636095e-36,0.0,0.0,0.0,-0.008664044241723217,unicycle
8.535990558397927,9.773059900965778,1.765,0.0,0.0,-1.5832197023051504,0.44852309182525774,-4.134235636600292e-36,0.0,0.0,0.0,-0.008598639245909062,unicycle
8.535878363494952,9.76409102254908,1.765,0.0,0.0,-1.5833903606139257,0.4484790071593257,-3.3067120876896145e-36,0.0,0.0,0.0,-0.008532915438776812,unicycle
8.535764655111912,9.75512304736276,1.765,0.0,0.0,-1.583559698133348,0.44843480220375054,-2.640242994069861e-36,0.0,0.0,0.0,-0.008466875971118847,unicycle
8.535649445453473,9.746155977780868,1.765,0.0,0.0,-1.583727708613186,0.44839048367769385,-2.1041685772333833e-36,0.0,0.0,0.0,-0.00840052399190902,unicycle
8.535532746775788,9.737189816027275,1.765,0.0,0.0,-1.5838943858662293,0.4483460587512654,-1.673560494265965e-36,0.0,0.0,0.0,-0.008333862652165219,unicycle
8.535414571385719,9.728224564169313,1.765,0.0,0.0,-1.5840597237683864,0.4483015349142947,-1.3281669513800604e-36,0.0,0.0,0.0,-0.008266895107871219,unicycle
8.53529493164005,9.719260224113405,1.765,0.0,0.0,-1.5842237162588302,0.44825691987643285,-1.0515493284683546e-36,0.0,0.0,0.0,-0.008199624522160635,unicycle
8.53517383994476,9.710296797602188,1.765,0.0,0.0,-1.5843863573401686,0.44821222149169,-8.303759759920118e-37,0.0,0.0,0.0,-0.008132054066924578,unicycle
8.535051308754275,9.701334286212791,1.765,0.0,0.0,-1.5845476410786483,0.4481674477019502,-6.538449318463272e-37,0.0,0.0,0.0,-0.008064186923971244,unicycle
8.534927350570761,9.692372691355942,1.765,0.0,0.0,-1.5847075616043653,0.4481226064951517,-5.132123252045969e-37,0.0,0.0,0.0,-0.007996026285838986,unicycle
8.534801977943399,9.683412014275673,1.765,0.0,0.0,-1.584866113111492,0.4480777058747373,-4.014073717854167e-37,0.0,0.0,0.0,-0.007927575356343086,unicycle
8.534675203467676,9.674452256049495,1.765,0.0,0.0,-1.58502328985851,0.4480327538377098,-3.1271827381881697e-37,0.0,0.0,0.0,-0.00785883735091926,unicycle
8.534547039784695,9.665493417588854,1.765,0.0,0.0,-1.5851790861684463,0.44798775835920723,-2.4253614513634362e-37,0.0,0.0,0.0,-0.007789815496813248,unicycle
8.53441749958045,9.656535499639812,1.765,0.0,0.0,-1.5853334964291093,0.44794272738197227,-1.871463923334585e-37,0.0,0.0,0.0,-0.007720513033155004,unicycle
8.53428659558516,9.647578502783867,1.765,0.0,0.0,-1.5854865150933286,0.44789766880945575,-1.435588837551892e-37,0.0,0.0,0.0,-0.007650933210947367,unicycle
8.53415434057255,9.638622427438856,1.765,0.0,0.0,-1.585638136679188,0.4478525905015815,-1.0936980099707412e-37,0.0,0.0,0.0,-0.00758107929299225,unicycle
8.534020747359175,9.629667273859905,1.765,0.0,0.0,-1.585788355770264,0.4478075002724247,-8.264935208347046e-38,0.0,0.0,0.0,-0.0075109545537720285,unicycle
8.53388582880372,9.620713042140405,1.765,0.0,0.0,-1.5859371670158495,0.44776240588923544,-6.185058054633395e-38,0.0,0.0,0.0,-0.007440562279299577,unicycle
8.53374959780631,9.611759732212985,1.765,0.0,0.0,-1.5860845651311883,0.44771731507237655,-4.5735370790676627e-38,0.0,0.0,0.0,-0.007369905766947069,unicycle
8.533612067307825,9.602807343850479,1.765,0.0,0.0,-1.5862305448976939,0.44767223549585355,-3.3314460832630043e-38,0.0,0.0,0.0,-0.007298988325261111,unicycle
8.53347325028921,9.593855876666863,1.765,0.0,0.0,-1.5863751011631693,0.4476271747881984,-2.379885631351026e-38,0.0,0.0,0.0,-0.007227813273769738,unicycle
8.533333159770791,9.584905330118206,1.765,0.0,0.0,-1.5865182288420245,0.44758214053353257,-1.6560517370072044e-38,0.0,0.0,0.0,-0.007156383942785319,unicycle
8.533191808811585,9.575955703503555,1.765,0.0,0.0,-1.586659922915489,0.447537140272685,-1.1100581219402616e-38,0.0,0.0,0.0,-0.00708470367320619,unicycle
8.533049210508615,9.567006995965833,1.765,0.0,0.0,-1.5868001784318155,0.4474921815042788,-7.023703635198318e-39,0.0,0.0,0.0,-0.007012775816318992,unicycle
8.532905377996228,9.55805920649271,1.765,0.0,0.0,-1.5869389905064875,0.4474472716857274,-4.01736456150016e-39,0.0,0.0,0.0,-0.006940603733602985,unicycle
8.532760324445407,9.549112333917437,1.765,0.0,0.0,-1.5870763543224182,0.44740241823410437,-1.835197390461738e-39,0.0,0.0,0.0,-0.006868190796537064,unicycle
8.5326140630631,9.540166376919704,1.765,0.0,0.0,-1.5872122651301463,0.447357628526864,-2.835765258716787e-40,0.0,0.0,0.0,-0.0067955403864099675,unicycle
8.532466607091525,9.531221334026457,1.765,0.0,0.0,-1.587346718248029,0.4473129099024039,7.891591632742061e-40,0.0,0.0,0.0,-0.006722655894133746,unicycle
8.532317969807503,9.52227720361272,1.765,0.0,0.0,-1.5874797090624302,0.44726826966046757,1.5013527134774695e-39,0.0,0.0,0.0,-0.006649540720060527,unicycle
8.532168164521767,9.51333398390242,1.765,0.0,0.0,-1.5876112330279062,0.44722371506238984,1.9449558234289115e-39,0.0,0.0,0.0,-0.00657619827380238,unicycle
8.532017204578297,9.504391672969186,1.765,0.0,0.0,-1.5877412856673876,0.44717925333119446,2.1910690174240812e-39,0.0,0.0,0.0,-0.00650263197405406,unicycle
8.531865103353637,9.495450268737178,1.765,0.0,0.0,-1.587869862572356,0.44713489165155207,2.2943650935643877e-39,0.0,0.0,0.0,-0.006428845248418307,unicycle
8.53171187425622,9.486509768981907,1.765,0.0,0.0,-1.5879969594030203,0.44709063716961084,2.2966143558914486e-39,0.0,0.0,0.0,-0.006354841533233432,unicycle
8.531557530725708,9.47757017133107,1.765,0.0,0.0,-1.5881225718884888,0.4470464969927112,2.229488355680425e-39,0.0,0.0,0.0,-0.006280624273402838,unicycle
8.531402086232305,9.468631473265374,1.765,0.0,0.0,-1.5882466958269332,0.44700247818899685,2.1167849303008393e-39,0.0,0.0,0.0,-0.006206196922226185,unicycle
8.531245554276094,9.459693672119391,1.765,0.0,0.0,-1.5883693270857575,0.44695858778693337,1.9761897814169862e-39,0.0,0.0,0.0,-0.0061315629412319215,unicycle
8.531087948386375,9.450756765082419,1.765,0.0,0.0,-1.5884904616017579,0.4469148327747457,1.8206674943331837e-39,0.0,0.0,0.0,-0.006056725800010859,unicycle
8.530929282120994,9.441820749199355,1.765,0.0,0.0,-1.5886100953812787,0.44687122009978403,1.6595567995418412e-39,0.0,0.0,0.0,-0.005981688976050557,unicycle
8.530769569065681,9.432885621371584,1.765,0.0,0.0,-1.58872822450037,0.446827756667829,1.4994302256781583e-39,0.0,0.0,0.0,-0.0059064559545702775,unicycle
8.530608822833388,9.423951378357879,1.765,0.0,0.0,-1.5888448451049373,0.44678444934234385,1.3447664449172813e-39,0.0,0.0,0.0,-0.005831030228356322,unicycle
8.530447057063633,9.415018016775322,1.765,0.0,0.0,-1.5889599534108891,0.4467413049436812,1.198474040990369e-39,0.0,0.0,0.0,-0.005755415297597534,unicycle
8.530284285421835,9.406085533100251,1.765,0.0,0.0,-1.5890735457042835,0.4466983302482528,1.0622977073112878e-39,0.0,0.0,0.0,-0.005679614669720828,unicycle
8.53012052159867,9.397153923669203,1.765,0.0,0.0,-1.589185618341468,0.4466555319876674,9.371316585921985e-40,0.0,0.0,0.0,-0.005603631859226574,unicycle
8.529955779309406,9.388223184679903,1.765,0.0,0.0,-1.5892961677492183,0.44661291684784293,8.232600291838683e-40,0.0,0.0,0.0,-0.005527470387523766,unicycle
8.529790072293258,9.379293312192248,1.765,0.0,0.0,-1.5894051904248738,0.4465704914680979,7.20540003700097e-40,0.0,0.0,0.0,-0.005451133782764808,unicycle
8.529623414312734,9.37036430212932,1.765,0.0,0.0,-1.5895126829364672,0.4465282624402263,6.2854019211014534e-40,0.0,0.0,0.0,-0.005374625579679837,unicycle
8.529455819152998,9.361436150278422,1.765,0.0,0.0,-1.589618641922855,0.44648623630756,5.466441695965041e-40,0.0,0.0,0.0,-0.005297949319410518,unicycle
8.529287300621217,9.352508852292136,1.765,0.0,0.0,-1.589723064093842,0.4464444195640223,4.741270270834621e-40,0.0,0.0,0.0,-0.005221108549343217,unicycle
8.52911787254592,9.343582403689386,1.765,0.0,0.0,-1.5898259462303006,0.4464028186531752,4.10211120923971e-40,0.0,0.0,0.0,-0.005144106822941577,unicycle
8.528947548776358,9.334656799856525,1.765,0.0,0.0,-1.5899272851842923,0.446361439967263,3.541058883735494e-40,0.0,0.0,0.0,-0.00506694769957834,unicycle
8.528776343181871,9.325732036048464,1.765,0.0,0.0,-1.5900270778791794,0.4463202898462551,3.0503554330484605e-40,0.0,0.0,0.0,-0.004989634744366457,unicycle
8.528604269651247,9.316808107389791,1.765,0.0,0.0,-1.590125321309739,0.44627937457688904,2.622576308774075e-40,0.0,0.0,0.0,-0.004912171527989432,unicycle
8.52843134209209,9.307885008875926,1.765,0.0,0.0,-1.5902220125422697,0.44623870039171654,2.2507475758019288e-40,0.0,0.0,0.0,-0.004834561626530863,unicycle
8.52825757443019,9.298962735374289,1.765,0.0,0.0,-1.5903171487146959,0.44619827346815333,1.9284128953398557e-40,0.0,0.0,0.0,-0.004756808621303205,unicycle
8.5280829806089,9.290041281625498,1.765,0.0,0.0,-1.5904107270366696,0.4461580999275342,1.649663992440258e-40,0.0,0.0,0.0,-0.0046789160986756865,unicycle
8.527907574588497,9.281120642244568,1.765,0.0,0.0,-1.5905027447896674,0.4461181858341747,1.40914516656746e-40,0.0,0.0,0.0,-0.004600887649901422,unicycle
8.527731370345574,9.272200811722147,1.765,0.0,0.0,-1.5905931993270863,0.4460785371944401,1.2020398634209411e-40,0.0,0.0,0.0,-0.004522726870943672,unicycle
8.527554381872406,9.263281784425764,1.765,0.0,0.0,-1.5906820880743322,0.4460391599558231,1.0240453440764579e-40,0.0,0.0,0.0,-0.004444437362301287,unicycle
8.527376623176337,9.254363554601097,1.765,0.0,0.0,-1.590769408528909,0.4460000600060301,8.713399474701906e-41,0.0,0.0,0.0,-0.004366022728833335,unicycle
8.527198108279169,9.245446116373255,1.765,0.0,0.0,-1.5908551582605006,0.4459612431720775,7.405462515085932e-41,0.0,0.0,0.0,-0.0042874865795828766,unicycle
8.527018851216539,9.236529463748083,1.765,0.0,0.0,-1.5909393349110525,0.44592271521939847,6.286925225284266e-41,0.0,0.0,0.0,-0.0042088325275999195,unicycle
8.526838866037313,9.227613590613485,1.765,0.0,0.0,-1.5910219361948479,0.4458844818509603,5.331741433973302e-41,0.0,0.0,0.0,-0.004130064189763589,unicycle
8.526658166802976,9.218698490740763,1.765,0.0,0.0,-1.5911029598985797,0.44584654870639356,4.5171618026373104e-41,0.0,0.0,0.0,-0.004051185186603506,unicycle
8.526476767587022,9.20978415778598,1.765,0.0,0.0,-1.5911824038814222,0.4458089213611322,3.8233784956050974e-41,0.0,0.0,0.0,-0.003972199142120355,unicycle
8.526294682474358,9.200870585291328,1.765,0.0,0.0,-1.5912602660750943,0.4457716053255665,3.2331935082931096e-41,0.0,0.0,0.0,-0.003893109683605677,unicycle
8.526111925560697,9.191957766686524,1.765,0.0,0.0,-1.5913365444839234,0.44573460604420795,2.7317131395978536e-41,0.0,0.0,0.0,-0.003813920441460908,unicycle
8.52592851095196,9.18304569529022,1.765,0.0,0.0,-1.5914112371849043,0.44569792889486737,2.3060695318358016e-41,0.0,0.0,0.0,-0.0037346350490156557,unicycle
8.52574445276368,9.174134364311426,1.765,0.0,0.0,-1.5914843423277507,0.4456615791878449,1.9451691022699196e-41,0.0,0.0,0.0,-0.003655257142345268,unicycle
8.525559765120407,9.165223766850955,1.765,0.0,0.0,-1.591555858134953,0.4456255621651342,1.6394669414728102e-41,0.0,0.0,0.0,-0.0035757903600876647,unicycle
8.525374462155119,9.156313895902882,1.765,0.0,0.0,-1.591625782901818,0.44558988299963975,1.3807657678320356e-41,0.0,0.0,0.0,-0.0034962383432594864,unicycle
8.52518855800863,9.147404744356011,1.765,0.0,0.0,-1.5916941149965194,0.44555454679440754,1.1620377363736507e-41,0.0,0.0,0.0,-0.0034166047350715494,unicycle
8.525002066829007,9.13849630499538,1.765,0.0,0.0,-1.5917608528601346,0.4455195585818695,9.772672512787721e-42,0.0,0.0,0.0,-0.003336893180743656,unicycle
8.524815002770978,9.12958857050375,1.765,0.0,0.0,-1.5918259950066809,0.445484923323102,8.213128847389597e-42,0.0,0.0,0.0,-0.0032571073273187476,unicycle
8.524627379995366,9.120681533463129,1.765,0.0,0.0,-1.59188954002315,0.4454506459070984,6.897865294756073e-42,0.0,0.0,0.0,-0.0031772508234764385,unicycle
8.524439212668488,9.111775186356315,1.765,0.0,0.0,-1.591951486569537,0.4454167311500556,5.789479851691533e-42,0.0,0.0,0.0,-0.003097327319345926,unicycle
8.524250514961599,9.102869521568431,1.765,0.0,0.0,-1.5920118333788633,0.4453831837946754,4.856132828727987e-42,0.0,0.0,0.0,-0.003017340466318351,unicycle
8.524061301050304,9.0939645313885,1.765,0.0,0.0,-1.592070579257201,0.44535000850947937,4.070751734098324e-42,0.0,0.0,0.0,-0.0029372939168585688,unicycle
8.523871585113994,9.085060208011008,1.765,0.0,0.0,-1.592127723083687,0.4453172098881395,3.410343364442298e-42,0.0,0.0,0.0,-0.0028571913243163583,unicycle
8.523681381335267,9.07615654353751,1.765,0.0,0.0,-1.592183263810542,0.4452847924488223,2.8553999970984048e-42,0.0,0.0,0.0,-0.0027770363427371612,unicycle
8.523490703899375,9.067253529978217,1.765,0.0,0.0,-1.5922372004630756,0.4452527606335485,2.389387881523986e-42,0.0,0.0,0.0,-0.0026968326266722732,unicycle
8.523299566993645,9.058351159253625,1.765,0.0,0.0,-1.5922895321396953,0.4452211188075672,1.9983074737939255e-42,0.0,0.0,0.0,-0.0026165838309885657,unicycle
8.523107984806925,9.049449423196132,1.765,0.0,0.0,-1.5923402580119088,0.445189871258745,1.6703160286654387e-42,0.0,0.0,0.0,-0.0025362936106777543,unicycle
8.522915971529029,9.040548313551682,1.765,0.0,0.0,-1.5923893773243216,0.4451590221969703,1.3954042471947129e-42,0.0,0.0,0.0,-0.002455965620665226,unicycle
8.52272354135016,9.03164782198142,1.765,0.0,0.0,-1.5924368893946346,0.44512857575357245,1.1651196692928202e-42,0.0,0.0,0.0,-0.002375603515618458,unicycle
8.522530708460378,9.02274794006335,1.765,0.0,0.0,-1.5924827936136294,0.4450985359807562,9.723303991980567e-43,0.0,0.0,0.0,-0.0022952109497550617,unicycle
8.522337487049025,9.013848659294014,1.765,0.0,0.0,-1.5925270894451624,0.44506890685105155,8.110235599040365e-43,0.0,0.0,0.0,-0.002214791576650433,unicycle
8.522143891304196,9.004949971090173,1.765,0.0,0.0,-1.5925697764261435,0.4450396922567783,6.761335943911372e-43,0.0,0.0,0.0,-0.0021343490490450664,unicycle
8.521949935412177,8.996051866790511,1.765,0.0,0.0,-1.5926108541665167,0.4450108960095267,5.633961725735446e-43,0.0,0.0,0.0,-0.002053887018651528,unicycle
8.521755633556898,8.987154337657325,1.765,0.0,0.0,-1.592650322349236,0.4449825218396531,4.692240293889088e-43,0.0,0.0,0.0,-0.001973409135961139,unicycle
8.521560999919394,8.978257374878263,1.765,0.0,0.0,-1.5926881807302373,0.44495457339579103,3.9060155789983885e-43,0.0,0.0,0.0,-0.0018929190500504222,unicycle
8.521366048677269,8.96936096956803,1.765,0.0,0.0,-1.592724429138405,0.44492705424437806,3.2499541812428057e-43,0.0,0.0,0.0,-0.0018124204083872783,unicycle
8.52117079400414,8.960465112770132,1.765,0.0,0.0,-1.5927590674755379,0.4448999678691979,2.7027880385030913e-43,0.0,0.0,0.0,-0.0017319168566368916,unicycle
8.520975250069114,8.95156979545862,1.765,0.0,0.0,-1.5927920957163069,0.444873317670938,2.246673418846679e-43,0.0,0.0,0.0,-0.0016514120384674826,unicycle
8.52077943103625,8.942675008539839,1.765,0.0,0.0,-1.592823513908214,0.44484710696676394,1.8666488660008296e-43,0.0,0.0,0.0,-0.0015709095953558997,unicycle
8.520583351064023,8.93378074285419,1.765,0.0,0.0,-1.5928533221715422,0.4448213389899077,1.550177224110437e-43,0.0,0.0,0.0,-0.0014904131663929674,unicycle
8.520387024304794,8.924886989177896,1.765,0.0,0.0,-1.5928815206993039,0.44479601688927306,1.2867590259369145e-43,0.0,0.0,0.0,-0.0014099263880887826,unicycle
8.520190464904283,8.915993738224783,1.765,0.0,0.0,-1.5929081097571873,0.44477114372905596,1.0676063889341818e-43,0.0,0.0,0.0,-0.0013294528941778891,unicycle
8.519993687001039,8.907100980648062,1.765,0.0,0.0,-1.5929330896834961,0.4447467224883813,8.853681641848752e-44,0.0,0.0,0.0,-0.0012489963154244067,unicycle
8.51979670472592,8.898208707042114,1.765,0.0,0.0,-1.5929564608890847,0.4447227560609548,7.33898457720198e-44,0.0,0.0,0.0,-0.0011685602794270018,unicycle
8.51959953220157,8.889316907944288,1.765,0.0,0.0,-1.5929782238572932,0.44469924725473137,6.08061822170242e-44,0.0,0.0,0.0,-0.0010881484104239764,unicycle
8.519402183541889,8.880425573836714,1.765,0.0,0.0,-1.592998379143875,0.4446761987915989,5.03569425363637e-44,0.0,0.0,0.0,-0.0010077643290982005,unicycle
8.51920467285153,8.871534695148096,1.765,0.0,0.0,-1.5930169273769228,0.4446536133070782,4.168413645756139e-44,0.0,0.0,0.0,-0.0009274116523821513,unicycle
8.519007014225368,8.862644262255538,1.765,0.0,0.0,-1.593033869256788,0.4446314933500382,3.4489103088029797e-44,0.0,0.0,0.0,-0.0008470939932630878,unicycle
8.518809221747995,8.853754265486362,1.765,0.0,0.0,-1.5930492055559997,0.444609841382428,2.8522805517535987e-44,0.0,0.0,0.0,-0.0007668149605880926,unicycle
8.518611309493204,8.844864695119925,1.765,0.0,0.0,-1.5930629371191771,0.444588659779024,2.3577690128959954e-44,0.0,0.0,0.0,-0.000686578158869187,unicycle
8.51841329152348,8.835975541389466,1.765,0.0,0.0,-1.5930750648629393,0.4445679508271934,1.948086254907975e-44,0.0,0.0,0.0,-0.0006063871880889137,unicycle
8.518215181889483,8.827086794483915,1.765,0.0,0.0,-1.593085589775809,0.44454771672667326,1.6088370721822433e-44,0.0,0.0,0.0,-0.0005262456435058167,unicycle
8.518016994629548,8.81819844454975,1.765,0.0,0.0,-1.5930945129181178,0.44452795958936575,1.3280418292924148e-44,0.0,0.0,0.0,-0.0004461571154600537,unicycle
8.517818743769178,8.809310481692837,1.765,0.0,0.0,-1.593101835421902,0.4445086814391493,1.0957359214984382e-44,0.0,0.0,0.0,-0.0003661251891793715,unicycle
8.517620443310319,8.800422895521494,1.765,0.0,0.0,-1.5931075584885763,0.44448990715550324,9.036347952897463e-45,0.0,0.0,0.0,-0.0002861533337320133,unicycle
8.517422107235584,8.79153567536029,1.765,0.0,0.0,-1.5931116833899357,0.44447165093056323,7.448539524440413e-45,0.0,0.0,0.0,-0.00020624506795589474,unicycle
8.517223749518992,8.78264881075513,1.765,0.0,0.0,-1.5931142114705106,0.44445390169913096,6.136750391580952e-45,0.0,0.0,0.0,-0.00012640402872295134,unicycle
8.517025384123968,8.773762291408005,1.765,0.0,0.0,-1.5931151441470777,0.4444366516636419,5.053505388644377e-45,0.0,0.0,0.0,-4.663382834428631e-05,unicycle
8.516827025001689,8.764876107127154,1.765,0.0,0.0,-1.5931144829082493,0.444419895522924,4.159407830009714e-45,0.0,0.0,0.0,3.3061941381118986e-05,unicycle
8.516628686089701,8.755990247789354,1.765,0.0,0.0,-1.59311222931413,0.4444036298659018,3.421780020424907e-45,0.0,0.0,0.0,0.00011267970596202987,unicycle
8.516430381310753,8.747104703311706,1.765,0.0,0.0,-1.593108384996016,0.4443878526965627,2.813529883219984e-45,0.0,0.0,0.0,0.00019221590570611002,unicycle
8.516232124571799,8.73821946363083,1.765,0.0,0.0,-1.5931029516561404,0.4443725630631599,2.3122065706028493e-45,0.0,0.0,0.0,0.00027166699378008714,unicycle
8.516033929763115,8.729334518687834,1.765,0.0,0.0,-1.593095931067446,0.444357760769998,1.8992139340177312e-45,0.0,0.0,0.0,0.0003510294347325507,unicycle
8.515835810757547,8.72044985841772,1.765,0.0,0.0,-1.5930873250733781,0.4443434461544826,1.5591557879568684e-45,0.0,0.0,0.0,0.0004302997033904381,unicycle
8.515637781409808,8.711565472742251,1.765,0.0,0.0,-1.5930771355876971,0.4443296199156035,1.2792911475138122e-45,0.0,0.0,0.0,0.0005094742840552673,unicycle
8.515439855555854,8.702681351565406,1.765,0.0,0.0,-1.5930653645942985,0.4443162829828269,1.049081185323257e-45,0.0,0.0,0.0,0.0005885496699382617,unicycle
8.515242047012304,8.693797484770844,1.765,0.0,0.0,-1.593052014147043,0.4443034364166311,8.598126448155898e-46,0.0,0.0,0.0,0.0006675223627844232,unicycle
8.515044369575886,8.684913862220851,1.765,0.0,0.0,-1.59303708636959,0.4442910813337232,7.042849548013948e-46,0.0,0.0,0.0,0.0007463888726448124,unicycle
8.514846837022914,8.676030473756418,1.765,0.0,0.0,-1.5930205834552347,0.44427921885142735,5.765503920720968e-46,0.0,0.0,0.0,0.0008251457177641059,unicycle
8.514649463108789,8.667147309198109,1.765,0.0,0.0,-1.5930025076667436,0.4442678500468921,4.716983987731156e-46,0.0,0.0,0.0,0.0009037894245569294,unicycle
8.514452261567518,8.658264358347534,1.765,0.0,0.0,-1.592982861336191,0.4442569759276874,3.856766344460282e-46,0.0,0.0,0.0,0.000982316527651803,unicycle
8.514255246111222,8.649381610989224,1.765,0.0,0.0,-1.5929616468647914,0.44424659741110095,3.1514257492414282e-46,0.0,0.0,0.0,0.0010607235699858718,unicycle
8.514058430429682,8.640499056892802,1.765,0.0,0.0,-1.5929388667227327,0.4442367153100276,2.5734050050784974e-46,0.0,0.0,0.0,0.0011390071029371094,unicycle
8.513861828189865,8.631616685815322,1.765,0.0,0.0,-1.5929145234490032,0.44422733032381173,2.0999957670052957e-46,0.0,0.0,0.0,0.0012171636864836731,unicycle
8.513665453035475,8.622734487503726,1.765,0.0,0.0,-1.592888619651215,0.4442184430327679,1.7124944971774286e-46,0.0,0.0,0.0,0.0012951898893823603,unicycle
8.513469318586484,8.613852451697353,1.765,0.0,0.0,-1.5928611580054277,0.4442100538953989,1.3955037907368893e-46,0.0,0.0,0.0,0.0013730822893599456,unicycle
8.51327343843868,8.60497056813047,1.765,0.0,0.0,-1.5928321412559616,0.44420216324755485,1.1363543018462902e-46,0.0,0.0,0.0,0.0014508374733127414,unicycle
8.513077826163217,8.596088826534775,1.765,0.0,0.0,-1.5928015722152113,0.44419477130296015,9.246266737910242e-47,0.0,0.0,0.0,0.00152845203751085,unicycle
8.512882495306156,8.587207216641893,1.765,0.0,0.0,-1.5927694537634551,0.44418787815467187,7.517563561615655e-47,0.0,0.0,0.0,0.0016059225878045577,unicycle
8.512687459388012,8.57832572818582,1.765,0.0,0.0,-1.5927357888486586,0.444181483777145,6.107070902502889e-47,0.0,0.0,0.0,0.0016832457398309694,unicycle
8.512492731903299,8.569444350905309,1.765,0.0,0.0,-1.5927005804862744,0.4441755880286629,4.957012567632607e-47,0.0,0.0,0.0,0.0017604181192195198,unicycle
8.512298326320082,8.560563074546218,1.765,0.0,0.0,-1.5926638317590387,0.44417019065395663,4.0199728799728647e-47,0.0,0.0,0.0,0.0018374363617954974,unicycle
8.512104256079512,8.551681888863794,1.765,0.0,0.0,-1.5926255458167633,0.44416529128688836,3.257060169095859e-47,0.0,0.0,0.0,0.0019142971137810197,unicycle
8.511910534595383,8.542800783624912,1.765,0.0,0.0,-1.5925857258761231,0.44416088945311005,2.6363922416493545e-47,0.0,0.0,0.0,0.0019909970319930666,unicycle
8.511717175253672,8.533919748610254,1.765,0.0,0.0,-1.5925443752204425,0.44415698457263886,2.1318479821884817e-47,0.0,0.0,0.0,0.002067532784038446,unicycle
8.511524191412079,8.525038773616435,1.765,0.0,0.0,-1.5925014971994724,0.4441535759623109,1.7220388199568334e-47,0.0,0.0,0.0,0.0021439010485056146,unicycle
8.511331596399584,8.516157848458098,1.765,0.0,0.0,-1.5924570952291695,0.44415066283809274,1.3894617548654364e-47,0.0,0.0,0.0,0.002220098515153381,unicycle
8.511139403515989,8.507276962969948,1.765,0.0,0.0,-1.5924111727914674,0.4441482443172386,1.1198022394487703e-47,0.0,0.0,0.0,0.002296121885096635,unicycle
8.510947626031458,8.498396107008753,1.765,0.0,0.0,-1.5923637334340472,0.44414631942029337,9.01360690864961e-48,0.0,0.0,0.0,0.002371967870989185,unicycle
8.510756277186072,8.489515270455318,1.765,0.0,0.0,-1.5923147807701032,0.44414488707294325,7.245809480344636e-48,0.0,0.0,0.0,0.0024476331972038507,unicycle
8.510565370189369,8.480634443216399,1.765,0.0,0.0,-1.5922643184781031,0.444143946107722,5.816627520807949e-48,0.0,0.0,0.0,0.002523114600009955,unicycle
8.510374918219886,8.471753615226609,1.765,0.0,0.0,-1.5922123503015482,0.44414349526558283,4.6624344518895774e-48,0.0,0.0,0.0,0.002598408827748394,unicycle
8.510184934424723,8.46287277645028,1.765,0.0,0.0,-1.5921588800487279,0.4441435331973467,3.7313666358069676e-48,0.0,0.0,0.0,0.0026735126410044312,unicycle
8.509995431919073,8.4539919168833,1.765,0.0,0.0,-1.5921039115924722,0.44414405846503885,2.981179358345277e-48,0.0,0.0,0.0,0.002748422812778338,unicycle
8.509806423785772,8.44511102655494,1.765,0.0,0.0,-1.5920474488698992,0.444145069543126,2.3774886419197794e-48,0.0,0.0,0.0,0.002823136128654,unicycle
8.509617923074856,8.436230095529629,1.765,0.0,0.0,-1.5919894958821599,0.4441465648196636,1.892330269130129e-48,0.0,0.0,0.0,0.0028976493869655876,unicycle
8.509429942803106,8.427349113908729,1.765,0.0,0.0,-1.5919300566941805,0.4441485425973662,1.5029794661867168e-48,0.0,0.0,0.0,0.002971959398962426,unicycle
8.509242495953588,8.418468071832288,1.765,0.0,0.0,-1.5918691354344014,0.4441510010946103,1.1909846644088477e-48,0.0,0.0,0.0,0.003046062988972118,unicycle
8.509055595475218,8.409586959480755,1.765,0.0,0.0,-1.5918067362945103,0.4441539384463783,9.413769884035827e-49,0.0,0.0,0.0,0.0031199569945619668,unicycle
8.508869254282295,8.400705767076701,1.765,0.0,0.0,-1.5917428635291762,0.4441573527051527,7.420239114783042e-49,0.0,0.0,0.0,0.0031936382666987945,unicycle
8.508683485254066,8.391824484886508,1.765,0.0,0.0,-1.5916775214557781,0.44416124184176875,5.8310112106205445e-49,0.0,0.0,0.0,0.003267103669907213,unicycle
8.508498301234265,8.38294310322204,1.765,0.0,0.0,-1.5916107144541298,0.4441656037462311,4.566612555957933e-49,0.0,0.0,0.0,0.0033403500824263736,unicycle
8.50831371503068,8.374061612442302,1.765,0.0,0.0,-1.5915424469662023,0.44417043622850166,3.562819803301706e-49,0.0,0.0,0.0,0.003413374396365212,unicycle
8.50812973941468,8.365180002955086,1.765,0.0,0.0,-1.591472723495845,0.44417573701926366,2.7677900421360785e-49,0.0,0.0,0.0,0.003486173517856218,unicycle
8.507946387120793,8.356298265218594,1.765,0.0,0.0,-1.591401548608501,0.4441815037706664,2.1397222066927054e-49,0.0,0.0,0.0,0.0035587443672077477,unicycle
8.507763670846247,8.347416389743053,1.765,0.0,0.0,-1.5913289269309199,0.4441877340570557,1.6449527843819836e-49,0.0,0.0,0.0,0.003631083879054909,unicycle
8.507581603250522,8.338534367092302,1.765,0.0,0.0,-1.5912548631508698,0.44419442537569265,1.256406349366038e-49,0.0,0.0,0.0,0.0037031890025090476,unicycle
8.50740019695491,8.329652187885383,1.765,0.0,0.0,-1.5911793620168435,0.44420157514746444,9.523357997425565e-50,0.0,0.0,0.0,0.003775056701305754,unicycle
8.50721946454206,8.320769842798104,1.765,0.0,0.0,-1.5911024283377646,0.44420918071758975,7.15298969343508e-50,0.0,0.0,0.0,0.0038466839539514305,unicycle
8.507039418555545,8.311887322564584,1.765,0.0,0.0,-1.5910240669826874,0.4442172393563212,5.313279681894297e-50,0.0,0.0,0.0,0.0039180677538684615,unicycle
8.50686007149941,8.303004617978798,1.765,0.0,0.0,-1.5909442828804963,0.44422574825964695,3.892555522489836e-50,0.0,0.0,0.0,0.003989205109538964,unicycle
8.50668143583773,8.294121719896097,1.765,0.0,0.0,-1.5908630810196032,0.44423470454999264,2.8016934114318697e-50,0.0,0.0,0.0,0.004060093044647063,unicycle
8.506503523994168,8.28523861923471,1.765,0.0,0.0,-1.5907804664476388,0.4442441052769258,1.969700456455398e-50,0.0,0.0,0.0,0.004130728598219726,unicycle
8.506326348351523,8.276355306977237,1.765,0.0,0.0,-1.5906964442711435,0.44425394741786356,1.3401424449890195e-50,0.0,0.0,0.0,0.004201108824766142,unicycle
8.506149921251302,8.26747177417213,1.765,0.0,0.0,-1.5906110196552552,0.44426422787878456,8.682583458190589e-51,0.0,0.0,0.0,0.004271230794415633,unicycle
8.505974254993268,8.258588011935151,1.765,0.0,0.0,-1.590524197823394,0.44427494349494634,5.186321176583931e-51,0.0,0.0,0.0,0.004341091593054101,unicycle
8.505799361834999,8.249704011450815,1.765,0.0,0.0,-1.5904359840569444,0.4442860910316089,2.6331638744500653e-51,0.0,0.0,0.0,0.00441068832245898,unicycle
8.505625253991456,8.240819763973832,1.765,0.0,0.0,-1.5903463836949359,0.4442976671847645,8.032216810703896e-52,0.0,0.0,0.0,0.0044800181004326905,unicycle
8.505451943634522,8.231935260830502,1.765,0.0,0.0,-1.5902554021337174,0.44430966858187504,-4.759519976327347e-52,0.0,0.0,0.0,0.004549078060934571,unicycle
8.505279442892594,8.223050493420134,1.765,0.0,0.0,-1.590163044826633,0.4443220917826162,-1.3391062591259888e-51,0.0,0.0,0.0,0.0046178653542113205,unicycle
8.505107763850107,8.21416545321642,1.765,0.0,0.0,-1.5900693172836944,0.4443349332796301,-1.8911044899363444e-51,0.0,0.0,0.0,0.004686377146925911,unicycle
8.504936918547127,8.205280131768804,1.765,0.0,0.0,-1.5899742250712483,0.44434818949928534,-2.2131760522000703e-51,0.0,0.0,0.0,0.0047546106222849495,unicycle
8.504766918978888,8.196394520703832,1.765,0.0,0.0,-1.589877773811645,0.4443618568024461,-2.3679109727959772e-51,0.0,0.0,0.0,0.004822562980164483,unicycle
8.50459777709537,8.18750861172649,1.765,0.0,0.0,-1.5897799691829004,0.4443759314852485,-2.4032431167461098e-51,0.0,0.0,0.0,0.004890231437234263,unicycle
8.504429504800854,8.178622396621511,1.765,0.0,0.0,-1.5896808169183587,0.4443904097798862,-2.3556204650907973e-51,0.0,0.0,0.0,0.004957613227080439,unicycle
8.504262113953484,8.169735867254698,1.765,0.0,0.0,-1.5895803228063523,0.44440528785540384,-2.2525230364142032e-51,0.0,0.0,0.0,0.005024705600326673,unicycle
8.504095616364838,8.160849015574177,1.765,0.0,0.0,-1.589478492689857,0.44442056181849965,-2.1144580712961422e-51,0.0,0.0,0.0,0.0050915058247536765,unicycle
8.503930023799484,8.151961833611699,1.765,0.0,0.0,-1.5893753324661493,0.4444362277143361,-1.9565370153899094e-51,0.0,0.0,0.0,0.005158011185417172,unicycle
8.503765347974545,8.14307431348386,1.765,0.0,0.0,-1.589270848086454,0.4444522815273588,-1.7897185063836663e-51,0.0,0.0,0.0,0.005224218984764223,unicycle
8.503601600559271,8.13418644739335,1.765,0.0,0.0,-1.589165045555599,0.4444687191821242,-1.6217851077154126e-51,0.0,0.0,0.0,0.005290126542747974,unicycle
8.503438793174595,8.125298227630163,1.765,0.0,0.0,-1.5890579309316601,0.44448553654413536,-1.4581082148481667e-51,0.0,0.0,0.0,0.0053557311969407734,unicycle
8.503276937392705,8.116409646572793,1.765,0.0,0.0,-1.5889495103256075,0.44450272942068564,-1.3022447984065624e-51,0.0,0.0,0.0,0.005421030302645686,unicycle
8.503116044736611,8.107520696689415,1.765,0.0,0.0,-1.5888397899009474,0.4445202935617113,-1.1564009615969097e-51,0.0,0.0,0.0,0.005486021233006391,unicycle
8.502956126679711,8.098631370539042,1.765,0.0,0.0,-1.5887287758733648,0.4445382246606513,-1.0217902851774211e-51,0.0,0.0,0.0,0.005550701379115442,unicycle
8.502797194645357,8.089741660772676,1.765,0.0,0.0,-1.5886164745103624,0.4445565183553154,-8.989092926944889e-52,0.0,0.0,0.0,0.005615068150120877,unicycle
8.502639260006422,8.080851560134416,1.765,0.0,0.0,-1.5885028921308957,0.44457517022875986,-7.877478320988804e-52,0.0,0.0,0.0,0.005679118973331192,unicycle
8.502482334084876,8.071961061462579,1.765,0.0,0.0,-1.5883880351050097,0.4445941758101708,-6.879485260965959e-52,0.0,0.0,0.0,0.005742851294318689,unicycle
8.502326428151346,8.063070157690778,1.765,0.0,0.0,-1.588271909853469,0.4446135305757549,-5.989265211793408e-52,0.0,0.0,0.0,0.005806262577021171,unicycle
8.502171553424693,8.054178841848989,1.765,0.0,0.0,-1.5881545228473921,0.444633229949638,-5.199584250233331e-52,0.0,0.0,0.0,0.005869350303841972,unicycle
8.502017721071587,8.045287107064611,1.765,0.0,0.0,-1.5880358806078771,0.44465326930476984,-4.502474509617298e-52,0.0,0.0,0.0,0.005932111975748361,unicycle
8.50186494220606,8.036394946563476,1.765,0.0,0.0,-1.58791598970563,0.4446736439638365,-3.8897029506912035e-52,0.0,0.0,0.0,0.005994545112368279,unicycle
8.5017132278891,8.027502353670874,1.765,0.0,0.0,-1.587794856760588,0.44469434920018003,-3.353100820198128e-52,0.0,0.0,0.0,0.0060566472520854064,unicycle
8.501562589128207,8.018609321812539,1.765,0.0,0.0,-1.5876724884415454,0.444715380238724,-2.8847877043690035e-52,0.0,0.0,0.0,0.0061184159521325806,unicycle
8.501413036876983,8.009715844515616,1.765,0.0,0.0,-1.587548891465772,0.44473673225690596,-2.4773165858611733e-52,0.0,0.0,0.0,0.0061798487886835715,unicycle
8.501264582034688,8.00082191540962,1.765,0.0,0.0,-1.5874240725986335,0.44475840038561665,-2.1237603797594036e-52,0.0,0.0,0.0,0.006240943356943191,unicycle
8.501117235445827,7.991927528227355,1.765,0.0,0.0,-1.5872980386532087,0.4447803797101447,-1.8177557426393938e-52,0.0,0.0,0.0,0.006301697271235707,unicycle
8.500971007899723,7.983032676805836,1.765,0.0,0.0,-1.5871707964899069,0.4448026652711279,-1.553516265333861e-52,0.0,0.0,0.0,0.006362108165091611,unicycle
8.500825910130091,7.974137355087175,1.765,0.0,0.0,-1.5870423530160802,0.44482525206550994,-1.3258242715165136e-52,0.0,0.0,0.0,0.006422173691332752,unicycle
8.500681952814618,7.965241557119451,1.765,0.0,0.0,-1.5869127151856368,0.4448481350475035,-1.1300081872388511e-52,0.0,0.0,0.0,0.006481891522155804,unicycle
8.500539146574543,7.956345277057563,1.765,0.0,0.0,-1.5867818899986526,0.4448713091295582,-9.61910690234361e-53,0.0,0.0,0.0,0.006541259349214057,unicycle
8.500397501974229,7.947448509164057,1.765,0.0,0.0,-1.5866498845009784,0.44489476918333426,-8.178514874009736e-53,0.0,0.0,0.0,0.00660027488369756,unicycle
8.500257029520752,7.938551247809937,1.765,0.0,0.0,-1.58651670578385,0.44491851004068134,-6.9458752070426425e-53,0.0,0.0,0.0,0.006658935856411622,unicycle
8.500117739663471,7.929653487475453,1.765,0.0,0.0,-1.5863823609834933,0.44494252649462196,-5.892725990779337e-53,0.0,0.0,0.0,0.0067172400178536155,unicycle
8.499979642793624,7.920755222750866,1.765,0.0,0.0,-1.5862468572807271,0.44496681330034055,-4.994178436220033e-53,0.0,0.0,0.0,0.006775185138288178,unicycle
8.499842749243896,7.9118564483372005,1.765,0.0,0.0,-1.5861102019005706,0.4449913651761764,-4.228538733304828e-53,0.0,0.0,0.0,0.0068327690078207595,unicycle
8.499707069288014,7.902957159046963,1.765,0.0,0.0,-1.585972402111841,0.4450161768046214,-3.5769531529494733e-53,0.0,0.0,0.0,0.006889989436469505,unicycle
8.499572613140321,7.894057349804853,1.765,0.0,0.0,-1.5858334652267565,0.44504124283332247,-3.023079704110546e-53,0.0,0.0,0.0,0.006946844254235506,unicycle
8.499439390955374,7.885157015648442,1.765,0.0,0.0,-1.585693398600533,0.4450665578760873,-2.55278782239902e-53,0.0,0.0,0.0,0.007003331311171406,unicycle
8.49930741282752,7.876256151728841,1.765,0.0,0.0,-1.5855522096309844,0.44509211651389463,-2.153886264843353e-53,0.0,0.0,0.0,0.007059448477448404,unicycle
8.49917668879049,7.867354753311335,1.765,0.0,0.0,-1.585409905758116,0.4451179132959081,-1.815878487197105e-53,0.0,0.0,0.0,0.007115193643421608,unicycle
8.499047228816993,7.858452815776009,1.765,0.0,0.0,-1.5852664944637223,0.4451439427404937,-1.52974418574235e-53,0.0,0.0,0.0,0.00717056471969376,unicycle
8.498919042818288,7.849550334618343,1.765,0.0,0.0,-1.5851219832709786,0.44517019933624064,-1.2877453172208368e-53,0.0,0.0,0.0,0.007225559637177363,unicycle
8.498792140643797,7.840647305449786,1.765,0.0,0.0,-1.5849763797440357,0.4451966775429855,-1.0832547083170279e-53,0.0,0.0,0.0,0.007280176347155163,unicycle
8.498666532080684,7.8317437239983185,1.765,0.0,0.0,-1.5848296914876088,0.4452233717928392,-9.106052838912262e-54,0.0,0.0,0.0,0.007334412821339052,unicycle
8.498542226853454,7.8228395861089774,1.765,0.0,0.0,-1.5846819261465699,0.44525027649121746,-7.649579456892211e-54,0.0,0.0,0.0,0.007388267051927383,unicycle
8.49841923462355,7.8139348877443755,1.765,0.0,0.0,-1.5845330914055364,0.4452773860178727,-6.421861938403582e-54,0.0,0.0,0.0,0.007441737051660667,unicycle
8.49829756498894,7.8050296249851865,1.765,0.0,0.0,-1.5843831949884593,0.44530469472792994,-5.387756820513965e-54,0.0,0.0,0.0,0.0074948208538756856,unicycle
8.49817722748373,7.796123794030616,1.765,0.0,0.0,-1.584232244658208,0.445332196952924,-4.517370191220109e-54,0.0,0.0,0.0,0.00754751651255802,unicycle
8.498058231577751,7.7872173911988485,1.765,0.0,0.0,-1.5840802482161602,0.44535988700183904,-3.785302633469972e-54,0.0,0.0,0.0,0.007599822102393023,unicycle
8.497940586670099,7.778310412470026,1.765,0.0,0.0,-1.5839272135081204,0.44538778203619195,-3.1699969468684005e-54,0.0,0.0,0.0,0.007651735401985219,unicycle
8.497824302091722,7.769402853698017,1.765,0.0,0.0,-1.583773148421038,0.4454158886280544,-2.653175867717017e-54,0.0,0.0,0.0,0.007703254354110714,unicycle
8.497709387111662,7.760494711112618,1.765,0.0,0.0,-1.5836180608756696,0.4454441882366243,-2.2193583310823445e-54,0.0,0.0,0.0,0.007754377268410368,unicycle
8.497595850935681,7.7515859812529735,1.765,0.0,0.0,-1.583461958827051,0.44547266565015065,-1.8554440686052604e-54,0.0,0.0,0.0,0.007805102430932107,unicycle
8.497483702705114,7.742676660916347,1.765,0.0,0.0,-1.5833048502647624,0.44550130821789985,-1.5503574983209308e-54,0.0,0.0,0.0,0.007855428114443256,unicycle
8.497372951495924,7.733766747118971,1.765,0.0,0.0,-1.5831467432130326,0.44553010524657727,-1.2947429305631135e-54,0.0,0.0,0.0,0.007905352586487988,unicycle
8.49726360631789,7.72485623706634,1.765,0.0,0.0,-1.5829876457307193,0.4455590475276336,-1.0807040849141894e-54,0.0,0.0,0.0,0.007954874115671876,unicycle
8.49715567611391,7.7159451281308815,1.765,0.0,0.0,-1.5828275659111881,0.4455881269685137,-9.015817885446582e-55,0.0,0.0,0.0,0.008003990976553828,unicycle
8.49704916975939,7.707033417835352,1.765,0.0,0.0,-1.5826665118821188,0.44561733630626005,-7.517645099873113e-55,0.0,0.0,0.0,0.008052701453445249,unicycle
8.496944096061693,7.698121103840658,1.765,0.0,0.0,-1.5825044918052518,0.4456466688862005,-6.265270797762065e-55,0.0,0.0,0.0,0.008101003843352736,unicycle
8.496840463759652,7.689208183937073,1.765,0.0,0.0,-1.582341513876087,0.4456761184919276,-5.218935667091012e-55,0.0,0.0,0.0,0.008148896458250442,unicycle
8.496738281523102,7.680294656038054,1.765,0.0,0.0,-1.58217758632355,0.4457056792155752,-4.345208224517715e-55,0.0,0.0,0.0,0.008196377626828547,unicycle
8.49663755795246,7.671380518176014,1.765,0.0,0.0,-1.5820127174096332,0.44573534535964604,-3.615996845743611e-55,0.0,0.0,0.0,0.008243445695832994,unicycle
8.496538301578305,7.662465768499571,1.765,0.0,0.0,-1.5818469154290116,0.44576511136344754,-3.0077124553547192e-55,0.0,0.0,0.0,0.00829009903108704,unicycle
8.496440520861,7.653550405271877,1.765,0.0,0.0,-1.5816801887086462,0.4457949717486371,-2.500559589571872e-55,0.0,0.0,0.0,0.008336336018265594,unicycle
8.49634422419031,7.6446344268697475,1.765,0.0,0.0,-1.5815125456073766,0.44582492107953514,-2.0779367072032183e-55,0.0,0.0,0.0,0.008382155063478018,unicycle
8.496249419885023,7.635717831783352,1.765,0.0,0.0,-1.5813439945155026,0.4458549539347846,-1.725929364641182e-55,0.0,0.0,0.0,0.00842755459370299,unicycle
8.496156116192603,7.6268006186163,1.765,0.0,0.0,-1.5811745438543603,0.4458850648876712,-1.43288224037511e-55,0.0,0.0,0.0,0.008472533057109474,unicycle
8.496064321288817,7.617882786085985,1.765,0.0,0.0,-1.5810042020758943,0.44591524849300385,-1.1890380388537954e-55,0.0,0.0,0.0,0.008517088923290398,unicycle
8.495974043277386,7.608964333024093,1.765,0.0,0.0,-1.5808329776622259,0.4459454992789175,-9.862330636685972e-56,0.0,0.0,0.0,0.008561220683429726,unicycle
8.495885290189644,7.600045258377206,1.765,0.0,0.0,-1.5806608791252177,0.44597581174232825,-8.176407625853786e-56,0.0,0.0,0.0,0.008604926850419019,unicycle
8.49579806998418,7.59112556120743,1.765,0.0,0.0,-1.5804879150060391,0.44600618034705936,-6.77555844471096e-56,0.0,0.0,0.0,0.008648205958935933,unicycle
8.495712390546492,7.582205240693035,1.765,0.0,0.0,-1.5803140938747295,0.44603659952388636,-5.61212679386824e-56,0.0,0.0,0.0,0.008691056565494227,unicycle
8.495628259688644,7.573284296129058,1.765,0.0,0.0,-1.58013942432976,0.4460670636719262,-4.646326433418558e-56,0.0,0.0,0.0,0.008733477248472718,unicycle
8.49554568514893,7.564362726927857,1.765,0.0,0.0,-1.5799639149975968,0.4460975671609384,-3.8449588058269063e-56,0.0,0.0,0.0,0.008775466608128862,unicycle
8.495464674591524,7.555440532619615,1.765,0.0,0.0,-1.5797875745322647,0.44612810433421096,-3.1803364817675674e-56,0.0,0.0,0.0,0.008817023266601253,unicycle
8.495385235606152,7.546517712852772,1.765,0.0,0.0,-1.5796104116149068,0.44615866951179334,-2.629379968890416e-56,0.0,0.0,0.0,0.00885814586790426,unicycle
8.495307375707746,7.53759426739439,1.765,0.0,0.0,-1.5794324349533484,0.446189256993898,-2.1728604356381548e-56,0.0,0.0,0.0,0.00889883307791728,unicycle
8.495231102336112,7.528670196130445,1.765,0.0,0.0,-1.5792536532816612,0.4462198610643471,-1.7947651607548478e-56,0.0,0.0,0.0,0.008939083584370452,unicycle
8.4951564228556,7.51974549906606,1.765,0.0,0.0,-1.5790740753597248,0.44625047599397605,-1.4817661334058174e-56,0.0,0.0,0.0,0.008978896096828077,unicycle
8.495083344554768,7.5108201763256535,1.765,0.0,0.0,-1.5788937099727915,0.44628109604393457,-1.2227752931582833e-56,0.0,0.0,0.0,0.009018269346670799,unicycle
8.495011874646059,7.5018942281530405,1.765,0.0,0.0,-1.57871256593105,0.44631171546884885,-1.0085724945670668e-56,0.0,0.0,0.0,0.009057202087077151,unicycle
8.494942020265466,7.492967654911468,1.765,0.0,0.0,-1.5785306520691897,0.4463423285198218,-8.314944774257962e-57,0.0,0.0,0.0,0.009095693093004936,unicycle
8.494873788472221,7.484040457083589,1.765,0.0,0.0,-1.5783479772459663,0.4463729294472619,-6.851749805935674e-57,0.0,0.0,0.0,0.009133741161172782,unicycle
8.494807186248464,7.475112635271383,1.765,0.0,0.0,-1.5781645503437651,0.44640351250353866,-5.643277057965939e-57,0.0,0.0,0.0,0.009171345110042022,unicycle
8.494742220498926,7.466184190196031,1.765,0.0,0.0,-1.5779803802681693,0.446434071945468,-4.645651616100316e-57,0.0,0.0,0.0,0.009208503779798954,unicycle
8.494678898050616,7.457255122697738,1.765,0.0,0.0,-1.5777954759475226,0.4464646020366351,-3.822475342203286e-57,0.0,0.0,0.0,0.009245216032337574,unicycle
8.494617225652503,7.448325433735516,1.765,0.0,0.0,-1.5776098463324981,0.4464950970495641,-3.1435667232054347e-57,0.0,0.0,0.0,0.009281480751242709,unicycle
8.49455720997521,7.439395124386917,1.765,0.0,0.0,-1.5774235003956627,0.446525551267746,-2.5839106564109656e-57,0.0,0.0,0.0,0.009317296841773529,unicycle
8.494498857610704,7.430464195847739,1.765,0.0,0.0,-1.5772364471310456,0.44655595898753725,-2.1227836315699512e-57,0.0,0.0,0.0,0.009352663230847373,unicycle
8.494442175072,7.421532649431688,1.765,0.0,0.0,-1.5770486955537053,0.44658631451993885,-1.743025374647558e-57,0.0,0.0,0.0,0.009387578867023808,unicycle
8.494387168792844,7.412600486570007,1.765,0.0,0.0,-1.5768602546992954,0.446616612192269,-1.4304327275225266e-57,0.0,0.0,0.0,0.00942204272048881,unicycle
8.49433384512743,7.4036677088110725,1.765,0.0,0.0,-1.5766711336236345,0.4466468463497393,-1.173255492306544e-57,0.0,0.0,0.0,0.009456053783039004,unicycle
8.494282210350098,7.3947343178199585,1.765,0.0,0.0,-1.5764813414022731,0.4466770113569445,-9.617772874519358e-58,0.0,0.0,0.0,0.009489611068065886,unicycle
8.494232270655045,7.385800315377979,1.765,0.0,0.0,-1.5762908871300627,0.4467071015992757,-7.879672458473472e-58,0.0,0.0,0.0,0.009522713610539914,unicycle
8.494184032156038,7.376865703382197,1.765,0.0,0.0,-1.5760997799207228,0.4467371114842647,-6.451907176599241e-58,0.0,0.0,0.0,0.009555360466994421,unicycle
8.494137500886131,7.367930483844902,1.765,0.0,0.0,-1.5759080289064125,0.44676703544286783,-5.279690945181389e-58,0.0,0.0,0.0,0.009587550715509263,unicycle
8.494092682797381,7.358994658893074,1.765,0.0,0.0,-1.5757156432372987,0.44679686793069506,-4.31780507279096e-58,0.0,0.0,0.0,0.009619283455694148,unicycle
8.494049583760575,7.350058230767814,1.765,0.0,0.0,-1.5755226320811255,0.44682660342919184,-3.528945181241915e-58,0.0,0.0,0.0,0.009650557808671554,unicycle
8.494008209564953,7.341121201823756,1.765,0.0,0.0,-1.5753290046227844,0.44685623644677785,-2.882350720709292e-58,0.0,0.0,0.0,0.009681372917059205,unicycle
8.49396856591794,7.33218357452845,1.765,0.0,0.0,-1.5751347700638854,0.4468857615199482,-2.3526692936807576e-58,0.0,0.0,0.0,0.009711727944952083,unicycle
8.493930658444878,7.323245351461731,1.765,0.0,0.0,-1.5749399376223274,0.4469151732143403,-1.9190159910008313e-58,0.0,0.0,0.0,0.009741622077903911,unicycle
8.49389449268877,7.314306535315061,1.765,0.0,0.0,-1.5747445165318696,0.4469444661257712,-1.564194612561745e-58,0.0,0.0,0.0,0.009771054522908062,unicycle
8.493860074110017,7.305367128890852,1.765,0.0,0.0,-1.574548516041702,0.4469736348812471,-1.2740532101747793e-58,0.0,0.0,0.0,0.009800024508377908,unicycle
8.493827408086165,7.296427135101769,1.765,0.0,0.0,-1.5743519454160195,0.44700267413994904,-1.0369510312933336e-58,0.0,0.0,0.0,0.00982853128412653,unicycle
8.493796499911657,7.287486556970012,1.765,0.0,0.0,-1.5741548139335926,0.4470315785941963,-8.433178109628791e-59,0.0,0.0,0.0,0.00985657412134577,unicycle
8.49376735479758,7.2785453976265755,1.765,0.0,0.0,-1.573957130887341,0.4470603429703897,-6.852895825904303e-59,0.0,0.0,0.0,0.009884152312584686,unicycle
8.49373997787143,7.2696036603105005,1.765,0.0,0.0,-1.573758905583907,0.44708896202993675,-5.564078622303138e-59,0.0,0.0,0.0,0.00991126517172727,unicycle
8.493714374176873,7.260661348368087,1.765,0.0,0.0,-1.5735601473432272,0.44711743057015935,-4.513712951546236e-59,0.0,0.0,0.0,0.009937912033969539,unicycle
8.493690548673511,7.251718465252109,1.765,0.0,0.0,-1.5733608654981113,0.44714574342518637,-3.658307120722845e-59,0.0,0.0,0.0,0.009964092255795936,unicycle
8.493668506236647,7.242775014521005,1.765,0.0,0.0,-1.5731610693938123,0.447173895466831,-2.9622008784514677e-59,0.0,0.0,0.0,0.00998980521495502,unicycle
8.493648251657065,7.2338309998380375,1.765,0.0,0.0,-1.5729607683876037,0.44720188160545477,-2.3961718006118317e-59,0.0,0.0,0.0,0.010015050310434473,unicycle
8.493629789640815,7.224886424970456,1.765,0.0,0.0,-1.5727599718483554,0.44722969679081837,-1.9362869192833313e-59,0.0,0.0,0.0,0.010039826962435416,unicycle
8.493613124808979,7.2159412937886245,1.765,0.0,0.0,-1.5725586891561085,0.44725733601291945,-1.5629569002935412e-59,0.0,0.0,0.0,0.010064134612346032,unicycle
8.493598261697478,7.206995610265146,1.765,0.0,0.0,-1.572356929701654,0.44728479430281914,-1.2601574289496672e-59,0.0,0.0,0.0,0.010087972722714493,unicycle
8.493585204756853,7.198049378473957,1.765,0.0,0.0,-1.5721547028861096,0.4473120667334567,-1.0147885644293092e-59,0.0,0.0,0.0,0.010111340777221199,unicycle
8.49357395835206,7.1891026025894185,1.765,0.0,0.0,-1.571952018120497,0.4473391484204528,-8.161478821783593e-60,0.0,0.0,0.0,0.010134238280650342,unicycle
8.493564526762281,7.1801552868853795,1.765,0.0,0.0,-1.5717488848253192,0.44736603452290175,-6.554974165452997e-60,0.0,0.0,0.0,0.010156664758860776,unicycle
8.49355691418072,7.171207435734232,1.765,0.0,0.0,-1.571545312430144,0.44739272024415344,-5.257078894128798e-60,0.0,0.0,0.0,0.010178619758756235,unicycle
8.49355112471442,7.162259053605945,1.765,0.0,0.0,-1.5713413103731784,0.44741920083258374,-4.2096658685930786e-60,0.0,0.0,0.0,0.010200102848254886,unicycle
8.493547162384074,7.153310145067085,1.765,0.0,0.0,-1.5711368881008534,0.44744547158235537,-3.3653762649071957e-60,0.0,0.0,0.0,0.010221113616258224,unicycle
8.493545031123842,7.144360714779821,1.765,0.0,0.0,-1.5709320550674009,0.44747152783416727,-2.6856532754183233e-60,0.0,0.0,0.0,0.01024165167261934,unicycle
8.493544734781189,7.135410767500915,1.765,0.0,0.0,-1.570726820734439,0.44749736497599457,-2.1391302439928978e-60,0.0,0.0,0.0,0.01026171664811051,unicycle
8.493546277116698,7.126460308080693,1.765,0.0,0.0,-1.570521194570551,0.4475229784438177,-1.7003101024428105e-60,0.0,0.0,0.0,0.01028130819439019,unicycle
8.493549661803906,7.117509341462012,1.765,0.0,0.0,-1.570315186050872,0.447548363722341,-1.3484840952905657e-60,0.0,0.0,0.0,0.01030042598396939,unicycle
8.493554892429154,7.108557872679194,1.765,0.0,0.0,-1.5701088046566682,0.4475735163457013,-1.0668469625356532e-60,0.0,0.0,0.0,0.01031906971017742,unicycle
8.493561972491424,7.099605906856965,1.765,0.0,0.0,-1.5699020598749256,0.4475984318981656,-8.417733289992426e-61,0.0,0.0,0.0,0.010337239087127074,unicycle
8.493570905402184,7.09065344920937,1.765,0.0,0.0,-1.5696949611979318,0.44762310601481897,-6.622263012195413e-61,0.0,0.0,0.0,0.010354933849679214,unicycle
8.493581694485243,7.081700505038671,1.765,0.0,0.0,-1.5694875181228636,0.44764753438224153,-5.1927442845897986e-61,0.0,0.0,0.0,0.010372153753406752,unicycle
8.493594342976614,7.072747079734241,1.765,0.0,0.0,-1.5692797401513727,0.44767171273917505,-4.056974335215873e-61,0.0,0.0,0.0,0.010388898574558082,unicycle
8.493608854024371,7.063793178771437,1.765,0.0,0.0,-1.5690716367891724,0.4476956368771787,-3.156646194317343e-61,0.0,0.0,0.0,0.010405168110019966,unicycle
8.493625230688528,7.0548388077104605,1.765,0.0,0.0,-1.568863217545627,0.44771930264127474,-2.4447274012649523e-61,0.0,0.0,0.0,0.010420962177279877,unicycle
8.493643475940898,7.045883972195208,1.765,0.0,0.0,-1.5686544919333392,0.4477427059305827,-1.8833249518124957e-61,0.0,0.0,0.0,0.01043628061438781,unicycle
8.493663592664982,7.036928677952103,1.765,0.0,0.0,-1.5684454694677408,0.4477658426989436,-1.441947595673862e-61,0.0,0.0,0.0,0.010451123279917537,unicycle
8.493685583655846,7.027972930788928,1.765,0.0,0.0,-1.5682361596666823,0.4477887089555327,-1.0960926339877247e-61,0.0,0.0,0.0,0.010465490052927351,unicycle
8.49370945162002,7.019016736593626,1.765,0.0,0.0,-1.568026572050024,0.44781130076546133,-8.260975460109702e-62,0.0,0.0,0.0,0.010479380832920345,unicycle
8.493735199175383,7.010060101333105,1.765,0.0,0.0,-1.5678167161392278,0.4478336142503683,-6.162075985419863e-62,0.0,0.0,0.0,0.01049279553980419,unicycle
8.49376282885106,7.001103031052023,1.765,0.0,0.0,-1.5676066014569505,0.4478556455889993,-4.538194763766049e-62,0.0,0.0,0.0,0.0105057341138504,unicycle
8.493792343087332,6.992145531871564,1.765,0.0,0.0,-1.5673962375266375,0.44787739101777607,-3.2886826103970925e-62,0.0,0.0,0.0,0.010518196515653134,unicycle
8.493823744235554,6.983187609988202,1.765,0.0,0.0,-1.5671856338721155,0.4478988468313537,-2.3333106143504523e-62,0.0,0.0,0.0,0.010530182726087559,unicycle
8.493857034558053,6.97422927167245,1.765,0.0,0.0,-1.5669748000171901,0.44792000938316695,-1.608254974892983e-62,0.0,0.0,0.0,0.010541692746267763,unicycle
8.493892216228057,6.965270523267607,1.765,0.0,0.0,-1.5667637454852401,0.4479408750859649,-1.0628524880398046e-62,0.0,0.0,0.0,0.010552726597504176,unicycle
8.493929291329623,6.9563113711884865,1.765,0.0,0.0,-1.5665524797988148,0.4479614404123345,-6.569816329148194e-63,0.0,0.0,0.0,0.0105632843212606,unicycle
8.493968261857564,6.947351821920137,1.765,0.0,0.0,-1.566341012479233,0.4479817018952122,-3.589510625604388e-63,0.0,0.0,0.0,0.010573365979110802,unicycle
8.494009129717389,6.938391882016552,1.765,0.0,0.0,-1.566129353046179,0.4480016561283844,-1.437992575838121e-63,0.0,0.0,0.0,0.01058297165269469,unicycle
8.49405189672524,6.929431558099376,1.765,0.0,0.0,-1.5659175110173054,0.44802129976697597,8.072963251412156e-65,0.0,0.0,0.0,0.010592101443674095,unicycle
8.494096564607844,6.920470856856582,1.765,0.0,0.0,-1.565705495907832,0.4480406295279271,1.1200073792107524e-63,0.0,0.0,0.0,0.01060075547368814,unicycle
8.494143135002465,6.911509785041169,1.765,0.0,0.0,-1.5654933172301457,0.4480596421904585,1.79935976503157e-63,0.0,0.0,0.0,0.010608933884308218,unicycle
8.494191609456859,6.902548349469819,1.765,0.0,0.0,-1.565280984493406,0.44807833459652435,2.2115267094916245e-63,0.0,0.0,0.0,0.010616636836992599,unicycle
8.49424198942924,6.893586557021572,1.765,0.0,0.0,-1.565068507203145,0.4480967036512537,2.4281073680829764e-63,0.0,0.0,0.0,0.010623864513040662,unicycle
8.49429427628825,6.884624414636472,1.765,0.0,0.0,-1.5648558948608735,0.4481147463233799,2.5040596315051036e-63,0.0,0.0,0.0,0.010630617113546778,unicycle
8.494348471312934,6.87566192931422,1.765,0.0,0.0,-1.5646431569636863,0.4481324596456577,2.4812839060043376e-63,0.0,0.0,0.0,0.010636894859353829,unicycle
8.494404575692716,6.866699108112807,1.765,0.0,0.0,-1.5644303030038664,0.44814984071526875,2.3914716470938325e-63,0.0,0.0,0.0,0.010642697991006367,unicycle
8.494462590527394,6.857735958147143,1.765,0.0,0.0,-1.5642173424684924,0.4481668866942144,2.2583644164590112e-63,0.0,0.0,0.0,0.010648026768703451,unicycle
8.494522516827121,6.848772486587681,1.765,0.0,0.0,-1.5640042848390472,0.44818359480969666,2.0995410709144627e-63,0.0,0.0,0.0,0.010652881472251144,unicycle
8.49458435551241,6.839808700659034,1.765,0.0,0.0,-1.5637911395910267,0.44819996235448695,1.927827860185114e-63,0.0,0.0,0.0,0.010657262401014691,unicycle
8.494648107414129,6.830844607638577,1.765,0.0,0.0,-1.563577916193549,0.4482159866872824,1.752407715926319e-63,0.0,0.0,0.0,0.01066116987387037,unicycle
8.494713773273514,6.821880214855054,1.765,0.0,0.0,-1.5633646241089663,0.44823166523304997,1.5796900482730145e-63,0.0,0.0,0.0,0.010664604229157026,unicycle
8.494781353742185,6.812915529687167,1.765,0.0,0.0,-1.5631512727924735,0.448246995483358,1.4139902675862496e-63,0.0,0.0,0.0,0.010667565824627318,unicycle
8.494850849382162,6.803950559562165,1.765,0.0,0.0,-1.5629378716917257,0.4482619749966955,1.2580584790123686e-63,0.0,0.0,0.0,0.010670055037398672,unicycle
8.494922260665893,6.794985311954426,1.765,0.0,0.0,-1.5627244302464471,0.4482766013987793,1.1134889167070737e-63,0.0,0.0,0.0,0.010672072263903926,unicycle
8.494995587976277,6.7860197943840355,1.765,0.0,0.0,-1.5625109578880507,0.4482908723828479,9.810353353123304e-64,0.0,0.0,0.0,0.010673617919841689,unicycle
8.495070831606709,6.777054014415349,1.765,0.0,0.0,-1.5622974640392484,0.4483047857099437,8.608524673078375e-64,0.0,0.0,0.0,0.010674692440126426,unicycle
8.495147991761117,6.768087979655563,1.765,0.0,0.0,-1.5620839581136718,0.4483183392091819,7.526795493710513e-64,0.0,0.0,0.0,0.010675296278838273,unicycle
8.495227068554017,6.759121697753276,1.765,0.0,0.0,-1.5618704495154885,0.4483315307780079,6.559786264320154e-64,0.0,0.0,0.0,0.010675429909172572,unicycle
8.495308062014614,6.750155175942421,1.765,0.0,0.0,-1.5616569476495288,0.4483443811140997,5.700377024578133e-64,0.0,0.0,0.0,0.010675093297993106,unicycle
8.49539097208524,6.741188421250858,1.765,0.0,0.0,-1.561443461916061,0.4483569004818177,4.940466954004194e-64,0.0,0.0,0.0,0.010674286673388576,unicycle
8.495475798616916,6.732221440997635,1.765,0.0,0.0,-1.5612300016988905,0.44836907427787287,4.271524674672805e-64,0.0,0.0,0.0,0.0106730108585328,unicycle
8.495562541369885,6.723254242725005,1.765,0.0,0.0,-1.56101657636651,0.4483808912941823,3.6849785775066885e-64,0.0,0.0,0.0,0.01067126661902875,unicycle
8.495651200014075,6.714286834145737,1.765,0.0,0.0,-1.5608031952729013,0.44839234295388464,3.1724857499929985e-64,0.0,0.0,0.0,0.01066905468045298,unicycle
8.495741774129476,6.7053192231024275,1.765,0.0,0.0,-1.560589867758059,0.4484034227107663,2.726109595676568e-64,0.0,0.0,0.0,0.010666375742114058,unicycle
8.495834263206481,6.696351417536225,1.765,0.0,0.0,-1.5603766031483026,0.4484141255787325,2.3384295145201987e-64,0.0,0.0,0.0,0.010663230487806867,unicycle
8.495928666646156,6.687383425462907,1.765,0.0,0.0,-1.5601634107564188,0.4484244477645468,2.002600704370891e-64,0.0,0.0,0.0,0.0106596195941874,unicycle
8.4960249837605,6.678415254954654,1.765,0.0,0.0,-1.5599502998816737,0.44843438638238553,1.7123779624287913e-64,0.0,0.0,0.0,0.010655543737266533,unicycle
8.496123213772655,6.669446914126247,1.765,0.0,0.0,-1.5597372798097253,0.4484439392330455,1.4621140826540841e-64,0.0,0.0,0.0,0.010651003597420126,unicycle
8.496223355817108,6.660478411124664,1.765,0.0,0.0,-1.5595243598124608,0.44845310463409915,1.2467408764452553e-64,0.0,0.0,0.0,0.010645999863231715,unicycle
8.496325408939876,6.651509754121266,1.765,0.0,0.0,-1.559311549147772,0.4484618812900727,1.0617388421009065e-64,0.0,0.0,0.0,0.01064053323441911,unicycle
8.496429372098673,6.642540951305956,1.765,0.0,0.0,-1.559098857059291,0.44847026819395763,9.030999553653006e-65,0.0,0.0,0.0,0.010634604424044337,unicycle
8.496535244163075,6.633572010882824,1.765,0.0,0.0,-1.5588862927760876,0.44847826455315676,7.67286854287926e-65,0.0,0.0,0.0,0.010628214160164805,unicycle
8.496643023914677,6.624602941066886,1.765,0.0,0.0,-1.5586738655123464,0.4484858697344033,6.511907713157457e-65,0.0,0.0,0.0,0.010621363187050595,unicycle
8.496752710047247,6.6156337500816385,1.765,0.0,0.0,-1.5584615844670253,0.448493083223338,5.520898639427864e-65,0.0,0.0,0.0,0.010614052266066284,unicycle
8.496864301166879,6.606664446157191,1.765,0.0,0.0,-1.5582494588234996,0.4484999045953468,4.676090646437843e-65,0.0,0.0,0.0,0.010606282176294736,unicycle
8.496977795792155,6.597695037528812,1.765,0.0,0.0,-1.5580374977492009,0.4485063334949914,3.956821733717497e-65,0.0,0.0,0.0,0.01059805371496365,unicycle
8.497093192354294,6.588725532435762,1.765,0.0,0.0,-1.5578257103952462,0.4485123696219449,3.345166216644458e-65,0.0,0.0,0.0,0.010589367697722354,unicycle
8.497210489197311,6.579755939120302,1.765,0.0,0.0,-1.55761410589607,0.44851801272180714,2.8256112276063912e-65,0.0,0.0,0.0,0.010580224958805857,unicycle
8.49732968457819,6.570786265826818,1.765,0.0,0.0,-1.5574026933690472,0.4485232625805371,2.3847626849197505e-65,0.0,0.0,0.0,0.010570626351114897,unicycle
8.497450776667042,6.561816520801007,1.765,0.0,0.0,-1.5571914819141226,0.44852811902152867,2.011080265211883e-65,0.0,0.0,0.0,0.010560572746234287,unicycle
8.497573763547281,6.5528467122890754,1.765,0.0,0.0,-1.5569804806134346,0.4485325819045825,1.6946401936044214e-65,0.0,0.0,0.0,0.010550065034406482,unicycle
8.497698643215797,6.543876848536942,1.765,0.0,0.0,-1.5567696985309454,0.4485366511262038,1.4269242067000915e-65,0.0,0.0,0.0,0.01053910412447349,unicycle
8.497825413583142,6.53490693778941,1.765,0.0,0.0,-1.5565591447120695,0.44854032662079535,1.200632777502079e-65,0.0,0.0,0.0,0.010527690943797002,unicycle
8.49795407247372,6.52593698828931,1.765,0.0,0.0,-1.5563488281833058,0.44854360836242385,1.0095205661678501e-65,0.0,0.0,0.0,0.010515826438164183,unicycle
8.498084617625974,6.516967008276596,1.765,0.0,0.0,-1.556138757951872,0.44854649636691907,8.482520354852839e-66,0.0,0.0,0.0,0.010503511571684589,unicycle
8.498217046692584,6.5079970059874,1.765,0.0,0.0,-1.5559289430053385,0.44854899069413384,7.122752144291017e-66,0.0,0.0,0.0,0.010490747326682332,unicycle
8.498351357240683,6.499026989653042,1.765,0.0,0.0,-1.5557193923112667,0.44855109145023886,5.977116839552363e-66,0.0,0.0,0.0,0.01047753470358636,unicycle
8.49848754675205,6.490056967498989,1.765,0.0,0.0,-1.5555101148168502,0.44855279878996585,5.012609790529505e-66,0.0,0.0,0.0,0.01046387472082097,unicycle
8.498625612623341,6.481086947743785,1.765,0.0,0.0,-1.5553011194485558,0.4485541129187413,4.2011773728678944e-66,0.0,0.0,0.0,0.0104497684146979,unicycle
8.4987655521663,6.472116938597924,1.765,0.0,0.0,-1.5550924151117698,0.4485550340946726,3.519000674145046e-66,0.0,0.0,0.0,0.01043521683931093,unicycle
8.498907362607984,6.4631469482627,1.765,0.0,0.0,-1.5548840106904411,0.44855556263036594,2.9458775563341067e-66,0.0,0.0,0.0,0.01042022106643359,unicycle
8.499051041091006,6.45417698492903,1.765,0.0,0.0,-1.5546759150467329,0.4485556988945659,2.4646906708931934e-66,0.0,0.0,0.0,0.010404782185420144,unicycle
8.499196584673767,6.445207056776225,1.765,0.0,0.0,-1.554468137020671,0.44855544331361474,2.0609503351095642e-66,0.0,0.0,0.0,0.01038890130311013,unicycle
8.499343990330692,6.436237171970762,1.765,0.0,0.0,-1.554260685429796,0.4485547963727345,1.722402423775797e-66,0.0,0.0,0.0,0.010372579543736236,unicycle
8.499493254952494,6.427267338665019,1.765,0.0,0.0,-1.554053569068819,0.4485537586171414,1.4386925789210697e-66,0.0,0.0,0.0,0.01035581804883542,unicycle
8.49964437534641,6.418297564995996,1.765,0.0,0.0,-1.5538467967092762,0.44855233065300015,1.201079088225472e-66,0.0,0.0,0.0,0.010338617977163131,unicycle
8.499797348236473,6.409327859084019,1.765,0.0,0.0,-1.553640377099184,0.4485505131482303,1.0021877302194201e-66,0.0,0.0,0.0,0.010320980504610382,unicycle
8.499952170263777,6.400358229031433,1.765,0.0,0.0,-1.5534343189627018,0.44854830683317715,8.358027346295082e-67,0.0,0.0,0.0,0.010302906824123385,unicycle
8.500108837986735,6.391388682921282,1.765,0.0,0.0,-1.553228630999789,0.4485457125011578,6.966887643889654e-67,0.0,0.0,0.0,0.010284398145625564,unicycle
8.500267347881362,6.382419228815988,1.765,0.0,0.0,-1.5530233218858702,0.44854273100889425,5.804394981457469e-67,0.0,0.0,0.0,0.010265455695941618,unicycle
8.500427696341559,6.3734498747560115,1.765,0.0,0.0,-1.5528184002714958,0.448539363276845,4.833489854349655e-67,0.0,0.0,0.0,0.010246080718723438,unicycle
8.500589879679385,6.36448062875852,1.765,0.0,0.0,-1.5526138747820082,0.4485356102894447,4.023024681021351e-67,0.0,0.0,0.0,0.010226274474377683,unicycle
8.500753894125356,6.35551149881605,1.765,0.0,0.0,-1.5524097540172084,0.44853147309526137,3.346838180672928e-67,0.0,0.0,0.0,0.010206038239994736,unicycle
8.50091973582874,6.346542492895162,1.765,0.0,0.0,-1.5522060465510226,0.4485269528070803,2.782971398481825e-67,0.0,0.0,0.0,0.010185373309278874,unicycle
8.501087400857852,6.3375736189351075,1.765,0.0,0.0,-1.5520027609311728,0.448522050601922,2.31300432776234e-67,0.0,0.0,0.0,0.010164280992479525,unicycle
8.501256885200359,6.328604884846482,1.765,0.0,0.0,-1.5517999056788463,0.4485167677210009,1.9214950845557518e-67,0.0,0.0,0.0,0.010142762616323367,unicycle
8.501428184763595,6.319636298509899,1.765,0.0,0.0,-1.5515974892883673,0.4485111054696319,1.5955061916121358e-67,0.0,0.0,0.0,0.010120819523947177,unicycle
8.501601295374867,6.310667867774653,1.765,0.0,0.0,-1.5513955202268708,0.4485050652170897,1.3242047748129066e-67,0.0,0.0,0.0,0.010098453074831315,unicycle
8.501776212781776,6.3016996004573915,1.765,0.0,0.0,-1.5511940069339762,0.44849864839642606,1.0985254102634094e-67,0.0,0.0,0.0,0.010075664644733669,unicycle
8.501952932652545,6.292731504340796,1.765,0.0,0.0,-1.5509929578214638,0.44849185650424894,9.108860243520332e-68,0.0,0.0,0.0,0.010052455625624004,unicycle
8.50213145057634,6.283763587172259,1.765,0.0,0.0,-1.5507923812729514,0.44848469110046796,7.549486774272946e-68,0.0,0.0,0.0,0.010028827425618643,unicycle
8.502311762063602,6.274795856662581,1.765,0.0,0.0,-1.550592285643573,0.4484771538080092,6.2541828571654025e-68,0.0,0.0,0.0,0.010004781468915324,unicycle
8.502493862546393,6.265828320484662,1.765,0.0,0.0,-1.5503926792596585,0.4484692463125018,5.178733832992093e-68,0.0,0.0,0.0,0.009980319195728247,unicycle
8.502677747378726,6.2568609862722075,1.765,0.0,0.0,-1.5501935704184142,0.4484609703619399,4.286239205705157e-68,0.0,0.0,0.0,0.009955442062223225,unicycle
8.502863411836918,6.247893861618443,1.765,0.0,0.0,-1.549994967387605,0.4484523277663208,3.5459185885984634e-68,0.0,0.0,0.0,0.009930151540452844,unicycle
8.503050851119934,6.238926954074829,1.765,0.0,0.0,-1.5497968784052394,0.44844332039726315,2.9321097115258878e-68,0.0,0.0,0.0,0.009904449118291627,unicycle
8.503240060349746,6.229960271149797,1.765,0.0,0.0,-1.5495993116792517,0.4484339501876045,2.4234281223671844e-68,0.0,0.0,0.0,0.009878336299371144,unicycle
8.50343103457169,6.220993820307483,1.765,0.0,0.0,-1.5494022753871914,0.44842421913098185,2.0020629195044506e-68,0.0,0.0,0.0,0.00985181460301502,unicycle
8.50362376875483,6.212027608966481,1.765,0.0,0.0,-1.5492057776759076,0.4484141292813947,1.6531868455677183e-68,0.0,0.0,0.0,0.009824885564173855,unicycle
8.503818257792314,6.203061644498591,1.765,0.0,0.0,-1.5490098266612402,0.44840368275275316,1.3644624597720388e-68,0.0,0.0,0.0,0.009797550733359967,unicycle
8.504014496501766,6.194095934227601,1.765,0.0,0.0,-1.5488144304277087,0.44839288171841113,1.1256289760075983e-68,0.0,0.0,0.0,0.009769811676581964,unicycle
8.504212479625641,6.185130485428055,1.765,0.0,0.0,-1.548619597028203,0.4483817284106855,9.281567831109414e-69,0.0,0.0,0.0,0.009741669975279126,unicycle
8.504412201831613,6.176165305324044,1.765,0.0,0.0,-1.548425334483678,0.4483702251203625,7.649587181881073e-69,0.0,0.0,0.0,0.009713127226255554,unicycle
8.504613657712953,6.167200401088011,1.765,0.0,0.0,-1.5482316507828455,0.4483583741961916,6.301488997837109e-69,0.0,0.0,0.0,0.00968418504161407,unicycle
8.504816841788925,6.158235779839557,1.765,0.0,0.0,-1.5480385538818717,0.4483461780443674,5.188413932366025e-69,0.0,0.0,0.0,0.00965484504868988,unicycle
8.505021748505161,6.149271448644267,1.765,0.0,0.0,-1.5478460517040722,0.4483336391280002,4.2698221683816637e-69,0.0,0.0,0.0,0.009625108889983986,unicycle
8.505228372234075,6.1403074145125425,1.765,0.0,0.0,-1.5476541521396103,0.4483207599665757,3.512092394630179e-69,0.0,0.0,0.0,0.009594978223096289,unicycle
8.505436707275242,6.131343684398448,1.765,0.0,0.0,-1.5474628630451972,0.44830754313540394,2.887353980214593e-69,0.0,0.0,0.0,0.009564454720658401,unicycle
8.505646747855813,6.122380265198572,1.765,0.0,0.0,-1.5472721922437918,0.44829399126505814,2.372514017758526e-69,0.0,0.0,0.0,0.009533540070266147,unicycle
8.505858488130912,6.113417163750894,1.765,0.0,0.0,-1.5470821475243035,0.44828010704080395,1.9484471183789293e-69,0.0,0.0,0.0,0.009502235974411749,unicycle
8.506071922184049,6.104454386833669,1.765,0.0,0.0,-1.546892736641295,0.44826589320201865,1.5993210632549338e-69,0.0,0.0,0.0,0.009470544150415691,unicycle
8.50628704402753,6.095491941164324,1.765,0.0,0.0,-1.5467039673146876,0.44825135254160103,1.3120358022540628e-69,0.0,0.0,0.0,0.009438466330358247,unicycle
8.506503847602877,6.086529833398369,1.765,0.0,0.0,-1.5465158472294673,0.44823648790537274,1.075756971246169e-69,0.0,0.0,0.0,0.00940600426101066,unicycle
8.506722326781242,6.077568070128311,1.765,0.0,0.0,-1.546328384035392,0.4482213021914699,8.81528187617594e-70,0.0,0.0,0.0,0.009373159703765954,unicycle
8.506942475363832,6.0686066578825955,1.765,0.0,0.0,-1.5461415853467004,0.44820579834972685,7.219489721169882e-70,0.0,0.0,0.0,0.009339934434569411,unicycle
8.50716428708234,6.0596456031245545,1.765,0.0,0.0,-1.5459554587418234,0.44818997938105126,5.909073139388249e-70,0.0,0.0,0.0,0.009306330243848674,unicycle
8.50738775559936,6.050684912251366,1.765,0.0,0.0,-1.5457700117630946,0.4481738483367906,4.833577119076517e-70,0.0,0.0,0.0,0.00927234893644345,unicycle
8.50761287450884,6.04172459159303,1.765,0.0,0.0,-1.5455852519164635,0.4481574083180906,3.951370442884313e-70,0.0,0.0,0.0,0.00923799233153484,unicycle
8.507839637336497,6.032764647411358,1.765,0.0,0.0,-1.5454011866712118,0.4481406624752465,3.228118907441839e-70,0.0,0.0,0.0,0.009203262262574273,unicycle
8.50806803754027,6.023805085898976,1.765,0.0,0.0,-1.5452178234596676,0.4481236140070456,2.635519923949336e-70,0.0,0.0,0.0,0.00916816057721205,unicycle
8.508298068510747,6.014845913178345,1.765,0.0,0.0,-1.545035169676923,0.44810626616010274,2.1502542354457428e-70,0.0,0.0,0.0,0.00913268913722546,unicycle
8.508529723571632,6.005887135300789,1.765,0.0,0.0,-1.5448532326805535,0.4480886222281885,1.7531178980613004e-70,0.0,0.0,0.0,0.009096849818446502,unicycle
8.50876299598017,5.996928758245546,1.765,0.0,0.0,-1.5446720197903396,0.4480706855515496,1.4283038590972785e-70,0.0,0.0,0.0,0.009060644510689215,unicycle
8.508997878927609,5.987970787918823,1.765,0.0,0.0,-1.544491538287986,0.4480524595162228,1.1628076243848472e-70,0.0,0.0,0.0,0.009024075117676535,unicycle
8.509234365539651,5.979013230152877,1.765,0.0,0.0,-1.5443117954168466,0.44803394755334125,9.459358090264837e-71,0.0,0.0,0.0,0.008987143556966747,unicycle
8.50947244887691,5.970056090705107,1.765,0.0,0.0,-1.544132798381649,0.44801515313843476,7.688999501822901e-71,0.0,0.0,0.0,0.008949851759879494,unicycle
8.509712121935365,5.9610993752571515,1.765,0.0,0.0,-1.5439545543482203,0.44799607979072276,6.244809460906074e-71,0.0,0.0,0.0,0.008912201671421333,unicycle
8.509953377646825,5.952143089414019,1.765,0.0,0.0,-1.543777070443216,0.4479767310724011,5.067519708960129e-71,0.0,0.0,0.0,0.008874195250210834,unicycle
8.510196208879393,5.94318723870322,1.765,0.0,0.0,-1.5436003537538483,0.44795711058792237,4.1084978288024975e-71,0.0,0.0,0.0,0.008835834468403239,unicycle
8.510440608437928,5.934231828573919,1.765,0.0,0.0,-1.5434244113276163,0.44793722198327,3.3278606361211833e-71,0.0,0.0,0.0,0.008797121311614647,unicycle
8.510686569064527,5.9252768643961025,1.765,0.0,0.0,-1.5432492501720394,0.44791706894522637,2.6929185526410464e-71,0.0,0.0,0.0,0.008758057778845758,unicycle
8.510934083438976,5.916322351459763,1.765,0.0,0.0,-1.5430748772543914,0.4478966552006353,2.1768935128580534e-71,0.0,0.0,0.0,0.008718645882405115,unicycle
8.511183144179238,5.907368294974094,1.765,0.0,0.0,-1.5429012995014348,0.4478759845156582,1.757862822036443e-71,0.0,0.0,0.0,0.008678887647831842,unicycle
8.511433743841929,5.89841470006671,1.765,0.0,0.0,-1.5427285237991586,0.4478550606950248,1.4178895728230106e-71,0.0,0.0,0.0,0.008638785113817939,unicycle
8.511685874922787,5.889461571782874,1.765,0.0,0.0,-1.5425565569925157,0.44783388758127896,1.1423070229601093e-71,0.0,0.0,0.0,0.008598340332130071,unicycle
8.511939529857157,5.880508915084745,1.765,0.0,0.0,-1.5423854058851654,0.4478124690540186,9.19129972022638e-72,0.0,0.0,0.0,0.008557555367530839,unicycle
8.51219470102048,5.871556734850641,1.765,0.0,0.0,-1.5422150772392111,0.44779080902913054,7.385708466211496e-72,0.0,0.0,0.0,0.008516432297699546,unicycle
8.512451380728765,5.86260503587432,1.765,0.0,0.0,-1.5420455777749484,0.44776891145802034,5.926420741942963e-72,0.0,0.0,0.0,0.008474973213152492,unicycle
8.512709561239083,5.853653822864275,1.765,0.0,0.0,-1.541876914170605,0.4477467803268377,4.748295311683083e-72,0.0,0.0,0.0,0.00843318021716272,unicycle
8.512969234750058,5.844703100443044,1.765,0.0,0.0,-1.5417090930620916,0.4477244196556964,3.798245049248507e-72,0.0,0.0,0.0,0.008391055425679233,unicycle
8.513230393402344,5.835752873146544,1.765,0.0,0.0,-1.5415421210427467,0.44770183349789067,3.0330380472721006e-72,0.0,0.0,0.0,0.008348600967245698,unicycle
8.51349302927914,5.826803145423413,1.765,0.0,0.0,-1.5413760046630884,0.44767902593910613,2.4174947270030476e-72,0.0,0.0,0.0,0.00830581898291861,unicycle
8.51375713440666,5.817853921634373,1.765,0.0,0.0,-1.5412107504305648,0.44765600109662723,1.923010471293113e-72,0.0,0.0,0.0,0.008262711626184947,unicycle
8.514022700754643,5.80890520605161,1.765,0.0,0.0,-1.5410463648093071,0.44763276311854017,1.526345707210005e-72,0.0,0.0,0.0,0.008219281062879242,unicycle
8.514289720236846,5.799957002858171,1.765,0.0,0.0,-1.5408828542198851,0.4476093161829322,1.208635608879822e-72,0.0,0.0,0.0,0.008175529471100118,unicycle
8.514558184711545,5.791009316147377,1.765,0.0,0.0,-1.5407202250390621,0.4475856644970871,9.545800477296427e-73,0.0,0.0,0.0,0.00813145904112627,unicycle
8.51482808598203,5.78206214992225,1.765,0.0,0.0,-1.5405584835995554,0.44756181229667646,7.517813949096185e-73,0.0,0.0,0.0,0.008087071975331884,unicycle
8.515099415797115,5.77311550809497,1.765,0.0,0.0,-1.5403976361897933,0.4475377638449485,5.902035352325662e-73,0.0,0.0,0.0,0.008042370488101507,unicycle
8.515372165851641,5.764169394486326,1.765,0.0,0.0,-1.5402376890536784,0.44751352343191264,4.617301955766224e-73,0.0,0.0,0.0,0.007997356805744354,unicycle
8.515646327786968,5.755223812825212,1.765,0.0,0.0,-1.5400786483903504,0.44748909537352155,3.598045990588695e-73,0.0,0.0,0.0,0.00795203316640801,unicycle
8.515921893191498,5.746278766748115,1.765,0.0,0.0,-1.5399205203539506,0.44746448401084965,2.7913567489548266e-73,0.0,0.0,0.0,0.007906401819991547,unicycle
8.516198853601171,5.737334259798641,1.765,0.0,0.0,-1.5397633110533893,0.44743969370926917,2.154587031324407e-73,0.0,0.0,0.0,0.007860465028058091,unicycle
8.516477200514124,5.728390294971305,1.765,0.0,0.0,-1.5396070265609492,0.4474147516554315,1.6534045297651025e-73,0.0,0.0,0.0,0.007814224622022248,unicycle
8.516756925384838,5.71944687492161,1.765,0.0,0.0,-1.5394516729079337,0.4473896745277525,1.260206656505599e-73,0.0,0.0,0.0,0.007767682650759085,unicycle
8.517038019609084,5.7105040024655365,1.765,0.0,0.0,-1.5392972560747311,0.447364454018149,9.52832056207388e-74,0.0,0.0,0.0,0.007720841660131673,unicycle
8.51732047452642,5.701561680512469,1.765,0.0,0.0,-1.5391437819918996,0.44733908517404997,7.135141393822441e-74,0.0,0.0,0.0,0.0076737041415865185,unicycle
8.517604281422242,5.692619912013461,1.765,0.0,0.0,-1.5389912565409567,0.4473135656313967,5.280319074643489e-74,0.0,0.0,0.0,0.007626272547152646,unicycle
8.517889431529502,5.683678699921543,1.765,0.0,0.0,-1.5388396855549324,0.44728789501151844,3.8502149055868055e-74,0.0,0.0,0.0,0.007578549301232196,unicycle
8.518175916030112,5.674738047161504,1.765,0.0,0.0,-1.538689074818736,0.4472620744484135,2.754185030353781e-74,0.0,0.0,0.0,0.007530536809830505,unicycle
8.518463726056162,5.6657979566070305,1.765,0.0,0.0,-1.5385394300693813,0.4472361062195792,1.9200680065238714e-74,0.0,0.0,0.0,0.007482237467747538,unicycle
8.51875285269097,5.6568584310636085,1.765,0.0,0.0,-1.5383907569960982,0.4472099934588768,1.2905371064838728e-74,0.0,0.0,0.0,0.007433653664150374,unicycle
8.519043286969975,5.647919473255855,1.765,0.0,0.0,-1.5382430612403608,0.44718373993422084,8.2015480266257e-75,0.0,0.0,0.0,0.007384787786863576,unicycle
8.519335019881547,5.638981085818278,1.765,0.0,0.0,-1.5380963483958479,0.44715734987635153,4.729969518719276e-75,0.0,0.0,0.0,0.007335642225647259,unicycle
8.519628042367708,5.630043271288663,1.765,0.0,0.0,-1.5379506240083545,0.44713082784773817,2.2073877315365546e-75,0.0,0.0,0.0,0.007286219374678534,unicycle
8.519922345324797,5.621106032103443,1.765,0.0,0.0,-1.5378058935756664,0.44710417864290153,4.1114799053498293e-76,0.0,0.0,0.0,0.007236521634408436,unicycle
8.520217919604084,5.612169370594579,1.765,0.0,0.0,-1.5376621625474078,0.4470774072132407,-8.331861727349909e-76,0.0,0.0,0.0,0.007186551412931189,unicycle
8.520514756012359,5.60323328898757,1.765,0.0,0.0,-1.5375194363248683,0.44705051861088946,-1.6617627087570897e-75,0.0,0.0,0.0,0.0071363111269744876,unicycle
8.520812845312484,5.594297789400275,1.765,0.0,0.0,-1.5373777202608165,0.4470235179472778,-2.1803966498228103e-75,0.0,0.0,0.0,0.00708580320259677,unicycle
8.521112178223934,5.585362873842351,1.765,0.0,0.0,-1.5372370196593033,0.4469964103629935,-2.4709338101700856e-75,0.0,0.0,0.0,0.007035030075659274,unicycle
8.521412745423321,5.576428544215122,1.765,0.0,0.0,-1.5370973397754606,0.4469692010062699,-2.5963323275281963e-75,0.0,0.0,0.0,0.0069839941921262085,unicycle
8.521714537544915,5.56749480231174,1.765,0.0,0.0,-1.5369586858152957,0.44694189501800813,-2.604712833991031e-75,0.0,0.0,0.0,0.006932698008234836,unicycle
8.52201754518114,5.558561649817557,1.765,0.0,0.0,-1.5368210629354844,0.4469144975217042,-2.5325801096375576e-75,0.0,0.0,0.0,0.006881143990567995,unicycle
8.522321758883097,5.549629088310622,1.765,0.0,0.0,-1.5366844762431633,0.44688701361701627,-2.407380128725347e-75,0.0,0.0,0.0,0.006829334616054289,unicycle
8.522627169161053,5.540697119262257,1.765,0.0,0.0,-1.536548930795725,0.4468594483759962,-2.2495247959687734e-75,0.0,0.0,0.0,0.006777272371915518,unicycle
8.522933766484954,5.531765744037657,1.765,0.0,0.0,-1.5364144316006134,0.44683180684123597,-2.0739910318315732e-75,0.0,0.0,0.0,0.006724959755576252,unicycle
8.52324154128492,5.522834963896532,1.765,0.0,0.0,-1.5362809836151226,0.4468040940253582,-1.8915800911581037e-75,0.0,0.0,0.0,0.006672399274546928,unicycle
8.52355048395175,5.5139047799937035,1.765,0.0,0.0,-1.5361485917461968,0.44677631491141934,-1.7099061822245437e-75,0.0,0.0,0.0,0.006619593446289086,unicycle
8.523860584837433,5.504975193379717,1.765,0.0,0.0,-1.536017260850235,0.4467484744539011,-1.534169853238501e-75,0.0,0.0,0.0,0.006566544798069104,unicycle
8.524171834255643,5.496046205001397,1.765,0.0,0.0,-1.5358869957328987,0.44672057758005207,-1.367760626575143e-75,0.0,0.0,0.0,0.006513255866805165,unicycle
8.52448422248225,5.4871178157024,1.765,0.0,0.0,-1.5357578011489204,0.44669262919140496,-1.212724495272149e-75,0.0,0.0,0.0,0.006459729198910889,unicycle
8.524797739755826,5.478190026223721,1.765,0.0,0.0,-1.535629681801918,0.446664634165343,-1.0701247504027883e-75,0.0,0.0,0.0,0.00640596735013804,unicycle
8.525112376278154,5.469262837204168,1.765,0.0,0.0,-1.5355026423442095,0.44663659735663086,-9.403188553598504e-76,0.0,0.0,0.0,0.006351972885419994,unicycle
8.525428122214743,5.460336249180823,1.765,0.0,0.0,-1.535376687376635,0.4466085235988494,-8.231694581746397e-76,0.0,0.0,0.0,0.006297748378717059,unicycle
8.525744967695328,5.451410262589468,1.765,0.0,0.0,-1.5352518214483777,0.4465804177056984,-7.182039198458819e-76,0.0,0.0,0.0,0.0062432964128642954,unicycle
8.526062902814395,5.442484877764983,1.765,0.0,0.0,-1.5351280490567896,0.44655228447214546,-6.24733759902795e-76,0.0,0.0,0.0,0.006188619579422235,unicycle
8.526381917631683,5.43356009494174,1.765,0.0,0.0,-1.5350053746472188,0.44652412867541086,-5.419430377767382e-76,0.0,0.0,0.0,0.0061337204785306566,unicycle
8.526702002172707,5.424635914253969,1.765,0.0,0.0,-1.5348838026128435,0.44649595507578727,-4.689527846409513e-76,0.0,0.0,0.0,0.006078601718765338,unicycle
8.52702314642926,5.415712335736118,1.765,0.0,0.0,-1.5347633372945033,0.44646776841729635,-4.048670817543506e-76,0.0,0.0,0.0,0.00602326591699772,unicycle
8.527345340359934,5.4067893593231995,1.765,0.0,0.0,-1.5346439829805383,0.4464395734281921,-3.488051723999761e-76,0.0,0.0,0.0,0.005967715698257262,unicycle
8.52766857389064,5.397866984851138,1.765,0.0,0.0,-1.5345257439066262,0.44641137482131943,-2.999230341190512e-76,0.0,0.0,0.0,0.005911953695596276,unicycle
8.527992836915114,5.3889452120571,1.765,0.0,0.0,-1.5344086242556272,0.44638317729433924,-2.574270767520052e-76,0.0,0.0,0.0,0.005855982549956954,unicycle
8.528318119295438,5.380024040579843,1.765,0.0,0.0,-1.5342926281574267,0.4463549855298329,-2.205820299990634e-76,0.0,0.0,0.0,0.005799804910040363,unicycle
8.528644410862551,5.37110346996004,1.765,0.0,0.0,-1.5341777596887831,0.4463268041952965,-1.887146097342486e-76,0.0,0.0,0.0,0.005743423432177111,unicycle
8.528971701416767,5.36218349964063,1.765,0.0,0.0,-1.5340640228731792,0.44629863794303803,-1.612141793435581e-76,0.0,0.0,0.0,0.00568684078019943,unicycle
8.529299980728283,5.353264128967158,1.765,0.0,0.0,-1.5339514216806729,0.44627049140998676,-1.3753133017621107e-76,0.0,0.0,0.0,0.005630059625314481,unicycle
8.529629238537698,5.34434535718813,1.765,0.0,0.0,-1.5338399600277532,0.44624236921742694,-1.1717507716005905e-76,0.0,0.0,0.0,0.005573082645978641,unicycle
8.529959464556532,5.335427183455368,1.765,0.0,0.0,-1.533729641777198,0.44621427597066365,-9.970918840919463e-77,0.0,0.0,0.0,0.005515912527772593,unicycle
8.530290648467728,5.326509606824381,1.765,0.0,0.0,-1.5336204707379322,0.44618621625863086,-8.474803058154181e-77,0.0,0.0,0.0,0.005458551963277047,unicycle
8.530622779926176,5.317592626254734,1.765,0.0,0.0,-1.5335124506648932,0.44615819465344847,-7.195220631316664e-77,0.0,0.0,0.0,0.005401003651948878,unicycle
8.530955848559215,5.308676240610445,1.765,0.0,0.0,-1.5334055852588933,0.44613021570993655,-6.102417947872444e-77,0.0,0.0,0.0,0.005343270299997593,unicycle
8.531289843967148,5.299760448660376,1.765,0.0,0.0,-1.5332998781664882,0.4461022839650915,-5.170402290656666e-77,0.0,0.0,0.0,0.005285354620261968,unicycle
8.531624755723758,5.2908452490786475,1.765,0.0,0.0,-1.5331953329798462,0.4460744039375315,-4.3765377228817294e-77,0.0,0.0,0.0,0.005227259332086777,unicycle
8.531960573376812,5.281930640445052,1.765,0.0,0.0,-1.5330919532366225,0.44604658012691506,-3.7011675379307364e-77,0.0,0.0,0.0,0.005168987161199531,unicycle
8.532297286448573,5.273016621245498,1.765,0.0,0.0,-1.5329897424198309,0.4460188170133369,-3.1272662186887213e-77,0.0,0.0,0.0,0.005110540839587079,unicycle
8.532634884436302,5.264103189872454,1.765,0.0,0.0,-1.5328887039577235,0.4459911190567066,-2.6401220438818305e-77,0.0,0.0,0.0,0.00505192310537205,unicycle
8.532973356812779,5.255190344625408,1.765,0.0,0.0,-1.53278884122367,0.44596349069611135,-2.227050205269717e-77,0.0,0.0,0.0,0.004993136702689079,unicycle
8.533312693026796,5.246278083711345,1.765,0.0,0.0,-1.532690157536039,0.4459359363491671,-1.8771354300281035e-77,0.0,0.0,0.0,0.004934184381560753,unicycle
8.533652882503674,5.237366405245231,1.765,0.0,0.0,-1.5325926561580834,0.44590846041136,-1.5810025363320404e-77,0.0,0.0,0.0,0.0048750688977732305,unicycle
8.533993914645754,5.228455307250522,1.765,0.0,0.0,-1.5324963402978282,0.445881067255381,-1.3306130087095826e-77,0.0,0.0,0.0,0.004815793012751478,unicycle
8.534335778832913,5.2195447876596734,1.765,0.0,0.0,-1.5324012131079592,0.4458537612304551,-1.1190855027529223e-77,0.0,0.0,0.0,0.004756359493434132,unicycle
8.534678464423061,5.210634844314672,1.765,0.0,0.0,-1.532307277685716,0.4458265466616668,-9.405381298849366e-78,0.0,0.0,0.0,0.004696771112147948,unicycle
8.535021960752642,5.2017254749675805,1.765,0.0,0.0,-1.5322145370727869,0.4457994278492841,-7.899503967512254e-78,0.0,0.0,0.0,0.004637030646481818,unicycle
8.53536625713714,5.192816677281099,1.765,0.0,0.0,-1.5321229942552035,0.4457724090680807,-6.630427537319512e-78,0.0,0.0,0.0,0.004577140879160351,unicycle
8.535711342871569,5.183908448829133,1.765,0.0,0.0,-1.5320326521632448,0.44574549456665985,-5.561718230484457e-78,0.0,0.0,0.0,0.0045171045979169756,unicycle
8.536057207230979,5.175000787097379,1.765,0.0,0.0,-1.5319435136713373,0.44571868856677854,-4.662395141834808e-78,0.0,0.0,0.0,0.004456924595366559,unicycle
8.536403839470948,5.1660936894839296,1.765,0.0,0.0,-1.5318555815979598,0.4456919952626741,-3.9061438205891526e-78,0.0,0.0,0.0,0.004396603668877557,unicycle
8.536751228828082,5.157187153299884,1.765,0.0,0.0,-1.531768858705551,0.4456654188203938,-3.2706373391111416e-78,0.0,0.0,0.0,0.004336144620443687,unicycle
8.537099364520508,5.148281175769978,1.765,0.0,0.0,-1.5316833477004197,0.4456389633771279,-2.736951387025951e-78,0.0,0.0,0.0,0.00427555025655512,unicycle
8.537448235748364,5.139375754033223,1.765,0.0,0.0,-1.531599051232658,0.4456126330405468,-2.289061346018643e-78,0.0,0.0,0.0,0.004214823388069186,unicycle
8.537797831694297,5.130470885143564,1.765,0.0,0.0,-1.5315159718960563,0.4455864318881429,-1.9134106326457729e-78,0.0,0.0,0.0,0.004153966830080569,unicycle
8.538148141523948,5.121566566070546,1.765,0.0,0.0,-1.5314341122280202,0.445560363966577,-1.598540830427213e-78,0.0,0.0,0.0,0.004092983401791041,unicycle
8.538499154386447,5.112662793699998,1.765,0.0,0.0,-1.5313534747094926,0.4455344332910308,-1.3347752622557293e-78,0.0,0.0,0.0,0.004031875926378716,unicycle
8.538850859414891,5.10375956483473,1.765,0.0,0.0,-1.5312740617648748,0.4455086438445646,-1.1139486787054622e-78,0.0,0.0,0.0,0.003970647230866833,unicycle
8.539203245726847,5.094856876195239,1.765,0.0,0.0,-1.5311958757619548,0.4454829995774813,-9.291766595550408e-79,0.0,0.0,0.0,0.003909300145992049,unicycle
8.539556302424824,5.0859547244204295,1.765,0.0,0.0,-1.5311189190118335,0.4454575044066962,-7.74659149499071e-79,0.0,0.0,0.0,0.003847837506072291,unicycle
8.539910018596764,5.077053106068353,1.765,0.0,0.0,-1.531043193768856,0.4454321622151145,-6.455132807816589e-79,0.0,0.0,0.0,0.0037862621488741616,unicycle
8.540264383316522,5.068152017616948,1.765,0.0,0.0,-1.5309687022305463,0.44540697685101405,-5.376312823330144e-79,0.0,0.0,0.0,0.003724576915479849,unicycle
8.540619385644348,5.059251455464809,1.765,0.0,0.0,-1.5308954465375433,0.44538195212743603,-4.47559844255332e-79,0.0,0.0,0.0,0.0036627846501536203,unicycle
8.540975014627369,5.050351415931949,1.765,0.0,0.0,-1.5308234287735392,0.44535709182158245,-3.723978055346152e-79,0.0,0.0,0.0,0.0036008882002078763,unicycle
8.541331259300065,5.041451895260592,1.765,0.0,0.0,-1.5307526509652216,0.44533239967422117,-3.0970946879059046e-79,0.0,0.0,0.0,0.0035388904158687906,unicycle
8.541688108684752,5.032552889615966,1.765,0.0,0.0,-1.5306831150822187,0.4453078793890978,-2.5745122550102525e-79,0.0,0.0,0.0,0.003476794150141502,unicycle
8.542045551792047,5.023654395087109,1.765,0.0,0.0,-1.5306148230370453,0.4452835346323561,-2.1390950478623177e-79,0.0,0.0,0.0,0.0034146022586749205,unicycle
8.542403577621346,5.0147564076876945,1.765,0.0,0.0,-1.5305477766850526,0.4452593690319647,-1.7764834435484655e-79,0.0,0.0,0.0,0.003352317599626122,unicycle
8.542762175161316,5.005858923356859,1.765,0.0,0.0,-1.5304819778243817,0.4452353861771533,-1.4746512891874954e-79,0.0,0.0,0.0,0.0032899430335243765,unicycle
8.54312133339034,4.996961937960051,1.765,0.0,0.0,-1.5304174281959193,0.4452115896178555,-1.2235325409645997e-79,0.0,0.0,0.0,0.0032274814231347923,unicycle
8.543481041277,4.988065447289878,1.765,0.0,0.0,-1.5303541294832526,0.44518798286416034,-1.014706568583674e-79,0.0,0.0,0.0,0.003164935633321551,unicycle
8.543841287780541,4.979169447066978,1.765,0.0,0.0,-1.5302920833126343,0.4451645693857716,-8.411331077269451e-80,0.0,0.0,0.0,0.0031023085309107956,unicycle
8.544202061851351,4.970273932940896,1.765,0.0,0.0,-1.530231291252943,0.4451413526114759,-6.969291910042792e-80,0.0,0.0,0.0,0.0030396029845531944,unicycle
8.54456335243141,4.961378900490967,1.765,0.0,0.0,-1.5301717548156515,0.4451183359286184,-5.771815417131746e-80,0.0,0.0,0.0,0.0029768218645861598,unicycle
8.544925148454764,4.952484345227218,1.765,0.0,0.0,-1.5301134754547936,0.4450955226825872,-4.777889009671821e-80,0.0,0.0,0.0,0.0029139680428957155,unicycle
8.545287438847987,4.943590262591275,1.765,0.0,0.0,-1.530056454566938,0.4450729161763066,-3.95329600540587e-80,0.0,0.0,0.0,0.002851044392778062,unicycle
8.54565021253064,4.934696647957284,1.765,0.0,0.0,-1.5300006934911623,0.44505051966973863,-3.269504113218218e-80,0.0,0.0,0.0,0.0027880537888008605,unicycle
8.546013458415736,4.925803496632833,1.765,0.0,0.0,-1.5299461935090288,0.44502833637939293,-2.702733081381483e-80,0.0,0.0,0.0,0.0027249991066641828,unicycle
8.546377165410194,4.9169108038598965,1.765,0.0,0.0,-1.529892955844567,0.44500636947784616,-2.23317311151136e-80,0.0,0.0,0.0,0.0026618832230611957,unicycle
8.546741322415295,4.9080185648157855,1.765,0.0,0.0,-1.5298409816642566,0.4449846220932696,-1.8443300521432524e-80,0.0,0.0,0.0,0.0025987090155385867,unicycle
8.547105918327144,4.8991267746141,1.765,0.0,0.0,-1.5297902720770093,0.4449630973089656,-1.5224771291635842e-80,0.0,0.0,0.0,0.002535479362356697,unicycle
8.547470942037123,4.890235428305694,1.765,0.0,0.0,-1.5297408281341625,0.4449417981629131,-1.2561961431298384e-80,0.0,0.0,0.0,0.0024721971423494436,unicycle
8.547836382432331,4.881344520879659,1.765,0.0,0.0,-1.5296926508294668,0.4449207276473224,-1.0359937501297098e-80,0.0,0.0,0.0,0.002408865234783999,unicycle
8.54820222839606,4.872454047264304,1.765,0.0,0.0,-1.5296457410990822,0.44489988870819824,-8.539807156420435e-81,0.0,0.0,0.0,0.0023454865192202227,unicycle
8.54856846880822,4.863564002328149,1.765,0.0,0.0,-1.5296000998215746,0.4448792842449131,-7.03603951889256e-81,0.0,0.0,0.0,0.002282063875369931,unicycle
8.548935092545804,4.854674380880928,1.765,0.0,0.0,-1.5295557278179155,0.44485891710978864,-5.7942277146973035e-81,0.0,0.0,0.0,0.0022186001829559215,unicycle
8.549302088483323,4.845785177674601,1.765,0.0,0.0,-1.529512625851484,0.44483879010768734,-4.769221589530328e-81,0.0,0.0,0.0,0.0021550983215708145,unicycle
8.549669445493262,4.83689638740437,1.765,0.0,0.0,-1.529470794628073,0.44481890599561225,-3.9235701627513416e-81,0.0,0.0,0.0,0.0020915611705357735,unicycle
8.550037152446519,4.828008004709707,1.765,0.0,0.0,-1.5294302347958981,0.44479926748231696,-3.2262231012573696e-81,0.0,0.0,0.0,0.002027991608759039,unicycle
8.550405198212845,4.819120024175386,1.765,0.0,0.0,-1.5293909469456057,0.4447798772279249,-2.6514486810510585e-81,0.0,0.0,0.0,0.0019643925145942914,unicycle
8.55077357166129,4.81023244033253,1.765,0.0,0.0,-1.529352931610292,0.44476073784355746,-2.177932590668123e-81,0.0,0.0,0.0,0.0019007667656988948,unicycle
8.551142261660644,4.801345247659652,1.765,0.0,0.0,-1.5293161892655145,0.4447418518909724,-1.788027719813491e-81,0.0,0.0,0.0,0.0018371172388920518,unicycle
8.551511257079863,4.792458440583722,1.765,0.0,0.0,-1.5292807203293142,0.4447232218822108,-1.4671299400718754e-81,0.0,0.0,0.0,0.0017734468100128293,unicycle
8.551880546788523,4.783572013481218,1.765,0.0,0.0,-1.5292465251622387,0.44470485027925477,-1.2031589677389523e-81,0.0,0.0,0.0,0.0017097583537780613,unicycle
8.552250119657245,4.774685960679205,1.765,0.0,0.0,-1.529213604067366,0.4446867394936936,-9.861268246804057e-82,0.0,0.0,0.0,0.0016460547436402324,unicycle
8.552619964558126,4.765800276456407,1.765,0.0,0.0,-1.5291819572903333,0.4446688918864,-8.077792856986045e-82,0.0,0.0,0.0,0.0015823388516452408,unicycle
8.55299007036518,4.756914955044292,1.765,0.0,0.0,-1.529151585019367,0.4446513097672165,-6.612981080685987e-82,0.0,0.0,0.0,0.0015186135482901247,unicycle
8.553360425954764,4.748029990628161,1.765,0.0,0.0,-1.5291224873853195,0.44463399539465065,-5.410538549009265e-82,0.0,0.0,0.0,0.0014548817023807758,unicycle
8.55373102020601,4.739145377348239,1.765,0.0,0.0,-1.5290946644617018,0.4446169509755805,-4.4240081139168244e-82,0.0,0.0,0.0,0.0013911461808895954,unicycle
8.554101842001252,4.73026110930078,1.765,0.0,0.0,-1.5290681162647257,0.44460017866497,-3.6150690458808064e-82,0.0,0.0,0.0,0.0013274098488132025,unicycle
8.554472880226449,4.7213771805391715,1.765,0.0,0.0,-1.529042842753345,0.4445836805655933,-2.9521271746430656e-82,0.0,0.0,0.0,0.0012636755690300515,unicycle
8.55484412377162,4.712493585075045,1.765,0.0,0.0,-1.5290188438293015,0.44456745872777026,-2.4091467426392715e-82,0.0,0.0,0.0,0.001199946202158111,unicycle
8.55521556155041,4.703610316421004,1.765,0.0,0.0,-1.5289961193398443,0.44455153808854597,-1.9646829767229547e-82,0.0,0.0,0.0,0.00113622447285772,unicycle
8.555587182491692,4.694727367803505,1.765,0.0,0.0,-1.5289746690764816,0.44453593293500265,-1.6010812586769367e-82,0.0,0.0,0.0,0.0010725131681282455,unicycle
8.555958975518944,4.685844732666818,1.765,0.0,0.0,-1.5289544927720726,0.4445206323369708,-1.3038145106347329e-82,0.0,0.0,0.0,0.0010088152204591125,unicycle
8.556330929553473,4.6769624046071065,1.765,0.0,0.0,-1.5289355901013117,0.4445056286665149,-1.0609351942846068e-82,0.0,0.0,0.0,0.0009451335380498785,unicycle
8.556703033516985,4.668080377321917,1.765,0.0,0.0,-1.5289179606811203,0.4444909168267199,-8.626223088909455e-83,0.0,0.0,0.0,0.0008814710095618665,unicycle
8.55707527633366,4.659198644571773,1.765,0.0,0.0,-1.5289016040709626,0.444476493645388,-7.008070937635939e-83,0.0,0.0,0.0,0.0008178305078711266,unicycle
8.55744764693181,4.650317200151276,1.765,0.0,0.0,-1.5288865197731023,0.44446235739996964,-5.688639056042119e-83,0.0,0.0,0.0,0.0007542148930083306,unicycle
8.55782013424526,4.641436037867617,1.765,0.0,0.0,-1.5288727072328137,0.44444850744670633,-4.613550420681258e-83,0.0,0.0,0.0,0.0006906270144403762,unicycle
8.558192727214465,4.632555151524829,1.765,0.0,0.0,-1.5288601658385572,0.44443494393233807,-3.738201968108873e-83,0.0,0.0,0.0,0.0006270697128217079,unicycle
8.558565414787433,4.6236745349125234,1.765,0.0,0.0,-1.5288488949221308,0.4444216675710573,-3.0260282256430186e-83,0.0,0.0,0.0,0.000563545821319567,unicycle
8.55893818592052,4.614794181798035,1.765,0.0,0.0,-1.528838893758799,0.44440867947288254,-2.447070011738963e-83,0.0,0.0,0.0,0.0005000581665999,unicycle
8.559311029579117,4.605914085921202,1.765,0.0,0.0,-1.528830161567408,0.44439598101242944,-1.9767951794711755e-83,0.0,0.0,0.0,0.0004366095695443698,unicycle
8.559683934738231,4.59703424099113,1.765,0.0,0.0,-1.528822697510493,0.44438357372931303,-1.5951274961525123e-83,0.0,0.0,0.0,0.0003732028457545563,unicycle
8.56005689038302,4.588154640684456,1.765,0.0,0.0,-1.5288165006943752,0.4443714592532223,-1.285647320029281e-83,0.0,0.0,0.0,0.00030984080588957445,unicycle
8.560429885509272,4.579275278644719,1.765,0.0,0.0,-1.528811570169258,0.44435963924815736,-1.0349340123574811e-83,0.0,0.0,0.0,0.0002465262558745863,unicycle
8.560802909123852,4.57039614848256,1.765,0.0,0.0,-1.5288079049293175,0.4443481153714761,-8.32025227655905e-84,0.0,0.0,0.0,0.00018326199700960052,unicycle
8.561175950245124,4.5615172437765095,1.765,0.0,0.0,-1.5288055039127977,0.4443368892443248,-6.679725379221824e-84,0.0,0.0,0.0,0.00012005082600181327,unicycle
8.56154899790335,4.552638558074183,1.765,0.0,0.0,-1.5288043660020991,0.44432596243075945,-5.354764191499488e-84,0.0,0.0,0.0,5.68955349403288e-05,unicycle
8.561922041141072,4.543760084893775,1.765,0.0,0.0,-1.5288044900238742,0.4443153364234544,-4.2858658635149035e-84,0.0,0.0,0.0,-6.2010887721248e-06,unicycle
8.562295069013501,4.53488181772573,1.765,0.0,0.0,-1.5288058747491244,0.4443050126343569,-3.4245611110311814e-84,0.0,0.0,0.0,-6.923626251903539e-05,unicycle
8.562668070588886,4.5260037500345325,1.765,0.0,0.0,-1.5288085188932958,0.44429499238901415,-2.731397804082764e-84,0.0,0.0,0.0,-0.000132207208592573,unicycle
8.563041034948876,4.51712587526055,1.765,0.0,0.0,-1.5288124211163823,0.4442852769235914,-2.17428829750477e-84,0.0,0.0,0.0,-0.00019511115433196326,unicycle
8.563413951188897,4.508248186821907,1.765,0.0,0.0,-1.5288175800230277,0.44427586738382585,-1.7271556668475312e-84,0.0,0.0,0.0,-0.00025794533227251645,unicycle
8.56378680841851,4.499370678116341,1.765,0.0,0.0,-1.5288239941626338,0.44426676482534283,-1.3688254410409903e-84,0.0,0.0,0.0,-0.0003207069803013936,unicycle
8.564159595761781,4.490493342523039,1.765,0.0,0.0,-1.5288316620294702,0.44425797021489793,-1.0821188584731585e-84,0.0,0.0,0.0,-0.0003833933418171656,unicycle
8.564532302357646,4.48161617340444,1.765,0.0,0.0,-1.528840582062788,0.44424948443222056,-8.531114596215353e-85,0.0,0.0,0.0,-0.00044600166589103444,unicycle
8.56490491736028,4.472739164107987,1.765,0.0,0.0,-1.5288507526469362,0.4442413082722176,-6.70527252106523e-85,0.0,0.0,0.0,-0.0005085292074282612,unicycle
8.565277429939464,4.463862307967835,1.765,0.0,0.0,-1.5288621721114828,0.44423344244736157,-5.252439793339909e-85,0.0,0.0,0.0,-0.000570973227328726,unicycle
8.565649829280947,4.454985598306507,1.765,0.0,0.0,-1.5288748387313358,0.44422588759013737,-4.098893875572248e-85,0.0,0.0,0.0,-0.000633330992645791,unicycle
8.56602210458683,4.446109028436506,1.765,0.0,0.0,-1.5288887507268705,0.44421864425545926,-3.1851198036957997e-85,0.0,0.0,0.0,-0.0006955997767431697,unicycle
8.566394245075925,4.437232591661873,1.765,0.0,0.0,-1.528903906264059,0.4442117129230001,-2.4631270856652387e-85,0.0,0.0,0.0,-0.0007577768594495046,unicycle
8.566766239984128,4.42835628127971,1.765,0.0,0.0,-1.5289203034546035,0.44420509399939445,-1.8942647805066865e-85,0.0,0.0,0.0,-0.0008198595272104537,unicycle
8.567138078564794,4.419480090581652,1.765,0.0,0.0,-1.528937940356068,0.44419878782029415,-1.447443608461286e-85,0.0,0.0,0.0,-0.000881845073238394,unicycle
8.567509750089108,4.410604012855309,1.765,0.0,0.0,-1.5289568149720212,0.44419279465226613,-1.0976904026623531e-85,0.0,0.0,0.0,-0.0009437307976596946,unicycle
8.567881243846465,4.401728041385669,1.765,0.0,0.0,-1.5289769252521743,0.44418711469453,-8.249737357652608e-86,0.0,0.0,0.0,-0.001005514007659691,unicycle
8.568252549144825,4.392852169456469,1.765,0.0,0.0,-1.5289982690925263,0.44418174808054006,-6.1325065924116376e-86,0.0,0.0,0.0,-0.0010671920176255336,unicycle
8.568623655311104,4.383976390351534,1.765,0.0,0.0,-1.5290208443355122,0.4441766948794181,-4.4969360634197485e-86,0.0,0.0,0.0,-0.0011287621492870059,unicycle
8.568994551691542,4.375100697356099,1.765,0.0,0.0,-1.5290446487701492,0.44417195509724744,-3.240639849287961e-86,0.0,0.0,0.0,-0.0011902217318554122,unicycle
8.56936522765207,4.366225083758098,1.765,0.0,0.0,-1.5290696801321921,0.4441675286782396,-2.2820511445212576e-86,0.0,0.0,0.0,-0.0012515681021606972,unicycle
8.569735672578693,4.357349542849437,1.765,0.0,0.0,-1.5290959361042877,0.4441634155057845,-1.55632182270059e-86,0.0,0.0,0.0,-0.0013127986047869922,unicycle
8.570105875877854,4.348474067927246,1.765,0.0,0.0,-1.5291234143161316,0.4441596154033964,-1.0120100583650465e-86,0.0,0.0,0.0,-0.0013739105922066274,unicycle
8.570475826976809,4.339598652295113,1.765,0.0,0.0,-1.52915211234463,0.4441561281355678,-6.084075184621824e-87,0.0,0.0,0.0,-0.0014349014249127375,unicycle
8.570845515324006,4.330723289264302,1.765,0.0,0.0,-1.5291820277140613,0.4441529534085411,-3.1338515154078875e-87,0.0,0.0,0.0,-0.0014957684715506086,unicycle
8.57121493038944,4.321847972154962,1.765,0.0,0.0,-1.5292131578962422,0.44415009087100826,-1.0165909403833528e-87,0.0,0.0,0.0,-0.0015565091090477853,unicycle
8.57158406166504,4.312972694297312,1.765,0.0,0.0,-1.529245500310697,0.4441475401147491,4.6603415714343785e-88,0.0,0.0,0.0,-0.0016171207227430665,unicycle
8.571952898665034,4.3040974490328265,1.765,0.0,0.0,-1.5292790523248272,0.4441453006752153,1.4690322902384748e-87,0.0,0.0,0.0,-0.0016776007065144182,unicycle
8.57232143092631,4.295222229715398,1.765,0.0,0.0,-1.5293138112540852,0.4441433720320683,2.11306464425023e-87,0.0,0.0,0.0,-0.001737946462905891,unicycle
8.5726896480088,4.286347029712498,1.765,0.0,0.0,-1.5293497743621505,0.44414175360967834,2.4916258030038105e-87,0.0,0.0,0.0,-0.0017981554032535645,unicycle
8.57305753949584,4.27747184240633,1.765,0.0,0.0,-1.5293869388611065,0.44414044477759135,2.676781290283077e-87,0.0,0.0,0.0,-0.001858224947810561,unicycle
8.573425094994535,4.268596661194957,1.765,0.0,0.0,-1.5294253019116242,0.4441394448509672,2.7237436784284612e-87,0.0,0.0,0.0,-0.0019181525258711847,unicycle
8.57379230413613,4.25972147949344,1.765,0.0,0.0,-1.5294648606231422,0.4441387530909963,2.6745152444723694e-87,0.0,0.0,0.0,-0.001977935575894173,unicycle
8.574159156576378,4.250846290734962,1.765,0.0,0.0,-1.5295056120540547,0.4441383687052975,2.5607814558121616e-87,0.0,0.0,0.0,-0.0020375715456251225,unicycle
8.574525641995901,4.24197108837193,1.765,0.0,0.0,-1.5295475532118994,0.4441382908483015,2.406204084641341e-87,0.0,0.0,0.0,-0.002097057892218054,unicycle
8.574891750100553,4.233095865877094,1.765,0.0,0.0,-1.5295906810535458,0.44413851862162235,2.2282339636244993e-87,0.0,0.0,0.0,-0.002156392082356153,unicycle
8.575257470621791,4.224220616744639,1.765,0.0,0.0,-1.5296349924853934,0.44413905107442114,2.039540062106675e-87,0.0,0.0,0.0,-0.002215571592371704,unicycle
8.575622793317034,4.215345334491275,1.765,0.0,0.0,-1.5296804843635605,0.4441398872037624,1.8491326671986101e-87,0.0,0.0,0.0,-0.0022745939083651844,unicycle
8.575987707970025,4.206470012657322,1.765,0.0,0.0,-1.5297271534940868,0.44414102595496724,1.6632431682819298e-87,0.0,0.0,0.0,-0.002333456526323554,unicycle
8.576352204391192,4.1975946448077845,1.765,0.0,0.0,-1.5297749966331313,0.4441424662219634,1.486010590243349e-87,0.0,0.0,0.0,-0.00239215695223775,unicycle
8.576716272418011,4.188719224533422,1.765,0.0,0.0,-1.529824010487176,0.44414420684763484,1.3200150483184102e-87,0.0,0.0,0.0,-0.002450692702219339,unicycle
8.577079901915365,4.179843745451805,1.765,0.0,0.0,-1.5298741917132284,0.44414624662417146,1.166690256167374e-87,0.0,0.0,0.0,-0.0025090613026163416,unicycle
8.577443082775904,4.170968201208371,1.765,0.0,0.0,-1.529925536919031,0.4441485842934206,1.0266407425715738e-87,0.0,0.0,0.0,-0.0025672602901282617,unicycle
8.577805804920398,4.162092585477473,1.765,0.0,0.0,-1.5299780426632694,0.44415121854724066,8.998842229933244e-88,0.0,0.0,0.0,-0.002625287211920258,unicycle
8.578168058298107,4.153216891963412,1.765,0.0,0.0,-1.5300317054557842,0.4441541480278581,7.860353879471025e-88,0.0,0.0,0.0,-0.0026831396257364698,unicycle
8.578529832887122,4.14434111440147,1.765,0.0,0.0,-1.5300865217577846,0.4441573713282284,6.844440138892806e-88,0.0,0.0,0.0,-0.0027408151000125076,unicycle
8.578891118694733,4.135465246558935,1.765,0.0,0.0,-1.5301424879820642,0.4441608869924016,5.942976144077311e-88,0.0,0.0,0.0,-0.002798311213987089,unicycle
8.579251905757781,4.126589282236107,1.765,0.0,0.0,-1.5301996004932203,0.444164693515892,5.14696700332545e-88,0.0,0.0,0.0,-0.0028556255578128034,unicycle
8.579612184143011,4.117713215267316,1.765,0.0,0.0,-1.5302578556078736,0.4441687893460543,4.447090020284317e-88,0.0,0.0,0.0,-0.0029127557326659934,unicycle
8.579971943947426,4.1088370395219105,1.765,0.0,0.0,-1.530317249594891,0.4441731728824643,3.8340764060099036e-88,0.0,0.0,0.0,-0.0029696993508557938,unicycle
8.580331175298639,4.099960748905255,1.765,0.0,0.0,-1.5303777786756094,0.444177842477306,3.298971483439387e-88,0.0,0.0,0.0,-0.0030264540359322407,unicycle
8.580689868355233,4.091084337359707,1.765,0.0,0.0,-1.5304394390240654,0.44418279643576475,2.833303769693433e-88,0.0,0.0,0.0,-0.0030830174227934907,unicycle
8.581048013307102,4.082207798865591,1.765,0.0,0.0,-1.5305022267672215,0.4441880330164258,2.4291865021212492e-88,0.0,0.0,0.0,-0.003139387157792159,unicycle
8.581405600375806,4.073331127442165,1.765,0.0,0.0,-1.5305661379851982,0.44419355043168024,2.079369791880063e-88,0.0,0.0,0.0,-0.0031955608988407163,unicycle
8.581762619814924,4.064454317148574,1.765,0.0,0.0,-1.5306311687115088,0.4441993468481369,1.7772573535484197e-88,0.0,0.0,0.0,-0.0032515363155159846,unicycle
8.582119061910397,4.055577362084798,1.765,0.0,0.0,-1.530697314933292,0.44420542038704014,1.516898437225648e-88,0.0,0.0,0.0,-0.0033073110891627,unicycle
8.582474916980882,4.046700256392591,1.765,0.0,0.0,-1.530764572591552,0.4442117691246949,1.292962993246812e-88,0.0,0.0,0.0,-0.0033628829129961233,unicycle
8.5828301753781,4.037822994256407,1.765,0.0,0.0,-1.5308329375813963,0.444218391092898,1.1007060787236488e-88,0.0,0.0,0.0,-0.0034182494922037165,unicycle
8.583184827487173,4.02894556990432,1.765,0.0,0.0,-1.530902405752277,0.4442252842793756,9.35925949298374e-89,0.0,0.0,0.0,-0.0034734085440458725,unicycle
8.58353886372698,4.020067977608936,1.765,0.0,0.0,-1.5309729729082362,0.44423244662822725,7.949190726415566e-89,0.0,0.0,0.0,-0.003528357797955694,unicycle
8.583892274550504,4.01119021168829,1.765,0.0,0.0,-1.531044634808149,0.4442398760403771,6.74434375670663e-89,0.0,0.0,0.0,-0.003583094995637781,unicycle
8.584245050445169,4.00231226650674,1.765,0.0,0.0,-1.5311173871659725,0.44424757037403023,5.716283341857742e-89,0.0,0.0,0.0,-0.003637617891166046,unicycle
8.584597181933185,3.993434136475844,1.765,0.0,0.0,-1.5311912256509943,0.44425552744513624,4.840219831391343e-89,0.0,0.0,0.0,-0.003691924251080557,unicycle
8.584948640275853,3.984556312235644,1.765,0.0,0.0,-1.5312660678618755,0.44423891726007214,4.094605296603838e-89,0.0,0.0,0.0,-0.003742110544053085,unicycle
8.585299222975186,3.9756837866122074,1.765,0.0,0.0,-1.5313410905084837,0.44397246312296396,3.4607595888246334e-89,0.0,0.0,0.0,-0.0037511323304233886,unicycle
8.58564849956327,3.9668276676584804,1.765,0.0,0.0,-1.5314143960790856,0.44315019207013434,2.92252810615302e-89,0.0,0.0,0.0,-0.003665278530081456,unicycle
8.585995919648388,3.958002683488536,1.765,0.0,0.0,-1.5314833238277135,0.4415910051908556,2.465971541814585e-89,0.0,0.0,0.0,-0.003446387431390875,unicycle
8.586340891826545,3.9492253331280662,1.765,0.0,0.0,-1.5315446824733547,0.43920634438255474,2.0790868452345962e-89,0.0,0.0,0.0,-0.0030679322820829887,unicycle
8.586682840167155,3.9405125311085216,1.765,0.0,0.0,-1.5315949236933006,0.4359754801460192,1.7515579351778675e-89,0.0,0.0,0.0,-0.002512060997306837,unicycle
8.587021243478892,3.931880629313175,1.765,0.0,0.0,-1.5316302713223167,0.4319266298044177,1.4745342735081388e-89,0.0,0.0,0.0,-0.0017673814508034603,unicycle
8.587355661423622,3.9233447270225157,1.765,0.0,0.0,-1.5316468178887301,0.42712253300166686,1.2404351691909788e-89,0.0,0.0,0.0,-0.0008273283206635057,unicycle
8.587682832129223,3.914997941363808,1.765,0.0,0.0,-1.5315915288033182,0.4176597644039698,1.0427775819810284e-89,0.0,0.0,0.0,0.0027644542705875736,unicycle
8.587998536359436,3.906971503294501,1.765,0.0,0.0,-1.5313755698358393,0.4016322244671307,8.760251932124907e-90,0.0,0.0,0.0,0.01079794837394482,unicycle
8.588301028737076,3.899345877990531,1.765,0.0,0.0,-1.5309229002941236,0.38158113131288557,7.354565764790972e-90,0.0,0.0,0.0,0.02263347708578648,unicycle
8.588590248607868,3.8921643033895346,1.765,0.0,0.0,-1.5301682812613446,0.3593698106921336,6.1705041062493756e-90,0.0,0.0,0.0,0.03773095163896288,unicycle
8.588867208793456,3.8854431895612227,1.765,0.0,0.0,-1.5290560067616774,0.336340908538665,5.173858141878838e-90,0.0,0.0,0.0,0.055613724983350515,unicycle
8.589133544735999,3.87918005466247,1.765,0.0,0.0,-1.5275390919841465,0.31343979138629485,4.335560316474909e-90,0.0,0.0,0.0,0.07584573887656323,unicycle
8.58939119763282,3.873359534167156,1.765,0.0,0.0,-1.5255787236992757,0.29131106536903395,3.6309385845677544e-90,0.0,0.0,0.0,0.09801841424354642,unicycle
8.589642203721755,3.867957888863363,1.765,0.0,0.0,-1.5231438352037754,0.27037377133926055,3.039073474974061e-90,0.0,0.0,0.0,0.12174442477502301,unicycle
8.58988856400679,3.8629463482585895,1.765,0.0,0.0,-1.5202107143950958,0.25087970560119505,2.5422448994020224e-90,0.0,0.0,0.0,0.14665604043398411,unicycle
8.590132172338103,3.858293555101978,1.765,0.0,0.0,-1.5167625902350155,0.23295842271398018,2.1254570569250405e-90,0.0,0.0,0.0,0.1724062080040059,unicycle
8.590374783797895,3.8539673201724547,1.765,0.0,0.0,-1.5127891707306955,0.21665175794249145,1.7760311097680197e-90,0.0,0.0,0.0,0.19867097521600147,unicycle
8.590618009240478,3.8499358514447066,1.765,0.0,0.0,-1.508286125512548,0.20194012901324682,1.4832565224309553e-90,0.0,0.0,0.0,0.22515226090737245,unicycle
8.590863325324454,3.8461685859436874,1.765,0.0,0.0,-1.503254519217208,0.18876241287318182,1.2380930629557774e-90,0.0,0.0,0.0,0.25158031476701626,unicycle
8.59111209234411,3.8426367241956068,1.765,0.0,0.0,-1.4977002094686114,0.17703082122780311,1.032916463519375e-90,0.0,0.0,0.0,0.2777154874298131,unicycle
8.591365574591844,3.839313544702831,1.765,0.0,0.0,-1.4916332266158263,0.16664190096352652,8.613016317067174e-91,0.0,0.0,0.0,0.3033491426392403,unicycle
8.591624959888287,3.8361745581253897,1.765,0.0,0.0,-1.4850671527715178,0.15748454771544976,7.178380997783846e-91,0.0,0.0,0.0,0.3283036922154283,unicycle
8.591891376354868,3.8331975468889476,1.765,0.0,0.0,-1.4780185161607844,0.14944573114590196,5.979731040453674e-91,0.0,0.0,0.0,0.3524318305366714,unicycle
8.592165905541593,3.8303625249911883,1.765,0.0,0.0,-1.4705062141784915,0.14241447949958666,4.978783076611345e-91,0.0,0.0,0.0,0.37561509911464097,unicycle
8.592449591732235,3.827651644228977,1.765,0.0,0.0,-1.4625509754863248,0.13628455105834136,4.143367254221212e-91,0.0,0.0,0.0,0.39776193460833825,unicycle
8.592743447698854,3.825049066422039,1.765,0.0,0.0,-1.4541748683854057,0.1309561250638468,3.4464688607426053e-91,0.0,0.0,0.0,0.41880535504595695,unicycle
8.593048457431006,3.8225408160676273,1.765,0.0,0.0,-1.4454008598441246,0.12633676953481393,2.865416833719425e-91,0.0,0.0,0.0,0.43870042706404655,unicycle
8.593365576476161,3.8201146239062935,1.765,0.0,0.0,-1.4362524270906898,0.12234188416835937,2.3811972850560145e-91,0.0,0.0,0.0,0.4574216376717557,unicycle
8.59369573054204,3.817759768856878,1.765,0.0,0.0,-1.4267532216565386,0.11889476995887424,1.9778732978046063e-91,0.0,0.0,0.0,0.47496027170756994,unicycle
8.59403981296398,3.815466923486271,1.765,0.0,0.0,-1.4169267841836881,0.11592644070081808,1.642094963344508e-91,0.0,0.0,0.0,0.4913218736425291,unicycle
8.594398681558376,3.813228006455178,1.765,0.0,0.0,-1.406796307154605,0.1133752630857629,1.3626859643343254e-91,0.0,0.0,0.0,0.5065238514541806,unicycle
8.59477315528574,3.811036044097373,1.765,0.0,0.0,-1.396384441916638,0.11118648999333226,1.1302950215796447e-91,0.0,0.0,0.0,0.5205932618983634,unicycle
8.59516401104775,3.8088850423460703,1.765,0.0,0.0,-1.3857131458959855,0.10931173447843347,9.37102252798978e-92,0.0,0.0,0.0,0.5335648010326539,unicycle
8.595571980849973,3.8067698695378507,1.765,0.0,0.0,-1.3748035656694968,0.10770841880985922,7.765719753336293e-92,0.0,0.0,0.0,0.5454790113244574,unicycle
8.59599774948075,3.804686150140219,1.765,0.0,0.0,-1.3636759515311385,0.10633922287036936,6.432447559576711e-92,0.0,0.0,0.0,0.5563807069179365,unicycle
8.596441952789066,3.8026301691148547,1.765,0.0,0.0,-1.3523495993045502,0.10517154861164922,5.32562597984567e-92,0.0,0.0,0.0,0.5663176113294334,unicycle
8.596905176590605,3.800598786407601,1.765,0.0,0.0,-1.3408428153718688,0.10417701153410477,4.4072208415107635e-92,0.0,0.0,0.0,0.5753391966341069,unicycle
8.597387956190675,3.7985893609190793,1.765,0.0,0.0,-1.3291729011771605,0.10333096590774732,3.64551085396568e-92,0.0,0.0,0.0,0.5834957097354396,unicycle
8.597890776483867,3.796599683234295,1.765,0.0,0.0,-1.3173561537924898,0.10261206733198709,3.0140531989749332e-92,0.0,0.0,0.0,0.5908373692335644,unicycle
8.598414072571371,3.7946279163585594,1.765,0.0,0.0,-1.305407879484035,0.10200187398564674,2.4908162027674297e-92,0.0,0.0,0.0,0.5974137154227708,unicycle
8.598958230826112,3.7926725437075337,1.765,0.0,0.0,-1.2933424175682533,0.10148448633722106,2.0574525426059565e-92,0.0,0.0,0.0,0.6032730957891215,unicycle
8.599523590331236,3.7907323236213375,1.765,0.0,0.0,-1.2811731721917732,0.10104622400768297,1.6986905770772836e-92,0.0,0.0,0.0,0.608462268824028,unicycle
8.600110444617723,3.7888062497090718,1.765,0.0,0.0,-1.2689126499950334,0.10067533777802307,1.401824896666556e-92,0.0,0.0,0.0,0.6130261098370253,unicycle
8.60071904363034,3.786893516375334,1.765,0.0,0.0,-1.2565725019231317,0.10036175431353646,1.156290162062508e-92,0.0,0.0,0.0,0.6170074035951145,unicycle
8.601349595856997,3.784993488930274,1.765,0.0,0.0,-1.2441635677246792,0.10009685096127036,9.533048117519224e-93,0.0,0.0,0.0,0.6204467099226626,unicycle
8.602002270563517,3.7831056777365863,1.765,0.0,0.0,-1.2316959219291286,0.09987325790820906,7.855733461025091e-93,0.0,0.0,0.0,0.6233822897775749,unicycle
8.602677200083598,3.781229715898472,1.765,0.0,0.0,-1.2191789203149057,0.09968468502165886,6.470376907651115e-93,0.0,0.0,0.0,0.6258500807111733,unicycle
8.603374482121477,3.7793653400476024,1.765,0.0,0.0,-1.2066212460754255,0.09952577079662649,5.326696578153137e-93,0.0,0.0,0.0,0.6278837119740364,unicycle
8.60409418203235,3.777512373828597,1.765,0.0,0.0,-1.194030955059113,0.09939195098285766,4.382978012463695e-93,0.0,0.0,0.0,0.6295145508156564,unicycle
8.604836335052559,3.77567071373083,1.765,0.0,0.0,-1.181415519604688,0.0992793446382062,3.6046304056846414e-93,0.0,0.0,0.0,0.6307717727212931,unicycle
8.605600948457939,3.7738403169542885,1.765,0.0,0.0,-1.1687818706162314,0.09918465554172741,2.9629833330649182e-93,0.0,0.0,0.0,0.6316824494228583,unicycle
8.606388003634283,3.772021191034535,1.765,0.0,0.0,-1.156136437626098,0.09910508708975495,2.4342844042964092e-93,0.0,0.0,0.0,0.6322716495067161,unicycle
8.60719745804871,3.770213384985617,1.765,0.0,0.0,-1.1434851866797082,0.09903826898456336,1.998864705365626e-93,0.0,0.0,0.0,0.632562547319538,unicycle
8.608029247114825,3.7684169817501716,1.765,0.0,0.0,-1.1308336559467702,0.098982194203574,1.640444279178569e-93,0.0,0.0,0.0,0.63257653664691,unicycle
8.60888328594793,3.7666320917730802,1.765,0.0,0.0,-1.1181869890204963,0.09893516490460653,1.3455544249094274e-93,0.0,0.0,0.0,0.6323333463137428,unicycle
8.609759471009303,3.7648588475391698,1.765,0.0,0.0,-1.1055499659117436,0.09889574607779703,1.1030573965614314e-93,0.0,0.0,0.0,0.6318511554376897,unicycle
8.61065768164072,3.7630973989367495,1.765,0.0,0.0,-1.0929270317804518,0.09886272589676227,9.03747268660354e-94,0.0,0.0,0.0,0.6311467065646099,unicycle
8.61157778149206,3.7613479093275477,1.765,0.0,0.0,-1.080322323473716,0.09883508185027735,7.400184086000605e-94,0.0,0.0,0.0,0.6302354153368359,unicycle
8.612519619846111,3.759610552220065,1.765,0.0,0.0,-1.0677396939597399,0.09881195185147006,6.055902330675633e-94,0.0,0.0,0.0,0.629131475698854,unicycle
8.613483032845505,3.7578855084577447,1.765,0.0,0.0,-1.0551827347609621,0.09879260962492918,4.952787995011032e-94,0.0,0.0,0.0,0.627847959938933,unicycle
8.614467844627365,3.7561729638458763,1.765,0.0,0.0,-1.0426547964988269,0.09877644376395943,4.048073511127853e-94,0.0,0.0,0.0,0.6263969131067904,unicycle
8.615473868371492,3.754473107152035,1.765,0.0,0.0,-1.030159007667957,0.09876293993137789,3.3064924486496574e-94,0.0,0.0,0.0,0.6247894415435397,unicycle
8.61650090726814,3.7527861284242707,1.765,0.0,0.0,-1.017698291759611,0.098751665748662,2.698977873681238e-94,0.0,0.0,0.0,0.6230357954173387,unicycle
8.617548755411322,3.751112217579405,1.765,0.0,0.0,-1.0052753828539693,0.09874225798085219,2.2015841882873306e-94,0.0,0.0,0.0,0.6211454452820956,unicycle
8.618617198623527,3.7494515632207976,1.765,0.0,0.0,-0.9928928397985207,0.09873441167928397,1.7945944922458585e-94,0.0,0.0,0.0,0.6191271527724744,unicycle
8.619706015217448,3.747804351650984,1.765,0.0,0.0,-0.9805530590861053,0.09872787099182775,1.4617818844128617e-94,0.0,0.0,0.0,0.6169890356207988,unicycle
8.620814976700073,3.7461707660497434,1.765,0.0,0.0,-0.9682582865414203,0.0987224213916459,1.1897984383562646e-94,0.0,0.0,0.0,0.6147386272342892,unicycle
8.621943848424161,3.7445509857926047,1.765,0.0,0.0,-0.9560106279192643,0.09871788311127096,9.676700193991922e-95,0.0,0.0,0.0,0.6123829311078448,unicycle
8.623092400417452,3.742945193233986,1.765,0.0,0.0,-0.9437993039759005,0.09871410559973479,7.863788032565003e-95,0.0,0.0,0.0,0.6105661971682239,unicycle
8.624260422744285,3.7413535848530763,1.765,0.0,0.0,-0.9316071232032638,0.09871096284714008,6.385184318868585e-95,0.0,0.0,0.0,0.6096090386318715,unicycle
8.6254477237774,3.73977637105754,1.765,0.0,0.0,-0.919424776198619,0.09870834944400589,5.180093020510041e-95,0.0,0.0,0.0,0.6091173502322742,unicycle
8.6266541190028,3.7382137686822063,1.765,0.0,0.0,-0.907248642934854,0.09870617726242037,4.1986361176526654e-95,0.0,0.0,0.0,0.6088066631882811,unicycle
8.627879423271528,3.7366659952402665,1.765,0.0,0.0,-0.8950791249183717,0.09870437266292449,3.399915608064976e-95,0.0,0.0,0.0,0.6084759008241478,unicycle
8.629123445633516,3.7351332645748077,1.765,0.0,0.0,-0.88291938427227,0.09870287414550884,2.7504157338576365e-95,0.0,0.0,0.0,0.6079870323051164,unicycle
8.630385986089314,3.733615783624429,1.765,0.0,0.0,-0.8707743975050779,0.09870163037546272,2.222686339696479e-95,0.0,0.0,0.0,0.6072493383596305,unicycle
8.631666833750849,3.7321137500713157,1.765,0.0,0.0,-0.858650251923962,0.09870059852536175,1.7942584266844163e-95,0.0,0.0,0.0,0.6062072790558388,omni
8.633039322388552,3.7306445226932885,1.765,0.0,0.0,-0.8467384386712938,0.10047300520617097,0.0033436645864731184,0.0,0.0,0.0,0.5955906626334353,unicycle
8.63454199524101,3.7292194626899486,1.765,0.0,0.0,-0.8351452886525712,0.10319960060326673,0.008486271899008364,0.0,0.0,0.0,0.5796575009361613,omni
8.636205651725124,3.727847882165763,1.765,0.0,0.0,-0.8239558137717501,0.1067520197553282,0.015052993816476115,0.0,0.0,0.0,0.5594737440410789,unicycle
8.638037783446139,3.7265342629796825,1.765,0.0,0.0,-0.8131978931576587,0.11055028587779078,0.02201163000464095,0.0,0.0,0.0,0.5378960307045928,omni
8.640046832710802,3.7252822960459397,1.765,0.0,0.0,-0.8028989701122354,0.11465904069425409,0.0293713907203009,0.0,0.0,0.0,0.5149461522711798,unicycle
8.6422246531327,3.724091839648317,1.765,0.0,0.0,-0.7930459527689275,0.11863869501491756,0.03640336794485337,0.0,0.0,0.0,0.4926508671653966,omni
8.644569012070518,3.722963052484345,1.765,0.0,0.0,-0.783637395435412,0.12266767557872768,0.04333837157264998,0.0,0.0,0.0,0.47042786667578956,unicycle
8.647064882850925,3.7218930435959496,1.765,0.0,0.0,-0.774640940815157,0.12638636685638643,0.04962192610926927,0.0,0.0,0.0,0.4498227310127515,omni
8.649705857821797,3.7208800685607755,1.765,0.0,0.0,-0.7660426105590993,0.1300389894507837,0.0556071263586177,0.0,0.0,0.0,0.42991651280290205,unicycle
8.652474782347138,3.7199198743218296,1.765,0.0,0.0,-0.7578029362290315,0.13330938055472719,0.06083601358456574,0.0,0.0,0.0,0.41198371650340804,omni
8.655364497683355,3.7190099463780504,1.765,0.0,0.0,-0.7499043578885912,0.13647882551918394,0.06572448896003236,0.0,0.0,0.0,0.3949289170220294,unicycle
8.65835812983943,3.718145587429202,1.765,0.0,0.0,-0.7423067579693478,0.139252869507208,0.06986508274846803,0.0,0.0,0.0,0.3798799959621706,omni
8.661449419968331,3.7173242172440286,1.765,0.0,0.0,-0.7349935773109747,0.14193295809193288,0.07370182159066142,0.0,0.0,0.0,0.36565903291865315,unicycle
8.664622854985177,3.716541235847528,1.765,0.0,0.0,-0.7279271917719962,0.14423367462836506,0.07685136582215965,0.0,0.0,0.0,0.35331927694892773,omni
8.667873740870549,3.7157943815353978,1.765,0.0,0.0,-0.721094113578406,0.1464669244131333,0.07976637316313037,0.0,0.0,0.0,0.3416539096795174,unicycle
8.671188283444879,3.7150794268289493,1.765,0.0,0.0,-0.7144604779311835,0.14834917598168817,0.08207319394142278,0.0,0.0,0.0,0.331681782361132,omni
8.674563496670224,3.714394598331495,1.765,0.0,0.0,-0.7080165483646661,0.15019743307291208,0.08422273847236597,0.0,0.0,0.0,0.3221964783258791,unicycle
8.677987294307911,3.7137361454466347,1.765,0.0,0.0,-0.7017324729503343,0.151726202108023,0.08584367049829066,0.0,0.0,0.0,0.31420377071658645,omni
8.68145828682133,3.71310282236771,1.765,0.0,0.0,-0.6956022208889343,0.15325479497048772,0.08738010734368348,0.0,0.0,0.0,0.3065126030700043,unicycle
8.68496591629917,3.712491360446333,1.765,0.0,0.0,-0.6895997014767183,0.15449385009856603,0.08845971416190433,0.0,0.0,0.0,0.30012597061080726,omni
8.68851017252732,3.711901009553079,1.765,0.0,0.0,-0.683722203608805,0.15576368497077742,0.08951778218803846,0.0,0.0,0.0,0.2938748933956648,unicycle
8.692081787071308,3.7113289370711593,1.765,0.0,0.0,-0.6779469302208931,0.1567702722679108,0.09017990955002858,0.0,0.0,0.0,0.2887636693955945,omni
8.695681885512245,3.7107748238026663,1.765,0.0,0.0,-0.6722739791249482,0.1578344639807494,0.09087214470186647,0.0,0.0,0.0,0.28364755479724074,unicycle
8.699302247242699,3.710236206412158,1.765,0.0,0.0,-0.6666833214196406,0.1586573753832244,0.09121811143874906,0.0,0.0,0.0,0.2795328852653861,omni
8.70294490301204,3.7097131219626545,1.765,0.0,0.0,-0.6611773425617383,0.15956036191899453,0.09163499563187281,0.0,0.0,0.0,0.27529894289512225,unicycle
8.70660246189442,3.7092034061408268,1.765,0.0,0.0,-0.655738279053971,0.1602397992736557,0.09174507492330812,0.0,0.0,0.0,0.2719531753883623,omni
8.710277658862855,3.708707380149632,1.765,0.0,0.0,-0.6503703275274005,0.1610177268910032,0.09195738437012023,0.0,0.0,0.0,0.26839757632852995,unicycle
8.713963747767266,3.70822311388455,1.765,0.0,0.0,-0.6450575459519118,0.16158603744261896,0.09189367142090954,0.0,0.0,0.0,0.26563907877444004,omni
8.717664001252084,3.7077511490220196,1.765,0.0,0.0,-0.6398055324346044,0.1622677173764625,0.09195561194214173,0.0,0.0,0.0,0.26260067586537894,unicycle
8.72137216737204,3.7072897341396955,1.765,0.0,0.0,-0.6345997928046828,0.1627504771959862,0.09176524491253099,0.0,0.0,0.0,0.26028698149607576,omni
8.725091922936866,3.706839578210812,1.765,0.0,0.0,-0.629446987758959,0.16335852621031682,0.09171763259559257,0.0,0.0,0.0,0.2576402522861897,unicycle
8.728817390959408,3.7063990631807457,1.765,0.0,0.0,-0.6243337664305543,0.16377568869932835,0.09143584714311664,0.0,0.0,0.0,0.25566106642023967,omni
8.732552547944456,3.7059690225617543,1.765,0.0,0.0,-0.6192675791708849,0.16432765093276724,0.09130898269193878,0.0,0.0,0.0,0.2533093629834706,unicycle
8.736291799336788,3.7055479359735544,1.765,0.0,0.0,-0.6142359756909253,0.1646946191112693,0.0909617740706599,0.0,0.0,0.0,0.2515801739979837,omni
8.740039341067572,3.7051367280408565,1.765,0.0,0.0,-0.609246980394099,0.16520397417457297,0.09077787774593847,0.0,0.0,0.0,0.2494497648413211,unicycle
8.743789790336178,3.704733948720094,1.765,0.0,0.0,-0.6042888533204839,0.16553253639131593,0.09038420497351621,0.0,0.0,0.0,0.2479063536807605,omni
8.747547501710857,3.704340588184337,1.765,0.0,0.0,-0.5993700250809173,0.16600955898428554,0.09015939494759062,0.0,0.0,0.0,0.24594141197831823,unicycle
8.751307250819174,3.703955246283449,1.765,0.0,0.0,-0.5944793188089514,0.16630867203027022,0.0897329434086905,0.0,0.0,0.0,0.24453531359829075,omni
8.755073505369385,3.703578959534113,1.765,0.0,0.0,-0.5896254421277124,0.16676114041975765,0.08947879637779019,0.0,0.0,0.0,0.2426938340619609,unicycle
8.75884115957737,3.7032103627236146,1.765,0.0,0.0,-0.5847976684332247,0.16703756670981665,0.08902935187045896,0.0,0.0,0.0,0.2413886847243929,omni
8.76261476057612,3.7028505244995316,1.765,0.0,0.0,-0.5800048838023985,0.16747133297587696,0.08875410701018374,0.0,0.0,0.0,0.23963923154131334,unicycle
8.766389291641628,3.7024981038798193,1.765,0.0,0.0,-0.5752367260914338,0.1677301486654712,0.08828860596295861,0.0,0.0,0.0,0.23840788554823397,omni
8.770169354561308,3.7021541912585954,1.765,0.0,0.0,-0.5705021851852182,0.16814958983694175,0.08799807746875642,0.0,0.0,0.0,0.23672704531078784,unicycle
8.773949999925089,3.7018174623957165,1.765,0.0,0.0,-0.5657911985432859,0.16839458402176338,0.08752139691328284,0.0,0.0,0.0,0.2355493320966206,omni
8.777735866115945,3.7014890219276264,1.765,0.0,0.0,-0.5611128036579243,0.1688029543867725,0.08721965563022357,0.0,0.0,0.0,0.23391974426808826,unicycle
8.78152205510262,3.7011675572577865,1.765,0.0,0.0,-0.5564571887941171,0.16903693920021576,0.0867351994648768,0.0,0.0,0.0,0.23278074319035827,omni
8.78531322879161,3.700854181891973,1.765,0.0,0.0,-0.5518333969488204,0.1694366427219449,0.08642507569369334,0.0,0.0,0.0,0.23118959226484057,unicycle
8.789104528896784,3.700547591523661,1.765,0.0,0.0,-0.547231830603089,0.16966169212092913,0.08593520467946819,0.0,0.0,0.0,0.23007831728657044,omni
8.792900631451419,3.7002489047086766,1.765,0.0,0.0,-0.5426615068538728,0.17005449146030488,0.08561865496584563,0.0,0.0,0.0,0.2285161874607999,unicycle
8.796696709441509,3.6999568233286517,1.765,0.0,0.0,-0.5381130150271332,0.1702721238499125,0.08512499877367616,0.0,0.0,0.0,0.22742459133698892,omni
8.800497446320277,3.6996724682872,1.765,0.0,0.0,-0.5335953229880438,0.17065929978610533,0.08480337075254829,0.0,0.0,0.0,0.2258846019544608,unicycle
8.804298040180969,3.699394546434549,1.765,0.0,0.0,-0.5290991864582519,0.17087061694972921,0.08430705217876153,0.0,0.0,0.0,0.22480682648959666,omni
8.808103177146869,3.699124179112114,1.765,0.0,0.0,-0.5246335068052804,0.17125308940037814,0.08398127395849996,0.0,0.0,0.0,0.22328398264858143,unicycle
8.811908075930281,3.698860077529061,1.765,0.0,0.0,-0.5201891908714739,0.17145888175120005,0.08348306849221371,0.0,0.0,0.0,0.22221579669033714,omni
8.815717421990895,3.6986033621089964,1.765,0.0,0.0,-0.51577506080427,0.17183730130813174,0.08315378279056465,0.0,0.0,0.0,0.22070650336018646,unicycle
8.819526451384476,3.6983527482224514,1.765,0.0,0.0,-0.5113821631451487,0.17203812736948004,0.0826542310878289,0.0,0.0,0.0,0.21964488295606263,omni
8.823339846593653,3.698109354402138,1.765,0.0,0.0,-0.5070192314947354,0.17241294433981075,0.0823218893156828,0.0,0.0,0.0,0.21814658252067218,unicycle
8.827152858615765,3.697871900252866,1.765,0.0,0.0,-0.5026774435329814,0.17260919061601857,0.08182137569300776,0.0,0.0,0.0,0.21708939808771122,omni
8.830970165374694,3.6976415017034694,1.765,0.0,0.0,-0.4983654375216569,0.17298070698609852,0.08148630326871976,0.0,0.0,0.0,0.21560030056622143,unicycle
8.834787031035052,3.6974168828366105,1.765,0.0,0.0,-0.49407451583696926,0.17317263297690613,0.08098510989734045,0.0,0.0,0.0,0.21454608423438087,omni
8.83860812790323,3.6971991564383426,1.765,0.0,0.0,-0.4898132165010065,0.17354104146078814,0.080647551078254,0.0,0.0,0.0,0.21306496679814146,unicycle
8.842428731986578,3.696987051414153,1.765,0.0,0.0,-0.48557296170907577,0.1737288134572063,0.08014589495437378,0.0,0.0,0.0,0.21201273959654163,omni
8.846253509287505,3.6967816769829764,1.765,0.0,0.0,-0.48136218575445816,0.17409422680465164,0.07980604321302391,0.0,0.0,0.0,0.2105387977308795,unicycle
8.850077746653358,3.6965817672723014,1.765,0.0,0.0,-0.4771724269281683,0.17427794323379492,0.07930410102706889,0.0,0.0,0.0,0.20948794131449755,omni
8.853906103360137,3.696388427583657,1.765,0.0,0.0,-0.4730120133606624,0.17464041620711854,0.0789621193174426,0.0,0.0,0.0,0.20802067837529992,unicycle
8.857733876322444,3.6962003976884534,1.765,0.0,0.0,-0.46887259656399966,0.1748201266214571,0.07846004389996464,0.0,0.0,0.0,0.2069708398331367,omni
8.861565717854043,3.6960187786675496,1.765,0.0,0.0,-0.4647623968620498,0.17517967246193245,0.0781160779202978,0.0,0.0,0.0,0.20550998509750013,unicycle
8.86539693432846,3.695842316360538,1.765,0.0,0.0,-0.4606731767361268,0.17535539175384696,0.07761400888284367,0.0,0.0,0.0,0.2044610062961498,omni
8.869232170992673,3.6956721073537406,1.765,0.0,0.0,-0.45661304765341515,0.17571199450931188,0.07726819553767511,0.0,0.0,0.0,0.2030064541355852,unicycle
8.87306674318844,3.6955069039687882,1.765,0.0,0.0,-0.45257388126851983,0.17588371354044746,0.07676626595760977,0.0,0.0,0.0,0.20195831924477167,omni
8.876905289083295,3.695347798041871,1.765,0.0,0.0,-0.44856367958956417,0.17623733728510826,0.07641873856824544,0.0,0.0,0.0,0.20051008394778821,unicycle
8.880743132580921,3.695193548772592,1.765,0.0,0.0,-0.4445744219808472,0.176405030823849,0.07591707901245234,0.0,0.0,0.0,0.1994628804358527,omni
8.884584904820652,3.6950452430029372,1.765,0.0,0.0,-0.44061400072835616,0.17675562654404564,0.07556797035617288,0.0,0.0,0.0,0.19802106262455105,unicycle
8.888425937922543,3.6949016471844582,1.765,0.0,0.0,-0.43667450168365124,0.17691925918119386,0.0750667111426635,0.0,0.0,0.0,0.19697495223524275,omni
8.89227085609301,3.694763842928567,1.765,0.0,0.0,-0.4327637074061454,0.1772667699073183,0.07471615506731046,0.0,0.0,0.0,0.19553971387529934,unicycle
8.896114999366949,3.6946306042890233,1.765,0.0,0.0,-0.4288738091860289,0.1774263004523041,0.07421542738306404,0.0,0.0,0.0,0.19449491100582625,omni
8.89996298514311,3.6945030074160523,1.765,0.0,0.0,-0.42501248005019915,0.17777066507176964,0.0738635595079278,0.0,0.0,0.0,0.19306645679149292,unicycle
8.903810161101873,3.694379834291846,1.765,0.0,0.0,-0.4211720158029035,0.1779260498059238,0.07336349580376127,0.0,0.0,0.0,0.19202321236478864,omni
8.907661137979575,3.694262155379828,1.765,0.0,0.0,-0.41735998028611737,0.17826720588322395,0.07301045365247472,0.0,0.0,0.0,0.1906017758393057,unicycle
8.911511270856495,3.6941487608933548,1.765,0.0,0.0,-0.4135687729808984,0.17841840095245923,0.07251118759784136,0.0,0.0,0.0,0.18956036526094927,omni
8.915365163964786,3.694040715388365,1.765,0.0,0.0,-0.4098058490116931,0.17875628680088845,0.07215711039410373,0.0,0.0,0.0,0.18814619846027203,unicycle
8.919218179556907,3.693936817589662,1.765,0.0,0.0,-0.4060637107593387,0.17890324995967172,0.07165877657924188,0.0,0.0,0.0,0.18710691261772283,omni
8.923074915527025,3.6938381259302715,1.765,0.0,0.0,-0.40234970519252106,0.1792378061483469,0.07130380485700441,0.0,0.0,0.0,0.18570027834088035,unicycle
8.926930741085714,3.69374344790554,1.765,0.0,0.0,-0.39865643685505037,0.1793804980141465,0.07080653836434372,0.0,0.0,0.0,0.18466341687354032,omni
8.93079024795984,3.6936538356159185,1.765,0.0,0.0,-0.39499114519673967,0.17971166844839565,0.07045081349001592,0.0,0.0,0.0,0.18326458291553718,unicycle
8.934648812114714,3.693568105566569,1.765,0.0,0.0,-0.3913465362130625,0.1798500533863699,0.06995474941225295,0.0,0.0,0.0,0.18223044918386108,omni
8.938511019282565,3.6934873033220206,1.765,0.0,0.0,-0.38772974253229175,0.1801777860654602,0.06959841307996655,0.0,0.0,0.0,0.18083968403853862,unicycle
8.942372251988665,3.6934102546180365,1.765,0.0,0.0,-0.3841335709049379,0.18031183279365032,0.06910368603235192,0.0,0.0,0.0,0.1798085813676925,omni
8.946237090143509,3.693337998286741,1.765,0.0,0.0,-0.38056504788424816,0.18063608032429526,0.06874687976896615,0.0,0.0,0.0,0.17842615103448486,unicycle
8.95010092264464,3.6932693694980685,1.765,0.0,0.0,-0.3770170802859133,0.180765762307483,0.06825362342357708,0.0,0.0,0.0,0.17739837991674304,omni
8.953968323752743,3.693205400162583,1.765,0.0,0.0,-0.37349658937513985,0.18108648223243085,0.06789648812412291,0.0,0.0,0.0,0.17602454553867497,unicycle
8.957834688555987,3.6931449350719276,1.765,0.0,0.0,-0.36999658134395896,0.1812117779162398,0.06740483478103976,0.0,0.0,0.0,0.17500040155903926,omni
8.961704585835292,3.6930889990336744,1.765,0.0,0.0,-0.36652387299019157,0.181528932902877,0.06704751028501392,0.0,0.0,0.0,0.17363541768837382,unicycle
8.96557341669309,3.693036446633749,1.765,0.0,0.0,-0.36307156919024547,0.18164982582723804,0.06655759048715007,0.0,0.0,0.0,0.17261518999731007,omni
8.969445744598131,3.692988295403323,1.765,0.0,0.0,-0.35964638312351765,0.18196338375033677,0.06620021519962482,0.0,0.0,0.0,0.17125930333639428,unicycle
8.973316976495482,3.6929434098811815,1.765,0.0,0.0,-0.3562415176527653,0.1820798625720612,0.06571215739292832,0.0,0.0,0.0,0.1702432735376172,omni
8.97719167070643,3.6929028001569315,1.765,0.0,0.0,-0.35286358321195677,0.1823897965166565,0.06535486795055477,0.0,0.0,0.0,0.168896722040426,unicycle
8.98106523985139,3.6928653408676655,1.765,0.0,0.0,-0.34950587994406923,0.18250185496378402,0.06486879818834328,0.0,0.0,0.0,0.16788516339438045,omni
8.984942237265724,3.692832034504636,1.765,0.0,0.0,-0.3461749164312196,0.1828081431680191,0.06451172916811296,0.0,0.0,0.0,0.16654817564248695,unicycle
8.988818081081973,3.6928017659363426,1.765,0.0,0.0,-0.3428640893810088,0.18291577994326094,0.06402777085669362,0.0,0.0,0.0,0.1655413525105422,omni
8.99269731980774,3.6927755299073386,1.765,0.0,0.0,-0.339579806435043,0.1832184056963841,0.06367105452418734,0.0,0.0,0.0,0.16421414729829759,unicycle
8.996575376928314,3.6927522216389734,1.765,0.0,0.0,-0.3363155601396256,0.18332162434292634,0.06318932820615691,0.0,0.0,0.0,0.16321231477086873,omni
9.000456796278213,3.69273282798921,1.765,0.0,0.0,-0.3330776581226192,0.18362057585009015,0.06283309429954692,0.0,0.0,0.0,0.16189510085032377,unicycle
9.00433700653979,3.692716254642661,1.765,0.0,0.0,-0.32985968803230387,0.1837193845899441,0.06235371747093819,0.0,0.0,0.0,0.16089850451577115,omni
9.008220547025584,3.692703480439217,1.765,0.0,0.0,-0.32666785842303003,0.18401465481277204,0.06199809301695373,0.0,0.0,0.0,0.15959148046368787,unicycle
9.01210285146289,3.692693421626706,1.765,0.0,0.0,-0.3234958512973283,0.18410906636550894,0.061521179974472956,0.0,0.0,0.0,0.158600356285092,omni
9.015988454789763,3.692687048903783,1.765,0.0,0.0,-0.32034977708806245,0.18440065284534152,0.06116628913271443,0.0,0.0,0.0,0.15730371046329278,unicycle
9.019872795629796,3.6926832891714967,1.765,0.0,0.0,-0.31722341139330396,0.18449068423325768,0.06069195084756325,0.0,0.0,0.0,0.15631828473793147,omni
9.02376040469043,3.692683104872307,1.765,0.0,0.0,-0.31412276748680495,0.1847785889024231,0.060337914779844,0.0,0.0,0.0,0.15503219532495327,unicycle
9.027646725346298,3.692685433641013,1.765,0.0,0.0,-0.3110417137926619,0.18486426124680613,0.05986625879494561,0.0,0.0,0.0,0.154052684707156,omni
9.031536284214473,3.6926912295569747,1.765,0.0,0.0,-0.30798616739697643,0.18514849023205485,0.05951319555668354,0.0,0.0,0.0,0.15277731978427295,unicycle
9.03542452927871,3.6926994410602227,1.765,0.0,0.0,-0.3049500887698411,0.18522982854416647,0.059044325904486376,0.0,0.0,0.0,0.1518039313567685,omni
9.039315983202362,3.6927110137680033,1.765,0.0,0.0,-0.30193929978913464,0.1855103919654826,0.05869235035551717,0.0,0.0,0.0,0.15053944903532301,unicycle
9.04320609843965,3.692724906988417,1.765,0.0,0.0,-0.298947852180783,0.18558742493505767,0.058226367493893545,0.0,0.0,0.0,0.14957238041758375,omni
9.04709939383328,3.692742057785285,1.765,0.0,0.0,-0.2959814736008326,0.18586433670234334,0.05787559122640995,0.0,0.0,0.0,0.14831892899752674,unicycle
9.05099132617251,3.6927614363893446,1.765,0.0,0.0,-0.29303430623118865,0.1859370964857764,0.05741259199048856,0.0,0.0,0.0,0.1473583684822003,omni
9.054886410608937,3.6927839712271897,1.765,0.0,0.0,-0.2901119844985085,0.186210374095351,0.05706312327211322,0.0,0.0,0.0,0.1461160866340086,unicycle
9.0587801081346,3.6928086434988425,1.765,0.0,0.0,-0.2872087402316182,0.18627889610525103,0.05660320084017201,0.0,0.0,0.0,0.14516221334451634,omni
9.06267693033604,3.6928363729171725,1.765,0.0,0.0,-0.2843301156254502,0.18654856043767445,0.0562551445704404,0.0,0.0,0.0,0.14393123030839916,unicycle
9.06657234227895,3.6928661516905428,1.765,0.0,0.0,-0.281470431338004,0.18661288313508909,0.05579838844223912,0.0,0.0,0.0,0.14298421437231135,omni
9.070470852107409,3.692898890748696,1.765,0.0,0.0,-0.2786351383346047,0.1868789582554824,0.05545184612100213,0.0,0.0,0.0,0.1417646501699632,unicycle
9.07436792883474,3.692933593340117,1.765,0.0,0.0,-0.2758186452765258,0.18693912294579432,0.054998342107151967,0.0,0.0,0.0,0.1408246529039428,omni
9.078268077281772,3.692971161548898,1.765,0.0,0.0,-0.273026312905343,0.187201635907567,0.05465341181360885,0.0,0.0,0.0,0.1396166185591406,unicycle
9.08216677028647,3.6930106096884465,1.765,0.0,0.0,-0.2702526370520996,0.18725768654083205,0.054203242034763455,0.0,0.0,0.0,0.13868379266216496,omni
9.086068509462283,3.6930528309413515,1.765,0.0,0.0,-0.26750288924355337,0.18751666719351628,0.05386001841600566,0.0,0.0,0.0,0.13748739042731523,unicycle
9.089968771351831,3.69309685070405,1.765,0.0,0.0,-0.26477165163996136,0.18756865016982868,0.05341326131081515,0.0,0.0,0.0,0.13656188017959764,omni
9.093872054473781,3.6931435532082233,1.765,0.0,0.0,-0.262064107564642,0.18782413097155853,0.05307183557890541,0.0,0.0,0.0,0.13537720376596973,unicycle
9.097773838958393,3.693191974945022,1.765,0.0,0.0,-0.2593749246600109,0.18787209495188292,0.052628565919808745,0.0,0.0,0.0,0.13445914523155797,omni
9.101678620338925,3.6932429911520535,1.765,0.0,0.0,-0.25670919905918244,0.1881241107869253,0.052289025856540675,0.0,0.0,0.0,0.13328628004142873,unicycle
9.105581882219179,3.6932956494207105,1.765,0.0,0.0,-0.25406168303372456,0.18816810650972005,0.05184931477258341,0.0,0.0,0.0,0.13237580127289225,omni
9.10948811725321,3.693350815957384,1.765,0.0,0.0,-0.2514373865410803,0.18841669451136078,0.05151174474116836,0.0,0.0,0.0,0.13121482463221315,unicycle
9.113392812407147,3.693407549453329,1.765,0.0,0.0,-0.24883114562355685,0.18845677461522425,0.051075659747127036,0.0,0.0,0.0,0.13031204587617187,omni
9.117300457558954,3.693466707052394,1.765,0.0,0.0,-0.24624788507822343,0.18870197399422858,0.05074014071013978,0.0,0.0,0.0,0.12916302726667123,unicycle
9.121206542928702,3.6935273585396553,1.765,0.0,0.0,-0.24368252385483977,0.1887381928467267,0.050307745741313324,0.0,0.0,0.0,0.12826806116918538,omni
9.125115555718335,3.693590351970702,1.765,0.0,0.0,-0.24113990260565868,0.18898004472552846,0.04997435528429993,0.0,0.0,0.0,0.12713106245905495,unicycle
9.129022989296276,3.693654768212965,1.765,0.0,0.0,-0.23861502232025655,0.1890124582583012,0.04954571073639499,0.0,0.0,0.0,0.1262440142701065,omni
9.132933328285551,3.6937214462134613,1.765,0.0,0.0,-0.2361126405214044,0.1892510055110184,0.04921452309660637,0.0,0.0,0.0,0.12511908994260923,unicycle
9.136842069100098,3.693789477905311,1.765,0.0,0.0,-0.23362783936702303,0.1892796710612166,0.04878968587020046,0.0,0.0,0.0,0.12424005771907208,omni
9.140753693878185,3.6938596931118584,1.765,0.0,0.0,-0.23116529426505195,0.18951495815954908,0.048460771969966225,0.0,0.0,0.0,0.1231272550985549,unicycle
9.144663701979143,3.6939311948102684,1.765,0.0,0.0,-0.22872016766694836,0.18953993431761154,0.048039795519079984,0.0,0.0,0.0,0.1222563299051818,omni
9.148576573147817,3.694004803690122,1.765,0.0,0.0,-0.22629705387934643,0.18977200718263923,0.047713223003380704,0.0,0.0,0.0,0.12115568938009506,unicycle
9.152487809591447,3.694079633746225,1.765,0.0,0.0,-0.22389119476958336,0.18979335364638966,0.0472961573877324,0.0,0.0,0.0,0.12029295548815412,omni
9.156401888749992,3.694156496529127,1.765,0.0,0.0,-0.22150710455496797,0.19002225950626034,0.046971990665565844,0.0,0.0,0.0,0.11920451073077096,unicycle
9.16031431558374,3.6942345170203135,1.765,0.0,0.0,-0.21914010363868705,0.19004003694127708,0.046558882606116486,0.0,0.0,0.0,0.11835004581404686,omni
9.164229565313578,3.694314497630673,1.765,0.0,0.0,-0.21679462715875403,0.19026582419474913,0.046237182895285694,0.0,0.0,0.0,0.11727382399665008,unicycle
9.168143145560558,3.694395574293057,1.765,0.0,0.0,-0.21446607317226224,0.1902800941009398,0.045828075832714456,0.0,0.0,0.0,0.11642769932459116,omni
9.172059529409626,3.694478540282518,1.765,0.0,0.0,-0.2121587987456232,0.19050281218672446,0.04550890120769379,0.0,0.0,0.0,0.11536372133195331,unicycle
9.175974227052839,3.6945625424438004,1.765,0.0,0.0,-0.20986827870642727,0.19051363677101787,0.045103835363470235,0.0,0.0,0.0,0.1145260019597975,omni
9.179891709519742,3.694648364924225,1.765,0.0,0.0,-0.20759879305447076,0.19073333604284828,0.04478724080603039,0.0,0.0,0.0,0.11347428259782631,unicycle
9.183807489486108,3.694735165436988,1.765,0.0,0.0,-0.20534589250339913,0.1907407780979045,0.04438625324577482,0.0,0.0,0.0,0.11264502755358177,omni
9.187726036004085,3.6948237190138875,1.765,0.0,0.0,-0.20311378098831837,0.19095750970524658,0.044072290698070164,0.0,0.0,0.0,0.11160557575404077,unicycle
9.191642864148298,3.6949131941893474,1.765,0.0,0.0,-0.2008980842238738,0.19096163249407105,0.04367541539691472,0.0,0.0,0.0,0.11078483822222936,omni
9.195562441069008,3.695004356895793,1.765,0.0,0.0,-0.19870293107900436,0.19117544826837815,0.04336413381675628,0.0,0.0,0.0,0.1097576572434723,unicycle
9.199480284157229,3.695096386438045,1.765,0.0,0.0,-0.19652402138409297,0.19117631541471883,0.042971401726439123,0.0,0.0,0.0,0.10894548474557138,omni
9.20340085873443,3.695190039669079,1.765,0.0,0.0,-0.19436540993670792,0.19138726776112278,0.042662847144494254,0.0,0.0,0.0,0.1079305723692541,unicycle
9.207319684427882,3.6952845066098483,1.765,0.0,0.0,-0.19222286979789208,0.1913849431455178,0.0422742862619372,0.0,0.0,0.0,0.10712700694079334,omni
9.211241224800991,3.6953805350574207,1.765,0.0,0.0,-0.1901003826846012,0.19159308493984165,0.04196850184061418,0.0,0.0,0.0,0.10612435566454395,unicycle
9.215161001639443,3.6954773256913556,1.765,0.0,0.0,-0.18799379400402458,0.19158763260118203,0.04158413727775033,0.0,0.0,0.0,0.10532943402883109,omni
9.219083476817012,3.6955756172798138,1.765,0.0,0.0,-0.18590701337892712,0.19179301709215255,0.04128116337154085,0.0,0.0,0.0,0.10433903125487583,unicycle
9.223004174202208,3.695674621100331,1.765,0.0,0.0,-0.18383595767906033,0.19178450113461668,0.04090101742617437,0.0,0.0,0.0,0.10355278499333885,omni
9.226927554045359,3.6957750669224767,1.765,0.0,0.0,-0.18178446541479848,0.19198718185114985,0.04060089164324151,0.0,0.0,0.0,0.10257461321309273,unicycle
9.230849142224399,3.6958761765581922,1.765,0.0,0.0,-0.1797485240361538,0.19197566635636334,0.04022498387073564,0.0,0.0,0.0,0.10179706893223733,omni
9.23477339743021,3.6959786708119347,1.765,0.0,0.0,-0.17773190191801624,0.19217569701979106,0.03992774113554806,0.0,0.0,0.0,0.100831105906878,unicycle
9.238695847478912,3.6960817819636897,1.765,0.0,0.0,-0.17573065620997885,0.19216124596406228,0.03955608842115106,0.0,0.0,0.0,0.1000622854018681,omni
9.242620949563808,3.6961862218893047,1.765,0.0,0.0,-0.1737484861232005,0.19235868040516554,0.039261761037976524,0.0,0.0,0.0,0.09910850433891986,unicycle
9.246544233370065,3.696291233267809,1.765,0.0,0.0,-0.17178151762812463,0.19234135758164447,0.03889437766960714,0.0,0.0,0.0,0.09834842475379578,omni
9.25047015465321,3.6963975190858314,1.765,0.0,0.0,-0.16983338173852952,0.19253624966235597,0.03860299538669036,0.0,0.0,0.0,0.09740679447975607,unicycle
9.254394244900382,3.696504332349943,1.765,0.0,0.0,-0.16790027236924335,0.19251611860796364,0.03823989312801713,0.0,0.0,0.0,0.09665546846431082,omni
9.258320958487106,3.6966123671996964,1.765,0.0,0.0,-0.16598575329737622,0.19270852214760006,0.037951483202278105,0.0,0.0,0.0,0.09572595359335692,unicycle
9.262245828637438,3.69672088689535,1.765,0.0,0.0,-0.16408608550824233,0.19268564607457253,0.03759267136593723,0.0,0.0,0.0,0.09498338945669595,omni
9.266173308402717,3.6968305767741447,1.765,0.0,0.0,-0.16220476649713209,0.19287561478045637,0.03730725862803695,0.0,0.0,0.0,0.09406595055551362,unicycle
9.270098932680819,3.6969407102739473,1.765,0.0,0.0,-0.16033812344880558,0.19285005651234965,0.03695274414884467,0.0,0.0,0.0,0.09333215241632715,omni
9.274027153252813,3.6970519639769486,1.765,0.0,0.0,-0.1584895885255035,0.1930376439146784,0.03667035106847469,0.0,0.0,0.0,0.09242674616510578,unicycle
9.27795350662923,3.6971636214204535,1.765,0.0,0.0,-0.15665555424352978,0.19300946582667822,0.03632013857649971,0.0,0.0,0.0,0.09170171409868506,omni
9.281882443372913,3.6972763504812387,1.765,0.0,0.0,-0.1548393883745633,0.1931947252175,0.03604078532776235,0.0,0.0,0.0,0.09080829344832646,unicycle
9.285809501547764,3.697389444715913,1.765,0.0,0.0,-0.15303754790195617,0.19316398918088276,0.03569487722113403,0.0,0.0,0.0,0.09009202363035866,omni
9.289739130548647,3.69750356334773,1.765,0.0,0.0,-0.15125333714283717,0.19334697355703648,0.03541858174788852,0.0,0.0,0.0,0.0892105379559485,unicycle
9.293666869935386,3.697618009870626,1.765,0.0,0.0,-0.14948327668677464,0.193313740887628,0.03507697826522514,0.0,0.0,0.0,0.0885030228031263,omni
9.29759716798336,3.697733434908365,1.765,0.0,0.0,-0.1477306083257003,0.19349450289750736,0.03480375634628417,0.0,0.0,0.0,0.08763341805371891,unicycle
9.30152556569265,3.6978491518085086,1.765,0.0,0.0,-0.14599191539847625,0.19345883430798716,0.034466455638634916,0.0,0.0,0.0,0.08693464636120257,omni
9.305455389671474,3.697965784517601,1.765,0.0,0.0,-0.14427037809435683,0.19358211664255645,0.03418732065224068,0.0,0.0,0.0,0.08607686520597063,unicycle
9.309381579474389,3.6980826421173933,1.765,0.0,0.0,-0.14256233670208107,0.19345900524947587,0.033840476254570095,0.0,0.0,0.0,0.08540206961379092,omni
9.313305622319575,3.6982003083030057,1.765,0.0,0.0,-0.1408707466577878,0.19340426577843506,0.03353644467807759,0.0,0.0,0.0,0.08457950221466246,unicycle
9.317221595600426,3.698318078350916,1.765,0.0,0.0,-0.13919184857250427,0.1930602541692052,0.03315929092492256,0.0,0.0,0.0,0.08394490426417775,omni
9.3211302372824,3.6984365104639174,1.765,0.0,0.0,-0.1375284857655706,0.192747755314419,0.032818844344546905,0.0,0.0,0.0,0.08316814034668418,unicycle
9.325025558114454,3.6985548994844484,1.765,0.0,0.0,-0.135876892635236,0.1921423514720605,0.032406423185451845,0.0,0.0,0.0,0.0825796565167316,omni
9.328908122747455,3.6986737896693453,1.765,0.0,0.0,-0.13423987091894996,0.19156000160196676,0.03202938844016745,0.0,0.0,0.0,0.08185108581430381,unicycle
9.332772276460327,3.6987924851306047,1.765,0.0,0.0,-0.1326136963894337,0.19070093647477,0.031584685920993394,0.0,0.0,0.0,0.08130872647581487,omni
9.336618688577854,3.698911524022912,1.765,0.0,0.0,-0.13100116465903736,0.18987019072710803,0.031176269580474765,0.0,0.0,0.0,0.08062658651981701,unicycle
9.340442214638458,3.6990302259077326,1.765,0.0,0.0,-0.12939861413080447,0.18878763243680294,0.030705729958013243,0.0,0.0,0.0,0.08012752641164424,omni
9.344243739047608,3.6991491274998647,1.765,0.0,0.0,-0.12780884989791685,0.1877441240349936,0.030273173965004146,0.0,0.0,0.0,0.07948821164438205,unicycle
9.348106085544474,3.699256323253821,1.765,0.0,0.0,-0.12627067872085587,0.19088199224277144,0.02978423870113531,0.0,0.0,0.0,0.0769085588530514,omni
9.352077447235125,3.69934647639315,1.765,0.0,0.0,-0.12480973135189533,0.19644099853009891,0.02933503501596357,0.0,0.0,0.0,0.07304736844802859,unicycle
9.356188830817624,3.699414681515617,1.765,0.0,0.0,-0.12344076636867266,0.20356540432239412,0.02883487502072149,0.0,0.0,0.0,0.06844824916113468,omni
9.360450568489766,3.6994605023494778,1.765,0.0,0.0,-0.12217170712937792,0.2112014473897457,0.028376461240259183,0.0,0.0,0.0,0.06345296196473775,unicycle
9.364866124970385,3.699482553409216,1.765,0.0,0.0,-0.12100447496171898,0.21901416617417524,0.027872275761935444,0.0,0.0,0.0,0.058361608382946614,omni
9.369426495579082,3.699482734930462,1.765,0.0,0.0,-0.11993789089548694,0.22636479929730802,0.027412275936506914,0.0,0.0,0.0,0.05332920331160215,unicycle
9.374121632670416,3.6994612976370487,1.765,0.0,0.0,-0.1189675876163046,0.233211719493303,0.0269114822127206,0.0,0.0,0.0,0.04851516395911864,omni
9.378933798833822,3.69942112053361,1.765,0.0,0.0,-0.11808823878051415,0.23915770497785532,0.026457311657167845,0.0,0.0,0.0,0.04396744178952276,unicycle
9.383847374491705,3.699363108179697,1.765,0.0,0.0,-0.11729289369615883,0.2443198832256833,0.025966820947442366,0.0,0.0,0.0,0.03976725421776789,omni
9.38884179950538,3.69929042360211,1.765,0.0,0.0,-0.11657482468282443,0.24843991194372883,0.025524958298297817,0.0,0.0,0.0,0.0359034506667211,unicycle
9.393832941914717,3.699212092995646,1.765,0.0,0.0,-0.11588390464640713,0.2483275471502096,0.025050496799859944,0.0,0.0,0.0,0.034546001820863904,omni
9.398764360058728,3.6991356070607706,1.765,0.0,0.0,-0.115190523277646,0.24536788946700233,0.024625977710468403,0.0,0.0,0.0,0.03466906843805712,unicycle
9.403595212625065,3.6990650720082052,1.765,0.0,0.0,-0.11446803527838062,0.24035600568911805,0.02417172616703852,0.0,0.0,0.0,0.03612439996327003,unicycle
9.408271294785798,3.6989951582474574,1.765,0.0,0.0,-0.11365611158530825,0.23268271003576255,0.02313742042100551,0.0,0.0,0.0,0.04059618465361882,unicycle
9.412760070847716,3.698922435604757,1.765,0.0,0.0,-0.11271518655099673,0.22341338351705667,0.021736181239213406,0.0,0.0,0.0,0.04704625171557761,unicycle
9.417044841947146,3.698844843490361,1.765,0.0,0.0,-0.1116211222057609,0.21332649229071626,0.02012515946536972,0.0,0.0,0.0,0.054703217261791184,unicycle
9.421120272471244,3.6987612892592714,1.765,0.0,0.0,-0.11036110940189475,0.2029804314790769,0.018418417362675778,0.0,0.0,0.0,0.06300064019330893,unicycle
9.424988981617041,3.6986713518387715,1.765,0.0,0.0,-0.10893053263613796,0.19276595346714903,0.016697052275294,0.0,0.0,0.0,0.07152883828784057,unicycle
9.428658967256426,3.698575067257127,1.765,0.0,0.0,-0.10733058405658721,0.18294714099009995,0.015017126098827547,0.0,0.0,0.0,0.07999742897753803,unicycle
9.432141677698842,3.698472775641874,1.765,0.0,0.0,-0.10556645845738956,0.173693297996488,0.013415852664034262,0.0,0.0,0.0,0.08820627995988284,unicycle
9.43545058556347,3.6983650131947448,1.765,0.0,0.0,-0.10364599755959822,0.16510365747707453,0.011916405220454923,0.0,0.0,0.0,0.0960230448895692,unicycle
9.438600148769838,3.6982524364782225,1.765,0.0,0.0,-0.10157868062476842,0.15722642368624432,0.010531633702812251,0.0,0.0,0.0,0.10336584674149055,unicycle
9.441605068195864,3.6981357696179504,1.765,0.0,0.0,-0.0993748810715175,0.15007335896089513,0.009266923071147055,0.0,0.0,0.0,0.11018997766254841,unicycle
9.444479771080879,3.6980157676243337,1.765,0.0,0.0,-0.0970453265474908,0.14363087843284733,0.0081223770490606,0.0,0.0,0.0,0.11647772620133563,unicycle
9.447238064765092,3.6978931910088173,1.765,0.0,0.0,-0.0946007138661834,0.13786841777351722,0.007094473858744587,0.0,0.0,0.0,0.12223063406537092,unicycle
9.4498929176557,3.697768788317531,1.765,0.0,0.0,-0.0920514411552667,0.13274468031585454,0.00617731029213037,0.0,0.0,0.0,0.12746363554583717,unicycle
9.45245633403654,3.697643284240112,1.765,0.0,0.0,-0.08940742811891406,0.12821224285219968,0.005363526224054982,0.0,0.0,0.0,0.13220065181763374,unicycle
9.454939297009869,3.6975173716770118,1.765,0.0,0.0,-0.08667800199705725,0.12422089793459803,0.004644982297662829,0.0,0.0,0.0,0.13647130609284175,unicycle
9.457351759891345,3.6973917066489106,1.765,0.0,0.0,-0.08387183201020586,0.1207200296073706,0.004013248047850334,0.0,0.0,0.0,0.1403084993425718,unicycle
9.459702671106909,3.697266905272582,1.765,0.0,0.0,-0.08099689912638527,0.11766025513646494,0.003459945409273218,0.0,0.0,0.0,0.14374664419102964,unicycle
9.462000021330994,3.6971435422576318,1.765,0.0,0.0,-0.07806049112730308,0.11499451419829045,0.0029769827617359057,0.0,0.0,0.0,0.1468203999541121,unicycle
9.464250904474778,3.697022150533309,1.765,0.0,0.0,-0.07506921538156279,0.11267874651426767,0.00255670689721416,0.0,0.0,0.0,0.14956378728701542,unicycle
9.466461586352645,3.6969032217190096,1.765,0.0,0.0,-0.07202902360916348,0.11067226693901983,0.0021919941455119905,0.0,0.0,0.0,0.15200958861996777,unicycle
9.468637576562625,3.6967872072232137,1.765,0.0,0.0,-0.0689452443659257,0.10893792181688064,0.001876297044168664,0.0,0.0,0.0,0.15418896216189149,unicycle
9.470783700421581,3.696674519805076,1.765,0.0,0.0,-0.06582262008482513,0.10744209063528065,0.001603659120736633,0.0,0.0,0.0,0.15613121405502955,unicycle
9.472904168785917,3.696565535468243,1.765,0.0,0.0,-0.0626653463586408,0.10615458151782634,0.0013687073613445776,0.0,0.0,0.0,0.15786368630921865,unicycle
9.475002644332656,3.6964605955827006,1.765,0.0,0.0,-0.05947711179359362,0.10504845702678144,0.001166629599473364,0.0,0.0,0.0,0.15941172825236063,unicycle
9.477082303428963,3.6963600091506947,1.765,0.0,0.0,-0.056261137252617714,0.104099817373273,0.000993142237581645,0.0,0.0,0.0,0.1607987270487966,unicycle
9.479145893123713,3.6962640551489443,1.765,0.0,0.0,-0.053020213675292006,0.1032875608954707,0.0008444523031564236,0.0,0.0,0.0,0.162046178866287,unicycle
9.481195783087117,3.696172984892676,1.765,0.0,0.0,-0.04975673793704786,0.10259313610657154,0.0007172167532697872,0.0,0.0,0.0,0.16317378691220913,unicycle
9.483234012529971,3.696087024378249,1.765,0.0,0.0,-0.046472746414626426,0.10200029537427913,0.0006085011086797767,0.0,0.0,0.0,0.16419957612107272,unicycle
9.48526233227444,3.6960063765706344,1.765,0.0,0.0,-0.043169946074602734,0.10149485708430882,0.0005157388649059632,0.0,0.0,0.0,0.16514001700118686,unicycle
9.487282242239232,3.6959312236101716,1.765,0.0,0.0,-0.03984974301005205,0.10106448073439736,0.00043669264984081633,0.0,0.0,0.0,0.16601015322753612,unicycle
9.489295024656693,3.695861728919935,1.765,0.0,0.0,-0.036513268427092,0.10069845762203461,0.0003694177406973917,0.0,0.0,0.0,0.16682372914800417,unicycle
9.491301773367248,3.695798039200898,1.765,0.0,0.0,-0.03316140213577953,0.10038751848636616,0.0003122282900690647,0.0,0.0,0.0,0.1675933145656248,unicycle
9.493303419545486,3.695740286306967,1.765,0.0,0.0,-0.029794793634588368,0.10012365853046885,0.00026366642001003014,0.0,0.0,0.0,0.16833042505955975,unicycle
9.495300754207658,3.6956885889959867,1.765,0.0,0.0,-0.026413880898967207,0.09989997959665788,0.00022247420737823843,0.0,0.0,0.0,0.16904563678105952,unicycle
9.49729444783675,3.6956430545561068,1.765,0.0,0.0,-0.02301890699574129,0.09971054882601685,0.00018756848993348318,0.0,0.0,0.0,0.16974869516129742,unicycle
