x,y,z,psi,phi,theta,linear_vel_x,linear_vel_y,linear_vel_z,angular_vel_x,angular_vel_y,angular_vel_z,mode
-9.802531171650784,11.651787448606777,1.765,0.0,0.0,0.0,0.0,0.0,0.0,0.0,0.0,0.0,unicycle
-9.802530544450782,11.65178744860688,1.765,0.0,0.0,3.1943506638179994e-07,3.136e-05,0.0,0.0,0.0,0.0,1.5971753319089996e-05,omni
-9.802527698207584,11.651787448608944,1.765,0.0,0.0,1.1301661541710484e-06,0.00014231216,0.0,0.0,0.0,0.0,4.053655438946244e-05,unicycle
-9.802520427025321,11.651787448622407,1.765,0.0,0.0,2.5730645445914417e-06,0.00036355911296,0.0,0.0,0.0,0.0,7.214491952101969e-05,omni
-9.802506169785708,11.651787448674167,1.765,0.0,0.0,4.688164406206531e-06,0.0007128619805177599,0.0,0.0,0.0,0.0,0.00010575499308075454,unicycle
-9.802482198300822,11.651787448820496,1.765,0.0,0.0,7.5204717580788e-06,0.0011985742441581462,0.0,0.0,0.0,0.0,0.00014161536759361363,omni
-9.802445751362505,11.651787449158764,1.765,0.0,0.0,1.1041729066816357e-05,0.0018223469158887584,0.0,0.0,0.0,0.0,0.00017606286543687797,unicycle
-9.802394127674136,11.651787449837393,1.765,0.0,0.0,1.5249561869983048e-05,0.0025811844186437115,0.0,0.0,0.0,0.0,0.0002103916401583348,omni
-9.802324747801194,11.651787451063116,1.765,0.0,0.0,2.0084139187032752e-05,0.0034689936476658863,0.0,0.0,0.0,0.0,0.00024172886585248512,unicycle
-9.802235193019461,11.651787453105298,1.765,0.0,0.0,2.552326892227674e-05,0.004477739087786986,0.0,0.0,0.0,0.0,0.0002719564867621993,omni
-9.802123227155779,11.651787456297402,1.765,0.0,0.0,3.1495990064320054e-05,0.005598293186441216,0.0,0.0,0.0,0.0,0.000298636057102166,unicycle
-9.801986806110335,11.651787461036074,1.765,0.0,0.0,3.79752667400761e-05,0.006821052276433559,0.0,0.0,0.0,0.0,0.0003239638337878025,omni
-9.80182407864501,11.65178746777828,1.765,0.0,0.0,4.48897542717864e-05,0.008136373273193945,0.0,0.0,0.0,0.0,0.00034572437658551456,unicycle
-9.801633381157556,11.651787477037109,1.765,0.0,0.0,5.2215130279795375e-05,0.009534874384003394,0.0,0.0,0.0,0.0,0.0003662688004004491,omni
-9.801413228486865,11.651787489376657,1.765,0.0,0.0,5.9884775140720895e-05,0.011007633551825893,0.0,0.0,0.0,0.0,0.00038348224304627634,unicycle
-9.801162302270942,11.651787505406473,1.765,0.0,0.0,6.78803922874721e-05,0.012546310821835752,0.0,0.0,0.0,0.0,0.00039978085733756024,omni
-9.80087943797432,11.651787525775875,1.765,0.0,0.0,7.614202946045498e-05,0.014143214867762623,0.0,0.0,0.0,0.0,0.00041308185864914526,unicycle
-9.800563611390777,11.6517875511684,1.765,0.0,0.0,8.465839838962813e-05,0.01579132922831776,0.0,0.0,0.0,0.0,0.00042581844645865705,omni
-9.800213925189677,11.651787582296569,1.765,0.0,0.0,9.337646845271882e-05,0.017484310124295827,0.0,0.0,0.0,0.0,0.00043590350315453346,unicycle
-9.799829595894556,11.651787619897084,1.765,0.0,0.0,0.00010229174585084886,0.019216464848130735,0.0,0.0,0.0,0.0,0.00044576386990650155,omni
-9.799409941547466,11.651787664726513,1.765,0.0,0.0,0.00011135755204181169,0.020982717474249984,0.0,0.0,0.0,0.0,0.0004532903095481404,unicycle
-9.798954370212572,11.651787717557523,1.765,0.0,0.0,0.00012057543056828108,0.022778566898025102,0.0,0.0,0.0,0.0,0.0004608939263234685,omni
-9.798462369399079,11.651787779175601,1.765,0.0,0.0,0.00012990415079514492,0.0246000408675415,0.0,0.0,0.0,0.0,0.00046643601134318993,unicycle
-9.797933496431048,11.651787850376316,1.765,0.0,0.0,0.0001393503550602652,0.026443648641293303,0.0,0.0,0.0,0.0,0.00047231021325601624,omni
-9.79736736975455,11.651787931962996,1.765,0.0,0.0,0.0001488772858731248,0.02830633411893499,0.0,0.0,0.0,0.0,0.0004763465406429806,unicycle
-9.796763661147724,11.651788024744873,1.765,0.0,0.0,0.00015849575322244506,0.03018543069789326,0.0,0.0,0.0,0.0,0.0004809233674660155,omni
-9.796122088783012,11.651788129535555,1.765,0.0,0.0,0.00016817255912206005,0.03207861866353373,0.0,0.0,0.0,0.0,0.0004838402949807494,unicycle
-9.795442411081366,11.651788247151881,1.765,0.0,0.0,0.00017792184597964782,0.03398388559112687,0.0,0.0,0.0,0.0,0.0004874643428793863,omni
-9.794724421293415,11.651788378412988,1.765,0.0,0.0,0.00018771317905850657,0.0358994899975883,0.0,0.0,0.0,0.0,0.0004895666539429397,unicycle
-9.793967942741272,11.651788524139695,1.765,0.0,0.0,0.00019756332628943313,0.037823928309052304,0.0,0.0,0.0,0.0,0.0004925073615463274,omni
-9.79317282465577,11.651788685154003,1.765,0.0,0.0,0.00020744395240290448,0.0397559050904448,0.0,0.0,0.0,0.0,0.000494031305673567,unicycle
-9.792338938546532,11.651788862278849,1.765,0.0,0.0,0.0002173738750288796,0.04169430640259761,0.0,0.0,0.0,0.0,0.000496496131298758,omni
-9.791466175046088,11.651789056337904,1.765,0.0,0.0,0.00022732632120188364,0.043638176101165556,0.0,0.0,0.0,0.0,0.0004976223086502032,unicycle
-9.790554441173457,11.651789268155579,1.765,0.0,0.0,0.00023732170193456492,0.045586694861988464,0.0,0.0,0.0,0.0,0.0004997690366340641,omni
-9.789603657967305,11.651789498557015,1.765,0.0,0.0,0.00024733438084430844,0.047539161703663436,0.0,0.0,0.0,0.0,0.0005006339454871741,unicycle
-9.78861375844332,11.651789748368259,1.765,0.0,0.0,0.0002573860083276666,0.049494977775428765,0.0,0.0,0.0,0.0,0.0005025813741679032,omni
-9.787584685835087,11.651790018416346,1.765,0.0,0.0,0.0002674517522094662,0.05145363218356728,0.0,0.0,0.0,0.0,0.0005032871940899861,unicycle
-9.786516392081959,11.651790309529597,1.765,0.0,0.0,0.0002775542324255903,0.05341468963982083,0.0,0.0,0.0,0.0,0.0005051240108062025,omni
-9.785408836531616,11.65179062253776,1.765,0.0,0.0,0.0002876691642770066,0.055377779728834495,0.0,0.0,0.0,0.0,0.0005057465925708139,unicycle
-9.784261984828621,11.651790958272354,1.765,0.0,0.0,0.0002978199347055756,0.05734258760699682,0.0,0.0,0.0,0.0,0.0005075385214284493,omni
-9.783075807963819,11.651791317566845,1.765,0.0,0.0,0.00030798260962160064,0.05930884596117915,0.0,0.0,0.0,0.0,0.0005081337458012576,unicycle
-9.781850281462445,11.651791701257025,1.765,0.0,0.0,0.0003181811931832436,0.061276328072073546,0.0,0.0,0.0,0.0,0.0005099291780821472,omni
-9.780585384691697,11.65179211018118,1.765,0.0,0.0,0.000328391951583862,0.06324484184258101,0.0,0.0,0.0,0.0,0.0005105379200309186,unicycle
-9.779281100270909,11.651792545180493,1.765,0.0,0.0,0.00033863939708815035,0.06521422466667892,0.0,0.0,0.0,0.0,0.0005123722752144173,omni
-9.777937413569749,11.651793007099203,1.765,0.0,0.0,0.000348899881529948,0.06718433902819398,0.0,0.0,0.0,0.0,0.0005130242220898855,unicycle
-9.776554312281805,11.65179349678501,1.765,0.0,0.0,0.00035919834715311834,0.06915506873181416,0.0,0.0,0.0,0.0,0.0005149232811585134,omni
-9.775131786062625,11.65179401508921,1.765,0.0,0.0,0.00036951114384704614,0.071126315680446,0.0,0.0,0.0,0.0,0.0005156398346963963,unicycle
-9.77366982622278,11.651794562867119,1.765,0.0,0.0,0.0003798635890615865,0.07309799712366724,0.0,0.0,0.0,0.0,0.0005176222607270167,omni
-9.772168425467855,11.651795140978168,1.765,0.0,0.0,0.0003902319634886034,0.07507004331157502,0.0,0.0,0.0,0.0,0.0005184187213508429,unicycle
-9.770627577678397,11.651795750286338,1.765,0.0,0.0,0.0004006419224627852,0.07704239549684486,0.0,0.0,0.0,0.0,0.0005204979487090932,omni
-9.769047277723852,11.651796391660234,1.765,0.0,0.0,0.00041106962538932677,0.07901500423536578,0.0,0.0,0.0,0.0,0.0005213851463270779,unicycle
-9.76731838838779,11.651797111406129,1.765,0.0,0.0,0.0004215410411110208,0.08644447429421706,0.0,0.0,0.0,0.0,0.0005235707860846996,omni
-9.765320735896383,11.651799342800116,1.765,0.0,0.0,0.0004320321668964064,0.09988266309070849,6.894112433052624e-05,0.0,0.0,0.0,0.0005245562892692847,unicycle
-9.762974377821454,11.651803868337295,1.765,0.0,0.0,0.0004425693828951825,0.11731799148052485,0.00017497362877216637,0.0,0.0,0.0,0.0005268607999388013,omni
-9.760240459427079,11.651811333907968,1.765,0.0,0.0,0.00045312855227696045,0.13669607318336402,0.0003120593718182916,0.0,0.0,0.0,0.0005279584690888982,unicycle
-9.757098367004955,11.651821937049874,1.765,0.0,0.0,0.0004637369170588756,0.15710484763960939,0.00045813514100505066,0.0,0.0,0.0,0.0005304182390957525,omni
-9.753551717557517,11.65183590091163,1.765,0.0,0.0,0.00047437041385773503,0.17733278035524397,0.0006150145678852045,0.0,0.0,0.0,0.0005316748399429741,unicycle
-9.749609536893548,11.651853118217618,1.765,0.0,0.0,0.0004850574060476018,0.19710942348866356,0.0007663092589179184,0.0,0.0,0.0,0.0005343496094933431,omni
-9.745295393810816,11.651873603806028,1.765,0.0,0.0,0.0004957739585063716,0.2157076305207452,0.0009184931304566495,0.0,0.0,0.0,0.0005358276229384881,unicycle
-9.740631024419452,11.651897107842776,1.765,0.0,0.0,0.0005065495882105256,0.2332190292475936,0.0010583215130349957,0.0,0.0,0.0,0.0005387814852076997,omni
-9.73564736096966,11.651923558772769,1.765,0.0,0.0,0.0005173603911834599,0.2491838169198432,0.0011949757633661507,0.0,0.0,0.0,0.0005405401486467201,unicycle
-9.730369615317155,11.6519526544955,1.765,0.0,0.0,0.0005282369091520343,0.26388800712405674,0.001316826028747502,0.0,0.0,0.0,0.0005438258984287225,omni
-9.724829425091125,11.65198430306702,1.765,0.0,0.0,0.0005391550811386876,0.27701031638820706,0.0014345894907849168,0.0,0.0,0.0,0.0005459085993326639,unicycle
-9.719050786099382,11.652018197407427,1.765,0.0,0.0,0.0005501462641952219,0.28893282976226453,0.0015373497961378747,0.0,0.0,0.0,0.0005495591528267059,omni
-9.713062838517159,11.652054258201874,1.765,0.0,0.0,0.0005611860232867151,0.2993983347790504,0.0016366744653824915,0.0,0.0,0.0,0.0005519879545746538,unicycle
-9.70688627631068,11.6520921956829,1.765,0.0,0.0,0.0005723063040867995,0.3088291357735864,0.0017218466093369626,0.0,0.0,0.0,0.0005560140400042336,omni
-9.700546484953051,11.652131957343242,1.765,0.0,0.0,0.0005834820958288545,0.3169906638535215,0.0018048962625389858,0.0,0.0,0.0,0.0005587895871027447,unicycle
-9.694060205209741,11.652173279042048,1.765,0.0,0.0,0.0005947457285273011,0.32431514804920913,0.0018750267110951785,0.0,0.0,0.0,0.0005631816349223394,omni
-9.687448851549503,11.652216138989823,1.765,0.0,0.0,0.0006060714539542184,0.33056891010429723,0.00194452133752488,0.0,0.0,0.0,0.0005662862713458565,unicycle
-9.680725300106692,11.652260299611285,1.765,0.0,0.0,0.0006174918241309699,0.33617886006344366,0.0020023634066200246,0.0,0.0,0.0,0.0005710185088375873,omni
-9.673907289379976,11.652305768549601,1.765,0.0,0.0,0.0006289802406355669,0.3409018870248408,0.0020609849902534687,0.0,0.0,0.0,0.0005744208252298389,unicycle
-9.667004258698933,11.652352332210532,1.765,0.0,0.0,0.0006405693624812002,0.34515294238836935,0.0021090890957944962,0.0,0.0,0.0,0.0005794560922816656,omni
-9.660030776709213,11.652400024099618,1.765,0.0,0.0,0.0006522316762299019,0.3486755680470404,0.0021592108528871133,0.0,0.0,0.0,0.0005831156874350888,unicycle
-9.652993390619416,11.652448650660867,1.765,0.0,0.0,0.0006639998770414198,0.3518708283868959,0.002199756812045428,0.0,0.0,0.0,0.0005884100405758967,omni
-9.645904054072975,11.652498267003105,1.765,0.0,0.0,0.0006758455129179823,0.3544684097379287,0.002243351200798444,0.0,0.0,0.0,0.0005922817938281233,unicycle
-9.638766967392204,11.652548695459124,1.765,0.0,0.0,0.0006878012811028616,0.356855970257798,0.0022781105995052457,0.0,0.0,0.0,0.0005977884092439593,omni
-9.631591991554576,11.652600008609525,1.765,0.0,0.0,0.0006998377998881702,0.3587504856386238,0.00231675000058238,0.0,0.0,0.0,0.0006018259392654242,unicycle
-9.624381471009121,11.652652040877893,1.765,0.0,0.0,0.0007119877625524656,0.36052777395964974,0.002347112860777667,0.0,0.0,0.0,0.000607498133214779,omni
-9.617143628913908,11.652704878679522,1.765,0.0,0.0,0.0007242208898641549,0.3618939086063193,0.002382013136549216,0.0,0.0,0.0,0.0006116563655844641,unicycle
-9.60987937028564,11.652758365305019,1.765,0.0,0.0,0.0007365698846510584,0.36321478785183425,0.002409041535395574,0.0,0.0,0.0,0.0006174497393451714,omni
-9.602595658109143,11.652812597980478,1.765,0.0,0.0,0.0007490036175928556,0.3641875225262431,0.002441120804607071,0.0,0.0,0.0,0.0006216866470898578,unicycle
-9.595292297715025,11.652867426256893,1.765,0.0,0.0,0.0007615548268640583,0.3651699860865075,0.002465609247192799,0.0,0.0,0.0,0.0006275604635601294,omni
-9.587975295506139,11.652922955751004,1.765,0.0,0.0,0.0007741915891159537,0.36585213456902843,0.0024955474165925823,0.0,0.0,0.0,0.0006318381125947749,unicycle
-9.580643626843397,11.65297904023922,1.765,0.0,0.0,0.0007869467101606172,0.36658551035292636,0.0025180798668405016,0.0,0.0,0.0,0.0006377560522331697,omni
-9.57330257996359,11.653035791844214,1.765,0.0,0.0,0.0007997875322443709,0.3670544797183209,0.0025463721258002815,0.0,0.0,0.0,0.0006420411041876862,unicycle
-9.56595051007754,11.653093067022597,1.765,0.0,0.0,0.0008127469632939441,0.3676056837763718,0.002567371362864444,0.0,0.0,0.0,0.0006479715524786686,omni
-9.55859217118645,11.653150982965192,1.765,0.0,0.0,0.0008257916707105554,0.3679191935212376,0.0025943731277667517,0.0,0.0,0.0,0.0006522353708305604,unicycle
-9.551225459026082,11.653209397663021,1.765,0.0,0.0,0.0008389546982026183,0.3683379115624177,0.0026141412320904427,0.0,0.0,0.0,0.0006581513746031428,omni
-9.54385473328053,11.653268432295508,1.765,0.0,0.0,0.0008522020954046658,0.3685386514482474,0.0026401042832527206,0.0,0.0,0.0,0.0006623698601023657,unicycle
-9.536477551710048,11.653327945557036,1.765,0.0,0.0,0.0008655670727401917,0.36886149822707565,0.0026588546415633263,0.0,0.0,0.0,0.0006682488667763022,omni
-9.529097984913221,11.653388061814923,1.765,0.0,0.0,0.0008790151152104976,0.3689808214112199,0.0026839552718673247,0.0,0.0,0.0,0.0006724021235152975,unicycle
-9.521713343603427,11.653448639877421,1.765,0.0,0.0,0.000892579627057139,0.36923460363007227,0.0027018371864897892,0.0,0.0,0.0,0.000678225592332064,omni
-9.514327487691508,11.653509806711188,1.765,0.0,0.0,0.0009062255770867319,0.3692953969137751,0.0027261975949623915,0.0,0.0,0.0,0.0006822975014796444,unicycle
-9.506937548304464,11.65357142083037,1.765,0.0,0.0,0.0009199865861387573,0.36949962832973027,0.0027433147918453195,0.0,0.0,0.0,0.0006880504526012744,omni
-9.499547232605192,11.653633611370834,1.765,0.0,0.0,0.0009338271503250083,0.36951850847213785,0.0027670190175709056,0.0,0.0,0.0,0.000692028209312547,unicycle
-9.492153541813256,11.653696236278567,1.765,0.0,0.0,0.000947781125464761,0.36968732188180126,0.002783443307618451,0.0,0.0,0.0,0.0006976987569876352,omni
-9.484760072869191,11.653759426544973,1.765,0.0,0.0,0.0009618125736309782,0.36967629539515423,0.0028065488910500812,0.0,0.0,0.0,0.0007015724083108655,unicycle
-9.477363733434581,11.653823039371044,1.765,0.0,0.0,0.0009759555998025019,0.3698198798255784,0.002822330087848857,0.0,0.0,0.0,0.000707151308576179,omni
-9.469968041252077,11.653887207374444,1.765,0.0,0.0,0.0009901738661302927,0.36978758450988125,0.0028448764702716563,0.0,0.0,0.0,0.0007109133163895334,unicycle
-9.462569836871682,11.653951786903825,1.765,0.0,0.0,0.0010045017370864126,0.36991325543109704,0.0028600494797053214,0.0,0.0,0.0,0.0007163935478059959,omni
-9.45517258135172,11.654016912034221,1.765,0.0,0.0,0.0010189025048975456,0.3698658810774182,0.00288206396217289,0.0,0.0,0.0,0.0007200383905566578,unicycle
-9.447773067275481,11.654082438203476,1.765,0.0,0.0,0.001033410800452922,0.36997887102861693,0.0028966537747626762,0.0,0.0,0.0,0.0007254147777688188,omni
-9.440374715276779,11.65414850081781,1.765,0.0,0.0,0.001047989572402619,0.3699208371855925,0.002918155682241124,0.0,0.0,0.0,0.0007289385974848624,unicycle
-9.432974283769033,11.654214954379643,1.765,0.0,0.0,0.0010626737220293708,0.37002487586619426,0.0029321808352318493,0.0,0.0,0.0,0.0007342074813375913,omni
-9.425575164654418,11.654281935530028,1.765,0.0,0.0,0.0010774258775779703,0.3699593275907076,0.002953184381073781,0.0,0.0,0.0,0.0007376077774299582,unicycle
-9.418174092078734,11.65434929783432,1.765,0.0,0.0,0.0010922812122056047,0.37005706493921603,0.002966659320468697,0.0,0.0,0.0,0.0007427667313817403,omni
-9.410774437588358,11.65441717909271,1.765,0.0,0.0,0.0011072020541973693,0.3699862333794891,0.0029871755432733845,0.0,0.0,0.0,0.000746042099588223,unicycle
-9.403372918142056,11.654485431947116,1.765,0.0,0.0,0.0011222238479914317,0.37007954650946423,0.0030001122062496967,0.0,0.0,0.0,0.0007510896897031216,omni
-9.395972890908686,11.654554195295272,1.765,0.0,0.0,0.001137308640044804,0.37000500986697554,0.0030201502539585583,0.0,0.0,0.0,0.0007542396026686057,unicycle
-9.388571060705646,11.654623320879157,1.765,0.0,0.0,0.0011524921437870864,0.37009522469272244,0.003032559106555414,0.0,0.0,0.0,0.0007591751871141339,omni
-9.381170774577152,11.654692948642033,1.765,0.0,0.0,0.0011677361400303544,0.37001809624045073,0.0030521270677808313,0.0,0.0,0.0,0.0007621998121634103,unicycle
-9.373768728783396,11.65476292945553,1.765,0.0,0.0,0.0011830766075413026,0.37010614682228726,0.0030640177675807507,0.0,0.0,0.0,0.0007670233755474139,omni
-9.366368263260041,11.654833404262849,1.765,0.0,0.0,0.0011984750760391134,0.3700272098186444,0.0030831231936884057,0.0,0.0,0.0,0.000769923424890547,unicycle
-9.358966068248595,11.654904223098427,1.765,0.0,0.0,0.0012139677848926377,0.37011375248555656,0.003094504998471736,0.0,0.0,0.0,0.0007746354426762124,omni
-9.351565478708935,11.65497552786412,1.765,0.0,0.0,0.001229516025919968,0.3700335566239199,0.003113155218040605,0.0,0.0,0.0,0.000777412051366512,unicycle
-9.344163180656853,11.655047167792178,1.765,0.0,0.0,0.0012451562935163708,0.37011905141734824,0.0031240372255100374,0.0,0.0,0.0,0.0007820133798201384,omni
-9.336762505580433,11.655119285704686,1.765,0.0,0.0,0.0012608496536583938,0.37003798154212064,0.0031422395221722657,0.0,0.0,0.0,0.0007846680071011483,unicycle
-9.329360136532872,11.655191730067438,1.765,0.0,0.0,0.001276632849550737,0.3701227501475418,0.003152630799796751,0.0,0.0,0.0,0.0007891597946171625,omni
-9.321959402588268,11.65526464458627,1.765,0.0,0.0,0.0012924667324454304,0.3700410750563933,0.0031703925023783713,0.0,0.0,0.0,0.0007916941447346766,unicycle
-9.314556984724911,11.655337876996263,1.765,0.0,0.0,0.0013083882876625164,0.37012534188463214,0.003180302147743918,0.0,0.0,0.0,0.0007960777608543141,omni
-9.30715621034501,11.655411571851854,1.765,0.0,0.0,0.0013243581620604739,0.37004324888558665,0.0031976306659070156,0.0,0.0,0.0,0.0007984937198978587,unicycle
-9.299753758974358,11.65548557619272,1.765,0.0,0.0,0.001340413576037089,0.3701271701217456,0.003207067824758522,0.0,0.0,0.0,0.0008027706988307644,omni
-9.292352956862619,11.65556003538772,1.765,0.0,0.0,0.0013565149817302208,0.370044789435398,0.0032239706522927615,0.0,0.0,0.0,0.0008050702846565891,unicycle
-9.284950482518544,11.65563479581574,1.765,0.0,0.0,0.0013726998273420451,0.37012847352432565,0.003232944512226531,0.0,0.0,0.0,0.0008092422805912082,omni
-9.27754966140182,11.655710003626613,1.765,0.0,0.0,0.001388928379408816,0.3700458954701985,0.0032494292124659006,0.0,0.0,0.0,0.0008114276033385395,unicycle
-9.270147171308214,11.655785504572213,1.765,0.0,0.0,0.0014052383065141364,0.37012941752616835,0.0032579489838718127,0.0,0.0,0.0,0.0008154963552660252,omni
-9.262746337159898,11.655861445550528,1.765,0.0,0.0,0.0014215896982420072,0.3700467045969225,0.0032740231664588845,0.0,0.0,0.0,0.0008175695863935452,unicycle
-9.255343836251587,11.655937671719306,1.765,0.0,0.0,0.0014380204360532182,0.3701301165149758,0.0032820980579872255,0.0,0.0,0.0,0.0008215368905605429,omni
-9.247942993143305,11.656014330692393,1.765,0.0,0.0,0.0014544904408271182,0.3700473118390051,0.0032977693526638507,0.0,0.0,0.0,0.0008235002386950026,unicycle
-9.240540484776147,11.656091267065392,1.765,0.0,0.0,0.0014710377993699174,0.37013064937368223,0.0033054085455997135,0.0,0.0,0.0,0.0008273679271399451,omni
-9.233139635469495,11.656168629136243,1.765,0.0,0.0,0.0014876222717567676,0.37004778263291377,0.00332068457635307,0.0,0.0,0.0,0.0008292236193425251,unicycle
-9.225737121913252,11.656246260969478,1.765,0.0,0.0,0.0015042821426219486,0.3701310703428718,0.0033278972003810375,0.0,0.0,0.0,0.0008329935432590441,omni
-9.218336268270065,11.656324311515878,1.765,0.0,0.0,0.0015209770188335504,0.370048161901953,0.0033427855617492205,0.0,0.0,0.0,0.0008347438105800999,unicycle
-9.210933751049728,11.656402624339114,1.765,0.0,0.0,0.0015377453753834202,0.37013141659642346,0.0033495806733750814,0.0,0.0,0.0,0.0008384178274934964,omni
-9.203532894315929,11.656481349012063,1.765,0.0,0.0,0.0015545466732615628,0.3700484803777731,0.0033640889097517114,0.0,0.0,0.0,0.000840064893907135,unicycle
-9.19613037444763,11.656560328626913,1.765,0.0,0.0,0.0015714195704185775,0.3701317135137552,0.003370475473888982,0.0,0.0,0.0,0.0008436448578507156,omni
-9.188729515449172,11.656639713348417,1.765,0.0,0.0,0.0015883233890554333,0.3700487589952463,0.0033846110620779296,0.0,0.0,0.0,0.000845190931842773,unicycle
-9.181326993602843,11.656719345825865,1.765,0.0,0.0,0.0016052969627731463,0.3701319783414667,0.003390597936856443,0.0,0.0,0.0,0.0008486786858856568,omni
-9.173926132880672,11.656799376786207,1.765,0.0,0.0,0.0016222994818554939,0.3700490119416672,0.003404368271787554,0.0,0.0,0.0,0.0008501259541173659,unicycle
-9.166523609491962,11.65687964846365,1.765,0.0,0.0,0.0016393699483500776,0.37013222273125745,0.003409964196389587,0.0,0.0,0.0,0.000853523324729195,omni
-9.159122747394754,11.656960312118208,1.765,0.0,0.0,0.0016564674272964576,0.3700492487680649,0.0034233765797258508,0.0,0.0,0.0,0.0008548739473190121,unicycle
-9.151720222741822,11.657041209596107,1.765,0.0,0.0,0.0016736310820997565,0.3701324544954642,0.0034285901649310554,0.0,0.0,0.0,0.0008581827401649383,omni
-9.144319359489545,11.657122492661836,1.765,0.0,0.0,0.001690819859044311,0.37004947584819214,0.00344165179621722,0.0,0.0,0.0,0.0008594388472277381,unicycle
-9.136916833745623,11.657204002800057,1.765,0.0,0.0,0.0017080730759257874,0.3701326788189909,0.0034464915172911156,0.0,0.0,0.0,0.0008626608440738113,omni
-9.129515969472967,11.657285892251712,1.765,0.0,0.0,0.0017253495665904724,0.3700496973847288,0.0034592094872742995,0.0,0.0,0.0,0.0008638245332342609,unicycle
-9.12211344274223,11.657368002165642,1.765,0.0,0.0,0.0017426887963847165,0.37013289909428326,0.0034636836788358607,0.0,0.0,0.0,0.0008669614897121913,omni
-9.114712577528199,11.657450485231786,1.765,0.0,0.0,0.0017600494928721204,0.3700499161018156,0.003476064964603093,0.0,0.0,0.0,0.0008680348243701935,unicycle
-9.107310049870135,11.657533182288274,1.765,0.0,0.0,0.0017774712622402268,0.37013311749542516,0.003480181817131169,0.0,0.0,0.0,0.0008710884684053333,omni
-9.099909183758111,11.657616246447146,1.765,0.0,0.0,0.001794912731771837,0.3700501337207202,0.003492233278741803,0.0,0.0,0.0,0.0008720734765805319,unicycle
-9.092506655204035,11.657699518260328,1.765,0.0,0.0,0.0018124136419184367,0.37013333537203785,0.0034960008364186917,0.0,0.0,0.0,0.0008750455073299968,omni
-9.085105788215333,11.65778315123562,1.765,0.0,0.0,0.0018299325255374409,0.3700503512858476,0.0035077292147497378,0.0,0.0,0.0,0.0008759441809501878,unicycle
-9.077703258779493,11.657866985662654,1.765,0.0,0.0,0.0018475092509000865,0.37013355351894833,0.003511155374380795,0.0,0.0,0.0,0.0008788362681322783,omni
-9.070302390922462,11.657951175419223,1.765,0.0,0.0,0.0018651022621533136,0.3700505693876739,0.003522567289944463,0.0,0.0,0.0,0.0008796505626613533,unicycle
-9.06289986060947,11.658035560556005,1.765,0.0,0.0,0.0018827515490769926,0.3701337723603733,0.0035256598007334322,0.0,0.0,0.0,0.0008824643461839419,omni
-9.055498991885536,11.658120295295557,1.765,0.0,0.0,0.0019004154726871504,0.37005078831482,0.003536761753265884,0.0,0.0,0.0,0.0008831961805079149,unicycle
-9.048096460695286,11.6582052194724,1.765,0.0,0.0,0.0019181341380936367,0.3701339920753963,0.003539528217263627,0.0,0.0,0.0,0.0008859332703243121,omni
-9.04069559110294,11.658290487629188,1.765,0.0,0.0,0.0019358658286302926,0.3700510081575097,0.003550326585918903,0.0,0.0,0.0,0.000886584526832789,unicycle
-9.033293059033824,11.658375939406522,1.765,0.0,0.0,0.0019536507586896904,0.37013421268320185,0.0035527744589953707,0.0,0.0,0.0,0.0008892465029699308,omni
-9.025892188571211,11.658461729643019,1.765,0.0,0.0,0.0019714471392453833,0.3700512288777331,0.0035632755030091134,0.0,0.0,0.0,0.0008898190277845992,unicycle
-9.018489655622178,11.658547697807096,1.765,0.0,0.0,0.001989295288055401,0.3701344341007803,0.003565412096227216,0.0,0.0,0.0,0.0008924074405008941,omni
-9.011088784288724,11.658633999009746,1.765,0.0,0.0,0.002007153348931673,0.37005145035665826,0.00357562195594172,0.0,0.0,0.0,0.0008929030438135797,unicycle
-9.003686250460566,11.658720472568412,1.765,0.0,0.0,0.0020250617372087475,0.370134656181838,0.003577454437236606,0.0,0.0,0.0,0.0008954194138537731,omni
-8.996285378257975,11.658807273843381,1.765,0.0,0.0,0.002042978534615662,0.37005167242652587,0.003587379135399983,0.0,0.0,0.0,0.0008958398703456759,unicycle
-8.988882843554087,11.658894242021852,1.765,0.0,0.0,0.0020609442484010097,0.370134878742904,0.003588914531485587,0.0,0.0,0.0,0.0008982856892674483,omni
-8.98148197048691,11.65898153269086,1.765,0.0,0.0,0.0020789169031727537,0.3700518948919849,0.003598559974755618,0.0,0.0,0.0,0.0008986327385872179,unicycle
-8.974079434913705,11.659068984927588,1.765,0.0,0.0,0.002096937092555559,0.37013510158073387,0.0035998051731972354,0.0,0.0,0.0,0.0009010094691402266,omni
-8.966678560989635,11.659156754523776,1.765,0.0,0.0,0.002114962788884044,0.3700521175442598,0.0036091771537957455,0.0,0.0,0.0,0.0009012848164242616,unicycle
-8.959276024556724,11.659244680466356,1.765,0.0,0.0,0.0021330346667433817,0.37013532448381165,0.0036101389052010475,0.0,0.0,0.0,0.0009035938929668763,omni
-8.951875149786684,11.65933291873022,1.765,0.0,0.0,0.0021511106509311596,0.3700523401704624,0.0036192431026756565,0.0,0.0,0.0,0.0009037992093888786,unicycle
-8.944472612506916,11.659421308231357,1.765,0.0,0.0,0.0021692314916977847,0.3701355472398627,0.0036199280229656326,0.0,0.0,0.0,0.0009060420383312436,omni
-8.93707173690505,11.659510005106757,1.765,0.0,0.0,0.0021873550709312073,0.37005256255962776,0.003628770006025719,0.0,0.0,0.0,0.0009061789616711594,unicycle
-8.929669198794445,11.659598848220305,1.765,0.0,0.0,0.002205522209369928,0.3701357696406769,0.003629184578757185,0.0,0.0,0.0,0.000908356921936035,omni
-8.92226832237802,11.659687993850527,1.765,0.0,0.0,0.002223690750513149,0.3700527845065449,0.003637769807158067,0.0,0.0,0.0,0.0009084270571610383,unicycle
-8.914865783455651,11.659777280827598,1.765,0.0,0.0,0.002241901580526265,0.3701359914851252,0.003637920385874458,0.0,0.0,0.0,0.0009105415006558015,omni
-8.907464906244911,11.659866865551479,1.765,0.0,0.0,0.002260112508936414,0.3700530058141077,0.003646254212329616,0.0,0.0,0.0,0.0009105464205074817,unicycle
-8.900062366532742,11.659956586836607,1.765,0.0,0.0,0.0022783644823884614,0.3701362125809675,0.0036461470229228626,0.0,0.0,0.0,0.0009125986726023241,omni
-8.892661488550736,11.660046601184748,1.765,0.0,0.0,0.002296615280752179,0.37005322629468196,0.003654234695029107,0.0,0.0,0.0,0.000912539918185917,unicycle
-8.885258948073446,11.66013674741214,1.765,0.0,0.0,0.00231490590631607,0.3701364327458596,0.003653875838099633,0.0,0.0,0.0,0.0009145312781945289,omni
-8.877858069345855,11.66022718210317,1.765,0.0,0.0,0.0023331941135074094,0.370053445770819,0.0036617225002632658,0.0,0.0,0.0,0.0009144103595669653,unicycle
-8.870455528130641,11.660317744093014,1.765,0.0,0.0,0.002351520955531945,0.37013665180782773,0.003661117953467543,0.0,0.0,0.0,0.0009163421012267925,omni
-8.863054648685571,11.660408590029935,1.765,0.0,0.0,0.002369844165491566,0.3700536640755385,0.0036687286488225382,0.0,0.0,0.0,0.0009161604979810393,unicycle
-8.855652106761974,11.660499558784768,1.765,0.0,0.0,0.0023882048428901874,0.3701368696053983,0.0036678842692008055,0.0,0.0,0.0,0.0009180338699310614,omni
-8.848251226629783,11.660590807051358,1.765,0.0,0.0,0.00240656070352569,0.37005388105233583,0.0036752639415123193,0.0,0.0,0.0,0.0009177930317751349,unicycle
-8.840848684029483,11.660682173752516,1.765,0.0,0.0,0.0024249528886862806,0.3701370859875044,0.003674185467790765,0.0,0.0,0.0,0.0009196092580295358,omni
-8.833447803242581,11.660773815609808,1.765,0.0,0.0,0.002443339100793454,0.3700540965550083,0.003681338963338963,0.0,0.0,0.0,0.0009193106053586938,unicycle
-8.826045259999226,11.66086557161395,1.765,0.0,0.0,0.0024617605185089605,0.3701373008132503,0.003680032018202253,0.0,0.0,0.0,0.0009210708857753192,omni
-8.818644378591905,11.66095759849677,1.765,0.0,0.0,0.002480174834713694,0.37005431044737336,0.0036869640876429485,0.0,0.0,0.0,0.0009207158102366713,unicycle
-8.811241834740922,11.66104973533244,1.765,0.0,0.0,0.002498623261133281,0.37013751395159245,0.0036854341799743584,0.0,0.0,0.0,0.0009224213209793758,omni
-8.803840952749173,11.66114213884602,1.765,0.0,0.0,0.0025170634848538423,0.37005452260292,0.0036921494801734982,0.0,0.0,0.0,0.000922011186028041,unicycle
-8.796438408327608,11.661234648210307,1.765,0.0,0.0,0.0025355367464542896,0.37013772528096817,0.00369040200725996,0.0,0.0,0.0,0.0009236630800223466,omni
-8.789037525788961,11.66132742012695,1.765,0.0,0.0,0.002554000730883667,0.3700547329044227,0.003696905103100148,0.0,0.0,0.0,0.0009231992214688397,unicycle
-8.781634980835312,11.661420293882186,1.765,0.0,0.0,0.002572496703460675,0.3701379346888997,0.0036949453528012616,0.0,0.0,0.0,0.0009247986288504305,omni
-8.774234097788673,11.661513426138013,1.765,0.0,0.0,0.0025909823505686517,0.37005494124353927,0.0037012407189591207,0.0,0.0,0.0,0.0009242823553988025,unicycle
-8.766831551879376,11.66160665630975,1.765,0.0,0.0,0.0026094989571582255,0.3701381652395489,0.0036990738718390955,0.0,0.0,0.0,0.000925830329478669,omni
-8.759430666879965,11.661700141008762,1.765,0.0,0.0,0.002628004213947636,0.3700552217669544,0.003705166064296643,0.0,0.0,0.0,0.0009252628394705327,unicycle
-8.752028118105654,11.661793719793966,1.765,0.0,0.0,0.0026465394232895283,0.3701384911863671,0.0037027974568183803,0.0,0.0,0.0,0.0009267604670946243,omni
-8.744627229701079,11.661887549202932,1.765,0.0,0.0,0.0026650622846749695,0.37005557481824736,0.0037086907712210668,0.0,0.0,0.0,0.0009261430692720602,unicycle
-8.73722467724047,11.661981468948216,1.765,0.0,0.0,0.0026836141137473487,0.3701388580876407,0.003706125210233146,0.0,0.0,0.0,0.000927591453618979,omni
-8.729823785067845,11.662075635479805,1.765,0.0,0.0,0.002702152621879418,0.3700559458847772,0.003711823740390736,0.0,0.0,0.0,0.0009269254066034755,unicycle
-8.722421228885098,11.662169888678315,1.765,0.0,0.0,0.002720719134098925,0.3701392266345347,0.00370906601060716,0.0,0.0,0.0,0.0009283256109753373,omni
-8.715020333134955,11.662264384892184,1.765,0.0,0.0,0.0027392713767798765,0.3700563072595827,0.003714573827389721,0.0,0.0,0.0,0.0009276121340475834,unicycle
-8.707617773571956,11.662358964183753,1.765,0.0,0.0,0.0027578506805853915,0.3701395779054118,0.003711628660312594,0.0,0.0,0.0,0.0009289651902757608,omni
-8.700216874680752,11.662453782785969,1.765,0.0,0.0,0.0027764147899866274,0.3700566466110445,0.003716949787292102,0.0,0.0,0.0,0.0009282054700617698,unicycle
-8.692814312227567,11.66254868095598,1.765,0.0,0.0,0.002795005037660677,0.3701399044567704,0.0037138218428176707,0.0,0.0,0.0,0.0009295123837024812,omni
-8.685413410708488,11.66264381479745,1.765,0.0,0.0,0.002813579189227592,0.3700569600695395,0.0037189602420589175,0.0,0.0,0.0,0.0009287075783457709,unicycle
-8.678010845880577,11.662739024774936,1.765,0.0,0.0,0.002832178575865781,0.37014020498546285,0.0037156540981710985,0.0,0.0,0.0,0.0009299693319094697,omni
-8.670609942236245,11.662834466849246,1.765,0.0,0.0,0.0028507609873399216,0.3700572481299307,0.0037206136624410163,0.0,0.0,0.0,0.00092912057370702,unicycle
-8.663207375514167,11.662929981704552,1.765,0.0,0.0,0.00286936774991373,0.3701404812043945,0.003717133809970325,0.0,0.0,0.0,0.0009303381286904191,omni
-8.65580647019665,11.6630257251455,1.765,0.0,0.0,0.002887956680429645,0.37005751328820014,0.00372191835892914,0.0,0.0,0.0,0.0009294465257957512,unicycle
-8.648403902001167,11.66312153808773,1.765,0.0,0.0,0.0029065690969094457,0.37014073607173825,0.0037182691994172537,0.0,0.0,0.0,0.0009306208239900504,omni
-8.641002995398196,11.663217576166705,1.765,0.0,0.0,0.002925162846140532,0.3700577587300535,0.0037228824782226965,0.0,0.0,0.0,0.0009296874615542846,unicycle
-8.633600426084541,11.663313680541059,1.765,0.0,0.0,0.002943779234658931,0.37014097283383757,0.0037190683236404828,0.0,0.0,0.0,0.0009308194259199537,omni
-8.626199518519446,11.66341000666437,1.765,0.0,0.0,0.002962376141996883,0.37005798764544756,0.00372351400297124,0.0,0.0,0.0,0.0009298453668975899,unicycle
-8.618796948381133,11.663506395949474,1.765,0.0,0.0,0.0029809948600405364,0.37014119454653055,0.0037195390765042196,0.0,0.0,0.0,0.0009309359021826522,omni
-8.611396040119228,11.663603003655663,1.765,0.0,0.0,0.0029995933037993312,0.37005820290606195,0.003723820753383682,0.0,0.0,0.0,0.0009299221879397573,unicycle
-8.603993469396007,11.663699671460906,1.765,0.0,0.0,0.003018212747422304,0.37014140386935923,0.0037196891907997423,0.0,0.0,0.0,0.0009309721811485933,omni
-8.596592560653356,11.663796554418106,1.765,0.0,0.0,0.00303681114406143,0.37005840694572467,0.003723810389843081,0.0,0.0,0.0,0.0009299198319562984,unicycle
-8.589189989540294,11.66389349448102,1.765,0.0,0.0,0.0030554297471160913,0.37014160300870064,0.0037195262411512807,0.0,0.0,0.0,0.0009309301527330895,omni
-8.581789080492742,11.66399064648437,1.765,0.0,0.0,0.0030740265504800067,0.3700586017482485,0.003723490416012323,0.0,0.0,0.0,0.0009298401681957905,unicycle
-8.574386509148917,11.664087852668066,1.765,0.0,0.0,0.0030926427838632153,0.3701417937366234,0.0037190576472426536,0.0,0.0,0.0,0.0009308116691604248,omni
-8.566985599940299,11.66418526763716,1.765,0.0,0.0,0.0031112364844353654,0.37005878888699373,0.003722868182132069,0.0,0.0,0.0,0.0009296850286075108,unicycle
-8.55958302849646,11.664282733927822,1.765,0.0,0.0,0.0031298488553486805,0.37014197744346383,0.0037182906771403264,0.0,0.0,0.0,0.0009306185456657387,omni
-8.552182119245641,11.664380405904227,1.765,0.0,0.0,0.003148437979519145,0.37005896958479306,0.003721950888345374,0.0,0.0,0.0,0.0009294562085232123,unicycle
-8.544779547810592,11.664478126408659,1.765,0.0,0.0,0.0031670450307424132,0.37014215520099486,0.0037172324505935226,0.0,0.0,0.0,0.000930352561163412,omni
-8.537378638617215,11.664576049553505,1.765,0.0,0.0,0.003185628140088706,0.37005914477745167,0.003720745587964241,0.0,0.0,0.0,0.0009291554673146749,unicycle
-8.529976067282965,11.664674018496733,1.765,0.0,0.0,0.0032042284492666624,0.3701423278242488,0.0037158899422523413,0.0,0.0,0.0,0.000930015458897823,omni
-8.522575158232044,11.664772187088317,1.765,0.0,0.0,0.003222804139847428,0.37005931517256585,0.0037192591906388163,0.0,0.0,0.0,0.0009287845290382474,unicycle
-8.515172587077858,11.664870398811262,1.765,0.0,0.0,0.003241396318789116,0.37014249592651144,0.003714269984779668,0.0,0.0,0.0,0.0009296089470843957,omni
-8.507771678243326,11.664968807242762,1.765,0.0,0.0,0.003259963220450555,0.37005948130024496,0.0037174984654166337,0.0,0.0,0.0,0.0009283450830720072,unicycle
-8.500369107338852,11.66506725619994,1.765,0.0,0.0,0.0032785459144414495,0.3701426599655925,0.0037123792718530934,0.0,0.0,0.0,0.0009291346995447584,omni
-8.492968198786302,11.665165898977126,1.765,0.0,0.0,0.003297102690136409,0.3700596435549402,0.003715470043692786,0.0,0.0,0.0,0.000927838784747946,unicycle
-8.485565628193946,11.665264579734416,1.765,0.0,0.0,0.0033156745772631524,0.37014282028135326,0.003710224361059583,0.0,0.0,0.0,0.0009285943563371653,omni
-8.478164719982688,11.665363451473445,1.765,0.0,0.0,0.0033342199223827373,0.37005980222889595,0.00371318042205707,0.0,0.0,0.0,0.000927267255979246,unicycle
-8.470762149759391,11.665462358705897,1.765,0.0,0.0,0.003352779712870379,0.3701429771253565,0.003707811676692897,0.0,0.0,0.0,0.0009279895243820597,omni
-8.463361241943986,11.665561454131142,1.765,0.0,0.0,0.0033713123545880373,0.37005995753830184,0.0037106359650485136,0.0,0.0,0.0,0.000926632085882899,unicycle
-8.455958672142545,11.665660582620832,1.765,0.0,0.0,0.003389858790149688,0.370143130683834,0.003705147512462363,0.0,0.0,0.0,0.0009273217780825117,omni
-8.44855776477394,11.66575989656276,1.765,0.0,0.0,0.003408377486777615,0.37006010964338487,0.0037078429078257966,0.0,0.0,0.0,0.0009259348313963728,unicycle
-8.441155195443992,11.66585924119669,1.765,0.0,0.0,0.003426909339976382,0.37014328109520106,0.003702238034122429,0.0,0.0,0.0,0.0009265926599383292,omni
-8.433754288570345,11.665958768589768,1.765,0.0,0.0,0.0034454128803341403,0.37006025866362874,0.0037048073587625137,0.0,0.0,0.0,0.0009251770178879008,unicycle
-8.426351719759053,11.66605832435781,1.765,0.0,0.0,0.0034639289539572073,0.3701434284632436,0.0036990892820306454,0.0,0.0,0.0,0.0009258036811533479,omni
-8.418950813426349,11.666158060238482,1.765,0.0,0.0,0.0034824161567523944,0.37006040468916923,0.0037015353019744443,0.0,0.0,0.0,0.0009243601397593143,unicycle
-8.411548245178931,11.666257822231357,1.765,0.0,0.0,0.003500915283197091,0.3701435728669397,0.0036957071736412163,0.0,0.0,0.0,0.0009249563222348471,omni
-8.404147339431393,11.666357761736034,1.765,0.0,0.0,0.003519384996417907,0.3700605477892392,0.0036980325997849357,0.0,0.0,0.0,0.0009234856610407742,unicycle
-8.396744771791472,11.66645772514334,1.765,0.0,0.0,0.0035378660370895994,0.3701437143677049,0.0036920975059386786,0.0,0.0,0.0,0.0009240520335846063,omni
-8.389343866671886,11.666557863506442,1.765,0.0,0.0,0.0035563171374091373,0.3700606880183706,0.0036943049951328427,0.0,0.0,0.0,0.0009225550159769134,unicycle
-8.381941299681761,11.666658023614715,1.765,0.0,0.0,0.0035747789821307593,0.37014385301468994,0.0036882659578168294,0.0,0.0,0.0,0.0009230922360810919,omni
-8.374540395231687,11.666758356166758,1.765,0.0,0.0,0.0035932103743228365,0.37006082542091184,0.0036903581139274126,0.0,0.0,0.0,0.0009215696096038429,unicycle
-8.36713782893251,11.66685870835757,1.765,0.0,0.0,0.0036116519407558842,0.3701439888486246,0.0036842180924058095,0.0,0.0,0.0,0.0009220783216523696,omni
-8.35973692519243,11.66695923052327,1.765,0.0,0.0,0.003630062557122221,0.3700609600342903,0.003686197467352683,0.0,0.0,0.0,0.0009205308183168658,unicycle
-8.352334359624326,11.667059770271365,1.765,0.0,0.0,0.0036484827901990115,0.3701441219045813,0.0036799593593502093,0.0,0.0,0.0,0.0009210116538395214,omni
-8.344933456633749,11.667160477567803,1.765,0.0,0.0,0.00366687159000758,0.3700610918913489,0.0036818284541242276,0.0,0.0,0.0,0.00091943999042843,unicycle
-8.337530891835916,11.667261200439281,1.765,0.0,0.0,0.0036852694613745854,0.3701442522139463,0.003675495097040841,0.0,0.0,0.0,0.0009198935683502756,omni
-8.330129989633459,11.667362088474087,1.765,0.0,0.0,0.003703635430308914,0.37006122102200534,0.003677256362700233,0.0,0.0,0.0,0.000918298446716445,unicycle
-8.322727425644217,11.667462990124603,1.765,0.0,0.0,0.003722009937780973,0.37014437980581233,0.0036708305348012063,0.0,0.0,0.0,0.0009187253736029462,omni
-8.31532652426764,11.667564054594184,1.765,0.0,0.0,0.0037403520874002283,0.3700613474544177,0.0036724863734480333,0.0,0.0,0.0,0.0009171074809627705,unicycle
-8.307923961124468,11.6676651307672,1.765,0.0,0.0,0.0037587022544254374,0.37014450470795174,0.0036659707950305663,0.0,0.0,0.0,0.0009175083512604713,omni
-8.300523060610713,11.667766367455002,1.765,0.0,0.0,0.0037770196216350737,0.3700614712157935,0.0036675235607679336,0.0,0.0,0.0,0.0009158683604818073,unicycle
-8.29312049835028,11.66786761398006,1.765,0.0,0.0,0.003795344496770166,0.37014462694748596,0.0036609208953047863,0.0,0.0,0.0,0.0009162437567546095,omni
-8.28571959873549,11.667969018754855,1.765,0.0,0.0,0.0038136361433029537,0.3700615923329417,0.0036623728951750934,0.0,0.0,0.0,0.0009145823266393658,unicycle
-8.278317037393668,11.668070431545896,1.765,0.0,0.0,0.0038319347996989615,0.3701447465513389,0.00365568575043555,0.0,0.0,0.0,0.0009149328198004035,omni
-8.270916138713195,11.668172000360116,1.765,0.0,0.0,0.0038501998116061966,0.3700617108326429,0.003657039245340622,0.0,0.0,0.0,0.0009132505953617486,unicycle
-8.263513578325071,11.668273575413819,1.765,0.0,0.0,0.0038684713465042156,0.37014486354653625,0.003650270174490037,0.0,0.0,0.0,0.0009135767449009267,omni
-8.256112680613489,11.668375304301911,1.765,0.0,0.0,0.0038867088336569217,0.3700618267418883,0.00365152738009328,0.0,0.0,0.0,0.0009118743576352858,unicycle
-8.248710121213364,11.668477037696077,1.765,0.0,0.0,0.0039049523678937716,0.3701449779603949,0.003644678882770817,0.0,0.0,0.0,0.0009121767118424991,omni
-8.241309224504464,11.668578922772898,1.765,0.0,0.0,0.003923161463493699,0.37006194008802773,0.003645841970381752,0.0,0.0,0.0,0.0009104547799963005,unicycle
-8.233906666125865,11.668680810664855,1.765,0.0,0.0,0.0039413761410173045,0.3701450898206352,0.003638916493757213,0.0,0.0,0.0,0.0009107338761803973,omni
-8.226505770452675,11.66878284812409,1.765,0.0,0.0,0.003959556001117539,0.370062050898853,0.0036399875911989196,0.0,0.0,0.0,0.0009089930050117186,unicycle
-8.219103213128346,11.668884886749137,1.765,0.0,0.0,0.003977740988511845,0.37014519915544103,0.003632987531009108,0.0,0.0,0.0,0.0009092493697152558,omni
-8.211702318523107,11.66898707286176,1.765,0.0,0.0,0.003995890791546852,0.3700621592026374,0.003633968723468823,0.0,0.0,0.0,0.0009074901517503914,unicycle
-8.204299762285022,11.669089258531628,1.765,0.0,0.0,0.004014045277566058,0.3701453059934821,0.0036268964250336503,0.0,0.0,0.0,0.000907724300960263,omni
-8.19689886877921,11.66919158964438,1.765,0.0,0.0,0.004032164223890964,0.37006226502814465,0.0036277897558967243,0.0,0.0,0.0,0.0009059473162453506,unicycle
-8.189496313658559,11.669293918745746,1.765,0.0,0.0,0.004050287419002952,0.3701454103639125,0.003620647515115397,0.0,0.0,0.0,0.0009061597555993752,omni
-8.182095421282874,11.669396391279653,1.765,0.0,0.0,0.004068374730441897,0.3700623684046178,0.0036214549867832407,0.0,0.0,0.0,0.0009043655719471684,unicycle
-8.174692867310078,11.66949886027266,1.765,0.0,0.0,0.00408646586638063,0.37014551229635057,0.0036142450511114166,0.0,0.0,0.0,0.0009045567969366442,omni
-8.167291976094448,11.669601470721567,1.765,0.0,0.0,0.004104520785783997,0.3700624693617536,0.0036149686258033623,0.0,0.0,0.0,0.0009027459701684185,unicycle
-8.159889423299154,11.669704076138382,1.765,0.0,0.0,0.004122579115110735,0.3701456118208505,0.0036076931952107503,0.0,0.0,0.0,0.0009029164663367936,omni
-8.152488533272736,11.669806821067533,1.765,0.0,0.0,0.004140600905921128,0.37006256792966985,0.003608334795750476,0.0,0.0,0.0,0.0009010895405196551,unicycle
-8.145085981683815,11.669909559510945,1.765,0.0,0.0,0.004158625701594275,0.3701457089678652,0.0036009960236603102,0.0,0.0,0.0,0.0009012397836573314,omni
-8.137685092875,11.670012435555577,1.765,0.0,0.0,0.00417661364742101,0.37006266413886635,0.0036015575342470056,0.0,0.0,0.0,0.0008993972913368216,unicycle
-8.130282542520554,11.670115303697594,1.765,0.0,0.0,0.0041946042023744525,0.3701458037682066,0.003594157528456943,0.0,0.0,0.0,0.0008995277476721474,omni
-8.122881654956963,11.670218307561562,1.765,0.0,0.0,0.004212557606576458,0.37006275802018407,0.003594640795421307,0.0,0.0,0.0,0.000897670210100324,unicycle
-8.115479105864328,11.670321302142064,1.765,0.0,0.0,0.0042305132333061955,0.37014589625300404,0.003587181619006248,0.0,0.0,0.0,0.0008977813364868845,omni
-8.108078219572821,11.670424430596496,1.765,0.0,0.0,0.004248431418583115,0.37006284960476293,0.0035875884515518806,0.0,0.0,0.0,0.0008959092638459668,unicycle
-8.100675671768567,11.670527548421898,1.765,0.0,0.0,0.004266351448742041,0.37014598645366154,0.0035800721237494245,0.0,0.0,0.0,0.0008960015079462292,omni
-8.093274786775243,11.670630798303872,1.765,0.0,0.0,0.0042842337567333974,0.37006293892399933,0.003580404294679812,0.0,0.0,0.0,0.000894115399567871,unicycle
-8.085872240285179,11.670734036245815,1.765,0.0,0.0,0.004302117540734062,0.37014607440181585,0.003572832791758308,0.0,0.0,0.0,0.0008941892000332736,omni
-8.078471356615383,11.670837404457066,1.765,0.0,0.0,0.004319963331626334,0.3700630260095046,0.0035730920381896003,0.0,0.0,0.0,0.0008922895446135904,unicycle
-8.071068811464562,11.670940759451144,1.765,0.0,0.0,0.004337810238251558,0.37014616012929624,0.0035654672942992648,0.0,0.0,0.0,0.0008923453312611164,omni
-8.063667929142884,11.671044242956787,1.765,0.0,0.0,0.004355618890392987,0.37006311089306554,0.0035656553183592535,0.0,0.0,0.0,0.0008904326070714809,unicycle
-8.056265385355612,11.67114771200128,1.765,0.0,0.0,0.004373428306414121,0.3701462436680847,0.0035579792263667753,0.0,0.0,0.0,0.000890470801056758,omni
-8.048864504405904,11.671251307828577,1.765,0.0,0.0,0.0043911992159371286,0.37006319360660483,0.003558097695880243,0.0,0.0,0.0,0.000888545476150445,unicycle
-8.041461962005737,11.671354887983226,1.765,0.0,0.0,0.004408970545739879,0.3701463250502776,0.0035503721081870184,0.0,0.0,0.0,0.0008885664901375233,omni
-8.034061082451105,11.67145859322035,1.765,0.0,0.0,0.004426703126190927,0.3700632741821447,0.0035504226573476344,0.0,0.0,0.0,0.0008866290225524178,unicycle
-8.026658541460865,11.671562281605148,1.765,0.0,0.0,0.004444435791408531,0.37014640430805107,0.003542649386691904,0.0,0.0,0.0,0.000886633260880211,omni
-8.019257663323687,11.6716660934,1.765,0.0,0.0,0.004462129473385281,0.37006335265177187,0.0035426336167211866,0.0,0.0,0.0,0.0008846840988374526,unicycle
-8.011855123765462,11.671769887194005,1.765,0.0,0.0,0.004479822912538941,0.37014648147362544,0.0035348144369648196,0.0,0.0,0.0,0.0008846719576829344,omni
-8.004454247067388,11.671873802753025,1.765,0.0,0.0,0.004497477143334577,0.3700634290476034,0.0035347339167582045,0.0,0.0,0.0,0.0008827115397817404,unicycle
-7.997051708962543,11.671977699193203,1.765,0.0,0.0,0.004515130811480976,0.3701465565792336,0.0035268705636578405,0.0,0.0,0.0,0.0008826834073199756,omni
-7.989650833724502,11.672081715780235,1.765,0.0,0.0,0.00453274505473555,0.3700635034017565,0.0035267268304181856,0.0,0.0,0.0,0.0008807121627286447,unicycle
-7.982248297093682,11.672185712160319,1.765,0.0,0.0,0.004550358423121343,0.3701466296570904,0.00351882100238152,0.0,0.0,0.0,0.0008806684192896757,omni
-7.974847423335893,11.672289827095467,1.765,0.0,0.0,0.004567932158479998,0.37006357574631776,0.00351861556224018,0.0,0.0,0.0,0.000878686767932829,unicycle
-7.967444888199037,11.672393920764838,1.765,0.0,0.0,0.004585504714203109,0.370146700739364,0.0035106689210672097,0.0,0.0,0.0,0.0008786277861555098,omni
-7.960044015941018,11.67249813142337,1.765,0.0,0.0,0.0046030374369810615,0.3700636461133164,0.00351040324969316,0.0,0.0,0.0,0.0008766361388976983,unicycle
-7.95264148231736,11.672602319785971,1.765,0.0,0.0,0.004620568682658672,0.37014676985814876,0.0035024174213033484,0.0,0.0,0.0,0.0008765622838805503,omni
-7.945240611577933,11.672706623597225,1.765,0.0,0.0,0.0046380599035127975,0.37006371453469655,0.0035020929645003733,0.0,0.0,0.0,0.0008745610427062894,unicycle
-7.937838079486018,11.672810904110477,1.765,0.0,0.0,0.004655549356955907,0.37014683704543977,0.0034940695396452567,0.0,0.0,0.0,0.0008744726721553903,omni
-7.93043721028332,11.672915298556807,1.765,0.0,0.0,0.004672998601562819,0.3700637810422948,0.0034936877139374353,0.0,0.0,0.0,0.0008724622303456256,unicycle
-7.923034679741007,11.673019668730563,1.765,0.0,0.0,0.004690445795457209,0.37014690233311004,0.0034856282488994264,0.0,0.0,0.0,0.0008723596947196201,omni
-7.915633812092496,11.673124151346288,1.765,0.0,0.0,0.004707852604197706,0.3700638456678155,0.003485190442105357,0.0,0.0,0.0,0.000870340437024782,unicycle
-7.908231283116971,11.6732286087418,1.765,0.0,0.0,0.0047252570857912474,0.3701469657528873,0.0034770964593830327,0.0,0.0,0.0,0.0008702240796770824,omni
-7.9008304170394394,11.673333177112186,1.765,0.0,0.0,0.004742621013440982,0.3700639084428103,0.003476604031178799,0.0,0.0,0.0,0.0008681963824867587,unicycle
-7.893427889647224,11.673437719341093,1.765,0.0,0.0,0.004759982344237081,0.3701470273363341,0.0034684770201586254,0.0,0.0,0.0,0.0008680665398049697,omni
-7.886027025156805,11.673542371101345,1.765,0.0,0.0,0.004777302959663366,0.370063969398658,0.0034679313026297325,0.0,0.0,0.0,0.0008660307713142571,unicycle
-7.878624499363763,11.673646995824681,1.765,0.0,0.0,0.004794620715120502,0.3701470871148284,0.00345977272024466,0.0,0.0,0.0,0.0008658877728568448,omni
-7.871223636475941,11.67375172865896,1.765,0.0,0.0,0.00481189760098509,0.37006402856654563,0.0034591750184272104,0.0,0.0,0.0,0.0008638442932293902,unicycle
-7.863821112297293,11.673856433586177,1.765,0.0,0.0,0.004829171370222283,0.37014714511954516,0.0034509862898023987,0.0,0.0,0.0,0.0008636884618596967,omni
-7.856420251026914,11.673961245226641,1.765,0.0,0.0,0.0048464041226900356,0.3700640859774516,0.0034503378822138475,0.0,0.0,0.0,0.000861637623387603,unicycle
-7.849017728477244,11.674066028114664,1.765,0.0,0.0,0.004863633508198141,0.3701472013814408,0.0034421204012999606,0.0,0.0,0.0,0.0008614692754053076,omni
-7.841616868838525,11.674170916340518,1.765,0.0,0.0,0.004880821736651461,0.3700641416621297,0.0034414225404595716,0.0,0.0,0.0,0.0008594114226659715,unicycle
-7.83421434793179,11.674275774992804,1.765,0.0,0.0,0.0048980063540101796,0.37014725593123665,0.0034331776706536463,0.0,0.0,0.0,0.0008592308679359499,omni
-7.82681348993833,11.674380737629374,1.765,0.0,0.0,0.0049151496807690945,0.3700641956510934,0.0034324315835926812,0.0,0.0,0.0,0.0008571663379457354,unicycle
-7.819410970687875,11.674485669894993,1.765,0.0,0.0,0.0049322891583695825,0.3701473087994053,0.003424160658346699,0.0,0.0,0.0,0.0008569738800243646,omni
-7.812010114352663,11.674590704812815,1.765,0.0,0.0,0.004949387218417367,0.3700642479746033,0.003423367547108623,0.0,0.0,0.0,0.0008549030023892689,unicycle
-7.804607596771225,11.674695708585556,1.765,0.0,0.0,0.004966481197190333,0.37014736001615767,0.0034150718705262127,0.0,0.0,0.0,0.0008546989386483065,omni
-7.797206742106653,11.674800813699488,1.765,0.0,0.0,0.004983533637904568,0.37006429866265406,0.003414232912657284,0.0,0.0,0.0,0.0008526220357117362,unicycle
-7.789804226206374,11.67490588691698,1.765,0.0,0.0,0.005000581771053765,0.37014740961143067,0.003405913760078958,0.0,0.0,0.0,0.0008524066574598195,omni
-7.782403373224245,11.675011060185325,1.765,0.0,0.0,0.005017588251942715,0.3700643477449625,0.0034050301091092523,0.0,0.0,0.0,0.0008503240444474931,unicycle
-7.775000859016684,11.67511620082816,1.765,0.0,0.0,0.005034590204683699,0.37014745761487583,0.003396688727686055,0.0,0.0,0.0,0.0008500976370492,omni
-7.767600007728225,11.675221440251814,1.765,0.0,0.0,0.005051550397127921,0.3700643952509571,0.0033957615136010018,0.0,0.0,0.0,0.0008480096222111038,unicycle
-7.760197495224368,11.675326646342711,1.765,0.0,0.0,0.005068505846431997,0.3701475040558498,0.0033873991228568733,0.0,0.0,0.0,0.0008477724652037255,omni
-7.75279664533133,11.675431949968521,1.765,0.0,0.0,0.005085419433431065,0.37006445665605103,0.0033864295843176536,0.0,0.0,0.0,0.0008456793499534088,unicycle
-7.745394133294229,11.675537219584529,1.765,0.0,0.0,0.005102328066693245,0.3701476113343023,0.003378047579346729,0.0,0.0,0.0,0.0008454316631089676,omni
-7.737993282853179,11.675642585512671,1.765,0.0,0.0,0.005119194739873776,0.3700646142226368,0.0033770367973425513,0.0,0.0,0.0,0.0008433336590265052,unicycle
-7.730590769649032,11.675747916770801,1.765,0.0,0.0,0.005136056254110593,0.37014779929387076,0.0033686362152303886,0.0,0.0,0.0,0.0008430757118409219,omni
-7.723189917696219,11.675853343132232,1.765,0.0,0.0,0.005152875717306747,0.37006481896592053,0.003367585157676024,0.0,0.0,0.0,0.0008409731598077507,unicycle
-7.715787402849951,11.675958734180092,1.765,0.0,0.0,0.005169689822382221,0.37014800999775016,0.0033591670707119356,0.0,0.0,0.0,0.0008407052537736868,omni
-7.708386549259822,11.676064219138537,1.765,0.0,0.0,0.005186461791652331,0.3700650289764249,0.0033580767308620985,0.0,0.0,0.0,0.0008385984635054646,unicycle
-7.700984032889621,11.676169668158009,1.765,0.0,0.0,0.00520322820916858,0.37014821378360757,0.0033496422218139347,0.0,0.0,0.0,0.0008383208758125099,omni
-7.6935831779441335,11.676275209912596,1.765,0.0,0.0,0.005219952411895473,0.37006522387971097,0.0033485135986966942,0.0,0.0,0.0,0.0008362101363447084,unicycle
-7.68618066043609,11.67638071512166,1.765,0.0,0.0,0.005236670874456461,0.3701483972576587,0.0033400637455488938,0.0,0.0,0.0,0.000835923128049328,omni
-7.678779804581325,11.67648631190809,1.765,0.0,0.0,0.005253347048738818,0.3700653954711646,0.003338897832054101,0.0,0.0,0.0,0.0008338087141179108,unicycle
-7.67137728640955,11.676591871561474,1.765,0.0,0.0,0.00527001729944057,0.37014855602073715,0.0033304336989171067,0.0,0.0,0.0,0.0008335125350876201,omni
-7.663976430124764,11.676697521652299,1.765,0.0,0.0,0.0052866451936601794,0.3700655420939675,0.0033292314748260585,0.0,0.0,0.0,0.0008313947109804732,unicycle
-7.656573911757919,11.676803134041487,1.765,0.0,0.0,0.005303266985717313,0.37014869034740416,0.0033207541067859997,0.0,0.0,0.0,0.000831089602856728,omni
-7.649173055490579,11.67690883574589,1.765,0.0,0.0,0.005319846358211653,0.3700656653398532,0.003319516534922322,0.0,0.0,0.0,0.0008289686247169414,unicycle
-7.6417705373484015,11.677014499198718,1.765,0.0,0.0,0.0053364194546650645,0.37014880268609984,0.00331102695535018,0.0,0.0,0.0,0.000828654822670632,omni
-7.634369681486755,11.677120250861984,1.765,0.0,0.0,0.00535295007346228,0.3700657681723084,0.0033097549796535257,0.0,0.0,0.0,0.0008265309398608043,unicycle
-7.626967163924456,11.677225963742048,1.765,0.0,0.0,0.005369474246934666,0.37014889626580966,0.003301254189006767,0.0,0.0,0.0,0.0008262086736192769,omni
-7.619566308790499,11.677331763744917,1.765,0.0,0.0,0.0053859558895251155,0.3700658539065094,0.0032999487337559675,0.0,0.0,0.0,0.000824082129522466,unicycle
-7.612163792097821,11.677437524450859,1.765,0.0,0.0,0.005402430922004371,0.37014897436252797,0.0032914377092561706,0.0,0.0,0.0,0.000823751623962801,omni
-7.604762937950566,11.677543371208781,1.765,0.0,0.0,0.005418863375133387,0.37006592569424757,0.0032900996789526093,0.0,0.0,0.0,0.0008216226564507384,unicycle
-7.5973604223578475,11.677649178173553,1.765,0.0,0.0,0.0054352890577721745,0.37014903994942655,0.0032815793747524432,0.0,0.0,0.0,0.0008212841319393479,omni
-7.589959569401121,11.677755070135948,1.765,0.0,0.0,0.005451672117245136,0.37006598629789744,0.0032802096543618126,0.0,0.0,0.0,0.0008191529736480405,unicycle
-7.582557055088038,11.67786092182606,1.765,0.0,0.0,0.005468048250169845,0.3701490955624955,0.0032716810019670015,0.0,0.0,0.0,0.0008188066462355056,omni
-7.575156203479617,11.677966857475564,1.765,0.0,0.0,0.005484381720664496,0.37006603802295374,0.003270280457338302,0.0,0.0,0.0,0.0008166735247325487,unicycle
-7.567753690584323,11.678072752390346,1.765,0.0,0.0,0.005500708112789872,0.37014914328098153,0.0032617443661455813,0.0,0.0,0.0,0.0008163196062688472,omni
-7.560352840444799,11.678178730242093,1.765,0.0,0.0,0.005516991807673123,0.37006608273190916,0.0032603138445026223,0.0,0.0,0.0,0.0008141847441625334,unicycle
-7.552950329072336,11.678284666912983,1.765,0.0,0.0,0.005533268276520543,0.37014918476378683,0.003251771202375658,0.0,0.0,0.0,0.000813823442370879,omni
-7.5455494804929595,11.678390685513897,1.765,0.0,0.0,0.005549502017668342,0.3700661218950135,0.0032503115328232977,0.0,0.0,0.0,0.0008116870573900675,unicycle
-7.538146970722481,11.678496662503745,1.765,0.0,0.0,0.005565728389186768,0.37014922130856037,0.0032417632066645457,0.0,0.0,0.0,0.0008113185759212388,omni
-7.530746123771753,11.678602720431853,1.765,0.0,0.0,0.005581912006806414,0.37006615665331155,0.003240275200680552,0.0,0.0,0.0,0.0008091808809823676,unicycle
-7.523343615662478,11.67870873633426,1.765,0.0,0.0,0.005598088115195648,0.3701492539155581,0.0032317220369796474,0.0,0.0,0.0,0.0008088054194617146,omni
-7.515942770391481,11.678814832198045,1.765,0.0,0.0,0.005614221447650286,0.37006618788115936,0.0032302064888796653,0.0,0.0,0.0,0.0008066666227319007,unicycle
-7.508540263987451,11.678920885636714,1.765,0.0,0.0,0.005630347135186394,0.37014928334736796,0.003221649314230987,0.0,0.0,0.0,0.0008062843768054221,omni
-7.501139420434067,11.679027018074477,1.765,0.0,0.0,0.005646430028821717,0.37006621624224806,0.0032201070016028024,0.0,0.0,0.0,0.0008041446817661094,unicycle
-7.49373691576786,11.679133107702588,1.765,0.0,0.0,0.005662505145684687,0.3701493101807204,0.0032115466231909936,0.0,0.0,0.0,0.0008037558431485259,omni
-7.48633607396004,11.679239275381837,1.765,0.0,0.0,0.005678537454657917,0.3700662422369751,0.0032099783072991987,0.0,0.0,0.0,0.0008016154486614857,unicycle
-7.478933571055637,11.679345399881448,1.765,0.0,0.0,0.005694561858761668,0.37014933484939827,0.003201415513355301,0.0,0.0,0.0,0.0008012202051875063,omni
-7.471532731013898,11.679451601498291,1.765,0.0,0.0,0.005710543444872946,0.370066266241012,0.003199821939519554,0.0,0.0,0.0,0.0007990793055639225,unicycle
-7.464130229888851,11.679557759579744,1.765,0.0,0.0,0.005726517001697804,0.37014935767867324,0.003191257499751276,0.0,0.0,0.0,0.0007986778412428478,omni
-7.456729391628155,11.679663993858325,1.765,0.0,0.0,0.005742447734224109,0.3700662885358768,0.003189639397702068,0.0,0.0,0.0,0.0007965366263152433,unicycle
-7.449326892295224,11.679770184259683,1.765,0.0,0.0,0.005758370316651878,0.3701493789123136,0.003181074063702257,0.0,0.0,0.0,0.0007961291213885018,omni
-7.441926055826396,11.679876449951601,1.765,0.0,0.0,0.005774250072183579,0.3700663093326896,0.0031794321479176836,0.0,0.0,0.0,0.0007939877765850126,unicycle
-7.434523558294761,11.67998267143808,1.765,0.0,0.0,0.0057901215603353,0.3701493987333995,0.0031708666535540664,0.0,0.0,0.0,0.0007935744075860779,omni
-7.427122723625531,11.68008896732185,1.765,0.0,0.0,0.00580595022261543,0.3700663287903486,0.00316920162358076,0.0,0.0,0.0,0.0007914331140065008,unicycle
-7.419720227901692,11.68019521868528,1.765,0.0,0.0,0.005821770503691884,0.3701494172801454,0.003160636685370096,0.0,0.0,0.0,0.0007910140538226762,omni
-7.412319395037469,11.680301543565786,1.765,0.0,0.0,0.005837547963458201,0.3700663470292649,0.0031589492261312976,0.0,0.0,0.0,0.000788872988315839,unicycle
-7.404916901125908,11.68040782362408,1.765,0.0,0.0,0.005853316931583227,0.3701494346577914,0.0031503855436007303,0.0,0.0,0.0,0.0007884484062512497,omni
-7.397516070070344,11.68051417633205,1.765,0.0,0.0,0.005869043086413086,0.3700663641416348,0.0031486763256935555,0.0,0.0,0.0,0.0007863077414929443,unicycle
-7.3901135779740095,11.680620483928685,1.765,0.0,0.0,0.005884760642479732,0.37014945094745966,0.003140114581730722,0.0,0.0,0.0,0.00078587780333228,omni
-7.382712748729411,11.680726863320176,1.765,0.0,0.0,0.0059004353966378015,0.3700663801990593,0.0031383842617141665,0.0,0.0,0.0,0.0007837377079035156,unicycle
-7.375310258450071,11.680833197323674,1.765,0.0,0.0,0.005916101448157325,0.3701494662126963,0.003129825122907592,0.0,0.0,0.0,0.000783302575976095,omni
-7.367909431017707,11.68093960227957,1.765,0.0,0.0,0.0059317247124461465,0.3700663952581516,0.003128074343582543,0.0,0.0,0.0,0.0007811632144411497,unicycle
-7.360506942556205,11.68104596158301,1.765,0.0,0.0,0.005947339173399846,0.3701494805042716,0.00311951846055339,0.0,0.0,0.0,0.0007807230476850011,omni
-7.353106116936522,11.681152391008522,1.765,0.0,0.0,0.005962910865013229,0.3700664093646408,0.003117747851235703,0.0,0.0,0.0,0.0007785845806691195,unicycle
-7.345703630292966,11.681258774529045,1.765,0.0,0.0,0.005978473655707123,0.3701494938636826,0.003109195858961933,0.0,0.0,0.0,0.0007781395346947345,omni
-7.338302806485747,11.681365227353234,1.765,0.0,0.0,0.005993993698086344,0.3700664225563562,0.0031074060357492096,0.0,0.0,0.0,0.0007760021189610352,unicycle
-7.330900321659644,11.681471634031562,1.765,0.0,0.0,0.006009504745008637,0.3701495063256932,0.00309885855388254,0.0,0.0,0.0,0.0007755523461146574,omni
-7.323499499664127,11.681578109206855,1.765,0.0,0.0,0.006024973067701443,0.37006643486538804,0.0030970501199150454,0.0,0.0,0.0,0.0007734161346403093,unicycle
-7.31609701665448,11.68168453800683,1.765,0.0,0.0,0.006040432303382775,0.3701495179201703,0.0030885077530911904,0.0,0.0,0.0,0.0007729617840665557,omni
-7.308696196469441,11.68179103450856,1.765,0.0,0.0,0.006055848841905131,0.3700664463196457,0.0030866812988074644,0.0,0.0,0.0,0.0007708269261178767,unicycle
-7.301293715274828,11.681897484416679,1.765,0.0,0.0,0.006071256204781563,0.37014952867340467,0.0030781446369502626,0.0,0.0,0.0,0.0007703681438215942,omni
-7.2938928968986465,11.682004001242627,1.765,0.0,0.0,0.0060866209004821255,0.37006645694397633,0.003076300740337562,0.0,0.0,0.0,0.0007682347850281408,unicycle
-7.286490417517269,11.682110471267581,1.765,0.0,0.0,0.006101976334760832,0.3701495386090578,0.0030677703589568803,0.0,0.0,0.0,0.0007677717139353645,omni
-7.279089600947969,11.682217007437535,1.765,0.0,0.0,0.006117289134688088,0.37006646676096544,0.0030659095857966086,0.0,0.0,0.0,0.0007656399963627696,unicycle
-7.271687123377697,11.682323496609786,1.765,0.0,0.0,0.006132592590215706,0.3701495477488384,0.0030573860462803676,0.0,0.0,0.0,0.0007651727763808261,omni
-7.264286308612987,11.68243005116509,1.765,0.0,0.0,0.0061478534469877584,0.3700664757915089,0.0030555089503888125,0.0,0.0,0.0,0.0007630428386026073,unicycle
-7.256883832851386,11.682536558536425,1.765,0.0,0.0,0.0061631048791213425,0.37014955611298533,0.0030469928002894516,0.0,0.0,0.0,0.0007625716066791687,omni
-7.249483019888684,11.682643130539562,1.765,0.0,0.0,0.006178313750798284,0.37006648405521947,0.0030450999237539296,0.0,0.0,0.0,0.0007604435838470812,unicycle
-7.242080545933037,11.682749655182668,1.765,0.0,0.0,0.00619351312027885,0.3701495637206102,0.003036591697069319,0.0,0.0,0.0,0.0007599684740282459,omni
-7.234679734769491,11.682856243716834,1.765,0.0,0.0,0.006208669970237682,0.37006649157071575,0.003034683570479661,0.0,0.0,0.0,0.0007578424979415616,unicycle
-7.227277262616822,11.682962784724888,1.765,0.0,0.0,0.006223817243066259,0.3701495705899409,0.0030261837879283753,0.0,0.0,0.0,0.0007573636414289325,omni
-7.219876453249328,11.68306938889357,1.765,0.0,0.0,0.006238922039878307,0.37006649835582783,0.003024260930603917,0.0,0.0,0.0,0.0007552398406023788,unicycle
-7.212473982896412,11.68317594537982,1.765,0.0,0.0,0.006254017187194487,0.3701495767384957,0.0030157700998952215,0.0,0.0,0.0,0.0007547573658090745,omni
-7.205073175321627,11.683282564306408,1.765,0.0,0.0,0.006269069904505277,0.3700665044277438,0.0030138330201076313,0.0,0.0,0.0,0.0007526358655394989,unicycle
-7.19767070676501,11.68338913540378,1.765,0.0,0.0,0.006284112902468181,0.3701495821832052,0.003005351636206521,0.0,0.0,0.0,0.0007521498981451777,omni
-7.190269900979363,11.683495768231156,1.765,0.0,0.0,0.006299113518879722,0.370066509803112,0.0030034008313982756,0.0,0.0,0.0,0.0007500308205770358,unicycle
-7.182867434215364,11.68360235309186,1.765,0.0,0.0,0.00631410434855136,0.37014958694050004,0.0029949293767850722,0.0,0.0,0.0,0.0007495414835818891,omni
-7.175466630215068,11.683708998982011,1.765,0.0,0.0,0.006329052847506788,0.3700665144981157,0.0029929653337836806,0.0,0.0,0.0,0.0007474249477714314,unicycle
-7.168064165239793,11.683815596777157,1.765,0.0,0.0,0.006343991494737771,0.37014959102637324,0.0029845042787087204,0.0,0.0,0.0,0.0007469323615491691,omni
-7.16066336302085,11.683922254910796,1.765,0.0,0.0,0.006358887864408321,0.37006651852852557,0.0029825274739369127,0.0,0.0,0.0,0.0007448184835274496,unicycle
-7.153260899830204,11.684028864830008,1.765,0.0,0.0,0.006373774319725865,0.3701495944564252,0.002974077276670321,0.0,0.0,0.0,0.000744322765877261,omni
-7.145860099388419,11.684135534406202,1.765,0.0,0.0,0.006388618552900101,0.37006652190973804,0.002972088176352127,0.0,0.0,0.0,0.0007422116587118731,unicycle
-7.138457637978107,11.68424215565726,1.765,0.0,0.0,0.006403452811398289,0.3701495972458957,0.0029636492834286365,0.0,0.0,0.0,0.0007417129249094093,omni
-7.131056839309093,11.68434883589306,1.765,0.0,0.0,0.006418244905373592,0.37006652465680206,0.0029616483437914713,0.0,0.0,0.0,0.0007396046987650839,unicycle
-7.123654379674631,11.684455467701527,1.765,0.0,0.0,0.006433026966605841,0.37014959940968756,0.0029532211902505057,0.0,0.0,0.0,0.0007391030616124493,omni
-7.116253582773814,11.684562157831602,1.765,0.0,0.0,0.006447766923082049,0.3700665267844406,0.0029512088577232603,0.0,0.0,0.0,0.0007369978238104272,unicycle
-7.108851124910536,11.684668799440477,1.765,0.0,0.0,0.006462496790955753,0.37014960096238503,0.0029427938673441643,0.0,0.0,0.0,0.0007364933936851946,omni
-7.101450329773161,11.684775498716768,1.765,0.0,0.0,0.006477184615930981,0.37006652830706566,0.002940770578751575,0.0,0.0,0.0,0.0007343912487614493,unicycle
-7.0940478736762245,11.684882149386125,1.765,0.0,0.0,0.006491862298604276,0.3701496019182673,0.002932368164284548,0.0,0.0,0.0,0.0007338841336647664,omni
-7.086647080297368,11.684988857077503,1.765,0.0,0.0,0.0065064980022728185,0.3700665292387904,0.0029303343470378326,0.0,0.0,0.0,0.0007317851834271492,unicycle
-7.079244625961763,11.68509551608416,1.765,0.0,0.0,0.006521123512053436,0.3701496022913184,0.0029219449104302053,0.0,0.0,0.0,0.0007312754890309145,omni
-7.071843834336336,11.685202231476078,1.765,0.0,0.0,0.00653570710870574,0.3700665295934385,0.0029199009827138704,0.0,0.0,0.0,0.0007291798326151469,unicycle
-7.064441381756888,11.685308898113258,1.765,0.0,0.0,0.006550280461951903,0.37014960209523645,0.0029115249153318446,0.0,0.0,0.0,0.0007286676623082076,omni
-7.05704059187964,11.685415620507419,1.765,0.0,0.0,0.006564811969876557,0.3700665293845517,0.002909471286286861,0.0,0.0,0.0,0.0007265753962327052,unicycle
-7.049638141051016,11.685522294084414,1.765,0.0,0.0,0.0065793331868998816,0.37014960134344066,0.0029011089691329674,0.0,0.0,0.0,0.000726060851166235,omni
-7.042237352916542,11.685629022798455,1.765,0.0,0.0,0.006593812628287602,0.370066528625397,0.002899046039036512,0.0,0.0,0.0,0.0007239720693860184,unicycle
-7.03483490383326,11.685735702640319,1.765,0.0,0.0,0.006608281733257961,0.3701496000490775,0.002890697842962963,0.0,0.0,0.0,0.0007234552485179765,omni
-7.02743411743601,11.685842437007476,1.765,0.0,0.0,0.006622709134107508,0.370066527328972,0.002888626003404528,0.0,0.0,0.0,0.0007213700424773727,unicycle
-7.02003167009244,11.68594912245469,1.765,0.0,0.0,0.006637126154959828,0.370149598225026,0.0028802922893220793,0.0,0.0,0.0,0.0007208510426160593,omni
-7.012630885426718,11.686055861823505,1.765,0.0,0.0,0.006651501544985837,0.3700665255080103,0.0028782119233762143,0.0,0.0,0.0,0.0007187695013004018,unicycle
-7.00522843981709,11.686162552231684,1.765,0.0,0.0,0.006665866513328782,0.3701495958839033,0.0028698930424592094,0.0,0.0,0.0,0.0007182484171472611,omni
-6.997827656877065,11.686269295965673,1.765,0.0,0.0,0.0066801899258714555,0.37006652317498634,0.0028678045248548565,0.0,0.0,0.0,0.0007161706271337023,unicycle
-6.990425212995476,11.686375990705255,1.765,0.0,0.0,0.0066945028768979585,0.370149593038069,0.002859500818742003,0.0,0.0,0.0,0.000715647551325187,omni
-6.983024431775184,11.686482738182624,1.765,0.0,0.0,0.006708774348834604,0.37006652034212056,0.00285740451602847,0.0,0.0,0.0,0.0007135735968322743,unicycle
-6.975621989615599,11.686589436638565,1.765,0.0,0.0,0.006723035321234221,0.37014958969963035,0.002849116317019727,0.0,0.0,0.0,0.0007130486199809136,omni
-6.96822121010895,11.686696187251911,1.765,0.0,0.0,0.006737254892892568,0.37006651702138316,0.002847012587729558,0.0,0.0,0.0,0.0007109785829173657,unicycle
-6.9608187696652095,11.686802888823404,1.765,0.0,0.0,0.0067514639287656105,0.37014958588044555,0.0028387402189793244,0.0,0.0,0.0,0.00071045179365212,omni
-6.953417991865992,11.686909641979426,1.765,0.0,0.0,0.006765631643838905,0.3700665132244982,0.002836629413787952,0.0,0.0,0.0,0.0007083857536646725,unicycle
-6.9460155531318195,11.68701634607961,1.765,0.0,0.0,0.006779788788612314,0.3701495815921285,0.002828373189494279,0.0,0.0,0.0,0.000707857238670396,omni
-6.938614777033705,11.687123101198818,1.765,0.0,0.0,0.006793904694076123,0.37006650896294824,0.0028262556513764733,0.0,0.0,0.0,0.0007057952731905285,unicycle
-6.931212340002707,11.687229807254495,1.765,0.0,0.0,0.006808009996421056,0.37014957684605326,0.002818015876966535,0.0,0.0,0.0,0.0007052651172467123,omni
-6.923811565599255,11.687336563770941,1.765,0.0,0.0,0.006822074142451791,0.37006650424797854,0.00281589194134994,0.0,0.0,0.0,0.0007032073015366389,unicycle
-6.916409130264929,11.687443271222305,1.765,0.0,0.0,0.006836127654202898,0.37014957165335743,0.002807668913662076,0.0,0.0,0.0,0.0007026755875553992,omni
-6.909008357549593,11.687550028583304,1.765,0.0,0.0,0.006850140094097958,0.37006649909060046,0.002805538908577645,0.0,0.0,0.0,0.0007006219947530468,unicycle
-6.901605923905332,11.687656736883667,1.765,0.0,0.0,0.006864141870174285,0.3701495660249467,0.0027973329160395238,0.0,0.0,0.0,0.0007000888038163585,omni
-6.894205152871461,11.687763494549536,1.765,0.0,0.0,0.006878102660273875,0.3700664935015958,0.0027951971622690395,0.0,0.0,0.0,0.000698039504979504,unicycle
-6.886802720910555,11.687870203165069,1.765,0.0,0.0,0.00689205275860139,0.37014955997149834,0.0027870084850725218,0.0,0.0,0.0,0.0006975049163757091,omni
-6.879401951551401,11.687976960608854,1.765,0.0,0.0,0.006905961958211895,0.3700664874915206,0.0027848672962932077,0.0,0.0,0.0,0.0006954599805252215,unicycle
-6.871999521267047,11.688083669018322,1.765,0.0,0.0,0.00691986043964759,0.3701495535034653,0.002776696206565612,0.0,0.0,0.0,0.0006949240717847901,omni
-6.864598753575771,11.688190425725548,1.765,0.0,0.0,0.006933718110966529,0.3700664810707088,0.0027745498894919257,0.0,0.0,0.0,0.0006928835659469856,unicycle
-6.857196324961071,11.688297133420058,1.765,0.0,0.0,0.006947565039224082,0.3701495466310801,0.0027663966514640003,0.0,0.0,0.0,0.0006923464128776127,omni
-6.84979555893074,11.68840388888848,1.765,0.0,0.0,0.0069613712472666005,0.37006647424927686,0.0027642455059867467,0.0,0.0,0.0,0.0006903104021258456,unicycle
-6.842393131978714,11.688510595371229,1.765,0.0,0.0,0.006975166688843537,0.3701495393643589,0.0027561103761574324,0.0,0.0,0.0,0.0006897720788468886,omni
-6.834992367602313,11.688617349110578,1.765,0.0,0.0,0.006988921501370384,0.3700664670371266,0.0027539546954799938,0.0,0.0,0.0,0.0006877406263423254,unicycle
-6.827589942305891,11.688724053896612,1.765,0.0,0.0,0.007002665525476753,0.3701495317131051,0.002745837922777619,0.0,0.0,0.0,0.0006872012053185292,omni
-6.8201891795763245,11.688830805428355,1.765,0.0,0.0,0.007016369012923754,0.37006645944394984,0.002743677993549641,0.0,0.0,0.0,0.0006851743723500507,unicycle
-6.812786755928362,11.68893750804433,1.765,0.0,0.0,0.007030061691412248,0.3701495236869129,0.0027355798194903117,0.0,0.0,0.0,0.0006846339244246339,omni
-6.805385994838456,11.689044256901433,1.765,0.0,0.0,0.007043713926821208,0.37006645147923145,0.0027334159219388012,0.0,0.0,0.0,0.0006826117704480242,unicycle
-6.79798357283173,11.689150956885372,1.765,0.0,0.0,0.0070573553341187105,0.37014951529517137,0.002725336580781476,0.0,0.0,0.0,0.0006820703648750807,omni
-6.790582813374237,11.689257702612068,1.765,0.0,0.0,0.007070956393069737,0.3700664431522536,0.002723168988839217,0.0,0.0,0.0,0.0006800529475513415,unicycle
-6.783180393001454,11.689364399513144,1.765,0.0,0.0,0.007084546606110288,0.37014950654706824,0.002715108707737658,0.0,0.0,0.0,0.0006795106520276441,omni
-6.775779635169058,11.689471141664702,1.765,0.0,0.0,0.007098096566655502,0.3700664344720988,0.0027129376891692073,0.0,0.0,0.0,0.0006774980272606675,unicycle
-6.768377216422858,11.689577835043,1.765,0.0,0.0,0.00711163566481464,0.3701494974515924,0.0027048966883211076,0.0,0.0,0.0,0.0006769549079568703,omni
-6.760976460208178,11.6896845731855,1.765,0.0,0.0,0.007125134607413247,0.3700664254476536,0.002702722504846302,0.0,0.0,0.0,0.0006749471299303282,unicycle
-6.753574043081136,11.689791262611802,1.765,0.0,0.0,0.007138622672443675,0.370149488017539,0.0026947009976393188,0.0,0.0,0.0,0.0006744032515214887,omni
-6.7461732884767285,11.689897996321923,1.765,0.0,0.0,0.007152070679898374,0.3700664160876124,0.0026925239050543995,0.0,0.0,0.0,0.0006724003727349138,unicycle
-6.738770872497995,11.6900046813808,1.765,0.0,0.0,0.0071655077949898185,0.37014950142228414,0.0026845220982094496,0.0,0.0,0.0,0.0006718557545721765,omni
-6.7313701180114265,11.690111410258217,1.765,0.0,0.0,0.007178904950158253,0.370066480649705,0.002682342445818272,0.0,0.0,0.0,0.0006698577584217276,unicycle
-6.723967701223133,11.690218090560245,1.765,0.0,0.0,0.00719229119942564,0.37014961202603747,0.002674360692273978,0.0,0.0,0.0,0.0006693124633694004,omni
-6.716566945353222,11.690324814217965,1.765,0.0,0.0,0.007205637588265065,0.3700666195778158,0.0026721787220627307,0.0,0.0,0.0,0.0006673194419712209,unicycle
-6.709164526884527,11.690431489374083,1.765,0.0,0.0,0.007218973059502984,0.37014976548105366,0.0026642171187662212,0.0,0.0,0.0,0.0006667735618959825,omni
-6.701763769218604,11.690538207423964,1.765,0.0,0.0,0.007232268771216039,0.37006677844955704,0.0026620329988421227,0.0,0.0,0.0,0.0006647855856527794,unicycle
-6.694361348983179,11.690644877046932,1.765,0.0,0.0,0.007245553555128836,0.3701499225652686,0.0026540916827861383,0.0,0.0,0.0,0.0006642391956399325,omni
-6.686960589661123,11.6907515891049,1.765,0.0,0.0,0.007258798681562997,0.3700669296417155,0.0026519056112287234,0.0,0.0,0.0,0.0006622563217080254,unicycle
-6.679558167949559,11.690858252813213,1.765,0.0,0.0,0.0072720328712961415,0.3701500644372704,0.002643984740201011,0.0,0.0,0.0,0.0006617094866572246,omni
-6.6721574073564325,11.69096495850219,1.765,0.0,0.0,0.007285227506577632,0.37006706089987923,0.0026417969299370207,0.0,0.0,0.0,0.0006597317640744604,unicycle
-6.664754984606821,11.69107161592224,1.765,0.0,0.0,0.00729841119743104,0.3701501837272876,0.0026338966707247016,0.0,0.0,0.0,0.000659184542670433,omni
-6.657354223203771,11.69117831487368,1.765,0.0,0.0,0.00731155543773955,0.3700671684252074,0.0026317073403702273,0.0,0.0,0.0,0.0006572120154255297,unicycle
-6.649951799879023,11.691284965640808,1.765,0.0,0.0,0.007324688726989462,0.37015027919957094,0.00262382786172681,0.0,0.0,0.0,0.0006566644624956194,omni
-6.642551038116118,11.691391657495394,1.765,0.0,0.0,0.007337782670416202,0.3700672527771195,0.0026216372302094284,0.0,0.0,0.0,0.0006546971713369688,unicycle
-6.635148614643777,11.691498301254331,1.765,0.0,0.0,0.007350865657200711,0.3701503526283194,0.0026137786988113354,0.0,0.0,0.0,0.0006541493392254575,omni
-6.627747852920104,11.69160498566222,1.765,0.0,0.0,0.007363909403654823,0.3700673165101747,0.002611586982343188,0.0,0.0,0.0,0.000652187322705611,unicycle
-6.620345429667545,11.69171162206716,1.765,0.0,0.0,0.007376942188895924,0.3701504070271549,0.002603749560586735,0.0,0.0,0.0,0.000651639262055047,omni
-6.6129446683175335,11.691818298687926,1.765,0.0,0.0,0.007389935840038265,0.37006736286294634,0.0026015569710681136,0.0,0.0,0.0,0.0006496825571170306,unicycle
-6.6055422455863235,11.691924927402402,1.765,0.0,0.0,0.007402918526384201,0.37015044569230166,0.002593740815971644,0.0,0.0,0.0,0.0006491343172968881,omni
-6.598141484879767,11.692031595904869,1.765,0.0,0.0,0.007415862185576009,0.3700673950728279,0.0025915475602415524,0.0,0.0,0.0,0.0006471829595904618,unicycle
-6.590739062909574,11.692138216601546,1.765,0.0,0.0,0.007428794877354413,0.37015047172418847,0.002583752822991158,0.0,0.0,0.0,0.0006466345889201456,omni
-6.583338303058095,11.692244876663544,1.765,0.0,0.0,0.007441688649613662,0.3700674160537815,0.002581559102561577,0.0,0.0,0.0,0.0006446886129625143,unicycle
-6.575935882034715,11.692351489023958,1.765,0.0,0.0,0.007454571452790013,0.3701504878219334,0.0025737859284156502,0.0,0.0,0.0,0.000644140158817615,omni
-6.568535123200622,11.69245814033207,1.765,0.0,0.0,0.007467415444751358,0.3700674282770365,0.0025715919394681693,0.0,0.0,0.0,0.0006421995980673224,unicycle
-6.5611327032651365,11.692564744046368,1.765,0.0,0.0,0.007480248466889802,0.3701504962267433,0.0025638404678496665,0.0,0.0,0.0,0.0006416511069221637,omni
-6.553731945570517,11.692671386295661,1.765,0.0,0.0,0.007493042786765938,0.37006743375918805,0.002561646401363018,0.0,0.0,0.0,0.000639715993806893,unicycle
-6.546329526828066,11.692777981062347,1.765,0.0,0.0,0.007505826136990829,0.370150498741028,0.0025539167660391824,0.0,0.0,0.0,0.0006391675112445352,omni
-6.538928770363076,11.69288461395613,1.765,0.0,0.0,0.007518570894534158,0.370067434102014,0.002551722807972144,0.0,0.0,0.0,0.0006372378771664906,unicycle
-6.531526352890578,11.692991199481826,1.765,0.0,0.0,0.007531304683491642,0.3701504967812261,0.0025440151372653954,0.0,0.0,0.0,0.0006366894478741559,omni
-6.524125597720543,11.693097822731412,1.765,0.0,0.0,0.007543999989955773,0.370067430552643,0.0025418214687541237,0.0,0.0,0.0,0.0006347653232065332,unicycle
-6.516723181573149,11.693204398730627,1.765,0.0,0.0,0.007556684329775095,0.3701504914412108,0.002534135885754892,0.0,0.0,0.0,0.0006342169909662107,omni
-6.509322427744373,11.693311012055116,1.765,0.0,0.0,0.0075693302978760485,0.3700674240672864,0.002531942683303691,0.0,0.0,0.0,0.0006322984050476729,unicycle
-6.501920012960672,11.693417578250044,1.765,0.0,0.0,0.007581965302130588,0.3701504835543391,0.0025242793060705317,0.0,0.0,0.0,0.0006317502127270067,omni
-6.494519260505081,11.693524181376128,1.765,0.0,0.0,0.007594562046007744,0.3700674153702773,0.0025220867417272835,0.0,0.0,0.0,0.0006298371938578556,unicycle
-6.487116847111201,11.69363073749645,1.765,0.0,0.0,0.007607147829675821,0.3701504737486627,0.00251444568346972,0.0,0.0,0.0,0.0006292891834037547,omni
-6.479716096049956,11.693737330158218,1.765,0.0,0.0,0.007619695464852729,0.37006740500500557,0.0025122539249829694,0.0,0.0,0.0,0.0006273817588453066,unicycle
-6.472313684062753,11.693843875940923,1.765,0.0,0.0,0.0076322321442783515,0.3701504624934049,0.002504635294225302,0.0,0.0,0.0,0.0006268339712811287,omni
-6.464912934409032,11.693950457879685,1.765,0.0,0.0,0.007644730787623526,0.3700673933759467,0.0025024445051837893,0.0,0.0,0.0,0.0006249321672586745,unicycle
-6.457510523838499,11.694056993068893,1.765,0.0,0.0,0.007657218480477228,0.370150450136684,0.002494848405912298,0.0,0.0,0.0,0.0006243846426850809,omni
-6.450109775599599,11.69416356403302,1.765,0.0,0.0,0.007669668250165114,0.3700673807823047,0.002492658745869136,0.0,0.0,0.0,0.0006224884843943235,unicycle
-6.442707366450698,11.694270088379822,1.765,0.0,0.0,0.0076821070754049805,0.3701504369353511,0.0024850852776646926,0.0,0.0,0.0,0.0006219412619934293,omni
-6.435306619629614,11.694376648124583,1.765,0.0,0.0,0.007694508090877178,0.37006736744434765,0.0024828969022484583,0.0,0.0,0.0,0.0006200507736098593,unicycle
-6.427904211903633,11.694483161386888,1.765,0.0,0.0,0.007706898168710221,0.3701504230781347,0.0024753461604069393,0.0,0.0,0.0,0.0006195038916521786,omni
-6.420503466500231,11.694589709674286,1.765,0.0,0.0,0.007719250550637081,0.3700673535236722,0.0024731592214222997,0.0,0.0,0.0,0.0006176190963429226,unicycle
-6.413101060195795,11.69469621161667,1.765,0.0,0.0,0.0077315920024810135,0.37015040870332616,0.0024656312970654645,0.0,0.0,0.0,0.0006170725921966545,omni
-6.405700316207676,11.694802748215315,1.765,0.0,0.0,0.007743895872723699,0.37006733913859,0.002463445942585697,0.0,0.0,0.0,0.0006151935121343636,unicycle
-6.39829791132149,11.694909238608874,1.765,0.0,0.0,0.007756188821169229,0.3701503939121277,0.0024559409227646227,0.0,0.0,0.0,0.0006146474222765285,omni
-6.390897168744628,11.695015763293828,1.765,0.0,0.0,0.007768444302742324,0.3700673243756802,0.002453757297217381,0.0,0.0,0.0,0.0006127740786547938,unicycle
-6.383494765272013,11.695122241916044,1.765,0.0,0.0,0.007780688871516,0.370150378778628,0.00244627526500932,0.0,0.0,0.0,0.0006122284386837222,omni
-6.376094024101209,11.695228754468687,1.765,0.0,0.0,0.007792896088550669,0.37006730929838416,0.002444093509257424,0.0,0.0,0.0,0.0006103608517335561,unicycle
-6.368691622036502,11.69533522110329,1.765,0.0,0.0,0.007805092402478315,0.37015036335719403,0.002436634543858342,0.0,0.0,0.0,0.0006098156963824179,omni
-6.361290882265731,11.69544172131119,1.765,0.0,0.0,0.00781725148018611,0.3700672939533512,0.002434454795276567,0.0,0.0,0.0,0.0006079538853895861,unicycle
-6.353888481602565,11.695548175748025,1.765,0.0,0.0,0.007829399665156922,0.37015034768790833,0.0024270189720895325,0.0,0.0,0.0,0.0006074092485406745,omni
-6.346487743225206,11.695654663404797,1.765,0.0,0.0,0.007841510729794197,0.370067278375091,0.002424841364638156,0.0,0.0,0.0,0.0006055532318635665,unicycle
-6.339085343956721,11.6957611054397,1.765,0.0,0.0,0.007853610912725458,0.37015033180054513,0.002417428755358668,0.0,0.0,0.0,0.0006050091465630717,omni
-6.331684606965739,11.695867580344899,1.765,0.0,0.0,0.007865674091558477,0.37006726258936623,0.00241525341965455,0.0,0.0,0.0,0.0006031589416508845,unicycle
-6.324282209084723,11.695974009779565,1.765,0.0,0.0,0.007877726400360958,0.37015031571746027,0.0024078640923533606,0.0,0.0,0.0,0.0006026154401239609,omni
-6.316881473472794,11.69608047173854,1.765,0.0,0.0,0.007889741821631657,0.37006724661565216,0.0024056911557386674,0.0,0.0,0.0,0.0006007710635350303,unicycle
-6.3094790769717966,11.696186888380405,1.765,0.0,0.0,0.007901746385175677,0.370150299455683,0.0023983251749419643,0.0,0.0,0.0,0.0006002281772010422,omni
-6.302078342731393,11.69629333720419,1.765,0.0,0.0,0.007913714178068102,0.37006723046891243,0.0023961547615512606,0.0,0.0,0.0,0.0005983896446212376,unicycle
-6.294675947602793,11.696399740866312,1.765,0.0,0.0,0.007925671126150287,0.37015028302842207,0.002388812188319397,0.0,0.0,0.0,0.0005978474041090963,omni
-6.28727521472625,11.696506176371503,1.765,0.0,0.0,0.00793759142075769,0.3700672141608765,0.0023866444191451125,0.0,0.0,0.0,0.000596014730370204,unicycle
-6.279872820962318,11.696612566872437,1.765,0.0,0.0,0.007949500884068364,0.37015026644614746,0.0023793253111492117,0.0,0.0,0.0,0.0005954731655336335,omni
-6.272472089441881,11.696718988881079,1.765,0.0,0.0,0.007961373811360995,0.3700671977009543,0.00237716030410559,0.0,0.0,0.0,0.0005936463646315138,unicycle
-6.265069697034811,11.69682536604477,1.765,0.0,0.0,0.007973235921452276,0.3701502497173636,0.0023698647157025946,0.0,0.0,0.0,0.0005931055045642723,omni
-6.257668966862667,11.696931774384236,1.765,0.0,0.0,0.007985061613245817,0.3700671810968889,0.0023677025856884016,0.0,0.0,0.0,0.0005912845896769706,unicycle
-6.250266575804609,11.697038138039904,1.765,0.0,0.0,0.007996876502500375,0.37015023284916027,0.0023604305679946693,0.0,0.0,0.0,0.0005907444627278658,omni
-6.24286584697291,11.697144532542788,1.765,0.0,0.0,0.008008655091425041,0.37006716435522213,0.0023582714269546057,0.0,0.0,0.0,0.0005889294462333155,unicycle
-6.235463457255985,11.697250882524811,1.765,0.0,0.0,0.008020422893025462,0.3701502158476051,0.002351023027917911,0.0,0.0,0.0,0.0005883900800211213,omni
-6.228062729756863,11.697357263028822,1.765,0.0,0.0,0.008032154512495759,0.3700671474816246,0.002348866984902861,0.0,0.0,0.0,0.0005865809735148258,unicycle
-6.220660341373185,11.697463599176638,1.765,0.0,0.0,0.00804387536039462,0.3701501987180217,0.002341642249373092,0.0,0.0,0.0,0.0005860423949429649,omni
-6.2132596151987665,11.697569965524487,1.765,0.0,0.0,0.008055560144579723,0.37006713048113005,0.0023394894105992136,0.0,0.0,0.0,0.0005842392092552189,unicycle
-6.205857228140445,11.697676287682487,1.765,0.0,0.0,0.008067234173470248,0.3701501814651862,0.0023322883803976293,0.0,0.0,0.0,0.0005837014445262193,omni
-6.19845650328286,11.69778263972178,1.765,0.0,0.0,0.008078872257265031,0.3700671133583001,0.002330138849304243,0.0,0.0,0.0,0.0005819041897391476,unicycle
-6.191054117542009,11.697888947739193,1.765,0.0,0.0,0.008090499602552407,0.3701501640934663,0.002322961563291288,0.0,0.0,0.0,0.0005813672643688125,omni
-6.183653393993395,11.697995285322335,1.765,0.0,0.0,0.008102091121549065,0.37006709611734184,0.002320815440597585,0.0,0.0,0.0,0.0005795759498329672,unicycle
-6.176251009562142,11.698101579053134,1.765,0.0,0.0,0.008113671919322354,0.3701501466069198,0.0023136619347393205,0.0,0.0,0.0,0.0005790398886643988,omni
-6.168850287314652,11.698207902037224,1.765,0.0,0.0,0.00812521700978266,0.37006707876219014,0.0023115193185001526,0.0,0.0,0.0,0.0005772545230152909,unicycle
-6.161447904185141,11.698314181340027,1.765,0.0,0.0,0.008136751396787312,0.37015012900936384,0.002304389625933686,0.0,0.0,0.0,0.0005767193502326401,omni
-6.1540471832309445,11.69842048958676,1.765,0.0,0.0,0.00814825019561545,0.370067061296566,0.0023022506115942948,0.0,0.0,0.0,0.0005749399414067804,unicycle
-6.146644801395337,11.698526754324728,1.765,0.0,0.0,0.008159738309226424,0.37015011130442443,0.002295144762691744,0.0,0.0,0.0,0.0005744056805487241,omni
-6.1392440817266225,11.69863304770029,1.765,0.0,0.0,0.008171190953942411,0.3700670437240185,0.0022930094431413374,0.0,0.0,0.0,0.0005726322357994388,unicycle
-6.131841701177103,11.698739297741037,1.765,0.0,0.0,0.008182632932137859,0.37015009349557065,0.0022859274655724973,0.0,0.0,0.0,0.0005720989097724497,omni
-6.124440982786084,11.698845576116028,1.765,0.0,0.0,0.008194039560851567,0.3700670260479527,0.00228379593119686,0.0,0.0,0.0,0.0005703314356854082,unicycle
-6.117038603514859,11.698951811331517,1.765,0.0,0.0,0.008205435542187101,0.3701500755861396,0.002276737849990758,0.0,0.0,0.0,0.0005697990667767382,omni
-6.1096378863937755,11.699058074580838,1.765,0.0,0.0,0.008216796293572803,0.3700670082716519,0.002274610188723828,0.0,0.0,0.0,0.0005680375692851129,unicycle
-6.102235508393077,11.699164294847298,1.765,0.0,0.0,0.008228146417156315,0.3701500575793541,0.002267576026328957,0.0,0.0,0.0,0.0005675061791755124,omni
-6.094834792534189,11.699270542850067,1.765,0.0,0.0,0.008239461430427813,0.37006699039829205,0.0022654523237033786,0.0,0.0,0.0,0.0005657506635748569,unicycle
-6.087432415796276,11.699376748047897,1.765,0.0,0.0,0.008250765835894838,0.3701500394783356,0.0022584421000467593,0.0,0.0,0.0,0.0005652202733511277,omni
-6.080031701191875,11.69948298068737,1.765,0.0,0.0,0.008262035250781119,0.37006697243095255,0.002256322439243562,0.0,0.0,0.0,0.0005634707443140713,unicycle
-6.072629325709036,11.699589170701053,1.765,0.0,0.0,0.008273294078270745,0.3701500212861131,0.002249336171788789,0.0,0.0,0.0,0.0005629413744813532,omni
-6.06522861235144,11.699695387864516,1.765,0.0,0.0,0.00828451803499218,0.3700669543726243,0.002247220633685951,0.0,0.0,0.0,0.0005611978360719006,unicycle
-6.057826238115989,11.699801562582534,1.765,0.0,0.0,0.008295731425123494,0.37015000300563017,0.0022402583374897507,0.0,0.0,0.0,0.0005606695065656529,omni
-6.0504255259975475,11.699907764161233,1.765,0.0,0.0,0.008306910064368558,0.37006693622621567,0.002238147000709882,0.0,0.0,0.0,0.0005589319622531598,unicycle
-6.043023153001829,11.700013923475973,1.765,0.0,0.0,0.008318078158217578,0.37014998463975063,0.0022312086884778517,0.0,0.0,0.0,0.0005584046924509477,omni
-6.035622442114918,11.70012010936502,1.765,0.0,0.0,0.008329211621120054,0.37006691799455765,0.0022291016294348973,0.0,0.0,0.0,0.0005566731451239013,unicycle
-6.028220070351311,11.700226253172701,1.765,0.0,0.0,0.008340334560197196,0.3701499661912626,0.002222187311575863,0.0,0.0,0.0,0.0005561469538570058,omni
-6.020819360688343,11.700332423271002,1.765,0.0,0.0,0.00835142298831393,0.3700668996804072,0.0022200846045210597,0.0,0.0,0.0,0.0005544214058365619,unicycle
-6.013416990149252,11.70043855147159,1.765,0.0,0.0,0.008362500914541954,0.3701499476628811,0.0022131942892007687,0.0,0.0,0.0,0.0005538963114013467,omni
-6.006016281702666,11.700544705681748,1.765,0.0,0.0,0.008373544449831046,0.3700668812864497,0.002211096006267496,0.0,0.0,0.0,0.0005521767644545504,unicycle
-5.9986139123805335,11.700650818178875,1.765,0.0,0.0,0.008384577505523514,0.3701499290572519,0.002204229699460657,0.0,0.0,0.0,0.0005516527846234943,omni
-5.991213205142805,11.700756956407124,1.765,0.0,0.0,0.008395576290323037,0.3700668628153026,0.0022021359107084414,0.0,0.0,0.0,0.0005499392399760919,unicycle
-5.983810837030103,11.700863053108003,1.765,0.0,0.0,0.008406564618163208,0.3701499103769528,0.002195293616250122,0.0,0.0,0.0,0.0005494163920087265,omni
-5.976410130993738,11.700969175264127,1.765,0.0,0.0,0.008417518795170371,0.3700668442695161,0.0021932043897078344,0.0,0.0,0.0,0.0005477088503579949,unicycle
-5.9690077640829715,11.701075256079484,1.765,0.0,0.0,0.008428462538190603,0.3701498916244958,0.0021863861093436715,0.0,0.0,0.0,0.0005471871510116029,omni
-5.961607059240514,11.701181362076733,1.765,0.0,0.0,0.008439372250441377,0.37006682565157634,0.0021843015110519083,0.0,0.0,0.0,0.0005454856125387156,unicycle
-5.954204693524226,11.701287426920729,1.765,0.0,0.0,0.008450271552002953,0.3701498728023296,0.0021775072444874463,0.0,0.0,0.0,0.0005449650780787952,omni
-5.9468039898682505,11.701393516675758,1.765,0.0,0.0,0.00846113694285217,0.3700668069639065,0.002175427338540098,0.0,0.0,0.0,0.0005432695424610284,unicycle
-5.939401625339015,11.701499565465912,1.765,0.0,0.0,0.008471991946625606,0.37014985391284067,0.0021686570834890864,0.0,0.0,0.0,0.0005427501886715973,omni
-5.932000922862133,11.701605638898695,1.765,0.0,0.0,0.008482813159727492,0.37006678820886835,0.0021665819320739257,0.0,0.0,0.0,0.000541060655094306,unicycle
-5.924598559512565,11.701711671555818,1.765,0.0,0.0,0.008493624009673252,0.37014983495835474,0.002159835684305419,0.0,0.0,0.0,0.0005405424972879283,omni
-5.917197858207424,11.701817728589582,1.765,0.0,0.0,0.008504401188962379,0.3700667693887641,0.0021577653477439914,0.0,0.0,0.0,0.0005388589644561561,unicycle
-5.909795496030168,11.701923745037695,1.765,0.0,0.0,0.008515168029312053,0.3701498159411387,0.002151043101128791,0.0,0.0,0.0,0.0005383420174837942,omni
-5.902394795889451,11.702029785598844,1.765,0.0,0.0,0.008525901318984726,0.3700667505058377,0.0021489776379154868,0.0,0.0,0.0,0.0005366644836337597,unicycle
-5.894992434877192,11.70213578576512,1.765,0.0,0.0,0.008536624294222618,0.37014979686340194,0.0021422793844714178,0.0,0.0,0.0,0.0005361487618945103,omni
-5.88759173589362,11.70224180978318,1.765,0.0,0.0,0.008547313838718715,0.3700667315622761,0.002140218851311902,0.0,0.0,0.0,0.0005344772248049149,unicycle
-5.8801893760390795,11.702347793597864,1.765,0.0,0.0,0.008557993093563825,0.37014977772729724,0.0021335445812485166,0.0,0.0,0.0,0.0005339627422554647,omni
-5.872788678205411,11.702453801005396,1.765,0.0,0.0,0.008568639037548993,0.37006671256021073,0.0021314890330972436,0.0,0.0,0.0,0.0005322971992584022,unicycle
-5.865386319501346,11.702559768401754,1.765,0.0,0.0,0.00857927471693744,0.3701497585349226,0.002124838734859154,0.0,0.0,0.0,0.000531783969422322,omni
-5.857985622810375,11.702665759134304,1.765,0.0,0.0,0.008589877205285723,0.3700666935017188,0.00212278822495622,0.0,0.0,0.0,0.0005301244174141097,unicycle
-5.850583265249584,11.702771710048541,1.765,0.0,0.0,0.008600469454353542,0.37014973928832245,0.0021161618852659735,0.0,0.0,0.0,0.0005296124533909648,omni
-5.843182569694144,11.702877684044562,1.765,0.0,0.0,0.008611028632130393,0.3700666743888244,0.0021141164651731098,0.0,0.0,0.0,0.0005279588888426677,unicycle
-5.835780213269462,11.702983618415765,1.765,0.0,0.0,0.008621577596196731,0.3701497199894886,0.0021075140690727306,0.0,0.0,0.0,0.0005274482033169337,omni
-5.828379518842426,11.703089575616563,1.765,0.0,0.0,0.008632093608642425,0.37006665522349985,0.002105473788708733,0.0,0.0,0.0,0.0005258006222847065,unicycle
-5.8209771635467265,11.703195493386637,1.765,0.0,0.0,0.008642599433193114,0.37014970064036146,0.00209889531960093,0.0,0.0,0.0,0.000525291227534531,omni
-5.8135764702410055,11.703301433736303,1.765,0.0,0.0,0.00865307242570651,0.3700666360076667,0.002096860227276393,0.0,0.0,0.0,0.0005236496256697653,unicycle
-5.8061741160672025,11.703407334849913,1.765,0.0,0.0,0.008663535256378021,0.37014968124283165,0.002090305666964631,0.0,0.0,0.0,0.0005231415335755774,omni
-5.798773423875748,11.703513258295267,1.765,0.0,0.0,0.008673965374500717,0.3700666167431973,0.002088275809415942,0.0,0.0,0.0,0.0005215059061348653,unicycle
-5.791371070816793,11.703619142699768,1.765,0.0,0.0,0.008684385357064475,0.37014966179874076,0.002081745138143796,0.0,0.0,0.0,0.0005209991281877929,omni
-5.783970379732593,11.703725049190293,1.765,0.0,0.0,0.008694772746465325,0.37006659743191556,0.002079720560566399,0.0,0.0,0.0,0.0005193694700426417,unicycle
-5.77656802778148,11.703830916835681,1.765,0.0,0.0,0.00870515002681238,0.3701496423098826,0.0020732137570559665,0.0,0.0,0.0,0.0005188640173527325,omni
-5.769167337797568,11.703936806323465,1.765,0.0,0.0,0.008715494833272363,0.3700665780755981,0.0020711945031370734,0.0,0.0,0.0,0.0005172403229990624,unicycle
-5.761764986947331,11.704042657162315,1.765,0.0,0.0,0.008725829557398432,0.37014962277800423,0.002064711544626848,0.0,0.0,0.0,0.000516736206303349,omni
-5.7543642980567755,11.704148529601998,1.765,0.0,0.0,0.00873613192679585,0.3700665586759753,0.0020626976565774643,0.0,0.0,0.0,0.0005151184698708223,unicycle
-5.746961948300487,11.7042543635894,1.765,0.0,0.0,0.008746424240786673,0.3701496032048071,0.002056238518859232,0.0,0.0,0.0,0.0005146156995412764,omni
-5.7395612604964,11.70436021893811,1.765,0.0,0.0,0.008756684319082724,0.37006653923473304,0.00205423003744553,0.0,0.0,0.0,0.000513003914802493,unicycle
-5.732158911827172,11.704466036031624,1.765,0.0,0.0,0.008766934369099798,0.37014958359194833,0.002047794694900613,0.0,0.0,0.0,0.0005125025008538152,omni
-5.724758224793798,11.704571874253135,1.765,0.0,0.0,0.008777152302324466,0.37006653520017746,0.002045791734001494,0.0,0.0,0.0,0.0005108966612332805,unicycle
-5.717355875957406,11.70467767442747,1.765,0.0,0.0,0.00878736023392021,0.3701496263143054,0.0020393802742595685,0.0,0.0,0.0,0.0005103965797872785,omni
-5.70995518773436,11.704783495504659,1.765,0.0,0.0,0.008797536166455813,0.370066628811596,0.0020373828699648848,0.0,0.0,0.0,0.0005087966267801646,unicycle
-5.702552837080284,11.704889278738925,1.765,0.0,0.0,0.008807702124215978,0.3701497511900745,0.0020309951917916653,0.0,0.0,0.0,0.0005082978880083116,omni
-5.69515214668747,11.704995082645926,1.765,0.0,0.0,0.008817836201159683,0.37006677105519703,0.0020290033274280818,0.0,0.0,0.0,0.0005067038471852358,unicycle
-5.687749793724538,11.705100848909563,1.765,0.0,0.0,0.008827960330843276,0.37014990025272554,0.00202263936292635,0.0,0.0,0.0,0.0005062064841796,omni
-5.680349101020652,11.705206635614138,1.765,0.0,0.0,0.008838052698150752,0.3700669199927704,0.0020206530471465825,0.0,0.0,0.0,0.0005046183653738329,unicycle
-5.672946745851535,11.705312384872721,1.765,0.0,0.0,0.008848135146132884,0.3701500438118538,0.002014312747501246,0.0,0.0,0.0,0.0005041223991065826,omni
-5.6655460511033615,11.705418154340668,1.765,0.0,0.0,0.008858185950190483,0.37006705522247424,0.002012332002995293,0.0,0.0,0.0,0.0005025402028800639,unicycle
-5.658143694099208,11.705523886559236,1.765,0.0,0.0,0.008868226863135284,0.3701501684466848,0.0020060153295783038,0.0,0.0,0.0,0.0005020456472401963,omni
-5.650742997738216,11.705629638756866,1.765,0.0,0.0,0.008878236250511158,0.3700671685131782,0.0020040401861210365,0.0,0.0,0.0,0.0005004693687937908,unicycle
-5.643340639358747,11.705735353901739,1.765,0.0,0.0,0.008888235775183443,0.3701502697318016,0.001997747105094313,0.0,0.0,0.0,0.0004999762336142117,omni
-5.6359399418501255,11.705841088797184,1.765,0.0,0.0,0.008898203892485875,0.37006725818217107,0.001995777595394523,0.0,0.0,0.0,0.0004984058651216987,unicycle
-5.628537582550156,11.705946786836876,1.765,0.0,0.0,0.008908162175645298,0.37015034791605256,0.001989508074548927,0.0,0.0,0.0,0.0004979141579710162,omni
-5.621136884327844,11.706052504400715,1.765,0.0,0.0,0.008918089169444256,0.37006732579576385,0.0019875442318693162,0.0,0.0,0.0,0.0004963496899478805,unicycle
-5.613734524513796,11.706158185306336,1.765,0.0,0.0,0.00892800635778764,0.3701504054225874,0.0019812982388603987,0.0,0.0,0.0,0.0004958594171692713,omni
-5.606333825953033,11.706263885511817,1.765,0.0,0.0,0.008937892374572766,0.3700673742924046,0.001979340095730196,0.0,0.0,0.0,0.0004943008392562505,unicycle
-5.598931465967324,11.706369549257179,1.765,0.0,0.0,0.00894776861470381,0.37015044545546055,0.0019731175971640365,0.0,0.0,0.0,0.0004938120065522383,omni
-5.591530767377614,11.70647523208024,1.765,0.0,0.0,0.008957613800862772,0.3700674069625705,0.001971165184746114,0.0,0.0,0.0,0.0004922593079481023,unicycle
-5.584128407497699,11.70658087864181,1.765,0.0,0.0,0.008967449239276682,0.37015047126606293,0.001964966145765269,0.0,0.0,0.0,0.0004917719206955046,omni
-5.576727709126067,11.706686544060993,1.765,0.0,0.0,0.008977253741084351,0.37006742693367,0.001963019493600759,0.0,0.0,0.0,0.0004902250903834487,unicycle
-5.5693253495705,11.70679217341778,1.765,0.0,0.0,0.008987048524160171,0.3701504858032752,0.00195684387775195,0.0,0.0,0.0,0.0004897391537910509,omni
-5.561924651609274,11.706897821414099,1.765,0.0,0.0,0.008996812487773093,0.37006743694400246,0.0019549030137115454,0.0,0.0,0.0,0.0004881981806461476,unicycle
-5.5545222925464355,11.707003433547513,1.765,0.0,0.0,0.00900656676176956,0.3701504915791038,0.0019487507829621569,0.0,0.0,0.0,0.0004877136998232451,omni
-5.547121595142383,11.707109064104309,1.765,0.0,0.0,0.009016290333222637,0.37006743927529273,0.0019468157333010939,0.0,0.0,0.0,0.0004861785726538325,unicycle
-5.539719236699612,11.707214658998016,1.765,0.0,0.0,0.009026004244275243,0.3701504906491192,0.0019406868481252194,0.0,0.0,0.0,0.00048569555263034954,omni
-5.532318539962783,11.707320272100812,1.765,0.0,0.0,0.009035687569478935,0.3700674357665715,0.0019387576375827238,0.0,0.0,0.0,0.00048416626018452075,unicycle
-5.524916182234771,11.707425849740604,1.765,0.0,0.0,0.009045361263597066,0.370150484648859,0.0019326520570730281,0.0,0.0,0.0,0.0004836847059065701,omni
-5.517515486246344,11.707531445377002,1.765,0.0,0.0,0.009055004488334304,0.37006742786493757,0.0019307287089837966,0.0,0.0,0.0,0.00048216123686191115,unicycle
-5.510113129302363,11.707637005750682,1.765,0.0,0.0,0.009064638111397834,0.37015047485292113,0.0019246463909655242,0.0,0.0,0.0,0.0004816811531764629,omni
-5.502712434121216,11.707742583910223,1.765,0.0,0.0,0.009074241381320297,0.3700674166885995,0.001922728927366211,0.0,0.0,0.0,0.0004801634961232262,unicycle
-5.495310078011048,11.707848127007496,1.765,0.0,0.0,0.00908383507907548,0.37015046223882914,0.0019166698285014148,0.0,0.0,0.0,0.00047968488775930175,omni
-5.48790938367909,11.707953687681584,1.765,0.0,0.0,0.009093398539699128,0.3700674030893954,0.0019147582702250903,0.0,0.0,0.0,0.0004781730311823186,unicycle
-5.480507028437782,11.708059213493973,1.765,0.0,0.0,0.009102952457753782,0.37015044754675985,0.0019087223461035404,0.0,0.0,0.0,0.0004776959027327385,omni
-5.473106334984153,11.708164756675787,1.765,0.0,0.0,0.009112476254453682,0.3700673877088202,0.0019068167128601257,0.0,0.0,0.0,0.0004761898349950785,unicycle
-5.465703980635721,11.708270265196548,1.765,0.0,0.0,0.009121990538271693,0.3701504313313567,0.0019008039180760496,0.0,0.0,0.0,0.00047571419090056404,omni
-5.458303288080055,11.708375790880968,1.765,0.0,0.0,0.00913147481627629,0.37006737102539883,0.0018989042285191325,0.0,0.0,0.0,0.00047421390022987824,unicycle
-5.4509009346403365,11.708481282105035,1.765,0.0,0.0,0.009140949611171614,0.37015041400464177,0.0018929145167350262,0.0,0.0,0.0,0.00047373974476611834,omni
-5.443500242995251,11.708586790288578,1.765,0.0,0.0,0.009150394515556493,0.3700673533932558,0.0018910207885169308,0.0,0.0,0.0,0.00047224521924402445,unicycle
-5.436097890474072,11.708692264212495,1.765,0.0,0.0,0.009159829966686728,0.3701503958704532,0.0018850541125166667,0.0,0.0,0.0,0.0004717725565117311,omni
-5.428697199747038,11.708797754893263,1.765,0.0,0.0,0.009169235642368049,0.3700673350726887,0.0018831663623338117,0.0,0.0,0.0,0.00047028378406603703,unicycle
-5.4212948481498335,11.708903211515128,1.765,0.0,0.0,0.009178631894727724,0.37015037715145443,0.0018772226740669034,0.0,0.0,0.0,0.00046981261798381875,omni
-5.41389415834458,11.70900868469276,1.765,0.0,0.0,0.009187998486455393,0.3700673162539246,0.0018753409176974257,0.0,0.0,0.0,0.0004683295863834272,unicycle
-5.406491807673598,11.709114124012189,1.765,0.0,0.0,0.009197355684869051,0.37015035800994917,0.00186942016831643,0.0,0.0,0.0,0.0004678599206830095,omni
-5.39909111879115,11.709219579687804,1.765,0.0,0.0,0.009206683337219749,0.3700672970752957,0.001867544420651949,0.0,0.0,0.0,0.00046638261753485197,unicycle
-5.391688769046345,11.70932500170588,1.765,0.0,0.0,0.009216001626334914,0.3701503385637035,0.0018616465605447437,0.0,0.0,0.0,0.0004659144557582212,omni
-5.384288081085783,11.709430439882054,1.765,0.0,0.0,0.009225290483705033,0.37006727763697417,0.0018597768356177122,0.0,0.0,0.0,0.00046444286850595094,unicycle
-5.3768857322654675,11.709535844601287,1.765,0.0,0.0,0.009234570007985115,0.37015031889783767,0.0018539018144358597,0.0,0.0,0.0,0.00046397621400413603,omni
-5.369485045224486,11.709641265281997,1.765,0.0,0.0,0.009243820214583679,0.37006725801124335,0.001852038125443492,0.0,0.0,0.0,0.00046251032992829027,unicycle
-5.362082697325807,11.709746652706288,1.765,0.0,0.0,0.009253061118300907,0.37015029907367974,0.001846185892127511,0.0,0.0,0.0,0.00046204518586138364,omni
-5.354682011201119,11.709852055896881,1.765,0.0,0.0,0.009262272818142517,0.3700672382501158,0.001844328251453299,0.0,0.0,0.0,0.0004605849920805667,unicycle
-5.347279664220398,11.709957426031487,1.765,0.0,0.0,0.009271475245370892,0.3701502791353076,0.0018384987542559212,0.0,0.0,0.0,0.0004601213614186915,omni
-5.3398789790080325,11.710062811738647,1.765,0.0,0.0,0.009280648582268724,0.37006721839094014,0.001836647173489558,0.0,0.0,0.0,0.0004586668448915917,unicycle
-5.3324766329410185,11.710168164590138,1.765,0.0,0.0,0.009289812676877058,0.37015025911434685,0.0018308403599976001,0.0,0.0,0.0,0.0004582047304166759,omni
-5.325075948636524,11.71027353282185,1.765,0.0,0.0,0.009298947794435953,0.3700671984605019,0.0018289948499536038,0.0,0.0,0.0,0.00045675587794480826,unicycle
-5.317673603478571,11.710378868398093,1.765,0.0,0.0,0.009308073700081012,0.3701502390334711,0.0018232106671085264,0.0,0.0,0.0,0.00045629528225288427,omni
-5.3102729200771694,11.71048421916361,1.765,0.0,0.0,0.009317170741690686,0.37006717847800635,0.0018213712378438865,0.0,0.0,0.0,0.00045485208048368564,unicycle
-5.302870575823364,11.710589537473718,1.765,0.0,0.0,0.009326258601810435,0.3701502189089409,0.0018156096319615113,0.0,0.0,0.0,0.0004543930059875669,omni
-5.295469893320061,11.710694870783525,1.765,0.0,0.0,0.009335317710638792,0.37006715845723764,0.0018137762927926278,0.0,0.0,0.0,0.00045295544141784114,unicycle
-5.288067549965312,11.710800171837837,1.765,0.0,0.0,0.009344367668445793,0.3701501987524372,0.0018080372095821379,0.0,0.0,0.0,0.0004524978903501333,omni
-5.280666868354971,11.710905487703636,1.765,0.0,0.0,0.009353388987432388,0.3700671384081139,0.0018062099691013125,0.0,0.0,0.0,0.00045106594932977425,unicycle
-5.273264525894077,11.711010771513687,1.765,0.0,0.0,0.009362401185907311,0.3701501785723798,0.001800493353683876,0.0,0.0,0.0,0.00045060992374620267,omni
-5.265863845171472,11.71111606994835,1.765,0.0,0.0,0.009371384857756957,0.3700671183378037,0.001798672219775394,0.0,0.0,0.0,0.0004491835924822146,unicycle
-5.258461503599163,11.71122133652683,1.765,0.0,0.0,0.009380359439642254,0.37015015837487136,0.0017929780167022606,0.0,0.0,0.0,0.0004487290942648682,omni
-5.251060823759023,11.711326617544376,1.765,0.0,0.0,0.009389305606818754,0.37006709825152384,0.0017911629965580134,0.0,0.0,0.0,0.0004473083588250508,unicycle
-5.243658483069997,11.71143186690512,1.765,0.0,0.0,0.009398242714612473,0.3701501381643712,0.0017854911498281006,0.0,0.0,0.0,0.00044685538968588416,omni
-5.236257804107028,11.711537130520693,1.765,0.0,0.0,0.009407151519332534,0.37006707815310813,0.001783682249963066,0.0,0.0,0.0,0.0004454402360030922,unicycle
-5.2288554642959735,11.711642362678639,1.765,0.0,0.0,0.009416051295282283,0.3701501179441751,0.0017780327030405218,0.0,0.0,0.0,0.00044498879748748165,omni
-5.221454786204879,11.711747608908466,1.765,0.0,0.0,0.009424922879509554,0.3700670580454114,0.0017762299293078005,0.0,0.0,0.0,0.00044357921136359437,unicycle
-5.214052447266487,11.711852823879626,1.765,0.0,0.0,0.009433785465606633,0.37015009771675533,0.0017706026251387776,0.0,0.0,0.0,0.00044312930485379683,omni
-5.20665177004198,11.711958052741002,1.765,0.0,0.0,0.009442619971045904,0.3700670379305956,0.0017688059827444473,0.0,0.0,0.0,0.00044172527196368596,unicycle
-5.1992494319709595,11.712063250542451,1.765,0.0,0.0,0.009451445509019557,0.37015007748400114,0.0017632008637739642,0.0,0.0,0.0,0.00044127689868241293,omni
-5.191848755607778,11.71216846205371,1.765,0.0,0.0,0.009460243077111118,0.37006701781033235,0.0017614103572917957,0.0,0.0,0.0,0.0004398784045780621,unicycle
-5.18444641839886,11.712273642703545,1.765,0.0,0.0,0.009469031708422958,0.37015005724738936,0.0017558273654802203,0.0,0.0,0.0,0.00043943156559197007,omni
-5.1770457428917664,11.712378836884032,1.765,0.0,0.0,0.009477792480337085,0.3700669976859454,0.0017540429988658966,0.0,0.0,0.0,0.00043803859570634755,unicycle
-5.169643406539712,11.712484000401345,1.765,0.0,0.0,0.009486544346175676,0.3701500370081028,0.0017484820757047827,0.0,0.0,0.0,0.00043759329192949133,omni
-5.162242731883499,11.712589177271386,1.765,0.0,0.0,0.009495268462807285,0.37006697755851053,0.0017467038523098595,0.0,0.0,0.0,0.000436205831580489,unicycle
-5.154840396383103,11.712694323676251,1.765,0.0,0.0,0.009503983704082845,0.370150016767115,0.0017411649388376724,0.0,0.0,0.0,0.00043576206377782543,omni
-5.1474397225725985,11.712799483257138,1.765,0.0,0.0,0.009512671306046284,0.3700669574289262,0.001739392861423626,0.0,0.0,0.0,0.00043438009817220826,unicycle
-5.140037387918691,11.712904612570576,1.765,0.0,0.0,0.009521350063385543,0.3701499965252494,0.0017338758982415653,0.0,0.0,0.0,0.0004339378669629471,omni
-5.132636714948759,11.713009754884531,1.765,0.0,0.0,0.009530001291009544,0.37006693729796325,0.0017321099689934004,0.0,0.0,0.0,0.0004325613812000358,unicycle
-5.1252343811362095,11.713114867128489,1.765,0.0,0.0,0.009538643704750764,0.3701499762832201,0.0017266148962803787,0.0,0.0,0.0,0.00043212068706097157,omni
-5.117833709001752,11.713219992198656,1.765,0.0,0.0,0.00954725869807349,0.37006691716629864,0.0017248551168199625,0.0,0.0,0.0,0.000430749666136433,unicycle
-5.110431376025464,11.713325087395983,1.765,0.0,0.0,0.009555864908261597,0.37014995604166095,0.0017193818743475773,0.0,0.0,0.0,0.00043031050940526015,omni
-5.103030704721423,11.71343019524639,1.765,0.0,0.0,0.009564443807025891,0.3700668970345405,0.001717628245746673,0.0,0.0,0.0,0.00042894493821478,unicycle
-5.095628372576344,11.713535273420817,1.765,0.0,0.0,0.009573013953407759,0.3701499358011458,0.001712176772893617,0.0,0.0,0.0,0.00042850731909333645,omni
-5.088227702097697,11.713640364076355,1.765,0.0,0.0,0.009581556897056481,0.37006687690324436,0.0017104292956866742,0.0,0.0,0.0,0.0004271471824362298,unicycle
-5.08082537077881,11.713745425252466,1.765,0.0,0.0,0.009590091119076351,0.3701499155622027,0.0017049995314530168,0.0,0.0,0.0,0.0004267111009936023,omni
-5.0734247011205795,11.71385049873887,1.765,0.0,0.0,0.009598598246747879,0.3700668567729254,0.0017032582056498889,0.0,0.0,0.0,0.0004253563835762249,unicycle
-5.066022370622909,11.713955542942086,1.765,0.0,0.0,0.009607096683542917,0.3701498953253239,0.0016978500886712258,0.0,0.0,0.0,0.0004249218397519394,omni
-5.058621701780154,11.714060599285917,1.765,0.0,0.0,0.009615568134066742,0.37006683664406675,0.0016961149137695386,0.0,0.0,0.0,0.0004235725261913269,unicycle
-5.051219372098764,11.714165626542469,1.765,0.0,0.0,0.00962403092446271,0.37014987509097236,0.0016907283823305922,0.0,0.0,0.0,0.00042313951979837047,omni
-5.043818704066586,11.71427066577108,1.765,0.0,0.0,0.009632466836355215,0.37006681651712486,0.0016889993573277519,0.0,0.0,0.0,0.00042179559462545655,unicycle
-5.036416375196582,11.714375676107993,1.765,0.0,0.0,0.009640894118862282,0.37014985485958735,0.0016836343493756563,0.0,0.0,0.0,0.000421364125353276,omni
-5.029015707970119,11.714480698249519,1.765,0.0,0.0,0.009649294630322606,0.3700667963925347,0.0016819114727808443,0.0,0.0,0.0,0.0004200255730163073,unicycle
-5.021613379906645,11.714585691694584,1.765,0.0,0.0,0.009657686543131282,0.37014983463158757,0.0016765679259385117,0.0,0.0,0.0,0.0004195956404337203,omni
-5.014212713481077,11.714690696777918,1.765,0.0,0.0,0.009666051792037311,0.3700667762707113,0.0016748511957843523,0.0,0.0,0.0,0.0004182624453013963,unicycle
-5.006810386219318,11.714795673359678,1.765,0.0,0.0,0.009674408473014501,0.3701498144073734,0.001669529047363199,0.0,0.0,0.0,0.00041783404885954267,omni
-4.999409720589865,11.71490066141445,1.765,0.0,0.0,0.009682738596918988,0.37006675615205276,0.001667818461217102,0.0,0.0,0.0,0.00041650619522436014,unicycle
-4.992007394125045,11.715005621162176,1.765,0.0,0.0,0.009691060183604175,0.3701497941873291,0.0016625176482295734,0.0,0.0,0.0,0.00041607933425946567,omni
-4.984606729286965,11.715110592218734,1.765,0.0,0.0,0.00969935531973099,0.370066736036942,0.0016608132032049317,0.0,0.0,0.0,0.000414756806340631,unicycle
-4.977204403614348,11.715215535162402,1.765,0.0,0.0,0.009707641949332525,0.3701497739718243,0.001655533662376844,0.0,0.0,0.0,0.00041433148007680826,omni
-4.96980373956294,11.715320489251791,1.765,0.0,0.0,0.009715902234572993,0.37006671592574725,0.0016538353551440242,0.0,0.0,0.0,0.0004130142620234474,unicycle
-4.962401414677829,11.715425415422079,1.765,0.0,0.0,0.009724154043964501,0.3701497537612141,0.0016485770229266118,0.0,0.0,0.0,0.0004125904695754046,omni
-4.955000751408432,11.715530352576021,1.765,0.0,0.0,0.009732379614873889,0.370066695818823,0.0016468848497237524,0.0,0.0,0.0,0.0004112785454694291,unicycle
-4.9475984273061675,11.71563526200427,1.765,0.0,0.0,0.009740596740590792,0.3701497335558412,0.0016416476623055242,0.0,0.0,0.0,0.00041085628584511193,omni
-4.940197764814157,11.715740182255148,1.765,0.0,0.0,0.009748787733384874,0.3700666757165116,0.0016399616189489818,0.0,0.0,0.0,0.00040954963970417217,unicycle
-4.932795441490124,11.715845074973354,1.765,0.0,0.0,0.009756970311621023,0.3701497133560356,0.0016347455122670605,0.0,0.0,0.0,0.00040912891180738017,omni
-4.925394779770918,11.715949978354194,1.765,0.0,0.0,0.009765126862172778,0.3700666556191427,0.0016330655941617157,0.0,0.0,0.0,0.0004078275275877062,unicycle
-4.917992457220533,11.716054854394981,1.765,0.0,0.0,0.009773275028777192,0.37014969316211527,0.0016278705039132074,0.0,0.0,0.0,0.0004074083302206263,omni
-4.910591796269585,11.716159740939434,1.765,0.0,0.0,0.00978139727261359,0.3700666355270345,0.0016261967060625933,0.0,0.0,0.0,0.00040611219181978903,unicycle
-4.90318947448831,11.716264600336057,1.765,0.0,0.0,0.0097895111630873,0.37014967297438695,0.0016210225677155835,0.0,0.0,0.0,0.0004056945236855623,omni
-4.895788814301113,11.716369470078376,1.765,0.0,0.0,0.009797599235386206,0.3700666154404939,0.001619354884731881,0.0,0.0,0.0,0.00040440361494531685,unicycle
-4.888386493284448,11.71647431286468,1.765,0.0,0.0,0.009805678984879213,0.37014965279314627,0.0016142016335363787,0.0,0.0,0.0,0.0004039874746504116,omni
-4.880985833856533,11.71657916583971,1.765,0.0,0.0,0.009813733020466398,0.37006659535981684,0.0016125400596499737,0.0,0.0,0.0,0.0004027017793591733,unicycle
-4.873583513600011,11.716683992050124,1.765,0.0,0.0,0.009821778763774712,0.3701496326186781,0.0016074076306481408,0.0,0.0,0.0,0.0004022871654158131,omni
-4.866182854926948,11.716788828293282,1.765,0.0,0.0,0.009829798897120939,0.37006657528528875,0.001605752159717216,0.0,0.0,0.0,0.0004010066673114225,unicycle
-4.858780535426144,11.716893637962801,1.765,0.0,0.0,0.00983781076868374,0.37014961245125694,0.001600640487754011,0.0,0.0,0.0,0.00040059357813993835,omni
-4.8513798775035415,11.716998457510059,1.765,0.0,0.0,0.00984579713390198,0.3700665552171846,0.0015989911132738165,0.0,0.0,0.0,0.00039931826091211804,unicycle
-4.843977558754068,11.717103250674228,1.765,0.0,0.0,0.009853775267798844,0.3701495922911468,0.0015939001330068203,0.0,0.0,0.0,0.00039890669484323685,omni
-4.836576901577571,11.717208053562096,1.765,0.0,0.0,0.009861727998641564,0.37006653515576915,0.0015922568481188113,0.0,0.0,0.0,0.0003976365421361179,unicycle
-4.8291745835750755,11.717312830256997,1.765,0.0,0.0,0.009869672528589831,0.3701495721386021,0.001587186494028282,0.0,0.0,0.0,0.00039722649741326556,omni
-4.8217739271403675,11.717417616522514,1.765,0.0,0.0,0.009877591758446387,0.3700665151012977,0.0015855492915291473,0.0,0.0,0.0,0.00039596149282787835,unicycle
-4.814371609880541,11.717522376784743,1.765,0.0,0.0,0.009885502817798575,0.37014955199386773,0.001580499497927693,0.0,0.0,0.0,0.0003955529676093788,omni
-4.806970954183343,11.717627146465448,1.765,0.0,0.0,0.009893388679692694,0.37006649505401606,0.001578868370278003,0.0,0.0,0.0,0.0003942930947059888,unicycle
-4.799568637661907,11.717731890332105,1.765,0.0,0.0,0.009901266401434038,0.3701495318571793,0.0015738390713198403,0.0,0.0,0.0,0.0003938860870671771,omni
-4.792167982697975,11.717836643466034,1.765,0.0,0.0,0.009909119028021388,0.37006647501416085,0.0015722140106526525,0.0,0.0,0.0,0.00039263132936756523,unicycle
-4.784765666910693,11.717941370974708,1.765,0.0,0.0,0.009916963544767446,0.3701495117287632,0.0015672051403429858,0.0,0.0,0.0,0.00039222583730294037,omni
-4.777365012675822,11.718046107600383,1.765,0.0,0.0,0.009924783068333304,0.37006645498195956,0.0015655861384722685,0.0,0.0,0.0,0.000390976178292763,unicycle
-4.7699626976184915,11.718150818789134,1.765,0.0,0.0,0.009932594512327662,0.37014949160883726,0.001560597630676251,0.0,0.0,0.0,0.0003905721997181107,omni
-4.762562044108513,11.718255538945527,1.765,0.0,0.0,0.009940381064784646,0.37006643495763125,0.0015589846791050506,0.0,0.0,0.0,0.0003893276228491504,unicycle
-4.75515972977697,11.718360233852875,1.765,0.0,0.0,0.009948159567896717,0.3701494714976106,0.001554016467556546,0.0,0.0,0.0,0.0003889251556035404,omni
-4.747759076987751,11.718464937579418,1.765,0.0,0.0,0.009955913280782632,0.37006641494138653,0.0015524095574850944,0.0,0.0,0.0,0.0003876856442958118,unicycle
-4.740356763377867,11.718569616244325,1.765,0.0,0.0,0.009963658974505503,0.3701494513952841,0.0015474615757954037,0.0,0.0,0.0,0.00038728468614357945,omni
-4.732956111305311,11.718674303580881,1.765,0.0,0.0,0.009971379978981253,0.37006639493342736,0.0015458606981290201,0.0,0.0,0.0,0.00038605022378748684,unicycle
-4.725553798412994,11.718778966042752,1.765,0.0,0.0,0.009979092994429657,0.3701494313020505,0.0015409328797952582,0.0,0.0,0.0,0.0003856507724201874,omni
-4.718153147053042,11.718883637029606,1.765,0.0,0.0,0.009986781421277229,0.370066374933948,0.0015393380251520774,0.0,0.0,0.0,0.00038442134237859306,unicycle
-4.710750834410863,11.718988283332873,1.765,0.0,0.0,0.009994461888679671,0.37014943438786413,0.0015344303035654328,0.0,0.0,0.0,0.0003840233701222217,omni
-4.703350182274536,11.719092938026673,1.765,0.0,0.0,0.010002117867016248,0.37006642919510957,0.0015328415178096503,0.0,0.0,0.0,0.0003827989168288653,unicycle
-4.695947867928129,11.719197568233891,1.765,0.0,0.0,0.010009765915453824,0.37014953500675785,0.001527953911662757,0.0,0.0,0.0,0.00038240242187880316,omni
-4.688547213517802,11.719302206693493,1.765,0.0,0.0,0.010017389574521817,0.37006655815197803,0.0015263711835604306,0.0,0.0,0.0,0.0003811829533997046,unicycle
-4.681144896599928,11.719406820855673,1.765,0.0,0.0,0.010025005333550233,0.37014967880100125,0.0015215035718951903,0.0,0.0,0.0,0.00038078795142073153,omni
-4.673744239506585,11.719511443127592,1.765,0.0,0.0,0.010032596802833674,0.3700667073725853,0.0015199268517589954,0.0,0.0,0.0,0.00037957346417213104,unicycle
-4.666341919934613,11.71961604128693,1.765,0.0,0.0,0.010040180402071042,0.37014982653948225,0.0015150791394268628,0.0,0.0,0.0,0.0003791799618683822,omni
-4.658941260301874,11.71972064741156,1.765,0.0,0.0,0.010047739810980843,0.37006684922510974,0.001513508397127434,0.0,0.0,0.0,0.00037797044549010985,unicycle
-4.65153893837018,11.71982522960618,1.765,0.0,0.0,0.010055291379868863,0.37014995937251877,0.0015086805039571326,0.0,0.0,0.0,0.00037757844440101614,omni
-4.644138276586934,11.719929819621365,1.765,0.0,0.0,0.010062818857562902,0.3700669714471569,0.0015071157204100871,0.0,0.0,0.0,0.00037637388470195915,unicycle
-4.636735952737472,11.720034385887985,1.765,0.0,0.0,0.010070338525232552,0.3701500699225771,0.0015023075745459402,0.0,0.0,0.0,0.0003759833834823657,omni
-4.629335289268767,11.720138959831,1.765,0.0,0.0,0.010077834200516495,0.3700670702323195,0.0015007487365369925,0.0,0.0,0.0,0.000374783764197128,unicycle
-4.62193296396839,11.72024351020636,1.765,0.0,0.0,0.010085322095715808,0.37015015694649145,0.0014959602704417141,0.0,0.0,0.0,0.00037439475996561567,omni
-4.61453229926827,11.720348068114914,1.765,0.0,0.0,0.010092786096991466,0.3700671461327416,0.0014944073675669267,0.0,0.0,0.0,0.0003732000637830169,unicycle
-4.607129972948528,11.720452602636472,1.765,0.0,0.0,0.01010024234804951,0.3701502222112945,0.0014896385156979424,0.0,0.0,0.0,0.0003728125529022367,omni
-4.599729307420129,11.720557144549163,1.765,0.0,0.0,0.01010767480329056,0.3700672016959255,0.0014880915386197393,0.0,0.0,0.0,0.0003716227620523719,unicycle
-4.592326980452483,11.720661663255378,1.765,0.0,0.0,0.010115099538101897,0.37015026872363627,0.0014833422361357272,0.0,0.0,0.0,0.00037123674056696994,omni
-4.5849263144343455,11.720766189211856,1.765,0.0,0.0,0.010122500574844776,0.37006724015356324,0.0014818011756400165,0.0,0.0,0.0,0.0003700518371438734,unicycle
-4.577523987124506,11.720870692142242,1.765,0.0,0.0,0.010129893920865071,0.3701502997729318,0.001477071357727018,0.0,0.0,0.0,0.00036966730101480245,omni
-4.570123320890598,11.720975202183196,1.765,0.0,0.0,0.010137263666207937,0.37006726473631996,0.0014755362042549295,0.0,0.0,0.0,0.0003684872671432211,unicycle
-4.562720993482441,11.721079689378273,1.765,0.0,0.0,0.010144625750455206,0.37015031845294705,0.0014708258058133106,0.0,0.0,0.0,0.00036810421236348765,omni
-4.555320327248624,11.721184183545338,1.765,0.0,0.0,0.010151964331060729,0.37006727835156983,0.0014692965492643835,0.0,0.0,0.0,0.00036692903027619545,unicycle
-4.547917999932212,11.721288655046527,1.765,0.0,0.0,0.010159295280119116,0.3701503274562735,0.0014646055047977371,0.0,0.0,0.0,0.00036654745291943503,omni
-4.540517333865088,11.721393133382183,1.765,0.0,0.0,0.010166602822218805,0.3700672834640874,0.0014630821344807812,0.0,0.0,0.0,0.0003653771049846746,unicycle
-4.533115006785827,11.721497589231685,1.765,0.0,0.0,0.010173902762243153,0.37015032901772305,0.0014584103780908738,0.0,0.0,0.0,0.00036499700121725697,omni
-4.525714341011835,11.721602051779135,1.765,0.0,0.0,0.010181179391641952,0.37006728208414297,0.0014568928827488389,0.0,0.0,0.0,0.00036383146993999437,unicycle
-4.518312014279244,11.721706492019823,1.765,0.0,0.0,0.010188448448362244,0.37015032493343997,0.0014522403481804181,0.0,0.0,0.0,0.0003634528360146316,omni
-4.510911348892943,11.72181093882289,1.765,0.0,0.0,0.010195694290442748,0.3700672758073178,0.0014507287160472873,0.0,0.0,0.0,0.0003622921040251561,unicycle
-4.503509022588373,11.721915363498217,1.765,0.0,0.0,0.010202932589168075,0.37015031661372516,0.0014460953367517308,0.0,0.0,0.0,0.00036191493626639717,omni
-4.496108357659541,11.722019794601252,1.765,0.0,0.0,0.010210147768894158,0.370067265874671,0.001444589555618237,0.0,0.0,0.0,0.0003607589863041628,unicycle
-4.48870603184262,11.722124203755161,1.765,0.0,0.0,0.010217355434515985,0.3701503051464407,0.0014399752648189554,0.0,0.0,0.0,0.00036038328109131877,omni
-4.4813053674220615,11.722228619202964,1.765,0.0,0.0,0.010224540076435742,0.37006725323647033,0.0014384753220953873,0.0,0.0,0.0,0.00035923209598781917,unicycle
-4.4739030421359045,11.72233301287981,1.765,0.0,0.0,0.010231717233430509,0.3701502913590593,0.0014338800528472158,0.0,0.0,0.0,0.0003588578497383206,omni
-4.466502378260092,11.722437412717573,1.765,0.0,0.0,0.010238871461678534,0.3700672386112316,0.0014323859356184941,0.0,0.0,0.0,0.0003577114124013351,unicycle
-4.4591000535354,11.722541790962081,1.765,0.0,0.0,0.010246018234109656,0.37015027587387306,0.0014278096208584098,0.0,0.0,0.0,0.00035733862155599066,omni
-4.451699390230083,11.722646175235331,1.765,0.0,0.0,0.010253142172408775,0.37006722253665036,0.0014263213159298662,0.0,0.0,0.0,0.0003561969149560391,unicycle
-4.444297066088325,11.722750538092546,1.765,0.0,0.0,0.010260258683928106,0.37015025915446925,0.0014217638885182767,0.0,0.0,0.0,0.0003558255759665625,omni
-4.436896403371311,11.72285490684711,1.765,0.0,0.0,0.010267352455590618,0.37006720541163174,0.0014202813824525052,0.0,0.0,0.0,0.00035468858312561185,unicycle
-4.42949407982713,11.72295925436236,1.765,0.0,0.0,0.010274438829439505,0.37015024154345333,0.0014157427752062067,0.0,0.0,0.0,0.00035431869244453363,omni
-4.422093417710385,11.723063607644333,1.765,0.0,0.0,0.010281502557368047,0.3700671875299307,0.0014142660543519422,0.0,0.0,0.0,0.0003531863964270942,unicycle
-4.414691094773431,11.723167939863202,1.765,0.0,0.0,0.010288558916378044,0.3701502232922843,0.0014097462000696036,0.0,0.0,0.0,0.0003528179504997444,omni
-4.407290433264654,11.723272277718918,1.765,0.0,0.0,0.01029559272306616,0.370067169106486,0.0014082752505840276,0.0,0.0,0.0,0.0003516903344057735,unicycle
-4.3998881109409425,11.723376594687217,1.765,0.0,0.0,0.010302619189659443,0.3701502045844182,0.0014037740820658992,0.0,0.0,0.0,0.0003513233296641143,omni
-4.392487450044736,11.723480917163226,1.765,0.0,0.0,0.010309623197191918,0.3700671502976838,0.0014023088899319767,0.0,0.0,0.0,0.0003502003766237236,unicycle
-4.385085128337648,11.723585218926981,1.765,0.0,0.0,0.010316619893381554,0.370150185552991,0.0013978263399953021,0.0,0.0,0.0,0.00034983480948171076,omni
-4.377684468056384,11.723689526070036,1.765,0.0,0.0,0.010323594223434577,0.3700671312167407,0.0013963668910353536,0.0,0.0,0.0,0.00034871650265117475,unicycle
-4.370282146967414,11.723793812675467,1.765,0.0,0.0,0.010330561270824604,0.37015016629416503,0.0013919028925264744,0.0,0.0,0.0,0.00034835236950141564,omni
-4.3628814873018635,11.723898104532505,1.765,0.0,0.0,0.010337506044665814,0.3700671119452554,0.0013904491724127397,0.0,0.0,0.0,0.0003472386920604177,unicycle
-4.3554791668311506,11.724002376026013,1.765,0.0,0.0,0.010344443564451248,0.37015014687710296,0.0013860036582164829,0.0,0.0,0.0,0.00034687598927180983,omni
-4.348078507780946,11.72410665264415,1.765,0.0,0.0,0.010351358902939676,0.3700670925418011,0.0013845556524794726,0.0,0.0,0.0,0.0003457669244214695,unicycle
-4.340676187927672,11.724210909072307,1.765,0.0,0.0,0.010358267015906432,0.37015012735135644,0.0013801285555267117,0.0,0.0,0.0,0.0003454056483376265,omni
-4.333275529491637,11.724315170498812,1.765,0.0,0.0,0.010365153039492413,0.37006707304826875,0.0013786862495621657,0.0,0.0,0.0,0.0003443011792992792,unicycle
-4.325873210254303,11.72441941190835,1.765,0.0,0.0,0.010372031866017165,0.37015010775230256,0.0013742775028362836,0.0,0.0,0.0,0.0003439413262374766,omni
-4.3184725524306975,11.724523658190652,1.765,0.0,0.0,0.010378888694742199,0.37006705349451824,0.001372840881911005,0.0,0.0,0.0,0.0003428414362518095,unicycle
-4.311070233807337,11.724627884628449,1.765,0.0,0.0,0.010385738354792248,0.370150088105117,0.0013684504184532495,0.0,0.0,0.0,0.00034248300250251386,omni
-4.303669576594025,11.724732115814113,1.765,0.0,0.0,0.010392566108288837,0.37006703390176776,0.0013670194677101494,0.0,0.0,0.0,0.00034138767482938797,unicycle
-4.296267258582342,11.72483632732719,1.765,0.0,0.0,0.010399386721421957,0.3701500684276623,0.0013626472206244018,0.0,0.0,0.0,0.00034103065665611314,omni
-4.288866601976916,11.72494054346392,1.765,0.0,0.0,0.010406185518913447,0.37006701428505206,0.0013612219250870759,0.0,0.0,0.0,0.00033993987457447744,unicycle
-4.2814642845743895,11.725044740099428,1.765,0.0,0.0,0.010412977204277724,0.37015004873257684,0.00135686782754422,0.0,0.0,0.0,0.0003395842682138654,omni
-4.274063628574263,11.725148941235055,1.765,0.0,0.0,0.010419747164578162,0.3700669946549962,0.0013554481721212036,0.0,0.0,0.0,0.0003384980150219607,unicycle
-4.266661311778226,11.725253123040275,1.765,0.0,0.0,0.010426510040911843,0.37015002902878014,0.0013511121573632143,0.0,0.0,0.0,0.00033814381668410647,omni
-4.259260656380689,11.725357309222748,1.765,0.0,0.0,0.010433251282425842,0.370066975019091,0.001349698126851857,0.0,0.0,0.0,0.00033706207569986863,unicycle
-4.251858340188379,11.725461476245075,1.765,0.0,0.0,0.010439985468057219,0.3701500093225518,0.001345380128195439,0.0,0.0,0.0,0.0003367092815687586,omni
-4.244457685390646,11.72556564752245,1.765,0.0,0.0,0.010446698108779823,0.3700669553826051,0.0013439717072856639,0.0,0.0,0.0,0.0003356320361302725,unicycle
-4.237055369799242,11.72566979980939,1.765,0.0,0.0,0.010453403721627112,0.3701499896183026,0.0013396716581259597,0.0,0.0,0.0,0.0003352806423643589,omni
-4.229654715598484,11.725773956229833,1.765,0.0,0.0,0.010460087879143721,0.3700669357492367,0.0013382688314039566,0.0,0.0,0.0,0.0003342078758304891,unicycle
-4.222252400605129,11.725878093828996,1.765,0.0,0.0,0.010466765036714988,0.3701499699191239,0.0013339866652180895,0.0,0.0,0.0,0.0003338578785633652,omni
-4.214851746998494,11.725982235440767,1.765,0.0,0.0,0.010473420828201277,0.3700669161215758,0.0013325894171698801,0.0,0.0,0.0,0.00033278957431442935,unicycle
-4.207449432600316,11.726086358399858,1.765,0.0,0.0,0.01048006964759439,0.3701499502271774,0.0013283250675203673,0.0,0.0,0.0,0.00033244096965550653,omni
-4.200048779584942,11.726190485251319,1.765,0.0,0.0,0.010486697189816267,0.3700668965014329,0.001326933382535375,0.0,0.0,0.0,0.00033137711109392073,unicycle
-4.192646465779072,11.726294593618139,1.765,0.0,0.0,0.01049331778771885,0.3701499305439715,0.0013226867830736064,0.0,0.0,0.0,0.00033102989512916474,omni
-4.185245813352102,11.726398705757724,1.765,0.0,0.0,0.010499917197032456,0.37006687689007156,0.00132130064544798,0.0,0.0,0.0,0.00032997046568019375,unicycle
-4.1778435001356735,11.726502799580153,1.765,0.0,0.0,0.010506509689721914,0.3701499108705565,0.0013170717299172533,0.0,0.0,0.0,0.0003296246344728907,omni
-4.17044284829426,11.726606897056381,1.765,0.0,0.0,0.010513081082073618,0.3700668572883713,0.001315691123857252,0.0,0.0,0.0,0.0003285696175853737,unicycle
-4.163040535664423,11.726710976382382,1.765,0.0,0.0,0.010519645585417157,0.3701498912076612,0.0013114798260961474,0.0,0.0,0.0,0.00032822516717686395,omni
-4.155639884405733,11.72681505924385,1.765,0.0,0.0,0.010526189076343633,0.37006683769694265,0.0013101047357215023,0.0,0.0,0.0,0.00032717454632390144,unicycle
-4.148237572359652,11.726919124121455,1.765,0.0,0.0,0.010532725705798324,0.3701498715557897,0.001305910989666991,0.0,0.0,0.0,0.00032683147273442715,omni
-4.140836921680876,11.72702319241682,1.765,0.0,0.0,0.010539241410426607,0.37006681811620873,0.001304541399014111,0.0,0.0,0.0,0.00032578523141426035,unicycle
-4.133434610215736,11.727127242894127,1.765,0.0,0.0,0.010545750281039483,0.3701498519152896,0.0013003651387045651,0.0,0.0,0.0,0.0003254435306437152,omni
-4.12603396011408,11.727231296672112,1.765,0.0,0.0,0.010552238314087086,0.3700667985464614,0.001299001031729799,0.0,0.0,0.0,0.0003244016523803331,unicycle
-4.118631649227091,11.727335332797287,1.765,0.0,0.0,0.01055871954049527,0.37014983228639836,0.0012948421913081224,0.0,0.0,0.0,0.0003240613204090279,omni
-4.111230999699788,11.72743937210667,1.765,0.0,0.0,0.010565180016270328,0.3700667789879004,0.0012934835518909624,0.0,0.0,0.0,0.0003230237887529589,unicycle
-4.1038286893881795,11.727543393927931,1.765,0.0,0.0,0.010571633712701175,0.3701498126692766,0.0012893420656075387,0.0,0.0,0.0,0.0003226848215423961,omni
-4.0964280404324835,11.727647418817542,1.765,0.0,0.0,0.010578066745102603,0.3700667594406613,0.0012879888775537128,0.0,0.0,0.0,0.0003216516200713946,unicycle
-4.089025730693513,11.727751426383154,1.765,0.0,0.0,0.010584493025373906,0.3701497930640313,0.0012838646797692682,0.0,0.0,0.0,0.0003213140135650055,omni
-4.081625082306703,11.727855436901867,1.765,0.0,0.0,0.010590898727891599,0.3700667399048345,0.0012825169268137035,0.0,0.0,0.0,0.0003202851258847419,unicycle
-4.074222773137651,11.727959430260146,1.765,0.0,0.0,0.010597297705411774,0.3701497734707315,0.0012784099520020053,0.0,0.0,0.0,0.0003199488760086642,omni
-4.0668221253170325,11.72806342645688,1.765,0.0,0.0,0.010603676191126845,0.3700667203804788,0.001277067617811898,0.0,0.0,0.0,0.000318924285753468,unicycle
-4.059419816715206,11.728167405656178,1.765,0.0,0.0,0.010610047978895192,0.3701497538894199,0.0012729778005626945,0.0,0.0,0.0,0.0003185893884172889,omni
-4.0520191694581085,11.728271387579879,1.765,0.0,0.0,0.010616399360480207,0.37006670086763066,0.0012716408687404252,0.0,0.0,0.0,0.00031756907925080185,unicycle
-4.044616861420837,11.728375352668587,1.765,0.0,0.0,0.01062274407108717,0.37014973432012027,0.00126756814376198,0.0,0.0,0.0,0.00031723553034823155,omni
-4.037216214724617,11.728479320368244,1.765,0.0,0.0,0.010629068460806452,0.3700666813663105,0.0012662365978480313,0.0,0.0,0.0,0.00031621948596400397,unicycle
-4.029813907249257,11.72858327139478,1.765,0.0,0.0,0.010635386206433926,0.3701497147628426,0.0012621808999698876,0.0,0.0,0.0,0.000315887281373664,omni
-4.022413261111292,11.728687224919398,1.765,0.0,0.0,0.010641683716143843,0.37006666187652676,0.0012608547234455795,0.0,0.0,0.0,0.0003148754854959563,unicycle
-4.015010954195226,11.728791161932207,1.765,0.0,0.0,0.010647974608565482,0.37014969521758684,0.0012568159876208862,0.0,0.0,0.0,0.00031454462108201724,omni
-4.007610308612923,11.728895101330814,1.765,0.0,0.0,0.010654245349714805,0.37006664239827974,0.0012554951639111285,0.0,0.0,0.0,0.0003135370574662412,unicycle
-4.000208002253558,11.728999024378364,1.765,0.0,0.0,0.010660509500296386,0.3701496756843459,0.0012514733252192386,0.0,0.0,0.0,0.00031320752907911355,omni
-3.992807357224348,11.729102949700005,1.765,0.0,0.0,0.01066675358392664,0.3700666229315631,0.0012501578376953103,0.0,0.0,0.0,0.0003122041815125686,unicycle
-3.985405051419115,11.729206858830777,1.765,0.0,0.0,0.010672991103626432,0.3701496561631072,0.0012461528313442384,0.0,0.0,0.0,0.0003118759849895711,omni
-3.9780044069404514,11.729310770124512,1.765,0.0,0.0,0.010679208640372272,0.37006660347636583,0.0012448426633263924,0.0,0.0,0.0,0.00031087683729196305,unicycle
-3.970602101686807,11.729414665387003,1.765,0.0,0.0,0.010685419639741432,0.3701496366538536,0.0012408544246550676,0.0,0.0,0.0,0.0003105499684579535,omni
-3.96320145775617,11.729518562701895,1.765,0.0,0.0,0.010691610739831072,0.3700665840326731,0.0012395495594151255,0.0,0.0,0.0,0.00030955500448198286,unicycle
-3.9557991530515952,11.729622444144605,1.765,0.0,0.0,0.01069779532901407,0.37014961715656486,0.0012355780238957382,0.0,0.0,0.0,0.0003092294591500211,omni
-3.9483985096664895,11.729726327529722,1.765,0.0,0.0,0.010703960102269712,0.37006656460046694,0.0012342784446595957,0.0,0.0,0.0,0.00030823866278197444,unicycle
-3.94099620550849,11.729830195201156,1.765,0.0,0.0,0.010710118391004792,0.37014959767121786,0.0012303235478997336,0.0,0.0,0.0,0.00030791443675394107,omni
-3.9335955626664436,11.729934064705564,1.765,0.0,0.0,0.010716256946843075,0.37006654517972676,0.0012290292378498886,0.0,0.0,0.0,0.0003069277919142078,unicycle
-3.9261932590525492,11.730037918654228,1.765,0.0,0.0,0.010722389044462707,0.37014957819778704,0.0012250909155948138,0.0,0.0,0.0,0.00030660488098147075,omni
-3.9187926167511153,11.730141774326993,1.765,0.0,0.0,0.010728501491895208,0.3700665257704297,0.0012238018578728414,0.0,0.0,0.0,0.00030562237162517483,unicycle
-3.9113903136788792,11.730245614601388,1.765,0.0,0.0,0.01073460750732659,0.3701495587362448,0.0012198800460075888,0.0,0.0,0.0,0.0003053007715691417,omni
-3.9039896719156335,11.730349456491567,1.765,0.0,0.0,0.01074069395496032,0.370066506372551,0.0012185962237164349,0.0,0.0,0.0,0.00030432238168652374,unicycle
-3.896587369382635,11.730453283140184,1.765,0.0,0.0,0.010746773996725906,0.3701495392865617,0.0012146908582677223,0.0,0.0,0.0,0.00030400208827922545,omni
-3.8891867281551784,11.730557111296813,1.765,0.0,0.0,0.01075283455276383,0.37006648698606404,0.001213412254473991,0.0,0.0,0.0,0.0003030278018962201,unicycle
-3.8817844261590175,11.730660924368133,1.765,0.0,0.0,0.010758888728981848,0.3701495198487064,0.001209523271612217,0.0,0.0,0.0,0.000302708810900871,omni
-3.8743837854649747,11.730764738840241,1.765,0.0,0.0,0.010764923501223437,0.37006646761094036,0.0012082498693484665,0.0,0.0,0.0,0.0003017386120795267,unicycle
-3.8669814840032775,11.730868538382724,1.765,0.0,0.0,0.010770951919608458,0.3701495004226462,0.0012043772053896545,0.0,0.0,0.0,0.0003014209192510823,omni
-3.8595808438402948,11.730972339219313,1.765,0.0,0.0,0.01077696101545026,0.3700664482471503,0.0012031089876565547,0.0,0.0,0.0,0.0003004547920900687,unicycle
-3.8521785429107087,11.731076125281406,1.765,0.0,0.0,0.010782963783313776,0.3701494810083472,0.0011992525790641,0.0,0.0,0.0,0.00030013839317583486,omni
-3.8447779032764564,11.73117991253146,1.765,0.0,0.0,0.010788947309749995,0.37006642889466296,0.0011979895288327476,0.0,0.0,0.0,0.00029917632181097236,unicycle
-3.8373756028766532,11.731283685161578,1.765,0.0,0.0,0.010794924534001013,0.37014946160577405,0.0011941493122195176,0.0,0.0,0.0,0.0002988612125510694,omni
-3.829974963768825,11.731387458874048,1.765,0.0,0.0,0.010800882597624127,0.37006640955344594,0.0011928914124334673,0.0,0.0,0.0,0.0002979031811556189,unicycle
-3.8225726638964996,11.731491218120588,1.765,0.0,0.0,0.010806834384769797,0.3701494422148901,0.001189067324563228,0.0,0.0,0.0,0.0002975893572835435,omni
-3.815172025312812,11.731594978344399,1.765,0.0,0.0,0.010812767091771171,0.37006639022346544,0.001187814558140596,0.0,0.0,0.0,0.0002966353500687887,unicycle
-3.8077697259656804,11.731698724255724,1.765,0.0,0.0,0.01081869354791741,0.3701494228356574,0.0011840065359299515,0.0,0.0,0.0,0.0002963228073119339,omni
-3.8003690879038707,11.731802471039762,1.765,0.0,0.0,0.010824601004087962,0.3700663709046866,0.0011827588857654038,0.0,0.0,0.0,0.00029537280852751785,unicycle
-3.7929667890796734,11.7319062036642,1.765,0.0,0.0,0.010830502234940118,0.37014940346803693,0.0011789668662852315,0.0,0.0,0.0,0.0002950615426076694,omni
-3.7855661515375045,11.732009937057319,1.765,0.0,0.0,0.01083638454567096,0.37006635159707335,0.0011777243152519428,0.0,0.0,0.0,0.00029411553654204025,unicycle
-3.7781638532340027,11.732113656443163,1.765,0.0,0.0,0.010842260656534475,0.37014938411198867,0.001173948235729074,0.0,0.0,0.0,0.0002938055431758245,omni
-3.770763216209257,11.732217376494173,1.765,0.0,0.0,0.010848117926817606,0.37006633230058855,0.0011727107666807076,0.0,0.0,0.0,0.00029286351415653796,unicycle
-3.7633609184242354,11.732321082689674,1.765,0.0,0.0,0.010853969022598725,0.37014936476747123,0.0011689505644994838,0.0,0.0,0.0,0.0002925547890559379,omni
-3.7559602819147178,11.732424789447345,1.765,0.0,0.0,0.010859801357027729,0.37006631301519394,0.0011677181602720577,0.0,0.0,0.0,0.00029161672145014807,unicycle
-3.748557984645983,11.732528482500713,1.765,0.0,0.0,0.010865627542234187,0.3701493454344424,0.0011639737729757724,0.0,0.0,0.0,0.0002913092603229388,omni
-3.7411573486495207,11.732632176013762,1.765,0.0,0.0,0.01087143504500494,0.3700662937408499,0.0011627464163895109,0.0,0.0,0.0,0.0002903751385376476,unicycle
-3.7337550518948994,11.73273585597316,1.765,0.0,0.0,0.010877236423746698,0.3701493261128589,0.0011590177816818855,0.0,0.0,0.0,0.00029006893708788514,omni
-3.7263544164093423,11.73283953629026,1.765,0.0,0.0,0.010883019198658106,0.37006627447751655,0.001157795455543042,0.0,0.0,0.0,0.00028913874557041767,unicycle
-3.718952120166685,11.732943203203801,1.765,0.0,0.0,0.010888795874648085,0.3701493068026767,0.0011540825112896272,0.0,0.0,0.0,0.00028883379949892453,omni
-3.7115514851899025,11.733046870373569,1.765,0.0,0.0,0.010894554025102827,0.37006625522515285,0.0011528651983922654,0.0,0.0,0.0,0.00028790752273725876,unicycle
-3.70414918945708,11.733150524289316,1.765,0.0,0.0,0.010900306101657669,0.3701492875038511,0.0011491678826218103,0.0,0.0,0.0,0.00028760382774200405,omni
-3.696748554678056,11.733254178364515,1.765,0.0,0.0,0.01090603973066297,0.37006625143050537,0.0011479556072531165,0.0,0.0,0.0,0.00028668145026502427,unicycle
-3.6893462582055725,11.733357819346189,1.765,0.0,0.0,0.010911767310326236,0.3701493305905122,0.001144273921992014,0.0,0.0,0.0,0.00028637898316347023,omni
-3.681945621668634,11.733461460398734,1.765,0.0,0.0,0.010917476519536366,0.3700663453329233,0.001143066665879289,0.0,0.0,0.0,0.00028546046050655966,unicycle
-3.6745433228106847,11.733565088513528,1.765,0.0,0.0,0.010923179703885838,0.3701494558800142,0.00113940050888642,0.0,0.0,0.0,0.00028515921747349906,omni
-3.667142683540432,11.733668716603212,1.765,0.0,0.0,0.010928864594940295,0.3700664879161983,0.0011381982251205678,0.0,0.0,0.0,0.00028424455272287616,unicycle
-3.6597403818105363,11.733772331904605,1.765,0.0,0.0,0.010934543485800677,0.37014960540307706,0.001134547513615902,0.0,0.0,0.0,0.0002839445430191446,omni
-3.6523397396703414,11.733875947081287,1.765,0.0,0.0,0.010940204160413141,0.3700666372397078,0.001133350170125445,0.0,0.0,0.0,0.0002830337306231357,unicycle
-3.644937435175849,11.733979549615723,1.765,0.0,0.0,0.010945858859550517,0.3701497494671524,0.0011297148328334883,0.0,0.0,0.0,0.0002827349568687072,omni
-3.6375367904371543,11.73408315192441,1.765,0.0,0.0,0.010951495419276008,0.3700667728996689,0.0011285224060831205,0.0,0.0,0.0,0.0002818279862745099,unicycle
-3.6301344835538654,11.734186741735122,1.765,0.0,0.0,0.01095712602822163,0.3701498746496876,0.0011249023782617742,0.0,0.0,0.0,0.00028153044728111877,omni
-3.6227338366527753,11.734290331218833,1.765,0.0,0.0,0.010962738574324275,0.3700668866632931,0.0011237148493662419,0.0,0.0,0.0,0.00028062730513233876,unicycle
-3.615331527845045,11.734393908347972,1.765,0.0,0.0,0.010968345194276367,0.3701499765237066,0.001120110069784143,0.0,0.0,0.0,0.00028033099760456327,omni
-3.607930879251366,11.734497485049285,1.765,0.0,0.0,0.010973933827657394,0.3700669768463817,0.0011189274221827155,0.0,0.0,0.0,0.000279431669051379,unicycle
-3.60052856897862,11.734601049539007,1.765,0.0,0.0,0.010979516559429239,0.37015005533663226,0.0011153378313423779,0.0,0.0,0.0,0.0002791365885922713,omni
-3.593127919130881,11.734704613500817,1.765,0.0,0.0,0.010985081380590405,0.3700670450138624,0.0011141600494598224,0.0,0.0,0.0,0.0002782410580581939,unicycle
-3.585725607804131,11.734808165393805,1.765,0.0,0.0,0.010990640324585424,0.3701501135102706,0.0011105855885988345,0.0,0.0,0.0,0.00027794719975083877,omni
-3.578324957082142,11.73491171665964,1.765,0.0,0.0,0.010996181433612816,0.3700670941028658,0.0011094126571152834,0.0,0.0,0.0,0.0002770554513697377,unicycle
-3.570922645048369,11.735015255999263,1.765,0.0,0.0,0.011001716689814879,0.37015015424738634,0.0011058532676815314,0.0,0.0,0.0,0.00027676281010316224,omni
-3.5635219937661784,11.735118794613362,1.765,0.0,0.0,0.011007234186374058,0.3700671274025961,0.0011046851711671189,0.0,0.0,0.0,0.0002758748279589866,unicycle
-3.5561196813073837,11.735222321443695,1.765,0.0,0.0,0.011012745854346102,0.37015018079811796,0.0011011407945726872,0.0,0.0,0.0,0.0002755833986021791,omni
-3.54871902971654,11.735325847450964,1.765,0.0,0.0,0.01101823983768315,0.3700671480392211,0.001099977517332798,0.0,0.0,0.0,0.00027469916685243627,unicycle
-3.5413167170557927,11.735429361816706,1.765,0.0,0.0,0.011023728016569947,0.37015019611012295,0.0010964480948653559,0.0,0.0,0.0,0.0002744089443398812,omni
-3.5339160653531256,11.735532875262617,1.765,0.0,0.0,0.011029198585515394,0.37006715874982665,0.001095289620901058,0.0,0.0,0.0,0.0002735284472723011,unicycle
-3.5265137526633015,11.735636377208976,1.765,0.0,0.0,0.011034663374048181,0.37015020269421023,0.0010917750937179897,0.0,0.0,0.0,0.00027323942663936434,omni
-3.51911310100005,11.735739878139457,1.765,0.0,0.0,0.011040110627022008,0.3700671618149485,0.0010906214067444115,0.0,0.0,0.0,0.00027236264869135113,unicycle
-3.5117107884129575,11.735843367712045,1.765,0.0,0.0,0.011045552123523655,0.3701502026047764,0.0010871217159061607,0.0,0.0,0.0,0.00027207482508248115,omni
-3.5043101369036247,11.735946856173369,1.765,0.0,0.0,0.011050976158540478,0.37006715907245147,0.0010859727993960604,0.0,0.0,0.0,0.0002712017508410756,unicycle
-3.4969078245184058,11.736050333418094,1.765,0.0,0.0,0.011056394460930563,0.37015019747620814,0.0010824878859143207,0.0,0.0,0.0,0.0002709151195041901,omni
-3.4895071732485947,11.736153809456784,1.765,0.0,0.0,0.011061795375604495,0.37006715196829204,0.0010813437231483767,0.0,0.0,0.0,0.0002700457336965459,unicycle
-3.48210486113894,11.736257274419767,1.765,0.0,0.0,0.011067190581403926,0.3701501885819771,0.0010778735280353134,0.0,0.0,0.0,0.0002697602899714473,omni
-3.4747042101719314,11.736360738082519,1.765,0.0,0.0,0.011072568472952965,0.37006714161956084,0.00107673410215002,0.0,0.0,0.0,0.0002688945774519164,unicycle
-3.4673018983920216,11.736464190810018,1.765,0.0,0.0,0.011077940679288103,0.37015017689850427,0.0010732785664628295,0.0,0.0,0.0,0.00026861031675686804,omni
-3.4599012477741007,11.736567642143632,1.765,0.0,0.0,0.011083295644537972,0.37006712887700205,0.0010721438604918542,0.0,0.0,0.0,0.0002677482624933947,unicycle
-3.452498936363354,11.736671082681982,1.765,0.0,0.0,0.011088644948144212,0.37015016316488825,0.0010687029253697669,0.0,0.0,0.0,0.00026746518031185013,omni
-3.445098286128014,11.736774521733304,1.765,0.0,0.0,0.011093977083531673,0.3700671143810406,0.001067572922277636,0.0,0.0,0.0,0.0002666067693731141,unicycle
-3.437695975114794,11.736877950128877,1.765,0.0,0.0,0.011099303580756512,0.37015014793471845,0.001064146528971412,0.0,0.0,0.0,0.0002663248612420943,omni
-3.430295325285998,11.736981376944783,1.765,0.0,0.0,0.01110461298233225,0.3700670986091566,0.0010630212116801525,0.0,0.0,0.0,0.00026547007878682767,unicycle
-3.422893014690467,11.737084793243952,1.765,0.0,0.0,0.01110991676913799,0.3701501316189883,0.0010596093015750635,0.0,0.0,0.0,0.0002651893402869592,omni
-3.415492365285132,11.737188207871288,1.765,0.0,0.0,0.011115203532569081,0.3700670819144546,0.001058488652984085,0.0,0.0,0.0,0.000264338171554581,unicycle
-3.408090055121412,11.737291612120398,1.765,0.0,0.0,0.011120484704535116,0.37015011452053215,0.0010550911676162659,0.0,0.0,0.0,0.0002640585983017603,omni
-3.4006894061512867,11.737395014605973,1.765,0.0,0.0,0.01112574892510721,0.37006706455623706,0.001053975170617117,0.0,0.0,0.0,0.00026321102860478375,unicycle
-3.393287096429083,11.73749840685132,1.765,0.0,0.0,0.01113100757743208,0.3701500968610343,0.0010505920516859146,0.0,0.0,0.0,0.000262932616243493,omni
-3.385886447902147,11.737601797241881,1.765,0.0,0.0,0.011136249350051312,0.3700670467237608,0.0010494806891730994,0.0,0.0,0.0,0.000262088630961456,unicycle
-3.3784841386279543,11.737705177529692,1.765,0.0,0.0,0.011141485577554502,0.3701500788018441,0.0010461118785496924,0.0,0.0,0.0,0.00026181137515957553,omni
-3.3710834905494576,11.737808555871926,1.765,0.0,0.0,0.011146704996749194,0.37006702855441204,0.0010450051334283867,0.0,0.0,0.0,0.000260970959734397,unicycle
-3.363681181727451,11.737911924248362,1.765,0.0,0.0,0.011151918893872775,0.37015006045979737,0.001041650573161819,0.0,0.0,0.0,0.00026069485617915287,omni
-3.3562805341006734,11.738015290588862,1.765,0.0,0.0,0.011157116053795001,0.3700670101474408,0.0010405484283532997,0.0,0.0,0.0,0.0002598579961114065,unicycle
-3.34887822573336,11.738118647099999,1.765,0.0,0.0,0.011162307714605125,0.37015004191910794,0.0010372080606745177,0.0,0.0,0.0,0.00025958304050617163,omni
-3.341477578560171,11.738222001485273,1.765,0.0,0.0,0.01116748270903217,0.3700669915742325,0.0010361104991198696,0.0,0.0,0.0,0.0002587497213521452,unicycle
-3.3340752706488654,11.738325346177088,1.765,0.0,0.0,0.01117265222722045,0.37015002324022156,0.0010327842664442824,0.0,0.0,0.0,0.000258475909414087,omni
-3.3266746239301277,11.738428688653556,1.765,0.0,0.0,0.011177805149556123,0.37006697288592505,0.0010316912711069476,0.0,0.0,0.0,0.0002576461167836901,unicycle
-3.3192723164752946,11.738532021571942,1.765,0.0,0.0,0.011182952618440961,0.3701500044663565,0.0010283791160360777,0.0,0.0,0.0,0.0002573734442419535,omni
-3.311871670211156,11.738635352185913,1.765,0.0,0.0,0.011188083561716902,0.37006695411901547,0.0010272906699036967,0.0,0.0,0.0,0.00025654716379695054,unicycle
-3.304469363212661,11.738738673376659,1.765,0.0,0.0,0.011193209074244728,0.3701499856283019,0.001023992535226278,0.0,0.0,0.0,0.00025627562639131207,omni
-3.2970687174027655,11.738841992174347,1.765,0.0,0.0,0.01119831813112161,0.3700669352994599,0.0010229086213119978,0.0,0.0,0.0,0.0002554528438440964,unicycle
-3.2896664108600535,11.738945301683136,1.765,0.0,0.0,0.011203421779868092,0.37014996674791695,0.0010196244500045774,0.0,0.0,0.0,0.00025518243732396,omni
-3.2822657655036944,11.739048608710645,1.765,0.0,0.0,0.011208509042636821,0.3700669164456567,0.001018545051347893,0.0,0.0,0.0,0.00025436313843653466,unicycle
-3.274863459415915,11.739151906583059,1.765,0.0,0.0,0.011213590919808026,0.37014994784066974,0.0010152747865750087,0.0,0.0,0.0,0.0002540938585602322,omni
-3.2674628145121405,11.739255201886387,1.765,0.0,0.0,0.011218656480390898,0.3700668975706044,0.0010141998862425797,0.0,0.0,0.0,0.0002532780291435423,unicycle
-3.2600605088782415,11.739358488167898,1.765,0.0,0.0,0.011223716677824458,0.3701499289174701,0.0010109434713571528,0.0,0.0,0.0,0.0002530098716779631,omni
-3.2526598644259304,11.73946177179293,1.765,0.0,0.0,0.011228760627776288,0.37006687868345683,0.0010098730524433857,0.0,0.0,0.0,0.00025219749759152496,unicycle
-3.24525755924472,11.739565046528904,1.765,0.0,0.0,0.011233799236942522,0.37014990998598724,0.0010066304309866176,0.0,0.0,0.0,0.00025193045831168367,omni
-3.237856915242639,11.739668318521414,1.765,0.0,0.0,0.01123882166745178,0.3700668597906383,0.0010055644766142177,0.0,0.0,0.0,0.00025112152546294386,unicycle
-3.2304546105128336,11.7397715817571,1.765,0.0,0.0,0.011243838779454812,0.37014989105159385,0.0010023355923157399,0.0,0.0,0.0,0.0002508556001517505,omni
-3.2230539669596743,11.73987484216275,1.765,0.0,0.0,0.01124883978134473,0.37006684089664216,0.0010012740856362636,0.0,0.0,0.0,0.00025005009449592143,unicycle
-3.2156516626799303,11.73997809394329,1.765,0.0,0.0,0.011253835486923616,0.3701498721180395,0.0009980588824141322,0.0,0.0,0.0,0.00024978527894419775,omni
-3.2082510195743366,11.740081342807624,1.765,0.0,0.0,0.011258815150653296,0.37006682200459845,0.0009970018066084653,0.0,0.0,0.0,0.00024898318648418653,unicycle
-3.2008487157432732,11.740184583178042,1.765,0.0,0.0,0.011263789540183106,0.37014985318792976,0.0009938002285691328,0.0,0.0,0.0,0.00024871947649051426,omni
-3.193448073083859,11.740287820546492,1.765,0.0,0.0,0.011268747955848635,0.37006680311667745,0.0009927475668480388,0.0,0.0,0.0,0.00024792078327653564,unicycle
-3.186045769700073,11.740391049551704,1.765,0.0,0.0,0.011273701119341582,0.37014983426306514,0.0009895595582864463,0.0,0.0,0.0,0.00024765817464730106,omni
-3.1786451274854386,11.74049427546958,1.765,0.0,0.0,0.01127863837667712,0.370066784234375,0.0009885112938910544,0.0,0.0,0.0,0.00024686286677698654,unicycle
-3.1712428245475173,11.740597493154379,1.765,0.0,0.0,0.01128357040378365,0.3701498153446821,0.0009853367992905574,0.0,0.0,0.0,0.00024660135532642653,omni
-3.163842182776256,11.740700707666875,1.765,0.0,0.0,0.011288486592162542,0.3700667653587153,0.0009842929154928576,0.0,0.0,0.0,0.0002458094189446338,unicycle
-3.1564398802827838,11.74080391407594,1.765,0.0,0.0,0.01129339757217244,0.37014979643362245,0.000981131879525258,0.0,0.0,0.0,0.00024554900049489955,omni
-3.1490392389534883,11.740907117228131,1.765,0.0,0.0,0.011298292780608312,0.37006674649039223,0.0009800923596286941,0.0,0.0,0.0,0.00024476042179373157,unicycle
-3.1416369369030526,11.741010312406024,1.765,0.0,0.0,0.011303182802451815,0.37014977753045203,0.0009769447271543619,0.0,0.0,0.0,0.0002445010921750345,omni
-3.1342362960143215,11.741113504242865,1.765,0.0,0.0,0.01130805711959969,0.37006672762986936,0.0009759095544943448,0.0,0.0,0.0,0.0002437158573938581,unicycle
-3.126833994405516,11.741216688234022,1.765,0.0,0.0,0.011312926271848578,0.37014975863554467,0.0009727752705621567,0.0,0.0,0.0,0.00024345761244450918,omni
-3.119433353955956,11.741319868800346,1.765,0.0,0.0,0.011317779786005976,0.3700667087774503,0.0009717444285065412,0.0,0.0,0.0,0.00024267570786980886,unicycle
-3.112031052787383,11.741423041649096,1.765,0.0,0.0,0.011322628156874704,0.3701497397491407,0.0009686234383538721,0.0,0.0,0.0,0.0002424185434363679,omni
-3.104630412775609,11.741526210989612,1.765,0.0,0.0,0.011327460955982742,0.37006668993332725,0.0009675969103036369,0.0,0.0,0.0,0.000241639955401869,unicycle
-3.0972281120458818,11.74162937274015,1.765,0.0,0.0,0.011332288633329525,0.37014972087138776,0.0009644891593566334,0.0,0.0,0.0,0.00024138386733920517,omni
-3.089827472470522,11.741732530899446,1.765,0.0,0.0,0.011337100804974036,0.370066671097615,0.0009634669287463567,0.0,0.0,0.0,0.00024060858222569697,unicycle
-3.082425172178266,11.741835681595854,1.765,0.0,0.0,0.011341907876301982,0.37014970200236913,0.0009603723626197197,0.0,0.0,0.0,0.00024035356639718976,omni
-3.0750245330379595,11.741938828618395,1.765,0.0,0.0,0.011346699507714638,0.3700666522703755,0.0009593544129181166,0.0,0.0,0.0,0.00023958157063274607,unicycle
-3.067622233181813,11.74204196830463,1.765,0.0,0.0,0.011351486060172847,0.37014968314212426,0.0009562729774152743,0.0,0.0,0.0,0.0002393276229104163,omni
-3.060221594475213,11.742145104234755,1.765,0.0,0.0,0.011356257238232253,0.37006663345163354,0.0009552592921257472,0.0,0.0,0.0,0.00023855890297026655,unicycle
-3.0528192950538267,11.742248232954651,1.765,0.0,0.0,0.01136102335861695,0.37014966429066154,0.0009521909332388127,0.0,0.0,0.0,0.00023830601923486655,omni
-3.0454186567795984,11.742351357836574,1.765,0.0,0.0,0.011365774169849777,0.37006661464138846,0.0009511814958999395,0.0,0.0,0.0,0.000237540561641416,unicycle
-3.038016357791637,11.742454475633844,1.765,0.0,0.0,0.011370519944605428,0.3701496454479684,0.0009481261598096987,0.0,0.0,0.0,0.00023728873778253108,omni
-3.0306157199484596,11.742557589511652,1.765,0.0,0.0,0.011375250475187537,0.37006659583962226,0.000947120953995718,0.0,0.0,0.0,0.00023652652910530704,unicycle
-3.0232134213926014,11.742660696429876,1.765,0.0,0.0,0.011379975990407964,0.37014962661401807,0.000944078587071593,0.0,0.0,0.0,0.00023627576102152283,omni
-3.0158127839791677,11.74276379934753,1.765,0.0,0.0,0.011384686326165513,0.37006657704630486,0.0009430775963929598,0.0,0.0,0.0,0.00023551678787726735,unicycle
-3.008410485854104,11.742866895430172,1.765,0.0,0.0,0.011389391667595037,0.37014960778877354,0.0009400481451930945,0.0,0.0,0.0,0.00023526707147627666,omni
-3.0010098488691197,11.742969987431508,1.765,0.0,0.0,0.011394081894005615,0.370066558261398,0.0009390513532970058,0.0,0.0,0.0,0.00023451132052885662,unicycle
-2.993607551173556,11.7430730727219,1.765,0.0,0.0,0.011398767147040164,0.3701495889721914,0.0009360347645682293,0.0,0.0,0.0,0.00023426265172762076,omni
-2.986206914615742,11.743176153850621,1.765,0.0,0.0,0.011403437349233927,0.37006653948485835,0.0009350421551390683,0.0,0.0,0.0,0.00023351010968813174,unicycle
-2.978804617348397,11.743279228391971,1.765,0.0,0.0,0.011408102598922184,0.3701495701642236,0.0009320383758168051,0.0,0.0,0.0,0.00023326248441294742,omni
-2.9714039812164867,11.743382298691657,1.765,0.0,0.0,0.011412752861682977,0.37006652071663804,0.0009310499325766126,0.0,0.0,0.0,0.00023251313803955464,unicycle
-2.9640016843760932,11.743485362527046,1.765,0.0,0.0,0.011417398192727496,0.3701495513648191,0.0009280589097848651,0.0,0.0,0.0,0.00023226655222618583,omni
-2.9566010486688326,11.743588422041142,1.765,0.0,0.0,0.01142202860049398,0.3700665019566874,0.0009270746164938352,0.0,0.0,0.0,0.00023152038832422405,unicycle
-2.949198752254136,11.743691475213524,1.765,0.0,0.0,0.011426654097252341,0.3701495325739247,0.0009240962975451592,0.0,0.0,0.0,0.0002312748379179826,omni
-2.9417981169702854,11.743794523985349,1.765,0.0,0.0,0.011431264734119139,0.3700664832049547,0.0009231161380020225,0.0,0.0,0.0,0.0002305318433398201,unicycle
-2.9343958209800456,11.743897566537546,1.765,0.0,0.0,0.011435870480605055,0.370149513791486,0.0009201504703973301,0.0,0.0,0.0,0.00023028732429575027,omni
-2.92699518611838,11.744000604610287,1.765,0.0,0.0,0.011440461430323873,0.3700664644613873,0.0009191744284398246,0.0,0.0,0.0,0.0002295474859409552,unicycle
-2.919592890551369,11.744103636584997,1.765,0.0,0.0,0.011445047510208351,0.3701494950174475,0.000916221359868429,0.0,0.0,0.0,0.00022930399422390455,omni
-2.912192256110674,11.744206664001712,1.765,0.0,0.0,0.011449618856189133,0.37006644572593156,0.000915249419373744,0.0,0.0,0.0,0.0002285672990390523,unicycle
-2.9047899609656778,11.744309685441499,1.765,0.0,0.0,0.011454185352801613,0.3701494762517532,0.0009123088977132125,0.0,0.0,0.0,0.00022832483062378527,omni
-2.8973893269447535,11.744412702245112,1.765,0.0,0.0,0.011458737178113661,0.37006642699853337,0.0009113410425983373,0.0,0.0,0.0,0.00022759126560254955,unicycle
-2.8899870322205707,11.744515713192415,1.765,0.0,0.0,0.011463284174443138,0.37014945749434675,0.0009084130159143124,0.0,0.0,0.0,0.00022734981647379838,omni
-2.8825863986182303,11.744618719425722,1.765,0.0,0.0,0.011467816561816276,0.37006640827913856,0.0009074492301364583,0.0,0.0,0.0,0.00022661936865677344,unicycle
-2.8751841043136723,11.744721719922843,1.765,0.0,0.0,0.011472344140512463,0.3701494387451718,0.000904533646682612,0.0,0.0,0.0,0.000226378934809396,omni
-2.8677834711287407,11.744824715628503,1.765,0.0,0.0,0.011476857172338146,0.37006638956769317,0.0009035739142395928,0.0,0.0,0.0,0.00022565159128424574,unicycle
-2.8603811772426315,11.74492770571762,1.765,0.0,0.0,0.01148136541571261,0.3701494200041721,0.0009006707224574334,0.0,0.0,0.0,0.00022541216872325615,omni
-2.8529805444739464,11.745030690938163,1.765,0.0,0.0,0.011485859174045102,0.3700663708641427,0.0008997150273880395,0.0,0.0,0.0,0.00022468791662446958,unicycle
-2.845578251005124,11.74513367066132,1.765,0.0,0.0,0.011490348164072404,0.3701494012712912,0.0008968241759067988,0.0,0.0,0.0,0.00022444950136517986,omni
-2.838177618651537,11.74523664543914,1.765,0.0,0.0,0.011494822730629888,0.37006635216843303,0.0008958725022911799,0.0,0.0,0.0,0.00022372832787423587,unicycle
-2.8307753255988515,11.74533961483825,1.765,0.0,0.0,0.011499292548948735,0.37014938254647267,0.0008929939399276628,0.0,0.0,0.0,0.00022349091594236757,omni
-2.823374693659226,11.745442579215608,1.765,0.0,0.0,0.01150374800511449,0.3700663334805098,0.0008920462718876671,0.0,0.0,0.0,0.0002227728082876048,unicycle
-2.815972401021538,11.745545538332452,1.765,0.0,0.0,0.011508198733028876,0.37014936382966035,0.0008891799476460573,0.0,0.0,0.0,0.00022253639571933215,omni
-2.8085717694947494,11.74564849235148,1.765,0.0,0.0,0.01151263515985239,0.37006631480031926,0.0008882362693456098,0.0,0.0,0.0,0.00022182134117589204,unicycle
-2.8011694772709346,11.745751441227704,1.765,0.0,0.0,0.011517066878332748,0.37014934512079833,0.0008853821324173597,0.0,0.0,0.0,0.0002215859240178713,omni
-2.7937688461558707,11.745854384930396,1.765,0.0,0.0,0.011521484356530899,0.37006629612780745,0.000884442428062628,0.0,0.0,0.0,0.00022087390990757562,unicycle
-2.786366554344816,11.745957323607517,1.765,0.0,0.0,0.011525897146215242,0.3701493264198308,0.0008816004278259726,0.0,0.0,0.0,0.0002206394842171335,omni
-2.7789659236403774,11.74606025703573,1.765,0.0,0.0,0.011530295756173413,0.3700662774629206,0.0008806646816657473,0.0,0.0,0.0,0.00021993049790864673,unicycle
-2.771563632240981,11.746163185555133,1.765,0.0,0.0,0.011534689697368487,0.3701493077267017,0.0008778347676857747,0.0,0.0,0.0,0.0002196970597538201,omni
-2.764163001946079,11.746266108750595,1.765,0.0,0.0,0.011539069519141736,0.37006625880560484,0.0008769029640118734,0.0,0.0,0.0,0.0002189910886624092,unicycle
-2.756760710957251,11.746369027153527,1.765,0.0,0.0,0.011543444691824176,0.3701492890413557,0.0008740850860402944,0.0,0.0,0.0,0.00021875863412198064,omni
-2.7493600810708103,11.746471940157823,1.765,0.0,0.0,0.011547805805138367,0.37006624015580736,0.0008731572091877426,0.0,0.0,0.0,0.00021805566570951316,unicycle
-2.7419577904914747,11.746574848485402,1.765,0.0,0.0,0.01155216228895583,0.3701492703637378,0.0008703513171624974,0.0,0.0,0.0,0.0002178241908730734,omni
-2.73455716101243,11.74667775133999,1.765,0.0,0.0,0.011556504773208787,0.37006622151347457,0.0008694273515098449,0.0,0.0,0.0,0.00021712421264791215,unicycle
-2.7271548708415216,11.746780649633196,1.765,0.0,0.0,0.011560842647481105,0.37014925169379237,0.0008666333955550194,0.0,0.0,0.0,0.00021689371361600842,omni
-2.7197542417688214,11.746883542379395,1.765,0.0,0.0,0.011565166581743768,0.3700662028785534,0.0008657133255246554,0.0,0.0,0.0,0.00021619671313310103,unicycle
-2.712351952005285,11.746986430679078,1.765,0.0,0.0,0.011569485925464112,0.37014923303146463,0.0008629312559502051,0.0,0.0,0.0,0.00021596718601728186,omni
-2.7049513233378875,11.747089313358067,1.765,0.0,0.0,0.011573791388481674,0.37006618425099097,0.0008620150660085303,0.0,0.0,0.0,0.00021527315087797297,unicycle
-2.697549033980681,11.74719219170494,1.765,0.0,0.0,0.011578092280317693,0.37014921437669984,0.0008592448333099023,0.0,0.0,0.0,0.00021504459180080106,omni
-2.690148405717557,11.747295064357768,1.765,0.0,0.0,0.011582379350510747,0.37006616563073474,0.0008583325079676758,0.0,0.0,0.0,0.0002143535096527628,unicycle
-2.68274611676565,11.747397932792413,1.765,0.0,0.0,0.011586661868805708,0.37014919572944366,0.0008555740628257617,0.0,0.0,0.0,0.0002141259147479059,omni
-2.6753454885968733,11.747500795464187,1.765,0.0,0.0,0.01159093062427141,0.3700661624645459,0.0008546656175172216,0.0,0.0,0.0,0.0002134377732851177,unicycle
-2.667943198801861,11.74760365404307,1.765,0.0,0.0,0.011595194846764184,0.37014923946400446,0.0008519189582901348,0.0,0.0,0.0,0.0002132111246387042,omni
-2.6605425687728426,11.747706506798773,1.765,0.0,0.0,0.011599445364563763,0.3700662569921149,0.0008510143768359966,0.0,0.0,0.0,0.0002125258899788521,unicycle
-2.65314027649,11.74780935558224,1.765,0.0,0.0,0.011603691368245874,0.3701493653978897,0.000848279424367619,0.0,0.0,0.0,0.00021230018410556704,omni
-2.645739643626411,11.747912198474339,1.765,0.0,0.0,0.011607923725401747,0.3700664001970574,0.0008473786693334324,0.0,0.0,0.0,0.0002116178577935046,unicycle
-2.638337348370327,11.748015037508402,1.765,0.0,0.0,0.011612151587421064,0.37014951556157166,0.0008446553590073118,0.0,0.0,0.0,0.00021139310096586546,omni
-2.630936712536603,11.748117870578962,1.765,0.0,0.0,0.011616365860983633,0.3700665501385686,0.0008437584040473063,0.0,0.0,0.0,0.00021071367812846147,unicycle
-2.623534414415686,11.748220699902257,1.765,0.0,0.0,0.011620575658417344,0.37014966026237206,0.0008410466798654358,0.0,0.0,0.0,0.0002104898716854297,omni
-2.6161337758843186,11.748323523188231,1.765,0.0,0.0,0.011624771925292134,0.3700666864127728,0.0008401535050333004,0.0,0.0,0.0,0.00020981334373944765,unicycle
-2.6087314752754187,11.748426342835977,1.765,0.0,0.0,0.011628963735016052,0.3701497860776759,0.0008374533159166886,0.0,0.0,0.0,0.00020959048619585436,omni
-2.6013308344835546,11.74852915637218,1.765,0.0,0.0,0.011633142071865747,0.37006680078683973,0.0008365639047732287,0.0,0.0,0.0,0.00020891684248457602,unicycle
-2.593928531852066,11.748631966378396,1.765,0.0,0.0,0.011637315970481702,0.3701498885804832,0.0008338752023115646,0.0,0.0,0.0,0.00020869493079774405,omni
-2.586527889270543,11.74873477019911,1.765,0.0,0.0,0.011641476453673026,0.3700668915765572,0.0008329895401934771,0.0,0.0,0.0,0.00020802415956621635,unicycle
-2.579125585076922,11.748837570597757,1.765,0.0,0.0,0.011645632517470719,0.37014996801821354,0.0008303122773220871,0.0,0.0,0.0,0.0002078031898846624,omni
-2.571724941145292,11.74894036473753,1.765,0.0,0.0,0.01164977522304773,0.3700669603468547,0.0008294303503449726,0.0,0.0,0.0,0.00020713527885058233,unicycle
-2.5643226358015707,11.749043155563044,1.765,0.0,0.0,0.011653913527986668,0.3701500268126803,0.0008267644806008335,0.0,0.0,0.0,0.00020691524694689526,omni
-2.5569219909006558,11.749145940057012,1.765,0.0,0.0,0.011658038531659183,0.37006701003487164,0.000825886275115033,0.0,0.0,0.0,0.00020625018362572568,unicycle
-2.549519684754826,11.749248721344486,1.765,0.0,0.0,0.011662159153361964,0.37015006816665985,0.0008232317522450623,0.0,0.0,0.0,0.00020603108513909566,omni
-2.542119039199679,11.74935149622847,1.765,0.0,0.0,0.011666266530502411,0.3700670439298232,0.0008223572545629949,0.0,0.0,0.0,0.0002053688570224324,unicycle
-2.5347167325347444,11.749454268013668,1.765,0.0,0.0,0.011670369544254171,0.37015009533030374,0.000819714032340099,0.0,0.0,0.0,0.0002051506875880801,omni
-2.52731608657791,11.749557033324121,1.765,0.0,0.0,0.011674459369898879,0.37006706515788923,0.0008188432286201919,0.0,0.0,0.0,0.00020449128223536285,unicycle
-2.5199137796179327,11.749659795643398,1.765,0.0,0.0,0.011678544850649836,0.3701501112512826,0.0008162112607760754,0.0,0.0,0.0,0.00020427403754789237,omni
-2.5125131334572246,11.749762551417303,1.765,0.0,0.0,0.011682617199502398,0.3700670764561669,0.0008153441369924219,0.0,0.0,0.0,0.00020361744262813454,unicycle
-2.5051108263760655,11.749865304307487,1.765,0.0,0.0,0.011686685221871758,0.37015011844041734,0.0008127233772122602,0.0,0.0,0.0,0.00020340111846779788,omni
-2.4977101801637005,11.749968050582261,1.765,0.0,0.0,0.01169074016830724,0.3700670801052021,0.0008118599191676387,0.0,0.0,0.0,0.0002027473217741404,unicycle
-2.490307873094143,11.750070794080557,1.765,0.0,0.0,0.011694790806587496,0.37015011895211575,0.0008092503211141376,0.0,0.0,0.0,0.00020253191401263334,omni
-2.4829072269455916,11.75017353089392,1.765,0.0,0.0,0.011698828424656731,0.37006707794286925,0.0008083905144716217,0.0,0.0,0.0,0.00020188090346171385,unicycle
-2.4755049199877432,11.75027626503779,1.765,0.0,0.0,0.011702861752817886,0.3701501144207751,0.0008057920318197623,0.0,0.0,0.0,0.0002016664080578066,omni
-2.468104273989568,11.750378992427677,1.765,0.0,0.0,0.01170688211625154,0.3700670714151336,0.0008049358621392454,0.0,0.0,0.0,0.0002010181716826629,unicycle
-2.4607019672180774,11.750481717254761,1.765,0.0,0.0,0.011710898207945011,0.3701501061198763,0.0008023484486118896,0.0,0.0,0.0,0.00020080458467341405,omni
-2.4533013214345107,11.750584435259242,1.765,0.0,0.0,0.011714901390157283,0.37006706163909325,0.0008014959013849212,0.0,0.0,0.0,0.00020015911061354623,unicycle
-2.4458990149045072,11.750687150807277,1.765,0.0,0.0,0.011718900318719366,0.37015009502584884,0.0007989195107850449,0.0,0.0,0.0,0.0001999464281041151,omni
-2.4384983693827738,11.75078985946449,1.765,0.0,0.0,0.011722886392811271,0.3700670494654994,0.000798070571464977,0.0,0.0,0.0,0.0001993037045951772,unicycle
-2.4310960631346155,11.750892565771252,1.765,0.0,0.0,0.011726868231266245,0.37015008187779985,0.0007955051577024947,0.0,0.0,0.0,0.00019909192274880687,omni
-2.423695417909143,11.750995265119352,1.765,0.0,0.0,0.011730837270028504,0.3700670355347845,0.0007946598117287952,0.0,0.0,0.0,0.00019845193811285776,unicycle
-2.4162931119721254,11.751097962222621,1.765,0.0,0.0,0.011734802091091342,0.37015006722932725,0.0007921053288414825,0.0,0.0,0.0,0.00019824105314188872,omni
-2.4088924670677994,11.751200652299737,1.765,0.0,0.0,0.011738754167006921,0.3700670203244356,0.000791263561658674,0.0,0.0,0.0,0.00019760379577895887,unicycle
-2.4014901614630073,11.75130334023725,1.765,0.0,0.0,0.011742702043085666,0.37015005149143293,0.000788719963828237,0.0,0.0,0.0,0.00019739380393732212,omni
-2.394089516897662,11.751406021081461,1.765,0.0,0.0,0.011746637228332036,0.3700670041875645,0.0007878817609001293,0.0,0.0,0.0,0.00019675926231852163,unicycle
-2.386687211640132,11.751508699890895,1.765,0.0,0.0,0.011750568231529944,0.3701500349669593,0.0007853490024638468,0.0,0.0,0.0,0.0001965501598953236,omni
-2.379286567426423,11.751611371540202,1.765,0.0,0.0,0.011754486597981078,0.37006698738348054,0.0007845143492837984,0.0,0.0,0.0,0.00019591832255674775,unicycle
-2.3718842625267658,11.751714041259145,1.765,0.0,0.0,0.011758400800098502,0.3701500178775991,0.0007819923847426447,0.0,0.0,0.0,0.00019571010587117742,omni
-2.364483618673573,11.751816703751457,1.765,0.0,0.0,0.01176230241932669,0.37006697010144785,0.0007811612668408407,0.0,0.0,0.0,0.00019508096140940725,unicycle
-2.357081314139181,11.751919364417406,1.765,0.0,0.0,0.011766199891862821,0.37015000038471046,0.0007786500508650826,0.0,0.0,0.0,0.00019487362680662324,omni
-2.3496806706526443,11.752022017790523,1.765,0.0,0.0,0.011770084835140318,0.37006695247886034,0.0007778224538136228,0.0,0.0,0.0,0.0001942471638748024,unicycle
-2.3422783664885825,11.752124669440857,1.765,0.0,0.0,0.011773965649294773,0.3701499826051382,0.0007753219412465324,0.0,0.0,0.0,0.0001940407077227562,omni
-2.334877723372864,11.752227313732469,1.765,0.0,0.0,0.011777833987595325,0.37006693461497603,0.0007744978506627793,0.0,0.0,0.0,0.00019341691502778747,unicycle
-2.327475419582519,11.75232995640446,1.765,0.0,0.0,0.011781698214269623,0.3701499646231054,0.000772007996522779,0.0,0.0,0.0,0.00019321133371478992,omni
-2.3200747768403622,11.752432591652134,1.765,0.0,0.0,0.01178555001826992,0.37006691658118857,0.00077118739807151,0.0,0.0,0.0,0.0001925902000150182,unicycle
-2.3126724734259216,11.752535225382926,1.765,0.0,0.0,0.011789397728068874,0.37014994649906774,0.000768708157553407,0.0,0.0,0.0,0.00019238548994764904,omni
-2.305271831059056,11.752637851624108,1.765,0.0,0.0,0.011793233068149889,0.3700668984286447,0.0007678910369481123,0.0,0.0,0.0,0.00019176700405079463,unicycle
-2.2978695280218506,11.752740476450722,1.765,0.0,0.0,0.01179706433138294,0.37014992827625337,0.0007654223654235588,0.0,0.0,0.0,0.00019156316165248657,omni
-2.290468886031282,11.752843093722724,1.765,0.0,0.0,0.01180088327763123,0.37006688019385015,0.0007646087084271175,0.0,0.0,0.0,0.0001909473124144792,unicycle
-2.2830665833720336,11.752945709682052,1.765,0.0,0.0,0.011804698164313716,0.3701499099854616,0.0007621505614445763,0.0,0.0,0.0,0.00019074433412438163,omni
-2.2756659417582563,11.753048318022056,1.765,0.0,0.0,0.011808500786522676,0.37006686190277055,0.000761340353869588,0.0,0.0,0.0,0.00019013111044808873,unicycle
-2.268263639477258,11.753150925150862,1.765,0.0,0.0,0.011812299366377076,0.3701498916485625,0.000758892687154066,0.0,0.0,0.0,0.0001899289927201026,omni
-2.2608629982404067,11.753253524595921,1.765,0.0,0.0,0.011816085734048163,0.370066843573814,0.0007580859148630109,0.0,0.0,0.0,0.00018931838355439317,unicycle
-2.2534606963376493,11.753356122930834,1.765,0.0,0.0,0.011819868076505296,0.3701498732810352,0.0007556486843156671,0.0,0.0,0.0,0.00018911712285661557,omni
-2.246060055477606,11.753458713517864,1.765,0.0,0.0,0.011823638258849214,0.37006682521998924,0.0007548453332208069,0.0,0.0,0.0,0.00018850911719585795,unicycle
-2.23865775395287,11.75356130309538,1.765,0.0,0.0,0.011827404433049415,0.3701498548938015,0.0007524184949182404,0.0,0.0,0.0,0.0001883087100100348,omni
-2.2312571134693413,11.753663884861163,1.765,0.0,0.0,0.011831158498987282,0.37006680685046106,0.0007516185509815642,0.0,0.0,0.0,0.0001877032968933483,unicycle
-2.2238548123222595,11.75376646571765,1.765,0.0,0.0,0.01183490857378157,0.3701498364945427,0.000749202061175367,0.0,0.0,0.0,0.00018750373971447318,omni
-2.216454172214831,11.753869038698838,1.765,0.0,0.0,0.011838646591946079,0.37006678847166485,0.000748405510408443,0.0,0.0,0.0,0.0001869009082253576,unicycle
-2.209051871444939,11.753971610870527,1.765,0.0,0.0,0.011842380635897307,0.3701498180886435,0.0007459993255244506,0.0,0.0,0.0,0.00018670219756135878,omni
-2.201651231713113,11.75407417510363,1.765,0.0,0.0,0.011846102674633851,0.3700667700881049,0.000745206153988172,0.0,0.0,0.0,0.00018610193682723394,unicycle
-2.1942489313198754,11.75417673862662,1.765,0.0,0.0,0.011849820756017827,0.370149799679866,0.0007428102306257354,0.0,0.0,0.0,0.0001859040691987682,omni
-2.1868482919630985,11.754279294148017,1.765,0.0,0.0,0.011853526883385642,0.3700667517029227,0.0007420204244302095,0.0,0.0,0.0,0.00018530636839073482,unicycle
-2.1794459919459372,11.75438184905827,1.765,0.0,0.0,0.011857229070192262,0.37014978127082837,0.0007396347193616791,0.0,0.0,0.0,0.00018510934033108138,omni
-2.1720453529636212,11.754484395904203,1.765,0.0,0.0,0.011860919353965537,0.3700667333183005,0.000738848264666076,0.0,0.0,0.0,0.00018451418866370395,unicycle
-2.1646430533219285,11.754586942237552,1.765,0.0,0.0,0.011864605713899908,0.3701497628633448,0.0007364727348360974,0.0,0.0,0.0,0.00018431799671866952,omni
-2.1572424147134606,11.754689480444132,1.765,0.0,0.0,0.011868280221568902,0.37006671493574694,0.0007356896178485224,0.0,0.0,0.0,0.0001837253834497632,unicycle
-2.1498401154466102,11.754792018236277,1.765,0.0,0.0,0.011871950822052448,0.3701497444586655,0.000733324220373485,0.0,0.0,0.0,0.00018353002417742214,omni
-2.142439477211365,11.754894547839477,1.765,0.0,0.0,0.011875609620824599,0.3700666965562988,0.0007325444273508839,0.0,0.0,0.0,0.00018293993860758563,unicycle
-2.1350371783187216,11.754997077125982,1.765,0.0,0.0,0.011879264528996167,0.37014972605764607,0.0007301891195183307,0.0,0.0,0.0,0.00018274540857833455,omni
-2.127636540456066,11.755099598161639,1.765,0.0,0.0,0.011882907685797188,0.37006667818066274,0.0007294126367662376,0.0,0.0,0.0,0.0001821578400511223,unicycle
-2.1202342419369895,11.755202118977934,1.765,0.0,0.0,0.01188654696851414,0.37014970766086674,0.000727067376034058,0.0,0.0,0.0,0.00018196413584753099,omni
-2.1128336044462883,11.755304631481756,1.765,0.0,0.0,0.011890174549989118,0.3700666598093161,0.000726294189906607,0.0,0.0,0.0,0.00018137907374892503,unicycle
-2.105431306300137,11.755407143863142,1.765,0.0,0.0,0.011893798273828434,0.3701496892687157,0.0007239589339027709,0.0,0.0,0.0,0.00018118619196578437,omni
-2.0980306691807566,11.7555096478707,1.765,0.0,0.0,0.011897410346342925,0.37006664144257534,0.0007231890308026017,0.0,0.0,0.0,0.00018060362572439438,unicycle
-2.090628371406892,11.755612151852336,1.765,0.0,0.0,0.011901018577602299,0.37014967088144785,0.0007208637373244041,0.0,0.0,0.0,0.00018041156296864108,omni
-2.083227734658199,11.755714647399062,1.765,0.0,0.0,0.011904615207243403,0.37006662308064675,0.000720097103702554,0.0,0.0,0.0,0.00017983148205527466,unicycle
-2.0758254372559857,11.755817143015985,1.765,0.0,0.0,0.01190820801194232,0.3701496524992259,0.0007177817307161366,0.0,0.0,0.0,0.00017964023494591383,omni
-2.0684248008773536,11.755919630137182,1.765,0.0,0.0,0.011911789264519787,0.37006660472365926,0.0007170183530721015,0.0,0.0,0.0,0.00017906262887352534,unicycle
-2.06102250384616,11.756022117424296,1.765,0.0,0.0,0.011915366708400621,0.37014963412214846,0.0007147128587120704,0.0,0.0,0.0,0.00017887219404177015,omni
-2.053621867836965,11.756124596155132,1.765,0.0,0.0,0.01191893264944793,0.3700665863716889,0.0007139527235937087,0.0,0.0,0.0,0.00017829705236551536,unicycle
-2.0462195711761666,11.7562270751472,1.765,0.0,0.0,0.011922494797977025,0.3701496157502702,0.0007116570661624521,0.0,0.0,0.0,0.00017810742645461361,omni
-2.0388189355357937,11.75632954552271,1.765,0.0,0.0,0.011926045492752453,0.37006656802477494,0.0007109001601658635,0.0,0.0,0.0,0.0001775347387713579,unicycle
-2.031416639244771,11.756432016254369,1.765,0.0,0.0,0.011929592411121185,0.3701495973836153,0.0007086142981330156,0.0,0.0,0.0,0.00017734591843661908,omni
-2.0240160039726103,11.756534478309455,1.765,0.0,0.0,0.011933127924608886,0.37006654968293157,0.0007078606079025554,0.0,0.0,0.0,0.00017677567438508684,unicycle
-2.016613708050751,11.756636940815211,1.765,0.0,0.0,0.011936659677734768,0.3701495790221872,0.0007055844999045825,0.0,0.0,0.0,0.00017658765629396204,omni
-2.009213073146197,11.75673939458464,1.765,0.0,0.0,0.011940180074645859,0.3700665313461559,0.0007048340121328528,0.0,0.0,0.0,0.00017601984555457926,unicycle
-2.0018107775928953,11.756841848898867,1.765,0.0,0.0,0.011943696727173589,0.3701495606659753,0.000702567616972532,0.0,0.0,0.0,0.00017583262638650607,omni
-1.9944101430553525,11.756944294417279,1.765,0.0,0.0,0.011947202071947209,0.3700665130144332,0.0007018203184002195,0.0,0.0,0.0,0.000175267238681067,unicycle
-1.9870078478700095,11.757046740574213,1.765,0.0,0.0,0.011950703688249761,0.37014954231495906,0.0006995635950459474,0.0,0.0,0.0,0.0001750808151274619,omni
-1.9796072136988878,11.757149177876105,1.765,0.0,0.0,0.011954194045054142,0.3700664946877406,0.0006988194724617839,0.0,0.0,0.0,0.00017451784021913053,unicycle
-1.9722049188809112,11.757251615909862,1.765,0.0,0.0,0.01195768068923381,0.3701495239691112,0.0006965723800471792,0.0,0.0,0.0,0.00017433220898341664,omni
-1.964804544608466,11.757353397992956,1.765,0.0,0.0,0.011961156121967345,0.3700531137522186,0.0006636370906771695,0.0,0.0,0.0,0.00017377163667658057,unicycle
-1.9574043106947643,11.757454166835332,1.765,0.0,0.0,0.011964049578761536,0.3700454923932125,0.0006118842167888434,0.0,0.0,0.0,0.00014467283970940684,omni
-1.9500097377209056,11.75755029646591,1.765,0.0,0.0,0.011966042469858754,0.36975969180250895,0.00038242273460390607,0.0,0.0,0.0,9.964455486081282e-05,unicycle
-1.9426207350082587,11.757639891027106,1.765,0.0,0.0,0.011966035872278872,0.36947728920933737,5.865805154930406e-05,0.0,0.0,0.0,-3.2987899411671335e-07,omni
-1.935243755881821,11.757718043829136,1.765,0.0,0.0,0.011963491819203628,0.3688693081204384,-0.0005057249578284131,0.0,0.0,0.0,-0.00012720265376219112,unicycle
-1.9278790357004463,11.757782568693049,1.765,0.0,0.0,0.01195708965780412,0.36824825745556444,-0.0011780922832591095,0.0,0.0,0.0,-0.00032010806997535043,unicycle
-1.920487429627187,11.75783882219871,1.765,0.0,0.0,0.011943662608665084,0.3695875255504757,-0.0016040440725025766,0.0,0.0,0.0,-0.000671352456951846,unicycle
-1.9130442865726514,11.75789067078418,1.765,0.0,0.0,0.011920414989483976,0.3721615926146715,-0.0018482434869768437,0.0,0.0,0.0,-0.0011623809590554377,unicycle
-1.9055355452024763,11.757940836586178,1.765,0.0,0.0,0.011884881280905223,0.3754403287779857,-0.0019604773851041356,0.0,0.0,0.0,-0.0017766854289378176,unicycle
-1.8979547427479802,11.757991168640594,1.765,0.0,0.0,0.011834884463629096,0.379043311701081,-0.0019788403420150313,0.0,0.0,0.0,-0.0024998408638062814,unicycle
-1.890300735900704,11.758042854999998,1.765,0.0,0.0,0.011768496618440554,0.38270419012374934,-0.0019322681679339651,0.0,0.0,0.0,-0.0033193922594271126,unicycle
-1.8826768815518817,11.758095235900491,1.765,0.0,0.0,0.011639699765267861,0.38119726184643504,-0.0018425494955105364,0.0,0.0,0.0,-0.0064398426586347625,unicycle
-1.8752426393409776,11.758146265569913,1.765,0.0,0.0,0.011374498829582051,0.3717168616118168,-0.0017259192281795417,0.0,0.0,0.0,-0.013260046784290633,unicycle
-1.868101709150602,11.758193972185747,1.765,0.0,0.0,0.010917177174931191,0.35705092092869883,-0.0015943175428946442,0.0,0.0,0.0,-0.02286608273254316,unicycle
-1.8613164459354756,11.758236577775161,1.765,0.0,0.0,0.010226344876834046,0.3392667296783802,-0.0014563818524251833,0.0,0.0,0.0,-0.03454161490485747,unicycle
-1.8549189836239648,11.758272583930736,1.765,0.0,0.0,0.00927199597290217,0.3198754776824031,-0.001318225944944667,0.0,0.0,0.0,-0.047717445196594134,unicycle
-1.8489197688582935,11.75830081238622,1.765,0.0,0.0,0.00803328282213667,0.2999617411556586,-0.0011840498522499353,0.0,0.0,0.0,-0.06193565753827561,unicycle
-1.8433140627558553,11.758320405927087,1.765,0.0,0.0,0.00649680020870831,0.2802850532114103,-0.0010566153796883458,0.0,0.0,0.0,-0.07682413067141874,unicycle
-1.8380868543962028,11.75833080063605,1.765,0.0,0.0,0.004655233249517208,0.26135928985942913,-0.0009376152751056701,0.0,0.0,0.0,-0.09207834795955593,unicycle
-1.8332165379418723,11.758331680826794,1.765,0.0,0.0,0.0025062674360678836,0.2435144660095083,-0.0008279584066467533,0.0,0.0,0.0,-0.10744829067246717,unicycle
-1.8286776317960611,11.758322926211557,1.765,0.0,0.0,5.169069351329036e-05,0.22694461879716327,-0.0007279888042120444,0.0,0.0,0.0,-0.12272883712773083,unicycle
-1.8244427594361206,11.758304558403783,1.765,0.0,0.0,-0.0027033604760197684,0.2117447164921806,-0.0006376527886561374,0.0,0.0,0.0,-0.13775255847665424,unicycle
-1.8204840646679858,11.75827669149692,1.765,0.0,0.0,-0.0057510433443900355,0.19793893647807675,-0.0005566254972055222,0.0,0.0,0.0,-0.1523841434185147,unicycle
-1.816774196701312,11.758239489482417,1.765,0.0,0.0,-0.009081361941951494,0.1855021777657084,-0.0004844057756331001,0.0,0.0,0.0,-0.16651592987807454,unicycle
-1.8132869707708095,11.758193131754247,1.765,0.0,0.0,-0.012682645858107473,0.17437628984970022,-0.00042038653591514605,0.0,0.0,0.0,-0.1800641958078006,unicycle
-1.8099977865084902,11.758137786871101,1.765,0.0,0.0,-0.01654196550705235,0.16448219226160413,-0.00036390618196873847,0.0,0.0,0.0,-0.19296598244724578,unicycle
-1.8068838676784358,11.758073594043662,1.765,0.0,0.0,-0.020645491625824915,0.15572881317730705,-0.0003142855123560322,0.0,0.0,0.0,-0.20517630593863012,unicycle
-1.8039243722310396,11.758000651404402,1.765,0.0,0.0,-0.024978804987247027,0.14801957894938617,-0.0002708535582492316,0.0,0.0,0.0,-0.21666566807110788,unicycle
-1.801100410120209,11.75791900992531,1.765,0.0,0.0,-0.029527161233087795,0.1412570297818686,-0.00023296505953572503,0.0,0.0,0.0,-0.22741781229204044,unicycle
-1.798394997313177,11.75782867180962,1.765,0.0,0.0,-0.0342757150937177,0.13534601211739045,-0.00020001168298801268,0.0,0.0,0.0,-0.23742769303149736,unicycle
-1.7957929673929645,11.757729592243937,1.765,0.0,0.0,-0.03920970787843589,0.1301957993390149,-0.00017142861269259523,0.0,0.0,0.0,-0.24669963923591232,unicycle
-1.7932808566949283,11.757621683516506,1.765,0.0,0.0,-0.044314621877295034,0.1257214139940906,-0.0001466977692574598,0.0,0.0,0.0,-0.2552456999429601,unicycle
-1.7908467747005783,11.757504820655415,1.765,0.0,0.0,-0.04957630513643694,0.1218443628075837,-0.00012534862044450237,0.0,0.0,0.0,-0.2630841629570983,unicycle
-1.7884802681699814,11.757378847896891,1.765,0.0,0.0,-0.05498106991075785,0.11849294695081189,-0.00010695731552240424,0.0,0.0,0.0,-0.2702382387160486,unicycle
-1.7861721850183205,11.757243585444185,1.765,0.0,0.0,-0.06051576793641495,0.11560227170082282,-9.114469574221724e-05,0.0,0.0,0.0,-0.27673490128285744,unicycle
-1.783914542065456,11.757098836114078,1.765,0.0,0.0,-0.06616784549058158,0.11311404962300071,-7.757359343229466e-05,0.0,0.0,0.0,-0.28260387770833484,unicycle
-1.7817003993772118,11.756944391586206,1.765,0.0,0.0,-0.07192538101431467,0.11097626801609482,-6.594572391429315e-05,0.0,0.0,0.0,-0.2878767761866581,unicycle
-1.7795237428688468,11.756780038068777,1.765,0.0,0.0,-0.07777710786838678,0.10914277319823686,-5.599839106685855e-05,0.0,0.0,0.0,-0.29258634270360784,unicycle
-1.7773793760722627,11.756605561273412,1.765,0.0,0.0,-0.08371242457576832,0.10757281018404079,-4.750116357390409e-05,0.0,0.0,0.0,-0.29676583536907986,unicycle
-1.775262821413964,11.756420750653042,1.765,0.0,0.0,-0.08972139468330075,0.10623054552810089,-4.02526304456269e-05,0.0,0.0,0.0,-0.3004485053766254,unicycle
-1.7731702309598436,11.75622540290246,1.765,0.0,0.0,-0.09579473815412652,0.1050845928893015,-3.407730792261733e-05,0.0,0.0,0.0,-0.3036671735412917,unicycle
-1.7710983063157038,11.756019324753513,1.765,0.0,0.0,-0.1019238159862454,0.1041075546469589,-2.88227426971988e-05,0.0,0.0,0.0,-0.30645389160594905,unicycle
-1.7690442271981752,11.75580233511833,1.765,0.0,0.0,-0.10810060954496706,0.10327558823259203,-2.4356836402437986e-05,0.0,0.0,0.0,-0.308839677936086,unicycle
-1.7670055880853766,11.755574266646944,1.765,0.0,0.0,-0.11431769590096898,0.10256800238082331,-2.0565401866428644e-05,0.0,0.0,0.0,-0.3108543178000984,unicycle
-1.7649803423017878,11.755334966771857,1.765,0.0,0.0,-0.12056822028324474,0.10196688597390853,-1.7349951402373617e-05,0.0,0.0,0.0,-0.31252621911379186,unicycle
-1.762966752873223,11.755084298313395,1.765,0.0,0.0,-0.12684586658875555,0.10145677033978581,-1.4625710382147303e-05,0.0,0.0,0.0,-0.31388231527554367,unicycle
-1.7609633494946784,11.7548221397175,1.765,0.0,0.0,-0.1331448267387383,0.10102432459318145,-1.231984472594787e-05,0.0,0.0,0.0,-0.3149480074991409,unicycle
-1.7589688909780132,11.754548384993065,1.765,0.0,0.0,-0.13945976953548703,0.10065808275024939,-1.0369888115054838e-05,0.0,0.0,0.0,-0.31574713983744157,unicycle
-1.756982332581793,11.754262943409904,1.765,0.0,0.0,-0.1457858095526911,0.10034820079594983,-8.722353221003167e-06,0.0,0.0,0.0,-0.31630200086020976,unicycle
-1.755002797667627,11.753965739011702,1.765,0.0,0.0,-0.15211847648644275,0.10008624155969689,-7.331510675865131e-06,0.0,0.0,0.0,-0.31663334668758714,unicycle
-1.753029553172671,11.75365670999124,1.765,0.0,0.0,-0.15845368530194634,0.09986498509691606,-6.158319604946585e-06,0.0,0.0,0.0,-0.31676044077518284,unicycle
-1.751061988434235,11.753335807968408,1.765,0.0,0.0,-0.16478770743174956,0.0996782622346969,-5.169494093215651e-06,0.0,0.0,0.0,-0.31670110649016386,unicycle
-1.7490995969480123,11.753002997204877,1.765,0.0,0.0,-0.1711171432138638,0.09952080898268337,-4.336690801332255e-06,0.0,0.0,0.0,-0.31647178910571383,unicycle
-1.747141960685164,11.752658253783435,1.765,0.0,0.0,-0.1774388957013059,0.09938813960854505,-3.6358039684695993e-06,0.0,0.0,0.0,-0.31608762437210974,unicycle
-1.7451887366346703,11.752301564774546,1.765,0.0,0.0,-0.1837501459272405,0.09927643631052809,-3.046355151151863e-06,0.0,0.0,0.0,-0.3155625112967365,unicycle
-1.7432396452755563,11.751932927407923,1.765,0.0,0.0,-0.1900483296709285,0.09918245357273346,-2.5509661883341875e-06,0.0,0.0,0.0,-0.3149091871844013,unicycle
-1.741294460718612,11.751552348262905,1.765,0.0,0.0,-0.19633111573805173,0.09910343545105542,-2.1349050097063517e-06,0.0,0.0,0.0,-0.3141393033561647,unicycle
-1.739353002289046,11.75115984248783,1.765,0.0,0.0,-0.20259638574371364,0.09903704420140988,-1.7856949874952992e-06,0.0,0.0,0.0,-0.3132635002830997,unicycle
-1.7374151273501401,11.750755433055744,1.765,0.0,0.0,-0.20884221536661132,0.09898129882165586,-1.4927795531346287e-06,0.0,0.0,0.0,-0.31229148114488703,unicycle
-1.7354807251936093,11.750339150061329,1.765,0.0,0.0,-0.21506685702773318,0.09893452223091508,-1.2472347480679193e-06,0.0,0.0,0.0,-0.3112320830560956,unicycle
-1.7335497118451624,11.749911030061977,1.765,0.0,0.0,-0.22126872393572414,0.0988952959526216,-1.0415232473054325e-06,0.0,0.0,0.0,-0.3100933453995529,unicycle
-1.7316220256539296,11.74947111546439,1.765,0.0,0.0,-0.22744637543313317,0.09886242129935674,-8.692841838380105e-07,0.0,0.0,0.0,-0.308882574870455,unicycle
-1.7296976235521826,11.749019453956866,1.765,0.0,0.0,-0.23359850357254672,0.09883488617783161,-7.251538131089491e-07,0.0,0.0,0.0,-0.3076064069706807,unicycle
-1.7277764778873665,11.748556097986452,1.765,0.0,0.0,-0.23972392084862254,0.09881183674126036,-6.046126928139284e-07,0.0,0.0,0.0,-0.30627086380379664,unicycle
-1.725858573742083,11.748081104279494,1.765,0.0,0.0,-0.24582154901083883,0.09879255321415248,-5.038556188884372e-07,0.0,0.0,0.0,-0.3048814081108192,unicycle
-1.7239439066695434,11.747594533403625,1.765,0.0,0.0,-0.2518904088819986,0.09877642930180602,-4.1968105887817844e-07,0.0,0.0,0.0,-0.3034429935579917,unicycle
-1.722032480782319,11.747096449368842,1.765,0.0,0.0,-0.25792961110886603,0.09876295467420361,-3.4939726450668444e-07,0.0,0.0,0.0,-0.3019601113433762,unicycle
-1.720124307141163,11.746586919265193,1.765,0.0,0.0,-0.26393834777349406,0.09875170008237244,-2.9074263173852685e-07,0.0,0.0,0.0,-0.30043683323140646,unicycle
-1.718219402398399,11.746066012934442,1.765,0.0,0.0,-0.2699158847966111,0.09874230472537252,-2.4181821443386564e-07,0.0,0.0,0.0,-0.2988768511558574,unicycle
-1.7163177876570404,11.745533802673114,1.765,0.0,0.0,-0.2758615550676877,0.09873446553871763,-2.0103059199302593e-07,0.0,0.0,0.0,-0.2972835135538373,unicycle
-1.7144194875125345,11.74499036296426,1.765,0.0,0.0,-0.281774752239849,0.0987279281209834,-1.6704354706026247e-07,0.0,0.0,0.0,-0.295659858608064,unicycle
-1.7125245292489577,11.744435770235514,1.765,0.0,0.0,-0.28765492513151375,0.0987224790553421,-1.3873723088377816e-07,0.0,0.0,0.0,-0.29400864458323883,unicycle
-1.7106329421657058,11.743870102640994,1.765,0.0,0.0,-0.2935015726804338,0.098717939417464,-1.1517368541490259e-07,0.0,0.0,0.0,-0.2923323774460072,unicycle
-1.7087447570143468,11.743293439864807,1.765,0.0,0.0,-0.29931423939958995,0.09871415929126123,-9.556775638389524e-08,0.0,0.0,0.0,-0.2906333359578104,unicycle
-1.706860005528382,11.742705862944055,1.765,0.0,0.0,-0.30509251128812515,0.09871101313989004,-7.926257374564882e-08,0.0,0.0,0.0,-0.2889135944267639,unicycle
-1.7049787200313122,11.742107454109386,1.765,0.0,0.0,-0.3108360121541103,0.09870839590178185,-6.57088980190807e-08,0.0,0.0,0.0,-0.28717504329925914,unicycle
-1.7031009331106373,11.74149829664129,1.765,0.0,0.0,-0.31654440030940795,0.09870621970070016,-5.44477357874571e-08,0.0,0.0,0.0,-0.28541940776488434,unicycle
-1.7012266773473401,11.740878474740493,1.765,0.0,0.0,-0.32221736560020764,0.09870441107532729,-4.5095717312741506e-08,0.0,0.0,0.0,-0.283648264539989,unicycle
-1.6993559850920243,11.740248073410973,1.765,0.0,0.0,-0.3278546267399311,0.09870290864803177,-3.7332805893283105e-08,0.0,0.0,0.0,-0.2818630569861753,unicycle
-1.6974888882802586,11.73960717835422,1.765,0.0,0.0,-0.33345592891414133,0.09870166116457361,-3.0891974054467416e-08,0.0,0.0,0.0,-0.2800651087105152,unicycle
-1.6956254182808412,11.73895587587353,1.765,0.0,0.0,-0.3390210416298337,0.09870062584684891,-2.555053747199516e-08,0.0,0.0,0.0,-0.27825563578462004,unicycle
-1.6937656057717014,11.738294252787252,1.765,0.0,0.0,-0.3445497567840344,0.09869976700960076,-2.1122885049664784e-08,0.0,0.0,0.0,-0.27643575771003437,unicycle
-1.6919094806389785,11.737622396349972,1.765,0.0,0.0,-0.3500418869289931,0.0986990548995452,-1.74543839902034e-08,0.0,0.0,0.0,-0.27460650724793917,unicycle
-1.6900570718955354,11.736940394180785,1.765,0.0,0.0,-0.35549726371343204,0.09869846472176168,-1.4416273032211756e-08,0.0,0.0,0.0,-0.2727688392219514,unicycle
-1.6882084080828788,11.736248332953515,1.765,0.0,0.0,-0.3609170831669887,0.09869797582363928,-1.1901386162462156e-08,0.0,0.0,0.0,-0.27099097267783123,unicycle
-1.6863635179560703,11.735546296480479,1.765,0.0,0.0,-0.36630323434703477,0.0986975710112903,-9.820573812243288e-09,0.0,0.0,0.0,-0.26930755900230735,unicycle
-1.6845224304556097,11.734834365820067,1.765,0.0,0.0,-0.371656796028649,0.09869723597726257,-8.09970946424209e-09,0.0,0.0,0.0,-0.26767808408071525,unicycle
-1.6826851742242772,11.734112620561845,1.765,0.0,0.0,-0.3769782603822608,0.0986969588217028,-6.677187294967231e-09,0.0,0.0,0.0,-0.2660732176805912,unicycle
-1.68085177724073,11.733381139739294,1.765,0.0,0.0,-0.38226770331157245,0.09869672965193545,-5.5018314389420836e-09,0.0,0.0,0.0,-0.26447214646558537,unicycle
-1.679022266545721,11.732640002460876,1.765,0.0,0.0,-0.38752491341804535,0.09869654024779916,-4.5311500972700674e-09,0.0,0.0,0.0,-0.26286050532364386,unicycle
-1.6771966680415105,11.731889288329501,1.765,0.0,0.0,-0.39274948895175393,0.09869638378209288,-3.729878377108857e-09,0.0,0.0,0.0,-0.26122877668543387,unicycle
-1.6753750063488644,11.73112907770443,1.765,0.0,0.0,-0.3979409100611245,0.09869625458718036,-3.068762740774728e-09,0.0,0.0,0.0,-0.2595710554685321,unicycle
-1.6735573047091346,11.73035945184708,1.765,0.0,0.0,-0.40309859204696596,0.09869614796023317,-2.5235475198639848e-09,0.0,0.0,0.0,-0.2578840992920758,unicycle
-1.6717435849214282,11.729580492982478,1.765,0.0,0.0,-0.4082219240654917,0.09869606000079914,-2.074130328997373e-09,0.0,0.0,0.0,-0.2561666009262874,unicycle
-1.6699338673068957,11.728792284300551,1.765,0.0,0.0,-0.4133102967368088,0.09869598747539945,-1.7038585809449422e-09,0.0,0.0,0.0,-0.25441863356586025,unicycle
-1.6681281706938058,11.727994909915557,1.765,0.0,0.0,-0.41836312134140247,0.09869592770471337,-1.3989438173855263e-09,0.0,0.0,0.0,-0.25264123022968554,unicycle
-1.6663265124183828,11.727188454797414,1.765,0.0,0.0,-0.42337984268160234,0.09869587846962886,-1.1479743609202956e-09,0.0,0.0,0.0,-0.25083606700999284,unicycle
-1.6645289083374488,11.726373004685257,1.765,0.0,0.0,-0.42835994721178233,0.0986958379330425,-9.41509977339277e-10,0.0,0.0,0.0,-0.2490052265090018,unicycle
-1.662735372849745,11.725548645990761,1.765,0.0,0.0,-0.4333029676716781,0.09869580457479994,-7.71744908318612e-10,0.0,0.0,0.0,-0.24715102299479183,unicycle
-1.6609459189234907,11.724715465696804,1.765,0.0,0.0,-0.43820848516933897,0.09869577713759486,-6.322278747186114e-10,0.0,0.0,0.0,-0.24527587488304584,unicycle
-1.659160558128287,11.723873551255398,1.765,0.0,0.0,-0.4430761294362627,0.09869575458200182,-5.176295279182844e-10,0.0,0.0,0.0,-0.24338221334618745,unicycle
-1.6573793006698818,11.7230229904877,1.765,0.0,0.0,-0.44790557780334617,0.0986957360491187,-4.2354939896318335e-10,0.0,0.0,0.0,-0.2414724183541746,unicycle
-1.6556021554266782,11.722163871487954,1.765,0.0,0.0,-0.4526965533115439,0.09869572082954552,-3.4635571148388033e-10,0.0,0.0,0.0,-0.23954877540988978,unicycle
-1.6538291299871235,11.721296282532585,1.765,0.0,0.0,-0.45744882226700956,0.09869570833763687,-2.8305252546845833e-10,0.0,0.0,0.0,-0.23761344777328272,unicycle
-1.652060230687337,11.72042031199515,1.765,0.0,0.0,-0.46216219147028886,0.09869569809014138,-2.311695996689734e-10,0.0,0.0,0.0,-0.23566846016396656,unicycle
-1.6502954626485014,11.719536048267509,1.765,0.0,0.0,-0.4668365052875708,0.098695689688489,-1.8867112983300438e-10,0.0,0.0,0.0,-0.23371569086410054,unicycle
-1.6485348298136728,11.71864357968728,1.765,0.0,0.0,-0.4714716426849499,0.09869568280410983,-1.5388016259050642e-10,0.0,0.0,0.0,-0.23175686986895494,unicycle
-1.6467783349837708,11.717742994471521,1.765,0.0,0.0,-0.47606751431087524,0.09869567716627128,-1.2541602129742092e-10,0.0,0.0,0.0,-0.2297935812962634,unicycle
-1.645025979852584,11.71683438065638,1.765,0.0,0.0,-0.4806240596849247,0.09869567255200633,-1.0214252774770068e-10,0.0,0.0,0.0,-0.22782726870247205,unicycle
-1.6432777650406927,11.715917826042455,1.765,0.0,0.0,-0.4851412445307631,0.09869566877777702,-8.312517694229131e-11,0.0,0.0,0.0,-0.2258592422919192,unicycle
-1.6415336901282511,11.71499341814547,1.765,0.0,0.0,-0.4896190582760733,0.09869566569257761,-6.759573323428652e-11,0.0,0.0,0.0,-0.2238906872655137,unicycle
-1.6397937536866103,11.714061244151939,1.765,0.0,0.0,-0.49405751173118645,0.09869566317223127,-5.4922975371260865e-11,0.0,0.0,0.0,-0.2219226727556569,unicycle
-1.6380579533087873,11.71312139087939,1.765,0.0,0.0,-0.49845663495013276,0.09869566111467602,-4.458853378941087e-11,0.0,0.0,0.0,-0.2199561609473216,unicycle
-1.6363262856388041,11.71217394474082,1.765,0.0,0.0,-0.5028164752721694,0.09869565943607006,-3.616694314811658e-11,0.0,0.0,0.0,-0.21799201610183344,unicycle
-1.6345987463999296,11.711218991712974,1.765,0.0,0.0,-0.5071370955379331,0.09869565806757574,-2.930918252712413e-11,0.0,0.0,0.0,-0.21603101328818897,unicycle
-1.632875330421875,11.710256617308112,1.765,0.0,0.0,-0.511418572471795,0.09869565695270498,-2.3729099959624393e-11,0.0,0.0,0.0,-0.2140738466931,unicycle
-1.6311560316669902,11.709286906548954,1.765,0.0,0.0,-0.5156609952204028,0.09869565604512925,-1.9192221237783555e-11,0.0,0.0,0.0,-0.21212113743038943,unicycle
-1.629440843255513,11.708309943946475,1.765,0.0,0.0,-0.5198644640365383,0.0986956553068737,-1.5506528707463198e-11,0.0,0.0,0.0,-0.21017344080678155,unicycle
-1.627729757489929,11.707325813480281,1.765,0.0,0.0,-0.5240290890970899,0.09869565470682869,-1.2514866992563314e-11,0.0,0.0,0.0,-0.20823125302757906,unicycle
-1.6260227658784945,11.706334598581314,1.765,0.0,0.0,-0.5281549894439812,0.09869565421952364,-1.0088691699235842e-11,0.0,0.0,0.0,-0.20629501734456723,unicycle
-1.6243198591579724,11.705336382116638,1.765,0.0,0.0,-0.5322422920372125,0.09869565382411737,-8.122926183735375e-12,0.0,0.0,0.0,-0.2043651296615694,unicycle
-1.6226210273156363,11.704331246376093,1.765,0.0,0.0,-0.5362911309096489,0.09869565350356709,-6.531732123759916e-12,0.0,0.0,0.0,-0.20244194362182066,unicycle
-1.6209262596105882,11.703319273060648,1.765,0.0,0.0,-0.5403016464137854,0.09869565324394498,-5.245033327522328e-12,0.0,0.0,0.0,-0.2005257752068296,unicycle
-1.6192355445944344,11.702300543272255,1.765,0.0,0.0,-0.5442739845513754,0.09869565303387623,-4.205660126690049e-12,0.0,0.0,0.0,-0.19861690687950265,unicycle
-1.6175488701313638,11.701275137505034,1.765,0.0,0.0,-0.5482082963774887,0.09869565286407718,-3.367004810451156e-12,0.0,0.0,0.0,-0.19671559130566577,unicycle
-1.6158662234176655,11.700243135637704,1.765,0.0,0.0,-0.5521047374712533,0.0986956527269761,-2.6910976852104093e-12,0.0,0.0,0.0,-0.1948220546882262,unicycle
-1.6141875910007257,11.699204616927078,1.765,0.0,0.0,-0.5559634674662022,0.09869565261640188,-2.1470291672199894e-12,0.0,0.0,0.0,-0.19293649974744878,unicycle
-1.6125129587975322,11.698159660002538,1.765,0.0,0.0,-0.5597846496337912,0.09869565252732863,-1.7096563986304827e-12,0.0,0.0,0.0,-0.1910591083794617,unicycle
-1.6108423121127224,11.697108342861377,1.765,0.0,0.0,-0.5635684505142586,0.09869565245566617,-1.3585436903358885e-12,0.0,0.0,0.0,-0.1891900440233695,unicycle
-1.6091756356561981,11.696050742864935,1.765,0.0,0.0,-0.5673150395895663,0.09869565239808846,-1.0770950273755832e-12,0.0,0.0,0.0,-0.18732945376538976,unicycle
-1.607512913560336,11.694986936735434,1.765,0.0,0.0,-0.5710245889936937,0.09869565235189308,-8.518442481325798e-13,0.0,0.0,0.0,-0.1854774702063625,unicycle
-1.6058541293968156,11.69391700055345,1.765,0.0,0.0,-0.5746972732560315,0.09869565231488607,-6.718745956306395e-13,0.0,0.0,0.0,-0.18363421311689293,unicycle
-1.6041992661930848,11.692841009755936,1.765,0.0,0.0,-0.5783332690740781,0.09869565228528787,-5.283443605702026e-13,0.0,0.0,0.0,-0.18179979090233095,unicycle
-1.6025483064484851,11.691759039134793,1.765,0.0,0.0,-0.5819327551120342,0.09869565226165637,-4.1409947596119985e-13,0.0,0.0,0.0,-0.1799743018978117,unicycle
-1.6009012321500495,11.690671162835876,1.765,0.0,0.0,-0.5854959118222682,0.098695652242824,-3.2335733527664497e-13,0.0,0.0,0.0,-0.1781578355117001,unicycle
-1.599258024787992,11.689577454358439,1.765,0.0,0.0,-0.5890229212869487,0.09869565222784646,-2.514489166563371e-13,0.0,0.0,0.0,-0.17635047323402075,unicycle
-1.5976186653709004,11.68847798655493,1.765,0.0,0.0,-0.5925139670774449,0.09869565221596076,-1.9460860971664344e-13,0.0,0.0,0.0,-0.17455228952481489,unicycle
-1.595983134440647,11.68737283163118,1.765,0.0,0.0,-0.595969234129362,0.09869565220655112,-1.4980304575617993e-13,0.0,0.0,0.0,-0.1727633525958549,unicycle
-1.5943514120870277,11.686262061146843,1.765,0.0,0.0,-0.599388908631317,0.09869565219912119,-1.1459179836758822e-13,0.0,0.0,0.0,-0.17098372509776094,unicycle
-1.5927234779621375,11.685145746016179,1.765,0.0,0.0,-0.6027731779257829,0.09869565219327127,-8.701410901256226e-14,0.0,0.0,0.0,-0.16921346472330034,unicycle
-1.5910993112944964,11.68402395650906,1.765,0.0,0.0,-0.606122230420513,0.09869565218868001,-6.549685002447435e-14,0.0,0.0,0.0,-0.16745262473650208,unicycle
-1.5894788909029287,11.682896762252222,1.765,0.0,0.0,-0.6094362555092365,0.09869565218508933,-4.877980626881307e-14,0.0,0.0,0.0,-0.1657012544361804,unicycle
-1.5877722279852788,11.68170126167944,1.765,0.0,0.0,-0.6126734487875323,0.10418641616999225,-3.585506974936749e-14,0.0,0.0,0.0,-0.16185966391477846,unicycle
-1.5858415855805787,11.680339731356321,1.765,0.0,0.0,-0.6157698807028151,0.11812228171351723,-2.5917926385173674e-14,0.0,0.0,0.0,-0.15482159576414248,unicycle
-1.5836000697384354,11.678748855300052,1.765,0.0,0.0,-0.6186858156396401,0.13743439571604732,-1.832709375275644e-14,0.0,0.0,0.0,-0.14579674684124927,unicycle
-1.5809980640448154,11.67689109280249,1.765,0.0,0.0,-0.6213993094267884,0.15985713464608192,-1.2572561546974041e-14,0.0,0.0,0.0,-0.13567468935743066,unicycle
-1.5780128353931206,11.674747944406771,1.765,0.0,0.0,-0.6239012912470856,0.1837435862405395,-8.24960831677337e-15,0.0,0.0,0.0,-0.1250990910148501,unicycle
-1.5746406325585527,11.672314713834188,1.765,0.0,0.0,-0.6261918084566332,0.20792048081622222,-5.0378314075072064e-15,0.0,0.0,0.0,-0.11452586047738576,unicycle
-1.5708907298820658,11.66959645599455,1.765,0.0,0.0,-0.6282771797045165,0.23157452115658017,-2.684242466357079e-15,0.0,0.0,0.0,-0.10426856239415795,unicycle
-1.5667809789408254,11.666604867164692,1.765,0.0,0.0,-0.6301678550614,0.254163649167611,-9.8965696187813e-16,0.0,0.0,0.0,-0.09453376784417518,unicycle
-1.562334522370446,11.663355922622058,1.765,0.0,0.0,-0.6318768243214845,0.2753480708771281,2.0224997880413705e-16,0.0,0.0,0.0,-0.08544846300421872,unicycle
-1.5575773981161618,11.659868105089148,1.765,0.0,0.0,-0.6334184484107408,0.2949368966607684,1.0137316750518602e-15,0.0,0.0,0.0,-0.0770812044628018,unicycle
-1.5525368218284665,11.656161097600735,1.765,0.0,0.0,-0.6348076156594669,0.3128470877562538,1.540016393424123e-15,0.0,0.0,0.0,-0.06945836243630295,unicycle
-1.547239982359412,11.65225483887351,1.765,0.0,0.0,-0.6360591459773745,0.3290720713567331,1.8549485915922764e-15,0.0,0.0,0.0,-0.06257651589538113,unicycle
-1.541713222605283,11.648168859232367,1.765,0.0,0.0,-0.6371873828249344,0.3436579259190078,2.015497623427204e-15,0.0,0.0,0.0,-0.0564118423780006,unicycle
-1.535981507220133,11.643921831513348,1.765,0.0,0.0,-0.6382059262026648,0.35668547104574433,2.0653548254223075e-15,0.0,0.0,0.0,-0.05092716888651469,unicycle
-1.5300681016166402,11.639531284766509,1.765,0.0,0.0,-0.6391274703983295,0.36825694293031946,2.037797770990622e-15,0.0,0.0,0.0,-0.04607720978324112,unicycle
-1.523994404506479,11.635013439526295,1.765,0.0,0.0,-0.6399637185149005,0.37848621355256706,1.9579662340033094e-15,0.0,0.0,0.0,-0.04181240582854711,unicycle
-1.51786824025838,11.630448756452472,1.765,0.0,0.0,-0.6407681266696482,0.38198894979562265,1.8446665923870125e-15,0.0,0.0,0.0,-0.040220407737386464,unicycle
-1.511843105722349,11.625951602705037,1.765,0.0,0.0,-0.6416167007500887,0.37592100698584535,1.7117988370900228e-15,0.0,0.0,0.0,-0.04242870402202867,unicycle
-1.5060214334013036,11.621598179432189,1.765,0.0,0.0,-0.6425614105623988,0.3634699669037424,1.5694820585028259e-15,0.0,0.0,0.0,-0.047235490615498504,unicycle
-1.5004675500480098,11.617436257179397,1.765,0.0,0.0,-0.6436361658209303,0.3470130465010061,1.4249394665206329e-15,0.0,0.0,0.0,-0.053737762926575276,unicycle
-1.4952176885023192,11.613492724493348,1.765,0.0,0.0,-0.6448613956269778,0.32830055470638925,1.2831920126310798e-15,0.0,0.0,0.0,-0.061261490302376216,unicycle
-1.4902876958163331,11.609779388250836,1.765,0.0,0.0,-0.6462475533393264,0.30860046999874047,1.1475999928305658e-15,0.0,0.0,0.0,-0.06930788561742535,unicycle
-1.4856789373051922,11.6062973926628,1.765,0.0,0.0,-0.6477977946791476,0.28881202784480187,1.0202841866637594e-15,0.0,0.0,0.0,-0.07751206699105911,unicycle
-1.4813827880504362,11.603040556859067,1.765,0.0,0.0,-0.6495100198849417,0.2695546557388558,9.024517780327004e-16,0.0,0.0,0.0,-0.08561126028971462,unicycle
-1.4773840203498765,11.599997872199584,1.765,0.0,0.0,-0.6513784268055165,0.2512373400047956,7.946472207894792e-16,0.0,0.0,0.0,-0.09342034602873098,unicycle
-1.47366333090622,11.597155350946048,1.765,0.0,0.0,-0.6533946879846299,0.23411249667666026,6.969441230747483e-16,0.0,0.0,0.0,-0.10081305895567,unicycle
-1.4701992005990638,11.59449737725312,1.765,0.0,0.0,-0.6555488387402915,0.21831760298726005,6.090909390722793e-16,0.0,0.0,0.0,-0.10770753778308675,unicycle
-1.466969239287025,11.592007678593863,1.765,0.0,0.0,-0.6578299431939063,0.20390718907638133,5.306206210867246e-16,0.0,0.0,0.0,-0.11405522268074664,unicycle
-1.463951135922159,11.589670009531797,1.765,0.0,0.0,-0.6602265897838249,0.1908772612215258,4.609322734099396e-16,0.0,0.0,0.0,-0.11983232949592662,unicycle
-1.4611233086014095,11.587468619030341,1.765,0.0,0.0,-0.6627272559411347,0.17918380359535674,3.993511607634755e-16,0.0,0.0,0.0,-0.12503330786549294,unicycle
-1.4584653287097917,11.585388556208613,1.765,0.0,0.0,-0.665320572491138,0.16875666528206618,3.451720758924379e-16,0.0,0.0,0.0,-0.12966582750016675,unicycle
-1.4559581769970673,11.583415856721569,1.765,0.0,0.0,-0.6679955113376637,0.15950986682104637,2.976899965102093e-16,0.0,0.0,0.0,-0.13374694232628423,unicycle
-1.4535843764572447,11.581537642026001,1.765,0.0,0.0,-0.6707415146001693,0.1513491427386836,2.562211073662834e-16,0.0,0.0,0.0,-0.13730016312527793,unicycle
-1.4513280365943124,11.57974215609406,1.765,0.0,0.0,-0.6735485792290206,0.14417736272270432,2.2011658519221273e-16,0.0,0.0,0.0,-0.14035323144258272,unicycle
-1.4491748355309289,11.578018758173647,1.765,0.0,0.0,-0.676407307933011,0.13789833566433526,1.887710075357705e-16,0.0,0.0,0.0,-0.14293643519952243,unicycle
-1.4471119600227984,11.576357885590504,1.765,0.0,0.0,-0.6793089347929542,0.1324193907686363,1.6162682269589724e-16,0.0,0.0,0.0,-0.14508134299716335,unicycle
-1.445128018434505,11.574750997040232,1.765,0.0,0.0,-0.6822453320358145,0.12765304268069413,1.3817598431562083e-16,0.0,0.0,0.0,-0.14681986214300968,unicycle
-1.4432129378327754,11.573190504094976,1.765,0.0,0.0,-0.685209002974907,0.12351797855102185,1.1795959233955217e-16,0.0,0.0,0.0,-0.14818354695463418,unicycle
-1.4413578533339706,11.571669696565209,1.765,0.0,0.0,-0.6881930649835171,0.1199395505058041,1.0056617727221407e-16,0.0,0.0,0.0,-0.14920310043050394,unicycle
-1.439554995521289,11.570182665768353,1.765,0.0,0.0,-0.6911912254855372,0.11684991414946569,8.562910517708766e-17,0.0,0.0,0.0,-0.14990802510100568,unicycle
-1.4377124219525774,11.568653623312608,1.765,0.0,0.0,-0.6941557328461506,0.11971896660755811,7.282345718224553e-17,0.0,0.0,0.0,-0.14822536803067737,unicycle
-1.4356939163553648,11.566968632156161,1.765,0.0,0.0,-0.6970172509319406,0.131468292382596,6.186264185283417e-17,0.0,0.0,0.0,-0.14307590428949862,unicycle
-1.4334122083009395,11.565053108587271,1.765,0.0,0.0,-0.6997311989166766,0.1489582796983293,5.2494925626991175e-17,0.0,0.0,0.0,-0.13569739923680005,unicycle
-1.430816020776199,11.562861922624572,1.765,0.0,0.0,-0.7022713125087602,0.16986385572275517,4.450001079143843e-17,0.0,0.0,0.0,-0.1270056796041818,unicycle
-1.427880128138865,11.560371699219495,1.765,0.0,0.0,-0.7046246840033631,0.19248821408942746,3.7685748383068786e-17,0.0,0.0,0.0,-0.11766857473015443,unicycle
-1.4245977870429352,11.557574848303297,1.765,0.0,0.0,-0.7067879632661421,0.2156162410952502,3.1885041920514283e-17,0.0,0.0,0.0,-0.10816396313895293,unicycle
-1.4209750224163098,11.554474959678648,1.765,0.0,0.0,-0.708764467396227,0.23839956179732813,2.695297460442477e-17,0.0,0.0,0.0,-0.09882520650424867,unicycle
-1.4170263534009697,11.55108327700927,1.765,0.0,0.0,-0.7105619992533331,0.26026671712977956,2.2764175691646675e-17,0.0,0.0,0.0,-0.08987659285530407,unicycle
-1.412771629982915,11.547416023957037,1.765,0.0,0.0,-0.7121912168748182,0.28085326815032197,1.9210429664191947e-17,0.0,0.0,0.0,-0.08146088107426516,unicycle
-1.4082337211846523,11.543492401020094,1.765,0.0,0.0,-0.7136644291542652,0.29994766094037695,1.6198523417001413e-17,0.0,0.0,0.0,-0.07366061397234283,unicycle
-1.4034368521910197,11.539333107622289,1.765,0.0,0.0,-0.7149947196941555,0.31744952219085265,1.3648321071885083e-17,0.0,0.0,0.0,-0.06651452699451807,unicycle
-1.3984054327990851,11.534959272894653,1.765,0.0,0.0,-0.7161953218401992,0.33333772911654047,1.1491052483320428e-17,0.0,0.0,0.0,-0.060030107302181675,unicycle
-1.3931632551709856,11.530391701968117,1.765,0.0,0.0,-0.717279184645131,0.34764613900522734,9.667799489172651e-18,0.0,0.0,0.0,-0.05419314024658838,unicycle
-1.3877329668303415,11.525650363581207,1.765,0.0,0.0,-0.7182586827711868,0.36044529861228614,8.128163055760429e-18,0.0,0.0,0.0,-0.04897490630279818,unicycle
-1.3821357467086086,11.520754060225036,1.765,0.0,0.0,-0.7191454338255536,0.37182880224176507,6.8290943507157494e-18,0.0,0.0,0.0,-0.04433755271833926,unicycle
-1.3763911290809394,11.51572023454339,1.765,0.0,0.0,-0.7199501948950623,0.38190324635285533,5.7338732048392034e-18,0.0,0.0,0.0,-0.04023805347542804,unicycle
-1.3705169334565863,11.510564875794842,1.765,0.0,0.0,-0.7206828165564657,0.3907809514023612,4.811218212057788e-18,0.0,0.0,0.0,-0.03663108307018419,unicycle
-1.36452926872733,11.505302498292137,1.765,0.0,0.0,-0.72135223774802,0.3985747993286355,4.034513727968488e-18,0.0,0.0,0.0,-0.03347105957770535,unicycle
-1.358442587780465,11.499946170215283,1.765,0.0,0.0,-0.7219665088857123,0.40539467646630045,3.381140161865379e-18,0.0,0.0,0.0,-0.0307135568846228,unicycle
-1.352269774864596,11.494507576344867,1.765,0.0,0.0,-0.7225328337243075,0.41134512392439493,2.831895142035482e-18,0.0,0.0,0.0,-0.02831624192974557,unicycle
-1.346022252660753,11.48899710232881,1.765,0.0,0.0,-0.7230576228837167,0.41652388635537085,2.3704943181872946e-18,0.0,0.0,0.0,-0.026239457970456705,unicycle
-1.3397100995743951,11.483423931284934,1.765,0.0,0.0,-0.7235465538321213,0.4210211202611829,1.9831417129960232e-18,0.0,0.0,0.0,-0.02444654742023303,unicycle
-1.3333421704730148,11.477796146024742,1.765,0.0,0.0,-0.724004633555803,0.42491907829006276,1.658160623876749e-18,0.0,0.0,0.0,-0.02290398618408087,unicycle
-1.3269262161422122,11.47212083210135,1.765,0.0,0.0,-0.7244362612448975,0.42829212940214506,1.3856770921959242e-18,0.0,0.0,0.0,-0.021581384454728274,unicycle
-1.3204689982707878,11.466404178352478,1.765,0.0,0.0,-0.7248452891581657,0.43120700875710116,1.1573488927593881e-18,0.0,0.0,0.0,-0.02045139566340773,unicycle
-1.3139763979198513,11.460651572721707,1.765,0.0,0.0,-0.7252350804569195,0.4337232176541441,9.661338488723624e-19,0.0,0.0,0.0,-0.019489564937681572,unicycle
-1.3074535162734202,11.454867691974261,1.765,0.0,0.0,-0.725608563264763,0.435893514397324,8.060920481889677e-19,0.0,0.0,0.0,-0.018674140392177237,unicycle
-1.3009047670795,11.449056584538624,1.765,0.0,0.0,-0.7259682805523128,0.43776445281666926,6.722172248593772e-19,0.0,0.0,0.0,-0.017985864377488905,unicycle
-1.2943339606263327,11.443221746151526,1.765,0.0,0.0,-0.7263164356932831,0.4393769373457954,5.602931885143155e-19,0.0,0.0,0.0,-0.017407757048513987,unicycle
-1.2877443794011514,11.437366188300361,1.765,0.0,0.0,-0.726654933712813,0.4407667728334783,4.667717256486597e-19,0.0,0.0,0.0,-0.016924900976493563,unicycle
-1.2811388457814838,11.431492499674727,1.765,0.0,0.0,-0.7269854183682772,0.44196519428177566,3.886688796722113e-19,0.0,0.0,0.0,-0.016524232773214777,unicycle
-1.2745197822373837,11.425602900981882,1.765,0.0,0.0,-0.7273093052808066,0.44299936695728603,3.234769381147662e-19,0.0,0.0,0.0,-0.0161943456264644,unicycle
-1.2678892645965611,11.419699293568529,1.765,0.0,0.0,-0.7276278113829853,0.443892851211168,2.690898249508831e-19,0.0,0.0,0.0,-0.015925305108936024,unicycle
-1.261332372245439,11.413857269954633,1.765,0.0,0.0,-0.7279845434001624,0.4390958836842759,2.2373991826574426e-19,0.0,0.0,0.0,-0.017836600858859505,unicycle
-1.2549789141923244,11.40819183641763,1.765,0.0,0.0,-0.728446090235613,0.42562767673542073,1.8594459371426177e-19,0.0,0.0,0.0,-0.023077341772530433,unicycle
-1.2489121689297267,11.402776232849844,1.765,0.0,0.0,-0.7290554626811206,0.40661456605481194,1.544610372523435e-19,0.0,0.0,0.0,-0.030468622275391266,unicycle
-1.2431809295774452,11.397652953055019,1.765,0.0,0.0,-0.7298381625552418,0.3843666979139435,1.2824808086126867e-19,0.0,0.0,0.0,-0.03913499370605396,unicycle
-1.237808800012578,11.392842219210484,1.765,0.0,0.0,-0.7308068344317805,0.3605653208884949,1.064339964548785e-19,0.0,0.0,0.0,-0.04843359382693581,unicycle
-1.2328013398690765,11.388348442687874,1.765,0.0,0.0,-0.7319648187125949,0.3364100532921737,8.828933946653461e-20,0.0,0.0,0.0,-0.057899214040726704,unicycle
-1.2281515229910132,11.38416510756712,1.765,0.0,0.0,-0.733308854416451,0.31273429465442104,7.320406798818014e-20,0.0,0.0,0.0,-0.06720178519280276,unicycle
-1.2238438740534456,11.380278428289206,1.765,0.0,0.0,-0.7348311250375817,0.29009533639461926,6.066827864833022e-20,0.0,0.0,0.0,-0.07611353105653852,unicycle
-1.2198575714966868,11.376670060950273,1.765,0.0,0.0,-0.7365207978306952,0.2688444243660221,5.025599920854209e-20,0.0,0.0,0.0,-0.08448363965567107,unicycle
-1.2161687451661904,11.37331908845162,1.765,0.0,0.0,-0.7383651733024248,0.24918097551706317,4.1611562364456e-20,0.0,0.0,0.0,-0.0922187735864829,unicycle
-1.2127521498295228,11.370203451773769,1.765,0.0,0.0,-0.7403505354966142,0.231194304783602,3.4438157418400114e-20,0.0,0.0,0.0,-0.099268109709481,unicycle
-1.2095823581242215,11.367300961375538,1.765,0.0,0.0,-0.7424627732531401,0.21489553761449126,2.848821805909022e-20,0.0,0.0,0.0,-0.10561188782629367,unicycle
-1.2065523236703577,11.36451445668782,1.765,0.0,0.0,-0.7446454326580881,0.20582592094852872,2.3555356932572762e-20,0.0,0.0,0.0,-0.1091329702473941,unicycle
-1.2035124136913269,11.361706621959272,1.765,0.0,0.0,-0.7468199597330085,0.20691178852058498,1.9467602313610512e-20,0.0,0.0,0.0,-0.10872635374601931,unicycle
-1.2003609335380925,11.358783190822585,1.765,0.0,0.0,-0.7489326428100801,0.21493187083481138,1.608173011128735e-20,0.0,0.0,0.0,-0.10563415385357666,unicycle
-1.1970320148039173,11.355682351692233,1.765,0.0,0.0,-0.7509484126128481,0.22746928506542755,1.3278516637386401e-20,0.0,0.0,0.0,-0.1007884901384041,unicycle
-1.1934862257702505,11.352366519449319,1.765,0.0,0.0,-0.7528460359891115,0.24273118056061901,1.0958764868179886e-20,0.0,0.0,0.0,-0.09488116881317021,unicycle
-1.1897033494124591,11.348815955707131,1.765,0.0,0.0,-0.7546144079597573,0.25940635805635637,9.039980060122557e-21,0.0,0.0,0.0,-0.08841859853228783,unicycle
-1.1856768714120312,11.345023840648611,1.765,0.0,0.0,-0.7562497070314537,0.27655319796810407,7.45359015647837e-21,0.0,0.0,0.0,-0.08176495358480945,unicycle
-1.1814098070300094,11.340992487276308,1.765,0.0,0.0,-0.7577532270131225,0.2935117329181686,6.1426229758901194e-21,0.0,0.0,0.0,-0.07517599908344635,unicycle
-1.1769115694257146,11.336730454699799,1.765,0.0,0.0,-0.7591297372146852,0.3098349128611426,5.059766159745523e-21,0.0,0.0,0.0,-0.06882551007813885,unicycle
-1.1721956432693035,11.332250367552376,1.765,0.0,0.0,-0.7603862537833771,0.32523509161857866,4.165747661375553e-21,0.0,0.0,0.0,-0.06282582843459289,unicycle
-1.1672778774842596,11.32756728808041,1.765,0.0,0.0,-0.7615311295754235,0.33954255511806086,3.427984518268461e-21,0.0,0.0,0.0,-0.05724378960231646,unicycle
-1.1621752512153594,11.322697518707214,1.765,0.0,0.0,-0.7625733896007375,0.3526735498018968,2.8194560413150794e-21,0.0,0.0,0.0,-0.052113001265692634,unicycle
-1.1569049992344564,11.31765773785596,1.765,0.0,0.0,-0.7635222547077342,0.3646057835543962,2.317764623337434e-21,0.0,0.0,0.0,-0.047443255349838356,unicycle
-1.1514840084348665,11.312464391879102,1.765,0.0,0.0,-0.7643868085929195,0.3753597847232063,1.9043533175087776e-21,0.0,0.0,0.0,-0.04322769425925597,unicycle
-1.1459284171033373,11.307133282083978,1.765,0.0,0.0,-0.7651757730678261,0.3849848366036374,1.5638543386473898e-21,0.0,0.0,0.0,-0.03944822374533653,unicycle
-1.1402533643742685,11.301679298827295,1.765,0.0,0.0,-0.7658973643103039,0.3935484707442289,1.2835468443208068e-21,0.0,0.0,0.0,-0.036079562123877154,unicycle
-1.1344728495520124,11.296116265074085,1.765,0.0,0.0,-0.7665592089825831,0.4011287153117881,1.0529058833170114e-21,0.0,0.0,0.0,-0.03309223361395438,unicycle
-1.1285996705540786,11.290456860158802,1.765,0.0,0.0,-0.7671683039475975,0.4078084648262149,8.632273622533293e-22,0.0,0.0,0.0,-0.03045474825072342,unicycle
-1.1226454181588088,11.284712601137853,1.765,0.0,0.0,-0.7677310071244078,0.413671473190002,7.073163665243753e-22,0.0,0.0,0.0,-0.028135158840516206,unicycle
-1.1166205084955938,11.278893864402812,1.765,0.0,0.0,-0.7682530500068883,0.4187995798556948,5.792282551948069e-22,0.0,0.0,0.0,-0.02610214412402524,unicycle
-1.1105342406582006,11.273009934394079,1.765,0.0,0.0,-0.7687395646980567,0.42327086466499075,4.740536948035312e-22,0.0,0.0,0.0,-0.024325734558432902,unicycle
-1.1043948697394352,11.267069069530937,1.765,0.0,0.0,-0.7691951201221889,0.42715849477254936,3.877402583565296e-22,0.0,0.0,0.0,-0.0227777712066027,unicycle
-1.0982096882040684,11.261078578032395,1.765,0.0,0.0,-0.7696237634772437,0.4305300806992845,3.1694443857267097e-22,0.0,0.0,0.0,-0.02143216775274069,unicycle
-1.0919851105139857,11.255044898287778,1.765,0.0,0.0,-0.7700290640681023,0.4334474008147699,2.589089470695995e-22,0.0,0.0,0.0,-0.020265029542937886,unicycle
-1.085726757433793,11.248973679964442,1.765,0.0,0.0,-0.7704141574858696,0.43596638673616034,2.1136102593026173e-22,0.0,0.0,0.0,-0.01925467088836494,unicycle
-1.0794395375854633,11.2428698632072,1.765,0.0,0.0,-0.7707817887250211,0.43813728810735886,1.724282121454751e-22,0.0,0.0,0.0,-0.018381561957573955,unicycle
-1.0731277246720496,11.236737754166983,1.765,0.0,0.0,-0.7711343533020859,0.44000495547560314,1.4056859162734022e-22,0.0,0.0,0.0,-0.017628228853233372,unicycle
-1.0667950294195263,11.230581095756639,1.765,0.0,0.0,-0.7714739357913394,0.4416091957053938,1.1451307702429404e-22,0.0,0.0,0.0,-0.016979124462679143,unicycle
-1.0604446657442799,11.22440313301901,1.765,0.0,0.0,-0.7718023454518922,0.4429851665149539,9.321765855503827e-23,0.0,0.0,0.0,-0.0164204830276405,unicycle
-1.0540794109820801,11.218206672845744,1.765,0.0,0.0,-0.7721211488080281,0.4441637860489572,7.582392303618009e-23,0.0,0.0,0.0,-0.015940167806793522,unicycle
-1.0477016602439198,11.211994138035978,1.765,0.0,0.0,-0.7724316991775265,0.44517214051910725,6.162642454501348e-23,0.0,0.0,0.0,-0.01552751847492177,unicycle
-1.0413134751193034,11.205767615856521,1.765,0.0,0.0,-0.7727351632341526,0.4460338783330161,5.004573023602639e-23,0.0,0.0,0.0,-0.01517320283130765,unicycle
-1.0349166270472558,11.199528901378805,1.765,0.0,0.0,-0.7730325447507997,0.4467695831738165,4.0606164675434957e-23,0.0,0.0,0.0,-0.014869075832356747,unicycle
-1.028512635734042,11.193279535937585,1.765,0.0,0.0,-0.7733247057068899,0.4473971214903579,3.291744233362979e-23,0.0,0.0,0.0,-0.01460804780451114,unicycle
-1.022102803025507,11.187020841093991,1.765,0.0,0.0,-0.7736123849637417,0.44793196204926,2.66595161536101e-23,0.0,0.0,0.0,-0.014383962842590477,unicycle
-1.01568824264958,11.180753948499778,1.765,0.0,0.0,-0.773896214719431,0.44838746677323527,2.1570085053741648e-23,0.0,0.0,0.0,-0.014191487784465703,unicycle
-1.0092699062373158,11.174479826057572,1.765,0.0,0.0,-0.7741767349538197,0.4487751531921693,1.7434298719235e-23,0.0,0.0,0.0,-0.014026011719435034,unicycle
-1.0028486060137385,11.168199300758733,1.765,0.0,0.0,-0.7744544060676406,0.4491049295795209,1.4076277340691768e-23,0.0,0.0,0.0,-0.013883555691050471,unicycle
-0.9964250345263257,11.16191307855983,1.765,0.0,0.0,-0.774729619908867,0.44938530432620455,1.1352129784662281e-23,0.0,0.0,0.0,-0.01376069206132285,unicycle
-0.9899997817519478,11.155621761633988,1.765,0.0,0.0,-0.7750027093665819,0.449623571386647,9.144208295420252e-24,0.0,0.0,0.0,-0.013654472885750075,unicycle
-0.9835733498943399,11.149325863306128,1.765,0.0,0.0,-0.7752739566983229,0.44982597377061706,7.35638311791608e-24,0.0,0.0,0.0,-0.013562366587037036,unicycle
-0.9771461661551768,11.143025820953355,1.765,0.0,0.0,-0.7755436007422033,0.44999784709070245,5.910157973440278e-24,0.0,0.0,0.0,-0.013482202194024082,unicycle
-0.9707185937334607,11.136722007124163,1.765,0.0,0.0,-0.7758118431505884,0.4501437451400915,4.74147842343846e-24,0.0,0.0,0.0,-0.013412120419255283,unicycle
-0.9642909412808749,11.130414739103761,1.765,0.0,0.0,-0.7760788537680833,0.4502675493921401,3.798110915231404e-24,0.0,0.0,0.0,-0.013350530874749087,unicycle
-0.9578634710153996,11.124104287127727,1.765,0.0,0.0,-0.7763447752633653,0.45037256419960914,3.037491624986765e-24,0.0,0.0,0.0,-0.013296074764099969,unicycle
-0.951436405672046,11.11779088142323,1.765,0.0,0.0,-0.7766097271120654,0.4504615993404027,2.424961854220863e-24,0.0,0.0,0.0,-0.013247592435013902,unicycle
-0.9450099344481482,11.111474718235643,1.765,0.0,0.0,-0.7768738090165872,0.45053704141752277,1.932321325011327e-24,0.0,0.0,0.0,-0.013204095226091887,unicycle
-0.9385842180812541,11.105155964979202,1.765,0.0,0.0,-0.7771371038384369,0.45060091548047787,1.5366427784086678e-24,0.0,0.0,0.0,-0.013164741092491668,unicycle
-0.9321593931802267,11.098834764632961,1.765,0.0,0.0,-0.7773996801093404,0.45065493809815915,1.2193012442194845e-24,0.0,0.0,0.0,-0.013128813545177294,unicycle
-0.9257355759146082,11.09251123948772,1.765,0.0,0.0,-0.777661594179072,0.45070056298232164,9.651795787169612e-25,0.0,0.0,0.0,-0.013095703486565774,unicycle
-0.9193128651534883,11.08618549433583,1.765,0.0,0.0,-0.777922892050486,0.4507390201381847,7.620186589451432e-25,0.0,0.0,0.0,-0.013064893570704126,unicycle
-0.9128913451329119,11.07985761918355,1.765,0.0,0.0,-0.7781836109456498,0.4507713494053777,5.998862261711934e-25,0.0,0.0,0.0,-0.01303594475819317,unicycle
-0.9064710877201371,11.07352769155486,1.765,0.0,0.0,-0.7784437806411436,0.4507984291489539,4.707429923690225e-25,0.0,0.0,0.0,-0.013008484774692386,unicycle
-0.9000521543336442,11.067195778446177,1.765,0.0,0.0,-0.7787034246054824,0.45082100076649617,3.680884328322797e-25,0.0,0.0,0.0,-0.012982198216940995,unicycle
-0.8936345975695925,11.060861937983217,1.765,0.0,0.0,-0.7789625609671201,0.4508396895931699,2.8667182630434264e-25,0.0,0.0,0.0,-0.012956818081881968,unicycle
-0.8872184625782704,11.054526220824007,1.765,0.0,0.0,-0.7792212033375768,0.45085502271145306,2.222566882803307e-25,0.0,0.0,0.0,-0.012932118522825694,unicycle
-0.8808037882278821,11.048188671345809,1.765,0.0,0.0,-0.7794793615108134,0.450867444105608,1.7142887013007905e-25,0.0,0.0,0.0,-0.012907908661837744,unicycle
-0.8743906080876422,11.041849328648377,1.765,0.0,0.0,-0.7797370420570116,0.45087732754207677,1.3144034644393206e-25,0.0,0.0,0.0,-0.01288402730990835,unicycle
-0.8679789512575109,11.035508227401168,1.765,0.0,0.0,-0.7799942488263355,0.45088498750520833,1.0008215168893025e-25,0.0,0.0,0.0,-0.0128603384662009,unicycle
-0.861568843067898,11.029165398558197,1.765,0.0,0.0,-0.780250983376036,0.4508906884723655,7.55811095709755e-26,0.0,0.0,0.0,-0.012836727485026527,unicycle
-0.8551603056692307,11.022820869960697,1.765,0.0,0.0,-0.7805072453323236,0.45089465277286367,5.651596960609816e-26,0.0,0.0,0.0,-0.012813097814388944,unicycle
-0.8487533585283148,11.016474666844767,1.765,0.0,0.0,-0.780763032696788,0.4508970672407249,4.1749362612966444e-26,0.0,0.0,0.0,-0.012789368223214383,unicycle
-0.8423480188458972,11.010126812268659,1.765,0.0,0.0,-0.7810183421057069,0.45089808884131827,3.037264093424971e-26,0.0,0.0,0.0,-0.012765470445938435,unicycle
-0.8359443019076618,11.003777327472102,1.765,0.0,0.0,-0.7812731690493702,0.4508978494260554,2.166120557088384e-26,0.0,0.0,0.0,-0.012741347183160799,unicycle
-0.8295422213790405,10.99742623217825,1.765,0.0,0.0,-0.7815275080574856,0.4508964597469403,1.5038362008581764e-26,0.0,0.0,0.0,-0.012716950405780116,unicycle
-0.823141789552641,10.991073544847193,1.765,0.0,0.0,-0.7817813528558366,0.4508940128434903,1.0046106585142176e-26,0.0,0.0,0.0,-0.012692239917546758,unicycle
-0.8167430175557431,10.984719282888632,1.765,0.0,0.0,-0.7820346964985861,0.450890586897953,6.32154000330921e-27,0.0,0.0,0.0,-0.0126671821374681,unicycle
-0.8103459155241727,10.978363462840123,1.765,0.0,0.0,-0.7822875314799681,0.45088624764050506,3.5778457387310334e-27,0.0,0.0,0.0,-0.012641749069099324,unicycle
-0.8039504927478794,10.972006100516362,1.765,0.0,0.0,-0.7825398498285395,0.45088105037390236,1.5889682550688048e-27,0.0,0.0,0.0,-0.012615917428569517,unicycle
-0.7975567577927256,10.965647211134057,1.765,0.0,0.0,-0.7827916431866861,0.45087504167660397,1.772870381983252e-28,0.0,0.0,0.0,-0.012589667907330494,unicycle
-0.7911647186022818,10.959286809416303,1.765,0.0,0.0,-0.7830429028776695,0.45086826083445747,-7.962859908952667e-28,0.0,0.0,0.0,-0.012562984549165301,unicycle
-0.7847743825828356,10.952924909679721,1.765,0.0,0.0,-0.7832936199621502,0.45086074104341123,-1.4402507804227928e-27,0.0,0.0,0.0,-0.012535854224034413,unicycle
-0.7783857566743146,10.946561525907116,1.765,0.0,0.0,-0.7835437852858291,0.45085251041922114,-1.8388827312250816e-27,0.0,0.0,0.0,-0.012508266183939565,unicycle
-0.7719988474093927,10.940196671807993,1.765,0.0,0.0,-0.7837933895195932,0.4508435928445882,-2.0573217926167413e-27,0.0,0.0,0.0,-0.01248021168820904,unicycle
-0.7656136609626976,10.933830360868871,1.765,0.0,0.0,-0.7840424231933432,0.45083400867946016,-2.1456352232260398e-27,0.0,0.0,0.0,-0.01245168368750695,unicycle
-0.7592302031917237,10.927462606395073,1.765,0.0,0.0,-0.7842908767244928,0.4508237753562345,-2.1420549121064994e-27,0.0,0.0,0.0,-0.012422676557488329,unicycle
-0.7528484796708059,10.921093421545327,1.765,0.0,0.0,-0.7845387404419808,0.45081290787821143,-2.0755517348376225e-27,0.0,0.0,0.0,-0.012393185874401528,unicycle
-0.7464684957192845,10.914722819360406,1.765,0.0,0.0,-0.784786004606503,0.45080141923677214,-1.9678782086772545e-27,0.0,0.0,0.0,-0.01236320822611409,unicycle
-0.740090256424818,10.908350812786724,1.765,0.0,0.0,-0.7850326594275637,0.450789320760325,-1.835185378644408e-27,0.0,0.0,0.0,-0.012332741053037088,unicycle
-0.7337137666626399,10.901977414695757,1.765,0.0,0.0,-0.7852786950778491,0.45077662240600214,-1.689299323703411e-27,0.0,0.0,0.0,-0.012301782514271976,unicycle
-0.7273390311114303,10.89560263789995,1.765,0.0,0.0,-0.7855241017053496,0.4507633330033506,-1.538726028840649e-27,0.0,0.0,0.0,-0.012270331375024866,unicycle
-0.7209660542663626,10.889226495165689,1.765,0.0,0.0,-0.7857688694435885,0.4507494604577928,-1.389439897631945e-27,0.0,0.0,0.0,-0.012238386911944886,unicycle
-0.7145948404497955,10.882848999223835,1.765,0.0,0.0,-0.7860129884202596,0.4507350119203881,-1.2455002872966995e-27,0.0,0.0,0.0,-0.01220594883356197,unicycle
-0.7082253938200026,10.876470162778219,1.765,0.0,0.0,-0.7862564487645285,0.4507199939293848,-1.1095316499775834e-27,0.0,0.0,0.0,-0.012173017213438843,unicycle
-0.7018577183782693,10.870089998512421,1.765,0.0,0.0,-0.786499240613209,0.45070441252816806,-9.83095765306072e-28,0.0,0.0,0.0,-0.012139592434024281,unicycle
-0.6954918179746303,10.863708519095155,1.765,0.0,0.0,-0.7867413541159992,0.45068827336346823,-8.669788286272306e-28,0.0,0.0,0.0,-0.01210567513950955,unicycle
-0.6891276963124796,10.857325737184443,1.765,0.0,0.0,-0.7869827794399243,0.45067158176706873,-7.614115547832591e-28,0.0,0.0,0.0,-0.012071266196256342,unicycle
-0.6827653569522418,10.850941665430833,1.765,0.0,0.0,-0.7872235067731163,0.4506543428237291,-6.662367561656596e-28,0.0,0.0,0.0,-0.012036366659589716,unicycle
-0.6764048033142672,10.844556316479787,1.765,0.0,0.0,-0.7874635263280352,0.450636561427596,-5.810358827844948e-28,0.0,0.0,0.0,-0.012000977745939665,unicycle
-0.6700460386810831,10.838169702973394,1.765,0.0,0.0,-0.7877028283442247,0.4506182423290049,-5.052236308370975e-28,0.0,0.0,0.0,-0.011965100809475618,unicycle
-0.6636890661991123,10.831781837551514,1.765,0.0,0.0,-0.7879414030906748,0.4505993901732644,-4.381178206643484e-28,0.0,0.0,0.0,-0.011928737322513655,unicycle
-0.657333888879953,10.825392732852462,1.765,0.0,0.0,-0.7881792408678566,0.45058000953275434,-3.789902226289958e-28,0.0,0.0,0.0,-0.01189188885909056,unicycle
-0.6509805096012962,10.819002401513306,1.765,0.0,0.0,-0.7884163320094805,0.45056010493344933,-3.2710279547994043e-28,0.0,0.0,0.0,-0.011854557081195212,unicycle
-0.6446289311075447,10.812610856169837,1.765,0.0,0.0,-0.7886526668840251,0.4505396808767979,-2.8173283561355316e-28,0.0,0.0,0.0,-0.011816743727228947,unicycle
-0.6382791560101896,10.806218109456287,1.765,0.0,0.0,-0.7888882358960717,0.4505187418577312,-2.4218976835635286e-28,0.0,0.0,0.0,-0.011778450602335068,unicycle
-0.6319311867879855,10.799824174004822,1.765,0.0,0.0,-0.7891230294874775,0.4504972923794498,-2.0782570445078424e-28,0.0,0.0,0.0,-0.011739679570295184,unicycle
-0.625585025786965,10.793429062444858,1.765,0.0,0.0,-0.7893570381384123,0.45047533696552833,-1.7804140445487626e-28,0.0,0.0,0.0,-0.0117004325467385,unicycle
-0.6192406752203204,10.787032787402229,1.765,0.0,0.0,-0.7895902523682812,0.450452880169787,-1.5228891509448215e-28,0.0,0.0,0.0,-0.011660711493451053,unicycle
-0.6128981371681815,10.780635361498243,1.765,0.0,0.0,-0.7898226627365532,0.45042992658430653,-1.3007184408086278e-28,0.0,0.0,0.0,-0.01162051841360607,unicycle
-0.6065574135773062,10.774236797348639,1.765,0.0,0.0,-0.7900542598435085,0.45040648084589746,-1.1094400693460345e-28,0.0,0.0,0.0,-0.011579855347765492,unicycle
-0.6002185060342305,10.767837107333861,1.765,0.0,0.0,-0.7902850343221908,0.45038256373055013,-9.450699762863953e-29,0.0,0.0,0.0,-0.011538723934119787,unicycle
-0.593881415869587,10.761436303703345,1.765,0.0,0.0,-0.7905149768430848,0.4503581886363315,-8.040709371658255e-29,0.0,0.0,0.0,-0.011497126044705389,unicycle
-0.5875461444060388,10.755034398825066,1.765,0.0,0.0,-0.7907440781242789,0.4503333513693207,-6.833179752117686e-29,0.0,0.0,0.0,-0.01145506405971014,unicycle
-0.5812126929245949,10.748631405150892,1.765,0.0,0.0,-0.7909723289307148,0.45030805014861974,-5.80062311148649e-29,0.0,0.0,0.0,-0.011412540321794888,unicycle
-0.5748810626385387,10.742227335189572,1.765,0.0,0.0,-0.7911997200736993,0.4502822850675204,-4.9189538806441067e-29,0.0,0.0,0.0,-0.011369557149223141,unicycle
-0.5685512546733418,10.73582220148571,1.765,0.0,0.0,-0.7914262424106213,0.450256057669816,-4.1671402341780573e-29,0.0,0.0,0.0,-0.011326116846094863,unicycle
-0.5622232700512689,10.729416016603464,1.765,0.0,0.0,-0.791651886844827,0.4502293706177222,-3.5268737610650694e-29,0.0,0.0,0.0,-0.011282221710284469,unicycle
-0.5558971096796463,10.723008793113893,1.765,0.0,0.0,-0.7918766443256182,0.45020222743252386,-2.9822614617010255e-29,0.0,0.0,0.0,-0.01123787403956339,unicycle
-0.5495727743419792,10.716600543585184,1.765,0.0,0.0,-0.7921005058483439,0.4501746322928235,-2.519542267862367e-29,0.0,0.0,0.0,-0.011193076136291221,unicycle
-0.5432502646912755,10.710191280575083,1.765,0.0,0.0,-0.7923234624545636,0.4501465898782952,-2.1268288589993464e-29,0.0,0.0,0.0,-0.011147830310981674,unicycle
-0.5369295812450713,10.703781016625042,1.765,0.0,0.0,-0.7925455052322633,0.45011810524928536,-1.79387454897612e-29,0.0,0.0,0.0,-0.01110213888498718,unicycle
-0.5306107243817596,10.697369764255656,1.765,0.0,0.0,-0.7927666253161132,0.45008918375456486,-1.511864338716803e-29,0.0,0.0,0.0,-0.011056004192495878,unicycle
-0.5242936943379104,10.690957535963117,1.765,0.0,0.0,-0.7929868138877529,0.4500598309611133,-1.273228791772305e-29,0.0,0.0,0.0,-0.011009428581994437,unicycle
-0.5179784912063428,10.684544344216397,1.765,0.0,0.0,-0.7932060621760992,0.4500300526010773,-1.0714791292490817e-29,0.0,0.0,0.0,-0.010962414417318067,unicycle
-0.5116651149347582,10.678130201455023,1.765,0.0,0.0,-0.793424361457667,0.4499998545320587,-9.010618097598553e-30,0.0,0.0,0.0,-0.010914964078383289,unicycle
-0.5053535653247914,10.67171512008724,1.765,0.0,0.0,-0.7936417030569006,0.4499692427076967,-7.572308222103751e-30,0.0,0.0,0.0,-0.010867079961678572,unicycle
-0.4990438420313672,10.665299112488487,1.765,0.0,0.0,-0.793858078346512,0.4499382231561543,-6.359359462660963e-30,0.0,0.0,0.0,-0.010818764480571627,unicycle
-0.49273594456227865,10.658882191000107,1.765,0.0,0.0,-0.7940734787478216,0.44990680196463195,-5.3372530606255914e-30,0.0,0.0,0.0,-0.010770020065479183,unicycle
-0.4864298722779214,10.652464367928191,1.765,0.0,0.0,-0.7942878957311003,0.4498749852684431,-4.476606412956825e-30,0.0,0.0,0.0,-0.010720849163934726,unicycle
-0.48012562439113693,10.646045655542538,1.765,0.0,0.0,-0.7945013208159118,0.449842779243507,-3.7524383455734095e-30,0.0,0.0,0.0,-0.010671254240581702,unicycle
-0.47382319996712846,10.639626066075683,1.765,0.0,0.0,-0.7947137455714542,0.4498101901013741,-3.1435335616224793e-30,0.0,0.0,0.0,-0.010621237777113216,unicycle
-0.4675225979234245,10.633205611721971,1.765,0.0,0.0,-0.7949251616168979,0.4497772240860988,-2.631894116818024e-30,0.0,0.0,0.0,-0.010570802272174232,unicycle
-0.4612238170298698,10.626784304636647,1.765,0.0,0.0,-0.7951355606217226,0.4497438874724378,-2.2022669875337895e-30,0.0,0.0,0.0,-0.010519950241238384,unicycle
-0.45492685590863247,10.620362156934965,1.765,0.0,0.0,-0.795344934306052,0.4497101865649711,-1.8417379566304724e-30,0.0,0.0,0.0,-0.010468684216468477,unicycle
-0.44863171303421684,10.613939180691302,1.765,0.0,0.0,-0.7955532744409834,0.44967612769784665,-1.5393831294306362e-30,0.0,0.0,0.0,-0.010417006746567328,unicycle
-0.44233838673347775,10.607515387938262,1.765,0.0,0.0,-0.795760572848916,0.4496417172349225,-1.2859703978842924e-30,0.0,0.0,0.0,-0.010364920396623773,unicycle
-0.4360468751856323,10.601090790665777,1.765,0.0,0.0,-0.7959668214038751,0.44960696157013824,-1.0737040904199148e-30,0.0,0.0,0.0,-0.010312427747957351,unicycle
-0.4297571764222677,10.594665400820201,1.765,0.0,0.0,-0.7961720120318344,0.44957186712799546,-8.960068778265429e-31,0.0,0.0,0.0,-0.01025953139796401,unicycle
-0.42346928832734465,10.588239230303389,1.765,0.0,0.0,-0.7963761367110338,0.44953644036406076,-7.473337540617354e-31,0.0,0.0,0.0,-0.010206233959964419,unicycle
-0.4171832086371976,10.581812290971786,1.765,0.0,0.0,-0.7965791874722951,0.44950068776542995,-6.230135792250081e-31,0.0,0.0,0.0,-0.010152538063055893,unicycle
-0.41089893494053126,10.575384594635496,1.765,0.0,0.0,-0.7967811563993346,0.44946461585111425,-5.19114265285669e-31,0.0,0.0,0.0,-0.010098446351968406,unicycle
-0.40461646467841667,10.568956153057336,1.765,0.0,0.0,-0.7969820356290731,0.4494282311723222,-4.323282093226348e-31,0.0,0.0,0.0,-0.010043961486925022,unicycle
-0.3983357951442873,10.562526977951912,1.765,0.0,0.0,-0.797181817351943,0.4493915403126239,-3.5987504007884286e-31,0.0,0.0,0.0,-0.00998908614350665,unicycle
-0.392056923483937,10.556097080984683,1.765,0.0,0.0,-0.7973804938121934,0.44935454988798973,-2.9941914759616855e-31,0.0,0.0,0.0,-0.009933823012521001,unicycle
-0.38577984669552207,10.549666473771014,1.765,0.0,0.0,-0.7975780573081911,0.4493172665467045,-2.4899981842917678e-31,0.0,0.0,0.0,-0.009878174799875433,unicycle
-0.3795045616295682,10.543235167875254,1.765,0.0,0.0,-0.7977745001927201,0.44927969696915854,-2.069721059825047e-31,0.0,0.0,0.0,-0.009822144226453462,unicycle
-0.37323106498898495,10.536803174809792,1.765,0.0,0.0,-0.79796981487328,0.44924184786752264,-1.7195683204645546e-31,0.0,0.0,0.0,-0.009765734027994459,unicycle
-0.3669593533290879,10.53037050603415,1.765,0.0,0.0,-0.7981639938123795,0.44920372598531344,-1.4279834637553024e-31,0.0,0.0,0.0,-0.00970894695497626,unicycle
-0.3606894230576316,10.523937172954046,1.765,0.0,0.0,-0.7983570295278294,0.44916533809685805,-1.1852887049721428e-31,0.0,0.0,0.0,-0.009651785772500237,unicycle
-0.3544212704348525,10.517503186920505,1.765,0.0,0.0,-0.798548914593033,0.44912669100666647,-9.833842376441064e-32,0.0,0.0,0.0,-0.009594253260178532,unicycle
-0.34815489157352497,10.511068559228944,1.765,0.0,0.0,-0.7987396416372735,0.44908779154872,-8.154947747982474e-32,0.0,0.0,0.0,-0.009536352212023102,unicycle
-0.34189028243902975,10.504633301118297,1.765,0.0,0.0,-0.7989292033460001,0.44904864658568444,-6.759560984658052e-32,0.0,0.0,0.0,-0.009478085436336228,unicycle
-0.33562743884943697,10.498197423770135,1.765,0.0,0.0,-0.7991175924611124,0.4490092630080563,-5.600354330252556e-32,0.0,0.0,0.0,-0.00941945575560222,unicycle
-0.3293663564756033,10.491760938307797,1.765,0.0,0.0,-0.79930480178124,0.4489696477332489,-4.637803891521275e-32,0.0,0.0,0.0,-0.009360466006380038,unicycle
-0.3231070308412855,10.485323855795556,1.765,0.0,0.0,-0.7994908241620238,0.44892980770462537,-3.8389202092390035e-32,0.0,0.0,0.0,-0.009301119039196639,unicycle
-0.3168494573232693,10.478886187237773,1.765,0.0,0.0,-0.7996756525163925,0.44888974989048597,-3.176182177305347e-32,0.0,0.0,0.0,-0.009241417718440757,unicycle
-0.31059363115151506,10.47244794357808,1.765,0.0,0.0,-0.7998592798148377,0.4488494812830131,-2.6266423141006217e-32,0.0,0.0,0.0,-0.009181364922256956,unicycle
-0.30433954740932084,10.466009135698581,1.765,0.0,0.0,-0.8000416990856866,0.4488090088971818,-2.171176316736892e-32,0.0,0.0,0.0,-0.009120963542439818,unicycle
-0.29808720103350217,10.459569774419059,1.765,0.0,0.0,-0.800222903415373,0.44876833976963876,-1.793854017274677e-32,0.0,0.0,0.0,-0.00906021648432806,unicycle
-0.2918365868145902,10.45312987049621,1.765,0.0,0.0,-0.800402885948707,0.4487274809575543,-1.481412416957031e-32,0.0,0.0,0.0,-0.008999126666698465,unicycle
-0.2855876993970476,10.44668943462289,1.765,0.0,0.0,-0.8005816398891401,0.44868643953745135,-1.2228144920321425e-32,0.0,0.0,0.0,-0.008937697021659533,unicycle
-0.2793405332795025,10.44024847742737,1.765,0.0,0.0,-0.8007591584990309,0.44864522260401374,-1.0088800220144004e-32,0.0,0.0,0.0,-0.008875930494544694,unicycle
-0.273095082815001,10.433807009472629,1.765,0.0,0.0,-0.8009354350999072,0.44860383726887826,-8.319768563710006e-33,0.0,0.0,0.0,-0.008813830043805055,unicycle
-0.2668513422112784,10.427365041255646,1.765,0.0,0.0,-0.8011104630727253,0.44856229065941144,-6.857628670506998e-33,0.0,0.0,0.0,-0.008751398640901534,unicycle
-0.26060930553104844,10.420922583206723,1.765,0.0,0.0,-0.8012842358581291,0.4485205899174745,-5.649703820510895e-33,0.0,0.0,0.0,-0.00868863927019637,unicycle
-0.2543689666923122,10.414479645688811,1.765,0.0,0.0,-0.8014567469567059,0.44847874219817746,-4.652262021665293e-33,0.0,0.0,0.0,-0.008625554928843926,unicycle
-0.2481303194686848,10.408036238996878,1.765,0.0,0.0,-0.8016279899292396,0.44843675466862476,-3.8290140573893015e-33,0.0,0.0,0.0,-0.00856214862668072,unicycle
-0.2418933574897418,10.401592373357268,1.765,0.0,0.0,-0.8017979583969618,0.44839463450665384,-3.149860758376458e-33,0.0,0.0,0.0,-0.008498423386114649,unicycle
-0.23565807424138396,10.395148058927099,1.765,0.0,0.0,-0.8019666460418021,0.4483523888995681,-2.5898486739080923e-33,0.0,0.0,0.0,-0.008434382242013361,unicycle
-0.22942446306622097,10.38870330579368,1.765,0.0,0.0,-0.802134046606634,0.4483100250428647,-2.1282999098213883e-33,0.0,0.0,0.0,-0.008370028241591762,unicycle
-0.22319251716397412,10.382258123973925,1.765,0.0,0.0,-0.80230015389552,0.4482675501389602,-1.748087445230659e-33,0.0,0.0,0.0,-0.008305364444298573,unicycle
-0.21696222959189765,10.375812523413817,1.765,0.0,0.0,-0.8024649617739542,0.44822497139591216,-1.4350319011554809e-33,0.0,0.0,0.0,-0.008240393921701979,unicycle
-0.21073359326521912,10.369366513987863,1.765,0.0,0.0,-0.8026284641691017,0.4481822960261397,-1.1773996496297674e-33,0.0,0.0,0.0,-0.008175119757374292,unicycle
-0.20450660095759854,10.36292010549859,1.765,0.0,0.0,-0.8027906550700372,0.44813953124514333,-9.654854387843505e-34,0.0,0.0,0.0,-0.008109545046775624,unicycle
-0.1982812453016058,10.356473307676044,1.765,0.0,0.0,-0.8029515285279799,0.4480966842702243,-7.91265466945827e-34,0.0,0.0,0.0,-0.008043672897136582,unicycle
-0.1920575187892173,10.350026130177325,1.765,0.0,0.0,-0.8031110786565268,0.448053762319204,-6.481091508001034e-34,0.0,0.0,0.0,-0.007977506427339897,unicycle
-0.1858354137723309,10.343578582586115,1.765,0.0,0.0,-0.8032692996318829,0.44801077260914457,-5.305397699468286e-34,0.0,0.0,0.0,-0.007911048767801056,unicycle
-0.17961492246329938,10.337130674412265,1.765,0.0,0.0,-0.8034261856930898,0.4479677223550708,-4.340357924981572e-34,0.0,0.0,0.0,-0.007844303060347883,unicycle
-0.17339603693548233,10.330682415091355,1.765,0.0,0.0,-0.8035817311422517,0.447924618768694,-3.5486604417041857e-34,0.0,0.0,0.0,-0.007777272458099061,unicycle
-0.16717874912381656,10.324233813984305,1.765,0.0,0.0,-0.8037359303447587,0.4478814690571379,-2.899530190717271e-34,0.0,0.0,0.0,-0.007709960125341585,unicycle
-0.16096305082540444,10.317784880377008,1.765,0.0,0.0,-0.8038887777295067,0.44783828042166735,-2.3675957988629e-34,0.0,0.0,0.0,-0.007642369237407161,unicycle
-0.15474893370012088,10.31133562347995,1.765,0.0,0.0,-0.8040402677891176,0.4477950600564201,-1.931950885103986e-34,0.0,0.0,0.0,-0.007574502980547483,unicycle
-0.148536389271238,10.304886052427891,1.765,0.0,0.0,-0.8041903950801538,0.4477518151471418,-1.5753767072921373e-34,0.0,0.0,0.0,-0.007506364551808464,unicycle
-0.14232540892606776,10.298436176279528,1.765,0.0,0.0,-0.8043391542233319,0.4477085528699247,-1.2836987151829555e-34,0.0,0.0,0.0,-0.007437957158903364,unicycle
-0.13611598391662286,10.291986004017208,1.765,0.0,0.0,-0.8044865399037336,0.4476652803899505,-1.0452541888112974e-34,0.0,0.0,0.0,-0.007369284020084819,unicycle
-0.1299081053602949,10.285535544546631,1.765,0.0,0.0,-0.8046325468710137,0.44762200486023734,-8.504519879275192e-35,0.0,0.0,0.0,-0.007300348364015781,unicycle
-0.12370176424055059,10.279084806696604,1.765,0.0,0.0,-0.8047771699396064,0.4475787334203913,-6.914086439023029e-35,0.0,0.0,0.0,-0.007231153429639357,unicycle
-0.11749695140764513,10.27263379921878,1.765,0.0,0.0,-0.8049204039889274,0.44753547319536285,-5.616476957827281e-35,0.0,0.0,0.0,-0.007161702466047537,unicycle
-0.11129365757935336,10.266182530787452,1.765,0.0,0.0,-0.8050622439635745,0.4474922312942086,-4.558513953636081e-35,0.0,0.0,0.0,-0.007091998732348832,unicycle
-0.10509187334171799,10.259731009999333,1.765,0.0,0.0,-0.8052026848735253,0.447449014808858,-3.696557561847618e-35,0.0,0.0,0.0,-0.007022045497534793,unicycle
-0.09889158914981495,10.253279245373372,1.765,0.0,0.0,-0.8053417217943322,0.44740583081288576,-2.9948146016206677e-35,0.0,0.0,0.0,-0.006951846040345441,unicycle
-0.09269279532853601,10.246827245350595,1.765,0.0,0.0,-0.8054793498673148,0.44736268636029025,-2.4239441486125445e-35,0.0,0.0,0.0,-0.006881403649133582,unicycle
-0.0864954820733881,10.240375018293946,1.765,0.0,0.0,-0.8056155642997493,0.4473195884842774,-1.9599081748507577e-35,0.0,0.0,0.0,-0.006810721621728014,unicycle
-0.08029963945130954,10.23392257248817,1.765,0.0,0.0,-0.8057503603650552,0.4472765441960517,-1.5830246460195104e-35,0.0,0.0,0.0,-0.006739803265295627,unicycle
-0.07410525740150282,10.227469916139691,1.765,0.0,0.0,-0.8058837334029793,0.447233560483613,-1.2771877966781748e-35,0.0,0.0,0.0,-0.006668651896202412,unicycle
-0.06791232573628408,10.22101705737652,1.765,0.0,0.0,-0.8060156788197768,0.44719064431056077,-1.0292263865942751e-35,0.0,0.0,0.0,-0.006597270839873386,unicycle
-0.06172083414194867,10.214564004248187,1.765,0.0,0.0,-0.8061461920883897,0.44714780261490406,-8.283757864585594e-36,0.0,0.0,0.0,-0.006525663430651402,unicycle
-0.05553077217965327,10.208110764725685,1.765,0.0,0.0,-0.8062752687486229,0.4471050423078797,-6.658439238103611e-36,0.0,0.0,0.0,-0.0064538330116548585,unicycle
-0.04934212928631388,10.201657346701433,1.765,0.0,0.0,-0.8064029044073155,0.44706237027277757,-5.3445458589803215e-36,0.0,0.0,0.0,-0.006381782934634328,unicycle
-0.04315489477551987,10.195203757989253,1.765,0.0,0.0,-0.8065290947385121,0.4470197933637732,-4.283544469056145e-36,0.0,0.0,0.0,-0.006309516559828093,unicycle
-0.03696905783846376,10.188750006324382,1.765,0.0,0.0,-0.8066538354836285,0.44697731840476795,-3.427725636082373e-36,0.0,0.0,0.0,-0.006237037255816605,unicycle
-0.030784607544886766,10.182296099363473,1.765,0.0,0.0,-0.806777122451616,0.4469349521882377,-2.7382305020268e-36,0.0,0.0,0.0,-0.006164348399375864,unicycle
-0.024601532844039715,10.175842044684648,1.765,0.0,0.0,-0.8068989515191226,0.4468927014740892,-2.1834326975674813e-36,0.0,0.0,0.0,-0.006091453375329718,unicycle
-0.01841982256565943,10.169387849787546,1.765,0.0,0.0,-0.8070193186306507,0.44685057298852476,-1.737612245831567e-36,0.0,0.0,0.0,-0.006018355576401101,unicycle
-0.01223946542096026,10.162933522093388,1.765,0.0,0.0,-0.807138219798712,0.4468085734229156,-1.3798693918355393e-36,0.0,0.0,0.0,-0.005945058403062207,unicycle
-0.006060450003640652,10.15647906894508,1.765,0.0,0.0,-0.8072556511039799,0.4467667094326838,-1.0932354734637811e-36,0.0,0.0,0.0,-0.005871565263383616,unicycle
0.00011723520909536302,10.150024497607312,1.765,0.0,0.0,-0.8073716086954376,0.4467249876361936,-8.639455281960252e-37,0.0,0.0,0.0,-0.005797879572882344,unicycle
0.006293601855501992,10.143569815266687,1.765,0.0,0.0,-0.8074860887905251,0.44668341461365063,-6.808435834438102e-37,0.0,0.0,0.0,-0.005724004754368878,unicycle
0.01246866168824091,10.137115029031865,1.765,0.0,0.0,-0.8075990876752809,0.4466419969060114,-5.348967363932959e-37,0.0,0.0,0.0,-0.0056499442377931685,unicycle
0.018642426573316086,10.130660145933714,1.765,0.0,0.0,-0.8077106017044828,0.4466007410139019,-4.187983815831885e-37,0.0,0.0,0.0,-0.0055757014600895955,unicycle
0.02481490848899441,10.124205172925496,1.765,0.0,0.0,-0.8078206273017834,0.44655965339654546,-3.266444484095986e-37,0.0,0.0,0.0,-0.005501279865020916,unicycle
0.030986119524712186,10.11775011688306,1.765,0.0,0.0,-0.8079291609598437,0.4465187404707007,-2.5366939663838627e-37,0.0,0.0,0.0,-0.005426682903021204,unicycle
0.03715607187996777,10.111294984605056,1.765,0.0,0.0,-0.8080361992404645,0.44647800860960973,-1.9603109366902394e-37,0.0,0.0,0.0,-0.005351914031037765,unicycle
0.04332477786320049,10.10483978281315,1.765,0.0,0.0,-0.8081417387747121,0.44643746414195556,-1.506356519616345e-37,0.0,0.0,0.0,-0.005276976712372071,unicycle
0.04949224989065591,10.098384518152283,1.765,0.0,0.0,-0.8082457762630425,0.4463971133508306,-1.149949125008832e-37,0.0,0.0,0.0,-0.005201874416519736,unicycle
0.055658500485237836,10.091929197190924,1.765,0.0,0.0,-0.8083483084754226,0.44635696247271484,-8.711058142097747e-38,0.0,0.0,0.0,-0.005126610619009491,unicycle
0.06182354227534698,10.085473826421353,1.765,0.0,0.0,-0.8084493322514474,0.44631701769646526,-6.538011234878289e-38,0.0,0.0,0.0,-0.005051188801241214,unicycle
0.0679873879937067,10.079018412259948,1.765,0.0,0.0,-0.8085488445004538,0.4462772851623156,-4.852031825293601e-38,0.0,0.0,0.0,-0.004975612450322982,unicycle
0.07415005047617572,10.0725629610475,1.765,0.0,0.0,-0.808646842201632,0.44623777096088696,-3.5505427966831844e-38,0.0,0.0,0.0,-0.0048998850589072095,unicycle
0.08031154266054837,10.066107479049538,1.765,0.0,0.0,-0.8087433224041327,0.44619848113220995,-2.551690242338473e-38,0.0,0.0,0.0,-0.004824010125025866,unicycle
0.08647187758534214,10.059651972456667,1.765,0.0,0.0,-0.8088382822271711,0.44615942166475714,-1.7902817370675147e-38,0.0,0.0,0.0,-0.004747991151924742,unicycle
0.092631068388573,10.053196447384925,1.765,0.0,0.0,-0.8089317188601288,0.4461205984944876,-1.214502219363846e-38,0.0,0.0,0.0,-0.004671831647896843,unicycle
0.09878912830651856,10.046740909876158,1.765,0.0,0.0,-0.8090236295626512,0.4460820175039028,-7.832614318119207e-39,0.0,0.0,0.0,-0.004595535126114882,unicycle
0.10494607067246922,10.04028536589841,1.765,0.0,0.0,-0.8091140116647405,0.446043684521114,-4.640538588188789e-39,0.0,0.0,0.0,-0.004519105104462887,unicycle
0.11110190891546769,10.033829821346316,1.765,0.0,0.0,-0.8092028625668479,0.4460056053189208,-2.31234174124267e-39,0.0,0.0,0.0,-0.0044425451053669365,unicycle
0.11725665655903669,10.027374282041535,1.765,0.0,0.0,-0.8092901797399605,0.445967785613903,-6.462925058591711e-40,0.0,0.0,0.0,-0.004365858655625065,unicycle
0.12341032721989548,10.020918753733163,1.765,0.0,0.0,-0.8093759607256853,0.44593023106552315,5.1577481061556e-40,0.0,0.0,0.0,-0.004289049286236327,unicycle
0.129562934606665,10.014463242098198,1.765,0.0,0.0,-0.8094602031363297,0.4458929472752418,1.2974151161481727e-39,0.0,0.0,0.0,-0.004212120532229033,unicycle
0.13571449251856213,10.00800775274199,1.765,0.0,0.0,-0.8095429046549797,0.4458559397856452,1.7947494897401616e-39,0.0,0.0,0.0,-0.004135075932488165,unicycle
0.14186501484408304,10.001552291198719,1.765,0.0,0.0,-0.8096240630355712,0.445819214079585,2.0822081268436756e-39,0.0,0.0,0.0,-0.004057919029582035,unicycle
0.14801451555967574,9.995096862931886,1.765,0.0,0.0,-0.8097036761029633,0.44578277557933077,2.21711798304035e-39,0.0,0.0,0.0,-0.003980653369588152,unicycle
0.15416300872840255,9.988641473334814,1.765,0.0,0.0,-0.8097817417530017,0.445746629645735,2.243360825712743e-39,0.0,0.0,0.0,-0.003903282501918293,unicycle
0.16031050849859196,9.982186127731168,1.765,0.0,0.0,-0.8098582579525846,0.44571078157741145,2.194284302812926e-39,0.0,0.0,0.0,-0.0038258099791428804,unicycle
0.16645702910248059,9.975730831375486,1.765,0.0,0.0,-0.8099332227397207,0.44567523660992525,2.0950136151018352e-39,0.0,0.0,0.0,-0.003748239356814604,unicycle
0.1726025848548453,9.969275589453714,1.765,0.0,0.0,-0.8100066342235868,0.44563999991499714,1.9642829433092528e-39,0.0,0.0,0.0,-0.0036705741932913215,unicycle
0.17874719015162557,9.962820407083774,1.765,0.0,0.0,-0.8100784905845779,0.4456050765997202,1.815882715521774e-39,0.0,0.0,0.0,-0.0035928180495583095,unicycle
0.18489085946853637,9.956365289316125,1.765,0.0,0.0,-0.8101487900743589,0.44557047170579,1.6598001060882413e-39,0.0,0.0,0.0,-0.0035149744890497973,unicycle
0.1910336073596717,9.949910241134356,1.765,0.0,0.0,-0.8102175310159083,0.44553619020874785,1.5031150211057426e-39,0.0,0.0,0.0,-0.0034370470774698425,unicycle
0.19717544845609938,9.943455267455763,1.765,0.0,0.0,-0.8102847118035605,0.44550223701723796,1.3507015821851852e-39,0.0,0.0,0.0,-0.0033590393826125834,unicycle
0.20331639746444657,9.937000373131973,1.765,0.0,0.0,-0.8103503309030441,0.4454686169722778,1.2057752271222378e-39,0.0,0.0,0.0,-0.00328095497418187,unicycle
0.20945646916547672,9.930545562949558,1.765,0.0,0.0,-0.8104143868515162,0.44543533484654185,1.0703175608936072e-39,0.0,0.0,0.0,-0.0032027974236102713,unicycle
0.21559567841265814,9.92409084163066,1.765,0.0,0.0,-0.8104768782575937,0.4454023953436596,9.454046525566705e-40,0.0,0.0,0.0,-0.003124570303877499,unicycle
0.22173404013072423,9.917636213833637,1.765,0.0,0.0,-0.8105378038013802,0.4453698030975271,8.314592896169213e-40,0.0,0.0,0.0,-0.003046277189328291,unicycle
0.22787156931422559,9.911181684153723,1.765,0.0,0.0,-0.81059716223449,0.4453375626716322,7.284435324170013e-40,0.0,0.0,0.0,-0.002967921655489739,unicycle
0.23400828102607427,9.904727257123682,1.765,0.0,0.0,-0.8106549523800678,0.44530567855839426,6.360045629343078e-40,0.0,0.0,0.0,-0.0028895072788880784,unicycle
0.2401441903960804,9.898272937214491,1.765,0.0,0.0,-0.8107111731328052,0.4452741551785173,5.535841373343925e-40,0.0,0.0,0.0,-0.002811037636864964,unicycle
0.24627931261948133,9.891818728836029,1.765,0.0,0.0,-0.810765823458953,0.44524299688035823,4.804998017091123e-40,0.0,0.0,0.0,-0.0027325163073932796,unicycle
0.25241366295546347,9.885364636337767,1.765,0.0,0.0,-0.8108189023963307,0.44521220793930805,4.160043118326301e-40,0.0,0.0,0.0,-0.0026539468688924683,unicycle
0.25854725672567697,9.878910664009485,1.765,0.0,0.0,-0.8108704090543316,0.44518179255718837,3.5932832640255537e-40,0.0,0.0,0.0,-0.0025753329000434344,unicycle
0.26468010931274394,9.872456816081977,1.765,0.0,0.0,-0.8109203426139235,0.4451517548616619,3.097103510366307e-40,0.0,0.0,0.0,-0.0024966779796030086,unicycle
0.2708122361587594,9.86600309672779,1.765,0.0,0.0,-0.8109687023276481,0.4451220989056575,2.6641704223714773e-40,0.0,0.0,0.0,-0.002417985686218008,unicycle
0.2769436527637863,9.859549510061958,1.765,0.0,0.0,-0.8110154875196129,0.44509282866680955,2.287562921686916e-40,0.0,0.0,0.0,-0.0023392595982389144,unicycle
0.28307437468434415,9.853096060142748,1.765,0.0,0.0,-0.8110606975854836,0.4450639480469121,1.960849705608936e-40,0.0,0.0,0.0,-0.002260503293533187,unicycle
0.2892044175318915,9.84664275097242,1.765,0.0,0.0,-0.8111043319924695,0.4450354608713875,1.6781277045033428e-40,0.0,0.0,0.0,-0.0021817203492982646,unicycle
0.29533379697130285,9.84018958649798,1.765,0.0,0.0,-0.811146390279307,0.4450073708887698,1.4340326655803662e-40,0.0,0.0,0.0,-0.0021029143418742208,unicycle
0.3014625287193394,9.833736570611968,1.765,0.0,0.0,-0.8111868720562382,0.44497968177020275,1.2237303016822436e-40,0.0,0.0,0.0,-0.002024088846556132,unicycle
0.30759062854311503,9.827283707153235,1.765,0.0,0.0,-0.8112257770049864,0.4449523971089529,1.0428943742642224e-40,0.0,0.0,0.0,-0.0019452474374062002,unicycle
0.31371811225855695,9.82083099990773,1.765,0.0,0.0,-0.8112631048787279,0.44492552041993744,8.876764698577014e-41,0.0,0.0,0.0,-0.0018663936870655829,unicycle
0.3198449957288609,9.814378452609306,1.765,0.0,0.0,-0.8112988555020592,0.4448990551392666,7.546709827765233e-41,0.0,0.0,0.0,-0.0017875311665660142,unicycle
0.3259712948629419,9.807926068940516,1.765,0.0,0.0,-0.8113330287709621,0.44487300462380125,6.408778568025253e-41,0.0,0.0,0.0,-0.0017086634451412216,unicycle
0.3320970256138807,9.801473852533439,1.765,0.0,0.0,-0.8113656246527627,0.4448473721507256,5.436649037785646e-41,0.0,0.0,0.0,-0.0016297940900381798,unicycle
0.3382222039773653,9.795021806970492,1.765,0.0,0.0,-0.8113966431860893,0.4448221609171349,4.60730958676451e-41,0.0,0.0,0.0,-0.001550926666328195,unicycle
0.34434684599012827,9.788569935785262,1.765,0.0,0.0,-0.8114260844808238,0.4447973740396377,3.900707100664853e-41,0.0,0.0,0.0,-0.0014720647367178262,unicycle
0.3504709677283812,9.78211824246334,1.765,0.0,0.0,-0.8114539487180509,0.44477301455397406,3.29941731313922e-41,0.0,0.0,0.0,-0.0013932118613597165,unicycle
0.3565945853062438,9.77566673044317,1.765,0.0,0.0,-0.8114802361500043,0.44474908541464797,2.7883400702125246e-41,0.0,0.0,0.0,-0.0013143715976634079,unicycle
0.3627177148741707,9.769215403116887,1.765,0.0,0.0,-0.8115049471000065,0.4447255894945753,2.3544208211897505e-41,0.0,0.0,0.0,-0.0012355475001059456,unicycle
0.36884037261737423,9.762764263831171,1.765,0.0,0.0,-0.8115280819624073,0.4447025295847473,1.9863984257314565e-41,0.0,0.0,0.0,-0.0011567431200425484,unicycle
0.37496257475424466,9.756313315888121,1.765,0.0,0.0,-0.8115496412025177,0.44467990839390875,1.6745785517572421e-41,0.0,0.0,0.0,-0.0010779620055173266,unicycle
0.38108433753476684,9.749862562546111,1.765,0.0,0.0,-0.8115696253565392,0.4446577285482514,1.410631401500787e-41,0.0,0.0,0.0,-0.0009992077010737674,unicycle
0.38720567723893484,9.743412007020659,1.765,0.0,0.0,-0.8115880350314906,0.44463599259112296,1.187412172235011e-41,0.0,0.0,0.0,-0.0009204837475653543,unicycle
0.3933266101751635,9.73696165248531,1.765,0.0,0.0,-0.81160487090513,0.44461470298275085,9.988024789317885e-42,0.0,0.0,0.0,-0.0008417936819663482,unicycle
0.3994471529030554,9.730511501836087,1.765,0.0,0.0,-0.8116201337239837,0.444593878396772,8.395708961750475e-42,0.0,0.0,0.0,-0.0007631409426885873,unicycle
0.4055673221281663,9.724061557801596,1.765,0.0,0.0,-0.8116338243041911,0.44457352989490956,7.05250783766565e-42,0.0,0.0,0.0,-0.000684529010356799,unicycle
0.4116871344543057,9.71761182320328,1.765,0.0,0.0,-0.8116459435335167,0.4445536505778581,5.920336202309665e-42,0.0,0.0,0.0,-0.0006059614662824145,unicycle
0.4178066064147596,9.71116230092173,1.765,0.0,0.0,-0.8116564923709491,0.44453423584610907,4.9667616251699366e-42,0.0,0.0,0.0,-0.0005274418716149066,unicycle
0.42392575449597086,9.704712993870947,1.765,0.0,0.0,-0.8116654718463626,0.44451528285203257,4.1641986501172157e-42,0.0,0.0,0.0,-0.00044897377068712634,unicycle
0.4300445951552896,9.698263904978846,1.765,0.0,0.0,-0.8116728830602356,0.4444967900691221,3.48921116589005e-42,0.0,0.0,0.0,-0.0003705606936474637,unicycle
0.436163144834078,9.691815037172674,1.765,0.0,0.0,-0.8116787271834057,0.44447875695447703,2.921909836598524e-42,0.0,0.0,0.0,-0.00029220615850899726,unicycle
0.4422814199671889,9.68536639336823,1.765,0.0,0.0,-0.8116830054568602,0.44446118368532517,2.4454327507231705e-42,0.0,0.0,0.0,-0.00021391367272391144,unicycle
0.44839943698962664,9.678917976462069,1.765,0.0,0.0,-0.8116857191915476,0.4444440709542074,2.0454986782746428e-42,0.0,0.0,0.0,-0.00013568673437355368,unicycle
0.4545172123410272,9.672469789326016,1.765,0.0,0.0,-0.8116868697682087,0.4444274198105206,1.7100234875017855e-42,0.0,0.0,0.0,-5.752883304943978e-05,unicycle
0.46063476246846186,9.666021834803425,1.765,0.0,0.0,-0.8116864586372183,0.4444112315385964,1.4287913518743795e-42,0.0,0.0,0.0,2.0556549513018352e-05,unicycle
0.4667521038279587,9.659574115706816,1.765,0.0,0.0,-0.8116844873184385,0.4443955075644865,1.1931733686264976e-42,0.0,0.0,0.0,9.856593899747289e-05,unicycle
0.47286925288505227,9.653126634816523,1.765,0.0,0.0,-0.8116809574010738,0.44438024938522586,9.95887110194843e-43,0.0,0.0,0.0,0.00017649586822476526,unicycle
0.47898622611460195,9.646679394880122,1.765,0.0,0.0,-0.8116758705435341,0.4443654585156311,8.307914409417452e-43,0.0,0.0,0.0,0.0002543428769926848,unicycle
0.48510304000006665,9.640232398612433,1.765,0.0,0.0,-0.8116692284732938,0.4443511364487198,6.927116573168872e-43,0.0,0.0,0.0,0.000332103512010335,unicycle
0.4912197110323813,9.633785648695943,1.765,0.0,0.0,-0.8116610329867556,0.44433728462665895,5.7729065517482214e-43,0.0,0.0,0.0,0.00040977432690534417,unicycle
0.49733625570854617,9.627339147781539,1.765,0.0,0.0,-0.8116512859491097,0.4443239044198071,4.808623992158526e-43,0.0,0.0,0.0,0.0004873518822866871,unicycle
0.5034526905300137,9.620892898489451,1.765,0.0,0.0,-0.8116399892941927,0.44431099711194044,4.003444727170413e-43,0.0,0.0,0.0,0.000564832745849323,unicycle
0.5095690320009387,9.614446903410343,1.765,0.0,0.0,-0.8116271450243424,0.44429856389016464,3.331469271972671e-43,0.0,0.0,0.0,0.0006422134925098211,unicycle
0.5156852966263377,9.608001165106497,1.765,0.0,0.0,-0.8116127552102512,0.44428660583834934,2.7709503760205568e-43,0.0,0.0,0.0,0.000719490704564552,unicycle
0.5218015009101972,9.601555686113066,1.765,0.0,0.0,-0.8115968219908138,0.4442751239331795,2.303639049043987e-43,0.0,0.0,0.0,0.0007966609718638772,unicycle
0.527917661353554,9.595110468939346,1.765,0.0,0.0,-0.8115793475729739,0.4442641190421263,1.9142314023043433e-43,0.0,0.0,0.0,0.0008737208919973054,unicycle
0.5340337944525682,9.588665516070064,1.765,0.0,0.0,-0.8115603342315642,0.4442535919228014,1.5899011784767217e-43,0.0,0.0,0.0,0.0009506670704857772,unicycle
0.5401499166966015,9.582220829966653,1.765,0.0,0.0,-0.8115397843091446,0.4442435432232862,1.319905032716902e-43,0.0,0.0,0.0,0.001027496120978175,unicycle
0.5462660445663117,9.575776413068532,1.765,0.0,0.0,-0.8115177002158356,0.4442339734831274,1.0952495158620062e-43,0.0,0.0,0.0,0.0011042046654498872,unicycle
0.5523821945317665,9.569332267794342,1.765,0.0,0.0,-0.8114940844291475,0.4442248831347676,9.084103363269592e-44,0.0,0.0,0.0,0.0011807893344019612,unicycle
0.5584983830505829,9.562888396543183,1.765,0.0,0.0,-0.8114689394938064,0.4442162725052393,7.530958740276943e-44,0.0,0.0,0.0,0.001257246767059681,unicycle
0.5646146265660918,9.556444801695797,1.765,0.0,0.0,-0.8114422680215748,0.44420814181799734,6.240481177032003e-44,0.0,0.0,0.0,0.00133357361156977,unicycle
0.5707309415055322,9.550001485615747,1.765,0.0,0.0,-0.8114140726910708,0.44420049119480093,5.168752229209043e-44,0.0,0.0,0.0,0.0014097665251957387,unicycle
0.5768473442782687,9.543558450650563,1.765,0.0,0.0,-0.8113843562475805,0.4441933206575823,4.2791076522439233e-44,0.0,0.0,0.0,0.0014858221745110984,unicycle
0.5829638512740383,9.537115699132858,1.765,0.0,0.0,-0.8113531215028688,0.4441866301302603,3.5409551181014547e-44,0.0,0.0,0.0,0.0015617372355902423,unicycle
0.5890804788612206,9.530673233381426,1.765,0.0,0.0,-0.8113203713349847,0.4441804194404714,2.928781736901902e-44,0.0,0.0,0.0,0.001637508394196904,unicycle
0.595197243385132,9.524231055702304,1.765,0.0,0.0,-0.8112861086880653,0.44417468832120416,2.4213214408037624e-44,0.0,0.0,0.0,0.0017131323459702024,unicycle
0.6013141611663423,9.517789168389829,1.765,0.0,0.0,-0.8112503365721333,0.44416943641232826,2.0008569126300154e-44,0.0,0.0,0.0,0.0017886057966083116,unicycle
0.6074312484990114,9.511347573727665,1.765,0.0,0.0,-0.8112130580628921,0.4441646632620175,1.6526346710680052e-44,0.0,0.0,0.0,0.0018639254620498966,unicycle
0.6135485216492464,9.504906273989812,1.765,0.0,0.0,-0.811174276301519,0.4441603683280691,1.364375258915689e-44,0.0,0.0,0.0,0.0019390880686533504,unicycle
0.6196659968534757,9.498465271441601,1.765,0.0,0.0,-0.8111339944944517,0.4441565509791244,1.1258633078788364e-44,0.0,0.0,0.0,0.0020140903533739252,unicycle
0.62578369031684,9.492024568340671,1.765,0.0,0.0,-0.8110922159131729,0.4441532104957978,9.286046477570819e-45,0.0,0.0,0.0,0.002088929063938913,unicycle
0.6319016182115996,9.48558416693793,1.765,0.0,0.0,-0.8110489438939926,0.444150346071723,7.655396538116337e-45,0.0,0.0,0.0,0.0021636009590209476,unicycle
0.6380197966755553,9.479144069478492,1.765,0.0,0.0,-0.8110041818378245,0.4441479568145224,6.30803738815483e-45,0.0,0.0,0.0,0.002238102808409522,unicycle
0.6441382418104825,9.47270427820264,1.765,0.0,0.0,-0.8109579332099609,0.4441460417467107,5.1952734292904025e-45,0.0,0.0,0.0,0.002312431393180831,unicycle
0.6502569696805799,9.466264795346724,1.765,0.0,0.0,-0.8109102015398437,0.4441445998065388,4.276689954369509e-45,0.0,0.0,0.0,0.0023865835058659995,unicycle
0.6563759963109284,9.459825623144082,1.765,0.0,0.0,-0.8108609904208315,0.4441436298487865,3.51876051928562e-45,0.0,0.0,0.0,0.0024605559506177587,unicycle
0.6624953376859622,9.453386763825947,1.765,0.0,0.0,-0.810810303509964,0.44414313064551153,2.8936857802349395e-45,0.0,0.0,0.0,0.002534345543375634,unicycle
0.6686150097479512,9.446948219622328,1.765,0.0,0.0,-0.8107581445277234,0.4441431008867605,2.378425811891053e-45,0.0,0.0,0.0,0.002607949112029709,unicycle
0.6747350283954926,9.440509992762905,1.765,0.0,0.0,-0.8107045172577917,0.44414353918124877,1.953894067828439e-45,0.0,0.0,0.0,0.002681363496582998,unicycle
0.6808554094820145,9.434072085477888,1.765,0.0,0.0,-0.8106494255468054,0.4441444440570139,1.6042863119478217e-45,0.0,0.0,0.0,0.0027545855493124527,unicycle
0.6869761688142879,9.427634499998895,1.765,0.0,0.0,-0.8105928733041068,0.44414581396204844,1.3165221914620666e-45,0.0,0.0,0.0,0.002827612134928627,unicycle
0.6930973221509489,9.421197238559794,1.765,0.0,0.0,-0.810534864501492,0.4441476472649153,1.0797807676961714e-45,0.0,0.0,0.0,0.002900440130734043,unicycle
0.6992188852010295,9.41476030339756,1.765,0.0,0.0,-0.8104754031729565,0.4441499422553501,8.851143801810283e-46,0.0,0.0,0.0,0.002973066426780256,unicycle
0.7053408736224994,9.408323696753108,1.765,0.0,0.0,-0.8104144934144359,0.44415269714485445,7.251277850169788e-46,0.0,0.0,0.0,0.0030454879260236223,unicycle
0.7114633030208156,9.401887420872125,1.765,0.0,0.0,-0.8103521393835463,0.4441559100672817,5.937116586219496e-46,0.0,0.0,0.0,0.0031177015444797847,unicycle
0.7175861889474814,9.395451478005889,1.765,0.0,0.0,-0.8102883452993187,0.44415957907941905,4.8582135893480276e-46,0.0,0.0,0.0,0.003189704211376889,unicycle
0.7237095468986149,9.389015870412083,1.765,0.0,0.0,-0.8102231154419325,0.44416370216156714,3.9729334374723816e-46,0.0,0.0,0.0,0.0032614928693075066,unicycle
0.7298333923135262,9.382580600355604,1.765,0.0,0.0,-0.8101564541524449,0.44416827721812024,3.246929071520452e-46,0.0,0.0,0.0,0.003333064474379272,unicycle
0.7359577405733039,9.376145670109358,1.765,0.0,0.0,-0.8100883658325176,0.44417330207814737,2.6518794976755617e-46,0.0,0.0,0.0,0.00340441599636425,unicycle
0.742082606999411,9.369711081955039,1.765,0.0,0.0,-0.8100188549441408,0.44417877449597676,2.1644437979948518e-46,0.0,0.0,0.0,0.003475544418846975,unicycle
0.7482080068522895,9.363276838183928,1.765,0.0,0.0,-0.8099479260093533,0.4441846921517842,1.7653947820238064e-46,0.0,0.0,0.0,0.0035464467393712023,unicycle
0.7543339553299755,9.35684294109765,1.765,0.0,0.0,-0.8098755836099616,0.4441910526521866,1.4389017579867542e-46,0.0,0.0,0.0,0.0036171199695853432,unicycle
0.7604604675667218,9.350409393008935,1.765,0.0,0.0,-0.8098018323872539,0.4441978535308421,1.1719370302359363e-46,0.0,0.0,0.0,0.0036875611353865776,unicycle
0.7665875586316319,9.343976196242384,1.765,0.0,0.0,-0.8097266770417126,0.44420509224905597,9.537850062675957e-47,0.0,0.0,0.0,0.0037577672770636116,unicycle
0.7727152435273023,9.337543353135208,1.765,0.0,0.0,-0.8096501223327239,0.44421276619639455,7.756363613403097e-47,0.0,0.0,0.0,0.0038277354494381075,unicycle
0.7788435371884753,9.331110866037955,1.765,0.0,0.0,-0.8095721730782837,0.44422087269130667,6.302526785806089e-47,0.0,0.0,0.0,0.003897462722004752,unicycle
0.7849724544807015,9.324678737315256,1.765,0.0,0.0,-0.8094928341547022,0.44422940898175356,5.1168945548617e-47,0.0,0.0,0.0,0.00396694617906993,unicycle
0.7911020101990113,9.318246969346529,1.765,0.0,0.0,-0.8094121104963043,0.44423837224584684,4.1506742604665785e-47,0.0,0.0,0.0,0.0040361829198890566,unicycle
0.7972322190665979,9.311815564526695,1.765,0.0,0.0,-0.8093300070951281,0.44424775959249563,3.363838600153014e-47,0.0,0.0,0.0,0.004105170058802503,unicycle
0.8033630957335097,9.305384525266868,1.765,0.0,0.0,-0.8092465290006206,0.4442575680620625,2.7235692465993643e-47,0.0,0.0,0.0,0.004173904725370091,unicycle
0.8094946547753538,9.298953853995055,1.765,0.0,0.0,-0.8091616813193304,0.4442677946270284,2.2029737765235947e-47,0.0,0.0,0.0,0.004242384064504186,unicycle
0.8156269106920081,9.29252355315683,1.765,0.0,0.0,-0.8090754692145985,0.44427843619266705,1.7800284276805688e-47,0.0,0.0,0.0,0.004310605236601357,unicycle
0.8217598779063465,9.286093625216006,1.765,0.0,0.0,-0.8089878979062449,0.4442894895977283,1.4367073629214885e-47,0.0,0.0,0.0,0.004378565417672611,unicycle
0.8278935707629732,9.279664072655294,1.765,0.0,0.0,-0.8088989726702556,0.44430095161513083,1.1582658944518827e-47,0.0,0.0,0.0,0.004446261799472174,unicycle
0.8340280035269678,9.27323489797695,1.765,0.0,0.0,-0.808808698838463,0.44431281895266433,9.326507409844687e-48,0.0,0.0,0.0,0.004513691589624801,unicycle
0.8401631903826431,9.26680610370342,1.765,0.0,0.0,-0.8087170817982281,0.4443250882537007,7.500150500657339e-48,0.0,0.0,0.0,0.004580852011751613,unicycle
0.8462991454323114,9.260377692377963,1.765,0.0,0.0,-0.8086241269921162,0.44433775609791465,6.023197796676081e-48,0.0,0.0,0.0,0.004647740305594474,unicycle
0.8524358826950649,9.25394966656528,1.765,0.0,0.0,-0.8085298399175734,0.44435081900201356,4.830062322894721e-48,0.0,0.0,0.0,0.004714353727138854,unicycle
0.8585734161055653,9.247522028852107,1.765,0.0,0.0,-0.8084342261265988,0.444364273420476,3.867271837973534e-48,0.0,0.0,0.0,0.004780689548735218,unicycle
0.8647117595128458,9.241094781847817,1.765,0.0,0.0,-0.8083372912254145,0.44437811574629976,3.091262416410683e-48,0.0,0.0,0.0,0.004846745059218887,unicycle
0.8708509266791256,9.234667928185017,1.765,0.0,0.0,-0.808239040874134,0.4443923423117584,2.4665688079100444e-48,0.0,0.0,0.0,0.004912517564028378,unicycle
0.876990931278634,9.228241470520103,1.765,0.0,0.0,-0.8081394807864275,0.4444069493891669,1.9643410544829456e-48,0.0,0.0,0.0,0.004978004385322261,unicycle
0.8831317868964492,9.221815411533846,1.765,0.0,0.0,-0.8080386167291858,0.44442193319165596,1.5611292408782584e-48,0.0,0.0,0.0,0.005043202862094459,unicycle
0.8892735070273475,9.21538975393192,1.765,0.0,0.0,-0.80793645452218,0.44443728987395464,1.2378884936245435e-48,0.0,0.0,0.0,0.005108110350288003,unicycle
0.8954161050746641,9.208964500445461,1.765,0.0,0.0,-0.807833000037722,0.4444530155331818,9.791647991238464e-49,0.0,0.0,0.0,0.005172724222907258,unicycle
0.9015595943491682,9.202539653831593,1.765,0.0,0.0,-0.8077282592003193,0.4444691062096453,7.724291895720152e-49,0.0,0.0,0.0,0.005237041870128601,unicycle
0.9077039880679489,9.19611521687394,1.765,0.0,0.0,-0.807622237986331,0.4444855578876503,6.075336022122108e-49,0.0,0.0,0.0,0.005301060699409554,unicycle
0.9138492993533145,9.189691192383133,1.765,0.0,0.0,-0.8075149424236191,0.4445023664963147,4.762664641359758e-49,0.0,0.0,0.0,0.005364778135596326,unicycle
0.9199955412317039,9.183267583197313,1.765,0.0,0.0,-0.8074063785911986,0.4445195279103928,3.719899668518205e-49,0.0,0.0,0.0,0.005428191621029802,unicycle
0.9261427266326118,9.176844392182597,1.765,0.0,0.0,-0.8072965526188856,0.44453703795110716,2.893442173557489e-49,0.0,0.0,0.0,0.005491298615649984,unicycle
0.9322908683875252,9.170421622233556,1.765,0.0,0.0,-0.8071854706869436,0.44455489238698725,2.240061056774565e-49,0.0,0.0,0.0,0.0055540965970988145,unicycle
0.9384399792288752,9.16399927627368,1.765,0.0,0.0,-0.8070731390257274,0.44457308693471614,1.7249291231755978e-49,0.0,0.0,0.0,0.0056165830608214656,unicycle
0.9445900717889996,9.157577357255812,1.765,0.0,0.0,-0.8069595639153242,0.4445916172599842,1.3200247491371157e-49,0.0,0.0,0.0,0.005678755520166034,unicycle
0.9507411585991201,9.151155868162585,1.765,0.0,0.0,-0.8068447516851945,0.4446104789783503,1.002832098984921e-49,0.0,0.0,0.0,0.005740611506481643,unicycle
0.9568932520883333,9.144734812006838,1.765,0.0,0.0,-0.8067287087138102,0.4446296676561096,7.552849804858815e-50,0.0,0.0,0.0,0.005802148569214956,unicycle
0.9630463645826138,9.138314191832036,1.765,0.0,0.0,-0.8066114414282902,0.44464917881116844,5.629093909908624e-50,0.0,0.0,0.0,0.005863364276005106,unicycle
0.9692005083038322,9.13189401071265,1.765,0.0,0.0,-0.8064929563040347,0.4446690079139256,4.1412798336560203e-50,0.0,0.0,0.0,0.005924256212777046,unicycle
0.975355695368786,9.125474271754548,1.765,0.0,0.0,-0.8063732598643579,0.4446891503881605,2.9969638917280444e-50,0.0,0.0,0.0,0.005984821983833283,unicycle
0.9815119377882446,9.119054978095365,1.765,0.0,0.0,-0.806252358680119,0.444709601611927,2.1224683667969764e-50,0.0,0.0,0.0,0.00604505921194403,unicycle
0.9876692474660085,9.112636132904854,1.765,0.0,0.0,-0.8061302593693501,0.44473035691845475,1.4591900820795272e-50,0.0,0.0,0.0,0.00610496553843577,unicycle
0.9938276361979818,9.106217739385233,1.765,0.0,0.0,-0.8060069685968845,0.44475141159705495,9.606177231376508e-51,0.0,0.0,0.0,0.006164538623278208,unicycle
0.9999871156712596,9.09979980077152,1.765,0.0,0.0,-0.8058824930739812,0.4447727608940331,5.89924472217602e-51,0.0,0.0,0.0,0.006223776145169643,unicycle
1.0061476974632293,9.093382320331836,1.765,0.0,0.0,-0.8057568395579486,0.44479440001360704,3.180272296922342e-51,0.0,0.0,0.0,0.006282675801620742,unicycle
1.012309393040686,9.08696530136773,1.765,0.0,0.0,-0.805630014851768,0.4448163241188301,1.2202389687628665e-51,0.0,0.0,0.0,0.006341235309036714,unicycle
1.0184722137589626,9.08054874721445,1.765,0.0,0.0,-0.8055020258037121,0.44483852833252063,-1.6063303618772764e-52,0.0,0.0,0.0,0.006399452402797902,unicycle
1.024636170861074,9.074132661241238,1.765,0.0,0.0,-0.8053728793069653,0.4448610077381958,-1.1029702166013271e-51,0.0,0.0,0.0,0.006457324837338762,unicycle
1.0308012754768767,9.067717046851582,1.765,0.0,0.0,-0.8052425822992408,0.4448837573810107,-1.716340479170635e-51,0.0,0.0,0.0,0.00651485038622527,unicycle
1.036967538622242,9.061301907483468,1.765,0.0,0.0,-0.8051111417623963,0.44490677226870234,-2.0857325619397215e-51,0.0,0.0,0.0,0.006572026842230732,unicycle
1.043134971198245,9.054887246609622,1.765,0.0,0.0,-0.8049785647220482,0.44493004737253816,-2.27673518790904e-51,0.0,0.0,0.0,0.006628852017410004,unicycle
1.049303583990368,9.048473067737735,1.765,0.0,0.0,-0.8048448582471847,0.4449535776282696,-2.3396695069429154e-51,0.0,0.0,0.0,0.00668532374317212,unicycle
1.0554733876677176,9.042059374410668,1.765,0.0,0.0,-0.8047100294497775,0.44497735793708926,-2.3128800381106574e-51,0.0,0.0,0.0,0.00674143987035137,unicycle
1.0616443927822592,9.035646170206654,1.765,0.0,0.0,-0.8045740854843919,0.44500138316659243,-2.2253500282991027e-51,0.0,0.0,0.0,0.006797198269276786,unicycle
1.067816609768065,9.029233458739476,1.765,0.0,0.0,-0.8044370335477952,0.445025648151743,-2.098775228723214e-51,0.0,0.0,0.0,0.006852596829840036,unicycle
1.0739900489405776,9.022821243658639,1.765,0.0,0.0,-0.8042988808785639,0.44505014769584267,-1.9492041943552878e-51,0.0,0.0,0.0,0.006907633461561757,unicycle
1.0801647204958877,9.016409528649529,1.765,0.0,0.0,-0.8041596347566909,0.44507487657150424,-1.7883322164711043e-51,0.0,0.0,0.0,0.006962306093656329,unicycle
1.0863406345100297,9.009998317433546,1.765,0.0,0.0,-0.8040193025031892,0.445099829521628,-1.6245189935678566e-51,0.0,0.0,0.0,0.007016612675095083,unicycle
1.0925178009382897,9.003587613768243,1.765,0.0,0.0,-0.8038778914796958,0.4451250012603819,-1.4635863860708403e-51,0.0,0.0,0.0,0.007070551174667951,unicycle
1.0986962296145308,8.997177421447434,1.765,0.0,0.0,-0.803735409088075,0.44515038647418403,-1.3094414776451186e-51,0.0,0.0,0.0,0.007124119581043568,unicycle
1.1048759302505338,8.990767744301296,1.765,0.0,0.0,-0.8035918627700185,0.44517597982268897,-1.1645611847743271e-51,0.0,0.0,0.0,0.007177315902827823,unicycle
1.111056912435352,8.98435858619646,1.765,0.0,0.0,-0.8034472600066461,0.44520177593977645,-1.0303674124694988e-51,0.0,0.0,0.0,0.007230138168620866,unicycle
1.117239185634683,8.977949951036077,1.765,0.0,0.0,-0.8033016083181046,0.4452277694345424,-9.07515918412779e-52,0.0,0.0,0.0,0.007282584427072597,unicycle
1.123422759190257,8.97154184275988,1.765,0.0,0.0,-0.8031549152631657,0.44525395489229314,-7.961173526787326e-52,0.0,0.0,0.0,0.007334652746936591,unicycle
1.1296076423192378,8.96513426534423,1.765,0.0,0.0,-0.8030071884388232,0.4452803268755409,-6.959051675966561e-52,0.0,0.0,0.0,0.007386341217122524,unicycle
1.1357938441136428,8.958727222802146,1.765,0.0,0.0,-0.8028584354798883,0.4453068799250023,-6.0636206533771975e-52,0.0,0.0,0.0,0.007437647946747092,unicycle
1.1419813735397761,8.952320719183334,1.765,0.0,0.0,-0.8027086640585848,0.445333608560598,-5.268142257447174e-52,0.0,0.0,0.0,0.007488571065183405,unicycle
1.1481702394376805,8.945914758574167,1.765,0.0,0.0,-0.8025578818841427,0.44536050728245463,-4.5650061721811005e-52,0.0,0.0,0.0,0.0075391087221089,unicycle
1.1543604505206027,8.9395093450977,1.765,0.0,0.0,-0.8024060967023916,0.445387570571908,-3.9462314467488854e-52,0.0,0.0,0.0,0.007589259087551722,unicycle
1.160552015374475,8.933104482913631,1.765,0.0,0.0,-0.8022533162953528,0.4454147928925075,-3.4038215423171374e-52,0.0,0.0,0.0,0.007639020351935651,unicycle
1.1667449424574152,8.926700176218269,1.765,0.0,0.0,-0.8020995484808303,0.4454421686910225,-2.930008324752119e-52,0.0,0.0,0.0,0.007688390726123542,unicycle
1.172939240099239,8.92029642924448,1.765,0.0,0.0,-0.8019448011120011,0.44546969239844875,-2.5174125899141845e-52,0.0,0.0,0.0,0.007737368441459292,unicycle
1.1791349165009921,8.913893246261624,1.765,0.0,0.0,-0.8017890820770048,0.44549735843101645,-2.1591425389504112e-52,0.0,0.0,0.0,0.007785951749808346,unicycle
1.1853319797344957,8.907490631575474,1.765,0.0,0.0,-0.8016323992985328,0.44552516119119845,-1.848846749079742e-52,0.0,0.0,0.0,0.00783413892359674,unicycle
1.1915304377419091,8.901088589528124,1.765,0.0,0.0,-0.8014747607334157,0.44555309506871915,-1.5807343490099658e-52,0.0,0.0,0.0,0.007881928255848736,unicycle
1.1977302983353093,8.894687124497887,1.765,0.0,0.0,-0.8013161743722111,0.4455811544415639,-1.3495720967667082e-52,0.0,0.0,0.0,0.007929318060222982,unicycle
1.2039315691962853,8.888286240899165,1.765,0.0,0.0,-0.8011566482387904,0.44560933367698835,-1.1506657022597332e-52,0.0,0.0,0.0,0.007976306671047265,unicycle
1.2101342578755505,8.881885943182324,1.765,0.0,0.0,-0.8009961903899233,0.44563762713252814,-9.79830901769833e-53,0.0,0.0,0.0,0.008022892443351845,unicycle
1.2163383717925693,8.875486235833542,1.765,0.0,0.0,-0.8008348089148655,0.44566602915700754,-8.333583681508923e-53,0.0,0.0,0.0,0.00806907375290138,unicycle
1.2225439182352018,8.86908712337465,1.765,0.0,0.0,-0.8006725119349409,0.44569453409154874,-7.079754421339492e-53,0.0,0.0,0.0,0.008114848996225452,unicycle
1.2287509043593627,8.862688610362957,1.765,0.0,0.0,-0.800509307603128,0.44572313627058036,-6.008068274591229e-53,0.0,0.0,0.0,0.008160216590647723,unicycle
1.2349593371886995,8.856290701391055,1.765,0.0,0.0,-0.8003452041036418,0.44575183002284463,-5.093357505126317e-53,0.0,0.0,0.0,0.008205174974313698,unicycle
1.2411692236142853,8.849893401086634,1.765,0.0,0.0,-0.8001802096515175,0.4457806096724044,-4.313665998947057e-53,0.0,0.0,0.0,0.008249722606217121,unicycle
1.2473805703943261,8.84349671411225,1.765,0.0,0.0,-0.800014332492193,0.4458094695396489,-3.6498969814901852e-53,0.0,0.0,0.0,0.00829385796622504,unicycle
1.2535933841538895,8.837100645165101,1.765,0.0,0.0,-0.799847580901091,0.44583840394229807,-3.08548589266996e-53,0.0,0.0,0.0,0.008337579555101511,unicycle
1.2598076713846442,8.830705198976794,1.765,0.0,0.0,-0.7996799631832004,0.44586740719640583,-2.6061002986573353e-53,0.0,0.0,0.0,0.00838088589452996,unicycle
1.2660234384446196,8.824310380313081,1.765,0.0,0.0,-0.7995114876726578,0.4458964736173616,-2.1993673207942214e-53,0.0,0.0,0.0,0.008423775527134246,unicycle
1.2722406915579805,8.817916193973591,1.765,0.0,0.0,-0.7993421627323279,0.44592559752089006,-1.854628088386164e-53,0.0,0.0,0.0,0.008466247016498403,unicycle
1.2784594368148179,8.811522644791554,1.765,0.0,0.0,-0.7991719967533841,0.4459547732240491,-1.562718069034731e-53,0.0,0.0,0.0,0.008508298947185078,unicycle
1.2846796801709575,8.8051297376335,1.765,0.0,0.0,-0.7990009981548891,0.4459839950462256,-1.3157717164974445e-53,0.0,0.0,0.0,0.008549929924752668,unicycle
1.2909014274477828,8.798737477398959,1.765,0.0,0.0,-0.7988291753833736,0.4460132573101293,-1.1070496389688461e-53,0.0,0.0,0.0,0.008591138575771219,unicycle
1.2971246843320758,8.792345869020131,1.765,0.0,0.0,-0.7986565369124169,0.4460425543427835,-9.30786381786812e-54,0.0,0.0,0.0,0.008631923547837036,unicycle
1.3033494563758745,8.785954917461563,1.765,0.0,0.0,-0.798483091242225,0.4460718804765144,-7.820569008702291e-54,0.0,0.0,0.0,0.00867228350958605,unicycle
1.3095757489963442,8.779564627719799,1.765,0.0,0.0,-0.798308846899211,0.4461012300499367,-6.566598485735249e-54,0.0,0.0,0.0,0.008712217150705939,unicycle
1.3158035674756694,8.773175004823015,1.765,0.0,0.0,-0.798133812435572,0.4461305974089365,-5.510158809308671e-54,0.0,0.0,0.0,0.00875172318194703,unicycle
1.3220329169609575,8.766786053830659,1.765,0.0,0.0,-0.7979579964288692,0.44615997690765147,-4.6207930868493503e-54,0.0,0.0,0.0,0.008790800335131979,unicycle
1.3282638024641622,8.760397779833058,1.765,0.0,0.0,-0.7977814074816061,0.4461893629094474,-3.872615424517707e-54,0.0,0.0,0.0,0.008829447363164256,unicycle
1.3344962288620217,8.754010187951025,1.765,0.0,0.0,-0.7976040542208054,0.4462187497878916,-3.243649164731353e-54,0.0,0.0,0.0,0.008867663040035428,unicycle
1.340730200896013,8.74762328333545,1.765,0.0,0.0,-0.7974259452975887,0.44624813192772284,-2.715256097118426e-54,0.0,0.0,0.0,0.00890544616083127,unicycle
1.346965723172323,8.741237071166882,1.765,0.0,0.0,-0.797247089386754,0.44627750372581737,-2.2716451347388778e-54,0.0,0.0,0.0,0.008942795541736718,unicycle
1.353202800161837,8.734851556655087,1.765,0.0,0.0,-0.7970674951863532,0.4463068595921509,-1.899450186114053e-54,0.0,0.0,0.0,0.00897971002003968,unicycle
1.3594414362001406,8.728466745038615,1.765,0.0,0.0,-0.7968871714172706,0.44633619395075697,-1.5873681102874754e-54,0.0,0.0,0.0,0.009016188454133663,unicycle
1.3656816354875394,8.72208264158433,1.765,0.0,0.0,-0.7967061268228004,0.44636550124068086,-1.32584870798043e-54,0.0,0.0,0.0,0.009052229723519323,unicycle
1.3719234020890951,8.715699251586953,1.765,0.0,0.0,-0.7965243701682244,0.4463947759169291,-1.1068296735694127e-54,0.0,0.0,0.0,0.009087832728804892,unicycle
1.3781667399346782,8.709316580368565,1.765,0.0,0.0,-0.7963419102403902,0.44642401245141483,-9.235103106271704e-55,0.0,0.0,0.0,0.009122996391705464,unicycle
1.3844116528190344,8.702934633278133,1.765,0.0,0.0,-0.7961587558472893,0.446453205333898,-7.70158601297334e-55,0.0,0.0,0.0,0.00915771965504124,unicycle
1.3906581444018693,8.696553415690989,1.765,0.0,0.0,-0.7959749158176347,0.446482349072921,-6.419469216892088e-55,0.0,0.0,0.0,0.009192001482734698,unicycle
1.3969062184347463,8.690172932776687,1.765,0.0,0.0,-0.7957903990063372,0.44651145440593476,-5.348123176874885e-55,0.0,0.0,0.0,0.009225840564874972,unicycle
1.4031558786565241,8.683793189605602,1.765,0.0,0.0,-0.7956052142913896,0.4465405246016025,-4.453378045038526e-55,0.0,0.0,0.0,0.009259235747373577,unicycle
1.409407128544665,8.677414191402505,1.765,0.0,0.0,-0.7954193705669897,0.44656954516824854,-3.706516355565316e-55,0.0,0.0,0.0,0.009292186219993077,unicycle
1.415659971348516,8.671035943512038,1.765,0.0,0.0,-0.7952328767439616,0.44659850400873163,-3.0834190837242384e-55,0.0,0.0,0.0,0.00932469115139863,unicycle
1.4219144101150016,8.664658451372032,1.765,0.0,0.0,-0.7950457417499841,0.44662739087636166,-2.563842434365088e-55,0.0,0.0,0.0,0.009356749698870279,unicycle
1.4281704477083488,8.65828172049291,1.765,0.0,0.0,-0.794857974529666,0.4466561969473482,-2.130805921782131e-55,0.0,0.0,0.0,0.009388361015902612,unicycle
1.4344280868251433,8.651905756441911,1.765,0.0,0.0,-0.7946695840445034,0.44668491448599223,-1.7700750807401953e-55,0.0,0.0,0.0,0.009419524258135557,unicycle
1.4406873300057403,8.645530564831041,1.765,0.0,0.0,-0.794480579272744,0.44671353658352786,-1.4697245519553998e-55,0.0,0.0,0.0,0.00945023858796868,unicycle
1.4469481796428445,8.639156151307944,1.765,0.0,0.0,-0.7942909692091811,0.446742056955317,-1.219769360158442e-55,0.0,0.0,0.0,0.009480503178138505,unicycle
1.4532106379879042,8.632782521548998,1.765,0.0,0.0,-0.7941007628648917,0.44677046978415785,-1.0118539902361713e-55,0.0,0.0,0.0,0.00951031721448039,unicycle
1.4594747071558265,8.626409681254149,1.765,0.0,0.0,-0.7939099692669307,0.4467987695999334,-8.389904036984244e-56,0.0,0.0,0.0,0.009539679898050423,unicycle
1.465740389128413,8.620037636143056,1.765,0.0,0.0,-0.7937185974579957,0.4468269511878094,-6.953374566216009e-56,0.0,0.0,0.0,0.009568590446745998,unicycle
1.472007685756825,8.613666391952234,1.765,0.0,0.0,-0.7935266564960651,0.44685500951878304,-5.760153102686217e-56,0.0,0.0,0.0,0.009597048096534805,unicycle
1.4782765987633253,8.60729595443293,1.765,0.0,0.0,-0.7933341554540176,0.44688293969766285,-4.7694939230808155e-56,0.0,0.0,0.0,0.009625052102378616,unicycle
1.4845471297424855,8.600926329349562,1.765,0.0,0.0,-0.7931411034192394,0.446910736924584,-3.9473929234893535e-56,0.0,0.0,0.0,0.009652601738919978,unicycle
1.4908192801620022,8.594557522478572,1.765,0.0,0.0,-0.7929475094932197,0.4469383964669805,-3.265486799457238e-56,0.0,0.0,0.0,0.009679696300985453,unicycle
1.4970930513632374,8.588189539607534,1.765,0.0,0.0,-0.7927533827911407,0.4469659136395914,-2.700129333679839e-56,0.0,0.0,0.0,0.00970633510394742,unicycle
1.503368444561568,8.58182238653449,1.765,0.0,0.0,-0.7925587324414609,0.44699328379059733,-2.2316167808260935e-56,0.0,0.0,0.0,0.009732517483977302,unicycle
1.509645460846608,8.575456069067418,1.765,0.0,0.0,-0.7923635675854966,0.44702050229239915,-1.843538679077009e-56,0.0,0.0,0.0,0.009758242798216018,unicycle
1.5159241011823545,8.56909059302377,1.765,0.0,0.0,-0.7921678973769992,0.4470475645358776,-1.522234102582909e-56,0.0,0.0,0.0,0.009783510424881684,unicycle
1.5222043664072922,8.562725964230061,1.765,0.0,0.0,-0.7919717309817326,0.4470744659272343,-1.2563364938983768e-56,0.0,0.0,0.0,0.009808319763330107,unicycle
1.5284862572344833,8.556362188521492,1.765,0.0,0.0,-0.791775077577051,0.44710120188671926,-1.0363928629340947e-56,0.0,0.0,0.0,0.009832670234080097,unicycle
1.5347697742516615,8.549999271741557,1.765,0.0,0.0,-0.7915779463514747,0.44712776784870983,-8.545453798539641e-57,0.0,0.0,0.0,0.009856561278812915,unicycle
1.5410549179213429,8.543637219741642,1.765,0.0,0.0,-0.7913803465042677,0.44715415926273777,-7.042652843516691e-57,0.0,0.0,0.0,0.009879992360352927,unicycle
1.5473416885809654,8.53727603838062,1.765,0.0,0.0,-0.791182287245015,0.447180371595154,-5.801306348445299e-57,0.0,0.0,0.0,0.00990296296263491,unicycle
1.5536300864430588,8.530915733524388,1.765,0.0,0.0,-0.790983777793202,0.44720640033120235,-4.7764077276573175e-57,0.0,0.0,0.0,0.009925472590662125,unicycle
1.5599201115954509,8.524556311045405,1.765,0.0,0.0,-0.7907848273777928,0.4472322409773311,-3.9306151726018867e-57,0.0,0.0,0.0,0.009947520770458164,unicycle
1.566211764001512,8.518197776822165,1.765,0.0,0.0,-0.7905854452368123,0.4472578890636187,-3.23296066542857e-57,0.0,0.0,0.0,0.009969107049014906,unicycle
1.5725050435004362,8.51184013673868,1.765,0.0,0.0,-0.7903856406169274,0.4472833401462244,-2.657773915062078e-57,0.0,0.0,0.0,0.009990230994238243,unicycle
1.5787999498075607,8.505483396683887,1.765,0.0,0.0,-0.7901854227730295,0.44730858980980154,-2.1837858829253446e-57,0.0,0.0,0.0,0.010010892194892776,unicycle
1.58509648251472,8.499127562551053,1.765,0.0,0.0,-0.7899848009678183,0.44733363366983164,-1.7933822937832914e-57,0.0,0.0,0.0,0.010031090260546318,unicycle
1.5913946410906372,8.49277264023714,1.765,0.0,0.0,-0.789783784471388,0.44735846737485374,-1.4719823414066366e-57,0.0,0.0,0.0,0.010050824821514778,unicycle
1.5976944248813467,8.486418635642158,1.765,0.0,0.0,-0.7895823825608119,0.44738308660857207,-1.2075218420634307e-57,0.0,0.0,0.0,0.010070095528807839,unicycle
1.6039958331106487,8.48006555466846,1.765,0.0,0.0,-0.7893806045197305,0.4474074870918357,-9.90023482486229e-58,0.0,0.0,0.0,0.010088902054075624,unicycle
1.6102988648805934,8.473713403220051,1.765,0.0,0.0,-0.7891784596379394,0.4474316645844894,-8.112396555258882e-58,0.0,0.0,0.0,0.010107244089556423,unicycle
1.6166035191719927,8.46736218720185,1.765,0.0,0.0,-0.7889759572109789,0.4474556148870965,-6.643557629135663e-58,0.0,0.0,0.0,0.010125121348025578,unicycle
1.6229097948449591,8.461011912518943,1.765,0.0,0.0,-0.7887731065397239,0.44747933384254074,-5.43743863659659e-58,0.0,0.0,0.0,0.010142533562745519,unicycle
1.6292176906394669,8.454662585075816,1.765,0.0,0.0,-0.7885699169299755,0.44750281733751285,-4.4475822043798016e-58,0.0,0.0,0.0,0.010159480487416796,unicycle
1.6355272051759397,8.448314210775573,1.765,0.0,0.0,-0.788366397692053,0.44752606130389033,-3.6356569696113496e-58,0.0,0.0,0.0,0.010175961896130147,unicycle
1.6418383369558571,8.441966795519132,1.765,0.0,0.0,-0.7881625581403866,0.4475490617200185,-2.9700513076922888e-58,0.0,0.0,0.0,0.010191977583319418,unicycle
1.6481510843623823,8.43562034520442,1.765,0.0,0.0,-0.7879584075931125,0.44757181461190143,-2.424707850082005e-58,0.0,0.0,0.0,0.01020752736371525,unicycle
1.6544654456610093,8.429274865725539,1.765,0.0,0.0,-0.7877539553716665,0.44759431605431,-1.978158007789659e-58,0.0,0.0,0.0,0.010222611072299461,unicycle
1.6607814190002292,8.422930362971934,1.765,0.0,0.0,-0.7875492108003813,0.44761656217181567,-1.612722546528428e-58,0.0,0.0,0.0,0.01023722856425999,unicycle
1.6670990024122128,8.416586842827549,1.765,0.0,0.0,-0.7873441832060825,0.4476385491397568,-1.3138499595081494e-58,0.0,0.0,0.0,0.010251379714946298,unicycle
1.6734181938135089,8.41024431116996,1.765,0.0,0.0,-0.7871388819176859,0.44766027318514395,-1.0695691382816464e-58,0.0,0.0,0.0,0.010265064419825158,unicycle
1.6797389910057607,8.403902773869522,1.765,0.0,0.0,-0.7869333162657973,0.44768173058751,-8.70036805767767e-59,0.0,0.0,0.0,0.010278282594436739,unicycle
1.6860613916764355,8.397562236788485,1.765,0.0,0.0,-0.7867274955823104,0.4477029176797112,-7.071634784040407e-59,0.0,0.0,0.0,0.010291034174350896,unicycle
1.6923853933995687,8.391222705780121,1.765,0.0,0.0,-0.7865214292000078,0.44772383084868367,-5.7430447516098e-59,0.0,0.0,0.0,0.01030331911512361,unicycle
1.6987109936365234,8.384884186687833,1.765,0.0,0.0,-0.7863151264521625,0.4477444665361591,-4.660047810292512e-59,0.0,0.0,0.0,0.010315137392253489,unicycle
1.7050381897367617,8.378546685344253,1.765,0.0,0.0,-0.7861085966721397,0.44776482123934447,-3.7778847787152387e-59,0.0,0.0,0.0,0.010326489001138299,unicycle
1.7113669789386285,8.372210207570358,1.765,0.0,0.0,-0.7859018491929989,0.4477848915115681,-3.0598504004728004e-59,0.0,0.0,0.0,0.010337373957031479,unicycle
1.7176973583701507,8.365874759174556,1.765,0.0,0.0,-0.785694893347099,0.4478046739628963,-2.475861093462175e-59,0.0,0.0,0.0,0.010347792294998576,unicycle
1.7240293250498446,8.359540345951773,1.765,0.0,0.0,-0.7854877384657015,0.44782416526072205,-2.0012745810890687e-59,0.0,0.0,0.0,0.01035774406987357,unicycle
1.7303628758875393,8.353206973682548,1.765,0.0,0.0,-0.785280393878577,0.4478433621303284,-1.6159175822777915e-59,0.0,0.0,0.0,0.010367229356215039,unicycle
1.7366980076852068,8.346874648132104,1.765,0.0,0.0,-0.7850728689136118,0.4478622613554284,-1.3032852810830304e-59,0.0,0.0,0.0,0.010376248248262176,unicycle
1.7430347171378076,8.340543375049435,1.765,0.0,0.0,-0.7848651728964141,0.44788085977868347,-1.049882555789161e-59,0.0,0.0,0.0,0.010384800859890613,unicycle
1.7493730008341446,8.334213160166378,1.765,0.0,0.0,-0.7846573151499228,0.4478991543022014,-8.446821380920001e-60,0.0,0.0,0.0,0.010392887324568015,unicycle
1.7557128552577286,8.327884009196678,1.765,0.0,0.0,-0.7844493049940167,0.4479171418880157,-6.786791756645667e-60,0.0,0.0,0.0,0.010400507795309459,unicycle
1.762054276787653,8.321555927835064,1.765,0.0,0.0,-0.784241151745124,0.44793481955854636,-5.445252363832196e-60,0.0,0.0,0.0,0.010407662444632532,unicycle
1.7683972616994807,8.315228921756313,1.765,0.0,0.0,-0.7840328647158337,0.44795218439704415,-4.362277448622853e-60,0.0,0.0,0.0,0.010414351464512226,unicycle
1.7747418061661395,8.308902996614307,1.765,0.0,0.0,-0.783824453214507,0.44796923354801815,-3.489032858566941e-60,0.0,0.0,0.0,0.01042057506633553,unicycle
1.7810879062588263,8.3025781580411,1.765,0.0,0.0,-0.78361592654489,0.4479859642176483,-2.7857523117764395e-60,0.0,0.0,0.0,0.010426333480855757,unicycle
1.787435557947923,8.296254411645982,1.765,0.0,0.0,-0.783407294005727,0.4480023736741825,-2.220078190610719e-60,0.0,0.0,0.0,0.010431626958146598,unicycle
1.7937847571039198,8.289931763014524,1.765,0.0,0.0,-0.7831985648903759,0.44801845924831885,-1.765701973003891e-60,0.0,0.0,0.0,0.010436455767555915,unicycle
1.8001354994983483,8.28361021770764,1.765,0.0,0.0,-0.7829897484864228,0.44803421833357426,-1.401250836354551e-60,0.0,0.0,0.0,0.010440820197659208,unicycle
1.8064877808047228,8.277289781260649,1.765,0.0,0.0,-0.7827808540752985,0.44804964838663897,-1.1093764017197675e-60,0.0,0.0,0.0,0.010444720556212816,unicycle
1.812841596599492,8.270970459182317,1.765,0.0,0.0,-0.7825718909318963,0.44806474692771725,-8.760093725923485e-61,0.0,0.0,0.0,0.010448157170106859,unicycle
1.819196942362997,8.264652256953914,1.765,0.0,0.0,-0.7823628683241902,0.4480795115408553,-6.897502470733406e-61,0.0,0.0,0.0,0.01045113038531785,unicycle
1.8255538134804388,8.25833518002827,1.765,0.0,0.0,-0.782153795512853,0.4480939398742553,-5.413715804923603e-61,0.0,0.0,0.0,0.010453640566861044,unicycle
1.8319122052428536,8.252019233828824,1.765,0.0,0.0,-0.7819446817508782,0.44810802964057694,-4.234116428277442e-61,0.0,0.0,0.0,0.010455688098742519,unicycle
1.838272112848096,8.24570442374867,1.765,0.0,0.0,-0.7817355362831999,0.44812177861722635,-3.2984291346303445e-61,0.0,0.0,0.0,0.010457273383910951,unicycle
1.8446335314018303,8.23939075514962,1.765,0.0,0.0,-0.7815263683463158,0.4481351846466314,-2.5580181887923533e-61,0.0,0.0,0.0,0.010458396844209121,unicycle
1.8509964559185277,8.233078233361244,1.765,0.0,0.0,-0.7813171871679093,0.44814824563650507,-1.973685577197184e-61,0.0,0.0,0.0,0.010459058920325153,unicycle
1.8573608813224742,8.22676686367993,1.765,0.0,0.0,-0.7811080019664746,0.44816095956009594,-1.5138786401458614e-61,0.0,0.0,0.0,0.010459260071743474,unicycle
1.8637268024487816,8.22045665136794,1.765,0.0,0.0,-0.7808988219509406,0.4481733244564262,-1.153232090681998e-61,0.0,0.0,0.0,0.01045900077669551,unicycle
1.8700942140444086,8.214147601652446,1.765,0.0,0.0,-0.7806896563202984,0.4481853384305174,-8.713829828933424e-62,0.0,0.0,0.0,0.010458281532110116,unicycle
1.8764631107691871,8.207839719724603,1.765,0.0,0.0,-0.7804805142632271,0.4481969996536031,-6.520083286725925e-62,0.0,0.0,0.0,0.010457102853563728,unicycle
1.8828334871968557,8.201533010738592,1.765,0.0,0.0,-0.7802714049577226,0.44820830636333,-4.820442043152696e-62,0.0,0.0,0.0,0.010455465275230249,unicycle
1.8892053378160993,8.195227479810683,1.765,0.0,0.0,-0.7800623375707261,0.44821925686394587,-3.510526897095554e-62,0.0,0.0,0.0,0.010453369349830712,unicycle
1.895578657031596,8.188923132018292,1.765,0.0,0.0,-0.7798533212577543,0.4482298495264757,-2.507091344191803e-62,0.0,0.0,0.0,0.010450815648582667,unicycle
1.9019534391650679,8.182619972399038,1.765,0.0,0.0,-0.7796443651625313,0.4482400827888852,-1.7438728672637845e-62,0.0,0.0,0.0,0.010447804761149322,unicycle
1.9083296784563393,8.176318005949808,1.765,0.0,0.0,-0.7794354784166198,0.44824995515623234,-1.1682395152076697e-62,0.0,0.0,0.0,0.010444337295588423,unicycle
1.9147073690644012,8.170017237625814,1.765,0.0,0.0,-0.7792266701390536,0.4482594652008058,-7.384822375276711e-63,0.0,0.0,0.0,0.01044041387830091,unicycle
1.9210865050684802,8.163717672339668,1.765,0.0,0.0,-0.7790179494359741,0.4482686115622519,-4.216311018648827e-63,0.0,0.0,0.0,0.01043603515397932,unicycle
1.9274670804691119,8.157419314960439,1.765,0.0,0.0,-0.778809325400263,0.4482773929476889,-1.9169613796801612e-63,0.0,0.0,0.0,0.01043120178555595,unicycle
1.933849089189222,8.151122170312732,1.765,0.0,0.0,-0.7786008071111798,0.4482858081318093,-2.8252031705911686e-64,0.0,0.0,0.0,0.010425914454150774,unicycle
1.9402325250752095,8.14482624317576,1.765,0.0,0.0,-0.7783924036339995,0.44829385595696924,8.469901652727248e-64,0.0,0.0,0.0,0.010420173859019171,unicycle
1.9466173818980368,8.13853153828242,1.765,0.0,0.0,-0.7781841240196494,0.4483015353332664,1.5963963991624805e-63,0.0,0.0,0.0,0.010413980717499379,unicycle
1.9530036533543236,8.132238060318365,1.765,0.0,0.0,-0.7779759773043504,0.44830884523860537,2.0626818826525057e-63,0.0,0.0,0.0,0.01040733576495972,unicycle
1.9593913330674444,8.1259458139211,1.765,0.0,0.0,-0.7777679725092556,0.4483157847187506,2.3208329074870042e-63,0.0,0.0,0.0,0.010400239754745615,unicycle
1.965780414588631,8.119654803679051,1.765,0.0,0.0,-0.777560118640093,0.44832235288736716,2.4285057914871253e-63,0.0,0.0,0.0,0.010392693458126354,unicycle
1.9721708913980798,8.11336503413067,1.765,0.0,0.0,-0.7773524246868082,0.4483285489260496,2.4297462994573433e-63,0.0,0.0,0.0,0.010384697664241667,unicycle
1.9785627569060606,8.10707650976352,1.765,0.0,0.0,-0.7771448996232071,0.4483343720843385,2.3579477495203412e-63,0.0,0.0,0.0,0.010376253180048051,unicycle
1.9849560044540315,8.100789235013371,1.765,0.0,0.0,-0.7769375524066017,0.44833982167972486,2.2381984864078935e-63,0.0,0.0,0.0,0.010367360830264901,unicycle
1.9913506273157557,8.094503214263314,1.765,0.0,0.0,-0.7767303919774555,0.44834489709764236,2.0891403320954695e-63,0.0,0.0,0.0,0.010358021457320395,unicycle
1.9977466186984216,8.088218451842847,1.765,0.0,0.0,-0.7765234272590295,0.4483495977914474,1.9244360481229233e-63,0.0,0.0,0.0,0.010348235921297185,unicycle
2.0041439717437672,8.081934952026993,1.765,0.0,0.0,-0.776316667157032,0.44835392328238716,1.7539247419072786e-63,0.0,0.0,0.0,0.010338005099877846,unicycle
2.0105426795292054,8.075652719035425,1.765,0.0,0.0,-0.776110120559266,0.44835787315955566,1.5845286871909403e-63,0.0,0.0,0.0,0.010327329888290108,unicycle
2.016942735068953,8.069371757031568,1.765,0.0,0.0,-0.7759037963352811,0.4483614470798379,1.420962525513995e-63,0.0,0.0,0.0,0.010316211199251912,unicycle
2.023344131315163,8.063092070121737,1.765,0.0,0.0,-0.7756977033360226,0.44836464476784144,1.2662857157069093e-63,0.0,0.0,0.0,0.010304649962916218,unicycle
2.0297468611590586,8.056813662354262,1.765,0.0,0.0,-0.7754918503934864,0.4483674660158169,1.1223309489605926e-63,0.0,0.0,0.0,0.010292647126815596,unicycle
2.036150917432067,8.050536537718617,1.765,0.0,0.0,-0.7752862463203705,0.44836991068356574,9.900346790753721e-64,0.0,0.0,0.0,0.01028020365580662,unicycle
2.0425562929069594,8.044260700144571,1.765,0.0,0.0,-0.7750808999097303,0.4483719786983365,8.696906306567456e-64,0.0,0.0,0.0,0.010267320532014028,unicycle
2.048962980298989,8.037986153501324,1.765,0.0,0.0,-0.7748758199346346,0.4483736700547092,7.611428979897728e-64,0.0,0.0,0.0,0.01025399875477468,unicycle
2.0553709722670326,8.03171290159666,1.765,0.0,0.0,-0.7746710151478229,0.44837498481446786,6.63931835503602e-64,0.0,0.0,0.0,0.01024023934058128,unicycle
2.061780261414732,8.025440948176112,1.765,0.0,0.0,-0.7744664942813625,0.44837592310646135,5.7740320586277974e-64,0.0,0.0,0.0,0.010226043323025904,unicycle
2.0681908402916376,8.019170296922118,1.765,0.0,0.0,-0.7742622660463077,0.44837648512645245,5.0078886293684264e-64,0.0,0.0,0.0,0.010211411752743309,unicycle
2.0746027013943538,8.012900951453192,1.765,0.0,0.0,-0.7740583391323608,0.4483766711369552,4.3326549812213074e-64,0.0,0.0,0.0,0.01019634569735401,unicycle
2.0810158371676835,8.006632915323102,1.765,0.0,0.0,-0.7738547222075325,0.44837648146706055,3.739965838018681e-64,0.0,0.0,0.0,0.010180846241407148,unicycle
2.0874302400057725,8.00036619202005,1.765,0.0,0.0,-0.7736514239178061,0.4483759165122507,3.22161537613924e-64,0.0,0.0,0.0,0.010164914486323128,unicycle
2.093845902253256,7.994100784965859,1.765,0.0,0.0,-0.7734484528867995,0.44837497673420174,2.7697524945895678e-64,0.0,0.0,0.0,0.01014855155033604,unicycle
2.100262816206407,7.9878366975151796,1.765,0.0,0.0,-0.7732458177154308,0.44837366266057477,2.3770041445464195e-64,0.0,0.0,0.0,0.010131758568435865,unicycle
2.106680974114279,7.981573932954681,1.765,0.0,0.0,-0.7730435269815845,0.44837197488479585,2.036545627329886e-64,0.0,0.0,0.0,0.010114536692310456,unicycle
2.1131003681798517,7.975312494502266,1.765,0.0,0.0,-0.7728415892397786,0.4483699140658244,1.7421324161139015e-64,0.0,0.0,0.0,0.01009688709028727,unicycle
2.119520990561181,7.9690523853062905,1.765,0.0,0.0,-0.7726400130208331,0.44836748092791034,1.4881046352990518e-64,0.0,0.0,0.0,0.01007881094727489,unicycle
2.1259428333725405,7.962793608444784,1.765,0.0,0.0,-0.7724388068315391,0.44836467626034016,1.2693726518427048e-64,0.0,0.0,0.0,0.010060309464704317,unicycle
2.132365888685565,7.956536166924686,1.765,0.0,0.0,-0.7722379791543297,0.4483615009171713,1.0813901420998993e-64,0.0,0.0,0.0,0.010041383860470033,unicycle
2.138790148530396,7.950280063681084,1.765,0.0,0.0,-0.7720375384469522,0.4483579558169564,9.201193734185223e-65,0.0,0.0,0.0,0.010022035368870811,unicycle
2.1452156048968223,7.944025301576458,1.765,0.0,0.0,-0.7718374931421412,0.44835404194245565,7.819921839147517e-65,0.0,0.0,0.0,0.010002265240550286,unicycle
2.1516422497354206,7.937771883399944,1.765,0.0,0.0,-0.7716378516472926,0.4483497603403386,6.6386917833506425e-65,0.0,0.0,0.0,0.009982074742437303,unicycle
2.1580700749586956,7.931519811866593,1.765,0.0,0.0,-0.7714386223441387,0.4483451121208747,5.629989203757382e-65,0.0,0.0,0.0,0.009961465157686016,unicycle
2.1644990724422177,7.925269089616642,1.765,0.0,0.0,-0.7712398135884265,0.4483400984576141,4.769783427222019e-65,0.0,0.0,0.0,0.009940437785615739,unicycle
2.1709292340257567,7.919019719214798,1.765,0.0,0.0,-0.7710414337095937,0.44833472058705637,4.0371517606224735e-65,0.0,0.0,0.0,0.009918993941650533,unicycle
2.177360551514418,7.9127717031495255,1.765,0.0,0.0,-0.7708434910104484,0.4483289798083092,3.4139288628592334e-65,0.0,0.0,0.0,0.009897134957258562,unicycle
2.1837930166797714,7.906525043832342,1.765,0.0,0.0,-0.7706459937668505,0.44832287748273686,2.8843838042839356e-65,0.0,0.0,0.0,0.009874862179891183,unicycle
2.1902266212609813,7.900279743597129,1.765,0.0,0.0,-0.7704489502273919,0.4483164150335975,2.434925772859049e-65,0.0,0.0,0.0,0.00985217697292178,unicycle
2.1966613569659326,7.8940358046994445,1.765,0.0,0.0,-0.7702523686130802,0.44830959394567055,2.053838228496233e-65,0.0,0.0,0.0,0.009829080715584325,unicycle
2.2030972154723547,7.887793229315846,1.765,0.0,0.0,-0.7700562571170221,0.44830241576487373,1.73104051878574e-65,0.0,0.0,0.0,0.00980557480291168,unicycle
2.2095341884289414,7.881552019543227,1.765,0.0,0.0,-0.7698606239041086,0.44829488209786944,1.4578754581836194e-65,0.0,0.0,0.0,0.009781660645673635,unicycle
2.215972267456469,7.875312177398155,1.765,0.0,0.0,-0.7696654771107023,0.4482869946116616,1.2269210669169344e-65,0.0,0.0,0.0,0.009757339670314669,unicycle
2.222411444148907,7.869073704816232,1.765,0.0,0.0,-0.7694708248443245,0.448278755033182,1.031824510046299e-65,0.0,0.0,0.0,0.009732613318891414,unicycle
2.228851710074535,7.862836603651447,1.765,0.0,0.0,-0.7692766751833442,0.44827016514886686,8.671562288383457e-66,0.0,0.0,0.0,0.009707483049009865,unicycle
2.235293056777042,7.856600875675551,1.765,0.0,0.0,-0.7690830361766688,0.44826122680422376,7.282822835155442e-66,0.0,0.0,0.0,0.009681950333762273,unicycle
2.2417354757766366,7.850366522577438,1.765,0.0,0.0,-0.7688899158434354,0.44825194190338846,6.112530041415197e-66,0.0,0.0,0.0,0.00965601666166378,unicycle
2.24817895857114,7.844133545962538,1.765,0.0,0.0,-0.7686973221727037,0.4482423124086719,5.127061565950449e-66,0.0,0.0,0.0,0.009629683536588737,unicycle
2.2546234966370835,7.837901947352206,1.765,0.0,0.0,-0.7685052631231496,0.44823234034009835,4.2978295978072595e-66,0.0,0.0,0.0,0.009602952477706733,unicycle
2.2610690814307994,7.831671728183151,1.765,0.0,0.0,-0.7683137466227612,0.44822202777493336,3.600554285883409e-66,0.0,0.0,0.0,0.0095758250194183,unicycle
2.2675157043895053,7.825442889806841,1.765,0.0,0.0,-0.7681227805685356,0.44821137684720286,3.0146365762869254e-66,0.0,0.0,0.0,0.009548302711290337,unicycle
2.273963356932385,7.819215433488943,1.765,0.0,0.0,-0.7679323728261755,0.4482003897472027,2.522617985643718e-66,0.0,0.0,0.0,0.009520387117991207,unicycle
2.280412030461668,7.812989360408757,1.765,0.0,0.0,-0.7677425312297911,0.4481890687209992,2.1097161565507947e-66,0.0,0.0,0.0,0.009492079819225518,unicycle
2.2868617163636964,7.8067646716586765,1.765,0.0,0.0,-0.7675532635815978,0.44817741606992034,1.7634262788950896e-66,0.0,0.0,0.0,0.009463382409668576,unicycle
2.2933124060099916,7.8005413682436435,1.765,0.0,0.0,-0.7673645776516198,0.4481654341500387,1.4731796060720784e-66,0.0,0.0,0.0,0.009434296498900516,unicycle
2.299764090758319,7.794319451080623,1.765,0.0,0.0,-0.767176481177393,0.44815312537164476,1.23005134296122e-66,0.0,0.0,0.0,0.009404823711340101,unicycle
2.3062167619537375,7.78809892099809,1.765,0.0,0.0,-0.7669889818636694,0.44814049219871216,1.0265111321389415e-66,0.0,0.0,0.0,0.00937496568617818,unicycle
2.312670410929653,7.781879778735519,1.765,0.0,0.0,-0.7668020873821232,0.44812753714835385,8.562102186849863e-67,0.0,0.0,0.0,0.009344724077310802,unicycle
2.3191250290088616,7.775662024942894,1.765,0.0,0.0,-0.7666158053710578,0.4481142627902703,7.138001366082372e-67,0.0,0.0,0.0,0.00931410055327199,unicycle
2.325580607504584,7.76944566018022,1.765,0.0,0.0,-0.7664301434351143,0.4481006717461886,5.947784372272087e-67,0.0,0.0,0.0,0.009283096797166147,unicycle
2.3320371377214992,7.763230684917056,1.765,0.0,0.0,-0.7662451091449822,0.44808676668929415,4.953575783486677e-67,0.0,0.0,0.0,0.009251714506600115,unicycle
2.3384946109567704,7.757017099532048,1.765,0.0,0.0,-0.7660607100371102,0.4480725503436534,4.1235361965125115e-67,0.0,0.0,0.0,0.009219955393614868,unicycle
2.3449530185010623,7.750804904312482,1.765,0.0,0.0,-0.7658769536134179,0.44805802548362944,3.430918311531207e-67,0.0,0.0,0.0,0.009187821184616841,unicycle
2.3514123516395538,7.744594099453847,1.765,0.0,0.0,-0.7656938473410116,0.4480431949332889,2.853267246707747e-67,0.0,0.0,0.0,0.009155313620308879,unicycle
2.3578726016529425,7.7383846850594,1.765,0.0,0.0,-0.7655113986518993,0.44802806156580155,2.371743690668774e-67,0.0,0.0,0.0,0.009122434455620802,unicycle
2.364333759818443,7.73217666113976,1.765,0.0,0.0,-0.7653296149427065,0.44801262830283195,1.970551547230646e-67,0.0,0.0,0.0,0.00908918545963959,unicycle
2.3707958174107797,7.725970027612495,1.765,0.0,0.0,-0.7651485035743956,0.4479968981139241,1.6364543647842374e-67,0.0,0.0,0.0,0.009055568415539169,unicycle
2.3772587657031687,7.719764784301734,1.765,0.0,0.0,-0.7649680718719855,0.4479808740158782,1.358367121837197e-67,0.0,0.0,0.0,0.009021585120509823,unicycle
2.383722595968296,7.713560930937785,1.765,0.0,0.0,-0.7647883271242716,0.4479645590721201,1.1270119049568895e-67,0.0,0.0,0.0,0.008987237385687186,unicycle
2.390187299479287,7.707358467156764,1.765,0.0,0.0,-0.7646092765835499,0.44794795639206414,9.346277057404756e-68,0.0,0.0,0.0,0.008952527036080828,unicycle
2.3966528675106678,7.701157392500239,1.765,0.0,0.0,-0.76443092746534,0.4479310691304684,7.74726015096297e-68,0.0,0.0,0.0,0.008917455910502435,unicycle
2.4031192913393165,7.694957706414883,1.765,0.0,0.0,-0.7642532869481101,0.4479139004867833,6.4188513763207555e-68,0.0,0.0,0.0,0.008882025861493566,unicycle
2.409586562245414,7.688759408252141,1.765,0.0,0.0,-0.7640763621730051,0.44789645370449377,5.31577214164167e-68,0.0,0.0,0.0,0.008846238755252988,unicycle
2.4160546715133786,7.682562497267909,1.765,0.0,0.0,-0.7639001602435739,0.44787873207045414,4.4002285075402e-68,0.0,0.0,0.0,0.008810096471563587,unicycle
2.4225236106664454,7.676366972398409,1.765,0.0,0.0,-0.763724688232272,0.4478607550917727,3.64069029653455e-68,0.0,0.0,0.0,0.008773600565103103,unicycle
2.4289933713597542,7.6701728323633755,1.765,0.0,0.0,-0.7635499531770441,0.44784253484454845,3.0108663977393916e-68,0.0,0.0,0.0,0.008736752761390432,unicycle
2.4354639451249307,7.663980075911273,1.765,0.0,0.0,-0.7633759620736182,0.4478240656999608,2.488845280263385e-68,0.0,0.0,0.0,0.008699555171293165,unicycle
2.4419353234051204,7.657788701786225,1.765,0.0,0.0,-0.7632027218762407,0.4478053444361919,2.056374521906716e-68,0.0,0.0,0.0,0.00866200986888118,unicycle
2.448407497582179,7.651598708702507,1.765,0.0,0.0,-0.7630302394981835,0.44778636969402363,1.6982572305448663e-68,0.0,0.0,0.0,0.008624118902856632,unicycle
2.4548804589976947,7.6454100953249835,1.765,0.0,0.0,-0.7628585218120729,0.44776714154872044,1.401846689206482e-68,0.0,0.0,0.0,0.00858588430552967,unicycle
2.4613541989691687,7.639222860254183,1.765,0.0,0.0,-0.7626875756500762,0.44774766117444886,1.1566234828952106e-68,0.0,0.0,0.0,0.00854730809983857,unicycle
2.4678287088024238,7.633037002015024,1.765,0.0,0.0,-0.7625174078039799,0.4477279305821758,9.538418435477424e-69,0.0,0.0,0.0,0.008508392304814977,unicycle
2.4743039798010673,7.62685251904836,1.765,0.0,0.0,-0.7623480250251836,0.4477079524157791,7.862340459972365e-69,0.0,0.0,0.0,0.008469138939815863,unicycle
2.4807800032736833,7.62066940970471,1.765,0.0,0.0,-0.7621794340246281,0.44768772979415744,6.477634596820272e-69,0.0,0.0,0.0,0.008429550027779818,unicycle
2.487256770539263,7.614487672239684,1.765,0.0,0.0,-0.7620116414726739,0.4476672661895883,5.334183570839324e-69,0.0,0.0,0.0,0.008389627597713646,unicycle
2.493734272931297,7.608307304810698,1.765,0.0,0.0,-0.7618446539989424,0.4476465653345609,4.3903984233508967e-69,0.0,0.0,0.0,0.008349373686573756,unicycle
2.500212501800844,7.602128305474671,1.765,0.0,0.0,-0.761678478192129,0.4476256311509029,3.6117832778303924e-69,0.0,0.0,0.0,0.008308790340673259,unicycle
2.506691448518824,7.595950672186456,1.765,0.0,0.0,-0.7615131205997946,0.447604467696293,2.96973882951075e-69,0.0,0.0,0.0,0.0082678796167189,unicycle
2.5131711044777396,7.589774402797848,1.765,0.0,0.0,-0.7613485877281434,0.4475830791242737,2.4405653514059355e-69,0.0,0.0,0.0,0.008226643582560297,unicycle
2.519651461092969,7.583599495056973,1.765,0.0,0.0,-0.7611848860417891,0.44756146965469684,2.0046323587668058e-69,0.0,0.0,0.0,0.008185084317716716,unicycle
2.5261325098037464,7.577425946608003,1.765,0.0,0.0,-0.7610220219635145,0.4475396435521832,1.645687411588499e-69,0.0,0.0,0.0,0.008143203913732848,unicycle
2.5326142420739237,7.571253754991074,1.765,0.0,0.0,-0.7608600018740265,0.4475176051107003,1.3502810187124025e-69,0.0,0.0,0.0,0.008101004474403952,unicycle
2.539096649392575,7.565082917642347,1.765,0.0,0.0,-0.7606988321117085,0.4474953586427735,1.1072883713791872e-69,0.0,0.0,0.0,0.008058488115902008,unicycle
2.5455797232744937,7.558913431894194,1.765,0.0,0.0,-0.7605385189723718,0.4474729084721735,9.075117922690969e-70,0.0,0.0,0.0,0.008015656966827517,unicycle
2.552063455260625,7.552745294975425,1.765,0.0,0.0,-0.7603790687090076,0.4474502589291835,7.433504340686399e-70,0.0,0.0,0.0,0.007972513168206111,unicycle
2.5585478369184576,7.546578504011584,1.765,0.0,0.0,-0.7602204875315386,0.44742741434775224,6.085259805002941e-70,0.0,0.0,0.0,0.007929058873444724,unicycle
2.565032859842392,7.540413056025236,1.765,0.0,0.0,-0.7600627816065735,0.4474043790640029,4.97854960980807e-70,0.0,0.0,0.0,0.007885296248258664,unicycle
2.5715185156541023,7.534248947936294,1.765,0.0,0.0,-0.7599059570571619,0.44738115741569107,4.070598453590647e-70,0.0,0.0,0.0,0.007841227470578197,unicycle
2.5780047960029036,7.5280861765623195,1.765,0.0,0.0,-0.759750019962553,0.44735775374230696,3.3261238617787554e-70,0.0,0.0,0.0,0.007796854730441187,unicycle
2.5844916925661194,7.521924738618838,1.765,0.0,0.0,-0.7595949763579556,0.447334172385591,2.7160376357877943e-70,0.0,0.0,0.0,0.007752180229876642,unicycle
2.590979197049468,7.515764630719641,1.765,0.0,0.0,-0.7594408322342999,0.44731041769029384,2.216369968070539e-70,0.0,0.0,0.0,0.007707206182782781,unicycle
2.5974673011874607,7.5096058493770625,1.765,0.0,0.0,-0.7592875935380038,0.44728649400505766,1.8073784527379648e-70,0.0,0.0,0.0,0.007661934814802242,unicycle
2.6039559967438084,7.503448391002266,1.765,0.0,0.0,-0.7591352661707398,0.44726240568332865,1.4728105566344872e-70,0.0,0.0,0.0,0.00761636836319626,unicycle
2.610445275511848,7.497292251905506,1.765,0.0,0.0,-0.7589838559892054,0.44723815708424014,1.1992934010537407e-70,0.0,0.0,0.0,0.007570509076719133,unicycle
2.6169351293149776,7.491137428296388,1.765,0.0,0.0,-0.7588333688048955,0.44721375257342405,9.758291113493999e-71,0.0,0.0,0.0,0.007524359215493821,unicycle
2.623425550007103,7.4849839162841185,1.765,0.0,0.0,-0.7586838103838776,0.4471891965237258,7.933776646118454e-71,0.0,0.0,0.0,0.007477921050889224,unicycle
2.6299165294730926,7.478831711877743,1.765,0.0,0.0,-0.7585351864465696,0.4471644933158055,6.445122251226625e-71,0.0,0.0,0.0,0.007431196865399424,unicycle
2.6364080596292427,7.472680810986387,1.765,0.0,0.0,-0.7583875026675191,0.44713964733862,5.231345046458644e-71,0.0,0.0,0.0,0.007384188952525003,unicycle
2.642900132423743,7.466531209419488,1.765,0.0,0.0,-0.7582407646751861,0.4471146629897838,4.242398044819172e-71,0.0,0.0,0.0,0.007336899616656462,unicycle
2.6493927398371504,7.460382902887026,1.765,0.0,0.0,-0.7580949780517269,0.44708954467581186,3.4372315948545646e-71,0.0,0.0,0.0,0.0072893311729596635,unicycle
2.6558858738828643,7.454235886999756,1.765,0.0,0.0,-0.7579501483327816,0.4470642968122492,2.7821947021376885e-71,0.0,0.0,0.0,0.007241485947263138,unicycle
2.6623795266076,7.448090157269443,1.765,0.0,0.0,-0.7578062810072628,0.44703892382369503,2.2497172758292663e-71,0.0,0.0,0.0,0.007193366275947118,unicycle
2.6688736900918624,7.4419457091090955,1.765,0.0,0.0,-0.7576633815171461,0.44701343014372974,1.8172244625770244e-71,0.0,0.0,0.0,0.007144974505834093,unicycle
2.675368356450421,7.4358025378332,1.765,0.0,0.0,-0.7575214552572646,0.44698782021475203,1.4662426305362586e-71,0.0,0.0,0.0,0.007096312994080687,unicycle
2.6818635178327757,7.429660638657969,1.765,0.0,0.0,-0.757380507575103,0.4469620984877351,1.1816635372864633e-71,0.0,0.0,0.0,0.007047384108070687,unicycle
2.688359166423624,7.423520006701592,1.765,0.0,0.0,-0.7572405437705968,0.44693626942191156,9.511389974615633e-72,0.0,0.0,0.0,0.006998190225309013,unicycle
2.6948552944433155,7.417380636984483,1.765,0.0,0.0,-0.7571015690959304,0.4469103374843923,7.645831595715637e-72,0.0,0.0,0.0,0.006948733733316479,unicycle
2.701351894148309,7.411242524429549,1.765,0.0,0.0,-0.75696358875534,0.4468843071497292,6.137634738916231e-72,0.0,0.0,0.0,0.0068990170295251604,unicycle
2.7078489578316147,7.4051056638624635,1.765,0.0,0.0,-0.7568266079049165,0.44685818289942714,4.919647236143924e-72,0.0,0.0,0.0,0.006849042521174225,unicycle
2.7143464778232347,7.398970050011938,1.765,0.0,0.0,-0.7566906316524125,0.44683196922141116,3.937132155631695e-72,0.0,0.0,0.0,0.0067988126252061095,unicycle
2.7208444464905908,7.392835677510016,1.765,0.0,0.0,-0.7565556650570492,0.446805670609456,3.145504810454969e-72,0.0,0.0,0.0,0.0067483297681628866,unicycle
2.727342856238946,7.386702540892366,1.765,0.0,0.0,-0.7564217131293276,0.44677929156258134,2.50847702056565e-72,0.0,0.0,0.0,0.006697596386082732,unicycle
2.7338416995118173,7.3805706345985955,1.765,0.0,0.0,-0.7562887808308397,0.4467528365844188,1.996536196565653e-72,0.0,0.0,0.0,0.00664661492439639,unicycle
2.740340968791375,7.374439952972563,1.765,0.0,0.0,-0.7561568730740832,0.44672631018255304,1.585699553106742e-72,0.0,0.0,0.0,0.006595387837823559,unicycle
2.7468406565988372,7.368310490262705,1.765,0.0,0.0,-0.7560259947222777,0.4466997168678422,1.2564942827203833e-72,0.0,0.0,0.0,0.006543917590269124,unicycle
2.7533407554948504,7.362182240622383,1.765,0.0,0.0,-0.7558961505891834,0.44667306115372013,9.931232087090406e-73,0.0,0.0,0.0,0.006492206654719133,unicycle
2.759841258079861,7.356055198110225,1.765,0.0,0.0,-0.7557673454389205,0.4466463475554827,7.827826051042603e-73,0.0,0.0,0.0,0.006440257513136505,unicycle
2.766342156994477,7.349929356690485,1.765,0.0,0.0,-0.7556395839857935,0.4466195805895617,6.15104785199124e-73,0.0,0.0,0.0,0.006388072656356412,unicycle
2.7728434449198156,7.343804710233417,1.765,0.0,0.0,-0.7555128708941139,0.44659276477278753,4.8170293544873734e-73,0.0,0.0,0.0,0.006335654583981257,unicycle
2.7793451145778434,7.3376812525156625,1.765,0.0,0.0,-0.7553872107780284,0.4465659046216432,3.757996889350299e-73,0.0,0.0,0.0,0.006283005804275257,unicycle
2.7858471587317033,7.331558977220633,1.765,0.0,0.0,-0.7552626082013472,0.4465390046515108,2.9192424145212057e-73,0.0,0.0,0.0,0.00623012883405857,unicycle
2.792349570186031,7.325437877938923,1.765,0.0,0.0,-0.7551390676773752,0.44651206937591253,2.2566553720417468e-73,0.0,0.0,0.0,0.0061770261986009494,unicycle
2.798852341787261,7.3193179481687265,1.765,0.0,0.0,-0.7550165936687449,0.4464851033057466,1.7347129239810378e-73,0.0,0.0,0.0,0.0061237004315149056,unicycle
2.8053554664239164,7.313199181316256,1.765,0.0,0.0,-0.754895190587252,0.4464581109485201,1.3248446824291646e-73,0.0,0.0,0.0,0.006070154074648343,unicycle
2.811858937026895,7.307081570696192,1.765,0.0,0.0,-0.7547748627936922,0.44643109680757964,1.0041031995441026e-73,0.0,0.0,0.0,0.006016389677976657,unicycle
2.818362746569737,7.300965109532122,1.765,0.0,0.0,-0.7546556145977023,0.44640406538133903,7.540839307668699e-74,0.0,0.0,0.0,0.005962409799494292,unicycle
2.8248668880688856,7.294849790957011,1.765,0.0,0.0,-0.7545374502576002,0.4463770211625077,5.600486047826365e-74,0.0,0.0,0.0,0.005908217005105745,unicycle
2.8313713545839314,7.2887356080136705,1.765,0.0,0.0,-0.7544203739802299,0.44634996863731785,4.1021432140705e-74,0.0,0.0,0.0,0.005853813868516,unicycle
2.8378761392178506,7.282622553655238,1.765,0.0,0.0,-0.7543043899208074,0.4463229122847522,2.9517757822966434e-74,0.0,0.0,0.0,0.005799202971120365,unicycle
2.8443812351172273,7.276510620745678,1.765,0.0,0.0,-0.7541895021827696,0.44629585657577237,2.074480664952286e-74,0.0,0.0,0.0,0.005744386901893759,unicycle
2.8508866354724662,7.270399802060283,1.765,0.0,0.0,-0.7540757148176238,0.4462688059725488,1.4107169720837176e-74,0.0,0.0,0.0,0.0056893682572794,unicycle
2.8573923335179945,7.2642900902861935,1.765,0.0,0.0,-0.7539630318248025,0.4462417649276924,9.132610176798634e-75,0.0,0.0,0.0,0.0056341496410769075,unicycle
2.863898322532448,7.258181478022925,1.765,0.0,0.0,-0.7538514571515158,0.44621473788348814,5.447494741256319e-75,0.0,0.0,0.0,0.0055787336643298,unicycle
2.8704045958388518,7.252073957782905,1.765,0.0,0.0,-0.7537409946926118,0.4461877292711311,2.756993971254281e-75,0.0,0.0,0.0,0.0055231229452124275,unicycle
2.8769111468047823,7.245967521992024,1.765,0.0,0.0,-0.7536316482904335,0.4461607435099649,8.291453733693805e-76,0.0,0.0,0.0,0.005467320108916282,unicycle
2.883417968842526,7.239862162990197,1.765,0.0,0.0,-0.7535234217346827,0.4461337850067237,-5.179574265836169e-76,0.0,0.0,0.0,0.0054113277875357255,unicycle
2.889925055409217,7.233757873031931,1.765,0.0,0.0,-0.7534163187622835,0.4461068581547767,-1.4264483100165276e-75,0.0,0.0,0.0,0.005355148619953133,unicycle
2.8964324000069737,7.227654644286913,1.765,0.0,0.0,-0.753310343057249,0.44607996733337674,-2.0069314024936668e-75,0.0,0.0,0.0,0.005298785251723436,unicycle
2.9029399961830125,7.221552468840594,1.765,0.0,0.0,-0.7532054982505498,0.44605311690691213,-2.345077506689176e-75,0.0,0.0,0.0,0.0052422403349580825,unicycle
2.909447837529761,7.2154513386948,1.765,0.0,0.0,-0.7531017879199856,0.4460263112241624,-2.5068941021068696e-75,0.0,0.0,0.0,0.005185516528208411,unicycle
2.915955917684954,7.209351245768341,1.765,0.0,0.0,-0.7529992155900587,0.44599955461755836,-2.54292797125087e-75,0.0,0.0,0.0,0.005128616496348437,unicycle
2.922464230331716,7.20325218189763,1.765,0.0,0.0,-0.7528977847318495,0.4459728514024457,-2.491610055756339e-75,0.0,0.0,0.0,0.005071542910457062,unicycle
2.9289727691986394,7.1971541388373295,1.765,0.0,0.0,-0.7527974987628958,0.4459462058763538,-2.381911956851525e-75,0.0,0.0,0.0,0.005014298447699694,unicycle
2.935481528059844,7.19105710826098,1.765,0.0,0.0,-0.7526983610470716,0.4459196223182686,-2.2354508633028525e-75,0.0,0.0,0.0,0.004956885791209311,unicycle
2.941990500735033,7.184961081761668,1.765,0.0,0.0,-0.7526003748944723,0.44589310498790985,-2.0681532184250623e-75,0.0,0.0,0.0,0.004899307629966954,unicycle
2.9484996810895288,7.178866050852678,1.765,0.0,0.0,-0.7525035435612986,0.4458666581250142,-1.8915659825724764e-75,0.0,0.0,0.0,0.004841566658681641,unicycle
2.955009063034307,7.1727720069681755,1.765,0.0,0.0,-0.7524078702497452,0.44584028594862224,-1.7138869746222706e-75,0.0,0.0,0.0,0.004783665577669733,unicycle
2.9615186405260125,7.166678941463883,1.765,0.0,0.0,-0.7523133581078905,0.44581399265637095,-1.5407717225280185e-75,0.0,0.0,0.0,0.00472560709273374,unicycle
2.968028407566968,7.160586845617781,1.765,0.0,0.0,-0.7522200102295896,0.44578778242379163,-1.3759628966129833e-75,0.0,0.0,0.0,0.004667393915040574,unicycle
2.9745383582051703,7.154495710630803,1.765,0.0,0.0,-0.7521278296543698,0.4457616594036133,-1.2217792323091327e-75,0.0,0.0,0.0,0.004609028760999265,unicycle
2.981048486534278,7.148405527627553,1.765,0.0,0.0,-0.752036819367327,0.44573562772507064,-1.0794934579170785e-75,0.0,0.0,0.0,0.004550514352138123,unicycle
2.9875587866935844,7.142316287657023,1.765,0.0,0.0,-0.7519469822990273,0.44570969149321865,-9.49622790869848e-76,0.0,0.0,0.0,0.004491853414981384,unicycle
2.994069252867982,7.136227981693331,1.765,0.0,0.0,-0.7518583213254089,0.4456838547882525,-8.32150778895144e-76,0.0,0.0,0.0,0.004433048680925317,unicycle
3.000579879287921,7.130140600636451,1.765,0.0,0.0,-0.7517708392676865,0.4456581216648334,-7.266954175927298e-76,0.0,0.0,0.0,0.004374102886113819,unicycle
3.007090660229346,7.12405413531297,1.765,0.0,0.0,-0.7516845388922603,0.4456324961514199,-6.326353922893813e-76,0.0,0.0,0.0,0.004315018771313486,unicycle
3.0136015900136353,7.117968576476844,1.765,0.0,0.0,-0.7515994229106244,0.4456069822496063,-5.492038227043621e-76,0.0,0.0,0.0,0.004255799081788173,unicycle
3.020112663007519,7.111883914810164,1.765,0.0,0.0,-0.7515154939792811,0.4455815839334661,-4.7555691482713703e-76,0.0,0.0,0.0,0.004196446567173074,unicycle
3.026623873622993,7.105800140923931,1.765,0.0,0.0,-0.7514327546996541,0.4455563051489024,-4.10823348960817e-76,0.0,0.0,0.0,0.0041369639813482765,unicycle
3.033135216317223,7.099717245358842,1.765,0.0,0.0,-0.7513512076180077,0.4455311498130046,-3.5413897799917965e-76,0.0,0.0,0.0,0.004077354082311844,unicycle
3.0396466855924333,7.0936352185860825,1.765,0.0,0.0,-0.7512708552253665,0.4455061218134113,-3.046704125144171e-76,0.0,0.0,0.0,0.004017619632052427,unicycle
3.046158275995793,7.087554051008127,1.765,0.0,0.0,-0.7511916999574381,0.4454812250076801,-2.616302781142374e-76,0.0,0.0,0.0,0.003957763396421388,unicycle
3.052669982119283,7.081473732959551,1.765,0.0,0.0,-0.751113744194538,0.44545646322266386,-2.2428630461353842e-76,0.0,0.0,0.0,0.0038977881450044743,unicycle
3.0591817985995626,7.075394254707844,1.765,0.0,0.0,-0.7510369902615182,0.44543184025389404,-1.9196591268146423e-76,0.0,0.0,0.0,0.0038376966509930132,unicycle
3.0656937201178196,7.069315606454238,1.765,0.0,0.0,-0.7509614404276971,0.4454073598649705,-1.6405757506607877e-76,0.0,0.0,0.0,0.0037774916910546913,unicycle
3.072205741399616,7.063237778334544,1.765,0.0,0.0,-0.7508870969067929,0.4453830257869588,-1.400099248012101e-76,0.0,0.0,0.0,0.0037171760452038714,unicycle
3.078717857214718,7.05716076041999,1.765,0.0,0.0,-0.7508139618568596,0.4453588417177941,-1.1932934473298049e-76,0.0,0.0,0.0,0.0036567524966714827,unicycle
3.085230062376923,7.05108454271807,1.765,0.0,0.0,-0.7507420373802238,0.44533481132169206,-1.0157658745666568e-76,0.0,0.0,0.0,0.003596223831774487,unicycle
3.0917423517438714,7.045009115173405,1.765,0.0,0.0,-0.7506713255234282,0.445310938228568,-8.636283127588703e-77,0.0,0.0,0.0,0.0035355928397849345,unicycle
3.0982547202168544,7.038934467668602,1.765,0.0,0.0,-0.7506018282771721,0.44528722603346205,-7.334546725634194e-77,0.0,0.0,0.0,0.0034748623127986164,unicycle
3.104767162740608,7.03286059002513,1.765,0.0,0.0,-0.75053354757626,0.4452636782959725,-6.222382780437134e-77,0.0,0.0,0.0,0.003414035045603312,unicycle
3.1112796743031024,7.026787472004201,1.765,0.0,0.0,-0.7504664852995493,0.445240298539697,-5.2735002852914e-77,0.0,0.0,0.0,0.0033531138355466557,unicycle
3.1177922499353192,7.020715103307647,1.765,0.0,0.0,-0.7504006432699011,0.4452170902516804,-4.464984123340727e-77,0.0,0.0,0.0,0.0032921014824036326,unicycle
3.1243048847110195,7.014643473578825,1.765,0.0,0.0,-0.7503360232541363,0.44519405688187086,-3.776919862570873e-77,0.0,0.0,0.0,0.0032310007882436985,unicycle
3.130817573746508,7.008572572403508,1.765,0.0,0.0,-0.7502726269629906,0.44517120184258374,-3.1920466822179617e-77,0.0,0.0,0.0,0.003169814557297551,unicycle
3.137330312200382,7.002502389310798,1.765,0.0,0.0,-0.7502104560510741,0.4451485285079728,-2.6954399720155824e-77,0.0,0.0,0.0,0.0031085455958235475,unicycle
3.1438430952732754,6.996432913774035,1.765,0.0,0.0,-0.7501495121168347,0.4451260402135102,-2.2742237743245046e-77,0.0,0.0,0.0,0.0030471967119737866,unicycle
3.150355918207596,6.990364135211721,1.765,0.0,0.0,-0.7500897967025216,0.44510374025547367,-1.9173122934758913e-77,0.0,0.0,0.0,0.0029857707156598534,unicycle
3.1568687762872503,6.984296042988444,1.765,0.0,0.0,-0.7500313112941532,0.44508163189044175,-1.615179071186898e-77,0.0,0.0,0.0,0.0029242704184182754,unicycle
3.1633816648373645,6.978228626415812,1.765,0.0,0.0,-0.7499740573214877,0.445059718334798,-1.3596520397903892e-77,0.0,0.0,0.0,0.002862698633275648,unicycle
3.169894579223992,6.97216187475339,1.765,0.0,0.0,-0.7499180361579953,0.44503800276424227,-1.1437324529657911e-77,0.0,0.0,0.0,0.00280105817461347,unicycle
3.17640751485382,6.96609577720965,1.765,0.0,0.0,-0.7498632491208348,0.4450164883133109,-9.614356080191221e-78,0.0,0.0,0.0,0.0027393518580326962,unicycle
3.1829204671738625,6.960030322942912,1.765,0.0,0.0,-0.7498096974708305,0.4449951780749056,-8.076512773904301e-78,0.0,0.0,0.0,0.00267758250021802,unicycle
3.1894334316711492,6.9539655010623145,1.765,0.0,0.0,-0.7497573824124543,0.4449740750998294,-6.780218318182364e-78,0.0,0.0,0.0,0.002615752918801905,unicycle
3.195946403872405,6.947901300628761,1.765,0.0,0.0,-0.7497063050938098,0.4449531823963328,-5.688361423289034e-78,0.0,0.0,0.0,0.0025538659322283364,unicycle
3.2024593793437206,6.941837710655903,1.765,0.0,0.0,-0.7496564666066173,0.4449325029296671,-4.769374772525357e-78,0.0,0.0,0.0,0.0024919243596163484,unicycle
3.208972353690221,6.935774720111101,1.765,0.0,0.0,-0.7496078679862047,0.4449120396216467,-3.996437523068042e-78,0.0,0.0,0.0,0.0024299310206233344,unicycle
3.2154853225557223,6.929712317916411,1.765,0.0,0.0,-0.7495605102114985,0.4448917953502204,-3.346786381725535e-78,0.0,0.0,0.0,0.002367888735308139,unicycle
3.2219982816223824,6.923650492949562,1.765,0.0,0.0,-0.7495143942050184,0.4448717729490507,-2.801121751065116e-78,0.0,0.0,0.0,0.002305800323993932,unicycle
3.228511226610346,6.917589234044949,1.765,0.0,0.0,-0.749469520832876,0.4448519752071027,-2.343096840538288e-78,0.0,0.0,0.0,0.0022436686071308975,unicycle
3.2350241532773816,6.911528529994626,1.765,0.0,0.0,-0.7494258909047726,0.4448324048682408,-1.9588789588758418e-78,0.0,0.0,0.0,0.002181496405158743,unicycle
3.2415370574185123,6.905468369549299,1.765,0.0,0.0,-0.7493835051740051,0.44481306463083536,-1.636773432973182e-78,0.0,0.0,0.0,0.002119286538369052,unicycle
3.248049934865641,6.899408741419334,1.765,0.0,0.0,-0.7493423643374698,0.44479395714737724,-1.3669017271106498e-78,0.0,0.0,0.0,0.002057041826767447,unicycle
3.254562303105167,6.893350077891415,1.765,0.0,0.0,-0.7493027058052286,0.4447424643602695,-1.1409263624189303e-78,0.0,0.0,0.0,0.001982926612054453,unicycle
3.261072480868371,6.887293919673937,1.765,0.0,0.0,-0.7492653839992747,0.4445769530487214,-9.518161615405539e-79,0.0,0.0,0.0,0.0018660902977015877,unicycle
3.2675776519426107,6.881242848668125,1.765,0.0,0.0,-0.7492318832441386,0.44422041553119496,-7.93646171528013e-79,0.0,0.0,0.0,0.0016750377567987236,unicycle
3.2740743929384446,6.87519999062954,1.765,0.0,0.0,-0.749204092365386,0.44363210221566474,-6.614273548497235e-79,0.0,0.0,0.0,0.0013895439376329813,unicycle
3.280559056338636,6.869168655143788,1.765,0.0,0.0,-0.7491841370357535,0.4427975473003065,-5.50961790580078e-79,0.0,0.0,0.0,0.0009977664816194984,unicycle
3.2870280428385077,6.863152080606614,1.765,0.0,0.0,-0.7491742564792976,0.44172093989736416,-4.587197025091839e-79,0.0,0.0,0.0,0.0004940278227924006,unicycle
3.293477989425417,6.857153259062263,1.765,0.0,0.0,-0.7491767140954373,0.4404193197822891,-3.8173513519633306e-79,0.0,0.0,0.0,-0.00012288080698047183,unicycle
3.2999058937294787,6.851174821360084,1.765,0.0,0.0,-0.7491937338877857,0.4389181902783009,-3.175175399340783e-79,0.0,0.0,0.0,-0.0008509896174075699,unicycle
3.3063091905548947,6.845218967476342,1.765,0.0,0.0,-0.7492274564078291,0.4372482296308355,-2.6397691689966876e-79,0.0,0.0,0.0,-0.0016861260021771912,unicycle
3.3126857928922555,6.839287430279947,1.765,0.0,0.0,-0.7492799093547365,0.4354428518716276,-2.1936049374506716e-79,0.0,0.0,0.0,-0.002622647345373177,unicycle
3.318961041451415,6.833449162307975,1.765,0.0,0.0,-0.7494000863109916,0.4285560566606543,-1.821992103403484e-79,0.0,0.0,0.0,-0.006008847812757689,unicycle
3.3250216110231783,6.827808433580874,1.765,0.0,0.0,-0.7496673074457079,0.4139695777312942,-1.512625296638754e-79,0.0,0.0,0.0,-0.013361056735808483,unicycle
3.3307957046922967,6.82243033528494,1.765,0.0,0.0,-0.7501422444859805,0.3945380214594804,-1.2552031075093269e-79,0.0,0.0,0.0,-0.023746852013636154,unicycle
3.336242228049325,6.817351218350568,1.765,0.0,0.0,-0.7508707146020751,0.37236423017100484,-1.0411066550709241e-79,0.0,0.0,0.0,-0.03642350580471174,unicycle
3.341342450656518,6.812586718629779,1.765,0.0,0.0,-0.75188652274636,0.3489725362441264,-8.631288093568031e-80,0.0,0.0,0.0,-0.050790407214253847,unicycle
3.346093608993586,6.808137871588966,1.765,0.0,0.0,-0.7532136343056259,0.32544489454598113,-7.152462535817189e-80,0.0,0.0,0.0,-0.06635557796329467,unicycle
3.3505040269838235,6.8039957277077665,1.765,0.0,0.0,-0.75486787623797,0.3025274827582985,-5.924277455934953e-80,0.0,0.0,0.0,-0.08271209661721175,unicycle
3.354589422428376,6.800144800319834,1.765,0.0,0.0,-0.7568583042181959,0.28071385827865386,-4.904729413711271e-80,0.0,0.0,0.0,-0.09952139901129496,unicycle
3.358370138578623,6.79656561079913,1.765,0.0,0.0,-0.7591883298829855,0.2603095488855338,-4.058770002080081e-80,0.0,0.0,0.0,-0.11650128323947498,unicycle
3.36186909524183,6.793236540865365,1.765,0.0,0.0,-0.7618566716368982,0.2414819775611153,-3.3571692185800524e-80,0.0,0.0,0.0,-0.1334170876956251,unicycle
3.3651102971149895,6.790135156930884,1.765,0.0,0.0,-0.7648581712757255,0.22429883526061928,-2.7755618815418394e-80,0.0,0.0,0.0,-0.15007498194136876,unicycle
3.3681177712398167,6.787239135304223,1.765,0.0,0.0,-0.7681845043202793,0.20875738278241654,-2.293648108809228e-80,0.0,0.0,0.0,-0.16631665222768016,unicycle
3.370914832593858,6.784526888243682,1.765,0.0,0.0,-0.7718248024683291,0.194806654782423,-1.894523373638534e-80,0.0,0.0,0.0,-0.1820149074024932,unicycle
3.373523598397154,6.781977968013235,1.765,0.0,0.0,-0.7757662004936868,0.18236413146923297,-1.564117468913163e-80,0.0,0.0,0.0,-0.19706990126788826,unicycle
3.37596468888008,6.779573308108055,1.765,0.0,0.0,-0.7799943161643683,0.17132811719778582,-1.2907249465415273e-80,0.0,0.0,0.0,-0.21140578353406358,unicycle
3.378257065923927,6.777295346738838,1.765,0.0,0.0,-0.784493669531473,0.1615868043047864,-1.0646123395452309e-80,0.0,0.0,0.0,-0.22496766835524412,unicycle
3.3804179718554175,6.775128066706128,1.765,0.0,0.0,-0.7892480467009653,0.15302479234276495,-8.776897934540687e-81,0.0,0.0,0.0,-0.23771885847461915,unicycle
3.382462939306209,6.773056977312085,1.765,0.0,0.0,-0.794240812557492,0.14552766704696574,-7.232366942658638e-81,0.0,0.0,0.0,-0.24963829282633898,unicycle
3.384405849882104,6.771069057424064,1.765,0.0,0.0,-0.7994551766042537,0.1389851115618728,-5.9567253637412465e-81,0.0,0.0,0.0,-0.2607182023380861,unicycle
3.386259024779215,6.7691526737999235,1.765,0.0,0.0,-0.8048744159477439,0.13329291791894754,-4.903656716385945e-81,0.0,0.0,0.0,-0.27096196717451504,unicycle
3.3880333347214,6.767297484972338,1.765,0.0,0.0,-0.8104820593866078,0.12835418405348858,-4.0347375953450047e-81,0.0,0.0,0.0,-0.28038217194319714,unicycle
3.3897383199051188,6.765494338101117,1.765,0.0,0.0,-0.8162620364992945,0.12407991639197098,-3.318107316122208e-81,0.0,0.0,0.0,-0.28899885563434036,unicycle
3.391382313210541,6.763735164027755,1.765,0.0,0.0,-0.8221987955340628,0.12038920670281614,-2.7273591988512376e-81,0.0,0.0,0.0,-0.2968379517384121,unicycle
3.3929725619215407,6.762012874139824,1.765,0.0,0.0,-0.8282773937743859,0.11720911164661063,-2.240617025169427e-81,0.0,0.0,0.0,-0.3039299120161708,unicycle
3.3945153447136063,6.760321261445496,1.765,0.0,0.0,-0.8344835638814604,0.11447433200932564,-1.8397661191885075e-81,0.0,0.0,0.0,-0.3103085053537279,unicycle
3.39601608181572,6.758654907370315,1.765,0.0,0.0,-0.8408037595083168,0.11212676412903304,-1.5098134758124583e-81,0.0,0.0,0.0,-0.316009781342828,unicycle
3.397479437108814,6.7570090951421555,1.765,0.0,0.0,-0.847225183245125,0.11011497707248226,-1.238355534794034e-81,0.0,0.0,0.0,-0.3210711868404031,unicycle
3.3989094115529985,6.755379730166508,1.765,0.0,0.0,-0.8537357997017871,0.10839365451592688,-1.0151357025591551e-81,0.0,0.0,0.0,-0.3255308228331094,unicycle
3.4003094277891006,6.753763267467468,1.765,0.0,0.0,-0.860324336270778,0.10692302910435933,-8.316766621227328e-82,0.0,0.0,0.0,-0.3294268284495545,unicycle
3.401682406077773,6.752156646045112,1.765,0.0,0.0,-0.8669802738483212,0.1056683285643448,-6.80974974089921e-82,0.0,0.0,0.0,-0.33279687887716736,unicycle
3.403030831953609,6.750557229850992,1.765,0.0,0.0,-0.8736938295320641,0.10459924643987493,-5.572475345429267e-82,0.0,0.0,0.0,-0.3356777841871466,unicycle
3.404356816107891,6.748962754990137,1.765,0.0,0.0,-0.8804559330636583,0.10368944554214882,-4.557211824748098e-82,0.0,0.0,0.0,-0.3381051765797146,unicycle
3.405662147091678,6.747371282705136,1.765,0.0,0.0,-0.8872581985489687,0.10291609868468822,-3.7245819423529155e-82,0.0,0.0,0.0,-0.340113274265513,unicycle
3.4069483374666008,6.745781157674078,1.765,0.0,0.0,-0.8940928927696963,0.10225946872448383,-3.042116105941708e-82,0.0,0.0,0.0,-0.341734711036387,unicycle
3.408216664035972,6.744190971150871,1.765,0.0,0.0,-0.9009529011996468,0.10170252811991756,-2.4830535171796032e-82,0.0,0.0,0.0,-0.3430004214975254,unicycle
3.4094682027729917,6.7425995284873395,1.765,0.0,0.0,-0.907831692657437,0.10123061696846003,-2.0253491873840054e-82,0.0,0.0,0.0,-0.3439395728895086,unicycle
3.410703859032937,6.741005820596728,1.765,0.0,0.0,-0.9147232833652097,0.10083113766231837,-1.6508518468744232e-82,0.0,0.0,0.0,-0.34457953538864805,unicycle
3.4119243935975905,6.739408998944397,1.765,0.0,0.0,-0.9216222010394205,0.10049328379013248,-1.3446236507973552e-82,0.0,0.0,0.0,-0.3449458837105437,unicycle
3.4131304450567095,6.7378083536809665,1.765,0.0,0.0,-0.928523449514132,0.10020780063387522,-1.0943774839492534e-82,0.0,0.0,0.0,-0.345062423735568,unicycle
3.4143225489859006,6.736203294564151,1.765,0.0,0.0,-0.9354224742883834,0.09996677449804549,-8.900117513380577e-83,0.0,0.0,0.0,-0.3449512387125724,unicycle
3.4155011543348914,6.734593334346693,1.765,0.0,0.0,-0.9423151292957836,0.09976344811398832,-7.232259439750306e-83,0.0,0.0,0.0,-0.3446327503700133,unicycle
3.4166666373962395,6.732978074338304,1.765,0.0,0.0,-0.9491976451151317,0.09959205944855529,-5.872031029798769e-83,0.0,0.0,0.0,-0.3441257909674045,unicycle
3.417819313682946,6.731357191878603,1.765,0.0,0.0,-0.956066598774194,0.09944770138542296,-4.7634766356220266e-83,0.0,0.0,0.0,-0.34344768295311856,unicycle
3.4189594480047387,6.729730429485588,1.765,0.0,0.0,-0.9629188852433544,0.09932619991849634,-3.8606912252510994e-83,0.0,0.0,0.0,-0.3426143234580227,unicycle
3.420087262997307,6.728097585469605,1.765,0.0,0.0,-0.9697516906703723,0.09922400868476834,-3.1260360446426727e-83,0.0,0.0,0.0,-0.3416402713508968,unicycle
3.421202946326576,6.726458505826351,1.765,0.0,0.0,-0.9765624673706699,0.09913811785787975,-2.5286675785285367e-83,0.0,0.0,0.0,-0.34053883501487797,unicycle
3.4223066567611364,6.724813077243868,1.765,0.0,0.0,-0.9833489105582476,0.09906597561576627,-2.0433253870228477e-83,0.0,0.0,0.0,-0.3393221593788903,unicycle
3.423398529280178,6.7231612210779765,1.765,0.0,0.0,-0.9901089367794308,0.09900542058098923,-1.649333748797113e-83,0.0,0.0,0.0,-0.3380013110591703,unicycle
3.424478679361358,6.721502888168074,1.765,0.0,0.0,-0.9968406639942057,0.09895462380726408,-1.3297798050490478e-83,0.0,0.0,0.0,-0.3365863607387558,unicycle
3.4255472065729444,6.719838054381017,1.765,0.0,0.0,-1.0035423932370522,0.09891203904832882,-1.0708373388612835e-83,0.0,0.0,0.0,-0.335086462142325,unicycle
3.4266041975769,6.7181667167847765,1.765,0.0,0.0,-1.0102125917801525,0.09887636019463009,-8.612106648711438e-84,0.0,0.0,0.0,-0.3335099271550197,unicycle
3.427649728634211,6.716488890366079,1.765,0.0,0.0,-1.0168498777159845,0.09884648489905869,-6.916775303016597e-84,0.0,0.0,0.0,-0.3318642967915854,unicycle
3.428683867690389,6.714804605217258,1.765,0.0,0.0,-1.023453005872998,0.09882148353534441,-5.547135951444309e-84,0.0,0.0,0.0,-0.3301564078506888,unicycle
3.4297066761075192,6.713113904127317,1.765,0.0,0.0,-1.0300208549768513,0.098800572742266,-4.441840955252692e-84,0.0,0.0,0.0,-0.3283924551926489,unicycle
3.4307182100992555,6.711416840520777,1.765,0.0,0.0,-1.036552415970065,0.09878309290429979,-3.5509080728028053e-84,0.0,0.0,0.0,-0.32657804966069404,unicycle
3.431718521916588,6.709713476695425,1.765,0.0,0.0,-1.0430467814046547,0.09876848900560022,-2.8336450573536242e-84,0.0,0.0,0.0,-0.32471827172947665,unicycle
3.4327076608248723,6.708003882316672,1.765,0.0,0.0,-1.0495031358249116,0.09875629437021473,-2.256948367842157e-84,0.0,0.0,0.0,-0.32281772101286255,unicycle
3.4336856739062993,6.706288133131991,1.765,0.0,0.0,-1.0559207470608811,0.09874611686813442,-1.7939093523077611e-84,0.0,0.0,0.0,-0.32088056179848523,unicycle
3.434652606716658,6.704566309873939,1.765,0.0,0.0,-1.0622989583569102,0.09873762722510032,-1.422673001918717e-84,0.0,0.0,0.0,-0.3189105648014543,unicycle
3.4356085038206556,6.702838497324618,1.765,0.0,0.0,-1.0686371812638271,0.09873054912491275,-1.1255040664295018e-84,0.0,0.0,0.0,-0.3169111453458524,unicycle
3.436553409226194,6.701104783518231,1.765,0.0,0.0,-1.0749348892276651,0.09872465083715919,-8.88023321991207e-85,0.0,0.0,0.0,-0.314885398191895,unicycle
3.4374873667347203,6.699365259061691,1.765,0.0,0.0,-1.0811916118122706,0.09871973814155795,-6.985833820534436e-85,0.0,0.0,0.0,-0.31283612923027876,unicycle
3.4384104202219965,6.697620016556055,1.765,0.0,0.0,-1.0874069294975603,0.09871564835321248,-5.477588841267336e-85,0.0,0.0,0.0,-0.3107658842644964,unicycle
3.439322613861272,6.69586915010404,1.765,0.0,0.0,-1.093580468999515,0.09871224528162528,-4.27930370363414e-85,0.0,0.0,0.0,-0.30867697509775127,unicycle
3.440223991157935,6.69411275430692,1.765,0.0,0.0,-1.0997131975713692,0.09870941498090305,-3.32944874699287e-85,0.0,0.0,0.0,-0.30663642859272844,unicycle
3.4411145933618936,6.692350923070962,1.765,0.0,0.0,-1.105806763624298,0.09870706216970869,-2.578392714697537e-85,0.0,0.0,0.0,-0.30467830264643614,unicycle
3.441994459685852,6.690583749446027,1.765,0.0,0.0,-1.111862040316409,0.0987051072176362,-1.986149439976711e-85,0.0,0.0,0.0,-0.30276383460554324,unicycle
3.4428636285903127,6.688811326040669,1.765,0.0,0.0,-1.1178793452426634,0.09870348361020237,-1.5205439095903928e-85,0.0,0.0,0.0,-0.300865246312735,unicycle
3.443722138717758,6.687033745269725,1.765,0.0,0.0,-1.1238586072037458,0.09870213581791845,-1.1557208134016644e-85,0.0,0.0,0.0,-0.2989630980541255,unicycle
3.4445700295572634,6.685251099481588,1.765,0.0,0.0,-1.1297994919813288,0.09870101750623517,-8.709325994051057e-86,0.0,0.0,0.0,-0.2970442388791712,unicycle
3.4454073419031124,6.683463481000707,1.765,0.0,0.0,-1.1357014964432528,0.09870009003281517,-6.495554787026534e-86,0.0,0.0,0.0,-0.29510022309620565,unicycle
3.446234118157014,6.681670982111785,1.765,0.0,0.0,-1.1415640182574807,0.09869932118681522,-4.782912027996321e-86,0.0,0.0,0.0,-0.2931260907113855,unicycle
3.4470504025125384,6.679873695005395,1.765,0.0,0.0,-1.1473864068892494,0.09869868413185809,-3.465201289940408e-86,0.0,0.0,0.0,-0.29111943158842674,unicycle
3.4478562410517415,6.678071711699452,1.765,0.0,0.0,-1.153168000297716,0.09869815652032045,-2.4577739761386394e-86,0.0,0.0,0.0,-0.2890796704233363,unicycle
3.4486516817771506,6.67626512394705,1.765,0.0,0.0,-1.1589081507626722,0.09869771975160921,-1.6932921397154608e-86,0.0,0.0,0.0,-0.2870075232478103,unicycle
3.44943677459697,6.674454023138185,1.765,0.0,0.0,-1.1646062425003105,0.09869735835137707,-1.1183046131353105e-86,0.0,0.0,0.0,-0.28490458688192155,unicycle
3.4502115712771864,6.672638500200641,1.765,0.0,0.0,-1.170261703123709,0.09869705945225168,-6.904833607212397e-87,0.0,0.0,0.0,-0.28277303116992725,unicycle
3.4509761253710005,6.670818645503648,1.765,0.0,0.0,-1.1758740105325143,0.09869681235971926,-3.763953112048635e-87,0.0,0.0,0.0,-0.2806153704402583,unicycle
3.4517304921334744,6.668994548766665,1.765,0.0,0.0,-1.1814426964488436,0.09869660818939566,-1.4970809823655569e-87,0.0,0.0,0.0,-0.27843429581646195,unicycle
3.4524747284273016,6.667166298974759,1.765,0.0,0.0,-1.1869673475303042,0.09869643956410777,1.0252933275679674e-88,0.0,0.0,0.0,-0.2762325540730351,unicycle
3.4532088926240934,6.6653339843013475,1.765,0.0,0.0,-1.1924476047686527,0.098696300361056,1.196636420849791e-87,0.0,0.0,0.0,-0.2740128619174327,unicycle
3.4539330445043714,6.663497692038667,1.765,0.0,0.0,-1.1978831617101553,0.09869618550088723,1.911305043589367e-87,0.0,0.0,0.0,-0.27177784707512176,unicycle
3.4546472451585815,6.661657508535928,1.765,0.0,0.0,-1.2032737619002856,0.09869609077182093,2.34434823112312e-87,0.0,0.0,0.0,-0.26953000950649963,unicycle
3.455351556890713,6.659813519144953,1.765,0.0,0.0,-1.208619195852474,0.09869601268307691,2.57127654134194e-87,0.0,0.0,0.0,-0.26727169760943065,unicycle
3.4560460431256157,6.657965808172917,1.765,0.0,0.0,-1.2139192977614919,0.0986959483427834,2.650045500734904e-87,0.0,0.0,0.0,-0.26500509545089385,unicycle
3.4567307683206896,6.656114458841743,1.765,0.0,0.0,-1.2191739421214522,0.09869589535632688,2.6248367695105646e-87,0.0,0.0,0.0,-0.2627322179980166,unicycle
3.457405797882331,6.654259553253631,1.765,0.0,0.0,-1.224383040362241,0.09869585174176217,2.529063481355424e-87,0.0,0.0,0.0,-0.2604549120394385,unicycle
3.4580711980873087,6.6524011723622225,1.765,0.0,0.0,-1.2295465375831849,0.09869581585945354,2.387753584917286e-87,0.0,0.0,0.0,-0.258174861047193,unicycle
3.458727036009076,6.650539395948862,1.765,0.0,0.0,-1.2346644094364299,0.09869578635358041,2.21943529476134e-87,0.0,0.0,0.0,-0.25589359266224493,unicycle
3.4593733794489223,6.64867430260348,1.765,0.0,0.0,-1.2397366591928511,0.09869576210352998,2.0376246642300124e-87,0.0,0.0,0.0,-0.2536124878210674,unicycle
3.4600102968717854,6.646805969709597,1.765,0.0,0.0,-1.2447633150088084,0.09869574218352486,1.8519957752880975e-87,0.0,0.0,0.0,-0.2513327907978578,unicycle
3.4606378573464966,6.644934473433031,1.765,0.0,0.0,-1.2497444274014917,0.09869572582910596,1.669298246681724e-87,0.0,0.0,0.0,-0.24905561963417286,unicycle
3.4612561304902045,6.643059888713892,1.765,0.0,0.0,-1.2546800669330562,0.09869571240931976,1.4940739942348287e-87,0.0,0.0,0.0,-0.24678197657823614,unicycle
3.461865186416706,6.641182289261484,1.765,0.0,0.0,-1.2595703220984638,0.09869570140364976,1.3292148670538817e-87,0.0,0.0,0.0,-0.24451275827038318,unicycle
3.4624650956884078,6.639301747551792,1.765,0.0,0.0,-1.2644152974084082,0.0986956923828916,1.1763944671955592e-87,0.0,0.0,0.0,-0.24224876549722416,unicycle
3.463055929271643,6.637418334827225,1.765,0.0,0.0,-1.2692151116564385,0.09869568499330511,1.0364007603635886e-87,0.0,0.0,0.0,-0.23999071240151523,unicycle
3.463637758495085,6.635532121098372,1.765,0.0,0.0,-1.2739698963580872,0.09869567894348794,9.093906941126688e-88,0.0,0.0,0.0,-0.23773923508242242,unicycle
3.4642106550109983,6.633643175147497,1.765,0.0,0.0,-1.2786797943492016,0.09869567399350805,7.95083707917194e-88,0.0,0.0,0.0,-0.23549489955572322,unicycle
3.464774690759097,6.631751564533568,1.765,0.0,0.0,-1.2833449585305725,0.09869566994591095,6.929075432189937e-88,0.0,0.0,0.0,-0.23325820906855027,unicycle
3.46532993793278,6.629857355598628,1.765,0.0,0.0,-1.2879655507461905,0.09869566663828136,6.021069763102502e-88,0.0,0.0,0.0,-0.23102961078088952,unicycle
3.465876468947548,6.627960613475328,1.765,0.0,0.0,-1.292541740782951,0.09869566393709361,5.218238688758665e-88,0.0,0.0,0.0,-0.22880950183802157,unicycle
3.4664143564113994,6.626061402095474,1.765,0.0,0.0,-1.297073705480268,0.09869566173262984,4.5115515180723436e-88,0.0,0.0,0.0,-0.2265982348658528,unicycle
3.466943673097044,6.624159784199453,1.765,0.0,0.0,-1.301561627938782,0.0986956599347825,3.8919393973082327e-88,0.0,0.0,0.0,-0.22439612292570785,unicycle
3.4674644919157673,6.622255821346418,1.765,0.0,0.0,-1.3060056968181315,0.09869565846958904,3.3505784556966126e-88,0.0,0.0,0.0,-0.22220344396747874,unicycle
3.467976885892804,6.6203495739251395,1.765,0.0,0.0,-1.3104061057145455,0.09869565727637213,2.879076690019873e-88,0.0,0.0,0.0,-0.2200204448206912,unicycle
3.4684809281440896,6.6184411011653985,1.765,0.0,0.0,-1.3147630526097962,0.09869565630538113,2.469589235910603e-88,0.0,0.0,0.0,-0.21784734476253861,unicycle
3.4689766918542686,6.616530461149887,1.765,0.0,0.0,-1.3190767393838083,0.09869565551584751,2.1148810729833272e-88,0.0,0.0,0.0,-0.21568433870061746,unicycle
3.46946425025586,6.614617710826504,1.765,0.0,0.0,-1.3233473713839337,0.09869565487438257,1.8083517999493075e-88,0.0,0.0,0.0,-0.21353160000625035,unicycle
3.469943676609473,6.612702906021011,1.765,0.0,0.0,-1.3275751570445757,0.09869565435365775,1.5440336527567892e-88,0.0,0.0,0.0,-0.21138928303211282,unicycle
3.4704150441849984,6.610786101449976,1.765,0.0,0.0,-1.3317603075514866,0.09869565393131823,1.3165712293800127e-88,0.0,0.0,0.0,-0.20925752534553366,unicycle
3.470878426243682,6.608867350733971,1.765,0.0,0.0,-1.3359030365456148,0.09869565358908915,1.1211892734274194e-88,0.0,0.0,0.0,-0.20713644970643158,unicycle
3.471333896021029,6.606946706410965,1.765,0.0,0.0,-1.3400035598619442,0.09869565331204046,9.536532305640557e-89,0.0,0.0,0.0,-0.20502616581645788,unicycle
3.471781526710458,6.605024219949895,1.765,0.0,0.0,-1.3440620952992162,0.09869565308798274,8.102260271702094e-89,0.0,0.0,0.0,-0.20292677186359145,unicycle
3.472221391447664,6.603099941764366,1.765,0.0,0.0,-1.3480788624169002,0.09869565290697088,6.87623550149981e-89,0.0,0.0,0.0,-0.20083835588421312,unicycle
3.4726535632956295,6.601173921226457,1.765,0.0,0.0,-1.3520540823561522,0.09869565276089644,5.82970567012322e-89,0.0,0.0,0.0,-0.1987609969625966,unicycle
3.4730781152302432,6.599246206680611,1.765,0.0,0.0,-1.3559879776818684,0.09869565264315319,4.937582659245332e-89,0.0,0.0,0.0,-0.1966947662858026,unicycle
3.4734951201264823,6.597316845457583,1.765,0.0,0.0,-1.3598807722432718,0.09869565254836281,4.178041764572753e-89,0.0,0.0,0.0,-0.19463972807015897,unicycle
3.47390465074513,6.595385883888423,1.765,0.0,0.0,-1.3637326910507488,0.09869565247215005,3.532149216156106e-89,0.0,0.0,0.0,-0.19259594037385153,unicycle
3.4743067797199827,6.593453367318487,1.765,0.0,0.0,-1.3675439601669215,0.09869565241095843,2.9835202556340603e-89,0.0,0.0,0.0,-0.19056345580863382,unicycle
3.4747015795455343,6.59151934012145,1.765,0.0,0.0,-1.3713148066101672,0.09869565236189946,2.5180083959685306e-89,0.0,0.0,0.0,-0.18854232216228656,unicycle
3.475089122565093,6.589583845713313,1.765,0.0,0.0,-1.3750454582690113,0.09869565232262914,2.1234253603844847e-89,0.0,0.0,0.0,-0.18653258294220626,unicycle
3.475469480959323,6.587646926566393,1.765,0.0,0.0,-1.3787361438259988,0.09869565229124701,1.7892904380018912e-89,0.0,0.0,0.0,-0.18453427784937484,unicycle
3.4758427267351806,6.5857086242232805,1.765,0.0,0.0,-1.3823870926898176,0.09869565226621373,1.506607510643414e-89,0.0,0.0,0.0,-0.18254744319094476,unicycle
3.47620893171523,6.583768979310756,1.765,0.0,0.0,-1.3859985349345927,0.09869565224628363,1.2676677261999961e-89,0.0,0.0,0.0,-0.18057211223875985,unicycle
3.4765681675273177,6.581828031553662,1.765,0.0,0.0,-1.3895707012453993,0.09869565223044971,1.065875663036876e-89,0.0,0.0,0.0,-0.17860831554031364,unicycle
3.476920505594593,6.579885819788716,1.765,0.0,0.0,-1.3931038228691575,0.09869565221789879,8.955968045884893e-90,0.0,0.0,0.0,-0.17665608118791282,unicycle
3.47726601712586,6.577942381978267,1.765,0.0,0.0,-1.3965981315701805,0.09869565220797497,7.5202419112154505e-90,0.0,0.0,0.0,-0.17471543505115825,unicycle
3.4776047731062505,6.575997755223972,1.765,0.0,0.0,-1.4000538595897258,0.09869565220014978,6.310622122300337e-90,0.0,0.0,0.0,-0.1727864009772717,unicycle
3.4779368442881964,6.574051975780412,1.765,0.0,0.0,-1.4034712396089917,0.098695652193998,5.2922563076266806e-90,0.0,0.0,0.0,-0.170869000963274,unicycle
3.4782623011827054,6.572105079068614,1.765,0.0,0.0,-1.4068505047150628,0.09869565218917799,4.435520731743981e-90,0.0,0.0,0.0,-0.16896325530355827,unicycle
3.4785812140509194,6.570157099689501,1.765,0.0,0.0,-1.4101918883693825,0.09869565218541551,3.7152637303668924e-90,0.0,0.0,0.0,-0.1670691827159864,unicycle
3.4789110949272826,6.568099542324499,1.765,0.0,0.0,-1.4134536624011105,0.10419174094902667,3.110153067584377e-90,0.0,0.0,0.0,-0.16308870158640387,unicycle
3.4792776968059256,6.5657653318152835,1.765,0.0,0.0,-1.4165720242196647,0.11814123076734018,2.6021140872610764e-90,0.0,0.0,0.0,-0.15591809092768913,unicycle
3.479696061714644,6.563047899847654,1.765,0.0,0.0,-1.4195073974054921,0.1374724620014725,2.1758469394482185e-90,0.0,0.0,0.0,-0.14676865929136948,unicycle
3.4801737761641407,6.559885423778941,1.765,0.0,0.0,-1.4222380138562116,0.15991773147919125,1.8184124792738772e-90,0.0,0.0,0.0,-0.13653082253597476,unicycle
3.480713378235369,6.556248666033963,1.765,0.0,0.0,-1.4247549842475808,0.18382861873928685,1.5188776499100077e-90,0.0,0.0,0.0,-0.12584851956845303,unicycle
3.4813141009295627,6.552131646737639,1.765,0.0,0.0,-1.427058534582657,0.20803078676212117,1.2680122687170204e-90,0.0,0.0,0.0,-0.11517751675380992,unicycle
3.481973111395327,6.547544540365313,1.765,0.0,0.0,-1.429155153582314,0.23171020441489043,1.0580301369221115e-90,0.0,0.0,0.0,-0.10483094998286234,unicycle
3.482686375792859,6.542508312480781,1.765,0.0,0.0,-1.4310554490812022,0.2543243263600785,8.823682916300122e-91,0.0,0.0,0.0,-0.09501477494441547,unicycle
3.4834492511517374,6.537050712438145,1.765,0.0,0.0,-1.4327725541368628,0.2755330492878959,7.354990200244239e-91,0.0,0.0,0.0,-0.08585525278302844,unicycle
3.484256881185381,6.531203317660108,1.765,0.0,0.0,-1.434320957407514,0.2951452986378278,6.127699659314206e-91,0.0,0.0,0.0,-0.0774201635325533,unicycle
3.4851044532752193,6.524999388874576,1.765,0.0,0.0,-1.4357156592492606,0.31307793430256226,5.102682857476801e-91,0.0,0.0,0.0,-0.06973509208730874,unicycle
3.4859873584520975,6.518472346675577,1.765,0.0,0.0,-1.4369715763243622,0.32932433527281296,4.247053615657969e-91,0.0,0.0,0.0,-0.06279585375507352,unicycle
3.486901284540067,6.511654720485388,1.765,0.0,0.0,-1.4381031344194228,0.3439305628032207,3.533190615586259e-91,0.0,0.0,0.0,-0.05657790475303174,unicycle
3.487842263966321,6.504577453439152,1.765,0.0,0.0,-1.4391240025436578,0.35697743469045273,2.937909584431043e-91,0.0,0.0,0.0,-0.0510434062117413,unicycle
3.4888066914097045,6.497269472506266,1.765,0.0,0.0,-1.4400469319315428,0.36856719016339656,2.4417628285871925e-91,0.0,0.0,0.0,-0.046146469394239394,unicycle
3.4897913218904715,6.489757453609806,1.765,0.0,0.0,-1.4408836718862894,0.3788137023439131,2.028447060179138e-91,0.0,0.0,0.0,-0.041836997737335395,unicycle
3.49079325663966,6.482065727662587,1.765,0.0,0.0,-1.4416449409307073,0.3878354167506162,1.6843032075286976e-91,0.0,0.0,0.0,-0.03806345222088397,unicycle
3.4918099217747898,6.474216286161295,1.765,0.0,0.0,-1.4423404368477162,0.3957503708288342,1.3978942730906526e-91,0.0,0.0,0.0,-0.03477479585043504,unicycle
3.4928247838677513,6.466338205232442,1.765,0.0,0.0,-1.4430214117794773,0.39715899406751626,1.159649346194187e-91,0.0,0.0,0.0,-0.03404874658807305,unicycle
3.493813825191876,6.458617272801364,1.765,0.0,0.0,-1.443761563724312,0.3892011148243095,9.61563635384695e-92,0.0,0.0,0.0,-0.03700759724172052,unicycle
3.494761009861238,6.451176181030507,1.765,0.0,0.0,-1.444610698765823,0.37505669211814724,7.96945893642462e-92,0.0,0.0,0.0,-0.04245675207556131,unicycle
3.4956563100166207,6.444090684179444,1.765,0.0,0.0,-1.445600714787564,0.35709183748965795,6.602059023615547e-92,0.0,0.0,0.0,-0.049500801087048185,unicycle
3.4964941908811253,6.437402086992192,1.765,0.0,0.0,-1.446750188276462,0.3370436977590364,5.466757858613699e-92,0.0,0.0,0.0,-0.057473674444901215,unicycle
3.497272430104802,6.431126839427517,1.765,0.0,0.0,-1.4480678841137113,0.3161660721548079,4.5245987295663826e-92,0.0,0.0,0.0,-0.0658847918624633,unicycle
3.4979911925406135,6.4252638585487505,1.765,0.0,0.0,-1.4495554353837972,0.29534374319543877,3.743086280938793e-92,0.0,0.0,0.0,-0.07437756350428168,unicycle
3.498652306801362,6.4198000724224835,1.765,0.0,0.0,-1.4512093839243732,0.2751819298406638,3.095128612625059e-92,0.0,0.0,0.0,-0.08269742702879646,unicycle
3.4992587042409355,6.414714579078536,1.765,0.0,0.0,-1.4530227288160045,0.2560760023583878,2.55815010241118e-92,0.0,0.0,0.0,-0.09066724458154972,unicycle
3.499813989608526,6.409981731689203,1.765,0.0,0.0,-1.4549860963754213,0.23826557422777886,2.113347854193386e-92,0.0,0.0,0.0,-0.09816837797085703,unicycle
3.5003221183072175,6.405573395491438,1.765,0.0,0.0,-1.4570886192349473,0.22187626090358356,1.7450688913004185e-92,0.0,0.0,0.0,-0.10512614297629344,unicycle
3.5007871593620457,6.401460569546565,1.765,0.0,0.0,-1.4593185920346214,0.2069517306935008,1.4402887908022494e-92,0.0,0.0,0.0,-0.11149863998369342,unicycle
3.501213126557834,6.397614524676526,1.765,0.0,0.0,-1.4616639557809459,0.19347813867466937,1.188175485025568e-92,0.0,0.0,0.0,-0.11726818731622424,unicycle
3.501603863062236,6.3940075757541015,1.765,0.0,0.0,-1.464112650996244,0.18140260556258023,9.797245215910778e-93,0.0,0.0,0.0,-0.12243476076491527,unicycle
3.5019629673413766,6.3906135802592825,1.765,0.0,0.0,-1.4666528705880224,0.1706470594946771,8.074542425757878e-93,0.0,0.0,0.0,-0.12701097958891194,unicycle
3.5022937503598555,6.387408234267611,1.765,0.0,0.0,-1.469273236282874,0.16111848336781148,6.6515117634618435e-93,0.0,0.0,0.0,-0.1310182847425926,unicycle
3.502599215957943,6.3843692206946105,1.765,0.0,0.0,-1.4719629170102284,0.15271639034969675,5.476574830465483e-93,0.0,0.0,0.0,-0.1344840363677222,unicycle
3.5028820579325135,6.381476251786256,1.765,0.0,0.0,-1.4747117034135702,0.1453381746771159,4.506936000692361e-93,0.0,0.0,0.0,-0.1374393201670923,unicycle
3.5031446687317414,6.378711037797916,1.765,0.0,0.0,-1.4775100494220992,0.13888284512444693,3.707103340930274e-93,0.0,0.0,0.0,-0.139917300426449,unicycle
3.503389155827244,6.37605720596572,1.765,0.0,0.0,-1.4803490893118707,0.1332535375150503,3.0476557297056433e-93,0.0,0.0,0.0,-0.14195199448858292,unicycle
3.5036173627747806,6.373500187783069,1.765,0.0,0.0,-1.4832206367513137,0.1283591146540652,2.50421570684847e-93,0.0,0.0,0.0,-0.1435773719721431,unicycle
3.5038404799684746,6.370916683829936,1.765,0.0,0.0,-1.4860750394963032,0.1296560693097486,2.056594145535965e-93,0.0,0.0,0.0,-0.1427201372494752,unicycle
3.504073638072969,6.368125431983109,1.765,0.0,0.0,-1.4888410936570242,0.14004869310593365,1.6880783516801925e-93,0.0,0.0,0.0,-0.13830270803606382,unicycle
3.50432555735927,6.365008189115992,1.765,0.0,0.0,-1.491472503098093,0.15637033017097698,1.3848398259592804e-93,0.0,0.0,0.0,-0.13157047205345102,unicycle
3.504600576454312,6.361493499381721,1.765,0.0,0.0,-1.493941442782862,0.17627170606937742,1.1354418103711244e-93,0.0,0.0,0.0,-0.12344698423843775,unicycle
3.504900149108847,6.3575441561120485,1.765,0.0,0.0,-1.496233595562948,0.1980344850356328,9.304300013491116e-94,0.0,0.0,0.0,-0.11460763900430519,unicycle
3.5052239137393624,6.353147571839933,1.765,0.0,0.0,-1.4983443463845332,0.22042449962169972,7.619925445005745e-94,0.0,0.0,0.0,-0.10553754107927767,unicycle
3.5055704360003945,6.348308431890944,1.765,0.0,0.0,-1.5002758830169072,0.24257658811764463,6.236777157675957e-94,0.0,0.0,0.0,-0.09657683161869315,unicycle
3.5059377098475855,6.343043135161325,1.765,0.0,0.0,-1.5020350044651758,0.2639045609388701,5.101596110381944e-94,0.0,0.0,0.0,-0.08795607241344312,unicycle
3.506323485257608,6.337375628075193,1.765,0.0,0.0,-1.5036314797851913,0.284031099055136,4.170437706342561e-94,0.0,0.0,0.0,-0.07982376600077988,unicycle
3.5067254746149272,6.33133431958786,1.765,0.0,0.0,-1.505076833152389,0.3027334226030701,3.4070600695923053e-94,0.0,0.0,0.0,-0.07226766835987512,unicycle
3.507141476163528,6.32494983058423,1.765,0.0,0.0,-1.5063834574202546,0.31990140258287036,2.7815882524644957e-94,0.0,0.0,0.0,-0.06533121339327144,unicycle
3.5075694421326107,6.318253383346405,1.765,0.0,0.0,-1.50756397938387,0.33550546086749006,2.2694076443478424e-94,0.0,0.0,0.0,-0.059026098180774145,unicycle
3.5080075109405926,6.311275678511336,1.765,0.0,0.0,-1.508630816620461,0.34957214449208823,1.8502476766746293e-94,0.0,0.0,0.0,-0.05334186182955817,unicycle
3.508454016832464,6.304046140178206,1.765,0.0,0.0,-1.5095958789801525,0.36216569444670765,1.5074234493150005e-94,0.0,0.0,0.0,-0.04825311798457893,unicycle
3.5089074859547904,6.296592436226091,1.765,0.0,0.0,-1.5104703782428355,0.37337427738272694,1.2272083506345127e-94,0.0,0.0,0.0,-0.04372496313415498,unicycle
3.509366624809352,6.288940201815039,1.765,0.0,0.0,-1.511264717699839,0.3832998273529892,9.98315284765594e-95,0.0,0.0,0.0,-0.03971697285017602,unicycle
3.5098303049105595,6.281112910559154,1.765,0.0,0.0,-1.5119884399097416,0.3920506674022804,8.114679038716114e-95,0.0,0.0,0.0,-0.03618611049512388,unicycle
3.5102975460371306,6.273131850860247,1.765,0.0,0.0,-1.51265021597477,0.39973625842708627,6.590463949906677e-95,0.0,0.0,0.0,-0.03308880325141554,unicycle
3.510767499513638,6.26501617508652,1.765,0.0,0.0,-1.5132578636747867,0.4064635640736019,5.347949948390074e-95,0.0,0.0,0.0,-0.03038238500083535,unicycle
3.511239432334646,6.256782997245658,1.765,0.0,0.0,-1.5138183849093123,0.41233463269345494,4.335805891292972e-95,0.0,0.0,0.0,-0.028026061726265494,unicycle
3.5117127125469976,6.248447520996237,1.765,0.0,0.0,-1.5143380153176123,0.4174450863062389,3.511935686380409e-95,0.0,0.0,0.0,-0.025981520414987976,unicycle
3.5121867960596345,6.240023184635101,1.765,0.0,0.0,-1.5148222808187979,0.42188327678947224,2.8418362358081077e-95,0.0,0.0,0.0,-0.024213275059278946,unicycle
3.512661214903295,6.231521813387205,1.765,0.0,0.0,-1.5152760572545918,0.4257299248872876,2.2972441192099036e-95,0.0,0.0,0.0,-0.02268882178969833,unicycle
3.513135566879312,6.222953772144509,1.765,0.0,0.0,-1.5157036304195617,0.4290581011224788,1.855020787270819e-95,0.0,0.0,0.0,-0.02137865824849234,unicycle
3.513609506493875,6.214328113940111,1.765,0.0,0.0,-1.5161087546007892,0.43193344174197923,1.4962346823544032e-95,0.0,0.0,0.0,-0.02025620906137809,unicycle
3.5140827370559324,6.205652721052479,1.765,0.0,0.0,-1.5164947083794493,0.43441451937261694,1.205405875989837e-95,0.0,0.0,0.0,-0.019297688933002075,unicycle
3.5145550038133004,6.196934436830947,1.765,0.0,0.0,-1.5168643469167533,0.43655330867347897,9.698847620122848e-96,0.0,0.0,0.0,-0.018481926865212717,unicycle
3.5150260880060973,6.188179187211253,1.765,0.0,0.0,-1.517220150292588,0.438395703192042,7.793412755509147e-96,0.0,0.0,0.0,-0.01779016879172779,unicycle
3.515495801725362,6.179392091522608,1.765,0.0,0.0,-1.517564267715595,0.4399820518600611,6.253451940480885e-96,0.0,0.0,0.0,-0.017205871150364607,unicycle
3.515963983475198,6.1705775626336985,1.765,0.0,0.0,-1.5178985576009245,0.4413476928961192,5.010214604432622e-96,0.0,0.0,0.0,-0.016714494266491707,unicycle
3.516430494347667,6.161739396789299,1.765,0.0,0.0,-1.5182246236340036,0.4425234699460312,4.007672698964582e-96,0.0,0.0,0.0,-0.016303301653954674,unicycle
3.5168952147301478,6.152880853687397,1.765,0.0,0.0,-1.518543847019171,0.4435362205907616,3.200199792305012e-96,0.0,0.0,0.0,-0.01596116925838567,unicycle
3.5173580414745724,6.144004727466108,1.765,0.0,0.0,-1.518857415161552,0.4444092312804357,2.550668151837293e-96,0.0,0.0,0.0,-0.01567840711905371,unicycle
3.517818885466756,6.13511340933156,1.765,0.0,0.0,-1.519166347057315,0.4451626556251694,2.0288894219005496e-96,0.0,0.0,0.0,-0.015446594788152633,unicycle
3.518277669541862,6.126208942578411,1.765,0.0,0.0,-1.5194715156778216,0.4458138950349103,1.6103375973221108e-96,0.0,0.0,0.0,-0.015258431025357986,unicycle
3.5187343266989752,6.11729307074624,1.765,0.0,0.0,-1.5197736676319387,0.44637794214432314,1.2751038066838286e-96,0.0,0.0,0.0,-0.015107597705839169,unicycle
3.5191887985738473,6.108367279627019,1.765,0.0,0.0,-1.520073440381603,0.4468676884358246,1.0070413458651844e-96,0.0,0.0,0.0,-0.014988637483214683,unicycle
3.519641034134204,6.0994328337982,1.765,0.0,0.0,-1.5203713772713958,0.4472941981016095,7.930667677483074e-97,0.0,0.0,0.0,-0.014896844489629106,unicycle
3.5200909885667073,6.09049080830792,1.765,0.0,0.0,-1.5206679406153532,0.4476669505548953,6.225889082622671e-97,0.0,0.0,0.0,-0.01482816719786723,unicycle
3.5205386223287074,6.0815421160870695,1.765,0.0,0.0,-1.5209635230651117,0.44799405418177035,4.870427360837503e-97,0.0,0.0,0.0,-0.014779122487917799,unicycle
3.5209781660461466,6.07269906422383,1.765,0.0,0.0,-1.5213009159783757,0.44269844612089343,3.7950903877760135e-97,0.0,0.0,0.0,-0.016869645663198693,unicycle
3.5214005405800273,6.064133862116963,1.765,0.0,0.0,-1.5217458640857382,0.42878050501292325,2.944043555358635e-97,0.0,0.0,0.0,-0.022247405368121604,unicycle
3.521799538473368,6.055956297316644,1.765,0.0,0.0,-1.5223405681556756,0.4093646521070801,2.2722836306983324e-97,0.0,0.0,0.0,-0.029735203496873273,unicycle
3.522171233672611,6.0482300668274345,1.765,0.0,0.0,-1.5231097695314015,0.3867583155009607,1.7435822178159507e-97,0.0,0.0,0.0,-0.03846006878628251,unicycle
3.5225135015873854,6.040985356510078,1.765,0.0,0.0,-1.5240654138759138,0.36263955558934463,1.3288128104072278e-97,0.0,0.0,0.0,-0.04778221722559911,unicycle
3.5228256111219673,6.034228469905676,1.765,0.0,0.0,-1.5252102125716924,0.3382045754538458,1.0045909708344085e-97,0.0,0.0,0.0,-0.057239934788925625,unicycle
3.5231078748414424,6.027949145110571,1.765,0.0,0.0,-1.5265403503102886,0.31428330577283714,7.521699410434628e-98,0.0,0.0,0.0,-0.0665068869298128,unicycle
3.5233613525369094,6.022126067252977,1.765,0.0,0.0,-1.5280475326432605,0.29142963605602556,5.5654447547265367e-98,0.0,0.0,0.0,-0.07535911664858211,unicycle
3.5235876055901993,6.016730978812053,1.765,0.0,0.0,-1.5297205243821625,0.26999155787918927,4.0572428882100326e-98,0.0,0.0,0.0,-0.08364958694509374,unicycle
3.5237884990108475,6.011731705632655,1.765,0.0,0.0,-1.5315462961831763,0.25016543247710943,2.9014556656088828e-98,0.0,0.0,0.0,-0.09128859005069484,unicycle
3.523970427392079,6.006982558750644,1.765,0.0,0.0,-1.5334686172587657,0.23763154777131149,2.0219476852250488e-98,0.0,0.0,0.0,-0.09611605377945268,unicycle
3.5241415682594415,6.00227750041111,1.765,0.0,0.0,-1.5354084869383309,0.2354085285531892,1.3582369256915482e-98,0.0,0.0,0.0,-0.09699348397826964,unicycle
3.52430705475241,5.99747384785222,1.765,0.0,0.0,-1.5373111287286092,0.24032514774376465,8.623864316493429e-99,0.0,0.0,0.0,-0.0951320895139123,unicycle
3.5244698749512193,5.99247664655541,1.765,0.0,0.0,-1.539140015079023,0.24999269082291442,4.96497223479479e-99,0.0,0.0,0.0,-0.09144431752070116,unicycle
3.5246315783966864,5.987226524394029,1.765,0.0,0.0,-1.5408722268566424,0.26263062279781607,2.306885486137329e-99,0.0,0.0,0.0,-0.08661058888096443,unicycle
3.524792798958643,5.981690295657047,1.765,0.0,0.0,-1.5424948658577584,0.2769288149889206,4.147279091976704e-100,0.0,0.0,0.0,-0.08113195005579979,unicycle
3.5249536238128054,5.975853732088598,1.765,0.0,0.0,-1.544002295991325,0.2919389721237522,-8.955033373102516e-100,0.0,0.0,0.0,-0.07537150667834153,unicycle
3.5251138427564737,5.96971603665837,1.765,0.0,0.0,-1.5453940347123196,0.3069893377174726,-1.7674153995044589e-99,0.0,0.0,0.0,-0.06958693604974253,unicycle
3.5252731092400196,5.963285650758003,1.765,0.0,0.0,-1.5466731530693998,0.3216179188172201,-2.3126141625182824e-99,0.0,0.0,0.0,-0.06395591785400478,unicycle
3.525431038963593,5.956577101612246,1.765,0.0,0.0,-1.547845072149674,0.33552041142166344,-2.6174188306101674e-99,0.0,0.0,0.0,-0.0585959540137268,unicycle
3.525587265987408,5.949608657625763,1.765,0.0,0.0,-1.548916667199533,0.34850976716879034,-2.748223529419148e-99,0.0,0.0,0.0,-0.05357975249294746,unicycle
3.525741471043762,5.942400608127565,1.765,0.0,0.0,-1.5498956094409633,0.3604849543288785,-2.755770588802595e-99,0.0,0.0,0.0,-0.048947112071512255,unicycle
3.525893392460981,5.934974022907012,1.765,0.0,0.0,-1.5507898905282038,0.37140695952160024,-2.6785495762285038e-99,0.0,0.0,0.0,-0.044714054362022276,unicycle
3.5260428268271395,5.927349877976471,1.765,0.0,0.0,-1.5516074864575304,0.38128047350654193,-2.5454950513747027e-99,0.0,0.0,0.0,-0.04087979646633757,unicycle
3.5261896241079453,5.919548458694176,1.765,0.0,0.0,-1.552356127163133,0.39014002327183595,-2.3781226507413764e-99,0.0,0.0,0.0,-0.0374320352801088,unicycle
3.5263336802192433,5.911588970987249,1.765,0.0,0.0,-1.5530431454947706,0.3980395684244565,-2.192216053889811e-99,0.0,0.0,0.0,-0.034350916581863566,unicycle
3.526474928874951,5.90348930693971,1.765,0.0,0.0,-1.5536753851722223,0.4050447847205656,-1.999155459098017e-99,0.0,0.0,0.0,-0.03161198387258994,unicycle
3.5266133337440237,5.895265923269202,1.765,0.0,0.0,-1.554259151963834,0.41122742132891305,-1.8069604489032947e-99,0.0,0.0,0.0,-0.029188339580611136,unicycle
3.5267488814420527,5.886933800866972,1.765,0.0,0.0,-1.5548001959955748,0.4166612490926299,-1.621105773988526e-99,0.0,0.0,0.0,-0.027052201587026092,unicycle
3.5268815755680496,5.878506461147892,1.765,0.0,0.0,-1.5553037159663805,0.4214192211228283,-1.445156989822229e-99,0.0,0.0,0.0,-0.02517599854028261,unicycle
3.5270114318116916,5.869996020876941,1.765,0.0,0.0,-1.5557743782881264,0.4255715497621637,-1.2812635247668813e-99,0.0,0.0,0.0,-0.02353311608728477,unicycle
3.527138474055657,5.861413271747191,1.765,0.0,0.0,-1.55621634591457,0.4291844695329983,-1.1305392176948886e-99,0.0,0.0,0.0,-0.02209838132216418,unicycle
3.5272627313504383,5.852767774555867,1.765,0.0,0.0,-1.5566333129772045,0.43231950755101767,-9.933542928651317e-100,0.0,0.0,0.0,-0.020848353131722248,unicycle
3.5273842356240217,5.8440679605782,1.765,0.0,0.0,-1.5570285423901202,0.4350331237961202,-8.695578595677341e-100,0.0,0.0,0.0,-0.019761470645783548,unicycle
3.5275030199921287,5.835321234848412,1.765,0.0,0.0,-1.5574049043868483,0.437376615805742,-7.586461059679737e-100,0.0,0.0,0.0,-0.018818099836400447,unicycle
3.527619117547469,5.826534077662169,1.765,0.0,0.0,-1.5577649145623407,0.4393962075740846,-6.598882156054557e-100,0.0,0.0,0.0,-0.01800050877462611,unicycle
3.52773256052311,5.817712141825856,1.765,0.0,0.0,-1.558110770454439,0.4411332621347155,-5.724195209592014e-100,0.0,0.0,0.0,-0.01729279460491069,unicycle
3.5278433797424555,5.808860344082533,1.765,0.0,0.0,-1.5584443860444608,0.442624572620295,-4.953093996246553e-100,0.0,0.0,0.0,-0.016680779501089912,unicycle
3.5279516042846986,5.799982949811737,1.765,0.0,0.0,-1.5587674238120155,0.44390269844908053,-4.2760981635251283e-100,0.0,0.0,0.0,-0.016151888377722735,unicycle
3.528057261309056,5.791083650584925,1.765,0.0,0.0,-1.5590813241654078,0.44499632241603404,-3.6838913867721016e-100,0.0,0.0,0.0,-0.015695017669616784,unicycle
3.528160375993431,5.782165634503265,1.765,0.0,0.0,-1.5593873322022171,0.4459306114508574,-3.167548406132715e-100,0.0,0.0,0.0,-0.01530040184047468,unicycle
3.5282609715533177,5.773231649483168,1.765,0.0,0.0,-1.5596865218474882,0.4467275691107826,-2.718679058368792e-100,0.0,0.0,0.0,-0.014959482263563478,unicycle
3.5283590693149924,5.764284059813788,1.765,0.0,0.0,-1.5599798174793718,0.4474063718713301,-2.3295110688922906e-100,0.0,0.0,0.0,-0.0146647815941775,unicycle
3.5284546888235635,5.755324896409893,1.765,0.0,0.0,-1.560268013191679,0.44798368425568524,-1.9929283639504784e-100,0.0,0.0,0.0,-0.014409785615386177,unicycle
3.5285478479715797,5.74635590123893,1.765,0.0,0.0,-1.5605517898656431,0.44847395003363527,-1.70247772854877e-100,0.0,0.0,0.0,-0.01418883369820003,unicycle
3.5286385631378328,5.737378566424751,1.765,0.0,0.0,-1.56083173023377,0.44888965830598127,-1.4523535536431297e-100,0.0,0.0,0.0,-0.013997018406352778,unicycle
3.528726849329018,5.728394168531736,1.765,0.0,0.0,-1.5611083321205816,0.4492415844127872,-1.2373680108214215e-100,0.0,0.0,0.0,-0.013830094340571558,unicycle
3.528812720319183,5.719403798518789,1.765,0.0,0.0,-1.5613820200408888,0.4495390063755072,-1.0529121234764513e-100,0.0,0.0,0.0,-0.013684396015347572,unicycle
3.5288961887835897,5.710408387828353,1.765,0.0,0.0,-1.5616531553280877,0.4497898980910784,-8.949117578545904e-101,0.0,0.0,0.0,-0.013556764359942262,unicycle
3.528977266424884,5.7014087310449275,1.765,0.0,0.0,-1.56192204495427,0.4500011008081136,-7.597814455147037e-101,0.0,0.0,0.0,-0.013444481309115807,unicycle
3.529055964090346,5.692405505523617,1.765,0.0,0.0,-1.5621889491918315,0.45017847458362514,-6.443780990598857e-101,0.0,0.0,0.0,-0.01334521187807931,unicycle
3.529132291879672,5.683399288353948,1.765,0.0,0.0,-1.562454088253536,0.45032703148338804,-5.4595603856463534e-101,0.0,0.0,0.0,-0.013256953085242811,unicycle
3.529206259243185,5.674390570989104,1.765,0.0,0.0,-1.5627176480352125,0.45045105228072274,-4.6212426171786054e-101,0.0,0.0,0.0,-0.01317798908383118,unicycle
3.5292778750743246,5.6653797713847265,1.765,0.0,0.0,-1.5629797850596765,0.45055421095158243,-3.9080653055329366e-101,0.0,0.0,0.0,-0.013106851223202012,unicycle
3.5293471477875458,5.656367245024195,1.765,0.0,0.0,-1.563240630754164,0.4506396303274393,-3.302045834839737e-101,0.0,0.0,0.0,-0.013042284724376891,unicycle
3.5294140853858513,5.647353294690707,1.765,0.0,0.0,-1.56350029513922,0.4507099447350296,-2.7876459094295633e-101,0.0,0.0,0.0,-0.012983219252795965,unicycle
3.5294786955251247,5.638338178343777,1.765,0.0,0.0,-1.5637588699829488,0.4507673947604057,-2.3514683878987812e-101,0.0,0.0,0.0,-0.012928742186444644,unicycle
3.529540985571114,5.629322115858851,1.765,0.0,0.0,-1.5640164315066982,0.4508138840789094,-1.9819853210826442e-101,0.0,0.0,0.0,-0.012878076187472151,unicycle
3.5296009626497393,5.6203052947857355,1.765,0.0,0.0,-1.5642730427028926,0.4508510285024948,-1.669295524453085e-101,0.0,0.0,0.0,-0.012830559809714837,unicycle
3.529658633691384,5.611287875261951,1.765,0.0,0.0,-1.5645287553181537,0.45088019822364206,-1.404909656763723e-101,0.0,0.0,0.0,-0.01278563076306753,unicycle
3.529714005469792,5.602269994199605,1.765,0.0,0.0,-1.5647836115480744,0.4509025541307781,-1.1815605913783544e-101,0.0,0.0,0.0,-0.012742811496037279,unicycle
3.529767084636132,5.593251768848837,1.765,0.0,0.0,-1.565037645483985,0.4509190789724267,-9.930368057483172e-102,0.0,0.0,0.0,-0.01270169679553755,unicycle
3.5298178777487768,5.584233299827147,1.765,0.0,0.0,-1.5652908843467404,0.45093060405707824,-8.340365406928e-102,0.0,0.0,0.0,-0.01266194313776112,unicycle
3.5298663912992696,5.575214673691831,1.765,0.0,0.0,-1.5655433495378543,0.45093783209335764,-7.000405663245059e-102,0.0,0.0,0.0,-0.012623259555703177,unicycle
3.529912631734923,5.566195965122097,1.765,0.0,0.0,-1.5657950575342066,0.450941356700479,-5.872015145721902e-102,0.0,0.0,0.0,-0.012585399817611717,unicycle
3.5299566054784464,5.557177238768257,1.765,0.0,0.0,-1.5660460206489348,0.4509416790519785,-4.922478836895684e-102,0.0,0.0,0.0,-0.0125481557364222,unicycle
3.5299983189449535,5.548158550817248,1.765,0.0,0.0,-1.5662962476779998,0.4509392220559349,-4.1240097654485996e-102,0.0,0.0,0.0,-0.012511351453244099,unicycle
3.5300377785566757,5.539139950316766,1.765,0.0,0.0,-1.5665457444491677,0.4509343424218344,-3.4530319373561307e-102,0.0,0.0,0.0,-0.012474838558397481,unicycle
3.5300749907556583,5.5301214802942225,1.765,0.0,0.0,-1.5667945142877988,0.45092734091738595,-2.889562590140558e-102,0.0,0.0,0.0,-0.012438491931553811,unicycle
3.5301099620146967,5.521103178701486,1.765,0.0,0.0,-1.5670425584117675,0.45091847107739846,-2.4166810434401946e-102,0.0,0.0,0.0,-0.012402206198428386,unicycle
3.5301426988467277,5.512085079211862,1.765,0.0,0.0,-1.5672898762660756,0.45090794659074473,-2.0200728273595533e-102,0.0,0.0,0.0,-0.012365892715410831,unicycle
3.530173207812882,5.503067211891853,1.765,0.0,0.0,-1.5675364658061897,0.4508959475599322,-1.6876390744117909e-102,0.0,0.0,0.0,-0.012329477005706201,unicycle
3.5302014955293664,5.494049603766915,1.765,0.0,0.0,-1.5677823237378132,0.4508826258003807,-1.4091623549400078e-102,0.0,0.0,0.0,-0.012292896581182084,unicycle
3.530227568673322,5.485032279297556,1.765,0.0,0.0,-1.5680274457196803,0.4508681093227083,-1.1760212186416054e-102,0.0,0.0,0.0,-0.012256099093353168,unicycle
3.530251433987808,5.47601526077965,1.765,0.0,0.0,-1.5682718265349793,0.45085250612072036,-9.80946678817147e-103,0.0,0.0,0.0,-0.012219040764946081,unicycle
3.5302730982860093,5.466998568680787,1.765,0.0,0.0,-1.568515460236188,0.45083590736999907,-8.178147462549183e-103,0.0,0.0,0.0,-0.0121816850604212,unicycle
3.530292568454785,5.457982221922624,1.765,0.0,0.0,-1.5687583402673841,0.4508183901266491,-6.814698927974637e-103,0.0,0.0,0.0,-0.012144001559817782,unicycle
3.5303098514576368,5.448966238117727,1.765,0.0,0.0,-1.569000459567493,0.45080001960255633,-5.675750080163513e-103,0.0,0.0,0.0,-0.012105965005453094,unicycle
3.5303249543371833,5.439950633768078,1.765,0.0,0.0,-1.569241810657402,0.4507808510821838,-4.724840138052974e-103,0.0,0.0,0.0,-0.012067554495451641,unicycle
3.5303378842172,5.430935424431297,1.765,0.0,0.0,-1.56948238571344,0.4507609315362114,-3.9313382886315714e-103,0.0,0.0,0.0,-0.012028752801901074,unicycle
3.530348648304291,5.421920624859721,1.765,0.0,0.0,-1.569722176629334,0.45074030097901036,-3.269528355283347e-103,0.0,0.0,0.0,-0.011989545794709984,unicycle
3.5303572538892367,5.412906249116645,1.765,0.0,0.0,-1.5699611750684348,0.450718993609835,-2.7178340241768277e-103,0.0,0.0,0.0,-0.011949921955052708,unicycle
3.5303637083480655,5.403892310673392,1.765,0.0,0.0,-1.5701993725077283,0.45069703877154726,-2.2581636451479786e-103,0.0,0.0,0.0,-0.011909871964691274,unicycle
3.53036801914289,5.394878822490287,1.765,0.0,0.0,-1.5704367602749192,0.4506744617555194,-1.8753566391821666e-103,0.0,0.0,0.0,-0.011869388359520713,unicycle
3.530370193822535,5.385865797084121,1.765,0.0,0.0,-1.570673329579668,0.45065128447695446,-1.5567161502786691e-103,0.0,0.0,0.0,-0.011828465237439736,unicycle
3.5303702400229877,5.376853246584287,1.765,0.0,0.0,-1.570909071539911,0.4506275260411242,-1.291614826046428e-103,0.0,0.0,0.0,-0.011787098012146604,unicycle
3.530368165467699,5.367841182779429,1.765,0.0,0.0,-1.5711439772040257,0.45060320321784064,-1.0711625444567457e-103,0.0,0.0,0.0,-0.011745283205736404,unicycle
3.5303639779677503,5.358829617156149,1.765,0.0,0.0,-1.571378037569507,0.45057833083878,-8.879265644351257e-104,0.0,0.0,0.0,-0.011703018274062643,unicycle
3.5303576854219103,5.349818560931055,1.765,0.0,0.0,-1.5716112435987015,0.4505529221299908,-7.356960014616863e-104,0.0,0.0,0.0,-0.011660301459750546,unicycle
3.530349295816593,5.340808025077255,1.765,0.0,0.0,-1.5718435862320725,0.45052698898997834,-6.092837478744998e-104,0.0,0.0,0.0,-0.011617131668535084,unicycle
3.530338817225734,5.331798020346199,1.765,0.0,0.0,-1.5720750563993777,0.45050054222212127,-5.043599990776009e-104,0.0,0.0,0.0,-0.011573508365263972,unicycle
3.5303262578105916,5.322788557285647,1.765,0.0,0.0,-1.5723056450291073,0.4504735917287877,-4.173124358053878e-104,0.0,0.0,0.0,-0.01152943148647208,unicycle
3.5303116258194893,5.313779646254389,1.765,0.0,0.0,-1.5725353430564455,0.4504461466733485,-3.451288703263956e-104,0.0,0.0,0.0,-0.011484901366913772,unicycle
3.5302949295875043,5.304771297434264,1.765,0.0,0.0,-1.5727641414300029,0.4504182156152971,-2.852988095415957e-104,0.0,0.0,0.0,-0.011439918677846526,unicycle
3.530276177536107,5.295763520839936,1.765,0.0,0.0,-1.572992031117507,0.45038980662285283,-2.3573093644400773e-104,0.0,0.0,0.0,-0.011394484375203625,unicycle
3.530255378172764,5.28675632632679,1.765,0.0,0.0,-1.5732190031106286,0.45036092736672056,-1.946839772866963e-104,0.0,0.0,0.0,-0.011348599656085298,unicycle
3.5302325400905072,5.277749723597269,1.765,0.0,0.0,-1.5734450484290734,0.4503315851980903,-1.6070881707982418e-104,0.0,0.0,0.0,-0.01130226592224415,unicycle
3.5302076719674678,5.268743722205919,1.765,0.0,0.0,-1.5736701581240624,0.45030178721346015,-1.3260006106324384e-104,0.0,0.0,0.0,-0.011255484749449169,unicycle
3.5301807825663905,5.259738331563353,1.765,0.0,0.0,-1.5738943232812983,0.4502715403084499,-1.0935552348568038e-104,0.0,0.0,0.0,-0.01120825786178855,unicycle
3.530151880734122,5.250733560939333,1.765,0.0,0.0,-1.5741175350235004,0.4502408512224192,-9.014236500900775e-105,0.0,0.0,0.0,-0.011160587110120282,unicycle
3.5301209754010814,5.241729419465106,1.765,0.0,0.0,-1.5743397845125806,0.4502097265754085,-7.426880289608865e-105,0.0,0.0,0.0,-0.011112474454004744,unicycle
3.530088075580709,5.232725916135134,1.765,0.0,0.0,-1.5745610629515117,0.450178172898675,-6.116048943624439e-105,0.0,0.0,0.0,-0.011063921946559405,unicycle
3.530053190368908,5.223723059808328,1.765,0.0,0.0,-1.5747813615859474,0.45014619665988537,-5.03407985999935e-105,0.0,0.0,0.0,-0.01101493172176481,unicycle
3.5300163289434647,5.214720859208849,1.765,0.0,0.0,-1.575000671705624,0.4501138042838534,-4.1414382777269216e-105,0.0,0.0,0.0,-0.010965505983826201,unicycle
3.529977500563465,5.205719322926599,1.765,0.0,0.0,-1.575218984645589,0.4500810021695656,-3.4053464119422277e-105,0.0,0.0,0.0,-0.010915646998258342,unicycle
3.529936714568692,5.196718459417408,1.765,0.0,0.0,-1.5754362917872775,0.45004779670411343,-2.7986411434834333e-105,0.0,0.0,0.0,-0.010865357084414405,unicycle
3.52989398037902,5.1877182770030075,1.765,0.0,0.0,-1.5756525845594618,0.45001419427405026,-2.298822629657391e-105,0.0,0.0,0.0,-0.010814638609224592,unicycle
3.5298493074938007,5.178718783870824,1.765,0.0,0.0,-1.5758678544391007,0.44998020127460386,-1.8872623143973527e-105,0.0,0.0,0.0,-0.010763493981947784,unicycle
3.5298027054912375,5.16971998807362,1.765,0.0,0.0,-1.576082092952096,0.44994582411710515,-1.5485439509600115e-105,0.0,0.0,0.0,-0.010711925649771286,unicycle
3.5297541840277584,5.1607218975290134,1.765,0.0,0.0,-1.5762952916739783,0.44991106923493185,-1.2699155613446349e-105,0.0,0.0,0.0,-0.010659936094120295,unicycle
3.529703752837379,5.151724520018917,1.765,0.0,0.0,-1.5765074422305294,0.44987594308821816,-1.0408338736232436e-105,0.0,0.0,0.0,-0.010607527827561119,unicycle
3.529651421731061,5.142727863188891,1.765,0.0,0.0,-1.5767185362983538,0.44984045216753765,-8.5258581119380625e-106,0.0,0.0,0.0,-0.010554703391200959,unicycle
3.529597200596066,5.133731934547453,1.765,0.0,0.0,-1.5769285656054035,0.4498046029967335,-6.979741494187604e-106,0.0,0.0,0.0,-0.010501465352502834,unicycle
3.5295410993953062,5.12473674146534,1.765,0.0,0.0,-1.5771375219314723,0.44976840213503927,-5.710565835396355e-106,0.0,0.0,0.0,-0.010447816303447408,unicycle
3.5294831281666883,5.115742291174742,1.765,0.0,0.0,-1.577345397108652,0.4497318561786107,-4.669292332553086e-106,0.0,0.0,0.0,-0.010393758858984676,unicycle
3.5294232970224546,5.106748590768514,1.765,0.0,0.0,-1.5775521830217663,0.4496949717615687,-3.8154709962095496e-106,0.0,0.0,0.0,-0.01033929565572768,unicycle
3.5293616161485213,5.097755647199385,1.765,0.0,0.0,-1.5777578716087832,0.4496577555566352,-3.115752358824852e-106,0.0,0.0,0.0,-0.010284429350848289,unicycle
3.529298095803813,5.088763467279154,1.765,0.0,0.0,-1.5779624548612061,0.4496202142754318,-2.542654349913825e-106,0.0,0.0,0.0,-0.010229162621141569,unicycle
3.5292327463195927,5.079772057677891,1.765,0.0,0.0,-1.5781659248244508,0.4495823546684983,-2.0735410605393277e-106,0.0,0.0,0.0,-0.010173498162230767,unicycle
3.5291655780987905,5.070781424923141,1.765,0.0,0.0,-1.5783682735982085,0.44954418352507775,-1.689777377647234e-106,0.0,0.0,0.0,-0.01011743868788957,unicycle
3.5290966016153282,5.061791575399141,1.765,0.0,0.0,-1.5785694933367973,0.44950570767270925,-1.3760295239598947e-106,0.0,0.0,0.0,-0.010060986929462001,unicycle
3.5290258274134456,5.052802515346047,1.765,0.0,0.0,-1.5787695762495044,0.44946693397665916,-1.1196865883493478e-106,0.0,0.0,0.0,-0.010004145635363686,unicycle
3.5289532661070173,5.043814250859181,1.765,0.0,0.0,-1.5789685146009176,0.4494278693392196,-9.103823398224282e-107,0.0,0.0,0.0,-0.00994691757065079,unicycle
3.5288789283788735,5.034826787888286,1.765,0.0,0.0,-1.5791663007112502,0.4493885206988956,-7.396001237971233e-107,0.0,0.0,0.0,-0.00988930551664528,unicycle
3.528802824980114,5.025840132236812,1.765,0.0,0.0,-1.5793629269566622,0.4493488950295011,-6.003465581238326e-107,0.0,0.0,0.0,-0.009831312270606948,unicycle
3.5287249667294263,5.0168542895612145,1.765,0.0,0.0,-1.5795583857695714,0.4493089993391771,-4.868821753406198e-107,0.0,0.0,0.0,-0.00977294064544427,unicycle
3.528645364512394,5.0078692653702825,1.765,0.0,0.0,-1.579752669638961,0.44926884066934764,-3.9449917814692964e-107,0.0,0.0,0.0,-0.009714193469457448,unicycle
3.528564029280811,4.998885065024481,1.765,0.0,0.0,-1.579945771110683,0.44922842609362196,-3.193381549451843e-107,0.0,0.0,0.0,-0.00965507358610812,unicycle
3.5284809720519883,4.989901693735328,1.765,0.0,0.0,-1.5801376827877596,0.4491877627166529,-2.582369982982461e-107,0.0,0.0,0.0,-0.009595583853811124,unicycle
3.528396203908064,4.980919156564785,1.765,0.0,0.0,-1.5803283973306743,0.44914685767295903,-2.0860642870499365e-107,0.0,0.0,0.0,-0.009535727145744431,unicycle
3.528309735995307,4.971937458424684,1.765,0.0,0.0,-1.5805179074576678,0.4491057181257158,-1.683274888027025e-107,0.0,0.0,0.0,-0.009475506349674081,unicycle
3.528221579523425,4.962956604076175,1.765,0.0,0.0,-1.5807062059450234,0.44906435126552197,-1.356671720085202e-107,0.0,0.0,0.0,-0.009414924367791372,unicycle
3.528131745764867,4.953976598129199,1.765,0.0,0.0,-1.5808932856273545,0.44902276430914473,-1.0920901227633581e-107,0.0,0.0,0.0,-0.009353984116560146,unicycle
3.5280402460541245,4.94499744504199,1.765,0.0,0.0,-1.5810791393978862,0.4489809644982476,-8.779601104896807e-108,0.0,0.0,0.0,-0.009292688526572269,unicycle
3.5279470917870364,4.936019149120604,1.765,0.0,0.0,-1.5812637602087343,0.44893895909810344,-7.048373277675239e-108,0.0,0.0,0.0,-0.009231040542409743,unicycle
3.5278522944200885,4.927041714518476,1.765,0.0,0.0,-1.5814471410711843,0.44889675539629603,-5.650177749981475e-108,0.0,0.0,0.0,-0.00916904312251218,unicycle
3.527755865469713,4.918065145236005,1.765,0.0,0.0,-1.581629275055965,0.44885436070141155,-4.522215122811877e-108,0.0,0.0,0.0,-0.009106699239048529,unicycle
3.527657816511588,4.909089445120157,1.765,0.0,0.0,-1.5818101552935213,0.448811782341722,-3.613331324664174e-108,0.0,0.0,0.0,-0.009044011877792203,unicycle
3.527558159179938,4.900114617864114,1.765,0.0,0.0,-1.5819897749742813,0.4487690276638624,-2.8818893209072057e-108,0.0,0.0,0.0,-0.008980984037998803,unicycle
3.5274569051668303,4.891140667006937,1.765,0.0,0.0,-1.5821681273489268,0.4487261040315022,-2.2940247598351758e-108,0.0,0.0,0.0,-0.008917618732285842,unicycle
3.5273540662214726,4.882167595933257,1.765,0.0,0.0,-1.582345205728657,0.44868301882401285,-1.8222171170767987e-108,0.0,0.0,0.0,-0.008853918986513946,unicycle
3.5272496541495113,4.873195407873007,1.765,0.0,0.0,-1.5825210034854507,0.44863977943513245,-1.4441199631082316e-108,0.0,0.0,0.0,-0.008789887839669105,unicycle
3.527143680812328,4.864224105901162,1.765,0.0,0.0,-1.5826955140523253,0.44859639327162737,-1.1416039383042554e-108,0.0,0.0,0.0,-0.008725528343745587,unicycle
3.5270361581263363,4.855253692937525,1.765,0.0,0.0,-1.582868730923598,0.4485528677519526,-8.999742391359106e-109,0.0,0.0,0.0,-0.008660843563629233,unicycle
3.526927098062279,4.846284171746539,1.765,0.0,0.0,-1.5830406476551373,0.4485092103049113,-7.073311987261791e-109,0.0,0.0,0.0,-0.00859583657698087,unicycle
3.526816512644522,4.837315544937107,1.765,0.0,0.0,-1.58321125786462,0.4484654283683135,-5.540481344672316e-109,0.0,0.0,0.0,-0.008530510474119644,unicycle
3.5267044139503567,4.82834781496247,1.765,0.0,0.0,-1.583380555231778,0.4484215293876349,-4.323452414714493e-109,0.0,0.0,0.0,-0.008464868357906085,unicycle
3.526590814109289,4.819380984120094,1.765,0.0,0.0,-1.5835485334986505,0.4483775208146763,-3.359421044456459e-109,0.0,0.0,0.0,-0.008398913343624751,unicycle
3.526475725302341,4.810415054551586,1.765,0.0,0.0,-1.5837151864698282,0.44833341010622396,-2.5977452383672256e-109,0.0,0.0,0.0,-0.008332648558866354,unicycle
3.5263591597613475,4.801450028242648,1.765,0.0,0.0,-1.5838805080126965,0.4482892047227112,-1.9976392203434396e-109,0.0,0.0,0.0,-0.008266077143409236,unicycle
3.526241129768252,4.792485907023048,1.765,0.0,0.0,-1.5840444920576784,0.4482449121268818,-1.5262970898926558e-109,0.0,0.0,0.0,-0.008199202249100125,unicycle
3.5261216476544055,4.783522692566624,1.765,0.0,0.0,-1.584207132598473,0.4482005397824549,-1.1573672396286728e-109,0.0,0.0,0.0,-0.008132027039734098,unicycle
3.5260007257998622,4.7745603863913155,1.765,0.0,0.0,-1.5843684236922915,0.4481560951527932,-8.697129748677097e-110,0.0,0.0,0.0,-0.008064554690933683,unicycle
3.5258783766326807,4.765598989859226,1.765,0.0,0.0,-1.5845283594600923,0.4481115856995727,-6.464064967196205e-110,0.0,0.0,0.0,-0.007996788390027064,unicycle
3.525754612628222,4.756638504176706,1.765,0.0,0.0,-1.5846869340868106,0.44806701888145617,-4.7391302910592947e-110,0.0,0.0,0.0,-0.007928731335925324,unicycle
3.5256294463084505,4.74767893039447,1.765,0.0,0.0,-1.5848441418215906,0.4480224021527694,-3.414297600994315e-110,0.0,0.0,0.0,-0.007860386738998706,unicycle
3.5255028902412313,4.738720269407738,1.765,0.0,0.0,-1.5849999769780094,0.4479777429621809,-2.4035073606090158e-110,0.0,0.0,0.0,-0.0077917578209518645,unicycle
3.525374957039634,4.729762521956405,1.765,0.0,0.0,-1.5851544339343036,0.44793304875138573,-1.638341464646529e-110,0.0,0.0,0.0,-0.007722847814698076,unicycle
3.5252456593612345,4.720805688625241,1.765,0.0,0.0,-1.5853075071335883,0.4478883269537929,-1.0645277668129284e-110,0.0,0.0,0.0,-0.007653659964232393,unicycle
3.525115009907418,4.711849769844109,1.765,0.0,0.0,-1.5854591910840785,0.4478435849932169,-6.391195712411552e-111,0.0,0.0,0.0,-0.007584197524503703,unicycle
3.52498302142268,4.7028947658882245,1.765,0.0,0.0,-1.5856094803593044,0.4477988302825743,-3.2822241471836546e-111,0.0,0.0,0.0,-0.007514463761285712,unicycle
3.5248497066939355,4.69394067687843,1.765,0.0,0.0,-1.5857583695983253,0.4477540702225844,-1.0516420485930483e-111,0.0,0.0,0.0,-0.007444461951046827,unicycle
3.5247150785498227,4.684987502781503,1.765,0.0,0.0,-1.5859058535059418,0.44770931220047544,5.097583100831804e-112,0.0,0.0,0.0,-0.007374195380818886,unicycle
3.5245791498600094,4.676035243410485,1.765,0.0,0.0,-1.5860519268529027,0.44766456358869505,1.5654810426277185e-111,0.0,0.0,0.0,-0.007303667348064806,unicycle
3.5244419335345016,4.667083898425047,1.765,0.0,0.0,-1.586196584476114,0.44761983174362735,2.242793381705448e-111,0.0,0.0,0.0,-0.007232881160545092,unicycle
3.524303442522955,4.65813346733187,1.765,0.0,0.0,-1.5863398212788375,0.44757512400431476,2.6403023929658697e-111,0.0,0.0,0.0,-0.007161840136183196,unicycle
3.5241636898139825,4.649183949485062,1.765,0.0,0.0,-1.5864816322308963,0.447530447691186,2.834008782239713e-111,0.0,0.0,0.0,-0.007090547602929743,unicycle
3.524022688427322,4.640235343630572,1.765,0.0,0.0,-1.5866220123602057,0.4474858329086779,2.8821351320536744e-111,0.0,0.0,0.0,-0.007019006465469739,unicycle
3.5238804514163014,4.631287648117292,1.765,0.0,0.0,-1.5867609567570369,0.4474412992072814,2.8289691549426656e-111,0.0,0.0,0.0,-0.0069472198415558815,unicycle
3.523736991875042,4.622340861397772,1.765,0.0,0.0,-1.5868984605837455,0.4473968411005645,2.707916433509439e-111,0.0,0.0,0.0,-0.006875191335422138,unicycle
3.523592322936802,4.613394981962052,1.765,0.0,0.0,-1.5870345190736557,0.44735245641333027,2.5439196705164565e-111,0.0,0.0,0.0,-0.006802924495510684,unicycle
3.5234464577725366,4.604450008286834,1.765,0.0,0.0,-1.5871691275302415,0.44730814551412995,2.3553710926311276e-111,0.0,0.0,0.0,-0.006730422829296302,unicycle
3.5232994095896255,4.595505938796735,1.765,0.0,0.0,-1.5873022813265407,0.4472639107116929,2.1556200273899096e-111,0.0,0.0,0.0,-0.006657689814949609,unicycle
3.5231511916307374,4.5865627718349895,1.765,0.0,0.0,-1.5874339759047502,0.4472197557817907,1.954157732922e-111,0.0,0.0,0.0,-0.006584728910469212,unicycle
3.523001817172802,4.577620505641558,1.765,0.0,0.0,-1.587564206775966,0.4471756855976715,1.757545428932093e-111,0.0,0.0,0.0,-0.006511543560792739,unicycle
3.52285129952607,4.56867913833698,1.765,0.0,0.0,-1.5876929695200321,0.44713170584254436,1.5701384413003461e-111,0.0,0.0,0.0,-0.006438137203298606,unicycle
3.52269965203324,4.559738667910672,1.765,0.0,0.0,-1.5878202597854725,0.44708782278689985,1.3946488490888508e-111,0.0,0.0,0.0,-0.0063645132720303935,unicycle
3.5225468880686384,4.550799092212676,1.765,0.0,0.0,-1.5879460732894908,0.4470440431169253,1.2325805372032296e-111,0.0,0.0,0.0,-0.006290675200910714,unicycle
3.522393021037442,4.541860408948024,1.765,0.0,0.0,-1.5880704058180135,0.44700037380305985,1.0845637240185053e-111,0.0,0.0,0.0,-0.006216626426158618,unicycle
3.5222380643749327,4.5329226156731055,1.765,0.0,0.0,-1.588193253225775,0.446956821999978,9.506105365069495e-112,0.0,0.0,0.0,-0.006142370388081728,unicycle
3.5220820315457804,4.523985709793552,1.765,0.0,0.0,-1.5883146114364226,0.4469133949710866,8.303087901512154e-112,0.0,0.0,0.0,-0.006067910532379744,unicycle
3.5219249360433436,4.515049688563242,1.765,0.0,0.0,-1.5884344764426443,0.44687010003206107,7.229675895002961e-112,0.0,0.0,0.0,-0.0059932503110679694,unicycle
3.5217667913889863,4.5061145490841525,1.765,0.0,0.0,-1.5885528443063066,0.4468269445090961,6.277255290477716e-112,0.0,0.0,0.0,-0.005918393183107018,unicycle
3.521607611131407,4.497180288306809,1.765,0.0,0.0,-1.5886697111586028,0.446783935708466,5.436300064648569e-112,0.0,0.0,0.0,-0.0058433426148067555,unicycle
3.5214474088459786,4.488246903031181,1.765,0.0,0.0,-1.588785073200204,0.4467410808947212,4.696943503319364e-112,0.0,0.0,0.0,-0.005768102080058064,unicycle
3.52128619813409,4.47931438990788,1.765,0.0,0.0,-1.5888989267014126,0.44669838727542993,4.0493802271544128e-112,0.0,0.0,0.0,-0.005692675060434438,unicycle
3.5211239926225018,4.470382745439564,1.765,0.0,0.0,-1.5890112680023167,0.4466558619908344,3.484140107240956e-112,0.0,0.0,0.0,-0.00561706504519615,unicycle
3.520960805962701,4.461451965982479,1.765,0.0,0.0,-1.589122093512941,0.4466135121071577,2.9922661197858115e-112,0.0,0.0,0.0,-0.005541275531222384,unicycle
3.520796651830259,4.452522047748082,1.765,0.0,0.0,-1.5892313997133987,0.4465713446125858,2.5654209948087323e-112,0.0,0.0,0.0,-0.0054653100228909774,unicycle
3.520631543924195,4.443592986804702,1.765,0.0,0.0,-1.589339183154037,0.4465293664151742,2.195941835842172e-112,0.0,0.0,0.0,-0.005389172031920767,unicycle
3.5204654959663406,4.434664779079221,1.765,0.0,0.0,-1.5894454404555804,0.4464875843421098,1.8768574198153275e-112,0.0,0.0,0.0,-0.005312865077187954,unicycle
3.5202985217007075,4.425737420358755,1.765,0.0,0.0,-1.5895501683092714,0.44644600513989535,1.6018793820100366e-112,0.0,0.0,0.0,-0.005236392684525059,unicycle
3.520130634892854,4.416810906292307,1.765,0.0,0.0,-1.5896533634770018,0.4464046354751333,1.3653757523572874e-112,0.0,0.0,0.0,-0.005159758386508866,unicycle
3.519961849329257,4.407885232392418,1.765,0.0,0.0,-1.5897550227914463,0.4463634819356695,1.162333177782984e-112,0.0,0.0,0.0,-0.005082965722242039,unicycle
3.5197921788166844,4.398960394036769,1.765,0.0,0.0,-1.589855143156189,0.44632255103192264,9.883125138667581e-113,0.0,0.0,0.0,-0.005006018237131784,unicycle
3.5196216371815687,4.390036386469779,1.765,0.0,0.0,-1.5899537215458426,0.44628184919827407,8.394011963220026e-113,0.0,0.0,0.0,-0.004928919482667913,unicycle
3.519450238269381,4.381113204804156,1.765,0.0,0.0,-1.5900507550061664,0.44624138279443143,7.12164827848027e-113,0.0,0.0,0.0,-0.0048516730162019295,unicycle
3.5192779959440097,4.3721908440224375,1.765,0.0,0.0,-1.5901462406541813,0.4462011581067067,6.035996743590711e-113,0.0,0.0,0.0,-0.004774282400728203,unicycle
3.519104924087138,4.363269298978502,1.765,0.0,0.0,-1.590240175678275,0.44616118134917226,5.1108720531766e-113,0.0,0.0,0.0,-0.004696751204667811,unicycle
3.518931036597625,4.3543485643990625,1.765,0.0,0.0,-1.590332557338308,0.44612145866467307,4.3235139536315803e-113,0.0,0.0,0.0,-0.004619083001655403,unicycle
3.5187563473908883,4.345428634885141,1.765,0.0,0.0,-1.5904233829657146,0.4460819961256846,3.654191965940067e-113,0.0,0.0,0.0,-0.004541281370329161,unicycle
3.5185808703982873,4.3365095049135345,1.765,0.0,0.0,-1.5905126499635966,0.44604279973501587,3.0858436748008497e-113,0.0,0.0,0.0,-0.0044633498941237994,unicycle
3.518404619566509,4.327591168838267,1.765,0.0,0.0,-1.590600355806818,0.4460038754263595,2.6037468560319156e-113,0.0,0.0,0.0,-0.004385292161066461,unicycle
3.5182276088569577,4.318673620892032,1.765,0.0,0.0,-1.5906864980420894,0.4459652290646977,2.1952246170429495e-113,0.0,0.0,0.0,-0.004307111763575275,unicycle
3.518049852245143,4.309756855187636,1.765,0.0,0.0,-1.5907710742880548,0.4459268664465738,1.8493819972708334e-113,0.0,0.0,0.0,-0.004228812298260318,unicycle
3.5178713637200736,4.300840865719437,1.765,0.0,0.0,-1.5908540822353694,0.44588879330024,1.556872022650741e-113,0.0,0.0,0.0,-0.004150397365726717,unicycle
3.51769215728365,4.291925646364776,1.765,0.0,0.0,-1.5909355196467767,0.44585101528569404,1.309688957581562e-113,0.0,0.0,0.0,-0.004071870570379605,unicycle
3.5175122469500613,4.283011190885425,1.765,0.0,0.0,-1.5910153843571817,0.44581353799461554,1.1009863934189236e-113,0.0,0.0,0.0,-0.003993235520230653,unicycle
3.517331646745184,4.274097492929025,1.765,0.0,0.0,-1.5910936742737158,0.4457763669502151,9.249178114965442e-114,0.0,0.0,0.0,-0.003914495826705956,unicycle
3.517150370705984,4.265184546030533,1.765,0.0,0.0,-1.5911703873758047,0.44573950760700537,7.764973285922377e-114,0.0,0.0,0.0,-0.0038356551044549997,unicycle
3.5169684328799167,4.256272343613682,1.765,0.0,0.0,-1.591245521715228,0.4457029653505053,6.514784492432659e-114,0.0,0.0,0.0,-0.003756716971160513,unicycle
3.5167858473243347,4.247360878992431,1.765,0.0,0.0,-1.5913190754161752,0.44566674549688745,5.462487942654325e-114,0.0,0.0,0.0,-0.0036776850473490114,unicycle
3.5166026281058937,4.238450145372453,1.765,0.0,0.0,-1.5913910466752994,0.445630853292576,4.5773893496760005e-114,0.0,0.0,0.0,-0.0035985629562018707,unicycle
3.516418789299965,4.229540135852599,1.765,0.0,0.0,-1.5914614337617665,0.4455952939138041,3.833436283196855e-114,0.0,0.0,0.0,-0.0035193543233667606,unicycle
3.5162343449900466,4.220630843426394,1.765,0.0,0.0,-1.591530235017302,0.44556007246613677,3.2085391300312235e-114,0.0,0.0,0.0,-0.003440062776769306,unicycle
3.5160493092671743,4.211722260983539,1.765,0.0,0.0,-1.5915974488562301,0.4455251939839671,2.6839868526869827e-114,0.0,0.0,0.0,-0.003360691946424897,unicycle
3.515863696229344,4.202814381311416,1.765,0.0,0.0,-1.5916630737655153,0.44549066342998944,2.243945238761227e-114,0.0,0.0,0.0,-0.003281245464250525,unicycle
3.5156775199809283,4.193907197096617,1.765,0.0,0.0,-1.5917271083047926,0.4454564856946561,1.87502673313059e-114,0.0,0.0,0.0,-0.003201726963876543,unicycle
3.5154907946320986,4.18500070092647,1.765,0.0,0.0,-1.591789551106402,0.44542266559562105,1.5659222307979314e-114,0.0,0.0,0.0,-0.003122140080458335,unicycle
3.515303534298249,4.176094885290591,1.765,0.0,0.0,-1.5918504008754117,0.44538920787717423,1.3070863779471027e-114,0.0,0.0,0.0,-0.0030424884504877906,unicycle
3.5151157530994226,4.167189742582436,1.765,0.0,0.0,-1.5919096563896442,0.4453561172096715,1.0904689837761007e-114,0.0,0.0,0.0,-0.0029627757116045717,unicycle
3.5149274651597406,4.158285265100876,1.765,0.0,0.0,-1.5919673164996924,0.44532339818896033,9.09286090499305e-115,0.0,0.0,0.0,-0.0028830055024071403,unicycle
3.5147386846068334,4.149381445051769,1.765,0.0,0.0,-1.5920233801289376,0.44529105533580665,7.578250898948215e-115,0.0,0.0,0.0,-0.002803181462263473,unicycle
3.5145494255712753,4.140478274549555,1.765,0.0,0.0,-1.5920778462735603,0.4452590930953231,6.312790193923511e-115,0.0,0.0,0.0,-0.002723307231121513,unicycle
3.5143597021860162,4.131575745618867,1.765,0.0,0.0,-1.5921307140025465,0.445227515836401,5.256058269548753e-115,0.0,0.0,0.0,-0.002643386449319301,unicycle
3.5141695285858248,4.122673850196133,1.765,0.0,0.0,-1.5921819824576946,0.4451963278511489,4.374089700360598e-115,0.0,0.0,0.0,-0.0025634227573947677,unicycle
3.513978918906726,4.113772580131216,1.765,0.0,0.0,-1.5922316508536125,0.445165533354337,3.63836217671366e-115,0.0,0.0,0.0,-0.0024834197958952314,unicycle
3.513787887285445,4.10487192718904,1.765,0.0,0.0,-1.5922797184777162,0.4451351364828508,3.024939639160487e-115,0.0,0.0,0.0,-0.0024033812051865813,unicycle
3.5135964478588506,4.095971883051249,1.765,0.0,0.0,-1.5923261846902215,0.44510514129515355,2.5137474254418666e-115,0.0,0.0,0.0,-0.002323310625262127,unicycle
3.513404614763406,4.087072439317856,1.765,0.0,0.0,-1.5923710489241325,0.44507555177075925,2.087959638031553e-115,0.0,0.0,0.0,-0.0022432116955511242,unicycle
3.5132124021346147,4.078173587508922,1.765,0.0,0.0,-1.592414310685227,0.4450463718097167,1.7334818014696758e-115,0.0,0.0,0.0,-0.002163088054727064,unicycle
3.513019824106475,4.069275319066228,1.765,0.0,0.0,-1.5924559695520373,0.445017605232105,1.4385143475079405e-115,0.0,0.0,0.0,-0.002082943340515641,unicycle
3.5128268948109325,4.060377625354973,1.765,0.0,0.0,-1.5924960251758271,0.44498925577754195,1.193184591845099e-115,0.0,0.0,0.0,-0.0020027811895024484,unicycle
3.512633628377337,4.051480497665466,1.765,0.0,0.0,-1.592534477280566,0.4449613271047048,9.892366931397875e-116,0.0,0.0,0.0,-0.0019226052369404624,unicycle
3.512440038931902,4.04258392721484,1.765,0.0,0.0,-1.5925713256628973,0.4449338227908647,8.197706522929347e-116,0.0,0.0,0.0,-0.0018424191165572544,unicycle
3.5122461405971657,4.033687905148765,1.765,0.0,0.0,-1.5926065701921042,0.44490674633143396,6.790227523725196e-116,0.0,0.0,0.0,-0.001762226460361982,unicycle
3.512051947491451,4.024792422543184,1.765,0.0,0.0,-1.5926402108100732,0.4448801011395285,5.621809875211686e-116,0.0,0.0,0.0,-0.001682030898452232,unicycle
3.5118574737283343,4.015897470406039,1.765,0.0,0.0,-1.5926722475312496,0.4448538905455438,4.65230009482744e-116,0.0,0.0,0.0,-0.0016018360588206753,unicycle
3.511662733416111,4.007003039679021,1.765,0.0,0.0,-1.5927026804425928,0.4448281177967452,3.848209563626545e-116,0.0,0.0,0.0,-0.0015216455671615478,unicycle
3.511467740657263,3.998109121239317,1.765,0.0,0.0,-1.5927315097035264,0.44480278605687323,3.1816224023234173e-116,0.0,0.0,0.0,-0.0014414630466770045,unicycle
3.5112725095479353,3.989215705901374,1.765,0.0,0.0,-1.592758735545884,0.44477789840576404,2.629279758556132e-116,0.0,0.0,0.0,-0.0013612921178834069,unicycle
3.511077054177404,3.980322784418661,1.765,0.0,0.0,-1.5927843582738521,0.44475345783898407,2.1718124744153222e-116,0.0,0.0,0.0,-0.0012811363984175197,unicycle
3.510881388627556,3.9714303474854455,1.765,0.0,0.0,-1.5928083782639089,0.4447294672674807,1.7930984712381226e-116,0.0,0.0,0.0,-0.0012009995028425834,unicycle
3.5106855269723622,3.9625383857385743,1.765,0.0,0.0,-1.5928307959647583,0.44470592951724747,1.4797248921688615e-116,0.0,0.0,0.0,-0.0011208850424544393,unicycle
3.510489483277363,3.953646889759255,1.765,0.0,0.0,-1.5928516118972602,0.44468284732900526,1.2205381800094063e-116,0.0,0.0,0.0,-0.0010407966250875957,unicycle
3.5102932715991444,3.9447558500748556,1.765,0.0,0.0,-1.5928708266543585,0.4446602233578981,1.0062679225569547e-116,0.0,0.0,0.0,-0.0009607378549213741,unicycle
3.5100969059848244,3.9358652571606965,1.765,0.0,0.0,-1.5928884409010042,0.4446380601732054,8.292125420858651e-117,0.0,0.0,0.0,-0.0008807123322859829,unicycle
3.5099004004715373,3.926975101441857,1.765,0.0,0.0,-1.5929044553740737,0.444616360258069,6.829768016123773e-117,0.0,0.0,0.0,-0.0008007236534709358,unicycle
3.509703769085922,3.9180853732949847,1.765,0.0,0.0,-1.5929188708822841,0.4445951260092359,5.6225270085340206e-117,0.0,0.0,0.0,-0.0007207754105255642,unicycle
3.5095070258436105,3.9091960630501075,1.765,0.0,0.0,-1.5929316883061049,0.44457435973681714,4.626366843873042e-117,0.0,0.0,0.0,-0.0006408711910673819,unicycle
3.5093101847487196,3.9003071609924502,1.765,0.0,0.0,-1.592942908597667,0.44455406366406186,3.804772218300273e-117,0.0,0.0,0.0,-0.0005610145780932341,unicycle
3.5091132597933425,3.891418657364258,1.765,0.0,0.0,-1.5929525327806626,0.44453423992714686,3.127477775292733e-117,0.0,0.0,0.0,-0.00048120914978296036,unicycle
3.5089162649570453,3.882530542366622,1.765,0.0,0.0,-1.592960561950249,0.4445148905749824,2.5694099313526085e-117,0.0,0.0,0.0,-0.00040145847930609844,unicycle
3.5087192142063617,3.873642806161307,1.765,0.0,0.0,-1.5929669972729417,0.44449601756903323,2.109805840246634e-117,0.0,0.0,0.0,-0.0003217661346290442,unicycle
3.508522121494292,3.8647554388725833,1.765,0.0,0.0,-1.5929718399865078,0.4444776227831557,1.7314801995336715e-117,0.0,0.0,0.0,-0.00024213567832246898,unicycle
3.5083250007598044,3.8558684305890623,1.765,0.0,0.0,-1.592975091399855,0.44445970800345036,1.4202153846025937e-117,0.0,0.0,0.0,-0.00016257066736889383,unicycle
3.5081278659273347,3.846981771365534,1.765,0.0,0.0,-1.5929767528929142,0.44444227492813,1.16425440804175e-117,0.0,0.0,0.0,-8.307465297056286e-05,unicycle
3.5079307309062897,3.838095451224804,1.765,0.0,0.0,-1.5929768259165213,0.444425325167404,9.538795674182188e-118,0.0,0.0,0.0,-3.651180357688226e-06,unicycle
3.5077336095905536,3.8292094601595377,1.765,0.0,0.0,-1.5929753119922936,0.444408860243378,7.810624651687341e-118,0.0,0.0,0.0,7.569621140304524e-05,unicycle
3.507536515857993,3.8203237881340995,1.765,0.0,0.0,-1.5929722127125012,0.4443928815899692,6.391734470272674e-118,0.0,0.0,0.0,0.00015496398959954864,unicycle
3.507339463569966,3.811438425086398,1.765,0.0,0.0,-1.59296752973994,0.4443773905528375,5.227404834179201e-118,0.0,0.0,0.0,0.00023414862806501983,unicycle
3.507142466570832,3.80255336092973,1.765,0.0,0.0,-1.5929612648077924,0.4443623883893318,4.272491732240728e-118,0.0,0.0,0.0,0.0003132466073682305,unicycle
3.506945538687462,3.7936685855546255,1.765,0.0,0.0,-1.5929534197194923,0.4443478762684525,3.489769332827132e-118,0.0,0.0,0.0,0.00039225441500335647,unicycle
3.5067486937287518,3.7847840888306923,1.765,0.0,0.0,-1.5929439963485807,0.4443338552708295,2.8485559360178156e-118,0.0,0.0,0.0,0.0004711685455793522,unicycle
3.5065519454851364,3.77589986060846,1.765,0.0,0.0,-1.5929329966385606,0.4443203263887153,2.323575844659373e-118,0.0,0.0,0.0,0.0005499855010088364,unicycle
3.5063553077281053,3.767015890721225,1.765,0.0,0.0,-1.5929204226027467,0.44430729052599377,1.894017082241302e-118,0.0,0.0,0.0,0.0006287017906964782,unicycle
3.5061587942097208,3.758132168986895,1.765,0.0,0.0,-1.5929062763241122,0.4442947484982047,1.542751616339732e-118,0.0,0.0,0.0,0.0007073139317267994,unicycle
3.5059624186621345,3.7492486852098286,1.765,0.0,0.0,-1.592890559955131,0.4442827010325835,1.2556903599492872e-118,0.0,0.0,0.0,0.0007858184490514464,unicycle
3.5057661947971086,3.740365429182677,1.765,0.0,0.0,-1.5928732757176178,0.44427114876811613,1.0212499024285974e-118,0.0,0.0,0.0,0.0008642118756758517,unicycle
3.505570136305536,3.731482390688224,1.765,0.0,0.0,-1.5928544259025608,0.4442600922556099,8.299118205325411e-119,0.0,0.0,0.0,0.0009424907528452958,unicycle
3.5053742568569644,3.7225995595012225,1.765,0.0,0.0,-1.5928340128699563,0.4442495319577791,6.738586667261131e-119,0.0,0.0,0.0,0.0010206516302303423,unicycle
3.5051785700991185,3.7137169253902274,1.765,0.0,0.0,-1.592812039048634,0.44423946824934596,5.466734343951734e-119,0.0,0.0,0.0,0.0010986910661115747,unicycle
3.5049830896574257,3.7048344781194285,1.765,0.0,0.0,-1.5927885069360825,0.44422990141715674,4.4309154785096624e-119,0.0,0.0,0.0,0.0011766056275636727,unicycle
3.504787829134542,3.6959522074504805,1.765,0.0,0.0,-1.5927634190982696,0.44422083166031306,3.587962945895506e-119,0.0,0.0,0.0,0.0012543918906387885,unicycle
3.50459280210988,3.687070103144324,1.765,0.0,0.0,-1.592736778169459,0.4442122590903185,2.9025017116931806e-119,0.0,0.0,0.0,0.0013320464405491542,unicycle
3.5043980221391378,3.6781881549630127,1.765,0.0,0.0,-1.5927085868520223,0.4442041837312397,2.3455590499741797e-119,0.0,0.0,0.0,0.0014095658718489494,unicycle
3.504203502753827,3.669306352671525,1.765,0.0,0.0,-1.5926788479162501,0.44419660551988316,1.8934198627068888e-119,0.0,0.0,0.0,0.0014869467886154026,unicycle
3.5040092574608064,3.660424686039582,1.765,0.0,0.0,-1.5926475642001572,0.44418952430598596,1.526684340265318e-119,0.0,0.0,0.0,0.001564185804629061,unicycle
3.5038152997418117,3.6515431448434534,1.765,0.0,0.0,-1.5926147386092862,0.444182939852422,1.2294925836487115e-119,0.0,0.0,0.0,0.0016412795435532467,unicycle
3.50362164305299,3.6426617188677626,1.765,0.0,0.0,-1.5925803741165039,0.4441768518354228,9.888869295342844e-120,0.0,0.0,0.0,0.0017182246391126842,unicycle
3.5034283008244334,3.6337803979072842,1.765,0.0,0.0,-1.5925444737617984,0.4441712598448128,7.942877921841237e-120,0.0,0.0,0.0,0.0017950177352712192,unicycle
3.5032352864597143,3.6248991717687384,1.765,0.0,0.0,-1.5925070406520703,0.44416616338425946,6.370630388893432e-120,0.0,0.0,0.0,0.0018716554864086632,unicycle
3.5030426133254644,3.616018029813616,1.765,0.0,0.0,-1.5924680779610143,0.4441615848249651,5.101743957416619e-120,0.0,0.0,0.0,0.0019481345527765951,unicycle
3.502850294755575,3.607136961171992,1.765,0.0,0.0,-1.5924275889289425,0.44415753584834433,4.078872609739916e-120,0.0,0.0,0.0,0.002024451603574957,unicycle
3.502658344061662,3.5982559552477777,1.765,0.0,0.0,-1.5923855768625015,0.4441540028707066,3.255326861337242e-120,0.0,0.0,0.0,0.0021006033220389276,unicycle
3.5024667745311175,3.5893750016533437,1.765,0.0,0.0,-1.592342045134416,0.44415097558146094,2.5931225593538645e-120,0.0,0.0,0.0,0.0021765864042648892,unicycle
3.502275599425508,3.5804940901595605,1.765,0.0,0.0,-1.592296997183235,0.4441484461718888,2.061382264098785e-120,0.0,0.0,0.0,0.0022523975590328354,unicycle
3.502084831979241,3.5716132106579623,1.765,0.0,0.0,-1.5922504365130823,0.4441464087289376,1.6350262658867725e-120,0.0,0.0,0.0,0.0023280335076380342,unicycle
3.5018944853984446,3.5627323531324033,1.765,0.0,0.0,-1.592202366693407,0.44414485876034154,1.2937014013631385e-120,0.0,0.0,0.0,0.0024034909837543058,unicycle
3.5017045728600147,3.5538515076381256,1.765,0.0,0.0,-1.5921527913587405,0.4441437928240317,1.0209050048856202e-120,0.0,0.0,0.0,0.0024787667333396554,unicycle
3.501515107510785,3.5449706642865837,1.765,0.0,0.0,-1.5921017142084486,0.4441432082401744,8.032688968956103e-121,0.0,0.0,0.0,0.0025538575145875263,unicycle
3.5013261024668036,3.5360898132347174,1.765,0.0,0.0,-1.59204913900649,0.44414310286850894,6.299745504080837e-121,0.0,0.0,0.0,0.0026287600979222883,unicycle
3.5011375708126797,3.5272089446776524,1.765,0.0,0.0,-1.5919950695811693,0.44414347493714845,4.922757190950874e-121,0.0,0.0,0.0,0.0027034712660349326,unicycle
3.500949525600994,3.5183280488440114,1.765,0.0,0.0,-1.5919395098248903,0.44414432291181327,3.8310904669656024e-121,0.0,0.0,0.0,0.0027779878139536623,unicycle
3.500761979851751,3.5094471159932072,1.765,0.0,0.0,-1.591882463693907,0.44414564539672463,2.967766656021833e-121,0.0,0.0,0.0,0.0028523065491435863,unicycle
3.500574946551862,3.500566136414223,1.765,0.0,0.0,-1.5918239352080743,0.4441474410601937,2.286876631080449e-121,0.0,0.0,0.0,0.002926424291629909,unicycle
3.5003884386546606,3.491685100425496,1.765,0.0,0.0,-1.5917639284505916,0.4441497085793925,1.751476551703848e-121,0.0,0.0,0.0,0.003000337874139385,unicycle
3.50020246907943,3.482803998375608,1.765,0.0,0.0,-1.5917024475677466,0.44415244659994996,1.3318764883634925e-121,0.0,0.0,0.0,0.0030740441422554116,unicycle
3.500017050710946,3.473922820644557,1.765,0.0,0.0,-1.5916394967686547,0.44415565370694327,1.0042496979162743e-121,0.0,0.0,0.0,0.003147539954582837,unicycle
3.4998321963990295,3.465041557645433,1.765,0.0,0.0,-1.5915750803249964,0.4441593284045914,7.495034163808309e-122,0.0,0.0,0.0,0.0032208221829191684,unicycle
3.499647918958106,3.456160199826366,1.765,0.0,0.0,-1.5915092025707478,0.4441634691025429,5.523627897258833e-122,0.0,0.0,0.0,0.0032938877124295174,unicycle
3.499464231166769,3.447278737672649,1.765,0.0,0.0,-1.5914418679019113,0.4441680741071167,4.0062838649045084e-122,0.0,0.0,0.0,0.003366733441823175,unicycle
3.499281145767346,3.438397161708965,1.765,0.0,0.0,-1.5913730807762405,0.44417314161622073,2.8457497055520326e-122,0.0,0.0,0.0,0.0034393562835301626,unicycle
3.499098675465467,3.4295154625016564,1.765,0.0,0.0,-1.5913028457129634,0.44417866971696573,1.9646514094561636e-122,0.0,0.0,0.0,0.00351175316387656,unicycle
3.4989168329296345,3.420633630661006,1.765,0.0,0.0,-1.5912311672924981,0.4441846563852189,1.3015630110212679e-122,0.0,0.0,0.0,0.003583921023257703,unicycle
3.498735630790791,3.411751656843496,1.765,0.0,0.0,-1.591158050156172,0.4441910994865224,8.078339445052368e-123,0.0,0.0,0.0,0.0036558568163086473,unicycle
3.49855508164189,3.4028695317540314,1.765,0.0,0.0,-1.5910834990059304,0.4441979967779403,4.4503094284118453e-123,0.0,0.0,0.0,0.0037275575120715365,unicycle
3.4983751980374644,3.3939872461481144,1.765,0.0,0.0,-1.591007518604047,0.4442053459105097,1.828779388088597e-123,0.0,0.0,0.0,0.0037990200941595983,unicycle
3.498195992493194,3.385104790833959,1.765,0.0,0.0,-1.5909301137728287,0.4442131444320535,-2.4008570272967646e-125,0.0,0.0,0.0,0.003870241560917728,unicycle
3.498017477485475,3.3762221566745443,1.765,0.0,0.0,-1.5908512893943172,0.444221389790179,-1.2941179746620031e-123,0.0,0.0,0.0,0.0039412189255796405,unicycle
3.4978396654509862,3.3673393345896128,1.765,0.0,0.0,-1.5907710504099886,0.44423007933533676,-2.1265918876900487e-123,0.0,0.0,0.0,0.004011949216421649,unicycle
3.4976625687862564,3.3584563155575973,1.765,0.0,0.0,-1.59068940182045,0.44423921032385105,-2.6340006471940526e-123,0.0,0.0,0.0,0.0040824294769131846,unicycle
3.4974861998472293,3.349573090617496,1.765,0.0,0.0,-1.5906063486851327,0.44424877992086403,-2.9032756959867468e-123,0.0,0.0,0.0,0.004152656765864231,unicycle
3.497310570948831,3.3406896508706865,1.765,0.0,0.0,-1.5905218961219811,0.44425878520315387,-3.0011635086436516e-123,0.0,0.0,0.0,0.004222628157569791,unicycle
3.497135694364534,3.331805987482686,1.765,0.0,0.0,-1.5904360493071423,0.44426922316180734,-2.9785699704365774e-123,0.0,0.0,0.0,0.00429234074195156,unicycle
3.4969615823259237,3.322922091684863,1.765,0.0,0.0,-1.590348813474648,0.44428009070473495,-2.874013820464291e-123,0.0,0.0,0.0,0.004361791624696961,unicycle
3.496788247022262,3.314037954776096,1.765,0.0,0.0,-1.5902601939161,0.44429138465902696,-2.7163657439664177e-123,0.0,0.0,0.0,0.0044309779273957045,unicycle
3.4966157006000538,3.3051535681243913,1.765,0.0,0.0,-1.5901701959803467,0.4443031017731541,-2.52701559255193e-123,0.0,0.0,0.0,0.0044998967876739866,unicycle
3.4964439551626088,3.2962689231684603,1.765,0.0,0.0,-1.59007882507316,0.4443152387190199,-2.3215825574794305e-123,0.0,0.0,0.0,0.004568545359326477,unicycle
3.4962730227696093,3.2873840114192516,1.765,0.0,0.0,-1.5899860866569109,0.4443277920938751,-2.1112607202545684e-123,0.0,0.0,0.0,0.0046369208124461886,unicycle
3.4961029154366727,3.2784988244614515,1.765,0.0,0.0,-1.5898919862502396,0.4443407584221043,-1.9038742765664235e-123,0.0,0.0,0.0,0.004705020333552353,unicycle
3.495933645134918,3.269613353954951,1.765,0.0,0.0,-1.5897965294277254,0.44435413415689795,-1.7047020739713887e-123,0.0,0.0,0.0,0.004772841125716375,unicycle
3.495765223790529,3.2607275916362735,1.765,0.0,0.0,-1.5896997218195514,0.44436791568181905,-1.5171192681997095e-123,0.0,0.0,0.0,0.004840380408685926,unicycle
3.495597663284321,3.251841529319982,1.765,0.0,0.0,-1.5896015691111713,0.4443820993122785,-1.3430943556017433e-123,0.0,0.0,0.0,0.004907635419007265,unicycle
3.4954309754513053,3.2429551589000494,1.765,0.0,0.0,-1.5895020770429689,0.4443966812969284,-1.1835721468183061e-123,0.0,0.0,0.0,0.004974603410145829,unicycle
3.495265172080256,3.2340684723512063,1.765,0.0,0.0,-1.5894012514099167,0.4444116578189836,-1.0387670566238793e-123,0.0,0.0,0.0,0.005041281652605123,unicycle
3.495100264913276,3.2251814617302594,1.765,0.0,0.0,-1.5892990980612358,0.4444270249974815,-9.08386110266468e-124,0.0,0.0,0.0,0.005107667434043962,unicycle
3.4949362656453618,3.2162941191773884,1.765,0.0,0.0,-1.5891956229000483,0.4444427788884867,-7.917970744629523e-124,0.0,0.0,0.0,0.005173758059392084,unicycle
3.4947731859239717,3.207406436917415,1.765,0.0,0.0,-1.5890908318830292,0.4444589154862513,-6.881539222788785e-124,0.0,0.0,0.0,0.005239550850964137,unicycle
3.4946110373485935,3.198518407261051,1.765,0.0,0.0,-1.5889847310200582,0.44447543072433454,-5.964892819196838e-124,0.0,0.0,0.0,0.005305043148572083,unicycle
3.494449831470311,3.1896300226061243,1.765,0.0,0.0,-1.5888773263738654,0.4444923204766893,-5.157814755679137e-124,0.0,0.0,0.0,0.005370232309636019,unicycle
3.4942895797913733,3.1807412754387805,1.765,0.0,0.0,-1.5887686240596794,0.44450958055872153,-4.450021250717539e-124,0.0,0.0,0.0,0.005435115709293411,unicycle
3.494130293764763,3.171852158334664,1.765,0.0,0.0,-1.5886586302448693,0.44452720672832535,-3.831490050267925e-124,0.0,0.0,0.0,0.005499690740506758,unicycle
3.4939719847937645,3.1629626639600765,1.765,0.0,0.0,-1.588547351148586,0.4445451946868997,-3.292677947376523e-124,0.0,0.0,0.0,0.005563954814169672,unicycle
3.493814664231535,3.154072785073121,1.765,0.0,0.0,-1.5884347930414018,0.44456354008034943,-2.8246556553767523e-124,0.0,0.0,0.0,0.005627905359211404,unicycle
3.4936583433806754,3.145182514524813,1.765,0.0,0.0,-1.588320962244948,0.44458223850007433,-2.4191819611983446e-124,0.0,0.0,0.0,0.005691539822699779,unicycle
3.4935030334927983,3.1362918452601836,1.765,0.0,0.0,-1.5882058651315492,0.44460128548394773,-2.068734013721544e-124,0.0,0.0,0.0,0.005754855669942554,unicycle
3.493348745768103,3.1274007703193525,1.765,0.0,0.0,-1.5880895081238575,0.4446206765172886,-1.7665066195369324e-124,0.0,0.0,0.0,0.005817850384587191,unicycle
3.4931954913549452,3.118509282838589,1.765,0.0,0.0,-1.5879718976944834,0.44464040703382746,-1.506390301941553e-124,0.0,0.0,0.0,0.005880521468719036,unicycle
3.4930432813494106,3.109617376051345,1.765,0.0,0.0,-1.5878530403656244,0.4446604724166692,-1.2829354496748297e-124,0.0,0.0,0.0,0.00594286644295793,unicycle
3.492892126794888,3.1007250432892732,1.765,0.0,0.0,-1.5877329427086937,0.44468086799925316,-1.0913079965598068e-124,0.0,0.0,0.0,0.006004882846553193,unicycle
3.4927420386816435,3.0918322779832246,1.765,0.0,0.0,-1.5876116113439438,0.44470158906631246,-9.272406173710745e-125,0.0,0.0,0.0,0.006066568237477027,unicycle
3.4925930279463953,3.082939073664222,1.765,0.0,0.0,-1.5874890529400938,0.44472263085483266,-7.869823075261278e-125,0.0,0.0,0.0,0.00612792019251631,unicycle
3.4924451054718895,3.074045423964417,1.765,0.0,0.0,-1.5873652742139466,0.4447439885550122,-6.672483618084476e-125,0.0,0.0,0.0,0.006188936307362773,unicycle
3.4922982820864763,3.0651513226180263,1.765,0.0,0.0,-1.5872402819300124,0.44476565731122303,-5.651721224226183e-125,0.0,0.0,0.0,0.006249614196701572,unicycle
3.492152568563686,3.0562567634622475,1.765,0.0,0.0,-1.5871140829001262,0.4447876322229743,-4.782593833674416e-125,0.0,0.0,0.0,0.0063099514942982415,unicycle
3.4920079756218074,3.0473617404381526,1.765,0.0,0.0,-1.5869866839830644,0.4448099083458778,-4.0434598008680943e-125,0.0,0.0,0.0,0.006369945853084026,unicycle
3.4918645139234683,3.0384662475915643,1.765,0.0,0.0,-1.5868580920841597,0.4448324806926163,-3.4155883197202814e-125,0.0,0.0,0.0,0.0064295949452395995,unicycle
3.491722194075211,3.029570279073911,1.765,0.0,0.0,-1.5867283141549136,0.44485534423391543,-2.88280518004136e-125,0.0,0.0,0.0,0.006488896462277149,unicycle
3.4915810266270753,3.0206738291430586,1.765,0.0,0.0,-1.5865973571926113,0.44487849389951845,-2.431173349652351e-125,0.0,0.0,0.0,0.006547848115120846,unicycle
3.49144102207218,3.011776892164125,1.765,0.0,0.0,-1.5864652282399279,0.4449019245791646,-2.0487069940339248e-125,0.0,0.0,0.0,0.006606447634185693,unicycle
3.4913021908463038,3.002879462610273,1.765,0.0,0.0,-1.5863319343845388,0.4449256311235709,-1.7251169815936317e-125,0.0,0.0,0.0,0.00666469276945474,unicycle
3.4911645433274674,2.993981535063481,1.765,0.0,0.0,-1.586197482758728,0.44494960834541775,-1.4515855943111853e-125,0.0,0.0,0.0,0.006722581290554688,unicycle
3.49102808983552,2.9850831042152968,1.765,0.0,0.0,-1.5860618805389912,0.4449738510203381,-1.2205680065042508e-125,0.0,0.0,0.0,0.0067801109868298555,unicycle
3.4908928406317234,2.9761841648675644,1.765,0.0,0.0,-1.5859251349456431,0.44499835388791037,-1.0256180596329972e-125,0.0,0.0,0.0,0.006837279667414537,unicycle
3.490758805918336,2.967284711933136,1.765,0.0,0.0,-1.585787253242417,0.44502311165265473,-8.612359110909776e-126,0.0,0.0,0.0,0.006894085161303739,unicycle
3.490625995838203,2.958384740436559,1.765,0.0,0.0,-1.5856482427360687,0.4450481189850328,-7.22735241664386e-126,0.0,0.0,0.0,0.006950525317422296,unicycle
3.4904944204743416,2.949484245514744,1.765,0.0,0.0,-1.585508110775975,0.44507337052245155,-6.061278487789216e-126,0.0,0.0,0.0,0.007006598004692374,unicycle
3.4903640898495323,2.940583222417611,1.765,0.0,0.0,-1.585366864753733,0.4450988608702697,-5.0802361532029175e-126,0.0,0.0,0.0,0.007062301112099365,unicycle
3.490235013925908,2.9316816665087133,1.765,0.0,0.0,-1.585224512102758,0.4451245846028078,-4.2554401549294076e-126,0.0,0.0,0.0,0.007117632548756175,unicycle
3.4901072026045474,2.9227795732658417,1.765,0.0,0.0,-1.5850810602978787,0.44515053626436174,-3.562474919081217e-126,0.0,0.0,0.0,0.007172590243965906,unicycle
3.489980665725065,2.9138769382816063,1.765,0.0,0.0,-1.584936516854933,0.4451767103702188,-2.9806520637324146e-126,0.0,0.0,0.0,0.007227172147282956,unicycle
3.4898554130652064,2.9049737572639986,1.765,0.0,0.0,-1.5847908893303615,0.44520310140767644,-2.4924582705430718e-126,0.0,0.0,0.0,0.007281376228572502,unicycle
3.4897314543404447,2.89607002603693,1.765,0.0,0.0,-1.5846441853208002,0.4452297038370648,-2.083081645505264e-126,0.0,0.0,0.0,0.007335200478068408,unicycle
3.489608799203575,2.887165740540749,1.765,0.0,0.0,-1.584496412462672,0.44525651209277045,-1.7400060771912242e-126,0.0,0.0,0.0,0.0073886429064295555,unicycle
3.4894874572443135,2.8782608968327392,1.765,0.0,0.0,-1.584347578431776,0.4452835205842639,-1.4526643631766068e-126,0.0,0.0,0.0,0.007441701544794592,unicycle
3.4893674379888964,2.869355491087593,1.765,0.0,0.0,-1.5841976909428794,0.44531072369712826,-1.2121420170750001e-126,0.0,0.0,0.0,0.0074943744448351095,unicycle
3.489248750899681,2.860449519597864,1.765,0.0,0.0,-1.5840467577493027,0.44533811579409077,-1.0109246935733655e-126,0.0,0.0,0.0,0.007546659678807271,unicycle
3.4891314053747466,2.8515429787744004,1.765,0.0,0.0,-1.5838947866425106,0.44536569121605607,-8.426830830457507e-127,0.0,0.0,0.0,0.007598555339601871,unicycle
3.4890154107475,2.8426358651467534,1.765,0.0,0.0,-1.5837417854516949,0.4453934442831409,-7.020899382017917e-127,0.0,0.0,0.0,0.007650059540792848,unicycle
3.4889007762862803,2.833728175363565,1.765,0.0,0.0,-1.5835877620433612,0.44542136929571113,-5.846646110010867e-127,0.0,0.0,0.0,0.007701170416684262,unicycle
3.488787511193962,2.8248199061929347,1.765,0.0,0.0,-1.5834327243209136,0.44544946053541945,-4.8664110720519064e-127,0.0,0.0,0.0,0.007751886122355736,unicycle
3.488675624607569,2.8159110545227644,1.765,0.0,0.0,-1.5832766802242395,0.44547771226624505,-4.048562168461502e-127,0.0,0.0,0.0,0.007802204833706379,unicycle
3.4885651255978805,2.8070016173610792,1.765,0.0,0.0,-1.5831196377292898,0.4455061187355337,-3.3665475966518453e-127,0.0,0.0,0.0,0.007852124747497184,unicycle
3.4884560231690434,2.79809159183633,1.765,0.0,0.0,-1.5829616048476618,0.44553467417503917,-2.798094028707711e-127,0.0,0.0,0.0,0.007901644081391927,unicycle
3.488348326258187,2.789180975197672,1.765,0.0,0.0,-1.582802589626182,0.4455633728019655,-2.324528714996469e-127,0.0,0.0,0.0,0.007950761073996565,unicycle
3.4882420437350365,2.780269764815221,1.765,0.0,0.0,-1.5826426001464837,0.44559220882000966,-1.930206857743533e-127,0.0,0.0,0.0,0.00799947398489714,unicycle
3.48813718440153,2.7713579581802894,1.765,0.0,0.0,-1.58248164452459,0.4456211764204043,-1.6020283108072128e-127,0.0,0.0,0.0,0.00804778109469622,unicycle
3.488033756991439,2.7624455529055987,1.765,0.0,0.0,-1.582319730910489,0.44565026978296113,-1.329029998970455e-127,0.0,0.0,0.0,0.008095680705047861,unicycle
3.487931770169987,2.7535325467254714,1.765,0.0,0.0,-1.5821568674877153,0.4456794830771147,-1.1020424599124062e-127,0.0,0.0,0.0,0.008143171138691098,unicycle
3.4878312325334724,2.7446189374960013,1.765,0.0,0.0,-1.5819930624729257,0.44570881046296484,-9.134006373211095e-128,0.0,0.0,0.0,0.008190250739482006,unicycle
3.4877321526088934,2.7357047231952007,1.765,0.0,0.0,-1.581828324115477,0.44573824609231977,-7.567005321498379e-128,0.0,0.0,0.0,0.008236917872424318,unicycle
3.4876345388535754,2.726789901923126,1.765,0.0,0.0,-1.5816626606970028,0.4457677841097385,-6.265945841015825e-128,0.0,0.0,0.0,0.008283170923698607,unicycle
3.4875383996547984,2.7178744719019825,1.765,0.0,0.0,-1.5814960805309888,0.44579741865357236,-5.186197362706469e-128,0.0,0.0,0.0,0.008329008300690059,unicycle
3.4874437433294276,2.708958431476206,1.765,0.0,0.0,-1.5813285919623483,0.44582714385700617,-4.2905305802891585e-128,0.0,0.0,0.0,0.008374428432014835,unicycle
3.487350578123547,2.700041779112523,1.765,0.0,0.0,-1.5811602033669971,0.4458569538490977,-3.547905869878479e-128,0.0,0.0,0.0,0.00841942976754504,unicycle
3.487258912212094,2.691124513399993,1.765,0.0,0.0,-1.580990923151429,0.4458868427558163,-2.932457195498427e-128,0.0,0.0,0.0,0.008464010778432313,unicycle
3.487168753698498,2.68220663305002,1.765,0.0,0.0,-1.5808207597522865,0.44591680470108036,-2.422640479595746e-128,0.0,0.0,0.0,0.008508169957130027,unicycle
3.487080110614316,2.6732881368963524,1.765,0.0,0.0,-1.5806497216359383,0.4459468338077927,-2.0005202438181848e-128,0.0,0.0,0.0,0.008551905817414161,unicycle
3.486992990918881,2.664369023895056,1.765,0.0,0.0,-1.5804778172980503,0.4459769241988746,-1.6511724188081918e-128,0.0,0.0,0.0,0.008595216894402794,unicycle
3.48690740249894,2.655449293124463,1.765,0.0,0.0,-1.580305055263159,0.4460070699982978,-1.3621846903114729e-128,0.0,0.0,0.0,0.008638101744574272,unicycle
3.4868233531683046,2.6465289437851087,1.765,0.0,0.0,-1.580131444084243,0.4460372653321147,-1.1232386850952604e-128,0.0,0.0,0.0,0.008680558945784057,unicycle
3.4867408506674984,2.6376079751996353,1.765,0.0,0.0,-1.5799569923422974,0.4460675043294858,-9.257607834331118e-129,0.0,0.0,0.0,0.00872258709728026,unicycle
3.4866599026634097,2.6286863868126824,1.765,0.0,0.0,-1.579781708645903,0.4460977811237049,-7.626304432583941e-129,0.0,0.0,0.0,0.008764184819717875,unicycle
3.4865805167489463,2.6197641781907515,1.765,0.0,0.0,-1.5796056016307995,0.4461280898532222,-6.279366926791292e-129,0.0,0.0,0.0,0.008805350755171715,unicycle
3.48650270044269,2.6108413490220523,1.765,0.0,0.0,-1.5794286799594566,0.446158424662664,-5.167749420457055e-129,0.0,0.0,0.0,0.0088460835671481,unicycle
3.4864264611885574,2.6019178991163288,1.765,0.0,0.0,-1.5792509523206448,0.44618877970384957,-4.250775265190735e-129,0.0,0.0,0.0,0.008886381940595253,unicycle
3.486351806355464,2.592993828404657,1.765,0.0,0.0,-1.5790724274290064,0.44621914913680527,-3.494724511664363e-129,0.0,0.0,0.0,0.008926244581912478,unicycle
3.486278743233214,2.584069136482669,1.765,0.0,0.0,-1.5788931140325448,0.44624954995963895,-2.8716570369218612e-129,0.0,0.0,0.0,0.00896566982308129,unicycle
3.4862072790341316,2.5751438228212633,1.765,0.0,0.0,-1.5787130209085847,0.4462799886325505,-2.3584325105920154e-129,0.0,0.0,0.0,0.009004656198021509,unicycle
3.486137420896831,2.5662178872672095,1.765,0.0,0.0,-1.5785321568546808,0.44631044658307006,-1.9358946759156727e-129,0.0,0.0,0.0,0.009043202695166482,unicycle
3.4860691758852322,2.5572913299760502,1.765,0.0,0.0,-1.5783505306893202,0.4463409085917994,-1.5881927243012908e-129,0.0,0.0,0.0,0.00908130826803678,unicycle
3.486002550987741,2.5483641513603374,1.765,0.0,0.0,-1.5781681512523553,0.446371362025835,-1.3022169932323776e-129,0.0,0.0,0.0,0.009118971848243507,unicycle
3.485937553116563,2.5394363520499144,1.765,0.0,0.0,-1.577985027405242,0.44640179623631876,-1.0671299511945619e-129,0.0,0.0,0.0,0.009156192355660108,unicycle
3.485874189107115,2.5305079328616316,1.765,0.0,0.0,-1.5778011680311146,0.44643220208661144,-8.739765635201064e-130,0.0,0.0,0.0,0.009192968706359834,unicycle
3.485812465717513,2.5215788947764275,1.765,0.0,0.0,-1.577616582034739,0.4464625715841996,-7.153607556649462e-130,0.0,0.0,0.0,0.009229299818792286,unicycle
3.4857523896281197,2.5126492389221218,1.765,0.0,0.0,-1.5774312783423674,0.4464928975947914,-5.8517688646270995e-130,0.0,0.0,0.0,0.009265184618574077,unicycle
3.48569396744114,2.503718966560627,1.765,0.0,0.0,-1.5772452659015237,0.44652317362136407,-4.783869816716611e-130,0.0,0.0,0.0,0.009300622042190596,unicycle
3.485637205680248,2.4947880790785604,1.765,0.0,0.0,-1.577058553680727,0.4465533936343976,-3.908360152234979e-130,0.0,0.0,0.0,0.009335611039843653,unicycle
3.485582110790241,2.4858565779804365,1.765,0.0,0.0,-1.5768711506691744,0.446583551942322,-3.190988104815202e-130,0.0,0.0,0.0,0.009370150577630534,unicycle
3.4855286891367134,2.476924464883828,1.765,0.0,0.0,-1.5766830658763902,0.44661364309344864,-2.6035320731560023e-130,0.0,0.0,0.0,0.009404239639200916,unicycle
3.4854769470057487,2.4679917415159918,1.765,0.0,0.0,-1.5764943083318506,0.44664366180245624,-2.1227503720535923e-130,0.0,0.0,0.0,0.00943787722700705,unicycle
3.485426890603621,2.459058409711587,1.765,0.0,0.0,-1.5763048870845857,0.44667360289594477,-1.729511967143047e-130,0.0,0.0,0.0,0.009471062363238032,unicycle
3.4853785260565076,2.4501244714111796,1.765,0.0,0.0,-1.5761148112027754,0.44670346127272204,-1.4080773373973267e-130,0.0,0.0,0.0,0.009503794090509578,unicycle
3.4853318594102056,2.441189928660323,1.765,0.0,0.0,-1.5759240897733287,0.44673323187540936,-1.1455038124665571e-130,0.0,0.0,0.0,0.009536071472365263,unicycle
3.485286896629861,2.4322547836090256,1.765,0.0,0.0,-1.5757327319014558,0.4467629096706868,-9.311540677237922e-131,0.0,0.0,0.0,0.009567893593633098,unicycle
3.4852436435996954,2.423319038511486,1.765,0.0,0.0,-1.5755407467102425,0.44679248963608004,-7.562900711797882e-131,0.0,0.0,0.0,0.009599259560671668,unicycle
3.4852021061227423,2.4143826957259913,1.765,0.0,0.0,-1.575348143340212,0.44682196675165503,-6.137377828219802e-131,0.0,0.0,0.0,0.009630168501532478,unicycle
3.485162289920585,2.40544575771491,1.765,0.0,0.0,-1.5751549309488904,0.4468513359953526,-4.976104085309826e-131,0.0,0.0,0.0,0.009660619566059266,unicycle
3.485124200633099,2.3965082270447224,1.765,0.0,0.0,-1.5749611187103716,0.44688059234098415,-4.0308009128971085e-131,0.0,0.0,0.0,0.009690611925940265,unicycle
3.4850878438181967,2.3875701063860535,1.765,0.0,0.0,-1.5747667158148768,0.4469097307581373,-3.2618965196436026e-131,0.0,0.0,0.0,0.009720144774725803,unicycle
3.4850532249515775,2.3786313985136784,1.765,0.0,0.0,-1.5745717314683203,0.4469387462134187,-2.636974290373679e-131,0.0,0.0,0.0,0.009749217327820667,unicycle
3.485020349426478,2.369692106306488,1.765,0.0,0.0,-1.5743761748918712,0.4469676336726015,-2.1294946020352656e-131,0.0,0.0,0.0,0.009777828822458524,unicycle
3.484989222553429,2.3607522327473944,1.765,0.0,0.0,-1.5741800553215182,0.4469963881033527,-1.7177423952030935e-131,0.0,0.0,0.0,0.0098059785176638,unicycle
3.484959849560012,2.3518117809231778,1.765,0.0,0.0,-1.5739833820076339,0.4470250044783005,-1.383961058920334e-131,0.0,0.0,0.0,0.009833665694205185,unicycle
3.4849322355906245,2.3428707540242675,1.765,0.0,0.0,-1.573786164214543,0.44705347777826704,-1.1136400047022713e-131,0.0,0.0,0.0,0.009860889654543781,unicycle
3.4849063857062417,2.3339291553444554,1.765,0.0,0.0,-1.5735884112200875,0.4470818029955405,-8.949289574735041e-132,0.0,0.0,0.0,0.009887649722778183,unicycle
3.48488230488419,2.324986988280546,1.765,0.0,0.0,-1.573390132315196,0.4471099751370999,-7.181566743508348e-132,0.0,0.0,0.0,0.009913945244588059,unicycle
3.484859998017918,2.3160442563319417,1.765,0.0,0.0,-1.5731913368034522,0.44713798922773296,-5.754356807939058e-132,0.0,0.0,0.0,0.009939775587177416,unicycle
3.4848394699167704,2.3071009631001704,1.765,0.0,0.0,-1.572992034000668,0.4471658403130109,-4.603378244574704e-132,0.0,0.0,0.0,0.009965140139218336,unicycle
3.4848207253057732,2.298157112288355,1.765,0.0,0.0,-1.572792233234452,0.44719352346209723,-3.67628103845031e-132,0.0,0.0,0.0,0.009990038310795665,unicycle
3.4848037688254174,2.289212707700626,1.765,0.0,0.0,-1.572591943843785,0.4472210337703812,-2.930464261719924e-132,0.0,0.0,0.0,0.010014469533353006,unicycle
3.4847886050314467,2.2802677532414934,1.765,0.0,0.0,-1.572391175178592,0.4472483663619334,-2.3312876531351266e-132,0.0,0.0,0.0,0.010038433259640168,unicycle
3.48477523839465,2.2713222529151627,1.765,0.0,0.0,-1.5721899365993186,0.44727551639178764,-1.8506069164780736e-132,0.0,0.0,0.0,0.010061928963662127,unicycle
3.484763673300661,2.262376210824814,1.765,0.0,0.0,-1.5719882374765057,0.4473024790480563,-1.4655748524023065e-132,0.0,0.0,0.0,0.010084956140629462,unicycle
3.4847539140497563,2.2534296311718394,1.765,0.0,0.0,-1.5717860871903673,0.4473292495538885,-1.157660671565909e-132,0.0,0.0,0.0,0.010107514306910249,unicycle
3.484745964856664,2.2444825182550425,1.765,0.0,0.0,-1.5715834951303678,0.44735582316928274,-9.11848280850403e-133,0.0,0.0,0.0,0.010129602999983259,unicycle
3.4847398298503736,2.2355348764698073,1.765,0.0,0.0,-1.5713804706948005,0.4473821951927663,-7.159812984612105e-133,0.0,0.0,0.0,0.010151221778392368,unicycle
3.4847355130739497,2.2265867103072305,1.765,0.0,0.0,-1.5711770232903661,0.44740836096295067,-5.602282944164731e-133,0.0,0.0,0.0,0.010172370221702039,unicycle
3.484733018484352,2.21763802435323,1.765,0.0,0.0,-1.5709731623317573,0.44743431585997767,-4.366464829391352e-133,0.0,0.0,0.0,0.010193047930453735,unicycle
3.4847323499522584,2.208688823287622,1.765,0.0,0.0,-1.5707688972412346,0.4474600553068644,-3.388259886069491e-133,0.0,0.0,0.0,0.010213254526123143,unicycle
3.484733511261896,2.199739111883172,1.765,0.0,0.0,-1.5705642374482134,0.44748557477075845,-2.6160001448515484e-133,0.0,0.0,0.0,0.010232989651078042,unicycle
3.4847365061108713,2.1907888950046246,1.765,0.0,0.0,-1.5703591923888423,0.44751086976411253,-2.0080887840191004e-133,0.0,0.0,0.0,0.010252252968536758,unicycle
3.4847413381100107,2.181838177607711,1.765,0.0,0.0,-1.570153771505592,0.4475359358457865,-1.5310805269819536e-133,0.0,0.0,0.0,0.010271044162527037,unicycle
3.484748010783201,2.1728869647381326,1.765,0.0,0.0,-1.5699479842468347,0.44756076862208516,-1.158121255723414e-133,0.0,0.0,0.0,0.010289362937845232,unicycle
3.48475652756724,2.1639352615305247,1.765,0.0,0.0,-1.5697418400664345,0.447585363747738,-8.676806660210517e-134,0.0,0.0,0.0,0.010307209020015754,unicycle
3.4847668918116863,2.154983073207405,1.765,0.0,0.0,-1.5695353484233296,0.4476097169268273,-6.42523813630172e-134,0.0,0.0,0.0,0.010324582155250665,unicycle
3.484779106778718,2.1460304050780996,1.765,0.0,0.0,-1.5693285187811217,0.44763382391366974,-4.688772665477255e-134,0.0,0.0,0.0,0.010341482110409344,unicycle
3.484793175642995,2.137077262537654,1.765,0.0,0.0,-1.5691213606076624,0.44765768051365723,-3.3575366963409845e-134,0.0,0.0,0.0,0.010357908672958164,unicycle
3.4848091014915266,2.1281236510657275,1.765,0.0,0.0,-1.5689138833746434,0.4476812825840597,-2.3440515978898213e-134,0.0,0.0,0.0,0.010373861650930113,unicycle
3.484826887323543,2.119169576225472,1.765,0.0,0.0,-1.568706096557186,0.4477046260347942,-1.5788150260852623e-134,0.0,0.0,0.0,0.010389340872884328,unicycle
3.484846536050373,2.110215043662395,1.765,0.0,0.0,-1.5684980096334284,0.4477277068291637,-1.0067326922045661e-134,0.0,0.0,0.0,0.010404346187865465,unicycle
3.484868050495329,2.101260059103209,1.765,0.0,0.0,-1.568289632084121,0.4477505209845683,-5.842401118988799e-135,0.0,0.0,0.0,0.010418877465362908,unicycle
3.484891433393589,2.092304628354664,1.765,0.0,0.0,-1.5680809733922156,0.4477730645731903,-2.769836717214332e-135,0.0,0.0,0.0,0.010432934595269741,unicycle
3.4849166873920954,2.08334875730237,1.765,0.0,0.0,-1.567872043042459,0.4477953337226566,-5.795466761925165e-136,0.0,0.0,0.0,0.010446517487841474,unicycle
3.4849438150494483,2.074392451909609,1.765,0.0,0.0,-1.5676628505209855,0.44781732461667867,9.401017085625028e-136,0.0,0.0,0.0,0.010459626073654516,unicycle
3.484972818835813,2.065435718216122,1.765,0.0,0.0,-1.5674534053149143,0.447839033495673,1.9543194945799514e-135,0.0,0.0,0.0,0.01047226030356434,unicycle
3.4850037011328237,2.0564785623369,1.765,0.0,0.0,-1.567243716911941,0.4478604566573622,2.591537321121379e-135,0.0,0.0,0.0,0.010484420148663375,unicycle
3.485036464233501,2.0475209904609493,1.765,0.0,0.0,-1.5670337947999362,0.4478815904573589,2.951118062444615e-135,0.0,0.0,0.0,0.010496105600238554,unicycle
3.485071110342167,2.038563008850056,1.765,0.0,0.0,-1.5668236484665419,0.447902431309732,3.109516062851128e-135,0.0,0.0,0.0,0.010507316669728553,unicycle
3.485107641574374,2.0296046238375305,1.765,0.0,0.0,-1.5666132873987684,0.4479229756875571,3.125186721050707e-135,0.0,0.0,0.0,0.010518053388680691,unicycle
3.485146059956829,2.0206458418269464,1.765,0.0,0.0,-1.5664027210825944,0.44794322012345184,3.0424921425503814e-135,0.0,0.0,0.0,0.010528315808707493,unicycle
3.4851863674273336,2.0116866692908673,1.765,0.0,0.0,-1.5661919590025657,0.4479631612100957,2.894801416094751e-135,0.0,0.0,0.0,0.010538104001442915,unicycle
3.48522856583472,2.0027271127695636,1.765,0.0,0.0,-1.5659810106413956,0.44798279560073584,2.7069457844776013e-135,0.0,0.0,0.0,0.010547418058498223,unicycle
3.4852726569388,1.9937671788697184,1.765,0.0,0.0,-1.5657698854795674,0.4480021200096786,2.4971579277955178e-135,0.0,0.0,0.0,0.010556258091417536,unicycle
3.485318642410312,1.9848068742631233,1.765,0.0,0.0,-1.5655585929949347,0.4480211312127673,2.2785994148561903e-135,0.0,0.0,0.0,0.010564624231632996,unicycle
3.4853665238308804,1.9758462056853674,1.765,0.0,0.0,-1.565347142662326,0.4480398260478468,2.0605600083269054e-135,0.0,0.0,0.0,0.010572516630419637,unicycle
3.485416302692978,1.9668851799345148,1.765,0.0,0.0,-1.5651355439531496,0.44805820141521424,1.849396035139494e-135,0.0,0.0,0.0,0.01057993545884989,unicycle
3.4854679803998914,1.9579238038697742,1.765,0.0,0.0,-1.564923806334995,0.4480762542780572,1.649261724479578e-135,0.0,0.0,0.0,0.010586880907747755,unicycle
3.4855215582656944,1.9489620844101578,1.765,0.0,0.0,-1.5647119392712419,0.44809398166287884,1.462676675236002e-135,0.0,0.0,0.0,0.010593353187642634,unicycle
3.4855770375152275,1.9400000285331367,1.765,0.0,0.0,-1.5644999522206673,0.44811138065990985,1.2909639573702767e-135,0.0,0.0,0.0,0.01059935252872284,unicycle
3.4856344192840787,1.931037643273282,1.765,0.0,0.0,-1.5642878546370511,0.44812844842350785,1.1345863818608045e-135,0.0,0.0,0.0,0.010604879180788784,unicycle
3.4856937046185763,1.9220749357209042,1.765,0.0,0.0,-1.564075655968787,0.4481451821725442,9.934028700012195e-136,0.0,0.0,0.0,0.010609933413205831,unicycle
3.4857548944757824,1.9131119130206784,1.765,0.0,0.0,-1.5638633656584895,0.44816157919077776,8.668623534036938e-136,0.0,0.0,0.0,0.01061451551485685,unicycle
3.485817989723493,1.9041485823702702,1.765,0.0,0.0,-1.5636509931426072,0.44817763682721684,7.541490287026804e-136,0.0,0.0,0.0,0.01061862579409444,unicycle
3.4858829911402442,1.895184951018947,1.765,0.0,0.0,-1.563438547851033,0.4481933524964676,6.542899033320451e-136,0.0,0.0,0.0,0.01062226457869287,unicycle
3.485949899415324,1.886221026266188,1.765,0.0,0.0,-1.5632260392067177,0.44820872367907033,5.662332611306982e-136,0.0,0.0,0.0,0.010625432215799691,unicycle
3.48601871514879,1.8772568154602842,1.765,0.0,0.0,-1.56301347662528,0.4482237479218235,4.889048357369865e-136,0.0,0.0,0.0,0.01062812907188707,unicycle
3.48608943885149,1.8682923259969348,1.765,0.0,0.0,-1.5628008695146258,0.44823842283809473,4.212470141709038e-136,0.0,0.0,0.0,0.010630355532702824,unicycle
3.4861620709450922,1.8593275653178358,1.765,0.0,0.0,-1.5625882272745613,0.4482527461081194,3.622452286350176e-136,0.0,0.0,0.0,0.01063211200322118,unicycle
3.4862366117621195,1.8503625409092639,1.765,0.0,0.0,-1.5623755592964095,0.44826671547928704,3.1094477159976626e-136,0.0,0.0,0.0,0.01063339890759324,unicycle
3.4863130615459874,1.841397260300654,1.765,0.0,0.0,-1.5621628749626277,0.44828032876641455,2.6646053944845427e-136,0.0,0.0,0.0,0.010634216689097184,unicycle
3.4863914204510507,1.8324317310631744,1.765,0.0,0.0,-1.561950183646426,0.44829358385200724,2.2798163448636054e-136,0.0,0.0,0.0,0.010634565810088193,unicycle
3.4864716885426534,1.823465960808292,1.765,0.0,0.0,-1.5617374947113871,0.44830647868650736,1.947723027017183e-136,0.0,0.0,0.0,0.010634446751948105,unicycle
3.4865538657971844,1.814499957186338,1.765,0.0,0.0,-1.5615248175110863,0.4483190112885298,1.661703301798508e-136,0.0,0.0,0.0,0.010633860015034816,unicycle
3.4866379521021416,1.805533727885067,1.765,0.0,0.0,-1.5613121613887135,0.44833117974508524,1.4158374435472434e-136,0.0,0.0,0.0,0.010632806118631412,unicycle
3.486723947256197,1.7965672806282111,1.765,0.0,0.0,-1.5610995356766957,0.44834298221179075,1.2048645118106384e-136,0.0,0.0,0.0,0.010631285600895072,unicycle
3.486811850969272,1.7876006231740318,1.765,0.0,0.0,-1.5608869496963198,0.448354416913068,1.024132729029363e-136,0.0,0.0,0.0,0.010629299018805693,unicycle
3.486901662862614,1.7786337633138687,1.765,0.0,0.0,-1.5606744127573575,0.44836548214232824,8.695472306217082e-137,0.0,0.0,0.0,0.010626846948114289,unicycle
3.486993382468885,1.7696667088706826,1.765,0.0,0.0,-1.5604619341576915,0.4483761762621455,7.375175750683087e-137,0.0,0.0,0.0,0.010623929983291158,unicycle
3.487087009232247,1.7606994676975978,1.765,0.0,0.0,-1.5602495231829423,0.4483864977044163,6.249066588296894e-137,0.0,0.0,0.0,0.010620548737473786,unicycle
3.487182542508459,1.7517320476764409,1.765,0.0,0.0,-1.5600371891060938,0.44839644497050757,5.289821222826129e-137,0.0,0.0,0.0,0.010616703842414544,unicycle
3.48727998156498,1.7427644567162766,1.765,0.0,0.0,-1.5598249411871248,0.44840601663139107,4.473709172087228e-137,0.0,0.0,0.0,0.010612395948428138,unicycle
3.4873793255810748,1.7337967027519419,1.765,0.0,0.0,-1.5596127886726383,0.44841521132776574,3.7801740122400075e-137,0.0,0.0,0.0,0.010607625724338843,unicycle
3.4874805736479257,1.7248287937425786,1.765,0.0,0.0,-1.5594007407954895,0.4484240277701671,3.191451043134823e-137,0.0,0.0,0.0,0.010602393857427516,unicycle
3.487583724768753,1.7158607376701638,1.765,0.0,0.0,-1.5591888067744222,0.4484324647390644,2.692221572435846e-137,0.0,0.0,0.0,0.010596701053378364,unicycle
3.4876887778589336,1.7068925425380381,1.765,0.0,0.0,-1.5589769958136976,0.44844052108494475,2.269302653467586e-137,0.0,0.0,0.0,0.010590548036225542,unicycle
3.4877957317461368,1.6979242163694346,1.765,0.0,0.0,-1.5587653171027318,0.44844819572838507,1.9113704176085753e-137,0.0,0.0,0.0,0.010583935548299478,unicycle
3.487904585170454,1.6889557672060052,1.765,0.0,0.0,-1.5585537798157283,0.4484554876601105,1.6087147215463833e-137,0.0,0.0,0.0,0.010576864350173036,unicycle
3.4880153367845415,1.6799872031063465,1.765,0.0,0.0,-1.5583423931113158,0.4484623959410414,1.3530226094430888e-137,0.0,0.0,0.0,0.010569335220607433,unicycle
3.4881279851537643,1.6710185321445272,1.765,0.0,0.0,-1.558131166132186,0.44846891970232694,1.1371880137290907e-137,0.0,0.0,0.0,0.010561348956497962,unicycle
3.4882425287563494,1.6620497624086126,1.765,0.0,0.0,-1.5579201080047294,0.4484750581453663,9.551451429183595e-138,0.0,0.0,0.0,0.010552906372819516,unicycle
3.488358965983541,1.6530809019991923,1.765,0.0,0.0,-1.5577092278386777,0.44848081054181765,8.0172309805602e-138,0.0,0.0,0.0,0.010544008302571873,unicycle
3.4884772951397642,1.6441119590279047,1.765,0.0,0.0,-1.5574985347267432,0.44848617623359394,6.725193968530662e-138,0.0,0.0,0.0,0.01053465559672483,unicycle
3.4885975144427923,1.6351429416159664,1.765,0.0,0.0,-1.5572880377442604,0.4484911546328469,5.637902482320536e-138,0.0,0.0,0.0,0.010524849124163089,unicycle
3.4887196220239196,1.6261738578926985,1.765,0.0,0.0,-1.5570777459488276,0.44849574522193775,4.723555967707626e-138,0.0,0.0,0.0,0.010514589771630957,unicycle
3.4888436159281397,1.6172047159940575,1.765,0.0,0.0,-1.5568676683799538,0.4484999475533962,3.9551713699001724e-138,0.0,0.0,0.0,0.01050387844367684,unicycle
3.4889694941143294,1.608235524061165,1.765,0.0,0.0,-1.556657814058702,0.4485037612498667,3.309876750304024e-138,0.0,0.0,0.0,0.010492716062597534,unicycle
3.489097254455441,1.599266290238842,1.765,0.0,0.0,-1.5564481919873343,0.4485071860040418,2.768303855888936e-138,0.0,0.0,0.0,0.010481103568382326,unicycle
3.4892268947386915,1.590297022674142,1.765,0.0,0.0,-1.5562388111489607,0.4485102215785842,2.314066722318548e-138,0.0,0.0,0.0,0.010469041918656897,unicycle
3.4893584126657697,1.5813277295148886,1.765,0.0,0.0,-1.5560296805071885,0.4485128678060355,1.933314877405294e-138,0.0,0.0,0.0,0.010456532088627006,unicycle
3.489491805853035,1.5723584189082158,1.765,0.0,0.0,-1.5558208090057681,0.4485151245887129,1.614351072144875e-138,0.0,0.0,0.0,0.010443575071022,unicycle
3.4896270718385396,1.5633890985445893,1.765,0.0,0.0,-1.5556122055788288,0.4485170146270786,1.3473047010596217e-138,0.0,0.0,0.0,0.010430171346987802,unicycle
3.489764208079339,1.5544197758663365,1.765,0.0,0.0,-1.5554038791456362,0.44851855019103654,1.1238531845705638e-138,0.0,0.0,0.0,0.010416321659632407,unicycle
3.4899032119441893,1.545450458564794,1.765,0.0,0.0,-1.5551958385986382,0.4485197186869871,9.36984579192059e-139,0.0,0.0,0.0,0.010402027349888201,unicycle
3.4900440807146533,1.5364811545123633,1.765,0.0,0.0,-1.5549880928046669,0.4485205109157385,7.807955638450999e-139,0.0,0.0,0.0,0.010387289698569013,unicycle
3.4901868115860215,1.5275118717098481,1.765,0.0,0.0,-1.5547806506057844,0.44852092030834256,6.503197308596521e-139,0.0,0.0,0.0,0.010372109944114308,unicycle
3.490331401668095,1.5185426182458064,1.765,0.0,0.0,-1.5545735208198543,0.4485209423253131,5.413817970622298e-139,0.0,0.0,0.0,0.010356489296514126,unicycle
3.49047784798585,1.5095734022653178,1.765,0.0,0.0,-1.5543667122408904,0.4485205739858636,4.504739525384172e-139,0.0,0.0,0.0,0.01034042894819931,unicycle
3.4906261474800093,1.5006042319461013,1.765,0.0,0.0,-1.5541602336392397,0.44851981350039016,3.746510907986354e-139,0.0,0.0,0.0,0.010323930082525155,unicycle
3.49077629700755,1.4916351154803484,1.765,0.0,0.0,-1.5539540937616325,0.44851865998475027,3.114421223164399e-139,0.0,0.0,0.0,0.010306993880350527,unicycle
3.490928293342146,1.482666061060977,1.765,0.0,0.0,-1.55374830133113,0.4485171132391783,2.5877497137724037e-139,0.0,0.0,0.0,0.01028962152511332,unicycle
3.4910821331745767,1.4736970768712883,1.765,0.0,0.0,-1.5535428650469956,0.44851517357813503,2.149132009038639e-139,0.0,0.0,0.0,0.010271814206721866,unicycle
3.4912378131130994,1.464728171077228,1.765,0.0,0.0,-1.5533377935845052,0.4485128417001692,1.7840250782914943e-139,0.0,0.0,0.0,0.010253573124516531,unicycle
3.4913953296837947,1.4557593518216227,1.765,0.0,0.0,-1.553133095594715,0.448510118589104,1.4802558846511119e-139,0.0,0.0,0.0,0.010234899489503617,unicycle
3.491554679330899,1.446790627219906,1.765,0.0,0.0,-1.5529287797041946,0.44850700543965194,1.2276409437821055e-139,0.0,0.0,0.0,0.010215794526021685,unicycle
3.4917158584171215,1.4378220053569535,1.765,0.0,0.0,-1.552724854514735,0.44850350360199753,1.017665891620969e-139,0.0,0.0,0.0,0.010196259472967092,unicycle
3.491878863223957,1.4288534942847304,1.765,0.0,0.0,-1.5525213286030417,0.4484996145410351,8.432157931841787e-140,0.0,0.0,0.0,0.01017629558467875,unicycle
3.4920436899519847,1.4198851020205343,1.765,0.0,0.0,-1.5523182105204105,0.44849533980686473,6.983483184501773e-140,0.0,0.0,0.0,0.010155904131560863,unicycle
3.492210334721175,1.410916836545654,1.765,0.0,0.0,-1.5521155087924001,0.44849068101388,5.781031028084655e-140,0.0,0.0,0.0,0.010135086400505415,unicycle
3.492378793571188,1.4019487058043172,1.765,0.0,0.0,-1.5519132319184967,0.44848563982636064,4.783416266258422e-140,0.0,0.0,0.0,0.01011384369516281,unicycle
3.492549062461679,1.392980717702831,1.765,0.0,0.0,-1.5517113883717748,0.44848021794894466,3.956128154760681e-140,0.0,0.0,0.0,0.01009217733609831,unicycle
3.4927211372725977,1.3840128801088396,1.765,0.0,0.0,-1.5515099865985575,0.4484744171207194,3.270403007257036e-140,0.0,0.0,0.0,0.010070088660863528,unicycle
3.492895013804501,1.3750452008506482,1.765,0.0,0.0,-1.5513090350180776,0.44846823911195605,2.702279078667301e-140,0.0,0.0,0.0,0.010047579024005576,unicycle
3.4930706877788604,1.3660776877165755,1.765,0.0,0.0,-1.5511085420221367,0.44846168572274225,2.231804731595449e-140,0.0,0.0,0.0,0.010024649797031202,unicycle
3.493248154838379,1.3571103484543088,1.765,0.0,0.0,-1.5509085159747702,0.44845475878294216,1.8423754154641615e-140,0.0,0.0,0.0,0.010001302368339175,unicycle
3.4934274105473087,1.3481431907702393,1.765,0.0,0.0,-1.5507089652119075,0.4484474601530538,1.520178822607333e-140,0.0,0.0,0.0,0.009977538143130939,unicycle
3.493608450391777,1.339176222328773,1.765,0.0,0.0,-1.5505098980410412,0.4484397917256415,1.2537308327708748e-140,0.0,0.0,0.0,0.009953358543307034,unicycle
3.4937912697801137,1.3302094507516053,1.765,0.0,0.0,-1.5503113227408944,0.4484317554271043,1.0334876046421991e-140,0.0,0.0,0.0,0.009928765007354902,unicycle
3.493975864043186,1.3212428836169572,1.765,0.0,0.0,-1.55011324756109,0.448423353219606,8.515214950899386e-141,0.0,0.0,0.0,0.009903758990232126,unicycle
3.494162228434737,1.312276528458775,1.765,0.0,0.0,-1.5499156807218248,0.44841458710304366,7.012504478448539e-141,0.0,0.0,0.0,0.00987834196324805,unicycle
3.4943503581317286,1.30331039276589,1.765,0.0,0.0,-1.5497186304135457,0.44840545911696594,5.772121481488891e-141,0.0,0.0,0.0,0.009852515413945823,unicycle
3.4945402482346886,1.2943444839811442,1.765,0.0,0.0,-1.5495221047966259,0.448395971342385,4.7487563515777504e-141,0.0,0.0,0.0,0.009826280845986256,unicycle
3.4947318937680656,1.285378809500483,1.765,0.0,0.0,-1.5493261120010453,0.4483861259034427,3.904842394059524e-141,0.0,0.0,0.0,0.009799639779034369,unicycle
3.4949252896805874,1.2764133766720187,1.765,0.0,0.0,-1.5491306601260724,0.44837592496891154,3.2092470230153926e-141,0.0,0.0,0.0,0.009772593748649184,unicycle
3.4951204308456205,1.2674481927950683,1.765,0.0,0.0,-1.5489357572399491,0.44836537075352006,2.6361816720280634e-141,0.0,0.0,0.0,0.009745144306176994,unicycle
3.4953173120615406,1.2584832651191695,1.765,0.0,0.0,-1.548741411379576,0.4483544655190996,2.1642943157922152e-141,0.0,0.0,0.0,0.009717293018648168,unicycle
3.4955159280521,1.2495186008430774,1.765,0.0,0.0,-1.5485476305502028,0.44834321157555734,1.7759143781078597e-141,0.0,0.0,0.0,0.009689041468677419,unicycle
3.4957162734668055,1.2405542071137463,1.765,0.0,0.0,-1.5483544227251154,0.44833161128168386,1.4564247389447354e-141,0.0,0.0,0.0,0.009660391254367384,unicycle
3.495918342881298,1.231590091025299,1.765,0.0,0.0,-1.5481617958453313,0.44831966704580284,1.1937396957483009e-141,0.0,0.0,0.0,0.009631343989215295,unicycle
3.496122130797738,1.2226262596179878,1.765,0.0,0.0,-1.5479697578192908,0.4483073813262768,9.778712077169921e-142,0.0,0.0,0.0,0.00960190130202248,unicycle
3.496327631645191,1.2136627198771468,1.765,0.0,0.0,-1.5477783165225543,0.4482947566318785,8.005686626655793e-142,0.0,0.0,0.0,0.009572064836806414,unicycle
3.496534839780021,1.2046994787321428,1.765,0.0,0.0,-1.5475874797975,0.44828179552204167,6.550198440011142e-142,0.0,0.0,0.0,0.009541836252715069,unicycle
3.4967437494862885,1.1957365430553217,1.765,0.0,0.0,-1.5473972554530213,0.44826850060700063,5.356028159435243e-142,0.0,0.0,0.0,0.009511217223943297,unicycle
3.4969543549761477,1.1867739196609568,1.765,0.0,0.0,-1.5472076512642285,0.44825487454783164,4.37680152202112e-142,0.0,0.0,0.0,0.00948020943965097,unicycle
3.49716665039025,1.1778116153041982,1.765,0.0,0.0,-1.5470186749721506,0.44824092005640503,3.5742836059103414e-142,0.0,0.0,0.0,0.009448814603882652,unicycle
3.4973806297981556,1.168849636680024,1.765,0.0,0.0,-1.5468303342834406,0.4482266398952584,2.9169654874332394e-142,0.0,0.0,0.0,0.00941703443548858,unicycle
3.497596287198739,1.1598879904222004,1.765,0.0,0.0,-1.5466426368700796,0.44821203687739863,2.3788937218955414e-142,0.0,0.0,0.0,0.00938487066804676,unicycle
3.497813616520609,1.1509266831022429,1.765,0.0,0.0,-1.5464555903690838,0.44819711386604105,1.938701375628558e-142,0.0,0.0,0.0,0.009352325049785969,unicycle
3.498032611622522,1.1419657212283891,1.765,0.0,0.0,-1.5462692023822133,0.44818187377429347,1.5788062741927402e-142,0.0,0.0,0.0,0.009319399343509518,unicycle
3.4982532662938066,1.1330051112445763,1.765,0.0,0.0,-1.5460834804756827,0.4481663195647898,1.2847479165195498e-142,0.0,0.0,0.0,0.009286095326519623,unicycle
3.4984755742547873,1.1240448595294303,1.765,0.0,0.0,-1.5458984321798719,0.44815045424928035,1.0446393262875739e-142,0.0,0.0,0.0,0.009252414790542226,unicycle
3.4986995291572125,1.1150849723952638,1.765,0.0,0.0,-1.5457140649890386,0.44813428088818286,8.487141283914632e-143,0.0,0.0,0.0,0.009218359541652187,unicycle
3.498925124584687,1.1061254560870837,1.765,0.0,0.0,-1.5455303863610346,0.448117802590099,6.889524827156161e-143,0.0,0.0,0.0,0.009183931400198717,unicycle
3.499152354053104,1.0971663167816121,1.765,0.0,0.0,-1.5453474037170196,0.4481010225113003,5.587722907133556e-143,0.0,0.0,0.0,0.00914913220073095,unicycle
3.4993812110110865,1.088207560586317,1.765,0.0,0.0,-1.545165124441181,0.4480839438551865,4.527744055266758e-143,0.0,0.0,0.0,0.009113963791923592,unicycle
3.499611688840423,1.0792491935384558,1.765,0.0,0.0,-1.5449835558804512,0.4480665698717197,3.6653250135188445e-143,0.0,0.0,0.0,0.009078428036502564,unicycle
3.499843780856516,1.070291221604132,1.765,0.0,0.0,-1.544802705344228,0.44804890385683616,2.964198574879737e-143,0.0,0.0,0.0,0.009042526811170586,unicycle
3.500077480308824,1.0613336506773652,1.765,0.0,0.0,-1.5446225801040976,0.4480309491518391,2.394666413228269e-143,0.0,0.0,0.0,0.009006262006532626,unicycle
3.5003127803813134,1.0523764865791725,1.765,0.0,0.0,-1.544443187393557,0.4480127091427737,1.932423777796002e-143,0.0,0.0,0.0,0.008969635527021173,unicycle
3.500549674192911,1.0434197350566659,1.765,0.0,0.0,-1.5442645344077401,0.4479941872597859,1.5575920831969097e-143,0.0,0.0,0.0,0.008932649290821307,unicycle
3.500788154797958,1.0344634017821626,1.765,0.0,0.0,-1.5440866283031447,0.4479753869764673,1.2539230205838043e-143,0.0,0.0,0.0,0.008895305229795508,unicycle
3.501028215186665,1.0255074923523095,1.765,0.0,0.0,-1.543909476197356,0.4479563118091863,1.0081441122220195e-143,0.0,0.0,0.0,0.00885760528940817,unicycle
3.5012698482855766,1.0165520122872231,1.765,0.0,0.0,-1.5437330851687832,0.44793696531640775,8.094208500212328e-144,0.0,0.0,0.0,0.008819551428649802,unicycle
3.5015130469580305,1.0075969670296432,1.765,0.0,0.0,-1.5435574622563841,0.44791735109800146,6.489148810620782e-144,0.0,0.0,0.0,0.008781145619960871,unicycle
3.5017578040046238,0.9986423619441019,1.765,0.0,0.0,-1.5433826144594007,0.4478974727945406,5.194212820092379e-144,0.0,0.0,0.0,0.008742389849155317,unicycle
3.502004112163681,0.9896882023161083,1.765,0.0,0.0,-1.5432085487370941,0.4478773340865908,4.150709260868184e-144,0.0,0.0,0.0,0.008703286115343628,unicycle
3.5022519641117236,0.9807344933513469,1.765,0.0,0.0,-1.5430352720084768,0.44785693869399024,3.31086396269635e-144,0.0,0.0,0.0,0.008663836430855542,unicycle
3.5025013524639412,0.9717812401748935,1.765,0.0,0.0,-1.5428627911520536,0.44783629037512207,2.635819240195668e-144,0.0,0.0,0.0,0.008624042821162307,unicycle
3.5027522697746685,0.9628284478304454,1.765,0.0,0.0,-1.5426911130055574,0.4478153929261794,2.0939950697506002e-144,0.0,0.0,0.0,0.008583907324798513,unicycle
3.5030047085378584,0.9538761212795677,1.765,0.0,0.0,-1.5425202443656916,0.4477942501804223,1.6597474186567848e-144,0.0,0.0,0.0,0.008543431993283473,unicycle
3.503258661187565,0.9449242654009556,1.765,0.0,0.0,-1.5423501919878706,0.4477728660074293,1.312270506953699e-144,0.0,0.0,0.0,0.008502618891042129,unicycle
3.503514120098421,0.9359728849897129,1.765,0.0,0.0,-1.5421809625859642,0.44775124431234187,1.0346992050586369e-144,0.0,0.0,0.0,0.008461470095325486,unicycle
3.5037710775861215,0.9270219847566458,1.765,0.0,0.0,-1.5420125628320414,0.44772938903510306,8.133755428575604e-145,0.0,0.0,0.0,0.008419987696130558,unicycle
3.504029525907911,0.9180715693275744,1.765,0.0,0.0,-1.5418449993561196,0.4477073041496908,6.372497142224011e-145,0.0,0.0,0.0,0.00837817379611982,unicycle
3.504289457263068,0.9091216432426591,1.765,0.0,0.0,-1.5416782787459085,0.4476849936633456,4.973912419062955e-145,0.0,0.0,0.0,0.008336030510540167,unicycle
3.5045508637933938,0.9001722109557441,1.765,0.0,0.0,-1.5415124075465654,0.4476624616157932,3.865903176116804e-145,0.0,0.0,0.0,0.008293559967141342,unicycle
3.5048137375837043,0.891223276833718,1.765,0.0,0.0,-1.5413473922604435,0.44763971207846276,2.9903291314141465e-145,0.0,0.0,0.0,0.008250764306093845,unicycle
3.505078070662322,0.8822748451558903,1.765,0.0,0.0,-1.541183239346845,0.44761674915369976,2.3003620531233106e-145,0.0,0.0,0.0,0.008207645679906329,unicycle
3.5053438550015685,0.8733269201133842,1.765,0.0,0.0,-1.541019955221778,0.4475935769739754,1.7583328087352388e-145,0.0,0.0,0.0,0.008164206253342443,unicycle
3.505611082518262,0.8643795058085482,1.765,0.0,0.0,-1.5408575462577117,0.44757019970109135,1.3339807990282767e-145,0.0,0.0,0.0,0.008120448203337145,unicycle
3.5058797450742127,0.8554326062543819,1.765,0.0,0.0,-1.5406960187833334,0.44754662152538066,1.003031729679326e-145,0.0,0.0,0.0,0.008076373718912455,unicycle
3.5061498344767235,0.846486225373981,1.765,0.0,0.0,-1.5405353790833114,0.4475228466649049,7.46043114295469e-146,0.0,0.0,0.0,0.008031985001092676,unicycle
3.506421342479089,0.8375403669999983,1.765,0.0,0.0,-1.540375633398055,0.44749887936464794,5.474679338862469e-146,0.0,0.0,0.0,0.007987284262819038,unicycle
3.5066942607810967,0.8285950348741221,1.765,0.0,0.0,-1.5402167879234778,0.4474747238957064,3.948959264203626e-146,0.0,0.0,0.0,0.007942273728863782,unicycle
3.5069685810295317,0.819650232646571,1.765,0.0,0.0,-1.5400588488107632,0.44745038455447633,2.784393982995437e-146,0.0,0.0,0.0,0.00789695563574367,unicycle
3.507244294818678,0.8107059638756076,1.765,0.0,0.0,-1.5399018221661307,0.4474258656618375,1.9023652765231772e-146,0.0,0.0,0.0,0.007851332231632924,unicycle
3.5075213936908276,0.8017622320270673,1.765,0.0,0.0,-1.5397457140506055,0.44740117156233483,1.2405010649858112e-146,0.0,0.0,0.0,0.007805405776275584,unicycle
3.5077998691367847,0.792819040473907,1.765,0.0,0.0,-1.539590530479787,0.4473763066233568,7.494374204492562e-147,0.0,0.0,0.0,0.007759178540897284,unicycle
3.5080797125963747,0.7838763924957685,1.765,0.0,0.0,-1.5394362774236248,0.44735127523431134,3.902086877902003e-147,0.0,0.0,0.0,0.0077126528081164275,unicycle
3.5083609154589532,0.7749342912785611,1.765,0.0,0.0,-1.539282960806188,0.44732608180579997,1.321464602944269e-147,0.0,0.0,0.0,0.00766583087185479,unicycle
3.508643469063916,0.765992739914061,1.765,0.0,0.0,-1.5391305865054428,0.44730073076878907,-4.880960070772745e-148,0.0,0.0,0.0,0.0076187150372475105,unicycle
3.5089273647012096,0.757051741399529,1.765,0.0,0.0,-1.5389791603530318,0.4472752265737795,-1.7146795588794404e-147,0.0,0.0,0.0,0.007571307620552469,unicycle
3.509212593611844,0.7481112986373438,1.765,0.0,0.0,-1.5388286881340505,0.44724957368997437,-2.5047242982500506e-147,0.0,0.0,0.0,0.007523610949059083,unicycle
3.5094991469884054,0.7391714144346551,1.765,0.0,0.0,-1.5386791755868305,0.44722377660444523,-2.971724728466676e-147,0.0,0.0,0.0,0.007475627360996477,unicycle
3.5097870159755686,0.7302320915030532,1.765,0.0,0.0,-1.5385306284027214,0.44719783982129624,-3.2031857541711053e-147,0.0,0.0,0.0,0.00742735920544104,unicycle
3.510076191670614,0.7212933324582561,1.765,0.0,0.0,-1.5383830522258768,0.44717176786082735,-3.266169617652058e-147,0.0,0.0,0.0,0.007378808842223376,unicycle
3.51036666512394,0.7123551398198148,1.765,0.0,0.0,-1.53823645265304,0.44714556525869653,-3.2117117780458464e-147,0.0,0.0,0.0,0.00732997864183462,unicycle
3.5106584273395813,0.7034175160108355,1.765,0.0,0.0,-1.5380908352333336,0.44711923656508007,-3.0783289636963747e-147,0.0,0.0,0.0,0.007280870985332147,unicycle
3.5109514692757253,0.69448046335772,1.765,0.0,0.0,-1.5379462054680488,0.4470927863438328,-2.894799655319551e-147,0.0,0.0,0.0,0.007231488264244647,unicycle
3.511245781845227,0.6855439840899237,1.765,0.0,0.0,-1.5378025688104393,0.4470662191716475,-2.6823623930098327e-147,0.0,0.0,0.0,0.0071818328804765744,unicycle
3.5115413559161293,0.6766080803397316,1.765,0.0,0.0,-1.537659930665515,0.4470395396372131,-2.4564490392406032e-147,0.0,0.0,0.0,0.00713190724621195,unicycle
3.5118381823121796,0.6676727541420511,1.765,0.0,0.0,-1.5375182963898386,0.4470127523403731,-2.2280472436169946e-147,0.0,0.0,0.0,0.0070817137838175516,unicycle
3.5121362518133497,0.6587380074342228,1.765,0.0,0.0,-1.5373776712913236,0.44698586189128325,-2.0047678394146134e-147,0.0,0.0,0.0,0.007031254925745445,unicycle
3.5124355551563533,0.6498038420558504,1.765,0.0,0.0,-1.537238060629035,0.44695887290956976,-1.791677937673703e-147,0.0,0.0,0.0,0.006980533114434896,unicycle
3.512736083035166,0.6408702597486455,1.765,0.0,0.0,-1.537099469612991,0.44693179002348665,-1.5919484037331686e-147,0.0,0.0,0.0,0.0069295508022136345,unicycle
3.5130378261015465,0.6319372621562926,1.765,0.0,0.0,-1.5369619034039668,0.44690461786907365,-1.407354659131734e-147,0.0,0.0,0.0,0.0068783104511984695,unicycle
3.513340774965554,0.6230048508243308,1.765,0.0,0.0,-1.536825367113303,0.446877361089315,-1.2386619054015711e-147,0.0,0.0,0.0,0.006826814533195265,unicycle
3.51364492019607,0.6140730272000524,1.765,0.0,0.0,-1.5366898658027113,0.4468500243332976,-1.0859195546465454e-147,0.0,0.0,0.0,0.006775065529598277,unicycle
3.5139502523213184,0.6051417926324211,1.765,0.0,0.0,-1.5365554044840852,0.4468226122553712,-9.486845815797414e-148,0.0,0.0,0.0,0.006723065931288816,unicycle
3.514256761829386,0.596211148372005,1.765,0.0,0.0,-1.5364219881193149,0.44679512951430767,-8.261894445639863e-148,0.0,0.0,0.0,0.006670818238533288,unicycle
3.514564439168741,0.5872810955709302,1.765,0.0,0.0,-1.5362896216200974,0.446767580772463,-7.174669656924166e-148,0.0,0.0,0.0,0.006618324960880574,unicycle
3.514873274748757,0.5783516352828494,1.765,0.0,0.0,-1.5361583098477563,0.446739970694939,-6.2144195516020365e-148,0.0,0.0,0.0,0.006565588617058763,unicycle
3.5151832589402328,0.5694227684629297,1.765,0.0,0.0,-1.536028057613059,0.44671230394874717,-5.369972859768687e-148,0.0,0.0,0.0,0.006512611734871229,unicycle
3.51549438207591,0.5604944959678572,1.765,0.0,0.0,-1.5358988696760374,0.44668458520197324,-4.630204685333109e-148,0.0,0.0,0.0,0.0064593968510920545,unicycle
3.515806634450995,0.5515668185558589,1.765,0.0,0.0,-1.53577075074581,0.4466568191229438,-3.9843545743962853e-148,0.0,0.0,0.0,0.006405946511360811,unicycle
3.5161200063236824,0.5426397368867424,1.765,0.0,0.0,-1.5356437054804086,0.4466290103793942,-3.422233781530269e-148,0.0,0.0,0.0,0.006352263270076668,unicycle
3.5164344879317193,0.533713251065422,1.765,0.0,0.0,-1.535517738494142,0.446601186478278,-2.9343503396357125e-148,0.0,0.0,0.0,0.006298349313346394,unicycle
3.516750069485652,0.5247873608528795,1.765,0.0,0.0,-1.5353928543538953,0.4465733643737105,-2.5119740116851286e-148,0.0,0.0,0.0,0.006244207012344234,unicycle
3.517066741151695,0.5158620661670495,1.765,0.0,0.0,-1.535269057570666,0.44654553596146884,-2.1471580653944374e-148,0.0,0.0,0.0,0.006189839161453934,unicycle
3.5173844930545313,0.5069373670161527,1.765,0.0,0.0,-1.5351463526005291,0.446517696474178,-1.8327307816783583e-148,0.0,0.0,0.0,0.006135248506843175,unicycle
3.517703315279598,0.498013263447388,1.765,0.0,0.0,-1.535024743845343,0.44648984371289996,-1.5622664574053167e-148,0.0,0.0,0.0,0.006080437759326698,unicycle
3.5180231978749665,0.4890897555077051,1.765,0.0,0.0,-1.5349042356532536,0.4464619774429096,-1.3300432103100186e-148,0.0,0.0,0.0,0.006025409604483043,unicycle
3.518344130852899,0.48016684321404185,1.765,0.0,0.0,-1.5347848323190423,0.44643409892012303,-1.130992993139084e-148,0.0,0.0,0.0,0.005970166710574939,unicycle
3.5186661041911598,0.4712445265309556,1.765,0.0,0.0,-1.5346665380843478,0.4464062105212719,-9.606477586866813e-149,0.0,0.0,0.0,0.005914711734717712,unicycle
3.518989107834122,0.4623228053540043,1.765,0.0,0.0,-1.5345493571377946,0.44637831545626894,-8.150845943910465e-149,0.0,0.0,0.0,0.005859047327654066,unicycle
3.519313131693725,0.45340167949757937,1.765,0.0,0.0,-1.5344332936150462,0.4463504175455223,-6.908717906283782e-149,0.0,0.0,0.0,0.0058031761374235935,unicycle
3.519638165650314,0.44448114868616756,1.765,0.0,0.0,-1.5343183515988035,0.4463225210484324,-5.850171619877754e-149,0.0,0.0,0.0,0.005747100812158553,unicycle
3.519964199553383,0.4355612125482373,1.765,0.0,0.0,-1.5342045351187594,0.44629463053209795,-4.949194590597515e-149,0.0,0.0,0.0,0.005690824002191438,unicycle
3.5202912232222547,0.4266418706121211,1.765,0.0,0.0,-1.5340918481515267,0.4462667507715033,-4.183233527955333e-149,0.0,0.0,0.0,0.005634348361622559,unicycle
3.5206192264466987,0.4177231223034027,1.765,0.0,0.0,-1.5339802946205376,0.44623888667426026,-3.532782152603195e-149,0.0,0.0,0.0,0.0055776765494658055,unicycle
3.5209481989875164,0.40880496694342816,1.765,0.0,0.0,-1.5338698783959281,0.44621104322441935,-2.981007367886328e-149,0.0,0.0,0.0,0.00552081123046648,unicycle
3.521278130577092,0.3998874037486458,1.765,0.0,0.0,-1.5337606032944147,0.4461832254410175,-2.513412922749228e-149,0.0,0.0,0.0,0.005463755075665615,unicycle
3.5216090109199225,0.39097043183054897,1.765,0.0,0.0,-1.5336524730791594,0.4461554383479512,-2.1175388464394887e-149,0.0,0.0,0.0,0.005406510762769565,unicycle
3.5219408296931327,0.38205405019604904,1.765,0.0,0.0,-1.5335454914596318,0.44612768695249566,-1.782694405990098e-149,0.0,0.0,0.0,0.0053490809763710595,unicycle
3.522273576546975,0.37313825774814746,1.765,0.0,0.0,-1.5334396620914708,0.44609997623037606,-1.499722041546757e-149,0.0,0.0,0.0,0.005291468408057945,unicycle
3.5226072411053253,0.3642230532868079,1.765,0.0,0.0,-1.5333349885763423,0.44607231111575646,-1.2607896077328212e-149,0.0,0.0,0.0,0.005233675756437866,unicycle
3.522941812966173,0.3553084355099568,1.765,0.0,0.0,-1.5332314744618003,0.4460446964948799,-1.0592082421086313e-149,0.0,0.0,0.0,0.005175705727100808,unicycle
3.523277281702105,0.3463944030145578,1.765,0.0,0.0,-1.5331291232411495,0.44601713720238223,-8.892732569879514e-150,0.0,0.0,0.0,0.005117561032536435,unicycle
3.5236136368607913,0.3374809542977223,1.765,0.0,0.0,-1.5330279383533096,0.4459896380195287,-7.461255803097372e-150,0.0,0.0,0.0,0.005059244392019137,unicycle
3.5239508679654654,0.32856808775782836,1.765,0.0,0.0,-1.5329279231826802,0.4459622036738009,-6.256314340248891e-150,0.0,0.0,0.0,0.00500075853147065,unicycle
3.524288964515409,0.31965580169563057,1.765,0.0,0.0,-1.532829081059014,0.44593483883940266,-5.242781192107674e-150,0.0,0.0,0.0,0.004942106183307685,unicycle
3.5246279159864344,0.31074409431534855,1.765,0.0,0.0,-1.5327314152572884,0.44590754813835964,-4.390839648153594e-150,0.0,0.0,0.0,0.004883290086280065,unicycle
3.5249677118313647,0.3018329637257261,1.765,0.0,0.0,-1.5326349289975822,0.44588033614197353,-3.675206837675697e-150,0.0,0.0,0.0,0.004824312985303443,unicycle
3.52530834148052,0.29292240794105967,1.765,0.0,0.0,-1.5325396254449564,0.44585320737245565,-3.074465608522405e-150,0.0,0.0,0.0,0.004765177631289516,unicycle
3.525649794342202,0.284012424882192,1.765,0.0,0.0,-1.5324455077093373,0.4458261663046153,-2.5704906777513415e-150,0.0,0.0,0.0,0.004705886780975815,unicycle
3.5259920598031735,0.27510301237747475,1.765,0.0,0.0,-1.5323525788454018,0.4457992173675149,-2.1479566014707038e-150,0.0,0.0,0.0,0.004646443196756479,unicycle
3.526335127229151,0.26619416816369934,1.765,0.0,0.0,-1.5322608418524717,0.4457723649460337,-1.7939165761658403e-150,0.0,0.0,0.0,0.004586849646514908,unicycle
3.526678985965284,0.25728588988699985,1.765,0.0,0.0,-1.5321702996744022,0.44574561338230323,-1.4974424171818757e-150,0.0,0.0,0.0,0.004527108903458867,unicycle
3.527023625336643,0.2483781751037313,1.765,0.0,0.0,-1.5320809551994832,0.4457189669769918,-1.249317263261036e-150,0.0,0.0,0.0,0.004467223745958336,unicycle
3.527369034648706,0.23947102128132516,1.765,0.0,0.0,-1.5319928112603354,0.4456924299904288,-1.041773634015227e-150,0.0,0.0,0.0,0.004407196957386181,unicycle
3.527715203187842,0.2305644257991267,1.765,0.0,0.0,-1.531905870633816,0.44566600664356687,-8.682704270584712e-151,0.0,0.0,0.0,0.004347031325961606,unicycle
3.528062120221798,0.22165838594921655,1.765,0.0,0.0,-1.5318201360409243,0.4456397011187857,-7.233032916377839e-151,0.0,0.0,0.0,0.004286729644596292,unicycle
3.528409775000186,0.21275289893721971,1.765,0.0,0.0,-1.5317356101467092,0.4456135175605445,-6.0224356503276474e-151,0.0,0.0,0.0,0.004226294710742994,unicycle
3.5287581567549653,0.2038479618831047,1.765,0.0,0.0,-1.5316522955601843,0.4455874600758936,-5.012016159599024e-151,0.0,0.0,0.0,0.004165729326246412,unicycle
3.5291072547009272,0.19494357182197578,1.765,0.0,0.0,-1.5315701948342406,0.4455615327348564,-4.16911014773625e-151,0.0,0.0,0.0,0.0041050362971960875,unicycle
3.529457058036182,0.18603972570486005,1.765,0.0,0.0,-1.5314893104655651,0.4455357395706928,-3.4663045207822594e-151,0.0,0.0,0.0,0.0040442184337811,unicycle
3.5298075559426376,0.1771364203994922,1.765,0.0,0.0,-1.531409644894562,0.44551008458005775,-2.8806076360831273e-151,0.0,0.0,0.0,0.003983278550146303,unicycle
3.5301587375864862,0.16823365269109797,1.765,0.0,0.0,-1.5313312005052768,0.4454845717230637,-2.392747974549107e-151,0.0,0.0,0.0,0.003922219464249923,unicycle
3.5305105921186843,0.1593314192831788,1.765,0.0,0.0,-1.5312539796253226,0.44545920492326035,-1.9865818682639042e-151,0.0,0.0,0.0,0.0038610439977222826,unicycle
3.5308631086754327,0.15042971679829859,1.765,0.0,0.0,-1.531177984525808,0.4454339880675412,-1.648593738101793e-151,0.0,0.0,0.0,0.0037997549757254716,unicycle
3.5312162763786565,0.1415285417788741,1.765,0.0,0.0,-1.5311032174212718,0.4454089250059857,-1.3674747268543574e-151,0.0,0.0,0.0,0.003738355226813795,unicycle
3.5315700843364843,0.13262789068797,1.765,0.0,0.0,-1.531029680469616,0.44538401955164664,-1.133767702706796e-151,0.0,0.0,0.0,0.003676847582794865,unicycle
3.5319245216437256,0.12372775991009934,1.765,0.0,0.0,-1.5309573757720445,0.44535927548029,-9.395684005330502e-152,0.0,0.0,0.0,0.0036152348785911687,unicycle
3.532279577382347,0.11482814575203043,1.765,0.0,0.0,-1.5308863053730024,0.44533469653009466,-7.7827400399614e-152,0.0,0.0,0.0,0.003553519952102012,unicycle
3.532635240621948,0.10592904444360106,1.765,0.0,0.0,-1.5308164712601209,0.44531028640131837,-6.4437178469198855e-152,0.0,0.0,0.0,0.0034917056440657342,unicycle
3.5329915004202337,0.0970304521385399,1.765,0.0,0.0,-1.5307478753641626,0.44528604875593425,-5.3326153610898055e-152,0.0,0.0,0.0,0.0034297947979220946,unicycle
3.533348345823489,0.08813236491529625,1.765,0.0,0.0,-1.530680519558969,0.4452619872172452,-4.411064966762368e-152,0.0,0.0,0.0,0.0033677902596747876,unicycle
3.533705765867051,0.07923477877787805,1.765,0.0,0.0,-1.5306144056614142,0.44523810536947783,-3.6470827087869845e-152,0.0,0.0,0.0,0.0033056948777539803,unicycle
3.5340637495757754,0.07033768965669879,1.765,0.0,0.0,-1.5305495354313565,0.4452144067573622,-3.0140195050489376e-152,0.0,0.0,0.0,0.003243511502878824,unicycle
3.5344222859645096,0.061441093409433226,1.765,0.0,0.0,-1.5304859105715984,0.44519089488569874,-2.489682270404048e-152,0.0,0.0,0.0,0.0031812429879199125,unicycle
3.534781364038558,0.0525449858218823,1.765,0.0,0.0,-1.5304235327278433,0.44516757321891676,-2.055597861276037e-152,0.0,0.0,0.0,0.003118892187761642,unicycle
3.535140972794148,0.043649362608847345,1.765,0.0,0.0,-1.53036240348866,0.44514444518062546,-1.6963969890029806e-152,0.0,0.0,0.0,0.003056461959164456,unicycle
3.5355011012188964,0.03475421941501354,1.765,0.0,0.0,-1.5303025243854476,0.44512151415316187,-1.3992988407397022e-152,0.0,0.0,0.0,0.002993955160626913,unicycle
3.535861738292271,0.025859551815842777,1.765,0.0,0.0,-1.5302438968924028,0.4450987834771351,-1.1536801855078023e-152,0.0,0.0,0.0,0.0029313746522475837,unicycle
3.536222872986054,0.016965355318475928,1.765,0.0,0.0,-1.530186522426491,0.4450762564509709,-9.50715312337559e-153,0.0,0.0,0.0,0.0028687232955867748,unicycle
3.536584494264802,0.008071625362644413,1.765,0.0,0.0,-1.5301304023474205,0.445053936330456,-7.830753179911961e-153,0.0,0.0,0.0,0.0028060039535280374,unicycle
3.5369465910863043,-0.0008216426784088894,1.765,0.0,0.0,-1.5300755379576174,0.44503182632828503,-6.446770938610889e-153,0.0,0.0,0.0,0.002743219490139488,unicycle
3.5373091524020426,-0.009714453496999524,1.765,0.0,0.0,-1.530021930502207,0.44500992961361,-5.304739068238018e-153,0.0,0.0,0.0,0.0026803727705349122,unicycle
3.537672167157646,-0.018606811850062188,1.765,0.0,0.0,-1.5299695811689924,0.4449882493115937,-4.3628077102089496e-153,0.0,0.0,0.0,0.002617466660734656,unicycle
3.538035624293346,-0.027498722558202376,1.765,0.0,0.0,-1.5299184910884418,0.44496678850296767,-3.586289041201563e-153,0.0,0.0,0.0,0.002554504027526319,unicycle
3.538399512744431,-0.03639019050473919,1.765,0.0,0.0,-1.5298686613336752,0.44494555022359633,-2.9464448437974696e-153,0.0,0.0,0.0,0.002491487738325219,unicycle
3.538763821441696,-0.045281220634739223,1.765,0.0,0.0,-1.5298200929204546,0.44492453746404614,-2.4194770079684576e-153,0.0,0.0,0.0,0.002428420661034679,unicycle
3.539128539311896,-0.05417181795404195,1.765,0.0,0.0,-1.5297727868071764,0.4449037531691616,-1.9856874068350813e-153,0.0,0.0,0.0,0.0023653056639061105,unicycle
3.539493655278192,-0.06306198752827644,1.765,0.0,0.0,-1.5297267438948683,0.4448832002376481,-1.6287790659533296e-153,0.0,0.0,0.0,0.0023021456153988996,unicycle
3.5398591582606027,-0.07195173448186981,1.765,0.0,0.0,-1.5296819650271878,0.44486288152166237,-1.3352751408705314e-153,0.0,0.0,0.0,0.0022389433840401185,unicycle
3.5402250371764477,-0.08084106399704749,1.765,0.0,0.0,-1.529638450990422,0.44484279982641,-1.0940360719442112e-153,0.0,0.0,0.0,0.0021757018382840814,unicycle
3.540591280940792,-0.08972998131282545,1.765,0.0,0.0,-1.5295962025134946,0.4448229579097517,-8.958585160165162e-154,0.0,0.0,0.0,0.0021124238463717136,unicycle
3.5409578784668914,-0.09861849172399453,1.765,0.0,0.0,-1.5295552202679707,0.4448033584818167,-7.331423607768162e-154,0.0,0.0,0.0,0.002049112276189776,unicycle
3.5413248186666335,-0.10750660058009721,1.765,0.0,0.0,-1.5295155048680684,0.4447840042046257,-5.996143933106791e-154,0.0,0.0,0.0,0.001985769995129946,unicycle
3.541692090450977,-0.11639431328439673,1.765,0.0,0.0,-1.529477056870669,0.44476489769172145,-4.900990900656664e-154,0.0,0.0,0.0,0.0019223998699477946,unicycle
3.542059682730394,-0.12528163529283906,1.765,0.0,0.0,-1.5294398767753368,0.44474604150780817,-4.003285807769487e-154,0.0,0.0,0.0,0.0018590047666216258,unicycle
3.5424275844153033,-0.1341685721130077,1.765,0.0,0.0,-1.5294039650243325,0.44472743816840066,-3.267851638905864e-154,0.0,0.0,0.0,0.001795587550211206,unicycle
3.54279578441651,-0.14305512930307138,1.765,0.0,0.0,-1.5293693220026383,0.4447090901394814,-2.66570857847902e-154,0.0,0.0,0.0,0.0017321510847164016,unicycle
3.5431642716456375,-0.15194131247072545,1.765,0.0,0.0,-1.5293359480379796,0.4446909998371677,-2.1729939668357253e-154,0.0,0.0,0.0,0.0016686982329357314,unicycle
3.5435330350155647,-0.16082712727212617,1.765,0.0,0.0,-1.5293038434008528,0.4446731696273874,-1.7700684951012013e-154,0.0,0.0,0.0,0.0016052318563248773,unicycle
3.5439020634408545,-0.16971257941081908,1.765,0.0,0.0,-1.5292730083045558,0.44465560182556385,-1.4407768660349653e-154,0.0,0.0,0.0,0.0015417548148551313,unicycle
3.544271345838184,-0.17859767463666112,1.765,0.0,0.0,-1.5292434429052186,0.444638298696311,-1.1718365093639886e-154,0.0,0.0,0.0,0.0014782699668717844,unicycle
3.5446408711267767,-0.18748241874473662,1.765,0.0,0.0,-1.5292151473018392,0.4446212624531372,-9.523324070933823e-155,0.0,0.0,0.0,0.0014147801689524484,unicycle
3.5450106282288276,-0.19636681757426774,1.765,0.0,0.0,-1.5291881215363239,0.444604495258159,-7.732998043738814e-155,0.0,0.0,0.0,0.0013512882757654593,unicycle
3.5453806060699304,-0.20525087700751934,1.765,0.0,0.0,-1.5291623655935254,0.444587999221824,-6.273796780177966e-155,0.0,0.0,0.0,0.001287797139928244,unicycle
3.545750793579503,-0.21413460296869835,1.765,0.0,0.0,-1.5291378794012882,0.44457177640264406,-5.08534410977426e-155,0.0,0.0,0.0,0.001224309611865686,unicycle
3.54612117969121,-0.22301800142284817,1.765,0.0,0.0,-1.5291146628304946,0.44455582880693734,-4.118132634262107e-155,0.0,0.0,0.0,0.0011608285396685,unicycle
3.546491753343387,-0.23190107837473797,1.765,0.0,0.0,-1.5290927156951155,0.44454015838858085,-3.3315901174438845e-155,0.0,0.0,0.0,0.001097356768951672,unicycle
3.546862503479457,-0.24078383986774746,1.765,0.0,0.0,-1.5290720377522613,0.4445247670487721,-2.6924860606466936e-155,0.0,0.0,0.0,0.001033897142712961,unicycle
3.5472334190483563,-0.24966629198274687,1.765,0.0,0.0,-1.5290526287022372,0.44450965663580094,-2.173619254876164e-155,0.0,0.0,0.0,0.0009704525011914311,unicycle
3.5476044890049447,-0.2585484408369727,1.765,0.0,0.0,-1.5290344881886029,0.4444948289448307,-1.7527372970773603e-155,0.0,0.0,0.0,0.0009070256817260713,unicycle
3.5479757023104304,-0.2674302925828997,1.765,0.0,0.0,-1.5290176157982305,0.4444802857176899,-1.411647517040548e-155,0.0,0.0,0.0,0.0008436195186145541,unicycle
3.5483470479327806,-0.27631185340710807,1.765,0.0,0.0,-1.529002011061371,0.44446602864267276,-1.135485776153786e-155,0.0,0.0,0.0,0.0007802368429721423,unicycle
3.5487185148471365,-0.2851931295291479,1.765,0.0,0.0,-1.5289876734517192,0.44445205935435084,-9.121154133725578e-156,0.0,0.0,0.0,0.0007168804825906724,unicycle
3.5490900920362276,-0.2940741272003993,1.765,0.0,0.0,-1.5289746023864828,0.44443837943339337,-7.316334306810737e-156,0.0,0.0,0.0,0.0006535532617975403,unicycle
3.5494617684907808,-0.3029548527029302,1.765,0.0,0.0,-1.5289627972264566,0.4444249904063981,-5.859649991756207e-156,0.0,0.0,0.0,0.0005902580013149918,unicycle
3.5498335332099327,-0.31183531234835,1.765,0.0,0.0,-1.528952257276094,0.44441189374573203,-4.685306685306795e-156,0.0,0.0,0.0,0.0005269975181195142,unicycle
3.550205375201638,-0.3207155124766607,1.765,0.0,0.0,-1.5289429817835882,0.4443990908693817,-3.73973394152247e-156,0.0,0.0,0.0,0.0004637746253015551,unicycle
3.550577283483077,-0.329595459455106,1.765,0.0,0.0,-1.5289349699409498,0.44438658314081353,-2.9793475517092795e-156,0.0,0.0,0.0,0.000400592131925491,unicycle
3.5509492470810633,-0.33847515967701686,1.765,0.0,0.0,-1.528928220884092,0.4443743718688446,-2.3687160351403046e-156,0.0,0.0,0.0,0.0003374528428894456,unicycle
3.5513212550324456,-0.34735461956065566,1.765,0.0,0.0,-1.5289227336929163,0.4443624583075222,-1.8790592684749496e-156,0.0,0.0,0.0,0.00027435955878549927,unicycle
3.5516932963845163,-0.3562338455480577,1.765,0.0,0.0,-1.5289185073914011,0.4443508436560146,-1.4870198200917817e-156,0.0,0.0,0.0,0.00021131507576026222,unicycle
3.5520653601954106,-0.36511284410387124,1.765,0.0,0.0,-1.5289155409476938,0.44433952905851065,-1.1736580698250225e-156,0.0,0.0,0.0,0.00014832218537556168,unicycle
3.55243743553451,-0.3739916217141958,1.765,0.0,0.0,-1.5289138332742047,0.44432851560413,-9.236308690292841e-157,0.0,0.0,0.0,8.538367446947823e-05,unicycle
3.5528095114828426,-0.38287018488541896,1.765,0.0,0.0,-1.5289133832277042,0.4443178043268428,-7.245206490195115e-157,0.0,0.0,0.0,2.2502325017640008e-05,unicycle
3.55318157713348,-0.3917485401430519,1.765,0.0,0.0,-1.5289141896094243,0.4443073962053994,-5.6628778170912505e-157,0.0,0.0,0.0,-4.0319086005215534e-05,unicycle
3.5535536215919374,-0.40062669403056406,1.765,0.0,0.0,-1.5289162511651602,0.44429729216326996,-4.408238533478281e-157,0.0,0.0,0.0,-0.0001030777867633259,unicycle
3.553925633976571,-0.40950465310821677,1.765,0.0,0.0,-1.5289195665853743,0.4442874930685941,-3.415875116697144e-157,0.0,0.0,0.0,-0.0001657710106977159,unicycle
3.5542976034189704,-0.41838242395189645,1.765,0.0,0.0,-1.5289241345053073,0.44427799973414017,-2.6330783831377182e-157,0.0,0.0,0.0,-0.00022839599666364088,unicycle
3.5546695190643574,-0.4272600131519475,1.765,0.0,0.0,-1.5289299535050886,0.4442688129172743,-2.01742905993349e-157,0.0,0.0,0.0,-0.0002909499890676412,unicycle
3.5550413700719754,-0.4361374273120044,1.765,0.0,0.0,-1.5289370221098486,0.44425993331993957,-1.5348340602556982e-157,0.0,0.0,0.0,-0.0003534302380042718,unicycle
3.555413145615483,-0.44501467304782466,1.765,0.0,0.0,-1.5289453387898366,0.4442513615886448,-1.1579306115750556e-157,0.0,0.0,0.0,-0.00041583399939247183,unicycle
3.555784834883346,-0.45389175698612144,1.765,0.0,0.0,-1.5289549019605388,0.4442430983144631,-8.647904108389086e-158,0.0,0.0,0.0,-0.00047815853511151414,unicycle
3.556156427079226,-0.4627686857633965,1.765,0.0,0.0,-1.5289657099828016,0.4442351440330402,-6.37868313869902e-158,0.0,0.0,0.0,-0.0005404011131365425,unicycle
3.5565279114223696,-0.47164546602477414,1.765,0.0,0.0,-1.5289777611629551,0.44422749922461274,-4.631501849741504e-158,0.0,0.0,0.0,-0.0006025590076736693,unicycle
3.556899277147997,-0.4805221044228357,1.765,0.0,0.0,-1.528991053752941,0.4442201643140359,-3.294628298338272e-158,0.0,0.0,0.0,-0.0006646294992946901,unicycle
3.557270513526866,-0.48939860807509983,1.765,0.0,0.0,-1.5290055859512155,0.44421316262309385,-2.2791573433104806e-158,0.0,0.0,0.0,-0.0007266099137216903,unicycle
3.5576416098567654,-0.49827498435097745,1.765,0.0,0.0,-1.5290213559024606,0.4442065068148613,-1.514499010691935e-158,0.0,0.0,0.0,-0.0007884975622575437,unicycle
3.5580125554418585,-0.5071512403674819,1.765,0.0,0.0,-1.5290383616968388,0.4442001843187815,-9.447363399291855e-159,0.0,0.0,0.0,-0.000850289718904218,unicycle
3.5583833395958813,-0.5160273830551663,1.765,0.0,0.0,-1.5290566013702822,0.44419418586694126,-5.256885074891331e-159,0.0,0.0,0.0,-0.0009119836721608114,unicycle
3.5587539516447,-0.5249034192086458,1.765,0.0,0.0,-1.5290760729047512,0.4441885047226584,-2.22545512844576e-159,0.0,0.0,0.0,-0.0009735767234504305,unicycle
3.5591243809283553,-0.5337793555250031,1.765,0.0,0.0,-1.5290967742284685,0.4441831360740763,-7.965621983821464e-161,0.0,0.0,0.0,-0.0010350661858608448,unicycle
3.559494616802702,-0.5426551986327012,1.765,0.0,0.0,-1.5291187032161315,0.44417807655907177,1.3945289725488632e-159,0.0,0.0,0.0,-0.0010964493831538678,unicycle
3.559864648640743,-0.5515309551130855,1.765,0.0,0.0,-1.5291418576891116,0.44417332389444164,2.363976179727949e-159,0.0,0.0,0.0,-0.0011577236490016684,unicycle
3.5602344658337146,-0.5604066315161291,1.765,0.0,0.0,-1.5291662354156401,0.4441688765877059,2.958237131358218e-159,0.0,0.0,0.0,-0.001218886326412358,unicycle
3.5606040577919877,-0.5692822343717234,1.765,0.0,0.0,-1.5291918341109862,0.4441647337142004,3.277389427853809e-159,0.0,0.0,0.0,-0.0012799347673116284,unicycle
3.560973413945819,-0.5781577701975421,1.765,0.0,0.0,-1.5292186514376311,0.44416089474562365,3.398302044127306e-159,0.0,0.0,0.0,-0.0013408663322516242,unicycle
3.5613425237459952,-0.5870332455042889,1.765,0.0,0.0,-1.5292466850054358,0.4441573594190081,3.3796267765098906e-159,0.0,0.0,0.0,-0.0014016783902224444,unicycle
3.5617113766643906,-0.5959086667989589,1.765,0.0,0.0,-1.5292759323718066,0.4441541276373439,3.2657665698334594e-159,0.0,0.0,0.0,-0.0014623683185454636,unicycle
3.5620799621944608,-0.6047840405866082,1.765,0.0,0.0,-1.5293063910418634,0.4441511993948918,3.090023433636075e-159,0.0,0.0,0.0,-0.0015229335028311513,unicycle
3.562448269851691,-0.6136593733710138,1.765,0.0,0.0,-1.5293380584686032,0.44414857472167035,2.8770895158525696e-159,0.0,0.0,0.0,-0.001583371336987083,unicycle
3.5628162891740076,-0.6225346716545228,1.765,0.0,0.0,-1.5293709320530686,0.444146253642764,2.645013165120871e-159,0.0,0.0,0.0,-0.0016436792232644567,unicycle
3.563184009722162,-0.6314099419373134,1.765,0.0,0.0,-1.529405009144515,0.44414423614902,2.406746102516885e-159,0.0,0.0,0.0,-0.0017038545723336302,unicycle
3.5635514210801023,-0.6402851907162475,1.765,0.0,0.0,-1.529440287040583,0.44414252217644246,2.1713570158115557e-159,0.0,0.0,0.0,-0.0017638948033811322,unicycle
3.5639185128553246,-0.6491604244834419,1.765,0.0,0.0,-1.5294767629874673,0.4441411115921769,1.9449800664676046e-159,0.0,0.0,0.0,-0.0018237973442221658,unicycle
3.564285274679221,-0.658035649724659,1.765,0.0,0.0,-1.5295144341800964,0.4441400041854424,1.731553212925207e-159,0.0,0.0,0.0,-0.0018835596314238454,unicycle
3.564651696207421,-0.6669108729175904,1.765,0.0,0.0,-1.5295532977623052,0.4441391996621382,1.5333902930140126e-159,0.0,0.0,0.0,-0.0019431791104355554,unicycle
3.565017767120129,-0.6757861005300871,1.765,0.0,0.0,-1.5295933508270194,0.4441386976421408,1.3516219764858052e-159,0.0,0.0,0.0,-0.0020026532357236386,unicycle
3.565383477122459,-0.6846613390183739,1.765,0.0,0.0,-1.5296345904164375,0.4441384976585378,1.186533591082182e-159,0.0,0.0,0.0,-0.002061979470908323,unicycle
3.565748815944773,-0.6935365948252771,1.765,0.0,0.0,-1.5296770135222153,0.44413859915822224,1.0378221131604794e-159,0.0,0.0,0.0,-0.0021211552889013495,unicycle
3.5661137733430146,-0.7024118743784825,1.765,0.0,0.0,-1.529720617085656,0.4441390015034129,9.047900292704853e-160,0.0,0.0,0.0,-0.0021801781720431597,unicycle
3.566478339099046,-0.7112871840888367,1.765,0.0,0.0,-1.5297653979979011,0.4441397039737742,7.864901010551507e-160,0.0,0.0,0.0,-0.0022390456122388758,unicycle
3.566842503020987,-0.7201625303486976,1.765,0.0,0.0,-1.5298113531001232,0.44414070576889514,6.818321262707036e-160,0.0,0.0,0.0,-0.0022977551110925664,unicycle
3.5672062549435517,-0.729037919530339,1.765,0.0,0.0,-1.5298584791837242,0.44414200601095066,5.896604407905573e-160,0.0,0.0,0.0,-0.00235630418003949,unicycle
3.5675695847283913,-0.7379133579844105,1.765,0.0,0.0,-1.5299067729905338,0.44414360374742035,5.088090345400872e-160,0.0,0.0,0.0,-0.002414690340476074,unicycle
3.5679324822644323,-0.7467888520384501,1.765,0.0,0.0,-1.5299562312130115,0.44414549795377584,4.3813966486014124e-160,0.0,0.0,0.0,-0.00247291112388759,unicycle
3.5682949374682225,-0.7556644079954511,1.765,0.0,0.0,-1.530006850494451,0.44414768753607786,3.7656716821734804e-160,0.0,0.0,0.0,-0.0025309640719735514,unicycle
3.568656940284272,-0.7645400321324769,1.765,0.0,0.0,-1.5300586274291863,0.444150171333446,3.230752344403575e-160,0.0,0.0,0.0,-0.00258884673677084,unicycle
3.569018480685398,-0.7734157306993245,1.765,0.0,0.0,-1.530111558562802,0.44415294812037864,2.76725167552953e-160,0.0,0.0,0.0,-0.0026465566807746662,unicycle
3.569379548673072,-0.78229150991723,1.765,0.0,0.0,-1.5301656403923434,0.4441560166089137,2.36659574165049e-160,0.0,0.0,0.0,-0.0027040914770574734,unicycle
3.5697401342777613,-0.7911673759776158,1.765,0.0,0.0,-1.530220869366531,0.4441593754506266,2.0210246239275066e-160,0.0,0.0,0.0,-0.002761448709385892,unicycle
3.570100227559279,-0.8000433350408743,1.765,0.0,0.0,-1.5302772418859771,0.444163023238471,1.7235687580258798e-160,0.0,0.0,0.0,-0.002818625972335869,unicycle
3.570459818607129,-0.8089193932351867,1.765,0.0,0.0,-1.5303347543034056,0.4441669585084685,1.46800907373898e-160,0.0,0.0,0.0,-0.0028756208714060573,unicycle
3.5708188975408532,-0.8177955566553717,1.765,0.0,0.0,-1.5303934029238677,0.44417117974125714,1.2488272149818001e-160,0.0,0.0,0.0,-0.0029324310231296086,unicycle
3.5711774545103783,-0.826671831361765,1.765,0.0,0.0,-1.5304531840049718,0.4441756853635109,1.0611504443322948e-160,0.0,0.0,0.0,-0.0029890540551844504,unicycle
3.571535479696362,-0.8355482233791244,1.765,0.0,0.0,-1.5305140937571018,0.4441804737492405,9.006945490582635e-161,0.0,0.0,0.0,-0.003045487606502131,unicycle
3.5718929633105407,-0.8444247386955588,1.765,0.0,0.0,-1.5305761283436494,0.44418554322098824,7.637070834729633e-161,0.0,0.0,0.0,-0.003101729327375324,unicycle
3.572249895596075,-0.8533013832614806,1.765,0.0,0.0,-1.5306392838812406,0.444190892050928,6.469125390321643e-161,0.0,0.0,0.0,-0.0031577768795640624,unicycle
3.5726062668278957,-0.8621781629885789,1.765,0.0,0.0,-1.5307035564399685,0.4441965184618813,5.4746047608315864e-161,0.0,0.0,0.0,-0.0032136279364007488,unicycle
3.5729620673130524,-0.8710550837488112,1.765,0.0,0.0,-1.5307689420436263,0.44420242062825965,4.628772378715493e-161,0.0,0.0,0.0,-0.00326928018289399,unicycle
3.573317287391056,-0.8799321513734145,1.765,0.0,0.0,-1.530835436669943,0.4442085966769426,3.910215653698471e-161,0.0,0.0,0.0,-0.0033247313158313125,unicycle
3.5736719174342264,-0.888809371651932,1.765,0.0,0.0,-1.5309030362508207,0.44421504468809964,3.3004421479637114e-161,0.0,0.0,0.0,-0.003379979043880796,unicycle
3.5740259478480327,-0.8976867503312571,1.765,0.0,0.0,-1.5309717366725748,0.444221762695964,2.7835152801561246e-161,0.0,0.0,0.0,-0.0034350210876916555,unicycle
3.5743793690714427,-0.9065642931146918,1.765,0.0,0.0,-1.5310415337761747,0.44422874868956547,2.345728034650233e-161,0.0,0.0,0.0,-0.003489855179993769,unicycle
3.5747321715772635,-0.9154420056610201,1.765,0.0,0.0,-1.5311124233574884,0.4442360006134278,1.9753124947217e-161,0.0,0.0,0.0,-0.003544479065696185,unicycle
3.5750843458724852,-0.9243198935835942,1.765,0.0,0.0,-1.531184401167528,0.44424351636823617,1.66218263229254e-161,0.0,0.0,0.0,-0.003598890501984624,unicycle
3.5754358824986223,-0.9331979624494363,1.765,0.0,0.0,-1.5312574629126963,0.44425129381148065,1.397707598946832e-161,0.0,0.0,0.0,-0.0036530872584179972,unicycle
3.575786772032057,-0.9420762177783514,1.765,0.0,0.0,-1.531331604255037,0.44425933075807783,1.1745127163665009e-161,0.0,0.0,0.0,-0.0037070671170239254,unicycle
3.5761370050843766,-0.9509546650420532,1.765,0.0,0.0,-1.5314068208124847,0.4442676249809762,9.863054161852933e-162,0.0,0.0,0.0,-0.0037608278723932705,unicycle
3.5764865723027195,-0.9598333096633036,1.765,0.0,0.0,-1.53148310815912,0.4442761742117477,8.277234970470629e-162,0.0,0.0,0.0,-0.0038143673317736844,unicycle
3.5768354643701104,-0.968712157015063,1.765,0.0,0.0,-1.5315604618254235,0.4442849761411673,6.942032261484434e-162,0.0,0.0,0.0,-0.0038676833151621644,unicycle
3.5771836720058006,-0.977591212419653,1.765,0.0,0.0,-1.5316388772985314,0.44429402841978455,5.818649958772418e-162,0.0,0.0,0.0,-0.003920773655396634,unicycle
3.5775311859656056,-0.9864704811479316,1.765,0.0,0.0,-1.5317183500224967,0.44430332865848843,4.87414440357495e-162,0.0,0.0,0.0,-0.003973636198246535,unicycle
3.577877997042241,-0.9953499684184792,1.765,0.0,0.0,-1.5317988753985465,0.44431287442906703,4.080571125598116e-162,0.0,0.0,0.0,-0.004026268802502424,unicycle
3.578224096065665,-1.004229679396798,1.765,0.0,0.0,-1.531880448785348,0.4443226632647636,3.4142501375784216e-162,0.0,0.0,0.0,-0.004078669340064594,unicycle
3.5785694739034057,-1.0131096191945201,1.765,0.0,0.0,-1.5319630654992682,0.44433269266083114,2.8551344927821183e-162,0.0,0.0,0.0,-0.004130835696030652,unicycle
3.5789141214609033,-1.0219897928686308,1.765,0.0,0.0,-1.532046720814644,0.4443429600750848,2.386268550682149e-162,0.0,0.0,0.0,-0.0041827657687821245,unicycle
3.57925802968184,-1.0308702054207013,1.765,0.0,0.0,-1.5321314099640453,0.44435346292845485,1.9933239713303838e-162,0.0,0.0,0.0,-0.004234457470070063,unicycle
3.5796011895484745,-1.0397508617961335,1.765,0.0,0.0,-1.5322171281385468,0.4443641986055401,1.6642028976102294e-162,0.0,0.0,0.0,-0.0042859087250996155,unicycle
3.5799435920819764,-1.0486317668834173,1.765,0.0,0.0,-1.5323038704879992,0.4443751644551622,1.3886990865070292e-162,0.0,0.0,0.0,-0.004337117472613578,unicycle
3.580285228342755,-1.0575129255133988,1.765,0.0,0.0,-1.5323916321212987,0.44438635779092184,1.1582089197847844e-162,0.0,0.0,0.0,-0.004388081664974935,unicycle
3.5806260894307913,-1.0663943424585602,1.765,0.0,0.0,-1.5324804081066634,0.4443977758917572,9.654852677284314e-163,0.0,0.0,0.0,-0.004438799268248374,unicycle
3.5809661664859704,-1.0752760224323121,1.765,0.0,0.0,-1.5325701934719091,0.4444094160025046,8.044281052778989e-163,0.0,0.0,0.0,-0.004489268262280772,unicycle
3.581305450688407,-1.0841579700882982,1.765,0.0,0.0,-1.5326609832047247,0.44442127533446213,6.699065972052694e-163,0.0,0.0,0.0,-0.00453948664078062,unicycle
3.581643933258775,-1.0930401900197098,1.765,0.0,0.0,-1.532752772252953,0.444433351065956,5.576080875618155e-163,0.0,0.0,0.0,-0.004589452411396437,unicycle
3.581981605458636,-1.1019226867586163,1.765,0.0,0.0,-1.532845555524869,0.44444564034291056,4.6391005797927206e-163,0.0,0.0,0.0,-0.004639163595794132,unicycle
3.5823184585907644,-1.1108054647753027,1.765,0.0,0.0,-1.5329393278894636,0.44445814027942115,3.8577166875502534e-163,0.0,0.0,0.0,-0.004688618229733321,unicycle
3.582654483999474,-1.119688528477624,1.765,0.0,0.0,-1.5330340841767265,0.4444708479583307,3.2064197469033927e-163,0.0,0.0,0.0,-0.004737814363142585,unicycle
3.5829896730709416,-1.1285718822103676,1.765,0.0,0.0,-1.5331298191779301,0.444483760431809,2.6638232248812993e-163,0.0,0.0,0.0,-0.004786750060193679,unicycle
3.5833240172335312,-1.1374555302546325,1.765,0.0,0.0,-1.5332265276459178,0.4444968747219366,2.2120079560023944e-163,0.0,0.0,0.0,-0.004835423399374688,unicycle
3.583657507958118,-1.1463394768272173,1.765,0.0,0.0,-1.5333242042953894,0.4445101878212914,1.835968825193882e-163,0.0,0.0,0.0,-0.004883832473562134,unicycle
3.583990136758408,-1.155223726080022,1.765,0.0,0.0,-1.533422843803191,0.4445236966935388,1.5231481174990265e-163,0.0,0.0,0.0,-0.004931975390092003,unicycle
3.5843218951912608,-1.164108282099463,1.765,0.0,0.0,-1.5335224408086074,0.4445373982740256,1.2630422653779043e-163,0.0,0.0,0.0,-0.004979850270829725,unicycle
3.5846527748570076,-1.1729931489058987,1.765,0.0,0.0,-1.5336229899136524,0.4445512894703772,1.0468706976732272e-163,0.0,0.0,0.0,-0.0050274552522390995,unicycle
3.5849827673997723,-1.18187833045307,1.765,0.0,0.0,-1.5337244856833614,0.444565367163098,8.672971855241596e-164,0.0,0.0,0.0,-0.005074788485450122,unicycle
3.5853118645077866,-1.190763830627553,1.765,0.0,0.0,-1.5338269226460883,0.4445796282061755,7.181955276939419e-164,0.0,0.0,0.0,-0.005121848136325784,unicycle
3.585640057913709,-1.1996496532482228,1.765,0.0,0.0,-1.5339302952937988,0.4445940694276872,5.944526543101467e-164,0.0,0.0,0.0,-0.005168632385527786,unicycle
3.5859673393949416,-1.2085358020657324,1.765,0.0,0.0,-1.5340345980823704,0.4446086876304106,4.918032830923281e-164,0.0,0.0,0.0,-0.005215139428581183,unicycle
3.58629370077394,-1.2174222807620039,1.765,0.0,0.0,-1.534139825431889,0.44462347959243714,4.066911612095658e-164,0.0,0.0,0.0,-0.005261367475937969,unicycle
3.5866191339185325,-1.226309092949731,1.765,0.0,0.0,-1.5342459717269499,0.44463844206778796,3.361526910900131e-164,0.0,0.0,0.0,-0.005307314753039592,unicycle
3.5869436307422293,-1.2351962421718976,1.765,0.0,0.0,-1.5343530313169573,0.4446535717870337,2.777193889714205e-164,0.0,0.0,0.0,-0.005352979500378406,unicycle
3.587267183204534,-1.244083731901307,1.765,0.0,0.0,-1.5344609985164284,0.4446688654579163,2.2933617731803237e-164,0.0,0.0,0.0,-0.005398359973558041,unicycle
3.5875897833112558,-1.2529715655401252,1.765,0.0,0.0,-1.5345698676052955,0.4446843197659737,1.8929298074316426e-164,0.0,0.0,0.0,-0.00544345444335272,unicycle
3.587911423114817,-1.2618597464194374,1.765,0.0,0.0,-1.5346796328292107,0.4446999313751674,1.561674920882416e-164,0.0,0.0,0.0,-0.005488261195765512,unicycle
3.588232094714562,-1.2707482777988182,1.765,0.0,0.0,-1.534790288399852,0.4447156969285121,1.2877731140639172e-164,0.0,0.0,0.0,-0.005532778532085499,unicycle
3.588551790257063,-1.279637162865914,1.765,0.0,0.0,-1.5349018284952307,0.44473161304870823,1.0613994486565975e-164,0.0,0.0,0.0,-0.0055770047689439,unicycle
3.588870501936428,-1.28852640473604,1.765,0.0,0.0,-1.5350142472599984,0.44474767633877677,8.743939080388847e-165,0.0,0.0,0.0,-0.005620938238369115,unicycle
3.589188221994602,-1.2974160064517901,1.765,0.0,0.0,-1.535127538805755,0.44476388338269557,7.199824298788327e-165,0.0,0.0,0.0,-0.00566457728784073,unicycle
3.5895049427216716,-1.306305970982659,1.765,0.0,0.0,-1.5352416972113618,0.44478023074603845,5.92544122355476e-165,0.0,0.0,0.0,-0.005707920280342433,unicycle
3.589820656456168,-1.3151963012246803,1.765,0.0,0.0,-1.5353567165232502,0.44479671497661627,4.874171179667769e-165,0.0,0.0,0.0,-0.005750965594413908,unicycle
3.5901353555853674,-1.3240870000000766,1.765,0.0,0.0,-1.5354725907557343,0.4448133326051192,4.0073673382936154e-165,0.0,0.0,0.0,-0.005793711624201642,unicycle
3.5904490325455876,-1.3329780700569234,1.765,0.0,0.0,-1.5355893138913246,0.4448300801457614,3.293006300080104e-165,0.0,0.0,0.0,-0.0058361567795086776,unicycle
3.590761679822491,-1.341869514068826,1.765,0.0,0.0,-1.5357068798810414,0.4448469540969271,2.7045651755970607e-165,0.0,0.0,0.0,-0.005878299485843337,unicycle
3.5910732899513755,-1.3507613346346112,1.765,0.0,0.0,-1.535825282644731,0.4448639509418183,2.2200869095637896e-165,0.0,0.0,0.0,-0.005920138184466875,unicycle
3.591383855517475,-1.359653534278032,1.765,0.0,0.0,-1.5359445160713798,0.44488106714910364,1.8214026682956115e-165,0.0,0.0,0.0,-0.005961671332440097,unicycle
3.5916933691562516,-1.3685461154474856,1.765,0.0,0.0,-1.5360645740194334,0.4448982991735686,1.4934852074277296e-165,0.0,0.0,0.0,-0.006002897402668933,unicycle
3.592001823553686,-1.3774390805157466,1.765,0.0,0.0,-1.5361854503171122,0.44491564345676726,1.22391141331636e-165,0.0,0.0,0.0,-0.006043814883948964,unicycle
3.592309211446573,-1.3863324317797119,1.765,0.0,0.0,-1.536307138762732,0.44493309642767476,1.0024157966772125e-165,0.0,0.0,0.0,-0.006084422281008909,unicycle
3.5926155256228065,-1.395226171460161,1.765,0.0,0.0,-1.5364296331250231,0.44495065450334054,8.205197209037725e-166,0.0,0.0,0.0,-0.006124718114553082,unicycle
3.592920758921672,-1.4041203017015285,1.765,0.0,0.0,-1.5365529271434493,0.44496831408954307,6.712236628757471e-166,0.0,0.0,0.0,-0.0061647009213028235,unicycle
3.593224904234131,-1.4130148245716925,1.765,0.0,0.0,-1.5366770145285298,0.4449860715814446,5.487519091543395e-166,0.0,0.0,0.0,-0.006204369254036894,unicycle
3.5935279545031067,-1.4219097420617746,1.765,0.0,0.0,-1.5368018889621622,0.44500392336424704,4.483408511931113e-166,0.0,0.0,0.0,-0.006243721681630847,unicycle
3.593829902723769,-1.430805056085955,1.765,0.0,0.0,-1.536927544097944,0.445021865813848,3.660635150868309e-166,0.0,0.0,0.0,-0.00628275678909538,unicycle
3.5941307419438147,-1.4397007684813012,1.765,0.0,0.0,-1.537053973561496,0.44503989529749727,2.986841911504369e-166,0.0,0.0,0.0,-0.006321473177613671,unicycle
3.594430465263749,-1.4485968810076097,1.765,0.0,0.0,-1.5371811709507879,0.4450580081744539,2.4353805554706623e-166,0.0,0.0,0.0,-0.006359869464577715,unicycle
3.594729065837165,-1.4574933953472637,1.765,0.0,0.0,-1.53730912983646,0.4450762007966428,1.9843153327585695e-166,0.0,0.0,0.0,-0.006397944283623623,unicycle
3.595026536871021,-1.466390313105101,1.765,0.0,0.0,-1.5374378437621532,0.44509446950931186,1.6155986680508642e-166,0.0,0.0,0.0,-0.006435696284665944,unicycle
3.595322871625916,-1.4752876358082994,1.765,0.0,0.0,-1.537567306244832,0.4451128106516888,1.3143895075531283e-166,0.0,0.0,0.0,-0.006473124133930977,unicycle
3.5956180634163633,-1.4841853649062733,1.765,0.0,0.0,-1.5376975107751116,0.44513122055763815,1.0684898980918926e-166,0.0,0.0,0.0,-0.0065102265139890805,unicycle
3.5959121056110646,-1.4930835017705861,1.765,0.0,0.0,-1.5378284508175875,0.44514969555631734,8.678795080094833e-167,0.0,0.0,0.0,-0.006547002123786012,unicycle
3.5962049916331784,-1.5019820476948735,1.765,0.0,0.0,-1.537960119811161,0.4451682319728329,7.043312441624753e-167,0.0,0.0,0.0,-0.006583449678673266,unicycle
3.596496714975614,-1.510881004352324,1.765,0.0,0.0,-1.538092511163669,0.44518684901818434,5.7109398578935446e-167,0.0,0.0,0.0,-0.00661956762540972,unicycle
3.596787269194194,-1.519780373584239,1.765,0.0,0.0,-1.5382256182548042,0.445205555325148,4.626308400961291e-167,0.0,0.0,0.0,-0.006655354556739609,unicycle
3.5970766478914653,-1.5286801568980724,1.765,0.0,0.0,-1.5383594344426732,0.44522433441452086,3.7440330634627164e-167,0.0,0.0,0.0,-0.00669080939346731,unicycle
3.5973648447192406,-1.537580355534358,1.765,0.0,0.0,-1.538493953063325,0.44524317315500067,3.026933820874909e-167,0.0,0.0,0.0,-0.006725931032569114,unicycle
3.597651853380604,-1.5464809705182694,1.765,0.0,0.0,-1.538629167430456,0.44526206099430776,2.444570129139772e-167,0.0,0.0,0.0,-0.0067607183565256395,unicycle
3.597937667631501,-1.555382002699104,1.765,0.0,0.0,-1.5387650708352683,0.4452809893548657,1.972034226117362e-167,0.0,0.0,0.0,-0.006795170240620262,unicycle
3.5982222812819975,-1.564283452780301,1.765,0.0,0.0,-1.5389016565464406,0.4452999511604439,1.5889580268733816e-167,0.0,0.0,0.0,-0.006829285558635018,unicycle
3.598505688197287,-1.5731853213420812,1.765,0.0,0.0,-1.5390389178101864,0.44531894046680265,1.2786962168084216e-167,0.0,0.0,0.0,-0.006863063187285325,unicycle
3.5987878822984998,-1.582087608858352,1.765,0.0,0.0,-1.53917684785038,0.4453379521747381,1.0276546244022938e-167,0.0,0.0,0.0,-0.006896502009663415,unicycle
3.5990688575633585,-1.5909903157091747,1.765,0.0,0.0,-1.5393154398687379,0.44535698180824507,8.247383229013022e-168,0.0,0.0,0.0,-0.006929600917903704,unicycle
3.59934860802672,-1.5998934421898292,1.765,0.0,0.0,-1.5394546870450423,0.4453760253439979,6.608983558470231e-168,0.0,0.0,0.0,-0.00696235881523848,unicycle
3.5996271277810257,-1.6087969885172726,1.765,0.0,0.0,-1.5395945825373942,0.44539507908114817,5.2875966160466705e-168,0.0,0.0,0.0,-0.006994774617576663,unicycle
3.5999044109766856,-1.6177009548346286,1.765,0.0,0.0,-1.5397351194824886,0.44541413954268766,4.2231581734185546e-168,0.0,0.0,0.0,-0.007026847254710271,unicycle
3.600180451822409,-1.6266053412141983,1.765,0.0,0.0,-1.5398762909959134,0.44543320340143033,3.366787416234715e-168,0.0,0.0,0.0,-0.007058575671230987,unicycle
3.600455244585501,-1.6355101476593732,1.765,0.0,0.0,-1.5400180901724576,0.4454522674251126,2.678735770136901e-168,0.0,0.0,0.0,-0.00708995882722153,unicycle
3.600728783592125,-1.644415374105747,1.765,0.0,0.0,-1.540160510086433,0.4454713284362666,2.126706946551317e-168,0.0,0.0,0.0,-0.0071209956987727,unicycle
3.601001063227553,-1.6533210204216526,1.765,0.0,0.0,-1.5403035437920005,0.4454903832834438,1.6844818387520802e-168,0.0,0.0,0.0,-0.007151685278365884,unicycle
3.601272077936389,-1.6622270864082986,1.765,0.0,0.0,-1.540447184323504,0.4455094288211041,1.3307936303338967e-168,0.0,0.0,0.0,-0.007182026575152223,unicycle
3.6015418222227935,-1.6711335717996347,1.765,0.0,0.0,-1.5405914246958068,0.4455284618960658,1.0484081586328814e-168,0.0,0.0,0.0,-0.007212018615152759,unicycle
3.6018102906506906,-1.6800404762620451,1.765,0.0,0.0,-1.5407362579046346,0.4455474793388801,8.233725596500317e-169,0.0,0.0,0.0,-0.007241660441398497,unicycle
3.6020774778439786,-1.6889477993939441,1.765,0.0,0.0,-1.5408816769269154,0.44556647795885845,6.44401802774159e-169,0.0,0.0,0.0,-0.007270951114025116,unicycle
3.602343378486728,-1.6978555407253255,1.765,0.0,0.0,-1.5410276747211218,0.445585454541772,5.023781467300507e-169,0.0,0.0,0.0,-0.007299889710333703,unicycle
3.6026079873233834,-1.7067636997173035,1.765,0.0,0.0,-1.5411742442276186,0.44560440584946975,3.899430144621682e-169,0.0,0.0,0.0,-0.007328475324826294,unicycle
3.602871299158962,-1.7156722757616774,1.765,0.0,0.0,-1.5413213783690027,0.4456233286208414,3.011644611072088e-169,0.0,0.0,0.0,-0.007356707069222995,unicycle
3.603133308859247,-1.7245812681805306,1.765,0.0,0.0,-1.541469070050452,0.44564221957369204,2.3126643397393657e-169,0.0,0.0,0.0,-0.0073845840724657864,unicycle
3.603394011350989,-1.7334906762258806,1.765,0.0,0.0,-1.5416173121600665,0.44566107540720157,1.7640851078740447e-169,0.0,0.0,0.0,-0.007412105480712968,unicycle
3.6036534016220942,-1.7424004990793869,1.765,0.0,0.0,-1.541766097569213,0.44567989280473014,1.335068468012187e-169,0.0,0.0,0.0,-0.0074392704573271445,unicycle
3.603911474721824,-1.7513107358521154,1.765,0.0,0.0,-1.5419154191328701,0.44569866843679345,1.0008874075373745e-169,0.0,0.0,0.0,-0.007466078182858989,unicycle
3.604168225760987,-1.760221385584369,1.765,0.0,0.0,-1.5420652696899708,0.44571739896408197,7.417460846723332e-170,0.0,0.0,0.0,-0.00749252785502837,unicycle
3.6044236499121287,-1.769132447245573,1.765,0.0,0.0,-1.5422156420637452,0.44573608104043677,5.418228433874987e-170,0.0,0.0,0.0,-0.007518618688704022,unicycle
3.604677742409728,-1.7780439197342213,1.765,0.0,0.0,-1.5423665290620627,0.4457547113157233,3.8849498917294444e-170,0.0,0.0,0.0,-0.0075443499158826316,unicycle
3.6049304985503827,-1.7869558018778786,1.765,0.0,0.0,-1.542517923477776,0.44577328643856545,2.717114137909106e-170,0.0,0.0,0.0,-0.007569720785667873,unicycle
3.6051819136930017,-1.7958680924332315,1.765,0.0,0.0,-1.5426698180890608,0.4457918030589179,1.8348538816402543e-170,0.0,0.0,0.0,-0.007594730564249805,unicycle
3.6054319832589914,-1.8047807900861912,1.765,0.0,0.0,-1.5428222056597587,0.4458102578304673,1.174849440804405e-170,0.0,0.0,0.0,-0.007619378534884851,unicycle
3.605680702732443,-1.8136938934520386,1.765,0.0,0.0,-1.5429750789397163,0.44582864741285927,6.870243965550445e-171,0.0,0.0,0.0,-0.007643663997876516,unicycle
3.6059280676603156,-1.8226074010756137,1.765,0.0,0.0,-1.5431284306651274,0.4458469684737562,3.3188316924741224e-171,0.0,0.0,0.0,-0.007667586270556881,unicycle
3.6061740736526198,-1.8315213114315416,1.765,0.0,0.0,-1.5432822535588724,0.4458652176907316,7.836849467660967e-172,0.0,0.0,0.0,-0.007691144687268883,unicycle
3.6064187163825965,-1.840435622924494,1.765,0.0,0.0,-1.5434365403308592,0.44588339175301267,-9.786043860233442e-172,0.0,0.0,0.0,-0.007714338599349325,unicycle
3.606661991586898,-1.8493503338894839,1.765,0.0,0.0,-1.5435912836783612,0.44590148736308066,-2.1580983682415235e-171,0.0,0.0,0.0,-0.007737167375112587,unicycle
3.606903895065762,-1.8582654425921898,1.765,0.0,0.0,-1.5437464762863577,0.445919501238142,-2.902586149434551e-171,0.0,0.0,0.0,-0.00775963039983492,unicycle
3.607144422683187,-1.8671809472293075,1.765,0.0,0.0,-1.5439021108278725,0.4459374301114806,-3.3264429926867555e-171,0.0,0.0,0.0,-0.007781727075739242,unicycle
3.607383570367102,-1.876096845928927,1.765,0.0,0.0,-1.544058179964312,0.44595527073370445,-3.517705755992108e-171,0.0,0.0,0.0,-0.007803456821980369,unicycle
3.607621334109538,-1.885013136750933,1.765,0.0,0.0,-1.544214676345805,0.4459730198738952,-3.543713483239085e-171,0.0,0.0,0.0,-0.007824819074630566,unicycle
3.6078577099667926,-1.893929817687428,1.765,0.0,0.0,-1.5443715926115382,0.4459906743206736,-3.4555951502089374e-171,0.0,0.0,0.0,-0.007845813286665325,unicycle
3.608092694059594,-1.9028468866631745,1.765,0.0,0.0,-1.5445289213900972,0.446008230883187,-3.291832490592312e-171,0.0,0.0,0.0,-0.0078664389279493,unicycle
3.6083262825732634,-1.9117643415360566,1.765,0.0,0.0,-1.5446866552998018,0.4460256863920305,-3.0810818908925585e-171,0.0,0.0,0.0,-0.007886695485222313,unicycle
3.6085584717578714,-1.9206821800975586,1.765,0.0,0.0,-1.5448447869490436,0.44604303770010717,-2.8444037060208097e-171,0.0,0.0,0.0,-0.007906582462085344,unicycle
3.608789257928395,-1.9296004000732618,1.765,0.0,0.0,-1.5450033089366235,0.44606028168343514,-2.597018468207255e-171,0.0,0.0,0.0,-0.00792609937898647,unicycle
3.609018637464869,-1.938518999123355,1.765,0.0,0.0,-1.5451622138520873,0.44607741524190797,-2.3496860813915413e-171,0.0,0.0,0.0,-0.007945245773206641,unicycle
3.6092466068125373,-1.947437974843161,1.765,0.0,0.0,-1.5453214942760645,0.4460944353000132,-2.1097851834410362e-171,0.0,0.0,0.0,-0.007964021198845301,unicycle
3.609473162481999,-1.9563573247636767,1.765,0.0,0.0,-1.5454811427806006,0.4461113388075139,-1.882154580551898e-171,0.0,0.0,0.0,-0.007982425226805744,unicycle
3.609698301049351,-1.9652770463521274,1.765,0.0,0.0,-1.545641151929496,0.446128122740098,-1.6697463280717362e-171,0.0,0.0,0.0,-0.008000457444780206,unicycle
3.6099220191563304,-1.9741971370125324,1.765,0.0,0.0,-1.54580151427864,0.44614478409999814,-1.4741300924862483e-171,0.0,0.0,0.0,-0.008018117457234644,unicycle
3.610144313510451,-1.9831175940862835,1.765,0.0,0.0,-1.5459622223763483,0.44616131991658614,-1.295880426732823e-171,0.0,0.0,0.0,-0.008035404885393154,unicycle
3.610365180885138,-1.992038414852737,1.765,0.0,0.0,-1.5461232687636928,0.44617772724694404,-1.1348721562332372e-171,0.0,0.0,0.0,-0.008052319367222012,unicycle
3.61058461811986,-2.000959596529815,1.765,0.0,0.0,-1.546284645974841,0.44619400317641505,-9.905039060261975e-172,0.0,0.0,0.0,-0.008068860557413309,unicycle
3.610802622120257,-2.009881136274617,1.765,0.0,0.0,-1.5464463465373885,0.4462101448191356,-8.618656564190057e-172,0.0,0.0,0.0,-0.00808502812736817,unicycle
3.611019189858265,-2.0188030311840457,1.765,0.0,0.0,-1.546608362972692,0.4462261493185505,-7.478628978865046e-172,0.0,0.0,0.0,-0.008100821765179515,unicycle
3.611234318372238,-2.0277252782954402,1.765,0.0,0.0,-1.5467706877962046,0.4462420138479128,-6.473073051622555e-172,0.0,0.0,0.0,-0.008116241175614384,unicycle
3.611448004767067,-2.0366478745872203,1.765,0.0,0.0,-1.5469333135178063,0.44625773561077026,-5.589817356883416e-172,0.0,0.0,0.0,-0.008131286080095767,unicycle
3.6116602462142935,-2.0455708169795392,1.765,0.0,0.0,-1.5470962326421396,0.4462733118414381,-4.8168567368910267e-172,0.0,0.0,0.0,-0.00814595621668397,unicycle
3.6118710399522254,-2.054494102334949,1.765,0.0,0.0,-1.5472594376689408,0.4462887398054602,-4.142659031205205e-172,0.0,0.0,0.0,-0.008160251340057496,unicycle
3.61208038328604,-2.063417727459072,1.765,0.0,0.0,-1.5474229210933703,0.44630401680005916,-3.5563613198422636e-172,0.0,0.0,0.0,-0.008174171221493417,unicycle
3.6122882735878945,-2.0723416891012834,1.765,0.0,0.0,-1.5475866754063472,0.44631914015457574,-3.0478845161551387e-172,0.0,0.0,0.0,-0.008187715648847254,unicycle
3.6124947082970253,-2.081265983955403,1.765,0.0,0.0,-1.5477506930948777,0.4463341072308985,-2.607988529473101e-172,0.0,0.0,0.0,-0.008200884426532357,unicycle
3.6126996849198476,-2.0901906086603934,1.765,0.0,0.0,-1.5479149666423875,0.44634891542388394,-2.2282850151766456e-172,0.0,0.0,0.0,-0.008213677375498777,unicycle
3.6129032010300475,-2.099115559801067,1.765,0.0,0.0,-1.5480794885290516,0.4463635621617674,-1.9012206527669253e-172,0.0,0.0,0.0,-0.008226094333211637,unicycle
3.6131052542686795,-2.1080408339088077,1.765,0.0,0.0,-1.5482442512321242,0.4463780449065657,-1.6200407090723672e-172,0.0,0.0,0.0,-0.00823813515362899,unicycle
3.6133058423442495,-2.1169664274622884,1.765,0.0,0.0,-1.5484092472262676,0.44639236115447045,-1.3787401684910057e-172,0.0,0.0,0.0,-0.008249799707179185,unicycle
3.613504963032802,-2.125892336888209,1.765,0.0,0.0,-1.5485744689838825,0.4464065084362339,-1.1720077966683686e-172,0.0,0.0,0.0,-0.008261087880737705,unicycle
3.6137026141780018,-2.134818558562036,1.765,0.0,0.0,-1.5487399089754341,0.4464204843175465,-9.951670297148376e-173,0.0,0.0,0.0,-0.008271999577603526,unicycle
3.613898793691209,-2.143745088808749,1.765,0.0,0.0,-1.5489055596697838,0.4464342863994063,-8.44116453472937e-173,0.0,0.0,0.0,-0.008282534717474973,unicycle
3.614093499551557,-2.1526719239035965,1.765,0.0,0.0,-1.5490714135345125,0.4464479123184809,-7.152717812697766e-173,0.0,0.0,0.0,-0.008292693236425066,unicycle
3.6142867298060213,-2.1615990600728603,1.765,0.0,0.0,-1.5492374630362502,0.4464613597474613,-6.055105943456625e-173,0.0,0.0,0.0,-0.008302475086876381,unicycle
3.6144784825694862,-2.170526493494625,1.765,0.0,0.0,-1.5494037006410017,0.4464746263954084,-5.1212062946347734e-173,0.0,0.0,0.0,-0.008311880237575425,unicycle
3.61466875602481,-2.1794542202995553,1.765,0.0,0.0,-1.5495701188144735,0.4464877100080918,-4.327520457298285e-173,0.0,0.0,0.0,-0.008320908673566507,unicycle
3.6148575484228838,-2.1883822365716794,1.765,0.0,0.0,-1.5497367100223967,0.4465006083683206,-3.653738479795969e-173,0.0,0.0,0.0,-0.008329560396165142,unicycle
3.6150448580826895,-2.1973105383491807,1.765,0.0,0.0,-1.549903466730855,0.4465133192962678,-3.08234464088123e-173,0.0,0.0,0.0,-0.008337835422930977,unicycle
3.6152306833913497,-2.206239121625193,1.765,0.0,0.0,-1.5500703814066081,0.4465258406497858,-2.5982635020072622e-173,0.0,0.0,0.0,-0.008345733787640225,unicycle
3.615415022804181,-2.2151679823486083,1.765,0.0,0.0,-1.5502374465174131,0.44653817032471527,-2.1885441701435907e-173,0.0,0.0,0.0,-0.008353255540257645,unicycle
3.6155978748447355,-2.224097116424882,1.765,0.0,0.0,-1.5504046545323515,0.4465503062551864,-1.842080209731005e-173,0.0,0.0,0.0,-0.008360400746908043,unicycle
3.615779238104846,-2.2330265197168515,1.765,0.0,0.0,-1.5505719979221484,0.4465622464139123,-1.5493623810130552e-173,0.0,0.0,0.0,-0.008367169489847327,unicycle
3.6159591112446625,-2.241956188045557,1.765,0.0,0.0,-1.5507394691594973,0.4465739888124753,-1.3022612871031231e-173,0.0,0.0,0.0,-0.008373561867433078,unicycle
3.6161374929926877,-2.2508861171910697,1.765,0.0,0.0,-1.5509070607193793,0.4465855315016052,-1.0938370343059173e-173,0.0,0.0,0.0,-0.008379577994094691,unicycle
3.6163143821458066,-2.259816302893325,1.765,0.0,0.0,-1.5510747650793855,0.4465968725714505,-9.181731119865667e-174,0.0,0.0,0.0,-0.008385218000303053,unicycle
3.616489777569316,-2.2687467408529605,1.765,0.0,0.0,-1.5512425747200362,0.44660801015184154,-7.702318516193256e-174,0.0,0.0,0.0,-0.008390482032539781,unicycle
3.616663678196946,-2.27767742673216,1.765,0.0,0.0,-1.5514104821251018,0.44661894241254657,-6.457290087700171e-174,0.0,0.0,0.0,-0.00839537025326602,unicycle
3.616836083030881,-2.2866083561555026,1.765,0.0,0.0,-1.5515784797819197,0.4466296675635199,-5.410252114974528e-174,0.0,0.0,0.0,-0.0083998828408908,unicycle
3.617006991141775,-2.2955395247108172,1.765,0.0,0.0,-1.5517465601817142,0.4466401838551422,-4.530322231244271e-174,0.0,0.0,0.0,-0.008404019989738973,unicycle
3.617176401668764,-2.3044709279500393,1.765,0.0,0.0,-1.5519147158199145,0.44665048957845366,-3.7913216892794837e-174,0.0,0.0,0.0,-0.008407781910018706,unicycle
3.617344313819476,-2.3134025613900753,1.765,0.0,0.0,-1.5520829391964703,0.44666058306537926,-3.1710806990363795e-174,0.0,0.0,0.0,-0.008411168827788553,unicycle
3.6175107268700333,-2.3223344205136716,1.765,0.0,0.0,-1.5522512228161691,0.44667046268894606,-2.6508420909274464e-174,0.0,0.0,0.0,-0.008414180984924122,unicycle
3.6176756401650567,-2.3312665007702846,1.765,0.0,0.0,-1.5524195591889507,0.4466801268634932,-2.214750251106798e-174,0.0,0.0,0.0,-0.008416818639084306,unicycle
3.61783905311766,-2.3401987975769574,1.765,0.0,0.0,-1.5525879408302241,0.44668957404487386,-1.849413825665722e-174,0.0,0.0,0.0,-0.00841908206367711,unicycle
3.618000965209446,-2.349131306319201,1.765,0.0,0.0,-1.552756360261181,0.4466988027306497,-1.5435320980682824e-174,0.0,0.0,0.0,-0.008420971547825078,unicycle
3.6181613759904936,-2.3580640223518774,1.765,0.0,0.0,-1.5529248100091078,0.4467078114602773,-1.287576211376957e-174,0.0,0.0,0.0,-0.008422487396330303,unicycle
3.6183202850793474,-2.3669969410000866,1.765,0.0,0.0,-1.5530932826077004,0.44671659881528714,-1.073517539975206e-174,0.0,0.0,0.0,-0.008423629929639046,unicycle
3.6184776921629966,-2.3759300575600575,1.765,0.0,0.0,-1.553261770597377,0.4467251634194542,-8.945965228154863e-175,0.0,0.0,0.0,-0.008424399483805956,unicycle
3.618633596996855,-2.3848633673000443,1.765,0.0,0.0,-1.553430266525586,0.44673350393896133,-7.451261611134514e-175,0.0,0.0,0.0,-0.008424796410457885,unicycle
3.618787999404735,-2.393796865461222,1.765,0.0,0.0,-1.553598762947121,0.44674161908255444,-6.203251678047335e-175,0.0,0.0,0.0,-0.008424821076757336,unicycle
3.61894089927882,-2.402730547258587,1.765,0.0,0.0,-1.5537672524244284,0.4467495076016899,-5.161764439769223e-175,0.0,0.0,0.0,-0.00842447386536551,unicycle
3.6190922965796295,-2.4116644078818625,1.765,0.0,0.0,-1.5539357275279166,0.44675716829067424,-4.2930715862851665e-175,0.0,0.0,0.0,-0.008423755174404964,unicycle
3.619242191335983,-2.420598442496401,1.765,0.0,0.0,-1.5541041808362646,0.44676459998679574,-3.5688723176505255e-175,0.0,0.0,0.0,-0.008422665417421895,unicycle
3.6193905836449596,-2.4295326462440947,1.765,0.0,0.0,-1.5542726049367315,0.44677180157044843,-2.965434756996274e-175,0.0,0.0,0.0,-0.008421205023348057,unicycle
3.6195374736718557,-2.4384670142442864,1.765,0.0,0.0,-1.554440992425461,0.44677877196524773,-2.4628704349093347e-175,0.0,0.0,0.0,-0.008419374436462292,unicycle
3.6196828616501318,-2.4474015415946813,1.765,0.0,0.0,-1.5546093359077882,0.4467855101381386,-2.0445217403861137e-175,0.0,0.0,0.0,-0.008417174116351685,unicycle
3.6198267478813655,-2.4563362233722636,1.765,0.0,0.0,-1.5547776279985457,0.4467920150994959,-1.6964451707750913e-175,0.0,0.0,0.0,-0.008414604537872376,unicycle
3.619969132735193,-2.465271054634212,1.765,0.0,0.0,-1.5549458613223677,0.44679828590321613,-1.4069757410727155e-175,0.0,0.0,0.0,-0.008411666191109984,unicycle
3.6201100166492504,-2.4742060304188165,1.765,0.0,0.0,-1.5551140285139946,0.4468043216468023,-1.1663600845817817e-175,0.0,0.0,0.0,-0.008408359581339665,unicycle
3.6202494001291106,-2.4831411457464014,1.765,0.0,0.0,-1.555282122218574,0.44681012147143995,-9.664476392656548e-176,0.0,0.0,0.0,-0.008404685228985829,unicycle
3.6203872837482147,-2.492076395620243,1.765,0.0,0.0,-1.5554501350919652,0.446815684562066,-8.0043090860928e-176,0.0,0.0,0.0,-0.008400643669581492,unicycle
3.6205236681478037,-2.501011775027495,1.765,0.0,0.0,-1.55561805980104,0.4468210101474289,-6.626271488846552e-176,0.0,0.0,0.0,-0.008396235453727266,unicycle
3.6206585540368406,-2.509947278940111,1.765,0.0,0.0,-1.5557858890239809,0.4468260975001416,-5.4829499833788386e-176,0.0,0.0,0.0,-0.008391461147049991,unicycle
3.6207919421919335,-2.518882902315765,1.765,0.0,0.0,-1.5559536154505842,0.4468309459367263,-4.534805558275506e-176,0.0,0.0,0.0,-0.008386321330161036,unicycle
3.6209238334572533,-2.527818640098782,1.765,0.0,0.0,-1.556121231782556,0.44683555481765136,-3.748882610904692e-176,0.0,0.0,0.0,-0.008380816598614244,unicycle
3.6210542287511425,-2.536754487677254,1.765,0.0,0.0,-1.5562887307253934,0.4468399463596631,-3.0977264712370003e-176,0.0,0.0,0.0,-0.008374947141876383,unicycle
3.621183129062736,-2.5456904406732166,1.765,0.0,0.0,-1.556456104992566,0.4468441322844812,-2.5584764535489444e-176,0.0,0.0,0.0,-0.008368713358631832,unicycle
3.621310535444568,-2.5546264944431236,1.765,0.0,0.0,-1.5566233473150493,0.44684809933287495,-2.1121064204555932e-176,0.0,0.0,0.0,-0.00836211612415962,unicycle
3.6214364490135513,-2.563562644145518,1.765,0.0,0.0,-1.5567904504403907,0.44685183762717495,-1.7427892327852416e-176,0.0,0.0,0.0,-0.008355156267054714,unicycle
3.6215608709516887,-2.5724988847933643,1.765,0.0,0.0,-1.556957407132057,0.4468553399044319,-1.4373651757018688e-176,0.0,0.0,0.0,-0.008347834583319242,unicycle
3.6216838025065825,-2.5814352112943255,1.765,0.0,0.0,-1.557124210169006,0.4468586009135654,-1.1848975961948976e-176,0.0,0.0,0.0,-0.00834015184741698,unicycle
3.6218052449917857,-2.590371618481597,1.765,0.0,0.0,-1.5572908523454243,0.4468616169430173,-9.763016452848387e-177,0.0,0.0,0.0,-0.008332108820916439,unicycle
3.6219251997870257,-2.599308101137362,1.765,0.0,0.0,-1.5574573264706084,0.4468643854520386,-8.040342633616126e-177,0.0,0.0,0.0,-0.008323706259222614,unicycle
3.6220436683383332,-2.608244654010522,1.765,0.0,0.0,-1.5576236253689444,0.44686690478408003,-6.6183544162595955e-177,0.0,0.0,0.0,-0.008314944916796936,unicycle
3.6221606521581045,-2.617181271829987,1.765,0.0,0.0,-1.557789741879968,0.44686917394506415,-5.445123900928589e-177,0.0,0.0,0.0,-0.008305825551184084,unicycle
3.6222761528250964,-2.626117949314555,1.765,0.0,0.0,-1.55795566885849,0.4468711924327861,-4.4775958858252855e-177,0.0,0.0,0.0,-0.008296348926099532,unicycle
3.622390171984388,-2.6350546811801876,1.765,0.0,0.0,-1.5581213991747653,0.44687296010647987,-3.6800883032797533e-177,0.0,0.0,0.0,-0.00828651581377978,unicycle
3.622502711347303,-2.643991462145302,1.765,0.0,0.0,-1.5582869257147005,0.4468744770878305,-3.023043212143708e-177,0.0,0.0,0.0,-0.008276326996755543,unicycle
3.6226137726913104,-2.6529282869345705,1.765,0.0,0.0,-1.5584522413800839,0.44687574368651084,-2.481986992090398e-177,0.0,0.0,0.0,-0.008265783269174992,unicycle
3.622723357859902,-2.661865150281622,1.765,0.0,0.0,-1.5586173390888394,0.44687676034476026,-2.0366651196923295e-177,0.0,0.0,0.0,-0.008254885437777462,unicycle
3.6228314687624605,-2.670802046930916,1.765,0.0,0.0,-1.5587822117752912,0.44687752759667837,-1.6703225603356935e-177,0.0,0.0,0.0,-0.008243634322596958,unicycle
3.622938107374115,-2.679738971639039,1.765,0.0,0.0,-1.5589468523904402,0.4468780460388222,-1.3691055543189399e-177,0.0,0.0,0.0,-0.008232030757457778,unicycle
3.6230432757355815,-2.6886759191755782,1.765,0.0,0.0,-1.5591112539022465,0.4468783163094315,-1.1215645538179122e-177,0.0,0.0,0.0,-0.008220075590311248,unicycle
3.6231469759530053,-2.697612884323715,1.765,0.0,0.0,-1.5592754092959153,0.44687833907418717,-9.182414014151018e-178,0.0,0.0,0.0,-0.008207769683451854,unicycle
3.6232492101977916,-2.7065498618806285,1.765,0.0,0.0,-1.559439311574188,0.44687811501687147,-7.513266332797026e-178,0.0,0.0,0.0,-0.008195113913642608,unicycle
3.623349980706436,-2.7154868466577873,1.765,0.0,0.0,-1.5596029537576317,0.446877644833663,-6.143751274805693e-178,0.0,0.0,0.0,-0.0081821091721728,unicycle
3.623449289780349,-2.724423833481176,1.765,0.0,0.0,-1.5597663288849293,0.4468769292300901,-5.020702733412748e-178,0.0,0.0,0.0,-0.00816875636486605,unicycle
3.6235471397856744,-2.7333608171915014,1.765,0.0,0.0,-1.5599294300131703,0.4468759689198919,-4.100284727142286e-178,0.0,0.0,0.0,-0.00815505641205238,unicycle
3.6236435331531114,-2.742297792644403,1.765,0.0,0.0,-1.560092250218141,0.4468747646252159,-3.3463715032998217e-178,0.0,0.0,0.0,-0.008141010248514843,unicycle
3.6237384723777284,-2.7512347547106875,1.765,0.0,0.0,-1.5602547825946096,0.446873317077719,-2.7292059151176106e-178,0.0,0.0,0.0,-0.008126618823418637,unicycle
3.6238319600187756,-2.760171698276586,1.765,0.0,0.0,-1.560417020256614,0.4468716270202491,-2.2242887813214158e-178,0.0,0.0,0.0,-0.00811188310022867,unicycle
3.6239239986994956,-2.769108618244065,1.765,0.0,0.0,-1.5605789563377463,0.44686969520886743,-1.8114598846890952e-178,0.0,0.0,0.0,-0.008096804056620017,unicycle
3.624014591106931,-2.7780455095311716,1.765,0.0,0.0,-1.5607405839914343,0.4468675224150364,-1.4741378939367825e-178,0.0,0.0,0.0,-0.008081382684384535,unicycle
3.6241037399917295,-2.786982367072428,1.765,0.0,0.0,-1.5609018963912211,0.4468651094278483,-1.1986920174510612e-178,0.0,0.0,0.0,-0.008065619989335946,unicycle
3.624191448167947,-2.795919185819266,1.765,0.0,0.0,-1.5610628867310457,0.44686245705620814,-9.739227994477182e-179,0.0,0.0,0.0,-0.00804951699121505,unicycle
3.6242777185128454,-2.8048559607405035,1.765,0.0,0.0,-1.5612235482255175,0.4468595661309114,-7.906333011157385e-179,0.0,0.0,0.0,-0.008033074723596174,unicycle
3.6243625539666917,-2.813792686822862,1.765,0.0,0.0,-1.5613838741101935,0.4468564375065792,-6.412750985064729e-179,0.0,0.0,0.0,-0.008016294233795577,unicycle
3.6244459575325507,-2.8227293590715155,1.765,0.0,0.0,-1.5615438576418492,0.4468530720634311,-5.1965618189143406e-179,0.0,0.0,0.0,-0.00799917658278226,unicycle
3.624527932276077,-2.8316659725106734,1.765,0.0,0.0,-1.561703492098751,0.4468494707088828,-4.20700047146625e-179,0.0,0.0,0.0,-0.007981722845091369,unicycle
3.624608481325303,-2.84060252218419,1.765,0.0,0.0,-1.5618627707809254,0.44684563437896896,-3.402471029154764e-179,0.0,0.0,0.0,-0.007963934108740266,unicycle
3.624687607870424,-2.849539003156201,1.765,0.0,0.0,-1.5620216870104284,0.4468415640395946,-2.7489104009015883e-179,0.0,0.0,0.0,-0.007945811475147236,unicycle
3.6247653151635832,-2.8584754105117787,1.765,0.0,0.0,-1.5621802341316096,0.44683726068762164,-2.2184407449957772e-179,0.0,0.0,0.0,-0.00792735605905269,unicycle
3.6248416065186495,-2.867411739357606,1.765,0.0,0.0,-1.5623384055113785,0.44683272535180163,-1.7882602297346076e-179,0.0,0.0,0.0,-0.007908568988442694,unicycle
3.624916485310994,-2.8763479848226683,1.765,0.0,0.0,-1.5624961945394682,0.446827959093565,-1.4397304334479067e-179,0.0,0.0,0.0,-0.007889451404474657,unicycle
3.6249899549772637,-2.8852841420589557,1.765,0.0,0.0,-1.5626535946286964,0.44682296300767915,-1.157625906214766e-179,0.0,0.0,0.0,-0.007870004461404985,unicycle
3.625062019015155,-2.8942202062421747,1.765,0.0,0.0,-1.5628105992152268,0.4468177382227872,-9.295173963897332e-180,0.0,0.0,0.0,-0.007850229326518441,unicycle
3.625132680983177,-2.9031561725724715,1.765,0.0,0.0,-1.5629672017588279,0.44681228590183875,-7.452651993486902e-180,0.0,0.0,0.0,-0.007830127180059038,unicycle
3.62520194450042,-2.9120920362751597,1.765,0.0,0.0,-1.5631233957431308,0.44680660724242344,-5.96603187937713e-180,0.0,0.0,0.0,-0.0078096992151622845,unicycle
3.6252698132463155,-2.921027792601452,1.765,0.0,0.0,-1.5632791746758865,0.44680070347701784,-4.76797478991586e-180,0.0,0.0,0.0,-0.007788946637788571,unicycle
3.6253362909603943,-2.929963436829195,1.765,0.0,0.0,-1.56343453208922,0.4467945758731553,-3.8036649860358916e-180,0.0,0.0,0.0,-0.007767870666657534,unicycle
3.6254013814420443,-2.9388989642636063,1.765,0.0,0.0,-1.5635894615398835,0.44678822573352683,-3.028515308472148e-180,0.0,0.0,0.0,-0.007746472533183261,unicycle
3.625465088550262,-2.9478343702380143,1.765,0.0,0.0,-1.5637439566095117,0.4467816543960213,-2.4062875369078584e-180,0.0,0.0,0.0,-0.0077247534814101635,unicycle
3.6255274162034015,-2.95676965011459,1.765,0.0,0.0,-1.5638980109048704,0.44677486323371146,-1.9075535110383669e-180,0.0,0.0,0.0,-0.007702714767949408,unicycle
3.625588368378923,-2.965704799285087,1.765,0.0,0.0,-1.5640516180581088,0.4467678536547928,-1.5084359927144354e-180,0.0,0.0,0.0,-0.007680357661915793,unicycle
3.6256479491131355,-2.974639813171571,1.765,0.0,0.0,-1.564204771727006,0.4467606271024804,-1.189579050713889e-180,0.0,0.0,0.0,-0.007657683444864957,unicycle
3.625706162500938,-2.9835746872271485,1.765,0.0,0.0,-1.5643574655952202,0.44675318505486783,-9.353066605793687e-181,0.0,0.0,0.0,-0.007634693410730837,unicycle
3.6257630126955593,-2.992509416936695,1.765,0.0,0.0,-1.5645096933725355,0.44674552902475484,-7.329355590347781e-181,0.0,0.0,0.0,-0.0076113888657632885,unicycle
3.62581850390829,-3.001443997817573,1.765,0.0,0.0,-1.564661448795105,0.4467376605594446,-5.722144472702034e-181,0.0,0.0,0.0,-0.0075877711284658,unicycle
3.6258726404082164,-3.0103784254203503,1.765,0.0,0.0,-1.5648127256256956,0.44672958124051554,-4.448666247375027e-181,0.0,0.0,0.0,-0.007563841529533252,unicycle
3.625925426521952,-3.019312695329509,1.765,0.0,0.0,-1.5649635176539312,0.4467212926835712,-3.4421724118267185e-181,0.0,0.0,0.0,-0.007539601411789652,unicycle
3.6259768666333603,-3.028246803164149,1.765,0.0,0.0,-1.5651138186965337,0.44671279653796914,-2.6488973349105144e-181,0.0,0.0,0.0,-0.007515052130125775,unicycle
3.6260269651832826,-3.03718074457869,1.765,0.0,0.0,-1.5652636225975622,0.4467040944865318,-2.0255879293398655e-181,0.0,0.0,0.0,-0.007490195051436732,unicycle
3.626075726669256,-3.046114515263558,1.765,0.0,0.0,-1.5654129232286533,0.4466951882452418,-1.5374949289716953e-181,0.0,0.0,0.0,-0.007465031554559368,unicycle
3.626123155645235,-3.0550481109458745,1.765,0.0,0.0,-1.5655617144892577,0.4466860795629221,-1.1567408416429136e-181,0.0,0.0,0.0,-0.007439563030209481,unicycle
3.626169256721304,-3.0639815273901334,1.765,0.0,0.0,-1.565709990306876,0.4466767702209039,-8.609950619789791e-182,0.0,0.0,0.0,-0.007413790880918859,unicycle
3.626214034563393,-3.07291476039887,1.765,0.0,0.0,-1.5658577446372957,0.4466672620326817,-6.323992793543149e-182,0.0,0.0,0.0,-0.007387716520972054,unicycle
3.626257493892987,-3.0818478058133247,1.765,0.0,0.0,-1.5660049714648225,0.44665755684355857,-4.5669669359936377e-182,0.0,0.0,0.0,-0.007361341376342931,unicycle
3.6262996394868314,-3.090780659514098,1.765,0.0,0.0,-1.566151664802515,0.4466476565302813,-3.2252705889142184e-182,0.0,0.0,0.0,-0.007334666884630945,unicycle
3.6263404761766433,-3.099713317421798,1.765,0.0,0.0,-1.566297818692415,0.4466375630006667,-2.2085654738439096e-182,0.0,0.0,0.0,-0.007307694494997118,unicycle
3.6263800088488094,-3.108645775497679,1.765,0.0,0.0,-1.5664434272057768,0.44662727819321923,-1.4451713277492517e-182,0.0,0.0,0.0,-0.007280425668099744,unicycle
3.6264182424440863,-3.117578029744272,1.765,0.0,0.0,-1.5665884844432976,0.4466168040767415,-8.783486602432232e-183,0.0,0.0,0.0,-0.007252861876029761,unicycle
3.6264551819573003,-3.1265100762060074,1.765,0.0,0.0,-1.5667329845353424,0.44660614264993725,-4.633023676595658e-183,0.0,0.0,0.0,-0.00722500460224582,unicycle
3.626490832437041,-3.1354419109698295,1.765,0.0,0.0,-1.5668769216421725,0.4465952959410084,-1.6476937478341414e-183,0.0,0.0,0.0,-0.007196855341509022,unicycle
3.626525198985355,-3.1443735301657982,1.765,0.0,0.0,-1.567020289954169,0.44658426600724455,4.4921009336362383e-184,0.0,0.0,0.0,-0.007168415599817309,unicycle
3.626558286757435,-3.1533049299676903,1.765,0.0,0.0,-1.5671630836920556,0.4465730549346079,1.8740450562495986e-183,0.0,0.0,0.0,-0.007139686894339529,unicycle
3.6265901009613084,-3.162236106593584,1.765,0.0,0.0,-1.5673052971071226,0.44656166483731186,2.7953054101112258e-183,0.0,0.0,0.0,-0.007110670753349141,unicycle
3.6266206468575244,-3.1711670563064347,1.765,0.0,0.0,-1.567446924481446,0.4465500978573946,3.3436182550625904e-183,0.0,0.0,0.0,-0.007081368716157558,unicycle
3.626649929758835,-3.18009777541465,1.765,0.0,0.0,-1.567587960128107,0.4465383561642876,3.6197318495883596e-183,0.0,0.0,0.0,-0.007051782333047142,unicycle
3.626677955029877,-3.189028260272645,1.765,0.0,0.0,-1.5677283983914112,0.44652644195437957,3.700888181770893e-183,0.0,0.0,0.0,-0.007021913165203828,unicycle
3.626704728086851,-3.197958507281394,1.765,0.0,0.0,-1.5678682336471041,0.44651435745057544,3.645896753379943e-183,0.0,0.0,0.0,-0.006991762784649387,unicycle
3.6267302543971978,-3.206888512888972,1.765,0.0,0.0,-1.5680074603025875,0.446502104901851,3.49916581972053e-183,0.0,0.0,0.0,-0.006961332774173298,unicycle
3.6267545394792715,-3.215818273591087,1.765,0.0,0.0,-1.568146072797133,0.44648968658280347,3.2938980143138947e-183,0.0,0.0,0.0,-0.006930624727264277,unicycle
3.626777588902015,-3.224747785931601,1.765,0.0,0.0,-1.5682840656020942,0.446477104793198,3.054617275957498e-183,0.0,0.0,0.0,-0.006899640248041404,unicycle
3.626799408284625,-3.233677046503042,1.765,0.0,0.0,-1.5684214332211177,0.4464643618575105,2.799161560967717e-183,0.0,0.0,0.0,-0.006868380951184874,unicycle
3.626820003296225,-3.242606051947109,1.765,0.0,0.0,-1.5685581701903555,0.4464514601244657,2.5402495553832906e-183,0.0,0.0,0.0,-0.006836848461866368,unicycle
3.6268393796555283,-3.2515347989551624,1.765,0.0,0.0,-1.5686942710786693,0.4464384019665727,2.2867083490469718e-183,0.0,0.0,0.0,-0.006805044415679038,unicycle
3.6268575431305026,-3.2604632842687082,1.765,0.0,0.0,-1.5688297304878405,0.4464251897796567,2.0444318559843866e-183,0.0,0.0,0.0,-0.006772970458567102,unicycle
3.626874499538032,-3.2693915046798705,1.765,0.0,0.0,-1.5689645430527754,0.4464118259823868,1.8171258968988262e-183,0.0,0.0,0.0,-0.006740628246755062,unicycle
3.626890254743576,-3.2783194570318535,1.765,0.0,0.0,-1.569098703441709,0.4463983130158014,1.6068846752447655e-183,0.0,0.0,0.0,-0.006708019446676515,unicycle
3.6269048146608283,-3.2872471382193975,1.765,0.0,0.0,-1.5692322063564073,0.44638465334282956,1.4146343695224268e-183,0.0,0.0,0.0,-0.006675145734902583,unicycle
3.626918185251373,-3.296174545189219,1.765,0.0,0.0,-1.5693650465323685,0.44637084944780986,1.2404723171787544e-183,0.0,0.0,0.0,-0.006642008798069929,unicycle
3.6269303725243396,-3.3051016749404427,1.765,0.0,0.0,-1.5694972187390248,0.44635690383600607,1.0839244431925845e-183,0.0,0.0,0.0,-0.006608610332808407,unicycle
3.6269413825360517,-3.3140285245250265,1.765,0.0,0.0,-1.569628717779938,0.44634281903312034,9.441389155740124e-184,0.0,0.0,0.0,-0.006574952045668289,unicycle
3.626951221389682,-3.322955091048171,1.765,0.0,0.0,-1.569759538492999,0.44632859758480303,8.200302686047708e-184,0.0,0.0,0.0,-0.006541035653047109,unicycle
3.626959895234899,-3.3318813716687226,1.765,0.0,0.0,-1.5698896757506213,0.4463142420561605,7.103852426172853e-184,0.0,0.0,0.0,-0.006506862881116103,unicycle
3.6269674102675125,-3.340807363599562,1.765,0.0,0.0,-1.5700191244599362,0.4462997550312599,6.139392005382122e-184,0.0,0.0,0.0,-0.006472435465746241,unicycle
3.6269737727291225,-3.349733064107989,1.765,0.0,0.0,-1.5701478795629848,0.446285139112632,5.294300781800833e-184,0.0,0.0,0.0,-0.006437755152433871,unicycle
3.626978988906759,-3.3586584705160893,1.765,0.0,0.0,-1.5702759360369092,0.4462703969207711,4.5563531181705817e-184,0.0,0.0,0.0,-0.00640282369622594,unicycle
3.6269830651325266,-3.367583580201095,1.765,0.0,0.0,-1.570403288894142,0.4462555310936332,3.913959857453292e-184,0.0,0.0,0.0,-0.006367642861644831,unicycle
3.6269860077832443,-3.3765083905957343,1.765,0.0,0.0,-1.570529933182594,0.446240544286132,3.356314920189449e-184,0.0,0.0,0.0,-0.006332214422612783,unicycle
3.6269878232800834,-3.3854328991885687,1.765,0.0,0.0,-1.570655863985842,0.4462254391696324,2.873472441606515e-184,0.0,0.0,0.0,-0.006296540162375905,unicycle
3.6269885180882055,-3.39435710352432,1.765,0.0,0.0,-1.5707810764233106,0.44621021843144265,2.4563739595424454e-184,0.0,0.0,0.0,-0.006260621873427783,unicycle
3.626988098716398,-3.4032810012041894,1.765,0.0,0.0,-1.570905565650459,0.44619488477430436,2.096840529304381e-184,0.0,0.0,0.0,-0.0062244613574326925,unicycle
3.6269865717167082,-3.4122045898861626,1.765,0.0,0.0,-1.5710293268589617,0.4461794409158806,1.7875410176778912e-184,0.0,0.0,0.0,-0.006188060425148382,unicycle
3.6269839436840763,-3.4211278672853034,1.765,0.0,0.0,-1.5711523552768887,0.4461638895882426,1.5219450062247126e-184,0.0,0.0,0.0,-0.006151420896348461,unicycle
3.6269802212559656,-3.4300508311740403,1.765,0.0,0.0,-1.5712746461688833,0.44614823353735505,1.2942665462828584e-184,0.0,0.0,0.0,-0.006114544599744379,unicycle
3.626975411111995,-3.4389734793824394,1.765,0.0,0.0,-1.5713961948363417,0.44613247552255947,1.0994033208748832e-184,0.0,0.0,0.0,-0.006077433372906993,unicycle
3.6269695199735636,-3.4478958097984673,1.765,0.0,0.0,-1.5715169966175857,0.4461166183160565,9.328744752733938e-185,0.0,0.0,0.0,-0.0060400890621877135,unicycle
3.6269625546034816,-3.4568178203682423,1.765,0.0,0.0,-1.5716370468880387,0.44610066470238685,7.907593932646579e-185,0.0,0.0,0.0,-0.006002513522639253,unicycle
3.626954521805596,-3.4657395090962764,1.765,0.0,0.0,-1.5717563410603976,0.4460846174779115,6.696389526562526e-185,0.0,0.0,0.0,-0.0059647086179359645,unicycle
3.626945428424413,-3.4746608740457035,1.765,0.0,0.0,-1.5718748745848032,0.44606847945029016,5.6654023775852534e-185,0.0,0.0,0.0,-0.005926676220293751,unicycle
3.6269352813447218,-3.4835819133385,1.765,0.0,0.0,-1.5719926429490105,0.44605225343795907,4.7888527610119436e-185,0.0,0.0,0.0,-0.005888418210389589,unicycle
3.6269240874912185,-3.492502625155692,1.765,0.0,0.0,-1.5721096416785565,0.4460359422696078,4.0444406814500536e-185,0.0,0.0,0.0,-0.005849936477280631,unicycle
3.626911853828127,-3.5014230077375537,1.765,0.0,0.0,-1.5722258663369226,0.4460195487836558,3.412919659703197e-185,0.0,0.0,0.0,-0.005811232918322889,unicycle
3.6268985873588173,-3.5103430593837905,1.765,0.0,0.0,-1.5723413125257044,0.44600307582772747,2.8777130930619028e-185,0.0,0.0,0.0,-0.005772309439089511,unicycle
3.6268842951254245,-3.5192627784537165,1.765,0.0,0.0,-1.5724559758847703,0.4459865262581272,2.424571287520088e-185,0.0,0.0,0.0,-0.005733167953288651,unicycle
3.626868984208469,-3.528182163366418,1.765,0.0,0.0,-1.5725698520924238,0.4459699029393136,2.0412666416021067e-185,0.0,0.0,0.0,-0.005693810382680926,unicycle
3.6268526617264696,-3.5371012126009056,1.765,0.0,0.0,-1.5726829368655635,0.4459532087433735,1.71732411238306e-185,0.0,0.0,0.0,-0.005654238656996454,unicycle
3.6268353348355626,-3.5460199246962563,1.765,0.0,0.0,-1.5727952259598408,0.44593644654949577,1.443783940631462e-185,0.0,0.0,0.0,-0.005614454713851492,unicycle
3.6268170107291136,-3.554938298251744,1.765,0.0,0.0,-1.5729067151698137,0.4459196192434446,1.2129935970021604e-185,0.0,0.0,0.0,-0.005574460498664674,unicycle
3.626797696636371,-3.5638563323843773,1.765,0.0,0.0,-1.5730174003226445,0.4459027525878977,1.0184259917564578e-185,0.0,0.0,0.0,-0.005534257641523386,unicycle
3.6267773998224007,-3.5727740265177044,1.765,0.0,0.0,-1.5731272772812674,0.4458858617859608,8.545211341649123e-186,0.0,0.0,0.0,-0.005493847931132727,unicycle
3.6267561275887905,-3.581691379880139,1.765,0.0,0.0,-1.5732363419516484,0.4458689369570351,7.165486104313404e-186,0.0,0.0,0.0,-0.005453233519057875,unicycle
3.626733887273179,-3.590608391571958,1.765,0.0,0.0,-1.5733445902819696,0.4458519715704917,6.004884529505863e-186,0.0,0.0,0.0,-0.00541241651604824,unicycle
3.6267106862487943,-3.5995250606169114,1.765,0.0,0.0,-1.5734520182620304,0.44583496167646974,5.029281861913145e-186,0.0,0.0,0.0,-0.0053713990030315375,unicycle
3.6266865319240016,-3.608441386001739,1.765,0.0,0.0,-1.5735586219228255,0.44581790530108184,4.209740464540097e-186,0.0,0.0,0.0,-0.005330183039757406,unicycle
3.6266614317418595,-3.617357366706207,1.765,0.0,0.0,-1.573664397336257,0.4458008019724521,3.521745780192174e-186,0.0,0.0,0.0,-0.005288770671563204,unicycle
3.6266353931796846,-3.6262730017257416,1.765,0.0,0.0,-1.5737693406149496,0.4457836523506432,2.944550027370188e-186,0.0,0.0,0.0,-0.00524716393464326,unicycle
3.6266084237486194,-3.6351882900883075,1.765,0.0,0.0,-1.5738734479121517,0.4457664579398909,2.4606094146912185e-186,0.0,0.0,0.0,-0.005205364860128634,unicycle
3.6265805309932095,-3.644103230866831,1.765,0.0,0.0,-1.5739767154216961,0.4457492208658787,2.055102326955446e-186,0.0,0.0,0.0,-0.0051633754772241565,unicycle
3.626551722490986,-3.653017823188192,1.765,0.0,0.0,-1.5740791393780083,0.44573194370426783,1.715517455901512e-186,0.0,0.0,0.0,-0.005121197815600719,unicycle
3.6265220058520495,-3.661932066239596,1.765,0.0,0.0,-1.574180716056152,0.44571462934949263,1.4313022209141637e-186,0.0,0.0,0.0,-0.005078833907201193,unicycle
3.6264913887186614,-3.6708459592729454,1.765,0.0,0.0,-1.5742814417719038,0.4456972809150832,1.1935630548310079e-186,0.0,0.0,0.0,-0.005036285787586494,unicycle
3.6264598787648334,-3.679759501607715,1.765,0.0,0.0,-1.5743813128818422,0.4456799016585752,9.948102254751243e-187,0.0,0.0,0.0,-0.0049935554969225155,unicycle
3.6264274836959243,-3.688672692632702,1.765,0.0,0.0,-1.574480325783456,0.4456624949255149,8.287408340782175e-187,0.0,0.0,0.0,-0.004950645080687946,unicycle
3.626394211248235,-3.6975855318069524,1.765,0.0,0.0,-1.5745784769152595,0.4456450641082205,6.900544875801405e-187,0.0,0.0,0.0,-0.004907556590166314,unicycle
3.626360069188607,-3.706498018660093,1.765,0.0,0.0,-1.574675762756915,0.44562761261588263,5.742968933384632e-187,0.0,0.0,0.0,-0.0048642920827722735,unicycle
3.6263250653140204,-3.7154101527922316,1.765,0.0,0.0,-1.5747721798293601,0.44561014385332126,4.777272823372769e-187,0.0,0.0,0.0,-0.0048208536222514725,unicycle
3.626289207451195,-3.7243219338735654,1.765,0.0,0.0,-1.5748677246949359,0.4455926612063009,3.972061404096786e-187,0.0,0.0,0.0,-0.004777243278784793,unicycle
3.6262525034561888,-3.7332333616437965,1.765,0.0,0.0,-1.5749623939575164,0.4455751680317677,3.3010022556328957e-187,0.0,0.0,0.0,-0.004733463129020997,unicycle
3.6262149612139982,-3.7421444359114227,1.765,0.0,0.0,-1.5750561842626374,0.44555766765174004,2.74202281825809e-187,0.0,0.0,0.0,-0.004689515256056433,unicycle
3.6261765886381596,-3.751055156552955,1.765,0.0,0.0,-1.5751490922976248,0.44554016334987334,2.2766323398967936e-187,0.0,0.0,0.0,-0.004645401749376158,unicycle
3.62613739367035,-3.7599655235121143,1.765,0.0,0.0,-1.5752411147917202,0.44552265836994753,1.8893497038258664e-187,0.0,0.0,0.0,-0.004601124704767532,unicycle
3.6260973842799857,-3.7688755367990137,1.765,0.0,0.0,-1.5753322485162047,0.4455051559157032,1.5672209876004243e-187,0.0,0.0,0.0,-0.004556686224214647,unicycle
3.6260565684638237,-3.7777851964893623,1.765,0.0,0.0,-1.5754224902845204,0.44548765915159444,1.2994129936121408e-187,0.0,0.0,0.0,-0.004512088415779922,unicycle
3.6260149542455626,-3.786694502723693,1.765,0.0,0.0,-1.5755118369523897,0.44547017120413274,1.0768710420265743e-187,0.0,0.0,0.0,-0.0044673333934775765,unicycle
3.625972549675442,-3.795603455706625,1.765,0.0,0.0,-1.5756002854179327,0.44545269516358343,8.920310732774396e-188,0.0,0.0,0.0,-0.004422423277142439,unicycle
3.62592936282984,-3.80451205570616,1.765,0.0,0.0,-1.5756878326217787,0.44543523408583746,7.385776096214127e-188,0.0,0.0,0.0,-0.004377360192296616,unicycle
3.6258854018108764,-3.813420303053022,1.765,0.0,0.0,-1.575774475547179,0.445417790994335,6.112404083720635e-188,0.0,0.0,0.0,-0.004332146270015777,unicycle
3.6258406747460077,-3.8223281981400294,1.765,0.0,0.0,-1.575860211220115,0.44540036888195156,5.056237338248103e-188,0.0,0.0,0.0,-0.004286783646796266,unicycle
3.6257951897876293,-3.831235741421505,1.765,0.0,0.0,-1.5759450367094034,0.44538297071279076,4.1806310711148744e-188,0.0,0.0,0.0,-0.004241274464423842,unicycle
3.6257489551126727,-3.840142933412719,1.765,0.0,0.0,-1.5760289491268007,0.445365599423843,3.455051863461858e-188,0.0,0.0,0.0,-0.0041956208698445425,unicycle
3.6257019789222054,-3.8490497746893584,1.765,0.0,0.0,-1.5761119456271016,0.4453482579264913,2.8540710342151442e-188,0.0,0.0,0.0,-0.004149825015037909,unicycle
3.625654269441026,-3.8579562658870294,1.765,0.0,0.0,-1.5761940234082392,0.4453309491078523,2.3565215595117907e-188,0.0,0.0,0.0,-0.004103889056892664,unicycle
3.6256058349172653,-3.8668624077007756,1.765,0.0,0.0,-1.576275179711381,0.44531367583195175,1.9447923801833577e-188,0.0,0.0,0.0,-0.00405781515708485,unicycle
3.6255566836219844,-3.875768200884621,1.765,0.0,0.0,-1.57635541182102,0.44529644094073745,1.6042380439145032e-188,0.0,0.0,0.0,-0.004011605481958292,unicycle
3.62550682384877,-3.8846736462511267,1.765,0.0,0.0,-1.5764347170650683,0.445279247254938,1.3226851071546522e-188,0.0,0.0,0.0,-0.003965262202407262,unicycle
3.625456263913336,-3.893578744670965,1.765,0.0,0.0,-1.5765130928149431,0.4452620975747762,1.0900196631271465e-188,0.0,0.0,0.0,-0.0039187874937611335,unicycle
3.625405012153116,-3.902483497072502,1.765,0.0,0.0,-1.5765905364856567,0.44524499468054923,8.978428471411785e-189,0.0,0.0,0.0,-0.0038721835356708744,unicycle
3.6253530769268676,-3.9113879044413884,1.765,0.0,0.0,-1.5766670455358964,0.4452279413330873,7.391832679268817e-189,0.0,0.0,0.0,-0.003825452511997147,unicycle
3.625300466614264,-3.9202919678201598,1.765,0.0,0.0,-1.5767426174681105,0.44521094027410235,6.082570828327817e-189,0.0,0.0,0.0,-0.0037785966106998322,unicycle
3.6252471896154956,-3.9291956883078387,1.765,0.0,0.0,-1.5768172498285846,0.44519399422643813,5.002679257000384e-189,0.0,0.0,0.0,-0.003731618023728798,unicycle
3.6251932543508674,-3.9380990670595435,1.765,0.0,0.0,-1.576890940207523,0.4451771058942336,4.112401518442586e-189,0.0,0.0,0.0,-0.003684518946915735,unicycle
3.625138669260394,-3.947002105286092,1.765,0.0,0.0,-1.5769636862391203,0.4451602779630089,3.3787992121643588e-189,0.0,0.0,0.0,-0.003637301579866892,unicycle
3.6250834428034007,-3.955904804253613,1.765,0.0,0.0,-1.5770354856016373,0.44514351309968386,2.7745952938444084e-189,0.0,0.0,0.0,-0.0035899681258565754,unicycle
3.6250275834581216,-3.9648071652831494,1.765,0.0,0.0,-1.5771063360174717,0.44512681395253756,2.2772114269828064e-189,0.0,0.0,0.0,-0.003542520791721287,unicycle
3.624971099721295,-3.9737091897502657,1.765,0.0,0.0,-1.5771762352532266,0.445110183151117,1.867967211035648e-189,0.0,0.0,0.0,-0.003494961787754374,unicycle
3.624914000107765,-3.982610879084647,1.765,0.0,0.0,-1.5772451811197785,0.4450936233061014,1.5314143837075261e-189,0.0,0.0,0.0,-0.0034472933276010875,unicycle
3.624856293150077,-3.9915122347696985,1.765,0.0,0.0,-1.5773131714723416,0.44507713700912915,1.2547835093703124e-189,0.0,0.0,0.0,-0.003399517628153967,unicycle
3.6247979873980785,-4.000413258342137,1.765,0.0,0.0,-1.5773802042105305,0.44506072683259223,1.027524365732245e-189,0.0,0.0,0.0,-0.0033516369094484695,unicycle
3.6247390914185176,-4.00931395139158,1.765,0.0,0.0,-1.577446277278422,0.44504439532940354,8.409243405755006e-190,0.0,0.0,0.0,-0.0033036533945587764,unicycle
3.6246796137946427,-4.018214315560129,1.765,0.0,0.0,-1.577511388664612,0.445028145032741,6.877917455372821e-190,0.0,0.0,0.0,-0.0032555693094937204,unicycle
3.6246195631258,-4.027114352541942,1.765,0.0,0.0,-1.5775755364022737,0.4450119784557731,5.621931254090034e-190,0.0,0.0,0.0,-0.0032073868830927647,unicycle
3.624558948027035,-4.0360140640828135,1.765,0.0,0.0,-1.5776387185692122,0.4449958980913679,4.592354574132877e-190,0.0,0.0,0.0,-0.003159108346922023,unicycle
3.6244977771286933,-4.044913451979728,1.765,0.0,0.0,-1.5777009332879157,0.4449799064117898,3.7488565275836896e-190,0.0,0.0,0.0,-0.003110735935170275,unicycle
3.624436059076017,-4.053812518080425,1.765,0.0,0.0,-1.5777621787256066,0.44496400586838536,3.058210407280849e-190,0.0,0.0,0.0,-0.0030622718845449252,unicycle
3.6243738025287513,-4.062711264282951,1.765,0.0,0.0,-1.5778224530942906,0.44494819889126147,2.4930557421874333e-190,0.0,0.0,0.0,-0.003013718434167923,unicycle
3.6243110161607404,-4.071609692535199,1.765,0.0,0.0,-1.5778817546508002,0.4449324878889566,2.030873790708455e-190,0.0,0.0,0.0,-0.002965077825471577,unicycle
3.62424770865953,-4.08050780483445,1.765,0.0,0.0,-1.577940081696842,0.44491687524810813,1.653140063846841e-190,0.0,0.0,0.0,-0.002916352302094275,unicycle
3.624183888725971,-4.089405603226897,1.765,0.0,0.0,-1.5779974325790376,0.4449013633331156,1.3446236126834394e-190,0.0,0.0,0.0,-0.002867544109776117,unicycle
3.6241195650738196,-4.098303089807179,1.765,0.0,0.0,-1.5780538056889628,0.4448859544858028,1.0928079328112274e-190,0.0,0.0,0.0,-0.0028186554962544067,unicycle
3.624054746429341,-4.107200266717889,1.765,0.0,0.0,-1.578109199463186,0.4448706510250784,8.874126007958216e-191,0.0,0.0,0.0,-0.0027696887111590108,unicycle
3.623989441530912,-4.116097136149087,1.765,0.0,0.0,-1.5781636123833043,0.44485545524659653,7.199983058026595e-191,0.0,0.0,0.0,-0.0027206460059076053,unicycle
3.623923659128623,-4.124993700337798,1.765,0.0,0.0,-1.5782170429759763,0.44484036942241867,5.836408915233503e-191,0.0,0.0,0.0,-0.0026715296336007706,unicycle
3.6238574079838837,-4.133889961567516,1.765,0.0,0.0,-1.5782694898129548,0.44482539580067637,4.726624784126239e-191,0.0,0.0,0.0,-0.0026223418489169487,unicycle
3.6237906968690274,-4.142785922167682,1.765,0.0,0.0,-1.5783209515111152,0.44481053660523606,3.824097767554391e-191,0.0,0.0,0.0,-0.0025730849080072794,unicycle
3.6237235345669143,-4.151681584513173,1.765,0.0,0.0,-1.5783714267324829,0.4447957940353668,3.090713963637885e-191,0.0,0.0,0.0,-0.0025237610683903015,unicycle
3.6236559298705373,-4.160576951023775,1.765,0.0,0.0,-1.5784209141842598,0.44478117026541064,2.4952736650187802e-191,0.0,0.0,0.0,-0.002474372588846508,unicycle
3.623587891582628,-4.1694720241636505,1.765,0.0,0.0,-1.5784694126188459,0.4447666674444564,2.012252481611875e-191,0.0,0.0,0.0,-0.002424921729312769,unicycle
3.6235194285152623,-4.178366806440798,1.765,0.0,0.0,-1.5785169208338614,0.44475228769601727,1.6207819027128832e-191,0.0,0.0,0.0,-0.0023754107507766575,unicycle
3.623450549489468,-4.187261300406511,1.765,0.0,0.0,-1.5785634376721647,0.4447380331177121,1.3038108537549494e-191,0.0,0.0,0.0,-0.0023258419151706163,unicycle
3.623381263334832,-4.196155508654823,1.765,0.0,0.0,-1.5786089620218702,0.44472390578095117,1.0474164667474298e-191,0.0,0.0,0.0,-0.0022762174852660206,unicycle
3.623311578889107,-4.205049433821951,1.765,0.0,0.0,-1.5786534928163616,0.4447099077306262,8.40237804343224e-192,0.0,0.0,0.0,-0.0022265397245671524,unicycle
3.623241504997821,-4.21394307858573,1.765,0.0,0.0,-1.5786970290343059,0.44469604098480475,6.730108494503168e-192,0.0,0.0,0.0,-0.0021768108972050407,unicycle
3.6231710505138865,-4.2228364456650445,1.765,0.0,0.0,-1.5787395696996622,0.44468230753443005,5.381868566907072e-192,0.0,0.0,0.0,-0.002127033267831214,unicycle
3.623100224297208,-4.231729537819249,1.765,0.0,0.0,-1.5787811138816923,0.44466870934302505,4.296192930418388e-192,0.0,0.0,0.0,-0.002077209101511357,unicycle
3.623029035214295,-4.240622357847588,1.765,0.0,0.0,-1.578821660694965,0.4446552483464019,3.42307184273129e-192,0.0,0.0,0.0,-0.0020273406636188793,unicycle
3.62295749213787,-4.249514908588609,1.765,0.0,0.0,-1.5788612092993595,0.44464192645237627,2.7218482405890444e-192,0.0,0.0,0.0,-0.001977430219728412,unicycle
3.622885603946482,-4.258407192919562,1.765,0.0,0.0,-1.57889975890007,0.4446287455404872,2.1594957094860654e-192,0.0,0.0,0.0,-0.001927480035509247,unicycle
3.622813379524116,-4.2672992137558055,1.765,0.0,0.0,-1.5789373087476026,0.44461570746172224,1.709209186688899e-192,0.0,0.0,0.0,-0.0018774923766186797,unicycle
3.6227408277598085,-4.276190974050201,1.765,0.0,0.0,-1.5789738581377744,0.444602814038248,1.3492523060203244e-192,0.0,0.0,0.0,-0.0018274695085953032,unicycle
3.6226679575472587,-4.285082476792499,1.765,0.0,0.0,-1.5790094064117093,0.4445900670631459,1.0620152376197413e-192,0.0,0.0,0.0,-0.0017774136967522525,unicycle
3.622594777784441,-4.293973725008724,1.765,0.0,0.0,-1.5790439529558304,0.4445774683001538,8.332450767989511e-193,0.0,0.0,0.0,-0.001727327206070418,unicycle
3.622521297373224,-4.302864721760555,1.765,0.0,0.0,-1.5790774972018524,0.4445650194834132,6.514175956956825e-193,0.0,0.0,0.0,-0.0016772123010916078,unicycle
3.6224475252189814,-4.311755470144697,1.765,0.0,0.0,-1.579110038626769,0.444552722317222,5.072247402956497e-193,0.0,0.0,0.0,-0.0016270712458116934,unicycle
3.6223734702302086,-4.320645973292254,1.765,0.0,0.0,-1.5791415767528403,0.44454057847579304,3.931568410419273e-193,0.0,0.0,0.0,-0.001576906303573757,unicycle
3.622299141318141,-4.329536234368088,1.765,0.0,0.0,-1.5791721111475798,0.44452858960301844,3.0316227939664544e-193,0.0,0.0,0.0,-0.001526719736961174,unicycle
3.622224547396369,-4.338426256570177,1.765,0.0,0.0,-1.579201641423733,0.44451675731223955,2.323704574101869e-193,0.0,0.0,0.0,-0.0014765138076907416,unicycle
3.6221496973804572,-4.347316043128978,1.765,0.0,0.0,-1.579230167239263,0.44450508318602294,1.7686647003311038e-193,0.0,0.0,0.0,-0.001426290776505795,unicycle
3.6220746001875623,-4.35620559730677,1.765,0.0,0.0,-1.5792576882973246,0.4444935687759421,1.3350797763718362e-193,0.0,0.0,0.0,-0.0013760529030693105,unicycle
3.621999264736053,-4.365094922397002,1.765,0.0,0.0,-1.5792842043462418,0.44448221560236517,9.977649917146564e-194,0.0,0.0,0.0,-0.0013258024458570915,unicycle
3.621923699945129,-4.373984021723635,1.765,0.0,0.0,-1.5793097151794828,0.4444710251542488,7.365676076660285e-194,0.0,0.0,0.0,-0.001275541662050894,unicycle
3.621847914734444,-4.382872898640481,1.765,0.0,0.0,-1.5793342206356316,0.44445999888893756,5.3538895047786044e-194,0.0,0.0,0.0,-0.0012252728074316765,unicycle
3.621771918023723,-4.3917615565305335,1.765,0.0,0.0,-1.5793577205983569,0.44444913823196963,3.813923798932079e-194,0.0,0.0,0.0,-0.001174998136272863,unicycle
3.6216957187323877,-4.4006499988052985,1.765,0.0,0.0,-1.5793802149963816,0.4444384445768884,2.6436249997038787e-194,0.0,0.0,0.0,-0.0011247199012336421,unicycle
3.6216193257791796,-4.409538228904125,1.765,0.0,0.0,-1.5794017038034467,0.44442791928506,1.76187266582211e-194,0.0,0.0,0.0,-0.0010744403532523526,unicycle
3.6215427480817812,-4.418426250293522,1.765,0.0,0.0,-1.5794221870382756,0.44441756368549695,1.1043987473045239e-194,0.0,0.0,0.0,-0.0010241617414399374,unicycle
3.6214659945564414,-4.4273140664664785,1.765,0.0,0.0,-1.5794416647645346,0.44440737907468836,6.204158640489064e-195,0.0,0.0,0.0,-0.0009738863129734455,unicycle
3.6213890741176025,-4.4362016809417835,1.765,0.0,0.0,-1.5794601370907946,0.4443973667164357,2.6990157008881606e-195,0.0,0.0,0.0,-0.0009236163129896382,unicycle
3.621311995677524,-4.445089097263334,1.765,0.0,0.0,-1.579477604170484,0.44438752784169466,2.141375891593453e-196,0.0,0.0,0.0,-0.0008733539844787639,unicycle
3.621234768145909,-4.453976318999448,1.765,0.0,0.0,-1.5794940662018475,0.4443778636484235,-1.4966430215913136e-195,0.0,0.0,0.0,-0.0008231015681783191,unicycle
3.621157400429534,-4.462863349742171,1.765,0.0,0.0,-1.5795095234278964,0.44436837530143714,-2.62531781615961e-195,0.0,0.0,0.0,-0.0007728613024670103,unicycle
3.621079901431875,-4.471750193106577,1.765,0.0,0.0,-1.5795239761363615,0.44435906393226793,-3.320978855050832e-195,0.0,0.0,0.0,-0.0007226354232586897,unicycle
3.6210022800527364,-4.480636852730073,1.765,0.0,0.0,-1.5795374246596396,0.4443499306390321,-3.6988354938603014e-195,0.0,0.0,0.0,-0.0006724261638966143,unicycle
3.6209245451878833,-4.489523332271696,1.765,0.0,0.0,-1.5795498693747405,0.4443409764863029,-3.847412181153293e-195,0.0,0.0,0.0,-0.0006222357550479548,unicycle
3.6208467057286695,-4.49840963541141,1.765,0.0,0.0,-1.579561310703233,0.44433220250498906,-3.8342833067510726e-195,0.0,0.0,0.0,-0.0005720664245978493,unicycle
3.6207687705616696,-4.507295765849401,1.765,0.0,0.0,-1.5795717491111838,0.44432360969222073,-3.710633140926732e-195,0.0,0.0,0.0,-0.0005219203975438266,unicycle
3.6206907485683124,-4.5161817273053675,1.765,0.0,0.0,-1.5795811851091017,0.44431519901124056,-3.5148735612741076e-195,0.0,0.0,0.0,-0.0004717998958918029,unicycle
3.6206126486245127,-4.525067523517811,1.765,0.0,0.0,-1.5795896192518726,0.4443069713913013,-3.2755073461082763e-195,0.0,0.0,0.0,-0.00042170713855045904,unicycle
3.6205344796003045,-4.533953158243324,1.765,0.0,0.0,-1.579597052138697,0.44429892772757,-3.013388389477395e-195,0.0,0.0,0.0,-0.0003716443412255053,unicycle
3.620456250359479,-4.542838635255875,1.765,0.0,0.0,-1.5796034844130231,0.44429106888103764,-2.7435006842788994e-195,0.0,0.0,0.0,-0.000321613716315676,unicycle
3.6203779697592147,-4.551723958346098,1.765,0.0,0.0,-1.5796089167624796,0.44428339567843594,-2.476354036823312e-195,0.0,0.0,0.0,-0.0002716174728082356,unicycle
3.620299646649719,-4.56060913132057,1.765,0.0,0.0,-1.579613349918803,0.44427590891215996,-2.2190751656325075e-195,0.0,0.0,0.0,-0.00022165781617473765,unicycle
3.6202212898738626,-4.569494158001094,1.765,0.0,0.0,-1.5796167846577684,0.4442686093401966,-1.976257240430323e-195,0.0,0.0,0.0,-0.00017173694826697658,unicycle
3.6201429082668177,-4.578379042223983,1.765,0.0,0.0,-1.5796192217991127,0.44426149768605977,-1.7506183340452784e-195,0.0,0.0,0.0,-0.00012185706721305799,unicycle
3.6200645106516536,-4.587263788298323,1.765,0.0,0.0,-1.5796206622051832,0.4442545975889847,-1.5435091199678226e-195,0.0,0.0,0.0,-7.202030352900409e-05,unicycle
3.619986105840852,-4.596148400793213,1.765,0.0,0.0,-1.5796211067814994,0.44424792205120556,-1.3553019873450576e-195,0.0,0.0,0.0,-2.2228815803948868e-05,unicycle
3.6199077026403965,-4.605032884033542,1.765,0.0,0.0,-1.5796205564780972,0.4442414588641891,-1.1856871856574858e-195,0.0,0.0,0.0,2.75151701092088e-05,unicycle
3.6198293098488157,-4.613917242166405,1.765,0.0,0.0,-1.5796190122892297,0.4442351991422232,-1.0338963463288213e-195,0.0,0.0,0.0,7.720944336249744e-05,unicycle
3.6197509362563656,-4.622801479212111,1.765,0.0,0.0,-1.5796164752531145,0.44422913655096546,-8.988695088780585e-196,0.0,0.0,0.0,0.00012685180574913742,unicycle
3.6196725906443237,-4.631685599103039,1.765,0.0,0.0,-1.5796129464517181,0.4442232667009812,-7.793784027551264e-196,0.0,0.0,0.0,0.00017644006982793164,unicycle
3.619594281784361,-4.640569605713011,1.765,0.0,0.0,-1.5796084270105692,0.4442175866725803,-6.741160388230289e-196,0.0,0.0,0.0,0.00022597205745076193,unicycle
3.6195160184379884,-4.649453502879229,1.765,0.0,0.0,-1.5796029180985967,0.44421209464492034,-5.817605138411947e-196,0.0,0.0,0.0,0.000275445598620769,unicycle
3.6194378093560484,-4.6583372944184696,1.765,0.0,0.0,-1.5795964209279845,0.4442067896077149,-5.010192198923027e-196,0.0,0.0,0.0,0.00032485853061993257,unicycle
3.619359663278251,-4.667220984138792,1.765,0.0,0.0,-1.5795889367540372,0.44420167113822345,-4.306582916979778e-196,0.0,0.0,0.0,0.00037420869735456613,unicycle
3.619281588932742,-4.6761045758478375,1.765,0.0,0.0,-1.5795804668750595,0.44419673922968594,-3.695210481277208e-196,0.0,0.0,0.0,0.0004234939488758857,unicycle
3.619203595035694,-4.684988073358493,1.765,0.0,0.0,-1.579571012632239,0.444191994160176,-3.1653833342386267e-196,0.0,0.0,0.0,0.00047271214104024044,unicycle
3.6191256902909155,-4.693871480492573,1.765,0.0,0.0,-1.5795605754095337,0.44418743639309965,-2.707329932391129e-196,0.0,0.0,0.0,0.0005218611352799,unicycle
3.6190478833894764,-4.702754801082995,1.765,0.0,0.0,-1.5795491566335642,0.4441830665023777,-2.3122019390854356e-196,0.0,0.0,0.0,0.0005709387984605757,unicycle
3.6189701830093433,-4.711638038974855,1.765,0.0,0.0,-1.5795367577735082,0.44417888511679815,-1.972048810498406e-196,0.0,0.0,0.0,0.0006199430028064556,unicycle
3.6188925978150204,-4.720521198025675,1.765,0.0,0.0,-1.5795233803409907,0.44417489287918294,-1.67977352016666e-196,0.0,0.0,0.0,0.0006688716258772289,unicycle
3.618815136457202,-4.729404282105068,1.765,0.0,0.0,-1.579509025889979,0.4441710904169413,-1.4290766702751324e-196,0.0,0.0,0.0,0.0007177225505846593,unicycle
3.6187378075724275,-4.738287295093991,1.765,0.0,0.0,-1.579493696016674,0.44416747832131515,-1.2143943084933072e-196,0.0,0.0,0.0,0.000766493665238851,unicycle
3.6186606197827356,-4.747170240883704,1.765,0.0,0.0,-1.579477392359402,0.44416405713321133,-1.0308332867232035e-196,0.0,0.0,0.0,0.0008151828636164256,unicycle
3.6185835816953276,-4.756053123374558,1.765,0.0,0.0,-1.5794601165985014,0.4441608273339781,-8.741068666180655e-197,0.0,0.0,0.0,0.0008637880450444892,unicycle
3.6185067019022275,-4.764935946474662,1.765,0.0,0.0,-1.5794418704562114,0.4441577893398526,-7.404724197560712e-197,0.0,0.0,0.0,0.0009123071144957694,unicycle
3.618429988979948,-4.7738187140984945,1.765,0.0,0.0,-1.5794226556965576,0.44415494349909607,-6.266724273027229e-197,0.0,0.0,0.0,0.0009607379826912124,unicycle
3.6183534514891518,-4.782701430165503,1.765,0.0,0.0,-1.5794024741252333,0.44415229009106216,-5.2987950690261976e-197,0.0,0.0,0.0,0.0010090785662072686,unicycle
3.618277097974321,-4.791584098598703,1.765,0.0,0.0,-1.5793813275894815,0.44414982932662317,-4.4764584554380076e-197,0.0,0.0,0.0,0.0010573267875859413,unicycle
3.6182009369634205,-4.800466723323315,1.765,0.0,0.0,-1.5793592179779725,0.44414756134951894,-3.778571664360272e-197,0.0,0.0,0.0,0.0011054805754460097,unicycle
3.618124976967566,-4.809349308265429,1.765,0.0,0.0,-1.5793361472206806,0.44414548623830313,-3.186911821595681e-197,0.0,0.0,0.0,0.0011535378645943042,unicycle
3.6180492264806903,-4.818231857350723,1.765,0.0,0.0,-1.5793121172887579,0.4441436040086455,-2.6858036719777366e-197,0.0,0.0,0.0,0.0012014965961363328,unicycle
3.617973693979214,-4.8271143745032274,1.765,0.0,0.0,-1.579287130194406,0.4441419146158144,-2.261788062362654e-197,0.0,0.0,0.0,0.0012493547175857287,unicycle
3.6178983879217097,-4.835996863644147,1.765,0.0,0.0,-1.579261187990747,0.4441404179572133,-1.9033282926630252e-197,0.0,0.0,0.0,0.0012971101829721786,unicycle
3.617823316748572,-4.844879328690722,1.765,0.0,0.0,-1.579234292771688,0.44413911387488386,-1.6005512206754253e-197,0.0,0.0,0.0,0.0013447609529476613,unicycle
3.6177484888816895,-4.853761773555148,1.765,0.0,0.0,-1.57920644667179,0.4441380021579164,-1.3450199455009353e-197,0.0,0.0,0.0,0.0013923049948909134,unicycle
3.617673912724112,-4.862644202143535,1.765,0.0,0.0,-1.5791776518661296,0.44413708254473033,-1.1295349474882745e-197,0.0,0.0,0.0,0.0014397402830100964,unicycle
3.617599596659722,-4.871526618354915,1.765,0.0,0.0,-1.579147910570161,0.4441363547252025,-9.47960692421491e-198,0.0,0.0,0.0,0.0014870647984437072,unicycle
3.617525549052905,-4.880409026080284,1.765,0.0,0.0,-1.5791172250395735,0.4441358183426336,-7.950748861677816e-198,0.0,0.0,0.0,0.001534276529359767,unicycle
3.6174517782482227,-4.88929142920168,1.765,0.0,0.0,-1.5790855975701523,0.4441354729955502,-6.6643777256194566e-198,0.0,0.0,0.0,0.0015813734710534292,unicycle
3.6173782925700837,-4.8981738315913015,1.765,0.0,0.0,-1.5790530304976313,0.4441353182393467,-5.5827908694010065e-198,0.0,0.0,0.0,0.0016283536260430647,unicycle
3.617305100322419,-4.907056237110647,1.765,0.0,0.0,-1.579019526197548,0.44413535358777395,-4.674004997725681e-198,0.0,0.0,0.0,0.0016752150041649252,unicycle
3.617232209788353,-4.915938649609689,1.765,0.0,0.0,-1.5789850870850948,0.44413557851428526,-3.9109160189115766e-198,0.0,0.0,0.0,0.0017219556226665284,unicycle
3.6171596292298815,-4.924821072926065,1.765,0.0,0.0,-1.578949715614969,0.44413599245324986,-3.270576899377526e-198,0.0,0.0,0.0,0.0017685735062987838,unicycle
3.6170873668875454,-4.933703510884295,1.765,0.0,0.0,-1.5789134142812205,0.44413659480104695,-2.7335780479977327e-198,0.0,0.0,0.0,0.0018150666874070006,unicycle
3.617015430980107,-4.942585967295023,1.765,0.0,0.0,-1.5788761856171003,0.4441373849170509,-2.2835165522012006e-198,0.0,0.0,0.0,0.0018614332060208508,unicycle
3.6169438297042285,-4.951468445954269,1.765,0.0,0.0,-1.5788380321949014,0.44413836212451974,-1.9065422273235433e-198,0.0,0.0,0.0,0.0019076711099433293,unicycle
3.6168725712341487,-4.960350950642703,1.765,0.0,0.0,-1.5787989566258047,0.4441395257113977,-1.5909699252929843e-198,0.0,0.0,0.0,0.0019537784548388087,unicycle
3.6168016637213647,-4.969233485124928,1.765,0.0,0.0,-1.5787589615597182,0.44414087493104193,-1.3269488825639637e-198,0.0,0.0,0.0,0.001999753304320216,unicycle
3.6167311152943094,-4.978116053148781,1.765,0.0,0.0,-1.5787180496851176,0.44414240900288304,-1.1061810777674658e-198,0.0,0.0,0.0,0.0020455937300354215,unicycle
3.616660934058034,-4.986998658444649,1.765,0.0,0.0,-1.5786762237288825,0.4441441271130279,-9.216816262323006e-199,0.0,0.0,0.0,0.0020912978117528266,unicycle
3.616591128093888,-4.995881304724785,1.765,0.0,0.0,-1.578633486456133,0.444146028414812,-7.675751717999851e-199,0.0,0.0,0.0,0.002136863637446196,unicycle
3.616521705459206,-5.004763995682651,1.765,0.0,0.0,-1.5785898406700656,0.4441481120293092,-6.389230570680403e-199,0.0,0.0,0.0,0.0021822893033788004,unicycle
3.6164526741869873,-5.013646734992254,1.765,0.0,0.0,-1.5785452892117817,0.44415037704580435,-5.31576772167065e-199,0.0,0.0,0.0,0.002227572914186857,unicycle
3.616384042285585,-5.022529526307506,1.765,0.0,0.0,-1.5784998349601223,0.4441528225222343,-4.420538098656907e-199,0.0,0.0,0.0,0.0022727125829622875,unicycle
3.6163158177383883,-5.031412373261579,1.765,0.0,0.0,-1.5784534808314958,0.444155447485603,-3.6743260110819395e-199,0.0,0.0,0.0,0.002317706431334814,unicycle
3.616248008503513,-5.04029527946628,1.765,0.0,0.0,-1.5784062297797046,0.44415825093237316,-3.052636792482919e-199,0.0,0.0,0.0,0.002362552589553415,unicycle
3.6161806225134874,-5.049178248511424,1.765,0.0,0.0,-1.5783580847957728,0.44416123182884043,-2.534946317350612e-199,0.0,0.0,0.0,0.00240724919656714,unicycle
3.6161136676749397,-5.058061283964225,1.765,0.0,0.0,-1.5783090489077707,0.44416438911149103,-2.1040675255685793e-199,0.0,0.0,0.0,0.002451794400105271,unicycle
3.6160471518682935,-5.066944389368678,1.765,0.0,0.0,-1.5782591251806353,0.4441677216873473,-1.7456161432707825e-199,0.0,0.0,0.0,0.0024961863567568698,unicycle
3.6159810829474535,-5.075827568244973,1.765,0.0,0.0,-1.5782083167159944,0.44417122843430334,-1.447560417468927e-199,0.0,0.0,0.0,0.002540423232049691,unicycle
3.615915468739502,-5.084710824088888,1.765,0.0,0.0,-1.5781566266519838,0.4441749082014518,-1.1998419386591132e-199,0.0,0.0,0.0,0.0025845032005284486,unicycle
3.6158503170443894,-5.093594160371208,1.765,0.0,0.0,-1.5781040581630672,0.44417875980940474,-9.940565600775543e-200,0.0,0.0,0.0,0.0026284244458324706,unicycle
3.6157856356346305,-5.102477580537143,1.765,0.0,0.0,-1.5780506144598518,0.44418278205060946,-8.231860777621442e-200,0.0,0.0,0.0,0.0026721851607727186,unicycle
3.615721432254999,-5.111361088005755,1.765,0.0,0.0,-1.5779962987889038,0.44418697368966115,-6.813727502169162e-200,0.0,0.0,0.0,0.0027157835474081503,unicycle
3.6156577146222255,-5.120244686169388,1.765,0.0,0.0,-1.5779411144325612,0.44419133346361284,-5.637299436221585e-200,0.0,0.0,0.0,0.002759217817121476,unicycle
3.6155944904246935,-5.129128378393114,1.765,0.0,0.0,-1.5778850647087472,0.44419586008228396,-4.661832172645117e-200,0.0,0.0,0.0,0.0028024861906942554,unicycle
3.61553176732214,-5.1380121680141695,1.765,0.0,0.0,-1.5778281529707798,0.44420055222856847,-3.853370394595928e-200,0.0,0.0,0.0,0.00284558689838135,unicycle
3.615469552945355,-5.146896058341414,1.765,0.0,0.0,-1.57777038260718,0.44420540855874274,-3.183630686233571e-200,0.0,0.0,0.0,0.002888518179984742,unicycle
3.615407854895883,-5.155780052654787,1.765,0.0,0.0,-1.5777117570414814,0.44421042770277425,-2.629065662749447e-200,0.0,0.0,0.0,0.0029312782849266823,unicycle
3.615346680745724,-5.164664154204772,1.765,0.0,0.0,-1.5776522797320351,0.44421560826463097,-2.1700804498254775e-200,0.0,0.0,0.0,0.002973865472322188,unicycle
3.6152860380370404,-5.173548366211871,1.765,0.0,0.0,-1.577591954171814,0.4442209488225931,-1.7903770868311454e-200,0.0,0.0,0.0,0.003016278011050884,unicycle
3.615225934281858,-5.18243269186608,1.765,0.0,0.0,-1.5775307838882178,0.44422644792956584,-1.476406275257082e-200,0.0,0.0,0.0,0.00305851417982817,unicycle
3.615166376961773,-5.191317134326377,1.765,0.0,0.0,-1.5774687724428722,0.44423210411339437,-1.2169091479682448e-200,0.0,0.0,0.0,0.0031005722672757226,unicycle
3.615107373527661,-5.200201696720212,1.765,0.0,0.0,-1.5774059234314322,0.44423791587718137,-1.002534484836581e-200,0.0,0.0,0.0,0.00314245057199133,unicycle
3.6150489313993823,-5.2090863821430045,1.765,0.0,0.0,-1.5773422404833801,0.4442438816996067,-8.255191222979589e-201,0.0,0.0,0.0,0.0031841474026180526,unicycle
3.614991057965494,-5.217971193657651,1.765,0.0,0.0,-1.5772777272618215,0.44425000003524984,-6.794212633760091e-201,0.0,0.0,0.0,0.0032256610779126888,unicycle
3.6149337605829595,-5.226856134294037,1.765,0.0,0.0,-1.577212387463285,0.44425626931491524,-5.58898046166501e-201,0.0,0.0,0.0,0.0032669899268135657,unicycle
3.61487704657686,-5.235741207048557,1.765,0.0,0.0,-1.577146224817515,0.44426268794596013,-4.59520119902121e-201,0.0,0.0,0.0,0.0033081322885076397,unicycle
3.6148209232401087,-5.244626414883635,1.765,0.0,0.0,-1.5770792430872647,0.4442692543126253,-3.776171486923094e-201,0.0,0.0,0.0,0.003349086512496916,unicycle
3.614765397833164,-5.253511760727268,1.765,0.0,0.0,-1.5770114460680915,0.4442759667763689,-3.1014914799359952e-201,0.0,0.0,0.0,0.0033898509586641613,unicycle
3.614710477583746,-5.262397247472559,1.765,0.0,0.0,-1.5769428375881447,0.44428282367620264,-2.5459938678934577e-201,0.0,0.0,0.0,0.003430423997337916,unicycle
3.614656169686554,-5.271282877977261,1.765,0.0,0.0,-1.5768734215079576,0.4442898233290317,-2.0888528391434668e-201,0.0,0.0,0.0,0.003470804009356813,unicycle
3.6146024813029825,-5.280168655063343,1.765,0.0,0.0,-1.576803201720235,0.444296964029997,-1.7128431076334585e-201,0.0,0.0,0.0,0.0035109893861331974,unicycle
3.614549419560844,-5.289054581516543,1.765,0.0,0.0,-1.5767321821496407,0.4443042440528204,-1.4037240238725033e-201,0.0,0.0,0.0,0.003550978529716036,unicycle
3.614496991554085,-5.297940660085939,1.765,0.0,0.0,-1.5766603667525834,0.44431166165015257,-1.1497278960070765e-201,0.0,0.0,0.0,0.003590769852853117,unicycle
3.614445204342513,-5.306826893483532,1.765,0.0,0.0,-1.5765877595170024,0.44431921505392463,-9.411350878135687e-202,0.0,0.0,0.0,0.003630361779052528,unicycle
3.6143940649515165,-5.315713284383818,1.765,0.0,0.0,-1.5765143644621493,0.44432690247570145,-7.699213415480161e-202,0.0,0.0,0.0,0.00366975274264344,unicycle
3.614343580371792,-5.324599835423394,1.765,0.0,0.0,-1.5764401856383727,0.4443347221070385,-6.294651848721878e-202,0.0,0.0,0.0,0.0037089411888361658,unicycle
3.6142937575590666,-5.333486549200544,1.765,0.0,0.0,-1.576365227126897,0.44434267211984074,-5.143052979805587e-202,0.0,0.0,0.0,0.003747925573781497,unicycle
3.61424460343383,-5.342373428274858,1.765,0.0,0.0,-1.5762894930396045,0.4443507506667247,-4.199394031519716e-202,0.0,0.0,0.0,0.0037867043646293255,unicycle
3.614196124881058,-5.351260475166836,1.765,0.0,0.0,-1.5762129875188131,0.4443589558813831,-3.4265764773479974e-202,0.0,0.0,0.0,0.003825276039586541,unicycle
3.6141483287499483,-5.360147692357516,1.765,0.0,0.0,-1.5761357147370536,0.4443672858789518,-2.79404628026891e-202,0.0,0.0,0.0,0.0038636390879742072,unicycle
3.614101221853646,-5.369035082288105,1.765,0.0,0.0,-1.576057678896848,0.4443757387563795,-2.2766518343123235e-202,0.0,0.0,0.0,0.00390179201028401,unicycle
3.6140548109689807,-5.3779226473596164,1.765,0.0,0.0,-1.5759788842304834,0.44438431259279965,-1.8536990939847625e-202,0.0,0.0,0.0,0.003939733318233978,unicycle
3.614009102836199,-5.386810389932512,1.765,0.0,0.0,-1.5758993349997865,0.4443930054499048,-1.5081702064839443e-202,0.0,0.0,0.0,0.003977461534823486,unicycle
3.613964104158701,-5.39569831232636,1.765,0.0,0.0,-1.5758190354958994,0.44440181537232315,-1.2260776533732629e-202,0.0,0.0,0.0,0.004014975194387525,unicycle
3.6139198216027757,-5.404586416819495,1.765,0.0,0.0,-1.5757379900390465,0.4444107403879978,-9.959306493587858e-203,0.0,0.0,0.0,0.004052272842650232,unicycle
3.6138762617973406,-5.413474705648687,1.765,0.0,0.0,-1.575656202978311,0.44441977850856756,-8.082944928894284e-203,0.0,0.0,0.0,0.0040893530367776855,unicycle
3.6138334313336817,-5.422363181008823,1.765,0.0,0.0,-1.5755736786914023,0.4444289277297502,-6.554268478297023e-203,0.0,0.0,0.0,0.004126214345429986,unicycle
3.6137913367651953,-5.431251845052588,1.765,0.0,0.0,-1.575490421584426,0.44443818603172763,-5.309776673331279e-203,0.0,0.0,0.0,0.004162855348812596,unicycle
3.613749984607128,-5.440140699890163,1.765,0.0,0.0,-1.5754064360916518,0.4444475513795333,-4.2974174217726705e-203,0.0,0.0,0.0,0.0041992746387269405,unicycle
3.613709381336326,-5.449029747588925,1.765,0.0,0.0,-1.5753217266752797,0.444457021723441,-3.474547430217617e-203,0.0,0.0,0.0,0.004235470818620281,unicycle
3.6136695333909765,-5.457918990173157,1.765,0.0,0.0,-1.5752362978252068,0.4444665949993559,-2.8062519348464994e-203,0.0,0.0,0.0,0.004271442503634856,unicycle
3.6136304471703564,-5.46680842962377,1.765,0.0,0.0,-1.5751501540587936,0.4444762691292074,-2.2639611217195393e-203,0.0,0.0,0.0,0.004307188320656278,unicycle
3.613592129034582,-5.475698067878025,1.765,0.0,0.0,-1.5750632999206262,0.4444860420213432,-1.824311415456343e-203,0.0,0.0,0.0,0.004342706908361197,unicycle
3.6135545853043576,-5.484587906829273,1.765,0.0,0.0,-1.5749757399822808,0.4444959115709254,-1.4682087706082722e-203,0.0,0.0,0.0,0.004377996917264228,unicycle
3.6135178222607296,-5.4934779483266984,1.765,0.0,0.0,-1.574887478842086,0.4445058756603282,-1.180058524265793e-203,0.0,0.0,0.0,0.004413057009764146,unicycle
3.6134818461448384,-5.502368194175067,1.765,0.0,0.0,-1.574798521124882,0.4445159321595368,-9.471325204239391e-204,0.0,0.0,0.0,0.004447885860189341,unicycle
3.613446663157674,-5.511258646134491,1.765,0.0,0.0,-1.574708871481785,0.44452607892654755,-7.590493120281358e-204,0.0,0.0,0.0,0.0044824821548425505,unicycle
3.6134122794598307,-5.520149305920192,1.765,0.0,0.0,-1.5746185345899442,0.4445363138077701,-6.07347464959813e-204,0.0,0.0,0.0,0.004516844592044834,unicycle
3.6133787011712695,-5.5290401752022875,1.765,0.0,0.0,-1.5745275151523006,0.44454663463843025,-4.8513547885335196e-204,0.0,0.0,0.0,0.004550971882178823,unicycle
3.613345934371074,-5.537931255605568,1.765,0.0,0.0,-1.5744358178973457,0.4445570392429738,-3.8680472676521506e-204,0.0,0.0,0.0,0.004584862747731247,unicycle
3.6133139850972134,-5.546822548709297,1.765,0.0,0.0,-1.574343447578879,0.44456752543547223,-3.07794202577682e-204,0.0,0.0,0.0,0.004618515923334709,unicycle
3.6132828593463056,-5.555714056047011,1.765,0.0,0.0,-1.5742504089757627,0.44457809102002893,-2.443978373803804e-204,0.0,0.0,0.0,0.004651930155808736,unicycle
3.613252563073381,-5.564605779106329,1.765,0.0,0.0,-1.574156706891679,0.44458873379118635,-1.9360677515387783e-204,0.0,0.0,0.0,0.004685104204200092,unicycle
3.613223102191651,-5.573497719328779,1.765,0.0,0.0,-1.5740623461548826,0.44459945153433444,-1.529803429956188e-204,0.0,0.0,0.0,0.004718036839822363,unicycle
3.6131944825722733,-5.582389878109621,1.765,0.0,0.0,-1.5739673316179565,0.4446102420261194,-1.2054056092269993e-204,0.0,0.0,0.0,0.004750726846294804,unicycle
3.613166710044123,-5.591282256797686,1.765,0.0,0.0,-1.573871668157565,0.4446211030348533,-9.468595162729615e-205,0.0,0.0,0.0,0.004783173019580461,unicycle
3.6131397903935656,-5.60017485669522,1.765,0.0,0.0,-1.573775360674205,0.44463203232092496,-7.412116515792255e-205,0.0,0.0,0.0,0.0048153741680235645,unicycle
3.613113729362865,-5.609067679516163,1.765,0.0,0.0,-1.573678414096008,0.4446430505583736,-5.77995552803573e-205,0.0,0.0,0.0,0.004847328909850478,unicycle
3.613088532650713,-5.617960727174213,1.765,0.0,0.0,-1.5735808333766588,0.4446541678243109,-4.487635636245262e-205,0.0,0.0,0.0,0.004879035967442416,unicycle
3.613064205913476,-5.62685400127981,1.765,0.0,0.0,-1.573482623490721,0.4446653690444988,-3.467053116942447e-205,0.0,0.0,0.0,0.0049104942968906246,unicycle
3.6130407547647185,-5.635747503207086,1.765,0.0,0.0,-1.5733837894339542,0.4446766424921863,-2.6633706787560664e-205,0.0,0.0,0.0,0.004941702838344906,unicycle
3.6130181847747904,-5.644641234145427,1.765,0.0,0.0,-1.5732843362235018,0.4446879790179689,-2.0324901111092215e-205,0.0,0.0,0.0,0.004972660522618114,unicycle
3.6129965014704664,-5.653535195138907,1.765,0.0,0.0,-1.573184268897975,0.4446993714444336,-1.538997675438085e-205,0.0,0.0,0.0,0.005003366276349074,unicycle
3.612975710334628,-5.662429387116258,1.765,0.0,0.0,-1.5730835925174538,0.44471081409194335,-1.1544951833156534e-205,0.0,0.0,0.0,0.005033819026031766,unicycle
3.6129558168059783,-5.671323810913431,1.765,0.0,0.0,-1.5729823121634308,0.4447223024085641,-8.562455179877397e-206,0.0,0.0,0.0,0.005064017701153729,unicycle
3.6129368262787724,-5.680218467290405,1.765,0.0,0.0,-1.572880432938698,0.44473383268250155,-6.260743315514901e-206,0.0,0.0,0.0,0.005093961236635347,unicycle
3.6129187441025765,-5.689113356943548,1.765,0.0,0.0,-1.5727779599672034,0.44474540181974304,-4.494802922614769e-206,0.0,0.0,0.0,0.005123648574721119,unicycle
3.612901575582032,-5.698008480514567,1.765,0.0,0.0,-1.5726748983938743,0.4447570071730846,-3.149149799738387e-206,0.0,0.0,0.0,0.0051530786664419626,unicycle
3.612885325976637,-5.706903838596836,1.765,0.0,0.0,-1.5725712533844194,0.44476864641152886,-2.132006743745299e-206,0.0,0.0,0.0,0.005182250472742254,unicycle
3.612870000500531,-5.715799431739753,1.765,0.0,0.0,-1.572467030125113,0.4447803174212897,-1.3706013200016555e-206,0.0,0.0,0.0,0.005211162965345353,unicycle
3.6128556043222884,-5.724695260451603,1.765,0.0,0.0,-1.5723622338225647,0.44479201823145004,-8.073723603878408e-207,0.0,0.0,0.0,0.005239815127415516,unicycle
3.6128421425647157,-5.733591325201328,1.765,0.0,0.0,-1.5722568697034833,0.44480374695876274,-3.969131834131288e-207,0.0,0.0,0.0,0.005268205954061678,unicycle
3.612829620304655,-5.742487626419473,1.765,0.0,0.0,-1.572150943014429,0.4448155017672456,-1.0351152974212118e-207,0.0,0.0,0.0,0.005296334452718804,unicycle
3.6128180425727883,-5.751384164498572,1.765,0.0,0.0,-1.5720444590215603,0.44482728083914347,1.0082765925011237e-207,0.0,0.0,0.0,0.005324199643434658,unicycle
3.612807414353444,-5.760280939793104,1.765,0.0,0.0,-1.5719374230103784,0.44483908235456776,2.37969161968307e-207,0.0,0.0,0.0,0.005351800559083853,unicycle
3.612797740584409,-5.769177952619199,1.765,0.0,0.0,-1.5718298402854678,0.44485090447770803,3.2491924073986424e-207,0.0,0.0,0.0,0.005379136245526224,unicycle
3.612789026156739,-5.7780752032541445,1.765,0.0,0.0,-1.5717217161702333,0.4448627453479759,3.748432144711534e-207,0.0,0.0,0.0,0.0054062057617227455,unicycle
3.612781275914573,-5.786972691935802,1.765,0.0,0.0,-1.5716130560066368,0.4448746030748089,3.978782559407571e-207,0.0,0.0,0.0,0.0054330081798193205,unicycle
3.612774494654952,-5.795870418861972,1.765,0.0,0.0,-1.571503865154933,0.444886475735152,4.017814310321297e-207,0.0,0.0,0.0,0.0054595425852064,unicycle
3.6127686871276325,-5.804768384189736,1.765,0.0,0.0,-1.5713941489934014,0.4448983613728619,3.924453540394415e-207,0.0,0.0,0.0,0.005485808076560593,unicycle
3.6127638580349077,-5.8136665880348355,1.765,0.0,0.0,-1.5712839129180838,0.4449102579994611,3.743076227443773e-207,0.0,0.0,0.0,0.005511803765872996,unicycle
3.6127600120314294,-5.822565030471062,1.765,0.0,0.0,-1.5711731623425145,0.4449221635958059,3.5067515492903586e-207,0.0,0.0,0.0,0.005537528778467865,unicycle
3.6127571537240297,-5.8314637115297066,1.765,0.0,0.0,-1.5710619026974542,0.4449340761143434,3.2398045812211496e-207,0.0,0.0,0.0,0.005562982253014372,unicycle
3.612755287671546,-5.840362631199059,1.765,0.0,0.0,-1.5709501394306236,0.44494599348171654,2.9598354988439666e-207,0.0,0.0,0.0,0.005588163341533545,unicycle
3.612754418384649,-5.849261789423959,1.765,0.0,0.0,-1.5708378780064358,0.4449579136015414,2.6793056238260222e-207,0.0,0.0,0.0,0.005613071209401924,unicycle
3.6127545503256697,-5.858161186105411,1.765,0.0,0.0,-1.5707251239057285,0.44496983435723136,2.406778944398816e-207,0.0,0.0,0.0,0.005637705035353112,unicycle
3.6127556879084297,-5.867060821100246,1.765,0.0,0.0,-1.5706118826254991,0.44498175361478,2.1478902045421706e-207,0.0,0.0,0.0,0.005662064011478032,unicycle
3.612757835498076,-5.875960694220846,1.765,0.0,0.0,-1.5704981596786345,0.4449936692254438,1.9060965007586868e-207,0.0,0.0,0.0,0.005686147343224525,unicycle
3.612760997410912,-5.884860805234914,1.765,0.0,0.0,-1.5703839605936465,0.4450055790282878,1.6832579139609103e-207,0.0,0.0,0.0,0.005709954249396699,unicycle
3.612765177914235,-5.893761153865295,1.765,0.0,0.0,-1.5702692909144031,0.44501748085257126,1.4800835156488842e-207,0.0,0.0,0.0,0.0057334839621543034,unicycle
3.612770381226177,-5.902661739789841,1.765,0.0,0.0,-1.5701541561998626,0.4450293725199647,1.2964716987287636e-207,0.0,0.0,0.0,0.0057567357270123225,unicycle
3.6127766115155433,-5.911562562641317,1.765,0.0,0.0,-1.5700385620238058,0.4450412518465947,1.1317678497112629e-207,0.0,0.0,0.0,0.005779708802840907,unicycle
3.612783872901655,-5.920463622007341,1.765,0.0,0.0,-1.569922513974568,0.44505311664492136,9.849576209637923e-208,0.0,0.0,0.0,0.005802402461865673,unicycle
3.612792169454195,-5.92936491743037,1.765,0.0,0.0,-1.5698060176547746,0.44506496472545576,8.548102521990847e-208,0.0,0.0,0.0,0.005824815989668389,unicycle
3.6128015051930538,-5.9382664484077035,1.765,0.0,0.0,-1.569689078681071,0.4450767938983265,7.3998334542261915e-208,0.0,0.0,0.0,0.005846948685188011,unicycle
3.612811884088182,-5.947168214391523,1.765,0.0,0.0,-1.5695717026838565,0.44508860197470684,6.390980680365052e-208,0.0,0.0,0.0,0.005868799860722061,unicycle
3.6128233100594374,-5.9560702147889595,1.765,0.0,0.0,-1.569453895307018,0.4451003867681149,5.507918240430781e-208,0.0,0.0,0.0,0.005890368841928282,unicycle
3.6128357869764423,-5.964972448962186,1.765,0.0,0.0,-1.5693356622076617,0.44511214609559796,4.737538957490983e-208,0.0,0.0,0.0,0.005911654967826508,unicycle
3.612849318658438,-5.973874916228519,1.765,0.0,0.0,-1.5692170090558455,0.44512387777881196,4.067483392493595e-208,0.0,0.0,0.0,0.005932657590800694,unicycle
3.6128639088741448,-5.9827776158605595,1.765,0.0,0.0,-1.5690979415343136,0.44513557964500844,3.4862745270263275e-208,0.0,0.0,0.0,0.005953376076601036,unicycle
3.6128795613416202,-5.991680547086334,1.765,0.0,0.0,-1.5689784653382266,0.44514724952793766,2.983383757844242e-208,0.0,0.0,0.0,0.005973809804346129,unicycle
3.6128962797281243,-6.00058370908947,1.765,0.0,0.0,-1.5688585861748958,0.44515888526867825,2.5492478049027065e-208,0.0,0.0,0.0,0.005993958166525101,unicycle
3.612914067649985,-6.009487101009369,1.765,0.0,0.0,-1.568738309763516,0.4451704847164013,2.175251445413516e-208,0.0,0.0,0.0,0.006013820568999675,unicycle
3.6129329286724636,-6.018390721941407,1.765,0.0,0.0,-1.5686176418348958,0.44518204572907705,1.8536873242220164e-208,0.0,0.0,0.0,0.006033396431006086,unicycle
3.612952866309629,-6.027294570937148,1.765,0.0,0.0,-1.5684965881311927,0.4451935661741309,1.5777012425025284e-208,0.0,0.0,0.0,0.006052685185156821,unicycle
3.6129738840242256,-6.036198647004556,1.765,0.0,0.0,-1.568375154405644,0.4452050439290556,1.3412291219003059e-208,0.0,0.0,0.0,0.006071686277442143,unicycle
3.612995985227552,-6.04510294910824,1.765,0.0,0.0,-1.5682533464222996,0.44521647688198296,1.138930143634422e-208,0.0,0.0,0.0,0.0060903991672313544,unicycle
3.6130191732793375,-6.054007476169691,1.765,0.0,0.0,-1.5681311699557539,0.4452278629322232,9.661192631471832e-209,0.0,0.0,0.0,0.006108823327273764,unicycle
3.6130434514876195,-6.06291222706754,1.765,0.0,0.0,-1.56800863079088,0.44523919999077294,8.187013142528851e-209,0.0,0.0,0.0,0.006126958243699322,unicycle
3.6130688231086294,-6.071817200637826,1.765,0.0,0.0,-1.5678857347225599,0.4452504859807975,6.931081738101249e-209,0.0,0.0,0.0,0.006144803416018895,unicycle
3.6130952913466765,-6.080722395674267,1.765,0.0,0.0,-1.5677624875554177,0.44526171883809024,5.86239904383513e-209,0.0,0.0,0.0,0.00616235835712417,unicycle
3.6131228593540325,-6.089627810928545,1.765,0.0,0.0,-1.5676388951035518,0.4452728965115115,4.954103852427329e-209,0.0,0.0,0.0,0.006179622593287161,unicycle
3.6131515302308257,-6.098533445110597,1.765,0.0,0.0,-1.5675149631902685,0.44528401696340947,4.18297647545314e-209,0.0,0.0,0.0,0.006196595664159274,unicycle
3.6131813070249286,-6.107439296888919,1.765,0.0,0.0,-1.5673906976478134,0.4452950781700257,3.5289892109704957e-209,0.0,0.0,0.0,0.006213277122769954,unicycle
3.6132121927318557,-6.116345364890873,1.765,0.0,0.0,-1.567266104317103,0.4453060781218865,2.9749025688538323e-209,0.0,0.0,0.0,0.0062296665355248675,unicycle
3.6132441902946604,-6.125251647703001,1.765,0.0,0.0,-1.567141189047459,0.4453170148241818,2.505904954217283e-209,0.0,0.0,0.0,0.006245763482203639,unicycle
3.613277302603833,-6.134158143871353,1.765,0.0,0.0,-1.5670159576963398,0.4453278862971329,2.109292932206977e-209,0.0,0.0,0.0,0.006261567555957099,unicycle
3.6133115324972063,-6.1430648519018165,1.765,0.0,0.0,-1.5668904161290738,0.4453386905763503,1.7741888876371197e-209,0.0,0.0,0.0,0.006277078363304063,unicycle
3.6133468827598567,-6.151971770260454,1.765,0.0,0.0,-1.5667645702185915,0.4453494257131824,1.4912927757263045e-209,0.0,0.0,0.0,0.0062922955241276205,unicycle
3.6133833561240145,-6.160878897373855,1.765,0.0,0.0,-1.566638425845158,0.445360089775056,1.2526646785724597e-209,0.0,0.0,0.0,0.006307218671670919,unicycle
3.613420955268971,-6.169786231629479,1.765,0.0,0.0,-1.566511988896107,0.4453706808458091,1.051534992845321e-209,0.0,0.0,0.0,0.006321847452532461,unicycle
3.613459682820996,-6.1786937713760235,1.765,0.0,0.0,-1.566385265265574,0.44538119702601714,8.821392451190014e-210,0.0,0.0,0.0,0.0063361815266609,unicycle
3.6134995413532476,-6.187601514923782,1.765,0.0,0.0,-1.5662582608542273,0.44539163643331203,7.395747383244605e-210,0.0,0.0,0.0,0.0063502205673493335,unicycle
3.613540533385694,-6.196509460545024,1.765,0.0,0.0,-1.5661309815690023,0.4454019972026957,6.196764584381834e-210,0.0,0.0,0.0,0.00636396426122908,unicycle
3.613582661385031,-6.205417606474368,1.765,0.0,0.0,-1.5660034333228374,0.44541227748684764,5.1890990215688414e-210,0.0,0.0,0.0,0.00637741230826296,unicycle
3.613625927764606,-6.21432595090917,1.765,0.0,0.0,-1.5658756220344026,0.44542247545642705,4.3427871512905013e-210,0.0,0.0,0.0,0.006390564421738059,unicycle
3.6136703348843455,-6.22323449200991,1.765,0.0,0.0,-1.5657475536278374,0.44543258930036983,3.632452503643002e-210,0.0,0.0,0.0,0.006403420328257988,unicycle
3.613715885050681,-6.232143227900594,1.765,0.0,0.0,-1.5656192340324828,0.44544261722618017,3.0366236389626566e-210,0.0,0.0,0.0,0.006415979767734651,unicycle
3.613762580516482,-6.241052156669154,1.765,0.0,0.0,-1.5654906691826151,0.44545255746021767,2.537149573873424e-210,0.0,0.0,0.0,0.006428242493379489,unicycle
3.613810423480986,-6.249961276367858,1.765,0.0,0.0,-1.5653618650171814,0.4454624082479795,2.1186995403699033e-210,0.0,0.0,0.0,0.006440208271694219,unicycle
3.6138594160897393,-6.258870585013724,1.765,0.0,0.0,-1.5652328274795324,0.4454721678543778,1.7683355461327787e-210,0.0,0.0,0.0,0.006451876882461082,unicycle
3.6139095604345335,-6.267780080588937,1.765,0.0,0.0,-1.5651035625171579,0.44548183456401264,1.4751476496561647e-210,0.0,0.0,0.0,0.006463248118732582,unicycle
3.613960858553348,-6.276689761041282,1.765,0.0,0.0,-1.5649740760814213,0.4454914066814404,1.229943156738136e-210,0.0,0.0,0.0,0.006474321786820725,unicycle
3.614013312430293,-6.285599624284565,1.765,0.0,0.0,-1.5648443741272957,0.44550088253143777,1.0249820946591897e-210,0.0,0.0,0.0,0.006485097706285766,unicycle
3.6140669239955576,-6.2945096681990576,1.765,0.0,0.0,-1.564714462613097,0.44551026045926095,8.537523375489308e-211,0.0,0.0,0.0,0.006495575709924457,unicycle
3.6141216951253607,-6.303419890631936,1.765,0.0,0.0,-1.5645843475002221,0.4455195388309011,7.107786522542911e-211,0.0,0.0,0.0,0.006505755643757798,unicycle
3.6141776276419004,-6.312330289397725,1.765,0.0,0.0,-1.5644540347528817,0.4455287160333346,5.914607198082944e-211,0.0,0.0,0.0,0.0065156373670183145,unicycle
3.614234723313311,-6.32124086227875,1.765,0.0,0.0,-1.5643235303378387,0.4455377904747693,4.919358744213172e-211,0.0,0.0,0.0,0.0065252207521368285,unicycle
3.6142929838536233,-6.330151607025599,1.765,0.0,0.0,-1.5641928402241438,0.4455467605848865,4.089629003251923e-211,0.0,0.0,0.0,0.0065345056847287575,unicycle
3.614352410922719,-6.339062521357579,1.765,0.0,0.0,-1.5640619703828722,0.44555562481507804,3.398237466729369e-211,0.0,0.0,0.0,0.0065434920635799336,unicycle
3.6144130061263007,-6.34797360296318,1.765,0.0,0.0,-1.5639309267868595,0.4455643816386797,2.8224047115733415e-211,0.0,0.0,0.0,0.006552179800631931,unicycle
3.6144747710158533,-6.356884849500554,1.765,0.0,0.0,-1.5637997154104404,0.4455730295511994,2.343051123935779e-211,0.0,0.0,0.0,0.006560568820966921,unicycle
3.6145377070886155,-6.365796258597983,1.765,0.0,0.0,-1.5636683422291846,0.4455815670705413,1.9442052695694955e-211,0.0,0.0,0.0,0.00656865906279207,unicycle
3.61460181578755,-6.374707827854363,1.765,0.0,0.0,-1.5635368132196363,0.44558999273722555,1.6125051604995337e-211,0.0,0.0,0.0,0.006576450477423453,unicycle
3.614667098501318,-6.383619554839685,1.765,0.0,0.0,-1.563405134359051,0.4455983051146034,1.3367781513895108e-211,0.0,0.0,0.0,0.006583943029269501,unicycle
3.614733556564258,-6.392531437095529,1.765,0.0,0.0,-1.5632733116251347,0.4456065027890679,1.1076873291143996e-211,0.0,0.0,0.0,0.006591136695813989,unicycle
3.614801191256364,-6.401443472135549,1.765,0.0,0.0,-1.5631413509957823,0.44561458437025975,9.174340829753802e-212,0.0,0.0,0.0,0.006598031467598566,unicycle
3.6148700038032673,-6.410355657445979,1.765,0.0,0.0,-1.5630092584488182,0.44562254849126925,7.59508102367663e-212,0.0,0.0,0.0,0.006604627348204822,unicycle
3.6149399953762247,-6.419267990486126,1.765,0.0,0.0,-1.5628770399617335,0.4456303938088329,6.284773800080365e-212,0.0,0.0,0.0,0.006610924354235894,unicycle
3.615011167092104,-6.428180468688878,1.765,0.0,0.0,-1.5627447015114277,0.4456381190035261,5.198119338793285e-212,0.0,0.0,0.0,0.006616922515297627,unicycle
3.6150835200133775,-6.4370930894612135,1.765,0.0,0.0,-1.5626122490739482,0.445645722779951,4.297359275566557e-212,0.0,0.0,0.0,0.00662262187397929,unicycle
3.6151570551481123,-6.446005850184712,1.765,0.0,0.0,-1.5624796886242316,0.4456532038669194,3.5510369058599044e-212,0.0,0.0,0.0,0.006628022485833838,unicycle
3.615231773449971,-6.454918748216075,1.765,0.0,0.0,-1.5623470261358443,0.4456605610176316,2.9329583889929004e-212,0.0,0.0,0.0,0.006633124419357739,unicycle
3.6153076758182077,-6.463831780887636,1.765,0.0,0.0,-1.562214267580725,0.44566779300984993,2.4213228784429344e-212,0.0,0.0,0.0,0.006637927755970352,unicycle
3.6153847630976723,-6.472744945507891,1.765,0.0,0.0,-1.562081418928925,0.44567489864606824,1.997994527691269e-212,0.0,0.0,0.0,0.0066424325899928725,unicycle
3.6154630360788147,-6.481658239362021,1.765,0.0,0.0,-1.5619484861483524,0.44568187675367593,1.6478935755327326e-212,0.0,0.0,0.0,0.006646639028626843,unicycle
3.615542495497692,-6.490571659712425,1.765,0.0,0.0,-1.561815475204514,0.445688726185118,1.358487314538764e-212,0.0,0.0,0.0,0.006650547191932234,unicycle
3.615623142035978,-6.499485203799249,1.765,0.0,0.0,-1.5616823920602578,0.44569544581805,1.1193647894182918e-212,0.0,0.0,0.0,0.006654157212805086,unicycle
3.615704976320981,-6.508398868840923,1.765,0.0,0.0,-1.5615492426755189,0.44570203455548796,9.21881642234553e-213,0.0,0.0,0.0,0.006657469236954739,unicycle
3.6157879989256547,-6.5173126520347,1.765,0.0,0.0,-1.5614160330070614,0.44570849132595414,7.588636904784133e-213,0.0,0.0,0.0,0.00666048342288063,unicycle
3.6158722103686203,-6.52622655055719,1.765,0.0,0.0,-1.5612827690082245,0.4457148150836174,6.243596530235727e-213,0.0,0.0,0.0,0.006663199941848678,unicycle
3.6159576111141867,-6.535140561564921,1.765,0.0,0.0,-1.561149456628667,0.4457210048084291,5.134349801078927e-213,0.0,0.0,0.0,0.00666561897786724,unicycle
3.6160442015723757,-6.544054682194866,1.765,0.0,0.0,-1.5610161018141138,0.4457270595062538,4.2200004104980177e-213,0.0,0.0,0.0,0.006667740727662655,unicycle
3.6161319820989486,-6.552968909565005,1.765,0.0,0.0,-1.560882710506101,0.4457329782089958,3.466670151224681e-213,0.0,0.0,0.0,0.006669565400654372,unicycle
3.6162209529954383,-6.561883240774872,1.765,0.0,0.0,-1.5607492886417225,0.44573875997472023,2.846307488867481e-213,0.0,0.0,0.0,0.006671093218929682,unicycle
3.6163111145091795,-6.570797672906107,1.765,0.0,0.0,-1.560615842153378,0.4457444038877692,2.3356961448395398e-213,0.0,0.0,0.0,0.006672324417218021,unicycle
3.616402466833346,-6.579712203023017,1.765,0.0,0.0,-1.560482376968521,0.4457499090588735,1.9156305092400727e-213,0.0,0.0,0.0,0.006673259242864892,unicycle
3.6164950101069895,-6.588626828173127,1.765,0.0,0.0,-1.560348899009405,0.4457552746252592,1.57023013755612e-213,0.0,0.0,0.0,0.00667389795580536,unicycle
3.616588744415079,-6.59754154538775,1.765,0.0,0.0,-1.5602154141928344,0.4457604997507491,1.2863701415051685e-213,0.0,0.0,0.0,0.006674240828537156,unicycle
3.616683669788547,-6.606456351682537,1.765,0.0,0.0,-1.5600819284299128,0.4457655836258599,1.0532081029828163e-213,0.0,0.0,0.0,0.006674288146093389,unicycle
3.6167797862043343,-6.61537124405805,1.765,0.0,0.0,-1.5599484476257923,0.44577052546789375,8.617913384811486e-214,0.0,0.0,0.0,0.006674040206014853,unicycle
3.6168770935854426,-6.624286219500322,1.765,0.0,0.0,-1.559814977679426,0.4457753245210254,7.047310186888684e-214,0.0,0.0,0.0,0.006673497318321948,unicycle
3.6169755918060065,-6.633201275438725,1.765,0.0,0.0,-1.5596815244899531,0.44578000292264,5.759318878845462e-214,0.0,0.0,0.0,0.00667265947362849,unicycle
3.617075280689188,-6.642116409535267,1.765,0.0,0.0,-1.5595480939533934,0.4457845722731366,4.703682006181136e-214,0.0,0.0,0.0,0.006671526827987406,unicycle
3.6171761600016867,-6.65103161918351,1.765,0.0,0.0,-1.559414691955118,0.44578901911583046,3.838980583235859e-214,0.0,0.0,0.0,0.006670099913757922,unicycle
3.6172782294544605,-6.6599469015760455,1.765,0.0,0.0,-1.5592813243705714,0.4457933333666824,3.131096357798941e-214,0.0,0.0,0.0,0.0066683792273374495,unicycle
3.617381488703306,-6.6688622537566005,1.765,0.0,0.0,-1.559147997065767,0.44579750754570296,2.5519387864735712e-214,0.0,0.0,0.0,0.006666365240249185,unicycle
3.617485937349329,-6.677777672660064,1.765,0.0,0.0,-1.55901471589761,0.4458015361727377,2.07839163858594e-214,0.0,0.0,0.0,0.006664058407837952,unicycle
3.6175915749393277,-6.686693155143037,1.765,0.0,0.0,-1.5588814867140883,0.4458054152940684,1.6914417398560938e-214,0.0,0.0,0.0,0.006661459176067968,unicycle
3.617698400966105,-6.695608698006996,1.765,0.0,0.0,-1.5587483153543522,0.4458091421128966,1.375458696295595e-214,0.0,0.0,0.0,0.006658567986816984,unicycle
3.617806414868729,-6.704524298015716,1.765,0.0,0.0,-1.5586152076487123,0.4458127147021279,1.1175997116982105e-214,0.0,0.0,0.0,0.006655385281981677,unicycle
3.6179156160327492,-6.713439951908248,1.765,0.0,0.0,-1.5584821694185795,0.44581613178219553,9.073180027830879e-215,0.0,0.0,0.0,0.006651911506645277,unicycle
3.6180260037903813,-6.722355656408475,1.765,0.0,0.0,-1.5583492064763496,0.445819392550136,7.35956970354991e-215,0.0,0.0,0.0,0.006648147111507204,unicycle
3.618137577420666,-6.731271408232057,1.765,0.0,0.0,-1.5582163246252545,0.44582249654892914,5.96415324798945e-215,0.0,0.0,0.0,0.006644092554733549,unicycle
3.61825033614961,-6.740187204091394,1.765,0.0,0.0,-1.5580835296591875,0.44582544356836223,4.828708919005646e-215,0.0,0.0,0.0,0.00663974830335437,unicycle
3.6183642791503132,-6.749103040699102,1.765,0.0,0.0,-1.5579508273625016,0.44582823357047835,3.9055292570773863e-215,0.0,0.0,0.0,0.0066351148343076274,unicycle
3.618479405543083,-6.758018914770368,1.765,0.0,0.0,-1.5578182235097973,0.4458308666341167,3.155545002174179e-215,0.0,0.0,0.0,0.00663019263520864,unicycle
3.618595714395546,-6.766934823024502,1.765,0.0,0.0,-1.557685723865699,0.44583334291420434,2.5467800061710614e-215,0.0,0.0,0.0,0.006624982204907292,unicycle
3.618713204722752,-6.775850762185896,1.765,0.0,0.0,-1.5575533341846215,0.44583566261238183,2.0530793732280081e-215,0.0,0.0,0.0,0.006619484053881933,unicycle
3.6188318754872775,-6.784766728984571,1.765,0.0,0.0,-1.5574210602105314,0.44583782595628024,1.6530630358328503e-215,0.0,0.0,0.0,0.006613698704508379,unicycle
3.6189517255993255,-6.793682720156439,1.765,0.0,0.0,-1.5572889076767067,0.4458398331853492,1.3292652452421096e-215,0.0,0.0,0.0,0.006607626691234052,unicycle
3.619072753916829,-6.802598732443377,1.765,0.0,0.0,-1.557156882305493,0.44584168454160095,1.0674273098431816e-215,0.0,0.0,0.0,0.006601268560680646,unicycle
3.6191949592455517,-6.811514762593195,1.765,0.0,0.0,-1.5570249898080595,0.4458433802640012,8.559165933887458e-216,0.0,0.0,0.0,0.0065946248716935215,unicycle
3.6193183403391918,-6.82043080735954,1.765,0.0,0.0,-1.5568932358841523,0.44584492058552677,6.852494868303248e-216,0.0,0.0,0.0,0.006587696195351823,unicycle
3.619442895899488,-6.829346863501783,1.765,0.0,0.0,-1.5567616262218533,0.44584630573213757,5.4769995878567715e-216,0.0,0.0,0.0,0.006580483114950151,unicycle
3.619568624576328,-6.838262927784907,1.765,0.0,0.0,-1.556630166497334,0.4458475359230915,4.369785087321615e-216,0.0,0.0,0.0,0.00657298622596,unicycle
3.6196955249678573,-6.847178996979422,1.765,0.0,0.0,-1.5564988623746145,0.4458486113721676,3.4796900872936346e-216,0.0,0.0,0.0,0.0065652061359772335,unicycle
3.6198235956205953,-6.856095067861321,1.765,0.0,0.0,-1.5563677195053214,0.4458495322894725,2.765131193164363e-216,0.0,0.0,0.0,0.006557143464660264,unicycle
3.6199528350295505,-6.865011137212069,1.765,0.0,0.0,-1.556236743528448,0.44585029888359184,2.192337825005481e-216,0.0,0.0,0.0,0.006548798843662469,unicycle
3.620083241638339,-6.873927201818645,1.765,0.0,0.0,-1.556105940070117,0.44585091136390964,1.7339079528176403e-216,0.0,0.0,0.0,0.006540172916561358,unicycle
3.620214813839307,-6.882843258473629,1.765,0.0,0.0,-1.5559753147433413,0.4458513699429709,1.3676270556947528e-216,0.0,0.0,0.0,0.006531266338786363,unicycle
3.620347549973658,-6.891759303975337,1.765,0.0,0.0,-1.55584487314779,0.44585167483880067,1.0755029393928911e-216,0.0,0.0,0.0,0.006522079777546551,unicycle
3.620481448331579,-6.900675335127996,1.765,0.0,0.0,-1.5557146208695547,0.4458518262771197,8.429774701335966e-217,0.0,0.0,0.0,0.006512613911759161,unicycle
3.6206165071523713,-6.909591348741966,1.765,0.0,0.0,-1.5555845634809153,0.4458518244934207,6.5828322441165204e-217,0.0,0.0,0.0,0.006502869431979503,unicycle
3.6207527246245887,-6.918507341633993,1.765,0.0,0.0,-1.5554547065401088,0.4458516697348817,5.119187728610618e-217,0.0,0.0,0.0,0.006492847040332614,unicycle
3.6208900988861696,-6.927423310627505,1.765,0.0,0.0,-1.5553250555911,0.4458513622621087,3.962210242339662e-217,0.0,0.0,0.0,0.006482547450446821,unicycle
3.6210286280245803,-6.936339252552931,1.765,0.0,0.0,-1.5551956161633524,0.44585090235070385,3.0501692982604563e-217,0.0,0.0,0.0,0.006471971387389273,unicycle
3.6211683100769556,-6.945255164248053,1.765,0.0,0.0,-1.5550663937716005,0.44585029029266404,2.3334003526985416e-217,0.0,0.0,0.0,0.006461119587603423,unicycle
3.6213091430302473,-6.954171042558382,1.765,0.0,0.0,-1.5549373939156235,0.44584952639761677,1.7719998623919382e-217,0.0,0.0,0.0,0.00644999279884838,unicycle
3.62145112482137,-6.963086884337552,1.765,0.0,0.0,-1.5548086220800206,0.4458486109939034,1.33395247020512e-217,0.0,0.0,0.0,0.006438591780139988,unicycle
3.621594253337354,-6.972002686447737,1.765,0.0,0.0,-1.554680083733987,0.4458475444295213,9.93610585045048e-218,0.0,0.0,0.0,0.006426917301693514,unicycle
3.6217385264154984,-6.9809184457600795,1.765,0.0,0.0,-1.5545517843310896,0.4458463270729361,7.304611295209077e-218,0.0,0.0,0.0,0.006414970144867767,unicycle
3.6218839418435267,-6.989834159155139,1.765,0.0,0.0,-1.5544237293090473,0.4458449593137766,5.281261302042246e-218,0.0,0.0,0.0,0.006402751102110496,unicycle
3.622030497359746,-6.998749823523346,1.765,0.0,0.0,-1.5542959240895093,0.4458434415634232,3.7355358287980544e-218,0.0,0.0,0.0,0.006390260976904918,unicycle
3.6221781906532096,-7.007665435765463,1.765,0.0,0.0,-1.554168374077835,0.4458417742555011,2.5636302054188017e-218,0.0,0.0,0.0,0.006377500583717227,unicycle
3.6223270193638806,-7.016580992793068,1.765,0.0,0.0,-1.5540410846628758,0.44583995784628866,1.6831675952009505e-218,0.0,0.0,0.0,0.006364470747944942,unicycle
3.622476981082797,-7.025496491529027,1.765,0.0,0.0,-1.5539140612167586,0.44583799281504977,1.0289315797560176e-218,0.0,0.0,0.0,0.006351172305865954,unicycle
3.6226280733522427,-7.034411928907983,1.765,0.0,0.0,-1.553787309094667,0.44583587966429983,5.494260425276332e-219,0.0,0.0,0.0,0.006337606104588147,unicycle
3.622780293665918,-7.0433273018768405,1.765,0.0,0.0,-1.5536608336346271,0.44583361892001205,2.0410535587110814e-219,0.0,0.0,0.0,0.0063237730019995225,unicycle
3.6229336394691125,-7.0522426073952635,1.765,0.0,0.0,-1.553534640157293,0.4458312111317717,-3.885285324714853e-220,0.0,0.0,0.0,0.006309673866718683,unicycle
3.6230881081588833,-7.061157842436164,1.765,0.0,0.0,-1.553408733965732,0.4458286568728849,-2.0433618856927104e-219,0.0,0.0,0.0,0.006295309578045606,unicycle
3.6232436970842308,-7.070073003986196,1.765,0.0,0.0,-1.553283120345214,0.4458259567404464,-3.117315562284937e-219,0.0,0.0,0.0,0.006280681025912641,unicycle
3.6234004035462823,-7.078988089046258,1.765,0.0,0.0,-1.5531578045629972,0.4458231113553719,-3.760732653747225e-219,0.0,0.0,0.0,0.006265789110835633,unicycle
3.6235582247984737,-7.08790309463198,1.765,0.0,0.0,-1.55303279186812,0.4458201213623997,-4.0896065304341656e-219,0.0,0.0,0.0,0.006250634743865127,unicycle
3.6237171580467336,-7.096818017774221,1.765,0.0,0.0,-1.5529080874911887,0.4458169874300644,-4.192901887193757e-219,0.0,0.0,0.0,0.006235218846537624,unicycle
3.623877200449674,-7.105732855519561,1.765,0.0,0.0,-1.5527836966441722,0.4458137102506468,-4.138384405968067e-219,0.0,0.0,0.0,0.00621954235082678,unicycle
3.6240383491187784,-7.114647604930791,1.765,0.0,0.0,-1.5526596245201902,0.4458102905401021,-3.9772531718569206e-219,0.0,0.0,0.0,0.006203606199094568,unicycle
3.6242006011185928,-7.1235622630874085,1.765,0.0,0.0,-1.5525358762933095,0.44580672903797025,-3.7478133885415633e-219,0.0,0.0,0.0,0.006187411344042338,unicycle
3.624363953466922,-7.132476827086092,1.765,0.0,0.0,-1.552412457118336,0.4458030265072686,-3.478381020848167e-219,0.0,0.0,0.0,0.006170958748661735,unicycle
3.6245284031350256,-7.141391294041193,1.765,0.0,0.0,-1.5522893721306124,0.44579918373437055,-3.189573767323905e-219,0.0,0.0,0.0,0.006154249386185473,unicycle
3.624693947047815,-7.150305661085217,1.765,0.0,0.0,-1.5521666264458114,0.44579520152887103,-2.896112616488629e-219,0.0,0.0,0.0,0.006137284240037924,unicycle
3.624860582084056,-7.1592199253693005,1.765,0.0,0.0,-1.5520442251597355,0.44579108072344026,-2.6082338458977033e-219,0.0,0.0,0.0,0.006120064303785516,unicycle
3.625028305076571,-7.16813408406368,1.765,0.0,0.0,-1.5519221733481137,0.44578682217366683,-2.3327916051570458e-219,0.0,0.0,0.0,0.006102590581086903,unicycle
3.6251971128124434,-7.177048134358168,1.765,0.0,0.0,-1.551800476066401,0.44578242675789176,-2.074115303238833e-219,0.0,0.0,0.0,0.006084864085642911,unicycle
3.6253670020332254,-7.185962073462618,1.765,0.0,0.0,-1.5516791383495778,0.4457778953770335,-1.83467318018629e-219,0.0,0.0,0.0,0.006066885841146233,unicycle
3.6255379694351455,-7.194875898607388,1.765,0.0,0.0,-1.5515581652119532,0.4457732289544055,-1.6155830998969804e-219,0.0,0.0,0.0,0.006048656881230874,unicycle
3.6257100116693217,-7.203789607043794,1.765,0.0,0.0,-1.5514375616469651,0.44576842843552705,-1.4170032791396232e-219,0.0,0.0,0.0,0.006030178249421331,unicycle
3.625883125341973,-7.212703196044575,1.765,0.0,0.0,-1.5513173326269836,0.4457634947879269,-1.2384289820358772e-219,0.0,0.0,0.0,0.0060114509990815005,unicycle
3.6260573070146354,-7.221616662904329,1.765,0.0,0.0,-1.5511974831031163,0.4457584290009412,-1.0789158450895452e-219,0.0,0.0,0.0,0.0059924761933633055,unicycle
3.6262325532043773,-7.230530004939969,1.765,0.0,0.0,-1.5510780180050132,0.4457532320855061,-9.372462006898787e-220,0.0,0.0,0.0,0.005973254905155034,unicycle
3.62640886038402,-7.239443219491164,1.765,0.0,0.0,-1.5509589422406727,0.44574790507394474,-8.1205133019552e-220,0.0,0.0,0.0,0.005953788217029398,unicycle
3.626586224982358,-7.248356303920766,1.765,0.0,0.0,-1.5508402606962486,0.44574244901974935,-7.018998337505933e-220,0.0,0.0,0.0,0.005934077221191289,unicycle
3.6267646433843823,-7.257269255615252,1.765,0.0,0.0,-1.55072197823586,0.44573686499735937,-6.053601173098752e-220,0.0,0.0,0.0,0.00591412301942524,unicycle
3.6269441119315036,-7.266182071985142,1.765,0.0,0.0,-1.5506040997013992,0.4457311541019346,-5.210432582956213e-220,0.0,0.0,0.0,0.005893926723042595,unicycle
3.627124626921781,-7.275094750465427,1.765,0.0,0.0,-1.5504866299123425,0.44572531744912425,-4.4763113127470545e-220,0.0,0.0,0.0,0.00587348945282836,unicycle
3.6273061846101484,-7.2840072885159834,1.765,0.0,0.0,-1.550369573665563,0.44571935617483216,-3.838935825259456e-220,0.0,0.0,0.0,0.005852812338987766,unicycle
3.6274887812086454,-7.2929196836219825,1.765,0.0,0.0,-1.5502529357351411,0.44571327143497846,-3.2869757972164546e-220,0.0,0.0,0.0,0.005831896521092516,unicycle
3.62767241288665,-7.301831933294299,1.765,0.0,0.0,-1.5501367208721804,0.44570706440525726,-2.810105837644987e-220,0.0,0.0,0.0,0.0058107431480267325,unicycle
3.6278570757711117,-7.31074403506991,1.765,0.0,0.0,-1.550020933804622,0.44570073628089113,-2.3989985678293323e-220,0.0,0.0,0.0,0.005789353377932595,unicycle
3.6280427659467875,-7.319655986512295,1.765,0.0,0.0,-1.5499055792370589,0.4456942882763817,-2.0452900342846776e-220,0.0,0.0,0.0,0.0057677283781556584,unicycle
3.6282294794564773,-7.3285677852118205,1.765,0.0,0.0,-1.5497906618505548,0.4456877216252579,-1.741527179101287e-220,0.0,0.0,0.0,0.00574586932518988,unicycle
3.6284172123012652,-7.3374794287861285,1.765,0.0,0.0,-1.5496761863024626,0.44568103757982,-1.4811045740758708e-220,0.0,0.0,0.0,0.005723777404622315,unicycle
3.628605960440761,-7.346390914880517,1.765,0.0,0.0,-1.549562157226241,0.4456742374108815,-1.2581956825240693e-220,0.0,0.0,0.0,0.0057014538110775155,unicycle
3.6287957197933394,-7.355302241168307,1.765,0.0,0.0,-1.549448579231278,0.44566732240750734,-1.067682422901219e-220,0.0,0.0,0.0,0.005678899748161629,unicycle
3.6289864862363865,-7.364213405351219,1.765,0.0,0.0,-1.5493354569027098,0.44566029387674955,-9.050856736811596e-221,0.0,0.0,0.0,0.005656116428406163,unicycle
3.6291782556065453,-7.37312440515973,1.765,0.0,0.0,-1.5492227948012456,0.4456531531433801,-7.664985017480541e-221,0.0,0.0,0.0,0.0056331050732114476,unicycle
3.6293710236999615,-7.382035238353435,1.765,0.0,0.0,-1.5491105974629897,0.44564590154962114,-6.4852325531687025e-221,0.0,0.0,0.0,0.005609866912789788,unicycle
3.6295647862725344,-7.390945902721389,1.765,0.0,0.0,-1.5489988693992673,0.4456385404548719,-5.482131884557467e-221,0.0,0.0,0.0,0.005586403186108311,unicycle
3.6297595390401654,-7.399856396082463,1.765,0.0,0.0,-1.5488876150964506,0.4456310712354339,-4.630189392608753e-221,0.0,0.0,0.0,0.005562715140831499,unicycle
3.629955277679013,-7.408766716285675,1.765,0.0,0.0,-1.5487768390157854,0.44562349528423306,-3.907399374542128e-221,0.0,0.0,0.0,0.005538804033263396,unicycle
3.6301519978257435,-7.417676861210526,1.765,0.0,0.0,-1.5486665455932196,0.44561581401053957,-3.2948064598514203e-221,0.0,0.0,0.0,0.005514671128289541,unicycle
3.630349695077787,-7.42658682876733,1.765,0.0,0.0,-1.5485567392392332,0.445608028839685,-2.776114266515506e-221,0.0,0.0,0.0,0.005490317699318549,unicycle
3.6305483649935955,-7.4354966168975265,1.765,0.0,0.0,-1.5484474243386688,0.44560014121277763,-2.3373374745375883e-221,0.0,0.0,0.0,0.005465745028223404,unicycle
3.6307480030928985,-7.444406223574006,1.765,0.0,0.0,-1.548338605250563,0.44559215258641505,-1.9664940824312607e-221,0.0,0.0,0.0,0.005440954405282448,unicycle
3.630948604856964,-7.453315646801412,1.765,0.0,0.0,-1.5482302863079809,0.4455840644323947,-1.6533344267208358e-221,0.0,0.0,0.0,0.005415947129120045,unicycle
3.63115016572886,-7.462224884616445,1.765,0.0,0.0,-1.548122471817848,0.44557587823742223,-1.3891035195101024e-221,0.0,0.0,0.0,0.005390724506646948,unicycle
3.6313526811137145,-7.471133935088159,1.765,0.0,0.0,-1.5480151660607877,0.44556759550281777,-1.1663333450209084e-221,0.0,0.0,0.0,0.005365287853000354,unicycle
3.631556146378984,-7.480042796318253,1.765,0.0,0.0,-1.547908373290958,0.44555921774422014,-9.78661915322645e-222,0.0,0.0,0.0,0.0053396384914836574,unicycle
3.6317605568547124,-7.488951466441356,1.765,0.0,0.0,-1.5478020977358877,0.4455507464912891,-8.206760904244591e-222,0.0,0.0,0.0,0.005313777753505885,unicycle
3.6319659078338025,-7.497859943625296,1.765,0.0,0.0,-1.5476963435963176,0.4455421832874059,-6.877753980231022e-222,0.0,0.0,0.0,0.005287706978520828,unicycle
3.6321721945722807,-7.506768226071383,1.765,0.0,0.0,-1.5475911150460382,0.44553352968937143,-5.760543287041207e-222,0.0,0.0,0.0,0.005261427513965869,unicycle
3.632379412289569,-7.515676312014664,1.765,0.0,0.0,-1.5474864162317339,0.44552478726710304,-4.82200822829978e-222,0.0,0.0,0.0,0.005234940715200512,unicycle
3.632587556168752,-7.524584199724186,1.765,0.0,0.0,-1.5473822512728252,0.44551595760332935,-4.034088985482872e-222,0.0,0.0,0.0,0.0052082479454445985,unicycle
3.632796621356851,-7.5334918875032475,1.765,0.0,0.0,-1.5472786242613106,0.44550704229328353,-3.373035916168817e-222,0.0,0.0,0.0,0.005181350575716214,unicycle
3.6330066029650965,-7.5423993736896415,1.765,0.0,0.0,-1.5471755392616153,0.445498042944395,-2.8187658420328584e-222,0.0,0.0,0.0,0.0051542499847693005,unicycle
3.633217496069201,-7.551306656655897,1.765,0.0,0.0,-1.5470730003104345,0.44548896117597925,-2.354310899506222e-222,0.0,0.0,0.0,0.005126947559030965,unicycle
3.6334292957096364,-7.5602137348095075,1.765,0.0,0.0,-1.5469710114165838,0.4454797986189267,-1.965347358531966e-222,0.0,0.0,0.0,0.005099444692538491,unicycle
3.6336419968919085,-7.569120606593159,1.765,0.0,0.0,-1.5468695765608462,0.44547055691538956,-1.6397933797576178e-222,0.0,0.0,0.0,0.005071742786876034,unicycle
3.633855594586836,-7.578027270484946,1.765,0.0,0.0,-1.546768699695824,0.4454612377184674,-1.3674660836615394e-222,0.0,0.0,0.0,0.005043843251111027,unicycle
3.6340700837308275,-7.586933724998589,1.765,0.0,0.0,-1.5466683847457896,0.445451842691892,-1.1397895553677592e-222,0.0,0.0,0.0,0.005015747501730282,unicycle
3.634285459226164,-7.595839968683633,1.765,0.0,0.0,-1.546568635606538,0.4454423735097097,-9.495465169055594e-223,0.0,0.0,0.0,0.004987456962575796,unicycle
3.634501715941278,-7.60474600012565,1.765,0.0,0.0,-1.5464694561452426,0.44543283185596405,-7.906673759688604e-223,0.0,0.0,0.0,0.004958973064780263,unicycle
3.634718848711036,-7.613651817946431,1.765,0.0,0.0,-1.5463708502003086,0.44542321942437607,-6.580512186589096e-223,0.0,0.0,0.0,0.004930297246702277,unicycle
3.6349368523370207,-7.62255742080417,1.765,0.0,0.0,-1.5462728215812314,0.44541353791802407,-5.474140649221129e-223,0.0,0.0,0.0,0.004901430953861247,unicycle
3.635155721587816,-7.631462807393641,1.765,0.0,0.0,-1.546175374068454,0.4454037890490222,-4.551603606328729e-223,0.0,0.0,0.0,0.004872375638872002,unicycle
3.635375451199292,-7.640367976446375,1.765,0.0,0.0,-1.5460785114132265,0.4453939745381982,-3.782742500779603e-223,0.0,0.0,0.0,0.004843132761379137,unicycle
3.6355960358748924,-7.649272926730817,1.765,0.0,0.0,-1.5459822373374665,0.44538409611476987,-3.142276667710147e-223,0.0,0.0,0.0,0.004813703787991034,unicycle
3.6358174702972774,-7.6581776575102385,1.765,0.0,0.0,-1.5458865555390904,0.44537417841047666,-2.609027080443274e-223,0.0,0.0,0.0,0.004784089918826753,unicycle
3.636039749123471,-7.66708216833142,1.765,0.0,0.0,-1.5457914696893225,0.44536423548845344,-2.165261278831672e-223,0.0,0.0,0.0,0.004754292488387874,unicycle
3.6362628669726624,-7.675986458522656,1.765,0.0,0.0,-1.5456969834265524,0.44535425630448805,-1.7961410032692067e-223,0.0,0.0,0.0,0.004724313138513778,unicycle
3.636486818428103,-7.68489052726086,1.765,0.0,0.0,-1.545603100357012,0.445344233170625,-1.4892567902631623e-223,0.0,0.0,0.0,0.00469415347701899,unicycle
3.636711598038644,-7.693794373623269,1.765,0.0,0.0,-1.545509824055273,0.44533416098532475,-1.234236130533448e-223,0.0,0.0,0.0,0.004663815086974292,unicycle
3.63693720031999,-7.702697996627047,1.765,0.0,0.0,-1.5454171580645926,0.4453240366282029,-1.022413799721887e-223,0.0,0.0,0.0,0.004633299534001127,unicycle
3.6371636197557278,-7.711601395259417,1.765,0.0,0.0,-1.545325105897153,0.4453138584857403,-8.465546904065529e-224,0.0,0.0,0.0,0.0046026083719801665,unicycle
3.637390850798174,-7.720504568500371,1.765,0.0,0.0,-1.5452336710342032,0.44530362608099555,-7.006209420840093e-224,0.0,0.0,0.0,0.004571743147497047,unicycle
3.637618887869092,-7.729407515339637,1.765,0.0,0.0,-1.5451428569261374,0.44529333978571334,-5.795764179412648e-224,0.0,0.0,0.0,0.004540705403285026,unicycle
3.637847725360295,-7.738310234789183,1.765,0.0,0.0,-1.5450526669925204,0.44528300059754566,-4.792226439353126e-224,0.0,0.0,0.0,0.004509496680873172,unicycle
3.6380773576341725,-7.7472127258923,1.765,0.0,0.0,-1.5449631046220684,0.44527260996858364,-3.960612332909641e-224,0.0,0.0,0.0,0.004478118522607221,unicycle
3.6383077790241467,-7.756114987730057,1.765,0.0,0.0,-1.5448741731726052,0.4452621696742,-3.2717859085460565e-224,0.0,0.0,0.0,0.004446572473176747,unicycle
3.6385389838350854,-7.765017019425762,1.765,0.0,0.0,-1.5447858759709898,0.44525168171345286,-2.7014934654095464e-224,0.0,0.0,0.0,0.004414860080755265,unicycle
3.6387709663436762,-7.773918820147934,1.765,0.0,0.0,-1.5446982163130332,0.44524114823410377,-2.229555224046469e-224,0.0,0.0,0.0,0.004382982897838131,unicycle
3.6390037207987733,-7.782820389112144,1.765,0.0,0.0,-1.544611197463396,0.44523057147675177,-1.8391890830965447e-224,0.0,0.0,0.0,0.004350942481845593,unicycle
3.6392372414217244,-7.791721725582048,1.765,0.0,0.0,-1.544524822655485,0.4452199537337391,-1.516445193434405e-224,0.0,0.0,0.0,0.004318740395544317,unicycle
3.6394715224066827,-7.800622828869809,1.765,0.0,0.0,-1.5444390950913383,0.4452092973194078,-1.2497334482314544e-224,0.0,0.0,0.0,0.004286378207329416,unicycle
3.6397065579209094,-7.809523698336113,1.765,0.0,0.0,-1.5443540179415105,0.4451986045490208,-1.0294288320946303e-224,0.0,0.0,0.0,0.0042538574914000975,unicycle
3.639942342105069,-7.818424333389887,1.765,0.0,0.0,-1.544269594344953,0.44518787772424767,-8.47541973806753e-225,0.0,0.0,0.0,0.00422117982785479,unicycle
3.640178869073521,-7.8273247334878215,1.765,0.0,0.0,-1.5441858274088982,0.44517711912357605,-6.974442726902761e-225,0.0,0.0,0.0,0.004188346802725962,unicycle
3.6404161329146043,-7.836224898133781,1.765,0.0,0.0,-1.5441027202087387,0.44516633099637964,-5.736386757410453e-225,0.0,0.0,0.0,0.004155360007970312,unicycle
3.6406541276909294,-7.845124826878148,1.765,0.0,0.0,-1.5440202757879102,0.4451555155596611,-4.715686203889107e-225,0.0,0.0,0.0,0.004122221041426409,unicycle
3.6408928474396607,-7.854024519317136,1.765,0.0,0.0,-1.5439384971577754,0.4451446749967179,-3.8745886767325315e-225,0.0,0.0,0.0,0.004088931506749065,unicycle
3.6411322861728044,-7.862923975092102,1.765,0.0,0.0,-1.5438573872975088,0.44513381145715747,-3.1818296814215344e-225,0.0,0.0,0.0,0.004055493013327481,unicycle
3.6413724378774996,-7.8718231938888845,1.765,0.0,0.0,-1.5437769491539854,0.4451229270578279,-2.6115295790632177e-225,0.0,0.0,0.0,0.004021907176192519,unicycle
3.6416132965163013,-7.880722175437167,1.765,0.0,0.0,-1.543697185641667,0.44511202388433874,-2.1422760044416582e-225,0.0,0.0,0.0,0.003988175615917047,unicycle
3.641854856027478,-7.889620919509874,1.765,0.0,0.0,-1.543618099642497,0.4451011039929323,-1.7563609250759253e-225,0.0,0.0,0.0,0.003954299958512274,unicycle
3.642097110325298,-7.89851942592262,1.765,0.0,0.0,-1.543539694005791,0.4450901694125294,-1.4391465804791987e-225,0.0,0.0,0.0,0.0039202818353222405,unicycle
3.6423400533003263,-7.907417694533183,1.765,0.0,0.0,-1.5434619715481326,0.4450792221468247,-1.178538778763976e-225,0.0,0.0,0.0,0.003886122882917902,unicycle
3.6425836788197183,-7.916315725241035,1.765,0.0,0.0,-1.5433849350532727,0.4450682641763437,-9.645495780824618e-226,0.0,0.0,0.0,0.0038518247429918944,unicycle
3.6428279807275183,-7.925213517986906,1.765,0.0,0.0,-1.5433085872720276,0.4450572974604025,-7.889343529503457e-226,0.0,0.0,0.0,0.0038173890622546316,unicycle
3.6430729528449555,-7.9341110727523745,1.765,0.0,0.0,-1.5432329309221813,0.4450463239389338,-6.448907328790118e-226,0.0,0.0,0.0,0.0037828174923321594,unicycle
3.643318588970744,-7.943008389559508,1.765,0.0,0.0,-1.5431579686883878,0.4450353455341561,-5.2680898095900145e-226,0.0,0.0,0.0,0.003748111689666005,unicycle
3.6435648828813845,-7.951905468470518,1.765,0.0,0.0,-1.5430837032220797,0.44502436415207713,-4.300651187863922e-226,0.0,0.0,0.0,0.003713273315415079,unicycle
3.6438118283314647,-7.960802309587456,1.765,0.0,0.0,-1.5430101371413727,0.44501338168382953,-3.508495566704864e-226,0.0,0.0,0.0,0.0036783040353596482,unicycle
3.6440594190539635,-7.969698913051915,1.765,0.0,0.0,-1.542937273030977,0.4450024000068418,-2.8602520087073902e-226,0.0,0.0,0.0,0.0036432055198072862,unicycle
3.6443076487605537,-7.978595279044768,1.765,0.0,0.0,-1.542865113442107,0.44499142098585287,-2.330100217216572e-226,0.0,0.0,0.0,0.0036079794435006952,unicycle
3.644556511141907,-7.987491407785915,1.765,0.0,0.0,-1.5427936608923964,0.4449804464737795,-1.896799106938244e-226,0.0,0.0,0.0,0.003572627485527241,unicycle
3.6448059998680002,-7.9963872995340415,1.765,0.0,0.0,-1.542722917865812,0.44496947831244843,-1.5428835821008854e-226,0.0,0.0,0.0,0.0035371513292300383,unicycle
3.6450561085884194,-8.005282954586399,1.765,0.0,0.0,-1.5426528868125695,0.44495851833320493,-1.2540007045101244e-226,0.0,0.0,0.0,0.0035015526621204524,unicycle
3.645306830932669,-8.014178373278583,1.765,0.0,0.0,-1.5425835701490536,0.4449475683574089,-1.0183613177057687e-226,0.0,0.0,0.0,0.0034658331757918305,unicycle
3.645558160510478,-8.02307355598433,1.765,0.0,0.0,-1.5425149702577365,0.444936630196831,-8.262872588972585e-227,0.0,0.0,0.0,0.0034299945658343026,unicycle
3.6458100909121076,-8.031968503115314,1.765,0.0,0.0,-1.5424470894871014,0.44492570565395956,-6.698376729194733e-227,0.0,0.0,0.0,0.003394038531750532,unicycle
3.6460626157086593,-8.040863215120947,1.765,0.0,0.0,-1.5423799301515642,0.44491479652222793,-5.425007554770183e-227,0.0,0.0,0.0,0.003357966776872274,unicycle
3.6463157284523846,-8.049757692488182,1.765,0.0,0.0,-1.5423134945313988,0.4449039045861725,-4.3893959121447555e-227,0.0,0.0,0.0,0.0033217810082776145,unicycle
3.646569422676994,-8.058651935741324,1.765,0.0,0.0,-1.5422477848726648,0.4448930316215299,-3.5478269486948466e-227,0.0,0.0,0.0,0.0032854829367087984,unicycle
3.646823691897964,-8.067545945441836,1.765,0.0,0.0,-1.5421828033871348,0.4448821793952804,-2.864514770898578e-227,0.0,0.0,0.0,0.003249074276490523,unicycle
3.6470785296128496,-8.076439722188145,1.765,0.0,0.0,-1.5421185522522256,0.4448713496656459,-2.3101819564982494e-227,0.0,0.0,0.0,0.003212556745448618,unicycle
3.6473339293015927,-8.085333266615445,1.765,0.0,0.0,-1.542055033610929,0.4448605441820473,-1.8608906386017664e-227,0.0,0.0,0.0,0.0031759320648290456,unicycle
3.6475898844268317,-8.094226579395507,1.765,0.0,0.0,-1.5419922495717449,0.4448497646850283,-1.4970810935623757e-227,0.0,0.0,0.0,0.0031392019592171518,unicycle
3.6478463884342123,-8.103119661236473,1.765,0.0,0.0,-1.5419302022086157,0.44483901290614913,-1.2027814019223424e-227,0.0,0.0,0.0,0.003102368156457111,unicycle
3.648103434752697,-8.112012512882664,1.765,0.0,0.0,-1.5418688935608642,0.44482829056785583,-9.649580795089654e-228,0.0,0.0,0.0,0.003065432387571501,unicycle
3.648361016794876,-8.12090513511437,1.765,0.0,0.0,-1.5418083256331305,0.44481759938332727,-7.729828160883121e-228,0.0,0.0,0.0,0.0030283963866809794,unicycle
3.6486191279572795,-8.12979752874764,1.765,0.0,0.0,-1.5417485003953122,0.444806941056305,-6.181947967070454e-228,0.0,0.0,0.0,0.0029912618909240275,unicycle
3.648877761620685,-8.138689694634069,1.765,0.0,0.0,-1.5416894197825044,0.4447963172809076,-4.935416697918939e-228,0.0,0.0,0.0,0.00295403064037671,unicycle
3.649136911150428,-8.147581633660591,1.765,0.0,0.0,-1.5416310856949451,0.44478572974143266,-3.932851941140139e-228,0.0,0.0,0.0,0.0029167043779724407,unicycle
3.6493965698967146,-8.156473346749255,1.765,0.0,0.0,-1.541573499997957,0.4447751801121481,-3.127600501425469e-228,0.0,0.0,0.0,0.0028792848494217345,unicycle
3.6496567311949306,-8.16536483485699,1.765,0.0,0.0,-1.5415166645218943,0.4447646700570752,-2.4817632839325552e-228,0.0,0.0,0.0,0.0028417738031319166,unicycle
3.649917388365953,-8.174256098975384,1.765,0.0,0.0,-1.5414605810620918,0.4447542012297645,-1.9645788142645822e-228,0.0,0.0,0.0,0.0028041729901267837,unicycle
3.6501785347164595,-8.183147140130451,1.765,0.0,0.0,-1.5414052513788123,0.4447437752730662,-1.5511010799728083e-228,0.0,0.0,0.0,0.00276648416396621,unicycle
3.6504401635392383,-8.192037959382384,1.765,0.0,0.0,-1.541350677197199,0.44473339381889615,-1.2211187797308936e-228,0.0,0.0,0.0,0.0027287090806656644,unicycle
3.6507022681135,-8.200928557825314,1.765,0.0,0.0,-1.5412968602072268,0.4447230584879993,-9.582724684810108e-229,0.0,0.0,0.0,0.002690849498615645,unicycle
3.6509648417051874,-8.209818936587064,1.765,0.0,0.0,-1.5412438020636567,0.44471277088970995,-7.493338367871339e-229,0.0,0.0,0.0,0.002652907178501038,unicycle
3.6512278775672846,-8.218709096828887,1.765,0.0,0.0,-1.5411915043859925,0.444702532621711,-5.836177475883684e-229,0.0,0.0,0.0,0.002614883883220384,unicycle
3.6514913689401274,-8.227599039745213,1.765,0.0,0.0,-1.5411399687584362,0.44469234526979196,-4.5250291135404294e-229,0.0,0.0,0.0,0.0025767813778050513,unicycle
3.6517553090517128,-8.236488766563383,1.765,0.0,0.0,-1.5410891967298495,0.44468221040760686,-3.490414081314333e-229,0.0,0.0,0.0,0.0025386014293382916,unicycle
3.65201969111801,-8.24537827854338,1.765,0.0,0.0,-1.5410391898137124,0.4446721295964323,-2.676408249679155e-229,0.0,0.0,0.0,0.002500345806874224,unicycle
3.652284508343269,-8.254267576977544,1.765,0.0,0.0,-1.5409899494880852,0.444662104384926,-2.038057043095179e-229,0.0,0.0,0.0,0.0024620162813567266,unicycle
3.6525497539203298,-8.263156663190308,1.765,0.0,0.0,-1.540941477195574,0.4446521363088861,-1.539274044910684e-229,0.0,0.0,0.0,0.002423614625538216,unicycle
3.6528154210309323,-8.272045538537908,1.765,0.0,0.0,-1.540893774343296,0.44464222689101274,-1.1511344925131095e-229,0.0,0.0,0.0,0.002385142613898345,unicycle
3.653081502846023,-8.280934204408089,1.765,0.0,0.0,-1.540846842302845,0.4446323776406698,-8.50490652197471e-230,0.0,0.0,0.0,0.0023466020225626025,unicycle
3.6533479925260672,-8.289822662219812,1.765,0.0,0.0,-1.5408006824102607,0.44462259005364924,-6.188493716242703e-230,0.0,0.0,0.0,0.0023079946292208207,unicycle
3.6536148832213544,-8.298710913422962,1.765,0.0,0.0,-1.5407552959660002,0.4446128656119376,-4.414630210675461e-230,0.0,0.0,0.0,0.0022693222130455997,unicycle
3.6538821680723093,-8.307598959498028,1.765,0.0,0.0,-1.5407106842349079,0.4446032057834843,-3.065939788907693e-230,0.0,0.0,0.0,0.0022305865546106522,unicycle
3.654149840209796,-8.316486801955817,1.765,0.0,0.0,-1.5406668484461916,0.44459361202197206,-2.0492014289288407e-230,0.0,0.0,0.0,0.0021917894358090564,unicycle
3.65441789275543,-8.325374442337116,1.765,0.0,0.0,-1.5406237897933963,0.4445840857665904,-1.2905494650943732e-230,0.0,0.0,0.0,0.0021529326397714526,unicycle
3.6546863188218843,-8.334261882212397,1.765,0.0,0.0,-1.5405815094343807,0.4445746284418113,-7.316026540939903e-231,0.0,0.0,0.0,0.002114017950784151,unicycle
3.654955111513195,-8.343149123181478,1.765,0.0,0.0,-1.5405400084912966,0.44456524145716764,-3.263461170714175e-231,0.0,0.0,0.0,0.0020750471542071757,unicycle
3.6552242639250694,-8.3520361668732,1.765,0.0,0.0,-1.5404992880505686,0.4445559262070347,-3.862290942719933e-232,0.0,0.0,0.0,0.0020360220363922453,unicycle
3.6554937691451936,-8.360923014945099,1.765,0.0,0.0,-1.5404593491628769,0.44454668407041403,1.5988126368784315e-231,0.0,0.0,0.0,0.001996944384600682,unicycle
3.6557636202535364,-8.369809669083066,1.765,0.0,0.0,-1.5404201928431382,0.4445375164107206,2.9125482624318426e-231,0.0,0.0,0.0,0.0019578159869212885,unicycle
3.656033810322658,-8.378696131001012,1.765,0.0,0.0,-1.5403818200704944,0.4445284245755729,3.726554334952215e-231,0.0,0.0,0.0,0.0019186386321881563,unicycle
3.6563043324180144,-8.387582402440517,1.765,0.0,0.0,-1.5403442317882965,0.44451940989658645,4.1734571254788674e-231,0.0,0.0,0.0,0.0018794141098984354,unicycle
3.656575179598262,-8.39646848517048,1.765,0.0,0.0,-1.540307428904094,0.44451047368916974,4.35520138144928e-231,0.0,0.0,0.0,0.0018401442101300622,unicycle
3.6568463449155635,-8.405354380986777,1.765,0.0,0.0,-1.540271412289625,0.4445016172523236,4.349639245314052e-231,0.0,0.0,0.0,0.0018008307234594302,unicycle
3.657117821415893,-8.414240091711896,1.765,0.0,0.0,-1.5402361827808075,0.44449284186844457,4.2157699627040094e-231,0.0,0.0,0.0,0.001761475440879047,unicycle
3.6573896021393395,-8.423125619194575,1.765,0.0,0.0,-1.5402017411777333,0.4444841488031303,3.997897499876931e-231,0.0,0.0,0.0,0.0017220801537151686,unicycle
3.6576616801204103,-8.43201096530944,1.765,0.0,0.0,-1.5401680882446622,0.44447553930498923,3.7289216423775173e-231,0.0,0.0,0.0,0.0016826466535453876,unicycle
3.6579340483883356,-8.440896131956634,1.765,0.0,0.0,-1.5401352247100197,0.44446701460545307,3.4329363446115817e-231,0.0,0.0,0.0,0.0016431767321162334,unicycle
3.6582066999673715,-8.449781121061452,1.765,0.0,0.0,-1.5401031512663943,0.4444585759185928,3.12727523217004e-231,0.0,0.0,0.0,0.0016036721812607642,unicycle
3.6584796278771012,-8.45866593457395,1.765,0.0,0.0,-1.5400718685705377,0.44445022444093835,2.8241167457045025e-231,0.0,0.0,0.0,0.0015641347928160982,unicycle
3.6587528251327406,-8.467550574468582,1.765,0.0,0.0,-1.540041377243367,0.4444419613513015,2.5317392491412256e-231,0.0,0.0,0.0,0.0015245663585409716,unicycle
3.6590262847454365,-8.476435042743807,1.765,0.0,0.0,-1.5400116778699662,0.444433787810602,2.2554985206991512e-231,0.0,0.0,0.0,0.0014849686700333256,unicycle
3.659299999722569,-8.485319341421704,1.765,0.0,0.0,-1.5399827709995928,0.444425704961698,1.9985855992918277e-231,0.0,0.0,0.0,0.0014453435186478584,unicycle
3.6595739630680546,-8.494203472547579,1.765,0.0,0.0,-1.5399546571456846,0.444417713929219,1.7626113170797188e-231,0.0,0.0,0.0,0.0014056926954136085,unicycle
3.659848167782645,-8.50308743818958,1.765,0.0,0.0,-1.5399273367858657,0.44440981581940336,1.54805447852975e-231,0.0,0.0,0.0,0.0013660179909515736,unicycle
3.660122606864227,-8.511971240438289,1.765,0.0,0.0,-1.5399008103619578,0.44440201171993815,1.3546031140602867e-231,0.0,0.0,0.0,0.0013263211953923335,unicycle
3.6603972733081243,-8.52085488140633,1.765,0.0,0.0,-1.539875078279992,0.444394302699804,1.181412190060279e-231,0.0,0.0,0.0,0.0012866040982937017,unicycle
3.660672160107393,-8.529738363227965,1.765,0.0,0.0,-1.539850140910221,0.44438668980912277,1.0272963108058714e-231,0.0,0.0,0.0,0.001246868488558377,unicycle
3.6609472602531246,-8.538621688058681,1.765,0.0,0.0,-1.5398259985871336,0.4443791740790088,8.908720695321778e-232,0.0,0.0,0.0,0.0012071161543517155,unicycle
3.6612225667347404,-8.547504858074793,1.765,0.0,0.0,-1.5398026516094734,0.4443717565214242,7.706616075635393e-232,0.0,0.0,0.0,0.0011673488830194778,unicycle
3.661498072540293,-8.556387875473023,1.765,0.0,0.0,-1.5397801002402531,0.4443644381290375,6.651664696331003e-232,0.0,0.0,0.0,0.0011275684610056037,unicycle
3.6617737706567604,-8.565270742470085,1.765,0.0,0.0,-1.5397583447067775,0.4443572198750865,5.729188770845825e-232,0.0,0.0,0.0,0.0010877766737701067,unicycle
3.662049654070344,-8.574153461302275,1.765,0.0,0.0,-1.5397373852006635,0.4443501027132441,4.925159789307251e-232,0.0,0.0,0.0,0.0010479753057070565,unicycle
3.662325715766767,-8.58303603422504,1.765,0.0,0.0,-1.539717221877862,0.4443430875774887,4.2264140331696566e-232,0.0,0.0,0.0,0.0010081661400625102,unicycle
3.6626019487315644,-8.591918463512567,1.765,0.0,0.0,-1.5396978548586853,0.44433617538197767,3.620774539443107e-232,0.0,0.0,0.0,0.0009683509588525779,unicycle
3.6628783459503866,-8.600800751457351,1.765,0.0,0.0,-1.5396792842278295,0.4443293670209249,3.0971052519667178e-232,0.0,0.0,0.0,0.0009285315427815778,unicycle
3.6631549004092854,-8.609682900369767,1.765,0.0,0.0,-1.5396615100344062,0.44432266336848186,2.6453170406528578e-232,0.0,0.0,0.0,0.0008887096711602744,unicycle
3.6634316050950155,-8.618564912577643,1.765,0.0,0.0,-1.5396445322919696,0.4443160652786232,2.2563405269971605e-232,0.0,0.0,0.0,0.0008488871218241701,unicycle
3.6637084529953237,-8.62744679042583,1.765,0.0,0.0,-1.5396283509785484,0.4443095735850352,1.9220769545235025e-232,0.0,0.0,0.0,0.0008090656710518926,unicycle
3.663985437099243,-8.63632853627576,1.765,0.0,0.0,-1.539612966036679,0.4443031891010086,1.6353354692235676e-232,0.0,0.0,0.0,0.0007692470934836837,unicycle
3.664262550397386,-8.645210152505019,1.765,0.0,0.0,-1.539598377373438,0.44429691261933524,1.3897629539265573e-232,0.0,0.0,0.0,0.000729433162039992,unicycle
3.6645397858822366,-8.654091641506898,1.765,0.0,0.0,-1.5395845848604812,0.44429074491220844,1.179770853361934e-232,0.0,0.0,0.0,0.0006896256478401853,unicycle
3.664817136548441,-8.66297300568997,1.765,0.0,0.0,-1.5395715883340786,0.44428468673112714,1.0004621230691368e-232,0.0,0.0,0.0,0.0006498263201213483,unicycle
3.6650945953931,-8.671854247477627,1.765,0.0,0.0,-1.5395593875951554,0.44427873880680385,8.475604474815402e-233,0.0,0.0,0.0,0.0006100369461573244,unicycle
3.6653721554303864,-8.680735369766408,1.765,0.0,0.0,-1.5395479824108609,0.4442729247979344,7.173431308163097e-233,0.0,0.0,0.0,0.0005702592147160072,unicycle
3.665649809685223,-8.689616375713603,1.765,0.0,0.0,-1.5395373725138655,0.444267257740472,6.065785137042204e-233,0.0,0.0,0.0,0.000530494849761668,unicycle
3.6659275511778393,-8.698497268233579,1.765,0.0,0.0,-1.5395275576007057,0.44426172547472215,5.124683652672822e-233,0.0,0.0,0.0,0.0004907456579768764,unicycle
3.666205372926154,-8.70737805006443,1.765,0.0,0.0,-1.5395185373320783,0.44425631917717595,4.325954103328944e-233,0.0,0.0,0.0,0.0004510134313648158,unicycle
3.666483267947677,-8.716258723819227,1.765,0.0,0.0,-1.5395103113330781,0.4442510325890619,3.648759477744443e-233,0.0,0.0,0.0,0.000411299949992843,unicycle
3.666761229261034,-8.725139292025137,1.765,0.0,0.0,-1.539502879193395,0.4442458614098762,3.075173775671475e-233,0.0,0.0,0.0,0.0003716069841629137,unicycle
3.667039249887193,-8.734019757153044,1.765,0.0,0.0,-1.5394962404674726,0.44424080282220235,2.589803646727049e-233,0.0,0.0,0.0,0.0003319362961130769,unicycle
3.667317322850461,-8.742900121639755,1.765,0.0,0.0,-1.5394903946746457,0.44423585512078834,2.1794531462469285e-233,0.0,0.0,0.0,0.00029228964133983377,unicycle
3.6675954411792966,-8.75178038790444,1.765,0.0,0.0,-1.5394853412992535,0.44423101742422394,1.8328280888948304e-233,0.0,0.0,0.0,0.00025266876961407185,unicycle
3.6678735979069867,-8.76066055836062,1.765,0.0,0.0,-1.5394810797907386,0.4442262894518927,1.540276402199071e-233,0.0,0.0,0.0,0.00021307542575043514,unicycle
3.668151786072214,-8.769540635424715,1.765,0.0,0.0,-1.5394776095637348,0.44422167135236473,1.2935609358686975e-233,0.0,0.0,0.0,0.00017351135018068824,unicycle
3.6684299987195383,-8.778420621521983,1.765,0.0,0.0,-1.5394749299981474,0.44421716357220326,1.08566132553022e-233,0.0,0.0,0.0,0.00013397827937078414,unicycle
3.6687082288998227,-8.78730051909045,1.765,0.0,0.0,-1.539473040439225,0.4442127667564133,9.106017091657048e-234,0.0,0.0,0.0,9.447794611478924e-05,unicycle
3.668986469670602,-8.79618033058337,1.765,0.0,0.0,-1.5394719401976302,0.4442084816735697,7.633013271972292e-234,0.0,0.0,0.0,5.501207973229933e-05,unicycle
3.6692647140964234,-8.805060058470536,1.765,0.0,0.0,-1.5394716285495065,0.44420430916011255,6.394452855218545e-234,0.0,0.0,0.0,1.558240619081723e-05,unicycle
3.669542955249161,-8.813939705238802,1.765,0.0,0.0,-1.5394721047365432,0.44420025007945413,5.353730124996116e-234,0.0,0.0,0.0,-2.3809351829676482e-05,unicycle
3.6698211862083023,-8.822819273392014,1.765,0.0,0.0,-1.5394733679660417,0.4441963052924687,4.4798218735991675e-234,0.0,0.0,0.0,-6.316147491632201e-05,unicycle
3.6700994000612313,-8.83169876545051,1.765,0.0,0.0,-1.5394754174109804,0.4441924756366725,3.7464615299453847e-234,0.0,0.0,0.0,-0.00010247224693642076,unicycle
3.6703775899034983,-8.840578183950342,1.765,0.0,0.0,-1.5394782522100825,0.44418876191198786,3.131430470487889e-234,0.0,0.0,0.0,-0.00014173995507535422,unicycle
3.6706557488390783,-8.849457531442317,1.765,0.0,0.0,-1.53948187146788,0.4441851648714486,2.615950895738404e-234,0.0,0.0,0.0,-0.00018096288989258655,unicycle
3.670933869980633,-8.858336810490915,1.765,0.0,0.0,-1.539486274254788,0.4441816852155749,2.184166523635154e-234,0.0,0.0,0.0,-0.0002201393453906731,unicycle
3.671211946449767,-8.867216023673164,1.765,0.0,0.0,-1.5394914596071698,0.44417832358943266,1.822699043752844e-234,0.0,0.0,0.0,-0.00025926761909336846,unicycle
3.6714899713772793,-8.87609517357748,1.765,0.0,0.0,-1.5394974265274124,0.4441750805816244,1.5202697978933573e-234,0.0,0.0,0.0,-0.00029834601212977386,unicycle
3.671767937903421,-8.884974262802526,1.765,0.0,0.0,-1.5395041739839985,0.4441719567246357,1.267377511201324e-234,0.0,0.0,0.0,-0.00033737282932227167,unicycle
3.672045839178148,-8.893853293956075,1.765,0.0,0.0,-1.5395117009115842,0.44416895249610217,1.0560241041743386e-234,0.0,0.0,0.0,-0.0003763463792764904,unicycle
3.672323668361374,-8.902732269653953,1.765,0.0,0.0,-1.5395200062110737,0.44416606832067185,8.794816815797165e-235,0.0,0.0,0.0,-0.00041526497447214223,unicycle
3.6726014186232283,-8.91161119251897,1.765,0.0,0.0,-1.5395290887497006,0.44416330457222164,7.320947316428317e-235,0.0,0.0,0.0,-0.0004541269313538857,unicycle
3.672879083144311,-8.920490065179948,1.765,0.0,0.0,-1.5395389473611094,0.4441606615762513,6.0911239020500174e-235,0.0,0.0,0.0,-0.0004929305704214756,unicycle
3.6731566551159496,-8.929368890270768,1.765,0.0,0.0,-1.5395495808454358,0.4441581396123305,5.0654634174566464e-235,0.0,0.0,0.0,-0.0005316742163189144,unicycle
3.6734341277404576,-8.938247670429483,1.765,0.0,0.0,-1.539560987969394,0.44415573891651,4.2105055348921e-235,0.0,0.0,0.0,-0.0005703561979223488,unicycle
3.673711494231392,-8.947126408297462,1.765,0.0,0.0,-1.5395731674663624,0.4441534596836383,3.4981958077478045e-235,0.0,0.0,0.0,-0.0006089748484265587,unicycle
3.6739887478138127,-8.956005106518596,1.765,0.0,0.0,-1.539586118036471,0.4441513020695463,2.9050265112478728e-235,0.0,0.0,0.0,-0.0006475285054299213,unicycle
3.674265881724543,-8.964883767738524,1.765,0.0,0.0,-1.5395998383466913,0.4441492661930786,2.4113113980922585e-235,0.0,0.0,0.0,-0.0006860155110179338,unicycle
3.6745428892124274,-8.97376239460391,1.765,0.0,0.0,-1.5396143270309284,0.44414735213796,2.0005739911758642e-235,0.0,0.0,0.0,-0.0007244342118453261,unicycle
3.674819763538595,-8.982640989761755,1.765,0.0,0.0,-1.5396295826901127,0.44414555995449717,1.659032041435751e-235,0.0,0.0,0.0,-0.0007627829592167577,unicycle
3.6750964979767176,-8.99151955585873,1.765,0.0,0.0,-1.539645603892296,0.444143889661117,1.3751633600700781e-235,0.0,0.0,0.0,-0.000801060109166269,unicycle
3.6753730858132707,-9.000398095540554,1.765,0.0,0.0,-1.539662389172747,0.44414234124575136,1.1393404470552679e-235,0.0,0.0,0.0,-0.0008392640225355435,unicycle
3.675649520347796,-9.00927661145137,1.765,0.0,0.0,-1.539679937034048,0.4441409146670764,9.435232316514568e-236,0.0,0.0,0.0,-0.0008773930650510343,unicycle
3.6759257948931583,-9.018155106233168,1.765,0.0,0.0,-1.5396982459461959,0.4441396098556181,7.810008589796042e-236,0.0,0.0,0.0,-0.0009154456074000497,unicycle
3.6762019027758104,-9.027033582525224,1.765,0.0,0.0,-1.5397173143467018,0.44413842671473647,6.461748378804903e-236,0.0,0.0,0.0,-0.0009534200253059413,unicycle
3.6764778373360496,-9.035912042963536,1.765,0.0,0.0,-1.539737140640694,0.4441373651214994,5.343770423559814e-236,0.0,0.0,0.0,-0.000991314699602406,unicycle
3.6767535919282786,-9.04479049018031,1.765,0.0,0.0,-1.53975772320102,0.44413642492745814,4.417170608392769e-236,0.0,0.0,0.0,-0.001029128016306972,unicycle
3.6770291599212666,-9.053668926803422,1.765,0.0,0.0,-1.539779060368354,0.4441356059593354,3.6495423939787486e-236,0.0,0.0,0.0,-0.0010668583666937782,unicycle
3.677304534698404,-9.062547355455921,1.765,0.0,0.0,-1.5398011504513014,0.44413490801963557,3.0139048841322075e-236,0.0,0.0,0.0,-0.0011045041473656562,unicycle
3.677579709657965,-9.071425778755541,1.765,0.0,0.0,-1.539823991726508,0.4441343308871878,2.4878053600929117e-236,0.0,0.0,0.0,-0.0011420637603255796,unicycle
3.677854678213365,-9.0803041993142,1.765,0.0,0.0,-1.5398475824387687,0.444133874317629,2.0525683162875803e-236,0.0,0.0,0.0,-0.0011795356130475416,unicycle
3.678129433793415,-9.089182619737533,1.765,0.0,0.0,-1.5398719208011398,0.4441335380438358,1.6926674352845048e-236,0.0,0.0,0.0,-0.0012169181185468633,unicycle
3.6784039698425803,-9.09806104262442,1.765,0.0,0.0,-1.539897004995049,0.44413332177631165,1.3952006646894887e-236,0.0,0.0,0.0,-0.0012542096954499705,unicycle
3.678678279821238,-9.106939470566523,1.765,0.0,0.0,-1.5399228331704102,0.4441332252035357,1.1494517068641515e-236,0.0,0.0,0.0,-0.001291408768063686,unicycle
3.6789523572059295,-9.115817906147832,1.765,0.0,0.0,-1.539949403445739,0.44413324799227855,9.465238906565146e-237,0.0,0.0,0.0,-0.0013285137664440301,unicycle
3.679226195489618,-9.124696351944214,1.765,0.0,0.0,-1.5399767139082683,0.4441333897878903,7.790346371890666e-237,0.0,0.0,0.0,-0.0013655231264645665,unicycle
3.6794997881819405,-9.13357481052297,1.765,0.0,0.0,-1.5400047626140658,0.4441336502145646,6.40860622583791e-237,0.0,0.0,0.0,-0.0014024352898842872,unicycle
3.679773128809461,-9.1424532844424,1.765,0.0,0.0,-1.5400335475881544,0.4441340288755827,5.269253333507769e-237,0.0,0.0,0.0,-0.0014392487044150807,unicycle
3.680046210915924,-9.151331776251363,1.765,0.0,0.0,-1.54006306682463,0.44413452535354075,4.3302205099866433e-237,0.0,0.0,0.0,-0.0014759618237887575,unicycle
3.6803190280625073,-9.160210288488848,1.765,0.0,0.0,-1.5400933182867864,0.4441351392105633,3.5566643030849026e-237,0.0,0.0,0.0,-0.0015125731078236447,unicycle
3.6805915738280706,-9.16908882368355,1.765,0.0,0.0,-1.5401242999072362,0.4441358699885047,2.9197378381087605e-237,0.0,0.0,0.0,-0.001549081022490774,unicycle
3.6808638418094066,-9.177967384353447,1.765,0.0,0.0,-1.5401560095880353,0.4441367172091417,2.3955698144221728e-237,0.0,0.0,0.0,-0.001585484039979662,unicycle
3.681135825621491,-9.186845973005388,1.765,0.0,0.0,-1.5401884452008103,0.44413768037435813,1.9644154295243193e-237,0.0,0.0,0.0,-0.0016217806387636548,unicycle
3.6814075188977298,-9.195724592134672,1.765,0.0,0.0,-1.540221604586884,0.4441387589663235,1.6099506155801044e-237,0.0,0.0,0.0,-0.0016579693036648502,unicycle
3.6816789152902087,-9.20460324422464,1.765,0.0,0.0,-1.5402554855574027,0.44413995244766696,1.318685676289922e-237,0.0,0.0,0.0,-0.0016940485259186375,unicycle
3.6819500084699386,-9.213481931746271,1.765,0.0,0.0,-1.5402900858934674,0.44414126026164774,1.0794783527097173e-237,0.0,0.0,0.0,-0.0017300168032378018,unicycle
3.6822207921271017,-9.222360657157775,1.765,0.0,0.0,-1.5403254033462648,0.44414268183232314,8.831296467200345e-238,0.0,0.0,0.0,-0.0017658726398762092,unicycle
3.682491259971298,-9.2312394229042,1.765,0.0,0.0,-1.5403614356371986,0.4441442165647145,7.22048492844782e-238,0.0,0.0,0.0,-0.0018016145466920827,unicycle
3.6827614057317866,-9.240118231417027,1.765,0.0,0.0,-1.5403981804580227,0.4441458638449721,5.8997367946568724e-238,0.0,0.0,0.0,-0.0018372410412108456,unicycle
3.683031223157733,-9.248997085113785,1.765,0.0,0.0,-1.5404356354709763,0.44414762304054006,4.8174335195294214e-238,0.0,0.0,0.0,-0.001872750647687547,unicycle
3.68330070601845,-9.257875986397664,1.765,0.0,0.0,-1.5404737983089198,0.44414949350032046,3.931040440885573e-238,0.0,0.0,0.0,-0.0019081418971688554,unicycle
3.6835698481036383,-9.266754937657117,1.765,0.0,0.0,-1.540512666575471,0.4441514745548387,3.205525319061278e-238,0.0,0.0,0.0,-0.001943413327554609,unicycle
3.683838643223628,-9.275633941265491,1.765,0.0,0.0,-1.5405522378451442,0.4441535655164096,2.6120492899620617e-238,0.0,0.0,0.0,-0.0019785634836589545,unicycle
3.68410708520962,-9.284512999580649,1.765,0.0,0.0,-1.5405925096634894,0.4441557656793041,2.1268838078330434e-238,0.0,0.0,0.0,-0.0020135909172710456,unicycle
3.684375167913922,-9.29339211494458,1.765,0.0,0.0,-1.5406334795472338,0.44415807431991766,1.7305149777865416e-238,0.0,0.0,0.0,-0.0020484941872152937,unicycle
3.6846428852101902,-9.302271289683052,1.765,0.0,0.0,-1.540675144984422,0.44416049069694036,1.4069031994218283e-238,0.0,0.0,0.0,-0.002083271859411165,unicycle
3.6849102309936628,-9.311150526105223,1.765,0.0,0.0,-1.5407175034345606,0.4441630140515285,1.1428714749787585e-238,0.0,0.0,0.0,-0.002117922506932552,unicycle
3.6851771991813984,-9.320029826503287,1.765,0.0,0.0,-1.540760552328762,0.4441656436074783,9.27600258081392e-239,0.0,0.0,0.0,-0.002152444710066671,unicycle
3.6854437837125116,-9.328909193152112,1.765,0.0,0.0,-1.5408042890698894,0.4441683785714009,7.522104826948546e-239,0.0,0.0,0.0,-0.0021868370563725235,unicycle
3.685709978548406,-9.337788628308891,1.765,0.0,0.0,-1.5408487110327043,0.4441712181329005,6.094195423246524e-239,0.0,0.0,0.0,-0.0022210981407388966,unicycle
3.6859757776730087,-9.346668134212775,1.765,0.0,0.0,-1.5408938155640133,0.44417416146475386,4.932575920092235e-239,0.0,0.0,0.0,-0.002255226565441903,unicycle
3.6862411750930013,-9.355547713084542,1.765,0.0,0.0,-1.5409395999828173,0.44417720772309194,3.988337082867949e-239,0.0,0.0,0.0,-0.0022892209402020575,unicycle
3.686506164838054,-9.36442736712624,1.765,0.0,0.0,-1.5409860615804623,0.44418035604758427,3.221432385638059e-239,0.0,0.0,0.0,-0.002323079882240884,unicycle
3.686770740961053,-9.373307098520849,1.765,0.0,0.0,-1.5410331976207892,0.44418360556162506,2.5990916254774994e-239,0.0,0.0,0.0,-0.002356802016337055,unicycle
3.6870348975383336,-9.382186909431951,1.765,0.0,0.0,-1.5410810053402868,0.4441869553725216,2.094515258481594e-239,0.0,0.0,0.0,-0.002390385974882061,unicycle
3.6872986286699043,-9.391066802003385,1.765,0.0,0.0,-1.5411294819482455,0.44419040457168535,1.6858003221305026e-239,0.0,0.0,0.0,-0.0024238303979354225,unicycle
3.6875619284796795,-9.399946778358935,1.765,0.0,0.0,-1.5411786246269108,0.44419395223482466,1.355057317655587e-239,0.0,0.0,0.0,-0.0024571339332793924,unicycle
3.6878247911157023,-9.408826840601987,1.765,0.0,0.0,-1.5412284305316402,0.4441975974221404,1.08768447708834e-239,0.0,0.0,0.0,-0.002490295236473198,unicycle
3.6880872107503726,-9.417706990815232,1.765,0.0,0.0,-1.5412788967910582,0.444201339178523,8.717716798783241e-240,0.0,0.0,0.0,-0.0025233129709067888,unicycle
3.6883491815806697,-9.426587231060328,1.765,0.0,0.0,-1.541330020507215,0.44420517653375247,6.976111190436123e-240,0.0,0.0,0.0,-0.002556185807854109,unicycle
3.6886106978283766,-9.435467563377605,1.765,0.0,0.0,-1.5413817987557457,0.4442091085027,5.572958179076794e-240,0.0,0.0,0.0,-0.002588912426525889,unicycle
3.688871753740304,-9.444347989785747,1.765,0.0,0.0,-1.541434228586028,0.44421313408553226,4.443904079031035e-240,0.0,0.0,0.0,-0.0026214915141219387,unicycle
3.6891323435885117,-9.453228512281495,1.765,0.0,0.0,-1.5414873070213457,0.4442172522679172,3.536613139846621e-240,0.0,0.0,0.0,-0.002653921765882945,unicycle
3.6893924616705256,-9.462109132839347,1.765,0.0,0.0,-1.5415410310590483,0.4442214620212327,2.8085575517786166e-240,0.0,0.0,0.0,-0.0026862018851417763,unicycle
3.689652102309562,-9.470989853411265,1.765,0.0,0.0,-1.5415953976707157,0.44422576230277655,2.2252083531245917e-240,0.0,0.0,0.0,-0.0027183305833743134,unicycle
3.689911259854743,-9.479870675926389,1.765,0.0,0.0,-1.5416504038023209,0.4442301520559791,1.758555408009371e-240,0.0,0.0,0.0,-0.00275030658024975,unicycle
3.6901699286813168,-9.488751602290746,1.765,0.0,0.0,-1.5417060463743946,0.4442346302106176,1.3858973462553608e-240,0.0,0.0,0.0,-0.0027821286036803926,unicycle
3.69042810319087,-9.497632634386974,1.765,0.0,0.0,-1.5417623222821921,0.4442391956830323,1.0888528510452497e-240,0.0,0.0,0.0,-0.0028137953898709905,unicycle
3.6906857778115474,-9.506513774074044,1.765,0.0,0.0,-1.5418192283958594,0.4442438473763445,8.525533315343816e-241,0.0,0.0,0.0,-0.0028453056833675425,unicycle
3.6909429469982626,-9.515395023186992,1.765,0.0,0.0,-1.5418767615606013,0.4442485841806773,6.649841464889991e-241,0.0,0.0,0.0,-0.002876658237105588,unicycle
3.6911996052329132,-9.52427638353665,1.765,0.0,0.0,-1.54193491859685,0.44425340497337723,5.1644741648635025e-241,0.0,0.0,0.0,-0.0029078518124580083,unicycle
3.691455747024592,-9.53315785690939,1.765,0.0,0.0,-1.541993696300436,0.44425830861923804,3.991242956245915e-241,0.0,0.0,0.0,-0.0029388851792823095,unicycle
3.6917113669097987,-9.542039445066864,1.765,0.0,0.0,-1.5420530914427555,0.4442632939707261,3.067185505863358e-241,0.0,0.0,0.0,-0.002969757115967396,unicycle
3.69196645945265,-9.550921149745745,1.765,0.0,0.0,-1.542113100770945,0.44426835986820784,2.341665654020648e-241,0.0,0.0,0.0,-0.003000466409479834,unicycle
3.692221019245087,-9.559802972657497,1.765,0.0,0.0,-1.542173721008053,0.44427350514017877,1.7740157845865156e-241,0.0,0.0,0.0,-0.003031011855409595,unicycle
3.692475040907084,-9.568684915488117,1.765,0.0,0.0,-1.5422349488532134,0.44427872860349393,1.3316216671825073e-241,0.0,0.0,0.0,-0.0030613922580152854,unicycle
3.692728519086855,-9.577566979897902,1.765,0.0,0.0,-1.5422967809818189,0.44428402906360026,9.883680542063408e-242,0.0,0.0,0.0,-0.003091606430268866,unicycle
3.6929814484610595,-9.58644916752123,1.765,0.0,0.0,-1.5423592140456968,0.4442894053147701,7.233781962452186e-242,0.0,0.0,0.0,-0.0031216531938998496,unicycle
3.6932338237350044,-9.595331479966314,1.765,0.0,0.0,-1.5424222446732854,0.44429485614033654,5.1999264460195276e-242,0.0,0.0,0.0,-0.0031515313794389793,unicycle
3.69348563964285,-9.604213918814986,1.765,0.0,0.0,-1.5424858694698107,0.44430038031293023,3.6494271465623837e-242,0.0,0.0,0.0,-0.0031812398262613876,unicycle
3.693736890947812,-9.613096485622489,1.765,0.0,0.0,-1.5425500850174632,0.44430597659471754,2.476821805382513e-242,0.0,0.0,0.0,-0.0032107773826292357,unicycle
3.693987572442359,-9.62197918191725,1.765,0.0,0.0,-1.542614887875578,0.4443116437376398,1.5984748298863021e-242,0.0,0.0,0.0,-0.003240142905733824,unicycle
3.6942376789484164,-9.63086200920069,1.765,0.0,0.0,-1.5426802745808128,0.44431738048365443,9.482222419798505e-243,0.0,0.0,0.0,-0.003269335261737179,unicycle
3.6944872053175613,-9.63974496894701,1.765,0.0,0.0,-1.5427462416473288,0.4443231855649769,4.738621468996177e-243,0.0,0.0,0.0,-0.0032983533258131217,unicycle
3.6947361464312225,-9.648628062602992,1.765,0.0,0.0,-1.5428127855669727,0.44432905770432424,1.3433007949178742e-243,0.0,0.0,0.0,-0.003327195982187814,unicycle
3.694984497200875,-9.65751129158782,1.765,0.0,0.0,-1.5428799028094562,0.4443349956151597,-1.0257143492004782e-243,0.0,0.0,0.0,-0.0033558621241797713,unicycle
3.6952322525682346,-9.666394657292885,1.765,0.0,0.0,-1.5429475898225409,0.44434099800193827,-2.6199529775101615e-243,0.0,0.0,0.0,-0.0033843506542393428,unicycle
3.6954794075054527,-9.675278161081607,1.765,0.0,0.0,-1.5430158430322205,0.4443470635603537,-3.635104658640219e-243,0.0,0.0,0.0,-0.003412660483987682,unicycle
3.6957259570153087,-9.684161804289255,1.765,0.0,0.0,-1.5430846588429055,0.44435319097758624,-4.222707567433982e-243,0.0,0.0,0.0,-0.0034407905342551753,unicycle
3.6959718961314003,-9.693045588222786,1.765,0.0,0.0,-1.543154033637608,0.44435937893255173,-4.499485446309348e-243,0.0,0.0,0.0,-0.0034687397351193436,unicycle
3.6962172199183345,-9.701929514160664,1.765,0.0,0.0,-1.5432239637781269,0.44436562609615143,-4.5547927785853116e-243,0.0,0.0,0.0,-0.003496507025942217,unicycle
3.696461923484559,-9.710813583811294,1.765,0.0,0.0,-1.5432944456023914,0.4443719540690905,-4.456539773713694e-243,0.0,0.0,0.0,-0.003524091213241312,unicycle
3.6967060019766187,-9.719697799100997,1.765,0.0,0.0,-1.543365475425931,0.44437837384740075,-4.2558974984382116e-243,0.0,0.0,0.0,-0.0035514911769874086,unicycle
3.696949450565487,-9.728582161670804,1.765,0.0,0.0,-1.5434370495451646,0.44438487125732523,-3.991025626623456e-243,0.0,0.0,0.0,-0.003578705961684533,unicycle
3.6971922644486437,-9.737466672943407,1.765,0.0,0.0,-1.5435091642371934,0.44439143547411547,-3.690018343509674e-243,0.0,0.0,0.0,-0.003605734601450758,unicycle
3.697434438851709,-9.746351334174694,1.765,0.0,0.0,-1.543581815759686,0.44439805825121215,-3.3732258995509914e-243,0.0,0.0,0.0,-0.0036325761246305175,unicycle
3.6976759690297376,-9.755236146493178,1.765,0.0,0.0,-1.5436550003508338,0.4444047333143259,-3.0550785078431566e-243,0.0,0.0,0.0,-0.003659229557398065,unicycle
3.6979168502682374,-9.764121110929942,1.765,0.0,0.0,-1.5437287142293654,0.44441145588674946,-2.7455143644862426e-243,0.0,0.0,0.0,-0.0036856939265691785,unicycle
3.6981570778839776,-9.773006228441151,1.765,0.0,0.0,-1.543802953594601,0.4444182223188826,-2.451093439059597e-243,0.0,0.0,0.0,-0.0037119682617919934,unicycle
3.6983966472256355,-9.781891499924846,1.765,0.0,0.0,-1.5438777146265463,0.4444250298003235,-2.1758624324815782e-243,0.0,0.0,0.0,-0.0037380515972514194,unicycle
3.6986355536743156,-9.790776926233256,1.765,0.0,0.0,-1.5439529934860063,0.4444318761372078,-1.9220231983385158e-243,0.0,0.0,0.0,-0.003763942972992829,unicycle
3.69887379264397,-9.799662508181708,1.765,0.0,0.0,-1.5440287863147255,0.44443875958096823,-1.690446374009468e-243,0.0,0.0,0.0,-0.0037896414359481242,unicycle
3.6991113595817464,-9.808548246554903,1.765,0.0,0.0,-1.5441050892355404,0.4444456786974909,-1.4810634836192907e-243,0.0,0.0,0.0,-0.0038151460407294824,unicycle
3.6993482499682804,-9.817434142111223,1.765,0.0,0.0,-1.5441818983525453,0.4444526322679003,-1.2931639609404515e-243,0.0,0.0,0.0,-0.003840455850241964,unicycle
3.6995844593179403,-9.826320195585545,1.765,0.0,0.0,-1.5442592097512682,0.4444596192140131,-1.1256180759029161e-243,0.0,0.0,0.0,-0.003865569936155196,unicycle
3.6998199831790477,-9.835206407690938,1.765,0.0,0.0,-1.5443370194988537,0.44446663854294866,-9.770423728861735e-244,0.0,0.0,0.0,-0.003890487379265621,unicycle
3.7000548171340664,-9.844092779119563,1.765,0.0,0.0,-1.544415323644249,0.4444736893065435,-8.459207312376931e-244,0.0,0.0,0.0,-0.003915207269773951,unicycle
3.7002889567997808,-9.852979310542981,1.765,0.0,0.0,-1.544494118218399,0.44448077057214136,-7.306913673669933e-244,0.0,0.0,0.0,-0.003939728707497125,unicycle
3.700522397827458,-9.861866002612055,1.765,0.0,0.0,-1.5445733992344397,0.44448788140206624,-6.298078748038072e-244,0.0,0.0,0.0,-0.003964050802029816,unicycle
3.7007551359030013,-9.870752855956564,1.765,0.0,0.0,-1.544653162687897,0.44449502083967324,-5.4178063179808414e-244,0.0,0.0,0.0,-0.003988172672867241,unicycle
3.7009871667470993,-9.879639871184652,1.765,0.0,0.0,-1.544733404556887,0.44450218790033597,-4.6520350492969594e-244,0.0,0.0,0.0,-0.004012093449498396,unicycle
3.701218486115369,-9.888527048882159,1.765,0.0,0.0,-1.5448141208023165,0.4445093815660968,-3.987696688132705e-244,0.0,0.0,0.0,-0.00403581227147683,unicycle
3.7014490897984973,-9.897414389611901,1.765,0.0,0.0,-1.544895307368086,0.44451660078299765,-3.412794875234974e-244,0.0,0.0,0.0,-0.004059328288474471,unicycle
3.701678973622379,-9.906301893912948,1.765,0.0,0.0,-1.5449769601812924,0.44452384446033577,-2.9164271549988948e-244,0.0,0.0,0.0,-0.004082640660322727,unicycle
3.7019081334482564,-9.915189562299883,1.765,0.0,0.0,-1.5450590751524333,0.44453111147127145,-2.4887673637545008e-244,0.0,0.0,0.0,-0.004105748557044141,unicycle
3.7021365651728564,-9.924077395262131,1.765,0.0,0.0,-1.545141648175611,0.4445384006543513,-2.1210213687637112e-244,0.0,0.0,0.0,-0.004128651158877115,unicycle
3.7023642647285273,-9.932965393263299,1.765,0.0,0.0,-1.545224675128737,0.44454571081562166,-1.8053658518734937e-244,0.0,0.0,0.0,-0.004151347656295615,unicycle
3.702591228083376,-9.941853556740586,1.765,0.0,0.0,-1.545308151873737,0.4445530407310919,-1.534877293867476e-244,0.0,0.0,0.0,-0.004173837250025299,unicycle
3.702817451241408,-9.950741886104232,1.765,0.0,0.0,-1.5453920742567584,0.44456038914937107,-1.3034563608445108e-244,0.0,0.0,0.0,-0.00419611915105717,unicycle
3.703042930242658,-9.95963038173703,1.765,0.0,0.0,-1.5454764381083719,0.444567754794352,-1.1057513976948081e-244,0.0,0.0,0.0,-0.004218192580659544,unicycle
3.703267661163333,-9.968519043993888,1.765,0.0,0.0,-1.5455612392437794,0.44457513636785634,-9.370835966793523e-245,0.0,0.0,0.0,-0.004240056770388951,unicycle
3.703491640115945,-9.977407873201445,1.765,0.0,0.0,-1.5456464734630218,0.44458253255217994,-7.933755524221385e-245,0.0,0.0,0.0,-0.004261710962100407,unicycle
3.7037148632494494,-9.986296869657727,1.765,0.0,0.0,-1.545732136551181,0.4445899420125019,-6.7108427584869365e-245,0.0,0.0,0.0,-0.0042831544079573345,unicycle
3.703937326749381,-9.995186033631857,1.765,0.0,0.0,-1.5458182242785898,0.44459736339913547,-5.6713926939909175e-245,0.0,0.0,0.0,-0.004304386370441362,unicycle
3.7041590268379863,-10.004075365363802,1.765,0.0,0.0,-1.5459047324010375,0.4446047953496109,-4.788859253202769e-245,0.0,0.0,0.0,-0.004325406122362138,unicycle
3.7043799597743607,-10.012964865064163,1.765,0.0,0.0,-1.5459916566599752,0.44461223649058745,-4.040342674495416e-245,0.0,0.0,0.0,-0.004346212946867262,unicycle
3.7046001218545834,-10.021854532913993,1.765,0.0,0.0,-1.5460789927827245,0.444619685439599,-3.4061289071926294e-245,0.0,0.0,0.0,-0.00436680613745233,unicycle
3.704819509411849,-10.030744369064662,1.765,0.0,0.0,-1.5461667364826834,0.4446271408066408,-2.869278429874588e-245,0.0,0.0,0.0,-0.004387184997971147,unicycle
3.7050381188165984,-10.039634373637725,1.765,0.0,0.0,-1.5462548834595364,0.4446346011956063,-2.4152612624288932e-245,0.0,0.0,0.0,-0.004407348842646097,unicycle
3.705255946476653,-10.048524546724845,1.765,0.0,0.0,-1.5463434293994578,0.4446420652055868,-2.0316345755312673e-245,0.0,0.0,0.0,-0.004427296996078642,unicycle
3.705472988837341,-10.057414888387719,1.765,0.0,0.0,-1.546432369975323,0.4446495314320435,-1.7077591571798007e-245,0.0,0.0,0.0,-0.0044470287932599235,unicycle
3.705689242381632,-10.066305398658033,1.765,0.0,0.0,-1.5465217008469148,0.4446569984678665,-1.4345510089328536e-245,0.0,0.0,0.0,-0.004466543579581421,unicycle
3.7059047036302584,-10.075196077537441,1.765,0.0,0.0,-1.5466114176611319,0.44466446490432965,-1.2042644648831801e-245,0.0,0.0,0.0,-0.00448584071084565,unicycle
3.7061193691418453,-10.084086924997552,1.765,0.0,0.0,-1.5467015160521975,0.4446719293319539,-1.010303416819502e-245,0.0,0.0,0.0,-0.004504919553276835,unicycle
3.7063332355130343,-10.092977940979937,1.765,0.0,0.0,-1.5467919916418682,0.44467939034128845,-8.470574617897221e-246,0.0,0.0,0.0,-0.004523779483531536,unicycle
3.706546299378608,-10.101869125396156,1.765,0.0,0.0,-1.5468828400396426,0.44468684652361956,-7.097600431272834e-246,0.0,0.0,0.0,-0.00454241988870918,unicycle
3.7067585574116118,-10.11076047812779,1.765,0.0,0.0,-1.54697405684297,0.4446942964716153,-5.943659183772109e-246,0.0,0.0,0.0,-0.004560840166362457,unicycle
3.7069700063234734,-10.119651999026486,1.765,0.0,0.0,-1.54706563763746,0.4447017387799145,-4.974455472516575e-246,0.0,0.0,0.0,-0.004579039724507551,unicycle
3.707180642864124,-10.128543687914016,1.765,0.0,0.0,-1.5471575779970925,0.4447091720456658,-4.1609424283381587e-246,0.0,0.0,0.0,-0.004597017981634182,unicycle
3.707390463822114,-10.13743554458235,1.765,0.0,0.0,-1.5472498734844269,0.44471659486902443,-3.4785416527288717e-246,0.0,0.0,0.0,-0.004614774366715405,unicycle
3.70759946602473,-10.146327568793728,1.765,0.0,0.0,-1.5473425196508115,0.44472400585361077,-2.906474565321868e-246,0.0,0.0,0.0,-0.004632308319217154,unicycle
3.707807646338111,-10.155219760280744,1.765,0.0,0.0,-1.5474355120365935,0.4447314036069365,-2.42719016056628e-246,0.0,0.0,0.0,-0.004649619289107517,unicycle
3.7080150016673565,-10.164112118746452,1.765,0.0,0.0,-1.5475288461713308,0.44473878674080247,-2.0258760015434906e-246,0.0,0.0,0.0,-0.004666706736865683,unicycle
3.708221528956643,-10.173004643864457,1.765,0.0,0.0,-1.5476225175740006,0.444746153871671,-1.6900409274236085e-246,0.0,0.0,0.0,-0.004683570133490584,unicycle
3.708427225189329,-10.181897335279032,1.765,0.0,0.0,-1.547716521753211,0.4447535036210176,-1.4091594263548155e-246,0.0,0.0,0.0,-0.00470020896050919,unicycle
3.7086320873880663,-10.190790192605228,1.765,0.0,0.0,-1.5478108542074105,0.4447608346156634,-1.1743689379237215e-246,0.0,0.0,0.0,-0.004716622709984441,unicycle
3.7088361126149056,-10.199683215428998,1.765,0.0,0.0,-1.5479055104251012,0.4447681454880916,-9.782125106649147e-247,0.0,0.0,0.0,-0.004732810884522813,unicycle
3.709039297971398,-10.208576403307331,1.765,0.0,0.0,-1.5480004858850465,0.44477543487674953,-8.144202631392184e-247,0.0,0.0,0.0,-0.004748772997281493,unicycle
3.709241640598701,-10.217469755768386,1.765,0.0,0.0,-1.548095776056486,0.44478270142633797,-6.777239946934807e-247,0.0,0.0,0.0,-0.004764508571975159,unicycle
3.709443137677679,-10.226363272311627,1.765,0.0,0.0,-1.5481913763993433,0.4447899437880902,-5.637000767252141e-247,0.0,0.0,0.0,-0.004780017142882362,unicycle
3.7096437864290004,-10.235256952407974,1.765,0.0,0.0,-1.5482872823644407,0.44479716062004154,-4.686364390966961e-247,0.0,0.0,0.0,-0.004795298254851491,unicycle
3.7098435841132362,-10.244150795499962,1.765,0.0,0.0,-1.548383489393707,0.44480435058729006,-3.8942006051830436e-247,0.0,0.0,0.0,-0.004810351463306316,unicycle
3.7100425280309572,-10.25304480100188,1.765,0.0,0.0,-1.5484799929203923,0.44481151236225003,-3.234418866418882e-247,0.0,0.0,0.0,-0.004825176334251108,unicycle
3.710240615522827,-10.261938968299958,1.765,0.0,0.0,-1.5485767883692778,0.44481864462489873,-2.6851654476946184e-247,0.0,0.0,0.0,-0.004839772444275322,unicycle
3.710437843969693,-10.270833296752507,1.765,0.0,0.0,-1.5486738711568888,0.444825746063018,-2.228146080905577e-247,0.0,0.0,0.0,-0.004854139380557855,unicycle
3.7106342107926777,-10.279727785690111,1.765,0.0,0.0,-1.548771236691706,0.44483281537242947,-1.8480549294058964e-247,0.0,0.0,0.0,-0.00486827674087086,unicycle
3.710829713453267,-10.288622434415801,1.765,0.0,0.0,-1.5488688803743778,0.4448398512572257,-1.5320935662030295e-247,0.0,0.0,0.0,-0.004882184133583131,unicycle
3.7110243494533965,-10.297517242205235,1.765,0.0,0.0,-1.548966797597931,0.4448468524299966,-1.2695660695527125e-247,0.0,0.0,0.0,-0.004895861177663033,unicycle
3.7112181163355378,-10.30641220830688,1.765,0.0,0.0,-1.5490649837479846,0.444853817612052,-1.0515384341206338e-247,0.0,0.0,0.0,-0.004909307502680994,unicycle
3.7114110116827805,-10.315307331942208,1.765,0.0,0.0,-1.5491634342029605,0.4448607455336405,-8.70552279797564e-248,0.0,0.0,0.0,-0.004922522748811543,unicycle
3.7116030331189136,-10.324202612305891,1.765,0.0,0.0,-1.5492621443342973,0.4448676349341648,-7.203843633814235e-248,0.0,0.0,0.0,-0.004935506566834906,unicycle
3.7117941783085038,-10.333098048566004,1.765,0.0,0.0,-1.5493611095066604,0.44487448456239365,-5.958446970464881e-248,0.0,0.0,0.0,-0.00494825861813817,unicycle
3.711984444956974,-10.341993639864224,1.765,0.0,0.0,-1.5494603250781545,0.4448812931766704,-4.926071834656658e-248,0.0,0.0,0.0,-0.004960778574715982,unicycle
3.71217383081068,-10.350889385316037,1.765,0.0,0.0,-1.549559786400538,0.4448880595451195,-4.070676181149565e-248,0.0,0.0,0.0,-0.004973066119170816,unicycle
3.7123623336569826,-10.359785284010963,1.765,0.0,0.0,-1.5496594888194324,0.44489478244584896,-3.3622470845926774e-248,0.0,0.0,0.0,-0.004985120944712778,unicycle
3.7125499513243194,-10.368681335012756,1.765,0.0,0.0,-1.5497594276745355,0.44490146066715097,-2.775804379434987e-248,0.0,0.0,0.0,-0.004996942755158969,unicycle
3.712736681682276,-10.377577537359642,1.765,0.0,0.0,-1.5498595982998342,0.44490809300769907,-2.2905667770222213e-248,0.0,0.0,0.0,-0.005008531264932422,unicycle
3.712922522641653,-10.386473890064527,1.765,0.0,0.0,-1.5499599960238153,0.4449146782767432,-1.8892543588943406e-248,0.0,0.0,0.0,-0.0050198861990605765,unicycle
3.7131074721545336,-10.395370392115247,1.765,0.0,0.0,-1.5500606161696786,0.4449212152943019,-1.5575054659694863e-248,0.0,0.0,0.0,-0.005031007293173322,unicycle
3.7132915282143464,-10.40426704247478,1.765,0.0,0.0,-1.5501614540555484,0.4449277028913521,-1.283389486879841e-248,0.0,0.0,0.0,-0.005041894293500585,unicycle
3.713474688855928,-10.4131638400815,1.765,0.0,0.0,-1.5502625049946859,0.4449341399100159,-1.0569999911645463e-248,0.0,0.0,0.0,-0.005052546956869491,unicycle
3.7136569521555853,-10.422060783849412,1.765,0.0,0.0,-1.5503637642957,0.4449405252037453,-8.701151363176057e-249,0.0,0.0,0.0,-0.0050629650507010866,unicycle
3.7138383162311506,-10.43095787266839,1.765,0.0,0.0,-1.55046522726276,0.4449468576375038,-7.159143718021928e-249,0.0,0.0,0.0,-0.005073148353006613,unicycle
3.7140187792420414,-10.439855105404433,1.765,0.0,0.0,-1.5505668891958078,0.44495313608794657,-5.887422277041855e-249,0.0,0.0,0.0,-0.005083096652383357,unicycle
3.7141983393893145,-10.44875248089992,1.765,0.0,0.0,-1.550668745390768,0.44495935944359677,-4.839114614590071e-249,0.0,0.0,0.0,-0.005092809748010066,unicycle
3.714376994915717,-10.457649997973853,1.765,0.0,0.0,-1.550770791139761,0.44496552660502015,-3.9753908619381483e-249,0.0,0.0,0.0,-0.005102287449641916,unicycle
3.714554744105739,-10.466547655422133,1.765,0.0,0.0,-1.5508730217313131,0.4449716364849967,-3.264098553222244e-249,0.0,0.0,0.0,-0.005111529577605078,unicycle
3.7147315852856613,-10.475445452017812,1.765,0.0,0.0,-1.5509754324505691,0.4449776880086899,-2.6786266119326603e-249,0.0,0.0,0.0,-0.005120535962790834,unicycle
3.714907516823603,-10.484343386511362,1.765,0.0,0.0,-1.551078018579502,0.4449836801138134,-2.1969604717053483e-249,0.0,0.0,0.0,-0.005129306446649256,unicycle
3.715082537129567,-10.49324145763095,1.765,0.0,0.0,-1.5511807753971254,0.44498961175079504,-1.8008965480194453e-249,0.0,0.0,0.0,-0.005137840881182487,unicycle
3.7152566446554807,-10.502139664082703,1.765,0.0,0.0,-1.551283698179704,0.4449954818829384,-1.4753894959775032e-249,0.0,0.0,0.0,-0.005146139128937588,unicycle
3.7154298378952397,-10.511038004550986,1.765,0.0,0.0,-1.5513867822009642,0.4450012894865813,-1.2080100630522077e-249,0.0,0.0,0.0,-0.005154201062998957,unicycle
3.7156021153847445,-10.519936477698682,1.765,0.0,0.0,-1.5514900227323039,0.4450070335512522,-9.884950091234864e-250,0.0,0.0,0.0,-0.005162026566980328,unicycle
3.71577347570194,-10.528835082167484,1.765,0.0,0.0,-1.5515934150430042,0.4450127130798238,-8.083736328609841e-250,0.0,0.0,0.0,-0.005169615535016365,unicycle
3.715943917466849,-10.53773381657817,1.765,0.0,0.0,-1.5516969544004393,0.4450183270886637,-6.606580092599905e-250,0.0,0.0,0.0,-0.005176967871753828,unicycle
3.716113439341604,-10.546632679530894,1.765,0.0,0.0,-1.5518006360702863,0.44502387460778253,-5.395861885551953e-250,0.0,0.0,0.0,-0.005184083492342329,unicycle
3.7162820400304817,-10.555531669605484,1.765,0.0,0.0,-1.5519044553167347,0.4450293546809794,-4.404093996959759e-250,0.0,0.0,0.0,-0.005190962322424679,unicycle
3.71644971827993,-10.564430785361733,1.765,0.0,0.0,-1.5520084074026974,0.4450347663659846,-3.592157991665276e-250,0.0,0.0,0.0,-0.005197604298126815,unicycle
3.7166164728785946,-10.573330025339692,1.765,0.0,0.0,-1.5521124875900187,0.4450401087345994,-2.927845561682998e-250,0.0,0.0,0.0,-0.005204009366047322,unicycle
3.7167823026573448,-10.582229388059982,1.765,0.0,0.0,-1.552216691139684,0.4450453808728336,-2.3846510836638315e-250,0.0,0.0,0.0,-0.005210177483246565,unicycle
3.716947206489298,-10.59112887202409,1.765,0.0,0.0,-1.5523210133120289,0.445050581881039,-1.9407729237889367e-250,0.0,0.0,0.0,-0.005216108617235388,unicycle
3.7171111832898376,-10.600028475714677,1.765,0.0,0.0,-1.552425449366948,0.44505571087404205,-1.5782877835094567e-250,0.0,0.0,0.0,-0.005221802745963427,unicycle
3.7172742320166354,-10.608928197595889,1.765,0.0,0.0,-1.5525299945641042,0.44506076698127195,-1.2824684210648287e-250,0.0,0.0,0.0,-0.005227259857807023,unicycle
3.7174363516696673,-10.617828036113664,1.765,0.0,0.0,-1.5526346441631356,0.4450657493468865,-1.04122011457422e-250,0.0,0.0,0.0,-0.005232479951556728,unicycle
3.7175975412912265,-10.626727989696052,1.765,0.0,0.0,-1.5527393934238636,0.4450706571298955,-8.446154197265423e-251,0.0,0.0,0.0,-0.005237463036404419,unicycle
3.717757799965941,-10.635628056753529,1.765,0.0,0.0,-1.5528442376065021,0.4450754895042807,-6.845102584806966e-251,0.0,0.0,0.0,-0.005242209131930015,unicycle
3.7179171268207796,-10.644528235679315,1.765,0.0,0.0,-1.552949171971864,0.4450802456591128,-5.542272716535982e-251,0.0,0.0,0.0,-0.005246718268087799,unicycle
3.7180755210250642,-10.653428524849698,1.765,0.0,0.0,-1.5530541917815677,0.4450849247986664,-4.4829477556644876e-251,0.0,0.0,0.0,-0.00525099048519235,unicycle
3.7182329817904765,-10.662328922624354,1.765,0.0,0.0,-1.5531592922982456,0.44508952614253117,-3.622316627108362e-251,0.0,0.0,0.0,-0.005255025833904095,unicycle
3.7183895083710605,-10.671229427346681,1.765,0.0,0.0,-1.5532644687857498,0.4450940489257204,-2.9237024688811745e-251,0.0,0.0,0.0,-0.00525882437521445,unicycle
3.7185451000632286,-10.680130037344115,1.765,0.0,0.0,-1.553369716509358,0.44509849239877647,-2.3571043139335995e-251,0.0,0.0,0.0,-0.005262386180430595,unicycle
3.7186997562057607,-10.689030750928474,1.765,0.0,0.0,-1.5534750307359813,0.4451028558278736,-1.8979972204684434e-251,0.0,0.0,0.0,-0.005265711331159854,unicycle
3.7188534761798024,-10.697931566396278,1.765,0.0,0.0,-1.5535804067343673,0.4451071384949175,-1.5263455481686866e-251,0.0,0.0,0.0,-0.005268799919293697,unicycle
3.719006259408864,-10.706832482029093,1.765,0.0,0.0,-1.553685839775307,0.44511133969764205,-1.2257919342480398e-251,0.0,0.0,0.0,-0.005271652046991362,unicycle
3.719158105358814,-10.71573349609386,1.765,0.0,0.0,-1.5537913251318405,0.44511545874970293,-9.829910316258518e-252,0.0,0.0,0.0,-0.005274267826663088,unicycle
3.719309013537871,-10.724634606843239,1.765,0.0,0.0,-1.5538968580794594,0.4451194949807682,-7.870624606716799e-252,0.0,0.0,0.0,-0.0052766473809529825,unicycle
3.719458983504334,-10.733535812973885,1.765,0.0,0.0,-1.55400243389112,0.4451234706368607,-6.291418862801302e-252,0.0,0.0,0.0,-0.005278790583037832,unicycle
3.7196080148628727,-10.742437113415232,1.765,0.0,0.0,-1.5541080478398377,0.4451273974004653,-5.020128219051902e-252,0.0,0.0,0.0,-0.00528069743588541,unicycle
3.719756107256048,-10.75133850682747,1.765,0.0,0.0,-1.5542136952045846,0.44513126184884755,-3.9980481327545373e-252,0.0,0.0,0.0,-0.005282368237335617,unicycle
3.7199032603654922,-10.760239991668895,1.765,0.0,0.0,-1.5543193712697378,0.4451350539260617,-3.177461762393814e-252,0.0,0.0,0.0,-0.005283803257663492,unicycle
3.7200494739128045,-10.76914156624786,1.765,0.0,0.0,-1.5544250713247028,0.4451387661732268,-2.5196154642678187e-252,0.0,0.0,0.0,-0.005285002748241399,unicycle
3.720194747660218,-10.778043228762623,1.765,0.0,0.0,-1.5545307906636694,0.4451423931234311,-1.9930621860015908e-252,0.0,0.0,0.0,-0.005285966948331167,unicycle
3.7203390814111006,-10.786944977331723,1.765,0.0,0.0,-1.5546365245854772,0.4451459308276475,-1.5723067330773375e-252,0.0,0.0,0.0,-0.005286696090393065,unicycle
3.7204824750103196,-10.795846810016949,1.765,0.0,0.0,-1.5547422683935619,0.4451493764846871,-1.2366985965975796e-252,0.0,0.0,0.0,-0.005287190404220491,unicycle
3.7206249283445,-10.804748724840554,1.765,0.0,0.0,-1.5548480173959647,0.44515272815357876,-9.69527687747846e-253,0.0,0.0,0.0,-0.005287450120146668,unicycle
3.720766441342204,-10.81365071979804,1.765,0.0,0.0,-1.5549537669053948,0.44515598453108424,-7.572862835041531e-253,0.0,0.0,0.0,-0.005287475471519615,unicycle
3.7209070139740494,-10.8225527928675,1.765,0.0,0.0,-1.5550595122393271,0.44515914478054497,-5.890670444566299e-253,0.0,0.0,0.0,-0.005287266696601461,unicycle
3.7210466462527805,-10.831454942016345,1.765,0.0,0.0,-1.5551652487201275,0.44516220840105397,-4.5607236376468044e-253,0.0,0.0,0.0,-0.005286824040016083,unicycle
3.7211853382333033,-10.840357165206058,1.765,0.0,0.0,-1.5552709716752044,0.4451651751282002,-3.512147486015084e-253,0.0,0.0,0.0,-0.0052861477538434076,unicycle
3.7213230900126932,-10.84925946039545,1.765,0.0,0.0,-1.555376676437173,0.44516804485943656,-2.6879158937790357e-253,0.0,0.0,0.0,-0.005285238098438205,unicycle
3.721459901730183,-10.858161825542798,1.765,0.0,0.0,-1.5554823583440338,0.44517081759856936,-2.0422067594403368e-253,0.0,0.0,0.0,-0.005284095343034899,unicycle
3.7215957735671337,-10.867064258607186,1.765,0.0,0.0,-1.5555880127393575,0.4451734934150227,-1.538252882090157e-253,0.0,0.0,0.0,-0.005282719766186858,unicycle
3.721730705746997,-10.875966757549243,1.765,0.0,0.0,-1.555693634972479,0.44517607241445634,-1.146597156441173e-253,0.0,0.0,0.0,-0.005281111656078322,unicycle
3.721864698535268,-10.884869320331465,1.765,0.0,0.0,-1.5557992203986937,0.44517855471804857,-8.436772392409436e-254,0.0,0.0,0.0,-0.005279271310738867,unicycle
3.72199775223943,-10.893771944918269,1.765,0.0,0.0,-1.5559047643794575,0.4451809404483426,-6.106785185800022e-254,0.0,0.0,0.0,-0.005277199038183798,unicycle
3.722129867208898,-10.902674629275861,1.765,0.0,0.0,-1.5560102622825873,0.44518322972001795,-4.326054083731203e-254,0.0,0.0,0.0,-0.005274895156498697,unicycle
3.7222610438349535,-10.911577371371965,1.765,0.0,0.0,-1.5561157094824651,0.4451854226343151,-2.9753016037186374e-254,0.0,0.0,0.0,-0.005272359993882279,unicycle
3.7223912825506846,-10.920480169175534,1.765,0.0,0.0,-1.5562211013602383,0.4451875192761333,-1.9598589597268313e-254,0.0,0.0,0.0,-0.005269593888658509,unicycle
3.722520583830916,-10.929383020656411,1.765,0.0,0.0,-1.5563264333040236,0.4451895197130481,-1.2047670673170194e-254,0.0,0.0,0.0,-0.005266597189266336,unicycle
3.7226489481921408,-10.938285923785013,1.765,0.0,0.0,-1.5564317007091084,0.4451914239956738,-6.508270030003504e-255,0.0,0.0,0.0,-0.005263370254233514,unicycle
3.7227763761924546,-10.947188876532033,1.765,0.0,0.0,-1.5565368989781512,0.4451932321589386,-2.5141978549583674e-255,0.0,0.0,0.0,-0.0052599134521393726,unicycle
3.722902868431481,-10.956091876868184,1.765,0.0,0.0,-1.5566420235213825,0.4451949442239454,3.005107657683468e-256,0.0,0.0,0.0,-0.005256227161570182,unicycle
3.7230284255503023,-10.964994922763978,1.765,0.0,0.0,-1.5567470697568038,0.44519656020017945,2.2221341368283266e-255,0.0,0.0,0.0,-0.005252311771069864,unicycle
3.723153048231385,-10.973898012189572,1.765,0.0,0.0,-1.5568520331103857,0.44519808008788603,3.4737337963471995e-255,0.0,0.0,0.0,-0.005248167679088039,unicycle
3.7232767371985074,-10.98280114311464,1.765,0.0,0.0,-1.5569569090162638,0.4451995038804935,4.2283413623004125e-255,0.0,0.0,0.0,-0.0052437952939268645,unicycle
3.723399493216684,-10.991704313508306,1.765,0.0,0.0,-1.5570616929169376,0.44520083156699386,4.619499285054939e-255,0.0,0.0,0.0,-0.005239195033687676,unicycle
3.723521317092088,-11.000607521339115,1.765,0.0,0.0,-1.5571663802634614,0.445202063134222,4.749671475649125e-255,0.0,0.0,0.0,-0.005234367326218145,unicycle
3.7236422096719766,-11.009510764575053,1.765,0.0,0.0,-1.557270966515643,0.4452031985689961,4.696941404055769e-255,0.0,0.0,0.0,-0.005229312609060413,unicycle
3.7237621718446112,-11.01841404118361,1.765,0.0,0.0,-1.557375447142231,0.44520423786009755,4.520335299968618e-255,0.0,0.0,0.0,-0.005224031329400464,unicycle
3.723881204539176,-11.027317349131861,1.765,0.0,0.0,-1.5574798176211115,0.44520518100008083,4.264043147706181e-255,0.0,0.0,0.0,-0.005218523944018887,unicycle
3.723999308725698,-11.036220686386603,1.765,0.0,0.0,-1.5575840734394963,0.44520602798691045,3.9607574703529604e-255,0.0,0.0,0.0,-0.005212790919243105,unicycle
3.724116485414964,-11.045124050914504,1.765,0.0,0.0,-1.557688210094114,0.44520677882542986,3.634307175892833e-255,0.0,0.0,0.0,-0.005206832730901046,unicycle
3.724232735658437,-11.05402744068229,1.765,0.0,0.0,-1.5577922230913996,0.44520743352866854,3.3017291343634364e-255,0.0,0.0,0.0,-0.005200649864276145,unicycle
3.7243480605481674,-11.06293085365694,1.765,0.0,0.0,-1.5578961079476805,0.44520799211899803,2.974892154560956e-255,0.0,0.0,0.0,-0.005194242814063658,unicycle
3.7244624612167083,-11.07183428780592,1.765,0.0,0.0,-1.557999860189367,0.4452084546291481,2.661765394693062e-255,0.0,0.0,0.0,-0.005187612084328147,unicycle
3.7245759388370256,-11.08073774109742,1.765,0.0,0.0,-1.558103475353136,0.4452088211030948,2.367404964798351e-255,0.0,0.0,0.0,-0.005180758188462026,unicycle
3.724688494622407,-11.08964121150062,1.765,0.0,0.0,-1.5582069489861194,0.44520909159683153,2.0947177374860982e-255,0.0,0.0,0.0,-0.005173681649145027,unicycle
3.7248001298263693,-11.098544696985945,1.765,0.0,0.0,-1.5583102766460852,0.44520926617903606,1.8450495079217897e-255,0.0,0.0,0.0,-0.005166382998304492,unicycle
3.724910845742564,-11.107448195525357,1.765,0.0,0.0,-1.5584134539016266,0.4452093449316428,1.6186350889767688e-255,0.0,0.0,0.0,-0.005158862777076374,unicycle
3.725020643704681,-11.116351705092658,1.765,0.0,0.0,-1.5585164763323422,0.44520932795033213,1.4149402498619736e-255,0.0,0.0,0.0,-0.005151121535766836,unicycle
3.7251295250863525,-11.125255223663764,1.765,0.0,0.0,-1.5586193395290184,0.4452092153449448,1.2329192462422625e-255,0.0,0.0,0.0,-0.005143159833814337,unicycle
3.7252374913010518,-11.134158749217038,1.765,0.0,0.0,-1.5587220390938135,0.44520900723983114,1.0712067543968588e-255,0.0,0.0,0.0,-0.005134978239752118,unicycle
3.7253445438019916,-11.143062279733584,1.765,0.0,0.0,-1.5588245706404367,0.4452087037741423,9.282590742836304e-256,0.0,0.0,0.0,-0.00512657733117102,unicycle
3.725450684082024,-11.15196581319758,1.765,0.0,0.0,-1.55892692979433,0.4452083051020703,8.024563141728864e-256,0.0,0.0,0.0,-0.00511795769468255,unicycle
3.725555913673531,-11.160869347596583,1.765,0.0,0.0,-1.5590291121928477,0.44520781139304455,6.921747572191576e-256,0.0,0.0,0.0,-0.0051091199258821145,unicycle
3.7256602341483216,-11.169772880921867,1.765,0.0,0.0,-1.559131113485434,0.4452072228318876,5.958366120637423e-256,0.0,0.0,0.0,-0.005100064629312379,unicycle
3.7257636471175215,-11.178676411168746,1.765,0.0,0.0,-1.5592329293338025,0.445206539618938,5.11942763600937e-256,0.0,0.0,0.0,-0.0050907924184266685,unicycle
3.7258661542314635,-11.187579936336897,1.765,0.0,0.0,-1.5593345554121134,0.4452057619701431,4.3909288430863084e-256,0.0,0.0,0.0,-0.005081303915552405,unicycle
3.7259677571795744,-11.196483454430698,1.765,0.0,0.0,-1.5594359874071506,0.44520489011712455,3.7599627486121e-256,0.0,0.0,0.0,-0.00507159975185453,unicycle
3.7260684576902627,-11.205386963459551,1.765,0.0,0.0,-1.5595372210184966,0.44520392430722233,3.214760218228738e-256,0.0,0.0,0.0,-0.005061680567298846,unicycle
3.7261682575308015,-11.214290461438218,1.765,0.0,0.0,-1.5596382519587089,0.4452028648035182,2.74468447211375e-256,0.0,0.0,0.0,-0.005051547010615271,unicycle
3.726267158507211,-11.223193946387145,1.765,0.0,0.0,-1.5597390759534944,0.4452017118848414,2.3401934521372784e-256,0.0,0.0,0.0,-0.005041199739260977,unicycle
3.726365162464141,-11.232097416332806,1.765,0.0,0.0,-1.5598396887418824,0.4452004658457594,1.992781277316512e-256,0.0,0.0,0.0,-0.005030639419383377,unicycle
3.7264622712847477,-11.241000869308015,1.765,0.0,0.0,-1.559940086076398,0.44519912699655456,1.694907106415184e-256,0.0,0.0,0.0,-0.005019866725782959,unicycle
3.7265584868905726,-11.249904303352272,1.765,0.0,0.0,-1.5600402637232353,0.44519769566318934,1.4399174901121494e-256,0.0,0.0,0.0,-0.005008882341875938,unicycle
3.726653811241416,-11.258807716512077,1.765,0.0,0.0,-1.5601402174624288,0.4451961721872608,1.2219665793355447e-256,0.0,0.0,0.0,-0.00499768695965669,unicycle
3.726748246335214,-11.26771110684127,1.765,0.0,0.0,-1.5602399430880216,0.44519455692594595,1.0359372489117389e-256,0.0,0.0,0.0,-0.00498628127966,unicycle
3.726841794207906,-11.276614472401342,1.765,0.0,0.0,-1.5603394364082401,0.4451928502519383,8.773652074315894e-257,0.0,0.0,0.0,-0.004974666010923094,unicycle
3.726934456933307,-11.285517811261773,1.765,0.0,0.0,-1.5604386932456595,0.44519105255337754,7.423674244781501e-257,0.0,0.0,0.0,-0.004962841870947428,unicycle
3.727026236622979,-11.294421121500346,1.765,0.0,0.0,-1.5605377094373725,0.4451891642337723,6.275756591584894e-257,0.0,0.0,0.0,-0.004950809585660231,unicycle
3.727117135426091,-11.303324401203465,1.765,0.0,0.0,-1.5606364808351598,0.4451871857119166,5.300754751168952e-257,0.0,0.0,0.0,-0.004938569889375813,unicycle
3.7272071555292903,-11.312227648466484,1.765,0.0,0.0,-1.5607350033056553,0.44518511742180145,4.473508421767706e-257,0.0,0.0,0.0,-0.004926123524756637,unicycle
3.727296299156563,-11.32113086139401,1.765,0.0,0.0,-1.5608332727305105,0.44518295981252065,3.772342262620536e-257,0.0,0.0,0.0,-0.004913471242774116,unicycle
3.7273845685690956,-11.330034038100234,1.765,0.0,0.0,-1.560931285006564,0.4451807133481728,3.178619360409138e-257,0.0,0.0,0.0,-0.004900613802669157,unicycle
3.727471966065136,-11.338937176709223,1.765,0.0,0.0,-1.5610290360460022,0.4451783785077585,2.676344102906107e-257,0.0,0.0,0.0,-0.004887551971912455,unicycle
3.727558493979849,-11.347840275355248,1.765,0.0,0.0,-1.5611265217765253,0.4451759557850739,2.2518108151078853e-257,0.0,0.0,0.0,-0.004874286526164519,unicycle
3.7276441546851777,-11.35674333218308,1.765,0.0,0.0,-1.5612237381415102,0.4451734456886003,1.8932942896353593e-257,0.0,0.0,0.0,-0.004860818249235423,unicycle
3.7277289505896927,-11.365646345348305,1.765,0.0,0.0,-1.5613206811001712,0.44517084874139057,1.5907783055536564e-257,0.0,0.0,0.0,-0.004847147933044305,unicycle
3.72781288413845,-11.374549313017614,1.765,0.0,0.0,-1.5614173466277224,0.4451681654809522,1.3357183207359621e-257,0.0,0.0,0.0,-0.004833276377578582,unicycle
3.7278959578128403,-11.38345223336911,1.765,0.0,0.0,-1.5615137307155398,0.4451653964591276,1.1208346993595003e-257,0.0,0.0,0.0,-0.004819204390852911,unicycle
3.727978174130439,-11.392355104592612,1.765,0.0,0.0,-1.5616098293713172,0.4451625422419703,9.39933065946536e-258,0.0,0.0,0.0,-0.004804932788867872,unicycle
3.7280595356448556,-11.401257924889936,1.765,0.0,0.0,-1.5617056386192285,0.4451596034096201,7.877486369167825e-258,0.0,0.0,0.0,-0.004790462395568382,unicycle
3.72814004494558,-11.4101606924752,1.765,0.0,0.0,-1.5618011545000847,0.44515658055617385,6.598116528014627e-258,0.0,0.0,0.0,-0.004775794042801849,unicycle
3.728219704657827,-11.419063405575104,1.765,0.0,0.0,-1.5618963730714903,0.44515347428955493,5.52331306978001e-258,0.0,0.0,0.0,-0.004760928570276027,unicycle
3.7282985174423815,-11.427966062429217,1.765,0.0,0.0,-1.5619912904080007,0.4451502852313792,4.6209583169904635e-258,0.0,0.0,0.0,-0.0047458668255166425,unicycle
3.728376485995439,-11.436868661290271,1.765,0.0,0.0,-1.5620859026012766,0.44514701401681894,3.863866538374098e-258,0.0,0.0,0.0,-0.004730609663824725,unicycle
3.7284536130484462,-11.445771200424428,1.765,0.0,0.0,-1.562180205760241,0.4451436612944648,3.229047677923747e-258,0.0,0.0,0.0,-0.004715157948233682,unicycle
3.7285298984854727,-11.454673269160512,1.765,0.0,0.0,-1.5622740562854507,0.44511977968872257,2.6970768959709314e-258,0.0,0.0,0.0,-0.0046925262604988645,unicycle
3.72860533269497,-11.463572878912215,1.765,0.0,0.0,-1.562366752186723,0.4449964722029831,2.251555537439964e-258,0.0,0.0,0.0,-0.004634795063623947,unicycle
3.7286799007773537,-11.472466242213553,1.765,0.0,0.0,-1.562456917054353,0.4446837956966623,1.8786509270541186e-258,0.0,0.0,0.0,-0.004508243381488543,unicycle
3.728753594685708,-11.481348567755333,1.765,0.0,0.0,-1.5625427357116328,0.44413156235152884,1.566703992071549e-258,0.0,0.0,0.0,-0.004290932863984503,unicycle
3.7288264212990443,-11.490214639661247,1.765,0.0,0.0,-1.5626221297260614,0.443318550248371,1.305895140004065e-258,0.0,0.0,0.0,-0.003969700721435139,unicycle
3.728898407417393,-11.499059231557903,1.765,0.0,0.0,-1.5626928866994616,0.4422442420549426,1.0879600836848564e-258,0.0,0.0,0.0,-0.003537848670008922,unicycle
3.728969602460989,-11.50787739477669,1.765,0.0,0.0,-1.562752754194878,0.4409225309241811,9.05948422053334e-259,0.0,0.0,0.0,-0.0029933747708150065,unicycle
3.7290400794941503,-11.516664651247286,1.765,0.0,0.0,-1.562799506746835,0.4393769546366218,7.540187655208778e-259,0.0,0.0,0.0,-0.002337627597852396,unicycle
3.7291099350642143,-11.525417114777346,1.765,0.0,0.0,-1.5628309925060309,0.4376371146624185,6.272650530161919e-259,0.0,0.0,0.0,-0.0015742879597966594,unicycle
3.7291792882392194,-11.53413155904728,1.765,0.0,0.0,-1.5628451645822905,0.43573601181773414,5.215694565240436e-259,0.0,0.0,0.0,-0.0007086038129974579,unicycle
3.7292482791404047,-11.542805446459232,1.765,0.0,0.0,-1.562840100985134,0.43370808898327834,4.3347792014001014e-259,0.0,0.0,0.0,0.00025317985780819456,unicycle
3.7293170671938904,-11.551436928710764,1.765,0.0,0.0,-1.5628140161517494,0.43158781742272523,3.6009494552201527e-259,0.0,0.0,0.0,0.0013042416692364762,unicycle
3.729385239485587,-11.559927033730405,1.765,0.0,0.0,-1.562719748539753,0.42451893585343603,2.9899472436042426e-259,0.0,0.0,0.0,0.004713380599826632,unicycle
3.729452434783039,-11.568125323816595,1.765,0.0,0.0,-1.562480756904457,0.40992827380304286,2.4814614040731226e-259,0.0,0.0,0.0,0.01194958176481594,unicycle
3.72951912551425,-11.575937332756682,1.765,0.0,0.0,-1.5620384110650505,0.39061468331596727,2.058495270756941e-259,0.0,0.0,0.0,0.02211729197031068,unicycle
3.7295862385477583,-11.583309809396884,1.765,0.0,0.0,-1.5613483714085077,0.3686391125697347,1.7068337913197393e-259,0.0,0.0,0.0,0.0345019828271313,unicycle
3.7296548748122826,-11.590219363416491,1.765,0.0,0.0,-1.5603778749134845,0.3454947591290587,1.4145948522133026e-259,0.0,0.0,0.0,0.048524824751168136,unicycle
3.7297261243972626,-11.596663784200564,1.765,0.0,0.0,-1.5591036582181557,0.32224075380614015,1.1718517777990199e-259,0.0,0.0,0.0,0.06371083476642024,unicycle
3.7298009602360405,-11.602655452896103,1.765,0.0,0.0,-1.5575103286629972,0.2996068330163467,9.703159349020725e-260,0.0,0.0,0.0,0.07966647775791758,unicycle
3.729880190206206,-11.60821638729968,1.765,0.0,0.0,-1.5555890523950437,0.2780749824394386,8.030700538054843e-260,0.0,0.0,0.0,0.09606381339765938,unicycle
3.729964448968615,-11.613374554953756,1.765,0.0,0.0,-1.5533364701805659,0.2579428441537981,6.643443093525503e-260,0.0,0.0,0.0,0.11262911072390538,unicycle
3.7300542142040425,-11.618161166384796,1.765,0.0,0.0,-1.5507537808171032,0.23937271946347868,5.4932842638264166e-260,0.0,0.0,0.0,0.12913446817313734,unicycle
3.73014983562621,-11.62260872154941,1.765,0.0,0.0,-1.5478459522316685,0.22242922662643055,4.540141123047403e-260,0.0,0.0,0.0,0.14539142927172344,unicycle
3.7302515685638205,-11.62674963128729,1.765,0.0,0.0,-1.5446210339950703,0.20710805101336896,3.75063002320796e-260,0.0,0.0,0.0,0.1612459118299055,unicycle
3.7303596067401115,-11.630615274349147,1.765,0.0,0.0,-1.5410895539632055,0.19335772593507025,3.0969605221341683e-260,0.0,0.0,0.0,0.17657400159324863,unicycle
3.730474111078989,-11.63423538134068,1.765,0.0,0.0,-1.5372639874885405,0.18109598195840657,2.5560094917358425e-260,0.0,0.0,0.0,0.19127832373325238,unicycle
3.7305952329788012,-11.637637661287412,1.765,0.0,0.0,-1.5331582911689055,0.17022188190425652,2.1085464961827292e-260,0.0,0.0,0.0,0.20528481598175102,unicycle
3.7307231316083516,-11.640847605760536,1.765,0.0,0.0,-1.5287874951670863,0.1606247024081777,1.7385860872969854e-260,0.0,0.0,0.0,0.21853980009096058,unicycle
3.7308579854963226,-11.643888420643636,1.765,0.0,0.0,-1.5241673492743266,0.1521903183898127,1.4328465188320736e-260,0.0,0.0,0.0,0.23100729463797776,unicycle
3.7309999991010647,-11.646781047495637,1.765,0.0,0.0,-1.519314018470058,0.1448056838717607,1.1802976379089114e-260,0.0,0.0,0.0,0.24266654021342648,unicycle
3.7311494052462915,-11.649544245746096,1.765,0.0,0.0,-1.5142438239947438,0.1383618731080632,9.717834611102378e-261,0.0,0.0,0.0,0.25350972376569625,unicycle
3.7313064643581,-11.652194714181611,1.765,0.0,0.0,-1.5089730260619139,0.132756043299312,7.997072617568316e-261,0.0,0.0,0.0,0.2635398966415075,unicycle
3.731471461393364,-11.654747235777483,1.765,0.0,0.0,-1.503517644387746,0.12789259893884014,6.577689494938008e-261,0.0,0.0,0.0,0.2727690837084109,unicycle
3.7316447012490572,-11.657214834240966,1.765,0.0,0.0,-1.4978933127688232,0.12368377374372118,5.407461695227232e-261,0.0,0.0,0.0,0.2812165809461356,unicycle
3.731826503315227,-11.659608933935935,1.765,0.0,0.0,-1.492115164020118,0.12004979570745182,4.443119342718318e-261,0.0,0.0,0.0,0.28890743743526126,unicycle
3.7320171957008363,-11.661939517372392,1.765,0.0,0.0,-1.48619774170732,0.11691876128072186,3.6488276547851753e-261,0.0,0.0,0.0,0.2958711156398848,unicycle
3.7322171095340875,-11.664215276341201,1.765,0.0,0.0,-1.4801549352710268,0.1142263138051342,2.9949230391537565e-261,0.0,0.0,0.0,0.30214032181466505,unicycle
3.7324265736245312,-11.666443754192295,1.765,0.0,0.0,-1.4739999353396713,0.11191519729885513,2.456861664421469e-261,0.0,0.0,0.0,0.3077499965677741,unicycle
3.7326459096767897,-11.668631477801723,1.765,0.0,0.0,-1.4677452062551752,0.10993473808796256,2.0143452037263913e-261,0.0,0.0,0.0,0.31273645422481544,unicycle
3.7328754281660923,-11.670784078534659,1.765,0.0,0.0,-1.4614024730809851,0.10824029244638127,1.6505942417442181e-261,0.0,0.0,0.0,0.31713665870949637,unicycle
3.7331154249234064,-11.67290640205501,1.765,0.0,0.0,-1.454982720617604,0.10679268743667386,1.3517446890924933e-261,0.0,0.0,0.0,0.3209876231690373,unicycle
3.73336617843106,-11.675002607209796,1.765,0.0,0.0,-1.4484962022080705,0.105557673806159,1.1063466147248095e-261,0.0,0.0,0.0,0.32432592047667536,unicycle
3.733627947796348,-11.677076254469068,1.765,0.0,0.0,-1.4419524563685668,0.10450540351018471,9.049483117357434e-262,0.0,0.0,0.0,0.3271872919751918,unicycle
3.7339009713483677,-11.679130384561326,1.765,0.0,0.0,-1.4353603295222679,0.10360993974922143,7.397512611946442e-262,0.0,0.0,0.0,0.3296063423149455,unicycle
3.7341854657900204,-11.68116758803495,1.765,0.0,0.0,-1.4287280033438499,0.10284880395707499,6.043240415187842e-262,0.0,0.0,0.0,0.33161630892091354,unicycle
3.7344816258307785,-11.683190066516666,1.765,0.0,0.0,-1.4220630254351339,0.1022025616789252,4.933652227017002e-262,0.0,0.0,0.0,0.3332488954357897,unicycle
3.7347896242246295,-11.685199686443156,1.765,0.0,0.0,-1.4153723422475588,0.10165444750614241,4.0250694871628135e-262,0.0,0.0,0.0,0.33453415937877423,unicycle
3.7351096121400884,-11.687198026022513,1.765,0.0,0.0,-1.4086623333437636,0.10119002801459706,3.2815230082306573e-262,0.0,0.0,0.0,0.33550044518974265,unicycle
3.735441719794139,-11.689186416146406,1.765,0.0,0.0,-1.401938846248521,0.10079690084770966,2.673406940384995e-262,0.0,0.0,0.0,0.33617435476212654,unicycle
3.73578605728842,-11.69116597592798,1.765,0.0,0.0,-1.3952072312789392,0.10046442758859507,2.1763652619321437e-262,0.0,0.0,0.0,0.3365807484790895,unicycle
3.736142715593197,-11.693137643488926,1.765,0.0,0.0,-1.3884723758661914,0.1001834977952694,1.770371053349562e-262,0.0,0.0,0.0,0.33674277063740443,unicycle
3.7365117676321367,-11.695102202565328,1.765,0.0,0.0,-1.3817387379870174,0.09994632146594877,1.4389655311876173e-262,0.0,0.0,0.0,0.3366818939586809,unicycle
3.7368932694281605,-11.697060305447927,1.765,0.0,0.0,-1.3750103784142187,0.09974624720983588,1.1686294141542297e-262,0.0,0.0,0.0,0.33641797863993633,unicycle
3.737287261277552,-11.699012492720158,1.765,0.0,0.0,-1.368290991572608,0.09957760348599397,9.482638519978176e-263,0.0,0.0,0.0,0.3359693420805471,unicycle
3.737693768925754,-11.700959210207532,1.765,0.0,0.0,-1.361583934851829,0.0994355604115796,7.687620237399998e-263,0.0,0.0,0.0,0.3353528360389551,unicycle
3.7381128047239147,-11.702900823505557,1.765,0.0,0.0,-1.3548922562814076,0.09931600981053254,6.226557352281367e-263,0.0,0.0,0.0,0.3345839285210548,unicycle
3.7385443687501363,-11.704837630410516,1.765,0.0,0.0,-1.3482187205176976,0.09921546135993946,5.038240254545285e-263,0.0,0.0,0.0,0.33367678818551333,unicycle
3.7389884498836032,-11.706769871538429,1.765,0.0,0.0,-1.3415658331282354,0.09913095288301547,4.072530173597202e-263,0.0,0.0,0.0,0.3326443694731116,unicycle
3.739445026823305,-11.708697739382096,1.765,0.0,0.0,-1.3349358631875956,0.09905997302749117,3.2883809768843546e-263,0.0,0.0,0.0,0.33149849703199524,unicycle
3.7399140690460286,-11.710621386024528,1.765,0.0,0.0,-1.3283308642211278,0.09900039475106506,2.6522104516501703e-263,0.0,0.0,0.0,0.33024994832338417,unicycle
3.7403955377006715,-11.71254092969872,1.765,0.0,0.0,-1.3217526935499713,0.09895041820820755,2.1365599958877036e-263,0.0,0.0,0.0,0.3289085335578288,unicycle
3.7408893864378467,-11.71445646035867,1.765,0.0,0.0,-1.3152030301032602,0.09890852179303616,1.7189922044031854e-263,0.0,0.0,0.0,0.3274831723355466,unicycle
3.7413955621752506,-11.71636804440437,1.765,0.0,0.0,-1.3086833907722493,0.09887342024025833,1.381184589312299e-263,0.0,0.0,0.0,0.3259819665505619,unicycle
3.7419140058003815,-11.718275728684073,1.765,0.0,0.0,-1.3021951453868112,0.0988440288200243,1.1081849269010222e-263,0.0,0.0,0.0,0.32441226927189903,unicycle
3.742444652813048,-11.720179543880098,1.765,0.0,0.0,-1.2957395303980068,0.09881943278316704,8.877997291387867e-264,0.0,0.0,0.0,0.3227807494402083,unicycle
3.7429874339106783,-11.722079507369452,1.765,0.0,0.0,-1.2893176613516297,0.09879886132126996,7.100923100924197e-264,0.0,0.0,0.0,0.32109345231885233,unicycle
3.7435422755198378,-11.723975625637786,1.765,0.0,0.0,-1.282930544237266,0.09878166540204879,5.669710312967532e-264,0.0,0.0,0.0,0.3193558557181963,unicycle
3.7441091022937645,-11.725867895707534,1.765,0.0,0.0,-1.2765769541358496,0.09876729892553372,4.518517123350326e-264,0.0,0.0,0.0,0.3176795050708314,unicycle
3.744687840548618,-11.72775630587586,1.765,0.0,0.0,-1.2702545120352702,0.0987553027214186,3.5938100526037102e-264,0.0,0.0,0.0,0.3161221050289563,unicycle
3.7452784183769694,-11.729640837105455,1.765,0.0,0.0,-1.2639620741815878,0.09874529097364562,2.852098552205755e-264,0.0,0.0,0.0,0.3146218926841293,unicycle
3.745880763823172,-11.731521464799503,1.765,0.0,0.0,-1.2576993794225033,0.09873693971573613,2.2580808873718457e-264,0.0,0.0,0.0,0.31313473795423175,unicycle
3.7464948036401986,-11.733398160254822,1.765,0.0,0.0,-1.2514667816898104,0.09872997709043552,1.7831275525298489e-264,0.0,0.0,0.0,0.31162988663463476,unicycle
3.7471204624813432,-11.735270891847865,1.765,0.0,0.0,-1.2452650484189012,0.0987241751107378,1.4040415463410808e-264,0.0,0.0,0.0,0.3100866635454738,unicycle
3.7477576624141204,-11.737139625999278,1.765,0.0,0.0,-1.2390952098961265,0.0987193426970521,1.1020456124606066e-264,0.0,0.0,0.0,0.308491926138722,unicycle
3.7484063226700592,-11.739004327955271,1.765,0.0,0.0,-1.2329584478170317,0.09871531979786322,8.619554375994173e-265,0.0,0.0,0.0,0.3068381039547442,unicycle
3.7490663595645537,-11.740864962417694,1.765,0.0,0.0,-1.2268560139219016,0.09871197242935346,6.715051190779049e-265,0.0,0.0,0.0,0.3051216947565119,unicycle
3.749737686536775,-11.742721494049379,1.765,0.0,0.0,-1.2207891716008457,0.09870918849365497,5.207972425435702e-265,0.0,0.0,0.0,0.3033421160527822,unicycle
3.750420214271915,-11.744573887876841,1.765,0.0,0.0,-1.2147591549478107,0.09870687425619909,4.018548724766172e-265,0.0,0.0,0.0,0.30150083265176,unicycle
3.7511138508774784,-11.74642210960871,1.765,0.0,0.0,-1.2087671409852592,0.09870495138046777,3.082568401606433e-265,0.0,0.0,0.0,0.2996006981275853,unicycle
3.7518185020926427,-11.748266125885085,1.765,0.0,0.0,-1.202814231752667,0.09870335443372767,2.3484107027431363e-265,0.0,0.0,0.0,0.2976454616295886,unicycle
3.7525340715152673,-11.750105904470464,1.765,0.0,0.0,-1.1969014437105887,0.09870202879039018,1.774634457080781e-265,0.0,0.0,0.0,0.29563940210392825,unicycle
3.75326046083541,-11.751941414400642,1.765,0.0,0.0,-1.19102970250363,0.09870092887079233,1.3280197599142558e-265,0.0,0.0,0.0,0.2935870603479378,unicycle
3.753997570067453,-11.753772626092196,1.765,0.0,0.0,-1.1851998415862888,0.09870001666270348,9.819789483063e-266,0.0,0.0,0.0,0.29149304586706865,unicycle
3.754745297775386,-11.755599511421684,1.765,0.0,0.0,-1.1794126035735468,0.09869926048096049,7.152683850700448e-266,0.0,0.0,0.0,0.2893619006370869,unicycle
3.7555035412876387,-11.757422043780377,1.765,0.0,0.0,-1.1736686434556876,0.09869863392752226,5.109450850327029e-266,0.0,0.0,0.0,0.2871980058929727,unicycle
3.7562721968992188,-11.759240198109346,1.765,0.0,0.0,-1.167968533031502,0.09869811502008607,3.555224754946123e-266,0.0,0.0,0.0,0.2850055212092779,unicycle
3.7570511600599246,-11.76105395091882,1.765,0.0,0.0,-1.1623127660796553,0.09869768546237503,2.38287985595147e-266,0.0,0.0,0.0,0.28278834759232196,unicycle
3.757840325548124,-11.76286328029506,1.765,0.0,0.0,-1.1567017639152473,0.09869733003341602,1.507520382038089e-266,0.0,0.0,0.0,0.28055010822038956,unicycle
3.7586395876301117,-11.764668165897369,1.765,0.0,0.0,-1.1511358810760397,0.0986970360766939,8.620364594579618e-267,0.0,0.0,0.0,0.27829414196038477,unicycle
3.759448840205426,-11.766468588947387,1.765,0.0,0.0,-1.145615410957045,0.09869679307308506,3.9352414682245964e-267,0.0,0.0,0.0,0.2760235059497198,unicycle
3.760267976938725,-11.768264532212386,1.765,0.0,0.0,-1.140140591268394,0.0986965922840245,6.040517959577717e-268,0.0,0.0,0.0,0.27374098443255485,unicycle
3.761096891379005,-11.770055979984006,1.765,0.0,0.0,-1.1347116092336655,0.09869642645351555,-1.6988723489491808e-267,0.0,0.0,0.0,0.2714491017364271,unicycle
3.7619354770669955,-11.771842918053535,1.765,0.0,0.0,-1.1293286064774002,0.09869628955940933,-3.2276517367072786e-267,0.0,0.0,0.0,0.269150137813264,unicycle
3.7627836276316224,-11.773625333684665,1.765,0.0,0.0,-1.123991683573747,0.09869617660591555,-4.1797347318430096e-267,0.0,0.0,0.0,0.2668461451826606,unicycle
3.763641236876435,-11.77540321558445,1.765,0.0,0.0,-1.118700904245097,0.0986960834505973,-4.707794389724502e-267,0.0,0.0,0.0,0.2645389664325001,unicycle
3.7645081988568583,-11.77717655387302,1.765,0.0,0.0,-1.1134562992116177,0.09869600666019167,-4.929227456812655e-267,0.0,0.0,0.0,0.26223025167397707,unicycle
3.7653844079491106,-11.778945340052543,1.765,0.0,0.0,-1.1082578697009846,0.09869594339051271,-4.933724496569722e-267,0.0,0.0,0.0,0.25992147553166195,unicycle
3.7662697589115686,-11.780709566975771,1.765,0.0,0.0,-1.103105590633233,0.0986958912864636,-4.7892906536916585e-267,0.0,0.0,0.0,0.2576139533875894,unicycle
3.7671641469393173,-11.782469228814445,1.765,0.0,0.0,-1.0979994134991982,0.09869584839883105,-4.547023690316215e-267,0.0,0.0,0.0,0.255308856701749,unicycle
3.768067467712565,-11.784224321027795,1.765,0.0,0.0,-1.0929392689530415,0.09869581311507886,-4.244896771796543e-267,0.0,0.0,0.0,0.2530072273078411,unicycle
3.768979617439545,-11.785974840331264,1.765,0.0,0.0,-1.0879250691402615,0.09869578410181237,-3.9107455049071825e-267,0.0,0.0,0.0,0.2507099906389949,unicycle
3.769900492894474,-11.78772078466561,1.765,0.0,0.0,-1.0829567097826975,0.09869576025696872,-3.5646198603510455e-267,0.0,0.0,0.0,0.24841796787821027,unicycle
3.770829991451084,-11.789462153166443,1.765,0.0,0.0,-1.0780340720415702,0.0986957406701071,-3.220630146925495e-267,0.0,0.0,0.0,0.2461318870563595,unicycle
3.771768011112203,-11.7911989461343,1.765,0.0,0.0,-1.0731570241787782,0.09869572458944252,-2.8883907610938377e-267,0.0,0.0,0.0,0.24385239313961452,unicycle
3.7727144505357937,-11.792931165005212,1.765,0.0,0.0,-1.06832542303557,0.09869571139449036,-2.574144882595198e-267,0.0,0.0,0.0,0.2415800571604116,unicycle
3.7736692090578368,-11.794658812321916,1.765,0.0,0.0,-1.0635391153465044,0.09869570057337743,-2.281636702543384e-267,0.0,0.0,0.0,0.2393153844532846,unicycle
3.774632186712402,-11.796381891705595,1.765,0.0,0.0,-1.058797938905296,0.09869569170403207,-2.0127844044397975e-267,0.0,0.0,0.0,0.23705882206042828,unicycle
3.7756032842492013,-11.79810040782824,1.765,0.0,0.0,-1.0541017235978416,0.09869568443859753,-1.7681963594777976e-267,0.0,0.0,0.0,0.23481076537272552,unicycle
3.7765824031489026,-11.799814366385588,1.765,0.0,0.0,-1.049450292316422,0.09869567849052192,-1.5475643482899755e-267,0.0,0.0,0.0,0.23257156407097057,unicycle
3.777569445636445,-11.801523774070626,1.765,0.0,0.0,-1.0448434617678273,0.09869567362387026,-1.3499606778023782e-267,0.0,0.0,0.0,0.23034152742973055,unicycle
3.7785643146925674,-11.803228638547667,1.765,0.0,0.0,-1.0402810431869642,0.09869566964448018,-1.1740604959486438e-267,0.0,0.0,0.0,0.2281209290431603,unicycle
3.7795669140637465,-11.804928968426964,1.765,0.0,0.0,-1.0357628429663952,0.09869566639264657,-1.018306152386303e-267,0.0,0.0,0.0,0.22591001102844668,unicycle
3.7805771482707073,-11.806624773239866,1.765,0.0,0.0,-1.0312886632112221,0.09869566373707378,-8.81026894180543e-268,0.0,0.0,0.0,0.22370898775865308,unicycle
3.7815949226156684,-11.808316063414464,1.765,0.0,0.0,-1.0268583022277675,0.09869566156987791,-7.60524346841214e-268,0.0,0.0,0.0,0.22151804917274096,unicycle
3.782620143188444,-11.810002850251745,1.765,0.0,0.0,-1.0224715549536358,0.09869565980245892,-6.551319716506158e-268,0.0,0.0,0.0,0.2193373637065831,unicycle
3.7836527168715244,-11.811685145902217,1.765,0.0,0.0,-1.0181282133359368,0.09869565836209272,-5.63254895555031e-268,0.0,0.0,0.0,0.2171670808849444,unicycle
3.7846925513442495,-11.813362963342977,1.765,0.0,0.0,-1.013828066663722,0.09869565718911896,-4.8339508768397386e-268,0.0,0.0,0.0,0.21500733361074434,unicycle
3.785739555086156,-11.81503631635525,1.765,0.0,0.0,-1.0095709018600325,0.0986956562346216,-4.1416573234346497e-268,0.0,0.0,0.0,0.21285824018446917,unicycle
3.786793637379585,-11.816705219502317,1.765,0.0,0.0,-1.0053565037383647,0.09869565545851669,-3.5429776211834033e-268,0.0,0.0,0.0,0.2107199060833883,unicycle
3.7878547083116296,-11.818369688107866,1.765,0.0,0.0,-1.0011846552278194,0.09869565482797668,-3.0264081825358897e-268,0.0,0.0,0.0,0.2085924255272588,unicycle
3.7889226787754784,-11.820029738234737,1.765,0.0,0.0,-0.99705513757073,0.0986956543161328,-2.5816035999097366e-268,0.0,0.0,0.0,0.20647588285447188,unicycle
3.789997460471215,-11.82168538666404,1.765,0.0,0.0,-0.9929677304961279,0.09869565390100671,-2.199322189049157e-268,0.0,0.0,0.0,0.20437035373010104,unicycle
3.791078965906132,-11.823336650874653,1.765,0.0,0.0,-0.988922212372027,0.09869565356463163,-1.8713556358873157e-268,0.0,0.0,0.0,0.20227590620504318,unicycle
3.792167108394591,-11.824983549023058,1.765,0.0,0.0,-0.9849183603391591,0.09869565329232947,-1.590449843560578e-268,0.0,0.0,0.0,0.20019260164338776,unicycle
3.793261802057483,-11.826626099923528,1.765,0.0,0.0,-0.9809559504284934,0.09869565307211677,-1.350222110281207e-268,0.0,0.0,0.0,0.19812049553329136,unicycle
3.7943629618213146,-11.82826432302866,1.765,0.0,0.0,-0.9770347576645941,0.09869565289421658,-1.1450782669274784e-268,0.0,0.0,0.0,0.19605963819496355,unicycle
3.7954705034169587,-11.829898238410218,1.765,0.0,0.0,-0.9731545561566367,0.09869565275065777,-9.701322645900244e-269,0.0,0.0,0.0,0.1940100753978652,unicycle
3.796584343378092,-11.831527866740297,1.765,0.0,0.0,-0.9693151191786791,0.09869565263494612,-8.21129846875523e-269,0.0,0.0,0.0,0.1919718488978731,unicycle
3.7977043990393535,-11.833153229272801,1.765,0.0,0.0,-0.9655162192405999,0.09869565254179462,-6.943773061435684e-269,0.0,0.0,0.0,0.1899449969039587,unicycle
3.7988305885342353,-11.834774347825222,1.765,0.0,0.0,-0.961757628150943,0.09869565246690234,-5.86675857001828e-269,0.0,0.0,0.0,0.1879295544828483,unicycle
3.7999628307927353,-11.836391244760716,1.765,0.0,0.0,-0.9580391170727596,0.09869565240677336,-4.952618249111536e-269,0.0,0.0,0.0,0.18592555390917215,unicycle
3.8011010455387866,-11.838003942970463,1.765,0.0,0.0,-0.9543604565734047,0.09869565235856838,-4.177526117353165e-269,0.0,0.0,0.0,0.1839330249677489,unicycle
3.80224515328748,-11.83961246585632,1.765,0.0,0.0,-0.9507214166691268,0.0986956523199834,-3.5209823932712386e-269,0.0,0.0,0.0,0.18195199521389074,unicycle
3.803395075342093,-11.841216837313747,1.765,0.0,0.0,-0.9471217668651882,0.09869565228915048,-2.9653816793646353e-269,0.0,0.0,0.0,0.1799824901969328,unicycle
3.8045507337909443,-11.842817081715014,1.765,0.0,0.0,-0.9435612761921567,0.0986956522645566,-2.4956302374830937e-269,0.0,0.0,0.0,0.17802453365158682,unicycle
3.805712051504077,-11.84441322389268,1.765,0.0,0.0,-0.9400397132389331,0.09869565224497741,-2.0988083793957993e-269,0.0,0.0,0.0,0.17607814766118285,unicycle
3.8068789521297917,-11.84600528912333,1.765,0.0,0.0,-0.9365568461830056,0.09869565222942324,-1.76387389638979e-269,0.0,0.0,0.0,0.174143352796386,unicycle
3.808051360091029,-11.84759330311159,1.765,0.0,0.0,-0.9331124428183545,0.09869565221709489,-1.4814025049939134e-269,0.0,0.0,0.0,0.1722201682325531,unicycle
3.8092292005816195,-11.84917729197439,1.765,0.0,0.0,-0.9297062705813841,0.09869565220734774,-1.2433614427361635e-269,0.0,0.0,0.0,0.17030861184851942,unicycle
3.8104123995624097,-11.850757282225494,1.765,0.0,0.0,-0.9263380965751987,0.09869565219966248,-1.0429125709957617e-269,0.0,0.0,0.0,0.16840870030927418,unicycle
3.811667027543367,-11.852421085590453,1.765,0.0,0.0,-0.9230500139717819,0.10419137344466081,-8.742416039962468e-270,0.0,0.0,0.0,0.16440413017083938,unicycle
3.81309567761171,-11.854303045081023,1.765,0.0,0.0,-0.9199063846583035,0.1181399291048872,-7.3241036377179175e-270,0.0,0.0,0.0,0.15718146567390803,unicycle
3.8147647565619334,-11.856487846044423,1.765,0.0,0.0,-0.9169471378902477,0.13746986313514553,-6.132292462250615e-270,0.0,0.0,0.0,0.147962338402794,unicycle
3.8167135854350533,-11.859023788935575,1.765,0.0,0.0,-0.9141942423371849,0.1599136234334234,-5.131473632376299e-270,0.0,0.0,0.0,0.1376447776531488,unicycle
3.8189614942880277,-11.861932954105807,1.765,0.0,0.0,-0.9116566772713871,0.1838229001775663,-4.291580935357453e-270,0.0,0.0,0.0,0.1268782532899022,unicycle
3.8215133359813196,-11.865218923704727,1.765,0.0,0.0,-0.9093342278502173,0.2080234362574596,-3.5871802645050387e-270,0.0,0.0,0.0,0.11612247105849363,unicycle
3.8243637471199983,-11.868872598214173,1.765,0.0,0.0,-0.9072203618928034,0.23170125742425915,-2.996775154458667e-270,0.0,0.0,0.0,0.10569329787069423,unicycle
3.827500414721375,-11.872876536755632,1.765,0.0,0.0,-0.905304391686867,0.2543138582506262,-2.5022127123595466e-270,0.0,0.0,0.0,0.09579851029681924,unicycle
3.83090655500247,-11.877208160621839,1.765,0.0,0.0,-0.9035730814575503,0.27552116305959184,-2.0881761732242097e-270,0.0,0.0,0.0,0.0865655114658251,unicycle
3.83456277018392,-11.881842086590638,1.765,0.0,0.0,-0.9020118269962742,0.29513211624002184,-1.7417520434518782e-270,0.0,0.0,0.0,0.07806272306379979,unicycle
3.83844841698841,-11.88675179810634,1.765,0.0,0.0,-0.9006055068256994,0.31306359065632317,-1.4520613467418247e-270,0.0,0.0,0.0,0.07031600852874219,unicycle
3.8425425944692737,-11.891910815956402,1.765,0.0,0.0,-0.8993390827564729,0.3293089742916966,-1.2099458636008186e-270,0.0,0.0,0.0,0.06332120346131836,unicycle
3.846824837574096,-11.89729349342637,1.765,0.0,0.0,-0.8981980106422778,0.3439143348564725,-1.007701472392738e-270,0.0,0.0,0.0,0.05705360570976258,unicycle
3.8512755854855474,-11.902875532170915,1.765,0.0,0.0,-0.8971685086563324,0.35696049507814953,-8.388517704385728e-271,0.0,0.0,0.0,0.05147509929727301,unicycle
3.8558764795907385,-11.908634292588744,1.765,0.0,0.0,-0.8962377197700239,0.368549698275907,-6.979560919320976e-271,0.0,0.0,0.0,0.04653944431542757,unicycle
3.860610534366516,-11.914548955018295,1.765,0.0,0.0,-0.8953937967327255,0.37879582126128997,-5.804468588957365e-271,0.0,0.0,0.0,0.042196151864920164,unicycle
3.8654622150877573,-11.920600574517271,1.765,0.0,0.0,-0.8946259312671948,0.3878173131039157,-4.824919148751139e-271,0.0,0.0,0.0,0.038393273276532386,unicycle
3.8703485610004438,-11.926686000373275,1.765,0.0,0.0,-0.8938818154639014,0.3902204089928324,-4.0087811051660285e-271,0.0,0.0,0.0,0.03720579016466942,unicycle
3.8751509944189073,-11.932657502993777,1.765,0.0,0.0,-0.8930867726674009,0.3831521022341547,-3.329129466026537e-271,0.0,0.0,0.0,0.03975213982503495,unicycle
3.879790929479929,-11.938416967482171,1.765,0.0,0.0,-0.8921900962040423,0.3697987027715764,-2.7634154357065663e-271,0.0,0.0,0.0,0.044833823167924544,unicycle
3.8842195263161274,-11.943903269362625,1.765,0.0,0.0,-0.891159061885456,0.35253362486732387,-2.292766060782472e-271,0.0,0.0,0.0,0.051551715929313326,unicycle
3.8884097566438305,-11.949082523713413,1.765,0.0,0.0,-0.889974337796943,0.33310175254926405,-1.9013939493046398e-271,0.0,0.0,0.0,0.05923620442565511,unicycle
3.8923503131181714,-11.953940579806542,1.765,0.0,0.0,-0.8886264711169212,0.3127646889250838,-1.576100138957786e-271,0.0,0.0,0.0,0.06739333400109293,unicycle
3.8960409732770254,-11.958477274069805,1.765,0.0,0.0,-0.8871132047833596,0.29241483278639857,-1.3058557202860413e-271,0.0,0.0,0.0,0.07566331667807047,unicycle
3.8994891010984243,-11.962702059855967,1.765,0.0,0.0,-0.8854374332479023,0.272664662960561,-1.081449987482539e-271,0.0,0.0,0.0,0.08378857677287001,unicycle
3.902707031863566,-11.966630713455265,1.765,0.0,0.0,-0.8836056501449585,0.25391634805449825,-8.951947407268888e-272,0.0,0.0,0.0,0.09158915514719444,unicycle
3.9057101385160533,-11.970282878780303,1.765,0.0,0.0,-0.8816267743678482,0.23641578005360026,-7.406759442294544e-272,0.0,0.0,0.0,0.0989437888555226,unicycle
3.908515420681227,-11.973680262729978,1.765,0.0,0.0,-0.8795112670345454,0.22029430863818164,-6.125452909794033e-272,0.0,0.0,0.0,0.10577536666513854,unicycle
3.9111404921318558,-11.976845332555595,1.765,0.0,0.0,-0.8772704718798493,0.20560079156606437,-5.0634537171490914e-272,0.0,0.0,0.0,0.11203975773479795,unicycle
3.9136028700691736,-11.97980039787173,1.765,0.0,0.0,-0.8749161270757239,0.1923260445384738,-4.1836312047711684e-272,0.0,0.0,0.0,0.11771724020627976,unicycle
3.9159194913843964,-11.982566984955415,1.765,0.0,0.0,-0.8724600084012948,0.18042134682054906,-3.455070370508492e-272,0.0,0.0,0.0,0.12280593372145104,unicycle
3.918106398185501,-11.985165430938984,1.765,0.0,0.0,-0.8699136728679011,0.16981231638589003,-2.852043890209519e-272,0.0,0.0,0.0,0.12731677666968186,unicycle
3.9201785482587623,-11.987614641421821,1.765,0.0,0.0,-0.8672882789793538,0.16040919415081928,-2.3531519150551887e-272,0.0,0.0,0.0,0.13126969442737008,unicycle
3.9221497165610697,-11.989931967694698,1.765,0.0,0.0,-0.8645944652578589,0.1521143577046747,-1.9406026670366833e-272,0.0,0.0,0.0,0.1346906860747411,unicycle
3.9240324619365072,-11.992133169820683,1.765,0.0,0.0,-0.8618422728661612,0.14482771009089437,-1.5996111180763937e-272,0.0,0.0,0.0,0.13760961958488155,unicycle
3.9258381395222752,-11.994232439760554,1.765,0.0,0.0,-0.8590411013949444,0.13845044996088468,-1.317896642214047e-272,0.0,0.0,0.0,0.14005857356084778,unicycle
3.92757694415372,-11.9962424649822,1.765,0.0,0.0,-0.8561996893835694,0.1328876187838806,-1.0852635736178634e-272,0.0,0.0,0.0,0.14207060056874232,unicycle
3.9292579738103774,-11.998174517889554,1.765,0.0,0.0,-0.8533261130726609,0.1280497330779355,-8.932511710165668e-273,0.0,0.0,0.0,0.1436788155454216,unicycle
3.930962215960101,-12.000121954818702,1.765,0.0,0.0,-0.850469954648012,0.12939239207262618,-7.34841654058942e-273,0.0,0.0,0.0,0.14280792123245156,unicycle
3.932809709731089,-12.002221145438439,1.765,0.0,0.0,-0.8477023789891576,0.13981987951607844,-6.042168009213448e-273,0.0,0.0,0.0,0.13837878294272643,unicycle
3.9348795397866714,-12.004560197616762,1.765,0.0,0.0,-0.8450696475479448,0.15616791593246754,-4.9655513180671875e-273,0.0,0.0,0.0,0.13163657206063883,unicycle
3.9372201245356377,-12.007191662404772,1.765,0.0,0.0,-0.8425995546106603,0.17608911241095399,-4.078629945199758e-273,0.0,0.0,0.0,0.12350464686423081,unicycle
3.9398572119077184,-12.010142296932347,1.765,0.0,0.0,-0.8403063900639057,0.19786662670846872,-3.3483395401885157e-273,0.0,0.0,0.0,0.11465822733772861,unicycle
3.942800075972849,-12.01342050492064,1.765,0.0,0.0,-0.8381947447439899,0.22026747224548815,-2.747317999139667e-273,0.0,0.0,0.0,0.10558226599578412,unicycle
3.946046294882495,-12.017021959750483,1.765,0.0,0.0,-0.8362624092936529,0.24242741911560842,-2.252932515959986e-273,0.0,0.0,0.0,0.09661677251685379,unicycle
3.949585408536854,-12.020933815551174,1.765,0.0,0.0,-0.8345025653788959,0.2637610113621456,-1.8464708308198392e-273,0.0,0.0,0.0,0.0879921957378453,unicycle
3.953401692616405,-12.025137828379567,1.765,0.0,0.0,-0.8329054265532051,0.2838915060808071,-1.5124692831406994e-273,0.0,0.0,0.0,0.07985694128455034,unicycle
3.9574762378269086,-12.029612641191987,1.765,0.0,0.0,-0.8314594529170535,0.30259657450230204,-1.2381547900216704e-273,0.0,0.0,0.0,0.07229868180757462,unicycle
3.961788485462087,-12.034335431136705,1.765,0.0,0.0,-0.8301522373332765,0.3197664395823403,-1.0129816509696804e-273,0.0,0.0,0.0,0.06536077918885377,unicycle
3.966317340165065,-12.039283073670463,1.765,0.0,0.0,-0.8289711399775345,0.33537179663967914,-8.282472435299271e-274,0.0,0.0,0.0,0.059054867787108334,unicycle
3.9710419563764976,-12.044432943170062,1.765,0.0,0.0,-0.827903731346038,0.34943940406645624,-6.767733208854555e-274,0.0,0.0,0.0,0.053370431574823116,unicycle
3.9759422752001137,-12.049763442325226,1.765,0.0,0.0,-0.8269380906414986,0.3620336651824117,-5.526418350491372e-274,0.0,0.0,0.0,0.04828203522697217,unicycle
3.9809993724088577,-12.055254331175336,1.765,0.0,0.0,-0.826062996016024,0.37324287032385994,-4.5097605804603724e-274,0.0,0.0,0.0,0.0437547312737335,unicycle
3.9861956653694666,-12.060886909959045,1.765,0.0,0.0,-0.8252680349075319,0.38316904683168296,-3.677593174640344e-274,0.0,0.0,0.0,0.03974805542459402,unicycle
3.9915150162296467,-12.066644096980932,1.765,0.0,0.0,-0.8245436562163198,0.39192058718988826,-2.99684951506664e-274,0.0,0.0,0.0,0.03621893456061244,unicycle
3.9969427603393224,-12.072510432660746,1.765,0.0,0.0,-0.8238811809720132,0.3996070030805787,-2.440321638464544e-274,0.0,0.0,0.0,0.033123762215334876,unicycle
4.0024656821927,-12.078472033180292,1.765,0.0,0.0,-0.823272784151219,0.40633529440075944,-1.9856335509130765e-274,0.0,0.0,0.0,0.030419841039715272,unicycle
4.008071955870671,-12.08451651117728,1.765,0.0,0.0,-0.8227114571933275,0.41220753448055225,-1.6143925484892238e-274,0.0,0.0,0.0,0.028066347894562246,unicycle
4.013751062775056,-12.090632876358606,1.765,0.0,0.0,-0.8221909583428226,0.4173193616270719,-1.3114880077268755e-274,0.0,0.0,0.0,0.026024942525252524,unicycle
4.0194936961628365,-12.096811425407878,1.765,0.0,0.0,-0.8217057560749418,0.4217591373539229,-1.0645122917869471e-274,0.0,0.0,0.0,0.024260113394041032,unicycle
4.025291659432686,-12.103043627901128,1.765,0.0,0.0,-0.8212509694211647,0.4256075869984621,-8.632827306993206e-275,0.0,0.0,0.0,0.02273933268884746,unicycle
4.031137763141912,-12.109322012931568,1.765,0.0,0.0,-0.8208223079091075,0.42893778189964,-6.994472211014079e-275,0.0,0.0,0.0,0.021433075602868553,unicycle
4.037025724220098,-12.11564005963154,1.765,0.0,0.0,-0.8204160129944433,0.431815356336671,-5.661589731572675e-275,0.0,0.0,0.0,0.020314745733200863,unicycle
4.042950069699461,-12.121992093652647,1.765,0.0,0.0,-0.8200288022321195,0.4342988789612478,-4.5780841059497924e-275,0.0,0.0,0.0,0.019360538116189194,unicycle
4.0489060464225854,-12.128373190834024,1.765,0.0,0.0,-0.8196578169642571,0.43644031905414,-3.6980228825671586e-275,0.0,0.0,0.0,0.018549263393121625,unicycle
4.054889537552902,-12.13477908868425,1.765,0.0,0.0,-0.8193005739563374,0.43828556384880174,-2.9838180052602515e-275,0.0,0.0,0.0,0.017862150395982705,unicycle
4.060896986251429,-12.141206105870658,1.765,0.0,0.0,-0.8189549211629004,0.43987495538626625,-2.4047287215581626e-275,0.0,0.0,0.0,0.017282639671857523,unicycle
4.066925326554945,-12.14765106960863,1.765,0.0,0.0,-0.818618997626539,0.44124382469079704,-1.935629993092311e-275,0.0,0.0,0.0,0.01679617681806135,unicycle
4.072971921264056,-12.154111250640662,1.765,0.0,0.0,-0.8182911973918712,0.4424230081155017,-1.555999838444123e-275,0.0,0.0,0.0,0.016390011733402196,unicycle
4.07903450649968,-12.160584305365495,1.765,0.0,0.0,-0.8179701372356679,0.44343933600194846,-1.2490871202014515e-275,0.0,0.0,0.0,0.016053007810174134,unicycle
4.085111142493828,-12.167068224601856,1.765,0.0,0.0,-0.8176546279648059,0.4443160877238476,-1.0012279818647795e-275,0.0,0.0,0.0,0.015775463543096044,unicycle
4.091200170129981,-12.173561288435108,1.765,0.0,0.0,-0.8173436490069181,0.4450734100546885,-8.012846822218992e-276,0.0,0.0,0.0,0.015548947894391622,unicycle
4.097300172728256,-12.180062026586544,1.765,0.0,0.0,-0.8170363260082525,0.44572869785883856,-6.401851609984129e-276,0.0,0.0,0.0,0.015366149933283718,unicycle
4.103409942571893,-12.186569183756033,1.765,0.0,0.0,-0.8167319111544804,0.44629693754796745,-5.10545463077371e-276,0.0,0.0,0.0,0.015220742688600897,unicycle
4.109528451687665,-12.193081689412594,1.765,0.0,0.0,-0.8164297659393502,0.4467910147205416,-4.063602849273149e-276,0.0,0.0,0.0,0.015107260756512428,unicycle
4.115578526496227,-12.19951719344176,1.765,0.0,0.0,-0.8160868644904681,0.4416421573601326,-3.227494987148647e-276,0.0,0.0,0.0,0.017145072444112085,unicycle
4.1214422205045,-12.205749492373952,1.765,0.0,0.0,-0.8156372242473406,0.4278564555915601,-2.5575065044017067e-276,0.0,0.0,0.0,0.022482012156367734,unicycle
4.127044564506864,-12.211697761108796,1.765,0.0,0.0,-0.8150384135111841,0.40855893472630855,-2.0214919596039694e-276,0.0,0.0,0.0,0.029940536807820543,unicycle
4.13234221733532,-12.217314801066937,1.765,0.0,0.0,-0.8142654722175374,0.3860578530165159,-1.5933969737350426e-276,0.0,0.0,0.0,0.038647064682332775,unicycle
4.137314740317043,-12.222577969862135,1.765,0.0,0.0,-0.8133062523111679,0.3620322312665753,-1.2521240534128677e-276,0.0,0.0,0.0,0.04796099531847855,unicycle
4.141957945627156,-12.227482209004366,1.765,0.0,0.0,-0.8121578592365328,0.3376792935934204,-9.806064481668431e-277,0.0,0.0,0.0,0.05741965373175063,unicycle
4.146278868667582,-12.232034716718958,1.765,0.0,0.0,-0.8108239460937504,0.3138300027649602,-7.650523899284063e-277,0.0,0.0,0.0,0.06669565713912495,unicycle
4.150292002535709,-12.236250910473737,1.765,0.0,0.0,-0.8093126668388945,0.2910392571030471,-5.94328794923803e-277,0.0,0.0,0.0,0.0755639627427956,unicycle
4.154016506898635,-12.240151398405802,1.765,0.0,0.0,-0.8076351378172839,0.26965601086615976,-4.594590501419239e-277,0.0,0.0,0.0,0.08387645108052444,unicycle
4.157474164654314,-12.243759736995425,1.765,0.0,0.0,-0.8058042904725006,0.24987752754738052,-3.532140665967895e-277,0.0,0.0,0.0,0.0915423672391625,unicycle
4.160687909090079,-12.247100798280957,1.765,0.0,0.0,-0.8038340242823618,0.23179112776536315,-2.6977953179193784e-277,0.0,0.0,0.0,0.09851330950694046,unicycle
4.163758399653539,-12.250280103954863,1.765,0.0,0.0,-0.8017807550887253,0.2209971930358559,-2.0448537636871113e-277,0.0,0.0,0.0,0.1026634596818339,unicycle
4.166827936821526,-12.253445376651284,1.765,0.0,0.0,-0.7997231658525068,0.22045984060184748,-1.5358600241049544e-277,0.0,0.0,0.0,0.10287946181091516,unicycle
4.1699947969290205,-12.256697753320715,1.765,0.0,0.0,-0.7977154258938673,0.22697446917304545,-1.1408190034048147e-277,0.0,0.0,0.0,0.10038699793196447,unicycle
4.173324032356579,-12.260103475472675,1.765,0.0,0.0,-0.7957932745083974,0.23813210037831617,-8.357498791047849e-278,0.0,0.0,0.0,0.09610756927350365,unicycle
4.176855859719783,-12.263702965698412,1.765,0.0,0.0,-0.793978741241205,0.2521415345897763,-6.015140453621613e-278,0.0,0.0,0.0,0.09072666335962012,unicycle
4.180612163685762,-12.267517819371767,1.765,0.0,0.0,-0.7922837911331261,0.26768888142752306,-4.2286641704176704e-278,0.0,0.0,0.0,0.08474750540394253,unicycle
4.184601521599852,-12.27155614915178,1.765,0.0,0.0,-0.7907131245025736,0.28382693055525704,-2.876883029072598e-278,0.0,0.0,0.0,0.07853333152762393,unicycle
4.188823064557966,-12.275816638105777,1.765,0.0,0.0,-0.7892663137435278,0.2998883014951998,-1.863677541654742e-278,0.0,0.0,0.0,0.07234053795228643,unicycle
4.193269423303385,-12.280291587103617,1.765,0.0,0.0,-0.787939421933722,0.3154175029424913,-1.1129959393393584e-278,0.0,0.0,0.0,0.06634459049029001,unicycle
4.197928955661401,-12.284969183621511,1.765,0.0,0.0,-0.7867262179191072,0.33011799529226926,-5.648248497249898e-279,0.0,0.0,0.0,0.06066020073074502,unicycle
4.202787411835323,-12.289835171230889,1.765,0.0,0.0,-0.7856190784862441,0.34381112779506506,-1.7194603635171717e-279,0.0,0.0,0.0,0.05535697164315661,unicycle
4.207829161912773,-12.294874060426599,1.765,0.0,0.0,-0.7846096490553511,0.3564044489217488,1.026707282279269e-279,0.0,0.0,0.0,0.050471471544650655,unicycle
4.21303808441141,-12.300069990593915,1.765,0.0,0.0,-0.7836893190578509,0.36786739363930365,2.8796051227908973e-279,0.0,0.0,0.0,0.04601649987501207,unicycle
4.218398194231459,-12.305407328446119,1.765,0.0,0.0,-0.7828495560260097,0.378212757565328,4.0644075584263745e-279,0.0,0.0,0.0,0.0419881515920488,unicycle
4.22389407194619,-12.310871068972073,1.765,0.0,0.0,-0.7820821327931815,0.38748269425138765,4.7555377630317996e-279,0.0,0.0,0.0,0.03837116164140536,unicycle
4.229511143161771,-12.316447089789527,1.765,0.0,0.0,-0.7813792745783957,0.39573823348414466,5.08739339125601e-279,0.0,0.0,0.0,0.03514291073929186,unicycle
4.235235846095294,-12.32212229795661,1.765,0.0,0.0,-0.7807337467045988,0.4030515279504811,5.162900104256441e-279,0.0,0.0,0.0,0.032276393689850545,unicycle
4.24105571705903,-12.327884699061277,1.765,0.0,0.0,-0.7801388989514655,0.40950020300208423,5.060319445586168e-279,0.0,0.0,0.0,0.029742387656666872,unicycle
4.2469594167987,-12.333723411232201,1.765,0.0,0.0,-0.7795886788112494,0.4151633177752033,4.838655820381201e-279,0.0,0.0,0.0,0.027511007010813143,unicycle
4.252936715286426,-12.339628641152974,1.765,0.0,0.0,-0.7790776229912107,0.4201185522121971,4.5419409308237144e-279,0.0,0.0,0.0,0.025552791001925722,unicycle
4.258978448347106,-12.345591634864457,1.765,0.0,0.0,-0.7786008342219094,0.4244403189637192,4.202620154244606e-279,0.0,0.0,0.0,0.023839438465071316,unicycle
4.265076456180723,-12.35160461283148,1.765,0.0,0.0,-0.7781539486536571,0.42819856606285583,3.844221690977081e-279,0.0,0.0,0.0,0.022344278412622518,unicycle
4.271223511253204,-12.35766069621236,1.765,0.0,0.0,-0.7777330977471884,0.43145808915623346,3.4834539564616704e-279,0.0,0.0,0.0,0.021042545323433987,unicycle
4.277413241018627,-12.3637538293323,1.765,0.0,0.0,-0.7773348675041413,0.4342782137732397,3.131848094059346e-279,0.0,0.0,0.0,0.019911512152353785,unicycle
4.283640049386766,-12.369878701890576,1.765,0.0,0.0,-0.776956257070624,0.43671274088334644,2.7970393750252173e-279,0.0,0.0,0.0,0.018930521675861824,unicycle
4.289899039666084,-12.37603067332195,1.765,0.0,0.0,-0.7765946381292134,0.43881007465744576,2.483762597326454e-279,0.0,0.0,0.0,0.018080947070528024,unicycle
4.296185940815561,-12.382205700902539,1.765,0.0,0.0,-0.7762477160285243,0.44061347137594703,2.194621553842812e-279,0.0,0.0,0.0,0.017346105034453753,unicycle
4.302497038166902,-12.388400272575788,1.765,0.0,0.0,-0.7759134932512524,0.44216136398683814,1.9306805276574815e-279,0.0,0.0,0.0,0.016711138863595293,unicycle
4.30882910928191,-12.394611345024668,1.765,0.0,0.0,-0.775590235564652,0.44348772884889215,1.6919160300200047e-279,0.0,0.0,0.0,0.016162884330019375,unicycle
4.315179365248414,-12.400836287193217,1.765,0.0,0.0,-0.7752764410107575,0.4446224704475038,1.4775591717928609e-279,0.0,0.0,0.0,0.01568972769472269,unicycle
4.321545397460748,-12.40707282923333,1.765,0.0,0.0,-0.7749708117607905,0.4455918069399379,1.2863527834982565e-279,0.0,0.0,0.0,0.015281462498350575,unicycle
4.327925129752602,-12.413319016697963,1.765,0.0,0.0,-0.7746722287661925,0.44641864474757087,1.1167423735403895e-279,0.0,0.0,0.0,0.01492914972990722,unicycle
4.334316775631631,-12.41957316970124,1.765,0.0,0.0,-0.774379729077506,0.4471229344415152,9.67015996381431e-280,0.0,0.0,0.0,0.014624984434324254,unicycle
4.340718800291468,-12.425833846705366,1.765,0.0,0.0,-0.7740924856640634,0.44772200316287214,8.354048959962964e-280,0.0,0.0,0.0,0.014362170672128019,unicycle
4.347129887035793,-12.432099812562921,1.765,0.0,0.0,-0.7738097895460703,0.44823086101508897,7.201542358518433e-280,0.0,0.0,0.0,0.014134805899654474,unicycle
4.353548907731992,-12.438370010432633,1.765,0.0,0.0,-0.7735310340415422,0.44866248044874774,6.195711964067928e-280,0.0,0.0,0.0,0.013937775226404329,unicycle
4.359974896911562,-12.444643537191073,1.765,0.0,0.0,-0.7732557009300958,0.4490280487739859,5.320561108788695e-280,0.0,0.0,0.0,0.013766655572326954,unicycle
4.366407029145693,-12.450919621976865,1.765,0.0,0.0,-0.7729833483411135,0.44933719469634004,4.561210359999887e-280,0.0,0.0,0.0,0.01361762944912013,unicycle
4.372844599343236,-12.457197607524623,1.765,0.0,0.0,-0.7727136001832626,0.44959819026668396,3.9039914916416467e-280,0.0,0.0,0.0,0.013487407892546956,unicycle
4.379287005641755,-12.463476933970124,1.765,0.0,0.0,-0.7724461369442367,0.4498181299337856,3.336475724234644e-280,0.0,0.0,0.0,0.013373161951302212,unicycle
4.385733734588287,-12.469757124834516,1.765,0.0,0.0,-0.7721806877027964,0.45000308854183046,2.8474560352155657e-280,0.0,0.0,0.0,0.01327246207201906,unicycle
4.392184348333315,-12.47603777492197,1.765,0.0,0.0,-0.7719170232089132,0.4501582601656995,2.426898495064434e-280,0.0,0.0,0.0,0.013183224694155551,unicycle
4.398638473588155,-12.482318539891489,1.765,0.0,0.0,-0.7716549499014942,0.45028807965482304,2.0658738132723467e-280,0.0,0.0,0.0,0.013103665370953038,unicycle
4.405095792121721,-12.488599127288701,1.765,0.0,0.0,-0.7713943047464045,0.4503963286854553,1.7564773570143105e-280,0.0,0.0,0.0,0.0130322577544836,unicycle
4.41155603259704,-12.494879288847123,1.765,0.0,0.0,-0.7711349507900587,0.45048622801875016,1.4917436546921958e-280,0.0,0.0,0.0,0.012967697817294737,unicycle
4.41801896357055,-12.501158813890257,1.765,0.0,0.0,-0.770876773335552,0.45056051754101734,1.2655596729941606e-280,0.0,0.0,0.0,0.01290887272533656,unicycle
4.424484387498074,-12.507437523686006,1.765,0.0,0.0,-0.7706196766590905,0.45062152553244145,1.0725798457249528e-280,0.0,0.0,0.0,0.012854833823071309,unicycle
4.430952135610339,-12.513715266623038,1.765,0.0,0.0,-0.7703635811943045,0.450671228478097,9.08144844813827e-281,0.0,0.0,0.0,0.012804773239292267,unicycle
4.437422063537992,-12.519991914095094,1.765,0.0,0.0,-0.770108421120917,0.45071130260498976,7.682053468289523e-281,0.0,0.0,0.0,0.012758003669374183,unicycle
4.443894047581402,-12.526267356993973,1.765,0.0,0.0,-0.7698541423022134,0.4507431682042486,6.49251505290941e-281,0.0,0.0,0.0,0.012713940935185181,unicycle
4.450367981534169,-12.532541502724806,1.765,0.0,0.0,-0.7696007005228755,0.4507680276804784,5.482484453718199e-281,0.0,0.0,0.0,0.01267208896689844,unicycle
4.4568437739813245,-12.538814272668837,1.765,0.0,0.0,-0.7693480599850563,0.4507868981618118,4.625778180566773e-281,0.0,0.0,0.0,0.012632026890966626,unicycle
4.4633213460038625,-12.545085600028996,1.765,0.0,0.0,-0.7690961920261499,0.4508006394048903,3.899852580213264e-281,0.0,0.0,0.0,0.012593397945317832,unicycle
4.469800629230555,-12.551355428002445,1.765,0.0,0.0,-0.7688450740266235,0.4508099776389546,3.2853346187824147e-281,0.0,0.0,0.0,0.01255589997632574,unicycle
4.476281564186224,-12.557623708232068,1.765,0.0,0.0,-0.7685946884805768,0.4508155259122092,2.765605243935401e-281,0.0,0.0,0.0,0.012519277302345868,unicycle
4.482764098892701,-12.563890399495563,1.765,0.0,0.0,-0.7683450222054623,0.4508178014312356,2.326431268934166e-281,0.0,0.0,0.0,0.012483313755722097,unicycle
4.489248187684951,-12.570155466596736,1.765,0.0,0.0,-0.7680960656706758,0.45081724031991,1.9556415445396872e-281,0.0,0.0,0.0,0.012447826739333624,unicycle
4.4957337902101715,-12.576418879428644,1.765,0.0,0.0,-0.7678478124275722,0.45081421016742446,1.6428431903957773e-281,0.0,0.0,0.0,0.012412662155182311,unicycle
4.502220870582338,-12.582680612182626,1.765,0.0,0.0,-0.7676002586259434,0.4508090206849722,1.3791737878956358e-281,0.0,0.0,0.0,0.012377690081439548,unicycle
4.508709396668661,-12.58894064268108,1.765,0.0,0.0,-0.767353402604123,0.45080193274678526,1.1570856484627093e-281,0.0,0.0,0.0,0.0123428010910088,unicycle
4.515199339487889,-12.595198951815078,1.765,0.0,0.0,-0.7671072445417383,0.4507931660528872,9.7015853273663e-282,0.0,0.0,0.0,0.01230790311923933,unicycle
4.521690672703332,-12.601455523070708,1.765,0.0,0.0,-0.7668617861657151,0.4507829056175435,8.129374839312869e-282,0.0,0.0,0.0,0.012272918801162727,unicycle
4.528183372196047,-12.607710342130483,1.765,0.0,0.0,-0.7666170305015206,0.4507713072584016,6.807927357861567e-282,0.0,0.0,0.0,0.012237783209718906,unicycle
4.534677415705806,-12.613963396538152,1.765,0.0,0.0,-0.7663729816627992,0.45075850223620295,5.6979895023340574e-282,0.0,0.0,0.0,0.012202441936078882,unicycle
4.541172782529319,-12.620214675417047,1.765,0.0,0.0,-0.7661296446735686,0.4507446011732437,4.7663132411079495e-282,0.0,0.0,0.0,0.012166849461529225,unicycle
4.547669453266792,-12.626464169233602,1.765,0.0,0.0,-0.7658870253180162,0.4507296973600495,3.984763727623834e-282,0.0,0.0,0.0,0.01213096777761312,unicycle
4.554167409609252,-12.632711869598925,1.765,0.0,0.0,-0.765645130013667,0.4507138695436211,3.3295544808691265e-282,0.0,0.0,0.0,0.012094765217465468,unicycle
4.5606666341602375,-12.638957769102445,1.765,0.0,0.0,-0.7654039657043338,0.45069718427677163,2.780592779542086e-282,0.0,0.0,0.0,0.012058215466659552,unicycle
4.567167110286423,-12.645201861172543,1.765,0.0,0.0,-0.7651635397698033,0.45067969789620843,2.3209202244935604e-282,0.0,0.0,0.0,0.0120212967265121,unicycle
4.573668821992614,-12.651444139959871,1.765,0.0,0.0,-0.764923859949668,0.45066145818685555,1.9362353042734192e-282,0.0,0.0,0.0,0.01198399100677066,unicycle
4.580171753817214,-12.65768460023976,1.765,0.0,0.0,-0.7646849342791077,0.45064250578122356,1.614486481896649e-282,0.0,0.0,0.0,0.011946283528019162,unicycle
4.586675890744928,-12.663923237330645,1.765,0.0,0.0,-0.7644467710347664,0.4506228753352179,1.3455258188197125e-282,0.0,0.0,0.0,0.011908162217060661,unicycle
4.593181218133915,-12.670160047025936,1.765,0.0,0.0,-0.7642093786891456,0.4506025965154549,1.1208144780325323e-282,0.0,0.0,0.0,0.011869617281037559,unicycle
4.599687721655093,-12.67639502553717,1.765,0.0,0.0,-0.763972765872182,0.4505816948277693,9.331726164934326e-283,0.0,0.0,0.0,0.011830640848187413,unicycle
4.606195387241634,-12.682628169446621,1.765,0.0,0.0,-0.7637369413388827,0.4505601923120154,7.765672024306106e-283,0.0,0.0,0.0,0.011791226664957518,unicycle
4.6127042010469825,-12.688859475667831,1.765,0.0,0.0,-0.7635019139420676,0.45053810812437584,6.459321895722459e-283,0.0,0.0,0.0,0.011751369840758046,unicycle
4.61921414941005,-12.695088941412763,1.765,0.0,0.0,-0.7632676926094085,0.450515459025086,5.370162617844832e-283,0.0,0.0,0.0,0.01171106663295959,unicycle
4.625725218826386,-12.70131656416452,1.765,0.0,0.0,-0.7630342863240912,0.45049225978668384,4.462540406875007e-283,0.0,0.0,0.0,0.011670314265870054,unicycle
4.632237395924376,-12.707542341654685,1.765,0.0,0.0,-0.7628017041085235,0.4504685235355214,3.7065723742052414e-283,0.0,0.0,0.0,0.011629110778385686,unicycle
4.6387506674456205,-12.713766271844543,1.765,0.0,0.0,-0.7625699550106069,0.4504442620372684,3.0772273866083125e-283,0.0,0.0,0.0,0.01158745489582706,unicycle
4.645265020228833,-12.719988352909542,1.765,0.0,0.0,-0.7623390480921635,0.45041948593543824,2.55355056075599e-283,0.0,0.0,0.0,0.011545345922163455,unicycle
4.651780441196658,-12.726208583226448,1.765,0.0,0.0,-0.7621089924191754,0.45039420495053617,2.1180094641372776e-283,0.0,0.0,0.0,0.011502783649416771,unicycle
4.658296917344937,-12.732426961362751,1.765,0.0,0.0,-0.7618797970535447,0.45036842804621535,1.755943342988798e-283,0.0,0.0,0.0,0.011459768281534477,unicycle
4.664814435734006,-12.73864348606796,1.765,0.0,0.0,-0.7616514710461358,0.4503421635678084,1.4550994845376906e-283,0.0,0.0,0.0,0.01141630037044318,unicycle
4.671332983481706,-12.744858156266435,1.765,0.0,0.0,-0.7614240234308887,0.45031541935773867,1.205243207438399e-283,0.0,0.0,0.0,0.01137238076235188,unicycle
4.677852547757801,-12.75107097105153,1.765,0.0,0.0,-0.7611974632198353,0.4502882028515932,9.978300150735868e-284,0.0,0.0,0.0,0.011328010552676406,unicycle
4.684373115779568,-12.757281929680822,1.765,0.0,0.0,-0.7609717993988712,0.45026052115802595,8.25730188979862e-284,0.0,0.0,0.0,0.011283191048212293,unicycle
4.69089467480838,-12.763491031572226,1.765,0.0,0.0,-0.760747040924163,0.4502323811251507,6.829975856116783e-284,0.0,0.0,0.0,0.011237923735399363,unicycle
4.697417212147099,-12.769698276300847,1.765,0.0,0.0,-0.760523196719089,0.4502037893956482,5.646756651516518e-284,0.0,0.0,0.0,0.01119221025370402,unicycle
4.703940715138135,-12.775903663596456,1.765,0.0,0.0,-0.7603002756716232,0.4501747524524518,4.6663485752008527e-284,0.0,0.0,0.0,0.011146052373299263,unicycle
4.710465171162077,-12.78210719334147,1.765,0.0,0.0,-0.760078286632096,0.4501452766565703,3.854362853257432e-284,0.0,0.0,0.0,0.011099451976352467,unicycle
4.716990567636778,-12.788308865569354,1.765,0.0,0.0,-0.7598572384112691,0.4501153682783526,3.182176397264042e-284,0.0,0.0,0.0,0.011052411041340604,unicycle
4.723516892250288,-12.794508680685189,1.765,0.0,0.0,-0.7596371397871453,0.4500850496254156,2.6259766328199814e-284,0.0,0.0,0.0,0.011004931206185762,unicycle
4.730044132852919,-12.800706639362103,1.765,0.0,0.0,-0.7594179994995859,0.4500543355240595,2.1659625130664826e-284,0.0,0.0,0.0,0.010957014377961424,unicycle
4.736572277201174,-12.806902742297236,1.765,0.0,0.0,-0.7591998262397428,0.4500232231111482,1.7856765491868697e-284,0.0,0.0,0.0,0.010908662992156013,unicycle
4.743101312992087,-12.81309699024368,1.765,0.0,0.0,-0.7589826286502078,0.4499917118666749,1.4714466777411557e-284,0.0,0.0,0.0,0.010859879476745337,unicycle
4.749631227889917,-12.81928938403512,1.765,0.0,0.0,-0.7587664153250057,0.4499598030842988,1.2119201532520798e-284,0.0,0.0,0.0,0.010810666260112772,unicycle
4.756162009546836,-12.825479924604696,1.765,0.0,0.0,-0.7585511948094665,0.44992749945543603,9.976744975227854e-285,0.0,0.0,0.0,0.010761025776948206,unicycle
4.762693645618908,-12.831668612999383,1.765,0.0,0.0,-0.7583369756000149,0.44989480474363286,8.208929347821309e-285,0.0,0.0,0.0,0.010710960472578523,unicycle
4.769226123778388,-12.837855450390848,1.765,0.0,0.0,-0.7581237661438932,0.44986172353055853,6.750937621483304e-285,0.0,0.0,0.0,0.010660472806087638,unicycle
4.7757594317231815,-12.844040438083578,1.765,0.0,0.0,-0.7579115748388431,0.44982826101867646,5.549048061505715e-285,0.0,0.0,0.0,0.010609565252508283,unicycle
4.782293557184089,-12.85022357752091,1.765,0.0,0.0,-0.7577004100327568,0.44979442287865146,4.5587554752780666e-285,0.0,0.0,0.0,0.010558240304307305,unicycle
4.788828487930353,-12.856404870289422,1.765,0.0,0.0,-0.7574902800233101,0.4497602151319653,3.743207001673708e-285,0.0,0.0,0.0,0.01050650047233792,unicycle
4.795364211773904,-12.862584318122085,1.765,0.0,0.0,-0.7572811930575822,0.44972564406115095,3.071900414278434e-285,0.0,0.0,0.0,0.010454348286394181,unicycle
4.80190071657263,-12.868761922900482,1.765,0.0,0.0,-0.7570731573316728,0.4496907161416168,2.5196014035970907e-285,0.0,0.0,0.0,0.010401786295472434,unicycle
4.808437990232891,-12.874937686656313,1.765,0.0,0.0,-0.7568661809903164,0.4496554379902774,2.065443430203204e-285,0.0,0.0,0.0,0.010348817067820596,unicycle
4.814976020711485,-12.881111611572354,1.765,0.0,0.0,-0.7566602721264998,0.4496198163272098,1.6921797176892615e-285,0.0,0.0,0.0,0.010295443190837156,unicycle
4.8215147960172,-12.887283699983046,1.765,0.0,0.0,-0.7564554387810825,0.4495838579473517,1.3855619637170393e-285,0.0,0.0,0.0,0.010241667270866976,unicycle
4.82805430421208,-12.893453954374777,1.765,0.0,0.0,-0.7562516889424238,0.4495475696998932,1.1338245435523524e-285,0.0,0.0,0.0,0.01018749193292926,unicycle
4.834594533412457,-12.899622377385972,1.765,0.0,0.0,-0.7560490305460158,0.44951095847352507,9.272564932091781e-286,0.0,0.0,0.0,0.010132919820404124,unicycle
4.841135471789852,-12.905788971807029,1.765,0.0,0.0,-0.7558474714741218,0.44947403118610363,7.578464983318405e-286,0.0,0.0,0.0,0.010077953594697122,unicycle
4.8476771075717675,-12.911953740580163,1.765,0.0,0.0,-0.7556470195554239,0.44943679477761617,6.1898857254535255e-286,0.0,0.0,0.0,0.010022595934895701,unicycle
4.854219429042409,-12.918116686799182,1.765,0.0,0.0,-0.7554476825646753,0.44939925620558163,5.052381629292944e-286,0.0,0.0,0.0,0.009966849537427377,unicycle
4.8607624245433785,-12.924277813709217,1.765,0.0,0.0,-0.7552494682223607,0.44936142244221866,4.1211013590205407e-286,0.0,0.0,0.0,0.009910717115726386,unicycle
4.867306082474329,-12.930437124706435,1.765,0.0,0.0,-0.7550523841943624,0.4493233004728725,3.359115291005985e-286,0.0,0.0,0.0,0.00985420139991314,unicycle
4.873850391293623,-12.936594623337733,1.765,0.0,0.0,-0.7548564380916324,0.4492848972953123,2.7360314997537227e-286,0.0,0.0,0.0,0.009797305136489022,unicycle
4.880395339518984,-12.942750313300435,1.765,0.0,0.0,-0.7546616374698715,0.44924621991960745,2.2268509854911594e-286,0.0,0.0,0.0,0.009740031088047885,unicycle
4.886940915728144,-12.948904198441983,1.765,0.0,0.0,-0.7544679898292115,0.44920727536836486,1.8110212262922814e-286,0.0,0.0,0.0,0.009682382033004578,unicycle
4.893487108559516,-12.955056282759648,1.765,0.0,0.0,-0.7542755026139049,0.4491680706771677,1.4716540597916314e-286,0.0,0.0,0.0,0.009624360765340241,unicycle
4.900033906712859,-12.961206570400213,1.765,0.0,0.0,-0.7540841832120176,0.44912861289509903,1.1948796639010658e-286,0.0,0.0,0.0,0.00956597009436366,unicycle
4.90658129894995,-12.967355065659705,1.765,0.0,0.0,-0.7538940389551279,0.44908890908526916,9.69313203809085e-287,0.0,0.0,0.0,0.009507212844487706,unicycle
4.913129274095276,-12.973501772983086,1.765,0.0,0.0,-0.7537050771180275,0.44904896632528996,7.856147040381037e-287,0.0,0.0,0.0,0.009448091855019675,unicycle
4.919677821036719,-12.979646696963991,1.765,0.0,0.0,-0.7535173049184282,0.44900879170765834,6.361260233944485e-287,0.0,0.0,0.0,0.00938860997996427,unicycle
4.926226928726249,-12.98578984234443,1.765,0.0,0.0,-0.7533307295166715,0.4489683923400273,5.145715692414712e-287,0.0,0.0,0.0,0.009328770087838022,unicycle
4.932776586180623,-12.991931214014514,1.765,0.0,0.0,-0.7531453580154416,0.44892777534535133,4.158116792176241e-287,0.0,0.0,0.0,0.009268575061493846,unicycle
4.939326782482077,-12.998070817012175,1.765,0.0,0.0,-0.7529611974594826,0.44888694786190225,3.356395014416604e-287,0.0,0.0,0.0,0.009208027797954632,unicycle
4.9458775067790235,-13.004208656522882,1.765,0.0,0.0,-0.7527782548353175,0.4488459170431556,2.706137836120212e-287,0.0,0.0,0.0,0.009147131208254673,unicycle
4.952428748286736,-13.010344737879333,1.765,0.0,0.0,-0.7525965370709716,0.44880469005755264,2.1792129162267217e-287,0.0,0.0,0.0,0.009085888217287967,unicycle
4.958980496288039,-13.016479066561175,1.765,0.0,0.0,-0.7524160510356984,0.448763274088144,1.7526366474765976e-287,0.0,0.0,0.0,0.00902430176366244,unicycle
4.965532740133982,-13.022611648194694,1.765,0.0,0.0,-0.7522368035397073,0.4487216763321233,1.407644148981337e-287,0.0,0.0,0.0,0.008962374799559195,unicycle
4.972085469244511,-13.0287424885525,1.765,0.0,0.0,-0.7520588013338954,0.44867990400026003,1.1289252342088955e-287,0.0,0.0,0.0,0.008900110290596043,unicycle
4.9786386731091214,-13.034871593553197,1.765,0.0,0.0,-0.7518820511095813,0.448637964316241,9.039970660636318e-288,0.0,0.0,0.0,0.008837511215694628,unicycle
4.985192341287515,-13.040998969261054,1.765,0.0,0.0,-0.7517065594982423,0.448595864515929,7.226893232574928e-288,0.0,0.0,0.0,0.00877458056695054,unicycle
4.991746463410228,-13.047124621885649,1.765,0.0,0.0,-0.7515323330712521,0.44855361184654724,5.76721931701363e-288,0.0,0.0,0.0,0.008711321349505863,unicycle
4.998301029179257,-13.05324855778151,1.765,0.0,0.0,-0.7513593783396237,0.44851121356579915,4.5935891207514296e-288,0.0,0.0,0.0,0.008647736581423659,unicycle
5.00485602836866,-13.059370783447735,1.765,0.0,0.0,-0.7511877017537523,0.44846867694092973,3.651247854424719e-288,0.0,0.0,0.0,0.008583829293563983,unicycle
5.011411450825155,-13.065491305527607,1.765,0.0,0.0,-0.7510173097031629,0.4484260092477365,2.8957236690039287e-288,0.0,0.0,0.0,0.008519602529461082,unicycle
5.017967286468697,-13.07161013080818,1.765,0.0,0.0,-0.750848208516259,0.4483832177695361,2.2909274925205915e-288,0.0,0.0,0.0,0.008455059345201424,unicycle
5.024523525293035,-13.077727266219856,1.765,0.0,0.0,-0.7506804044600727,0.448340309796093,1.8075990630443046e-288,0.0,0.0,0.0,0.008390202809302305,unicycle
5.031080157366259,-13.083842718835955,1.765,0.0,0.0,-0.750513903740021,0.4482972926225147,1.4220368812814946e-288,0.0,0.0,0.0,0.008325036002590786,unicycle
5.037637172831321,-13.089956495872247,1.765,0.0,0.0,-0.7503487124996593,0.448254173548119,1.1150608780600667e-288,0.0,0.0,0.0,0.008259562018082723,unicycle
5.044194561906551,-13.096068604686492,1.765,0.0,0.0,-0.7501848368204421,0.4482109598752768,8.711657171964932e-289,0.0,0.0,0.0,0.008193783960861721,unicycle
5.050752314886139,-13.102179052777943,1.765,0.0,0.0,-0.7500222827214829,0.44816765890823534,6.778301714159929e-289,0.0,0.0,0.0,0.008127704947957892,unicycle
5.057310422140614,-13.108287847786842,1.765,0.0,0.0,-0.7498610561593182,0.44812427795192367,5.249541984398096e-289,0.0,0.0,0.0,0.008061328108226228,unicycle
5.063868874117298,-13.114394997493902,1.765,0.0,0.0,-0.7497011630276738,0.4480808243107438,4.0440043804209505e-289,0.0,0.0,0.0,0.007994656582224518,unicycle
5.070427661340733,-13.120500509819756,1.765,0.0,0.0,-0.749542609157232,0.44803730528735114,3.09621040687844e-289,0.0,0.0,0.0,0.007927693522090686,unicycle
5.076986774413105,-13.126604392824406,1.765,0.0,0.0,-0.7493854003154036,0.44799372818142497,2.3535418292599663e-289,0.0,0.0,0.0,0.007860442091419471,unicycle
5.083546204014637,-13.132706654706645,1.765,0.0,0.0,-0.7492295422061009,0.4479501002884319,1.7737745511765822e-289,0.0,0.0,0.0,0.00779290546513837,unicycle
5.090105940903968,-13.138807303803464,1.765,0.0,0.0,-0.7490750404695131,0.4479064288983837,1.323076316059009e-289,0.0,0.0,0.0,0.007725086829382783,unicycle
5.09666597591851,-13.14490634858944,1.765,0.0,0.0,-0.7489219006818857,0.44786272129459104,9.743824147417012e-290,0.0,0.0,0.0,0.0076569893813703185,unicycle
5.103226299974787,-13.15100379767611,1.765,0.0,0.0,-0.7487701283553001,0.4478189847524146,7.06079233627383e-290,0.0,0.0,0.0,0.007588616329274206,unicycle
5.109786904068755,-13.15709965981132,1.765,0.0,0.0,-0.7486197289374582,0.44777522653801494,5.009383126156134e-290,0.0,0.0,0.0,0.007519970892095778,unicycle
5.1163477792761,-13.163193943878571,1.765,0.0,0.0,-0.7484707078114675,0.4477314539071017,3.452540993464338e-290,0.0,0.0,0.0,0.007451056299535991,unicycle
5.122908916752522,-13.16928665889633,1.765,0.0,0.0,-0.7483230702956302,0.44768767410368365,2.2814719989464512e-290,0.0,0.0,0.0,0.0073818757918659526,unicycle
5.129470307733994,-13.175377814017333,1.765,0.0,0.0,-0.7481768216432342,0.4476438943588198,1.4100197628381335e-290,0.0,0.0,0.0,0.007312432619796448,unicycle
5.136031943537003,-13.181467418527864,1.765,0.0,0.0,-0.7480319670423474,0.44760012188937254,7.701310831825782e-291,0.0,0.0,0.0,0.007242730044346425,unicycle
5.1425938155587705,-13.187555481847044,1.765,0.0,0.0,-0.7478885116156132,0.4475563638967643,3.0820451841967374e-291,0.0,0.0,0.0,0.007172771336710428,unicycle
5.149155915277456,-13.193642013526057,1.765,0.0,0.0,-0.7477464604200507,0.44751262756573673,-1.784622745195075e-292,0.0,0.0,0.0,0.007102559778124961,unicycle
5.155718234252343,-13.199727023247398,1.765,0.0,0.0,-0.747605818446856,0.44746892006311406,-2.4095083184448463e-291,0.0,0.0,0.0,0.007032098659733793,unicycle
5.162280764123997,-13.20581052082408,1.765,0.0,0.0,-0.7474665906212069,0.4474252485365712,-3.867738501251735e-291,0.0,0.0,0.0,0.006961391282452204,unicycle
5.168843496614413,-13.211892516198846,1.765,0.0,0.0,-0.7473287818020704,0.4473816201134064,-4.752293202451553e-291,0.0,0.0,0.0,0.006890440956830108,unicycle
5.1754064235271375,-13.217973019443338,1.765,0.0,0.0,-0.7471923967820123,0.4473380418993189,-5.216915705251205e-291,0.0,0.0,0.0,0.006819251002914104,unicycle
5.1819695367473795,-13.224052040757275,1.765,0.0,0.0,-0.7470574402870103,0.44729452097719313,-5.379614500334475e-291,0.0,0.0,0.0,0.006747824750108423,unicycle
5.18853282824209,-13.2301295904676,1.765,0.0,0.0,-0.7469239169762695,0.4472510644058876,-5.330359130322088e-291,0.0,0.0,0.0,0.006676165537034783,unicycle
5.1950962900600315,-13.236205679027613,1.765,0.0,0.0,-0.7467918314420418,0.4472076792190311,-5.137197134033961e-291,0.0,0.0,0.0,0.006604276711391148,unicycle
5.201659914331827,-13.242280317016089,1.765,0.0,0.0,-0.7466611882094456,0.4471643724238252,-4.851105126472319e-291,0.0,0.0,0.0,0.006532161629809367,unicycle
5.20822369326999,-13.248353515136378,1.765,0.0,0.0,-0.7465319917362915,0.44712115099985356,-4.509826575204266e-291,0.0,0.0,0.0,0.0064598236577117435,unicycle
5.2147876191689315,-13.254425284215497,1.765,0.0,0.0,-0.7464042464129083,0.4470780218978987,-4.1408998022909006e-291,0.0,0.0,0.0,0.006387266169166505,unicycle
5.221351684404952,-13.260495635203197,1.765,0.0,0.0,-0.7462779565619735,0.4470349920387655,-3.764040024661125e-291,0.0,0.0,0.0,0.006314492546742143,unicycle
5.227915881436215,-13.266564579171018,1.765,0.0,0.0,-0.7461531264383464,0.44699206831211336,-3.3930071064474945e-291,0.0,0.0,0.0,0.006241506181360683,unicycle
5.2344802028027,-13.27263212731133,1.765,0.0,0.0,-0.7460297602289033,0.44694925757529547,-3.037064715361985e-291,0.0,0.0,0.0,0.006168310472149879,unicycle
5.241044641126141,-13.278698290936351,1.765,0.0,0.0,-0.7459078620523774,0.44690656665220646,-2.7021155943271103e-291,0.0,0.0,0.0,0.0060949088262943025,unicycle
5.247609189109939,-13.284763081477172,1.765,0.0,0.0,-0.7457874359591997,0.44686400233213863,-2.391580735938909e-291,0.0,0.0,0.0,0.006021304658885373,unicycle
5.254173839539061,-13.290826510482727,1.765,0.0,0.0,-0.7456684859313444,0.44682157136864653,-2.107076612565868e-291,0.0,0.0,0.0,0.005947501392770299,unicycle
5.260738585279924,-13.296888589618794,1.765,0.0,0.0,-0.7455510158821763,0.44677928047842025,-1.84893364362858e-291,0.0,0.0,0.0,0.005873502458399961,unicycle
5.267303419280253,-13.302949330666948,1.765,0.0,0.0,-0.7454350296563029,0.4467371363401678,-1.6165902652899996e-291,0.0,0.0,0.0,0.005799311293675722,unicycle
5.273868334568929,-13.309008745523519,1.765,0.0,0.0,-0.7453205310294267,0.44669514559350687,-1.4088898931553962e-291,0.0,0.0,0.0,0.005724931343795177,unicycle
5.280433324255813,-13.315066846198519,1.765,0.0,0.0,-0.745207523708205,0.4466533148378653,-1.2243024001029255e-291,0.0,0.0,0.0,0.005650366061096863,unicycle
5.286998381531556,-13.321123644814572,1.765,0.0,0.0,-0.7450960113301068,0.446611650631392,-1.0610871968551584e-291,0.0,0.0,0.0,0.005575618904903941,unicycle
5.293563499667391,-13.327179153605815,1.765,0.0,0.0,-0.7449859974632795,0.446570159489877,-9.174113817615459e-292,0.0,0.0,0.0,0.00550069334136684,unicycle
5.300128672014902,-13.333233384916799,1.765,0.0,0.0,-0.7448774856064133,0.44652884788568115,-7.914335398741668e-292,0.0,0.0,0.0,0.005425592843304866,unicycle
5.306693892005788,-13.339286351201357,1.765,0.0,0.0,-0.7447704791886123,0.4464877222466768,-6.813614752813758e-292,0.0,0.0,0.0,0.005350320890046796,unicycle
5.313259153151594,-13.34533806502149,1.765,0.0,0.0,-0.744664981569267,0.4464467889551982,-5.8549033806626735e-292,0.0,0.0,0.0,0.005274880967270492,unicycle
5.319824449043442,-13.351388539046203,1.765,0.0,0.0,-0.7445609960379302,0.4464060543470018,-5.022261639422431e-292,0.0,0.0,0.0,0.005199276566841486,unicycle
5.32638977335173,-13.357437786050353,1.765,0.0,0.0,-0.7444585258141971,0.4463655247102385,-4.300987046087018e-292,0.0,0.0,0.0,0.005123511186650594,unicycle
5.332955119825821,-13.363485818913475,1.765,0.0,0.0,-0.7443575740475881,0.4463252062844352,-3.677665289840257e-292,0.0,0.0,0.0,0.005047588330450574,unicycle
5.339520482293719,-13.369532650618597,1.765,0.0,0.0,-0.7442581438174342,0.4462851052594885,-3.1401667050643794e-292,0.0,0.0,0.0,0.004971511507691783,unicycle
5.3460858546617205,-13.375578294251042,1.765,0.0,0.0,-0.744160238132767,0.4462452277746683,-2.67760544128518e-292,0.0,0.0,0.0,0.004895284233356924,unicycle
5.352651230914056,-13.381622762997216,1.765,0.0,0.0,-0.7440638599322111,0.4462055799176336,-2.2802742677646e-292,0.0,0.0,0.0,0.004818910027794835,unicycle
5.359216605112512,-13.387666070143387,1.765,0.0,0.0,-0.7439690120838801,0.4461661677234592,-1.939564615240673e-292,0.0,0.0,0.0,0.00474239241655335,unicycle
5.365781971396042,-13.39370822907445,1.765,0.0,0.0,-0.7438756973852759,0.446126997173674,-1.6478788825788154e-292,0.0,0.0,0.0,0.004665734930211234,unicycle
5.372347323980352,-13.399749253272674,1.765,0.0,0.0,-0.7437839185631917,0.4460880741953109,-1.3985400599569407e-292,0.0,0.0,0.0,0.004588941104209248,unicycle
5.378912657157484,-13.405789156316454,1.765,0.0,0.0,-0.7436936782736183,0.4460494046599689,-1.185702213727884e-292,0.0,0.0,0.0,0.004512014478680295,unicycle
5.385477965295367,-13.411827951879031,1.765,0.0,0.0,-0.7436049791016529,0.4460109943828866,-1.0042642388089102e-292,0.0,0.0,0.0,0.004434958598278697,unicycle
5.392043242837374,-13.417865653727223,1.765,0.0,0.0,-0.7435178235614127,0.44597284912202817,-8.497884310715994e-293,0.0,0.0,0.0,0.004357777012008613,unicycle
5.398608484301845,-13.423902275720115,1.765,0.0,0.0,-0.7434322140959516,0.4459349745771813,-7.184248004555372e-293,0.0,0.0,0.0,0.0042804732730516255,unicycle
5.405173684281602,-13.42993783180777,1.765,0.0,0.0,-0.7433481530771797,0.4458973763890676,-6.068415846823595e-293,0.0,0.0,0.0,0.004203050938593486,unicycle
5.411738837443452,-13.43597233602991,1.765,0.0,0.0,-0.7432656428057867,0.44586006013846585,-5.121620936015344e-293,0.0,0.0,0.0,0.004125513569650033,unicycle
5.418303938527676,-13.442005802514583,1.765,0.0,0.0,-0.7431846855111688,0.4458230313453473,-4.319077840705105e-293,0.0,0.0,0.0,0.004047864730892314,unicycle
5.424868982347494,-13.448038245476846,1.765,0.0,0.0,-0.7431052833513595,0.44578629546802373,-3.6394731041947304e-293,0.0,0.0,0.0,0.003970107990470939,unicycle
5.431433963788531,-13.4540696792174,1.765,0.0,0.0,-0.7430274384129627,0.4457498579023091,-3.0645119696068415e-293,0.0,0.0,0.0,0.00389224691983966,unicycle
5.437998877808257,-13.460100118121241,1.765,0.0,0.0,-0.7429511527110911,0.44571372398069303,-2.578517219501764e-293,0.0,0.0,0.0,0.003814285093578189,unicycle
5.444563719435415,-13.466129576656304,1.765,0.0,0.0,-0.7428764281893069,0.44567789897152843,-2.168075755541588e-293,0.0,0.0,0.0,0.0037362260892142905,unicycle
5.451128483769443,-13.472158069372071,1.765,0.0,0.0,-0.7428032667195661,0.4456423880782319,-1.8217284903206097e-293,0.0,0.0,0.0,0.003658073487045131,unicycle
5.457693165979876,-13.478185610898198,1.765,0.0,0.0,-0.7427316701021669,0.44560719643849744,-1.5296992192449546e-293,0.0,0.0,0.0,0.00357983086995797,unicycle
5.464257761305733,-13.484212215943124,1.765,0.0,0.0,-0.7426616400657019,0.4455723291235234,-1.2836583355587384e-293,0.0,0.0,0.0,0.003501501823250125,unicycle
5.470822265054898,-13.490237899292653,1.765,0.0,0.0,-0.7425931782670131,0.44553779113725345,-1.0765175092051565e-293,0.0,0.0,0.0,0.0034230899344482968,unicycle
5.477386672603485,-13.496262675808554,1.765,0.0,0.0,-0.7425262862911503,0.4455035874156305,-9.022517428840005e-294,0.0,0.0,0.0,0.003344598793127263,unicycle
5.483950979395187,-13.502286560427136,1.765,0.0,0.0,-0.7424609656513357,0.44546972282586517,-7.557455266520879e-294,0.0,0.0,0.0,0.0032660319907279077,unicycle
5.49051518094062,-13.508309568157829,1.765,0.0,0.0,-0.7423972177889282,0.44543620216571733,-6.326601216917216e-294,0.0,0.0,0.0,0.003187393120374665,unicycle
5.4970792728166495,-13.51433171408173,1.765,0.0,0.0,-0.7423350440733943,0.44540303016279204,-5.293193047908239e-294,0.0,0.0,0.0,0.0031086857766923497,unicycle
5.503643250665707,-13.520353013350169,1.765,0.0,0.0,-0.742274445802282,0.44537021147384953,-4.426111912652525e-294,0.0,0.0,0.0,0.0030299135556224764,unicycle
5.510207110195095,-13.526373481183255,1.765,0.0,0.0,-0.7422154242011971,0.44533775068412873,-3.69904021579232e-294,0.0,0.0,0.0,0.00295108005423898,unicycle
5.516770847176279,-13.532393132868407,1.765,0.0,0.0,-0.7421579804237857,0.4453056523066855,-3.089740436463715e-294,0.0,0.0,0.0,0.0028721888705634004,unicycle
5.523334457444169,-13.538411983758898,1.765,0.0,0.0,-0.7421021155517182,0.4452739207817452,-2.5794384787719597e-294,0.0,0.0,0.0,0.0027932436033795936,unicycle
5.529897936896395,-13.544430049272371,1.765,0.0,0.0,-0.7420478305946774,0.44524256047606914,-2.152297155475903e-294,0.0,0.0,0.0,0.002714247852047926,unicycle
5.536461281492563,-13.550447344889356,1.765,0.0,0.0,-0.7419951264903512,0.4452115756823356,-1.794967236878408e-294,0.0,0.0,0.0,0.0026352052163190016,unicycle
5.543024487253506,-13.556463886151793,1.765,0.0,0.0,-0.7419440041044283,0.44518097061853595,-1.4962051253297216e-294,0.0,0.0,0.0,0.002556119296146961,unicycle
5.549587550260527,-13.562479688661515,1.765,0.0,0.0,-0.7418944642305982,0.4451507494273846,-1.246547659771119e-294,0.0,0.0,0.0,0.002476993691502339,unicycle
5.556150466654622,-13.56849476807876,1.765,0.0,0.0,-0.7418465075905546,0.4451209161757435,-1.0380358291173168e-294,0.0,0.0,0.0,0.0023978320021845316,unicycle
5.562710873968706,-13.5745069783653,1.765,0.0,0.0,-0.7418001046961465,0.44493150222949546,-8.639802931812661e-295,0.0,0.0,0.0,0.002320144720399475,unicycle
5.5692620599068885,-13.58051018738975,1.765,0.0,0.0,-0.7417551695665501,0.44428750770519565,-7.1876259031660925e-295,0.0,0.0,0.0,0.002246756479835429,unicycle
5.575793893367327,-13.5864951307603,1.765,0.0,0.0,-0.7417115701289568,0.44295709587957705,-5.976667664712745e-295,0.0,0.0,0.0,0.0021799718796564867,unicycle
5.582294206390679,-13.592450678492238,1.765,0.0,0.0,-0.7416691446236432,0.4408021614074628,-4.967369045782682e-295,0.0,0.0,0.0,0.0021212752656810793,unicycle
5.588749810587486,-13.598364766407379,1.765,0.0,0.0,-0.7416277135988083,0.43775353061060324,-4.126566788589649e-295,0.0,0.0,0.0,0.0020715512417397008,unicycle
5.595147234814784,-13.60422507192878,1.765,0.0,0.0,-0.7415870885256463,0.433792051444437,-3.4264761734021167e-295,0.0,0.0,0.0,0.0020312536581077734,unicycle
5.601473250906563,-13.61001949558477,1.765,0.0,0.0,-0.7415470778377933,0.4289342173001759,-2.843832382860265e-295,0.0,0.0,0.0,0.002000534392656856,unicycle
5.607715238852871,-13.615736495377327,1.765,0.0,0.0,-0.7415074910207378,0.4232212782909833,-2.359166418680087e-295,0.0,0.0,0.0,0.001979340852765698,unicycle
5.613861430930531,-13.621365310246563,1.765,0.0,0.0,-0.7414681412361336,0.41671103266116044,-1.9561949579303683e-295,0.0,0.0,0.0,0.001967489230213351,unicycle
5.6199010651132,-13.62689610043834,1.765,0.0,0.0,-0.7414288468553801,0.4094716754994583,-1.621306603760018e-295,0.0,0.0,0.0,0.0019647190376767573,unicycle
5.6258244710111915,-13.63232002608603,1.765,0.0,0.0,-0.7413894321900927,0.401577224430011,-1.3431296141821503e-295,0.0,0.0,0.0,0.0019707332643653054,unicycle
5.631623106134278,-13.637629280310522,1.765,0.0,0.0,-0.7413497276391724,0.3931041519721576,-1.1121684415666444e-295,0.0,0.0,0.0,0.001985227546018905,unicycle
5.637289556064326,-13.642817089284865,1.765,0.0,0.0,-0.7413095694191707,0.3841289391986272,-9.204983368668262e-296,0.0,0.0,0.0,0.002007911000078612,unicycle
5.64281750888438,-13.647877688739161,1.765,0.0,0.0,-0.7412687990033767,0.37472633089149493,-7.615089117809026e-296,0.0,0.0,0.0,0.0020385207896929155,unicycle
5.648201711716121,-13.652806284095218,1.765,0.0,0.0,-0.7412272623630175,0.3649681230078518,-6.296889486522187e-296,0.0,0.0,0.0,0.0020768320179566794,unicycle
5.653437915298745,-13.657598999662287,1.765,0.0,0.0,-0.741184809079206,0.35492235232885483,-5.20445936377553e-296,0.0,0.0,0.0,0.0021226641905758787,unicycle
5.658522811067636,-13.66225282097464,1.765,0.0,0.0,-0.741141291375197,0.34465278830766094,-4.2995482076067085e-296,0.0,0.0,0.0,0.0021758852004448844,unicycle
5.663453964059428,-13.666765533315383,1.765,0.0,0.0,-0.7410965631038962,0.3342186503855929,-3.5503131541830735e-296,0.0,0.0,0.0,0.0022364135650437874,unicycle
5.668229744102686,-13.671135658676818,1.765,0.0,0.0,-0.7410504787144143,0.3236744919809836,-2.930258467729728e-296,0.0,0.0,0.0,0.0023042194740886084,unicycle
5.672849257090033,-13.675362392800494,1.765,0.0,0.0,-0.7410028922130114,0.3130702061834222,-2.4173482301062596e-296,0.0,0.0,0.0,0.0023793250701463387,unicycle
5.677312277621351,-13.679445543476815,1.765,0.0,0.0,-0.7409536561273965,0.3024511188435667,-1.9932643860401454e-296,0.0,0.0,0.0,0.002461804280739002,unicycle
5.6816191839225745,-13.683385470931665,1.765,0.0,0.0,-0.7409026204785908,0.29185814295813367,-1.642786672252597e-296,0.0,0.0,0.0,0.0025517824402847026,unicycle
5.685770895652701,-13.68718303086044,1.765,0.0,0.0,-0.740849631761013,0.2813279745693813,-1.3532746868653653e-296,0.0,0.0,0.0,0.0026494358788905705,unicycle
5.6897688149915275,-13.690839520468483,1.765,0.0,0.0,-0.7407945319288443,0.27089331525948357,-1.1142355029509885e-296,0.0,0.0,0.0,0.0027549916084311805,unicycle
5.6936147712355645,-13.694356627725874,1.765,0.0,0.0,-0.7407371573848186,0.2605831100556,-9.169628851658829e-297,0.0,0.0,0.0,0.002868727201282199,unicycle
