x,y,z,psi,phi,theta,linear_vel_x,linear_vel_y,linear_vel_z,angular_vel_x,angular_vel_y,angular_vel_z,mode
-10.05,11.929,1.2104166666666665,0.0,0.0,0.0,0.0,0.0,0.0,0.0,0.0,0.0,unicycle
-10.049999372799999,11.929,1.2104166666666665,0.0,0.0,0.0,3.136e-05,0.0,0.0,0.0,0.0,0.0,omni
-10.0499965265568,11.929,1.2104166666666665,0.0,0.0,0.0,0.00014231216,0.0,0.0,0.0,0.0,0.0,unicycle
-10.049989255374538,11.929,1.2104166666666665,0.0,0.0,0.0,0.00036355911296,0.0,0.0,0.0,0.0,0.0,omni
-10.049974998134925,11.929,1.2104166666666665,0.0,0.0,0.0,0.0007128619805177599,0.0,0.0,0.0,0.0,0.0,unicycle
-10.049951026650039,11.929,1.2104166666666665,0.0,0.0,0.0,0.0011985742441581462,0.0,0.0,0.0,0.0,0.0,omni
-10.049914579711722,11.929,1.2104166666666665,0.0,0.0,0.0,0.0018223469158887584,0.0,0.0,0.0,0.0,0.0,unicycle
-10.04986295602335,11.929,1.2104166666666665,0.0,0.0,0.0,0.0025811844186437115,0.0,0.0,0.0,0.0,0.0,omni
-10.049793576150396,11.929,1.2104166666666665,0.0,0.0,0.0,0.0034689936476658863,0.0,0.0,0.0,0.0,0.0,unicycle
-10.049704021368637,11.929,1.2104166666666665,0.0,0.0,0.0,0.004477739087786986,0.0,0.0,0.0,0.0,0.0,omni
-10.049592055504906,11.929,1.2104166666666665,0.0,0.0,0.0,0.005598293186441216,0.0,0.0,0.0,0.0,0.0,unicycle
-10.049455634459374,11.929,1.2104166666666665,0.0,0.0,0.0,0.006821052276433559,0.0,0.0,0.0,0.0,0.0,omni
-10.049292906993909,11.929,1.2104166666666665,0.0,0.0,0.0,0.008136373273193945,0.0,0.0,0.0,0.0,0.0,unicycle
-10.049102209506227,11.929,1.2104166666666665,0.0,0.0,0.0,0.009534874384003394,0.0,0.0,0.0,0.0,0.0,omni
-10.048882056835193,11.929,1.2104166666666665,0.0,0.0,0.0,0.011007633551825893,0.0,0.0,0.0,0.0,0.0,unicycle
-10.048631130618755,11.929,1.2104166666666665,0.0,0.0,0.0,0.012546310821835752,0.0,0.0,0.0,0.0,0.0,omni
-10.048348266321401,11.929,1.2104166666666665,0.0,0.0,0.0,0.014143214867762623,0.0,0.0,0.0,0.0,0.0,unicycle
-10.048032439736833,11.929,1.2104166666666665,0.0,0.0,0.0,0.01579132922831776,0.0,0.0,0.0,0.0,0.0,omni
-10.04768275353435,11.929,1.2104166666666665,0.0,0.0,0.0,0.017484310124295827,0.0,0.0,0.0,0.0,0.0,unicycle
-10.047298424237386,11.929,1.2104166666666665,0.0,0.0,0.0,0.019216464848130735,0.0,0.0,0.0,0.0,0.0,omni
-10.0468787698879,11.929,1.2104166666666665,0.0,0.0,0.0,0.020982717474249984,0.0,0.0,0.0,0.0,0.0,unicycle
-10.046423198549942,11.929,1.2104166666666665,0.0,0.0,0.0,0.022778566898025102,0.0,0.0,0.0,0.0,0.0,omni
-10.045931197732589,11.929,1.2104166666666665,0.0,0.0,0.0,0.0246000408675415,0.0,0.0,0.0,0.0,0.0,unicycle
-10.04540232475976,11.929,1.2104166666666665,0.0,0.0,0.0,0.026443648641293303,0.0,0.0,0.0,0.0,0.0,omni
-10.04483619807738,11.929,1.2104166666666665,0.0,0.0,0.0,0.02830633411893499,0.0,0.0,0.0,0.0,0.0,unicycle
-10.044232489463422,11.929,1.2104166666666665,0.0,0.0,0.0,0.03018543069789326,0.0,0.0,0.0,0.0,0.0,omni
-10.043590917090153,11.929,1.2104166666666665,0.0,0.0,0.0,0.03207861866353373,0.0,0.0,0.0,0.0,0.0,unicycle
-10.04291123937833,11.929,1.2104166666666665,0.0,0.0,0.0,0.03398388559112687,0.0,0.0,0.0,0.0,0.0,omni
-10.042193249578379,11.929,1.2104166666666665,0.0,0.0,0.0,0.0358994899975883,0.0,0.0,0.0,0.0,0.0,unicycle
-10.041436771012197,11.929,1.2104166666666665,0.0,0.0,0.0,0.037823928309052304,0.0,0.0,0.0,0.0,0.0,omni
-10.040641652910391,11.929,1.2104166666666665,0.0,0.0,0.0,0.0397559050904448,0.0,0.0,0.0,0.0,0.0,unicycle
-10.039807766782342,11.929,1.2104166666666665,0.0,0.0,0.0,0.04169430640259761,0.0,0.0,0.0,0.0,0.0,omni
-10.038935003260317,11.929,1.2104166666666665,0.0,0.0,0.0,0.043638176101165556,0.0,0.0,0.0,0.0,0.0,unicycle
-10.038023269363077,11.929,1.2104166666666665,0.0,0.0,0.0,0.045586694861988464,0.0,0.0,0.0,0.0,0.0,omni
-10.037072486129002,11.929,1.2104166666666665,0.0,0.0,0.0,0.047539161703663436,0.0,0.0,0.0,0.0,0.0,unicycle
-10.036082586573496,11.929,1.2104166666666665,0.0,0.0,0.0,0.049494977775428765,0.0,0.0,0.0,0.0,0.0,omni
-10.035053513929828,11.929,1.2104166666666665,0.0,0.0,0.0,0.05145363218356728,0.0,0.0,0.0,0.0,0.0,unicycle
-10.03398522013703,11.929,1.2104166666666665,0.0,0.0,0.0,0.05341468963982083,0.0,0.0,0.0,0.0,0.0,omni
-10.03287766454245,11.929,1.2104166666666665,0.0,0.0,0.0,0.055377779728834495,0.0,0.0,0.0,0.0,0.0,unicycle
-10.031730812790311,11.929,1.2104166666666665,0.0,0.0,0.0,0.05734258760699682,0.0,0.0,0.0,0.0,0.0,omni
-10.030544635871085,11.929,1.2104166666666665,0.0,0.0,0.0,0.05930884596117915,0.0,0.0,0.0,0.0,0.0,unicycle
-10.029319109309643,11.929,1.2104166666666665,0.0,0.0,0.0,0.061276328072073546,0.0,0.0,0.0,0.0,0.0,omni
-10.028054212472792,11.929,1.2104166666666665,0.0,0.0,0.0,0.06324484184258101,0.0,0.0,0.0,0.0,0.0,unicycle
-10.026749927979456,11.929,1.2104166666666665,0.0,0.0,0.0,0.06521422466667892,0.0,0.0,0.0,0.0,0.0,omni
-10.02540624119889,11.929,1.2104166666666665,0.0,0.0,0.0,0.06718433902819398,0.0,0.0,0.0,0.0,0.0,unicycle
-10.024023139824255,11.929,1.2104166666666665,0.0,0.0,0.0,0.06915506873181416,0.0,0.0,0.0,0.0,0.0,omni
-10.022600613510644,11.929,1.2104166666666665,0.0,0.0,0.0,0.071126315680446,0.0,0.0,0.0,0.0,0.0,unicycle
-10.021138653568169,11.929,1.2104166666666665,0.0,0.0,0.0,0.07309799712366724,0.0,0.0,0.0,0.0,0.0,omni
-10.019637252701937,11.929,1.2104166666666665,0.0,0.0,0.0,0.07507004331157502,0.0,0.0,0.0,0.0,0.0,unicycle
-10.018096404792,11.929,1.2104166666666665,0.0,0.0,0.0,0.07704239549684486,0.0,0.0,0.0,0.0,0.0,omni
-10.016516104707296,11.929,1.2104166666666665,0.0,0.0,0.0,0.07901500423536578,0.0,0.0,0.0,0.0,0.0,unicycle
-10.014787215515195,11.929,1.2104166666666665,0.0,0.0,0.0,0.08644445960509961,0.0,0.0,0.0,0.0,0.0,omni
-10.01278955310492,11.929,1.2104166666666665,0.0,0.0,0.0,0.09988312051373675,0.0,0.0,0.0,0.0,0.0,unicycle
-10.010443169537314,11.929,1.2104166666666665,0.0,0.0,0.0,0.11731917838013675,0.0,0.0,0.0,0.0,0.0,omni
-10.00770920528856,11.929,1.2104166666666665,0.0,0.0,0.0,0.13669821243786312,0.0,0.0,0.0,0.0,0.0,unicycle
-10.004567045302746,11.929,1.2104166666666665,0.0,0.0,0.0,0.15710799929082023,0.0,0.0,0.0,0.0,0.0,omni
-10.001020304774169,11.929,1.2104166666666665,0.0,0.0,0.0,0.1773370264288055,0.0,0.0,0.0,0.0,0.0,unicycle
-9.99707801036055,11.929,1.2104166666666665,0.0,0.0,0.0,0.19711472068090152,0.0,0.0,0.0,0.0,0.0,omni
-9.992763730520256,11.929,1.2104166666666665,0.0,0.0,0.0,0.21571399201461902,0.0,0.0,0.0,0.0,0.0,unicycle
-9.988099203270163,11.929,1.2104166666666665,0.0,0.0,0.0,0.2332263625045896,0.0,0.0,0.0,0.0,0.0,omni
-9.983115361129872,11.929,1.2104166666666665,0.0,0.0,0.0,0.24919210701467087,0.0,0.0,0.0,0.0,0.0,unicycle
-9.97783741828582,11.929,1.2104166666666665,0.0,0.0,0.0,0.2638971422026261,0.0,0.0,0.0,0.0,0.0,omni
-9.972297012778508,11.929,1.2104166666666665,0.0,0.0,0.0,0.2770202753655501,0.0,0.0,0.0,0.0,0.0,unicycle
-9.96651814283786,11.929,1.2104166666666665,0.0,0.0,0.0,0.28894349703246586,0.0,0.0,0.0,0.0,0.0,omni
-9.96052994895702,11.929,1.2104166666666665,0.0,0.0,0.0,0.29940969404180573,0.0,0.0,0.0,0.0,0.0,unicycle
-9.954353127457782,11.929,1.2104166666666665,0.0,0.0,0.0,0.308841074962086,0.0,0.0,0.0,0.0,0.0,omni
-9.9480130639345,11.929,1.2104166666666665,0.0,0.0,0.0,0.3170031761640877,0.0,0.0,0.0,0.0,0.0,unicycle
-9.941526501381151,11.929,1.2104166666666665,0.0,0.0,0.0,0.32432812766738445,0.0,0.0,0.0,0.0,0.0,omni
-9.934914854159718,11.929,1.2104166666666665,0.0,0.0,0.0,0.3305823610716886,0.0,0.0,0.0,0.0,0.0,unicycle
-9.92819100049675,11.929,1.2104166666666665,0.0,0.0,0.0,0.3361926831484129,0.0,0.0,0.0,0.0,0.0,omni
-9.921372678561116,11.929,1.2104166666666665,0.0,0.0,0.0,0.3409160967816699,0.0,0.0,0.0,0.0,0.0,unicycle
-9.914469329653475,11.929,1.2104166666666665,0.0,0.0,0.0,0.3451674453819965,0.0,0.0,0.0,0.0,0.0,omni
-9.9074955218878,11.929,1.2104166666666665,0.0,0.0,0.0,0.34869038828388765,0.0,0.0,0.0,0.0,0.0,unicycle
-9.900457804347266,11.929,1.2104166666666665,0.0,0.0,0.0,0.3518858770268062,0.0,0.0,0.0,0.0,0.0,omni
-9.89336812996795,11.929,1.2104166666666665,0.0,0.0,0.0,0.35448371896582914,0.0,0.0,0.0,0.0,0.0,unicycle
-9.886230700876414,11.929,1.2104166666666665,0.0,0.0,0.0,0.35687145457685565,0.0,0.0,0.0,0.0,0.0,omni
-9.879055377192753,11.929,1.2104166666666665,0.0,0.0,0.0,0.35876618418306844,0.0,0.0,0.0,0.0,0.0,unicycle
-9.871844505123828,11.929,1.2104166666666665,0.0,0.0,0.0,0.360543603446165,0.0,0.0,0.0,0.0,0.0,omni
-9.864606306842926,11.929,1.2104166666666665,0.0,0.0,0.0,0.3619099140452574,0.0,0.0,0.0,0.0,0.0,unicycle
-9.857341689098337,11.929,1.2104166666666665,0.0,0.0,0.0,0.3632308872295712,0.0,0.0,0.0,0.0,0.0,omni
-9.850057613781441,11.929,1.2104166666666665,0.0,0.0,0.0,0.36420376584480024,0.0,0.0,0.0,0.0,0.0,unicycle
-9.842753887944394,11.929,1.2104166666666665,0.0,0.0,0.0,0.36518629185223295,0.0,0.0,0.0,0.0,0.0,omni
-9.835436516802933,11.929,1.2104166666666665,0.0,0.0,0.0,0.3658685570730822,0.0,0.0,0.0,0.0,0.0,unicycle
-9.828104477441979,11.929,1.2104166666666665,0.0,0.0,0.0,0.3666019680477234,0.0,0.0,0.0,0.0,0.0,omni
-9.82076305682919,11.929,1.2104166666666665,0.0,0.0,0.0,0.3670710306395934,0.0,0.0,0.0,0.0,0.0,unicycle
-9.813410611911262,11.929,1.2104166666666665,0.0,0.0,0.0,0.36762224589629205,0.0,0.0,0.0,0.0,0.0,omni
-9.80605189534717,11.929,1.2104166666666665,0.0,0.0,0.0,0.36793582820448695,0.0,0.0,0.0,0.0,0.0,unicycle
-9.798684804627317,11.929,1.2104166666666665,0.0,0.0,0.0,0.3683545359926717,0.0,0.0,0.0,0.0,0.0,omni
-9.791313698027228,11.929,1.2104166666666665,0.0,0.0,0.0,0.36855533000445007,0.0,0.0,0.0,0.0,0.0,unicycle
-9.78393613508548,11.929,1.2104166666666665,0.0,0.0,0.0,0.3688781470874122,0.0,0.0,0.0,0.0,0.0,omni
-9.776556184930865,11.929,1.2104166666666665,0.0,0.0,0.0,0.3689975077307918,0.0,0.0,0.0,0.0,0.0,unicycle
-9.769171160082198,11.929,1.2104166666666665,0.0,0.0,0.0,0.369251242433331,0.0,0.0,0.0,0.0,0.0,omni
-9.761784918923187,11.929,1.2104166666666665,0.0,0.0,0.0,0.36931205795054683,0.0,0.0,0.0,0.0,0.0,unicycle
-9.754394594415725,11.929,1.2104166666666665,0.0,0.0,0.0,0.36951622537322965,0.0,0.0,0.0,0.0,0.0,omni
-9.747003892141198,11.929,1.2104166666666665,0.0,0.0,0.0,0.3695351137265459,0.0,0.0,0.0,0.0,0.0,unicycle
-9.73960981518503,11.929,1.2104166666666665,0.0,0.0,0.0,0.36970384780841553,0.0,0.0,0.0,0.0,0.0,omni
-9.73221595780888,11.929,1.2104166666666665,0.0,0.0,0.0,0.3696928688074267,0.0,0.0,0.0,0.0,0.0,unicycle
-9.724819227441724,11.929,1.2104166666666665,0.0,0.0,0.0,0.3698365183576381,0.0,0.0,0.0,0.0,0.0,omni
-9.717423138837884,11.929,1.2104166666666665,0.0,0.0,0.0,0.36980443019198284,0.0,0.0,0.0,0.0,0.0,unicycle
-9.71002453365502,11.929,1.2104166666666665,0.0,0.0,0.0,0.3699302591431334,0.0,0.0,0.0,0.0,0.0,omni
-9.702626870875168,11.929,1.2104166666666665,0.0,0.0,0.0,0.3698831389926941,0.0,0.0,0.0,0.0,0.0,unicycle
-9.695226944915706,11.929,1.2104166666666665,0.0,0.0,0.0,0.3699962979728984,0.0,0.0,0.0,0.0,0.0,omni
-9.6878281747769,11.929,1.2104166666666665,0.0,0.0,0.0,0.36993850694042807,0.0,0.0,0.0,0.0,0.0,unicycle
-9.680427321074493,11.929,1.2104166666666665,0.0,0.0,0.0,0.3700426851202819,0.0,0.0,0.0,0.0,0.0,omni
-9.673027774250652,11.929,1.2104166666666665,0.0,0.0,0.0,0.36997734119210507,0.0,0.0,0.0,0.0,0.0,unicycle
-9.665626270819555,11.929,1.2104166666666665,0.0,0.0,0.0,0.3700751715550356,0.0,0.0,0.0,0.0,0.0,omni
-9.658226180893056,11.929,1.2104166666666665,0.0,0.0,0.0,0.3700044963250265,0.0,0.0,0.0,0.0,0.0,unicycle
-9.650824223855711,11.929,1.2104166666666665,0.0,0.0,0.0,0.37009785186728816,0.0,0.0,0.0,0.0,0.0,omni
-9.643423755391186,11.929,1.2104166666666665,0.0,0.0,0.0,0.37002342322610393,0.0,0.0,0.0,0.0,0.0,unicycle
-9.636021482746255,11.929,1.2104166666666665,0.0,0.0,0.0,0.3701136322465868,0.0,0.0,0.0,0.0,0.0,omni
-9.62862075139461,11.929,1.2104166666666665,0.0,0.0,0.0,0.3700365675820568,0.0,0.0,0.0,0.0,0.0,unicycle
-9.62121826000671,11.929,1.2104166666666665,0.0,0.0,0.0,0.37012456939486305,0.0,0.0,0.0,0.0,0.0,omni
-9.613817346850812,11.929,1.2104166666666665,0.0,0.0,0.0,0.37004565779487675,0.0,0.0,0.0,0.0,0.0,unicycle
-9.606414704553732,11.929,1.2104166666666665,0.0,0.0,0.0,0.3701321148540547,0.0,0.0,0.0,0.0,0.0,omni
-9.599013666311588,11.929,1.2104166666666665,0.0,0.0,0.0,0.37005191210716654,0.0,0.0,0.0,0.0,0.0,unicycle
-9.591610920503161,11.929,1.2104166666666665,0.0,0.0,0.0,0.3701372904213628,0.0,0.0,0.0,0.0,0.0,omni
-9.58420979676271,11.929,1.2104166666666665,0.0,0.0,0.0,0.370056187022546,0.0,0.0,0.0,0.0,0.0,unicycle
-9.576806980490385,11.929,1.2104166666666665,0.0,0.0,0.0,0.37014081361612844,0.0,0.0,0.0,0.0,0.0,omni
-9.569405798824842,11.929,1.2104166666666665,0.0,0.0,0.0,0.3700590832772505,0.0,0.0,0.0,0.0,0.0,unicycle
-9.56200293508262,11.929,1.2104166666666665,0.0,0.0,0.0,0.37014318711107336,0.0,0.0,0.0,0.0,0.0,omni
-9.554601714657576,11.929,1.2104166666666665,0.0,0.0,0.0,0.37006102125235046,0.0,0.0,0.0,0.0,0.0,unicycle
-9.547198819412092,11.929,1.2104166666666665,0.0,0.0,0.0,0.3701447622740528,0.0,0.0,0.0,0.0,0.0,omni
-9.539797573522616,11.929,1.2104166666666665,0.0,0.0,0.0,0.37006229447365707,0.0,0.0,0.0,0.0,0.0,unicycle
-9.532394657839003,11.929,1.2104166666666665,0.0,0.0,0.0,0.37014578418061406,0.0,0.0,0.0,0.0,0.0,omni
-9.524993395689865,11.929,1.2104166666666665,0.0,0.0,0.0,0.37006310745693577,0.0,0.0,0.0,0.0,0.0,unicycle
-9.517590467221634,11.929,1.2104166666666665,0.0,0.0,0.0,0.3701464234115577,0.0,0.0,0.0,0.0,0.0,omni
-9.5101891951735,11.929,1.2104166666666665,0.0,0.0,0.0,0.3700636024066381,0.0,0.0,0.0,0.0,0.0,unicycle
-9.502786259204374,11.929,1.2104166666666665,0.0,0.0,0.0,0.3701467984560916,0.0,0.0,0.0,0.0,0.0,omni
-9.495384981644317,11.929,1.2104166666666665,0.0,0.0,0.0,0.37006387800286544,0.0,0.0,0.0,0.0,0.0,unicycle
-9.487982041815183,11.929,1.2104166666666665,0.0,0.0,0.0,0.37014699145672136,0.0,0.0,0.0,0.0,0.0,omni
-9.480580761763402,11.929,1.2104166666666665,0.0,0.0,0.0,0.37006400258892963,0.0,0.0,0.0,0.0,0.0,unicycle
-9.473177820578432,11.929,1.2104166666666665,0.0,0.0,0.0,0.3701470592484303,0.0,0.0,0.0,0.0,0.0,omni
-9.465776540110294,11.929,1.2104166666666665,0.0,0.0,0.0,0.37006402340688854,0.0,0.0,0.0,0.0,0.0,unicycle
-9.458373599288674,11.929,1.2104166666666665,0.0,0.0,0.0,0.3701470410809538,0.0,0.0,0.0,0.0,0.0,omni
-9.450972319827653,11.929,1.2104166666666665,0.0,0.0,0.0,0.3700639730509787,0.0,0.0,0.0,0.0,0.0,unicycle
-9.443569380547476,11.929,1.2104166666666665,0.0,0.0,0.0,0.3701469640089555,0.0,0.0,0.0,0.0,0.0,omni
-9.43616810306813,11.929,1.2104166666666665,0.0,0.0,0.0,0.37006387396733753,0.0,0.0,0.0,0.0,0.0,unicycle
-9.42876516456722,11.929,1.2104166666666665,0.0,0.0,0.0,0.3701469250455755,0.0,0.0,0.0,0.0,0.0,omni
-9.421363884710633,11.929,1.2104166666666665,0.0,0.0,0.0,0.37006399282923796,0.0,0.0,0.0,0.0,0.0,unicycle
-9.4139609409394,11.929,1.2104166666666665,0.0,0.0,0.0,0.3701471885616713,0.0,0.0,0.0,0.0,0.0,omni
-9.40655965410554,11.929,1.2104166666666665,0.0,0.0,0.0,0.37006434169298597,0.0,0.0,0.0,0.0,0.0,unicycle
-9.399156702517725,11.929,1.2104166666666665,0.0,0.0,0.0,0.3701475793906642,0.0,0.0,0.0,0.0,0.0,omni
-9.391755407645153,11.929,1.2104166666666665,0.0,0.0,0.0,0.37006474362862063,0.0,0.0,0.0,0.0,0.0,unicycle
-9.384352448229496,11.929,1.2104166666666665,0.0,0.0,0.0,0.3701479707827794,0.0,0.0,0.0,0.0,0.0,omni
-9.376951146027597,11.929,1.2104166666666665,0.0,0.0,0.0,0.3700651100947724,0.0,0.0,0.0,0.0,0.0,unicycle
-9.369548179966575,11.929,1.2104166666666665,0.0,0.0,0.0,0.37014830305117885,0.0,0.0,0.0,0.0,0.0,omni
-9.362146871906962,11.929,1.2104166666666665,0.0,0.0,0.0,0.37006540298056306,0.0,0.0,0.0,0.0,0.0,unicycle
-9.354743900826495,11.929,1.2104166666666665,0.0,0.0,0.0,0.37014855402345104,0.0,0.0,0.0,0.0,0.0,omni
-9.347342588592323,11.929,1.2104166666666665,0.0,0.0,0.0,0.3700656117087311,0.0,0.0,0.0,0.0,0.0,unicycle
-9.33993961416449,11.929,1.2104166666666665,0.0,0.0,0.0,0.3701487213917089,0.0,0.0,0.0,0.0,0.0,omni
-9.332538299370245,11.929,1.2104166666666665,0.0,0.0,0.0,0.37006573971236073,0.0,0.0,0.0,0.0,0.0,unicycle
-9.32513532312176,11.929,1.2104166666666665,0.0,0.0,0.0,0.3701488124241213,0.0,0.0,0.0,0.0,0.0,omni
-9.317734007188303,11.929,1.2104166666666665,0.0,0.0,0.0,0.37006579667278855,0.0,0.0,0.0,0.0,0.0,unicycle
-9.310331030424951,11.929,1.2104166666666665,0.0,0.0,0.0,0.37014883816774596,0.0,0.0,0.0,0.0,0.0,omni
-9.302929714540081,11.929,1.2104166666666665,0.0,0.0,0.0,0.37006579424351427,0.0,0.0,0.0,0.0,0.0,unicycle
-9.295526738333212,11.929,1.2104166666666665,0.0,0.0,0.0,0.3701488103436025,0.0,0.0,0.0,0.0,0.0,omni
-9.288125423456382,11.929,1.2104166666666665,0.0,0.0,0.0,0.37006574384141216,0.0,0.0,0.0,0.0,0.0,unicycle
-9.280722448660011,11.929,1.2104166666666665,0.0,0.0,0.0,0.37014873981858826,0.0,0.0,0.0,0.0,0.0,omni
-9.273321135547388,11.929,1.2104166666666665,0.0,0.0,0.0,0.3700656556312313,0.0,0.0,0.0,0.0,0.0,unicycle
-9.265918162827948,11.929,1.2104166666666665,0.0,0.0,0.0,0.370148635971924,0.0,0.0,0.0,0.0,0.0,omni
-9.258516852064485,11.929,1.2104166666666665,0.0,0.0,0.0,0.3700655381729602,0.0,0.0,0.0,0.0,0.0,unicycle
-9.251113881933573,11.929,1.2104166666666665,0.0,0.0,0.0,0.37014850654574327,0.0,0.0,0.0,0.0,0.0,omni
-9.24371257396525,11.929,1.2104166666666665,0.0,0.0,0.0,0.37006539841627656,0.0,0.0,0.0,0.0,0.0,unicycle
-9.236309606810483,11.929,1.2104166666666665,0.0,0.0,0.0,0.3701483577383839,0.0,0.0,0.0,0.0,0.0,omni
-9.22890830197331,11.929,1.2104166666666665,0.0,0.0,0.0,0.37006524185884443,0.0,0.0,0.0,0.0,0.0,unicycle
-9.221505338085262,11.929,1.2104166666666665,0.0,0.0,0.0,0.37014819440253777,0.0,0.0,0.0,0.0,0.0,omni
-9.214104036629944,11.929,1.2104166666666665,0.0,0.0,0.0,0.3700650727658739,0.0,0.0,0.0,0.0,0.0,unicycle
-9.206701076224487,11.929,1.2104166666666665,0.0,0.0,0.0,0.3701480202729316,0.0,0.0,0.0,0.0,0.0,omni
-9.199299778336556,11.929,1.2104166666666665,0.0,0.0,0.0,0.37006489439656515,0.0,0.0,0.0,0.0,0.0,unicycle
-9.19189682157285,11.929,1.2104166666666665,0.0,0.0,0.0,0.37014783818515223,0.0,0.0,0.0,0.0,0.0,omni
-9.18449552738863,11.929,1.2104166666666665,0.0,0.0,0.0,0.3700647092111648,0.0,0.0,0.0,0.0,0.0,unicycle
-9.177092574383263,11.929,1.2104166666666665,0.0,0.0,0.0,0.3701476502684391,0.0,0.0,0.0,0.0,0.0,omni
-9.169691284002301,11.929,1.2104166666666665,0.0,0.0,0.0,0.37006451904821036,0.0,0.0,0.0,0.0,0.0,unicycle
-9.16228833484016,11.929,1.2104166666666665,0.0,0.0,0.0,0.37014745810696525,0.0,0.0,0.0,0.0,0.0,omni
-9.15488704833476,11.929,1.2104166666666665,0.0,0.0,0.0,0.3700643252700395,0.0,0.0,0.0,0.0,0.0,unicycle
-9.147484103077357,11.929,1.2104166666666665,0.0,0.0,0.0,0.37014726287017746,0.0,0.0,0.0,0.0,0.0,omni
-9.140082820499781,11.929,1.2104166666666665,0.0,0.0,0.0,0.3700641288788289,0.0,0.0,0.0,0.0,0.0,unicycle
-9.132679877623485,11.929,1.2104166666666665,0.0,0.0,0.0,0.37014714381468583,0.0,0.0,0.0,0.0,0.0,omni
-9.125278593986454,11.929,1.2104166666666665,0.0,0.0,0.0,0.3700641818514494,0.0,0.0,0.0,0.0,0.0,unicycle
-9.117875646923391,11.929,1.2104166666666665,0.0,0.0,0.0,0.37014735315330916,0.0,0.0,0.0,0.0,0.0,omni
-9.110474357199575,11.929,1.2104166666666665,0.0,0.0,0.0,0.3700644861907566,0.0,0.0,0.0,0.0,0.0,unicycle
-9.10307140305137,11.929,1.2104166666666665,0.0,0.0,0.0,0.3701477074101534,0.0,0.0,0.0,0.0,0.0,omni
-9.095670105889322,11.929,1.2104166666666665,0.0,0.0,0.0,0.37006485810222417,0.0,0.0,0.0,0.0,0.0,unicycle
-9.088267144405979,11.929,1.2104166666666665,0.0,0.0,0.0,0.3701480741670823,0.0,0.0,0.0,0.0,0.0,omni
-9.080865840318655,11.929,1.2104166666666665,0.0,0.0,0.0,0.3700652043660816,0.0,0.0,0.0,0.0,0.0,unicycle
-9.073462872521102,11.929,1.2104166666666665,0.0,0.0,0.0,0.37014838987775467,0.0,0.0,0.0,0.0,0.0,omni
-9.06606156284732,11.929,1.2104166666666665,0.0,0.0,0.0,0.3700654836890282,0.0,0.0,0.0,0.0,0.0,unicycle
-9.058658590252382,11.929,1.2104166666666665,0.0,0.0,0.0,0.37014862974690055,0.0,0.0,0.0,0.0,0.0,omni
-9.05125727658572,11.929,1.2104166666666665,0.0,0.0,0.0,0.37006568333317247,0.0,0.0,0.0,0.0,0.0,unicycle
-9.043854300791967,11.929,1.2104166666666665,0.0,0.0,0.0,0.37014878968764814,0.0,0.0,0.0,0.0,0.0,omni
-9.036452984686616,11.929,1.2104166666666665,0.0,0.0,0.0,0.37006580526757576,0.0,0.0,0.0,0.0,0.0,unicycle
-9.029050007171339,11.929,1.2104166666666665,0.0,0.0,0.0,0.37014887576394984,0.0,0.0,0.0,0.0,0.0,omni
-9.02164869000767,11.929,1.2104166666666665,0.0,0.0,0.0,0.3700658581835654,0.0,0.0,0.0,0.0,0.0,unicycle
-9.01424571204348,11.929,1.2104166666666665,0.0,0.0,0.0,0.37014889820938013,0.0,0.0,0.0,0.0,0.0,omni
-9.00684439498215,11.929,1.2104166666666665,0.0,0.0,0.0,0.37006585306656037,0.0,0.0,0.0,0.0,0.0,unicycle
-8.999441417618218,11.929,1.2104166666666665,0.0,0.0,0.0,0.370148868196585,0.0,0.0,0.0,0.0,0.0,omni
-8.992040101600548,11.929,1.2104166666666665,0.0,0.0,0.0,0.37006580088356483,0.0,0.0,0.0,0.0,0.0,unicycle
-8.984637125676077,11.929,1.2104166666666665,0.0,0.0,0.0,0.3701487962236064,0.0,0.0,0.0,0.0,0.0,omni
-8.977235811446139,11.929,1.2104166666666665,0.0,0.0,0.0,0.3700657114970687,0.0,0.0,0.0,0.0,0.0,unicycle
-8.969832837617698,11.929,1.2104166666666665,0.0,0.0,0.0,0.37014869142212176,0.0,0.0,0.0,0.0,0.0,omni
-8.962431525752411,11.929,1.2104166666666665,0.0,0.0,0.0,0.37006559326444877,0.0,0.0,0.0,0.0,0.0,unicycle
-8.95502855452504,11.929,1.2104166666666665,0.0,0.0,0.0,0.3701485613685299,0.0,0.0,0.0,0.0,0.0,omni
-8.94762724546504,11.929,1.2104166666666665,0.0,0.0,0.0,0.37006545299989735,0.0,0.0,0.0,0.0,0.0,unicycle
-8.940224277222033,11.929,1.2104166666666665,0.0,0.0,0.0,0.37014841215048183,0.0,0.0,0.0,0.0,0.0,omni
-8.932822971299817,11.929,1.2104166666666665,0.0,0.0,0.0,0.3700652961107102,0.0,0.0,0.0,0.0,0.0,unicycle
-8.925420006328881,11.929,1.2104166666666665,0.0,0.0,0.0,0.37014824854693973,0.0,0.0,0.0,0.0,0.0,omni
-8.918018703792843,11.929,1.2104166666666665,0.0,0.0,0.0,0.37006512680198506,0.0,0.0,0.0,0.0,0.0,unicycle
-8.910615742307971,11.929,1.2104166666666665,0.0,0.0,0.0,0.3701480742436558,0.0,0.0,0.0,0.0,0.0,omni
-8.903214443342112,11.929,1.2104166666666665,0.0,0.0,0.0,0.37006494829305125,0.0,0.0,0.0,0.0,0.0,unicycle
-8.895811485501238,11.929,1.2104166666666665,0.0,0.0,0.0,0.37014789204378196,0.0,0.0,0.0,0.0,0.0,omni
-8.88841019024088,11.929,1.2104166666666665,0.0,0.0,0.0,0.37006476301779034,0.0,0.0,0.0,0.0,0.0,unicycle
-8.881007236159778,11.929,1.2104166666666665,0.0,0.0,0.0,0.37014770405514447,0.0,0.0,0.0,0.0,0.0,omni
-8.87360594470383,11.929,1.2104166666666665,0.0,0.0,0.0,0.37006457279736366,0.0,0.0,0.0,0.0,0.0,unicycle
-8.866202994466871,11.929,1.2104166666666665,0.0,0.0,0.0,0.37014751184782857,0.0,0.0,0.0,0.0,0.0,omni
-8.858801706887217,11.929,1.2104166666666665,0.0,0.0,0.0,0.37006437898269773,0.0,0.0,0.0,0.0,0.0,unicycle
-8.851398760555579,11.929,1.2104166666666665,0.0,0.0,0.0,0.3701473165820473,0.0,0.0,0.0,0.0,0.0,omni
-8.84399747690421,11.929,1.2104166666666665,0.0,0.0,0.0,0.37006418256850504,0.0,0.0,0.0,0.0,0.0,unicycle
-8.836594534522025,11.929,1.2104166666666665,0.0,0.0,0.0,0.370147119109254,0.0,0.0,0.0,0.0,0.0,omni
-8.82919325379105,11.929,1.2104166666666665,0.0,0.0,0.0,0.37006403654860487,0.0,0.0,0.0,0.0,0.0,unicycle
-8.821790311169014,11.929,1.2104166666666665,0.0,0.0,0.0,0.3701471311018188,0.0,0.0,0.0,0.0,0.0,omni
-8.814389026774595,11.929,1.2104166666666665,0.0,0.0,0.0,0.37006421972104103,0.0,0.0,0.0,0.0,0.0,unicycle
-8.806986078373274,11.929,1.2104166666666665,0.0,0.0,0.0,0.37014742006598855,0.0,0.0,0.0,0.0,0.0,omni
-8.799584787040953,11.929,1.2104166666666665,0.0,0.0,0.0,0.3700645666162,0.0,0.0,0.0,0.0,0.0,unicycle
-8.792181831237347,11.929,1.2104166666666665,0.0,0.0,0.0,0.37014779018016036,0.0,0.0,0.0,0.0,0.0,omni
-8.784780532525378,11.929,1.2104166666666665,0.0,0.0,0.0,0.37006493559834236,0.0,0.0,0.0,0.0,0.0,unicycle
-8.777377569701184,11.929,1.2104166666666665,0.0,0.0,0.0,0.37014814120958445,0.0,0.0,0.0,0.0,0.0,omni
-8.769976264544649,11.929,1.2104166666666665,0.0,0.0,0.0,0.3700652578266747,0.0,0.0,0.0,0.0,0.0,unicycle
-8.762573295986552,11.929,1.2104166666666665,0.0,0.0,0.0,0.3701484279049216,0.0,0.0,0.0,0.0,0.0,omni
-8.755171985874828,11.929,1.2104166666666665,0.0,0.0,0.0,0.3700655055861916,0.0,0.0,0.0,0.0,0.0,unicycle
-8.747769013166693,11.929,1.2104166666666665,0.0,0.0,0.0,0.37014863540664544,0.0,0.0,0.0,0.0,0.0,omni
-8.740367699701107,11.929,1.2104166666666665,0.0,0.0,0.0,0.3700656732792409,0.0,0.0,0.0,0.0,0.0,unicycle
-8.732964724408365,11.929,1.2104166666666665,0.0,0.0,0.0,0.3701487646371942,0.0,0.0,0.0,0.0,0.0,omni
-8.725563409082906,11.929,1.2104166666666665,0.0,0.0,0.0,0.3700657662728109,0.0,0.0,0.0,0.0,0.0,unicycle
-8.718160432605874,11.929,1.2104166666666665,0.0,0.0,0.0,0.3701488238516016,0.0,0.0,0.0,0.0,0.0,omni
-8.710759116714751,11.929,1.2104166666666665,0.0,0.0,0.0,0.3700657945560214,0.0,0.0,0.0,0.0,0.0,unicycle
-8.703356140236156,11.929,1.2104166666666665,0.0,0.0,0.0,0.3701488239297234,0.0,0.0,0.0,0.0,0.0,omni
-8.695954824850272,11.929,1.2104166666666665,0.0,0.0,0.0,0.3700657692943777,0.0,0.0,0.0,0.0,0.0,unicycle
-8.688551849332288,11.929,1.2104166666666665,0.0,0.0,0.0,0.3701487758991446,0.0,0.0,0.0,0.0,0.0,omni
-8.681150535310469,11.929,1.2104166666666665,0.0,0.0,0.0,0.37006570109114106,0.0,0.0,0.0,0.0,0.0,unicycle
-8.673747561515366,11.929,1.2104166666666665,0.0,0.0,0.0,0.3701486897550463,0.0,0.0,0.0,0.0,0.0,omni
-8.666346249530857,11.929,1.2104166666666665,0.0,0.0,0.0,0.3700655992255556,0.0,0.0,0.0,0.0,0.0,unicycle
-8.658943278050696,11.929,1.2104166666666665,0.0,0.0,0.0,0.3701485740081623,0.0,0.0,0.0,0.0,0.0,omni
-8.651541968622158,11.929,1.2104166666666665,0.0,0.0,0.0,0.3700654714267635,0.0,0.0,0.0,0.0,0.0,unicycle
-8.644138999909753,11.929,1.2104166666666665,0.0,0.0,0.0,0.3701484356204406,0.0,0.0,0.0,0.0,0.0,omni
-8.636737693431304,11.929,1.2104166666666665,0.0,0.0,0.0,0.3700653239223324,0.0,0.0,0.0,0.0,0.0,unicycle
-8.629334727828716,11.929,1.2104166666666665,0.0,0.0,0.0,0.3701482801295332,0.0,0.0,0.0,0.0,0.0,omni
-8.621933424596495,11.929,1.2104166666666665,0.0,0.0,0.0,0.3700651616111258,0.0,0.0,0.0,0.0,0.0,unicycle
-8.6145304623595,11.929,1.2104166666666665,0.0,0.0,0.0,0.37014811184968344,0.0,0.0,0.0,0.0,0.0,omni
-8.607129162593953,11.929,1.2104166666666665,0.0,0.0,0.0,0.3700649882774004,0.0,0.0,0.0,0.0,0.0,unicycle
-8.59972620391218,11.929,1.2104166666666665,0.0,0.0,0.0,0.37014793408848073,0.0,0.0,0.0,0.0,0.0,omni
-8.59232490777612,11.929,1.2104166666666665,0.0,0.0,0.0,0.37006480680290293,0.0,0.0,0.0,0.0,0.0,unicycle
-8.584921952789134,11.929,1.2104166666666665,0.0,0.0,0.0,0.3701477493494223,0.0,0.0,0.0,0.0,0.0,omni
-8.577520660401998,11.929,1.2104166666666665,0.0,0.0,0.0,0.37006461935683493,0.0,0.0,0.0,0.0,0.0,unicycle
-8.570117709211846,11.929,1.2104166666666665,0.0,0.0,0.0,0.37014755950755746,0.0,0.0,0.0,0.0,0.0,omni
-8.562716420660717,11.929,1.2104166666666665,0.0,0.0,0.0,0.3700644275564225,0.0,0.0,0.0,0.0,0.0,unicycle
-8.555313473341617,11.929,1.2104166666666665,0.0,0.0,0.0,0.3701473659549161,0.0,0.0,0.0,0.0,0.0,omni
-8.547912188689661,11.929,1.2104166666666665,0.0,0.0,0.0,0.37006423259761223,0.0,0.0,0.0,0.0,0.0,unicycle
-8.540509245295315,11.929,1.2104166666666665,0.0,0.0,0.0,0.37014716971719275,0.0,0.0,0.0,0.0,0.0,omni
-8.533107963542822,11.929,1.2104166666666665,0.0,0.0,0.0,0.3700640876247402,0.0,0.0,0.0,0.0,0.0,unicycle
-8.52570501989089,11.929,1.2104166666666665,0.0,0.0,0.0,0.37014718259650087,0.0,0.0,0.0,0.0,0.0,omni
-8.518303734459938,11.929,1.2104166666666665,0.0,0.0,0.0,0.37006427154746613,0.0,0.0,0.0,0.0,0.0,unicycle
-8.510900785016037,11.929,1.2104166666666665,0.0,0.0,0.0,0.37014747219493227,0.0,0.0,0.0,0.0,0.0,omni
-8.503499492636468,11.929,1.2104166666666665,0.0,0.0,0.0,0.37006461897833764,0.0,0.0,0.0,0.0,0.0,unicycle
-8.496096535781245,11.929,1.2104166666666665,0.0,0.0,0.0,0.37014784276120316,0.0,0.0,0.0,0.0,0.0,omni
-8.488695236014411,11.929,1.2104166666666665,0.0,0.0,0.0,0.3700649883417101,0.0,0.0,0.0,0.0,0.0,unicycle
-8.481292272132176,11.929,1.2104166666666665,0.0,0.0,0.0,0.37014819411184857,0.0,0.0,0.0,0.0,0.0,omni
-8.473890965915363,11.929,1.2104166666666665,0.0,0.0,0.0,0.3700653108404983,0.0,0.0,0.0,0.0,0.0,unicycle
-8.46648799629467,11.929,1.2104166666666665,0.0,0.0,0.0,0.3701484810347342,0.0,0.0,0.0,0.0,0.0,omni
-8.459086685118844,11.929,1.2104166666666665,0.0,0.0,0.0,0.370065558791329,0.0,0.0,0.0,0.0,0.0,unicycle
-8.451683711344902,11.929,1.2104166666666665,0.0,0.0,0.0,0.37014868869719736,0.0,0.0,0.0,0.0,0.0,omni
-8.444282396812515,11.929,1.2104166666666665,0.0,0.0,0.0,0.37006572661933956,0.0,0.0,0.0,0.0,0.0,unicycle
-8.436879420451692,11.929,1.2104166666666665,0.0,0.0,0.0,0.3701488180409898,0.0,0.0,0.0,0.0,0.0,omni
-8.429478104057534,11.929,1.2104166666666665,0.0,0.0,0.0,0.3700658197078703,0.0,0.0,0.0,0.0,0.0,unicycle
-8.422075126510837,11.929,1.2104166666666665,0.0,0.0,0.0,0.3701488773349774,0.0,0.0,0.0,0.0,0.0,omni
-8.41467380954968,11.929,1.2104166666666665,0.0,0.0,0.0,0.3700658480577313,0.0,0.0,0.0,0.0,0.0,unicycle
-8.407270832000304,11.929,1.2104166666666665,0.0,0.0,0.0,0.3701488774688875,0.0,0.0,0.0,0.0,0.0,omni
-8.399869515543447,11.929,1.2104166666666665,0.0,0.0,0.0,0.3700658228427564,0.0,0.0,0.0,0.0,0.0,unicycle
-8.3924665389539,11.929,1.2104166666666665,0.0,0.0,0.0,0.3701488294773263,0.0,0.0,0.0,0.0,0.0,omni
-8.385065223860462,11.929,1.2104166666666665,0.0,0.0,0.0,0.3700657546721221,0.0,0.0,0.0,0.0,0.0,unicycle
-8.37766224899325,11.929,1.2104166666666665,0.0,0.0,0.0,0.3701487433604543,0.0,0.0,0.0,0.0,0.0,omni
-8.370260935936667,11.929,1.2104166666666665,0.0,0.0,0.0,0.3700656528292605,0.0,0.0,0.0,0.0,0.0,unicycle
-8.36285796338402,11.929,1.2104166666666665,0.0,0.0,0.0,0.3701486276325257,0.0,0.0,0.0,0.0,0.0,omni
-8.355456652883095,11.929,1.2104166666666665,0.0,0.0,0.0,0.37006552504627127,0.0,0.0,0.0,0.0,0.0,unicycle
-8.348053683097934,11.929,1.2104166666666665,0.0,0.0,0.0,0.370148489257971,0.0,0.0,0.0,0.0,0.0,omni
-8.340652375546878,11.929,1.2104166666666665,0.0,0.0,0.0,0.3700653775528048,0.0,0.0,0.0,0.0,0.0,unicycle
-8.333249408871357,11.929,1.2104166666666665,0.0,0.0,0.0,0.37014833377618916,0.0,0.0,0.0,0.0,0.0,omni
-8.325848104566372,11.929,1.2104166666666665,0.0,0.0,0.0,0.37006521524918856,0.0,0.0,0.0,0.0,0.0,unicycle
-8.318445141256316,11.929,1.2104166666666665,0.0,0.0,0.0,0.37014816550264884,0.0,0.0,0.0,0.0,0.0,omni
-8.311043840417899,11.929,1.2104166666666665,0.0,0.0,0.0,0.3700650419207045,0.0,0.0,0.0,0.0,0.0,unicycle
-8.303640880662986,11.929,1.2104166666666665,0.0,0.0,0.0,0.37014798774579716,0.0,0.0,0.0,0.0,0.0,omni
-8.296239583453993,11.929,1.2104166666666665,0.0,0.0,0.0,0.37006486044981635,0.0,0.0,0.0,0.0,0.0,unicycle
-8.288836627393795,11.929,1.2104166666666665,0.0,0.0,0.0,0.3701478030097306,0.0,0.0,0.0,0.0,0.0,omni
-8.281435333933668,11.929,1.2104166666666665,0.0,0.0,0.0,0.3700646730062263,0.0,0.0,0.0,0.0,0.0,unicycle
-8.27403238167027,11.929,1.2104166666666665,0.0,0.0,0.0,0.3701476131699161,0.0,0.0,0.0,0.0,0.0,omni
-8.266631092046122,11.929,1.2104166666666665,0.0,0.0,0.0,0.37006448120750884,0.0,0.0,0.0,0.0,0.0,unicycle
-8.259228143653747,11.929,1.2104166666666665,0.0,0.0,0.0,0.3701474196186744,0.0,0.0,0.0,0.0,0.0,omni
-8.251826857928751,11.929,1.2104166666666665,0.0,0.0,0.0,0.37006428624985305,0.0,0.0,0.0,0.0,0.0,unicycle
-8.244423913461116,11.929,1.2104166666666665,0.0,0.0,0.0,0.37014722338190204,0.0,0.0,0.0,0.0,0.0,omni
-8.237022631680883,11.929,1.2104166666666665,0.0,0.0,0.0,0.37006408901167714,0.0,0.0,0.0,0.0,0.0,unicycle
-8.229619689608686,11.929,1.2104166666666665,0.0,0.0,0.0,0.3701471036097258,0.0,0.0,0.0,0.0,0.0,omni
-8.22221840678112,11.929,1.2104166666666665,0.0,0.0,0.0,0.37006414137840205,0.0,0.0,0.0,0.0,0.0,unicycle
-8.214815460532389,11.929,1.2104166666666665,0.0,0.0,0.0,0.3701473124365608,0.0,0.0,0.0,0.0,0.0,omni
-8.20741417162667,11.929,1.2104166666666665,0.0,0.0,0.0,0.37006444528577226,0.0,0.0,0.0,0.0,0.0,unicycle
-8.200011218300087,11.929,1.2104166666666665,0.0,0.0,0.0,0.3701476663291535,0.0,0.0,0.0,0.0,0.0,omni
-8.192609921962283,11.929,1.2104166666666665,0.0,0.0,0.0,0.37006481689030557,0.0,0.0,0.0,0.0,0.0,unicycle
-8.185206961305727,11.929,1.2104166666666665,0.0,0.0,0.0,0.3701480328276402,0.0,0.0,0.0,0.0,0.0,omni
-8.177805658046996,11.929,1.2104166666666665,0.0,0.0,0.0,0.37006516293670966,0.0,0.0,0.0,0.0,0.0,unicycle
-8.17040269107989,11.929,1.2104166666666665,0.0,0.0,0.0,0.37014834835547605,0.0,0.0,0.0,0.0,0.0,omni
-8.16300138223777,11.929,1.2104166666666665,0.0,0.0,0.0,0.3700654421060307,0.0,0.0,0.0,0.0,0.0,unicycle
-8.155598410475857,11.929,1.2104166666666665,0.0,0.0,0.0,0.37014858809562623,0.0,0.0,0.0,0.0,0.0,omni
-8.148197097643017,11.929,1.2104166666666665,0.0,0.0,0.0,0.3700656416419306,0.0,0.0,0.0,0.0,0.0,unicycle
-8.140794122684103,11.929,1.2104166666666665,0.0,0.0,0.0,0.3701487479456001,0.0,0.0,0.0,0.0,0.0,omni
-8.1333928074141,11.929,1.2104166666666665,0.0,0.0,0.0,0.37006576350025805,0.0,0.0,0.0,0.0,0.0,unicycle
-8.125989830734934,11.929,1.2104166666666665,0.0,0.0,0.0,0.3701488339581826,0.0,0.0,0.0,0.0,0.0,omni
-8.118588514407673,11.929,1.2104166666666665,0.0,0.0,0.0,0.3700658163629099,0.0,0.0,0.0,0.0,0.0,unicycle
-8.111185537280495,11.929,1.2104166666666665,0.0,0.0,0.0,0.3701488563589911,0.0,0.0,0.0,0.0,0.0,omni
-8.103784221056326,11.929,1.2104166666666665,0.0,0.0,0.0,0.3700658112085962,0.0,0.0,0.0,0.0,0.0,unicycle
-8.096381244530026,11.929,1.2104166666666665,0.0,0.0,0.0,0.3701488263150196,0.0,0.0,0.0,0.0,0.0,omni
-8.088979929350035,11.929,1.2104166666666665,0.0,0.0,0.0,0.3700657589995633,0.0,0.0,0.0,0.0,0.0,unicycle
-8.081576954263628,11.929,1.2104166666666665,0.0,0.0,0.0,0.37014875432030775,0.0,0.0,0.0,0.0,0.0,omni
-8.074175640871733,11.929,1.2104166666666665,0.0,0.0,0.0,0.3700656695949366,0.0,0.0,0.0,0.0,0.0,unicycle
-8.066772667881661,11.929,1.2104166666666665,0.0,0.0,0.0,0.37014864950370635,0.0,0.0,0.0,0.0,0.0,omni
-8.059371356854665,11.929,1.2104166666666665,0.0,0.0,0.0,0.3700655513497198,0.0,0.0,0.0,0.0,0.0,unicycle
-8.05196838646587,11.929,1.2104166666666665,0.0,0.0,0.0,0.37014851943962335,0.0,0.0,0.0,0.0,0.0,omni
-8.044567078244338,11.929,1.2104166666666665,0.0,0.0,0.0,0.37006541107643576,0.0,0.0,0.0,0.0,0.0,unicycle
-8.037164110840049,11.929,1.2104166666666665,0.0,0.0,0.0,0.3701483702143106,0.0,0.0,0.0,0.0,0.0,omni
-8.029762805756423,11.929,1.2104166666666665,0.0,0.0,0.0,0.3700652541812087,0.0,0.0,0.0,0.0,0.0,unicycle
-8.022359841624311,11.929,1.2104166666666665,0.0,0.0,0.0,0.37014820660575004,0.0,0.0,0.0,0.0,0.0,omni
-8.014958539926948,11.929,1.2104166666666665,0.0,0.0,0.0,0.3700650848683166,0.0,0.0,0.0,0.0,0.0,unicycle
-8.007555579280965,11.929,1.2104166666666665,0.0,0.0,0.0,0.37014803229900844,0.0,0.0,0.0,0.0,0.0,omni
-8.000154281153836,11.929,1.2104166666666665,0.0,0.0,0.0,0.3700649063565157,0.0,0.0,0.0,0.0,0.0,unicycle
-7.9927513241519,11.929,1.2104166666666665,0.0,0.0,0.0,0.370147850096759,0.0,0.0,0.0,0.0,0.0,omni
-7.985350029730313,11.929,1.2104166666666665,0.0,0.0,0.0,0.370064721079288,0.0,0.0,0.0,0.0,0.0,unicycle
-7.9779470764881815,11.929,1.2104166666666665,0.0,0.0,0.0,0.37014766210649475,0.0,0.0,0.0,0.0,0.0,omni
-7.970545785871032,11.929,1.2104166666666665,0.0,0.0,0.0,0.370064530857517,0.0,0.0,0.0,0.0,0.0,unicycle
-7.963142836473072,11.929,1.2104166666666665,0.0,0.0,0.0,0.37014746989806907,0.0,0.0,0.0,0.0,0.0,omni
-7.955741549732235,11.929,1.2104166666666665,0.0,0.0,0.0,0.3700643370419361,0.0,0.0,0.0,0.0,0.0,unicycle
-7.948338604239606,11.929,1.2104166666666665,0.0,0.0,0.0,0.3701472746315343,0.0,0.0,0.0,0.0,0.0,omni
-7.940937321427064,11.929,1.2104166666666665,0.0,0.0,0.0,0.3700641406271238,0.0,0.0,0.0,0.0,0.0,unicycle
-7.933534378315919,11.929,1.2104166666666665,0.0,0.0,0.0,0.37014715555736144,0.0,0.0,0.0,0.0,0.0,omni
-7.926133094444218,11.929,1.2104166666666665,0.0,0.0,0.0,0.3700641935849964,0.0,0.0,0.0,0.0,0.0,unicycle
-7.91873014714653,11.929,1.2104166666666665,0.0,0.0,0.0,0.3701473648843757,0.0,0.0,0.0,0.0,0.0,omni
-7.911328857188227,11.929,1.2104166666666665,0.0,0.0,0.0,0.37006449791519436,0.0,0.0,0.0,0.0,0.0,unicycle
-7.903925902805547,11.929,1.2104166666666665,0.0,0.0,0.0,0.3701477191340974,0.0,0.0,0.0,0.0,0.0,omni
-7.896524605409123,11.929,1.2104166666666665,0.0,0.0,0.0,0.37006486982111486,0.0,0.0,0.0,0.0,0.0,unicycle
-7.889121643691389,11.929,1.2104166666666665,0.0,0.0,0.0,0.37014808588672554,0.0,0.0,0.0,0.0,0.0,omni
-7.881720339369757,11.929,1.2104166666666665,0.0,0.0,0.0,0.3700652160816548,0.0,0.0,0.0,0.0,0.0,unicycle
-7.87431737133786,11.929,1.2104166666666665,0.0,0.0,0.0,0.37014840159485396,0.0,0.0,0.0,0.0,0.0,omni
-7.866916061429805,11.929,1.2104166666666665,0.0,0.0,0.0,0.3700654954026639,0.0,0.0,0.0,0.0,0.0,unicycle
-7.859513088600554,11.929,1.2104166666666665,0.0,0.0,0.0,0.370148641462536,0.0,0.0,0.0,0.0,0.0,omni
-7.85211177469964,11.929,1.2104166666666665,0.0,0.0,0.0,0.3700656950457127,0.0,0.0,0.0,0.0,0.0,unicycle
-7.84470879867159,11.929,1.2104166666666665,0.0,0.0,0.0,0.37014880140247325,0.0,0.0,0.0,0.0,0.0,omni
-7.837307482332001,11.929,1.2104166666666665,0.0,0.0,0.0,0.37006581697952545,0.0,0.0,0.0,0.0,0.0,unicycle
-7.829904504582434,11.929,1.2104166666666665,0.0,0.0,0.0,0.3701488874783527,0.0,0.0,0.0,0.0,0.0,omni
-7.82250318718453,11.929,1.2104166666666665,0.0,0.0,0.0,0.3700658698952205,0.0,0.0,0.0,0.0,0.0,unicycle
-7.81510020898606,11.929,1.2104166666666665,0.0,0.0,0.0,0.37014890992358446,0.0,0.0,0.0,0.0,0.0,omni
-7.8076988916904995,11.929,1.2104166666666665,0.0,0.0,0.0,0.3700658647780888,0.0,0.0,0.0,0.0,0.0,unicycle
-7.800295914092285,11.929,1.2104166666666665,0.0,0.0,0.0,0.37014887991071554,0.0,0.0,0.0,0.0,0.0,omni
-7.792894597840384,11.929,1.2104166666666665,0.0,0.0,0.0,0.37006581259505755,0.0,0.0,0.0,0.0,0.0,unicycle
-7.785491621681629,11.929,1.2104166666666665,0.0,0.0,0.0,0.3701488079377284,0.0,0.0,0.0,0.0,0.0,omni
-7.778090307217457,11.929,1.2104166666666665,0.0,0.0,0.0,0.37006572320857173,0.0,0.0,0.0,0.0,0.0,unicycle
-7.770687333154733,11.929,1.2104166666666665,0.0,0.0,0.0,0.37014870313626647,0.0,0.0,0.0,0.0,0.0,omni
-7.763286021055212,11.929,1.2104166666666665,0.0,0.0,0.0,0.370065604975982,0.0,0.0,0.0,0.0,0.0,unicycle
-7.755883049593557,11.929,1.2104166666666665,0.0,0.0,0.0,0.3701485730827089,0.0,0.0,0.0,0.0,0.0,omni
-7.748481740299326,11.929,1.2104166666666665,0.0,0.0,0.0,0.3700654647114665,0.0,0.0,0.0,0.0,0.0,unicycle
-7.741078771822032,11.929,1.2104166666666665,0.0,0.0,0.0,0.3701484238646965,0.0,0.0,0.0,0.0,0.0,omni
-7.733677465665586,11.929,1.2104166666666665,0.0,0.0,0.0,0.37006530782231356,0.0,0.0,0.0,0.0,0.0,unicycle
-7.726274500460363,11.929,1.2104166666666665,0.0,0.0,0.0,0.3701482602611864,0.0,0.0,0.0,0.0,0.0,omni
-7.71887319769009,11.929,1.2104166666666665,0.0,0.0,0.0,0.37006513851361794,0.0,0.0,0.0,0.0,0.0,unicycle
-7.711470235970932,11.929,1.2104166666666665,0.0,0.0,0.0,0.37014808595792914,0.0,0.0,0.0,0.0,0.0,omni
-7.704068936770838,11.929,1.2104166666666665,0.0,0.0,0.0,0.37006496000470773,0.0,0.0,0.0,0.0,0.0,unicycle
-7.696665978695677,11.929,1.2104166666666665,0.0,0.0,0.0,0.370147903758076,0.0,0.0,0.0,0.0,0.0,omni
-7.689264683201088,11.929,1.2104166666666665,0.0,0.0,0.0,0.3700647747294648,0.0,0.0,0.0,0.0,0.0,unicycle
-7.6818617288857,11.929,1.2104166666666665,0.0,0.0,0.0,0.370147715769454,0.0,0.0,0.0,0.0,0.0,omni
-7.6744604371955205,11.929,1.2104166666666665,0.0,0.0,0.0,0.3700645845090512,0.0,0.0,0.0,0.0,0.0,unicycle
-7.6670574867242784,11.929,1.2104166666666665,0.0,0.0,0.0,0.37014752356214886,0.0,0.0,0.0,0.0,0.0,omni
-7.65965619891039,11.929,1.2104166666666665,0.0,0.0,0.0,0.37006439069439395,0.0,0.0,0.0,0.0,0.0,unicycle
-7.652253252344462,11.929,1.2104166666666665,0.0,0.0,0.0,0.37014732829637415,0.0,0.0,0.0,0.0,0.0,omni
-7.644851968458859,11.929,1.2104166666666665,0.0,0.0,0.0,0.37006419428020587,0.0,0.0,0.0,0.0,0.0,unicycle
-7.637449025842386,11.929,1.2104166666666665,0.0,0.0,0.0,0.37014713082358397,0.0,0.0,0.0,0.0,0.0,omni
-7.6300477448771815,11.929,1.2104166666666665,0.0,0.0,0.0,0.3700640482603074,0.0,0.0,0.0,0.0,0.0,unicycle
-7.622644802020858,11.929,1.2104166666666665,0.0,0.0,0.0,0.3701471428161493,0.0,0.0,0.0,0.0,0.0,omni
-7.6152435173922015,11.929,1.2104166666666665,0.0,0.0,0.0,0.3700642314327434,0.0,0.0,0.0,0.0,0.0,unicycle
-7.607840568756597,11.929,1.2104166666666665,0.0,0.0,0.0,0.3701474317803181,0.0,0.0,0.0,0.0,0.0,omni
-7.600439277190038,11.929,1.2104166666666665,0.0,0.0,0.0,0.37006457832790063,0.0,0.0,0.0,0.0,0.0,unicycle
-7.593036321152148,11.929,1.2104166666666665,0.0,0.0,0.0,0.3701478018944875,0.0,0.0,0.0,0.0,0.0,omni
-7.585635022205949,11.929,1.2104166666666665,0.0,0.0,0.0,0.37006494731003997,0.0,0.0,0.0,0.0,0.0,unicycle
-7.578232059147471,11.929,1.2104166666666665,0.0,0.0,0.0,0.370148152923908,0.0,0.0,0.0,0.0,0.0,omni
-7.570830753756702,11.929,1.2104166666666665,0.0,0.0,0.0,0.37006526953836827,0.0,0.0,0.0,0.0,0.0,unicycle
-7.563427784964318,11.929,1.2104166666666665,0.0,0.0,0.0,0.3701484396192409,0.0,0.0,0.0,0.0,0.0,omni
-7.55602647461836,11.929,1.2104166666666665,0.0,0.0,0.0,0.37006551729788073,0.0,0.0,0.0,0.0,0.0,unicycle
-7.548623501675941,11.929,1.2104166666666665,0.0,0.0,0.0,0.37014864712096,0.0,0.0,0.0,0.0,0.0,omni
-7.541222187976121,11.929,1.2104166666666665,0.0,0.0,0.0,0.37006568499092496,0.0,0.0,0.0,0.0,0.0,unicycle
-7.533819212449092,11.929,1.2104166666666665,0.0,0.0,0.0,0.37014877635150345,0.0,0.0,0.0,0.0,0.0,omni
-7.526417896889402,11.929,1.2104166666666665,0.0,0.0,0.0,0.3700657779844894,0.0,0.0,0.0,0.0,0.0,unicycle
-7.519014920178083,11.929,1.2104166666666665,0.0,0.0,0.0,0.37014883556590494,0.0,0.0,0.0,0.0,0.0,omni
-7.51161360405273,11.929,1.2104166666666665,0.0,0.0,0.0,0.370065806267694,0.0,0.0,0.0,0.0,0.0,unicycle
-7.504210627339848,11.929,1.2104166666666665,0.0,0.0,0.0,0.37014883564402107,0.0,0.0,0.0,0.0,0.0,omni
-7.496809311719726,11.929,1.2104166666666665,0.0,0.0,0.0,0.3700657810060446,0.0,0.0,0.0,0.0,0.0,unicycle
-7.489406335967459,11.929,1.2104166666666665,0.0,0.0,0.0,0.3701487876134365,0.0,0.0,0.0,0.0,0.0,omni
-7.482005021711402,11.929,1.2104166666666665,0.0,0.0,0.0,0.3700657128028022,0.0,0.0,0.0,0.0,0.0,unicycle
-7.474602047682016,11.929,1.2104166666666665,0.0,0.0,0.0,0.3701487014693322,0.0,0.0,0.0,0.0,0.0,omni
-7.467200735463273,11.929,1.2104166666666665,0.0,0.0,0.0,0.3700656109372106,0.0,0.0,0.0,0.0,0.0,unicycle
-7.459797763748824,11.929,1.2104166666666665,0.0,0.0,0.0,0.3701485857224421,0.0,0.0,0.0,0.0,0.0,omni
-7.452396454086056,11.929,1.2104166666666665,0.0,0.0,0.0,0.3700654831384123,0.0,0.0,0.0,0.0,0.0,unicycle
-7.4449934851393635,11.929,1.2104166666666665,0.0,0.0,0.0,0.37014844733471397,0.0,0.0,0.0,0.0,0.0,omni
-7.437592178426684,11.929,1.2104166666666665,0.0,0.0,0.0,0.3700653356339746,0.0,0.0,0.0,0.0,0.0,unicycle
-7.430189212589809,11.929,1.2104166666666665,0.0,0.0,0.0,0.37014829184380016,0.0,0.0,0.0,0.0,0.0,omni
-7.422787909123354,11.929,1.2104166666666665,0.0,0.0,0.0,0.37006517332276173,0.0,0.0,0.0,0.0,0.0,unicycle
-7.415384946652075,11.929,1.2104166666666665,0.0,0.0,0.0,0.37014812356394416,0.0,0.0,0.0,0.0,0.0,omni
-7.407983646652294,11.929,1.2104166666666665,0.0,0.0,0.0,0.37006499998903014,0.0,0.0,0.0,0.0,0.0,unicycle
-7.400580687736241,11.929,1.2104166666666665,0.0,0.0,0.0,0.37014794580273525,0.0,0.0,0.0,0.0,0.0,omni
-7.393179391365951,11.929,1.2104166666666665,0.0,0.0,0.0,0.3700648185145264,0.0,0.0,0.0,0.0,0.0,unicycle
-7.385776436144678,11.929,1.2104166666666665,0.0,0.0,0.0,0.3701477610636704,0.0,0.0,0.0,0.0,0.0,omni
-7.378375143523307,11.929,1.2104166666666665,0.0,0.0,0.0,0.3700646310684519,0.0,0.0,0.0,0.0,0.0,unicycle
-7.370972192098872,11.929,1.2104166666666665,0.0,0.0,0.0,0.37014757122179887,0.0,0.0,0.0,0.0,0.0,omni
-7.363570903313512,11.929,1.2104166666666665,0.0,0.0,0.0,0.37006443926803273,0.0,0.0,0.0,0.0,0.0,unicycle
-7.356167955760128,11.929,1.2104166666666665,0.0,0.0,0.0,0.3701473776691509,0.0,0.0,0.0,0.0,0.0,omni
-7.3487666708739425,11.929,1.2104166666666665,0.0,0.0,0.0,0.37006424430921586,0.0,0.0,0.0,0.0,0.0,unicycle
-7.341363727245316,11.929,1.2104166666666665,0.0,0.0,0.0,0.37014718143142095,0.0,0.0,0.0,0.0,0.0,omni
-7.333962445258589,11.929,1.2104166666666665,0.0,0.0,0.0,0.37006409933633727,0.0,0.0,0.0,0.0,0.0,unicycle
-7.3265595013723726,11.929,1.2104166666666665,0.0,0.0,0.0,0.3701471943107225,0.0,0.0,0.0,0.0,0.0,omni
-7.319158215707191,11.929,1.2104166666666665,0.0,0.0,0.0,0.37006428325905666,0.0,0.0,0.0,0.0,0.0,unicycle
-7.311755266029007,11.929,1.2104166666666665,0.0,0.0,0.0,0.3701474839091474,0.0,0.0,0.0,0.0,0.0,omni
-7.304353973415207,11.929,1.2104166666666665,0.0,0.0,0.0,0.3700646306899218,0.0,0.0,0.0,0.0,0.0,unicycle
-7.2969510163257,11.929,1.2104166666666665,0.0,0.0,0.0,0.370147854475412,0.0,0.0,0.0,0.0,0.0,omni
-7.2895497163246326,11.929,1.2104166666666665,0.0,0.0,0.0,0.37006500005328774,0.0,0.0,0.0,0.0,0.0,unicycle
-7.28214675220811,11.929,1.2104166666666665,0.0,0.0,0.0,0.3701482058260509,0.0,0.0,0.0,0.0,0.0,omni
-7.27474544575707,11.929,1.2104166666666665,0.0,0.0,0.0,0.37006532255206953,0.0,0.0,0.0,0.0,0.0,unicycle
-7.26734247590209,11.929,1.2104166666666665,0.0,0.0,0.0,0.37014849274893,0.0,0.0,0.0,0.0,0.0,omni
-7.259941164492034,11.929,1.2104166666666665,0.0,0.0,0.0,0.37006557050289374,0.0,0.0,0.0,0.0,0.0,unicycle
-7.252538190483808,11.929,1.2104166666666665,0.0,0.0,0.0,0.3701487004113866,0.0,0.0,0.0,0.0,0.0,omni
-7.24513687571719,11.929,1.2104166666666665,0.0,0.0,0.0,0.3700657383308977,0.0,0.0,0.0,0.0,0.0,unicycle
-7.237733899122087,11.929,1.2104166666666665,0.0,0.0,0.0,0.37014882975517255,0.0,0.0,0.0,0.0,0.0,omni
-7.230332582493698,11.929,1.2104166666666665,0.0,0.0,0.0,0.37006583141942206,0.0,0.0,0.0,0.0,0.0,unicycle
-7.222929604712714,11.929,1.2104166666666665,0.0,0.0,0.0,0.370148889049154,0.0,0.0,0.0,0.0,0.0,omni
-7.21552828751733,11.929,1.2104166666666665,0.0,0.0,0.0,0.3700658597692769,0.0,0.0,0.0,0.0,0.0,unicycle
-7.208125309733667,11.929,1.2104166666666665,0.0,0.0,0.0,0.370148889183058,0.0,0.0,0.0,0.0,0.0,omni
-7.20072399304258,11.929,1.2104166666666665,0.0,0.0,0.0,0.3700658345542961,0.0,0.0,0.0,0.0,0.0,unicycle
-7.19332101621875,11.929,1.2104166666666665,0.0,0.0,0.0,0.37014884119149083,0.0,0.0,0.0,0.0,0.0,omni
-7.185919700891077,11.929,1.2104166666666665,0.0,0.0,0.0,0.37006576638365574,0.0,0.0,0.0,0.0,0.0,unicycle
-7.178516725789585,11.929,1.2104166666666665,0.0,0.0,0.0,0.37014875507461265,0.0,0.0,0.0,0.0,0.0,omni
-7.171115412498768,11.929,1.2104166666666665,0.0,0.0,0.0,0.3700656645407879,0.0,0.0,0.0,0.0,0.0,unicycle
-7.1637124397118335,11.929,1.2104166666666665,0.0,0.0,0.0,0.3701486393466777,0.0,0.0,0.0,0.0,0.0,omni
-7.156311128976679,11.929,1.2104166666666665,0.0,0.0,0.0,0.3700655367577923,0.0,0.0,0.0,0.0,0.0,unicycle
-7.148908158957237,11.929,1.2104166666666665,0.0,0.0,0.0,0.37014850097211677,0.0,0.0,0.0,0.0,0.0,omni
-7.14150685117195,11.929,1.2104166666666665,0.0,0.0,0.0,0.3700653892643195,0.0,0.0,0.0,0.0,0.0,unicycle
-7.134103884262142,11.929,1.2104166666666665,0.0,0.0,0.0,0.3701483454903285,0.0,0.0,0.0,0.0,0.0,omni
-7.126702579722927,11.929,1.2104166666666665,0.0,0.0,0.0,0.3700652269606967,0.0,0.0,0.0,0.0,0.0,unicycle
-7.119299616178591,11.929,1.2104166666666665,0.0,0.0,0.0,0.37014817721678156,0.0,0.0,0.0,0.0,0.0,omni
-7.111898315105947,11.929,1.2104166666666665,0.0,0.0,0.0,0.37006505363220604,0.0,0.0,0.0,0.0,0.0,unicycle
-7.104495355116747,11.929,1.2104166666666665,0.0,0.0,0.0,0.3701479994599233,0.0,0.0,0.0,0.0,0.0,omni
-7.0970940576735195,11.929,1.2104166666666665,0.0,0.0,0.0,0.37006487216131156,0.0,0.0,0.0,0.0,0.0,unicycle
-7.089691101379042,11.929,1.2104166666666665,0.0,0.0,0.0,0.3701478147238505,0.0,0.0,0.0,0.0,0.0,omni
-7.082289807684688,11.929,1.2104166666666665,0.0,0.0,0.0,0.3700646847177152,0.0,0.0,0.0,0.0,0.0,unicycle
-7.074886855187007,11.929,1.2104166666666665,0.0,0.0,0.0,0.37014762488402964,0.0,0.0,0.0,0.0,0.0,omni
-7.067485565328628,11.929,1.2104166666666665,0.0,0.0,0.0,0.3700644929189913,0.0,0.0,0.0,0.0,0.0,unicycle
-7.060082616701973,11.929,1.2104166666666665,0.0,0.0,0.0,0.3701474313327814,0.0,0.0,0.0,0.0,0.0,omni
-7.052681330742747,11.929,1.2104166666666665,0.0,0.0,0.0,0.37006429796132884,0.0,0.0,0.0,0.0,0.0,unicycle
-7.0452783860408275,11.929,1.2104166666666665,0.0,0.0,0.0,0.37014723509600245,0.0,0.0,0.0,0.0,0.0,omni
-7.037877104026364,11.929,1.2104166666666665,0.0,0.0,0.0,0.3700641007231465,0.0,0.0,0.0,0.0,0.0,unicycle
-7.030474161719887,11.929,1.2104166666666665,0.0,0.0,0.0,0.37014711532381983,0.0,0.0,0.0,0.0,0.0,omni
-7.023072878658091,11.929,1.2104166666666665,0.0,0.0,0.0,0.3700641530898651,0.0,0.0,0.0,0.0,0.0,unicycle
-7.015669932175079,11.929,1.2104166666666665,0.0,0.0,0.0,0.37014732415064866,0.0,0.0,0.0,0.0,0.0,omni
-7.008268643035134,11.929,1.2104166666666665,0.0,0.0,0.0,0.3700644569972292,0.0,0.0,0.0,0.0,0.0,unicycle
-7.000865689474271,11.929,1.2104166666666665,0.0,0.0,0.0,0.3701476780432353,0.0,0.0,0.0,0.0,0.0,omni
-6.993464392902236,11.929,1.2104166666666665,0.0,0.0,0.0,0.37006482860175643,0.0,0.0,0.0,0.0,0.0,unicycle
-6.986061432011404,11.929,1.2104166666666665,0.0,0.0,0.0,0.37014804454171585,0.0,0.0,0.0,0.0,0.0,omni
-6.978660128518442,11.929,1.2104166666666665,0.0,0.0,0.0,0.37006517464815425,0.0,0.0,0.0,0.0,0.0,unicycle
-6.971257161317052,11.929,1.2104166666666665,0.0,0.0,0.0,0.3701483600695453,0.0,0.0,0.0,0.0,0.0,omni
-6.963855852240702,11.929,1.2104166666666665,0.0,0.0,0.0,0.370065453817469,0.0,0.0,0.0,0.0,0.0,unicycle
-6.956452880244509,11.929,1.2104166666666665,0.0,0.0,0.0,0.37014859980968917,0.0,0.0,0.0,0.0,0.0,omni
-6.949051567177442,11.929,1.2104166666666665,0.0,0.0,0.0,0.37006565335336244,0.0,0.0,0.0,0.0,0.0,unicycle
-6.941648591984247,11.929,1.2104166666666665,0.0,0.0,0.0,0.37014875965965643,0.0,0.0,0.0,0.0,0.0,omni
-6.934247276480015,11.929,1.2104166666666665,0.0,0.0,0.0,0.37006577521168327,0.0,0.0,0.0,0.0,0.0,unicycle
-6.9268442995665716,11.929,1.2104166666666665,0.0,0.0,0.0,0.3701488456722323,0.0,0.0,0.0,0.0,0.0,omni
-6.919442983005084,11.929,1.2104166666666665,0.0,0.0,0.0,0.3700658280743284,0.0,0.0,0.0,0.0,0.0,unicycle
-6.912040005643622,11.929,1.2104166666666665,0.0,0.0,0.0,0.3701488680730341,0.0,0.0,0.0,0.0,0.0,omni
-6.904638689185223,11.929,1.2104166666666665,0.0,0.0,0.0,0.3700658229200083,0.0,0.0,0.0,0.0,0.0,unicycle
-6.897235712424642,11.929,1.2104166666666665,0.0,0.0,0.0,0.3701488380290563,0.0,0.0,0.0,0.0,0.0,omni
-6.889834397010421,11.929,1.2104166666666665,0.0,0.0,0.0,0.3700657707109689,0.0,0.0,0.0,0.0,0.0,unicycle
-6.882431421689734,11.929,1.2104166666666665,0.0,0.0,0.0,0.370148766034338,0.0,0.0,0.0,0.0,0.0,omni
-6.8750301080636085,11.929,1.2104166666666665,0.0,0.0,0.0,0.3700656813063358,0.0,0.0,0.0,0.0,0.0,unicycle
-6.867627134839253,11.929,1.2104166666666665,0.0,0.0,0.0,0.37014866121773027,0.0,0.0,0.0,0.0,0.0,omni
-6.8602258235780305,11.929,1.2104166666666665,0.0,0.0,0.0,0.3700655630611127,0.0,0.0,0.0,0.0,0.0,unicycle
-6.852822852954958,11.929,1.2104166666666665,0.0,0.0,0.0,0.37014853115364094,0.0,0.0,0.0,0.0,0.0,omni
-6.845421544499203,11.929,1.2104166666666665,0.0,0.0,0.0,0.3700654227878224,0.0,0.0,0.0,0.0,0.0,unicycle
-6.838018576860637,11.929,1.2104166666666665,0.0,0.0,0.0,0.37014838192832195,0.0,0.0,0.0,0.0,0.0,omni
-6.830617271542785,11.929,1.2104166666666665,0.0,0.0,0.0,0.3700652658925892,0.0,0.0,0.0,0.0,0.0,unicycle
-6.823214307176389,11.929,1.2104166666666665,0.0,0.0,0.0,0.37014821831975525,0.0,0.0,0.0,0.0,0.0,omni
-6.815813005244795,11.929,1.2104166666666665,0.0,0.0,0.0,0.37006509657969083,0.0,0.0,0.0,0.0,0.0,unicycle
-6.8084100443645355,11.929,1.2104166666666665,0.0,0.0,0.0,0.3701480440130073,0.0,0.0,0.0,0.0,0.0,omni
-6.801008746003177,11.929,1.2104166666666665,0.0,0.0,0.0,0.3700649180678835,0.0,0.0,0.0,0.0,0.0,unicycle
-6.7936057887669605,11.929,1.2104166666666665,0.0,0.0,0.0,0.3701478618107513,0.0,0.0,0.0,0.0,0.0,omni
-6.786204494111146,11.929,1.2104166666666665,0.0,0.0,0.0,0.3700647327906492,0.0,0.0,0.0,0.0,0.0,unicycle
-6.778801540634738,11.929,1.2104166666666665,0.0,0.0,0.0,0.3701476738204805,0.0,0.0,0.0,0.0,0.0,omni
-6.771400249783362,11.929,1.2104166666666665,0.0,0.0,0.0,0.3700645425688718,0.0,0.0,0.0,0.0,0.0,unicycle
-6.7639973001511216,11.929,1.2104166666666665,0.0,0.0,0.0,0.3701474816120484,0.0,0.0,0.0,0.0,0.0,omni
-6.756596013176058,11.929,1.2104166666666665,0.0,0.0,0.0,0.37006434875328437,0.0,0.0,0.0,0.0,0.0,unicycle
-6.7491930674491485,11.929,1.2104166666666665,0.0,0.0,0.0,0.3701472863455072,0.0,0.0,0.0,0.0,0.0,omni
-6.7417917844023805,11.929,1.2104166666666665,0.0,0.0,0.0,0.3700641523384656,0.0,0.0,0.0,0.0,0.0,unicycle
-6.734388841056955,11.929,1.2104166666666665,0.0,0.0,0.0,0.3701471672713279,0.0,0.0,0.0,0.0,0.0,omni
-6.726987556951027,11.929,1.2104166666666665,0.0,0.0,0.0,0.37006420529633194,0.0,0.0,0.0,0.0,0.0,unicycle
-6.7195846094190586,11.929,1.2104166666666665,0.0,0.0,0.0,0.3701473765983359,0.0,0.0,0.0,0.0,0.0,omni
-6.712183319226529,11.929,1.2104166666666665,0.0,0.0,0.0,0.37006450962652354,0.0,0.0,0.0,0.0,0.0,unicycle
-6.704780364609569,11.929,1.2104166666666665,0.0,0.0,0.0,0.3701477308480512,0.0,0.0,0.0,0.0,0.0,omni
-6.697379066978922,11.929,1.2104166666666665,0.0,0.0,0.0,0.3700648815324376,0.0,0.0,0.0,0.0,0.0,unicycle
-6.689976105026908,11.929,1.2104166666666665,0.0,0.0,0.0,0.37014809760067297,0.0,0.0,0.0,0.0,0.0,omni
-6.682574800471048,11.929,1.2104166666666665,0.0,0.0,0.0,0.37006522779297135,0.0,0.0,0.0,0.0,0.0,unicycle
-6.675171832204871,11.929,1.2104166666666665,0.0,0.0,0.0,0.3701484133087951,0.0,0.0,0.0,0.0,0.0,omni
-6.667770522062593,11.929,1.2104166666666665,0.0,0.0,0.0,0.370065507113974,0.0,0.0,0.0,0.0,0.0,unicycle
-6.660367548999062,11.929,1.2104166666666665,0.0,0.0,0.0,0.37014865317647055,0.0,0.0,0.0,0.0,0.0,omni
-6.652966234863921,11.929,1.2104166666666665,0.0,0.0,0.0,0.3700657067570163,0.0,0.0,0.0,0.0,0.0,unicycle
-6.6455632586015945,11.929,1.2104166666666665,0.0,0.0,0.0,0.37014881311640146,0.0,0.0,0.0,0.0,0.0,omni
-6.638161942027779,11.929,1.2104166666666665,0.0,0.0,0.0,0.3700658286908226,0.0,0.0,0.0,0.0,0.0,unicycle
-6.630758964043935,11.929,1.2104166666666665,0.0,0.0,0.0,0.3701488991922744,0.0,0.0,0.0,0.0,0.0,omni
-6.6233576464118045,11.929,1.2104166666666665,0.0,0.0,0.0,0.3700658816065112,0.0,0.0,0.0,0.0,0.0,unicycle
-6.615954667979054,11.929,1.2104166666666665,0.0,0.0,0.0,0.3701489216374998,0.0,0.0,0.0,0.0,0.0,omni
-6.608553350449267,11.929,1.2104166666666665,0.0,0.0,0.0,0.3700658764893731,0.0,0.0,0.0,0.0,0.0,unicycle
-6.601150372616775,11.929,1.2104166666666665,0.0,0.0,0.0,0.37014889162462444,0.0,0.0,0.0,0.0,0.0,omni
-6.5937490561306475,11.929,1.2104166666666665,0.0,0.0,0.0,0.3700658243063355,0.0,0.0,0.0,0.0,0.0,unicycle
-6.586346079737616,11.929,1.2104166666666665,0.0,0.0,0.0,0.37014881965163093,0.0,0.0,0.0,0.0,0.0,omni
-6.578944765039221,11.929,1.2104166666666665,0.0,0.0,0.0,0.3700657349198431,0.0,0.0,0.0,0.0,0.0,unicycle
-6.5715417907422164,11.929,1.2104166666666665,0.0,0.0,0.0,0.3701487148501624,0.0,0.0,0.0,0.0,0.0,omni
-6.564140478408472,11.929,1.2104166666666665,0.0,0.0,0.0,0.37006561668724697,0.0,0.0,0.0,0.0,0.0,unicycle
-6.55673750671254,11.929,1.2104166666666665,0.0,0.0,0.0,0.37014858479659835,0.0,0.0,0.0,0.0,0.0,omni
-6.549336197184086,11.929,1.2104166666666665,0.0,0.0,0.0,0.37006547642272486,0.0,0.0,0.0,0.0,0.0,unicycle
-6.541933228472516,11.929,1.2104166666666665,0.0,0.0,0.0,0.37014843557857924,0.0,0.0,0.0,0.0,0.0,omni
-6.534531922081843,11.929,1.2104166666666665,0.0,0.0,0.0,0.37006531953356525,0.0,0.0,0.0,0.0,0.0,unicycle
-6.527128956642343,11.929,1.2104166666666665,0.0,0.0,0.0,0.37014827197506256,0.0,0.0,0.0,0.0,0.0,omni
-6.5197276536378475,11.929,1.2104166666666665,0.0,0.0,0.0,0.37006515022486297,0.0,0.0,0.0,0.0,0.0,unicycle
-6.512324691684412,11.929,1.2104166666666665,0.0,0.0,0.0,0.37014809767179874,0.0,0.0,0.0,0.0,0.0,omni
-6.504923392250092,11.929,1.2104166666666665,0.0,0.0,0.0,0.37006497171594643,0.0,0.0,0.0,0.0,0.0,unicycle
-6.497520433940654,11.929,1.2104166666666665,0.0,0.0,0.0,0.3701479154719394,0.0,0.0,0.0,0.0,0.0,omni
-6.490119138211838,11.929,1.2104166666666665,0.0,0.0,0.0,0.3700647864406974,0.0,0.0,0.0,0.0,0.0,unicycle
-6.482716183662173,11.929,1.2104166666666665,0.0,0.0,0.0,0.3701477274833112,0.0,0.0,0.0,0.0,0.0,omni
-6.475314891737767,11.929,1.2104166666666665,0.0,0.0,0.0,0.3700645962202775,0.0,0.0,0.0,0.0,0.0,unicycle
-6.4679119410322485,11.929,1.2104166666666665,0.0,0.0,0.0,0.37014753527599964,0.0,0.0,0.0,0.0,0.0,omni
-6.460510652984137,11.929,1.2104166666666665,0.0,0.0,0.0,0.37006440240561367,0.0,0.0,0.0,0.0,0.0,unicycle
-6.453107706183932,11.929,1.2104166666666665,0.0,0.0,0.0,0.37014734001021843,0.0,0.0,0.0,0.0,0.0,omni
-6.445706422064102,11.929,1.2104166666666665,0.0,0.0,0.0,0.3700642059914192,0.0,0.0,0.0,0.0,0.0,unicycle
-6.438303479213353,11.929,1.2104166666666665,0.0,0.0,0.0,0.37014714253742187,0.0,0.0,0.0,0.0,0.0,omni
-6.430902198013921,11.929,1.2104166666666665,0.0,0.0,0.0,0.37006405997151437,0.0,0.0,0.0,0.0,0.0,unicycle
-6.423499254923321,11.929,1.2104166666666665,0.0,0.0,0.0,0.3701471545299808,0.0,0.0,0.0,0.0,0.0,omni
-6.4160979700604415,11.929,1.2104166666666665,0.0,0.0,0.0,0.3700642431439439,0.0,0.0,0.0,0.0,0.0,unicycle
-6.40869502119056,11.929,1.2104166666666665,0.0,0.0,0.0,0.37014744349414325,0.0,0.0,0.0,0.0,0.0,omni
-6.401293729389778,11.929,1.2104166666666665,0.0,0.0,0.0,0.3700645900390948,0.0,0.0,0.0,0.0,0.0,unicycle
-6.393890773117612,11.929,1.2104166666666665,0.0,0.0,0.0,0.37014781360830623,0.0,0.0,0.0,0.0,0.0,omni
-6.386489473937186,11.929,1.2104166666666665,0.0,0.0,0.0,0.3700649590212277,0.0,0.0,0.0,0.0,0.0,unicycle
-6.379086510644431,11.929,1.2104166666666665,0.0,0.0,0.0,0.3701481646377204,0.0,0.0,0.0,0.0,0.0,omni
-6.371685205019439,11.929,1.2104166666666665,0.0,0.0,0.0,0.3700652812495497,0.0,0.0,0.0,0.0,0.0,unicycle
-6.364282235992778,11.929,1.2104166666666665,0.0,0.0,0.0,0.37014845133304686,0.0,0.0,0.0,0.0,0.0,omni
-6.356880925412597,11.929,1.2104166666666665,0.0,0.0,0.0,0.3700655290090558,0.0,0.0,0.0,0.0,0.0,unicycle
-6.349477952235901,11.929,1.2104166666666665,0.0,0.0,0.0,0.3701486588347596,0.0,0.0,0.0,0.0,0.0,omni
-6.342076638301858,11.929,1.2104166666666665,0.0,0.0,0.0,0.3700656967020936,0.0,0.0,0.0,0.0,0.0,unicycle
-6.334673662540553,11.929,1.2104166666666665,0.0,0.0,0.0,0.37014878806529655,0.0,0.0,0.0,0.0,0.0,omni
-6.327272346746639,11.929,1.2104166666666665,0.0,0.0,0.0,0.3700657896956515,0.0,0.0,0.0,0.0,0.0,unicycle
-6.319869369801044,11.929,1.2104166666666665,0.0,0.0,0.0,0.3701488472796916,0.0,0.0,0.0,0.0,0.0,omni
-6.312468053441467,11.929,1.2104166666666665,0.0,0.0,0.0,0.3700658179788497,0.0,0.0,0.0,0.0,0.0,unicycle
-6.305065076494312,11.929,1.2104166666666665,0.0,0.0,0.0,0.37014884735780124,0.0,0.0,0.0,0.0,0.0,omni
-6.297663760639967,11.929,1.2104166666666665,0.0,0.0,0.0,0.37006579271719375,0.0,0.0,0.0,0.0,0.0,unicycle
-6.290260784653423,11.929,1.2104166666666665,0.0,0.0,0.0,0.3701487993272102,0.0,0.0,0.0,0.0,0.0,omni
-6.282859470163146,11.929,1.2104166666666665,0.0,0.0,0.0,0.37006572451394487,0.0,0.0,0.0,0.0,0.0,unicycle
-6.275456495899483,11.929,1.2104166666666665,0.0,0.0,0.0,0.37014871318309944,0.0,0.0,0.0,0.0,0.0,omni
-6.268055183446517,11.929,1.2104166666666665,0.0,0.0,0.0,0.37006562264834686,0.0,0.0,0.0,0.0,0.0,unicycle
-6.260652211497792,11.929,1.2104166666666665,0.0,0.0,0.0,0.37014859743620293,0.0,0.0,0.0,0.0,0.0,omni
-6.253250901600801,11.929,1.2104166666666665,0.0,0.0,0.0,0.3700654948495422,0.0,0.0,0.0,0.0,0.0,unicycle
-6.2458479324198315,11.929,1.2104166666666665,0.0,0.0,0.0,0.3701484590484685,0.0,0.0,0.0,0.0,0.0,omni
-6.238446625472928,11.929,1.2104166666666665,0.0,0.0,0.0,0.37006534734509816,0.0,0.0,0.0,0.0,0.0,unicycle
-6.231043659401777,11.929,1.2104166666666665,0.0,0.0,0.0,0.3701483035575482,0.0,0.0,0.0,0.0,0.0,omni
-6.223642355701099,11.929,1.2104166666666665,0.0,0.0,0.0,0.3700651850338787,0.0,0.0,0.0,0.0,0.0,unicycle
-6.2162393929955435,11.929,1.2104166666666665,0.0,0.0,0.0,0.37014813527768553,0.0,0.0,0.0,0.0,0.0,omni
-6.208838092761539,11.929,1.2104166666666665,0.0,0.0,0.0,0.3700650117001404,0.0,0.0,0.0,0.0,0.0,unicycle
-6.201435133611209,11.929,1.2104166666666665,0.0,0.0,0.0,0.3701479575164699,0.0,0.0,0.0,0.0,0.0,omni
-6.194033837006696,11.929,1.2104166666666665,0.0,0.0,0.0,0.37006483022563,0.0,0.0,0.0,0.0,0.0,unicycle
-6.1866308815511495,11.929,1.2104166666666665,0.0,0.0,0.0,0.3701477727773986,0.0,0.0,0.0,0.0,0.0,omni
-6.179229588695559,11.929,1.2104166666666665,0.0,0.0,0.0,0.3700646427795491,0.0,0.0,0.0,0.0,0.0,unicycle
-6.1718266370368475,11.929,1.2104166666666665,0.0,0.0,0.0,0.3701475829355207,0.0,0.0,0.0,0.0,0.0,omni
-6.164425348017264,11.929,1.2104166666666665,0.0,0.0,0.0,0.37006445097912355,0.0,0.0,0.0,0.0,0.0,unicycle
-6.157022400229607,11.929,1.2104166666666665,0.0,0.0,0.0,0.3701473893828663,0.0,0.0,0.0,0.0,0.0,omni
-6.149621115109202,11.929,1.2104166666666665,0.0,0.0,0.0,0.3700642560203003,0.0,0.0,0.0,0.0,0.0,unicycle
-6.142218171246299,11.929,1.2104166666666665,0.0,0.0,0.0,0.37014719314513,0.0,0.0,0.0,0.0,0.0,omni
-6.134816889025352,11.929,1.2104166666666665,0.0,0.0,0.0,0.37006411104741543,0.0,0.0,0.0,0.0,0.0,unicycle
-6.127413944904863,11.929,1.2104166666666665,0.0,0.0,0.0,0.3701472060244253,0.0,0.0,0.0,0.0,0.0,omni
-6.120012659005461,11.929,1.2104166666666665,0.0,0.0,0.0,0.3700642949701285,0.0,0.0,0.0,0.0,0.0,unicycle
-6.112609709093004,11.929,1.2104166666666665,0.0,0.0,0.0,0.37014749562284394,0.0,0.0,0.0,0.0,0.0,omni
-6.1052084162449844,11.929,1.2104166666666665,0.0,0.0,0.0,0.3700646424009874,0.0,0.0,0.0,0.0,0.0,unicycle
-6.097805458921201,11.929,1.2104166666666665,0.0,0.0,0.0,0.37014786618910217,0.0,0.0,0.0,0.0,0.0,omni
-6.090404158685914,11.929,1.2104166666666665,0.0,0.0,0.0,0.3700650117643471,0.0,0.0,0.0,0.0,0.0,unicycle
-6.083001194335118,11.929,1.2104166666666665,0.0,0.0,0.0,0.3701482175397348,0.0,0.0,0.0,0.0,0.0,omni
-6.0755998876498545,11.929,1.2104166666666665,0.0,0.0,0.0,0.37006533426312255,0.0,0.0,0.0,0.0,0.0,unicycle
-6.068196917560602,11.929,1.2104166666666665,0.0,0.0,0.0,0.3701485044626076,0.0,0.0,0.0,0.0,0.0,omni
-6.060795605916322,11.929,1.2104166666666665,0.0,0.0,0.0,0.3700655822139404,0.0,0.0,0.0,0.0,0.0,unicycle
-6.05339263167382,11.929,1.2104166666666665,0.0,0.0,0.0,0.37014871212505784,0.0,0.0,0.0,0.0,0.0,omni
-6.045991316672982,11.929,1.2104166666666665,0.0,0.0,0.0,0.3700657500419379,0.0,0.0,0.0,0.0,0.0,unicycle
-6.038588339843606,11.929,1.2104166666666665,0.0,0.0,0.0,0.37014884146883736,0.0,0.0,0.0,0.0,0.0,omni
-6.031187022980998,11.929,1.2104166666666665,0.0,0.0,0.0,0.3700658431304558,0.0,0.0,0.0,0.0,0.0,unicycle
-6.0237840449657405,11.929,1.2104166666666665,0.0,0.0,0.0,0.37014890076281226,0.0,0.0,0.0,0.0,0.0,omni
-6.016382727536133,11.929,1.2104166666666665,0.0,0.0,0.0,0.3700658714803043,0.0,0.0,0.0,0.0,0.0,unicycle
-6.008979749518197,11.929,1.2104166666666665,0.0,0.0,0.0,0.3701489008967099,0.0,0.0,0.0,0.0,0.0,omni
-6.00157843259289,11.929,1.2104166666666665,0.0,0.0,0.0,0.37006584626531697,0.0,0.0,0.0,0.0,0.0,unicycle
-5.994175455534787,11.929,1.2104166666666665,0.0,0.0,0.0,0.3701488529051362,0.0,0.0,0.0,0.0,0.0,omni
-5.986774139972894,11.929,1.2104166666666665,0.0,0.0,0.0,0.37006577809467006,0.0,0.0,0.0,0.0,0.0,unicycle
-5.979371164637129,11.929,1.2104166666666665,0.0,0.0,0.0,0.3701487667882514,0.0,0.0,0.0,0.0,0.0,omni
-5.971969851112092,11.929,1.2104166666666665,0.0,0.0,0.0,0.3700656762517957,0.0,0.0,0.0,0.0,0.0,unicycle
-5.964566878090885,11.929,1.2104166666666665,0.0,0.0,0.0,0.37014865106031003,0.0,0.0,0.0,0.0,0.0,omni
-5.9571655671215105,11.929,1.2104166666666665,0.0,0.0,0.0,0.3700655484687937,0.0,0.0,0.0,0.0,0.0,unicycle
-5.949762596867796,11.929,1.2104166666666665,0.0,0.0,0.0,0.37014851268574267,0.0,0.0,0.0,0.0,0.0,omni
-5.942361288848289,11.929,1.2104166666666665,0.0,0.0,0.0,0.3700654009753144,0.0,0.0,0.0,0.0,0.0,unicycle
-5.934958321704212,11.929,1.2104166666666665,0.0,0.0,0.0,0.37014835720394784,0.0,0.0,0.0,0.0,0.0,omni
-5.927557016930777,11.929,1.2104166666666665,0.0,0.0,0.0,0.3700652386716851,0.0,0.0,0.0,0.0,0.0,unicycle
-5.920154053152171,11.929,1.2104166666666665,0.0,0.0,0.0,0.37014818893039436,0.0,0.0,0.0,0.0,0.0,omni
-5.912752751845307,11.929,1.2104166666666665,0.0,0.0,0.0,0.3700650653431879,0.0,0.0,0.0,0.0,0.0,unicycle
-5.905349791621838,11.929,1.2104166666666665,0.0,0.0,0.0,0.3701480111735297,0.0,0.0,0.0,0.0,0.0,omni
-5.897948493944391,11.929,1.2104166666666665,0.0,0.0,0.0,0.3700648838722869,0.0,0.0,0.0,0.0,0.0,unicycle
-5.89054553741564,11.929,1.2104166666666665,0.0,0.0,0.0,0.37014782643745026,0.0,0.0,0.0,0.0,0.0,omni
-5.883144243487067,11.929,1.2104166666666665,0.0,0.0,0.0,0.370064696428684,0.0,0.0,0.0,0.0,0.0,unicycle
-5.875741290755116,11.929,1.2104166666666665,0.0,0.0,0.0,0.37014763659762295,0.0,0.0,0.0,0.0,0.0,omni
-5.868340000662517,11.929,1.2104166666666665,0.0,0.0,0.0,0.3700645046299537,0.0,0.0,0.0,0.0,0.0,unicycle
-5.860937051801589,11.929,1.2104166666666665,0.0,0.0,0.0,0.3701474430463685,0.0,0.0,0.0,0.0,0.0,omni
-5.853535765608143,11.929,1.2104166666666665,0.0,0.0,0.0,0.3700643096722851,0.0,0.0,0.0,0.0,0.0,unicycle
-5.846132820671951,11.929,1.2104166666666665,0.0,0.0,0.0,0.3701472468095831,0.0,0.0,0.0,0.0,0.0,omni
-5.838731538423268,11.929,1.2104166666666665,0.0,0.0,0.0,0.3700641124340963,0.0,0.0,0.0,0.0,0.0,unicycle
-5.831328595882521,11.929,1.2104166666666665,0.0,0.0,0.0,0.3701471270373943,0.0,0.0,0.0,0.0,0.0,omni
-5.823927312586505,11.929,1.2104166666666665,0.0,0.0,0.0,0.3700641648008087,0.0,0.0,0.0,0.0,0.0,unicycle
-5.8165243658692205,11.929,1.2104166666666665,0.0,0.0,0.0,0.3701473358642168,0.0,0.0,0.0,0.0,0.0,omni
-5.809123076495059,11.929,1.2104166666666665,0.0,0.0,0.0,0.3700644687081664,0.0,0.0,0.0,0.0,0.0,unicycle
-5.801720122699923,11.929,1.2104166666666665,0.0,0.0,0.0,0.370147689756797,0.0,0.0,0.0,0.0,0.0,omni
-5.794318825893669,11.929,1.2104166666666665,0.0,0.0,0.0,0.37006484031268727,0.0,0.0,0.0,0.0,0.0,unicycle
-5.786915864768563,11.929,1.2104166666666665,0.0,0.0,0.0,0.37014805625527114,0.0,0.0,0.0,0.0,0.0,omni
-5.779514561041381,11.929,1.2104166666666665,0.0,0.0,0.0,0.37006518635907865,0.0,0.0,0.0,0.0,0.0,unicycle
-5.772111593605718,11.929,1.2104166666666665,0.0,0.0,0.0,0.3701483717830942,0.0,0.0,0.0,0.0,0.0,omni
-5.764710284295152,11.929,1.2104166666666665,0.0,0.0,0.0,0.37006546552838687,0.0,0.0,0.0,0.0,0.0,unicycle
-5.757307312064686,11.929,1.2104166666666665,0.0,0.0,0.0,0.3701486115232315,0.0,0.0,0.0,0.0,0.0,omni
-5.749905998763399,11.929,1.2104166666666665,0.0,0.0,0.0,0.3700656650642738,0.0,0.0,0.0,0.0,0.0,unicycle
-5.742503023335935,11.929,1.2104166666666665,0.0,0.0,0.0,0.3701487713731923,0.0,0.0,0.0,0.0,0.0,omni
-5.735101707597483,11.929,1.2104166666666665,0.0,0.0,0.0,0.3700657869225883,0.0,0.0,0.0,0.0,0.0,unicycle
-5.727698730449767,11.929,1.2104166666666665,0.0,0.0,0.0,0.3701488573857619,0.0,0.0,0.0,0.0,0.0,omni
-5.7202974136540625,11.929,1.2104166666666665,0.0,0.0,0.0,0.3700658397852272,0.0,0.0,0.0,0.0,0.0,unicycle
-5.712894436058331,11.929,1.2104166666666665,0.0,0.0,0.0,0.37014887978655736,0.0,0.0,0.0,0.0,0.0,omni
-5.705493119365713,11.929,1.2104166666666665,0.0,0.0,0.0,0.3700658346309006,0.0,0.0,0.0,0.0,0.0,unicycle
-5.698090142370862,11.929,1.2104166666666665,0.0,0.0,0.0,0.3701488497425731,0.0,0.0,0.0,0.0,0.0,omni
-5.690688826722425,11.929,1.2104166666666665,0.0,0.0,0.0,0.3700657824218549,0.0,0.0,0.0,0.0,0.0,unicycle
-5.683285851167469,11.929,1.2104166666666665,0.0,0.0,0.0,0.3701487777478485,0.0,0.0,0.0,0.0,0.0,omni
-5.675884537307123,11.929,1.2104166666666665,0.0,0.0,0.0,0.37006569301721537,0.0,0.0,0.0,0.0,0.0,unicycle
-5.668481563848498,11.929,1.2104166666666665,0.0,0.0,0.0,0.37014867293123427,0.0,0.0,0.0,0.0,0.0,omni
-5.6610802523530594,11.929,1.2104166666666665,0.0,0.0,0.0,0.3700655747719858,0.0,0.0,0.0,0.0,0.0,unicycle
-5.6536772814957175,11.929,1.2104166666666665,0.0,0.0,0.0,0.3701485428671385,0.0,0.0,0.0,0.0,0.0,omni
-5.646275972805743,11.929,1.2104166666666665,0.0,0.0,0.0,0.37006543449868906,0.0,0.0,0.0,0.0,0.0,unicycle
-5.638873004932908,11.929,1.2104166666666665,0.0,0.0,0.0,0.37014839364181307,0.0,0.0,0.0,0.0,0.0,omni
-5.631471699380839,11.929,1.2104166666666665,0.0,0.0,0.0,0.3700652776034494,0.0,0.0,0.0,0.0,0.0,unicycle
-5.624068734780174,11.929,1.2104166666666665,0.0,0.0,0.0,0.37014823003324,0.0,0.0,0.0,0.0,0.0,omni
-5.6166674326143635,11.929,1.2104166666666665,0.0,0.0,0.0,0.3700651082905448,0.0,0.0,0.0,0.0,0.0,unicycle
-5.609264471499834,11.929,1.2104166666666665,0.0,0.0,0.0,0.3701480557264858,0.0,0.0,0.0,0.0,0.0,omni
-5.60186317290426,11.929,1.2104166666666665,0.0,0.0,0.0,0.37006492977873107,0.0,0.0,0.0,0.0,0.0,unicycle
-5.594460215433774,11.929,1.2104166666666665,0.0,0.0,0.0,0.37014787352422346,0.0,0.0,0.0,0.0,0.0,omni
-5.587058920543743,11.929,1.2104166666666665,0.0,0.0,0.0,0.3700647445014905,0.0,0.0,0.0,0.0,0.0,unicycle
-5.579655966833066,11.929,1.2104166666666665,0.0,0.0,0.0,0.3701476855339463,0.0,0.0,0.0,0.0,0.0,omni
-5.572254675747473,11.929,1.2104166666666665,0.0,0.0,0.0,0.37006455427970664,0.0,0.0,0.0,0.0,0.0,unicycle
-5.564851725880963,11.929,1.2104166666666665,0.0,0.0,0.0,0.37014749332550784,0.0,0.0,0.0,0.0,0.0,omni
-5.55745043867168,11.929,1.2104166666666665,0.0,0.0,0.0,0.37006436046411295,0.0,0.0,0.0,0.0,0.0,unicycle
-5.550047492710501,11.929,1.2104166666666665,0.0,0.0,0.0,0.3701472980589603,0.0,0.0,0.0,0.0,0.0,omni
-5.542646209429517,11.929,1.2104166666666665,0.0,0.0,0.0,0.3700641640492879,0.0,0.0,0.0,0.0,0.0,unicycle
-5.535243267417805,11.929,1.2104166666666665,0.0,0.0,0.0,0.3701471005856458,0.0,0.0,0.0,0.0,0.0,omni
-5.527841987057226,11.929,1.2104166666666665,0.0,0.0,0.0,0.3700640180289586,0.0,0.0,0.0,0.0,0.0,unicycle
-5.52043904480567,11.929,1.2104166666666665,0.0,0.0,0.0,0.3701471125778579,0.0,0.0,0.0,0.0,0.0,omni
-5.513037760781646,11.929,1.2104166666666665,0.0,0.0,0.0,0.3700642012011055,0.0,0.0,0.0,0.0,0.0,unicycle
-5.5056348127508095,11.929,1.2104166666666665,0.0,0.0,0.0,0.3701474015417907,0.0,0.0,0.0,0.0,0.0,omni
-5.498233521788887,11.929,1.2104166666666665,0.0,0.0,0.0,0.3700645480960708,0.0,0.0,0.0,0.0,0.0,unicycle
-5.490830566355772,11.929,1.2104166666666665,0.0,0.0,0.0,0.37014777165580465,0.0,0.0,0.0,0.0,0.0,omni
-5.483429268014209,11.929,1.2104166666666665,0.0,0.0,0.0,0.37006491707808475,0.0,0.0,0.0,0.0,0.0,unicycle
-5.476026305560506,11.929,1.2104166666666665,0.0,0.0,0.0,0.3701481226851247,0.0,0.0,0.0,0.0,0.0,omni
-5.468625000774381,11.929,1.2104166666666665,0.0,0.0,0.0,0.3700652393063333,0.0,0.0,0.0,0.0,0.0,unicycle
-5.461222032586772,11.929,1.2104166666666665,0.0,0.0,0.0,0.3701484093803947,0.0,0.0,0.0,0.0,0.0,omni
-5.453820722845457,11.929,1.2104166666666665,0.0,0.0,0.0,0.3700654870657968,0.0,0.0,0.0,0.0,0.0,unicycle
-5.446417750507816,11.929,1.2104166666666665,0.0,0.0,0.0,0.3701486168820765,0.0,0.0,0.0,0.0,0.0,omni
-5.43901643741264,11.929,1.2104166666666665,0.0,0.0,0.0,0.3700656547588134,0.0,0.0,0.0,0.0,0.0,unicycle
-5.43161346249039,11.929,1.2104166666666665,0.0,0.0,0.0,0.37014874611260024,0.0,0.0,0.0,0.0,0.0,omni
-5.424212147535343,11.929,1.2104166666666665,0.0,0.0,0.0,0.3700657477523645,0.0,0.0,0.0,0.0,0.0,unicycle
-5.4168091714288025,11.929,1.2104166666666665,0.0,0.0,0.0,0.37014880532699374,0.0,0.0,0.0,0.0,0.0,omni
-5.409407855908093,11.929,1.2104166666666665,0.0,0.0,0.0,0.37006577603556545,0.0,0.0,0.0,0.0,0.0,unicycle
-5.402004879799989,11.929,1.2104166666666665,0.0,0.0,0.0,0.37014880540510975,0.0,0.0,0.0,0.0,0.0,omni
-5.394603564784511,11.929,1.2104166666666665,0.0,0.0,0.0,0.37006575077391884,0.0,0.0,0.0,0.0,0.0,unicycle
-5.387200589637022,11.929,1.2104166666666665,0.0,0.0,0.0,0.3701487573745304,0.0,0.0,0.0,0.0,0.0,omni
-5.379799275985608,11.929,1.2104166666666665,0.0,0.0,0.0,0.3700656825706838,0.0,0.0,0.0,0.0,0.0,unicycle
-5.372396302561,11.929,1.2104166666666665,0.0,0.0,0.0,0.37014867123043516,0.0,0.0,0.0,0.0,0.0,omni
-5.364994990946897,11.929,1.2104166666666665,0.0,0.0,0.0,0.3700655807051026,0.0,0.0,0.0,0.0,0.0,unicycle
-5.357592019837227,11.929,1.2104166666666665,0.0,0.0,0.0,0.3701485554835566,0.0,0.0,0.0,0.0,0.0,omni
-5.350190710779103,11.929,1.2104166666666665,0.0,0.0,0.0,0.3700654529063167,0.0,0.0,0.0,0.0,0.0,unicycle
-5.342787742437185,11.929,1.2104166666666665,0.0,0.0,0.0,0.3701484170958417,0.0,0.0,0.0,0.0,0.0,omni
-5.3353864363291486,11.929,1.2104166666666665,0.0,0.0,0.0,0.3700653054018929,0.0,0.0,0.0,0.0,0.0,unicycle
-5.327983471097049,11.929,1.2104166666666665,0.0,0.0,0.0,0.3701482616049423,0.0,0.0,0.0,0.0,0.0,omni
-5.320582168235234,11.929,1.2104166666666665,0.0,0.0,0.0,0.3700651430906948,0.0,0.0,0.0,0.0,0.0,unicycle
-5.31317920636873,11.929,1.2104166666666665,0.0,0.0,0.0,0.3701480933251013,0.0,0.0,0.0,0.0,0.0,omni
-5.305777906973589,11.929,1.2104166666666665,0.0,0.0,0.0,0.3700649697569785,0.0,0.0,0.0,0.0,0.0,unicycle
-5.29837494866231,11.929,1.2104166666666665,0.0,0.0,0.0,0.37014791556390786,0.0,0.0,0.0,0.0,0.0,omni
-5.29097365289666,11.929,1.2104166666666665,0.0,0.0,0.0,0.3700647882824905,0.0,0.0,0.0,0.0,0.0,unicycle
-5.283570698280162,11.929,1.2104166666666665,0.0,0.0,0.0,0.3701477308248591,0.0,0.0,0.0,0.0,0.0,omni
-5.276169406263435,11.929,1.2104166666666665,0.0,0.0,0.0,0.37006460083643206,0.0,0.0,0.0,0.0,0.0,unicycle
-5.2687664554437745,11.929,1.2104166666666665,0.0,0.0,0.0,0.3701475409830037,0.0,0.0,0.0,0.0,0.0,omni
-5.261365167263055,11.929,1.2104166666666665,0.0,0.0,0.0,0.3700644090360292,0.0,0.0,0.0,0.0,0.0,unicycle
-5.253962220314445,11.929,1.2104166666666665,0.0,0.0,0.0,0.37014734743037203,0.0,0.0,0.0,0.0,0.0,omni
-5.2465609360329,11.929,1.2104166666666665,0.0,0.0,0.0,0.37006421407722867,0.0,0.0,0.0,0.0,0.0,unicycle
-5.239157993009048,11.929,1.2104166666666665,0.0,0.0,0.0,0.37014715119265845,0.0,0.0,0.0,0.0,0.0,omni
-5.231756711626961,11.929,1.2104166666666665,0.0,0.0,0.0,0.3700640691043665,0.0,0.0,0.0,0.0,0.0,unicycle
-5.224353768345523,11.929,1.2104166666666665,0.0,0.0,0.0,0.37014716407197656,0.0,0.0,0.0,0.0,0.0,omni
-5.216952483284981,11.929,1.2104166666666665,0.0,0.0,0.0,0.37006425302710244,0.0,0.0,0.0,0.0,0.0,unicycle
-5.209549534211572,11.929,1.2104166666666665,0.0,0.0,0.0,0.37014745367041796,0.0,0.0,0.0,0.0,0.0,omni
-5.202148242202412,11.929,1.2104166666666665,0.0,0.0,0.0,0.37006460045798406,0.0,0.0,0.0,0.0,0.0,unicycle
-5.19474528571768,11.929,1.2104166666666665,0.0,0.0,0.0,0.370147824236699,0.0,0.0,0.0,0.0,0.0,omni
-5.1873439863212525,11.929,1.2104166666666665,0.0,0.0,0.0,0.3700649698213665,0.0,0.0,0.0,0.0,0.0,unicycle
-5.179941022809505,11.929,1.2104166666666665,0.0,0.0,0.0,0.3701481755873544,0.0,0.0,0.0,0.0,0.0,omni
-5.172539716963101,11.929,1.2104166666666665,0.0,0.0,0.0,0.37006529232016483,0.0,0.0,0.0,0.0,0.0,unicycle
-5.165136747712896,11.929,1.2104166666666665,0.0,0.0,0.0,0.37014846251025013,0.0,0.0,0.0,0.0,0.0,omni
-5.157735436907476,11.929,1.2104166666666665,0.0,0.0,0.0,0.3700655402710057,0.0,0.0,0.0,0.0,0.0,unicycle
-5.1503324635040215,11.929,1.2104166666666665,0.0,0.0,0.0,0.3701486701727234,0.0,0.0,0.0,0.0,0.0,omni
-5.14293114934204,11.929,1.2104166666666665,0.0,0.0,0.0,0.3700657080990262,0.0,0.0,0.0,0.0,0.0,unicycle
-5.135528173351709,11.929,1.2104166666666665,0.0,0.0,0.0,0.37014879951652596,0.0,0.0,0.0,0.0,0.0,omni
-5.128126857327956,11.929,1.2104166666666665,0.0,0.0,0.0,0.3700658011875671,0.0,0.0,0.0,0.0,0.0,unicycle
-5.120723880151747,11.929,1.2104166666666665,0.0,0.0,0.0,0.3701488588105238,0.0,0.0,0.0,0.0,0.0,omni
-5.113322563560999,11.929,1.2104166666666665,0.0,0.0,0.0,0.37006582953743844,0.0,0.0,0.0,0.0,0.0,unicycle
-5.105919586382111,11.929,1.2104166666666665,0.0,0.0,0.0,0.3701488589444443,0.0,0.0,0.0,0.0,0.0,omni
-5.09851827029566,11.929,1.2104166666666665,0.0,0.0,0.0,0.37006580432247416,0.0,0.0,0.0,0.0,0.0,unicycle
-5.091115294076602,11.929,1.2104166666666665,0.0,0.0,0.0,0.3701488109528938,0.0,0.0,0.0,0.0,0.0,omni
-5.083713979353565,11.929,1.2104166666666665,0.0,0.0,0.0,0.3700657361518504,0.0,0.0,0.0,0.0,0.0,unicycle
-5.076311004856844,11.929,1.2104166666666665,0.0,0.0,0.0,0.37014872483603206,0.0,0.0,0.0,0.0,0.0,omni
-5.068909692170664,11.929,1.2104166666666665,0.0,0.0,0.0,0.3700656343089989,0.0,0.0,0.0,0.0,0.0,unicycle
-5.0615067199885,11.929,1.2104166666666665,0.0,0.0,0.0,0.3701486091081135,0.0,0.0,0.0,0.0,0.0,omni
-5.0541054098579785,11.929,1.2104166666666665,0.0,0.0,0.0,0.37006550652601977,0.0,0.0,0.0,0.0,0.0,unicycle
-5.046702440443308,11.929,1.2104166666666665,0.0,0.0,0.0,0.370148470733569,0.0,0.0,0.0,0.0,0.0,omni
-5.039301133262658,11.929,1.2104166666666665,0.0,0.0,0.0,0.3700653590325633,0.0,0.0,0.0,0.0,0.0,unicycle
-5.031898166957621,11.929,1.2104166666666665,0.0,0.0,0.0,0.37014831525179703,0.0,0.0,0.0,0.0,0.0,omni
-5.024496863023042,11.929,1.2104166666666665,0.0,0.0,0.0,0.3700651967289569,0.0,0.0,0.0,0.0,0.0,unicycle
-5.017093900083477,11.929,1.2104166666666665,0.0,0.0,0.0,0.3701481469782665,0.0,0.0,0.0,0.0,0.0,omni
-5.009692599615466,11.929,1.2104166666666665,0.0,0.0,0.0,0.37006502340048275,0.0,0.0,0.0,0.0,0.0,unicycle
-5.002289640231037,11.929,1.2104166666666665,0.0,0.0,0.0,0.37014796922142484,0.0,0.0,0.0,0.0,0.0,omni
-4.9948883433924465,11.929,1.2104166666666665,0.0,0.0,0.0,0.3700648419296047,0.0,0.0,0.0,0.0,0.0,unicycle
-4.9874853877027405,11.929,1.2104166666666665,0.0,0.0,0.0,0.3701477844853684,0.0,0.0,0.0,0.0,0.0,omni
-4.980084094613019,11.929,1.2104166666666665,0.0,0.0,0.0,0.37006465448602477,0.0,0.0,0.0,0.0,0.0,unicycle
-4.972681142720109,11.929,1.2104166666666665,0.0,0.0,0.0,0.37014759464556407,0.0,0.0,0.0,0.0,0.0,omni
-4.965279853466363,11.929,1.2104166666666665,0.0,0.0,0.0,0.3700644626873175,0.0,0.0,0.0,0.0,0.0,unicycle
-4.957876905444476,11.929,1.2104166666666665,0.0,0.0,0.0,0.3701474010943327,0.0,0.0,0.0,0.0,0.0,omni
-4.9504756200898825,11.929,1.2104166666666665,0.0,0.0,0.0,0.370064267729672,0.0,0.0,0.0,0.0,0.0,unicycle
-4.943072675992731,11.929,1.2104166666666665,0.0,0.0,0.0,0.37014720485757047,0.0,0.0,0.0,0.0,0.0,omni
-4.935671394582901,11.929,1.2104166666666665,0.0,0.0,0.0,0.37006407049150625,0.0,0.0,0.0,0.0,0.0,unicycle
-4.928268452881191,11.929,1.2104166666666665,0.0,0.0,0.0,0.3701470850854045,0.0,0.0,0.0,0.0,0.0,omni
-4.920867170424028,11.929,1.2104166666666665,0.0,0.0,0.0,0.37006412285824153,0.0,0.0,0.0,0.0,0.0,unicycle
-4.913464224545784,11.929,1.2104166666666665,0.0,0.0,0.0,0.3701472939122499,0.0,0.0,0.0,0.0,0.0,omni
-4.906062936010471,11.929,1.2104166666666665,0.0,0.0,0.0,0.370064426765622,0.0,0.0,0.0,0.0,0.0,unicycle
-4.8986599830543724,11.929,1.2104166666666665,0.0,0.0,0.0,0.37014764780485276,0.0,0.0,0.0,0.0,0.0,omni
-4.891258687086967,11.929,1.2104166666666665,0.0,0.0,0.0,0.3700647983701654,0.0,0.0,0.0,0.0,0.0,unicycle
-4.883855726800899,11.929,1.2104166666666665,0.0,0.0,0.0,0.3701480143033495,0.0,0.0,0.0,0.0,0.0,omni
-4.876454423912566,11.929,1.2104166666666665,0.0,0.0,0.0,0.37006514441657945,0.0,0.0,0.0,0.0,0.0,unicycle
-4.869051457315944,11.929,1.2104166666666665,0.0,0.0,0.0,0.37014832983119533,0.0,0.0,0.0,0.0,0.0,omni
-4.861650148844227,11.929,1.2104166666666665,0.0,0.0,0.0,0.37006542358591077,0.0,0.0,0.0,0.0,0.0,unicycle
-4.854247177452798,11.929,1.2104166666666665,0.0,0.0,0.0,0.37014856957135595,0.0,0.0,0.0,0.0,0.0,omni
-4.84684586499036,11.929,1.2104166666666665,0.0,0.0,0.0,0.3700656231218212,0.0,0.0,0.0,0.0,0.0,unicycle
-4.8394428904019335,11.929,1.2104166666666665,0.0,0.0,0.0,0.3701487294213403,0.0,0.0,0.0,0.0,0.0,omni
-4.8320415755023305,11.929,1.2104166666666665,0.0,0.0,0.0,0.3700657449801591,0.0,0.0,0.0,0.0,0.0,unicycle
-4.824638599193651,11.929,1.2104166666666665,0.0,0.0,0.0,0.3701488154339333,0.0,0.0,0.0,0.0,0.0,omni
-4.817237283236796,11.929,1.2104166666666665,0.0,0.0,0.0,0.3700657978428213,0.0,0.0,0.0,0.0,0.0,unicycle
-4.809834306480102,11.929,1.2104166666666665,0.0,0.0,0.0,0.370148837834752,0.0,0.0,0.0,0.0,0.0,omni
-4.8024329906263326,11.929,1.2104166666666665,0.0,0.0,0.0,0.3700657926885178,0.0,0.0,0.0,0.0,0.0,unicycle
-4.795030014470516,11.929,1.2104166666666665,0.0,0.0,0.0,0.3701488077907906,0.0,0.0,0.0,0.0,0.0,omni
-4.7876286996609245,11.929,1.2104166666666665,0.0,0.0,0.0,0.3700657404794949,0.0,0.0,0.0,0.0,0.0,unicycle
-4.7802257249450015,11.929,1.2104166666666665,0.0,0.0,0.0,0.3701487357960889,0.0,0.0,0.0,0.0,0.0,omni
-4.772824411923505,11.929,1.2104166666666665,0.0,0.0,0.0,0.3700656510748784,0.0,0.0,0.0,0.0,0.0,unicycle
-4.765421439303914,11.929,1.2104166666666665,0.0,0.0,0.0,0.3701486309794977,0.0,0.0,0.0,0.0,0.0,omni
-4.7580201286473205,11.929,1.2104166666666665,0.0,0.0,0.0,0.3700655328296718,0.0,0.0,0.0,0.0,0.0,unicycle
-4.750617158629012,11.929,1.2104166666666665,0.0,0.0,0.0,0.3701485009154249,0.0,0.0,0.0,0.0,0.0,omni
-4.743215850777883,11.929,1.2104166666666665,0.0,0.0,0.0,0.37006539255639803,0.0,0.0,0.0,0.0,0.0,unicycle
-4.735812883744082,11.929,1.2104166666666665,0.0,0.0,0.0,0.37014835169012245,0.0,0.0,0.0,0.0,0.0,omni
-4.728411579030858,11.929,1.2104166666666665,0.0,0.0,0.0,0.3700652356611814,0.0,0.0,0.0,0.0,0.0,unicycle
-4.721008615269227,11.929,1.2104166666666665,0.0,0.0,0.0,0.37014818808157246,0.0,0.0,0.0,0.0,0.0,omni
-4.713607313942262,11.929,1.2104166666666665,0.0,0.0,0.0,0.3700650663482997,0.0,0.0,0.0,0.0,0.0,unicycle
-4.706204353666767,11.929,1.2104166666666665,0.0,0.0,0.0,0.37014801377484113,0.0,0.0,0.0,0.0,0.0,omni
-4.698803055910037,11.929,1.2104166666666665,0.0,0.0,0.0,0.370064887836509,0.0,0.0,0.0,0.0,0.0,unicycle
-4.691400099278585,11.929,1.2104166666666665,0.0,0.0,0.0,0.3701478315726018,0.0,0.0,0.0,0.0,0.0,omni
-4.6839988052274,11.929,1.2104166666666665,0.0,0.0,0.0,0.3700647025592914,0.0,0.0,0.0,0.0,0.0,unicycle
-4.676595852355753,11.929,1.2104166666666665,0.0,0.0,0.0,0.37014764358234764,0.0,0.0,0.0,0.0,0.0,omni
-4.669194562109002,11.929,1.2104166666666665,0.0,0.0,0.0,0.3700645123375305,0.0,0.0,0.0,0.0,0.0,unicycle
-4.6617916130815225,11.929,1.2104166666666665,0.0,0.0,0.0,0.37014745137393207,0.0,0.0,0.0,0.0,0.0,omni
-4.654390326711084,11.929,1.2104166666666665,0.0,0.0,0.0,0.3700643185219597,0.0,0.0,0.0,0.0,0.0,unicycle
-4.646987381588936,11.929,1.2104166666666665,0.0,0.0,0.0,0.3701472561074074,0.0,0.0,0.0,0.0,0.0,omni
-4.639586099146793,11.929,1.2104166666666665,0.0,0.0,0.0,0.37006412210715744,0.0,0.0,0.0,0.0,0.0,unicycle
-4.632183156406128,11.929,1.2104166666666665,0.0,0.0,0.0,0.3701471370332447,0.0,0.0,0.0,0.0,0.0,omni
-4.624781872904826,11.929,1.2104166666666665,0.0,0.0,0.0,0.3700641750650403,0.0,0.0,0.0,0.0,0.0,unicycle
-4.617378925977622,11.929,1.2104166666666665,0.0,0.0,0.0,0.3701473463602692,0.0,0.0,0.0,0.0,0.0,omni
-4.6099776363897185,11.929,1.2104166666666665,0.0,0.0,0.0,0.37006447939524845,0.0,0.0,0.0,0.0,0.0,unicycle
-4.602574682377519,11.929,1.2104166666666665,0.0,0.0,0.0,0.37014770061000096,0.0,0.0,0.0,0.0,0.0,omni
-4.595173385351494,11.929,1.2104166666666665,0.0,0.0,0.0,0.37006485130117894,0.0,0.0,0.0,0.0,0.0,unicycle
-4.5877704240042405,11.929,1.2104166666666665,0.0,0.0,0.0,0.37014806736263905,0.0,0.0,0.0,0.0,0.0,omni
-4.580369120053007,11.929,1.2104166666666665,0.0,0.0,0.0,0.3700651975617289,0.0,0.0,0.0,0.0,0.0,unicycle
-4.57296615239159,11.929,1.2104166666666665,0.0,0.0,0.0,0.3701483830707776,0.0,0.0,0.0,0.0,0.0,omni
-4.565564842853934,11.929,1.2104166666666665,0.0,0.0,0.0,0.37006547688274805,0.0,0.0,0.0,0.0,0.0,unicycle
-4.558161870395164,11.929,1.2104166666666665,0.0,0.0,0.0,0.3701486229384695,0.0,0.0,0.0,0.0,0.0,omni
-4.550760556864649,11.929,1.2104166666666665,0.0,0.0,0.0,0.3700656765258068,0.0,0.0,0.0,0.0,0.0,unicycle
-4.543357581207079,11.929,1.2104166666666665,0.0,0.0,0.0,0.37014878287841696,0.0,0.0,0.0,0.0,0.0,omni
-4.5359562652378855,11.929,1.2104166666666665,0.0,0.0,0.0,0.3700657984596296,0.0,0.0,0.0,0.0,0.0,unicycle
-4.528553287858799,11.929,1.2104166666666665,0.0,0.0,0.0,0.37014886895430626,0.0,0.0,0.0,0.0,0.0,omni
-4.521151970831291,11.929,1.2104166666666665,0.0,0.0,0.0,0.37006585137533465,0.0,0.0,0.0,0.0,0.0,unicycle
-4.513748993003301,11.929,1.2104166666666665,0.0,0.0,0.0,0.37014889139954815,0.0,0.0,0.0,0.0,0.0,omni
-4.506347676078136,11.929,1.2104166666666665,0.0,0.0,0.0,0.37006584625821304,0.0,0.0,0.0,0.0,0.0,unicycle
-4.498944698850401,11.929,1.2104166666666665,0.0,0.0,0.0,0.3701488613866893,0.0,0.0,0.0,0.0,0.0,omni
-4.491543382968896,11.929,1.2104166666666665,0.0,0.0,0.0,0.37006579407519186,0.0,0.0,0.0,0.0,0.0,unicycle
-4.484140407180622,11.929,1.2104166666666665,0.0,0.0,0.0,0.37014878941371226,0.0,0.0,0.0,0.0,0.0,omni
-4.476739093086849,11.929,1.2104166666666665,0.0,0.0,0.0,0.37006570468871613,0.0,0.0,0.0,0.0,0.0,unicycle
-4.469336119394605,11.929,1.2104166666666665,0.0,0.0,0.0,0.37014868461226047,0.0,0.0,0.0,0.0,0.0,omni
-4.461934807665482,11.929,1.2104166666666665,0.0,0.0,0.0,0.3700655864561367,0.0,0.0,0.0,0.0,0.0,unicycle
-4.454531836574308,11.929,1.2104166666666665,0.0,0.0,0.0,0.37014855455871315,0.0,0.0,0.0,0.0,0.0,omni
-4.447130527650476,11.929,1.2104166666666665,0.0,0.0,0.0,0.37006544619163134,0.0,0.0,0.0,0.0,0.0,unicycle
-4.4397275595436625,11.929,1.2104166666666665,0.0,0.0,0.0,0.3701484053407109,0.0,0.0,0.0,0.0,0.0,omni
-4.432326253757612,11.929,1.2104166666666665,0.0,0.0,0.0,0.37006528930248866,0.0,0.0,0.0,0.0,0.0,unicycle
-4.424923288922869,11.929,1.2104166666666665,0.0,0.0,0.0,0.37014824173721117,0.0,0.0,0.0,0.0,0.0,omni
-4.417521986522992,11.929,1.2104166666666665,0.0,0.0,0.0,0.3700651199938033,0.0,0.0,0.0,0.0,0.0,unicycle
-4.410119025174314,11.929,1.2104166666666665,0.0,0.0,0.0,0.37014806743396417,0.0,0.0,0.0,0.0,0.0,omni
-4.402717726344616,11.929,1.2104166666666665,0.0,0.0,0.0,0.3700649414849035,0.0,0.0,0.0,0.0,0.0,unicycle
-4.395314768639935,11.929,1.2104166666666665,0.0,0.0,0.0,0.3701478852341214,0.0,0.0,0.0,0.0,0.0,omni
-4.3879134735157415,11.929,1.2104166666666665,0.0,0.0,0.0,0.37006475620967083,0.0,0.0,0.0,0.0,0.0,unicycle
-4.38051051957083,11.929,1.2104166666666665,0.0,0.0,0.0,0.37014769724550955,0.0,0.0,0.0,0.0,0.0,omni
-4.373109228251046,11.929,1.2104166666666665,0.0,0.0,0.0,0.37006456598926735,0.0,0.0,0.0,0.0,0.0,unicycle
-4.365706278150281,11.929,1.2104166666666665,0.0,0.0,0.0,0.3701475050382146,0.0,0.0,0.0,0.0,0.0,omni
-4.358304990706788,11.929,1.2104166666666665,0.0,0.0,0.0,0.37006437217462024,0.0,0.0,0.0,0.0,0.0,unicycle
-4.35090204451134,11.929,1.2104166666666665,0.0,0.0,0.0,0.37014730977245003,0.0,0.0,0.0,0.0,0.0,omni
-4.3435007609961325,11.929,1.2104166666666665,0.0,0.0,0.0,0.37006417576044226,0.0,0.0,0.0,0.0,0.0,unicycle
-4.33609781875014,11.929,1.2104166666666665,0.0,0.0,0.0,0.37014711229966996,0.0,0.0,0.0,0.0,0.0,omni
-4.328696538155331,11.929,1.2104166666666665,0.0,0.0,0.0,0.370064029740554,0.0,0.0,0.0,0.0,0.0,unicycle
-4.321293595669484,11.929,1.2104166666666665,0.0,0.0,0.0,0.37014712429224556,0.0,0.0,0.0,0.0,0.0,omni
-4.313892311411223,11.929,1.2104166666666665,0.0,0.0,0.0,0.3700642129130002,0.0,0.0,0.0,0.0,0.0,unicycle
-4.306489363146095,11.929,1.2104166666666665,0.0,0.0,0.0,0.3701474132564244,0.0,0.0,0.0,0.0,0.0,omni
-4.299088071949932,11.929,1.2104166666666665,0.0,0.0,0.0,0.37006455980816744,0.0,0.0,0.0,0.0,0.0,unicycle
-4.291685116282519,11.929,1.2104166666666665,0.0,0.0,0.0,0.3701477833706038,0.0,0.0,0.0,0.0,0.0,omni
-4.2842838177067115,11.929,1.2104166666666665,0.0,0.0,0.0,0.37006492879031677,0.0,0.0,0.0,0.0,0.0,unicycle
-4.27688085501871,11.929,1.2104166666666665,0.0,0.0,0.0,0.3701481344000344,0.0,0.0,0.0,0.0,0.0,omni
-4.269479549998337,11.929,1.2104166666666665,0.0,0.0,0.0,0.3700652510186553,0.0,0.0,0.0,0.0,0.0,unicycle
-4.26207658157643,11.929,1.2104166666666665,0.0,0.0,0.0,0.3701484210953775,0.0,0.0,0.0,0.0,0.0,omni
-4.254675271600867,11.929,1.2104166666666665,0.0,0.0,0.0,0.37006549877817796,0.0,0.0,0.0,0.0,0.0,unicycle
-4.247272299028925,11.929,1.2104166666666665,0.0,0.0,0.0,0.37014862859710684,0.0,0.0,0.0,0.0,0.0,omni
-4.2398709856995005,11.929,1.2104166666666665,0.0,0.0,0.0,0.3700656664712324,0.0,0.0,0.0,0.0,0.0,unicycle
-4.232468010542949,11.929,1.2104166666666665,0.0,0.0,0.0,0.3701487578276606,0.0,0.0,0.0,0.0,0.0,omni
-4.225066695353654,11.929,1.2104166666666665,0.0,0.0,0.0,0.3700657594648072,0.0,0.0,0.0,0.0,0.0,unicycle
-4.217663719012812,11.929,1.2104166666666665,0.0,0.0,0.0,0.3701488170420724,0.0,0.0,0.0,0.0,0.0,omni
-4.21026240325785,11.929,1.2104166666666665,0.0,0.0,0.0,0.37006578774802196,0.0,0.0,0.0,0.0,0.0,unicycle
-4.202859426915445,11.929,1.2104166666666665,0.0,0.0,0.0,0.37014881712019854,0.0,0.0,0.0,0.0,0.0,omni
-4.195458111665719,11.929,1.2104166666666665,0.0,0.0,0.0,0.3700657624863824,0.0,0.0,0.0,0.0,0.0,unicycle
-4.188055136283925,11.929,1.2104166666666665,0.0,0.0,0.0,0.3701487690896238,0.0,0.0,0.0,0.0,0.0,omni
-4.180653822398263,11.929,1.2104166666666665,0.0,0.0,0.0,0.37006569428315006,0.0,0.0,0.0,0.0,0.0,unicycle
-4.173250848739354,11.929,1.2104166666666665,0.0,0.0,0.0,0.37014868294552977,0.0,0.0,0.0,0.0,0.0,omni
-4.1658495368910025,11.929,1.2104166666666665,0.0,0.0,0.0,0.37006559241756876,0.0,0.0,0.0,0.0,0.0,unicycle
-4.158446565547031,11.929,1.2104166666666665,0.0,0.0,0.0,0.37014856719864975,0.0,0.0,0.0,0.0,0.0,omni
-4.151045256254655,11.929,1.2104166666666665,0.0,0.0,0.0,0.3700654646187804,0.0,0.0,0.0,0.0,0.0,unicycle
-4.143642287678436,11.929,1.2104166666666665,0.0,0.0,0.0,0.37014842881093174,0.0,0.0,0.0,0.0,0.0,omni
-4.136240981336147,11.929,1.2104166666666665,0.0,0.0,0.0,0.3700653171143529,0.0,0.0,0.0,0.0,0.0,unicycle
-4.128838015869746,11.929,1.2104166666666665,0.0,0.0,0.0,0.3701482733200281,0.0,0.0,0.0,0.0,0.0,omni
-4.121436712773683,11.929,1.2104166666666665,0.0,0.0,0.0,0.3700651548031502,0.0,0.0,0.0,0.0,0.0,unicycle
-4.114033750672878,11.929,1.2104166666666665,0.0,0.0,0.0,0.3701481050401822,0.0,0.0,0.0,0.0,0.0,omni
-4.106632451043488,11.929,1.2104166666666665,0.0,0.0,0.0,0.3700649814694286,0.0,0.0,0.0,0.0,0.0,unicycle
-4.0992294924979085,11.929,1.2104166666666665,0.0,0.0,0.0,0.3701479272789832,0.0,0.0,0.0,0.0,0.0,omni
-4.09182819649801,11.929,1.2104166666666665,0.0,0.0,0.0,0.3700647999949349,0.0,0.0,0.0,0.0,0.0,unicycle
-4.08442524164721,11.929,1.2104166666666665,0.0,0.0,0.0,0.3701477425399286,0.0,0.0,0.0,0.0,0.0,omni
-4.0770239493962315,11.929,1.2104166666666665,0.0,0.0,0.0,0.37006461254887063,0.0,0.0,0.0,0.0,0.0,unicycle
-4.06962099834227,11.929,1.2104166666666665,0.0,0.0,0.0,0.3701475526980673,0.0,0.0,0.0,0.0,0.0,omni
-4.062219709927302,11.929,1.2104166666666665,0.0,0.0,0.0,0.37006442074846174,0.0,0.0,0.0,0.0,0.0,unicycle
-4.0548167627443945,11.929,1.2104166666666665,0.0,0.0,0.0,0.37014735914542957,0.0,0.0,0.0,0.0,0.0,omni
-4.047415478228601,11.929,1.2104166666666665,0.0,0.0,0.0,0.37006422578965503,0.0,0.0,0.0,0.0,0.0,unicycle
-4.040012534970447,11.929,1.2104166666666665,0.0,0.0,0.0,0.37014716290770977,0.0,0.0,0.0,0.0,0.0,omni
-4.032611253354112,11.929,1.2104166666666665,0.0,0.0,0.0,0.3700640808167867,0.0,0.0,0.0,0.0,0.0,unicycle
-4.025208309838373,11.929,1.2104166666666665,0.0,0.0,0.0,0.3701471757870217,0.0,0.0,0.0,0.0,0.0,omni
-4.017807024543583,11.929,1.2104166666666665,0.0,0.0,0.0,0.37006426473951637,0.0,0.0,0.0,0.0,0.0,unicycle
-4.010404075235872,11.929,1.2104166666666665,0.0,0.0,0.0,0.37014746538545684,0.0,0.0,0.0,0.0,0.0,omni
-4.003002782992464,11.929,1.2104166666666665,0.0,0.0,0.0,0.37006461217039177,0.0,0.0,0.0,0.0,0.0,unicycle
-3.995599826273429,11.929,1.2104166666666665,0.0,0.0,0.0,0.3701478359517316,0.0,0.0,0.0,0.0,0.0,omni
-3.9881985266427535,11.929,1.2104166666666665,0.0,0.0,0.0,0.37006498153376793,0.0,0.0,0.0,0.0,0.0,unicycle
-3.980795562896706,11.929,1.2104166666666665,0.0,0.0,0.0,0.3701481873023807,0.0,0.0,0.0,0.0,0.0,omni
-3.973394256816056,11.929,1.2104166666666665,0.0,0.0,0.0,0.3700653040325599,0.0,0.0,0.0,0.0,0.0,unicycle
-3.96599128733155,11.929,1.2104166666666665,0.0,0.0,0.0,0.3701484742252701,0.0,0.0,0.0,0.0,0.0,omni
-3.9585899762918815,11.929,1.2104166666666665,0.0,0.0,0.0,0.37006555198339436,0.0,0.0,0.0,0.0,0.0,unicycle
-3.951187002654127,11.929,1.2104166666666665,0.0,0.0,0.0,0.37014868188773686,0.0,0.0,0.0,0.0,0.0,omni
-3.943785688257899,11.929,1.2104166666666665,0.0,0.0,0.0,0.3700657198114084,0.0,0.0,0.0,0.0,0.0,unicycle
-3.9363827120332684,11.929,1.2104166666666665,0.0,0.0,0.0,0.370148811231533,0.0,0.0,0.0,0.0,0.0,omni
-3.9289813957752693,11.929,1.2104166666666665,0.0,0.0,0.0,0.37006581289994284,0.0,0.0,0.0,0.0,0.0,unicycle
-3.9215784183647586,11.929,1.2104166666666665,0.0,0.0,0.0,0.3701488705255243,0.0,0.0,0.0,0.0,0.0,omni
-3.9141771015397624,11.929,1.2104166666666665,0.0,0.0,0.0,0.3700658412498076,0.0,0.0,0.0,0.0,0.0,unicycle
-3.906774124126573,11.929,1.2104166666666665,0.0,0.0,0.0,0.3701488706594383,0.0,0.0,0.0,0.0,0.0,omni
-3.8993728078058756,11.929,1.2104166666666665,0.0,0.0,0.0,0.37006581603483685,0.0,0.0,0.0,0.0,0.0,unicycle
-3.8919698313525175,11.929,1.2104166666666665,0.0,0.0,0.0,0.3701488226678812,0.0,0.0,0.0,0.0,0.0,omni
-3.8845685163952326,11.929,1.2104166666666665,0.0,0.0,0.0,0.3700657478642065,0.0,0.0,0.0,0.0,0.0,unicycle
-3.8771655416642123,11.929,1.2104166666666665,0.0,0.0,0.0,0.370148736551013,0.0,0.0,0.0,0.0,0.0,omni
-3.8697642287437852,11.929,1.2104166666666665,0.0,0.0,0.0,0.3700656460213486,0.0,0.0,0.0,0.0,0.0,unicycle
-3.862361256327324,11.929,1.2104166666666665,0.0,0.0,0.0,0.370148620823088,0.0,0.0,0.0,0.0,0.0,omni
-3.8549599459625576,11.929,1.2104166666666665,0.0,0.0,0.0,0.3700655182383631,0.0,0.0,0.0,0.0,0.0,unicycle
-3.8475569763135877,11.929,1.2104166666666665,0.0,0.0,0.0,0.37014848244853726,0.0,0.0,0.0,0.0,0.0,omni
-3.840155668898689,11.929,1.2104166666666665,0.0,0.0,0.0,0.37006537074490053,0.0,0.0,0.0,0.0,0.0,unicycle
-3.8327527023593544,11.929,1.2104166666666665,0.0,0.0,0.0,0.3701483269667592,0.0,0.0,0.0,0.0,0.0,omni
-3.8253513981905294,11.929,1.2104166666666665,0.0,0.0,0.0,0.370065208441288,0.0,0.0,0.0,0.0,0.0,unicycle
-3.8179484350166644,11.929,1.2104166666666665,0.0,0.0,0.0,0.37014815869322254,0.0,0.0,0.0,0.0,0.0,omni
-3.8105471343144086,11.929,1.2104166666666665,0.0,0.0,0.0,0.37006503511280764,0.0,0.0,0.0,0.0,0.0,unicycle
-3.803144174695682,11.929,1.2104166666666665,0.0,0.0,0.0,0.37014798093637463,0.0,0.0,0.0,0.0,0.0,omni
-3.795742877622843,11.929,1.2104166666666665,0.0,0.0,0.0,0.3700648536419234,0.0,0.0,0.0,0.0,0.0,unicycle
-3.7883399216988374,11.929,1.2104166666666665,0.0,0.0,0.0,0.370147796200312,0.0,0.0,0.0,0.0,0.0,omni
-3.78093862837487,11.929,1.2104166666666665,0.0,0.0,0.0,0.3700646661983373,0.0,0.0,0.0,0.0,0.0,unicycle
-3.77353567624766,11.929,1.2104166666666665,0.0,0.0,0.0,0.37014760636050137,0.0,0.0,0.0,0.0,0.0,omni
-3.7661343867596675,11.929,1.2104166666666665,0.0,0.0,0.0,0.3700644743996236,0.0,0.0,0.0,0.0,0.0,unicycle
-3.758731438503482,11.929,1.2104166666666665,0.0,0.0,0.0,0.37014741280926355,0.0,0.0,0.0,0.0,0.0,omni
-3.7513301529146426,11.929,1.2104166666666665,0.0,0.0,0.0,0.3700642794419715,0.0,0.0,0.0,0.0,0.0,unicycle
-3.743927208583193,11.929,1.2104166666666665,0.0,0.0,0.0,0.3701472165724948,0.0,0.0,0.0,0.0,0.0,omni
-3.7365259269391164,11.929,1.2104166666666665,0.0,0.0,0.0,0.37006408220379927,0.0,0.0,0.0,0.0,0.0,unicycle
-3.729122985003109,11.929,1.2104166666666665,0.0,0.0,0.0,0.37014709680032226,0.0,0.0,0.0,0.0,0.0,omni
-3.7217217023116977,11.929,1.2104166666666665,0.0,0.0,0.0,0.370064134570528,0.0,0.0,0.0,0.0,0.0,unicycle
-3.714318756199154,11.929,1.2104166666666665,0.0,0.0,0.0,0.370147305627161,0.0,0.0,0.0,0.0,0.0,omni
-3.7069174674295966,11.929,1.2104166666666665,0.0,0.0,0.0,0.3700644384779019,0.0,0.0,0.0,0.0,0.0,unicycle
-3.6995145142392016,11.929,1.2104166666666665,0.0,0.0,0.0,0.37014765951975753,0.0,0.0,0.0,0.0,0.0,omni
-3.692113218037552,11.929,1.2104166666666665,0.0,0.0,0.0,0.3700648100824391,0.0,0.0,0.0,0.0,0.0,unicycle
-3.6847102575171875,11.929,1.2104166666666665,0.0,0.0,0.0,0.37014802601824803,0.0,0.0,0.0,0.0,0.0,omni
-3.67730895439461,11.929,1.2104166666666665,0.0,0.0,0.0,0.3700651561288469,0.0,0.0,0.0,0.0,0.0,unicycle
-3.669905987563688,11.929,1.2104166666666665,0.0,0.0,0.0,0.3701483415460876,0.0,0.0,0.0,0.0,0.0,omni
-3.6625046788577245,11.929,1.2104166666666665,0.0,0.0,0.0,0.3700654352981718,0.0,0.0,0.0,0.0,0.0,unicycle
-3.655101707232,11.929,1.2104166666666665,0.0,0.0,0.0,0.37014858128624173,0.0,0.0,0.0,0.0,0.0,omni
-3.647700394535319,11.929,1.2104166666666665,0.0,0.0,0.0,0.3700656348340756,0.0,0.0,0.0,0.0,0.0,unicycle
-3.6402974197125944,11.929,1.2104166666666665,0.0,0.0,0.0,0.3701487411362195,0.0,0.0,0.0,0.0,0.0,omni
-3.6328961045787467,11.929,1.2104166666666665,0.0,0.0,0.0,0.37006575669240693,0.0,0.0,0.0,0.0,0.0,unicycle
-3.6254931280357714,11.929,1.2104166666666665,0.0,0.0,0.0,0.37014882714880576,0.0,0.0,0.0,0.0,0.0,omni
-3.61809181184467,11.929,1.2104166666666665,0.0,0.0,0.0,0.37006580955506235,0.0,0.0,0.0,0.0,0.0,unicycle
-3.610688834853678,11.929,1.2104166666666665,0.0,0.0,0.0,0.3701488495496178,0.0,0.0,0.0,0.0,0.0,omni
-3.6032875187656637,11.929,1.2104166666666665,0.0,0.0,0.0,0.3700658044007523,0.0,0.0,0.0,0.0,0.0,unicycle
-3.595884542375551,11.929,1.2104166666666665,0.0,0.0,0.0,0.37014881950565,0.0,0.0,0.0,0.0,0.0,omni
-3.5884832273317167,11.929,1.2104166666666665,0.0,0.0,0.0,0.37006575219172305,0.0,0.0,0.0,0.0,0.0,unicycle
-3.5810802523814975,11.929,1.2104166666666665,0.0,0.0,0.0,0.3701487475109418,0.0,0.0,0.0,0.0,0.0,omni
-3.5736789391257564,11.929,1.2104166666666665,0.0,0.0,0.0,0.3700656627871001,0.0,0.0,0.0,0.0,0.0,unicycle
-3.5662759662718693,11.929,1.2104166666666665,0.0,0.0,0.0,0.3701486426943442,0.0,0.0,0.0,0.0,0.0,omni
-3.558874655381031,11.929,1.2104166666666665,0.0,0.0,0.0,0.37006554454188717,0.0,0.0,0.0,0.0,0.0,unicycle
-3.551471685128425,11.929,1.2104166666666665,0.0,0.0,0.0,0.3701485126302651,0.0,0.0,0.0,0.0,0.0,omni
-3.544070377043053,11.929,1.2104166666666665,0.0,0.0,0.0,0.37006540426860707,0.0,0.0,0.0,0.0,0.0,unicycle
-3.5366674097749535,11.929,1.2104166666666665,0.0,0.0,0.0,0.3701483634049564,0.0,0.0,0.0,0.0,0.0,omni
-3.5292661048274856,11.929,1.2104166666666665,0.0,0.0,0.0,0.3700652473733842,0.0,0.0,0.0,0.0,0.0,unicycle
-3.521863140831558,11.929,1.2104166666666665,0.0,0.0,0.0,0.3701481997964,0.0,0.0,0.0,0.0,0.0,omni
-3.5144618392703486,11.929,1.2104166666666665,0.0,0.0,0.0,0.37006507806049604,0.0,0.0,0.0,0.0,0.0,unicycle
-3.507058878760555,11.929,1.2104166666666665,0.0,0.0,0.0,0.37014802548966225,0.0,0.0,0.0,0.0,0.0,omni
-3.4996575807695813,11.929,1.2104166666666665,0.0,0.0,0.0,0.3700648995486988,0.0,0.0,0.0,0.0,0.0,unicycle
-3.492254623903833,11.929,1.2104166666666665,0.0,0.0,0.0,0.3701478432874164,0.0,0.0,0.0,0.0,0.0,omni
-3.4848533296184034,11.929,1.2104166666666665,0.0,0.0,0.0,0.3700647142714748,0.0,0.0,0.0,0.0,0.0,unicycle
-3.47745037651246,11.929,1.2104166666666665,0.0,0.0,0.0,0.3701476552971558,0.0,0.0,0.0,0.0,0.0,omni
-3.4700490860314663,11.929,1.2104166666666665,0.0,0.0,0.0,0.3700645240497075,0.0,0.0,0.0,0.0,0.0,unicycle
-3.4626461367696924,11.929,1.2104166666666665,0.0,0.0,0.0,0.3701474630887339,0.0,0.0,0.0,0.0,0.0,omni
-3.4552448501650095,11.929,1.2104166666666665,0.0,0.0,0.0,0.3700643302341304,0.0,0.0,0.0,0.0,0.0,unicycle
-3.447841904808565,11.929,1.2104166666666665,0.0,0.0,0.0,0.3701472678222029,0.0,0.0,0.0,0.0,0.0,omni
-3.440440622132178,11.929,1.2104166666666665,0.0,0.0,0.0,0.3700641338193218,0.0,0.0,0.0,0.0,0.0,unicycle
-3.433037679157217,11.929,1.2104166666666665,0.0,0.0,0.0,0.3701471487480338,0.0,0.0,0.0,0.0,0.0,omni
-3.4256363954216735,11.929,1.2104166666666665,0.0,0.0,0.0,0.3700641867771981,0.0,0.0,0.0,0.0,0.0,unicycle
-3.4182334482601733,11.929,1.2104166666666665,0.0,0.0,0.0,0.3701473580750517,0.0,0.0,0.0,0.0,0.0,omni
-3.410832158438025,11.929,1.2104166666666665,0.0,0.0,0.0,0.37006449110739975,0.0,0.0,0.0,0.0,0.0,unicycle
-3.403429204191529,11.929,1.2104166666666665,0.0,0.0,0.0,0.37014771232477706,0.0,0.0,0.0,0.0,0.0,omni
-3.396027906931263,11.929,1.2104166666666665,0.0,0.0,0.0,0.3700648630133238,0.0,0.0,0.0,0.0,0.0,unicycle
-3.3886249453497155,11.929,1.2104166666666665,0.0,0.0,0.0,0.3701480790774087,0.0,0.0,0.0,0.0,0.0,omni
-3.381223641164239,11.929,1.2104166666666665,0.0,0.0,0.0,0.3700652092738673,0.0,0.0,0.0,0.0,0.0,unicycle
-3.373820673268528,11.929,1.2104166666666665,0.0,0.0,0.0,0.37014839478554074,0.0,0.0,0.0,0.0,0.0,omni
-3.366419363496631,11.929,1.2104166666666665,0.0,0.0,0.0,0.37006548859488,0.0,0.0,0.0,0.0,0.0,unicycle
-3.3590163908035664,11.929,1.2104166666666665,0.0,0.0,0.0,0.3701486346532263,0.0,0.0,0.0,0.0,0.0,omni
-3.3516150770388085,11.929,1.2104166666666665,0.0,0.0,0.0,0.37006568823793246,0.0,0.0,0.0,0.0,0.0,unicycle
-3.3442121011469443,11.929,1.2104166666666665,0.0,0.0,0.0,0.37014879459316735,0.0,0.0,0.0,0.0,0.0,omni
-3.3368107849435096,11.929,1.2104166666666665,0.0,0.0,0.0,0.3700658101717489,0.0,0.0,0.0,0.0,0.0,unicycle
-3.3294078073301283,11.929,1.2104166666666665,0.0,0.0,0.0,0.3701488806690504,0.0,0.0,0.0,0.0,0.0,omni
-3.3220064900683792,11.929,1.2104166666666665,0.0,0.0,0.0,0.37006586308744766,0.0,0.0,0.0,0.0,0.0,unicycle
-3.314603512006093,11.929,1.2104166666666665,0.0,0.0,0.0,0.370148903114286,0.0,0.0,0.0,0.0,0.0,omni
-3.307202194846687,11.929,1.2104166666666665,0.0,0.0,0.0,0.37006585797031977,0.0,0.0,0.0,0.0,0.0,unicycle
-3.2997992173846584,11.929,1.2104166666666665,0.0,0.0,0.0,0.3701488731014208,0.0,0.0,0.0,0.0,0.0,omni
-3.2923979012689117,11.929,1.2104166666666665,0.0,0.0,0.0,0.37006580578729226,0.0,0.0,0.0,0.0,0.0,unicycle
-3.2849949252463433,11.929,1.2104166666666665,0.0,0.0,0.0,0.3701488011284374,0.0,0.0,0.0,0.0,0.0,omni
-3.2775936109183275,11.929,1.2104166666666665,0.0,0.0,0.0,0.3700657164008101,0.0,0.0,0.0,0.0,0.0,unicycle
-3.2701906369917872,11.929,1.2104166666666665,0.0,0.0,0.0,0.37014869632697905,0.0,0.0,0.0,0.0,0.0,omni
-3.262789325028422,11.929,1.2104166666666665,0.0,0.0,0.0,0.3700655981682241,0.0,0.0,0.0,0.0,0.0,unicycle
-3.2553863537029533,11.929,1.2104166666666665,0.0,0.0,0.0,0.37014856627342535,0.0,0.0,0.0,0.0,0.0,omni
-3.2479850445448784,11.929,1.2104166666666665,0.0,0.0,0.0,0.37006545790371237,0.0,0.0,0.0,0.0,0.0,unicycle
-3.2405820762037707,11.929,1.2104166666666665,0.0,0.0,0.0,0.3701484170554167,0.0,0.0,0.0,0.0,0.0,omni
-3.233180770183479,11.929,1.2104166666666665,0.0,0.0,0.0,0.37006530101456325,0.0,0.0,0.0,0.0,0.0,unicycle
-3.2257778051144403,11.929,1.2104166666666665,0.0,0.0,0.0,0.37014825345191055,0.0,0.0,0.0,0.0,0.0,omni
-3.2183765024803237,11.929,1.2104166666666665,0.0,0.0,0.0,0.37006513170587146,0.0,0.0,0.0,0.0,0.0,unicycle
-3.2109735408973514,11.929,1.2104166666666665,0.0,0.0,0.0,0.370148079148657,0.0,0.0,0.0,0.0,0.0,omni
-3.203572241833412,11.929,1.2104166666666665,0.0,0.0,0.0,0.37006495319696503,0.0,0.0,0.0,0.0,0.0,unicycle
-3.196169283894435,11.929,1.2104166666666665,0.0,0.0,0.0,0.3701478969488076,0.0,0.0,0.0,0.0,0.0,omni
-3.1887679885360005,11.929,1.2104166666666665,0.0,0.0,0.0,0.37006476792172577,0.0,0.0,0.0,0.0,0.0,unicycle
-3.1813650343567965,11.929,1.2104166666666665,0.0,0.0,0.0,0.3701477089601892,0.0,0.0,0.0,0.0,0.0,omni
-3.1739637428027696,11.929,1.2104166666666665,0.0,0.0,0.0,0.37006457770131584,0.0,0.0,0.0,0.0,0.0,unicycle
-3.166560792467712,11.929,1.2104166666666665,0.0,0.0,0.0,0.37014751675288793,0.0,0.0,0.0,0.0,0.0,omni
-3.159159504789978,11.929,1.2104166666666665,0.0,0.0,0.0,0.3700643838866624,0.0,0.0,0.0,0.0,0.0,unicycle
-3.1517565583602356,11.929,1.2104166666666665,0.0,0.0,0.0,0.370147321487117,0.0,0.0,0.0,0.0,0.0,omni
-3.1443552746107852,11.929,1.2104166666666665,0.0,0.0,0.0,0.37006418747247816,0.0,0.0,0.0,0.0,0.0,unicycle
-3.1369523321304986,11.929,1.2104166666666665,0.0,0.0,0.0,0.3701471240143307,0.0,0.0,0.0,0.0,0.0,omni
-3.1295510513014464,11.929,1.2104166666666665,0.0,0.0,0.0,0.37006404145258376,0.0,0.0,0.0,0.0,0.0,unicycle
-3.122148108581309,11.929,1.2104166666666665,0.0,0.0,0.0,0.3701471360069,0.0,0.0,0.0,0.0,0.0,omni
-3.1147468240888085,11.929,1.2104166666666665,0.0,0.0,0.0,0.3700642246250235,0.0,0.0,0.0,0.0,0.0,unicycle
-3.1073438755893865,11.929,1.2104166666666665,0.0,0.0,0.0,0.37014742497107256,0.0,0.0,0.0,0.0,0.0,omni
-3.0999425841589834,11.929,1.2104166666666665,0.0,0.0,0.0,0.3700645715201845,0.0,0.0,0.0,0.0,0.0,unicycle
-3.092539628257278,11.929,1.2104166666666665,0.0,0.0,0.0,0.3701477950852457,0.0,0.0,0.0,0.0,0.0,omni
-3.0851383294472314,11.929,1.2104166666666665,0.0,0.0,0.0,0.3700649405023275,0.0,0.0,0.0,0.0,0.0,unicycle
-3.0777353665249376,11.929,1.2104166666666665,0.0,0.0,0.0,0.37014814611466995,0.0,0.0,0.0,0.0,0.0,omni
-3.070334061270325,11.929,1.2104166666666665,0.0,0.0,0.0,0.37006526273065965,0.0,0.0,0.0,0.0,0.0,unicycle
-3.0629310926141255,11.929,1.2104166666666665,0.0,0.0,0.0,0.37014843281000653,0.0,0.0,0.0,0.0,0.0,omni
-3.0555297824043213,11.929,1.2104166666666665,0.0,0.0,0.0,0.37006551049017583,0.0,0.0,0.0,0.0,0.0,unicycle
-3.0481268095980867,11.929,1.2104166666666665,0.0,0.0,0.0,0.37014864031172945,0.0,0.0,0.0,0.0,0.0,omni
-3.040725496034423,11.929,1.2104166666666665,0.0,0.0,0.0,0.3700656781832238,0.0,0.0,0.0,0.0,0.0,unicycle
-3.0333225206435768,11.929,1.2104166666666665,0.0,0.0,0.0,0.3701487695422765,0.0,0.0,0.0,0.0,0.0,omni
-3.025921205220041,11.929,1.2104166666666665,0.0,0.0,0.0,0.37006577117679185,0.0,0.0,0.0,0.0,0.0,unicycle
-3.0185182286449064,11.929,1.2104166666666665,0.0,0.0,0.0,0.37014882875668187,0.0,0.0,0.0,0.0,0.0,omni
-3.0111169126557056,11.929,1.2104166666666665,0.0,0.0,0.0,0.37006579946000034,0.0,0.0,0.0,0.0,0.0,unicycle
-3.0037139360790097,11.929,1.2104166666666665,0.0,0.0,0.0,0.3701488288348017,0.0,0.0,0.0,0.0,0.0,omni
-2.996312620595042,11.929,1.2104166666666665,0.0,0.0,0.0,0.37006577419835457,0.0,0.0,0.0,0.0,0.0,unicycle
-2.9889096449789574,11.929,1.2104166666666665,0.0,0.0,0.0,0.3701487808042208,0.0,0.0,0.0,0.0,0.0,omni
-2.981508330859054,11.929,1.2104166666666665,0.0,0.0,0.0,0.37006570599511596,0.0,0.0,0.0,0.0,0.0,unicycle
-2.9741053569658527,11.929,1.2104166666666665,0.0,0.0,0.0,0.37014869466012035,0.0,0.0,0.0,0.0,0.0,omni
-2.966704044883262,11.929,1.2104166666666665,0.0,0.0,0.0,0.37006560412952805,0.0,0.0,0.0,0.0,0.0,unicycle
-2.959301073304998,11.929,1.2104166666666665,0.0,0.0,0.0,0.37014857891323366,0.0,0.0,0.0,0.0,0.0,omni
-2.951899763778384,11.929,1.2104166666666665,0.0,0.0,0.0,0.37006547633073317,0.0,0.0,0.0,0.0,0.0,unicycle
-2.944496794967874,11.929,1.2104166666666665,0.0,0.0,0.0,0.37014844052550927,0.0,0.0,0.0,0.0,0.0,omni
-2.9370954883913485,11.929,1.2104166666666665,0.0,0.0,0.0,0.3700653288262994,0.0,0.0,0.0,0.0,0.0,unicycle
-2.9296925226906567,11.929,1.2104166666666665,0.0,0.0,0.0,0.3701482850345994,0.0,0.0,0.0,0.0,0.0,omni
-2.9222912193603556,11.929,1.2104166666666665,0.0,0.0,0.0,0.3700651665150904,0.0,0.0,0.0,0.0,0.0,unicycle
-2.9148882570252614,11.929,1.2104166666666665,0.0,0.0,0.0,0.3701481167547471,0.0,0.0,0.0,0.0,0.0,omni
-2.9074869571616344,11.929,1.2104166666666665,0.0,0.0,0.0,0.3700649931813625,0.0,0.0,0.0,0.0,0.0,unicycle
-2.900083998381764,11.929,1.2104166666666665,0.0,0.0,0.0,0.3701479389935419,0.0,0.0,0.0,0.0,0.0,omni
-2.8926827021476265,11.929,1.2104166666666665,0.0,0.0,0.0,0.3700648117068624,0.0,0.0,0.0,0.0,0.0,unicycle
-2.8852797470625373,11.929,1.2104166666666665,0.0,0.0,0.0,0.37014775425448077,0.0,0.0,0.0,0.0,0.0,omni
-2.877878454577321,11.929,1.2104166666666665,0.0,0.0,0.0,0.3700646242607915,0.0,0.0,0.0,0.0,0.0,unicycle
-2.8704755032890685,11.929,1.2104166666666665,0.0,0.0,0.0,0.37014756441261276,0.0,0.0,0.0,0.0,0.0,omni
-2.863074214639861,11.929,1.2104166666666665,0.0,0.0,0.0,0.37006443246037585,0.0,0.0,0.0,0.0,0.0,unicycle
-2.8556712672226614,11.929,1.2104166666666665,0.0,0.0,0.0,0.37014737085996824,0.0,0.0,0.0,0.0,0.0,omni
-2.84826998247263,11.929,1.2104166666666665,0.0,0.0,0.0,0.3700642375015625,0.0,0.0,0.0,0.0,0.0,unicycle
-2.840867038980186,11.929,1.2104166666666665,0.0,0.0,0.0,0.37014717462224184,0.0,0.0,0.0,0.0,0.0,omni
-2.833465757129613,11.929,1.2104166666666665,0.0,0.0,0.0,0.3700640925286875,0.0,0.0,0.0,0.0,0.0,unicycle
-2.8260628133795813,11.929,1.2104166666666665,0.0,0.0,0.0,0.37014718750154707,0.0,0.0,0.0,0.0,0.0,omni
-2.8186615278505536,11.929,1.2104166666666665,0.0,0.0,0.0,0.37006427645141055,0.0,0.0,0.0,0.0,0.0,unicycle
-2.811258578308554,11.929,1.2104166666666665,0.0,0.0,0.0,0.3701474770999757,0.0,0.0,0.0,0.0,0.0,omni
-2.8038572858309085,11.929,1.2104166666666665,0.0,0.0,0.0,0.37006462388227945,0.0,0.0,0.0,0.0,0.0,unicycle
-2.796454328877584,11.929,1.2104166666666665,0.0,0.0,0.0,0.3701478476662439,0.0,0.0,0.0,0.0,0.0,omni
-2.789053029012671,11.929,1.2104166666666665,0.0,0.0,0.0,0.37006499324564907,0.0,0.0,0.0,0.0,0.0,unicycle
-2.781650065032333,11.929,1.2104166666666665,0.0,0.0,0.0,0.3701481990168866,0.0,0.0,0.0,0.0,0.0,omni
-2.774248758717445,11.929,1.2104166666666665,0.0,0.0,0.0,0.3700653157444348,0.0,0.0,0.0,0.0,0.0,unicycle
-2.76684578899865,11.929,1.2104166666666665,0.0,0.0,0.0,0.37014848593976973,0.0,0.0,0.0,0.0,0.0,omni
-2.759444477724744,11.929,1.2104166666666665,0.0,0.0,0.0,0.37006556369526294,0.0,0.0,0.0,0.0,0.0,unicycle
-2.752041503852699,11.929,1.2104166666666665,0.0,0.0,0.0,0.3701486936022302,0.0,0.0,0.0,0.0,0.0,omni
-2.7446401892222334,11.929,1.2104166666666665,0.0,0.0,0.0,0.3700657315232706,0.0,0.0,0.0,0.0,0.0,unicycle
-2.7372372127633136,11.929,1.2104166666666665,0.0,0.0,0.0,0.37014882294601986,0.0,0.0,0.0,0.0,0.0,omni
-2.729835896271077,11.929,1.2104166666666665,0.0,0.0,0.0,0.37006582461179877,0.0,0.0,0.0,0.0,0.0,unicycle
-2.7224329186262772,11.929,1.2104166666666665,0.0,0.0,0.0,0.37014888224000503,0.0,0.0,0.0,0.0,0.0,omni
-2.7150316015670435,11.929,1.2104166666666665,0.0,0.0,0.0,0.3700658529616573,0.0,0.0,0.0,0.0,0.0,unicycle
-2.707628623919565,11.929,1.2104166666666665,0.0,0.0,0.0,0.37014888237391275,0.0,0.0,0.0,0.0,0.0,omni
-2.700227307364632,11.929,1.2104166666666665,0.0,0.0,0.0,0.37006582774668023,0.0,0.0,0.0,0.0,0.0,unicycle
-2.692824330676985,11.929,1.2104166666666665,0.0,0.0,0.0,0.37014883438234936,0.0,0.0,0.0,0.0,0.0,omni
-2.685423015485464,11.929,1.2104166666666665,0.0,0.0,0.0,0.3700657595760436,0.0,0.0,0.0,0.0,0.0,unicycle
-2.678020040520155,11.929,1.2104166666666665,0.0,0.0,0.0,0.37014874826547484,0.0,0.0,0.0,0.0,0.0,omni
-2.670618727365492,11.929,1.2104166666666665,0.0,0.0,0.0,0.3700656577331794,0.0,0.0,0.0,0.0,0.0,unicycle
-2.663215754714742,11.929,1.2104166666666665,0.0,0.0,0.0,0.37014863253754354,0.0,0.0,0.0,0.0,0.0,omni
-2.655814444115738,11.929,1.2104166666666665,0.0,0.0,0.0,0.37006552995018743,0.0,0.0,0.0,0.0,0.0,unicycle
-2.648411474232479,11.929,1.2104166666666665,0.0,0.0,0.0,0.37014849416298623,0.0,0.0,0.0,0.0,0.0,omni
-2.6410101665833445,11.929,1.2104166666666665,0.0,0.0,0.0,0.3700653824567182,0.0,0.0,0.0,0.0,0.0,unicycle
-2.633607199809721,11.929,1.2104166666666665,0.0,0.0,0.0,0.37014833868120156,0.0,0.0,0.0,0.0,0.0,omni
-2.6262058954066583,11.929,1.2104166666666665,0.0,0.0,0.0,0.3700652201530991,0.0,0.0,0.0,0.0,0.0,unicycle
-2.6188029319985042,11.929,1.2104166666666665,0.0,0.0,0.0,0.37014817040765835,0.0,0.0,0.0,0.0,0.0,omni
-2.6114016310620127,11.929,1.2104166666666665,0.0,0.0,0.0,0.3700650468246123,0.0,0.0,0.0,0.0,0.0,unicycle
-2.603998671208997,11.929,1.2104166666666665,0.0,0.0,0.0,0.3701479926508039,0.0,0.0,0.0,0.0,0.0,omni
-2.5965973739019224,11.929,1.2104166666666665,0.0,0.0,0.0,0.37006486535372146,0.0,0.0,0.0,0.0,0.0,unicycle
-2.5891944177436277,11.929,1.2104166666666665,0.0,0.0,0.0,0.3701478079147347,0.0,0.0,0.0,0.0,0.0,omni
-2.5817931241854244,11.929,1.2104166666666665,0.0,0.0,0.0,0.3700646779101287,0.0,0.0,0.0,0.0,0.0,unicycle
-2.5743901718239255,11.929,1.2104166666666665,0.0,0.0,0.0,0.3701476180749175,0.0,0.0,0.0,0.0,0.0,omni
-2.5669888821016973,11.929,1.2104166666666665,0.0,0.0,0.0,0.3700644861114086,0.0,0.0,0.0,0.0,0.0,unicycle
-2.5595859336112246,11.929,1.2104166666666665,0.0,0.0,0.0,0.37014742452367316,0.0,0.0,0.0,0.0,0.0,omni
-2.5521846477881494,11.929,1.2104166666666665,0.0,0.0,0.0,0.37006429115375006,0.0,0.0,0.0,0.0,0.0,unicycle
-2.544781703222411,11.929,1.2104166666666665,0.0,0.0,0.0,0.37014722828689806,0.0,0.0,0.0,0.0,0.0,omni
-2.5373804213441002,11.929,1.2104166666666665,0.0,0.0,0.0,0.37006409391557155,0.0,0.0,0.0,0.0,0.0,unicycle
-2.529978193102807,11.928999998920284,1.2104166666666665,0.0,0.0,-2.917272284840058e-07,0.3701114120646933,0.0,0.0,0.0,0.0,-1.458636142420029e-05,omni
-2.5225798905659627,11.928997186397886,1.2104166666666665,0.0,0.0,-1.0321353995890939e-06,0.3699151269352182,-0.00014038126143047405,0.0,0.0,0.0,-3.702040855525438e-05,unicycle
-2.5151850400456737,11.92899004497895,1.2104166666666665,0.0,0.0,-3.1932729970371633e-06,0.3697425267680719,-0.0003562897902033202,0.0,0.0,0.0,-0.00010805687987240344,omni
-2.507799962671156,11.92897403229641,1.2104166666666665,0.0,0.0,-7.2654617903013055e-06,0.36925387290787365,-0.0007987031628618674,0.0,0.0,0.0,-0.00020360943966320704,unicycle
-2.50042488340408,11.928947006625332,1.2104166666666665,0.0,0.0,-1.4526094981764424e-05,0.36875397805599625,-0.0013472656923353757,0.0,0.0,0.0,-0.00036303165957315574,unicycle
-2.493020547320435,11.928913184512584,1.2104166666666665,0.0,0.0,-2.795792993910537e-05,0.3702168400239716,-0.0016832414871004273,0.0,0.0,0.0,-0.000671591747867047,unicycle
-2.485562342570767,11.928875625696849,1.2104166666666665,0.0,0.0,-5.0250817097680175e-05,0.3729103106417377,-0.0018633583642654735,0.0,0.0,0.0,-0.0011146443579287402,unicycle
-2.4780363492435797,11.928836497458622,1.2104166666666665,0.0,0.0,-8.38220725777662e-05,0.3762997966824161,-0.001931186115221441,0.0,0.0,0.0,-0.0016785627740043005,unicycle
-2.470436312855707,11.928797282396042,1.2104166666666665,0.0,0.0,-0.00013084223272626314,0.380002027691641,-0.0019199667047570179,0.0,0.0,0.0,-0.002351008007424848,unicycle
-2.4627613390084386,11.928758941362783,1.2104166666666665,0.0,0.0,-0.00019326222902525675,0.38374899804940943,-0.001854864306647235,0.0,0.0,0.0,-0.003120999814949679,unicycle
-2.4551155231991957,11.92872190221372,1.2104166666666665,0.0,0.0,-0.00031528921353682766,0.38229124924842056,-0.0017547501290149825,0.0,0.0,0.0,-0.006101349225578549,unicycle
-2.447659300957995,11.928685936480086,1.2104166666666665,0.0,0.0,-0.0005681164835833978,0.37281187099329455,-0.0016336147857194724,0.0,0.0,0.0,-0.012641363502328504,unicycle
-2.4404970490562174,11.928650266789846,1.2104166666666665,0.0,0.0,-0.001005695959763037,0.35811389050540415,-0.0015016829716600697,0.0,0.0,0.0,-0.02187897380898196,unicycle
-2.4336915729929487,11.928613841620214,1.2104166666666665,0.0,0.0,-0.001668423472921808,0.3402759403626486,-0.0013662906195440892,0.0,0.0,0.0,-0.033136375657938553,unicycle
-2.4272752873766694,11.9285755416856,1.2104166666666665,0.0,0.0,-0.0025858761711507316,0.3208176397428894,-0.00123257291570337,0.0,0.0,0.0,-0.04587263491144616,unicycle
-2.421258793588596,11.928534314711046,1.2104166666666665,0.0,0.0,-0.0037788803939385334,0.3008297439194842,-0.00110400201245949,0.0,0.0,0.0,-0.059650211139390105,unicycle
-2.4156374156365,11.928489249635142,1.2104166666666665,0.0,0.0,-0.005261106846544562,0.281076236831018,-0.000982805569751974,0.0,0.0,0.0,-0.07411132263030143,unicycle
-2.410396139994559,11.928439605468022,1.2104166666666665,0.0,0.0,-0.007040330807711145,0.26207412683779163,-0.0008702910431633047,0.0,0.0,0.0,-0.08896119805832924,unicycle
-2.405513312964889,11.928384809485157,1.2104166666666665,0.0,0.0,-0.009119452637653437,0.2441555632009877,-0.0007670956271855536,0.0,0.0,0.0,-0.10395609149711463,unicycle
-2.4009633752453685,11.928324436987035,1.2104166666666665,0.0,0.0,-0.011497343702723109,0.2275159690627943,-0.000673377732113566,0.0,0.0,0.0,-0.1188945532534837,unicycle
-2.396718854360759,11.928258181919041,1.2104166666666665,0.0,0.0,-0.01416956173853106,0.21225114396842992,-0.0005889626336934941,0.0,0.0,0.0,-0.13361090179039756,unicycle
-2.392751788515791,11.92818582489156,1.2104166666666665,0.0,0.0,-0.01712896516758843,0.19838569123154934,-0.0005134523349397313,0.0,0.0,0.0,-0.14797017145286848,unicycle
-2.389034717922278,11.928107202835625,1.2104166666666665,0.0,0.0,-0.02036624611071994,0.18589464503149958,-0.00044630759620982745,0.0,0.0,0.0,-0.16186404715657593,unicycle
-2.3855413498492806,11.928022182739637,1.2104166666666665,0.0,0.0,-0.02387039539335692,0.1747197865564436,-0.00038690842278831254,0.0,0.0,0.0,-0.17520746413184893,unicycle
-2.382246980020711,11.92793064060515,1.2104166666666665,0.0,0.0,-0.027629108721566417,0.164781829510365,-0.0003345979678971249,0.0,0.0,0.0,-0.18793566641047504,unicycle
-2.379128734307337,11.927832445861826,1.2104166666666665,0.0,0.0,-0.031629140640989435,0.1559894080700997,-0.00028871374764713524,0.0,0.0,0.0,-0.2000015959711512,unicycle
-2.376165679936805,11.92772745090979,1.2104166666666665,0.0,0.0,-0.035856611359867056,0.1482456029029257,-0.00024860921992301795,0.0,0.0,0.0,-0.2113735359438808,unicycle
-2.3733388438758287,11.927615485131867,1.2104166666666665,0.0,0.0,-0.04029727063948578,0.1414525834119636,-0.00021366810868134764,0.0,0.0,0.0,-0.22203296398093686,unicycle
-2.3706311669792504,11.927496352569758,1.2104166666666665,0.0,0.0,-0.04493672247380888,0.13551481909909496,-0.0001833133240311137,0.0,0.0,0.0,-0.23197259171615506,unicycle
-2.368027415434098,11.92736983243038,1.2104166666666665,0.0,0.0,-0.04976061402239562,0.13034121346583544,-0.0001570119088509879,0.0,0.0,0.0,-0.24119457742933748,unicycle
-2.3655140655383016,11.927235681637415,1.2104166666666665,0.0,0.0,-0.05475479211554161,0.12584643507935428,-0.00013427711210429511,0.0,0.0,0.0,-0.24970890465729936,unicycle
-2.3630791736115864,11.927093638735805,1.2104166666666665,0.0,0.0,-0.05990543054912126,0.12195165817519418,-0.0001146684293638201,0.0,0.0,0.0,-0.25753192167898326,unicycle
-2.360712239575141,11.926943428569716,1.2104166666666665,0.0,0.0,-0.06519913128921441,0.11858487611719246,-9.779024783415008e-05,0.0,0.0,0.0,-0.26468503700465773,unicycle
-2.358404070245961,11.926784767271608,1.2104166666666665,0.0,0.0,-0.07062300259290535,0.11568091250770501,-8.328957471270833e-05,0.0,0.0,0.0,-0.2711935651845488,unicycle
-2.356146646503343,11.926617367211094,1.2104166666666665,0.0,0.0,-0.07616471691366733,0.11318122458397721,-7.085320473480144e-05,0.0,0.0,0.0,-0.2770857160380996,unicycle
-2.3539329970658707,11.9264409416514,1.2104166666666665,0.0,0.0,-0.08181255129699287,0.1110335700220314,-6.020458774538454e-05,0.0,0.0,0.0,-0.2823917191662778,unicycle
-2.351757080562154,11.926255208945616,1.2104166666666665,0.0,0.0,-0.08755541278809825,0.10919159001433405,-5.110058417875649e-05,0.0,0.0,0.0,-0.28714307455526866,unicycle
-2.3496136768045037,11.926059896173932,1.2104166666666665,0.0,0.0,-0.09338285117430138,0.10761434738562586,-4.3328240665461486e-05,0.0,0.0,0.0,-0.29137191931015854,unicycle
-2.3474982876164723,11.925854742177105,1.2104166666666665,0.0,0.0,-0.09928506117633218,0.1062658476797647,-3.6701675853795136e-05,0.0,0.0,0.0,-0.29511050010154016,unicycle
-2.3454070471715043,11.925639499982198,1.2104166666666665,0.0,0.0,-0.105252875991409,0.10511456288588956,-3.105913494144471e-05,0.0,0.0,0.0,-0.29839074075384403,unicycle
-2.343336641530929,11.925413938645853,1.2104166666666665,0.0,0.0,-0.11127775388172417,0.10413297121548251,-2.6260247994914358e-05,0.0,0.0,0.0,-0.3012438945157594,unicycle
-2.341284236893999,11.925177844559899,1.2104166666666665,0.0,0.0,-0.11735175929939878,0.10329712164940738,-2.218351002324125e-05,0.0,0.0,0.0,-0.30370027088373147,unicycle
-2.339247415966594,11.924931022275988,1.2104166666666665,0.0,0.0,-0.12346753984639577,0.10258622849471918,-1.872398849877575e-05,0.0,0.0,0.0,-0.30578902734985114,unicycle
-2.3372241217998844,11.924673294911912,1.2104166666666665,0.0,0.0,-0.1296183001877614,0.10198229864792645,-1.5791255429031467e-05,0.0,0.0,0.0,-0.3075380170682832,unicycle
-2.3352126084314926,11.924404504203517,1.2104166666666665,0.0,0.0,-0.13579777387050904,0.10146979243643832,-1.3307535279165822e-05,0.0,0.0,0.0,-0.30897368413738036,unicycle
-2.333211397668546,11.9241245102645,1.2104166666666665,0.0,0.0,-0.1420001938493418,0.1010353176321291,-1.1206056323525917e-05,0.0,0.0,0.0,-0.310120998941638,unicycle
-2.331219241376333,11.923833191112257,1.2104166666666665,0.0,0.0,-0.14822026238452132,0.10066735536665275,-9.429590823779082e-06,0.0,0.0,0.0,-0.3110034267589771,unicycle
-2.3292350886718016,11.92353044201276,1.2104166666666665,0.0,0.0,-0.15445312085634338,0.1003560161232996,-7.929168371871732e-06,0.0,0.0,0.0,-0.31164292359110557,unicycle
-2.3272580574634025,11.923216174691339,1.2104166666666665,0.0,0.0,-0.1606943199343472,0.10009282365419701,-6.662946477789515e-06,0.0,0.0,0.0,-0.312059953900192,unicycle
-2.3252874098243446,11.922890316450006,1.2104166666666665,0.0,0.0,-0.16693979044676882,0.09987052451237907,-5.595222780952615e-06,0.0,0.0,0.0,-0.3122735256210798,unicycle
-2.3233225307328818,11.92255280922586,1.2104166666666665,0.0,0.0,-0.17318581521589424,0.09968292084808603,-4.695573936141702e-06,0.0,0.0,0.0,-0.31230123845627444,unicycle
-2.3213629097590656,11.922203608619181,1.2104166666666665,0.0,0.0,-0.17942900205681195,0.09952472416138967,-3.93810713279526e-06,0.0,0.0,0.0,-0.3121593420458838,unicycle
-2.3194081253213654,11.92184268291458,1.2104166666666665,0.0,0.0,-0.1856662580794978,0.09939142780155912,-3.3008112491093577e-06,0.0,0.0,0.0,-0.31186280113429377,unicycle
-2.3174578311779643,11.921470012113664,1.2104166666666665,0.0,0.0,-0.19189476538608644,0.09927919613708472,-2.7649957461408275e-06,0.0,0.0,0.0,-0.31142536532943343,unicycle
-2.3155117448559297,11.921085586993561,1.2104166666666665,0.0,0.0,-0.19811195821549524,0.0991847684739229,-2.314806519845102e-06,0.0,0.0,0.0,-0.3108596414704412,unicycle
-2.313569637756679,11.920689408201943,1.2104166666666665,0.0,0.0,-0.204315501555254,0.09910537596238993,-1.936809014585495e-06,0.0,0.0,0.0,-0.3101771669879368,unicycle
-2.3116313267081163,11.920281485396151,1.2104166666666665,0.0,0.0,-0.2105032712144789,0.09903866989745401,-1.6196299361918243e-06,0.0,0.0,0.0,-0.30938848296124977,unicycle
-2.30969666676263,11.919861836431465,1.2104166666666665,0.0,0.0,-0.21667333533153174,0.09898265997758059,-1.3536498712294697e-06,0.0,0.0,0.0,-0.3085032058526415,unicycle
-2.307765545065867,11.919430486601442,1.2104166666666665,0.0,0.0,-0.22282393727420782,0.09893566124020975,-1.1307400135220296e-06,0.0,0.0,0.0,-0.30753009713380475,unicycle
-2.305837875644143,11.918987467931604,1.2104166666666665,0.0,0.0,-0.22895347987858417,0.09889624853516482,-9.440370157161877e-07,0.0,0.0,0.0,-0.30647713021881495,unicycle
-2.3039135949785856,11.91853281852641,1.2104166666666665,0.0,0.0,-0.23506051096426905,0.09886321752957307,-7.877507227512468e-07,0.0,0.0,0.0,-0.30535155428424476,unicycle
-2.3019926582519763,11.918066581968429,1.2104166666666665,0.0,0.0,-0.24114371005817253,0.09883555135870346,-6.570002077963315e-07,0.0,0.0,0.0,-0.3041599546951743,unicycle
-2.300075036169905,11.917588806767908,1.2104166666666665,0.0,0.0,-0.24720187625555137,0.09881239214647877,-5.476741233756448e-07,0.0,0.0,0.0,-0.3029083098689437,unicycle
-2.2981607122715446,11.917099545860374,1.2104166666666665,0.0,0.0,-0.25323391714555193,0.09879301671763416,-4.56311905782564e-07,0.0,0.0,0.0,-0.30160204450002825,unicycle
-2.296249680657287,11.916598856149525,1.2104166666666665,0.0,0.0,-0.2592388387284002,0.09877681591113238,-3.800028347525712e-07,0.0,0.0,0.0,-0.30024607914241563,unicycle
-2.2943419440708226,11.916086798092497,1.2104166666666665,0.0,0.0,-0.2652157362524615,0.09876327698220998,-3.1630035817399726e-07,0.0,0.0,0.0,-0.2988448762030694,unicycle
-2.2924375122822527,11.915563435324446,1.2104166666666665,0.0,0.0,-0.2711637859013399,0.09875196864909401,-2.631494487793508e-07,0.0,0.0,0.0,-0.29740248244392253,unicycle
-2.290536400726554,11.915028834319402,1.2104166666666665,0.0,0.0,-0.27708223726379033,0.09874252840080186,-2.1882507150706023e-07,0.0,0.0,0.0,-0.2959225681225197,unicycle
-2.2886386293584304,11.914483064084372,1.2104166666666665,0.0,0.0,-0.28297040652228655,0.0987346517353143,-1.81880111497935e-07,0.0,0.0,0.0,-0.29440846292481626,unicycle
-2.286744221690325,11.91392619588377,1.2104166666666665,0.0,0.0,-0.2888276702994746,0.09872808304357049,-1.5110134809388774e-07,0.0,0.0,0.0,-0.2928631888593989,unicycle
-2.284853203985331,11.913358302991444,1.2104166666666665,0.0,0.0,-0.2946534601053133,0.09872260789490064,-1.2547226396704447e-07,0.0,0.0,0.0,-0.29128949029193396,unicycle
-2.2829656045809634,11.912779460467627,1.2104166666666665,0.0,0.0,-0.3004472573313773,0.09871804651437048,-1.0414165447182803e-07,0.0,0.0,0.0,-0.2896898613032002,unicycle
-2.2810814533233934,11.912189744958415,1.2104166666666665,0.0,0.0,-0.3062085887424705,0.09871424827268517,-8.639715395035141e-08,0.0,0.0,0.0,-0.2880665705546579,unicycle
-2.2792007810948407,11.911589234515473,1.2104166666666665,0.0,0.0,-0.3119370224193309,0.09871108703535994,-7.164292613955508e-08,0.0,0.0,0.0,-0.28642168384302324,unicycle
-2.277323619419476,11.910978008433911,1.2104166666666665,0.0,0.0,-0.31763216410974054,0.0987084572403213,-5.938087779255718e-08,0.0,0.0,0.0,-0.28475708452048293,unicycle
-2.2754500001354248,11.9103561471064,1.2104166666666665,0.0,0.0,-0.32329365394875276,0.0987062705924187,-4.9194850585353854e-08,0.0,0.0,0.0,-0.2830744919506167,unicycle
-2.2735799551223934,11.909723731891823,1.2104166666666665,0.0,0.0,-0.32892116351199857,0.09870445327990898,-4.0737328491431014e-08,0.0,0.0,0.0,-0.28137547816228925,unicycle
-2.271713516076068,11.909080844996858,1.2104166666666665,0.0,0.0,-0.33451439316910137,0.09870294363218929,-3.371826796531555e-08,0.0,0.0,0.0,-0.2796614828551415,unicycle
-2.2698507143218114,11.908427569369094,1.2104166666666665,0.0,0.0,-0.34007306970712486,0.0987016901502159,-2.789571813829002e-08,0.0,0.0,0.0,-0.2779338269011816,unicycle
-2.2679915806613637,11.907763988600403,1.2104166666666665,0.0,0.0,-0.3455969441966772,0.0987006498514389,-2.3067949239598333e-08,0.0,0.0,0.0,-0.2761937244776188,unicycle
-2.2661361452472466,11.907090186839435,1.2104166666666665,0.0,0.0,-0.35108579007581103,0.09869978687994975,-1.906685086972171e-08,0.0,0.0,0.0,-0.27444229395669306,unicycle
-2.264284437480398,11.90640624871221,1.2104166666666665,0.0,0.0,-0.3565394014291912,0.09869907134009485,-1.5752398656818655e-08,0.0,0.0,0.0,-0.2726805676690075,unicycle
-2.2624364859272967,11.905712259249894,1.2104166666666665,0.0,0.0,-0.36195759144214873,0.09869847831823954,-1.300801916414957e-08,0.0,0.0,0.0,-0.2709095006478739,unicycle
-2.260592318253412,11.905008303822969,1.2104166666666665,0.0,0.0,-0.3673401910112195,0.09869798706283363,-1.0736709497119772e-08,0.0,0.0,0.0,-0.2691299784535346,unicycle
-2.2587519611703337,11.904294468081078,1.2104166666666665,0.0,0.0,-0.3726870474945772,0.09869758029757199,-8.857790582540153e-09,0.0,0.0,0.0,-0.2673428241678827,unicycle
-2.256915440394357,11.90357083789791,1.2104166666666665,0.0,0.0,-0.3779980235874274,0.09869724364638163,-7.304192160612041e-09,0.0,0.0,0.0,-0.2655488046425093,unicycle
-2.2550827811004863,11.90283749810954,1.2104166666666665,0.0,0.0,-0.3832743183742081,0.09869696515230338,-6.020183657409249e-09,0.0,0.0,0.0,-0.26381473933903676,unicycle
-2.253254008661874,11.902094530660468,1.2104166666666665,0.0,0.0,-0.3885178098539984,0.09869673487516124,-4.959478733705916e-09,0.0,0.0,0.0,-0.2621745739895142,unicycle
-2.251429148640551,11.901342014716608,1.2104166666666665,0.0,0.0,-0.3937295800089137,0.09869654455530215,-4.083652812399993e-09,0.0,0.0,0.0,-0.26058850774576525,unicycle
-2.2496082263025334,11.900580027923018,1.2104166666666665,0.0,0.0,-0.398910133808271,0.09869638733270726,-3.3608225938855007e-09,0.0,0.0,0.0,-0.25902768996786196,unicycle
-2.24779126625289,11.89980864729915,1.2104166666666665,0.0,0.0,-0.4040595660579707,0.09869625751248148,-2.7645447514492336e-09,0.0,0.0,0.0,-0.2574716124849853,unicycle
-2.2459782921654603,11.899027949859752,1.2104166666666665,0.0,0.0,-0.4091776877881799,0.09869615036916544,-2.272897891253866e-09,0.0,0.0,0.0,-0.25590608651046387,unicycle
-2.244169326586946,11.898238013029568,1.2104166666666665,0.0,0.0,-0.4142641213262322,0.09869606198352693,-1.8677176628973727e-09,0.0,0.0,0.0,-0.25432167690261276,unicycle
-2.242364390799166,11.897438914904324,1.2104166666666665,0.0,0.0,-0.4193183712016525,0.09869598910651002,-1.5339597861470227e-09,0.0,0.0,0.0,-0.2527124937710158,unicycle
-2.240563504726561,11.896630734398364,1.2104166666666665,0.0,0.0,-0.4243398764601474,0.09869592904587948,-1.2591698608781615e-09,0.0,0.0,0.0,-0.2510752629247478,unicycle
-2.2387666868786678,11.895813551309795,1.2104166666666665,0.0,0.0,-0.42932804873166847,0.09869587957182119,-1.0330422722959926e-09,0.0,0.0,0.0,-0.24940861357605051,unicycle
-2.2369739543194243,11.894987446326688,1.2104166666666665,0.0,0.0,-0.43428229943209223,0.09869583883836716,-8.470533953458328e-10,0.0,0.0,0.0,-0.2477125350211851,unicycle
-2.2351853226568474,11.89415250099216,1.2104166666666665,0.0,0.0,-0.4392020587217977,0.09869580531802387,-6.941567281248777e-10,0.0,0.0,0.0,-0.24598796448527113,unicycle
-2.2334008060480235,11.893308797641753,1.2104166666666665,0.0,0.0,-0.4440867882526694,0.09869577774741149,-5.685296179070908e-10,0.0,0.0,0.0,-0.24423647654358685,unicycle
-2.2316204172154093,11.892456419323121,1.2104166666666665,0.0,0.0,-0.4489359892725491,0.09869575508208087,-4.653629474332888e-10,0.0,0.0,0.0,-0.24246005099398513,unicycle
-2.229844167471336,11.891595449705466,1.2104166666666665,0.0,0.0,-0.45374920729512774,0.09869573645897638,-3.806865760270526e-10,0.0,0.0,0.0,-0.24066090112893357,unicycle
-2.2280720667482896,11.890725972984097,1.2104166666666665,0.0,0.0,-0.45852603426186556,0.09869572116526562,-3.112245242563064e-10,0.0,0.0,0.0,-0.23884134833689386,unicycle
-2.2263041236330916,11.88984807378402,1.2104166666666665,0.0,0.0,-0.463266108903552,0.09869570861246797,-2.54274889671488e-10,0.0,0.0,0.0,-0.23700373208432005,unicycle
-2.224540345403551,11.888961837065263,1.2104166666666665,0.0,0.0,-0.4679691158390531,0.09869569831499127,-2.076103161085836e-10,0.0,0.0,0.0,-0.23515034677505003,unicycle
-2.222780738066485,11.888067348031791,1.2104166666666665,0.0,0.0,-0.47263478381701096,0.09869568987233375,-1.6939553665014079e-10,0.0,0.0,0.0,-0.23328339889789612,unicycle
-2.221025306396297,11.887164692045216,1.2104166666666665,0.0,0.0,-0.4772628834044047,0.09869568295433219,-1.3811909287375567e-10,0.0,0.0,0.0,-0.2314049793696873,unicycle
-2.2192740539734963,11.886253954543992,1.2104166666666665,0.0,0.0,-0.4818532243473955,0.0986956772889404,-1.1253681921060781e-10,0.0,0.0,0.0,-0.22951704714954035,unicycle
-2.217526983222728,11.885335220968493,1.2104166666666665,0.0,0.0,-0.4864056527696218,0.09869567265210885,-9.16250868106575e-11,0.0,0.0,0.0,-0.22762142111131023,unicycle
-2.215784095449988,11.88440857669204,1.2104166666666665,0.0,0.0,-0.49092004832703207,0.09869566885940803,-7.454213946189293e-11,0.0,0.0,0.0,-0.22571977787051697,unicycle
-2.2140453908788245,11.883474106957825,1.2104166666666665,0.0,0.0,-0.49539632140329704,0.09869566575909823,-6.05961359054647e-11,0.0,0.0,0.0,-0.223813653813247,unicycle
-2.2123108686853774,11.882531896821531,1.2104166666666665,0.0,0.0,-0.4998344104033353,0.0986956632263987,-4.9218747602537176e-11,0.0,0.0,0.0,-0.22190445000191283,unicycle
-2.210580527032193,11.881582031099349,1.2104166666666665,0.0,0.0,-0.5042342791826017,0.09869566115875078,-3.9943356412243325e-11,0.0,0.0,0.0,-0.21999343896331272,unicycle
-2.208854363100766,11.880624594321104,1.2104166666666665,0.0,0.0,-0.5085959146349888,0.09869565947190444,-3.23870592380947e-11,0.0,0.0,0.0,-0.2180817726193538,unicycle
-2.20713237312281,11.879659670688099,1.2104166666666665,0.0,0.0,-0.5129193244513232,0.0986956580966866,-2.623582193512712e-11,0.0,0.0,0.0,-0.21617049081672365,unicycle
-2.2054145524102915,11.87868734403534,1.2104166666666665,0.0,0.0,-0.5172045350525585,0.09869565697633376,-2.1232237193161358e-11,0.0,0.0,0.0,-0.21426053006176166,unicycle
-2.2037008953842414,11.877707697797765,1.2104166666666665,0.0,0.0,-0.521451589696179,0.09869565606429137,-1.7165434526571515e-11,0.0,0.0,0.0,-0.2123527321810255,unicycle
-2.201991395602416,11.876720814980159,1.2104166666666665,0.0,0.0,-0.5256605467504705,0.0986956553223992,-1.386276808521305e-11,0.0,0.0,0.0,-0.2104478527145722,unicycle
-2.200286045785849,11.875726778130371,1.2104166666666665,0.0,0.0,-0.5298314781287514,0.09869565471939563,-1.118297240733741e-11,0.0,0.0,0.0,-0.20854656891404616,unicycle
-2.1985848378443587,11.874725669315586,1.2104166666666665,0.0,0.0,-0.533964467874075,0.09869565422968556,-9.010529676903116e-12,0.0,0.0,0.0,-0.2066494872661824,unicycle
-2.196887762901073,11.8737175701013,1.2104166666666665,0.0,0.0,-0.5380596108840373,0.09869565383232581,-7.251036370758829e-12,0.0,0.0,0.0,-0.20475715049811233,unicycle
-2.1951948113160316,11.872702561532789,1.2104166666666665,0.0,0.0,-0.542117011764975,0.09869565351019025,-5.827393924588774e-12,0.0,0.0,0.0,-0.20287004404687778,unicycle
-2.1935059727089294,11.87168072411877,1.2104166666666665,0.0,0.0,-0.5461367838048575,0.09869565324928278,-4.676678492415529e-12,0.0,0.0,0.0,-0.20098860199413374,unicycle
-2.1918212359810485,11.870652137817071,1.2104166666666665,0.0,0.0,-0.5501190480544564,0.0986956530381728,-3.747570090564675e-12,0.0,0.0,0.0,-0.19911321247994535,unicycle
-2.1901405893364476,11.86961688202209,1.2104166666666665,0.0,0.0,-0.5540639325068216,0.0986956528675311,-2.9982422920272904e-12,0.0,0.0,0.0,-0.19724422261825672,unicycle
-2.188464020302451,11.868575035553851,1.2104166666666665,0.0,0.0,-0.5579715713656634,0.09869565272974878,-2.394630910478882e-12,0.0,0.0,0.0,-0.19538194294209763,unicycle
-2.186791515749489,11.867526676648517,1.2104166666666665,0.0,0.0,-0.5618421043938581,0.09869565261862442,-1.9090143996515097e-12,0.0,0.0,0.0,-0.19352665140973252,unicycle
-2.1851230619103323,11.86647188295017,1.2104166666666665,0.0,0.0,-0.5656756763339456,0.09869565252910738,-1.5188505043254347e-12,0.0,0.0,0.0,-0.19167859700437512,unicycle
-2.183458644398768,11.865410731503781,1.2104166666666665,0.0,0.0,-0.5694724363931513,0.09869565245708735,-1.2058234584419494e-12,0.0,0.0,0.0,-0.1898380029602793,unicycle
-2.181798248227745,11.864343298749173,1.2104166666666665,0.0,0.0,-0.5732325377860981,0.0986956523992219,-9.550640862630525e-13,0.0,0.0,0.0,-0.1880050696473395,unicycle
-2.180141857827037,11.863269660515956,1.2104166666666665,0.0,0.0,-0.5769561373289996,0.09869565235279526,-7.545118167062818e-13,0.0,0.0,0.0,-0.1861799771450706,unicycle
-2.1784894570604427,11.86218989201926,1.2104166666666665,0.0,0.0,-0.5806433950797034,0.09869565231560265,-5.943931116977749e-13,0.0,0.0,0.0,-0.18436288753519642,unicycle
-2.176841029242562,11.861104067856244,1.2104166666666665,0.0,0.0,-0.5842944740185076,0.09869565228585572,-4.667953378926765e-13,0.0,0.0,0.0,-0.18255394694021182,unicycle
-2.175196557155168,11.860012262003254,1.2104166666666665,0.0,0.0,-0.5879095397651739,0.09869565226210524,-3.653188442367684e-13,0.0,0.0,0.0,-0.18075328733330986,unicycle
-2.1735560230632016,11.858914547813594,1.2104166666666665,0.0,0.0,-0.5914887603280352,0.09869565224317783,-2.847930837955017e-13,0.0,0.0,0.0,-0.1789610281430638,unicycle
-2.171919408730415,11.857810998015843,1.2104166666666665,0.0,0.0,-0.5950323058815208,0.0986956522281245,-2.2104515150335142e-13,0.0,0.0,0.0,-0.17717727767428115,unicycle
-2.1702866954346693,11.856701684712649,1.2104166666666665,0.0,0.0,-0.5985403485688118,0.0986956522161785,-1.7071119471421531e-13,0.0,0.0,0.0,-0.17540213436454455,unicycle
-2.168657863982927,11.855586679379975,1.2104166666666665,0.0,0.0,-0.6020130623266947,0.09869565220672101,-1.310828690305918e-13,0.0,0.0,0.0,-0.17363568789414513,unicycle
-2.167032894725927,11.854466052866739,1.2104166666666665,0.0,0.0,-0.6054506227300029,0.09869565219925316,-9.998242266017972e-14,0.0,0.0,0.0,-0.17187802016541737,unicycle
-2.165411767572585,11.853339875394814,1.2104166666666665,0.0,0.0,-0.6088532068533211,0.09869565219337331,-7.566115205717469e-14,0.0,0.0,0.0,-0.17012920616590527,unicycle
-2.1637944620041085,11.85220821655935,1.2104166666666665,0.0,0.0,-0.6122209931478877,0.09869565218875846,-5.671692410406403e-14,0.0,0.0,0.0,-0.1683893147283322,unicycle
-2.162180957087856,11.851071145329405,1.2104166666666665,0.0,0.0,-0.6155541613318679,0.09869565218514927,-4.2027242120313906e-14,0.0,0.0,0.0,-0.16665840919901181,unicycle
-2.1604816652625707,11.849865219360861,1.2104166666666665,0.0,0.0,-0.6188105647938785,0.1041855794472019,-3.069497470826231e-14,0.0,0.0,0.0,-0.16282017310053343,unicycle
-2.1585594765602254,11.848491882912525,1.2104166666666665,0.0,0.0,-0.6219257485987963,0.1181192926768065,-2.2004392746559078e-14,0.0,0.0,0.0,-0.155759190245893,unicycle
-2.156327908733481,11.846887289038364,1.2104166666666665,0.0,0.0,-0.6248596314342456,0.13742836211391016,-1.538559123590471e-14,0.0,0.0,0.0,-0.14669414177246604,unicycle
-2.153737594385518,11.845013589004635,1.2104166666666665,0.0,0.0,-0.6275900571959301,0.15984747876747363,-1.0385726101793327e-14,0.0,0.0,0.0,-0.1365212880842254,unicycle
-2.150765928056436,11.842852137847927,1.2104166666666665,0.0,0.0,-0.6301078415386405,0.183729958140281,-6.645785395862709e-15,0.0,0.0,0.0,-0.1258892171355189,unicycle
-2.1474091972333125,11.840398209954305,1.2104166666666665,0.0,0.0,-0.6324129895849394,0.20790269107150344,-3.881851082328603e-15,0.0,0.0,0.0,-0.11525740231494033,unicycle
-2.1436766513877807,11.837656911732012,1.2104166666666665,0.0,0.0,-0.6345118283629638,0.23155249029898545,-1.8700011893139354e-15,0.0,0.0,0.0,-0.10494193890121178,unicycle
-2.1395860733137764,11.83464004505588,1.2104166666666665,0.0,0.0,-0.6364148512526732,0.25413737091217575,-4.3416031213468786e-16,0.0,0.0,0.0,-0.09515114448546987,unicycle
-2.1351605080461513,11.831363724872073,1.2104166666666665,0.0,0.0,-0.6381351144837857,0.2753175864433467,5.636643388553851e-16,0.0,0.0,0.0,-0.08601316155562481,unicycle
-2.13042587854461,11.827846592819917,1.2104166666666665,0.0,0.0,-0.6396870597396787,0.29490227776035427,1.2312187032377e-15,0.0,0.0,0.0,-0.07759726279465776,unicycle
-2.125409276602906,11.824108499299586,1.2104166666666665,0.0,0.0,-0.6410856639376832,0.3128084261505526,1.6522808025407227e-15,0.0,0.0,0.0,-0.0699302099002368,unicycle
-2.120137764551332,11.82016955113292,1.2104166666666665,0.0,0.0,-0.64234583868669,0.32902947322501935,1.8916841004566985e-15,0.0,0.0,0.0,-0.06300873745034542,unicycle
-2.1146375604997454,11.816049442138839,1.2104166666666665,0.0,0.0,-0.6434820188967367,0.3436115096032671,1.999329467893611e-15,0.0,0.0,0.0,-0.056809010502328595,unicycle
-2.1089335090543453,11.81176700046918,1.2104166666666665,0.0,0.0,-0.6445078934360859,0.35663536703352383,2.0133834743285703e-15,0.0,0.0,0.0,-0.05129372696745551,unicycle
-2.103048762255252,11.807339900080269,1.2104166666666665,0.0,0.0,-0.6454362413225158,0.3682032951973127,1.9628229514598842e-15,0.0,0.0,0.0,-0.04641739432148381,unicycle
-2.0970925522968464,11.802850573379642,1.2104166666666665,0.0,0.0,-0.6463216777805548,0.37292926584036323,1.869455082575602e-15,0.0,0.0,0.0,-0.04427182290194685,unicycle
-2.0912195297753553,11.798415629035278,1.2104166666666665,0.0,0.0,-0.6472413807545768,0.3679712240558048,1.7495173543388623e-15,0.0,0.0,0.0,-0.04598514870110036,unicycle
-2.0855334306203166,11.794113229971153,1.2104166666666665,0.0,0.0,-0.6482484171570239,0.35651916359650765,1.6149414976465505e-15,0.0,0.0,0.0,-0.05035182012235489,unicycle
-2.080099957099477,11.789992846536334,1.2104166666666665,0.0,0.0,-0.6493777181581472,0.3409552723359402,1.4743491667616618e-15,0.0,0.0,0.0,-0.056465050056168774,unicycle
-2.074956731450244,11.786082828626753,1.2104166666666665,0.0,0.0,-0.6506506579938901,0.3230364366774724,1.3338338469215428e-15,0.0,0.0,0.0,-0.06364699178714574,unicycle
-2.070120961723297,11.782396231861988,1.2104166666666665,0.0,0.0,-0.6520785588343568,0.304038117842673,1.1975727570202508e-15,0.0,0.0,0.0,-0.07139504202333195,unicycle
-2.06559531636701,11.778935262539909,1.2104166666666665,0.0,0.0,-0.6536653698117094,0.2848674312303882,1.0683038500220494e-15,0.0,0.0,0.0,-0.07934054886763595,unicycle
-2.0613723963743307,11.775694639913564,1.2104166666666665,0.0,0.0,-0.6554097110521097,0.26615172108923346,9.476960215963235e-16,0.0,0.0,0.0,-0.08721706202001128,unicycle
-2.057438111191588,11.77266411618065,1.2104166666666665,0.0,0.0,-0.6573064295033543,0.2483076790428473,8.36635001033388e-16,0.0,0.0,0.0,-0.09483592256222562,unicycle
-2.0537742002770827,11.76983034547374,1.2104166666666665,0.0,0.0,-0.659347779455394,0.23159505099984987,7.354428604983722e-16,0.0,0.0,0.0,-0.10206749760198638,unicycle
-2.050360091603317,11.767178252730451,1.2104166666666665,0.0,0.0,-0.6615243145804226,0.21615816740026236,6.440454297765035e-16,0.0,0.0,0.0,-0.10882675625142886,unicycle
-2.047174248308751,11.764692020641428,1.2104166666666665,0.0,0.0,-0.6638255582752584,0.2020578797340374,5.620989736940561e-16,0.0,0.0,0.0,-0.11506218474178288,unicycle
-2.0441951228049025,11.762355786763809,1.2104166666666665,0.0,0.0,-0.6662405036848391,0.189295961819726,4.890851401536533e-16,0.0,0.0,0.0,-0.1207472704790414,unicycle
-2.0414018122082727,11.760154122210809,1.2104166666666665,0.0,0.0,-0.6687579829516407,0.17783361306388995,4.2438130603769664e-16,0.0,0.0,0.0,-0.12587396334008177,unicycle
-2.0387744886779724,11.758072347059898,1.2104166666666665,0.0,0.0,-0.6713669361458792,0.16760536302165166,3.6731194516703483e-16,0.0,0.0,0.0,-0.13044765971191957,unicycle
-2.03629466207355,11.75609672488607,1.2104166666666665,0.0,0.0,-0.6740566033487327,0.15852940596333298,3.1718544338535355e-16,0.0,0.0,0.0,-0.1344833601426761,unicycle
-2.0339453194917287,11.75421456889434,1.2104166666666665,0.0,0.0,-0.6768166579951427,0.15051517777872853,2.7331983105607625e-16,0.0,0.0,0.0,-0.13800273232049454,unicycle
-2.031710976046375,11.75241428440475,1.2104166666666665,0.0,0.0,-0.6796372954569264,0.14346881485132434,2.3506014461084825e-16,0.0,0.0,0.0,-0.141031873089179,unicycle
-2.0295776632001643,11.750685366458015,1.2104166666666665,0.0,0.0,-0.6825092876713917,0.13729699695536324,2.01789527354202e-16,0.0,0.0,0.0,-0.14359961072327437,unicycle
-2.027532874616341,11.749018366682742,1.2104166666666665,0.0,0.0,-0.685424012173338,0.13190956685155816,1.729357041099777e-16,0.0,0.0,0.0,-0.1457362250973142,unicycle
-2.0255654845325006,11.747404839997603,1.2104166666666665,0.0,0.0,-0.6883734619992243,0.12722123249449668,1.4797408919387593e-16,0.0,0.0,0.0,-0.14747249129431828,unicycle
-2.0236656497881964,11.745837278979309,1.2104166666666665,0.0,0.0,-0.6913502414713385,0.12315258910740276,1.2642849225602481e-16,0.0,0.0,0.0,-0.14883897360570253,unicycle
-2.021824703640387,11.744309041626273,1.2104166666666665,0.0,0.0,-0.6943475517375641,0.1196306441938837,1.0787015539789758e-16,0.0,0.0,0.0,-0.1498655133112767,unicycle
-2.0200350471942268,11.742814276644754,1.2104166666666665,0.0,0.0,-0.6973591690629082,0.11658898591630384,9.191567450051097e-17,0.0,0.0,0.0,-0.1505808662672064,unicycle
-2.0182053794889487,11.741276767955817,1.2104166666666665,0.0,0.0,-0.7003371439741872,0.11949499049482655,7.822421738542823e-17,0.0,0.0,0.0,-0.1488987455639476,unicycle
-2.016200378605364,11.739581888008248,1.2104166666666665,0.0,0.0,-0.7032117881138027,0.1312692969276108,6.649434285036867e-17,0.0,0.0,0.0,-0.1437322069807759,unicycle
-2.0139333799182983,11.737654622902088,1.2104166666666665,0.0,0.0,-0.7059382907228062,0.14877532827450385,5.646064105554529e-17,0.0,0.0,0.0,-0.13632513045017106,unicycle
-2.011353493958729,11.73544960359743,1.2104166666666665,0.0,0.0,-0.7084902484784308,0.1696903647026474,4.789035182691512e-17,0.0,0.0,0.0,-0.12759788778122877,unicycle
-2.0084357193247464,11.732943353908226,1.2104166666666665,0.0,0.0,-0.710854681434611,0.1923194166736929,4.058006892537293e-17,0.0,0.0,0.0,-0.11822164780901108,unicycle
-2.0051734165174966,11.730128279923852,1.2104166666666665,0.0,0.0,-0.7130282155547252,0.21544876684145148,3.4352601822336496e-17,0.0,0.0,0.0,-0.10867670600570974,unicycle
-2.001572627291045,11.72700803413581,1.2104166666666665,0.0,0.0,-0.715014178319587,0.23823110781591333,2.9054039341875945e-17,0.0,0.0,0.0,-0.0992981382430903,unicycle
-1.9976478263840196,11.723593966352007,1.2104166666666665,0.0,0.0,-0.7168204066074623,0.2600957917240009,2.4551039560205963e-17,0.0,0.0,0.0,-0.09031141439375476,unicycle
-1.9934187779146302,11.719902432724023,1.2104166666666665,0.0,0.0,-0.7184576081005221,0.2806789915626182,2.072835592710836e-17,0.0,0.0,0.0,-0.0818600746529893,unicycle
-1.9889082385589993,11.715952780077675,1.2104166666666665,0.0,0.0,-0.7199381509875472,0.2997696109991046,1.7486599380946172e-17,0.0,0.0,0.0,-0.07402714435125657,unicycle
-1.984140305889337,11.711765859023565,1.2104166666666665,0.0,0.0,-0.7212751834064692,0.31726761516851876,1.4740229244443236e-17,0.0,0.0,0.0,-0.06685162094609715,unicycle
-1.9791392550746354,11.707362948446312,1.2104166666666665,0.0,0.0,-0.7224820052692142,0.3331521281291434,1.2415761113407019e-17,0.0,0.0,0.0,-0.060341093137260576,unicycle
-1.9739287425771181,11.702764997534025,1.2104166666666665,0.0,0.0,-0.7235716319328193,0.3474571838963898,1.0450177165038407e-17,0.0,0.0,0.0,-0.054481333180261965,unicycle
-1.9685312833104784,11.697992110640403,1.2104166666666665,0.0,0.0,-0.7245565025056881,0.36025345255287333,8.789522837617729e-18,0.0,0.0,0.0,-0.04924352864344464,unicycle
-1.9629679294859637,11.69306321580606,1.2104166666666665,0.0,0.0,-0.7254482961125585,0.37163461129886577,7.387673301595115e-18,0.0,0.0,0.0,-0.044589680343516916,unicycle
-1.9572580963190824,11.687995870352117,1.2104166666666665,0.0,0.0,-0.7262578277524614,0.3817073090930331,6.205253273119511e-18,0.0,0.0,0.0,-0.04047658199514278,unicycle
-1.9514194929246638,11.682806167119894,1.2104166666666665,0.0,0.0,-0.7269950019242387,0.39058389623507717,5.20869430272182e-18,0.0,0.0,0.0,-0.03685870858887483,unicycle
-1.9454681269092617,11.67750871309469,1.2104166666666665,0.0,0.0,-0.7276688073271146,0.3983772678009263,4.369414545274661e-18,0.0,0.0,0.0,-0.033690270143793416,unicycle
-1.9394183590268608,11.672116658676401,1.2104166666666665,0.0,0.0,-0.7282873399597772,0.40519731111688234,3.6631070647379424e-18,0.0,0.0,0.0,-0.030926631633132903,unicycle
-1.9332829903086313,11.666641761043813,1.2104166666666665,0.0,0.0,-0.7288578450725,0.4111485596166984,3.0691238626021424e-18,0.0,0.0,0.0,-0.028525255636134065,unicycle
-1.927073368712359,11.661094469152168,1.2104166666666665,0.0,0.0,-0.7293867708582381,0.4163287442525421,2.569943980765393e-18,0.0,0.0,0.0,-0.026446289286895477,unicycle
-1.920799505877058,11.655484021112988,1.2104166666666665,0.0,0.0,-0.7298798286481191,0.42082800379616286,2.1507151747886816e-18,0.0,0.0,0.0,-0.024652889494045482,unicycle
-1.9144701972592055,11.64981854720345,1.2104166666666665,0.0,0.0,-0.7303420558219014,0.4247285706319105,1.798859753043074e-18,0.0,0.0,0.0,-0.023111358689124877,unicycle
-1.9080931401454693,11.644105172951436,1.2104166666666665,0.0,0.0,-0.730777878723747,0.42810484678349764,1.5037362126517735e-18,0.0,0.0,0.0,-0.021791145092270647,unicycle
-1.9016750483883194,11.63835012074736,1.2104166666666665,0.0,0.0,-0.7311911737962786,0.43102357456592455,1.2563492635390925e-18,0.0,0.0,0.0,-0.020664753626589587,unicycle
-1.8952217611610325,11.632558807153002,1.2104166666666665,0.0,0.0,-0.7315853256957973,0.43354420235832447,1.0491017121628856e-18,0.0,0.0,0.0,-0.01970759497592633,unicycle
-1.8887383430103948,11.6267359331442,1.2104166666666665,0.0,0.0,-0.7319632815942252,0.43571944397294604,8.75582475480275e-19,0.0,0.0,0.0,-0.018897794921399237,unicycle
-1.8822291756657346,11.62088556744852,1.2104166666666665,0.0,0.0,-0.7323276012946117,0.4375958156255717,7.303857150228123e-19,0.0,0.0,0.0,-0.01821598501933054,unicycle
-1.8756980414469668,11.615011222650212,1.2104166666666665,0.0,0.0,-0.732680503004332,0.43921418975768617,6.089567241458564e-19,0.0,0.0,0.0,-0.01764508548601111,unicycle
-1.8692310141273145,11.609190214378097,1.2104166666666665,0.0,0.0,-0.7330665104503514,0.4350476427852491,5.074607732513912e-19,0.0,0.0,0.0,-0.019300372300964472,unicycle
-1.8629584308594116,11.603539270532991,1.2104166666666665,0.0,0.0,-0.7335530732015042,0.42213288369757557,4.226716234126609e-19,0.0,0.0,0.0,-0.02432813755764262,unicycle
-1.8569641947555329,11.598133017925932,1.2104166666666665,0.0,0.0,-0.7341839909942651,0.40360387721678287,3.518768639982373e-19,0.0,0.0,0.0,-0.031545889638042696,unicycle
-1.8512977747679864,11.59301506119977,1.2104166666666665,0.0,0.0,-0.7349854824702139,0.3817780757428254,2.9279762028233676e-19,0.0,0.0,0.0,-0.040074573797438104,unicycle
-1.8459834676650322,11.588206507527671,1.2104166666666665,0.0,0.0,-0.735970836916559,0.35834359404712757,2.4352051817115875e-19,0.0,0.0,0.0,-0.04926772231725103,unicycle
-1.841027518125377,11.583712469894316,1.2104166666666665,0.0,0.0,-0.7371439682405799,0.3345064095900393,2.0244009033978409e-19,0.0,0.0,0.0,-0.05865656620104515,unicycle
-1.83642355976731,11.579526986069462,1.2104166666666665,0.0,0.0,-0.7385021196899731,0.31110574312418027,1.6821006618908464e-19,0.0,0.0,0.0,-0.06790757246966427,unicycle
-1.8321567402460073,11.575636705564467,1.2104166666666665,0.0,0.0,-0.7400379126184662,0.2887041642758346,1.3970221164506628e-19,0.0,0.0,0.0,-0.07678964642465003,unicycle
-1.8282068172095933,11.572023624922355,1.2104166666666665,0.0,0.0,-0.741740889497455,0.26765766683190684,1.1597157808513658e-19,0.0,0.0,0.0,-0.08514884394943983,unicycle
-1.8245504523790612,11.568667092361546,1.2104166666666665,0.0,0.0,-0.7435986677551087,0.24816990999684274,9.622718634163522e-20,0.0,0.0,0.0,-0.09288891288269507,unicycle
-1.8211628840088812,11.565545254776952,1.2104166666666665,0.0,0.0,-0.745597794825397,0.23033397727476662,7.980731517315274e-20,0.0,0.0,0.0,-0.09995635351441147,unicycle
-1.8180191205552991,11.562636081751492,1.2104166666666665,0.0,0.0,-0.7477243743962492,0.21416432510017908,6.615868681501336e-20,0.0,0.0,0.0,-0.10632897854260588,unicycle
-1.8150947684397294,11.55991807088745,1.2104166666666665,0.0,0.0,-0.7499645179906336,0.19962104735313413,5.481894788839666e-20,0.0,0.0,0.0,-0.1120071797192137,unicycle
-1.812366582803859,11.557370714923687,1.2104166666666665,0.0,0.0,-0.7523046637009975,0.18662814383057727,4.54019344167672e-20,0.0,0.0,0.0,-0.11700728551819188,unicycle
-1.8097313801662465,11.554898499215026,1.2104166666666665,0.0,0.0,-0.7546897087381087,0.18066647199001945,3.758528703751521e-20,0.0,0.0,0.0,-0.11925225185556698,unicycle
-1.8070443969106946,11.552365710124326,1.2104166666666665,0.0,0.0,-0.7570429936926197,0.1846273671889519,3.110004851766457e-20,0.0,0.0,0.0,-0.11766424772555317,unicycle
-1.804208628517944,11.549680267685954,1.2104166666666665,0.0,0.0,-0.7593128020325269,0.19527666281376693,2.5721931966220843e-20,0.0,0.0,0.0,-0.11349041699536541,unicycle
-1.801162604643705,11.546782911185476,1.2104166666666665,0.0,0.0,-0.7614660703512122,0.2101959975937777,2.1263996057795587e-20,0.0,0.0,0.0,-0.10766341593425906,unicycle
-1.7978709383101894,11.543638800387454,1.2104166666666665,0.0,0.0,-0.7634835200806693,0.2275989179967891,1.757050433607862e-20,0.0,0.0,0.0,-0.10087248647286483,unicycle
-1.7943170784359146,11.540231006637995,1.2104166666666665,0.0,0.0,-0.7653559084230988,0.24618583086506834,1.45117802845042e-20,0.0,0.0,0.0,-0.09361941712146479,unicycle
-1.7904977962597202,11.536555489568103,1.2104166666666665,0.0,0.0,-0.7670811581011918,0.26502994661685575,1.1979899227022632e-20,0.0,0.0,0.0,-0.0862624839046567,unicycle
-1.7864190258788057,11.532617243784525,1.2104166666666665,0.0,0.0,-0.7686621750448763,0.28348789378112815,9.885083022808047e-21,0.0,0.0,0.0,-0.07905084718422963,unicycle
-1.7820927553503954,11.528427366547588,1.2104166666666665,0.0,0.0,-0.7701052027301571,0.30112993142387795,8.152684605955303e-21,0.0,0.0,0.0,-0.07215138426403928,unicycle
-1.7775347279456881,11.524000848721078,1.2104166666666665,0.0,0.0,-0.7714185935121005,0.3176856925232613,6.720667262117942e-21,0.0,0.0,0.0,-0.06566953909717287,unicycle
-1.7727627645090607,11.519354931509387,1.2104166666666665,0.0,0.0,-0.7726119025208982,0.33300220360365174,5.53749861484257e-21,0.0,0.0,0.0,-0.059665450439879884,unicycle
-1.7677955591274679,11.51450790346944,1.2104166666666665,0.0,0.0,-0.7736952297841534,0.34701158061972337,4.5603920310926e-21,0.0,0.0,0.0,-0.054166363162771444,unicycle
-1.7626518331348628,11.509478237902263,1.2104166666666665,0.0,0.0,-0.7746787522200069,0.359706328053279,3.7538389035688255e-21,0.0,0.0,0.0,-0.049176121792676525,unicycle
-1.7573497584039381,11.504283991341786,1.2104166666666665,0.0,0.0,-0.7755723998349238,0.3711205917546663,3.0883843301835605e-21,0.0,0.0,0.0,-0.04468238074584669,unicycle
-1.751906581249287,11.498942400466099,1.2104166666666665,0.0,0.0,-0.7763856405164977,0.3813160560007488,2.5396063468261185e-21,0.0,0.0,0.0,-0.040662034078692275,unicycle
-1.7463383942040343,11.49346962812632,1.2104166666666665,0.0,0.0,-0.7771273457652857,0.3903714476252727,2.0872652982711482e-21,0.0,0.0,0.0,-0.03708526243939027,unicycle
-1.7406600153568812,11.487880619926836,1.2104166666666665,0.0,0.0,-0.7778057159858203,0.39837482795763923,1.714595340648987e-21,0.0,0.0,0.0,-0.0339185110267182,unicycle
-1.7348849445926446,11.482189041386613,1.2104166666666665,0.0,0.0,-0.7784282488966883,0.4054180272716548,1.4077146160305416e-21,0.0,0.0,0.0,-0.031126645543395226,unicycle
-1.7290253735617986,11.476407272563897,1.2104166666666665,0.0,0.0,-0.7790017384963542,0.41159271507794154,1.1551344599954368e-21,0.0,0.0,0.0,-0.028674479983303264,unicycle
-1.723092231985565,11.470546442463359,1.2104166666666665,0.0,0.0,-0.7795322950541677,0.4169877098383613,9.473512106170949e-22,0.0,0.0,0.0,-0.026527827890680346,unicycle
-1.7170952573555158,11.464616489835855,1.2104166666666665,0.0,0.0,-0.7800253789598481,0.4216872191537088,7.76506878671039e-22,0.0,0.0,0.0,-0.024654195284028797,unicycle
-1.7110430785036004,11.458626240348234,1.2104166666666665,0.0,0.0,-0.7804858430996005,0.42576977071154165,6.361071957169752e-22,0.0,0.0,0.0,-0.023023206987613534,unicycle
-1.704943306129991,11.452583492726756,1.2104166666666665,0.0,0.0,-0.7809179798445058,0.4293076489360323,5.207874480268452e-22,0.0,0.0,0.0,-0.021606837245266304,unicycle
-1.6988026253621589,11.446495108511336,1.2104166666666665,0.0,0.0,-0.7813255698259106,0.4323666953010094,4.261180883901823e-22,0.0,0.0,0.0,-0.020379499070250186,unicycle
-1.6926268869199872,11.440367101621069,1.2104166666666665,0.0,0.0,-0.7817119305039416,0.4350063640191733,3.484434437725287e-22,0.0,0.0,0.0,-0.01931803390155017,unicycle
-1.6864211945884784,11.434204725122166,1.2104166666666665,0.0,0.0,-0.7820799631651925,0.43727995120659013,2.847479460604815e-22,0.0,0.0,0.0,-0.018401633062539835,unicycle
-1.6801899875375468,11.42801255348773,1.2104166666666665,0.0,0.0,-0.7824321974585838,0.43923493616679865,2.3254524059257987e-22,0.0,0.0,0.0,-0.017611714669573057,unicycle
-1.6739371166444659,11.421794559307976,1.2104166666666665,0.0,0.0,-0.7827708329295802,0.4409133893637694,1.8978630221842802e-22,0.0,0.0,0.0,-0.016931773549812474,unicycle
-1.6676659144208714,11.415554183901122,1.2104166666666665,0.0,0.0,-0.7830977772701357,0.4423524139328918,1.5478333595126626e-22,0.0,0.0,0.0,-0.01634721702777641,unicycle
-1.6613792584633633,11.409294401629454,1.2104166666666665,0.0,0.0,-0.7834146811867848,0.4435845969920986,1.2614677964367715e-22,0.0,0.0,0.0,-0.015845195832448318,unicycle
-1.6550796285661553,11.403017777974474,1.2104166666666665,0.0,0.0,-0.7837229699192994,0.44463845418046544,1.0273317696095583e-22,0.0,0.0,0.0,-0.015414436625721745,unicycle
-1.6487691577802739,11.39672652159464,1.2104166666666665,0.0,0.0,-0.7840238715307266,0.4455388562611051,8.360206488974469e-23,0.0,0.0,0.0,-0.015045080571369602,unicycle
-1.6424496777953324,11.390422530699036,1.2104166666666665,0.0,0.0,-0.7843184421467946,0.44630743066880724,6.79803333798976e-23,0.0,0.0,0.0,-0.014728530803397361,unicycle
-1.6361227590713656,11.38410743413567,1.2104166666666665,0.0,0.0,-0.7846075883567224,0.44696293386888464,5.523277576923454e-23,0.0,0.0,0.0,-0.014457310496383404,unicycle
-1.6297897461707136,11.37778262762601,1.2104166666666665,0.0,0.0,-0.7848920870046386,0.44752159256510876,4.4837766008580635e-23,0.0,0.0,0.0,-0.014224932395820787,unicycle
-1.623451788741933,11.371449305587053,1.2104166666666665,0.0,0.0,-0.7851726026058565,0.4479974133424528,3.6367179610091554e-23,0.0,0.0,0.0,-0.014025780060890846,unicycle
-1.6171098685955896,11.365108488975595,1.2104166666666665,0.0,0.0,-0.7854497026188278,0.44840246140426765,2.946982572902616e-23,0.0,0.0,0.0,-0.013855000648559926,unicycle
-1.6107648232903395,11.35876104957185,1.2104166666666665,0.0,0.0,-0.7857238707944659,0.448747109780292,2.385778291270552e-23,0.0,0.0,0.0,-0.01370840878190089,unicycle
-1.604417366620522,11.352407731095012,1.2104166666666665,0.0,0.0,-0.7859955188117153,0.4490402608323151,1.9295135035901296e-23,0.0,0.0,0.0,-0.013582400862479612,unicycle
-1.5980681055965522,11.346049166744258,1.2104166666666665,0.0,0.0,-0.786264996362525,0.4492895965905102,1.5588690319627828e-23,0.0,0.0,0.0,-0.01347387754048724,unicycle
-1.5917175561427317,11.339685895395245,1.2104166666666665,0.0,0.0,-0.7865325999399647,0.4495016716012429,1.2580338048178983e-23,0.0,0.0,0.0,-0.013380178871993638,unicycle
-1.5853661571726616,11.333318376118623,1.2104166666666665,0.0,0.0,-0.7867985804658109,0.4496820295832355,1.014075711755167e-23,0.0,0.0,0.0,-0.0132990262923049,unicycle
-1.5790142818645732,11.326946999845193,1.2104166666666665,0.0,0.0,-0.7870631498456445,0.4498354032845037,8.164239919419599e-24,0.0,0.0,0.0,-0.013228468991678297,unicycle
-1.5726622473580019,11.320572099404796,1.2104166666666665,0.0,0.0,-0.7873264866213993,0.44996582777375127,6.564435999630164e-24,0.0,0.0,0.0,-0.013166838787740786,unicycle
-1.5663103230777562,11.314193958149792,1.2104166666666665,0.0,0.0,-0.7875887408374842,0.4500767389989076,5.270853854657648e-24,0.0,0.0,0.0,-0.013112710804257043,unicycle
-1.5599587378674693,11.307812817350063,1.2104166666666665,0.0,0.0,-0.7878500382234086,0.4501710592950074,4.225987331166736e-24,0.0,0.0,0.0,-0.013064869296223065,unicycle
-1.5536076860933485,11.301428882524451,1.2104166666666665,0.0,0.0,-0.7881104837837364,0.4502512713852674,3.382956361502434e-24,0.0,0.0,0.0,-0.013022278016382493,unicycle
-1.5472573328590775,11.295042328853505,1.2104166666666665,0.0,0.0,-0.7883701648752153,0.4503194822781854,2.703571024200767e-24,0.0,0.0,0.0,-0.012984054573933123,unicycle
-1.5409078184551133,11.28865330580039,1.2104166666666665,0.0,0.0,-0.7886291538410273,0.45037747832482405,2.1567438477219505e-24,0.0,0.0,0.0,-0.012949448290600726,unicycle
-1.5345592621498048,11.282261941050574,1.2104166666666665,0.0,0.0,-0.7888875102632513,0.45042677256754743,1.7171884463282436e-24,0.0,0.0,0.0,-0.012917821111199577,unicycle
-1.5282117654156926,11.275868343866554,1.2104166666666665,0.0,0.0,-0.7891452828867418,0.4504686453865211,1.3643534619670855e-24,0.0,0.0,0.0,-0.012888631174518047,unicycle
-1.5218654146719073,11.269472607941083,1.2104166666666665,0.0,0.0,-0.7894025112606505,0.45050417933449644,1.0815497776809514e-24,0.0,0.0,0.0,-0.012861418695438236,unicycle
-1.5155202836126396,11.26307481382118,1.2104166666666665,0.0,0.0,-0.7896592271376591,0.4505342889443688,8.552363922764316e-25,0.0,0.0,0.0,-0.012835793850436344,unicycle
-1.5091764351820458,11.25667503096526,1.2104166666666665,0.0,0.0,-0.7899154556655791,0.4505597461978266,6.744364730984063e-25,0.0,0.0,0.0,-0.01281142639600174,unicycle
-1.5028339232475714,11.250273319487128,1.2104166666666665,0.0,0.0,-0.7901712164012421,0.4505812022568699,5.302601579885562e-25,0.0,0.0,0.0,-0.012788036783160529,unicycle
-1.496492794016353,11.243869731633065,1.2104166666666665,0.0,0.0,-0.7904265241724697,0.45059920598263903,4.155148447308522e-25,0.0,0.0,0.0,-0.012765388561375745,unicycle
-1.490153087233025,11.237464313031667,1.2104166666666665,0.0,0.0,-0.7906813898103067,0.45061421969727417,3.243871405099405e-25,0.0,0.0,0.0,-0.012743281891849919,unicycle
-1.4838148371917395,11.23105710375044,1.2104166666666665,0.0,0.0,-0.7909358207705854,0.4506266325837678,2.5218347268356996e-25,0.0,0.0,0.0,-0.012721548013932755,unicycle
-1.4774780735904736,11.224648139188208,1.2104166666666665,0.0,0.0,-0.7911898216611694,0.45063677206530306,1.9511869108822367e-25,0.0,0.0,0.0,-0.012700044529203057,unicycle
-1.4711428222515825,11.218237450828267,1.2104166666666665,0.0,0.0,-0.7914433946888917,0.4506449134586822,1.5014390852843776e-25,0.0,0.0,0.0,-0.012678651386115455,unicycle
-1.4648091057290367,11.211825066873395,1.2104166666666665,0.0,0.0,-0.7916965400381742,0.45065128815548944,1.1480640230568033e-25,0.0,0.0,0.0,-0.012657267464136129,unicycle
-1.4584769438197462,11.205411012780878,1.2104166666666665,0.0,0.0,-0.7919492561915799,0.45065609054895844,8.713569535855116e-26,0.0,0.0,0.0,-0.012635807670282051,unicycle
-1.4521463539937824,11.198995311712888,1.2104166666666665,0.0,0.0,-0.7922015402010428,0.45065948389352756,6.555100017229457e-26,0.0,0.0,0.0,-0.012614200473152756,unicycle
-1.4458173517560717,11.192577984915316,1.2104166666666665,0.0,0.0,-0.7924533879172453,0.45066160525723026,4.878608283888957e-26,0.0,0.0,0.0,-0.012592385810112537,unicycle
-1.4394899509502421,11.186159052036144,1.2104166666666665,0.0,0.0,-0.792704794183494,0.45066256970387036,3.5828322163024276e-26,0.0,0.0,0.0,-0.012570313312435718,unicycle
-1.4331641640136745,11.179738531392825,1.2104166666666665,0.0,0.0,-0.7929557529995169,0.4506624738219321,2.586932728277385e-26,0.0,0.0,0.0,-0.01254794080114133,unicycle
-1.4268400021914296,11.17331644019661,1.2104166666666665,0.0,0.0,-0.7932062576597784,0.45066139869995925,1.8264959808655146e-26,0.0,0.0,0.0,-0.012525233013071747,unicycle
-1.4205174757155359,11.166892794740619,1.2104166666666665,0.0,0.0,-0.7934563008702314,0.4506594124333513,1.2503001859878339e-26,0.0,0.0,0.0,-0.012502160522651379,unicycle
-1.414196593955129,11.160467610557369,1.2104166666666665,0.0,0.0,-0.7937058748468279,0.45065657223484284,8.177035147201964e-27,0.0,0.0,0.0,-0.012478698829819604,unicycle
-1.4078773655420769,11.154040902550598,1.2104166666666665,0.0,0.0,-0.7939549713986075,0.4506529262100755,4.9653612280758985e-27,0.0,0.0,0.0,-0.012454827588975445,unicycle
-1.401559798476002,11.147612685105459,1.2104166666666665,0.0,0.0,-0.7942035819977573,0.4506485148503894,2.6140097862278606e-27,0.0,0.0,0.0,-0.01243052995749617,unicycle
-1.3952439002120018,11.141182972180564,1.2104166666666665,0.0,0.0,-0.794451697838669,0.4506433722870365,9.230589396560786e-28,0.0,0.0,0.0,-0.012405792045581851,unicycle
-1.3889296777338478,11.134751777384748,1.2104166666666665,0.0,0.0,-0.7946993098877072,0.4506375273442625,-2.6436370830322324e-28,0.0,0.0,0.0,-0.012380602451906524,unicycle
-1.3826171376150043,11.128319114041032,1.2104166666666665,0.0,0.0,-0.7949464089251448,0.45063100442295156,-1.070912427660242e-27,0.0,0.0,0.0,-0.012354951871888013,unicycle
-1.3763062860694377,11.121884995239833,1.2104166666666665,0.0,0.0,-0.7951929855804922,0.45062382424163444,-1.5921039126801797e-27,0.0,0.0,0.0,-0.012328832767378412,unicycle
-1.3699971289938755,11.115449433883166,1.2104166666666665,0.0,0.0,-0.7954390303622577,0.4506160044575034,-1.9019852452662174e-27,0.0,0.0,0.0,-0.012302239088273869,unicycle
-1.3636896720029044,11.109012442721292,1.2104166666666665,0.0,0.0,-0.7956845336830176,0.4506075601865511,-2.057663492453521e-27,0.0,0.0,0.0,-0.01227516603798772,unicycle
-1.3573839204580798,11.102574034383052,1.2104166666666665,0.0,0.0,-0.7959294858805369,0.4505985044389579,-2.102919063774932e-27,0.0,0.0,0.0,-0.012247609875961133,unicycle
-1.3510798794920285,11.096134221400895,1.2104166666666665,0.0,0.0,-0.7961738772355654,0.4505888484833198,-2.071082580137417e-27,0.0,0.0,0.0,-0.012219567751431452,unicycle
-1.3447775540283655,11.089693016231491,1.2104166666666665,0.0,0.0,-0.7964176979868369,0.4505786021511662,-1.9873205668643365e-27,0.0,0.0,0.0,-0.01219103756356718,unicycle
-1.338476948798118,11.083250431272637,1.2104166666666665,0.0,0.0,-0.7966609383437135,0.45056777409140164,-1.8704473170110864e-27,0.0,0.0,0.0,-0.012162017843833202,unicycle
-1.3321780683532334,11.076806478877069,1.2104166666666665,0.0,0.0,-0.7969035884968555,0.45055637198277826,-1.7343575801581106e-27,0.0,0.0,0.0,-0.012132507657089956,unicycle
-1.325880917077655,11.070361171363706,1.2104166666666665,0.0,0.0,-0.7971456386272249,0.45054440271121043,-1.589156338003927e-27,0.0,0.0,0.0,-0.012102506518473052,unicycle
-1.3195854991963751,11.06391452102672,1.2104166666666665,0.0,0.0,-0.797387078913696,0.450531872517655,-1.4420470315040551e-27,0.0,0.0,0.0,-0.012072014323559591,unicycle
-1.313291818782797,11.057466540142823,1.2104166666666665,0.0,0.0,-0.7976278995394903,0.45051878712136006,-1.2980275519338218e-27,0.0,0.0,0.0,-0.01204103128971686,unicycle
-1.3069998797646967,11.051017240977046,1.2104166666666665,0.0,0.0,-0.7978680906976274,0.4505051518225152,-1.1604335670937774e-27,0.0,0.0,0.0,-0.012009557906858353,unicycle
-1.300709685168064,11.044566635007126,1.2104166666666665,0.0,0.0,-0.7981076425654953,0.45049102607844743,-1.031360889235887e-27,0.0,0.0,0.0,-0.01197759339338558,unicycle
-1.2944212374729105,11.038114733286918,1.2104166666666665,0.0,0.0,-0.7983465453227105,0.45047644391240305,-9.119922489050068e-28,0.0,0.0,0.0,-0.011945137860761436,unicycle
-1.2881345394509116,11.031661547304967,1.2104166666666665,0.0,0.0,-0.7985847891874636,0.4504613793694139,-8.028487302597965e-28,0.0,0.0,0.0,-0.011912193237655869,unicycle
-1.2818495940562233,11.02520708887253,1.2104166666666665,0.0,0.0,-0.7988223644149581,0.4504458143106469,-7.039820137862787e-28,0.0,0.0,0.0,-0.011878761374722028,unicycle
-1.2755664043414074,11.018751370037135,1.2104166666666665,0.0,0.0,-0.799059261296457,0.45042973662262353,-6.151202707448831e-28,0.0,0.0,0.0,-0.011844844074940812,unicycle
-1.2692849733930656,11.012294403016204,1.2104166666666665,0.0,0.0,-0.799295470158785,0.4504131388111711,-5.357779050975177e-28,0.0,0.0,0.0,-0.011810443116405858,unicycle
-1.263005304282891,11.005836200146373,1.2104166666666665,0.0,0.0,-0.7995309813641698,0.4503960169012687,-4.65337217137574e-28,0.0,0.0,0.0,-0.011775560269237276,unicycle
-1.2567274000307342,10.999376773845064,1.2104166666666665,0.0,0.0,-0.799765785310329,0.4503783695795682,-4.0310836647343516e-28,0.0,0.0,0.0,-0.011740197307957839,unicycle
-1.250451263576989,10.992916136581542,1.2104166666666665,0.0,0.0,-0.7999998724307367,0.4503601975289738,-3.483726576453466e-28,0.0,0.0,0.0,-0.011704356020382127,unicycle
-1.244176897762174,10.986454300855312,1.2104166666666665,0.0,0.0,-0.8002332331950136,0.45034150291481806,-3.004130924965648e-28,0.0,0.0,0.0,-0.011668038213843754,unicycle
-1.2379043053120409,10.979991279180172,1.2104166666666665,0.0,0.0,-0.8004658581094019,0.45032228899035137,-2.58535275295368e-28,0.0,0.0,0.0,-0.011631245719406385,unicycle
-1.2316334888268912,10.973527084072533,1.2104166666666665,0.0,0.0,-0.800697737717293,0.4503025597958333,-2.2208107574573565e-28,0.0,0.0,0.0,-0.011593980394561932,unicycle
-1.2253644507740868,10.96706172804302,1.2104166666666665,0.0,0.0,-0.8009288625997892,0.4502823199307921,-1.904369161098453e-28,0.0,0.0,0.0,-0.0115562441248067,unicycle
-1.2190971934829473,10.9605952235905,1.2104166666666665,0.0,0.0,-0.8011592233762771,0.45026157438324965,-1.630381232239037e-28,0.0,0.0,0.0,-0.011518038824397238,unicycle
-1.2128317191414217,10.954127583197922,1.2104166666666665,0.0,0.0,-0.8013888107050076,0.45024032840309436,-1.3937045129904162e-28,0.0,0.0,0.0,-0.011479366436517596,unicycle
-1.206568029794059,10.947658819329481,1.2104166666666665,0.0,0.0,-0.8016176152836683,0.4502185874094909,-1.1896961863193738e-28,0.0,0.0,0.0,-0.011440228933034648,unicycle
-1.2003061273409084,10.941188944428744,1.2104166666666665,0.0,0.0,-0.8018456278499477,0.4501963569243731,-1.0141949590847567e-28,0.0,0.0,0.0,-0.01140062831397515,unicycle
-1.1940460135370756,10.934717970917417,1.2104166666666665,0.0,0.0,-0.8020728391820842,0.45017364252578573,-8.634942380478985e-29,0.0,0.0,0.0,-0.011360566606824659,unicycle
-1.1877876899927264,10.928245911194583,1.2104166666666665,0.0,0.0,-0.8022992400993986,0.45015044981620445,-7.343101357710854e-29,0.0,0.0,0.0,-0.01132004586572243,unicycle
-1.1815311581733774,10.921772777636233,1.2104166666666665,0.0,0.0,-0.8025248214628106,0.4501267844020449,-6.237468869598638e-29,0.0,0.0,0.0,-0.011279068170606305,unicycle
-1.1752764194003609,10.915298582594959,1.2104166666666665,0.0,0.0,-0.8027495741753377,0.4501026518814282,-5.29261522680147e-29,0.0,0.0,0.0,-0.011237635626346214,unicycle
-1.1690234748513821,10.90882333839974,1.2104166666666665,0.0,0.0,-0.8029734891825755,0.4500780578379424,-4.4862909179255287e-29,0.0,0.0,0.0,-0.011195750361893207,unicycle
-1.1627723255611055,10.902347057355763,1.2104166666666665,0.0,0.0,-0.8031965574731648,0.45005300783867325,-3.799092976021547e-29,0.0,0.0,0.0,-0.011153414529462065,unicycle
-1.156522972421732,10.895869751744215,1.2104166666666665,0.0,0.0,-0.80341877007924,0.4500275074351872,-3.2141510276865613e-29,0.0,0.0,0.0,-0.011110630303758872,unicycle
-1.1502754161835387,10.889391433822038,1.2104166666666665,0.0,0.0,-0.803640118076865,0.4500015621664802,-2.716836229595767e-29,0.0,0.0,0.0,-0.011067399881260081,unicycle
-1.1440296574553621,10.88291211582162,1.2104166666666665,0.0,0.0,-0.8038605925864559,0.44997517756315125,-2.2944946063203774e-29,0.0,0.0,0.0,-0.011023725479545995,unicycle
-1.1377856967050186,10.876431809950423,1.2104166666666665,0.0,0.0,-0.8040801847731898,0.4499483591522606,-1.936205098186808e-29,0.0,0.0,0.0,-0.010979609336689088,unicycle
-1.1315435342596583,10.869950528390518,1.2104166666666665,0.0,0.0,-0.8042988858474036,0.4499211124624773,-1.6325617921222072e-29,0.0,0.0,0.0,-0.010935053710695801,unicycle
-1.1253031703060465,10.86346828329806,1.2104166666666665,0.0,0.0,-0.8045166870649836,0.44989344302923856,-1.3754792509080435e-29,0.0,0.0,0.0,-0.010890060878999326,unicycle
-1.119064604890784,10.856985086802686,1.2104166666666665,0.0,0.0,-0.8047335797277436,0.44986535639972913,-1.158019506287098e-29,0.0,0.0,0.0,-0.010844633138000055,unicycle
-1.112827837920461,10.850500951006847,1.2104166666666665,0.0,0.0,-0.8049495551837966,0.4498368581375541,-9.742390842136072e-30,0.0,0.0,0.0,-0.010798772802650087,unicycle
-1.10659286916176,10.84401588798506,1.2104166666666665,0.0,0.0,-0.8051646048279181,0.4498079538270278,-8.19054344095413e-30,0.0,0.0,0.0,-0.010752482206077933,unicycle
-1.1003596982415036,10.837529909783125,1.2104166666666665,0.0,0.0,-0.8053787201019033,0.4497786490770365,-6.881234059598907e-30,0.0,0.0,0.0,-0.010705763699249596,unicycle
-1.0941283246466615,10.831043028417286,1.2104166666666665,0.0,0.0,-0.8055918924949165,0.44974894952445826,-5.777429856545352e-30,0.0,0.0,0.0,-0.010658619650662253,unicycle
-1.0878987477243176,10.824555255873337,1.2104166666666665,0.0,0.0,-0.8058041135438377,0.4497188608371428,-4.847585400960212e-30,0.0,0.0,0.0,-0.010611052446066985,unicycle
-1.0816709666816058,10.818066604105692,1.2104166666666665,0.0,0.0,-0.8060153748336023,0.4496883887164643,-4.064862285385655e-30,0.0,0.0,0.0,-0.010563064488217274,unicycle
-1.075444980585619,10.81157708503644,1.2104166666666665,0.0,0.0,-0.806225667997535,0.44965753889947085,-3.406453118080035e-30,0.0,0.0,0.0,-0.01051465819664018,unicycle
-1.0692207883632963,10.805086710554354,1.2104166666666665,0.0,0.0,-0.8064349847176836,0.4496263171606562,-2.8529973219945178e-30,0.0,0.0,0.0,-0.010465836007427363,unicycle
-1.062998388801294,10.798595492513885,1.2104166666666665,0.0,0.0,-0.8066433167251446,0.4495947293133851,-2.388077371531825e-30,0.0,0.0,0.0,-0.010416600373043462,unicycle
-1.0567777805458456,10.792103442734138,1.2104166666666665,0.0,0.0,-0.8068506558003875,0.4495627812110016,-1.9977852641006627e-30,0.0,0.0,0.0,-0.010366953762149522,unicycle
-1.050558962102611,10.78561057299784,1.2104166666666665,0.0,0.0,-0.8070569937735763,0.44953047874765134,-1.6703501282170182e-30,0.0,0.0,0.0,-0.010316898659439463,unicycle
-1.0443419318365232,10.779116895050286,1.2104166666666665,0.0,0.0,-0.8072623225248862,0.4494978278588467,-1.3958188996807375e-30,0.0,0.0,0.0,-0.010266437565487771,unicycle
-1.0381266879716315,10.772622420598298,1.2104166666666665,0.0,0.0,-0.8074666339848182,0.44946483452180247,-1.1657829449272483e-30,0.0,0.0,0.0,-0.010215572996606796,unicycle
-1.031913228590948,10.766127161309162,1.2104166666666665,0.0,0.0,-0.8076699201345123,0.4494315047555673,-9.731443735085053e-31,0.0,0.0,0.0,-0.01016430748471226,unicycle
-1.0257015516362955,10.75963112880958,1.2104166666666665,0.0,0.0,-0.8078721730060563,0.44939784462097554,-8.119165606044853e-31,0.0,0.0,0.0,-0.010112643577195768,unicycle
-1.0194916549081625,10.753134334684606,1.2104166666666665,0.0,0.0,-0.8080733846827924,0.4493638602204394,-6.770540985715439e-31,0.0,0.0,0.0,-0.010060583836803194,unicycle
-1.0132835360655654,10.746636790476613,1.2104166666666665,0.0,0.0,-0.8082735472996228,0.44932955769760147,-5.643080183158602e-31,0.0,0.0,0.0,-0.010008130841518052,unicycle
-1.0070771926259205,10.740138507684234,1.2104166666666665,0.0,0.0,-0.8084726530433116,0.4492949432368656,-4.701026721208425e-31,0.0,0.0,0.0,-0.009955287184448974,unicycle
-1.0008726212098882,10.733639496970648,1.2104166666666665,0.0,0.0,-0.8086706941262755,0.44926007772730503,-3.914311552692667e-31,0.0,0.0,0.0,-0.009902054148193715,unicycle
-0.9946698178903994,10.727139768527397,1.2104166666666665,0.0,0.0,-0.8088676627992297,0.4492249968479751,-3.257665703182198e-31,0.0,0.0,0.0,-0.009848433647714979,unicycle
-0.9884687790206962,10.720639332940834,1.2104166666666665,0.0,0.0,-0.8090635513806219,0.4491896763526024,-2.70986811047782e-31,0.0,0.0,0.0,-0.009794429069610587,unicycle
-0.9822695011236405,10.714138201075649,1.2104166666666665,0.0,0.0,-0.8092583522529886,0.4491541000275859,-2.2531086851385994e-31,0.0,0.0,0.0,-0.009740043618335763,unicycle
-0.9760719808064791,10.707636383984923,1.2104166666666665,0.0,0.0,-0.8094520578602147,0.4491182578541729,-1.872449445612784e-31,0.0,0.0,0.0,-0.009685280361302683,unicycle
-0.9698762146956202,10.701133892841025,1.2104166666666665,0.0,0.0,-0.8096446607055019,0.4490821445635144,-1.5553690347982049e-31,0.0,0.0,0.0,-0.009630142264362533,unicycle
-0.9636821993870848,10.694630738882871,1.2104166666666665,0.0,0.0,-0.8098361533498944,0.4490457585043447,-1.2913780468800185e-31,0.0,0.0,0.0,-0.00957463221961628,unicycle
-0.9574899314091943,10.688126933375928,1.2104166666666665,0.0,0.0,-0.8100265284112368,0.4490091007588964,-1.0716944246652219e-31,0.0,0.0,0.0,-0.009518753067120581,unicycle
-0.9512994071947705,10.681622487582159,1.2104166666666665,0.0,0.0,-0.8102157785634717,0.4489721744554659,-8.889697648906026e-32,0.0,0.0,0.0,-0.009462507611747767,unicycle
-0.9451106230606945,10.675117412737656,1.2104166666666665,0.0,0.0,-0.810403896536196,0.44893498423636913,-7.370587247809623e-32,0.0,0.0,0.0,-0.009405898636209529,unicycle
-0.9389235751931302,10.668611720036187,1.2104166666666665,0.0,0.0,-0.8105908751144172,0.4488975358483447,-6.108248864988092e-32,0.0,0.0,0.0,-0.009348928911052788,unicycle
-0.93273825963708,10.662105420617285,1.2104166666666665,0.0,0.0,-0.8107767071384628,0.4488598358291478,-5.059774327147661e-32,0.0,0.0,0.0,-0.009291601202273715,unicycle
-0.9265546722892325,10.655598525557766,1.2104166666666665,0.0,0.0,-0.810961385504004,0.44882189126945166,-4.189338389261194e-32,0.0,0.0,0.0,-0.009233918277064893,unicycle
-0.9203728088932871,10.64909104586585,1.2104166666666665,0.0,0.0,-0.8111449031621663,0.4487837096334807,-3.467045161625957e-32,0.0,0.0,0.0,-0.009175882908105257,unicycle
-0.9141926650371277,10.642582992477218,1.2104166666666665,0.0,0.0,-0.8113272531197007,0.44874529862525175,-2.867959586458332e-32,0.0,0.0,0.0,-0.009117497876717763,unicycle
-0.9080142361513561,10.636074376252504,1.2104166666666665,0.0,0.0,-0.8115084284392038,0.44870666609005827,-2.371294798815754e-32,0.0,0.0,0.0,-0.00905876597515191,unicycle
-0.901837517508813,10.6295652079758,1.2104166666666665,0.0,0.0,-0.8116884222393677,0.44866781994303395,-1.9597307064871188e-32,0.0,0.0,0.0,-0.00899969000819385,unicycle
-0.8956625042247984,10.623055498353926,1.2104166666666665,0.0,0.0,-0.8118672276952529,0.448628768118389,-1.618842947434943e-32,0.0,0.0,0.0,-0.008940272794263428,unicycle
-0.8894891912577781,10.616545258016183,1.2104166666666665,0.0,0.0,-0.8120448380385754,0.4485895185343049,-1.336624629372751e-32,0.0,0.0,0.0,-0.008880517166123016,unicycle
-0.883317573410412,10.610034497514468,1.2104166666666665,0.0,0.0,-0.8122212465580012,0.44855007906958133,-1.1030860085956481e-32,0.0,0.0,0.0,-0.008820425971295367,unicycle
-0.8771476453307845,10.60352322732358,1.2104166666666665,0.0,0.0,-0.8123964465994465,0.4485104575490041,-9.099195969476232e-33,0.0,0.0,0.0,-0.008760002072266026,unicycle
-0.87097940151375,10.597011457841669,1.2104166666666665,0.0,0.0,-0.8125704315663772,0.4484706617350959,-7.50220159249509e-33,0.0,0.0,0.0,-0.008699248346528528,unicycle
-0.864812836302328,10.590499199390726,1.2104166666666665,0.0,0.0,-0.8127431949201076,0.4484306993244532,-6.182507321708122e-33,0.0,0.0,0.0,-0.0086381676865171,unicycle
-0.8586479438891066,10.58398646221708,1.2104166666666665,0.0,0.0,-0.8129147301800969,0.4483905779473007,-5.092472052456267e-33,0.0,0.0,0.0,-0.008576762999460839,unicycle
-0.8524847183176213,10.57747325649188,1.2104166666666665,0.0,0.0,-0.8130850309242406,0.44835030516923013,-4.1925519469079776e-33,0.0,0.0,0.0,-0.008515037207185064,unicycle
-0.8463231534836914,10.570959592311517,1.2104166666666665,0.0,0.0,-0.8132540907891582,0.44830988849434716,-3.4499394432998565e-33,0.0,0.0,0.0,-0.00845299324587901,unicycle
-0.8401632431367028,10.564445479698016,1.2104166666666665,0.0,0.0,-0.8134219034704752,0.4482693353692525,-2.8374283377203803e-33,0.0,0.0,0.0,-0.00839063406584395,unicycle
-0.8340049808808302,10.55793092859933,1.2104166666666665,0.0,0.0,-0.8135884627230997,0.4482286531874405,-2.3324678631055783e-33,0.0,0.0,0.0,-0.008327962631232002,unicycle
-0.8278483601761985,10.5514159488896,1.2104166666666665,0.0,0.0,-0.8137537623614952,0.44818784929381394,-1.916374684460429e-33,0.0,0.0,0.0,-0.008264981919782938,unicycle
-0.8216933743399828,10.544900550369338,1.2104166666666665,0.0,0.0,-0.8139177962599466,0.4481469309891081,-1.5736767701623544e-33,0.0,0.0,0.0,-0.008201694922563937,unicycle
-0.8155400165474536,10.53838474276555,1.2104166666666665,0.0,0.0,-0.8140805583528209,0.4481059055340827,-1.2915673353174507e-33,0.0,0.0,0.0,-0.008138104643715631,unicycle
-0.8093882798329665,10.531868535731801,1.2104166666666665,0.0,0.0,-0.8142420426348249,0.4480647801533924,-1.0594506106313396e-33,0.0,0.0,0.0,-0.008074214100206482,unicycle
-0.8032381570909076,10.525351938848246,1.2104166666666665,0.0,0.0,-0.8144022431612568,0.44802356203908544,-8.685641759112587e-34,0.0,0.0,0.0,-0.008010026321596597,unicycle
-0.7970896410765944,10.518834961621597,1.2104166666666665,0.0,0.0,-0.814561154048253,0.44798225835370514,-7.116651014770086e-34,0.0,0.0,0.0,-0.007945544349811423,unicycle
-0.7909427244071418,10.51231761348506,1.2104166666666665,0.0,0.0,-0.8147187694730313,0.44794087623299006,-5.827692397883939e-34,0.0,0.0,0.0,-0.007880771238925277,unicycle
-0.7847973995622959,10.505799903798252,1.2104166666666665,0.0,0.0,-0.8148750836741305,0.4478994227881824,-4.7693476798650005e-34,0.0,0.0,0.0,-0.007815710054954367,unicycle
-0.7786536588852432,10.499281841847061,1.2104166666666665,0.0,0.0,-0.8150300909516435,0.44785790510796225,-3.900825542147847e-34,0.0,0.0,0.0,-0.007750363875658749,unicycle
-0.772511494583397,10.492763436843516,1.2104166666666665,0.0,0.0,-0.8151837856674505,0.44781633026003087,-3.18847152417743e-34,0.0,0.0,0.0,-0.00768473579035251,unicycle
-0.7663708987291683,10.486244697925617,1.2104166666666665,0.0,0.0,-0.8153361622454447,0.4477747052923707,-2.6045326046786165e-34,0.0,0.0,0.0,-0.0076188288997214105,unicycle
-0.7602318632607238,10.479725634157168,1.2104166666666665,0.0,0.0,-0.8154872151717577,0.4477330372342101,-2.1261333749144896e-34,0.0,0.0,0.0,-0.007552646315647197,unicycle
-0.754094379982734,10.473206254527586,1.2104166666666665,0.0,0.0,-0.8156369389949785,0.44769133309672077,-1.7344279553093315e-34,0.0,0.0,0.0,-0.007486191161037845,unicycle
-0.7479584405671165,10.466686567951719,1.2104166666666665,0.0,0.0,-0.8157853283263717,0.4476495998734762,-1.4138978121384046e-34,0.0,0.0,0.0,-0.007419466569662958,unicycle
-0.7418240365537758,10.460166583269649,1.2104166666666665,0.0,0.0,-0.8159323778400916,0.44760784454069663,-1.1517706423545273e-34,0.0,0.0,0.0,-0.007352475685993632,unicycle
-0.7356911593513431,10.4536463092465,1.2104166666666665,0.0,0.0,-0.8160780822733925,0.447566074057306,-9.375396743933655e-35,0.0,0.0,0.0,-0.007285221665046133,unicycle
-0.729559800237917,10.447125754572257,1.2104166666666665,0.0,0.0,-0.816222436426837,0.4475242953648222,-7.62566217204443e-35,0.0,0.0,0.0,-0.007217707672228799,unicycle
-0.7234299503618095,10.440604927861573,1.2104166666666665,0.0,0.0,-0.8163654351645009,0.447482515387103,-6.197511930241482e-35,0.0,0.0,0.0,-0.00714993688319161,unicycle
-0.7173016007422963,10.4340838376536,1.2104166666666665,0.0,0.0,-0.8165070734141744,0.44744074102996495,-5.03263807267462e-35,0.0,0.0,0.0,-0.007081912483677962,unicycle
-0.7111747415184941,10.427562491611658,1.2104166666666665,0.0,0.0,-0.8166473461469081,0.4473990340800495,-4.083175215396538e-35,0.0,0.0,0.0,-0.00701363663669471,unicycle
-0.7050493622976749,10.421040896892423,1.2104166666666665,0.0,0.0,-0.8167862483868974,0.44735743094729,-3.3098517026491445e-35,0.0,0.0,0.0,-0.006945111999460204,unicycle
-0.6989254529807297,10.414519061023578,1.2104166666666665,0.0,0.0,-0.816923775234409,0.4473159078002882,-2.6804645393464974e-35,0.0,0.0,0.0,-0.006876342375585006,unicycle
-0.6928030036528652,10.407996991786785,1.2104166666666665,0.0,0.0,-0.8170599218628648,0.44727444881589024,-2.1686219943107513e-35,0.0,0.0,0.0,-0.006807331422788386,unicycle
-0.6866820044996261,10.401474697127497,1.2104166666666665,0.0,0.0,-0.8171946835166327,0.44723304433364075,-1.7527073950408417e-35,0.0,0.0,0.0,-0.006738082688396106,unicycle
-0.6805624457428262,10.394952185085915,1.2104166666666665,0.0,0.0,-0.8173280555093788,0.44719168940479676,-1.4150256202898897e-35,0.0,0.0,0.0,-0.006668599637307999,unicycle
-0.6744443175920737,10.388429463744451,1.2104166666666665,0.0,0.0,-0.8174600332228577,0.4471503826553019,-1.141100424941544e-35,0.0,0.0,0.0,-0.006598885673938603,unicycle
-0.6683276102084708,10.381906541188155,1.2104166666666665,0.0,0.0,-0.8175906121060447,0.44710912539805464,-9.190962307463615e-36,0.0,0.0,0.0,-0.006528944159346919,unicycle
-0.6622123136777769,10.375383425475176,1.2104166666666665,0.0,0.0,-0.8177197876745353,0.44706792094266523,-7.393425766485697e-36,0.0,0.0,0.0,-0.006458778424536932,unicycle
-0.6560984179908919,10.368860124615015,1.2104166666666665,0.0,0.0,-0.8178475555101498,0.4470267740612677,-5.939432022611021e-36,0.0,0.0,0.0,-0.006388391780719679,unicycle
-0.6499859130299751,10.362336646552755,1.2104166666666665,0.0,0.0,-0.8179739112606934,0.44698569057730314,-4.764548696211311e-36,0.0,0.0,0.0,-0.006317787527172449,unicycle
-0.643874788558874,10.3558129991579,1.2104166666666665,0.0,0.0,-0.8180988506398374,0.4469446770509084,-3.8162362166170304e-36,0.0,0.0,0.0,-0.006246968957204714,unicycle
-0.6377650342168243,10.34928919021667,1.2104166666666665,0.0,0.0,-0.8182223694270903,0.4469037405399374,-3.051683223986464e-36,0.0,0.0,0.0,-0.006175939362638364,unicycle
-0.6316566395146149,10.342765227426952,1.2104166666666665,0.0,0.0,-0.8183444634678326,0.44686288841997124,-2.436030997943963e-36,0.0,0.0,0.0,-0.006104702037127282,unicycle
-0.6255495938325883,10.336241118395188,1.2104166666666665,0.0,0.0,-0.8184651286734042,0.446822128250138,-1.9409178092628873e-36,0.0,0.0,0.0,-0.00603326027857477,unicycle
-0.6194438864199925,10.329716870634712,1.2104166666666665,0.0,0.0,-0.8185843610212213,0.4467814676743334,-1.5432862306495773e-36,0.0,0.0,0.0,-0.005961617390853735,unicycle
-0.6133395063953108,10.323192491565136,1.2104166666666665,0.0,0.0,-0.8187021565549214,0.4467409143496449,-1.2244064725822856e-36,0.0,0.0,0.0,-0.005889776684991514,unicycle
-0.6072364427472858,10.316667988512469,1.2104166666666665,0.0,0.0,-0.8188185113845203,0.44670047589554573,-9.690770929937196e-37,0.0,0.0,0.0,-0.005817741479946727,unicycle
-0.6011346843364221,10.310143368709776,1.2104166666666665,0.0,0.0,-0.8189334216865818,0.44666015985882324,-7.6497126645341e-37,0.0,0.0,0.0,-0.005745515103077961,unicycle
-0.5950342198968055,10.303618639298142,1.2104166666666665,0.0,0.0,-0.8190468837043894,0.446619973690319,-6.021024391624547e-37,0.0,0.0,0.0,-0.005673100890382187,unicycle
-0.5889350380381191,10.297093807327878,1.2104166666666665,0.0,0.0,-0.8191588937481207,0.4465799247304379,-4.723878475926311e-37,0.0,0.0,0.0,-0.005600502186563295,unicycle
-0.582837127247769,10.290568879759837,1.2104166666666665,0.0,0.0,-0.8192694481950202,0.44654002020107475,-3.692922125918693e-37,0.0,0.0,0.0,-0.005527722344977368,unicycle
-0.5767404758930563,10.284043863466781,1.2104166666666665,0.0,0.0,-0.81937854348957,0.4465002672021587,-2.8753707938834994e-37,0.0,0.0,0.0,-0.005454764727490356,unicycle
-0.5706450722233496,10.27751876523476,1.2104166666666665,0.0,0.0,-0.8194861761436555,0.4464606727114376,-2.2286387485034434e-37,0.0,0.0,0.0,-0.005381632704275269,unicycle
-0.5645509043722304,10.270993591764451,1.2104166666666665,0.0,0.0,-0.8195923427367267,0.446421243586466,-1.7184089399970098e-37,0.0,0.0,0.0,-0.00530832965356931,unicycle
-0.5584579603595909,10.264468349672466,1.2104166666666665,0.0,0.0,-0.8196970399159548,0.44638198656801664,-1.3170618870365363e-37,0.0,0.0,0.0,-0.005234858961406115,unicycle
-0.552366228093671,10.257943045492592,1.2104166666666665,0.0,0.0,-0.8198002643963814,0.44634290828433965,-1.0023977929885553e-37,0.0,0.0,0.0,-0.005161224021334223,unicycle
-0.5462756953730321,10.251417685676959,1.2104166666666665,0.0,0.0,-0.819902012961064,0.44630401525584995,-7.565979968706873e-38,0.0,0.0,0.0,-0.005087428234129805,unicycle
-0.5401863498884628,10.244892276597149,1.2104166666666665,0.0,0.0,-0.8200022824612141,0.4462653138999416,-5.653816366070081e-38,0.0,0.0,0.0,-0.005013475007509278,unicycle
-0.5340981792248196,10.238366824545228,1.2104166666666665,0.0,0.0,-0.820101069816331,0.44622681053571944,-4.173214241676009e-38,0.0,0.0,0.0,-0.004939367755845656,unicycle
-0.5280111708628045,10.231841335734728,1.2104166666666665,0.0,0.0,-0.8201983720143288,0.44618851138850724,-3.0328901387280027e-38,0.0,0.0,0.0,-0.004865109899891072,unicycle
-0.5219253121806846,10.225315816301558,1.2104166666666665,0.0,0.0,-0.8202941861116592,0.44615042259404203,-2.1600584213679984e-38,0.0,0.0,0.0,-0.004790704866506965,unicycle
-0.5158405904559593,10.218790272304862,1.2104166666666665,0.0,0.0,-0.8203885092334272,0.4461125502023036,-1.4967973996318683e-38,0.0,0.0,0.0,-0.004716156088402678,unicycle
-0.5097569928669774,10.212264709727831,1.2104166666666665,0.0,0.0,-0.8204813385735049,0.4460749001809547,-9.971124225740634e-39,0.0,0.0,0.0,-0.004641467003882701,unicycle
-0.5036745064945142,10.205739134478474,1.2104166666666665,0.0,0.0,-0.820572671394637,0.4460374784183865,-6.245648353751506e-39,0.0,0.0,0.0,-0.004566641056602396,unicycle
-0.49759311832330916,10.19921355239035,1.2104166666666665,0.0,0.0,-0.8206625050285435,0.4460002907263793,-3.503599567376992e-39,0.0,0.0,0.0,-0.004491681695331803,unicycle
-0.4915128152435727,10.19268796922327,1.2104166666666665,0.0,0.0,-0.8207508368760181,0.4459633428423961,-1.5180706777381417e-39,0.0,0.0,0.0,-0.004416592373727005,unicycle
-0.4854335840524649,10.186162390663961,1.2104166666666665,0.0,0.0,-0.8208376644070204,0.4459266404315324,-1.1080609907048358e-40,0.0,0.0,0.0,-0.004341376550108427,unicycle
-0.4793554114555504,10.179636822326728,1.2104166666666665,0.0,0.0,-0.8209229851607652,0.44589018908814937,8.577497777998706e-40,0.0,0.0,0.0,-0.004266037687245376,unicycle
-0.4732782840682348,10.17311126975408,1.2104166666666665,0.0,0.0,-0.8210067967458082,0.4458539943372193,1.4964355353890303e-39,0.0,0.0,0.0,-0.00419057925214617,unicycle
-0.4672021884171849,10.166585738417359,1.2104166666666665,0.0,0.0,-0.8210890968401254,0.4458180616354103,1.8897666740113026e-39,0.0,0.0,0.0,-0.00411500471585316,unicycle
-0.46112711094173636,10.16006023371733,1.2104166666666665,0.0,0.0,-0.8211698831911902,0.44578239637193945,2.1030484784393808e-39,0.0,0.0,0.0,-0.004039317553242069,unicycle
-0.45505303799529107,10.1535347609848,1.2104166666666665,0.0,0.0,-0.8212491536160469,0.4457470038692195,2.186457318591262e-39,0.0,0.0,0.0,-0.003963521242825039,unicycle
-0.44897995584670763,10.147009325481203,1.2104166666666665,0.0,0.0,-0.821326906001378,0.4457118893833242,2.1782923682255584e-39,0.0,0.0,0.0,-0.0038876192665568375,unicycle
-0.4429078506816866,10.140483932399201,1.2104166666666665,0.0,0.0,-0.8214031383035708,0.44567705810429503,2.107561086959778e-39,0.0,0.0,0.0,-0.0038116151096437723,unicycle
-0.43683670860415197,10.133958586863265,1.2104166666666665,0.0,0.0,-0.8214778485487778,0.4456425151563098,1.9960304246394818e-39,0.0,0.0,0.0,-0.003735512260354862,unicycle
-0.43076651563763124,10.127433293930272,1.2104166666666665,0.0,0.0,-0.8215510348329745,0.4456082655977318,1.85985023365727e-39,0.0,0.0,0.0,-0.0036593142098349032,unicycle
-0.4246972577266351,10.120908058590105,1.2104166666666665,0.0,0.0,-0.8216226953220128,0.44557431442105677,1.710834718676219e-39,0.0,0.0,0.0,-0.0035830244519190497,unicycle
-0.41862891998728585,10.114382884959063,1.2104166666666665,0.0,0.0,-0.8216928282388433,0.4455407216703068,1.557471018862297e-39,0.0,0.0,0.0,-0.0035066458415318547,unicycle
-0.4125614870556002,10.107857776653205,1.2104166666666665,0.0,0.0,-0.8217614318696652,0.4455075218635446,1.4057104736959453e-39,0.0,0.0,0.0,-0.0034301815411050566,unicycle
-0.40649494391236235,10.101332737674468,1.2104166666666665,0.0,0.0,-0.8218285045781354,0.44547468899070575,1.2595871726028358e-39,0.0,0.0,0.0,-0.0033536354235026385,unicycle
-0.4004292757746491,10.094807772293274,1.2104166666666665,0.0,0.0,-0.8218940448034232,0.44544220503635107,1.121699543922247e-39,0.0,0.0,0.0,-0.003277011264398745,unicycle
-0.39436446801261293,10.08828288495825,1.2104166666666665,0.0,0.0,-0.8219580510587188,0.44541005812706186,9.935836030469559e-40,0.0,0.0,0.0,-0.003200312764780419,unicycle
-0.3883005060861189,10.081758080227267,1.2104166666666665,0.0,0.0,-0.8220205219300931,0.4453782410749888,8.760007294694898e-40,0.0,0.0,0.0,-0.003123543568725333,unicycle
-0.3822373754969354,10.075233362715183,1.2104166666666665,0.0,0.0,-0.8220814560756405,0.4453467502366372,7.69158214671568e-40,0.0,0.0,0.0,-0.003046707277371815,unicycle
-0.376175061753067,10.06870873705462,1.2104166666666665,0.0,0.0,-0.8221408522248372,0.44531558462196685,6.728771031529934e-40,0.0,0.0,0.0,-0.0029698074598310323,unicycle
-0.3701135503425217,10.062184207866895,1.2104166666666665,0.0,0.0,-0.8221987091780704,0.44528474520179495,5.867188633781286e-40,0.0,0.0,0.0,-0.0028928476616524464,unicycle
-0.3640528267143805,10.055659779740786,1.2104166666666665,0.0,0.0,-0.8222550258062972,0.44525423437190265,5.100800327015427e-40,0.0,0.0,0.0,-0.0028158314113390505,unicycle
-0.3579928762654827,10.049135457217346,1.2104166666666665,0.0,0.0,-0.8223098010508033,0.44522405554062694,4.422620657626964e-40,0.0,0.0,0.0,-0.0027387622253145214,unicycle
-0.35193368433140637,10.042611244779332,1.2104166666666665,0.0,0.0,-0.8223630339230368,0.44519421281346516,3.8252208647303715e-40,0.0,0.0,0.0,-0.002661643611666974,unicycle
-0.34587523618070865,10.036087146844153,1.2104166666666665,0.0,0.0,-0.8224147235044954,0.4451647107536339,3.3010902429271606e-40,0.0,0.0,0.0,-0.002584479072930631,unicycle
-0.3398175170116177,10.029563167759449,1.2104166666666665,0.0,0.0,-0.8224648689466578,0.44513555420186923,2.842886451168816e-40,0.0,0.0,0.0,-0.0025072721081148223,unicycle
-0.3337605119505512,10.023039311800638,1.2104166666666665,0.0,0.0,-0.8225134694709406,0.4451067481422345,2.4436021655118195e-40,0.0,0.0,0.0,-0.0024300262141477586,unicycle
-0.32770420605197564,10.016515583169916,1.2104166666666665,0.0,0.0,-0.8225605243686779,0.4450782976034842,2.0966693692308824e-40,0.0,0.0,0.0,-0.0023527448868682294,unicycle
-0.3216485842992351,10.009991985996297,1.2104166666666665,0.0,0.0,-0.8226060330011112,0.4450502075877517,1.796017750121784e-40,0.0,0.0,0.0,-0.002275431621670745,unicycle
-0.31559363160606474,10.003468524336407,1.2104166666666665,0.0,0.0,-0.822649994799389,0.44502248302010006,1.536099873846212e-40,0.0,0.0,0.0,-0.0021980899138874356,unicycle
-0.3095393328185748,9.996945202175763,1.2104166666666665,0.0,0.0,-0.8226924092645684,0.44499512871387903,1.3118928162807953e-40,0.0,0.0,0.0,-0.002120723258971981,unicycle
-0.3034856727175424,9.99042202343041,1.2104166666666665,0.0,0.0,-0.822733275967619,0.44496814934794965,1.1188836002898803e-40,0.0,0.0,0.0,-0.0020433351525366,unicycle
-0.29743263602089187,9.983898991948765,1.2104166666666665,0.0,0.0,-0.8227725945494246,0.4449415494527189,9.530439593930445e-41,0.0,0.0,0.0,-0.0019659290902816363,unicycle
-0.29138020738627607,9.977376111513545,1.2104166666666665,0.0,0.0,-0.8228103647207817,0.44491533340262573,8.107985353160526e-41,0.0,0.0,0.0,-0.001888508567848248,unicycle
-0.285328371413695,9.970853385843776,1.2104166666666665,0.0,0.0,-0.8228465862623942,0.44488950541326744,6.88989522735694e-41,0.0,0.0,0.0,-0.0018110770806175007,unicycle
-0.2792771126481075,9.964330818596773,1.2104166666666665,0.0,0.0,-0.8228812590248638,0.4448640695417855,5.848399342770287e-41,0.0,0.0,0.0,-0.0017336381234734112,unicycle
-0.2732264155820067,9.95780841337009,1.2104166666666665,0.0,0.0,-0.8229143829286746,0.4448390296894683,4.959170175183469e-41,0.0,0.0,0.0,-0.001656195190543184,unicycle
-0.2671762646579381,9.951286173703414,1.2104166666666665,0.0,0.0,-0.8229459579641731,0.44481438960578823,4.200968700897685e-41,0.0,0.0,0.0,-0.001578751774924405,unicycle
-0.26112664427095045,9.944764103080388,1.2104166666666665,0.0,0.0,-0.8229759841915413,0.4447901528932938,3.5553093455282245e-41,0.0,0.0,0.0,-0.001501311368406263,unicycle
-0.2550775387709721,9.938242204930358,1.2104166666666665,0.0,0.0,-0.823004461740765,0.4447663230129365,3.006147844249018e-41,0.0,0.0,0.0,-0.0014238774611897384,unicycle
-0.24902893246511268,9.931720482630036,1.2104166666666665,0.0,0.0,-0.8230313908115972,0.44474290328952815,2.5395941499785646e-41,0.0,0.0,0.0,-0.0013464535416102355,unicycle
-0.24298080961988888,9.925198939505098,1.2104166666666665,0.0,0.0,-0.8230567716735143,0.4447198969171201,2.1436511059941012e-41,0.0,0.0,0.0,-0.0012690430958650959,unicycle
-0.23693315446337987,9.918677578831689,1.2104166666666665,0.0,0.0,-0.8230806046656692,0.44469730696416154,1.8079786040559341e-41,0.0,0.0,0.0,-0.0011916496077472403,unicycle
-0.23088595118731484,9.912156403837878,1.2104166666666665,0.0,0.0,-0.823102890196837,0.4446751363783462,1.5236822747152726e-41,0.0,0.0,0.0,-0.0011142765583856112,unicycle
-0.2248391839490983,9.905635417705032,1.2104166666666665,0.0,0.0,-0.8231236287453567,0.4446533879910969,1.2831253224065265e-41,0.0,0.0,0.0,-0.0010369274259929607,unicycle
-0.21879283687377846,9.89911462356914,1.2104166666666665,0.0,0.0,-0.8231428208590693,0.44463206452166126,1.0797618616780022e-41,0.0,0.0,0.0,-0.0009596056856208967,unicycle
-0.21274689405596386,9.89259402452209,1.2104166666666665,0.0,0.0,-0.8231604671552477,0.44461116858081656,9.07989984300135e-42,0.0,0.0,0.0,-0.0008823148089217268,unicycle
-0.20670133956169345,9.886073623612878,1.2104166666666665,0.0,0.0,-0.823176568320526,0.4445907026741898,7.63022753076082e-42,0.0,0.0,0.0,-0.0008050582639168109,unicycle
-0.20065615743026533,9.8795534238488,1.2104166666666665,0.0,0.0,-0.8231911251108212,0.44457066920521343,6.40775348862529e-42,0.0,0.0,0.0,-0.0007278395147710246,unicycle
-0.19461133167602854,9.87303342819658,1.2104166666666665,0.0,0.0,-0.8232041383512526,0.44455107047773856,5.377666713814633e-42,0.0,0.0,0.0,-0.000650662021573369,unicycle
-0.18856684629014234,9.866513639583495,1.2104166666666665,0.0,0.0,-0.8232156089360553,0.44453190869833353,4.5103379602289455e-42,0.0,0.0,0.0,-0.0005735292401220454,unicycle
-0.1825226852423068,9.859994060898442,1.2104166666666665,0.0,0.0,-0.8232255378284896,0.44451318597829614,3.7805780631336776e-42,0.0,0.0,0.0,-0.0004964446217138774,unicycle
-0.1764788324824684,9.853474694993004,1.2104166666666665,0.0,0.0,-0.8232339260607482,0.44449490433540734,3.166996465628336e-42,0.0,0.0,0.0,-0.0004194116129383326,unicycle
-0.17043527194250346,9.846955544682482,1.2104166666666665,0.0,0.0,-0.8232407747338576,0.4444770656954549,2.651447653577135e-42,0.0,0.0,0.0,-0.00034243365547486173,unicycle
-0.16439198753788264,9.840436612746913,1.2104166666666665,0.0,0.0,-0.8232460850175756,0.4444596718935524,2.2185544385492598e-42,0.0,0.0,0.0,-0.0002655141858935627,unicycle
-0.15834896316931826,9.83391790193207,1.2104166666666665,0.0,0.0,-0.8232498581502848,0.4444427246752788,1.8552982046490173e-42,0.0,0.0,0.0,-0.00018865663545869406,unicycle
-0.1523061827243974,9.827399414950447,1.2104166666666665,0.0,0.0,-0.8232520954388834,0.4444262256976611,1.5506673374978357e-42,0.0,0.0,0.0,-0.00011186442993454094,unicycle
-0.14626363007920204,9.820881154482237,1.2104166666666665,0.0,0.0,-0.8232527982586711,0.44441017653002063,1.2953560723276548e-42,0.0,0.0,0.0,-3.514098939357826e-05,unicycle
-0.14022128909991816,9.814363123176303,1.2104166666666665,0.0,0.0,-0.8232519680532318,0.4443945786547015,1.081506928984831e-42,0.0,0.0,0.0,4.151027197343787e-05,unicycle
-0.13417914364443492,9.807845323651128,1.2104166666666665,0.0,0.0,-0.8232496063343109,0.444379433467698,9.024907443893417e-43,0.0,0.0,0.0,0.00011808594604571692,unicycle
-0.12813717681283895,9.801327757685575,1.2104166666666665,0.0,0.0,-0.8232457146777101,0.4443647975186624,7.527190701180543e-43,0.0,0.0,0.0,0.00019458283004275618,unicycle
-0.12209537129593757,9.794810426594152,1.2104166666666665,0.0,0.0,-0.8232402947251852,0.444350701753313,6.274843785388483e-43,0.0,0.0,0.0,0.00027099762624651903,unicycle
-0.1160537102007534,9.788293332116735,1.2104166666666665,0.0,0.0,-0.82323334818878,0.4443371164357195,5.228241206663593e-43,0.0,0.0,0.0,0.0003473268202558176,unicycle
-0.11001217694223542,9.781776476300964,1.2104166666666665,0.0,0.0,-0.8232248768499939,0.4443240198261899,4.35405208583695e-43,0.0,0.0,0.0,0.00042356693930782965,unicycle
-0.10397075516020692,9.775259861411879,1.2104166666666665,0.0,0.0,-0.8232148825591025,0.44431139632494565,3.62425961049543e-43,0.0,0.0,0.0,0.0004997145445731952,unicycle
-0.09792942865615197,9.768743489862947,1.2104166666666665,0.0,0.0,-0.8232033672346026,0.4442992350128528,3.0153295893048677e-43,0.0,0.0,0.0,0.0005757662249908279,unicycle
-0.09188818134554348,9.762227364163877,1.2104166666666665,0.0,0.0,-0.8231903328627549,0.44428752850812414,2.507506133050045e-43,0.0,0.0,0.0,0.0006517185923831912,unicycle
-0.08584699722230207,9.75571148688151,1.2104166666666665,0.0,0.0,-0.8231757814972024,0.444276272073929,2.0842155910266653e-43,0.0,0.0,0.0,0.0007275682776278244,unicycle
-0.07980586033268279,9.749195860610897,1.2104166666666665,0.0,0.0,-0.8231597152586485,0.44426546292478436,1.731562562081132e-43,0.0,0.0,0.0,0.000803311927693433,unicycle
-0.0737647547564542,9.742680487954244,1.2104166666666665,0.0,0.0,-0.8231421363345808,0.4442550996900326,1.4379041289211647e-43,0.0,0.0,0.0,0.0008789462033781857,unicycle
-0.06772366459368688,9.736165371505907,1.2104166666666665,0.0,0.0,-0.8231230469790286,0.4442451820011105,1.193490476162e-43,0.0,0.0,0.0,0.0009544677776140199,unicycle
-0.06168257395582926,9.729650513842023,1.2104166666666665,0.0,0.0,-0.823102449512344,0.44423571017607366,9.901617864972452e-44,0.0,0.0,0.0,0.0010298733342235407,unicycle
-0.05564146696003566,9.723135917513655,1.2104166666666665,0.0,0.0,-0.8230803463210034,0.44422668498026613,8.210928008399222e-44,0.0,0.0,0.0,0.0011051595670359066,unicycle
-0.04960032772593915,9.716621585042567,1.2104166666666665,0.0,0.0,-0.8230567398574178,0.44421810744638207,6.805777088324505e-44,0.0,0.0,0.0,0.0011803231792849355,unicycle
-0.043559140374242265,9.710107518918965,1.2104166666666665,0.0,0.0,-0.8230316326397532,0.44420997874065166,5.638491337304355e-44,0.0,0.0,0.0,0.0012553608832269162,unicycle
-0.03751788902664107,9.70359372160069,1.2104166666666665,0.0,0.0,-0.8230050272517547,0.4442023000646731,4.669259149694234e-44,0.0,0.0,0.0,0.0013302693999276795,unicycle
-0.03147655780671016,9.697080195513442,1.2104166666666665,0.0,0.0,-0.822976926342571,0.44419507258463775,3.864851943636594e-44,0.0,0.0,0.0,0.0014050454591784626,unicycle
-0.02543513084146439,9.690566943051723,1.2104166666666665,0.0,0.0,-0.822947332626581,0.44418829738147037,3.197549967886924e-44,0.0,0.0,0.0,0.0014796857995083457,unicycle
-0.01939359226338186,9.684053966580302,1.2104166666666665,0.0,0.0,-0.8229162488832156,0.4441819754168145,2.644240798680406e-44,0.0,0.0,0.0,0.0015541871682678448,unicycle
-0.01335192621272648,9.677541268435998,1.2104166666666665,0.0,0.0,-0.8228836779567803,0.4441761075109142,2.1856632396411114e-44,0.0,0.0,0.0,0.0016285463217637578,unicycle
-0.007310116840050165,9.67102885092965,1.2104166666666665,0.0,0.0,-0.8228496227562716,0.44417069432932604,1.8057735610307897e-44,0.0,0.0,0.0,0.0017027600254298529,unicycle
-0.001268148308786621,9.664516716348185,1.2104166666666665,0.0,0.0,-0.8228140862551911,0.4441657363760966,1.4912146009971495e-44,0.0,0.0,0.0,0.0017768250540215894,unicycle
0.004773995202126333,9.65800486695674,1.2104166666666665,0.0,0.0,-0.8227770714913546,0.44416123399158974,1.2308712937402607e-44,0.0,0.0,0.0,0.0018507381918259193,unicycle
0.010816329495640405,9.65149330500074,1.2104166666666665,0.0,0.0,-0.8227385815666971,0.4441571873535801,1.0154987676099268e-44,0.0,0.0,0.0,0.0019244962328795233,unicycle
0.016858870354036555,9.644982032707956,1.2104166666666665,0.0,0.0,-0.8226986196470734,0.4441535964805647,8.37411338785594e-45,0.0,0.0,0.0,0.0019980959811905794,unicycle
0.022901633536430335,9.638471052290472,1.2104166666666665,0.0,0.0,-0.8226571889620541,0.4441504612365106,6.902225723252949e-45,0.0,0.0,0.0,0.002071534250960583,unicycle
0.028944634776354474,9.631960365946572,1.2104166666666665,0.0,0.0,-0.8226142928047181,0.4441477813364581,5.686281424976494e-45,0.0,0.0,0.0,0.0021448078668037953,unicycle
0.03498788977942459,9.62544997586256,1.2104166666666665,0.0,0.0,-0.8225699345314389,0.44414555635255554,4.682245416181877e-45,0.0,0.0,0.0,0.002217913663962692,unicycle
0.04103141422108978,9.618939884214454,1.2104166666666665,0.0,0.0,-0.8225241175616687,0.44414378572022306,3.85357797980581e-45,0.0,0.0,0.0,0.0022908484885184595,unicycle
0.047075223744467,9.612430093169626,1.2104166666666665,0.0,0.0,-0.8224768453777168,0.4441424687442351,3.169973003599271e-45,0.0,0.0,0.0,0.002363609197595956,unicycle
0.05311933395825619,9.605920604888338,1.2104166666666665,0.0,0.0,-0.8224281215245255,0.4441416046045784,2.606306157611588e-45,0.0,0.0,0.0,0.002436192659562974,unicycle
0.05916376043473182,9.599411421525195,1.2104166666666665,0.0,0.0,-0.8223779496094411,0.44414119236199556,2.1417585138360498e-45,0.0,0.0,0.0,0.0025085957542237925,unicycle
0.06520851870780603,9.592902545230535,1.2104166666666665,0.0,0.0,-0.822326333301981,0.44414123096316205,1.7590867054067102e-45,0.0,0.0,0.0,0.0025808153730071705,unicycle
0.07125362427115782,9.586393978151742,1.2104166666666665,0.0,0.0,-0.822273276333598,0.44414171924547236,1.4440154195133655e-45,0.0,0.0,0.0,0.002652848419149101,unicycle
0.07729909257642312,9.579885722434486,1.2104166666666665,0.0,0.0,-0.8222187824974408,0.44414265594142893,1.1847319634756707e-45,0.0,0.0,0.0,0.002724691807870633,unicycle
0.08334493903144037,9.573377780223923,1.2104166666666665,0.0,0.0,-0.8221628556481099,0.44414403968264543,9.714659552714934e-46,0.0,0.0,0.0,0.0027963424665511166,unicycle
0.08939117899854665,9.566870153665823,1.2104166666666665,0.0,0.0,-0.8221054997014118,0.44414586900348013,7.961399681816305e-46,0.0,0.0,0.0,0.0028677973348972493,unicycle
0.09543782779291961,9.560362844907669,1.2104166666666665,0.0,0.0,-0.8220467186341095,0.44414814234432376,6.520792885880627e-46,0.0,0.0,0.0,0.0029390533651082757,unicycle
0.10148490068096092,9.553855856099693,1.2104166666666665,0.0,0.0,-0.8219865164836687,0.44415085805456933,5.337708977260515e-46,0.0,0.0,0.0,0.0030101075220376997,unicycle
0.10753241287871727,9.547349189395888,1.2104166666666665,0.0,0.0,-0.8219248973480017,0.4441540143952918,4.366634225917891e-46,0.0,0.0,0.0,0.003080956783351785,unicycle
0.11358037955033541,9.540842846954979,1.2104166666666665,0.0,0.0,-0.8218618653852079,0.44415760954166567,3.5700116906170414e-46,0.0,0.0,0.0,0.003151598139685148,unicycle
0.11962881580654804,9.53433683094136,1.2104166666666665,0.0,0.0,-0.8217974248133119,0.44416164158514915,2.9168649441047385e-46,0.0,0.0,0.0,0.0032220285947937096,unicycle
0.1256777367031876,9.527831143526008,1.2104166666666665,0.0,0.0,-0.8217315799099979,0.44416610853545974,2.381657328843218e-46,0.0,0.0,0.0,0.003292245165705203,unicycle
0.13172715723972578,9.52132578688736,1.2104166666666665,0.0,0.0,-0.8216643350123406,0.44417100832236694,1.943346871402929e-46,0.0,0.0,0.0,0.003362244882867438,unicycle
0.13777709235783606,9.51482076321218,1.2104166666666665,0.0,0.0,-0.8215956945165348,0.44417633879732465,1.5846036571896866e-46,0.0,0.0,0.0,0.0034320247902945005,unicycle
0.14382755693997804,9.508316074696403,1.2104166666666665,0.0,0.0,-0.8215256628776206,0.4441820977349631,1.2911620372108523e-46,0.0,0.0,0.0,0.0035015819457110313,unicycle
0.1498785658080014,9.501811723545938,1.2104166666666665,0.0,0.0,-0.8214542446092067,0.4441882828344597,1.0512846851547655e-46,0.0,0.0,0.0,0.0035709134206946907,unicycle
0.1559301337217682,9.495307711977485,1.2104166666666665,0.0,0.0,-0.8213814442831903,0.4441948917208055,8.55319397293368e-47,0.0,0.0,0.0,0.003640016300816914,unicycle
0.16198227613031094,9.488804041410615,1.2104166666666665,0.0,0.0,-0.8213072665343649,0.4442019771788728,6.953327563701637e-47,0.0,0.0,0.0,0.0037088874412726717,unicycle
0.1680350088229983,9.482300712842331,1.2104166666666665,0.0,0.0,-0.8212317160580531,0.44420956640342746,5.648074699454698e-47,0.0,0.0,0.0,0.003777523815591431,unicycle
0.1740883471026744,9.475797727734955,1.2104166666666665,0.0,0.0,-0.8211547976045467,0.4442176259274867,4.583924326354027e-47,0.0,0.0,0.0,0.003845922675316408,unicycle
0.1801423058943631,9.469295087898457,1.2104166666666665,0.0,0.0,-0.8210765159794223,0.4442261302956403,3.7169642480862914e-47,0.0,0.0,0.0,0.003914081256216605,unicycle
0.186196899828717,9.462792795399988,1.2104166666666665,0.0,0.0,-0.8209968760437122,0.4442350602082253,3.011179099384671e-47,0.0,0.0,0.0,0.003981996785507762,unicycle
0.19225214330561308,9.456290852494785,1.2104166666666665,0.0,0.0,-0.8209158827139641,0.44424440106253577,2.437046810818628e-47,0.0,0.0,0.0,0.004049666487406177,unicycle
0.19830805054219386,9.449789261573828,1.2104166666666665,0.0,0.0,-0.820833540962216,0.44425414181000134,1.9703817744477018e-47,0.0,0.0,0.0,0.004117087587412548,unicycle
0.20436463560876905,9.443288025124566,1.2104166666666665,0.0,0.0,-0.8207498558159032,0.44426427406428304,1.591381810944897e-47,0.0,0.0,0.0,0.004184257315627737,unicycle
0.21042191245528222,9.436787145701794,1.2104166666666665,0.0,0.0,-0.8206648323577169,0.4442747914081659,1.283843419831071e-47,0.0,0.0,0.0,0.004251172909329842,unicycle
0.21647989493048092,9.43028662590638,1.2104166666666665,0.0,0.0,-0.8205784757254171,0.444285688857554,1.0345159191131486e-47,0.0,0.0,0.0,0.004317831614986747,unicycle
0.22253859679547525,9.423786468370045,1.2104166666666665,0.0,0.0,-0.8204907911116205,0.4442969624492733,8.325701603892426e-48,0.0,0.0,0.0,0.004384230689836514,unicycle
0.22859803173300858,9.417286675744736,1.2104166666666665,0.0,0.0,-0.8204017837635579,0.4443086089261422,6.691617166848771e-48,0.0,0.0,0.0,0.0044503674031361505,unicycle
0.23465821335347756,9.410787250695513,1.2104166666666665,0.0,0.0,-0.8203114589828148,0.4443206254981996,5.370719298191749e-48,0.0,0.0,0.0,0.004516239037155195,unicycle
0.24071915519850964,9.404288195896047,1.2104166666666665,0.0,0.0,-0.8202198221250553,0.4443330096633318,4.304130943063963e-48,0.0,0.0,0.0,0.0045818428879723086,unicycle
0.24678087074272645,9.397789514026085,1.2104166666666665,0.0,0.0,-0.820126878599733,0.4443457590740295,3.443864475084203e-48,0.0,0.0,0.0,0.004647176266119287,unicycle
0.25284337339417823,9.391291207770331,1.2104166666666665,0.0,0.0,-0.8200326338697909,0.44435887143979363,2.750836156891867e-48,0.0,0.0,0.0,0.004712236497106398,unicycle
0.2589066764938226,9.384793279818359,1.2104166666666665,0.0,0.0,-0.8199370934513537,0.444372344456934,2.1932380323526765e-48,0.0,0.0,0.0,0.004777020921855037,unicycle
0.2649707933143326,9.378295732865249,1.2104166666666665,0.0,0.0,-0.8198402629134125,0.44438617575928235,1.7452036615639005e-48,0.0,0.0,0.0,0.004841526897057663,unicycle
0.27103573705844947,9.371798569612707,1.2104166666666665,0.0,0.0,-0.819742147877503,0.4444003628847476,1.3857152971591183e-48,0.0,0.0,0.0,0.0049057517954804696,unicycle
0.2771015208570426,9.365301792770511,1.2104166666666665,0.0,0.0,-0.8196427540173786,0.44441490325376226,1.0977093406288205e-48,0.0,0.0,0.0,0.004969693006220702,unicycle
0.2831681577669968,9.35880540505812,1.2104166666666665,0.0,0.0,-0.81954208705868,0.44442979415655476,8.673445457598875e-49,0.0,0.0,0.0,0.005033347934927955,unicycle
0.28923566076901447,9.35230940920641,1.2104166666666665,0.0,0.0,-0.8194401527786002,0.4444450327468816,6.834037310410656e-49,0.0,0.0,0.0,0.005096714003996695,unicycle
0.29530404276539735,9.345813807959393,1.2104166666666665,0.0,0.0,-0.8193369570055453,0.4444606160404019,5.368049546672978e-49,0.0,0.0,0.0,0.005159788652735762,unicycle
0.30137331657785055,9.339318604075943,1.2104166666666665,0.0,0.0,-0.819232505618795,0.4444765409163118,4.2020238580797825e-49,0.0,0.0,0.0,0.005222569337519353,unicycle
0.30744349494534057,9.332823800331449,1.2104166666666665,0.0,0.0,-0.8191268045481565,0.4444928041211905,3.276606324917124e-49,0.0,0.0,0.0,0.005285053531923045,unicycle
0.3135145905220258,9.326329399519402,1.2104166666666665,0.0,0.0,-0.8190198597736197,0.44450940227427455,2.5438919098058344e-49,0.0,0.0,0.0,0.005347238726847786,unicycle
0.31958661587527193,9.319835404452876,1.2104166666666665,0.0,0.0,-0.8189116773250069,0.44452633187358004,1.965260724377806e-49,0.0,0.0,0.0,0.005409122430634095,unicycle
0.3256595834837574,9.313341817965936,1.2104166666666665,0.0,0.0,-0.8188022632816233,0.4445435893024496,1.5096162986338247e-49,0.0,0.0,0.0,0.005470702169168301,unicycle
0.3317335057356711,9.306848642914918,1.2104166666666665,0.0,0.0,-0.8186916237719036,0.4445611708362217,1.1519522596868766e-49,0.0,0.0,0.0,0.005531975485982315,unicycle
0.3378083949270009,9.300355882179643,1.2104166666666665,0.0,0.0,-0.8185797649730566,0.44457907264881036,8.721871228085272e-50,0.0,0.0,0.0,0.00559293994234811,unicycle
0.34388426325991023,9.29386353866452,1.2104166666666665,0.0,0.0,-0.8184666931107092,0.4445972908190536,6.542178204516923e-50,0.0,0.0,0.0,0.005653593117367898,unicycle
0.34996112284119774,9.287371615299564,1.2104166666666665,0.0,0.0,-0.8183524144585479,0.4446158213367407,4.851515631336338e-50,0.0,0.0,0.0,0.005713932608060751,unicycle
0.35603898568083586,9.280880115041342,1.2104166666666665,0.0,0.0,-0.818236935337959,0.4446346601082655,3.546829855014818e-50,0.0,0.0,0.0,0.0057739560294462755,unicycle
0.36211786369058185,9.274389040873817,1.2104166666666665,0.0,0.0,-0.8181202621176663,0.44465380296188134,2.5458956683709445e-50,0.0,0.0,0.0,0.005833661014625829,unicycle
0.3681977686826568,9.267898395809151,1.2104166666666665,0.0,0.0,-0.8180024012133692,0.44467324565255306,1.7832326292676204e-50,0.0,0.0,0.0,0.005893045214861676,unicycle
0.3742787123684869,9.261408182888427,1.2104166666666665,0.0,0.0,-0.8178833590873761,0.4446929838664154,1.2068033951315487e-50,0.0,0.0,0.0,0.0059521062996543885,unicycle
0.38036070635750135,9.254918405182302,1.2104166666666665,0.0,0.0,-0.8177631422482395,0.4447130132248549,7.753471619231839e-51,0.0,0.0,0.0,0.0060108419568187564,unicycle
0.38644376215598303,9.248429065791628,1.2104166666666665,0.0,0.0,-0.8176417572503883,0.44473332928823955,4.5622845142406327e-51,0.0,0.0,0.0,0.006069249892558317,unicycle
0.3925278911659673,9.241940167848016,1.2104166666666665,0.0,0.0,-0.8175192106937575,0.44475392755932375,2.237036971951369e-51,0.0,0.0,0.0,0.0061273278315386905,unicycle
0.3986131046841841,9.235451714514337,1.2104166666666665,0.0,0.0,-0.8173955092234183,0.4447748034863554,5.7526227723381745e-52,0.0,0.0,0.0,0.0061850735169598535,unicycle
0.40469941390104097,9.228963708985207,1.2104166666666665,0.0,0.0,-0.8172706595292057,0.44479595246591525,-5.817493279622422e-52,0.0,0.0,0.0,0.006242484710627337,unicycle
0.41078682989964255,9.222476154487417,1.2104166666666665,0.0,0.0,-0.8171446683453455,0.44481736984551473,-1.3579492830601484e-51,0.0,0.0,0.0,0.006299559193022411,unicycle
0.4168753636548447,9.21598905428034,1.2104166666666665,0.0,0.0,-0.8170175424500778,0.4448390509259795,-1.8497421486983037e-51,0.0,0.0,0.0,0.006356294763371343,unicycle
0.42296502603233954,9.209502411656295,1.2104166666666665,0.0,0.0,-0.8168892886652835,0.4448609909636424,-2.131755584993435e-51,0.0,0.0,0.0,0.006412689239713692,unicycle
0.42905582778777057,9.20301622994089,1.2104166666666665,0.0,0.0,-0.8167599138561042,0.4448831851723699,-2.2614491089569617e-51,0.0,0.0,0.0,0.006468740458969615,unicycle
0.4351477795658743,9.196530512493334,1.2104166666666665,0.0,0.0,-0.816629424930564,0.44490562872544026,-2.2827885686857317e-51,0.0,0.0,0.0,0.006524446277006204,unicycle
0.4412408918996479,9.190045262706724,1.2104166666666665,0.0,0.0,-0.8164978288391899,0.44492831675729416,-2.2291699259099917e-51,0.0,0.0,0.0,0.006579804568702858,unicycle
0.4473351752095408,9.18356048400831,1.2104166666666665,0.0,0.0,-0.8163651325746297,0.4449512443651735,-2.125740718045403e-51,0.0,0.0,0.0,0.006634813228015609,unicycle
0.4534306405576558,9.177076179056508,1.2104166666666665,0.0,0.0,-0.8162313431840875,0.4449744617284038,-1.9912389769015236e-51,0.0,0.0,0.0,0.006689469527108848,unicycle
0.4595272992984475,9.170592350112518,1.2104166666666665,0.0,0.0,-0.8160964677631677,0.44499799352538844,-1.839446187241581e-51,0.0,0.0,0.0,0.006743771045992293,unicycle
0.4656251622496967,9.164108999921666,1.2104166666666665,0.0,0.0,-0.8159605134415036,0.44502180393629087,-1.680332071815303e-51,0.0,0.0,0.0,0.006797716083195857,unicycle
0.4717242398021245,9.157626131595883,1.2104166666666665,0.0,0.0,-0.8158234873841549,0.44504586517549555,-1.5209537710971412e-51,0.0,0.0,0.0,0.006851302867441148,unicycle
0.4778245420036919,9.15114374852327,1.2104166666666665,0.0,0.0,-0.8156853967925888,0.44507015563975244,-1.3661596768787493e-51,0.0,0.0,0.0,0.006904529578296463,unicycle
0.48392607862399756,9.144661854298862,1.2104166666666665,0.0,0.0,-0.8155462489053432,0.44509465845254437,-1.2191382333156798e-51,0.0,0.0,0.0,0.00695739436228787,unicycle
0.4900288592030836,9.138180452672074,1.2104166666666665,0.0,0.0,-0.8154060509984342,0.445119360323786,-1.0818439919996316e-51,0.0,0.0,0.0,0.007009895345446642,unicycle
0.4961328930880712,9.1316995475071,1.2104166666666665,0.0,0.0,-0.8152648103855727,0.44514425065994223,-9.553267365201652e-52,0.0,0.0,0.0,0.007062030643063989,unicycle
0.502238189460338,9.12521914275342,1.2104166666666665,0.0,0.0,-0.8151225344182277,0.44516932087255146,-8.399842815648462e-52,0.0,0.0,0.0,0.007113798367259214,unicycle
0.5083447573553819,9.118739242424102,1.2104166666666665,0.0,0.0,-0.8149792304855709,0.44519456384354483,-7.357553616922038e-52,0.0,0.0,0.0,0.007165196632837563,unicycle
0.5144526056770582,9.112259850580099,1.2104166666666665,0.0,0.0,-0.8148349060143346,0.4452199735141314,-6.4226566023696145e-52,0.0,0.0,0.0,0.007216223561811813,unicycle
0.5205617432075221,9.10578097131912,1.2104166666666665,0.0,0.0,-0.814689568468597,0.4452455445707622,-5.589373307677255e-52,0.0,0.0,0.0,0.00726687728688119,unicycle
0.5266721786139115,9.099302608767983,1.2104166666666665,0.0,0.0,-0.8145432253495148,0.44527127220710155,-4.8507020339482154e-52,0.0,0.0,0.0,0.007317155954097954,unicycle
0.532783920452584,9.092824767077563,1.2104166666666665,0.0,0.0,-0.8143958841950169,0.44529715194527925,-4.199011416482416e-52,0.0,0.0,0.0,0.0073670577249022135,unicycle
0.5388969771715384,9.086347450419675,1.2104166666666665,0.0,0.0,-0.8142475525794635,0.4453231795031795,-3.626466380609799e-52,0.0,0.0,0.0,0.007416580777666419,unicycle
0.5450113571115054,9.079870662985387,1.2104166666666665,0.0,0.0,-0.8140982381132862,0.4453493506973038,-3.1253263957245384e-52,0.0,0.0,0.0,0.007465723308860146,unicycle
0.5511270685060833,9.073394408984328,1.2104166666666665,0.0,0.0,-0.8139479484426076,0.44537566137296836,-2.6881472208595745e-52,0.0,0.0,0.0,0.007514483533921768,unicycle
0.5572441194812054,9.066918692644716,1.2104166666666665,0.0,0.0,-0.8137966912488495,0.4454021073553675,-2.307910422915994e-52,0.0,0.0,0.0,0.007562859687904516,unicycle
0.5633625180541529,9.060443518213884,1.2104166666666665,0.0,0.0,-0.8136444742483305,0.44542868441644096,-1.978099481561304e-52,0.0,0.0,0.0,0.007610850025949617,unicycle
0.569482272132278,9.05396888995909,1.2104166666666665,0.0,0.0,-0.813491305191858,0.4454553882536016,-1.692736982387439e-52,0.0,0.0,0.0,0.007658452823627517,unicycle
0.575603389511558,9.047494812168532,1.2104166666666665,0.0,0.0,-0.8133371918643145,0.4454822144772631,-1.4463940084307004e-52,0.0,0.0,0.0,0.007705666377179021,unicycle
0.5817258778750666,9.041021289152432,1.2104166666666665,0.0,0.0,-0.8131821420842409,0.44550915860480567,-1.2341801817416951e-52,0.0,0.0,0.0,0.007752489003681031,unicycle
0.5878497447914286,9.034548325244156,1.2104166666666665,0.0,0.0,-0.8130261637034177,0.44553621605916693,-1.0517207305816296e-52,0.0,0.0,0.0,0.007798919041155955,unicycle
0.5939749977133004,9.028075924801296,1.2104166666666665,0.0,0.0,-0.8128692646064449,0.4455633821706768,-8.9512534318655e-53,0.0,0.0,0.0,0.007844954848639486,unicycle
0.600101643975908,9.021604092206697,1.2104166666666665,0.0,0.0,-0.8127114527103206,0.44559065218109034,-7.6095231921098705e-53,0.0,0.0,0.0,0.007890594806217986,unicycle
0.6062296907956611,9.015132831869412,1.2104166666666665,0.0,0.0,-0.8125527359640198,0.4456180212490377,-6.461705677217399e-53,0.0,0.0,0.0,0.007935837315044107,unicycle
0.6123591452688553,9.008662148225554,1.2104166666666665,0.0,0.0,-0.812393122348073,0.44564548445631125,-5.481212644003851e-53,0.0,0.0,0.0,0.007980680797337193,unicycle
0.6184900143704679,9.00219204573906,1.2104166666666665,0.0,0.0,-0.8122326198741456,0.44567303681456727,-4.644804214466963e-53,0.0,0.0,0.0,0.008025123696373333,unicycle
0.6246223049530503,8.995722528902355,1.2104166666666665,0.0,0.0,-0.8120712365846162,0.445700673272141,-3.932232026635049e-53,0.0,0.0,0.0,0.008069164476468757,unicycle
0.630756023745713,8.989253602236916,1.2104166666666665,0.0,0.0,-0.811908980552157,0.445728388720764,-3.325905025404751e-53,0.0,0.0,0.0,0.008112801622959298,unicycle
0.6368911773532027,8.982785270293745,1.2104166666666665,0.0,0.0,-0.8117458598793134,0.44575617800204126,-2.8105807750012866e-53,0.0,0.0,0.0,0.008156033642177853,unicycle
0.6430277722550652,8.976317537653745,1.2104166666666665,0.0,0.0,-0.8115818826980846,0.4457840359136002,-2.373083506477012e-53,0.0,0.0,0.0,0.008198859061431252,unicycle
0.6491658148048908,8.96985040892804,1.2104166666666665,0.0,0.0,-0.8114170571695052,0.445811957214857,-2.0020489331525494e-53,0.0,0.0,0.0,0.008241276428977536,unicycle
0.6553053112296344,8.963383888758177,1.2104166666666665,0.0,0.0,-0.8112513914832252,0.44583993663237736,-1.6876950562080394e-53,0.0,0.0,0.0,0.008283284314004253,unicycle
0.6614462676290067,8.95691798181629,1.2104166666666665,0.0,0.0,-0.811084893857093,0.44586796886482727,-1.4216176498311794e-53,0.0,0.0,0.0,0.008324881306608165,unicycle
0.6675886899749298,8.950452692805182,1.2104166666666665,0.0,0.0,-0.8109175725367377,0.4458960485875216,-1.196608789067339e-53,0.0,0.0,0.0,0.008366066017776608,unicycle
0.6737325841110525,8.943988026458364,1.2104166666666665,0.0,0.0,-0.8107494357951505,0.4459241704565895,-1.0064966086763072e-53,0.0,0.0,0.0,0.008406837079370583,unicycle
0.6798779557523211,8.937523987540015,1.2104166666666665,0.0,0.0,-0.8105804919322682,0.44595232911278054,-8.46004415546677e-54,0.0,0.0,0.0,0.008447193144109563,unicycle
0.6860248104845991,8.931060580844917,1.2104166666666665,0.0,0.0,-0.8104107492745574,0.44598051918493714,-7.106272882542178e-54,0.0,0.0,0.0,0.008487132885557944,unicycle
0.6921731537643339,8.92459781119833,1.2104166666666665,0.0,0.0,-0.8102402161745951,0.4460087352931633,-5.96524360725519e-54,0.0,0.0,0.0,0.008526654998112988,unicycle
0.6983229909182658,8.918135683455837,1.2104166666666665,0.0,0.0,-0.8100689010106552,0.44603697205171716,-5.0042508434789146e-54,0.0,0.0,0.0,0.008565758196994167,unicycle
0.7044743271431754,8.911674202503134,1.2104166666666665,0.0,0.0,-0.8098968121862906,0.44606522407165483,-4.1954788065847476e-54,0.0,0.0,0.0,0.008604441218233703,unicycle
0.7106271675056678,8.905213373255814,1.2104166666666665,0.0,0.0,-0.8097239581299175,0.4460934859632522,-3.515297250162155e-54,0.0,0.0,0.0,0.008642702818668118,unicycle
0.7167815169419891,8.89875320065909,1.2104166666666665,0.0,0.0,-0.8095503472943986,0.446121752338229,-2.94365333283205e-54,0.0,0.0,0.0,0.008680541775930677,unicycle
0.7229373802578744,8.89229368968752,1.2104166666666665,0.0,0.0,-0.8093759881566296,0.44615001781179764,-2.4635475352836522e-54,0.0,0.0,0.0,0.008717956888444504,unicycle
0.7290947621284246,8.885834845344677,1.2104166666666665,0.0,0.0,-0.8092008892171212,0.44617827700455776,-2.060582897440225e-54,0.0,0.0,0.0,0.00875494697541624,unicycle
0.7352536670980098,8.879376672662813,1.2104166666666665,0.0,0.0,-0.8090250589995844,0.4462065245442544,-1.7225780237099557e-54,0.0,0.0,0.0,0.008791510876830076,unicycle
0.7414141003388354,8.872919175907152,1.2104166666666665,0.0,0.0,-0.8088485060694394,0.4462348100242073,-1.4392353979094364e-54,0.0,0.0,0.0,0.008827646507252464,unicycle
0.7475760673007444,8.866462358943354,1.2104166666666665,0.0,0.0,-0.8086712390247648,0.4462631576554244,-1.2018575524753681e-54,0.0,0.0,0.0,0.00886335223373352,unicycle
0.7537395728788797,8.860006226109556,1.2104166666666665,0.0,0.0,-0.8084932664751789,0.4462915313717022,-1.003104547473127e-54,0.0,0.0,0.0,0.008898627479294575,unicycle
0.7599046215245177,8.853550782099385,1.2104166666666665,0.0,0.0,-0.8083145970441248,0.4463199031623298,-8.367870353726434e-55,0.0,0.0,0.0,0.008933471552712636,unicycle
0.7660712173304801,8.847096031871752,1.2104166666666665,0.0,0.0,-0.8081352393705321,0.44634825122561,-6.976899214652796e-55,0.0,0.0,0.0,0.00896788367963312,unicycle
0.7722393640965585,8.84064198058172,1.2104166666666665,0.0,0.0,-0.8079552021099938,0.4463765585174377,-5.814222823844069e-55,0.0,0.0,0.0,0.009001863026913536,unicycle
0.7784090653792783,8.834188633527823,1.2104166666666665,0.0,0.0,-0.8077744939355613,0.4464048116142843,-4.8428978249554255e-55,0.0,0.0,0.0,0.009035408721623752,unicycle
0.7845803245294396,8.827735996112281,1.2104166666666665,0.0,0.0,-0.8075931235382445,0.4464329998258649,-4.0318633632515375e-55,0.0,0.0,0.0,0.00906851986583374,unicycle
0.7907531447201568,8.821284073811201,1.2104166666666665,0.0,0.0,-0.8074110996272829,0.4464611145056273,-3.355022111407619e-55,0.0,0.0,0.0,0.00910119554808531,unicycle
0.7969275289675503,8.81483287215249,1.2104166666666665,0.0,0.0,-0.8072284309302376,0.44648914851757426,-2.7904615356367883e-55,0.0,0.0,0.0,0.009133434852257843,unicycle
0.8031034801457875,8.80838239669972,1.2104166666666665,0.0,0.0,-0.8070451261929498,0.44651709582628446,-2.319794636800035e-55,0.0,0.0,0.0,0.009165236864389834,unicycle
0.8092810009978063,8.801932653040543,1.2104166666666665,0.0,0.0,-0.806861194179392,0.44654495118372367,-1.9276023512475852e-55,0.0,0.0,0.0,0.009196600677900308,unicycle
0.815460094142765,8.795483646778523,1.2104166666666665,0.0,0.0,-0.8066766436714407,0.44657270989183356,-1.6009623522848569e-55,0.0,0.0,0.0,0.009227525397560775,unicycle
0.8216407620810338,8.789035383527558,1.2104166666666665,0.0,0.0,-0.8064914834685908,0.44660036762422156,-1.3290512026630043e-55,0.0,0.0,0.0,0.0092580101424941,unicycle
0.8278230071973603,8.78258786890822,1.2104166666666665,0.0,0.0,-0.8063057223876224,0.4466279202937449,-1.1028087141777516e-55,0.0,0.0,0.0,0.009288054048417947,unicycle
0.8340068317626992,8.776141108545502,1.2104166666666665,0.0,0.0,-0.8061193692622364,0.4466553639555561,-9.146550107718023e-56,0.0,0.0,0.0,0.009317656269303882,unicycle
0.8401922379350795,8.769695108067578,1.2104166666666665,0.0,0.0,-0.8059324329426647,0.4466826947373963,-7.582522007835847e-56,0.0,0.0,0.0,0.009346815978586394,unicycle
0.8463792277598002,8.763249873105247,1.2104166666666665,0.0,0.0,-0.805744922295264,0.446709908790683,-6.28303772609237e-56,0.0,0.0,0.0,0.009375532370026866,unicycle
0.8525678031691686,8.756805409291895,1.2104166666666665,0.0,0.0,-0.8055568462020977,0.44673700225734914,-5.203858629234358e-56,0.0,0.0,0.0,0.009403804658314592,unicycle
0.8587579659819456,8.750361722263737,1.2104166666666665,0.0,0.0,-0.8053682135605083,0.4467639712484981,-4.308054313685341e-56,0.0,0.0,0.0,0.009431632079468805,unicycle
0.86494971790262,8.743918817660251,1.2104166666666665,0.0,0.0,-0.8051790332826865,0.4467908118318253,-3.564811309671078e-56,0.0,0.0,0.0,0.0094590138910913,unicycle
0.8711430605205992,8.737476701124711,1.2104166666666665,0.0,0.0,-0.8049893142952363,0.44681752002545033,-2.948433075058529e-56,0.0,0.0,0.0,0.009485949372508082,unicycle
0.8773379953093808,8.731035378304734,1.2104166666666665,0.0,0.0,-0.8047990655387397,0.44684409179635304,-2.4375010949935317e-56,0.0,0.0,0.0,0.009512437824829644,unicycle
0.8835345236257499,8.7245948548528,1.2104166666666665,0.0,0.0,-0.8046082959673205,0.44687052306203534,-2.0141715671266432e-56,0.0,0.0,0.0,0.009538478570952521,unicycle
0.8897326467090317,8.71815513642674,1.2104166666666665,0.0,0.0,-0.8044170145482101,0.44689680969436735,-1.6635861141056577e-56,0.0,0.0,0.0,0.009564070955519411,unicycle
0.8959323656804195,8.711716228690126,1.2104166666666665,0.0,0.0,-0.804225230261313,0.44692294752483863,-1.3733783270668044e-56,0.0,0.0,0.0,0.009589214344850956,unicycle
0.9021336815423893,8.705278137312579,1.2104166666666665,0.0,0.0,-0.8040329520987759,0.44694893235063593,-1.1332607939575574e-56,0.0,0.0,0.0,0.009613908126858948,unicycle
0.9083365951782083,8.698840867970002,1.2104166666666665,0.0,0.0,-0.8038401890645569,0.4469747599411277,-9.346796802585938e-57,0.0,0.0,0.0,0.009638151710948308,unicycle
0.9145411073515352,8.692404426344702,1.2104166666666665,0.0,0.0,-0.8036469501739986,0.4470004260444532,-7.705259719327427e-57,0.0,0.0,0.0,0.009661944527913125,unicycle
0.9207472187061153,8.685968818125428,1.2104166666666665,0.0,0.0,-0.803453244453402,0.4470259263940078,-6.348942168312523e-57,0.0,0.0,0.0,0.009685286029830638,unicycle
0.9269549297655643,8.679534049007323,1.2104166666666665,0.0,0.0,-0.8032590809396029,0.4470512567146813,-5.228810589238855e-57,0.0,0.0,0.0,0.009708175689955814,unicycle
0.9331642409332361,8.673100124691787,1.2104166666666665,0.0,0.0,-0.8030644686795504,0.44707641272876164,-4.304170902533985e-57,0.0,0.0,0.0,0.009730613002618387,unicycle
0.9393751524921726,8.666667050886266,1.2104166666666665,0.0,0.0,-0.802869416729888,0.44710139016145073,-3.541265831437348e-57,0.0,0.0,0.0,0.009752597483123546,unicycle
0.9455876646051247,8.660234833303972,1.2104166666666665,0.0,0.0,-0.8026739341565349,0.4471261847459689,-2.912105394812188e-57,0.0,0.0,0.0,0.009774128667656989,unicycle
0.951801777314643,8.653803477663537,1.2104166666666665,0.0,0.0,-0.8024780300342711,0.4471507922282429,-2.393492300026106e-57,0.0,0.0,0.0,0.009795206113194694,unicycle
0.9580174905432312,8.647372989688602,1.2104166666666665,0.0,0.0,-0.8022817134463228,0.4471752083711878,-1.9662101585415518e-57,0.0,0.0,0.0,0.009815829397417515,unicycle
0.9642348040935563,8.640943375107359,1.2104166666666665,0.0,0.0,-0.8020849934839502,0.44719942895859904,-1.6143476539569033e-57,0.0,0.0,0.0,0.009835998118630517,unicycle
0.9704537176487124,8.634514639652046,1.2104166666666665,0.0,0.0,-0.8018878792460367,0.4472234497986793,-1.3247361672089816e-57,0.0,0.0,0.0,0.009855711895686858,unicycle
0.9766742307725295,8.628086789058392,1.2104166666666665,0.0,0.0,-0.8016903798386783,0.4472472667272274,-1.0864820370490334e-57,0.0,0.0,0.0,0.00987497036791599,unicycle
0.9828963429099288,8.62165982906503,1.2104166666666665,0.0,0.0,-0.8014925043747771,0.4472708756105174,-8.90577716264559e-58,0.0,0.0,0.0,0.009893773195055772,unicycle
0.9891200533873155,8.615233765412867,1.2104166666666665,0.0,0.0,-0.8012942619736334,0.44729427234789537,-7.295786689221777e-58,0.0,0.0,0.0,0.009912120057188216,unicycle
0.9953453614130084,8.608808603844432,1.2104166666666665,0.0,0.0,-0.8010956617605398,0.4473174528741227,-5.9733502014926525e-58,0.0,0.0,0.0,0.009930010654678481,unicycle
1.0015722660777027,8.602384350103197,1.2104166666666665,0.0,0.0,-0.8008967128663776,0.4473404131614916,-4.8876878435346154e-58,0.0,0.0,0.0,0.009947444708116794,unicycle
1.0078007663549615,8.595961009932859,1.2104166666666665,0.0,0.0,-0.8006974244272125,0.44736314922173687,-3.996890165689512e-58,0.0,0.0,0.0,0.009964421958262953,unicycle
1.014030861101737,8.589538589076623,1.2104166666666665,0.0,0.0,-0.8004978055838925,0.4473856571077674,-3.2663850225014394e-58,0.0,0.0,0.0,0.009980942165993068,unicycle
1.0202625490589157,8.583117093276437,1.2104166666666665,0.0,0.0,-0.8002978654816476,0.4474079329152371,-2.667666632615947e-58,0.0,0.0,0.0,0.009997005112248308,unicycle
1.026495828851887,8.576696528272238,1.2104166666666665,0.0,0.0,-0.8000976132696881,0.44742997278397467,-2.1772424566782707e-58,0.0,0.0,0.0,0.010012610597985305,unicycle
1.0327306989911351,8.57027689980117,1.2104166666666665,0.0,0.0,-0.7998970581008055,0.4474517728992878,-1.7757609649479383e-58,0.0,0.0,0.0,0.010027758444128062,unicycle
1.0389671586367164,8.56385821281044,1.2104166666666665,0.0,0.0,-0.799696209153954,0.4474733843068367,-1.4472895569181598e-58,0.0,0.0,0.0,0.010042447342568605,unicycle
1.0452052072463747,8.557440471820223,1.2104166666666665,0.0,0.0,-0.7994950756232958,0.4474948327746693,-1.1787170603986817e-58,0.0,0.0,0.0,0.010056676532919747,unicycle
1.05144484373813,8.551023681785383,1.2104166666666665,0.0,0.0,-0.7992936666926247,0.44751608398825093,-9.59259544930051e-59,0.0,0.0,0.0,0.010070446533555242,unicycle
1.0576860666025178,8.544607847979377,1.2104166666666665,0.0,0.0,-0.7990919915382947,0.44753711170354527,-7.800517746767088e-59,0.0,0.0,0.0,0.0100837577164989,unicycle
1.0639288739892345,8.538192975904668,1.2104166666666665,0.0,0.0,-0.7988900593313822,0.4475578959050478,-6.338096169971077e-59,0.0,0.0,0.0,0.010096610345628164,unicycle
1.0701732637736596,8.531779071223955,1.2104166666666665,0.0,0.0,-0.7986878792392498,0.447578421357842,-5.145512134964558e-59,0.0,0.0,0.0,0.01010900460661909,unicycle
1.0764192336076102,8.525366139707714,1.2104166666666665,0.0,0.0,-0.7984854604266428,0.4475986764732313,-4.173667932518147e-59,0.0,0.0,0.0,0.010120940630349694,unicycle
1.0826667809577828,8.518954187194476,1.2104166666666665,0.0,0.0,-0.7982828120564202,0.4476186524233901,-3.3822873228778615e-59,0.0,0.0,0.0,0.010132418511130087,unicycle
1.0889159031346298,8.512543219560985,1.2104166666666665,0.0,0.0,-0.7980799432900034,0.4476383424533054,-2.7383489717715414e-59,0.0,0.0,0.0,0.01014343832084904,unicycle
1.0951665973138318,8.5061332427,1.2104166666666665,0.0,0.0,-0.7978768632876053,0.4476577413486308,-2.214795022491748e-59,0.0,0.0,0.0,0.01015400011990356,unicycle
1.101418860552075,8.499724262503996,1.2104166666666665,0.0,0.0,-0.7976735812082932,0.4476768450264039,-1.7894669975082343e-59,0.0,0.0,0.0,0.01016410396559983,unicycle
1.1076726897984772,8.49331628485333,1.2104166666666665,0.0,0.0,-0.7974701062099218,0.4476956502222886,-1.4442294419465458e-59,0.0,0.0,0.0,0.010173749918571683,unicycle
1.1139280819027157,8.486909315607843,1.2104166666666665,0.0,0.0,-0.7972664474489687,0.44771415425338545,-1.164248542272582e-59,0.0,0.0,0.0,0.010182938047649135,unicycle
1.1201850336206693,8.480503360600993,1.2104166666666665,0.0,0.0,-0.7970626140802983,0.4477323548399794,-9.3739861177226e-60,0.0,0.0,0.0,0.01019166843351907,unicycle
1.1264435416182204,8.474098425635916,1.2104166666666665,0.0,0.0,-0.7968586152568693,0.4477502499730514,-7.537740259500985e-60,0.0,0.0,0.0,0.010199941171448113,unicycle
1.1327036024737034,8.467694516482869,1.2104166666666665,0.0,0.0,-0.7966544601294037,0.44776783781715235,-6.0528807915877e-60,0.0,0.0,0.0,0.010207756373280412,unicycle
1.1389652126793828,8.46129163887768,1.2104166666666665,0.0,0.0,-0.7964501578460264,0.44778511664044485,-4.853434546877505e-60,0.0,0.0,0.0,0.010215114168877527,unicycle
1.1452283686422438,8.454889798520906,1.2104166666666665,0.0,0.0,-0.7962457175518837,0.4478020847654803,-3.885616674679145e-60,0.0,0.0,0.0,0.010222014707131478,unicycle
1.1514930666843204,8.448489001077473,1.2104166666666665,0.0,0.0,-0.7960411483887505,0.44781874053567916,-3.105610457565384e-60,0.0,0.0,0.0,0.010228458156653424,unicycle
1.1577593030427205,8.44208925217664,1.2104166666666665,0.0,0.0,-0.7958364594946262,0.44783508229359226,-2.4777464405658504e-60,0.0,0.0,0.0,0.01023444470621782,unicycle
1.1640270738694747,8.435690557412126,1.2104166666666665,0.0,0.0,-0.7956316600033259,0.4478511083679004,-1.9730098927329514e-60,0.0,0.0,0.0,0.010239974565024026,unicycle
1.1702963752312936,8.429292922342366,1.2104166666666665,0.0,0.0,-0.7954267590440692,0.44786681706680365,-1.5678180987816505e-60,0.0,0.0,0.0,0.010245047962823222,unicycle
1.1765672031092997,8.42289635249078,1.2104166666666665,0.0,0.0,-0.7952217657410702,0.44788220667599876,-1.243019286156882e-60,0.0,0.0,0.0,0.01024966514994756,unicycle
1.1828395533987792,8.416500853346022,1.2104166666666665,0.0,0.0,-0.7950166892131247,0.44789727545987035,-9.830735039214624e-61,0.0,0.0,0.0,0.010253826397269648,unicycle
1.1891134219089834,8.410106430362204,1.2104166666666665,0.0,0.0,-0.7948115385732024,0.447912021664857,-7.753827941189365e-61,0.0,0.0,0.0,0.010257531996113815,unicycle
1.1953888043630003,8.403713088959034,1.2104166666666665,0.0,0.0,-0.7946063229280398,0.447926443524215,-6.0974379072122776e-61,0.0,0.0,0.0,0.010260782258135252,unicycle
1.2016656963977068,8.397320834521896,1.2104166666666665,0.0,0.0,-0.7944010513777362,0.4479405392636036,-4.779006589481746e-61,0.0,0.0,0.0,0.010263577515179065,unicycle
1.2079440935638082,8.390929672401825,1.2104166666666665,0.0,0.0,-0.7941957330153536,0.44795430710707257,-3.73180225162487e-61,0.0,0.0,0.0,0.010265918119128076,unicycle
1.2142239913259638,8.38453960791542,1.2104166666666665,0.0,0.0,-0.7939903769265187,0.4479677452831515,-2.9019439089652554e-61,0.0,0.0,0.0,0.010267804441745798,unicycle
1.2205053850630043,8.378150646344663,1.2104166666666665,0.0,0.0,-0.7937849921890284,0.44798085203083104,-2.2459759488569643e-61,0.0,0.0,0.0,0.010269236874519147,unicycle
1.2267882700682267,8.371762792936664,1.2104166666666665,0.0,0.0,-0.7935795878724582,0.44799362560529643,-1.728892844147864e-61,0.0,0.0,0.0,0.010270215828504035,unicycle
1.2330726415497728,8.365376052903322,1.2104166666666665,0.0,0.0,-0.7933741730377746,0.44800606428332296,-1.322531646587871e-61,0.0,0.0,0.0,0.0102707417341759,unicycle
1.2393584946310787,8.358990431420937,1.2104166666666665,0.0,0.0,-0.793168756736949,0.4480181663682823,-1.0042648049484942e-61,0.0,0.0,0.0,0.010270815041286479,unicycle
1.2456458243513933,8.352605933629736,1.2104166666666665,0.0,0.0,-0.7929633480125744,0.44802993019473525,-7.559380606000857e-62,0.0,0.0,0.0,0.010270436218727523,unicycle
1.2519346256663573,8.346222564633367,1.2104166666666665,0.0,0.0,-0.7927579558974863,0.4480413541326069,-5.630081986395697e-62,0.0,0.0,0.0,0.010269605754401718,unicycle
1.2582248934486395,8.339840329498323,1.2104166666666665,0.0,0.0,-0.7925525894143846,0.4480524365909523,-4.138436611815286e-62,0.0,0.0,0.0,0.01026832415510083,unicycle
1.2645166224886248,8.333459233253334,1.2104166666666665,0.0,0.0,-0.7923472575754567,0.44806317602133217,-2.991577794697305e-62,0.0,0.0,0.0,0.010266591946390815,unicycle
1.2708098074951446,8.327079280888718,1.2104166666666665,0.0,0.0,-0.7921419693820065,0.4480735709208208,-2.1154991559746326e-62,0.0,0.0,0.0,0.010264409672503527,unicycle
1.277104443096252,8.320700477355686,1.2104166666666665,0.0,0.0,-0.7919367338240818,0.4480836198346743,-1.45134339291111e-62,0.0,0.0,0.0,0.010261777896234621,unicycle
1.2834005238400306,8.314322827565631,1.2104166666666665,0.0,0.0,-0.7917315598801047,0.4480933213586871,-9.524037875777978e-63,0.0,0.0,0.0,0.010258697198847103,unicycle
1.2896980441954382,8.307946336389389,1.2104166666666665,0.0,0.0,-0.7915264565165051,0.44810267414126426,-5.817042390311029e-63,0.0,0.0,0.0,0.010255168179980071,unicycle
1.295996998553178,8.30157100865647,1.2104166666666665,0.0,0.0,-0.7913214326873539,0.4481116768852385,-3.100484619358948e-63,0.0,0.0,0.0,0.010251191457562144,unicycle
1.3022973812265963,8.295196849154278,1.2104166666666665,0.0,0.0,-0.7911164973339994,0.44812032834945764,-1.1444931541440834e-63,0.0,0.0,0.0,0.010246767667729032,unicycle
1.3085991864526016,8.288823862627309,1.2104166666666665,0.0,0.0,-0.7909116593847045,0.44812862735016634,2.3134173715570027e-64,0.0,0.0,0.0,0.01024189746474486,unicycle
1.3149024083926073,8.28245205377634,1.2104166666666665,0.0,0.0,-0.790706927754286,0.4481365727622057,1.1681097711572664e-63,0.0,0.0,0.0,0.010236581520926767,unicycle
1.3212070411334893,8.27608142725761,1.2104166666666665,0.0,0.0,-0.7905023113437546,0.44814416352005076,1.7757124835213382e-63,0.0,0.0,0.0,0.010230820526572388,unicycle
1.3275130786885623,8.26971198768198,1.2104166666666665,0.0,0.0,-0.7902978190399568,0.4481513986187046,2.1393733806745666e-63,0.0,0.0,0.0,0.010224615189889883,unicycle
1.3338205157690228,8.263343738836056,1.2104166666666665,0.0,0.0,-0.7900934597398158,0.44815833186266635,2.3248411259497963e-63,0.0,0.0,0.0,0.010217965007053288,unicycle
1.3401293474294127,8.256976684041197,1.2104166666666665,0.0,0.0,-0.7898892423386206,0.44816499182518854,2.3825407027681772e-63,0.0,0.0,0.0,0.010210870059760135,unicycle
1.3464395682233576,8.250610827006083,1.2104166666666665,0.0,0.0,-0.7896851757026918,0.4481713470835157,2.3508788754951358e-63,0.0,0.0,0.0,0.010203331796439674,unicycle
1.3527511723171128,8.244246171711824,1.2104166666666665,0.0,0.0,-0.7894812686726183,0.44817737428790505,2.258870749791252e-63,0.0,0.0,0.0,0.01019535150367173,unicycle
1.359064153577293,8.23788272232331,1.2104166666666665,0.0,0.0,-0.78927753006567,0.4481830563216214,2.1282221409521996e-63,0.0,0.0,0.0,0.010186930347411957,unicycle
1.3653785056383005,8.23152048312116,1.2104166666666665,0.0,0.0,-0.7890739686775632,0.44818838085445545,1.9749764181350225e-63,0.0,0.0,0.0,0.010178069405348107,unicycle
1.371694221953845,8.22515945844983,1.2104166666666665,0.0,0.0,-0.7888705932837189,0.44819333920940785,1.8108133819524836e-63,0.0,0.0,0.0,0.010168769692214148,unicycle
1.3780112958360384,8.2187996526783,1.2104166666666665,0.0,0.0,-0.7886674126401282,0.44819792547805837,1.6440706353145006e-63,0.0,0.0,0.0,0.010159032179523233,unicycle
1.3843297204848353,8.212441070170565,1.2104166666666665,0.0,0.0,-0.7884644354839105,0.44820213583295515,1.4805440733996045e-63,0.0,0.0,0.0,0.010148857810886428,unicycle
1.3906494890099987,8.2060837152637,1.2104166666666665,0.0,0.0,-0.7882616705336337,0.4482059679956959,1.324112936787529e-63,0.0,0.0,0.0,0.010138247513848092,unicycle
1.3969705944473176,8.19972759225175,1.2104166666666665,0.0,0.0,-0.7880591264894539,0.4482094208276975,1.1772258433753592e-63,0.0,0.0,0.0,0.01012720220897945,unicycle
1.4032930297704258,8.193372705374053,1.2104166666666665,0.0,0.0,-0.7878568120331176,0.4482124940173497,1.0412769332870285e-63,0.0,0.0,0.0,0.010115722816819958,unicycle
1.4096167878992854,8.187019058806975,1.2104166666666665,0.0,0.0,-0.787654735827855,0.448215187842626,9.168953955521603e-64,0.0,0.0,0.0,0.01010381026313471,unicycle
1.4159418617061585,8.180666656658152,1.2104166666666665,0.0,0.0,-0.7874529065181978,0.44821750299254337,8.041669264928045e-64,0.0,0.0,0.0,0.01009146548285883,unicycle
1.4222682440197156,8.17431550296265,1.2104166666666665,0.0,0.0,-0.7872513327297372,0.448219440434318,7.028018784628573e-64,0.0,0.0,0.0,0.010078689423022216,unicycle
1.4285959276277664,8.167965601680486,1.2104166666666665,0.0,0.0,-0.7870500230688395,0.44822100131582926,6.12261815853077e-64,0.0,0.0,0.0,0.010065483044886121,unicycle
1.4349249052790074,8.161616956695175,1.2104166666666665,0.0,0.0,-0.7868489861223301,0.4482221868952116,5.318537586150217e-64,0.0,0.0,0.0,0.010051847325473671,unicycle
1.441255169684067,8.155269571812982,1.2104166666666665,0.0,0.0,-0.7866482304571575,0.4482229984911502,4.607994447728503e-64,0.0,0.0,0.0,0.010037783258637228,unicycle
1.4475867135160754,8.148923450762636,1.2104166666666665,0.0,0.0,-0.7864477646200421,0.4482234374488562,3.9828538750979674e-64,0.0,0.0,0.0,0.010023291855774417,unicycle
1.4539195294109217,8.142578597195397,1.2104166666666665,0.0,0.0,-0.7862475971371162,0.44822350511780595,3.434982625465254e-64,0.0,0.0,0.0,0.010008374146279909,unicycle
1.4602536099673236,8.136235014685289,1.2104166666666665,0.0,0.0,-0.7860477365135602,0.44822320283820666,2.9564917548407646e-64,0.0,0.0,0.0,0.009993031177800569,unicycle
1.4665889477467948,8.129892706729455,1.2104166666666665,0.0,0.0,-0.7858481912332334,0.4482225319338429,2.5398957632096885e-64,0.0,0.0,0.0,0.00997726401634623,unicycle
1.4729255352735842,8.123551676748544,1.2104166666666665,0.0,0.0,-0.7856489697583074,0.4482214937095052,2.1782096892299637e-64,0.0,0.0,0.0,0.009961073746296206,unicycle
1.4792633650346196,8.117211928087087,1.2104166666666665,0.0,0.0,-0.785450080528901,0.4482200894516284,1.8650007413792943e-64,0.0,0.0,0.0,0.009944461470332185,unicycle
1.485602429479498,8.11087346401385,1.2104166666666665,0.0,0.0,-0.7852515319627142,0.4482183204311044,1.5944072018812787e-64,0.0,0.0,0.0,0.009927428309320691,unicycle
1.4919427210205356,8.104536287722116,1.2104166666666665,0.0,0.0,-0.7850533324546711,0.44821618790749035,1.3611343178033395e-64,0.0,0.0,0.0,0.009909975402162607,unicycle
1.4982842320328922,8.098200402329907,1.2104166666666665,0.0,0.0,-0.7848554903765587,0.44821369313403964,1.160434530511961e-64,0.0,0.0,0.0,0.00989210390562264,unicycle
1.5046269548547724,8.091865810880131,1.2104166666666665,0.0,0.0,-0.7846580140766755,0.44821083736313566,9.880775539464969e-65,0.0,0.0,0.0,0.009873814994148251,unicycle
1.510970881787711,8.08553251634065,1.2104166666666665,0.0,0.0,-0.7844609118794819,0.4482076218518281,8.403143848572446e-65,0.0,0.0,0.0,0.009855109859684841,unicycle
1.5173160050969352,8.079200521604278,1.2104166666666665,0.0,0.0,-0.784264192085252,0.44820404786726437,7.138382270716948e-65,0.0,0.0,0.0,0.009835989711491983,unicycle
1.5236623170118013,8.072869829488706,1.2104166666666665,0.0,0.0,-0.7840678629697327,0.44820011669187376,6.057444674571425e-65,0.0,0.0,0.0,0.009816455775964017,unicycle
1.5300098097263062,8.066540442736365,1.2104166666666665,0.0,0.0,-0.7838719327838035,0.44819582962821664,5.134911981605525e-65,0.0,0.0,0.0,0.009796509296457017,unicycle
1.536358475399661,8.060212364014228,1.2104166666666665,0.0,0.0,-0.7836764097531412,0.44819118800344604,4.348612939250208e-65,0.0,0.0,0.0,0.009776151533123488,unicycle
1.5427083061569264,8.053885595913556,1.2104166666666665,0.0,0.0,-0.783481302077886,0.4481861931733582,3.6792668992151143e-65,0.0,0.0,0.0,0.00975538376275533,unicycle
1.5490592940897014,8.047560140949596,1.2104166666666665,0.0,0.0,-0.7832866179323134,0.44818084652602774,3.110152370068512e-65,0.0,0.0,0.0,0.0097342072786353,unicycle
1.5554114312568597,8.041236001561243,1.2104166666666665,0.0,0.0,-0.7830923654645054,0.44817514948503606,2.626803158661809e-65,0.0,0.0,0.0,0.009712623390396826,unicycle
1.5617647096853302,8.034913180110653,1.2104166666666665,0.0,0.0,-0.7828985527960277,0.44816910351231154,2.216732520113963e-65,0.0,0.0,0.0,0.009690633423891853,unicycle
1.5681191213709136,8.02859167888284,1.2104166666666665,0.0,0.0,-0.7827051880216064,0.44816271011060443,1.869184766782588e-65,0.0,0.0,0.0,0.009668238721066164,unicycle
1.5744746582791331,8.022271500085228,1.2104166666666665,0.0,0.0,-0.7825122792088095,0.4481559708256247,1.5749131382457985e-65,0.0,0.0,0.0,0.009645440639841713,unicycle
1.5808313123461117,8.015952645847202,1.2104166666666665,0.0,0.0,-0.7823198343977296,0.44814888724787016,1.3259823253988653e-65,0.0,0.0,0.0,0.009622240554005313,unicycle
1.5871890754794766,8.009635118219618,1.2104166666666665,0.0,0.0,-0.7821278616006675,0.4481414610141731,1.1155938093377278e-65,0.0,0.0,0.0,0.009598639853103089,unicycle
1.593547939559282,8.003318919174319,1.2104166666666665,0.0,0.0,-0.7819363688018206,0.44813369380899426,9.379320712721954e-66,0.0,0.0,0.0,0.00957463994234007,unicycle
1.5999078964389495,7.997004050603619,1.2104166666666665,0.0,0.0,-0.7817453639569711,0.44812558736548885,7.880297162020081e-66,0.0,0.0,0.0,0.009550242242484403,unicycle
1.6062689379462265,7.9906905143197955,1.2104166666666665,0.0,0.0,-0.7815548549931756,0.44811714346637005,6.616496023449265e-66,0.0,0.0,0.0,0.009525448189775604,unicycle
1.6126310558841521,7.98437831205457,1.2104166666666665,0.0,0.0,-0.7813648498084589,0.44810836394459286,5.551821591402411e-66,0.0,0.0,0.0,0.009500259235836368,unicycle
1.6189942420320365,7.978067445458577,1.2104166666666665,0.0,0.0,-0.7811753562715071,0.44809925068387824,4.6555619328785416e-66,0.0,0.0,0.0,0.009474676847587502,unicycle
1.6253584881464453,7.971757916100841,1.2104166666666665,0.0,0.0,-0.780986382221364,0.44808980561909645,3.9016161313039514e-66,0.0,0.0,0.0,0.009448702507165483,unicycle
1.6317237859621931,7.96544972546825,1.2104166666666665,0.0,0.0,-0.780797935467127,0.4480800307365268,3.267826383677952e-66,0.0,0.0,0.0,0.009422337711842388,unicycle
1.6380901279715916,7.959142874193896,1.2104166666666665,0.0,0.0,-0.7806100238114845,0.4480699828535989,2.7354019869093077e-66,0.0,0.0,0.0,0.009395582782118632,unicycle
1.644457507066294,7.952837362413144,1.2104166666666665,0.0,0.0,-0.780422655039362,0.448059693533681,2.288423573757106e-66,0.0,0.0,0.0,0.009368438606126836,unicycle
1.6508259156844811,7.946533190608934,1.2104166666666665,0.0,0.0,-0.7802358368914525,0.44804913429982485,1.9134172153206737e-66,0.0,0.0,0.0,0.009340907395477323,unicycle
1.6571953459255322,7.940230359498287,1.2104166666666665,0.0,0.0,-0.7800495770674293,0.4480382847399498,1.5989891793310367e-66,0.0,0.0,0.0,0.009312991201160702,unicycle
1.6635657896386022,7.93392886994479,1.2104166666666665,0.0,0.0,-0.7798638832283534,0.4480271306654831,1.3355132129837464e-66,0.0,0.0,0.0,0.009284691953797252,unicycle
1.6699372384906828,7.9276287228915185,1.2104166666666665,0.0,0.0,-0.7796787629984482,0.44801566266373655,1.114863202597926e-66,0.0,0.0,0.0,0.009256011495265174,unicycle
1.6763096840185807,7.921329919309955,1.2104166666666665,0.0,0.0,-0.7794942239663789,0.44800387496360805,9.301849507166137e-67,0.0,0.0,0.0,0.009226951603468009,unicycle
1.6826831176683414,7.9150324601614095,1.2104166666666665,0.0,0.0,-0.7793102736861457,0.4479917645500863,7.757016077247948e-67,0.0,0.0,0.0,0.009197514011653588,unicycle
1.6890575308249072,7.908736346368128,1.2104166666666665,0.0,0.0,-0.7791269196776772,0.44797933047586397,6.465480046957348e-67,0.0,0.0,0.0,0.009167700423415874,unicycle
1.6954329148342184,7.90244157879193,1.2104166666666665,0.0,0.0,-0.7789441694271916,0.44796657332870926,5.386297630377001e-67,0.0,0.0,0.0,0.009137512524284724,unicycle
1.7018092610195008,7.896148158218611,1.2104166666666665,0.0,0.0,-0.7787620303873789,0.4479534948215782,4.485036111696268e-67,0.0,0.0,0.0,0.009106951990626274,unicycle
1.7081865606930986,7.889856085346766,1.2104166666666665,0.0,0.0,-0.7785805099774504,0.44794009747914904,3.732758256293435e-67,0.0,0.0,0.0,0.0090760204964301,unicycle
1.714564805164935,7.883565360779973,1.2104166666666665,0.0,0.0,-0.7783996155830816,0.44792638439984533,3.1051614034094585e-67,0.0,0.0,0.0,0.009044719718441445,unicycle
1.7209439857484223,7.8772759850214875,1.2104166666666665,0.0,0.0,-0.7782193545562817,0.4479123590767327,2.581848396054396e-67,0.0,0.0,0.0,0.009013051340002414,unicycle
1.7273240937644851,7.870987958470826,1.2104166666666665,0.0,0.0,-0.7780397342152039,0.44789802526413186,2.145710737267532e-67,0.0,0.0,0.0,0.00898101705389035,unicycle
1.7337051205441842,7.864701281421728,1.2104166666666665,0.0,0.0,-0.7778607618439163,0.4478833868795566,1.782407166061323e-67,0.0,0.0,0.0,0.00894861856438105,unicycle
1.7400870574303362,7.858415954061115,1.2104166666666665,0.0,0.0,-0.7776824446921419,0.44786844793279385,1.4799232723057507e-67,0.0,0.0,0.0,0.00891585758871627,unicycle
1.7464698957784184,7.8521319764687645,1.2104166666666665,0.0,0.0,-0.7775047899749794,0.44785321247570054,1.2281998637368616e-67,0.0,0.0,0.0,0.00888273585811631,unicycle
1.752853626956985,7.845849348617461,1.2104166666666665,0.0,0.0,-0.7773278048726104,0.4478376845676912,1.0188196018737285e-67,0.0,0.0,0.0,0.008849255118447991,unicycle
1.7592382423477586,7.839568070373478,1.2104166666666665,0.0,0.0,-0.7771514965299977,0.4478218682529993,8.44742974165781e-68,0.0,0.0,0.0,0.008815417130633912,unicycle
1.7656237333455247,7.833288141497248,1.2104166666666665,0.0,0.0,-0.7769758720565801,0.4478057675466745,7.000860002933431e-68,0.0,0.0,0.0,0.008781223670869706,unicycle
1.7720100913579164,7.827009561644155,1.2104166666666665,0.0,0.0,-0.7768009385259662,0.44778938642696886,5.79933210505467e-68,0.0,0.0,0.0,0.00874667653070078,unicycle
1.7783973078051603,7.820732330365354,1.2104166666666665,0.0,0.0,-0.7766267029756262,0.4477727288323134,4.801804089958493e-68,0.0,0.0,0.0,0.008711777516998063,unicycle
1.7847853741198212,7.814456447108612,1.2104166666666665,0.0,0.0,-0.776453172406589,0.4477557986615123,3.974025682114266e-68,0.0,0.0,0.0,0.008676528451862895,unicycle
1.7911742817465857,7.808181911219092,1.2104166666666665,0.0,0.0,-0.7762803537831393,0.44773859977611813,3.287429104278694e-68,0.0,0.0,0.0,0.008640931172483853,unicycle
1.7975640221420983,7.801908721940103,1.2104166666666665,0.0,0.0,-0.77610825403252,0.44772113600420926,2.7181983813233423e-68,0.0,0.0,0.0,0.008604987530962532,unicycle
1.8039545867748636,7.795636878413789,1.2104166666666665,0.0,0.0,-0.7759368800446377,0.44770341114499734,2.246488896846698e-68,0.0,0.0,0.0,0.008568699394120947,unicycle
1.8103459671252227,7.789366379681733,1.2104166666666665,0.0,0.0,-0.7757662386717715,0.4476854289738429,1.8557733434284514e-68,0.0,0.0,0.0,0.008532068643299744,unicycle
1.8167381546854013,7.783097224685512,1.2104166666666665,0.0,0.0,-0.7755963367282885,0.4476671932473812,1.5322939223703653e-68,0.0,0.0,0.0,0.008495097174153778,unicycle
1.8231311409596331,7.776829412267163,1.2104166666666665,0.0,0.0,-0.7754271809903593,0.4476487077085473,1.2646037991877499e-68,0.0,0.0,0.0,0.008457786896449639,unicycle
1.8295249174643493,7.770562941169603,1.2104166666666665,0.0,0.0,-0.775258778195682,0.4476299760913618,1.0431834901010804e-68,0.0,0.0,0.0,0.008420139733868195,unicycle
1.8359194757284347,7.764297810036978,1.2104166666666665,0.0,0.0,-0.7750911350432057,0.4476110021253856,8.601201137445114e-69,0.0,0.0,0.0,0.008382157623814113,unicycle
1.8423148072935436,7.7580340174149525,1.2104166666666665,0.0,0.0,-0.7749242581928609,0.44759178953979445,7.088393525005798e-69,0.0,0.0,0.0,0.008343842517233416,unicycle
1.8487109037144656,7.7517715617509655,1.2104166666666665,0.0,0.0,-0.7747581542652922,0.44757234206704694,5.838815817235997e-69,0.0,0.0,0.0,0.008305196378439628,unicycle
1.8551077565595424,7.745510441394429,1.2104166666666665,0.0,0.0,-0.7745928298415932,0.4475526634461432,4.807149874541335e-69,0.0,0.0,0.0,0.008266221184948536,unicycle
1.8615053574111253,7.7392506545968915,1.2104166666666665,0.0,0.0,-0.7744282914630468,0.4475327574254826,3.9557964231982805e-69,0.0,0.0,0.0,0.008226918927321398,unicycle
1.8679036978660681,7.732992199512173,1.2104166666666665,0.0,0.0,-0.7742645456308666,0.4475126277653387,3.253574777868451e-69,0.0,0.0,0.0,0.008187291609016108,unicycle
1.8743027695362515,7.726735074196473,1.2104166666666665,0.0,0.0,-0.7741015988059416,0.4474922782399745,2.674639065478454e-69,0.0,0.0,0.0,0.008147341246245832,unicycle
1.8807025640491348,7.720479276608444,1.2104166666666665,0.0,0.0,-0.7739394574085848,0.4474717126394265,2.1975753522923488e-69,0.0,0.0,0.0,0.00810706986784447,unicycle
1.8871030730483291,7.714224804609266,1.2104166666666665,0.0,0.0,-0.773778127818282,0.4474509347709841,1.8046498483844578e-69,0.0,0.0,0.0,0.008066479515138308,unicycle
1.8935042881941881,7.707971655962687,1.2104166666666665,0.0,0.0,-0.7736176163734455,0.447429948460394,1.4811832147873398e-69,0.0,0.0,0.0,0.008025572241823228,unicycle
1.8999062011644143,7.701719828335066,1.2104166666666665,0.0,0.0,-0.7734579293711686,0.44740875755281706,1.215030072680935e-69,0.0,0.0,0.0,0.007984350113846806,unicycle
1.906308803654676,7.695469319295399,1.2104166666666665,0.0,0.0,-0.7732990730669826,0.44738736591356276,9.96146233336992e-70,0.0,0.0,0.0,0.007942815209294782,unicycle
1.9127120873792334,7.689220126315344,1.2104166666666665,0.0,0.0,-0.7731410536746169,0.44736577742862776,8.162290355542056e-70,0.0,0.0,0.0,0.007900969618281274,unicycle
1.9191160440715695,7.682972246769242,1.2104166666666665,0.0,0.0,-0.7729838773657602,0.4473439960050598,6.684185814319215e-70,0.0,0.0,0.0,0.007858815442842278,unicycle
1.9255206654850274,7.676725677934137,1.2104166666666665,0.0,0.0,-0.7728275502698235,0.447322025571168,5.470496753646324e-70,0.0,0.0,0.0,0.007816354796831954,unicycle
1.9319259433934455,7.670480416989792,1.2104166666666665,0.0,0.0,-0.772672078473707,0.4472998700765984,4.474459573996763e-70,0.0,0.0,0.0,0.007773589805821291,unicycle
1.9383318695917964,7.664236461018722,1.2104166666666665,0.0,0.0,-0.772517468021567,0.44727753349229166,3.657491331212625e-70,0.0,0.0,0.0,0.0077305226069987795,unicycle
1.9447384366830716,7.657993806239948,1.2104166666666665,0.0,0.0,-0.7723637249353897,0.4472550747044396,2.987773822683727e-70,0.0,0.0,0.0,0.00768715430885629,unicycle
1.9511456377160088,7.6517524483632915,1.2104166666666665,0.0,0.0,-0.7722108552050673,0.44723252726288865,2.4390801462855118e-70,0.0,0.0,0.0,0.007643486516131247,unicycle
1.957553465323156,7.645512383429887,1.2104166666666665,0.0,0.0,-0.7720588647653013,0.4472098645212341,1.9898026572700393e-70,0.0,0.0,0.0,0.007599521988287546,unicycle
1.9639619118363598,7.639273607700004,1.2104166666666665,0.0,0.0,-0.7719077594984737,0.44718706788259827,1.6221481281019528e-70,0.0,0.0,0.0,0.007555263341383917,unicycle
1.9703709693758749,7.633036117566683,1.2104166666666665,0.0,0.0,-0.771757545236804,0.4471641249543309,1.3214716575153139e-70,0.0,0.0,0.0,0.007510713083486297,unicycle
1.9767806299187347,7.626799909489665,1.2104166666666665,0.0,0.0,-0.7716082277639533,0.44714102809725925,1.0757256637802302e-70,0.0,0.0,0.0,0.007465873642528835,unicycle
1.9831908853508649,7.620564979945204,1.2104166666666665,0.0,0.0,-0.7714598128161901,0.44711777328890084,8.750042893303074e-71,0.0,0.0,0.0,0.007420747388150152,unicycle
1.9896017275065028,7.614331325388303,1.2104166666666665,0.0,0.0,-0.7713123060832155,0.44709435923598184,7.111668703441292e-71,0.0,0.0,0.0,0.00737533664873408,unicycle
1.9960131481977457,7.608098942224585,1.2104166666666665,0.0,0.0,-0.7711657132087226,0.447070786684459,5.7752689523822e-71,0.0,0.0,0.0,0.00732964372464302,unicycle
2.0024251392364585,7.6018678267896265,1.2104166666666665,0.0,0.0,-0.7710200397907538,0.4470470578856111,4.6859518214545406e-71,0.0,0.0,0.0,0.007283670898436758,unicycle
2.008837692450301,7.595637975334036,1.2104166666666665,0.0,0.0,-0.7708752913818996,0.447023176185115,3.7986792418897684e-71,0.0,0.0,0.0,0.007237420442711695,unicycle
2.0152507996942517,7.589409384012914,1.2104166666666665,0.0,0.0,-0.7707314734893781,0.4469991457087365,3.0765184702337866e-71,0.0,0.0,0.0,0.007190894626067989,unicycle
2.021664452858719,7.583182048878656,1.2104166666666665,0.0,0.0,-0.7705885915750259,0.4469749711236619,2.489200494694958e-71,0.0,0.0,0.0,0.007144095717609256,unicycle
2.028078643875073,7.576955965876261,1.2104166666666665,0.0,0.0,-0.77044665105522,0.4469506574588221,2.0119320004814964e-71,0.0,0.0,0.0,0.007097025990296812,unicycle
2.0344933647192622,7.570731130840504,1.2104166666666665,0.0,0.0,-0.7703056573007516,0.44692620997102733,1.6244167734860864e-71,0.0,0.0,0.0,0.0070496877234138946,unicycle
2.040908607414018,7.564507539494488,1.2104166666666665,0.0,0.0,-0.7701656156366647,0.44690163404650185,1.3100500177627005e-71,0.0,0.0,0.0,0.007002083204341975,unicycle
2.0473243640300356,7.558285187449192,1.2104166666666665,0.0,0.0,-0.7700265313420687,0.44687693512962,1.0552553644809253e-71,0.0,0.0,0.0,0.006954214729808627,unicycle
2.053740626686433,7.552064070203716,1.2104166666666665,0.0,0.0,-0.7698884096499341,0.44685211867240543,8.48939576396976e-72,0.0,0.0,0.0,0.00690608460673227,unicycle
2.060157387550708,7.545844183146021,1.2104166666666665,0.0,0.0,-0.7697512557468789,0.44682719009975913,6.820442840159255e-72,0.0,0.0,0.0,0.006857695152761889,unicycle
2.06657463883837,7.53962552155398,1.2104166666666665,0.0,0.0,-0.7696150747729471,0.4468021547864917,5.471776788796868e-72,0.0,0.0,0.0,0.00680904869658828,unicycle
2.0729923728123603,7.533408080596636,1.2104166666666665,0.0,0.0,-0.7694798718213856,0.44677701804311576,4.383120618182379e-72,0.0,0.0,0.0,0.006760147578086207,unicycle
2.079410581782363,7.527191855335562,1.2104166666666665,0.0,0.0,-0.7693456519384189,0.44675178510804764,3.5053560442742483e-72,0.0,0.0,0.0,0.006710994148333262,unicycle
2.0858292581040736,7.520976840726272,1.2104166666666665,0.0,0.0,-0.769212420123028,0.44672646114441594,2.798487177306861e-72,0.0,0.0,0.0,0.006661590769540587,unicycle
2.0922483941784606,7.51476303161963,1.2104166666666665,0.0,0.0,-0.7690801813267297,0.4467010512401022,2.229971054852455e-72,0.0,0.0,0.0,0.006611939814922193,unicycle
2.0986679824510635,7.5085504227632205,1.2104166666666665,0.0,0.0,-0.7689489404533594,0.4466755604099733,1.7733497119208894e-72,0.0,0.0,0.0,0.006562043668523059,unicycle
2.105088015411341,7.502339008802685,1.2104166666666665,0.0,0.0,-0.7688187023588589,0.44664999359952867,1.4071299764176938e-72,0.0,0.0,0.0,0.006511904725021055,unicycle
2.1115084855920814,7.496128784282979,1.2104166666666665,0.0,0.0,-0.7686894718510685,0.44662435568938447,1.1138666735411626e-72,0.0,0.0,0.0,0.006461525389513828,unicycle
2.1179293855688868,7.4899197436495735,1.2104166666666665,0.0,0.0,-0.7685612536895225,0.4465986515001761,8.794127605592689e-73,0.0,0.0,0.0,0.0064109080772986665,unicycle
2.1243507079597252,7.483711881249584,1.2104166666666665,0.0,0.0,-0.7684340525852494,0.4465728857975774,6.923063801042659e-73,0.0,0.0,0.0,0.006360055213651046,unicycle
2.1307724454245562,7.477505191332832,1.2104166666666665,0.0,0.0,-0.7683078732005774,0.4465470632972273,5.4327015298506186e-73,0.0,0.0,0.0,0.006308969233605816,unicycle
2.1371945906650187,7.471299668052834,1.2104166666666665,0.0,0.0,-0.7681827201489425,0.44652118866942286,4.248024272297464e-73,0.0,0.0,0.0,0.0062576525817436045,unicycle
2.143617136424189,7.465095305467743,1.2104166666666665,0.0,0.0,-0.7680585979947029,0.4464952665434892,3.3084382156000605e-73,0.0,0.0,0.0,0.006206107711984021,unicycle
2.150040075486387,7.458892097541228,1.2104166666666665,0.0,0.0,-0.7679355112529551,0.44646930151177433,2.56505383666487e-73,0.0,0.0,0.0,0.006154337087386563,unicycle
2.1564634006770405,7.452690038143302,1.2104166666666665,0.0,0.0,-0.7678134643893558,0.4464432981332451,1.978471381436943e-73,0.0,0.0,0.0,0.006102343179959529,unicycle
2.16288710486259,7.4464891210511155,1.2104166666666665,0.0,0.0,-0.7676924618199462,0.4464172609366793,1.5169781810911432e-73,0.0,0.0,0.0,0.006050128470476925,unicycle
2.1693111809504395,7.440289339949699,1.2104166666666665,0.0,0.0,-0.7675725079109801,0.4463911944234631,1.1550823473593338e-73,0.0,0.0,0.0,0.005997695448303103,unicycle
2.175735621888933,7.4340906884326845,1.2104166666666665,0.0,0.0,-0.7674536069787555,0.4463651030700116,8.723210328166416e-74,0.0,0.0,0.0,0.005945046611224634,unicycle
2.1821604206673704,7.427893160002987,1.2104166666666665,0.0,0.0,-0.7673357632894497,0.4463389913298372,6.522926482905915e-74,0.0,0.0,0.0,0.0058921844652888794,unicycle
2.1885855703160395,7.421696748073476,1.2104166666666665,0.0,0.0,-0.7672189810589566,0.4463128636352912,4.818716291602851e-74,0.0,0.0,0.0,0.005839111524648689,unicycle
2.1950110639062737,7.415501445967615,1.2104166666666665,0.0,0.0,-0.7671032644527285,0.4462867243990087,3.505718904269153e-74,0.0,0.0,0.0,0.005785830311412591,unicycle
2.2014368945505236,7.409307246920093,1.2104166666666665,0.0,0.0,-0.7669886175856186,0.4462605780150833,2.5003130010593223e-74,0.0,0.0,0.0,0.005732343355499861,unicycle
2.207863055402443,7.403114144077443,1.2104166666666665,0.0,0.0,-0.7668750445217285,0.4462344288600013,1.7359457333160254e-74,0.0,0.0,0.0,0.005678653194499888,unicycle
2.2142895396569844,7.396922130498641,1.2104166666666665,0.0,0.0,-0.7667625492742578,0.4462082812933606,1.1597614469447489e-74,0.0,0.0,0.0,0.005624762373535282,unicycle
2.2207163405505,7.390731199155717,1.2104166666666665,0.0,0.0,-0.7666511358053552,0.4461821396583985,7.298797776590423e-75,0.0,0.0,0.0,0.005570673445128221,unicycle
2.227143451360852,7.384541342934345,1.2104166666666665,0.0,0.0,-0.7665408080259736,0.44615600828235175,4.1320053534397076e-75,0.0,0.0,0.0,0.005516388969069577,unicycle
2.2335708654075206,7.378352554634435,1.2104166666666665,0.0,0.0,-0.7664315697957278,0.4461298914766702,1.8363554703327854e-75,0.0,0.0,0.0,0.005461911512290397,unicycle
2.2399985760517134,7.372164826970726,1.2104166666666665,0.0,0.0,-0.7663234249227533,0.4461037935371013,2.068621869467972e-76,0.0,0.0,0.0,0.005407243648735335,unicycle
2.246426577489598,7.365978151809943,1.2104166666666665,0.0,0.0,-0.7662163771795357,0.4460777737864242,-9.169924355173614e-76,0.0,0.0,0.0,0.005352387160878375,unicycle
2.252854864386233,7.359792520524238,1.2104166666666665,0.0,0.0,-0.7661104302952804,0.4460518661058114,-1.6604262472435585e-75,0.0,0.0,0.0,0.0052973442127694625,unicycle
2.259283431005588,7.353607924829191,1.2104166666666665,0.0,0.0,-0.766005587938199,0.4460260439805169,-2.1207007539139746e-75,0.0,0.0,0.0,0.005242117854066745,unicycle
2.265712271326558,7.347424356672656,1.2104166666666665,0.0,0.0,-0.7659018537177867,0.4460002889303658,-2.372994085497185e-75,0.0,0.0,0.0,0.005186711020613066,unicycle
2.2721413791323486,7.341241808149293,1.2104166666666665,0.0,0.0,-0.7657992311865486,0.4459745886595988,-2.4750895584737424e-75,0.0,0.0,0.0,0.005131126561909648,unicycle
2.2785707480789354,7.335060271435312,1.2104166666666665,0.0,0.0,-0.7656977238412933,0.4459489356023267,-2.471111665589998e-75,0.0,0.0,0.0,0.005075367262764319,unicycle
2.2850003717471097,7.328879738739036,1.2104166666666665,0.0,0.0,-0.7655973351240879,0.44592332578279215,-2.394496990059897e-75,0.0,0.0,0.0,0.005019435860275516,unicycle
2.2914302436817193,7.322700202263826,1.2104166666666665,0.0,0.0,-0.765498068422946,0.4458977579256061,-2.27035152411101e-75,0.0,0.0,0.0,0.004963335057091941,unicycle
2.297860357420947,7.316521654180599,1.2104166666666665,0.0,0.0,-0.7653999270723117,0.44587223276401755,-2.117316638445749e-75,0.0,0.0,0.0,0.0049070675317070085,unicycle
2.3042907065178775,7.310344086607773,1.2104166666666665,0.0,0.0,-0.7653029143533835,0.4458467525046732,-1.9490422428784184e-75,0.0,0.0,0.0,0.004850635946399902,unicycle
2.3107212845561356,7.304167491596941,1.2104166666666665,0.0,0.0,-0.7652070334943173,0.4458213204156924,-1.7753464718967213e-75,0.0,0.0,0.0,0.0047940429533151665,unicycle
2.3171520851609806,7.297991861122899,1.2104166666666665,0.0,0.0,-0.7651122876703357,0.44579594051161875,-1.603125683070663e-75,0.0,0.0,0.0,0.00473729119907545,unicycle
2.323583102006954,7.2918171870770045,1.2104166666666665,0.0,0.0,-0.765018680003771,0.44577061731421835,-1.4370659860910569e-75,0.0,0.0,0.0,0.0046803833282430835,unicycle
2.330014328822933,7.285643461263024,1.2104166666666665,0.0,0.0,-0.7649262135640534,0.4457453556724325,-1.2801973669486222e-75,0.0,0.0,0.0,0.004623321985882339,unicycle
2.336445759395249,7.279470675394841,1.2104166666666665,0.0,0.0,-0.764834891367665,0.44572016062826825,-1.1343232798070625e-75,0.0,0.0,0.0,0.004566109819422709,unicycle
2.342877387569382,7.273298821095534,1.2104166666666665,0.0,0.0,-0.7647447163780652,0.4456950373181885,-1.0003519773704355e-75,0.0,0.0,0.0,0.004508749479982059,unicycle
2.349309207250627,7.267127889897438,1.2104166666666665,0.0,0.0,-0.7646556915055998,0.4456699909017804,-8.78550536905777e-76,0.0,0.0,0.0,0.004451243623275154,unicycle
2.3557412124040327,7.260957873242911,1.2104166666666665,0.0,0.0,-0.7645678196073955,0.44564502651124965,-7.687382678375852e-76,0.0,0.0,0.0,0.004393594910206335,unicycle
2.362173397053832,7.2547887624855765,1.2104166666666665,0.0,0.0,-0.7644811034872511,0.4456201492166899,-6.704327582753685e-76,0.0,0.0,0.0,0.004335806007223757,unicycle
2.3686057552825495,7.248620548891879,1.2104166666666665,0.0,0.0,-0.7643955458955211,0.44559536400319416,-5.829590697942104e-76,0.0,0.0,0.0,0.004277879586495599,unicycle
2.375038281229896,7.242453223642849,1.2104166666666665,0.0,0.0,-0.764311149529002,0.445570675756755,-5.055303906781372e-76,0.0,0.0,0.0,0.004219818325955022,unicycle
2.3814709690915565,7.236286777835956,1.2104166666666665,0.0,0.0,-0.7642279170308169,0.44554608925659783,-4.3730670099114624e-76,0.0,0.0,0.0,0.004161624909250103,unicycle
2.387903813117933,7.230121202487014,1.2104166666666665,0.0,0.0,-0.7641458509903044,0.44552160917213846,-3.774366018752039e-76,0.0,0.0,0.0,0.004103302025626339,unicycle
2.394336807612887,7.223956488532079,1.2104166666666665,0.0,0.0,-0.7640649539429092,0.4454972400631874,-3.250863464955105e-76,0.0,0.0,0.0,0.004044852369762762,unicycle
2.4007699469325128,7.217792626829315,1.2104166666666665,0.0,0.0,-0.7639852283700778,0.44547298638235755,-2.79459224570363e-76,0.0,0.0,0.0,0.003986278641577488,unicycle
2.407203225483975,7.211629608160806,1.2104166666666665,0.0,0.0,-0.7639066766991575,0.44544885247889543,-2.3980775082725046e-76,0.0,0.0,0.0,0.003927583546014428,unicycle
2.4136366377244003,7.205467423234301,1.2104166666666665,0.0,0.0,-0.763829301303301,0.44542484260335874,-2.0544055323711478e-76,0.0,0.0,0.0,0.0038687697928197866,unicycle
2.42007017815985,7.19930606268489,1.2104166666666665,0.0,0.0,-0.763753104501375,0.4454009609127176,-1.7572541986825094e-76,0.0,0.0,0.0,0.0038098400963145684,unicycle
2.426503841344364,7.1931455170766085,1.2104166666666665,0.0,0.0,-0.7636780885578716,0.44537721147557907,-1.5008961983648653e-76,0.0,0.0,0.0,0.00375079717516741,unicycle
2.4329376218790784,7.186985776903962,1.2104166666666665,0.0,0.0,-0.7636042556828282,0.44535359827732424,-1.2801834496158836e-76,0.0,0.0,0.0,0.0036916437521707017,unicycle
2.4393715144114116,7.180826832593394,1.2104166666666665,0.0,0.0,-0.7635316080317479,0.44533012522501625,-1.090519090105442e-76,0.0,0.0,0.0,0.0036323825540219117,unicycle
2.44580551363432,7.1746686745046855,1.2104166666666665,0.0,0.0,-0.7634601477055255,0.44530679615199004,-9.278217851230773e-77,0.0,0.0,0.0,0.00357301631111122,unicycle
2.4522396142856078,7.168511292932291,1.2104166666666665,0.0,0.0,-0.7633898767503793,0.4452836148220712,-7.884858322604931e-77,0.0,0.0,0.0,0.0035135477573160524,unicycle
2.4586738111472948,7.162354678106625,1.2104166666666665,0.0,0.0,-0.7633207971577831,0.44526058493340026,-6.693395758074579e-77,0.0,0.0,0.0,0.003453979629802644,unicycle
2.465108099045034,7.1561988201953035,1.2104166666666665,0.0,0.0,-0.7632529108644065,0.44523771012185703,-5.676039051896781e-77,0.0,0.0,0.0,0.0033943146688345145,unicycle
2.471542472847566,7.150043709304338,1.2104166666666665,0.0,0.0,-0.7631862197520547,0.44521499396409475,-4.8085205194777155e-77,0.0,0.0,0.0,0.0033345556175875595,unicycle
2.4779769274662184,7.1438893354792965,1.2104166666666665,0.0,0.0,-0.7631207256476152,0.44519243998020147,-4.0697147945590945e-77,0.0,0.0,0.0,0.0032747052219713074,unicycle
2.484411457854434,7.1377356887064245,1.2104166666666665,0.0,0.0,-0.7630564303230063,0.4451700516360127,-3.441283475480095e-77,0.0,0.0,0.0,0.003214766230455842,unicycle
2.490846059007325,7.131582758913753,1.2104166666666665,0.0,0.0,-0.7629933354951283,0.4451478323451023,-2.9073480578069542e-77,0.0,0.0,0.0,0.0031547413939038782,unicycle
2.497280725961256,7.125430535972167,1.2104166666666665,0.0,0.0,-0.7629314428258201,0.44512578547048054,-2.4541920478965193e-77,0.0,0.0,0.0,0.0030946334654074663,unicycle
2.5037154537934407,7.119279009696459,1.2104166666666665,0.0,0.0,-0.7628707539218175,0.44510391432602625,-2.069991998466846e-77,0.0,0.0,0.0,0.003034445200128774,unicycle
2.510150237621562,7.11312816984637,1.2104166666666665,0.0,0.0,-0.7628112703347146,0.44508222217768234,-1.7445764238088744e-77,0.0,0.0,0.0,0.0029741793551444867,unicycle
2.516585072603397,7.106978006127612,1.2104166666666665,0.0,0.0,-0.7627529935609287,0.44506071224444027,-1.4692110460790862e-77,0.0,0.0,0.0,0.0029138386892933635,unicycle
2.523019953936463,7.100828508192877,1.2104166666666665,0.0,0.0,-0.7626959250416683,0.44503938769913814,-1.2364085232164597e-77,0.0,0.0,0.0,0.0028534259630265233,unicycle
2.52945487685766,7.094679665642845,1.2104166666666665,0.0,0.0,-0.7626400661629029,0.4450182516690955,-1.039760657940812e-77,0.0,0.0,0.0,0.00279294393826009,unicycle
2.5358898366429323,7.088531468027173,1.2104166666666665,0.0,0.0,-0.7625854182553383,0.44499730723660463,-8.737910434758149e-78,0.0,0.0,0.0,0.0027323953782298596,unicycle
2.542324828606921,7.082383904845492,1.2104166666666665,0.0,0.0,-0.7625319825943916,0.4449765574392984,-7.338261327143465e-78,0.0,0.0,0.0,0.002671783047347675,unicycle
2.5487598481026312,7.076236965548385,1.2104166666666665,0.0,0.0,-0.7624797604001702,0.4449560052704101,-6.158827990548964e-78,0.0,0.0,0.0,0.0026111097110592665,unicycle
2.5551948913190734,7.070090638776141,1.2104166666666665,0.0,0.0,-0.7624287528470962,0.44493570885537775,-5.165705708061382e-78,0.0,0.0,0.0,0.002550377653694369,unicycle
2.561629954912383,7.0639449127119205,1.2104166666666665,0.0,0.0,-0.7623789610592937,0.4449157007870568,-4.330068533832114e-78,0.0,0.0,0.0,0.0024895893901184306,unicycle
2.5680650351300836,7.057799775918852,1.2104166666666665,0.0,0.0,-0.7623303860999278,0.44489595308717644,-3.627435946866679e-78,0.0,0.0,0.0,0.0024287479683055514,unicycle
2.574500127927436,7.05165521722947,1.2104166666666665,0.0,0.0,-0.7622830289726893,0.44487644580431074,-3.037039920655773e-78,0.0,0.0,0.0,0.002367856361926356,unicycle
2.5809352290569825,7.045511225660797,1.2104166666666665,0.0,0.0,-0.762236890622943,0.4448571651593822,-2.541279792650105e-78,0.0,0.0,0.0,0.0023069174873139578,unicycle
2.5873703341370167,7.039367790349569,1.2104166666666665,0.0,0.0,-0.7621919719386056,0.44483810208775604,-2.1252536550507793e-78,0.0,0.0,0.0,0.0022459342168741417,unicycle
2.593805438703537,7.033224900503257,1.2104166666666665,0.0,0.0,-0.7621482737508132,0.44481925109692777,-1.7763562429853835e-78,0.0,0.0,0.0,0.0021849093896275217,unicycle
2.6002405382493166,7.027082545363404,1.2104166666666665,0.0,0.0,-0.7621057968344241,0.4448006093748141,-1.4839344563844658e-78,0.0,0.0,0.0,0.0021238458194467067,unicycle
2.606675628252938,7.0209407141785425,1.2104166666666665,0.0,0.0,-0.7620645419083952,0.44478217609658016,-1.2389927127090007e-78,0.0,0.0,0.0,0.002062746301447904,unicycle
2.613110704200083,7.014799396184524,1.2104166666666665,0.0,0.0,-0.7620245096360571,0.4447639518883569,-1.0339412886120001e-78,0.0,0.0,0.0,0.0020016136169106625,unicycle
2.619545761598846,7.008658580590549,1.2104166666666665,0.0,0.0,-0.7619857006253165,0.44474593841459137,-8.623816722943685e-79,0.0,0.0,0.0,0.001940450537028707,unicycle
2.62598079599049,7.002518256569549,1.2104166666666665,0.0,0.0,-0.7619481154288017,0.44472813806252603,-7.189237194605033e-79,0.0,0.0,0.0,0.0018792598257367284,unicycle
2.632415802956734,6.996378413251882,1.2104166666666665,0.0,0.0,-0.7619117545439655,0.444710553702723,-5.990300903998861e-79,0.0,0.0,0.0,0.0018180442418103567,unicycle
2.638850778124434,6.9902390397215095,1.2104166666666665,0.0,0.0,-0.7618766184131577,0.4446931885088992,-4.9888405052425226e-79,0.0,0.0,0.0,0.0017568065403974686,unicycle
2.645285717168324,6.984100125014035,1.2104166666666665,0.0,0.0,-0.7618427074236755,0.4446760458238228,-4.152772486628798e-79,0.0,0.0,0.0,0.001695549474107307,unicycle
2.651720615812331,6.977961658116091,1.2104166666666665,0.0,0.0,-0.7618100219078004,0.4446591290608041,-3.455145535311443e-79,0.0,0.0,0.0,0.0016342757937581691,unicycle
2.6581554698298566,6.97182362796571,1.2104166666666665,0.0,0.0,-0.7617785621428232,0.4446424416325404,-2.8733343578970577e-79,0.0,0.0,0.0,0.0015729882488634084,unicycle
2.6645902750433352,6.9656860234533955,1.2104166666666665,0.0,0.0,-0.7617483283510648,0.4446259869008434,-2.3883573740074087e-79,0.0,0.0,0.0,0.0015116895879187485,unicycle
2.6710250273232865,6.95954883342366,1.2104166666666665,0.0,0.0,-0.7617193206998941,0.44460976814218706,-1.9842997752746768e-79,0.0,0.0,0.0,0.0014503825585404054,unicycle
2.6774597225870465,6.953412046676875,1.2104166666666665,0.0,0.0,-0.7616915393017444,0.44459378852513176,-1.647826105023183e-79,0.0,0.0,0.0,0.0013890699074925225,unicycle
2.683894356797294,6.947275651971318,1.2104166666666665,0.0,0.0,-0.7616649842141318,0.4445780510965624,-1.3677688140574903e-79,0.0,0.0,0.0,0.001327754380633865,unicycle
2.6903289259604724,6.941139638025305,1.2104166666666665,0.0,0.0,-0.7616396554396756,0.4445625587743804,-1.1347812306438029e-79,0.0,0.0,0.0,0.001266438722806885,unicycle
2.6967634261251696,6.9350039935193735,1.2104166666666665,0.0,0.0,-0.7616155529261217,0.44454731434483474,-9.410450883841049e-80,0.0,0.0,0.0,0.0012051256776867247,unicycle
2.7031978533805083,6.928868707098444,1.2104166666666665,0.0,0.0,-0.7615926765663698,0.4445323204631105,-7.800242202654932e-80,0.0,0.0,0.0,0.0011438179876034145,unicycle
2.709632203854576,6.9227337673739555,1.2104166666666665,0.0,0.0,-0.761571026198503,0.44451757965612987,-6.462572826369992e-80,0.0,0.0,0.0,0.001082518393347308,unicycle
2.7160664737129108,6.916599162925924,1.2104166666666665,0.0,0.0,-0.7615506016058236,0.4445030943267832,-5.351834473667689e-80,0.0,0.0,0.0,0.0010212296339651358,unicycle
2.722500659157066,6.9104648823049475,1.2104166666666665,0.0,0.0,-0.7615314025168923,0.4444888667590097,-4.4299591867865155e-80,0.0,0.0,0.0,0.0009599544465518682,unicycle
2.7289347564232496,6.904330914034127,1.2104166666666665,0.0,0.0,-0.7615134286055716,0.44447489912330723,-3.665189147829802e-80,0.0,0.0,0.0,0.0008986955660422756,unicycle
2.7353687617810447,6.898197246610903,1.2104166666666665,0.0,0.0,-0.7614966794910712,0.44446119348236646,-3.031044222589281e-80,0.0,0.0,0.0,0.0008374557250047873,unicycle
2.741802671532211,6.892063868508822,1.2104166666666665,0.0,0.0,-0.7614811547380025,0.44444775179662094,-2.505455996111388e-80,0.0,0.0,0.0,0.0007762376534390765,unicycle
2.7482364820095633,6.885930768179229,1.2104166666666665,0.0,0.0,-0.7614668538564309,0.4444345759295689,-2.0700418972864707e-80,0.0,0.0,0.0,0.0007150440785789211,unicycle
2.754670189575917,6.879797934052886,1.2104166666666665,0.0,0.0,-0.7614537763019368,0.4444216676527786,-1.709497114173594e-80,0.0,0.0,0.0,0.0006538777247005148,unicycle
2.7611037906231064,6.873665354541528,1.2104166666666665,0.0,0.0,-0.7614419214756781,0.4444090286505235,-1.4110854837226817e-80,0.0,0.0,0.0,0.0005927413129357197,unicycle
2.7675372815710566,6.867533018039356,1.2104166666666665,0.0,0.0,-0.7614312887244563,0.44439666052402454,-1.1642134904330927e-80,0.0,0.0,0.0,0.0005316375610925038,unicycle
2.7739706588669177,6.861400912924484,1.2104166666666665,0.0,0.0,-0.7614218773407866,0.44438456479529276,-9.60074006871814e-81,0.0,0.0,0.0,0.00047056918348023285,unicycle
2.780403918984243,6.85526902756033,1.2104166666666665,0.0,0.0,-0.7614136865629718,0.44437274291058315,-7.913485222916658e-81,0.0,0.0,0.0,0.0004095388907392576,unicycle
2.7868370584222126,6.849137350296963,1.2104166666666665,0.0,0.0,-0.7614067155751781,0.4443611962434763,-6.519583916016213e-81,0.0,0.0,0.0,0.000348549389676083,unicycle
2.7932700737048957,6.843005869472421,1.2104166666666665,0.0,0.0,-0.7614009635075162,0.44434992609761254,-5.368571450524312e-81,0.0,0.0,0.0,0.0002876033831029861,unicycle
2.7997029613805484,6.836874573413985,1.2104166666666665,0.0,0.0,-0.7613964294361225,0.44433893370910515,-4.4185717140727405e-81,0.0,0.0,0.0,0.00022670356968151672,unicycle
2.8061357180209385,6.830743450439424,1.2104166666666665,0.0,0.0,-0.761393112383247,0.4443282202486613,-3.6348516005898325e-81,0.0,0.0,0.0,0.00016585264376947794,unicycle
2.8125683402207007,6.824612488858223,1.2104166666666665,0.0,0.0,-0.7613910113173418,0.444317786823439,-2.9886159118942693e-81,0.0,0.0,0.0,0.00010505329527117535,unicycle
2.8190008245967113,6.818481676972771,1.2104166666666665,0.0,0.0,-0.7613901251531519,0.44430763447866706,-2.4560032372523436e-81,0.0,0.0,0.0,4.430820949044155e-05,unicycle
2.825433167787483,6.812351003079549,1.2104166666666665,0.0,0.0,-0.7613904527518122,0.44429776419905637,-2.0172497069216017e-81,0.0,0.0,0.0,-1.6379933013719195e-05,unicycle
2.8318653664525786,6.806220455470278,1.2104166666666665,0.0,0.0,-0.7613919929209434,0.4442881769100242,-1.65599289423079e-81,0.0,0.0,0.0,-7.700845656921149e-05,unicycle
2.8382974172720377,6.800090022433072,1.2104166666666665,0.0,0.0,-0.7613947444147541,0.4442788734787574,-1.3586926588686617e-81,0.0,0.0,0.0,-0.00013757469053109802,unicycle
2.844729316945817,6.793959692253566,1.2104166666666665,0.0,0.0,-0.7613987059341425,0.4442698547151324,-1.1141495169336046e-81,0.0,0.0,0.0,-0.00019807596941997792,unicycle
2.8511610621932415,6.7878294532160295,1.2104166666666665,0.0,0.0,-0.7614038761268037,0.444261121372513,-9.131043053240341e-82,0.0,0.0,0.0,-0.0002585096330588065,unicycle
2.857592649752463,6.781699293604484,1.2104166666666665,0.0,0.0,-0.7614102535873378,0.4442526741484402,-7.479055759518409e-82,0.0,0.0,0.0,-0.00031887302670839245,unicycle
2.8640240771797423,6.775569200941438,1.2104166666666665,0.0,0.0,-0.761417836859958,0.4442445689321267,-6.122333907544934e-82,0.0,0.0,0.0,-0.000379163631012383,unicycle
2.870455342479396,6.769439162341128,1.2104166666666665,0.0,0.0,-0.7614266244372561,0.4442368360354751,-5.008700605440734e-82,0.0,0.0,0.0,-0.00043937886490494273,unicycle
2.876886443225877,6.763309165346887,1.2104166666666665,0.0,0.0,-0.7614366147573937,0.4442294451109918,-4.095099375424785e-82,0.0,0.0,0.0,-0.0004995160068678613,unicycle
2.8833173766802855,6.757179197820706,1.2104166666666665,0.0,0.0,-0.7614478062046908,0.44422237383961594,-3.346016820431644e-82,0.0,0.0,0.0,-0.0005595723648610944,unicycle
2.8897481398799956,6.751049247858419,1.2104166666666665,0.0,0.0,-0.7614601971101138,0.44421560607408894,-2.732175193030942e-82,0.0,0.0,0.0,-0.0006195452711438348,unicycle
2.896178729707153,6.744919303725017,1.2104166666666665,0.0,0.0,-0.7614737857516762,0.44420913037943993,-2.2294491825251755e-82,0.0,0.0,0.0,-0.0006794320781139541,unicycle
2.9026091429406105,6.738789353805746,1.2104166666666665,0.0,0.0,-0.7614885703547762,0.4442029388894888,-1.817968881361767e-82,0.0,0.0,0.0,-0.0007392301550018386,unicycle
2.9090393762949422,6.732659386569515,1.2104166666666665,0.0,0.0,-0.7615045490924818,0.4441970264142994,-1.4813772732410682e-82,0.0,0.0,0.0,-0.0007989368852741609,unicycle
2.915469426449411,6.726529390541864,1.2104166666666665,0.0,0.0,-0.7615217200857742,0.44419138974644745,-1.206215908761173e-82,0.0,0.0,0.0,-0.0008585496646221265,unicycle
2.921899290069166,6.720399354285352,1.2104166666666665,0.0,0.0,-0.761540081403763,0.44418602712440153,-9.814168731924537e-83,0.0,0.0,0.0,-0.0009180658994267591,unicycle
2.928328963820461,6.714269266385626,1.2104166666666665,0.0,0.0,-0.7615596310638753,0.44418093781971635,-7.978828501874147e-83,0.0,0.0,0.0,-0.0009774830056101269,unicycle
2.9347584443813046,6.708139115441853,1.2104166666666665,0.0,0.0,-0.7615803670320311,0.4441761218214967,-6.481401665876547e-83,0.0,0.0,0.0,-0.0010367984077961326,unicycle
2.941187728448645,6.702008890060435,1.2104166666666665,0.0,0.0,-0.7616022872228054,0.4441715795970177,-5.2605226892560844e-83,0.0,0.0,0.0,-0.0010960095387173704,unicycle
2.947616812742944,6.695878578851234,1.2104166666666665,0.0,0.0,-0.7616253894995817,0.4441673119117451,-4.2658321707833514e-83,0.0,0.0,0.0,-0.0011551138388155857,unicycle
2.9540452453621615,6.689748596694941,1.2104166666666665,0.0,0.0,-0.7616499242406191,0.444132376607028,-3.4560255622564816e-83,0.0,0.0,0.0,-0.001226737051865452,unicycle
2.9604714938882104,6.683620381974106,1.2104166666666665,0.0,0.0,-0.7616767764413083,0.4439923585714935,-2.797244045156433e-83,0.0,0.0,0.0,-0.001342610034452459,unicycle
2.966893032717402,6.677496305752891,1.2104166666666665,0.0,0.0,-0.7617074653554498,0.44367913660732683,-2.2617482056273323e-83,0.0,0.0,0.0,-0.0015344457070805661,unicycle
2.9733068195488266,6.671379211296019,1.2104166666666665,0.0,0.0,-0.7617439149975421,0.4431577205745873,-1.8268253379460647e-83,0.0,0.0,0.0,-0.001822482104603901,unicycle
2.979709640146684,6.665272081690779,1.2104166666666665,0.0,0.0,-0.7617882835666969,0.44241706464709263,-1.4738896653988959e-83,0.0,0.0,0.0,-0.0022184284577397343,unicycle
2.986098352393051,6.659177805386409,1.2104166666666665,0.0,0.0,-0.7618428381452985,0.44146304449019763,-1.1877417866033656e-83,0.0,0.0,0.0,-0.002727728930086825,unicycle
2.992470053756895,6.653099016148056,1.2104166666666665,0.0,0.0,-0.7619098640292403,0.4403131184264342,-9.559594771180707e-84,0.0,0.0,0.0,-0.0033512941970841818,unicycle
2.9988221909121147,6.647037989155873,1.2104166666666665,0.0,0.0,-0.7619916004115496,0.4389922968618323,-7.683968026762766e-84,0.0,0.0,0.0,-0.004086819115473547,unicycle
3.005078757956593,6.641066797079916,1.2104166666666665,0.0,0.0,-0.7621366213990752,0.4324342901560413,-6.167724998766294e-84,0.0,0.0,0.0,-0.007251049376283177,unicycle
3.0111246230047697,6.635294201480581,1.2104166666666665,0.0,0.0,-0.7624234361435094,0.4179573680808737,-4.9433189284004015e-84,0.0,0.0,0.0,-0.014340737221706786,unicycle
3.0168866328715542,6.629788357847355,1.2104166666666665,0.0,0.0,-0.7629122153975912,0.39848172192389814,-3.955693568777264e-84,0.0,0.0,0.0,-0.02443896270409262,unicycle
3.0223226846455975,6.62458760709349,1.2104166666666665,0.0,0.0,-0.763648515447607,0.37615977273930407,-3.160006096905314e-84,0.0,0.0,0.0,-0.03681500250078519,unicycle
3.0274133075351526,6.619708775969656,1.2104166666666665,0.0,0.0,-0.7646660640456676,0.3525529705886859,-2.519759877650874e-84,0.0,0.0,0.0,-0.0508774299030344,unicycle
3.032155203804578,6.615153505293214,1.2104166666666665,0.0,0.0,-0.7659888876875621,0.3287707311729752,-2.0052741755224928e-84,0.0,0.0,0.0,-0.06614118209472344,unicycle
3.036556320886762,6.610913029988371,1.2104166666666665,0.0,0.0,-0.7676329763608967,0.3055792482956672,-1.5924307345845134e-84,0.0,0.0,0.0,-0.08220443366672499,unicycle
3.0406321199779116,6.606971752936395,1.2104166666666665,0.0,0.0,-0.769607621629508,0.2834863906660812,-1.2616477394810764e-84,0.0,0.0,0.0,-0.09873226343058028,unicycle
3.04440277804501,6.603309885762203,1.2104166666666665,0.0,0.0,-0.7719165208018167,0.2628076565370323,-9.970404157291446e-85,0.0,0.0,0.0,-0.11544495861543927,unicycle
3.0478911158726745,6.599905372909638,1.2104166666666665,0.0,0.0,-0.7745587095512926,0.24371716386746037,-7.857347439373931e-85,0.0,0.0,0.0,-0.13210943747378595,unicycle
3.0511210884716715,6.596735269180061,1.2104166666666665,0.0,0.0,-0.7775293643517818,0.22628685174576385,-6.173067148117027e-85,0.0,0.0,0.0,-0.14853274002446168,unicycle
3.054116708667491,6.593776703730994,1.2104166666666665,0.0,0.0,-0.7808205018855965,0.21051642379429386,-4.8332445886152176e-85,0.0,0.0,0.0,-0.1645568766907385,unicycle
3.0569013020364086,6.591007533845644,1.2104166666666665,0.0,0.0,-0.784421593224352,0.19635604619093117,-3.769746281853331e-85,0.0,0.0,0.0,-0.18005456693777558,unicycle
3.0594970130957666,6.5884067682471,1.2104166666666665,0.0,0.0,-0.7883201046073816,0.18372339741167584,-2.927577379417938e-85,0.0,0.0,0.0,-0.19492556915147757,unicycle
3.061924499957573,6.585954821186171,1.2104166666666665,0.0,0.0,-0.7925019729706743,0.17251633403137548,-2.2623991655929054e-85,0.0,0.0,0.0,-0.2090934181646421,unicycle
3.0642027684277107,6.583633644005383,1.2104166666666665,0.0,0.0,-0.7969520222297796,0.1626221708712893,-1.7385076936790876e-85,0.0,0.0,0.0,-0.2225024629552555,unicycle
3.0663491074879135,6.581426769565131,1.2104166666666665,0.0,0.0,-0.8016543251399924,0.15392436145073463,-1.3271891530523952e-85,0.0,0.0,0.0,-0.23511514551062895,unicycle
3.0683790967959585,6.579319296149251,1.2104166666666665,0.0,0.0,-0.8065925149641014,0.14630719556179916,-1.0053828103602802e-85,0.0,0.0,0.0,-0.24690949120544173,unicycle
3.07030666372838,6.577297830708208,1.2104166666666665,0.0,0.0,-0.8117500509151002,0.13965899633128054,-7.54594893877986e-86,0.0,0.0,0.0,-0.2578767975499439,unicycle
3.0721441729273016,6.57535040611561,1.2104166666666665,0.0,0.0,-0.8171104412417954,0.13387419248876253,-5.600170746358287e-86,0.0,0.0,0.0,-0.26801951633476173,unicycle
3.073902535586411,6.573466383161363,1.2104166666666665,0.0,0.0,-0.8226574277858276,0.12885455717776545,-4.098116378860217e-86,0.0,0.0,0.0,-0.27734932720161554,unicycle
3.075591329052489,6.571636345007561,1.2104166666666665,0.0,0.0,-0.8283751357994249,0.12450983805833739,-2.945323608465371e-86,0.0,0.0,0.0,-0.28588540067986806,unicycle
3.077218919915534,6.56985198957393,1.2104166666666665,0.0,0.0,-0.8342481927433439,0.1207579510563774,-2.066557871358431e-86,0.0,0.0,0.0,-0.29365284719594154,unicycle
3.0787925857636917,6.568106023628035,1.2104166666666665,0.0,0.0,-0.840261819671663,0.11752486902514736,-1.4020223719231641e-86,0.0,0.0,0.0,-0.30068134641595873,unicycle
3.0803186323111653,6.566392061098398,1.2104166666666665,0.0,0.0,-0.8464018986534242,0.11474430447607478,-9.042970039400121e-87,0.0,0.0,0.0,-0.30700394908805473,unicycle
3.081802503766725,6.5647045272029105,1.2104166666666665,0.0,0.0,-0.852655019485991,0.11235726054803127,-5.358686936225617e-87,0.0,0.0,0.0,-0.3126560416283398,unicycle
3.0832488851768773,6.563038569310488,1.2104166666666665,0.0,0.0,-0.8590085087299445,0.11031150502740009,-2.6714124163650795e-87,0.0,0.0,0.0,-0.3176744621976775,unicycle
3.0846617961150686,6.561389974969294,1.2104166666666665,0.0,0.0,-0.8654504438498323,0.1085610073154799,-7.48335591943421e-88,0.0,0.0,0.0,-0.3220967559943997,unicycle
3.0860446755476967,6.559755097192777,1.2104166666666665,0.0,0.0,-0.8719696549883571,0.10706536681614098,5.930780361265028e-88,0.0,0.0,0.0,-0.32596055692623604,unicycle
3.0874004580300394,6.558130786859244,1.2104166666666665,0.0,0.0,-0.8785557166418184,0.10578925252984181,1.495420610339481e-87,0.0,0.0,0.0,-0.3293030826730592,unicycle
3.0887316416029456,6.556514331924063,1.2104166666666665,0.0,0.0,-0.8851989312486938,0.10470186709022693,2.0696243057430122e-87,0.0,0.0,0.0,-0.3321607303437685,unicycle
3.090040347899918,6.55490340304522,1.2104166666666665,0.0,0.0,-0.8918903064565794,0.1037764435911973,2.401588853678578e-87,0.0,0.0,0.0,-0.334568760394271,unicycle
3.0913283750542733,6.553296005166784,1.2104166666666665,0.0,0.0,-0.8986215275993821,0.10298977994983607,2.557475830382593e-87,0.0,0.0,0.0,-0.33656105714013984,unicycle
3.092597244033069,6.551690434579208,1.2104166666666665,0.0,0.0,-0.9053849266994803,0.10232181293772633,2.5879301803754372e-87,0.0,0.0,0.0,-0.3381699550049059,unicycle
3.09384823903072,6.550085240971229,1.2104166666666665,0.0,0.0,-0.9121734491102697,0.10175523215728223,2.5314397066423033e-87,0.0,0.0,0.0,-0.3394261205394639,unicycle
3.09508244254003,6.548479193998796,1.2104166666666665,0.0,0.0,-0.9189806187339767,0.1012751329584729,2.4170028434801423e-87,0.0,0.0,0.0,-0.3403584811853471,unicycle
3.096300765688863,6.546871253916994,1.2104166666666665,0.0,0.0,-0.9258005025879611,0.10086870644255123,2.2662422140171595e-87,0.0,0.0,0.0,-0.3409941926992214,unicycle
3.0975039743922794,6.545260545847698,1.2104166666666665,0.0,0.0,-0.9326276753495731,0.10052496417264828,2.0950748560693864e-87,0.0,0.0,0.0,-0.3413586380806015,unicycle
3.098692711826598,6.543646337285987,1.2104166666666665,0.0,0.0,-0.9394571843841623,0.10023449492095966,1.9150284270565341e-87,0.0,0.0,0.0,-0.3414754517294416,unicycle
3.0998675176863997,6.542028018480276,1.2104166666666665,0.0,0.0,-0.946284515651981,0.09998925066308975,1.7342752314276283e-87,0.0,0.0,0.0,-0.34136656339094307,unicycle
3.101028844640071,6.540405085353241,1.2104166666666665,0.0,0.0,-0.953105560796236,0.09978235903179039,1.5584417851260755e-87,0.0,0.0,0.0,-0.3410522572127377,unicycle
3.1021770723554325,6.538777124662134,1.2104166666666665,0.0,0.0,-0.9599165856350292,0.09960795952683164,1.391240214932571e-87,0.0,0.0,0.0,-0.34055124193967223,unicycle
3.1033125194252986,6.53714380112711,1.2104166666666665,0.0,0.0,-0.9667142002130703,0.09946106091652819,1.2349585755103624e-87,0.0,0.0,0.0,-0.33988072890204724,unicycle
3.104435453483993,6.535504846284622,1.2104166666666665,0.0,0.0,-0.9734953305133709,0.09933741743831688,1.0908397376229095e-87,0.0,0.0,0.0,-0.33905651501503237,unicycle
3.105546099770216,6.533860048849262,1.2104166666666665,0.0,0.0,-0.980257191883422,0.09923342159520607,9.593725185609805e-88,0.0,0.0,0.0,-0.3380930685025524,unicycle
3.106644648359345,6.532209246391731,1.2104166666666665,0.0,0.0,-0.9869972641932595,0.0991460115407197,8.405139147014301e-88,0.0,0.0,0.0,-0.33700361549187213,unicycle
3.107731260259159,6.530552318162801,1.2104166666666665,0.0,0.0,-0.9937132687132565,0.09907259123927997,7.338574322645917e-88,0.0,0.0,0.0,-0.33580022599985976,unicycle
3.108806072537068,6.528889178913214,1.2104166666666665,0.0,0.0,-1.0004031466763244,0.09901096177646798,6.387594137364529e-88,0.0,0.0,0.0,-0.3344938981533896,unicycle
3.109869202623958,6.5272197735775705,1.2104166666666665,0.0,0.0,-1.0070650394715168,0.09895926237080886,5.544327763572824e-88,0.0,0.0,0.0,-0.33309463975963444,unicycle
3.1109207519195183,6.525544072706509,1.2104166666666665,0.0,0.0,-1.0136972704029605,0.09891591980358008,4.800155957658267e-88,0.0,0.0,0.0,-0.3316115465721864,unicycle
3.111960808806219,6.523862068545972,1.2104166666666665,0.0,0.0,-1.0202983279387796,0.09887960513459083,4.14620385284749e-88,0.0,0.0,0.0,-0.33005287679094886,unicycle
3.1129894511636214,6.522173771675185,1.2104166666666665,0.0,0.0,-1.0268668503686245,0.09884919670960683,3.573686608957638e-88,0.0,0.0,0.0,-0.32842612149224043,unicycle
3.1140067484613034,6.520479208126429,1.2104166666666665,0.0,0.0,-1.0334016117849223,0.09882374858929306,3.0741438017657546e-88,0.0,0.0,0.0,-0.32673807081489226,unicycle
3.1150127634970564,6.518778416919715,1.2104166666666665,0.0,0.0,-1.0399015093015684,0.09880246364074999,2.6395904906400455e-88,0.0,0.0,0.0,-0.3249948758323027,unicycle
3.116007553836981,6.517071447954305,1.2104166666666665,0.0,0.0,-1.0463655514240298,0.09878467063168586,2.262606618868784e-88,0.0,0.0,0.0,-0.3232021061230633,unicycle
3.116991173005521,6.515358360206846,1.2104166666666665,0.0,0.0,-1.0527928474863724,0.09876980475488138,1.936381443316699e-88,0.0,0.0,0.0,-0.32136480311714133,unicycle
3.1179636714660712,6.513639220192617,1.2104166666666665,0.0,0.0,-1.059182598073244,0.09875739108781023,1.6547257902503546e-88,0.0,0.0,0.0,-0.3194875293435777,unicycle
3.11892509742649,6.511914100652368,1.2104166666666665,0.0,0.0,-1.06553408634808,0.09874703056004061,1.4120618766836634e-88,0.0,0.0,0.0,-0.31757441374179063,unicycle
3.1198754974984624,6.510183079432379,1.2104166666666665,0.0,0.0,-1.071846670212561,0.09873838806029821,1.2033980482554285e-88,0.0,0.0,0.0,-0.31562919322407,unicycle
3.120814917235083,6.508446238529893,1.2104166666666665,0.0,0.0,-1.0781197752264338,0.09873118236672199,1.0242939266936649e-88,0.0,0.0,0.0,-0.31365525069364236,unicycle
3.1217434015671235,6.506703663279918,1.2104166666666665,0.0,0.0,-1.0843528882210824,0.09872517762873308,8.708200213063107e-89,0.0,0.0,0.0,-0.31165564973242693,unicycle
3.1226609951551643,6.504955441662866,1.2104166666666665,0.0,0.0,-1.0905455515446163,0.09872017616784737,7.395147509640657e-89,0.0,0.0,0.0,-0.30963316617670406,unicycle
3.1235677426719812,6.5032016637153305,1.2104166666666665,0.0,0.0,-1.0966973578805876,0.09871601239840723,6.2734097498249425e-89,0.0,0.0,0.0,-0.3075903167985755,unicycle
3.1244636890272113,6.501442421028892,1.2104166666666665,0.0,0.0,-1.1028079455867341,0.09871254769823588,5.3164348688475784e-89,0.0,0.0,0.0,-0.30552938530731755,unicycle
3.1253488795443514,6.499677806323983,1.2104166666666665,0.0,0.0,-1.108876994504301,0.09870966608421111,4.501084395406661e-89,0.0,0.0,0.0,-0.30345244587834813,unicycle
3.126223360098466,6.497907913087746,1.2104166666666665,0.0,0.0,-1.114904222192486,0.0987072705692336,3.807253082250877e-89,0.0,0.0,0.0,-0.301361384409254,unicycle
3.127087177221579,6.4961328352664065,1.2104166666666665,0.0,0.0,-1.1208893805463405,0.09870528009549044,3.217517317398023e-89,0.0,0.0,0.0,-0.2992579176927087,unicycle
3.1279403781815462,6.494352667004077,1.2104166666666665,0.0,0.0,-1.1268322527600534,0.09870362695469485,2.7168137884952488e-89,0.0,0.0,0.0,-0.29714361068563555,unicycle
3.1287830110392307,6.492567502421103,1.2104166666666665,0.0,0.0,-1.1327326506009128,0.0987022546194778,2.2921485057448284e-89,0.0,0.0,0.0,-0.2950198920429929,unicycle
3.129615124687958,6.490777435426074,1.2104166666666665,0.0,0.0,-1.1385904119623804,0.09870111592163006,1.9323353479845447e-89,0.0,0.0,0.0,-0.29288806807338597,unicycle
3.1304367688785626,6.488982559556478,1.2104166666666665,0.0,0.0,-1.1444053986676315,0.09870017152271955,1.6277626761720282e-89,0.0,0.0,0.0,-0.29074933526256486,unicycle
3.131247994232756,6.487182967843759,1.2104166666666665,0.0,0.0,-1.1501774944976304,0.09869938863097753,1.3701861765582796e-89,0.0,0.0,0.0,-0.28860479149993523,unicycle
3.1320488522470584,6.485378752699137,1.2104166666666665,0.0,0.0,-1.1559066034202827,0.09869873992546545,1.1525458887941169e-89,0.0,0.0,0.0,-0.2864554461326141,unicycle
3.132839395289159,6.483570005817114,1.2104166666666665,0.0,0.0,-1.161592647999511,0.0986982026545833,9.688052933417338e-90,0.0,0.0,0.0,-0.28430222896140944,unicycle
3.133619675925149,6.481756817809433,1.2104166666666665,0.0,0.0,-1.1672362990563638,0.09869775788111322,8.138103406500261e-90,0.0,0.0,0.0,-0.2821825528426518,unicycle
3.1343897459074532,6.479939277731053,1.2104166666666665,0.0,0.0,-1.1728386030958367,0.09869738985034482,6.831663734133481e-90,0.0,0.0,0.0,-0.28011520197365086,unicycle
3.1351496562323153,6.478117473096569,1.2104166666666665,0.0,0.0,-1.1784001618620672,0.09869708546151548,5.7313100172065145e-90,0.0,0.0,0.0,-0.2780779383115327,unicycle
3.1358994578282906,6.476291490163501,1.2104166666666665,0.0,0.0,-1.1839212578425904,0.09869683382591814,4.805211233251834e-90,0.0,0.0,0.0,-0.27605479902615604,unicycle
3.1366392020474585,6.4744614141207375,1.2104166666666665,0.0,0.0,-1.1894019495867452,0.09869662589766698,4.026324261463089e-90,0.0,0.0,0.0,-0.2740345872077159,unicycle
3.1373689410060135,6.472627329207604,1.2104166666666665,0.0,0.0,-1.1948421436377539,0.09869645416533929,3.371698592095443e-90,0.0,0.0,0.0,-0.272009702550453,unicycle
3.138088727810584,6.470789318782821,1.2104166666666665,0.0,0.0,-1.2002416483938823,0.09869631239459208,2.82187705757252e-90,0.0,0.0,0.0,-0.26997523780641,unicycle
3.1387986166985313,6.468947465357881,1.2104166666666665,0.0,0.0,-1.2056002140486886,0.09869619541343826,2.360380343021829e-90,0.0,0.0,0.0,-0.26792828274030706,unicycle
3.1394986631141117,6.467101850605735,1.2104166666666665,0.0,0.0,-1.2109175618458903,0.09869609893320305,1.9732643742551574e-90,0.0,0.0,0.0,-0.2658673898600894,unicycle
3.1401889237373974,6.465252555352868,1.2104166666666665,0.0,0.0,-1.2161934051672276,0.09869601939930697,1.6487409264878682e-90,0.0,0.0,0.0,-0.26379216606686773,unicycle
3.1408694564789568,6.4633996595607695,1.2104166666666665,0.0,0.0,-1.2214274644098289,0.09869595386696839,1.3768529399622971e-90,0.0,0.0,0.0,-0.2617029621300589,unicycle
3.1415403204502335,6.461543242301135,1.2104166666666665,0.0,0.0,-1.226619477169745,0.098695899897715,1.1491970670995353e-90,0.0,0.0,0.0,-0.2596006379957967,unicycle
3.142201575917194,6.459683381727967,1.2104166666666665,0.0,0.0,-1.2317692049043798,0.09869585547326243,9.586869115966908e-91,0.0,0.0,0.0,-0.25748638673174246,unicycle
3.142853284242963,6.457820155048774,1.2104166666666665,0.0,0.0,-1.236876436977925,0.09869581892387987,7.993512572805488e-91,0.0,0.0,0.0,-0.2553616036772475,unicycle
3.1434955078237237,6.455953638496435,1.2104166666666665,0.0,0.0,-1.2419409927843952,0.09869578886883436,6.661623293924184e-91,0.0,0.0,0.0,-0.25322779032350223,unicycle
3.1441283100210624,6.454083907302718,1.2104166666666665,0.0,0.0,-1.2469627224797253,0.09869576416690048,5.548897901051164e-91,0.0,0.0,0.0,-0.25108648476651313,unicycle
3.1447517550930773,6.452211035674124,1.2104166666666665,0.0,0.0,-1.2519415067275759,0.09869574387525372,4.6197675068381297e-91,0.0,0.0,0.0,-0.24893921239252312,unicycle
3.145365908125909,6.450335096770427,1.2104166666666665,0.0,0.0,-1.2568772557651364,0.09869572721534312,3.8443459209929494e-91,0.0,0.0,0.0,-0.2467874518780171,unicycle
3.1459708349668705,6.448456162686069,1.2104166666666665,0.0,0.0,-1.2617699080191187,0.09869571354457167,3.1975383122240504e-91,0.0,0.0,0.0,-0.24463261269913603,unicycle
3.1465666021599454,6.446574304434466,1.2104166666666665,0.0,0.0,-1.2666194284434116,0.09869570233280685,2.6582865778339635e-91,0.0,0.0,0.0,-0.24247602121463604,unicycle
3.1471532768841795,6.444689591935151,1.2104166666666665,0.0,0.0,-1.271425806704707,0.09869569314290644,2.2089310445385672e-91,0.0,0.0,0.0,-0.24031891306479344,unicycle
3.1477309268952314,6.442802094003638,1.2104166666666665,0.0,0.0,-1.276189055307848,0.09869568561458086,1.8346710460195518e-91,0.0,0.0,0.0,-0.2381624301570486,unicycle
3.148299620470236,6.440911878343845,1.2104166666666665,0.0,0.0,-1.28090920772625,0.09869567945102638,1.5231094487593745e-91,0.0,0.0,0.0,-0.23600762092009261,unicycle
3.148859426355989,6.439019011542878,1.2104166666666665,0.0,0.0,-1.28558631658279,0.09869567440785866,1.2638683766807136e-91,0.0,0.0,0.0,-0.23385544282700302,unicycle
3.14941041372041,6.437123559068008,1.2104166666666665,0.0,0.0,-1.2902204519114888,0.09869567028395496,1.0482652608792067e-91,0.0,0.0,0.0,-0.23170676643494706,unicycle
3.1499526521071526,6.435225585265616,1.2104166666666665,0.0,0.0,-1.2948116995190813,0.09869566691387914,8.690399524506648e-92,0.0,0.0,0.0,-0.22956238037962176,unicycle
3.150486211393232,6.4333251533619356,1.2104166666666665,0.0,0.0,-1.2993601594572677,0.09869566416161916,7.20125018821253e-92,0.0,0.0,0.0,-0.2274229969093378,unicycle
3.1510111617494894,6.431422325465393,1.2104166666666665,0.0,0.0,-1.3038659446103908,0.09869566191541164,5.964525277820839e-92,0.0,0.0,0.0,-0.22528925765616784,unicycle
3.1515275736037154,6.429517162570395,1.2104166666666665,0.0,0.0,-1.3083291793989404,0.09869566008346708,4.937916355976335e-92,0.0,0.0,0.0,-0.22316173942746506,unicycle
3.152035517606249,6.427609724562379,1.2104166666666665,0.0,0.0,-1.3127499985962656,0.09869565859044065,4.0861215974394963e-92,0.0,0.0,0.0,-0.2210409598662662,unicycle
3.15253506459787,6.425700070224007,1.2104166666666665,0.0,0.0,-1.3171285462538316,0.09869565737451966,3.379700536795637e-92,0.0,0.0,0.0,-0.21892738287828256,unicycle
3.1530262855798052,6.42378825724234,1.2104166666666665,0.0,0.0,-1.3214649747290312,0.09869565638502131,2.7941132852498242e-92,0.0,0.0,0.0,-0.21682142375999233,unicycle
3.153509251685683,6.4218743422169045,1.2104166666666665,0.0,0.0,-1.3257594438088234,0.09869565558041227,2.3089150021855817e-92,0.0,0.0,0.0,-0.21472345398962195,unicycle
3.153984034155274,6.419958380668502,1.2104166666666665,0.0,0.0,-1.3300121199220791,0.0986956549266766,1.9070809412664688e-92,0.0,0.0,0.0,-0.212633805662759,unicycle
3.1544507043098724,6.418040427048711,1.2104166666666665,0.0,0.0,-1.3342231754334528,0.09869565439597168,1.5744412387381816e-92,0.0,0.0,0.0,-0.21055277556870103,unicycle
3.154909333529177,6.416120534749949,1.2104166666666665,0.0,0.0,-1.3383927880117281,0.09869565396552164,1.299207873735758e-92,0.0,0.0,0.0,-0.2084806289137513,unicycle
3.1553599932295464,6.4141987561160425,1.2104166666666665,0.0,0.0,-1.3425211400658197,0.09869565361670687,1.0715789932558962e-92,0.0,0.0,0.0,-0.20641760270456633,unicycle
3.155802754843512,6.412275142453234,1.2104166666666665,0.0,0.0,-1.3466084182420022,0.09869565333431528,8.834081322364078e-93,0.0,0.0,0.0,-0.20436390880914246,unicycle
3.1562376898004447,6.410349744041549,1.2104166666666665,0.0,0.0,-1.3506548129763167,0.09869565310592684,7.279278355092722e-93,0.0,0.0,0.0,-0.2023197367157202,unicycle
3.1566648695082744,6.408422610146483,1.2104166666666665,0.0,0.0,-1.354660518096542,0.098695652921408,5.995188577024026e-93,0.0,0.0,0.0,-0.2002852560112616,unicycle
3.157084365336177,6.406493789030955,1.2104166666666665,0.0,0.0,-1.3586257304685738,0.09869565277249642,4.93517525979369e-93,0.0,0.0,0.0,-0.1982606186015811,unicycle
3.157496248598152,6.40456332796748,1.2104166666666665,0.0,0.0,-1.362550649682473,0.09869565265246034,4.060550385237572e-93,0.0,0.0,0.0,-0.19624596069496214,unicycle
3.1579005905374173,6.402631273250535,1.2104166666666665,0.0,0.0,-1.3664354777738803,0.09869565255581902,3.3392347272609265e-93,0.0,0.0,0.0,-0.1942414045703812,unicycle
3.158297462311554,6.400697670209064,1.2104166666666665,0.0,0.0,-1.3702804189768893,0.09869565247811377,2.744641199109644e-93,0.0,0.0,0.0,-0.19224706015044152,unicycle
3.1586869349783493,6.398762563219115,1.2104166666666665,0.0,0.0,-1.3740856795048475,0.09869565241572015,2.254744726297301e-93,0.0,0.0,0.0,-0.19026302639791592,unicycle
3.159069079482279,6.396825995716566,1.2104166666666665,0.0,0.0,-1.3778514673559172,0.09869565236569433,1.8513078682790255e-93,0.0,0.0,0.0,-0.18828939255348806,unicycle
3.1594439666415903,6.3948880102099235,1.2104166666666665,0.0,0.0,-1.3815779921405362,0.09869565232564735,1.5192364221027472e-93,0.0,0.0,0.0,-0.18632623923093744,unicycle
3.159811667135935,6.392948648293181,1.2104166666666665,0.0,0.0,-1.3852654649282299,0.09869565229364227,1.2460434481495657e-93,0.0,0.0,0.0,-0.18437363938467294,unicycle
3.1601722514945187,6.391007950658696,1.2104166666666665,0.0,0.0,-1.3889140981114942,0.09869565226811008,1.0214036882154063e-93,0.0,0.0,0.0,-0.1824316591632165,unicycle
3.1605257900847388,6.389065957110095,1.2104166666666665,0.0,0.0,-1.3925241052847142,0.09869565224778105,8.367833065989259e-94,0.0,0.0,0.0,-0.18050035866099443,unicycle
3.1608723531012637,6.3871227065751786,1.2104166666666665,0.0,0.0,-1.3960957011363064,0.09869565223162874,6.85132365980874e-94,0.0,0.0,0.0,-0.17857979257961942,unicycle
3.161212010555549,6.385178237118816,1.2104166666666665,0.0,0.0,-1.3996291013524813,0.09869565221882418,5.60629528068124e-94,0.0,0.0,0.0,-0.17667001080875125,unicycle
3.161544832265744,6.383232585955818,1.2104166666666665,0.0,0.0,-1.4031245225311935,0.09869565220869868,4.584702086545319e-94,0.0,0.0,0.0,-0.17477105893561018,unicycle
3.1618708878469843,6.381285789463777,1.2104166666666665,0.0,0.0,-1.4065821821050188,0.09869565220071352,3.746908722299786e-94,0.0,0.0,0.0,-0.17288297869128516,unicycle
3.162190246702037,6.379337883195877,1.2104166666666665,0.0,0.0,-1.4100022982718416,0.09869565219443517,3.0602336829670104e-94,0.0,0.0,0.0,-0.17100580834112666,unicycle
3.1625029780122893,6.3773889018936405,1.2104166666666665,0.0,0.0,-1.4133850899323561,0.09869565218951523,2.497742286367946e-94,0.0,0.0,0.0,-0.16913958302573925,unicycle
3.162809150729062,6.37543887949963,1.2104166666666665,0.0,0.0,-1.4167307766335235,0.09869565218567415,2.037246943078246e-94,0.0,0.0,0.0,-0.16728433505838575,unicycle
3.1631255594215935,6.373379247715911,1.2104166666666665,0.0,0.0,-1.4199974406705862,0.10418974765484132,1.6604795035178013e-94,0.0,0.0,0.0,-0.16333320185311845,unicycle
3.1634768518884826,6.371042827390827,1.2104166666666665,0.0,0.0,-1.423120986642135,0.11813414907842507,1.3524063795681103e-94,0.0,0.0,0.0,-0.15617729857743257,unicycle
3.1638773630610344,6.368322993701659,1.2104166666666665,0.0,0.0,-1.4260616303990359,0.13745826587017967,1.1006620731019307e-94,0.0,0.0,0.0,-0.14703218784504501,unicycle
3.164334267117832,6.36515789961196,1.2104166666666665,0.0,0.0,-1.4287974608633887,0.15989518670367062,8.950808573110305e-95,0.0,0.0,0.0,-0.13679152321764032,unicycle
3.164849904896195,6.361518304143007,1.2104166666666665,0.0,0.0,-1.4313194947619923,0.1837970664787838,7.273097837664521e-95,0.0,0.0,0.0,-0.12610169493020001,unicycle
3.1654234660804863,6.3573982371397495,1.2104166666666665,0.0,0.0,-1.4336279010153476,0.20798997708706324,5.9048904188760865e-95,0.0,0.0,0.0,-0.11542031266776381,unicycle
3.166052181766524,6.3528078904734695,1.2104166666666665,0.0,0.0,-1.4357291387359647,0.2316601704478379,4.789880726804703e-95,0.0,0.0,0.0,-0.10506188603086505,unicycle
3.1667321540060716,6.347768251082601,1.2104166666666665,0.0,0.0,-1.4376338063808158,0.25426529086006716,3.8818781452814805e-95,0.0,0.0,0.0,-0.09523338224254682,unicycle
3.167458921196581,6.342307091217518,1.2104166666666665,0.0,0.0,-1.4393550422856518,0.27546535678215645,3.143011018070786e-95,0.0,0.0,0.0,-0.08606179524179282,unicycle
3.1682278343090697,6.336456011124586,1.2104166666666665,0.0,0.0,-1.4409073507644137,0.29506936736028705,2.5422460260766537e-95,0.0,0.0,0.0,-0.07761542393809163,unicycle
3.1690342996089425,6.330248293279414,1.2104166666666665,0.0,0.0,-1.4423057549354863,0.31299422323334225,2.0541681618881866e-95,0.0,0.0,0.0,-0.0699202085536093,unicycle
3.1698739284665645,6.323717378343335,1.2104166666666665,0.0,0.0,-1.4435651988418803,0.3292333224782409,1.6579759268008602e-95,0.0,0.0,0.0,-0.06297219531969894,unicycle
3.1707426234531084,6.316895813786971,1.2104166666666665,0.0,0.0,-1.4447001383895608,0.3438327320524066,1.3366541925431172e-95,0.0,0.0,0.0,-0.056746977384047693,unicycle
3.1716366214641387,6.309814558611312,1.2104166666666665,0.0,0.0,-1.4457242740381022,0.35687326797903485,1.076293654658692e-95,0.0,0.0,0.0,-0.05120678242708014,unicycle
3.172552508448192,6.302502553419439,1.2104166666666665,0.0,0.0,-1.4466503887619935,0.36845716431791276,8.655311814494698e-96,0.0,0.0,0.0,-0.046305736194558925,unicycle
3.173487215880085,6.294986485559421,1.2104166666666665,0.0,0.0,-1.4474902631363566,0.3786982883236102,6.950898187499251e-96,0.0,0.0,0.0,-0.041993718718176636,unicycle
3.174438005959396,6.287290695230058,1.2104166666666665,0.0,0.0,-1.4482546459490697,0.387715080620182,5.574009024936847e-96,0.0,0.0,0.0,-0.038219140635647665,unicycle
3.1753888541812842,6.279546530125853,1.2104166666666665,0.0,0.0,-1.4489959042611664,0.39011603494885816,4.462937878489682e-96,0.0,0.0,0.0,-0.03706291560482422,unicycle
3.176316645220502,6.2719419307449895,1.2104166666666665,0.0,0.0,-1.4497888652943538,0.3830493800779263,3.56741233657473e-96,0.0,0.0,0.0,-0.03964805165937793,unicycle
3.177205906293481,6.264601596841324,1.2104166666666665,0.0,0.0,-1.4506843678952017,0.3697001850376242,2.8465057385116793e-96,0.0,0.0,0.0,-0.04477513004238705,unicycle
3.1780469122128485,6.257603129139921,1.2104166666666665,0.0,0.0,-1.451715251211489,0.352440936626856,2.2669253813187336e-96,0.0,0.0,0.0,-0.05154416581436759,unicycle
3.178834236003542,6.250989511796446,1.2104166666666665,0.0,0.0,-1.4529009451443249,0.33301583413676705,1.8016101454186617e-96,0.0,0.0,0.0,-0.059284696641787496,unicycle
3.1795656215962995,6.244778708407586,1.2104166666666665,0.0,0.0,-1.4542509834833457,0.3126859828981257,1.4285822817667843e-96,0.0,0.0,0.0,-0.06750191695103647,unicycle
3.18024110116774,6.238970990049254,1.2104166666666665,0.0,0.0,-1.4557676872737357,0.2923434270448877,1.1300078598631345e-96,0.0,0.0,0.0,-0.07583518951950202,unicycle
3.1808623050119222,6.233554488418583,1.2104166666666665,0.0,0.0,-1.4574482093510015,0.27260039951650955,8.914284288695133e-97,0.0,0.0,0.0,-0.08402610386328763,unicycle
3.1814319260901605,6.228509365820651,1.2104166666666665,0.0,0.0,-1.4592860872749827,0.25385890498925134,7.0113308712779e-97,0.0,0.0,0.0,-0.09189389619905358,unicycle
3.181953309897531,6.2238109122121745,1.2104166666666665,0.0,0.0,-1.4612724181599748,0.2363647326338263,5.49645632922021e-97,0.0,0.0,0.0,-0.09931654424960323,unicycle
3.1824301458118756,6.219431814162653,1.2104166666666665,0.0,0.0,-1.4633967428698174,0.2202491743094888,4.293059836579156e-97,0.0,0.0,0.0,-0.10621623549212478,unicycle
3.1828662400944987,6.215343788378307,1.2104166666666665,0.0,0.0,-1.4656477069759826,0.20556106254297193,3.3392876931629405e-97,0.0,0.0,0.0,-0.11254820530825303,unicycle
3.1832653538985394,6.21151873083752,1.2104166666666665,0.0,0.0,-1.468013550408426,0.19229121091228313,2.5852506779681865e-97,0.0,0.0,0.0,-0.11829217162216654,unicycle
3.183631092339591,6.20792949954071,1.2104166666666665,0.0,0.0,-1.4704824658136255,0.18039091247251637,1.990757693974856e-97,0.0,0.0,0.0,-0.12344577025996144,unicycle
3.18396683303545,6.20455042269526,1.2104166666666665,0.0,0.0,-1.4730428564588713,0.1697858094897521,1.5234713012039823e-97,0.0,0.0,0.0,-0.12801953226228205,unicycle
3.184275684585489,6.201357603467655,1.2104166666666665,0.0,0.0,-1.4756835174573955,0.16038617365013047,1.157407772496441e-97,0.0,0.0,0.0,-0.1320330499262024,unicycle
3.184560467259222,6.198329076132828,1.2104166666666665,0.0,0.0,-1.4783937586491456,0.15209441683559505,8.717183057582948e-98,0.0,0.0,0.0,-0.1355120595874813,unicycle
3.1848237097128584,6.195444855642393,1.2104166666666665,0.0,0.0,-1.4811634832817653,0.1448104777731209,6.496995231804273e-98,0.0,0.0,0.0,-0.13848623163099427,unicycle
3.185067656867338,6.192686912602024,1.2104166666666665,0.0,0.0,-1.4839832334065814,0.13843559068475356,4.779908244671731e-98,0.0,0.0,0.0,-0.14098750624080506,unicycle
3.1852942851797166,6.19003909781884,1.2104166666666665,0.0,0.0,-1.4868442104126973,0.1328748314693683,3.459239023681837e-98,0.0,0.0,0.0,-0.14304885030578002,unicycle
3.1855053224434857,6.187487034492545,1.2104166666666665,0.0,0.0,-1.489738277197861,0.12803874926260142,2.449960758196782e-98,0.0,0.0,0.0,-0.1447033392581836,unicycle
3.1857022699859154,6.185017991412403,1.2104166666666665,0.0,0.0,-1.4926579466851764,0.12384432187402823,1.6844429692304986e-98,0.0,0.0,0.0,-0.14598347436577394,unicycle
3.1858949608952583,6.182510331413579,1.2104166666666665,0.0,0.0,-1.4955542663533599,0.12575266277612357,1.1090094729985328e-98,0.0,0.0,0.0,-0.1448159834091834,unicycle
3.1860966203590944,6.179784294800604,1.2104166666666665,0.0,0.0,-1.4983567195674976,0.13667431218836754,6.811602546903712e-99,0.0,0.0,0.0,-0.14012266070687693,unicycle
3.186314671092456,6.176722998569323,1.2104166666666665,0.0,0.0,-1.5010196452098146,0.15345264989568086,3.6733178423756114e-99,0.0,0.0,0.0,-0.13314628211583535,unicycle
3.1865526181022665,6.173256206647387,1.2104166666666665,0.0,0.0,-1.5035157989199108,0.17374745522847995,1.4109361600527565e-99,0.0,0.0,0.0,-0.1248076855048128,unicycle
3.1868114301131336,6.16934779727039,1.2104166666666665,0.0,0.0,-1.5058313901000324,0.19584850248800315,-1.8301842703806703e-100,0.0,0.0,0.0,-0.11577955900607213,unicycle
3.1870905176909394,6.164986141012073,1.2104166666666665,0.0,0.0,-1.5079622778931947,0.21852884489114638,-1.2708396273552245e-99,0.0,0.0,0.0,-0.10654438965811217,unicycle
3.1873884041363065,6.160176763974904,1.2104166666666665,0.0,0.0,-1.5099110746790376,0.2409297157283795,-1.9789780837948415e-99,0.0,0.0,0.0,-0.09743983929215926,unicycle
3.1877031709731787,6.154936798974796,1.2104166666666665,0.0,0.0,-1.5116849578419973,0.26247056306287897,-2.405518806361309e-99,0.0,0.0,0.0,-0.0886941581480076,unicycle
3.188032743095214,6.149290830109645,1.2104166666666665,0.0,0.0,-1.5132940322377595,0.28277901756975654,-2.626158075659446e-99,0.0,0.0,0.0,-0.08045371978811482,unicycle
3.188375062969982,6.1432678181460805,1.2104166666666665,0.0,0.0,-1.514750119003916,0.3016366292414477,-2.6989724240088206e-99,0.0,0.0,0.0,-0.07280433830782992,unicycle
3.188728190132762,6.136898859784331,1.2104166666666665,0.0,0.0,-1.5160658728090608,0.3189370442453642,-2.6682165100637928e-99,0.0,0.0,0.0,-0.06578769025721926,unicycle
3.1890903518015636,6.130215586299198,1.2104166666666665,0.0,0.0,-1.5172541506618384,0.3346539661448922,-2.567341355037991e-99,0.0,0.0,0.0,-0.05941389263889864,unicycle
3.189459962574603,6.1232490488863105,1.2104166666666665,0.0,0.0,-1.518327572092829,0.34881678687349554,-2.4213875796901573e-99,0.0,0.0,0.0,-0.053671071549528306,unicycle
3.189835625404728,6.116028971342025,1.2104166666666665,0.0,0.0,-1.5192982237487063,0.36149220742430055,-2.2488783965463426e-99,0.0,0.0,0.0,-0.04853258279383306,unicycle
3.1902161219301295,6.1085832771473445,1.2104166666666665,0.0,0.0,-1.5201774718989074,0.37277051662972605,-2.0633128837712648e-99,0.0,0.0,0.0,-0.043962407510080605,unicycle
3.1906003973713917,6.100937818965389,1.2104166666666665,0.0,0.0,-1.5209758546105125,0.3827554752695659,-1.874340443334078e-99,0.0,0.0,0.0,-0.039919135580257656,unicycle
3.190987543247399,6.0931162550931575,1.2104166666666665,0.0,0.0,-1.5217030318463043,0.39155697554473706,-1.6886814671825223e-99,0.0,0.0,0.0,-0.03635886178960587,unicycle
3.1913767798557684,6.0851400304165475,1.2104166666666665,0.0,0.0,-1.5223677768437978,0.39928582361939713,-1.5108463995714128e-99,0.0,0.0,0.0,-0.03323724987468389,unicycle
3.1917674396110773,6.0770284296163775,1.2104166666666665,0.0,0.0,-1.5229779961270458,0.40605013431907105,-1.3436950193497674e-99,0.0,0.0,0.0,-0.03051096416240856,unicycle
3.1921589517926634,6.0687986783375365,1.2104166666666665,0.0,0.0,-1.5235407686184084,0.41195293933742355,-1.1888694065771828e-99,0.0,0.0,0.0,-0.02813862456814555,unicycle
3.192550828920895,6.060466074225162,1.2104166666666665,0.0,0.0,-1.5240623967378457,0.41709069923410674,-1.0471273235198092e-99,0.0,0.0,0.0,-0.026081405971864497,unicycle
3.192942654784923,6.052044134521497,1.2104166666666665,0.0,0.0,-1.5245484642492202,0.42155247976796995,-9.185973217775143e-100,0.0,0.0,0.0,-0.024303375568716104,unicycle
3.1933340740370104,6.043544750601223,1.2104166666666665,0.0,0.0,-1.5250038970532926,0.42541960846449256,-8.029725336613266e-100,0.0,0.0,0.0,-0.02277164020362781,unicycle
3.1937247832155573,6.034978342638233,1.2104166666666665,0.0,0.0,-1.5254330242283811,0.42876567078956596,-6.996566127359598e-100,0.0,0.0,0.0,-0.021456358754433264,unicycle
3.194114523039158,6.026354009731573,1.2104166666666665,0.0,0.0,-1.5258396374557537,0.4316567393250003,-6.078724898524455e-100,0.0,0.0,0.0,-0.020330661368634317,unicycle
3.1945030718132834,6.017679672422282,1.2104166666666665,0.0,0.0,-1.526227047596165,0.43415175586489274,-5.267423725200549e-100,0.0,0.0,0.0,-0.019370507020570332,unicycle
3.1948902398006696,6.008962205724829,1.2104166666666665,0.0,0.0,-1.5265981376527198,0.4363030069385723,-4.553456281034186e-100,0.0,0.0,0.0,-0.018554502827757953,unicycle
3.195275864420719,6.000207561670478,1.2104166666666665,0.0,0.0,-1.5269554116999229,0.43815664916448277,-3.927597668277556e-100,0.0,0.0,0.0,-0.0178637023601561,unicycle
3.195659806158998,5.9914208809890255,1.2104166666666665,0.0,0.0,-1.52730103960804,0.4397532530471688,-3.3808860755062846e-100,0.0,0.0,0.0,-0.01728139540586236,unicycle
3.196041945083427,5.982606593998031,1.2104166666666665,0.0,0.0,-1.5276368975682886,0.44112834314081095,-2.904808100366832e-100,0.0,0.0,0.0,-0.01679289801242677,unicycle
3.19642217787814,5.973768511070073,1.2104166666666665,0.0,0.0,-1.5279646045454756,0.44231291954894686,-2.491412455017714e-100,0.0,0.0,0.0,-0.016385348859348614,unicycle
3.1968004153187857,5.9649099032442585,1.2104166666666665,0.0,0.0,-1.5282855548642766,0.4433339510119568,-2.1333711494677237e-100,0.0,0.0,0.0,-0.01604751594005379,unicycle
3.1971765801242573,5.956033573665346,1.2104166666666665,0.0,0.0,-1.5286009471840174,0.4442148337478672,-1.8240028206219007e-100,0.0,0.0,0.0,-0.015769615987045946,unicycle
3.1975506051294214,5.947141920593792,1.2104166666666665,0.0,0.0,-1.528911810142832,0.44497581307072864,-1.5572693995299558e-100,0.0,0.0,0.0,-0.015543147940737596,unicycle
3.197922431731668,5.938236992748835,1.2104166666666665,0.0,0.0,-1.5292190249617381,0.44563436686029373,-1.3277545909570454e-100,0.0,0.0,0.0,-0.015360740945301661,unicycle
3.1982920085710544,5.929320537736801,1.2104166666666665,0.0,0.0,-1.5295233452973163,0.44620555138989676,-1.1306305214872705e-100,0.0,0.0,0.0,-0.015216016778905063,unicycle
3.1986592904097506,5.920394044287494,1.2104166666666665,0.0,0.0,-1.529825414621964,0.44670231098707897,-9.616172696454826e-101,0.0,0.0,0.0,-0.015103466232385739,unicycle
3.199019496256118,5.911570253735895,1.2104166666666665,0.0,0.0,-1.5301683033918188,0.4415569858873499,-8.169387238448003e-101,0.0,0.0,0.0,-0.017144438492717087,unicycle
3.1993650723083156,5.903021710866513,1.2104166666666665,0.0,0.0,-1.5306180663762197,0.4277762535234139,-6.932772414371526e-101,0.0,0.0,0.0,-0.022488149220041227,unicycle
3.1996907825761145,5.8948585155156765,1.2104166666666665,0.0,0.0,-1.5312171943412138,0.4084845392146402,-5.877288411347762e-101,0.0,0.0,0.0,-0.029956398249716777,unicycle
3.1999932622052882,5.887144650622607,1.2104166666666665,0.0,0.0,-1.5319906952899667,0.38598966464773454,-4.977601010174464e-101,0.0,0.0,0.0,-0.03867504743764337,unicycle
3.2002706488949135,5.87991056027303,1.2104166666666665,0.0,0.0,-1.532950755558232,0.3619703392093268,-4.211675151505482e-101,0.0,0.0,0.0,-0.04800301341327282,unicycle
3.200522260626973,5.873162778657914,1.2104166666666665,0.0,0.0,-1.5341002990446881,0.3376235707487641,-3.5603975180144136e-101,0.0,0.0,0.0,-0.05747717432282208,unicycle
3.200748311215707,5.866891248127448,1.2104166666666665,0.0,0.0,-1.535435694194314,0.31378017749627607,-3.007230303414258e-101,0.0,0.0,0.0,-0.06676975748129357,unicycle
3.2009496632606447,5.861074833496175,1.2104166666666665,0.0,0.0,-1.5369488020918554,0.29099496675725595,-2.537896724847925e-101,0.0,0.0,0.0,-0.0756553948770805,unicycle
3.2011276193848346,5.855685434530999,1.2104166666666665,0.0,0.0,-1.5386285156328345,0.2696168412053201,-2.1400977112363242e-101,0.0,0.0,0.0,-0.08398567704896018,unicycle
3.2012837514196493,5.850691014252771,1.2104166666666665,0.0,0.0,-1.540461907486826,0.2498430413372082,-1.803258446234161e-101,0.0,0.0,0.0,-0.09166959269956504,unicycle
3.201419765471245,5.846057793305464,1.2104166666666665,0.0,0.0,-1.5424350778082276,0.23176088507168768,-1.5183029668267754e-101,0.0,0.0,0.0,-0.09865851607008365,unicycle
3.201540546027189,5.841640044268031,1.2104166666666665,0.0,0.0,-1.5444915115695714,0.22097002841669738,-1.2774547447931289e-101,0.0,0.0,0.0,-0.10282168806719137,unicycle
3.2016519609415925,5.837232768514687,1.2104166666666665,0.0,0.0,-1.5465523695454102,0.22043422901340282,-1.0740610524309362e-101,0.0,0.0,0.0,-0.10304289879193969,unicycle
3.2017574304779197,5.8326950078466036,1.2104166666666665,0.0,0.0,-1.5485633726634733,0.22694934813262052,-9.024388933720231e-102,0.0,0.0,0.0,-0.10055015590314964,unicycle
3.2018587148051005,5.827933950675481,1.2104166666666665,0.0,0.0,-1.5504887070345055,0.23810675603104475,-7.57740331561691e-102,0.0,0.0,0.0,-0.09626671855160239,unicycle
3.201956523555956,5.822892589801671,1.2104166666666665,0.0,0.0,-1.5523062948706245,0.2521155142551844,-6.358351521022897e-102,0.0,0.0,0.0,-0.09087939180595975,unicycle
3.2020509557062726,5.8175401848786,1.2104166666666665,0.0,0.0,-1.5540041424312454,0.267661926577449,-5.332089184632277e-102,0.0,0.0,0.0,-0.08489237803105504,unicycle
3.2021417986245533,5.811864933961358,1.2104166666666665,0.0,0.0,-1.5555775350008691,0.28379892554263664,-4.468746381481446e-102,0.0,0.0,0.0,-0.07866962848118769,unicycle
3.202228719435589,5.805868379728932,1.2104166666666665,0.0,0.0,-1.557026896076961,0.29985923441609486,-3.742964035993995e-102,0.0,0.0,0.0,-0.07246805380459909,unicycle
3.202311378823075,5.7995611731015195,1.2104166666666665,0.0,0.0,-1.5583561657046747,0.3153874358380837,-3.1332353005479327e-102,0.0,0.0,0.0,-0.06646348138568531,unicycle
3.2023894917796643,5.792959894816462,1.2104166666666665,0.0,0.0,-1.559571583080261,0.33008704153592916,-2.621338625419095e-102,0.0,0.0,0.0,-0.06077086877932592,unicycle
3.2024628539048643,5.786084697864794,1.2104166666666665,0.0,0.0,-1.5606807826446738,0.34377943500330965,-2.1918506710481946e-102,0.0,0.0,0.0,-0.05545997822063373,unicycle
3.202531346651195,5.7789575835520735,1.2104166666666665,0.0,0.0,-1.5616921321035804,0.3563721861092363,-1.8317285480808527e-102,0.0,0.0,0.0,-0.05056747294534136,unicycle
3.202594930746869,5.771601163764673,1.2104166666666665,0.0,0.0,-1.5626142561071719,0.3678347416321902,-1.5299521003499355e-102,0.0,0.0,0.0,-0.046106200179564974,unicycle
3.202653633872278,5.764037793758365,1.2104166666666665,0.0,0.0,-1.5634557014817452,0.3781799019140215,-1.2772180670508363e-102,0.0,0.0,0.0,-0.042072268728664375,unicycle
3.2027075363949953,5.7562889850251375,1.2104166666666665,0.0,0.0,-1.5642247095517612,0.38744982005828277,-1.0656789734061643e-102,0.0,0.0,0.0,-0.03845040350079643,unicycle
3.202756757393085,5.74837502781877,1.2104166666666665,0.0,0.0,-1.5649290687297268,0.39570552169622125,-8.887205077704394e-103,0.0,0.0,0.0,-0.03521795889828963,unicycle
3.2028014421468347,5.7403147687654625,1.2104166666666665,0.0,0.0,-1.5655760265866325,0.40301915276993994,-7.407719530085595e-103,0.0,0.0,0.0,-0.03234789284527427,unicycle
3.2028417516085437,5.732125501489438,1.2104166666666665,0.0,0.0,-1.5661722453726468,0.40946833014762796,-6.171449579024302e-103,0.0,0.0,0.0,-0.0298109393006959,unicycle
3.2028778539538543,5.7238229380191346,1.2104166666666665,0.0,0.0,-1.5667237886969694,0.4151321033876785,-5.138965677178533e-103,0.0,0.0,0.0,-0.027577166216122866,unicycle
3.2029099180898584,5.715421236450457,1.2104166666666665,0.0,0.0,-1.5672361300059434,0.42008814224535795,-4.2771298951548817e-103,0.0,0.0,0.0,-0.02561706544871048,unicycle
3.2029381088824396,5.706933066365845,1.2104166666666665,0.0,0.0,-1.5677141757869073,0.42441084893713016,-3.5581105483997284e-103,0.0,0.0,0.0,-0.023902289048191982,unicycle
3.202962583824303,5.698369698191673,1.2104166666666665,0.0,0.0,-1.5681622982054613,0.428170161081932,-2.9585476730632167e-103,0.0,0.0,0.0,-0.022406120927704814,unicycle
3.202983490866234,5.689741106302001,1.2104166666666665,0.0,0.0,-1.568584373262571,0.43143086412605824,-2.458846921445313e-103,0.0,0.0,0.0,-0.021103752855486952,unicycle
3.203000967157765,5.681056078467909,1.2104166666666665,0.0,0.0,-1.5689838216203118,0.43425227374956515,-2.042582652959378e-103,0.0,0.0,0.0,-0.01997241788704171,unicycle
3.203015138477334,5.672322326387195,1.2104166666666665,0.0,0.0,-1.5693636500588721,0.43668818151720323,-1.6959937698813894e-103,0.0,0.0,0.0,-0.01899142192801142,unicycle
3.2030261191686042,5.663546593651164,1.2104166666666665,0.0,0.0,-1.5697264921465035,0.4387869826999262,-1.4075582412587435e-103,0.0,0.0,0.0,-0.018142104381579004,unicycle
3.2030340124347307,5.654734758726541,1.2104166666666665,0.0,0.0,-1.5700746471711866,0.44059192521763074,-1.1676343207628339e-103,0.0,0.0,0.0,-0.017407751234150177,unicycle
3.203038910873808,5.645891931440489,1.2104166666666665,0.0,0.0,-1.5704101167316715,0.4421414342125098,-9.681582375038809e-104,0.0,0.0,0.0,-0.016773478024252043,unicycle
3.2030408971656628,5.637022542125962,1.2104166666666665,0.0,0.0,-1.5707346386430023,0.4434694787930399,-8.02389660695199e-104,0.0,0.0,0.0,-0.0162260955665341,unicycle
3.20304004484248,5.628130423068795,1.2104166666666665,0.0,0.0,-1.571049717998642,0.4446059567398762,-6.646975430073376e-104,0.0,0.0,0.0,-0.015753967781987795,unicycle
3.2030364190937886,5.619218882240694,1.2104166666666665,0.0,0.0,-1.571356655364468,0.4455770800334058,-5.50380062949314e-104,0.0,0.0,0.0,-0.015346868291303991,unicycle
3.2030300775705727,5.6102907695378486,1.2104166666666665,0.0,0.0,-1.5716565721720936,0.44640574942286426,-4.5551333949533123e-104,0.0,0.0,0.0,-0.014995840381282483,unicycle
3.20302107116432,5.601348535899837,1.2104166666666665,0.0,0.0,-1.5719504334403356,0.44711191028521696,-3.768244050273341e-104,0.0,0.0,0.0,-0.014693063412109263,unicycle
3.203009444745232,5.592394285778601,1.2104166666666665,0.0,0.0,-1.572239067992006,0.44771288501646206,-3.115846151654175e-104,0.0,0.0,0.0,-0.01443172758351137,unicycle
3.2029952378500925,5.583429823478423,1.2104166666666665,0.0,0.0,-1.5725231863546334,0.44822367939391683,-2.5752026330568295e-104,0.0,0.0,0.0,-0.014205918131367883,unicycle
3.202978485314885,5.574456693907366,1.2104166666666665,0.0,0.0,-1.5728033965428987,0.44865726193064753,-2.1273766849225112e-104,0.0,0.0,0.0,-0.014010509413277325,unicycle
3.202959217847452,5.565476216744027,1.2104166666666665,0.0,0.0,-1.573080217876565,0.4490248930503769,-1.756604304217999e-104,0.0,0.0,0.0,-0.013841066683315164,unicycle
3.202937462547377,5.556489518315622,1.2104166666666665,0.0,0.0,-1.5733540931361456,0.4493362394715774,-1.449769059596656e-104,0.0,0.0,0.0,-0.013693762979026462,unicycle
3.202913243375175,5.5474975604108385,1.2104166666666665,0.0,0.0,-1.5736253992028029,0.44959952742875015,-1.1959626704289366e-104,0.0,0.0,0.0,-0.013565303332853496,unicycle
3.2028865815670713,5.538501163604506,1.2104166666666665,0.0,0.0,-1.5738944562703192,0.44982181704884544,-9.861175842529727e-105,0.0,0.0,0.0,-0.013452853375817597,unicycle
3.202857496002528,5.529501027473846,1.2104166666666665,0.0,0.0,-1.5741615358441055,0.4500091577456656,-8.126999238757153e-105,0.0,0.0,0.0,-0.013353978689320128,unicycle
3.20282600352851,5.520497748078581,1.2104166666666665,0.0,0.0,-1.5744268676713462,0.4501667250049809,-6.694530228990705e-105,0.0,0.0,0.0,-0.013266591362032941,unicycle
3.2027921192445477,5.511491833042015,1.2104166666666665,0.0,0.0,-1.5746906457327567,0.4502989403186343,-5.511833281345077e-105,0.0,0.0,0.0,-0.013188903070536644,unicycle
3.20275585675252,5.502483714535976,1.2104166666666665,0.0,0.0,-1.5749530334132271,0.45040957597713965,-4.535817629842722e-105,0.0,0.0,0.0,-0.013119384023506353,unicycle
3.2027172283749032,5.493473760440005,1.2104166666666665,0.0,0.0,-1.5752141679560911,0.4505018463457407,-3.730747547344959e-105,0.0,0.0,0.0,-0.013056727143211289,unicycle
3.20267624534499,5.484462283914818,1.2104166666666665,0.0,0.0,-1.5754741642940884,0.4505784871423574,-3.067000626094129e-105,0.0,0.0,0.0,-0.012999816899872233,unicycle
3.2026329179722914,5.475449551602007,1.2104166666666665,0.0,0.0,-1.575733118339295,0.4506418241173971,-2.52003329408797e-105,0.0,0.0,0.0,-0.012947702260333848,unicycle
3.2025872557860766,5.466435790636467,1.2104166666666665,0.0,0.0,-1.5759911098044932,0.4506938324123328,-2.069519405571715e-105,0.0,0.0,0.0,-0.012899573259910983,unicycle
3.202539267659689,5.457421194634894,1.2104166666666665,0.0,0.0,-1.5762482046195592,0.4507361877513768,-1.6986332992118215e-105,0.0,0.0,0.0,-0.012854740753296949,unicycle
3.2024889619180437,5.4484059288030044,1.2104166666666665,0.0,0.0,-1.5765044569984752,0.4507703105020177,-1.393453383213137e-105,0.0,0.0,0.0,-0.012812618945809295,unicycle
3.2024363464304164,5.4393901342856354,1.2104166666666665,0.0,0.0,-1.5767599112054587,0.45079740352791353,-1.1424662226715663e-105,0.0,0.0,0.0,-0.012772710349171787,unicycle
3.2023814286904244,5.430373931867526,1.2104166666666665,0.0,0.0,-1.5770146030623782,0.4508184846530381,-9.36154389198223e-106,0.0,0.0,0.0,-0.012734592845997433,unicycle
3.2023242158848637,5.4213574251181,1.2104166666666665,0.0,0.0,-1.577268561234056,0.45083441445976236,-7.666540863818297e-106,0.0,0.0,0.0,-0.012697908583895016,unicycle
3.202264714952873,5.412340703060889,1.2104166666666665,0.0,0.0,-1.5775218083231275,0.4508459200559679,-6.274708714972488e-106,0.0,0.0,0.0,-0.01266235445359253,unicycle
3.20220293263672,5.403323842437084,1.2104166666666665,0.0,0.0,-1.5777743618018414,0.4508536153672387,-5.132437253501469e-106,0.0,0.0,0.0,-0.012627673935698096,unicycle
3.2021388755253364,5.394306909623036,1.2104166666666665,0.0,0.0,-1.5780262348043979,0.45085801843934353,-4.195493384198804e-106,0.0,0.0,0.0,-0.012593650127827679,unicycle
3.2020725500915868,5.385289962253044,1.2104166666666665,0.0,0.0,-1.5782774368001578,0.4508595661731379,-3.427398332056562e-106,0.0,0.0,0.0,-0.012560099787996819,unicycle
3.2020039627241363,5.376273050591467,1.2104166666666665,0.0,0.0,-1.5785279741651903,0.4508586268581339,-2.7980827256637066e-106,0.0,0.0,0.0,-0.012526868251609521,unicycle
3.201933119754662,5.367256218691851,1.2104166666666665,0.0,0.0,-1.5787778506671564,0.4508555108217153,-2.282772477741502e-106,0.0,0.0,0.0,-0.012493825098305269,unicycle
3.201860027481056,5.3582395053752805,1.2104166666666665,0.0,0.0,-1.5790270678763878,0.4508504794677089,-1.8610662816071907e-106,0.0,0.0,0.0,-0.012460860461572389,unicycle
3.201784692187182,5.349222945055459,1.2104166666666665,0.0,0.0,-1.5792756255141605,0.4508437529401701,-1.5161721198586118e-106,0.0,0.0,0.0,-0.012427881888626473,unicycle
3.2017071201596785,5.34020656843395,1.2104166666666665,0.0,0.0,-1.5795235217475765,0.45083551661522947,-1.2342756679314892e-106,0.0,0.0,0.0,-0.012394811670800122,unicycle
3.2016273177022168,5.331190403085542,1.2104166666666665,0.0,0.0,-1.5797707534390923,0.4508259265951451,-1.0040180490835244e-106,0.0,0.0,0.0,-0.01236158457579661,unicycle
3.2015452911475886,5.322174473950704,1.2104166666666665,0.0,0.0,-1.5800173163575486,0.4508151143538146,-8.160642086481079e-107,0.0,0.0,0.0,-0.012328145922811659,unicycle
3.2014610468679248,5.313158803749548,1.2104166666666665,0.0,0.0,-1.5802632053565464,0.4508031906614718,-6.627463496548773e-107,0.0,0.0,0.0,-0.012294449949895545,unicycle
3.2013745912833222,5.304143413329544,1.2104166666666665,0.0,0.0,-1.5805084145251502,0.45079024889770525,-5.377695143167395e-107,0.0,0.0,0.0,-0.012260458430167532,unicycle
3.2012859308691066,5.295128321957333,1.2104166666666665,0.0,0.0,-1.580752937315145,0.45077636784593295,-4.3596859448024024e-107,0.0,0.0,0.0,-0.01222613949974609,unicycle
3.2011950721619273,5.286113547563451,1.2104166666666665,0.0,0.0,-1.580996766648458,0.4507616140487007,-3.531078825894262e-107,0.0,0.0,0.0,-0.012191466665646801,unicycle
3.2011020217648603,5.277099106947378,1.2104166666666665,0.0,0.0,-1.5812398950077882,0.45074604379136507,-2.8571579461409297e-107,0.0,0.0,0.0,-0.012156417966536694,unicycle
3.2010067863516585,5.268085015949196,1.2104166666666665,0.0,0.0,-1.5814823145130528,0.4507297047716006,-2.309486592128505e-107,0.0,0.0,0.0,-0.01212097526321765,unicycle
3.2009093726538773,5.25907128805778,1.2104166666666665,0.0,0.0,-1.5817240169428617,0.4507127142775786,-1.8647851613067406e-107,0.0,0.0,0.0,-0.012085121490438073,unicycle
3.200809787470437,5.250057935240039,1.2104166666666665,0.0,0.0,-1.5819649938087765,0.4506951481296007,-1.5040073735830206e-107,0.0,0.0,0.0,-0.01204884329576717,unicycle
3.2007080376882264,5.241044969725346,1.2104166666666665,0.0,0.0,-1.582205236448278,0.45067699291730723,-1.2115800685131887e-107,0.0,0.0,0.0,-0.012012131975068592,unicycle
3.2006041302820907,5.232032403864474,1.2104166666666665,0.0,0.0,-1.5824447360570073,0.4506582422798686,-9.747779359172466e-108,0.0,0.0,0.0,-0.01197498043645888,unicycle
3.2004980723148257,5.2230202500261855,1.2104166666666665,0.0,0.0,-1.582683483716389,0.45063889502360704,-7.832094928857642e-108,0.0,0.0,0.0,-0.011937382969082987,unicycle
3.2003898709371557,5.214008520522683,1.2104166666666665,0.0,0.0,-1.5829214704172716,0.4506189536786608,-6.283947339731861e-108,0.0,0.0,0.0,-0.011899335044131336,unicycle
3.2002795333876985,5.2049972275570475,1.2104166666666665,0.0,0.0,-1.5831586870801486,0.45059842339991846,-5.034182882892505e-108,0.0,0.0,0.0,-0.01186083314385737,unicycle
3.2001670669929045,5.195986383187274,1.2104166666666665,0.0,0.0,-1.5833951245724456,0.45057731113692245,-4.0264473737479035e-108,0.0,0.0,0.0,-0.011821874614858894,unicycle
3.200052479166963,5.186975999302735,1.2104166666666665,0.0,0.0,-1.5836307737232924,0.4505556250130524,-3.2148508115505587e-108,0.0,0.0,0.0,-0.011782457542342847,unicycle
3.199935777411679,5.177966087609814,1.2104166666666665,0.0,0.0,-1.583865625336142,0.4505333738667878,-2.5620526902740385e-108,0.0,0.0,0.0,-0.011742580642502911,unicycle
3.1998169693163185,5.168956659624213,1.2104166666666665,0.0,0.0,-1.5840996701995524,0.45051056691782937,-2.0376930834512796e-108,0.0,0.0,0.0,-0.011702243170505314,unicycle
3.1996960625574133,5.159947726668037,1.2104166666666665,0.0,0.0,-1.5843328990963905,0.4504872135288155,-1.6171078059363558e-108,0.0,0.0,0.0,-0.01166144484190313,unicycle
3.199573064898536,5.150939299870189,1.2104166666666665,0.0,0.0,-1.5845653028117017,0.4504633230397031,-1.2802768406913725e-108,0.0,0.0,0.0,-0.011620185765586667,unicycle
3.1994479841900376,5.141931390168982,1.2104166666666665,0.0,0.0,-1.5847968721394345,0.45043890465691094,-1.0109642040931663e-108,0.0,0.0,0.0,-0.0115784663866306,unicycle
3.199320828368757,5.1329240083161505,1.2104166666666665,0.0,0.0,-1.5850275978881874,0.45041396738330947,-7.9601483694807085e-109,0.0,0.0,0.0,-0.011536287437620432,unicycle
3.1991916054576928,5.12391716488167,1.2104166666666665,0.0,0.0,-1.5852574708861327,0.4503885199782896,-6.247802223985026e-109,0.0,0.0,0.0,-0.011493649897235093,unicycle
3.199060323565652,5.114910870258931,1.2104166666666665,0.0,0.0,-1.585486481985233,0.45036257093962556,-4.886494716292384e-109,0.0,0.0,0.0,-0.011450554955031805,unicycle
3.1989269908868643,5.105905134669976,1.2104166666666665,0.0,0.0,-1.5857146220648637,0.45033612850079646,-3.8066677047488596e-109,0.0,0.0,0.0,-0.011407003981526713,unicycle
3.198791615700579,5.096899968170578,1.2104166666666665,0.0,0.0,-1.5859418820349198,0.45030920063895935,-2.9521949931591645e-109,0.0,0.0,0.0,-0.011362998502792664,unicycle
3.1986542063706267,5.087895380655011,1.2104166666666665,0.0,0.0,-1.586168252838498,0.4502817950899569,-2.277841529984333e-109,0.0,0.0,0.0,-0.011318540178906204,unicycle
3.198514771344968,5.07889138186045,1.2104166666666665,0.0,0.0,-1.5863937254542113,0.4502539193676679,-1.7471950278461842e-109,0.0,0.0,0.0,-0.011273630785671673,unicycle
3.1983733191552166,5.069887981370924,1.2104166666666665,0.0,0.0,-1.5866182908981943,0.4502255807857249,-1.3309834606970272e-109,0.0,0.0,0.0,-0.01122827219913282,unicycle
3.198229858416144,5.060885188620825,1.2104166666666665,0.0,0.0,-1.5868419402258431,0.45019678648017153,-1.0057075413145794e-109,0.0,0.0,0.0,-0.01118246638245352,unicycle
3.198084397825168,5.051883012897964,1.2104166666666665,0.0,0.0,-1.5870646645333395,0.450167543432053,-7.525301327248526e-110,0.0,0.0,0.0,-0.011136215374810358,unicycle
3.197936946161827,5.0428814633462,1.2104166666666665,0.0,0.0,-1.5872864549589796,0.4501378584892507,-5.563750972046859e-110,0.0,0.0,0.0,-0.0110895212819924,unicycle
3.197787512287233,5.033880548967643,1.2104166666666665,0.0,0.0,-1.5875073026843485,0.45010773838710955,-4.051967429349833e-110,0.0,0.0,0.0,-0.011042386268448542,unicycle
3.197636105143519,5.024880278624483,1.2104166666666665,0.0,0.0,-1.5877271989353599,0.4500771897675863,-2.8938812712763825e-110,0.0,0.0,0.0,-0.010994812550561409,unicycle
3.1974827337532705,5.015880661040476,1.2104166666666665,0.0,0.0,-1.5879461349831792,0.45004621919677373,-2.013022925442639e-110,0.0,0.0,0.0,-0.010946802390959819,unicycle
3.1973274072189475,5.0068817048021055,1.2104166666666665,0.0,0.0,-1.5881641021450534,0.4500148331807522,-1.3486528005645393e-110,0.0,0.0,0.0,-0.01089835809371004,unicycle
3.197170134722292,4.997883418359465,1.2104166666666665,0.0,0.0,-1.5883810917850585,0.44998303817978297,-8.52636613173771e-111,0.0,0.0,0.0,-0.010849482000250165,unicycle
3.1970109255237333,4.988885810026892,1.2104166666666665,0.0,0.0,-1.5885970953147772,0.4499508406209033,-4.869252755085473e-111,0.0,0.0,0.0,-0.010800176485952467,unicycle
3.196849788961781,4.979888887983373,1.2104166666666665,0.0,0.0,-1.5888121041939216,0.44991824690901167,-2.2152480326626472e-111,0.0,0.0,0.0,-0.010750443957216116,unicycle
3.1966867344524097,4.970892660272774,1.2104166666666665,0.0,0.0,-1.5890261099309022,0.4498852634365495,-3.286302773762176e-112,0.0,0.0,0.0,-0.010700286849007524,unicycle
3.1965217714603984,4.961897133265196,1.2104166666666665,0.0,0.0,-1.5892391040437819,0.44985197353918716,9.752268862682932e-112,0.0,0.0,0.0,-0.010649705643981863,unicycle
3.196354909510855,4.9529023123676215,1.2104166666666665,0.0,0.0,-1.5894510780791868,0.4498184250136412,1.840383230912641e-111,0.0,0.0,0.0,-0.010598701770248811,unicycle
3.196186158219553,4.943908203711572,1.2104166666666665,0.0,0.0,-1.589662023656255,0.44978458125870846,2.378766509099911e-111,0.0,0.0,0.0,-0.010547278853417344,unicycle
3.1960155272885875,4.934914813927741,1.2104166666666665,0.0,0.0,-1.5898719324612114,0.4497504169414289,2.676918480986472e-111,0.0,0.0,0.0,-0.010495440247817737,unicycle
3.19584302650282,4.925922149972267,1.2104166666666665,0.0,0.0,-1.590080796243267,0.44971591541569583,2.8013810559219685e-111,0.0,0.0,0.0,-0.010443189102768553,unicycle
3.1956686657269557,4.916930218993568,1.2104166666666665,0.0,0.0,-1.5902886068115603,0.4496810666932248,2.802988642498159e-111,0.0,0.0,0.0,-0.010390528414655638,unicycle
3.195492454903127,4.907939028230976,1.2104166666666665,0.0,0.0,-1.5904953560329145,0.44964586585399213,2.7202819257200732e-111,0.0,0.0,0.0,-0.010337461067707408,unicycle
3.195314404048875,4.898948584938178,1.2104166666666665,0.0,0.0,-1.59070103583023,0.4496103118055763,2.5822169591029538e-111,0.0,0.0,0.0,-0.01028398986578519,unicycle
3.195134523255455,4.889958896325945,1.2104166666666665,0.0,0.0,-1.5909056381813709,0.4495744063188549,2.4103099114230933e-111,0.0,0.0,0.0,-0.010230117557049697,unicycle
3.194952822686386,4.880969969519775,1.2104166666666665,0.0,0.0,-1.5911091551184309,0.4495381532820362,2.220330601067926e-111,0.0,0.0,0.0,-0.010175846852994778,unicycle
3.1947693125762022,4.871981811529017,1.2104166666666665,0.0,0.0,-1.5913115787272918,0.44950155812670417,2.0236359071233855e-111,0.0,0.0,0.0,-0.010121180443040997,unicycle
3.194584003229358,4.862994429224775,1.2104166666666665,0.0,0.0,-1.5915129011474043,0.44946462738896337,1.8282163029238358e-111,0.0,0.0,0.0,-0.010066121005640739,unicycle
3.194396905019245,4.8540078293244715,1.2104166666666665,0.0,0.0,-1.5917131145717371,0.4494273683763267,1.639514328945942e-111,0.0,0.0,0.0,-0.01001067121665285,unicycle
3.194208028387308,4.845022018381423,1.2104166666666665,0.0,0.0,-1.5919122112468487,0.44938978891704967,1.461062166559021e-111,0.0,0.0,0.0,-0.009954833755588987,unicycle
3.194017383842225,4.836037002778152,1.2104166666666665,0.0,0.0,-1.5921101834730524,0.44935189717346835,1.2949760695977175e-111,0.0,0.0,0.0,-0.009898611310208884,unicycle
3.1938249819591413,4.827052788722454,1.2104166666666665,0.0,0.0,-1.5923070236046495,0.4493137015047764,1.1423378312109874e-111,0.0,0.0,0.0,-0.009842006579841623,unicycle
3.193630833378942,4.818069382245425,1.2104166666666665,0.0,0.0,-1.5925027240502043,0.4492752103677764,1.003487362348321e-111,0.0,0.0,0.0,-0.009785022277729951,unicycle
3.1934349488075515,4.809086789200923,1.2104166666666665,0.0,0.0,-1.5926972772728567,0.4492364322466034,8.782455536212032e-112,0.0,0.0,0.0,-0.009727661132630874,unicycle
3.1932373390152518,4.8001050152659825,1.2104166666666665,0.0,0.0,-1.592890675790654,0.4491973756043835,7.660826549619992e-112,0.0,0.0,0.0,-0.009669925889854845,unicycle
3.193038014836016,4.791124065941872,1.2104166666666665,0.0,0.0,-1.5930829121768917,0.44915804885134225,6.662442513882874e-112,0.0,0.0,0.0,-0.009611819311885605,unicycle
3.1928369871668485,4.782143946555545,1.2104166666666665,0.0,0.0,-1.5932739790604653,0.44911846032511027,5.778443872605686e-112,0.0,0.0,0.0,-0.009553344178690623,unicycle
3.1926342669671333,4.7731646622613075,1.2104166666666665,0.0,0.0,-1.5934638691262215,0.4490786182799443,4.999333732762753e-112,0.0,0.0,0.0,-0.009494503287806986,unicycle
3.1924298652579783,4.764186218042583,1.2104166666666665,0.0,0.0,-1.5936525751153066,0.4490385308823462,4.315462009234879e-112,0.0,0.0,0.0,-0.009435299454267545,unicycle
3.1922237931215687,4.755208618713662,1.2104166666666665,0.0,0.0,-1.593840089825515,0.4489982062111621,3.7173620799909863e-112,0.0,0.0,0.0,-0.009375735510416698,unicycle
3.1920160617005116,4.746231868921401,1.2104166666666665,0.0,0.0,-1.5940264061116283,0.4489576522607116,3.19597621233087e-112,0.0,0.0,0.0,-0.009315814305652868,unicycle
3.1918066821971802,4.73725597314682,1.2104166666666665,0.0,0.0,-1.5942115168857505,0.448916876945863,2.7427979569541024e-112,0.0,0.0,0.0,-0.009255538706125322,unicycle
3.1915956658730606,4.728280935706575,1.2104166666666665,0.0,0.0,-1.594395415117639,0.44887588810825163,2.34995333267825e-112,0.0,0.0,0.0,-0.009194911594405651,unicycle
3.19138302404809,4.719306760754294,1.2104166666666665,0.0,0.0,-1.5945780938350218,0.4488346935230572,2.010237600240363e-112,0.0,0.0,0.0,-0.009133935869148537,unicycle
3.1911687680999927,4.710333452281781,1.2104166666666665,0.0,0.0,-1.5947595461239168,0.4487933009059227,1.7171204751140294e-112,0.0,0.0,0.0,-0.009072614444752145,unicycle
3.1909529094636166,4.701361014120086,1.2104166666666665,0.0,0.0,-1.594939765128937,0.4487517179197236,1.4647295367839675e-112,0.0,0.0,0.0,-0.009010950251025211,unicycle
3.190735459630262,4.692389449940441,1.2104166666666665,0.0,0.0,-1.5951187440535948,0.4487099521809942,1.2478191790335373e-112,0.0,0.0,0.0,-0.008948946232865454,unicycle
3.1905164301470106,4.683418763255085,1.2104166666666665,0.0,0.0,-1.595296476160594,0.4486680112658846,1.0617305711994144e-112,0.0,0.0,0.0,-0.008886605349952038,unicycle
3.190295832616052,4.674448957417982,1.2104166666666665,0.0,0.0,-1.5954729547721227,0.4486259027155816,9.02346651007127e-113,0.0,0.0,0.0,-0.008823930576453604,unicycle
3.190073678694005,4.6654800356254365,1.2104166666666665,0.0,0.0,-1.5956481732701377,0.44858363404115814,7.660450552821242e-113,0.0,0.0,0.0,-0.008760924900752285,unicycle
3.1898499800528985,4.656511999373373,1.2104166666666665,0.0,0.0,-1.5958221250623899,0.4485412899146025,6.49651043621409e-113,0.0,0.0,0.0,-0.008697589612596805,unicycle
3.189624748396559,4.647544849170625,1.2104166666666665,0.0,0.0,-1.5959948035987046,0.4484989193341986,5.503918248190444e-113,0.0,0.0,0.0,-0.008633926815741709,unicycle
3.189397995502176,4.638578586232201,1.2104166666666665,0.0,0.0,-1.5961662024089243,0.4484564866099248,4.65853211080413e-113,0.0,0.0,0.0,-0.008569940510976096,unicycle
3.189169733214325,4.629613212253928,1.2104166666666665,0.0,0.0,-1.5963363150980538,0.44841396732347505,3.939391649057814e-113,0.0,0.0,0.0,-0.008505634456475824,unicycle
3.188939973440163,4.620648729238922,1.2104166666666665,0.0,0.0,-1.59650513534258,0.4483713457368406,3.328345396039186e-113,0.0,0.0,0.0,-0.008441012226318219,unicycle
3.1887087281455466,4.611685139364785,1.2104166666666665,0.0,0.0,-1.5966726568877112,0.44832861275527874,2.809711243752138e-113,0.0,0.0,0.0,-0.008376077256552822,unicycle
3.188476009351887,4.602722444882718,1.2104166666666665,0.0,0.0,-1.5968388735453378,0.4482857643313754,2.3699697125102627e-113,0.0,0.0,0.0,-0.0083108328813318,unicycle
3.1882418291335863,4.593760648041537,1.2104166666666665,0.0,0.0,-1.5970037791925604,0.4482428002193104,1.9974889018274036e-113,0.0,0.0,0.0,-0.00824528236111972,unicycle
3.1880061996159323,4.584799751031055,1.2104166666666665,0.0,0.0,-1.597167367770653,0.44819972300651884,1.6822793956153912e-113,0.0,0.0,0.0,-0.0081794289046089,unicycle
3.1877691329733473,4.575839755940448,1.2104166666666665,0.0,0.0,-1.5973296332843658,0.44815653736451966,1.4157770413756714e-113,0.0,0.0,0.0,-0.008113275685647226,unicycle
3.187530641427919,4.566880664728139,1.2104166666666665,0.0,0.0,-1.5974905698014903,0.4481132494724231,1.1906513430655151e-113,0.0,0.0,0.0,-0.008046825856226545,unicycle
3.1872907372481483,4.557922479200507,1.2104166666666665,0.0,0.0,-1.5976501714526177,0.44806986657607045,1.00063715143692e-113,0.0,0.0,0.0,-0.007980082556370352,unicycle
3.1870494327478616,4.54896520099729,1.2104166666666665,0.0,0.0,-1.5978084324310498,0.44802639665334226,8.403873665709024e-114,0.0,0.0,0.0,-0.007913048921590306,unicycle
3.1868067402852507,4.540008831582014,1.2104166666666665,0.0,0.0,-1.5979653469928188,0.44798284816225287,7.05344456870831e-114,0.0,0.0,0.0,-0.00784572808844479,unicycle
3.186562672262012,4.531053372236185,1.2104166666666665,0.0,0.0,-1.598120909456791,0.44793922985331996,5.9162872584711414e-114,0.0,0.0,0.0,-0.007778123198622907,unicycle
3.1863172411225564,4.522098824056236,1.2104166666666665,0.0,0.0,-1.598275114204829,0.44789555063159125,4.95941407035118e-114,0.0,0.0,0.0,-0.007710237401889127,unicycle
3.186070459353268,4.51314518795248,1.2104166666666665,0.0,0.0,-1.598427955681992,0.4478518194568177,4.154808269916199e-114,0.0,0.0,0.0,-0.007642073858153138,unicycle
3.1858223394818115,4.504192464649462,1.2104166666666665,0.0,0.0,-1.5985794283967696,0.44780804527273876,3.478700384127351e-114,0.0,0.0,0.0,-0.0075736357388729416,unicycle
3.185572894076461,4.4952406546872945,1.2104166666666665,0.0,0.0,-1.5987295269213284,0.4477642369584127,2.910944843779372e-114,0.0,0.0,0.0,-0.007504926227954065,unicycle
3.1853221357454493,4.4862897584236405,1.2104166666666665,0.0,0.0,-1.5988782458917743,0.44772040329608537,2.4344840678256896e-114,0.0,0.0,0.0,-0.0074359485222719145,unicycle
3.185070077136331,4.477339776036088,1.2104166666666665,0.0,0.0,-1.5990255800084123,0.4476765529513284,2.0348885479710705e-114,0.0,0.0,0.0,-0.007366705831915822,unicycle
3.1848167309353532,4.468390707524741,1.2104166666666665,0.0,0.0,-1.599171524036017,0.4476326944621493,1.6999628133184516e-114,0.0,0.0,0.0,-0.007297201380230751,unicycle
3.184562109866831,4.459442552714912,1.2104166666666665,0.0,0.0,-1.5993160728040914,0.4475888362345465,1.4194083638019983e-114,0.0,0.0,0.0,-0.007227438403714913,unicycle
3.1843062266925255,4.450495311259801,1.2104166666666665,0.0,0.0,-1.599459221207128,0.447544986542581,1.1845357568009834e-114,0.0,0.0,0.0,-0.007157420151817551,unicycle
3.184049094211024,4.441548982643119,1.2104166666666665,0.0,0.0,-1.5996009642048616,0.44750115353151004,9.880190165306377e-115,0.0,0.0,0.0,-0.007087149886670227,unicycle
3.183790725257116,4.432603566181612,1.2104166666666665,0.0,0.0,-1.5997412968225173,0.4474573452228911,8.236864157849415e-115,0.0,0.0,0.0,-0.0070166308827764754,unicycle
3.183531132701169,4.4236590610274575,1.2104166666666665,0.0,0.0,-1.599880214151051,0.44741356952085043,6.863424611014987e-115,0.0,0.0,0.0,-0.006945866426678076,unicycle
3.1832703294485047,4.414715466170527,1.2104166666666665,0.0,0.0,-1.6000177113473828,0.44736983421892795,5.716166029971905e-115,0.0,0.0,0.0,-0.006874859816611111,unicycle
3.18300832843877,4.405772780440509,1.2104166666666665,0.0,0.0,-1.6001537836346258,0.4473261470070791,4.758348004938294e-115,0.0,0.0,0.0,-0.006803614362161131,unicycle
3.182745142645309,4.396831002508892,1.2104166666666665,0.0,0.0,-1.6002884263023043,0.4472825154785402,3.9591060162200856e-115,0.0,0.0,0.0,-0.0067321333839237855,unicycle
3.182480785074529,4.387890130890828,1.2104166666666665,0.0,0.0,-1.6004216347065676,0.4472389471363608,3.2925286662732855e-115,0.0,0.0,0.0,-0.006660420213175051,unicycle
3.1822152687652703,4.378950163946861,1.2104166666666665,0.0,0.0,-1.6005534042703986,0.44719544939947986,2.7368766548232046e-115,0.0,0.0,0.0,-0.006588478191553584,unicycle
3.1819486067881693,4.370011099884563,1.2104166666666665,0.0,0.0,-1.6006837304838137,0.44715202960827255,2.27392232819038e-115,0.0,0.0,0.0,-0.006516310670756516,unicycle
3.181680812198766,4.3610729352120465,1.2104166666666665,0.0,0.0,-1.6008126088764991,0.4471087724642865,1.8883916779400335e-115,0.0,0.0,0.0,-0.006443919634277566,unicycle
3.181411898057779,4.352135665454438,1.2104166666666665,0.0,0.0,-1.6009400350309557,0.44706572683351686,1.5674932937629134e-115,0.0,0.0,0.0,-0.006371307722852103,unicycle
3.1811418774813585,4.343199286853302,1.2104166666666665,0.0,0.0,-1.6010660046130358,0.447022856575089,1.3005210425723154e-115,0.0,0.0,0.0,-0.006298479103972886,unicycle
3.1808707636339157,4.3342637961415535,1.2104166666666665,0.0,0.0,-1.6011905133679538,0.4469801368105293,1.078519196307772e-115,0.0,0.0,0.0,-0.006225437745906503,unicycle
3.1805985697224104,4.32532919037032,1.2104166666666665,0.0,0.0,-1.6013135571172576,0.44693755132463714,8.940004059853195e-116,0.0,0.0,0.0,-0.00615218746518488,unicycle
3.1803253089918035,4.316395466776658,1.2104166666666665,0.0,0.0,-1.6014351317565383,0.4468950905224912,7.407083555641882e-116,0.0,0.0,0.0,-0.006078731964043618,unicycle
3.180050994721423,4.307462622683262,1.2104166666666665,0.0,0.0,-1.6015552332537344,0.4468527498289317,6.13418158348965e-116,0.0,0.0,0.0,-0.006005074859806919,unicycle
3.179775640222051,4.29853065542315,1.2104166666666665,0.0,0.0,-1.6016738576478913,0.44681052843933766,5.077686091444095e-116,0.0,0.0,0.0,-0.005931219707839171,unicycle
3.17949925883358,4.28959956228376,1.2104166666666665,0.0,0.0,-1.6017910010482788,0.44676842834866126,4.20121301931587e-116,0.0,0.0,0.0,-0.005857170019372631,unicycle
3.1792218639231016,4.280669340466067,1.2104166666666665,0.0,0.0,-1.601906659633784,0.44672645360030644,3.474423869865575e-116,0.0,0.0,0.0,-0.005782929275267313,unicycle
3.1789434688833436,4.271739987055254,1.2104166666666665,0.0,0.0,-1.6020208296525151,0.44668460970821716,2.8720339185486376e-116,0.0,0.0,0.0,-0.005708500936552768,unicycle
3.17866408713137,4.262811499000203,1.2104166666666665,0.0,0.0,-1.6021335074215637,0.4466429032150127,2.3729808367757458e-116,0.0,0.0,0.0,-0.005633888452433661,unicycle
3.1783837321074824,4.253883873099719,1.2104166666666665,0.0,0.0,-1.6022446893268898,0.4466013413566145,1.9597282009681247e-116,0.0,0.0,0.0,-0.0055590952663049295,unicycle
3.1781024172742782,4.244957105993768,1.2104166666666665,0.0,0.0,-1.6023543718232935,0.4465599318099103,1.6176823448587304e-116,0.0,0.0,0.0,-0.005484124820212145,unicycle
3.177820156115822,4.236031194158499,1.2104166666666665,0.0,0.0,-1.602462551434456,0.4465186825048872,1.3347043900420206e-116,0.0,0.0,0.0,-0.005408980558103647,unicycle
3.177536962136906,4.2271061339040035,1.2104166666666665,0.0,0.0,-1.6025692247530188,0.4464776014865699,1.1007021495709828e-116,0.0,0.0,0.0,-0.005333665928149356,unicycle
3.1772528488623752,4.218181921374089,1.2104166666666665,0.0,0.0,-1.6026743884407053,0.44643669681522097,9.072890185597255e-117,0.0,0.0,0.0,-0.0052581843843434155,unicycle
3.1769678298364976,4.209258552547454,1.2104166666666665,0.0,0.0,-1.6027780392284565,0.44639597649573876,7.474990103441684e-117,0.0,0.0,0.0,-0.005182539387561646,unicycle
3.1766819186223683,4.200336023239835,1.2104166666666665,0.0,0.0,-1.6028801739165803,0.44635544842916686,6.1554882329982726e-117,0.0,0.0,0.0,-0.005106734406207765,unicycle
3.1763951288013392,4.191414329106793,1.2104166666666665,0.0,0.0,-1.6029807893749117,0.4463151203807913,5.0663928018944885e-117,0.0,0.0,0.0,-0.005030772916552844,unicycle
3.176107473972458,4.182493465646894,1.2104166666666665,0.0,0.0,-1.6030798825429686,0.44627499996054343,4.167897100923757e-117,0.0,0.0,0.0,-0.0049546584028490335,unicycle
3.1758189677519253,4.1735734282051,1.2104166666666665,0.0,0.0,-1.6031774504301142,0.44623509461240296,3.426998776310312e-117,0.0,0.0,0.0,-0.004878394357280044,unicycle
3.175529623772547,4.164654211976237,1.2104166666666665,0.0,0.0,-1.6032734901157102,0.44619541161026516,2.8163493520462706e-117,0.0,0.0,0.0,-0.004801984279796169,unicycle
3.175239455683201,4.155735812008471,1.2104166666666665,0.0,0.0,-1.6033679987492677,0.44615595805834024,2.3132960663173812e-117,0.0,0.0,0.0,-0.0047254316778701285,unicycle
3.174948477148295,4.146818223206701,1.2104166666666665,0.0,0.0,-1.6034609735505918,0.4461167408946247,1.8990842652530463e-117,0.0,0.0,0.0,-0.004648740066201003,unicycle
3.1746567018472307,4.137901440335848,1.2104166666666665,0.0,0.0,-1.6035524118099196,0.44607776689635137,1.558193771371953e-117,0.0,0.0,0.0,-0.004571912966386502,unicycle
3.174364143473858,4.128985458024016,1.2104166666666665,0.0,0.0,-1.6036423108880509,0.44603904268660904,1.2777869878548897e-117,0.0,0.0,0.0,-0.004494953906578382,unicycle
3.1740708157359387,4.120070270765505,1.2104166666666665,0.0,0.0,-1.6037306682164731,0.44600057474154375,1.0472501441036747e-117,0.0,0.0,0.0,-0.004417866421131642,unicycle
3.1737767323545976,4.1111558729236775,1.2104166666666665,0.0,0.0,-1.6038174812974788,0.4459623693977195,8.578121436660164e-118,0.0,0.0,0.0,-0.0043406540502549185,unicycle
3.173481907063778,4.102242258733683,1.2104166666666665,0.0,0.0,-1.6039027477042722,0.44592443285934513,7.022280360702127e-118,0.0,0.0,0.0,-0.004263320339667096,unicycle
3.1731863536096916,4.093329422305046,1.2104166666666665,0.0,0.0,-1.6039864650810778,0.44588677120517134,5.7451627839175165e-118,0.0,0.0,0.0,-0.004185868840263365,unicycle
3.172890085750268,4.0844173576241225,1.2104166666666665,0.0,0.0,-1.6040686311432335,0.44584939039493254,4.697407470761819e-118,0.0,0.0,0.0,-0.004108303107792605,unicycle
3.172593117254603,4.075506058556443,1.2104166666666665,0.0,0.0,-1.604149243677284,0.44581229627526214,3.8382996180925476e-118,0.0,0.0,0.0,-0.004030626702546974,unicycle
3.1722954619024044,4.066595518848943,1.2104166666666665,0.0,0.0,-1.6042283005410658,0.4457754945850481,3.134272383365727e-118,0.0,0.0,0.0,-0.003952843189063908,unicycle
3.171997133431551,4.057685730579771,1.2104166666666665,0.0,0.0,-1.6043057996443422,0.4457390686202432,2.5576653588039653e-118,0.0,0.0,0.0,-0.003874955163814304,unicycle
3.1716981455612516,4.048776684877389,1.2104166666666665,0.0,0.0,-1.6043817389581156,0.4457030657060775,2.0856964064288146e-118,0.0,0.0,0.0,-0.003796965688679144,unicycle
3.1713985120485297,4.039868373625388,1.2104166666666665,0.0,0.0,-1.6044561165361546,0.44566744788324814,1.6996105794424772e-118,0.0,0.0,0.0,-0.003718878901934469,unicycle
3.1710982466802022,4.030960789237366,1.2104166666666665,0.0,0.0,-1.6045289305120594,0.44563218845888153,1.3839759543872183e-118,0.0,0.0,0.0,-0.0036406987952353432,unicycle
3.1707973632665554,4.02205392448391,1.2104166666666665,0.0,0.0,-1.6046001790970126,0.44559726939958993,1.1261012840256385e-118,0.0,0.0,0.0,-0.0035624292476505418,unicycle
3.1704958756363544,4.013147772360552,1.2104166666666665,0.0,0.0,-1.6046698605780638,0.44556267928233656,9.155546192322644e-119,0.0,0.0,0.0,-0.003484074052552928,unicycle
3.1701937976329027,4.004242325987796,1.2104166666666665,0.0,0.0,-1.6047379733168388,0.44552841168912577,7.437655787354445e-119,0.0,0.0,0.0,-0.003405636938757797,unicycle
3.169891143110926,3.99533757853621,1.2104166666666665,0.0,0.0,-1.6048045157485797,0.44549446395407477,6.036968850544859e-119,0.0,0.0,0.0,-0.0033271215870457646,unicycle
3.1695879259341027,3.98643352317097,1.2104166666666665,0.0,0.0,-1.6048694863814392,0.4454608361896137,4.895732311955872e-119,0.0,0.0,0.0,-0.0032485316429953373,unicycle
3.169284159973091,3.9775301530114673,1.2104166666666665,0.0,0.0,-1.6049328837959769,0.44542753053322764,3.966575774010205e-119,0.0,0.0,0.0,-0.003169870726876011,unicycle
3.168979859103948,3.968627461102498,1.2104166666666665,0.0,0.0,-1.604994706644801,0.44539455056796723,3.210666688990367e-119,0.0,0.0,0.0,-0.003091142441209427,unicycle
3.1686750372068446,3.9597254403943087,1.2104166666666665,0.0,0.0,-1.6050549536523304,0.4453619008794503,2.5961897135744485e-119,0.0,0.0,0.0,-0.0030123503764886194,unicycle
3.1683697081650055,3.95082408372936,1.2104166666666665,0.0,0.0,-1.6051136236146393,0.44532958671970946,2.0970938837007936e-119,0.0,0.0,0.0,-0.0029334981154494127,unicycle
3.168063885863827,3.941923383834144,1.2104166666666665,0.0,0.0,-1.6051707153993633,0.4452976137543571,1.6920609468678e-119,0.0,0.0,0.0,-0.0028545892362096506,unicycle
3.167757584190123,3.9330233333147686,1.2104166666666665,0.0,0.0,-1.6052262279456537,0.4452659878744413,1.3636562331827026e-119,0.0,0.0,0.0,-0.002775627314528294,unicycle
3.1674508170314635,3.924123924655292,1.2104166666666665,0.0,0.0,-1.6052801602641618,0.4452347150582826,1.0976301186939314e-119,0.0,0.0,0.0,-0.002696615925384843,unicycle
3.1671435982755898,3.9152251502180646,1.2104166666666665,0.0,0.0,-1.6053325114370425,0.4452038012717086,8.823436662171346e-120,0.0,0.0,0.0,-0.0026175586440378576,unicycle
3.1668359418098753,3.90632700224547,1.2104166666666665,0.0,0.0,-1.605383280617976,0.4451732523975952,7.082966128434074e-120,0.0,0.0,0.0,-0.002538459046687779,unicycle
3.166527861520825,3.897429472862636,1.2104166666666665,0.0,0.0,-1.6054324670321931,0.4451430741876021,5.6773967021035e-120,0.0,0.0,0.0,-0.0024593207108421916,unicycle
3.166219371293599,3.8885325540807734,1.2104166666666665,0.0,0.0,-1.6054800699765024,0.44511327223056196,4.543562471190465e-120,0.0,0.0,0.0,-0.0023801472154601953,unicycle
3.165910485011551,3.879636237800904,1.2104166666666665,0.0,0.0,-1.6055260888193212,0.4450838519332255,3.630013054318619e-120,0.0,0.0,0.0,-0.0023009421409353106,unicycle
3.1656012165557788,3.870740515817791,1.2104166666666665,0.0,0.0,-1.6055705230007002,0.445054818510045,2.8948721189620937e-120,0.0,0.0,0.0,-0.0022217090689626404,unicycle
3.165291579804675,3.861845379823945,1.2104166666666665,0.0,0.0,-1.6056133720323469,0.4450261769794526,2.3040822750440865e-120,0.0,0.0,0.0,-0.0021424515823253417,unicycle
3.1649815886334878,3.8529508214136086,1.2104166666666665,0.0,0.0,-1.6056546354976395,0.4449979321646934,1.829967461076907e-120,0.0,0.0,0.0,-0.002063173264626808,unicycle
3.1646712569138744,3.844056832086671,1.2104166666666665,0.0,0.0,-1.6056943130516392,0.4449700886977468,1.4500560830906193e-120,0.0,0.0,0.0,-0.0019838776999883652,unicycle
3.1643605985134555,3.835163403252457,1.2104166666666665,0.0,0.0,-1.6057324044210939,0.4449426510252409,1.1461181920454147e-120,0.0,0.0,0.0,-0.0019045684727271438,unicycle
3.164049627295366,3.82627052623338,1.2104166666666665,0.0,0.0,-1.6057689094044345,0.4449156234155459,9.03378258635351e-121,0.0,0.0,0.0,-0.0018252491670247065,unicycle
3.1637383571178064,3.8173781922684364,1.2104166666666665,0.0,0.0,-1.6058038278717668,0.4448890099664567,7.098719283761914e-121,0.0,0.0,0.0,-0.0017459233665940515,unicycle
3.1634268018335843,3.808486392516546,1.2104166666666665,0.0,0.0,-1.6058371597648537,0.4448628146130401,5.559207657929856e-121,0.0,0.0,0.0,-0.00166659465435012,unicycle
3.1631149752896612,3.7995951180597385,1.2104166666666665,0.0,0.0,-1.6058689050970956,0.44483704113535355,4.337036324799544e-121,0.0,0.0,0.0,-0.0015872666120871968,unicycle
3.1628028913266886,3.79070435990619,1.2104166666666665,0.0,0.0,-1.6058990639534994,0.4448116931658359,3.369071621293957e-121,0.0,0.0,0.0,-0.0015079428201654572,unicycle
3.162490563778545,3.7818141089931254,1.2104166666666665,0.0,0.0,-1.6059276364906439,0.444786774196247,2.6044093896827855e-121,0.0,0.0,0.0,-0.001428626857207715,unicycle
3.162178006471871,3.772924356189585,1.2104166666666665,0.0,0.0,-1.6059546229366402,0.444762287584082,2.0020557242691676e-121,0.0,0.0,0.0,-0.0013493222998067628,unicycle
3.1618652332256,3.7640350922990815,1.2104166666666665,0.0,0.0,-1.6059800235910853,0.44473823655842737,1.5290398790063188e-121,0.0,0.0,0.0,-0.0012700327222434154,unicycle
3.1615522577957704,3.755146306506793,1.2104166666666665,0.0,0.0,-1.6060038388144888,0.4447147020411079,1.1588800183582417e-121,0.0,0.0,0.0,-0.001190761170174426,unicycle
3.1612390939002992,3.7462579871005013,1.2104166666666665,0.0,0.0,-1.6060260690333468,0.4446917288890885,8.703368573908143e-122,0.0,0.0,0.0,-0.0011115109429009032,unicycle
3.160925755278596,3.7373701231791396,1.2104166666666665,0.0,0.0,-1.6060467147517619,0.44466927648338167,6.464020312472706e-122,0.0,0.0,0.0,-0.0010322859207435617,unicycle
3.1606122556831098,3.7284827044275777,1.2104166666666665,0.0,0.0,-1.6060657765496735,0.4446473154770643,4.734777132611204e-122,0.0,0.0,0.0,-0.0009530898955876271,unicycle
3.1602986088726976,3.719595720943612,1.2104166666666665,0.0,0.0,-1.6060832550814745,0.4446258251833027,3.407119399279125e-122,0.0,0.0,0.0,-0.000873926590037358,unicycle
3.1599848286074277,3.710709163105995,1.2104166666666665,0.0,0.0,-1.6060991510749274,0.4446047915223315,2.394606089948206e-122,0.0,0.0,0.0,-0.0007947996726326973,unicycle
3.159670928644513,3.701823021474607,1.2104166666666665,0.0,0.0,-1.6061134653303244,0.4445842054131843,1.628524488988677e-122,0.0,0.0,0.0,-0.0007157127698571333,unicycle
3.159356922735125,3.692937286715717,1.2104166666666665,0.0,0.0,-1.6061261987198354,0.4445640615185507,1.0543762366697747e-122,0.0,0.0,0.0,-0.0006366694755413171,unicycle
3.1590428246218942,3.684051949546737,1.2104166666666665,0.0,0.0,-1.6061373521869986,0.44454435726936126,6.290421009278131e-123,0.0,0.0,0.0,-0.0005576733581660158,unicycle
3.1587286480369463,3.6751670006960584,1.2104166666666665,0.0,0.0,-1.606146926746328,0.44452509211039304,3.1849705840466015e-123,0.0,0.0,0.0,-0.0004787279664794031,unicycle
3.1584144067003455,3.6662824308744852,1.2104166666666665,0.0,0.0,-1.6061549234830035,0.4445062669200241,9.597115169173015e-124,0.0,0.0,0.0,-0.0003998368337675257,unicycle
3.158100114318853,3.657398230755525,1.2104166666666665,0.0,0.0,-1.6061613435526245,0.44448788356678215,-5.952890515825127e-124,0.0,0.0,0.0,-0.00032100348105616397,unicycle
3.157785784584931,3.648514390962412,1.2104166666666665,0.0,0.0,-1.6061661881810139,0.444469944572976,-1.644064798874218e-123,0.0,0.0,0.0,-0.00024223141946953162,unicycle
3.1574714311759156,3.6396309020601767,1.2104166666666665,0.0,0.0,-1.606169458664053,0.44445245286183205,-2.3142625464552592e-123,0.0,0.0,0.0,-0.00016352415192818763,unicycle
3.1571570677533387,3.630747754551478,1.2104166666666665,0.0,0.0,-1.6061711563675396,0.4444354115694665,-2.7047547313820832e-123,0.0,0.0,0.0,-8.488517433296808e-05,unicycle
3.15684270796234,3.6218649388751882,1.2104166666666665,0.0,0.0,-1.6061712827270669,0.44441882390695103,-2.891721154555067e-123,0.0,0.0,0.0,-6.317976352480446e-06,unicycle
3.156528365431154,3.612982445406968,1.2104166666666665,0.0,0.0,-1.6061698392479045,0.4444026930608638,-2.9334989616882195e-123,0.0,0.0,0.0,7.217395809245366e-05,unicycle
3.1562140537706482,3.604100264461241,1.2104166666666665,0.0,0.0,-1.6061668275048928,0.4443870221232112,-2.874442740646371e-123,0.0,0.0,0.0,0.0001505871505733386,unicycle
3.1558997865738987,3.595218386294126,1.2104166666666665,0.0,0.0,-1.6061622491423317,0.44437181404359494,-2.7479902406884403e-123,0.0,0.0,0.0,0.00022891812806920606,unicycle
3.1555855774157893,3.5863368011069876,1.2104166666666665,0.0,0.0,-1.6061561058738716,0.444357071598069,-2.5790915627707116e-123,0.0,0.0,0.0,0.0003071634230071186,unicycle
3.1552714398526223,3.5774554990503633,1.2104166666666665,0.0,0.0,-1.6061483994824037,0.4443427973703791,-2.3861291218600974e-123,0.0,0.0,0.0,0.0003853195733927707,unicycle
3.1549573874217436,3.5685744702280866,1.2104166666666665,0.0,0.0,-1.6061391318199436,0.4443289937422606,-2.18243092289589e-123,0.0,0.0,0.0,0.0004633831230039861,unicycle
3.1546434336411644,3.559693704701471,1.2104166666666665,0.0,0.0,-1.6061283048075112,0.44431566289024366,-1.9774596436317525e-123,0.0,0.0,0.0,0.0005413506216265974,unicycle
3.15432959200919,3.550813192493464,1.2104166666666665,0.0,0.0,-1.606115920435005,0.4443028067870223,-1.7777437998398912e-123,0.0,0.0,0.0,0.0006192186253171617,unicycle
3.154015876004044,3.5419329235927175,1.2104166666666665,0.0,0.0,-1.6061019807610712,0.444290427205918,-1.5876041629678408e-123,0.0,0.0,0.0,0.0006969836966810681,unicycle
3.1537022990834895,3.5330528879575245,1.2104166666666665,0.0,0.0,-1.606086487912968,0.44427852572733834,-1.409718021564563e-123,0.0,0.0,0.0,0.0007746424051576317,unicycle
3.1533888746844445,3.524173075519603,1.2104166666666665,0.0,0.0,-1.606069444086422,0.4442671037464168,-1.2455553483312743e-123,0.0,0.0,0.0,0.0008521913273062218,unicycle
3.153075616222596,3.5152934761877166,1.2104166666666665,0.0,0.0,-1.60605085154548,0.44425616248124067,-1.0957140658454564e-123,0.0,0.0,0.0,0.0009296270470892903,unicycle
3.15276253709201,3.506414079851127,1.2104166666666665,0.0,0.0,-1.606030712622357,0.4442457029812433,-9.601760796196548e-124,0.0,0.0,0.0,0.001006946156149578,unicycle
3.1524496506647317,3.4975348763828773,1.2104166666666665,0.0,0.0,-1.606009029717275,0.44423572613546564,-8.385013100867496e-124,0.0,0.0,0.0,0.0010841452540798634,unicycle
3.152136970290386,3.488655855642922,1.2104166666666665,0.0,0.0,-1.6059858052983018,0.4442262326804887,-7.2997339649253614e-124,0.0,0.0,0.0,0.001161220948684219,unicycle
3.1518245092957726,3.479777007481103,1.2104166666666665,0.0,0.0,-1.605961041901177,0.444217223207911,-6.337078960031382e-124,0.0,0.0,0.0,0.0012381698562305026,unicycle
3.1515122809844587,3.470898321739988,1.2104166666666665,0.0,0.0,-1.6059347421291432,0.4442086981712993,-5.487315231269663e-124,0.0,0.0,0.0,0.0013149886016941043,unicycle
3.1512002986363647,3.4620197882575785,1.2104166666666665,0.0,0.0,-1.6059069086527633,0.4442006578925789,-4.7403915642970364e-124,0.0,0.0,0.0,0.0013916738189931666,unicycle
3.1508885754527025,3.453141395313285,1.2104166666666665,0.0,0.0,-1.6058775442084305,0.44419318044680883,-4.08633891334803e-124,0.0,0.0,0.0,0.0014682222166461502,unicycle
3.1505771245809817,3.4442631303495332,1.2104166666666665,0.0,0.0,-1.6058466515990537,0.444186307809985,-3.515542666553e-124,0.0,0.0,0.0,0.001544630468835634,unicycle
3.1502659591745545,3.435384981681755,1.2104166666666665,0.0,0.0,-1.6058142336954428,0.44417999640977973,-3.018918795146354e-124,0.0,0.0,0.0,0.0016208951805316272,unicycle
3.1499550923841193,3.426506938272967,1.2104166666666665,0.0,0.0,-1.6057802934357568,0.4441742139557844,-2.58801880977366e-124,0.0,0.0,0.0,0.0016970129843018981,unicycle
3.1496445373510795,3.4176289895605962,1.2104166666666665,0.0,0.0,-1.6057448338250246,0.4441689368255734,-2.2150827473942962e-124,0.0,0.0,0.0,0.0017729805365981571,unicycle
3.149334307202364,3.4087511253243687,1.2104166666666665,0.0,0.0,-1.6057078579347317,0.44416414801020354,-1.893054928061201e-124,0.0,0.0,0.0,0.001848794514658912,unicycle
3.1490244150463926,3.399873335586365,1.2104166666666665,0.0,0.0,-1.6056693689024517,0.44415983550486504,-1.6155737044316014e-124,0.0,0.0,0.0,0.001924451613984237,unicycle
3.1487148739699298,3.3909956105361747,1.2104166666666665,0.0,0.0,-1.6056293699315254,0.44415599105299103,-1.3769436793815541e-124,0.0,0.0,0.0,0.0019999485463227185,unicycle
3.1484056970356384,3.3821179404755615,1.2104166666666665,0.0,0.0,-1.6055878642907633,0.44415260917036353,-1.172096729186218e-124,0.0,0.0,0.0,0.0020752820381048096,unicycle
3.148096897280162,3.3732403157782027,1.2104166666666665,0.0,0.0,-1.6055448553141782,0.44414968639046065,-9.96546513844569e-125,0.0,0.0,0.0,0.0021504488292567727,unicycle
3.1477884877126256,3.364362726861036,1.2104166666666665,0.0,0.0,-1.6055003464007318,0.44414722068412854,-8.463398803777793e-125,0.0,0.0,0.0,0.002225445672332977,unicycle
3.147480481313447,3.3554851641644623,1.2104166666666665,0.0,0.0,-1.6054543410140936,0.44414521101618865,-7.180075880596127e-125,0.0,0.0,0.0,0.002300269331909838,unicycle
3.1471728910333905,3.3466076181392705,1.2104166666666665,0.0,0.0,-1.6054068426824095,0.4441436570092388,-6.085160418755998e-125,0.0,0.0,0.0,0.002374916584191258,unicycle
3.146865729792795,3.337730079238609,1.2104166666666665,0.0,0.0,-1.6053578549980738,0.4441425586910469,-5.152211606959048e-125,0.0,0.0,0.0,0.0024493842167822,unicycle
3.146559010480941,3.328852537913711,1.2104166666666665,0.0,0.0,-1.6053073816175019,0.4441419163068474,-4.3582508898994447e-125,0.0,0.0,0.0,0.002523669028593593,unicycle
3.14625274595551,3.3199749846123634,1.2104166666666665,0.0,0.0,-1.6052554262609044,0.4441417301817832,-3.683361532460269e-125,0.0,0.0,0.0,0.0025977678298478527,unicycle
3.145946949042117,3.3110974097793617,1.2104166666666665,0.0,0.0,-1.6052019927120618,0.44414200062187087,-3.110322412372177e-125,0.0,0.0,0.0,0.002671677442159795,unicycle
3.1456416325338936,3.3022198038583492,1.2104166666666665,0.0,0.0,-1.6051470848180882,0.44414272784436604,-2.624276239773826e-125,0.0,0.0,0.0,0.0027453946986724974,unicycle
3.1453368091911034,3.2933421572946067,1.2104166666666665,0.0,0.0,-1.6050907064892037,0.4441439119303935,-2.2124313104193795e-125,0.0,0.0,0.0,0.002818916444231842,unicycle
3.1450324917407753,3.284464460538454,1.2104166666666665,0.0,0.0,-1.605032861698492,0.44414555279428236,-1.8637951771936253e-125,0.0,0.0,0.0,0.0028922395355869095,unicycle
3.1447286928763587,3.275586704049014,1.2104166666666665,0.0,0.0,-1.60497355448166,0.4441476501652918,-1.5689381776159908e-125,0.0,0.0,0.0,0.0029653608416063326,unicycle
3.1444254252573804,3.2667088782981613,1.2104166666666665,0.0,0.0,-1.6049127889367898,0.4441502035784012,-1.3197845100949734e-125,0.0,0.0,0.0,0.003038277243503113,unicycle
3.1441227015091027,3.2578309737745257,1.2104166666666665,0.0,0.0,-1.6048505692240886,0.4441532123716099,-1.109428452690468e-125,0.0,0.0,0.0,0.003110985635062341,unicycle
3.1438205342221823,3.248952980987455,1.2104166666666665,0.0,0.0,-1.6047868995656311,0.44415667568780115,-9.319733221812725e-126,0.0,0.0,0.0,0.003183482922867789,unicycle
3.1435189359523297,3.2400748904708796,1.2104166666666665,0.0,0.0,-1.6047217842451007,0.4441605924796996,-7.823908458317954e-126,0.0,0.0,0.0,0.003255766026524584,unicycle
3.1432179192199565,3.231196692787036,1.2104166666666665,0.0,0.0,-1.6046552276075228,0.4441649615168206,-6.563987390133184e-126,0.0,0.0,0.0,0.0033278318788761163,unicycle
3.142917496509827,3.2223183785300313,1.2104166666666665,0.0,0.0,-1.6045872340589984,0.44416978139359803,-5.5035443065002674e-126,0.0,0.0,0.0,0.0033996774262140634,unicycle
3.142617680270694,3.213439938329227,1.2104166666666665,0.0,0.0,-1.6045178080664289,0.4441750505380961,-4.611630420672092e-126,0.0,0.0,0.0,0.003471299628480943,unicycle
3.142318482914938,3.2045613628524476,1.2104166666666665,0.0,0.0,-1.6044469541572393,0.44418076722088157,-3.861978936804451e-126,0.0,0.0,0.0,0.0035426954594650387,unicycle
3.142019916818198,3.195682642809016,1.2104166666666665,0.0,0.0,-1.6043746769190999,0.4441869295637605,-3.232319813809183e-126,0.0,0.0,0.0,0.003613861906987788,unicycle
3.1417219943189933,3.1868037689526156,1.2104166666666665,0.0,0.0,-1.604300980999638,0.44419353554818125,-2.7037902589138344e-126,0.0,0.0,0.0,0.0036847959730839045,unicycle
3.1414247277183462,3.1779247320839965,1.2104166666666665,0.0,0.0,-1.604225871106155,0.44420058302317866,-2.2604285084695907e-126,0.0,0.0,0.0,0.0037554946741746786,unicycle
3.141128129279396,3.1690455230535313,1.2104166666666665,0.0,0.0,-1.6041493520053303,0.4442080697127855,-1.8887398714366427e-126,0.0,0.0,0.0,0.0038259550412349354,unicycle
3.1408322112270124,3.1601661327636332,1.2104166666666665,0.0,0.0,-1.604071428522931,0.4442159932228799,-1.5773253131397876e-126,0.0,0.0,0.0,0.0038961741199541604,unicycle
3.140536985695632,3.1512865506149907,1.2104166666666665,0.0,0.0,-1.6039921055511837,0.44422442889336944,-1.316564040741095e-126,0.0,0.0,0.0,0.003966148587367475,unicycle
3.140242464753155,3.1424067652276526,1.2104166666666665,0.0,0.0,-1.6039113880451847,0.4442334159920781,-1.098342619184673e-126,0.0,0.0,0.0,0.0040358752999450145,unicycle
3.139948660457306,3.133526766150111,1.2104166666666665,0.0,0.0,-1.6038292810143162,0.44424290828820434,-9.158241018255012e-127,0.0,0.0,0.0,0.004105351543422986,unicycle
3.1396555848474863,3.124646543633605,1.2104166666666665,0.0,0.0,-1.6037457895229044,0.44425287084494663,-7.63251510124263e-127,0.0,0.0,0.0,0.004174574570576182,unicycle
3.1393632499384108,3.1157660884586478,1.2104166666666665,0.0,0.0,-1.6036609186906519,0.44426327740676397,-6.357807493236681e-127,0.0,0.0,0.0,0.0042435416126253185,unicycle
3.1390716677151658,3.106885391802599,1.2104166666666665,0.0,0.0,-1.6035746736928913,0.4442741083458614,-5.293387100857625e-127,0.0,0.0,0.0,0.004312249888015297,unicycle
3.13878085012936,3.098004445139389,1.2104166666666665,0.0,0.0,-1.603487059760708,0.44428534905367606,-4.405028879409187e-127,0.0,0.0,0.0,0.004380696609183137,unicycle
3.138490809096133,3.089123240164329,1.2104166666666665,0.0,0.0,-1.603398082180952,0.4442969886857108,-3.663993611823369e-127,0.0,0.0,0.0,0.004448878987787818,unicycle
3.1382015564918335,3.080241768738416,1.2104166666666665,0.0,0.0,-1.603307746296177,0.44430901918628707,-3.0461641127927376e-127,0.0,0.0,0.0,0.004516794238762404,unicycle
3.1379131041522026,3.0713600228477054,1.2104166666666665,0.0,0.0,-1.6032160575045076,0.4443214345344799,-2.531314552435125e-127,0.0,0.0,0.0,0.004584439583463355,unicycle
3.1376254638709558,3.06247799457428,1.2104166666666665,0.0,0.0,-1.6031230212594654,0.4443342301643365,-2.1024929338680282e-127,0.0,0.0,0.0,0.0046518122521267925,unicycle
3.1373386473986606,3.0535956760760605,1.2104166666666665,0.0,0.0,-1.6030286430697493,0.44434740252199645,-1.7454996469702023e-127,0.0,0.0,0.0,0.004718909485791774,unicycle
3.1370526664418423,3.044713059573333,1.2104166666666665,0.0,0.0,-1.6029329284989935,0.44436094872998294,-1.4484475120425743e-127,0.0,0.0,0.0,0.004785728537812856,unicycle
3.136767532662256,3.035830137340313,1.2104166666666665,0.0,0.0,-1.6028358831654925,0.4443748663350652,-1.2013908720856413e-127,0.0,0.0,0.0,0.0048522666750554205,unicycle
3.136483257676286,3.026946901700452,1.2104166666666665,0.0,0.0,-1.6027375127419157,0.4443891531210087,-9.960131356638204e-128,0.0,0.0,0.0,0.00491852117884534,unicycle
3.1361998530544377,3.0180633450244816,1.2104166666666665,0.0,0.0,-1.602637822955001,0.4444038069714566,-8.253637534957452e-128,0.0,0.0,0.0,0.004984489345727872,unicycle
3.1359173303208907,3.009179459730431,1.2104166666666665,0.0,0.0,-1.6025368195852394,0.4444188257713229,-6.836369660371397e-128,0.0,0.0,0.0,0.005050168488077954,unicycle
3.1356357009531006,3.0002952382850268,1.2104166666666665,0.0,0.0,-1.6024345084665474,0.4444342073375744,-5.659858172347716e-128,0.0,0.0,0.0,0.00511555593459443,unicycle
3.1353549763814317,2.991410673206027,1.2104166666666665,0.0,0.0,-1.6023308954859332,0.4444499493722682,-4.683659183359077e-128,0.0,0.0,0.0,0.005180649030703338,unicycle
3.1350751679888074,2.982525757065167,1.2104166666666665,0.0,0.0,-1.6022259865831552,0.44446604943228435,-3.8740428872293327e-128,0.0,0.0,0.0,0.005245445138889748,unicycle
3.134796287110374,2.9736404824914513,1.2104166666666665,0.0,0.0,-1.6021197877503757,0.4444825049114411,-3.2028931873857846e-128,0.0,0.0,0.0,0.005309941638973303,unicycle
3.1345183450331704,2.964754842174632,1.2104166666666665,0.0,0.0,-1.6020123050318087,0.44449931303166607,-2.64678510196026e-128,0.0,0.0,0.0,0.0053741359283393,unicycle
3.1342413529957964,2.9558688288687236,1.2104166666666665,0.0,0.0,-1.6019035445233658,0.4445164708406689,-2.1862116916182812e-128,0.0,0.0,0.0,0.00543802542213463,unicycle
3.1339653221880837,2.946982435395479,1.2104166666666665,0.0,0.0,-1.601793512372297,0.4445339752141711,-1.8049366598853314e-128,0.0,0.0,0.0,0.005501607553435855,unicycle
3.1336902637507595,2.9380956546477526,1.2104166666666665,0.0,0.0,-1.601682214776829,0.4445518228612215,-1.4894525094891297e-128,0.0,0.0,0.0,0.005564879773395189,unicycle
3.1334161887751093,2.9292084795927242,1.2104166666666665,0.0,0.0,-1.6015696579858016,0.44457001033149757,-1.2285273006986497e-128,0.0,0.0,0.0,0.0056278395513689634,unicycle
3.133143108302633,2.9203209032749435,1.2104166666666665,0.0,0.0,-1.601455848298301,0.4445885340237776,-1.0128257336983698e-128,0.0,0.0,0.0,0.005690484375032194,unicycle
3.132871033324695,2.911432918819199,1.2104166666666665,0.0,0.0,-1.6013407920632916,0.44460739019499107,-8.345925394552965e-129,0.0,0.0,0.0,0.0057528117504821496,unicycle
3.132599974782169,2.9025445194332002,1.2104166666666665,0.0,0.0,-1.6012244956792447,0.4446265749694224,-6.873880745942593e-129,0.0,0.0,0.0,0.005814819202333217,unicycle
3.1323299435650784,2.893655698410079,1.2104166666666665,0.0,0.0,-1.6011069655937689,0.4446460843477739,-5.658676287157055e-129,0.0,0.0,0.0,0.005876504273804857,unicycle
3.1320609505122308,2.8847664491307103,1.2104166666666665,0.0,0.0,-1.6009882083032325,0.4446659142158886,-4.6559731278900585e-129,0.0,0.0,0.0,0.005937864526804162,unicycle
3.1317930064108483,2.8758767650658763,1.2104166666666665,0.0,0.0,-1.6008682303523922,0.4446860603530077,-3.829005434424912e-129,0.0,0.0,0.0,0.005998897542004131,unicycle
3.1315261219961954,2.8669866397782657,1.2104166666666665,0.0,0.0,-1.6007470383340139,0.44470651843949116,-3.147301030987864e-129,0.0,0.0,0.0,0.0060596009189185914,unicycle
3.1312603079512,2.858096066924333,1.2104166666666665,0.0,0.0,-1.6006246388884946,0.44472728406396744,-2.5856156798438553e-129,0.0,0.0,0.0,0.006119972275974491,unicycle
3.1309955748597313,2.8492050387020673,1.2104166666666665,0.0,0.0,-1.6005010387194087,0.44474843046260254,-2.1230457886668486e-129,0.0,0.0,0.0,0.006180008454290256,unicycle
3.1307319332281716,2.8403135465705676,1.2104166666666665,0.0,0.0,-1.600376244585998,0.4447699948768441,-1.7422900312274007e-129,0.0,0.0,0.0,0.006239706670541184,unicycle
3.1304693935357872,2.831421582956278,1.2104166666666665,0.0,0.0,-1.6002502632854343,0.44479192920001376,-1.429035185265984e-129,0.0,0.0,0.0,0.006299065028180508,unicycle
3.1302079662273035,2.82252914102699,1.2104166666666665,0.0,0.0,-1.6001231016546265,0.4448141966316727,-1.1714455343815955e-129,0.0,0.0,0.0,0.00635808154039293,unicycle
3.1299476617071167,2.8136362145179983,1.2104166666666665,0.0,0.0,-1.5999947665715168,0.4448367690686969,-9.597385713619837e-130,0.0,0.0,0.0,0.006416754155480605,unicycle
3.1296884903347992,2.8047427975992494,1.2104166666666665,0.0,0.0,-1.5998652649559841,0.4448596250547829,-7.858325821431087e-130,0.0,0.0,0.0,0.006475080776627868,unicycle
3.129430462421605,2.79584888477459,1.2104166666666665,0.0,0.0,-1.599734603770439,0.4448827481743338,-6.430540699318034e-130,0.0,0.0,0.0,0.006533059277270761,unicycle
3.1291735882277587,2.7869544708060725,1.2104166666666665,0.0,0.0,-1.5996027900201784,0.44490612579920963,-5.258949717151081e-130,0.0,0.0,0.0,0.0065906875130320045,unicycle
3.1289178779603426,2.77805955065772,1.2104166666666665,0.0,0.0,-1.5994698307535589,0.4449297481150169,-4.2981128659399505e-130,0.0,0.0,0.0,0.006647963330973812,unicycle
3.1286633417716536,2.769164119454344,1.2104166666666665,0.0,0.0,-1.5993357330620237,0.4449536073682852,-3.5105612950026316e-130,0.0,0.0,0.0,0.006704884576757678,unicycle
3.1284099897579103,2.760268172451927,1.2104166666666665,0.0,0.0,-1.5992005040800203,0.4449776972876949,-2.865413889776146e-130,0.0,0.0,0.0,0.006761449100172232,unicycle
3.1281578319582306,2.7513717050168425,1.2104166666666665,0.0,0.0,-1.5990641509848325,0.44500201264202494,-2.3372314092269925e-130,0.0,0.0,0.0,0.006817654759389948,unicycle
3.1279068783538158,2.7424747126117746,1.2104166666666665,0.0,0.0,-1.5989266809963476,0.4450265489051289,-1.9050678266824408e-130,0.0,0.0,0.0,0.006873499424234854,unicycle
3.127657138867281,2.7335771907866606,1.2104166666666665,0.0,0.0,-1.5987881013767742,0.44505130200436993,-1.5516852973973277e-130,0.0,0.0,0.0,0.006928980978681831,unicycle
3.1274086233620997,2.7246791351733686,1.2104166666666665,0.0,0.0,-1.5986484194303192,0.445076268133855,-1.2629048301684884e-130,0.0,0.0,0.0,0.006984097322759843,unicycle
3.1271613416421324,2.7157805414831087,1.2104166666666665,0.0,0.0,-1.598507642502839,0.4451014436177304,-1.0270694532741896e-130,0.0,0.0,0.0,0.007038846373993658,unicycle
3.1269153034512076,2.7068814055058046,1.2104166666666665,0.0,0.0,-1.5983657779814693,0.44512682481193355,-8.346005916094917e-131,0.0,0.0,0.0,0.007093226068489099,unicycle
3.126670518472748,2.6979817231108423,1.2104166666666665,0.0,0.0,-1.5982228332942348,0.4451524080352893,-6.776316417045518e-131,0.0,0.0,0.0,0.007147234361743686,unicycle
3.1264269963294224,2.689081490248752,1.2104166666666665,0.0,0.0,-1.5980788159096495,0.44517818952282656,-5.497054528777873e-131,0.0,0.0,0.0,0.0072008692292464295,unicycle
3.1261847465828136,2.68018070295349,1.2104166666666665,0.0,0.0,-1.5979337333363113,0.44520416539576124,-4.4552468692046366e-131,0.0,0.0,0.0,0.007254128666916417,unicycle
3.1259437787331006,2.671279357345069,1.2104166666666665,0.0,0.0,-1.5977875931224828,0.44523033164383896,-3.607459114114135e-131,0.0,0.0,0.0,0.00730701069141871,unicycle
3.125704102218739,2.6623774496323622,1.2104166666666665,0.0,0.0,-1.597640402855675,0.4452566841167147,-2.9180984653855465e-131,0.0,0.0,0.0,0.007359513340387424,unicycle
3.1254657264161523,2.6534749761159526,1.2104166666666665,0.0,0.0,-1.5974921701622238,0.44528321852181785,-2.35801485230758e-131,0.0,0.0,0.0,0.007411634672579134,unicycle
3.125228660639414,2.644571933190924,1.2104166666666665,0.0,0.0,-1.5973429027068642,0.44530993042676154,-1.9033488580134057e-131,0.0,0.0,0.0,0.007463372767974438,unicycle
3.124992914139933,2.6356683173495514,1.2104166666666665,0.0,0.0,-1.5971926081923076,0.44533681526482616,-1.5345833216724306e-131,0.0,0.0,0.0,0.0075147257278414,unicycle
3.1247584961061294,2.626764125183835,1.2104166666666665,0.0,0.0,-1.5970412943588121,0.4453638683424188,-1.23576299897815e-131,0.0,0.0,0.0,0.007565691674771384,unicycle
3.1245254156631135,2.6178593533878605,1.2104166666666665,0.0,0.0,-1.596888968983758,0.4453910848476951,-9.938528259726963e-132,0.0,0.0,0.0,0.007616268752695287,unicycle
3.1242936818723557,2.608953998759982,1.2104166666666665,0.0,0.0,-1.5967356398812202,0.44541845985975126,-7.98210438811672e-132,0.0,0.0,0.0,0.0076664551268862575,unicycle
3.1240633037313534,2.600048058204807,1.2104166666666665,0.0,0.0,-1.596581314901541,0.4454459883579632,-6.401528333374565e-132,0.0,0.0,0.0,0.007716248983953452,unicycle
3.123834290173295,2.591141528735004,1.2104166666666665,0.0,0.0,-1.5964260019309047,0.44547366523117676,-5.1260055202590206e-132,0.0,0.0,0.0,0.007765648531830234,unicycle
3.12360665006672,2.5822344074729306,1.2104166666666665,0.0,0.0,-1.59626970889091,0.44550148528655303,-4.097856857687324e-132,0.0,0.0,0.0,0.007814651999759302,unicycle
3.123380392215176,2.573326691652089,1.2104166666666665,0.0,0.0,-1.5961124437381444,0.4455294432579417,-3.2701237699845464e-132,0.0,0.0,0.0,0.007863257638276569,unicycle
3.1231555253568706,2.5644183786184316,1.2104166666666665,0.0,0.0,-1.5959542144637606,0.44555753381371155,-2.604604944406673e-132,0.0,0.0,0.0,0.007911463719195046,unicycle
3.122932058164326,2.5555094658315145,1.2104166666666665,0.0,0.0,-1.5957950290930487,0.445585751564005,-2.07024789410505e-132,0.0,0.0,0.0,0.00795926853558961,unicycle
3.122709999205271,2.546599949314601,1.2104166666666665,0.0,0.0,-1.5956348957080582,0.4456141686374171,-1.6418319812694256e-132,0.0,0.0,0.0,0.008006669249526302,unicycle
3.1224893569608714,2.5376898243721495,1.2104166666666665,0.0,0.0,-1.5954738224367144,0.44564282127578714,-1.2988907304155148e-132,0.0,0.0,0.0,0.008053663567193862,unicycle
3.122270139867785,2.5287790872919946,1.2104166666666665,0.0,0.0,-1.5953118174272105,0.44567166058464824,-1.0248304936153934e-132,0.0,0.0,0.0,0.008100250475187337,unicycle
3.1220523563118063,2.5198677351190786,1.2104166666666665,0.0,0.0,-1.5951488888508372,0.4457006489864319,-8.062101454350897e-133,0.0,0.0,0.0,0.008146428818660638,unicycle
3.121836014622933,2.5109557654812273,1.2104166666666665,0.0,0.0,-1.59498504490406,0.445729757616951,-6.321527652697103e-133,0.0,0.0,0.0,0.008192197338853017,unicycle
3.121621123071537,2.5020431764558397,1.2104166666666665,0.0,0.0,-1.5948202938100118,0.4457589642791536,-4.9386544053271225e-133,0.0,0.0,0.0,0.008237554702406127,unicycle
3.121407689865396,2.4931299664686186,1.2104166666666665,0.0,0.0,-1.5946546438195275,0.44578825184033927,-3.842475878236771e-133,0.0,0.0,0.0,0.00828249952421876,unicycle
3.121195723147391,2.484216134217303,1.2104166666666665,0.0,0.0,-1.594488103211823,0.4458176069815134,-2.9757169977462194e-133,0.0,0.0,0.0,0.008327030385220108,unicycle
3.1209852309937216,2.475301678614828,1.2104166666666665,0.0,0.0,-1.5943206802949001,0.445847019225709,-2.292233143385138e-133,0.0,0.0,0.0,0.008371145846152318,unicycle
3.1207762214125117,2.466386598747505,1.2104166666666665,0.0,0.0,-1.5941523834057356,0.44587648018674364,-1.7548937966916567e-133,0.0,0.0,0.0,0.008414844458223273,unicycle
3.1205687023427187,2.457470893844744,1.2104166666666665,0.0,0.0,-1.5939832209103093,0.4459059829916703,-1.3338614142735174e-133,0.0,0.0,0.0,0.008458124771308802,unicycle
3.1203626816532704,2.448554563257597,1.2104166666666665,0.0,0.0,-1.5938132012035044,0.44593552183966934,-1.0051928468861374e-133,0.0,0.0,0.0,0.008500985340239478,unicycle
3.1201581671423715,2.439637606443988,1.2104166666666665,0.0,0.0,-1.5936423327089126,0.44596509166774634,-7.497038103932379e-134,0.0,0.0,0.0,0.008543424729593449,unicycle
3.119955166536942,2.4307200229589507,1.2104166666666665,0.0,0.0,-1.593470623878566,0.4459946878997168,-5.520477363320004e-134,0.0,0.0,0.0,0.008585441517326767,unicycle
3.119753687492147,2.4218018124486003,1.2104166666666665,0.0,0.0,-1.593298083192616,0.44602430625985323,-3.9996920781707065e-134,0.0,0.0,0.0,0.008627034297501598,unicycle
3.119553737590994,2.4128829746468283,1.2104166666666665,0.0,0.0,-1.5931247191589695,0.44605394263648684,-2.8369946579494995e-134,0.0,0.0,0.0,0.008668201682316601,unicycle
3.119355324343981,2.403963509373956,1.2104166666666665,0.0,0.0,-1.5929505403128972,0.44608359298398137,-1.9546743571470833e-134,0.0,0.0,0.0,0.008708942303599507,unicycle
3.1191584551887797,2.3950434165367627,1.2104166666666665,0.0,0.0,-1.5927755552166192,0.4461132532539865,-1.291046099548008e-134,0.0,0.0,0.0,0.008749254813887029,unicycle
3.1189631374899394,2.3861226961294437,1.2104166666666665,0.0,0.0,-1.5925997724588759,0.4461429193488593,-7.972611992843168e-135,0.0,0.0,0.0,0.008789137887189742,unicycle
3.1187693785386084,2.3772013482351655,1.2104166666666665,0.0,0.0,-1.5924232006544852,0.44617258709171204,-4.347360263348498e-135,0.0,0.0,0.0,0.008828590219517983,unicycle
3.1185771855522626,2.368279373027974,1.2104166666666665,0.0,0.0,-1.592245848443901,0.4462022522087876,-1.7308140302139845e-135,0.0,0.0,0.0,0.008867610529227745,unicycle
3.118386565674442,2.359356770774874,1.2104166666666665,0.0,0.0,-1.5920677244927561,0.446231910320847,1.1562637059637606e-136,0.0,0.0,0.0,0.008906197557232312,unicycle
3.1181975259744896,2.350433541837949,1.2104166666666665,0.0,0.0,-1.591888837491414,0.44626155694102226,1.3786426130313707e-135,0.0,0.0,0.0,0.008944350067114828,unicycle
3.118010073447285,2.3415096866764333,1.2104166666666665,0.0,0.0,-1.5917091961545105,0.4462911874771973,2.2037240395878953e-135,0.0,0.0,0.0,0.008982066845168847,unicycle
3.1178242150129853,2.332585205848676,1.2104166666666665,0.0,0.0,-1.5915288092205029,0.446320797237451,2.7037560412793373e-135,0.0,0.0,0.0,0.009019346700387551,unicycle
3.1176399575167584,2.3236601000139547,1.2104166666666665,0.0,0.0,-1.5913476854512147,0.4463503814374642,2.9658856856052455e-135,0.0,0.0,0.0,0.009056188464417289,unicycle
3.1174573077285177,2.314734369934117,1.2104166666666665,0.0,0.0,-1.591165833631385,0.4463799352090813,3.057000426648789e-135,0.0,0.0,0.0,0.009092590991487277,unicycle
3.1172762723426537,2.305808016475039,1.2104166666666665,0.0,0.0,-1.5909832625682185,0.4464094536094346,3.028091714773756e-135,0.0,0.0,0.0,0.009128553158324266,unicycle
3.117096857977763,2.296881040607896,1.2104166666666665,0.0,0.0,-1.5907999810909372,0.44643893163020787,2.917723287026935e-135,0.0,0.0,0.0,0.009164073864058663,unicycle
3.1169190711763783,2.2879534434102555,1.2104166666666665,0.0,0.0,-1.5906159980503347,0.44646836420674635,2.754781656153285e-135,0.0,0.0,0.0,0.009199152030126855,unicycle
3.116742918404693,2.279025226066987,1.2104166666666665,0.0,0.0,-1.5904313223183315,0.44649774622681576,2.5606520200180652e-135,0.0,0.0,0.0,0.009233786600173087,unicycle
3.116568406052289,2.2700963898710116,1.2104166666666665,0.0,0.0,-1.5902459627875327,0.44652707253888474,2.3509350071943778e-135,0.0,0.0,0.0,0.009267976539953236,unicycle
3.1163955404318626,2.2611669362238906,1.2104166666666665,0.0,0.0,-1.590059928370788,0.44655633795985933,2.1367971513834987e-135,0.0,0.0,0.0,0.009301720837241996,unicycle
3.1162243277789496,2.252236866636277,1.2104166666666665,0.0,0.0,-1.5898732280007528,0.4465855372822364,1.92602976125645e-135,0.0,0.0,0.0,0.009335018501744506,unicycle
3.116054774222141,2.2433061811805906,1.2104166666666665,0.0,0.0,-1.5896858706581714,0.44661474267656387,1.7238761185067393e-135,0.0,0.0,0.0,0.009367867129062147,unicycle
3.115886885797215,2.234374879206283,1.2104166666666665,0.0,0.0,-1.5894978653583152,0.44664399054092524,1.5336750390013613e-135,0.0,0.0,0.0,0.009400264992817927,unicycle
3.1157206684790935,2.225442961037721,1.2104166666666665,0.0,0.0,-1.5893092211191169,0.4466732323617504,1.3573592349024818e-135,0.0,0.0,0.0,0.009432211959939148,unicycle
3.1155561281768795,2.2165104277476977,1.2104166666666665,0.0,0.0,-1.5891199469648476,0.4467024309501558,1.1958391837474761e-135,0.0,0.0,0.0,0.009463707713449676,unicycle
3.1153932707300167,2.207577280982886,1.2104166666666665,0.0,0.0,-1.5889300519288523,0.44673155784416574,1.0492969890662082e-135,0.0,0.0,0.0,0.009494751799769344,unicycle
3.1152321019053306,2.1986435228301167,1.2104166666666665,0.0,0.0,-1.5887395450555375,0.4467605912669472,9.174097177612469e-136,0.0,0.0,0.0,0.009525343665733425,unicycle
3.115072627394745,2.189709155714638,1.2104166666666665,0.0,0.0,-1.5885484354017878,0.44678951452750987,7.995176878121127e-136,0.0,0.0,0.0,0.009555482687491342,unicycle
3.1149148528135275,2.1807741823233235,1.2104166666666665,0.0,0.0,-1.588356732037928,0.44681831477274875,6.947499656044194e-136,0.0,0.0,0.0,0.009585168192999295,unicycle
3.1147587836989357,2.17183860554727,1.2104166666666665,0.0,0.0,-1.5881644440483382,0.44684698201782286,6.021167609705904e-136,0.0,0.0,0.0,0.00961439947946736,unicycle
3.1146044255091723,2.1629024284393847,1.2104166666666665,0.0,0.0,-1.5879715805318015,0.44687550839646806,5.205763547592264e-136,0.0,0.0,0.0,0.009643175826839621,unicycle
3.1144517836225765,2.1539656541834993,1.2104166666666665,0.0,0.0,-1.5877781506016382,0.4469038875846089,4.490825571315509e-136,0.0,0.0,0.0,0.009671496508161537,unicycle
3.1143008633369904,2.1450282860722827,1.2104166666666665,0.0,0.0,-1.5875841633856884,0.4469321143600978,3.866173928804949e-136,0.0,0.0,0.0,0.009699360797510194,unicycle
3.1141516698692606,2.136090327491829,1.2104166666666665,0.0,0.0,-1.5873896280261683,0.44696018426901435,3.322126766735688e-136,0.0,0.0,0.0,0.009726767976021329,unicycle
3.114004208354838,2.1271517819112575,1.2104166666666665,0.0,0.0,-1.5871945536794398,0.4469880933750586,2.8496332279469842e-136,0.0,0.0,0.0,0.009753717336434292,unicycle
3.113858483847448,2.118212652876027,1.2104166666666665,0.0,0.0,-1.58699894951571,0.4470158380734537,2.440345876176197e-136,0.0,0.0,0.0,0.00978020818648672,unicycle
3.11371450131882,2.10927294400398,1.2104166666666665,0.0,0.0,-1.5868028247186812,0.44704341495468525,2.086649339898946e-136,0.0,0.0,0.0,0.009806239851419825,unicycle
3.1135722656584486,2.100332658983345,1.2104166666666665,0.0,0.0,-1.586606188485165,0.4470708207065206,1.781658070403401e-136,0.0,0.0,0.0,0.009831811675799064,unicycle
3.1134317816733845,2.09139180157211,1.2104166666666665,0.0,0.0,-1.5864090500246688,0.44709805204523506,1.5191929823513452e-136,0.0,0.0,0.0,0.009856923024810506,unicycle
3.1132930540880452,2.0824503755983312,1.2104166666666665,0.0,0.0,-1.5862114185589657,0.4471251056689512,1.2937443082841346e-136,0.0,0.0,0.0,0.009881573285158141,unicycle
3.1131560875440374,2.0735083849610425,1.2104166666666665,0.0,0.0,-1.5860133033216526,0.44715197822756053,1.1004261079237393e-136,0.0,0.0,0.0,0.009905761865659654,unicycle
3.113020886599987,2.0645658336315194,1.2104166666666665,0.0,0.0,-1.5858147135577003,0.44717866630494063,9.349264136696243e-137,0.0,0.0,0.0,0.009929488197616385,unicycle
3.112887455731376,2.0556227256547177,1.2104166666666665,0.0,0.0,-1.5856156585230003,0.44720516641015706,7.93455873612005e-137,0.0,0.0,0.0,0.00995275173501602,unicycle
3.112755799330382,2.0466790651507596,1.2104166666666665,0.0,0.0,-1.585416147483908,0.44723147497511234,6.726968995654849e-137,0.0,0.0,0.0,0.009975551954613075,unicycle
3.112625921705719,2.037734856316376,1.2104166666666665,0.0,0.0,-1.5852161897167893,0.447257588356707,5.697546819699687e-137,0.0,0.0,0.0,0.009997888355921707,unicycle
3.112497827082479,2.0287901034262426,1.2104166666666665,0.0,0.0,-1.5850157945075667,0.44728350284205015,4.82110949930302e-137,0.0,0.0,0.0,0.010019760461147085,unicycle
3.1123715196019774,2.0198448108341736,1.2104166666666665,0.0,0.0,-1.5848149711512656,0.4473092146556262,4.075809967213786e-137,0.0,0.0,0.0,0.01004116781507523,unicycle
3.112247003321596,2.0108989829741497,1.2104166666666665,0.0,0.0,-1.584613728951567,0.4473347199676074,3.4427423001340876e-137,0.0,0.0,0.0,0.010062109984936132,unicycle
3.1121242822146247,2.001952624361164,1.2104166666666665,0.0,0.0,-1.584412077220362,0.44736001490272354,2.905583192510113e-137,0.0,0.0,0.0,0.010082586560251173,unicycle
3.11200336017011,1.9930057395918919,1.2104166666666665,0.0,0.0,-1.5842100252773086,0.44738509554926653,2.4502688231347763e-137,0.0,0.0,0.0,0.010102597152672862,unicycle
3.111884240992697,1.984058333345182,1.2104166666666665,0.0,0.0,-1.5840075824493922,0.4474099579679363,2.0647056593685028e-137,0.0,0.0,0.0,0.010122141395822673,unicycle
3.11176692840248,1.9751104103823747,1.2104166666666665,0.0,0.0,-1.5838047580704893,0.4474345982003324,1.7385131861260975e-137,0.0,0.0,0.0,0.010141218945130969,unicycle
3.1116514260348493,1.966161975547463,1.2104166666666665,0.0,0.0,-1.5836015614809353,0.44745901227696516,1.4627962244639612e-137,0.0,0.0,0.0,0.010159829477681754,unicycle
3.111537737440341,1.9572130337671019,1.2104166666666665,0.0,0.0,-1.583398002027094,0.4474831962247167,1.2299443533484296e-137,0.0,0.0,0.0,0.010177972692063976,unicycle
3.1114258660844905,1.9482635900504794,1.2104166666666665,0.0,0.0,-1.5831940890609295,0.44750714607371705,1.0334559187851682e-137,0.0,0.0,0.0,0.010195648308230373,unicycle
3.1113158153285454,1.9393136479442301,1.2104166666666665,0.0,0.0,-1.5829898319723268,0.44753093511128583,8.677841695465506e-138,0.0,0.0,0.0,0.010212854430124551,unicycle
3.1112075884389907,1.9303632102458161,1.2104166666666665,0.0,0.0,-1.5827852401736355,0.4475546009491161,7.28203170074341e-138,0.0,0.0,0.0,0.010229589934567063,unicycle
3.1111011886082416,1.921412280697767,1.2104166666666665,0.0,0.0,-1.582580323063374,0.4475780964773545,6.106912877511294e-138,0.0,0.0,0.0,0.010245855513116159,unicycle
3.1109966189513036,1.9124608637610607,1.2104166666666665,0.0,0.0,-1.5823750900305393,0.4476013859149365,5.1183021816187987e-138,0.0,0.0,0.0,0.010261651641714404,unicycle
3.1108938825032246,1.9035089644403589,1.2104166666666665,0.0,0.0,-1.5821695504578386,0.44762444221663794,4.287176870075734e-138,0.0,0.0,0.0,0.010276978635037286,unicycle
3.1107929822171605,1.8945565881499955,1.2104166666666665,0.0,0.0,-1.5819637137240572,0.44764724503506376,3.588921430473082e-138,0.0,0.0,0.0,0.01029183668908374,unicycle
3.110693920962909,1.8856037406118913,1.2104166666666665,0.0,0.0,-1.581757589205768,0.4476697791242342,3.0026792736784775e-138,0.0,0.0,0.0,0.010306225914456454,unicycle
3.1105967015258105,1.8766504277783809,1.2104166666666665,0.0,0.0,-1.5815511862785225,0.44769203309382183,2.5107956680500714e-138,0.0,0.0,0.0,0.010320146362282106,unicycle
3.1105013266059216,1.8676966557743966,1.2104166666666665,0.0,0.0,-1.5813445143176357,0.4477139984411703,2.0983399124748505e-138,0.0,0.0,0.0,0.010333598044323673,unicycle
3.110407798817401,1.8587424308546194,1.2104166666666665,0.0,0.0,-1.5811375826986653,0.44773566880280746,1.7526961463428083e-138,0.0,0.0,0.0,0.010346580948518792,unicycle
3.110316120688053,1.8497877593721423,1.2104166666666665,0.0,0.0,-1.580930400797647,0.4477570393789064,1.463213472377191e-138,0.0,0.0,0.0,0.010359095050924045,unicycle
3.1102262946589927,1.840832647755923,1.2104166666666665,0.0,0.0,-1.58072297799115,0.44777810649359784,1.220907223480096e-138,0.0,0.0,0.0,0.010371140324842184,unicycle
3.110138323084397,1.8318771024949039,1.2104166666666665,0.0,0.0,-1.5805153236561948,0.4477988672616242,1.0182042413795235e-138,0.0,0.0,0.0,0.010382716747747585,unicycle
3.1100522082313273,1.8229211301271415,1.2104166666666665,0.0,0.0,-1.580307447170065,0.44781931933791425,8.48725959139493e-139,0.0,0.0,0.0,0.010393824306496357,unicycle
3.109967952279595,1.8139647372326533,1.2104166666666665,0.0,0.0,-1.5800993579100409,0.44783946073153463,7.071038991727852e-139,0.0,0.0,0.0,0.010404463001204952,unicycle
3.1098855573216655,1.805007930428993,1.2104166666666665,0.0,0.0,-1.579891065253079,0.447859289669373,5.88822921656354e-139,0.0,0.0,0.0,0.010414632848099533,unicycle
3.10980502536259,1.7960507163687869,1.2104166666666665,0.0,0.0,-1.5796825785754476,0.4478788044980186,4.900881938203088e-139,0.0,0.0,0.0,0.010424333881573666,unicycle
3.10972635831995,1.7870931017386484,1.2104166666666665,0.0,0.0,-1.5794739072523343,0.44789800361478904,4.077124070023382e-139,0.0,0.0,0.0,0.010433566155640478,unicycle
3.109649558023822,1.7781350932590334,1.2104166666666665,0.0,0.0,-1.5792650606574359,0.4479168854208202,3.390202538545223e-139,0.0,0.0,0.0,0.010442329744924775,unicycle
3.1095746262167463,1.7691766976846983,1.2104166666666665,0.0,0.0,-1.5790560481625295,0.44793544829070303,2.8176760042018507e-139,0.0,0.0,0.0,0.010450624745308466,unicycle
3.1095015645537063,1.7602179218055243,1.2104166666666665,0.0,0.0,-1.5788468791370434,0.4479536905543875,2.3407315417700968e-139,0.0,0.0,0.0,0.01045845127431725,unicycle
3.1094303746021086,1.7512587724475206,1.2104166666666665,0.0,0.0,-1.5786375629476166,0.4479716104880504,1.943607461889231e-139,0.0,0.0,0.0,0.010465809471316548,unicycle
3.1093610578417716,1.7422992564738837,1.2104166666666665,0.0,0.0,-1.5784281089576655,0.44798920631139477,1.613106192388457e-139,0.0,0.0,0.0,0.010472699497568955,unicycle
3.109293615664915,1.7333393807860191,1.2104166666666665,0.0,0.0,-1.5782185265269415,0.44800647618944933,1.3381834964854613e-139,0.0,0.0,0.0,0.010479121536193198,unicycle
3.1092280493761515,1.7243791523244676,1.2104166666666665,0.0,0.0,-1.5780088250111,0.44802341823740977,1.109602332820681e-139,0.0,0.0,0.0,0.010485075792054915,unicycle
3.1091643601924805,1.7154185780696927,1.2104166666666665,0.0,0.0,-1.5777990137612676,0.44804003052742886,9.1964140291167e-140,0.0,0.0,0.0,0.010490562491612152,unicycle
3.1091025492432856,1.7064576650427137,1.2104166666666665,0.0,0.0,-1.5775891021236133,0.4480563110965485,7.618499231400204e-140,0.0,0.0,0.0,0.010495581882732592,unicycle
3.1090426175703367,1.6974964203055656,1.2104166666666665,0.0,0.0,-1.5773790994389234,0.4480722579551852,6.308414344627592e-140,0.0,0.0,0.0,0.010500134234495079,unicycle
3.1089845661277886,1.6885348509615867,1.2104166666666665,0.0,0.0,-1.577169015042184,0.4480878690957484,5.2212055318858925e-140,0.0,0.0,0.0,0.010504219836984552,unicycle
3.108928395782189,1.6795729641555392,1.2104166666666665,0.0,0.0,-1.5769588582621619,0.44810314250109806,4.319374961822971e-140,0.0,0.0,0.0,0.010507839001086788,unicycle
3.1088741073124866,1.6706107670735648,1.2104166666666665,0.0,0.0,-1.5767486384209966,0.44811807615264665,3.5716600624583067e-140,0.0,0.0,0.0,0.010510992058287491,unicycle
3.1088217014100428,1.6616482669429904,1.2104166666666665,0.0,0.0,-1.5765383648337867,0.44813266803797974,2.95200977711658e-140,0.0,0.0,0.0,0.010513679360478574,unicycle
3.1087711786786456,1.6526854710319907,1.2104166666666665,0.0,0.0,-1.5763280468081913,0.44814691615792457,2.4387265540649037e-140,0.0,0.0,0.0,0.010515901279773521,unicycle
3.108722539634533,1.6437223866491217,1.2104166666666665,0.0,0.0,-1.5761176936440247,0.4481608185330341,2.0137476674072179e-140,0.0,0.0,0.0,0.010517658208332802,unicycle
3.108675784698206,1.634759019599664,1.2104166666666665,0.0,0.0,-1.5759073146678761,0.44817445036421644,1.6620435937932352e-140,0.0,0.0,0.0,0.010518948807413818,unicycle
3.1086309141990855,1.6257953748978362,1.2104166666666665,0.0,0.0,-1.5756969192165793,0.44818785123732,1.3711146662469866e-140,0.0,0.0,0.0,0.010519772564849462,unicycle
3.1085879283843614,1.616831458458767,1.2104166666666665,0.0,0.0,-1.5754865165984246,0.44820097613490517,1.1305701863222295e-140,0.0,0.0,0.0,0.010520130907736593,unicycle
3.1085468274174217,1.6078672768718498,1.2104166666666665,0.0,0.0,-1.5752761160978659,0.44821379136845985,9.31776678970804e-141,0.0,0.0,0.0,0.010520025027932511,unicycle
3.108507611376707,1.5989028372258947,1.2104166666666665,0.0,0.0,-1.5750657269790551,0.4482262719884136,7.675640895772342e-141,0.0,0.0,0.0,0.010519455940530342,unicycle
3.1084702802548945,1.5899381469749958,1.2104166666666665,0.0,0.0,-1.5748553584884604,0.4482383997484008,6.319805082338254e-141,0.0,0.0,0.0,0.010518424529730334,unicycle
3.1084348339583276,1.5809732138362913,1.2104166666666665,0.0,0.0,-1.5746450198567656,0.4482501615105623,5.2008751259419004e-141,0.0,0.0,0.0,0.010516931584712785,unicycle
3.108401272306633,1.5720080457126122,1.2104166666666665,0.0,0.0,-1.574434720300214,0.448261548001045,4.2778949025839776e-141,0.0,0.0,0.0,0.010514977827593785,unicycle
3.108369595032478,1.5630426506344728,1.2104166666666665,0.0,0.0,-1.5742244690215117,0.4482725528429199,3.516913709795517e-141,0.0,0.0,0.0,0.010512563935124179,unicycle
3.108339801781434,1.5540770367170187,1.2104166666666665,0.0,0.0,-1.5740142752104025,0.4482831718083008,2.889800989739026e-141,0.0,0.0,0.0,0.010509690555454752,unicycle
3.108311892111915,1.5451112121284782,1.2104166666666665,0.0,0.0,-1.5738041480439822,0.44829340224317815,2.3732593254590812e-141,0.0,0.0,0.0,0.010506358321020398,unicycle
3.1082858654951755,1.5361451850674035,1.2104166666666665,0.0,0.0,-1.5735940966868145,0.44830324262791826,1.9480029440982407e-141,0.0,0.0,0.0,0.010502567858379669,unicycle
3.1082617213153503,1.5271789637465771,1.2104166666666665,0.0,0.0,-1.573384130290901,0.44831269224395737,1.598074304094303e-141,0.0,0.0,0.0,0.010498319795673181,unicycle
3.108239458869526,1.518212556381931,1.2104166666666665,0.0,0.0,-1.5731742579955366,0.4483217509233016,1.3102758282231822e-141,0.0,0.0,0.0,0.010493614768226201,unicycle
3.1082190773678335,1.5092459711851869,1.2104166666666665,0.0,0.0,-1.5729644889270824,0.44833041886231345,1.0736976063593074e-141,0.0,0.0,0.0,0.010488453422710469,unicycle
3.108200575933556,1.50027921635923,1.2104166666666665,0.0,0.0,-1.5727548321986788,0.44833869648515984,8.793250455527325e-142,0.0,0.0,0.0,0.010482836420192588,unicycle
3.1081839536032527,1.4913123000954507,1.2104166666666665,0.0,0.0,-1.5725452969099125,0.44834658434540453,7.197130872334762e-142,0.0,0.0,0.0,0.01047676443832632,unicycle
3.1081692093268862,1.482345230572472,1.2104166666666665,0.0,0.0,-1.5723358921464547,0.44835408305670493,5.887158237140173e-142,0.0,0.0,0.0,0.010470238172890707,unicycle
3.1081563419679625,1.4733780159558223,1.2104166666666665,0.0,0.0,-1.5721266269796783,0.44836119324554224,4.8126219753697125e-142,0.0,0.0,0.0,0.01046325833883183,unicycle
3.1081453503036696,1.4644106643982246,1.2104166666666665,0.0,0.0,-1.5719175104662595,0.44836791552047456,3.931700156357799e-142,0.0,0.0,0.0,0.01045582567093123,unicycle
3.108136233025028,1.4554431840402546,1.2104166666666665,0.0,0.0,-1.5717085516477756,0.4483742504536411,3.209918046022429e-142,0.0,0.0,0.0,0.010447940924196368,unicycle
3.1081289887370374,1.4464755830111915,1.2104166666666665,0.0,0.0,-1.5714997595502949,0.44838019857121797,2.618871146967328e-142,0.0,0.0,0.0,0.010439604874046899,unicycle
3.1081236159588315,1.437507869429929,1.2104166666666665,0.0,0.0,-1.5712911431839676,0.4483857603502968,2.135167831611111e-142,0.0,0.0,0.0,0.010430818316353348,unicycle
3.1081201131238356,1.428540051405862,1.2104166666666665,0.0,0.0,-1.57108271154262,0.44839093622025833,1.7395542094431098e-142,0.0,0.0,0.0,0.01042158206737149,unicycle
3.108118478579928,1.419572137039682,1.2104166666666665,0.0,0.0,-1.5708744736033478,0.4483957265671837,1.4161901551357288e-142,0.0,0.0,0.0,0.01041189696360521,unicycle
3.1081187105896,1.4106041344240505,1.2104166666666665,0.0,0.0,-1.5706664383261155,0.44840013174021304,1.152050664647738e-142,0.0,0.0,0.0,0.010401763861622436,unicycle
3.108120807330129,1.4016360516441178,1.2104166666666665,0.0,0.0,-1.5704586146533583,0.4484041520590452,9.364310732490576e-143,0.0,0.0,0.0,0.010391183637842506,unicycle
3.1081247668937437,1.3926678967778836,1.2104166666666665,0.0,0.0,-1.570251011509592,0.4484077878219903,7.605383064185559e-143,0.0,0.0,0.0,0.010380157188308363,unicycle
3.1081305872878033,1.383699677896394,1.2104166666666665,0.0,0.0,-1.5700436378010227,0.44841103931415593,6.171533622875999e-143,0.0,0.0,0.0,0.010368685428453258,unicycle
3.108138266434975,1.3747314030637778,1.2104166666666665,0.0,0.0,-1.5698365024151655,0.4484139068154737,5.003527435757779e-143,0.0,0.0,0.0,0.010356769292868795,unicycle
3.108147802173416,1.3657630803371301,1.2104166666666665,0.0,0.0,-1.5696296142204638,0.4484163906083709,4.0527865216842346e-143,0.0,0.0,0.0,0.010344409735078934,unicycle
3.108159192256964,1.3567947177662532,1.2104166666666665,0.0,0.0,-1.569422982065917,0.44841849098496234,3.279495011722832e-143,0.0,0.0,0.0,0.010331607727323,unicycle
3.1081724343553265,1.3478263233932624,1.2104166666666665,0.0,0.0,-1.5692166147807103,0.44842020825369194,2.6510374641897933e-143,0.0,0.0,0.0,0.010318364260349471,unicycle
3.1081875260567156,1.3388579037094088,1.2104166666666665,0.0,0.0,-1.5690105212093617,0.4484216198787482,2.1407124121576074e-143,0.0,0.0,0.0,0.010304678567432855,unicycle
3.1082044648677276,1.329889464367138,1.2104166666666665,0.0,0.0,-1.5688047101949438,0.4484227677182098,1.7266731578452188e-143,0.0,0.0,0.0,0.010290550720906538,unicycle
3.1082232482106895,1.3209210118716546,1.2104166666666665,0.0,0.0,-1.568599190539754,0.4484236090484916,1.3910561058927794e-143,0.0,0.0,0.0,0.010275982759490744,unicycle
3.1082438734238305,1.3119525533544258,1.2104166666666665,0.0,0.0,-1.5683939710101578,0.44842411246764186,1.1192637923924072e-143,0.0,0.0,0.0,0.010260976479818752,unicycle
3.1082663377615214,1.3029840963984642,1.2104166666666665,0.0,0.0,-1.5681890603402369,0.44842425530640345,8.993754571699688e-144,0.0,0.0,0.0,0.010245533496050202,unicycle
3.1082906383945565,1.2940156489043084,1.2104166666666665,0.0,0.0,-1.5679844672345034,0.4484240215933085,7.216627218715162e-144,0.0,0.0,0.0,0.0102296552866747,unicycle
3.1083167724104594,1.2850472189878848,1.2104166666666665,0.0,0.0,-1.5677802003698804,0.44842340046061857,5.781918413463492e-144,0.0,0.0,0.0,0.010213343231138153,unicycle
3.108344736813806,1.276078814903252,1.2104166666666665,0.0,0.0,-1.5675762683971126,0.4484223849002939,4.624972283378813e-144,0.0,0.0,0.0,0.010196598638399001,unicycle
3.1083745285265474,1.267110444984681,1.2104166666666665,0.0,0.0,-1.5673726799417305,0.44842097079723336,3.693136261480705e-144,0.0,0.0,0.0,0.010179422769098877,unicycle
3.1084061443883355,1.2581421176036875,1.2104166666666665,0.0,0.0,-1.5671694436046764,0.4484191561815907,2.943565159842519e-144,0.0,0.0,0.0,0.010161816852692549,unicycle
3.108439581156847,1.2491738411375692,1.2104166666666665,0.0,0.0,-1.5669665679626643,0.4484169406536982,2.3414217429495965e-144,0.0,0.0,0.0,0.010143782100609108,unicycle
3.1084748355080998,1.2402056239467307,1.2104166666666665,0.0,0.0,-1.566764061568338,0.4484143249445675,1.8584030631885478e-144,0.0,0.0,0.0,0.010125319716297484,unicycle
3.10851190403677,1.2312374743586787,1.2104166666666665,0.0,0.0,-1.5665619329502813,0.44841131058251027,1.471534299151107e-144,0.0,0.0,0.0,0.010106430902833943,unicycle
3.1085507832564976,1.2222694006570298,1.2104166666666665,0.0,0.0,-1.566360190612909,0.4484078996425037,1.1621821383532081e-144,0.0,0.0,0.0,0.010087116868628841,unicycle
3.1085914696001944,1.213301411074246,1.2104166666666665,0.0,0.0,-1.566158843036276,0.4484040945597924,9.152482453251683e-145,0.0,0.0,0.0,0.010067378831657594,unicycle
3.1086339594203456,1.204333513787108,1.2104166666666665,0.0,0.0,-1.5659578986758254,0.44839989799311053,7.185103655620132e-145,0.0,0.0,0.0,0.010047218022551284,unicycle
3.1086782489893086,1.1953657169141612,1.2104166666666665,0.0,0.0,-1.5657573659620891,0.4483953127260163,5.620843939021609e-145,0.0,0.0,0.0,0.010026635686810883,unicycle
3.1087243344996116,1.186398028514553,1.2104166666666665,0.0,0.0,-1.5655572533003619,0.44839034159730423,4.379854965629936e-145,0.0,0.0,0.0,0.010005633086352238,unicycle
3.108772212064253,1.1774304565878255,1.2104166666666665,0.0,0.0,-1.5653575690703512,0.4483849874534298,3.397702965308253e-145,0.0,0.0,0.0,0.009984211500543867,unicycle
3.108821877716997,1.1684630090743264,1.2104166666666665,0.0,0.0,-1.565158321625814,0.4483792531174414,2.6224535896248933e-145,0.0,0.0,0.0,0.009962372226863815,unicycle
3.1088733274126765,1.1594956938560006,1.2104166666666665,0.0,0.0,-1.5649595192941885,0.4483731413701502,2.012298680513893e-145,0.0,0.0,0.0,0.009940116581273518,unicycle
3.1089265570274907,1.150528518757376,1.2104166666666665,0.0,0.0,-1.564761170376221,0.4483666549402425,1.5336256978072927e-145,0.0,0.0,0.0,0.009917445898384338,unicycle
3.108981562359309,1.1415614915466237,1.2104166666666665,0.0,0.0,-1.5645632831455916,0.44835979650080826,1.1594484906043974e-145,0.0,0.0,0.0,0.00989436153147481,unicycle
3.10903833912798,1.1325946199365964,1.2104166666666665,0.0,0.0,-1.5643658658485435,0.4483525686703584,8.681328343148599e-146,0.0,0.0,0.0,0.009870864852402923,unicycle
3.109096882975636,1.1236279115857852,1.2104166666666665,0.0,0.0,-1.5641689267035144,0.4483449740168775,6.423622539198518e-146,0.0,0.0,0.0,0.009846957251446966,unicycle
3.1091571894670094,1.1146613740991604,1.2104166666666665,0.0,0.0,-1.5639724739007728,0.4483370150638213,4.682995814347122e-146,0.0,0.0,0.0,0.009822640137100037,unicycle
3.1092192540897474,1.1056950150288667,1.2104166666666665,0.0,0.0,-1.563776515602056,0.4483286942972531,3.3490783689225695e-146,0.0,0.0,0.0,0.009797914935836892,unicycle
3.1092830722547316,1.0967288418747672,1.2104166666666665,0.0,0.0,-1.5635810599402187,0.44832001417353434,2.3340069498750844e-146,0.0,0.0,0.0,0.009772783091866705,unicycle
3.109348639296404,1.0877628620848319,1.2104166666666665,0.0,0.0,-1.563386115018881,0.44831097712714746,1.5679826557491494e-146,0.0,0.0,0.0,0.009747246066881512,unicycle
3.109415950473094,1.078797083055373,1.2104166666666665,0.0,0.0,-1.5631916889120845,0.44830158557836086,9.956839110012709e-147,0.0,0.0,0.0,0.009721305339807168,unicycle
3.1094850009673523,1.069831512131134,1.2104166666666665,0.0,0.0,-1.562997789663953,0.44829184194053967,5.733732530397629e-147,0.0,0.0,0.0,0.009694962406561439,unicycle
3.109555785886286,1.0608661566052433,1.2104166666666665,0.0,0.0,-1.5628044252883566,0.44828174862697856,2.665665124780756e-147,0.0,0.0,0.0,0.009668218779822126,unicycle
3.1096283002619023,1.0519010237190443,1.2104166666666665,0.0,0.0,-1.5626116037685807,0.4482713080571854,4.815743040371987e-148,0.0,0.0,0.0,0.009641075988806994,unicycle
3.1097025390514523,1.04293612066181,1.2104166666666665,0.0,0.0,-1.5624193330569989,0.4482605226625835,-1.0308926616015194e-147,0.0,0.0,0.0,0.00961353557906629,unicycle
3.1097784971507063,1.0339714530267277,1.2104166666666665,0.0,0.0,-1.562227621109067,0.44824947207580434,-2.0374700627512307e-147,0.0,0.0,0.0,0.009585597396591698,unicycle
3.1098561693890763,1.025007025523512,1.2104166666666665,0.0,0.0,-1.5620364758670873,0.4482382002956668,-2.666961147323556e-147,0.0,0.0,0.0,0.009557262098997932,unicycle
3.1099355505156105,1.0160428436711701,1.2104166666666665,0.0,0.0,-1.5618459052222178,0.44822666667746064,-3.0189869439267394e-147,0.0,0.0,0.0,0.009528532243489585,unicycle
3.110016635200885,1.0070789135715692,1.2104166666666665,0.0,0.0,-1.5616559170192126,0.448214841896237,-3.170173728193453e-147,0.0,0.0,0.0,0.009499410150265656,unicycle
3.110099418038597,0.9981152417348265,1.2104166666666665,0.0,0.0,-1.5614665190600039,0.44820270535560863,-3.1790845490490077e-147,0.0,0.0,0.0,0.009469897960429376,unicycle
3.110183893546916,0.9891518349454349,1.2104166666666665,0.0,0.0,-1.5612777191063738,0.4481902431509679,-3.090141853057267e-147,0.0,0.0,0.0,0.009439997681494765,unicycle
3.1102700561696377,0.9801887001603029,1.2104166666666665,0.0,0.0,-1.5610895248819134,0.44817744647385266,-2.936740816470119e-147,0.0,0.0,0.0,0.009409711223022942,unicycle
3.1103579002771724,0.9712258444317007,1.2104166666666665,0.0,0.0,-1.5609019440734249,0.44816431036657933,-2.7437144950625374e-147,0.0,0.0,0.0,0.00937904042442041,unicycle
3.110447420167409,0.9622632748495658,1.2104166666666665,0.0,0.0,-1.5607149843318944,0.448150832754336,-2.529280677806707e-147,0.0,0.0,0.0,0.009347987076527372,unicycle
3.11053861006647,0.9533009984987818,1.2104166666666665,0.0,0.0,-1.5605286532731284,0.44813701369650194,-2.3065750302845124e-147,0.0,0.0,0.0,0.00931655293829833,unicycle
3.110631464129384,0.944339022427978,1.2104166666666665,0.0,0.0,-1.5603429584781359,0.44812285481069775,-2.084854633243532e-147,0.0,0.0,0.0,0.009284739749614966,unicycle
3.110725976440693,0.9353773536271334,1.2104166666666665,0.0,0.0,-1.5601579074933147,0.4481083588325096,-1.8704394593791416e-147,0.0,0.0,0.0,0.00925254924106022,unicycle
3.1108221410150083,0.9264159990118636,1.2104166666666665,0.0,0.0,-1.5599735078304882,0.4480935292814146,-1.6674459517901196e-147,0.0,0.0,0.0,0.009219983141313066,unicycle
3.1109199517975235,0.917454965412734,1.2104166666666665,0.0,0.0,-1.5597897669668341,0.44807837020951646,-1.478356070976285e-147,0.0,0.0,0.0,0.009187043182687538,unicycle
3.1110194026645,0.9084942595683125,1.2104166666666665,0.0,0.0,-1.5596066923447298,0.44806288601457284,-1.3044564752038848e-147,0.0,0.0,0.0,0.009153731105230586,unicycle
3.1111204874237286,0.899533888120969,1.2104166666666665,0.0,0.0,-1.5594242913715355,0.44804708130268817,-1.1461754938549993e-147,0.0,0.0,0.0,0.00912004865970638,unicycle
3.111223199814971,0.8905738576146596,1.2104166666666665,0.0,0.0,-1.559242571419341,0.44803096078915716,-1.0033399214815342e-147,0.0,0.0,0.0,0.00908599760972499,unicycle
3.111327533510395,0.8816141744941111,1.2104166666666665,0.0,0.0,-1.5590615398246765,0.4480145292284187,-8.753691387382765e-148,0.0,0.0,0.0,0.0090515797332181,unicycle
3.1114334821149954,0.8726548451049682,1.2104166666666665,0.0,0.0,-1.5588812038882085,0.44799779136605,-7.614204416064015e-148,0.0,0.0,0.0,0.009016796823420263,unicycle
3.111541039167015,0.8636958756945687,1.2104166666666665,0.0,0.0,-1.558701570874419,0.4479807519072913,-6.604965590396168e-148,0.0,0.0,0.0,0.008981650689479228,unicycle
3.1116501981383577,0.8547372724131063,1.2104166666666665,0.0,0.0,-1.5585226480112833,0.4479634154978292,-5.7152402087177464e-148,0.0,0.0,0.0,0.008946143156791209,unicycle
3.1117609524350063,0.8457790413149969,1.2104166666666665,0.0,0.0,-1.5583444424899409,0.4479457867135406,-4.934091887183856e-148,0.0,0.0,0.0,0.008910276067135098,unicycle
3.1118732953974355,0.8368211883603248,1.2104166666666665,0.0,0.0,-1.5581669614643676,0.44792787005666734,-4.250772906016963e-148,0.0,0.0,0.0,0.00887405127866237,unicycle
3.1119872203010295,0.8278637194162738,1.2104166666666665,0.0,0.0,-1.5579902120510518,0.44790966995649506,-3.6549863069446845e-148,0.0,0.0,0.0,0.008837470665785975,unicycle
3.1121027203565,0.8189066402584857,1.2104166666666665,0.0,0.0,-1.5578142013286722,0.4478911907730779,-3.137052188063362e-148,0.0,0.0,0.0,0.008800536119000887,unicycle
3.11221978871031,0.8099499565723067,1.2104166666666665,0.0,0.0,-1.557638936337779,0.4478724368029197,-2.688003315499569e-148,0.0,0.0,0.0,0.008763249544660807,unicycle
3.1123384184450966,0.8009936739538969,1.2104166666666665,0.0,0.0,-1.5574644240804845,0.4478534122858045,-2.2996293946746263e-148,0.0,0.0,0.0,0.008725612864729086,unicycle
3.1124586025801,0.7920377979111928,1.2104166666666665,0.0,0.0,-1.5572906715201544,0.44783412141218826,-1.9644848034800266e-148,0.0,0.0,0.0,0.008687628016517047,unicycle
3.1125803340715974,0.7830823338647213,1.2104166666666665,0.0,0.0,-1.5571176855811062,0.447814568330733,-1.6758710327555976e-148,0.0,0.0,0.0,0.008649296952419122,unicycle
3.112703605813335,0.7741272871482651,1.2104166666666665,0.0,0.0,-1.556945473148313,0.44779475715568934,-1.4278023035363194e-148,0.0,0.0,0.0,0.008610621639651317,unicycle
3.1128284106369697,0.76517266300939,1.2104166666666665,0.0,0.0,-1.556774041067113,0.447774691973932,-1.2149606732890804e-148,0.0,0.0,0.0,0.008571604059997382,unicycle
3.112954741312512,0.7562184666098409,1.2104166666666665,0.0,0.0,-1.5566033961429213,0.4477543768515236,-1.0326452749711557e-148,0.0,0.0,0.0,0.00853224620956544,unicycle
3.113082590548772,0.7472647030258179,1.2104166666666665,0.0,0.0,-1.5564335451409501,0.4477338158397362,-8.767190495432535e-149,0.0,0.0,0.0,0.008492550098556614,unicycle
3.1132119509938083,0.7383113772481449,1.2104166666666665,0.0,0.0,-1.5562644947859294,0.4477130129804965,-7.435553519409119e-149,0.0,0.0,0.0,0.008452517751046374,unicycle
3.113342815257836,0.7293584926365674,1.2104166666666665,0.0,0.0,-1.5560962517933035,0.44769204960811937,-6.299860667324326e-149,0.0,0.0,0.0,0.008412149631296047,unicycle
3.1134751759039476,0.7204060516337925,1.2104166666666665,0.0,0.0,-1.5559288228543169,0.4476709713507986,-5.332523106126368e-149,0.0,0.0,0.0,0.00837144694931577,unicycle
3.11360902542377,0.7114540574610592,1.2104166666666665,0.0,0.0,-1.555762214601169,0.44764973904834665,-4.50958383202751e-149,0.0,0.0,0.0,0.0083304126573998,unicycle
3.1137443562408986,0.7025025138918813,1.2104166666666665,0.0,0.0,-1.5555964336114145,0.4476283248536419,-3.8102932273454814e-149,0.0,0.0,0.0,0.008289049487714882,unicycle
3.1138811607136967,0.6935514250776885,1.2104166666666665,0.0,0.0,-1.5554314864113004,0.44760670963761595,-3.2167220340964477e-149,0.0,0.0,0.0,0.00824736000570957,unicycle
3.114019431137583,0.6846007954142594,1.2104166666666665,0.0,0.0,-1.555267379478258,0.44758488094945453,-2.7134115638274513e-149,0.0,0.0,0.0,0.008205346652121363,unicycle
3.114159159746918,0.6756506294401153,1.2104166666666665,0.0,0.0,-1.5551041192427404,0.4475628314185706,-2.2870599065115055e-149,0.0,0.0,0.0,0.008163011775894418,unicycle
3.114300338716567,0.6667009317598569,1.2104166666666665,0.0,0.0,-1.554941712089543,0.44754055750733346,-1.9262422135538039e-149,0.0,0.0,0.0,0.008120357659868033,unicycle
3.1144429601632044,0.6577517069868897,1.2104166666666665,0.0,0.0,-1.5547801643587285,0.4475180585416423,-1.6211627157688577e-149,0.0,0.0,0.0,0.008077386540729528,unicycle
3.114587016146421,0.6488029597011458,1.2104166666666665,0.0,0.0,-1.5546194823462398,0.4474953359610275,-1.3634359230366743e-149,0.0,0.0,0.0,0.008034100624428865,unicycle
3.1147324986696696,0.6398546944183453,1.2104166666666665,0.0,0.0,-1.5544596723042796,0.44747239274171824,-1.1458943818028731e-149,0.0,0.0,0.0,0.007990502098013023,unicycle
3.114879399681091,0.6309069155680784,1.2104166666666665,0.0,0.0,-1.5543007404415066,0.4474492329555704,-9.62420396654703e-150,0.0,0.0,0.0,0.007946593138645113,unicycle
3.115027711074243,0.6219596274785822,1.2104166666666665,0.0,0.0,-1.5541426929230984,0.4474258614353405,-8.077992203815974e-150,0.0,0.0,0.0,0.007902375920417853,unicycle
3.115177424688756,0.6130128343665542,1.2104166666666665,0.0,0.0,-1.5539855358707093,0.44740228352288525,-6.775913588864645e-150,0.0,0.0,0.0,0.007857852619445998,unicycle
3.1153285323109325,0.6040665403307142,1.2104166666666665,0.0,0.0,-1.553829275362357,0.44737850488174136,-5.680218050562475e-150,0.0,0.0,0.0,0.007813025417621987,unicycle
3.115481025674311,0.5951207493481209,1.2104166666666665,0.0,0.0,-1.5536739174322498,0.447354531359443,-4.7588419611291986e-150,0.0,0.0,0.0,0.007767896505338699,unicycle
3.115634896460192,0.5861754652724782,1.2104166666666665,0.0,0.0,-1.5535194680705817,0.44733036888804484,-3.9845807267491504e-150,0.0,0.0,0.0,0.007722468083418917,unicycle
3.1157901362981435,0.5772306918338491,1.2104166666666665,0.0,0.0,-1.553365933223293,0.4473060234138006,-3.334375982358075e-150,0.0,0.0,0.0,0.0076767423644397105,unicycle
3.1159467367664955,0.5682864326393348,1.2104166666666665,0.0,0.0,-1.553213318791821,0.44728150084891566,-2.7887027063077295e-150,0.0,0.0,0.0,0.007630721573599074,unicycle
3.1161046893928197,0.5593426911743878,1.2104166666666665,0.0,0.0,-1.553061630632836,0.4472568070398593,-2.3310431953461964e-150,0.0,0.0,0.0,0.007584407949239726,unicycle
3.1162639856544034,0.550399470804516,1.2104166666666665,0.0,0.0,-1.5529108745579736,0.4472319477479576,-1.94743634523683e-150,0.0,0.0,0.0,0.007537803743119152,unicycle
3.1164246169787218,0.5414567747771931,1.2104166666666665,0.0,0.0,-1.5527610563335634,0.4472069286389646,-1.626092060024234e-150,0.0,0.0,0.0,0.007490911220494642,unicycle
3.116586574743905,0.5325146062238526,1.2104166666666665,0.0,0.0,-1.5526121816803617,0.44718175527908,-1.3570618622021897e-150,0.0,0.0,0.0,0.007443732660076057,unicycle
3.11674985027921,0.5235729681618693,1.2104166666666665,0.0,0.0,-1.5524642562732842,0.4471564331354818,-1.1319578998362042e-150,0.0,0.0,0.0,0.007396270353886464,unicycle
3.11691443486549,0.5146318634964717,1.2104166666666665,0.0,0.0,-1.552317285741143,0.44713096757991666,-9.437135508442722e-151,0.0,0.0,0.0,0.0073485266070609,unicycle
3.117080319735666,0.5056912950225436,1.2104166666666665,0.0,0.0,-1.5521712756663908,0.447105363894254,-7.863797167004623e-151,0.0,0.0,0.0,0.007300503737605914,unicycle
3.1172474960752052,0.4967512654262917,1.2104166666666665,0.0,0.0,-1.552026231584868,0.4470796272771977,-6.549516863318792e-151,0.0,0.0,0.0,0.007252204076136539,unicycle
3.1174159550225955,0.4878117772867692,1.2104166666666665,0.0,0.0,-1.551882158985556,0.4470537628515662,-5.452221448807448e-151,0.0,0.0,0.0,0.007203629965602784,unicycle
3.1175856876698274,0.4788728330772515,1.2104166666666665,0.0,0.0,-1.5517390633103356,0.4470277756717197,-4.536565102674775e-151,0.0,0.0,0.0,0.007154783761014258,unicycle
3.1177566850628784,0.46993443516646655,1.2104166666666665,0.0,0.0,-1.551596949953752,0.44700167073084246,-3.772873118292399e-151,0.0,0.0,0.0,0.007105667829168827,unicycle
3.1179289382021995,0.4609965858196886,1.2104166666666665,0.0,0.0,-1.5514558242627845,0.446975452967883,-3.136247879967584e-151,0.0,0.0,0.0,0.007056284548389233,unicycle
3.118102438043203,0.45205928719970173,1.2104166666666665,0.0,0.0,-1.5513156915366189,0.4469491272740274,-2.6058128173895624e-151,0.0,0.0,0.0,0.007006636308270089,unicycle
3.1182771754967558,0.4431225413676463,1.2104166666666665,0.0,0.0,-1.5511765570264302,0.44692269849863514,-2.1640736047273494e-151,0.0,0.0,0.0,0.006956725509436575,unicycle
3.118453141460046,0.43418634873518847,1.2104166666666665,0.0,0.0,-1.5510384259624577,0.44689624889801893,-1.79637887798099e-151,0.0,0.0,0.0,0.006906553198627947,unicycle
3.1186303268035602,0.42525070878049664,1.2104166666666665,0.0,0.0,-1.5509013035410388,0.44686982492387456,-1.4904653364540307e-151,0.0,0.0,0.0,0.006856121070942024,unicycle
3.118808722338116,0.41631562174752007,1.2104166666666665,0.0,0.0,-1.5507651948943824,0.4468433880480746,-1.2360743247607137e-151,0.0,0.0,0.0,0.006805432332809122,unicycle
3.1189883188195546,0.4073810884199718,1.2104166666666665,0.0,0.0,-1.550630105094444,0.4468169110459575,-1.0246289075299222e-151,0.0,0.0,0.0,0.006754489996920919,unicycle
3.1191691069525054,0.39844710994729177,1.2104166666666665,0.0,0.0,-1.550496039155867,0.4467903753969015,-8.489620915161776e-152,0.0,0.0,0.0,0.006703296928846415,unicycle
3.1193510773934205,0.389513687711469,1.2104166666666665,0.0,0.0,-1.5503630020381927,0.4467637692411188,-7.030882558760165e-152,0.0,0.0,0.0,0.006651855883731005,unicycle
3.119534220753028,0.38058082322587183,1.2104166666666665,0.0,0.0,-1.550230998647491,0.4467370857790095,-5.820110531597371e-152,0.0,0.0,0.0,0.006600169535074093,unicycle
3.119718527598325,0.37164851805906013,1.2104166666666665,0.0,0.0,-1.5501000338375472,0.4467103220218888,-4.8156206932716484e-152,0.0,0.0,0.0,0.0065482404971948845,unicycle
3.119903988454208,0.3627167737780144,1.2104166666666665,0.0,0.0,-1.5499701124106935,0.4466834778210392,-3.982654054435213e-152,0.0,0.0,0.0,0.006496071342682445,unicycle
3.120090593804826,0.3537855919063834,1.2104166666666665,0.0,0.0,-1.549841239118376,0.44665655511666386,-3.2922408806296897e-152,0.0,0.0,0.0,0.006443664615871576,unicycle
3.1202783340947047,0.3448549738942864,1.2104166666666665,0.0,0.0,-1.5497134186615125,0.44662955736009785,-2.7202484823856534e-152,0.0,0.0,0.0,0.006391022843179797,unicycle
3.1204671997297107,0.3359249210969485,1.2104166666666665,0.0,0.0,-1.5495866556906932,0.446602489072103,-2.2465834668067373e-152,0.0,0.0,0.0,0.00633814854097385,unicycle
3.120657181077873,0.32699543476003967,1.2104166666666665,0.0,0.0,-1.5494609548062628,0.4465753555076829,-1.8545237869636375e-152,0.0,0.0,0.0,0.006285044221499334,unicycle
3.1208482684701147,0.3180665160100556,1.2104166666666665,0.0,0.0,-1.5493363205583166,0.4465481624039557,-1.5301597913290427e-152,0.0,0.0,0.0,0.006231712397298375,unicycle
3.1210404522009028,0.30913816584845105,1.2104166666666665,0.0,0.0,-1.5492127574466277,0.4465209157925101,-1.261926748962536e-152,0.0,0.0,0.0,0.006178155584452728,unicycle
3.121233722528844,0.3002103851485309,1.2104166666666665,0.0,0.0,-1.5490902699205296,0.4464936218615756,-1.0402140954093691e-152,0.0,0.0,0.0,0.006124376304919462,unicycle
3.121428069677237,0.29128317465433207,1.2104166666666665,0.0,0.0,-1.548968862378766,0.44646628685645817,-8.570389848845117e-153,0.0,0.0,0.0,0.006070377088170037,unicycle
3.1216234838345964,0.28235653498091345,1.2104166666666665,0.0,0.0,-1.5488485391693199,0.44643891700917454,-7.057737109274651e-153,0.0,0.0,0.0,0.0060161604722985046,unicycle
3.121819955155155,0.2734304666156112,1.2104166666666665,0.0,0.0,-1.5487293045892252,0.4464115184901952,-5.809182255635956e-153,0.0,0.0,0.0,0.005961729004728665,unicycle
3.122017473759351,0.2645049699199285,1.2104166666666665,0.0,0.0,-1.5486111628843724,0.44638409737677137,-4.779103932081661e-153,0.0,0.0,0.0,0.00590708524262138,unicycle
3.1222160297343065,0.2555800451318127,1.2104166666666665,0.0,0.0,-1.5484941182493115,0.4463566596335609,-3.9296780023865285e-153,0.0,0.0,0.0,0.005852231753060524,unicycle
3.1224156131342995,0.2466556923681415,1.2104166666666665,0.0,0.0,-1.5483781748270502,0.4463292111022468,-3.2295593849372803e-153,0.0,0.0,0.0,0.0057971711130781235,unicycle
3.122616213981232,0.23773191162728763,1.2104166666666665,0.0,0.0,-1.548263336708859,0.446301757497612,-2.652784199619216e-153,0.0,0.0,0.0,0.005741905909565093,unicycle
3.122817822265103,0.22880870279167267,1.2104166666666665,0.0,0.0,-1.5481496079340769,0.4462743044081369,-2.177855852440941e-153,0.0,0.0,0.0,0.005686438739102808,unicycle
3.1230204279444713,0.21988606563024807,1.2104166666666665,0.0,0.0,-1.548036992489922,0.44624685729966024,-1.786984609123378e-153,0.0,0.0,0.0,0.005630772207742078,unicycle
3.123224020946932,0.21096399980086433,1.2104166666666665,0.0,0.0,-1.5479254943113068,0.4462194215210078,-1.4654551835190723e-153,0.0,0.0,0.0,0.005574908930749299,unicycle
3.123428591169585,0.20204250485250516,1.2104166666666665,0.0,0.0,-1.54781511728066,0.446192002310783,-1.2011010405098588e-153,0.0,0.0,0.0,0.005518851532334346,unicycle
3.123634128479512,0.19312158022737505,1.2104166666666665,0.0,0.0,-1.5477058652277527,0.44616460480472764,-9.838676127085944e-154,0.0,0.0,0.0,0.0054626026453706965,unicycle
3.123840622714253,0.18420122526283714,1.2104166666666665,0.0,0.0,-1.5475977419295304,0.446137234043233,-8.054495629597202e-154,0.0,0.0,0.0,0.0054061649111151674,unicycle
3.1240480636822876,0.17528143919320457,1.2104166666666665,0.0,0.0,-1.5474907511099516,0.44610989497870823,-6.589896807044716e-154,0.0,0.0,0.0,0.005349540978932335,unicycle
3.1242564411635154,0.16636222115139193,1.2104166666666665,0.0,0.0,-1.547384896439831,0.4460825924826081,-5.388290560125329e-154,0.0,0.0,0.0,0.005292733506026951,unicycle
3.1244657449097435,0.15744357017043584,1.2104166666666665,0.0,0.0,-1.5472801815366868,0.4460553313519978,-4.402998947615573e-154,0.0,0.0,0.0,0.005235745157186357,unicycle
3.1246759646451707,0.14852548518489586,1.2104166666666665,0.0,0.0,-1.5471766099645963,0.4460281163155805,-3.5955377620614253e-154,0.0,0.0,0.0,0.005178578604533914,unicycle
3.1248870900668786,0.13960796503214687,1.2104166666666665,0.0,0.0,-1.5470741852340508,0.4460009520391571,-2.934193555804199e-154,0.0,0.0,0.0,0.005121236527293797,unicycle
3.1250991108821147,0.1306910069019315,1.2104166666666665,0.0,0.0,-1.5469729108235786,0.4459739207344521,-2.3928451774138213e-154,0.0,0.0,0.0,0.0050637205236213605,unicycle
3.1253120167921518,0.12177460705422202,1.2104166666666665,0.0,0.0,-1.5468727901693806,0.44594706871222506,-1.949988253871188e-154,0.0,0.0,0.0,0.005006032709892588,unicycle
3.1255257974522905,0.11285876252234454,1.2104166666666665,0.0,0.0,-1.5467738266412376,0.4459203571047524,-1.5879280412225476e-154,0.0,0.0,0.0,0.004948176407147187,unicycle
3.1257404424775577,0.10394347088699188,1.2104166666666665,0.0,0.0,-1.5466760235456731,0.44589375834848033,-1.2921118929342909e-154,0.0,0.0,0.0,0.0048901547782241135,unicycle
3.1259559414472373,0.09502873010232749,1.2104166666666665,0.0,0.0,-1.5465793841283675,0.44586725357884477,-1.0505774512246403e-154,0.0,0.0,0.0,0.0048319708652808605,unicycle
3.1261722839084767,0.0861145383630349,1.2104166666666665,0.0,0.0,-1.54648391157598,0.4458408305825069,-8.534967118643741e-155,0.0,0.0,0.0,0.004773627619372535,unicycle
3.126389459379169,0.0772008940034444,1.2104166666666665,0.0,0.0,-1.5463896090175067,0.44581448219310943,-6.9279948105242276e-155,0.0,0.0,0.0,0.00471512792366943,unicycle
3.1266074573502562,0.06828779542169566,1.2104166666666665,0.0,0.0,-1.5462964795252747,0.4457882050391766,-5.618625459550379e-155,0.0,0.0,0.0,0.004656474611592271,unicycle
3.1268262672875906,0.05937524102335896,1.2104166666666665,0.0,0.0,-1.546204526115657,0.4457619985709568,-4.55253212047686e-155,0.0,0.0,0.0,0.004597670480899252,unicycle
3.1270458786334405,0.05046322918010805,1.2104166666666665,0.0,0.0,-1.5461137517495653,0.44573586430766254,-3.6851779888040747e-155,0.0,0.0,0.0,0.004538718304558999,unicycle
3.127266280807728,0.04155175819997255,1.2104166666666665,0.0,0.0,-1.546024159332784,0.4457098052583629,-2.9800729680244695e-155,0.0,0.0,0.0,0.0044796208390806645,unicycle
3.1274874632090564,0.0326408263064425,1.2104166666666665,0.0,0.0,-1.545935751716167,0.4456838254792763,-2.4073372525278067e-155,0.0,0.0,0.0,0.004420380830839887,unicycle
3.1277094152155756,0.023730431624290307,1.2104166666666665,0.0,0.0,-1.5458485316957506,0.4456579297378361,-1.942518441418064e-155,0.0,0.0,0.0,0.004361001020831894,unicycle
3.1279321261857276,0.0148205721704451,1.2104166666666665,0.0,0.0,-1.5457625020127865,0.44563212326001467,-1.5656179174794914e-155,0.0,0.0,0.0,0.004301484148195924,unicycle
3.1281555854589,0.00591124584862724,1.2104166666666665,0.0,0.0,-1.545677665353731,0.44560641154229086,-1.2602898723773877e-155,0.0,0.0,0.0,0.00424183295278492,unicycle
3.1283797823560096,-0.0029975495532557355,1.2104166666666665,0.0,0.0,-1.5455940243501913,0.44558080021355845,-1.013182699057771e-155,0.0,0.0,0.0,0.004182050176997734,unicycle
3.128604706180038,-0.011905816363718838,1.2104166666666665,0.0,0.0,-1.5455115815788505,0.44555529493540114,-8.133977261760183e-156,0.0,0.0,0.0,0.004122138567045493,unicycle
3.1288303462165286,-0.02081355702690037,1.2104166666666665,0.0,0.0,-1.5454303395613747,0.4455299013316461,-6.520446212637611e-156,0.0,0.0,0.0,0.004062100873787269,unicycle
3.12905669173406,-0.02972077410079708,1.2104166666666665,0.0,0.0,-1.5453503007643097,0.4455046249400897,-5.218763924286574e-156,0.0,0.0,0.0,0.004001939853240951,unicycle
3.1292837319847004,-0.038627470254866264,1.2104166666666665,0.0,0.0,-1.5452714675989725,0.44547947118085696,-4.1698990013704293e-156,0.0,0.0,0.0,0.003941658266851923,unicycle
3.1295114562044524,-0.04753364826724158,1.2104166666666665,0.0,0.0,-1.545193842421341,0.4454544453370995,-3.32580257060127e-156,0.0,0.0,0.0,0.0038812588815835872,unicycle
3.1297398536136893,-0.05643931102174292,1.2104166666666665,0.0,0.0,-1.5451174275319433,0.44542955254471794,-2.647395331875726e-156,0.0,0.0,0.0,0.0038207444698791265,unicycle
3.1299689134175885,-0.06534446150481002,1.2104166666666665,0.0,0.0,-1.5450422251757532,0.4454047977885652,-2.102918686410791e-156,0.0,0.0,0.0,0.003760117809532312,unicycle
3.1301986248065643,-0.07424910280245056,1.2104166666666665,0.0,0.0,-1.544968237542083,0.4453801859031923,-1.6665848865627093e-156,0.0,0.0,0.0,0.003699381683496007,unicycle
3.1304289769567,-0.08315323809726442,1.2104166666666665,0.0,0.0,-1.5448954667644899,0.4453557215766725,-1.317472645138685e-156,0.0,0.0,0.0,0.0036385388796499355,unicycle
3.1306599590301807,-0.0920568706655836,1.2104166666666665,0.0,0.0,-1.5448239149206788,0.445331409356408,-1.0386241266563e-156,0.0,0.0,0.0,0.0035775921905437332,unicycle
3.1308915601757294,-0.10096000387475125,1.2104166666666665,0.0,0.0,-1.5447535840324165,0.44530725365610596,-8.163070664422088e-157,0.0,0.0,0.0,0.003516544413126975,unicycle
3.1311237695290473,-0.10986264118055149,1.2104166666666665,0.0,0.0,-1.5446844760654468,0.4452832587633348,-6.394122135547415e-157,0.0,0.0,0.0,0.003455398348474555,unicycle
3.131356576213253,-0.11876478612479305,1.2104166666666665,0.0,0.0,-1.5446165929294167,0.4452594288472378,-4.9896160877394087e-157,0.0,0.0,0.0,0.0033941568015133155,unicycle
3.131589969339325,-0.127666442333044,1.2104166666666665,0.0,0.0,-1.5445499364778017,0.44523576796610853,-3.8770758685244885e-157,0.0,0.0,0.0,0.00333282258075391,unicycle
3.1318239380065513,-0.1365676135125111,1.2104166666666665,0.0,0.0,-1.544484508507841,0.4452122800746325,-2.998059963696093e-157,0.0,0.0,0.0,0.003271398498030399,unicycle
3.132058471302973,-0.1454683034500541,1.2104166666666665,0.0,0.0,-1.5444203107604757,0.44518896903066774,-2.3055009616597834e-157,0.0,0.0,0.0,0.003209887368249068,unicycle
3.1322935583058373,-0.15436851601032503,1.2104166666666665,0.0,0.0,-1.544357344920293,0.4451658386014942,-1.7615402634094514e-157,0.0,0.0,0.0,0.003148292009147168,unicycle
3.132529188082051,-0.16326825513402055,1.2104166666666665,0.0,0.0,-1.5442956126154717,0.4451428924694981,-1.335767566603606e-157,0.0,0.0,0.0,0.003086615241061752,unicycle
3.132765349729809,-0.17216752639058383,1.2104166666666665,0.0,0.0,-1.5442351154330063,0.4451202119819291,-1.0037906236230286e-157,0.0,0.0,0.0,0.0030248591232611656,unicycle
3.133002032360225,-0.18106633625863125,1.2104166666666665,0.0,0.0,-1.544175854911407,0.44509784249754497,-7.460742987863221e-158,0.0,0.0,0.0,0.0029630260799713617,unicycle
3.1332392250525243,-0.18996469041940886,1.2104166666666665,0.0,0.0,-1.5441178325238036,0.44507574402043176,-5.469990500471141e-158,0.0,0.0,0.0,0.0029011193801890094,unicycle
3.1334769168604253,-0.19886259398274975,1.2104166666666665,0.0,0.0,-1.5440610496802647,0.4450538878589402,-3.940980653404826e-158,0.0,0.0,0.0,0.002839142176943826,unicycle
3.133715096817176,-0.20776005166085243,1.2104166666666665,0.0,0.0,-1.5440055077295836,0.4450322540159051,-2.7743974777652367e-158,0.0,0.0,0.0,0.0027770975340539275,unicycle
3.133953753939538,-0.21665706790104625,1.2104166666666665,0.0,0.0,-1.5439512079606383,0.445010829137303,-1.8912835930088617e-158,0.0,0.0,0.0,0.002714988447268027,unicycle
3.1341928772309267,-0.22555364698642666,1.2104166666666665,0.0,0.0,-1.5438981516034205,0.44498960490524836,-1.229006400023499e-158,0.0,0.0,0.0,0.002652817860887659,unicycle
3.1344324556839083,-0.23444979311141517,1.2104166666666665,0.0,0.0,-1.543846339829805,0.4449685767837894,-7.380031819941358e-159,0.0,0.0,0.0,0.002590588680762047,unicycle
3.134672478282179,-0.24334551043783054,1.2104166666666665,0.0,0.0,-1.5437957737541173,0.44494774304416845,-3.7915777960617116e-159,0.0,0.0,0.0,0.002528303784382376,unicycle
3.1349129340021493,-0.2522408031358868,1.2104166666666665,0.0,0.0,-1.5437464544335442,0.4449271040108941,-1.216889004980417e-159,0.0,0.0,0.0,0.002465966028665419,unicycle
3.1351538118142224,-0.26113567541359584,1.2104166666666665,0.0,0.0,-1.5436983828684256,0.44490666148179603,5.854750180711572e-160,0.0,0.0,0.0,0.002403578255904014,unicycle
3.135395100683834,-0.2700301315373073,1.2104166666666665,0.0,0.0,-1.5436515600024605,0.4448864182847406,1.804210798441904e-159,0.0,0.0,0.0,0.002341143298269545,unicycle
3.135636789572318,-0.2789241758455248,1.2104166666666665,0.0,0.0,-1.543605986722837,0.4448663779413233,2.586195767324786e-159,0.0,0.0,0.0,0.002278663981176145,unicycle
3.1358788674376297,-0.28781781275766566,1.2104166666666665,0.0,0.0,-1.5435616638603218,0.4448465444139816,3.045232004038544e-159,0.0,0.0,0.0,0.0022161431257549094,unicycle
3.136121323234967,-0.2967110467790595,1.2104166666666665,0.0,0.0,-1.5435185921893093,0.4448269219178762,3.2690325218797573e-159,0.0,0.0,0.0,0.002153583550636282,unicycle
3.136364145917321,-0.3056038825031864,1.2104166666666665,0.0,0.0,-1.5434767724278453,0.4448075147828121,3.3247932246628403e-159,0.0,0.0,0.0,0.0020909880731981773,unicycle
3.136607324435966,-0.31449632461192256,1.2104166666666665,0.0,0.0,-1.5434362052376374,0.44478832735360074,3.2636281732843376e-159,0.0,0.0,0.0,0.0020283595104048056,unicycle
3.1368508477409125,-0.32338837787438074,1.2104166666666665,0.0,0.0,-1.543396891224051,0.4447693639197602,3.1240925821626205e-159,0.0,0.0,0.0,0.001965700679334554,unicycle
3.137094704781333,-0.33228004714478876,1.2104166666666665,0.0,0.0,-1.5433588309361017,0.4447506286674311,2.934974752005573e-159,0.0,0.0,0.0,0.0019030143974741844,unicycle
3.1373388845059655,-0.3411713373597401,1.2104166666666665,0.0,0.0,-1.543322024866445,0.4447321256479609,2.7175030872158877e-159,0.0,0.0,0.0,0.0018403034828396365,unicycle
3.1375833758635077,-0.35006225353506376,1.2104166666666665,0.0,0.0,-1.5432864734513656,0.44471385875885217,2.4870859300288877e-159,0.0,0.0,0.0,0.0017775707539701227,unicycle
3.137828167803004,-0.35895280076249336,1.2104166666666665,0.0,0.0,-1.5432521770707686,0.44469583173375427,2.2546789326064608e-159,0.0,0.0,0.0,0.0017148190298315329,unicycle
3.1380732492742287,-0.36784298420626627,1.2104166666666665,0.0,0.0,-1.5432191360481755,0.44467804813894973,2.0278560729894848e-159,0.0,0.0,0.0,0.00165205112965663,unicycle
3.1383186092280684,-0.37673280909974366,1.2104166666666665,0.0,0.0,-1.5431873506507205,0.44466051137439433,1.8116453769958155e-159,0.0,0.0,0.0,0.0015892698727428586,unicycle
3.138564236616904,-0.38562228074211236,1.2104166666666665,0.0,0.0,-1.5431568210891564,0.44464322467784273,1.609178263841583e-159,0.0,0.0,0.0,0.001526478078223289,unicycle
3.1388101203949956,-0.3945114044952095,1.2104166666666665,0.0,0.0,-1.5431275475178599,0.44462619113096125,1.4221916408402315e-159,0.0,0.0,0.0,0.0014636785648222156,unicycle
3.1390562495188696,-0.40340018578049264,1.2104166666666665,0.0,0.0,-1.5430995300348478,0.44460941366661494,1.2514139860624816e-159,0.0,0.0,0.0,0.0014008741506037726,unicycle
3.1393026129477084,-0.4122886300761666,1.2104166666666665,0.0,0.0,-1.543072768681793,0.44459289507673705,1.0968603144671547e-159,0.0,0.0,0.0,0.0013380676527194903,unicycle
3.1395491996437452,-0.42117674291447194,1.2104166666666665,0.0,0.0,-1.5430472634440502,0.4445766380203568,9.580558277173519e-160,0.0,0.0,0.0,0.0012752618871587976,unicycle
3.1397959985726587,-0.4300645298791297,1.2104166666666665,0.0,0.0,-1.5430230142506798,0.44456064503149123,8.342039610069133e-160,0.0,0.0,0.0,0.0012124596685051724,unicycle
3.140042998703972,-0.43895199660293893,1.2104166666666665,0.0,0.0,-1.5430000209744859,0.4445449185267034,7.243112671961167e-160,0.0,0.0,0.0,0.0011496638096996675,unicycle
3.1402901890114556,-0.44783914876551434,1.2104166666666665,0.0,0.0,-1.5429782834320496,0.4445294608122006,6.272789616221274e-160,0.0,0.0,0.0,0.0010868771218126585,unicycle
3.140537558473531,-0.45672599209115694,1.2104166666666665,0.0,0.0,-1.5429578013837733,0.4445142740904013,5.419688622764266e-160,0.0,0.0,0.0,0.0010241024138241068,unicycle
3.140785096073676,-0.46561253234684324,1.2104166666666665,0.0,0.0,-1.542938574533925,0.4444993604659372,4.6724979615314526e-160,0.0,0.0,0.0,0.0009613424924123968,unicycle
3.1410327908441755,-0.4744987768965452,1.2104166666666665,0.0,0.0,-1.5429206025388702,0.4444847997923143,4.020292197942075e-160,0.0,0.0,0.0,0.0008985997527456717,unicycle
3.1412806318465325,-0.483384733980515,1.2104166666666665,0.0,0.0,-1.5429038850031311,0.444470635876099,3.452737527977653e-160,0.0,0.0,0.0,0.0008358767869256424,unicycle
3.141528608124282,-0.49227041100642627,1.2104166666666665,0.0,0.0,-1.5428884214703622,0.4444568270504631,2.960214927762524e-160,0.0,0.0,0.0,0.0007731766384361184,unicycle
3.141776708709726,-0.5011558147753858,1.2104166666666665,0.0,0.0,-1.5428742114247342,0.4444433429562924,2.533883249934868e-160,0.0,0.0,0.0,0.0007105022814038242,unicycle
3.1420249226292283,-0.510040951655708,1.2104166666666665,0.0,0.0,-1.542861254292024,0.444430161929289,2.165699242939826e-160,0.0,0.0,0.0,0.0006478566355271171,unicycle
3.1422732389073653,-0.5189258277156291,1.2104166666666665,0.0,0.0,-1.542849549440465,0.44441726894622147,1.8484074251780257e-160,0.0,0.0,0.0,0.000585242577941617,unicycle
3.142521646570187,-0.5278104488238586,1.2104166666666665,0.0,0.0,-1.5428390961814133,0.444404654016089,1.575509585362384e-160,0.0,0.0,0.0,0.0005226629525869734,unicycle
3.14277013464778,-0.5366948207250277,1.2104166666666665,0.0,0.0,-1.5428298937698623,0.44439231092454645,1.3412212204305e-160,0.0,0.0,0.0,0.0004601205775452534,unicycle
3.1430186921762857,-0.5455789490956308,1.2104166666666665,0.0,0.0,-1.5428219414048474,0.44438023625816586,1.140420316432849e-160,0.0,0.0,0.0,0.00039761825074357047,unicycle
3.1432673081994933,-0.554462839584881,1.2104166666666665,0.0,0.0,-1.5428152382297606,0.4443684286498075,9.68592408919518e-161,0.0,0.0,0.0,0.0003351587543424402,unicycle
3.143515971770113,-0.5633464978439615,1.2104166666666665,0.0,0.0,-1.5428097833325993,0.44435688819820895,8.217747341294306e-161,0.0,0.0,0.0,0.00027274485807472136,unicycle
3.1437646719507972,-0.5722299295464097,1.2104166666666665,0.0,0.0,-1.5428055757461645,0.4443456160244229,6.965014264404397e-161,0.0,0.0,0.0,0.0002103793217512961,unicycle
3.1440133978149714,-0.5811131404017749,1.2104166666666665,0.0,0.0,-1.5428026144482223,0.44433461393538004,5.897510720459917e-161,0.0,0.0,0.0,0.00014806489710926513,unicycle
3.1442621384475222,-0.5899961361642199,1.2104166666666665,0.0,0.0,-1.5428008983616393,0.4443238841709874,4.988974469126647e-161,0.0,0.0,0.0,8.580432914509546e-05,unicycle
3.144510882945384,-0.5988789226373649,1.2104166666666665,0.0,0.0,-1.5428004263544985,0.4443134292160863,4.2166391177102706e-161,0.0,0.0,0.0,2.3600357046875902e-05,unicycle
3.144759620418035,-0.6077615056763717,1.2104166666666665,0.0,0.0,-1.542801197240202,0.4443032516625189,3.560816790554241e-161,0.0,0.0,0.0,-3.854428518246384e-05,unicycle
3.1450083399879505,-0.6166438911880421,1.2104166666666665,0.0,0.0,-1.542803209777569,0.4442933541096909,3.004519834320348e-161,0.0,0.0,0.0,-0.00010062686833815288,unicycle
3.1452570307910026,-0.6255260851295145,1.2104166666666665,0.0,0.0,-1.5428064626709252,0.44428373909451213,2.533120608993343e-161,0.0,0.0,0.0,-0.00016264466780512027,unicycle
3.145505681976841,-0.6344080935060056,1.2104166666666665,0.0,0.0,-1.542810954570195,0.4442744090435839,2.1340475741326487e-161,0.0,0.0,0.0,-0.00022459496348253643,unicycle
3.1457542827092517,-0.64328992236793,1.2104166666666665,0.0,0.0,-1.5428166840709912,0.4442653662420779,1.796515357055132e-161,0.0,0.0,0.0,-0.00028647503980591454,unicycle
3.1460028221665,-0.6521715778076449,1.2104166666666665,0.0,0.0,-1.542823649714708,0.44425661281499546,1.511286200185715e-161,0.0,0.0,0.0,-0.000348282185839277,unicycle
3.1462512895416737,-0.6610530659560012,1.2104166666666665,0.0,0.0,-1.5428318499886162,0.444248150717482,1.270460064103429e-161,0.0,0.0,0.0,-0.0004100136954162775,unicycle
3.14649967404302,-0.6699343929788328,1.2104166666666665,0.0,0.0,-1.5428412833259624,0.44423998173164536,1.0672906614478964e-161,0.0,0.0,0.0,-0.0004716668673142333,unicycle
3.146747964894282,-0.6788155650734717,1.2104166666666665,0.0,0.0,-1.5428519481060716,0.44423210746793207,8.960247773891746e-162,0.0,0.0,0.0,-0.0005332390054489618,unicycle
3.146996151335036,-0.6876965884653536,1.2104166666666665,0.0,0.0,-1.5428638426544534,0.4442245293695937,7.517623666693609e-162,0.0,0.0,0.0,-0.0005947274190814705,unicycle
3.1472442226210324,-0.6965774694047522,1.2104166666666665,0.0,0.0,-1.5428769652429135,0.4442172487191419,6.303350843932268e-162,0.0,0.0,0.0,-0.0006561294230300139,unicycle
3.1474921680245402,-0.7054582141636676,1.2104166666666665,0.0,0.0,-1.5428913140896712,0.4442102666459781,5.282010924566688e-162,0.0,0.0,0.0,-0.0007174423378828218,unicycle
3.1477399768346928,-0.7143388290328774,1.2104166666666665,0.0,0.0,-1.5429068873594751,0.444203584134606,4.423541747229293e-162,0.0,0.0,0.0,-0.0007786634902083639,unicycle
3.1479876383578405,-0.7232193203191564,1.2104166666666665,0.0,0.0,-1.5429236831637303,0.44419720203300167,3.7024538402514176e-162,0.0,0.0,0.0,-0.0008397902127610194,unicycle
3.148235141917904,-0.7320996943426613,1.2104166666666665,0.0,0.0,-1.5429416995606235,0.44419112106084735,3.097156275031776e-162,0.0,0.0,0.0,-0.0009008198446808006,unicycle
3.1484824768567337,-0.7409799574344729,1.2104166666666665,0.0,0.0,-1.542960934555257,0.4441853418174285,2.5893777024241734e-162,0.0,0.0,0.0,-0.0009617497316864887,unicycle
3.1487296325344687,-0.7498601159342874,1.2104166666666665,0.0,0.0,-1.5429813860997823,0.44417986478907145,2.163669986170136e-162,0.0,0.0,0.0,-0.0010225772262618987,unicycle
3.1489765983299014,-0.7587401761882473,1.2104166666666665,0.0,0.0,-1.5430030520935392,0.444174690356047,1.8069833310050046e-162,0.0,0.0,0.0,-0.0010832996878352796,unicycle
3.149223363640844,-0.7676201445468968,1.2104166666666665,0.0,0.0,-1.543025930383198,0.4441698187989085,1.5083031526301914e-162,0.0,0.0,0.0,-0.0011439144829521286,unicycle
3.1494699179277243,-0.7765000289202451,1.2104166666666665,0.0,0.0,-1.5430500187637923,0.44416532818374466,1.258340154019264e-162,0.0,0.0,0.0,-0.0012044190297208642,unicycle
3.1497162506938405,-0.7853798380566451,1.2104166666666665,0.0,0.0,-1.5430753149782432,0.4441612605089602,1.0492661626668529e-162,0.0,0.0,0.0,-0.001264810722561609,unicycle
3.1499623514383037,-0.7942595798330593,1.2104166666666665,0.0,0.0,-1.5431018167164308,0.4441575722557188,8.74489253734495e-163,0.0,0.0,0.0,-0.0013250869093537863,unicycle
3.150208209662799,-0.8031392614811982,1.2104166666666665,0.0,0.0,-1.543129521615605,0.4441542312189869,7.284625432111294e-163,0.0,0.0,0.0,-0.0013852449587053658,unicycle
3.150453814876879,-0.8120188897613986,1.2104166666666665,0.0,0.0,-1.5431584272607501,0.44415121389345125,6.065217924211401e-163,0.0,0.0,0.0,-0.0014452822572538142,unicycle
3.1506991566021014,-0.8208984710954255,1.2104166666666665,0.0,0.0,-1.5431885311848985,0.4441485034188768,5.0474762986089425e-163,0.0,0.0,0.0,-0.0015051962074009917,unicycle
3.15094422437526,-0.8297780116670971,1.2104166666666665,0.0,0.0,-1.5432198308694074,0.4441460879706223,4.198487776279808e-163,0.0,0.0,0.0,-0.0015649842254577436,unicycle
3.1511890077509106,-0.8386575174977998,1.2104166666666665,0.0,0.0,-1.5432523237442108,0.4441439595036184,3.4906317643034885e-163,0.0,0.0,0.0,-0.0016246437401597556,unicycle
3.151433496303348,-0.8475369945024913,1.2104166666666665,0.0,0.0,-1.543286007188041,0.44414211277634696,2.9007434359362565e-163,0.0,0.0,0.0,-0.0016841721915097977,unicycle
3.151677679628158,-0.8564164485306128,1.2104166666666665,0.0,0.0,-1.5433208785286392,0.44414054459606384,2.4094068027746782e-163,0.0,0.0,0.0,-0.00174356702989994,unicycle
3.1519215473434414,-0.8652958853954,1.2104166666666665,0.0,0.0,-1.5433569350429484,0.4441392532383475,2.0003577426861888e-163,0.0,0.0,0.0,-0.0018028257154689962,unicycle
3.1521650890907944,-0.8741753108943245,1.2104166666666665,0.0,0.0,-1.5433941739573012,0.44413823800358226,1.6599802958651764e-163,0.0,0.0,0.0,-0.0018619457176539719,unicycle
3.152408294536092,-0.8830547308228138,1.2104166666666665,0.0,0.0,-1.5434325924475991,0.44413749888063475,1.3768819942442754e-163,0.0,0.0,0.0,-0.001920924514898672,unicycle
3.1526511533701345,-0.8919341509829183,1.2104166666666665,0.0,0.0,-1.543472187639489,0.444137036294119,1.1415360975345956e-163,0.0,0.0,0.0,-0.001979759594487446,unicycle
3.1528936553091866,-0.9008135771882234,1.2104166666666665,0.0,0.0,-1.5435129566085386,0.44413685091656235,9.459804176651417e-164,0.0,0.0,0.0,-0.0020384484524767336,unicycle
3.1531357900954418,-0.9096930152660098,1.2104166666666665,0.0,0.0,-1.5435548963804127,0.4441369435307122,7.835639623544957e-164,0.0,0.0,0.0,-0.002096988593701524,unicycle
3.1533775474974237,-0.9185724710574302,1.2104166666666665,0.0,0.0,-1.5435980039310495,0.4441373149303612,6.487339531825241e-164,0.0,0.0,0.0,-0.002155377531837912,unicycle
3.1536189173103573,-0.9274519504162931,1.2104166666666665,0.0,0.0,-1.5436422761868402,0.4441379658505683,5.368569046913112e-164,0.0,0.0,0.0,-0.002213612789506457,unicycle
3.153859889356504,-0.9363314592068952,1.2104166666666665,0.0,0.0,-1.543687710024808,0.4441388969201402,4.440684156809181e-164,0.0,0.0,0.0,-0.002271691898404122,unicycle
3.1541004534854866,-0.9452110033012397,1.2104166666666665,0.0,0.0,-1.5437343022727972,0.44414010863081044,3.6714714543983e-164,0.0,0.0,0.0,-0.002329612399455219,unicycle
3.154340599574597,-0.9540905885758857,1.2104166666666665,0.0,0.0,-1.5437820497096566,0.4441416013188063,3.0340914653281678e-164,0.0,0.0,0.0,-0.002387371842973935,unicycle
3.154580317529102,-0.9629702209086102,1.2104166666666665,0.0,0.0,-1.5438309490654332,0.444143375155474,2.506193196011652e-164,0.0,0.0,0.0,-0.0024449677888328507,unicycle
3.154819597282546,-0.971849906175014,1.2104166666666665,0.0,0.0,-1.5438809970215663,0.44414543014440777,2.069172596526706e-164,0.0,0.0,0.0,-0.0025023978066332593,unicycle
3.155058428797054,-0.9807296502451613,1.2104166666666665,0.0,0.0,-1.5439321902110839,0.44414776612313894,1.7075519067038325e-164,0.0,0.0,0.0,-0.0025596594758743214,unicycle
3.1552968020636327,-0.9896094589803157,1.2104166666666665,0.0,0.0,-1.5439845252188062,0.4441503827679125,1.4084604735438788e-164,0.0,0.0,0.0,-0.002616750386119012,unicycle
3.155534707102482,-0.9984893382298113,1.2104166666666665,0.0,0.0,-1.5440379985815493,0.444153279600452,1.1612006913805044e-164,0.0,0.0,0.0,-0.0026736681371554542,unicycle
3.1557721339633047,-1.0073692938280834,1.2104166666666665,0.0,0.0,-1.5440926067883323,0.44415645599589654,9.568853061223687e-165,0.0,0.0,0.0,-0.0027304103391528733,unicycle
3.156009072725617,-1.01624933159187,1.2104166666666665,0.0,0.0,-1.5441483462805885,0.4441599111913181,7.8813451272075455e-165,0.0,0.0,0.0,-0.0027869746128117677,unicycle
3.156245513499074,-1.0251294573175864,1.2104166666666665,0.0,0.0,-1.544205213452379,0.4441636442943939,6.4882312159623675e-165,0.0,0.0,0.0,-0.002843358589508205,unicycle
3.1564814464237867,-1.0340096767788725,1.2104166666666665,0.0,0.0,-1.5442632046506075,0.4441676542919395,5.338696270882025e-165,0.0,0.0,0.0,-0.002899559911432336,unicycle
3.1567168616706502,-1.0428899957243023,1.2104166666666665,0.0,0.0,-1.5443223161752422,0.4441719400581028,4.390603233552045e-165,0.0,0.0,0.0,-0.002955576231721392,unicycle
3.156951749441674,-1.05177041987525,1.2104166666666665,0.0,0.0,-1.5443825442795336,0.44417650036209505,3.6090271825642054e-165,0.0,0.0,0.0,-0.003011405214587522,unicycle
3.157186099970309,-1.0606509549239005,1.2104166666666665,0.0,0.0,-1.5444438851702422,0.4441813338753857,2.9650342564329764e-165,0.0,0.0,0.0,-0.0030670445354408628,unicycle
3.157419903521789,-1.0695316065313918,1.2104166666666665,0.0,0.0,-1.5445063350078618,0.4441864391783276,2.4346649841322203e-165,0.0,0.0,0.0,-0.003122491881008241,unicycle
3.1576531504343737,-1.0784123818826938,1.2104166666666665,0.0,0.0,-1.5445698899006357,0.4441918926238152,1.9980882172355784e-165,0.0,0.0,0.0,-0.003177744638704359,unicycle
3.1578858311004923,-1.0872932889658302,1.2104166666666665,0.0,0.0,-1.5446345459074546,0.4441977345146673,1.6388973751258277e-165,0.0,0.0,0.0,-0.0032328003409471087,unicycle
3.1581179359222276,-1.0961743348627409,1.2104166666666665,0.0,0.0,-1.5447002990448035,0.44420391966905054,1.3435253450064877e-165,0.0,0.0,0.0,-0.0032876568674482347,unicycle
3.158349455317786,-1.1050555259755925,1.2104166666666665,0.0,0.0,-1.5447671452862117,0.444210414226485,1.1007582617319386e-165,0.0,0.0,0.0,-0.0033423120704115508,unicycle
3.1585803797265464,-1.1139368682008468,1.2104166666666665,0.0,0.0,-1.544835080561888,0.44421719303455426,9.013316472881404e-166,0.0,0.0,0.0,-0.00339676378379713,unicycle
3.1588106996129945,-1.12281836706226,1.2104166666666665,0.0,0.0,-1.5449041007584967,0.444224237594914,7.375951161872239e-166,0.0,0.0,0.0,-0.003451009830452944,unicycle
3.1590404054697885,-1.13170002781172,1.2104166666666665,0.0,0.0,-1.544974201719049,0.4442315344543571,6.032341355311072e-166,0.0,0.0,0.0,-0.0035050480276142266,unicycle
3.1592694878201417,-1.1405818555049794,1.2104166666666665,0.0,0.0,-1.5450453792428722,0.44423907394926715,4.9303923824669674e-166,0.0,0.0,0.0,-0.0035588761911528885,unicycle
3.1594979372196854,-1.149463855057886,1.2104166666666665,0.0,0.0,-1.5451176290856494,0.44424684923001917,4.0271468497574334e-166,0.0,0.0,0.0,-0.003612492138868995,unicycle
3.1597257442579214,-1.158346031287529,1.2104166666666665,0.0,0.0,-1.5451909469595104,0.44425485550658445,3.287199048064217e-166,0.0,0.0,0.0,-0.0036658936930473477,unicycle
3.159952899559365,-1.1672283889417918,1.2104166666666665,0.0,0.0,-1.5452653285331597,0.44426308946843157,2.681381599345719e-166,0.0,0.0,0.0,-0.003719078682449554,unicycle
3.160179393784454,-1.176110932720041,1.2104166666666665,0.0,0.0,-1.5453407694320371,0.44427154884134024,2.185678101449264e-166,0.0,0.0,0.0,-0.0037720449438717503,unicycle
3.1604052176302706,-1.1849936672870993,1.2104166666666665,0.0,0.0,-1.5454172652385043,0.4442802320513906,1.7803232970087525e-166,0.0,0.0,0.0,-0.0038247903233675114,unicycle
3.160630361831141,-1.193876597282174,1.2104166666666665,0.0,0.0,-1.5454948114920484,0.44428913797252817,1.449058770062444e-166,0.0,0.0,0.0,-0.0038773126772121366,unicycle
3.1608548171591218,-1.2027597273240331,1.2104166666666665,0.0,0.0,-1.5455734036895017,0.444298265739018,1.1785175738051036e-166,0.0,0.0,0.0,-0.003929609872666696,unicycle
3.161078574424424,-1.211643062013437,1.2104166666666665,0.0,0.0,-1.5456530372852733,0.44430761460803,9.577156918354213e-167,0.0,0.0,0.0,-0.003981679788586646,unicycle
3.1613016244757812,-1.220526605933593,1.2104166666666665,0.0,0.0,-1.5457337076915914,0.44431718386073527,7.77631981806537e-167,0.0,0.0,0.0,-0.004033520315909494,unicycle
3.1615239582007795,-1.2294103636492197,1.2104166666666665,0.0,0.0,-1.5458154102787525,0.4443269727327909,6.308613688417098e-167,0.0,0.0,0.0,-0.00408512935804811,unicycle
3.1617455665261645,-1.2382943397046675,1.2104166666666665,0.0,0.0,-1.5458981403753769,0.4443369803670776,5.1132865048076776e-167,0.0,0.0,0.0,-0.004136504831210208,unicycle
3.1619664404181322,-1.2471785386214294,1.2104166666666665,0.0,0.0,-1.54598189326867,0.44434720578313014,4.140524323076226e-167,0.0,0.0,0.0,-0.0041876446646599685,unicycle
3.162186570882607,-1.2560629648952868,1.2104166666666665,0.0,0.0,-1.5460666642046885,0.4443576478589498,3.3495050653666433e-167,0.0,0.0,0.0,-0.004238546800934188,unicycle
3.1624059489655183,-1.2649476229932755,1.2104166666666665,0.0,0.0,-1.546152448388609,0.4443683053218688,2.7067947550491777e-167,0.0,0.0,0.0,-0.004289209196022664,unicycle
3.1626245657530747,-1.273832517350597,1.2104166666666665,0.0,0.0,-1.5462392409849994,0.4443791767459145,2.1850265900264577e-167,0.0,0.0,0.0,-0.004339629819520374,unicycle
3.162842412372033,-1.282717652367572,1.2104166666666665,0.0,0.0,-1.5463270371180942,0.4443902605537283,1.7618135105955826e-167,0.0,0.0,0.0,-0.004389806654757409,unicycle
3.1630594799899794,-1.291603032406691,1.2104166666666665,0.0,0.0,-1.5464158318720724,0.44440155502156814,1.4188534354471374e-167,0.0,0.0,0.0,-0.0044397376989114,unicycle
3.163275759815603,-1.3004886617898075,1.2104166666666665,0.0,0.0,-1.5465056202913345,0.44441305828629335,1.1411934021829492e-167,0.0,0.0,0.0,-0.00448942096310612,unicycle
3.1634912430989797,-1.3093745447954952,1.2104166666666665,0.0,0.0,-1.5465963973807844,0.44442476835351913,9.166247026417722e-168,0.0,0.0,0.0,-0.00453885447249922,unicycle
3.163705921131856,-1.3182606856565775,1.2104166666666665,0.0,0.0,-1.5466881581061114,0.4444366831063458,7.351859530174899e-168,0.0,0.0,0.0,-0.0045880362663614374,unicycle
3.1639197852479386,-1.3271470885578378,1.2104166666666665,0.0,0.0,-1.5467808973940744,0.4444488003142403,5.887550546549716e-168,0.0,0.0,0.0,-0.004636964398149148,unicycle
3.164132826823186,-1.3360337576339056,1.2104166666666665,0.0,0.0,-1.5468746101327862,0.44446111764177304,4.707143253339367e-168,0.0,0.0,0.0,-0.004685636935571691,unicycle
3.1643450372761035,-1.3449206969673078,1.2104166666666665,0.0,0.0,-1.5469692911719994,0.4444736326570135,3.756758307651542e-168,0.0,0.0,0.0,-0.004734051960654693,unicycle
3.1645564080680417,-1.353807910586682,1.2104166666666665,0.0,0.0,-1.5470649353233956,0.44448634283945804,2.9925622000054807e-168,0.0,0.0,0.0,-0.00478220756980029,unicycle
3.1647669307034967,-1.3626954024651377,1.2104166666666665,0.0,0.0,-1.5471615373608723,0.44449924558741777,2.3789224799908837e-168,0.0,0.0,0.0,-0.00483010187384497,unicycle
3.1649765967304133,-1.3715831765187532,1.2104166666666665,0.0,0.0,-1.5472590920208347,0.4445123382248343,1.886897213881144e-168,0.0,0.0,0.0,-0.0048777329981156085,unicycle
3.165185397777083,-1.3804712381604836,1.2104166666666665,0.0,0.0,-1.5473575939897364,0.4445256957932793,1.4929988571614275e-168,0.0,0.0,0.0,-0.004925098445105882,unicycle
3.1653933255351125,-1.389359593580337,1.2104166666666665,0.0,0.0,-1.5474570379100838,0.44453935733334343,1.1781833084582474e-168,0.0,0.0,0.0,-0.0049721960173617534,unicycle
3.165600371719647,-1.3982482480380478,1.2104166666666665,0.0,0.0,-1.5475574183946164,0.44455327649645754,9.270236426798345e-169,0.0,0.0,0.0,-0.005019024226632073,unicycle
3.1658065280752408,-1.4071372060895793,1.2104166666666665,0.0,0.0,-1.5476587300248503,0.4445674182631278,7.27035221006294e-169,0.0,0.0,0.0,-0.005065581511699157,unicycle
3.166011786380426,-1.4160264717614224,1.2104166666666665,0.0,0.0,-1.5477609673500246,0.44458175633206687,5.681248094723244e-169,0.0,0.0,0.0,-0.005111866258710597,unicycle
3.1662161384512655,-1.4249160486838692,1.2104166666666665,0.0,0.0,-1.547864124886365,0.4445962710681207,4.4214122639795213e-169,0.0,0.0,0.0,-0.00515787681701107,unicycle
3.1664195761441114,-1.4338059401921468,1.2104166666666665,0.0,0.0,-1.547968197116594,0.4446109478948568,3.425090640979414e-169,0.0,0.0,0.0,-0.005203611511454979,unicycle
3.166622091357746,-1.4426961494024733,1.2104166666666665,0.0,0.0,-1.548073178489633,0.44462577604023296,2.639303429598356e-169,0.0,0.0,0.0,-0.005249068651968638,unicycle
3.1668236760350448,-1.4515866792686276,1.2104166666666665,0.0,0.0,-1.5481790634204522,0.44464074756197397,2.021416808767097e-169,0.0,0.0,0.0,-0.005294246540964234,unicycle
3.167024322164275,-1.4604775326234523,1.2104166666666665,0.0,0.0,-1.5482858462900337,0.44465585659396223,1.5371680129568e-169,0.0,0.0,0.0,-0.005339143479077201,unicycle
3.167224021780112,-1.4693687122087717,1.2104166666666665,0.0,0.0,-1.5483935214454259,0.44467109876677857,1.159060440323109e-169,0.0,0.0,0.0,-0.005383757769596249,unicycle
3.167422766964441,-1.4782602206964586,1.2104166666666665,0.0,0.0,-1.5485020831998633,0.4446864707650389,8.650605490879995e-170,0.0,0.0,0.0,-0.0054280877218750205,unicycle
3.1676205498469985,-1.4871520607027933,1.2104166666666665,0.0,0.0,-1.5486115258329423,0.4447019699918167,6.375407132721067e-170,0.0,0.0,0.0,-0.005472131653951407,unicycle
3.167817362605894,-1.4960442347977823,1.2104166666666665,0.0,0.0,-1.5487218435908339,0.4447175943165688,4.624223905591499e-170,0.0,0.0,0.0,-0.005515887894551266,unicycle
3.168013197468042,-1.5049367455107345,1.2104166666666665,0.0,0.0,-1.5488330306865261,0.4447333418878942,3.2848230353261426e-170,0.0,0.0,0.0,-0.0055593547846146405,unicycle
3.1682080467095313,-1.513829595333096,1.2104166666666665,0.0,0.0,-1.548945081300095,0.44474921099638,2.2679117696548826e-170,0.0,0.0,0.0,-0.005602530678452346,unicycle
3.1684019026559427,-1.52272278671931,1.2104166666666665,0.0,0.0,-1.5490579895789869,0.44476519997592256,1.5026017706182843e-170,0.0,0.0,0.0,-0.005645413944617112,unicycle
3.1685947576826394,-1.5316163220862953,1.2104166666666665,0.0,0.0,-1.5491717496383182,0.444781307134409,9.327478493375948e-171,0.0,0.0,0.0,-0.005688002966554901,unicycle
3.168786604215032,-1.5405102038119807,1.2104166666666665,0.0,0.0,-1.54928635556118,0.44479753070662903,5.139958840359756e-171,0.0,0.0,0.0,-0.0057302961430875385,unicycle
3.168977434728831,-1.549404434233233,1.2104166666666665,0.0,0.0,-1.549401801398955,0.44481386882386215,2.114054341029193e-171,0.0,0.0,0.0,-0.005772291888766403,unicycle
3.1691672417502876,-1.5582990156434249,1.2104166666666665,0.0,0.0,-1.5495180811716374,0.44483031949583074,-2.4623779858412826e-173,0.0,0.0,0.0,-0.005813988634128103,unicycle
3.1693560178564337,-1.567193950289824,1.2104166666666665,0.0,0.0,-1.5496351888681548,0.44484688060169403,-1.490806851957455e-171,0.0,0.0,0.0,-0.005855384825876051,unicycle
3.169543755675318,-1.5760892403709306,1.2104166666666665,0.0,0.0,-1.549753118446695,0.44486354988753196,-2.45188669623666e-171,0.0,0.0,0.0,-0.0058964789270064995,unicycle
3.1697304478862396,-1.584984888033858,1.2104166666666665,0.0,0.0,-1.549871863835033,0.44488032496837454,-3.0377799492102906e-171,0.0,0.0,0.0,-0.0059372694168933135,unicycle
3.1699160872199896,-1.5938808953718149,1.2104166666666665,0.0,0.0,-1.5499914189308597,0.44489720333330784,-3.348814510943516e-171,0.0,0.0,0.0,-0.005977754791342478,unicycle
3.1701006664590863,-1.60277726442173,1.2104166666666665,0.0,0.0,-1.550111777602112,0.44491418235255675,-3.462023562959124e-171,0.0,0.0,0.0,-0.006017933562624767,unicycle
3.1702841784380205,-1.611673997162043,1.2104166666666665,0.0,0.0,-1.550232933687302,0.444931259285731,-3.436159147204152e-171,0.0,0.0,0.0,-0.0060578042594929766,unicycle
3.1704666160434987,-1.6205710955106716,1.2104166666666665,0.0,0.0,-1.5503548809958456,0.4449484312906418,-3.315677585936413e-171,0.0,0.0,0.0,-0.006097365427188571,unicycle
3.1706479722146907,-1.629468561323158,1.2104166666666665,0.0,0.0,-1.5504776133083942,0.4449656954322652,-3.1339005232433717e-171,0.0,0.0,0.0,-0.00613661562744141,unicycle
3.1708282399434804,-1.6383663963909934,1.2104166666666665,0.0,0.0,-1.5506011243771634,0.4449830486915579,-2.915516010297238e-171,0.0,0.0,0.0,-0.006175553438465251,unicycle
3.1710074122747156,-1.647264602440112,1.2104166666666665,0.0,0.0,-1.550725407926262,0.44500048797392644,-2.678552144159597e-171,0.0,0.0,0.0,-0.006214177454951039,unicycle
3.171185482306464,-1.6561631811295456,1.2104166666666665,0.0,0.0,-1.5508504576520235,0.44501801011722575,-2.4359299192654175e-171,0.0,0.0,0.0,-0.006252486288059391,unicycle
3.171362443190266,-1.6650621340502274,1.2104166666666665,0.0,0.0,-1.5509762672233318,0.44503561189921403,-2.1966810306244637e-171,0.0,0.0,0.0,-0.00629047856541331,unicycle
3.1715382881313943,-1.6739614627239348,1.2104166666666665,0.0,0.0,-1.5511028302819538,0.4450532900444313,-1.966899455089962e-171,0.0,0.0,0.0,-0.0063281529310918105,unicycle
3.1717130104196865,-1.6828611701557215,1.2104166666666665,0.0,0.0,-1.551230140424474,0.4450711189137331,-1.7504819787236576e-171,0.0,0.0,0.0,-0.0063655071259965355,unicycle
3.171886603415139,-1.6917612601154186,1.2104166666666665,0.0,0.0,-1.5513581912109706,0.44508913693507596,-1.5497018205201722e-171,0.0,0.0,0.0,-0.006402539324837733,unicycle
3.17205906051471,-1.7006617354328564,1.2104166666666665,0.0,0.0,-1.551486976185446,0.4451072972807789,-1.3656506255748485e-171,0.0,0.0,0.0,-0.0064392487237561625,unicycle
3.1722303751573144,-1.7095625982245422,1.2104166666666665,0.0,0.0,-1.5516164888735557,0.4451255644589706,-1.1985769572571631e-171,0.0,0.0,0.0,-0.006475634405492162,unicycle
3.172400540827695,-1.7184638500681992,1.2104166666666665,0.0,0.0,-1.551746722780943,0.4451439117061278,-1.0481436771360735e-171,0.0,0.0,0.0,-0.006511695369347673,unicycle
3.172569551059426,-1.7273654921363284,1.2104166666666665,0.0,0.0,-1.551877671392035,0.44516231893767755,-9.136219943546494e-172,0.0,0.0,0.0,-0.006547430554596445,unicycle
3.1727373994372283,-1.7362675252976705,1.2104166666666665,0.0,0.0,-1.5520093281692098,0.44518077114268184,-7.940362745036666e-172,0.0,0.0,0.0,-0.006582838858736326,unicycle
3.172904079598767,-1.745169950193622,1.2104166666666665,0.0,0.0,-1.5521416865522437,0.44519925713114683,-6.882707446502178e-172,0.0,0.0,0.0,-0.006617919151685514,unicycle
3.1730695852360373,-1.7540727672951872,1.2104166666666665,0.0,0.0,-1.55227473995798,0.44521776856067663,-5.951468724586956e-172,0.0,0.0,0.0,-0.006652670286793206,unicycle
3.173233910096438,-1.7629759769448832,1.2104166666666665,0.0,0.0,-1.552408481780167,0.445236299183858,-5.1347831703601555e-172,0.0,0.0,0.0,-0.006687091109351813,unicycle
3.1733970479836096,-1.7718795793870727,1.2104166666666665,0.0,0.0,-1.5525429053894302,0.44525484426956935,-4.4210885319222246e-172,0.0,0.0,0.0,-0.006721180463152801,unicycle
3.1735589927580907,-1.7807835747894603,1.2104166666666665,0.0,0.0,-1.5526780041333406,0.4452734001609093,-3.7993748323131734e-172,0.0,0.0,0.0,-0.0067549371955134135,unicycle
3.173719738337839,-1.7896879632578844,1.2104166666666665,0.0,0.0,-1.5528137713365628,0.4452919639400714,-3.259340098265161e-172,0.0,0.0,0.0,-0.006788360161110688,unicycle
3.173879278698649,-1.7985927448460797,1.2104166666666665,0.0,0.0,-1.5529502003010605,0.4453105331766128,-2.791476005243501e-172,0.0,0.0,0.0,-0.006821448224887393,unicycle
3.1740376078744994,-1.8074979195616983,1.2104166666666665,0.0,0.0,-1.5530872843063452,0.44532910574047,-2.3871028912831634e-172,0.0,0.0,0.0,-0.006854200264237786,unicycle
3.1741947199578426,-1.8164034873695953,1.2104166666666665,0.0,0.0,-1.5532250166097579,0.4453476796649944,-2.0383689959684013e-172,0.0,0.0,0.0,-0.006886615170636312,unicycle
3.1743506090998546,-1.8253094481931424,1.2104166666666665,0.0,0.0,-1.5533633904467747,0.4453662530484097,-1.7382251841925508e-172,0.0,0.0,0.0,-0.006918691850837012,unicycle
3.174505269510659,-1.8342158019141597,1.2104166666666665,0.0,0.0,-1.5535023990313295,0.4453848239845891,-1.4803836106881378e-172,0.0,0.0,0.0,-0.0069504292277435655,unicycle
3.1746586954595357,-1.8431225483719043,1.2104166666666665,0.0,0.0,-1.55364203555615,0.4454033905160294,-1.2592666054618855e-172,0.0,0.0,0.0,-0.00698182624102794,unicycle
3.174810881275108,-1.8520296873614563,1.2104166666666665,0.0,0.0,-1.553782293193101,0.44542195060347517,-1.0699503800738886e-172,0.0,0.0,0.0,-0.0070128818475583285,unicycle
3.174961821345532,-1.8609372186317434,1.2104166666666665,0.0,0.0,-1.5539231650935348,0.4454405021078894,-9.081068647160522e-173,0.0,0.0,0.0,-0.007043595021683536,unicycle
3.175111510118675,-1.8698451418833832,1.2104166666666665,0.0,0.0,-1.5540646443886428,0.44545904278144804,-7.699460022771021e-173,0.0,0.0,0.0,-0.007073964755410265,unicycle
3.175259942102293,-1.8787534567664794,1.2104166666666665,0.0,0.0,-1.5542067241898128,0.4454775702650127,-6.521600812621408e-173,0.0,0.0,0.0,-0.0071039900585014555,unicycle
3.17540711186421,-1.8876621628784565,1.2104166666666665,0.0,0.0,-1.5543493975889833,0.4454960820901385,-5.518711316082409e-173,0.0,0.0,0.0,-0.007133669958517245,unicycle
3.175553014032497,-1.896571259761997,1.2104166666666665,0.0,0.0,-1.5544926576589997,0.4455145756841501,-4.665819942055446e-173,0.0,0.0,0.0,-0.007163003500815045,unicycle
3.175697643295646,-1.9054807469031207,1.2104166666666665,0.0,0.0,-1.5546364974539697,0.4455330483771883,-3.941313732342894e-173,0.0,0.0,0.0,-0.007191989748521262,unicycle
3.175840994402757,-1.9143906237294273,1.2104166666666665,0.0,0.0,-1.5547809100096193,0.4455514974104139,-3.3265296425040015e-173,0.0,0.0,0.0,-0.0072206277824840796,unicycle
3.1759830621637137,-1.923300889608515,1.2104166666666665,0.0,0.0,-1.5549258883436434,0.4455699199447773,-2.8053859989726354e-173,0.0,0.0,0.0,-0.007248916701214329,unicycle
3.1761238414493693,-1.9322115438465806,1.2104166666666665,0.0,0.0,-1.5550714254560598,0.4455883130699314,-2.3640525325051893e-173,0.0,0.0,0.0,-0.00727685562081964,unicycle
3.176263327191728,-1.9411225856871899,1.2104166666666665,0.0,0.0,-1.5552175143295583,0.44560667381299196,-1.9906567371332624e-173,0.0,0.0,0.0,-0.007304443674935629,unicycle
3.1764015143841307,-1.950034014310223,1.2104166666666665,0.0,0.0,-1.5553641479298517,0.4456249991469491,-1.675023924647373e-173,0.0,0.0,0.0,-0.0073316800146568115,unicycle
3.1765383980814383,-1.958945828830975,1.2104166666666665,0.0,0.0,-1.555511319206021,0.44564328599860437,-1.4084481632163453e-173,0.0,0.0,0.0,-0.007358563808469086,unicycle
3.1766739734002187,-1.967858028299404,1.2104166666666665,0.0,0.0,-1.5556590210908643,0.4456615312559609,-1.1834912483706345e-173,0.0,0.0,0.0,-0.007385094242185017,unicycle
3.176808235518928,-1.976770611699521,1.2104166666666665,0.0,0.0,-1.5558072465012418,0.44567973177503484,-9.938069121516793e-174,0.0,0.0,0.0,-0.007411270518882683,unicycle
3.1769411797013403,-1.9856835795002024,1.2104166666666665,0.0,0.0,-1.5559559883155174,0.4456979619599894,-8.339875992657626e-174,0.0,0.0,0.0,-0.007437090713794731,unicycle
3.1770728012853744,-1.9945969329380862,1.2104166666666665,0.0,0.0,-1.5561052393843702,0.44571626035385326,-6.99431303339266e-174,0.0,0.0,0.0,-0.007462553442633253,unicycle
3.1772030956579016,-2.0035106723154965,1.2104166666666665,0.0,0.0,-1.556254992556199,0.4457345803850702,-5.862261439934379e-174,0.0,0.0,0.0,-0.00748765859145437,unicycle
3.177332058258623,-2.0124247972272546,1.2104166666666665,0.0,0.0,-1.5564052406741886,0.4457528868227574,-4.910505634927305e-174,0.0,0.0,0.0,-0.007512405899470361,unicycle
3.1774596845830616,-2.021339306735423,1.2104166666666665,0.0,0.0,-1.5565559765741241,0.44577115317284316,-4.110872209788627e-174,0.0,0.0,0.0,-0.007536794996778241,unicycle
3.177585970184865,-2.030254199503122,1.2104166666666665,0.0,0.0,-1.556707193082802,0.44578935963148036,-3.4394885644133276e-174,0.0,0.0,0.0,-0.007560825433891405,unicycle
3.1777109106775674,-2.0391694738962856,1.2104166666666665,0.0,0.0,-1.5568588830168981,0.44580749148191545,-2.8761458139744513e-174,0.0,0.0,0.0,-0.0075844967047956685,unicycle
3.177834501735942,-2.0480851280604107,1.2104166666666665,0.0,0.0,-1.5570110391821963,0.4458255378434817,-2.4037522616105896e-174,0.0,0.0,0.0,-0.0076078082648968395,unicycle
3.177956739097033,-2.0570011599778555,1.2104166666666665,0.0,0.0,-1.5571636543730953,0.4458434906995415,-2.00786533142206e-174,0.0,0.0,0.0,-0.007630759544944609,unicycle
3.1780776185609465,-2.065917567510117,1.2104166666666665,0.0,0.0,-1.5573167213723313,0.445861344145844,-1.676291312596228e-174,0.0,0.0,0.0,-0.007653349961792786,unicycle
3.1781971359914545,-2.074834348428547,1.2104166666666665,0.0,0.0,-1.5574702329508647,0.4458790938125595,-1.3987435828369624e-174,0.0,0.0,0.0,-0.007675578926677016,unicycle
3.178315287316459,-2.083751500436241,1.2104166666666665,0.0,0.0,-1.557624181867896,0.4458967364227359,-1.1665511618682566e-174,0.0,0.0,0.0,-0.00769744585154881,unicycle
3.1784320685283536,-2.092669021183227,1.2104166666666665,0.0,0.0,-1.5577785608709735,0.44591426945754653,-9.724105005859605e-175,0.0,0.0,0.0,-0.007718950153891619,unicycle
3.178547475684304,-2.1015869082766367,1.2104166666666665,0.0,0.0,-1.5579333626961804,0.44593169090481133,-8.101743470449133e-175,0.0,0.0,0.0,-0.007740091260354863,unicycle
3.178661504906474,-2.1105051592871304,1.2104166666666665,0.0,0.0,-1.5580885800683693,0.44594899907216906,-6.74672356354466e-175,0.0,0.0,0.0,-0.007760868609470497,unicycle
3.178774152382208,-2.1194237717525906,1.2104166666666665,0.0,0.0,-1.5582442057014427,0.4459661924501948,-5.615588374848895e-175,0.0,0.0,0.0,-0.007781281653660218,unicycle
3.1788854143641836,-2.128342743179844,1.2104166666666665,0.0,0.0,-1.5584002322986568,0.44598326961388174,-4.671836656514487e-175,0.0,0.0,0.0,-0.007801329860696602,unicycle
3.1789952871705434,-2.137262071045,1.2104166666666665,0.0,0.0,-1.5585566525529515,0.4460002291533963,-3.8848294368791334e-175,0.0,0.0,0.0,-0.007821012714746051,unicycle
3.1791037671850115,-2.1461817527928475,1.2104166666666665,0.0,0.0,-1.5587134591472933,0.446017069626997,-3.228864784768558e-175,0.0,0.0,0.0,-0.007840329717093465,unicycle
3.179210850857001,-2.155101785835642,1.2104166666666665,0.0,0.0,-1.5588706447550262,0.4460337895305749,-2.6823955728213346e-175,0.0,0.0,0.0,-0.007859280386626366,unicycle
3.179316534701714,-2.1640221675515336,1.2104166666666665,0.0,0.0,-1.5590282020402293,0.4460503872795197,-2.227368712719376e-175,0.0,0.0,0.0,-0.007877864260138936,unicycle
3.179420815300237,-2.1729428952828087,1.2104166666666665,0.0,0.0,-1.559186123658079,0.44606686119959466,-1.8486674648651335e-175,0.0,0.0,0.0,-0.007896080892502585,unicycle
3.179523689299637,-2.1818639663340815,1.2104166666666665,0.0,0.0,-1.5593444022552139,0.4460832095242757,-1.533641121762441e-175,0.0,0.0,0.0,-0.007913929856739055,unicycle
3.1796251534130517,-2.1907853779705238,1.2104166666666665,0.0,0.0,-1.5595030304700943,0.4460994303966174,-1.271708683487607e-175,0.0,0.0,0.0,-0.007931410744023546,unicycle
3.1797252044197815,-2.1997071274161892,1.2104166666666665,0.0,0.0,-1.5596620009333673,0.4461155218741791,-1.0540251344386186e-175,0.0,0.0,0.0,-0.007948523163638841,unicycle
3.17982383916538,-2.208629211852481,1.2104166666666665,0.0,0.0,-1.5598213062682253,0.4461314819359155,-8.732006366262026e-176,0.0,0.0,0.0,-0.00796526674289624,unicycle
3.179921054561748,-2.2175516284167793,1.2104166666666665,0.0,0.0,-1.5599809390907657,0.4461473084902205,-7.230644145415432e-176,0.0,0.0,0.0,-0.007981641127035137,unicycle
3.1800168475872197,-2.2264743742012376,1.2104166666666665,0.0,0.0,-1.5601408920103477,0.44616299938353277,-5.984663538188832e-176,0.0,0.0,0.0,-0.007997645979110044,unicycle
3.1801112152866566,-2.23539744625176,1.2104166666666665,0.0,0.0,-1.560301157629945,0.4461785524090811,-4.9511039999002605e-176,0.0,0.0,0.0,-0.008013280979871421,unicycle
3.1802041547715354,-2.2443208415671445,1.2104166666666665,0.0,0.0,-1.5604617285464983,0.4461939653154755,-4.094147502991112e-176,0.0,0.0,0.0,-0.008028545827644933,unicycle
3.180295663220037,-2.2532445570983977,1.2104166666666665,0.0,0.0,-1.5606225973512624,0.4462092358149463,-3.383946031421692e-176,0.0,0.0,0.0,-0.008043440238212313,unicycle
3.180385737877135,-2.262168589748199,1.2104166666666665,0.0,0.0,-1.560783756630156,0.44622436159110695,-2.7956388557327176e-176,0.0,0.0,0.0,-0.008057963944695984,unicycle
3.1804743760546823,-2.2710929363705152,1.2104166666666665,0.0,0.0,-1.5609451989641046,0.4462393403061683,-2.308529362141242e-176,0.0,0.0,0.0,-0.00807211669744885,unicycle
3.180561575131495,-2.280017593770341,1.2104166666666665,0.0,0.0,-1.5611069169293834,0.44625416960757186,-1.905395932558826e-176,0.0,0.0,0.0,-0.008085898263949998,unicycle
3.180647332568443,-2.288942560253119,1.2104166666666665,0.0,0.0,-1.5612689030718565,0.44626892461524353,-1.5719153748247379e-176,0.0,0.0,0.0,-0.008099307123634806,unicycle
3.180731645900942,-2.2978678349088075,1.2104166666666665,0.0,0.0,-1.561431149919299,0.44628364464845993,-1.296180790567667e-176,0.0,0.0,0.0,-0.008112342372140003,unicycle
3.1808145127227054,-2.3067934159120833,1.2104166666666665,0.0,0.0,-1.561593650010335,0.4462982840307119,-1.068298633587769e-176,0.0,0.0,0.0,-0.008125004551789522,unicycle
3.1808959306883384,-2.3157193007492287,1.2104166666666665,0.0,0.0,-1.5617563958909986,0.44631280842862414,-8.800521329709826e-177,0.0,0.0,0.0,-0.008137294033155383,unicycle
3.1809758975153066,-2.3246454863930133,1.2104166666666665,0.0,0.0,-1.561919380112166,0.4463271922511108,-7.246202994220964e-177,0.0,0.0,0.0,-0.008149211058388905,unicycle
3.181054410985428,-2.333571969436684,1.2104166666666665,0.0,0.0,-1.5620825952276698,0.4463414166051331,-5.9634345783819475e-177,0.0,0.0,0.0,-0.008160755775179714,unicycle
3.18113146894599,-2.342498746195939,1.2104166666666665,0.0,0.0,-1.5622460337929356,0.4463554676943709,-4.905277028064346e-177,0.0,0.0,0.0,-0.008171928263293365,unicycle
3.1812070693105885,-2.351425812785907,1.2104166666666665,0.0,0.0,-1.5624096883640406,0.4463693355695844,-4.032818981162379e-177,0.0,0.0,0.0,-0.008182728555241917,unicycle
3.181281210059743,-2.3603531651787066,1.2104166666666665,0.0,0.0,-1.5625735514970873,0.4463830131575791,-3.3138187192555646e-177,0.0,0.0,0.0,-0.008193156652324594,unicycle
3.1813538892413535,-2.3692807992459906,1.2104166666666665,0.0,0.0,-1.5627376157478277,0.44639649551031024,-2.7215732599079393e-177,0.0,0.0,0.0,-0.00820321253702208,unicycle
3.181425104971028,-2.37820871078994,1.2104166666666665,0.0,0.0,-1.5629018736714781,0.44640977922744446,-2.233977058870156e-177,0.0,0.0,0.0,-0.008212896182525542,unicycle
3.1814948554323164,-2.3871368955654377,1.2104166666666665,0.0,0.0,-1.563066317822679,0.44642286201517106,-1.8327389105181227e-177,0.0,0.0,0.0,-0.008222207560019762,unicycle
3.1815631388768812,-2.3960653492955517,1.2104166666666665,0.0,0.0,-1.563230940755563,0.44643574235166766,-1.502730771138971e-177,0.0,0.0,0.0,-0.008231146644210853,unicycle
3.181629953624609,-2.4049940676819888,1.2104166666666665,0.0,0.0,-1.5633957350239125,0.4464484192357312,-1.2314465382817555e-177,0.0,0.0,0.0,-0.008239713417486336,unicycle
3.181695298063687,-2.4139230464118127,1.2104166666666665,0.0,0.0,-1.5635606931813726,0.44646089199997663,-1.0085524314703668e-177,0.0,0.0,0.0,-0.00824790787301357,unicycle
3.1817591706506536,-2.422852281161429,1.2104166666666665,0.0,0.0,-1.563725807781713,0.4464731601739147,-8.255136459074712e-178,0.0,0.0,0.0,-0.008255730017017522,unicycle
3.181821569910426,-2.4317817675985918,1.2104166666666665,0.0,0.0,-1.5638910713791214,0.44648522338534374,-6.752844848772477e-178,0.0,0.0,0.0,-0.00826317987042724,unicycle
3.1818824944363193,-2.4407115013830265,1.2104166666666665,0.0,0.0,-1.564056476528522,0.44649708129097576,-5.520512972287877e-178,0.0,0.0,0.0,-0.008270257470039455,unicycle
3.1819419428900466,-2.4496414781661087,1.2104166666666665,0.0,0.0,-1.5642220157859084,0.44650873352919557,-4.5101932003356816e-178,0.0,0.0,0.0,-0.008276962869315297,unicycle
3.18199991400172,-2.4585716935899247,1.2104166666666665,0.0,0.0,-1.5643876817086866,0.44652017968941893,-3.682360092063634e-178,0.0,0.0,0.0,-0.00828329613890049,unicycle
3.1820564065698442,-2.4675021432859743,1.2104166666666665,0.0,0.0,-1.5645534668560253,0.44653141929375917,-3.0044467963471337e-178,0.0,0.0,0.0,-0.008289257366939145,unicycle
3.1821114194613056,-2.4764328228736807,1.2104166666666665,0.0,0.0,-1.5647193637892105,0.4465424517876895,-2.4496331076044074e-178,0.0,0.0,0.0,-0.008294846659235355,unicycle
3.1821649516113606,-2.4853637279588425,1.2104166666666665,0.0,0.0,-1.5648853650719965,0.44655327653715954,-1.9958423685783997e-178,0.0,0.0,0.0,-0.008300064139304269,unicycle
3.1822170020236187,-2.494294854132124,1.2104166666666665,0.0,0.0,-1.5650514632709636,0.446563892830232,-1.6249116138599668e-178,0.0,0.0,0.0,-0.00830490994834449,unicycle
3.182267569770028,-2.5032261969676326,1.2104166666666665,0.0,0.0,-1.5652176509558666,0.44657429988177355,-1.3219053519441806e-178,0.0,0.0,0.0,-0.00830938424515604,unicycle
3.182316653990857,-2.512157752021634,1.2104166666666665,0.0,0.0,-1.5653839206999869,0.4465844968401069,-1.0745483868730118e-178,0.0,0.0,0.0,-0.008313487206022048,unicycle
3.182364253894676,-2.5210895148314214,1.2104166666666665,0.0,0.0,-1.5655502650804782,0.4465944827948133,-8.727572477631939e-179,0.0,0.0,0.0,-0.008317219024567779,unicycle
3.1824103687583354,-2.530021480914354,1.2104166666666665,0.0,0.0,-1.5657166766787103,0.4466042567850943,-7.082532637396504e-179,0.0,0.0,0.0,-0.008320579911607026,unicycle
3.182454997926942,-2.538953645767063,1.2104166666666665,0.0,0.0,-1.56588314808061,0.44661381780827225,-5.742432085120863e-179,0.0,0.0,0.0,-0.008323570094983069,unicycle
3.182498140813837,-2.547886004864825,1.2104166666666665,0.0,0.0,-1.5660496718769985,0.4466231648281356,-4.6515583969698864e-179,0.0,0.0,0.0,-0.00832618981940939,unicycle
3.182539796900567,-2.5568185536610977,1.2104166666666665,0.0,0.0,-1.5662162406639246,0.44663229678293087,-3.764246538197732e-179,0.0,0.0,0.0,-0.008328439346313651,unicycle
3.182579965736859,-2.565751287587203,1.2104166666666665,0.0,0.0,-1.5663828470429983,0.4466412125928784,-3.043088362773799e-179,0.0,0.0,0.0,-0.008330318953687299,unicycle
3.182618646940585,-2.574684202052151,1.2104166666666665,0.0,0.0,-1.5665494836217175,0.4466499111671384,-2.4574576282035863e-179,0.0,0.0,0.0,-0.00833182893594224,unicycle
3.1826558401977314,-2.583617292442591,1.2104166666666665,0.0,0.0,-1.5667161430137926,0.4466583914101959,-1.9822955242785903e-179,0.0,0.0,0.0,-0.008332969603775369,unicycle
3.1826915452686757,-2.5925505556713393,1.2104166666666665,0.0,0.0,-1.5668828178115768,0.44666672965128873,-1.5971112010205057e-179,0.0,0.0,0.0,-0.008333739889215604,unicycle
3.182725761984566,-2.601483989462168,1.2104166666666665,0.0,0.0,-1.5670495005992398,0.4466749664564361,-1.2851596487872724e-179,0.0,0.0,0.0,-0.008334139383164369,unicycle
3.1827584902404995,-2.6104175906514113,1.2104166666666665,0.0,0.0,-1.5672161839836767,0.44668305746903325,-1.0327658056117583e-179,0.0,0.0,0.0,-0.008334169221847099,unicycle
3.1827897299967245,-2.619351355414865,1.2104166666666665,0.0,0.0,-1.5673828605907645,0.44669096967554267,-8.287691709898818e-180,0.0,0.0,0.0,-0.008333830354385603,unicycle
3.182819481279512,-2.628285279442716,1.2104166666666665,0.0,0.0,-1.5675495230625522,0.44669867880648445,-6.640676810901391e-180,0.0,0.0,0.0,-0.008333123589390683,unicycle
3.182847744181772,-2.6372193580736045,1.2104166666666665,0.0,0.0,-1.5677161640551827,0.4467061672936016,-5.312433055033104e-180,0.0,0.0,0.0,-0.008332049631513148,unicycle
3.182874518863478,-2.646153586396691,1.2104166666666665,0.0,0.0,-1.5678827762373828,0.44671342266959224,-4.242548914537557e-180,0.0,0.0,0.0,-0.008330609110028859,unicycle
3.182899805551949,-2.6550879593287395,1.2104166666666665,0.0,0.0,-1.568049352289405,0.44672043631925223,-3.381863170026988e-180,0.0,0.0,0.0,-0.00832880260111573,unicycle
3.1829236045420193,-2.6640224716717946,1.2104166666666665,0.0,0.0,-1.568215884902308,0.4467272025089939,-2.690401109083381e-180,0.0,0.0,0.0,-0.00832663064514545,unicycle
3.18294591619613,-2.6729571181558467,1.2104166666666665,0.0,0.0,-1.5683823667775085,0.44673371763632347,-2.1356842883205684e-180,0.0,0.0,0.0,-0.008324093760043932,unicycle
3.1829667409443636,-2.6818918934699565,1.2104166666666665,0.0,0.0,-1.5685487906265396,0.44673997965263007,-1.6913470607385701e-180,0.0,0.0,0.0,-0.008321192451559208,unicycle
3.1829860792844253,-2.690826792284552,1.2104166666666665,0.0,0.0,-1.5687151491709619,0.44674598762210943,-1.3360048792239944e-180,0.0,0.0,0.0,-0.008317927221103225,unicycle
3.183003931781606,-2.699761809267043,1.2104166666666665,0.0,0.0,-1.5688814351423956,0.44675174138725104,-1.0523291310343495e-180,0.0,0.0,0.0,-0.008314298571696112,unicycle
3.1830202990687084,-2.7086969390923974,1.2104166666666665,0.0,0.0,-1.5690476412826444,0.4467572413174189,-8.262912943331451e-181,0.0,0.0,0.0,-0.008310307012431507,unicycle
3.183035181845966,-2.7176321764499893,1.2104166666666665,0.0,0.0,-1.5692137603438805,0.44676248812194397,-6.465458324392279e-181,0.0,0.0,0.0,-0.008305953061793703,unicycle
3.183048580880946,-2.7265675160476976,1.2104166666666665,0.0,0.0,-1.5693797850888829,0.44676748271305305,-5.039266997362572e-181,0.0,0.0,0.0,-0.008301237250087365,unicycle
3.1830604970084426,-2.7355029526140333,1.2104166666666665,0.0,0.0,-1.5695457082913065,0.4467722261070776,-3.910368282931755e-181,0.0,0.0,0.0,-0.008296160121184941,unicycle
3.1830709311303673,-2.7444384808988724,1.2104166666666665,0.0,0.0,-1.5697115227359812,0.4467767193548718,-3.019136643043998e-181,0.0,0.0,0.0,-0.008290722233752634,unicycle
3.183079884215632,-2.7533740956732435,1.2104166666666665,0.0,0.0,-1.5698772212192225,0.4467809634943447,-2.3175686756179693e-181,0.0,0.0,0.0,-0.008284924162080702,unicycle
3.1830873573000296,-2.762309791728491,1.2104166666666665,0.0,0.0,-1.5700427965491546,0.44678495951957764,-1.767067903359479e-181,0.0,0.0,0.0,-0.008278766496616106,unicycle
3.183093351486113,-2.771245563875071,1.2104166666666665,0.0,0.0,-1.57020824154604,0.44678870836223866,-1.3366440933569323e-181,0.0,0.0,0.0,-0.008272249844273518,unicycle
3.183097867943067,-2.780181406941156,1.2104166666666665,0.0,0.0,-1.5703735490426118,0.44679221088198595,-1.0014507436848132e-181,0.0,0.0,0.0,-0.008265374828583485,unicycle
3.183100907906586,-2.7891173157711733,1.2104166666666665,0.0,0.0,-1.5705387118844065,0.4467954678633206,-7.415982479085307e-182,0.0,0.0,0.0,-0.008258142089722847,unicycle
3.183102472678741,-2.798053285224371,1.2104166666666665,0.0,0.0,-1.5707037229300957,0.4467984800169554,-5.411916334431134e-182,0.0,0.0,0.0,-0.008250552284461875,unicycle
3.1831025636278514,-2.8069893101734746,1.2104166666666665,0.0,0.0,-1.5708685750518165,0.4468012479842364,-3.875511067413346e-182,0.0,0.0,0.0,-0.008242606086054302,unicycle
3.1831011821883495,-2.815925385503468,1.2104166666666665,0.0,0.0,-1.5710332611354987,0.44680377234352475,-2.7058129138501856e-182,0.0,0.0,0.0,-0.008234304184089804,unicycle
3.183098329860647,-2.824861506110527,1.2104166666666665,0.0,0.0,-1.5711977740811849,0.44680605361772663,-1.8226131441970937e-182,0.0,0.0,0.0,-0.008225647284323586,unicycle
3.1830940082109964,-2.833797666901115,1.2104166666666665,0.0,0.0,-1.571362106803355,0.44680809228238516,-1.162330289180545e-182,0.0,0.0,0.0,-0.008216636108493713,unicycle
3.1830882188713514,-2.842733862791241,1.2104166666666665,0.0,0.0,-1.5715262522312374,0.44680988877390965,-6.74688603278196e-183,0.0,0.0,0.0,-0.008207271394133936,unicycle
3.183080963539222,-2.8516700887058795,1.2104166666666665,0.0,0.0,-1.5716902033091256,0.4468114434976507,-3.2004198167975687e-183,0.0,0.0,0.0,-0.008197553894387422,unicycle
3.1830722439775303,-2.8606063395785455,1.2104166666666665,0.0,0.0,-1.5718539529966822,0.4468127568356231,-6.722060867316268e-184,0.0,0.0,0.0,-0.008187484377825096,unicycle
3.183062062014462,-2.8695426103510133,1.2104166666666665,0.0,0.0,-1.5720174942692473,0.44681382915375323,1.0819946727138782e-183,0.0,0.0,0.0,-0.00817706362827101,unicycle
3.183050419543314,-2.8784788959731684,1.2104166666666665,0.0,0.0,-1.5721808201181402,0.4468146608085774,2.252849332903405e-183,0.0,0.0,0.0,-0.008166292444636146,unicycle
3.1830373185201966,-2.8874151929512086,1.2104166666666665,0.0,0.0,-1.572343923522689,0.44681532956461356,2.9885783492735897e-183,0.0,0.0,0.0,-0.00815517022742737,unicycle
3.1830227609642265,-2.8963514986324768,1.2104166666666665,0.0,0.0,-1.5725067974635965,0.44681587742615286,3.4038563889586186e-183,0.0,0.0,0.0,-0.008143697045357477,unicycle
3.1830067489598655,-2.905287809507261,1.2104166666666665,0.0,0.0,-1.5726694349542472,0.44681626148534725,3.586920290348717e-183,0.0,0.0,0.0,-0.008131874532547025,unicycle
3.182989284656755,-2.9142241214355717,1.2104166666666665,0.0,0.0,-1.5728318290368624,0.44681645017122645,3.605234903630759e-183,0.0,0.0,0.0,-0.008119704130755238,unicycle
3.1829703702695107,-2.923160429821954,1.2104166666666665,0.0,0.0,-1.5729939727795987,0.4468164206514869,3.510000373262352e-183,0.0,0.0,0.0,-0.008107187136829513,unicycle
3.182950008077481,-2.9320967297494556,1.2104166666666665,0.0,0.0,-1.573155859274398,0.4468161567903131,3.3397299977221175e-183,0.0,0.0,0.0,-0.008094324739959103,unicycle
3.182928200424496,-2.941033016081605,1.2104166666666665,0.0,0.0,-1.5733174816354145,0.4468156475486357,3.1230836202071793e-183,0.0,0.0,0.0,-0.00808111805082792,unicycle
3.182904949718608,-2.94996928353941,1.2104166666666665,0.0,0.0,-1.5734788329979015,0.4468148857356839,2.8811056696254884e-183,0.0,0.0,0.0,-0.008067568124343436,unicycle
3.1828802584318314,-2.958905526758961,1.2104166666666665,0.0,0.0,-1.5736399065174471,0.4468138670388111,2.6289879337997047e-183,0.0,0.0,0.0,-0.008053675977282421,unicycle
3.182854129099886,-2.967841740334026,1.2104166666666665,0.0,0.0,-1.5738006953694854,0.4468125892731901,2.377453639576189e-183,0.0,0.0,0.0,-0.008039442601923921,unicycle
3.1828265643219424,-2.976777918847101,1.2104166666666665,0.0,0.0,-1.5739611927490156,0.44681105180474434,2.133840403344951e-183,0.0,0.0,0.0,-0.00802486897652271,unicycle
3.182797566760372,-2.9857140568916436,1.2104166666666665,0.0,0.0,-1.5741213918704822,0.44680925510914765,1.9029442565539313e-183,0.0,0.0,0.0,-0.008009956073302307,unicycle
3.1827671391405077,-2.9946501490876134,1.2104166666666665,0.0,0.0,-1.5742812859677722,0.4468072004373325,1.687674556199008e-183,0.0,0.0,0.0,-0.007994704864506989,unicycle
3.182735284250402,-3.003586190091987,1.2104166666666665,0.0,0.0,-1.574440868294311,0.44680488956404624,1.489559599495216e-183,0.0,0.0,0.0,-0.007979116326940436,unicycle
3.1827020049405945,-3.012522174605528,1.2104166666666665,0.0,0.0,-1.5746001321232177,0.44680232460087993,1.3091347186671778e-183,0.0,0.0,0.0,-0.007963191445329401,unicycle
3.18266730412388,-3.021458097376819,1.2104166666666665,0.0,0.0,-1.5747590707475134,0.44679950785910155,1.1462381648190778e-183,0.0,0.0,0.0,-0.007946931214779383,unicycle
3.1826311847750817,-3.0303939532043094,1.2104166666666665,0.0,0.0,-1.5749176774803642,0.44679644175074346,1.0002348974065754e-183,0.0,0.0,0.0,-0.007930336642532471,unicycle
3.182593649930822,-3.0393297369369736,1.2104166666666665,0.0,0.0,-1.575075945655348,0.44679312871887755,8.701842328558833e-184,0.0,0.0,0.0,-0.007913408749192302,unicycle
3.1825547026893,-3.0482654434740133,1.2104166666666665,0.0,0.0,-1.575233868626739,0.44678957118998647,7.549639734781726e-184,0.0,0.0,0.0,-0.007896148569545108,unicycle
3.1825143462100662,-3.0572010677639354,1.2104166666666665,0.0,0.0,-1.5753914397698006,0.44678577154290644,6.533609747640035e-184,0.0,0.0,0.0,-0.007878557153077396,unicycle
3.182472583713795,-3.0661366048032637,1.2104166666666665,0.0,0.0,-1.5755486524810862,0.4467817320900564,5.641359848005112e-184,0.0,0.0,0.0,-0.007860635564268238,unicycle
3.1824294184820583,-3.0750720496350428,1.2104166666666665,0.0,0.0,-1.5757055001787403,0.4467774550676463,4.860688982390165e-184,0.0,0.0,0.0,-0.00784238488271639,unicycle
3.182384853857101,-3.084007397347283,1.2104166666666665,0.0,0.0,-1.5758619763028032,0.4467729426323288,4.179892235091407e-184,0.0,0.0,0.0,-0.007823806203148508,unicycle
3.1823388932416075,-3.092942643071423,1.2104166666666665,0.0,0.0,-1.5760180743155099,0.44676819686236013,3.5879549682899553e-184,0.0,0.0,0.0,-0.007804900635343675,unicycle
3.182291540098475,-3.10187778198088,1.2104166666666665,0.0,0.0,-1.5761737877015898,0.44676321976181105,3.0746653434389694e-184,0.0,0.0,0.0,-0.007785669304000991,unicycle
3.1822427979505763,-3.1108128092897207,1.2104166666666665,0.0,0.0,-1.5763291099685612,0.4467580132667339,2.6306674959848534e-184,0.0,0.0,0.0,-0.007766113348570171,unicycle
3.1821926703805246,-3.1197477202514783,1.2104166666666665,0.0,0.0,-1.5764840346470221,0.446752579252477,2.247472414286128e-184,0.0,0.0,0.0,-0.007746233923060049,unicycle
3.1821411610304335,-3.128682510158127,1.2104166666666665,0.0,0.0,-1.576638555290939,0.44674691954155765,1.9174394825618165e-184,0.0,0.0,0.0,-0.007726032195835786,unicycle
3.182088273601679,-3.137617174339217,1.2104166666666665,0.0,0.0,-1.5767926654779272,0.4467410359116735,1.633738454163513e-184,0.0,0.0,0.0,-0.007705509349412552,unicycle
3.1820340118546486,-3.1465517081611645,1.2104166666666665,0.0,0.0,-1.5769463588095318,0.446734930103558,1.3902991390056275e-184,0.0,0.0,0.0,-0.007684666580251117,unicycle
3.1819783796085,-3.155486107026692,1.2104166666666665,0.0,0.0,-1.5770996289115031,0.4467286038284845,1.1817541684825654e-184,0.0,0.0,0.0,-0.007663505098559026,unicycle
3.181921380740907,-3.1644203663744097,1.2104166666666665,0.0,0.0,-1.5772524694340655,0.4467220587752941,1.0033787235631684e-184,0.0,0.0,0.0,-0.007642026128099702,unicycle
3.1818630191878046,-3.1733544816785244,1.2104166666666665,0.0,0.0,-1.577404874052186,0.44671529661687626,8.51029982058415e-185,0.0,0.0,0.0,-0.007620230906010845,unicycle
3.1818032989431377,-3.1822884484486686,1.2104166666666665,0.0,0.0,-1.5775568364658386,0.44670831901606944,7.21088183796758e-185,0.0,0.0,0.0,-0.007598120682632765,unicycle
3.1817422240481292,-3.191222263778683,1.2104166666666665,0.0,0.0,-1.5777083503730007,0.4467012050753292,6.104005676735645e-185,0.0,0.0,0.0,-0.007575695358104128,unicycle
3.1816797985952676,-3.2001559256311296,1.2104166666666665,0.0,0.0,-1.577859409482556,0.4466939981206312,5.162289548012264e-185,0.0,0.0,0.0,-0.007552955477747618,unicycle
3.1816160267396714,-3.20908943113834,1.2104166666666665,0.0,0.0,-1.5780100075444858,0.446686656527157,4.3620139978353303e-185,0.0,0.0,0.0,-0.007529903096492305,unicycle
3.181550912697574,-3.218022776829184,1.2104166666666665,0.0,0.0,-1.578160138346108,0.44667915000727526,3.6826807794336954e-185,0.0,0.0,0.0,-0.007506540081099582,unicycle
3.181484460745056,-3.2269559588038375,1.2104166666666665,0.0,0.0,-1.5783097957092316,0.4466714570107019,3.106613969626946e-185,0.0,0.0,0.0,-0.007482868156179651,unicycle
3.181416675216974,-3.2358889728676865,1.2104166666666665,0.0,0.0,-1.5784589734880385,0.4466635626809561,2.6186019870886512e-185,0.0,0.0,0.0,-0.007458888940351531,unicycle
3.1813475605060515,-3.244821814633205,1.2104166666666665,0.0,0.0,-1.5786076655675298,0.4466554572544657,2.2055783688516836e-185,0.0,0.0,0.0,-0.007434603974559079,unicycle
3.1812771210621027,-3.253754479596847,1.2104166666666665,0.0,0.0,-1.578755865862413,0.4466471348111351,1.8563386758742818e-185,0.0,0.0,0.0,-0.007410014744157769,unicycle
3.181205361391362,-3.262686963196522,1.2104166666666665,0.0,0.0,-1.5789035683163344,0.4466385923033242,1.5612906440524407e-185,0.0,0.0,0.0,-0.007385122696065912,unicycle
3.181132286055899,-3.271619260854043,1.2104166666666665,0.0,0.0,-1.5790507669013742,0.44662982880480767,1.3122346087686718e-185,0.0,0.0,0.0,-0.0073599292520151955,unicycle
3.181057899673099,-3.2805513680060248,1.2104166666666665,0.0,0.0,-1.5791974556177488,0.44662084493306164,1.1021712593653515e-185,0.0,0.0,0.0,-0.007334435818726996,unicycle
3.1809822069152047,-3.2894832801259457,1.2104166666666665,0.0,0.0,-1.5793436284936624,0.44661164240769324,9.251338873545901e-186,0.0,0.0,0.0,-0.007308643795673298,unicycle
3.1809052125088906,-3.2984149927395148,1.2104166666666665,0.0,0.0,-1.579489279585281,0.4466022237154409,7.760424506605065e-186,0.0,0.0,0.0,-0.00728255458094634,unicycle
3.1808269212348765,-3.3073465014349974,1.2104166666666665,0.0,0.0,-1.579634402976794,0.44659259185827416,6.505769649572854e-186,0.0,0.0,0.0,-0.0072561695756531396,unicycle
3.180747337927566,-3.3162778018697914,1.2104166666666665,0.0,0.0,-1.5797789927805372,0.4465827501660091,5.4506793706122315e-186,0.0,0.0,0.0,-0.007229490187164455,unicycle
3.180666467474701,-3.3252088897742555,1.2104166666666665,0.0,0.0,-1.579923043137167,0.4465727021587647,4.564017635091835e-186,0.0,0.0,0.0,-0.007202517831478518,unicycle
3.1805843148170307,-3.3341397609535495,1.2104166666666665,0.0,0.0,-1.5800665482158647,0.44656245144770457,3.81939222340915e-186,0.0,0.0,0.0,-0.007175253934904677,unicycle
3.1805008849479934,-3.343070411288073,1.2104166666666665,0.0,0.0,-1.580209502214569,0.4465520016649923,3.1944538260560625e-186,0.0,0.0,0.0,-0.0071476999352279545,unicycle
3.1804161829134032,-3.3520008367329464,1.2104166666666665,0.0,0.0,-1.5803518993602184,0.44654135641586556,2.670294409912503e-186,0.0,0.0,0.0,-0.007119857282480571,unicycle
3.1803302138111396,-3.3609310333168665,1.2104166666666665,0.0,0.0,-1.5804937339090068,0.44653051924730086,2.2309316635232514e-186,0.0,0.0,0.0,-0.007091727439418621,unicycle
3.1802429827908423,-3.369860997140575,1.2104166666666665,0.0,0.0,-1.5806350001466423,0.44651949362898125,1.8628678990355183e-186,0.0,0.0,0.0,-0.007063311881780113,unicycle
3.1801544950536056,-3.378790724375132,1.2104166666666665,0.0,0.0,-1.58077569238861,0.44650828294325823,1.55471321279222e-186,0.0,0.0,0.0,-0.0070346120983832095,unicycle
3.1800647558516735,-3.387720211260114,1.2104166666666665,0.0,0.0,-1.5809158049804322,0.4464968904815685,1.2968639884354541e-186,0.0,0.0,0.0,-0.0070056295911097724,unicycle
3.179973770488131,-3.396649454101831,1.2104166666666665,0.0,0.0,-1.5810553322979284,0.44648531944537234,1.0812289721949283e-186,0.0,0.0,0.0,-0.0069763658748086205,unicycle
3.1798815443165993,-3.405578449271623,1.2104166666666665,0.0,0.0,-1.5811942687474716,0.446473572950151,9.009961682869232e-187,0.0,0.0,0.0,-0.006946822477144496,unicycle
3.1797880827409215,-3.414507193204276,1.2104166666666665,0.0,0.0,-1.5813326087662396,0.4464616540313682,7.504347026546435e-187,0.0,0.0,0.0,-0.006917000938412187,unicycle
3.1796933912148524,-3.4234356823965775,1.2104166666666665,0.0,0.0,-1.5814703468224662,0.44644956565158783,6.247265957680891e-187,0.0,0.0,0.0,-0.0068869028113301865,unicycle
3.179597475241743,-3.4323639134060273,1.2104166666666665,0.0,0.0,-1.5816074774156825,0.4464373107081566,5.198240800411356e-187,0.0,0.0,0.0,-0.006856529660824353,unicycle
3.1795003403742204,-3.441291882849705,1.2104166666666665,0.0,0.0,-1.5817439950769592,0.4464248920410307,4.323287045107882e-187,0.0,0.0,0.0,-0.006825883063809054,unicycle
3.179401992213869,-3.4502195874032866,1.2104166666666665,0.0,0.0,-1.5818798943691381,0.4464123124404528,3.593889981696504e-187,0.0,0.0,0.0,-0.006794964608970974,unicycle
3.179302436410906,-3.4591470238002127,1.2104166666666665,0.0,0.0,-1.5820151698870693,0.44639957465428265,2.986139225449914e-187,0.0,0.0,0.0,-0.0067637758965590645,unicycle
3.179201678663853,-3.468074188830987,1.2104166666666665,0.0,0.0,-1.5821498162578331,0.4463866813948563,2.4799974188994257e-187,0.0,0.0,0.0,-0.006732318538182826,unicycle
3.17909972471921,-3.4770010793426067,1.2104166666666665,0.0,0.0,-1.582283828140966,0.44637363534530267,2.0586828309613526e-187,0.0,0.0,0.0,-0.006700594156620152,unicycle
3.1789965803711193,-3.485927692238104,1.2104166666666665,0.0,0.0,-1.5824172002286787,0.4463604391652832,1.7081485384488836e-187,0.0,0.0,0.0,-0.006668604385635293,unicycle
3.178892251443027,-3.494854026026407,1.2104166666666665,0.0,0.0,-1.582549927221128,0.4463471730122741,1.4166434259149595e-187,0.0,0.0,0.0,-0.006636349622481586,unicycle
3.1787867437951594,-3.503780080105945,1.2104166666666665,0.0,0.0,-1.5826820038382412,0.44633388122132944,1.1743424307930836e-187,0.0,0.0,0.0,-0.006603830855648524,unicycle
3.178680063344068,-3.512705853063917,1.2104166666666665,0.0,0.0,-1.582813424847337,0.44632052308458015,9.730353395582757e-188,0.0,0.0,0.0,-0.006571050454776523,unicycle
3.1785722160599077,-3.5216313429029484,1.2104166666666665,0.0,0.0,-1.5829441850596349,0.44630706922723506,8.058650490275284e-188,0.0,0.0,0.0,-0.006538010614902385,unicycle
3.1784632079642154,-3.5305565472157063,1.2104166666666665,0.0,0.0,-1.5830742793276111,0.4462934990053137,6.671075817865659e-188,0.0,0.0,0.0,-0.006504713398802107,unicycle
3.178353045128101,-3.539481463318606,1.2104166666666665,0.0,0.0,-1.583203702543017,0.4462797984601832,5.5198731831057134e-188,0.0,0.0,0.0,-0.006471160770293443,unicycle
3.1782417336707645,-3.5484060883534725,1.2104166666666665,0.0,0.0,-1.5833324496354233,0.44626595871614183,4.5652190877490055e-188,0.0,0.0,0.0,-0.006437354620331478,unicycle
3.1781292797582723,-3.557330419364186,1.2104166666666665,0.0,0.0,-1.5834605155711707,0.44625197472977723,3.773921793020144e-188,0.0,0.0,0.0,-0.006403296787371844,unicycle
3.178015689602538,-3.566254453353893,1.2104166666666665,0.0,0.0,-1.5835878953526346,0.44623784431798086,3.1183307169543154e-188,0.0,0.0,0.0,-0.006368989073185704,unicycle
3.177900969460464,-3.5751781873271766,1.2104166666666665,0.0,0.0,-1.5837145840177362,0.44622356740613534,2.5754227094438292e-188,0.0,0.0,0.0,-0.006334433255075832,unicycle
3.177785125633212,-3.584101618320665,1.2104166666666665,0.0,0.0,-1.5838405766396413,0.44620914544977863,2.126036968080016e-188,0.0,0.0,0.0,-0.006299631095253436,unicycle
3.177668164465568,-3.593024743424793,1.2104166666666665,0.0,0.0,-1.5839658683266014,0.4461945809925309,1.754234782732984e-188,0.0,0.0,0.0,-0.006264584347982339,unicycle
3.1775500923453905,-3.601947559798863,1.2104166666666665,0.0,0.0,-1.5840904542219005,0.4461798773306844,1.4467640437997388e-188,0.0,0.0,0.0,-0.006229294764973901,unicycle
3.177430915703109,-3.610870064681052,1.2104166666666665,0.0,0.0,-1.5842143295038889,0.446165038260966,1.1926116190558137e-188,0.0,0.0,0.0,-0.006193764099417036,unicycle
3.1773106410112737,-3.6197922553946706,1.2104166666666665,0.0,0.0,-1.584337489386068,0.44615006789287226,9.826293835141866e-189,0.0,0.0,0.0,-0.006157994108948099,unicycle
3.1771892747841335,-3.6287141293516685,1.2104166666666665,0.0,0.0,-1.5844599291172239,0.44613497051089196,8.092219495891105e-189,0.0,0.0,0.0,-0.006121986557801624,unicycle
3.1770668235772392,-3.6376356840541417,1.2104166666666665,0.0,0.0,-1.5845816439815903,0.4461197504750478,6.6608605436718646e-189,0.0,0.0,0.0,-0.006085743218331976,unicycle
3.176943293987069,-3.6465569170944434,1.2104166666666665,0.0,0.0,-1.5847026292990314,0.4461044121506811,5.479931708088898e-189,0.0,0.0,0.0,-0.006049265872055183,unicycle
3.1768186926506594,-3.6554778261543306,1.2104166666666665,0.0,0.0,-1.584822880425238,0.4460889598603771,4.506082661690684e-189,0.0,0.0,0.0,-0.006012556310327842,unicycle
3.176693026245247,-3.6643984090034767,1.2104166666666665,0.0,0.0,-1.584942392751933,0.4460733978524991,3.703387729181596e-189,0.0,0.0,0.0,-0.005975616334754201,unicycle
3.1765663014879184,-3.6733186634976085,1.2104166666666665,0.0,0.0,-1.585061161707081,0.44605773028203916,3.0420879818710828e-189,0.0,0.0,0.0,-0.005938447757392124,unicycle
3.176438525135258,-3.682238587576431,1.2104166666666665,0.0,0.0,-1.5851791827550972,0.4460419612004747,2.497544054532856e-189,0.0,0.0,0.0,-0.005901052400812442,unicycle
3.1763097039829997,-3.6911581792614854,1.2104166666666665,0.0,0.0,-1.5852964513970582,0.4460260945520897,2.049364807541034e-189,0.0,0.0,0.0,-0.005863432098053512,unicycle
3.1761798448656764,-3.700077436654021,1.2104166666666665,0.0,0.0,-1.5854129631709089,0.44601013417482477,1.6806826542838659e-189,0.0,0.0,0.0,-0.005825588692502848,unicycle
3.176048954656273,-3.7089963579329415,1.2104166666666665,0.0,0.0,-1.5855287136516631,0.4459940838041925,1.377551154001687e-189,0.0,0.0,0.0,-0.005787524037729801,unicycle
3.1759170402658694,-3.717914941352876,1.2104166666666665,0.0,0.0,-1.585643698451609,0.4459779470791631,1.1284444784534898e-189,0.0,0.0,0.0,-0.005749239997287254,unicycle
3.1757841086432905,-3.726833185242382,1.2104166666666665,0.0,0.0,-1.5857579132204989,0.4459617275492103,9.23841719789222e-190,0.0,0.0,0.0,-0.0057107384444955635,unicycle
3.1756501667747457,-3.735751088002307,1.2104166666666665,0.0,0.0,-1.5858713536457436,0.4459454286819267,7.558818201997027e-190,0.0,0.0,0.0,-0.0056720212622182985,unicycle
3.175515221683471,-3.7446686481042994,1.2104166666666665,0.0,0.0,-1.5859840154525962,0.4459290538707867,6.180772586472804e-190,0.0,0.0,0.0,-0.005633090342636626,unicycle
3.1753792804293686,-3.753585864089477,1.2104166666666665,0.0,0.0,-1.5860958944043368,0.4459126064427635,5.050765998449202e-190,0.0,0.0,0.0,-0.005593947587027015,unicycle
3.175242350108639,-3.7625027345672346,1.2104166666666665,0.0,0.0,-1.5862069863024477,0.4458960896656028,4.1246765763701826e-190,0.0,0.0,0.0,-0.005554594905545367,unicycle
3.1751044378534163,-3.771419258214191,1.2104166666666665,0.0,0.0,-1.586317286986788,0.4458795067546279,3.3661440121327143e-190,0.0,0.0,0.0,-0.0055150342170195155,unicycle
3.174965550831399,-3.7803354337732604,1.2104166666666665,0.0,0.0,-1.5864267923357633,0.4458628608790053,2.7452188203594667e-190,0.0,0.0,0.0,-0.005475267448751106,unicycle
3.1748256962454757,-3.789251260052834,1.2104166666666665,0.0,0.0,-1.5865354982664899,0.44584615516743703,2.2372441885934477e-190,0.0,0.0,0.0,-0.005435296536327305,unicycle
3.1746848813089366,-3.7981667374781094,1.2104166666666665,0.0,0.0,-1.5866434007135037,0.4458294703249332,1.821930787426191e-190,0.0,0.0,0.0,-0.005395122350683887,unicycle
3.1745431132559756,-3.8070818673734994,1.2104166666666665,0.0,0.0,-1.5867504956389475,0.4458128511732859,1.4825915950215265e-190,0.0,0.0,0.0,-0.005354746272219412,unicycle
3.174400399368217,-3.815996650259544,1.2104166666666665,0.0,0.0,-1.5868567790563293,0.44579625736964357,1.2055093542600234e-190,0.0,0.0,0.0,-0.005314170869079335,unicycle
3.1742567469709626,-3.82491108607947,1.2104166666666665,0.0,0.0,-1.5869622470274622,0.4457796599007663,9.794139156293338e-191,0.0,0.0,0.0,-0.005273398556623998,unicycle
3.174112163430182,-3.8338251743736422,1.2104166666666665,0.0,0.0,-1.5870668956601437,0.44576303847757875,7.950505781952268e-191,0.0,0.0,0.0,-0.005232431634096445,unicycle
3.173966656150094,-3.842738914413067,1.2104166666666665,0.0,0.0,-1.5871707211064134,0.44574637948721046,6.448237527611353e-191,0.0,0.0,0.0,-0.005191272313491646,unicycle
3.173820232571216,-3.8516523053008003,1.2104166666666665,0.0,0.0,-1.5872737195612574,0.44572967438862243,5.225029429883341e-191,0.0,0.0,0.0,-0.0051499227421952475,unicycle
3.173672900168787,-3.8605653460483276,1.2104166666666665,0.0,0.0,-1.5873758872616706,0.44571291846043715,4.2298026156981847e-191,0.0,0.0,0.0,-0.005108385020657103,unicycle
3.1735246664514745,-3.8694780356324707,1.2104166666666665,0.0,0.0,-1.5874772204859926,0.44569610982776203,3.42070544563921e-191,0.0,0.0,0.0,-0.005066661216118613,unicycle
3.173375538960312,-3.8783903730372487,1.2104166666666665,0.0,0.0,-1.5875777155534565,0.4456792487094529,2.763466603871147e-191,0.0,0.0,0.0,-0.005024753373212917,unicycle
3.173225525267815,-3.8873023572841525,1.2104166666666665,0.0,0.0,-1.5876773688238985,0.44566233683906475,2.230038830846685e-191,0.0,0.0,0.0,-0.004982663522094977,unicycle
3.173074632977233,-3.8962139874535735,1.2104166666666665,0.0,0.0,-1.5877761766975909,0.44564537702223095,1.7974825602868903e-191,0.0,0.0,0.0,-0.004940393684627363,unicycle
3.172922869721905,-3.905125262699511,1.2104166666666665,0.0,0.0,-1.587874135615172,0.44562837280083517,1.4470474857573493e-191,0.0,0.0,0.0,-0.0048979458790415955,unicycle
3.1727702431646962,-3.914036182259234,1.2104166666666665,0.0,0.0,-1.5879712420576402,0.44561132820045896,1.1634173483133923e-191,0.0,0.0,0.0,-0.004855322123409397,unicycle
3.1726167609974976,-3.9229467454591793,1.2104166666666665,0.0,0.0,-1.5880674925464036,0.445594247542482,9.340892583260119e-192,0.0,0.0,0.0,-0.00481252443818943,unicycle
3.172462430940765,-3.9318569517180952,1.2104166666666665,0.0,0.0,-1.588162883643365,0.44557713530613213,7.488638525797199e-192,0.0,0.0,0.0,-0.0047695548480597965,unicycle
3.1723072607430995,-3.9407668005481895,1.2104166666666665,0.0,0.0,-1.5882574119510289,0.4455599960289042,5.994267175862045e-192,0.0,0.0,0.0,-0.004726415383202228,unicycle
3.172151258180842,-3.949676291554876,1.2104166666666665,0.0,0.0,-1.588351074112632,0.44554283423626,4.790049278383248e-192,0.0,0.0,0.0,-0.004683108080168473,unicycle
3.1719944310576937,-3.958585424435554,1.2104166666666665,0.0,0.0,-1.5884438668122811,0.44552565439349934,3.820853749078881e-192,0.0,0.0,0.0,-0.004639634982431069,unicycle
3.17183678720434,-3.9674941989777577,1.2104166666666665,0.0,0.0,-1.5885357867750947,0.4455084608742623,3.041839008431557e-192,0.0,0.0,0.0,-0.004595998140698217,unicycle
3.1716783344780874,-3.976402615056926,1.2104166666666665,0.0,0.0,-1.5886268307673561,0.4454912579413678,2.416561811469454e-192,0.0,0.0,0.0,-0.004552199613054539,unicycle
3.1715190807625033,-3.9853106726339633,1.2104166666666665,0.0,0.0,-1.5887169955966551,0.44547404973667093,1.915428983910211e-192,0.0,0.0,0.0,-0.0045082414649754,unicycle
3.171359033967054,-3.9942183717527318,1.2104166666666665,0.0,0.0,-1.5888062781120404,0.44545684027739735,1.5144306508684111e-192,0.0,0.0,0.0,-0.004464125769251326,unicycle
3.1711982020267473,-4.003125712537558,1.2104166666666665,0.0,0.0,-1.5888946752041575,0.44543963345701465,1.1941044177740752e-192,0.0,0.0,0.0,-0.004419854605850294,unicycle
3.171036592901773,-4.012032695190816,1.2104166666666665,0.0,0.0,-1.588982183805392,0.4454224330491768,9.386889324032253e-193,0.0,0.0,0.0,-0.0043754300617387856,unicycle
3.1708742145771422,-4.020939319990637,1.2104166666666665,0.0,0.0,-1.5890688008900054,0.4454052427136442,7.35432651908503e-193,0.0,0.0,0.0,-0.004330854230677193,unicycle
3.1707110750623224,-4.029845587288748,1.2104166666666665,0.0,0.0,-1.5891545234742654,0.4453880660033688,5.740297328251087e-193,0.0,0.0,0.0,-0.004286129213001021,unicycle
3.170547182390872,-4.038751497508472,1.2104166666666665,0.0,0.0,-1.589239348616573,0.44537090637215276,4.461599816143377e-193,0.0,0.0,0.0,-0.0042412571153961545,unicycle
3.1703825446200753,-4.047657051142879,1.2104166666666665,0.0,0.0,-1.5893232734175866,0.4453537671824583,3.4511393580860123e-193,0.0,0.0,0.0,-0.004196240050674008,unicycle
3.1702171698305674,-4.056562248753099,1.2104166666666665,0.0,0.0,-1.5894062950203374,0.4453366517130741,2.6548754630976936e-193,0.0,0.0,0.0,-0.004151080137550537,unicycle
3.170051066125965,-4.065467090966763,1.2104166666666665,0.0,0.0,-1.5894884106103462,0.445319563166442,2.029337281178585e-193,0.0,0.0,0.0,-0.004105779500431719,unicycle
3.1698842416324897,-4.074371578476603,1.2104166666666665,0.0,0.0,-1.58956961741573,0.4453025046755167,1.5396034574930288e-193,0.0,0.0,0.0,-0.0040603402692070655,unicycle
3.1697167044985903,-4.083275712039164,1.2104166666666665,0.0,0.0,-1.589649912707311,0.44528547931008894,1.1576608844480643e-193,0.0,0.0,0.0,-0.004014764579051971,unicycle
3.1695484628945656,-4.09217949247363,1.2104166666666665,0.0,0.0,-1.589729293798716,0.44526849008253777,8.610724131515258e-194,0.0,0.0,0.0,-0.003969054570239188,unicycle
3.169379524982772,-4.10108292221473,1.2104166666666665,0.0,0.0,-1.589807758029487,0.4452516176652898,6.318963155359993e-194,0.0,0.0,0.0,-0.003923211538543091,unicycle
3.1692098989305495,-4.1099860045939005,1.2104166666666665,0.0,0.0,-1.5898853027731688,0.44523490678410366,4.5581073034698326e-194,0.0,0.0,0.0,-0.0038772371840882338,unicycle
3.1690395929421937,-4.118888742133735,1.2104166666666665,0.0,0.0,-1.5899619254561128,0.44521831687286545,3.214048866284624e-194,0.0,0.0,0.0,-0.0038311341471893154,unicycle
3.1688686152544094,-4.127791136774476,1.2104166666666665,0.0,0.0,-1.5900376235549938,0.4452018186931719,2.1960591231173787e-194,0.0,0.0,0.0,-0.0037849049440572408,unicycle
3.1686969741326947,-4.136693190048343,1.2104166666666665,0.0,0.0,-1.590112394594916,0.44518539172556626,1.4321577904977553e-194,0.0,0.0,0.0,-0.003738551996115216,unicycle
3.168524677868464,-4.145594903212845,1.2104166666666665,0.0,0.0,-1.5901862361479782,0.44516902211898596,8.653763485180727e-195,0.0,0.0,0.0,-0.0036920776531129966,unicycle
3.1683517347767554,-4.1544962773519885,1.2104166666666665,0.0,0.0,-1.5902591458322033,0.4451527010843743,4.50746204643518e-195,0.0,0.0,0.0,-0.0036454842112712414,unicycle
3.168178153194391,-4.163397313452398,1.2104166666666665,0.0,0.0,-1.5903311213107523,0.4451364236409548,1.5287407744111977e-195,0.0,0.0,0.0,-0.0035987739274545715,unicycle
3.168003941478505,-4.172298012459962,1.2104166666666665,0.0,0.0,-1.5904021602913563,0.4451201876418637,-5.600734952249464e-196,0.0,0.0,0.0,-0.003551949030180853,unicycle
3.167829108005341,-4.181198375321403,1.2104166666666665,0.0,0.0,-1.5904722605259185,0.4451039930205122,-1.9760450052611516e-195,0.0,0.0,0.0,-0.0035050117281182546,unicycle
3.167653661169272,-4.19009840301426,1.2104166666666665,0.0,0.0,-1.5905414198102503,0.445087841210864,-2.888176118337676e-195,0.0,0.0,0.0,-0.0034579642165945084,unicycle
3.1674776093819865,-4.198998096568004,1.2104166666666665,0.0,0.0,-1.590609635983901,0.4450717347043219,-3.427450382858567e-195,0.0,0.0,0.0,-0.0034108086825393813,unicycle
3.1673009610718044,-4.207897457078435,1.2104166666666665,0.0,0.0,-1.5906769069300652,0.4450556767135495,-3.6948578344459754e-195,0.0,0.0,0.0,-0.003363547308197457,unicycle
3.167123724683083,-4.216796485717021,1.2104166666666665,0.0,0.0,-1.5907432305755425,0.4450396709196793,-3.767796356239844e-195,0.0,0.0,0.0,-0.003316182273880316,unicycle
3.1669459086757032,-4.225695183736484,1.2104166666666665,0.0,0.0,-1.5908086048907422,0.44502372128426126,-3.7051677772866865e-195,0.0,0.0,0.0,-0.0032687157599723305,unicycle
3.166767521524607,-4.234593552473609,1.2104166666666665,0.0,0.0,-1.5908730278897094,0.4450078319112291,-3.5514263184418436e-195,0.0,0.0,0.0,-0.00322114994835993,unicycle
3.166588571719375,-4.243491593350083,1.2104166666666665,0.0,0.0,-1.5909364976301774,0.4449920069472888,-3.3397874048987547e-195,0.0,0.0,0.0,-0.0031734870234185917,unicycle
3.1664090677638295,-4.252389307871908,1.2104166666666665,0.0,0.0,-1.5909990122136304,0.44497625051162887,-3.094764630693077e-195,0.0,0.0,0.0,-0.0031257291726632525,unicycle
3.166229018175666,-4.261286697627865,1.2104166666666665,0.0,0.0,-1.591060569785373,0.44496056664783323,-2.8341700474076794e-195,0.0,0.0,0.0,-0.0030778785871449976,unicycle
3.1660484314860855,-4.270183764287344,1.2104166666666665,0.0,0.0,-1.5911211685346063,0.44494495929245054,-2.570686538314735e-195,0.0,0.0,0.0,-0.0030299374616585915,unicycle
3.1658673162394484,-4.279080509597793,1.2104166666666665,0.0,0.0,-1.5911808066945023,0.44492943225591797,-2.3130996719322734e-195,0.0,0.0,0.0,-0.0029819079948110016,unicycle
3.165685680992923,-4.287976935381967,1.2104166666666665,0.0,0.0,-1.5912394825422822,0.4449139892125188,-2.0672591600897678e-195,0.0,0.0,0.0,-0.0029337923889895113,unicycle
3.1655035343161426,-4.296873043535102,1.2104166666666665,0.0,0.0,-1.5912971943992875,0.44489863369682725,-1.836826104130309e-195,0.0,0.0,0.0,-0.0028855928502589485,unicycle
3.165320884790861,-4.305768836022118,1.2104166666666665,0.0,0.0,-1.5913539406310517,0.4448833691046994,-1.6238509705342203e-195,0.0,0.0,0.0,-0.0028373115882104954,unicycle
3.1651377410106076,-4.314664314874889,1.2104166666666665,0.0,0.0,-1.5914097196473673,0.4448681986973431,-1.4292181823816895e-195,0.0,0.0,0.0,-0.002788950815778942,unicycle
3.164954111580342,-4.3235594821896495,1.2104166666666665,0.0,0.0,-1.5914645299023482,0.4448531256073691,-1.252985929334656e-195,0.0,0.0,0.0,-0.0027405127490408325,unicycle
3.164770005116104,-4.332454340124529,1.2104166666666665,0.0,0.0,-1.5915183698944884,0.4448381528460105,-1.0946439476825892e-195,0.0,0.0,0.0,-0.002691999607002699,unicycle
3.1645854302446628,-4.3413488908972555,1.2104166666666665,0.0,0.0,-1.591571238166716,0.4448232833109192,-9.533073284317274e-196,0.0,0.0,0.0,-0.002643413611385938,unicycle
3.1644003956031646,-4.3502431367830106,1.2104166666666665,0.0,0.0,-1.5916231333064441,0.4448085197941155,-8.278606521674526e-196,0.0,0.0,0.0,-0.002594756986412851,unicycle
3.1642149098387757,-4.3591370801124425,1.2104166666666665,0.0,0.0,-1.5916740539456162,0.4447938649897969,-7.170637434179797e-196,0.0,0.0,0.0,-0.002546031958597028,unicycle
3.164028981608326,-4.368030723269829,1.2104166666666665,0.0,0.0,-1.591723998760747,0.44477932150180804,-6.196279377785185e-196,0.0,0.0,0.0,-0.002497240756539987,unicycle
3.1638426195779448,-4.376924068691378,1.2104166666666665,0.0,0.0,-1.5917729664729616,0.4447648918506465,-5.342698433508344e-196,0.0,0.0,0.0,-0.0024483856107352145,unicycle
3.163655832422704,-4.385817118863661,1.2104166666666665,0.0,0.0,-1.5918209558480294,0.44475057847993194,-4.59748058066696e-196,0.0,0.0,0.0,-0.002399468753380171,unicycle
3.163468628826248,-4.39470987632216,1.2104166666666665,0.0,0.0,-1.5918679656963932,0.44473638376230673,-3.9488709860411126e-196,0.0,0.0,0.0,-0.002350492418196368,unicycle
3.163281017447664,-4.403602345205567,1.2104166666666665,0.0,0.0,-1.5919139948614056,0.4447223878041419,-3.3859184226046144e-196,0.0,0.0,0.0,-0.002301458250630381,unicycle
3.163093006936103,-4.412494530535887,1.2104166666666665,0.0,0.0,-1.591959042224961,0.44470863471098776,-2.8985502985076425e-196,0.0,0.0,0.0,-0.00225236817776484,unicycle
3.1629046059664274,-4.421386436510777,1.2104166666666665,0.0,0.0,-1.5920031067205367,0.4446950831875113,-2.477597848264151e-196,0.0,0.0,0.0,-0.0022032247787643613,unicycle
3.162715823234122,-4.430278066730015,1.2104166666666665,0.0,0.0,-1.5920461873313883,0.4446817032662485,-2.114786386979042e-196,0.0,0.0,0.0,-0.0021540305425857783,unicycle
3.162526667451276,-4.439169424369757,1.2104166666666665,0.0,0.0,-1.5920882830891616,0.44466847369599466,-1.8027018927129124e-196,0.0,0.0,0.0,-0.0021047878886749235,unicycle
3.1623371473434068,-4.448060512315744,1.2104166666666665,0.0,0.0,-1.5921293930728282,0.44465537988903836,-1.5347423515036583e-196,0.0,0.0,0.0,-0.0020554991833253407,unicycle
3.1621472716469476,-4.456951333264358,1.2104166666666665,0.0,0.0,-1.5921695164078795,0.44464241231306717,-1.3050601058782713e-196,0.0,0.0,0.0,-0.0020061667525423203,unicycle
3.1619570491072597,-4.465841889798578,1.2104166666666665,0.0,0.0,-1.5922086522657213,0.4446295652361415,-1.1084997564380582e-196,0.0,0.0,0.0,-0.0019567928921013014,unicycle
3.161766488477045,-4.474732184444429,1.2104166666666665,0.0,0.0,-1.5922467998632288,0.4446168357513511,-9.405348700395179e-197,0.0,0.0,0.0,-0.001907379875362111,unicycle
3.1615755985150766,-4.483622219712362,1.2104166666666665,0.0,0.0,-1.5922839584624147,0.4446042230224567,-7.972057618445777e-197,0.0,0.0,0.0,-0.0018579299592950346,unicycle
3.1613843879851755,-4.492511998127016,1.2104166666666665,0.0,0.0,-1.5923201273701968,0.44459172770365357,-6.750598742545153e-197,0.0,0.0,0.0,-0.0018084453890878616,unicycle
3.1611928656553725,-4.501401522248122,1.2104166666666665,0.0,0.0,-1.5923553059382298,0.4445793514961032,-5.710957197162813e-197,0.0,0.0,0.0,-0.0017589284016319203,unicycle
3.1610010402972124,-4.510290794684674,1.2104166666666665,0.0,0.0,-1.5923894935627922,0.4445670968115293,-4.8271094409898986e-197,0.0,0.0,0.0,-0.0017093812281268254,unicycle
3.1608089206851675,-4.519179818104049,1.2104166666666665,0.0,0.0,-1.5924226896847125,0.4445549665192984,-4.076547692745298e-197,0.0,0.0,0.0,-0.0016598060959960948,unicycle
3.160616515596133,-4.528068595237361,1.2104166666666665,0.0,0.0,-1.5924548937893175,0.4445429637583205,-3.439848613611242e-197,0.0,0.0,0.0,-0.0016102052302670656,unicycle
3.160423833808981,-4.536957128882058,1.2104166666666665,0.0,0.0,-1.592486105406408,0.44453109179902633,-2.900285241686217e-197,0.0,0.0,0.0,-0.0015605808545371975,unicycle
3.1602308841041595,-4.545845421902523,1.2104166666666665,0.0,0.0,-1.5925163241102407,0.444519353943815,-2.4434801961564248e-197,0.0,0.0,0.0,-0.0015109351916235525,unicycle
3.1600376752633195,-4.55473347722928,1.2104166666666665,0.0,0.0,-1.5925455495195202,0.4445077534568588,-2.0570975575624632e-197,0.0,0.0,0.0,-0.0014612704639716517,unicycle
3.159844216068967,-4.563621297857235,1.2104166666666665,0.0,0.0,-1.5925737812973977,0.4444962935161389,-1.7305704887797473e-197,0.0,0.0,0.0,-0.0014115888938835805,unicycle
3.15965051530413,-4.572508886843293,1.2104166666666665,0.0,0.0,-1.5926010191514701,0.4444849771821584,-1.4548615146871677e-197,0.0,0.0,0.0,-0.0013618927036120154,unicycle
3.1594565817520324,-4.581396247303589,1.2104166666666665,0.0,0.0,-1.5926272628337774,0.4444738073790247,-1.222252370067921e-197,0.0,0.0,0.0,-0.0013121841153563686,unicycle
3.1592624241957736,-4.590283382410543,1.2104166666666665,0.0,0.0,-1.5926525121408013,0.44446278688457885,-1.0261604119085489e-197,0.0,0.0,0.0,-0.0012624653511889923,unicycle
3.1590680514180134,-4.599170295389819,1.2104166666666665,0.0,0.0,-1.5926767669134598,0.4444519183270201,-8.609787414909699e-198,0.0,0.0,0.0,-0.001212738632932688,unicycle
3.158873472200653,-4.608056989517332,1.2104166666666665,0.0,0.0,-1.5927000270371001,0.4444412041860827,-7.219373693809725e-198,0.0,0.0,0.0,-0.0011630061820056049,unicycle
3.158678695324519,-4.616943468116323,1.2104166666666665,0.0,0.0,-1.592722292441485,0.444430646797297,-6.049829649062343e-198,0.0,0.0,0.0,-0.0011132702192456195,unicycle
3.1584837295690438,-4.6258297345545705,1.2104166666666665,0.0,0.0,-1.5927435631007796,0.44442024835823424,-5.06674948226315e-198,0.0,0.0,0.0,-0.0010635329647230994,unicycle
3.1582885837119448,-4.634715792241744,1.2104166666666665,0.0,0.0,-1.5927638390335306,0.4444100109359227,-4.2409589863359146e-198,0.0,0.0,0.0,-0.0010137966375484398,unicycle
3.1580932665288977,-4.6436016446269175,1.2104166666666665,0.0,0.0,-1.5927831203026441,0.44439993647484166,-3.5477446114879795e-198,0.0,0.0,0.0,-0.0009640634556790186,unicycle
3.157897786793212,-4.6524872951962495,1.2104166666666665,0.0,0.0,-1.5928014070153584,0.4443900268050703,-2.9661913078962903e-198,0.0,0.0,0.0,-0.0009143356357286999,unicycle
3.157702153275501,-4.661372747470818,1.2104166666666665,0.0,0.0,-1.5928186993232145,0.444380283650296,-2.4786147768566517e-198,0.0,0.0,0.0,-0.0008646153927817652,unicycle
3.1575063747433503,-4.670258005004613,1.2104166666666665,0.0,0.0,-1.5928349974220188,0.44437070863548445,-2.07007545238855e-198,0.0,0.0,0.0,-0.000814904940212808,unicycle
3.157310459960981,-4.6791430713826765,1.2104166666666665,0.0,0.0,-1.5928503015518092,0.44436130329408524,-1.727963073709461e-198,0.0,0.0,0.0,-0.0007652064895131646,unicycle
3.157114417688918,-4.688027950219364,1.2104166666666665,0.0,0.0,-1.5928646119968117,0.4443520690747023,-1.4416420972695607e-198,0.0,0.0,0.0,-0.00071552225012409,unicycle
3.156918256683647,-4.696912645156736,1.2104166666666665,0.0,0.0,-1.5928779290853972,0.44434300734719495,-1.2021494408210733e-198,0.0,0.0,0.0,-0.0006658544292766171,unicycle
3.1567219856629123,-4.7057971614198495,1.2104166666666665,0.0,0.0,-1.5928902531838807,0.44433419726625395,-1.0019371594825056e-198,0.0,0.0,0.0,-0.0006162049241904707,unicycle
3.156525613321241,-4.714681505096161,1.2104166666666665,0.0,0.0,-1.5929015846994838,0.44432568195027883,-8.346536346438551e-199,0.0,0.0,0.0,-0.000566575780175731,unicycle
3.1563291483673352,-4.723565681426457,1.2104166666666665,0.0,0.0,-1.5929119240871201,0.4443174190447318,-6.949577212811733e-199,0.0,0.0,0.0,-0.0005169693818131298,unicycle
3.1561325995187097,-4.732449695031368,1.2104166666666665,0.0,0.0,-1.5929212718483354,0.44430937752516153,-5.783610584394026e-199,0.0,0.0,0.0,-0.000467388060764005,unicycle
3.1559359754974774,-4.741333550085617,1.2104166666666665,0.0,0.0,-1.5929296285304768,0.4443015350837017,-4.81094411748894e-199,0.0,0.0,0.0,-0.0004178341070558993,unicycle
3.155739285027038,-4.750217250451203,1.2104166666666665,0.0,0.0,-1.592936994726038,0.4442938760748447,-3.999944958725821e-199,0.0,0.0,0.0,-0.00036830977805876795,unicycle
3.1555425368294743,-4.759100799778406,1.2104166666666665,0.0,0.0,-1.5929433710721494,0.4442863899062367,-3.324082281464295e-199,0.0,0.0,0.0,-0.00031881730557579665,unicycle
3.155345739623501,-4.767984201581678,1.2104166666666665,0.0,0.0,-1.5929487582501771,0.4442790697828223,-2.761118010914832e-199,0.0,0.0,0.0,-0.00026935890140154323,unicycle
3.155148902122851,-4.77686745929602,1.2104166666666665,0.0,0.0,-1.5929531569854098,0.44427191173089836,-2.292423389218601e-199,0.0,0.0,0.0,-0.00021993676164209052,unicycle
3.154952033034989,-4.785750576318273,1.2104166666666665,0.0,0.0,-1.592956568046811,0.44426491384333455,-1.9024022888595201e-199,0.0,0.0,0.0,-0.0001705530700407985,unicycle
3.154755141060089,-4.794633556036797,1.2104166666666665,0.0,0.0,-1.5929589922468212,0.44425807569905884,-1.578004987686327e-199,0.0,0.0,0.0,-0.00012121000050884388,unicycle
3.154558234890206,-4.803516401852278,1.2104166666666665,0.0,0.0,-1.5929604304412022,0.4442513979194273,-1.3083185296798123e-199,0.0,0.0,0.0,-7.19097190242636e-05,unicycle
3.154361323208598,-4.812399117191808,1.2104166666666665,0.0,0.0,-1.5929608835289026,0.44424488183174654,-1.0842218640957178e-199,0.0,0.0,0.0,-2.2654385032483155e-05,unicycle
3.154164414689161,-4.821281705517915,1.2104166666666665,0.0,0.0,-1.5929603524519516,0.4442385292163528,-8.980957274351254e-200,0.0,0.0,0.0,2.6553847543796333e-05,unicycle
3.153967517995954,-4.830164170333823,1.2104166666666665,0.0,0.0,-1.5929588381953592,0.4442323421185656,-7.435787480493148e-200,0.0,0.0,0.0,7.57128295986407e-05,unicycle
3.1537706417827773,-4.83904651518596,1.2104166666666665,0.0,0.0,-1.5929563417870323,0.44422632271076035,-6.153625473219127e-200,0.0,0.0,0.0,0.00012482041637145488,unicycle
3.153573794692804,-4.847928743664478,1.2104166666666665,0.0,0.0,-1.5929528642976893,0.4442204731929453,-5.0901971507806244e-200,0.0,0.0,0.0,0.0001738744671545675,unicycle
3.1533769853582374,-4.856810859402369,1.2104166666666665,0.0,0.0,-1.5929484068407866,0.44421479572271916,-4.208594769611715e-200,0.0,0.0,0.0,0.0002228728451360157,unicycle
3.1531802223999965,-4.865692866073629,1.2104166666666665,0.0,0.0,-1.5929429705724398,0.4442092923674795,-3.478066712756569e-200,0.0,0.0,0.0,0.0002718134173430943,unicycle
3.1529835144274116,-4.874574767390802,1.2104166666666665,0.0,0.0,-1.5929365566913463,0.4442039650733214,-2.873003323848203e-200,0.0,0.0,0.0,0.0003206940546596561,unicycle
3.1527868700379322,-4.883456567102143,1.2104166666666665,0.0,0.0,-1.5929291664387084,0.44419881564631636,-2.372087546012894e-200,0.0,0.0,0.0,0.0003695126318962674,unicycle
3.1525902978168365,-4.892338268988593,1.2104166666666665,0.0,0.0,-1.5929208010981506,0.444193845742845,-1.9575839963698694e-200,0.0,0.0,0.0,0.00041826702789729244,unicycle
3.1523938063369483,-4.901219876860691,1.2104166666666665,0.0,0.0,-1.5929114619956368,0.44418905686642984,-1.6147442501782598e-200,0.0,0.0,0.0,0.00046695512567263166,unicycle
3.152197404158352,-4.910101394555513,1.2104166666666665,0.0,0.0,-1.592901150499386,0.4441844503691242,-1.3313096151851047e-200,0.0,0.0,0.0,0.000515574812544892,unicycle
3.1520010998281025,-4.918982825933698,1.2104166666666665,0.0,0.0,-1.5928898680197796,0.4441800274559869,-1.097095641549265e-200,0.0,0.0,0.0,0.0005641239803053464,unicycle
3.15180490187994,-4.927864174876608,1.2104166666666665,0.0,0.0,-1.5928776160092724,0.4441757891915421,-9.036451173501197e-201,0.0,0.0,0.0,0.0006126005253737092,unicycle
3.151608818833998,-4.936745445283636,1.2104166666666665,0.0,0.0,-1.5928643959622928,0.4441717365074106,-7.439384137931572e-201,0.0,0.0,0.0,0.0006610023489581525,unicycle
3.1514128591965087,-4.9456266410696825,1.2104166666666665,0.0,0.0,-1.5928502094151487,0.4441678702105193,-6.1215182725102115e-201,0.0,0.0,0.0,0.0007093273572132436,unicycle
3.151217031459507,-4.954507766162798,1.2104166666666665,0.0,0.0,-1.592835057945921,0.44416419099146454,-5.0345606790696455e-201,0.0,0.0,0.0,0.0007575734613941978,unicycle
3.15102134410053,-4.963388824501986,1.2104166666666665,0.0,0.0,-1.5928189431743607,0.4441606994327348,-4.138483101424579e-201,0.0,0.0,0.0,0.0008057385780064415,unicycle
3.1508258055823175,-4.972269820035172,1.2104166666666665,0.0,0.0,-1.5928018667617816,0.44415739601659365,-3.400122846185233e-201,0.0,0.0,0.0,0.0008538206289500655,unicycle
3.150630424352505,-4.981150756717315,1.2104166666666665,0.0,0.0,-1.5927838304109485,0.44415428113249844,-2.792017874015627e-201,0.0,0.0,0.0,0.0009018175416588891,unicycle
3.1504352088433176,-4.990031638508657,1.2104166666666665,0.0,0.0,-1.5927648358659636,0.44415135508398135,-2.2914373391714264e-201,0.0,0.0,0.0,0.00094972724923423,unicycle
3.1502401674712615,-4.998912469373099,1.2104166666666665,0.0,0.0,-1.5927448849121522,0.44414861809496103,-1.8795751738805633e-201,0.0,0.0,0.0,0.0009975476905735759,unicycle
3.1500453086026483,-5.0077932548339215,1.2104166666666665,0.0,0.0,-1.5927239793755659,0.4441461481953369,-1.5408796170085311e-201,0.0,0.0,0.0,0.0010452768293246245,unicycle
3.1498506405691873,-5.016674001252963,1.2104166666666665,0.0,0.0,-1.5927021211232053,0.4441439873670577,-1.262496034001449e-201,0.0,0.0,0.0,0.0010929126180363772,unicycle
3.1496561717051614,-5.025554714121054,1.2104166666666665,0.0,0.0,-1.5926793120633984,0.44414209209437544,-1.033804103000248e-201,0.0,0.0,0.0,0.0011404529903570814,unicycle
3.1494619103420614,-5.034435398284606,1.2104166666666665,0.0,0.0,-1.5926555541455165,0.4441404301954707,-8.460335648468166e-202,0.0,0.0,0.0,0.0011878958940961235,unicycle
3.149267864804378,-5.043316058119936,1.2104166666666665,0.0,0.0,-1.5926308493597239,0.4441389782082802,-6.919453491384582e-202,0.0,0.0,0.0,0.0012352392896268262,unicycle
3.1490740434063156,-5.052196697666504,1.2104166666666665,0.0,0.0,-1.5926051997367534,0.44413771933576823,-5.655670760448551e-202,0.0,0.0,0.0,0.001282481148515701,unicycle
3.1488804544492157,-5.0610773207279625,1.2104166666666665,0.0,0.0,-1.592578607347706,0.44413664183636015,-4.619737629562117e-202,0.0,0.0,0.0,0.0013296194523829833,unicycle
3.148687106219545,-5.0699579309481075,1.2104166666666665,0.0,0.0,-1.5925510743038664,0.44413573776784127,-3.7710609399632043e-202,0.0,0.0,0.0,0.001376652191983288,unicycle
3.148494006987312,-5.078838531867291,1.2104166666666665,0.0,0.0,-1.5925226027565365,0.44413500201126066,-3.07619887646241e-202,0.0,0.0,0.0,0.001423577366486174,unicycle
3.1483011650048254,-5.087719126963756,1.2104166666666665,0.0,0.0,-1.5924931948968781,0.44413443151607956,-2.507614640700989e-202,0.0,0.0,0.0,0.0014703929829322413,unicycle
3.1481085885057056,-5.096599719683355,1.2104166666666665,0.0,0.0,-1.5924628529557612,0.4441340247196477,-2.042645035635271e-202,0.0,0.0,0.0,0.0015170970558391682,unicycle
3.1479162857040985,-5.105480313460408,1.2104166666666665,0.0,0.0,-1.5924315792036228,0.44413378110361323,-1.6626472969552003e-202,0.0,0.0,0.0,0.0015636876069327831,unicycle
3.1477242647940322,-5.114360911731821,1.2104166666666665,0.0,0.0,-1.592399375950323,0.44413370085752585,-1.3522936938155794e-202,0.0,0.0,0.0,0.0016101626649802526,unicycle
3.147532533948894,-5.123241517946168,1.2104166666666665,0.0,0.0,-1.592366245545009,0.44413378462602676,-1.0989885759770274e-202,0.0,0.0,0.0,0.001656520265704967,unicycle
3.1473411013209858,-5.132122135568997,1.2104166666666665,0.0,0.0,-1.592332190375974,0.4441340333209376,-8.923868372298514e-203,0.0,0.0,0.0,0.0017027584517653788,unicycle
3.1471499750411414,-5.141002768085397,1.2104166666666665,0.0,0.0,-1.5922972128705182,0.4441344479834873,-7.239963381899908e-203,0.0,0.0,0.0,0.0017488752727827543,unicycle
3.1469591632183906,-5.14988341900057,1.2104166666666665,0.0,0.0,-1.59226131549481,0.4441350296850556,-5.868498043866697e-203,0.0,0.0,0.0,0.0017948687854053298,unicycle
3.146768673939653,-5.1587640918390125,1.2104166666666665,0.0,0.0,-1.5922245007537423,0.44413577945730853,-4.752341876998103e-203,0.0,0.0,0.0,0.0018407370533987087,unicycle
3.146578515269454,-5.16764479014274,1.2104166666666665,0.0,0.0,-1.5921867711907876,0.44413669824459073,-3.844675340020691e-203,0.0,0.0,0.0,0.00188647814775431,unicycle
3.1463886952496556,-5.176525517468902,1.2104166666666665,0.0,0.0,-1.5921481293878512,0.4441377868730138,-3.107151069641266e-203,0.0,0.0,0.0,0.0019320901468094136,unicycle
3.146199221899193,-5.18540627738702,1.2104166666666665,0.0,0.0,-1.5921085779651238,0.44413904603192744,-2.508379355605745e-203,0.0,0.0,0.0,0.0019775711363738697,unicycle
3.1460101032138206,-5.194287073476033,1.2104166666666665,0.0,0.0,-1.5920681195809268,0.4441404762644461,-2.0226812942161692e-203,0.0,0.0,0.0,0.0020229192098597244,unicycle
3.1458213471658576,-5.203167909321299,1.2104166666666665,0.0,0.0,-1.5920267569315585,0.4441420779644767,-1.629062823211996e-203,0.0,0.0,0.0,0.002068132468410987,unicycle
3.1456329617039334,-5.2120487885116065,1.2104166666666665,0.0,0.0,-1.5919844927511377,0.4441438513783022,-1.3103709355361948e-203,0.0,0.0,0.0,0.002113209021031584,unicycle
3.1454449547527314,-5.220929714636303,1.2104166666666665,0.0,0.0,-1.5919413298114438,0.44414579660925013,-1.0526000788068307e-203,0.0,0.0,0.0,0.0021581469847101794,unicycle
3.145257334212734,-5.2298106912825375,1.2104166666666665,0.0,0.0,-1.5918972709217527,0.4441479136243455,-8.443223058198355e-204,0.0,0.0,0.0,0.002202944484541025,unicycle
3.1450701079599597,-5.2386917220326685,1.2104166666666665,0.0,0.0,-1.591852318928676,0.4441502022621333,-6.762193443840423e-204,0.0,0.0,0.0,0.0022475996538403814,unicycle
3.1448832838457035,-5.247572810461845,1.2104166666666665,0.0,0.0,-1.591806476715991,0.4441526622410781,-5.406985647381488e-204,0.0,0.0,0.0,0.0022921106342583234,unicycle
3.14469686969627,-5.256453960135746,1.2104166666666665,0.0,0.0,-1.591759747204473,0.44415529316811564,-4.3157797489335976e-204,0.0,0.0,0.0,0.002336475575885927,unicycle
3.144510873312703,-5.2653351746085,1.2104166666666665,0.0,0.0,-1.591712133351726,0.4441580945470618,-3.4382798086950745e-204,0.0,0.0,0.0,0.0023806926373580034,unicycle
3.144325302470519,-5.274216457420762,1.2104166666666665,0.0,0.0,-1.591663638152007,0.4441610657866802,-2.7335980334054886e-204,0.0,0.0,0.0,0.0024247599859516245,unicycle
3.1441401649194316,-5.283097812097937,1.2104166666666665,0.0,0.0,-1.5916142646360534,0.44416420620828323,-2.1685222225355373e-204,0.0,0.0,0.0,0.002468675797680741,unicycle
3.1439554683830755,-5.291979242148561,1.2104166666666665,0.0,0.0,-1.5915640158709057,0.44416751505279484,-1.716097909406025e-204,0.0,0.0,0.0,0.0025124382573872214,unicycle
3.1437712205587323,-5.300860751062791,1.2104166666666665,0.0,0.0,-1.591512894959729,0.44417099148724054,-1.3544687455392524e-204,0.0,0.0,0.0,0.0025560455588286503,unicycle
3.1435874290848083,-5.309742343867979,1.2104166666666665,0.0,0.0,-1.591460905046862,0.44417471247479745,-1.0659286865514094e-204,0.0,0.0,0.0,0.00259949564333979,unicycle
3.1434041015556935,-5.318624026408098,1.2104166666666665,0.0,0.0,-1.5914080493153788,0.4441787189429882,-8.361477923637607e-205,0.0,0.0,0.0,0.0026427865741498868,unicycle
3.1432212455568282,-5.327505803634586,1.2104166666666665,0.0,0.0,-1.5913543309812535,0.4441829663445922,-6.535402580487759e-205,0.0,0.0,0.0,0.002685916706299749,unicycle
3.14303886865959,-5.33638767983306,1.2104166666666665,0.0,0.0,-1.5912997532938389,0.44418742147106843,-5.087488965464694e-205,0.0,0.0,0.0,0.0027288843707133446,unicycle
3.142856978417301,-5.345269658797747,1.2104166666666665,0.0,0.0,-1.5912443195361978,0.44419205983894644,-3.9422490968529803e-205,0.0,0.0,0.0,0.002771687882049325,unicycle
3.142675582362114,-5.354151743964858,1.2104166666666665,0.0,0.0,-1.5911880330253025,0.44419686363555855,-3.0388558229763016e-205,0.0,0.0,0.0,0.0028143255447528716,unicycle
3.142494688002587,-5.363033938513773,1.2104166666666665,0.0,0.0,-1.5911308971121478,0.44420182010985804,-2.3283565873172964e-205,0.0,0.0,0.0,0.0028567956577266345,unicycle
3.1423143028217897,-5.371916245443131,1.2104166666666665,0.0,0.0,-1.5910729151817893,0.44420692031664827,-1.7714072996179972e-205,0.0,0.0,0.0,0.002899096517941696,unicycle
3.142134434275832,-5.380798667627393,1.2104166666666665,0.0,0.0,-1.591014090653325,0.44421215814077436,-1.3364307049264696e-205,0.0,0.0,0.0,0.002941226423234366,unicycle
3.141955089792705,-5.389681207858324,1.2104166666666665,0.0,0.0,-1.590954426979835,0.44421752954252963,-9.981209805502492e-206,0.0,0.0,0.0,0.0029831836744770826,unicycle
3.141776276771371,-5.398563868874877,1.2104166666666665,0.0,0.0,-1.5908939276482896,0.4442230319773662,-7.362305232821471e-206,0.0,0.0,0.0,0.0030249665772676764,unicycle
3.1415980025810413,-5.407446653384204,1.2104166666666665,0.0,0.0,-1.5908325961794245,0.44422866395252203,-5.345865659958197e-206,0.0,0.0,0.0,0.003066573443247502,unicycle
3.1414202745605966,-5.416329564075947,1.2104166666666665,0.0,0.0,-1.5907704361276023,0.44423442469082747,-3.8029483736985264e-206,0.0,0.0,0.0,0.0031080025911331827,unicycle
3.141243100018108,-5.425212603631482,1.2104166666666665,0.0,0.0,-1.5907074510806514,0.4442403138780879,-2.630953250679432e-206,0.0,0.0,0.0,0.003149252347526993,unicycle
3.1410664862304425,-5.4340957747294025,1.2104166666666665,0.0,0.0,-1.5906436446597003,0.44424633147535597,-1.7484162936053202e-206,0.0,0.0,0.0,0.003190321047555839,unicycle
3.140890440442925,-5.4429790800482625,1.2104166666666665,0.0,0.0,-1.5905790205189927,0.4442524775813354,-1.0908065475693878e-206,0.0,0.0,0.0,0.003231207035377257,unicycle
3.1407149698690406,-5.451862522267325,1.2104166666666665,0.0,0.0,-1.590513582345701,0.4442587523332939,-6.07136906991017e-207,0.0,0.0,0.0,0.0032719086645820734,unicycle
3.1405400816901654,-5.460746104065929,1.2104166666666665,0.0,0.0,-1.5904473338597305,0.44426515583736453,-2.572345069992811e-207,0.0,0.0,0.0,0.0033124242985166016,unicycle
3.1403657830553207,-5.469629828121904,1.2104166666666665,0.0,0.0,-1.59038027881352,0.4442716881210973,-9.545139085670928e-209,0.0,0.0,0.0,0.00335275231054206,unicycle
3.140192081080937,-5.478513697109364,1.2104166666666665,0.0,0.0,-1.5903124209918347,0.4442783491027035,1.6063039802493583e-207,0.0,0.0,0.0,0.003392891084244944,unicycle
3.1400189828506275,-5.48739771369615,1.2104166666666665,0.0,0.0,-1.5902437642115625,0.4442851385726788,2.725509500281554e-207,0.0,0.0,0.0,0.0034328390136090475,unicycle
3.1398464954149663,-5.496281880541063,1.2104166666666665,0.0,0.0,-1.5901743123214997,0.44429205618447826,3.411679832413218e-207,0.0,0.0,0.0,0.0034725945031574717,unicycle
3.1396746257912693,-5.505166200291066,1.2104166666666665,0.0,0.0,-1.5901040692021384,0.4442991014516882,3.780314836233172e-207,0.0,0.0,0.0,0.003512155968071136,unicycle
3.1395033809633714,-5.5140506755785035,1.2104166666666665,0.0,0.0,-1.5900330387654524,0.4443062737497522,3.920130171749906e-207,0.0,0.0,0.0,0.003551521834288884,unicycle
3.139332767881407,-5.522935309018422,1.2104166666666665,0.0,0.0,-1.5899612249546804,0.44431357232077767,3.898817618245511e-207,0.0,0.0,0.0,0.0035906905385932352,unicycle
3.139162793461587,-5.531820103206029,1.2104166666666665,0.0,0.0,-1.589888631744107,0.44432099628032445,3.767624691011305e-207,0.0,0.0,0.0,0.0036296605286849203,unicycle
3.138993464585972,-5.5407050607143145,1.2104166666666665,0.0,0.0,-1.5898152631388422,0.44432854462536076,3.564987483960125e-207,0.0,0.0,0.0,0.0036684302632487014,unicycle
3.138824788102247,-5.549590184091829,1.2104166666666665,0.0,0.0,-1.589741123174602,0.44433621624279257,3.3194054978733126e-207,0.0,0.0,0.0,0.0037069982120124505,unicycle
3.1386567708234874,-5.558475475860655,1.2104166666666665,0.0,0.0,-1.589666215917486,0.4443440099181433,3.051710589229956e-207,0.0,0.0,0.0,0.0037453628558010398,unicycle
3.13848941952793,-5.567360938514536,1.2104166666666665,0.0,0.0,-1.5895905454637544,0.4443519243440877,2.7768525047735017e-207,0.0,0.0,0.0,0.0037835226865862532,unicycle
3.1383227409587358,-5.5762465745171745,1.2104166666666665,0.0,0.0,-1.589514115939604,0.4443599581286425,2.505299454752092e-207,0.0,0.0,0.0,0.0038214762075337184,unicycle
3.1381567418237557,-5.585132386300681,1.2104166666666665,0.0,0.0,-1.589436931500943,0.444368109802888,2.244132764045319e-207,0.0,0.0,0.0,0.0038592219330475914,unicycle
3.137991428795289,-5.594018376264174,1.2104166666666665,0.0,0.0,-1.5893589963331667,0.44437637782814854,1.9978989612445882e-207,0.0,0.0,0.0,0.003896758388813587,unicycle
3.137826808509848,-5.602904546772509,1.2104166666666665,0.0,0.0,-1.58928031465093,0.4443847606025989,1.7692700169623536e-207,0.0,0.0,0.0,0.003934084111840812,unicycle
3.1376628875391637,-5.611790901711211,1.2104166666666665,0.0,0.0,-1.5892008907082948,0.4443933342849121,1.5595522505719944e-207,0.0,0.0,0.0,0.003971197131757494,unicycle
3.1374996724035764,-5.6206774457665185,1.2104166666666665,0.0,0.0,-1.5891207287938518,0.44440213902982945,1.3690762223127443e-207,0.0,0.0,0.0,0.004008095722160657,unicycle
3.137337169603282,-5.6295641827174085,1.2104166666666665,0.0,0.0,-1.589039833219182,0.444411129579083,1.1974933354825735e-207,0.0,0.0,0.0,0.004044778733493955,unicycle
3.137175385613718,-5.638451115662416,1.2104166666666665,0.0,0.0,-1.5889582083200582,0.4444202720179349,1.0439995826748306e-207,0.0,0.0,0.0,0.0040812449561851,unicycle
3.137014326881968,-5.6473382471942255,1.2104166666666665,0.0,0.0,-1.5888758584573137,0.4444295411631349,9.075026301020223e-208,0.0,0.0,0.0,0.004117493137221581,unicycle
3.136853999823975,-5.656225579533209,1.2104166666666665,0.0,0.0,-1.5887927880174528,0.4444389185098925,7.867450416922827e-208,0.0,0.0,0.0,0.004153521993061593,unicycle
3.1366944108223715,-5.665113114628809,1.2104166666666665,0.0,0.0,-1.5887090014130594,0.44444839062367936,6.803937350554429e-208,0.0,0.0,0.0,0.004189330219677432,unicycle
3.1365355662247985,-5.674000854235827,1.2104166666666665,0.0,0.0,-1.588624503083052,0.44445794788524234,5.871036011550767e-208,0.0,0.0,0.0,0.004224916500356619,unicycle
3.1363774723426,-5.682888799971205,1.2104166666666665,0.0,0.0,-1.588539297492817,0.4444675835154231,5.055615006382787e-208,0.0,0.0,0.0,0.004260279511750934,unicycle
3.1362201354498076,-5.691776953355739,1.2104166666666665,0.0,0.0,-1.588453389134246,0.4444772928210692,4.345154850247224e-208,0.0,0.0,0.0,0.0042954179285575106,unicycle
3.1360635617823447,-5.700665315844187,1.2104166666666665,0.0,0.0,-1.5883667825257033,0.44448707261515386,3.727930099131449e-208,0.0,0.0,0.0,0.004330330427132906,unicycle
3.1359077575373973,-5.709553888846531,1.2104166666666665,0.0,0.0,-1.5882794822119375,0.44449692077373687,3.193110532377109e-208,0.0,0.0,0.0,0.004365015688275762,unicycle
3.1357527288729155,-5.718442673742508,1.2104166666666665,0.0,0.0,-1.5881914927639507,0.44450683590004514,2.7308037866222324e-208,0.0,0.0,0.0,0.004399472399362496,unicycle
3.135598481907208,-5.727331671891103,1.2104166666666665,0.0,0.0,-1.5881028187788313,0.44451681707208324,2.332056556488957e-208,0.0,0.0,0.0,0.004433699255980307,unicycle
3.1354450227186055,-5.736220884636293,1.2104166666666665,0.0,0.0,-1.5880134648795678,0.44452686365509697,1.9888273403015236e-208,0.0,0.0,0.0,0.0044676949631702705,unicycle
3.1352923573451785,-5.745110313310038,1.2104166666666665,0.0,0.0,-1.5879234357148404,0.4445369751641388,1.6939404834435473e-208,0.0,0.0,0.0,0.0045014582363686415,unicycle
3.135140491784489,-5.753999959233296,1.2104166666666665,0.0,0.0,-1.587832735958798,0.4445471511651206,1.4410287678696993e-208,0.0,0.0,0.0,0.0045349878021151546,unicycle
3.1349894319933695,-5.762889823715649,1.2104166666666665,0.0,0.0,-1.5877413703108263,0.4445573912052351,1.224469861998293e-208,0.0,0.0,0.0,0.004568282398581979,unicycle
3.1348391838877205,-5.771779908053981,1.2104166666666665,0.0,0.0,-1.587649343495307,0.44456769476561403,1.0393204595873464e-208,0.0,0.0,0.0,0.0046013407759651175,unicycle
3.134689753342319,-5.780670213530541,1.2104166666666665,0.0,0.0,-1.5875566602613718,0.44457806123066723,8.812508027320163e-209,0.0,0.0,0.0,0.0046341616967707725,unicycle
3.1345411461906325,-5.7895607414106465,1.2104166666666665,0.0,0.0,-1.5874633253826513,0.44458848986979044,7.46481426093258e-209,0.0,0.0,0.0,0.004666743936021933,unicycle
3.134393368224641,-5.7984514929402,1.2104166666666665,0.0,0.0,-1.5873693436570229,0.44459897982811686,6.317233160165452e-209,0.0,0.0,0.0,0.004699086281404738,unicycle
3.1342464251946573,-5.807342469343143,1.2104166666666665,0.0,0.0,-1.5872747199063555,0.4446095301237607,5.341222011660331e-209,0.0,0.0,0.0,0.0047311875333697975,unicycle
3.1341003228091475,-5.81623367181896,1.2104166666666665,0.0,0.0,-1.5871794589762513,0.44462013964960767,4.5120734267520245e-209,0.0,0.0,0.0,0.004763046505200114,unicycle
3.1339550667345555,-5.8251251015402685,1.2104166666666665,0.0,0.0,-1.5870835657357905,0.4446308071781825,3.808449416903532e-209,0.0,0.0,0.0,0.004794662023054595,unicycle
3.1338106625951205,-5.834016759650555,1.2104166666666665,0.0,0.0,-1.5869870450772705,0.4446415313684944,3.211961070983035e-209,0.0,0.0,0.0,0.0048260329259940124,unicycle
3.133667115972695,-5.842908647262063,1.2104166666666665,0.0,0.0,-1.5868899019159508,0.44465231077404593,2.706792078493773e-209,0.0,0.0,0.0,0.004857158065994637,unicycle
3.133524432406562,-5.851800765453862,1.2104166666666665,0.0,0.0,-1.5867921411897918,0.44466314385141253,2.2793635833984243e-209,0.0,0.0,0.0,0.004888036307953494,unicycle
3.1333826173932513,-5.860693115270081,1.2104166666666665,0.0,0.0,-1.5866937678591981,0.44467402896896946,1.9180374074689116e-209,0.0,0.0,0.0,0.004918666529688226,unicycle
3.1332416763863478,-5.869585697718328,1.2104166666666665,0.0,0.0,-1.5865947869067594,0.44468496441546984,1.6128544649155386e-209,0.0,0.0,0.0,0.004949047621933729,unicycle
3.133101614796309,-5.87847851376826,1.2104166666666665,0.0,0.0,-1.5864952033369923,0.44469594840827775,1.3553051361172058e-209,0.0,0.0,0.0,0.004979178488337198,unicycle
3.132962437990271,-5.887371564350317,1.2104166666666665,0.0,0.0,-1.5863950221760834,0.4447069791011293,1.1381284279245248e-209,0.0,0.0,0.0,0.005009058045452723,unicycle
3.132824151291863,-5.896264850354596,1.2104166666666665,0.0,0.0,-1.586294248471629,0.44471805459135005,9.551368837802215e-210,0.0,0.0,0.0,0.005038685222736256,unicycle
3.13268675998101,-5.905158372629867,1.2104166666666665,0.0,0.0,-1.586192887292378,0.4447291729264968,8.010643908266152e-210,0.0,0.0,0.0,0.00506805896254149,unicycle
3.132550269269821,-5.914052133537565,1.2104166666666665,0.0,0.0,-1.5860909437427901,0.4447404098630275,6.714342426240209e-210,0.0,0.0,0.0,0.0050971774793952835,unicycle
3.1324146843138765,-5.922946136232678,1.2104166666666665,0.0,0.0,-1.5859884229560497,0.4447518051966242,5.6244504011740316e-210,0.0,0.0,0.0,0.005126039337033691,unicycle
3.132280010238218,-5.931840382957385,1.2104166666666665,0.0,0.0,-1.5858853300776168,0.44476331339459324,4.708722394186037e-210,0.0,0.0,0.0,0.005154643921636102,unicycle
3.132146252133445,-5.940734875267985,1.2104166666666665,0.0,0.0,-1.585781670267065,0.44477490027197236,3.939833754606809e-210,0.0,0.0,0.0,0.005182990527599528,unicycle
3.1320134150526933,-5.949629614209641,1.2104166666666665,0.0,0.0,-1.585677448699431,0.4447865403816482,3.2946520074566734e-210,0.0,0.0,0.0,0.005211078381692495,unicycle
3.1318815040092973,-5.958524600450101,1.2104166666666665,0.0,0.0,-1.5855726705661923,0.44479821496302274,2.7536117520634405e-210,0.0,0.0,0.0,0.005238906661930453,unicycle
3.131750523974984,-5.967419834381279,1.2104166666666665,0.0,0.0,-1.5854673410759463,0.4448099103351427,2.300179249502525e-210,0.0,0.0,0.0,0.0052664745122946695,unicycle
3.1316204798784844,-5.976315316195779,1.2104166666666665,0.0,0.0,-1.5853614654548627,0.4448216166427501,1.9203945364358678e-210,0.0,0.0,0.0,0.005293781054181865,unicycle
3.1314913766044583,-5.985211045943915,1.2104166666666665,0.0,0.0,-1.5852550489469566,0.44483332688190863,1.602480405104015e-210,0.0,0.0,0.0,0.005320825395285684,unicycle
3.131363218992668,-5.994107023575675,1.2104166666666665,0.0,0.0,-1.585148096814227,0.4448450361465417,1.336508938310887e-210,0.0,0.0,0.0,0.005347606636463638,unicycle
3.131236011837334,-6.003003248971097,1.2104166666666665,0.0,0.0,-1.5850406143366864,0.4448567410490355,1.114117491981985e-210,0.0,0.0,0.0,0.0053741238770263645,unicycle
3.131109759886639,-6.011899721961788,1.2104166666666665,0.0,0.0,-1.5849326068123106,0.44486843927757064,9.282670859347296e-211,0.0,0.0,0.0,0.005400376218793607,unicycle
3.1309844678423304,-6.020796442345741,1.2104166666666665,0.0,0.0,-1.584824079556927,0.4448801292604853,7.73037106557469e-211,0.0,0.0,0.0,0.005426362769188203,unicycle
3.130860140359409,-6.029693409897104,1.2104166666666665,0.0,0.0,-1.5847150379040553,0.444891809914099,6.434510542165375e-211,0.0,0.0,0.0,0.005452082643581463,unicycle
3.1307367820458727,-6.038590624372198,1.2104166666666665,0.0,0.0,-1.5846054872047142,0.4449034804553335,5.353287943948181e-211,0.0,0.0,0.0,0.005477534967057626,unicycle
3.130614397462502,-6.047488085512794,1.2104166666666665,0.0,0.0,-1.5844954328271996,0.4449151402643943,4.451614054306957e-211,0.0,0.0,0.0,0.005502718875729043,unicycle
3.1304929911226824,-6.056385793047419,1.2104166666666665,0.0,0.0,-1.5843848801568454,0.44492678878590464,3.700052673178263e-211,0.0,0.0,0.0,0.005527633517705117,unicycle
3.1303725674922407,-6.065283746691263,1.2104166666666665,0.0,0.0,-1.584273834595769,0.4449384254593822,3.073925146934062e-211,0.0,0.0,0.0,0.0055522780537956545,unicycle
3.1302531309892996,-6.074181946145135,1.2104166666666665,0.0,0.0,-1.584162301562609,0.4449500496719326,2.552553914789836e-211,0.0,0.0,0.0,0.005576651658011561,unicycle
3.1301346859841455,-6.083080391093829,1.2104166666666665,0.0,0.0,-1.5840502864922505,0.4449616607276057,2.118624024609895e-211,0.0,0.0,0.0,0.005600753517911845,unicycle
3.130017236799096,-6.091979081204101,1.2104166666666665,0.0,0.0,-1.5839377948355537,0.4449732578291103,1.7576446545996373e-211,0.0,0.0,0.0,0.005624582834834975,unicycle
3.129900787708376,-6.10087801612247,1.2104166666666665,0.0,0.0,-1.5838248320590729,0.4449848400685612,1.4574953295370723e-211,0.0,0.0,0.0,0.005648138824044007,unicycle
3.1297853429379936,-6.109777195472974,1.2104166666666665,0.0,0.0,-1.5837114036447768,0.44499640642471006,1.2080437971235003e-211,0.0,0.0,0.0,0.005671420714808193,unicycle
3.129670906665618,-6.118676618854941,1.2104166666666665,0.0,0.0,-1.5835975150897679,0.4450079557647173,1.0008244815070387e-211,0.0,0.0,0.0,0.005694427750438484,unicycle
3.129557483020455,-6.127576285840877,1.2104166666666665,0.0,0.0,-1.583483171906002,0.4450194868489962,8.287681009286474e-212,0.0,0.0,0.0,0.005717159188290213,unicycle
3.1294450760831243,-6.136476195974477,1.2104166666666665,0.0,0.0,-1.583368379620007,0.4450309983380304,6.859744632721622e-212,0.0,0.0,0.0,0.00573961429974305,unicycle
3.1293336898855357,-6.145376348768803,1.2104166666666665,0.0,0.0,-1.5832531437726036,0.44504248880035036,5.675216707517412e-212,0.0,0.0,0.0,0.005761792370165848,unicycle
3.129223328410762,-6.154276743704635,1.2104166666666665,0.0,0.0,-1.5831374699186265,0.44505395672107906,4.693060024065075e-212,0.0,0.0,0.0,0.005783692698871986,unicycle
3.1291139955929146,-6.163177380228986,1.2104166666666665,0.0,0.0,-1.583021363626645,0.4450654005106216,3.879076260165571e-212,0.0,0.0,0.0,0.005805314599069448,unicycle
3.1290056953170176,-6.172078257753798,1.2104166666666665,0.0,0.0,-1.5829048304786888,0.44507681851320396,3.20478041632795e-212,0.0,0.0,0.0,0.005826657397808614,unicycle
3.1288984314188792,-6.1809793756548,1.2104166666666665,0.0,0.0,-1.5827878760699703,0.44508820901506424,2.646457962591521e-212,0.0,0.0,0.0,0.0058477204359299205,unicycle
3.128792207684965,-6.189880733270516,1.2104166666666665,0.0,0.0,-1.5826705060086104,0.4450995702521699,2.184375498492217e-212,0.0,0.0,0.0,0.005868503068012895,unicycle
3.128687027852271,-6.198782329901421,1.2104166666666665,0.0,0.0,-1.5825527259153633,0.4451109004173902,1.8021203089615875e-212,0.0,0.0,0.0,0.005889004662327523,unicycle
3.1285828956081985,-6.207684164809231,1.2104166666666665,0.0,0.0,-1.5824345414233478,0.4451221976670896,1.486048077224577e-212,0.0,0.0,0.0,0.005909224600788562,unicycle
3.1284798145723536,-6.216586238769883,1.2104166666666665,0.0,0.0,-1.58231595819612,0.44513353781128195,1.224821295967147e-212,0.0,0.0,0.0,0.005929161361392799,unicycle
3.1283777883052606,-6.225488553355298,1.2104166666666665,0.0,0.0,-1.582196981919017,0.4451449607441298,1.0090236899532579e-212,0.0,0.0,0.0,0.005948813855142628,unicycle
3.12827682032797,-6.234391109228702,1.2104166666666665,0.0,0.0,-1.5820776182788003,0.4451564211197196,8.308383036587289e-213,0.0,0.0,0.0,0.005968182010830948,unicycle
3.1281769141190527,-6.243293906371651,1.2104166666666665,0.0,0.0,-1.581957872966013,0.44516788494284937,6.837788819199156e-213,0.0,0.0,0.0,0.005987265639343676,unicycle
3.128078073112286,-6.2521969442588885,1.2104166666666665,0.0,0.0,-1.5818377516767348,0.4451793269613971,5.6246583597985795e-213,0.0,0.0,0.0,0.006006064463908476,unicycle
3.127980300694879,-6.26110022199223,1.2104166666666665,0.0,0.0,-1.5817172601138594,0.4451907286167459,4.6243948927377465e-213,0.0,0.0,0.0,0.006024578143774496,unicycle
3.127883600206121,-6.270003738402332,1.2104166666666665,0.0,0.0,-1.5815964039880055,0.4452020764382789,3.8000447733878626e-213,0.0,0.0,0.0,0.006042806292701878,unicycle
3.1277879749363424,-6.278907492125411,1.2104166666666665,0.0,0.0,-1.5814751890181384,0.44521336079048096,3.1210016878014804e-213,0.0,0.0,0.0,0.006060748493356221,unicycle
3.127693428126135,-6.287811481660488,1.2104166666666665,0.0,0.0,-1.5813536209319687,0.44522457489936895,2.5619280849325167e-213,0.0,0.0,0.0,0.006078404308477199,unicycle
3.127599962965752,-6.2967157054115805,1.2104166666666665,0.0,0.0,-1.5812317054661786,0.44523571409963536,2.1018578509852125e-213,0.0,0.0,0.0,0.006095773289510571,unicycle
3.1275075825946588,-6.305620161718312,1.2104166666666665,0.0,0.0,-1.5811094483665138,0.44524677525570094,1.7234501277762987e-213,0.0,0.0,0.0,0.006112854983249546,unicycle
3.127416290101188,-6.314524848877687,1.2104166666666665,0.0,0.0,-1.5809868553877753,0.44525775631937364,1.4123691116067936e-213,0.0,0.0,0.0,0.006129648936917431,unicycle
3.1273260885222807,-6.323429765159143,1.2104166666666665,0.0,0.0,-1.5808639322937346,0.44526865599444054,1.156768806179087e-213,0.0,0.0,0.0,0.006146154702032942,unicycle
3.127236980843281,-6.332334908814573,1.2104166666666665,0.0,0.0,-1.5807406848569878,0.4452794734846447,9.468651693814683e-214,0.0,0.0,0.0,0.0061623718373274745,unicycle
3.127148969997786,-6.341240278084603,1.2104166666666665,0.0,0.0,-1.5806171188587694,0.44529020830639987,7.745809963374757e-214,0.0,0.0,0.0,0.0061782999109265884,unicycle
3.1270620588675175,-6.350145871202115,1.2104166666666665,0.0,0.0,-1.5804932400887297,0.44530086015151843,6.332513102561107e-214,0.0,0.0,0.0,0.006193938501962561,unicycle
3.1269762502822225,-6.359051686393807,1.2104166666666665,0.0,0.0,-1.5803690543446949,0.44531142878835506,5.173790643962447e-214,0.0,0.0,0.0,0.006209287201748997,unicycle
3.126891547019591,-6.367957721880349,1.2104166666666665,0.0,0.0,-1.5802445674324026,0.4453219139922658,4.2243265693551495e-214,0.0,0.0,0.0,0.006224345614620077,unicycle
3.1268079518051834,-6.3768639758756045,1.2104166666666665,0.0,0.0,-1.5801197851652322,0.44533231549826113,3.446781796158285e-214,0.0,0.0,0.0,0.00623911335851458,unicycle
3.126725467312364,-6.385770446585228,1.2104166666666665,0.0,0.0,-1.579994713363925,0.4453426329703055,2.810405060517423e-214,0.0,0.0,0.0,0.006253590065367053,unicycle
3.1266440961622437,-6.394677132204903,1.2104166666666665,0.0,0.0,-1.5798693578562977,0.44535286598296125,2.289883146231885e-214,0.0,0.0,0.0,0.006267775381354585,unicycle
3.126563840923623,-6.403584030918387,1.2104166666666665,0.0,0.0,-1.5797437244769568,0.4453630140120558,1.864389659151101e-214,0.0,0.0,0.0,0.006281668967036629,unicycle
3.1264847041129373,-6.412491140895508,1.2104166666666665,0.0,0.0,-1.5796178190670085,0.4453730764318246,1.5167984255537735e-214,0.0,0.0,0.0,0.006295270497416703,unicycle
3.1264066881942023,-6.421398460290184,1.2104166666666665,0.0,0.0,-1.57949164747377,0.445383052516589,1.2330333255053086e-214,0.0,0.0,0.0,0.006308579661948048,unicycle
3.126329795578964,-6.430305987238547,1.2104166666666665,0.0,0.0,-1.5793652155504796,0.4453929414455014,1.0015311469494576e-214,0.0,0.0,0.0,0.006321596164500042,unicycle
3.1262540286262435,-6.439213719857198,1.2104166666666665,0.0,0.0,-1.5792385291560136,0.44540274230926036,8.127980213842106e-215,0.0,0.0,0.0,0.006334319723298039,unicycle
3.1261793896424854,-6.448121656241621,1.2104166666666665,0.0,0.0,-1.5791115941545966,0.445412454117983,6.590433097196197e-215,0.0,0.0,0.0,0.006346750070846158,unicycle
3.1261058808815063,-6.457029794464758,1.2104166666666665,0.0,0.0,-1.57898441641552,0.44542207580964244,5.338775580282603e-215,0.0,0.0,0.0,0.006358886953840013,unicycle
3.126033504544442,-6.465938132575771,1.2104166666666665,0.0,0.0,-1.5788570018128585,0.4454316062586479,4.3206342995811186e-215,0.0,0.0,0.0,0.006370730133074533,unicycle
3.125962262779696,-6.474846668598958,1.2104166666666665,0.0,0.0,-1.5787293562251914,0.44544104428427356,3.4931042295904955e-215,0.0,0.0,0.0,0.006382279383350532,unicycle
3.1258921576828906,-6.4837554005328375,1.2104166666666665,0.0,0.0,-1.5786014855353239,0.4454503886587367,2.821057538119171e-215,0.0,0.0,0.0,0.00639353449338258,unicycle
3.125823191296812,-6.49266432634939,1.2104166666666665,0.0,0.0,-1.5784733956300097,0.4454596381148019,2.2757510920492259e-215,0.0,0.0,0.0,0.006404495265709907,unicycle
3.125755365611367,-6.501573443993425,1.2104166666666665,0.0,0.0,-1.5783450923996774,0.44546879135283823,1.8336804430375784e-215,0.0,0.0,0.0,0.006415161516611437,unicycle
3.125688682563529,-6.5104827513820975,1.2104166666666665,0.0,0.0,-1.578216581738157,0.4454778470472978,1.4756371396336657e-215,0.0,0.0,0.0,0.0064255330760255745,unicycle
3.1256231440257833,-6.519392247957022,1.2104166666666665,0.0,0.0,-1.5780878695632516,0.4454868814794628,1.185933687353875e-215,0.0,0.0,0.0,0.006435608745285857,unicycle
3.125558751811918,-6.528301933966756,1.2104166666666665,0.0,0.0,-1.5779589618068939,0.4454959350521067,9.517666721832859e-216,0.0,0.0,0.0,0.006445387817885755,unicycle
3.1254955076895046,-6.537211808763534,1.2104166666666665,0.0,0.0,-1.5778298643920412,0.4455049630012891,7.626936929794985e-216,0.0,0.0,0.0,0.006454870742637469,unicycle
3.1254334133779187,-6.546121871030326,1.2104166666666665,0.0,0.0,-1.5777005832354187,0.44551393191520827,6.102039951235337e-216,0.0,0.0,0.0,0.006464057831136546,unicycle
3.1253724705468353,-6.555032118955793,1.2104166666666665,0.0,0.0,-1.577571124249571,0.4455228171284334,4.8736621190993375e-216,0.0,0.0,0.0,0.006472949292379228,unicycle
3.125312680815103,-6.563942550368266,1.2104166666666665,0.0,0.0,-1.5774414933443732,0.44553160067377584,3.885395266676185e-216,0.0,0.0,0.0,0.006481545259894668,unicycle
3.1252540457498954,-6.572853162837649,1.2104166666666665,0.0,0.0,-1.5773116964281142,0.44554026967789473,3.091369714125527e-216,0.0,0.0,0.0,0.006489845812949466,unicycle
3.1251965668660913,-6.581763953752279,1.2104166666666665,0.0,0.0,-1.577181739408253,0.44554881510924155,2.4543156331786772e-216,0.0,0.0,0.0,0.0064978509930654895,unicycle
3.1251402456258104,-6.590674920376331,1.2104166666666665,0.0,0.0,-1.5770516281919162,0.4455572308051188,1.9439762016251908e-216,0.0,0.0,0.0,0.006505560816838907,unicycle
3.125085083438088,-6.599586059892165,1.2104166666666665,0.0,0.0,-1.5769213686861991,0.44556551271928097,1.5358094970940615e-216,0.0,0.0,0.0,0.0065129752858459474,unicycle
3.1250310816586357,-6.60849736943112,1.2104166666666665,0.0,0.0,-1.5767909667983138,0.4455736583433094,1.2099272504930476e-216,0.0,0.0,0.0,0.006520094394259262,unicycle
3.124978241589679,-6.617408846095443,1.2104166666666665,0.0,0.0,-1.5766604284356203,0.4455816662644848,9.5022779275967e-217,0.0,0.0,0.0,0.006526918134669699,unicycle
3.124926564479846,-6.626320486973529,1.2104166666666665,0.0,0.0,-1.5765297595055698,0.4455895358305098,7.436881236968323e-217,0.0,0.0,0.0,0.0065334465025053,unicycle
3.124876051524097,-6.63523228915012,1.2104166666666665,0.0,0.0,-1.5763989659155826,0.4455972668975487,5.797862897880967e-217,0.0,0.0,0.0,0.00653967949935739,unicycle
3.124826703863684,-6.644144249712753,1.2104166666666665,0.0,0.0,-1.5762680535728728,0.4456048596429534,4.500304118454308e-217,0.0,0.0,0.0,0.006545617135458252,unicycle
3.1247785225861255,-6.653056365755467,1.2104166666666665,0.0,0.0,-1.576137028384243,0.4456123144279615,3.4757494585037796e-217,0.0,0.0,0.0,0.006551259431502939,unicycle
3.124731508725205,-6.661968634380526,1.2104166666666665,0.0,0.0,-1.5760058962558439,0.4456196316987798,2.6690825084344488e-217,0.0,0.0,0.0,0.006556606419966573,unicycle
3.1246856632609723,-6.670881052698756,1.2104166666666665,0.0,0.0,-1.5758746630929232,0.4456268119169575,2.0359840803797048e-217,0.0,0.0,0.0,0.006561658146035762,unicycle
3.1246409871197556,-6.67979361782893,1.2104166666666665,0.0,0.0,-1.575743334799558,0.4456338555119362,1.5408659445736026e-217,0.0,0.0,0.0,0.006566414668246798,unicycle
3.124597481174181,-6.688706326896542,1.2104166666666665,0.0,0.0,-1.5756119172783798,0.44564076285023113,1.1551925234814465e-217,0.0,0.0,0.0,0.006570876058902872,unicycle
3.12455514624319,-6.697619177032194,1.2104166666666665,0.0,0.0,-1.575480416430293,0.44564753421694686,8.561188675022413e-218,0.0,0.0,0.0,0.006575042404326368,unicycle
3.124513983092065,-6.70653216536982,1.2104166666666665,0.0,0.0,-1.5753488381541931,0.4456541698063079,6.253862927277874e-218,0.0,0.0,0.0,0.006578913804989523,unicycle
3.124473992432453,-6.715445289044831,1.2104166666666665,0.0,0.0,-1.5752171883466823,0.4456606697186591,4.484277695374285e-218,0.0,0.0,0.0,0.006582490375556766,unicycle
3.124435174922394,-6.724358545192292,1.2104166666666665,0.0,0.0,-1.5750854729017851,0.4456670339619965,3.136439281719923e-218,0.0,0.0,0.0,0.006585772244864207,unicycle
3.1243975311663443,-6.7332719309452,1.2104166666666665,0.0,0.0,-1.574953697710668,0.44567326245656286,2.1181773792709703e-218,0.0,0.0,0.0,0.006588759555855604,unicycle
3.1243610617152093,-6.742185443432886,1.2104166666666665,0.0,0.0,-1.5748218686613578,0.44567935504141015,1.3564180367410316e-218,0.0,0.0,0.0,0.006591452465489349,unicycle
3.12432576706637,-6.751099079779573,1.2104166666666665,0.0,0.0,-1.574689991638465,0.4456853114821178,7.933704044011899e-219,0.0,0.0,0.0,0.006593851144627337,unicycle
3.124291647663715,-6.760012837103102,1.2104166666666665,0.0,0.0,-1.5745580725229065,0.4456911314790751,3.8345425828769686e-219,0.0,0.0,0.0,0.0065959557779137175,unicycle
3.1242587038976706,-6.768926712513824,1.2104166666666665,0.0,0.0,-1.5744261171916334,0.4456968146759052,9.082749134564983e-220,0.0,0.0,0.0,0.0065977665636492745,unicycle
3.124226936105234,-6.777840703113658,1.2104166666666665,0.0,0.0,-1.5742941315173604,0.44570236066773744,-1.1260095009113518e-219,0.0,0.0,0.0,0.006599283713665593,unicycle
3.124196344570008,-6.786754805995306,1.2104166666666665,0.0,0.0,-1.5741621213682964,0.44570776900912806,-2.4876574966490106e-219,0.0,0.0,0.0,0.00660050745320179,unicycle
3.124166929522237,-6.795669018241621,1.2104166666666665,0.0,0.0,-1.5740300926078807,0.4457130392215076,-3.347230897775665e-219,0.0,0.0,0.0,0.0066014380207857085,unicycle
3.1241386911388433,-6.80458333692511,1.2104166666666665,0.0,0.0,-1.5738980510945182,0.44571817080008064,-3.836730089764945e-219,0.0,0.0,0.0,0.006602075668120713,unicycle
3.1241116295386564,-6.813497760659409,1.2104166666666665,0.0,0.0,-1.5737660027035085,0.4457232408129403,-4.0577593558664206e-219,0.0,0.0,0.0,0.006602419550483279,unicycle
3.1240857447852037,-6.8224122888820915,1.2104166666666665,0.0,0.0,-1.5736339533165589,0.4457282904667003,-4.088036324745016e-219,0.0,0.0,0.0,0.006602469347492162,unicycle
3.124061036891915,-6.831326920152142,1.2104166666666665,0.0,0.0,-1.5735019087971949,0.44573327583994593,-3.986571011588968e-219,0.0,0.0,0.0,0.006602225968199694,unicycle
3.124037505821204,-6.840241652376936,1.2104166666666665,0.0,0.0,-1.5733698749937344,0.4457381643592327,-3.797777480048724e-219,0.0,0.0,0.0,0.00660169017300426,unicycle
3.124015151483812,-6.849156482987151,1.2104166666666665,0.0,0.0,-1.57323785774152,0.4457429321948696,-3.554730450111814e-219,0.0,0.0,0.0,0.006600862610711706,unicycle
3.1239939737383415,-6.858071409070727,1.2104166666666665,0.0,0.0,-1.5731058628645682,0.4457475622140481,-3.281738051819744e-219,0.0,0.0,0.0,0.006599743847609412,unicycle
3.123973972390942,-6.866986427474759,1.2104166666666665,0.0,0.0,-1.5729738961767636,0.44575204237745997,-2.9963685980818027e-219,0.0,0.0,0.0,0.006598334390203865,unicycle
3.1239551471951046,-6.875901534882376,1.2104166666666665,0.0,0.0,-1.5728419634827047,0.44575636448804756,-2.7110422686803026e-219,0.0,0.0,0.0,0.0065966347029403904,unicycle
3.1239374978515415,-6.884816727870166,1.2104166666666665,0.0,0.0,-1.5727100705782655,0.4457605232186971,-2.4342767755102725e-219,0.0,0.0,0.0,0.006594645221957172,unicycle
3.1239210240081254,-6.893732002950561,1.2104166666666665,0.0,0.0,-1.5725782232509513,0.44576451536033107,-2.1716584481571913e-219,0.0,0.0,0.0,0.006592366365711968,unicycle
3.1239057252598768,-6.902647356602664,1.2104166666666665,0.0,0.0,-1.5724464272800887,0.4457683392436566,-1.9265959498258128e-219,0.0,0.0,0.0,0.006589798543148702,unicycle
3.1238916011489826,-6.911562785294233,1.2104166666666665,0.0,0.0,-1.5723146884368897,0.44577199429731396,-1.700902363320529e-219,0.0,0.0,0.0,0.0065869421599340635,unicycle
3.123878651164839,-6.9204782854969675,1.2104166666666665,0.0,0.0,-1.572183012484426,0.4457754807127932,-1.4952421516732707e-219,0.0,0.0,0.0,0.006583797623184631,unicycle
3.123866874744113,-6.9293938536967525,1.2104166666666665,0.0,0.0,-1.5720514051775254,0.44577879919260355,-1.3094720721693855e-219,0.0,0.0,0.0,0.006580365345017501,unicycle
3.123856271270819,-6.938309486400167,1.2104166666666665,0.0,0.0,-1.5719198722626218,0.44578195076307314,-1.1428991596798062e-219,0.0,0.0,0.0,0.006576645745187544,unicycle
3.123846840076397,-6.947225180138241,1.2104166666666665,0.0,0.0,-1.5717884194775613,0.4457849366370771,-9.944741141287776e-220,0.0,0.0,0.0,0.006572639253018754,unicycle
3.123838580439802,-6.956140931468231,1.2104166666666665,0.0,0.0,-1.5716570525513855,0.4457877581151147,-8.629345993728765e-220,0.0,0.0,0.0,0.006568346308792846,unicycle
3.1238314915876018,-6.96505673697401,1.2104166666666665,0.0,0.0,-1.5715257772040914,0.44579041651564666,-7.469099016805548e-220,0.0,0.0,0.0,0.006563767364723089,unicycle
3.123825572694068,-6.973972593265508,1.2104166666666665,0.0,0.0,-1.5713945991463791,0.4457929131275847,-6.449959554731427e-220,0.0,0.0,0.0,0.0065589028856134395,unicycle
3.1238208228812776,-6.982888496977519,1.2104166666666665,0.0,0.0,-1.5712635240793937,0.44579524917939356,-5.558078007008318e-220,0.0,0.0,0.0,0.006553753349280918,unicycle
3.123817241219214,-6.991804444768155,1.2104166666666665,0.0,0.0,-1.5711325576944577,0.44579742582051163,-4.780149921015489e-220,0.0,0.0,0.0,0.006548319246801728,unicycle
3.1238148267258676,-7.000720433317102,1.2104166666666665,0.0,0.0,-1.5710017056728054,0.44579944411177314,-4.103642564194644e-220,0.0,0.0,0.0,0.006542601082627848,unicycle
3.1238135783673426,-7.009636459323805,1.2104166666666665,0.0,0.0,-1.570870973685313,0.44580130502229076,-3.516927255481807e-220,0.0,0.0,0.0,0.006536599374609993,unicycle
3.12381349505796,-7.018552519505696,1.2104166666666665,0.0,0.0,-1.5707403673922342,0.4458030094308598,-3.009343100296766e-220,0.0,0.0,0.0,0.006530314653954358,unicycle
3.1238145756603637,-7.027468610596497,1.2104166666666665,0.0,0.0,-1.5706098924429317,0.44580455813042114,-2.5712117695564734e-220,0.0,0.0,0.0,0.006523747465133922,unicycle
3.1238168189856292,-7.036384729344661,1.2104166666666665,0.0,0.0,-1.5704795544756163,0.44580595183448507,-2.193818257891968e-220,0.0,0.0,0.0,0.006516898365769901,unicycle
3.123820223793373,-7.0453008725119615,1.2104166666666665,0.0,0.0,-1.5703493591170863,0.4458071911847073,-1.869368882330314e-220,0.0,0.0,0.0,0.006509767926494982,unicycle
3.123824788791864,-7.054217036872239,1.2104166666666665,0.0,0.0,-1.5702193119824701,0.4458082767590258,-1.590934926050899e-220,0.0,0.0,0.0,0.006502356730806804,unicycle
3.1238305126381367,-7.063133219210325,1.2104166666666665,0.0,0.0,-1.5700894186749719,0.44580920907993676,-1.3523881211499264e-220,0.0,0.0,0.0,0.0064946653749178304,unicycle
3.1238373939381043,-7.072049416321116,1.2104166666666665,0.0,0.0,-1.5699596847856199,0.4458099886226158,-1.1483324628459666e-220,0.0,0.0,0.0,0.006486694467605917,unicycle
3.1238454312466764,-7.080965625008812,1.2104166666666665,0.0,0.0,-1.5698301158930186,0.4458106158226878,-9.740355461761862e-221,0.0,0.0,0.0,0.006478444630068517,unicycle
3.123854623067876,-7.089881842086291,1.2104166666666665,0.0,0.0,-1.5697007175631028,0.44581109108351996,-8.25361628201716e-221,0.0,0.0,0.0,0.006469916495782429,unicycle
3.1238649678549626,-7.09879806437463,1.2104166666666665,0.0,0.0,-1.5695714953488957,0.44581141478296854,-6.987078751797955e-221,0.0,0.0,0.0,0.006461110710370222,unicycle
3.123876464010554,-7.1077142887027405,1.2104166666666665,0.0,0.0,-1.5694424547902666,0.44581158727954345,-5.909447005141843e-221,0.0,0.0,0.0,0.006452027931473944,unicycle
3.1238891098888506,-7.116630513458836,1.2104166666666665,0.0,0.0,-1.5693136014361393,0.44581168650406927,-4.993606924656675e-221,0.0,0.0,0.0,0.006442667706366162,unicycle
3.123902903795301,-7.125546737873419,1.2104166666666665,0.0,0.0,-1.5691849408338778,0.4458117545352872,-4.216123366404663e-221,0.0,0.0,0.0,0.006433030113065681,unicycle
3.123917843984307,-7.134462960316997,1.2104166666666665,0.0,0.0,-1.5690564785044236,0.44581174833644743,-3.5567853051441087e-221,0.0,0.0,0.0,0.006423116472726045,unicycle
3.1239339286594157,-7.143379178527111,1.2104166666666665,0.0,0.0,-1.5689282199453485,0.4458116362212976,-2.998197448301686e-221,0.0,0.0,0.0,0.006412927953755284,unicycle
3.1239511559735313,-7.152295389783287,1.2104166666666665,0.0,0.0,-1.5688001706331585,0.4458113952495745,-2.525415933589247e-221,0.0,0.0,0.0,0.006402465609510473,unicycle
3.1239695240291425,-7.1612115910410346,1.2104166666666665,0.0,0.0,-1.5686723360250008,0.4458110091798245,-2.1256251562336666e-221,0.0,0.0,0.0,0.006391730407894589,unicycle
3.123989030878546,-7.170127779033767,1.2104166666666665,0.0,0.0,-1.56854472155991,0.44581046686570264,-1.7878524698740874e-221,0.0,0.0,0.0,0.0063807232545187035,unicycle
3.1240096745240735,-7.179043950349703,1.2104166666666665,0.0,0.0,-1.5684173326596949,0.4458097610043987,-1.5027173954508166e-221,0.0,0.0,0.0,0.0063694450107610705,unicycle
3.1240314529183166,-7.1879601014893035,1.2104166666666665,0.0,0.0,-1.5682901747295392,0.44580888716400574,-1.2622119977799158e-221,0.0,0.0,0.0,0.006357896507787746,unicycle
3.124054363964338,-7.196876228907669,1.2104166666666665,0.0,0.0,-1.5681632531583918,0.44580784303129195,-1.0595092067838254e-221,0.0,0.0,0.0,0.006346078557384876,unicycle
3.1240784055158826,-7.205792329045368,1.2104166666666665,0.0,0.0,-1.568036573319186,0.44580662783313313,-8.887960371567706e-222,0.0,0.0,0.0,0.0063339919602803515,unicycle
3.1241035753775797,-7.214708398350412,1.2104166666666665,0.0,0.0,-1.5679101405689364,0.4458052418943546,-7.451288725985862e-222,0.0,0.0,0.0,0.006321637512494286,unicycle
3.1241298713051373,-7.223624433293537,1.2104166666666665,0.0,0.0,-1.5677839602487331,0.44580368630235095,-6.243082111374297e-222,0.0,0.0,0.0,0.006309016010146869,unicycle
3.1241572910055346,-7.232540430378429,1.2104166666666665,0.0,0.0,-1.5676580376836717,0.4458019626549678,-5.2277050392821335e-222,0.0,0.0,0.0,0.006296128253063395,unicycle
3.124185832137208,-7.241456386148207,1.2104166666666665,0.0,0.0,-1.5675323781827226,0.4458000728730262,-4.3749495248595825e-222,0.0,0.0,0.0,0.006282975047445353,unicycle
3.1242154923102317,-7.250372297189155,1.2104166666666665,0.0,0.0,-1.5674069870385663,0.44579801906278566,-3.6592335267238533e-222,0.0,0.0,0.0,0.006269557207819737,unicycle
3.1242462690864996,-7.259288160132468,1.2104166666666665,0.0,0.0,-1.5672818695273978,0.4457958034167669,-3.058912841153513e-222,0.0,0.0,0.0,0.006255875558433599,unicycle
3.1242781599799017,-7.268203971654599,1.2104166666666665,0.0,0.0,-1.5671570309087133,0.44579342814384626,-2.5556913889703266e-222,0.0,0.0,0.0,0.0062419309342249575,unicycle
3.1243111624564994,-7.277119728476656,1.2104166666666665,0.0,0.0,-1.5670324764250834,0.4457908954215117,-2.1341166223876663e-222,0.0,0.0,0.0,0.0062277241814725735,unicycle
3.124345273934704,-7.286035427363168,1.2104166666666665,0.0,0.0,-1.5669082113019195,0.44578820736474106,-1.7811484029792283e-222,0.0,0.0,0.0,0.006213256158204499,unicycle
3.1243804917854487,-7.2949510651204825,1.2104166666666665,0.0,0.0,-1.5667842407472305,0.4457853660072072,-1.4857911640379016e-222,0.0,0.0,0.0,0.006198527734427418,unicycle
3.124416813332367,-7.303866638594964,1.2104166666666665,0.0,0.0,-1.566660569951386,0.4457823732914938,-1.2387804780433123e-222,0.0,0.0,0.0,0.006183539792224615,unicycle
3.1244542358519687,-7.312782144671123,1.2104166666666665,0.0,0.0,-1.566537204086871,0.44577923106577816,-1.0323163122261283e-222,0.0,0.0,0.0,0.006168293225759376,unicycle
3.124492756573817,-7.32169758026978,1.2104166666666665,0.0,0.0,-1.5664141483080465,0.4457759410850435,-8.598362831565604e-223,0.0,0.0,0.0,0.006152788941211817,unicycle
3.124532372680707,-7.330612942346295,1.2104166666666665,0.0,0.0,-1.5662914077509131,0.4457725050153551,-7.158231263513627e-223,0.0,0.0,0.0,0.0061370278566703716,unicycle
3.1245730813088497,-7.339528227888941,1.2104166666666665,0.0,0.0,-1.5661689875328733,0.44576892444010463,-5.956413906207717e-223,0.0,0.0,0.0,0.006121010901993861,unicycle
3.124614879548051,-7.348443433917419,1.2104166666666665,0.0,0.0,-1.5660468927525004,0.4457652008674103,-4.953990605035984e-223,0.0,0.0,0.0,0.006104739018655936,unicycle
3.124657764441898,-7.357358557481525,1.2104166666666665,0.0,0.0,-1.565925128489309,0.4457613357380833,-4.118304143671715e-223,0.0,0.0,0.0,0.006088213159580494,unicycle
3.124701732987946,-7.3662735956599885,1.2104166666666665,0.0,0.0,-1.5658036998035294,0.44575733043373783,-3.421969505926178e-223,0.0,0.0,0.0,0.006071434288974241,unicycle
3.1247467821379056,-7.375188545559465,1.2104166666666665,0.0,0.0,-1.5656826117358862,0.4457531862847496,-2.842036689669322e-223,0.0,0.0,0.0,0.00605440338216073,unicycle
3.1247929087978363,-7.384103404313682,1.2104166666666665,0.0,0.0,-1.5655618693073778,0.445748904577867,-2.359283873977631e-223,0.0,0.0,0.0,0.0060371214254187995,unicycle
3.1248401098283365,-7.393018169082725,1.2104166666666665,0.0,0.0,-1.5654414775190613,0.44574448656334886,-1.9576211298627696e-223,0.0,0.0,0.0,0.006019589415827254,unicycle
3.12488838204474,-7.401932837052461,1.2104166666666665,0.0,0.0,-1.565321441351839,0.4457399334615577,-1.623587781891489e-223,0.0,0.0,0.0,0.0060018083611168855,unicycle
3.1249377222173154,-7.410847405434072,1.2104166666666665,0.0,0.0,-1.5652017657662485,0.445735246468975,-1.345929033839432e-223,0.0,0.0,0.0,0.005983779279530365,unicycle
3.124988127080144,-7.419761873015855,1.2104166666666665,0.0,0.0,-1.5650824557238334,0.44573050437216005,-1.115239620438727e-223,0.0,0.0,0.0,0.005965502120742549,unicycle
3.1250395933277737,-7.4286762394459185,1.2104166666666665,0.0,0.0,-1.564963516176929,0.4457257500911944,-9.236640871360654e-224,0.0,0.0,0.0,0.005946977345230832,unicycle
3.1250921176057886,-7.4375905035293215,1.2104166666666665,0.0,0.0,-1.5648449520447614,0.44572094140148905,-7.646448726384014e-224,0.0,0.0,0.0,0.005928206608369899,unicycle
3.1251456965120563,-7.446504663455066,1.2104166666666665,0.0,0.0,-1.5647267682164294,0.44571604742662896,-6.327107117225654e-224,0.0,0.0,0.0,0.005909191416585111,unicycle
3.125200326597771,-7.455418716970959,1.2104166666666665,0.0,0.0,-1.564608969553154,0.4457110460330762,-5.232990204698888e-224,0.0,0.0,0.0,0.005889933163782609,unicycle
3.1252560043683295,-7.464332661517529,1.2104166666666665,0.0,0.0,-1.5644915608899543,0.445705921782355,-4.326069007276283e-224,0.0,0.0,0.0,0.005870433159977021,unicycle
3.125312726284071,-7.473246494329858,1.2104166666666665,0.0,0.0,-1.5643745470368804,0.4457006643268334,-3.5746622946465573e-224,0.0,0.0,0.0,0.005850692653709263,unicycle
3.1253704887609026,-7.482160212514373,1.2104166666666665,0.0,0.0,-1.5642579327798893,0.44569526715772206,-2.9523900278438966e-224,0.0,0.0,0.0,0.005830712849532303,unicycle
3.1254292881708383,-7.491073813106172,1.2104166666666665,0.0,0.0,-1.5641417228814576,0.4456897266320843,-2.4372970182114194e-224,0.0,0.0,0.0,0.005810494921588831,unicycle
3.1254891208424667,-7.499987293111311,1.2104166666666665,0.0,0.0,-1.5640259220809756,0.44568404122030264,-2.0111195420599818e-224,0.0,0.0,0.0,0.005790040024100071,unicycle
3.125549983061359,-7.508900649537501,1.2104166666666665,0.0,0.0,-1.563910535094987,0.4456782109272479,-1.658671936860117e-224,0.0,0.0,0.0,0.005769349299420025,unicycle
3.1256118710704346,-7.517813879415964,1.2104166666666665,0.0,0.0,-1.563795566617304,0.44567223684988866,-1.3673338335414124e-224,0.0,0.0,0.0,0.0057484238841767794,unicycle
3.1256747810702916,-7.526726979816581,1.2104166666666665,0.0,0.0,-1.5636810213190258,0.4456661208417037,-1.1266217468522248e-224,0.0,0.0,0.0,0.0057272649139159465,unicycle
3.125738709219505,-7.535639947857985,1.2104166666666665,0.0,0.0,-1.5635669038484943,0.4456598652603767,-9.278313363612296e-225,0.0,0.0,0.0,0.0057058735265757615,unicycle
3.125803651634911,-7.544552780713903,1.2104166666666665,0.0,0.0,-1.5634532188311934,0.4456534727801481,-7.637388368482551e-225,0.0,0.0,0.0,0.005684250865054838,unicycle
3.1258696043918697,-7.553465475616747,1.2104166666666665,0.0,0.0,-1.5633399708696119,0.4456469462541189,-6.283520002105432e-225,0.0,0.0,0.0,0.005662398079078823,unicycle
3.1259365635245207,-7.56237802985922,1.2104166666666665,0.0,0.0,-1.5632271645430815,0.44564028861492383,-5.167024441544413e-225,0.0,0.0,0.0,0.005640316326528381,unicycle
3.126004525026026,-7.571290440794514,1.2104166666666665,0.0,0.0,-1.5631148044075944,0.4456335028046843,-4.246726105753433e-225,0.0,0.0,0.0,0.005618006774356074,unicycle
3.126073484848811,-7.58020270583555,1.2104166666666665,0.0,0.0,-1.5630028949956105,0.445626591727129,-3.4885163666723716e-225,0.0,0.0,0.0,0.005595470599191979,unicycle
3.1261434389047977,-7.589114822453604,1.2104166666666665,0.0,0.0,-1.5628914408158563,0.4456195582163438,-2.8641536672731674e-225,0.0,0.0,0.0,0.005572708987715806,unicycle
3.1262143830656393,-7.598026788176543,1.2104166666666665,0.0,0.0,-1.5627804463531194,0.44561240501785215,-2.3502650971037855e-225,0.0,0.0,0.0,0.005549723136855922,unicycle
3.1262863131629532,-7.606938600586861,1.2104166666666665,0.0,0.0,-1.5626699160680424,0.44560513477871067,-1.9275160004212035e-225,0.0,0.0,0.0,0.005526514253861844,unicycle
3.126359224988552,-7.61585025731966,1.2104166666666665,0.0,0.0,-1.5625598543969168,0.4455977500440754,-1.5799196665940262e-225,0.0,0.0,0.0,0.005503083556285958,unicycle
3.126433114294678,-7.62476175606064,1.2104166666666665,0.0,0.0,-1.5624502657514787,0.44559025325830076,-1.2942637431908038e-225,0.0,0.0,0.0,0.005479432271901721,unicycle
3.1265079767942368,-7.6336730945441715,1.2104166666666665,0.0,0.0,-1.5623411545187071,0.4455826467691046,-1.0596338594071283e-225,0.0,0.0,0.0,0.005455561638578908,unicycle
3.126583808161032,-7.642584270551502,1.2104166666666665,0.0,0.0,-1.5622325250606246,0.4455749328337046,-8.67018169723632e-226,0.0,0.0,0.0,0.005431472904131331,unicycle
3.126660604030006,-7.651495281909097,1.2104166666666665,0.0,0.0,-1.5621243817141017,0.4455671136261128,-7.089792248949851e-226,0.0,0.0,0.0,0.005407167326148395,unicycle
3.126738359997477,-7.660406126487137,1.2104166666666665,0.0,0.0,-1.562016728790665,0.4455591912449986,-5.793818338126562e-226,0.0,0.0,0.0,0.0053826461718188,unicycle
3.126817071621384,-7.669316802198191,1.2104166666666665,0.0,0.0,-1.5619095705763097,0.44555116772169695,-4.731674664382883e-226,0.0,0.0,0.0,0.005357910717752294,unicycle
3.126896734421529,-7.678227306996021,1.2104166666666665,0.0,0.0,-1.5618029113313139,0.4455430450280678,-3.861673246097046e-226,0.0,0.0,0.0,0.005332962249803572,unicycle
3.1269773438798225,-7.687137638874561,1.2104166666666665,0.0,0.0,-1.5616967552900554,0.44553482508400977,-3.1494752432364885e-226,0.0,0.0,0.0,0.0053078020629011,unicycle
3.127058895440536,-7.69604779586702,1.2104166666666665,0.0,0.0,-1.561591106660838,0.44552650976450203,-2.5668093233016606e-226,0.0,0.0,0.0,0.005282431460882555,unicycle
3.1271413845105496,-7.7049577760451236,1.2104166666666665,0.0,0.0,-1.5614859696257108,0.4455181009061038,-2.0904111700516424e-226,0.0,0.0,0.0,0.005256851756337876,unicycle
3.1272248064596058,-7.713867577518466,1.2104166666666665,0.0,0.0,-1.5613813483403016,0.44550960031287745,-1.701146382752911e-226,0.0,0.0,0.0,0.0052310642704603665,unicycle
3.1273091566351807,-7.722777199987007,1.2104166666666665,0.0,0.0,-1.5612772469533098,0.44550108741657335,-1.3832853883003991e-226,0.0,0.0,0.0,0.00520506934958828,unicycle
3.127394430356384,-7.73168664402318,1.2104166666666665,0.0,0.0,-1.5611736695971854,0.44549260575284483,-1.1239042990952392e-226,0.0,0.0,0.0,0.005178867806213911,unicycle
3.127480622898081,-7.740595909367892,1.2104166666666665,0.0,0.0,-1.5610706203663525,0.4454841136532759,-9.12390071466472e-227,0.0,0.0,0.0,0.0051524615416401,unicycle
3.127567729493094,-7.749504995157437,1.2104166666666665,0.0,0.0,-1.5609681033199654,0.4454755807950734,-7.400319995990532e-227,0.0,0.0,0.0,0.005125852319367425,unicycle
3.12765574533399,-7.758413900098266,1.2104166666666665,0.0,0.0,-1.5608661224839953,0.4454669855942081,-5.996846413171788e-227,0.0,0.0,0.0,0.005099041798485929,unicycle
3.1277446655745362,-7.767322622600781,1.2104166666666665,0.0,0.0,-1.5607646818527967,0.44545831315636625,-4.854898174962576e-227,0.0,0.0,0.0,0.005072031559938439,unicycle
3.1278344853308875,-7.776231160881025,1.2104166666666665,0.0,0.0,-1.5606637853902554,0.4454495536717525,-3.9264744229434964e-227,0.0,0.0,0.0,0.005044823127100392,unicycle
3.127925199682563,-7.785139513037322,1.2104166666666665,0.0,0.0,-1.5605634370306185,0.4454407011623135,-3.172266986187599e-227,0.0,0.0,0.0,0.005017417981838522,unicycle
3.128016803673259,-7.794047677107432,1.2104166666666665,0.0,0.0,-1.560463640679079,0.4454317525081307,-2.56010532242972e-227,0.0,0.0,0.0,0.004989817576982032,unicycle
3.128109292311523,-7.802955651110663,1.2104166666666665,0.0,0.0,-1.56036440021216,0.4454227066943935,-2.0636764881175425e-227,0.0,0.0,0.0,0.004962023345954813,unicycle
3.1282026605713336,-7.8118634330783845,1.2104166666666665,0.0,0.0,-1.5602657194779563,0.44541356423217254,-1.661472023668105e-227,0.0,0.0,0.0,0.004934036710167768,unicycle
3.1282969033925943,-7.820771021075694,1.2104166666666665,0.0,0.0,-1.5601676022962634,0.44540432671571023,-1.3359219679945597e-227,0.0,0.0,0.0,0.004905859084649737,unicycle
3.128392015681567,-7.829678413216365,1.2104166666666665,0.0,0.0,-1.5600700524586175,0.44539499648657477,-1.072683117965038e-227,0.0,0.0,0.0,0.004877491882298338,unicycle
3.1284879923112587,-7.838585607672742,1.2104166666666665,0.0,0.0,-1.5599730737282766,0.44538557638114246,-8.600543655026341e-228,0.0,0.0,0.0,0.004848936517053908,unicycle
3.1285848281217716,-7.847492602681885,1.2104166666666665,0.0,0.0,-1.5598766698401518,0.4453760695427758,-6.884966786601427e-228,0.0,0.0,0.0,0.0048201944062370074,unicycle
3.1286825179206277,-7.856399396548951,1.2104166666666665,0.0,0.0,-1.559780844500707,0.4453664792839814,-5.502392105629396e-228,0.0,0.0,0.0,0.00479126697223967,unicycle
3.1287810564830703,-7.865305987648589,1.2104166666666665,0.0,0.0,-1.5596856013878329,0.44535680898696084,-4.389562607992361e-228,0.0,0.0,0.0,0.004762155643720332,unicycle
3.128880438552356,-7.874212374424931,1.2104166666666665,0.0,0.0,-1.5595909441507043,0.44534706203345953,-3.495024933584147e-228,0.0,0.0,0.0,0.004732861856420259,unicycle
3.128980658840033,-7.883118555390624,1.2104166666666665,0.0,0.0,-1.5594968764096304,0.4453372417567977,-2.7769602971933867e-228,0.0,0.0,0.0,0.0047033870536936934,unicycle
3.1290817120262155,-7.892024529125234,1.2104166666666665,0.0,0.0,-1.5594034017558935,0.4453273514105414,-2.2014086502068816e-228,0.0,0.0,0.0,0.004673732686823643,unicycle
3.129183592759853,-7.900930294273269,1.2104166666666665,0.0,0.0,-1.5593105237515898,0.44531739414951427,-1.740815656897652e-228,0.0,0.0,0.0,0.004643900215179063,unicycle
3.1292862956589955,-7.909835849542008,1.2104166666666665,0.0,0.0,-1.5592182459294646,0.4453073730198303,-1.3728445346456114e-228,0.0,0.0,0.0,0.004613891106256497,unicycle
3.1293898153110624,-7.918741193699254,1.2104166666666665,0.0,0.0,-1.5591265717927518,0.44529729095540493,-1.0794050903070331e-228,0.0,0.0,0.0,0.004583706835639155,unicycle
3.1294941462731067,-7.927646325571106,1.2104166666666665,0.0,0.0,-1.559035504815014,0.44528715077900205,-8.45860763235022e-229,0.0,0.0,0.0,0.004553348886898552,unicycle
3.129599283072085,-7.936551244039827,1.2104166666666665,0.0,0.0,-1.5589450484399847,0.4452769552063526,-6.603814724756025e-229,0.0,0.0,0.0,0.004522818751457654,unicycle
3.129705220205125,-7.945455948041809,1.2104166666666665,0.0,0.0,-1.5588552060814163,0.44526670685224706,-5.134158209166962e-229,0.0,0.0,0.0,0.004492117928429703,unicycle
3.129811952139798,-7.9543604365657075,1.2104166666666665,0.0,0.0,-1.5587659811229273,0.44525640823778934,-3.9726094746703315e-229,0.0,0.0,0.0,0.004461247924443119,unicycle
3.1299194733143887,-7.963264708650717,1.2104166666666665,0.0,0.0,-1.558677376917858,0.4452460617982219,-3.0571221743864496e-229,0.0,0.0,0.0,0.004430210253460066,unicycle
3.130027778138177,-7.972168763385009,1.2104166666666665,0.0,0.0,-1.558589396789126,0.445235669890898,-2.3377814821075803e-229,0.0,0.0,0.0,0.004399006436594037,unicycle
3.130136860991709,-7.9810725999043335,1.2104166666666665,0.0,0.0,-1.5585020440290875,0.4452252348031078,-1.7744860349584876e-229,0.0,0.0,0.0,0.004367638001930163,unicycle
3.1302467162270786,-7.989976217390755,1.2104166666666665,0.0,0.0,-1.5584153218994006,0.44521475875956035,-1.3350645553136661e-229,0.0,0.0,0.0,0.004336106484350683,unicycle
3.1303573381682117,-7.998879615071543,1.2104166666666665,0.0,0.0,-1.558329233630893,0.4452042439293957,-9.937469322214045e-230,0.0,0.0,0.0,0.0043044134253670974,unicycle
3.1304687211111464,-8.007782792218185,1.2104166666666665,0.0,0.0,-1.5582437824234336,0.4451936924326569,-7.299241412690022e-230,0.0,0.0,0.0,0.004272560372959821,unicycle
3.13058085932432,-8.016685748145518,1.2104166666666665,0.0,0.0,-1.5581589714458048,0.4451831063461867,-5.271433571308063e-230,0.0,0.0,0.0,0.004240548881425657,unicycle
3.13069374706849,-8.02558848376515,1.2104166666666665,0.0,0.0,-1.5580748038524102,0.4451725654243578,-3.7229443091220664e-230,0.0,0.0,0.0,0.004208379669737545,unicycle
3.130807378588265,-8.034491000866808,1.2104166666666665,0.0,0.0,-1.557991282775281,0.445162113486959,-2.549519489345941e-230,0.0,0.0,0.0,0.00417605385645144,unicycle
3.130921748090765,-8.04339330041286,1.2104166666666665,0.0,0.0,-1.557908411305447,0.4451517090726121,-1.6684367727300533e-230,0.0,0.0,0.0,0.004143573491695331,unicycle
3.131036849748635,-8.052295382765157,1.2104166666666665,0.0,0.0,-1.5578261924953378,0.44514132206346924,-1.014215877898587e-230,0.0,0.0,0.0,0.00411094050546231,unicycle
3.13115267770245,-8.061197247859708,1.2104166666666665,0.0,0.0,-1.5577446293606103,0.44513093107633944,-5.351607113845165e-231,0.0,0.0,0.0,0.004078156736387643,unicycle
3.1312692260626527,-8.070098895340337,1.2104166666666665,0.0,0.0,-1.5576637248815217,0.4451205214120579,-1.9057546740211852e-231,0.0,0.0,0.0,0.004045223954406703,unicycle
3.131386488911109,-8.079000324660232,1.2104166666666665,0.0,0.0,-1.5575834820039516,0.44511008344905045,5.147375792073157e-232,0.0,0.0,0.0,0.004012143878523408,unicycle
3.131504460302366,-8.0879015351584,1.2104166666666665,0.0,0.0,-1.557503903640138,0.44509961138959014,2.1595625620784457e-231,0.0,0.0,0.0,0.00397891819068158,unicycle
3.131623134264679,-8.09680252611665,1.2104166666666665,0.0,0.0,-1.5574249926692072,0.4450891022854366,3.223177097223608e-231,0.0,0.0,0.0,0.003945548546538613,unicycle
3.131742504800851,-8.105703296801494,1.2104166666666665,0.0,0.0,-1.5573467519375312,0.4450785552842266,3.8563373116726895e-231,0.0,0.0,0.0,0.00391203658378418,unicycle
3.1318625658889334,-8.11460384649447,1.2104166666666665,0.0,0.0,-1.557269184258961,0.4450679710497981,4.1753174171443003e-231,0.0,0.0,0.0,0.0038783839285195863,unicycle
3.131983311482816,-8.123504174513583,1.2104166666666665,0.0,0.0,-1.5571922924149586,0.4450573513191365,4.269263880714664e-231,0.0,0.0,0.0,0.0038445922001105236,unicycle
3.1321047355127325,-8.132404280228041,1.2104166666666665,0.0,0.0,-1.5571160791546617,0.4450466985662666,4.206050770044208e-231,0.0,0.0,0.0,0.003810663014842823,unicycle
3.1322268318857005,-8.141304163067929,1.2104166666666665,0.0,0.0,-1.5570405471948887,0.44503601574953955,4.0369319794110203e-231,0.0,0.0,0.0,0.0037765979886437416,unicycle
3.1323495944859157,-8.150203822530132,1.2104166666666665,0.0,0.0,-1.5569656992201073,0.4450253061236646,3.8002291347313274e-231,0.0,0.0,0.0,0.0037423987390773046,unicycle
3.1324730171751063,-8.159103258181492,1.2104166666666665,0.0,0.0,-1.5568915378823718,0.445014573101762,3.524247802437059e-231,0.0,0.0,0.0,0.003708066886778845,unicycle
3.1325970937928638,-8.168002469659966,1.2104166666666665,0.0,0.0,-1.5568180658012425,0.4450038201558397,3.229577197323552e-231,0.0,0.0,0.0,0.003673604056459064,unicycle
3.1327218181569547,-8.176901456674406,1.2104166666666665,0.0,0.0,-1.556745285563691,0.44499305074659157,2.930898271076223e-231,0.0,0.0,0.0,0.003639011877580096,unicycle
3.1328471840636176,-8.185800219003346,1.2104166666666665,0.0,0.0,-1.556673199723995,0.4449822682753978,2.638400537258001e-231,0.0,0.0,0.0,0.0036042919847838685,unicycle
3.132973185287852,-8.19469875649319,1.2104166666666665,0.0,0.0,-1.5566018108036326,0.44497147605298015,2.358888165568068e-231,0.0,0.0,0.0,0.0035694460181353417,unicycle
3.133099815583702,-8.203597069056004,1.2104166666666665,0.0,0.0,-1.5565311212911679,0.44496067728040833,2.096639873675458e-231,0.0,0.0,0.0,0.0035344756232291905,unicycle
3.1332270686845365,-8.212495156667112,1.2104166666666665,0.0,0.0,-1.5564611336421437,0.4449498750391381,1.854074238043421e-231,0.0,0.0,0.0,0.003499382451197335,unicycle
3.133354938303329,-8.221393019362623,1.2104166666666665,0.0,0.0,-1.5563918502789709,0.4449390722875333,1.6322616488459084e-231,0.0,0.0,0.0,0.003464168158646045,unicycle
3.1334834181329327,-8.23029065723698,1.2104166666666665,0.0,0.0,-1.5563232735908201,0.44492827186193057,1.4313157706148417e-231,0.0,0.0,0.0,0.003428834407544429,unicycle
3.1336125018463665,-8.239188070440587,1.2104166666666665,0.0,0.0,-1.5562554059335185,0.44491747648077923,1.2506906511947692e-231,0.0,0.0,0.0,0.0033933828650806784,unicycle
3.1337421830970915,-8.248085259177572,1.2104166666666665,0.0,0.0,-1.5561882496294486,0.4449066887507593,1.0894042313138178e-231,0.0,0.0,0.0,0.0033578152034983376,unicycle
3.133872455519293,-8.25698222370367,1.2104166666666665,0.0,0.0,-1.5561218069674505,0.44489591117406363,9.462046894011903e-232,0.0,0.0,0.0,0.0033221330999215898,unicycle
3.13400331272817,-8.265878964324289,1.2104166666666665,0.0,0.0,-1.556056080202727,0.44488514615625346,8.196926033902233e-232,0.0,0.0,0.0,0.0032863382361759856,unicycle
3.1341347483202187,-8.27477548139272,1.2104166666666665,0.0,0.0,-1.5559910715567549,0.4448743960142637,7.084091547539334e-232,0.0,0.0,0.0,0.00325043229860925,unicycle
3.1342667558735244,-8.28367177530851,1.2104166666666665,0.0,0.0,-1.5559267832171966,0.4448636629842638,6.108984036071595e-232,0.0,0.0,0.0,0.0032144169779152595,unicycle
3.1343993289480507,-8.292567846515981,1.2104166666666665,0.0,0.0,-1.5558632173378173,0.4448529492291757,5.257499171277332e-232,0.0,0.0,0.0,0.003178293968963209,unicycle
3.1345324610859335,-8.3014636955029,1.2104166666666665,0.0,0.0,-1.5558003760384047,0.4448422568457246,4.516266477293754e-232,0.0,0.0,0.0,0.0031420649706331936,unicycle
3.1346661458117775,-8.31035932279926,1.2104166666666665,0.0,0.0,-1.5557382614046917,0.4448315878709496,3.8728186048193336e-232,0.0,0.0,0.0,0.003105731685658859,unicycle
3.134800376632952,-8.3192547289762,1.2104166666666665,0.0,0.0,-1.555676875488282,0.44482094428814195,3.315680432805031e-232,0.0,0.0,0.0,0.003069295820477335,unicycle
3.134935147063397,-8.328149916200411,1.2104166666666665,0.0,0.0,-1.5556162203198147,0.4448104058106116,2.8344005156795513e-232,0.0,0.0,0.0,0.003032758423363279,unicycle
3.1350704506132785,-8.337044887514717,1.2104166666666665,0.0,0.0,-1.555556297902665,0.4448000161774084,2.4195420451043656e-232,0.0,0.0,0.0,0.002996120857484256,unicycle
3.1352062807634287,-8.345939645131027,1.2104166666666665,0.0,0.0,-1.5554971101982997,0.44478973376682507,2.0626463129882256e-232,0.0,0.0,0.0,0.0029593852182560176,unicycle
3.1353426309689807,-8.354834190657174,1.2104166666666665,0.0,0.0,-1.555438659128219,0.4447795282995836,1.756178405571417e-232,0.0,0.0,0.0,0.00292255350403438,unicycle
3.1354794946622553,-8.363728525271478,1.2104166666666665,0.0,0.0,-1.5553809465754396,0.44476937822788515,1.4934623335476427e-232,0.0,0.0,0.0,0.002885627638972169,unicycle
3.1356168652550584,-8.372622649856318,1.2104166666666665,0.0,0.0,-1.5553239743856189,0.44475926868315674,1.2686108559734614e-232,0.0,0.0,0.0,0.002848609491042779,unicycle
3.1357547361405085,-8.381516565099533,1.2104166666666665,0.0,0.0,-1.555267744367895,0.44474918986835543,1.0764537629117238e-232,0.0,0.0,0.0,0.0028115008861895963,unicycle
3.1358931006945023,-8.390410271570735,1.2104166666666665,0.0,0.0,-1.5552122582955077,0.44473913580325175,9.124672452696175e-233,0.0,0.0,0.0,0.0027743036193790143,unicycle
3.1360319522768902,-8.399303769778117,1.2104166666666665,0.0,0.0,-1.5551575179062438,0.4447291033493258,7.7270612218533525e-233,0.0,0.0,0.0,0.002737019463186203,unicycle
3.1361712842324305,-8.408197060210178,1.2104166666666665,0.0,0.0,-1.5551035249027556,0.4447190914555949,6.537400548084844e-233,0.0,0.0,0.0,0.002699650174421487,unicycle
3.1363110898915694,-8.417090143365863,1.2104166666666665,0.0,0.0,-1.555050280952771,0.44470910057851804,5.525944015559287e-233,0.0,0.0,0.0,0.0026621974992061042,unicycle
3.1364513625710884,-8.425983019775817,1.2104166666666665,0.0,0.0,-1.5549977876892345,0.44469913223863655,4.666960253834785e-233,0.0,0.0,0.0,0.0026246631768256923,unicycle
3.1365920955746485,-8.434875690016925,1.2104166666666665,0.0,0.0,-1.5549460467103822,0.44468918868424934,3.9382411800782883e-233,0.0,0.0,0.0,0.0025870489426244037,unicycle
3.136733282193259,-8.443768154721793,1.2104166666666665,0.0,0.0,-1.5548950595797792,0.4446792726385519,3.320659356104366e-233,0.0,0.0,0.0,0.0025493565301495887,unicycle
3.136874915705685,-8.45266041458446,1.2104166666666665,0.0,0.0,-1.5548448278263252,0.4446693871115768,2.7977722682931326e-233,0.0,0.0,0.0,0.002511587672714135,unicycle
3.137016989378816,-8.461552470363364,1.2104166666666665,0.0,0.0,-1.5547953529442349,0.4446595352621964,2.3554706239414426e-233,0.0,0.0,0.0,0.002473744104509022,unicycle
3.137159496468001,-8.470444322882301,1.2104166666666665,0.0,0.0,-1.5547466363930076,0.44464972029858335,1.9816673544247692e-233,0.0,0.0,0.0,0.0024358275613709152,unicycle
3.137302430217359,-8.479335973030002,1.2104166666666665,0.0,0.0,-1.5546986795973818,0.4446399454080184,1.6660238379659826e-233,0.0,0.0,0.0,0.0023978397812872594,unicycle
3.137445783860079,-8.488227421758728,1.2104166666666665,0.0,0.0,-1.5546514839472876,0.4446302137089201,1.3997098372717177e-233,0.0,0.0,0.0,0.0023597825047035168,unicycle
3.1375895506187024,-8.497118670082251,1.2104166666666665,0.0,0.0,-1.554605050797794,0.4446205282195443,1.175193740061097e-233,0.0,0.0,0.0,0.0023216574746829878,unicycle
3.137733723705406,-8.506009719073463,1.2104166666666665,0.0,0.0,-1.5545593814690548,0.4446108918390471,9.860598561565055e-234,0.0,0.0,0.0,0.002283466436958313,unicycle
3.137878296322278,-8.514900569861755,1.2104166666666665,0.0,0.0,-1.5545144772462565,0.4446013073375887,8.268497354872666e-234,0.0,0.0,0.0,0.0022452111399048095,unicycle
3.138023261661588,-8.523791223630377,1.2104166666666665,0.0,0.0,-1.5544703393795671,0.4445917773529271,6.929247066291663e-234,0.0,0.0,0.0,0.002206893334458705,unicycle
3.138168612906066,-8.532681681613777,1.2104166666666665,0.0,0.0,-1.5544269690840873,0.4445823043915606,5.803470806071833e-234,0.0,0.0,0.0,0.0021685147739977538,unicycle
3.1383143432291747,-8.541571945095047,1.2104166666666665,0.0,0.0,-1.5543843675398035,0.44457289083294915,4.857777092085504e-234,0.0,0.0,0.0,0.002130077214197403,unicycle
3.1384604457953853,-8.550462015403488,1.2104166666666665,0.0,0.0,-1.5543425358915457,0.4445635389357164,4.0638782386089235e-234,0.0,0.0,0.0,0.0020915824128722262,unicycle
3.1386069137604555,-8.559351893912323,1.2104166666666665,0.0,0.0,-1.5543014752489492,0.44455425084501937,3.3978330556749303e-234,0.0,0.0,0.0,0.0020530321298097808,unicycle
3.1387537402717123,-8.568241582036563,1.2104166666666665,0.0,0.0,-1.5542611866864169,0.44454502860049244,2.8393974563358236e-234,0.0,0.0,0.0,0.0020144281266020244,unicycle
3.1389009184683303,-8.577131081231043,1.2104166666666665,0.0,0.0,-1.5542216712430874,0.4445358741443432,2.3714684948046893e-234,0.0,0.0,0.0,0.0019757721664777775,unicycle
3.1390484414816195,-8.58602039298861,1.2104166666666665,0.0,0.0,-1.5541829299228047,0.4445267893293042,1.979609112095824e-234,0.0,0.0,0.0,0.0019370660141386736,unicycle
3.1391963024353107,-8.594909518838469,1.2104166666666665,0.0,0.0,-1.5541449636940927,0.4445177759262437,1.6516424490441477e-234,0.0,0.0,0.0,0.001898311435600174,unicycle
3.1393444944458433,-8.603798460344668,1.2104166666666665,0.0,0.0,-1.5541077734901323,0.4445088356313101,1.3773060056305827e-234,0.0,0.0,0.0,0.0018595101980384578,unicycle
3.139493010622656,-8.612687219104714,1.2104166666666665,0.0,0.0,-1.5540713602087393,0.44449997007253644,1.1479571895248642e-234,0.0,0.0,0.0,0.0018206640696436462,unicycle
3.13964184406848,-8.621575796748314,1.2104166666666665,0.0,0.0,-1.5540357247123497,0.44449118081587374,9.563229165911583e-235,0.0,0.0,0.0,0.0017817748194794382,unicycle
3.1397909879057067,-8.630464196492643,1.2104166666666665,0.0,0.0,-1.5540008678370838,0.44448254720286573,7.96286913579854e-235,0.0,0.0,0.0,0.0017428437632986595,unicycle
3.1399404352647466,-8.639352422422279,1.2104166666666665,0.0,0.0,-1.5539667903884111,0.444474112567369,6.627092403983626e-235,0.0,0.0,0.0,0.0017038724336457193,unicycle
3.1400901792556675,-8.648240477780853,1.2104166666666665,0.0,0.0,-1.5539334931311106,0.4444658348151775,5.512733080752667e-235,0.0,0.0,0.0,0.0016648628650181045,unicycle
3.140240212972249,-8.65712836519785,1.2104166666666665,0.0,0.0,-1.5539009767906706,0.4444576831946881,4.583563301834047e-235,0.0,0.0,0.0,0.0016258170220094105,unicycle
3.1403905294951877,-8.666016086863173,1.2104166666666665,0.0,0.0,-1.5538692420543654,0.444449635684193,3.8091972077489275e-235,0.0,0.0,0.0,0.0015867368152740486,unicycle
3.1405411218946258,-8.674903644660612,1.2104166666666665,0.0,0.0,-1.5538382895720824,0.44444167693825937,3.1641645073042514e-235,0.0,0.0,0.0,0.0015476241141489,unicycle
3.140691983232157,-8.683791040269172,1.2104166666666665,0.0,0.0,-1.5538081199569507,0.4444337966789806,2.6271280593008513e-235,0.0,0.0,0.0,0.0015084807565806076,unicycle
3.1408431065624125,-8.692678275239277,1.2104166666666665,0.0,0.0,-1.5537787337858129,0.44442598844045755,2.1802236306422238e-235,0.0,0.0,0.0,0.001469308556888994,unicycle
3.140994484934326,-8.701565351049473,1.2104166666666665,0.0,0.0,-1.5537501315995765,0.44441824859309303,1.808503196469069e-235,0.0,0.0,0.0,0.0014301093117988872,unicycle
3.1411461113921475,-8.710452269148023,1.2104166666666665,0.0,0.0,-1.5537223139034748,0.4444105755889766,1.4994659050952767e-235,0.0,0.0,0.0,0.0013908848050918005,unicycle
3.141297978976262,-8.719339030982917,1.2104166666666665,0.0,0.0,-1.5536952811672515,0.4444029693814737,1.242663196379644e-235,0.0,0.0,0.0,0.0013516368111621793,unicycle
3.141450080723863,-8.728225638022998,1.2104166666666665,0.0,0.0,-1.5536690338252972,0.44439543098164985,1.02936658889984e-235,0.0,0.0,0.0,0.0013123670977080797,unicycle
3.1416024096695048,-8.73711209177236,1.2104166666666665,0.0,0.0,-1.5536435722767423,0.44438796212180887,8.52288384821337e-236,0.0,0.0,0.0,0.001273077427741319,unicycle
3.1417549588455773,-8.7459983937797,1.2104166666666665,0.0,0.0,-1.5536188968855207,0.4443805650025565,7.053470219377338e-236,0.0,0.0,0.0,0.0012337695610653593,unicycle
3.1419077212827102,-8.754884545643893,1.2104166666666665,0.0,0.0,-1.5535950079804144,0.4443732421047139,5.834700651799322e-236,0.0,0.0,0.0,0.0011944452553395253,unicycle
3.1420606900101333,-8.763770549016815,1.2104166666666665,0.0,0.0,-1.5535719058550779,0.4443659960513308,4.8242890559087615e-236,0.0,0.0,0.0,0.0011551062668237791,unicycle
3.142213858056001,-8.77265640560418,1.2104166666666665,0.0,0.0,-1.5535495907680605,0.4443588295081853,3.987001499515753e-236,0.0,0.0,0.0,0.0011157543508789277,unicycle
3.1423672184476894,-8.781542117164962,1.2104166666666665,0.0,0.0,-1.5535280629428152,0.44435174511365383,3.2934946197502675e-236,0.0,0.0,0.0,0.0010763912622810566,unicycle
3.142520764212083,-8.79042768550988,1.2104166666666665,0.0,0.0,-1.553507322567707,0.4443447454308197,2.719342761788588e-236,0.0,0.0,0.0,0.001037018755396443,unicycle
3.142674488375844,-8.799313112499233,1.2104166666666665,0.0,0.0,-1.553487369796022,0.44433783291626466,2.244223653835193e-236,0.0,0.0,0.0,0.0009976385842531783,unicycle
3.142828383965675,-8.808198400040384,1.2104166666666665,0.0,0.0,-1.5534682047459716,0.4443310099012335,1.851237170440287e-236,0.0,0.0,0.0,0.0009582525025372973,unicycle
3.142982444008581,-8.81708355008503,1.2104166666666665,0.0,0.0,-1.5534498275007007,0.44432427858184664,1.5263357500835568e-236,0.0,0.0,0.0,0.0009188622635350579,unicycle
3.143136661532126,-8.825968564626411,1.2104166666666665,0.0,0.0,-1.5534322381083001,0.4443176410158087,1.257848426933377e-236,0.0,0.0,0.0,0.0008794696200378752,unicycle
3.1432910295646908,-8.834853445696545,1.2104166666666665,0.0,0.0,-1.5534154365818154,0.44431109912366845,1.0360833040193608e-236,0.0,0.0,0.0,0.0008400763242221369,unicycle
3.143445541135732,-8.843738195363562,1.2104166666666665,0.0,0.0,-1.5533994228992651,0.4443046546931621,8.529957154224581e-237,0.0,0.0,0.0,0.0008006841275134356,unicycle
3.1436001892760417,-8.852622815729134,1.2104166666666665,0.0,0.0,-1.553384197003656,0.44429830938553794,7.019113665127109e-237,0.0,0.0,0.0,0.0007612947804420079,unicycle
3.1437549670180096,-8.861507308926086,1.2104166666666665,0.0,0.0,-1.5533697588030064,0.4442920647430502,5.772954617367854e-237,0.0,0.0,0.0,0.0007219100324942072,unicycle
3.143909867395887,-8.870391677116153,1.2104166666666665,0.0,0.0,-1.553356108170367,0.44428592219702895,4.745602783450482e-237,0.0,0.0,0.0,0.0006825316319638236,unicycle
3.1440648834460516,-8.87927592248791,1.2104166666666665,0.0,0.0,-1.5533432449438516,0.44427988307610106,3.899048637341387e-237,0.0,0.0,0.0,0.0006431613258053954,unicycle
3.1442200082072804,-8.888160047254841,1.2104166666666665,0.0,0.0,-1.5533311689266618,0.44427394861426917,3.2018155942686515e-237,0.0,0.0,0.0,0.0006038008594911252,unicycle
3.1443752347210165,-8.897044053653604,1.2104166666666665,0.0,0.0,-1.5533198798871244,0.4442681199586488,2.627849163756429e-237,0.0,0.0,0.0,0.0005644519768726172,unicycle
3.1445305560316417,-8.905927943942393,1.2104166666666665,0.0,0.0,-1.5533093775587234,0.44426239817673885,2.1555928990717778e-237,0.0,0.0,0.0,0.0005251164200476471,unicycle
3.144685965186754,-8.914811720399477,1.2104166666666665,0.0,0.0,-1.5532996616401387,0.4442567842631536,1.7672200994423295e-237,0.0,0.0,0.0,0.00048579592923209553,unicycle
3.1448414552374393,-8.923695385321832,1.2104166666666665,0.0,0.0,-1.5532907317952858,0.4442512791457828,1.447995315203165e-237,0.0,0.0,0.0,0.0004464922426371491,unicycle
3.1449970192657988,-8.93257894258102,1.2104166666666665,0.0,0.0,-1.553282587657956,0.44424596155909946,1.1857439757689477e-237,0.0,0.0,0.0,0.000407206866501252,unicycle
3.145152650372642,-8.941462396902692,1.2104166666666665,0.0,0.0,-1.5532752288296012,0.44424087420846037,9.704120371755264e-238,0.0,0.0,0.0,0.000367941417737381,unicycle
3.1453083416478447,-8.950345752157395,1.2104166666666665,0.0,0.0,-1.55326865487427,0.4442359743276105,7.937005405827506e-238,0.0,0.0,0.0,0.0003286977665783529,unicycle
3.1454640861746146,-8.9592290115874,1.2104166666666665,0.0,0.0,-1.5532628653194078,0.4442312304943392,6.487624789063415e-238,0.0,0.0,0.0,0.00028947774311804416,unicycle
3.145619877032842,-8.968112177981252,1.2104166666666665,0.0,0.0,-1.5532578596564919,0.44422662001662805,5.299514642831928e-238,0.0,0.0,0.0,0.0002502831457914925,unicycle
3.145775707301735,-8.976995253807251,1.2104166666666665,0.0,0.0,-1.553253637341529,0.44422212687814855,4.326134405711077e-238,0.0,0.0,0.0,0.00021111574812473892,unicycle
3.1459315700618937,-8.985878241314728,1.2104166666666665,0.0,0.0,-1.5532501977954483,0.4442177401288431,3.529141482339125e-238,0.0,0.0,0.0,0.00017197730406999506,unicycle
3.1460874583969427,-8.994761142610225,1.2104166666666665,0.0,0.0,-1.5532475404044046,0.44421345262890716,2.876962705876363e-238,0.0,0.0,0.0,0.00013286955219008744,unicycle
3.1462433653948216,-9.003643959714147,1.2104166666666665,0.0,0.0,-1.5532456645200265,0.4442092600727216,2.3436120981948513e-238,0.0,0.0,0.0,9.379421891169334e-05,unicycle
3.1463992841488113,-9.012526694602318,1.2104166666666665,0.0,0.0,-1.553244569459606,0.4442051602339864,1.9077129146500764e-238,0.0,0.0,0.0,5.475302102986879e-05,unicycle
3.1465552077583543,-9.021409349235935,1.2104166666666665,0.0,0.0,-1.5532442545062537,0.44420115238514524,1.5516890485086777e-238,0.0,0.0,0.0,1.5747667613427117e-05,unicycle
3.1467111293297183,-9.030291925582636,1.2104166666666665,0.0,0.0,-1.553244718909025,0.4441972368537156,1.2610967761718827e-238,0.0,0.0,0.0,-2.322013856568085e-05,unicycle
3.1468670419765425,-9.039174425630856,1.2104166666666665,0.0,0.0,-1.5532459618830248,0.444193414685787,1.0240727429685357e-238,0.0,0.0,0.0,-6.214869997892606e-05,unicycle
3.1470229388202924,-9.048056851399116,1.2104166666666665,0.0,0.0,-1.5532479826094963,0.4441896873930888,8.308781835796008e-239,0.0,0.0,0.0,-0.00010103632358253846,unicycle
3.1471788129906475,-9.056939204941546,1.2104166666666665,0.0,0.0,-1.5532507802359017,0.44418605676493955,6.735227776057002e-239,0.0,0.0,0.0,-0.00013988132028811153,unicycle
3.147334657625841,-9.065821488350666,1.2104166666666665,0.0,0.0,-1.5532543538759938,0.4441825247303237,5.454543735977914e-239,0.0,0.0,0.0,-0.000178682004610142,unicycle
3.147490465872963,-9.074703703758164,1.2104166666666665,0.0,0.0,-1.5532587026098825,0.4441790932584742,4.413031695181928e-239,0.0,0.0,0.0,-0.00021743669444854906,unicycle
3.147646230888238,-9.08358585333428,1.2104166666666665,0.0,0.0,-1.5532638254841022,0.44417576428884015,3.5667089387140217e-239,0.0,0.0,0.0,-0.00025614371097312913,unicycle
3.1478019458372835,-9.092467939286236,1.2104166666666665,0.0,0.0,-1.553269721511674,0.4441725396833044,2.879571562785135e-239,0.0,0.0,0.0,-0.0002948013785838196,unicycle
3.14795760389536,-9.101349963856038,1.2104166666666665,0.0,0.0,-1.5532763896721729,0.44416942119509295,2.322164846908236e-239,0.0,0.0,0.0,-0.00033340802492646615,unicycle
3.148113198247612,-9.110231929317917,1.2104166666666665,0.0,0.0,-1.5532838289117923,0.4441664104500636,1.8704068515657148e-239,0.0,0.0,0.0,-0.00037196198094825033,unicycle
3.1482687220893038,-9.11911383797556,1.2104166666666665,0.0,0.0,-1.5532920381434117,0.44416350893704626,1.5046208776984648e-239,0.0,0.0,0.0,-0.0004104615809807094,unicycle
3.1484241686260552,-9.127995692159292,1.2104166666666665,0.0,0.0,-1.5533010162466683,0.4441607180046827,1.2087401139797336e-239,0.0,0.0,0.0,-0.00044890516284110923,unicycle
3.1485795310740765,-9.13687749422327,1.2104166666666665,0.0,0.0,-1.5533107620680275,0.4441580388628198,9.696541687370617e-240,0.0,0.0,0.0,-0.00048729106794526003,unicycle
3.1487348026604027,-9.145759246542793,1.2104166666666665,0.0,0.0,-1.5533212744208562,0.4441554725869868,7.766724592498748e-240,0.0,0.0,0.0,-0.0005256176414267268,unicycle
3.1488899766231326,-9.154640951511709,1.2104166666666665,0.0,0.0,-1.5533325520855013,0.4441530201248551,6.210837981810421e-240,0.0,0.0,0.0,-0.000563883232258643,unicycle
3.149045046211667,-9.16352261154,1.2104166666666665,0.0,0.0,-1.5533445938093686,0.44415068230386706,4.957951299883167e-240,0.0,0.0,0.0,-0.0006020861933755268,unicycle
3.14920000468695,-9.17240422905152,1.2104166666666665,0.0,0.0,-1.5533573983070046,0.4441484598394406,3.9503535808827565e-240,0.0,0.0,0.0,-0.0006402248817933504,unicycle
3.1493548453217124,-9.181285806481903,1.2104166666666665,0.0,0.0,-1.5533709642601792,0.4441463533433256,3.1411267333519805e-240,0.0,0.0,0.0,-0.0006782976587266076,unicycle
3.149509561400719,-9.190167346276628,1.2104166666666665,0.0,0.0,-1.5533852903179735,0.444144363331816,2.4921583493033976e-240,0.0,0.0,0.0,-0.0007163028897017357,unicycle
3.1496641462210135,-9.19904885088926,1.2104166666666665,0.0,0.0,-1.5534003750968668,0.4441424902336213,1.9725154000403027e-240,0.0,0.0,0.0,-0.0007542389446665255,unicycle
3.149818593092172,-9.207930322779816,1.2104166666666665,0.0,0.0,-1.5534162171808288,0.4441407343972699,1.5571140906795407e-240,0.0,0.0,0.0,-0.0007921041980953329,unicycle
3.1499728953365516,-9.216811764413285,1.2104166666666665,0.0,0.0,-1.5534328151214105,0.44413909609797375,1.225632621277676e-240,0.0,0.0,0.0,-0.0008298970290902138,unicycle
3.150127046289543,-9.225693178258261,1.2104166666666665,0.0,0.0,-1.5534501674378403,0.4441375755439195,9.616230660387343e-241,0.0,0.0,0.0,-0.0008676158214781149,unicycle
3.1502810393268286,-9.234574568343076,1.2104166666666665,0.0,0.0,-1.5534682726171416,0.4441362507619232,7.517863824257858e-241,0.0,0.0,0.0,-0.0009052589650770966,unicycle
3.150434867852061,-9.243455939535172,1.2104166666666665,0.0,0.0,-1.5534871291140895,0.44413516374329126,5.8538098830113335e-241,0.0,0.0,0.0,-0.0009428248474021929,unicycle
3.1505885252674903,-9.252337295831635,1.2104166666666665,0.0,0.0,-1.5535067353512135,0.4441342709940386,4.537406369208303e-241,0.0,0.0,0.0,-0.0009803118562016007,unicycle
3.15074200497822,-9.26121864058607,1.2104166666666665,0.0,0.0,-1.553527089718984,0.44413354036666397,3.4988167486514765e-241,0.0,0.0,0.0,-0.0010177183885388367,unicycle
3.1508953003955398,-9.270099976683202,1.2104166666666665,0.0,0.0,-1.5535481905759838,0.4441329484459257,2.6818335071268698e-241,0.0,0.0,0.0,-0.0010550428499871952,unicycle
3.1510484049395346,-9.278981306672385,1.2104166666666665,0.0,0.0,-1.5535700362490619,0.44413247849406307,2.0412778799020486e-241,0.0,0.0,0.0,-0.0010922836539043561,unicycle
3.1512013120411293,-9.287862632868931,1.2104166666666665,0.0,0.0,-1.5535926250334782,0.4441321188411793,1.5408865665794726e-241,0.0,0.0,0.0,-0.0011294392208112685,unicycle
3.151354015143688,-9.296743957430309,1.2104166666666665,0.0,0.0,-1.553615955193036,0.44413186162909335,1.1515956564307913e-241,0.0,0.0,0.0,-0.0011665079778828144,unicycle
3.151506507704272,-9.305625282412832,1.2104166666666665,0.0,0.0,-1.5536400249602071,0.4441317018351957,8.5014831103253e-242,0.0,0.0,0.0,-0.001203488358547265,unicycle
3.1516587831946303,-9.314506609813241,1.2104166666666665,0.0,0.0,-1.5536648325362508,0.44413163651755067,6.179661423239898e-242,0.0,0.0,0.0,-0.0012403788021856164,unicycle
3.151810835101989,-9.3233879415987,1.2104166666666665,0.0,0.0,-1.5536903760913292,0.44413166423432565,4.402352051513148e-242,0.0,0.0,0.0,-0.0012771777539188594,unicycle
3.151962656929681,-9.332269279727889,1.2104166666666665,0.0,0.0,-1.5537166537646185,0.444131784600154,3.051665227105527e-242,0.0,0.0,0.0,-0.0013138836644700867,unicycle
3.1521142421976593,-9.341150626165387,1.2104166666666665,0.0,0.0,-1.5537436636644202,0.44413199794969027,2.0339843439538844e-242,0.0,0.0,0.0,-0.0013504949900885396,unicycle
3.1522655844429206,-9.350031982891005,1.2104166666666665,0.0,0.0,-1.553771403868271,0.44413230508475077,1.2751408943159515e-242,0.0,0.0,0.0,-0.001387010192523633,unicycle
3.152416677219863,-9.35891335190535,1.2104166666666665,0.0,0.0,-1.553799872423052,0.4441327070863517,7.165234594692464e-243,0.0,0.0,0.0,-0.0014234277390381628,unicycle
3.1525675141005967,-9.36779473523263,1.2104166666666665,0.0,0.0,-1.5538290673451007,0.444133205176884,3.1194370946976085e-243,0.0,0.0,0.0,-0.0014597461024513877,unicycle
3.152718088675214,-9.376676134921484,1.2104166666666665,0.0,0.0,-1.553858986620325,0.44413380062080143,2.5115342031967915e-244,0.0,0.0,0.0,-0.0014959637612041773,unicycle
3.152868394552042,-9.385557553044402,1.2104166666666665,0.0,0.0,-1.5538896282043138,0.4441344946547007,-1.723711839203701e-243,0.0,0.0,0.0,-0.0015320791994397967,unicycle
3.153018425357872,-9.394438991696207,1.2104166666666665,0.0,0.0,-1.5539209900224555,0.44413528843965483,-3.0267329367185966e-243,0.0,0.0,0.0,-0.001568090907095041,unicycle
3.1531681747381803,-9.403320452991906,1.2104166666666665,0.0,0.0,-1.5539530699700552,0.444136183030241,-3.829975792696177e-243,0.0,0.0,0.0,-0.0016039973799976434,unicycle
3.1533176363573414,-9.412201939064172,1.2104166666666665,0.0,0.0,-1.5539858659124544,0.4441371793559488,-4.2664037914095844e-243,0.0,0.0,0.0,-0.0016397971199668007,unicycle
3.153466803898837,-9.421083452060634,1.2104166666666665,0.0,0.0,-1.5540193756851528,0.4441382782116426,-4.438184282363963e-243,0.0,0.0,0.0,-0.0016754886349144241,unicycle
3.1536156710654653,-9.429964994141113,1.2104166666666665,0.0,0.0,-1.554053597093932,0.4441394802545217,-4.4233068110668884e-243,0.0,0.0,0.0,-0.0017110704389453955,unicycle
3.1537642315795438,-9.438846567474881,1.2104166666666665,0.0,0.0,-1.5540885279149814,0.44414078600563545,-4.2808454798533247e-243,0.0,0.0,0.0,-0.0017465410524556007,unicycle
3.1539124791831243,-9.447728174238021,1.2104166666666665,0.0,0.0,-1.5541241658950262,0.4441421958544806,-4.055133972926327e-243,0.0,0.0,0.0,-0.0017818990022269812,unicycle
3.1540604076381964,-9.456609816610907,1.2104166666666665,0.0,0.0,-1.5541605087514565,0.44414371006558107,-3.7790699445346016e-243,0.0,0.0,0.0,-0.0018171428215191202,unicycle
3.1542080107269017,-9.465491496775845,1.2104166666666665,0.0,0.0,-1.5541975541724593,0.44414532878623575,-3.476723436119132e-243,0.0,0.0,0.0,-0.0018522710501571703,unicycle
3.1543552822517475,-9.474373216914882,1.2104166666666665,0.0,0.0,-1.5542352998171516,0.44414705205484106,-3.1653899352569986e-243,0.0,0.0,0.0,-0.001887282234616028,unicycle
3.154502216035822,-9.483254979207793,1.2104166666666665,0.0,0.0,-1.5542737433157134,0.44414887980936374,-2.857201127951477e-243,0.0,0.0,0.0,-0.001922174928100877,unicycle
3.1546488059230113,-9.492136785830205,1.2104166666666665,0.0,0.0,-1.5543128822695262,0.44415081189566913,-2.56038411129487e-243,0.0,0.0,0.0,-0.0019569476906243022,unicycle
3.154795045778221,-9.501018638951921,1.2104166666666665,0.0,0.0,-1.5543527142513076,0.44415284807550653,-2.2802418346423864e-243,0.0,0.0,0.0,-0.0019915990890801215,unicycle
3.154940929487594,-9.509900540735364,1.2104166666666665,0.0,0.0,-1.554393236805254,0.44415498803402614,-2.0199130162306408e-243,0.0,0.0,0.0,-0.0020261276973142592,unicycle
3.1550864509587373,-9.518782493334175,1.2104166666666665,0.0,0.0,-1.5544344474471778,0.44415723138675556,-1.7809580804967284e-243,0.0,0.0,0.0,-0.0020605320961929706,unicycle
3.155231604120942,-9.527664498891934,1.2104166666666665,0.0,0.0,-1.554476343664651,0.444159577686002,-1.5638082434699857e-243,0.0,0.0,0.0,-0.0020948108736685966,unicycle
3.1553763829508115,-9.536546561098165,1.2104166666666665,0.0,0.0,-1.5545189229127474,0.444162104295425,-1.36810730377359e-243,0.0,0.0,0.0,-0.002128962404830287,unicycle
3.1555207814605555,-9.545428684467888,1.2104166666666665,0.0,0.0,-1.5545621826160945,0.4441648525517273,-1.1929696208530018e-243,0.0,0.0,0.0,-0.002162985167346255,unicycle
3.1556647936703675,-9.554310872632449,1.2104166666666665,0.0,0.0,-1.5546061201737795,0.44416777832239634,-1.0371728924742656e-243,0.0,0.0,0.0,-0.0021968778842538497,unicycle
3.155808413612463,-9.563193128566462,1.2104166666666665,0.0,0.0,-1.554650732958931,0.44417084882439856,-8.993004469943098e-244,0.0,0.0,0.0,-0.002230639257586859,unicycle
3.155951635334231,-9.572075454762487,1.2104166666666665,0.0,0.0,-1.5546960183184317,0.4441740400103524,-7.778446532744784e-244,0.0,0.0,0.0,-0.0022642679750306885,unicycle
3.1560944529006933,-9.580957853364623,1.2104166666666665,0.0,0.0,-1.554741973572733,0.44417733451407254,-6.71280569229139e-244,0.0,0.0,0.0,-0.0022977627150584205,unicycle
3.156236860396422,-9.589840326269922,1.2104166666666665,0.0,0.0,-1.554788596015751,0.4441807200412224,-5.7811697496248946e-244,0.0,0.0,0.0,-0.0023311221508985486,unicycle
3.1563788519270326,-9.59872287520469,1.2104166666666665,0.0,0.0,-1.5548358829148228,0.44418418811339166,-4.9693036810361615e-244,0.0,0.0,0.0,-0.0023643449536038764,unicycle
3.156520421620351,-9.60760550178125,1.2104166666666665,0.0,0.0,-1.5548838315107112,0.4441877330921496,-4.2638625645281683e-244,0.0,0.0,0.0,-0.0023974297944285806,unicycle
3.156661563627328,-9.616488207539655,1.2104166666666665,0.0,0.0,-1.5549324390176444,0.4441913514243203,-3.652511012035943e-244,0.0,0.0,0.0,-0.0024303753466724132,unicycle
3.156802272122761,-9.625370993977754,1.2104166666666665,0.0,0.0,-1.5549817026233868,0.4441950410615678,-3.123974902921652e-244,0.0,0.0,0.0,-0.0024631802871141373,unicycle
3.1569425413058663,-9.634253862572404,1.2104166666666665,0.0,0.0,-1.5550316194893294,0.4441988010169012,-2.668045136082802e-244,0.0,0.0,0.0,-0.0024958432971280437,unicycle
3.157082365400739,-9.643136814793973,1.2104166666666665,0.0,0.0,-1.5550821867506006,0.4442026310283611,-2.2755483594391593e-244,0.0,0.0,0.0,-0.002528363063555637,unicycle
3.157221738656732,-9.652019852115762,1.2104166666666665,0.0,0.0,-1.5551334015161884,0.4442065313062849,-1.9382959243920538e-244,0.0,0.0,0.0,-0.002560738279387952,unicycle
3.1573606553487714,-9.660902976019694,1.2104166666666665,0.0,0.0,-1.5551852608690744,0.44421050234546045,-1.6490194310539217e-244,0.0,0.0,0.0,-0.0025929676443012376,unicycle
3.1574991097776235,-9.669786187999224,1.2104166666666665,0.0,0.0,-1.555237761866376,0.4442145447874124,-1.4012990032847846e-244,0.0,0.0,0.0,-0.0026250498650789485,unicycle
3.157637096270135,-9.678669489560296,1.2104166666666665,0.0,0.0,-1.555290901539495,0.4442186593211976,-1.1894887216797185e-244,0.0,0.0,0.0,-0.0026569836559454355,unicycle
3.157774609179443,-9.687552882220881,1.2104166666666665,0.0,0.0,-1.5553446768942716,0.4442228466135871,-1.0086423367485802e-244,0.0,0.0,0.0,-0.002688767738831004,unicycle
3.1579116428851757,-9.696436367509571,1.2104166666666665,0.0,0.0,-1.5553990849111432,0.44422710726149905,-8.5444139545553e-245,0.0,0.0,0.0,-0.0027204008435835507,unicycle
3.1580481917936365,-9.705319946963561,1.2104166666666665,0.0,0.0,-1.5554541225453056,0.44423144176112295,-7.231271720985064e-245,0.0,0.0,0.0,-0.002751881708138621,unicycle
3.1581842503379858,-9.714203622126247,1.2104166666666665,0.0,0.0,-1.555509786726879,0.4442358504894216,-6.114372438521786e-245,0.0,0.0,0.0,-0.0027832090786570705,unicycle
3.1583198129784162,-9.723087394544658,1.2104166666666665,0.0,0.0,-1.5555660743610717,0.444240333694684,-5.165471484768421e-245,0.0,0.0,0.0,-0.002814381709637481,unicycle
3.15845487420233,-9.73197126576681,1.2104166666666665,0.0,0.0,-1.555622982328352,0.444244891493575,-4.360172723194412e-245,0.0,0.0,0.0,-0.002845398364008945,unicycle
3.1585894285245106,-9.740855237339089,1.2104166666666665,0.0,0.0,-1.5556805074846163,0.4442495238727364,-3.677449138207286e-245,0.0,0.0,0.0,-0.0028762578132085605,unicycle
3.158723470487302,-9.749739310803756,1.2104166666666665,0.0,0.0,-1.5557386466613612,0.4442542306934694,-3.099213302032218e-245,0.0,0.0,0.0,-0.002906958837247101,unicycle
3.158856994660782,-9.758623487696553,1.2104166666666665,0.0,0.0,-1.5557973966658563,0.4442590116983971,-2.609934864268976e-245,0.0,0.0,0.0,-0.00293750022476553,unicycle
3.158989995642941,-9.767507769544483,1.2104166666666665,0.0,0.0,-1.555856754281318,0.4442638665192935,-2.196301731365526e-245,0.0,0.0,0.0,-0.0029678807730844983,unicycle
3.159122468059864,-9.776392157863755,1.2104166666666665,0.0,0.0,-1.555916716267083,0.4442687946854853,-1.8469213437392204e-245,0.0,0.0,0.0,-0.002998099288248454,unicycle
3.159254406565911,-9.785276654157904,1.2104166666666665,0.0,0.0,-1.5559772793587845,0.44427379563240244,-1.5520583876885346e-245,0.0,0.0,0.0,-0.0030281545850656824,unicycle
3.1593858058438995,-9.79416125991607,1.2104166666666665,0.0,0.0,-1.5560384402685272,0.4442788687099825,-1.3034053403414817e-245,0.0,0.0,0.0,-0.0030580454871452956,unicycle
3.159516660605291,-9.803045976611445,1.2104166666666665,0.0,0.0,-1.5561001956850655,0.44428401319073074,-1.0938823954899277e-245,0.0,0.0,0.0,-0.003087770826931964,unicycle
3.1596469655903765,-9.811930805699873,1.2104166666666665,0.0,0.0,-1.5561625422739802,0.44428922827731004,-9.174635239910979e-246,0.0,0.0,0.0,-0.0031173294457390137,unicycle
3.159776715568463,-9.820815748618587,1.2104166666666665,0.0,0.0,-1.556225476677856,0.444294513109589,-7.690256606627166e-246,0.0,0.0,0.0,-0.00314672019378036,unicycle
3.1599059053380616,-9.829700806785082,1.2104166666666665,0.0,0.0,-1.55628899551646,0.4442998667711145,-6.442182629519647e-246,0.0,0.0,0.0,-0.0031759419302016608,unicycle
3.1600345297496495,-9.838585983152704,1.2104166666666665,0.0,0.0,-1.5563530953784708,0.44430536613362115,-5.393507427998963e-246,0.0,0.0,0.0,-0.003204993100549322,unicycle
3.1601625836951484,-9.847471281490602,1.2104166666666665,0.0,0.0,-1.556417772825451,0.444311052062391,-4.512955235178756e-246,0.0,0.0,0.0,-0.0032338723490075295,unicycle
3.1602900620833965,-9.85635670467531,1.2104166666666665,0.0,0.0,-1.5564830244012402,0.44431687999341807,-3.7740471245915313e-246,0.0,0.0,0.0,-0.0032625787894557156,unicycle
3.160416959843772,-9.865242254917776,1.2104166666666665,0.0,0.0,-1.5565488466309692,0.4443228167152157,-3.1543860425144663e-246,0.0,0.0,0.0,-0.0032911114864594047,unicycle
3.1605432719290167,-9.87412793393813,1.2104166666666665,0.0,0.0,-1.556615236020345,0.4443288377560042,-2.6350443636466246e-246,0.0,0.0,0.0,-0.003319469468796135,unicycle
3.160668993317426,-9.883013743099385,1.2104166666666665,0.0,0.0,-1.5566821890551445,0.44433492533005703,-2.200040079638138e-246,0.0,0.0,0.0,-0.0033476517399940587,unicycle
3.1607941190145494,-9.891899683508969,1.2104166666666665,0.0,0.0,-1.5567497022008752,0.4443410667289884,-1.8358894428555364e-246,0.0,0.0,0.0,-0.0033756572865318185,unicycle
3.160918644054509,-9.900785756095155,1.2104166666666665,0.0,0.0,-1.5568177719025598,0.44434725306633727,-1.531225426744969e-246,0.0,0.0,0.0,-0.003403485084208725,unicycle
3.1610425635010233,-9.90967196166398,1.2104166666666665,0.0,0.0,-1.5568863945846212,0.4443534783020247,-1.2764727378350564e-246,0.0,0.0,0.0,-0.0034311341030845693,unicycle
3.1611658724482035,-9.918558300941077,1.2104166666666665,0.0,0.0,-1.5569555666508474,0.4443597384879526,-1.063571333650479e-246,0.0,0.0,0.0,-0.0034586033113022433,unicycle
3.1612885660211734,-9.927444774601907,1.2104166666666665,0.0,0.0,-1.5570252844844084,0.44436603118785084,-8.85741477644128e-247,0.0,0.0,0.0,-0.003485891678038615,unicycle
3.161410639376561,-9.936331383293123,1.2104166666666665,0.0,0.0,-1.5570955444479235,0.44437235503399447,-7.372843092278122e-247,0.0,0.0,0.0,-0.0035129981757759925,unicycle
3.161532087702887,-9.94521812764722,1.2104166666666665,0.0,0.0,-1.5571663428835645,0.4443787093910647,-6.134127365651497e-247,0.0,0.0,0.0,-0.003539921782044786,unicycle
3.161652906220883,-9.954105008292123,1.2104166666666665,0.0,0.0,-1.5572376761131796,0.4443850941035568,-5.101081840525314e-247,0.0,0.0,0.0,-0.003566661480755229,unicycle
3.1617730901837473,-9.962992025857037,1.2104166666666665,0.0,0.0,-1.5573095404384438,0.4443915093080538,-4.239993567809559e-247,0.0,0.0,0.0,-0.00359321626321038,unicycle
3.1618926348773666,-9.971879180975527,1.2104166666666665,0.0,0.0,-1.557381932141021,0.44439795529561343,-3.522597313876316e-247,0.0,0.0,0.0,-0.0036195851288724425,unicycle
3.1620115356205067,-9.980766474286627,1.2104166666666665,0.0,0.0,-1.5574548474827397,0.4444044324126489,-2.925209563618603e-247,0.0,0.0,0.0,-0.003645767085938714,unicycle
3.162129787764982,-9.989653906434548,1.2104166666666665,0.0,0.0,-1.557528282705775,0.44441094099118506,-2.4279975397646412e-247,0.0,0.0,0.0,-0.0036717611517710002,unicycle
3.16224738669581,-9.998541478067448,1.2104166666666665,0.0,0.0,-1.557602234032839,0.4444174813013558,-2.014362686164246e-247,0.0,0.0,0.0,-0.0036975663532127366,unicycle
3.1623643278313582,-10.007429189835578,1.2104166666666665,0.0,0.0,-1.5576766976673755,0.44442405352058445,-1.6704210957634238e-247,0.0,0.0,0.0,-0.0037231817268204275,unicycle
3.1624806066234865,-10.016317042389057,1.2104166666666665,0.0,0.0,-1.5577516697937557,0.4444306577151367,-1.3845659681441733e-247,0.0,0.0,0.0,-0.0037486063190300457,unicycle
3.1625962185576806,-10.025205036375452,1.2104166666666665,0.0,0.0,-1.5578271465774816,0.44443729383071884,-1.1470994136626187e-247,0.0,0.0,0.0,-0.003773839186274427,unicycle
3.162711159153191,-10.034093172437327,1.2104166666666665,0.0,0.0,-1.5579031241653825,0.4444439616895689,-9.499228314752081e-248,0.0,0.0,0.0,-0.00379887939506406,unicycle
3.1628254239631652,-10.042981451209801,1.2104166666666665,0.0,0.0,-1.5579795986858238,0.44445066099209535,-7.862767210917543e-248,0.0,0.0,0.0,-0.0038237260220407797,unicycle
3.162939008574785,-10.051869873318205,1.2104166666666665,0.0,0.0,-1.5580565662489037,0.4444573913215949,-6.505221800190999e-248,0.0,0.0,0.0,-0.0038483781540117287,unicycle
3.163051908609404,-10.060758439375876,1.2104166666666665,0.0,0.0,-1.5581340229466627,0.44446415215094737,-5.379575271147951e-248,0.0,0.0,0.0,-0.003872834887969158,unicycle
3.1631641197226816,-10.069647149982112,1.2104166666666665,0.0,0.0,-1.5582119648532848,0.44447094285047484,-4.4466450162700005e-248,0.0,0.0,0.0,-0.003897095331100369,unicycle
3.163275637604725,-10.078536005720286,1.2104166666666665,0.0,0.0,-1.5582903880253005,0.4444777626963716,-3.673793468462741e-248,0.0,0.0,0.0,-0.003921158600790996,unicycle
3.163386457980228,-10.087425007156149,1.2104166666666665,0.0,0.0,-1.558369288501793,0.4444846108792811,-3.0338481671147054e-248,0.0,0.0,0.0,-0.003945023824624045,unicycle
3.1634965766086105,-10.096314154836277,1.2104166666666665,0.0,0.0,-1.5584486623046008,0.44449148651272535,-2.504197624723358e-248,0.0,0.0,0.0,-0.003968690140376447,unicycle
3.1636059892841626,-10.105203449286698,1.2104166666666665,0.0,0.0,-1.558528505438521,0.44449838864118785,-2.0660348087179045e-248,0.0,0.0,0.0,-0.003992156696014461,unicycle
3.1637146918361845,-10.114092891011671,1.2104166666666665,0.0,0.0,-1.5586088138915146,0.4445053162477255,-1.7037244924390986e-248,0.0,0.0,0.0,-0.004015422649688866,unicycle
3.1638226801291327,-10.1229824804926,1.2104166666666665,0.0,0.0,-1.5586895836349093,0.4445122682610363,-1.4042744841795363e-248,0.0,0.0,0.0,-0.004038487169730558,unicycle
3.1639299500627613,-10.131872218187079,1.2104166666666665,0.0,0.0,-1.558770810623602,0.4445192435619514,-1.1568939164373345e-248,0.0,0.0,0.0,-0.004061349434646999,unicycle
3.164036497590966,-10.140762106083892,1.2104166666666665,0.0,0.0,-1.5588524907843282,0.4445263187867476,-9.52624456921482e-249,0.0,0.0,0.0,-0.00408400803631912,unicycle
3.164142318712944,-10.149652146983497,1.2104166666666665,0.0,0.0,-1.5589346200212864,0.44453353459259126,-7.840325633776064e-249,0.0,0.0,0.0,-0.004106461847901737,unicycle
3.1642474094528823,-10.158542342790634,1.2104166666666665,0.0,0.0,-1.5590171942293873,0.444540846260986,-6.449528099508717e-249,0.0,0.0,0.0,-0.004128710405046301,unicycle
3.1643517658630014,-10.167432694741414,1.2104166666666665,0.0,0.0,-1.5591002092927702,0.44454822042856534,-5.302739180579432e-249,0.0,0.0,0.0,-0.004150753169159863,unicycle
3.1644553840259175,-10.176323203578189,1.2104166666666665,0.0,0.0,-1.5591836610837078,0.44455563247564844,-4.3576047595865105e-249,0.0,0.0,0.0,-0.004172589546882834,unicycle
3.16455826005646,-10.185213869683361,1.2104166666666665,0.0,0.0,-1.5592675454618143,0.4445630644736588,-3.5790446779158287e-249,0.0,0.0,0.0,-0.004194218905312583,unicycle
3.1646603901030783,-10.194104693181055,1.2104166666666665,0.0,0.0,-1.5593518582734918,0.44457050357725225,-2.9380168820282245e-249,0.0,0.0,0.0,-0.004215640583876309,unicycle
3.1647617703489215,-10.202995674013675,1.2104166666666665,0.0,0.0,-1.559436595351563,0.4445779407695568,-2.410489212056273e-249,0.0,0.0,0.0,-0.004236853903567836,unicycle
3.16486239701267,-10.211886811998985,1.2104166666666665,0.0,0.0,-1.559521752515045,0.4445853698871393,-1.9765843557820286e-249,0.0,0.0,0.0,-0.004257858174113168,unicycle
3.1649622663491757,-10.220778106872102,1.2104166666666665,0.0,0.0,-1.5596073255690355,0.4445927868659994,-1.6198691426256418e-249,0.0,0.0,0.0,-0.004278652699511061,unicycle
3.1650613746499534,-10.22966955831588,1.2104166666666665,0.0,0.0,-1.5596933103046813,0.4446001891617203,-1.3267640905571694e-249,0.0,0.0,0.0,-0.004299236782300786,unicycle
3.165159718243567,-10.238561165982457,1.2104166666666665,0.0,0.0,-1.5597797024992182,0.44460757530641903,-1.086053089035745e-249,0.0,0.0,0.0,-0.004319609726834813,unicycle
3.1652572934959258,-10.247452929508073,1.2104166666666665,0.0,0.0,-1.5598664979160537,0.44461494457278294,-8.88476425730031e-250,0.0,0.0,0.0,-0.004339770841775215,unicycle
3.1653540968105247,-10.256344848522831,1.2104166666666665,0.0,0.0,-1.5599536923048933,0.4446222967216097,-7.263931472393138e-250,0.0,0.0,0.0,-0.004359719441985982,unicycle
3.1654501246286326,-10.265236922656714,1.2104166666666665,0.0,0.0,-1.5600412814018927,0.4446296318141784,-5.935010714200754e-250,0.0,0.0,0.0,-0.004379454849956556,unicycle
3.1655453734294534,-10.27412915154286,1.2104166666666665,0.0,0.0,-1.56012926092983,0.44463695007470616,-4.846047145801995e-250,0.0,0.0,0.0,-0.0043989763968628,unicycle
3.1656398397302565,-10.283021534818843,1.2104166666666665,0.0,0.0,-1.560217626598297,0.44464425179127764,-3.954230224577806e-250,0.0,0.0,0.0,-0.004418283423348622,unicycle
3.165733520086495,-10.291914072126557,1.2104166666666665,0.0,0.0,-1.560306374103899,0.44465153724613277,-3.224301514595258e-250,0.0,0.0,0.0,-0.0044373752800933195,unicycle
3.165826411091911,-10.300806763111169,1.2104166666666665,0.0,0.0,-1.5603954991304632,0.44465880666818297,-2.6272367971318302e-250,0.0,0.0,0.0,-0.004456251328215477,unicycle
3.1659185093786326,-10.309699607419438,1.2104166666666665,0.0,0.0,-1.560484997349254,0.4446660602022002,-2.139155727189423e-250,0.0,0.0,0.0,-0.0044749109395529315,unicycle
3.166009811617264,-10.31859260469767,1.2104166666666665,0.0,0.0,-1.560574864419191,0.44467329789036986,-1.740420165072962e-250,0.0,0.0,0.0,-0.004493353496849525,unicycle
3.166100314516978,-10.3274857545895,1.2104166666666665,0.0,0.0,-1.5606650959870683,0.44468051966288347,-1.4148888800815998e-250,0.0,0.0,0.0,-0.004511578393872405,unicycle
3.1661900148256015,-10.336379056733586,1.2104166666666665,0.0,0.0,-1.560755687687778,0.44468772533501827,-1.1493017941915846e-250,0.0,0.0,0.0,-0.004529585035478177,unicycle
3.166278909329703,-10.34527251076136,1.2104166666666665,0.0,0.0,-1.5608466351445307,0.44469491460876176,-9.327714883332949e-251,0.0,0.0,0.0,-0.004547372837641988,unicycle
3.166366994854679,-10.354166116294875,1.2104166666666665,0.0,0.0,-1.5609379339690796,0.4447020870775104,-7.563634840439284e-251,0.0,0.0,0.0,-0.0045649412274602445,unicycle
3.1664542682648436,-10.363059872944762,1.2104166666666665,0.0,0.0,-1.561029579761942,0.4447092422327438,-6.127499657289385e-251,0.0,0.0,0.0,-0.004582289643135108,unicycle
3.1665407264635133,-10.371953780308361,1.2104166666666665,0.0,0.0,-1.5611215681126211,0.44471637947186077,-4.959242295413916e-251,0.0,0.0,0.0,-0.004599417533946895,unicycle
3.166626366393098,-10.380847837968028,1.2104166666666665,0.0,0.0,-1.5612138945998255,0.4447234981065843,-4.0096532262706566e-251,0.0,0.0,0.0,-0.004616324360218938,unicycle
3.166711185035188,-10.389742045489596,1.2104166666666665,0.0,0.0,-1.561306554791691,0.44473059737151205,-3.238441452279802e-251,0.0,0.0,0.0,-0.004633009593278262,unicycle
3.1667951794106446,-10.398636402421005,1.2104166666666665,0.0,0.0,-1.5613995442459991,0.4447376764325173,-2.612637897076309e-251,0.0,0.0,0.0,-0.00464947271541453,unicycle
3.1668783465796895,-10.407530908291111,1.2104166666666665,0.0,0.0,-1.5614928585103962,0.4447447343948029,-2.1052813654396507e-251,0.0,0.0,0.0,-0.004665713219838935,unicycle
3.1669606836419937,-10.416425562608627,1.2104166666666665,0.0,0.0,-1.5615864931226089,0.444751770310482,-1.694337607563421e-251,0.0,0.0,0.0,-0.0046817306106442785,unicycle
3.1670421877367674,-10.425320364861214,1.2104166666666665,0.0,0.0,-1.5616804436106642,0.4447587831856147,-1.3618105895699687e-251,0.0,0.0,0.0,-0.004697524402766997,unicycle
3.167122856042849,-10.434215314514706,1.2104166666666665,0.0,0.0,-1.5617747054931033,0.44476577198666606,-1.0930121713001176e-251,0.0,0.0,0.0,-0.004713094121951618,unicycle
3.167202680873828,-10.443109748764074,1.2104166666666665,0.0,0.0,-1.561869040796601,0.4447396223597187,-8.759622722869532e-252,0.0,0.0,0.0,-0.00471676517488717,unicycle
3.167281644655205,-10.452001324900959,1.2104166666666665,0.0,0.0,-1.5619625984655223,0.4445963380822114,-7.008964746124439e-252,0.0,0.0,0.0,-0.004677883446083518,unicycle
3.1673597267098836,-10.460886094150942,1.2104166666666665,0.0,0.0,-1.5620538992621222,0.4442556175433594,-5.598620393965858e-252,0.0,0.0,0.0,-0.004565039830008576,unicycle
3.167436914776788,-10.46975923805976,1.2104166666666665,0.0,0.0,-1.562141060624212,0.4436739818665941,-4.463866453040709e-252,0.0,0.0,0.0,-0.004358068104478719,unicycle
3.167513212609804,-10.478615603397586,1.2104166666666665,0.0,0.0,-1.5622219637408628,0.44283469940584647,-3.5520691180142316e-252,0.0,0.0,0.0,-0.004045155832540686,unicycle
3.16758864461422,-10.487450082921796,1.2104166666666665,0.0,0.0,-1.5622943762528878,0.44174007766191437,-2.8204604592909456e-252,0.0,0.0,0.0,-0.0036206256012611135,unicycle
3.1676632582787847,-10.496257878830692,1.2104166666666665,0.0,0.0,-1.562356041033267,0.4404055971382303,-2.2343183125398445e-252,0.0,0.0,0.0,-0.003083239018975033,unicycle
3.167737125004796,-10.505034677515097,1.2104166666666665,0.0,0.0,-1.562404739178659,0.43885547579761236,-1.7654772965383228e-252,0.0,0.0,0.0,-0.0024349072695891427,unicycle
3.1678103398067927,-10.513776757780496,1.2104166666666665,0.0,0.0,-1.5624383335163345,0.43711934234572464,-1.3911114724963832e-252,0.0,0.0,0.0,-0.0016797168837687747,unicycle
3.167883020255424,-10.52248104968296,1.2104166666666665,0.0,0.0,-1.562454797497649,0.43522976682625314,-1.092739720758375e-252,0.0,0.0,0.0,-0.0008231990657337899,unicycle
3.1679553049476974,-10.531145157194608,1.2104166666666665,0.0,0.0,-1.5624522332271318,0.43322045210880306,-8.554136185905995e-253,0.0,0.0,0.0,0.00012821352586720532,unicycle
3.1680273517200495,-10.539767354850296,1.2104166666666665,0.0,0.0,-1.5624288814999945,0.4311249330372608,-6.670547779178634e-253,0.0,0.0,0.0,0.0011675863568574362,unicycle
3.168098704429586,-10.548248775463366,1.2104166666666665,0.0,0.0,-1.562338518510593,0.4240860374791942,-5.179145112406896e-253,0.0,0.0,0.0,0.0045181494700693705,unicycle
3.1681689296819586,-10.556439052116911,1.2104166666666665,0.0,0.0,-1.562106110782488,0.40952888649528846,-4.0013355844071944e-253,0.0,0.0,0.0,0.011620386405224767,unicycle
3.168238441667692,-10.564243746969057,1.2104166666666665,0.0,0.0,-1.5616741493350719,0.39025022292921846,-3.073836095178424e-253,0.0,0.0,0.0,0.02159807237080109,unicycle
3.168308122539291,-10.571609607365318,1.2104166666666665,0.0,0.0,-1.5609991141619683,0.3683095059236674,-2.345756496270575e-253,0.0,0.0,0.0,0.033751758655179334,unicycle
3.1683790414242408,-10.578513221128308,1.2104166666666665,0.0,0.0,-1.5600488238971544,0.34519891390244234,-1.7762285801411916e-253,0.0,0.0,0.0,0.047514513240682836,unicycle
3.1684522684108614,-10.584952342573754,1.2104166666666665,0.0,0.0,-1.5588004070860801,0.32197691130940104,-1.3324801479218256e-253,0.0,0.0,0.0,0.06242084055371259,unicycle
3.1685287666662045,-10.590939309860074,1.2104166666666665,0.0,0.0,-1.557238710308619,0.299372830082683,-9.882719418396999e-254,0.0,0.0,0.0,0.07808483887305626,unicycle
3.1686093427004742,-10.596496093736546,1.2104166666666665,0.0,0.0,-1.5553550153537616,0.27786844314980486,-7.226302022269629e-254,0.0,0.0,0.0,0.09418474774288121,unicycle
3.168694636289972,-10.601650613399684,1.2104166666666665,0.0,0.0,-1.5531459783035053,0.25776131770236455,-5.188198899800004e-254,0.0,0.0,0.0,0.11045185251281134,unicycle
3.1687851348728304,-10.606434031654505,1.2104166666666665,0.0,0.0,-1.550612731962512,0.2392137769586645,-3.635136820994067e-254,0.0,0.0,0.0,0.1266623170496632,unicycle
3.168881200903668,-10.61087880265447,1.2104166666666665,0.0,0.0,-1.547760112786852,0.22229052683149653,-2.4612009501933522e-254,0.0,0.0,0.0,0.1426309587829932,unicycle
3.16898310402178,-10.61501729418095,1.2104166666666665,0.0,0.0,-1.5445959867710572,0.20698738281701026,-1.5824084280003606e-254,0.0,0.0,0.0,0.1582063007897439,unicycle
3.169091052686359,-10.618880845155562,1.2104166666666665,0.0,0.0,-1.541130657501915,0.1932530335912455,-9.32330625030977e-255,0.0,0.0,0.0,0.17326646345713154,unicycle
3.1692052221057208,-10.622499149822241,1.2104166666666665,0.0,0.0,-1.5373763451646218,0.18100537775291514,-4.585655742858504e-255,0.0,0.0,0.0,0.18771561686468058,unicycle
3.1693257768813976,-10.62589988437622,1.2104166666666665,0.0,0.0,-1.5333467287095435,0.17014364981859215,-1.1989901530862113e-255,0.0,0.0,0.0,0.2014808227539202,unicycle
3.169452887891022,-10.629108511034252,1.2104166666666665,0.0,0.0,-1.5290565453898062,0.16055729549886405,1.1597735805158816e-255,0.0,0.0,0.0,0.21450916598685107,unicycle
3.169586743645631,-10.63214820966581,1.2104166666666665,0.0,0.0,-1.5245212429796404,0.1521323519355465,2.742972395336132e-255,0.0,0.0,0.0,0.2267651205082753,unicycle
3.1697275567720804,-10.635039898969936,1.2104166666666665,0.0,0.0,-1.5197566805383202,0.14475592582259414,3.7468735878007915e-255,0.0,0.0,0.0,0.23822812206601165,unicycle
3.169875566471867,-10.637802318454774,1.2104166666666665,0.0,0.0,-1.5147788738343948,0.13831923296962456,4.323417895437058e-255,0.0,0.0,0.0,0.24889033519627152,unicycle
3.1700310378610914,-10.640452149693608,1.2104166666666665,0.0,0.0,-1.5096037816449077,0.13271956027598097,4.589599440971205e-255,0.0,0.0,0.0,0.2587546094743538,unicycle
3.1701942590553798,-10.643004160922004,1.2104166666666665,0.0,0.0,-1.504247129190331,0.12786142992315902,4.634944339768038e-255,0.0,0.0,0.0,0.2678326227288508,unicycle
3.170365536767717,-10.645471363349609,1.2104166666666665,0.0,0.0,-1.4987242650133068,0.123657181559456,4.527461570093721e-255,0.0,0.0,0.0,0.27614320885121574,unicycle
3.170545191064804,-10.647865170861296,1.2104166666666665,0.0,0.0,-1.4930500476862723,0.12002713787816435,4.318368037428304e-255,0.0,0.0,0.0,0.28371086635172826,unicycle
3.1707335497981366,-10.650195557294223,1.2104166666666665,0.0,0.0,-1.487238758850634,0.11689947949460928,4.0458315790539885e-255,0.0,0.0,0.0,0.2905644417819107,unicycle
3.170930943101961,-10.652471207373095,1.2104166666666665,0.0,0.0,-1.481304039248885,0.11420992417244005,3.7379284580413303e-255,0.0,0.0,0.0,0.2967359800874292,unicycle
3.1711376982389634,-10.654699658802986,1.2104166666666665,0.0,0.0,-1.475258844605519,0.11190128144420822,3.4149736464433123e-255,0.0,0.0,0.0,0.30225973216828916,unicycle
3.1713541349794965,-10.65688743406544,1.2104166666666665,0.0,0.0,-1.469115418434612,0.10992293508173219,3.091351229139577e-255,0.0,0.0,0.0,0.3071713085453384,unicycle
3.171580561622457,-10.659040161225034,1.2104166666666665,0.0,0.0,-1.4628852790924802,0.1082302915527661,2.776947211359672e-255,0.0,0.0,0.0,0.31150696710660297,unicycle
3.1718172717049278,-10.661162683596704,1.2104166666666665,0.0,0.0,-1.4565792186441278,0.10678422163882056,2.4782667739447805e-255,0.0,0.0,0.0,0.315303022417617,unicycle
3.172064541401913,-10.663259158501468,1.2104166666666665,0.0,0.0,-1.450207311364573,0.10555051405784457,2.1993016853809574e-255,0.0,0.0,0.0,0.31859536397774096,unicycle
3.1723226275847907,-10.66533314559064,1.2104166666666665,0.0,0.0,-1.4437789299440669,0.10449935365772359,1.9422004107421406e-255,0.0,0.0,0.0,0.3214190710253213,unicycle
3.172591766485332,-10.667387685377745,1.2104166666666665,0.0,0.0,-1.437302767704664,0.10360483206491466,1.707782854186186e-255,0.0,0.0,0.0,0.32380811197014964,unicycle
3.172872172899104,-10.669425368707786,1.2104166666666665,0.0,0.0,-1.4307868653607339,0.10284449522566609,1.4959331448042893e-255,0.0,0.0,0.0,0.3257951171964889,unicycle
3.17316403985583,-10.67144839793405,1.2104166666666665,0.0,0.0,-1.4242386410652366,0.10219892978037808,1.3058970281095983e-255,0.0,0.0,0.0,0.32741121477488366,unicycle
3.173467538683081,-10.673458640577712,1.2104166666666665,0.0,0.0,-1.4176649226753302,0.10165138844102174,1.1365049345282325e-255,0.0,0.0,0.0,0.32868591949532516,unicycle
3.1737828193920845,-10.67545767622606,1.2104166666666665,0.0,0.0,-1.4110719813444075,0.1011874533219707,9.863373999983795e-256,0.0,0.0,0.0,0.32964706654614745,unicycle
3.1741100113192537,-10.67744683738939,1.2104166666666665,0.0,0.0,-1.4044655657028298,0.10079473536948666,8.538459998044018e-256,0.0,0.0,0.0,0.33032078207888904,unicycle
3.1744492239633306,-10.679427244990816,1.2104166666666665,0.0,0.0,-1.397850936026957,0.10046260753833021,7.374401530172006e-256,0.0,0.0,0.0,0.33073148379363804,unicycle
3.174800547965095,-10.681399839111696,1.2104166666666665,0.0,0.0,-1.391232897916291,0.10018196909354392,6.355479221306451e-256,0.0,0.0,0.0,0.33090190553330134,unicycle
3.175164056183857,-10.683365405561542,1.2104166666666665,0.0,0.0,-1.384615835102775,0.09994503830836805,5.466571580938503e-256,0.0,0.0,0.0,0.330853140675797,unicycle
3.1755398048320673,-10.685324598787455,1.2104166666666665,0.0,0.0,-1.3780037411057322,0.09974517083739574,4.693419340140066e-256,0.0,0.0,0.0,0.330604699852148,unicycle
3.175927834636077,-10.687277961585787,1.2104166666666665,0.0,0.0,-1.371400249521903,0.09957670113101771,4.0227809799062305e-256,0.0,0.0,0.0,0.3301745791914511,unicycle
3.17632817199722,-10.689225942029124,1.2104166666666665,0.0,0.0,-1.3648086628039169,0.09943480439559561,3.442508977322647e-256,0.0,0.0,0.0,0.3295793358993139,unicycle
3.176740830132857,-10.691168907975225,1.2104166666666665,0.0,0.0,-1.3582319794336077,0.09931537677334128,2.941569392328619e-256,0.0,0.0,0.0,0.328834168515442,unicycle
3.1771658101818008,-10.693107159481858,1.2104166666666665,0.0,0.0,-1.3516729194401855,0.09921493160171413,2.5100220061505894e-256,0.0,0.0,0.0,0.32795299967112035,unicycle
3.1776031022626765,-10.69504093941237,1.2104166666666665,0.0,0.0,-1.345133948248545,0.09913050980360383,2.1389739959871763e-256,0.0,0.0,0.0,0.32694855958201197,unicycle
3.1780526864772023,-10.69697044248163,1.2104166666666665,0.0,0.0,-1.3386172988711376,0.09905960264915221,1.8205168433360745e-256,0.0,0.0,0.0,0.32583246887036044,unicycle
3.1785145338532725,-10.69889582296028,1.2104166666666665,0.0,0.0,-1.3321249924787752,0.0990000853127042,1.5476536287169352e-256,0.0,0.0,0.0,0.3246153196181131,unicycle
3.178988607225044,-10.70081720122698,1.2104166666666665,0.0,0.0,-1.3256588574025028,0.09895015982078464,1.3142219063110312e-256,0.0,0.0,0.0,0.3233067538136213,unicycle
3.1794748620490942,-10.70273466933332,1.2104166666666665,0.0,0.0,-1.319220546631016,0.09890830614723556,1.1148158529141218e-256,0.0,0.0,0.0,0.3219155385743445,unicycle
3.1799732471571747,-10.70464829572391,1.2104166666666665,0.0,0.0,-1.3128115538767937,0.09887324035874591,9.447102468870494e-257,0.0,0.0,0.0,0.3204496377111371,unicycle
3.180483705447174,-10.706558129234768,1.2104166666666665,0.0,0.0,-1.3064332282897788,0.09884387884769436,7.997879753311575e-257,0.0,0.0,0.0,0.318916279350743,unicycle
3.1810061745147404,-10.70846420247608,1.2104166666666665,0.0,0.0,-1.3000867879006532,0.09881930780971802,6.764721288085697e-257,0.0,0.0,0.0,0.31732201945625416,unicycle
3.181540587228547,-10.710366534690555,1.2104166666666665,0.0,0.0,-1.2937733318769664,0.0987987572312595,5.716632730273505e-257,0.0,0.0,0.0,0.31567280118434665,unicycle
3.1820868743589683,-10.712265133557214,1.2104166666666665,0.0,0.0,-1.2874916321276686,0.09878157874828014,4.826821469834944e-257,0.0,0.0,0.0,0.3140849874648952,unicycle
3.1826449681894124,-10.71415999624423,1.2104166666666665,0.0,0.0,-1.2812392527511698,0.09876722682223103,4.0721779643520705e-257,0.0,0.0,0.0,0.3126189688249571,unicycle
3.1832148026590583,-10.71605111106667,1.2104166666666665,0.0,0.0,-1.2750150372126825,0.09875524275416925,3.43280986280724e-257,0.0,0.0,0.0,0.3112107769243712,unicycle
3.183796311478942,-10.717938459490085,1.2104166666666665,0.0,0.0,-1.2688187428599127,0.09874524112353601,2.8916262670597044e-257,0.0,0.0,0.0,0.309814717638493,unicycle
3.1843894268513724,-10.719822017778542,1.2104166666666665,0.0,0.0,-1.262650763683238,0.09873689829549097,2.433968813351384e-257,0.0,0.0,0.0,0.3083989588337386,unicycle
3.184994078640287,-10.721701758346526,1.2104166666666665,0.0,0.0,-1.2565119214184273,0.09872994269069969,2.047285898333641e-257,0.0,0.0,0.0,0.306942113240543,unicycle
3.1856101938754873,-10.723577650864545,1.2104166666666665,0.0,0.0,-1.2504033094353193,0.09872414655492144,1.720846238562795e-257,0.0,0.0,0.0,0.30543059915540244,unicycle
3.1862376965011228,-10.72544966316029,1.2104166666666665,0.0,0.0,-1.244326177267991,0.098719319003399,1.445487973392944e-257,0.0,0.0,0.0,0.3038566083664077,unicycle
3.1868765073000587,-10.72731776195034,1.2104166666666665,0.0,0.0,-1.238281846319513,0.09871530014760813,1.2133996489084944e-257,0.0,0.0,0.0,0.3022165474238868,unicycle
3.1875265439422438,-10.72918191343163,1.2104166666666665,0.0,0.0,-1.2322716493740078,0.09871195614000768,1.0179296176422462e-257,0.0,0.0,0.0,0.30050984727527397,unicycle
3.1881877211179344,-10.731042083757089,1.2104166666666665,0.0,0.0,-1.2262968881937746,0.09870917499660829,8.534206276292236e-258,0.0,0.0,0.0,0.29873805901166683,unicycle
3.188859950726448,-10.732898239415789,1.2104166666666665,0.0,0.0,-1.2203588047669325,0.09870686307795207,7.150666346131775e-258,0.0,0.0,0.0,0.29690417134209257,unicycle
3.1895431420987026,-10.734750347534485,1.2104166666666665,0.0,0.0,-1.214458562777881,0.09870494212691501,5.987891384285375e-258,0.0,0.0,0.0,0.2950120994525819,unicycle
3.190237202237575,-10.736598376114612,1.2104166666666665,0.0,0.0,-1.20859723665919,0.09870334677700394,5.011306085564796e-258,0.0,0.0,0.0,0.2930663059345552,unicycle
3.190942036064552,-10.738442294216446,1.2104166666666665,0.0,0.0,-1.202775806196746,0.09870202245786754,4.191628177213963e-258,0.0,0.0,0.0,0.29107152312219564,unicycle
3.1916575466645143,-10.740282072100012,1.2104166666666665,0.0,0.0,-1.1969951551374072,0.09870092363588165,3.50408141737743e-258,0.0,0.0,0.0,0.2890325529669474,unicycle
3.19238363552303,-10.74211768133083,1.2104166666666665,0.0,0.0,-1.1912560726194599,0.09870001233716866,2.927721060425967e-258,0.0,0.0,0.0,0.2869541258973687,unicycle
3.1931202027524517,-10.743949094857033,1.2104166666666665,0.0,0.0,-1.185559256533898,0.09869925690850008,2.444856631886222e-258,0.0,0.0,0.0,0.2848408042780966,unicycle
3.1938671473045126,-10.745776287063348,1.2104166666666665,0.0,0.0,-1.1799053181471018,0.09869863097841215,2.0405587070574133e-258,0.0,0.0,0.0,0.2826969193398161,unicycle
3.1946243671681933,-10.747599233806417,1.2104166666666665,0.0,0.0,-1.1742947874871512,0.09869811258671034,1.7022380550763165e-258,0.0,0.0,0.0,0.28052653299750663,unicycle
3.1953917595523373,-10.749417912435142,1.2104166666666665,0.0,0.0,-1.1687281191279495,0.09869768345549944,1.4192870020357006e-258,0.0,0.0,0.0,0.27833341796008193,unicycle
3.1961692210530774,-10.751232301799076,1.2104166666666665,0.0,0.0,-1.1632056981063212,0.09869732837908246,1.1827741933942745e-258,0.0,0.0,0.0,0.276121051081432,unicycle
3.1969566478064775,-10.753042382247346,1.2104166666666665,0.0,0.0,-1.1577278457842073,0.0986970347136335,9.851851095646315e-259,0.0,0.0,0.0,0.27389261610567794,unicycle
3.19775393562705,-10.754848135620112,1.2104166666666665,0.0,0.0,-1.152294825526352,0.09869679195056442,8.20201722189897e-259,0.0,0.0,0.0,0.2716510128927663,unicycle
3.1985609801329646,-10.75664954523421,1.2104166666666665,0.0,0.0,-1.1469068481076923,0.09869659136005349,6.825155852960888e-259,0.0,0.0,0.0,0.26939887093298986,unicycle
3.1993776768588478,-10.75844659586432,1.2104166666666665,0.0,0.0,-1.1415640767973583,0.09869642569335645,5.676694480002728e-259,0.0,0.0,0.0,0.2671385655167062,unicycle
3.2002039213571134,-10.760239273720732,1.2104166666666665,0.0,0.0,-1.1362666320902666,0.09869628893433759,4.7192316593386443e-259,0.0,0.0,0.0,0.2648722353545887,unicycle
3.2010396092887627,-10.76202756642456,1.2104166666666665,0.0,0.0,-1.131014596074815,0.09869617609218985,3.9214028840309235e-259,0.0,0.0,0.0,0.262601800772589,unicycle
3.2018846365045674,-10.763811462981142,1.2104166666666665,0.0,0.0,-1.1258080164376818,0.09869608302860425,3.2569221808148337e-259,0.0,0.0,0.0,0.2603289818566504,unicycle
3.202738899117516,-10.765590953752145,1.2104166666666665,0.0,0.0,-1.120646910115431,0.09869600631373562,2.703772893272554e-259,0.0,0.0,0.0,0.2580553161125355,unicycle
3.203602293567355,-10.767366030426828,1.2104166666666665,0.0,0.0,-1.11553126660844,0.09869594310622655,2.243524987438455e-259,0.0,0.0,0.0,0.2557821753495563,unicycle
3.2044747166779866,-10.76913668599282,1.2104166666666665,0.0,0.0,-1.1104610509763562,0.09869589105331991,1.8607595517024364e-259,0.0,0.0,0.0,0.2535107816041899,unicycle
3.205356065708449,-10.770902914706669,1.2104166666666665,0.0,0.0,-1.1054362065363792,0.09869584820773698,1.5425840287351987e-259,0.0,0.0,0.0,0.2512422219988568,unicycle
3.2062462383981254,-10.772664712064387,1.2104166666666665,0.0,0.0,-1.1004566572865986,0.09869581295854032,1.278224175072788e-259,0.0,0.0,0.0,0.24897746248902436,unicycle
3.207145133006786,-10.774422074772136,1.2104166666666665,0.0,0.0,-1.0955223100767317,0.09869578397365598,1.0586808486110643e-259,0.0,0.0,0.0,0.2467173604933311,unicycle
3.208052648349999,-10.776175000717197,1.2104166666666665,0.0,0.0,-1.0906330565481208,0.09869576015211151,8.764415236174972e-260,0.0,0.0,0.0,0.24446267643053407,unicycle
3.208968683830409,-10.77792348893929,1.2104166666666665,0.0,0.0,-1.0857887748639847,0.09869574058436603,7.252379690482464e-260,0.0,0.0,0.0,0.24221408420680351,unicycle
3.209893139465322,-10.779667539602318,1.2104166666666665,0.0,0.0,-1.0809893312497927,0.09869572451937687,5.998428356946546e-260,0.0,0.0,0.0,0.23997218070958484,unicycle
3.210825915910993,-10.781407153966587,1.2104166666666665,0.0,0.0,-1.0762345813623584,0.09869571133727145,4.958990129401558e-260,0.0,0.0,0.0,0.2377374943717253,unicycle
3.211766914483974,-10.783142334361514,1.2104166666666665,0.0,0.0,-1.071524371504894,0.09869570052668095,4.097765644259343e-260,0.0,0.0,0.0,0.23551049287321885,unicycle
3.2127160371798387,-10.784873084158846,1.2104166666666665,0.0,0.0,-1.0668585397039172,0.09869569166594916,3.384528577136944e-260,0.0,0.0,0.0,0.23329159004882288,unicycle
3.213673186689575,-10.786599407746417,1.2104166666666665,0.0,0.0,-1.0622369166625423,0.09869568440756137,2.7941218683412957e-260,0.0,0.0,0.0,0.2310811520687545,unicycle
3.2146382664138846,-10.7883213105024,1.2104166666666665,0.0,0.0,-1.057659326603396,0.0986956784652471,2.3056176629149554e-260,0.0,0.0,0.0,0.2288795029572956,unicycle
3.215611180475633,-10.790038798770086,1.2104166666666665,0.0,0.0,-1.0531255880131787,0.09869567360330285,1.901614660291871e-260,0.0,0.0,0.0,0.22668692951088903,unicycle
3.2165918337306354,-10.791751879833164,1.2104166666666665,0.0,0.0,-1.0486355142997081,0.09869566962775654,1.5676507224499706e-260,0.0,0.0,0.0,0.22450368567352819,unicycle
3.217580131776963,-10.793460561891504,1.2104166666666665,0.0,0.0,-1.0441889143712442,0.09869566637905941,1.2917121008829569e-260,0.0,0.0,0.0,0.22232999642319015,unicycle
3.2185759809629273,-10.7951648540374,1.2104166666666665,0.0,0.0,-1.039785593146866,0.09869566372604419,1.0638236085337419e-260,0.0,0.0,0.0,0.22016606121891483,unicycle
3.219579288393882,-10.796864766232302,1.2104166666666665,0.0,0.0,-1.0354253520057857,0.09869566156093232,8.757065657362563e-261,0.0,0.0,0.0,0.21801205705402105,unicycle
3.220589961937966,-10.798560309283975,1.2104166666666665,0.0,0.0,-1.0311079891826465,0.09869565979521022,7.204934597659468e-261,0.0,0.0,0.0,0.21586814115696545,unicycle
3.221607910230895,-10.800251494824105,1.2104166666666665,0.0,0.0,-1.0268333001150953,0.09869565835622467,5.924900359339097e-261,0.0,0.0,0.0,0.21373445337754957,unicycle
3.2226330426799095,-10.801938335286323,1.2104166666666665,0.0,0.0,-1.0226010777492434,0.09869565718437337,4.869770354530915e-261,0.0,0.0,0.0,0.2116111182926034,unicycle
3.2236652694669456,-10.803620843884632,1.2104166666666665,0.0,0.0,-1.0184111128080047,0.09869565623078781,4.000450550632509e-261,0.0,0.0,0.0,0.20949824706193804,unicycle
3.22470450155113,-10.805299034592231,1.2104166666666665,0.0,0.0,-1.0142631940267592,0.09869565545542294,3.2845706256746803e-261,0.0,0.0,0.0,0.2073959390622762,unicycle
3.2257506506706455,-10.806972922120705,1.2104166666666665,0.0,0.0,-1.0101571083602785,0.09869565482548304,2.695339923438433e-261,0.0,0.0,0.0,0.20530428332403727,unicycle
3.2268036293440394,-10.808642521899593,1.2104166666666665,0.0,0.0,-1.0060926411644133,0.09869565431412532,2.2105959210637813e-261,0.0,0.0,0.0,0.2032233597932627,unicycle
3.227863350871024,-10.810307850056294,1.2104166666666665,0.0,0.0,-1.002069576355641,0.09869565389939272,1.812013191795201e-261,0.0,0.0,0.0,0.20115324043861388,unicycle
3.2289297293328145,-10.811968923396336,1.2104166666666665,0.0,0.0,-0.9980876965512162,0.0986956535633358,1.4844461033552049e-261,0.0,0.0,0.0,0.19909399022123997,unicycle
3.2300026795920513,-10.813625759383957,1.2104166666666665,0.0,0.0,-0.9941467831923484,0.09869565329129061,1.215382898903891e-261,0.0,0.0,0.0,0.19704566794338477,unicycle
3.231082117292338,-10.815278376123024,1.2104166666666665,0.0,0.0,-0.9902466166525512,0.09869565307128522,9.944924982935087e-262,0.0,0.0,0.0,0.19500832698986612,unicycle
3.2321679588574344,-10.816926792338252,1.2104166666666665,0.0,0.0,-0.9863869763330512,0.0986956528935521,8.132484468158715e-262,0.0,0.0,0.0,0.19298201597500053,unicycle
3.23326012149013,-10.818571027356745,1.2104166666666665,0.0,0.0,-0.9825676407469283,0.09869565275012776,6.646170233475656e-262,0.0,0.0,0.0,0.19096677930614545,unicycle
3.234358523170821,-10.820211101089814,1.2104166666666665,0.0,0.0,-0.9787883875934527,0.0986956526345242,5.427986809925624e-262,0.0,0.0,0.0,0.1889626576737797,unicycle
3.2354630826558255,-10.821847034015121,1.2104166666666665,0.0,0.0,-0.9750489938239141,0.09869565254145946,4.4301379940958814e-262,0.0,0.0,0.0,0.18696968847692302,unicycle
3.236573719475444,-10.823478847159066,1.2104166666666665,0.0,0.0,-0.9713492357000805,0.09869565246663671,3.6132523652947933e-262,0.0,0.0,0.0,0.18498790619169508,unicycle
3.2376903539317965,-10.82510656207949,1.2104166666666665,0.0,0.0,-0.9676888888462819,0.09869565240656335,2.944914266777812e-262,0.0,0.0,0.0,0.18301734268992512,unicycle
3.2388129070964418,-10.826730200848635,1.2104166666666665,0.0,0.0,-0.9640677282960034,0.0986956523584028,2.3984482284283582e-262,0.0,0.0,0.0,0.1810580275139289,unicycle
3.239941300807806,-10.82834978603638,1.2104166666666665,0.0,0.0,-0.9604855285337461,0.09869565231985325,1.95191357069446e-262,0.0,0.0,0.0,0.17910998811286408,unicycle
3.2410754576684235,-10.829965340693738,1.2104166666666665,0.0,0.0,-0.9569420635328372,0.09869565228904852,1.5872732331910146e-262,0.0,0.0,0.0,0.17717325004544776,unicycle
3.2422153010420076,-10.83157688833662,1.2104166666666665,0.0,0.0,-0.953437106789772,0.09869565226447702,1.28970695602499e-262,0.0,0.0,0.0,0.17524783715326359,unicycle
3.243360755050365,-10.833184452929858,1.2104166666666665,0.0,0.0,-0.9499704313556041,0.09869565224491555,1.0470440085316668e-262,0.0,0.0,0.0,0.17333377170838948,unicycle
3.244511744570157,-10.834788058871476,1.2104166666666665,0.0,0.0,-0.9465418098648315,0.09869565222937537,8.492948769908995e-263,0.0,0.0,0.0,0.17143107453863993,unicycle
3.245668195229523,-10.836387730977222,1.2104166666666665,0.0,0.0,-0.9431510145621649,0.09869565221705805,6.882648308450593e-263,0.0,0.0,0.0,0.16953976513332705,unicycle
3.2468300334045757,-10.837983494465336,1.2104166666666665,0.0,0.0,-0.9397978173275229,0.09869565220731957,5.572352037513603e-263,0.0,0.0,0.0,0.16765986173210023,unicycle
3.2480621342246963,-10.839664031884812,1.2104166666666665,0.0,0.0,-0.9365241621089005,0.10419071848244639,4.507006499356264e-263,0.0,0.0,0.0,0.1636827609311189,unicycle
3.249465256945618,-10.841565041912869,1.2104166666666665,0.0,0.0,-0.9333941836268036,0.11813760043226605,3.641526500403394e-263,0.0,0.0,0.0,0.15649892410485022,unicycle
3.251104647034649,-10.843772091096957,1.2104166666666665,0.0,0.0,-0.9304476775117657,0.13746519044494399,2.9390121267595578e-263,0.0,0.0,0.0,0.14732530575189284,unicycle
3.2530189587481044,-10.846334004571064,1.2104166666666665,0.0,0.0,-0.9277065469519775,0.15990619429323266,2.3692810552871402e-263,0.0,0.0,0.0,0.13705652798941637,unicycle
3.25522721315783,-10.84927312309887,1.2104166666666665,0.0,0.0,-0.9251797544053626,0.18381248902898198,1.907661009811123e-263,0.0,0.0,0.0,0.126339627330746,unicycle
3.257734207652516,-10.852593096976463,1.2104166666666665,0.0,0.0,-0.9228671020552653,0.2080099496302304,1.5339967564257703e-263,0.0,0.0,0.0,0.11563261750486657,unicycle
3.2605346979931293,-10.856284758471684,1.2104166666666665,0.0,0.0,-0.9207620973976746,0.23168469237011416,1.2318339420116263e-263,0.0,0.0,0.0,0.10525023287954886,unicycle
3.263616605859547,-10.860330505206232,1.2104166666666665,0.0,0.0,-0.9188541066915455,0.2542942713875498,9.877486327388172e-264,0.0,0.0,0.0,0.09539953530644962,unicycle
3.266963453810225,-10.864707536539784,1.2104166666666665,0.0,0.0,-0.9171299562668302,0.2754986480036081,7.907968349897069e-264,0.0,0.0,0.0,0.08620752123577148,unicycle
3.270556190024087,-10.869390211619969,1.2104166666666665,0.0,0.0,-0.9155751076848148,0.29510678756583897,6.320627715473999e-264,0.0,0.0,0.0,0.0777424291007762,unicycle
3.2743745337339774,-10.874351738890422,1.2104166666666665,0.0,0.0,-0.9141745057303742,0.3130355728584122,5.042884005630543e-264,0.0,0.0,0.0,0.070030097722035,unicycle
3.2783979468240667,-10.879565360068884,1.2104166666666665,0.0,0.0,-0.9129131767806835,0.32927839450814655,4.015697363280563e-264,0.0,0.0,0.0,0.06306644748452891,unicycle
3.282606316313221,-10.88500515469737,1.2104166666666665,0.0,0.0,-0.9117766381136966,0.3438813183681624,3.1910806941306236e-264,0.0,0.0,0.0,0.05682693334935637,unicycle
3.286980415463213,-10.89064656240275,1.2104166666666665,0.0,0.0,-0.9107511652902734,0.3569251628069609,2.530062808006174e-264,0.0,0.0,0.0,0.05127364117115075,unicycle
3.2915021973582177,-10.896466697375777,1.2104166666666665,0.0,0.0,-0.9098239541441057,0.36851216568096035,2.0010217619540297e-264,0.0,0.0,0.0,0.04636055730838364,unicycle
3.296154963472105,-10.902444511957366,1.2104166666666665,0.0,0.0,-0.9089832055656915,0.37875619817541595,1.578321957784438e-264,0.0,0.0,0.0,0.042037428920716456,unicycle
3.3009234405424315,-10.908560852545758,1.2104166666666665,0.0,0.0,-0.9082181547085261,0.3877757041679302,1.2412003355667603e-264,0.0,0.0,0.0,0.03825254285827607,unicycle
3.3057260916471014,-10.914711465920531,1.2104166666666665,0.0,0.0,-0.90747657657167,0.3901778610770361,9.728567248542088e-265,0.0,0.0,0.0,0.03707890684280851,unicycle
3.310446379035919,-10.920747047802422,1.2104166666666665,0.0,0.0,-0.906683888595354,0.3831101824547885,7.597114261933289e-265,0.0,0.0,0.0,0.0396343988157961,unicycle
3.315007072740004,-10.926568439296512,1.2104166666666665,0.0,0.0,-0.9057894369847833,0.36975846723239075,5.907996941986508e-265,0.0,0.0,0.0,0.04472258052854078,unicycle
3.319360178642617,-10.932113866732138,1.2104166666666665,0.0,0.0,-0.9047605207633638,0.3524957475910997,4.572782263669614e-265,0.0,0.0,0.0,0.05144581107098056,unicycle
3.3234791384557454,-10.93734908550985,1.2104166666666665,0.0,0.0,-0.9035778106596218,0.3330666253361643,3.520232326128335e-265,0.0,0.0,0.0,0.05913550518709354,unicycle
3.3273528425347645,-10.94225979391041,1.2104166666666665,0.0,0.0,-0.9022318429749384,0.3127324982839529,2.693033377417534e-265,0.0,0.0,0.0,0.06729838423417248,unicycle
3.330981073044421,-10.946845824536148,1.2104166666666665,0.0,0.0,-0.9007203416087411,0.2923856188401509,2.045135920512011e-265,0.0,0.0,0.0,0.07557506830986674,unicycle
3.334371065756898,-10.951116727663582,1.2104166666666665,0.0,0.0,-0.8990461777986664,0.2726383642263266,1.5395934907972038e-265,0.0,0.0,0.0,0.08370819050374073,unicycle
3.337534940320716,-10.955088442564149,1.2104166666666665,0.0,0.0,-0.8972158206758274,0.2538928351963373,1.1468080928809813e-265,0.0,0.0,0.0,0.09151785614193625,unicycle
3.340487800469665,-10.958780816539289,1.2104166666666665,0.0,0.0,-0.8952381653584068,0.23639488106229717,8.43107026473103e-266,0.0,0.0,0.0,0.09888276587102304,unicycle
3.343246347929065,-10.962215781565819,1.2104166666666665,0.0,0.0,-0.8931236512590488,0.22027582737799634,6.0958956493239345e-266,0.0,0.0,0.0,0.10572570496789303,unicycle
3.345827887855186,-10.965416038225252,1.2104166666666665,0.0,0.0,-0.8908836033017786,0.20558452121733226,4.311932100701422e-266,0.0,0.0,0.0,0.11200239786350275,unicycle
3.348249630793392,-10.96840412827762,1.2104166666666665,0.0,0.0,-0.8885297441793921,0.1923117771373345,2.9593847328902675e-266,0.0,0.0,0.0,0.11769295611932318,unicycle
3.350528217591373,-10.971201802531349,1.2104166666666665,0.0,0.0,-0.8860738376765538,0.1804088798364577,1.9431868897951778e-266,0.0,0.0,0.0,0.12279532514192365,unicycle
3.3526794105481783,-10.973829610850098,1.2104166666666665,0.0,0.0,-0.8835274322462406,0.16980145707067623,1.1880755012113801e-266,0.0,0.0,0.0,0.1273202715156683,unicycle
3.3547179072452287,-10.976306657234925,1.2104166666666665,0.0,0.0,-0.8809016810840081,0.16039976222921348,6.346211422955332e-267,0.0,0.0,0.0,0.13128755811161602,unicycle
3.3566572437577396,-10.97865047572683,1.2104166666666665,0.0,0.0,-0.8782072203800863,0.15210618684680066,2.3603162536051733e-267,0.0,0.0,0.0,0.13472303519609813,unicycle
3.358509761904357,-10.980876993032144,1.2104166666666665,0.0,0.0,-0.8754540916173831,0.14482064850528437,-4.441826990348944e-268,0.0,0.0,0.0,0.13765643813515926,unicycle
3.3602866213552995,-10.98300055180011,1.2104166666666665,0.0,0.0,-0.8726516970122866,0.13844436036653035,-2.354507467949573e-267,0.0,0.0,0.0,0.1401197302548205,unicycle
3.3619978421781687,-10.985033974797645,1.2104166666666665,0.0,0.0,-0.8698087796864779,0.1328823779571997,-3.5943994536564586e-267,0.0,0.0,0.0,0.14214586629043752,unicycle
3.3636523670655087,-10.986988655171498,1.2104166666666665,0.0,0.0,-0.8669334220823394,0.12804523112171956,-4.337368822988483e-267,0.0,0.0,0.0,0.14376788020691902,unicycle
3.3653298921326993,-10.988959025928153,1.2104166666666665,0.0,0.0,-0.8640752783079485,0.12938755570314653,-4.717284185605963e-267,0.0,0.0,0.0,0.14290718871953417,unicycle
3.3671485699939283,-10.991083052756636,1.2104166666666665,0.0,0.0,-0.8613056229893236,0.13981312643474997,-4.836821335675674e-267,0.0,0.0,0.0,0.13848276593124448,unicycle
3.3691862668776067,-10.993449895065968,1.2104166666666665,0.0,0.0,-0.8586707952255619,0.15615822704898805,-4.774190908971786e-267,0.0,0.0,0.0,0.13174138818809122,unicycle
3.371490674943423,-10.99611274772036,1.2104166666666665,0.0,0.0,-0.8561986425939319,0.176075886400015,-4.588484391117333e-267,0.0,0.0,0.0,0.12360763158150771,unicycle
3.374087172873004,-10.999098710263448,1.2104166666666665,0.0,0.0,-0.8539034899206978,0.19784956836221101,-4.323912607226556e-267,0.0,0.0,0.0,0.11475763366170287,unicycle
3.3769849194643653,-11.002416309854446,1.2104166666666665,0.0,0.0,-0.851789949276302,0.22024650721941688,-4.013157833699798e-267,0.0,0.0,0.0,0.10567703221978547,unicycle
3.3801815537257074,-11.006061187895236,1.2104166666666665,0.0,0.0,-0.849855822415927,0.24240262921410935,-3.6800177153101707e-267,0.0,0.0,0.0,0.09670634301873561,unicycle
3.3836667942570684,-11.01002035977311,1.2104166666666665,0.0,0.0,-0.8480942947512852,0.2637325857484651,-3.341484378418951e-267,0.0,0.0,0.0,0.08807638323209833,unicycle
3.3874251700944114,-11.014275372934133,1.2104166666666665,0.0,0.0,-0.8464955783236267,0.28385970478403844,-3.0093739797305363e-267,0.0,0.0,0.0,0.0799358213829237,unicycle
3.3914380683478154,-11.018804619501863,1.2104166666666665,0.0,0.0,-0.8450481280690381,0.30256170137922433,-2.6915991752762092e-267,0.0,0.0,0.0,0.07237251272942224,unicycle
3.395685246985486,-11.023585003980454,1.2104166666666665,0.0,0.0,-0.843739529248758,0.3197288225146452,-2.3931586215602277e-267,0.0,0.0,0.0,0.06542994101401355,unicycle
3.400145931502992,-11.028593122155236,1.2104166666666665,0.0,0.0,-0.8425571329115217,0.3353317732394524,-2.116902802981785e-267,0.0,0.0,0.0,0.05911981686181955,unicycle
3.404799590307387,-11.033806072146634,1.2104166666666665,0.0,0.0,-0.8414884995787871,0.34939731155085185,-1.8641235432096757e-267,0.0,0.0,0.0,0.05343166663672661,unicycle
3.4096264642687544,-11.039201990925449,1.2104166666666665,0.0,0.0,-0.840521698127488,0.36198983338334045,-1.6350049549900166e-267,0.0,0.0,0.0,0.04834007256495746,unicycle
3.4146079101813367,-11.044760387960629,1.2104166666666665,0.0,0.0,-0.8396454963909573,0.3731976170372265,-1.4289658671759507e-267,0.0,0.0,0.0,0.0438100868265381,unicycle
3.419726605162646,-11.050462330804613,1.2104166666666665,0.0,0.0,-0.8388494717472903,0.3831226748969392,-1.244917577415722e-267,0.0,0.0,0.0,0.03980123218335145,unicycle
3.4249666487648978,-11.056290524317431,1.2104166666666665,0.0,0.0,-0.8381240634672452,0.3918733828354388,-1.081455819904451e-267,0.0,0.0,0.0,0.03627041400224908,unicycle
3.4303135913395186,-11.062229315080627,1.2104166666666665,0.0,0.0,-0.8374605834917006,0.399559235182692,-9.370018714123269e-268,0.0,0.0,0.0,0.033173998777230415,unicycle
3.435754411350982,-11.068264645525751,1.2104166666666665,0.0,0.0,-0.8368511983391751,0.40628726912821095,-8.099045521863504e-268,0.0,0.0,0.0,0.030469257626273692,unicycle
3.441277456575449,-11.074383973448905,1.2104166666666665,0.0,0.0,-0.8362888916418091,0.4121595703516952,-6.985123548188812e-268,0.0,0.0,0.0,0.028115334868301194,unicycle
3.4468723624009647,-11.080576170629683,1.2104166666666665,0.0,0.0,-0.8357674144675141,0.417271730112234,-6.012229272354495e-268,0.0,0.0,0.0,0.026073858714743207,unicycle
3.4525299579862003,-11.086831411581983,1.2104166666666665,0.0,0.0,-0.835281228738666,0.4217120717345539,-5.165155433316339e-268,0.0,0.0,0.0,0.02430928644241975,unicycle
3.4582421662023415,-11.093141058203482,1.2104166666666665,0.0,0.0,-0.8348254475377404,0.42556128949537675,-4.429709339663909e-268,0.0,0.0,0.0,0.02278906004627824,unicycle
3.4640019022765363,-11.099497545096755,1.2104166666666665,0.0,0.0,-0.834395775018727,0.4288924294060917,-3.7928185547717565e-268,0.0,0.0,0.0,0.021483625950658867,unicycle
3.4698029745633705,-11.105894268800876,1.2104166666666665,0.0,0.0,-0.8339884478051366,0.4317711050284583,-3.2425698906265535e-268,0.0,0.0,0.0,0.020366360679519444,unicycle
3.4756399897392214,-11.112325483028972,1.2104166666666665,0.0,0.0,-0.8336001791242587,0.43425586800414473,-2.768201492159625e-268,0.0,0.0,0.0,0.01941343404389834,unicycle
3.481508263865829,-11.118786201163934,1.2104166666666665,0.0,0.0,-0.8332281064568258,0.43639867358660256,-2.3600629830355851e-268,0.0,0.0,0.0,0.018603633371639075,unicycle
3.487403740141872,-11.125272106651032,1.2104166666666665,0.0,0.0,-0.8328697431349595,0.43824539738344415,-2.0095548964346425e-268,0.0,0.0,0.0,0.017918166093313696,unicycle
3.493322913705044,-11.131779471487706,1.2104166666666665,0.0,0.0,-0.8325229340705288,0.43983637174560863,-1.70905570843166e-268,0.0,0.0,0.0,0.01734045322154491,unicycle
3.499262763522541,-11.13830508270496,1.2104166666666665,0.0,0.0,-0.8321858156183285,0.4412069195700936,-1.4518425496983074e-268,0.0,0.0,0.0,0.01685592261001647,unicycle
3.505220691183688,-11.144846176528654,1.2104166666666665,0.0,0.0,-0.8318567794561611,0.44238787034710064,-1.2320099518871215e-268,0.0,0.0,0.0,0.016451808108365242,unicycle
3.5111944662600876,-11.151400379777172,1.2104166666666665,0.0,0.0,-0.8315344402832477,0.44340604858080945,-1.044389675487004e-268,0.0,0.0,0.0,0.01611695864566729,unicycle
3.5171821778068453,-11.157965657974941,1.2104166666666665,0.0,0.0,-0.8312176070887523,0.4442847286419019,-8.844736766071021e-269,0.0,0.0,0.0,0.015841659724771022,unicycle
3.5231821915282553,-11.164540269624055,1.2104166666666665,0.0,0.0,-0.8309052577153303,0.4450440529821188,-7.483415300448248e-269,0.0,0.0,0.0,0.015617468671102658,unicycle
3.5291931121111935,-11.171122726067399,1.2104166666666665,0.0,0.0,-0.8305965164321821,0.44570141270265096,-6.325930789694186e-269,0.0,0.0,0.0,0.015437064157404564,unicycle
3.5352137502306,-11.177711756387525,1.2104166666666665,0.0,0.0,-0.8302906342332752,0.44627179091205144,-5.3428668331561195e-269,0.0,0.0,0.0,0.015294109945337656,unicycle
3.5411679480423337,-11.18422380864681,1.2104166666666665,0.0,0.0,-0.8299443810750267,0.441189576562009,-4.508831547055292e-269,0.0,0.0,0.0,0.017312657912433985,unicycle
3.5469394170871027,-11.190530949878072,1.2104166666666665,0.0,0.0,-0.8294915156949692,0.4274631174001109,-3.801952681061781e-269,0.0,0.0,0.0,0.022643269002873966,unicycle
3.5524542210090964,-11.196551224559215,1.2104166666666665,0.0,0.0,-0.8288894059599533,0.4082179918507017,-3.2034260817130845e-269,0.0,0.0,0.0,0.030105486750793706,unicycle
3.5576695908816593,-11.202236746876236,1.2104166666666665,0.0,0.0,-0.8281129376664584,0.38576304228002595,-2.6971142473765924e-269,0.0,0.0,0.0,0.03882341467473783,unicycle
3.5625653261991874,-11.207564510448881,1.2104166666666665,0.0,0.0,-0.8271498457582206,0.36177787740532674,-2.2691912442086327e-269,0.0,0.0,0.0,0.04815459541188823,unicycle
3.5671372401537322,-11.212529324426827,1.2104166666666665,0.0,0.0,-0.8259971487115203,0.33746029428335134,-1.9078300381338906e-269,0.0,0.0,0.0,0.05763485233502086,unicycle
3.5713922058153074,-11.217138416868027,1.2104166666666665,0.0,0.0,-0.8246584370929333,0.3136418012209163,-1.6029282687470216e-269,0.0,0.0,0.0,0.06693558092935162,unicycle
3.5753444463352917,-11.221407345049764,1.2104166666666665,0.0,0.0,-0.8231418222794454,0.29087780697288673,-1.345868589889032e-269,0.0,0.0,0.0,0.07583074067438633,unicycle
3.5790127854611007,-11.225356927989194,1.2104166666666665,0.0,0.0,-0.8214583943522942,0.2695177368896739,-1.1293098853226549e-269,0.0,0.0,0.0,0.08417139635755574,unicycle
3.5824186348795313,-11.229010975442993,1.2104166666666665,0.0,0.0,-0.8196210718093254,0.24975928448659696,-9.470059042894295e-270,0.0,0.0,0.0,0.09186612714844222,unicycle
3.5855845435801514,-11.232394634273941,1.2104166666666665,0.0,0.0,-0.8176437520052703,0.2316901593771772,-7.936481271604864e-270,0.0,0.0,0.0,0.09886599020275108,unicycle
3.588609657716297,-11.235614758327808,1.2104166666666665,0.0,0.0,-0.8155830439079181,0.2209101704700895,-6.647299488256459e-270,0.0,0.0,0.0,0.10303540486761514,unicycle
3.5916341771963256,-11.238820969573675,1.2104166666666665,0.0,0.0,-0.8135179345157506,0.2203832771703503,-5.5642954483589185e-270,0.0,0.0,0.0,0.10325546960837408,unicycle
3.5947549381160253,-11.242115711558506,1.2104166666666665,0.0,0.0,-0.811502803401012,0.22690570967712254,-4.655090543487263e-270,0.0,0.0,0.0,0.10075655573692768,unicycle
3.5980360471651767,-11.24556608577887,1.2104166666666665,0.0,0.0,-0.8095735295357575,0.23806913851274417,-3.892279691985525e-270,0.0,0.0,0.0,0.09646369326273357,unicycle
3.601517141093034,-11.249213041688021,1.2104166666666665,0.0,0.0,-0.8077522295455026,0.25208287012497277,-3.2526885661501154e-270,0.0,0.0,0.0,0.09106499951274179,unicycle
3.6052197914197284,-11.253078456304488,1.2104166666666665,0.0,0.0,-0.8060509168265962,0.2676334083674328,-2.7167376248117193e-270,0.0,0.0,0.0,0.08506563594532462,unicycle
3.609152453371208,-11.257170546522765,1.2104166666666665,0.0,0.0,-0.8044743119788866,0.283773849444152,-2.2678984191658433e-270,0.0,0.0,0.0,0.07883024238547978,unicycle
3.6133142696066876,-11.261487974236228,1.2104166666666665,0.0,0.0,-0.8030219877362739,0.29983705057807997,-1.8922294452802784e-270,0.0,0.0,0.0,0.07261621213063618,unicycle
3.6176979730431515,-11.266022933310712,1.2104166666666665,0.0,0.0,-0.80168999374352,0.3153677040694439,-1.5779804356782893e-270,0.0,0.0,0.0,0.06659969963769136,unicycle
3.622292082250802,-11.270763448233323,1.2104166666666665,0.0,0.0,-0.8004720762824147,0.3300694113744557,-1.315255424965504e-270,0.0,0.0,0.0,0.060895873055264206,unicycle
3.627082543188656,-11.27569506584587,1.2104166666666665,0.0,0.0,-0.7993605839029023,0.3437636293295149,-1.0957262029111358e-270,0.0,0.0,0.0,0.055574618975624254,unicycle
3.632053939628671,-11.280802082512531,1.2104166666666665,0.0,0.0,-0.7983471306621189,0.3563579876509565,-9.123888960370017e-271,0.0,0.0,0.0,0.05067266203917243,unicycle
3.6371903695390064,-11.286068417865906,1.2104166666666665,0.0,0.0,-0.7974230733470316,0.3678219818362989,-7.593574092605267e-271,0.0,0.0,0.0,0.046202865754368654,unicycle
3.642476064585263,-11.291478221527058,1.2104166666666665,0.0,0.0,-0.7965798468739625,0.37816845176371133,-6.316883259436526e-271,0.0,0.0,0.0,0.04216132365344367,unicycle
3.6478958137476676,-11.297016279677562,1.2104166666666665,0.0,0.0,-0.7958091923927528,0.38743958249468713,-5.252326207508935e-271,0.0,0.0,0.0,0.03853272406049047,unicycle
3.6534352390679543,-11.30266827303739,1.2104166666666665,0.0,0.0,-0.7951033049698026,0.39569642536665633,-4.365101971987283e-271,0.0,0.0,0.0,0.03529437114750446,unicycle
3.6590809611251887,-11.30842092581492,1.2104166666666665,0.0,0.0,-0.7944549216771735,0.40301114687556494,-3.6260383198805626e-271,0.0,0.0,0.0,0.03241916463146246,unicycle
3.6648206835096766,-11.314262075847644,1.2104166666666665,0.0,0.0,-0.7938573661487538,0.4094613802037519,-3.0106960151361335e-271,0.0,0.0,0.0,0.029877776420975898,unicycle
3.670643218925125,-11.32018068888452,1.2104166666666665,0.0,0.0,-0.7933045619181129,0.4151261877425082,-2.4986129174593596e-271,0.0,0.0,0.0,0.027640211532038047,unicycle
3.676538474280405,-11.326166834326955,1.2104166666666665,0.0,0.0,-0.7927910239168185,0.4200832492293766,-2.0726665945308252e-271,0.0,0.0,0.0,0.0256769000647213,unicycle
3.6824974079706685,-11.332211635391554,1.2104166666666665,0.0,0.0,-0.7923118352192376,0.42440697453682635,-1.7185372804576716e-271,0.0,0.0,0.0,0.02395943487904341,unicycle
3.6885119692777217,-11.338307203304462,1.2104166666666665,0.0,0.0,-0.7918626143362353,0.42816730704926814,-1.424255719249211e-271,0.0,0.0,0.0,0.022461044150121297,unicycle
3.6945750272652016,-11.344446562564706,1.2104166666666665,0.0,0.0,-0.7914394769788087,0.431429036449644,-1.1798227504107763e-271,0.0,0.0,0.0,0.02115686787133702,unicycle
3.7006802945612955,-11.350623572349642,1.2104166666666665,0.0,0.0,-0.7910389951482796,0.43425148142559433,-9.768894768472118e-272,0.0,0.0,0.0,0.02002409152645536,unicycle
3.706822249893525,-11.356832847643796,1.2104166666666665,0.0,0.0,-0.7906581555943097,0.43668843556828474,-8.084885491522311e-272,0.0,0.0,0.0,0.019041977698485597,unicycle
3.7129960620716784,-11.363069682547074,1.2104166666666665,0.0,0.0,-0.7902943190617485,0.43878829539836234,-6.688085452265922e-272,0.0,0.0,0.0,0.01819182662806417,unicycle
3.7191975172298353,-11.369329977376387,1.2104166666666665,0.0,0.0,-0.789945181279357,0.4405943094767627,-5.530046550317214e-272,0.0,0.0,0.0,0.017456889119580522,unicycle
3.7254229512411325,-11.375610171323913,1.2104166666666665,0.0,0.0,-0.7896087363254919,0.44214495752294075,-4.570399275616111e-272,0.0,0.0,0.0,0.016822247693255903,unicycle
3.7316691860773665,-11.381907179302903,1.2104166666666665,0.0,0.0,-0.7892832426385118,0.44347423772810235,-3.775522271557702e-272,0.0,0.0,0.0,0.01627468434900084,unicycle
3.737933471045607,-11.388218333828345,1.2104166666666665,0.0,0.0,-0.7889671918561999,0.4446120170033214,-3.1174280185544646e-272,0.0,0.0,0.0,0.015802539115592214,unicycle
3.7442134303872963,-11.39454133335959,1.2104166666666665,0.0,0.0,-0.7886592805683327,0.4455844842251037,-2.5728300726647654e-272,0.0,0.0,0.0,0.015395564393361342,unicycle
3.7505070161322243,-11.400874195936668,1.2104166666666665,0.0,0.0,-0.7883583848744641,0.4464145230341977,-2.1223627224063443e-272,0.0,0.0,0.0,0.015044784693429085,unicycle
3.7568124659659254,-11.40721521783266,1.2104166666666665,0.0,0.0,-0.7880635376180857,0.4471220663031979,-1.7499285214641438e-272,0.0,0.0,0.0,0.014742362818925903,unicycle
3.763128265795039,-11.413562936881883,1.2104166666666665,0.0,0.0,-0.7877739081298403,0.4477244274378631,-1.4421530402461107e-272,0.0,0.0,0.0,0.014481474412267516,unicycle
3.769453116653766,-11.419916100110838,1.2104166666666665,0.0,0.0,-0.7874887842909596,0.44823660588841596,-1.187929461775303e-272,0.0,0.0,0.0,0.014256191944041863,unicycle
3.775785905576883,-11.426273635287512,1.2104166666666665,0.0,0.0,-0.7872075567188709,0.44867156584213524,-9.780384183950944e-273,0.0,0.0,0.0,0.014061378604434984,unicycle
3.7821256800637864,-11.432634626008385,1.2104166666666665,0.0,0.0,-0.7869297048764253,0.4490404881932496,-8.048308030305959e-273,0.0,0.0,0.0,0.01389259212228263,unicycle
3.7884716257686617,-11.438998289956384,1.2104166666666665,0.0,0.0,-0.786654784911692,0.4493529966546366,-6.619632586414716e-273,0.0,0.0,0.0,0.013745998236660353,unicycle
3.7948230470700346,-11.44536395998348,1.2104166666666665,0.0,0.0,-0.7863824190447363,0.4496173593770594,-5.441777085115912e-273,0.0,0.0,0.0,0.013618293347797473,unicycle
3.8011793501958158,-11.451731067696072,1.2104166666666665,0.0,0.0,-0.7861122863296978,0.44984066774462383,-4.471176861930097e-273,0.0,0.0,0.0,0.013506635751916553,unicycle
3.8075400286053065,-11.458099129247604,1.2104166666666665,0.0,0.0,-0.7858441146337342,0.450028994173043,-3.6717539806752365e-273,0.0,0.0,0.0,0.013408584798189464,unicycle
3.8139046503559615,-11.464467733069744,1.2104166666666665,0.0,0.0,-0.785577673688137,0.45018753079100127,-3.0136443824003377e-273,0.0,0.0,0.0,0.013322047279863775,unicycle
3.820272847208897,-11.470836529299934,1.2104166666666665,0.0,0.0,-0.7853127690806586,0.4503207108655539,-2.472139041909815e-273,0.0,0.0,0.0,0.013245230373914124,unicycle
3.8266443052524544,-11.477205220688502,1.2104166666666665,0.0,0.0,-0.7850492370713519,0.4504323147635981,-2.0268035715142614e-273,0.0,0.0,0.0,0.013176600465343984,unicycle
3.8330187568470993,-11.483573554792402,1.2104166666666665,0.0,0.0,-0.7847869401268164,0.4505255621406451,-1.6607465455816747e-273,0.0,0.0,0.0,0.013114847226768873,unicycle
3.8393959737172545,-11.489941317284813,1.2104166666666665,0.0,0.0,-0.7845257630794934,0.4506031919284378,-1.3600117097816214e-273,0.0,0.0,0.0,0.013058852366150762,unicycle
3.8457757610361796,-11.496308326230105,1.2104166666666665,0.0,0.0,-0.7842656098294563,0.45066753156390116,-1.1130733357838942e-273,0.0,0.0,0.0,0.013007662501860688,unicycle
3.852157952368692,-11.502674427192105,1.2104166666666665,0.0,0.0,-0.7840064005160164,0.4507205567702952,-9.104174123189145e-274,0.0,0.0,0.0,0.012960465671985623,unicycle
3.858542405353362,-11.509039489060152,1.2104166666666665,0.0,0.0,-0.7837480690953743,0.45076394307198514,-7.441942337859494e-274,0.0,0.0,0.0,0.012916571032112214,unicycle
3.864928998020914,-11.515403400492314,1.2104166666666665,0.0,0.0,-0.7834905612685451,0.45079911010015405,-6.079303480399886e-274,0.0,0.0,0.0,0.012875391341453234,unicycle
3.871317625658999,-11.521766066888219,1.2104166666666665,0.0,0.0,-0.7832338327109388,0.45082725963007453,-4.962898314004385e-274,0.0,0.0,0.0,0.012836427880315276,unicycle
3.8777081981454056,-11.528127407815678,1.2104166666666665,0.0,0.0,-0.7829778475612977,0.4508494081823983,-4.04876535078498e-274,0.0,0.0,0.0,0.012799257482051091,unicycle
3.8841006376822547,-11.53448735482552,1.2104166666666665,0.0,0.0,-0.7827225771333067,0.4508664149218672,-3.3007034673243195e-274,0.0,0.0,0.0,0.012763521399550025,unicycle
3.8904948768729577,-11.540845849598034,1.2104166666666665,0.0,0.0,-0.7824679988181084,0.45087900549698734,-2.688916787785655e-274,0.0,0.0,0.0,0.012728915759920615,unicycle
3.8968908570917438,-11.547202842372307,1.2104166666666665,0.0,0.0,-0.7822140951502812,0.4508877923833506,-2.1888936923352938e-274,0.0,0.0,0.0,0.012695183391357329,unicycle
3.9032885271026077,-11.553558290616564,1.2104166666666665,0.0,0.0,-0.7819608530136134,0.4508932922210068,-1.780479929765066e-274,0.0,0.0,0.0,0.01266210683338623,unicycle
3.909687841890628,-11.559912157903595,1.2104166666666665,0.0,0.0,-0.7817082629662949,0.45089594057206717,-1.4471125801181715e-274,0.0,0.0,0.0,0.012629502365932436,unicycle
3.9160887616738975,-11.56626441296048,1.2104166666666665,0.0,0.0,-0.7814563186680117,0.4508961044679291,-1.175187248849833e-274,0.0,0.0,0.0,0.012597214914156463,unicycle
3.922491251068902,-11.572615028866315,1.2104166666666665,0.0,0.0,-0.7812050163939116,0.45089409306552897,-9.535355653922696e-275,0.0,0.0,0.0,0.012565113704992236,unicycle
3.9288952783861126,-11.578963982375443,1.2104166666666665,0.0,0.0,-0.7809543546225513,0.4508901666881965,-7.72993962303498e-275,0.0,0.0,0.0,0.01253308856801636,unicycle
3.935300815035988,-11.585311253347044,1.2104166666666665,0.0,0.0,-0.7807043336867933,0.4508845444883905,-6.260479572720349e-275,0.0,0.0,0.0,0.01250104678791054,unicycle
3.9417078350284873,-11.591656824264723,1.2104166666666665,0.0,0.0,-0.780454955478222,0.45087741093623906,-5.065388584985206e-275,0.0,0.0,0.0,0.012468910428562359,unicycle
3.948116314551728,-11.598000679832268,1.2104166666666665,0.0,0.0,-0.780206223197022,0.4508689213088333,-4.094220557806613e-275,0.0,0.0,0.0,0.012436614059986287,unicycle
3.9545262316175522,-11.604342806633689,1.2104166666666665,0.0,0.0,-0.7799581411404437,0.45085920633012583,-3.305679213286398e-275,0.0,0.0,0.0,0.012404102828924159,unicycle
3.9609375657636257,-11.610683192847606,1.2104166666666665,0.0,0.0,-0.7797107145239962,0.450848376089593,-2.6659788966027197e-275,0.0,0.0,0.0,0.01237133082237426,unicycle
3.967350297803257,-11.617021828007445,1.2104166666666665,0.0,0.0,-0.7794639493303853,0.4508365233491118,-2.1474956803809635e-275,0.0,0.0,0.0,0.01233825968055656,unicycle
3.973764409615469,-11.623358702800234,1.2104166666666665,0.0,0.0,-0.7792178521819435,0.4508237263313992,-1.7276579215310698e-275,0.0,0.0,0.0,0.012304857422088894,unicycle
3.9801798839689986,-11.62969380889795,1.2104166666666665,0.0,0.0,-0.7789724302329525,0.45081005106953115,-1.3880342308821487e-275,0.0,0.0,0.0,0.012271097449550818,unicycle
3.9865967043748696,-11.63602713881623,1.2104166666666665,0.0,0.0,-0.7787276910787875,0.4507955533851919,-1.1135841179626774e-275,0.0,0.0,0.0,0.012236957708259976,unicycle
3.9930148549630187,-11.642358685796127,1.2104166666666665,0.0,0.0,-0.7784836426792858,0.4507802805531481,-8.92042620384128e-276,0.0,0.0,0.0,0.012202419975079476,unicycle
3.9994343203791525,-11.648688443705192,1.2104166666666665,0.0,0.0,-0.7782402932941358,0.45076427270075503,-7.134152328455155e-276,0.0,0.0,0.0,0.012167469257501078,unicycle
4.005855085698606,-11.655016406954827,1.2104166666666665,0.0,0.0,-0.777997651428412,0.45074756398388816,-5.695635922707003e-276,0.0,0.0,0.0,0.012132093286184564,unicycle
4.012277136354486,-11.661342570431293,1.2104166666666665,0.0,0.0,-0.7777557257866791,0.45073018357436945,-4.538658005915406e-276,0.0,0.0,0.0,0.012096282086645831,unicycle
4.018700458077805,-11.667666929438136,1.2104166666666665,0.0,0.0,-0.7775145252343205,0.45071215648857377,-3.60938097841118e-276,0.0,0.0,0.0,0.01206002761793334,unicycle
4.025125036847672,-11.673989479648231,1.2104166666666665,0.0,0.0,-0.7772740587649613,0.45069350428232,-2.8640693739915364e-276,0.0,0.0,0.0,0.012023323467965908,unicycle
4.0315508596265435,-11.680310217827957,1.2104166666666665,0.0,0.0,-0.7770343355033806,0.450674300108167,-2.2672244702377558e-276,0.0,0.0,0.0,0.011986163079026408,unicycle
4.037977913967631,-11.68662914145057,1.2104166666666665,0.0,0.0,-0.7767953646683154,0.45065458956478777,-1.7900585390929287e-276,0.0,0.0,0.0,0.011948541753255174,unicycle
4.044406187134472,-11.692946247830546,1.2104166666666665,0.0,0.0,-0.7765571555196551,0.4506343565118948,-1.4092476766018132e-276,0.0,0.0,0.0,0.01191045743302093,unicycle
4.050835666190869,-11.6992615342127,1.2104166666666665,0.0,0.0,-0.7763197173465056,0.4506135911367239,-1.1059130004887627e-276,0.0,0.0,0.0,0.011871908657480829,unicycle
4.05726633806895,-11.705574997839491,1.2104166666666665,0.0,0.0,-0.7760830594568054,0.45059228840881055,-8.647889474282074e-277,0.0,0.0,0.0,0.011832894484996007,unicycle
4.063698189620239,-11.711886636001342,1.2104166666666665,0.0,0.0,-0.775847191168304,0.4505704468793779,-6.735447699058691e-277,0.0,0.0,0.0,0.011793414425072415,unicycle
4.070131207653574,-11.71819644607386,1.2104166666666665,0.0,0.0,-0.7756121218007272,0.4505480677529578,-5.222313999231116e-277,0.0,0.0,0.0,0.011753468378841406,unicycle
4.076565378962929,-11.724504425544957,1.2104166666666665,0.0,0.0,-0.7753778606689842,0.45052515417346223,-4.0283084059423723e-277,0.0,0.0,0.0,0.01171305658715272,unicycle
4.0830006903475065,-11.730810572034263,1.2104166666666665,0.0,0.0,-0.7751444170772758,0.45050171067865835,-3.088893548167946e-277,0.0,0.0,0.0,0.011672179585419723,unicycle
4.089437128625984,-11.737114883306695,1.2104166666666665,0.0,0.0,-0.7749118003139874,0.45047774278643016,-2.352190980130245e-277,0.0,0.0,0.0,0.011630838164427965,unicycle
4.095874680646353,-11.743417357281611,1.2104166666666665,0.0,0.0,-0.7746800196472595,0.4504532566837708,-1.7765561784072917e-277,0.0,0.0,0.0,0.011589033336390176,unicycle
4.102313333292493,-11.749717992038713,1.2104166666666665,0.0,0.0,-0.7744490843211476,0.4504282589955036,-1.3286092381711398e-277,0.0,0.0,0.0,0.011546766305601232,unicycle
4.108753073488348,-11.75601678582152,1.2104166666666665,0.0,0.0,-0.7742190035522851,0.4504027566145715,-9.81637015641846e-278,0.0,0.0,0.0,0.011504038443113993,unicycle
4.115193888200374,-11.76231373703913,1.2104166666666665,0.0,0.0,-0.7739897865269867,0.45037675657959714,-7.142978214413122e-278,0.0,0.0,0.0,0.011460851264920083,unicycle
4.1216357644387696,-11.768608844266739,1.2104166666666665,0.0,0.0,-0.7737614423987231,0.45035026598849365,-5.0957236327807067e-278,0.0,0.0,0.0,0.011417206413178218,unicycle
4.128078689257872,-11.774902106245309,1.2104166666666665,0.0,0.0,-0.7735339802859214,0.4503232919393523,-3.53914957861889e-278,0.0,0.0,0.0,0.01137310564008634,unicycle
4.134522649756017,-11.781193521880704,1.2104166666666665,0.0,0.0,-0.7733074092700404,0.4502958414917726,-2.3656748624685956e-278,0.0,0.0,0.0,0.011328550794042488,unicycle
4.140967633075069,-11.787483090242475,1.2104166666666665,0.0,0.0,-0.7730817383938847,0.45026792164333646,-1.490054876273298e-278,0.0,0.0,0.0,0.011283543807783163,unicycle
4.1474136263997785,-11.793770810562451,1.2104166666666665,0.0,0.0,-0.7728569766601203,0.4502395393171382,-8.449144869413717e-279,0.0,0.0,0.0,0.01123808668822723,unicycle
4.153860616957089,-11.800056682233272,1.2104166666666665,0.0,0.0,-0.7726331330299647,0.4502107013572365,-3.771497507390565e-279,0.0,0.0,0.0,0.011192181507788349,unicycle
4.160308592015447,-11.806340704806933,1.2104166666666665,0.0,0.0,-0.7724102164220258,0.4501814145296405,-4.503314063079075e-280,0.0,0.0,0.0,0.01114583039694991,unicycle
4.166757538884201,-11.81262287799336,1.2104166666666665,0.0,0.0,-0.7721882357112673,0.45015168552702745,1.8411213314732935e-279,0.0,0.0,0.0,0.011099035537923723,unicycle
4.173207444913098,-11.818903201659118,1.2104166666666665,0.0,0.0,-0.7719671997280825,0.4501215209758434,3.3577792365063674e-279,0.0,0.0,0.0,0.011051799159237818,unicycle
4.179658297491906,-11.825181675826197,1.2104166666666665,0.0,0.0,-0.7717471172574603,0.45009092744478973,4.297657294397012e-279,0.0,0.0,0.0,0.011004123531119715,unicycle
4.186110084050164,-11.831458300670942,1.2104166666666665,0.0,0.0,-0.771527997038229,0.4500599114539712,4.813819701201733e-279,0.0,0.0,0.0,0.010956010961559891,unicycle
4.1925627920570845,-11.837733076523106,1.2104166666666665,0.0,0.0,-0.7713098477623701,0.450028479484187,5.023922286963159e-279,0.0,0.0,0.0,0.010907463792956236,unicycle
4.199016409021569,-11.844006003865015,1.2104166666666665,0.0,0.0,-0.771092678074385,0.44999663798600675,5.017816374156721e-279,0.0,0.0,0.0,0.010858484399254208,unicycle
4.205470922492358,-11.850277083330862,1.2104166666666665,0.0,0.0,-0.7708764965707148,0.4499643933883895,4.8635956189755e-279,0.0,0.0,0.0,0.010809075183509435,unicycle
4.211926320058301,-11.856546315706096,1.2104166666666665,0.0,0.0,-0.7706613117991986,0.4499317521066955,4.6123940939893324e-279,0.0,0.0,0.0,0.010759238575810019,unicycle
4.218382589348729,-11.862813701926921,1.2104166666666665,0.0,0.0,-0.7704471322585685,0.44989872055000446,4.302184384591039e-279,0.0,0.0,0.0,0.010708977031504746,unicycle
4.224839718033918,-11.869079243079883,1.2104166666666665,0.0,0.0,-0.7702339663979748,0.44986530512770173,3.960776231815477e-279,0.0,0.0,0.0,0.010658293029691287,unicycle
4.231297693825649,-11.875342940401517,1.2104166666666665,0.0,0.0,-0.7700218226165362,0.44983151225532775,3.608177170495436e-279,0.0,0.0,0.0,0.01060718907192506,unicycle
4.237756504477835,-11.881604795278086,1.2104166666666665,0.0,0.0,-0.7698107092629138,0.44979734835970947,3.2584449769382058e-279,0.0,0.0,0.0,0.010555667681115322,unicycle
4.2442161377872125,-11.887864809245372,1.2104166666666665,0.0,0.0,-0.7696006346349021,0.4497628198834083,2.9211361605668487e-279,0.0,0.0,0.0,0.01050373140057988,unicycle
4.250676581594096,-11.894122983988499,1.2104166666666665,0.0,0.0,-0.7693916069790374,0.4497279332885272,2.6024340722167856e-279,0.0,0.0,0.0,0.010451382793234057,unicycle
4.257137823783171,-11.900379321341825,1.2104166666666665,0.0,0.0,-0.7691836344902193,0.449692695059927,2.3060235310581956e-279,0.0,0.0,0.0,0.010398624440893265,unicycle
4.263599852284337,-11.906633823288855,1.2104166666666665,0.0,0.0,-0.7689767253113459,0.4496571117079018,2.0337654372988786e-279,0.0,0.0,0.0,0.010345458943671613,unicycle
4.270062655073566,-11.912886491962167,1.2104166666666665,0.0,0.0,-0.7687708875329569,0.4496211897703661,1.7862140242141265e-279,0.0,0.0,0.0,0.010291888919461515,unicycle
4.27652622017381,-11.91913732964339,1.2104166666666665,0.0,0.0,-0.768566129192887,0.44958493581460124,1.5630107106552925e-279,0.0,0.0,0.0,0.010237917003481672,unicycle
4.282990535655907,-11.925386338763174,1.2104166666666665,0.0,0.0,-0.7683624582759295,0.44954835643860996,1.363181537636695e-279,0.0,0.0,0.0,0.010183545847882652,unicycle
4.289455589639515,-11.931633521901182,1.2104166666666665,0.0,0.0,-0.7681598827135012,0.4495114582721216,1.1853595798879017e-279,0.0,0.0,0.0,0.010128778121400912,unicycle
4.295921370294054,-11.937878881786082,1.2104166666666665,0.0,0.0,-0.7679584103833201,0.44947424797728874,1.027949247629356e-279,0.0,0.0,0.0,0.010073616509053602,unicycle
4.302387865839654,-11.944122421295555,1.2104166666666665,0.0,0.0,-0.767758049109083,0.449436732249113,8.892458182291016e-280,0.0,0.0,0.0,0.010018063711867581,unicycle
4.308855064548105,-11.950364143456284,1.2104166666666665,0.0,0.0,-0.7675588066601503,0.44939891781563157,7.67520686038417e-280,0.0,0.0,0.0,0.009962122446637096,unicycle
4.315322954743812,-11.95660405144395,1.2104166666666665,0.0,0.0,-0.7673606907512361,0.44936081143789586,6.610805493562778e-280,0.0,0.0,0.0,0.00990579544570547,unicycle
4.321791524804739,-11.962842148583237,1.2104166666666665,0.0,0.0,-0.7671637090421007,0.44932241990976807,5.683069511802458e-280,0.0,0.0,0.0,0.009849085456766873,unicycle
4.32826076316336,-11.9690784383478,1.2104166666666665,0.0,0.0,-0.766967869137247,0.4492837500575599,4.876811623510161e-280,0.0,0.0,0.0,0.009791995242684776,unicycle
4.334730659094867,-11.975312925119043,1.2104166666666665,0.0,0.0,-0.7667731786119854,0.449244863410644,4.1779826703875203e-280,0.0,0.0,0.0,0.009734526263087462,unicycle
4.341201202354823,-11.981545613835227,1.2104166666666665,0.0,0.0,-0.7665796449998441,0.4492057962775751,3.5737342095961143e-280,0.0,0.0,0.0,0.009676680607057878,unicycle
4.347672382316385,-11.987776509159168,1.2104166666666665,0.0,0.0,-0.7663872757632945,0.44916652502638776,3.052425537472365e-280,0.0,0.0,0.0,0.009618461827482013,unicycle
4.354144188086166,-11.994005615589337,1.2104166666666665,0.0,0.0,-0.7661960782973801,0.4491270340503447,2.603592395692262e-280,0.0,0.0,0.0,0.009559873295707887,unicycle
4.360616608593712,-12.000232937545356,1.2104166666666665,0.0,0.0,-0.7660060599324514,0.44908731392994644,2.2178903311140905e-280,0.0,0.0,0.0,0.009500918246434342,unicycle
4.3670896326601945,-12.006458479433407,1.2104166666666665,0.0,0.0,-0.7658172279361908,0.4490473599878511,1.8870223641196113e-280,0.0,0.0,0.0,0.009441599813033611,unicycle
4.373563249050846,-12.012682245695892,1.2104166666666665,0.0,0.0,-0.7656295895150861,0.44900717115643823,1.6036580568709218e-280,0.0,0.0,0.0,0.009381921055240132,unicycle
4.380037446514673,-12.018904240848775,1.2104166666666665,0.0,0.0,-0.7654431518154708,0.44896674909362144,1.3613491026286052e-280,0.0,0.0,0.0,0.009321884980762179,unicycle
4.3865122138142905,-12.025124469509382,1.2104166666666665,0.0,0.0,-0.7652579219242295,0.4489260974953208,1.154445052745205e-280,0.0,0.0,0.0,0.009261494562067811,unicycle
4.392987539748093,-12.03134293641681,1.2104166666666665,0.0,0.0,-0.7650739068692425,0.448885221563332,9.780116578530991e-281,0.0,0.0,0.0,0.009200752749349539,unicycle
4.399463413166537,-12.03755964644662,1.2104166666666665,0.0,0.0,-0.764891113619633,0.44884412759564646,8.277534437267958e-281,0.0,0.0,0.0,0.009139662480472266,unicycle
4.405939822983906,-12.043774604621206,1.2104166666666665,0.0,0.0,-0.7647095490858619,0.4488028226729663,6.999415066901332e-281,0.0,0.0,0.0,0.009078226688547682,unicycle
4.412416758186649,-12.04998781611683,1.2104166666666665,0.0,0.0,-0.764529220119709,0.44876131442052797,5.913470480266513e-281,0.0,0.0,0.0,0.00901644830764806,unicycle
4.418894207839132,-12.056199286268187,1.2104166666666665,0.0,0.0,-0.7643501335141676,0.44871961082865974,4.991808320933723e-281,0.0,0.0,0.0,0.00895433027706758,unicycle
4.425371325282532,-12.06240821724918,1.2104166666666665,0.0,0.0,-0.7641719543173024,0.4486197569080932,4.210385177051444e-281,0.0,0.0,0.0,0.008908959843256396,unicycle
4.431845077625479,-12.068611707108406,1.2104166666666665,0.0,0.0,-0.7639934048061526,0.4483100379338949,3.5485165258687515e-281,0.0,0.0,0.0,0.00892747555748719,unicycle
4.4383103355411615,-12.07480482674937,1.2104166666666665,0.0,0.0,-0.7638122056288319,0.44764464428524847,2.988440173899066e-281,0.0,0.0,0.0,0.009059958866031233,unicycle
4.444686588840016,-12.080910149831718,1.2104166666666665,0.0,0.0,-0.7635781171454539,0.4413943147200626,2.514929442883477e-281,0.0,0.0,0.0,0.011704424168917139,unicycle
4.450854675396441,-12.086812578998035,1.2104166666666665,0.0,0.0,-0.7632077439760141,0.4268605236611717,2.1149520421376683e-281,0.0,0.0,0.0,0.018518658471978967,unicycle
4.456739591211514,-12.092438706089014,1.2104166666666665,0.0,0.0,-0.7626325975917485,0.4070796667164095,1.7773704769062015e-281,0.0,0.0,0.0,0.02875731921328705,unicycle
4.462298814979631,-12.097745960312233,1.2104166666666665,0.0,0.0,-0.7617964700858348,0.3842912949031765,1.492679904054443e-281,0.0,0.0,0.0,0.041806375295689445,unicycle
4.467513312046997,-12.10271425937563,1.2104166666666665,0.0,0.0,-0.7606535980823349,0.360121440958875,1.252779511004194e-281,0.0,0.0,0.0,0.057143600174989,unicycle
4.472380661872128,-12.107339609752868,1.2104166666666665,0.0,0.0,-0.7591673396877077,0.33572670705380825,1.0507737240320027e-281,0.0,0.0,0.0,0.0743129197313587,unicycle
4.476909855860745,-12.111629226734147,1.2104166666666665,0.0,0.0,-0.7573091708830693,0.31190713052741414,8.807998203992197e-282,0.0,0.0,0.0,0.09290844023191483,unicycle
4.481117399981247,-12.115597839376075,1.2104166666666665,0.0,0.0,-0.7550578703662705,0.28919425978519075,7.378788052675572e-282,0.0,0.0,0.0,0.11256502583994327,unicycle
4.485024429583415,-12.119264918073863,1.2104166666666665,0.0,0.0,-0.7523988083246669,0.2679195933755225,6.177867047112499e-282,0.0,0.0,0.0,0.13295310208017208,unicycle
4.4886546039048465,-12.12265261882041,1.2104166666666665,0.0,0.0,-0.7493232883414914,0.24826750384320295,5.1694371046881224e-282,0.0,0.0,0.0,0.15377599915876397,unicycle
4.492032596660648,-12.125784282231866,1.2104166666666665,0.0,0.0,-0.7458279152756088,0.2303159372680732,4.323188837749067e-282,0.0,0.0,0.0,0.17476865329413377,unicycle
4.495183038628997,-12.128683359973177,1.2104166666666665,0.0,0.0,-0.7419139777371835,0.2140675112298763,3.613483805206872e-282,0.0,0.0,0.0,0.19569687692126136,unicycle
4.4981297998572565,-12.131372668441184,1.2104166666666665,0.0,0.0,-0.7375868436153382,0.1994730972245037,3.0186539576104944e-282,0.0,0.0,0.0,0.21635670609226526,unicycle
4.500895524403782,-12.133873891068811,1.2104166666666665,0.0,0.0,-0.7328553726047942,0.18644954305120598,2.5204024118115855e-282,0.0,0.0,0.0,0.23657355052720772,unicycle
4.50350135057801,-12.136207267635006,1.2104166666666665,0.0,0.0,-0.7277313521421206,0.17489284590650997,2.1032916444349473e-282,0.0,0.0,0.0,0.256201023133684,unicycle
4.505966765437036,-12.138391422453187,1.2104166666666665,0.0,0.0,-0.7222289636356461,0.1646878112423583,1.754306948922706e-282,0.0,0.0,0.0,0.2751194253237341,unicycle
4.5083095546663285,-12.14044329400476,1.2104166666666665,0.0,0.0,-0.7163642851408137,0.15571501241007013,1.4624845684980703e-282,0.0,0.0,0.0,0.29323392474162224,unicycle
4.5105458185984455,-12.14237813706093,1.2104166666666665,0.0,0.0,-0.7101548352622837,0.14785569081994257,1.2185953091667207e-282,0.0,0.0,0.0,0.31047249392650667,unicycle
4.512690032567264,-12.144209575047947,1.2104166666666665,0.0,0.0,-0.7036191614458408,0.1409950969857578,1.014875666447263e-282,0.0,0.0,0.0,0.32678369082214465,omni
4.514812523784566,-12.145935139909236,1.2104130832692486,0.0,0.0,-0.6969253019882193,0.13675011431773043,0.0024153112664548238,-0.00017916987088921132,0.0,0.0,0.3346929728810693,unicycle
4.516955189744184,-12.147556947890342,1.210403988551754,0.0,0.0,-0.6901728823657488,0.13422252739928442,0.006130096963312339,-0.0004547358747128013,0.0,0.0,0.3376209811235252,omni
4.519152874896134,-12.149075888766369,1.2103876605441777,0.0,0.0,-0.6834497087721844,0.13312674763242258,0.010947136759625387,-0.0008164003787934713,0.0,0.0,0.3361586796782252,unicycle
4.52142093900831,-12.150496632946979,1.21036357391656,0.0,0.0,-0.6767951449111167,0.13284521703947008,0.016086842422987007,-0.001204331380903641,0.0,0.0,0.3327281930533797,omni
4.5237745129426195,-12.151821812198389,1.2103310323545167,0.0,0.0,-0.6702521283971496,0.13330991391112096,0.021611517815146947,-0.0016270781021664688,0.0,0.0,0.3271508256983482,unicycle
4.526214604094307,-12.153057398123615,1.2102902657110486,0.0,0.0,-0.663826948697249,0.13407447271929057,0.02694241306637154,-0.0020383321734134905,0.0,0.0,0.3212589849950351,omni
4.528745951713306,-12.154206731134568,1.2102411063393783,0.0,0.0,-0.6575386026193815,0.13519922382501992,0.03229475798507106,-0.0024579685835141186,0.0,0.0,0.31441730389336847,unicycle
4.531362334745579,-12.155276253841237,1.2101841586003526,0.0,0.0,-0.6513762469374453,0.1363417624491761,0.037206645887351286,-0.0028473869512845367,0.0,0.0,0.3081177840968119,omni
4.534063479803248,-12.156269342334355,1.210119495599428,0.0,0.0,-0.64534706925313,0.1376362449101504,0.041980355586569304,-0.0032331500462169137,0.0,0.0,0.3014588842157636,unicycle
4.536839988933455,-12.157192380395445,1.2100478790666405,0.0,0.0,-0.6394322181995515,0.1388031664685973,0.04621957277282519,-0.0035808266393809064,0.0,0.0,0.2957425526789214,omni
4.5396895810714035,-12.15804837579374,1.2099694621347743,0.0,0.0,-0.6336339033736955,0.14001744830728302,0.05027360007069469,-0.003920846593290429,0.0,0.0,0.28991574129279385,unicycle
4.542601898159616,-12.158843351822117,1.2098850454377745,0.0,0.0,-0.6279303094841682,0.14103758583333015,0.053781087918813565,-0.0042208348499739225,0.0,0.0,0.2851796944763666,omni
4.545574251788099,-12.159579742145162,1.209794777400549,0.0,0.0,-0.6223223513826638,0.14205942902219676,0.057114552137843465,-0.004513401861294162,0.0,0.0,0.28039790507522216,unicycle
4.548596465665229,-12.160263071355628,1.2096994374165535,0.0,0.0,-0.6167878923684749,0.14286451107054632,0.05992980530750172,-0.004766999199795351,0.0,0.0,0.27672295070943803,omni
4.551666230913835,-12.160895128317252,1.2095991287969412,0.0,0.0,-0.6113284023130705,0.14365788000079024,0.06260879507712755,-0.005015430980634995,0.0,0.0,0.2729745027702195,unicycle
4.554774080419675,-12.16148090752604,1.2094945830720374,0.0,0.0,-0.6059226840260814,0.14423522325755123,0.06481454962440274,-0.005227286245195219,0.0,0.0,0.2702859143494559,omni
4.557918414025304,-12.162021565664869,1.2093858430468398,0.0,0.0,-0.600573572922966,0.14480399034183492,0.0669307677819923,-0.005437001259895461,0.0,0.0,0.2674555551557787,unicycle
4.56109066190869,-12.162521598168077,1.2092735842737732,0.0,0.0,-0.5952613030944414,0.14516883311797368,0.06862246985821809,-0.0056129386533270145,0.0,0.0,0.2656134914262308,unicycle
4.564236691623883,-12.163006644080841,1.209162268528858,0.0,0.0,-0.5898279060324385,0.14402953066789986,0.06773099646354061,-0.005565787245747238,0.0,0.0,0.2716698531001451,unicycle
4.567320572096304,-12.163494466199428,1.2090549279477252,0.0,0.0,-0.5841677503114622,0.14189260015042404,0.06509437806787147,-0.005367029056640426,0.0,0.0,0.28300778604881327,unicycle
4.570319912278985,-12.163996861858806,1.208953523414806,0.0,0.0,-0.5782143238315689,0.1391352907639897,0.06133959960605263,-0.005070226645938515,0.0,0.0,0.2976713239946561,unicycle
4.573222270451032,-12.164521174040447,1.2088592224128913,0.0,0.0,-0.5719300378714762,0.13603490706199112,0.05693014303087012,-0.004715050095724513,0.0,0.0,0.31421429800464107,unicycle
4.576022396844132,-12.165071465288685,1.2087726133228502,0.0,0.0,-0.56529839453017,0.13279191015963676,0.05220348548932941,-0.004330454502070566,0.0,0.0,0.3315821670653156,unicycle
4.578720126600739,-12.165649418137473,1.208693869726955,0.0,0.0,-0.5583179988732434,0.1295480604705388,0.04740058686545568,-0.0039371797947714135,0.0,0.0,0.34901978284632695,unicycle
4.581318780528124,-12.166255019235155,1.2086228755070112,0.0,0.0,-0.5509980076185254,0.1264006169607174,0.04268900115206356,-0.00354971099717126,0.0,0.0,0.36599956273589956,unicycle
4.583823961860754,-12.166887075220105,1.2085593193112099,0.0,0.0,-0.5433546935731451,0.12341340701020544,0.0381809233768012,-0.003177809790081894,0.0,0.0,0.3821657022690117,unicycle
4.586242660998982,-12.167543599161009,1.2085027651864213,0.0,0.0,-0.5354088740712203,0.12062541883554416,0.0339472232217824,-0.0028277062394158493,0.0,0.0,0.3972909750962513,unicycle
4.588582598774634,-12.16822209813454,1.2084527047504718,0.0,0.0,-0.5271840061602625,0.11805743772336123,0.030028306311123708,-0.0025030217974554747,0.0,0.0,0.41124339554789846,unicycle
4.590851753456096,-12.168919785632369,1.2084085951427321,0.0,0.0,-0.5187047942626912,0.11571714209058648,0.026442474843400315,-0.0022054803869709346,0.0,0.0,0.42396059487856913,unicycle
4.593058028336615,-12.169633736968462,1.2083698860853336,0.0,0.0,-0.5099961898932159,0.11360299076755775,0.023192323041871174,-0.0019354528699491575,0.0,0.0,0.4354302184737695,unicycle
4.595209026002213,-12.170361001538893,1.2083360386662296,0.0,0.0,-0.5010826896472167,0.1117071649511424,0.02026959346225039,-0.0016923709552124407,0.0,0.0,0.4456750122999617,unicycle
4.5973119027425895,-12.17109868246376,1.2083065378826625,0.0,0.0,-0.4919878586015813,0.11001777379162395,0.017658832399067206,-0.0014750391783336745,0.0,0.0,0.45474155228177454,unicycle
4.59937328242996,-12.171843991610743,1.2082809005298396,0.0,0.0,-0.4827340226876595,0.10852048895894068,0.015340112297097749,-0.0012818676411403519,0.0,0.0,0.46269179569609475,unicycle
4.601399213846437,-12.17259428608446,1.2082586796610137,0.0,0.0,-0.4733420864575369,0.10719973867233089,0.013291032821473673,-0.0011110434413093553,0.0,0.0,0.46959681150613725,unicycle
4.603395159128409,-12.17334709081883,1.2082394665625389,0.0,0.0,-0.4638314427234006,0.10603956386444255,0.011488167327781056,-0.000960654923750125,0.0,0.0,0.4755321867068262,unicycle
4.605366003907672,-12.174100110815866,1.2082228909653925,0.0,0.0,-0.4542199484018178,0.1050242170041651,0.009908085682556637,-0.0008287798573361203,0.0,0.0,0.48057471607915064,unicycle
4.607316082017994,-12.17485123574514,1.2082086200407611,0.0,0.0,-0.44452394701176745,0.10413856650427628,0.008528055920188765,-0.0007135462315484043,0.0,0.0,0.4848000695025255,unicycle
4.60924920942687,-12.17559853898673,1.2081963565916551,0.0,0.0,-0.4347583230296112,0.10336835568792467,0.007326504634166999,-0.0006131724552973126,0.0,0.0,0.488281199107816,unicycle
4.611168723446227,-12.176340272717031,1.2081858367471396,0.0,0.0,-0.424936576989635,0.10270035425392017,0.0062832981185230756,-0.0005259922257532992,0.0,0.0,0.49108730199882505,unicycle
4.613077524354133,-12.177074860264462,1.2081768273843647,0.0,0.0,-0.41507091306688354,0.10212243147814427,0.00537989215569907,-0.0004504681387590367,0.0,0.0,0.4932831961375779,unicycle
4.614978117387731,-12.177800886673806,1.2081691234409615,0.0,0.0,-0.40517233307210326,0.10162357354504309,0.004599387230342682,-0.0003851971701407769,0.0,0.0,0.4949289997390184,unicycle
4.616872653698485,-12.178517088193416,1.2081625452326137,0.0,0.0,-0.39525073247014936,0.10119386203973219,0.00392651722385349,-0.0003289104173783032,0.0,0.0,0.4960800300977068,unicycle
4.6187629693368715,-12.179222341224266,1.20815693585437,0.0,0.0,-0.3853149953160034,0.10082442644325144,0.003347592821409333,-0.0002804689121789112,0.0,0.0,0.49678685770730485,unicycle
4.620650621688598,-12.179915651132418,1.2081521587171038,0.0,0.0,-0.3753730859751341,0.1005073802169721,0.002850415548412747,-0.00023885686328849878,0.0,0.0,0.49709546704347385,unicycle
4.622536923045485,-12.18059614121892,1.2081480952503292,0.0,0.0,-0.36543213622680787,0.10023574754187965,0.002424174231966847,-0.00020317333874223878,0.0,0.0,0.49704748741631655,unicycle
4.624422971182695,-12.181263042056882,1.2081446427878009,0.0,0.0,-0.3554985268945854,0.10000338583853154,0.0020593325034807953,-0.0001726231264275661,0.0,0.0,0.49668046661114146,unicycle
4.626309676947001,-12.18191568133981,1.2081417126417142,0.0,0.0,-0.3455779635502322,0.09980490770963296,0.0017475135200581368,-0.00014650730432074784,0.0,0.0,0.49602816721766346,unicycle
4.628197788951665,-12.182553474334311,1.2081392283638437,0.0,0.0,-0.3356755461289693,0.0996356048205034,0.0014813862250787969,-0.00012421389353849084,0.0,0.0,0.49512087106315433,unicycle
4.630087915532716,-12.1831759149911,1.2081371241868901,0.0,0.0,-0.32579583250136146,0.0994913753847164,0.0012545560653226117,-0.00010520884766613989,0.0,0.0,0.49398568138040283,unicycle
4.631980544157052,-12.183782567738449,1.2081353436360474,0.0,0.0,-0.31594289619047944,0.09936865629070708,0.0010614620323926983,-8.902754215707679e-05,0.0,0.0,0.49264681554411055,unicycle
4.6338760584913485,-12.184373059959967,1.2081338382988236,0.0,0.0,-0.3061203785179749,0.09926436044103394,0.0008972811204375291,-7.526686119791381e-05,0.0,0.0,0.49112588362523485,unicycle
4.635774753346833,-12.184947075142263,1.2081325667402043,0.0,0.0,-0.2963315355215984,0.09917581954055621,0.0007578407274263962,-6.357793097820631e-05,0.0,0.0,0.4894421498188299,unicycle
4.637676847712586,-12.185504346666468,1.2081314935499325,0.0,0.0,-0.2865792800188812,0.0991007323326559,0.0006395391241100108,-5.365951360426057e-05,0.0,0.0,0.487612775135869,unicycle
4.639582496081683,-12.18604465220975,1.2081305885088993,0.0,0.0,-0.2768662192044427,0.09903711812001068,0.0005392738345844128,-4.525205167070379e-05,0.0,0.0,0.48565304072193555,unicycle
4.641491798262537,-12.186567808718026,1.2081298258621553,0.0,0.0,-0.26719468816723474,0.09898327529976901,0.00045437758484473113,-3.813233718552315e-05,0.0,0.0,0.48357655186040455,unicycle
4.643404807853603,-12.18707366790828,1.2081291836867927,0.0,0.0,-0.25756677970321484,0.09893774457790218,0.000382561357361426,-3.210876813829061e-05,0.0,0.0,0.48139542320100337,unicycle
4.645321539544405,-12.187562112257964,1.2081286433437939,0.0,0.0,-0.24798437078165542,0.09889927649289446,0.00032186402234552034,-2.7017149961458923e-05,0.0,0.0,0.4791204460779794,unicycle
4.6472419753904255,-12.188033051439177,1.2081281890038682,0.0,0.0,-0.23844914600194508,0.09886680286625012,0.00027060798598997957,-2.2716996270122448e-05,0.0,0.0,0.47676123898552425,unicycle
4.649166070194252,-12.188486419156478,1.2081278072382153,0.0,0.0,-0.22896261835409337,0.09883941180003389,0.00022736029187261377,-1.9088282664758097e-05,0.0,0.0,0.4743263823925895,unicycle
4.651093756110959,-12.188922170349025,1.2081274866660483,0.0,0.0,-0.21952614757152022,0.09881632585489515,0.00019089862575052144,-1.602860835116242e-05,0.0,0.0,0.47182353912866276,unicycle
4.653024946582186,-12.189340278719984,1.2081272176516011,0.0,0.0,-0.21014095634002428,0.09879688306206313,0.00016018170004743773,-1.345072234976739e-05,0.0,0.0,0.4692595615748036,unicycle
4.654959539690925,-12.189740734558614,1.2081269920441262,0.0,0.0,-0.20080814460273924,0.09878052044690398,0.00013432352787627424,-1.1280373743152494e-05,0.0,0.0,0.46664058686425774,unicycle
4.656897421017646,-12.19012354282316,1.2081268029551568,0.0,0.0,-0.1915287021778414,0.09876675976780389,0.0001125711341005726,-9.454448458955077e-06,0.0,0.0,0.46397212124489684,unicycle
4.65883846606816,-12.190488721455264,1.2081266445679912,0.0,0.0,-0.1823035198840502,0.09875519520095181,9.428529030021171e-05,-7.91935829760131e-06,0.0,0.0,0.46125911468956565,unicycle
4.660782543202276,-12.190836295002041,1.2081265119749685,0.0,0.0,-0.17312836264183482,0.09874548272803953,7.892389985756784e-05,-6.629651142830482e-06,0.0,0.0,0.4587578621107736,unicycle
4.662729516451111,-12.191166285950766,1.2081264010386799,0.0,0.0,-0.16399641443589855,0.09873733100930063,6.602769754721713e-05,-5.546814436202539e-06,0.0,0.0,0.45659741029681983,unicycle
4.664679246464683,-12.19147871413989,1.2081263082737401,0.0,0.0,-0.15490392001322814,0.09873049354823954,5.5207964225885776e-05,-4.638246987483977e-06,0.0,0.0,0.45462472113352626,unicycle
4.666631590547002,-12.191773600983781,1.2081262307462002,0.0,0.0,-0.1458493338205197,0.09872476197660539,4.613599101043062e-05,-3.876376989482144e-06,0.0,0.0,0.4527293096354287,unicycle
4.668586402945722,-12.192050972385406,1.2081261659880662,0.0,0.0,-0.13683267267279134,0.09871996030852102,3.853405845073805e-05,-3.2379066858671707e-06,0.0,0.0,0.45083305738642354,unicycle
4.670543535298005,-12.192310860660601,1.2081261119247364,0.0,0.0,-0.1278550263607401,0.09871594003115719,3.2167724560367846e-05,-2.703166494710232e-06,0.0,0.0,0.44888231560256786,unicycle
4.672502837162382,-12.192553305724006,1.2081260668134661,0.0,0.0,-0.11891819038965742,0.09871257591598175,2.6839241180607924e-05,-2.255563519403852e-06,0.0,0.0,0.44684179855413764,unicycle
4.6744641565871845,-12.192778355729377,1.20812602919124,0.0,0.0,-0.11002439288412455,0.09870976244949504,2.238194111913042e-05,-1.881111289411031e-06,0.0,0.0,0.44468987527664844,unicycle
4.67642734068167,-12.192986067312257,1.2081259978306547,0.0,0.0,-0.10117609384681513,0.09870741079559192,1.8655458967500998e-05,-1.5680292773055653e-06,0.0,0.0,0.44241495186547686,unicycle
4.678392236167218,-12.193176505548053,1.20812597170261,0.0,0.0,-0.09237583978628909,0.09870544621339157,1.5541666636570103e-05,-1.30640224981099e-06,0.0,0.0,0.44001270302630563,unicycle
4.6803586898943506,-12.193349743711492,1.2081259499447932,0.0,0.0,-0.0836261605110848,0.09870380586467994,1.2941220644351153e-05,-1.087890844383112e-06,0.0,0.0,0.4374839637602193,unicycle
4.682326549317259,-12.19350586290238,1.208125931835074,0.0,0.0,-0.07492949784895174,0.09870243695414473,1.0770632241022077e-05,-9.054859351530753e-07,0.0,0.0,0.4348331331066589,unicycle
4.6842956629217944,-12.193644951586322,1.208125916769066,0.0,0.0,-0.06628815836652359,0.09870129515347971,8.959783751172103e-06,-7.533003784511161e-07,0.0,0.0,0.43206697412141204,unicycle
4.686265880605808,-12.193767105086467,1.2081259042412136,0.0,0.0,-0.05770428397452607,0.09870034326731454,7.449825237823959e-06,-6.26392623793554e-07,0.0,0.0,0.4291937195998797,unicycle
4.688237054012761,-12.193872425052751,1.2081258938288644,0.0,0.0,-0.04917983571569804,0.09869955010490117,6.191394918907531e-06,-5.206174554225047e-07,0.0,0.0,0.4262224129414056,unicycle
4.690209036820804,-12.193961018927634,1.208125885178868,0.0,0.0,-0.040716587132707906,0.09869888952666529,5.143114855087417e-06,-4.324998055196691e-07,0.0,0.0,0.4231624291495109,unicycle
4.692181684990301,-12.194032999421756,1.208125877996305,0.0,0.0,-0.032316124468904105,0.09869833963920603,4.270320425146088e-06,-3.59128165266276e-07,0.0,0.0,0.42002313319019385,unicycle
4.694154856973233,-12.194088484008647,1.2081258720350123,0.0,0.0,-0.023979851618771992,0.09869788211618546,3.5439881449374622e-06,-2.98064625075012e-07,0.0,0.0,0.4168136425066093,unicycle
4.696128413888042,-12.19412759444443,1.2081258670896322,0.0,0.0,-0.015708998259153287,0.09869750162587172,2.9398315884087353e-06,-2.472690105680812e-07,0.0,0.0,0.41354266798093864,unicycle
4.698102219663485,-12.194150456316077,1.2081258629889329,0.0,0.0,-0.007504629989354593,0.09869718534895199,2.43753964179226e-06,-2.050349551617917e-07,0.0,0.0,0.4102184134899381,unicycle
4.700076141154954,-12.194157198620013,1.2081258595902116,0.0,0.0,0.0006323403860706922,0.09869692257267908,2.0201351603184315e-06,-1.6993607139928012e-07,0.0,0.0,0.4068485187712675,unicycle
4.702050048236472,-12.194147953371594,1.208125856774598,0.0,0.0,0.008701141063671659,0.09869670434951038,1.6734353851820112e-06,-1.4078065849173494e-07,0.0,0.0,0.4034400338800514,unicycle
4.704023813871401,-12.194122855245109,1.2081258544431253,0.0,0.0,0.016701129389410964,0.0986965232101886,1.3855982913989982e-06,-1.1657361908954683e-07,0.0,0.0,0.3999994162869684,unicycle
4.705997314164546,-12.194082041243297,1.208125852513436,0.0,0.0,0.024631780265845924,0.09869637292274315,1.1467414398603994e-06,-9.648445955280854e-08,0.0,0.0,0.3965325438217508,unicycle
4.707970428398177,-12.194025650395007,1.2081258509170276,0.0,0.0,0.032492675032523906,0.0986962482901943,9.486219563382486e-07,-7.982041968593076e-08,0.0,0.0,0.39304473833390197,unicycle
4.709943039054133,-12.193953823479331,1.2081258495969494,0.0,0.0,0.0402834909571532,0.09869614498085225,7.843680060958918e-07,-6.600392419262995e-08,0.0,0.0,0.38954079623146737,unicycle
4.711915031823994,-12.193866702774438,1.2081258485058763,0.0,0.0,0.04800399141819029,0.09869605938604706,6.48253618242392e-07,-5.455367260041528e-08,0.0,0.0,0.3860250230518568,unicycle
4.7138862956090355,-12.19376443182927,1.2081258476045005,0.0,0.0,0.05565401681781413,0.09869598850092738,5.355099764282291e-07,-4.506879022256282e-08,0.0,0.0,0.38250126998119416,unicycle
4.715856722511488,-12.193647155256281,1.2081258468601892,0.0,0.0,0.06323347623424516,0.09869592982464608,4.4216736421269073e-07,-3.7215552571939195e-08,0.0,0.0,0.37897297082155434,unicycle
4.717826207818432,-12.193515018543437,1.2081258462458637,0.0,0.0,0.070742339801221,0.09869588127682781,3.6492286230409353e-07,-3.0716271845475464e-08,0.0,0.0,0.37544317834879404,unicycle
4.719794649979474,-12.19336816788378,1.2081258457390638,0.0,0.0,0.07818063178799756,0.09869584112770212,3.010296648620943e-07,-2.5339998667014276e-08,0.0,0.0,0.37191459933882975,unicycle
4.721761950579201,-12.193206750020982,1.2081258453211687,0.0,0.0,0.08554842434383131,0.09869580793969852,2.4820453375725036e-07,-2.0894746933764017e-08,0.0,0.0,0.36838962779168904,unicycle
4.723728014305288,-12.193030912109357,1.2081258449767491,0.0,0.0,0.09284583186522329,0.09869578051864987,2.045504607730961e-07,-1.722099583660812e-08,0.0,0.0,0.36487037606960016,unicycle
4.725692748912987,-12.192840801586986,1.208125844693024,0.0,0.0,0.100073005941278,0.09869575787304498,1.684920733361491e-07,-1.4186262183554307e-08,0.0,0.0,0.3613587038027369,unicycle
4.727656065186649,-12.192636566060665,1.2081258444594127,0.0,0.0,0.10723013083159054,0.09869573918002054,1.3872171240039626e-07,-1.1680569131636421e-08,0.0,0.0,0.35785624451562825,unicycle
4.729617876898815,-12.192418353201528,1.2081258442671594,0.0,0.0,0.11431741943154497,0.09869572375699248,1.1415444263379155e-07,-9.612665250290013e-09,0.0,0.0,0.3543644299977226,unicycle
4.731578100767355,-12.192186310650278,1.208125844109022,0.0,0.0,0.12133510968134861,0.09869571103800348,9.389053446612702e-08,-7.90687128709084e-09,0.0,0.0,0.35088451249018326,unicycle
4.73353665641104,-12.191940585931077,1.208125843979013,0.0,0.0,0.12828346137721092,0.09869570055401262,7.718419287338871e-08,-6.500451756248512e-09,0.0,0.0,0.3474175847931136,unicycle
4.735493466303894,-12.19168132637322,1.2081258438721847,0.0,0.0,0.1351627533455561,0.09869569191647833,6.341750580801519e-08,-5.341425092531929e-09,0.0,0.0,0.3439645984172611,unicycle
4.737448455728613,-12.191408679039826,1.2081258437844495,0.0,0.0,0.1419732809438571,0.09869568480369087,5.207875172621584e-08,-4.386740093622021e-09,0.0,0.0,0.3405263799150533,unicycle
4.7394015527292925,-12.191122790662826,1.2081258437124343,0.0,0.0,0.14871535385445797,0.09869567894939961,4.2744345624895814e-08,-3.600758124070417e-09,0.0,0.0,0.337103645530044,unicycle
4.741352688063672,-12.190823807583637,1.2081258436533544,0.0,0.0,0.1553892941405257,0.09869567413335417,3.506382054581602e-08,-2.9539904232452664e-09,0.0,0.0,0.33369701430338683,unicycle
4.7433017951550625,-12.190511875698956,1.2081258436049132,0.0,0.0,0.16199543453597012,0.09869567017344133,2.874734015975529e-08,-2.4220481435942622e-09,0.0,0.0,0.33030701977222277,unicycle
4.745248810044118,-12.190187140411139,1.2081258435652178,0.0,0.0,0.16853411694374937,0.09869566691915121,2.355532079217955e-08,-1.98476969448817e-09,0.0,0.0,0.32693412038896186,unicycle
4.747193671340553,-12.189849746582762,1.2081258435327078,0.0,0.0,0.1750056911194123,0.098695664246151,1.9289810616273182e-08,-1.625495792381105e-09,0.0,0.0,0.32357870878314754,unicycle
4.7491363201749275,-12.18949983849494,1.2081258435060989,0.0,0.0,0.1814105135190027,0.09869566205178025,1.5787331849192432e-08,-1.330467498733674e-09,0.0,0.0,0.3202411199795175,unicycle
4.751076700150571,-12.189137559809012,1.2081258434843323,0.0,0.0,0.18774894629255173,0.09869566025131311,1.2912940440560891e-08,-1.0883266139087643e-09,0.0,0.0,0.3169216386774526,unicycle
4.7530147572957295,-12.188763053531332,1.2081258434665385,0.0,0.0,0.19402135640632268,0.09869565877485845,1.0555298454207748e-08,-8.897012152514866e-10,0.0,0.0,0.313620505688546,unicycle
4.754950440015981,-12.188376461980836,1.2081258434520017,0.0,0.0,0.20022811487873748,0.09869565756478993,8.622588391987316e-09,-7.268619879764401e-10,0.0,0.0,0.3103379236207413,unicycle
4.75688369904698,-12.187977926759151,1.208125843440133,0.0,0.0,0.2063695961165283,0.0986956565736167,7.039127167389902e-09,-5.934373885479902e-10,0.0,0.0,0.30707406188954056,unicycle
4.75881448740756,-12.18756758872301,1.2081258434304492,0.0,0.0,0.21244617733911333,0.09869565576221984,5.742561211133577e-09,-4.841776778824315e-10,0.0,0.0,0.30382906112925306,unicycle
4.760742760353248,-12.187145587958765,1.2081258434225541,0.0,0.0,0.2184582380805176,0.09869565509839236,4.68154404152447e-09,-3.9475952976824003e-10,0.0,0.0,0.3006030370702124,unicycle
4.762668475330187,-12.186712063758852,1.208125843416122,0.0,0.0,0.22440615975934453,0.09869565455563117,3.813814198048002e-09,-3.216243120366457e-10,0.0,0.0,0.2973960839413471,unicycle
4.7645915919295145,-12.186267154599998,1.2081258434108852,0.0,0.0,0.23029032530837382,0.09869565411213792,3.104605253885857e-09,-2.6184429926464944e-10,0.0,0.0,0.2942082774514655,unicycle
4.766512071842202,-12.185810998123056,1.2081258434066247,0.0,0.0,0.23611111885631583,0.09869565374999299,2.5253311419938553e-09,-2.130120439563242e-10,0.0,0.0,0.2910396773970978,unicycle
4.768429878814381,-12.18534373111436,1.2081258434031616,0.0,0.0,0.24186892545511,0.09869565345447301,2.052499627501515e-09,-1.7314893992604982e-10,0.0,0.0,0.2878903299397074,unicycle
4.770344978603149,-12.18486548948842,1.2081258434003488,0.0,0.0,0.24756413084692036,0.09869565321348713,1.6668147528489232e-09,-1.4062968356789572e-10,0.0,0.0,0.2847602695905165,unicycle
4.772257338932884,-12.184376408271934,1.2081258433980662,0.0,0.0,0.2531971212656615,0.09869565301711164,1.3524357362145274e-09,-1.1411989809315772e-10,0.0,0.0,0.2816495209370605,unicycle
4.7741669294520515,-12.183876621588974,1.208125843396216,0.0,0.0,0.25876828326849877,0.09869565285720605,1.0963653401921809e-09,-9.252465128304952e-11,0.0,0.0,0.2785581001418622,unicycle
4.776073721690544,-12.183366262647274,1.2081258433947168,0.0,0.0,0.264278003593304,0.09869565272709634,8.879453318887072e-10,-7.494598442263311e-11,0.0,0.0,0.2754860162402609,unicycle
4.777977689017515,-12.182845463725558,1.2081258433935036,0.0,0.0,0.2697266690385325,0.09869565262131391,7.184404827698822e-10,-6.064789188883676e-11,0.0,0.0,0.2724332722614281,unicycle
4.779878806599747,-12.182314356161834,1.208125843392523,0.0,0.0,0.2751146663624106,0.09869565253538046,5.806957363244607e-10,-4.9027458252429626e-11,0.0,0.0,0.26939986619390205,unicycle
4.78177705136053,-12.181773070342597,1.2081258433917308,0.0,0.0,0.28044238219870193,0.09869565246563085,4.688538122214446e-10,-3.9591081819470326e-11,0.0,0.0,0.2663857918145647,unicycle
4.783672401939067,-12.18122173569288,1.2081258433910922,0.0,0.0,0.28571020298665856,0.09869565240906725,3.7812270749376466e-10,-3.1934897877701376e-11,0.0,0.0,0.2633910393978315,unicycle
4.785564838650399,-12.180660480667113,1.208125843390578,0.0,0.0,0.29091851491305665,0.09869565236323918,3.0458437380698537e-10,-2.5728667865498783e-11,0.0,0.0,0.2604155963199043,unicycle
4.787454343445853,-12.180089432740749,1.208125843390164,0.0,0.0,0.2960677038644811,0.09869565232614486,2.4503735795439454e-10,-2.070252753095061e-11,0.0,0.0,0.2574594475712257,unicycle
4.789340899874015,-12.1795087184026,1.208125843389831,0.0,0.0,0.30115815538825613,0.09869565229615013,1.9686744277826606e-10,-1.6636092302308593e-11,0.0,0.0,0.2545225761887519,unicycle
4.791224493042216,-12.17891846314786,1.2081258433895636,0.0,0.0,0.30619025466062233,0.09869565227192187,1.5794136141988937e-10,-1.3349505219144006e-11,0.0,0.0,0.2516049636183071,unicycle
4.793105109578554,-12.17831879147179,1.2081258433893496,0.0,0.0,0.3111643864609439,0.09869565225237326,1.265195155097241e-10,-1.069608493274901e-11,0.0,0.0,0.24870659001607792,unicycle
4.794982737594421,-12.177709826864001,1.2081258433891782,0.0,0.0,0.31608093515088875,0.0986956522366189,1.0118433788620099e-10,-8.556291018821485e-12,0.0,0.0,0.24582743449724154,unicycle
4.796857366647556,-12.177091691803348,1.2081258433890414,0.0,0.0,0.3209402846576642,0.09869565222393809,8.078152785142909e-11,-6.832773271795833e-12,0.0,0.0,0.24296747533877086,unicycle
4.798728987705612,-12.176464507753373,1.2081258433889321,0.0,0.0,0.32574281846051667,0.09869565221374457,6.437187276582131e-11,-5.446312528284242e-12,0.0,0.0,0.24012669014262225,unicycle
4.8005975931102425,-12.175828395158302,1.208125843388845,0.0,0.0,0.33048891957981197,0.0986956522055619,5.1191771346904874e-11,-4.332494359713941e-12,0.0,0.0,0.23730505596476562,unicycle
4.802463176541698,-12.175183473439553,1.2081258433887767,0.0,0.0,0.3351789705681091,0.0986956521990031,4.062090582039764e-11,-3.438984896536126e-12,0.0,0.0,0.23450254941485787,unicycle
4.804325732983938,-12.174529860992736,1.2081258433887225,0.0,0.0,0.3398133535027246,0.09869565219375424,3.2155784071736435e-11,-2.723301107336032e-12,0.0,0.0,0.23171914673077765,unicycle
4.806185258690251,-12.17386767518514,1.20812584338868,0.0,0.0,0.34439244997935914,0.0986956521895608,2.5388099120584794e-11,-2.15098689321434e-12,0.0,0.0,0.22895482383172247,unicycle
4.808041751149388,-12.173197032353663,1.2081258433886461,0.0,0.0,0.3489166411064214,0.09869565218621666,1.9987039848884394e-11,-1.6941220656411623e-12,0.0,0.0,0.22620955635311385,unicycle
4.809895209052199,-12.1725180478032,1.2081258433886195,0.0,0.0,0.3533863074997445,0.09869565218355504,1.5684840802943445e-11,-1.3301042306460489e-12,0.0,0.0,0.22348331966615015,unicycle
4.811745632258773,-12.171830835805434,1.208125843388599,0.0,0.0,0.3578018292774343,0.09869565218144115,1.226498573732454e-11,-1.0406542811265837e-12,0.0,0.0,0.22077608888449346,unicycle
4.813593021766086,-12.171135509598058,1.208125843388583,0.0,0.0,0.36216358605463955,0.09869565217976614,9.552584074270528e-12,-8.110049977454978e-13,0.0,0.0,0.21808783886025984,unicycle
4.815437379782097,-12.170432181661608,1.2081258433885707,0.0,0.0,0.3664716562155067,0.09869565217844226,7.406525509761092e-12,-6.292395048418205e-13,0.0,0.0,0.2154035080433556,unicycle
4.817278710049036,-12.169720964622782,1.2081258433885609,0.0,0.0,0.3707254350897079,0.09869565217739878,5.7130888276222134e-12,-4.857522920644179e-13,0.0,0.0,0.21268894371005995,unicycle
4.819117018305813,-12.169001972457549,1.2081258433885538,0.0,0.0,0.3749236830423079,0.09869565217657886,4.3807392513972516e-12,-3.728104192876713e-13,0.0,0.0,0.20991239762999955,unicycle
4.820952312668899,-12.168275321416026,1.2081258433885484,0.0,0.0,0.37906477024007307,0.09869565217593677,3.3358965734477726e-12,-2.841965572133994e-13,0.0,0.0,0.20705435988825574,unicycle
4.822784603875657,-12.167541130550891,1.208125843388544,0.0,0.0,0.383146856679212,0.09869565217543587,2.5194956730961366e-12,-2.1491883215597576e-13,0.0,0.0,0.20410432195694708,unicycle
4.824613905422101,-12.166799521957866,1.2081258433885405,0.0,0.0,0.3871680226537669,0.09869565217504678,1.884193374919375e-12,-1.6097516745762523e-13,0.0,0.0,0.2010582987277391,unicycle
4.82644023362038,-12.16605062081085,1.2081258433885378,0.0,0.0,0.3911263614660659,0.09869565217474599,1.392102146689845e-12,-1.191620503340436e-13,0.0,0.0,0.1979169406149508,unicycle
4.828263607595968,-12.165294555254302,1.208125843388536,0.0,0.0,0.3950200435354946,0.09869565217451477,1.0129529190611838e-12,-8.691948799399105e-14,0.0,0.0,0.194684103471431,unicycle
4.830084049240261,-12.164531456199962,1.2081258433885351,0.0,0.0,0.3988473589925186,0.09869565217433819,7.226071715507555e-13,-6.220542179392868e-14,0.0,0.0,0.1913657728511993,unicycle
4.83190158313085,-12.163761457063014,1.2081258433885342,0.0,0.0,0.4026067442279246,0.09869565217420438,5.018530689039851e-13,-4.339410167566742e-14,0.0,0.0,0.18796926177029888,unicycle
4.833813634069183,-12.162943050243932,1.2081258433885333,0.0,0.0,0.4062544450060519,0.10399198657492087,3.3543242313833623e-13,-2.919393356644957e-14,0.0,0.0,0.18238503890636415,unicycle
4.835969228317173,-12.162011308893417,1.2081258433885333,0.0,0.0,0.40972520711694993,0.11741735436239861,2.1125507275584141e-13,-1.8581139646700198e-14,0.0,0.0,0.1735381055448974,unicycle
4.838462042630758,-12.160923843905334,1.2081258433885333,0.0,0.0,0.41297932908439217,0.13598446445731635,1.1976530145308857e-13,-1.0746248221707766e-14,0.0,0.0,0.162706098372112,unicycle
4.8413450796943485,-12.159655374009827,1.2081258433885333,0.0,0.0,0.41599582124139384,0.15748750830281494,5.3431484803083036e-14,-5.050983371476395e-15,0.0,0.0,0.15082460785008525,unicycle
4.84464189223187,-12.158193450322523,1.2081258433885333,0.0,0.0,0.4187671513342468,0.18032056246671618,6.33551856723205e-15,-9.93576807895553e-16,0.0,0.0,0.1385665046426442,unicycle
4.848355115241783,-12.156535087937542,1.2081258433885333,0.0,0.0,0.4212952360452918,0.2033359272824768,-2.6157036679098376e-14,1.8191063006206233e-15,0.0,0.0,0.12640423555225,unicycle
4.852472909000057,-12.154684120963507,1.2081258433885333,0.0,0.0,0.4235884074563878,0.22573387598333838,-4.766158492585137e-14,3.6939343663633114e-15,0.0,0.0,0.11465857055480297,unicycle
4.856973787799911,-12.152649138902163,1.2081258433885333,0.0,0.0,0.4256591393478003,0.24697707727349574,-6.098647317901629e-14,4.869430299101958e-15,0.0,0.0,0.10353659457062606,unicycle
4.861830206726631,-12.15044189105099,1.2081258433885333,0.0,0.0,0.42752236299384966,0.26672437131268073,-6.830251848380951e-14,5.530106993424247e-15,0.0,0.0,0.09316118230246817,unicycle
4.867011196975671,-12.148076066910253,1.2081258433885333,0.0,0.0,0.4291942379271449,0.2847797016192959,-7.127834865570128e-14,5.817914938956521e-15,0.0,0.0,0.08359374666476502,unicycle
4.872484275536142,-12.145566377215514,1.2081258433885333,0.0,0.0,0.43069127173914173,0.3010528942875471,-7.118824794579638e-14,5.841366752122307e-15,0.0,0.0,0.07485169059984365,unicycle
4.87821680419173,-12.142927873718765,1.2081258433885333,0.0,0.0,0.4320297057759205,0.31552967940635246,-6.89979192552933e-14,5.682795484884263e-15,0.0,0.0,0.06692170183893692,unicycle
4.884176932964507,-12.14017545703837,1.2081258433885333,0.0,0.0,0.433225101714903,0.32824890594965617,-6.543253502074397e-14,5.40411586768765e-15,0.0,0.0,0.0597697969491292,unicycle
4.89033423205778,-12.137323531271482,1.2081258433885333,0.0,0.0,0.434292078392436,0.33928534109293895,-6.103060517714634e-14,5.0513864538086316e-15,0.0,0.0,0.05334883387664717,unicycle
4.896660092186961,-12.134385771919844,1.2081258433885333,0.0,0.0,0.43524415963800245,0.3487367920681672,-5.618650640262605e-14,4.658412893860135e-15,0.0,0.0,0.04760406227832,unicycle
4.903127954434782,-12.131374980242608,1.2081258433885333,0.0,0.0,0.43609370285858245,0.35671456250656663,-5.118396251174406e-14,4.249585783565042e-15,0.0,0.0,0.042477161029001856,unicycle
4.909713416247023,-12.128303002597436,1.2081258433885333,0.0,0.0,0.43685188518996654,0.36333647099642785,-4.622231717788695e-14,3.842108653685042e-15,0.0,0.0,0.03790911656920351,unicycle
4.916394248963974,-12.125180697819092,1.2081258433885333,0.0,0.0,0.43752872957974465,0.368721829421952,-4.143707735977554e-14,3.4477410415551676e-15,0.0,0.0,0.033842219488900704,unicycle
4.923150353628536,-12.122017939352641,1.2081258433885333,0.0,0.0,0.4381331575018799,0.37298791216939675,-3.691591275547563e-14,3.074156839252787e-15,0.0,0.0,0.030221396106761125,unicycle
4.9299636751504865,-12.118823641831519,1.2081258433885333,0.0,0.0,0.4386730583760346,0.3762475521195966,-3.27110601619976e-14,2.725998145399926e-15,0.0,0.0,0.026995043707735946,unicycle
4.936818089791038,-12.11560580418122,1.2081258433885333,0.0,0.0,0.4391553683770332,0.3786075815399217,-2.8848891069287296e-14,2.4056887527387906e-15,0.0,0.0,0.024115500049932515,unicycle
4.943699277013605,-12.112371563235984,1.2081258433885333,0.0,0.0,0.43958615333164514,0.38016790033446607,-2.5337247445625606e-14,2.1140584466056283e-15,0.0,0.0,0.02153924773059519,unicycle
4.950594583755067,-12.109127253364361,1.2081258433885333,0.0,0.0,0.4399706919394263,0.3810210043997701,-2.2171027385531846e-14,1.850818872075384e-15,0.0,0.0,0.019226930389056613,unicycle
4.9574928868962225,-12.105878468783393,1.2081258433885333,0.0,0.0,0.4403135567237669,0.38125184606229684,-1.9336403327486136e-14,1.6149233636300352e-15,0.0,0.0,0.017143239217029503,omni
4.964348931617355,-12.102645146192579,1.2081457275959375,0.0,0.0,0.4406182139994535,0.37901095695772574,7.81228980615088e-05,0.0009942103702056245,0.0,0.0,0.015232863784339223,omni
4.971100330324069,-12.0994552706296,1.2082176329700156,0.0,0.0,0.44088755549241165,0.37335194022977874,0.00023681248886367668,0.003595268703923435,0.0,0.0,0.013467074647905215,omni
4.977706774061009,-12.096328738026024,1.2083649572237978,0.0,0.0,0.44112462057935675,0.365445789108929,0.0003718527106392792,0.0073662126890901005,0.0,0.0,0.011853254347252764,omni
4.984144301795567,-12.093279263791217,1.2086043502425847,0.0,0.0,0.44133245903331786,0.3561635447924439,0.0004134276454655921,0.011969650939334438,0.0,0.0,0.010391922698052388,omni
4.990400886737737,-12.090315867388815,1.2089472432030057,0.0,0.0,0.4415140365699417,0.34614495908114956,0.00031791945959146325,0.017144648021036556,0.0,0.0,0.009078876831194084,omni
4.996473055601956,-12.087444024765563,1.209401027371394,0.0,0.0,0.44167217257501906,0.3358523237846443,6.135403595145048e-05,0.02268920841943066,0.0,0.0,0.00790680025386327,omni
5.002363315712986,-12.084666560804685,1.209969966773204,0.0,0.0,0.44180950176705674,0.32561256415476336,-0.00036579385547076123,0.028446970090519802,0.0,0.0,0.006866459601881552,omni
5.008078211911385,-12.081984338510102,1.2106559080607113,0.0,0.0,0.4419284534231885,0.3156500607502837,-0.0009626816048439755,0.03429706437534774,0.0,0.0,0.0059475828065910325,omni
5.013626872694593,-12.079396789462269,1.2114588352533266,0.0,0.0,0.44203124327292415,0.3061121587009651,-0.0017212736869298933,0.040146359630761845,0.0,0.0,0.005139492486784193,omni
5.0190199348460665,-12.07690232051059,1.2123773052899918,0.0,0.0,0.44211987432314565,0.29708891994024733,-0.0026287844909882716,0.04592350183325095,0.0,0.0,0.0044315525110738335,omni
5.0242687594924345,-12.074498624129044,1.2134087915398297,0.0,0.0,0.44219614378437866,0.28862835224465816,-0.0036695338101480207,0.05157431249188933,0.0,0.0,0.00381347306165299,omni
5.0293848713205325,-12.072182913928241,1.2145499558295099,0.0,0.0,0.44226165397483364,0.2807480925173919,-0.004826334558462548,0.0570582144839854,0.0,0.0,0.003275509522751809,omni
5.034379567571248,-12.069952102149362,1.2157968646096358,0.0,0.0,0.44231782562676747,0.27344431758576726,-0.006081510829525126,0.0623454390062793,0.0,0.0,0.0028085825966892098,omni
5.0392636551983125,-12.067802932295711,1.2171451611816295,0.0,0.0,0.44236591244273676,0.26669849335086715,-0.00741762629211019,0.06741482859969716,0.0,0.0,0.0024043407984618657,omni
5.044047283871806,-12.065732077174903,1.2185902031287272,0.0,0.0,0.44240701607392047,0.2604824440245682,-0.008817987734505308,0.07225209735490443,0.0,0.0,0.0020551815591837207,omni
5.048739849826023,-12.063736210362103,1.2201271720058886,0.0,0.0,0.44244210094008735,0.25476212068247406,-0.010266975933491181,0.07684844385806311,0.0,0.0,0.0017542433083432478,omni
5.053349951304961,-12.06181205732077,1.2217511607687055,0.0,0.0,0.44247200849783075,0.24950036706375067,-0.011750245576787038,0.08119943814084646,0.0,0.0,0.0014953778871723044,omni
5.057885380870053,-12.059956431027741,1.2234572432301472,0.0,0.0,0.44249747070375006,0.2446589161516289,-0.013254827383036256,0.08530412307210518,0.0,0.0,0.0012731102959647022,omni
5.06235314336219,-12.058166255862275,1.2252405289288044,0.0,0.0,0.44251912252289616,0.24019980012690242,-0.014769158550700262,0.08916428493284995,0.0,0.0,0.0010825909573060632,omni
5.066775454741739,-12.056438582176387,1.2271100208364125,0.0,0.0,0.4425375134083622,0.23680762311801118,-0.01662484259410977,0.09347459538042602,0.0,0.0,0.0009195442732966515,omni
5.071182398929052,-12.054770594391362,1.2290822540975574,0.0,0.0,0.44255311773194145,0.23483500375381913,-0.018996626431693482,0.09861166305726249,0.0,0.0,0.000780216178963026,omni
5.075594481903831,-12.053159615606841,1.2311661786516546,0.0,0.0,0.4425663441834477,0.2338461987198031,-0.021685880115850008,0.10419622770486069,0.0,0.0,0.0006613225753085977,omni
5.080025062050842,-12.0516031080052,1.2333652334802097,0.0,0.0,0.44257754418159895,0.23351528014866402,-0.02454597360634667,0.1099527414277757,0.0,0.0,0.0005599999075602982,omni
5.0844822282081035,-12.050098670518368,1.235678937190131,0.0,0.0,0.4425870193554492,0.23360123236862673,-0.027470347637350106,0.11568518549609003,0.0,0.0,0.00047375869251568663,omni
5.0889702429368695,-12.048644034642537,1.2381040990613237,0.0,0.0,0.4425950281646134,0.233928342756569,-0.03038313344027747,0.1212580935596079,0.0,0.0,0.00040044045821036853,omni
5.093490644611252,-12.047237059049632,1.2406357333390245,0.0,0.0,0.44260179173084535,0.23437080969543775,-0.03323180110814017,0.12658171388502432,0.0,0.0,0.0003381783115998608,omni
5.098043082717607,-12.045875723468969,1.243267742435265,0.0,0.0,0.44260749895431983,0.2348407027421808,-0.03598141915131679,0.13160045481203253,0.0,0.0,0.00028536117372287764,omni
5.102625945354149,-12.044558122182314,1.2459934210013375,0.0,0.0,0.4426123109863151,0.23527858149409947,-0.038610190756664164,0.13628392830362995,0.0,0.0,0.00024060159975874086,omni
5.107236825594453,-12.043282457378728,1.2488058218812255,0.0,0.0,0.44261636512671787,0.23564621795547278,-0.04110599916266556,0.14062004399438793,0.0,0.0,0.00020270702014395307,omni
5.1118728635283235,-12.042047032543744,1.2516980162177458,0.0,0.0,0.44261977821047965,0.2359209786958633,-0.0434637484486131,0.14460971682600476,0.0,0.0,0.0001706541880838659,omni
5.116530992936804,-12.04085024600395,1.2546632730243348,0.0,0.0,0.44262264954228664,0.23609151284292115,-0.04568332938344433,0.14826284032946185,0.0,0.0,0.0001435665903501445,omni
5.1212081153037,-12.039690584708525,1.2576951780049825,0.0,0.0,0.44262506343360686,0.23615446410580118,-0.04776807480415178,0.1515952490323712,0.0,0.0,0.00012069456601311568,omni
5.125901218897885,-12.0385666183,1.260787707019363,0.0,0.0,0.44262709139114675,0.23611198294743432,-0.049723596930973356,0.154626450719013,0.0,0.0,0.00010139787699655546,omni
5.130607456723302,-12.037476993505075,1.2639352661211751,0.0,0.0,0.4426287940007763,0.23596986145057416,-0.051556921405001975,0.15737795509060426,0.0,0.0,8.513048147789978e-05,omni
5.13532419402101,-12.036420428860621,1.2671327073608956,0.0,0.0,0.4426302225462462,0.23573615057455732,-0.05327585073053307,0.15987206198600612,0.0,0.0,7.142727349546466e-05,omni
5.1400490335538915,-12.03539570977876,1.2703753273914338,0.0,0.0,0.4426314203975995,0.23542014917810855,-0.054888504092136886,0.16213100152692206,0.0,0.0,5.9892567662798016e-05,omni
5.144779824976092,-12.034401683946838,1.2736588542274625,0.0,0.0,0.44263242420010274,0.23503167784744058,-0.05640299190158282,0.16417634180145374,0.0,0.0,5.01901251590543e-05,omni
5.149514663078688,-12.033437257052611,1.276979426190888,0.0,0.0,0.4426332648908048,0.23458056939929792,-0.05782719248369325,0.1660285981712621,0.0,0.0,4.2034535103480756e-05,omni
5.154251878524199,-12.032501388821217,1.2803335660494783,0.0,0.0,0.4426339685664706,0.23407632288021063,-0.05916860549452964,0.1677069929295393,0.0,0.0,3.518378328476879e-05,omni
5.158990023766546,-12.03159308934815,1.2837181525617745,0.0,0.0,0.44263455722362033,0.23352787972705197,-0.06043426235249232,0.1692293256148102,0.0,0.0,2.9432857492099664e-05,omni
5.163727856144614,-12.03071141571115,1.287130391030087,0.0,0.0,0.44263504938872145,0.23294349011189236,-0.06163067845318529,0.1706119234156527,0.0,0.0,2.4608255051894127e-05,omni
5.168464319592636,-12.029855468843262,1.2905677839956804,0.0,0.0,0.4426354606541897,0.23233064486706143,-0.06276383547397321,0.17186964827965778,0.0,0.0,2.0563273412105516e-05,omni
5.173198525994232,-12.029024390649312,1.2940281028549763,0.0,0.0,0.44263580413376236,0.23169605417728217,-0.06383918484838874,0.17301594296477518,0.0,0.0,1.7173978630352553e-05,omni
5.17792973689089,-12.028217361348304,1.2975093609082224,0.0,0.0,0.44263609084894995,0.23104565875849925,-0.06486166565998217,0.17406290266230834,0.0,0.0,1.4335759378500652e-05,omni
5.182657346018156,-12.027433597024887,1.30100978815291,0.0,0.0,0.44263633005666164,0.23038466277731254,-0.0658357318949577,0.17502136223436515,0.0,0.0,1.1960385588238263e-05,omni
5.187380862965976,-12.026672347373689,1.3045278079878984,0.0,0.0,0.44263652952668514,0.22971758050876592,-0.06676538530316817,0.1759009917494389,0.0,0.0,9.973501176408966e-06,omni
5.192099872583539,-12.025932893621313,1.3080620442482405,0.0,0.0,0.44263669577647463,0.22904713663470697,-0.0676536640237906,0.17671181301711497,0.0,0.0,8.312489473160623e-06,omni
5.196813984040632,-12.025214546611593,1.3116113431931578,0.0,0.0,0.4426368342696369,0.228373795412207,-0.06850242849475413,0.1774649472458804,0.0,0.0,6.924658110655081e-06,omni
5.2015228200921255,-12.02451664504068,1.315174754275578,0.0,0.0,0.4426369495835829,0.2276975738900175,-0.0693132292632217,0.17817055412101074,0.0,0.0,5.765697301603943e-06,omni
5.206226029733923,-12.023838553829487,1.318751488213617,0.0,0.0,0.44263704555101757,0.22701909581846186,-0.07008781418514773,0.1788366969019632,0.0,0.0,4.79837173335781e-06,omni
5.210923295906041,-12.023179662621937,1.32234088363387,0.0,0.0,0.44263712537925376,0.22633936517409783,-0.07082802807062172,0.17946977101263362,0.0,0.0,3.991411811270389e-06,omni
5.215614339613773,-12.022539384398385,1.325942380538675,0.0,0.0,0.4426371917507495,0.22565960185441344,-0.071535741202794,0.18007484524025325,0.0,0.0,3.3185747875536423e-06,omni
5.220298921501192,-12.021917154194364,1.3295554992097351,0.0,0.0,0.44263724690775924,0.22498112431210474,-0.07221279955872102,0.18065593355298815,0.0,0.0,2.757850486838471e-06,omni
5.224976841652662,-12.02131242791566,1.3331798234452308,0.0,0.0,0.44263729272355845,0.22430526742822907,-0.0728609912308994,0.18121621177476946,0.0,0.0,2.290789959421465e-06,omni
5.229647938199961,-12.020724681241445,1.336814987252967,0.0,0.0,0.4426373307623289,0.22363332666023147,-0.07348202484264471,0.18175819038682084,0.0,0.0,1.9019385238794381e-06,omni
5.23431208516148,-12.0201534086079,1.3404606643006824,0.0,0.0,0.44263736232947615,0.22296652161938882,-0.07407751675180393,0.18228385238575642,0.0,0.0,1.5783573623771665e-06,omni
5.238969189824936,-12.01959812226541,1.3441165595663354,0.0,0.0,0.44263738851387935,0.22230597386936268,-0.07464898461046549,0.1827947632826515,0.0,0.0,1.3092201585676812e-06,omni
5.243619189898079,-12.019058351403029,1.3477824027437395,0.0,0.0,0.4426374102233447,0.2216526950001902,-0.07519784544406347,0.18329215887020314,0.0,0.0,1.0854732677335815e-06,omni
5.2482620505862,-12.018533641334443,1.3514579430484004,0.0,0.0,0.44263742821433716,0.22100758200366064,-0.0757254168711721,0.1837770152330377,0.0,0.0,8.995496246052383e-07,omni
5.252897761706277,-12.018023552740202,1.3551429451396875,0.0,0.0,0.44263744311689845,0.22037141772179414,-0.07623292043626445,0.18425010456437624,0.0,0.0,7.451280640078111e-07,omni
5.257526334911078,-12.017527660961425,1.3588371859322808,0.0,0.0,0.4426374554555181,0.21974487471088858,-0.07672148629587322,0.18471203962966076,0.0,0.0,6.169309864802024e-07,omni
5.262147801069684,-12.01704555534064,1.3625404521151678,0.0,0.0,0.44263746566660556,0.21912852129894045,-0.07719215870272261,0.18516330914437185,0.0,0.0,5.105543745082576e-07,omni
5.2667622078313885,-12.016576838605783,1.366252538232722,0.0,0.0,0.44263747411310717,0.21852282894501338,-0.07764590188711754,0.18560430587771834,0.0,0.0,4.2232508055890367e-07,omni
5.271369617385873,-12.016121126293779,1.3699732452113509,0.0,0.0,0.4426374810967289,0.21792818025930713,-0.07808360605154516,0.18603534893145873,0.0,0.0,3.4918108793033057e-07,omni
5.275970104422709,-12.015678046210414,1.3737023792384389,0.0,0.0,0.44263748686815113,0.21734487723089732,-0.07850609328189034,0.18645670135439604,0.0,0.0,2.885711088572753e-07,omni
5.280563754286452,-12.015247237923516,1.3774397509188943,0.0,0.0,0.44263749163556004,0.2167731493508228,-0.07891412324373234,0.18686858402277393,0.0,0.0,2.3837044805623417e-07,omni
5.285150661319126,-12.014828352286745,1.3811851746495505,0.0,0.0,0.4426374955717708,0.21621316142258595,-0.07930839858017491,0.18727118653283145,0.0,0.0,1.9681053841591866e-07,omni
5.289730927379099,-12.01442105099153,1.3849384681636432,0.0,0.0,0.44263749882017017,0.21566502092885115,-0.07968956996265783,0.18766467570462625,0.0,0.0,1.6241996129499027e-07,omni
5.294304660523808,-12.014025006144907,1.3886994522072114,0.0,0.0,0.4426375014996724,0.2151287848788616,-0.08005824077136309,0.1880492021783885,0.0,0.0,1.3397510760502526e-07,omni
5.298871973843062,-12.013639899871214,1.3924679503170145,0.0,0.0,0.4426375037088509,0.21460446610098136,-0.08041497139959217,0.18842490549017082,0.0,0.0,1.1045892674168798e-07,omni
5.303432984429621,-12.013265423935806,1.3962437886757686,0.0,0.0,0.44263750552938014,0.21409203897276027,-0.08076028318871649,0.18879191793769254,0.0,0.0,9.102645637794848e-08,omni
5.30798781247403,-12.012901279389087,1.400026796025495,0.0,0.0,0.44263750702890076,0.21359144460004176,-0.08109466200841703,0.18915036748630298,0.0,0.0,7.497603390975888e-08,omni
5.31253658047134,-12.012547176229326,1.403816803623814,0.0,0.0,0.44263750826340625,0.21310259546919005,-0.08141856150201925,0.18950037991593233,0.0,0.0,6.172526572492586e-08,omni
5.317079412528079,-12.012202833082862,1.407613645231222,0.0,0.0,0.44263750927922596,0.2126253796042709,-0.08173240601962115,0.18984208037039527,0.0,0.0,5.07909783817736e-08,omni
5.321616433758713,-12.011867976900415,1.4114171571199938,0.0,0.0,0.4426375101146761,0.21215966426529914,-0.08203659326302877,0.19017559443857815,0.0,0.0,4.177250043949044e-08,omni
5.32614776976174,-12.011542342668363,1.4152271780974213,0.0,0.0,0.44263751080143066,0.2117052992254769,-0.08233149666672576,0.19050104887136748,0.0,0.0,3.433772865573766e-08,omni
5.330673546166417,-12.011225673133875,1.4190435495377705,0.0,0.0,0.44263751136566093,0.2112621196654352,-0.0826174675385594,0.19081857201746638,0.0,0.0,2.8211520602455076e-08,omni
5.335193888242022,-12.010917718542997,1.4228661154186615,0.0,0.0,0.44263751182898176,0.21082994872141947,-0.08289483698278616,0.1911282940445307,0.0,0.0,2.3166030032695144e-08,omni
5.339708920562324,-12.010618236390757,1.426694722358633,0.0,0.0,0.44263751220923486,0.2104085997225344,-0.08316391762677366,0.19143034699856656,0.0,0.0,1.9012663752919224e-08,omni
5.3442187667187655,-12.010326991182497,1.4305292196535062,0.0,0.0,0.44263751252114264,0.20999787814989024,-0.08342500517114282,0.1917248647436457,0.0,0.0,1.5595391175408632e-08,omni
5.348723549076467,-12.010043754205709,1.4343694593098102,0.0,0.0,0.4426375127768462,0.20959758334798292,-0.08367837978154903,0.1920119828152138,0.0,0.0,1.2785181718349399e-08,omni
5.3532233885679075,-12.009768303311668,1.4382152960740744,0.0,0.0,0.4426375129863539,0.2092075100160481,-0.08392430733871631,0.19229183821319143,0.0,0.0,1.0475382118373823e-08,omni
5.3577184045196615,-12.009500422706266,1.4420665874571814,0.0,0.0,0.44263751315791144,0.2088274495045606,-0.08416304056179688,0.1925645691553666,0.0,0.0,8.577876647411196e-09,omni
5.3622087145081005,-12.009239902749476,1.4459231937533217,0.0,0.0,0.44263751329830936,0.20845719093957368,-0.0843948200186626,0.19283031480699817,0.0,0.0,7.019899133120335e-09,omni
5.366694434240466,-12.008986539762907,1.4497849780532992,0.0,0.0,0.44263751341313723,0.20809652219525243,-0.08461987503536092,0.1930892149988713,0.0,0.0,5.741387371987935e-09,omni
5.371175677458129,-12.008740135844999,1.453651806252161,0.0,0.0,0.44263751350699293,0.2077452307327797,-0.08483842451569712,0.19334140994310298,0.0,0.0,4.692788672604782e-09,omni
5.375652555859211,-12.008500498693385,1.457523547051234,0.0,0.0,0.44263751358365777,0.2074031043218093,-0.08505067768073862,0.19358703995364468,0.0,0.0,3.8332404433869954e-09,omni
5.380125179038118,-12.008267441434048,1.4614000719547653,0.0,0.0,0.44263751364623893,0.20706993165881707,-0.08525683473697705,0.19382624517656122,0.0,0.0,3.129062423709244e-09,omni
5.384593654439782,-12.008040782456865,1.465281255261439,0.0,0.0,0.44263751369728915,0.2067455028950502,-0.08545708748092432,0.1940591653336845,0.0,0.0,2.5525077535433675e-09,omni
5.3890580873267195,-12.007820345257214,1.4691669740510804,0.0,0.0,0.4426375137389038,0.20642961008529148,-0.0856516198470555,0.19428593948207512,0.0,0.0,2.080728923445646e-09,omni
5.393518580757196,-12.007605958283332,1.4730571081668968,0.0,0.0,0.4426375137728022,0.2061220475673277,-0.08584060840523752,0.1945067057908149,0.0,0.0,1.694922029070594e-09,omni
5.397975235573038,-12.007397454789094,1.476951540193616,0.0,0.0,0.44263751380039446,0.20582261228082815,-0.08602422281309142,0.19472160133594563,0.0,0.0,1.3796189115495353e-09,omni
5.402428150395781,-12.00719467269199,1.4808501554318927,0.0,0.0,0.4426375138228365,0.20553110403329147,-0.08620262622811908,0.19493076191382885,0.0,0.0,1.1221018977865098e-09,omni
5.4068774216300035,-12.00699745443598,1.484752841869348,0.0,0.0,0.4426375138410748,0.2052473257197862,-0.08637597568387849,0.19513432187279078,0.0,0.0,9.119201313026339e-10,omni
5.411323143472862,-12.006805646859068,1.4886594901486003,0.0,0.0,0.4426375138558848,0.20497108350239254,-0.08654442243400491,0.1953324139626134,0.0,0.0,7.404900457453948e-10,omni
5.415765407928926,-12.006619101065308,1.4925699935326249,0.0,0.0,0.4426375138679,0.20470218695452636,-0.0867081122674444,0.19552516920121218,0.0,0.0,6.007654976938971e-10,omni
5.420204304829553,-12.006437672301086,1.4964842478677787,0.0,0.0,0.4426375138776393,0.20444044917469095,-0.0868671857978851,0.19571271675768834,0.0,0.0,4.869655418043271e-10,omni
5.424639983253203,-12.006261219835451,1.5004022091045368,0.0,0.0,0.4426375138855264,0.20418846087113365,-0.08702309362320369,0.19589806183791716,0.0,0.0,3.943498823597217e-10,omni
5.429072622616785,-12.006089606844345,1.5043238661300553,0.0,0.0,0.4426375138919071,0.20394750910195122,-0.08717666199636834,0.19608285127590444,0.0,0.0,3.1903374006411115e-10,omni
5.433502365090383,-12.005922700298548,1.508249177337395,0.0,0.0,0.4426375138970638,0.2037158297378714,-0.08732726468711152,0.19626556036697276,0.0,0.0,2.578352892356349e-10,omni
5.43792932499773,-12.005760370855192,1.5121780793654882,0.0,0.0,0.44263751390122674,0.20349208569830513,-0.08747447188607627,0.19644510140465557,0.0,0.0,2.0814999666423753e-10,omni
5.442353596044495,-12.005602492752686,1.5161104937999161,0.0,0.0,0.4426375139045837,0.2032752687355388,-0.08761800383900378,0.19662072172137737,0.0,0.0,1.6784716958925538e-10,omni
5.446775256841809,-12.005448943708931,1.5200463322732765,0.0,0.0,0.4426375139072874,0.2030646223420074,-0.08775769448578241,0.1967919236680109,0.0,0.0,1.3518483012780639e-10,omni
5.451194375096632,-12.005299604822673,1.5239855003139786,0.0,0.0,0.44263751390946215,0.20285958144862137,-0.08789346305139817,0.19695840203508966,0.0,0.0,1.0873970507037712e-10,omni
5.4556110107636595,-12.005154360477896,1.5279279002201698,0.0,0.0,0.4426375139112092,0.20265972544076738,-0.0880252919427951,0.19711999530956395,0.0,0.0,8.73496766118821e-11,omni
5.460025218391911,-12.005013098251126,1.5318734331777704,0.0,0.0,0.4426375139126106,0.2024647417114076,-0.08815320963401498,0.19727664788001784,0.0,0.0,7.00665007615051e-11,omni
5.464437048850021,-12.004875708821537,1.5358220007954257,0.0,0.0,0.4426375139137329,0.202274397529041,-0.08827727748661285,0.19742838088276088,0.0,0.0,5.611698207296251e-11,omni
5.468846550574947,-12.004742085883759,1.5397735061923792,0.0,0.0,0.44263751391463024,0.20208851844770323,-0.08839757966534187,0.19757526984767684,0.0,0.0,4.487110944050958e-11,omni
5.4732537704576085,-12.00461212606329,1.5437278547459334,0.0,0.0,0.44263751391534656,0.20190697184744494,-0.08851421548031807,0.19771742767770611,0.0,0.0,3.581591922963888e-11,omni
5.477658754454156,-12.004485728834421,1.547684954581871,0.0,0.0,0.4426375139159171,0.20172965448372665,-0.08862729362431432,0.19785499179687888,0.0,0.0,2.8534068279036468e-11,omni
5.48206154799186,-12.004362796440585,1.5516447168727334,0.0,0.0,0.44263751391637096,0.20155648315661606,-0.08873692788399415,0.19798811454313145,0.0,0.0,2.2686278070475082e-11,omni
5.486462196223082,-12.004243233817043,1.555607055994239,0.0,0.0,0.44263751391673073,0.2013873877966959,-0.08884323399205343,0.19811695607527344,0.0,0.0,1.799695905211562e-11,omni
5.490860744168506,-12.004126948515829,1.559571889578595,0.0,0.0,0.44263751391701583,0.20122230641320668,-0.08894632735766583,0.19824167921778743,0.0,0.0,1.4242446061764611e-11,omni
5.495257236781159,-12.004013850632884,1.5635391384943997,0.0,0.0,0.4426375139172406,0.2010611814684658,-0.08904632146879088,0.19836244579021514,0.0,0.0,1.1241376464436093e-11,omni
5.499651718955198,-12.003903852737306,1.5675087267757164,0.0,0.0,0.4426375139174174,0.20090395733693037,-0.08914332680460027,0.19847941406584976,0.0,0.0,8.846825671341824e-12,omni
5.504044235497515,-12.003796869802617,1.5714805815173618,0.0,0.0,0.4426375139175563,0.20075057858218617,-0.08923745013177531,0.19859273708226938,0.0,0.0,6.939883194785343e-12,omni
5.508434831075677,-12.003692819140046,1.5754546327491197,0.0,0.0,0.4426375139176648,0.20060098884450384,-0.0893287940865534,0.19870256158791305,0.0,0.0,5.4244088425911715e-12,omni
5.512823550152094,-12.003591620333697,1.5794308132982728,0.0,0.0,0.44263751391774925,0.20045513017851896,-0.08941745696662895,0.19880902745765086,0.0,0.0,4.2227551600277136e-12,omni
5.517210436911652,-12.003493195177573,1.5834090586472478,0.0,0.0,0.4426375139178148,0.2003129427175692,-0.08950353267453082,0.1989122674487283,0.0,0.0,3.2722805198726097e-12,omni
5.521595535187904,-12.003397467614388,1.587389306791221,0.0,0.0,0.44263751391786543,0.20017436457027535,-0.0895871107678621,0.19901240719866942,0.0,0.0,2.522508776646033e-12,omni
5.525978888391334,-12.003304363676154,1.5913714980990286,0.0,0.0,0.44263751391790407,0.20003933187770484,-0.08966827658256292,0.19910956539038197,0.0,0.0,1.9328173255452077e-12,omni
5.530360539442073,-12.003213811426395,1.5953555751795918,0.0,0.0,0.44263751391793343,0.19990777897720335,-0.08974711140376301,0.19920385402816884,0.0,0.0,1.47055672120135e-12,omni
5.534740530708456,-12.003125740904036,1.5993414827552457,0.0,0.0,0.4426375139179556,0.19977963863276593,-0.08982369266531691,0.19929537878269543,0.0,0.0,1.1095225267179777e-12,omni
5.539118840277785,-12.003040084068868,1.6033292264104848,0.0,0.0,0.4426375139179722,0.1996519654088486,-0.08989673049754196,0.19938718276197612,0.0,0.0,8.287144491729653e-13,omni
5.543495216636019,-12.002956774748522,1.6073190252771792,0.0,0.0,0.44263751391798456,0.19951434562635667,-0.08996139210092208,0.1994899433347172,0.0,0.0,6.113296267545696e-13,omni
5.547869143749294,-12.002875748586977,1.6113113441736957,0.0,0.0,0.44263751391799344,0.1993547890487132,-0.09001209452668835,0.19961594482584277,0.0,0.0,4.4394662121783026e-13,omni
5.552239940654493,-12.002796942994468,1.6153068013894203,0.0,0.0,0.44263751391799977,0.19916580613883467,-0.09004538541677994,0.19977286078623682,0.0,0.0,3.1586461374576764e-13,omni
5.55660683491393,-12.002720297098822,1.6193061006173954,0.0,0.0,0.4426375139180041,0.19894322717643975,-0.09005938333519764,0.19996496139874642,0.0,0.0,2.185688128696814e-13,omni
5.560969016064687,-12.002645751698157,1.6233099813601355,0.0,0.0,0.442637513918007,0.19868529836266152,-0.0900533493908844,0.20019403713700598,0.0,0.0,1.4529841554397034e-13,omni
5.565325673818178,-12.002573249214873,1.627319183414474,0.0,0.0,0.4426375139180089,0.19839199278782274,-0.09002736070495804,0.2004601027169441,0.0,0.0,9.06978273935004e-14,omni
5.569676024692873,-12.00250273365096,1.6313344220376733,0.0,0.0,0.4426375139180098,0.19806448779984534,-0.08998206275081172,0.2007619311599847,0.0,0.0,5.053541894202741e-14,omni
5.574019329926992,-12.002434150544534,1.635356371171728,0.0,0.0,0.44263751391801026,0.19770477099502073,-0.08991848266000202,0.20109745670273474,0.0,0.0,2.1477013958795468e-14,omni
5.578354906866663,-12.002367446927575,1.6393856527047401,0.0,0.0,0.44263751391801026,0.19731534540598958,-0.08983788954627674,0.20146407665061628,0.0,0.0,9.036912634286948e-16,omni
5.582682135518299,-12.002302571284847,1.6434228302156229,0.0,0.0,0.4426375139180101,0.19689901098997306,-0.08974169099449754,0.20185887554414472,0.0,0.0,-1.3234571142099892e-14,omni
5.587000461560036,-12.002239473513963,1.6474684060109486,0.0,0.0,0.4426375139180096,0.19645870462006781,-0.08963135727853538,0.20227878976628444,0.0,0.0,-2.2536291648903163e-14,omni
5.591309396801295,-12.002178104886557,1.6515228205437433,0.0,0.0,0.44263751391800915,0.19599738476433226,-0.08950836675966811,0.20272072663972868,0.0,0.0,-2.824250662421732e-14,omni
5.595608517842505,-12.002118418010507,1.655586453521509,0.0,0.0,0.4426375139180084,0.19551795014468454,-0.08937416738988388,0.2031816488882891,0.0,0.0,-3.1311948527721204e-14,omni
5.599897463503739,-12.002060366793241,1.6596596261788552,0.0,0.0,0.44263751391800765,0.19502318409078806,-0.08923015039308392,0.20365863286730376,0.0,0.0,-3.2481051468355653e-14,omni
5.6041759314492925,-12.002003906406028,1.6637426043198238,0.0,0.0,0.442637513918007,0.19451571819227814,-0.0890776330921848,0.20414890704842448,0.0,0.0,-3.2311755736432985e-14,omni
5.608443674326383,-12.001948993249282,1.6678356018348819,0.0,0.0,0.44263751391800626,0.19399801032266858,-0.08891784854690091,0.20464987575291646,0.0,0.0,-3.1229514297387885e-14,omni
5.612700495652218,-12.001895584918795,1.6719387844742821,0.0,0.0,0.44263751391800554,0.19347233325149274,-0.08875194020887758,0.20515913197000657,0.0,0.0,-2.955344241685495e-14,omni
5.616946245619738,-12.001843640172925,1.6760522737182628,0.0,0.0,0.4426375139180051,0.19294077094923784,-0.08858096022176326,0.20567446219901392,0.0,0.0,-2.7520176785733446e-14,omni
5.621180816943431,-12.001793118900682,1.6801761506294313,0.0,0.0,0.4426375139180046,0.19240522037841848,-0.08840587032029723,0.20619384555842327,0.0,0.0,-2.5302706603453774e-14,omni
5.625404140829589,-12.00174398209069,1.684310459606768,0.0,0.0,0.44263751391800416,0.1918673970975152,-0.08822754453531395,0.20671544886683382,0.0,0.0,-2.3025192877984875e-14,omni
5.6296161831274905,-12.00169619180102,1.6884552119864653,0.0,0.0,0.44263751391800366,0.19132884341674047,-0.088046773106965,0.20723761898486145,0.0,0.0,-2.077459294663401e-14,omni
5.6338169406970895,-12.001649711129826,1.692610389454192,0.0,0.0,0.44263751391800316,0.19079093816247436,-0.08786426715913649,0.20775887338633117,0.0,0.0,-1.8609746124616096e-14,omni
5.638006438013344,-12.001604504186819,1.6967759472477966,0.0,0.0,0.44263751391800293,0.19025490735167627,-0.08768066380391529,0.2082778896802361,0.0,0.0,-1.656844628026799e-14,omni
5.642184724016003,-12.001560536065508,1.700951817140105,0.0,0.0,0.4426375139180027,0.1897218352649807,-0.08749653143378627,0.20879349461541893,0.0,0.0,-1.4672922173249613e-14,omni
5.646351869205509,-12.001517772816218,1.7051379101992021,0.0,0.0,0.4426375139180025,0.18919267555029948,-0.08731237502707816,0.20930465295487763,0.0,0.0,-1.2934061815265543e-14,omni
5.650507962979942,-12.001476181419829,1.709334119329122,0.0,0.0,0.44263751391800227,0.18866826209754184,-0.0871286413437414,0.20981045649598243,0.0,0.0,-1.135464904744783e-14,omni
5.654653111204015,-12.001435729762267,1.7135403215977008,0.0,0.0,0.442637513918002,0.1881493195073035,-0.08694572392752223,0.2103101134289228,0.0,0.0,-9.931825823482969e-15,omni
5.6587874339985635,-12.001396386609674,1.717756380360947,0.0,0.0,0.44263751391800177,0.18763647303811654,-0.08676396785986175,0.2108029381623121,0.0,0.0,-8.658949782043329e-15,omni
5.662911063737441,-12.001358121584264,1.7219821471948944,0.0,0.0,0.44263751391800155,0.18713025796281324,-0.08658367423263365,0.2112883416973553,0.0,0.0,-7.526981506736785e-15,omni
5.6670241432379544,-12.001320905140862,1.726217463646828,0.0,0.0,0.44263751391800127,0.18663112829839898,-0.08640510432287421,0.2117658225966701,0.0,0.0,-6.525507719652597e-15,omni
5.671126824130697,-12.001284708544045,1.730462162818186,0.0,0.0,0.44263751391800127,0.18613946489840272,-0.08622848346430584,0.21223495856790187,0.0,0.0,-5.64348416827394e-15,omni
5.675219265394842,-12.001249503845965,1.7347160707914553,0.0,0.0,0.44263751391800127,0.18565558291418485,-0.0860540046187539,0.21269539866348708,0.0,0.0,-4.869764037751928e-15,omni
5.679301632045307,-12.001215263864747,1.7389790079131473,0.0,0.0,0.44263751391800127,0.18517973864383913,-0.08588183165631968,0.21314685608459336,0.0,0.0,-4.193463455498097e-15,omni
5.683374093958809,-12.001181962163468,1.7432507899445089,0.0,0.0,0.44263751391800127,0.1847121357954523,-0.08571210235702208,0.21358910156807448,0.0,0.0,-3.604204328810802e-15,omni
5.687436824826582,-12.001149573029753,1.7475312290910934,0.0,0.0,0.44263751391800127,0.1842529311965953,-0.08554493114904303,0.21402195732921134,0.0,0.0,-3.092265784384543e-15,omni
5.691490001222226,-12.00111807145591,1.7518201349216789,0.0,0.0,0.44263751391800127,0.18380223998480144,-0.08538041160007649,0.21444529152927475,0.0,0.0,-2.6486683898094735e-15,omni
5.695533801774021,-12.001087433119604,1.7561173151863774,0.0,0.0,0.44263751391800127,0.1833601403150337,-0.08521861867887137,0.21485901323494253,0.0,0.0,-2.2652097520151302e-15,omni
5.699568406431771,-12.001057634365079,1.7604225765430945,0.0,0.0,0.44263751391800127,0.18292667762021989,-0.0850596108040934,0.21526306783586774,0.0,0.0,-1.9344657007667373e-15,omni
5.703593995819103,-12.00102865218486,1.764735725200832,0.0,0.0,0.44263751391800127,0.18250186846018154,-0.08490343169727405,0.21565743288687197,0.0,0.0,-1.649767831562539e-15,omni
5.707610750662814,-12.001000464202011,1.769056567487673,0.0,0.0,0.44263751391800127,0.18208570399296753,-0.08475011205599081,0.216042114342058,0.0,0.0,-1.4051655049116591e-15,omni
5.711618851291652,-12.000973048652835,1.773384910350661,0.0,0.0,0.44263751391800127,0.18167815310092358,-0.084599671062626,0.21641714314939758,0.0,0.0,-1.1953783204649617e-15,omni
5.715618477197543,-12.000946384370064,1.777720561794179,0.0,0.0,0.44263751391800127,0.18127916520192677,-0.08445211774314898,0.2167825721758954,0.0,0.0,-1.0157434788710694e-15,omni
5.71960980665291,-12.000920450766518,1.7820633312628822,0.0,0.0,0.44263751391800127,0.18088867277420342,-0.08430745218941271,0.2171384734351478,0.0,0.0,-8.621612110035737e-16,omni
5.72359301637834,-12.00089522781921,1.7864130299747008,0.0,0.0,0.44263751391800127,0.18050659362110205,-0.0841656666574854,0.21748493559091836,0.0,0.0,-7.310405132642516e-16,omni
5.727568281255364,-12.000870696053855,1.7907694712089441,0.0,0.0,0.44263751391800127,0.18013283290016943,-0.08402674655357778,0.21782206171217805,0.0,0.0,-6.192467153382496e-16,omni
5.731535774079619,-12.000846836529863,1.7951324705540819,0.0,0.0,0.44263751391800127,0.17976728493891583,-0.08389067131819591,0.21814996725686622,0.0,0.0,-5.240518725521912e-16,omni
5.735495665350145,-12.000823630825696,1.7995018461193493,0.0,0.0,0.44263751391800127,0.17940983485777828,-0.08375741521825959,0.21846877826338162,0.0,0.0,-4.4308857889592317e-16,omni
5.739448123090918,-12.000801061024635,1.8038774187139588,0.0,0.0,0.44263751391800127,0.17906036001901698,-0.08362694805608474,0.21877862973049564,0.0,0.0,-3.743075072681008e-16,omni
5.743393312701182,-12.000779109700954,1.8082590119973185,0.0,0.0,0.44263751391800127,0.1787187313186181,-0.08349923580333957,0.21907966416797506,0.0,0.0,-3.159387757712612e-16,omni
5.747331396831408,-12.00075775990646,1.8126464526033523,0.0,0.0,0.44263751391800127,0.1783848143367281,-0.08337424116735115,0.2193720303017045,0.0,0.0,-2.664570934420182e-16,omni
5.7512628875693625,-12.000736995157414,1.8170400106008222,0.0,0.0,0.44263751391800127,0.17807438714207274,-0.08325946875616108,0.21967789987349037,0.0,0.0,-2.2455054043847406e-16,omni
5.75518848603288,-12.000716799421784,1.821440199166106,0.0,0.0,0.44263751391800127,0.1777959806762714,-0.08315898728727478,0.22000942826419176,0.0,0.0,-1.8909277457423276e-16,omni
5.759108697405553,-12.000697157106881,1.825847293518833,0.0,0.0,0.44263751391800127,0.17754073297549794,-0.08306862044089393,0.2203547176363291,0.0,0.0,-1.5911841900818007e-16,omni
5.763023881453153,-12.000678053047313,1.8302613941722543,0.0,0.0,0.44263751391800127,0.17730206472895993,-0.08298527322362959,0.22070503267106673,0.0,0.0,-1.3380136779707994e-16,omni
5.76693429141732,-12.000659472493265,1.8346824756232014,0.0,0.0,0.44263751391800127,0.17707515414262112,-0.08290668306869606,0.22105407254733547,0.0,0.0,-1.1243574147425367e-16,omni
5.770840103776335,-12.000641401099134,1.8391104235976024,0.0,0.0,0.44263751391800127,0.17685652429525,-0.08283122425771049,0.22139739872006206,0.0,0.0,-9.441922970934695e-17,omni
5.774741440853822,-12.000623824912427,1.8435450633309902,0.0,0.0,0.44263751391800127,0.17664371999199446,-0.0827577547644247,0.2217319866694151,0.0,0.0,-7.923856932148795e-17,omni
5.778638387847879,-12.000606730363,1.847986180852666,0.0,0.0,0.44263751391800127,0.17643505566698814,-0.08268549677569417,0.22205587608379523,0.0,0.0,-6.645692113874296e-17,omni
5.782531005526126,-12.00059010425257,1.8524335388330198,0.0,0.0,0.44263751391800127,0.17622941955646082,-0.08261394388457706,0.22236789901769233,0.0,0.0,-5.570292670814977e-17,omni
5.786419339570466,-12.000573933744537,1.85688688822623,0.0,0.0,0.44263751391800127,0.1760261223229741,-0.08254278935311292,0.22266746966048717,0.0,0.0,-4.6661244419632216e-17,omni
5.790303427346553,-12.000558206354068,1.8613459766792346,0.0,0.0,0.44263751391800127,0.17582478069452087,-0.08247187097194228,0.22295442265025378,0.0,0.0,-3.906438332979103e-17,omni
5.794183302706523,-12.000542909938456,1.8658105544696213,0.0,0.0,0.44263751391800127,0.1756252285989825,-0.08240112895248411,0.2232288895193416,0.0,0.0,-3.2685671246708204e-17,omni
5.798058999301189,-12.000528032687736,1.8702803785694082,0.0,0.0,0.44263751391800127,0.17542744981400543,-0.08233057401715174,0.22349120498935132,0.0,0.0,-2.733321105864512e-17,omni
5.801930552772864,-12.000513563115579,1.8747552153002538,0.0,0.0,0.44263751391800127,0.17523152738717257,-0.0822602634383986,0.22374183654227472,0.0,0.0,-2.2844695604999163e-17,omni
5.805798002116861,-12.000499490050412,1.8792348419415215,0.0,0.0,0.44263751391800127,0.1750376060702083,-0.08219028324611224,0.2239813320633989,0.0,0.0,-1.9082966456753925e-17,omni
5.80966139043406,-12.000485802626809,1.8837190475704422,0.0,0.0,0.44263751391800127,0.17484586480154968,-0.08212073519762128,0.22421028144604807,0.0,0.0,-1.5932215736915573e-17,omni
5.813520765245274,-12.00047249027708,1.888207633348878,0.0,0.0,0.44263751391800127,0.1746564969025783,-0.08205172740365937,0.224429288921805,0.0,0.0,-1.3294742567644669e-17,omni
5.817375220904841,-12.000459542723124,1.892700748325786,0.0,0.0,0.44263751391800127,0.17442643091424506,-0.08196285973122458,0.22465574884540626,0.0,0.0,-1.108818691806918e-17,omni
5.821222181841497,-12.000446949968495,1.8971991404227888,0.0,0.0,0.44263751391800127,0.17408021147039507,-0.08181838142191925,0.22491960485015494,0.0,0.0,-9.243173609175085e-18,omni
5.825057829302763,-12.000434702290686,1.9017040059746562,0.0,0.0,0.44263751391800127,0.17356166421699934,-0.08159168061762108,0.2252432775933502,0.0,0.0,-7.70130808969029e-18,omni
5.828877609729835,-12.000422790233603,1.9062168101569272,0.0,0.0,0.44263751391800127,0.17283758397680465,-0.08126703258664035,0.2256402091135692,0.0,0.0,-6.413473417993929e-18,omni
5.832676607332621,-12.00041120460028,1.9107391544581998,0.0,0.0,0.44263751391800127,0.17189159913575525,-0.08083669141366137,0.22611721506362045,0.0,0.0,-5.338384761479376e-18,omni
5.836449812953907,-12.000399936445785,1.9152726799785065,0.0,0.0,0.44263751391800127,0.17071948585306945,-0.0802986689153798,0.22667627601534476,0.0,0.0,-4.441363747607811e-18,omni
5.840192314076097,-12.00038897707029,1.9198189979686042,0.0,0.0,0.44263751391800127,0.16932560517820058,-0.07965504582113098,0.22731589950490125,0.0,0.0,-3.693300258139832e-18,omni
5.843899425187869,-12.000378318012384,1.9243796410388072,0.0,0.0,0.44263751391800127,0.1677202084341275,-0.07891069451720933,0.22803215351013673,0.0,0.0,-3.069773832995363e-18,omni
5.847566773341301,-12.00036795104251,1.9289560300063668,0.0,0.0,0.44263751391800127,0.16591741266126406,-0.07807231940406882,0.2288194483779789,0.0,0.0,-2.5503108203822104e-18,omni
5.851190350318005,-12.00035786815663,1.9335494525289818,0.0,0.0,0.44263751391800127,0.16393369196840477,-0.0771477417965932,0.2296711261307535,0.0,0.0,-2.117756846501421e-18,omni
5.854766540171861,-12.00034806157004,1.9381610505741735,0.0,0.0,0.44263751391800127,0.16178676501137335,-0.07614537259124803,0.230579902259575,0.0,0.0,-1.7577471461061952e-18,omni
5.858292128858158,-12.00033852371136,1.9427918144652339,0.0,0.0,0.44263751391800127,0.15949478563161815,-0.07507382863278926,0.2315381945530338,0.0,0.0,-1.4582598529365345e-18,omni
5.861764301064012,-12.000329247216687,1.947442581774028,0.0,0.0,0.44263751391800127,0.15707576458986536,-0.0739416586213022,0.23253836543969886,0.0,0.0,-1.2092395489486617e-18,omni
5.8651806281203545,-12.000320224923907,1.952114039737116,0.0,0.0,0.44263751391800127,0.1545471666173207,-0.07275715212066847,0.23357289815441462,0.0,0.0,-1.0022802599298146e-18,omni
5.8685390499220045,-12.00031144986718,1.9568067301835355,0.0,0.0,0.44263751391800127,0.15192563968984396,-0.07152821124135447,0.23463452232095827,0.0,0.0,-8.303587038198859e-19,omni
5.871837853046939,-12.000302915271536,1.9615210562022096,0.0,0.0,0.44263751391800127,0.14922684329937408,-0.07026226924831552,0.23571630093372442,0.0,0.0,-6.876099832398712e-19,omni
5.875075646700287,-12.000294614547673,1.9662572899613393,0.0,0.0,0.44263751391800127,0.14646535016941914,-0.06896624398164267,0.23681168795646493,0.0,0.0,-5.691390972951669e-19,omni
5.878251337674913,-12.000286541286844,1.971015581234073,0.0,0.0,0.44263751391800127,0.14365460182044015,-0.06764651680219227,0.23791456363669483,0.0,0.0,-4.708626576165686e-19,omni
5.881364105189105,-12.000278689255918,1.975795966294226,0.0,0.0,0.44263751391800127,0.14080690301369728,-0.06630892996564662,0.23901925300762772,0.0,0.0,-3.893760541782827e-19,omni
5.8844133762097375,-12.00027105239258,1.9805983769302087,0.0,0.0,0.44263751391800127,0.13793344368330807,-0.06495879702595753,0.24012053179914095,0.0,0.0,-3.218420488600317e-19,omni
5.887398801678534,-12.000263624800635,1.9854226493905414,0.0,0.0,0.44263751391800127,0.13504433973607985,-0.06360092218203431,0.24121362301665564,0.0,0.0,-2.658973973513283e-19,omni
5.890320233915533,-12.000256400745453,1.9902685331246295,0.0,0.0,0.44263751391800127,0.1321486862368712,-0.06223962549505439,0.24229418670439615,0.0,0.0,-2.195746287007039e-19,omni
5.8931777053668934,-12.00024937464956,1.9951356992213454,0.0,0.0,0.44263751391800127,0.12925461814412154,-0.06087877168440888,0.243358304835776,0.0,0.0,-1.8123656028508955e-19,omni
5.895971408785085,-12.000242541088316,2.000023748477933,0.0,0.0,0.44263751391800127,0.1263693750252604,-0.059521800809948656,0.24440246282938358,0.0,0.0,-1.4952150600629548e-19,omni
5.898701678872021,-12.000235894785735,2.0049322190548176,0.0,0.0,0.44263751391800127,0.12349936715038026,-0.05817175960735217,0.24542352884426205,0.0,0.0,-1.2329745724688239e-19,omni
5.901368975374345,-12.000229430610407,2.0098605936896186,0.0,0.0,0.44263751391800127,0.12065024110141895,-0.05683133259366282,0.24641873174003295,0.0,0.0,-1.0162378823111915e-19,omni
5.903973867591402,-12.000223143571528,2.0148083064571876,0.0,0.0,0.44263751391800127,0.1178269435950489,-0.05550287232593732,0.24738563837843047,0.0,0.0,-8.371926738509668e-20,omni
5.906517020236853,-12.000217028815069,2.0197747490727793,0.0,0.0,0.44263751391800127,0.11503378264091947,-0.05418842839666465,0.24832213077962892,0.0,0.0,-6.893535044199547e-20,omni
5.908999180582574,-12.000211081620005,2.0247592767431617,0.0,0.0,0.44263751391800127,0.11227448547430033,-0.05288977490006524,0.24922638351911255,0.0,0.0,-5.673389483250667e-20,omni
5.911421166806251,-12.00020529739469,2.02976121357618,0.0,0.0,0.44263751391800127,0.10955225293798182,-0.05160843621515424,0.2500968416508911,0.0,0.0,-4.666857297446635e-20,omni
5.913783857460702,-12.000199671673297,2.0347798575634717,0.0,0.0,0.44263751391800127,0.10686981016149917,-0.05034571103355605,0.250932199364548,0.0,0.0,-3.8369378380099954e-20,omni
5.916088181982394,-12.000194200112372,2.0398144851539173,0.0,0.0,0.44263751391800127,0.1042294535111012,-0.04910269461947554,0.2517313795222523,0.0,0.0,-3.1529716394259055e-20,omni
5.918335112157989,-12.000188878487489,2.044864355437394,0.0,0.0,0.44263751391800127,0.10163309387280231,-0.04788029933137921,0.25249351417384375,0.0,0.0,-2.5895653717982437e-20,omni
5.9205256544705005,-12.000183702689977,2.049928713959606,0.0,0.0,0.44263751391800127,0.09908229639217557,-0.046679273464004946,0.25321792611061356,0.0,0.0,-2.125697008215663e-20,omni
5.922660843250272,-12.000178668723766,2.055006796189391,0.0,0.0,0.44263751391800127,0.09657831683508719,-0.04550021848853638,0.2539041114892424,0.0,0.0,-1.7439713570887228e-20,omni
5.924741734560156,-12.00017377270228,2.0600978306600877,0.0,0.0,0.44263751391800127,0.09412213475859692,-0.04434360478063913,0.25455172353482236,0.0,0.0,-1.4300009894038014e-20,omni
5.926769400748812,-12.000169010845443,2.0652010418063793,0.0,0.0,0.44263751391800127,0.09171448369479439,-0.043209785932477096,0.2551605573146134,0.0,0.0,-1.1718916846255401e-20,omni
5.928744925610571,-12.000164379476775,2.070315652517602,0.0,0.0,0.44263751391800127,0.08935587855550522,-0.04209901174727435,0.25573053556111247,0.0,0.0,-9.598149511078269e-21,omni
5.9306694000949935,-12.000159875020532,2.075440886427867,0.0,0.0,0.44263751391800127,0.0870466404649436,-0.04101144001458219,0.2562616955132876,0.0,0.0,-7.856530525499032e-21,omni
5.932543918513597,-12.000155493998957,2.0805759699626223,0.0,0.0,0.44263751391800127,0.08478691922230702,-0.03994714716200164,0.25675417673778167,0.0,0.0,-6.4270438005778116e-21,omni
5.934369575195648,-12.000151233029602,2.0857201341603617,0.0,0.0,0.44263751391800127,0.08257671358835883,-0.0389061378753439,0.2572082098869739,0.0,0.0,-5.2543902463170705e-21,omni
5.93614746154889,-12.000147088822697,2.0908726162873124,0.0,0.0,0.44263751391800127,0.08041588958024437,-0.037888353774565696,0.2576241063475708,0.0,0.0,-4.292960905084748e-21,omni
5.937878663484996,-12.000143058178619,2.0960326612619427,0.0,0.0,0.44263751391800127,0.07830419694789366,-0.03689368122765281,0.25800224873152766,0.0,0.0,-3.505156988871465e-21,omni
5.939564259173062,-12.000139137985439,2.1011995229051483,0.0,0.0,0.44263751391800127,0.07624128399393569,-0.03592195837920873,0.25834308216029356,0.0,0.0,-2.8599980887735167e-21,omni
5.941205317087787,-12.000135325216487,2.106372465031017,0.0,0.0,0.44263751391800127,0.07422671088748989,-0.034972981465025865,0.2586471062933985,0.0,0.0,-2.3319696563420055e-21,omni
5.942802894322133,-12.000131616928048,2.111550762392078,0.0,0.0,0.44263751391800127,0.07225996161079909,-0.03404651047851158,0.25891486805306907,0.0,0.0,-1.900069061812606e-21,omni
5.944358035136974,-12.000128010257054,2.116733701492033,0.0,0.0,0.44263751391800127,0.07034045466662325,-0.03314227424960685,0.25914695499772067,0.0,0.0,-1.5470163790766937e-21,omni
5.9458717697229435,-12.00012450241891,2.121920581278007,0.0,0.0,0.44263751391800127,0.06846755266375765,-0.032259974991831475,0.25934398929870206,0.0,0.0,-1.2586017542537383e-21,omni
5.947345113152027,-12.000121090705317,2.127110713723536,0.0,0.0,0.44263751391800127,0.06664057088805744,-0.03139929236835815,0.25950662227646537,0.0,0.0,-1.0231459706354864e-21,omni
5.948779064498565,-12.000117772482195,2.1323034243126213,0.0,0.0,0.44263751391800127,0.06485878495698727,-0.030559887123579606,0.2596355294543135,0.0,0.0,-8.310547841297263e-22,omni
5.950174606111434,-12.000114545187646,2.1374980524344207,0.0,0.0,0.44263751391800127,0.06312143764699055,-0.02974140432249723,0.2597314060899806,0.0,0.0,-6.744509012599466e-22,omni
5.951532703020829,-12.000111406329967,2.1427055624564084,0.0,0.0,0.44263751391800127,0.06142774497488684,-0.028943476236427366,0.26037550109934937,0.0,0.0,-5.468702160518922e-22,omni
5.9528543024648055,-12.000108353485746,2.147943263555075,0.0,0.0,0.44263751391800127,0.059776901607044644,-0.02816572490998414,0.2618850549333618,0.0,0.0,-4.430112046077362e-22,omni
5.95414033352216,-12.000105384297978,2.153222125367414,0.0,0.0,0.44263751391800127,0.058168085663216615,-0.027407764441046152,0.26394309061698856,0.0,0.0,-3.585282736404183e-22,omni
5.955391706839604,-12.000102496474238,2.1585484412480693,0.0,0.0,0.44263751391800127,0.05660046297563633,-0.026669203002433556,0.2663157940327884,0.0,0.0,-2.898614359080865e-22,omni
5.956609314442398,-12.000099687784921,2.1639251089182214,0.0,0.0,0.44263751391800127,0.05507319085822651,-0.02594964463129685,0.2688333835075787,0.0,0.0,-2.3409599497382837e-22,omni
5.9577940296186735,-12.00009695606153,2.1693526103920733,0.0,0.0,0.44263751391800127,0.053585421435523556,-0.025248690809732827,0.2713750736925827,0.0,0.0,-1.8884700878730323e-22,omni
5.95894670686871,-12.00009429919498,2.1748297563380583,0.0,0.0,0.44263751391800127,0.05213630457614666,-0.024565941857878634,0.27385729729925895,0.0,0.0,-1.5216420359922525e-22,omni
5.960068181911298,-12.000091715133987,2.1803542466094243,0.0,0.0,0.44263751391800127,0.050724990471296916,-0.02390099815867593,0.27622451356829225,0.0,0.0,-1.2245375783310575e-22,omni
5.961159271740156,-12.000089201883473,2.1859230879255347,0.0,0.0,0.44263751391800127,0.049350631894828204,-0.023253461231628404,0.27844206580552144,0.0,0.0,-9.84139957229145e-23,omni
5.962220774724068,-12.00008675750303,2.191532901084184,0.0,0.0,0.44263751391800127,0.04801238617785488,-0.022622934671180338,0.2804906579324692,0.0,0.0,-7.898254441941917e-23,omni
5.963253470745078,-12.00008438010543,2.1971801432175853,0.0,0.0,0.44263751391800127,0.046709416927620394,-0.022009024963807296,0.28236210667006034,0.0,0.0,-6.32929338922111e-23,omni
5.96425812136969,-12.000082067855164,2.2028612651313613,0.0,0.0,0.44263751391800127,0.04544089551741661,-0.021411342196519353,0.28405609568880374,0.0,0.0,-5.063897130822197e-23,omni
5.965235470048521,-12.000079818966999,2.208572819412535,0.0,0.0,0.44263751391800127,0.04420600237168965,-0.02082950066821907,0.28557771405864507,0.0,0.0,-4.044551312974799e-23,omni
5.966186242340372,-12.000077631704645,2.21431153153754,0.0,0.0,0.44263751391800127,0.043003928068068145,-0.02026311941421877,0.2869356062502888,0.0,0.0,-3.224449932255322e-23,omni
5.967111146157093,-12.000075504379385,2.2200743434758317,0.0,0.0,0.44263751391800127,0.041833874275881144,-0.019711822653194322,0.2881405969146151,0.0,0.0,-2.5655313422453978e-23,omni
5.968010872025987,-12.00007343534877,2.2258584371244603,0.0,0.0,0.44263751391800127,0.04069505454877531,-0.019175240164923564,0.2892046824314759,0.0,0.0,-2.0368696942244534e-23,omni
5.968886093366921,-12.000071423015367,2.2316612432080256,0.0,0.0,0.44263751391800127,0.0395866949872726,-0.01865300760631981,0.2901403041782919,0.0,0.0,-1.6133582659895762e-23,omni
5.969737466781536,-12.000069465825508,2.237480439943216,0.0,0.0,0.44263751391800127,0.03850803478551483,-0.01814476677251524,0.2909598367595245,0.0,0.0,-1.2746323652101856e-23,omni
5.970565632352313,-12.00006756226811,2.243313944722811,0.0,0.0,0.44263751391800127,0.03745832667500247,-0.017650165809066164,0.2916752389797501,0.0,0.0,-1.004188762145817e-23,omni
5.971371213949427,-12.000065710873496,2.249159901260381,0.0,0.0,0.44263751391800127,0.03643683727683745,-0.01716885938073729,0.29229782687847417,0.0,0.0,-7.886662508158066e-24,omni
5.9721548195436345,-12.000063910212258,2.2550166640058475,0.0,0.0,0.44263751391800127,0.035442847372809644,-0.01670050880176746,0.2928381372733537,0.0,0.0,-6.1725823939516e-24,omni
5.972917041523578,-12.000062158894163,2.2608827811551113,0.0,0.0,0.44263751391800127,0.03447565210461264,-0.016244782132019672,0.2933058574631956,0.0,0.0,-4.812334630038231e-24,omni
5.973658457016109,-12.00006045556707,2.266756977203347,0.0,0.0,0.44263751391800127,0.03353456110952413,-0.01580135424296785,0.2937098024118271,0.0,0.0,-3.735451883331908e-24,omni
5.974379628208391,-12.000058798915891,2.272638135706974,0.0,0.0,0.44263751391800127,0.0326188986000305,-0.015369906857066894,0.2940579251813018,0.0,0.0,-2.8851279960544173e-24,omni
5.975081102670677,-12.000057187661579,2.2785252827041504,0.0,0.0,0.44263751391800127,0.03172800339410414,-0.01495012856368725,0.29435734985887385,0.0,0.0,-2.215625514688759e-24,omni
5.975763413678818,-12.00005562056013,2.28441757108271,0.0,0.0,0.44263751391800127,0.030861228902147906,-0.014541714814466042,0.29461441892793333,0.0,0.0,-1.6901665598308596e-24,omni
5.976427080535659,-12.00005409640163,2.290314266065304,0.0,0.0,0.44263751391800127,0.030017943075996117,-0.01414436790063052,0.29483474912966645,0.0,0.0,-1.2792182825548836e-24,omni
5.977072608890575,-12.000052614009324,2.2962147318948696,0.0,0.0,0.44263751391800127,0.029197528324799053,-0.013757796914583101,0.29502329147824213,0.0,0.0,-9.591002325229006e-25,omni
5.977700491056529,-12.000051172238702,2.3021184197414795,0.0,0.0,0.44263751391800127,0.028399381402111304,-0.013381717697796973,0.29518439233045013,0.0,0.0,-7.1085416505352865e-25,omni
5.978311206324088,-12.000049769976616,2.3080248568085318,0.0,0.0,0.44263751391800127,0.02762291326804901,-0.013015852776855316,0.29532185335260747,0.0,0.0,-5.19327647841186e-25,omni
5.9789052212719245,-12.000048406140426,2.313933636587294,0.0,0.0,0.44263751391800127,0.026867548929971057,-0.012659931289272926,0.2954389889380923,0.0,0.0,-3.7243171301478866e-25,omni
5.979482990073391,-12.000047079677149,2.3198444101904845,0.0,0.0,0.44263751391800127,0.026132727264770624,-0.012313688900564336,0.29553868015948015,0.0,0.0,-2.605400830982205e-25,omni
5.98004495479884,-12.000045789562666,2.325756878685097,0.0,0.0,0.44263751391800127,0.025417900825532008,-0.011976867713865259,0.295623424730597,0.0,0.0,-1.7600346565380963e-25,omni
5.980591545713368,-12.000044534800917,2.331670786339855,0.0,0.0,0.44263751391800127,0.024722535635009583,-0.01164921617327296,0.2956953827379093,0.0,0.0,-1.1275729612563932e-25,omni
5.9811231815697585,-12.000043314423142,2.33758591470191,0.0,0.0,0.44263751391800127,0.024046110968117897,-0.011330488961944064,0.29575641810273573,0.0,0.0,-6.600530529211069e-26,omni
5.981640269896436,-12.000042127487124,2.3435020774194197,0.0,0.0,0.44263751391800127,0.023388119125381086,-0.0110204468958741,0.29580813587550975,0.0,0.0,-3.196455615115928e-26,omni
5.982143207280229,-12.000040973076462,2.349419115730543,0.0,0.0,0.44263751391800127,0.022748065199073682,-0.010718856814180777,0.2958519155561483,0.0,0.0,-7.66026608646105e-27,omni
5.982632379643862,-12.000039850299874,2.355336894544392,0.0,0.0,0.44263751391800127,0.02212546683359031,-0.010425491466620591,0.2958889406924487,0.0,0.0,9.239088424900652e-27,omni
5.983108162518038,-12.000038758290497,2.361255299045205,0.0,0.0,0.44263751391800127,0.02151985398140762,-0.010140129398986031,0.2959202250405932,0.0,0.0,2.0554106940339112e-26,omni
5.983570921308067,-12.000037696205222,2.367174231756913,0.0,0.0,0.44263751391800127,0.020930768655845085,-0.009862554836955984,0.295946635585405,0.0,0.0,2.770051034256221e-26,omni
5.984021011554981,-12.000036663224048,2.373093610011282,0.0,0.0,0.44263751391800127,0.020357764681690923,-0.009592557568905551,0.295968912718403,0.0,0.0,3.177398317690441e-26,omni
5.984458779191117,-12.00003565854944,2.3790133637685433,0.0,0.0,0.44263751391800127,0.019800407444633263,-0.009329932828121792,0.2959876878630659,0.0,0.0,3.361793609699028e-26,omni
5.984884560790144,-12.000034681405719,2.3849334337449855,0.0,0.0,0.44263751391800127,0.01925827364032378,-0.009074481174818141,0.2960034988221441,0.0,0.0,3.3877527115577165e-26,omni
5.985298683811555,-12.00003373103846,2.3908537698070575,0.0,0.0,0.44263751391800127,0.01873095102379959,-0.008826008378292382,0.2960168031036381,0.0,0.0,3.304264253447015e-26,omni
5.985701466839652,-12.000032806713914,2.396774329596296,0.0,0.0,0.44263751391800127,0.018218038159898663,-0.008584325299529945,0.29602798946189907,0.0,0.0,3.14820201885082e-26,omni
5.986093219817034,-12.00003190771844,2.4026950773536844,0.0,0.0,0.44263751391800127,0.017719144175222697,-0.008349247774515912,0.29603738786940237,0.0,0.0,2.94702769177765e-26,omni
5.9864742442726655,-12.000031033357953,2.4086159829159635,0.0,0.0,0.44263751391800127,0.01723388851212879,-0.008120596498484428,0.29604527811396364,0.0,0.0,2.7209260928540106e-26,omni
5.986844833544543,-12.000030182957378,2.414537020859886,0.0,0.0,0.44263751391800127,0.016761900685166146,-0.007898196911303446,0.29605189719609015,0.0,0.0,2.4844873159759512e-26,omni
5.98720527299705,-12.000029355860153,2.420458169773529,0.0,0.0,0.44263751391800127,0.016302820040315892,-0.007681879084165319,0.2960574456821635,0.0,0.0,2.2480277881676095e-26,omni
5.9875558402330515,-12.0000285514277,2.426379411636559,0.0,0.0,0.44263751391800127,0.015856295517340246,-0.007471477607729111,0.29606209315146753,0.0,0.0,2.018624167177656e-26,omni
5.98789680530083,-12.00002776903894,2.432300731293735,0.0,0.0,0.44263751391800127,0.0154219854155012,-0.0072668314818382825,0.296065982858818,0.0,0.0,1.800919360942035e-26,omni
5.9882284308958855,-12.000027008089813,2.4382221160081294,0.0,0.0,0.44263751391800127,0.014999557162867381,-0.0070677840069181385,0.29606923571976207,0.0,0.0,1.5977481454528557e-26,omni
5.988550972557759,-12.000026267992812,2.4441435550823685,0.0,0.0,0.44263751391800127,0.01458868708939082,-0.006874182677139831,0.29607195371196954,0.0,0.0,1.4106203391997867e-26,omni
5.9888646788618995,-12.000025548176534,2.4500650395378583,0.0,0.0,0.44263751391800127,0.01418906020390299,-0.0066858790754221985,0.29607422277448986,0.0,0.0,1.2400918287487331e-26,omni
5.9891697916066935,-12.000024848085229,2.455986561843377,0.0,0.0,0.44263751391800127,0.013800369975150252,-0.006502728770328905,0.2960761152759067,0.0,0.0,1.0860475777507682e-26,omni
5.989466545995766,-12.000024167178378,2.461908115685637,0.0,0.0,0.44263751391800127,0.013422318116962942,-0.00632459121490601,0.29607769211300194,0.0,0.0,9.479158034165161e-27,omni
5.989755170815593,-12.00002350493028,2.4678296957755017,0.0,0.0,0.44263751391800127,0.013054614377629638,-0.006151329647494603,0.296079004493236,0.0,0.0,8.248285368784988e-27,omni
5.990035888608579,-12.00002286082962,2.473751297684443,0.0,0.0,0.44263751391800127,0.012696976333527737,-0.005982810994543081,0.2960800954470614,0.0,0.0,7.157406075074056e-27,omni
5.990308915841654,-12.00002223437912,2.4796729177066372,0.0,0.0,0.44263751391800127,0.012349129187043707,-0.005818905775435317,0.29608100110971125,0.0,0.0,6.195165525873014e-27,omni
5.990574463070503,-12.000021625095112,2.4855945527427683,0.0,0.0,0.44263751391800127,0.01201080556880058,-0.005659488009343908,0.29608175180654495,0.0,0.0,5.3499292839524164e-27,omni
5.990832735099511,-12.000021032507181,2.491516200202192,0.0,0.0,0.44263751391800127,0.011681745344196437,-0.0055044351241102995,0.29608237297120177,0.0,0.0,4.610218860028901e-27,omni
5.991083931137544,-12.000020456157817,2.4974378579206253,0.0,0.0,0.44263751391800127,0.011361695424245428,-0.00535362786714827,0.2960828859216247,0.0,0.0,3.965005936344898e-27,omni
5.9913282449496155,-12.000019895602033,2.5033595240909325,0.0,0.0,0.44263751391800127,0.011050409580702263,-0.005206950218362571,0.2960833085153946,0.0,0.0,3.4039007144933276e-27,omni
5.991565865004583,-12.00001935040704,2.5092811972049867,0.0,0.0,0.44263751391800127,0.01074764826544193,-0.0050642893050692386,0.2960836557026887,0.0,0.0,2.917262011461985e-27,omni
5.991796974618945,-12.000018820151912,2.5152028760048357,0.0,0.0,0.44263751391800127,0.01045317843405822,-0.004925535318900973,0.2960839399924858,0.0,0.0,2.4962503909100736e-27,omni
5.9920217520968055,-12.000018304427254,2.5211245594417417,0.0,0.0,0.44263751391800127,0.010166773373637826,-0.004790581434677705,0.2960841718453287,0.0,0.0,2.132840633685306e-27,omni
5.992240370866151,-12.000017802834886,2.5270462466418206,0.0,0.0,0.44263751391800127,0.009888212534660637,-0.004659323731218969,0.29608436000396776,0.0,0.0,1.8198059462576472e-27,omni
5.992452999611485,-12.000017314987549,2.532967936877251,0.0,0.0,0.44263751391800127,0.009617281366971953,-0.004531661114072851,0.2960845117715115,0.0,0.0,1.5506832563579123e-27,omni
5.992659802402931,-12.00001684050859,2.538889629542157,0.0,0.0,0.44263751391800127,0.009353771159767939,-0.004407495240134264,0.29608463324525514,0.0,0.0,1.3197265739905823e-27,omni
5.992860938821883,-12.000016379031681,2.5448113241324184,0.0,0.0,0.44263751391800127,0.00909747888553199,-0.004286730444123095,0.29608472951311765,0.0,0.0,1.1218535609925124e-27,omni
5.993056564083284,-12.000015930200522,2.550733020228789,0.0,0.0,0.44263751391800127,0.008848207047856691,-0.004169273666891649,0.29608480481855814,0.0,0.0,9.525890399034601e-28,omni
5.993246829154652,-12.000015493668588,2.556654717482767,0.0,0.0,0.44263751391800127,0.008605763533083552,-0.0040550343855296975,0.2960848626989414,0.0,0.0,8.080080925953657e-28,omni
5.993431880871862,-12.000015069098847,2.562576415604797,0.0,0.0,0.44263751391800127,0.008369961465690802,-0.003943924545234567,0.29608490610155497,0.0,0.0,6.846805788681423e-28,omni
5.993611862051866,-12.000014656163504,2.5684981143544143,0.0,0.0,0.44263751391800127,0.008140619067357864,-0.003835858492912497,0.2960849374808284,0.0,0.0,5.796182878944824e-28,omni
5.99378691160233,-12.00001425454374,2.574419813532009,0.0,0.0,0.44263751391800127,0.007917559519634276,-0.003730752912477225,0.2960849588797527,0.0,0.0,4.90225475707604e-28,omni
5.9939571646283465,-12.000013863929478,2.58034151297197,0.0,0.0,0.44263751391800127,0.007700610830139636,-0.0036285267618115557,0.29608497199802775,0.0,0.0,4.142532041049667e-28,omni
5.994122752536244,-12.000013484019139,2.586263212536951,0.0,0.0,0.44263751391800127,0.007489605702220729,-0.0035291012113572873,0.296084978249069,0.0,0.0,3.497576522099793e-28,omni
5.994283803134602,-12.000013114519401,2.5921849127781607,0.0,0.0,0.44263751391800127,0.007284381407991937,-0.003432399584298528,0.29608501206046883,0.0,0.0,2.9506239936412905e-28,omni
5.994440440732523,-12.00001275514499,2.5981066146135707,0.0,0.0,0.44263751391800127,0.0070847796646848205,-0.0033383472983035847,0.29608509177051834,0.0,0.0,2.487245596961729e-28,omni
5.994593091800775,-12.000012405618438,2.6040282114027673,0.0,0.0,0.44263751391800127,0.006904452347877383,-0.0032534158653059137,0.2960798394598569,0.0,0.0,2.0950457113300623e-28,omni
5.994743503973579,-12.000012065669889,2.6099491316334977,0.0,0.0,0.44263751391800127,0.006803091117661219,-0.003205899947938406,0.29604601153654536,0.0,0.0,1.763393943006533e-28,omni
5.994895034957915,-12.000011735036875,2.6158682376529048,0.0,0.0,0.44263751391800127,0.006853440922987701,-0.0032302815426122054,0.2959553009703662,0.0,0.0,1.483188516217529e-28,omni
5.995052048068322,-12.000011413464133,2.6217840375609733,0.0,0.0,0.44263751391800127,0.007100936221424316,-0.0033480972808678307,0.2957899954034021,0.0,0.0,1.246648277348047e-28,omni
5.995219465698577,-12.000011100703379,2.627694841253057,0.0,0.0,0.44263751391800127,0.007570836764428674,-0.0035713208391272796,0.29554018460413944,0.0,0.0,1.0471305440147625e-28,omni
5.995402443545517,-12.000010796513141,2.63359887354725,0.0,0.0,0.44263751391800127,0.008273683331442887,-0.0039049489930597678,0.29520161470968703,0.0,0.0,8.789721274554214e-29,omni
5.995606136843973,-12.000010500658565,2.639494354528845,0.0,0.0,0.44263751391800127,0.009209454906667934,-0.004348972147175834,0.2947740490797589,0.0,0.0,7.373510029264522e-29,omni
5.995835536422964,-12.000010212911231,2.6453795550245354,0.0,0.0,0.44263751391800127,0.010370723291479016,-0.004899869642272373,0.29426002478449703,0.0,0.0,6.181662786245312e-29,omni
5.996095357474212,-12.000009933048975,2.6512528333649272,0.0,0.0,0.44263751391800127,0.011745034712785523,-0.005551738653831732,0.2936639170196328,0.0,0.0,5.179343044949701e-29,omni
5.996389967862653,-12.000009660855728,2.657112658210304,0.0,0.0,0.44263751391800127,0.013316696380347513,-0.006297141032280596,0.2929912422688821,0.0,0.0,4.336989577351045e-29,omni
5.996723345860163,-12.000009396121332,2.6629576211255856,0.0,0.0,0.44263751391800127,0.015068105863830861,-0.007127733436772138,0.29224814576406755,0.0,0.0,3.629543345562331e-29,omni
5.997099059546299,-12.0000091386414,2.668786441735389,0.0,0.0,0.44263751391800127,0.01698073003640869,-0.008034731361184736,0.29144103049014547,0.0,0.0,3.035782629146138e-29,omni
5.997520261947779,-12.000008888217135,2.6745979676205143,0.0,0.0,0.44263751391800127,0.019035816169917376,-0.009009246198178007,0.29057629425624765,0.0,0.0,2.5377522531448014e-29,omni
5.997989697401193,-12.000008644655193,2.680391170594414,0.0,0.0,0.44263751391800127,0.021214899014890022,-0.010042525598723817,0.2896601486949527,0.0,0.0,2.120274425876455e-29,omni
5.998509715714308,-12.000008407767528,2.6861651405914704,0.0,0.0,0.44263751391800127,0.02350015315055056,-0.011126120488568024,0.28869849985278495,0.0,0.0,1.7705301788193896e-29,omni
5.999082291542413,-12.000008177371246,2.6919190780836613,0.0,0.0,0.44263751391800127,0.02587462860703168,-0.012251996754947559,0.28769687460958826,0.0,0.0,1.477701747416249e-29,omni
5.9997090470437,-12.000007953288463,2.6976522856989473,0.0,0.0,0.44263751391800127,0.02832239901557558,-0.013412605470986157,0.2866603807642716,0.0,0.0,1.2326674440690888e-29,omni
6.000391276375149,-12.000007735346177,2.7033641595279545,0.0,0.0,0.44263751391800127,0.03082864476563503,-0.014600922312924673,0.2855936914503347,0.0,0.0,1.0277416588256057e-29,omni
6.00112997097184,-12.000007523376116,2.709054180463094,0.0,0.0,0.44263751391800127,0.033379688400270585,-0.01581046433798191,0.284501046756949,0.0,0.0,8.564535871282151e-30,omni
6.001925844844068,-12.00000731721462,2.714721905806256,0.0,0.0,0.44263751391800127,0.03596299542088613,-0.017035290366007063,0.283386267158131,0.0,0.0,7.133591364958412e-30,omni
6.00277935934872,-12.00000711670253,2.720366961300169,0.0,0.0,0.44263751391800127,0.03856715053333366,-0.01826998972017317,0.28225277469566157,0.0,0.0,5.938812146258703e-30,omni
6.003690747059723,-12.000006921685031,2.7259890336782093,0.0,0.0,0.44263751391800127,0.041181816943248045,-0.019509662932888132,0.2811036189020146,0.0,0.0,4.9417425969794365e-30,omni
6.004660034489424,-12.000006732011553,2.7315878637832527,0.0,0.0,0.44263751391800127,0.04379768443874486,-0.020749897136836087,0.2799415052521785,0.0,0.0,4.1100944894791024e-30,omni
6.0056870635078266,-12.000006547535659,2.7371632402742336,0.0,0.0,0.44263751391800127,0.0464064105587562,-0.021986738178560377,0.27876882454908625,0.0,0.0,3.4167752273091984e-30,omni
6.006771511377314,-12.00000636811492,2.742714993916574,0.0,0.0,0.44263751391800127,0.04900055803855473,-0.023216660967404393,0.2775876821170063,0.0,0.0,2.839065966090316e-30,omni
6.00791290937231,-12.000006193610812,2.748242992437231,0.0,0.0,0.44263751391800127,0.05157353087531695,-0.024436539170336835,0.27639992603281105,0.0,0.0,2.357927111434184e-30,omni
6.0091106599908155,-12.000006023888599,2.7537471359150687,0.0,0.0,0.44263751391800127,0.05411951070759374,-0.025643615055566338,0.2752071738919032,0.0,0.0,1.9574119503936614e-30,omni
6.01036405279134,-12.00000585881725,2.7592273526711435,0.0,0.0,0.44263751391800127,0.05663339470803441,-0.026835470053443902,0.27401083780374497,0.0,0.0,1.624171984119196e-30,omni
6.011672278906923,-12.000005698269316,2.7646835956202858,0.0,0.0,0.44263751391800127,0.05911073581353162,-0.028009996425313825,0.27281214745713767,0.0,0.0,1.3470399489263764e-30,omni
6.0130344442999775,-12.000005542120842,2.7701158390442857,0.0,0.0,0.44263751391800127,0.06154768583387267,-0.029165370296791237,0.27161217119998265,0.0,0.0,1.1166785915147225e-30,omni
6.014449581828972,-12.000005390251271,2.7755240757473225,0.0,0.0,0.44263751391800127,0.06394094176786885,-0.03030002621140129,0.2704118351518823,0.0,0.0,9.252850465797789e-31,omni
6.01591666220167,-12.000005242543349,2.780908314555685,0.0,0.0,0.44263751391800127,0.0662876954984074,-0.03141263328584602,0.2692119404181437,0.0,0.0,7.663421912161657e-31,omni
6.017434603891031,-12.00000509888304,2.7862685781258123,0.0,0.0,0.44263751391800127,0.06858558692223611,-0.03250207299335323,0.26801317850639006,0.0,0.0,6.344096552049e-31,omni
6.019002282089099,-12.000004959159423,2.7916049010271444,0.0,0.0,0.44263751391800127,0.07083266048671827,-0.0335674185619479,0.2668161450665952,0.0,0.0,5.249482800641465e-31,omni
6.02061853677243,-12.000004823264621,2.796917328068853,0.0,0.0,0.44263751391800127,0.07302732504667706,-0.03460791594646416,0.2656213520854375,0.0,0.0,4.341727692811856e-31,omni
6.022282179949675,-12.000004691093718,2.802205912842235,0.0,0.0,0.44263751391800127,0.07516831691390065,-0.03562296631389611,0.2644292386690905,0.0,0.0,3.5892808063364527e-31,omni
6.023992002158609,-12.000004562544664,2.807470716453175,0.0,0.0,0.44263751391800127,0.07725466594535924,-0.0366121099691146,0.2632401805469765,0.0,0.0,2.9658579907935136e-31,omni
6.02574677827606,-12.00000443751821,2.812711806421657,0.0,0.0,0.44263751391800127,0.07928566450018676,-0.03757501164039393,0.2620544984241463,0.0,0.0,2.449573127687886e-31,omni
6.027545272700332,-12.000004315917831,2.8179292557277162,0.0,0.0,0.44263751391800127,0.08126083908730608,-0.038511447040317975,0.2608724653029683,0.0,0.0,2.0222111035658685e-31,omni
6.029386243961659,-12.000004197649641,2.823123141985448,0.0,0.0,0.44263751391800127,0.0831799245231509,-0.03942129061648558,0.2596943128865714,0.0,0.0,1.6686193792239575e-31,omni
6.031268448812279,-12.000004082622329,2.8282935467287995,0.0,0.0,0.44263751391800127,0.08504284042067427,-0.040304504407257996,0.2585202371676131,0.0,0.0,1.3761990960590444e-31,omni
6.033190645843897,-12.000003970747091,2.8334405547947377,0.0,0.0,0.44263751391800127,0.08684966983551501,-0.04116112792001027,0.2573504032968879,0.0,0.0,1.1344796708640651e-31,omni
6.035151598676544,-12.000003861937547,2.838564253791086,0.0,0.0,0.44263751391800127,0.08860063990189843,-0.04199126895252697,0.2561849498173643,0.0,0.0,9.347633749639932e-32,omni
6.0371500787593835,-12.000003756109688,2.8436647336378993,0.0,0.0,0.44263751391800127,0.09029610429887666,-0.042795095281987966,0.2550239923406549,0.0,0.0,7.698285426947105e-32,omni
6.039184867820596,-12.000003653181803,2.848742086172596,0.0,0.0,0.44263751391800127,0.09193652739634144,-0.04357282715017466,0.2538676267348239,0.0,0.0,6.336818678146376e-32,omni
6.041254760000443,-12.000003553074432,2.853796404810293,0.0,0.0,0.44263751391800127,0.09352246993947627,-0.04432473047790407,0.252715931884893,0.0,0.0,5.213517756667378e-32,omni
6.043358563698591,-12.000003455710281,2.8588277842519023,0.0,0.0,0.44263751391800127,0.0950545761396691,-0.045051110746131655,0.25156897208047035,0.0,0.0,4.2871614737005787e-32,omni
6.045495103164152,-12.000003361014183,2.8638363202334745,0.0,0.0,0.44263751391800127,0.09653356204916816,-0.0457523074855543,0.2504267990785953,0.0,0.0,3.523587571150004e-32,omni
6.047663219854295,-12.000003268913023,2.868822109311157,0.0,0.0,0.44263751391800127,0.09796020510578757,-0.04642868932082192,0.249289453884168,0.0,0.0,2.8944969630131796e-32,omni
6.049861773585052,-12.000003179335689,2.8737852486768602,0.0,0.0,0.44263751391800127,0.09933533474264962,-0.04708064951958118,0.24815696828518147,0.0,0.0,2.3764582556980377e-32,omni
6.052089643495686,-12.000003092213024,2.878725836000367,0.0,0.0,0.44263751391800127,0.10065982396622272,-0.04770860200049531,0.24702936617536742,0.0,0.0,1.9500794045052102e-32,omni
6.054352554435008,-12.000003007477762,2.883652501280297,0.0,0.0,0.44263751391800127,0.10224297048326418,-0.04845915602837866,0.24633326399648858,0.0,0.0,1.599318776277344e-32,omni
6.0566599848499845,-12.000002925064482,2.8885785407791307,0.0,0.0,0.44263751391800127,0.10425436652886971,-0.04941269954702728,0.24630197494166484,0.0,0.0,1.310912429965158e-32,omni
6.059017716678364,-12.000002844909556,2.8935126036467125,0.0,0.0,0.44263751391800127,0.10652699914014856,-0.050490067405928325,0.24670314337909122,0.0,0.0,1.0738982353736715e-32,omni
6.0614288071451075,-12.000002766951102,2.898459906086412,0.0,0.0,0.44263751391800127,0.1089377623365318,-0.05163290665204963,0.24736512198496177,0.0,0.0,8.79220642065698e-33,omni
6.063894337199299,-12.000002691128923,2.903423166466439,0.0,0.0,0.44263751391800127,0.111397365458204,-0.05279889301554373,0.24816301900136908,0.0,0.0,7.194025836179948e-33,omni
6.066413984362869,-12.000002617384485,2.908403321073804,0.0,0.0,0.44263751391800127,0.11384239986949683,-0.05395797047472591,0.24900773036825938,0.0,0.0,5.882732400785371e-33,omni
6.068986458007286,-12.000002545660852,2.91340006801631,0.0,0.0,0.44263751391800127,0.11622912328369844,-0.05508940498496874,0.24983734712534814,0.0,0.0,4.807422534664747e-33,omni
6.071609827246919,-12.000002475902644,2.9184122769949994,0.0,0.0,0.44263751391800127,0.11852860804819829,-0.05617948473382045,0.2506104489344584,0.0,0.0,3.9261255637061353e-33,omni
6.074281765366107,-12.000002408056002,2.9234382948313655,0.0,0.0,0.44263751391800127,0.1207229700330056,-0.05721973260927183,0.2513008918182668,0.0,0.0,3.20425281697081e-33,omni
6.076999729680269,-12.000002342068552,2.92847617036397,0.0,0.0,0.44263751391800127,0.12280245145945773,-0.058205523441322946,0.2518937766302317,0.0,0.0,2.6133131407576234e-33,omni
6.079761091725269,-12.00000227788934,2.9335238173225946,0.0,0.0,0.44263751391800127,0.12476317666925864,-0.05913502022171803,0.25238234793127123,0.0,0.0,2.129849553934346e-33,omni
6.082563229476234,-12.000002215468822,2.9385791297977057,0.0,0.0,0.44263751391800127,0.126605436566205,-0.060008360918031196,0.2527656237555771,0.0,0.0,1.7345593780696232e-33,omni
6.085403590756938,-12.000002154758793,2.9436400617489458,0.0,0.0,0.44263751391800127,0.12833238697105281,-0.06082704148531861,0.25304659756203274,0.0,0.0,1.411566521039728e-33,omni
6.088279734984903,-12.000002095712393,2.9487046794770944,0.0,0.0,0.44263751391800127,0.1299490698007706,-0.06159345189866447,0.2532308864074241,0.0,0.0,1.147819881423835e-33,omni
6.091189358800817,-12.000002038284027,2.9537711939890983,0.0,0.0,0.44263751391800127,0.13146168494266547,-0.062310531016754704,0.25332572560021366,0.0,0.0,9.325962468567212e-34,omni
6.094130319885869,-12.000001982429357,2.958837969350597,0.0,0.0,0.44263751391800127,0.13287750838229856,-0.06298172777402172,0.25333876807497996,0.0,0.0,7.57089728126122e-34,omni
6.0971008274395775,-12.00000192810526,2.963903358430697,0.0,0.0,0.44263751391800127,0.13421242213246304,-0.0636145704168668,0.25326945400498574,0.0,0.0,6.140728240578331e-34,omni
6.100099533224723,-12.000001875269799,2.9689656175094097,0.0,0.0,0.44263751391800127,0.13548642173150277,-0.06421853702818352,0.25311295393564665,0.0,0.0,4.9761675211806445e-34,omni
6.103125422903313,-12.000001823882176,2.974022996584651,0.0,0.0,0.44263751391800127,0.1367145931408738,-0.06480077851713706,0.2528689537620435,0.0,0.0,4.028607914862471e-34,omni
6.106177731448993,-12.000001773902714,2.979073801576426,0.0,0.0,0.44263751391800127,0.13790820054924668,-0.0653666342455568,0.2525402495887231,0.0,0.0,3.258221404234448e-34,omni
6.109255877462703,-12.00000172529283,2.9841164355058076,0.0,0.0,0.44263751391800127,0.13907554044491505,-0.06592003686395817,0.252131696469031,0.0,0.0,2.632392476608077e-34,omni
6.112359412334213,-12.000001678014993,2.9891494240869676,0.0,0.0,0.44263751391800127,0.14022261237128208,-0.06646383025412879,0.2516494290579627,0.0,0.0,2.124427880098568e-34,omni
6.115487981063806,-12.000001632032703,2.994171429895596,0.0,0.0,0.44263751391800127,0.14135364574677978,-0.06700001924530188,0.25110029043143517,0.0,0.0,1.7124945697377484e-34,omni
6.118641292240001,-12.000001587310454,2.9991812582872797,0.0,0.0,0.44263751391800127,0.1424715135460111,-0.06752996570179928,0.2504914195841788,0.0,0.0,1.3787459245261034e-34,omni
6.121819095202861,-12.00000154381372,3.0041778574726354,0.0,0.0,0.44263751391800127,0.1435780569544131,-0.06805454241153305,0.24982995926781934,0.0,0.0,1.1086032256321057e-34,omni
6.125021162840882,-12.000001501508915,3.0091603145634114,0.0,0.0,0.44263751391800127,0.1446743398991227,-0.06857425373536195,0.2491228545387679,0.0,0.0,8.901651120143125e-35,omni
6.128247278797767,-12.000001460363382,3.014127848946977,0.0,0.0,0.44263751391800127,0.14576084829450858,-0.06908933005083269,0.24837671917831292,0.0,0.0,7.137224730346403e-35,omni
6.131497228123676,-12.000001420345352,3.019079803995748,0.0,0.0,0.44263751391800127,0.1468376456666647,-0.06959980151925904,0.24759775243850812,0.0,0.0,5.713601650147473e-35,omni
6.134770790608668,-12.000001381423925,3.024015637849395,0.0,0.0,0.44263751391800127,0.14790449433910124,-0.07010555552857958,0.24679169268234843,0.0,0.0,4.5663018900996184e-35,omni
6.13806773619635,-12.000001343569057,3.0289349138030133,0.0,0.0,0.44263751391800127,0.14896094941843208,-0.07060638124323268,0.24596379768093668,0.0,0.0,3.6428365581688164e-35,omni
6.141387822002168,-12.000001306751518,3.033837290679106,0.0,0.0,0.44263751391800127,0.15000643129498056,-0.07110200396995973,0.2451188438046602,0.0,0.0,2.9005108739082317e-35,omni
6.144730790560859,-12.000001270942878,3.038722513444254,0.0,0.0,0.44263751391800127,0.15104028117650586,-0.07159211148119408,0.24426113825745646,0.0,0.0,2.3046244119440404e-35,omni
6.148096369006646,-12.000001236115498,3.0435904042437887,0.0,0.0,0.44263751391800127,0.1520618032319347,-0.07207637399150295,0.2433945399767317,0.0,0.0,1.8269976177656746e-35,omni
6.1514842689526095,-12.000001202242483,3.048440853962857,0.0,0.0,0.44263751391800127,0.15307029618031165,-0.07255445913099232,0.24252248595337908,0.0,0.0,1.4447661708675396e-35,omni
6.154894186885398,-12.000001169297686,3.053273814374709,0.0,0.0,0.44263751391800127,0.15406507657479102,-0.07302604298210552,0.2416480205925916,0.0,0.0,1.1393951129311695e-35,omni
6.158325804931033,-12.00000113725567,3.0580892909026343,0.0,0.0,0.44263751391800127,0.15504549556863098,-0.07349081802684679,0.24077382639624034,0.0,0.0,8.958731904159711e-36,omni
6.16177879187895,-12.000001106091691,3.062887335997594,0.0,0.0,0.44263751391800127,0.15601095058351155,-0.07394849867767192,0.2399022547479862,0.0,0.0,7.020548953693592e-36,omni
6.165252804376488,-12.000001075781693,3.0676680431167807,0.0,0.0,0.44263751391800127,0.15696089300956298,-0.07439882492738238,0.23903535595931993,0.0,0.0,5.481234854253441e-36,omni
6.168747488225838,-12.000001046302277,3.0724315412771155,0.0,0.0,0.44263751391800127,0.15789483283522493,-0.07484156454373822,0.2381749080167053,0.0,0.0,4.261530391305264e-36,omni
6.172262479731311,-12.000001017630677,3.0771779901506946,0.0,0.0,0.44263751391800127,0.15881234092091828,-0.0752765141472218,0.23732244367898803,0.0,0.0,3.297515341469082e-36,omni
6.175797407057354,-12.000000989744759,3.0819075756652428,0.0,0.0,0.44263751391800127,0.15971304948366916,-0.07570349944078,0.236479275727379,0.0,0.0,2.537701710076519e-36,omni
6.1793518915676255,-12.000000962622995,3.0866205060708616,0.0,0.0,0.44263751391800127,0.16059665124256095,-0.07612237480478956,0.23564652028093172,0.0,0.0,1.940668259173072e-36,omni
6.18292554912342,-12.000000936244437,3.0913170084342383,0.0,0.0,0.44263751391800127,0.16146289758113508,-0.07653302242604884,0.23482511816881504,0.0,0.0,1.4731370342491224e-36,omni
6.186517991325873,-12.000000910588728,3.095997325522335,0.0,0.0,0.44263751391800127,0.1623115960078288,-0.07693535109403371,0.2340158544047919,0.0,0.0,1.1084105697497365e-36,omni
6.1901288266913195,-12.000000885636059,3.1006617130392407,0.0,0.0,0.44263751391800127,0.1631426071354491,-0.07732929476917275,0.23321937584528338,0.0,0.0,8.251032117140907e-37,omni
6.193757661752974,-12.000000861367159,3.1053104371819398,0.0,0.0,0.44263751391800127,0.1639558413525444,-0.07771481100507921,0.2324362071349308,0.0,0.0,6.061121088071899e-37,omni
6.197404102085093,-12.000000837763299,3.1099437724830654,0.0,0.0,0.44263751391800127,0.1647512553209728,-0.07809187928839825,0.23166676505626208,0.0,0.0,4.377833592700117e-37,omni
6.201067753248063,-12.000000814806246,3.114561999911178,0.0,0.0,0.44263751391800127,0.16552884840309057,-0.07846049934529331,0.23091137140566714,0.0,0.0,3.0923694752028778e-37,omni
6.204748221654599,-12.000000792478279,3.1191654052015476,0.0,0.0,0.44263751391800127,0.16628865909728952,-0.07882068945188911,0.23017026451845812,0.0,0.0,2.1182077897029556e-37,omni
6.208445115358531,-12.00000077076216,3.1237542773928055,0.0,0.0,0.44263751391800127,0.16703076154089203,-0.07917248477664215,0.22944360956290136,0.0,0.0,1.3866958767064409e-37,omni
6.212158044768648,-12.000000749641128,3.1283289075471643,0.0,0.0,0.44263751391800127,0.16775526212370429,-0.07951593577516335,0.22873150771791922,0.0,0.0,8.434896488686087e-38,omni
6.215886623290713,-12.000000729098868,3.132889587634015,0.0,0.0,0.44263751391800127,0.16846229624305525,-0.0798511066521051,0.22803400434253812,0.0,0.0,4.456841566934683e-38,omni
6.2196304679012595,-12.000000709119522,3.137436609558769,0.0,0.0,0.44263751391800127,0.16915202522128675,-0.08017807390005073,0.22735109623773062,0.0,0.0,1.5950341332540482e-38,omni
6.223389199657051,-12.00000068968767,3.141970264320639,0.0,0.0,0.44263751391800127,0.1698246333989074,-0.08049692492166938,0.2266827380935244,0.0,0.0,-4.155711060917948e-39,omni
6.227162444144243,-12.000000670788307,3.146490841284768,0.0,0.0,0.44263751391800127,0.1704803254105703,-0.08080775673853008,0.2260288482064438,0.0,0.0,-1.7822196636869637e-38,omni
6.230949831871365,-12.000000652406836,3.150998627555662,0.0,0.0,0.44263751391800127,0.17111932364635446,-0.08111067478775026,0.22538931354473535,0.0,0.0,-2.6663155413972495e-38,omni
6.234750998610176,-12.00000063452907,3.1554939074402935,0.0,0.0,0.44263751391800127,0.17174186589725343,-0.08140579180595933,0.22476399423155297,0.0,0.0,-3.1929940692309567e-38,omni
6.238565585688422,-12.0000006171412,3.1599769619904823,0.0,0.0,0.44263751391800127,0.1723482031810864,-0.08169322679878332,0.22415272750942838,0.0,0.0,-3.458772348802091e-38,omni
6.242393240238313,-12.000000600229807,3.164448068615341,0.0,0.0,0.44263751391800127,0.1729385977430707,-0.08197310409311968,0.22355533124298388,0.0,0.0,-3.5376523775307503e-38,omni
6.246233615404483,-12.000000583781837,3.1689075007555605,0.0,0.0,0.44263751391800127,0.17351332122388502,-0.0822455524688033,0.22297160701097202,0.0,0.0,-3.4859803831475673e-38,omni
6.250086370514909,-12.000000567784586,3.1733555276122285,0.0,0.0,0.44263751391800127,0.17407265298709595,-0.08251070436581123,0.2224013428333579,0.0,0.0,-3.3463077487440303e-38,omni
6.25395117121815,-12.000000552225703,3.1777924139237133,0.0,0.0,0.44263751391800127,0.1746168785972198,-0.08276869516286917,0.22184431557427556,0.0,0.0,-3.1504516871191973e-38,omni
6.257827689590039,-12.000000537093175,3.182218419784858,0.0,0.0,0.44263751391800127,0.17514628843937044,-0.08301966252317028,0.22130029305727184,0.0,0.0,-2.921915509005861e-38,omni
6.261715604212759,-12.000000522375327,3.1866338005033636,0.0,0.0,0.44263751391800127,0.1756611764713414,-0.08326374580286837,0.2207690359252699,0.0,0.0,-2.677797270718648e-38,omni
6.2656146002290125,-12.000000508060783,3.191038806488846,0.0,0.0,0.44263751391800127,0.17616183909903288,-0.08350108551803691,0.22025029927410666,0.0,0.0,-2.4302904326829606e-38,omni
6.2695243693738565,-12.0000004941385,3.1954336831705525,0.0,0.0,0.44263751391800127,0.17664857416632393,-0.08373182286587538,0.21974383408529669,0.0,0.0,-2.1878598085370622e-38,omni
6.273445253105747,-12.00000048059773,3.1998192738641613,0.0,0.0,0.44263751391800127,0.1771507369853033,-0.08396987247534615,0.2192795346803964,0.0,0.0,-1.956159635160132e-38,omni
6.277377941813141,-12.000000467428013,3.2041967377485285,0.0,0.0,0.44263751391800127,0.17768409264497703,-0.08422270711927052,0.21887319421835447,0.0,0.0,-1.7387473131496078e-38,omni
6.281322767788199,-12.00000045461918,3.208566887033312,0.0,0.0,0.44263751391800127,0.1782324618992423,-0.0844826577437724,0.21850746423918324,0.0,0.0,-1.5376356568194155e-38,omni
6.285279802046274,-12.000000442161348,3.212930277761478,0.0,0.0,0.44263751391800127,0.17878403992809971,-0.08474412880146452,0.21816953640829234,0.0,0.0,-1.353717865603636e-38,omni
6.289248928695573,-12.000000430044896,3.21728727959119,0.0,0.0,0.44263751391800127,0.17933038202624213,-0.08500311746113876,0.2178500914856187,0.0,0.0,-1.187092488427184e-38,omni
6.293229901681512,-12.000000418260466,3.2216381290767124,0.0,0.0,0.44263751391800127,0.17986560726997552,-0.08525683614062793,0.21754247427613804,0.0,0.0,-1.0373100768178828e-38,omni
6.297222387741945,-12.000000406798964,3.225982970041697,0.0,0.0,0.44263751391800127,0.18038577550646676,-0.08550341719559723,0.217242048249218,0.0,0.0,-9.035587493982085e-39,omni
6.301225998616763,-12.000000395651536,3.230321883895469,0.0,0.0,0.44263751391800127,0.18088840185375168,-0.08574168278934624,0.21694569268856503,0.0,0.0,-7.848023073140474e-39,omni
6.3052403149208,-12.000000384809578,3.234654912148221,0.0,0.0,0.44263751391800127,0.18137208003706265,-0.08597096635174589,0.2166514126376458,0.0,0.0,-6.798816746998314e-39,omni
6.30926490358153,-12.000000374264719,3.238982072905669,0.0,0.0,0.44263751391800127,0.1818361916397137,-0.08619097476224434,0.21635803787239566,0.0,0.0,-5.875881507162157e-39,omni
6.313299330338358,-12.000000364008823,3.243303372744398,0.0,0.0,0.44263751391800127,0.1822806829778732,-0.0864016825870425,0.21606499193645193,0.0,0.0,-5.067151369094388e-39,omni
6.317343168477725,-12.000000354033968,3.2476188150671152,0.0,0.0,0.44263751391800127,0.18270589503187773,-0.08660325146542114,0.21577211613590347,0.0,0.0,-4.360935541457783e-39,omni
6.321396004722166,-12.000000344332452,3.2519284057969333,0.0,0.0,0.44263751391800127,0.18311243485610695,-0.08679596915717994,0.2154795364909334,0.0,0.0,-3.7461501325922484e-39,omni
6.325457442988062,-12.000000334896786,3.256232157079477,0.0,0.0,0.44263751391800127,0.18350107928600182,-0.08698020389913619,0.21518756412719614,0.0,0.0,-3.2124589316868704e-39,omni
6.3295271065662515,-12.000000325719679,3.260530089511059,0.0,0.0,0.44263751391800127,0.18387270367911293,-0.08715637062791923,0.21489662157913608,0.0,0.0,-2.750347614928434e-39,omni
6.333604639152684,-12.000000316794054,3.264822233292401,0.0,0.0,0.44263751391800127,0.18422822995998014,-0.08732490635290821,0.21460718906706633,0.0,0.0,-2.3511500690774623e-39,omni
6.337689705056659,-12.000000308113012,3.269108628613955,0.0,0.0,0.44263751391800127,0.18456858946138477,-0.0874862525427484,0.21431976607771044,0.0,0.0,-2.0070410853128646e-39,omni
6.341781988835889,-12.000000299669853,3.2733893255056987,0.0,0.0,0.44263751391800127,0.184894697027952,-0.08764084285029555,0.21403484458721353,0.0,0.0,-1.7110062048978725e-39,omni
6.345881194546566,-12.000000291458061,3.2776643833270462,0.0,0.0,0.44263751391800127,0.18520743362141429,-0.08778909486740372,0.21375289106738832,0.0,0.0,-1.4567967948947831e-39,omni
6.349987044749051,-12.000000283471298,3.281933870028075,0.0,0.0,0.44263751391800127,0.18550763527980899,-0.08793140489151977,0.21347433505139476,0.0,0.0,-1.2388763364063102e-39,omni
6.3540992793730435,-12.000000275703396,3.286197861278822,0.0,0.0,0.44263751391800127,0.1857960867675205,-0.08806814491576888,0.21319956253739766,0.0,0.0,-1.0523622914705177e-39,omni
6.358217654517643,-12.000000268148352,3.290456439536918,0.0,0.0,0.44263751391800127,0.1860735186352067,-0.08819966123534753,0.21292891290479043,0.0,0.0,-8.92966675534089e-40,omni
6.362341941240148,-12.000000260800338,3.2947096931034956,0.0,0.0,0.44263751391800127,0.18634060670904537,-0.08832627420543018,0.212662678328857,0.0,0.0,-7.569375189648234e-40,omni
6.366471924370783,-12.000000253653678,3.2989577152019667,0.0,0.0,0.44263751391800127,0.18659797326408847,-0.08844827879735416,0.21240110492358466,0.0,0.0,-6.410026886569159e-40,omni
6.370607401378278,-12.000000246702857,3.303200603102619,0.0,0.0,0.44263751391800127,0.18684618932021743,-0.08856594568692441,0.21214439503263155,0.0,0.0,-5.423170081578803e-40,omni
6.374748181301813,-12.000000239942512,3.307438457307345,0.0,0.0,0.44263751391800127,0.18708577764197784,-0.08867952267636159,0.21189271023631848,0.0,0.0,-4.584132213596711e-40,omni
6.3788940837581425,-12.00000023336742,3.3116713808024834,0.0,0.0,0.44263751391800127,0.18731721613402413,-0.08878923630377186,0.21164617475686576,0.0,0.0,-3.8715705867612534e-40,omni
6.383043693188819,-12.0000002269725,3.315900017687346,0.0,0.0,0.44263751391800127,0.18748469802788417,-0.0888686337994817,0.21143184424312222,0.0,0.0,-3.267064606370651e-40,omni
6.387193578811308,-12.00000022075282,3.3201258901507913,0.0,0.0,0.44263751391800127,0.18749717296759258,-0.08887455669988534,0.21129362317228606,0.0,0.0,-2.7547487226902545e-40,omni
6.391338931119597,-12.00000021470358,3.3243511216867674,0.0,0.0,0.44263751391800127,0.18729234849346693,-0.08877747797432523,0.21126157679878005,0.0,0.0,-2.3209842712654318e-40,omni
6.395474137633508,-12.0000002088201,3.3285781861918746,0.0,0.0,0.44263751391800127,0.18683394522225166,-0.08856020096232081,0.2113532252553518,0.0,0.0,-1.9540678043223095e-40,omni
6.399593204271289,-12.000000203097844,3.3328097232581797,0.0,0.0,0.44263751391800127,0.18610472191339159,-0.08821455320882723,0.2115768533152871,0.0,0.0,-1.643973172296785e-40,omni
6.403690058869353,-12.000000197532398,3.337048403842875,0.0,0.0,0.44263751391800127,0.1851011507288309,-0.08773886250214619,0.2119340292347628,0.0,0.0,-1.3821244663388038e-40,omni
6.407758765133268,-12.000000192119462,3.341296834211498,0.0,0.0,0.44263751391800127,0.18382937040470496,-0.08713603865053121,0.2124215184311098,0.0,0.0,-1.1611969173786943e-40,omni
6.411793668886434,-12.000000186854852,3.345557488892629,0.0,0.0,0.44263751391800127,0.18230212737649273,-0.08641212355527113,0.21303273405655912,0.0,0.0,-9.749429237173322e-41,omni
6.415789493487926,-12.00000018173451,3.3498326655552173,0.0,0.0,0.44263751391800127,0.18053647917724083,-0.08557520260625419,0.2137588331294185,0.0,0.0,-8.180405160458557e-41,omni
6.419741397406407,-12.00000017675448,3.3541244563824684,0.0,0.0,0.44263751391800127,0.17855208460133118,-0.08463459420828331,0.21458954136251382,0.0,0.0,-6.859617431942188e-41,omni
6.423645003918972,-12.000000171910916,3.358434731788998,0.0,0.0,0.44263751391800127,0.17636994427518943,-0.08360025280326153,0.2155137703264629,0.0,0.0,-5.748586567737739e-41,omni
6.427496410561668,-12.000000167200074,3.3627651333026503,0.0,0.0,0.44263751391800127,0.17401148581084372,-0.082482335226929,0.21652007568264067,0.0,0.0,-4.814647759604547e-41,omni
6.431292184142956,-12.000000162618324,3.367117073179273,0.0,0.0,0.44263751391800127,0.17149791152246238,-0.0812908915221896,0.21759699383112088,0.0,0.0,-4.0301011630938156e-41,omni
6.435029345726603,-12.000000158162127,3.3714917388915104,0.0,0.0,0.44263751391800127,0.1688497452330608,-0.08003565012249513,0.2187332856118794,0.0,0.0,-3.3714806277705993e-41,omni
6.4387053489053105,-12.000000153828044,3.3758901010722795,0.0,0.0,0.44263751391800127,0.1660865291401838,-0.07872587416417676,0.2199181090384956,0.0,0.0,-2.818925531822064e-41,omni
6.442318053849773,-12.000000149612728,3.3803129238312373,0.0,0.0,0.44263751391800127,0.1632266329458478,-0.07737027101277859,0.22114113794785165,0.0,0.0,-2.3556421181094835e-41,omni
6.445865698974783,-12.000000145512924,3.3847607766221763,0.0,0.0,0.44263751391800127,0.16028714619106194,-0.07597694122891205,0.2223926395469563,0.0,0.0,-1.967442325312551e-41,omni
6.4493468715708975,-12.000000141525465,3.3892340470391105,0.0,0.0,0.44263751391800127,0.15728383151877973,-0.07455335641458966,0.22366352084674498,0.0,0.0,-1.6423495619062898e-41,omni
6.452760478373628,-12.000000137647273,3.3937329540726555,0.0,0.0,0.44263751391800127,0.15423112185086973,-0.07310635787509423,0.22494535167723353,0.0,0.0,-1.3702621835849372e-41,omni
6.45610571675571,-12.000000133875357,3.398257561476946,0.0,0.0,0.44263751391800127,0.1511421485403284,-0.07164216996331799,0.22623037021455913,0.0,0.0,-1.1426666115051319e-41,omni
6.459382047011454,-12.000000130206796,3.402807790988808,0.0,0.0,0.44263751391800127,0.1480287907116809,-0.07016642346744252,0.2275114755930639,0.0,0.0,-9.5239307693159e-42,omni
6.462589166039299,-12.00000012663877,3.4073834352113934,0.0,0.0,0.44263751391800127,0.14490173843505477,-0.06868418555587127,0.2287822111292425,0.0,0.0,-7.93407906567343e-42,omni
6.465726982607501,-12.000000123168515,3.4119841700289193,0.0,0.0,0.44263751391800127,0.14177056425257778,-0.06719999368121904,0.23003674087633447,0.0,0.0,-6.606370818081426e-42,omni
6.468795594298273,-12.000000119793352,3.4166095664609806,0.0,0.0,0.44263751391800127,0.13864379901424967,-0.06571789152702023,0.2312698216031076,0.0,0.0,-5.4981652435974363e-42,omni
6.471795266160685,-12.00000011651068,3.4212591018970926,0.0,0.0,0.44263751391800127,0.13552900908153862,-0.06424146560274774,0.23247677180561954,0.0,0.0,-4.573651899275304e-42,omni
6.47472641105608,-12.000000113317963,3.4259321706767754,0.0,0.0,0.44263751391800127,0.13243287279649518,-0.06277388149068239,0.23365343898413915,0.0,0.0,-3.802776004616422e-42,omni
6.477589571647277,-12.000000110212735,3.4306280939992604,0.0,0.0,0.44263751391800127,0.12936125475125448,-0.06131791905015132,0.2347961661242547,0.0,0.0,-3.160329225931864e-42,omni
6.480385403961117,-12.000000107192601,3.435346129161113,0.0,0.0,0.44263751391800127,0.12631927687342626,-0.05987600611247631,0.2359017580925964,0.0,0.0,-2.6251811365767627e-42,omni
6.483114662440068,-12.000000104255225,3.440085478130694,0.0,0.0,0.44263751391800127,0.1233113857028678,-0.05845025037061228,0.2369674484790715,0.0,0.0,-2.1796301461044532e-42,omni
6.4857781863906485,-12.000000101398339,3.4448452954762523,0.0,0.0,0.44263751391800127,0.12034141550253367,-0.05704246929411053,0.23799086727793364,0.0,0.0,-1.8088557803709728e-42,omni
6.488376887732921,-12.00000009861974,3.449624695670069,0.0,0.0,0.44263751391800127,0.11741264704212682,-0.05565421799296124,0.2389700096908313,0.0,0.0,-1.5004568550812867e-42,omni
6.4909117399548375,-12.000000095917283,3.4544227597950616,0.0,0.0,0.44263751391800127,0.11452786203491526,-0.05428681502100746,0.23990320624960051,0.0,0.0,-1.2440623722581605e-42,omni
6.493383768177017,-12.000000093288879,3.4592385416828595,0.0,0.0,0.44263751391800127,0.11168939330832554,-0.05294136615714101,0.24078909438988344,0.0,0.0,-1.0310039315592593e-42,omni
6.49579404023684,-12.000000090732502,3.464071073513953,0.0,0.0,0.44263751391800127,0.10889917085783339,-0.05161878623515388,0.24162659155469904,0.0,0.0,-8.540401295302612e-43,omni
6.498143658705038,-12.000000088246178,3.468919370911289,0.0,0.0,0.44263751391800127,0.10615876397900592,-0.050319819114607554,0.24241486986678204,0.0,0.0,-7.0712485784561646e-43,omni
6.500433753752949,-12.000000085827988,3.473782437558837,0.0,0.0,0.44263751391800127,0.1034694197002901,-0.049045055898231465,0.24315333237742234,0.0,0.0,-5.852126397475348e-43,omni
6.50266547679375,-12.000000083476063,3.4786592693763527,0.0,0.0,0.44263751391800127,0.10083209775388136,-0.04779495150834842,0.24384159087578386,0.0,0.0,-4.840951914256093e-43,omni
6.504839994826481,-12.000000081188585,3.483548858280848,0.0,0.0,0.44263751391800127,0.09824750232726508,-0.046569839737317646,0.24447944522476348,0.0,0.0,-4.002642873979748e-43,omni
6.50695848541689,-12.00000007896379,3.488450195564372,0.0,0.0,0.44263751391800127,0.09571611083648561,-0.045369946886256965,0.24506686417617995,0.0,0.0,-3.3079676813222094e-43,omni
6.509022132254396,-12.00000007679996,3.4933622749165423,0.0,0.0,0.44263751391800127,0.09323819995590238,-0.04419540410332168,0.2456039676085151,0.0,0.0,-2.7325817330068692e-43,omni
6.511032121229446,-12.000000074695425,3.4982840951190184,0.0,0.0,0.44263751391800127,0.0908138691296801,-0.043046258528308526,0.24609101012381376,0.0,0.0,-2.2562203172404717e-43,omni
6.512989636980246,-12.000000072648564,3.50321466243774,0.0,0.0,0.44263751391800127,0.08844306177868447,-0.041922483344866535,0.24652836593607383,0.0,0.0,-1.8620230346808094e-43,omni
6.514895859862284,-12.000000070657794,3.5081529927373616,0.0,0.0,0.44263751391800127,0.0861255844036747,-0.040823986835538714,0.2469165149810428,0.0,0.0,-1.535968629836181e-43,omni
6.516751963298274,-12.000000068721572,3.51309811334089,0.0,0.0,0.44263751391800127,0.08386112377233138,-0.03975062052852882,0.2472560301763801,0.0,0.0,-1.2664024515211486e-43,omni
6.518559111469946,-12.000000066838407,3.5180490646561164,0.0,0.0,0.44263751391800127,0.08164926236418912,-0.03870218651870351,0.247547565761334,0.0,0.0,-1.0436415765143854e-43,omni
6.520318457316657,-12.000000065006848,3.52300490158904,0.0,0.0,0.44263751391800127,0.07948949223428288,-0.037678444039054404,0.24779184664615206,0.0,0.0,-8.596450092094664e-44,omni
6.5220311408091565,-12.000000063225482,3.5279646947631047,0.0,0.0,0.44263751391800127,0.07738122744349007,-0.036679115352764274,0.24798965870319029,0.0,0.0,-7.077383779196592e-44,omni
6.523698287469733,-12.00000006149293,3.532927531561784,0.0,0.0,0.44263751391800127,0.07532381519130528,-0.035703891030217455,0.24814183993393224,0.0,0.0,-5.823842420181827e-44,omni
6.525321007112785,-12.00000005980785,3.537892517010759,0.0,0.0,0.44263751391800127,0.0733165457752138,-0.03475243466981047,0.24824927244874095,0.0,0.0,-4.789905513670162e-44,omni
6.526900392782396,-12.000000058168947,3.5428587745147393,0.0,0.0,0.44263751391800127,0.07135866148998506,-0.03382438711627764,0.2483128751990284,0.0,0.0,-3.9375100146350733e-44,omni
6.528437519865657,-12.000000056574958,3.5478254464628307,0.0,0.0,0.44263751391800127,0.06944936457010635,-0.032919370225459016,0.24833359740454916,0.0,0.0,-3.235120392409317e-44,omni
6.529936939181658,-12.000000055024646,3.552805708592688,0.0,0.0,0.44263751391800127,0.06774567939368477,-0.0321118145936905,0.24901310649281327,0.0,0.0,-2.656621250791632e-44,omni
6.53140624005694,-12.000000053516818,3.5578198984542375,0.0,0.0,0.44263751391800127,0.06638488953907623,-0.03146679354752775,0.2507094930775223,0.0,0.0,-2.180395714157392e-44,omni
6.532852852943725,-12.000000052050307,3.562879936506226,0.0,0.0,0.44263751391800127,0.06535981686457645,-0.030980904602112558,0.253001902599464,0.0,0.0,-1.7885587867266608e-44,omni
6.5342839079147215,-12.000000050623985,3.567991608526194,0.0,0.0,0.44263751391800127,0.0646568898462341,-0.03064771476704021,0.2555836009983573,0.0,0.0,-1.4663199304787949e-44,omni
6.535706149237063,-12.00000004923675,3.5731563113061,0.0,0.0,0.44263751391800127,0.06425867730351947,-0.03045896154909608,0.25823513899525924,0.0,0.0,-1.2014533330570674e-44,omni
6.537125887888118,-12.000000047887529,3.578372379488897,0.0,0.0,0.44263751391800127,0.06414560266032221,-0.03040536552331495,0.2608034091398325,0.0,0.0,-9.838578792270982e-45,omni
6.538548979395605,-12.000000046575277,3.5836360864994674,0.0,0.0,0.44263751391800127,0.06429708812918494,-0.030477172683881212,0.2631853505285151,0.0,0.0,-8.05191806856232e-45,omni
6.539980818308708,-12.000000045298986,3.5889423927605435,0.0,0.0,0.44263751391800127,0.06469230612132298,-0.030664510617452442,0.2653153130538055,0.0,0.0,-6.585695127920534e-45,omni
6.541426343375187,-12.000000044057668,3.5942854987159034,0.0,0.0,0.44263751391800127,0.06531066295533894,-0.03095761778429257,0.26715529776801217,0.0,0.0,-5.3831005286095095e-45,omni
6.542890049434943,-12.000000042850363,3.5996592477748557,0.0,0.0,0.44263751391800127,0.06613210231696015,-0.03134698736019691,0.26868745294759344,0.0,0.0,-4.397286187136654e-45,omni
6.544376003380455,-12.000000041676142,3.605057414477587,0.0,0.0,0.44263751391800127,0.06713728900386731,-0.031823454332758044,0.2699083351365989,0.0,0.0,-3.589637273325037e-45,omni
6.5458878624510906,-12.0000000405341,3.610473905428723,0.0,0.0,0.44263751391800127,0.06830771437397715,-0.0323782454845509,0.2708245475568469,0.0,0.0,-2.9283407288692297e-45,omni
6.547428893747226,-12.000000039423352,3.615902894432276,0.0,0.0,0.44263751391800127,0.06962575145758665,-0.033003005516654874,0.2714494501776802,0.0,0.0,-2.3872000412338015e-45,omni
6.549001994261301,-12.000000038343043,3.6213389084470666,0.0,0.0,0.44263751391800127,0.07107467831334144,-0.03368980811953838,0.2718007007395392,0.0,0.0,-1.9446543623517706e-45,omni
6.55060971099117,-12.000000037292335,3.626776877198253,0.0,0.0,0.44263751391800127,0.07263868174579607,-0.03443115773520815,0.2718984375593192,0.0,0.0,-1.5829671157722677e-45,omni
6.552254260872081,-12.000000036270418,3.6322121563133773,0.0,0.0,0.44263751391800127,0.07430284911207147,-0.03521998567351163,0.27176395575618717,0.0,0.0,-1.2875551165817957e-45,omni
6.553937550369833,-12.00000003527651,3.637640531529689,0.0,0.0,0.44263751391800127,0.07605315301229049,-0.03604964285530311,0.2714187608156001,0.0,0.0,-1.0464341283512552e-45,omni
6.555661194641219,-12.000000034309839,3.6430582097077995,0.0,0.0,0.44263751391800127,0.07787643173967941,-0.03691389054566345,0.2708839089054994,0.0,0.0,-8.497608620862249e-46,omni
6.557426536204529,-12.000000033369655,3.648461800977138,0.0,0.0,0.44263751391800127,0.07976036714377024,-0.03780688986091222,0.27017956346697625,0.0,0.0,-6.894548189786626e-46,omni
6.559234663082767,-12.000000032455237,3.6538482952458207,0.0,0.0,0.44263751391800127,0.081693460808279,-0.038723190476765285,0.26932471343412584,0.0,0.0,-5.588862049237236e-46,omni
6.561086426392565,-12.000000031565872,3.6592150354634274,0.0,0.0,0.44263751391800127,0.08366500900509988,-0.03965771875636333,0.2683370108803055,0.0,0.0,-4.526184950162216e-46,omni
6.562982457356545,-12.000000030700878,3.664559689376347,0.0,0.0,0.44263751391800127,0.08566507664692277,-0.040605765403640935,0.26723269564599017,0.0,0.0,-3.6619617978968096e-46,omni
6.564923183719456,-12.000000029859589,3.6698802210191097,0.0,0.0,0.44263751391800127,0.08768447034743196,-0.04156297269368339,0.266026582138119,0.0,0.0,-2.9596984800008526e-46,omni
6.566908845549817,-12.000000029041356,3.6751748628080794,0.0,0.0,0.44263751391800127,0.08971471065876466,-0.042525321313099065,0.2647320894484435,0.0,0.0,-2.38952108570399e-46,omni
6.568939510410457,-12.000000028245541,3.6804420888195466,0.0,0.0,0.44263751391800127,0.09174800355720165,-0.043489116844048756,0.26336130057335294,0.0,0.0,-1.9269897304932224e-46,omni
6.571015087883341,-12.000000027471533,3.6856805896217715,0.0,0.0,0.44263751391800127,0.093777211268364,-0.04445097593519656,0.2619250401112415,0.0,0.0,-1.5521224810124095e-46,omni
6.573135343436624,-12.000000026718734,3.6908892488735443,0.0,0.0,0.44263751391800127,0.09579582254927267,-0.045407812215210355,0.2604329625886821,0.0,0.0,-1.248592572411249e-46,omni
6.575299911625082,-12.00000002598657,3.6960671217875465,0.0,0.0,0.44263751391800127,0.09779792256888348,-0.046356822015936744,0.25889364570007545,0.0,0.0,-1.0030684901866165e-46,omni
6.5775083086185635,-12.000000025274463,3.701213415475081,0.0,0.0,0.44263751391800127,0.09977816254723487,-0.04729546998115684,0.25731468437671406,0.0,0.0,-8.046717743321612e-47,omni
6.579759944056908,-12.000000024581876,3.7063274711318943,0.0,0.0,0.44263751391800127,0.10173172932460298,-0.048221474642164884,0.2557027828406545,0.0,0.0,-6.445317808750587e-47,omni
6.582054132233678,-12.000000023908267,3.711408747986562,0.0,0.0,0.44263751391800127,0.10365431503594641,-0.049132794043255205,0.2540638427334265,0.0,0.0,-5.154202591146679e-47,omni
6.584390102614821,-12.000000023253111,3.7164568089087204,0.0,0.0,0.44263751391800127,0.10554208706316469,-0.050027611498894495,0.25240304610792097,0.0,0.0,-4.114516005916872e-47,omni
6.586767009702088,-12.000000022615911,3.7214713075604724,0.0,0.0,0.44263751391800127,0.10739165842940636,-0.05090432156042851,0.25072493258761885,0.0,0.0,-3.278370948530833e-47,omni
6.5891839422543175,-12.000000021996168,3.7264519769679296,0.0,0.0,0.44263751391800127,0.10920005878710982,-0.05176151626422216,0.24903347037286203,0.0,0.0,-2.606835762308677e-47,omni
6.591639931882755,-12.000000021393415,3.731398619388772,0.0,0.0,0.44263751391800127,0.11096470613587799,-0.05259797172574544,0.2473321210421486,0.0,0.0,-2.0682853887858708e-47,omni
6.594133961039171,-12.000000020807175,3.7363110973544362,0.0,0.0,0.44263751391800127,0.11268337938880123,-0.05341263513582955,0.24562389828323022,0.0,0.0,-1.6370519544618804e-47,omni
6.596664970417793,-12.000000020237,3.741189325770719,0.0,0.0,0.44263751391800127,0.11435419188741747,-0.054204612206583055,0.24391142081414158,0.0,0.0,-1.292321088420645e-47,omni
6.599231865793845,-12.00000001968245,3.7460332649673944,0.0,0.0,0.44263751391800127,0.11597556594692245,-0.05497315510565378,0.2421969598337464,0.0,0.0,-1.0172297868591845e-47,omni
6.60183352432289,-12.000000019143098,3.7508429145951325,0.0,0.0,0.44263751391800127,0.11754620849513805,-0.055717650908939195,0.24048248138693654,0.0,0.0,-7.981294924910891e-48,omni
6.604468800326243,-12.000000018618525,3.7556183082761425,0.0,0.0,0.44263751391800127,0.11906508785157328,-0.05643761059370803,0.23876968405049917,0.0,0.0,-6.239845287585289e-48,omni
6.607136530588322,-12.000000018108327,3.7603595089231217,0.0,0.0,0.44263751391800127,0.12053141167699612,-0.05713265858655195,0.23706003234892184,0.0,0.0,-4.858813607244858e-48,omni
6.60983553919222,-12.000000017612106,3.76506660464913,0.0,0.0,0.44263751391800127,0.12194460610948471,-0.05780252287373618,0.23535478630039255,0.0,0.0,-3.766285450842735e-48,omni
6.6125646419198265,-12.000000017129484,3.769739705198651,0.0,0.0,0.44263751391800127,0.12330429609005525,-0.05844702567541749,0.23365502747601496,0.0,0.0,-2.904308453386322e-48,omni
6.6153226502426445,-12.000000016660085,3.774378938837307,0.0,0.0,0.44263751391800127,0.12461028686971165,-0.05906607467986387,0.23196168193280892,0.0,0.0,-2.2262396080747164e-48,omni
6.618108374929053,-12.000000016203554,3.778984449644419,0.0,0.0,0.44263751391800127,0.12586254668010793,-0.059659654829234125,0.23027554035563624,0.0,0.0,-1.6945876227940524e-48,omni
6.62092062929319,-12.000000015759529,3.7835563951587474,0.0,0.0,0.44263751391800127,0.12706119054189616,-0.060227820644628116,0.22859727571640123,0.0,0.0,-1.2792593561685023e-48,omni
6.623758232109944,-12.000000015327675,3.788094944333386,0.0,0.0,0.44263751391800127,0.12820646517815998,-0.06077068907495473,0.2269274587318795,0.0,0.0,-9.561358433405994e-49,omni
6.62662001021963,-12.000000014907652,3.792600275760888,0.0,0.0,0.44263751391800127,0.1292987349949929,-0.061288432851633726,0.2252665713751375,0.0,0.0,-7.059169641760566e-49,omni
6.629504800845082,-12.00000001449914,3.797072576134294,0.0,0.0,0.44263751391800127,0.13033846908714972,-0.06178127432918892,0.22361501867025582,0.0,0.0,-5.131849177282326e-49,omni
6.6324114536428045,-12.000000014101825,3.8015120389138204,0.0,0.0,0.44263751391800127,0.13132622922365064,-0.06224947979034541,0.22197313897630236,0.0,0.0,-3.656457780295958e-49,omni
6.6353388325088805,-12.000000013715397,3.8059188631727086,0.0,0.0,0.44263751391800127,0.13226265876612303,-0.06269335419325059,0.220341212944416,0.0,0.0,-2.5351587334721594e-49,omni
6.638285817159163,-12.000000013339555,3.810293252598939,0.0,0.0,0.44263751391800127,0.13314847247140205,-0.06311323633783968,0.21871947131154187,0.0,0.0,-1.690258471124898e-49,omni
6.641262450437901,-12.000000012974017,3.8146450601611086,0.0,0.0,0.44263751391800127,0.13448803448800906,-0.06374819816886897,0.21759037810847406,0.0,0.0,-1.0602026528942767e-49,omni
6.644284960167861,-12.00000001261849,3.818989478321827,0.0,0.0,0.44263751391800127,0.13656078990620313,-0.06473069850894156,0.21722090803586777,0.0,0.0,-5.963473078483546e-50,omni
6.647363630529254,-12.00000001227271,3.823336541590878,0.0,0.0,0.44263751391800127,0.13909819749689534,-0.06593344703867916,0.21735316345259859,0.0,0.0,-2.6035814217669088e-50,omni
6.650504347551218,-12.000000011936404,3.8276924626796536,0.0,0.0,0.44263751391800127,0.14190154327571802,-0.06726225201480958,0.21779605443877467,0.0,0.0,-2.2118464991413692e-51,omni
6.653709791002479,-12.000000011609313,3.8320606628559872,0.0,0.0,0.44263751391800127,0.1448259643737147,-0.06864844747914317,0.21841000881666406,0.0,0.0,1.4195147169321118e-50,omni
6.656980348105263,-12.000000011291188,3.836442561748566,0.0,0.0,0.44263751391800127,0.14776788066327845,-0.07004293576608993,0.21909494462889087,0.0,0.0,2.5024269226156835e-50,omni
6.660314809123006,-12.000000010981775,3.8408381785481414,0.0,0.0,0.44263751391800127,0.15065513954201637,-0.07141151606498936,0.21978083997880296,0.0,0.0,3.1703738395078366e-50,omni
6.663710892532167,-12.000000010680846,3.8452465858757403,0.0,0.0,0.44263751391800127,0.15343931632935554,-0.07273123475714552,0.2204203663799876,0.0,0.0,3.53372445200288e-50,omni
6.667165637597874,-12.00000001038816,3.8496662490306086,0.0,0.0,0.44263751391800127,0.15608972340508903,-0.07398754570785052,0.22098315774339516,0.0,0.0,3.677288275998344e-50,omni
6.670675694258369,-12.000000010103495,3.854095276482946,0.0,0.0,0.44263751391800127,0.15858877049180575,-0.07517211100955057,0.22145137261689582,0.0,0.0,3.665807783424482e-50,omni
6.6742375339003726,-12.000000009826632,3.8585316020062415,0.0,0.0,0.44263751391800127,0.16092839040728008,-0.07628110676482436,0.22181627616478777,0.0,0.0,3.5483256608436776e-50,omni
6.6778475995655615,-12.000000009557358,3.8629731144820987,0.0,0.0,0.44263751391800127,0.16310730248710803,-0.07731392593060221,0.22207562379282647,0.0,0.0,3.361649735706278e-50,omni
6.681502410115856,-12.000000009295459,3.8674177479392355,0.0,0.0,0.44263751391800127,0.1651289323848281,-0.07827219228965662,0.2222316728568358,0.0,0.0,3.1330953915569177e-50,omni
6.685198629698567,-12.000000009040736,3.871863541631786,0.0,0.0,0.44263751391800127,0.16699984427637382,-0.07915901730513727,0.22228968462750043,0.0,0.0,2.882650414697319e-50,omni
6.68893311132774,-12.000000008792998,3.876308677778095,0.0,0.0,0.44263751391800127,0.16872857139787645,-0.07997844578775029,0.2222568073154818,0.0,0.0,2.6246789576698704e-50,omni
6.692702921402757,-12.000000008552046,3.880751502855384,0.0,0.0,0.44263751391800127,0.17032475476632714,-0.08073504764365241,0.22214125386449374,0.0,0.0,2.369258434460414e-50,omni
6.6965053504126875,-12.000000008317695,3.8851905369855793,0.0,0.0,0.44263751391800127,0.17179851903505633,-0.08143362202581772,0.22195170650976886,0.0,0.0,2.1232246704006816e-50,omni
6.7003379138394354,-12.000000008089767,3.8896244748791347,0.0,0.0,0.44263751391800127,0.1731600296625877,-0.08207898742914388,0.22169689467772727,0.0,0.0,1.8909856939871309e-50,omni
6.704198346305295,-12.000000007868085,3.8940521809671242,0.0,0.0,0.44263751391800127,0.1744191876863172,-0.0826758370111565,0.2213853043994695,0.0,0.0,1.6751525078148609e-50,omni
6.708084591255913,-12.000000007652478,3.898472680699438,0.0,0.0,0.44263751391800127,0.175585428007503,-0.08322864297775942,0.22102498661571496,0.0,0.0,1.4770254654356367e-50,omni
6.711994787883652,-12.000000007442775,3.9028851494802392,0.0,0.0,0.44263751391800127,0.17666759470832494,-0.08374159748269598,0.22062343904001874,0.0,0.0,1.2969670656512014e-50,omni
6.715927256543344,-12.000000007238821,3.907288900320326,0.0,0.0,0.44263751391800127,0.17767387293606518,-0.08421858034020002,0.2201875420043164,0.0,0.0,1.1346856939760863e-50,omni
6.719880483564305,-12.000000007040459,3.9116833709852283,0.0,0.0,0.44263751391800127,0.1786117616265069,-0.08466314609570659,0.2197235332451197,0.0,0.0,9.8944979889424e-51,omni
6.723853106096778,-12.000000006847532,3.916068111188199,0.0,0.0,0.44263751391800127,0.17948807505799844,-0.08507852476248877,0.21923701014855693,0.0,0.0,8.602479494706636e-51,omni
6.727843897429482,-12.000000006659892,3.9204427702033495,0.0,0.0,0.44263751391800127,0.18030896413773995,-0.08546763191149861,0.218732950757534,0.0,0.0,7.459069872618598e-51,omni
6.731851753063863,-12.00000000647739,3.9248070851436427,0.0,0.0,0.44263751391800127,0.1810799505898969,-0.08583308487675935,0.21821574701466687,0.0,0.0,6.451779023637117e-51,omni
6.735875677718353,-12.000000006299889,3.9291608700516125,0.0,0.0,0.44263751391800127,0.18180596897498663,-0.08617722267283295,0.21768924539848158,0.0,0.0,5.567970037513968e-51,omni
6.73991477335383,-12.000000006127255,3.933504005879815,0.0,0.0,0.44263751391800127,0.1824914128286386,-0.08650212786489812,0.21715679141016112,0.0,0.0,4.7952831498104325e-51,omni
6.743968345168961,-12.000000600525592,3.9378358732136114,0.0,0.0,0.44263751391800127,0.18313273133113966,-0.08683901628588236,0.2165933666898639,0.0,0.0,4.121918247355246e-51,omni
6.7480360140683455,-12.000003600801566,3.9421547599819906,0.0,0.0,0.44263751391800127,0.18371813049722255,-0.0872496230265464,0.21594433841899865,0.0,0.0,3.5368119051653113e-51,omni
6.752117674423404,-12.000011865646197,3.9464580130658415,0.0,0.0,0.44263751391800127,0.18423753489343664,-0.08778712685068049,0.21516265419255587,0.0,0.0,3.029736789092792e-51,omni
6.756213404329573,-12.000028886566337,3.950742420728842,0.0,0.0,0.44263751391800127,0.1846856928820829,-0.0884840538439684,0.21422038315001946,0.0,0.0,2.5913448369847768e-51,omni
6.7603233978799775,-12.000058482748425,3.95500449274423,0.0,0.0,0.44263751391800127,0.18506082772850935,-0.08935769321290782,0.2131036007693778,0.0,0.0,2.213170586408044e-51,omni
6.76444791427515,-12.000104579527946,3.959240662374201,0.0,0.0,0.44263751391800127,0.1853636077562627,-0.09041423525868869,0.21180848149851977,0.0,0.0,1.8876070674038624e-51,omni
6.76858723983637,-12.00017105050522,3.9634474289323123,0.0,0.0,0.44263751391800127,0.18559636628596768,-0.09165192334515945,0.21033832790552,0.0,0.0,1.607863598403519e-51,omni
6.772741659930402,-12.00026160790021,3.967621455424922,0.0,0.0,0.44263751391800127,0.1857625163481722,-0.09306344566333452,0.20870132463044652,0.0,0.0,1.367912431423918e-51,omni
6.7769114385222675,-12.000379729269302,3.9717596324662416,0.0,0.0,0.44263751391800127,0.1858661165898149,-0.09463774147416096,0.20690885206600973,0.0,0.0,1.1624293442930345e-51,omni
6.781096803607605,-12.000528611443617,3.97585911708995,0.0,0.0,0.44263751391800127,0.1859115539420289,-0.09636135692974304,0.20497423118539038,0.0,0.0,9.867318574355997e-52,omni
6.785297937180973,-12.000711144668461,3.9799173530793635,0.0,0.0,0.44263751391800127,0.1859033159253151,-0.09821945492937195,0.2029117994707112,0.0,0.0,8.367176686627607e-52,omni
6.789514968703015,-12.00092990156514,3.983932077883326,0.0,0.0,0.44263751391800127,0.1858458312950121,-0.10019655974463455,0.20073624019811864,0.0,0.0,7.088050782904538e-52,omni
6.793747971262706,-12.001187136806248,3.987901319978455,0.0,0.0,0.44263751391800127,0.18574336236581968,-0.1022770987857825,0.19846210475643056,0.0,0.0,5.998765607132039e-52,omni
6.797996959808783,-12.001484794377124,3.9918233896039563,0.0,0.0,0.44263751391800127,0.18559993603385802,-0.10444578966964443,0.19610348127501795,0.0,0.0,5.072261813416434e-52,omni
6.802261890960951,-12.001824520054083,3.995696865072823,0.0,0.0,0.44263751391800127,0.18541930342827517,-0.10668790975068072,0.19367377344334613,0.0,0.0,4.28511223308575e-52,omni
6.806542664016382,-12.00220767731425,3.9995205763062263,0.0,0.0,0.44263751391800127,0.18520492042500988,-0.10898947676573471,0.1911855616701947,0.0,0.0,3.617081480167669e-52,omni
6.810839122848522,-12.002635365341714,4.003293586809525,0.0,0.0,0.44263751391800127,0.18495994306649674,-0.11133736265781337,0.18865052516500902,0.0,0.0,3.0507284504841446e-52,omni
6.815151058458573,-12.003108438140277,4.00701517498006,0.0,0.0,0.44263751391800127,0.18468723335228057,-0.11371935754987357,0.1860794085267054,0.0,0.0,2.5710501267547388e-52,omni
6.819478211989795,-12.003627524027774,4.01068481538625,0.0,0.0,0.44263751391800127,0.18438937197656236,-0.11612419689937345,0.18348202030957744,0.0,0.0,2.1651643657187725e-52,omni
6.823820278054056,-12.004193044989531,4.014302160467187,0.0,0.0,0.44263751391800127,0.18406867545372416,-0.1185415618176125,0.1808672540468752,0.0,0.0,1.8220289076892123e-52,omni
6.828176908251232,-12.004805235522323,4.017867022958027,0.0,0.0,0.44263751391800127,0.18372721574320433,-0.12096206018285934,0.1782431245420768,0.0,0.0,1.5321936326868295e-52,omni
6.83254771478712,-12.005464160717128,4.021379359238749,0.0,0.0,0.44263751391800127,0.18336684100176454,-0.12337719435676797,0.17561681403605184,0.0,0.0,1.2875830279453588e-52,omni
6.836932274115542,-12.006169733416865,4.024839253723604,0.0,0.0,0.44263751391800127,0.18298919648696169,-0.12577931990870977,0.17299472424273973,0.0,0.0,1.0813058816176178e-52,omni
6.841330130546558,-12.006921730351092,4.028246904349773,0.0,0.0,0.44263751391800127,0.18259574493660158,-0.128161598668807,0.17038253130852588,0.0,0.0,9.074893410910534e-53,omni
6.8457407997759905,-12.00771980719843,4.031602609181034,0.0,0.0,0.44263751391800127,0.18218778597584329,-0.13051794859518284,0.16778524156300867,0.0,0.0,7.611346446452602e-53,omni
6.85016377230207,-12.008563512563168,4.034906754111981,0.0,0.0,0.44263751391800127,0.1817664742728872,-0.13284299229813812,0.1652072465474079,0.0,0.0,6.379920324781974e-53,omni
6.85459851670389,-12.009452300878184,4.038159801637486,0.0,0.0,0.44263751391800127,0.1813328362888199,-0.13513200557017535,0.162652376275247,0.0,0.0,5.344525530217109e-53,omni
6.859044482763457,-12.010385544264427,4.041362280638131,0.0,0.0,0.44263751391800127,0.180887785557465,-0.13738086689236628,0.16012395003229496,0.0,0.0,4.474546927271576e-53,omni
6.8635011044189564,-12.011362543389492,4.044514777123846,0.0,0.0,0.44263751391800127,0.18043213649506834,-0.13958600859842318,0.15762482428567948,0.0,0.0,3.7440396503858136e-53,omni
6.8679678025416155,-12.01238253737586,4.047617925873171,0.0,0.0,0.44263751391800127,0.17996661678365078,-0.14174437015778812,0.1551574374662829,0.0,0.0,3.131037923623333e-53,omni
6.8724439875323835,-12.013444712813953,4.050672402903773,0.0,0.0,0.44263751391800127,0.1794918784008274,-0.14385335387243772,0.1527238515301019,0.0,0.0,2.6169620053206096e-53,omni
6.876929061737735,-12.014548211937548,4.0536789187098865,0.0,0.0,0.44263751391800127,0.1790085073866621,-0.14591078315676903,0.15032579030567805,0.0,0.0,2.186110168997685e-53,omni
6.88142242168634,-12.015692140019528,4.0566382122040014,0.0,0.0,0.44263751391800127,0.17851703244766343,-0.14791486347647803,0.14796467470566887,0.0,0.0,1.8252242004107603e-53,omni
6.885923460150318,-12.01687557204529,4.059551045302575,0.0,0.0,0.44263751391800127,0.17801793250162373,-0.1498641459534563,0.1456416549286093,0.0,0.0,1.5231183109647067e-53,omni
6.890431568036258,-12.01809755871933,4.062418198098728,0.0,0.0,0.44263751391800127,0.1775116432664021,-0.1517574935937524,0.14335763980768587,0.0,0.0,1.2703626438958135e-53,omni
6.894946136112326,-12.019357131858381,4.065240464568356,0.0,0.0,0.44263751391800127,0.17699856299227873,-0.15359405006017374,0.14111332348135103,0.0,0.0,1.059013688800775e-53,omni
6.899466556578615,-12.020653309221753,4.068018648759741,0.0,0.0,0.44263751391800127,0.17647905743216297,-0.15537321088673373,0.1389092095692503,0.0,0.0,8.823849312059447e-54,omni
6.903992224488421,-12.021985098826615,4.070753561420519,0.0,0.0,0.44263751391800127,0.1759534641374579,-0.15709459701623135,0.13674563303882054,0.0,0.0,7.348519569285929e-54,omni
6.908522539028565,-12.023351502792988,4.073446017019419,0.0,0.0,0.44263751391800127,0.17542209616031512,-0.1587580305327312,0.13462277994502436,0.0,0.0,6.116870163595923e-54,omni
6.913056904666986,-12.02475152076018,4.076096831123808,0.0,0.0,0.44263751391800127,0.1748852452357472,-0.16036351245600522,0.13254070521950817,0.0,0.0,5.08918741834163e-54,omni
6.9175947321759335,-12.026184152913384,4.07870681809735,0.0,0.0,0.44263751391800127,0.17434318450987668,-0.16191120246386786,0.1304993486771339,0.0,0.0,4.232133119563295e-54,omni
6.922135439539007,-12.02764840265623,4.081276789085313,0.0,0.0,0.44263751391800127,0.1737961708736755,-0.16340140040983187,0.1284985493981745,0.0,0.0,3.517738795756293e-54,omni
6.926678452750155,-12.029143278962398,4.083807550257996,0.0,0.0,0.44263751391800127,0.17324444695501262,-0.16483452950689864,0.12653805863409662,0.0,0.0,2.9225553390639566e-54,omni
6.931223206512469,-12.030667798436642,4.08629990128548,0.0,0.0,0.44263751391800127,0.17268824281574718,-0.16621112105300817,0.12461755137422881,0.0,0.0,2.4269346014806704e-54,omni
6.93576914484442,-12.032220987113075,4.088754634019482,0.0,0.0,0.44263751391800127,0.17212777739502216,-0.16753180057927347,0.12273663670005204,0.0,0.0,2.0144229929880222e-54,omni
6.940315721600809,-12.033801882016345,4.091172531360355,0.0,0.0,0.44263751391800127,0.17156325973483566,-0.1687972753082846,0.12089486704356882,0.0,0.0,1.6712500332325729e-54,omni
6.94486240091536,-12.035409532508975,4.093554366289483,0.0,0.0,0.44263751391800127,0.17099489001938675,-0.17000832281623318,0.1190917464563637,0.0,0.0,1.385897324142656e-54,omni
6.949408657571565,-12.037043001446204,4.095900901049218,0.0,0.0,0.44263751391800127,0.17042286045559338,-0.1711657807991932,0.1173267379866503,0.0,0.0,1.1487355709860167e-54,omni
6.953953977308002,-12.038701366157792,4.0982128864542755,0.0,0.0,0.44263751391800127,0.16984735601852874,-0.17227053785045376,0.11559927025286616,0.0,0.0,9.517191309233958e-55,omni
6.958497857063962,-12.040383719274441,4.100491061320161,0.0,0.0,0.44263751391800127,0.1692685550822935,-0.1733235251622364,0.11390874329424831,0.0,0.0,7.881291526698345e-55,omni
6.9630398051708635,-12.042089169414904,4.102736151995588,0.0,0.0,0.44263751391800127,0.16868662995399342,-0.17432570907136313,0.11225453377130572,0.0,0.0,6.523577249208888e-55,omni
6.967589810816078,-12.043822804957582,4.104951319011191,0.0,0.0,0.44263751391800127,0.16844705504594154,-0.17577172287423587,0.11075835078015861,0.0,0.0,5.397266066527524e-55,omni
6.972163571060209,-12.04559297579782,4.10714104116054,0.0,0.0,0.44263751391800127,0.16873786988913744,-0.17793116703195105,0.10948610746742064,0.0,0.0,4.4633509709372035e-55,omni
6.976771047090315,-12.047404775435421,4.109308440486453,0.0,0.0,0.44263751391800127,0.16936966018215166,-0.18053407281386524,0.10836996629563893,0.0,0.0,3.68932441284078e-55,omni
6.981417970554977,-12.049260899216737,4.111455634198736,0.0,0.0,0.44263751391800127,0.17020268943667374,-0.18338150793770508,0.10735968561411802,0.0,0.0,3.0481087966985038e-55,omni
6.986107003160194,-12.051162305017517,4.113584005611498,0.0,0.0,0.44263751391800127,0.17113546383628375,-0.18632922475446234,0.10641857063808459,0.0,0.0,2.5171605525652314e-55,omni
6.9908386237659546,-12.053108718659647,4.115694411444766,0.0,0.0,0.44263751391800127,0.17209574558816026,-0.1892748092279207,0.1055202916634179,0.0,0.0,2.077720051392519e-55,omni
6.995611802052435,-12.055099017713008,4.117787339289924,0.0,0.0,0.44263751391800127,0.17303351440085368,-0.1921476153506539,0.10464639225785043,0.0,0.0,1.7141839821015194e-55,omni
7.000424505652772,-12.05713152040003,4.119863026194215,0.0,0.0,0.44263751391800127,0.17391547563656948,-0.19490091104896434,0.10378434521447924,0.0,0.0,1.4135804911099872e-55,omni
7.005274077898422,-12.059204200765866,4.121921547041078,0.0,0.0,0.44263751391800127,0.17472079353592684,-0.1975057757836721,0.1029260423431735,0.0,0.0,1.1651304999547065e-55,omni
7.01015751552424,-12.061314846834538,4.123962879580796,0.0,0.0,0.44263751391800127,0.1754377922979426,-0.19994638209988064,0.1020666269859373,0.0,0.0,9.598812490726536e-56,omni
7.01507166945372,-12.063461174924203,4.125986951511047,0.0,0.0,0.44263751391800127,0.1760614196503951,-0.20221636750886735,0.10120359651247571,0.0,0.0,7.90400338545381e-56,omni
7.0200133868225745,-12.065640910467845,4.127993673847596,0.0,0.0,0.44263751391800127,0.17659130925177507,-0.2043160627100703,0.10033611682752121,0.0,0.0,6.505204118922179e-56,omni
7.0249796084523854,-12.067851843437456,4.129982963903382,0.0,0.0,0.44263751391800127,0.17703031176567896,-0.2062503900540816,0.09946450278926201,0.0,0.0,5.35126209885236e-56,omni
7.029967432854145,-12.070091864685612,4.131954760462518,0.0,0.0,0.44263751391800127,0.17738339131773212,-0.20802728456160754,0.09858982795686444,0.0,0.0,4.399770530530787e-56,omni
7.034974155362116,-12.072358988105623,4.133909033156675,0.0,0.0,0.44263751391800127,0.1776568055631591,-0.20965652057726475,0.09771363470784028,0.0,0.0,3.6155893249561486e-56,omni
7.039997289040626,-12.074651362396256,4.135845787593885,0.0,0.0,0.44263751391800127,0.17785750479736734,-0.21114885173392364,0.0968377218604447,0.0,0.0,2.9696133152363156e-56,omni
7.0450345724649654,-12.076967275338557,4.137765067429891,0.0,0.0,0.44263751391800127,0.17799269927292077,-0.2125153915347247,0.09596399180021178,0.0,0.0,2.437746932043916e-56,omni
7.0500839682677405,-12.079305152803126,4.139666954289575,0.0,0.0,0.44263751391800127,0.17806955482443854,-0.2137671774985474,0.09509434298420706,0.0,0.0,2.000051146544136e-56,omni
7.0551436553958045,-12.08166355416704,4.141551566225106,0.0,0.0,0.44263751391800127,0.17809498559843506,-0.21491487424713956,0.09423059677652995,0.0,0.0,1.640034077988167e-56,omni
7.060212017285954,-12.08404116539953,4.143419055225335,0.0,0.0,0.44263751391800127,0.17807551958235268,-0.21596858077367034,0.0933744500114928,0.0,0.0,1.3440613517337816e-56,omni
7.0652876275959375,-12.086436790749968,4.14526960415761,0.0,0.0,0.44263751391800127,0.17801721808462212,-0.2169377149358048,0.0925274466137886,0.0,0.0,1.1008662243790584e-56,omni
7.07036923468638,-12.088849343720266,4.147103423420214,0.0,0.0,0.44263751391800127,0.17792563462452804,-0.21783095437468714,0.0916909631302306,0.0,0.0,9.011427864175198e-57,omni
7.07545574571102,-12.09127783781111,4.14892074750477,0.0,0.0,0.44263751391800127,0.17780580207959684,-0.2186562179070388,0.0908662042277236,0.0,0.0,7.372083110058167e-57,omni
7.080546210915058,-12.09372137738448,4.150721831607834,0.0,0.0,0.44263751391800127,0.1776622395961688,-0.21942067523829067,0.09005420515326475,0.0,0.0,6.027231258218556e-57,omni
7.085639808546743,-12.096179148874139,4.152506948385577,0.0,0.0,0.44263751391800127,0.1774989728459036,-0.22013077581490123,0.08925583888716017,0.0,0.0,4.924583158421031e-57,omni
7.09073583064175,-12.098650412492528,4.1542763849114355,0.0,0.0,0.44263751391800127,0.1773195628275314,-0.22079228994581404,0.08847182629291461,0.0,0.0,4.0210317903331196e-57,omni
7.095833669832233,-12.101134494521236,4.156030439871644,0.0,0.0,0.44263751391800127,0.17712713966551877,-0.22141035711406962,0.0877027480105268,0.0,0.0,3.281057056430661e-57,omni
7.100932807254127,-12.10363078022748,4.1577694210152725,0.0,0.0,0.44263751391800127,0.17692443882241965,-0.22198953777992297,0.08694905718146209,0.0,0.0,2.6754047804596883e-57,omni
7.106033023897103,-12.10613798102833,4.15949334478619,0.0,0.0,0.44263751391800127,0.17673943938538822,-0.22250580828004493,0.08619618854588862,0.0,0.0,2.1799932814354536e-57,omni
7.1111345626405456,-12.108653566974755,4.161201703790981,0.0,0.0,0.44263751391800127,0.17661959547314837,-0.22291297406552632,0.08541795023961572,0.0,0.0,1.7750087351398106e-57,omni
7.116238023303074,-12.111174075328076,4.162893593770333,0.0,0.0,0.44263751391800127,0.17660101087056398,-0.2231765348157156,0.08459449896762328,0.0,0.0,1.4441570736549486e-57,omni
7.1213442334267985,-12.113695501436371,4.164567874337942,0.0,0.0,0.44263751391800127,0.17670558014082413,-0.2232768831856002,0.08371402838052948,0.0,0.0,1.1740456225401988e-57,omni
7.126454151850941,-12.116213584825513,4.166223286715459,0.0,0.0,0.44263751391800127,0.1769447141949831,-0.22320527269434054,0.08277061887584927,0.0,0.0,9.536722141066401e-58,omni
7.131568797389386,-12.118724015291765,4.167858538634542,0.0,0.0,0.44263751391800127,0.17732218778361558,-0.22296074092579077,0.08176259595407193,0.0,0.0,7.740032940602737e-58,omni
7.136689196712103,-12.121222578191368,4.169472364282713,0.0,0.0,0.44263751391800127,0.17783630932150557,-0.222547773647078,0.08069128240853929,0.0,0.0,6.276256833080686e-58,omni
7.141816346898162,-12.12370525376755,4.17106356538263,0.0,0.0,0.44263751391800127,0.17848156811333704,-0.22197454237187592,0.07956005499591205,0.0,0.0,5.084592721622198e-58,omni
7.1469511891765105,-12.126168281965722,4.1726310381034555,0.0,0.0,0.44263751391800127,0.17924987894318806,-0.22125158467244488,0.07837363604127795,0.0,0.0,4.1152009851963174e-58,omni
7.152094591174782,-12.128608201551476,4.174173789421312,0.0,0.0,0.44263751391800127,0.18013151681406941,-0.2203908253584314,0.07713756589276397,0.0,0.0,3.3272506837244355e-58,omni
7.157247335613581,-12.131021870297946,4.1756909457054,0.0,0.0,0.44263751391800127,0.18111581358663859,-0.21940485920331296,0.07585781420433396,0.0,0.0,2.687310776501511e-58,omni
7.162410113857918,-12.13340647141943,4.177181755654095,0.0,0.0,0.44263751391800127,0.1821916719825686,-0.218306433556635,0.07454049743476662,0.0,0.0,2.168025401919912e-58,omni
7.16758352310209,-12.135759510196333,4.178645589199819,0.0,0.0,0.44263751391800127,0.1833479398144066,-0.21710808298871623,0.07319167728619677,0.0,0.0,1.7470236039769883e-58,omni
7.172768066245167,-12.1380788037829,4.1800819336102375,0.0,0.0,0.44263751391800127,0.18457367754885817,-0.21582187890448504,0.07181722052100686,0.0,0.0,1.406022465009025e-58,omni
7.177964153730793,-12.140362466452782,4.181490387711159,0.0,0.0,0.44263751391800127,0.18585834476067242,-0.21445926548657515,0.07042270504616904,0.0,0.0,1.130089712087129e-58,omni
7.183172106792172,-12.14260889196969,4.182870654923496,0.0,0.0,0.44263751391800127,0.18719192519143807,-0.2130309598967506,0.06901336061678864,0.0,0.0,9.070377544665954e-59,omni
7.1883921616725015,-12.144816734333812,4.184222535627546,0.0,0.0,0.44263751391800127,0.1885650056059552,-0.21154689978113278,0.06759403520242743,0.0,0.0,7.269259878761202e-59,omni
7.193624474491246,-12.146984887820015,4.185545919230551,0.0,0.0,0.44263751391800127,0.18996882013992394,-0.21001622510408186,0.06616918015025208,0.0,0.0,5.816522401342172e-59,omni
7.1988691265044285,-12.149112466968202,4.186840776208561,0.0,0.0,0.44263751391800127,0.19139526912546387,-0.20844728442553778,0.06474284890057394,0.0,0.0,4.646175745780327e-59,omni
7.2041261295674435,-12.15119878699188,4.188107150313888,0.0,0.0,0.44263751391800127,0.19283691928665783,-0.2068476581313728,0.06331870526636188,0.0,0.0,3.704514319931626e-59,omni
7.209395431655933,-12.153243344923741,4.189345151079079,0.0,0.0,0.44263751391800127,0.19428699057753737,-0.20522419297815578,0.061900038259616194,0.0,0.0,2.947863769776046e-59,omni
7.214676922336823,-12.155245801706688,4.190554946703022,0.0,0.0,0.44263751391800127,0.1957393336826057,-0.20358304374205136,0.060489781197173985,0.0,0.0,2.3407360307080297e-59,omni
7.219970438110137,-12.157205965356344,4.191736757370938,0.0,0.0,0.44263751391800127,0.19718840123225073,-0.20192971885990055,0.059090533395821675,0.0,0.0,1.8543191071631071e-59,omni
7.2252757675643995,-12.159123775260124,4.192890849035136,0.0,0.0,0.44263751391800127,0.19862921503807351,-0.20026912779207745,0.05770458320994534,0.0,0.0,1.465241597999468e-59,omni
7.230592656305744,-12.160999287634002,4.194017527665222,0.0,0.0,0.44263751391800127,0.2000573310765834,-0.1986056284787832,0.05633393150432963,0.0,0.0,1.1545626106839438e-59,omni
7.235920811634257,-12.162832662126196,4.195117133963491,0.0,0.0,0.44263751391800127,0.201468803505425,-0.19694307374881923,0.054980314913490695,0.0,0.0,9.069464712247758e-60,omni
7.2412599069515355,-12.16462414953519,4.196190038532196,0.0,0.0,0.44263751391800127,0.20286014865451732,-0.19528485590756778,0.05364522843530762,0.0,0.0,7.099888616801119e-60,omni
7.246609585891379,-12.16637408059449,4.197236637473294,0.0,0.0,0.44263751391800127,0.20422830967212602,-0.1936339490062047,0.052329947054881934,0.0,0.0,5.536669703291915e-60,unicycle
7.2519110728282845,-12.16804903108941,4.198245046926823,0.0,0.0,0.4424779229805427,0.20367183230336802,-0.18919789149660907,0.050420472676391916,0.0,0.0,-0.007979546872926744,unicycle
7.2570738603993465,-12.169598768984857,4.199197110768166,0.0,0.0,0.44191474852843915,0.20015135669026618,-0.18049818269502882,0.047603192067161494,0.0,0.0,-0.028158722605181805,unicycle
7.262039733197985,-12.170993894202025,4.200082060445256,0.0,0.0,0.4407954239336407,0.19470313690220062,-0.16913415676544355,0.04424748385448222,0.0,0.0,-0.0559662297399222,unicycle
7.266774561528159,-12.172219886125104,4.200894516521741,0.0,0.0,0.4390346141296069,0.18809557915619063,-0.15628246009305427,0.04062280382415648,0.0,0.0,-0.08804049020169087,unicycle
7.271261926255426,-12.173272599209241,4.20163295680088,0.0,0.0,0.43659563365721027,0.18089039748143224,-0.14279463578868015,0.03692201395701378,0.0,0.0,-0.12194902361983054,unicycle
7.27549817365142,-12.174154920833766,4.202298550280277,0.0,0.0,0.43347626384568483,0.17349074048602062,-0.12927377748822838,0.03327967396982588,0.0,0.0,-0.155968490576267,unicycle
7.279488599383122,-12.17487433127357,4.202894276894694,0.0,0.0,0.42969800626309645,0.16617894261233573,-0.11613453483305047,0.029786330720915914,0.0,0.0,-0.18891287912942012,unicycle
7.283244528137876,-12.175441147510984,4.203424269600655,0.0,0.0,0.4252980100837162,0.15914603006666642,-0.10364990570435574,0.02649963529793318,0.0,0.0,-0.21999980896900934,unicycle
7.2867811034624586,-12.17586727648497,4.203893328636893,0.0,0.0,0.42032307132553876,0.15251468905259852,-0.09198756640442379,0.02345295181190112,0.0,0.0,-0.24874693790887295,unicycle
7.290115638703455,-12.176165342906943,4.204306568403885,0.0,0.0,0.41482522982703934,0.14635706304837665,-0.08123793964310821,0.020661988349655883,0.0,0.0,-0.27489207492496365,unicycle
7.293266408531353,-12.176348089711924,4.204669165865068,0.0,0.0,0.4088585916794084,0.14070847118693441,-0.07143575625219292,0.01812987305924716,0.0,0.0,-0.2983319073815489,unicycle
7.296251783659074,-12.176427975371094,4.204986186104611,0.0,0.0,0.4024770857307288,0.13557791874068184,-0.06257650955242355,0.01585101197708433,0.0,0.0,-0.3190752974339785,unicycle
7.299089630330813,-12.17641691240134,4.205262466022665,0.0,0.0,0.39573292688194595,0.13095609304745082,-0.05462891460543427,0.013813995902714019,0.0,0.0,-0.33720794243914254,unicycle
7.301796911781482,-12.176326106517093,4.2055025413846625,0.0,0.0,0.38867560955950353,0.12682139562234487,-0.04754425468459184,0.012003768099812273,0.0,0.0,-0.3528658661221211,unicycle
7.304389441726628,-12.176165967036802,4.205710605788335,0.0,0.0,0.38135129468871737,0.12314444692935661,-0.04126331322981672,0.010403220183617577,0.0,0.0,-0.3662157435393084,unicycle
7.306881750481888,-12.175946067313689,4.205890492750024,0.0,0.0,0.373802484890821,0.1198914088576482,-0.03572144242041494,0.00899434808440947,0.0,0.0,-0.37744048989481904,unicycle
7.309287032896532,-12.175675139873006,4.206045674184102,0.0,0.0,0.3660679072415036,0.11702639691941973,-0.03085220210387585,0.007759071703838785,0.0,0.0,-0.38672888246587256,unicycle
7.311617154230898,-12.17536109520438,4.20617927017191,0.0,0.0,0.35818254216746936,0.11451319596309817,-0.0265899093278558,0.006679799390460572,0.0,0.0,-0.39426825370171387,unicycle
7.313882695683926,-12.175011056231916,4.206294066182091,0.0,0.0,0.35017775204563706,0.11231644686786059,-0.022871364423880755,0.005739800508939684,0.0,0.0,-0.4002395060916147,unicycle
7.316093025719353,-12.174631402702238,4.206392534886907,0.0,0.0,0.34208147470478395,0.1104024349020881,-0.019636960677970237,0.004923435240887211,0.0,0.0,-0.40481386704266265,unicycle
7.318256386849456,-12.174227821335572,4.206476860478704,0.0,0.0,0.3339184560260675,0.10873958129119235,-0.016831338024378906,0.004216279589827491,0.0,0.0,-0.4081509339358189,unicycle
7.3203799902853435,-12.173805358752691,4.206548963974084,0.0,0.0,0.325710502764132,0.1072987165188723,-0.014403704439351682,0.003605174769029788,0.0,0.0,-0.41039766309678,unicycle
7.322470112998025,-12.173368475045063,4.20661052843902,0.0,0.0,0.317476742013825,0.10605319574762367,-0.012307919800644893,0.0030782232468506525,0.0,0.0,-0.41168803751535477,unicycle
7.324532193376005,-12.17292109648529,4.206663023405474,0.0,0.0,0.30923387778432365,0.1049789024977703,-0.010502414314916624,0.002624748322707149,0.0,0.0,-0.41214321147507105,unicycle
7.326570922913253,-12.172466666341471,4.206707728003421,0.0,0.0,0.3009964381931413,0.10405417557301254,-0.008949995914239598,0.0022352298973881755,0.0,0.0,-0.41187197955911853,unicycle
7.328590332298824,-12.172008193106386,4.206745752520133,0.0,0.0,0.2927770090779956,0.10325968552568812,-0.007617587255379462,0.0019012258355299851,0.0,0.0,-0.41097145575729244,unicycle
7.330593870972874,-12.17154829571139,4.206778058236074,0.0,0.0,0.2845864515185095,0.10257828020501024,-0.006475922297331448,0.0016152857970191056,0.0,0.0,-0.40952787797430534,unicycle
7.332584479717935,-12.17108924548776,4.206805475485661,0.0,0.0,0.2764341019984188,0.10199481371742748,-0.005499224225916106,0.0013708624792736221,0.0,0.0,-0.4076174760045377,unicycle
7.334564656212305,-12.170633004781132,4.206828719960411,0.0,0.0,0.26832795482897087,0.10149596912344339,-0.0046648802143774305,0.0011622237375017136,0.0,0.0,-0.40530735847239996,unicycle
7.336536513719019,-12.1701812622293,4.2068484073191055,0.0,0.0,0.26027482707877214,0.10107008213963875,-0.003953123738453168,0.0009843679347690602,0.0,0.0,-0.40265638750993465,unicycle
7.33850183324649,-12.169735464788879,4.206865066199873,0.0,0.0,0.252280506679259,0.10070697080147195,-0.003346731571836966,0.0008329440384251385,0.0,0.0,-0.39971601997566086,unicycle
7.340462109616882,-12.169296846648988,4.206879149747097,0.0,0.0,0.24434988464853183,0.10039777430765934,-0.0028307399107569877,0.0007041773611739309,0.0,0.0,-0.3965311015363614,unicycle
7.342418591932424,-12.168866455205098,4.206891045774979,0.0,0.0,0.2364870725384011,0.10013480298075425,-0.0023921821070905964,0.0005948013941482271,0.0,0.0,-0.3931406055065396,unicycle
7.3443723189510415,-12.168445174287749,4.206901085692111,0.0,0.0,0.22869550629008653,0.09991140033850551,-0.00201984906455381,0.000501995856680265,0.0,0.0,-0.3895783124157295,unicycle
7.346324149880672,-12.168033744852131,4.2069095523093605,0.0,0.0,0.22097803770605212,0.09972181759606578,-0.0017040723436476692,0.0004233308624162499,0.0,0.0,-0.3858734292017188,unicycle
7.3482747910840525,-12.167632783337899,4.206916686648361,0.0,0.0,0.2133370147264242,0.099561100446904,-0.0014365293277030817,0.000356716950064316,0.0,0.0,-0.3820511489813989,unicycle
7.3502248191580195,-12.167242797906294,4.206922693860976,0.0,0.0,0.2057743516515576,0.0994249876509315,-0.001210069346168367,0.0003003606307752015,0.0,0.0,-0.37813315374333184,unicycle
7.352174700817747,-12.166864202755107,4.206927748361947,0.0,0.0,0.19829159038750505,0.09930982075341112,-0.0010185593713832718,0.0002527250485146194,0.0,0.0,-0.37413806320262727,unicycle
7.354124809979728,-12.166497330702548,4.206931998268422,0.0,0.0,0.19088995371575757,0.09921246413787489,-0.0008567477544738153,0.000212495323691499,0.0,0.0,-0.3700818335873735,unicycle
7.3560754423998995,-12.166142444219727,4.206935569231328,0.0,0.0,0.18357039150805068,0.09913023455755614,-0.0007201444085768519,0.00017854814525694487,0.0,0.0,-0.36597811038534517,unicycle
7.3580268281865,-12.165799745078946,4.206938567735049,0.0,0.0,0.17633362072513628,0.09906083927514457,-0.0006049158558096767,0.00014992518602550153,0.0,0.0,-0.36183853914572084,unicycle
7.35997914247212,-12.165469382771878,4.206941083933755,0.0,0.0,0.1691801599579199,0.09900232195661166,-0.000507793607377962,0.00012580993522649203,0.0,0.0,-0.35767303836081854,unicycle
7.361932514496466,-12.16515146183863,4.206943194085108,0.0,0.0,0.16211035919209776,0.09895301550132725,-0.0004259944283180479,0.00010550756764017929,0.0,0.0,-0.35349003829110875,unicycle
7.36388703532097,-12.164846048235713,4.206944962635058,0.0,0.0,0.15512442540458135,0.098911501040158,-0.0003571511379941431,8.842749744028602e-05,0.0,0.0,-0.3492966893758185,unicycle
7.365842764368773,-12.164553174858556,4.206946444000961,0.0,0.0,0.14822244453226804,0.09887657239014128,-0.000299252706134952,7.406829511671469e-05,0.0,0.0,-0.34509904361566696,unicycle
7.367799734958673,-12.164272846322373,4.2069476840944855,0.0,0.0,0.1414044002914375,0.0988472053146296,-0.0002505925158092978,6.200467621898732e-05,0.0,0.0,-0.3409022120415254,unicycle
7.3697579589793385,-12.164005043094196,4.20694872162049,0.0,0.0,0.13467019026931906,0.0988225309986287,-0.00020972377504223356,5.18763001980884e-05,0.0,0.0,-0.33671050110592193,unicycle
7.371717430830369,-12.163749725058699,4.206949589183404,0.0,0.0,0.12801963965807237,0.0988018132084247,-0.00017542116487634143,4.337814570943098e-05,0.0,0.0,-0.33252753056233286,unicycle
7.373678130739317,-12.16350683459099,4.206950314228505,0.0,0.0,0.12145251295534763,0.09878442866119187,-0.00014664791173375343,3.6252254988948865e-05,0.0,0.0,-0.32835633513623935,unicycle
7.375640026635147,-12.163276291355247,4.206950919841789,0.0,0.0,0.11497652110780564,0.09876985018327525,-0.00012252756484241306,3.0280664119600613e-05,0.0,0.0,-0.3237995923771002,unicycle
7.377603075321916,-12.163057982372838,4.206951425428953,0.0,0.0,0.1086037520840673,0.09875763228479231,-0.00010231984472085457,2.5279358085138587e-05,0.0,0.0,-0.31863845118691625,unicycle
7.379567224905343,-12.162851763808458,4.206951847291142,0.0,0.0,0.10234196425124299,0.09874739882290759,-8.540000613232405e-05,2.109310946935544e-05,0.0,0.0,-0.31308939164121463,unicycle
7.381532417636806,-12.162657469967936,4.206952199112694,0.0,0.0,0.09619568850347968,0.09873883246659591,-7.124122866109449e-05,1.7591077570656056e-05,0.0,0.0,-0.30731378738816617,unicycle
7.383498592069814,-12.162474920175626,4.206952492373906,0.0,0.0,0.09016707618307797,0.09873166571205053,-5.93996104566114e-05,1.466306067197553e-05,0.0,0.0,-0.3014306160200851,unicycle
7.385465684685789,-12.16230392399914,4.206952736700073,0.0,0.0,0.08425654890962243,0.09872567323031753,-4.9501396177503766e-05,1.2216308367078491e-05,0.0,0.0,-0.2955263636727755,unicycle
7.387433631111596,-12.162144285188697,4.20695294015634,0.0,0.0,0.07846329431266069,0.0987206653575104,-4.1232119257756476e-05,1.0172813340973964e-05,0.0,0.0,-0.2896627298480862,unicycle
7.389402367023949,-12.16199580461939,4.206953109496601,0.0,0.0,0.07278564213163147,0.09871648256336242,-3.432738185269489e-05,8.467012983673746e-06,0.0,0.0,-0.2838826090514608,unicycle
7.391371828814347,-12.161858282462443,4.206953250373418,0.0,0.0,0.06722134765366651,0.09871299075621179,-2.8565033749167572e-05,7.04384083038968e-06,0.0,0.0,-0.27821472389824764,unicycle
7.393341954071408,-12.161731519762599,4.206953367514943,0.0,0.0,0.06176780357247399,0.09871007730207644,-2.3758544675858075e-05,5.857076209623488e-06,0.0,0.0,-0.272677204059625,unicycle
7.395312681924384,-12.161615319560218,4.2069534648739,0.0,0.0,0.056422196728318094,0.09870764765255292,-1.9751393334666932e-05,4.867947777572215e-06,0.0,0.0,-0.26728034220779384,unicycle
7.397283953281513,-12.161509487666263,4.206953545752958,0.0,0.0,0.051181622561010755,0.09870562249113343,-1.6412321569037384e-05,4.043952947478838e-06,0.0,0.0,-0.2620287083653664,unicycle
7.3992557109890065,-12.161413833174512,4.206953612910171,0.0,0.0,0.04604316726272549,0.09870393532043092,-1.3631323830077859e-05,3.357860700388174e-06,0.0,0.0,-0.25692276491426225,unicycle
7.4012278999304355,-12.16132816877655,4.20695366864757,0.0,0.0,0.04100396538820053,0.09870253042396519,-1.1316260898406194e-05,2.786869993167081e-06,0.0,0.0,-0.2519600937262474,unicycle
7.403200467081605,-12.161252310930308,4.20695371488557,0.0,0.0,0.03606123893485477,0.0987013611458028,-9.390003032710254e-06,2.3119000542884374e-06,0.0,0.0,-0.24713632266728697,unicycle
7.405173361532414,-12.16118607992137,4.206953753225418,0.0,0.0,0.03121232254079482,0.09870038843965172,-7.78802167195137e-06,1.9169923615883514e-06,0.0,0.0,-0.2424458197029967,unicycle
7.40714653448446,-12.161129299847165,4.206953785001561,0.0,0.0,0.026454678382986384,0.09869957964615711,-6.456360808615506e-06,1.5888071035538706e-06,0.0,0.0,-0.23788220789042097,unicycle
7.4091199392310205,-12.161081798547114,4.206953811325549,0.0,0.0,0.021785903526721155,0.09869890746327907,-5.349929434275833e-06,1.3161995026717595e-06,0.0,0.0,-0.2334387428132607,unicycle
7.411093531124436,-12.16104340749622,4.206953833122823,0.0,0.0,0.017203731830346503,0.09869834907989097,-4.431065264531405e-06,1.0898635840968338e-06,0.0,0.0,-0.2291085848187321,unicycle
7.41306726753467,-12.161013961675286,4.206953851163481,0.0,0.0,0.012706032006249889,0.09869788544723634,-3.668327479094212e-06,9.020328563817969e-07,0.0,0.0,-0.22488499120482994,unicycle
7.415041107801876,-12.160993299427632,4.206953866088062,0.0,0.0,0.008290803049014646,0.09869750066672618,-3.0354826404379246e-06,7.462289778362373e-07,0.0,0.0,-0.2207614478617614,unicycle
7.417015013185103,-12.16098126230954,4.206953878429077,0.0,0.0,0.003956167939898122,0.09869718147583914,-2.510653434654483e-06,6.170508511045345e-07,0.0,0.0,-0.21673175545582538,unicycle
7.418988946808678,-12.160977694939703,4.206953888629032,0.0,0.0,-0.00029963369598869115,0.09869691681668213,-2.075604544711452e-06,5.09997753531234e-07,0.0,0.0,-0.21279008179433992,unicycle
7.420962873607441,-12.160982444851397,4.206953897055454,0.0,0.0,-0.004478253482363837,0.09869669747414754,-1.715143935212654e-06,4.213211010751233e-07,0.0,0.0,-0.20893098931875648,unicycle
7.4229367602716465,-12.160995362349949,4.206953904013458,0.0,0.0,-0.008581242373893017,0.09869651577262605,-1.4166211994945705e-06,3.4790028423333075e-07,0.0,0.0,-0.20514944457645815,unicycle
7.424910575192141,-12.161016300377176,4.206953909756232,0.0,0.0,-0.01261005867172065,0.09869636532195093,-1.169507481200649e-06,2.871387274629687e-07,0.0,0.0,-0.20144081489138085,unicycle
7.426884288406222,-12.161045114383807,4.206953914493772,0.0,0.0,-0.01656607579548938,0.09869624080470656,-9.650439081349488e-07,2.368769277230346e-07,0.0,0.0,-0.19780085618843568,unicycle
7.4288578715444835,-12.161081662210428,4.206953918400165,0.0,0.0,-0.020450589694435146,0.09869613779826793,-7.959475305159498e-07,1.9531973914249504e-07,0.0,0.0,-0.19422569494728772,unicycle
7.43083129777882,-12.161125803977106,4.206953921619677,0.0,0.0,-0.02426482582453393,0.09869605262598345,-6.561654939446515e-07,1.6097560329474236e-07,0.0,0.0,-0.19071180650493866,unicycle
7.4328045417717,-12.161177401981604,4.206953924271792,0.0,0.0,-0.02800994565142892,0.09869598223279664,-5.406696467914529e-07,1.32605789978256e-07,0.0,0.0,-0.18725599134474857,unicycle
7.434777579626797,-12.16123632060593,4.206953926455432,0.0,0.0,-0.03168705266270012,0.0986959240813492,-4.452850227900096e-07,1.0918202190412814e-07,0.0,0.0,-0.18385535056355887,unicycle
7.436750388840968,-12.161302426230813,4.206953928252455,0.0,0.0,-0.03529719789006583,0.09869587606523905,-3.665466870059983e-07,8.985111692715042e-08,0.0,0.0,-0.18050726136828504,unicycle
7.438836396881667,-12.16137975103563,4.206953929730565,0.0,0.0,-0.03879972667262825,0.10437208829333598,-3.015803165502656e-07,7.39055008073196e-08,0.0,0.0,-0.17512643912812076,unicycle
7.44121001320033,-12.161475859295575,4.206953930945739,0.0,0.0,-0.04213233717816379,0.11877811718525998,-2.480026315898256e-07,6.075862823658878e-08,0.0,0.0,-0.16663052527677552,unicycle
7.443982172721984,-12.161597069405257,4.206953931944229,0.0,0.0,-0.04525720977616404,0.1387404642632038,-2.0383841879092396e-07,4.992450535605051e-08,0.0,0.0,-0.15624362990001217,unicycle
7.447216962806511,-12.161748266272298,4.206953932764241,0.0,0.0,-0.04815445207950344,0.16191614125084225,-1.6745141651030872e-07,4.1000637762143396e-08,0.0,0.0,-0.144862115166969,unicycle
7.450944428796334,-12.161932876228901,4.206953933437317,0.0,0.0,-0.050817068088516125,0.186601793734587,-1.3748677429237647e-07,3.365383791039442e-08,0.0,0.0,-0.13313080045063347,unicycle
7.455170374005289,-12.162152961921365,4.206953933989487,0.0,0.0,-0.05324712239756488,0.21158366804366674,-1.1282317164375468e-07,2.760841813855901e-08,0.0,0.0,-0.1215027154524375,unicycle
7.459883804411403,-12.162409391163166,4.206953934442213,0.0,0.0,-0.055452838311636186,0.23602007956545457,-9.253299375491671e-08,2.263637301471418e-08,0.0,0.0,-0.11028579570356528,unicycle
7.465062535079686,-12.162702041029403,4.206953934813198,0.0,0.0,-0.057446423013711057,0.25934968763082056,-7.584922422769075e-08,1.8549219711129062e-08,0.0,0.0,-0.09967923510374277,unicycle
7.470677368271412,-12.163030008795795,4.206953935117022,0.0,0.0,-0.05924245628842216,0.28122021233482686,-6.213793490455851e-08,1.519121959083727e-08,0.0,0.0,-0.08980166373555515,unicycle
7.476695167318435,-12.16339181113514,4.206953935365698,0.0,0.0,-0.06085671389601282,0.3014333018906352,-5.08754373041758e-08,1.2433749842563097e-08,0.0,0.0,-0.08071288037953232,unicycle
7.48308108162173,-12.163785560933475,4.206953935569112,0.0,0.0,-0.062305324238056424,0.31990212390322537,-4.162931462467844e-08,1.0170632221929204e-08,0.0,0.0,-0.07243051710218029,unicycle
7.4898001232872105,-12.1642091169213,4.206953935735397,0.0,0.0,-0.06360417886034893,0.33661894981308443,-3.404268257153331e-08,8.314257942500734e-09,0.0,0.0,-0.06494273111462573,unicycle
7.496818252258631,-12.164660205256355,4.206953935871246,0.0,0.0,-0.06476853472358415,0.3516305608628569,-2.7821135437392218e-08,6.792374511759975e-09,0.0,0.0,-0.058217793161760505,unicycle
7.504103092161331,-12.165136514631271,4.206953935982154,0.0,0.0,-0.06581275994339326,0.3650197524499019,-2.2721924308506815e-08,5.545422668713264e-09,0.0,0.0,-0.052211260990454894,unicycle
7.511624371653354,-12.165635767810418,4.206953936072642,0.0,0.0,-0.06675018558502485,0.3768915729188711,-1.854498985837996e-08,4.524330261772999e-09,0.0,0.0,-0.04687128208157965,unicycle
7.519354164448871,-12.166155773068848,4.206953936146414,0.0,0.0,-0.06759303467818677,0.3873632200002264,-1.5125535322272392e-08,3.6886855050256597e-09,0.0,0.0,-0.04214245465809562,unicycle
7.5272669841653626,-12.166694459083034,4.206953936206519,0.0,0.0,-0.06835240636289176,0.39655674723266016,-1.2327877949820265e-08,3.005225069772392e-09,0.0,0.0,-0.037968584235249625,unicycle
7.535339776809207,-12.167249896606968,4.20695393625545,0.0,0.0,-0.06903829836321829,0.4045939151807288,-1.0040361207355724e-08,2.446583327645981e-09,0.0,0.0,-0.03429460001632556,unicycle
7.543551843296848,-12.167820309897516,4.206953936295255,0.0,0.0,-0.06965965511364283,0.41159266726849925,-8.171146673599357e-09,1.9902581152248613e-09,0.0,0.0,-0.031067837521227538,unicycle
7.551884716303572,-12.168404080421826,4.20695393632761,0.0,0.0,-0.07022443207281143,0.41766482502722924,-6.644735139355244e-09,1.6177559343799917e-09,0.0,0.0,-0.0282388479584296,unicycle
7.560322009453188,-12.16899974494466,4.206953936353889,0.0,0.0,-0.07073966924471944,0.42291468849817093,-5.399091887350485e-09,1.313885786100534e-09,0.0,0.0,-0.02576185859540149,unicycle
7.568849252022121,-12.169605989688245,4.206953936375212,0.0,0.0,-0.07121156884082408,0.4274382992746803,-4.38327233336864e-09,1.066176066391248e-09,0.0,0.0,-0.023594979805230985,unicycle
7.577453718621829,-12.170221641898099,4.2069539363925,0.0,0.0,-0.07164557348097093,0.431323180101323,-3.55546185852477e-09,8.643933052575502e-10,0.0,0.0,-0.021700232007342547,unicycle
7.586124260498867,-12.170845659841614,4.206953936406501,0.0,0.0,-0.07204644244349172,0.4346484091977371,-2.8813583442594695e-09,7.001451495687462e-10,0.0,0.0,-0.020043448126038442,unicycle
7.594851142957912,-12.171477122011556,4.206953936417831,0.0,0.0,-0.07241832431266648,0.43748492204977146,-2.3328381293315414e-09,5.6655299960969e-10,0.0,0.0,-0.018594093458737734,unicycle
7.60362589181595,-12.172115216100147,4.20695393642699,0.0,0.0,-0.07276482499612918,0.43989596031895745,-1.8868562538454625e-09,4.579822092644436e-10,0.0,0.0,-0.017325034173135478,unicycle
7.612441150614089,-12.172759228145228,4.206953936434386,0.0,0.0,-0.07308907054407006,0.4419376083703467,-1.5245402834595816e-09,3.6981983610963225e-10,0.0,0.0,-0.016212277397042625,unicycle
7.621290549451776,-12.173408532122092,4.206953936440351,0.0,0.0,-0.07339376453434933,0.44365937399076166,-1.2304440048964644e-09,2.9829165126306914e-10,0.0,0.0,-0.015234699513964762,unicycle
7.630168585691448,-12.174062580156605,4.206953936445158,0.0,0.0,-0.07368124002281358,0.4451047821866004,-9.919330916836182e-10,2.4031154890404576e-10,0.0,0.0,-0.014373774423211813,unicycle
7.639070516351256,-12.1747208934616,4.206953936449027,0.0,0.0,-0.07395350621962844,0.44631196032533027,-7.986796568695869e-10,1.9335768138376067e-10,0.0,0.0,-0.013613309840742637,unicycle
7.647992261713631,-12.175383054044563,4.206953936452136,0.0,0.0,-0.07421229015859393,0.4473141999627907,-6.422466041902421e-10,1.5537062897822268e-10,0.0,0.0,-0.012939196948273505,unicycle
7.656930319492644,-12.17604869719577,4.20695393645463,0.0,0.0,-0.07445907369137982,0.448140485990223,-5.157459998921911e-10,1.2466972792681532e-10,0.0,0.0,-0.01233917663929398,unicycle
7.665881688795814,-12.17671750473916,4.206953936456626,0.0,0.0,-0.07469512617338579,0.4488159876440826,-4.135584300073815e-10,9.988435503064322e-11,0.0,0.0,-0.011802624100298328,unicycle
7.674843804603074,-12.177389199125406,4.206953936458225,0.0,0.0,-0.07492153317460597,0.4493625858821787,-3.311025787661699e-10,7.989752554574254e-11,0.0,0.0,-0.011320350061008958,unicycle
7.683814478150809,-12.178063538037959,4.2069539364595006,0.0,0.0,-0.0751392217073971,0.4497991695984911,-2.6464614329471433e-10,6.379962318823147e-11,0.0,0.0,-0.010884426639556759,unicycle
7.692791843683196,-12.17874030955245,4.206953936460517,0.0,0.0,-0.07534898229660494,0.4501419550599847,-2.11150754520331e-10,5.08504632278865e-11,0.0,0.0,-0.010488029460390649,unicycle
7.70177431368611,-12.179419328011083,4.206953936461327,0.0,0.0,-0.0755514881496222,0.45040491143454464,-1.681448597998236e-10,4.044820556057207e-11,0.0,0.0,-0.010125292650863368,unicycle
7.710760539914762,-12.180100430410135,4.20695393646197,0.0,0.0,-0.07574731180737776,0.45060005151477084,-1.3361958530301281e-10,3.21038956803e-11,0.0,0.0,-0.009791182887777992,unicycle
7.719749379554562,-12.180783473247676,4.206953936462478,0.0,0.0,-0.07593693957130222,0.4507376893257122,-1.0594347392509023e-10,2.542062705258042e-11,0.0,0.0,-0.00948138819622302,unicycle
7.728739865909566,-12.181468329781291,4.206953936462879,0.0,0.0,-0.07612078397488668,0.4508266673570588,-8.379271926061292e-11,2.00764963519554e-11,0.0,0.0,-0.009192220179223297,unicycle
7.737731183068397,-12.182154887649084,4.206953936463195,0.0,0.0,-0.07629919454232897,0.4508745562021772,-6.609411433035562e-11,1.581066986347323e-11,0.0,0.0,-0.008920528372112824,unicycle
7.746722644052052,-12.182843046810937,4.206953936463444,0.0,0.0,-0.07647246705162625,0.45088782933254573,-5.197842719021449e-11,1.241200044610546e-11,0.0,0.0,-0.0086636254648637,unicycle
7.755713672000064,-12.183532717770891,4.2069539364636395,0.0,0.0,-0.07664085149576189,0.4508720156182395,-4.0742322407804284e-11,9.709734279394352e-12,0.0,0.0,-0.008419222206783011,unicycle
7.764703784000434,-12.184223820045432,4.206953936463792,0.0,0.0,-0.07680455891360305,0.45083183204673,-3.181728269755577e-11,7.565928860693314e-12,0.0,0.0,-0.00818537089205794,unicycle
7.773692577214017,-12.184916280846107,4.2069539364639095,0.0,0.0,-0.07696376724190417,0.4507712989107949,-2.4744261207639395e-11,5.869271451071542e-12,0.0,0.0,-0.00796041641505483,unicycle
7.782679716985486,-12.185610033948441,4.206953936464002,0.0,0.0,-0.07711862632143184,0.4506938395444032,-1.9153022357597332e-11,4.530042917424929e-12,0.0,0.0,-0.007742953976384155,unicycle
7.791664926670616,-12.186305018722354,4.206953936464073,0.0,0.0,-0.07726926217365725,0.4506023664920294,-1.474531626186132e-11,3.4760177829657112e-12,0.0,0.0,-0.007531792611269641,unicycle
7.800647978943381,-12.187001179302223,4.206953936464126,0.0,0.0,-0.07741578064962754,0.4504993558081539,-1.1281185694566336e-11,2.6491290115294593e-12,0.0,0.0,-0.007325923798513976,unicycle
7.809628688376675,-12.18769846387749,4.206953936464165,0.0,0.0,-0.07755827053942638,0.45038691100384415,-8.56783108619117e-12,2.0027570457566036e-12,0.0,0.0,-0.0071244944899419805,unicycle
7.818606905117249,-12.188396824087052,4.206953936464194,0.0,0.0,-0.07769680621894282,0.4502668179888525,-6.450563010829529e-12,1.4995280787648793e-12,0.0,0.0,-0.006926783975821562,unicycle
7.827582509499294,-12.189096214502886,4.206953936464215,0.0,0.0,-0.07783144990036359,0.4501405922020285,-4.805457003915176e-12,1.1095274407501858e-12,0.0,0.0,-0.006732184071038576,unicycle
7.836555407461981,-12.189796592190275,4.206953936464233,0.0,0.0,-0.07796225354375691,0.45000951898061864,-3.5333956293555577e-12,8.088511326574771e-13,0.0,0.0,-0.00654018216966512,unicycle
7.845525526654659,-12.19049791633364,4.206953936464243,0.0,0.0,-0.07808926047919998,0.4498746880902379,-2.5552402032273837e-12,5.784326040702295e-13,0.0,0.0,-0.006350346772154921,unicycle
7.854492813129464,-12.191200147918554,4.2069539364642505,0.0,0.0,-0.07821250678200016,0.4497370232215391,-1.80792171436957e-12,4.0309340045053666e-13,0.0,0.0,-0.006162315140008564,unicycle
7.863457228535089,-12.191903249461726,4.206953936464258,0.0,0.0,-0.0783320224375551,0.44959730715623547,-1.2412791036023453e-12,2.7077574801431826e-13,0.0,0.0,-0.005975782777748588,unicycle
7.8724187477376235,-12.19260718478196,4.206953936464261,0.0,0.0,-0.07844783232719216,0.4494562032133271,-8.155046916793959e-13,1.7192287534268792e-13,0.0,0.0,-0.005790494481852432,unicycle
7.881377356804937,-12.193311918806014,4.206953936464265,0.0,0.0,-0.07855995706181923,0.44931427350523695,-4.990824322602308e-13,9.89791960044703e-14,0.0,0.0,-0.0056062367313541245,unicycle
7.8903330513002,-12.194017417404211,4.206953936464265,0.0,0.0,-0.07866841368633103,0.44917199446214834,-2.6712583980004457e-13,4.598764838585318e-14,0.0,0.0,-0.0054228312255896844,unicycle
7.899285834838016,-12.194723647251315,4.206953936464265,0.0,0.0,-0.07877321627436024,0.44902977002021116,-1.0003975042158151e-13,8.26571518750669e-15,0.0,0.0,-0.005240129401459961,unicycle
7.908235717863444,-12.195430575708906,4.206953936464265,0.0,0.0,-0.07887437643008084,0.4488879428145611,1.755578682071159e-14,-1.7854903677345617e-14,0.0,0.0,-0.005058007786030947,unicycle
7.917182716619993,-12.196138170726003,4.206953936464265,0.0,0.0,-0.07897190371129426,0.4487468036704094,9.768964778926115e-14,-3.523717453679518e-14,0.0,0.0,-0.0048763640606710925,unicycle
7.926126852277748,-12.19684640075516,4.206953936464265,0.0,0.0,-0.07906580598590617,0.4486065996440282,1.4973254255869037e-13,-4.610608260064145e-14,0.0,0.0,-0.0046951137305941,unicycle
7.935068150197014,-12.197555234681648,4.206953936464265,0.0,0.0,-0.07915608973208532,0.44846754082954093,1.8095176105853702e-13,-5.2182494771874424e-14,0.0,0.0,-0.004514187308958561,unicycle
7.944006639306615,-12.198264641763766,4.206953936464265,0.0,0.0,-0.07924276029084266,0.4483298061163644,1.9695456537193155e-13,-5.4790049286444075e-14,0.0,0.0,-0.004333527937866894,unicycle
7.952942351579065,-12.198974591582525,4.206953936464265,0.0,0.0,-0.07932582207844206,0.44819354805534367,2.0204194734586807e-13,-5.494034845432272e-14,0.0,0.0,-0.004153089379969107,unicycle
7.961875321587589,-12.199685053999277,4.206953936464265,0.0,0.0,-0.07940527876492502,0.44805889696852613,1.994903284161497e-13,-5.340072223478643e-14,0.0,0.0,-0.0039728343241475,unicycle
7.9708055876864075,-12.200395999243643,4.206953936464265,0.0,0.0,-0.07948113339648456,0.4479260423738598,1.91775412172613e-13,-5.074801101598637e-14,0.0,0.0,-0.0037927315779775154,unicycle
7.979733190977403,-12.201107397826593,4.206953936464265,0.0,0.0,-0.07955338853469658,0.4477951219589867,1.8074966629721003e-13,-4.741115086163341e-14,0.0,0.0,-0.003612756910601576,unicycle
7.9886581733387665,-12.201819220379454,4.206953936464265,0.0,0.0,-0.07962204639271907,0.44766617453432395,1.6778269217898455e-13,-4.370480507099987e-14,0.0,0.0,-0.0034328929011237736,unicycle
7.997580577426898,-12.202531437650636,4.206953936464265,0.0,0.0,-0.07968710891947203,0.4475392390102043,1.5387194213514202e-13,-3.985584882158144e-14,0.0,0.0,-0.0032531263376474693,unicycle
8.006500446660919,-12.203244020501689,4.206953936464265,0.0,0.0,-0.07974857787048184,0.4474143535271714,1.3972978761022967e-13,-3.6024159850340044e-14,0.0,0.0,-0.00307344755049025,unicycle
8.015417825195433,-12.20395693990294,4.206953936464265,0.0,0.0,-0.07980645486747182,0.44729155486890526,1.2585176317204643e-13,-3.23188820054404e-14,0.0,0.0,-0.002893849849498974,unicycle
8.024332757885766,-12.204670166928995,4.206953936464265,0.0,0.0,-0.07986074144846024,0.4471708780865838,1.1256985849105235e-13,-2.8811097359661065e-14,0.0,0.0,-0.002714329049420762,unicycle
8.033245290248804,-12.205383672754278,4.206953936464265,0.0,0.0,-0.0799114391098547,0.4470523562795278,1.0009396130147605e-13,-2.5543656060067153e-14,0.0,0.0,-0.0025348830697232263,unicycle
8.042155468421704,-12.206097428648713,4.206953936464265,0.0,0.0,-0.07995854934180131,0.4469360204896285,8.854393397623153e-14,-2.253876275647968e-14,0.0,0.0,-0.002355511597329818,omni
8.051016237992007,-12.20680812939875,4.2069628623764554,0.0,0.0,-0.08000194970838764,0.4444612826189403,-2.4879909607941465e-05,0.00044629560955385957,0.0,0.0,-0.0021700183293170317,unicycle
8.059802305518614,-12.207513977539742,4.206985516478218,0.0,0.0,-0.08004157508474301,0.44071873852687216,-6.314559152940523e-05,0.0011327050881358705,0.0,0.0,-0.001981268817768422,omni
8.068493002826848,-12.208213040652083,4.207025832500589,0.0,0.0,-0.08007748573622532,0.4359383721600438,-8.969278137967621e-05,0.0020158011186305223,0.0,0.0,-0.0017955325741163888,unicycle
8.077082505704105,-12.208904629701568,4.207084927707507,0.0,0.0,-0.08010972971529756,0.4308649745155736,-0.00010715025025078045,0.002954760345833374,0.0,0.0,-0.0016121989536118674,omni
8.085564298280724,-12.20958760574362,4.207164039976009,0.0,0.0,-0.08013845492562868,0.4254622718912447,-9.579470076868501e-05,0.003955613425155489,0.0,0.0,-0.0014362605165557786,unicycle
8.093942629963053,-12.210261932149017,4.207262369394956,0.0,0.0,-0.08016375271089636,0.4202712102538243,-6.739037339714913e-05,0.0049164709473672324,0.0,0.0,-0.0012648892633832808,omni
8.102217967934209,-12.210926910983492,4.207379799831495,0.0,0.0,-0.08018580649346557,0.41510063654367185,-3.99564643401468e-06,0.005871521827035503,0.0,0.0,-0.0011026891284609123,unicycle
8.110399208425665,-12.211582881691665,4.207514635162491,0.0,0.0,-0.08020471364582125,0.41037480187768904,7.656026181165901e-05,0.006741766549903407,0.0,0.0,-0.0009453576177844657,omni
8.118489731237199,-12.212229375730066,4.20766616929564,0.0,0.0,-0.08022066597093987,0.40581553405636567,0.00019257752896777356,0.007576706657451887,0.0,0.0,-0.0007976162559310428,unicycle
8.126500061880913,-12.212866943550742,4.207832381263971,0.0,0.0,-0.08023374838135601,0.40178305175943846,0.00032200952267219854,0.008310598416492006,0.0,0.0,-0.0006541205208073227,omni
8.13443428677869,-12.213495221263972,4.208012393577574,0.0,0.0,-0.08024414813787449,0.39795277241019344,0.00048473303571614965,0.00900061568014221,0.0,0.0,-0.0005199878259232806,unicycle
8.142302978072017,-12.214114873626894,4.2082041649673965,0.0,0.0,-0.08025192972500075,0.394652061360731,0.0006555652932236854,0.009588569491084928,0.0,0.0,-0.0003890793563127216,omni
8.150109820303275,-12.214725569773105,4.208406861923082,0.0,0.0,-0.08025727077652609,0.3915336572271107,0.0008566069539299997,0.01013484778426407,0.0,0.0,-0.00026705257626649605,unicycle
8.157864682765714,-12.215328033630827,4.208618572107357,0.0,0.0,-0.08026021304994727,0.38891003118898954,0.001060150314676935,0.010585509213628297,0.0,0.0,-0.000147113671058061,omni
8.165570366672616,-12.21592192779548,4.208838604605374,0.0,0.0,-0.08026092358538763,0.3864246636231404,0.0012908227948549352,0.011001624900921138,0.0,0.0,-3.552677201870753e-05,unicycle
8.173235755856158,-12.216508005162288,4.209065237318692,0.0,0.0,-0.08025942198225613,0.38438507843131786,0.0015187221610347417,0.011331635665901528,0.0,0.0,7.508015657505676e-05,omni
8.180862629845132,-12.217085901282136,4.2092979556818175,0.0,0.0,-0.08025586571367514,0.3824327262554212,0.0017711046188339848,0.011635918156312194,0.0,0.0,0.0001778134290488522,unicycle
8.188458852292866,-12.217656382492082,4.209535241405055,0.0,0.0,-0.08025025408012545,0.3808753684498781,0.002016041782269061,0.011864286161918813,0.0,0.0,0.0002805816774844227,omni
8.196025217920162,-12.218219047867992,4.209776755865233,0.0,0.0,-0.08024273682918238,0.3793560186318418,0.002283408941713291,0.012075723008965453,0.0,0.0,0.00037586254715391563,unicycle
8.203568655598183,-12.218774670089187,4.21002117396918,0.0,0.0,-0.08023329525486861,0.3781851027426935,0.0025393309607062726,0.012220905197307142,0.0,0.0,0.00047207871568843843,omni
8.211089090871145,-12.219322808564339,4.210268316257105,0.0,0.0,-0.08022207341022701,0.377008720097625,0.0028162348526239323,0.0123571143962577,0.0,0.0,0.0005610922320809139,unicycle
8.218592651223172,-12.219864239874632,4.21051702950774,0.0,0.0,-0.0802090368690379,0.37614084917643303,0.0030783329274520444,0.012435662531753605,0.0,0.0,0.0006518270594552742,omni
8.226078534152197,-12.220398483917247,4.2107672702781915,0.0,0.0,-0.08019432590235202,0.3752310711823825,0.0033605106952853256,0.01251203852261274,0.0,0.0,0.0007355483342939372,unicycle
8.23355220842465,-12.220926321162919,4.211018032609173,0.0,0.0,-0.08017789244020258,0.37459699278469655,0.0036250822568849165,0.012538116549081137,0.0,0.0,0.0008216731074715609,omni
8.241012282518929,-12.221447233807327,4.211269384935532,0.0,0.0,-0.08015987463455587,0.3738915031665365,0.003909290447671671,0.012567616317989576,0.0,0.0,0.0009008902823354782,unicycle
8.248463699281071,-12.221962007334692,4.211520444528203,0.0,0.0,-0.08014021256413333,0.3734355235826468,0.004173559644164656,0.012552979633628598,0.0,0.0,0.0009831035211277238,omni
8.255904602317168,-12.222470088737829,4.211771369240568,0.0,0.0,-0.08011904363859,0.37288482596964284,0.004457390359285613,0.0125462356183241,0.0,0.0,0.0010584462771671315,unicycle
8.263339523455222,-12.222972270050683,4.21202137792776,0.0,0.0,-0.08009629758638874,0.3725631811633293,0.004719327028639718,0.012500434359580443,0.0,0.0,0.001137302610062467,omni
8.270766247217596,-12.223467965721841,4.212270698218811,0.0,0.0,-0.0800721121763826,0.372128794538221,0.005001038371084595,0.012466014552497946,0.0,0.0,0.0012092705003065671,unicycle
8.278188991558414,-12.223957976023087,4.212518631951513,0.0,0.0,-0.08004640801388034,0.3719078513846082,0.005259201205079224,0.012396686635103323,0.0,0.0,0.0012852081251132571,omni
8.285605266276306,-12.224441685473979,4.21276546000094,0.0,0.0,-0.08001932408116612,0.37156035751152755,0.005537557646981164,0.012341402471435139,0.0,0.0,0.0013541966357109485,unicycle
8.293019048208258,-12.224919903789822,4.213010551678407,0.0,0.0,-0.07999077287602298,0.3714143282962837,0.005790939128995132,0.012254583873313065,0.0,0.0,0.0014275602571571402,omni
8.300427638637245,-12.225391987756772,4.213254227555597,0.0,0.0,-0.07996089525407829,0.37113124802358516,0.006065087923399723,0.012183793859567674,0.0,0.0,0.00149388109723479,unicycle
8.307834833622753,-12.225858757729634,4.213495911750416,0.0,0.0,-0.07992959641582013,0.3710406652353385,0.006313014739828567,0.012084209740925642,0.0,0.0,0.001564941912907232,omni
8.315237778747454,-12.226319544828016,4.213735953633774,0.0,0.0,-0.07989701957374477,0.3708051716463863,0.006582390591365273,0.012002094167956976,0.0,0.0,0.0016288421037691106,unicycle
8.322640135679118,-12.226775180975368,4.213973821934049,0.0,0.0,-0.07986306328712561,0.3707555235058156,0.006824434732853164,0.011893415013741953,0.0,0.0,0.001697814330956819,omni
8.330038934591748,-12.227224973411934,4.214209886183115,0.0,0.0,-0.07982787347585237,0.37055512014994346,0.007088681732309739,0.011803212453310735,0.0,0.0,0.001759490563664201,unicycle
8.337437737959025,-12.227669766312886,4.214443651597636,0.0,0.0,-0.07979134259093584,0.3705356667628744,0.007324592329974614,0.011688270726001872,0.0,0.0,0.001826544245826456,omni
8.344833490919351,-12.22810884457519,4.214675501102006,0.0,0.0,-0.07975361950552905,0.37036113375904317,0.007583504692066936,0.01159247521851536,0.0,0.0,0.0018861542703390132,unicycle
8.352229683179898,-12.228543065094925,4.214904969978905,0.0,0.0,-0.07971459099812471,0.3703639738634697,0.00781315674504893,0.011473443844984275,0.0,0.0,0.001951425370216419,omni
8.359623197514601,-12.22897169174567,4.215132449293526,0.0,0.0,-0.0796744090596883,0.37020854525865887,0.008066634608137651,0.011373965730968154,0.0,0.0,0.0020090969218217545,unicycle
8.367017470534744,-12.22939559443467,4.215357499342266,0.0,0.0,-0.07963295515580533,0.3702278940509916,0.008289991047773695,0.011252502436967807,0.0,0.0,0.0020726951941482897,omni
8.374409339431425,-12.229814017150723,4.21558051529165,0.0,0.0,-0.07959038449725203,0.37008662611251636,0.00853800801538334,0.011150797469158483,0.0,0.0,0.002128532927665151,unicycle
8.381802202255125,-12.230227842956776,4.215801078489923,0.0,0.0,-0.0795465735369981,0.37011826448403995,0.008755092049892641,0.011028159913680773,0.0,0.0,0.002190548012697112,omni
8.389192862947441,-12.230636296946068,4.216019585123652,0.0,0.0,-0.07950168075993252,0.3699875568892733,0.008997671691684053,0.010925331686519813,0.0,0.0,0.0022446388532784915,unicycle
8.396584691672937,-12.231040275365517,4.216235634490884,0.0,0.0,-0.07945557786061454,0.3700284162925432,0.009208546923251022,0.010802468361599645,0.0,0.0,0.0023051449658987233,omni
8.40397446813131,-12.231438985280315,4.216449621467715,0.0,0.0,-0.0794084266162675,0.3699056530525961,0.009445745992071156,0.010699348841619546,0.0,0.0,0.002357562217351974,unicycle
8.411365542400953,-12.231833336058415,4.216661160873121,0.0,0.0,-0.07936009418147393,0.3699535056201628,0.009650502314297791,0.010576970270240665,0.0,0.0,0.002416621739678028,omni
8.4187546764821,-12.23222251750599,4.216870644526436,0.0,0.0,-0.07931074561693408,0.3698367881785255,0.00988239892091449,0.01047418266577125,0.0,0.0,0.002467428226992459,unicycle
8.426145206041737,-12.23260745197863,4.217077700862861,0.0,0.0,-0.07926024372789645,0.3698900172917914,0.01008114265324922,0.010352816821260616,0.0,0.0,0.0025250944518818395,omni
8.433533880109195,-12.232987312713107,4.217282717350715,0.0,0.0,-0.07920875682952958,0.3697779676278241,0.01030782805053284,0.010250824392713897,0.0,0.0,0.0025743449183428715,unicycle
8.440924024054572,-12.233363034865599,4.217485334543172,0.0,0.0,-0.07915614354674125,0.3698353992337633,0.010500675137341705,0.010130859622830946,0.0,0.0,0.0026306641394157632,omni
8.44831237733875,-12.2337337757291,4.2176859346113655,0.0,0.0,-0.07910257540531176,0.36972701555024395,0.010722248098603395,0.010030003409719709,0.0,0.0,0.0026784070714741463,unicycle
8.455702258010339,-12.23410048303313,4.217884169042369,0.0,0.0,-0.07904790700186073,0.3697877948906459,0.010909319497039245,0.009911721550235706,0.0,0.0,0.0027334201725523074,omni
8.463090398400231,-12.234462298700848,4.21808041403091,0.0,0.0,-0.07899231301811731,0.36968234643871833,0.011125882535638905,0.009812249427090702,0.0,0.0,0.002779699187170509,unicycle
8.470480111383313,-12.234820182778314,4.218274331056195,0.0,0.0,-0.07893564416112503,0.3697458484425819,0.01130730114734716,0.00969585126428035,0.0,0.0,0.00283344284961459,omni
8.477868123901773,-12.23517326235085,4.218466289861253,0.0,0.0,-0.07887807820616255,0.3696427992499982,0.011518958026840664,0.009597940252935418,0.0,0.0,0.002878297748123829,unicycle
8.485257745205743,-12.235522509503019,4.2186559611622645,0.0,0.0,-0.07881946209881677,0.36970856370013155,0.011694846704713211,0.00948356505064368,0.0,0.0,0.0029308053672897102,omni
8.49264569808812,-12.235867036980066,4.218843707930519,0.0,0.0,-0.07875997664010392,0.3696075175021088,0.011901700841713323,0.009387338412686422,0.0,0.0,0.002974272935643186,unicycle
8.500035289291558,-12.236207828612272,4.2190292095076085,0.0,0.0,-0.07869946513377697,0.36967520232042,0.01207218113508842,0.009275078854391092,0.0,0.0,0.0030255753163464694,omni
8.507423238339378,-12.23654398327433,4.21921282189078,0.0,0.0,-0.07863811133511996,0.36957586295333755,0.012274334610883116,0.009180619158592822,0.0,0.0,0.003067689932851404,unicycle
8.514812850273708,-12.236876496239722,4.219394232545975,0.0,0.0,-0.07857575501877616,0.369645210664692,0.012439526010343592,0.009070532759723783,0.0,0.0,0.0031178158171884514,omni
8.522200841971245,-12.237204452958581,4.219573790383082,0.0,0.0,-0.07851258282049069,0.3695473536785893,0.012637078990970583,0.00897789185530967,0.0,0.0,0.0031586099142729765,unicycle
8.529590517358024,-12.237528859839179,4.219751190576398,0.0,0.0,-0.07844843109284252,0.36961816741347714,0.012797098505260694,0.00887000966574878,0.0,0.0,0.003207586382407607,omni
8.536978591104491,-12.23784878933325,4.219926774902058,0.0,0.0,-0.0783834892768861,0.36952161978681153,0.012990148930439798,0.008779216283049684,0.0,0.0,0.003247090797821043,unicycle
8.544368366445683,-12.238165258672483,4.220100245892338,0.0,0.0,-0.0783175904054344,0.3695937461583109,0.013145110879504682,0.008673549513995162,0.0,0.0,0.0032949435725844645,omni
8.55175655615687,-12.23847732771939,4.22027193819333,0.0,0.0,-0.07825092664909646,0.36949837184009904,0.013333754324369751,0.008584615049501271,0.0,0.0,0.0033331878168980215,unicycle
8.5591464630932,-12.238786024217003,4.220441561395598,0.0,0.0,-0.0781833278191845,0.36957168875551083,0.013483770269242083,0.008481160113429361,0.0,0.0,0.0033799414955985613,omni
8.566534799399927,-12.239090395832948,4.220609443056153,0.0,0.0,-0.07811498874005704,0.3694774304892615,0.013668103999392011,0.008394083027848026,0.0,0.0,0.0034169539563714654,unicycle
8.573924869906978,-12.23939148063254,4.220775299563494,0.0,0.0,-0.0780457361030842,0.3695519970043027,0.013813289039413682,0.008292825367101384,0.0,0.0,0.003462631848642947,omni
8.581313385496433,-12.239688314535558,4.220939451453999,0.0,0.0,-0.07797576731457524,0.3694588842622712,0.013993403780244721,0.008207594525331784,0.0,0.0,0.0034984394254477533,unicycle
8.588703649714166,-12.239981945429948,4.221101621684342,0.0,0.0,-0.07790490602762694,0.3695345651383194,0.014133860066070935,0.008108511517187996,0.0,0.0,0.0035430643474160927,omni
8.596092371075002,-12.24027139774129,4.221262123858784,0.0,0.0,-0.07783335214954952,0.3694424088651987,0.014309841430993092,0.00802510872207288,0.0,0.0,0.003577693903871189,unicycle
8.603482852582722,-12.240557728906435,4.221420687296392,0.0,0.0,-0.0777609263855467,0.3695190506544361,0.014445670404171575,0.007928171880504636,0.0,0.0,0.0036212882001409766,omni
8.61087180093414,-12.240839952240435,4.221577618772249,0.0,0.0,-0.07768783107112368,0.36942772650603356,0.014617603252838257,0.007846573792873488,0.0,0.0,0.003654765721151747,unicycle
8.618262519047363,-12.241119134445844,4.221732653780952,0.0,0.0,-0.0776138840509192,0.3695052262106698,0.014748904964737658,0.007751750435193384,0.0,0.0,0.003697351010223965,omni
8.625651712128986,-12.241394278090887,4.221886092381494,0.0,0.0,-0.07753929001641836,0.36941464917380695,0.014916872879111556,0.007671930027132782,0.0,0.0,0.003729701725042052,unicycle
8.633042683290112,-12.24166645885692,4.222037676072171,0.0,0.0,-0.07746386403641353,0.3694929342598529,0.015043745604696821,0.007579184533812537,0.0,0.0,0.0037712990002410664,omni
8.640432136439056,-12.241934668913864,4.222187698315915,0.0,0.0,-0.07738781308704411,0.3694030429517491,0.015207830601004314,0.007501112187174692,0.0,0.0,0.0038025474684712005,unicycle
8.647823375049045,-12.24219999263492,4.222335906454967,0.0,0.0,-0.07731094954366284,0.369482059064138,0.015330370640248177,0.00741040695258321,0.0,0.0,0.003843177169063774,omni
8.65521310184013,-12.242461412128176,4.222482587480728,0.0,0.0,-0.0772334825968112,0.36939280614671044,0.015490653029087397,0.007334051288034458,0.0,0.0,0.0038733473425817855,unicycle
8.66260462075012,-12.242720020173877,4.222627494429458,0.0,0.0,-0.0771552220087052,0.3694725096680129,0.015608954624446152,0.007245347436499132,0.0,0.0,0.00391302940529995,omni
8.669994633372475,-12.24297478914469,4.2227709079482185,0.0,0.0,-0.0770763791152225,0.3693838560895375,0.015765512961068217,0.0071706759380152415,0.0,0.0,0.003942144674135411,unicycle
8.677386444171987,-12.243226819946628,4.222912586625453,0.0,0.0,-0.07699676114379234,0.36946420971421856,0.015879668284213944,0.007083933861800014,0.0,0.0,0.003980898571509099,omni
8.684776753649597,-12.2434750755346,4.223052804892371,0.0,0.0,-0.07691658150781634,0.36937612132008757,0.01603257937146138,0.007010913345961435,0.0,0.0,0.0040089817987985395,unicycle
8.692168866835766,-12.243720664663467,4.223191326754533,0.0,0.0,-0.07683564497644826,0.36945709148329403,0.01614267854932557,0.006926093108179647,0.0,0.0,0.004046826568405283,omni
8.69955948315789,-12.24396254118017,4.223328420556049,0.0,0.0,-0.07675416697409367,0.3693695370734253,0.016292017469513226,0.006854690075771511,0.0,0.0,0.004073900117729217,unicycle
8.706951908236974,-12.244201821416313,4.223463855590266,0.0,0.0,-0.0766719498863925,0.3694510925030834,0.016398148630959716,0.0067717517109157155,0.0,0.0,0.004110854385059455,omni
8.71434284043823,-12.244437450413376,4.223597894242451,0.0,0.0,-0.07658921108354512,0.3693640427577577,0.016543988792115112,0.00670193260931923,0.0,0.0,0.004136940142368066,unicycle
8.721735585990126,-12.244670551812678,4.2237303109693745,0.0,0.0,-0.07650575064076262,0.3694461536940011,0.01664623812394081,0.006620836346225396,0.0,0.0,0.004173022139124259,omni
8.729126842203737,-12.244900062145893,4.22386136232466,0.0,0.0,-0.0764217878101475,0.3693595806096012,0.016788651311744514,0.006552567764228905,0.0,0.0,0.004198141530755945,unicycle
8.736519915927364,-12.245127112102233,4.223990827808466,0.0,0.0,-0.07633712042795068,0.3694422184105799,0.01688710311744303,0.006473274190313975,0.0,0.0,0.004233369109840261,omni
8.743911503425075,-12.245350629992663,4.2241189582685,0.0,0.0,-0.07625196956559704,0.3693560950258708,0.01702615954796971,0.006406523001757995,0.0,0.0,0.00425754311768273,unicycle
8.751304912174742,-12.245571753297693,4.224245538132157,0.0,0.0,-0.07616613089028187,0.3694392319893969,0.01712089630566446,0.0063289931828248314,0.0,0.0,0.004291933765757747,omni
8.758696837400896,-12.245789402390368,4.224370812665187,0.0,0.0,-0.0760798272314759,0.36935353227036344,0.01725666467635282,0.006263726651535367,0.0,0.0,0.004315182940298734,unicycle
8.766090587219106,-12.246004721291142,4.224494571109547,0.0,0.0,-0.0759928521557048,0.3694371415698175,0.017347767094118137,0.006187922217989663,0.0,0.0,0.004348753788555576,omni
8.77348285582275,-12.246216622711806,4.224617053271016,0.0,0.0,-0.07590543019049753,0.3693518403753585,0.017480314631793573,0.006124108073445975,0.0,0.0,0.004371098260362909,unicycle
8.780876951972118,-12.24642625696656,4.2247380530966385,0.0,0.0,-0.07581735286861836,0.36943589605086813,0.01756786169964804,0.0060499912811478864,0.0,0.0,0.004403866093957599,omni
8.788269568838968,-12.246632529376672,4.22485780505208,0.0,0.0,-0.0757288463569387,0.3693509691349364,0.01769725420522473,0.005987597772048102,0.0,0.0,0.004425325583982683,unicycle
8.79566401583448,-12.24683659630901,4.224976107682961,0.0,0.0,-0.07563970021992913,0.36943544610675494,0.017781323243677885,0.005915131544034167,0.0,0.0,0.004457306850478508,omni
8.803056985119454,-12.247037355959222,4.2250931902324655,0.0,0.0,-0.07555014220633967,0.3693508701326233,0.017907625133600426,0.005854127475189502,0.0,0.0,0.004477900679473225,unicycle
8.810451786761341,-12.2472359705108,4.225208855741046,0.0,0.0,-0.07545995997640889,0.3694357442191314,0.017988291838940962,0.005783275428990511,0.0,0.0,0.0045091114965379875,omni
8.817845111921693,-12.24743133129301,4.225323328344759,0.0,0.0,-0.07536938280453291,0.36935149677333634,0.01811156618363609,0.005723630185664078,0.0,0.0,0.004528858593798938,unicycle
8.825240271328857,-12.247624606074874,4.225436415477754,0.0,0.0,-0.07527819650940609,0.3694367447051184,0.01818890467028686,0.005654356649800124,0.0,0.0,0.0045593147563406395,omni
8.832633955157778,-12.247814679572949,4.225548336282005,0.0,0.0,-0.07518663183604735,0.36935280430545325,0.018309213229975724,0.005596040212609527,0.0,0.0,0.004578233667938636,unicycle
8.84002947480152,-12.24800272491556,4.225658902486705,0.0,0.0,-0.07509447282295104,0.3694384037320028,0.018383296070278707,0.0055283102349754564,0.0,0.0,0.004607950654814964,omni
8.847423519461849,-12.248187620454805,4.22576832835046,0.0,0.0,-0.07500195163192253,0.369354749827696,0.018500699328508785,0.005471293187721979,0.0,0.0,0.004626059551426226,unicycle
8.854819401199556,-12.248370544456865,4.22587642980122,0.0,0.0,-0.07490885058128598,0.36944067931603686,0.018571597590290943,0.005405072537917804,0.0,0.0,0.004655052531827351,omni
8.8622138082573,-12.248550369152285,4.225983416322622,0.0,0.0,-0.07481540319696094,0.3693572922801993,0.018686154785519077,0.005349326070131498,0.0,0.0,0.00467236921625191,unicycle
8.869610054926786,-12.248728277845325,4.226089107947368,0.0,0.0,-0.07472139015092544,0.36944360957409433,0.018753938067752468,0.005284581237293077,0.0,0.0,0.004700652301773593,omni
8.877004830391348,-12.248903136945222,4.226193709490227,0.0,0.0,-0.07462704628979636,0.36936064318673456,0.018865711129929554,0.005230077142848761,0.0,0.0,0.0047171930564540426,unicycle
8.884401449303763,-12.249076134399013,4.226297044996828,0.0,0.0,-0.07453215067347642,0.3694474071707836,0.01893045360525951,0.005166775330156364,0.0,0.0,0.004744780815995721,omni
8.89179659868936,-12.249246130916,4.226399314716888,0.0,0.0,-0.07443693940469104,0.36936476645462357,0.019039499286019335,0.00511348600298555,0.0,0.0,0.0047605634392695485,unicycle
8.899193592973063,-12.249414318909247,4.226500346619284,0.0,0.0,-0.07434118999118944,0.36945185194678637,0.019101263915670547,0.005051595119739983,0.0,0.0,0.0047874706750800486,omni
8.906589117618916,-12.249579553639158,4.226600336490231,0.0,0.0,-0.07424513974533106,0.3693694425865991,0.019207635119368148,0.0049994935474141555,0.0,0.0,0.004802512292918953,unicycle
8.913986487268682,-12.24974303179951,4.226699116134219,0.0,0.0,-0.07414856467990079,0.36945677657982207,0.019266485307696896,0.004938982199353627,0.0,0.0,0.0048287532715130975,omni
8.921382386178944,-12.24990360343792,4.226796876973323,0.0,0.0,-0.07405170327029975,0.36937454426391847,0.01937023519415383,0.004888041955124753,0.0,0.0,0.004843070480051163,unicycle
8.928780129462025,-12.250062469340108,4.226893454561994,0.0,0.0,-0.07395433008943984,0.3694620842272325,0.019426234060037448,0.004828879433490046,0.0,0.0,0.004868659042995004,omni
8.936176400372897,-12.25021847456625,4.226989036055338,0.0,0.0,-0.07385668472951082,0.36937999769566066,0.01952741547340612,0.004779074667231082,0.0,0.0,0.004882267996451268,unicycle
8.943574514632445,-12.250372823804874,4.227083460674079,0.0,0.0,-0.07375854037693844,0.3694677183872866,0.01958062541272408,0.004721230936962797,0.0,0.0,0.004907217628619552,omni
8.950971154611349,-12.250524357345803,4.227176911401385,0.0,0.0,-0.07366013769505553,0.3693857592178648,0.019679290543196316,0.004672536365342227,0.0,0.0,0.004920134094146208,unicycle
8.958369636708271,-12.250674283592717,4.22726923104244,0.0,0.0,-0.07356124853573053,0.36947364481761535,0.01972977297688469,0.004615982052698621,0.0,0.0,0.004944457966248959,omni
8.965766642475188,-12.250821438275528,4.227360598501418,0.0,0.0,-0.07346211458855494,0.36939180139948236,0.019825973169626684,0.004568372948840304,0.0,0.0,0.004956697358779924,unicycle
8.97316548901788,-12.25096703332797,4.227450860087993,0.0,0.0,-0.07336250642146785,0.36947984092703356,0.019873788407984108,0.0045130793286524105,0.0,0.0,0.004980408354353746,omni
8.980562857105964,-12.251109900124804,4.227540190718221,0.0,0.0,-0.07326266670628012,0.3693981050035991,0.019967574063427626,0.004466531511469923,0.0,0.0,0.004991985759386048,unicycle
8.98796206455931,-12.251251253947906,4.227628440128106,0.0,0.0,-0.07316236477643145,0.36948628973777303,0.020012781241752115,0.00441247049419689,0.0,0.0,0.0050150964924327406,omni
8.995359791385777,-12.251389922016612,4.227715779334458,0.0,0.0,-0.07306184424280047,0.3694046545011956,0.020104201771297965,0.004366960317544456,0.0,0.0,0.005026026681548052,unicycle
9.002759356114398,-12.251527122782516,4.227802061423182,0.0,0.0,-0.07296087325262919,0.36949297659594704,0.02014685882817411,0.004314104436250974,0.0,0.0,0.0050485495085646915,omni
9.010157438004025,-12.251661679504588,4.227887453598742,0.0,0.0,-0.07285969631361719,0.36941143569935064,0.0202359626425406,0.004269608777996899,0.0,0.0,0.005058846950599919,unicycle
9.017557356282069,-12.25179481362939,4.227971812222249,0.0,0.0,-0.07275808043403191,0.3694998874985935,0.020276126322765792,0.004217931175342764,0.0,0.0,0.005080793979263941,omni
9.024955789467805,-12.251925344646208,4.228055300770778,0.0,0.0,-0.07265627097705417,0.3694184345962634,0.02036296083881466,0.004174427426444608,0.0,0.0,0.005090472848887509,unicycle
9.032356057473775,-12.252054496825535,4.228137778807612,0.0,0.0,-0.07255403385815895,0.36950700834358285,0.020400686709868665,0.00412390184175407,0.0,0.0,0.005111855944760971,omni
9.039754838088209,-12.252181086073437,4.22821940616552,0.0,0.0,-0.07245161525556872,0.36942563692312114,0.02048529836727586,0.004081367895393911,0.0,0.0,0.005120930129511183,unicycle
9.047155451894888,-12.252306339317004,4.228300045538559,0.0,0.0,-0.07234878003713706,0.3695143246840158,0.02052064084265644,0.004031968651853334,0.0,0.0,0.005141760921583058,omni
9.054554575959871,-12.252429069061463,4.228379853196413,0.0,0.0,-0.07224577515657704,0.36943302805034883,0.020603075125305445,0.003990382892676416,0.0,0.0,0.005150244028001223,unicycle
9.061955531524523,-12.252550504726868,4.2284586948941065,0.0,0.0,-0.07214236447830591,0.3695218217400667,0.020636087490832337,0.0039420848846968,0.0,0.0,0.005170533913555837,omni
9.069354994942467,-12.252669455596012,4.228536723417671,0.0,0.0,-0.07203879569285011,0.36944059307031424,0.020716388949994006,0.0039014261781847182,0.0,0.0,0.005178439272789487,unicycle
9.076756288099599,-12.252787153421863,4.228613807514849,0.0,0.0,-0.07193483170441234,0.36952948452651574,0.02074712339089663,0.0038542048589539604,0.0,0.0,0.005198199421888948,omni
9.08415608664786,-12.252902404439313,4.2286900965656695,0.0,0.0,-0.07183072090251263,0.36944831695063146,0.020825335668595464,0.0038144525409551165,0.0,0.0,0.005205540094984985,unicycle
9.091557713105319,-12.253016442577769,4.228765462243873,0.0,0.0,-0.07172622527341797,0.36953729801789675,0.020853843296235828,0.003768283910198765,0.0,0.0,0.005224781454732755,omni
9.098957842433965,-12.253128071194912,4.228840050599404,0.0,0.0,-0.07162159386866303,0.3694561847013831,0.02093000914799722,0.0037294177766316753,0.0,0.0,0.0052315702377470985,unicycle
9.106359797772306,-12.253238526243598,4.228913736166776,0.0,0.0,-0.07151658779793447,0.3695452473109471,0.02095634002568479,0.0036842783685935108,0.0,0.0,0.005250303536427244,omni
9.11376025340496,-12.253346608371263,4.228986661740082,0.0,0.0,-0.07141145673862605,0.36946418152837446,0.021030501342315752,0.003646278665333871,0.0,0.0,0.005256552965421223,unicycle
9.121162533079676,-12.253453555404628,4.229058704650823,0.0,0.0,-0.07130596096429476,0.36955331776583034,0.021054704510013785,0.0036021455369848474,0.0,0.0,0.005274788716564541,omni
9.128563310416954,-12.25355816544418,4.2291300045098215,0.0,0.0,-0.07120035074284424,0.36947229296086165,0.021126902338320826,0.003564992949943249,0.0,0.0,0.0052805110725250935,unicycle
9.135965909762987,-12.253661678044255,4.229200441383211,0.0,0.0,-0.07109438555126568,0.3695614951196949,0.021149025836224744,0.003521843669422777,0.0,0.0,0.005298259578927863,omni
9.143367004087947,-12.253762888918091,4.229270151769507,0.0,0.0,-0.07098831621341309,0.36948050495101914,0.021219300398700985,0.0034855193148173765,0.0,0.0,0.005303466892629283,unicycle
9.150769918325963,-12.253863039204665,4.229339018408508,0.0,0.0,-0.07088190144840638,0.36956976557245746,0.02123939128975744,0.0034433319501096615,0.0,0.0,0.005320738250335719,omni
9.158171324811043,-12.253960922386128,4.229407174755808,0.0,0.0,-0.07077539260226338,0.369488803946838,0.021307782003328134,0.003407817364935826,0.0,0.0,0.005325442307149594,unicycle
9.16557455061448,-12.254057781156876,4.229474506165262,0.0,0.0,-0.07066854769387661,0.3695781940201256,0.021325886394797915,0.0033665704727812314,0.0,0.0,0.005342245419338681,omni
9.172976269332947,-12.2541524069797,4.2295411431173715,0.0,0.0,-0.07056161856905134,0.3694974274801392,0.02139243558479654,0.003331847605478497,0.0,0.0,0.005346456241261946,unicycle
9.180379808295791,-12.254246043794625,4.229606973521781,0.0,0.0,-0.0704543625527482,0.3695870186579982,0.0214086043335749,0.003291520220518916,0.0,0.0,0.005362800815157717,omni
9.187781839264618,-12.254337481089301,4.229672124950218,0.0,0.0,-0.07034703193953111,0.3695063646092671,0.021473349776608988,0.003257571421834572,0.0,0.0,0.0053665306608541,unicycle
9.195185689226841,-12.25442796394513,4.229736487811136,0.0,0.0,-0.07023938340159748,0.36959604393543566,0.021487623541451367,0.003218143045990878,0.0,0.0,0.005382426896680894,omni
9.202588028704685,-12.254516280042797,4.229800186832337,0.0,0.0,-0.0701316696545487,0.36951541981378727,0.021550599717442727,0.0031849510600384747,0.0,0.0,0.0053856873524402256,unicycle
9.209992184778269,-12.254603675491477,4.229863114865379,0.0,0.0,-0.07002364675611707,0.3696051259367846,0.021563019979664207,0.0031464016521170544,0.0,0.0,0.005401144921581645,omni
9.2173948270831,-12.254688936320294,4.229925393857533,0.0,0.0,-0.06991556781431227,0.36952448861229853,0.02162426194583185,0.0031139496076277385,0.0,0.0,0.005403947090240328,unicycle
9.224799283036534,-12.254773309548156,4.229986919048995,0.0,0.0,-0.06980718830866683,0.3696141901235557,0.02163487030904032,0.003076259573153224,0.0,0.0,0.005418975282271962,omni
9.232202221591884,-12.254855579699147,4.230047809668493,0.0,0.0,-0.06969876171069421,0.36953351898359066,0.021694413150312567,0.0030445309749170895,0.0,0.0,0.005421329898630626,unicycle
9.23960697063335,-12.254936994582385,4.230107963291617,0.0,0.0,-0.06959004295647768,0.3696232012611143,0.02170325091630962,0.003007681156187223,0.0,0.0,0.005435937710827234,omni
9.247010198547848,-12.255016337356949,4.23016749648915,0.0,0.0,-0.06948128585223498,0.36954248802582224,0.02176112941669212,0.0029766598766817723,0.0,0.0,0.0054378552121347075,unicycle
9.254415233747977,-12.255094856502922,4.230226309120011,0.0,0.0,-0.06937224482415721,0.3696321453928153,0.02176823733756801,0.002940631543040939,0.0,0.0,0.005452051403888776,omni
9.26181874411812,-12.255171333949399,4.230284515156297,0.0,0.0,-0.06926317398469763,0.3695513881145134,0.021824485791329874,0.0029103018142432277,0.0,0.0,0.005453541972978511,unicycle
9.269224058621615,-12.255247018729508,4.230342016689347,0.0,0.0,-0.06915382728271911,0.36964101928086046,0.02182990393204192,0.0028750766525700595,0.0,0.0,0.005467335098925993,omni
9.276627844674733,-12.255320691673296,4.230398925150505,0.0,0.0,-0.06904445910890303,0.3695602189102058,0.02188455604175084,0.0028454230579491794,0.0,0.0,0.005468408690804226,unicycle
9.284033431792176,-12.255393602250946,4.230455144813773,0.0,0.0,-0.06893482296648072,0.36964982441280614,0.02188832371058809,0.0028109831633544445,0.0,0.0,0.005481807121116633,omni
9.291437486940582,-12.255464530320836,4.230510784626373,0.0,0.0,-0.06882517349688846,0.36956898291457113,0.021941412537905353,0.0027819906300410356,0.0,0.0,0.005482473479612836,unicycle
9.298843340175306,-12.25553472567647,4.230565750996307,0.0,0.0,-0.068715263788636,0.36965856375275097,0.02194356825763437,0.0027483184967716603,0.0,0.0,0.005495485412624034,omni
9.306247658023821,-12.255602967328764,4.230620150442066,0.0,0.0,-0.0686053487070133,0.3695776831378495,0.021995126205271533,0.0027199722879005205,0.0,0.0,0.005495754081133728,unicycle
9.313653771066125,-12.255670505283224,4.230673891458077,0.0,0.0,-0.06849518095598442,0.36966724010633534,0.021995707707873596,0.0026870508004448353,0.0,0.0,0.005508387551443742,omni
9.32105834539748,-12.255736117824528,4.230727078188229,0.0,0.0,-0.0683850155983803,0.36958632199061964,0.022045766519266548,0.0026593365076674185,0.0,0.0,0.005508267880206438,unicycle
9.328464712104589,-12.255801055061381,4.230779621166869,0.0,0.0,-0.06827460498309709,0.36967585540635095,0.02204481075373451,0.002627148932058359,0.0,0.0,0.005520530764160512,omni
9.335869536856404,-12.25586409467063,4.230831622216234,0.0,0.0,-0.06816420434478622,0.3695949008603548,0.02209340152224059,0.002600052468221461,0.0,0.0,0.005520031915542628,unicycle
9.343276151228233,-12.255926486757867,4.230882993865103,0.0,0.0,-0.0680535657060818,0.3696844105009328,0.022090944669095232,0.0025685824435327013,0.0,0.0,0.00553193193522194,omni
9.35068122046881,-12.255987008507791,4.230933835665814,0.0,0.0,-0.06794294444832419,0.3696034200505811,0.02213809785184865,0.002542090035519832,0.0,0.0,0.005531062887879613,unicycle
9.35808807662465,-12.25604690991908,4.230984062097127,0.0,0.0,-0.06783209229603868,0.3696929051975272,0.0221341753406708,0.002511321565551241,0.0,0.0,0.005542607614275739,omni
9.365493384531074,-12.256104967797315,4.231033770492074,0.0,0.0,-0.06772126475270446,0.3696118788949156,0.022179920774306035,0.0024854197472831694,0.0,0.0,0.005541377166711084,unicycle
9.372900476689464,-12.2561624319329,4.231082877235922,0.0,0.0,-0.06761021327225494,0.3697013384210472,0.022174567302206443,0.002455337192431122,0.0,0.0,0.0055525740224746985,omni
9.380306017529437,-12.256218078862744,4.231131477491884,0.0,0.0,-0.06749919345632933,0.3696202759402695,0.022218934218926567,0.0024300127980220283,0.0,0.0,0.005550990796280446,unicycle
9.387713339991974,-12.25627315807004,4.231179489509229,0.0,0.0,-0.06738795651516405,0.3697097084082702,0.02221218376885837,0.002400600867330592,0.0,0.0,0.0055618470582653595,omni
9.395119108109553,-12.256326445930931,4.231227006329716,0.0,0.0,-0.0672767581251396,0.3696286091426497,0.02225520081207922,0.002375841024396747,0.0,0.0,0.005559919501222113,unicycle
9.402526655248536,-12.25637919152482,4.231273948025072,0.0,0.0,-0.06716534927908072,0.36971801289826006,0.022247086670471983,0.0023470847677862063,0.0,0.0,0.005570442302944941,omni
9.409932645053564,-12.256430171172507,4.231320405562888,0.0,0.0,-0.06705398570523954,0.3696368760477542,0.02228878190970732,0.0023228768909036163,0.0,0.0,0.0055681786920579075,unicycle
9.417340411303048,-12.256480633455336,4.23136630079672,0.0,0.0,-0.06694241820471684,0.3697262493003589,0.02227933668322678,0.0022947616915718577,0.0,0.0,0.0055783750261345225,omni
9.424746617263674,-12.25652935474174,4.231411722666239,0.0,0.0,-0.0668309025353038,0.3696450739448741,0.02231973762811864,0.002271093475879449,0.0,0.0,0.005575783470651791,unicycle
9.432154597113323,-12.256577583022997,4.2314565947670975,0.0,0.0,-0.06671918933147905,0.36973441483337927,0.022308993259528953,0.002243605042872484,0.0,0.0,0.005585660191238007,omni
9.439561013751051,-12.256624094815757,4.231501004056254,0.0,0.0,-0.06660753435876568,0.3696531999914297,0.02234812687304867,0.0022204644578178194,0.0,0.0,0.005582748635667233,unicycle
9.446969201742245,-12.256670137431433,4.231544875832627,0.0,0.0,-0.06649568810954744,0.36974250663594077,0.0223361146562367,0.0021935888187659815,0.0,0.0,0.0055923124609122115,omni
9.454375823628961,-12.256714487633124,4.231588295114667,0.0,0.0,-0.06638390633578667,0.3696612513098824,0.022374007367136566,0.0021709641019904973,0.0,0.0,0.005589088688038596,unicycle
9.461784214352631,-12.25675839196475,4.231631188866588,0.0,0.0,-0.06627193941173566,0.3697505218508723,0.02236075796139103,0.002144687596006687,0.0,0.0,0.005598346202549738,omni
9.46919103715444,-12.256800627531584,4.231673640211534,0.0,0.0,-0.06616004305500663,0.36966927721162796,0.022397439143082776,0.002122567247367141,0.0,0.0,0.005594817836451577,unicycle
9.476599629462042,-12.256842440127445,4.231715577741896,0.0,0.0,-0.06604796756740557,0.36975866815937836,0.022382987919147338,0.00209687651810315,0.0,0.0,0.005603774380053529,omni
9.484006654435719,-12.256882607348754,4.231757082727773,0.0,0.0,-0.0659359686238815,0.36967755231350985,0.022418482882431312,0.0020752492938261695,0.0,0.0,0.005599947176203205,unicycle
9.491415448554692,-12.256922373994716,4.231798085353427,0.0,0.0,-0.06582379644200115,0.36976700961654546,0.022402855883981283,0.0020501312826836666,0.0,0.0,0.005608609094017591,omni
9.498822673698017,-12.256960518146336,4.2318386650772215,0.0,0.0,-0.06571170661309383,0.36968590861906686,0.022437187047341225,0.0020289861896506337,0.0,0.0,0.00560449144536683,unicycle
9.50623166599772,-12.256998283553996,4.231878753639803,0.0,0.0,-0.06559944929850299,0.3697753481609189,0.022420411331096016,0.00200442812914362,0.0,0.0,0.00561286572954277,omni
9.513639086531356,-12.257034448893172,4.2319184287281875,0.0,0.0,-0.06548727999097136,0.3696942022024087,0.022453601860246183,0.0019837544193029646,0.0,0.0,0.0056084653765821465,unicycle
9.521048271430384,-12.257070256801768,4.231957623604719,0.0,0.0,-0.06537494882075451,0.36978358127175204,0.022435704844775715,0.0019597438265681263,0.0,0.0,0.005616558510841988,omni
9.528455881251013,-12.257104486648664,4.2319964142245485,0.0,0.0,-0.06526271116565766,0.3697023619511638,0.022467778137394118,0.001939530991472267,0.0,0.0,0.005611882754843191,unicycle
9.53586525231538,-12.257138379890714,4.232034735337786,0.0,0.0,-0.06515031714804773,0.36979166148133324,0.022448787200673573,0.001916055661924163,0.0,0.0,0.00561970088049535,omni
9.54327304481763,-12.257170716681738,4.232072661206333,0.0,0.0,-0.06503802201378418,0.36971035798319546,0.022479766572256005,0.0018962934273879977,0.0,0.0,0.0056147567131784315,unicycle
9.55068259536871,-12.257202737226804,4.232110128034902,0.0,0.0,-0.06492557589919244,0.3697995718433204,0.022459708811298405,0.0018733414285152339,0.0,0.0,0.005622305729586016,omni
9.558090563888157,-12.257233222551074,4.2321472084298914,0.0,0.0,-0.06481323390096251,0.3697181826849518,0.022489617310754897,0.0018540197493938332,0.0,0.0,0.005617099911496281,unicycle
9.565500287319336,-12.257263411536577,4.232183840018186,0.0,0.0,-0.0647007461902339,0.3698073113582638,0.022468519404692786,0.0018315794146940047,0.0,0.0,0.005624385536431402,omni
9.572908425353107,-12.2572920861624,4.23222009378758,0.0,0.0,-0.06458836769735356,0.3697258395817132,0.022497379711856412,0.0018126884697766763,0.0,0.0,0.00561892464401831,unicycle
9.580318315277927,-12.25732048391677,4.232255908755436,0.0,0.0,-0.06447584864836103,0.3698148865391112,0.02247526784955562,0.0017907483928261585,0.0,0.0,0.005625952449626373,unicycle
9.587773904924635,-12.257364754950906,4.232290351881778,0.0,0.0,-0.06435986861632019,0.3721487894859143,0.021788090814501795,0.001722156317100296,0.0,0.0,0.005799001602043186,unicycle
9.59530397911004,-12.257435438317613,4.232322824212547,0.0,0.0,-0.06423825440330472,0.37595276207828277,0.020665292170804768,0.001623616538478628,0.0,0.0,0.006080710650773193,unicycle
9.602926062235404,-12.257538909518678,4.232352973851944,0.0,0.0,-0.06410968354282597,0.38065145555949426,0.019277272345185916,0.0015074819698215147,0.0,0.0,0.006428543023938038,unicycle
9.610649432892973,-12.257678497631073,4.232380628883108,0.0,0.0,-0.0639734536872254,0.38582356956185465,0.017748839103672885,0.0013827515582819376,0.0,0.0,0.006811492780029112,unicycle
9.61847743878982,-12.257855342653349,4.232405745977056,0.0,0.0,-0.06382930474632609,0.391166095355254,0.016169796454119277,0.0012558546974143119,0.0,0.0,0.00720744704496491,unicycle
9.626409262241927,-12.258069049112564,4.232428371298758,0.0,0.0,-0.06367728301707276,0.39646624015850507,0.01460325418681229,0.0011312660850925195,0.0,0.0,0.007601086462666374,unicycle
9.634441255834842,-12.258318180378877,4.232448611016755,0.0,0.0,-0.06351763853379701,0.40157946318602306,0.01309212554548074,0.0010119858999567358,0.0,0.0,0.007982224163787561,unicycle
9.642567943204577,-12.258600628905869,4.232466609281607,0.0,0.0,-0.0633507485273986,0.40641236330215347,0.011664187856581557,0.0008999132425633954,0.0,0.0,0.008344500319920636,unicycle
9.650782760125347,-12.258913890256897,4.232482531985626,0.0,0.0,-0.06317706125672529,0.41090940813096677,0.010336006178853817,0.0007961352009046575,0.0,0.0,0.00868436353366538,unicycle
9.659078595268474,-12.25925526290937,4.23249655497362,0.0,0.0,-0.06299705560932825,0.4150426963182771,0.00911595978135263,0.0007011493996238799,0.0,0.0,0.009000282369851323,unicycle
9.667448177358878,-12.259621991149634,4.23250885565905,0.0,0.0,-0.0628112127991058,0.4188041074098075,0.008006562759844122,0.0006150342714766405,0.0,0.0,0.009292140511122277,unicycle
9.675884345383649,-12.260011364644283,4.232519607226658,0.0,0.0,-0.06261999724786173,0.4221993248692769,0.007006231116272097,0.0005375783803632975,0.0,0.0,0.009560777562203946,unicycle
9.684380230498762,-12.26042078530959,4.232528974782481,0.0,0.0,-0.06242384435477406,0.4252433231242137,0.0061106173315695084,0.00046837779107579294,0.0,0.0,0.009807644654383066,unicycle
9.6929293719278,-12.260847809748325,4.2325371129547005,0.0,0.0,-0.06222315335642363,0.42795699409302057,0.0053136083784280745,0.00040690861093032726,0.0,0.0,0.010034549917521295,unicycle
9.701525784121246,-12.261290173660534,4.2325441645613555,0.0,0.0,-0.06201828388097861,0.4303646564007752,0.0046080630469533665,0.00035258033280173557,0.0,0.0,0.010243473772251148,unicycle
9.710163988480648,-12.26174580316428,4.2325502600496545,0.0,0.0,-0.06180955512078989,0.4324922446750434,0.003986348418990958,0.0003047744148825626,0.0,0.0,0.010436438009435606,unicycle
9.718839019834123,-12.262212816804896,4.232555517481272,0.0,0.0,-0.06159724680265501,0.43436601955933835,0.003440722537943712,0.0002628715807768133,0.0,0.0,0.010615415906743652,unicycle
9.727546415406202,-12.262689521123592,4.232560042892603,0.0,0.0,-0.061381601336581854,0.43601167352632236,0.0029636001422488883,0.0002262705665984531,0.0,0.0,0.010782273303657868,unicycle
9.736282192116963,-12.263174401947337,4.2325639309014225,0.0,0.0,-0.06116282668218973,0.4374537349453386,0.0025477302467885672,0.00019440044103222206,0.0,0.0,0.010938732719605635,unicycle
9.745042816561979,-12.263666113010547,4.232567265464398,0.0,0.0,-0.06094109959532799,0.43871519455883384,0.002186307951113355,0.00016672814871948076,0.0,0.0,0.011086354343087211,unicycle
9.75382517087678,-12.264163463092721,4.232570120715435,0.0,0.0,-0.060716569012987325,0.43981729568018996,0.0018730377907714372,0.000142762551775459,0.0,0.0,0.011226529117032664,unicycle
9.762626516806254,-12.26466540252801,4.232572561834404,0.0,0.0,-0.060489359407793056,0.4407794429533584,0.0016021619578488499,0.00012205594853346826,0.0,0.0,0.011360480259713639,unicycle
9.771444461179712,-12.265171009786282,4.2325746459107325,0.0,0.0,-0.06025957402745932,0.44161927307145565,0.0013684635815075668,0.00010420381650863611,0.0,0.0,0.011489269016686851,unicycle
9.780276920094025,-12.265679478308162,4.232576422777635,0.0,0.0,-0.0600272978778334,0.4423525914669524,0.0011672528040880042,8.88433450391955e-05,0.0,0.0,0.011613807481296205,unicycle
9.789122083838693,-12.266190103946748,4.2325779358012685,0.0,0.0,-0.05979260043172813,0.4429934115964178,0.0009943414730136948,7.565118164163424e-05,0.0,0.0,0.011734872305263568,unicycle
9.797978385945461,-12.26670227335875,4.2325792226153975,0.0,0.0,-0.05955553809837437,0.4435541640763693,0.0008460107809867165,6.43407064361621e-05,0.0,0.0,0.011853116667687949,unicycle
9.806844474625558,-12.267215453313167,4.2325803157966835,0.0,0.0,-0.05931615641484912,0.44404581901975304,0.0007189750369739092,5.465906437028751e-05,0.0,0.0,0.011969084176262006,unicycle
9.8157191867038,-12.267729180951434,4.232581243479084,0.0,0.0,-0.05907449196775207,0.44447801389600317,0.0006103438665500048,4.638412005263252e-05,0.0,0.0,0.012083222354852095,unicycle
9.824601524049346,-12.268243054993404,4.232582029908096,0.0,0.0,-0.058830574060405705,0.4448591813317378,0.0005175844651464035,3.9321450555579253e-05,0.0,0.0,0.012195895367317933,unicycle
9.833490632427916,-12.268756727856791,4.232582695937181,0.0,0.0,-0.05858442614507444,0.4451966730254663,0.00043848501621579586,3.330145417593859e-05,0.0,0.0,0.012307395766563383,unicycle
9.842385782651128,-12.269269898640287,4.232583259469683,0.0,0.0,-0.058336067041881316,0.44549687726902276,0.00037112000220943984,2.8176625179282494e-05,0.0,0.0,0.012417955159656602,unicycle
9.851286353868538,-12.269782306910162,4.232583735850161,0.0,0.0,-0.05808551196682395,0.44576532854852746,0.0003138178510364179,2.3819023877615536e-05,0.0,0.0,0.012527753752868001,unicycle
9.8601918188321,-12.270293727224875,4.232584138209289,0.0,0.0,-0.05783277339099657,0.4460068084156813,0.0002651311518008533,2.011795633086146e-05,0.0,0.0,0.01263692879136898,unicycle
9.869101730956901,-12.270803964330506,4.232584477766634,0.0,0.0,-0.057577861752147755,0.4462254373369225,0.000223809523356334,1.6977867206250082e-05,0.0,0.0,0.012745581942440777,unicycle
9.878015713003357,-12.271312848960807,4.232584764095472,0.0,0.0,-0.05732078603829658,0.446424757591138,0.0001887751136578838,1.4316441846212258e-05,0.0,0.0,0.012853785692558418,unicycle
9.8869334472122,-12.2718202341782,4.232585005353643,0.0,0.0,-0.05706155426147809,0.4466078075335736,0.00015910063614734608,1.2062908580560568e-05,0.0,0.0,0.012961588840924888,unicycle
9.895854666732827,-12.272325992195826,4.232585208484226,0.0,0.0,-0.056800173837928306,0.44677718770341623,0.0001339898030020626,1.015652914709131e-05,0.0,0.0,0.013069021177488899,unicycle
9.904779148196816,-12.272830011625055,4.2325853793894925,0.0,0.0,-0.05653665188924523,0.4469351193477994,0.00011275998743795097,8.545263272176714e-06,0.0,0.0,0.013176097434153523,unicycle
9.913706705300456,-12.273332195097575,4.232585523081346,0.0,0.0,-0.056270995477339734,0.4470834959831266,9.482693331813207e-05,7.184592636734709e-06,0.0,0.0,0.013282820595275411,unicycle
9.922637183272576,-12.273832457215867,4.232585643811133,0.0,0.0,-0.056003211784363724,0.4472239286289709,7.969132619113613e-05,6.036489328046671e-06,0.0,0.0,0.013389184648799993,unicycle
9.931570454116157,-12.274330722790507,4.232585745181419,0.0,0.0,-0.05573330824729725,0.4473577853405772,6.692704260961465e-05,5.068514237708949e-06,0.0,0.0,0.013495176853323307,unicycle
9.940506412523964,-12.27482692532722,4.23258583024205,0.0,0.0,-0.05546129265550453,0.44748622564084606,5.6170901927021586e-05,4.253031547538808e-06,0.0,0.0,0.013600779589636456,unicycle
9.949444972379483,-12.275321005730675,4.232585901572575,0.0,0.0,-0.05518717321833773,0.4476102304173761,4.7113755065213046e-05,3.5665263270796973e-06,0.0,0.0,0.013705971858340018,unicycle
9.95827498562661,-12.275806602290892,4.232585961352841,0.0,0.0,-0.05486851129283966,0.4421677792469236,3.94927567562487e-05,2.9890132591871104e-06,0.0,0.0,0.015933096274903046,unicycle
9.966825534993987,-12.276273728308126,4.2325860114233524,0.0,0.0,-0.054439748174324634,0.4281649853896273,3.3084680589118215e-05,2.5035255494698903e-06,0.0,0.0,0.02143815592575117,unicycle
9.974987770602537,-12.276715584435165,4.232586053336833,0.0,0.0,-0.05385863403570494,0.4087093360197579,2.7700149196468784e-05,2.095674115445699e-06,0.0,0.0,0.029055706930984523,unicycle
9.982698661252348,-12.277127887819129,4.232586088402195,0.0,0.0,-0.053100225247431354,0.3860952969699738,2.3178664653276123e-05,1.7532681607966795e-06,0.0,0.0,0.037920439413679397,unicycle
9.98992847982724,-12.277508329509637,4.232586117721981,0.0,0.0,-0.052152285158961954,0.3619910782063247,1.938433633196732e-05,1.4659891984950963e-06,0.0,0.0,0.04739700442346946,unicycle
9.996671225231475,-12.277856118317116,4.232586142224212,0.0,0.0,-0.051011772023297874,0.33758546131796874,1.6202214880055794e-05,1.225111481217437e-06,0.0,0.0,0.057025656783204065,unicycle
10.002937345146607,-12.278171594253562,4.232586162689463,0.0,0.0,-0.049682167802476876,0.3137028434008382,1.3535151551276008e-05,1.0232626216482888e-06,0.0,0.0,0.06648021104104948,unicycle
10.008748254358823,-12.278455904303833,4.2325861797738416,0.0,0.0,-0.04817145630424161,0.2908930407537934,1.1301111782682798e-05,8.542189364825262e-07,0.0,0.0,0.07553557491176273,unicycle
10.014132248245717,-12.278710735908836,4.232586194028455,0.0,0.0,-0.046490601817119045,0.26950109519964693,9.4308806631025e-06,7.12730726626502e-07,0.0,0.0,0.08404272435612802,unicycle
10.019121495030353,-12.278938103446333,4.23258620591592,0.0,0.0,-0.04465241273687983,0.24972127699758842,7.86610580635561e-06,5.943733147601225e-07,0.0,0.0,0.0919094540119603,unicycle
10.023749857568859,-12.279140182191458,4.232586215824325,0.0,0.0,-0.04267070064881158,0.23163863351056854,6.557630168502886e-06,4.954202038496451e-07,0.0,0.0,0.09908560440341173,unicycle
10.02805134898235,-12.279319183576089,4.23258622407903,0.0,0.0,-0.040559665546097946,0.2152607532008556,5.464073586461466e-06,4.1273520098104413e-07,0.0,0.0,0.10555175513568156,unicycle
10.032059069026312,-12.279477265309252,4.232586230952647,0.0,0.0,-0.03833345358105529,0.20054186857571793,4.550627326604057e-06,3.436807750041375e-07,0.0,0.0,0.11131059825213253,unicycle
10.035915999053035,-12.27962069815277,4.232586236673454,0.0,0.0,-0.0360482356659596,0.1929798479674597,3.7880307799023988e-06,2.8604028905395354e-07,0.0,0.0,0.11426089575478418,unicycle
10.039823098891077,-12.279757107489313,4.232586241432495,0.0,0.0,-0.03378204963330583,0.19547405958716982,3.15170368820065e-06,2.3795207509800914e-07,0.0,0.0,0.11330930163268796,unicycle
10.0439167586298,-12.27989090393717,4.232586245389568,0.0,0.0,-0.03158793089676581,0.20479232330168637,2.621010995725221e-06,1.978536021001964e-07,0.0,0.0,0.10970593682700104,unicycle
10.048284992240596,-12.280024325426103,4.232586248678251,0.0,0.0,-0.02950018225547151,0.2185135757088304,2.17864064918414e-06,1.6443423676820077e-07,0.0,0.0,0.10438743206471454,unicycle
10.052979993068675,-12.280158225570862,4.232586251410156,0.0,0.0,-0.02753923074036372,0.23484552951052914,1.8100774730810068e-06,1.3659531040761579e-07,0.0,0.0,0.09804757575538908,unicycle
10.058027818897388,-12.280292637250371,4.232586253678486,0.0,0.0,-0.025715371435239807,0.252480787209829,1.5031586741467454e-06,1.1341639103570283e-07,0.0,0.0,0.09119296525619515,unicycle
10.063435819834416,-12.280427155970782,4.2325862555610225,0.0,0.0,-0.02403163694247493,0.27048371639560687,1.2476986256007477e-06,9.412682014654022e-08,0.0,0.0,0.08418672463824328,unicycle
10.069198292126384,-12.28056118768039,4.232586257122657,0.0,0.0,-0.022485981925347148,0.28820157021147563,1.0351723893975854e-06,7.808171155128203e-08,0.0,0.0,0.07728275085638867,unicycle
10.075300746165022,-12.280694099664325,4.232586258417493,0.0,0.0,-0.0210729330279172,0.3051950896076314,8.584489895428484e-07,6.474172839041111e-08,0.0,0.0,0.07065244487149724,unicycle
10.081723098535065,-12.280825305138501,4.232586259490615,0.0,0.0,-0.019784823147323043,0.3211846452851415,7.115667847951532e-07,5.365605626149645e-08,0.0,0.0,0.06440549402970754,unicycle
10.088442029001996,-12.28095430435374,4.232586260379575,0.0,0.0,-0.01861270387360687,0.33600845445923594,5.89544433693334e-07,4.444807766605513e-08,0.0,0.0,0.05860596368580851,unicycle
10.095432694096056,-12.281080698585916,4.232586261115641,0.0,0.0,-0.01754701002446233,0.34959039812960513,4.882219245051655e-07,3.680332762522688e-08,0.0,0.0,0.053284692457227084,unicycle
10.102669948054318,-12.28120418829325,4.232586261724828,0.0,0.0,-0.016578034338166042,0.3619153860486136,4.0412697991029636e-07,3.04593740762285e-08,0.0,0.0,0.04844878431481423,unicycle
10.110129189302917,-12.28132456292025,4.232586262228773,0.0,0.0,-0.015696257788172813,0.3730106354438334,3.3436286071335774e-07,2.519732105209128e-08,0.0,0.0,0.04408882749966106,unicycle
10.117786924764767,-12.281441687101871,4.232586262645468,0.0,0.0,-0.014892570993946471,0.38293156580084253,2.765142018208481e-07,2.0834678983378025e-08,0.0,0.0,0.04018433971131691,unicycle
10.12562112374421,-12.281555486133614,4.232586262989857,0.0,0.0,-0.014158414299553564,0.3917512815115603,2.285680320520324e-07,1.72193858868446e-08,0.0,0.0,0.03670783471964521,unicycle
10.133611416903085,-12.281665932309597,4.232586263274351,0.0,0.0,-0.013485857852852003,0.3995528298285427,1.8884757004924597e-07,1.422479671391567e-08,0.0,0.0,0.03362782233507784,unicycle
10.14173918304098,-12.281773032914984,4.23258626350926,0.0,0.0,-0.012867638105602344,0.4064235937921261,1.5595676281706228e-07,1.174548657845764e-08,0.0,0.0,0.030910987362482788,unicycle
10.149987556332173,-12.281876820155272,4.232586263703135,0.0,0.0,-0.012297163297454599,0.412451317089334,1.2873385092827733e-07,9.69373770785109e-09,0.0,0.0,0.02852374040738709,unicycle
10.15834137879356,-12.281977343011276,4.232586263863068,0.0,0.0,-0.011768497467441158,0.4177213670217017,1.0621251352100425e-07,7.996600400037311e-09,0.0,0.0,0.02643329150067197,unicycle
10.166787116613008,-12.282074660852533,4.232586263994937,0.0,0.0,-0.011276330181671703,0.42231492845134316,8.758937403907762e-08,6.5934355686467245e-09,0.0,0.0,0.024608364288472576,unicycle
10.175312754195375,-12.282168838572145,4.232586264103615,0.0,0.0,-0.010815937336604565,0.42630789024117627,7.219684038465572e-08,5.433861087293383e-09,0.0,0.0,0.02301964225335679,unicycle
10.183907676096153,-12.28225994298848,4.232586264193136,0.0,0.0,-0.010383136982808943,0.42977023992018726,5.948041602358653e-08,4.476036504023054e-09,0.0,0.0,0.021640017689780976,unicycle
10.19256254417949,-12.2823480402706,4.232586264266841,0.0,0.0,-0.009974243026272804,0.4327658249990432,4.897975611522394e-08,3.685231130887646e-09,0.0,0.0,0.02044469782680686,unicycle
10.201269175174826,-12.282433194170455,4.232586264327493,0.0,0.0,-0.009586018832825257,0.4353523728769325,4.031285877623283e-08,3.032629314640529e-09,0.0,0.0,0.019411209672377472,unicycle
10.210020422168759,-12.282515464876509,4.23258626437738,0.0,0.0,-0.009215632130351202,0.43758168749813586,3.3162879414009464e-08,2.4943341123688793e-09,0.0,0.0,0.018519335123702636,unicycle
10.218810062339672,-12.282594908335694,4.232586264418389,0.0,0.0,-0.00886061212896293,0.43949996134497316,2.7267138474981573e-08,2.0505368431709256e-09,0.0,0.0,0.017751000069413683,unicycle
10.227632692331012,-12.282671575920212,4.232586264452086,0.0,0.0,-0.008518809426181446,0.4411481572002999,2.2407962324500392e-08,1.6848252446172386e-09,0.0,0.0,0.017090135139073925,unicycle
10.236483631991927,-12.282745514341826,4.2325862644797585,0.0,0.0,-0.008188359004869741,0.442562426343123,1.840505532938279e-08,1.3836073843552092e-09,0.0,0.0,0.01652252106558525,unicycle
10.245358836734873,-12.282816765738195,4.232586264502471,0.0,0.0,-0.00786764644442788,0.4437745392255107,1.510915026708308e-08,1.1356321932092622e-09,0.0,0.0,0.016035628022093046,unicycle
10.254254818423597,-12.282885367873865,4.232586264521101,0.0,0.0,-0.0075552773335618535,0.44481231183124625,1.2396725391865921e-08,9.315906070253004e-10,0.0,0.0,0.015618455543301298,unicycle
10.263168574477039,-12.282951354413,4.232586264536378,0.0,0.0,-0.007250049782443161,0.44570001632410555,1.0165611080737682e-08,7.637839239116644e-10,0.0,0.0,0.015261377555934553,unicycle
10.272097524727815,-12.283014755232294,4.232586264548894,0.0,0.0,-0.006950929872898949,0.4464587686427357,8.331338003420765e-09,6.258481806390627e-10,0.0,0.0,0.014955995477210627,unicycle
10.281039455486976,-12.283075596751486,4.232586264559144,0.0,0.0,-0.006657029849355005,0.4471068886955796,6.8241030933868095e-09,5.125251937272773e-10,0.0,0.0,0.01469500117719715,unicycle
10.28999247022353,-12.283133902265517,4.232586264567532,0.0,0.0,-0.006367588834375546,0.4476602309942554,5.586249986102254e-09,4.1947245371203804e-10,0.0,0.0,0.014472050748972847,unicycle
10.298954946255291,-12.283189692267596,4.232586264574396,0.0,0.0,-0.006081955846028627,0.4481324851268955,4.57017766523132e-09,3.431053529695955e-10,0.0,0.0,0.014281649417345839,unicycle
10.307925496857413,-12.283242984756185,4.232586264580005,0.0,0.0,-0.005799574896312142,0.4485354465628268,3.736605348155529e-09,2.8046630851656326e-10,0.0,0.0,0.014119047485824258,unicycle
10.316902938219503,-12.283293795521729,4.232586264584588,0.0,0.0,-0.005519971957746321,0.44887925901272824,3.053133595963394e-09,2.2911624530158323e-10,0.0,0.0,0.013980146928291021,unicycle
10.32588626071605,-12.283342138410907,4.232586264588329,0.0,0.0,-0.005242743596908063,0.449172630034325,2.493051626615503e-09,1.870446612079111e-10,0.0,0.0,0.013861418041912795,unicycle
10.334874603994086,-12.283388025567685,4.232586264591381,0.0,0.0,-0.004967547087618597,0.44942302184267685,2.034349160203981e-09,1.5259512630794483e-10,0.0,0.0,0.013759825464473296,unicycle
10.343867235423712,-12.283431467651342,4.232586264593868,0.0,0.0,-0.004694091831579879,0.44963681941002537,1.658898098602219e-09,1.244035960434504e-10,0.0,0.0,0.013672762801935807,unicycle
10.352863531499336,-12.283472474032317,4.232586264595897,0.0,0.0,-0.00442213192968406,0.4498194779641648,1.3517751623013637e-09,1.0134735791333447e-10,0.0,0.0,0.013597995094790925,unicycle
10.36186296182073,-12.283511052967137,4.232586264597545,0.0,0.0,-0.0041514597624324155,0.44997565194770367,1.1007014629397962e-09,8.250279817827926e-11,0.0,0.0,0.013533608362582189,unicycle
10.370865076866933,-12.283547211760315,4.232586264598888,0.0,0.0,-0.003881900496868526,0.450109384633679,8.955790388057972e-10,6.711048099047436e-11,0.0,0.0,0.013477963278194413,unicycle
10.379869495465792,-12.283580956897962,4.232586264599979,0.0,0.0,-0.0036133072976897514,0.45022409288377574,7.281077548319938e-10,5.454628724974379e-11,0.0,0.0,0.013429659958938734,unicycle
10.388875892976014,-12.28361229416244,4.232586264600863,0.0,0.0,-0.003345557178789771,0.45032260275521274,5.914687792848856e-10,4.429757277420935e-11,0.0,0.0,0.013387505944999,unicycle
10.397883992853629,-12.283641228740589,4.232586264601581,0.0,0.0,-0.003078547489885111,0.45040731870445616,4.800631894565059e-10,3.594348208949142e-11,0.0,0.0,0.013350484445232997,unicycle
10.406893559429555,-12.283667765318418,4.232586264602164,0.0,0.0,-0.002812192903674467,0.4504802841299742,3.8929620602847066e-10,2.9138701174367594e-11,0.0,0.0,0.013317729310532144,unicycle
10.415904391733802,-12.283691908163787,4.232586264602636,0.0,0.0,-0.0025464228355197823,0.4505432336917575,3.1539917553493e-10,2.3600054779570572e-11,0.0,0.0,0.013288503407734185,unicycle
10.424916318222166,-12.283713661198423,4.232586264603016,0.0,0.0,-0.0022811792361971334,0.45059763842691175,2.5528276697091604e-10,1.9095455579470134e-11,0.0,0.0,0.013262179966132367,unicycle
10.433929192279626,-12.283733028060578,4.232586264603325,0.0,0.0,-0.0020164147058951013,0.45064474457577114,2.064159676044285e-10,1.543479686629509e-11,0.0,0.0,0.013238226515101578,unicycle
10.442942888390892,-12.283750012159436,4.232586264603574,0.0,0.0,-0.001752090884404769,0.45068560693372445,1.6672639248758227e-10,1.2462450628626105e-11,0.0,0.0,0.013216191074516572,unicycle
10.451957298883086,-12.283764616722284,4.232586264603777,0.0,0.0,-0.0014881770784199678,0.45072111745150323,1.3451819377955874e-10,1.0051091070413027e-11,0.0,0.0,0.013195690299240007,unicycle
10.460972331158247,-12.283776844835359,4.23258626460394,0.0,0.0,-0.0012246490921208654,0.4507520297216719,1.0840449629171658e-10,8.096611926429326e-12,0.0,0.0,0.013176399314955073,unicycle
10.469987905344565,-12.283786699479151,4.2325862646040715,0.0,0.0,-0.0009614882318192971,0.4507789799116911,8.725181674568331e-11,6.513945984970667e-12,0.0,0.0,0.01315804301507837,unicycle
10.479003952305092,-12.283794183558907,4.2325862646041745,0.0,0.0,-0.0006986804594679958,0.4508025046341103,7.013436452436316e-11,5.23362843077355e-12,0.0,0.0,0.01314038861756501,unicycle
10.488020411951211,-12.283799299930923,4.23258626460426,0.0,0.0,-0.0004362156733417242,0.4508230561818975,5.6296486546481204e-11,4.198973130269618e-12,0.0,0.0,0.01312323930631353,unicycle
10.497037231815609,-12.283802051425177,4.232586264604327,0.0,0.0,-0.00017408709724518805,0.4508410155012214,4.5121821093712176e-11,3.3637537630589086e-12,0.0,0.0,0.013106428804826754,unicycle
10.506054365845943,-12.283802440864822,4.232586264604381,0.0,0.0,8.770923775547932e-05,0.45085670322467297,3.610797560895591e-11,2.690300561573622e-12,0.0,0.0,0.013089816750033314,unicycle
10.515071773386003,-12.283800471082907,4.232586264604423,0.0,0.0,0.0003491749327949288,0.4508703890444257,2.8845750520253797e-11,2.1479390238838123e-12,0.0,0.0,0.013073284751972421,unicycle
10.524089418315997,-12.283796144936728,4.232586264604459,0.0,0.0,0.0006103095936076315,0.45088229966665544,2.3002102391357426e-11,1.711709868368246e-12,0.0,0.0,0.013056733040635086,unicycle
10.533107268327713,-12.283789465320124,4.232586264604487,0.0,0.0,0.0008711111459050423,0.4508926255551366,1.830618127824582e-11,1.3613201655359085e-12,0.0,0.0,0.013040077614870483,unicycle
10.542125294313937,-12.283780435173993,4.2325862646045085,0.0,0.0,0.0011315761023075203,0.45090152664281186,1.4537894166543021e-11,1.0802843954136848e-12,0.0,0.0,0.013023247820123846,unicycle
10.55114346985455,-12.283769057495267,4.232586264604526,0.0,0.0,0.0013916997881489985,0.450909137164811,1.1518543001046432e-11,8.552214572639822e-13,0.0,0.0,0.013006184292073853,unicycle
10.560161770784347,-12.283755335344575,4.2325862646045405,0.0,0.0,0.0016514765323923284,0.45091556974444263,9.103165600901032e-12,6.752796664149079e-13,0.0,0.0,0.012988837212166456,unicycle
10.569180174829897,-12.283739271852747,4.232586264604551,0.0,0.0,0.0019108998289676423,0.45092091884469315,7.174273590674362e-12,5.316667300457221e-13,0.0,0.0,0.012971164828765635,unicycle
10.578198661304672,-12.283720870226357,4.232586264604558,0.0,0.0,0.002169962473053835,0.4509252636813817,5.6367357804987256e-12,4.1726578176173045e-13,0.0,0.0,0.012953132204309565,unicycle
10.587217210853328,-12.2837001337524,4.232586264604565,0.0,0.0,0.0024286566761459816,0.450928670680005,4.413600196662345e-12,3.263219244590648e-13,0.0,0.0,0.012934710154607308,unicycle
10.596235805237383,-12.283677065802244,4.232586264604569,0.0,0.0,0.002686974163173097,0.4509311955461754,3.4426848538287666e-12,2.541865071938404e-13,0.0,0.0,0.012915874351355742,unicycle
10.60525442715578,-12.283651669834978,4.232586264604572,0.0,0.0,0.002944906254437189,0.45093288500914447,2.6737977430497354e-12,1.9710864792652713e-13,0.0,0.0,0.012896604563204536,unicycle
10.614273060094796,-12.283623949400187,4.232586264604576,0.0,0.0,0.003202443934724018,0.450933778288986,2.0664715212492108e-12,1.5206539568207383e-13,0.0,0.0,0.01287688401434136,unicycle
10.62329168820263,-12.283593908140308,4.2325862646045795,0.0,0.0,0.0034595779115778663,0.45093390833038444,1.5881189672308795e-12,1.1662347363670931e-13,0.0,0.0,0.012856698842692377,unicycle
10.632310296184714,-12.283561549792546,4.232586264604583,0.0,0.0,0.003716298664427969,0.45093330283945904,1.2125321933095028e-12,8.882681744405616e-14,0.0,0.0,0.01283603764250512,unicycle
10.641328869216458,-12.283526878190491,4.232586264604583,0.0,0.0,0.003972596485995272,0.4509319851544967,9.186625124968763e-13,6.710516911993808e-14,0.0,0.0,0.012814891078365082,unicycle
10.650347392870607,-12.283489897265412,4.232586264604583,0.0,0.0,0.004228461517188226,0.45092997497672965,6.896292893038392e-13,5.0199845977739335e-14,0.0,0.0,0.012793251559647634,unicycle
10.65936585305685,-12.28345061104732,4.232586264604583,0.0,0.0,0.004483883776509636,0.4509272889832695,5.119154857655503e-13,3.710350943977081e-14,0.0,0.0,0.012771112966070492,unicycle
10.668384237516202,-12.283409023658889,4.232586264604583,0.0,0.0,0.004738853140471905,0.45092401856684067,3.74715314894248e-13,2.7011337276129043e-14,0.0,0.0,0.012748468198113365,unicycle
10.677402535066014,-12.283365139318317,4.232586264604583,0.0,0.0,0.004993359385010535,0.4509202173647194,2.6940572977828365e-13,1.9281477404530895e-14,0.0,0.0,0.012725312226931487,unicycle
10.68642073387137,-12.283318962347664,4.232586264604583,0.0,0.0,0.005247392251778517,0.4509158525792462,1.8911865402687298e-13,1.3403050344206255e-14,0.0,0.0,0.01270164333839903,unicycle
10.695438821642774,-12.283270497172689,4.232586264604583,0.0,0.0,0.005500941456487602,0.45091090129199796,1.2839510101357692e-13,8.970286018237816e-15,0.0,0.0,0.012677460235454177,unicycle
10.704456785786945,-12.28321974832262,4.232586264604583,0.0,0.0,0.005753996696422648,0.4509053481201397,8.290580248145121e-14,5.661641415110753e-15,0.0,0.0,0.012652761996752308,unicycle
10.713474613521038,-12.283166720429904,4.232586264604583,0.0,0.0,0.0060065476571779155,0.4508991833865213,4.922580912407079e-14,3.222959003514088e-15,0.0,0.0,0.012627548037763333,unicycle
10.722492291958384,-12.283111418229904,4.232586264604583,0.0,0.0,0.006258584018671743,0.45089240169684475,2.4652849987433855e-14,1.4539002631948647e-15,0.0,0.0,0.01260181807469127,unicycle
10.731509808172213,-12.283053846560582,4.232586264604583,0.0,0.0,0.006510095460499593,0.4508850008385675,7.061137100990308e-15,1.9703125534038297e-16,0.0,0.0,0.012575572091392411,unicycle
10.740527149242439,-12.282994010362172,4.232586264604583,0.0,0.0,0.006761071666686092,0.4508769809333857,-5.216146767140931e-15,-6.709464316816835e-16,0.0,0.0,0.012548810309324959,unicycle
10.749544302289456,-12.282931914676833,4.232586264604583,0.0,0.0,0.0070115023298953595,0.45086834378896967,-1.3481172983954632e-14,-1.2462310289028364e-15,0.0,0.0,0.012521533160463274,unicycle
10.758561254498106,-12.282867564648308,4.232586264604583,0.0,0.0,0.007261377155156233,0.4508590924067282,-1.8747067393846904e-14,-1.6035564263726302e-15,0.0,0.0,0.01249374126304364,unicycle
10.767577993134235,-12.28280096552156,4.232586264604583,0.0,0.0,0.007510685863155569,0.4508492306112895,-2.1798407054515993e-14,-1.8006995793486197e-15,0.0,0.0,0.012465435399966758,unicycle
10.776594505555723,-12.282732122642395,4.232586264604583,0.0,0.0,0.007759418193148747,0.45083876277452456,-2.3239548556838892e-14,-1.882079150552327e-15,0.0,0.0,0.012436616499658833,unicycle
10.785610779219446,-12.28266104145711,4.232586264604583,0.0,0.0,0.008007563905532401,0.4508276936126466,-2.3533165011432686e-14,-1.8816232318394353e-15,0.0,0.0,0.012407285619182728,unicycle
10.794626801685327,-12.282587727512102,4.232586264604583,0.0,0.0,0.0082551127841202,0.45081602803947707,-2.303091490379673e-14,-1.8250499825622636e-15,0.0,0.0,0.01237744392938982,unicycle
10.80364256061828,-12.282512186453475,4.232586264604583,0.0,0.0,0.008502054638158377,0.4508037710626009,-2.1997797199345706e-14,-1.7316773964044395e-15,0.0,0.0,0.012347092701908714,unicycle
10.812658043788748,-12.282434424026661,4.232586264604583,0.0,0.0,0.008748379304113913,0.4507909277120203,-2.063144762960231e-14,-1.6158559854062952e-15,0.0,0.0,0.012316233297776806,unicycle
10.82167323907229,-12.282354446075992,4.232586264604583,0.0,0.0,0.008994076647264575,0.4507775029932091,-1.9077388175590204e-14,-1.48809998563902e-15,0.0,0.0,0.012284867157533021,unicycle
10.830688134448605,-12.282272258544308,4.232586264604583,0.0,0.0,0.009239136563116658,0.45076350185828234,-1.744104488963315e-14,-1.355977955828039e-15,0.0,0.0,0.012252995792604022,unicycle
10.839702718000217,-12.282187867472537,4.232586264604583,0.0,0.0,0.00948354897867327,0.45074892919042786,-1.5797189787595176e-14,-1.224811714701429e-15,0.0,0.0,0.012220620777830562,unicycle
10.848716977911055,-12.282101278999246,4.232586264604583,0.0,0.0,0.009727303853573175,0.4507337897978747,-1.4197333598458234e-14,-1.0982229196431142e-15,0.0,0.0,0.01218774374499518,unicycle
10.857730902465052,-12.282012499360226,4.232586264604583,0.0,0.0,0.009970391181117703,0.45071808841455785,-1.2675491963735305e-14,-9.78558799815287e-16,0.0,0.0,0.01215436637722642,unicycle
10.866744480044837,-12.281921534888038,4.232586264604583,0.0,0.0,0.010212800989201064,0.45070182970532885,-1.1252663576763163e-14,-8.672222719109031e-16,0.0,0.0,0.012120490404167987,unicycle
10.875757699130581,-12.281828392011555,4.232586264604583,0.0,0.0,0.010454523341157337,0.45068501827410234,-9.940290945193751e-15,-7.6492660149115025e-16,0.0,0.0,0.012086117597813664,unicycle
10.884770548299063,-12.281733077255502,4.232586264604583,0.0,0.0,0.010695548336535748,0.4506676586737465,-8.742919857938999e-15,-6.718906957656563e-16,0.0,0.0,0.012051249768920377,unicycle
10.893783016222917,-12.281635597239987,4.232586264604583,0.0,0.0,0.010935866111814189,0.45064975541684493,-7.660229725438586e-15,-5.8798783622514675e-16,0.0,0.0,0.012015888763922046,unicycle
10.902795091670141,-12.281535958680015,4.232586264604583,0.0,0.0,0.011175466841059717,0.4506313129867079,-6.688571694765939e-15,-5.128580285631793e-16,0.0,0.0,0.011980036462276415,unicycle
10.911806763503773,-12.281434168385015,4.232586264604583,0.0,0.0,0.011414340736543429,0.450612335848196,-5.82212315785407e-15,-4.459920384337967e-16,0.0,0.0,0.011943694774185484,unicycle
10.920818020681812,-12.281330233258329,4.232586264604583,0.0,0.0,0.011652478049316184,0.45059282845806364,-5.0537446239663815e-15,-3.8679349385488274e-16,0.0,0.0,0.011906865638637796,unicycle
10.929828852257316,-12.281224160296716,4.232586264604583,0.0,0.0,0.011889869069750736,0.4505727952746345,-4.3756068233162205e-15,-3.3462408666194455e-16,0.0,0.0,0.011869551021727485,unicycle
10.938839247378667,-12.281115956589854,4.232586264604583,0.0,0.0,0.012126504128054955,0.45055224076669986,-3.779641461833119e-15,-2.8883583007711607e-16,0.0,0.0,0.011831752915210986,unicycle
10.947849195290017,-12.281005629319802,4.232586264604583,0.0,0.0,0.012362373594760306,0.45053116942158794,-3.25785754068305e-15,-2.4879347356627643e-16,0.0,0.0,0.011793473335267474,unicycle
10.956858685331854,-12.280893185760496,4.232586264604583,0.0,0.0,0.012597467881188982,0.45050958575239336,-2.8025560086997938e-15,-2.1388949637585988e-16,0.0,0.0,0.011754714321433817,unicycle
10.965867706941719,-12.280778633277206,4.232586264604583,0.0,0.0,0.012831777439902757,0.45048749430438384,-2.406468263252354e-15,-1.8355356247931498e-16,0.0,0.0,0.011715477935688709,unicycle
10.974876251201628,-12.280661979306172,4.232586264604583,0.0,0.0,0.013065292722843309,0.45046497699749255,-2.06283827757871e-15,-1.572578939015433e-16,0.0,0.0,0.011675764147027565,unicycle
10.983884310124555,-12.28054323136233,4.232586264604583,0.0,0.0,0.01329800420138216,0.4504420800706477,-1.765463605905554e-15,-1.345196837963936e-16,0.0,0.0,0.011635573926942429,unicycle
10.992891874958861,-12.280422397060738,4.232586264604583,0.0,0.0,0.013529902413173839,0.45041876497424016,-1.5087069567883603e-15,-1.1490140693975924e-16,0.0,0.0,0.011594910589583864,unicycle
11.001898936415591,-12.280299484113579,4.232586264604583,0.0,0.0,0.013760977956315585,0.450395004520813,-1.2874872331509052e-15,-9.800967877629493e-17,0.0,0.0,0.011553777157087311,unicycle
11.010905484843823,-12.280174500327632,4.232586264604583,0.0,0.0,0.013991221484931525,0.4503707802889886,-1.0972567564367626e-15,-8.349315303356354e-17,0.0,0.0,0.011512176430796743,unicycle
11.019911510365235,-12.280047453602162,4.232586264604583,0.0,0.0,0.014220623705876288,0.45034608058281217,-9.339696954410732e-16,-7.103982275092054e-17,0.0,0.0,0.011470111047238088,unicycle
11.028917002976675,-12.279918351927131,4.232586264604583,0.0,0.0,0.014449175376315352,0.45032089883302134,-7.940454064104417e-16,-6.037399280980317e-17,0.0,0.0,0.011427583521953102,unicycle
11.037921952627793,-12.279787203381675,4.232586264604583,0.0,0.0,0.014676867301989168,0.45029523234918767,-6.743293789126593e-16,-5.125311766817765e-17,0.0,0.0,0.011384596283690632,unicycle
11.046926349279255,-12.279654016132787,4.232586264604583,0.0,0.0,0.014903690336008303,0.4502690813497894,-5.720537072224419e-16,-4.3464641190258193e-17,0.0,0.0,0.011341151700956679,unicycle
11.055930182945964,-12.27951879843417,4.232586264604583,0.0,0.0,0.015129635378058805,0.4502424482118761,-4.847984181641707e-16,-3.682293240246452e-17,0.0,0.0,0.011297252102524942,unicycle
11.064933443728723,-12.27938155862522,4.232586264604583,0.0,0.0,0.015354693373922552,0.45021533689374565,-4.104545426959938e-16,-3.116637866608315e-17,0.0,0.0,0.011252899793187277,unicycle
11.073936121837079,-12.27924230513012,4.232586264604583,0.0,0.0,0.015578855315237842,0.45018775249351356,-3.4718948768576104e-16,-2.635467373618328e-17,0.0,0.0,0.011208097065764401,unicycle
11.082938207605467,-12.279101046457,4.232586264604583,0.0,0.0,0.015802112239441616,0.4501597009140513,-2.934150207724381e-16,-2.2266320580053078e-17,0.0,0.0,0.011162846210188666,unicycle
11.091939691504287,-12.278957791197183,4.232586264604583,0.0,0.0,0.01602445522984769,0.45013118861086393,-2.4775800479549404e-16,-1.8796356164919787e-17,0.0,0.0,0.011117149520303618,unicycle
11.100940564147258,-12.278812548024446,4.232586264604583,0.0,0.0,0.01624587541582551,0.4501022224043576,-2.0903389319352283e-16,-1.585429652324876e-17,0.0,0.0,0.01107100929889096,unicycle
11.109940816295994,-12.278665325694352,4.232586264604583,0.0,0.0,0.01646636397305208,0.4500728093418476,-1.7622291163924443e-16,-1.3362294348981464e-17,0.0,0.0,0.011024427861328345,unicycle
11.118940438862571,-12.278516133043581,4.232586264604583,0.0,0.0,0.016685912123816,0.45004295659777355,-1.4844879433315144e-16,-1.1253497456616981e-17,0.0,0.0,0.010977407538195792,unicycle
11.12793942291071,-12.278364978989297,4.232586264604583,0.0,0.0,0.016904511137357605,0.4500126714030676,-1.2495990832234103e-16,-9.470594094191333e-18,0.0,0.0,0.010929950677080216,unicycle
11.13693775965596,-12.278211872528514,4.232586264604583,0.0,0.0,0.01712215233023307,0.44998196099659443,-1.0511258014868816e-16,-7.96452991448726e-18,0.0,0.0,0.010882059643773298,unicycle
11.145935440465255,-12.278056822737485,4.232586264604583,0.0,0.0,0.01733882706669337,0.4499508325931459,-8.835643160793389e-17,-6.693381049185066e-18,0.0,0.0,0.010833736823014773,unicycle
11.154932456856077,-12.277899838771075,4.232586264604583,0.0,0.0,0.017554526759071352,0.4499192933637099,-7.422153201875329e-17,-5.6213679491036576e-18,0.0,0.0,0.010784984618899107,unicycle
11.163928800495382,-12.277740929862166,4.232586264604583,0.0,0.0,0.017769242868172084,0.4498873504247132,-6.23071805831736e-17,-4.717995262079619e-18,0.0,0.0,0.010735805455036591,unicycle
11.172924463198472,-12.277580105321032,4.232586264604583,0.0,0.0,0.01798296690366286,0.4498550108337026,-5.227214223407259e-17,-3.957303877713651e-18,0.0,0.0,0.010686201774538578,unicycle
11.181919436927826,-12.277417374534734,4.232586264604583,0.0,0.0,0.018195690424460457,0.4498222815895358,-4.3826172377625444e-17,-3.317222271233394e-18,0.0,0.0,0.010636176039880051,unicycle
11.190913713792039,-12.277252746966496,4.232586264604583,0.0,0.0,0.018407405039114057,0.4497891696356219,-3.672267909899734e-17,-2.7790053514387076e-18,0.0,0.0,0.01058573073267964,unicycle
11.199907286044835,-12.277086232155092,4.232586264604583,0.0,0.0,0.0186181024061826,0.44975568186511966,-3.075238495412631e-17,-2.326750106143515e-18,0.0,0.0,0.010534868353427033,unicycle
11.208900146084213,-12.276917839714224,4.232586264604583,0.0,0.0,0.018827774234606205,0.44972182512728653,-2.5737863890030893e-17,-1.946978405221851e-18,0.0,0.0,0.010483591421179923,unicycle
11.217892286451729,-12.276747579331888,4.232586264604583,0.0,0.0,0.01903641228407113,0.4496876062343885,-2.1528841761855924e-17,-1.6282783412435483e-18,0.0,0.0,0.010431902473246536,unicycle
11.226883699831928,-12.27657546076975,4.232586264604583,0.0,0.0,0.019244008365368433,0.44965303196875134,-1.799816111546122e-17,-1.3609964449576482e-18,0.0,0.0,0.010379804064865213,unicycle
11.23587437905189,-12.27640149386251,4.232586264604583,0.0,0.0,0.019450554340746218,0.4496181090896594,-1.5038322242746798e-17,-1.1369739985909155e-18,0.0,0.0,0.010327298768888948,unicycle
11.24486431708093,-12.27622568851726,4.232586264604583,0.0,0.0,0.01965604212425582,0.4495828443399061,-1.2558522924893847e-17,-9.49321480070105e-19,0.0,0.0,0.01027438917548008,unicycle
11.253853507030405,-12.276048054712842,4.232586264604583,0.0,0.0,0.019860463682092187,0.44954724445187194,-1.0482128737324181e-17,-7.92225905362585e-19,0.0,0.0,0.01022107789181849,unicycle
11.262841942153628,-12.275868602499196,4.232586264604583,0.0,0.0,0.020063811032928692,0.4495113161530572,-8.744514314824153e-18,-6.607864961003556e-19,0.0,0.0,0.010167367541825059,unicycle
11.271829617396172,-12.275687341965625,4.232586264604583,0.0,0.0,0.02026607620987017,0.44947514370095415,-7.291223604418142e-18,-5.508746890539919e-19,0.0,0.0,0.010113258847073939,unicycle
11.280816528679892,-12.275504283253731,4.232586264604583,0.0,0.0,0.0204672512786532,0.4494387755466669,-6.076403920378558e-18,-4.590150273981767e-19,0.0,0.0,0.010058753439151536,unicycle
11.289802671202516,-12.27531943659108,4.232586264604583,0.0,0.0,0.020667328380143714,0.4494021751034029,-5.0614746218764874e-18,-3.8228393614924747e-19,0.0,0.0,0.010003855074525638,unicycle
11.29878803966462,-12.27513281228636,4.232586264604583,0.0,0.0,0.020866299724954376,0.4493653171345618,-4.21399652483981e-18,-3.182237909707444e-19,0.0,0.0,0.00994856724053289,unicycle
11.307772628444571,-12.274944420725461,4.232586264604583,0.0,0.0,0.02106415758936645,0.4493281851512074,-3.5067128019896425e-18,-2.6477004604278385e-19,0.0,0.0,0.009892893220603646,unicycle
11.316756431732543,-12.274754272368256,4.232586264604583,0.0,0.0,0.021260894312277973,0.44929076936635953,-2.9167361837072223e-18,-2.201894980200165e-19,0.0,0.0,0.00983683614557616,unicycle
11.325739443632484,-12.274562377745957,4.232586264604583,0.0,0.0,0.02145650229295631,0.4492530650923095,-2.4248608093344646e-18,-1.8302803414040186e-19,0.0,0.0,0.009780399033916826,unicycle
11.334721658239078,-12.27436874745894,4.232586264604583,0.0,0.0,0.021650973989418582,0.4492150714896679,-2.0149801518530898e-18,-1.5206644784457618e-19,0.0,0.0,0.009723584823113283,unicycle
11.343703069695266,-12.274173392174914,4.232586264604583,0.0,0.0,0.021844301917299812,0.44917679059501386,-1.6735951023462074e-18,-1.2628310901371653e-19,0.0,0.0,0.009666396394061732,unicycle
11.352683672234695,-12.273976322627378,4.232586264604583,0.0,0.0,0.022036478649098003,0.44913822656865965,-1.389398603329285e-18,-1.0482245195011976e-19,0.0,0.0,0.009608836589909294,unicycle
11.361663460212624,-12.273777549614303,4.232586264604583,0.0,0.0,0.02222749681370842,0.44909938511583614,-1.1529252064140324e-18,-8.696839595689017e-20,0.0,0.0,0.009550908230520839,unicycle
11.370642428127956,-12.273577083996985,4.232586264604583,0.0,0.0,0.02241734909617851,0.44906027304408824,-9.56255639798081e-19,-7.212194391202296e-20,0.0,0.0,0.009492614123504495,unicycle
11.379620570638565,-12.27337493669902,4.232586264604583,0.0,0.0,0.022606028237629326,0.4490208979272864,-7.927679404262375e-19,-5.978231633147906e-20,0.0,0.0,0.009433957072540657,unicycle
11.388597882571563,-12.273171118705394,4.232586264604583,0.0,0.0,0.022793527035301464,0.4489812678527696,-6.569279660083455e-19,-4.9531074515672777e-20,0.0,0.0,0.009374939883606732,unicycle
11.397574358929779,-12.272965641061651,4.232586264604583,0.0,0.0,0.022979838342692814,0.4489413912330259,-5.441131813714638e-19,-4.1018768626192623e-20,0.0,0.0,0.009315565369567392,unicycle
11.406549994895506,-12.272758514873114,4.232586264604583,0.0,0.0,0.023164955069762853,0.44890127666723023,-4.5046453646602e-19,-3.395371683467503e-20,0.0,0.0,0.009255836353501943,unicycle
11.415524785832208,-12.272549751304144,4.232586264604583,0.0,0.0,0.02334887018318409,0.44886093284107803,-3.727620412850421e-19,-2.8092581677516323e-20,0.0,0.0,0.009195755671061834,unicycle
11.42449872728483,-12.272339361577439,4.232586264604583,0.0,0.0,0.02353157670662587,0.44882036845584117,-3.0832031480598654e-19,-2.323246088106343e-20,0.0,0.0,0.009135326172088589,unicycle
11.433471814979121,-12.272127356973352,4.232586264604583,0.0,0.0,0.02371306772105932,0.4487795921795489,-2.5490095720130336e-19,-1.920425344643259e-20,0.0,0.0,0.009074550721672372,unicycle
11.442444044820315,-12.271913748829222,4.232586264604583,0.0,0.0,0.02389333636507516,0.4487386126147656,-2.1063908119993221e-19,-1.5867098788970964e-20,0.0,0.0,0.009013432200791722,unicycle
11.451415412891405,-12.271698548538724,4.232586264604583,0.0,0.0,0.024072375835208028,0.4486974382786752,-1.7398175192271379e-19,-1.3103718155627802e-20,0.0,0.0,0.008951973506643451,unicycle
11.460385915451212,-12.271481767551208,4.232586264604583,0.0,0.0,0.02425017938626297,0.4486560775921639,-1.4363643538898054e-19,-1.0816514206364458e-20,0.0,0.0,0.008890177552746799,unicycle
11.469355548932343,-12.271263417371058,4.232586264604583,0.0,0.0,0.024426740331640693,0.44861453887536334,-1.1852785336036237e-19,-8.924307242794431e-21,0.0,0.0,0.008828047268886299,unicycle
11.478324309939175,-12.271043509557046,4.232586264604583,0.0,0.0,0.024602052043659544,0.44857283034771733,-9.776189413145834e-20,-7.359605699922196e-21,0.0,0.0,0.008765585600942434,unicycle
11.487292195245873,-12.270822055721682,4.232586264604583,0.0,0.0,0.024776107953872483,0.4485309601311127,-8.059544206182247e-20,-6.066324701238457e-21,0.0,0.0,0.008702795510647034,unicycle
11.49625920179453,-12.270599067530567,4.232586264604583,0.0,0.0,0.024948901553378304,0.44848893625497854,-6.641116886961072e-20,-4.99788015567425e-21,0.0,0.0,0.008639679975291102,unicycle
11.505225326693422,-12.270374556701736,4.232586264604583,0.0,0.0,0.025120426393126415,0.44844676666254485,-5.469648193787133e-20,-4.115597425217101e-21,0.0,0.0,0.008576241987405326,unicycle
11.5141905672154,-12.270148535005012,4.232586264604583,0.0,0.0,0.025290676084214987,0.4484044592176705,-4.5025953361448935e-20,-3.3873833373825504e-21,0.0,0.0,0.008512484554428056,unicycle
11.523154920796403,-12.269921014261344,4.232586264604583,0.0,0.0,0.025459644298182402,0.44836202171182016,-3.704666180537349e-20,-2.7866185327490942e-21,0.0,0.0,0.008448410698371163,unicycle
11.532118385034156,-12.26969200634216,4.232586264604583,0.0,0.0,0.02562732476729223,0.44831946187089505,-3.0465970539080673e-20,-2.2912340591218085e-21,0.0,0.0,0.008384023455490965,unicycle
11.541080957686932,-12.269461523168685,4.232586264604583,0.0,0.0,0.02579371128481161,0.448276787361722,-2.5041341880411913e-20,-1.8829419502931113e-21,0.0,0.0,0.00831932587596898,unicycle
11.550042636672472,-12.269229576711295,4.232586264604583,0.0,0.0,0.02595879770528372,0.4482340057980757,-2.0571852961206694e-20,-1.5465944285337437e-21,0.0,0.0,0.0082543210236054,unicycle
11.559003420067022,-12.268996178988845,4.232586264604583,0.0,0.0,0.026122577944794265,0.4481911247461625,-1.6891132107983752e-20,-1.2696504899458344e-21,0.0,0.0,0.008189011975526878,unicycle
11.567963307659305,-12.268761342027387,4.232586264604583,0.0,0.0,0.0262850459484624,0.44814822949974714,-1.3861480824729422e-20,-1.041732092819007e-21,0.0,0.0,0.008123400183406461,unicycle
11.576922300231539,-12.26852507787767,4.232586264604583,0.0,0.0,0.026446195706029442,0.4481053693931913,-1.1368984732885865e-20,-8.542550746544278e-22,0.0,0.0,0.008057487878352369,unicycle
11.585880397853117,-12.26828739865919,4.232586264604583,0.0,0.0,0.02660602128816134,0.44806250841691675,-9.319449019977083e-21,-7.001223611631754e-22,0.0,0.0,0.007991279106594685,unicycle
11.594837600107338,-12.268048316553866,4.232586264604583,0.0,0.0,0.026764516841786778,0.44801962190334443,-7.635020948795634e-21,-5.734690743807464e-22,0.0,0.0,0.007924777681271832,unicycle
11.603793906265949,-12.267807843800979,4.232586264604583,0.0,0.0,0.026921676586557003,0.44797669391639705,-6.251384608403289e-21,-4.69450859652694e-22,0.0,0.0,0.007857987238511372,unicycle
11.612749315422667,-12.267565992693108,4.232586264604583,0.0,0.0,0.027077494812188917,0.4479337151995409,-5.115432042736921e-21,-3.840681854671073e-22,0.0,0.0,0.007790911281595468,unicycle
11.621703826594535,-12.267322775572834,4.232586264604583,0.0,0.0,0.02723196587650097,0.4478906815682154,-4.183330759868525e-21,-3.1402057049774686e-22,0.0,0.0,0.007723553215602618,unicycle
11.63065743879821,-12.267078204830085,4.232586264604583,0.0,0.0,0.027385084203990103,0.4478475926550745,-3.418920900229023e-21,-2.565856963323799e-22,0.0,0.0,0.007655916374456746,unicycle
11.639610151106748,-12.266832292899947,4.232586264604583,0.0,0.0,0.027536844284828898,0.4478044509346848,-2.7923864425854408e-21,-2.0951920382201653e-22,0.0,0.0,0.007588004041939697,unicycle
11.648561962691286,-12.266585052260872,4.232586264604583,0.0,0.0,0.027687240674187274,0.44776126096901336,-2.279154103454403e-21,-1.7097167241488e-22,0.0,0.0,0.007519819467918653,unicycle
11.657512872851132,-12.266336495433183,4.232586264604583,0.0,0.0,0.027836267991803137,0.44771802882686995,-1.858981334351138e-21,-1.3941986761752014e-22,0.0,0.0,0.007451365880792771,unicycle
11.666462881034981,-12.2660866349778,4.232586264604583,0.0,0.0,0.027983920921742404,0.4476747616399785,-1.515201290126109e-21,-1.1360983066524716e-22,0.0,0.0,0.0073826464969632315,unicycle
11.675411986855371,-12.265835483495142,4.232586264604583,0.0,0.0,0.02813019421230178,0.4476314672659949,-1.2340980392173909e-21,-9.250979238279223e-23,0.0,0.0,0.007313664527969056,unicycle
11.68436019009809,-12.265583053624182,4.232586264604583,0.0,0.0,0.02827508267601779,0.44758815403491503,-1.004389788046501e-21,-7.527123333261089e-23,0.0,0.0,0.007244423185800435,unicycle
11.693307490727797,-12.265329358041578,4.232586264604583,0.0,0.0,0.028418581189753718,0.44754483056022465,-8.168016439057972e-22,-6.119669580344645e-23,0.0,0.0,0.00717492568679609,unicycle
11.702253888890866,-12.265074409460906,4.232586264604583,0.0,0.0,0.028560684694842648,0.4475015056000645,-6.6371256668690515e-22,-4.971318930766951e-23,0.0,0.0,0.0071051752544466894,unicycle
11.711199384916219,-12.264818220631927,4.232586264604583,0.0,0.0,0.02870138819726982,0.44745818795681613,-5.388637628785285e-22,-4.035022784191678e-23,0.0,0.0,0.007035175121358463,unicycle
11.720143979314749,-12.264560804339915,4.232586264604583,0.0,0.0,0.028840686767881357,0.4474148864060068,-4.37117941836295e-22,-3.272170076008367e-23,0.0,0.0,0.006964928530576909,unicycle
11.729087672777746,-12.264302173405007,4.232586264604583,0.0,0.0,0.028978575542609897,0.4473716096474151,-3.5426065672252186e-22,-2.651091518192784e-23,0.0,0.0,0.00689443873642716,unicycle
11.738030466174697,-12.264042340681561,4.232586264604583,0.0,0.0,0.029115049722709764,0.44732836627283185,-2.868364512269814e-22,-2.1458260989931115e-23,0.0,0.0,0.0068237090049930674,unicycle
11.746972360550666,-12.263781319057548,4.232586264604583,0.0,0.0,0.02925010457499635,0.4472851647461741,-2.320137787859035e-22,-1.7351043476041623e-23,0.0,0.0,0.006752742614329734,unicycle
11.755913357123475,-12.263519121453944,4.232586264604583,0.0,0.0,0.02938373543208601,0.44724201339263286,-1.8747369577286961e-22,-1.4015106783331174e-23,0.0,0.0,0.006681542854482468,unicycle
11.764853457280791,-12.263255760824125,4.232586264604583,0.0,0.0,0.029515937692633373,0.4471989203943089,-1.5131818933062085e-22,-1.1307936112979474e-23,0.0,0.0,0.006610113027368077,unicycle
11.773792662577215,-12.262991250153265,4.232586264604583,0.0,0.0,0.029646706821564592,0.4471558937903954,-1.2199471360089685e-22,-9.112980460407157e-24,0.0,0.0,0.006538456446561059,unicycle
11.782730974731425,-12.26272560245774,4.232586264604583,0.0,0.0,0.02977603835030493,0.4471129414804405,-9.823409966121235e-23,-7.334982262541632e-24,0.0,0.0,0.006466576437016647,unicycle
11.791668395623443,-12.262458830784524,4.232586264604583,0.0,0.0,0.02990392787700001,0.44707007122959386,-7.89994949801125e-23,-5.896137328975674e-24,0.0,0.0,0.006394476334754561,unicycle
