x,y,z,psi,phi,theta,linear_vel_x,linear_vel_y,linear_vel_z,angular_vel_x,angular_vel_y,angular_vel_z,mode
-9.802531171650784,11.651787448606777,1.765,0.0,0.0,0.0,0.0,0.0,0.0,0.0,0.0,0.0,unicycle
-9.802530544450782,11.65178744860688,1.765,0.0,0.0,3.1943506638179994e-07,3.136e-05,0.0,0.0,0.0,0.0,1.5971753319089996e-05,omni
-9.802527698207584,11.651787448608944,1.765,0.0,0.0,1.1301661541710484e-06,0.00014231216,0.0,0.0,0.0,0.0,4.053655438946244e-05,unicycle
-9.802520427025321,11.651787448622407,1.765,0.0,0.0,2.5730645445914417e-06,0.00036355911296,0.0,0.0,0.0,0.0,7.214491952101969e-05,omni
-9.802506169785708,11.651787448674167,1.765,0.0,0.0,4.688164406206531e-06,0.0007128619805177599,0.0,0.0,0.0,0.0,0.00010575499308075454,unicycle
-9.802482198300822,11.651787448820496,1.765,0.0,0.0,7.5204717580788e-06,0.0011985742441581462,0.0,0.0,0.0,0.0,0.00014161536759361363,omni
-9.802445751362505,11.651787449158764,1.765,0.0,0.0,1.1041729066816357e-05,0.0018223469158887584,0.0,0.0,0.0,0.0,0.00017606286543687797,unicycle
-9.802394127674136,11.651787449837393,1.765,0.0,0.0,1.5249561869983048e-05,0.0025811844186437115,0.0,0.0,0.0,0.0,0.0002103916401583348,omni
-9.802324747801194,11.651787451063116,1.765,0.0,0.0,2.0084139187032752e-05,0.0034689936476658863,0.0,0.0,0.0,0.0,0.00024172886585248512,unicycle
-9.802235193019461,11.651787453105298,1.765,0.0,0.0,2.552326892227674e-05,0.004477739087786986,0.0,0.0,0.0,0.0,0.0002719564867621993,omni
-9.802123227155779,11.651787456297402,1.765,0.0,0.0,3.1495990064320054e-05,0.005598293186441216,0.0,0.0,0.0,0.0,0.000298636057102166,unicycle
-9.801986806110335,11.651787461036074,1.765,0.0,0.0,3.79752667400761e-05,0.006821052276433559,0.0,0.0,0.0,0.0,0.0003239638337878025,omni
-9.80182407864501,11.65178746777828,1.765,0.0,0.0,4.48897542717864e-05,0.008136373273193945,0.0,0.0,0.0,0.0,0.00034572437658551456,unicycle
-9.801633381157556,11.651787477037109,1.765,0.0,0.0,5.2215130279795375e-05,0.009534874384003394,0.0,0.0,0.0,0.0,0.0003662688004004491,omni
-9.801413228486865,11.651787489376657,1.765,0.0,0.0,5.9884775140720895e-05,0.011007633551825893,0.0,0.0,0.0,0.0,0.00038348224304627634,unicycle
-9.801162302270942,11.651787505406473,1.765,0.0,0.0,6.78803922874721e-05,0.012546310821835752,0.0,0.0,0.0,0.0,0.00039978085733756024,omni
-9.80087943797432,11.651787525775875,1.765,0.0,0.0,7.614202946045498e-05,0.014143214867762623,0.0,0.0,0.0,0.0,0.00041308185864914526,unicycle
-9.800563611390777,11.6517875511684,1.765,0.0,0.0,8.465839838962813e-05,0.01579132922831776,0.0,0.0,0.0,0.0,0.00042581844645865705,omni
-9.800213925189677,11.651787582296569,1.765,0.0,0.0,9.337646845271882e-05,0.017484310124295827,0.0,0.0,0.0,0.0,0.00043590350315453346,unicycle
-9.799829595894556,11.651787619897084,1.765,0.0,0.0,0.00010229174585084886,0.019216464848130735,0.0,0.0,0.0,0.0,0.00044576386990650155,omni
-9.799409941547466,11.651787664726513,1.765,0.0,0.0,0.00011135755204181169,0.020982717474249984,0.0,0.0,0.0,0.0,0.0004532903095481404,unicycle
-9.798954370212572,11.651787717557523,1.765,0.0,0.0,0.00012057543056828108,0.022778566898025102,0.0,0.0,0.0,0.0,0.0004608939263234685,omni
-9.798462369399079,11.651787779175601,1.765,0.0,0.0,0.00012990415079514492,0.0246000408675415,0.0,0.0,0.0,0.0,0.00046643601134318993,unicycle
-9.797933496431048,11.651787850376316,1.765,0.0,0.0,0.0001393503550602652,0.026443648641293303,0.0,0.0,0.0,0.0,0.00047231021325601624,omni
-9.79736736975455,11.651787931962996,1.765,0.0,0.0,0.0001488772858731248,0.02830633411893499,0.0,0.0,0.0,0.0,0.0004763465406429806,unicycle
-9.796763661147724,11.651788024744873,1.765,0.0,0.0,0.00015849575322244506,0.03018543069789326,0.0,0.0,0.0,0.0,0.0004809233674660155,omni
-9.796122088783012,11.651788129535555,1.765,0.0,0.0,0.00016817255912206005,0.03207861866353373,0.0,0.0,0.0,0.0,0.0004838402949807494,unicycle
-9.795442411081366,11.651788247151881,1.765,0.0,0.0,0.00017792184597964782,0.03398388559112687,0.0,0.0,0.0,0.0,0.0004874643428793863,omni
-9.794724421293415,11.651788378412988,1.765,0.0,0.0,0.00018771317905850657,0.0358994899975883,0.0,0.0,0.0,0.0,0.0004895666539429397,unicycle
-9.793967942741272,11.651788524139695,1.765,0.0,0.0,0.00019756332628943313,0.037823928309052304,0.0,0.0,0.0,0.0,0.0004925073615463274,omni
-9.79317282465577,11.651788685154003,1.765,0.0,0.0,0.00020744395240290448,0.0397559050904448,0.0,0.0,0.0,0.0,0.000494031305673567,unicycle
-9.792338938546532,11.651788862278849,1.765,0.0,0.0,0.0002173738750288796,0.04169430640259761,0.0,0.0,0.0,0.0,0.000496496131298758,omni
-9.791466175046088,11.651789056337904,1.765,0.0,0.0,0.00022732632120188364,0.043638176101165556,0.0,0.0,0.0,0.0,0.0004976223086502032,unicycle
-9.790554441173457,11.651789268155579,1.765,0.0,0.0,0.00023732170193456492,0.045586694861988464,0.0,0.0,0.0,0.0,0.0004997690366340641,omni
-9.789603657967305,11.651789498557015,1.765,0.0,0.0,0.00024733438084430844,0.047539161703663436,0.0,0.0,0.0,0.0,0.0005006339454871741,unicycle
-9.78861375844332,11.651789748368259,1.765,0.0,0.0,0.0002573860083276666,0.049494977775428765,0.0,0.0,0.0,0.0,0.0005025813741679032,omni
-9.787584685835087,11.651790018416346,1.765,0.0,0.0,0.0002674517522094662,0.05145363218356728,0.0,0.0,0.0,0.0,0.0005032871940899861,unicycle
-9.786516392081959,11.651790309529597,1.765,0.0,0.0,0.0002775542324255903,0.05341468963982083,0.0,0.0,0.0,0.0,0.0005051240108062025,omni
-9.785408836531616,11.65179062253776,1.765,0.0,0.0,0.0002876691642770066,0.055377779728834495,0.0,0.0,0.0,0.0,0.0005057465925708139,unicycle
-9.784261984828621,11.651790958272354,1.765,0.0,0.0,0.0002978199347055756,0.05734258760699682,0.0,0.0,0.0,0.0,0.0005075385214284493,omni
-9.783075807963819,11.651791317566845,1.765,0.0,0.0,0.00030798260962160064,0.05930884596117915,0.0,0.0,0.0,0.0,0.0005081337458012576,unicycle
-9.781850281462445,11.651791701257025,1.765,0.0,0.0,0.0003181811931832436,0.061276328072073546,0.0,0.0,0.0,0.0,0.0005099291780821472,omni
-9.780585384691697,11.65179211018118,1.765,0.0,0.0,0.000328391951583862,0.06324484184258101,0.0,0.0,0.0,0.0,0.0005105379200309186,unicycle
-9.779281100270909,11.651792545180493,1.765,0.0,0.0,0.00033863939708815035,0.06521422466667892,0.0,0.0,0.0,0.0,0.0005123722752144173,omni
-9.777937413569749,11.651793007099203,1.765,0.0,0.0,0.000348899881529948,0.06718433902819398,0.0,0.0,0.0,0.0,0.0005130242220898855,unicycle
-9.776554312281805,11.65179349678501,1.765,0.0,0.0,0.00035919834715311834,0.06915506873181416,0.0,0.0,0.0,0.0,0.0005149232811585134,omni
-9.775131786062625,11.65179401508921,1.765,0.0,0.0,0.00036951114384704614,0.071126315680446,0.0,0.0,0.0,0.0,0.0005156398346963963,unicycle
-9.77366982622278,11.651794562867119,1.765,0.0,0.0,0.0003798635890615865,0.07309799712366724,0.0,0.0,0.0,0.0,0.0005176222607270167,omni
-9.772168425467855,11.651795140978168,1.765,0.0,0.0,0.0003902319634886034,0.07507004331157502,0.0,0.0,0.0,0.0,0.0005184187213508429,unicycle
-9.770627577678397,11.651795750286338,1.765,0.0,0.0,0.0004006419224627852,0.07704239549684486,0.0,0.0,0.0,0.0,0.0005204979487090932,omni
-9.769047277723852,11.651796391660234,1.765,0.0,0.0,0.00041106962538932677,0.07901500423536578,0.0,0.0,0.0,0.0,0.0005213851463270779,unicycle
-9.76731838838779,11.651797111406129,1.765,0.0,0.0,0.0004215410411110208,0.08644447429421706,0.0,0.0,0.0,0.0,0.0005235707860846996,omni
-9.765320735896383,11.651799342800116,1.765,0.0,0.0,0.0004320321668964064,0.09988266309070849,6.894112433052624e-05,0.0,0.0,0.0,0.0005245562892692847,unicycle
-9.762974377821454,11.651803868337295,1.765,0.0,0.0,0.0004425693828951825,0.11731799148052485,0.00017497362877216637,0.0,0.0,0.0,0.0005268607999388013,omni
-9.760240459427079,11.651811333907968,1.765,0.0,0.0,0.00045312855227696045,0.13669607318336402,0.0003120593718182916,0.0,0.0,0.0,0.0005279584690888982,unicycle
-9.757098367004955,11.651821937049874,1.765,0.0,0.0,0.0004637369170588756,0.15710484763960939,0.00045813514100505066,0.0,0.0,0.0,0.0005304182390957525,omni
-9.753551717557517,11.65183590091163,1.765,0.0,0.0,0.00047437041385773503,0.17733278035524397,0.0006150145678852045,0.0,0.0,0.0,0.0005316748399429741,unicycle
-9.749609536893548,11.651853118217618,1.765,0.0,0.0,0.0004850574060476018,0.19710942348866356,0.0007663092589179184,0.0,0.0,0.0,0.0005343496094933431,omni
-9.745295393810816,11.651873603806028,1.765,0.0,0.0,0.0004957739585063716,0.2157076305207452,0.0009184931304566495,0.0,0.0,0.0,0.0005358276229384881,unicycle
-9.740631024419452,11.651897107842776,1.765,0.0,0.0,0.0005065495882105256,0.2332190292475936,0.0010583215130349957,0.0,0.0,0.0,0.0005387814852076997,omni
-9.73564736096966,11.651923558772769,1.765,0.0,0.0,0.0005173603911834599,0.2491838169198432,0.0011949757633661507,0.0,0.0,0.0,0.0005405401486467201,unicycle
-9.730369615317155,11.6519526544955,1.765,0.0,0.0,0.0005282369091520343,0.26388800712405674,0.001316826028747502,0.0,0.0,0.0,0.0005438258984287225,omni
-9.724829425091125,11.65198430306702,1.765,0.0,0.0,0.0005391550811386876,0.27701031638820706,0.0014345894907849168,0.0,0.0,0.0,0.0005459085993326639,unicycle
-9.719050786099382,11.652018197407427,1.765,0.0,0.0,0.0005501462641952219,0.28893282976226453,0.0015373497961378747,0.0,0.0,0.0,0.0005495591528267059,omni
-9.713062838517159,11.652054258201874,1.765,0.0,0.0,0.0005611860232867151,0.2993983347790504,0.0016366744653824915,0.0,0.0,0.0,0.0005519879545746538,unicycle
-9.70688627631068,11.6520921956829,1.765,0.0,0.0,0.0005723063040867995,0.3088291357735864,0.0017218466093369626,0.0,0.0,0.0,0.0005560140400042336,omni
-9.700546484953051,11.652131957343242,1.765,0.0,0.0,0.0005834820958288545,0.3169906638535215,0.0018048962625389858,0.0,0.0,0.0,0.0005587895871027447,unicycle
-9.694060205209741,11.652173279042048,1.765,0.0,0.0,0.0005947457285273011,0.32431514804920913,0.0018750267110951785,0.0,0.0,0.0,0.0005631816349223394,omni
-9.687448851549503,11.652216138989823,1.765,0.0,0.0,0.0006060714539542184,0.33056891010429723,0.00194452133752488,0.0,0.0,0.0,0.0005662862713458565,unicycle
-9.680725300106692,11.652260299611285,1.765,0.0,0.0,0.0006174918241309699,0.33617886006344366,0.0020023634066200246,0.0,0.0,0.0,0.0005710185088375873,omni
-9.673907289379976,11.652305768549601,1.765,0.0,0.0,0.0006289802406355669,0.3409018870248408,0.0020609849902534687,0.0,0.0,0.0,0.0005744208252298389,unicycle
-9.667004258698933,11.652352332210532,1.765,0.0,0.0,0.0006405693624812002,0.34515294238836935,0.0021090890957944962,0.0,0.0,0.0,0.0005794560922816656,omni
-9.660030776709213,11.652400024099618,1.765,0.0,0.0,0.0006522316762299019,0.3486755680470404,0.0021592108528871133,0.0,0.0,0.0,0.0005831156874350888,unicycle
-9.652993390619416,11.652448650660867,1.765,0.0,0.0,0.0006639998770414198,0.3518708283868959,0.002199756812045428,0.0,0.0,0.0,0.0005884100405758967,omni
-9.645904054072975,11.652498267003105,1.765,0.0,0.0,0.0006758455129179823,0.3544684097379287,0.002243351200798444,0.0,0.0,0.0,0.0005922817938281233,unicycle
-9.638766967392204,11.652548695459124,1.765,0.0,0.0,0.0006878012811028616,0.356855970257798,0.0022781105995052457,0.0,0.0,0.0,0.0005977884092439593,omni
-9.631591991554576,11.652600008609525,1.765,0.0,0.0,0.0006998377998881702,0.3587504856386238,0.00231675000058238,0.0,0.0,0.0,0.0006018259392654242,unicycle
-9.624381471009121,11.652652040877893,1.765,0.0,0.0,0.0007119877625524656,0.36052777395964974,0.002347112860777667,0.0,0.0,0.0,0.000607498133214779,omni
-9.617143628913908,11.652704878679522,1.765,0.0,0.0,0.0007242208898641549,0.3618939086063193,0.002382013136549216,0.0,0.0,0.0,0.0006116563655844641,unicycle
-9.60987937028564,11.652758365305019,1.765,0.0,0.0,0.0007365698846510584,0.36321478785183425,0.002409041535395574,0.0,0.0,0.0,0.0006174497393451714,omni
-9.602595658109143,11.652812597980478,1.765,0.0,0.0,0.0007490036175928556,0.3641875225262431,0.002441120804607071,0.0,0.0,0.0,0.0006216866470898578,unicycle
-9.595292297715025,11.652867426256893,1.765,0.0,0.0,0.0007615548268640583,0.3651699860865075,0.002465609247192799,0.0,0.0,0.0,0.0006275604635601294,omni
-9.587975295506139,11.652922955751004,1.765,0.0,0.0,0.0007741915891159537,0.36585213456902843,0.0024955474165925823,0.0,0.0,0.0,0.0006318381125947749,unicycle
-9.580643626843397,11.65297904023922,1.765,0.0,0.0,0.0007869467101606172,0.36658551035292636,0.0025180798668405016,0.0,0.0,0.0,0.0006377560522331697,omni
-9.57330257996359,11.653035791844214,1.765,0.0,0.0,0.0007997875322443709,0.3670544797183209,0.0025463721258002815,0.0,0.0,0.0,0.0006420411041876862,unicycle
-9.56595051007754,11.653093067022597,1.765,0.0,0.0,0.0008127469632939441,0.3676056837763718,0.002567371362864444,0.0,0.0,0.0,0.0006479715524786686,omni
-9.55859217118645,11.653150982965192,1.765,0.0,0.0,0.0008257916707105554,0.3679191935212376,0.0025943731277667517,0.0,0.0,0.0,0.0006522353708305604,unicycle
-9.551225459026082,11.653209397663021,1.765,0.0,0.0,0.0008389546982026183,0.3683379115624177,0.0026141412320904427,0.0,0.0,0.0,0.0006581513746031428,omni
-9.54385473328053,11.653268432295508,1.765,0.0,0.0,0.0008522020954046658,0.3685386514482474,0.0026401042832527206,0.0,0.0,0.0,0.0006623698601023657,unicycle
-9.536477551710048,11.653327945557036,1.765,0.0,0.0,0.0008655670727401917,0.36886149822707565,0.0026588546415633263,0.0,0.0,0.0,0.0006682488667763022,omni
-9.529097984913221,11.653388061814923,1.765,0.0,0.0,0.0008790151152104976,0.3689808214112199,0.0026839552718673247,0.0,0.0,0.0,0.0006724021235152975,unicycle
-9.521713343603427,11.653448639877421,1.765,0.0,0.0,0.000892579627057139,0.36923460363007227,0.0027018371864897892,0.0,0.0,0.0,0.000678225592332064,omni
-9.514327487691508,11.653509806711188,1.765,0.0,0.0,0.0009062255770867319,0.3692953969137751,0.0027261975949623915,0.0,0.0,0.0,0.0006822975014796444,unicycle
-9.506937548304464,11.65357142083037,1.765,0.0,0.0,0.0009199865861387573,0.36949962832973027,0.0027433147918453195,0.0,0.0,0.0,0.0006880504526012744,omni
-9.499547232605192,11.653633611370834,1.765,0.0,0.0,0.0009338271503250083,0.36951850847213785,0.0027670190175709056,0.0,0.0,0.0,0.000692028209312547,unicycle
-9.492153541813256,11.653696236278567,1.765,0.0,0.0,0.000947781125464761,0.36968732188180126,0.002783443307618451,0.0,0.0,0.0,0.0006976987569876352,omni
-9.484760072869191,11.653759426544973,1.765,0.0,0.0,0.0009618125736309782,0.36967629539515423,0.0028065488910500812,0.0,0.0,0.0,0.0007015724083108655,unicycle
-9.477363733434581,11.653823039371044,1.765,0.0,0.0,0.0009759555998025019,0.3698198798255784,0.002822330087848857,0.0,0.0,0.0,0.000707151308576179,omni
-9.469968041252077,11.653887207374444,1.765,0.0,0.0,0.0009901738661302927,0.36978758450988125,0.0028448764702716563,0.0,0.0,0.0,0.0007109133163895334,unicycle
-9.462569836871682,11.653951786903825,1.765,0.0,0.0,0.0010045017370864126,0.36991325543109704,0.0028600494797053214,0.0,0.0,0.0,0.0007163935478059959,omni
-9.45517258135172,11.654016912034221,1.765,0.0,0.0,0.0010189025048975456,0.3698658810774182,0.00288206396217289,0.0,0.0,0.0,0.0007200383905566578,unicycle
-9.447773067275481,11.654082438203476,1.765,0.0,0.0,0.001033410800452922,0.36997887102861693,0.0028966537747626762,0.0,0.0,0.0,0.0007254147777688188,omni
-9.440374715276779,11.65414850081781,1.765,0.0,0.0,0.001047989572402619,0.3699208371855925,0.002918155682241124,0.0,0.0,0.0,0.0007289385974848624,unicycle
-9.432974283769033,11.654214954379643,1.765,0.0,0.0,0.0010626737220293708,0.37002487586619426,0.0029321808352318493,0.0,0.0,0.0,0.0007342074813375913,omni
-9.425575164654418,11.654281935530028,1.765,0.0,0.0,0.0010774258775779703,0.3699593275907076,0.002953184381073781,0.0,0.0,0.0,0.0007376077774299582,unicycle
-9.418174092078734,11.65434929783432,1.765,0.0,0.0,0.0010922812122056047,0.37005706493921603,0.002966659320468697,0.0,0.0,0.0,0.0007427667313817403,omni
-9.410774437588358,11.65441717909271,1.765,0.0,0.0,0.0011072020541973693,0.3699862333794891,0.0029871755432733845,0.0,0.0,0.0,0.000746042099588223,unicycle
-9.403372918142056,11.654485431947116,1.765,0.0,0.0,0.0011222238479914317,0.37007954650946423,0.0030001122062496967,0.0,0.0,0.0,0.0007510896897031216,omni
-9.395972890908686,11.654554195295272,1.765,0.0,0.0,0.001137308640044804,0.37000500986697554,0.0030201502539585583,0.0,0.0,0.0,0.0007542396026686057,unicycle
-9.388571060705646,11.654623320879157,1.765,0.0,0.0,0.0011524921437870864,0.37009522469272244,0.003032559106555414,0.0,0.0,0.0,0.0007591751871141339,omni
-9.381170774577152,11.654692948642033,1.765,0.0,0.0,0.0011677361400303544,0.37001809624045073,0.0030521270677808313,0.0,0.0,0.0,0.0007621998121634103,unicycle
-9.373768728783396,11.65476292945553,1.765,0.0,0.0,0.0011830766075413026,0.37010614682228726,0.0030640177675807507,0.0,0.0,0.0,0.0007670233755474139,omni
-9.366368263260041,11.654833404262849,1.765,0.0,0.0,0.0011984750760391134,0.3700272098186444,0.0030831231936884057,0.0,0.0,0.0,0.000769923424890547,unicycle
-9.358966068248595,11.654904223098427,1.765,0.0,0.0,0.0012139677848926377,0.37011375248555656,0.003094504998471736,0.0,0.0,0.0,0.0007746354426762124,omni
-9.351565478708935,11.65497552786412,1.765,0.0,0.0,0.001229516025919968,0.3700335566239199,0.003113155218040605,0.0,0.0,0.0,0.000777412051366512,unicycle
-9.344163180656853,11.655047167792178,1.765,0.0,0.0,0.0012451562935163708,0.37011905141734824,0.0031240372255100374,0.0,0.0,0.0,0.0007820133798201384,omni
-9.336762505580433,11.655119285704686,1.765,0.0,0.0,0.0012608496536583938,0.37003798154212064,0.0031422395221722657,0.0,0.0,0.0,0.0007846680071011483,unicycle
-9.329360136532872,11.655191730067438,1.765,0.0,0.0,0.001276632849550737,0.3701227501475418,0.003152630799796751,0.0,0.0,0.0,0.0007891597946171625,omni
-9.321959402588268,11.65526464458627,1.765,0.0,0.0,0.0012924667324454304,0.3700410750563933,0.0031703925023783713,0.0,0.0,0.0,0.0007916941447346766,unicycle
-9.314556984724911,11.655337876996263,1.765,0.0,0.0,0.0013083882876625164,0.37012534188463214,0.003180302147743918,0.0,0.0,0.0,0.0007960777608543141,omni
-9.30715621034501,11.655411571851854,1.765,0.0,0.0,0.0013243581620604739,0.37004324888558665,0.0031976306659070156,0.0,0.0,0.0,0.0007984937198978587,unicycle
-9.299753758974358,11.65548557619272,1.765,0.0,0.0,0.001340413576037089,0.3701271701217456,0.003207067824758522,0.0,0.0,0.0,0.0008027706988307644,omni
-9.292352956862619,11.65556003538772,1.765,0.0,0.0,0.0013565149817302208,0.370044789435398,0.0032239706522927615,0.0,0.0,0.0,0.0008050702846565891,unicycle
-9.284950482518544,11.65563479581574,1.765,0.0,0.0,0.0013726998273420451,0.37012847352432565,0.003232944512226531,0.0,0.0,0.0,0.0008092422805912082,omni
-9.27754966140182,11.655710003626613,1.765,0.0,0.0,0.001388928379408816,0.3700458954701985,0.0032494292124659006,0.0,0.0,0.0,0.0008114276033385395,unicycle
-9.270147171308214,11.655785504572213,1.765,0.0,0.0,0.0014052383065141364,0.37012941752616835,0.0032579489838718127,0.0,0.0,0.0,0.0008154963552660252,omni
-9.262746337159898,11.655861445550528,1.765,0.0,0.0,0.0014215896982420072,0.3700467045969225,0.0032740231664588845,0.0,0.0,0.0,0.0008175695863935452,unicycle
-9.255343836251587,11.655937671719306,1.765,0.0,0.0,0.0014380204360532182,0.3701301165149758,0.0032820980579872255,0.0,0.0,0.0,0.0008215368905605429,omni
-9.247942993143305,11.656014330692393,1.765,0.0,0.0,0.0014544904408271182,0.3700473118390051,0.0032977693526638507,0.0,0.0,0.0,0.0008235002386950026,unicycle
-9.240540484776147,11.656091267065392,1.765,0.0,0.0,0.0014710377993699174,0.37013064937368223,0.0033054085455997135,0.0,0.0,0.0,0.0008273679271399451,omni
-9.233139635469495,11.656168629136243,1.765,0.0,0.0,0.0014876222717567676,0.37004778263291377,0.00332068457635307,0.0,0.0,0.0,0.0008292236193425251,unicycle
-9.225737121913252,11.656246260969478,1.765,0.0,0.0,0.0015042821426219486,0.3701310703428718,0.0033278972003810375,0.0,0.0,0.0,0.0008329935432590441,omni
-9.218336268270065,11.656324311515878,1.765,0.0,0.0,0.0015209770188335504,0.370048161901953,0.0033427855617492205,0.0,0.0,0.0,0.0008347438105800999,unicycle
-9.210933751049728,11.656402624339114,1.765,0.0,0.0,0.0015377453753834202,0.37013141659642346,0.0033495806733750814,0.0,0.0,0.0,0.0008384178274934964,omni
-9.203532894315929,11.656481349012063,1.765,0.0,0.0,0.0015545466732615628,0.3700484803777731,0.0033640889097517114,0.0,0.0,0.0,0.000840064893907135,unicycle
-9.19613037444763,11.656560328626913,1.765,0.0,0.0,0.0015714195704185775,0.3701317135137552,0.003370475473888982,0.0,0.0,0.0,0.0008436448578507156,omni
-9.188729515449172,11.656639713348417,1.765,0.0,0.0,0.0015883233890554333,0.3700487589952463,0.0033846110620779296,0.0,0.0,0.0,0.000845190931842773,unicycle
-9.181326993602843,11.656719345825865,1.765,0.0,0.0,0.0016052969627731463,0.3701319783414667,0.003390597936856443,0.0,0.0,0.0,0.0008486786858856568,omni
-9.173926132880672,11.656799376786207,1.765,0.0,0.0,0.0016222994818554939,0.3700490119416672,0.003404368271787554,0.0,0.0,0.0,0.0008501259541173659,unicycle
-9.166523609491962,11.65687964846365,1.765,0.0,0.0,0.0016393699483500776,0.37013222273125745,0.003409964196389587,0.0,0.0,0.0,0.000853523324729195,omni
-9.159122747394754,11.656960312118208,1.765,0.0,0.0,0.0016564674272964576,0.3700492487680649,0.0034233765797258508,0.0,0.0,0.0,0.0008548739473190121,unicycle
-9.151720222741822,11.657041209596107,1.765,0.0,0.0,0.0016736310820997565,0.3701324544954642,0.0034285901649310554,0.0,0.0,0.0,0.0008581827401649383,omni
-9.144319359489545,11.657122492661836,1.765,0.0,0.0,0.001690819859044311,0.37004947584819214,0.00344165179621722,0.0,0.0,0.0,0.0008594388472277381,unicycle
-9.136916833745623,11.657204002800057,1.765,0.0,0.0,0.0017080730759257874,0.3701326788189909,0.0034464915172911156,0.0,0.0,0.0,0.0008626608440738113,omni
-9.129515969472967,11.657285892251712,1.765,0.0,0.0,0.0017253495665904724,0.3700496973847288,0.0034592094872742995,0.0,0.0,0.0,0.0008638245332342609,unicycle
-9.12211344274223,11.657368002165642,1.765,0.0,0.0,0.0017426887963847165,0.37013289909428326,0.0034636836788358607,0.0,0.0,0.0,0.0008669614897121913,omni
-9.114712577528199,11.657450485231786,1.765,0.0,0.0,0.0017600494928721204,0.3700499161018156,0.003476064964603093,0.0,0.0,0.0,0.0008680348243701935,unicycle
-9.107310049870135,11.657533182288274,1.765,0.0,0.0,0.0017774712622402268,0.37013311749542516,0.003480181817131169,0.0,0.0,0.0,0.0008710884684053333,omni
-9.099909183758111,11.657616246447146,1.765,0.0,0.0,0.001794912731771837,0.3700501337207202,0.003492233278741803,0.0,0.0,0.0,0.0008720734765805319,unicycle
-9.092506655204035,11.657699518260328,1.765,0.0,0.0,0.0018124136419184367,0.37013333537203785,0.0034960008364186917,0.0,0.0,0.0,0.0008750455073299968,omni
-9.085105788215333,11.65778315123562,1.765,0.0,0.0,0.0018299325255374409,0.3700503512858476,0.0035077292147497378,0.0,0.0,0.0,0.0008759441809501878,unicycle
-9.077703258779493,11.657866985662654,1.765,0.0,0.0,0.0018475092509000865,0.37013355351894833,0.003511155374380795,0.0,0.0,0.0,0.0008788362681322783,omni
-9.070302390922462,11.657951175419223,1.765,0.0,0.0,0.0018651022621533136,0.3700505693876739,0.003522567289944463,0.0,0.0,0.0,0.0008796505626613533,unicycle
-9.06289986060947,11.658035560556005,1.765,0.0,0.0,0.0018827515490769926,0.3701337723603733,0.0035256598007334322,0.0,0.0,0.0,0.0008824643461839419,omni
-9.055498991885536,11.658120295295557,1.765,0.0,0.0,0.0019004154726871504,0.37005078831482,0.003536761753265884,0.0,0.0,0.0,0.0008831961805079149,unicycle
-9.048096460695286,11.6582052194724,1.765,0.0,0.0,0.0019181341380936367,0.3701339920753963,0.003539528217263627,0.0,0.0,0.0,0.0008859332703243121,omni
-9.04069559110294,11.658290487629188,1.765,0.0,0.0,0.0019358658286302926,0.3700510081575097,0.003550326585918903,0.0,0.0,0.0,0.000886584526832789,unicycle
-9.033293059033824,11.658375939406522,1.765,0.0,0.0,0.0019536507586896904,0.37013421268320185,0.0035527744589953707,0.0,0.0,0.0,0.0008892465029699308,omni
-9.025892188571211,11.658461729643019,1.765,0.0,0.0,0.0019714471392453833,0.3700512288777331,0.0035632755030091134,0.0,0.0,0.0,0.0008898190277845992,unicycle
-9.018489655622178,11.658547697807096,1.765,0.0,0.0,0.001989295288055401,0.3701344341007803,0.003565412096227216,0.0,0.0,0.0,0.0008924074405008941,omni
-9.011088784288724,11.658633999009746,1.765,0.0,0.0,0.002007153348931673,0.37005145035665826,0.00357562195594172,0.0,0.0,0.0,0.0008929030438135797,unicycle
-9.003686250460566,11.658720472568412,1.765,0.0,0.0,0.0020250617372087475,0.370134656181838,0.003577454437236606,0.0,0.0,0.0,0.0008954194138537731,omni
-8.996285378257975,11.658807273843381,1.765,0.0,0.0,0.002042978534615662,0.37005167242652587,0.003587379135399983,0.0,0.0,0.0,0.0008958398703456759,unicycle
-8.988882843554087,11.658894242021852,1.765,0.0,0.0,0.0020609442484010097,0.370134878742904,0.003588914531485587,0.0,0.0,0.0,0.0008982856892674483,omni
-8.98148197048691,11.65898153269086,1.765,0.0,0.0,0.0020789169031727537,0.3700518948919849,0.003598559974755618,0.0,0.0,0.0,0.0008986327385872179,unicycle
-8.974079434913705,11.659068984927588,1.765,0.0,0.0,0.002096937092555559,0.37013510158073387,0.0035998051731972354,0.0,0.0,0.0,0.0009010094691402266,omni
-8.966678560989635,11.659156754523776,1.765,0.0,0.0,0.002114962788884044,0.3700521175442598,0.0036091771537957455,0.0,0.0,0.0,0.0009012848164242616,unicycle
-8.959276024556724,11.659244680466356,1.765,0.0,0.0,0.0021330346667433817,0.37013532448381165,0.0036101389052010475,0.0,0.0,0.0,0.0009035938929668763,omni
-8.951875149786684,11.65933291873022,1.765,0.0,0.0,0.0021511106509311596,0.3700523401704624,0.0036192431026756565,0.0,0.0,0.0,0.0009037992093888786,unicycle
-8.944472612506916,11.659421308231357,1.765,0.0,0.0,0.0021692314916977847,0.3701355472398627,0.0036199280229656326,0.0,0.0,0.0,0.0009060420383312436,omni
-8.93707173690505,11.659510005106757,1.765,0.0,0.0,0.0021873550709312073,0.37005256255962776,0.003628770006025719,0.0,0.0,0.0,0.0009061789616711594,unicycle
-8.929669198794445,11.659598848220305,1.765,0.0,0.0,0.002205522209369928,0.3701357696406769,0.003629184578757185,0.0,0.0,0.0,0.000908356921936035,omni
-8.92226832237802,11.659687993850527,1.765,0.0,0.0,0.002223690750513149,0.3700527845065449,0.003637769807158067,0.0,0.0,0.0,0.0009084270571610383,unicycle
-8.914865783455651,11.659777280827598,1.765,0.0,0.0,0.002241901580526265,0.3701359914851252,0.003637920385874458,0.0,0.0,0.0,0.0009105415006558015,omni
-8.907464906244911,11.659866865551479,1.765,0.0,0.0,0.002260112508936414,0.3700530058141077,0.003646254212329616,0.0,0.0,0.0,0.0009105464205074817,unicycle
-8.900062366532742,11.659956586836607,1.765,0.0,0.0,0.0022783644823884614,0.3701362125809675,0.0036461470229228626,0.0,0.0,0.0,0.0009125986726023241,omni
-8.892661488550736,11.660046601184748,1.765,0.0,0.0,0.002296615280752179,0.37005322629468196,0.003654234695029107,0.0,0.0,0.0,0.000912539918185917,unicycle
-8.885258948073446,11.66013674741214,1.765,0.0,0.0,0.00231490590631607,0.3701364327458596,0.003653875838099633,0.0,0.0,0.0,0.0009145312781945289,omni
-8.877858069345855,11.66022718210317,1.765,0.0,0.0,0.0023331941135074094,0.370053445770819,0.0036617225002632658,0.0,0.0,0.0,0.0009144103595669653,unicycle
-8.870455528130641,11.660317744093014,1.765,0.0,0.0,0.002351520955531945,0.37013665180782773,0.003661117953467543,0.0,0.0,0.0,0.0009163421012267925,omni
-8.863054648685571,11.660408590029935,1.765,0.0,0.0,0.002369844165491566,0.3700536640755385,0.0036687286488225382,0.0,0.0,0.0,0.0009161604979810393,unicycle
-8.855652106761974,11.660499558784768,1.765,0.0,0.0,0.0023882048428901874,0.3701368696053983,0.0036678842692008055,0.0,0.0,0.0,0.0009180338699310614,omni
-8.848251226629783,11.660590807051358,1.765,0.0,0.0,0.00240656070352569,0.37005388105233583,0.0036752639415123193,0.0,0.0,0.0,0.0009177930317751349,unicycle
-8.840848684029483,11.660682173752516,1.765,0.0,0.0,0.0024249528886862806,0.3701370859875044,0.003674185467790765,0.0,0.0,0.0,0.0009196092580295358,omni
-8.833447803242581,11.660773815609808,1.765,0.0,0.0,0.002443339100793454,0.3700540965550083,0.003681338963338963,0.0,0.0,0.0,0.0009193106053586938,unicycle
-8.826045259999226,11.66086557161395,1.765,0.0,0.0,0.0024617605185089605,0.3701373008132503,0.003680032018202253,0.0,0.0,0.0,0.0009210708857753192,omni
-8.818644378591905,11.66095759849677,1.765,0.0,0.0,0.002480174834713694,0.37005431044737336,0.0036869640876429485,0.0,0.0,0.0,0.0009207158102366713,unicycle
-8.811241834740922,11.66104973533244,1.765,0.0,0.0,0.002498623261133281,0.37013751395159245,0.0036854341799743584,0.0,0.0,0.0,0.0009224213209793758,omni
-8.803840952749173,11.66114213884602,1.765,0.0,0.0,0.0025170634848538423,0.37005452260292,0.0036921494801734982,0.0,0.0,0.0,0.000922011186028041,unicycle
-8.796438408327608,11.661234648210307,1.765,0.0,0.0,0.0025355367464542896,0.37013772528096817,0.00369040200725996,0.0,0.0,0.0,0.0009236630800223466,omni
-8.789037525788961,11.66132742012695,1.765,0.0,0.0,0.002554000730883667,0.3700547329044227,0.003696905103100148,0.0,0.0,0.0,0.0009231992214688397,unicycle
-8.781634980835312,11.661420293882186,1.765,0.0,0.0,0.002572496703460675,0.3701379346888997,0.0036949453528012616,0.0,0.0,0.0,0.0009247986288504305,omni
-8.774234097788673,11.661513426138013,1.765,0.0,0.0,0.0025909823505686517,0.37005494124353927,0.0037012407189591207,0.0,0.0,0.0,0.0009242823553988025,unicycle
-8.766831551879376,11.66160665630975,1.765,0.0,0.0,0.0026094989571582255,0.3701381652395489,0.0036990738718390955,0.0,0.0,0.0,0.000925830329478669,omni
-8.759430666879965,11.661700141008762,1.765,0.0,0.0,0.002628004213947636,0.3700552217669544,0.003705166064296643,0.0,0.0,0.0,0.0009252628394705327,unicycle
-8.752028118105654,11.661793719793966,1.765,0.0,0.0,0.0026465394232895283,0.3701384911863671,0.0037027974568183803,0.0,0.0,0.0,0.0009267604670946243,omni
-8.744627229701079,11.661887549202932,1.765,0.0,0.0,0.0026650622846749695,0.37005557481824736,0.0037086907712210668,0.0,0.0,0.0,0.0009261430692720602,unicycle
-8.73722467724047,11.661981468948216,1.765,0.0,0.0,0.0026836141137473487,0.3701388580876407,0.003706125210233146,0.0,0.0,0.0,0.000927591453618979,omni
-8.729823785067845,11.662075635479805,1.765,0.0,0.0,0.002702152621879418,0.3700559458847772,0.003711823740390736,0.0,0.0,0.0,0.0009269254066034755,unicycle
-8.722421228885098,11.662169888678315,1.765,0.0,0.0,0.002720719134098925,0.3701392266345347,0.00370906601060716,0.0,0.0,0.0,0.0009283256109753373,omni
-8.715020333134955,11.662264384892184,1.765,0.0,0.0,0.0027392713767798765,0.3700563072595827,0.003714573827389721,0.0,0.0,0.0,0.0009276121340475834,unicycle
-8.707617773571956,11.662358964183753,1.765,0.0,0.0,0.0027578506805853915,0.3701395779054118,0.003711628660312594,0.0,0.0,0.0,0.0009289651902757608,omni
-8.700216874680752,11.662453782785969,1.765,0.0,0.0,0.0027764147899866274,0.3700566466110445,0.003716949787292102,0.0,0.0,0.0,0.0009282054700617698,unicycle
-8.692814312227567,11.66254868095598,1.765,0.0,0.0,0.002795005037660677,0.3701399044567704,0.0037138218428176707,0.0,0.0,0.0,0.0009295123837024812,omni
-8.685413410708488,11.66264381479745,1.765,0.0,0.0,0.002813579189227592,0.3700569600695395,0.0037189602420589175,0.0,0.0,0.0,0.0009287075783457709,unicycle
-8.678010845880577,11.662739024774936,1.765,0.0,0.0,0.002832178575865781,0.37014020498546285,0.0037156540981710985,0.0,0.0,0.0,0.0009299693319094697,omni
-8.670609942236245,11.662834466849246,1.765,0.0,0.0,0.0028507609873399216,0.3700572481299307,0.0037206136624410163,0.0,0.0,0.0,0.00092912057370702,unicycle
-8.663207375514167,11.662929981704552,1.765,0.0,0.0,0.00286936774991373,0.3701404812043945,0.003717133809970325,0.0,0.0,0.0,0.0009303381286904191,omni
-8.65580647019665,11.6630257251455,1.765,0.0,0.0,0.002887956680429645,0.37005751328820014,0.00372191835892914,0.0,0.0,0.0,0.0009294465257957512,unicycle
-8.648403902001167,11.66312153808773,1.765,0.0,0.0,0.0029065690969094457,0.37014073607173825,0.0037182691994172537,0.0,0.0,0.0,0.0009306208239900504,omni
-8.641002995398196,11.663217576166705,1.765,0.0,0.0,0.002925162846140532,0.3700577587300535,0.0037228824782226965,0.0,0.0,0.0,0.0009296874615542846,unicycle
-8.633600426084541,11.663313680541059,1.765,0.0,0.0,0.002943779234658931,0.37014097283383757,0.0037190683236404828,0.0,0.0,0.0,0.0009308194259199537,omni
-8.626199518519446,11.66341000666437,1.765,0.0,0.0,0.002962376141996883,0.37005798764544756,0.00372351400297124,0.0,0.0,0.0,0.0009298453668975899,unicycle
-8.618796948381133,11.663506395949474,1.765,0.0,0.0,0.0029809948600405364,0.37014119454653055,0.0037195390765042196,0.0,0.0,0.0,0.0009309359021826522,omni
-8.611396040119228,11.663603003655663,1.765,0.0,0.0,0.0029995933037993312,0.37005820290606195,0.003723820753383682,0.0,0.0,0.0,0.0009299221879397573,unicycle
-8.603993469396007,11.663699671460906,1.765,0.0,0.0,0.003018212747422304,0.37014140386935923,0.0037196891907997423,0.0,0.0,0.0,0.0009309721811485933,omni
-8.596592560653356,11.663796554418106,1.765,0.0,0.0,0.00303681114406143,0.37005840694572467,0.003723810389843081,0.0,0.0,0.0,0.0009299198319562984,unicycle
-8.589189989540294,11.66389349448102,1.765,0.0,0.0,0.0030554297471160913,0.37014160300870064,0.0037195262411512807,0.0,0.0,0.0,0.0009309301527330895,omni
-8.581789080492742,11.66399064648437,1.765,0.0,0.0,0.0030740265504800067,0.3700586017482485,0.003723490416012323,0.0,0.0,0.0,0.0009298401681957905,unicycle
-8.574386509148917,11.664087852668066,1.765,0.0,0.0,0.0030926427838632153,0.3701417937366234,0.0037190576472426536,0.0,0.0,0.0,0.0009308116691604248,omni
-8.566985599940299,11.66418526763716,1.765,0.0,0.0,0.0031112364844353654,0.37005878888699373,0.003722868182132069,0.0,0.0,0.0,0.0009296850286075108,unicycle
-8.55958302849646,11.664282733927822,1.765,0.0,0.0,0.0031298488553486805,0.37014197744346383,0.0037182906771403264,0.0,0.0,0.0,0.0009306185456657387,omni
-8.552182119245641,11.664380405904227,1.765,0.0,0.0,0.003148437979519145,0.37005896958479306,0.003721950888345374,0.0,0.0,0.0,0.0009294562085232123,unicycle
-8.544779547810592,11.664478126408659,1.765,0.0,0.0,0.0031670450307424132,0.37014215520099486,0.0037172324505935226,0.0,0.0,0.0,0.000930352561163412,omni
-8.537378638617215,11.664576049553505,1.765,0.0,0.0,0.003185628140088706,0.37005914477745167,0.003720745587964241,0.0,0.0,0.0,0.0009291554673146749,unicycle
-8.529976067282965,11.664674018496733,1.765,0.0,0.0,0.0032042284492666624,0.3701423278242488,0.0037158899422523413,0.0,0.0,0.0,0.000930015458897823,omni
-8.522575158232044,11.664772187088317,1.765,0.0,0.0,0.003222804139847428,0.37005931517256585,0.0037192591906388163,0.0,0.0,0.0,0.0009287845290382474,unicycle
-8.515172587077858,11.664870398811262,1.765,0.0,0.0,0.003241396318789116,0.37014249592651144,0.003714269984779668,0.0,0.0,0.0,0.0009296089470843957,omni
-8.507771678243326,11.664968807242762,1.765,0.0,0.0,0.003259963220450555,0.37005948130024496,0.0037174984654166337,0.0,0.0,0.0,0.0009283450830720072,unicycle
-8.500369107338852,11.66506725619994,1.765,0.0,0.0,0.0032785459144414495,0.3701426599655925,0.0037123792718530934,0.0,0.0,0.0,0.0009291346995447584,omni
-8.492968198786302,11.665165898977126,1.765,0.0,0.0,0.003297102690136409,0.3700596435549402,0.003715470043692786,0.0,0.0,0.0,0.000927838784747946,unicycle
-8.485565628193946,11.665264579734416,1.765,0.0,0.0,0.0033156745772631524,0.37014282028135326,0.003710224361059583,0.0,0.0,0.0,0.0009285943563371653,omni
-8.478164719982688,11.665363451473445,1.765,0.0,0.0,0.0033342199223827373,0.37005980222889595,0.00371318042205707,0.0,0.0,0.0,0.000927267255979246,unicycle
-8.470762149759391,11.665462358705897,1.765,0.0,0.0,0.003352779712870379,0.3701429771253565,0.003707811676692897,0.0,0.0,0.0,0.0009279895243820597,omni
-8.463361241943986,11.665561454131142,1.765,0.0,0.0,0.0033713123545880373,0.37005995753830184,0.0037106359650485136,0.0,0.0,0.0,0.000926632085882899,unicycle
-8.455958672142545,11.665660582620832,1.765,0.0,0.0,0.003389858790149688,0.370143130683834,0.003705147512462363,0.0,0.0,0.0,0.0009273217780825117,omni
-8.44855776477394,11.66575989656276,1.765,0.0,0.0,0.003408377486777615,0.37006010964338487,0.0037078429078257966,0.0,0.0,0.0,0.0009259348313963728,unicycle
-8.441155195443992,11.66585924119669,1.765,0.0,0.0,0.003426909339976382,0.37014328109520106,0.003702238034122429,0.0,0.0,0.0,0.0009265926599383292,omni
-8.433754288570345,11.665958768589768,1.765,0.0,0.0,0.0034454128803341403,0.37006025866362874,0.0037048073587625137,0.0,0.0,0.0,0.0009251770178879008,unicycle
-8.426351719759053,11.66605832435781,1.765,0.0,0.0,0.0034639289539572073,0.3701434284632436,0.0036990892820306454,0.0,0.0,0.0,0.0009258036811533479,omni
-8.418950813426349,11.666158060238482,1.765,0.0,0.0,0.0034824161567523944,0.37006040468916923,0.0037015353019744443,0.0,0.0,0.0,0.0009243601397593143,unicycle
-8.411548245178931,11.666257822231357,1.765,0.0,0.0,0.003500915283197091,0.3701435728669397,0.0036957071736412163,0.0,0.0,0.0,0.0009249563222348471,omni
-8.404147339431393,11.666357761736034,1.765,0.0,0.0,0.003519384996417907,0.3700605477892392,0.0036980325997849357,0.0,0.0,0.0,0.0009234856610407742,unicycle
-8.396744771791472,11.66645772514334,1.765,0.0,0.0,0.0035378660370895994,0.3701437143677049,0.0036920975059386786,0.0,0.0,0.0,0.0009240520335846063,omni
-8.389343866671886,11.666557863506442,1.765,0.0,0.0,0.0035563171374091373,0.3700606880183706,0.0036943049951328427,0.0,0.0,0.0,0.0009225550159769134,unicycle
-8.381941299681761,11.666658023614715,1.765,0.0,0.0,0.0035747789821307593,0.37014385301468994,0.0036882659578168294,0.0,0.0,0.0,0.0009230922360810919,omni
-8.374540395231687,11.666758356166758,1.765,0.0,0.0,0.0035932103743228365,0.37006082542091184,0.0036903581139274126,0.0,0.0,0.0,0.0009215696096038429,unicycle
-8.36713782893251,11.66685870835757,1.765,0.0,0.0,0.0036116519407558842,0.3701439888486246,0.0036842180924058095,0.0,0.0,0.0,0.0009220783216523696,omni
-8.35973692519243,11.66695923052327,1.765,0.0,0.0,0.003630062557122221,0.3700609600342903,0.003686197467352683,0.0,0.0,0.0,0.0009205308183168658,unicycle
-8.352334359624326,11.667059770271365,1.765,0.0,0.0,0.0036484827901990115,0.3701441219045813,0.0036799593593502093,0.0,0.0,0.0,0.0009210116538395214,omni
-8.344933456633749,11.667160477567803,1.765,0.0,0.0,0.00366687159000758,0.3700610918913489,0.0036818284541242276,0.0,0.0,0.0,0.00091943999042843,unicycle
-8.337530891835916,11.667261200439281,1.765,0.0,0.0,0.0036852694613745854,0.3701442522139463,0.003675495097040841,0.0,0.0,0.0,0.0009198935683502756,omni
-8.330129989633459,11.667362088474087,1.765,0.0,0.0,0.003703635430308914,0.37006122102200534,0.003677256362700233,0.0,0.0,0.0,0.000918298446716445,unicycle
-8.322727425644217,11.667462990124603,1.765,0.0,0.0,0.003722009937780973,0.37014437980581233,0.0036708305348012063,0.0,0.0,0.0,0.0009187253736029462,omni
-8.31532652426764,11.667564054594184,1.765,0.0,0.0,0.0037403520874002283,0.3700613474544177,0.0036724863734480333,0.0,0.0,0.0,0.0009171074809627705,unicycle
-8.307923961124468,11.6676651307672,1.765,0.0,0.0,0.0037587022544254374,0.37014450470795174,0.0036659707950305663,0.0,0.0,0.0,0.0009175083512604713,omni
-8.300523060610713,11.667766367455002,1.765,0.0,0.0,0.0037770196216350737,0.3700614712157935,0.0036675235607679336,0.0,0.0,0.0,0.0009158683604818073,unicycle
-8.29312049835028,11.66786761398006,1.765,0.0,0.0,0.003795344496770166,0.37014462694748596,0.0036609208953047863,0.0,0.0,0.0,0.0009162437567546095,omni
-8.28571959873549,11.667969018754855,1.765,0.0,0.0,0.0038136361433029537,0.3700615923329417,0.0036623728951750934,0.0,0.0,0.0,0.0009145823266393658,unicycle
-8.278317037393668,11.668070431545896,1.765,0.0,0.0,0.0038319347996989615,0.3701447465513389,0.00365568575043555,0.0,0.0,0.0,0.0009149328198004035,omni
-8.270916138713195,11.668172000360116,1.765,0.0,0.0,0.0038501998116061966,0.3700617108326429,0.003657039245340622,0.0,0.0,0.0,0.0009132505953617486,unicycle
-8.263513578325071,11.668273575413819,1.765,0.0,0.0,0.0038684713465042156,0.37014486354653625,0.003650270174490037,0.0,0.0,0.0,0.0009135767449009267,omni
-8.256112680613489,11.668375304301911,1.765,0.0,0.0,0.0038867088336569217,0.3700618267418883,0.00365152738009328,0.0,0.0,0.0,0.0009118743576352858,unicycle
-8.248710121213364,11.668477037696077,1.765,0.0,0.0,0.0039049523678937716,0.3701449779603949,0.003644678882770817,0.0,0.0,0.0,0.0009121767118424991,omni
-8.241309224504464,11.668578922772898,1.765,0.0,0.0,0.003923161463493699,0.37006194008802773,0.003645841970381752,0.0,0.0,0.0,0.0009104547799963005,unicycle
-8.233906666125865,11.668680810664855,1.765,0.0,0.0,0.0039413761410173045,0.3701450898206352,0.003638916493757213,0.0,0.0,0.0,0.0009107338761803973,omni
-8.226505770452675,11.66878284812409,1.765,0.0,0.0,0.003959556001117539,0.370062050898853,0.0036399875911989196,0.0,0.0,0.0,0.0009089930050117186,unicycle
-8.219103213128346,11.668884886749137,1.765,0.0,0.0,0.003977740988511845,0.37014519915544103,0.003632987531009108,0.0,0.0,0.0,0.0009092493697152558,omni
-8.211702318523107,11.66898707286176,1.765,0.0,0.0,0.003995890791546852,0.3700621592026374,0.003633968723468823,0.0,0.0,0.0,0.0009074901517503914,unicycle
-8.204299762285022,11.669089258531628,1.765,0.0,0.0,0.004014045277566058,0.3701453059934821,0.0036268964250336503,0.0,0.0,0.0,0.000907724300960263,omni
-8.19689886877921,11.66919158964438,1.765,0.0,0.0,0.004032164223890964,0.37006226502814465,0.0036277897558967243,0.0,0.0,0.0,0.0009059473162453506,unicycle
-8.189496313658559,11.669293918745746,1.765,0.0,0.0,0.004050287419002952,0.3701454103639125,0.003620647515115397,0.0,0.0,0.0,0.0009061597555993752,omni
-8.182095421282874,11.669396391279653,1.765,0.0,0.0,0.004068374730441897,0.3700623684046178,0.0036214549867832407,0.0,0.0,0.0,0.0009043655719471684,unicycle
-8.174692867310078,11.66949886027266,1.765,0.0,0.0,0.00408646586638063,0.37014551229635057,0.0036142450511114166,0.0,0.0,0.0,0.0009045567969366442,omni
-8.167291976094448,11.669601470721567,1.765,0.0,0.0,0.004104520785783997,0.3700624693617536,0.0036149686258033623,0.0,0.0,0.0,0.0009027459701684185,unicycle
-8.159889423299154,11.669704076138382,1.765,0.0,0.0,0.004122579115110735,0.3701456118208505,0.0036076931952107503,0.0,0.0,0.0,0.0009029164663367936,omni
-8.152488533272736,11.669806821067533,1.765,0.0,0.0,0.004140600905921128,0.37006256792966985,0.003608334795750476,0.0,0.0,0.0,0.0009010895405196551,unicycle
-8.145085981683815,11.669909559510945,1.765,0.0,0.0,0.004158625701594275,0.3701457089678652,0.0036009960236603102,0.0,0.0,0.0,0.0009012397836573314,omni
-8.137685092875,11.670012435555577,1.765,0.0,0.0,0.00417661364742101,0.37006266413886635,0.0036015575342470056,0.0,0.0,0.0,0.0008993972913368216,unicycle
-8.130282542520554,11.670115303697594,1.765,0.0,0.0,0.0041946042023744525,0.3701458037682066,0.003594157528456943,0.0,0.0,0.0,0.0008995277476721474,omni
-8.122881654956963,11.670218307561562,1.765,0.0,0.0,0.004212557606576458,0.37006275802018407,0.003594640795421307,0.0,0.0,0.0,0.000897670210100324,unicycle
-8.115479105864328,11.670321302142064,1.765,0.0,0.0,0.0042305132333061955,0.37014589625300404,0.003587181619006248,0.0,0.0,0.0,0.0008977813364868845,omni
-8.108078219572821,11.670424430596496,1.765,0.0,0.0,0.004248431418583115,0.37006284960476293,0.0035875884515518806,0.0,0.0,0.0,0.0008959092638459668,unicycle
-8.100675671768567,11.670527548421898,1.765,0.0,0.0,0.004266351448742041,0.37014598645366154,0.0035800721237494245,0.0,0.0,0.0,0.0008960015079462292,omni
-8.093274786775243,11.670630798303872,1.765,0.0,0.0,0.0042842337567333974,0.37006293892399933,0.003580404294679812,0.0,0.0,0.0,0.000894115399567871,unicycle
-8.085872240285179,11.670734036245815,1.765,0.0,0.0,0.004302117540734062,0.37014607440181585,0.003572832791758308,0.0,0.0,0.0,0.0008941892000332736,omni
-8.078471356615383,11.670837404457066,1.765,0.0,0.0,0.004319963331626334,0.3700630260095046,0.0035730920381896003,0.0,0.0,0.0,0.0008922895446135904,unicycle
-8.071068811464562,11.670940759451144,1.765,0.0,0.0,0.004337810238251558,0.37014616012929624,0.0035654672942992648,0.0,0.0,0.0,0.0008923453312611164,omni
-8.063667929142884,11.671044242956787,1.765,0.0,0.0,0.004355618890392987,0.37006311089306554,0.0035656553183592535,0.0,0.0,0.0,0.0008904326070714809,unicycle
-8.056265385355612,11.67114771200128,1.765,0.0,0.0,0.004373428306414121,0.3701462436680847,0.0035579792263667753,0.0,0.0,0.0,0.000890470801056758,omni
-8.048864504405904,11.671251307828577,1.765,0.0,0.0,0.0043911992159371286,0.37006319360660483,0.003558097695880243,0.0,0.0,0.0,0.000888545476150445,unicycle
-8.041461962005737,11.671354887983226,1.765,0.0,0.0,0.004408970545739879,0.3701463250502776,0.0035503721081870184,0.0,0.0,0.0,0.0008885664901375233,omni
-8.034061082451105,11.67145859322035,1.765,0.0,0.0,0.004426703126190927,0.3700632741821447,0.0035504226573476344,0.0,0.0,0.0,0.0008866290225524178,unicycle
-8.026658541460865,11.671562281605148,1.765,0.0,0.0,0.004444435791408531,0.37014640430805107,0.003542649386691904,0.0,0.0,0.0,0.000886633260880211,omni
-8.019257663323687,11.6716660934,1.765,0.0,0.0,0.004462129473385281,0.37006335265177187,0.0035426336167211866,0.0,0.0,0.0,0.0008846840988374526,unicycle
-8.011855123765462,11.671769887194005,1.765,0.0,0.0,0.004479822912538941,0.37014648147362544,0.0035348144369648196,0.0,0.0,0.0,0.0008846719576829344,omni
-8.004454247067388,11.671873802753025,1.765,0.0,0.0,0.004497477143334577,0.3700634290476034,0.0035347339167582045,0.0,0.0,0.0,0.0008827115397817404,unicycle
-7.997051708962543,11.671977699193203,1.765,0.0,0.0,0.004515130811480976,0.3701465565792336,0.0035268705636578405,0.0,0.0,0.0,0.0008826834073199756,omni
-7.989650833724502,11.672081715780235,1.765,0.0,0.0,0.00453274505473555,0.3700635034017565,0.0035267268304181856,0.0,0.0,0.0,0.0008807121627286447,unicycle
-7.982248297093682,11.672185712160319,1.765,0.0,0.0,0.004550358423121343,0.3701466296570904,0.00351882100238152,0.0,0.0,0.0,0.0008806684192896757,omni
-7.974847423335893,11.672289827095467,1.765,0.0,0.0,0.004567932158479998,0.37006357574631776,0.00351861556224018,0.0,0.0,0.0,0.000878686767932829,unicycle
-7.967444888199037,11.672393920764838,1.765,0.0,0.0,0.004585504714203109,0.370146700739364,0.0035106689210672097,0.0,0.0,0.0,0.0008786277861555098,omni
-7.960044015941018,11.67249813142337,1.765,0.0,0.0,0.0046030374369810615,0.3700636461133164,0.00351040324969316,0.0,0.0,0.0,0.0008766361388976983,unicycle
-7.95264148231736,11.672602319785971,1.765,0.0,0.0,0.004620568682658672,0.37014676985814876,0.0035024174213033484,0.0,0.0,0.0,0.0008765622838805503,omni
-7.945240611577933,11.672706623597225,1.765,0.0,0.0,0.0046380599035127975,0.37006371453469655,0.0035020929645003733,0.0,0.0,0.0,0.0008745610427062894,unicycle
-7.937838079486018,11.672810904110477,1.765,0.0,0.0,0.004655549356955907,0.37014683704543977,0.0034940695396452567,0.0,0.0,0.0,0.0008744726721553903,omni
-7.93043721028332,11.672915298556807,1.765,0.0,0.0,0.004672998601562819,0.3700637810422948,0.0034936877139374353,0.0,0.0,0.0,0.0008724622303456256,unicycle
-7.923034679741007,11.673019668730563,1.765,0.0,0.0,0.004690445795457209,0.37014690233311004,0.0034856282488994264,0.0,0.0,0.0,0.0008723596947196201,omni
-7.915633812092496,11.673124151346288,1.765,0.0,0.0,0.004707852604197706,0.3700638456678155,0.003485190442105357,0.0,0.0,0.0,0.000870340437024782,unicycle
-7.908231283116971,11.6732286087418,1.765,0.0,0.0,0.0047252570857912474,0.3701469657528873,0.0034770964593830327,0.0,0.0,0.0,0.0008702240796770824,omni
-7.9008304170394394,11.673333177112186,1.765,0.0,0.0,0.004742621013440982,0.3700639084428103,0.003476604031178799,0.0,0.0,0.0,0.0008681963824867587,unicycle
-7.893427889647224,11.673437719341093,1.765,0.0,0.0,0.004759982344237081,0.3701470273363341,0.0034684770201586254,0.0,0.0,0.0,0.0008680665398049697,omni
-7.886027025156805,11.673542371101345,1.765,0.0,0.0,0.004777302959663366,0.370063969398658,0.0034679313026297325,0.0,0.0,0.0,0.0008660307713142571,unicycle
-7.878624499363763,11.673646995824681,1.765,0.0,0.0,0.004794620715120502,0.3701470871148284,0.00345977272024466,0.0,0.0,0.0,0.0008658877728568448,omni
-7.871223636475941,11.67375172865896,1.765,0.0,0.0,0.00481189760098509,0.37006402856654563,0.0034591750184272104,0.0,0.0,0.0,0.0008638442932293902,unicycle
-7.863821112297293,11.673856433586177,1.765,0.0,0.0,0.004829171370222283,0.37014714511954516,0.0034509862898023987,0.0,0.0,0.0,0.0008636884618596967,omni
-7.856420251026914,11.673961245226641,1.765,0.0,0.0,0.0048464041226900356,0.3700640859774516,0.0034503378822138475,0.0,0.0,0.0,0.000861637623387603,unicycle
-7.849017728477244,11.674066028114664,1.765,0.0,0.0,0.004863633508198141,0.3701472013814408,0.0034421204012999606,0.0,0.0,0.0,0.0008614692754053076,omni
-7.841616868838525,11.674170916340518,1.765,0.0,0.0,0.004880821736651461,0.3700641416621297,0.0034414225404595716,0.0,0.0,0.0,0.0008594114226659715,unicycle
-7.83421434793179,11.674275774992804,1.765,0.0,0.0,0.0048980063540101796,0.37014725593123665,0.0034331776706536463,0.0,0.0,0.0,0.0008592308679359499,omni
-7.82681348993833,11.674380737629374,1.765,0.0,0.0,0.0049151496807690945,0.3700641956510934,0.0034324315835926812,0.0,0.0,0.0,0.0008571663379457354,unicycle
-7.819410970687875,11.674485669894993,1.765,0.0,0.0,0.0049322891583695825,0.3701473087994053,0.003424160658346699,0.0,0.0,0.0,0.0008569738800243646,omni
-7.812010114352663,11.674590704812815,1.765,0.0,0.0,0.004949387218417367,0.3700642479746033,0.003423367547108623,0.0,0.0,0.0,0.0008549030023892689,unicycle
-7.804607596771225,11.674695708585556,1.765,0.0,0.0,0.004966481197190333,0.37014736001615767,0.0034150718705262127,0.0,0.0,0.0,0.0008546989386483065,omni
-7.797206742106653,11.674800813699488,1.765,0.0,0.0,0.004983533637904568,0.37006429866265406,0.003414232912657284,0.0,0.0,0.0,0.0008526220357117362,unicycle
-7.789804226206374,11.67490588691698,1.765,0.0,0.0,0.005000581771053765,0.37014740961143067,0.003405913760078958,0.0,0.0,0.0,0.0008524066574598195,omni
-7.782403373224245,11.675011060185325,1.765,0.0,0.0,0.005017588251942715,0.3700643477449625,0.0034050301091092523,0.0,0.0,0.0,0.0008503240444474931,unicycle
-7.775000859016684,11.67511620082816,1.765,0.0,0.0,0.005034590204683699,0.37014745761487583,0.003396688727686055,0.0,0.0,0.0,0.0008500976370492,omni
-7.767600007728225,11.675221440251814,1.765,0.0,0.0,0.005051550397127921,0.3700643952509571,0.0033957615136010018,0.0,0.0,0.0,0.0008480096222111038,unicycle
-7.760197495224368,11.675326646342711,1.765,0.0,0.0,0.005068505846431997,0.3701475040558498,0.0033873991228568733,0.0,0.0,0.0,0.0008477724652037255,omni
-7.75279664533133,11.675431949968521,1.765,0.0,0.0,0.005085419433431065,0.37006445665605103,0.0033864295843176536,0.0,0.0,0.0,0.0008456793499534088,unicycle
-7.745394133294229,11.675537219584529,1.765,0.0,0.0,0.005102328066693245,0.3701476113343023,0.003378047579346729,0.0,0.0,0.0,0.0008454316631089676,omni
-7.737993282853179,11.675642585512671,1.765,0.0,0.0,0.005119194739873776,0.3700646142226368,0.0033770367973425513,0.0,0.0,0.0,0.0008433336590265052,unicycle
-7.730590769649032,11.675747916770801,1.765,0.0,0.0,0.005136056254110593,0.37014779929387076,0.0033686362152303886,0.0,0.0,0.0,0.0008430757118409219,omni
-7.723189917696219,11.675853343132232,1.765,0.0,0.0,0.005152875717306747,0.37006481896592053,0.003367585157676024,0.0,0.0,0.0,0.0008409731598077507,unicycle
-7.715787402849951,11.675958734180092,1.765,0.0,0.0,0.005169689822382221,0.37014800999775016,0.0033591670707119356,0.0,0.0,0.0,0.0008407052537736868,omni
-7.708386549259822,11.676064219138537,1.765,0.0,0.0,0.005186461791652331,0.3700650289764249,0.0033580767308620985,0.0,0.0,0.0,0.0008385984635054646,unicycle
-7.700984032889621,11.676169668158009,1.765,0.0,0.0,0.00520322820916858,0.37014821378360757,0.0033496422218139347,0.0,0.0,0.0,0.0008383208758125099,omni
-7.6935831779441335,11.676275209912596,1.765,0.0,0.0,0.005219952411895473,0.37006522387971097,0.0033485135986966942,0.0,0.0,0.0,0.0008362101363447084,unicycle
-7.68618066043609,11.67638071512166,1.765,0.0,0.0,0.005236670874456461,0.3701483972576587,0.0033400637455488938,0.0,0.0,0.0,0.000835923128049328,omni
-7.678779804581325,11.67648631190809,1.765,0.0,0.0,0.005253347048738818,0.3700653954711646,0.003338897832054101,0.0,0.0,0.0,0.0008338087141179108,unicycle
-7.67137728640955,11.676591871561474,1.765,0.0,0.0,0.00527001729944057,0.37014855602073715,0.0033304336989171067,0.0,0.0,0.0,0.0008335125350876201,omni
-7.663976430124764,11.676697521652299,1.765,0.0,0.0,0.0052866451936601794,0.3700655420939675,0.0033292314748260585,0.0,0.0,0.0,0.0008313947109804732,unicycle
-7.656573911757919,11.676803134041487,1.765,0.0,0.0,0.005303266985717313,0.37014869034740416,0.0033207541067859997,0.0,0.0,0.0,0.000831089602856728,omni
-7.649173055490579,11.67690883574589,1.765,0.0,0.0,0.005319846358211653,0.3700656653398532,0.003319516534922322,0.0,0.0,0.0,0.0008289686247169414,unicycle
-7.6417705373484015,11.677014499198718,1.765,0.0,0.0,0.0053364194546650645,0.37014880268609984,0.00331102695535018,0.0,0.0,0.0,0.000828654822670632,omni
-7.634369681486755,11.677120250861984,1.765,0.0,0.0,0.00535295007346228,0.3700657681723084,0.0033097549796535257,0.0,0.0,0.0,0.0008265309398608043,unicycle
-7.626967163924456,11.677225963742048,1.765,0.0,0.0,0.005369474246934666,0.37014889626580966,0.003301254189006767,0.0,0.0,0.0,0.0008262086736192769,omni
-7.619566308790499,11.677331763744917,1.765,0.0,0.0,0.0053859558895251155,0.3700658539065094,0.0032999487337559675,0.0,0.0,0.0,0.000824082129522466,unicycle
-7.612163792097821,11.677437524450859,1.765,0.0,0.0,0.005402430922004371,0.37014897436252797,0.0032914377092561706,0.0,0.0,0.0,0.000823751623962801,omni
-7.604762937950566,11.677543371208781,1.765,0.0,0.0,0.005418863375133387,0.37006592569424757,0.0032900996789526093,0.0,0.0,0.0,0.0008216226564507384,unicycle
-7.5973604223578475,11.677649178173553,1.765,0.0,0.0,0.0054352890577721745,0.37014903994942655,0.0032815793747524432,0.0,0.0,0.0,0.0008212841319393479,omni
-7.589959569401121,11.677755070135948,1.765,0.0,0.0,0.005451672117245136,0.37006598629789744,0.0032802096543618126,0.0,0.0,0.0,0.0008191529736480405,unicycle
-7.582557055088038,11.67786092182606,1.765,0.0,0.0,0.005468048250169845,0.3701490955624955,0.0032716810019670015,0.0,0.0,0.0,0.0008188066462355056,omni
-7.575156203479617,11.677966857475564,1.765,0.0,0.0,0.005484381720664496,0.37006603802295374,0.003270280457338302,0.0,0.0,0.0,0.0008166735247325487,unicycle
-7.567753690584323,11.678072752390346,1.765,0.0,0.0,0.005500708112789872,0.37014914328098153,0.0032617443661455813,0.0,0.0,0.0,0.0008163196062688472,omni
-7.560352840444799,11.678178730242093,1.765,0.0,0.0,0.005516991807673123,0.37006608273190916,0.0032603138445026223,0.0,0.0,0.0,0.0008141847441625334,unicycle
-7.552950329072336,11.678284666912983,1.765,0.0,0.0,0.005533268276520543,0.37014918476378683,0.003251771202375658,0.0,0.0,0.0,0.000813823442370879,omni
-7.5455494804929595,11.678390685513897,1.765,0.0,0.0,0.005549502017668342,0.3700661218950135,0.0032503115328232977,0.0,0.0,0.0,0.0008116870573900675,unicycle
-7.538146970722481,11.678496662503745,1.765,0.0,0.0,0.005565728389186768,0.37014922130856037,0.0032417632066645457,0.0,0.0,0.0,0.0008113185759212388,omni
-7.530746123771753,11.678602720431853,1.765,0.0,0.0,0.005581912006806414,0.37006615665331155,0.003240275200680552,0.0,0.0,0.0,0.0008091808809823676,unicycle
-7.523343615662478,11.67870873633426,1.765,0.0,0.0,0.005598088115195648,0.3701492539155581,0.0032317220369796474,0.0,0.0,0.0,0.0008088054194617146,omni
-7.515942770391481,11.678814832198045,1.765,0.0,0.0,0.005614221447650286,0.37006618788115936,0.0032302064888796653,0.0,0.0,0.0,0.0008066666227319007,unicycle
-7.508540263987451,11.678920885636714,1.765,0.0,0.0,0.005630347135186394,0.37014928334736796,0.003221649314230987,0.0,0.0,0.0,0.0008062843768054221,omni
-7.501139420434067,11.679027018074477,1.765,0.0,0.0,0.005646430028821717,0.37006621624224806,0.0032201070016028024,0.0,0.0,0.0,0.0008041446817661094,unicycle
-7.49373691576786,11.679133107702588,1.765,0.0,0.0,0.005662505145684687,0.3701493101807204,0.0032115466231909936,0.0,0.0,0.0,0.0008037558431485259,omni
-7.48633607396004,11.679239275381837,1.765,0.0,0.0,0.005678537454657917,0.3700662422369751,0.0032099783072991987,0.0,0.0,0.0,0.0008016154486614857,unicycle
-7.478933571055637,11.679345399881448,1.765,0.0,0.0,0.005694561858761668,0.37014933484939827,0.003201415513355301,0.0,0.0,0.0,0.0008012202051875063,omni
-7.471532731013898,11.679451601498291,1.765,0.0,0.0,0.005710543444872946,0.370066266241012,0.003199821939519554,0.0,0.0,0.0,0.0007990793055639225,unicycle
-7.464130229888851,11.679557759579744,1.765,0.0,0.0,0.005726517001697804,0.37014935767867324,0.003191257499751276,0.0,0.0,0.0,0.0007986778412428478,omni
-7.456729391628155,11.679663993858325,1.765,0.0,0.0,0.005742447734224109,0.3700662885358768,0.003189639397702068,0.0,0.0,0.0,0.0007965366263152433,unicycle
-7.449326892295224,11.679770184259683,1.765,0.0,0.0,0.005758370316651878,0.3701493789123136,0.003181074063702257,0.0,0.0,0.0,0.0007961291213885018,omni
-7.441926055826396,11.679876449951601,1.765,0.0,0.0,0.005774250072183579,0.3700663093326896,0.0031794321479176836,0.0,0.0,0.0,0.0007939877765850126,unicycle
-7.434523558294761,11.67998267143808,1.765,0.0,0.0,0.0057901215603353,0.3701493987333995,0.0031708666535540664,0.0,0.0,0.0,0.0007935744075860779,omni
-7.427122723625531,11.68008896732185,1.765,0.0,0.0,0.00580595022261543,0.3700663287903486,0.00316920162358076,0.0,0.0,0.0,0.0007914331140065008,unicycle
-7.419720227901692,11.68019521868528,1.765,0.0,0.0,0.005821770503691884,0.3701494172801454,0.003160636685370096,0.0,0.0,0.0,0.0007910140538226762,omni
-7.412319395037469,11.680301543565786,1.765,0.0,0.0,0.005837547963458201,0.3700663470292649,0.0031589492261312976,0.0,0.0,0.0,0.000788872988315839,unicycle
-7.404916901125908,11.68040782362408,1.765,0.0,0.0,0.005853316931583227,0.3701494346577914,0.0031503855436007303,0.0,0.0,0.0,0.0007884484062512497,omni
-7.397516070070344,11.68051417633205,1.765,0.0,0.0,0.005869043086413086,0.3700663641416348,0.0031486763256935555,0.0,0.0,0.0,0.0007863077414929443,unicycle
-7.3901135779740095,11.680620483928685,1.765,0.0,0.0,0.005884760642479732,0.37014945094745966,0.003140114581730722,0.0,0.0,0.0,0.00078587780333228,omni
-7.382712748729411,11.680726863320176,1.765,0.0,0.0,0.0059004353966378015,0.3700663801990593,0.0031383842617141665,0.0,0.0,0.0,0.0007837377079035156,unicycle
-7.375310258450071,11.680833197323674,1.765,0.0,0.0,0.005916101448157325,0.3701494662126963,0.003129825122907592,0.0,0.0,0.0,0.000783302575976095,omni
-7.367909431017707,11.68093960227957,1.765,0.0,0.0,0.0059317247124461465,0.3700663952581516,0.003128074343582543,0.0,0.0,0.0,0.0007811632144411497,unicycle
-7.360506942556205,11.68104596158301,1.765,0.0,0.0,0.005947339173399846,0.3701494805042716,0.00311951846055339,0.0,0.0,0.0,0.0007807230476850011,omni
-7.353106116936522,11.681152391008522,1.765,0.0,0.0,0.005962910865013229,0.3700664093646408,0.003117747851235703,0.0,0.0,0.0,0.0007785845806691195,unicycle
-7.345703630292966,11.681258774529045,1.765,0.0,0.0,0.005978473655707123,0.3701494938636826,0.003109195858961933,0.0,0.0,0.0,0.0007781395346947345,omni
-7.338302806485747,11.681365227353234,1.765,0.0,0.0,0.005993993698086344,0.3700664225563562,0.0031074060357492096,0.0,0.0,0.0,0.0007760021189610352,unicycle
-7.330900321659644,11.681471634031562,1.765,0.0,0.0,0.006009504745008637,0.3701495063256932,0.00309885855388254,0.0,0.0,0.0,0.0007755523461146574,omni
-7.323499499664127,11.681578109206855,1.765,0.0,0.0,0.006024973067701443,0.37006643486538804,0.0030970501199150454,0.0,0.0,0.0,0.0007734161346403093,unicycle
-7.31609701665448,11.68168453800683,1.765,0.0,0.0,0.006040432303382775,0.3701495179201703,0.0030885077530911904,0.0,0.0,0.0,0.0007729617840665557,omni
-7.308696196469441,11.68179103450856,1.765,0.0,0.0,0.006055848841905131,0.3700664463196457,0.0030866812988074644,0.0,0.0,0.0,0.0007708269261178767,unicycle
-7.301293715274828,11.681897484416679,1.765,0.0,0.0,0.006071256204781563,0.37014952867340467,0.0030781446369502626,0.0,0.0,0.0,0.0007703681438215942,omni
-7.2938928968986465,11.682004001242627,1.765,0.0,0.0,0.0060866209004821255,0.37006645694397633,0.003076300740337562,0.0,0.0,0.0,0.0007682347850281408,unicycle
-7.286490417517269,11.682110471267581,1.765,0.0,0.0,0.006101976334760832,0.3701495386090578,0.0030677703589568803,0.0,0.0,0.0,0.0007677717139353645,omni
-7.279089600947969,11.682217007437535,1.765,0.0,0.0,0.006117289134688088,0.37006646676096544,0.0030659095857966086,0.0,0.0,0.0,0.0007656399963627696,unicycle
-7.271687123377697,11.682323496609786,1.765,0.0,0.0,0.006132592590215706,0.3701495477488384,0.0030573860462803676,0.0,0.0,0.0,0.0007651727763808261,omni
-7.264286308612987,11.68243005116509,1.765,0.0,0.0,0.0061478534469877584,0.3700664757915089,0.0030555089503888125,0.0,0.0,0.0,0.0007630428386026073,unicycle
-7.256883832851386,11.682536558536425,1.765,0.0,0.0,0.0061631048791213425,0.37014955611298533,0.0030469928002894516,0.0,0.0,0.0,0.0007625716066791687,omni
-7.249483019888684,11.682643130539562,1.765,0.0,0.0,0.006178313750798284,0.37006648405521947,0.0030450999237539296,0.0,0.0,0.0,0.0007604435838470812,unicycle
-7.242080545933037,11.682749655182668,1.765,0.0,0.0,0.00619351312027885,0.3701495637206102,0.003036591697069319,0.0,0.0,0.0,0.0007599684740282459,omni
-7.234679734769491,11.682856243716834,1.765,0.0,0.0,0.006208669970237682,0.37006649157071575,0.003034683570479661,0.0,0.0,0.0,0.0007578424979415616,unicycle
-7.227277262616822,11.682962784724888,1.765,0.0,0.0,0.006223817243066259,0.3701495705899409,0.0030261837879283753,0.0,0.0,0.0,0.0007573636414289325,omni
-7.219876453249328,11.68306938889357,1.765,0.0,0.0,0.006238922039878307,0.37006649835582783,0.003024260930603917,0.0,0.0,0.0,0.0007552398406023788,unicycle
-7.212473982896412,11.68317594537982,1.765,0.0,0.0,0.006254017187194487,0.3701495767384957,0.0030157700998952215,0.0,0.0,0.0,0.0007547573658090745,omni
-7.205073175321627,11.683282564306408,1.765,0.0,0.0,0.006269069904505277,0.3700665044277438,0.0030138330201076313,0.0,0.0,0.0,0.0007526358655394989,unicycle
-7.19767070676501,11.68338913540378,1.765,0.0,0.0,0.006284112902468181,0.3701495821832052,0.003005351636206521,0.0,0.0,0.0,0.0007521498981451777,omni
-7.190269900979363,11.683495768231156,1.765,0.0,0.0,0.006299113518879722,0.370066509803112,0.0030034008313982756,0.0,0.0,0.0,0.0007500308205770358,unicycle
-7.182867434215364,11.68360235309186,1.765,0.0,0.0,0.00631410434855136,0.37014958694050004,0.0029949293767850722,0.0,0.0,0.0,0.0007495414835818891,omni
-7.175466630215068,11.683708998982011,1.765,0.0,0.0,0.006329052847506788,0.3700665144981157,0.0029929653337836806,0.0,0.0,0.0,0.0007474249477714314,unicycle
-7.168064165239793,11.683815596777157,1.765,0.0,0.0,0.006343991494737771,0.37014959102637324,0.0029845042787087204,0.0,0.0,0.0,0.0007469323615491691,omni
-7.16066336302085,11.683922254910796,1.765,0.0,0.0,0.006358887864408321,0.37006651852852557,0.0029825274739369127,0.0,0.0,0.0,0.0007448184835274496,unicycle
-7.153260899830204,11.684028864830008,1.765,0.0,0.0,0.006373774319725865,0.3701495944564252,0.002974077276670321,0.0,0.0,0.0,0.000744322765877261,omni
-7.145860099388419,11.684135534406202,1.765,0.0,0.0,0.006388618552900101,0.37006652190973804,0.002972088176352127,0.0,0.0,0.0,0.0007422116587118731,unicycle
-7.138457637978107,11.68424215565726,1.765,0.0,0.0,0.006403452811398289,0.3701495972458957,0.0029636492834286365,0.0,0.0,0.0,0.0007417129249094093,omni
-7.131056839309093,11.68434883589306,1.765,0.0,0.0,0.006418244905373592,0.37006652465680206,0.0029616483437914713,0.0,0.0,0.0,0.0007396046987650839,unicycle
-7.123654379674631,11.684455467701527,1.765,0.0,0.0,0.006433026966605841,0.37014959940968756,0.0029532211902505057,0.0,0.0,0.0,0.0007391030616124493,omni
-7.116253582773814,11.684562157831602,1.765,0.0,0.0,0.006447766923082049,0.3700665267844406,0.0029512088577232603,0.0,0.0,0.0,0.0007369978238104272,unicycle
-7.108851124910536,11.684668799440477,1.765,0.0,0.0,0.006462496790955753,0.37014960096238503,0.0029427938673441643,0.0,0.0,0.0,0.0007364933936851946,omni
-7.101450329773161,11.684775498716768,1.765,0.0,0.0,0.006477184615930981,0.37006652830706566,0.002940770578751575,0.0,0.0,0.0,0.0007343912487614493,unicycle
-7.0940478736762245,11.684882149386125,1.765,0.0,0.0,0.006491862298604276,0.3701496019182673,0.002932368164284548,0.0,0.0,0.0,0.0007338841336647664,omni
-7.086647080297368,11.684988857077503,1.765,0.0,0.0,0.0065064980022728185,0.3700665292387904,0.0029303343470378326,0.0,0.0,0.0,0.0007317851834271492,unicycle
-7.079244625961763,11.68509551608416,1.765,0.0,0.0,0.006521123512053436,0.3701496022913184,0.0029219449104302053,0.0,0.0,0.0,0.0007312754890309145,omni
-7.071843834336336,11.685202231476078,1.765,0.0,0.0,0.00653570710870574,0.3700665295934385,0.0029199009827138704,0.0,0.0,0.0,0.0007291798326151469,unicycle
-7.064441381756888,11.685308898113258,1.765,0.0,0.0,0.006550280461951903,0.37014960209523645,0.0029115249153318446,0.0,0.0,0.0,0.0007286676623082076,omni
-7.05704059187964,11.685415620507419,1.765,0.0,0.0,0.006564811969876557,0.3700665293845517,0.002909471286286861,0.0,0.0,0.0,0.0007265753962327052,unicycle
-7.049638141051016,11.685522294084414,1.765,0.0,0.0,0.0065793331868998816,0.37014960134344066,0.0029011089691329674,0.0,0.0,0.0,0.000726060851166235,omni
-7.042237352916542,11.685629022798455,1.765,0.0,0.0,0.006593812628287602,0.370066528625397,0.002899046039036512,0.0,0.0,0.0,0.0007239720693860184,unicycle
-7.03483490383326,11.685735702640319,1.765,0.0,0.0,0.006608281733257961,0.3701496000490775,0.002890697842962963,0.0,0.0,0.0,0.0007234552485179765,omni
-7.02743411743601,11.685842437007476,1.765,0.0,0.0,0.006622709134107508,0.370066527328972,0.002888626003404528,0.0,0.0,0.0,0.0007213700424773727,unicycle
-7.02003167009244,11.68594912245469,1.765,0.0,0.0,0.006637126154959828,0.370149598225026,0.0028802922893220793,0.0,0.0,0.0,0.0007208510426160593,omni
-7.012630885426718,11.686055861823505,1.765,0.0,0.0,0.006651501544985837,0.3700665255080103,0.0028782119233762143,0.0,0.0,0.0,0.0007187695013004018,unicycle
-7.00522843981709,11.686162552231684,1.765,0.0,0.0,0.006665866513328782,0.3701495958839033,0.0028698930424592094,0.0,0.0,0.0,0.0007182484171472611,omni
-6.997827656877065,11.686269295965673,1.765,0.0,0.0,0.0066801899258714555,0.37006652317498634,0.0028678045248548565,0.0,0.0,0.0,0.0007161706271337023,unicycle
-6.990425212995476,11.686375990705255,1.765,0.0,0.0,0.0066945028768979585,0.370149593038069,0.002859500818742003,0.0,0.0,0.0,0.000715647551325187,omni
-6.983024431775184,11.686482738182624,1.765,0.0,0.0,0.006708774348834604,0.37006652034212056,0.00285740451602847,0.0,0.0,0.0,0.0007135735968322743,unicycle
-6.975621989615599,11.686589436638565,1.765,0.0,0.0,0.006723035321234221,0.37014958969963035,0.002849116317019727,0.0,0.0,0.0,0.0007130486199809136,omni
-6.96822121010895,11.686696187251911,1.765,0.0,0.0,0.006737254892892568,0.37006651702138316,0.002847012587729558,0.0,0.0,0.0,0.0007109785829173657,unicycle
-6.9608187696652095,11.686802888823404,1.765,0.0,0.0,0.0067514639287656105,0.37014958588044555,0.0028387402189793244,0.0,0.0,0.0,0.00071045179365212,omni
-6.953417991865992,11.686909641979426,1.765,0.0,0.0,0.006765631643838905,0.3700665132244982,0.002836629413787952,0.0,0.0,0.0,0.0007083857536646725,unicycle
-6.9460155531318195,11.68701634607961,1.765,0.0,0.0,0.006779788788612314,0.3701495815921285,0.002828373189494279,0.0,0.0,0.0,0.000707857238670396,omni
-6.938614777033705,11.687123101198818,1.765,0.0,0.0,0.006793904694076123,0.37006650896294824,0.0028262556513764733,0.0,0.0,0.0,0.0007057952731905285,unicycle
-6.931212340002707,11.687229807254495,1.765,0.0,0.0,0.006808009996421056,0.37014957684605326,0.002818015876966535,0.0,0.0,0.0,0.0007052651172467123,omni
-6.923811565599255,11.687336563770941,1.765,0.0,0.0,0.006822074142451791,0.37006650424797854,0.00281589194134994,0.0,0.0,0.0,0.0007032073015366389,unicycle
-6.916409130264929,11.687443271222305,1.765,0.0,0.0,0.006836127654202898,0.37014957165335743,0.002807668913662076,0.0,0.0,0.0,0.0007026755875553992,omni
-6.909008357549593,11.687550028583304,1.765,0.0,0.0,0.006850140094097958,0.37006649909060046,0.002805538908577645,0.0,0.0,0.0,0.0007006219947530468,unicycle
-6.901605923905332,11.687656736883667,1.765,0.0,0.0,0.006864141870174285,0.3701495660249467,0.0027973329160395238,0.0,0.0,0.0,0.0007000888038163585,omni
-6.894205152871461,11.687763494549536,1.765,0.0,0.0,0.006878102660273875,0.3700664935015958,0.0027951971622690395,0.0,0.0,0.0,0.000698039504979504,unicycle
-6.886802720910555,11.687870203165069,1.765,0.0,0.0,0.00689205275860139,0.37014955997149834,0.0027870084850725218,0.0,0.0,0.0,0.0006975049163757091,omni
-6.879401951551401,11.687976960608854,1.765,0.0,0.0,0.006905961958211895,0.3700664874915206,0.0027848672962932077,0.0,0.0,0.0,0.0006954599805252215,unicycle
-6.871999521267047,11.688083669018322,1.765,0.0,0.0,0.00691986043964759,0.3701495535034653,0.002776696206565612,0.0,0.0,0.0,0.0006949240717847901,omni
-6.864598753575771,11.688190425725548,1.765,0.0,0.0,0.006933718110966529,0.3700664810707088,0.0027745498894919257,0.0,0.0,0.0,0.0006928835659469856,unicycle
-6.857196324961071,11.688297133420058,1.765,0.0,0.0,0.006947565039224082,0.3701495466310801,0.0027663966514640003,0.0,0.0,0.0,0.0006923464128776127,omni
-6.84979555893074,11.68840388888848,1.765,0.0,0.0,0.0069613712472666005,0.37006647424927686,0.0027642455059867467,0.0,0.0,0.0,0.0006903104021258456,unicycle
-6.842393131978714,11.688510595371229,1.765,0.0,0.0,0.006975166688843537,0.3701495393643589,0.0027561103761574324,0.0,0.0,0.0,0.0006897720788468886,omni
-6.834992367602313,11.688617349110578,1.765,0.0,0.0,0.006988921501370384,0.3700664670371266,0.0027539546954799938,0.0,0.0,0.0,0.0006877406263423254,unicycle
-6.827589942305891,11.688724053896612,1.765,0.0,0.0,0.007002665525476753,0.3701495317131051,0.002745837922777619,0.0,0.0,0.0,0.0006872012053185292,omni
-6.8201891795763245,11.688830805428355,1.765,0.0,0.0,0.007016369012923754,0.37006645944394984,0.002743677993549641,0.0,0.0,0.0,0.0006851743723500507,unicycle
-6.812786755928362,11.68893750804433,1.765,0.0,0.0,0.007030061691412248,0.3701495236869129,0.0027355798194903117,0.0,0.0,0.0,0.0006846339244246339,omni
-6.805385994838456,11.689044256901433,1.765,0.0,0.0,0.007043713926821208,0.37006645147923145,0.0027334159219388012,0.0,0.0,0.0,0.0006826117704480242,unicycle
-6.79798357283173,11.689150956885372,1.765,0.0,0.0,0.0070573553341187105,0.37014951529517137,0.002725336580781476,0.0,0.0,0.0,0.0006820703648750807,omni
-6.790582813374237,11.689257702612068,1.765,0.0,0.0,0.007070956393069737,0.3700664431522536,0.002723168988839217,0.0,0.0,0.0,0.0006800529475513415,unicycle
-6.783180393001454,11.689364399513144,1.765,0.0,0.0,0.007084546606110288,0.37014950654706824,0.002715108707737658,0.0,0.0,0.0,0.0006795106520276441,omni
-6.775779635169058,11.689471141664702,1.765,0.0,0.0,0.007098096566655502,0.3700664344720988,0.0027129376891692073,0.0,0.0,0.0,0.0006774980272606675,unicycle
-6.768377216422858,11.689577835043,1.765,0.0,0.0,0.00711163566481464,0.3701494974515924,0.0027048966883211076,0.0,0.0,0.0,0.0006769549079568703,omni
-6.760976460208178,11.6896845731855,1.765,0.0,0.0,0.007125134607413247,0.3700664254476536,0.002702722504846302,0.0,0.0,0.0,0.0006749471299303282,unicycle
-6.753574043081136,11.689791262611802,1.765,0.0,0.0,0.007138622672443675,0.370149488017539,0.0026947009976393188,0.0,0.0,0.0,0.0006744032515214887,omni
-6.7461732884767285,11.689897996321923,1.765,0.0,0.0,0.007152070679898374,0.3700664160876124,0.0026925239050543995,0.0,0.0,0.0,0.0006724003727349138,unicycle
-6.738770872497995,11.6900046813808,1.765,0.0,0.0,0.0071655077949898185,0.37014950142228414,0.0026845220982094496,0.0,0.0,0.0,0.0006718557545721765,omni
-6.7313701180114265,11.690111410258217,1.765,0.0,0.0,0.007178904950158253,0.370066480649705,0.002682342445818272,0.0,0.0,0.0,0.0006698577584217276,unicycle
-6.723967701223133,11.690218090560245,1.765,0.0,0.0,0.00719229119942564,0.37014961202603747,0.002674360692273978,0.0,0.0,0.0,0.0006693124633694004,omni
-6.716566945353222,11.690324814217965,1.765,0.0,0.0,0.007205637588265065,0.3700666195778158,0.0026721787220627307,0.0,0.0,0.0,0.0006673194419712209,unicycle
-6.709164526884527,11.690431489374083,1.765,0.0,0.0,0.007218973059502984,0.37014976548105366,0.0026642171187662212,0.0,0.0,0.0,0.0006667735618959825,omni
-6.701763769218604,11.690538207423964,1.765,0.0,0.0,0.007232268771216039,0.37006677844955704,0.0026620329988421227,0.0,0.0,0.0,0.0006647855856527794,unicycle
-6.694361348983179,11.690644877046932,1.765,0.0,0.0,0.007245553555128836,0.3701499225652686,0.0026540916827861383,0.0,0.0,0.0,0.0006642391956399325,omni
-6.686960589661123,11.6907515891049,1.765,0.0,0.0,0.007258798681562997,0.3700669296417155,0.0026519056112287234,0.0,0.0,0.0,0.0006622563217080254,unicycle
-6.679558167949559,11.690858252813213,1.765,0.0,0.0,0.0072720328712961415,0.3701500644372704,0.002643984740201011,0.0,0.0,0.0,0.0006617094866572246,omni
-6.6721574073564325,11.69096495850219,1.765,0.0,0.0,0.007285227506577632,0.37006706089987923,0.0026417969299370207,0.0,0.0,0.0,0.0006597317640744604,unicycle
-6.664754984606821,11.69107161592224,1.765,0.0,0.0,0.00729841119743104,0.3701501837272876,0.0026338966707247016,0.0,0.0,0.0,0.000659184542670433,omni
-6.657354223203771,11.69117831487368,1.765,0.0,0.0,0.00731155543773955,0.3700671684252074,0.0026317073403702273,0.0,0.0,0.0,0.0006572120154255297,unicycle
-6.649951799879023,11.691284965640808,1.765,0.0,0.0,0.007324688726989462,0.37015027919957094,0.00262382786172681,0.0,0.0,0.0,0.0006566644624956194,omni
-6.642551038116118,11.691391657495394,1.765,0.0,0.0,0.007337782670416202,0.3700672527771195,0.0026216372302094284,0.0,0.0,0.0,0.0006546971713369688,unicycle
-6.635148614643777,11.691498301254331,1.765,0.0,0.0,0.007350865657200711,0.3701503526283194,0.0026137786988113354,0.0,0.0,0.0,0.0006541493392254575,omni
-6.627747852920104,11.69160498566222,1.765,0.0,0.0,0.007363909403654823,0.3700673165101747,0.002611586982343188,0.0,0.0,0.0,0.000652187322705611,unicycle
-6.620345429667545,11.69171162206716,1.765,0.0,0.0,0.007376942188895924,0.3701504070271549,0.002603749560586735,0.0,0.0,0.0,0.000651639262055047,omni
-6.6129446683175335,11.691818298687926,1.765,0.0,0.0,0.007389935840038265,0.37006736286294634,0.0026015569710681136,0.0,0.0,0.0,0.0006496825571170306,unicycle
-6.6055422455863235,11.691924927402402,1.765,0.0,0.0,0.007402918526384201,0.37015044569230166,0.002593740815971644,0.0,0.0,0.0,0.0006491343172968881,omni
-6.598141484879767,11.692031595904869,1.765,0.0,0.0,0.007415862185576009,0.3700673950728279,0.0025915475602415524,0.0,0.0,0.0,0.0006471829595904618,unicycle
-6.590739062909574,11.692138216601546,1.765,0.0,0.0,0.007428794877354413,0.37015047172418847,0.002583752822991158,0.0,0.0,0.0,0.0006466345889201456,omni
-6.583338303058095,11.692244876663544,1.765,0.0,0.0,0.007441688649613662,0.3700674160537815,0.002581559102561577,0.0,0.0,0.0,0.0006446886129625143,unicycle
-6.575935882034715,11.692351489023958,1.765,0.0,0.0,0.007454571452790013,0.3701504878219334,0.0025737859284156502,0.0,0.0,0.0,0.000644140158817615,omni
-6.568535123200622,11.69245814033207,1.765,0.0,0.0,0.007467415444751358,0.3700674282770365,0.0025715919394681693,0.0,0.0,0.0,0.0006421995980673224,unicycle
-6.5611327032651365,11.692564744046368,1.765,0.0,0.0,0.007480248466889802,0.3701504962267433,0.0025638404678496665,0.0,0.0,0.0,0.0006416511069221637,omni
-6.553731945570517,11.692671386295661,1.765,0.0,0.0,0.007493042786765938,0.37006743375918805,0.002561646401363018,0.0,0.0,0.0,0.000639715993806893,unicycle
-6.546329526828066,11.692777981062347,1.765,0.0,0.0,0.007505826136990829,0.370150498741028,0.0025539167660391824,0.0,0.0,0.0,0.0006391675112445352,omni
-6.538928770363076,11.69288461395613,1.765,0.0,0.0,0.007518570894534158,0.370067434102014,0.002551722807972144,0.0,0.0,0.0,0.0006372378771664906,unicycle
-6.531526352890578,11.692991199481826,1.765,0.0,0.0,0.007531304683491642,0.3701504967812261,0.0025440151372653954,0.0,0.0,0.0,0.0006366894478741559,omni
-6.524125597720543,11.693097822731412,1.765,0.0,0.0,0.007543999989955773,0.370067430552643,0.0025418214687541237,0.0,0.0,0.0,0.0006347653232065332,unicycle
-6.516723181573149,11.693204398730627,1.765,0.0,0.0,0.007556684329775095,0.3701504914412108,0.002534135885754892,0.0,0.0,0.0,0.0006342169909662107,omni
-6.509322427744373,11.693311012055116,1.765,0.0,0.0,0.0075693302978760485,0.3700674240672864,0.002531942683303691,0.0,0.0,0.0,0.0006322984050476729,unicycle
-6.501920012960672,11.693417578250044,1.765,0.0,0.0,0.007581965302130588,0.3701504835543391,0.0025242793060705317,0.0,0.0,0.0,0.0006317502127270067,omni
-6.494519260505081,11.693524181376128,1.765,0.0,0.0,0.007594562046007744,0.3700674153702773,0.0025220867417272835,0.0,0.0,0.0,0.0006298371938578556,unicycle
-6.487116847111201,11.69363073749645,1.765,0.0,0.0,0.007607147829675821,0.3701504737486627,0.00251444568346972,0.0,0.0,0.0,0.0006292891834037547,omni
-6.479716096049956,11.693737330158218,1.765,0.0,0.0,0.007619695464852729,0.37006740500500557,0.0025122539249829694,0.0,0.0,0.0,0.0006273817588453066,unicycle
-6.472313684062753,11.693843875940923,1.765,0.0,0.0,0.0076322321442783515,0.3701504624934049,0.002504635294225302,0.0,0.0,0.0,0.0006268339712811287,omni
-6.464912934409032,11.693950457879685,1.765,0.0,0.0,0.007644730787623526,0.3700673933759467,0.0025024445051837893,0.0,0.0,0.0,0.0006249321672586745,unicycle
-6.457510523838499,11.694056993068893,1.765,0.0,0.0,0.007657218480477228,0.370150450136684,0.002494848405912298,0.0,0.0,0.0,0.0006243846426850809,omni
-6.450109775599599,11.69416356403302,1.765,0.0,0.0,0.007669668250165114,0.3700673807823047,0.002492658745869136,0.0,0.0,0.0,0.0006224884843943235,unicycle
-6.442707366450698,11.694270088379822,1.765,0.0,0.0,0.0076821070754049805,0.3701504369353511,0.0024850852776646926,0.0,0.0,0.0,0.0006219412619934293,omni
-6.435306619629614,11.694376648124583,1.765,0.0,0.0,0.007694508090877178,0.37006736744434765,0.0024828969022484583,0.0,0.0,0.0,0.0006200507736098593,unicycle
-6.427904211903633,11.694483161386888,1.765,0.0,0.0,0.007706898168710221,0.3701504230781347,0.0024753461604069393,0.0,0.0,0.0,0.0006195038916521786,omni
-6.420503466500231,11.694589709674286,1.765,0.0,0.0,0.007719250550637081,0.3700673535236722,0.0024731592214222997,0.0,0.0,0.0,0.0006176190963429226,unicycle
-6.413101060195795,11.69469621161667,1.765,0.0,0.0,0.0077315920024810135,0.37015040870332616,0.0024656312970654645,0.0,0.0,0.0,0.0006170725921966545,omni
-6.405700316207676,11.694802748215315,1.765,0.0,0.0,0.007743895872723699,0.37006733913859,0.002463445942585697,0.0,0.0,0.0,0.0006151935121343636,unicycle
-6.39829791132149,11.694909238608874,1.765,0.0,0.0,0.007756188821169229,0.3701503939121277,0.0024559409227646227,0.0,0.0,0.0,0.0006146474222765285,omni
-6.390897168744628,11.695015763293828,1.765,0.0,0.0,0.007768444302742324,0.3700673243756802,0.002453757297217381,0.0,0.0,0.0,0.0006127740786547938,unicycle
-6.383494765272013,11.695122241916044,1.765,0.0,0.0,0.007780688871516,0.370150378778628,0.00244627526500932,0.0,0.0,0.0,0.0006122284386837222,omni
-6.376094024101209,11.695228754468687,1.765,0.0,0.0,0.007792896088550669,0.37006730929838416,0.002444093509257424,0.0,0.0,0.0,0.0006103608517335561,unicycle
-6.368691622036502,11.69533522110329,1.765,0.0,0.0,0.007805092402478315,0.37015036335719403,0.002436634543858342,0.0,0.0,0.0,0.0006098156963824179,omni
-6.361290882265731,11.69544172131119,1.765,0.0,0.0,0.00781725148018611,0.3700672939533512,0.002434454795276567,0.0,0.0,0.0,0.0006079538853895861,unicycle
-6.353888481602565,11.695548175748025,1.765,0.0,0.0,0.007829399665156922,0.37015034768790833,0.0024270189720895325,0.0,0.0,0.0,0.0006074092485406745,omni
-6.346487743225206,11.695654663404797,1.765,0.0,0.0,0.007841510729794197,0.370067278375091,0.002424841364638156,0.0,0.0,0.0,0.0006055532318635665,unicycle
-6.339085343956721,11.6957611054397,1.765,0.0,0.0,0.007853610912725458,0.37015033180054513,0.002417428755358668,0.0,0.0,0.0,0.0006050091465630717,omni
-6.331684606965739,11.695867580344899,1.765,0.0,0.0,0.007865674091558477,0.37006726258936623,0.00241525341965455,0.0,0.0,0.0,0.0006031589416508845,unicycle
-6.324282209084723,11.695974009779565,1.765,0.0,0.0,0.007877726400360958,0.37015031571746027,0.0024078640923533606,0.0,0.0,0.0,0.0006026154401239609,omni
-6.316881473472794,11.69608047173854,1.765,0.0,0.0,0.007889741821631657,0.37006724661565216,0.0024056911557386674,0.0,0.0,0.0,0.0006007710635350303,unicycle
-6.3094790769717966,11.696186888380405,1.765,0.0,0.0,0.007901746385175677,0.370150299455683,0.0023983251749419643,0.0,0.0,0.0,0.0006002281772010422,omni
-6.302078342731393,11.69629333720419,1.765,0.0,0.0,0.007913714178068102,0.37006723046891243,0.0023961547615512606,0.0,0.0,0.0,0.0005983896446212376,unicycle
-6.294675947602793,11.696399740866312,1.765,0.0,0.0,0.007925671126150287,0.37015028302842207,0.002388812188319397,0.0,0.0,0.0,0.0005978474041090963,omni
-6.28727521472625,11.696506176371503,1.765,0.0,0.0,0.00793759142075769,0.3700672141608765,0.0023866444191451125,0.0,0.0,0.0,0.000596014730370204,unicycle
-6.279872820962318,11.696612566872437,1.765,0.0,0.0,0.007949500884068364,0.37015026644614746,0.0023793253111492117,0.0,0.0,0.0,0.0005954731655336335,omni
-6.272472089441881,11.696718988881079,1.765,0.0,0.0,0.007961373811360995,0.3700671977009543,0.00237716030410559,0.0,0.0,0.0,0.0005936463646315138,unicycle
-6.265069697034811,11.69682536604477,1.765,0.0,0.0,0.007973235921452276,0.3701502497173636,0.0023698647157025946,0.0,0.0,0.0,0.0005931055045642723,omni
-6.257668966862667,11.696931774384236,1.765,0.0,0.0,0.007985061613245817,0.3700671810968889,0.0023677025856884016,0.0,0.0,0.0,0.0005912845896769706,unicycle
-6.250266575804609,11.697038138039904,1.765,0.0,0.0,0.007996876502500375,0.37015023284916027,0.0023604305679946693,0.0,0.0,0.0,0.0005907444627278658,omni
-6.24286584697291,11.697144532542788,1.765,0.0,0.0,0.008008655091425041,0.37006716435522213,0.0023582714269546057,0.0,0.0,0.0,0.0005889294462333155,unicycle
-6.235463457255985,11.697250882524811,1.765,0.0,0.0,0.008020422893025462,0.3701502158476051,0.002351023027917911,0.0,0.0,0.0,0.0005883900800211213,omni
-6.228062729756863,11.697357263028822,1.765,0.0,0.0,0.008032154512495759,0.3700671474816246,0.002348866984902861,0.0,0.0,0.0,0.0005865809735148258,unicycle
-6.220660341373185,11.697463599176638,1.765,0.0,0.0,0.00804387536039462,0.3701501987180217,0.002341642249373092,0.0,0.0,0.0,0.0005860423949429649,omni
-6.2132596151987665,11.697569965524487,1.765,0.0,0.0,0.008055560144579723,0.37006713048113005,0.0023394894105992136,0.0,0.0,0.0,0.0005842392092552189,unicycle
-6.205857228140445,11.697676287682487,1.765,0.0,0.0,0.008067234173470248,0.3701501814651862,0.0023322883803976293,0.0,0.0,0.0,0.0005837014445262193,omni
-6.19845650328286,11.69778263972178,1.765,0.0,0.0,0.008078872257265031,0.3700671133583001,0.002330138849304243,0.0,0.0,0.0,0.0005819041897391476,unicycle
-6.191054117542009,11.697888947739193,1.765,0.0,0.0,0.008090499602552407,0.3701501640934663,0.002322961563291288,0.0,0.0,0.0,0.0005813672643688125,omni
-6.183653393993395,11.697995285322335,1.765,0.0,0.0,0.008102091121549065,0.37006709611734184,0.002320815440597585,0.0,0.0,0.0,0.0005795759498329672,unicycle
-6.176251009562142,11.698101579053134,1.765,0.0,0.0,0.008113671919322354,0.3701501466069198,0.0023136619347393205,0.0,0.0,0.0,0.0005790398886643988,omni
-6.168850287314652,11.698207902037224,1.765,0.0,0.0,0.00812521700978266,0.37006707876219014,0.0023115193185001526,0.0,0.0,0.0,0.0005772545230152909,unicycle
-6.161447904185141,11.698314181340027,1.765,0.0,0.0,0.008136751396787312,0.37015012900936384,0.002304389625933686,0.0,0.0,0.0,0.0005767193502326401,omni
-6.1540471832309445,11.69842048958676,1.765,0.0,0.0,0.00814825019561545,0.370067061296566,0.0023022506115942948,0.0,0.0,0.0,0.0005749399414067804,unicycle
-6.146644801395337,11.698526754324728,1.765,0.0,0.0,0.008159738309226424,0.37015011130442443,0.002295144762691744,0.0,0.0,0.0,0.0005744056805487241,omni
-6.1392440817266225,11.69863304770029,1.765,0.0,0.0,0.008171190953942411,0.3700670437240185,0.0022930094431413374,0.0,0.0,0.0,0.0005726322357994388,unicycle
-6.131841701177103,11.698739297741037,1.765,0.0,0.0,0.008182632932137859,0.37015009349557065,0.0022859274655724973,0.0,0.0,0.0,0.0005720989097724497,omni
-6.124440982786084,11.698845576116028,1.765,0.0,0.0,0.008194039560851567,0.3700670260479527,0.00228379593119686,0.0,0.0,0.0,0.0005703314356854082,unicycle
-6.117038603514859,11.698951811331517,1.765,0.0,0.0,0.008205435542187101,0.3701500755861396,0.002276737849990758,0.0,0.0,0.0,0.0005697990667767382,omni
-6.1096378863937755,11.699058074580838,1.765,0.0,0.0,0.008216796293572803,0.3700670082716519,0.002274610188723828,0.0,0.0,0.0,0.0005680375692851129,unicycle
-6.102235508393077,11.699164294847298,1.765,0.0,0.0,0.008228146417156315,0.3701500575793541,0.002267576026328957,0.0,0.0,0.0,0.0005675061791755124,omni
-6.094834792534189,11.699270542850067,1.765,0.0,0.0,0.008239461430427813,0.37006699039829205,0.0022654523237033786,0.0,0.0,0.0,0.0005657506635748569,unicycle
-6.087432415796276,11.699376748047897,1.765,0.0,0.0,0.008250765835894838,0.3701500394783356,0.0022584421000467593,0.0,0.0,0.0,0.0005652202733511277,omni
-6.080031701191875,11.69948298068737,1.765,0.0,0.0,0.008262035250781119,0.37006697243095255,0.002256322439243562,0.0,0.0,0.0,0.0005634707443140713,unicycle
-6.072629325709036,11.699589170701053,1.765,0.0,0.0,0.008273294078270745,0.3701500212861131,0.002249336171788789,0.0,0.0,0.0,0.0005629413744813532,omni
-6.06522861235144,11.699695387864516,1.765,0.0,0.0,0.00828451803499218,0.3700669543726243,0.002247220633685951,0.0,0.0,0.0,0.0005611978360719006,unicycle
-6.057826238115989,11.699801562582534,1.765,0.0,0.0,0.008295731425123494,0.37015000300563017,0.0022402583374897507,0.0,0.0,0.0,0.0005606695065656529,omni
-6.0504255259975475,11.699907764161233,1.765,0.0,0.0,0.008306910064368558,0.37006693622621567,0.002238147000709882,0.0,0.0,0.0,0.0005589319622531598,unicycle
-6.043023153001829,11.700013923475973,1.765,0.0,0.0,0.008318078158217578,0.37014998463975063,0.0022312086884778517,0.0,0.0,0.0,0.0005584046924509477,omni
-6.035622442114918,11.70012010936502,1.765,0.0,0.0,0.008329211621120054,0.37006691799455765,0.0022291016294348973,0.0,0.0,0.0,0.0005566731451239013,unicycle
-6.028220070351311,11.700226253172701,1.765,0.0,0.0,0.008340334560197196,0.3701499661912626,0.002222187311575863,0.0,0.0,0.0,0.0005561469538570058,omni
-6.020819360688343,11.700332423271002,1.765,0.0,0.0,0.00835142298831393,0.3700668996804072,0.0022200846045210597,0.0,0.0,0.0,0.0005544214058365619,unicycle
-6.013416990149252,11.70043855147159,1.765,0.0,0.0,0.008362500914541954,0.3701499476628811,0.0022131942892007687,0.0,0.0,0.0,0.0005538963114013467,omni
-6.006016281702666,11.700544705681748,1.765,0.0,0.0,0.008373544449831046,0.3700668812864497,0.002211096006267496,0.0,0.0,0.0,0.0005521767644545504,unicycle
-5.9986139123805335,11.700650818178875,1.765,0.0,0.0,0.008384577505523514,0.3701499290572519,0.002204229699460657,0.0,0.0,0.0,0.0005516527846234943,omni
-5.991213205142805,11.700756956407124,1.765,0.0,0.0,0.008395576290323037,0.3700668628153026,0.0022021359107084414,0.0,0.0,0.0,0.0005499392399760919,unicycle
-5.983810837030103,11.700863053108003,1.765,0.0,0.0,0.008406564618163208,0.3701499103769528,0.002195293616250122,0.0,0.0,0.0,0.0005494163920087265,omni
-5.976410130993738,11.700969175264127,1.765,0.0,0.0,0.008417518795170371,0.3700668442695161,0.0021932043897078344,0.0,0.0,0.0,0.0005477088503579949,unicycle
-5.9690077640829715,11.701075256079484,1.765,0.0,0.0,0.008428462538190603,0.3701498916244958,0.0021863861093436715,0.0,0.0,0.0,0.0005471871510116029,omni
-5.961607059240514,11.701181362076733,1.765,0.0,0.0,0.008439372250441377,0.37006682565157634,0.0021843015110519083,0.0,0.0,0.0,0.0005454856125387156,unicycle
-5.954204693524226,11.701287426920729,1.765,0.0,0.0,0.008450271552002953,0.3701498728023296,0.0021775072444874463,0.0,0.0,0.0,0.0005449650780787952,omni
-5.9468039898682505,11.701393516675758,1.765,0.0,0.0,0.00846113694285217,0.3700668069639065,0.002175427338540098,0.0,0.0,0.0,0.0005432695424610284,unicycle
-5.939401625339015,11.701499565465912,1.765,0.0,0.0,0.008471991946625606,0.37014985391284067,0.0021686570834890864,0.0,0.0,0.0,0.0005427501886715973,omni
-5.932000922862133,11.701605638898695,1.765,0.0,0.0,0.008482813159727492,0.37006678820886835,0.0021665819320739257,0.0,0.0,0.0,0.000541060655094306,unicycle
-5.924598559512565,11.701711671555818,1.765,0.0,0.0,0.008493624009673252,0.37014983495835474,0.002159835684305419,0.0,0.0,0.0,0.0005405424972879283,omni
-5.917197858207424,11.701817728589582,1.765,0.0,0.0,0.008504401188962379,0.3700667693887641,0.0021577653477439914,0.0,0.0,0.0,0.0005388589644561561,unicycle
-5.909795496030168,11.701923745037695,1.765,0.0,0.0,0.008515168029312053,0.3701498159411387,0.002151043101128791,0.0,0.0,0.0,0.0005383420174837942,omni
-5.902394795889451,11.702029785598844,1.765,0.0,0.0,0.008525901318984726,0.3700667505058377,0.0021489776379154868,0.0,0.0,0.0,0.0005366644836337597,unicycle
-5.894992434877192,11.70213578576512,1.765,0.0,0.0,0.008536624294222618,0.37014979686340194,0.0021422793844714178,0.0,0.0,0.0,0.0005361487618945103,omni
-5.88759173589362,11.70224180978318,1.765,0.0,0.0,0.008547313838718715,0.3700667315622761,0.002140218851311902,0.0,0.0,0.0,0.0005344772248049149,unicycle
-5.8801893760390795,11.702347793597864,1.765,0.0,0.0,0.008557993093563825,0.37014977772729724,0.0021335445812485166,0.0,0.0,0.0,0.0005339627422554647,omni
-5.872788678205411,11.702453801005396,1.765,0.0,0.0,0.008568639037548993,0.37006671256021073,0.0021314890330972436,0.0,0.0,0.0,0.0005322971992584022,unicycle
-5.865386319501346,11.702559768401754,1.765,0.0,0.0,0.00857927471693744,0.3701497585349226,0.002124838734859154,0.0,0.0,0.0,0.000531783969422322,omni
-5.857985622810375,11.702665759134304,1.765,0.0,0.0,0.008589877205285723,0.3700666935017188,0.00212278822495622,0.0,0.0,0.0,0.0005301244174141097,unicycle
-5.850583265249584,11.702771710048541,1.765,0.0,0.0,0.008600469454353542,0.37014973928832245,0.0021161618852659735,0.0,0.0,0.0,0.0005296124533909648,omni
-5.843182569694144,11.702877684044562,1.765,0.0,0.0,0.008611028632130393,0.3700666743888244,0.0021141164651731098,0.0,0.0,0.0,0.0005279588888426677,unicycle
-5.835780213269462,11.702983618415765,1.765,0.0,0.0,0.008621577596196731,0.3701497199894886,0.0021075140690727306,0.0,0.0,0.0,0.0005274482033169337,omni
-5.828379518842426,11.703089575616563,1.765,0.0,0.0,0.008632093608642425,0.37006665522349985,0.002105473788708733,0.0,0.0,0.0,0.0005258006222847065,unicycle
-5.8209771635467265,11.703195493386637,1.765,0.0,0.0,0.008642599433193114,0.37014970064036146,0.00209889531960093,0.0,0.0,0.0,0.000525291227534531,omni
-5.8135764702410055,11.703301433736303,1.765,0.0,0.0,0.00865307242570651,0.3700666360076667,0.002096860227276393,0.0,0.0,0.0,0.0005236496256697653,unicycle
-5.8061741160672025,11.703407334849913,1.765,0.0,0.0,0.008663535256378021,0.37014968124283165,0.002090305666964631,0.0,0.0,0.0,0.0005231415335755774,omni
-5.798773423875748,11.703513258295267,1.765,0.0,0.0,0.008673965374500717,0.3700666167431973,0.002088275809415942,0.0,0.0,0.0,0.0005215059061348653,unicycle
-5.791371070816793,11.703619142699768,1.765,0.0,0.0,0.008684385357064475,0.37014966179874076,0.002081745138143796,0.0,0.0,0.0,0.0005209991281877929,omni
-5.783970379732593,11.703725049190293,1.765,0.0,0.0,0.008694772746465325,0.37006659743191556,0.002079720560566399,0.0,0.0,0.0,0.0005193694700426417,unicycle
-5.77656802778148,11.703830916835681,1.765,0.0,0.0,0.00870515002681238,0.3701496423098826,0.0020732137570559665,0.0,0.0,0.0,0.0005188640173527325,omni
-5.769167337797568,11.703936806323465,1.765,0.0,0.0,0.008715494833272363,0.3700665780755981,0.0020711945031370734,0.0,0.0,0.0,0.0005172403229990624,unicycle
-5.761764986947331,11.704042657162315,1.765,0.0,0.0,0.008725829557398432,0.37014962277800423,0.002064711544626848,0.0,0.0,0.0,0.000516736206303349,omni
-5.7543642980567755,11.704148529601998,1.765,0.0,0.0,0.00873613192679585,0.3700665586759753,0.0020626976565774643,0.0,0.0,0.0,0.0005151184698708223,unicycle
-5.746961948300487,11.7042543635894,1.765,0.0,0.0,0.008746424240786673,0.3701496032048071,0.002056238518859232,0.0,0.0,0.0,0.0005146156995412764,omni
-5.7395612604964,11.70436021893811,1.765,0.0,0.0,0.008756684319082724,0.37006653923473304,0.00205423003744553,0.0,0.0,0.0,0.000513003914802493,unicycle
-5.732158911827172,11.704466036031624,1.765,0.0,0.0,0.008766934369099798,0.37014958359194833,0.002047794694900613,0.0,0.0,0.0,0.0005125025008538152,omni
-5.724758224793798,11.704571874253135,1.765,0.0,0.0,0.008777152302324466,0.37006653520017746,0.002045791734001494,0.0,0.0,0.0,0.0005108966612332805,unicycle
-5.717355875957406,11.70467767442747,1.765,0.0,0.0,0.00878736023392021,0.3701496263143054,0.0020393802742595685,0.0,0.0,0.0,0.0005103965797872785,omni
-5.70995518773436,11.704783495504659,1.765,0.0,0.0,0.008797536166455813,0.370066628811596,0.0020373828699648848,0.0,0.0,0.0,0.0005087966267801646,unicycle
-5.702552837080284,11.704889278738925,1.765,0.0,0.0,0.008807702124215978,0.3701497511900745,0.0020309951917916653,0.0,0.0,0.0,0.0005082978880083116,omni
-5.69515214668747,11.704995082645926,1.765,0.0,0.0,0.008817836201159683,0.37006677105519703,0.0020290033274280818,0.0,0.0,0.0,0.0005067038471852358,unicycle
-5.687749793724538,11.705100848909563,1.765,0.0,0.0,0.008827960330843276,0.37014990025272554,0.00202263936292635,0.0,0.0,0.0,0.0005062064841796,omni
-5.680349101020652,11.705206635614138,1.765,0.0,0.0,0.008838052698150752,0.3700669199927704,0.0020206530471465825,0.0,0.0,0.0,0.0005046183653738329,unicycle
-5.672946745851535,11.705312384872721,1.765,0.0,0.0,0.008848135146132884,0.3701500438118538,0.002014312747501246,0.0,0.0,0.0,0.0005041223991065826,omni
-5.6655460511033615,11.705418154340668,1.765,0.0,0.0,0.008858185950190483,0.37006705522247424,0.002012332002995293,0.0,0.0,0.0,0.0005025402028800639,unicycle
-5.658143694099208,11.705523886559236,1.765,0.0,0.0,0.008868226863135284,0.3701501684466848,0.0020060153295783038,0.0,0.0,0.0,0.0005020456472401963,omni
-5.650742997738216,11.705629638756866,1.765,0.0,0.0,0.008878236250511158,0.3700671685131782,0.0020040401861210365,0.0,0.0,0.0,0.0005004693687937908,unicycle
-5.643340639358747,11.705735353901739,1.765,0.0,0.0,0.008888235775183443,0.3701502697318016,0.001997747105094313,0.0,0.0,0.0,0.0004999762336142117,omni
-5.6359399418501255,11.705841088797184,1.765,0.0,0.0,0.008898203892485875,0.37006725818217107,0.001995777595394523,0.0,0.0,0.0,0.0004984058651216987,unicycle
-5.628537582550156,11.705946786836876,1.765,0.0,0.0,0.008908162175645298,0.37015034791605256,0.001989508074548927,0.0,0.0,0.0,0.0004979141579710162,omni
-5.621136884327844,11.706052504400715,1.765,0.0,0.0,0.008918089169444256,0.37006732579576385,0.0019875442318693162,0.0,0.0,0.0,0.0004963496899478805,unicycle
-5.613734524513796,11.706158185306336,1.765,0.0,0.0,0.00892800635778764,0.3701504054225874,0.0019812982388603987,0.0,0.0,0.0,0.0004958594171692713,omni
-5.606333825953033,11.706263885511817,1.765,0.0,0.0,0.008937892374572766,0.3700673742924046,0.001979340095730196,0.0,0.0,0.0,0.0004943008392562505,unicycle
-5.598931465967324,11.706369549257179,1.765,0.0,0.0,0.00894776861470381,0.37015044545546055,0.0019731175971640365,0.0,0.0,0.0,0.0004938120065522383,omni
-5.591530767377614,11.70647523208024,1.765,0.0,0.0,0.008957613800862772,0.3700674069625705,0.001971165184746114,0.0,0.0,0.0,0.0004922593079481023,unicycle
-5.584128407497699,11.70658087864181,1.765,0.0,0.0,0.008967449239276682,0.37015047126606293,0.001964966145765269,0.0,0.0,0.0,0.0004917719206955046,omni
-5.576727709126067,11.706686544060993,1.765,0.0,0.0,0.008977253741084351,0.37006742693367,0.001963019493600759,0.0,0.0,0.0,0.0004902250903834487,unicycle
-5.5693253495705,11.70679217341778,1.765,0.0,0.0,0.008987048524160171,0.3701504858032752,0.00195684387775195,0.0,0.0,0.0,0.0004897391537910509,omni
-5.561924651609274,11.706897821414099,1.765,0.0,0.0,0.008996812487773093,0.37006743694400246,0.0019549030137115454,0.0,0.0,0.0,0.0004881981806461476,unicycle
-5.5545222925464355,11.707003433547513,1.765,0.0,0.0,0.00900656676176956,0.3701504915791038,0.0019487507829621569,0.0,0.0,0.0,0.0004877136998232451,omni
-5.547121595142383,11.707109064104309,1.765,0.0,0.0,0.009016290333222637,0.37006743927529273,0.0019468157333010939,0.0,0.0,0.0,0.0004861785726538325,unicycle
-5.539719236699612,11.707214658998016,1.765,0.0,0.0,0.009026004244275243,0.3701504906491192,0.0019406868481252194,0.0,0.0,0.0,0.00048569555263034954,omni
-5.532318539962783,11.707320272100812,1.765,0.0,0.0,0.009035687569478935,0.3700674357665715,0.0019387576375827238,0.0,0.0,0.0,0.00048416626018452075,unicycle
-5.524916182234771,11.707425849740604,1.765,0.0,0.0,0.009045361263597066,0.370150484648859,0.0019326520570730281,0.0,0.0,0.0,0.0004836847059065701,omni
-5.517515486246344,11.707531445377002,1.765,0.0,0.0,0.009055004488334304,0.37006742786493757,0.0019307287089837966,0.0,0.0,0.0,0.00048216123686191115,unicycle
-5.510113129302363,11.707637005750682,1.765,0.0,0.0,0.009064638111397834,0.37015047485292113,0.0019246463909655242,0.0,0.0,0.0,0.0004816811531764629,omni
-5.502712434121216,11.707742583910223,1.765,0.0,0.0,0.009074241381320297,0.3700674166885995,0.001922728927366211,0.0,0.0,0.0,0.0004801634961232262,unicycle
-5.495310078011048,11.707848127007496,1.765,0.0,0.0,0.00908383507907548,0.37015046223882914,0.0019166698285014148,0.0,0.0,0.0,0.00047968488775930175,omni
-5.48790938367909,11.707953687681584,1.765,0.0,0.0,0.009093398539699128,0.3700674030893954,0.0019147582702250903,0.0,0.0,0.0,0.0004781730311823186,unicycle
-5.480507028437782,11.708059213493973,1.765,0.0,0.0,0.009102952457753782,0.37015044754675985,0.0019087223461035404,0.0,0.0,0.0,0.0004776959027327385,omni
-5.473106334984153,11.708164756675787,1.765,0.0,0.0,0.009112476254453682,0.3700673877088202,0.0019068167128601257,0.0,0.0,0.0,0.0004761898349950785,unicycle
-5.465703980635721,11.708270265196548,1.765,0.0,0.0,0.009121990538271693,0.3701504313313567,0.0019008039180760496,0.0,0.0,0.0,0.00047571419090056404,omni
-5.458303288080055,11.708375790880968,1.765,0.0,0.0,0.00913147481627629,0.37006737102539883,0.0018989042285191325,0.0,0.0,0.0,0.00047421390022987824,unicycle
-5.4509009346403365,11.708481282105035,1.765,0.0,0.0,0.009140949611171614,0.37015041400464177,0.0018929145167350262,0.0,0.0,0.0,0.00047373974476611834,omni
-5.443500242995251,11.708586790288578,1.765,0.0,0.0,0.009150394515556493,0.3700673533932558,0.0018910207885169308,0.0,0.0,0.0,0.00047224521924402445,unicycle
-5.436097890474072,11.708692264212495,1.765,0.0,0.0,0.009159829966686728,0.3701503958704532,0.0018850541125166667,0.0,0.0,0.0,0.0004717725565117311,omni
-5.428697199747038,11.708797754893263,1.765,0.0,0.0,0.009169235642368049,0.3700673350726887,0.0018831663623338117,0.0,0.0,0.0,0.00047028378406603703,unicycle
-5.4212948481498335,11.708903211515128,1.765,0.0,0.0,0.009178631894727724,0.37015037715145443,0.0018772226740669034,0.0,0.0,0.0,0.00046981261798381875,omni
-5.41389415834458,11.70900868469276,1.765,0.0,0.0,0.009187998486455393,0.3700673162539246,0.0018753409176974257,0.0,0.0,0.0,0.0004683295863834272,unicycle
-5.406491807673598,11.709114124012189,1.765,0.0,0.0,0.009197355684869051,0.37015035800994917,0.00186942016831643,0.0,0.0,0.0,0.0004678599206830095,omni
-5.39909111879115,11.709219579687804,1.765,0.0,0.0,0.009206683337219749,0.3700672970752957,0.001867544420651949,0.0,0.0,0.0,0.00046638261753485197,unicycle
-5.391688769046345,11.70932500170588,1.765,0.0,0.0,0.009216001626334914,0.3701503385637035,0.0018616465605447437,0.0,0.0,0.0,0.0004659144557582212,omni
-5.384288081085783,11.709430439882054,1.765,0.0,0.0,0.009225290483705033,0.37006727763697417,0.0018597768356177122,0.0,0.0,0.0,0.00046444286850595094,unicycle
-5.3768857322654675,11.709535844601287,1.765,0.0,0.0,0.009234570007985115,0.37015031889783767,0.0018539018144358597,0.0,0.0,0.0,0.00046397621400413603,omni
-5.369485045224486,11.709641265281997,1.765,0.0,0.0,0.009243820214583679,0.37006725801124335,0.001852038125443492,0.0,0.0,0.0,0.00046251032992829027,unicycle
-5.362082697325807,11.709746652706288,1.765,0.0,0.0,0.009253061118300907,0.37015029907367974,0.001846185892127511,0.0,0.0,0.0,0.00046204518586138364,omni
-5.354682011201119,11.709852055896881,1.765,0.0,0.0,0.009262272818142517,0.3700672382501158,0.001844328251453299,0.0,0.0,0.0,0.0004605849920805667,unicycle
-5.347279664220398,11.709957426031487,1.765,0.0,0.0,0.009271475245370892,0.3701502791353076,0.0018384987542559212,0.0,0.0,0.0,0.0004601213614186915,omni
-5.3398789790080325,11.710062811738647,1.765,0.0,0.0,0.009280648582268724,0.37006721839094014,0.001836647173489558,0.0,0.0,0.0,0.0004586668448915917,unicycle
-5.3324766329410185,11.710168164590138,1.765,0.0,0.0,0.009289812676877058,0.37015025911434685,0.0018308403599976001,0.0,0.0,0.0,0.0004582047304166759,omni
-5.325075948636524,11.71027353282185,1.765,0.0,0.0,0.009298947794435953,0.3700671984605019,0.0018289948499536038,0.0,0.0,0.0,0.00045675587794480826,unicycle
-5.317673603478571,11.710378868398093,1.765,0.0,0.0,0.009308073700081012,0.3701502390334711,0.0018232106671085264,0.0,0.0,0.0,0.00045629528225288427,omni
-5.3102729200771694,11.71048421916361,1.765,0.0,0.0,0.009317170741690686,0.37006717847800635,0.0018213712378438865,0.0,0.0,0.0,0.00045485208048368564,unicycle
-5.302870575823364,11.710589537473718,1.765,0.0,0.0,0.009326258601810435,0.3701502189089409,0.0018156096319615113,0.0,0.0,0.0,0.0004543930059875669,omni
-5.295469893320061,11.710694870783525,1.765,0.0,0.0,0.009335317710638792,0.37006715845723764,0.0018137762927926278,0.0,0.0,0.0,0.00045295544141784114,unicycle
-5.288067549965312,11.710800171837837,1.765,0.0,0.0,0.009344367668445793,0.3701501987524372,0.0018080372095821379,0.0,0.0,0.0,0.0004524978903501333,omni
-5.280666868354971,11.710905487703636,1.765,0.0,0.0,0.009353388987432388,0.3700671384081139,0.0018062099691013125,0.0,0.0,0.0,0.00045106594932977425,unicycle
-5.273264525894077,11.711010771513687,1.765,0.0,0.0,0.009362401185907311,0.3701501785723798,0.001800493353683876,0.0,0.0,0.0,0.00045060992374620267,omni
-5.265863845171472,11.71111606994835,1.765,0.0,0.0,0.009371384857756957,0.3700671183378037,0.001798672219775394,0.0,0.0,0.0,0.0004491835924822146,unicycle
-5.258461503599163,11.71122133652683,1.765,0.0,0.0,0.009380359439642254,0.37015015837487136,0.0017929780167022606,0.0,0.0,0.0,0.0004487290942648682,omni
-5.251060823759023,11.711326617544376,1.765,0.0,0.0,0.009389305606818754,0.37006709825152384,0.0017911629965580134,0.0,0.0,0.0,0.0004473083588250508,unicycle
-5.243658483069997,11.71143186690512,1.765,0.0,0.0,0.009398242714612473,0.3701501381643712,0.0017854911498281006,0.0,0.0,0.0,0.00044685538968588416,omni
-5.236257804107028,11.711537130520693,1.765,0.0,0.0,0.009407151519332534,0.37006707815310813,0.001783682249963066,0.0,0.0,0.0,0.0004454402360030922,unicycle
-5.2288554642959735,11.711642362678639,1.765,0.0,0.0,0.009416051295282283,0.3701501179441751,0.0017780327030405218,0.0,0.0,0.0,0.00044498879748748165,omni
-5.221454786204879,11.711747608908466,1.765,0.0,0.0,0.009424922879509554,0.3700670580454114,0.0017762299293078005,0.0,0.0,0.0,0.00044357921136359437,unicycle
-5.214052447266487,11.711852823879626,1.765,0.0,0.0,0.009433785465606633,0.37015009771675533,0.0017706026251387776,0.0,0.0,0.0,0.00044312930485379683,omni
-5.20665177004198,11.711958052741002,1.765,0.0,0.0,0.009442619971045904,0.3700670379305956,0.0017688059827444473,0.0,0.0,0.0,0.00044172527196368596,unicycle
-5.1992494319709595,11.712063250542451,1.765,0.0,0.0,0.009451445509019557,0.37015007748400114,0.0017632008637739642,0.0,0.0,0.0,0.00044127689868241293,omni
-5.191848755607778,11.71216846205371,1.765,0.0,0.0,0.009460243077111118,0.37006701781033235,0.0017614103572917957,0.0,0.0,0.0,0.0004398784045780621,unicycle
-5.18444641839886,11.712273642703545,1.765,0.0,0.0,0.009469031708422958,0.37015005724738936,0.0017558273654802203,0.0,0.0,0.0,0.00043943156559197007,omni
-5.1770457428917664,11.712378836884032,1.765,0.0,0.0,0.009477792480337085,0.3700669976859454,0.0017540429988658966,0.0,0.0,0.0,0.00043803859570634755,unicycle
-5.169643406539712,11.712484000401345,1.765,0.0,0.0,0.009486544346175676,0.3701500370081028,0.0017484820757047827,0.0,0.0,0.0,0.00043759329192949133,omni
-5.162242731883499,11.712589177271386,1.765,0.0,0.0,0.009495268462807285,0.37006697755851053,0.0017467038523098595,0.0,0.0,0.0,0.000436205831580489,unicycle
-5.154840396383103,11.712694323676251,1.765,0.0,0.0,0.009503983704082845,0.370150016767115,0.0017411649388376724,0.0,0.0,0.0,0.00043576206377782543,omni
-5.1474397225725985,11.712799483257138,1.765,0.0,0.0,0.009512671306046284,0.3700669574289262,0.001739392861423626,0.0,0.0,0.0,0.00043438009817220826,unicycle
-5.140037387918691,11.712904612570576,1.765,0.0,0.0,0.009521350063385543,0.3701499965252494,0.0017338758982415653,0.0,0.0,0.0,0.0004339378669629471,omni
-5.132636714948759,11.713009754884531,1.765,0.0,0.0,0.009530001291009544,0.37006693729796325,0.0017321099689934004,0.0,0.0,0.0,0.0004325613812000358,unicycle
-5.1252343811362095,11.713114867128489,1.765,0.0,0.0,0.009538643704750764,0.3701499762832201,0.0017266148962803787,0.0,0.0,0.0,0.00043212068706097157,omni
-5.117833709001752,11.713219992198656,1.765,0.0,0.0,0.00954725869807349,0.37006691716629864,0.0017248551168199625,0.0,0.0,0.0,0.000430749666136433,unicycle
-5.110431376025464,11.713325087395983,1.765,0.0,0.0,0.009555864908261597,0.37014995604166095,0.0017193818743475773,0.0,0.0,0.0,0.00043031050940526015,omni
-5.103030704721423,11.71343019524639,1.765,0.0,0.0,0.009564443807025891,0.3700668970345405,0.001717628245746673,0.0,0.0,0.0,0.00042894493821478,unicycle
-5.095628372576344,11.713535273420817,1.765,0.0,0.0,0.009573013953407759,0.3701499358011458,0.001712176772893617,0.0,0.0,0.0,0.00042850731909333645,omni
-5.088227702097697,11.713640364076355,1.765,0.0,0.0,0.009581556897056481,0.37006687690324436,0.0017104292956866742,0.0,0.0,0.0,0.0004271471824362298,unicycle
-5.08082537077881,11.713745425252466,1.765,0.0,0.0,0.009590091119076351,0.3701499155622027,0.0017049995314530168,0.0,0.0,0.0,0.0004267111009936023,omni
-5.0734247011205795,11.71385049873887,1.765,0.0,0.0,0.009598598246747879,0.3700668567729254,0.0017032582056498889,0.0,0.0,0.0,0.0004253563835762249,unicycle
-5.066022370622909,11.713955542942086,1.765,0.0,0.0,0.009607096683542917,0.3701498953253239,0.0016978500886712258,0.0,0.0,0.0,0.0004249218397519394,omni
-5.058621701780154,11.714060599285917,1.765,0.0,0.0,0.009615568134066742,0.37006683664406675,0.0016961149137695386,0.0,0.0,0.0,0.0004235725261913269,unicycle
-5.051219372098764,11.714165626542469,1.765,0.0,0.0,0.00962403092446271,0.37014987509097236,0.0016907283823305922,0.0,0.0,0.0,0.00042313951979837047,omni
-5.043818704066586,11.71427066577108,1.765,0.0,0.0,0.009632466836355215,0.37006681651712486,0.0016889993573277519,0.0,0.0,0.0,0.00042179559462545655,unicycle
-5.036416375196582,11.714375676107993,1.765,0.0,0.0,0.009640894118862282,0.37014985485958735,0.0016836343493756563,0.0,0.0,0.0,0.000421364125353276,omni
-5.029015707970119,11.714480698249519,1.765,0.0,0.0,0.009649294630322606,0.3700667963925347,0.0016819114727808443,0.0,0.0,0.0,0.0004200255730163073,unicycle
-5.021613379906645,11.714585691694584,1.765,0.0,0.0,0.009657686543131282,0.37014983463158757,0.0016765679259385117,0.0,0.0,0.0,0.0004195956404337203,omni
-5.014212713481077,11.714690696777918,1.765,0.0,0.0,0.009666051792037311,0.3700667762707113,0.0016748511957843523,0.0,0.0,0.0,0.0004182624453013963,unicycle
-5.006810386219318,11.714795673359678,1.765,0.0,0.0,0.009674408473014501,0.3701498144073734,0.001669529047363199,0.0,0.0,0.0,0.00041783404885954267,omni
-4.999409720589865,11.71490066141445,1.765,0.0,0.0,0.009682738596918988,0.37006675615205276,0.001667818461217102,0.0,0.0,0.0,0.00041650619522436014,unicycle
-4.992007394125045,11.715005621162176,1.765,0.0,0.0,0.009691060183604175,0.3701497941873291,0.0016625176482295734,0.0,0.0,0.0,0.00041607933425946567,omni
-4.984606729286965,11.715110592218734,1.765,0.0,0.0,0.00969935531973099,0.370066736036942,0.0016608132032049317,0.0,0.0,0.0,0.000414756806340631,unicycle
-4.977204403614348,11.715215535162402,1.765,0.0,0.0,0.009707641949332525,0.3701497739718243,0.001655533662376844,0.0,0.0,0.0,0.00041433148007680826,omni
-4.96980373956294,11.715320489251791,1.765,0.0,0.0,0.009715902234572993,0.37006671592574725,0.0016538353551440242,0.0,0.0,0.0,0.0004130142620234474,unicycle
-4.962401414677829,11.715425415422079,1.765,0.0,0.0,0.009724154043964501,0.3701497537612141,0.0016485770229266118,0.0,0.0,0.0,0.0004125904695754046,omni
-4.955000751408432,11.715530352576021,1.765,0.0,0.0,0.009732379614873889,0.370066695818823,0.0016468848497237524,0.0,0.0,0.0,0.0004112785454694291,unicycle
-4.9475984273061675,11.71563526200427,1.765,0.0,0.0,0.009740596740590792,0.3701497335558412,0.0016416476623055242,0.0,0.0,0.0,0.00041085628584511193,omni
-4.940197764814157,11.715740182255148,1.765,0.0,0.0,0.009748787733384874,0.3700666757165116,0.0016399616189489818,0.0,0.0,0.0,0.00040954963970417217,unicycle
-4.932795441490124,11.715845074973354,1.765,0.0,0.0,0.009756970311621023,0.3701497133560356,0.0016347455122670605,0.0,0.0,0.0,0.00040912891180738017,omni
-4.925394779770918,11.715949978354194,1.765,0.0,0.0,0.009765126862172778,0.3700666556191427,0.0016330655941617157,0.0,0.0,0.0,0.0004078275275877062,unicycle
-4.917992457220533,11.716054854394981,1.765,0.0,0.0,0.009773275028777192,0.37014969316211527,0.0016278705039132074,0.0,0.0,0.0,0.0004074083302206263,omni
-4.910591796269585,11.716159740939434,1.765,0.0,0.0,0.00978139727261359,0.3700666355270345,0.0016261967060625933,0.0,0.0,0.0,0.00040611219181978903,unicycle
-4.90318947448831,11.716264600336057,1.765,0.0,0.0,0.0097895111630873,0.37014967297438695,0.0016210225677155835,0.0,0.0,0.0,0.0004056945236855623,omni
-4.895788814301113,11.716369470078376,1.765,0.0,0.0,0.009797599235386206,0.3700666154404939,0.001619354884731881,0.0,0.0,0.0,0.00040440361494531685,unicycle
-4.888386493284448,11.71647431286468,1.765,0.0,0.0,0.009805678984879213,0.37014965279314627,0.0016142016335363787,0.0,0.0,0.0,0.0004039874746504116,omni
-4.880985833856533,11.71657916583971,1.765,0.0,0.0,0.009813733020466398,0.37006659535981684,0.0016125400596499737,0.0,0.0,0.0,0.0004027017793591733,unicycle
-4.873583513600011,11.716683992050124,1.765,0.0,0.0,0.009821778763774712,0.3701496326186781,0.0016074076306481408,0.0,0.0,0.0,0.0004022871654158131,omni
-4.866182854926948,11.716788828293282,1.765,0.0,0.0,0.009829798897120939,0.37006657528528875,0.001605752159717216,0.0,0.0,0.0,0.0004010066673114225,unicycle
-4.858780535426144,11.716893637962801,1.765,0.0,0.0,0.00983781076868374,0.37014961245125694,0.001600640487754011,0.0,0.0,0.0,0.00040059357813993835,omni
-4.8513798775035415,11.716998457510059,1.765,0.0,0.0,0.00984579713390198,0.3700665552171846,0.0015989911132738165,0.0,0.0,0.0,0.00039931826091211804,unicycle
-4.843977558754068,11.717103250674228,1.765,0.0,0.0,0.009853775267798844,0.3701495922911468,0.0015939001330068203,0.0,0.0,0.0,0.00039890669484323685,omni
-4.836576901577571,11.717208053562096,1.765,0.0,0.0,0.009861727998641564,0.37006653515576915,0.0015922568481188113,0.0,0.0,0.0,0.0003976365421361179,unicycle
-4.8291745835750755,11.717312830256997,1.765,0.0,0.0,0.009869672528589831,0.3701495721386021,0.001587186494028282,0.0,0.0,0.0,0.00039722649741326556,omni
-4.8217739271403675,11.717417616522514,1.765,0.0,0.0,0.009877591758446387,0.3700665151012977,0.0015855492915291473,0.0,0.0,0.0,0.00039596149282787835,unicycle
-4.814371609880541,11.717522376784743,1.765,0.0,0.0,0.009885502817798575,0.37014955199386773,0.001580499497927693,0.0,0.0,0.0,0.0003955529676093788,omni
-4.806970954183343,11.717627146465448,1.765,0.0,0.0,0.009893388679692694,0.37006649505401606,0.001578868370278003,0.0,0.0,0.0,0.0003942930947059888,unicycle
-4.799568637661907,11.717731890332105,1.765,0.0,0.0,0.009901266401434038,0.3701495318571793,0.0015738390713198403,0.0,0.0,0.0,0.0003938860870671771,omni
-4.792167982697975,11.717836643466034,1.765,0.0,0.0,0.009909119028021388,0.37006647501416085,0.0015722140106526525,0.0,0.0,0.0,0.00039263132936756523,unicycle
-4.784765666910693,11.717941370974708,1.765,0.0,0.0,0.009916963544767446,0.3701495117287632,0.0015672051403429858,0.0,0.0,0.0,0.00039222583730294037,omni
-4.777365012675822,11.718046107600383,1.765,0.0,0.0,0.009924783068333304,0.37006645498195956,0.0015655861384722685,0.0,0.0,0.0,0.000390976178292763,unicycle
-4.7699626976184915,11.718150818789134,1.765,0.0,0.0,0.009932594512327662,0.37014949160883726,0.001560597630676251,0.0,0.0,0.0,0.0003905721997181107,omni
-4.762562044108513,11.718255538945527,1.765,0.0,0.0,0.009940381064784646,0.37006643495763125,0.0015589846791050506,0.0,0.0,0.0,0.0003893276228491504,unicycle
-4.75515972977697,11.718360233852875,1.765,0.0,0.0,0.009948159567896717,0.3701494714976106,0.001554016467556546,0.0,0.0,0.0,0.0003889251556035404,omni
-4.747759076987751,11.718464937579418,1.765,0.0,0.0,0.009955913280782632,0.37006641494138653,0.0015524095574850944,0.0,0.0,0.0,0.0003876856442958118,unicycle
-4.740356763377867,11.718569616244325,1.765,0.0,0.0,0.009963658974505503,0.3701494513952841,0.0015474615757954037,0.0,0.0,0.0,0.00038728468614357945,omni
-4.732956111305311,11.718674303580881,1.765,0.0,0.0,0.009971379978981253,0.37006639493342736,0.0015458606981290201,0.0,0.0,0.0,0.00038605022378748684,unicycle
-4.725553798412994,11.718778966042752,1.765,0.0,0.0,0.009979092994429657,0.3701494313020505,0.0015409328797952582,0.0,0.0,0.0,0.0003856507724201874,omni
-4.718153147053042,11.718883637029606,1.765,0.0,0.0,0.009986781421277229,0.370066374933948,0.0015393380251520774,0.0,0.0,0.0,0.00038442134237859306,unicycle
-4.710750834410863,11.718988283332873,1.765,0.0,0.0,0.009994461888679671,0.37014943438786413,0.0015344303035654328,0.0,0.0,0.0,0.0003840233701222217,omni
-4.703350182274536,11.719092938026673,1.765,0.0,0.0,0.010002117867016248,0.37006642919510957,0.0015328415178096503,0.0,0.0,0.0,0.0003827989168288653,unicycle
-4.695947867928129,11.719197568233891,1.765,0.0,0.0,0.010009765915453824,0.37014953500675785,0.001527953911662757,0.0,0.0,0.0,0.00038240242187880316,omni
-4.688547213517802,11.719302206693493,1.765,0.0,0.0,0.010017389574521817,0.37006655815197803,0.0015263711835604306,0.0,0.0,0.0,0.0003811829533997046,unicycle
-4.681144896599928,11.719406820855673,1.765,0.0,0.0,0.010025005333550233,0.37014967880100125,0.0015215035718951903,0.0,0.0,0.0,0.00038078795142073153,omni
-4.673744239506585,11.719511443127592,1.765,0.0,0.0,0.010032596802833674,0.3700667073725853,0.0015199268517589954,0.0,0.0,0.0,0.00037957346417213104,unicycle
-4.666341919934613,11.71961604128693,1.765,0.0,0.0,0.010040180402071042,0.37014982653948225,0.0015150791394268628,0.0,0.0,0.0,0.0003791799618683822,omni
-4.658941260301874,11.71972064741156,1.765,0.0,0.0,0.010047739810980843,0.37006684922510974,0.001513508397127434,0.0,0.0,0.0,0.00037797044549010985,unicycle
-4.65153893837018,11.71982522960618,1.765,0.0,0.0,0.010055291379868863,0.37014995937251877,0.0015086805039571326,0.0,0.0,0.0,0.00037757844440101614,omni
-4.644138276586934,11.719929819621365,1.765,0.0,0.0,0.010062818857562902,0.3700669714471569,0.0015071157204100871,0.0,0.0,0.0,0.00037637388470195915,unicycle
-4.636735952737472,11.720034385887985,1.765,0.0,0.0,0.010070338525232552,0.3701500699225771,0.0015023075745459402,0.0,0.0,0.0,0.0003759833834823657,omni
-4.629335289268767,11.720138959831,1.765,0.0,0.0,0.010077834200516495,0.3700670702323195,0.0015007487365369925,0.0,0.0,0.0,0.000374783764197128,unicycle
-4.62193296396839,11.72024351020636,1.765,0.0,0.0,0.010085322095715808,0.37015015694649145,0.0014959602704417141,0.0,0.0,0.0,0.00037439475996561567,omni
-4.61453229926827,11.720348068114914,1.765,0.0,0.0,0.010092786096991466,0.3700671461327416,0.0014944073675669267,0.0,0.0,0.0,0.0003732000637830169,unicycle
-4.607129972948528,11.720452602636472,1.765,0.0,0.0,0.01010024234804951,0.3701502222112945,0.0014896385156979424,0.0,0.0,0.0,0.0003728125529022367,omni
-4.599729307420129,11.720557144549163,1.765,0.0,0.0,0.01010767480329056,0.3700672016959255,0.0014880915386197393,0.0,0.0,0.0,0.0003716227620523719,unicycle
-4.592326980452483,11.720661663255378,1.765,0.0,0.0,0.010115099538101897,0.37015026872363627,0.0014833422361357272,0.0,0.0,0.0,0.00037123674056696994,omni
-4.5849263144343455,11.720766189211856,1.765,0.0,0.0,0.010122500574844776,0.37006724015356324,0.0014818011756400165,0.0,0.0,0.0,0.0003700518371438734,unicycle
-4.577523987124506,11.720870692142242,1.765,0.0,0.0,0.010129893920865071,0.3701502997729318,0.001477071357727018,0.0,0.0,0.0,0.00036966730101480245,omni
-4.570123320890598,11.720975202183196,1.765,0.0,0.0,0.010137263666207937,0.37006726473631996,0.0014755362042549295,0.0,0.0,0.0,0.0003684872671432211,unicycle
-4.562720993482441,11.721079689378273,1.765,0.0,0.0,0.010144625750455206,0.37015031845294705,0.0014708258058133106,0.0,0.0,0.0,0.00036810421236348765,omni
-4.555320327248624,11.721184183545338,1.765,0.0,0.0,0.010151964331060729,0.37006727835156983,0.0014692965492643835,0.0,0.0,0.0,0.00036692903027619545,unicycle
-4.547917999932212,11.721288655046527,1.765,0.0,0.0,0.010159295280119116,0.3701503274562735,0.0014646055047977371,0.0,0.0,0.0,0.00036654745291943503,omni
-4.540517333865088,11.721393133382183,1.765,0.0,0.0,0.010166602822218805,0.3700672834640874,0.0014630821344807812,0.0,0.0,0.0,0.0003653771049846746,unicycle
-4.533115006785827,11.721497589231685,1.765,0.0,0.0,0.010173902762243153,0.37015032901772305,0.0014584103780908738,0.0,0.0,0.0,0.00036499700121725697,omni
-4.525714341011835,11.721602051779135,1.765,0.0,0.0,0.010181179391641952,0.37006728208414297,0.0014568928827488389,0.0,0.0,0.0,0.00036383146993999437,unicycle
-4.518312014279244,11.721706492019823,1.765,0.0,0.0,0.010188448448362244,0.37015032493343997,0.0014522403481804181,0.0,0.0,0.0,0.0003634528360146316,omni
-4.510911348892943,11.72181093882289,1.765,0.0,0.0,0.010195694290442748,0.3700672758073178,0.0014507287160472873,0.0,0.0,0.0,0.0003622921040251561,unicycle
-4.503509022588373,11.721915363498217,1.765,0.0,0.0,0.010202932589168075,0.37015031661372516,0.0014460953367517308,0.0,0.0,0.0,0.00036191493626639717,omni
-4.496108357659541,11.722019794601252,1.765,0.0,0.0,0.010210147768894158,0.370067265874671,0.001444589555618237,0.0,0.0,0.0,0.0003607589863041628,unicycle
-4.48870603184262,11.722124203755161,1.765,0.0,0.0,0.010217355434515985,0.3701503051464407,0.0014399752648189554,0.0,0.0,0.0,0.00036038328109131877,omni
-4.4813053674220615,11.722228619202964,1.765,0.0,0.0,0.010224540076435742,0.37006725323647033,0.0014384753220953873,0.0,0.0,0.0,0.00035923209598781917,unicycle
-4.4739030421359045,11.72233301287981,1.765,0.0,0.0,0.010231717233430509,0.3701502913590593,0.0014338800528472158,0.0,0.0,0.0,0.0003588578497383206,omni
-4.466502378260092,11.722437412717573,1.765,0.0,0.0,0.010238871461678534,0.3700672386112316,0.0014323859356184941,0.0,0.0,0.0,0.0003577114124013351,unicycle
-4.4591000535354,11.722541790962081,1.765,0.0,0.0,0.010246018234109656,0.37015027587387306,0.0014278096208584098,0.0,0.0,0.0,0.00035733862155599066,omni
-4.451699390230083,11.722646175235331,1.765,0.0,0.0,0.010253142172408775,0.37006722253665036,0.0014263213159298662,0.0,0.0,0.0,0.0003561969149560391,unicycle
-4.444297066088325,11.722750538092546,1.765,0.0,0.0,0.010260258683928106,0.37015025915446925,0.0014217638885182767,0.0,0.0,0.0,0.0003558255759665625,omni
-4.436896403371311,11.72285490684711,1.765,0.0,0.0,0.010267352455590618,0.37006720541163174,0.0014202813824525052,0.0,0.0,0.0,0.00035468858312561185,unicycle
-4.42949407982713,11.72295925436236,1.765,0.0,0.0,0.010274438829439505,0.37015024154345333,0.0014157427752062067,0.0,0.0,0.0,0.00035431869244453363,omni
-4.422093417710385,11.723063607644333,1.765,0.0,0.0,0.010281502557368047,0.3700671875299307,0.0014142660543519422,0.0,0.0,0.0,0.0003531863964270942,unicycle
-4.414691094773431,11.723167939863202,1.765,0.0,0.0,0.010288558916378044,0.3701502232922843,0.0014097462000696036,0.0,0.0,0.0,0.0003528179504997444,omni
-4.407290433264654,11.723272277718918,1.765,0.0,0.0,0.01029559272306616,0.370067169106486,0.0014082752505840276,0.0,0.0,0.0,0.0003516903344057735,unicycle
-4.3998881109409425,11.723376594687217,1.765,0.0,0.0,0.010302619189659443,0.3701502045844182,0.0014037740820658992,0.0,0.0,0.0,0.0003513233296641143,omni
-4.392487450044736,11.723480917163226,1.765,0.0,0.0,0.010309623197191918,0.3700671502976838,0.0014023088899319767,0.0,0.0,0.0,0.0003502003766237236,unicycle
-4.385085128337648,11.723585218926981,1.765,0.0,0.0,0.010316619893381554,0.370150185552991,0.0013978263399953021,0.0,0.0,0.0,0.00034983480948171076,omni
-4.377684468056384,11.723689526070036,1.765,0.0,0.0,0.010323594223434577,0.3700671312167407,0.0013963668910353536,0.0,0.0,0.0,0.00034871650265117475,unicycle
-4.370282146967414,11.723793812675467,1.765,0.0,0.0,0.010330561270824604,0.37015016629416503,0.0013919028925264744,0.0,0.0,0.0,0.00034835236950141564,omni
-4.3628814873018635,11.723898104532505,1.765,0.0,0.0,0.010337506044665814,0.3700671119452554,0.0013904491724127397,0.0,0.0,0.0,0.0003472386920604177,unicycle
-4.3554791668311506,11.724002376026013,1.765,0.0,0.0,0.010344443564451248,0.37015014687710296,0.0013860036582164829,0.0,0.0,0.0,0.00034687598927180983,omni
-4.348078507780946,11.72410665264415,1.765,0.0,0.0,0.010351358902939676,0.3700670925418011,0.0013845556524794726,0.0,0.0,0.0,0.0003457669244214695,unicycle
-4.340676187927672,11.724210909072307,1.765,0.0,0.0,0.010358267015906432,0.37015012735135644,0.0013801285555267117,0.0,0.0,0.0,0.0003454056483376265,omni
-4.333275529491637,11.724315170498812,1.765,0.0,0.0,0.010365153039492413,0.37006707304826875,0.0013786862495621657,0.0,0.0,0.0,0.0003443011792992792,unicycle
-4.325873210254303,11.72441941190835,1.765,0.0,0.0,0.010372031866017165,0.37015010775230256,0.0013742775028362836,0.0,0.0,0.0,0.0003439413262374766,omni
-4.3184725524306975,11.724523658190652,1.765,0.0,0.0,0.010378888694742199,0.37006705349451824,0.001372840881911005,0.0,0.0,0.0,0.0003428414362518095,unicycle
-4.311070233807337,11.724627884628449,1.765,0.0,0.0,0.010385738354792248,0.370150088105117,0.0013684504184532495,0.0,0.0,0.0,0.00034248300250251386,omni
-4.303669576594025,11.724732115814113,1.765,0.0,0.0,0.010392566108288837,0.37006703390176776,0.0013670194677101494,0.0,0.0,0.0,0.00034138767482938797,unicycle
-4.296267258582342,11.72483632732719,1.765,0.0,0.0,0.010399386721421957,0.3701500684276623,0.0013626472206244018,0.0,0.0,0.0,0.00034103065665611314,omni
-4.288866601976916,11.72494054346392,1.765,0.0,0.0,0.010406185518913447,0.37006701428505206,0.0013612219250870759,0.0,0.0,0.0,0.00033993987457447744,unicycle
-4.2814642845743895,11.725044740099428,1.765,0.0,0.0,0.010412977204277724,0.37015004873257684,0.00135686782754422,0.0,0.0,0.0,0.0003395842682138654,omni
-4.274063628574263,11.725148941235055,1.765,0.0,0.0,0.010419747164578162,0.3700669946549962,0.0013554481721212036,0.0,0.0,0.0,0.0003384980150219607,unicycle
-4.266661311778226,11.725253123040275,1.765,0.0,0.0,0.010426510040911843,0.37015002902878014,0.0013511121573632143,0.0,0.0,0.0,0.00033814381668410647,omni
-4.259260656380689,11.725357309222748,1.765,0.0,0.0,0.010433251282425842,0.370066975019091,0.001349698126851857,0.0,0.0,0.0,0.00033706207569986863,unicycle
-4.251858340188379,11.725461476245075,1.765,0.0,0.0,0.010439985468057219,0.3701500093225518,0.001345380128195439,0.0,0.0,0.0,0.0003367092815687586,omni
-4.244457685390646,11.72556564752245,1.765,0.0,0.0,0.010446698108779823,0.3700669553826051,0.0013439717072856639,0.0,0.0,0.0,0.0003356320361302725,unicycle
-4.237055369799242,11.72566979980939,1.765,0.0,0.0,0.010453403721627112,0.3701499896183026,0.0013396716581259597,0.0,0.0,0.0,0.0003352806423643589,omni
-4.229654715598484,11.725773956229833,1.765,0.0,0.0,0.010460087879143721,0.3700669357492367,0.0013382688314039566,0.0,0.0,0.0,0.0003342078758304891,unicycle
-4.222252400605129,11.725878093828996,1.765,0.0,0.0,0.010466765036714988,0.3701499699191239,0.0013339866652180895,0.0,0.0,0.0,0.0003338578785633652,omni
-4.214851746998494,11.725982235440767,1.765,0.0,0.0,0.010473420828201277,0.3700669161215758,0.0013325894171698801,0.0,0.0,0.0,0.00033278957431442935,unicycle
-4.207449432600316,11.726086358399858,1.765,0.0,0.0,0.01048006964759439,0.3701499502271774,0.0013283250675203673,0.0,0.0,0.0,0.00033244096965550653,omni
-4.200048779584942,11.726190485251319,1.765,0.0,0.0,0.010486697189816267,0.3700668965014329,0.001326933382535375,0.0,0.0,0.0,0.00033137711109392073,unicycle
-4.192646465779072,11.726294593618139,1.765,0.0,0.0,0.01049331778771885,0.3701499305439715,0.0013226867830736064,0.0,0.0,0.0,0.00033102989512916474,omni
-4.185245813352102,11.726398705757724,1.765,0.0,0.0,0.010499917197032456,0.37006687689007156,0.00132130064544798,0.0,0.0,0.0,0.00032997046568019375,unicycle
-4.1778435001356735,11.726502799580153,1.765,0.0,0.0,0.010506509689721914,0.3701499108705565,0.0013170717299172533,0.0,0.0,0.0,0.0003296246344728907,omni
-4.17044284829426,11.726606897056381,1.765,0.0,0.0,0.010513081082073618,0.3700668572883713,0.001315691123857252,0.0,0.0,0.0,0.0003285696175853737,unicycle
-4.163040535664423,11.726710976382382,1.765,0.0,0.0,0.010519645585417157,0.3701498912076612,0.0013114798260961474,0.0,0.0,0.0,0.00032822516717686395,omni
-4.155639884405733,11.72681505924385,1.765,0.0,0.0,0.010526189076343633,0.37006683769694265,0.0013101047357215023,0.0,0.0,0.0,0.00032717454632390144,unicycle
-4.148237572359652,11.726919124121455,1.765,0.0,0.0,0.010532725705798324,0.3701498715557897,0.001305910989666991,0.0,0.0,0.0,0.00032683147273442715,omni
-4.140836921680876,11.72702319241682,1.765,0.0,0.0,0.010539241410426607,0.37006681811620873,0.001304541399014111,0.0,0.0,0.0,0.00032578523141426035,unicycle
-4.133434610215736,11.727127242894127,1.765,0.0,0.0,0.010545750281039483,0.3701498519152896,0.0013003651387045651,0.0,0.0,0.0,0.0003254435306437152,omni
-4.12603396011408,11.727231296672112,1.765,0.0,0.0,0.010552238314087086,0.3700667985464614,0.001299001031729799,0.0,0.0,0.0,0.0003244016523803331,unicycle
-4.118631649227091,11.727335332797287,1.765,0.0,0.0,0.01055871954049527,0.37014983228639836,0.0012948421913081224,0.0,0.0,0.0,0.0003240613204090279,omni
-4.111230999699788,11.72743937210667,1.765,0.0,0.0,0.010565180016270328,0.3700667789879004,0.0012934835518909624,0.0,0.0,0.0,0.0003230237887529589,unicycle
-4.1038286893881795,11.727543393927931,1.765,0.0,0.0,0.010571633712701175,0.3701498126692766,0.0012893420656075387,0.0,0.0,0.0,0.0003226848215423961,omni
-4.0964280404324835,11.727647418817542,1.765,0.0,0.0,0.010578066745102603,0.3700667594406613,0.0012879888775537128,0.0,0.0,0.0,0.0003216516200713946,unicycle
-4.089025730693513,11.727751426383154,1.765,0.0,0.0,0.010584493025373906,0.3701497930640313,0.0012838646797692682,0.0,0.0,0.0,0.0003213140135650055,omni
-4.081625082306703,11.727855436901867,1.765,0.0,0.0,0.010590898727891599,0.3700667399048345,0.0012825169268137035,0.0,0.0,0.0,0.0003202851258847419,unicycle
-4.074222773137651,11.727959430260146,1.765,0.0,0.0,0.010597297705411774,0.3701497734707315,0.0012784099520020053,0.0,0.0,0.0,0.0003199488760086642,omni
-4.0668221253170325,11.72806342645688,1.765,0.0,0.0,0.010603676191126845,0.3700667203804788,0.001277067617811898,0.0,0.0,0.0,0.000318924285753468,unicycle
-4.059419816715206,11.728167405656178,1.765,0.0,0.0,0.010610047978895192,0.3701497538894199,0.0012729778005626945,0.0,0.0,0.0,0.0003185893884172889,omni
-4.0520191694581085,11.728271387579879,1.765,0.0,0.0,0.010616399360480207,0.37006670086763066,0.0012716408687404252,0.0,0.0,0.0,0.00031756907925080185,unicycle
-4.044616861420837,11.728375352668587,1.765,0.0,0.0,0.01062274407108717,0.37014973432012027,0.00126756814376198,0.0,0.0,0.0,0.00031723553034823155,omni
-4.037216214724617,11.728479320368244,1.765,0.0,0.0,0.010629068460806452,0.3700666813663105,0.0012662365978480313,0.0,0.0,0.0,0.00031621948596400397,unicycle
-4.029813907249257,11.72858327139478,1.765,0.0,0.0,0.010635386206433926,0.3701497147628426,0.0012621808999698876,0.0,0.0,0.0,0.000315887281373664,omni
-4.022413261111292,11.728687224919398,1.765,0.0,0.0,0.010641683716143843,0.37006666187652676,0.0012608547234455795,0.0,0.0,0.0,0.0003148754854959563,unicycle
-4.015010954195226,11.728791161932207,1.765,0.0,0.0,0.010647974608565482,0.37014969521758684,0.0012568159876208862,0.0,0.0,0.0,0.00031454462108201724,omni
-4.007610308612923,11.728895101330814,1.765,0.0,0.0,0.010654245349714805,0.37006664239827974,0.0012554951639111285,0.0,0.0,0.0,0.0003135370574662412,unicycle
-4.000208002253558,11.728999024378364,1.765,0.0,0.0,0.010660509500296386,0.3701496756843459,0.0012514733252192386,0.0,0.0,0.0,0.00031320752907911355,omni
-3.992807357224348,11.729102949700005,1.765,0.0,0.0,0.01066675358392664,0.3700666229315631,0.0012501578376953103,0.0,0.0,0.0,0.0003122041815125686,unicycle
-3.985405051419115,11.729206858830777,1.765,0.0,0.0,0.010672991103626432,0.3701496561631072,0.0012461528313442384,0.0,0.0,0.0,0.0003118759849895711,omni
-3.9780044069404514,11.729310770124512,1.765,0.0,0.0,0.010679208640372272,0.37006660347636583,0.0012448426633263924,0.0,0.0,0.0,0.00031087683729196305,unicycle
-3.970602101686807,11.729414665387003,1.765,0.0,0.0,0.010685419639741432,0.3701496366538536,0.0012408544246550676,0.0,0.0,0.0,0.0003105499684579535,omni
-3.96320145775617,11.729518562701895,1.765,0.0,0.0,0.010691610739831072,0.3700665840326731,0.0012395495594151255,0.0,0.0,0.0,0.00030955500448198286,unicycle
-3.9557991530515952,11.729622444144605,1.765,0.0,0.0,0.01069779532901407,0.37014961715656486,0.0012355780238957382,0.0,0.0,0.0,0.0003092294591500211,omni
-3.9483985096664895,11.729726327529722,1.765,0.0,0.0,0.010703960102269712,0.37006656460046694,0.0012342784446595957,0.0,0.0,0.0,0.00030823866278197444,unicycle
-3.94099620550849,11.729830195201156,1.765,0.0,0.0,0.010710118391004792,0.37014959767121786,0.0012303235478997336,0.0,0.0,0.0,0.00030791443675394107,omni
-3.9335955626664436,11.729934064705564,1.765,0.0,0.0,0.010716256946843075,0.37006654517972676,0.0012290292378498886,0.0,0.0,0.0,0.0003069277919142078,unicycle
-3.9261932590525492,11.730037918654228,1.765,0.0,0.0,0.010722389044462707,0.37014957819778704,0.0012250909155948138,0.0,0.0,0.0,0.00030660488098147075,omni
-3.9187926167511153,11.730141774326993,1.765,0.0,0.0,0.010728501491895208,0.3700665257704297,0.0012238018578728414,0.0,0.0,0.0,0.00030562237162517483,unicycle
-3.9113903136788792,11.730245614601388,1.765,0.0,0.0,0.01073460750732659,0.3701495587362448,0.0012198800460075888,0.0,0.0,0.0,0.0003053007715691417,omni
-3.9039896719156335,11.730349456491567,1.765,0.0,0.0,0.01074069395496032,0.370066506372551,0.0012185962237164349,0.0,0.0,0.0,0.00030432238168652374,unicycle
-3.896587369382635,11.730453283140184,1.765,0.0,0.0,0.010746773996725906,0.3701495392865617,0.0012146908582677223,0.0,0.0,0.0,0.00030400208827922545,omni
-3.8891867281551784,11.730557111296813,1.765,0.0,0.0,0.01075283455276383,0.37006648698606404,0.001213412254473991,0.0,0.0,0.0,0.0003030278018962201,unicycle
-3.8817844261590175,11.730660924368133,1.765,0.0,0.0,0.010758888728981848,0.3701495198487064,0.001209523271612217,0.0,0.0,0.0,0.000302708810900871,omni
-3.8743837854649747,11.730764738840241,1.765,0.0,0.0,0.010764923501223437,0.37006646761094036,0.0012082498693484665,0.0,0.0,0.0,0.0003017386120795267,unicycle
-3.8669814840032775,11.730868538382724,1.765,0.0,0.0,0.010770951919608458,0.3701495004226462,0.0012043772053896545,0.0,0.0,0.0,0.0003014209192510823,omni
-3.8595808438402948,11.730972339219313,1.765,0.0,0.0,0.01077696101545026,0.3700664482471503,0.0012031089876565547,0.0,0.0,0.0,0.0003004547920900687,unicycle
-3.8521785429107087,11.731076125281406,1.765,0.0,0.0,0.010782963783313776,0.3701494810083472,0.0011992525790641,0.0,0.0,0.0,0.00030013839317583486,omni
-3.8447779032764564,11.73117991253146,1.765,0.0,0.0,0.010788947309749995,0.37006642889466296,0.0011979895288327476,0.0,0.0,0.0,0.00029917632181097236,unicycle
-3.8373756028766532,11.731283685161578,1.765,0.0,0.0,0.010794924534001013,0.37014946160577405,0.0011941493122195176,0.0,0.0,0.0,0.0002988612125510694,omni
-3.829974963768825,11.731387458874048,1.765,0.0,0.0,0.010800882597624127,0.37006640955344594,0.0011928914124334673,0.0,0.0,0.0,0.0002979031811556189,unicycle
-3.8225726638964996,11.731491218120588,1.765,0.0,0.0,0.010806834384769797,0.3701494422148901,0.001189067324563228,0.0,0.0,0.0,0.0002975893572835435,omni
-3.815172025312812,11.731594978344399,1.765,0.0,0.0,0.010812767091771171,0.37006639022346544,0.001187814558140596,0.0,0.0,0.0,0.0002966353500687887,unicycle
-3.8077697259656804,11.731698724255724,1.765,0.0,0.0,0.01081869354791741,0.3701494228356574,0.0011840065359299515,0.0,0.0,0.0,0.0002963228073119339,omni
-3.8003690879038707,11.731802471039762,1.765,0.0,0.0,0.010824601004087962,0.3700663709046866,0.0011827588857654038,0.0,0.0,0.0,0.00029537280852751785,unicycle
-3.7929667890796734,11.7319062036642,1.765,0.0,0.0,0.010830502234940118,0.37014940346803693,0.0011789668662852315,0.0,0.0,0.0,0.0002950615426076694,omni
-3.7855661515375045,11.732009937057319,1.765,0.0,0.0,0.01083638454567096,0.37006635159707335,0.0011777243152519428,0.0,0.0,0.0,0.00029411553654204025,unicycle
-3.7781638532340027,11.732113656443163,1.765,0.0,0.0,0.010842260656534475,0.37014938411198867,0.001173948235729074,0.0,0.0,0.0,0.0002938055431758245,omni
-3.770763216209257,11.732217376494173,1.765,0.0,0.0,0.010848117926817606,0.37006633230058855,0.0011727107666807076,0.0,0.0,0.0,0.00029286351415653796,unicycle
-3.7633609184242354,11.732321082689674,1.765,0.0,0.0,0.010853969022598725,0.37014936476747123,0.0011689505644994838,0.0,0.0,0.0,0.0002925547890559379,omni
-3.7559602819147178,11.732424789447345,1.765,0.0,0.0,0.010859801357027729,0.37006631301519394,0.0011677181602720577,0.0,0.0,0.0,0.00029161672145014807,unicycle
-3.748557984645983,11.732528482500713,1.765,0.0,0.0,0.010865627542234187,0.3701493454344424,0.0011639737729757724,0.0,0.0,0.0,0.0002913092603229388,omni
-3.7411573486495207,11.732632176013762,1.765,0.0,0.0,0.01087143504500494,0.3700662937408499,0.0011627464163895109,0.0,0.0,0.0,0.0002903751385376476,unicycle
-3.7337550518948994,11.73273585597316,1.765,0.0,0.0,0.010877236423746698,0.3701493261128589,0.0011590177816818855,0.0,0.0,0.0,0.00029006893708788514,omni
-3.7263544164093423,11.73283953629026,1.765,0.0,0.0,0.010883019198658106,0.37006627447751655,0.001157795455543042,0.0,0.0,0.0,0.00028913874557041767,unicycle
-3.718952120166685,11.732943203203801,1.765,0.0,0.0,0.010888795874648085,0.3701493068026767,0.0011540825112896272,0.0,0.0,0.0,0.00028883379949892453,omni
-3.7115514851899025,11.733046870373569,1.765,0.0,0.0,0.010894554025102827,0.37006625522515285,0.0011528651983922654,0.0,0.0,0.0,0.00028790752273725876,unicycle
-3.70414918945708,11.733150524289316,1.765,0.0,0.0,0.010900306101657669,0.3701492875038511,0.0011491678826218103,0.0,0.0,0.0,0.00028760382774200405,omni
-3.696748554678056,11.733254178364515,1.765,0.0,0.0,0.01090603973066297,0.37006625143050537,0.0011479556072531165,0.0,0.0,0.0,0.00028668145026502427,unicycle
-3.6893462582055725,11.733357819346189,1.765,0.0,0.0,0.010911767310326236,0.3701493305905122,0.001144273921992014,0.0,0.0,0.0,0.00028637898316347023,omni
-3.681945621668634,11.733461460398734,1.765,0.0,0.0,0.010917476519536366,0.3700663453329233,0.001143066665879289,0.0,0.0,0.0,0.00028546046050655966,unicycle
-3.6745433228106847,11.733565088513528,1.765,0.0,0.0,0.010923179703885838,0.3701494558800142,0.00113940050888642,0.0,0.0,0.0,0.00028515921747349906,omni
-3.667142683540432,11.733668716603212,1.765,0.0,0.0,0.010928864594940295,0.3700664879161983,0.0011381982251205678,0.0,0.0,0.0,0.00028424455272287616,unicycle
-3.6597403818105363,11.733772331904605,1.765,0.0,0.0,0.010934543485800677,0.37014960540307706,0.001134547513615902,0.0,0.0,0.0,0.0002839445430191446,omni
-3.6523397396703414,11.733875947081287,1.765,0.0,0.0,0.010940204160413141,0.3700666372397078,0.001133350170125445,0.0,0.0,0.0,0.0002830337306231357,unicycle
-3.644937435175849,11.733979549615723,1.765,0.0,0.0,0.010945858859550517,0.3701497494671524,0.0011297148328334883,0.0,0.0,0.0,0.0002827349568687072,omni
-3.6375367904371543,11.73408315192441,1.765,0.0,0.0,0.010951495419276008,0.3700667728996689,0.0011285224060831205,0.0,0.0,0.0,0.0002818279862745099,unicycle
-3.6301344835538654,11.734186741735122,1.765,0.0,0.0,0.01095712602822163,0.3701498746496876,0.0011249023782617742,0.0,0.0,0.0,0.00028153044728111877,omni
-3.6227338366527753,11.734290331218833,1.765,0.0,0.0,0.010962738574324275,0.3700668866632931,0.0011237148493662419,0.0,0.0,0.0,0.00028062730513233876,unicycle
-3.615331527845045,11.734393908347972,1.765,0.0,0.0,0.010968345194276367,0.3701499765237066,0.001120110069784143,0.0,0.0,0.0,0.00028033099760456327,omni
-3.607930879251366,11.734497485049285,1.765,0.0,0.0,0.010973933827657394,0.3700669768463817,0.0011189274221827155,0.0,0.0,0.0,0.000279431669051379,unicycle
-3.60052856897862,11.734601049539007,1.765,0.0,0.0,0.010979516559429239,0.37015005533663226,0.0011153378313423779,0.0,0.0,0.0,0.0002791365885922713,omni
-3.593127919130881,11.734704613500817,1.765,0.0,0.0,0.010985081380590405,0.3700670450138624,0.0011141600494598224,0.0,0.0,0.0,0.0002782410580581939,unicycle
-3.585725607804131,11.734808165393805,1.765,0.0,0.0,0.010990640324585424,0.3701501135102706,0.0011105855885988345,0.0,0.0,0.0,0.00027794719975083877,omni
-3.578324957082142,11.73491171665964,1.765,0.0,0.0,0.010996181433612816,0.3700670941028658,0.0011094126571152834,0.0,0.0,0.0,0.0002770554513697377,unicycle
-3.570922645048369,11.735015255999263,1.765,0.0,0.0,0.011001716689814879,0.37015015424738634,0.0011058532676815314,0.0,0.0,0.0,0.00027676281010316224,omni
-3.5635219937661784,11.735118794613362,1.765,0.0,0.0,0.011007234186374058,0.3700671274025961,0.0011046851711671189,0.0,0.0,0.0,0.0002758748279589866,unicycle
-3.5561196813073837,11.735222321443695,1.765,0.0,0.0,0.011012745854346102,0.37015018079811796,0.0011011407945726872,0.0,0.0,0.0,0.0002755833986021791,omni
-3.54871902971654,11.735325847450964,1.765,0.0,0.0,0.01101823983768315,0.3700671480392211,0.001099977517332798,0.0,0.0,0.0,0.00027469916685243627,unicycle
-3.5413167170557927,11.735429361816706,1.765,0.0,0.0,0.011023728016569947,0.37015019611012295,0.0010964480948653559,0.0,0.0,0.0,0.0002744089443398812,omni
-3.5339160653531256,11.735532875262617,1.765,0.0,0.0,0.011029198585515394,0.37006715874982665,0.001095289620901058,0.0,0.0,0.0,0.0002735284472723011,unicycle
-3.5265137526633015,11.735636377208976,1.765,0.0,0.0,0.011034663374048181,0.37015020269421023,0.0010917750937179897,0.0,0.0,0.0,0.00027323942663936434,omni
-3.51911310100005,11.735739878139457,1.765,0.0,0.0,0.011040110627022008,0.3700671618149485,0.0010906214067444115,0.0,0.0,0.0,0.00027236264869135113,unicycle
-3.5117107884129575,11.735843367712045,1.765,0.0,0.0,0.011045552123523655,0.3701502026047764,0.0010871217159061607,0.0,0.0,0.0,0.00027207482508248115,omni
-3.5043101369036247,11.735946856173369,1.765,0.0,0.0,0.011050976158540478,0.37006715907245147,0.0010859727993960604,0.0,0.0,0.0,0.0002712017508410756,unicycle
-3.4969078245184058,11.736050333418094,1.765,0.0,0.0,0.011056394460930563,0.37015019747620814,0.0010824878859143207,0.0,0.0,0.0,0.0002709151195041901,omni
-3.4895071732485947,11.736153809456784,1.765,0.0,0.0,0.011061795375604495,0.37006715196829204,0.0010813437231483767,0.0,0.0,0.0,0.0002700457336965459,unicycle
-3.48210486113894,11.736257274419767,1.765,0.0,0.0,0.011067190581403926,0.3701501885819771,0.0010778735280353134,0.0,0.0,0.0,0.0002697602899714473,omni
-3.4747042101719314,11.736360738082519,1.765,0.0,0.0,0.011072568472952965,0.37006714161956084,0.00107673410215002,0.0,0.0,0.0,0.0002688945774519164,unicycle
-3.4673018983920216,11.736464190810018,1.765,0.0,0.0,0.011077940679288103,0.37015017689850427,0.0010732785664628295,0.0,0.0,0.0,0.00026861031675686804,omni
-3.4599012477741007,11.736567642143632,1.765,0.0,0.0,0.011083295644537972,0.37006712887700205,0.0010721438604918542,0.0,0.0,0.0,0.0002677482624933947,unicycle
-3.452498936363354,11.736671082681982,1.765,0.0,0.0,0.011088644948144212,0.37015016316488825,0.0010687029253697669,0.0,0.0,0.0,0.00026746518031185013,omni
-3.445098286128014,11.736774521733304,1.765,0.0,0.0,0.011093977083531673,0.3700671143810406,0.001067572922277636,0.0,0.0,0.0,0.0002666067693731141,unicycle
-3.437695975114794,11.736877950128877,1.765,0.0,0.0,0.011099303580756512,0.37015014793471845,0.001064146528971412,0.0,0.0,0.0,0.0002663248612420943,omni
-3.430295325285998,11.736981376944783,1.765,0.0,0.0,0.01110461298233225,0.3700670986091566,0.0010630212116801525,0.0,0.0,0.0,0.00026547007878682767,unicycle
-3.422893014690467,11.737084793243952,1.765,0.0,0.0,0.01110991676913799,0.3701501316189883,0.0010596093015750635,0.0,0.0,0.0,0.0002651893402869592,omni
-3.415492365285132,11.737188207871288,1.765,0.0,0.0,0.011115203532569081,0.3700670819144546,0.001058488652984085,0.0,0.0,0.0,0.000264338171554581,unicycle
-3.408090055121412,11.737291612120398,1.765,0.0,0.0,0.011120484704535116,0.37015011452053215,0.0010550911676162659,0.0,0.0,0.0,0.0002640585983017603,omni
-3.4006894061512867,11.737395014605973,1.765,0.0,0.0,0.01112574892510721,0.37006706455623706,0.001053975170617117,0.0,0.0,0.0,0.00026321102860478375,unicycle
-3.393287096429083,11.73749840685132,1.765,0.0,0.0,0.01113100757743208,0.3701500968610343,0.0010505920516859146,0.0,0.0,0.0,0.000262932616243493,omni
-3.385886447902147,11.737601797241881,1.765,0.0,0.0,0.011136249350051312,0.3700670467237608,0.0010494806891730994,0.0,0.0,0.0,0.000262088630961456,unicycle
-3.3784841386279543,11.737705177529692,1.765,0.0,0.0,0.011141485577554502,0.3701500788018441,0.0010461118785496924,0.0,0.0,0.0,0.00026181137515957553,omni
-3.3710834905494576,11.737808555871926,1.765,0.0,0.0,0.011146704996749194,0.37006702855441204,0.0010450051334283867,0.0,0.0,0.0,0.000260970959734397,unicycle
-3.363681181727451,11.737911924248362,1.765,0.0,0.0,0.011151918893872775,0.37015006045979737,0.001041650573161819,0.0,0.0,0.0,0.00026069485617915287,omni
-3.3562805341006734,11.738015290588862,1.765,0.0,0.0,0.011157116053795001,0.3700670101474408,0.0010405484283532997,0.0,0.0,0.0,0.0002598579961114065,unicycle
-3.34887822573336,11.738118647099999,1.765,0.0,0.0,0.011162307714605125,0.37015004191910794,0.0010372080606745177,0.0,0.0,0.0,0.00025958304050617163,omni
-3.341477578560171,11.738222001485273,1.765,0.0,0.0,0.01116748270903217,0.3700669915742325,0.0010361104991198696,0.0,0.0,0.0,0.0002587497213521452,unicycle
-3.3340752706488654,11.738325346177088,1.765,0.0,0.0,0.01117265222722045,0.37015002324022156,0.0010327842664442824,0.0,0.0,0.0,0.000258475909414087,omni
-3.3266746239301277,11.738428688653556,1.765,0.0,0.0,0.011177805149556123,0.37006697288592505,0.0010316912711069476,0.0,0.0,0.0,0.0002576461167836901,unicycle
-3.3192723164752946,11.738532021571942,1.765,0.0,0.0,0.011182952618440961,0.3701500044663565,0.0010283791160360777,0.0,0.0,0.0,0.0002573734442419535,omni
-3.311871670211156,11.738635352185913,1.765,0.0,0.0,0.011188083561716902,0.37006695411901547,0.0010272906699036967,0.0,0.0,0.0,0.00025654716379695054,unicycle
-3.304469363212661,11.738738673376659,1.765,0.0,0.0,0.011193209074244728,0.3701499856283019,0.001023992535226278,0.0,0.0,0.0,0.00025627562639131207,omni
-3.2970687174027655,11.738841992174347,1.765,0.0,0.0,0.01119831813112161,0.3700669352994599,0.0010229086213119978,0.0,0.0,0.0,0.0002554528438440964,unicycle
-3.2896664108600535,11.738945301683136,1.765,0.0,0.0,0.011203421779868092,0.37014996674791695,0.0010196244500045774,0.0,0.0,0.0,0.00025518243732396,omni
-3.2822657655036944,11.739048608710645,1.765,0.0,0.0,0.011208509042636821,0.3700669164456567,0.001018545051347893,0.0,0.0,0.0,0.00025436313843653466,unicycle
-3.274863459415915,11.739151906583059,1.765,0.0,0.0,0.011213590919808026,0.37014994784066974,0.0010152747865750087,0.0,0.0,0.0,0.0002540938585602322,omni
-3.2674628145121405,11.739255201886387,1.765,0.0,0.0,0.011218656480390898,0.3700668975706044,0.0010141998862425797,0.0,0.0,0.0,0.0002532780291435423,unicycle
-3.2600605088782415,11.739358488167898,1.765,0.0,0.0,0.011223716677824458,0.3701499289174701,0.0010109434713571528,0.0,0.0,0.0,0.0002530098716779631,omni
-3.2526598644259304,11.73946177179293,1.765,0.0,0.0,0.011228760627776288,0.37006687868345683,0.0010098730524433857,0.0,0.0,0.0,0.00025219749759152496,unicycle
-3.24525755924472,11.739565046528904,1.765,0.0,0.0,0.011233799236942522,0.37014990998598724,0.0010066304309866176,0.0,0.0,0.0,0.00025193045831168367,omni
-3.237856915242639,11.739668318521414,1.765,0.0,0.0,0.01123882166745178,0.3700668597906383,0.0010055644766142177,0.0,0.0,0.0,0.00025112152546294386,unicycle
-3.2304546105128336,11.7397715817571,1.765,0.0,0.0,0.011243838779454812,0.37014989105159385,0.0010023355923157399,0.0,0.0,0.0,0.0002508556001517505,omni
-3.2230539669596743,11.73987484216275,1.765,0.0,0.0,0.01124883978134473,0.37006684089664216,0.0010012740856362636,0.0,0.0,0.0,0.00025005009449592143,unicycle
-3.2156516626799303,11.73997809394329,1.765,0.0,0.0,0.011253835486923616,0.3701498721180395,0.0009980588824141322,0.0,0.0,0.0,0.00024978527894419775,omni
-3.2082510195743366,11.740081342807624,1.765,0.0,0.0,0.011258815150653296,0.37006682200459845,0.0009970018066084653,0.0,0.0,0.0,0.00024898318648418653,unicycle
-3.2008487157432732,11.740184583178042,1.765,0.0,0.0,0.011263789540183106,0.37014985318792976,0.0009938002285691328,0.0,0.0,0.0,0.00024871947649051426,omni
-3.193448073083859,11.740287820546492,1.765,0.0,0.0,0.011268747955848635,0.37006680311667745,0.0009927475668480388,0.0,0.0,0.0,0.00024792078327653564,unicycle
-3.186045769700073,11.740391049551704,1.765,0.0,0.0,0.011273701119341582,0.37014983426306514,0.0009895595582864463,0.0,0.0,0.0,0.00024765817464730106,omni
-3.1786451274854386,11.74049427546958,1.765,0.0,0.0,0.01127863837667712,0.370066784234375,0.0009885112938910544,0.0,0.0,0.0,0.00024686286677698654,unicycle
-3.1712428245475173,11.740597493154379,1.765,0.0,0.0,0.01128357040378365,0.3701498153446821,0.0009853367992905574,0.0,0.0,0.0,0.00024660135532642653,omni
-3.163842182776256,11.740700707666875,1.765,0.0,0.0,0.011288486592162542,0.3700667653587153,0.0009842929154928576,0.0,0.0,0.0,0.0002458094189446338,unicycle
-3.1564398802827838,11.74080391407594,1.765,0.0,0.0,0.01129339757217244,0.37014979643362245,0.000981131879525258,0.0,0.0,0.0,0.00024554900049489955,omni
-3.1490392389534883,11.740907117228131,1.765,0.0,0.0,0.011298292780608312,0.37006674649039223,0.0009800923596286941,0.0,0.0,0.0,0.00024476042179373157,unicycle
-3.1416369369030526,11.741010312406024,1.765,0.0,0.0,0.011303182802451815,0.37014977753045203,0.0009769447271543619,0.0,0.0,0.0,0.0002445010921750345,omni
-3.1342362960143215,11.741113504242865,1.765,0.0,0.0,0.01130805711959969,0.37006672762986936,0.0009759095544943448,0.0,0.0,0.0,0.0002437158573938581,unicycle
-3.126833994405516,11.741216688234022,1.765,0.0,0.0,0.011312926271848578,0.37014975863554467,0.0009727752705621567,0.0,0.0,0.0,0.00024345761244450918,omni
-3.119433353955956,11.741319868800346,1.765,0.0,0.0,0.011317779786005976,0.3700667087774503,0.0009717444285065412,0.0,0.0,0.0,0.00024267570786980886,unicycle
-3.112031052787383,11.741423041649096,1.765,0.0,0.0,0.011322628156874704,0.3701497397491407,0.0009686234383538721,0.0,0.0,0.0,0.0002424185434363679,omni
-3.104630412775609,11.741526210989612,1.765,0.0,0.0,0.011327460955982742,0.37006668993332725,0.0009675969103036369,0.0,0.0,0.0,0.000241639955401869,unicycle
-3.0972281120458818,11.74162937274015,1.765,0.0,0.0,0.011332288633329525,0.37014972087138776,0.0009644891593566334,0.0,0.0,0.0,0.00024138386733920517,omni
-3.089827472470522,11.741732530899446,1.765,0.0,0.0,0.011337100804974036,0.370066671097615,0.0009634669287463567,0.0,0.0,0.0,0.00024060858222569697,unicycle
-3.082425172178266,11.741835681595854,1.765,0.0,0.0,0.011341907876301982,0.37014970200236913,0.0009603723626197197,0.0,0.0,0.0,0.00024035356639718976,omni
-3.0750245330379595,11.741938828618395,1.765,0.0,0.0,0.011346699507714638,0.3700666522703755,0.0009593544129181166,0.0,0.0,0.0,0.00023958157063274607,unicycle
-3.067622233181813,11.74204196830463,1.765,0.0,0.0,0.011351486060172847,0.37014968314212426,0.0009562729774152743,0.0,0.0,0.0,0.0002393276229104163,omni
-3.060221594475213,11.742145104234755,1.765,0.0,0.0,0.011356257238232253,0.37006663345163354,0.0009552592921257472,0.0,0.0,0.0,0.00023855890297026655,unicycle
-3.0528192950538267,11.742248232954651,1.765,0.0,0.0,0.01136102335861695,0.37014966429066154,0.0009521909332388127,0.0,0.0,0.0,0.00023830601923486655,omni
-3.0454186567795984,11.742351357836574,1.765,0.0,0.0,0.011365774169849777,0.37006661464138846,0.0009511814958999395,0.0,0.0,0.0,0.000237540561641416,unicycle
-3.038016357791637,11.742454475633844,1.765,0.0,0.0,0.011370519944605428,0.3701496454479684,0.0009481261598096987,0.0,0.0,0.0,0.00023728873778253108,omni
-3.0306157199484596,11.742557589511652,1.765,0.0,0.0,0.011375250475187537,0.37006659583962226,0.000947120953995718,0.0,0.0,0.0,0.00023652652910530704,unicycle
-3.0232134213926014,11.742660696429876,1.765,0.0,0.0,0.011379975990407964,0.37014962661401807,0.000944078587071593,0.0,0.0,0.0,0.00023627576102152283,omni
-3.0158127839791677,11.74276379934753,1.765,0.0,0.0,0.011384686326165513,0.37006657704630486,0.0009430775963929598,0.0,0.0,0.0,0.00023551678787726735,unicycle
-3.008410485854104,11.742866895430172,1.765,0.0,0.0,0.011389391667595037,0.37014960778877354,0.0009400481451930945,0.0,0.0,0.0,0.00023526707147627666,omni
-3.0010098488691197,11.742969987431508,1.765,0.0,0.0,0.011394081894005615,0.370066558261398,0.0009390513532970058,0.0,0.0,0.0,0.00023451132052885662,unicycle
-2.993607551173556,11.7430730727219,1.765,0.0,0.0,0.011398767147040164,0.3701495889721914,0.0009360347645682293,0.0,0.0,0.0,0.00023426265172762076,omni
-2.986206914615742,11.743176153850621,1.765,0.0,0.0,0.011403437349233927,0.37006653948485835,0.0009350421551390683,0.0,0.0,0.0,0.00023351010968813174,unicycle
-2.978804617348397,11.743279228391971,1.765,0.0,0.0,0.011408102598922184,0.3701495701642236,0.0009320383758168051,0.0,0.0,0.0,0.00023326248441294742,omni
-2.9714039812164867,11.743382298691657,1.765,0.0,0.0,0.011412752861682977,0.37006652071663804,0.0009310499325766126,0.0,0.0,0.0,0.00023251313803955464,unicycle
-2.9640016843760932,11.743485362527046,1.765,0.0,0.0,0.011417398192727496,0.3701495513648191,0.0009280589097848651,0.0,0.0,0.0,0.00023226655222618583,omni
-2.9566010486688326,11.743588422041142,1.765,0.0,0.0,0.01142202860049398,0.3700665019566874,0.0009270746164938352,0.0,0.0,0.0,0.00023152038832422405,unicycle
-2.949198752254136,11.743691475213524,1.765,0.0,0.0,0.011426654097252341,0.3701495325739247,0.0009240962975451592,0.0,0.0,0.0,0.0002312748379179826,omni
-2.9417981169702854,11.743794523985349,1.765,0.0,0.0,0.011431264734119139,0.3700664832049547,0.0009231161380020225,0.0,0.0,0.0,0.0002305318433398201,unicycle
-2.9343958209800456,11.743897566537546,1.765,0.0,0.0,0.011435870480605055,0.370149513791486,0.0009201504703973301,0.0,0.0,0.0,0.00023028732429575027,omni
-2.92699518611838,11.744000604610287,1.765,0.0,0.0,0.011440461430323873,0.3700664644613873,0.0009191744284398246,0.0,0.0,0.0,0.0002295474859409552,unicycle
-2.919592890551369,11.744103636584997,1.765,0.0,0.0,0.011445047510208351,0.3701494950174475,0.000916221359868429,0.0,0.0,0.0,0.00022930399422390455,omni
-2.912192256110674,11.744206664001712,1.765,0.0,0.0,0.011449618856189133,0.37006644572593156,0.000915249419373744,0.0,0.0,0.0,0.0002285672990390523,unicycle
-2.9047899609656778,11.744309685441499,1.765,0.0,0.0,0.011454185352801613,0.3701494762517532,0.0009123088977132125,0.0,0.0,0.0,0.00022832483062378527,omni
-2.8973893269447535,11.744412702245112,1.765,0.0,0.0,0.011458737178113661,0.37006642699853337,0.0009113410425983373,0.0,0.0,0.0,0.00022759126560254955,unicycle
-2.8899870322205707,11.744515713192415,1.765,0.0,0.0,0.011463284174443138,0.37014945749434675,0.0009084130159143124,0.0,0.0,0.0,0.00022734981647379838,omni
-2.8825863986182303,11.744618719425722,1.765,0.0,0.0,0.011467816561816276,0.37006640827913856,0.0009074492301364583,0.0,0.0,0.0,0.00022661936865677344,unicycle
-2.8751841043136723,11.744721719922843,1.765,0.0,0.0,0.011472344140512463,0.3701494387451718,0.000904533646682612,0.0,0.0,0.0,0.000226378934809396,omni
-2.8677834711287407,11.744824715628503,1.765,0.0,0.0,0.011476857172338146,0.37006638956769317,0.0009035739142395928,0.0,0.0,0.0,0.00022565159128424574,unicycle
-2.8603811772426315,11.74492770571762,1.765,0.0,0.0,0.01148136541571261,0.3701494200041721,0.0009006707224574334,0.0,0.0,0.0,0.00022541216872325615,omni
-2.8529805444739464,11.745030690938163,1.765,0.0,0.0,0.011485859174045102,0.3700663708641427,0.0008997150273880395,0.0,0.0,0.0,0.00022468791662446958,unicycle
-2.845578251005124,11.74513367066132,1.765,0.0,0.0,0.011490348164072404,0.3701494012712912,0.0008968241759067988,0.0,0.0,0.0,0.00022444950136517986,omni
-2.838177618651537,11.74523664543914,1.765,0.0,0.0,0.011494822730629888,0.37006635216843303,0.0008958725022911799,0.0,0.0,0.0,0.00022372832787423587,unicycle
-2.8307753255988515,11.74533961483825,1.765,0.0,0.0,0.011499292548948735,0.37014938254647267,0.0008929939399276628,0.0,0.0,0.0,0.00022349091594236757,omni
-2.823374693659226,11.745442579215608,1.765,0.0,0.0,0.01150374800511449,0.3700663334805098,0.0008920462718876671,0.0,0.0,0.0,0.0002227728082876048,unicycle
-2.815972401021538,11.745545538332452,1.765,0.0,0.0,0.011508198733028876,0.37014936382966035,0.0008891799476460573,0.0,0.0,0.0,0.00022253639571933215,omni
-2.8085717694947494,11.74564849235148,1.765,0.0,0.0,0.01151263515985239,0.37006631480031926,0.0008882362693456098,0.0,0.0,0.0,0.00022182134117589204,unicycle
-2.8011694772709346,11.745751441227704,1.765,0.0,0.0,0.011517066878332748,0.37014934512079833,0.0008853821324173597,0.0,0.0,0.0,0.0002215859240178713,omni
-2.7937688461558707,11.745854384930396,1.765,0.0,0.0,0.011521484356530899,0.37006629612780745,0.000884442428062628,0.0,0.0,0.0,0.00022087390990757562,unicycle
-2.786366554344816,11.745957323607517,1.765,0.0,0.0,0.011525897146215242,0.3701493264198308,0.0008816004278259726,0.0,0.0,0.0,0.0002206394842171335,omni
-2.7789659236403774,11.74606025703573,1.765,0.0,0.0,0.011530295756173413,0.3700662774629206,0.0008806646816657473,0.0,0.0,0.0,0.00021993049790864673,unicycle
-2.771563632240981,11.746163185555133,1.765,0.0,0.0,0.011534689697368487,0.3701493077267017,0.0008778347676857747,0.0,0.0,0.0,0.0002196970597538201,omni
-2.764163001946079,11.746266108750595,1.765,0.0,0.0,0.011539069519141736,0.37006625880560484,0.0008769029640118734,0.0,0.0,0.0,0.0002189910886624092,unicycle
-2.756760710957251,11.746369027153527,1.765,0.0,0.0,0.011543444691824176,0.3701492890413557,0.0008740850860402944,0.0,0.0,0.0,0.00021875863412198064,omni
-2.7493600810708103,11.746471940157823,1.765,0.0,0.0,0.011547805805138367,0.37006624015580736,0.0008731572091877426,0.0,0.0,0.0,0.00021805566570951316,unicycle
-2.7419577904914747,11.746574848485402,1.765,0.0,0.0,0.01155216228895583,0.3701492703637378,0.0008703513171624974,0.0,0.0,0.0,0.0002178241908730734,omni
-2.73455716101243,11.74667775133999,1.765,0.0,0.0,0.011556504773208787,0.37006622151347457,0.0008694273515098449,0.0,0.0,0.0,0.00021712421264791215,unicycle
-2.7271548708415216,11.746780649633196,1.765,0.0,0.0,0.011560842647481105,0.37014925169379237,0.0008666333955550194,0.0,0.0,0.0,0.00021689371361600842,omni
-2.7197542417688214,11.746883542379395,1.765,0.0,0.0,0.011565166581743768,0.3700662028785534,0.0008657133255246554,0.0,0.0,0.0,0.00021619671313310103,unicycle
-2.712351952005285,11.746986430679078,1.765,0.0,0.0,0.011569485925464112,0.37014923303146463,0.0008629312559502051,0.0,0.0,0.0,0.00021596718601728186,omni
-2.7049513233378875,11.747089313358067,1.765,0.0,0.0,0.011573791388481674,0.37006618425099097,0.0008620150660085303,0.0,0.0,0.0,0.00021527315087797297,unicycle
-2.697549033980681,11.74719219170494,1.765,0.0,0.0,0.011578092280317693,0.37014921437669984,0.0008592448333099023,0.0,0.0,0.0,0.00021504459180080106,omni
-2.690148405717557,11.747295064357768,1.765,0.0,0.0,0.011582379350510747,0.37006616563073474,0.0008583325079676758,0.0,0.0,0.0,0.0002143535096527628,unicycle
-2.68274611676565,11.747397932792413,1.765,0.0,0.0,0.011586661868805708,0.37014919572944366,0.0008555740628257617,0.0,0.0,0.0,0.0002141259147479059,omni
-2.6753454885968733,11.747500795464187,1.765,0.0,0.0,0.01159093062427141,0.3700661624645459,0.0008546656175172216,0.0,0.0,0.0,0.0002134377732851177,unicycle
-2.667943198801861,11.74760365404307,1.765,0.0,0.0,0.011595194846764184,0.37014923946400446,0.0008519189582901348,0.0,0.0,0.0,0.0002132111246387042,omni
-2.6605425687728426,11.747706506798773,1.765,0.0,0.0,0.011599445364563763,0.3700662569921149,0.0008510143768359966,0.0,0.0,0.0,0.0002125258899788521,unicycle
-2.65314027649,11.74780935558224,1.765,0.0,0.0,0.011603691368245874,0.3701493653978897,0.000848279424367619,0.0,0.0,0.0,0.00021230018410556704,omni
-2.645739643626411,11.747912198474339,1.765,0.0,0.0,0.011607923725401747,0.3700664001970574,0.0008473786693334324,0.0,0.0,0.0,0.0002116178577935046,unicycle
-2.638337348370327,11.748015037508402,1.765,0.0,0.0,0.011612151587421064,0.37014951556157166,0.0008446553590073118,0.0,0.0,0.0,0.00021139310096586546,omni
-2.630936712536603,11.748117870578962,1.765,0.0,0.0,0.011616365860983633,0.3700665501385686,0.0008437584040473063,0.0,0.0,0.0,0.00021071367812846147,unicycle
-2.623534414415686,11.748220699902257,1.765,0.0,0.0,0.011620575658417344,0.37014966026237206,0.0008410466798654358,0.0,0.0,0.0,0.0002104898716854297,omni
-2.6161337758843186,11.748323523188231,1.765,0.0,0.0,0.011624771925292134,0.3700666864127728,0.0008401535050333004,0.0,0.0,0.0,0.00020981334373944765,unicycle
-2.6087314752754187,11.748426342835977,1.765,0.0,0.0,0.011628963735016052,0.3701497860776759,0.0008374533159166886,0.0,0.0,0.0,0.00020959048619585436,omni
-2.6013308344835546,11.74852915637218,1.765,0.0,0.0,0.011633142071865747,0.37006680078683973,0.0008365639047732287,0.0,0.0,0.0,0.00020891684248457602,unicycle
-2.593928531852066,11.748631966378396,1.765,0.0,0.0,0.011637315970481702,0.3701498885804832,0.0008338752023115646,0.0,0.0,0.0,0.00020869493079774405,omni
-2.586527889270543,11.74873477019911,1.765,0.0,0.0,0.011641476453673026,0.3700668915765572,0.0008329895401934771,0.0,0.0,0.0,0.00020802415956621635,unicycle
-2.579125585076922,11.748837570597757,1.765,0.0,0.0,0.011645632517470719,0.37014996801821354,0.0008303122773220871,0.0,0.0,0.0,0.0002078031898846624,omni
-2.571724941145292,11.74894036473753,1.765,0.0,0.0,0.01164977522304773,0.3700669603468547,0.0008294303503449726,0.0,0.0,0.0,0.00020713527885058233,unicycle
-2.5643226358015707,11.749043155563044,1.765,0.0,0.0,0.011653913527986668,0.3701500268126803,0.0008267644806008335,0.0,0.0,0.0,0.00020691524694689526,omni
-2.5569219909006558,11.749145940057012,1.765,0.0,0.0,0.011658038531659183,0.37006701003487164,0.000825886275115033,0.0,0.0,0.0,0.00020625018362572568,unicycle
-2.549519684754826,11.749248721344486,1.765,0.0,0.0,0.011662159153361964,0.37015006816665985,0.0008232317522450623,0.0,0.0,0.0,0.00020603108513909566,omni
-2.542119039199679,11.74935149622847,1.765,0.0,0.0,0.011666266530502411,0.3700670439298232,0.0008223572545629949,0.0,0.0,0.0,0.0002053688570224324,unicycle
-2.5347167325347444,11.749454268013668,1.765,0.0,0.0,0.011670369544254171,0.37015009533030374,0.000819714032340099,0.0,0.0,0.0,0.0002051506875880801,omni
-2.52731608657791,11.749557033324121,1.765,0.0,0.0,0.011674459369898879,0.37006706515788923,0.0008188432286201919,0.0,0.0,0.0,0.00020449128223536285,unicycle
-2.5199137796179327,11.749659795643398,1.765,0.0,0.0,0.011678544850649836,0.3701501112512826,0.0008162112607760754,0.0,0.0,0.0,0.00020427403754789237,omni
-2.5125131334572246,11.749762551417303,1.765,0.0,0.0,0.011682617199502398,0.3700670764561669,0.0008153441369924219,0.0,0.0,0.0,0.00020361744262813454,unicycle
-2.5051108263760655,11.749865304307487,1.765,0.0,0.0,0.011686685221871758,0.37015011844041734,0.0008127233772122602,0.0,0.0,0.0,0.00020340111846779788,omni
-2.4977101801637005,11.749968050582261,1.765,0.0,0.0,0.01169074016830724,0.3700670801052021,0.0008118599191676387,0.0,0.0,0.0,0.0002027473217741404,unicycle
-2.490307873094143,11.750070794080557,1.765,0.0,0.0,0.011694790806587496,0.37015011895211575,0.0008092503211141376,0.0,0.0,0.0,0.00020253191401263334,omni
-2.4829072269455916,11.75017353089392,1.765,0.0,0.0,0.011698828424656731,0.37006707794286925,0.0008083905144716217,0.0,0.0,0.0,0.00020188090346171385,unicycle
-2.4755049199877432,11.75027626503779,1.765,0.0,0.0,0.011702861752817886,0.3701501144207751,0.0008057920318197623,0.0,0.0,0.0,0.0002016664080578066,omni
-2.468104273989568,11.750378992427677,1.765,0.0,0.0,0.01170688211625154,0.3700670714151336,0.0008049358621392454,0.0,0.0,0.0,0.0002010181716826629,unicycle
-2.4607019672180774,11.750481717254761,1.765,0.0,0.0,0.011710898207945011,0.3701501061198763,0.0008023484486118896,0.0,0.0,0.0,0.00020080458467341405,omni
-2.4533013214345107,11.750584435259242,1.765,0.0,0.0,0.011714901390157283,0.37006706163909325,0.0008014959013849212,0.0,0.0,0.0,0.00020015911061354623,unicycle
-2.4458990149045072,11.750687150807277,1.765,0.0,0.0,0.011718900318719366,0.37015009502584884,0.0007989195107850449,0.0,0.0,0.0,0.0001999464281041151,omni
-2.4384983693827738,11.75078985946449,1.765,0.0,0.0,0.011722886392811271,0.3700670494654994,0.000798070571464977,0.0,0.0,0.0,0.0001993037045951772,unicycle
-2.4310960631346155,11.750892565771252,1.765,0.0,0.0,0.011726868231266245,0.37015008187779985,0.0007955051577024947,0.0,0.0,0.0,0.00019909192274880687,omni
-2.423695417909143,11.750995265119352,1.765,0.0,0.0,0.011730837270028504,0.3700670355347845,0.0007946598117287952,0.0,0.0,0.0,0.00019845193811285776,unicycle
-2.4162931119721254,11.751097962222621,1.765,0.0,0.0,0.011734802091091342,0.37015006722932725,0.0007921053288414825,0.0,0.0,0.0,0.00019824105314188872,omni
-2.4088924670677994,11.751200652299737,1.765,0.0,0.0,0.011738754167006921,0.3700670203244356,0.000791263561658674,0.0,0.0,0.0,0.00019760379577895887,unicycle
-2.4014901614630073,11.75130334023725,1.765,0.0,0.0,0.011742702043085666,0.37015005149143293,0.000788719963828237,0.0,0.0,0.0,0.00019739380393732212,omni
-2.394089516897662,11.751406021081461,1.765,0.0,0.0,0.011746637228332036,0.3700670041875645,0.0007878817609001293,0.0,0.0,0.0,0.00019675926231852163,unicycle
-2.386687211640132,11.751508699890895,1.765,0.0,0.0,0.011750568231529944,0.3701500349669593,0.0007853490024638468,0.0,0.0,0.0,0.0001965501598953236,omni
-2.379286567426423,11.751611371540202,1.765,0.0,0.0,0.011754486597981078,0.37006698738348054,0.0007845143492837984,0.0,0.0,0.0,0.00019591832255674775,unicycle
-2.3718842625267658,11.751714041259145,1.765,0.0,0.0,0.011758400800098502,0.3701500178775991,0.0007819923847426447,0.0,0.0,0.0,0.00019571010587117742,omni
-2.364483618673573,11.751816703751457,1.765,0.0,0.0,0.01176230241932669,0.37006697010144785,0.0007811612668408407,0.0,0.0,0.0,0.00019508096140940725,unicycle
-2.357081314139181,11.751919364417406,1.765,0.0,0.0,0.011766199891862821,0.37015000038471046,0.0007786500508650826,0.0,0.0,0.0,0.00019487362680662324,omni
-2.3496806706526443,11.752022017790523,1.765,0.0,0.0,0.011770084835140318,0.37006695247886034,0.0007778224538136228,0.0,0.0,0.0,0.0001942471638748024,unicycle
-2.3422783664885825,11.752124669440857,1.765,0.0,0.0,0.011773965649294773,0.3701499826051382,0.0007753219412465324,0.0,0.0,0.0,0.0001940407077227562,omni
-2.334877723372864,11.752227313732469,1.765,0.0,0.0,0.011777833987595325,0.37006693461497603,0.0007744978506627793,0.0,0.0,0.0,0.00019341691502778747,unicycle
-2.327475419582519,11.75232995640446,1.765,0.0,0.0,0.011781698214269623,0.3701499646231054,0.000772007996522779,0.0,0.0,0.0,0.00019321133371478992,omni
-2.3200747768403622,11.752432591652134,1.765,0.0,0.0,0.01178555001826992,0.37006691658118857,0.00077118739807151,0.0,0.0,0.0,0.0001925902000150182,unicycle
-2.3126724734259216,11.752535225382926,1.765,0.0,0.0,0.011789397728068874,0.37014994649906774,0.000768708157553407,0.0,0.0,0.0,0.00019238548994764904,omni
-2.305271831059056,11.752637851624108,1.765,0.0,0.0,0.011793233068149889,0.3700668984286447,0.0007678910369481123,0.0,0.0,0.0,0.00019176700405079463,unicycle
-2.2978695280218506,11.752740476450722,1.765,0.0,0.0,0.01179706433138294,0.37014992827625337,0.0007654223654235588,0.0,0.0,0.0,0.00019156316165248657,omni
-2.290468886031282,11.752843093722724,1.765,0.0,0.0,0.01180088327763123,0.37006688019385015,0.0007646087084271175,0.0,0.0,0.0,0.0001909473124144792,unicycle
-2.2830665833720336,11.752945709682052,1.765,0.0,0.0,0.011804698164313716,0.3701499099854616,0.0007621505614445763,0.0,0.0,0.0,0.00019074433412438163,omni
-2.2756659417582563,11.753048318022056,1.765,0.0,0.0,0.011808500786522676,0.37006686190277055,0.000761340353869588,0.0,0.0,0.0,0.00019013111044808873,unicycle
-2.268263639477258,11.753150925150862,1.765,0.0,0.0,0.011812299366377076,0.3701498916485625,0.000758892687154066,0.0,0.0,0.0,0.0001899289927201026,omni
-2.2608629982404067,11.753253524595921,1.765,0.0,0.0,0.011816085734048163,0.370066843573814,0.0007580859148630109,0.0,0.0,0.0,0.00018931838355439317,unicycle
-2.2534606963376493,11.753356122930834,1.765,0.0,0.0,0.011819868076505296,0.3701498732810352,0.0007556486843156671,0.0,0.0,0.0,0.00018911712285661557,omni
-2.246060055477606,11.753458713517864,1.765,0.0,0.0,0.011823638258849214,0.37006682521998924,0.0007548453332208069,0.0,0.0,0.0,0.00018850911719585795,unicycle
-2.23865775395287,11.75356130309538,1.765,0.0,0.0,0.011827404433049415,0.3701498548938015,0.0007524184949182404,0.0,0.0,0.0,0.0001883087100100348,omni
-2.2312571134693413,11.753663884861163,1.765,0.0,0.0,0.011831158498987282,0.37006680685046106,0.0007516185509815642,0.0,0.0,0.0,0.0001877032968933483,unicycle
-2.2238548123222595,11.75376646571765,1.765,0.0,0.0,0.01183490857378157,0.3701498364945427,0.000749202061175367,0.0,0.0,0.0,0.00018750373971447318,omni
-2.216454172214831,11.753869038698838,1.765,0.0,0.0,0.011838646591946079,0.37006678847166485,0.000748405510408443,0.0,0.0,0.0,0.0001869009082253576,unicycle
-2.209051871444939,11.753971610870527,1.765,0.0,0.0,0.011842380635897307,0.3701498180886435,0.0007459993255244506,0.0,0.0,0.0,0.00018670219756135878,omni
-2.201651231713113,11.75407417510363,1.765,0.0,0.0,0.011846102674633851,0.3700667700881049,0.000745206153988172,0.0,0.0,0.0,0.00018610193682723394,unicycle
-2.1942489313198754,11.75417673862662,1.765,0.0,0.0,0.011849820756017827,0.370149799679866,0.0007428102306257354,0.0,0.0,0.0,0.0001859040691987682,omni
-2.1868482919630985,11.754279294148017,1.765,0.0,0.0,0.011853526883385642,0.3700667517029227,0.0007420204244302095,0.0,0.0,0.0,0.00018530636839073482,unicycle
-2.1794459919459372,11.75438184905827,1.765,0.0,0.0,0.011857229070192262,0.37014978127082837,0.0007396347193616791,0.0,0.0,0.0,0.00018510934033108138,omni
-2.1720453529636212,11.754484395904203,1.765,0.0,0.0,0.011860919353965537,0.3700667333183005,0.000738848264666076,0.0,0.0,0.0,0.00018451418866370395,unicycle
-2.1646430533219285,11.754586942237552,1.765,0.0,0.0,0.011864605713899908,0.3701497628633448,0.0007364727348360974,0.0,0.0,0.0,0.00018431799671866952,omni
-2.1572424147134606,11.754689480444132,1.765,0.0,0.0,0.011868280221568902,0.37006671493574694,0.0007356896178485224,0.0,0.0,0.0,0.0001837253834497632,unicycle
-2.1498401154466102,11.754792018236277,1.765,0.0,0.0,0.011871950822052448,0.3701497444586655,0.000733324220373485,0.0,0.0,0.0,0.00018353002417742214,omni
-2.142439477211365,11.754894547839477,1.765,0.0,0.0,0.011875609620824599,0.3700666965562988,0.0007325444273508839,0.0,0.0,0.0,0.00018293993860758563,unicycle
-2.1350371783187216,11.754997077125982,1.765,0.0,0.0,0.011879264528996167,0.37014972605764607,0.0007301891195183307,0.0,0.0,0.0,0.00018274540857833455,omni
-2.127636540456066,11.755099598161639,1.765,0.0,0.0,0.011882907685797188,0.37006667818066274,0.0007294126367662376,0.0,0.0,0.0,0.0001821578400511223,unicycle
-2.1202342419369895,11.755202118977934,1.765,0.0,0.0,0.01188654696851414,0.37014970766086674,0.000727067376034058,0.0,0.0,0.0,0.00018196413584753099,omni
-2.1128336044462883,11.755304631481756,1.765,0.0,0.0,0.011890174549989118,0.3700666598093161,0.000726294189906607,0.0,0.0,0.0,0.00018137907374892503,unicycle
-2.105431306300137,11.755407143863142,1.765,0.0,0.0,0.011893798273828434,0.3701496892687157,0.0007239589339027709,0.0,0.0,0.0,0.00018118619196578437,omni
-2.0980306691807566,11.7555096478707,1.765,0.0,0.0,0.011897410346342925,0.37006664144257534,0.0007231890308026017,0.0,0.0,0.0,0.00018060362572439438,unicycle
-2.090628371406892,11.755612151852336,1.765,0.0,0.0,0.011901018577602299,0.37014967088144785,0.0007208637373244041,0.0,0.0,0.0,0.00018041156296864108,omni
-2.083227734658199,11.755714647399062,1.765,0.0,0.0,0.011904615207243403,0.37006662308064675,0.000720097103702554,0.0,0.0,0.0,0.00017983148205527466,unicycle
-2.0758254372559857,11.755817143015985,1.765,0.0,0.0,0.01190820801194232,0.3701496524992259,0.0007177817307161366,0.0,0.0,0.0,0.00017964023494591383,omni
-2.0684248008773536,11.755919630137182,1.765,0.0,0.0,0.011911789264519787,0.37006660472365926,0.0007170183530721015,0.0,0.0,0.0,0.00017906262887352534,unicycle
-2.06102250384616,11.756022117424296,1.765,0.0,0.0,0.011915366708400621,0.37014963412214846,0.0007147128587120704,0.0,0.0,0.0,0.00017887219404177015,omni
-2.053621867836965,11.756124596155132,1.765,0.0,0.0,0.01191893264944793,0.3700665863716889,0.0007139527235937087,0.0,0.0,0.0,0.00017829705236551536,unicycle
-2.0462195711761666,11.7562270751472,1.765,0.0,0.0,0.011922494797977025,0.3701496157502702,0.0007116570661624521,0.0,0.0,0.0,0.00017810742645461361,omni
-2.0388189355357937,11.75632954552271,1.765,0.0,0.0,0.011926045492752453,0.37006656802477494,0.0007109001601658635,0.0,0.0,0.0,0.0001775347387713579,unicycle
-2.031416639244771,11.756432016254369,1.765,0.0,0.0,0.011929592411121185,0.3701495973836153,0.0007086142981330156,0.0,0.0,0.0,0.00017734591843661908,omni
-2.0240160039726103,11.756534478309455,1.765,0.0,0.0,0.011933127924608886,0.37006654968293157,0.0007078606079025554,0.0,0.0,0.0,0.00017677567438508684,unicycle
-2.016613708050751,11.756636940815211,1.765,0.0,0.0,0.011936659677734768,0.3701495790221872,0.0007055844999045825,0.0,0.0,0.0,0.00017658765629396204,omni
-2.009213073146197,11.75673939458464,1.765,0.0,0.0,0.011940180074645859,0.3700665313461559,0.0007048340121328528,0.0,0.0,0.0,0.00017601984555457926,unicycle
-2.0018107775928953,11.756841848898867,1.765,0.0,0.0,0.011943696727173589,0.3701495606659753,0.000702567616972532,0.0,0.0,0.0,0.00017583262638650607,omni
-1.9944101430553525,11.756944294417279,1.765,0.0,0.0,0.011947202071947209,0.3700665130144332,0.0007018203184002195,0.0,0.0,0.0,0.000175267238681067,unicycle
-1.9870078478700095,11.757046740574213,1.765,0.0,0.0,0.011950703688249761,0.37014954231495906,0.0006995635950459474,0.0,0.0,0.0,0.0001750808151274619,omni
-1.9796072136988878,11.757149177876105,1.765,0.0,0.0,0.011954194045054142,0.3700664946877406,0.0006988194724617839,0.0,0.0,0.0,0.00017451784021913053,unicycle
-1.9722049188809112,11.757251615909862,1.765,0.0,0.0,0.01195768068923381,0.3701495239691112,0.0006965723800471792,0.0,0.0,0.0,0.00017433220898341664,omni
-1.9648042850756273,11.757354045029608,1.765,0.0,0.0,0.011961156121967345,0.37006647636604983,0.0006958314202880509,0.0,0.0,0.0,0.00017377163667658057,unicycle
-1.9574019906244322,11.757456474974166,1.765,0.0,0.0,0.011964627857856833,0.37014950562840054,0.0006935939181116116,0.0,0.0,0.0,0.00017358679447428818,omni
-1.95000135718441,11.757558895946005,1.765,0.0,0.0,0.011968088430149125,0.3700664580493292,0.0006928561080623953,0.0,0.0,0.0,0.0001730286146146138,unicycle
-1.942599063099418,11.757661317835213,1.765,0.0,0.0,0.01197154532131259,0.3701494872927925,0.0006906281555867031,0.0,0.0,0.0,0.0001728445581732161,omni
-1.9351984300240879,11.75776373069325,1.765,0.0,0.0,0.011974991096525533,0.3700664397375447,0.0006898934821802296,0.0,0.0,0.0,0.00017228876064717414,unicycle
-1.9277961363047282,11.757866144560827,1.765,0.0,0.0,0.011978433206259655,0.37014946896225137,0.0006876750390316258,0.0,0.0,0.0,0.00017210548670617437,omni
-1.920395503593528,11.75796854933904,1.765,0.0,0.0,0.011981864247488483,0.37006642143066104,0.0006869434892486613,0.0,0.0,0.0,0.00017155206144127497,unicycle
-1.912993210239236,11.758070955218576,1.765,0.0,0.0,0.011985291638823526,0.3701494506367399,0.0006847345152166675,0.0,0.0,0.0,0.00017136956675214128,omni
-1.90559257789161,11.758173351950811,1.765,0.0,0.0,0.011988708008897855,0.37006640312864175,0.0006840060760858656,0.0,0.0,0.0,0.00017081850371650432,unicycle
-1.898190284901828,11.758275749875766,1.765,0.0,0.0,0.011992120744598708,0.3701494323162197,0.0006818065311227159,0.0,0.0,0.0,0.00017063678504258814,omni
-1.8907896529172274,11.758378138595733,1.765,0.0,0.0,0.011995522506083604,0.37006638483144955,0.0006810811897204579,0.0,0.0,0.0,0.00017008807424489223,unicycle
-1.8833873602914044,11.758480528599438,1.765,0.0,0.0,0.011998920648650836,0.3701494140006525,0.0006788910339403933,0.0,0.0,0.0,0.00016990712836146405,omni
-1.875986728669287,11.75858290934072,1.765,0.0,0.0,0.012002307863847851,0.37006636653904706,0.000678168777390816,0.0,0.0,0.0,0.00016936075985084733,unicycle
-1.868584436406879,11.758685291456375,1.765,0.0,0.0,0.012005691475518753,0.3701493956899993,0.0006759879710698136,0.0,0.0,0.0,0.00016918058354518331,omni
-1.8611838051467096,11.758787664252427,1.765,0.0,0.0,0.012009064206466979,0.3700663482513968,0.0006752687865447686,0.0,0.0,0.0,0.00016863654741125202,unicycle
-1.853781513247179,11.758890038513107,1.765,0.0,0.0,0.012012433349216626,0.3701493773842216,0.0006730972901199047,0.0,0.0,0.0,0.0001684571374825239,omni
-1.8463808823484285,11.75899240339725,1.765,0.0,0.0,0.012015791657693725,0.37006632996846117,0.0006723811648388462,0.0,0.0,0.0,0.00016791542385499264,unicycle
-1.8389785908112448,11.759094769835897,1.765,0.0,0.0,0.012019146393236013,0.3701493590832807,0.000670218938907772,0.0,0.0,0.0,0.00016773677711429144,omni
-1.8315779602733904,11.759197126841325,1.765,0.0,0.0,0.012022490340759273,0.3700663116902031,0.0006695058601376748,0.0,0.0,0.0,0.0001671973761630537,unicycle
-1.8241756690980286,11.759299485490752,1.765,0.0,0.0,0.012025830730547941,0.3701493407871382,0.0006673528654580726,0.0,0.0,0.0,0.00016701948943331708,omni
-1.8167750389205548,11.75940183465053,1.765,0.0,0.0,0.012029160378375306,0.37006629341658503,0.0006666428205134281,0.0,0.0,0.0,0.00016648239136810743,unicycle
-1.8093727481064974,11.759504185543426,1.765,0.0,0.0,0.012032486483604986,0.3701493224957556,0.0006644990180026032,0.0,0.0,0.0,0.0001663052614841235,omni
-1.8019721182888944,11.759606526890487,1.765,0.0,0.0,0.012035801892736078,0.37006627514757023,0.0006637919942453457,0.0,0.0,0.0,0.0001657704565545451,unicycle
-1.7945698278356297,11.759708870059411,1.765,0.0,0.0,0.012039113774343338,0.3701493042090951,0.0006616573449796277,0.0,0.0,0.0,0.0001655940803629908,omni
-1.7871691983773943,11.75981120362656,1.765,0.0,0.0,0.012042415005520507,0.37006625688312184,0.000660953329819106,0.0,0.0,0.0,0.00016506155885837558,unicycle
-1.779766908284417,11.759913539103946,1.765,0.0,0.0,0.012045712724184861,0.3701492859271186,0.0006588277950334398,0.0,0.0,0.0,0.00016488593321773177,omni
-1.7723662791850525,11.760015864923863,1.765,0.0,0.0,0.012048999837894198,0.3700662386232031,0.0006581267759263003,0.0,0.0,0.0,0.00016435568546691205,unicycle
-1.764963989451864,11.760118192742018,1.765,0.0,0.0,0.012052283454039147,0.3701492676497885,0.0006560103170135864,0.0,0.0,0.0,0.0001641808072474651,omni
-1.7575633607108798,11.76022051084725,1.765,0.0,0.0,0.012055556510511526,0.37006622036777786,0.000655312281463665,0.0,0.0,0.0,0.00016365282361873365,unicycle
-1.7501610713369873,11.760322831038351,1.765,0.0,0.0,0.012058826084305575,0.3701492493770676,0.0006532048599742688,0.0,0.0,0.0,0.00016347868970257632,omni
-1.7427604429538983,11.760425141461322,1.765,0.0,0.0,0.012062085143517646,0.37006620211681,0.0006525097955325214,0.0,0.0,0.0,0.00016295296060353054,unicycle
-1.735358153938815,11.760527454057424,1.765,0.0,0.0,0.012065340734875335,0.3701492311089187,0.0006504113731737417,0.0,0.0,0.0,0.00016277956788453412,omni
-1.7279575259131432,11.760629756830424,1.765,0.0,0.0,0.012068585856550573,0.3700661838702636,0.0006497192674381313,0.0,0.0,0.0,0.00016225608376194752,unicycle
-1.7205552372563888,11.760732061863449,1.765,0.0,0.0,0.012071827525133486,0.3701492128453047,0.0006476298060736269,0.0,0.0,0.0,0.00016208342914568333,omni
-1.7131546095876615,11.760834357018643,1.765,0.0,0.0,0.012075058768743192,0.37006616562810274,0.0006469406466891,0.0,0.0,0.0,0.0001615621804852825,unicycle
-1.7057523212887613,11.760936654520398,1.765,0.0,0.0,0.012078286573960973,0.37014919458618895,0.0006448601083384837,0.0,0.0,0.0,0.0001613902608891153,omni
-1.6983516939765122,11.761038942089831,1.765,0.0,0.0,0.012081503998725289,0.3700661473902922,0.0006441738829970116,0.0,0.0,0.0,0.00016087123821568016,unicycle
-1.6909494060349979,11.761141232091985,1.765,0.0,0.0,0.012084717999736662,0.37014917633153527,0.0006421022298354442,0.0,0.0,0.0,0.00016070005056872792,omni
-1.6835487790787664,11.761243512107567,1.765,0.0,0.0,0.012087921664625577,0.37006612915679704,0.0006414189262757585,0.0,0.0,0.0,0.00016018324444578945,unicycle
-1.6761464914941753,11.761345794641676,1.765,0.0,0.0,0.012091121920339351,0.37014915808130777,0.000639356120633071,0.0,0.0,0.0,0.00016001278568881225,omni
-1.668745864893507,11.761448067135195,1.765,0.0,0.0,0.012094311884073724,0.3700661109275825,0.0006386757266406303,0.0,0.0,0.0,0.00015949818671848662,unicycle
-1.6613435772020126,11.761550342238285,1.765,0.0,0.0,0.012097498452939665,0.37014916300565137,0.0006366217310010944,0.0,0.0,0.0,0.00015932844329705266,omni
-1.6539429494715103,11.761652607259826,1.765,0.0,0.0,0.01210067477345887,0.37006616695571515,0.0006359442573791311,0.0,0.0,0.0,0.00015881602596029266,unicycle
-1.6465406597223213,11.761754874987972,1.765,0.0,0.0,0.012103847713361,0.3701492654592164,0.0006338990697107106,0.0,0.0,0.0,0.00015864699510654022,omni
-1.6391400293679115,11.761857132588315,1.765,0.0,0.0,0.012107010448568298,0.3700662976757554,0.0006332245037996994,0.0,0.0,0.0,0.00015813676036493924,unicycle
-1.6317377366973314,11.761959392983865,1.765,0.0,0.0,0.012110169817500436,0.3701494110832813,0.0006311880644866131,0.0,0.0,0.0,0.000157968446606852,omni
-1.6243371033135134,11.762061643199731,1.765,0.0,0.0,0.012113319025313027,0.37006644865487726,0.0006305163778748512,0.0,0.0,0.0,0.00015746039062939046,unicycle
-1.6169348076424215,11.76216389629487,1.765,0.0,0.0,0.012116464881209247,0.3701495606460687,0.0006284886381658821,0.0,0.0,0.0,0.0001572927948110461,omni
-1.6095341713763005,11.762266139155772,1.765,0.0,0.0,0.012119600619429204,0.37006659226073335,0.0006278198106861744,0.0,0.0,0.0,0.00015678691099774947,unicycle
-1.602131873002552,11.76236838497772,1.765,0.0,0.0,0.012122733020066315,0.3701496952974846,0.0006258007282097133,0.0,0.0,0.0,0.0001566200318555404,omni
-1.5947312342464732,11.762470620509887,1.765,0.0,0.0,0.01212585534630752,0.370066716230596,0.0006251347444143627,0.0,0.0,0.0,0.00015611631206023394,unicycle
-1.5873289336154726,11.762572859083834,1.765,0.0,0.0,0.012128974349250908,0.37014980765972855,0.0006231242804185823,0.0,0.0,0.0,0.00015595014716951122,omni
-1.579928292837912,11.76267508731239,1.765,0.0,0.0,0.012132083320899488,0.37006681675783326,0.0006224611274354445,0.0,0.0,0.0,0.00015544858242892739,unicycle
-1.5725259904199325,11.762777318663074,1.765,0.0,0.0,0.012135188983474756,0.37014989648944874,0.0006204592451310846,0.0,0.0,0.0,0.00015528312876345293,omni
-1.5651253480783318,11.762879539613143,1.765,0.0,0.0,0.012138284657669227,0.3700668943944243,0.0006197989113949329,0.0,0.0,0.0,0.00015478370972356467,unicycle
-1.5577230443083172,11.762981763765621,1.765,0.0,0.0,0.012141377036948809,0.37014996355353513,0.0006178055749906824,0.0,0.0,0.0,0.00015461896397900917,omni
-1.55032240080918,11.76308397746285,1.765,0.0,0.0,0.012144459470571573,0.37006695168773696,0.0006171480495189084,0.0,0.0,0.0,0.00015412168113815484,unicycle
-1.542920096061953,11.76318619444282,1.765,0.0,0.0,0.012147538623369838,0.3701500118585161,0.0006151632236828601,0.0,0.0,0.0,0.00015395763991328502,omni
-1.5355194517471609,11.763288400913549,1.765,0.0,0.0,0.012150607873044946,0.37006699186934355,0.0006145084956826446,0.0,0.0,0.0,0.00015346248375525438,unicycle
-1.5281171463317673,11.76339061074742,1.765,0.0,0.0,0.012153673855917915,0.3701500446936952,0.0006125321452602481,0.0,0.0,0.0,0.00015329914364854737,omni
-1.5207165014786008,11.763492810018686,1.765,0.0,0.0,0.012156729978012136,0.3700670181697958,0.0006118802039320995,0.0,0.0,0.0,0.00015280610471105597,unicycle
-1.5133141956422234,11.763595012733528,1.765,0.0,0.0,0.012159782847259501,0.37015006515272997,0.0006099122938133363,0.0,0.0,0.0,0.0001526434623681742,omni
-1.5059135504698276,11.763697204832987,1.765,0.0,0.0,0.012162825897884985,0.37006703349635617,0.0006092631282670456,0.0,0.0,0.0,0.00015215253127426543,unicycle
-1.4985112444058084,11.763799400456435,1.765,0.0,0.0,0.012165865709553138,0.37015007592810484,0.0006073036233373889,0.0,0.0,0.0,0.00015199058340759975,omni
-1.4911105990840428,11.763901585412235,1.765,0.0,0.0,0.012168895744570663,0.37006704031368814,0.0006066572225690756,0.0,0.0,0.0,0.0001515017508762382,unicycle
-1.483708292941038,11.764003773972366,1.765,0.0,0.0,0.012171922554456044,0.370150079254525,0.0006047060877041903,0.0,0.0,0.0,0.00015134049426909562,omni
-1.4763076475995667,11.764105951813052,1.765,0.0,0.0,0.012174939629478338,0.37006704063195156,0.0006040624406041645,0.0,0.0,0.0,0.00015085375111462492,unicycle
-1.4689053414903184,11.76420813333828,1.765,0.0,0.0,0.012177953493130698,0.370150076928028,0.0006021196406856407,0.0,0.0,0.0,0.00015069318261807155,omni
-1.4615046962269036,11.764310304092678,1.765,0.0,0.0,0.012180957663525602,0.3700670360466166,0.0006014787360593982,0.0,0.0,0.0,0.00015020851974510046,unicycle
-1.454102390235957,11.76441247861165,1.765,0.0,0.0,0.012183958636251027,0.370150070358808,0.0005995442359978775,0.0,0.0,0.0,0.00015004863627130768,omni
-1.4467017451235482,11.764514642308772,1.765,0.0,0.0,0.012186949957144365,0.3700670277986327,0.0005989060625907327,0.0,0.0,0.0,0.00014956604466701248,unicycle
-1.4392994393137,11.764616809850292,1.765,0.0,0.0,0.012189938094007993,0.3701500606346225,0.0005969798273499983,0.0,0.0,0.0,0.0001494068431814613,omni
-1.4318987944062487,11.764718966519274,1.765,0.0,0.0,0.012192916620286149,0.3700670168381598,0.0005963443738708106,0.0,0.0,0.0,0.00014892631390774595,unicycle
-1.4244964888237537,11.764821127112233,1.765,0.0,0.0,0.012195891976114584,0.37015004858284084,0.0005944263684897308,0.0,0.0,0.0,0.00014876779142170848,omni
-1.4170958441608492,11.764923276782268,1.765,0.0,0.0,0.01219885776242674,0.37006700388360714,0.0005937936236312936,0.0,0.0,0.0,0.00014828931560793238,unicycle
-1.4096935388395226,11.765025430455596,1.765,0.0,0.0,0.012201820391810178,0.37015003482565384,0.000591883813241768,0.0,0.0,0.0,0.00014813146917192204,omni
-1.4022928944500077,11.765127573155892,1.765,0.0,0.0,0.012204773492570355,0.3700669894725668,0.0005912537656974281,0.0,0.0,0.0,0.0001476550380088263,unicycle
-1.3948905894144012,11.765229719938512,1.765,0.0,0.0,0.01220772344986449,0.3701500198265508,0.0005893521155388212,0.0,0.0,0.0,0.0001474978647066842,omni
-1.387489945319147,11.765331855698259,1.765,0.0,0.0,0.0122106639192533,0.37006697400384325,0.0005887247540154622,0.0,0.0,0.0,0.00014702346944061608,unicycle
-1.3800876405869662,11.765433995619068,1.765,0.0,0.0,0.012213601258581,0.3701500039280422,0.0005868312294454567,0.0,0.0,0.0,0.00014686696638481776,omni
-1.3726869968009756,11.76553612446741,1.765,0.0,0.0,0.012216529150547275,0.37006695777109444,0.0005862065426732393,0.0,0.0,0.0,0.00014639459831369226,unicycle
-1.3652846923849036,11.765638257555244,1.765,0.0,0.0,0.012219453925800105,0.3701499873814952,0.0005843211091757895,0.0,0.0,0.0,0.00014623876264143777,omni
-1.3578840489188868,11.765740379521253,1.765,0.0,0.0,0.012222369294062322,0.3700669409891652,0.0005836990859151379,0.0,0.0,0.0,0.00014576841311088464,unicycle
-1.3504817448279431,11.765842505804875,1.765,0.0,0.0,0.012225281558901938,0.37014997037027764,0.0005818217091058722,0.0,0.0,0.0,0.0001456132419809811,omni
-1.3430811016894886,11.765944620917553,1.765,0.0,0.0,0.012228184456949577,0.3700669238143512,0.0005812023381526037,0.0,0.0,0.0,0.0001451449023816256,unicycle
-1.3356787979300366,11.766046740425649,1.765,0.0,0.0,0.012231084264809016,0.37014995302744086,0.0005793329837828765,0.0,0.0,0.0,0.00014499039297201529,omni
-1.328278155124475,11.766148848713899,1.765,0.0,0.0,0.012233974745903759,0.37006690635978295,0.0005787162539717276,0.0,0.0,0.0,0.00014452405473708627,unicycle
-1.3208758517009604,11.76625096147505,1.765,0.0,0.0,0.01223686214998862,0.3701499354490666,0.0005768548879309859,0.0,0.0,0.0,0.00014437020424301177,omni
-1.3134752092319957,11.766353062967683,1.765,0.0,0.0,0.012239740267165558,0.37006688870697624,0.0005762407881378502,0.0,0.0,0.0,0.00014390585884674898,unicycle
-1.3060729061474865,11.766455169010385,1.765,0.0,0.0,0.01224261532045514,0.3701499177042404,0.0005743873764550206,0.0,0.0,0.0,0.0001437526644792573,omni
-1.2986722640176567,11.766557263736107,1.765,0.0,0.0,0.012245481126523848,0.3700668709144256,0.0005737758955985056,0.0,0.0,0.0,0.00014329030343536865,unicycle
-1.2912699612742358,11.76665936308874,1.765,0.0,0.0,0.012248343881772249,0.3701498998424408,0.0005719304044429122,0.0,0.0,0.0,0.00014313776242013874,omni
-1.283869319485247,11.766761451076148,1.765,0.0,0.0,0.012251197429317866,0.3700668530239469,0.0005713215314851584,0.0,0.0,0.0,0.0001426773772807351,unicycle
-1.2764670170842944,11.766863543766993,1.765,0.0,0.0,0.012254047939055008,0.3701498818989755,0.0005694839271665805,0.0,0.0,0.0,0.00014252548685708547,omni
-1.269066375637261,11.76696562504458,1.765,0.0,0.0,0.012256889280439238,0.3700668350653286,0.0005688776511137848,0.0,0.0,0.0,0.00014206706921161198,unicycle
-1.2616640735796592,11.767067711101802,1.765,0.0,0.0,0.012259727596971876,0.3701498638989545,0.000567047900082579,0.0,0.0,0.0,0.00014191582663193976,omni
-1.2542634324752757,11.767169785697945,1.765,0.0,0.0,0.012262556784334014,0.37006681705972166,0.0005664442099851187,0.0,0.0,0.0,0.0001414593681067795,unicycle
-1.2468611307615542,11.767271865149603,1.765,0.0,0.0,0.012265382959746733,0.370149845860178,0.0005646222788316835,0.0,0.0,0.0,0.0001413087706359608,omni
-1.2394604900002204,11.767373933092571,1.765,0.0,0.0,0.012268200045004606,0.37006679902209627,0.0005640211637842633,0.0,0.0,0.0,0.00014085426289357598,unicycle
-1.2320581886306614,11.767476005966614,1.765,0.0,0.0,0.012271014131160777,0.3701498277952257,0.00056220701923894,0.0,0.0,0.0,0.00014070430780856825,omni
-1.224657548212569,11.767578067284559,1.765,0.0,0.0,0.01227381916601172,0.3700667809630172,0.0005616084683804442,0.0,0.0,0.0,0.00014025174254723711,unicycle
-1.217255247187281,11.76768013360882,1.765,0.0,0.0,0.01227662121455445,0.3701498097129623,0.0005598020773126986,0.0,0.0,0.0,0.00014010242713675096,omni
-1.209854607112477,11.767782188329782,1.765,0.0,0.0,0.012279414250476253,0.3700667628899187,0.0005592060798260429,0.0,0.0,0.0,0.00013965179609005284,unicycle
-1.202452306431448,11.767884248131985,1.765,0.0,0.0,0.012282204312829339,0.37014979161961614,0.0005574074092440863,0.0,0.0,0.0,0.0001395031176542384,omni
-1.1950516666998785,11.767986296283897,1.765,0.0,0.0,0.012284985401081154,0.3700667448080159,0.0005568139543560428,0.0,0.0,0.0,0.0001390544125907172,unicycle
-1.1876493663630125,11.768088349591652,1.765,0.0,0.0,0.012287763528449975,0.3701497735195493,0.0005550229714061476,0.0,0.0,0.0,0.00013890636844112245,omni
-1.1802487269745543,11.768190391202323,1.765,0.0,0.0,0.01229053272007326,0.3700667267209563,0.0005544320483870902,0.0,0.0,0.0,0.00013845958116426223,unicycle
-1.1728464269816978,11.768292438043128,1.765,0.0,0.0,0.012293298963445729,0.370149755415808,0.00055264872035297,0.0,0.0,0.0,0.0001383121686234618,omni
-1.1654457879361806,11.768394473140264,1.765,0.0,0.0,0.012296056309265148,0.37006670863128305,0.0005520603185167077,0.0,0.0,0.0,0.00013786729097096728,unicycle
-1.158043488287142,11.768496513541505,1.765,0.0,0.0,0.0122988107194126,0.3701497373105121,0.0005502846128189979,0.0,0.0,0.0,0.0001377205073725852,omni
-1.1506428495843637,11.768598542152692,1.765,0.0,0.0,0.012301556270036932,0.3700666905407629,0.0005496987215225793,0.0,0.0,0.0,0.00013727753121669237,unicycle
-1.1432405502789251,11.768700576141647,1.765,0.0,0.0,0.012304298897515038,0.3701497192051312,0.0005479306057182133,0.0,0.0,0.0,0.000137131373905288,omni
-1.135839911918663,11.76880259829436,1.765,0.0,0.0,0.012307032703338081,0.3700666724506183,0.000547347214361729,0.0,0.0,0.0,0.00013669029115223995,unicycle
-1.1284376129565898,11.768904625898193,1.765,0.0,0.0,0.012309763598487745,0.3701497011006797,0.0005455866561433797,0.0,0.0,0.0,0.00013654475748315907,omni
-1.1210369749386075,11.7690066416198,1.765,0.0,0.0,0.012312485709689208,0.37006665436169145,0.0005450057541697142,0.0,0.0,0.0,0.00013610556007313557,unicycle
-1.1136346763196547,11.76910866286556,1.765,0.0,0.0,0.012315204922637461,0.37014968299785406,0.0005432527213651186,0.0,0.0,0.0,0.00013596064741248432,omni
-1.1062340386437082,11.76921067218331,1.765,0.0,0.0,0.012317915389183845,0.370066636274558,0.0005426742982597514,0.0,0.0,0.0,0.00013552332731944647,unicycle
-1.0988317403676247,11.769312687097944,1.765,0.0,0.0,0.012320622969844725,0.370149664897128,0.0005409287588311863,0.0,0.0,0.0,0.00013537903304395758,omni
-1.0914311030334645,11.769414690038978,1.765,0.0,0.0,0.012323321841490235,0.37006661818960856,0.0005403528041221105,0.0,0.0,0.0,0.00013494358227537912,unicycle
-1.0840288050999962,11.769516698649314,1.765,0.0,0.0,0.012326017839565684,0.37014964679882145,0.0005386147261659594,0.0,0.0,0.0,0.00013479990377237558,omni
-1.0766281681073717,11.76961869524066,1.765,0.0,0.0,0.012328705165853068,0.3700666001071057,0.0005380412294234183,0.0,0.0,0.0,0.0001343663143691936,unicycle
-1.0692258705162636,11.769720697573419,1.765,0.0,0.0,0.0123313896308338,0.37014962870314744,0.0005363105811694058,0.0,0.0,0.0,0.000134223249036651,omni
-1.0618252338649243,11.769822687841993,1.765,0.0,0.0,0.012334065461095266,0.3700665820272221,0.0005357395320057877,0.0,0.0,0.0,0.00013379151307323642,unicycle
-1.054422936615922,11.769924683923792,1.765,0.0,0.0,0.012336738442261658,0.3701496106102442,0.0005340162818166605,0.0,0.0,0.0,0.00013364905831969085,omni
-1.047022300305618,11.770026667896405,1.765,0.0,0.0,0.012339402825619732,0.37006656395006926,0.000533447669886424,0.0,0.0,0.0,0.00013321916790356915,unicycle
-1.0396200033984688,11.770128657753741,1.765,0.0,0.0,0.012342064372042692,0.3701495925201992,0.0005317317862574115,0.0,0.0,0.0,0.0001330773211480268,omni
-1.0322193674289526,11.770230635457086,1.765,0.0,0.0,0.012344717357411085,0.37006654587571586,0.0005311656012567871,0.0,0.0,0.0,0.00013264926841975342,unicycle
-1.0248170708634057,11.770332619116353,1.765,0.0,0.0,0.012347367517952918,0.3701495744330643,0.000529457052814853,0.0,0.0,0.0,0.00013250802709158,omni
-1.0174164352344313,11.770434590577022,1.765,0.0,0.0,0.012350009154037406,0.3700665278042014,0.0005288932844817859,0.0,0.0,0.0,0.0001320818042244925,unicycle
-1.0100141390102384,11.770536568064507,1.765,0.0,0.0,0.01235264797735268,0.3701495563488675,0.0005271920399853812,0.0,0.0,0.0,0.00013194116576357854,omni
-1.0026135037215635,11.770638533308974,1.765,0.0,0.0,0.012355278312651957,0.37006650973554545,0.0005266306780994021,0.0,0.0,0.0,0.00013151676496404846,unicycle
-0.99521120783848,11.770740504650853,1.765,0.0,0.0,0.012357905847188369,0.3701495382676197,0.0005249367064378042,0.0,0.0,0.0,0.00013137672682057334,omni
-0.9878105728898654,11.770842463705486,1.765,0.0,0.0,0.012360524929994916,0.3700664916697534,0.0005243777408198255,0.0,0.0,0.0,0.00013095414032733712,unicycle
-0.9804082773476492,11.770944428927832,1.765,0.0,0.0,0.012363141223994156,0.3701495201893207,0.0005226910110126173,0.0,0.0,0.0,0.0001308146999618755,omni
-0.9730076427388583,11.771046381818895,1.765,0.0,0.0,0.012365749102395083,0.3700664736068216,0.0005221344315248122,0.0,0.0,0.0,0.00013039392004645273,unicycle
-0.965605347537271,11.771148340947665,1.765,0.0,0.0,0.01236835420389368,0.3701495021139624,0.0005204549127214039,0.0,0.0,0.0,0.00013025507492981096,omni
-0.9582047132680708,11.771250287701308,1.765,0.0,0.0,0.012370950925771597,0.3700664555467396,0.0005199007092670403,0.0,0.0,0.0,0.00012983609389584727,unicycle
-0.9508024184068771,11.771352240762356,1.765,0.0,0.0,0.012373544882601778,0.3701494840415314,0.0005182283707461016,0.0,0.0,0.0,0.0001296978415091021,omni
-0.9434017844770379,11.771454181404623,1.765,0.0,0.0,0.012376130495635632,0.370066437489493,0.0005176765332694397,0.0,0.0,0.0,0.00012928065169267675,unicycle
-0.935999489956006,11.771556128423699,1.765,0.0,0.0,0.012378713355426178,0.37014946597201104,0.0005160113444384837,0.0,0.0,0.0,0.0001291429895271589,omni
-0.9285988563653016,11.771658062980526,1.765,0.0,0.0,0.012381287907092106,0.37006641943506463,0.0005154618629247024,0.0,0.0,0.0,0.00012872758329642288,unicycle
-0.9211965621842029,11.771760003983271,1.765,0.0,0.0,0.012383859717269182,0.3701494479053824,0.0005138037933196258,0.0,0.0,0.0,0.00012859050885375702,omni
-0.9137959289324102,11.77186193248049,1.765,0.0,0.0,0.012386423254841362,0.37006640138343533,0.0005132566577946151,0.0,0.0,0.0,0.00012817687860906417,unicycle
-0.9063936350910197,11.77196386749244,1.765,0.0,0.0,0.012388984062629378,0.3701494298416249,0.0005116056770790588,0.0,0.0,0.0,0.00012804038940093928,omni
-0.8989930021779193,11.77206578995577,1.765,0.0,0.0,0.012391536633180864,0.37006638333458464,0.0005110608776092459,0.0,0.0,0.0,0.0001276285275742638,unicycle
-0.8915907086760153,11.772167719002354,1.765,0.0,0.0,0.012394086485603315,0.37014941178071686,0.0005094169555741204,0.0,0.0,0.0,0.0001274926211224376,omni
-0.8841900761013911,11.772269635457413,1.765,0.0,0.0,0.012396628136006867,0.37006636528849124,0.0005088744822664196,0.0,0.0,0.0,0.00012708252017758621,unicycle
-0.8767877829387553,11.772371558563956,1.765,0.0,0.0,0.012399167079887145,0.370149393722636,0.0005072375888295239,0.0,0.0,0.0,0.00012694719401397657,omni
-0.8693871507023944,11.772473469036255,1.765,0.0,0.0,0.012401697856816074,0.37006634724513343,0.0005066974318312177,0.0,0.0,0.0,0.00012653884644645306,unicycle
-0.8619848578788117,11.77257538622798,1.765,0.0,0.0,0.012404225938778334,0.37014937566736,0.0005050675370366956,0.0,0.0,0.0,0.00012640409811307668,omni
-0.8545842259805047,11.772677290742921,1.765,0.0,0.0,0.012406745888707332,0.3700663292044894,0.000504529686535187,0.0,0.0,0.0,0.00012599749644992157,unicycle
-0.8471819334957637,11.772779202044942,1.765,0.0,0.0,0.012409263155177309,0.370149357614866,0.0005029067605528876,0.0,0.0,0.0,0.0001258633234988676,omni
-0.839781301935304,11.772881100627826,1.765,0.0,0.0,0.012411772324383282,0.37006631116653693,0.0005023712067756293,0.0,0.0,0.0,0.00012545846029856804,unicycle
-0.832379009789196,11.772983006065157,1.765,0.0,0.0,0.012414278821589115,0.37014933956513124,0.0005007552199007995,0.0,0.0,0.0,0.0001253248602917552,omni
-0.8249783785663807,11.77308489874118,1.765,0.0,0.0,0.012416777256151989,0.3700662931312539,0.0005002219531151746,0.0,0.0,0.0,0.00012492172814377927,unicycle
-0.8175760867587009,11.773186798338726,1.765,0.0,0.0,0.01241927303012505,0.37014932151813285,0.0004986128757678781,0.0,0.0,0.0,0.00012478869865315012,omni
-0.8101754558733302,11.773288685132977,1.765,0.0,0.0,0.01242176077592862,0.3700662750986181,0.0004980818862809918,0.0,0.0,0.0,0.00012438729017838338,unicycle
-0.8027731644038764,11.773390578915544,1.765,0.0,0.0,0.012424245872504337,0.37014930347384806,0.000496479689005559,0.0,0.0,0.0,0.00012425482878583864,omni
-0.7953725338557537,11.773492459853008,1.765,0.0,0.0,0.012426722975237057,0.3700662570686077,0.0004959509671641756,0.0,0.0,0.0,0.00012385513663607298,unicycle
-0.7879702427243273,11.773594347845302,1.765,0.0,0.0,0.012429197440055726,0.37014928543225456,0.0004943556206288613,0.0,0.0,0.0,0.00012372324093340794,omni
-0.7805696125132592,11.773696222950864,1.765,0.0,0.0,0.012431663945211554,0.3700662390412011,0.0004938291568192947,0.0,0.0,0.0,0.00012332525779140858,unicycle
-0.7731673217196646,11.773798105177478,1.765,0.0,0.0,0.012434127823719157,0.37014926739333015,0.0004922406318157394,0.0,0.0,0.0,0.00012319392538025345,omni
-0.7657666918454608,11.773899974475915,1.765,0.0,0.0,0.012436583776598347,0.37006622101637665,0.0004917164164635922,0.0,0.0,0.0,0.00012279764395948264,unicycle
-0.7583644013895054,11.774001850961351,1.765,0.0,0.0,0.012439037114047372,0.37014924935705235,0.0004901346839061723,0.0,0.0,0.0,0.00012266687245129915,omni
-0.7509637718519785,11.774103714477341,1.765,0.0,0.0,0.012441482559757291,0.3700662029941126,0.0004896127074763807,0.0,0.0,0.0,0.0001222722854959353,unicycle
-0.7435614817334731,11.774205585245992,1.765,0.0,0.0,0.012443925401207532,0.370149231323399,0.0004880377384020983,0.0,0.0,0.0,0.00012214207251205926,omni
-0.7361608525324388,11.774307443004107,1.765,0.0,0.0,0.01244636038466347,0.37006618497438754,0.00048751799139867233,0.0,0.0,0.0,0.00012174917279690743,unicycle
-0.7287585627511971,11.77440930808027,1.765,0.0,0.0,0.012448792774982837,0.37014921329234823,0.0004859497569662517,0.0,0.0,0.0,0.00012161951596831586,omni
-0.7213579338864744,11.774511160104979,1.765,0.0,0.0,0.012451217340908802,0.3700661669571804,0.0004854322299321953,0.0,0.0,0.0,0.00012122829629836112,unicycle
-0.713955644442313,11.774613019512843,1.765,0.0,0.0,0.012453639324774116,0.37014919526387824,0.0004838707014219392,0.0,0.0,0.0,0.00012109919326570112,omni
-0.7065550159137235,11.77471486582852,1.765,0.0,0.0,0.012456053517703642,0.37006614894247,0.0004833553849391613,0.0,0.0,0.0,0.00012070964647628255,unicycle
-0.6991527268064621,11.774816719592181,1.765,0.0,0.0,0.012458465139601443,0.37014917723796736,0.0004818005337523347,0.0,0.0,0.0,0.000120581094890039,omni
-0.6917520986138307,11.77491856022309,1.765,0.0,0.0,0.01246086900387838,0.3700661309302355,0.0004812874184414168,0.0,0.0,0.0,0.0001201932138468612,unicycle
-0.684349809843292,11.775020408366542,1.765,0.0,0.0,0.012463270308105723,0.37014915921459435,0.00047973921609969827,0.0,0.0,0.0,0.00012006521136720157,omni
-0.6769491819864463,11.775122243336854,1.765,0.0,0.0,0.012465663887885043,0.37006611292045616,0.00047922829261980783,0.0,0.0,0.0,0.00011967898896594724,unicycle
-0.6695468935524557,11.775224085883984,1.765,0.0,0.0,0.012468054918550296,0.3701491411937378,0.0004776867107649267,0.0,0.0,0.0,0.00011955153326259286,omni
-0.6621462660312263,11.775325915217765,1.765,0.0,0.0,0.012470438257798873,0.3700660949131116,0.000477177969813613,0.0,0.0,0.0,0.00011916696242881923,unicycle
-0.6547439779336124,11.775427752192371,1.765,0.0,0.0,0.012472819058822493,0.3701491231753769,0.00047564298020669573,0.0,0.0,0.0,0.00011904005118111844,omni
-0.6473433504389243,11.775529575917782,1.765,0.0,0.0,0.0124751922013199,0.3700660923550162,0.0004751364296810192,0.0,0.0,0.0,0.00011865712487029328,unicycle
-0.639941061430136,11.77563140735999,1.765,0.0,0.0,0.012477562816278907,0.3701491675340132,0.0004736080305965075,0.0,0.0,0.0,0.00011853074795037386,omni
-0.6325404320082508,11.77573322552614,1.765,0.0,0.0,0.012479925805221413,0.37006618748619374,0.000473103660837331,0.0,0.0,0.0,0.00011814944712528317,unicycle
-0.6251381404444124,11.775835051480597,1.765,0.0,0.0,0.012482286277270032,0.370149294087326,0.00047158180748632037,0.0,0.0,0.0,0.00011802360243093641,omni
-0.6177375081218406,11.775936864123699,1.765,0.0,0.0,0.012484639155825152,0.3700663312901479,0.0004710795970347313,0.0,0.0,0.0,0.00011764392775611057,unicycle
-0.6103352135183775,11.776038684620067,1.765,0.0,0.0,0.012486989528197429,0.370149444865613,0.0004695642527243782,0.0,0.0,0.0,0.0001175186186138364,omni
-0.6029345781603815,11.776140491765476,1.765,0.0,0.0,0.012489332339541212,0.3700664818259546,0.0004690641862968818,0.0,0.0,0.0,0.00011714056718926553,unicycle
-0.5955322806265281,11.776242306825713,1.765,0.0,0.0,0.012491672655424923,0.3701495901761214,0.00046755531913946516,0.0,0.0,0.0,0.00011701579418557062,omni
-0.5881316425064177,11.776344108493443,1.765,0.0,0.0,0.012494005442645966,0.37006661868969554,0.0004670573850215767,0.0,0.0,0.0,0.0001166393610520441,unicycle
-0.5807293424198406,11.776445918135968,1.765,0.0,0.0,0.01249633574511009,0.37014971659622015,0.00046555496587800054,0.0,0.0,0.0,0.00011651512320630358,omni
-0.5733287019755707,11.776547714343845,1.765,0.0,0.0,0.0124986585511552,0.37006673364854165,0.0004650591543167349,0.0,0.0,0.0,0.00011614030225552764,unicycle
-0.5659263998024718,11.77664951858585,1.765,0.0,0.0,0.012500978883109684,0.3701498196989251,0.0004635631555459925,0.0,0.0,0.0,0.00011601659772411851,omni
-0.5585257575056808,11.776751309351171,1.765,0.0,0.0,0.012503291750754496,0.37006682501830496,0.00046306945778737033,0.0,0.0,0.0,0.00011564338224066881,unicycle
-0.551123453707316,11.77685310820983,1.765,0.0,0.0,0.01250560215492916,0.37014989973168794,0.00046157985251055195,0.0,0.0,0.0,0.0001155202087331416,omni
-0.5437228099983481,11.776954893550206,1.765,0.0,0.0,0.012507905126763396,0.3700668943639506,0.0004610882602452665,0.0,0.0,0.0,0.00011514859171186024,unicycle
-0.5363205049875421,11.777056687043224,1.765,0.0,0.0,0.012510205645698033,0.3701499591163624,0.0004596050219320303,0.0,0.0,0.0,0.00011502594673177633,omni
-0.5289198602480051,11.777158466976932,1.765,0.0,0.0,0.012512498764119204,0.37006694462265904,0.0004591155269928201,0.0,0.0,0.0,0.00011465592105876485,unicycle
-0.521517554373534,11.777260255122744,1.765,0.0,0.0,0.012514789440159973,0.3701500010557684,0.00045763862924332304,0.0,0.0,0.0,0.00011453380203843858,omni
-0.514116908919258,11.777362029668813,1.765,0.0,0.0,0.01251707274737177,0.3700669790836884,0.0004571512234531144,0.0,0.0,0.0,0.00011416536058990757,unicycle
-0.5067146024649017,11.777463812486602,1.765,0.0,0.0,0.012519353622671016,0.37015002880010167,0.00045568063989541696,0.0,0.0,0.0,0.00011404376496224689,omni
-0.4993139565491999,11.777565581664767,1.765,0.0,0.0,0.012521627160684124,0.37006700087326116,0.00045519531500269204,0.0,0.0,0.0,0.0001136769006554927,unicycle
-0.49191164973979107,11.777667359174373,1.765,0.0,0.0,0.012523898277201906,0.3701500452970759,0.00045373101925535824,0.0,0.0,0.0,0.00011355582588911456,omni
-0.4845110035612406,11.77776912300499,1.765,0.0,0.0,0.012526162087836018,0.3700670127285155,0.0004532477669171217,0.0,0.0,0.0,0.00011319053170554071,unicycle
-0.47710869657140087,11.777870895226812,1.765,0.0,0.0,0.012528423487342408,0.37015005305755355,0.00045178973258594267,0.0,0.0,0.0,0.00011306997531940531,omni
-0.4697080502829731,11.77797265373071,1.765,0.0,0.0,0.01253067761222866,0.3700670169300369,0.0004513085443746009,0.0,0.0,0.0,0.00011270624431275067,unicycle
-0.46230574324624063,11.778074420685574,1.765,0.0,0.0,0.012532929336306247,0.3701500541359825,0.0004498567450655252,0.0,0.0,0.0,0.00011258620387926748,omni
-0.45490509696415365,11.77817617388397,1.765,0.0,0.0,0.012535173816889747,0.37006701531573816,0.0004493776124863219,0.0,0.0,0.0,0.00011222402917497271,unicycle
-0.44750278998138276,11.778277935593028,1.765,0.0,0.0,0.012537415906936099,0.37015005016679875,0.000447932021824748,0.0,0.0,0.0,0.00011210450231760304,omni
-0.44010214379293916,11.77837968350741,1.765,0.0,0.0,0.012539650784478279,0.3700670093316208,0.00044745493633591355,0.0,0.0,0.0,0.0001117438771090652,unicycle
-0.43269983693951797,11.778481439992047,1.765,0.0,0.0,0.012541883281708228,0.37015004242351984,0.0004460155279861759,0.0,0.0,0.0,0.00011162486149740007,omni
-0.4252991909096817,11.778583182644095,1.765,0.0,0.0,0.012544108597289032,0.3700670000948182,0.00044554048101805706,0.0,0.0,0.0,0.00011126577904024835,unicycle
-0.41789688424147275,11.778684933925849,1.765,0.0,0.0,0.012546331542736714,0.3701500318826117,0.0004441072287010877,0.0,0.0,0.0,0.00011114727238412472,omni
-0.4104962384181953,11.778786671337363,1.765,0.0,0.0,0.012548547337256515,0.3700669884561164,0.0004436342116726259,0.0,0.0,0.0,0.00011078972599025181,unicycle
-0.40309393197628146,11.778888417437871,1.765,0.0,0.0,0.012550760771777202,0.3701500192832165,0.00044220708918051287,0.0,0.0,0.0,0.00011067172603431268,omni
-0.3956932863947082,11.778990149630722,1.765,0.0,0.0,0.01255296708595854,0.37006697505598113,0.0004417360935126481,0.0,0.0,0.0,0.00011031570906677847,unicycle
-0.3882909802091025,11.779091890571662,1.765,0.0,0.0,0.012555171050230247,0.37015000517896635,0.00044031507472023205,0.0,0.0,0.0,0.00011019821358535782,omni
-0.38089033489483115,11.77919361756775,1.765,0.0,0.0,0.012557367924619313,0.3700669603719318,0.00043984609184617604,0.0,0.0,0.0,0.00010984371945330237,unicycle
-0.3734880289873288,11.779295353370816,1.765,0.0,0.0,0.012559562459144238,0.3701499899808961,0.0004384311507195363,0.0,0.0,0.0,0.00010972672624623284,omni
-0.3660873839588966,11.779397075192033,1.765,0.0,0.0,0.012561749934112264,0.37006694475711227,0.000437964172092532,0.0,0.0,0.0,0.00010937374840123864,unicycle
-0.3586850783452375,11.779498805878905,1.765,0.0,0.0,0.012563935079218071,0.3701499739918816,0.0004365552826954213,0.0,0.0,0.0,0.00010925725529024786,omni
-0.3512844336159974,11.779600522547119,1.765,0.0,0.0,0.012566113194962526,0.3700669284708636,0.0004360902997942958,0.0,0.0,0.0,0.00010890578722275835,unicycle
-0.3438821283074895,11.779702248139436,1.765,0.0,0.0,0.012568288990803495,0.37014995743364754,0.0004346874362923731,0.0,0.0,0.0,0.00010878979204846107,omni
-0.33648148388701066,11.779803959676467,1.765,0.0,0.0,0.012570457787349196,0.3700669117024805,0.0004342244406253868,0.0,0.0,0.0,0.00010843982728510695,unicycle
-0.32907917889173605,11.779905680195823,1.765,0.0,0.0,0.012572624273907288,0.37014994046758404,0.0004328275772891266,0.0,0.0,0.0,0.00010832432790472998,omni
-0.32167853478684133,11.780007386623433,1.765,0.0,0.0,0.012574783791107417,0.37006689458938796,0.00043236656039661865,0.0,0.0,0.0,0.00010797586000625333,unicycle
-0.31427623011054673,11.780109102091354,1.765,0.0,0.0,0.012576941008193258,0.37014992321056783,0.00043097567160314625,0.0,0.0,0.0,0.00010786085429197626,omni
-0.3068755863260754,11.780210803431242,1.765,0.0,0.0,0.012579091285730294,0.3700668772308745,0.00043051662505924425,0.0,0.0,0.0,0.0001075138768517554,unicycle
-0.29947328197282463,11.780312513869188,1.765,0.0,0.0,0.012581239272984076,0.37014990574685364,0.00042913168529336537,0.0,0.0,0.0,0.0001073993626892201,omni
-0.29207263851218923,11.780414210142974,1.765,0.0,0.0,0.01258338035037071,0.3700668596983641,0.0004286746007069667,0.0,0.0,0.0,0.00010705386933170185,unicycle
-0.28467033448483814,11.780515915572325,1.765,0.0,0.0,0.012585519147263084,0.37014988813692806,0.00042729558456155515,0.0,0.0,0.0,0.00010693984461871172,omni
-0.27726969135042967,11.780617606801556,1.765,0.0,0.0,0.012587651063843047,0.3700668420430333,0.00042684045357687593,0.0,0.0,0.0,0.00010659582899820204,unicycle
-0.26986738765097085,11.780719307243618,1.765,0.0,0.0,0.012589780709675927,0.37014987042405006,0.0004254673357529792,0.0,0.0,0.0,0.00010648229164400059,omni
-0.2624667448444515,11.780820993449755,1.765,0.0,0.0,0.012591903504624809,0.3700668243014174,0.000425014150049825,0.0,0.0,0.0,0.00010613974744413846,unicycle
-0.2550644414742628,11.780922688925749,1.765,0.0,0.0,0.012594024038532187,0.37014985263905004,0.0004236469053565107,0.0,0.0,0.0,0.00010602669536885269,omni
-0.2476637989967767,11.781024370130169,1.765,0.0,0.0,0.012596137750858228,0.3700668064995122,0.00042319565665033135,0.0,0.0,0.0,0.00010568561630192852,unicycle
-0.24026149595679994,11.781126060661233,1.765,0.0,0.0,0.01259824921180694,0.3701498348038287,0.0004218342600043576,0.0,0.0,0.0,0.0001055730474356856,omni
-0.23286085380912425,11.78122773688523,1.765,0.0,0.0,0.012600353880351772,0.370066788655755,0.0004213849400461257,0.0,0.0,0.0,0.00010523342724155554,unicycle
-0.22545855109999266,11.781329422492416,1.765,0.0,0.0,0.012602456307142258,0.3701498169338954,0.00042002936647144833,0.0,0.0,0.0,0.00010512133952433908,omni
-0.21805790928264557,11.781431093757195,1.765,0.0,0.0,0.012604551970581673,0.37006677078318373,0.0004195819670474653,0.0,0.0,0.0,0.00010478317197072817,unicycle
-0.2106556069047752,11.781532774461471,1.765,0.0,0.0,0.012606645401848714,0.37014979904020207,0.00041823219167473396,0.0,0.0,0.0,0.00010467156335204049,omni
-0.20325496541809282,11.781634440788153,1.765,0.0,0.0,0.012608732098693388,0.37006675289099195,0.00041778670460641403,0.0,0.0,0.0,0.00010433484223370679,unicycle
-0.19585266337174723,11.781736116610396,1.765,0.0,0.0,0.012610816572906832,0.3701497811304596,0.0004164427026724439,0.0,0.0,0.0,0.00010422371067216156,omni
-0.1884520222159381,11.781837778020014,1.765,0.0,0.0,0.012612894341503042,0.3700667349856439,0.00041599911981606897,0.0,0.0,0.0,0.00010388842981064646,unicycle
-0.18104972050127432,11.78193944898102,1.765,0.0,0.0,0.012614969896968526,0.37014976321008297,0.00041466086666328483,0.0,0.0,0.0,0.00010377777327401057,omni
-0.17364907967645798,11.782041105494518,1.765,0.0,0.0,0.01261703877549888,0.3700667170716728,0.0004142191799097858,0.0,0.0,0.0,0.00010344392651772741,unicycle
-0.16624677829355886,11.782142771614993,1.765,0.0,0.0,0.012619105450358529,0.3701497452828638,0.0004128866509857264,0.0,0.0,0.0,0.00010333374298254895,omni
-0.15884613779979317,11.782244423253225,1.765,0.0,0.0,0.012621165476842649,0.37006669915224893,0.00041244685226040793,0.0,0.0,0.0,0.00010300132420603027,unicycle
-0.15144383674869027,11.782346084553788,1.765,0.0,0.0,0.012623223309075803,0.3701497273514501,0.00041112002311711,0.0,0.0,0.0,0.00010289161165769643,omni
-0.14404319658599055,11.782447731337525,1.765,0.0,0.0,0.01262527452137104,0.370066681229583,0.00041068210437950937,0.0,0.0,0.0,0.00010256061476201536,unicycle
-0.1366408958666803,11.782549387838712,1.765,0.0,0.0,0.012627323548794932,0.3701497094176854,0.00040936095067317245,0.0,0.0,0.0,0.00010245137119457459,omni
-0.12924025603503272,11.782651029788637,1.765,0.0,0.0,0.012629365984597065,0.370066663305212,0.0004089249039168663,0.0,0.0,0.0,0.00010212179010669142,unicycle
-0.12183795564748749,11.782752681510893,1.765,0.0,0.0,0.012631406244867518,0.370149691482849,0.0004076094014072709,0.0,0.0,0.0,0.00010201301352265205,omni
-0.11443731614685863,11.782854318647601,1.765,0.0,0.0,0.012633439941711426,0.3700666453802005,0.00040717521865961403,0.0,0.0,0.0,0.00010168484219537809,unicycle
-0.1070350160910348,11.78295596561129,1.765,0.0,0.0,0.012635471472323538,0.3701496735478257,0.0004058653432095858,0.0,0.0,0.0,0.00010157653060567166,omni
-0.09963437692137807,11.783057597955292,1.765,0.0,0.0,0.012637496467583886,0.3700666274552838,0.00040543301653149836,0.0,0.0,0.0,0.00010124976301751361,unicycle
-0.09223207719722139,11.783159240180687,1.765,0.0,0.0,0.012639519305872718,0.37014965561322466,0.0004041287441064226,0.0,0.0,0.0,0.0001011419144415479,omni
-0.08483143835848171,11.783260867752404,1.765,0.0,0.0,0.012641535636764654,0.37006660953096665,0.00040369826559222673,0.0,0.0,0.0,0.00010081654459676317,unicycle
-0.07742913896593119,11.7833625052597,1.765,0.0,0.0,0.0126435498199059,0.37014963767946285,0.0004023995722596105,0.0,0.0,0.0,0.0001007091570624432,omni
-0.07002850045804818,11.78346412807947,1.765,0.0,0.0,0.012645557523485717,0.37006659160759364,0.00040197093403691067,0.0,0.0,0.0,0.00010038517899091803,unicycle
-0.06262620139703873,11.783565760888767,1.765,0.0,0.0,0.012647563088496407,0.37014961974682387,0.0004006777959659853,0.0,0.0,0.0,0.00010027825053432085,omni
-0.05522556321994884,11.783667378976839,1.765,0.0,0.0,0.012649562201662228,0.3700665736853983,0.00040025099019541866,0.0,0.0,0.0,9.995565829102346e-05,unicycle
-0.04782326449041307,11.78376900710816,1.765,0.0,0.0,0.012651559185401357,0.3701496018154987,0.00039896338365652057,0.0,0.0,0.0,9.984918695646379e-05,omni
-0.04042262664405118,11.783870620484702,1.765,0.0,0.0,0.012653549744893793,0.3700665557645371,0.0003985384025317086,0.0,0.0,0.0,9.952797462175887e-05,unicycle
-0.03302032824592069,11.783972243957987,1.765,0.0,0.0,0.01265553818406303,0.3701495838856143,0.000397256303896106,0.0,0.0,0.0,9.94219584618155e-05,omni
-0.025619690730221117,11.784073852643077,1.765,0.0,0.0,0.012657520226465855,0.3700665378451133,0.0003968331396434956,0.0,0.0,0.0,9.910212014119589e-05,unicycle
-0.018217392663427368,11.784175471478177,1.765,0.0,0.0,0.012659500157610188,0.37014956595725346,0.0003955565253827765,0.0,0.0,0.0,9.8996557216658e-05,omni
-0.010816755478324593,11.784277075491813,1.765,0.0,0.0,0.012661473719351,0.3700665199271933,0.0003951351702614181,0.0,0.0,0.0,9.867808704070664e-05,unicycle
-0.0034144577427994843,11.784378689708493,1.765,0.0,0.0,0.012663445178859414,0.3701495480304684,0.0003938640169470497,0.0,0.0,0.0,9.857297542049992e-05,omni
0.003986179111771361,11.784480289070586,1.765,0.0,0.0,0.012665410296210308,0.3700665020108185,0.0003934444632484248,0.0,0.0,0.0,9.825586754468186e-05,unicycle
0.011388476516095085,11.784581898688536,1.765,0.0,0.0,0.012667373320316424,0.3701495301052905,0.0003921787475512871,0.0,0.0,0.0,9.815120530580262e-05,omni
0.018789113040197893,11.784683493418914,1.765,0.0,0.0,0.01266933002939463,0.3700664840960126,0.0003917609875992968,0.0,0.0,0.0,9.783545391037289e-05,unicycle
0.026191410113386375,11.784785098457732,1.765,0.0,0.0,0.012671284654177387,0.3701495121817366,0.0003905006862894822,0.0,0.0,0.0,9.773123913792352e-05,omni
0.03359204630708384,11.784886688576137,1.765,0.0,0.0,0.012673232990945946,0.3700664661827875,0.00039008471244025606,0.0,0.0,0.0,9.741683842792159e-05,unicycle
0.04099434304920192,11.784988289055345,1.765,0.0,0.0,0.012675179252330249,0.3701494942598136,0.0003888298023864326,0.0,0.0,0.0,9.731306921506977e-05,omni
0.04839497891255538,11.785089874581438,1.765,0.0,0.0,0.01267711925259865,0.3700664482711469,0.0003884156070282481,0.0,0.0,0.0,9.700001342014401e-05,unicycle
0.0557972753236665,11.78519147052047,1.765,0.0,0.0,0.012679057186356011,0.3701494763395219,0.00038716606519745896,0.0,0.0,0.0,9.689668786808743e-05,omni
0.06319791085673584,11.785293051473829,1.765,0.0,0.0,0.012680988885780859,0.37006643036108916,0.0003867536407505431,0.0,0.0,0.0,9.658497124243197e-05,unicycle
0.07060020693690194,11.785394642892044,1.765,0.0,0.0,0.012682918527530066,0.3701494584208574,0.0003855094442075626,0.0,0.0,0.0,9.648208746030605e-05,omni
0.07800084213974562,11.785496219292163,1.765,0.0,0.0,0.012684841961615716,0.3700664124526089,0.00038509878312402717,0.0,0.0,0.0,9.617170428244196e-05,unicycle
0.08540313788902715,11.785597806208832,1.765,0.0,0.0,0.012686763346823464,0.37014944050381304,0.0003838599090311927,0.0,0.0,0.0,9.606926038729668e-05,omni
0.09280377276170199,11.785699378075124,1.765,0.0,0.0,0.012688678550922665,0.37006639454569823,0.0003834510037948232,0.0,0.0,0.0,9.576020496005502e-05,unicycle
0.10020606818015779,11.785800960509437,1.765,0.0,0.0,0.012690591714904203,0.3701494225883793,0.0003822174294113563,0.0,0.0,0.0,9.565819907688433e-05,omni
0.10760670272271916,11.785902527861234,1.765,0.0,0.0,0.012692498724218751,0.3700663766403472,0.0003818102725375157,0.0,0.0,0.0,9.535046572734781e-05,unicycle
0.11500899781040655,11.786004105832305,1.765,0.0,0.0,0.012694403702138528,0.37014940467454543,0.0003805819752193311,0.0,0.0,0.0,9.52488959890013e-05,omni
0.12240963202290822,11.786105668688851,1.765,0.0,0.0,0.012696302551719893,0.37006635873654503,0.00038017655925486835,0.0,0.0,0.0,9.494247906829029e-05,unicycle
0.12981192677988293,11.786207242215708,1.765,0.0,0.0,0.012698199378592203,0.3701493867622998,0.00037895351645409603,0.0,0.0,0.0,9.484134361545469e-05,omni
0.1372125606623771,11.786308800596172,1.765,0.0,0.0,0.012700090103342174,0.3700663408342803,0.00037854983397723417,0.0,0.0,0.0,9.453623749871566e-05,unicycle
0.14461485508869334,11.786410369697764,1.765,0.0,0.0,0.012701978814031772,0.3701493688516307,0.000377332023241886,0.0,0.0,0.0,9.443553448005067e-05,omni
0.15201548864123077,11.786511923621234,1.765,0.0,0.0,0.012703861448703106,0.3700663229335414,0.0003769300668620225,0.0,0.0,0.0,9.413173356655961e-05,unicycle
0.1594177827369411,11.78661348831643,1.765,0.0,0.0,0.012705742077925873,0.3701493509425255,0.00037571746583543833,0.0,0.0,0.0,9.403146113834181e-05,omni
0.16681841595957092,11.786715037801912,1.765,0.0,0.0,0.012707616657122889,0.37006630503431603,0.0003753172281930897,0.0,0.0,0.0,9.372895985078084e-05,unicycle
0.1742207097247265,11.786816598109503,1.765,0.0,0.0,0.012709489239446429,0.3701493330349717,0.00037410981461374004,0.0,0.0,0.0,9.36291161770699e-05,omni
0.1816213426174963,11.786918143175921,1.765,0.0,0.0,0.012711355797625674,0.37006628713659184,0.0003737112883803416,0.0,0.0,0.0,9.332790896211111e-05,unicycle
0.1890236360521467,11.787019699114614,1.765,0.0,0.0,0.012713220367469968,0.3701493151289564,0.00037250904008119464,0.0,0.0,0.0,9.322849221480767e-05,omni
0.19642426861510262,11.787121239780811,1.765,0.0,0.0,0.012715078938940824,0.37006626924035646,0.00037211221795901105,0.0,0.0,0.0,9.292857354273678e-05,unicycle
0.20382656171929586,11.78722279136924,1.765,0.0,0.0,0.012716935530578849,0.3701492972244671,0.0003709151128673352,0.0,0.0,0.0,9.282958190131316e-05,omni
0.2112271939524826,11.787324327653984,1.765,0.0,0.0,0.012718786149504167,0.37006625134559773,0.000370519987589422,0.0,0.0,0.0,9.253094626573207e-05,unicycle
0.21862948672626528,11.7874258749107,1.765,0.0,0.0,0.012720634797062515,0.370149279321491,0.00036932800372640464,0.0,0.0,0.0,9.243237791736388e-05,omni
0.226030118629726,11.787527406832673,1.765,0.0,0.0,0.012722477497459223,0.370066233452303,0.0003689345680563939,0.0,0.0,0.0,9.213501983546408e-05,unicycle
0.2334324110731432,11.787628949776153,1.765,0.0,0.0,0.012724318234918722,0.37014926142001514,0.0003677476835366025,0.0,0.0,0.0,9.203687297496667e-05,omni
0.2408330426469196,11.787730477353966,1.765,0.0,0.0,0.012726153050658466,0.37006621556046,0.0003673559302686205,0.0,0.0,0.0,9.174078698715573e-05,unicycle
0.2482353347600149,11.787832016002598,1.765,0.0,0.0,0.012727985911854804,0.37014924352002704,0.000366174123299765,0.0,0.0,0.0,9.164305981692426e-05,omni
0.2556359660041473,11.787933539254778,1.765,0.0,0.0,0.01272981287666454,0.37006619767005655,0.0003657840452582258,0.0,0.0,0.0,9.13482404868507e-05,unicycle
0.26303825778696294,11.788035073626881,1.765,0.0,0.0,0.012731637895288882,0.37014922562151414,0.000364607294140548,0.0,0.0,0.0,9.125093121687012e-05,omni
0.2704388887014901,11.788136592571878,1.765,0.0,0.0,0.012733457042751506,0.3700661797810804,0.0003642188841800996,0.0,0.0,0.0,9.095737313131506e-05,unicycle
0.27784118015406684,11.788238122685698,1.765,0.0,0.0,0.01273527425235109,0.3701492077244638,0.0003630471673062274,0.0,0.0,0.0,9.086047997908872e-05,omni
0.28524181073902627,11.78833963734188,1.765,0.0,0.0,0.012737085615906045,0.37006616189351943,0.0003626604183117387,0.0,0.0,0.0,9.056817774781316e-05,unicycle
0.2926441018614034,11.788441163215575,1.765,0.0,0.0,0.012738895049884815,0.37014918982886374,0.000361493714166321,0.0,0.0,0.0,9.047169893843836e-05,omni
0.30004473211683114,11.78854267360124,1.765,0.0,0.0,0.012740698662828702,0.37006614400736176,0.00036110861905261235,0.0,0.0,0.0,9.018064719428438e-05,unicycle
0.3074470229090467,11.788644195252894,1.765,0.0,0.0,0.012742500354447907,0.37014917193470176,0.00035994690621169416,0.0,0.0,0.0,9.008458096026854e-05,omni
0.3148476528349774,11.788745701386253,1.765,0.0,0.0,0.012744296249935082,0.37006612612259543,0.0003595634579234167,0.0,0.0,0.0,8.979477435870686e-05,unicycle
0.32224994329706785,11.78884721883388,1.765,0.0,0.0,0.012746090232313883,0.37014915404196547,0.0003584067150542043,0.0,0.0,0.0,8.969911894002913e-05,omni
0.3296505728935349,11.788948720733075,1.765,0.0,0.0,0.012747878443357074,0.3700661082392087,0.0003580249065658531,0.0,0.0,0.0,8.941055215942175e-05,unicycle
0.33705286302553544,11.789050233994603,1.765,0.0,0.0,0.012749664749473142,0.3701491361506431,0.0003568731124264489,0.0,0.0,0.0,8.931530580342495e-05,omni
0.34445349229257083,11.789151731677697,1.765,0.0,0.0,0.012751445308944032,0.37006609035719,0.0003564929367421343,0.0,0.0,0.0,8.902797354459303e-05,unicycle
0.35185578209451546,11.789253240770984,1.765,0.0,0.0,0.012753223971634153,0.3701491182607225,0.0003553460701809194,0.0,0.0,0.0,8.893313450602506e-05,omni
0.3592564110321498,11.78935473425596,1.765,0.0,0.0,0.012754996912264,0.37006607247652773,0.0003549675203342216,0.0,0.0,0.0,8.864703149246865e-05,unicycle
0.3666587009674381,11.789456239204698,1.765,0.0,0.0,0.012756767964107877,0.3701491235424321,0.0003538255602895836,0.0,0.0,0.0,8.855259219378253e-05,omni
0.3740593310606418,11.789557728528667,1.765,0.0,0.0,0.012758533318191673,0.37006612885047385,0.00035344864210921825,0.0,0.0,0.0,8.826770418989365e-05,unicycle
0.3814616230796389,11.789659229376097,1.765,0.0,0.0,0.01276029679145267,0.3701492263505653,0.0003523115872430825,0.0,0.0,0.0,8.817366304966504e-05,omni
0.3888622558220666,11.789760714576598,1.765,0.0,0.0,0.012762054591263448,0.37006625991356973,0.0003519362935222908,0.0,0.0,0.0,8.788999053894552e-05,unicycle
0.39626455078805184,11.789862211351771,1.765,0.0,0.0,0.012763810518264076,0.37014937232631107,0.00035080411049974854,0.0,0.0,0.0,8.779635003160851e-05,omni
0.4036651865847931,11.789963692451957,1.765,0.0,0.0,0.012765560796080773,0.37006641123291806,0.00035043042528118884,0.0,0.0,0.0,8.751389083472242e-05,unicycle
0.41106748457647624,11.790065185173528,1.765,0.0,0.0,0.012767309209108534,0.37014952223784814,0.0003493030868090836,0.0,0.0,0.0,8.742065138803908e-05,omni
0.4184681232800199,11.790166662189208,1.765,0.0,0.0,0.01276905199714429,0.3700665551761471,0.00034893099872038293,0.0,0.0,0.0,8.713940178774502e-05,unicycle
0.42587042399914016,11.790268150870796,1.765,0.0,0.0,0.012770792928397466,0.37014965723507387,0.00034780848105478207,0.0,0.0,0.0,8.70465626588146e-05,omni
0.43327106521674064,11.790369623814465,1.765,0.0,0.0,0.012772528258759056,0.37006667948053096,0.0003474379813495702,0.0,0.0,0.0,8.676651807937167e-05,unicycle
0.44067336821749337,11.79047110846767,1.765,0.0,0.0,0.01277426174031667,0.370149769940199,0.0003463202627620655,0.0,0.0,0.0,8.667407788063544e-05,omni
0.4480740114802788,11.790572577350744,1.765,0.0,0.0,0.012775989644982525,0.3700667803394547,0.00034595134412844985,0.0,0.0,0.0,8.639523329294174e-05,unicycle
0.45547631629199403,11.790674057986752,1.765,0.0,0.0,0.012777715708788594,0.3701498591098937,0.0003448384039850484,0.0,0.0,0.0,8.630319030333923e-05,omni
0.46287696114213045,11.790775522820711,1.765,0.0,0.0,0.01277943621959784,0.3700668583049213,0.00034447105984051807,0.0,0.0,0.0,8.602554046227012e-05,unicycle
0.47027926732947234,11.790876999451095,1.765,0.0,0.0,0.012781154897453982,0.3701499265110741,0.0003433628780655197,0.0,0.0,0.0,8.593389280700815e-05,omni
0.47767991336006843,11.790978460248008,1.765,0.0,0.0,0.012782868046101709,0.37006691592432545,0.00034299710215434764,0.0,0.0,0.0,8.565743238625893e-05,unicycle
0.4850822205478263,11.791079932885058,1.765,0.0,0.0,0.012784579369664454,0.3701499751502971,0.00034189365893094183,0.0,0.0,0.0,8.5566178137328e-05,omni
0.49248286741661623,11.791181389657766,1.765,0.0,0.0,0.01278628518770052,0.37006695642926746,0.00034152944510589146,0.0,0.0,0.0,8.529090180326176e-05,unicycle
0.4998851752953596,11.791282858314554,1.765,0.0,0.0,0.012787989188481185,0.37015000831689504,0.00034043072071948276,0.0,0.0,0.0,8.520003903325331e-05,omni
0.5072858227246828,11.791384311076671,1.765,0.0,0.0,0.01278968770731085,0.37006698305032754,0.00034006806283255807,0.0,0.0,0.0,8.492594148321061e-05,unicycle
0.5146881310468484,11.79148577576701,1.765,0.0,0.0,0.012791384416676684,0.37015002910455447,0.00033897403759677966,0.0,0.0,0.0,8.483546829166571e-05,omni
0.5220887788171841,11.791587224532835,1.765,0.0,0.0,0.012793075667562106,0.3700669986947955,0.0003386129294523626,0.0,0.0,0.0,8.456254427120118e-05,unicycle
0.5294910873890534,11.791688685271163,1.765,0.0,0.0,0.012794765116738015,0.37015004020578707,0.0003375235836816635,0.0,0.0,0.0,8.447245879549659e-05,omni
0.5368917353301694,11.79179013005557,1.765,0.0,0.0,0.012796449130800105,0.370067005827361,0.0003371640190237489,0.0,0.0,0.0,8.420070310442918e-05,unicycle
0.544294044002714,11.791891586856844,1.765,0.0,0.0,0.012798131350870549,0.37015004385532435,0.0003360793330305106,0.0,0.0,0.0,8.411100352214077e-05,omni
0.5516946919845775,11.791993027675154,1.765,0.0,0.0,0.012799808159090835,0.3700670064582092,0.0003357213055470219,0.0,0.0,0.0,8.384041101420346e-05,unicycle
0.5590970006446861,11.792094480554724,1.765,0.0,0.0,0.012801483181001657,0.3701500418492296,0.00033464125965016,0.0,0.0,0.0,8.375109554119669e-05,omni
0.5664976485691707,11.792195917422607,1.765,0.0,0.0,0.012803152814224077,0.37006700218283484,0.00033428476298459923,0.0,0.0,0.0,8.348166112097959e-05,unicycle
0.573899957131933,11.792297366396124,1.765,0.0,0.0,0.012804820668784227,0.3701500355977218,0.00033320933752245324,0.0,0.0,0.0,8.339272800755919e-05,omni
0.5813006049257285,11.7923987993295,1.765,0.0,0.0,0.01280648315771675,0.370066994242211,0.0003328543652876025,0.0,0.0,0.0,8.312444662612256e-05,unicycle
0.5887029133279871,11.792500244412825,1.765,0.0,0.0,0.01280814387559981,0.3701500261885823,0.00033178354063129813,0.0,0.0,0.0,8.303589415305036e-05,omni
0.5961035609367848,11.792601673427791,1.765,0.0,0.0,0.012809799250815894,0.3700669835865203,0.00033143008642222443,0.0,0.0,0.0,8.276876080416852e-05,unicycle
0.6035058691319279,11.792703114636927,1.765,0.0,0.0,0.012811452862561459,0.3701500144492034,0.0003303638429875849,0.0,0.0,0.0,8.268058727827933e-05,omni
0.6109065165157852,11.792804539749694,1.765,0.0,0.0,0.012813101154501332,0.37006697093419444,0.000330011900392948,0.0,0.0,0.0,8.241459699371203e-05,unicycle
0.6183088244696433,11.79290597710074,1.765,0.0,0.0,0.012814747690516215,0.3701500010017988,0.0003289502186505837,0.0,0.0,0.0,8.232680074426137e-05,omni
0.6257094715993684,11.793007398327587,1.765,0.0,0.0,0.012816388929488031,0.3700669568228472,0.000328599781261845,0.0,0.0,0.0,8.206194859077125e-05,unicycle
0.6331117792870409,11.793108831836681,1.765,0.0,0.0,0.012818028420047355,0.37014998630987994,0.0003275426417450433,0.0,0.0,0.0,8.19745279661646e-05,omni
0.640512426141417,11.793210249193923,1.765,0.0,0.0,0.0128196626362282,0.3700669416513044,0.0003271937031636455,0.0,0.0,0.0,8.171080904208861e-05,unicycle
0.6479147335448521,11.793311678877238,1.765,0.0,0.0,0.012821295111476344,0.37014997071597905,0.0003261410864744082,0.0,0.0,0.0,8.162376240727966e-05,omni
0.6553153801085344,11.793413092381194,1.765,0.0,0.0,0.012822922334913155,0.3700669257132449,0.00032579364031716735,0.0,0.0,0.0,8.13611718404226e-05,unicycle
0.662717687214707,11.79351451825489,1.765,0.0,0.0,0.012824547824864646,0.37014995447148463,0.0003247455271305735,0.0,0.0,0.0,8.127449757463364e-05,omni
0.6701183334766471,11.793615927921856,1.765,0.0,0.0,0.012826168085475044,0.370066909223534,0.0003243995670334537,0.0,0.0,0.0,8.101303051987434e-05,unicycle
0.6775206402761986,11.793717350002069,1.765,0.0,0.0,0.012827786620015342,0.3701499377597856,0.0003233559381005144,0.0,0.0,0.0,8.092672701485784e-05,omni
0.6849212862284735,11.793818755848324,1.765,0.0,0.0,0.012829399947588397,0.3700668923384879,0.00032301145772147005,0.0,0.0,0.0,8.066637865277753e-05,unicycle
0.6923235927147061,11.79392017415116,1.765,0.0,0.0,0.012831011556474628,0.3701499207139542,0.00032197229387143696,0.0,0.0,0.0,8.058044431162676e-05,omni
0.6997242383516542,11.794021576192938,1.765,0.0,0.0,0.012832617980671576,0.370066875171257,0.00032162928689229977,0.0,0.0,0.0,8.032120984737493e-05,unicycle
0.7071265445197907,11.79412299073445,1.765,0.0,0.0,0.012834222693533244,0.37014990343009285,0.00032059456903381725,0.0,0.0,0.0,8.02356430834389e-05,omni
0.7145271898373807,11.794224388987935,1.765,0.0,0.0,0.01283582224388816,0.3700668578033774,0.0003202530291614324,0.0,0.0,0.0,7.99775177456238e-05,unicycle
0.7219294956840254,11.794325799784136,1.765,0.0,0.0,0.01283742009022779,0.3701498859773076,0.00031922273828322327,0.0,0.0,0.0,7.989231698149582e-05,omni
0.7293301406793954,11.794427194265456,1.765,0.0,0.0,0.012839012796148212,0.3700668402933631,0.00031888265925037146,0.0,0.0,0.0,7.963529602118126e-05,unicycle
0.7367324462021417,11.794528601332296,1.765,0.0,0.0,0.012840603805341974,0.3701498684050971,0.00031785677642187047,0.0,0.0,0.0,7.955045968806036e-05,omni
0.7441330908732651,11.794629992057523,1.765,0.0,0.0,0.012842189696109538,0.37006682268304947,0.000317518151987712,0.0,0.0,0.0,7.929453837827839e-05,unicycle
0.751535396070412,11.7947313954109,1.765,0.0,0.0,0.012843773897407849,0.3701498507487891,0.0003164966583589886,0.0,0.0,0.0,7.921006491540169e-05,omni
0.7589360404158582,11.794832782396046,1.765,0.0,0.0,0.01284535300217886,0.3700668050022446,0.0003161594823092815,0.0,0.0,0.0,7.895523855046685e-05,unicycle
0.7663383452862065,11.794934182051787,1.765,0.0,0.0,0.012846930424706958,0.37014983303351345,0.0003151423591110442,0.0,0.0,0.0,7.887112640493318e-05,omni
0.7737389893049674,11.795035565312801,1.765,0.0,0.0,0.01284850277251297,0.3700667872721181,0.0003148066252581551,0.0,0.0,0.0,7.861739030048241e-05,unicycle
0.7811412938476736,11.795136961286676,1.765,0.0,0.0,0.012850073445271509,0.3701498152770902,0.00031379385380138846,0.0,0.0,0.0,7.853363792688405e-05,omni
0.78854193753904,11.795238340839447,1.765,0.0,0.0,0.012851639065019892,0.37006676950766004,0.00031345955598425227,0.0,0.0,0.0,7.82809874191833e-05,unicycle
0.7959442417535119,11.795339733147163,1.765,0.0,0.0,0.01285320301688548,0.370149797492119,0.0003124511176599964,0.0,0.0,0.0,7.819759327944457e-05,omni
0.8033448851169853,11.795441109007506,1.765,0.0,0.0,0.01285476193735999,0.3700667517194541,0.0003121182497440917,0.0,0.0,0.0,7.794602372546086e-05,unicycle
0.8107471890028075,11.795542497664702,1.765,0.0,0.0,0.012856319197085755,0.3701497796874837,0.000311114126023162,0.0,0.0,0.0,7.786298628837724e-05,omni
0.8181478320380382,11.795643869848371,1.765,0.0,0.0,0.012857871446947052,0.3700667339149525,0.0003107826819003386,0.0,0.0,0.0,7.76124930649272e-05,unicycle
0.8255501355949194,11.795745254870624,1.765,0.0,0.0,0.012859422043163173,0.3701497618694312,0.00030978285433285515,0.0,0.0,0.0,7.752981080604476e-05,omni
0.8329507783016613,11.79584662339331,1.765,0.0,0.0,0.012860967650949375,0.3700667160993889,0.00030945282792121237,0.0,0.0,0.0,7.72803893100302e-05,unicycle
0.8403530815293975,11.79594800479613,1.765,0.0,0.0,0.012862511612163608,0.37014974404234297,0.0003084572781363242,0.0,0.0,0.0,7.719806071175427e-05,omni
0.8477537239074773,11.796049369673455,1.765,0.0,0.0,0.012864050606290811,0.3700666982764294,0.00030812866338008927,0.0,0.0,0.0,7.694970636009198e-05,unicycle
0.8551560268059247,11.79615074747229,1.765,0.0,0.0,0.01286558796088904,0.37014972620928416,0.0003071373730855833,0.0,0.0,0.0,7.686772991144381e-05,omni
0.8625566688552195,11.79625210871981,1.765,0.0,0.0,0.01286712036965185,0.37006668044863567,0.00030681016395492247,0.0,0.0,0.0,7.662043814063907e-05,unicycle
0.8699589714242765,11.796353482930037,1.765,0.0,0.0,0.012868651145898594,0.3701497083723937,0.0003058231149367998,0.0,0.0,0.0,7.653881233722351e-05,omni
0.8773596131446985,11.796454840563243,1.765,0.0,0.0,0.012870176997470662,0.3700666626177926,0.0003054973054276752,0.0,0.0,0.0,7.629257860348595e-05,unicycle
0.8847619153842927,11.79655621120018,1.765,0.0,0.0,0.01287170122350961,0.37014969053315977,0.0003045144795498197,0.0,0.0,0.0,7.621130194743284e-05,omni
0.8921625567757783,11.796657565234497,1.765,0.0,0.0,0.01287322054594414,0.37006664478514073,0.0003041900636838354,0.0,0.0,0.0,7.596612172642347e-05,unicycle
0.8995648586858571,11.796758932313391,1.765,0.0,0.0,0.012874738249798668,0.3701496726926151,0.00030321144288761185,0.0,0.0,0.0,7.588519272632948e-05,omni
0.9069654997483588,11.796860282764179,1.765,0.0,0.0,0.012876251071028928,0.3700666269515396,0.00030288841471187873,0.0,0.0,0.0,7.564106151313244e-05,unicycle
0.9143678013288835,11.796961646300218,1.765,0.0,0.0,0.012877762280602606,0.3701496548514741,0.0003019139810158043,0.0,0.0,0.0,7.556047868395214e-05,omni
0.9217684420623656,11.797062993182774,1.765,0.0,0.0,0.012879268628442462,0.37006660911758266,0.000301592334602865,0.0,0.0,0.0,7.531739199283325e-05,unicycle
0.9291707433133065,11.797164353191077,1.765,0.0,0.0,0.012880773371519575,0.3701496370102292,0.00030062207010233025,0.0,0.0,0.0,7.523715385574958e-05,omni
0.9365713837177406,11.797265696520627,1.765,0.0,0.0,0.012882273273663977,0.37006659128367864,0.0003003017995499837,0.0,0.0,0.0,7.499510722001292e-05,unicycle
0.9439736846390739,11.797367053016252,1.765,0.0,0.0,0.01288377157791003,0.37014961916921857,0.0002993356864167909,0.0,0.0,0.0,7.491521230276461e-05,omni
0.9513743247144365,11.797468392807966,1.765,0.0,0.0,0.012885265061935535,0.37006657345010735,0.0002990167858479733,0.0,0.0,0.0,7.467420127525373e-05,unicycle
0.9587766253061428,11.797569745805907,1.765,0.0,0.0,0.012886756954897768,0.37014960132867286,0.00029805480633007374,0.0,0.0,0.0,7.459464811174787e-05,omni
0.9661772650524136,11.797671082074881,1.765,0.0,0.0,0.012888244048263046,0.3700665556170588,0.0002977372698927158,0.0,0.0,0.0,7.435466826385465e-05,unicycle
0.9735795653144759,11.797772431590065,1.765,0.0,0.0,0.01288972955737093,0.37014958348874816,0.00029677940631379153,0.0,0.0,0.0,7.42754553941623e-05,omni
0.9809802047316365,11.797873764351339,1.765,0.0,0.0,0.012891210287417255,0.3700665377846618,0.00029646322818069153,0.0,0.0,0.0,7.403650231633259e-05,unicycle
0.9883825046640389,11.797975110398633,1.765,0.0,0.0,0.012892689439982993,0.37014956564954987,0.000295509462939859,0.0,0.0,0.0,7.395762828682561e-05,omni
0.9957831437520721,11.79807643966718,1.765,0.0,0.0,0.01289416383393476,0.37006651995300205,0.000295194637308593,0.0,0.0,0.0,7.37196975883749e-05,unicycle
1.0031854433548002,11.798177782261385,1.765,0.0,0.0,0.01289563665715379,0.3701495478111471,0.00029424495288008916,0.0,0.0,0.0,7.364116095157074e-05,omni
1.0105860821136894,11.798279108052109,1.765,0.0,0.0,0.012897104742119,0.37006650212213604,0.00029393147397288735,0.0,0.0,0.0,7.34042482604681e-05,unicycle
1.0179883813867283,11.798380447207967,1.765,0.0,0.0,0.012898571263070506,0.3701495299735853,0.00029298585290571773,0.0,0.0,0.0,7.332604757525027e-05,omni
1.025389019816457,11.798481769535718,1.765,0.0,0.0,0.012900033066041275,0.37006648429209976,0.000292673714969381,0.0,0.0,0.0,7.309014853850064e-05,unicycle
1.0327913187597924,11.7985831052679,1.765,0.0,0.0,0.01290149331168867,0.37014951213689246,0.00029173213988705285,0.0,0.0,0.0,7.30122823696388e-05,omni
1.040191956860344,11.798684424147458,1.765,0.0,0.0,0.012902948859541715,0.37006646646291563,0.00029142133719279337,0.0,0.0,0.0,7.27773926522241e-05,unicycle
1.0475942554739606,11.798785756470586,1.765,0.0,0.0,0.012904402856733126,0.3701494943010858,0.00029048379079288334,0.0,0.0,0.0,7.269985957054865e-05,omni
1.0549948932453175,11.79888707191667,1.765,0.0,0.0,0.012905852176230252,0.37006644863459653,0.0002901743176362881,0.0,0.0,0.0,7.246597485625254e-05,unicycle
1.0623971915292008,11.798988400845293,1.765,0.0,0.0,0.012907299951699027,0.3701494764661741,0.00028924078269029936,0.0,0.0,0.0,7.238877343872616e-05,omni
1.0697978289713463,11.799089712872561,1.765,0.0,0.0,0.012908743069487623,0.3700664308071486,0.0002889326333911865,0.0,0.0,0.0,7.215588942965764e-05,unicycle
1.0772001269254803,11.799191038421167,1.765,0.0,0.0,0.012910184649852809,0.37014945863216114,0.00028800309274406785,0.0,0.0,0.0,7.207901825929068e-05,omni
1.0846007640383961,11.799292347044215,1.765,0.0,0.0,0.012911621592466328,0.37006641298057397,0.00028769626164634765,0.0,0.0,0.0,7.18471306759557e-05,unicycle
1.0920030616627645,11.799393669227236,1.765,0.0,0.0,0.012913057004233163,0.3701494407990468,0.0002867706982162264,0.0,0.0,0.0,7.177058834180763e-05,omni
1.0994036984464317,11.799494974460591,1.765,0.0,0.0,0.012914487798091623,0.37006639515487105,0.0002864651796878054,0.0,0.0,0.0,7.153969292298179e-05,unicycle
1.106805995741018,11.799596293292389,1.765,0.0,0.0,0.012915917067652024,0.3701494229668286,0.00028554357646565773,0.0,0.0,0.0,7.146347802007772e-05,omni
1.1142066321954178,11.799697595150523,1.765,0.0,0.0,0.012917341739062477,0.37006637733003694,0.0002852393648984195,0.0,0.0,0.0,7.123357052266917e-05,unicycle
1.1216089291602043,11.799798910645404,1.765,0.0,0.0,0.012918764892695523,0.37014940513550243,0.0002843217049478993,0.0,0.0,0.0,7.115768165210366e-05,omni
1.1290095652853176,11.799900209142727,1.765,0.0,0.0,0.012920183467852548,0.3700663595060671,0.000284018794757628,0.0,0.0,0.0,7.092875785131065e-05,unicycle
1.136411861920286,11.80000152131494,1.765,0.0,0.0,0.01292160053172495,0.370149387305063,0.0002831050612147112,0.0,0.0,0.0,7.085319362011016e-05,omni
1.1438124977160917,11.800102816465799,1.765,0.0,0.0,0.01292301303671113,0.37006634168295593,0.0002828034468409523,0.0,0.0,0.0,7.062524930902829e-05,unicycle
1.1512147940212236,11.800204125329525,1.765,0.0,0.0,0.01292442403687773,0.37014936947550425,0.0002818936229135987,0.0,0.0,0.0,7.055000833004527e-05,omni
1.158615429487701,11.800305417148207,1.765,0.0,0.0,0.012925830497664124,0.37006632386069743,0.0002815932988194859,0.0,0.0,0.0,7.0323039319658e-05,unicycle
1.166017725462977,11.80040672271757,1.765,0.0,0.0,0.012927235460068359,0.37014935164681984,0.0002806873677872401,0.0,0.0,0.0,7.02481202115714e-05,omni
1.1734183606001045,11.800508011218298,1.765,0.0,0.0,0.012928635902514973,0.37006630603928525,0.00028038832845934903,0.0,0.0,0.0,7.002212233067311e-05,unicycle
1.1808206562455048,11.800609313507364,1.765,0.0,0.0,0.012930034852989334,0.37014933381900295,0.0002794862736730206,0.0,0.0,0.0,6.994752371806346e-05,omni
1.1882212910532597,11.800710598704304,1.765,0.0,0.0,0.012931429302845602,0.3700662882187128,0.00027918851362142543,0.0,0.0,0.0,6.972249281333789e-05,unicycle
1.1956235863687636,11.800811897727074,1.765,0.0,0.0,0.01293282226711214,0.3701493159920469,0.00027829031850303573,0.0,0.0,0.0,6.964821332677243e-05,omni
1.2030242208471233,11.80091317963433,1.765,0.0,0.0,0.012934210750017395,0.3700662703989736,0.00027799383226112626,0.0,0.0,0.0,6.94241452627924e-05,unicycle
1.2104265158327094,11.801014475404749,1.765,0.0,0.0,0.012935597753688166,0.37014929816594466,0.00027709948030332494,0.0,0.0,0.0,6.935018353861695e-05,omni
1.2178271499816502,11.801115754036365,1.765,0.0,0.0,0.012936980295172113,0.3700662525800605,0.0002768042624277523,0.0,0.0,0.0,6.912707419744003e-05,unicycle
1.2252294446372962,11.801217046568317,1.765,0.0,0.0,0.01293836136374967,0.370149280340689,0.0002759137371937555,0.0,0.0,0.0,6.905342887785531e-05,omni
1.232630078456794,11.801318321938277,1.765,0.0,0.0,0.012939737989232853,0.3700662347619666,0.0002756197822643162,0.0,0.0,0.0,6.883127415930392e-05,unicycle
1.240032372782478,11.801419611245588,1.765,0.0,0.0,0.0129411131481107,0.3701492625162729,0.0002747330673874344,0.0,0.0,0.0,6.87579438922368e-05,omni
1.2474330062725083,11.801520883367814,1.765,0.0,0.0,0.012942483882904966,0.3700662169446852,0.00027444037000699296,0.0,0.0,0.0,6.853673971344727e-05,unicycle
1.2548353002682073,11.80162216946425,1.765,0.0,0.0,0.012943853157368016,0.37014924469268934,0.000273557449190469,0.0,0.0,0.0,6.846372315255487e-05,omni
1.2622359334287445,11.801723438352614,1.765,0.0,0.0,0.012945218026676978,0.3700661991282095,0.0002732660039848734,0.0,0.0,0.0,6.824346544817538e-05,unicycle
1.2696382270944344,11.801824721251883,1.765,0.0,0.0,0.012946581441902031,0.3701492268699314,0.00027238686100152214,0.0,0.0,0.0,6.817076125268919e-05,omni
1.277038859925453,11.801925986920185,1.765,0.0,0.0,0.01294794047082152,0.3700661813125326,0.00027209666261944726,0.0,0.0,0.0,6.795144597443819e-05,unicycle
1.2844411532611095,11.802027266635937,1.765,0.0,0.0,0.012949298051877708,0.3701492090479919,0.0002712212813113066,0.0,0.0,0.0,6.787905280942786e-05,omni
1.2918417857625826,11.802128529097931,1.765,0.0,0.0,0.012950651265396242,0.37006616349764787,0.00027093232442417295,0.0,0.0,0.0,6.766067592668708e-05,unicycle
1.2992440787681807,11.802229805643758,1.765,0.0,0.0,0.012952003037245505,0.37014919122686435,0.00027006068870226457,0.0,0.0,0.0,6.758859246296998e-05,omni
1.3066447109400814,11.80233106491313,1.765,0.0,0.0,0.012953350460244747,0.3700661456835487,0.0002697729680041248,0.0,0.0,0.0,6.73711499622037e-05,unicycle
1.3140470036155958,11.802432338302564,1.765,0.0,0.0,0.012954696447742272,0.3701491734065415,0.0002689050618481016,0.0,0.0,0.0,6.729937487616545e-05,omni
1.3214476354578963,11.802533594392942,1.765,0.0,0.0,0.012956038104997488,0.37006612787022813,0.00026861857205554387,0.0,0.0,0.0,6.708286276091525e-05,unicycle
1.328849927803301,11.802634864639458,1.765,0.0,0.0,0.01295737833289218,0.37014915558701655,0.0002677543795134319,0.0,0.0,0.0,6.701139473455986e-05,omni
1.3362505593159735,11.802736117564416,1.765,0.0,0.0,0.012958714249072691,0.37006611005767964,0.000267469115365581,0.0,0.0,0.0,6.679580902544496e-05,unicycle
1.3436528513312418,11.802837384681434,1.765,0.0,0.0,0.012960048742007617,0.37014913776828273,0.0002666086205536172,0.0,0.0,0.0,6.672464674649362e-05,omni
1.3510534825142573,11.802938634454486,1.765,0.0,0.0,0.012961378941677244,0.3700660922458968,0.00026632457681200774,0.0,0.0,0.0,6.650998348128263e-05,unicycle
1.3584557741993621,11.803039898455367,1.765,0.0,0.0,0.012962707724190097,0.3701491199503335,0.0002654677639142225,0.0,0.0,0.0,6.643912564284352e-05,omni
1.3658564050526913,11.803141145089974,1.765,0.0,0.0,0.012964032231807613,0.370066074434873,0.0002651849353627035,0.0,0.0,0.0,6.622538087582247e-05,unicycle
1.3732586964076052,11.803242405988023,1.765,0.0,0.0,0.012965355328331147,0.3701491021331619,0.0002643317886307086,0.0,0.0,0.0,6.615482617661434e-05,omni
1.3806593272401269,11.803343649501777,1.765,0.0,0.0,0.012966674168250734,0.3700660720714434,0.00026405017961201335,0.0,0.0,0.0,6.594199597923563e-05,unicycle
1.3880616195122017,11.803444907326897,1.765,0.0,0.0,0.012967991603026325,0.37014914669133403,0.0002632006980322033,0.0,0.0,0.0,6.587173877959222e-05,omni
1.3954622522774545,11.803546147758958,1.765,0.0,0.0,0.012969304799277501,0.37006616739573894,0.00026292030313367526,0.0,0.0,0.0,6.565981255887003e-05,unicycle
1.4028645471103653,11.803647402545959,1.765,0.0,0.0,0.012970616596311092,0.3701492734425858,0.00026207446176259675,0.0,0.0,0.0,6.558985167953043e-05,omni
1.4102651827816433,11.803748639922404,1.765,0.0,0.0,0.012971924172906926,0.3700663113912321,0.0002617952690151927,0.0,0.0,0.0,6.537882979172903e-05,unicycle
1.417667480659771,11.803849891690772,1.765,0.0,0.0,0.012973230356248337,0.37014942441716475,0.0002609530474096004,0.0,0.0,0.0,6.530916707058064e-05,omni
1.425068119371622,11.803951126026574,1.765,0.0,0.0,0.01297453233720616,0.3700664621169661,0.0002606750482769031,0.0,0.0,0.0,6.509904789127303e-05,unicycle
1.4324704201855425,11.804052374787927,1.765,0.0,0.0,0.012975832930879031,0.37014956992229914,0.0002598364286648153,0.0,0.0,0.0,6.502968364360267e-05,omni
1.4398710616644703,11.804153606092639,1.765,0.0,0.0,0.012977129340167112,0.3700665991690133,0.0002595596165946574,0.0,0.0,0.0,6.482046440409314e-05,unicycle
1.4472733650363299,11.804254851855005,1.765,0.0,0.0,0.012978424368128603,0.3701496965353562,0.00025872458273266247,0.0,0.0,0.0,6.475139807435109e-05,omni
1.4546740088441954,11.804356080135959,1.765,0.0,0.0,0.012979715229635952,0.3700667143145477,0.0002584489522636594,0.0,0.0,0.0,6.454307536749214e-05,unicycle
1.462076314307608,11.804457322906153,1.765,0.0,0.0,0.012981004715754365,0.37014979982935964,0.0002576174887416575,0.0,0.0,0.0,6.447430592082462e-05,omni
1.4694769599725914,11.804558548170187,1.765,0.0,0.0,0.012982290053274417,0.37006680586939256,0.0002573430349684264,0.0,0.0,0.0,6.426687600251808e-05,unicycle
1.4768792670661197,11.804659787955037,1.765,0.0,0.0,0.012983574021317541,0.37014988005177546,0.000256515126800954,0.0,0.0,0.0,6.419840215614852e-05,omni
1.4842799141476977,11.804761010209353,1.765,0.0,0.0,0.012984853858539976,0.37006687539852806,0.00025624184506604594,0.0,0.0,0.0,6.399186112169259e-05,unicycle
1.4916822224583366,11.804862247016276,1.765,0.0,0.0,0.012986132332169545,0.3701499396244731,0.00025541747746224126,0.0,0.0,0.0,6.392368147845669e-05,omni
1.4990828705747241,11.804963466268793,1.765,0.0,0.0,0.012987406692676796,0.37006692583915035,0.00025514536318787254,0.0,0.0,0.0,6.37180253626806e-05,unicycle
1.5064851797535193,11.805064700106,1.765,0.0,0.0,0.012988679695446516,0.37014998175028896,0.0002543245214302798,0.0,0.0,0.0,6.365013848595888e-05,omni
1.5138858285887107,11.805165916365455,1.765,0.0,0.0,0.012989948602712886,0.37006696048053395,0.0002540535700340259,0.0,0.0,0.0,6.344536331850836e-05,unicycle
1.521288138351707,11.805267147241954,1.765,0.0,0.0,0.01299121615806833,0.37015000967943573,0.0002532362394217116,0.0,0.0,0.0,6.33777677721652e-05,omni
1.528688787652216,11.805368360517853,1.765,0.0,0.0,0.01299247963546044,0.3700669824489177,0.0002529664462805199,0.0,0.0,0.0,6.31738696056404e-05,unicycle
1.5360910977744064,11.805469588443383,1.765,0.0,0.0,0.012993741766739913,0.3701500263596435,0.000252152612108095,0.0,0.0,0.0,6.310656397366405e-05,omni
1.543491747341484,11.8055707987459,1.765,0.0,0.0,0.012994999837517847,0.3700669944814558,0.00025188397254879427,0.0,0.0,0.0,6.29035388967209e-05,unicycle
1.5508940576480743,11.805672023730803,1.765,0.0,0.0,0.012996256567953668,0.3701500343017911,0.0002510736201046679,0.0,0.0,0.0,6.283652179107254e-05,omni
1.5582947073285798,11.805773231070658,1.765,0.0,0.0,0.012997509255272318,0.37006699885874905,0.0002508061294078561,0.0,0.0,0.0,6.263436593237045e-05,unicycle
1.565697017685862,11.805874453125766,1.765,0.0,0.0,0.012998760607992217,0.3701500355603413,0.00024999924398147,0.0,0.0,0.0,6.25676359951112e-05,omni
1.5730976673634094,11.805975657514109,1.765,0.0,0.0,0.013000007934902696,0.37006699741872456,0.0002497328973911048,0.0,0.0,0.0,6.236634552395638e-05,unicycle
1.5804999776703612,11.80607687665063,1.765,0.0,0.0,0.013001253932931209,0.3701500317697449,0.00024892946428346655,0.0,0.0,0.0,6.229990142565781e-05,omni
1.5879006272574827,11.806178078098933,1.765,0.0,0.0,0.013002495922382186,0.3700669916073983,0.0002486642570179934,0.0,0.0,0.0,6.209947254891992e-05,unicycle
1.5953029374385492,11.806279294328354,1.765,0.0,0.0,0.013003736588641904,0.3701500242035342,0.0002478642615525078,0.0,0.0,0.0,6.20333129859631e-05,omni
1.6027035868701167,11.806380492848334,1.765,0.0,0.0,0.013004973263480813,0.3700669825419178,0.00024760018881557803,0.0,0.0,0.0,6.183374194555324e-05,unicycle
1.6101058968692714,11.806481706182346,1.765,0.0,0.0,0.013006208620793552,0.3701500138381892,0.00024680361634798976,0.0,0.0,0.0,6.17678656368276e-05,omni
1.6175065460971718,11.806582901785886,1.765,0.0,0.0,0.01300744000376767,0.37006697107308223,0.00024654067333760514,0.0,0.0,0.0,6.156914870593248e-05,unicycle
1.6249088558731695,11.806684112236322,1.765,0.0,0.0,0.013008670074855467,0.37015000141286525,0.00024574750926398644,0.0,0.0,0.0,6.150355438981044e-05,omni
1.6323095048620972,11.806785304935422,1.765,0.0,0.0,0.013009896188612875,0.3700669578413701,0.00024548569117994795,0.0,0.0,0.0,6.130568787032748e-05,unicycle
1.639711814384764,11.806886512514206,1.765,0.0,0.0,0.013011120996098913,0.37014998748120764,0.00024469592094320046,0.0,0.0,0.0,6.124037430195724e-05,omni
1.6471124631089635,11.806987702320935,1.765,0.0,0.0,0.013012341863189347,0.3700669433243137,0.00024443522299277695,0.0,0.0,0.0,6.104335452171276e-05,unicycle
1.654514772356346,11.807088907040045,1.765,0.0,0.0,0.013013561429598757,0.37014997245426423,0.0002436488320872447,0.0,0.0,0.0,6.097832047036527e-05,omni
1.6619154207971243,11.807190093966517,1.765,0.0,0.0,0.01301477707247437,0.3700669278750694,0.00024338924948942513,0.0,0.0,0.0,6.0782143780566244e-05,unicycle
1.6693177297533253,11.807291295837961,1.765,0.0,0.0,0.013015991420234926,0.3701499566349236,0.00024260622346443633,0.0,0.0,0.0,6.071738802782565e-05,omni
1.6767183778971746,11.807392479896297,1.765,0.0,0.0,0.01301720186125096,0.3700669117529904,0.00024234775145304,0.0,0.0,0.0,6.0522050801685925e-05,unicycle
1.6841206865507319,11.807493678932087,1.765,0.0,0.0,0.013018411012693756,0.37014994024492304,0.00024156807591531267,0.0,0.0,0.0,6.0457572139856e-05,omni
1.6915213343879312,11.807594860134408,1.765,0.0,0.0,0.013019616274109174,0.3700668951473835,0.00024131070974109264,0.0,0.0,0.0,6.0263070770855446e-05,unicycle
1.6989236427306096,11.807696056346542,1.765,0.0,0.0,0.013020820251469214,0.37014992344566483,0.00024053437035625948,0.0,0.0,0.0,6.0198868001906464e-05,omni
1.7063242902541857,11.807797234704953,1.765,0.0,0.0,0.013022020355447278,0.37006687819568546,0.00024027810528837144,0.0,0.0,0.0,6.000519890311502e-05,unicycle
1.7137265982800878,11.807898428105412,1.765,0.0,0.0,0.013023219180864022,0.3701499063540377,0.00023950508778204866,0.0,0.0,0.0,5.9941270837144684e-05,omni
1.7211272454850526,11.807999603631993,1.765,0.0,0.0,0.013024414149472805,0.3700668609971965,0.00023924991910906902,0.0,0.0,0.0,5.974843043916106e-05,unicycle
1.7285295531899652,11.808100794232729,1.765,0.0,0.0,0.013025607844990685,0.3701498890543085,0.00023848020926749958,0.0,0.0,0.0,5.968477589393982e-05,omni
1.735930200072759,11.808201966939524,1.765,0.0,0.0,0.013026797700203594,0.37006684362335224,0.00023822613229790328,0.0,0.0,0.0,5.949276064534866e-05,unicycle
1.7433325074536787,11.80830315475245,1.765,0.0,0.0,0.013027986287772509,0.3701498716069756,0.0002374597159680196,0.0,0.0,0.0,5.942937844566208e-05,omni
1.750733154011766,11.808404324651464,1.765,0.0,0.0,0.013029171051468742,0.3700668261253406,0.00023720672603043229,0.0,0.0,0.0,5.9238184811655384e-05,unicycle
1.758135461066555,11.808505509688455,1.765,0.0,0.0,0.013030354552944514,0.37014985405531003,0.00023644358911992241,0.0,0.0,0.0,5.917507378863978e-05,omni
1.7655361072981304,11.808606676791655,1.765,0.0,0.0,0.01303153424690953,0.3700668085397087,0.00023619168156333408,0.0,0.0,0.0,5.8984698250745875e-05,unicycle
1.7729384140252669,11.808707859064542,1.765,0.0,0.0,0.013032712684054365,0.37014983643015376,0.00023543181004064456,0.0,0.0,0.0,5.892185724180867e-05,omni
1.780339059929045,11.808809023383846,1.765,0.0,0.0,0.013033887329980322,0.3700667908924632,0.0002351809802343736,0.0,0.0,0.0,5.8732296297853595e-05,unicycle
1.7877413663274455,11.808910202904418,1.765,0.0,0.0,0.013035060724463246,0.37014981875341885,0.00023442436012836623,0.0,0.0,0.0,5.866972414612697e-05,omni
1.7951420119025094,11.8090113644517,1.765,0.0,0.0,0.013036230343949434,0.37006677320205267,0.00023417460346201603,0.0,0.0,0.0,5.848097430933792e-05,unicycle
1.8025443179714002,11.809112541231697,1.765,0.0,0.0,0.013037398717346708,0.37014980104062645,0.00023342122086182415,0.0,0.0,0.0,5.8418669863632196e-05,omni
1.809944963217094,11.809213700018784,1.765,0.0,0.0,0.01303856333189997,0.3700667554815264,0.00023317253274509996,0.0,0.0,0.0,5.8230727663033686e-05,unicycle
1.8173472689559207,11.809314874069898,1.765,0.0,0.0,0.013039726705695516,0.3701497833027395,0.0002324223737996491,0.0,0.0,0.0,5.8168689777360795e-05,omni
1.8247479138717722,11.809416030108569,1.765,0.0,0.0,0.013040886336730652,0.3700667377400884,0.00023217474966229386,0.0,0.0,0.0,5.7981551756726347e-05,unicycle
1.8321502192801344,11.809517201442446,1.765,0.0,0.0,0.013042044732316458,0.37014976554748036,0.00023142780058021178,0.0,0.0,0.0,5.7919779290352564e-05,omni
1.8395508638658005,11.809618354744428,1.765,0.0,0.0,0.013043199401156634,0.37006671998421414,0.00023118123587184854,0.0,0.0,0.0,5.773344200884961e-05,unicycle
1.846953168943406,11.809719523372664,1.765,0.0,0.0,0.013044352839833158,0.3701497477802749,0.00023043748292099554,0.0,0.0,0.0,5.767193382626004e-05,omni
1.8543538131986341,11.80982067394964,1.765,0.0,0.0,0.013045502567710322,0.37006670221844745,0.00023019197311100256,0.0,0.0,0.0,5.74863938579323e-05,unicycle
1.8617561179452673,11.809921839883783,1.765,0.0,0.0,0.013046651070686895,0.37014973000492607,0.00022945140261828461,0.0,0.0,0.0,5.7425148828646205e-05,omni
1.869156761869869,11.810022987747383,1.765,0.0,0.0,0.01304779587874214,0.3700666844459695,0.0002292069431956191,0.0,0.0,0.0,5.724040276237195e-05,unicycle
1.8765590662853666,11.810124150998934,1.765,0.0,0.0,0.01304893946713736,0.37014971222409276,0.00022846954154655182,0.0,0.0,0.0,5.717941976096146e-05,omni
1.8839597098791971,11.810225296160741,1.765,0.0,0.0,0.01305007937642137,0.37006666666900145,0.0002282261280196682,0.0,0.0,0.0,5.6995464200437426e-05,unicycle
1.8913620139634324,11.810326456741151,1.765,0.0,0.0,0.013051218071263498,0.37014969443962925,0.00022749188165823914,0.0,0.0,0.0,5.693474210634358e-05,omni
1.8987626572263776,11.8104275992127,1.765,0.0,0.0,0.013052353102736893,0.3700666488890907,0.00022724950955490847,0.0,0.0,0.0,5.675157366974169e-05,unicycle
1.90616496097925,11.81052875713337,1.765,0.0,0.0,0.013053486924964233,0.37014967665282583,0.00022651840498310753,0.0,0.0,0.0,5.669111136717852e-05,omni
1.9135656039112174,11.810629896926145,1.765,0.0,0.0,0.013054617099497975,0.3700666311073126,0.00022627706985030335,0.0,0.0,0.0,5.650872668713775e-05,unicycle
1.9209679073326442,11.810731052198431,1.765,0.0,0.0,0.01305574606995928,0.37014965886457774,0.0002255490936279585,0.0,0.0,0.0,5.644852306527079e-05,omni
1.9283685499335566,11.810832189323865,1.765,0.0,0.0,0.013056871408335061,0.37006661332441215,0.00022530879103176206,0.0,0.0,0.0,5.626691878910882e-05,unicycle
1.9357708530234667,11.810933341959071,1.765,0.0,0.0,0.013057995547789896,0.3701496410755045,0.00022458392977622136,0.0,0.0,0.0,5.620697274179987e-05,omni
1.9431714952932555,11.811034476428553,1.765,0.0,0.0,0.013059116070700516,0.3700665955409045,0.00022434465530174109,0.0,0.0,0.0,5.60261455309232e-05,unicycle
1.9505737980515863,11.811135626437938,1.765,0.0,0.0,0.013060235399819653,0.37014962328603374,0.0002236228956876709,0.0,0.0,0.0,5.596645595686307e-05,omni
1.9579744399901904,11.811236758262805,1.765,0.0,0.0,0.0130613511278694,0.3700665777571444,0.0002233846449389078,0.0,0.0,0.0,5.5786402487261765e-05,unicycle
1.9653767424168853,11.811337905657577,1.765,0.0,0.0,0.013062465667235196,0.3701496054964596,0.00022266597369793823,0.0,0.0,0.0,5.572696828990249e-05,omni
1.9727773840242493,11.81143903484912,1.765,0.0,0.0,0.01306357662094023,0.37006655997337584,0.00022242874229772415,0.0,0.0,0.0,5.554768525167817e-05,unicycle
1.9801796861192553,11.81154017964044,1.765,0.0,0.0,0.01306468639104701,0.37014958770698353,0.00022171314621830112,0.0,0.0,0.0,5.5488505338903685e-05,omni
1.9875803273953252,11.811641306209902,1.765,0.0,0.0,0.013065792590835727,0.3700665421897652,0.0002214769298081585,0.0,0.0,0.0,5.530998943598199e-05,unicycle
1.994982629158592,11.811742448408886,1.765,0.0,0.0,0.013066897612090142,0.3701495699177427,0.0002207643957351509,0.0,0.0,0.0,5.525106272058731e-05,omni
2.0023832701033175,11.811843572367458,1.765,0.0,0.0,0.01306799907830357,0.37006652440642557,0.00022052918997524828,0.0,0.0,0.0,5.507331067156442e-05,unicycle
2.0097855715347968,11.811944711985172,1.765,0.0,0.0,0.013069099371024994,0.37014955212883005,0.0002198197048098519,0.0,0.0,0.0,5.5014636071088e-05,omni
2.017186212148128,11.812045833344003,1.765,0.0,0.0,0.013070196123917162,0.3700665066234331,0.0002195855053788842,0.0,0.0,0.0,5.4837644608391564e-05,unicycle
2.0245885132477714,11.812146970391469,1.765,0.0,0.0,0.013071291708338057,0.3701495343403076,0.00021887905607823158,0.0,0.0,0.0,5.477922104492544e-05,omni
2.03198915352966,11.812248089161658,1.765,0.0,0.0,0.013072383768076358,0.3700664888408388,0.00021864585867333426,0.0,0.0,0.0,5.460298691496476e-05,unicycle
2.0393914542974207,11.812349223649845,1.765,0.0,0.0,0.01307347466434266,0.37014951655221684,0.00021794243225033548,0.0,0.0,0.0,5.4544813315056035e-05,omni
2.046792094247818,11.81245033984244,1.765,0.0,0.0,0.013074562051008216,0.3700664710586761,0.00021771023258696483,0.0,0.0,0.0,5.436933327791423e-05,unicycle
2.054194394683649,11.812551471782273,1.765,0.0,0.0,0.013075648279179664,0.37014949876458453,0.0002170098161099585,0.0,0.0,0.0,5.4311408572651964e-05,omni
2.061595034302507,11.81265258540828,1.765,0.0,0.0,0.01307673101276771,0.3700664532769667,0.00021677860992187583,0.0,0.0,0.0,5.4136679402341885e-05,unicycle
2.0689973344063635,11.812753714810643,1.765,0.0,0.0,0.01307781259281826,0.3701494809774275,0.0002160811905145553,0.0,0.0,0.0,5.407900252749807e-05,omni
2.0763979736936347,11.81285482588102,1.765,0.0,0.0,0.0130788906932385,0.3700664354957237,0.00021585097355380413,0.0,0.0,0.0,5.390502101195916e-05,unicycle
2.083800273465469,11.812955952756743,1.765,0.0,0.0,0.013079967645056657,0.370149463190756,0.00021515653839496737,0.0,0.0,0.0,5.384759090780046e-05,omni
2.0912009124211055,11.813057061282398,1.765,0.0,0.0,0.013081041132133629,0.37006641771495496,0.00021492730643162263,0.0,0.0,0.0,5.367435384854545e-05,unicycle
2.0986002746143297,11.813158145349353,1.765,0.0,0.0,0.013081608954568296,0.37000256923541236,0.000214235842754679,0.0,0.0,0.0,2.8391121733277375e-05,omni
2.105989218506097,11.813254788568905,1.765,0.0,0.0,0.01308139736613688,0.36947879420591384,-1.0392751757760065e-06,0.0,0.0,0.0,-1.0579421570875981e-05,unicycle
2.1133608633731398,11.813344566304268,1.765,0.0,0.0,0.013078915473495795,0.36860942700992655,-0.0003324731526819728,0.0,0.0,0.0,-0.00012409463205432497,unicycle
2.120744647057616,11.813430116234297,1.765,0.0,0.0,0.013070989896924052,0.36921355388973387,-0.0005498627019982822,0.0,0.0,0.0,-0.00039627882858705787,unicycle
2.128154583810637,11.81351326333111,1.765,0.0,0.0,0.013054291594303786,0.3705195331769233,-0.0006825292990845902,0.0,0.0,0.0,-0.0008349151310134365,unicycle
2.1355939117886877,11.813595212963977,1.765,0.0,0.0,0.01302542124057799,0.37198820423728013,-0.0007531176919834594,0.0,0.0,0.0,-0.001443517686289664,unicycle
2.1430586037943833,11.813676701623248,1.765,0.0,0.0,0.01298096360819106,0.3732560260875118,-0.0007790160516824884,0.0,0.0,0.0,-0.002222881619346627,unicycle
2.150454388195199,11.813756822660903,1.765,0.0,0.0,0.0128680187407544,0.36981011015526943,-0.0007734871566547459,0.0,0.0,0.0,-0.005647243371833026,unicycle
2.157640800333741,11.813833404339547,1.765,0.0,0.0,0.012599291956487107,0.3593402341237019,-0.0007465676215712406,0.0,0.0,0.0,-0.01343633921336461,unicycle
2.1645277627406636,11.813904353767072,1.765,0.0,0.0,0.012102977705009281,0.3443656731533511,-0.0007057811405724842,0.0,0.0,0.0,-0.024815712573891476,unicycle
2.1710624500003846,11.813967752365564,1.765,0.0,0.0,0.011319736672818397,0.3267490881565023,-0.0006567028371523198,0.0,0.0,0.0,-0.03916205160954468,unicycle
2.177219164600653,11.81402193346321,1.765,0.0,0.0,0.010200614816297405,0.30784707477128426,-0.0006034046140055748,0.0,0.0,0.0,-0.05595609282605025,unicycle
2.1829915810248854,11.814065525755941,1.765,0.0,0.0,0.008705598448491576,0.28862855625470185,-0.0005488055647904557,0.0,0.0,0.0,-0.07475081839029207,unicycle
2.188386846379261,11.814097462738538,1.765,0.0,0.0,0.006802582625516633,0.2697675805721623,-0.0004949467905465709,0.0,0.0,0.0,-0.09515079114874814,unicycle
2.1934211309979004,11.814116964898325,1.765,0.0,0.0,0.004466593990765914,0.2517157866924008,-0.00044320614825534786,0.0,0.0,0.0,-0.11679943173753704,unicycle
2.1981163067384286,11.81412350329581,1.765,0.0,0.0,0.0016791586378117913,0.23475875924816955,-0.000394465377874963,0.0,0.0,0.0,-0.13937176764770748,unicycle
2.2024974981201066,11.814116752686624,1.765,0.0,0.0,-0.0015722566112288505,0.21905964722265103,-0.00034923956867259566,0.0,0.0,0.0,-0.1625707624520337,unicycle
2.2065913053467283,11.814096540912894,1.765,0.0,0.0,-0.005294772794562108,0.20469274283239058,-0.00030777692303738123,0.0,0.0,0.0,-0.18612580916666477,unicycle
2.2104245412462116,11.814062799600263,1.765,0.0,0.0,-0.00949062009937162,0.19166917010042245,-0.00027013516439736997,0.0,0.0,0.0,-0.20979236524047784,unicycle
2.2140233583876983,11.81401551957916,1.765,0.0,0.0,-0.014157660641193214,0.17995639337756283,-0.0002362396407307049,0.0,0.0,0.0,-0.23335202709108224,unicycle
2.2174126698314898,11.813954713058692,1.765,0.0,0.0,-0.019289912546665972,0.16949290366136424,-0.00020592713578989125,0.0,0.0,0.0,-0.2566125952736409,unicycle
2.220615788520054,11.81388038347186,1.765,0.0,0.0,-0.024878070017687378,0.1601991582455488,-0.0001789785672908694,0.0,0.0,0.0,-0.27940787355107327,unicycle
2.223654227352987,11.81379250308173,1.765,0.0,0.0,-0.030910011699690054,0.15198562343329908,-0.00015514308499539335,0.0,0.0,0.0,-0.3015970841001375,unicycle
2.2265476154107597,11.813690997863104,1.765,0.0,0.0,-0.037371289214394324,0.14475858976492129,-0.00013415554944756403,0.0,0.0,0.0,-0.32306387573521766,unicycle
2.2293136963312055,11.813575738813501,1.765,0.0,0.0,-0.044245588445062566,0.13842428553780983,-0.00011574894788682572,0.0,0.0,0.0,-0.3437149615334174,unicycle
2.231968383086543,11.81344653865788,1.765,0.0,0.0,-0.05151515754980606,0.13289170013085358,-9.966296633449922e-05,0.0,0.0,0.0,-0.36347845523718036,unicycle
2.234525849830013,11.813303152851605,1.765,0.0,0.0,-0.059161197346690245,0.12807443796630977,-8.564966889435694e-05,0.0,0.0,0.0,-0.38230198984421554,unicycle
2.2369986464593765,11.813145283818203,1.765,0.0,0.0,-0.06716421140816897,0.12389185215245652,-7.347702308022209e-05,0.0,0.0,0.0,-0.4001507030739438,unicycle
2.2393978253837727,11.812972587450682,1.765,0.0,0.0,-0.07550431476330717,0.12026965016337612,-6.293084232620834e-05,0.0,0.0,0.0,-0.41700516775691776,unicycle
2.241733072923974,11.812784681031996,1.765,0.0,0.0,-0.08416150144745402,0.11714011927918093,-5.381558476147669e-05,0.0,0.0,0.0,-0.4328593342073519,unicycle
2.244012840017716,11.812581151872251,1.765,0.0,0.0,-0.09311587222401801,0.11444208447926395,-4.595434361345909e-05,0.0,0.0,0.0,-0.44771853882820917,unicycle
2.246244468595755,11.81236156610324,1.765,0.0,0.0,-0.10234782462877143,0.1121206840840709,-3.918828343599139e-05,0.0,0.0,0.0,-0.4615976202376807,unicycle
2.2484343112626854,11.812125477205354,1.765,0.0,0.0,-0.11183820807134087,0.11012702709889428,-3.337571308553015e-05,0.0,0.0,0.0,-0.4745191721284841,unicycle
2.250587842855783,11.811872433962273,1.765,0.0,0.0,-0.12156844710023557,0.1084177796625047,-2.839093726089143e-05,0.0,0.0,0.0,-0.48651195144474874,unicycle
2.2527097631411928,11.811601987641769,1.765,0.0,0.0,-0.131520636130833,0.10695471523397619,-2.412299049867108e-05,0.0,0.0,0.0,-0.49760945152988506,unicycle
2.2548040903990882,11.81131369828598,1.765,0.0,0.0,-0.14167760898472143,0.1057042533569526,-2.0474328398553875e-05,0.0,0.0,0.0,-0.5078486426944369,unicycle
2.25687424599454,11.811007140062017,1.765,0.0,0.0,-0.15202298652624152,0.10463700438012924,-1.735952864496672e-05,0.0,0.0,0.0,-0.5172688770760209,unicycle
2.258923130264937,11.810681905675134,1.765,0.0,0.0,-0.16254120553707718,0.10372733187596023,-1.4704037587496787e-05,0.0,0.0,0.0,-0.5259109505418018,unicycle
2.2609531902058784,11.81033760988417,1.765,0.0,0.0,-0.17321753176732638,0.1029529402822595,-1.2442985547312004e-05,0.0,0.0,0.0,-0.5338163115124781,unicycle
2.262966479527236,11.80997389218445,1.765,0.0,0.0,-0.18403805986240454,0.10229449217370062,-1.0520084685084633e-05,0.0,0.0,0.0,-0.5410264047539279,unicycle
2.2649647116960856,11.809590418739129,1.765,0.0,0.0,-0.19498970260613754,0.10173525730004646,-8.886616451598847e-06,0.0,0.0,0.0,-0.5475821371866693,unicycle
2.266949306596236,11.80918688364813,1.765,0.0,0.0,-0.20606017165456125,0.10126079390693567,-7.5005107583481406e-06,0.0,0.0,0.0,-0.5535234524212072,unicycle
2.2689214314246677,11.808763009646107,1.765,0.0,0.0,-0.21723795167215076,0.1008586617277836,-6.325515591672872e-06,0.0,0.0,0.0,-0.5588890008794978,unicycle
2.270882036420662,11.80831854831882,1.765,0.0,0.0,-0.2285122695296277,0.10051816528044247,-5.330453490659287e-06,0.0,0.0,0.0,-0.5637158928738711,unicycle
2.272831885989186,11.80785327992234,1.765,0.0,0.0,-0.23987305998509043,0.10023012562532597,-4.488559836203356e-06,0.0,0.0,0.0,-0.5680395227731594,unicycle
2.274771585740157,11.807367012882665,1.765,0.0,0.0,-0.25131092905111957,0.09998667846968431,-3.7768970395095523e-06,0.0,0.0,0.0,-0.5718934533014828,unicycle
2.2767016059225242,11.806859583045181,1.765,0.0,0.0,-0.2628171160514661,0.09978109637938615,-3.1758383057759373e-06,0.0,0.0,0.0,-0.5753093500173505,unicycle
2.2786223016887237,11.806330852735146,1.765,0.0,0.0,-0.27438345519256846,0.099607632841907,-2.6686145549653497e-06,0.0,0.0,0.0,-0.5783169570551421,unicycle
2.280533930582473,11.805780709681793,1.765,0.0,0.0,-0.28600233731731195,0.09946138597957704,-2.2409182090909035e-06,0.0,0.0,0.0,-0.5809441062372033,unicycle
2.2824366676020538,11.805209065850665,1.765,0.0,0.0,-0.29766667237038535,0.09933817981591557,-1.8805578310038026e-06,0.0,0.0,0.0,-0.5832167526536951,unicycle
2.284330618152807,11.804615856221215,1.765,0.0,0.0,-0.3093698529851676,0.0992344611317643,-1.5771579685268466e-06,0.0,0.0,0.0,-0.5851590307391399,unicycle
2.2862158291669004,11.804001037539912,1.765,0.0,0.0,-0.32110571949990235,0.0991472100984652,-1.3218989795949498e-06,0.0,0.0,0.0,-0.5867933257367648,unicycle
2.288092298635728,11.803364587072963,1.765,0.0,0.0,-0.33286852662444893,0.09907386303278123,-1.1072920595966727e-06,0.0,0.0,0.0,-0.5881403562273557,unicycle
2.289959983770548,11.802706501377536,1.765,0.0,0.0,-0.3446529119065636,0.09901224577574844,-9.26985140587914e-07,0.0,0.0,0.0,-0.5892192641057653,unicycle
2.2918188079801474,11.802026795105666,1.765,0.0,0.0,-0.35645386608688323,0.09896051635045476,-7.755957691362277e-07,0.0,0.0,0.0,-0.5900477090160086,unicycle
2.293668666830287,11.801325499851327,1.765,0.0,0.0,-0.3682667053830384,0.09891711569876722,-6.485674857603428e-07,0.0,0.0,0.0,-0.5906419648077902,unicycle
2.2955094331282884,11.800602663047798,1.765,0.0,0.0,-0.38008704570419083,0.09888072543238162,-5.420466183685889e-07,0.0,0.0,0.0,-0.5910170160576464,unicycle
2.2973409612571425,11.799858346919882,1.765,0.0,0.0,-0.39191077876642827,0.09885023165823953,-4.527767615353641e-07,0.0,0.0,0.0,-0.5911866531119014,unicycle
2.2991630908667795,11.799092627493444,1.765,0.0,0.0,-0.4037340500556699,0.09882469405197411,-3.7800854156354784e-07,0.0,0.0,0.0,-0.591163564462112,unicycle
2.3009756500154586,11.79830559366294,1.765,0.0,0.0,-0.41555323856692117,0.09880331945568264,-3.154225640921289e-07,0.0,0.0,0.0,-0.5909594255625901,unicycle
2.3027784578413377,11.797497346316478,1.765,0.0,0.0,-0.4273649382359183,0.09878543936836141,-2.63063707478128e-07,0.0,0.0,0.0,-0.5905849834498822,unicycle
2.304571326833065,11.796667997516806,1.765,0.0,0.0,-0.4391659409705474,0.09877049077935378,-2.1928516287298876e-07,0.0,0.0,0.0,-0.5900501367314839,unicycle
2.3063540647584624,11.795817669736072,1.765,0.0,0.0,-0.45095322118416636,0.09875799986785076,-1.8270083275842138e-07,0.0,0.0,0.0,-0.5893640106809772,unicycle
2.3081264763018847,11.794946495141591,1.765,0.0,0.0,-0.4627239217304503,0.09874756815560212,-1.5214488583336279e-07,0.0,0.0,0.0,-0.5885350273142216,unicycle
2.309888364453521,11.794054614929623,1.765,0.0,0.0,-0.47447534113906525,0.09873886075631828,-1.2663742975104754e-07,0.0,0.0,0.0,-0.5875709704307748,unicycle
2.3116395316875575,11.793142178703976,1.765,0.0,0.0,-0.48620492205287513,0.09873159641453559,-1.0535540647463119e-07,0.0,0.0,0.0,-0.58647904569052,unicycle
2.313379780960689,11.792209343896182,1.765,0.0,0.0,-0.4979102407700985,0.09872553906971222,-8.760794005574576e-08,0.0,0.0,0.0,-0.5852659358611998,unicycle
2.3151089165577656,11.791256275224068,1.765,0.0,0.0,-0.5095889977985278,0.09872049071871349,-7.281547543136545e-08,0.0,0.0,0.0,-0.5839378514214929,unicycle
2.3168267448073614,11.790283144185558,1.765,0.0,0.0,-0.5212390093333126,0.09871628538227391,-6.049214123010517e-08,0.0,0.0,0.0,-0.58250057673926,unicycle
2.318533074686602,11.789290128584792,1.765,0.0,0.0,-0.5328581995746747,0.09871278400908003,-5.02308512786806e-08,0.0,0.0,0.0,-0.5809595120681257,unicycle
2.3202277183316617,11.788277412087709,1.765,0.0,0.0,-0.5444445938070701,0.09870987017533486,-4.1690730047765934e-08,0.0,0.0,0.0,-0.5793197116197959,unicycle
2.321910491467829,11.787245183804506,1.765,0.0,0.0,-0.5559963121665951,0.09870744645852657,-3.4586508067053364e-08,0.0,0.0,0.0,-0.5775859179762766,unicycle
2.3235812137709226,11.786193637896558,1.765,0.0,0.0,-0.5675115640287347,0.09870543138205781,-2.8679585619277715e-08,0.0,0.0,0.0,-0.5757625931070057,unicycle
2.325239709170002,11.785122973205574,1.765,0.0,0.0,-0.5789886429537778,0.09870375684278436,-2.3770507902331993e-08,0.0,0.0,0.0,-0.5738539462521718,unicycle
2.326885806099815,11.784033392903005,1.765,0.0,0.0,-0.5904259221323023,0.09870236594669744,-1.9692633309999198e-08,0.0,0.0,0.0,-0.5718639589262526,unicycle
2.328519337710094,11.782925104157867,1.765,0.0,0.0,-0.6018218502780216,0.09870121118926518,-1.6306809391149155e-08,0.0,0.0,0.0,-0.5697964072859896,unicycle
2.3301401420377204,11.78179831782135,1.765,0.0,0.0,-0.6131749479199285,0.09870025292658338,-1.3496899164414552e-08,0.0,0.0,0.0,-0.5676548820953655,unicycle
2.331748062146855,11.780653248126784,1.765,0.0,0.0,-0.6244838040500739,0.09869945809170508,-1.1166024454881291e-08,0.0,0.0,0.0,-0.5654428065072943,unicycle
2.333342946241335,11.779490112403623,1.765,0.0,0.0,-0.6357470730874362,0.09869879911752007,-9.233413360411477e-09,0.0,0.0,0.0,-0.5631634518681424,unicycle
2.334924647752979,11.778309130804358,1.765,0.0,0.0,-0.6469634721221816,0.09869825303351273,-7.631756351238327e-09,0.0,0.0,0.0,-0.5608199517372943,unicycle
2.33649302540889,11.777110526043284,1.765,0.0,0.0,-0.658131778408182,0.09869780070879007,-6.304990293744437e-09,0.0,0.0,0.0,-0.5584153143000418,unicycle
2.338047943280379,11.775894523146308,1.765,0.0,0.0,-0.669250827074949,0.09869742621806997,-5.206442245126418e-09,0.0,0.0,0.0,-0.555952433338371,unicycle
2.339589270815731,11.774661349210959,1.765,0.0,0.0,-0.6803195090331665,0.09869711631096476,-4.297275515450039e-09,0.0,0.0,0.0,-0.5534340979109055,unicycle
2.3411168758040644,11.77341122458765,1.765,0.0,0.0,-0.6913480301198859,0.09869685996798344,-3.545189517653054e-09,0.0,0.0,0.0,-0.5514260543359852,unicycle
2.34263061333299,11.772144350202552,1.765,0.0,0.0,-0.7023522479565599,0.09869664802928986,-2.923332565186276e-09,0.0,0.0,0.0,-0.5502108918337323,unicycle
2.3441303257722534,11.770860909165853,1.765,0.0,0.0,-0.7133410781043851,0.09869647288446416,-2.409393237790243e-09,0.0,0.0,0.0,-0.549441507391266,unicycle
2.345615849752589,11.769561076307996,1.765,0.0,0.0,-0.7243184043904324,0.09869632821338276,-1.9848413953193757e-09,0.0,0.0,0.0,-0.5488663143023823,unicycle
2.347087021434037,11.768245024832105,1.765,0.0,0.0,-0.7352845338697122,0.09869620876990788,-1.6342945288485585e-09,0.0,0.0,0.0,-0.5483064739640047,unicycle
2.348543680424656,11.76691293080349,1.765,0.0,0.0,-0.7462372985645129,0.09869611020140824,-1.3449890267236531e-09,0.0,0.0,0.0,-0.5476382347400521,unicycle
2.349985672639341,11.765564976029944,1.765,0.0,0.0,-0.757172883871649,0.09869602889825224,-1.1063392109171432e-09,0.0,0.0,0.0,-0.5467792653568266,unicycle
2.3514128523302946,11.76420134975699,1.765,0.0,0.0,-0.7680864460530812,0.0986959618683598,-9.095697598490356e-10,0.0,0.0,0.0,-0.5456781090716215,unicycle
2.3528250834736752,11.762822249502014,1.765,0.0,0.0,-0.7789725675087444,0.09869590663269262,-7.474094575419343e-10,0.0,0.0,0.0,-0.5443060727831739,unicycle
2.3542222406590194,11.761427881273518,1.765,0.0,0.0,-0.7898255877710207,0.09869586113823099,-6.138361634089896e-10,0.0,0.0,0.0,-0.5426510131138342,unicycle
2.3556042095976424,11.760018459361698,1.765,0.0,0.0,-0.8006398397268479,0.09869582368554665,-5.038645396772742e-10,0.0,0.0,0.0,-0.5407125977913807,unicycle
2.3569708873418675,11.758594205840236,1.765,0.0,0.0,-0.8114098139687634,0.09869579286855262,-4.1336945322334e-10,0.0,0.0,0.0,-0.5384987120957985,unicycle
2.3583221822875013,11.757155349883467,1.765,0.0,0.0,-0.8221302690086872,0.09869576752440672,-3.389391267732087e-10,0.0,0.0,0.0,-0.536022751996208,unicycle
2.3596580140164245,11.755702126975757,1.765,0.0,0.0,-0.8327963010496743,0.09869574669187728,-2.777530859705446e-10,0.0,0.0,0.0,-0.5333016020493755,unicycle
2.360978313023825,11.754234778068927,1.765,0.0,0.0,-0.8434033838585796,0.0986957295767582,-2.2748076331347801e-10,0.0,0.0,0.0,-0.5303541404452783,unicycle
2.3622830203647354,11.752753548727638,1.765,0.0,0.0,-0.8539473868256314,0.09869571552315297,-1.8619730237992304e-10,0.0,0.0,0.0,-0.5272001483526101,unicycle
2.363572087246713,11.751258688290646,1.765,0.0,0.0,-0.8644245773851295,0.09869570398964286,-1.5231367718443797e-10,0.0,0.0,0.0,-0.5238595279749192,unicycle
2.3648454745892984,11.74975044906664,1.765,0.0,0.0,-0.8748316124867456,0.09869569452951797,-1.2451871971504006e-10,0.0,0.0,0.0,-0.5203517550808273,unicycle
2.366103152565956,11.748229085576787,1.765,0.0,0.0,-0.8851655226564084,0.09869568677438571,-1.0173104866730034e-10,0.0,0.0,0.0,-0.5166955084831376,unicycle
2.3673451001403283,11.746694853850977,1.765,0.0,0.0,-0.8954236912965398,0.09869568042058637,-8.30592267405034e-11,0.0,0.0,0.0,-0.5129084320065842,unicycle
2.368571304605561,11.745148010781223,1.765,0.0,0.0,-0.9056038311902541,0.09869567521793987,-6.776875320137231e-11,0.0,0.0,0.0,-0.5090069946857236,unicycle
2.369781761133081,11.743588813533055,1.765,0.0,0.0,-0.9157039596480416,0.09869567096042824,-5.525473168016127e-11,0.0,0.0,0.0,-0.5050064228893881,unicycle
2.3709764723353053,11.74201751901392,1.765,0.0,0.0,-0.9257223733332636,0.0986956674784842,-4.50192478415258e-11,0.0,0.0,0.0,-0.5009206842611114,unicycle
2.3721554478453335,11.740434383396408,1.765,0.0,0.0,-0.9356576234968101,0.09869566463261212,-3.66526539661441e-11,0.0,0.0,0.0,-0.49676250817734374,unicycle
2.373318703915543,11.738839661693296,1.765,0.0,0.0,-0.9455084921199473,0.09869566230811334,-2.9818092873432084e-11,0.0,0.0,0.0,-0.4925434311568721,unicycle
2.3744662630361537,11.737233607381006,1.765,0.0,0.0,-0.9552739692907709,0.09869566041072705,-2.4238706443025287e-11,0.0,0.0,0.0,-0.48827385854119854,unicycle
2.3755981535741832,11.735616472067754,1.765,0.0,0.0,-0.9649532320106047,0.09869565886302907,-1.9687067967762806e-11,0.0,0.0,0.0,-0.48396313599170654,unicycle
2.376714409432744,11.733988505202722,1.765,0.0,0.0,-0.9745456245318133,0.09869565760145844,-1.597645580534416e-11,0.0,0.0,0.0,-0.4796196260604447,unicycle
2.3778150697302656,11.732349953822524,1.765,0.0,0.0,-0.9840506402598365,0.09869565657386355,-1.2953650894561422e-11,0.0,0.0,0.0,-0.4752507864011692,unicycle
2.378900178498998,11.730701062331493,1.765,0.0,0.0,-0.9934679052035394,0.09869565573747768,-1.0492994844508153e-11,0.0,0.0,0.0,-0.470863247185172,unicycle
2.3799697844019714,11.729042072312389,1.765,0.0,0.0,-1.002797162924385,0.09869565505725005,-8.491490313925822e-12,0.0,0.0,0.0,-0.46646288604227565,unicycle
2.381023940467478,11.727373222364479,1.765,0.0,0.0,-1.012038260912702,0.09869565450447015,-6.8647627960130185e-12,0.0,0.0,0.0,-0.4620548994158764,unicycle
2.3820627038401008,11.725694747966035,1.765,0.0,0.0,-1.021191138305598,0.09869565405563478,-5.5437339838758375e-12,0.0,0.0,0.0,-0.4576438696448044,unicycle
2.3830861355472504,11.724006881358656,1.765,0.0,0.0,-1.0302558148535457,0.09869565369151512,-4.471882675513058e-12,0.0,0.0,0.0,-0.4532338273973789,unicycle
2.38409430028022,11.722309851450984,1.765,0.0,0.0,-1.0392323810397526,0.09869565339638914,-3.6029905711091857e-12,0.0,0.0,0.0,-0.4488283093103635,unicycle
2.3850872661887412,11.720603883739624,1.765,0.0,0.0,-1.0481209892567083,0.0986956531574102,-2.899288058622405e-12,0.0,0.0,0.0,-0.4444304108477827,unicycle
2.3860651046880936,11.718889200245325,1.765,0.0,0.0,-1.056921845946857,0.09869565296408798,-2.3299297923549123e-12,0.0,0.0,0.0,-0.44004283450744214,unicycle
2.387027890277846,11.717166019462631,1.765,0.0,0.0,-1.0656352046184305,0.09869565280786206,-1.8697420567306273e-12,0.0,0.0,0.0,-0.43566793357866473,unicycle
2.3879757003713524,11.715434556321433,1.765,0.0,0.0,-1.0742613596524824,0.09869565268175164,-1.4981940013696845e-12,0.0,0.0,0.0,-0.43130775170259716,unicycle
2.3889086151351937,11.713695022159007,1.765,0.0,0.0,-1.0828006408227562,0.09869565258006813,-1.19855318955666e-12,0.0,0.0,0.0,-0.42696405851370345,unicycle
2.3898267173377943,11.711947624701281,1.765,0.0,0.0,-1.0912534084558216,0.09869565249817938,-9.571928163663624e-13,0.0,0.0,0.0,-0.42263838165328327,unicycle
2.39073009220651,11.71019256805222,1.765,0.0,0.0,-1.0996200491647674,0.09869565243231633,-7.630236711857831e-13,0.0,0.0,0.0,-0.41833203544728315,unicycle
2.3916188272925223,11.70843005269033,1.765,0.0,0.0,-1.1079009720954578,0.09869565237941462,-6.070286467379688e-13,0.0,0.0,0.0,-0.4140461465345278,unicycle
2.3924930123429395,11.706660275471423,1.765,0.0,0.0,-1.116096605629862,0.09869565233698485,-4.818815029317477e-13,0.0,0.0,0.0,-0.40978167672022453,unicycle
2.393352739179543,11.704883429636835,1.765,0.0,0.0,-1.124207394496162,0.09869565230300643,-3.816348200574014e-13,0.0,0.0,0.0,-0.4055394433150058,unicycle
2.3941981015836724,11.703099704826458,1.765,0.0,0.0,-1.1322337972402265,0.09869565227584073,-3.014647391541709e-13,0.0,0.0,0.0,-0.40132013720323434,unicycle
2.3950291951867753,11.701309287095942,1.765,0.0,0.0,-1.1401762840175624,0.09869565225416016,-2.3746228496193537e-13,0.0,0.0,0.0,-0.39712433886679116,unicycle
2.3958461173662005,11.69951235893757,1.765,0.0,0.0,-1.1480353346690184,0.09869565223689009,-1.8646287931111916e-13,0.0,0.0,0.0,-0.39295253257281726,unicycle
2.3966489671458446,11.697709099304317,1.765,0.0,0.0,-1.1558114370473462,0.09869565222316153,-1.4590714688382184e-13,0.0,0.0,0.0,-0.38880511891638964,unicycle
2.397437845101298,11.695899683636679,1.765,0.0,0.0,-1.1635050855651912,0.0986956522122726,-1.137273463201123e-13,0.0,0.0,0.0,-0.38468242589223345,unicycle
2.398212853269162,11.69408428389193,1.765,0.0,0.0,-1.1711167799382614,0.09869565220365693,-8.825477345849257e-14,0.0,0.0,0.0,-0.3805847186535266,unicycle
2.3989740950602565,11.692263068575476,1.765,0.0,0.0,-1.178647024100277,0.09869565219685812,-6.814431800629865e-14,0.0,0.0,0.0,-0.37651220810078173,unicycle
2.3997216751764405,11.690436202774015,1.765,0.0,0.0,-1.186096325268872,0.09869565219150878,-5.23130415032505e-14,0.0,0.0,0.0,-0.3724650584297705,unicycle
2.4004556995308124,11.688603848190285,1.765,0.0,0.0,-1.1934651931439622,0.09869565218731355,-3.989020900886258e-14,0.0,0.0,0.0,-0.3684433937545029,unicycle
2.401176275171068,11.68676616317916,1.765,0.0,0.0,-1.20075413922215,0.09869565218403537,-3.017667095159692e-14,0.0,0.0,0.0,-0.36444730390939095,unicycle
2.40188351020582,11.684923302784915,1.765,0.0,0.0,-1.2079636762126276,0.09869565218148421,-2.2611872736665647e-14,0.0,0.0,0.0,-0.3604768495238745,unicycle
2.4025775137336938,11.683075418779476,1.765,0.0,0.0,-1.2150943175416862,0.09869565217950799,-1.6747082646217984e-14,0.0,0.0,0.0,-0.35653206645291924,unicycle
2.4032583957750466,11.681222659701545,1.765,0.0,0.0,-1.2221465769344433,0.09869565217798522,-1.2223685352058013e-14,0.0,0.0,0.0,-0.3526129696378628,unicycle
2.4039262672061517,11.679365170896421,1.765,0.0,0.0,-1.2291209680637238,0.09869565217681901,-8.755598955967154e-15,0.0,0.0,0.0,-0.34871955646401165,unicycle
2.4045812396957196,11.67750309455645,1.765,0.0,0.0,-1.236018004257206,0.09869565217593222,-6.115046088105015e-15,0.0,0.0,0.0,-0.34485180967412354,unicycle
2.4052234256436313,11.67563656976195,1.765,0.0,0.0,-1.2428381982550136,0.09869565217526359,-4.121050998004033e-15,0.0,0.0,0.0,-0.34100969989037977,unicycle
2.4058529381217744,11.673765732522595,1.765,0.0,0.0,-1.2495820620108455,0.09869565217476459,-2.6301503408634488e-15,0.0,0.0,0.0,-0.33719318779159047,unicycle
2.4064698908168802,11.671890715819083,1.765,0.0,0.0,-1.256250106530588,0.09869565217439687,-1.5289000849389047e-15,0.0,0.0,0.0,-0.33340222598713554,unicycle
2.4070743979752702,11.670011649645119,1.765,0.0,0.0,-1.262842841743077,0.09869565217413018,-7.278384218605867e-16,0.0,0.0,0.0,-0.329636760624454,unicycle
2.4076665743494248,11.668128661049565,1.765,0.0,0.0,-1.2693607763983312,0.09869565217394077,-1.5662785834153683e-16,0.0,0.0,0.0,-0.32589673276271003,unicycle
2.4082465351463034,11.666241874178763,1.765,0.0,0.0,-1.2758044179891619,0.09869565217381003,2.398486401405914e-16,0.0,0.0,0.0,-0.32218207954153244,unicycle
2.4088143959773425,11.66435141031894,1.765,0.0,0.0,-1.2821742726925698,0.09869565217372345,5.046203961092795e-16,0.0,0.0,0.0,-0.31849273517040205,unicycle
2.4093702728100626,11.662457387938671,1.765,0.0,0.0,-1.2884708453277958,0.09869565217366974,6.711391936845351e-16,0.0,0.0,0.0,-0.3148286317613012,unicycle
2.409914281921232,11.660559922731366,1.765,0.0,0.0,-1.2946946393282877,0.09869565217364018,7.652873750502354e-16,0.0,0.0,0.0,-0.3111897000246131,unicycle
2.4104465398515273,11.65865912765771,1.765,0.0,0.0,-1.300846156725206,0.09869565217362808,8.069815201349671e-16,0.0,0.0,0.0,-0.3075758698459184,unicycle
2.4109671633616427,11.656755112988082,1.765,0.0,0.0,-1.3069258981403915,0.09869565217362831,8.11450786796549e-16,0.0,0.0,0.0,-0.3039870707592659,unicycle
2.4114762693898,11.654847986344857,1.765,0.0,0.0,-1.3129343627870043,0.098695652173637,7.902538782745112e-16,0.0,0.0,0.0,-0.3004232323306504,unicycle
2.4119739750106133,11.652937852744618,1.765,0.0,0.0,-1.3188720484762804,0.09869565217365121,7.520863277588375e-16,0.0,0.0,0.0,-0.29688428446380033,unicycle
2.4124603973952703,11.651024814640227,1.765,0.0,0.0,-1.3247394516290592,0.0986956521736688,7.034198236601477e-16,0.0,0.0,0.0,-0.2933701576389301,unicycle
2.412935653772994,11.649108971962734,1.765,0.0,0.0,-1.3305370672909353,0.09869565217368817,6.490072157714179e-16,0.0,0.0,0.0,-0.2898807830938305,unicycle
2.41339986139374,11.64719042216311,1.765,0.0,0.0,-1.3362653891500462,0.0986956521737082,5.922802922689727e-16,0.0,0.0,0.0,-0.2864160929555364,unicycle
2.413853137492106,11.645269260253784,1.765,0.0,0.0,-1.3419249095566421,0.09869565217372807,5.356621146998031e-16,0.0,0.0,0.0,-0.2829760203298057,unicycle
2.4142955992524153,11.643345578849964,1.765,0.0,0.0,-1.347516119543737,0.09869565217374722,4.808114094755856e-16,0.0,0.0,0.0,-0.2795604993547554,unicycle
2.4147273637749445,11.641419468210726,1.765,0.0,0.0,-1.3530395088482212,0.09869565217376532,4.288130496189748e-16,0.0,0.0,0.0,-0.27616946522421526,unicycle
2.4151485480432666,11.639491016279864,1.765,0.0,0.0,-1.3584955659319344,0.09869565217378216,3.803258644097181e-16,0.0,0.0,0.0,-0.27280285418566413,unicycle
2.4155592688926855,11.63756030872646,1.765,0.0,0.0,-1.3638847780022745,0.09869565217379764,3.356967607288383e-16,0.0,0.0,0.0,-0.2694606035170021,unicycle
2.4159596429797263,11.635627428985206,1.765,0.0,0.0,-1.3692076310319918,0.09869565217381171,2.950483253683306e-16,0.0,0.0,0.0,-0.2661426514858679,unicycle
2.4163497867526678,11.633692458296421,1.765,0.0,0.0,-1.3744646097778868,0.09869565217382441,2.5834561862604525e-16,0.0,0.0,0.0,-0.26284893729473485,unicycle
2.416729816423084,11.631755475745786,1.765,0.0,0.0,-1.3796561977981783,0.09869565217383576,2.25446698074593e-16,0.0,0.0,0.0,-0.25957940101459387,unicycle
2.4170998479383723,11.629816558303755,1.765,0.0,0.0,-1.3847828774683715,0.09869565217384588,1.961404721959216e-16,0.0,0.0,0.0,-0.2563339835096642,unicycle
2.417459996955251,11.62787578086466,1.765,0.0,0.0,-1.389845129995476,0.09869565217385483,1.701747317470828e-16,0.0,0.0,0.0,-0.2531126263552407,unicycle
2.417810378814192,11.625933216285482,1.765,0.0,0.0,-1.394843435430486,0.09869565217386271,1.4727660589398648e-16,0.0,0.0,0.0,-0.24991527175049988,unicycle
2.418151108514782,11.623988935424292,1.765,0.0,0.0,-1.3997782726790424,0.09869565217386964,1.2716721085511754e-16,0.0,0.0,0.0,-0.24674186242783253,unicycle
2.4184823006919807,11.62204300717834,1.765,0.0,0.0,-1.4046501195102437,0.0986956521738757,1.0957187719338933e-16,0.0,0.0,0.0,-0.24359234156004655,unicycle
2.4188040695932567,11.620095498521797,1.765,0.0,0.0,-1.4094594525635753,0.09869565217388099,9.422703870672761e-17,0.0,0.0,0.0,-0.24046665266658823,unicycle
2.4191165290565846,11.618146474543131,1.765,0.0,0.0,-1.4142067473539703,0.09869565217388558,8.088462553139518e-17,0.0,0.0,0.0,-0.2373647395197563,unicycle
2.4194197924892804,11.616195998482116,1.765,0.0,0.0,-1.418892478275005,0.09869565217388955,6.931461403104594e-17,0.0,0.0,0.0,-0.2342865460517335,unicycle
2.4197139728476573,11.614244131766474,1.765,0.0,0.0,-1.4235171186002675,0.09869565217389298,5.930623618342814e-17,0.0,0.0,0.0,-0.23123201626312592,unicycle
2.4199991826174827,11.612290934048135,1.765,0.0,0.0,-1.4280811404829392,0.09869565217389592,5.066823335586259e-17,0.0,0.0,0.0,-0.22820109413358608,unicycle
2.420275533795216,11.610336463239092,1.765,0.0,0.0,-1.4325850149536388,0.09869565217389846,4.3228447039095084e-17,0.0,0.0,0.0,-0.22519372353499242,unicycle
2.4205431378700144,11.608380775546907,1.765,0.0,0.0,-1.43702921191659,0.09869565217390065,3.683296703795531e-17,0.0,0.0,0.0,-0.22220984814757122,unicycle
2.4208021058064775,11.606423925509771,1.765,0.0,0.0,-1.4414142001441754,0.09869565217390253,3.1345001590738676e-17,0.0,0.0,0.0,-0.21924941137926773,unicycle
2.4210525480281277,11.604465966031205,1.765,0.0,0.0,-1.4457404472699475,0.09869565217390412,2.6643590542929695e-17,0.0,0.0,0.0,-0.21631235628860837,unicycle
2.4212945744016,11.602506948414321,1.765,0.0,0.0,-1.4500084197801726,0.09869565217390548,2.2622249348003916e-17,0.0,0.0,0.0,-0.2133986255112353,unicycle
2.421528294221519,11.60054692239571,1.765,0.0,0.0,-1.4542185830039775,0.09869565217390663,1.918760616689901e-17,0.0,0.0,0.0,-0.21050816119024623,unicycle
2.42175381619606,11.598585936178887,1.765,0.0,0.0,-1.4583714011021864,0.09869565217390762,1.6258074984588875e-17,0.0,0.0,0.0,-0.20764090491042692,unicycle
2.4219712484331644,11.596624036467334,1.765,0.0,0.0,-1.4624673370549148,0.09869565217390847,1.3762593104603144e-17,0.0,0.0,0.0,-0.2047967976364283,unicycle
2.4221806984274052,11.594661268497129,1.765,0.0,0.0,-1.466506852648013,0.0986956521739092,1.1639440549293297e-17,0.0,0.0,0.0,-0.2019757796549063,unicycle
2.4223822730474716,11.592697676069132,1.765,0.0,0.0,-1.4704904084584252,0.09869565217390981,9.835150939182404e-18,0.0,0.0,0.0,-0.19917779052061535,unicycle
2.4225760785242705,11.590733301580785,1.765,0.0,0.0,-1.4744184638385536,0.09869565217391034,8.30351768252579e-18,0.0,0.0,0.0,-0.1964027690064241,unicycle
2.422762220439622,11.588768186057445,1.765,0.0,0.0,-1.478291476899698,0.09869565217391078,7.004695253077495e-18,0.0,0.0,0.0,-0.19365065305720125,unicycle
2.4229408037155338,11.586802369183316,1.765,0.0,0.0,-1.4821099044946482,0.09869565217391117,5.904392560651892e-18,0.0,0.0,0.0,-0.19092137974750367,unicycle
2.4231119326040393,11.584835889331947,1.765,0.0,0.0,-1.4858742021995077,0.0986956521739115,4.973153606353679e-18,0.0,0.0,0.0,-0.18821488524298388,unicycle
2.42327571067759,11.5828687835963,1.765,0.0,0.0,-1.489584824294816,0.09869565217391178,4.185719514770559e-18,0.0,0.0,0.0,-0.18553110476542445,unicycle
2.423432240819977,11.58090108781838,1.765,0.0,0.0,-1.4932422237460419,0.098695652173912,3.520465457862057e-18,0.0,0.0,0.0,-0.1828699725612966,unicycle
2.4235816252177753,11.578932836618444,1.765,0.0,0.0,-1.4968468521835165,0.0986956521739122,2.95890578303844e-18,0.0,0.0,0.0,-0.18023142187373334,unicycle
2.423723965352293,11.576964063423778,1.765,0.0,0.0,-1.5003991598818722,0.09869565217391235,2.4852607191640713e-18,0.0,0.0,0.0,-0.17761538491780166,unicycle
2.4238593619920126,11.574994800497027,1.765,0.0,0.0,-1.5038995957390513,0.09869565217391248,2.086078274349636e-18,0.0,0.0,0.0,-0.1750217928589547,unicycle
2.423995201180956,11.572914116156177,1.765,0.0,0.0,-1.507306448677768,0.1042557410494269,1.7499052950483607e-18,0.0,0.0,0.0,-0.17034264693582193,unicycle
2.424141564315233,11.570551292135399,1.765,0.0,0.0,-1.5105559901037324,0.11836769462000392,1.46700208022367e-18,0.0,0.0,0.0,-0.16247707129820843,unicycle
2.424303432163905,11.567797564408862,1.765,0.0,0.0,-1.5136090750659503,0.13792410506329705,1.229095402976727e-18,0.0,0.0,0.0,-0.1526542481109079,unicycle
2.4244825052387524,11.564589943525183,1.765,0.0,0.0,-1.5164445970495048,0.16063083308250098,1.029165260504045e-18,0.0,0.0,0.0,-0.14177609917773168,unicycle
2.4246784956170853,11.56089874032459,1.765,0.0,0.0,-1.5190544623060607,0.18482018999575403,8.612611344929613e-19,0.0,0.0,0.0,-0.13049326282777374,unicycle
2.4248900085811362,11.55671800741902,1.765,0.0,0.0,-1.5214397552756376,0.20930404720215173,7.203439865406194e-19,0.0,0.0,0.0,-0.11926464847882996,unicycle
2.4251151208772153,11.552058268114807,1.765,0.0,0.0,-1.5236078346533803,0.23325873217454357,6.021506295625436e-19,0.0,0.0,0.0,-0.10840396888714057,unicycle
2.4253517430786395,11.546941033266634,1.765,0.0,0.0,-1.5255701539632602,0.2561351741679292,5.030775021873614e-19,0.0,0.0,0.0,-0.09811596549399867,unicycle
2.4255978335166546,11.54139470964267,1.765,0.0,0.0,-1.5273406438215151,0.27758905911804665,4.200812268053218e-19,0.0,0.0,0.0,-0.08852449291274417,unicycle
2.4258515135903633,11.535451585937963,1.765,0.0,0.0,-1.5289345275851145,0.29742679956794493,3.5059365283930167e-19,0.0,0.0,0.0,-0.07969418817995888,unicycle
2.426111119965757,11.529145648646239,1.765,0.0,0.0,-1.5303674695377572,0.31556396900247585,2.924493756361134e-19,0.0,0.0,0.0,-0.07164709763214153,unicycle
2.4263752182030114,11.522511032804497,1.765,0.0,0.0,-1.5316549765770804,0.3319935290661369,2.4382397957092676e-19,0.0,0.0,0.0,-0.06437535196615386,unicycle
2.4266425942639547,11.51558095473991,1.765,0.0,0.0,-1.5328119916637242,0.34676172404412275,2.0318148342064453e-19,0.0,0.0,0.0,-0.057850754332185145,unicycle
2.426912234579497,11.508387007457253,1.765,0.0,0.0,-1.533852630984236,0.3599499551408287,1.6922966895688864e-19,0.0,0.0,0.0,-0.052031966025591195,unicycle
2.4271833013530353,11.500958725893822,1.765,0.0,0.0,-1.534790027594313,0.3716612981845859,1.4088215231438751e-19,0.0,0.0,0.0,-0.0468698305038453,unicycle
2.4274551070737447,11.493323350304305,1.765,0.0,0.0,-1.5356362528309389,0.3820106092316403,1.1722621429509577e-19,0.0,0.0,0.0,-0.04231126183129637,unicycle
2.4277270904413926,11.485505732626807,1.765,0.0,0.0,-1.536402293479715,0.3911173867780305,9.749554260024018e-20,0.0,0.0,0.0,-0.03830203243880583,unicycle
2.427998794778834,11.47752834371796,1.765,0.0,0.0,-1.5370980679319082,0.39910073797308865,8.104715816099155e-20,0.0,0.0,0.0,-0.03478872260965735,unicycle
2.4282698493216404,11.469411349551756,1.765,0.0,0.0,-1.5377324686642553,0.40607593831561756,6.734190124509725e-20,0.0,0.0,0.0,-0.03172003661734629,unicycle
2.428539953377634,11.461172732434697,1.765,0.0,0.0,-1.5383134215629244,0.41215218704269396,5.592794267925693e-20,0.0,0.0,0.0,-0.029047644933453024,unicycle
2.428808863138758,11.45282843946582,1.765,0.0,0.0,-1.5388479550824734,0.4174312496377724,4.642686301283727e-20,0.0,0.0,0.0,-0.026726675977465395,unicycle
2.429076380833123,11.444392545238415,1.765,0.0,0.0,-1.53934227413359,0.42200674930421905,3.852190926555619e-20,0.0,0.0,0.0,-0.02471595255584433,unicycle
2.4293423458791796,11.435877419439874,1.765,0.0,0.0,-1.539801835051191,0.42596392466988836,3.1948096403255967e-20,0.0,0.0,0.0,-0.02297804588006199,unicycle
2.4296066277163955,11.427293892795605,1.765,0.0,0.0,-1.5402314191035371,0.4293797144617176,2.6483870078546892e-20,0.0,0.0,0.0,-0.021479202617300863,unicycle
2.4298691200183544,11.418651416912107,1.765,0.0,0.0,-1.5406352028398609,0.4323230638688748,2.1944089527080383e-20,0.0,0.0,0.0,-0.02018918681618944,unicycle
2.430129736033236,11.409958215153738,1.765,0.0,0.0,-1.5410168241991904,0.4348553737649159,1.8174125769969797e-20,0.0,0.0,0.0,-0.019081067966457733,unicycle
2.4303884048364908,11.401221422856525,1.765,0.0,0.0,-1.5413794437643782,0.43703103445749614,1.5044901268445546e-20,0.0,0.0,0.0,-0.018130978259402415,unicycle
2.430645068317652,11.392447216034656,1.765,0.0,0.0,-1.5417258008805415,0.4388980014359758,1.2448723634923542e-20,0.0,0.0,0.0,-0.017317855808162617,unicycle
2.4308996787559924,11.383640928345011,1.765,0.0,0.0,-1.5420582645957226,0.44049838269572283,1.0295788559406586e-20,0.0,0.0,0.0,-0.01662318575906148,unicycle
2.431152196867645,11.374807156500149,1.765,0.0,0.0,-1.5423788795468545,0.4418690164313873,8.511246313183247e-21,0.0,0.0,0.0,-0.016030747556606655,unicycle
2.4314025902300442,11.365949854605988,1.765,0.0,0.0,-1.5426894070240642,0.443042024843998,7.03274252173448e-21,0.0,0.0,0.0,-0.015526373860484537,unicycle
2.431650832008503,11.357072418082161,1.765,0.0,0.0,-1.5429913615150928,0.4440453350009062,5.808357769779909e-21,0.0,0.0,0.0,-0.015097724551433347,unicycle
2.4318968999250665,11.348177757927894,1.765,0.0,0.0,-1.5432860430699935,0.44490316152056836,4.794882371097848e-21,0.0,0.0,0.0,-0.014734077745042286,unicycle
2.4321407754220346,11.339268366145447,1.765,0.0,0.0,-1.5435745658426516,0.4456364486390121,3.956372612245997e-21,0.0,0.0,0.0,-0.014426138632911948,unicycle
2.432382442982258,11.330346373142453,1.765,0.0,0.0,-1.5438578831664669,0.44626327119764037,3.262943227543357e-21,0.0,0.0,0.0,-0.014165866190759243,unicycle
2.432621889576047,11.32141359791644,1.765,0.0,0.0,-1.5441368095115846,0.4467991954655199,2.6897580100722696e-21,0.0,0.0,0.0,-0.01394631725588641,unicycle
2.4328591042105847,11.31247159178827,1.765,0.0,0.0,-1.5444120396540217,0.4472576016238662,2.2161865049076897e-21,0.0,0.0,0.0,-0.013761507121854706,unicycle
2.43309407756256,11.303521676403326,1.765,0.0,0.0,-1.5446841653656123,0.44764997031293624,1.8250998330185644e-21,0.0,0.0,0.0,-0.01360628557953392,unicycle
2.4333268016785246,11.294564976664823,1.765,0.0,0.0,-1.5449536899099097,0.4479861359623398,1.5022829997625584e-21,0.0,0.0,0.0,-0.013476227214865221,unicycle
2.433557269730474,11.285602449206564,1.765,0.0,0.0,-1.5452210406044484,0.44827450976437816,1.2359446721393634e-21,0.0,0.0,0.0,-0.013367534726949053,unicycle
2.4337854758165607,11.276634906954914,1.765,0.0,0.0,-1.545486579685134,0.44852227515952514,1.016308467525647e-21,0.0,0.0,0.0,-0.013276954034276117,unicycle
2.4340114147987197,11.267663040274128,1.765,0.0,0.0,-1.5457506136846537,0.44873555862386205,8.3527237160208205e-22,0.0,0.0,0.0,-0.01320169997600687,unicycle
2.4342350821705345,11.258687435136038,1.765,0.0,0.0,-1.546013401514196,0.44891957841044067,6.861250694972067e-22,0.0,0.0,0.0,-0.013139391477116805,unicycle
2.43445647394988,11.249708588705523,1.765,0.0,0.0,-1.5462751614166361,0.4490787737226969,5.633097954055062e-22,0.0,0.0,0.0,-0.013087995122004311,unicycle
2.434675586591877,11.24072692268759,1.765,0.0,0.0,-1.5465360769399208,0.44921691660468754,4.622278360233842e-22,0.0,0.0,0.0,-0.013045776164241612,unicycle
2.4348924169184842,11.231742794740027,1.765,0.0,0.0,-1.5467963020616367,0.449337208631984,3.7907510778608756e-22,0.0,0.0,0.0,-0.013011256085811915,unicycle
2.435106962061713,11.222756508218119,1.765,0.0,0.0,-1.547055965579719,0.4494423642869248,3.107063057653217e-22,0.0,0.0,0.0,-0.012983175904094087,unicycle
2.4353192194179933,11.21376832048392,1.765,0.0,0.0,-1.5473151748698544,0.4495346827083363,2.5452202591689523e-22,0.0,0.0,0.0,-0.012960464506767829,unicycle
2.435529186611634,11.20477844998257,1.765,0.0,0.0,-1.5475740190972997,0.449616109322515,2.0837501979394434e-22,0.0,0.0,0.0,-0.012942211372251234,unicycle
2.435736861465705,11.195787082261312,1.765,0.0,0.0,-1.547832571959407,0.4496882886914764,1.704923752023734e-22,0.0,0.0,0.0,-0.01292764310537256,unicycle
2.435942241978952,11.186794375083366,1.765,0.0,0.0,-1.5480908940250924,0.44975260975739023,1.394109472584639e-22,0.0,0.0,0.0,-0.012916103284274123,unicycle
2.4361453263076065,11.17780046276804,1.765,0.0,0.0,-1.5483490347285904,0.4498102445191317,1.139238085087083e-22,0.0,0.0,0.0,-0.012907035174912604,unicycle
2.436346112751153,11.168805459870324,1.765,0.0,0.0,-1.5486070340670712,0.44986218104783,9.303585816584054e-23,0.0,0.0,0.0,-0.012899966924038282,unicycle
2.436544599741284,11.159809464297412,1.765,0.0,0.0,-1.5488649240448795,0.44990925163266965,7.59270408665089e-23,0.0,0.0,0.0,-0.012894498890432815,unicycle
2.436740785833414,11.15081255994577,1.765,0.0,0.0,-1.549122729901235,0.44995215674523764,6.19218845589887e-23,0.0,0.0,0.0,-0.012890292817783203,unicycle
2.43693466970024,11.141814818930502,1.765,0.0,0.0,-1.54938047115306,0.4499914854195118,5.046428349934684e-23,0.0,0.0,0.0,-0.012887062591244839,unicycle
2.437126250126927,11.132816303468351,1.765,0.0,0.0,-1.549638162480138,0.45002773256418155,4.109663285590801e-23,0.0,0.0,0.0,-0.012884566353902643,unicycle
2.4373155260075707,11.123817067466792,1.765,0.0,0.0,-1.5498958144759263,0.4500613136533991,3.3442571957181664e-23,0.0,0.0,0.0,-0.01288259978938649,unicycle
2.4375024963426744,11.114817157863982,1.765,0.0,0.0,-1.5501534342839909,0.45009257718030193,2.719271868522553e-23,0.0,0.0,0.0,-0.01288099040323756,unicycle
2.437687160237403,11.105816615757709,1.765,0.0,0.0,-1.5504110261371638,0.4501218152037996,2.2092882037302574e-23,0.0,0.0,0.0,-0.012879592658641852,unicycle
2.437869516900442,11.096815477355804,1.765,0.0,0.0,-1.550668591814008,0.4501492722723047,1.793432690757687e-23,0.0,0.0,0.0,-0.012878283842208071,unicycle
2.4380495656433174,11.087813774775631,1.765,0.0,0.0,-1.5509261310250662,0.4501751529674971,1.454573756956146e-23,0.0,0.0,0.0,-0.012876960552905636,unicycle
2.438227305880056,11.078811536716113,1.765,0.0,0.0,-1.5511836417395144,0.4501996282761043,1.1786586589286801e-23,0.0,0.0,0.0,-0.012875535722402631,unicycle
2.4384027371271,11.069808789022153,1.765,0.0,0.0,-1.551441120461277,0.45022284096738413,9.541665992896738e-24,0.0,0.0,0.0,-0.012873936088132674,unicycle
2.438575859003406,11.060805555158339,1.765,0.0,0.0,-1.5516985624623116,0.4502449101279024,7.71657914264518e-24,0.0,0.0,0.0,-0.012872100051725906,unicycle
2.438746671230663,11.051801856606208,1.765,0.0,0.0,-1.5519559619796153,0.4502659349827721,6.234026355692547e-24,0.0,0.0,0.0,-0.01286997586518826,unicycle
2.438915173633601,11.042797713197123,1.765,0.0,0.0,-1.5522133123815274,0.4502859981132745,5.030746011086528e-24,0.0,0.0,0.0,-0.012867520095605326,unicycle
2.4390813661403388,11.033793143390994,1.765,0.0,0.0,-1.5524706063080547,0.4503051681642992,4.054996716989772e-24,0.0,0.0,0.0,-0.012864696326360522,unicycle
2.439245248782763,11.024788164509438,1.765,0.0,0.0,-1.5527278357892358,0.45032350212093847,3.2644858743308135e-24,0.0,0.0,0.0,-0.012861474059048611,unicycle
2.4394068216969065,11.015782792930688,1.765,0.0,0.0,-1.5529849923449472,0.45034104722152873,2.6246663597085425e-24,0.0,0.0,0.0,-0.012857827785572718,unicycle
2.439566085123322,11.006777044252326,1.765,0.0,0.0,-1.5532420670690361,0.45035784256416184,2.1073366304738412e-24,0.0,0.0,0.0,-0.012853736204456501,unicycle
2.4397230394074345,10.997770933427082,1.765,0.0,0.0,-1.5534990507002215,0.45037392045493685,1.689490803940592e-24,0.0,0.0,0.0,-0.012849181559288419,unicycle
2.4398776849998667,10.988764474875984,1.765,0.0,0.0,-1.553755933681832,0.45038930753878137,1.3523745764836128e-24,0.0,0.0,0.0,-0.012844149080533943,unicycle
2.440030022456737,10.979757682582544,1.765,0.0,0.0,-1.5540127062121278,0.4504040257473442,1.0807105562340105e-24,0.0,0.0,0.0,-0.012838626514783503,unicycle
2.4401800524399255,10.97075057017107,1.765,0.0,0.0,-1.554269358286686,0.45041809309308983,8.620629591134112e-25,0.0,0.0,0.0,-0.012832603727918297,unicycle
2.4403277757173036,10.961743150971659,1.765,0.0,0.0,-1.5545258797341004,0.45043152433417166,6.863168897709011e-25,0.0,0.0,0.0,-0.012826072370732428,unicycle
2.440473193162933,10.952735438074077,1.765,0.0,0.0,-1.5547822602460466,0.4504443315308042,5.452517858047234e-25,0.0,0.0,0.0,-0.012819025597299664,unicycle
2.44061630575723,10.943727444372316,1.765,0.0,0.0,-1.5550384894026037,0.4504565245105856,4.32192202598761e-25,0.0,0.0,0.0,-0.012811457827861,unicycle
2.440757114587096,10.934719182601372,1.765,0.0,0.0,-1.555294556693589,0.45046811125746233,3.4172208762008834e-25,0.0,0.0,0.0,-0.01280336454927335,unicycle
2.440895620846018,10.925710665367523,1.765,0.0,0.0,-1.5555504515365317,0.45047909823669524,2.6945114533637618e-25,0.0,0.0,0.0,-0.012794742147132854,unicycle
2.441031825834145,10.91670190517318,1.765,0.0,0.0,-1.555806163291824,0.45048949066621474,2.1182391677842035e-25,0.0,0.0,0.0,-0.012785587764596793,unicycle
2.441165730958328,10.907692914437206,1.765,0.0,0.0,-1.5560616812754977,0.4504992927430923,1.659638655988437e-25,0.0,0.0,0.0,-0.012775899183700009,unicycle
2.44129733773214,10.898683705511454,1.765,0.0,0.0,-1.5563169947700097,0.4505085078324554,1.2954613691336662e-25,0.0,0.0,0.0,-0.012765674725615692,unicycle
2.4414266477758697,10.889674290694149,1.765,0.0,0.0,-1.5565720930333469,0.4505171386249918,1.0069378731428826e-25,0.0,0.0,0.0,-0.012754913166864189,unicycle
2.4415536628164927,10.88066468224066,1.765,0.0,0.0,-1.5568269653067257,0.45052518726819935,7.78932164835832e-26,0.0,0.0,0.0,-0.012743613668942028,unicycle
2.4416783846876227,10.87165489237207,1.765,0.0,0.0,-1.5570816008211101,0.4505326554756992,5.992529777794345e-26,0.0,0.0,0.0,-0.012731775719239636,unicycle
2.441800815329442,10.862644933281931,1.765,0.0,0.0,-1.557335988802739,0.4505395446182307,4.580933593418464e-26,0.0,0.0,0.0,-0.012719399081451256,unicycle
2.441920956788611,10.853634817141504,1.765,0.0,0.0,-1.5575901184778183,0.450545855799356,3.4757498561118355e-26,0.0,0.0,0.0,-0.012706483753963542,unicycle
2.4420388112181675,10.844624556103746,1.765,0.0,0.0,-1.557843979076517,0.4505515899184087,2.613779409995474e-26,0.0,0.0,0.0,-0.01269302993494816,unicycle
2.4421543808774033,10.835614162306237,1.765,0.0,0.0,-1.5580975598363787,0.4505567477228027,1.9444018766453974e-26,0.0,0.0,0.0,-0.012679037993085554,unicycle
2.442267668131727,10.82660364787326,1.765,0.0,0.0,-1.5583508500052392,0.4505613298514739,1.427138210408882e-26,0.0,0.0,0.0,-0.012664508443016998,unicycle
2.4423786754525176,10.817593024917134,1.765,0.0,0.0,-1.5586038388437342,0.450565336870932,1.0296756292460304e-26,0.0,0.0,0.0,-0.012649441924765602,unicycle
2.442487405416959,10.80858230553897,1.765,0.0,0.0,-1.5588565156274639,0.45056876930515716,7.262687435119742e-27,0.0,0.0,0.0,-0.012633839186487717,unicycle
2.4425938607078628,10.799571501828918,1.765,0.0,0.0,-1.5591088696488644,0.4505716276603722,4.9644652515597686e-27,0.0,0.0,0.0,-0.012617701070018122,unicycle
2.4426980441134836,10.79056062586602,1.765,0.0,0.0,-1.5593608902188396,0.45057391244554856,3.239677144834346e-27,0.0,0.0,0.0,-0.01260102849875808,unicycle
2.442799958527318,10.781549689717702,1.765,0.0,0.0,-1.5596125666681901,0.45057562418936353,1.9597786358008315e-27,0.0,0.0,0.0,-0.012583822467527544,unicycle
2.442899606952955,10.772538704986538,1.765,0.0,0.0,-1.5598638883361626,0.45057678607940754,1.0232988672442994e-27,0.0,0.0,0.0,-0.012566083398628273,unicycle
2.442996992501234,10.76352768301826,1.765,0.0,0.0,-1.5601148445774418,0.4505774108962882,3.5037075786076954e-28,0.0,0.0,0.0,-0.01254781206395721,unicycle
2.4430921183845253,10.754516635396932,1.765,0.0,0.0,-1.5603654247770913,0.4505774866558602,-1.2166671802543057e-28,0.0,0.0,0.0,-0.012529009982472533,unicycle
2.4431849879173777,10.7455055738774,1.765,0.0,0.0,-1.5606156183495898,0.45057700474654033,-4.417993878668149e-28,0.0,0.0,0.0,-0.012509678624934288,unicycle
2.4432756045169253,10.736494510332832,1.765,0.0,0.0,-1.5608654147382122,0.45057595917518856,-6.481685844138026e-28,0.0,0.0,0.0,-0.012489819431105357,unicycle
2.4433639717031204,10.7274834567141,1.765,0.0,0.0,-1.561114803414673,0.45057434597446844,-7.703369756514089e-28,0.0,0.0,0.0,-0.012469433823042496,unicycle
2.4434500930988277,10.718472425018465,1.765,0.0,0.0,-1.561363773878979,0.4505721627386712,-8.310991996293057e-28,0.0,0.0,0.0,-0.012448523215308729,unicycle
2.443533972429809,10.709461427265483,1.765,0.0,0.0,-1.5616123156594344,0.45056940826151687,-8.479261429868291e-28,0.0,0.0,0.0,-0.012427089022768656,unicycle
2.4436156135246287,10.700450475478549,1.765,0.0,0.0,-1.5618604183127645,0.4505660822547155,-8.341147517604481e-28,0.0,0.0,0.0,-0.012405132666492097,unicycle
2.443695020314489,10.691439581670803,1.765,0.0,0.0,-1.5621080714243283,0.45056218513032026,-7.997014874406359e-28,0.0,0.0,0.0,-0.012382655578182584,unicycle
2.4437721968330233,10.682428757834373,1.765,0.0,0.0,-1.5623552646083974,0.4505577178333269,-7.521863549692017e-28,0.0,0.0,0.0,-0.012359659203460207,unicycle
2.443847147216047,10.673418015932178,1.765,0.0,0.0,-1.5626019875084827,0.4505526817137244,-6.9710535359346595e-28,0.0,0.0,0.0,-0.012336145004258841,unicycle
2.443919875701276,10.664407367891684,1.765,0.0,0.0,-1.5628482297976938,0.45054707842941455,-6.3848184467740425e-28,0.0,0.0,0.0,-0.012312114460542438,unicycle
2.4439903866280295,10.655396825600107,1.765,0.0,0.0,-1.5630939811791233,0.45054090987318757,-5.7918137275602305e-28,0.0,0.0,0.0,-0.012287569071501048,unicycle
2.444058684436904,10.646386400900713,1.765,0.0,0.0,-1.5633392313862504,0.45053417811836405,-5.211896560197426e-28,0.0,0.0,0.0,-0.012262510356352226,unicycle
2.4441247736694445,10.637376105589919,1.765,0.0,0.0,-1.5635839701833476,0.4505268853788458,-4.6582956679533755e-28,0.0,0.0,0.0,-0.012236939854845766,unicycle
2.444188658967789,10.62836595141496,1.765,0.0,0.0,-1.5638281873658986,0.450519033980225,-4.1392977754913745e-28,0.0,0.0,0.0,-0.012210859127547793,unicycle
2.4442503450743156,10.619355950071988,1.765,0.0,0.0,-1.564071872761018,0.45051062633932265,-3.6595521175644956e-28,0.0,0.0,0.0,-0.012184269755962976,unicycle
2.4443098368312763,10.610346113204427,1.765,0.0,0.0,-1.5643150162278683,0.4505016649500989,-3.221073962477271e-28,0.0,0.0,0.0,-0.012157173342539941,unicycle
2.4443671391804185,10.601336452401545,1.765,0.0,0.0,-1.56455760765808,0.4504921523743364,-2.824011684424873e-28,0.0,0.0,0.0,-0.012129571510594336,unicycle
2.444422257162606,10.592326979197107,1.765,0.0,0.0,-1.5647996369761636,0.4504820912358534,-2.467228718544429e-28,0.0,0.0,0.0,-0.012101465904175643,unicycle
2.4444751959174322,10.583317705068131,1.765,0.0,0.0,-1.5650410941399215,0.45047148421729044,-2.1487411435625537e-28,0.0,0.0,0.0,-0.01207285818789729,unicycle
2.4445259606828236,10.57430864143364,1.765,0.0,0.0,-1.5652819691408564,0.45046033405873553,-1.866043155689965e-28,0.0,0.0,0.0,-0.012043750046744628,unicycle
2.4445745567946413,10.565299799653445,1.765,0.0,0.0,-1.565522252004574,0.45044864355763,-1.6163459154530265e-28,0.0,0.0,0.0,-0.012014143185871393,unicycle
2.444620989686275,10.556291191026887,1.765,0.0,0.0,-1.5657619327911818,0.4504364155695314,-1.396749835502465e-28,0.0,0.0,0.0,-0.011984039330392295,unicycle
2.4446652648882328,10.54728282679157,1.765,0.0,0.0,-1.5660010015956856,0.4504236530094206,-1.2043660641828515e-28,0.0,0.0,0.0,-0.011953440225177086,unicycle
2.444707388027723,10.538274718122066,1.765,0.0,0.0,-1.5662394485483786,0.4504103588533168,-1.0363994901156613e-28,0.0,0.0,0.0,-0.01192234763464979,unicycle
2.4447473648282334,10.529266876128572,1.765,0.0,0.0,-1.5664772638152304,0.4503965361400335,-8.902028722085173e-29,0.0,0.0,0.0,-0.011890763342595364,unicycle
2.444785201109103,10.520259311855538,1.765,0.0,0.0,-1.5667144375982698,0.4503821879729528,-7.633095461069726e-29,0.0,0.0,0.0,-0.011858689151975237,unicycle
2.444820902785088,10.51125203628027,1.765,0.0,0.0,-1.5669509601359646,0.45036731752173603,-6.534504583053245e-29,0.0,0.0,0.0,-0.011826126884752377,unicycle
2.444854475865926,10.502245060311497,1.765,0.0,0.0,-1.5671868217035994,0.45035192802391266,-5.585599412788449e-29,0.0,0.0,0.0,-0.011793078381726078,unicycle
2.4448859264558886,10.493238394787893,1.765,0.0,0.0,-1.5674220126136469,0.45033602278631407,-4.767735934061451e-29,0.0,0.0,0.0,-0.011759545502376297,unicycle
2.444915260753334,10.484232050476614,1.765,0.0,0.0,-1.5676565232161415,0.450319605186331,-4.0642080695741657e-29,0.0,0.0,0.0,-0.011725530124717132,unicycle
2.4449424850502517,10.475226038071773,1.765,0.0,0.0,-1.5678903438990444,0.45030267867298723,-3.4601384860420683e-29,0.0,0.0,0.0,-0.011691034145158883,unicycle
2.4449676057318017,10.466220368192927,1.765,0.0,0.0,-1.5681234650886122,0.4502852467678273,-2.9423490179647447e-29,0.0,0.0,0.0,-0.011656059478378064,unicycle
2.4449906292758485,10.457215051383535,1.765,0.0,0.0,-1.568355877249756,0.45026731306562384,-2.4992209861733624e-29,0.0,0.0,0.0,-0.01162060805719466,unicycle
2.4450115622524904,10.448210098109417,1.765,0.0,0.0,-1.5685875708864052,0.45024888123491263,-2.1205527616810697e-29,0.0,0.0,0.0,-0.011584681832455944,unicycle
2.4450304113235832,10.439205518757198,1.765,0.0,0.0,-1.5688185365418637,0.4502299550183652,-1.7974196989275421e-29,0.0,0.0,0.0,-0.011548282772926157,unicycle
2.4450471832422576,10.430201323632755,1.765,0.0,0.0,-1.5690487647991676,0.45021053823301144,-1.522039882186964e-29,0.0,0.0,0.0,-0.011511412865181434,unicycle
2.445061884852434,10.421197522959659,1.765,0.0,0.0,-1.5692782462814376,0.4501906347703238,-1.287647873407211e-29,0.0,0.0,0.0,-0.011474074113509312,unicycle
2.445074523088328,10.412194126877623,1.765,0.0,0.0,-1.5695069716522339,0.45017024859617494,-1.0883777231703032e-29,0.0,0.0,0.0,-0.011436268539812286,unicycle
2.445085104973955,10.403191145440946,1.765,0.0,0.0,-1.5697349316159046,0.45014938375068186,-9.19155833200016e-30,0.0,0.0,0.0,-0.011397998183514875,unicycle
2.445093637622626,10.394188588616982,1.765,0.0,0.0,-1.5699621169179339,0.4501280443479462,-7.756037794567155e-30,0.0,0.0,0.0,-0.011359265101473753,unicycle
2.445100128236441,10.38518646628459,1.765,0.0,0.0,-1.5701885183452915,0.45010623457570165,-6.539508727884299e-30,0.0,0.0,0.0,-0.011320071367890462,unicycle
2.4451045841057772,10.37618478823262,1.765,0.0,0.0,-1.5704141267267762,0.45008395869487916,-5.509560130082786e-30,0.0,0.0,0.0,-0.011280419074226358,unicycle
2.445107012608771,10.367183564158397,1.765,0.0,0.0,-1.5706389329333588,0.45006122103909657,-4.6383825389612534e-30,0.0,0.0,0.0,-0.01124031032911944,unicycle
2.4451074212107957,10.358182803666207,1.765,0.0,0.0,-1.5708629278785249,0.45003802601408266,-3.902154191296052e-30,0.0,0.0,0.0,-0.011199747258302759,unicycle
2.445105817463934,10.34918251626583,1.765,0.0,0.0,-1.5710861025186151,0.4500143780970414,-3.2805007573127385e-30,0.0,0.0,0.0,-0.011158732004524123,unicycle
2.4451022090064485,10.340182711371055,1.765,0.0,0.0,-1.5713084478531645,0.44999028183596385,-2.7560216942999325e-30,0.0,0.0,0.0,-0.011117266727466879,unicycle
2.445096603562244,10.33118339829822,1.765,0.0,0.0,-1.571529954925238,0.44996574184889226,-2.3138764563198807e-30,0.0,0.0,0.0,-0.011075353603671522,unicycle
2.445089008940328,10.322184586264784,1.765,0.0,0.0,-1.5717506148217668,0.44994076282314244,-1.941424131545399e-30,0.0,0.0,0.0,-0.011032994826458,unicycle
2.445079433034262,10.313186284387902,1.765,0.0,0.0,-1.5719704186738839,0.4499153495144879,-1.6279105004493743e-30,0.0,0.0,0.0,-0.010990192605848503,unicycle
2.4450678838216175,10.30418850168301,1.765,0.0,0.0,-1.572189357657254,0.44988950674631106,-1.3641969769171747e-30,0.0,0.0,0.0,-0.010946949168490629,unicycle
2.4450543693634192,10.295191247062451,1.765,0.0,0.0,-1.5724074229924057,0.44986323940872314,-1.1425263815166153e-30,0.0,0.0,0.0,-0.010903266757580778,unicycle
2.4450388978035855,10.286194529334107,1.765,0.0,0.0,-1.5726246059450615,0.4498365524576573,-9.563209813240248e-31,0.0,0.0,0.0,-0.010859147632787653,unicycle
2.445021477368369,10.277198357200055,1.765,0.0,0.0,-1.5728408978264652,0.44980945091393665,-8.000086999903384e-31,0.0,0.0,0.0,-0.01081459407017582,unicycle
2.4450021163657905,10.268202739255232,1.765,0.0,0.0,-1.5730562899937077,0.4497819398623205,-6.688738460938518e-31,0.0,0.0,0.0,-0.010769608362129184,unicycle
2.444980823185067,10.259207683986137,1.765,0.0,0.0,-1.573270773850053,0.4497540244505298,-5.5892912180804535e-31,0.0,0.0,0.0,-0.010724192817274335,unicycle
2.444957606296038,10.250213199769556,1.765,0.0,0.0,-1.5734843408452615,0.4497257098882541,-4.668060546783501e-31,0.0,0.0,0.0,-0.01067834976040371,unicycle
2.4449324742485885,10.24121929487128,1.765,0.0,0.0,-1.5736969824759095,0.4496970014461418,-3.8966134189920955e-31,0.0,0.0,0.0,-0.010632081532398486,unicycle
2.4449054356720685,10.23222597744488,1.765,0.0,0.0,-1.5739086902857127,0.44966790445477434,-3.2509690928121067e-31,0.0,0.0,0.0,-0.010585390490151156,unicycle
2.4448764992747054,10.223233255530486,1.765,0.0,0.0,-1.5741194558658425,0.44963842430362644,-2.71091767361017e-31,0.0,0.0,0.0,-0.010538279006487766,unicycle
2.4448456738430164,10.214241137053586,1.765,0.0,0.0,-1.5743292708552443,0.44960856644001274,-2.259439966738618e-31,0.0,0.0,0.0,-0.010490749470089749,unicycle
2.4448129682412163,10.205249629823856,1.765,0.0,0.0,-1.5745381269409524,0.44957833636802214,-1.8822141525899356e-31,0.0,0.0,0.0,-0.010442804285415316,unicycle
2.4447783914106225,10.19625874153401,1.765,0.0,0.0,-1.5747460158584046,0.4495477396474405,-1.5671967635029153e-31,0.0,0.0,0.0,-0.010394445872620391,unicycle
2.4447419523690552,10.187268479758671,1.765,0.0,0.0,-1.5749529293917544,0.44951678189266253,-1.3042671530993907e-31,0.0,0.0,0.0,-0.010345676667479046,unicycle
2.4447036602102363,10.178278851953268,1.765,0.0,0.0,-1.57515885937418,0.4494854687715938,-1.0849261454459415e-31,0.0,0.0,0.0,-0.010296499121303395,unicycle
2.4446635241031838,10.16928986545295,1.765,0.0,0.0,-1.5753637976881971,0.44945380600454254,-9.020408565476071e-32,0.0,0.0,0.0,-0.01024691570086297,unicycle
2.4446215532916025,10.160301527471539,1.765,0.0,0.0,-1.575567736265963,0.44942179936310345,-7.49628815281466e-32,0.0,0.0,0.0,-0.01019692888830349,unicycle
2.444577757093275,10.15131384510049,1.765,0.0,0.0,-1.5757706670895841,0.4493894546690321,-6.22675494600104e-32,0.0,0.0,0.0,-0.010146541181065068,unicycle
2.4445321448994464,10.142326825307876,1.765,0.0,0.0,-1.5759725821914203,0.44935677779311156,-5.169802146562146e-32,0.0,0.0,0.0,-0.010095755091799774,unicycle
2.444484726174207,10.133340474937416,1.765,0.0,0.0,-1.576173473654386,0.44932377465401174,-4.290261137244801e-32,0.0,0.0,0.0,-0.010044573148288577,unicycle
2.4444355104538737,10.124354800707506,1.765,0.0,0.0,-1.5763733336122532,0.449290451217141,-3.5587051509504145e-32,0.0,0.0,0.0,-0.009992997893357641,unicycle
2.4443845073463666,10.11536980921028,1.765,0.0,0.0,-1.5765721542499491,0.44925681349349134,-2.9505256159376774e-32,0.0,0.0,0.0,-0.009941031884793963,unicycle
2.444331726530586,10.106385506910703,1.765,0.0,0.0,-1.5767699278038543,0.4492228675384765,-2.445154556955904e-32,0.0,0.0,0.0,-0.009888677695260289,unicycle
2.444277177755784,10.097401900145682,1.765,0.0,0.0,-1.5769666465620982,0.44918861945076455,-2.025410426347324e-32,0.0,0.0,0.0,-0.009835937912209373,unicycle
2.444220870840936,10.088418995123202,1.765,0.0,0.0,-1.577162302864854,0.449154075371104,-1.6769481554151133e-32,0.0,0.0,0.0,-0.0097828151377975,unicycle
2.444162815674107,10.07943679792149,1.765,0.0,0.0,-1.57735688910463,0.4491192414811445,-1.3877971339357983e-32,0.0,0.0,0.0,-0.009729311988797288,unicycle
2.444103022211819,10.0704553144882,1.765,0.0,0.0,-1.5775503977265601,0.44908412400225267,-1.1479733139984556e-32,0.0,0.0,0.0,-0.009675431096509765,unicycle
2.444041500478416,10.061474550639627,1.765,0.0,0.0,-1.577742821228694,0.44904872919432204,-9.491537538148785e-33,0.0,0.0,0.0,-0.00962117510667566,unicycle
2.443978260565422,10.052494512059942,1.765,0.0,0.0,-1.5779341521622818,0.4490130633545791,-7.844037202458981e-33,0.0,0.0,0.0,-0.009566546679385958,unicycle
2.4439133126309067,10.043515204300464,1.765,0.0,0.0,-1.5781243831320617,0.44897713281638446,-6.479480009855823e-33,0.0,0.0,0.0,-0.009511548488991658,unicycle
2.4438466668988363,10.034536632778929,1.765,0.0,0.0,-1.578313506796542,0.4489409439480296,-5.349793779154628e-33,0.0,0.0,0.0,-0.009456183224012761,unicycle
2.443778333658436,10.025558802778828,1.765,0.0,0.0,-1.578501515868283,0.44890450315152997,-4.4149831595199556e-33,0.0,0.0,0.0,-0.009400453587046437,unicycle
2.4437083232635413,10.016581719448727,1.765,0.0,0.0,-1.5786884031141764,0.44886781686141425,-3.641788559042887e-33,0.0,0.0,0.0,-0.009344362294674396,unicycle
2.443636646131951,10.007605387801634,1.765,0.0,0.0,-1.5788741613557236,0.44883089154351014,-3.0025649046602833e-33,0.0,0.0,0.0,-0.009287912077369422,unicycle
2.4435633127447804,9.998629812714398,1.765,0.0,0.0,-1.5790587834693117,0.44879373369372694,-2.474344709469913e-33,0.0,0.0,0.0,-0.009231105679401077,unicycle
2.443488333645808,9.98965499892712,1.765,0.0,0.0,-1.5792422623864866,0.4487563498368351,-2.038055570775687e-33,0.0,0.0,0.0,-0.00917394585874057,unicycle
2.443411719440826,9.980680951042595,1.765,0.0,0.0,-1.579424591094226,0.44871874652524324,-1.6778669889791245e-33,0.0,0.0,0.0,-0.009116435386964758,unicycle
2.4433334807969875,9.971707673525776,1.765,0.0,0.0,-1.5796057626352094,0.448680930337772,-1.3806454177543863e-33,0.0,0.0,0.0,-0.00905857704915929,unicycle
2.4432536284421524,9.962735170703269,1.765,0.0,0.0,-1.5797857701080857,0.4486429078784263,-1.135499844060482e-33,0.0,0.0,0.0,-0.009000373643820878,unicycle
2.4431721731642306,9.95376344676286,1.765,0.0,0.0,-1.5799646066677404,0.4486046857751654,-9.33403049726425e-34,0.0,0.0,0.0,-0.008941827982758683,unicycle
2.4430891258105274,9.944792505753046,1.765,0.0,0.0,-1.5801422655255604,0.4485662706786711,-7.66876107305875e-34,0.0,0.0,0.0,-0.008882942890994804,unicycle
2.443004497287085,9.935822351582615,1.765,0.0,0.0,-1.5803187399496936,0.4485276692611144,-6.297256818911742e-34,0.0,0.0,0.0,-0.008823721206663873,unicycle
2.442918298558025,9.926852988020242,1.765,0.0,0.0,-1.580494023265312,0.44848888821492067,-5.168254072106848e-34,0.0,0.0,0.0,-0.008764165780911737,unicycle
2.4428305406448882,9.917884418694111,1.765,0.0,0.0,-1.5806681088548677,0.44844993425153384,-4.239340291317377e-34,0.0,0.0,0.0,-0.008704279477793217,unicycle
2.4427412346259767,9.908916647091564,1.765,0.0,0.0,-1.5808409901583511,0.4484108141001797,-3.475442054363489e-34,0.0,0.0,0.0,-0.00864406517416895,unicycle
2.44265039163569,9.899949676558773,1.765,0.0,0.0,-1.581012660673543,0.4483715345066288,-2.847568536211349e-34,0.0,0.0,0.0,-0.008583525759601297,unicycle
2.442558022863867,9.890983510300442,1.765,0.0,0.0,-1.5811831139562675,0.4483321022319587,-2.331767790878077e-34,0.0,0.0,0.0,-0.008522664136249292,unicycle
2.4424641395551214,9.88201815137954,1.765,0.0,0.0,-1.581352343620643,0.4482925240513156,-1.908260202706731e-34,0.0,0.0,0.0,-0.008461483218762663,unicycle
2.4423687530081817,9.873053602717041,1.765,0.0,0.0,-1.5815203433393268,0.4482528067526771,-1.5607193679190733e-34,0.0,0.0,0.0,-0.008399985934174884,unicycle
2.4422718745752277,9.864089867091717,1.765,0.0,0.0,-1.5816871068437628,0.44821295713561415,-1.2756756002374385e-34,0.0,0.0,0.0,-0.008338175221795262,unicycle
2.4421735156612265,9.855126947139931,1.765,0.0,0.0,-1.5818526279244247,0.4481729820100543,-1.0420213795375056e-34,0.0,0.0,0.0,-0.008276054033100068,unicycle
2.44207368772327,9.846164845355473,1.765,0.0,0.0,-1.5820169004310574,0.44813288819504493,-8.506015103112502e-35,0.0,0.0,0.0,-0.008213625331622676,unicycle
2.4419724022699114,9.837203564089416,1.765,0.0,0.0,-1.5821799182729142,0.44809268251751805,-6.938736368506553e-35,0.0,0.0,0.0,-0.008150892092842737,unicycle
2.4418696708605006,9.828243105549998,1.765,0.0,0.0,-1.5823416754189956,0.4480523718110562,-5.656271667021987e-35,0.0,0.0,0.0,-0.008087857304074346,unicycle
2.441765505104521,9.819283471802526,1.765,0.0,0.0,-1.5825021658982827,0.4480119629146594,-4.6075066054297647e-35,0.0,0.0,0.0,-0.008024523964353238,unicycle
2.4416599166609267,9.81032466476932,1.765,0.0,0.0,-1.5826613837999695,0.44797146267151383,-3.7503942021813096e-35,0.0,0.0,0.0,-0.007960895084322966,unicycle
2.4415529172374755,9.801366686229661,1.765,0.0,0.0,-1.5828193232736916,0.4479308779277628,-3.0503640181479734e-35,0.0,0.0,0.0,-0.007896973686120086,unicycle
2.4414445185900697,9.792409537819783,1.765,0.0,0.0,-1.5829759785297568,0.4478902155312791,-2.479007430776883e-35,0.0,0.0,0.0,-0.007832762803258335,unicycle
2.4413347325220895,9.78345322103288,1.765,0.0,0.0,-1.583131343839367,0.44784948233044025,-2.012991625318824e-35,0.0,0.0,0.0,-0.007768265480511794,unicycle
2.44122357088373,9.774497737219152,1.765,0.0,0.0,-1.583285413534843,0.4478086851729056,-1.633162934758108e-35,0.0,0.0,0.0,-0.007703484773797035,unicycle
2.4411110455713403,9.765543087585847,1.765,0.0,0.0,-1.5834381820098438,0.4477678309043969,-1.3238068641532453e-35,0.0,0.0,0.0,-0.0076384237500542575,unicycle
2.4409971685267586,9.756589273197374,1.765,0.0,0.0,-1.5835896437195867,0.4477269263674812,-1.0720377100871879e-35,0.0,0.0,0.0,-0.007573085487127393,unicycle
2.4408819517308262,9.747636294519596,1.765,0.0,0.0,-1.5837397931720625,0.44768600119227897,-8.672953197816722e-36,0.0,0.0,0.0,-0.007507472623787923,unicycle
2.4407654072052547,9.73868415163051,1.765,0.0,0.0,-1.5838886249324662,0.44764507447591,-7.00930384209647e-36,0.0,0.0,0.0,-0.007441588020172756,unicycle
2.4406475470184055,9.729732844720393,1.765,0.0,0.0,-1.584036133633306,0.44760414030723317,-5.6586285641292636e-36,0.0,0.0,0.0,-0.007375435041975138,unicycle
2.440528383283858,9.720782374025335,1.765,0.0,0.0,-1.5841823139732618,0.4475631961003355,-4.563007396904092e-36,0.0,0.0,0.0,-0.0073090169977950235,unicycle
2.4404079281591406,9.711832739776106,1.765,0.0,0.0,-1.5843271607163518,0.44752224182746675,-3.675086917136915e-36,0.0,0.0,0.0,-0.007242337154500056,unicycle
2.4402861938446003,9.702883942159094,1.765,0.0,0.0,-1.5844706686913381,0.4474812794158035,-2.956177161242215e-36,0.0,0.0,0.0,-0.007175398749308574,unicycle
2.4401631925823724,9.693935981286694,1.765,0.0,0.0,-1.584612832791323,0.4474403122745791,-2.374687262552898e-36,0.0,0.0,0.0,-0.0071082049992507315,unicycle
2.4400389366554407,9.6849888571751,1.765,0.0,0.0,-1.5847536479734936,0.44739934492572975,-1.904840191891564e-36,0.0,0.0,0.0,-0.0070407591085379535,unicycle
2.439913438386764,9.67604256972781,1.765,0.0,0.0,-1.5848931092589793,0.44735838271654665,-1.5256173643873965e-36,0.0,0.0,0.0,-0.006973064274268355,unicycle
2.4397867101384567,9.667097118723634,1.765,0.0,0.0,-1.5850312117327958,0.44731743159713155,-1.2198924678071048e-36,0.0,0.0,0.0,-0.006905123690812241,unicycle
2.4396587643110124,9.65815250380808,1.765,0.0,0.0,-1.5851679505438592,0.44727649794891783,-9.737209764552505e-37,0.0,0.0,0.0,-0.006836940553154087,unicycle
2.4395296133425597,9.649208724487412,1.765,0.0,0.0,-1.5853033209050473,0.4472355884533098,-7.757576933410017e-37,0.0,0.0,0.0,-0.006768518059412435,unicycle
2.4393992697081477,9.640265780124668,1.765,0.0,0.0,-1.5854373180933017,0.44719470999173255,-6.167795224220425e-37,0.0,0.0,0.0,-0.006699859412714705,unicycle
2.439267745919047,9.631323669937228,1.765,0.0,0.0,-1.585569937449753,0.44715386957018094,-4.892946872683092e-37,0.0,0.0,0.0,-0.006630967822567976,unicycle
2.439135054522072,9.622382392995476,1.765,0.0,0.0,-1.58570117437987,0.447113074262795,-3.872229276870412e-37,0.0,0.0,0.0,-0.0065618465058379,unicycle
2.4390012080989134,9.61344194822232,1.765,0.0,0.0,-1.5858310243536182,0.4470723311701402,-3.0563394225240695e-37,0.0,0.0,0.0,-0.006492498687424596,unicycle
2.4388662192654795,9.604502334393311,1.765,0.0,0.0,-1.5859594829056323,0.4470316473887894,-2.4053360226944432e-37,0.0,0.0,0.0,-0.006422927600705673,unicycle
2.4387301006712474,9.595563550137204,1.765,0.0,0.0,-1.5860865456353885,0.4469910299895331,-1.886893243672739e-37,0.0,0.0,0.0,-0.0063531364878016226,unicycle
2.438592864998617,9.586625593936818,1.765,0.0,0.0,-1.5862122082073828,0.4469504860021288,-1.4748752335559369e-37,0.0,0.0,0.0,-0.006283128599706842,unicycle
2.4384545249622724,9.57768846413011,1.765,0.0,0.0,-1.586336466351309,0.4469100224049597,-1.1481733109335e-37,0.0,0.0,0.0,-0.006212907196319999,unicycle
2.4383150933085442,9.568752158911382,1.765,0.0,0.0,-1.586459315862237,0.44686964611833985,-8.897580802098589e-38,0.0,0.0,0.0,-0.006142475546399926,unicycle
2.4381745828147765,9.559816676332572,1.765,0.0,0.0,-1.5865807526007865,0.4468293640004885,-6.859073068582386e-38,0.0,0.0,0.0,-0.006071836927467277,unicycle
2.4380330062886943,9.550882014304579,1.765,0.0,0.0,-1.5867007724933,0.446789182845427,-5.255774329413011e-38,0.0,0.0,0.0,-0.006000994625667373,unicycle
2.437890376567777,9.54194817059861,1.765,0.0,0.0,-1.5868193715320122,0.4467491093822262,-3.9989240717672876e-38,0.0,0.0,0.0,-0.005929951935606011,unicycle
2.4377467065186247,9.533015142847534,1.765,0.0,0.0,-1.5869365457752154,0.446709150275173,-3.0172826503022445e-38,0.0,0.0,0.0,-0.0058587121601671,unicycle
2.4376020090363353,9.524082928547202,1.765,0.0,0.0,-1.5870522913474219,0.4466693121245334,-2.2537580480753347e-38,0.0,0.0,0.0,-0.005787278610318738,unicycle
2.4374562970438785,9.515151525057759,1.765,0.0,0.0,-1.5871666044395203,0.4466296014676725,-1.6626691577704447e-38,0.0,0.0,0.0,-0.005715654604912543,unicycle
2.4373095834914698,9.506220929604927,1.765,0.0,0.0,-1.58727948130893,0.4465900247803567,-1.2075274800929842e-38,0.0,0.0,0.0,-0.0056438434704797445,unicycle
2.4371618813559484,9.49729113928126,1.765,0.0,0.0,-1.5873909182797505,0.4465505884781138,-8.592407317192337e-39,0.0,0.0,0.0,-0.005571848541026493,unicycle
2.4370132036401544,9.488362151047374,1.765,0.0,0.0,-1.5875009117429073,0.44651129891756375,-5.946595531312731e-39,0.0,0.0,0.0,-0.005499673157830086,unicycle
2.436863563372309,9.479433961733164,1.765,0.0,0.0,-1.5876094581562918,0.4464721623976615,-3.954030020991659e-39,0.0,0.0,0.0,-0.0054273206692372,unicycle
2.436712973605392,9.470506568038976,1.765,0.0,0.0,-1.587716554044901,0.44643318516081465,-2.4691038398347844e-39,0.0,0.0,0.0,-0.00535479443046475,unicycle
2.436561447416528,9.461579966536778,1.765,0.0,0.0,-1.5878221960009693,0.44639437339385485,-1.3767667673682244e-39,0.0,0.0,0.0,-0.005282097803403781,unicycle
2.4364089979063652,9.452654153671315,1.765,0.0,0.0,-1.587926380684098,0.4463557332288523,-5.86367443019101e-40,0.0,0.0,0.0,-0.00520923415642645,unicycle
2.436255638198461,9.443729125761243,1.765,0.0,0.0,-1.5880291048213817,0.4463172707437721,-2.670015990176626e-41,0.0,0.0,0.0,-0.0051362068641960835,unicycle
2.436101381438668,9.434804879000255,1.765,0.0,0.0,-1.5881303652075314,0.44627899196297593,3.5797396436947646e-40,0.0,0.0,0.0,-0.005063019307480158,unicycle
2.4359462407945234,9.425881409458217,1.765,0.0,0.0,-1.5882301587049907,0.44624090285757634,6.111185246724744e-40,0.0,0.0,0.0,-0.004989674872965941,unicycle
2.4357902294546347,9.416958713082272,1.765,0.0,0.0,-1.5883284822440527,0.44620300934565427,7.664779346965937e-40,0.0,0.0,0.0,-0.0049161769530785765,unicycle
2.435633360628072,9.408036785697965,1.765,0.0,0.0,-1.5884253328229687,0.4461653172923503,8.50121263784709e-40,0.0,0.0,0.0,-0.004842528945801339,unicycle
2.4354756475437593,9.399115623010363,1.765,0.0,0.0,-1.5885207075080585,0.4461278325098421,8.820735974190844e-40,0.0,0.0,0.0,-0.00476873425449776,unicycle
2.435317103449871,9.390195220605175,1.765,0.0,0.0,-1.5886146034338133,0.4460905607572192,8.776157024960718e-40,0.0,0.0,0.0,-0.004694796287735327,unicycle
2.435157741613224,9.381275573949878,1.765,0.0,0.0,-1.5887070178029956,0.4460535077402675,8.483173228637448e-40,0.0,0.0,0.0,-0.00462071845911052,unicycle
2.43499757531868,9.372356678394857,1.765,0.0,0.0,-1.5887979478867371,0.44601667911117365,8.028568763203058e-40,0.0,0.0,0.0,-0.004546504187074965,unicycle
2.4348366178685406,9.363438529174532,1.765,0.0,0.0,-1.5888873910246322,0.44598008046816073,7.476701354341837e-40,0.0,0.0,0.0,-0.004472156894762432,unicycle
2.4346748825819513,9.35452112140853,1.765,0.0,0.0,-1.5889753446248283,0.44594371735506294,6.874622128109105e-40,0.0,0.0,0.0,-0.004397680009816516,unicycle
2.4345123827943027,9.345604450102824,1.765,0.0,0.0,-1.5890618061641122,0.4459075952608499,6.256104785205612e-40,0.0,0.0,0.0,-0.004323076964218806,unicycle
2.43434913185664,9.33668851015092,1.765,0.0,0.0,-1.5891467731879947,0.445871719619107,5.644806206630458e-40,0.0,0.0,0.0,-0.004248351194117377,unicycle
2.434185143135066,9.327773296335033,1.765,0.0,0.0,-1.5892302433107877,0.4458360958074797,5.056736806007509e-40,0.0,0.0,0.0,-0.004173506139655463,unicycle
2.4340204300101527,9.318858803327284,1.765,0.0,0.0,-1.589312214215684,0.44580072914708774,4.5021835736206046e-40,0.0,0.0,0.0,-0.004098545244800215,unicycle
2.433855005876352,9.30994502569091,1.765,0.0,0.0,-1.589392683654827,0.44576562490191485,3.98720022267517e-40,0.0,0.0,0.0,-0.00402347195717141,unicycle
2.433688884141409,9.301031957881479,1.765,0.0,0.0,-1.5894716494493843,0.445730788278179,3.514755855603709e-40,0.0,0.0,0.0,-0.003948289727870055,unicycle
2.433522078225778,9.292119594248133,1.765,0.0,0.0,-1.5895491094896108,0.44569622442368745,3.085615064146843e-40,0.0,0.0,0.0,-0.0038730020113067875,unicycle
2.4333546015620384,9.283207929034832,1.765,0.0,0.0,-1.5896250617349112,0.4456619384271805,2.699007504868588e-40,0.0,0.0,0.0,-0.0037976122650300033,unicycle
2.433186467594318,9.274296956381614,1.765,0.0,0.0,-1.5896995042139024,0.44562793531766753,2.3531330555640623e-40,0.0,0.0,0.0,-0.0037221239495536817,unicycle
2.43301768977771,9.265386670325872,1.765,0.0,0.0,-1.5897724350244664,0.4455942200637578,2.0455390924247224e-40,0.0,0.0,0.0,-0.003646540528184848,unicycle
2.432848281577701,9.25647706480365,1.765,0.0,0.0,-1.5898438523338037,0.44556079757298916,1.7733987742439498e-40,0.0,0.0,0.0,-0.003570865466850656,unicycle
2.4326782564695932,9.247568133650942,1.765,0.0,0.0,-1.589913754378482,0.44552767269115634,1.5337131066538638e-40,0.0,0.0,0.0,-0.0034951022339250594,unicycle
2.4325076279379365,9.238659870605,1.765,0.0,0.0,-1.589982139464483,0.44549485020164076,1.323454685364873e-40,0.0,0.0,0.0,-0.0034192543000550477,unicycle
2.4323364094759548,9.229752269305676,1.765,0.0,0.0,-1.590049005967243,0.44546233482474434,1.1396671391103446e-40,0.0,0.0,0.0,-0.0033433251379864385,unicycle
2.432164614584981,9.220845323296768,1.765,0.0,0.0,-1.5901143523316907,0.44543013121702774,9.795312136749641e-41,0.0,0.0,0.0,-0.0032673182223892138,unicycle
2.43199225677389,9.21193902602737,1.765,0.0,0.0,-1.5901781770722845,0.44539824397065464,8.404059991299552e-41,0.0,0.0,0.0,-0.0031912370296823945,unicycle
2.4318193495585354,9.20303337085325,1.765,0.0,0.0,-1.5902404787730418,0.4453666776127439,7.198518750995478e-41,0.0,0.0,0.0,-0.0031150850378584612,unicycle
2.431645906461189,9.194128351038227,1.765,0.0,0.0,-1.5903012560875676,0.4453354366047292,6.156402303616148e-41,0.0,0.0,0.0,-0.0030388657263073215,unicycle
2.4314719410099803,9.185223959755579,1.765,0.0,0.0,-1.5903605077390803,0.44530452534172804,5.257538203480543e-41,0.0,0.0,0.0,-0.002962582575639821,unicycle
2.4312974667383416,9.176320190089438,1.765,0.0,0.0,-1.5904182325204308,0.4452739481519206,4.483806924913463e-41,0.0,0.0,0.0,-0.002886239067510798,unicycle
2.43112249718445,9.167417035036234,1.765,0.0,0.0,-1.5904744292941193,0.44524370929593854,3.819038813889391e-41,0.0,0.0,0.0,-0.0028098386844417358,unicycle
2.4309470458906763,9.158514487506109,1.765,0.0,0.0,-1.590529096992312,0.4452138129662646,3.248885106002686e-41,0.0,0.0,0.0,-0.002733384909642969,unicycle
2.4307711264030347,9.149612540324371,1.765,0.0,0.0,-1.5905822346168486,0.4451842632866442,2.7606750130937145e-41,0.0,0.0,0.0,-0.0026568812268354747,unicycle
2.430594752270633,9.14071118623296,1.765,0.0,0.0,-1.5906338412392502,0.4451550643115079,2.3432675274759487e-41,0.0,0.0,0.0,-0.002580331120072288,unicycle
2.4304179370451267,9.131810417891904,1.765,0.0,0.0,-1.5906839160007213,0.4451262200254066,1.986904034019192e-41,0.0,0.0,0.0,-0.002503738073559526,unicycle
2.4302406942801733,9.12291022788082,1.765,0.0,0.0,-1.5907324581121507,0.44509773434245864,1.6830658832400287e-41,0.0,0.0,0.0,-0.0024271055714770316,unicycle
2.4300630375308914,9.114010608700383,1.765,0.0,0.0,-1.5907794668541066,0.44506961110580984,1.4243396257117238e-41,0.0,0.0,0.0,-0.0023504370977987157,unicycle
2.4298849803533202,9.105111552773849,1.765,0.0,0.0,-1.5908249415768285,0.4450418540871061,1.204291530864279e-41,0.0,0.0,0.0,-0.0022737361361125355,unicycle
2.42970653630388,9.096213052448558,1.765,0.0,0.0,-1.5908688817002175,0.44501446698597963,1.0173522258355745e-41,0.0,0.0,0.0,-0.002197006169440164,unicycle
2.4295277189388367,9.087315099997461,1.765,0.0,0.0,-1.5909112867138187,0.44498745342954765,8.587117249639024e-42,0.0,0.0,0.0,-0.0021202506800563573,unicycle
2.4293485418137677,9.078417687620655,1.765,0.0,0.0,-1.5909521561768047,0.44496081697192513,7.242247248396016e-42,0.0,0.0,0.0,-0.0020434731493080794,unicycle
2.42916901848303,9.069520807446919,1.765,0.0,0.0,-1.5909914897179533,0.4449345610937509,6.103257721816397e-42,0.0,0.0,0.0,-0.0019666770574333554,unicycle
2.428989162499229,9.060624451535281,1.765,0.0,0.0,-1.591029287035621,0.44490868920172716,5.1395373996531244e-42,0.0,0.0,0.0,-0.0018898658833798828,unicycle
2.42880898741269,9.051728611876564,1.765,0.0,0.0,-1.5910655478977132,0.4448832046281731,4.324849462431707e-42,0.0,0.0,0.0,-0.0018130431046234612,unicycle
2.4286285067709343,9.042833280394964,1.765,0.0,0.0,-1.591100272141653,0.4448581106305922,3.636742007364828e-42,0.0,0.0,0.0,-0.0017362121969861893,unicycle
2.4284477341181523,9.03393844894963,1.765,0.0,0.0,-1.591133459674342,0.44483341039125374,3.056030517914247e-42,0.0,0.0,0.0,-0.0016593766344545314,unicycle
2.4282666829946824,9.025044109336251,1.765,0.0,0.0,-1.5911651104721223,0.44480910701678783,2.5663451948144568e-42,0.0,0.0,0.0,-0.001582539888997214,unicycle
2.428085366936491,9.016150253288647,1.765,0.0,0.0,-1.5911952245807297,0.44478520353779494,2.1537363103753582e-42,0.0,0.0,0.0,-0.0015057054303830137,unicycle
2.4279037994746524,9.007256872480369,1.765,0.0,0.0,-1.5912238021152496,0.4447617029084696,1.806331160858357e-42,0.0,0.0,0.0,-0.00142887672599839,unicycle
2.4277219941348345,8.998363958526319,1.765,0.0,0.0,-1.591250843260063,0.4447386080062382,1.5140366670949808e-42,0.0,0.0,0.0,-0.0013520572406650977,unicycle
2.427539964436782,8.98947150298436,1.765,0.0,0.0,-1.5912763482687922,0.444715921631411,1.2682821774765412e-42,0.0,0.0,0.0,-0.0012752504364576798,unicycle
2.4273577238938047,8.980579497356937,1.765,0.0,0.0,-1.5913003174642426,0.4446936465068485,1.061797535940705e-42,0.0,0.0,0.0,-0.001198459772520948,unicycle
2.427175286012267,8.97168793309271,1.765,0.0,0.0,-1.5913227512383408,0.44467178527764206,8.884219739866479e-43,0.0,0.0,0.0,-0.0011216887048874893,unicycle
2.426992664291077,8.962796801588192,1.765,0.0,0.0,-1.5913436500520666,0.4446503405108089,7.429398590201593e-43,0.0,0.0,0.0,-0.001044940686295097,unicycle
2.426809872221181,8.953906094189389,1.765,0.0,0.0,-1.5913630144353867,0.44462931469500167,6.209397745799421e-43,0.0,0.0,0.0,-0.0009682191660043106,unicycle
2.4266269232850575,8.945015802193437,1.765,0.0,0.0,-1.5913808449871794,0.4446087102402324,5.1869381740245685e-43,0.0,0.0,0.0,-0.0008915275896157402,unicycle
2.426443830956212,8.936125916850273,1.765,0.0,0.0,-1.5913971423751572,0.4445885294776106,4.330543702340862e-43,0.0,0.0,0.0,-0.0008148693988877986,unicycle
2.426260608698678,8.927236429364278,1.765,0.0,0.0,-1.5914119073357884,0.44456877465909617,3.613659477513016e-43,0.0,0.0,0.0,-0.0007382480315546539,unicycle
2.426077269966513,8.91834733089594,1.765,0.0,0.0,-1.5914251406742115,0.44454944795726653,3.0139001693259573e-43,0.0,0.0,0.0,-0.000661666921143955,unicycle
2.425893828203303,8.90945861256353,1.765,0.0,0.0,-1.5914368432641475,0.4445305514650983,2.5124096447776072e-43,0.0,0.0,0.0,-0.0005851294967945591,unicycle
2.4257102968416646,8.900570265444752,1.765,0.0,0.0,-1.591447016047809,0.44451208719576357,2.0933162456110435e-43,0.0,0.0,0.0,-0.0005086391830746381,unicycle
2.4255266893027487,8.89168228057844,1.765,0.0,0.0,-1.5914556600358047,0.44449405708244033,1.7432699273789273e-43,0.0,0.0,0.0,-0.00043219939980014094,unicycle
2.4253430189957497,8.882794648966216,1.765,0.0,0.0,-1.591462776307042,0.4444764629781379,1.4510493868748888e-43,0.0,0.0,0.0,-0.00035581356185331525,unicycle
2.4251592993174107,8.87390736157418,1.765,0.0,0.0,-1.5914683660086222,0.44445930665553646,1.2072289414756098e-43,0.0,0.0,0.0,-0.00027948507900147187,unicycle
2.424975543651536,8.865020409334583,1.765,0.0,0.0,-1.5914724303557364,0.4444425898068408,1.0038963526261235e-43,0.0,0.0,0.0,-0.00020321735571595238,unicycle
2.4247917653684983,8.856133783147529,1.765,0.0,0.0,-1.591474970631556,0.44442631404364935,8.344140289907395e-44,0.0,0.0,0.0,-0.0001270137909913435,unicycle
2.424607977824757,8.847247473882648,1.765,0.0,0.0,-1.5914759881871192,0.444410480896837,6.932171237424065e-44,0.0,0.0,0.0,-5.08777781650872e-05,unicycle
2.424424194362368,8.838361472380782,1.765,0.0,0.0,-1.5914754844412142,0.4443950918164525,5.756429744326769e-44,0.0,0.0,0.0,2.5187295262608865e-05,unicycle
2.4242404283085026,8.829475769455687,1.765,0.0,0.0,-1.5914734608802579,0.44438014817163035,4.777871404855963e-44,0.0,0.0,0.0,0.00010117804780857914,unicycle
2.424056692974963,8.820590355895721,1.765,0.0,0.0,-1.591469919058174,0.4443656512505173,3.963819884807744e-44,0.0,0.0,0.0,0.000177091104186096,unicycle
2.423873001657703,8.811705222465532,1.765,0.0,0.0,-1.5914648605962645,0.44435160226021286,3.2869437326509183e-44,0.0,0.0,0.0,0.00025292309548386697,unicycle
2.423689367636347,8.802820359907754,1.765,0.0,0.0,-1.5914582871830776,0.44433800232672443,2.724394762280289e-44,0.0,0.0,0.0,0.0003286706593446394,unicycle
2.4235058041737125,8.793935758944707,1.765,0.0,0.0,-1.5914502005742746,0.4443248524949366,2.257083020110893e-44,0.0,0.0,0.0,0.0004043304401433581,unicycle
2.4233223245153335,8.785051410280078,1.765,0.0,0.0,-1.5914406025924914,0.4443121537285948,1.8690671138555887e-44,0.0,0.0,0.0,0.0004798990891648941,unicycle
2.423138941888985,8.77616730460062,1.765,0.0,0.0,-1.5914294951271957,0.4442999069103035,1.5470418970507933e-44,0.0,0.0,0.0,0.000555373264781276,unicycle
2.4229556695042085,8.767283432577857,1.765,0.0,0.0,-1.5914168801345434,0.44428811284153824,1.2799082481225653e-44,0.0,0.0,0.0,0.0006307496326284125,unicycle
2.42277252055184,8.758399784869754,1.765,0.0,0.0,-1.5914027596372275,0.44427677224267187,1.0584120217038292e-44,0.0,0.0,0.0,0.0007060248657823234,unicycle
2.42258950820354,8.749516352122424,1.765,0.0,0.0,-1.5913871357243288,0.4442658857530158,8.748412405542734e-45,0.0,0.0,0.0,0.0007811956449347962,unicycle
2.4224066456113196,8.740633124971811,1.765,0.0,0.0,-1.5913700105511575,0.44425545393087396,7.227722886712205e-45,0.0,0.0,0.0,0.0008562586585684803,unicycle
2.422223945907077,8.731750094045383,1.765,0.0,0.0,-1.591351386339095,0.44424547725361224,5.96857303143365e-45,0.0,0.0,0.0,0.0009312106031314018,unicycle
2.4220414221926982,8.722867249504858,1.765,0.0,0.0,-1.5913312653746257,0.4442359790699145,4.926461812058223e-45,0.0,0.0,0.0,0.0010060482234663117,unicycle
2.4218590875439907,8.713984581259929,1.765,0.0,0.0,-1.5913096500096204,0.4442269720443857,4.064376518508077e-45,0.0,0.0,0.0,0.0010807682502643307,unicycle
2.421676955020565,8.70510207947338,1.765,0.0,0.0,-1.5912865426620901,0.44421844358271734,3.3515473577586404e-45,0.0,0.0,0.0,0.0011553673765239245,unicycle
2.421495037663972,8.696219734495646,1.765,0.0,0.0,-1.591261945815847,0.44421038436784166,2.7624065704036182e-45,0.0,0.0,0.0,0.0012298423121407309,unicycle
2.4213133484961693,8.687337536814754,1.765,0.0,0.0,-1.5912358620202025,0.44420278758859677,2.2757189479017403e-45,0.0,0.0,0.0,0.0013041897822343332,unicycle
2.4211319005182292,8.67845547701842,1.765,0.0,0.0,-1.5912082938896865,0.4441956483334003,1.8738559110854398e-45,0.0,0.0,0.0,0.0013784065258076158,unicycle
2.4209507067092604,8.669573545765626,1.765,0.0,0.0,-1.5911792441037926,0.4441889631152392,1.542189762391685e-45,0.0,0.0,0.0,0.0014524892946938444,unicycle
2.4207697800254735,8.660691733765605,1.765,0.0,0.0,-1.5911487154067372,0.44418272950093923,1.268588477107127e-45,0.0,0.0,0.0,0.0015264348527485906,unicycle
2.4205891333993756,8.65181003176261,1.765,0.0,0.0,-1.5911167106072321,0.4441769458230531,1.0429945600649457e-45,0.0,0.0,0.0,0.0016002399752471496,unicycle
2.4204087797390557,8.642928430525114,1.765,0.0,0.0,-1.5910832325782631,0.44417161095704083,8.570741550197715e-46,0.0,0.0,0.0,0.0016739014484521795,unicycle
2.420228731927541,8.634046920838447,1.765,0.0,0.0,-1.5910482842568765,0.44416672414990643,7.039248319641954e-46,0.0,0.0,0.0,0.0017474160693205752,unicycle
2.420049002822214,8.62516549350005,1.765,0.0,0.0,-1.5910118686439705,0.4441622848892626,5.7783235880464624e-46,0.0,0.0,0.0,0.0018207806453229777,unicycle
2.4198696052542656,8.616284139316717,1.765,0.0,0.0,-1.590973988804083,0.4441582928040506,4.740683439362526e-46,0.0,0.0,0.0,0.0018939919943532105,unicycle
2.4196905520281864,8.607402849103314,1.765,0.0,0.0,-1.5909346478651891,0.4441547475899523,3.887219626543275e-46,0.0,0.0,0.0,0.001967046944708649,unicycle
2.419511855921277,8.598521613682616,1.765,0.0,0.0,-1.5908938490184867,0.4441516489539818,3.1856009304969066e-46,0.0,0.0,0.0,0.0020399423351257664,unicycle
2.4193335296831777,8.589640423885966,1.765,0.0,0.0,-1.5908515955181894,0.44414899657389967,2.6091111990568454e-46,0.0,0.0,0.0,0.002112675014857935,unicycle
2.4191555860354153,8.580759270554495,1.765,0.0,0.0,-1.590807890681314,0.44414679006902147,2.1356844674103073e-46,0.0,0.0,0.0,0.0021852418437849934,unicycle
2.4189780376709518,8.57187814454076,1.765,0.0,0.0,-1.5907627378874631,0.44414502897972663,1.7471041065983788e-46,0.0,0.0,0.0,0.002257639692546205,unicycle
2.4188008972537456,8.56299703671067,1.765,0.0,0.0,-1.590716140578609,0.44414371275356135,1.4283384243301856e-46,0.0,0.0,0.0,0.0023298654426899034,unicycle
2.4186241774183164,8.554115937945566,1.765,0.0,0.0,-1.590668102258872,0.44414284073629406,1.1669897239749595e-46,0.0,0.0,0.0,0.002401915986834602,unicycle
2.4184478907693108,8.54523483914444,1.765,0.0,0.0,-1.5906186264942954,0.44414241216664824,9.528376576544587e-47,0.0,0.0,0.0,0.002473788228837515,unicycle
2.4182720498810717,8.53635373122617,1.765,0.0,0.0,-1.5905677169126156,0.44414242617373095,7.774609094013588e-47,0.0,0.0,0.0,0.002545479083967391,unicycle
2.4180966672972093,8.52747260513179,1.765,0.0,0.0,-1.590515377203034,0.44414288177640066,6.339239165834569e-47,0.0,0.0,0.0,0.002616985479079345,unicycle
2.4179217555301706,8.51859145182673,1.765,0.0,0.0,-1.5904616111159784,0.4441437778840003,5.165175681038126e-47,0.0,0.0,0.0,0.00268830435278996,unicycle
2.417747327060813,8.509710262303042,1.765,0.0,0.0,-1.5904064224628651,0.4441451132980195,4.205446783953206e-47,0.0,0.0,0.0,0.0027594326556514464,unicycle
2.417573394337972,8.50082902758156,1.765,0.0,0.0,-1.5903498151158586,0.44414688671436076,3.4214258746024583e-47,0.0,0.0,0.0,0.002830367350324002,unicycle
2.417399969778035,8.491947738714009,1.765,0.0,0.0,-1.5902917930076235,0.4441490967259683,2.7813652992281666e-47,0.0,0.0,0.0,0.0029011054117457926,unicycle
2.4172270657645103,8.483066386785076,1.765,0.0,0.0,-1.5902323601310775,0.4441517418256428,2.2591849281320174e-47,0.0,0.0,0.0,0.0029716438273002317,unicycle
2.417054694647598,8.474184962914396,1.765,0.0,0.0,-1.5901715205391382,0.44415482040891713,1.8334717822460216e-47,0.0,0.0,0.0,0.0030419795969803464,unicycle
2.4168828687437607,8.4653034582585,1.765,0.0,0.0,-1.590109278344467,0.44415833077690403,1.486654329193661e-47,0.0,0.0,0.0,0.0031121097335501894,unicycle
2.4167116003352915,8.456421864012702,1.765,0.0,0.0,-1.5900456377192131,0.4441622711390585,1.2043212737021565e-47,0.0,0.0,0.0,0.003182031262703284,unicycle
2.4165409016698858,8.447540171412932,1.765,0.0,0.0,-1.5899806028947485,0.44416663961581443,9.746598248568392e-48,0.0,0.0,0.0,0.003251741223218183,unicycle
2.416370784960209,8.438658371737507,1.765,0.0,0.0,-1.5899141781614063,0.44417143424107625,7.879927083306167e-48,0.0,0.0,0.0,0.003321236667111268,unicycle
2.4162012623834683,8.42977645630888,1.765,0.0,0.0,-1.5898463678682107,0.44417665296455355,6.363967511261951e-48,0.0,0.0,0.0,0.003390514659786907,unicycle
2.41603234608098,8.420894416495328,1.765,0.0,0.0,-1.589777176422607,0.44418229365393797,5.133888212210092e-48,0.0,0.0,0.0,0.0034595722801850646,unicycle
2.41586404815774,8.41201224371259,1.765,0.0,0.0,-1.589706608290188,0.44418835409692475,4.13667356344534e-48,0.0,0.0,0.0,0.0035284066209265537,unicycle
2.415696380681994,8.40312992942549,1.765,0.0,0.0,-1.5896346679944187,0.4441948320030871,3.328997496310581e-48,0.0,0.0,0.0,0.0035970147884560426,unicycle
2.4155293556848063,8.394247465149505,1.765,0.0,0.0,-1.589561360116355,0.44420172500561295,2.6754754567231637e-48,0.0,0.0,0.0,0.00366539390318294,unicycle
2.4153629851596325,8.385364842452312,1.765,0.0,0.0,-1.5894866892943627,0.444209030662915,2.1472279736141314e-48,0.0,0.0,0.0,0.0037335410996202803,unicycle
2.415197281061887,8.376482052955302,1.765,0.0,0.0,-1.589410660223832,0.444216746460126,1.7207009085385833e-48,0.0,0.0,0.0,0.0038014535265217023,unicycle
2.4150322553085157,8.367599088335053,1.765,0.0,0.0,-1.589333277656892,0.444224869810491,1.376697037437961e-48,0.0,0.0,0.0,0.0038691283470165963,unicycle
2.4148679197775653,8.3587159403248,1.765,0.0,0.0,-1.589254546402117,0.4442333980566677,1.0995815408306492e-48,0.0,0.0,0.0,0.003936562738743529,unicycle
2.414704286307759,8.349832600715855,1.765,0.0,0.0,-1.5891744713242373,0.44424232847194634,8.766305336368575e-49,0.0,0.0,0.0,0.0040037538939820105,unicycle
2.4145413666980633,8.340949061359023,1.765,0.0,0.0,-1.5890930573438415,0.4442516582613981,6.974971848468936e-49,0.0,0.0,0.0,0.004070699019782629,unicycle
2.4143791727072648,8.332065314165984,1.765,0.0,0.0,-1.5890103094370795,0.44426138456296294,5.537744550849351e-49,0.0,0.0,0.0,0.004137395338095645,unicycle
2.4142177160535416,8.323181351110657,1.765,0.0,0.0,-1.5889262326353617,0.44427150444848373,4.386371785341683e-49,0.0,0.0,0.0,0.004203840085898036,unicycle
2.4140570084140367,8.314297164230542,1.765,0.0,0.0,-1.588840832025055,0.44428201492469555,3.465492689098256e-49,0.0,0.0,0.0,0.00427003051531906,unicycle
2.413897061424433,8.305412745628042,1.765,0.0,0.0,-1.58875411274718,0.44429291293417655,2.7302434855808515e-49,0.0,0.0,0.0,0.004335963893764339,unicycle
2.413737886678526,8.296528087471772,1.765,0.0,0.0,-1.588666079997099,0.4443041953562659,2.1443017766693967e-49,0.0,0.0,0.0,0.0044016375040385036,unicycle
2.413579495727802,8.287643181997847,1.765,0.0,0.0,-1.58857673902421,0.44431585900795567,1.6782897354046146e-49,0.0,0.0,0.0,0.004467048644466386,unicycle
2.4134219000810115,8.278758021511138,1.765,0.0,0.0,-1.5884860951316297,0.44432790064475997,1.3084712132125025e-49,0.0,0.0,0.0,0.004532194629012781,unicycle
2.413265111203747,8.269872598386529,1.765,0.0,0.0,-1.5883941536758819,0.4443403169615661,1.015689399565879e-49,0.0,0.0,0.0,0.0045970727874008015,unicycle
2.4131091405180194,8.260986905070151,1.765,0.0,0.0,-1.588300920066577,0.4443531045934714,7.845012405386402e-50,0.0,0.0,0.0,0.004661680465228794,unicycle
2.412953999401837,8.252100934080595,1.765,0.0,0.0,-1.5882063997660951,0.4443662601166085,6.024726951697517e-50,0.0,0.0,0.0,0.004726015024085838,unicycle
2.4127996991887812,8.243214678010101,1.765,0.0,0.0,-1.5881105982892618,0.44437978004896295,4.596053823156555e-50,0.0,0.0,0.0,0.004790073841665826,unicycle
2.4126462511675877,8.234328129525755,1.765,0.0,0.0,-1.588013521203024,0.4443936608511829,3.478704914977928e-50,0.0,0.0,0.0,0.004853854311880122,unicycle
2.4124936665817263,8.225441281370639,1.765,0.0,0.0,-1.5879151741261246,0.44440789892738625,2.6083020219003676e-50,0.0,0.0,0.0,0.004917353844968773,unicycle
2.4123419566289783,8.216554126364983,1.765,0.0,0.0,-1.587815562728772,0.4444224906259641,1.9333044470836478e-50,0.0,0.0,0.0,0.004980569867610307,unicycle
2.4121911324610217,8.207666657407291,1.765,0.0,0.0,-1.5877146927323118,0.44443743224038396,1.4125178075490585e-50,0.0,0.0,0.0,0.00504349982303008,unicycle
2.41204120518301,8.198778867475461,1.765,0.0,0.0,-1.5876125699088899,0.4444527200099921,1.013075969046567e-50,0.0,0.0,0.0,0.005106141171107194,unicycle
2.411892185853155,8.189890749627871,1.765,0.0,0.0,-1.5875092000811202,0.4444683501208179,7.088078405432158e-51,0.0,0.0,0.0,0.005168491388479949,unicycle
2.411744085482311,8.18100229700447,1.765,0.0,0.0,-1.5874045891217472,0.44448431870637956,4.7891697677052506e-51,0.0,0.0,0.0,0.005230547968649834,unicycle
2.4115969150335577,8.172113502827829,1.765,0.0,0.0,-1.5872987429533059,0.4445006218484932,3.0691521570339777e-51,0.0,0.0,0.0,0.005292308422084072,unicycle
2.4114506854217845,8.163224360404186,1.765,0.0,0.0,-1.5871916675477795,0.4445172555780847,1.7976244283792355e-51,0.0,0.0,0.0,0.005353770276316682,unicycle
2.411305407513276,8.154334863124483,1.765,0.0,0.0,-1.5870833689262587,0.4445342158760055,8.717345888864089e-52,0.0,0.0,0.0,0.005414931076048082,unicycle
2.4111610921252997,8.145445004465367,1.765,0.0,0.0,-1.586973853158594,0.4445514986738525,2.106018837705756e-52,0.0,0.0,0.0,0.0054757883832432,unicycle
2.4110177500256906,8.136554777990188,1.765,0.0,0.0,-1.5868631263630493,0.4445690998547928,-2.491660349931147e-52,0.0,0.0,0.0,0.005536339777228112,unicycle
2.41087539193244,8.12766417734997,1.765,0.0,0.0,-1.5867511947059534,0.4445870152543925,-5.570707860268357e-52,0.0,0.0,0.0,0.0055965828547851915,unicycle
2.4107340285132843,8.118773196284373,1.765,0.0,0.0,-1.5866380644013482,0.44460524066145074,-7.516062382586626e-52,0.0,0.0,0.0,0.005656515230246748,unicycle
2.4105936703852926,8.109881828622626,1.765,0.0,0.0,-1.5865237417106368,0.44462377181883894,-8.625650784205385e-52,0.0,0.0,0.0,0.005716134535587191,unicycle
2.4104543281144597,8.100990068284462,1.765,0.0,0.0,-1.5864082329422264,0.4446426044243448,-9.128810510427952e-52,0.0,0.0,0.0,0.005775438420513699,unicycle
2.4103160122152945,8.092097909281012,1.765,0.0,0.0,-1.586291544451175,0.4446617341315212,-9.200976332382214e-52,0.0,0.0,0.0,0.005834424552555371,unicycle
2.4101787331504125,8.083205345715696,1.765,0.0,0.0,-1.586173682638832,0.4446811565505411,-8.975365677322416e-52,0.0,0.0,0.0,0.005893090617150877,unicycle
2.410042501330131,8.074312371785082,1.765,0.0,0.0,-1.5860546539524774,0.4447008672490565,-8.552255895264961e-52,0.0,0.0,0.0,0.005951434317734609,unicycle
2.409907327112059,8.065418981779752,1.765,0.0,0.0,-1.5859344648849611,0.4447208617530635,-8.006332444483329e-52,0.0,0.0,0.0,0.006009453375821307,unicycle
2.409773220800694,8.056525170085125,1.765,0.0,0.0,-1.5858131219743397,0.4447411355477714,-7.392494209502157e-52,0.0,0.0,0.0,0.0060671455310892025,unicycle
2.409640192647018,8.047630931182265,1.765,0.0,0.0,-1.5856906318035102,0.4447616840784774,-6.750426987264455e-52,0.0,0.0,0.0,0.00612450854146163,unicycle
2.409508252848092,8.03873625964869,1.765,0.0,0.0,-1.5855670009998464,0.444782502751446,-6.1081953126124084e-52,0.0,0.0,0.0,0.006181540183187141,unicycle
2.4093774115466573,8.029841150159134,1.765,0.0,0.0,-1.585442236234828,0.44480358693479305,-5.485053567121458e-52,0.0,0.0,0.0,0.0062382382509181085,unicycle
2.409247678830729,8.020945597486312,1.765,0.0,0.0,-1.5853163442236722,0.44482493195937495,-4.893637542232283e-52,0.0,0.0,0.0,0.006294600557787805,unicycle
2.4091190647331997,8.012049596501658,1.765,0.0,0.0,-1.5851893317249628,0.44484653311968153,-4.341665528248052e-52,0.0,0.0,0.0,0.006350624935485992,unicycle
2.4089915792314396,8.003153142176044,1.765,0.0,0.0,-1.585061205540276,0.4448683856747341,-3.833252124561651e-52,0.0,0.0,0.0,0.006406309234332988,unicycle
2.408865232246897,7.994256229580487,1.765,0.0,0.0,-1.5849319725138087,0.44489048484898724,-3.369917132448756e-52,0.0,0.0,0.0,0.006461651323352246,unicycle
2.408740033644701,7.985358853886818,1.765,0.0,0.0,-1.584801639532002,0.4449128258332352,-2.951355139098303e-52,0.0,0.0,0.0,0.00651664909034141,unicycle
2.408615993233268,7.976461010368355,1.765,0.0,0.0,-1.5846702135231632,0.444935403785522,-2.5760179492001882e-52,0.0,0.0,0.0,0.006571300441941881,unicycle
2.408493120763903,7.9675626944005415,1.765,0.0,0.0,-1.5845377014570887,0.44495821383205536,-2.241551233967985e-52,0.0,0.0,0.0,0.006625603303706866,unicycle
2.4083714259304103,7.958663901461577,1.765,0.0,0.0,-1.5844041103446853,0.4449812510681247,-1.9451181320945737e-52,0.0,0.0,0.0,0.006679555620167947,unicycle
2.4082509183687,7.949764627133014,1.765,0.0,0.0,-1.5842694472375873,0.4450045105590223,-1.6836356353699732e-52,0.0,0.0,0.0,0.006733155354900164,unicycle
2.4081316076563946,7.940864867100349,1.765,0.0,0.0,-1.5841337192277753,0.44502798734096793,-1.4539440853690073e-52,0.0,0.0,0.0,0.006786400490585591,unicycle
2.40801350331244,7.931964617153588,1.765,0.0,0.0,-1.5839969334471942,0.4450516764220368,-1.2529257230708115e-52,0.0,0.0,0.0,0.00683928902907542,unicycle
2.4078966147967202,7.923063873187788,1.765,0.0,0.0,-1.5838590970673647,0.44507557278309073,-1.0775847492506617e-52,0.0,0.0,0.0,0.00689181899145058,unicycle
2.407780951509666,7.914162631203591,1.765,0.0,0.0,-1.5837202172990033,0.44509967137871176,-9.250985913048264e-53,0.0,0.0,0.0,0.006943988418080874,unicycle
2.4076665227918705,7.905260887307726,1.765,0.0,0.0,-1.5835803013916296,0.4451239671381392,-7.928478876897634e-53,0.0,0.0,0.0,0.006995795368682637,unicycle
2.4075533379237055,7.896358637713499,1.765,0.0,0.0,-1.5834393566331824,0.4451484549662087,-6.7843097823826785e-53,0.0,0.0,0.0,0.007047237922374932,unicycle
2.407441406124939,7.887455878741258,1.765,0.0,0.0,-1.583297390349628,0.44517312974429424,-5.796673337961628e-53,0.0,0.0,0.0,0.007098314177734276,unicycle
2.4073307365543517,7.878552606818844,1.765,0.0,0.0,-1.5831544099045711,0.4451979863312521,-4.945932967928176e-53,0.0,0.0,0.0,0.007149022252847919,unicycle
2.4072213383093586,7.869648818482018,1.765,0.0,0.0,-1.5830104226988637,0.4452230195643669,-4.214526752381178e-53,0.0,0.0,0.0,0.007199360285365669,unicycle
2.407113220425629,7.860744510374866,1.765,0.0,0.0,-1.5828654361702128,0.44524822426029964,-3.586840879241295e-53,0.0,0.0,0.0,0.007249326432550253,unicycle
2.407006391876712,7.851839679250193,1.765,0.0,0.0,-1.5827194577927863,0.4452735952160379,-3.049064596565335e-53,0.0,0.0,0.0,0.00729891887132627,unicycle
2.4069008615736585,7.842934321969887,1.765,0.0,0.0,-1.5825724950768196,0.44529912720984705,-2.5890368128405903e-53,0.0,0.0,0.0,0.007348135798327689,unicycle
2.4067966383646486,7.834028435505265,1.765,0.0,0.0,-1.5824245555682206,0.44532481500222343,-2.196091555279854e-53,0.0,0.0,0.0,0.0073969754299439295,unicycle
2.4066937310346215,7.825122016937408,1.765,0.0,0.0,-1.5822756468481733,0.4453506533368484,-1.8609072656160771e-53,0.0,0.0,0.0,0.00744543600236452,unicycle
2.406592148304901,7.8162150634574665,1.765,0.0,0.0,-1.5821257765327408,0.445376636941544,-1.575363234093772e-53,0.0,0.0,0.0,0.007493515771622348,unicycle
2.4064918988328317,7.807307572366944,1.765,0.0,0.0,-1.5819749522724678,0.445402760529229,-1.3324052221732192e-53,0.0,0.0,0.0,0.007541213013635503,unicycle
2.406392991211407,7.798399541077971,1.765,0.0,0.0,-1.5818231817519828,0.4454290187988763,-1.1259214056539325e-53,0.0,0.0,0.0,0.0075885260242477244,unicycle
2.406295433968909,7.789490967113548,1.765,0.0,0.0,-1.5816704726895974,0.4454554064364705,-9.506291058743012e-54,0.0,0.0,0.0,0.007635453119267462,unicycle
2.4061992355685415,7.780581848107781,1.765,0.0,0.0,-1.5815168328369074,0.44548191811596627,-8.019723071898105e-54,0.0,0.0,0.0,0.007681992634505543,unicycle
2.4061044044080724,7.77167218180608,1.765,0.0,0.0,-1.581362269978391,0.44550854850024685,-6.760296369871431e-54,0.0,0.0,0.0,0.007728142925811498,unicycle
2.40601094881947,7.762761966065352,1.765,0.0,0.0,-1.5812067919310089,0.4455352922420827,-5.694322733492178e-54,0.0,0.0,0.0,0.007773902369108496,unicycle
2.405918877068549,7.7538511988541705,1.765,0.0,0.0,-1.5810504065438002,0.44556214398509025,-4.7929111665682316e-54,0.0,0.0,0.0,0.007819269360426925,unicycle
2.405828197354615,7.744939878252916,1.765,0.0,0.0,-1.580893121697481,0.4455890983646902,-4.0313249289347065e-54,0.0,0.0,0.0,0.007864242315936645,unicycle
2.4057389178101083,7.736028002453912,1.765,0.0,0.0,-1.5807349453040414,0.4456161500090657,-3.3884163131667245e-54,0.0,0.0,0.0,0.007908819671977894,unicycle
2.405651046500255,7.727115569761525,1.765,0.0,0.0,-1.5805758853063394,0.44564329354012,-2.84613164584778e-54,0.0,0.0,0.0,0.007952999885090857,unicycle
2.4055645914227184,7.718202578592256,1.765,0.0,0.0,-1.5804159496776988,0.4456705235744331,-2.3890792563228673e-54,0.0,0.0,0.0,0.00799678143204393,unicycle
2.4054795605072496,7.709289027474809,1.765,0.0,0.0,-1.5802551464215016,0.44569783472421787,-2.004153552583676e-54,0.0,0.0,0.0,0.008040162809860679,unicycle
2.4053959616110263,7.700374914593012,1.765,0.0,0.0,-1.5800934835777571,0.44572524445540823,-1.6802088211667128e-54,0.0,0.0,0.0,0.008083142187231131,unicycle
2.4053138025205043,7.69146023799706,1.765,0.0,0.0,-1.579930969219524,0.44575275967039835,-1.407776886134933e-54,0.0,0.0,0.0,0.008125717911643215,unicycle
2.405233090955781,7.68254499610499,1.765,0.0,0.0,-1.5797676114448835,0.4457803621952216,-1.178823293001201e-54,0.0,0.0,0.0,0.008167888732029973,unicycle
2.405153834569527,7.673629187635783,1.765,0.0,0.0,-1.579603418377518,0.4458080372002632,-9.865372070100382e-55,0.0,0.0,0.0,0.008209653368282803,unicycle
2.4050760409461014,7.664712811557802,1.765,0.0,0.0,-1.5794383981670648,0.4458357724327033,-8.251507181390993e-55,0.0,0.0,0.0,0.008251010522664885,unicycle
2.404999717600808,7.6557958670492985,1.765,0.0,0.0,-1.57927255898929,0.44586355761329144,-6.897837189501634e-55,0.0,0.0,0.0,0.008291958888735816,unicycle
2.4049248719792597,7.646878353468363,1.765,0.0,0.0,-1.5791059090461237,0.44589138396390504,-5.763109610098622e-55,0.0,0.0,0.0,0.008332497158314927,unicycle
2.4048515114568247,7.637960270330252,1.765,0.0,0.0,-1.578938456565586,0.4459192438389707,-4.812482986044147e-55,0.0,0.0,0.0,0.008372624026900748,unicycle
2.404779643338144,7.629041617290435,1.765,0.0,0.0,-1.5787702098016283,0.44594713043917544,-4.0165549433224624e-55,0.0,0.0,0.0,0.008412338197876765,unicycle
2.40470927485669,7.620122394132063,1.765,0.0,0.0,-1.5786011770339128,0.4459750375902107,-3.350532906014317e-55,0.0,0.0,0.0,0.008451638385764421,unicycle
2.404640413174368,7.6112026007568465,1.765,0.0,0.0,-1.5784313665675385,0.4460029595727665,-2.7935274567348325e-55,0.0,0.0,0.0,0.00849052331872937,unicycle
2.4045730653811495,7.6022822371785095,1.765,0.0,0.0,-1.5782607867327283,0.4460308909927903,-2.3279509481176627e-55,0.0,0.0,0.0,0.008528991740503561,unicycle
2.4045072384947184,7.593361303518229,1.765,0.0,0.0,-1.5780894458844914,0.44605882668326935,-1.9390062875084278e-55,0.0,0.0,0.0,0.00856704241185128,unicycle
2.4044429394601416,7.584439800001526,1.765,0.0,0.0,-1.5779173524022576,0.4460867616306002,-1.6142528568000516e-55,0.0,0.0,0.0,0.00860467411168,unicycle
2.4043801751495493,7.575517726956264,1.765,0.0,0.0,-1.5777445146895006,0.4461146909200507,-1.3432383182588549e-55,0.0,0.0,0.0,0.008641885637875348,unicycle
2.404318952361827,7.566595084811421,1.765,0.0,0.0,-1.5775709411733418,0.44614260969597513,-1.1171866205575085e-55,0.0,0.0,0.0,0.008678675807922457,unicycle
2.4042592778223133,7.557671874096459,1.765,0.0,0.0,-1.5773966403041546,0.446170513133365,-9.287338811494854e-56,0.0,0.0,0.0,0.008715043459362536,unicycle
2.4042011581825027,7.548748095441058,1.765,0.0,0.0,-1.5772216205551524,0.4461983964180511,-7.717050041431527e-56,0.0,0.0,0.0,0.008750987450122816,unicycle
2.4041446000197557,7.539823749575135,1.765,0.0,0.0,-1.5770458904219775,0.4462262547334582,-6.409249177806288e-56,0.0,0.0,0.0,0.008786506658749693,unicycle
2.4040896098370133,7.530898837329016,1.765,0.0,0.0,-1.5768694584222862,0.4462540832522759,-5.3205920150293285e-56,0.0,0.0,0.0,0.0088215999845683,unicycle
2.404036194062512,7.521973359633719,1.765,0.0,0.0,-1.5766923330953304,0.4462818771317756,-4.414796365831235e-56,0.0,0.0,0.0,0.008856266347786537,unicycle
2.4039843590495025,7.5130473175212495,1.765,0.0,0.0,-1.5765145230015394,0.44630963151179515,-3.6615087187079086e-56,0.0,0.0,0.0,0.008890504689557537,unicycle
2.4039341110759738,7.504120712124922,1.765,0.0,0.0,-1.5763360367220993,0.44633734151463744,-3.0353496108566523e-56,0.0,0.0,0.0,0.00892431397201128,unicycle
2.4038854563443777,7.495193544679641,1.765,0.0,0.0,-1.5761568828585342,0.4463650022463107,-2.5151101254168616e-56,0.0,0.0,0.0,0.008957693178263696,unicycle
2.403838400981355,7.486265816522148,1.765,0.0,0.0,-1.5759770700322862,0.44639260879867626,-2.083076069603745e-56,0.0,0.0,0.0,0.008990641312409522,unicycle
2.4037929510374676,7.477337529091205,1.765,0.0,0.0,-1.5757966068842963,0.44642015625218023,-1.7244599362403762e-56,0.0,0.0,0.0,0.009023157399503693,unicycle
2.403749112486928,7.468408683927718,1.765,0.0,0.0,-1.5756155020745855,0.44644763967892737,-1.426923778272854e-56,0.0,0.0,0.0,0.00905524048553492,unicycle
2.4037068912273387,7.4594792826748,1.765,0.0,0.0,-1.5754337642818375,0.4464750541459229,-1.180178706552572e-56,0.0,0.0,0.0,0.009086889637394114,unicycle
2.403666293079429,7.450549327077763,1.765,0.0,0.0,-1.5752514022029807,0.4465023947183565,-9.756489185337087e-57,0.0,0.0,0.0,0.00911810394283964,unicycle
2.403627323786795,7.4416188189840415,1.765,0.0,0.0,-1.5750684245527713,0.44652965646284065,-8.061900342674125e-57,0.0,0.0,0.0,0.009148882510460862,unicycle
2.4035899890156447,7.432687760343061,1.765,0.0,0.0,-1.5748848400633781,0.44655683445054517,-6.658531035245644e-57,0.0,0.0,0.0,0.009179224469640954,unicycle
2.4035542943545454,7.423756153206041,1.765,0.0,0.0,-1.574700657483968,0.4465839237601901,-5.496869949326603e-57,0.0,0.0,0.0,0.009209128970519771,unicycle
2.4035202453141724,7.414823999725738,1.765,0.0,0.0,-1.574515885580289,0.44661091948087495,-4.535730199009867e-57,0.0,0.0,0.0,0.009238595183957152,unicycle
2.4034878473270647,7.405891302156141,1.765,0.0,0.0,-1.5743305331342587,0.44663781671473435,-3.7408661113172235e-57,0.0,0.0,0.0,0.009267622301497032,unicycle
2.4034571057473797,7.396958062852114,1.765,0.0,0.0,-1.574144608943552,0.4466646105794189,-3.083816936840454e-57,0.0,0.0,0.0,0.00929620953533249,unicycle
2.4034280258506557,7.388024284268987,1.765,0.0,0.0,-1.573958121821186,0.4466912962104031,-2.5409407816553077e-57,0.0,0.0,0.0,0.009324356118271794,unicycle
2.403400612833575,7.37908996896211,1.765,0.0,0.0,-1.573771080595112,0.44671786876312963,-2.0926078974423223e-57,0.0,0.0,0.0,0.009352061303705467,unicycle
2.4033748718137278,7.370155119586367,1.765,0.0,0.0,-1.5735834941078004,0.4467443234149986,-1.72252739602711e-57,0.0,0.0,0.0,0.009379324365574317,unicycle
2.4033508078293893,7.361219738895647,1.765,0.0,0.0,-1.573395371215834,0.44677065536721305,-1.4171856109652052e-57,0.0,0.0,0.0,0.00940614459833834,unicycle
2.403328425839289,7.352283829742283,1.765,0.0,0.0,-1.5732067207894944,0.4467968598464927,-1.1653778308233848e-57,0.0,0.0,0.0,0.00943252131694644,unicycle
2.4033077307223905,7.343347395076457,1.765,0.0,0.0,-1.5730175517123588,0.4468229321066671,-9.578180772824909e-58,0.0,0.0,0.0,0.009458453856806815,unicycle
2.403288727277676,7.334410437945584,1.765,0.0,0.0,-1.5728278728808833,0.44684886743016067,-7.868140818180452e-58,0.0,0.0,0.0,0.009483941573757915,unicycle
2.4032714202239305,7.325472961493647,1.765,0.0,0.0,-1.5726376932040025,0.4468746611293785,-6.459967002826224e-58,0.0,0.0,0.0,0.009508983844039889,unicycle
2.40325581419953,7.316534968960529,1.765,0.0,0.0,-1.5724470216027169,0.4469003085480056,-5.3009475694902536e-58,0.0,0.0,0.0,0.009533580064266352,unicycle
2.4032419137622396,7.307596463681302,1.765,0.0,0.0,-1.5722558670096891,0.4469258050622264,-4.347477807837353e-58,0.0,0.0,0.0,0.009557729651396446,unicycle
2.4032297233890083,7.298657449085506,1.765,0.0,0.0,-1.5720642383688352,0.4469511460818743,-3.5635033118652926e-58,0.0,0.0,0.0,0.009581432042707012,unicycle
2.4032192474757714,7.289717928696397,1.765,0.0,0.0,-1.5718721446349195,0.44697632705151924,-2.9192264560532837e-58,0.0,0.0,0.0,0.00960468669576488,unicycle
2.4032104903372584,7.280777906130174,1.765,0.0,0.0,-1.5716795947731514,0.44700134345149883,-2.390032089615833e-58,0.0,0.0,0.0,0.009627493088399115,unicycle
2.4032034562068016,7.271837385095192,1.765,0.0,0.0,-1.571486597758778,0.4470261907989005,-1.9555957141968722e-58,0.0,0.0,0.0,0.009649850718673214,unicycle
2.4031981492361507,7.262896369391147,1.765,0.0,0.0,-1.5712931625766808,0.44705086464849897,-1.5991434924425202e-58,0.0,0.0,0.0,0.009671759104857137,unicycle
2.403194573495293,7.253954862908252,1.765,0.0,0.0,-1.571099298220973,0.44707536059365455,-1.3068385231171787e-58,0.0,0.0,0.0,0.009693217785399142,unicycle
2.4031927329722755,7.245012869626388,1.765,0.0,0.0,-1.5709050136945955,0.4470996742671761,-1.0672720728157233e-58,0.0,0.0,0.0,0.009714226318897378,unicycle
2.403192631573032,7.236070393614244,1.765,0.0,0.0,-1.5707103180089137,0.4471238013421525,-8.710420095767648e-59,0.0,0.0,0.0,0.00973478428407119,unicycle
2.403194273121214,7.227127439028432,1.765,0.0,0.0,-1.5705152201833192,0.44714773753275516,-7.104036531148179e-59,0.0,0.0,0.0,0.009754891279732067,unicycle
2.403197661358031,7.2181840101125925,1.765,0.0,0.0,-1.5703197292448243,0.44717147859501527,-5.789807351894353e-59,0.0,0.0,0.0,0.009774546924754254,unicycle
2.4032027999420844,7.209240111196488,1.765,0.0,0.0,-1.5701238542276632,0.44719502032757724,-4.7152623180225125e-59,0.0,0.0,0.0,0.009793750858044955,unicycle
2.403209692449219,7.200295746695067,1.765,0.0,0.0,-1.569927604172893,0.44721835857243103,-3.8372455359809436e-59,0.0,0.0,0.0,0.00981250273851414,unicycle
2.403218342372367,7.191350921107533,1.765,0.0,0.0,-1.569730988127992,0.4472414892156244,-3.120280183652801e-59,0.0,0.0,0.0,0.0098308022450439,unicycle
2.403228753121408,7.182405639016382,1.765,0.0,0.0,-1.569534015146463,0.4472644081879573,-2.535217270999709e-59,0.0,0.0,0.0,0.00984864907645738,unicycle
2.4032409280230205,7.1734599050864345,1.765,0.0,0.0,-1.5693366942874327,0.4472871114656596,-2.058119622808062e-59,0.0,0.0,0.0,0.00986604295148722,unicycle
2.4032548703205503,7.164513724063852,1.765,0.0,0.0,-1.5691390346152583,0.4473095950710523,-1.6693405691914499e-59,0.0,0.0,0.0,0.009882983608743559,unicycle
2.4032705831738777,7.155567100775143,1.765,0.0,0.0,-1.5689410451991246,0.44733185507319445,-1.3527637332969916e-59,0.0,0.0,0.0,0.009899470806681538,unicycle
2.403288069659286,7.146620040126153,1.765,0.0,0.0,-1.568742735112653,0.44735388758851513,-1.0951760459314024e-59,0.0,0.0,0.0,0.00991550432356834,unicycle
2.4033073327693453,7.1376725471010385,1.765,0.0,0.0,-1.5685441134335043,0.4473756887814328,-8.857508873939958e-60,0.0,0.0,0.0,0.009931083957449738,unicycle
2.403328375412787,7.128724626761238,1.765,0.0,0.0,-1.5683451892429818,0.44739725486496096,-7.156222196201081e-60,0.0,0.0,0.0,0.009946209526116155,unicycle
2.4033512004143978,7.119776284244421,1.765,0.0,0.0,-1.5681459716256405,0.4474185821013014,-5.775338620273571e-60,0.0,0.0,0.0,0.009960880867068249,unicycle
2.403375810514903,7.110827524763429,1.765,0.0,0.0,-1.5679464696688907,0.44743966680242564,-4.655507950798713e-60,0.0,0.0,0.0,0.009975097837481992,unicycle
2.403402208370869,7.1018783536052075,1.765,0.0,0.0,-1.5677466924626078,0.4474605053306436,-3.7482164068770264e-60,0.0,0.0,0.0,0.009988860314173282,unicycle
2.4034303965546013,7.092928776129725,1.765,0.0,0.0,-1.5675466490987362,0.4474810940991614,-3.013833466335518e-60,0.0,0.0,0.0,0.010002168193562068,unicycle
2.4034603775540515,7.083978797768875,1.765,0.0,0.0,-1.5673463486709032,0.4475014295726278,-2.4200065867746653e-60,0.0,0.0,0.0,0.010015021391636014,unicycle
2.4034921537727265,7.075028424025378,1.765,0.0,0.0,-1.5671458002740248,0.44752150826766823,-1.9403425331393138e-60,0.0,0.0,0.0,0.01002741984391367,unicycle
2.4035257275296056,7.06607766047166,1.765,0.0,0.0,-1.5669450130039162,0.4475413267534091,-1.5533247170099605e-60,0.0,0.0,0.0,0.010039363505407198,unicycle
2.403561101059059,7.0571265127487335,1.765,0.0,0.0,-1.5667439959569043,0.44756088165198965,-1.2414247878882395e-60,0.0,0.0,0.0,0.010050852350584618,unicycle
2.4035982765107753,7.048174986565059,1.765,0.0,0.0,-1.5665427582294376,0.447580169639064,-9.903740253457928e-61,0.0,0.0,0.0,0.010061886373331611,unicycle
2.40363725594969,7.039223087695398,1.765,0.0,0.0,-1.5663413089176994,0.4475991874442911,-7.885661239600895e-61,0.0,0.0,0.0,0.010072465586912868,unicycle
2.403678041355922,7.030270821979661,1.765,0.0,0.0,-1.5661396571172208,0.44761793185181475,-6.265679572932289e-61,0.0,0.0,0.0,0.010082590023932993,unicycle
2.403720634624713,7.021318195321739,1.765,0.0,0.0,-1.565937811922495,0.44763639970073166,-4.967190328533615e-61,0.0,0.0,0.0,0.010092259736296986,unicycle
2.4037650375663735,7.012365213688332,1.765,0.0,0.0,-1.5657357824265914,0.44765458788554946,-3.9280375649774094e-61,0.0,0.0,0.0,0.010101474795170269,unicycle
2.4038112519062325,7.003411883107765,1.765,0.0,0.0,-1.565533577720773,0.44767249335663345,-3.0978343612613837e-61,0.0,0.0,0.0,0.01011023529093831,unicycle
2.4038592792845934,6.994458209668796,1.765,0.0,0.0,-1.5653312068941094,0.4476901131206421,-2.4357727364308465e-61,0.0,0.0,0.0,0.01011854133316582,unicycle
2.4039091212566936,6.985504199519412,1.765,0.0,0.0,-1.5651286790330987,0.44770744424095227,-1.9088350631402987e-61,0.0,0.0,0.0,0.010126393050555545,unicycle
2.403960779292671,6.976549858865625,1.765,0.0,0.0,-1.5649260032212806,0.4477244838380728,-1.4903343446424172e-61,0.0,0.0,0.0,0.010133790590906657,unicycle
2.404014254777534,6.96759519397025,1.765,0.0,0.0,-1.564723188538859,0.44774122909004754,-1.158723704919912e-61,0.0,0.0,0.0,0.010140734121072748,unicycle
2.4040695490111363,6.958640211151681,1.765,0.0,0.0,-1.564520244062321,0.447757677232847,-8.966261283571402e-62,0.0,0.0,0.0,0.010147223826919429,unicycle
2.40412666320816,6.949684916782659,1.765,0.0,0.0,-1.564317178864055,0.44777382556074885,-6.900442793548566e-62,0.0,0.0,0.0,0.010153259913281552,unicycle
2.4041855984981004,6.940729317289032,1.765,0.0,0.0,-1.5641140020119766,0.44778967142670806,-5.277174651714801e-62,0.0,0.0,0.0,0.010158842603920054,unicycle
2.4042463559252565,6.931773419148502,1.765,0.0,0.0,-1.563910722569147,0.44780521224271524,-4.00598751114475e-62,0.0,0.0,0.0,0.010163972141478437,unicycle
2.4043089364487273,6.92281722888938,1.765,0.0,0.0,-1.5637073495933984,0.4478204454801439,-3.014301224844524e-62,0.0,0.0,0.0,0.010168648787438877,unicycle
2.404373340942415,6.9138607530893115,1.765,0.0,0.0,-1.563503892136957,0.44783536867008655,-2.2439759944483475e-62,0.0,0.0,0.0,0.010172872822077971,unicycle
2.4044395701950285,6.90490399837402,1.765,0.0,0.0,-1.5633003592460686,0.4478499794036797,-1.6485150366856045e-62,0.0,0.0,0.0,0.010176644544422157,unicycle
2.404507624910099,6.895946971416027,1.765,0.0,0.0,-1.5630967599606245,0.4478642753324175,-1.1907977661592396e-62,0.0,0.0,0.0,0.01017996427220276,unicycle
2.404577505705994,6.8869896789333716,1.765,0.0,0.0,-1.5628931033137885,0.44787825416845406,-8.412446370970447e-63,0.0,0.0,0.0,0.010182832341810718,unicycle
2.4046492131159423,6.878032127688327,1.765,0.0,0.0,-1.5626893983316232,0.44789191368489445,-5.763329312240834e-63,0.0,0.0,0.0,0.010185249108250964,unicycle
2.4047227475880573,6.869074324486105,1.765,0.0,0.0,-1.5624856540327217,0.4479052517160744,-3.7739763752221927e-63,0.0,0.0,0.0,0.010187214945096494,unicycle
2.4047981094853736,6.860116276173561,1.765,0.0,0.0,-1.5622818794278324,0.44791826615782854,-2.2966373021019626e-63,0.0,0.0,0.0,0.010188730244442093,unicycle
2.404875299085883,6.851157989637893,1.765,0.0,0.0,-1.5620780835194952,0.4479309549677472,-1.2146609765159477e-63,0.0,0.0,0.0,0.010189795416857758,unicycle
2.404954316582577,6.8421994718053325,1.765,0.0,0.0,-1.5618742753016686,0.4479433161654219,-4.3621505159867326e-64,0.0,0.0,0.0,0.01019041089134181,unicycle
2.405035162083498,6.833240729639833,1.765,0.0,0.0,-1.5616704637593632,0.44795534783267926,1.1076383834488571e-64,0.0,0.0,0.0,0.0101905771152737,unicycle
2.4051178356117897,6.824281770141757,1.765,0.0,0.0,-1.5614666578682759,0.4479670481138038,4.8262482019066074e-64,0.0,0.0,0.0,0.010190294554366507,unicycle
2.4052023371057576,6.815322600346549,1.765,0.0,0.0,-1.5612628665944233,0.44797841521574844,7.23253785514977e-64,0.0,0.0,0.0,0.010189563692619131,unicycle
2.4052886664189317,6.806363227323417,1.765,0.0,0.0,-1.561059098893778,0.4479894474083343,8.666759046440277e-64,0.0,0.0,0.0,0.010188385032268217,unicycle
2.4053768233201374,6.797403658174009,1.765,0.0,0.0,-1.5608553637119031,0.44800014302443836,9.391355266057872e-64,0.0,0.0,0.0,0.010186759093739759,unicycle
2.4054668074935686,6.788443900031069,1.765,0.0,0.0,-1.560651669983591,0.4480105004601699,9.60755429063845e-64,0.0,0.0,0.0,0.01018468641560045,unicycle
2.405558618538868,6.779483960057118,1.765,0.0,0.0,-1.560448026632501,0.4480205181750356,9.468579328308178e-64,0.0,0.0,0.0,0.010182167554508736,unicycle
2.405652255971212,6.770523845443104,1.765,0.0,0.0,-1.5602444425707975,0.44803019469209254,9.09014587972943e-64,0.0,0.0,0.0,0.010179203085165586,unicycle
2.405747719221401,6.76156356340707,1.765,0.0,0.0,-1.5600409266987918,0.4480395285980898,8.558783015545356e-64,0.0,0.0,0.0,0.010175793600264998,unicycle
2.4058450076359534,6.75260312119281,1.765,0.0,0.0,-1.559837487904583,0.44804851854359884,7.938413614836692e-64,0.0,0.0,0.0,0.010171939710444252,unicycle
2.4059441204772085,6.743642526068525,1.765,0.0,0.0,-1.5596341350636984,0.44805716324313166,7.275543675807003e-64,0.0,0.0,0.0,0.010167642044233855,unicycle
2.40604505692343,6.734681785325475,1.765,0.0,0.0,-1.5594308770387382,0.44806546147524784,6.603342428719908e-64,0.0,0.0,0.0,0.010162901248007268,unicycle
2.4061478160689194,6.725720906276633,1.765,0.0,0.0,-1.5592277226790197,0.4480734120826498,5.9448396547241445e-64,0.0,0.0,0.0,0.010157717985930344,unicycle
2.4062523969241285,6.716759896255336,1.765,0.0,0.0,-1.5590246808202217,0.44808101397226646,5.315421896364198e-64,0.0,0.0,0.0,0.010152092939910514,unicycle
2.4063587984157846,6.707798762613933,1.765,0.0,0.0,-1.5588217602840309,0.4480882661153257,4.72477314120382e-64,0.0,0.0,0.0,0.010146026809545714,unicycle
2.4064670193870152,6.698837512722435,1.765,0.0,0.0,-1.5586189698777893,0.4480951675474147,4.178376443117322e-64,0.0,0.0,0.0,0.010139520312073082,unicycle
2.4065770585974784,6.689876153967161,1.765,0.0,0.0,-1.5584163183941429,0.4481017173685288,3.6786694922505845e-64,0.0,0.0,0.0,0.010132574182317371,unicycle
2.4066889147235027,6.680914693749386,1.765,0.0,0.0,-1.55821381461069,0.44810791474310896,3.225928276832797e-64,0.0,0.0,0.0,0.010125189172639135,unicycle
2.4068025863639506,6.671953139029091,1.765,0.0,0.0,-1.558011467299782,0.4481137816469404,2.818937821700436e-64,0.0,0.0,0.0,0.010117365545402969,unicycle
2.4069180720379575,6.662991496533764,1.765,0.0,0.0,-1.5578092852234873,0.44811932961148787,2.4554968276563064e-64,0.0,0.0,0.0,0.01010910381473366,unicycle
2.407035370178749,6.65402977325608,1.765,0.0,0.0,-1.5576072771221114,0.44812454527952145,2.132793294694514e-64,0.0,0.0,0.0,0.010100405068807848,unicycle
2.407154479134522,6.645067976385986,1.765,0.0,0.0,-1.5574054517153308,0.44812941868628026,1.847680421924655e-64,0.0,0.0,0.0,0.010091270339024619,unicycle
2.4072753971691796,6.636106113258092,1.765,0.0,0.0,-1.557203817702991,0.4481339424948076,1.596875857876261e-64,0.0,0.0,0.0,0.010081700616996347,unicycle
2.4073981224629457,6.627144191311074,1.765,0.0,0.0,-1.5570023837656337,0.44813811139480353,1.3771024192449672e-64,0.0,0.0,0.0,0.010071696867878642,unicycle
2.4075226531128933,6.618182218056504,1.765,0.0,0.0,-1.5568011585648178,0.44814192163160455,1.1851844553523385e-64,0.0,0.0,0.0,0.010061260040793014,unicycle
2.407648987133394,6.609220201055034,1.765,0.0,0.0,-1.556600150743279,0.448145370638497,1.0181109087033494e-64,0.0,0.0,0.0,0.010050391076945086,unicycle
2.4077771224565123,6.600258147898286,1.765,0.0,0.0,-1.556399368924961,0.4481484567508964,8.730736468865778e-65,0.0,0.0,0.0,0.010039090915919953,unicycle
2.4079070569323515,6.591296066195184,1.765,0.0,0.0,-1.55619882171495,0.44815117898521817,7.474876869645454e-65,0.0,0.0,0.0,0.01002736050053887,unicycle
2.408038788329369,6.582333963561671,1.765,0.0,0.0,-1.5559985176993385,0.4481535368687281,6.389983952137835e-65,0.0,0.0,0.0,0.010015200780583391,unicycle
2.4081723143346627,6.5733718476130365,1.765,0.0,0.0,-1.5557984654450256,0.4481555303094396,5.454795379850437e-65,0.0,0.0,0.0,0.01000261271563045,unicycle
2.40830763255424,6.564409725958221,1.765,0.0,0.0,-1.5555986734994818,0.44815715949736357,4.6502511562609815e-65,0.0,0.0,0.0,0.009989597277191658,unicycle
2.408444740513269,6.5554476061955995,1.765,0.0,0.0,-1.5553991503904758,0.4481584248302081,3.95937176372877e-65,0.0,0.0,0.0,0.009976155450310106,unicycle
2.4085836356563237,6.54648549590988,1.765,0.0,0.0,-1.555199904625781,0.44815932685806403,3.3671123726554367e-65,0.0,0.0,0.0,0.009962288234735748,unicycle
2.408724315347619,6.537523402669809,1.765,0.0,0.0,-1.5550009446928654,0.44815986624275755,2.86020499637584e-65,0.0,0.0,0.0,0.009947996645775063,unicycle
2.408866776871246,6.528561334026469,1.765,0.0,0.0,-1.5548022790585678,0.4481600437284717,2.4269970975940267e-65,0.0,0.0,0.0,0.009933281714890165,unicycle
2.4090110174314043,6.519599297511991,1.765,0.0,0.0,-1.5546039161687657,0.44815986012096753,2.0572925866015197e-65,0.0,0.0,0.0,0.00991814449010646,unicycle
2.409157034152632,6.510637300638552,1.765,0.0,0.0,-1.5544058644480403,0.4481593162733159,1.7421992141723738e-65,0.0,0.0,0.0,0.009902586036274991,unicycle
2.4093048240800408,6.501675350897558,1.765,0.0,0.0,-1.5542081322993355,0.4481584130765132,1.4739849135194684e-65,0.0,0.0,0.0,0.009886607435225502,unicycle
2.409454384179553,6.49271345575895,1.765,0.0,0.0,-1.554010728103619,0.44815715145371865,1.2459445757874086e-65,0.0,0.0,0.0,0.009870209785838111,unicycle
2.4096057113381377,6.483751622670568,1.765,0.0,0.0,-1.553813660219538,0.4481555323571383,1.0522779653209453e-65,0.0,0.0,0.0,0.009853394204055241,unicycle
2.4097588023640566,6.47478985905754,1.765,0.0,0.0,-1.553616936983081,0.44815355676680835,8.879789260389019e-66,0.0,0.0,0.0,0.00983616182285031,unicycle
2.409913653987108,6.465828172321668,1.765,0.0,0.0,-1.5534205667072376,0.4481512256907068,7.487356451067851e-66,0.0,0.0,0.0,0.0098185137921659,unicycle
2.4100702628588824,6.4568665698407965,1.765,0.0,0.0,-1.5532245576816608,0.44814854016576383,6.308414829267534e-66,0.0,0.0,0.0,0.009800451278830976,unicycle
2.4102286255530165,6.4479050589681535,1.765,0.0,0.0,-1.5530289181723316,0.44814550125944697,5.311157167479596e-66,0.0,0.0,0.0,0.009781975466464348,unicycle
2.4103887385654543,6.438943647031644,1.765,0.0,0.0,-1.5528336564212237,0.44814211007168214,4.468334537951609e-66,0.0,0.0,0.0,0.009763087555369736,unicycle
2.410550598314712,6.429982341333114,1.765,0.0,0.0,-1.5526387806459752,0.44813836773693766,3.7566392936736095e-66,0.0,0.0,0.0,0.009743788762426302,unicycle
2.410714201142152,6.421021149147561,1.765,0.0,0.0,-1.5524442990395557,0.448134275426345,3.1561640107424883e-66,0.0,0.0,0.0,0.00972408032097754,unicycle
2.410879543312256,6.412060077722313,1.765,0.0,0.0,-1.5522502197699415,0.44812983434977066,2.6499287102588315e-66,0.0,0.0,0.0,0.009703963480720446,unicycle
2.411046621012907,6.403099134276167,1.765,0.0,0.0,-1.5520565509797897,0.44812504575778006,2.2234690492203524e-66,0.0,0.0,0.0,0.009683439507596335,unicycle
2.411215430355674,6.394138325998484,1.765,0.0,0.0,-1.551863300786116,0.44811991094345616,1.864478643142371e-66,0.0,0.0,0.0,0.009662509683684168,unicycle
2.411385967376102,6.385177660048263,1.765,0.0,0.0,-1.5516704772799743,0.44811443124405226,1.5624992121835267e-66,0.0,0.0,0.0,0.009641175307096881,unicycle
2.4115582280340093,6.376217143553178,1.765,0.0,0.0,-1.5514780885261368,0.44810860804246844,1.308652794044568e-66,0.0,0.0,0.0,0.009619437691880998,unicycle
2.411732208213785,6.367256783608595,1.765,0.0,0.0,-1.551286142562778,0.4481024427685498,1.0954108173011235e-66,0.0,0.0,0.0,0.009597298167919604,unicycle
2.4119079037246944,6.358296587276561,1.765,0.0,0.0,-1.5510946474011613,0.4480959369002103,9.163953620154913e-67,0.0,0.0,0.0,0.00957475808083858,unicycle
2.4120853103011863,6.349336561584782,1.765,0.0,0.0,-1.5509036110253231,0.44808909196438956,7.662084399108128e-67,0.0,0.0,0.0,0.009551818791915996,unicycle
2.412264423603208,6.340376713525579,1.765,0.0,0.0,-1.5507130413917634,0.448081909537853,6.402855976858805e-67,0.0,0.0,0.0,0.009528481677994444,unicycle
2.412445239216523,6.331417050054835,1.765,0.0,0.0,-1.5505229464291355,0.44807439124784665,5.3477058083299165e-67,0.0,0.0,0.0,0.009504748131396066,unicycle
2.412627752653032,6.3224575780909325,1.765,0.0,0.0,-1.5503333340379386,0.4480665387726175,4.464081904066887e-67,0.0,0.0,0.0,0.009480619559840064,unicycle
2.412811959351099,6.313498304513683,1.765,0.0,0.0,-1.5501442120902111,0.4480583538418118,3.724528219201275e-67,0.0,0.0,0.0,0.009456097386362383,unicycle
2.4129978546758832,6.30453923616325,1.765,0.0,0.0,-1.5499555884292262,0.44804983823676314,3.1059049529978346e-67,0.0,0.0,0.0,0.009431183049237353,unicycle
2.413185433919673,6.2955803798390715,1.765,0.0,0.0,-1.5497674708691875,0.4480409937906809,2.5887246966142594e-67,0.0,0.0,0.0,0.009405878001901062,unicycle
2.4133746923022223,6.28662174229878,1.765,0.0,0.0,-1.5495798671949308,0.4480318223887493,2.1565878903319987e-67,0.0,0.0,0.0,0.009380183712876198,unicycle
2.4135656249710973,6.277663330257121,1.765,0.0,0.0,-1.549392785161617,0.44802232596814584,1.7957032769820695e-67,0.0,0.0,0.0,0.009354101665698179,unicycle
2.4137582270020186,6.2687051503848785,1.765,0.0,0.0,-1.5492062324944396,0.44801250651798985,1.4944809927035887e-67,0.0,0.0,0.0,0.009327633358842376,unicycle
2.413952493399215,6.259747209307798,1.765,0.0,0.0,-1.5490202168883267,0.4480023660792265,1.2431876462351413e-67,0.0,0.0,0.0,0.00930078030565224,unicycle
2.414148419095775,6.250789513605514,1.765,0.0,0.0,-1.5488347460076413,0.4479919067444549,1.0336542292700022e-67,0.0,0.0,0.0,0.009273544034268198,unicycle
2.4143459989540066,6.24183206981049,1.765,0.0,0.0,-1.54864982748589,0.4479811306577058,8.5902899711844e-68,0.0,0.0,0.0,0.009245926087557164,unicycle
2.4145452277657986,6.232874884406955,1.765,0.0,0.0,-1.5484654689254291,0.44797004001417495,7.135685833718421e-68,0.0,0.0,0.0,0.009217928023042539,unicycle
2.414746100252985,6.223917963829849,1.765,0.0,0.0,-1.5482816778971726,0.4479586370599166,5.924615849402326e-68,0.0,0.0,0.0,0.009189551412834576,unicycle
2.414948611067714,6.214961314463785,1.765,0.0,0.0,-1.5480984619403015,0.447946924091502,4.916796933262786e-68,0.0,0.0,0.0,0.00916079784356105,unicycle
2.415152754792821,6.206004942642007,1.765,0.0,0.0,-1.5479158285619754,0.4479349034556462,4.0785217103781174e-68,0.0,0.0,0.0,0.009131668916298078,unicycle
2.415358525942203,6.197048854645364,1.765,0.0,0.0,-1.5477337852370454,0.44792257754880666,3.381600935861217e-68,0.0,0.0,0.0,0.009102166246501092,unicycle
2.4155659189612,6.188093056701287,1.765,0.0,0.0,-1.5475523394077664,0.4479099488167572,2.802473108637825e-68,0.0,0.0,0.0,0.00907229146393583,unicycle
2.415774928226976,6.179137554982791,1.765,0.0,0.0,-1.5473714984835143,0.44789701975413865,2.3214553859970287e-68,0.0,0.0,0.0,0.00904204621260932,unicycle
2.415985548048905,6.170182355607465,1.765,0.0,0.0,-1.5471912698405006,0.44788379290398966,1.922113813996395e-68,0.0,0.0,0.0,0.009011432150700797,unicycle
2.4161977726689607,6.16122746463649,1.765,0.0,0.0,-1.5470116608214908,0.4478702708572588,1.5907342267226684e-68,0.0,0.0,0.0,0.008980450950492488,unicycle
2.4164115962621078,6.152272888073661,1.765,0.0,0.0,-1.546832678735525,0.44785645625229986,1.3158780144326114e-68,0.0,0.0,0.0,0.008949104298300259,unicycle
2.4166270129367,6.143318631864418,1.765,0.0,0.0,-1.5466543308576373,0.4478423517743522,1.0880093857913264e-68,0.0,0.0,0.0,0.008917393894404057,unicycle
2.4168440167348755,6.134364701894897,1.765,0.0,0.0,-1.546476624428578,0.4478279601550067,8.991828127711083e-69,0.0,0.0,0.0,0.008885321452978134,unicycle
2.417062601632962,6.125411103990981,1.765,0.0,0.0,-1.5462995666545376,0.4478132841716589,7.427811002346845e-69,0.0,0.0,0.0,0.008852888702021021,unicycle
2.417282761541878,6.116457843917375,1.765,0.0,0.0,-1.5461231647068716,0.44779832664695013,6.132960107089343e-69,0.0,0.0,0.0,0.008820097383285219,unicycle
2.4175044903075436,6.107504927376683,1.765,0.0,0.0,-1.5459474257218275,0.44778309044819836,5.06144637083025e-69,0.0,0.0,0.0,0.008786949252206584,unicycle
2.417727781711288,6.098552360008505,1.765,0.0,0.0,-1.545772356800271,0.4477675784868174,4.1751578526423135e-69,0.0,0.0,0.0,0.008753446077833411,unicycle
2.417952629470266,6.089600147388543,1.765,0.0,0.0,-1.5455979650074156,0.4477517937177274,3.442415338223203e-69,0.0,0.0,0.0,0.008719589642755182,unicycle
2.4181790272378723,6.080648295027717,1.765,0.0,0.0,-1.545424257372555,0.44773573913875575,2.836899028970261e-69,0.0,0.0,0.0,0.008685381743030955,unicycle
2.4184069686041627,6.0716968083713,1.765,0.0,0.0,-1.5452512408887928,0.44771941779002994,2.336752111487456e-69,0.0,0.0,0.0,0.008650824188117391,unicycle
2.4186364470962727,6.062745692798065,1.765,0.0,0.0,-1.5450789225127768,0.4477028327533613,1.9238324526525257e-69,0.0,0.0,0.0,0.0086159188007964,unicycle
2.418867456178844,6.053794953619439,1.765,0.0,0.0,-1.544907309164435,0.44768598715162217,1.5830882683233363e-69,0.0,0.0,0.0,0.008580667417102408,unicycle
2.4190999892544505,6.044844596078681,1.765,0.0,0.0,-1.54473640772671,0.4476688841481146,1.3020374930690774e-69,0.0,0.0,0.0,0.008545071886249218,unicycle
2.4193340396640286,6.035894625350063,1.765,0.0,0.0,-1.5445662250452987,0.44765152694593285,1.0703338452794158e-69,0.0,0.0,0.0,0.008509134070556456,unicycle
2.4195696006873084,6.026945046538071,1.765,0.0,0.0,-1.5443967679283914,0.44763391878731856,8.794053312866322e-70,0.0,0.0,0.0,0.008472855845375623,unicycle
2.41980666554325,6.017995864676617,1.765,0.0,0.0,-1.544228043146411,0.4476160629530096,7.221532441335115e-70,0.0,0.0,0.0,0.008436239099015707,unicycle
2.4200452273904784,6.00904708472827,1.765,0.0,0.0,-1.5440600574317576,0.4475979627615827,5.92701655555594e-70,0.0,0.0,0.0,0.00839928573266836,unicycle
2.4202852793277225,6.000098711583495,1.765,0.0,0.0,-1.543892817478551,0.44757962156878994,4.8618903144888824e-70,0.0,0.0,0.0,0.008361997660332642,unicycle
2.420526814394259,5.991150750059908,1.765,0.0,0.0,-1.543726329942376,0.4475610427668896,3.9859497053377703e-70,0.0,0.0,0.0,0.008324376808739316,unicycle
2.4207698255703525,5.982203204901547,1.765,0.0,0.0,-1.5435606014400305,0.44754222978397146,3.2659621453314224e-70,0.0,0.0,0.0,0.00828642511727468,unicycle
2.421014305777706,5.973256080778155,1.765,0.0,0.0,-1.5433956385492724,0.44752318608327635,2.6744704097776586e-70,0.0,0.0,0.0,0.00824814453790395,unicycle
2.421260247879905,5.964309382284481,1.765,0.0,0.0,-1.5432314478085705,0.4475039151625109,2.18879956310898e-70,0.0,0.0,0.0,0.008209537035094186,unicycle
2.4215076446828694,5.955363113939592,1.765,0.0,0.0,-1.543068035716856,0.4474844205531572,1.7902328224419747e-70,0.0,0.0,0.0,0.008170604585736728,unicycle
2.4217564889353067,5.946417280186204,1.765,0.0,0.0,-1.5429054087332745,0.4474647058197768,1.4633279336274608e-70,0.0,0.0,0.0,0.008131349179069172,unicycle
2.422006773329164,5.937471885390021,1.765,0.0,0.0,-1.5427435732769428,0.4474447745593115,1.1953503651741245e-70,0.0,0.0,0.0,0.008091772816596848,unicycle
2.422258490500086,5.928526933839097,1.765,0.0,0.0,-1.542582535726703,0.44742463040037794,9.758035750532747e-71,0.0,0.0,0.0,0.008051877512013823,unicycle
2.4225116330278715,5.919582429743207,1.765,0.0,0.0,-1.5424223024208805,0.4474042770025593,7.960399048152909e-71,0.0,0.0,0.0,0.008011665291123411,unicycle
2.4227661934369342,5.910638377233237,1.765,0.0,0.0,-1.5422628796570454,0.44738371805569155,6.489384102450805e-71,0.0,0.0,0.0,0.007971138191758188,unicycle
2.4230221641967646,5.901694780360585,1.765,0.0,0.0,-1.5421042736917712,0.44736295727914643,5.2863823665304525e-71,0.0,0.0,0.0,0.0079302982636995,unicycle
2.4232795377223924,5.892751643096583,1.765,0.0,0.0,-1.5419464907403995,0.44734199842111,4.303180643103423e-71,0.0,0.0,0.0,0.007889147568596466,unicycle
2.423538306374853,5.883808969331926,1.765,0.0,0.0,-1.5417895369768018,0.447320845257858,3.5001374797760304e-71,0.0,0.0,0.0,0.007847688179884476,unicycle
2.423798462461652,5.87486676287613,1.765,0.0,0.0,-1.541633418533148,0.4472995015930266,2.8446760634044683e-71,0.0,0.0,0.0,0.007805922182703173,unicycle
2.424059998237236,5.865925027456986,1.765,0.0,0.0,-1.5414781414996719,0.44727797125688085,2.3100392636194203e-71,0.0,0.0,0.0,0.007763851673813911,unicycle
2.4243229059034612,5.85698376672005,1.765,0.0,0.0,-1.5413237119244416,0.44725625810557884,1.874261708664635e-71,0.0,0.0,0.0,0.007721478761516698,unicycle
2.424587177610064,5.848042984228135,1.765,0.0,0.0,-1.5411701358131302,0.44723436602043304,1.5193214586320754e-71,0.0,0.0,0.0,0.007678805565566606,unicycle
2.4248528054551346,5.839102683460824,1.765,0.0,0.0,-1.5410174191287884,0.44721229890716885,1.2304402295216434e-71,0.0,0.0,0.0,0.007635834217089653,unicycle
2.4251197814855914,5.830162867813995,1.765,0.0,0.0,-1.5408655677916188,0.4471900606951796,9.955064316121008e-72,0.0,0.0,0.0,0.007592566858498149,unicycle
2.425388097697655,5.821223540599369,1.765,0.0,0.0,-1.5407145876787502,0.4471676553367794,8.045996973207436e-72,0.0,0.0,0.0,0.007549005643405501,unicycle
2.4256577460373285,5.812284705044062,1.765,0.0,0.0,-1.5405644846240196,0.44714508680645304,6.495992373204116e-72,0.0,0.0,0.0,0.007505152736540487,unicycle
2.425928718400869,5.80334636429017,1.765,0.0,0.0,-1.540415264417746,0.44712235910010373,5.238614046103035e-72,0.0,0.0,0.0,0.007461010313660974,unicycle
2.4262010066352735,5.794408521394348,1.765,0.0,0.0,-1.5402669328065166,0.4470994762342978,4.219543691565922e-72,0.0,0.0,0.0,0.007416580561467088,unicycle
2.426474602538756,5.785471179327429,1.765,0.0,0.0,-1.5401194954929665,0.44707644224550797,3.394398979011095e-72,0.0,0.0,0.0,0.007371865677513835,unicycle
2.4267494978612287,5.776534340974037,1.765,0.0,0.0,-1.5399729581355643,0.4470532611893543,2.726939691197307e-72,0.0,0.0,0.0,0.007326867870123169,unicycle
2.427025684304785,5.767598009132235,1.765,0.0,0.0,-1.5398273263483984,0.4470299371398433,2.1875938689190304e-72,0.0,0.0,0.0,0.007281589358295495,unicycle
2.4273031535241834,5.7586621865131695,1.765,0.0,0.0,-1.5396826057009658,0.44700647418860506,1.7522475127376813e-72,0.0,0.0,0.0,0.007236032371620613,unicycle
2.42758189712733,5.749726875740752,1.765,0.0,0.0,-1.5395388017179619,0.44698287644412904,1.401251246402037e-72,0.0,0.0,0.0,0.007190199150188103,unicycle
2.427861906675768,5.740792079351338,1.765,0.0,0.0,-1.539395919879072,0.4469591480309982,1.1186054950549981e-72,0.0,0.0,0.0,0.007144091944497133,unicycle
2.4281431736851573,5.731857799793438,1.765,0.0,0.0,-1.539253965618765,0.4469352930891216,8.912924699039197e-73,0.0,0.0,0.0,0.007097713015365706,unicycle
2.4284256896257688,5.72292403942743,1.765,0.0,0.0,-1.5391129443260883,0.44691131577296644,7.087288211026677e-73,0.0,0.0,0.0,0.00705106463383933,unicycle
2.4287094459229652,5.713990800525298,1.765,0.0,0.0,-1.5389728613444664,0.44688722025078853,5.623174226389191e-73,0.0,0.0,0.0,0.007004149081099117,unicycle
2.428994433957695,5.705058085270387,1.765,0.0,0.0,-1.538833721971499,0.44686301070386203,4.450805534957302e-73,0.0,0.0,0.0,0.006956968648369307,unicycle
2.429280645066978,5.696125895757166,1.765,0.0,0.0,-1.5386955314587625,0.4468386913257084,3.513598764008946e-73,0.0,0.0,0.0,0.006909525636824202,unicycle
2.4295680705443967,5.687194233991016,1.765,0.0,0.0,-1.5385582950116126,0.44681426632132437,2.7657120367716007e-73,0.0,0.0,0.0,0.006861822357494529,unicycle
2.4298567016405856,5.67826310188803,1.765,0.0,0.0,-1.5384220177889891,0.4467897399064103,2.1700417406600346e-73,0.0,0.0,0.0,0.0068138611311732225,unicycle
2.4301465295637232,5.669332501274828,1.765,0.0,0.0,-1.538286704903223,0.4467651163065973,1.6965872365113762e-73,0.0,0.0,0.0,0.006765644288320612,unicycle
2.4304375454800233,5.660402433888391,1.765,0.0,0.0,-1.5381523614198434,0.44674039975667457,1.3211168337441212e-73,0.0,0.0,0.0,0.006717174168969038,unicycle
2.430729740514226,5.6514729013759135,1.765,0.0,0.0,-1.538018992357391,0.4467155944998169,1.0240802911571119e-73,0.0,0.0,0.0,0.006668453122626874,unicycle
2.431023105765051,5.642543904838216,1.765,0.0,0.0,-1.537886602694962,0.44669072762142703,7.897229258910845e-74,0.0,0.0,0.0,0.006619483121429946,unicycle
2.431317632298926,5.63361544504048,1.765,0.0,0.0,-1.5377551973684107,0.44666581566581653,6.053644935709729e-74,0.0,0.0,0.0,0.006570266327582434,unicycle
2.4316133111340212,5.624687522912852,1.765,0.0,0.0,-1.5376247812616537,0.44664085013464827,4.608126464848363e-74,0.0,0.0,0.0,0.006520805337864121,unicycle
2.4319101332428614,5.61576013948359,1.765,0.0,0.0,-1.5374953592076468,0.44661582587482646,3.478862364385586e-74,0.0,0.0,0.0,0.006471102700323914,unicycle
2.43220808955446,5.606833295827566,1.765,0.0,0.0,-1.537366935989098,0.4465907403103213,2.6002821331830382e-74,0.0,0.0,0.0,0.006421160927449147,unicycle
2.432507170956079,5.597906993026852,1.765,0.0,0.0,-1.5372395163389678,0.4465655928381368,1.9199155168190376e-74,0.0,0.0,0.0,0.006370982506520692,unicycle
2.432807368294688,5.588981232140765,1.765,0.0,0.0,-1.5371131049408133,0.44654038435489607,1.3958465807020802e-74,0.0,0.0,0.0,0.0063205699077194845,unicycle
2.433108672378198,5.580056014183301,1.765,0.0,0.0,-1.5369877064290047,0.4465151168871474,9.94651884656467e-75,0.0,0.0,0.0,0.006269925590440875,unicycle
2.4334110739765036,5.571131340106319,1.765,0.0,0.0,-1.5368633253888409,0.4464897933038393,6.897323512875524e-75,0.0,0.0,0.0,0.006219052008184342,unicycle
2.4337145638223903,5.562207210787184,1.765,0.0,0.0,-1.5367399663565944,0.44646441709372775,4.599650460463161e-75,0.0,0.0,0.0,0.006167951612314068,unicycle
2.4340191326123275,5.553283627019816,1.765,0.0,0.0,-1.536617633819496,0.4464389921939526,2.886146965045673e-75,0.0,0.0,0.0,0.006116626854927364,unicycle
2.434324771007179,5.544360589508388,1.765,0.0,0.0,-1.5364963322156755,0.4464135228588119,1.624559123283952e-75,0.0,0.0,0.0,0.006065080191020672,unicycle
2.4346314696328477,5.535438098863005,1.765,0.0,0.0,-1.5363760659340735,0.4463880135600097,7.106617048333976e-76,0.0,0.0,0.0,0.006013314080104612,unicycle
2.434939219080869,5.526516155596882,1.765,0.0,0.0,-1.5362568393143257,0.4463624689114498,6.257068054364371e-77,0.0,0.0,0.0,0.005961330987388718,unicycle
2.43524800990897,5.517594760124659,1.765,0.0,0.0,-1.536138656646633,0.4463368936130935,-3.838258163649534e-76,0.0,0.0,0.0,0.005909133384631717,unicycle
2.435557832641601,5.508673912761535,1.765,0.0,0.0,-1.5360215221716182,0.4463112924095484,-6.785327816852481e-76,0.0,0.0,0.0,0.005856723750733215,unicycle
2.4358686777704452,5.499753613723007,1.765,0.0,0.0,-1.535905440080176,0.44628567005997843,-8.603841590260493e-76,0.0,0.0,0.0,0.0058041045721267314,unicycle
2.436180535754913,5.490833863125037,1.765,0.0,0.0,-1.5357904145133154,0.4462600313166559,-9.593905323892258e-76,0.0,0.0,0.0,0.005751278343021154,unicycle
2.436493397022629,5.481914660984517,1.765,0.0,0.0,-1.535676449562005,0.4462343809100625,-9.986132269605908e-76,0.0,0.0,0.0,0.005698247565527541,unicycle
2.436807251969909,5.472996007219941,1.765,0.0,0.0,-1.535563549267011,0.44620872353890445,-9.956575376809684e-76,0.0,0.0,0.0,0.00564501474970005,unicycle
2.4371220909622346,5.464077901652195,1.765,0.0,0.0,-1.535451717618741,0.44618306386377654,-9.638600700274143e-76,0.0,0.0,0.0,0.005591582413513333,unicycle
2.4374379043347245,5.455160344005422,1.765,0.0,0.0,-1.535340958557085,0.4461574065034972,-9.132307708700218e-76,0.0,0.0,0.0,0.0055379530827936365,unicycle
2.4377546823926037,5.446243333907929,1.765,0.0,0.0,-1.535231275971263,0.44613175603336386,-8.511985345289525e-76,0.0,0.0,0.0,0.0054841292911167756,unicycle
2.438072415411672,5.4373268708930995,1.765,0.0,0.0,-1.535122673699669,0.4461061169847567,-7.831997874401974e-76,0.0,0.0,0.0,0.005430113579683069,unicycle
2.4383910936387747,5.428410954400292,1.765,0.0,0.0,-1.5350151555297253,0.44608049384565895,-7.131417731675583e-76,0.0,0.0,0.0,0.005375908497176774,unicycle
2.4387107072922696,5.419495583775723,1.765,0.0,0.0,-1.5349087251977334,0.4460548910617688,-6.437660421602452e-76,0.0,0.0,0.0,0.005321516599615694,unicycle
2.4390312465624993,5.41058075827332,1.765,0.0,0.0,-1.5348033863887296,0.4460293130379642,-5.769326236017378e-76,0.0,0.0,0.0,0.00526694045019508,unicycle
2.439352701612262,5.401666477055536,1.765,0.0,0.0,-1.534699142736347,0.4460037641399451,-5.138412963667656e-76,0.0,0.0,0.0,0.005212182619128839,unicycle
2.4396750625772827,5.392752739194141,1.765,0.0,0.0,-1.534595997822677,0.4459782486959283,-4.552031002549318e-76,0.0,0.0,0.0,0.0051572456834901685,unicycle
2.439998319566689,5.383839543670974,1.765,0.0,0.0,-1.5344939551781358,0.44595277099830755,-4.013725888442026e-76,0.0,0.0,0.0,0.005102132227053079,unicycle
2.44032246266348,5.3749268893786635,1.765,0.0,0.0,-1.5343930182813332,0.4459273353052206,-3.524492006611418e-76,0.0,0.0,0.0,0.005046844840135728,unicycle
2.440647481925007,5.366014775121325,1.765,0.0,0.0,-1.5342931905589445,0.445901945841985,-3.0835441760661214e-76,0.0,0.0,0.0,0.004991386119446184,unicycle
2.440973367383442,5.35710319961523,1.765,0.0,0.0,-1.5341944753855858,0.4458766068023826,-2.6889000882307253e-76,0.0,0.0,0.0,0.004935758667930864,unicycle
2.44130010904626,5.348192161489451,1.765,0.0,0.0,-1.534096876083693,0.4458513223497815,-2.3378155957463282e-76,0.0,0.0,0.0,0.004879965094625828,unicycle
2.4416276968967088,5.339281659286497,1.765,0.0,0.0,-1.5340003959234028,0.4458260966180937,-2.027106056038465e-76,0.0,0.0,0.0,0.0048240080145108485,unicycle
2.44195612089429,5.33037169146292,1.765,0.0,0.0,-1.5339050381224353,0.4458009337125733,-1.753379911677291e-76,0.0,0.0,0.0,0.00476789004836615,unicycle
2.4422853709752324,5.321462256389922,1.765,0.0,0.0,-1.5338108058459827,0.4457758377104615,-1.513205089900811e-76,0.0,0.0,0.0,0.0047116138226316415,unicycle
2.4426154370529685,5.312553352353944,1.765,0.0,0.0,-1.5337177022065973,0.44575081266148847,-1.3032243474562894e-76,0.0,0.0,0.0,0.0046551819692684316,unicycle
2.4429463090186125,5.303644977557251,1.765,0.0,0.0,-1.533625730264085,0.4457258625882443,-1.1202321482246487e-76,0.0,0.0,0.0,0.004598597125622367,unicycle
2.443277976741434,5.294737130118515,1.765,0.0,0.0,-1.5335348930253991,0.44570099148643016,-9.612228575397493e-77,0.0,0.0,0.0,0.004541861934289394,unicycle
2.4436104300693353,5.285829808073389,1.765,0.0,0.0,-1.5334451934445392,0.44567620332500124,-8.234178216185382e-77,0.0,0.0,0.0,0.004484979042982484,unicycle
2.443943658829325,5.27692300937509,1.765,0.0,0.0,-1.5333566344224512,0.4456515020462138,-7.042771546137851e-77,0.0,0.0,0.0,0.0044279511043999065,unicycle
2.444277652827993,5.268016731894974,1.765,0.0,0.0,-1.5332692188069295,0.44562689156558677,-6.015006841922727e-77,0.0,0.0,0.0,0.004370780776094639,unicycle
2.4446124018519857,5.259110973423118,1.765,0.0,0.0,-1.5331829493925222,0.44560237577178835,-5.130214326728084e-77,0.0,0.0,0.0,0.00431347072034474,unicycle
2.4449478956684785,5.250205731668904,1.765,0.0,0.0,-1.533097828920442,0.4455779585264572,-4.369941732186908e-77,0.0,0.0,0.0,0.0042560236040244965,unicycle
2.445284124025647,5.241301004261619,1.765,0.0,0.0,-1.533013860078472,0.4455536436639666,-3.7178095017987274e-77,0.0,0.0,0.0,0.004198442098476182,unicycle
2.445621076653143,5.232396788751038,1.765,0.0,0.0,-1.532931045500884,0.4455294349911398,-3.1593495008716923e-77,0.0,0.0,0.0,0.004140728879382306,unicycle
2.445958743262561,5.223493082608043,1.765,0.0,0.0,-1.5328493877683513,0.4455053362869232,-2.6818372361597754e-77,0.0,0.0,0.0,0.004082886626638223,unicycle
2.4462971135479115,5.214589883225221,1.765,0.0,0.0,-1.532768889407867,0.44548135130202376,-2.274124640432694e-77,0.0,0.0,0.0,0.004024918024224996,unicycle
2.4466361771860887,5.205687187917495,1.765,0.0,0.0,-1.5326895528926652,0.4454574837585168,-1.926478244274551e-77,0.0,0.0,0.0,0.00396682576008241,unicycle
2.44697592383734,5.196784993922744,1.765,0.0,0.0,-1.5326113806421453,0.4454337373494281,-1.6304258816458714e-77,0.0,0.0,0.0,0.0039086125259820675,unicycle
2.4473163431457348,5.187883298402448,1.765,0.0,0.0,-1.5325343750217975,0.4454101157382956,-1.3786138322576486e-77,0.0,0.0,0.0,0.0038502810174004943,unicycle
2.447657424739625,5.178982098442331,1.765,0.0,0.0,-1.5324585383431295,0.44538662255871414,-1.164675393997763e-77,0.0,0.0,0.0,0.0037918339333922035,unicycle
2.4479991582321197,5.170081391053021,1.765,0.0,0.0,-1.5323838728636001,0.4453632614138662,-9.831112249147743e-78,0.0,0.0,0.0,0.0037332739764626478,unicycle
2.448341533221541,5.161181173170713,1.765,0.0,0.0,-1.532310380786551,0.44534003587604226,-8.291813357158006e-78,0.0,0.0,0.0,0.0036746038524410425,unicycle
2.4486845392918917,5.152281441657854,1.765,0.0,0.0,-1.5322380642611442,0.44531694948615314,-6.988083027763221e-78,0.0,0.0,0.0,0.0036158262703530086,unicycle
2.449028166013318,5.14338219330382,1.765,0.0,0.0,-1.5321669253822987,0.44529400575323586,-5.884910712301219e-78,0.0,0.0,0.0,0.003556943942293014,unicycle
2.449372402942567,5.134483424825623,1.765,0.0,0.0,-1.532096966190633,0.44527120815395643,-4.952285990828025e-78,0.0,0.0,0.0,0.003497959583296595,unicycle
2.449717239623451,5.125585132868616,1.765,0.0,0.0,-1.5320281886724088,0.445248560132109,-4.164525343243803e-78,0.0,0.0,0.0,0.003438875911212323,unicycle
2.450062665587303,5.116687314007208,1.765,0.0,0.0,-1.5319605947594772,0.4452260650981155,-3.499681007302795e-78,0.0,0.0,0.0,0.003379695646573517,unicycle
2.4504086703534353,5.107789964745602,1.765,0.0,0.0,-1.531894186329228,0.4452037264285245,-2.9390238151625044e-78,0.0,0.0,0.0,0.0033204215124697043,unicycle
2.4507552434295974,5.098893081518523,1.765,0.0,0.0,-1.5318289652045394,0.44518154746551236,-2.466592235000121e-78,0.0,0.0,0.0,0.0032610562344178072,unicycle
2.4511023743124287,5.089996660691974,1.765,0.0,0.0,-1.5317649331537344,0.44515953151638604,-2.068800306340238e-78,0.0,0.0,0.0,0.0032016025402330254,unicycle
2.4514500524879135,5.081100698563994,1.765,0.0,0.0,-1.5317020918905366,0.4451376818530898,-1.734097693312851e-78,0.0,0.0,0.0,0.003142063159899464,unicycle
2.4517982674318355,5.072205191365433,1.765,0.0,0.0,-1.5316404430740276,0.44511600171171495,-1.4526756500073122e-78,0.0,0.0,0.0,0.0030824408254404795,unicycle
2.452147008610227,5.063310135260721,1.765,0.0,0.0,-1.5315799883086123,0.4450944942920149,-1.2162132685688242e-78,0.0,0.0,0.0,0.0030227382707887418,unicycle
2.452496265479821,5.054415526348664,1.765,0.0,0.0,-1.5315207291439787,0.4450731627569247,-1.0176589444099573e-78,0.0,0.0,0.0,0.0029629582316560124,unicycle
2.452846027488498,5.045521360663245,1.765,0.0,0.0,-1.531462667075071,0.4450520102320863,-8.510425310315327e-79,0.0,0.0,0.0,0.0029031034454026685,unicycle
2.4531962840757378,5.0366276341744305,1.765,0.0,0.0,-1.531405803542053,0.44503103980537956,-7.113141614174284e-79,0.0,0.0,0.0,0.0028431766509069505,unicycle
2.453547024673062,5.027734342788985,1.765,0.0,0.0,-1.5313501399302845,0.4450102545264595,-5.94206179272733e-79,0.0,0.0,0.0,0.0027831805884339497,unicycle
2.453898238704482,5.018841482351309,1.765,0.0,0.0,-1.5312956775702944,0.4449896574063,-4.961150495594317e-79,0.0,0.0,0.0,0.0027231179995043627,unicycle
2.454249915586942,5.009949048644265,1.765,0.0,0.0,-1.531242417737759,0.4449692514167444,-4.1400050370725135e-79,0.0,0.0,0.0,0.0026629916267629753,unicycle
2.454602044730762,5.001057037390031,1.765,0.0,0.0,-1.5311903616534823,0.4449490394900632,-3.45299521646394e-79,0.0,0.0,0.0,0.0026028042138469196,unicycle
2.4549546155400797,4.992165444250949,1.765,0.0,0.0,-1.5311395104833774,0.44492902451851846,-2.8785306235362475e-79,0.0,0.0,0.0,0.002542558505253709,unicycle
2.4553076174132884,4.983274264830398,1.765,0.0,0.0,-1.531089865338453,0.4449092093539364,-2.3984372936034093e-79,0.0,0.0,0.0,0.002482257246209054,unicycle
2.45566103974348,4.974383494673659,1.765,0.0,0.0,-1.5310414272748025,0.44488959680728685,-1.9974280035237335e-79,0.0,0.0,0.0,0.0024219031825344585,unicycle
2.456014871918881,4.965493129268794,1.765,0.0,0.0,-1.530994197293592,0.44487018964827035,-1.662652634152724e-79,0.0,0.0,0.0,0.0023614990605146336,unicycle
2.456369103323286,4.956603164047546,1.765,0.0,0.0,-1.5309481763410566,0.44485099060491406,-1.3833168945399822e-79,0.0,0.0,0.0,0.0023010476267647153,unicycle
2.456723723336498,4.947713594386221,1.765,0.0,0.0,-1.5309033653084947,0.44483200236317455,-1.150359335592857e-79,0.0,0.0,0.0,0.002240551628097306,unicycle
2.457078721334758,4.9388244156066055,1.765,0.0,0.0,-1.5308597650322668,0.444813227566549,-9.561780017767975e-80,0.0,0.0,0.0,0.002180013811389334,unicycle
2.457434086691179,4.929935622976875,1.765,0.0,0.0,-1.530817376293798,0.44479466881569457,-7.94399302659236e-80,0.0,0.0,0.0,0.002119436923448778,unicycle
2.4577898087761776,4.921047211712513,1.765,0.0,0.0,-1.5307761998195804,0.44477632866805594,-6.5968275378498955e-80,0.0,0.0,0.0,0.002058823710881251,unicycle
2.4581458769579037,4.91215917697724,1.765,0.0,0.0,-1.5307362362811814,0.4447582096375012,-5.475561585739727e-80,0.0,0.0,0.0,0.001998176919956428,unicycle
2.4585022806026684,4.90327151388395,1.765,0.0,0.0,-1.530697486295252,0.444740314193966,-4.542765977773745e-80,0.0,0.0,0.0,0.001937499296474371,unicycle
2.458859009075372,4.894384217495649,1.765,0.0,0.0,-1.5306599504235396,0.44472264476310647,-3.767132767534442e-80,0.0,0.0,0.0,0.0018767935856317292,unicycle
2.45921605173993,4.885497282826408,1.765,0.0,0.0,-1.530623629172902,0.4447052037259599,-3.1224886788820243e-80,0.0,0.0,0.0,0.0018160625318878515,unicycle
2.4595733979596988,4.8766107048423155,1.765,0.0,0.0,-1.5305885229953253,0.4446879934186149,-2.5869648869767588e-80,0.0,0.0,0.0,0.0017553088788307962,unicycle
2.4599310370978964,4.867724478462442,1.765,0.0,0.0,-1.5305546322879446,0.4446710161318894,-2.1422988679883317e-80,0.0,0.0,0.0,0.0016945353690432908,unicycle
2.460288958518027,4.858838598559807,1.765,0.0,0.0,-1.5305219573930648,0.4446542741110175,-1.7732477094113178e-80,0.0,0.0,0.0,0.0016337447439686173,unicycle
2.4606471515843014,4.8499530599623535,1.765,0.0,0.0,-1.5304904985981898,0.4446377695553453,-1.4670954132319455e-80,0.0,0.0,0.0,0.0015729397437764323,unicycle
2.461005605662056,4.841067857453933,1.765,0.0,0.0,-1.530460256136045,0.4446215046180353,-1.2132394004268787e-80,0.0,0.0,0.0,0.0015121231072285546,unicycle
2.4613643101181726,4.832182985775286,1.765,0.0,0.0,-1.5304312301846141,0.44460548140577955,-1.0028437031711196e-80,0.0,0.0,0.0,0.0014512975715447402,unicycle
2.461723254321493,4.8232984396250345,1.765,0.0,0.0,-1.5304034208671689,0.4445897019785213,-8.28548267698578e-81,0.0,0.0,0.0,0.0013904658722684528,unicycle
2.462082427643237,4.814414213660685,1.765,0.0,0.0,-1.5303768282523063,0.4445741683491861,-6.842254353037743e-81,0.0,0.0,0.0,0.0013296307431325928,unicycle
2.462441819457415,4.805530302499624,1.765,0.0,0.0,-1.5303514523539876,0.4445588824834213,-5.647760640485955e-81,0.0,0.0,0.0,0.001268794915925275,unicycle
2.462801419141244,4.7966467007201326,1.765,0.0,0.0,-1.5303272931315803,0.4445438462993445,-4.659589359896153e-81,0.0,0.0,0.0,0.001207961120355637,unicycle
2.463161216075558,4.787763402862394,1.765,0.0,0.0,-1.5303043504899017,0.4445290616673014,-3.842480956678712e-81,0.0,0.0,0.0,0.0011471320839196008,unicycle
2.4635211996452173,4.778880403429512,1.765,0.0,0.0,-1.5302826242792666,0.44451453040963185,-3.1671361223071756e-81,0.0,0.0,0.0,0.0010863105317657788,unicycle
2.46388135923952,4.769997696888535,1.765,0.0,0.0,-1.5302621142955355,0.44450025430044543,-2.609219730354754e-81,0.0,0.0,0.0,0.001025499186561436,unicycle
2.46424168425261,4.761115277671478,1.765,0.0,0.0,-1.5302428202801681,0.44448623506540597,-2.1485292071769807e-81,0.0,0.0,0.0,0.0009647007683584233,unicycle
2.464602164083883,4.752233140176357,1.765,0.0,0.0,-1.530224741920279,0.44447247438152454,-1.7683005540347546e-81,0.0,0.0,0.0,0.0009039179944593687,unicycle
2.4649627881383944,4.7433512787682215,1.765,0.0,0.0,-1.5302078788486932,0.4444589738769625,-1.4546295342788623e-81,0.0,0.0,0.0,0.0008431535792838443,unicycle
2.4653235458272613,4.734469687780189,1.765,0.0,0.0,-1.5301922306440086,0.4444457351308425,-1.1959891587533576e-81,0.0,0.0,0.0,0.0007824102342345924,unicycle
2.465684426568067,4.7255883615144905,1.765,0.0,0.0,-1.530177796830657,0.44443275967306944,-9.828276493336884e-82,0.0,0.0,0.0,0.0007216906675640483,unicycle
2.466045419785264,4.716707294243513,1.765,0.0,0.0,-1.5301645768789722,0.4444200489841597,-8.072336233076602e-82,0.0,0.0,0.0,0.0006609975842410731,unicycle
2.4664065149105734,4.7078264802108505,1.765,0.0,0.0,-1.5301525702052554,0.4444076044950804,-6.626573955195082e-82,0.0,0.0,0.0,0.000600333685816215,unicycle
2.4667677013833855,4.698945913632348,1.765,0.0,0.0,-1.5301417761718497,0.44439542758709644,-5.436791047535815e-82,0.0,0.0,0.0,0.000539701670291198,unicycle
2.4671289686511586,4.690065588697162,1.765,0.0,0.0,-1.5301321940872101,0.4443835195916283,-4.4581588988510025e-82,0.0,0.0,0.0,0.00047910423198549597,unicycle
2.4674903061698155,4.681185499568813,1.765,0.0,0.0,-1.5301238232059817,0.44437188179011733,-3.653616156992444e-82,0.0,0.0,0.0,0.00041854406140149676,unicycle
2.4678517034041403,4.672305640386245,1.765,0.0,0.0,-1.5301166627290799,0.44436051541390115,-2.9925371672575847e-82,0.0,0.0,0.0,0.00035802384509323537,unicycle
2.4682131498281725,4.663426005264885,1.765,0.0,0.0,-1.5301107118037693,0.44434942164409785,-2.4496262268974424e-82,0.0,0.0,0.0,0.0002975462655340697,unicycle
2.468574634925603,4.654546588297706,1.765,0.0,0.0,-1.5301059695237498,0.4443386016114995,-2.003999788720187e-82,0.0,0.0,0.0,0.00023711400098458033,unicycle
2.4689361481901653,4.645667383556296,1.765,0.0,0.0,-1.5301024349292425,0.4443280563964743,-1.638425021091674e-82,0.0,0.0,0.0,0.0001767297253606685,unicycle
2.4692976791260257,4.636788385091915,1.765,0.0,0.0,-1.5301001070070805,0.4443177870288782,-1.3386883798446357e-82,0.0,0.0,0.0,0.0001163961081019892,unicycle
2.469659217248177,4.627909586936571,1.765,0.0,0.0,-1.5300989846907995,0.44430779448797547,-1.0930722350559374e-82,0.0,0.0,0.0,5.6115814040583125e-05,unicycle
2.470020752101492,4.61903098264548,1.765,0.0,0.0,-1.530099066862185,0.4442981026516851,-8.919212615171966e-83,0.0,0.0,0.0,-4.108569268727679e-06,unicycle
2.4703822732524774,4.610152565509994,1.765,0.0,0.0,-1.5301003523506358,0.44428872474531217,-7.272833630476101e-83,0.0,0.0,0.0,-6.427442255978985e-05,unicycle
2.47074377026917,4.601274329061759,1.765,0.0,0.0,-1.5301028399316436,0.4442796487683212,-5.926124559321973e-83,0.0,0.0,0.0,-0.0001243790503876608,unicycle
2.471105232724259,4.592396267006699,1.765,0.0,0.0,-1.530106528327142,0.44427086602665,-4.825225683093628e-83,0.0,0.0,0.0,-0.0001844197749099075,unicycle
2.4714666501975824,4.5835183731744085,1.765,0.0,0.0,-1.5301114162058056,0.44426237036130495,-3.925844895964107e-83,0.0,0.0,0.0,-0.0002443939331881864,unicycle
2.471828012278121,4.574640641479666,1.765,0.0,0.0,-1.5301175021833062,0.44425415754194025,-3.1915768516826414e-83,0.0,0.0,0.0,-0.00030429887504683094,unicycle
2.4721893085656137,4.56576306589345,1.765,0.0,0.0,-1.5301247848225341,0.444246224791732,-2.5925142522446728e-83,0.0,0.0,0.0,-0.000364131961392719,unicycle
2.472550528671859,4.556885640421352,1.765,0.0,0.0,-1.5301332626337925,0.44423857041651305,-2.1041010391480543e-83,0.0,0.0,0.0,-0.0004238905629141175,unicycle
2.4729116622217906,4.54800835908776,1.765,0.0,0.0,-1.5301429340749744,0.44423119351651236,-1.7061857952145573e-83,0.0,0.0,0.0,-0.0004835720590887661,unicycle
2.47327269885436,4.539131215924493,1.765,0.0,0.0,-1.5301537975517232,0.4442240937633727,-1.3822407741236563e-83,0.0,0.0,0.0,-0.0005431738374424482,unicycle
2.4736336282232863,4.530254204962868,1.765,0.0,0.0,-1.5301658514175833,0.44421727122861326,-1.11871788501111e-83,0.0,0.0,0.0,-0.000602693293009023,unicycle
2.4739944399976936,4.521377320228378,1.765,0.0,0.0,-1.5301790939741426,0.44421072625250974,-9.04517870606982e-84,0.0,0.0,0.0,-0.0006621278279512924,unicycle
2.4743551238626647,4.512500555737369,1.765,0.0,0.0,-1.5301935234711688,0.44420445934462105,-7.305529963960419e-84,0.0,0.0,0.0,-0.000721474851309196,unicycle
2.474715669519737,4.503623905495201,1.765,0.0,0.0,-1.5302091381067457,0.44419847110899996,-5.893869545825164e-84,0.0,0.0,0.0,-0.0007807317788480247,unicycle
2.475076066687349,4.494747363495526,1.765,0.0,0.0,-1.5302259360274053,0.4441927621885756,-4.74938496560602e-84,0.0,0.0,0.0,-0.0008398960329843771,unicycle
2.475436305101252,4.485870923720379,1.765,0.0,0.0,-1.5302439153282605,0.4441873332243527,-3.8223763815620896e-84,0.0,0.0,0.0,-0.0008989650427720272,unicycle
2.4757963745148985,4.47699458014086,1.765,0.0,0.0,-1.5302630740531393,0.4441821848259979,-3.0722521399576508e-84,0.0,0.0,0.0,-0.0009579362439333352,unicycle
2.476156264699811,4.4681183267182245,1.765,0.0,0.0,-1.5302834101947176,0.4441773175511217,-2.465881583656432e-84,0.0,0.0,0.0,-0.001016807078924739,unicycle
2.476515965445942,4.459242157405258,1.765,0.0,0.0,-1.530304921694658,0.44417273189114914,-1.9762421597380986e-84,0.0,0.0,0.0,-0.0010755749970274143,unicycle
2.4768754665620167,4.450366066147835,1.765,0.0,0.0,-1.5303276064437468,0.44416842826213687,-1.5813088382963447e-84,0.0,0.0,0.0,-0.0011342374544560407,unicycle
2.477234757875883,4.441490046886587,1.765,0.0,0.0,-1.5303514622820367,0.44416440699926435,-1.263142938854385e-84,0.0,0.0,0.0,-0.0011927919144802083,unicycle
2.4775938292348454,4.432614093558627,1.765,0.0,0.0,-1.530376486998988,0.4441606683540151,-1.0071449745553987e-84,0.0,0.0,0.0,-0.00125123584755429,unicycle
2.4779526705060055,4.4237382000992875,1.765,0.0,0.0,-1.5304026783336169,0.4441572124932938,-8.014423361035175e-85,0.0,0.0,0.0,-0.0013095667314526145,unicycle
2.4783112715766,4.414862360443859,1.765,0.0,0.0,-1.5304300339746453,0.444154039499904,-6.363877705398771e-85,0.0,0.0,0.0,-0.0013677820514075385,unicycle
2.4786696223543347,4.4059865685292845,1.765,0.0,0.0,-1.5304585515606504,0.44415114937395095,-5.041488496806339e-85,0.0,0.0,0.0,-0.001425879300248707,unicycle
2.4790277127677265,4.397110818295827,1.765,0.0,0.0,-1.5304882286802213,0.44414854203484505,-3.9837212325782804e-85,0.0,0.0,0.0,-0.001483855978542266,unicycle
2.47938553276644,4.388235103688685,1.765,0.0,0.0,-1.5305190628721157,0.44414621732366333,-3.1390854011901644e-85,0.0,0.0,0.0,-0.0015417095947290996,unicycle
2.4797430723216274,4.379359418659554,1.765,0.0,0.0,-1.5305510516254208,0.4441441750056937,-2.4658910309454693e-85,0.0,0.0,0.0,-0.0015994376652615355,unicycle
2.4801003214262716,4.37048375716814,1.765,0.0,0.0,-1.5305841923797159,0.44414241477303673,-1.9304168705693637e-85,0.0,0.0,0.0,-0.0016570377147381678,unicycle
2.480457270095524,4.3616081131836175,1.765,0.0,0.0,-1.5306184825252362,0.44414093624717566,-1.5054156795373687e-85,0.0,0.0,0.0,-0.001714507276036548,unicycle
2.480813908367053,4.352732480686042,1.765,0.0,0.0,-1.5306539194030448,0.4441397389814568,-1.1688954337903558e-85,0.0,0.0,0.0,-0.0017718438904436658,unicycle
2.481170226301383,4.34385685366771,1.765,0.0,0.0,-1.5306905003052005,0.4441388224634427,-9.031262237621479e-86,0.0,0.0,0.0,-0.0018290451077842074,unicycle
2.4815262139822427,4.3349812261344765,1.765,0.0,0.0,-1.5307282224749312,0.44413818611711486,-6.938316485133119e-86,0.0,0.0,0.0,-0.001886108486546656,unicycle
2.4818818615169076,4.326105592107038,1.765,0.0,0.0,-1.5307670831068116,0.44413782930491796,-5.295309330595872e-86,0.0,0.0,0.0,-0.0019430315940072791,unicycle
2.4822371590365484,4.317229945622163,1.765,0.0,0.0,-1.5308070793469388,0.44413775132964184,-4.0100409743139586e-86,0.0,0.0,0.0,-0.0019998120063521186,unicycle
2.4825920966965764,4.3083542807339015,1.765,0.0,0.0,-1.530848208293115,0.44413795143614554,-3.0085751836082072e-86,0.0,0.0,0.0,-0.0020564473087971175,unicycle
2.482946664676987,4.299478591514754,1.765,0.0,0.0,-1.5308904669950292,0.44413842881293103,-2.231713399773247e-86,0.0,0.0,0.0,-0.0021129350957064894,unicycle
2.483300853182711,4.290602872056818,1.765,0.0,0.0,-1.5309338524544438,0.4441391825935762,-1.632135671587627e-86,0.0,0.0,0.0,-0.0021692729707094432,unicycle
2.4836546524439567,4.281727116472901,1.765,0.0,0.0,-1.53097836162538,0.4441402118580382,-1.1720844512446405e-86,0.0,0.0,0.0,-0.002225458546815357,unicycle
2.484008052716559,4.272851318897615,1.765,0.0,0.0,-1.531023991414311,0.44414151563383886,-8.214899941191711e-87,0.0,0.0,0.0,-0.0022814894465275244,unicycle
2.4843610442823234,4.263975473488449,1.765,0.0,0.0,-1.5310707386803502,0.44414309289714454,-5.564547051526484e-87,0.0,0.0,0.0,-0.002337363301955559,unicycle
2.4847136174493745,4.255099574426813,1.765,0.0,0.0,-1.5311186002354484,0.444144942573751,-3.5802900476644625e-87,0.0,0.0,0.0,-0.002393077754926543,unicycle
2.485065762552501,4.246223615919077,1.765,0.0,0.0,-1.5311675728445906,0.4441470635399848,-2.1122374962903345e-87,0.0,0.0,0.0,-0.002448630457094994,unicycle
2.485417469953497,4.237347592197581,1.765,0.0,0.0,-1.5312176532259916,0.44414945462353134,-1.042144350163739e-87,0.0,0.0,0.0,-0.0025040190700516955,unicycle
2.4857687300415128,4.228471497521639,1.765,0.0,0.0,-1.5312688380513002,0.4441521146041985,-2.770073451656115e-88,0.0,0.0,0.0,-0.0025592412654314705,unicycle
2.486119533233394,4.219595326178517,1.765,0.0,0.0,-1.5313211239458009,0.444155042214625,2.56082646183056e-88,0.0,0.0,0.0,-0.002614294725019917,unicycle
2.4864698699740275,4.210719072484411,1.765,0.0,0.0,-1.5313745074886183,0.44415823614094063,6.140722001282336e-88,0.0,0.0,0.0,-0.0026691771408591633,unicycle
2.486819730736684,4.201842730785397,1.765,0.0,0.0,-1.531428985212925,0.44416169502338587,8.412564763953967e-88,0.0,0.0,0.0,-0.0027238862153526693,unicycle
2.4871691060233614,4.192966295458385,1.765,0.0,0.0,-1.5314845536061528,0.4441654174568966,9.719286028428214e-88,0.0,0.0,0.0,-0.0027784196613690896,unicycle
2.487517986365124,4.184089760912051,1.765,0.0,0.0,-1.5315412091101999,0.4441694019916591,1.0324959491481096e-87,0.0,0.0,0.0,-0.0028327752023452188,unicycle
2.4878663623224453,4.175213121587755,1.765,0.0,0.0,-1.5315989481216474,0.44417364713364155,1.0431674630993782e-87,0.0,0.0,0.0,-0.002886950572388058,unicycle
2.48821422448555,4.166336371960461,1.765,0.0,0.0,-1.5316577669919749,0.44417815134510424,1.0192963473718818e-87,0.0,0.0,0.0,-0.002940943516375991,unicycle
2.488561563474749,4.157459506539634,1.765,0.0,0.0,-1.5317176620277762,0.4441829130450936,9.724461883079727e-88,0.0,0.0,0.0,-0.002994751790059068,unicycle
2.4889083699407832,4.148582519870134,1.765,0.0,0.0,-1.5317786294909792,0.4441879306099227,9.11235523175629e-88,0.0,0.0,0.0,-0.003048373160158427,unicycle
2.4892546345651585,4.139705406533099,1.765,0.0,0.0,-1.5318406655990682,0.44419320237364107,8.420051858184033e-88,0.0,0.0,0.0,-0.0031018054044648522,unicycle
2.4896003480604847,4.130828161146813,1.765,0.0,0.0,-1.531903766525307,0.44419872662849663,7.693441423691119e-88,0.0,0.0,0.0,-0.003155046311936451,unicycle
2.489945501170811,4.1219507783675775,1.765,0.0,0.0,-1.5319679283989627,0.44420450162539077,6.965025428104064e-88,0.0,0.0,0.0,-0.003208093682795466,unicycle
2.490290084671963,4.113073252890556,1.765,0.0,0.0,-1.5320331473055353,0.4442105255743295,6.257150636430592e-88,0.0,0.0,0.0,-0.0032609453286242276,unicycle
2.4906340893718775,4.1041955794506215,1.765,0.0,0.0,-1.5320994192869846,0.4442167966448716,5.584530512792483e-88,0.0,0.0,0.0,-0.003313599072460211,unicycle
2.4909775061109345,4.09531775282319,1.765,0.0,0.0,-1.532166740341962,0.44422331296657497,4.9562029076566083e-88,0.0,0.0,0.0,-0.0033660527488902124,unicycle
2.491320325762295,4.086439767825048,1.765,0.0,0.0,-1.5322351064260444,0.44423007262944236,4.3770425363549786e-88,0.0,0.0,0.0,-0.003418304204143674,unicycle
2.491662539232229,4.077561619315163,1.765,0.0,0.0,-1.5323045134519684,0.44423707368436804,3.8489228658421767e-88,0.0,0.0,0.0,-0.0034703512961850895,unicycle
2.4920041374604507,4.068683302195495,1.765,0.0,0.0,-1.5323749572898646,0.44424431414358473,3.3716027901487646e-88,0.0,0.0,0.0,-0.0035221918948055296,unicycle
2.4923451114204482,4.059804811411788,1.765,0.0,0.0,-1.532446433767499,0.4442517919811131,2.9433980268052054e-88,0.0,0.0,0.0,-0.0035738238817132647,unicycle
2.4926854521198125,4.050926141954361,1.765,0.0,0.0,-1.5325189386705118,0.44425950513321305,2.5616847786263825e-88,0.0,0.0,0.0,-0.003625245150623485,unicycle
2.493025150600569,4.04204728885888,1.765,0.0,0.0,-1.5325924677426588,0.44426745149883823,2.2232732868195992e-88,0.0,0.0,0.0,-0.0036764536073471215,unicycle
2.493364197939505,4.033168247207134,1.765,0.0,0.0,-1.5326670166860563,0.44427562894009337,1.9246809733134203e-88,0.0,0.0,0.0,-0.0037274471698787275,unicycle
2.4937025852484953,4.024289012127784,1.765,0.0,0.0,-1.5327425811614261,0.44428403528269544,1.6623285443774609e-88,0.0,0.0,0.0,-0.003778223768483463,unicycle
2.494040303674832,4.015409578797113,1.765,0.0,0.0,-1.5328191567883418,0.4442926683164381,1.4326773898934002e-88,0.0,0.0,0.0,-0.00382878134578315,unicycle
2.494377344401549,4.006529942439769,1.765,0.0,0.0,-1.5328967391454784,0.44430152579566023,1.2323226090749705e-88,0.0,0.0,0.0,-0.003879117856841382,unicycle
2.4947136986477467,3.997650098329488,1.765,0.0,0.0,-1.5329753237708637,0.44431060543971845,1.0580528189002678e-88,0.0,0.0,0.0,-0.003929231269247716,unicycle
2.4950493576689166,3.9887700417898104,1.765,0.0,0.0,-1.5330549061621275,0.4443199049334637,9.068853905343214e-89,0.0,0.0,0.0,-0.003979119563200908,unicycle
2.4953843127572646,3.979889768194796,1.765,0.0,0.0,-1.5331354817767597,0.444329421927722,7.760837782411426e-89,0.0,0.0,0.0,-0.004028780731591214,unicycle
2.4957185552420325,3.971009272969714,1.765,0.0,0.0,-1.533217046032361,0.44433915403978014,6.631620473998408e-89,0.0,0.0,0.0,-0.004078212780081741,unicycle
2.4960520764898204,3.9621285515917335,1.765,0.0,0.0,-1.533299594306905,0.44434909885387447,5.6588048699853674e-89,0.0,0.0,0.0,-0.004127413727188845,unicycle
2.4963848679049065,3.953247599590599,1.765,0.0,0.0,-1.5333831219389924,0.4443592539216848,4.82235238158026e-89,0.0,0.0,0.0,-0.004176381604361563,unicycle
2.496716920929566,3.944366412549297,1.765,0.0,0.0,-1.5334676242281136,0.4443696167628325,4.104441283573948e-89,0.0,0.0,0.0,-0.004225114456060091,unicycle
2.497048227044393,3.9354849861047114,1.765,0.0,0.0,-1.5335530964349102,0.44438018486538255,3.489303267072556e-89,0.0,0.0,0.0,-0.004273610339833292,unicycle
2.4973787777686125,3.9266033159482676,1.765,0.0,0.0,-1.5336395337814384,0.44439095568635006,2.963049933868782e-89,0.0,0.0,0.0,-0.00432186732639524,unicycle
2.497708564660404,3.917721397826567,1.765,0.0,0.0,-1.5337269314514324,0.44440192665221107,2.513497579601637e-89,0.0,0.0,0.0,-0.004369883499700786,unicycle
2.498037579317211,3.9088392275420096,1.765,0.0,0.0,-1.533815284590573,0.44441309515941707,2.1299960421797133e-89,0.0,0.0,0.0,-0.004417656957020155,unicycle
2.4983658133760605,3.899956800953405,1.765,0.0,0.0,-1.533904588306753,0.4444244585749141,1.8032654560008426e-89,0.0,0.0,0.0,-0.004465185809012564,unicycle
2.4986932585138746,3.8910741139765763,1.765,0.0,0.0,-1.5339948376703487,0.44443601423666523,1.5252433098063298e-89,0.0,0.0,0.0,-0.004512468179798865,unicycle
2.4990199064477836,3.8821911625849466,1.765,0.0,0.0,-1.5340860277144897,0.4444477594541778,1.288943144768304e-89,0.0,0.0,0.0,-0.004559502207033196,unicycle
2.4993457489354376,3.8733079428101194,1.765,0.0,0.0,-1.534178153435329,0.4444596915090336,1.0883254615401499e-89,0.0,0.0,0.0,-0.004606286041973655,unicycle
2.499670777775319,3.864424450742446,1.765,0.0,0.0,-1.5342712097923201,0.4444718076554233,9.181808613139084e-90,0.0,0.0,0.0,-0.00465281784955199,unicycle
2.4999949848070493,3.855540682531581,1.765,0.0,0.0,-1.534365191708489,0.44448410512068465,7.740250722654436e-90,0.0,0.0,0.0,-0.004699095808442296,unicycle
2.500318361911703,3.8466566343870254,1.765,0.0,0.0,-1.534460094070712,0.4444965811058439,6.520052668963648e-90,0.0,0.0,0.0,-0.004745118111128726,unicycle
2.500640901012108,3.8377723025786623,1.765,0.0,0.0,-1.5345559117299914,0.44450923278616095,5.488169249135123e-90,0.0,0.0,0.0,-0.004790882963972199,unicycle
2.5009625940731603,3.828887683437276,1.765,0.0,0.0,-1.5346526395017368,0.44452205731167804,4.6163041509255975e-90,0.0,0.0,0.0,-0.004836388587276143,unicycle
2.5012834331021243,3.820002773355064,1.765,0.0,0.0,-1.5347502721660438,0.44453505180777136,3.8802643859510086e-90,0.0,0.0,0.0,-0.004881633215351219,unicycle
2.5016034101489373,3.811117568786132,1.765,0.0,0.0,-1.5348488044679756,0.4445482133757064,3.259394806015003e-90,0.0,0.0,0.0,-0.004926615096579068,unicycle
2.5019225173065176,3.8022320662469835,1.765,0.0,0.0,-1.534948231117845,0.4445615390931957,2.736084456437048e-90,0.0,0.0,0.0,-0.00497133249347506,unicycle
2.5022407467110614,3.7933462623169913,1.765,0.0,0.0,-1.5350485467915005,0.4445750260149603,2.2953369624140607e-90,0.0,0.0,0.0,-0.005015783682750039,unicycle
2.502558090542348,3.7844601536388622,1.765,0.0,0.0,-1.5351497461306078,0.4445886711732937,1.9243976810875134e-90,0.0,0.0,0.0,-0.005059966955371083,unicycle
2.502874541024036,3.7755737369190867,1.765,0.0,0.0,-1.5352518237429404,0.44460247157862903,1.612430937361118e-90,0.0,0.0,0.0,-0.0051038806166212765,unicycle
2.503190090423968,3.766687008928377,1.765,0.0,0.0,-1.5353547742026636,0.4446164242201084,1.350241262812086e-90,0.0,0.0,0.0,-0.005147522986158472,unicycle
2.503504731054462,3.7577999665020934,1.765,0.0,0.0,-1.5354585920506252,0.4446305260661553,1.1300331512808234e-90,0.0,0.0,0.0,-0.00519089239807306,unicycle
2.5038184552726115,3.748912606540661,1.765,0.0,0.0,-1.5355632717946444,0.44464477406504926,9.452044163582338e-91,0.0,0.0,0.0,-0.00523398720094476,unicycle
2.504131255480581,3.7400249260099687,1.765,0.0,0.0,-1.5356688079098024,0.44465916514550297,7.901687750257185e-91,0.0,0.0,0.0,-0.005276805757898406,unicycle
2.5044431241258973,3.7311369219417614,1.765,0.0,0.0,-1.5357751948387355,0.44467369621724195,6.602037822624773e-91,0.0,0.0,0.0,-0.00531934644665874,unicycle
2.5047540537017476,3.722248591434017,1.765,0.0,0.0,-1.5358824269919271,0.44468836417158597,5.513207006365221e-91,0.0,0.0,0.0,-0.0053616076596042115,unicycle
2.505064036747265,3.7133599316513104,1.765,0.0,0.0,-1.5359904987480038,0.444703165882033,4.6015330600024744e-91,0.0,0.0,0.0,-0.005403587803819793,unicycle
2.5053730658478237,3.7044709398251703,1.765,0.0,0.0,-1.5360994044540268,0.4447180982048451,3.8386300616981926e-91,0.0,0.0,0.0,-0.005445285301148809,unicycle
2.5056811336353255,3.6955816132544155,1.765,0.0,0.0,-1.5362091384257919,0.44473315797963575,3.20057985631651e-91,0.0,0.0,0.0,-0.005486698588243768,unicycle
2.505988232788488,3.686691949305486,1.765,0.0,0.0,-1.536319694948124,0.4447483420299593,2.667243882741351e-91,0.0,0.0,0.0,-0.0055278261166162085,unicycle
2.5062943560331314,3.677801945412758,1.765,0.0,0.0,-1.5364310682751778,0.4447636471639023,2.2216781463721828e-91,0.0,0.0,0.0,-0.005568666352685568,unicycle
2.5065994961424654,3.6689115990788483,1.765,0.0,0.0,-1.536543252630734,0.444779070174676,1.8496364312200422e-91,0.0,0.0,0.0,-0.005609217777827073,unicycle
2.5069036459373684,3.660020907874903,1.765,0.0,0.0,-1.5366562422085028,0.4447946078412105,1.5391488895037097e-91,0.0,0.0,0.0,-0.005649478888418621,unicycle
2.5072067982866746,3.6511298694408776,1.765,0.0,0.0,-1.5367700311724204,0.44481025692875015,1.280164932844316e-91,0.0,0.0,0.0,-0.005689448195886711,unicycle
2.5075089461074525,3.6422384814858018,1.765,0.0,0.0,-1.536884613656955,0.4448260141894506,1.0642509054795931e-91,0.0,0.0,0.0,-0.005729124226751396,unicycle
2.5078100823652845,3.633346741788033,1.765,0.0,0.0,-1.5369999837674087,0.44484187636297634,8.843343720362897e-92,0.0,0.0,0.0,-0.005768505522670242,unicycle
2.5081102000745457,3.6244546481954982,1.765,0.0,0.0,-1.5371161355802183,0.44485784017709995,7.344880240236428e-92,0.0,0.0,0.0,-0.005807590640481337,unicycle
2.5084092922986807,3.615562198625919,1.765,0.0,0.0,-1.5372330631432631,0.44487390234830176,6.097472220034614e-92,0.0,0.0,0.0,-0.005846378152245316,unicycle
2.5087073521504784,3.60666939106703,1.765,0.0,0.0,-1.5373507604761691,0.44489005958237066,5.059560639599154e-92,0.0,0.0,0.0,-0.005884866645286432,unicycle
2.509004372807659,3.5977762231189385,1.765,0.0,0.0,-1.5374692215656494,0.4449063314798749,4.196376223454457e-92,0.0,0.0,0.0,-0.005923054474008124,unicycle
2.509300347505922,3.5888826922058428,1.765,0.0,0.0,-1.5375884403680613,0.4449227270493136,3.478846383339521e-92,0.0,0.0,0.0,-0.005960940120601056,unicycle
2.5095952695224453,3.5799887960784678,1.765,0.0,0.0,-1.5377084108151373,0.44493923016336556,2.882675159142835e-92,0.0,0.0,0.0,-0.005998522353791749,unicycle
2.5098891321784627,3.5710945327472405,1.765,0.0,0.0,-1.5378291268135933,0.4449558280379774,2.387569329207957e-92,0.0,0.0,0.0,-0.006035799922804443,unicycle
2.5101819288413063,3.5621999004308407,1.765,0.0,0.0,-1.5379505822449027,0.444972510462927,1.9765879175123062e-92,0.0,0.0,0.0,-0.0060727715654575855,unicycle
2.510473652926022,3.553304897516841,1.765,0.0,0.0,-1.5380727709651925,0.44498926919705695,1.635595788496641e-92,0.0,0.0,0.0,-0.0061094360144928255,unicycle
2.5107642978966536,3.5444095225318137,1.765,0.0,0.0,-1.5381956868052429,0.445006097494559,1.3528049731287467e-92,0.0,0.0,0.0,-0.00614579200251356,unicycle
2.511053857267271,3.5355137741188263,1.765,0.0,0.0,-1.5383193235705597,0.44502298973533155,1.1183898841713583e-92,0.0,0.0,0.0,-0.00618183826583078,unicycle
2.5113423246027944,3.5266176510206777,1.765,0.0,0.0,-1.5384436750415087,0.44503994113779183,9.24164717118762e-93,0.0,0.0,0.0,-0.0062175735474511344,unicycle
2.5116296935196702,3.517721152067568,1.765,0.0,0.0,-1.5385687349734969,0.44505694753685077,7.633131499955353e-93,0.0,0.0,0.0,-0.006252996599392475,unicycle
2.5119159576864214,3.508824276168185,1.765,0.0,0.0,-1.5386944970971863,0.4450740052132402,6.301619969208475e-93,0.0,0.0,0.0,-0.0062881061844728865,unicycle
2.5122011108241145,3.49992702230339,1.765,0.0,0.0,-1.53882095511874,0.44509111076318447,5.1999177731898594e-93,0.0,0.0,0.0,-0.006322901077688172,unicycle
2.5124851467067515,3.4910293895218762,1.765,0.0,0.0,-1.5389481027200855,0.44510826099965944,4.288782695522314e-93,0.0,0.0,0.0,-0.0063573800672682606,unicycle
2.5127680591616155,3.482131376937316,1.765,0.0,0.0,-1.5390759335591953,0.44512545287828786,3.5356005431540278e-93,0.0,0.0,0.0,-0.006391541955483609,unicycle
2.5130498420695746,3.4732329837265947,1.765,0.0,0.0,-1.5392044412703805,0.44514268344236624,2.9132784486043146e-93,0.0,0.0,0.0,-0.006425385559257453,unicycle
2.513330489365357,3.4643342091288565,1.765,0.0,0.0,-1.539333619464593,0.445159949782676,2.3993206983393976e-93,0.0,0.0,0.0,-0.006458909710627678,unicycle
2.513609995037809,3.4554350524451216,1.765,0.0,0.0,-1.5394634617297347,0.4451772490086544,1.975057388552343e-93,0.0,0.0,0.0,-0.006492113257092575,unicycle
2.5138883531301306,3.4465355130383064,1.765,0.0,0.0,-1.5395939616309722,0.44519457822823666,1.625000968451687e-93,0.0,0.0,0.0,-0.006524995061867311,unicycle
2.5141655577401085,3.437635590333515,1.765,0.0,0.0,-1.5397251127110538,0.4452119345342657,1.3363097409479417e-93,0.0,0.0,0.0,-0.006557554004071997,unicycle
2.5144416030203356,3.4287352838185043,1.765,0.0,0.0,-1.5398569084906313,0.4452293149958308,1.098340766748779e-93,0.0,0.0,0.0,-0.006589788978867665,unicycle
2.51471648317843,3.419834593044244,1.765,0.0,0.0,-1.5399893424685827,0.4452467166532624,9.022774584197849e-94,0.0,0.0,0.0,-0.006621698897552783,unicycle
2.514990192477245,3.410933517625533,1.765,0.0,0.0,-1.5401224081223353,0.4452641365158027,7.408195392301761e-94,0.0,0.0,0.0,-0.006653282687630107,unicycle
2.5152627252350808,3.4020320572416085,1.765,0.0,0.0,-1.5402560989081924,0.4452815715611977,6.079250482350411e-94,0.0,0.0,0.0,-0.006684539292851454,unicycle
2.5155340758258955,3.3931302116367488,1.765,0.0,0.0,-1.5403904082616577,0.4452990187366362,4.985957579192502e-94,0.0,0.0,0.0,-0.006715467673246165,unicycle
2.5158042386795114,3.384227980620833,1.765,0.0,0.0,-1.5405253295977608,0.44531647496060217,4.0869878452986367e-94,0.0,0.0,0.0,-0.006746066805137721,unicycle
2.5160732082818247,3.375325364069851,1.765,0.0,0.0,-1.5406608563113837,0.4453339371253146,3.3481835682464046e-94,0.0,0.0,0.0,-0.006776335681151904,unicycle
2.51634097917501,3.3664223619263574,1.765,0.0,0.0,-1.540796981777588,0.44535140209951446,2.7413270259257114e-94,0.0,0.0,0.0,-0.006806273310219036,unicycle
2.5166075459577306,3.3575189741998677,1.765,0.0,0.0,-1.5409336993519394,0.4453688667314226,2.2431184454727692e-94,0.0,0.0,0.0,-0.006835878717572223,unicycle
2.5168729032853423,3.348615200967191,1.765,0.0,0.0,-1.5410710023708347,0.4453863278517441,1.8343279386204601e-94,0.0,0.0,0.0,-0.0068651509447429995,unicycle
2.5171370458701015,3.3397110423727066,1.765,0.0,0.0,-1.5412088841518257,0.44540378227662974,1.4990921246057096e-94,0.0,0.0,0.0,-0.006894089049555411,unicycle
2.5173999684813695,3.3308064986285792,1.765,0.0,0.0,-1.5413473379939482,0.4454212268105374,1.2243310252472817e-94,0.0,0.0,0.0,-0.006922692106119296,unicycle
2.5176616659458175,3.321901570014922,1.765,0.0,0.0,-1.5414863571780446,0.44543865824895473,9.992648895424421e-95,0.0,0.0,0.0,-0.006950959204823256,unicycle
2.517922133147631,3.3129962568799045,1.765,0.0,0.0,-1.541625934967091,0.4454560733809611,8.150140068651735e-95,0.0,0.0,0.0,-0.006978889452327694,unicycle
2.518181365028712,3.3040905596398167,1.765,0.0,0.0,-1.5417660646065223,0.4454734689916202,6.642674076315663e-95,0.0,0.0,0.0,-0.007006481971558109,unicycle
2.5184393565888796,3.2951844787790834,1.765,0.0,0.0,-1.541906739324556,0.4454908418641998,5.410087197290513e-95,0.0,0.0,0.0,-0.007033735901698802,unicycle
2.518696102886073,3.286278014850242,1.765,0.0,0.0,-1.5420479523325192,0.4455081887822225,4.4028942497681754e-95,0.0,0.0,0.0,-0.007060650398187055,unicycle
2.518951599036547,3.277371168473877,1.765,0.0,0.0,-1.5421896968251734,0.4455255065313563,3.580414068994535e-95,0.0,0.0,0.0,-0.007087224632707789,unicycle
2.5192058402150725,3.2684639403385236,1.765,0.0,0.0,-1.5423319659810373,0.44554279190115254,2.909220532338959e-95,0.0,0.0,0.0,-0.0071134577931886624,unicycle
2.519458821655131,3.2595563312005345,1.765,0.0,0.0,-1.5424747529627132,0.44556004168664454,2.3618631916299642e-95,0.0,0.0,0.0,-0.007139349083795589,unicycle
2.5197105386491048,3.250648341883921,1.765,0.0,0.0,-1.5426180509172118,0.445577252689817,1.9158110822079284e-95,0.0,0.0,0.0,-0.007164897724928608,unicycle
2.519960986548475,3.2417399732801657,1.765,0.0,0.0,-1.542761852976276,0.4455944217209591,1.5525811889973368e-95,0.0,0.0,0.0,-0.007190102953218023,unicycle
2.5202101607640075,3.232831226348006,1.765,0.0,0.0,-1.5429061522567065,0.44561154559991184,1.2570196276931714e-95,0.0,0.0,0.0,-0.007214964021520743,unicycle
2.5204580567659405,3.2239221021131983,1.765,0.0,0.0,-1.5430509418606848,0.44562862115722146,1.0167090659266184e-95,0.0,0.0,0.0,-0.0072394801989167645,unicycle
2.520704670084172,3.2150126016682576,1.765,0.0,0.0,-1.5431962148760987,0.4456456452352079,8.214804505397336e-96,0.0,0.0,0.0,-0.007263650770705699,unicycle
2.52094999630844,3.20610272617218,1.765,0.0,0.0,-1.5433419643768667,0.44566261468895846,6.630108777747313e-96,0.0,0.0,0.0,-0.0072874750384032865,unicycle
2.5211940310885077,3.1971924768501427,1.765,0.0,0.0,-1.5434881834232612,0.4456795263872553,5.344925725697517e-96,0.0,0.0,0.0,-0.007310952319737829,unicycle
2.521436770134339,3.188281854993188,1.765,0.0,0.0,-1.543634865062234,0.4456963772134436,4.303605391098206e-96,0.0,0.0,0.0,-0.007334081948646476,unicycle
2.5216782092162755,3.1793708619578904,1.765,0.0,0.0,-1.5437820023277393,0.44571316406624834,3.460685972402702e-96,0.0,0.0,0.0,-0.007356863275271309,unicycle
2.52191834416521,3.170459499166006,1.765,0.0,0.0,-1.5439295882410584,0.44572988386054496,2.7790530325446148e-96,0.0,0.0,0.0,-0.00737929566595519,unicycle
2.5221571708727586,3.1615477681041098,1.765,0.0,0.0,-1.544077615811123,0.44574653352808985,2.2284273134228687e-96,0.0,0.0,0.0,-0.00740137850323729,unicycle
2.5223946852914283,3.152635670323218,1.765,0.0,0.0,-1.54422607803484,0.44576311001821556,1.7841231560059192e-96,0.0,0.0,0.0,-0.007423111185848283,unicycle
2.5226308834347835,3.1437232074383927,1.765,0.0,0.0,-1.5443749678974144,0.4457796102984942,1.4260296520690566e-96,0.0,0.0,0.0,-0.007444493128705179,unicycle
2.5228657613776084,3.13481038112834,1.765,0.0,0.0,-1.5445242783726727,0.44579603135537355,1.137775031121898e-96,0.0,0.0,0.0,-0.007465523762905733,unicycle
2.5230993152560695,3.1258971931349886,1.765,0.0,0.0,-1.5446740024233871,0.44581237019478837,9.060417131836969e-97,0.0,0.0,0.0,-0.00748620253572242,unicycle
2.5233315412678725,3.116983645263063,1.765,0.0,0.0,-1.5448241330015993,0.44582862384275035,7.200051831856922e-97,0.0,0.0,0.0,-0.007506528910595948,unicycle
2.5235624356724173,3.108069739379637,1.765,0.0,0.0,-1.5449746630489418,0.44584478934591837,5.708745722828085e-97,0.0,0.0,0.0,-0.007526502367128286,unicycle
2.523791994790952,3.099155477413685,1.765,0.0,0.0,-1.5451255854969634,0.445860863772152,4.515167365532645e-97,0.0,0.0,0.0,-0.0075461224010752,unicycle
2.52402021500672,3.090240861355613,1.765,0.0,0.0,-1.54527689326745,0.44587684421104873,3.561488466034277e-97,0.0,0.0,0.0,-0.007565388524338263,unicycle
2.5242470927651093,3.081325893256785,1.765,0.0,0.0,-1.5454285792727493,0.44589272777446787,2.800871603733921e-97,0.0,0.0,0.0,-0.0075843002649563455,unicycle
2.5244726245737947,3.0724105752290365,1.765,0.0,0.0,-1.5455806364160911,0.4459085115970413,2.1954184369304625e-97,0.0,0.0,0.0,-0.007602857167096559,unicycle
2.524696807002881,3.0634949094441772,1.765,0.0,0.0,-1.545733057591912,0.44592419283667306,1.7144950985557493e-97,0.0,0.0,0.0,-0.007621058791044653,unicycle
2.524919636685038,3.0545788981334847,1.765,0.0,0.0,-1.5458858356861755,0.4459397686750276,1.3333663773177167e-97,0.0,0.0,0.0,-0.007638904713194862,unicycle
2.52514111031564,3.045662543587187,1.765,0.0,0.0,-1.5460389635766962,0.4459552363180089,1.0320825327387504e-97,0.0,0.0,0.0,-0.007656394526039182,unicycle
2.5253612246528934,3.036745848153937,1.765,0.0,0.0,-1.5461924341334592,0.44597059299622976,7.945726760131487e-98,0.0,0.0,0.0,-0.007673527838156105,unicycle
2.5255799765179705,3.0278288142402743,1.765,0.0,0.0,-1.5463462402189436,0.44598583596547275,6.079069422722652e-98,0.0,0.0,0.0,-0.007690304274198754,unicycle
2.5257973627951333,3.018911444310082,1.765,0.0,0.0,-1.5465003746884411,0.44600096250714255,4.6169649792545255e-98,0.0,0.0,0.0,-0.007706723474882488,unicycle
2.5260133804318565,3.009993740884031,1.765,0.0,0.0,-1.5466548303903804,0.44601596992871084,3.4760602886000273e-98,0.0,0.0,0.0,-0.007722785096971909,unicycle
2.5262280264389494,3.001075706539014,1.765,0.0,0.0,-1.5468096001666456,0.4460308555641537,2.5895795586509665e-98,0.0,0.0,0.0,-0.007738488813267317,unicycle
2.5264412978906723,2.992157343907575,1.765,0.0,0.0,-1.546964676852898,0.4460456167743814,1.904113997175242e-98,0.0,0.0,0.0,-0.007753834312590591,unicycle
2.526653191924851,2.9832386556773276,1.765,0.0,0.0,-1.5471200532788936,0.4460602509476615,1.3770201600435025e-98,0.0,0.0,0.0,-0.007768821299770505,unicycle
2.526863705742988,2.9743196445903624,1.765,0.0,0.0,-1.5472757222688058,0.4460747555000347,9.743135943695415e-99,0.0,0.0,0.0,-0.0077834494956274865,unicycle
2.527072836610369,2.9654003134426508,1.765,0.0,0.0,-1.547431676641545,0.4460891278757245,6.689651845021223e-99,0.0,0.0,0.0,-0.00779771863695781,unicycle
2.5272805818561688,2.9564806650834345,1.765,0.0,0.0,-1.5475879092110756,0.44610336554753977,4.395246511574461e-99,0.0,0.0,0.0,-0.0078116284765172355,unicycle
2.527486938873554,2.9475607024146138,1.765,0.0,0.0,-1.5477444127867355,0.4461174660172708,2.690096022667251e-99,0.0,0.0,0.0,-0.00782517878300409,unicycle
2.5276919051197804,2.938640428390121,1.765,0.0,0.0,-1.547901180173556,0.44613142681607926,1.440099431248045e-99,0.0,0.0,0.0,-0.0078383693410418,unicycle
2.5278954781162875,2.9297198460152902,1.765,0.0,0.0,-1.5480582041725794,0.44614524550488127,5.396677961992952e-100,0.0,0.0,0.0,-0.007851199951160872,unicycle
2.5280976554487915,2.9207989583462166,1.765,0.0,0.0,-1.5482154775811752,0.44615891967472443,-9.407432938700108e-101,0.0,0.0,0.0,-0.00786367042978034,unicycle
2.5282984347673745,2.9118777684891115,1.765,0.0,0.0,-1.548372993193359,0.4461724469471582,-5.259452308779703e-100,0.0,0.0,0.0,-0.00787578060918867,unicycle
2.528497813786568,2.9029562795996453,1.765,0.0,0.0,-1.5485307438001095,0.44618582497459763,-8.064397198073748e-100,0.0,0.0,0.0,-0.007887530337524129,unicycle
2.5286957902854392,2.894034494882287,1.765,0.0,0.0,-1.5486887221896846,0.4461990514406815,-9.747183421418126e-100,0.0,0.0,0.0,-0.007898919478754613,unicycle
2.528892362107667,2.8851124175896334,1.765,0.0,0.0,-1.5488469211479374,0.44621212406062327,-1.0609965707709634e-99,0.0,0.0,0.0,-0.007909947912656968,unicycle
2.5290875271616176,2.8761900510217346,1.765,0.0,0.0,-1.5490053334586336,0.44622504058155604,-1.088451010321646e-99,0.0,0.0,0.0,-0.007920615534795783,unicycle
2.529281283420419,2.867267398525408,1.765,0.0,0.0,-1.5491639519037634,0.446237798782871,-1.0747373252008419e-99,0.0,0.0,0.0,-0.007930922256501672,unicycle
2.5294736289220277,2.858344463493549,1.765,0.0,0.0,-1.5493227692638603,0.44625039647654924,-1.0331964625529772e-99,0.0,0.0,0.0,-0.007940868004849035,unicycle
2.529664561769297,2.8494212493644353,1.765,0.0,0.0,-1.5494817783183128,0.44626283150748725,-9.738110106324726e-100,0.0,0.0,0.0,-0.007950452722633316,unicycle
2.529854080130039,2.840497759621019,1.765,0.0,0.0,-1.5496409718456796,0.4462751017538158,-9.039615799422876e-100,0.0,0.0,0.0,-0.007959676368347768,unicycle
2.5300421822370813,2.8315739977902212,1.765,0.0,0.0,-1.5498003426240026,0.4462872051272126,-8.290234041916154e-100,0.0,0.0,0.0,-0.007968538916159694,unicycle
2.5302288663883257,2.822649967442212,1.765,0.0,0.0,-1.5499598834311203,0.44629913957320777,-7.528355096589e-100,0.0,0.0,0.0,-0.007977040355886231,unicycle
2.5304141309467987,2.813725672189688,1.765,0.0,0.0,-1.5501195870449798,0.4463109030714833,-6.780684510601092e-100,0.0,0.0,0.0,-0.007985180692969628,unicycle
2.5305979743407017,2.804801115687146,1.765,0.0,0.0,-1.550279446243949,0.44632249363616533,-6.065114788805014e-100,0.0,0.0,0.0,-0.007992959948452037,unicycle
2.530780395063455,2.795876301630144,1.765,0.0,0.0,-1.5504394538071278,0.44633390931611017,-5.392958584439814e-100,0.0,0.0,0.0,-0.00800037815894983,unicycle
2.5309613916737415,2.7869512337545648,1.765,0.0,0.0,-1.5505996025146607,0.44634514819518356,-4.770677182190973e-100,0.0,0.0,0.0,-0.008007435376627445,unicycle
2.5311409627955443,2.7780259158358676,1.765,0.0,0.0,-1.550759885148044,0.44635620839253287,-4.201211120640983e-100,0.0,0.0,0.0,-0.008014131669170754,unicycle
2.5313191071181835,2.769100351688336,1.765,0.0,0.0,-1.5509202944904392,0.4463670880628529,-3.684998136516679e-100,0.0,0.0,0.0,-0.00802046711975998,unicycle
2.5314958233963454,2.7601745451643223,1.765,0.0,0.0,-1.5510808233269802,0.44637778539664474,-3.2207462064239705e-100,0.0,0.0,0.0,-0.008026441827042135,unicycle
2.5316711104501124,2.751248500153485,1.765,0.0,0.0,-1.5512414644450823,0.44638829862046764,-2.8060154960013053e-100,0.0,0.0,0.0,-0.008032055905103017,unicycle
2.531844967164988,2.7423222205820217,1.765,0.0,0.0,-1.551402210634751,0.44639862599718405,-2.43765183839196e-100,0.0,0.0,0.0,-0.008037309483438747,unicycle
2.532017392491918,2.7333957104118958,1.765,0.0,0.0,-1.5515630546888892,0.4464087658261982,-2.1121054156697902e-100,0.0,0.0,0.0,-0.008042202706926856,unicycle
2.532188385447307,2.7244689736400605,1.765,0.0,0.0,-1.551723989403605,0.44641871644368725,-1.8256611723961274e-100,0.0,0.0,0.0,-0.008046735735796933,unicycle
2.532357945113036,2.715542014297677,1.765,0.0,0.0,-1.5518850075785169,0.4464284762228255,-1.574601796880078e-100,0.0,0.0,0.0,-0.008050908745600844,unicycle
2.532526070636469,2.706614836449329,1.765,0.0,0.0,-1.5520461020170604,0.4464380435740017,-1.355319577486905e-100,0.0,0.0,0.0,-0.008054721927182486,unicycle
2.532692761230463,2.697687444192233,1.765,0.0,0.0,-1.5522072655267933,0.44644741694502965,-1.1643898478382695e-100,0.0,0.0,0.0,-0.008058175486647147,unicycle
2.532858016173372,2.6887598416554415,1.765,0.0,0.0,-1.5523684909197,0.4464565948213515,-9.986158898219062e-101,0.0,0.0,0.0,-0.0080612696453304,unicycle
2.5330218348090465,2.6798320329990464,1.765,0.0,0.0,-1.552529771012495,0.446465575726234,-8.550529169128075e-101,0.0,0.0,0.0,-0.008064004639766604,unicycle
2.533184216546829,2.670904022413377,1.765,0.0,0.0,-1.552691098626928,0.4464743582209574,-7.310169915787636e-101,0.0,0.0,0.0,-0.008066380721656973,unicycle
2.533345160861549,2.661975814118193,1.765,0.0,0.0,-1.5528524665900851,0.44648294090499774,-6.240833423439378e-101,0.0,0.0,0.0,-0.008068398157837227,unicycle
2.5335046672935135,2.6530474123618735,1.765,0.0,0.0,-1.55301386773469,0.44649132241620193,-5.3207746039768697e-101,0.0,0.0,0.0,-0.008070057230244825,unicycle
2.5336627354484897,2.644118821420608,1.765,0.0,0.0,-1.553175294899408,0.4464995014309556,-4.530615099048626e-101,0.0,0.0,0.0,-0.008071358235885805,unicycle
2.5338193649976906,2.6351900455975756,1.765,0.0,0.0,-1.553336740929144,0.4465074766643437,-3.8531793031567893e-101,0.0,0.0,0.0,-0.008072301486801204,unicycle
2.5339745556777524,2.626261089222129,1.765,0.0,0.0,-1.553498198675345,0.4465152468703039,-3.273316029590191e-101,0.0,0.0,0.0,-0.008072887310033083,unicycle
2.5341283072907106,2.617331956648969,1.765,0.0,0.0,-1.553659660996297,0.4465228108417732,-2.777715660966114e-101,0.0,0.0,0.0,-0.008073116047590149,unicycle
2.534280619703972,2.6084026522573227,1.765,0.0,0.0,-1.553821120757425,0.44653016741082685,-2.3547296698639726e-101,0.0,0.0,0.0,-0.008072988056412983,unicycle
2.534431492850282,2.5994731804501128,1.765,0.0,0.0,-1.5539825708315922,0.4465373154488103,-1.994197161438081e-101,0.0,0.0,0.0,-0.008072503708338868,unicycle
2.5345809267276906,2.590543545653128,1.765,0.0,0.0,-1.5541440040993932,0.446544253866464,-1.6872814187817635e-101,0.0,0.0,0.0,-0.00807166339006624,unicycle
2.534728921399513,2.5816137523141913,1.765,0.0,0.0,-1.5543054134494556,0.4465509816140411,-1.4263181964722205e-101,0.0,0.0,0.0,-0.008070467503118739,unicycle
2.534875477001813,2.572683804445874,1.765,0.0,0.0,-1.5544667917707127,0.4465575205070117,-1.2046766082155857e-101,0.0,0.0,0.0,-0.00806891606284323,unicycle
2.535020593739693,2.563753705835533,1.765,0.0,0.0,-1.5546281319563975,0.4465638818552834,-1.016632812244714e-101,0.0,0.0,0.0,-0.00806700928424945,unicycle
2.535164271879027,2.5548234605451974,1.765,0.0,0.0,-1.5547894269131328,0.44657005196897737,-8.572562515021763e-102,0.0,0.0,0.0,-0.008064747836773783,unicycle
2.535306511747602,2.5458930728439455,1.765,0.0,0.0,-1.5549506695600552,0.44657602053769024,-7.223079065689546e-102,0.0,0.0,0.0,-0.008062132346123877,unicycle
2.535447313735969,2.5369625471556283,1.765,0.0,0.0,-1.5551118528282089,0.4465817798632744,-6.0814983037284604e-102,0.0,0.0,0.0,-0.008059163407677379,unicycle
2.535586678298068,2.528031888018646,1.765,0.0,0.0,-1.555272969660149,0.44658732425670605,-5.11665125981787e-102,0.0,0.0,0.0,-0.008055841596990555,unicycle
2.535724605951672,2.519101100055183,1.765,0.0,0.0,-1.5554340130097093,0.44659264956553596,-4.301874799731042e-102,0.0,0.0,0.0,-0.008052167478013194,unicycle
2.5358610972787052,2.510170187947811,1.765,0.0,0.0,-1.5555949758418992,0.4465977528050363,-3.614393569245529e-102,0.0,0.0,0.0,-0.008048141609486392,unicycle
2.5359961529254447,2.501239156421832,1.765,0.0,0.0,-1.555755851132897,0.4466026318715023,-3.034779825535074e-102,0.0,0.0,0.0,-0.00804376454990364,unicycle
2.536129773602648,2.4923080102320485,1.765,0.0,0.0,-1.555916631870124,0.44660728532047433,-2.546482841940574e-102,0.0,0.0,0.0,-0.008039036861338531,unicycle
2.5362619600856138,2.4833767541529537,1.765,0.0,0.0,-1.5560773110523716,0.446611712196121,-2.1354201039190837e-102,0.0,0.0,0.0,-0.008033959112380518,unicycle
2.5363927132142012,2.474445392971525,1.765,0.0,0.0,-1.5562378816899791,0.44661591190081285,-1.7896231108029625e-102,0.0,0.0,0.0,-0.008028531880370657,unicycle
2.5365220338928034,2.465513931481996,1.765,0.0,0.0,-1.5563983368050407,0.4466198840961622,-1.4989312222116062e-102,0.0,0.0,0.0,-0.008022755753089613,unicycle
2.5366499230903026,2.4565823744821222,1.765,0.0,0.0,-1.556558669431641,0.44662362862860266,-1.2547276122826679e-102,0.0,0.0,0.0,-0.008016631330018616,unicycle
2.5367763818399975,2.4476507267705476,1.765,0.0,0.0,-1.5567188726161063,0.44662714547402355,-1.0497120006251573e-102,0.0,0.0,0.0,-0.008010159223268698,unicycle
2.536901411239518,2.438718993144986,1.765,0.0,0.0,-1.556878939417271,0.4466304346971278,-8.777054037705784e-103,0.0,0.0,0.0,-0.008003340058253431,unicycle
2.537025012450725,2.4297871784009923,1.765,0.0,0.0,-1.5570388629067544,0.4466334964221024,-7.334826874152824e-103,0.0,0.0,0.0,-0.007996174474164352,unicycle
2.537147186699607,2.420855287331145,1.765,0.0,0.0,-1.5571986361692405,0.4466363308119209,-6.126291939134679e-103,0.0,0.0,0.0,-0.007988663124295494,unicycle
2.537267935276156,2.4119233247245107,1.765,0.0,0.0,-1.5573582523027656,0.4466389380541844,-5.114181698225606e-103,0.0,0.0,0.0,-0.007980806676253338,unicycle
2.537387259534255,2.402991295366297,1.765,0.0,0.0,-1.557517704419007,0.4466413183518676,-4.2670612512091274e-103,0.0,0.0,0.0,-0.00797260581208049,unicycle
2.537505160891547,2.3940592040376147,1.765,0.0,0.0,-1.557676985643573,0.44664347191770193,-3.558436205189371e-103,0.0,0.0,0.0,-0.007964061228315042,unicycle
2.537621640829308,2.3851270555153037,1.765,0.0,0.0,-1.557836089116293,0.446645398971219,-2.9659930435892583e-103,0.0,0.0,0.0,-0.007955173636002563,unicycle
2.5377367008923115,2.3761948545717737,1.765,0.0,0.0,-1.5579950079915066,0.4466470997377034,-2.4709530870444223e-103,0.0,0.0,0.0,-0.007945943760673809,unicycle
2.5378503426886954,2.367262605974845,1.765,0.0,0.0,-1.5581537354383526,0.44664857444848227,-2.057523683547691e-103,0.0,0.0,0.0,-0.007936372342298097,unicycle
2.5379625678898208,2.3583303144875654,1.765,0.0,0.0,-1.558312264641057,0.4466498233421202,-1.7124324975512067e-103,0.0,0.0,0.0,-0.007926460135219863,unicycle
2.5380733782301337,2.3493979848679842,1.765,0.0,0.0,-1.5584705887992185,0.44665084666619465,-1.4245327213994374e-103,0.0,0.0,0.0,-0.007916207908084125,unicycle
2.538182775507018,2.340465621868895,1.765,0.0,0.0,-1.558628701128094,0.4466516446794119,-1.1844687365670957e-103,0.0,0.0,0.0,-0.007905616443755042,unicycle
2.5382907615806523,2.3315332302375253,1.765,0.0,0.0,-1.5587865948588786,0.44665221765388974,-9.843932341472365e-104,0.0,0.0,0.0,-0.007894686539230675,unicycle
2.53839733837386,2.3226008147151815,1.765,0.0,0.0,-1.5589442632389896,0.4466525658774807,-8.177280893364527e-104,0.0,0.0,0.0,-0.00788341900555617,unicycle
2.5385025078719576,2.313668380036851,1.765,0.0,0.0,-1.5591016995323443,0.4466526896560496,-6.78962396639576e-104,0.0,0.0,0.0,-0.007871814667736931,unicycle
2.5386062721226033,2.30473593093076,1.765,0.0,0.0,-1.5592588970196377,0.44665258931564567,-5.634820323592649e-104,0.0,0.0,0.0,-0.00785987436465289,unicycle
2.538708633235637,2.2958034721178877,1.765,0.0,0.0,-1.559415848998617,0.44665226520453294,-4.6742593773185746e-104,0.0,0.0,0.0,-0.00784759894897451,unicycle
2.538809593382926,2.2868710083114485,1.765,0.0,0.0,-1.5595725487843586,0.44665171769505696,-3.875650268887362e-104,0.0,0.0,0.0,-0.007834989287080993,unicycle
2.538909154798198,2.2779385442163362,1.765,0.0,0.0,-1.5597289897095385,0.44665094718533777,-3.212002338374661e-104,0.0,0.0,0.0,-0.007822046258980878,unicycle
2.5390073197768817,2.2690060845285425,1.765,0.0,0.0,-1.5598851651247032,0.4466499541007873,-2.6607673529185967e-104,0.0,0.0,0.0,-0.007808770758235116,unicycle
2.5391040906759352,2.2600736339345437,1.765,0.0,0.0,-1.560041068398541,0.446648738895455,-2.203118332542016e-104,0.0,0.0,0.0,-0.007795163691882572,unicycle
2.539199469913679,2.2511411971106687,1.765,0.0,0.0,-1.5601966929181488,0.4466473020532089,-1.823343631322713e-104,0.0,0.0,0.0,-0.007781225980367857,unicycle
2.53929345996962,2.242208778722443,1.765,0.0,0.0,-1.560352032089298,0.44664564408876306,-1.5083381891798438e-104,0.0,0.0,0.0,-0.007766958557471337,unicycle
2.5393860633842777,2.2332763834239193,1.765,0.0,0.0,-1.5605070793367026,0.4466437655485607,-1.2471766445575723e-104,0.0,0.0,0.0,-0.007752362370241152,unicycle
2.5394772827590044,2.224344015856988,1.765,0.0,0.0,-1.560661828104281,0.44664166701152697,-1.0307553594288847e-104,0.0,0.0,0.0,-0.007737438378927051,unicycle
2.5395671207558017,2.215411680650681,1.765,0.0,0.0,-1.560816271855419,0.44663934908970127,-8.514924147121943e-105,0.0,0.0,0.0,-0.007722187556915851,unicycle
2.539655580097138,2.2064793824204623,1.765,0.0,0.0,-1.5609704040732326,0.44663681242876235,-7.030763377311219e-105,0.0,0.0,0.0,-0.007706610890668313,unicycle
2.539742663565758,2.19754712576751,1.765,0.0,0.0,-1.5611242182608256,0.4466340577084556,-5.802557680316437e-105,0.0,0.0,0.0,-0.0076907093796572895,unicycle
2.539828374004492,2.1886149152779906,1.765,0.0,0.0,-1.5612777079415519,0.44663108564293397,-4.786634918106255e-105,0.0,0.0,0.0,-0.007674484036306931,unicycle
2.539912714316063,2.179682755522335,1.765,0.0,0.0,-1.5614308666592702,0.4466278969810213,-3.946693111454914e-105,0.0,0.0,0.0,-0.007657935885932829,unicycle
2.539995687462889,2.1707506510545036,1.765,0.0,0.0,-1.5615836879786038,0.44662449250640657,-3.252570902240258e-105,0.0,0.0,0.0,-0.007641065966682918,unicycle
2.5400772964668814,2.161818606411249,1.765,0.0,0.0,-1.5617361654851931,0.4466208730377777,-2.679220608962941e-105,0.0,0.0,0.0,-0.00762387532947903,unicycle
2.540157544409243,2.1528866261113846,1.765,0.0,0.0,-1.5618882927859523,0.44661703942890074,-2.2058509465960372e-105,0.0,0.0,0.0,-0.00760636503795897,unicycle
2.5402364344302604,2.1439547146550453,1.765,0.0,0.0,-1.5620400635093203,0.4466129925686515,-1.815211751875356e-105,0.0,0.0,0.0,-0.007588536168418988,unicycle
2.5403139697290977,2.135022876522953,1.765,0.0,0.0,-1.5621914713055154,0.44660873338100543,-1.4929974968353675e-105,0.0,0.0,0.0,-0.0075703898097565754,unicycle
2.5403901535635813,2.1260911161756826,1.765,0.0,0.0,-1.5623425098467836,0.44660426282498933,-1.2273501141480618e-105,0.0,0.0,0.0,-0.007551927063413497,unicycle
2.540464989249984,2.117159438052928,1.765,0.0,0.0,-1.56249317282765,0.4465995818946007,-1.0084448059498117e-105,0.0,0.0,0.0,-0.007533149043318966,unicycle
2.54053848016281,2.1082278465727726,1.765,0.0,0.0,-1.5626434539651668,0.4465946916186976,-8.281451553587326e-106,0.0,0.0,0.0,-0.00751405687583293,unicycle
2.5406106297345707,2.0992963461309637,1.765,0.0,0.0,-1.5627933469991602,0.4465895930608625,-6.797160848730854e-106,0.0,0.0,0.0,-0.007494651699689369,unicycle
2.540681441455562,2.090364941100188,1.765,0.0,0.0,-1.5629428456924792,0.4465842873192436,-5.575850744892747e-106,0.0,0.0,0.0,-0.007474934665939567,unicycle
2.5407509188736372,2.081433635829353,1.765,0.0,0.0,-1.5630919438312367,0.446578775526375,-4.571436207397896e-106,0.0,0.0,0.0,-0.007454906937895344,unicycle
2.5408190655939755,2.07250243464287,1.765,0.0,0.0,-1.5632406352250585,0.44657305884897897,-3.745822333528981e-106,0.0,0.0,0.0,-0.007434569691072157,unicycle
2.540885885278851,2.063571341839948,1.765,0.0,0.0,-1.563388913707321,0.4465671384877517,-3.0675336896697754e-106,0.0,0.0,0.0,-0.007413924113132081,unicycle
2.540951381647397,2.0546403616938824,1.765,0.0,0.0,-1.5635367731353975,0.4465610156771342,-2.5105762515256194e-106,0.0,0.0,0.0,-0.007392971403826614,unicycle
2.541015558475366,2.0457094984513597,1.765,0.0,0.0,-1.5636842073908963,0.4465546916850695,-2.0534929147819269e-106,0.0,0.0,0.0,-0.007371712774939293,unicycle
2.5410784195948892,2.0367787563317603,1.765,0.0,0.0,-1.5638312103799008,0.4465481678127488,-1.6785800159574485e-106,0.0,0.0,0.0,-0.007350149450228083,unicycle
2.541139968894232,2.027848139526471,1.765,0.0,0.0,-1.5639777760332079,0.446541445394345,-1.371237716176611e-106,0.0,0.0,0.0,-0.007328282665367547,unicycle
2.5412002103175486,2.0189176521982,1.765,0.0,0.0,-1.5641238983065657,0.44653452579673736,-1.1194316250432542e-106,0.0,0.0,0.0,-0.007306113667890757,unicycle
2.541259147864629,2.009987298480301,1.765,0.0,0.0,-1.5642695711809083,0.44652741041922617,-9.132468215460915e-107,0.0,0.0,0.0,-0.007283643717130947,unicycle
2.541316785590651,2.0010570824761036,1.765,0.0,0.0,-1.5644147886625916,0.4465201006932388,-7.445185848631595e-107,0.0,0.0,0.0,-0.007260874084162871,unicycle
2.5413731276059206,1.9921270082582463,1.765,0.0,0.0,-1.5645595447836267,0.44651259808202776,-6.065267816349279e-107,0.0,0.0,0.0,-0.007237806051743885,unicycle
2.5414281780756176,1.9831970798680207,1.765,0.0,0.0,-1.5647038336019117,0.4465049040803613,-4.9374305302979944e-107,0.0,0.0,0.0,-0.007214440914254724,unicycle
2.5414819412195344,1.9742673013147207,1.765,0.0,0.0,-1.5648476492014645,0.4464970202142066,-4.016217762939508e-107,0.0,0.0,0.0,-0.007190779977639983,unicycle
2.541534421311811,1.9653376765749975,1.765,0.0,0.0,-1.5649909856926514,0.4464889480404064,-3.2642730146964313e-107,0.0,0.0,0.0,-0.007166824559348273,unicycle
2.5415856226806737,1.9564082095922224,1.765,0.0,0.0,-1.5651338372124168,0.4464806891463495,-2.6509123487370816e-107,0.0,0.0,0.0,-0.007142575988272056,unicycle
2.541635549708161,1.9474789042758587,1.765,0.0,0.0,-1.5652761979245107,0.44647224514963485,-2.1509459887283247e-107,0.0,0.0,0.0,-0.007118035604687156,unicycle
2.5416842068298586,1.9385497645008363,1.765,0.0,0.0,-1.5654180620197145,0.44646361769772996,-1.7437057773353414e-107,0.0,0.0,0.0,-0.007093204760191947,unicycle
2.5417315985346214,1.929620794106939,1.765,0.0,0.0,-1.5655594237160675,0.4464548084676238,-1.4122429135985675e-107,0.0,0.0,0.0,-0.007068084817646187,unicycle
2.5417777293643025,1.920691996898195,1.765,0.0,0.0,-1.5657002772590893,0.4464458191654743,-1.1426664722449171e-107,0.0,0.0,0.0,-0.007042677151109535,unicycle
2.541822603913471,1.9117633766422777,1.765,0.0,0.0,-1.5658406169220052,0.44643665152625067,-9.235982636003254e-108,0.0,0.0,0.0,-0.007016983145779707,unicycle
2.541866226829133,1.9028349370699122,1.765,0.0,0.0,-1.5659804370059636,0.4464273073133707,-7.457237912093501e-108,0.0,0.0,0.0,-0.006991004197930302,unicycle
2.5419086028104476,1.8939066818742918,1.765,0.0,0.0,-1.5661197318402609,0.4464177883183339,-6.014225492392206e-108,0.0,0.0,0.0,-0.00696474171484827,unicycle
2.5419497366084434,1.8849786147104997,1.765,0.0,0.0,-1.566258495782556,0.4464080963603486,-4.844637931496561e-108,0.0,0.0,0.0,-0.0069381971147710305,unicycle
2.5419896330257292,1.8760507391949417,1.765,0.0,0.0,-1.5663967232190925,0.4463982332859559,-3.897563149326491e-108,0.0,0.0,0.0,-0.006911371826823234,unicycle
2.542028296916204,1.867123058904784,1.765,0.0,0.0,-1.5665344085649118,0.4463882009686485,-3.1314274180711785e-108,0.0,0.0,0.0,-0.006884267290953181,unicycle
2.542065733184764,1.8581955773774017,1.765,0.0,0.0,-1.5666715462640692,0.44637800130848543,-2.5123052402028315e-108,0.0,0.0,0.0,-0.006856884957868864,unicycle
2.5421019467870103,1.849268298109834,1.765,0.0,0.0,-1.566808130789849,0.4463676362317023,-2.0125314117208675e-108,0.0,0.0,0.0,-0.00682922628897367,unicycle
2.5421369427289493,1.8403412245582478,1.765,0.0,0.0,-1.566944156644975,0.44635710769031783,-1.6095618535546347e-108,0.0,0.0,0.0,-0.0068012927563017135,unicycle
2.542170726066695,1.8314143601374102,1.765,0.0,0.0,-1.567079618361824,0.4463464176617367,-1.2850391341871319e-108,0.0,0.0,0.0,-0.0067730858424528105,unicycle
2.542203301906167,1.8224877082201698,1.765,0.0,0.0,-1.567214510502635,0.44633556814834785,-1.0240263308607665e-108,0.0,0.0,0.0,-0.006744607040527082,unicycle
2.542234675402787,1.8135612721369452,1.765,0.0,0.0,-1.5673488276597156,0.44632456117711927,-8.143792617664754e-109,0.0,0.0,0.0,-0.006715857854059195,unicycle
2.5422648517611734,1.8046350551752244,1.765,0.0,0.0,-1.5674825644556545,0.44631339879918946,-6.462323971478836e-109,0.0,0.0,0.0,-0.006686839796952241,unicycle
2.5422938362348337,1.7957090605790706,1.765,0.0,0.0,-1.5676157155435226,0.4463020830894549,-5.115781140312697e-109,0.0,0.0,0.0,-0.006657554393411245,unicycle
2.5423216341258548,1.786783291548638,1.765,0.0,0.0,-1.5677482756070802,0.4462906161461541,-4.039225556320492e-109,0.0,0.0,0.0,-0.006628003177876303,unicycle
2.542348250784591,1.7778577512396956,1.765,0.0,0.0,-1.5678802393609794,0.44627900009044863,-3.1800432371262563e-109,0.0,0.0,0.0,-0.006598187694955349,unicycle
2.5423736916093502,1.7689324427631614,1.765,0.0,0.0,-1.5680116015509662,0.4462672370660001,-2.4956467916008553e-109,0.0,0.0,0.0,-0.006568109499356551,unicycle
2.542397962046077,1.7600073691846452,1.765,0.0,0.0,-1.5681423569540822,0.4462553292385445,-1.9515994305461171e-109,0.0,0.0,0.0,-0.006537770155820339,unicycle
2.542421067588036,1.7510825335239983,1.765,0.0,0.0,-1.5682725003788636,0.4462432787954636,-1.520084522625343e-109,0.0,0.0,0.0,-0.006507171239051064,unicycle
2.5424430137754928,1.7421579387548756,1.765,0.0,0.0,-1.5684020266655363,0.4462310879453527,-1.1786579200559863e-109,0.0,0.0,0.0,-0.006476314333648266,unicycle
2.5424638061953906,1.733233587804304,1.765,0.0,0.0,-1.568530930686217,0.4462187589175859,-9.092315415439903e-110,0.0,0.0,0.0,-0.006445201034037583,unicycle
2.5424834504810274,1.7243094835522619,1.765,0.0,0.0,-1.5686592073451051,0.4462062939618782,-6.97245965430447e-110,0.0,0.0,0.0,-0.006413832944401271,unicycle
2.542501952311731,1.7153856288312683,1.765,0.0,0.0,-1.5687868515786776,0.446193695347845,-5.309974044077971e-110,0.0,0.0,0.0,-0.006382211678608356,unicycle
2.542519317412532,1.7064620264259789,1.765,0.0,0.0,-1.5689138583558802,0.4461809653645588,-4.010906940105684e-110,0.0,0.0,0.0,-0.0063503388601444015,unicycle
2.542535551553834,1.6975386790727933,1.765,0.0,0.0,-1.5690402226783209,0.44616810632010345,-2.999950695981932e-110,0.0,0.0,0.0,-0.006318216122040902,unicycle
2.5425506605510844,1.688615589459472,1.765,0.0,0.0,-1.5691659395804571,0.44615512054112544,-2.216837282327591e-110,0.0,0.0,0.0,-0.006285845106804298,unicycle
2.5425646502644397,1.6796927602247624,1.765,0.0,0.0,-1.5692910041297838,0.44614201037238355,-1.6134163571604833e-110,0.0,0.0,0.0,-0.006253227466344607,unicycle
2.5425775265984343,1.6707701939580335,1.765,0.0,0.0,-1.569415411427022,0.4461287781762956,-1.1512887955092658e-110,0.0,0.0,0.0,-0.006220364861903686,unicycle
2.542589295501641,1.6618478931989213,1.765,0.0,0.0,-1.5695391566063017,0.4461154263324827,-7.998919659869687e-111,0.0,0.0,0.0,-0.006187258963983093,unicycle
2.5425999629663383,1.6529258604369834,1.765,0.0,0.0,-1.5696622348353475,0.44610195723731216,-5.349521108346147e-111,0.0,0.0,0.0,-0.00615391145227158,unicycle
2.5426095350281677,1.6440040981113637,1.765,0.0,0.0,-1.5697846413156593,0.4460883733034374,-3.372347960716601e-111,0.0,0.0,0.0,-0.0061203240155722006,unicycle
2.5426180177657938,1.6350826086104662,1.765,0.0,0.0,-1.5699063712826937,0.4460746769593366,-1.9153716947320692e-111,0.0,0.0,0.0,-0.006086498351729026,unicycle
2.542625417300564,1.6261613942716386,1.765,0.0,0.0,-1.5700274200060453,0.446060870648849,-8.587620602207897e-112,0.0,0.0,0.0,-0.006052436167553502,unicycle
2.5426317397961626,1.617240457380866,1.765,0.0,0.0,-1.5701477827896202,0.44604695683070933,-1.0835652630890152e-112,0.0,0.0,0.0,-0.006018139178750395,unicycle
2.5426369914582674,1.6083198001724752,1.765,0.0,0.0,-1.5702674549718174,0.446032937978081,4.0958648953789875e-112,0.0,0.0,0.0,-0.00598360910984337,unicycle
2.5426411785342022,1.5993994248288468,1.765,0.0,0.0,-1.5703864319256993,0.44601881657808723,7.525969680700358e-112,0.0,0.0,0.0,-0.005948847694100176,unicycle
2.54264430731259,1.5904793334801388,1.765,0.0,0.0,-1.5705047090591686,0.44600459513134044,9.653652059499344e-112,0.0,0.0,0.0,-0.00591385667345746,unicycle
2.542646384123001,1.5815595282040202,1.765,0.0,0.0,-1.5706222818151376,0.44599027615147097,1.0824385206538537e-111,0.0,0.0,0.0,-0.005878637798445183,unicycle
2.542647415335604,1.5726400110254135,1.765,0.0,0.0,-1.5707391456716995,0.4459758621646535,1.130374195441722e-111,0.0,0.0,0.0,-0.005843192828110662,unicycle
2.542647407360815,1.5637207839162481,1.765,0.0,0.0,-1.5708552961422986,0.44596135570913265,1.1294550863350133e-111,0.0,0.0,0.0,-0.005807523529942219,unicycle
2.5426463666489423,1.554801848795223,1.765,0.0,0.0,-1.5709707287758945,0.4459467593347473,1.095053962317305e-111,0.0,0.0,0.0,-0.005771631679792447,unicycle
2.5426442996897536,1.5458832070702149,1.765,0.0,0.0,-1.5710854391505695,0.4459320984707202,1.0387161178802715e-111,0.0,0.0,0.0,-0.005735518733755159,unicycle
2.5426412130120326,1.5369648598493406,1.765,0.0,0.0,-1.571199422876754,0.4459173879929215,9.690163784562899e-112,0.0,0.0,0.0,-0.005699186309209608,unicycle
2.542637113183339,1.5280468084424685,1.765,0.0,0.0,-1.5713126756046014,0.445902617701483,8.922357374695379e-112,0.0,0.0,0.0,-0.005662636392346787,unicycle
2.5426320068097032,1.519129054294119,1.765,0.0,0.0,-1.571425193023172,0.44588778075139973,8.128940472663855e-112,0.0,0.0,0.0,-0.005625870928533878,unicycle
2.5426259005352945,1.5102115989317437,1.765,0.0,0.0,-1.5715369708598412,0.4458728728834486,7.341680499427783e-112,0.0,0.0,0.0,-0.005588891833455963,unicycle
2.5426188010420794,1.501294443926105,1.765,0.0,0.0,-1.571648004879879,0.4458578918194949,6.582182636852271e-112,0.0,0.0,0.0,-0.005551701001873636,unicycle
2.5426107150494643,1.492377590861126,1.765,0.0,0.0,-1.5717582908861687,0.4458428367886164,5.864435792069843e-112,0.0,0.0,0.0,-0.005514300314477381,unicycle
2.5426016493139314,1.4834610413111489,1.765,0.0,0.0,-1.5718678247190332,0.44582770815710704,5.196786601050687e-112,0.0,0.0,0.0,-0.005476691643226219,unicycle
2.5425916106286723,1.4745447968239414,1.765,0.0,0.0,-1.5719766022561426,0.44581250714077814,4.583462101559233e-112,0.0,0.0,0.0,-0.005438876855482368,unicycle
2.5425806058232183,1.4656288589081587,1.765,0.0,0.0,-1.5720846194124865,0.4457972355822937,4.0257373105214236e-112,0.0,0.0,0.0,-0.0054008578171921935,unicycle
2.5425686417630633,1.4567132290242377,1.765,0.0,0.0,-1.5721918721403927,0.44578189577975497,3.5228243307639992e-112,0.0,0.0,0.0,-0.00536263639531406,unicycle
2.5425557253492936,1.4477979085779098,1.765,0.0,0.0,-1.572298356429586,0.4457664903555464,3.0725438704585382e-112,0.0,0.0,0.0,-0.005324214459653493,unicycle
2.5425418635182107,1.4388828989157096,1.765,0.0,0.0,-1.5724040683072706,0.4457510221567047,2.671827441008312e-112,0.0,0.0,0.0,-0.005285593884233623,unicycle
2.5425270632409585,1.429968201321984,1.765,0.0,0.0,-1.5725090038382363,0.4457354941798722,2.317088401562254e-112,0.0,0.0,0.0,-0.005246776548302773,unicycle
2.542511331523146,1.4210538170170217,1.765,0.0,0.0,-1.5726131591249775,0.44571990951534285,2.004491951199491e-112,0.0,0.0,0.0,-0.005207764337060056,unicycle
2.542494675404473,1.4121397471560062,1.765,0.0,0.0,-1.5727165303078208,0.4457042713058621,1.7301477365548073e-112,0.0,0.0,0.0,-0.005168559142162993,unicycle
2.5424771019583554,1.4032259928285669,1.765,0.0,0.0,-1.572819113565062,0.44568858271676376,1.49024362240703e-112,0.0,0.0,0.0,-0.005129162862067643,unicycle
2.5424586182915494,1.3943125550587552,1.765,0.0,0.0,-1.572920905113107,0.4456728469147616,1.2811351062030992e-112,0.0,0.0,0.0,-0.005089577402240928,unicycle
2.5424392315437756,1.3853994348053145,1.765,0.0,0.0,-1.5730219012066127,0.44565706705329733,1.09940163526335e-112,0.0,0.0,0.0,-0.005049804675276274,unicycle
2.542418948887344,1.376486632962142,1.765,0.0,0.0,-1.5731220981386314,0.44564124626280904,9.41878538651402e-113,0.0,0.0,0.0,-0.00500984660093681,unicycle
2.5423977775267783,1.3675741503588783,1.765,0.0,0.0,-1.5732214922407541,0.4456253876446516,8.056712783795897e-113,0.0,0.0,0.0,-0.0049697051061449345,unicycle
2.54237572469844,1.3586619877615604,1.765,0.0,0.0,-1.573320079883253,0.4456094942676898,6.881571473356037e-113,0.0,0.0,0.0,-0.004929382124932785,unicycle
2.542352797670151,1.3497501458733074,1.765,0.0,0.0,-1.5734178574752198,0.4455935691668128,5.869783061471991e-113,0.0,0.0,0.0,-0.004888879598364715,unicycle
2.542329003740818,1.340838625335008,1.765,0.0,0.0,-1.5735148214647088,0.445577615342796,5.000290876222711e-113,0.0,0.0,0.0,-0.004848199474440269,unicycle
2.5423043502400535,1.331927426725995,1.765,0.0,0.0,-1.5736109683388684,0.44556163576307817,4.2543974891611706e-113,0.0,0.0,0.0,-0.004807343707984038,unicycle
2.542278844527801,1.3230165505646911,1.765,0.0,0.0,-1.573706294624079,0.44554563336312913,3.615582730049741e-113,0.0,0.0,0.0,-0.004766314260527172,unicycle
2.542252493993955,1.3141059973092213,1.765,0.0,0.0,-1.5738007968860823,0.4455296110481674,3.069313763146725e-113,0.0,0.0,0.0,-0.0047251131001840455,unicycle
2.5422253060579827,1.3051957673579868,1.765,0.0,0.0,-1.5738944717301127,0.445513571695053,2.602855397229859e-113,0.0,0.0,0.0,-0.004683742201526632,unicycle
2.5421972881685453,1.2962858610502037,1.765,0.0,0.0,-1.573987315801022,0.44549751815423055,2.205086227670308e-113,0.0,0.0,0.0,-0.004642203545458379,unicycle
2.5421684478031192,1.2873762786663996,1.765,0.0,0.0,-1.574079325783404,0.4454814532516345,1.8663242760620695e-113,0.0,0.0,0.0,-0.004600499119088818,unicycle
2.5421387924676146,1.2784670204288777,1.765,0.0,0.0,-1.5741704984017162,0.445465379790498,1.578164357599723e-113,0.0,0.0,0.0,-0.004558630915609744,unicycle
2.542108329695997,1.2695580865021474,1.765,0.0,0.0,-1.5742608304203995,0.4454493005530286,1.333328355234168e-113,0.0,0.0,0.0,-0.004516600934173456,unicycle
2.5420770670499038,1.2606494769933227,1.765,0.0,0.0,-1.5743503186439949,0.4454332183019285,1.1255288233901322e-113,0.0,0.0,0.0,-0.004474411179773305,unicycle
2.542045012118267,1.251741191952497,1.765,0.0,0.0,-1.5744389599172575,0.4454171357817499,9.493458126789431e-114,0.0,0.0,0.0,-0.004432063663126682,unicycle
2.542012172516929,1.2428332313730917,1.765,0.0,0.0,-1.5745267511252683,0.44540105572008265,8.00116445833038e-114,0.0,0.0,0.0,-0.004389560400560417,unicycle
2.5419785558882597,1.2339255951921868,1.765,0.0,0.0,-1.5746136891935465,0.4453849808285794,6.73836541383024e-114,0.0,0.0,0.0,-0.004346903413898503,unicycle
2.541944169900777,1.2250182832908334,1.765,0.0,0.0,-1.5746997710881536,0.4453689138038241,5.6707344233340674e-114,0.0,0.0,0.0,-0.004304094730352001,unicycle
2.541909022248763,1.2161112954943536,1.765,0.0,0.0,-1.5747849938158016,0.44535285732805513,4.768891367695054e-114,0.0,0.0,0.0,-0.004261136382410942,unicycle
2.5418731206518794,1.2072046315726257,1.765,0.0,0.0,-1.574869354423956,0.4453368140697538,4.007727363938173e-114,0.0,0.0,0.0,-0.004218030407738035,unicycle
2.541836472854787,1.1982982912403644,1.765,0.0,0.0,-1.5749528500009375,0.4453207866841098,3.365813925579577e-114,0.0,0.0,0.0,-0.004174778849064002,unicycle
2.5417990866267606,1.1893922741573921,1.765,0.0,0.0,-1.5750354776760194,0.445304777813376,2.824887661834586e-114,0.0,0.0,0.0,-0.004131383754084316,unicycle
2.5417609697613046,1.1804865799289062,1.765,0.0,0.0,-1.5751172346195266,0.44528879008712374,2.369402196443042e-114,0.0,0.0,0.0,-0.004087847175357191,unicycle
2.541722130075771,1.1715812081057422,1.765,0.0,0.0,-1.575198118042931,0.44527282612240954,1.9861395900573348e-114,0.0,0.0,0.0,-0.004044171170202624,unicycle
2.5416825754109738,1.1626761581846372,1.765,0.0,0.0,-1.5752781251989427,0.4452568885238638,1.663874194594664e-114,0.0,0.0,0.0,-0.004000357800602337,unicycle
2.5416423136308044,1.1537714296084929,1.765,0.0,0.0,-1.5753572533816047,0.4452409798837111,1.3930825214284376e-114,0.0,0.0,0.0,-0.003956409133100502,unicycle
2.541601352621848,1.144867021766638,1.765,0.0,0.0,-1.5754354999263789,0.44522510278173,1.1656933454130126e-114,0.0,0.0,0.0,-0.003912327238705058,unicycle
2.541559700292998,1.1359629339950952,1.765,0.0,0.0,-1.5755128622102348,0.44520925978516124,9.748728785561835e-115,0.0,0.0,0.0,-0.003868114192789551,unicycle
2.5415173645750726,1.1270591655768503,1.765,0.0,0.0,-1.575589337651735,0.4451934534485702,8.148404212702543e-115,0.0,0.0,0.0,-0.0038237720749953793,unicycle
2.5414743534204276,1.118155715742125,1.765,0.0,0.0,-1.5756649237111178,0.44517768631367094,6.807104302218548e-115,0.0,0.0,0.0,-0.003779302969134344,unicycle
2.541430674802575,1.109252583668654,1.765,0.0,0.0,-1.5757396178903798,0.4451619609091168,5.683574274981242e-115,0.0,0.0,0.0,-0.0037347089630914336,unicycle
2.541386336715793,1.100349768481968,1.765,0.0,0.0,-1.5758134177333547,0.4451462797502625,4.7430061584772345e-115,0.0,0.0,0.0,-0.003689992148727775,unicycle
2.5413413471747477,1.0914472692556823,1.765,0.0,0.0,-1.5758863208257903,0.44513064533890245,3.956054603228666e-115,0.0,0.0,0.0,-0.00364515462178368,unicycle
2.5412957142141,1.082545085011789,1.765,0.0,0.0,-1.575958324795426,0.4451150601629889,3.2979984988471355e-115,0.0,0.0,0.0,-0.0036001984817817397,unicycle
2.5412494458881283,1.07364321472096,1.765,0.0,0.0,-1.5760294273120645,0.44509952669633257,2.748027661736314e-115,0.0,0.0,0.0,-0.0035551258319299383,unicycle
2.5412025502703375,1.0647416573028523,1.765,0.0,0.0,-1.576099626087645,0.44508404739829005,2.288636637476086e-115,0.0,0.0,0.0,-0.0035099387790247277,unicycle
2.541155035453078,1.0558404116264226,1.765,0.0,0.0,-1.5761689188763122,0.44506862471343944,1.9051100984754605e-115,0.0,0.0,0.0,-0.0034646394333540374,unicycle
2.541106909547159,1.046939476510247,1.765,0.0,0.0,-1.576237303474484,0.4450532610712466,1.5850864534305152e-115,0.0,0.0,0.0,-0.003419229908600177,unicycle
2.5410581806814645,1.038038850722851,1.765,0.0,0.0,-1.5763047777209191,0.4450379588857243,1.3181881503366148e-115,0.0,0.0,0.0,-0.003373712321742673,unicycle
2.5410088570025673,1.0291385329830425,1.765,0.0,0.0,-1.5763713394967787,0.44502272055508535,1.0957087785494438e-115,0.0,0.0,0.0,-0.0033280887929609516,unicycle
2.5409589466743463,1.0202385219602552,1.765,0.0,0.0,-1.5764369867256893,0.44500754846139173,9.103484849619949e-116,0.0,0.0,0.0,-0.0032823614455368753,unicycle
2.5409084578776007,1.0113388162748989,1.765,0.0,0.0,-1.5765017173738045,0.4449924449702007,7.5599043989e-116,0.0,0.0,0.0,-0.003236532405757146,unicycle
2.5408573988096665,1.0024394144987154,1.765,0.0,0.0,-1.576565529449861,0.4449774124302084,6.275121426224077e-116,0.0,0.0,0.0,-0.003190603802815521,unicycle
2.540805777684032,0.9935403151551447,1.765,0.0,0.0,-1.5766284210052355,0.4449624531728931,5.206262654621562e-116,0.0,0.0,0.0,-0.0031445777687148777,unicycle
2.540753602729953,0.9846415167196968,1.765,0.0,0.0,-1.5766903901339993,0.4449475695121576,4.3174651698062117e-116,0.0,0.0,0.0,-0.003098456438169109,unicycle
2.540700882192072,0.9757430176203299,1.765,0.0,0.0,-1.5767514349729692,0.44493276374397217,3.578746766394157e-116,0.0,0.0,0.0,-0.00305224194850483,unicycle
2.5406476243300307,0.966844816237839,1.765,0.0,0.0,-1.5768115537017604,0.44491803814601905,2.965055285178643e-116,0.0,0.0,0.0,-0.0030059364395629063,unicycle
2.5405938374180916,0.9579469109062495,1.765,0.0,0.0,-1.5768707445428323,0.44490339497733755,2.4554691451860804e-116,0.0,0.0,0.0,-0.002959542053599819,unicycle
2.5405395297447497,0.9490492999132184,1.765,0.0,0.0,-1.5769290057615362,0.4448888364779719,2.0325254843241177e-116,0.0,0.0,0.0,-0.0029130609351888494,unicycle
2.5404847096123535,0.9401519815004434,1.765,0.0,0.0,-1.5769863356661586,0.4448743648686207,1.6816559153576064e-116,0.0,0.0,0.0,-0.0028664952311210864,unicycle
2.5404293853367217,0.9312549538640796,1.765,0.0,0.0,-1.5770427326079643,0.44485998235028973,1.390712966134284e-116,0.0,0.0,0.0,-0.0028198470903062585,unicycle
2.5403735652467603,0.9223582151551614,1.765,0.0,0.0,-1.5770981949812382,0.4448456911039474,1.1495728795745917e-116,0.0,0.0,0.0,-0.002773118663673398,unicycle
2.5403172576840825,0.9134617634800337,1.765,0.0,0.0,-1.5771527212233196,0.4448314932901833,9.498026651040184e-117,0.0,0.0,0.0,-0.002726312104071332,unicycle
2.540260471002624,0.9045655969007887,1.765,0.0,0.0,-1.577206309814643,0.44481739104887047,7.843811753120419e-117,0.0,0.0,0.0,-0.0026794295661690185,unicycle
2.5402032135682666,0.8956697134357101,1.765,0.0,0.0,-1.5772589592787698,0.44480338649883117,6.474655783218952e-117,0.0,0.0,0.0,-0.00263247320635573,unicycle
2.5401454937584527,0.8867741110597241,1.765,0.0,0.0,-1.5773106681824227,0.44478948173750604,5.341959495545289e-117,0.0,0.0,0.0,-0.0025854451826410677,unicycle
2.5400873199618066,0.877878787704857,1.765,0.0,0.0,-1.577361435135514,0.444775678840628,4.40531852291312e-117,0.0,0.0,0.0,-0.0025383476545548416,unicycle
2.540028700577756,0.8689837412606997,1.765,0.0,0.0,-1.577411258791175,0.44476197986189986,3.6311574559496124e-117,0.0,0.0,0.0,-0.002491182783046801,unicycle
2.5399696440161517,0.8600889695748786,1.765,0.0,0.0,-1.5774601378457824,0.4447483868326759,2.9915887721864487e-117,0.0,0.0,0.0,-0.0024439527303862334,unicycle
2.5399101586968857,0.8511944704535328,1.765,0.0,0.0,-1.577508071038984,0.44473490176164804,2.46346010770492e-117,0.0,0.0,0.0,-0.0023966596600614306,unicycle
2.5398502530495155,0.8423002416617984,1.765,0.0,0.0,-1.5775550571537176,0.4447215266345364,2.0275591995166626e-117,0.0,0.0,0.0,-0.002349305736679016,unicycle
2.5397899355128843,0.8334062809242977,1.765,0.0,0.0,-1.5776010950162347,0.44470826341378433,1.6679507465247884e-117,0.0,0.0,0.0,-0.002301893125863165,unicycle
2.5397292200236987,0.8245135713636665,1.765,0.0,0.0,-1.57764646214817,0.44464584141183,1.3714235812965706e-117,0.0,0.0,0.0,-0.00226835659677943,unicycle
2.5396681314148806,0.8156254727722704,1.765,0.0,0.0,-1.5776921341291479,0.44441542615619967,1.1270300335857684e-117,0.0,0.0,0.0,-0.0022835990488897376,unicycle
2.539606698529988,0.806747560663009,1.765,0.0,0.0,-1.5777397878915578,0.44390623287478814,9.257023012067146e-118,0.0,0.0,0.0,-0.002382688120493332,unicycle
2.5395449425830594,0.7978866219225208,1.765,0.0,0.0,-1.5777915574933914,0.44305769708132725,7.599331107618409e-118,0.0,0.0,0.0,-0.002588480091676293,unicycle
2.539482869247622,0.7890499228833937,1.765,0.0,0.0,-1.5778498521354811,0.4418458527280704,6.2351002302392295e-118,0.0,0.0,0.0,-0.0029147321044902244,unicycle
2.5394204636371605,0.7802446858889857,1.765,0.0,0.0,-1.57791722189296,0.440272906891955,5.112944774560696e-118,0.0,0.0,0.0,-0.0033684878739473215,unicycle
2.5393576874922807,0.7714777247457097,1.765,0.0,0.0,-1.5779962598547517,0.43835929490570513,4.190381298751426e-118,0.0,0.0,0.0,-0.003951898089564327,unicycle
2.5392949971859946,0.7628528295690736,1.765,0.0,0.0,-1.578133197030428,0.4312561506770504,3.43230260986118e-118,0.0,0.0,0.0,-0.006846858783827511,unicycle
2.53923276577758,0.754524251185782,1.765,0.0,0.0,-1.5784032434666646,0.4164405451453723,2.8097105891165107e-118,0.0,0.0,0.0,-0.013502321811822812,unicycle
2.5391705665899718,0.7465889360396966,1.765,0.0,0.0,-1.578865640417897,0.39677794901134766,2.298664375473159e-118,0.0,0.0,0.0,-0.023119847561624465,unicycle
2.539107522893238,0.7391016273317134,1.765,0.0,0.0,-1.579566764108353,0.37437871364758085,1.8794077127085367e-118,0.0,0.0,0.0,-0.03505618452281288,unicycle
2.539042573030271,0.7320864851819822,1.765,0.0,0.0,-1.5805424087012245,0.3507721545735105,1.5356452771082972e-118,0.0,0.0,0.0,-0.04878222964356896,unicycle
2.538974649775841,0.7255459717429306,1.765,0.0,0.0,-1.5818195051059332,0.32704332828285776,1.253942828744555e-118,0.0,0.0,0.0,-0.06385482023544059,unicycle
2.5389027869188774,0.7194675945652037,1.765,0.0,0.0,-1.583417455805015,0.30394013081444154,1.0232302288324017e-118,0.0,0.0,0.0,-0.07989753495408955,unicycle
2.5388261703031634,0.7138289791900393,1.765,0.0,0.0,-1.5853492098112294,0.2819568377595031,8.34389872710567e-119,0.0,0.0,0.0,-0.09658770031072814,unicycle
2.538744150036256,0.7086016439992397,1.765,0.0,0.0,-1.5876221611850612,0.2613989876041116,6.799160152525546e-119,0.0,0.0,0.0,-0.11364756869159146,unicycle
2.538656228038242,0.7037537720336774,1.765,0.0,0.0,-1.5902389255303382,0.24243352845316563,5.536329075660524e-119,0.0,0.0,0.0,-0.1308382172638412,unicycle
2.538562031976895,0.6992522119540191,1.765,0.0,0.0,-1.5931980286717,0.22512735752078208,4.5046170006765564e-119,0.0,0.0,0.0,-0.1479551570681047,omni
2.5384262500726003,0.6950229286201256,1.7650194247677728,0.0,0.0,-1.5963915183533604,0.2115662778225331,-0.0017128165977882573,0.0009712383886495235,0.0,0.0,-0.15967448408301366,omni
2.5381938793362733,0.6909718632718397,1.7650887605938117,0.0,0.0,-1.5996502884215291,0.2027945684875053,-0.0061004883090852,0.003466791301960006,0.0,0.0,-0.1629385034084576,omni
2.537828426622149,0.6870307585558559,1.765228531914561,0.0,0.0,-1.6028563970817666,0.19752037422402496,-0.012263379883575358,0.0069885660374527,0.0,0.0,-0.16030543301186675,omni
2.5373073327365305,0.6831509347192736,1.7654517386055082,0.0,0.0,-1.6059305226333622,0.19475699171292543,-0.019523676686056216,0.01116033454737722,0.0,0.0,-0.15370627757979027,omni
2.536618432510347,0.6792984561143778,1.7657657582000212,0.0,0.0,-1.608822204616748,0.19375485596779,-0.02737735884712315,0.015700979725649624,0.0,0.0,-0.1445840991692933,omni
2.53575720787469,0.675450405219368,1.7661738236503715,0.0,0.0,-1.6115022872653955,0.19394824846582817,-0.035455734294937306,0.020403272517516072,0.0,0.0,-0.13400413243237153,omni
2.5347246578650675,0.6715920280729306,1.7666761653102736,0.0,0.0,-1.6139570994591512,0.1949135966496374,-0.043494760439758653,0.025117082995088497,0.0,0.0,-0.12274060968778897,omni
2.5335256535312576,0.6677145590232936,1.7672708880876098,0.0,0.0,-1.6161839997633036,0.1963368902477154,-0.05131068704131627,0.029736138866826477,0.0,0.0,-0.11134501520761489,omni
2.5321676759922878,0.6638135712924471,1.7679546404075366,0.0,0.0,-1.6181879909832824,0.1979882608239072,-0.05878080921787112,0.03418761599631914,0.0,0.0,-0.10019956099895581,omni
2.5306598576181414,0.6598877322960797,1.768723120099745,0.0,0.0,-1.61997916952495,0.19970218390774447,-0.0658283354692511,0.03842398461040725,0.0,0.0,-0.08955892708336778,omni
2.5290122626031235,0.6559378691641558,1.7695714530561901,0.0,0.0,-1.6215708236121673,0.20136208985147652,-0.0724105563687896,0.04241664782225929,0.0,0.0,-0.07958270436087324,omni
2.5272353558121865,0.6519662711404361,1.7704944730692491,0.0,0.0,-1.6229780334188701,0.20288842785399813,-0.07850965015294087,0.046151000652951066,0.0,0.0,-0.0703604903351241,omni
2.525339618799863,0.6479761723106368,1.7714869253056424,0.0,0.0,-1.6242166573203471,0.2042294315378799,-0.08412558623691993,0.049622611819686864,0.0,0.0,-0.06193119507384256,omni
2.5233352799824473,0.6439713712192111,1.7725436111133999,0.0,0.0,-1.6253026132947757,0.20535399536030155,-0.08927069065057594,0.05283429038785985,0.0,0.0,-0.054297798721421646,omni
2.5212321325176363,0.6399559541051938,1.7736594880654748,0.0,0.0,-1.626251384254406,0.2062461979726573,-0.09396552197891961,0.055793847603744576,0.0,0.0,-0.04743854798152563,omni
2.519039418810099,0.6359340963335519,1.774829736125649,0.0,0.0,-1.6270776917606935,0.2069011085565819,-0.09823577560752357,0.058512403008705624,0.0,0.0,-0.04131537531438333,omni
2.516765764936825,0.6319099226272182,1.7760497984269998,0.0,0.0,-1.627795294989895,0.20732159081663828,-0.10210999049398974,0.06100311506752401,0.0,0.0,-0.03588016146009036,omni
2.5144191518447814,0.6278874113245696,1.777315403256645,0.0,0.0,-1.6284168816188904,0.20751588118427017,-0.1056178785112363,0.0632802414822748,0.0,0.0,-0.03107933144977411,omni
2.51200691305524,0.6238703314205104,1.7786225723426636,0.0,0.0,-1.6289540250215977,0.2074957664298538,-0.10878913349613688,0.06535845430092474,0.0,0.0,-0.026857170135349946,omni
2.5095357509304272,0.6198622038489232,1.7799676193594094,0.0,0.0,-1.629417188227652,0.20727522409279026,-0.11165260705081624,0.06725235083729027,0.0,0.0,-0.02315816030273945,omni
2.5070117654167454,0.6158662805255908,1.7813471416411117,0.0,0.0,-1.6298157598369623,0.2068694191377119,-0.11423576218935287,0.06897611408512527,0.0,0.0,-0.019928580465499997,omni
2.5044404906572786,0.6118855362442613,1.782758007368581,0.0,0.0,-1.6301581107789467,0.2062939737759226,-0.11656433518500012,0.07054328637347959,0.0,0.0,-0.01711754709921901,omni
2.501826936034216,0.6079226697196228,1.7841973399283895,0.0,0.0,-1.6304516636720472,0.20556444583415834,-0.11866215135013353,0.07196662799042859,0.0,0.0,-0.01467764465502023,omni
2.4991756291175133,0.6039801109876998,1.785662500704697,0.0,0.0,-1.6307029687519146,0.2046959654949842,-0.12055105271259359,0.0732580388153889,0.0,0.0,-0.012565253993359182,omni
2.496490658708269,0.6000600330737416,1.7871510712243543,0.0,0.0,-1.6309177820347969,0.20370299153154656,-0.12225090524487534,0.07442852598285338,0.0,0.0,-0.01074066414412443,omni
2.4937757167141297,0.59616436637129,1.7886608353148123,0.0,0.0,-1.6311011426769695,0.20259915698890316,-0.12377966095301493,0.07548820452290717,0.0,0.0,-0.009168032108624992,omni
2.491034138012843,0.5922948145827915,1.7901897617348788,0.0,0.0,-1.631257447469678,0.20139718115607996,-0.12515345614448642,0.07644632100332173,0.0,0.0,-0.00781523963542804,omni
2.488268937775799,0.5884528713816586,1.7917359875870427,0.0,0.0,-1.6313905211419375,0.200108830045387,-0.12638673189750183,0.07731129260819594,0.0,0.0,-0.006653683612962953,omni
2.4854828459582308,0.5846398371907916,1.7932978027064037,0.0,0.0,-1.6315036816858801,0.19874491177710102,-0.12749236641388656,0.07809075596804499,0.0,0.0,-0.005658027197126558,omni
2.482678338834311,0.5808568356506403,1.7948736351367425,0.0,0.0,-1.6315998003148464,0.1973152965167502,-0.12848181176903062,0.07879162151692623,0.0,0.0,-0.004805931448310289,omni
2.4798576675780573,0.5771048294842078,1.7964620377423846,0.0,0.0,-1.6316813559473242,0.19582895313186388,-0.12936522974827405,0.07942013028212319,0.0,0.0,-0.004077781623892733,omni
2.4770228839760366,0.5733846355671931,1.798061675960015,0.0,0.0,-1.6317504843070996,0.19429399668450095,-0.1301516231183314,0.07998191088150483,0.0,0.0,-0.003456417988770339,omni
2.4741605071673063,0.5696861695864387,1.7996803205477685,0.0,0.0,-1.6318090218625712,0.19330201121849672,-0.13158252729518466,0.08093222938766782,0.0,0.0,-0.002926877773575655,omni
2.4712483989352583,0.5659932693973508,1.8013308175148277,0.0,0.0,-1.631858544912462,0.19318302877818658,-0.13407099912996728,0.08252484835297935,0.0,0.0,-0.002476152494543709,omni
2.468272493509737,0.5622954253385306,1.8030212809597856,0.0,0.0,-1.6319004041737832,0.19363061242698895,-0.13723099286196688,0.08452317224787992,0.0,0.0,-0.0020929630660688403,omni
2.465224690751242,0.5585863010492728,1.804756330042948,0.0,0.0,-1.631935755250611,0.19441845618398018,-0.14077721946630284,0.0867524541581152,0.0,0.0,-0.0017675538414024692,omni
2.4621012325131306,0.554862594650886,1.8065380420731965,0.0,0.0,-1.631965585366498,0.19538197549324915,-0.14450202567185474,0.08908560151240943,0.0,0.0,-0.0014915057943458716,omni
2.4589014590268383,0.5511231673217702,1.8083666823807836,0.0,0.0,-1.6319907367348108,0.19640383343413265,-0.14825721567218314,0.09143201537937082,0.0,0.0,-0.00125756841561881,omni
2.4556268631646896,0.5473683812648639,1.8102412592641308,0.0,0.0,-1.6320119269242492,0.19740259935096383,-0.1519398063565179,0.09372884416738228,0.0,0.0,-0.0010595094719229158,omni
2.452280377311873,0.5435996010520285,1.8121599423612207,0.0,0.0,-1.6320297665544343,0.19832389524958194,-0.1554809062686512,0.09593415485450937,0.0,0.0,-0.000891981509231407,omni
2.4488658411136295,0.5398188219166458,1.814120374833472,0.0,0.0,-1.632044774631084,0.19913351340599958,-0.1588370694735811,0.09802162361254695,0.0,0.0,-0.0007504038324952819,omni
2.445387609198426,0.5360283962235763,1.8161199033798117,0.0,0.0,-1.6320573918036727,0.1998120919358569,-0.16198360532362116,0.09997642731699577,0.0,0.0,-0.0006308586294303647,omni
2.441850266635323,0.5322308354538552,1.8181557450113,0.0,0.0,-1.6320679918017051,0.20035101828310695,-0.1649094296719557,0.10179208157442941,0.0,0.0,-0.00052999990162817,omni
2.4382584267877903,0.5284286699057884,1.8202251054612477,0.0,0.0,-1.6320768912797683,0.20074929752746448,-0.1676131271880117,0.10346802249740718,0.0,0.0,-0.0004449739031699623,omni
2.4346165917205673,0.5246243521807935,1.8223252608794704,0.0,0.0,-1.6320843582767912,0.2010111761917556,-0.17009996199364258,0.10500777091115648,0.0,0.0,-0.00037334985112269574,omni
2.4309290596786806,0.5208201935898438,1.8244536118981236,0.0,0.0,-1.632090619471857,0.2011443553781839,-0.17237962803740559,0.10641755093266579,0.0,0.0,-0.00031305975327490705,omni
2.4271998676133655,0.517018325044501,1.826607717128166,0.0,0.0,-1.6320958663976275,0.20115866162682922,-0.17446457403398188,0.10770526150213819,0.0,0.0,-0.00026234628853818905,omni
2.4234327594595504,0.5132206759137844,1.8287853115431842,0.0,0.0,-1.6321002607530086,0.20106507153313602,-0.17636877250783306,0.10887972075090163,0.0,0.0,-0.00021971776904798236,omni
2.4196311730200777,0.5094289658378609,1.8309843139451376,0.0,0.0,-1.632103938939134,0.20087500823104784,-0.17810683018867923,0.10995012009765955,0.0,0.0,-0.00018390930623511493,omni
2.415798240000489,0.5056447056747366,1.8332028267154847,0.0,0.0,-1.6321070159270006,0.20059984543553508,-0.1796933590827834,0.11092563851737053,0.0,0.0,-0.00015384939333533922,omni
2.4119367950595683,0.5018692046833718,1.8354391302795687,0.0,0.0,-1.6321095885510448,0.20025056872469285,-0.1811425450974165,0.11181517820420837,0.0,0.0,-0.0001286312022166564,omni
2.4080493907707488,0.4981035817692525,1.837691674107598,0.0,0.0,-1.6321117383104846,0.19983755484007115,-0.18246786502221268,0.11262719140145822,0.0,0.0,-0.00010748797198207383,omni
2.4041383161886465,0.49434877917915176,1.8399590656064035,0.0,0.0,-1.6321135337492845,0.1993704385696404,-0.1836819136933739,0.11336957494029241,0.0,0.0,-8.977194000190962e-05,omni
2.4002056173320407,0.4906055774646877,1.8422400578938751,0.0,0.0,-1.6321150324759375,0.19885804371447605,-0.18479631186755957,0.11404961437358417,0.0,0.0,-7.493633266065788e-05,omni
2.3962531183682407,0.486874610866552,1.8445335371698361,0.0,0.0,-1.6321162828758025,0.19830836010119537,-0.1858216721808725,0.11467396379803396,0.0,0.0,-6.251999323873963e-05,omni
2.3922824426449316,0.4831563825246109,1.8468385101850215,0.0,0.0,-1.632117325561367,0.19772855288759564,-0.18676760594174113,0.11524865075928192,0.0,0.0,-5.213427823140758e-05,omni
2.388295032988769,0.4794512791106839,1.8491540921493448,0.0,0.0,-1.632118194599395,0.19712499375988377,-0.18764275770746086,0.11577909821614568,0.0,0.0,-4.345190138875943e-05,omni
2.3842921708946694,0.47575958462433793,1.8514794953003568,0.0,0.0,-1.6321189185483405,0.19650330622963974,-0.18845485786539937,0.11627015755060925,0.0,0.0,-3.619744726086316e-05,omni
2.3802749943813426,0.47208149319830506,1.8538140182637355,0.0,0.0,-1.6321195213346105,0.19586841926196213,-0.18921078597565988,0.11672614816893447,0.0,0.0,-3.0139313501439293e-05,omni
2.3762445143992403,0.4684171208376535,1.856157036272567,0.0,0.0,-1.6321200229920922,0.1952246250267772,-0.1899166395875622,0.11715090044156411,0.0,0.0,-2.508287408215743e-05,omni
2.372201629756368,0.464766516072329,1.8585079922655938,0.0,0.0,-1.6321204402857792,0.19457563776172654,-0.190577804741456,0.11754779965135133,0.0,0.0,-2.0864684349415494e-05,omni
2.3681471405827508,0.4611296695413895,1.860866388852026,0.0,0.0,-1.632120787237258,0.19392465164594389,-0.1911990255086936,0.11791982932161049,0.0,0.0,-1.7347573949680275e-05,omni
2.3640817603916795,0.4575065225532927,1.8632317811085388,0.0,0.0,-1.6321210755671676,0.19327439627182333,-0.19178447078436,0.11826961282562494,0.0,0.0,-1.4416495465406447e-05,omni
2.360006126819695,0.4538969746831576,1.8656037701600525,0.0,0.0,-1.632121315067478,0.19262718881605798,-0.19233779719164765,0.11859945257569186,0.0,0.0,-1.1975015518627376e-05,omni
2.355920811141131,0.45030089047748967,1.8679819974877063,0.0,0.0,-1.6321215139145069,0.19198498239093356,-0.19286220743264293,0.1189113663826739,0.0,0.0,-9.942351459124652e-06,omni
2.3518263266596864,0.4467181053413364,1.8703661399035092,0.0,0.0,-1.6321216789319244,0.1913494103329628,-0.1933605037664444,0.11920712079013532,0.0,0.0,-8.250870872083907e-06,omni
2.3477231360809494,0.4431484306836921,1.8727559051302924,0.0,0.0,-1.63212181581159,0.190721826382716,-0.19383513654237564,0.11948826133915597,0.0,0.0,-6.84398329835735e-06,omni
2.343611657967692,0.43959165839530806,1.8751510279268022,0.0,0.0,-1.63212192929887,0.19010334084616362,-0.19428824788741503,0.11975613982548576,0.0,0.0,-5.67436401091742e-06,omni
2.339492272375229,0.4360475647297221,1.8775512667004277,0.0,0.0,-1.6321220233480438,0.18949485291884818,-0.1947217107614372,0.12001193868125917,0.0,0.0,-4.702458657735941e-06,omni
2.335365325758139,0.432515913653927,1.879956400553586,0.0,0.0,-1.6321221012525489,0.18889707941129416,-0.19513716366590542,0.1202566926579231,0.0,0.0,-3.89522526212246e-06,omni
2.3312311352327626,0.42899645973011036,1.8823662267138304,0.0,0.0,-1.6321221657540814,0.18831058014617894,-0.19553604133245103,0.12049130801221979,0.0,0.0,-3.2250766407337116e-06,omni
2.3270899922726627,0.4254889505846522,1.884780558301996,0.0,0.0,-1.6321222191339195,0.18773578031180235,-0.19591960173593076,0.12071657940830291,0.0,0.0,-2.6689919097652315e-06,omni
2.322942165906944,0.4219931290152972,1.887199222397004,0.0,0.0,-1.6321222632893297,0.18717299005756613,-0.1962889497786392,0.12093320475039632,0.0,0.0,-2.2077705346919703e-06,omni
2.318787905484237,0.4185087347822923,1.889622058360102,0.0,0.0,-1.6321222997974587,0.1866224216094967,-0.19664505798336732,0.1211417981549031,0.0,0.0,-1.8254064545419304e-06,omni
2.3146274430583977,0.4150355061243999,1.892048916385319,0.0,0.0,-1.6321223299687249,0.18608420417032248,-0.1969887845166875,0.12134290126085004,0.0,0.0,-1.5085632789762144e-06,omni
2.31046099544568,0.41157318103613466,1.8944796562466133,0.0,0.0,-1.6321223548914148,0.18555839685147887,-0.1973208888430074,0.12153699306472837,0.0,0.0,-1.2461345028143007e-06,omni
2.306288765997295,0.4081214983383597,1.8969141462156422,0.0,0.0,-1.6321223754689185,0.18504499986531023,-0.1976420452866167,0.12172449845143088,0.0,0.0,-1.0288751836106962e-06,omni
2.3021109461259823,0.40468019857053333,1.8993522621272023,0.0,0.0,-1.6321223924507915,0.18454396418584637,-0.19795285475463487,0.1219057955779994,0.0,0.0,-8.490936485789841e-07,omni
2.297927716620408,0.40124902472941837,1.9017938865722412,0.0,0.0,-1.632122406458663,0.18405519986669291,-0.1982538548494987,0.12208122225193109,0.0,0.0,-7.003935936082211e-07,omni
2.2937392487768946,0.3978277228759399,1.904238908200867,0.0,0.0,-1.6321224180078326,0.1835785831853619,-0.19854552857611596,0.12225108143128795,0.0,0.0,-5.774584574548889e-07,omni
2.289545705374165,0.3944160426290881,1.906687221120069,0.0,0.0,-1.632122427525257,0.18311396276515587,-0.19882831182653146,0.12241564596010017,0.0,0.0,-4.758712396894172e-07,omni
2.285347241513364,0.39101373756328683,1.9091387243728637,0.0,0.0,-1.6321224353645376,0.18266116480873207,-0.19910259980417822,0.12257516263972681,0.0,0.0,-3.9196401695736654e-07,omni
2.2811440053426293,0.3876205655234605,1.911593321487364,0.0,0.0,-1.6321224418183848,0.18221999756183557,-0.19936875253067568,0.12272985572502856,0.0,0.0,-3.2269232877842774e-07,omni
2.276936138682841,0.3842362888701054,1.914050920085833,0.0,0.0,-1.6321224471289923,0.18179025511143868,-0.19962709956073643,0.12287992992345177,0.0,0.0,-2.655303772260186e-07,omni
2.2727237775688773,0.380860674664986,1.916511431545141,0.0,0.0,-1.6321224514966652,0.18137172060965173,-0.19987794401503858,0.12302557296540977,0.0,0.0,-2.1838363637716319e-07,omni
2.2685070527186997,0.3774934948066004,1.9189747707012537,0.0,0.0,-1.6321224550869857,0.18096416900322307,-0.20012156602685402,0.12316695780564145,0.0,0.0,-1.795160161012561e-07,omni
2.2642860899408155,0.3741345261232743,1.9214408555914029,0.0,0.0,-1.6321224580367693,0.18056736933815354,-0.20035822568569506,0.12330424450747103,0.0,0.0,-1.4748918647258387e-07,omni
2.2600610104891907,0.3707835504306286,1.9239096072285033,0.0,0.0,-1.6321224604590105,0.18018108669982358,-0.2005881655501532,0.12343758185502118,0.0,0.0,-1.211120573547473e-07,omni
2.255831931373337,0.36744035455919455,1.926380949403151,0.0,0.0,-1.6321224624469857,0.17980508384097593,-0.2008116127923281,0.12356710873237199,0.0,0.0,-9.939873397791625e-08,omni
2.2515989656301874,0.3641047303571166,1.9288548085092174,0.0,0.0,-1.632122464077657,0.17943912254281474,-0.2010287810276681,0.12369295530333592,0.0,0.0,-8.153354332780813e-08,omni
2.2473622225634062,0.3607764746721595,1.931331113389635,0.0,0.0,-1.6321224654144961,0.17908296474828025,-0.20123987187654455,0.12381524402086325,0.0,0.0,-6.684195611539752e-08,omni
2.243121807954917,0.3574553893166132,1.933809795199456,0.0,0.0,-1.632122466509825,0.17873637350114183,-0.20144507629734554,0.12393409049103132,0.0,0.0,-5.476642195855468e-08,omni
2.238877824252751,0.35414128101815423,1.9362907872837172,0.0,0.0,-1.6321224674067507,0.1783991137198384,-0.20164457572519973,0.12404960421304037,0.0,0.0,-4.484629706381539e-08,omni
2.2346303707386728,0.35083396135926387,1.9387740250679883,0.0,0.0,-1.6321224681407749,0.17807095283090105,-0.2018385430455206,0.12416188921357758,0.0,0.0,-3.6701179116305624e-08,omni
2.2303795436785405,0.3475332467074066,1.9412594459598138,0.0,0.0,-1.6321224687411167,0.1777516612832466,-0.2020271434273126,0.12427104459126258,0.0,0.0,-3.001707746053113e-08,omni
2.226125436457889,0.34423895813783717,1.9437469892595056,0.0,0.0,-1.6321224692318153,0.1774410129615664,-0.20221053503751507,0.12437716498460208,0.0,0.0,-2.4534941518765522e-08,omni
2.221868139704868,0.3409509213506148,1.946236596079004,0.0,0.0,-1.6321224696326377,0.17713878551438844,-0.20238886965450878,0.12448034097491367,0.0,0.0,-2.0041149724897406e-08,omni
2.2176077414023116,0.3376689665831571,1.9487282092676834,0.0,0.0,-1.6321224699598307,0.17684476061011617,-0.20256229319620145,0.12458065943398602,0.0,0.0,-1.6359627556708834e-08,omni
2.21334432699048,0.33439292851945573,1.9512217733441795,0.0,0.0,-1.6321224702267367,0.17655872413238696,-0.20273094617579066,0.12467820382479185,0.0,0.0,-1.3345318637602698e-08,omni
2.209077979461734,0.3311226461968964,1.953717234433426,0.0,0.0,-1.6321224704443127,0.1762804663244154,-0.20289496409631724,0.12477305446232574,0.0,0.0,-1.0878779122723479e-08,omni
2.2048087794482503,0.32785796291147357,1.9562145402082376,0.0,0.0,-1.6321224706215465,0.17600978189054428,-0.20305447779342797,0.12486528874057573,0.0,0.0,-8.86170417369839e-09,omni
2.2005368053036816,0.3245987261220614,1.9587136398348524,0.0,0.0,-1.6321224707658104,0.17574647006199368,-0.2032096137343203,0.12495498133072848,0.0,0.0,-7.2132275113684986e-09,omni
2.1962621331795464,0.32134478735429,1.9612144839219507,0.0,0.0,-1.6321224708831479,0.17549033463274494,-0.20336049427961292,0.12504220435493413,0.0,0.0,-5.8668618660865084e-09,omni
2.191984837097003,0.31809600210448474,1.9637170244727369,0.0,0.0,-1.6321224709785067,0.17524118397059524,-0.20350723791383715,0.12512702753929558,0.0,0.0,-4.7679705001916046e-09,omni
2.1877049890145632,0.3148522297440465,1.9662212148397205,0.0,0.0,-1.6321224710559399,0.17499883100765068,-0.20364995944935818,0.1252095183491866,0.0,0.0,-3.87167859436856e-09,omni
2.1834226588922165,0.31161333342458275,1.968727009681911,0.0,0.0,-1.632122471118762,0.17476309321387162,-0.20378877020777944,0.12528974210952498,0.0,0.0,-3.1411487861929143e-09,omni
2.179137914752365,0.3083791799840442,1.971234364924155,0.0,0.0,-1.6321224711696858,0.17453379255672596,-0.20392377818224613,0.12536776211222284,0.0,0.0,-2.5461580420580706e-09,omni
2.1748508227379006,0.3051496398540712,1.9737432377184085,0.0,0.0,-1.6321224712109241,0.17431075544953237,-0.20405508818352414,0.12544363971269146,0.0,0.0,-2.061923765198445e-09,omni
2.1705614471677226,0.3019245869687172,1.976253586406748,0.0,0.0,-1.6321224712442863,0.17409381269067287,-0.20418280197227337,0.12551743441698826,0.0,0.0,-1.6681359541209945e-09,omni
2.1662698505899267,0.29870389867467884,1.9787653704859667,0.0,0.0,-1.6321224712712494,0.173882799395511,-0.2043070183795503,0.12558920396094608,0.0,0.0,-1.3481596294747536e-09,omni
2.1619760938328834,0.2954874556431353,1.981278550573615,0.0,0.0,-1.6321224712930167,0.17367755492256148,-0.2044278334172484,0.12565900438241706,0.0,0.0,-1.0883778954786017e-09,omni
2.1576802360543783,0.29227514178327574,1.9837930883753672,0.0,0.0,-1.6321224713105702,0.17347792279521212,-0.2045453403799129,0.12572689008758708,0.0,0.0,-8.776511050558308e-10,omni
2.1533823347889673,0.2890668441575724,1.9863089466536101,0.0,0.0,-1.6321224713247078,0.17328375062008763,-0.20465962993913508,0.12579291391216846,0.0,0.0,-7.068718314636829e-10,omni
2.1490824459936806,0.2858624528988393,1.988826089197173,0.0,0.0,-1.63212247133608,0.1730948900029702,-0.20477079023153866,0.12585712717815256,0.0,0.0,-5.685988599460646e-10,omni
2.1447806240921845,0.28266186112910524,1.9913444807921066,0.0,0.0,-1.6321224713452145,0.17291119646304098,-0.2048789069412068,0.12591957974669848,0.0,0.0,-4.567563228697429e-10,omni
2.1404769220175,0.2794649648803134,1.9938640871934592,0.0,0.0,-1.632122471352542,0.1727325293460797,-0.2049840633772639,0.1259803200676448,0.0,0.0,-3.663865126352885e-10,omni
2.1361713912533684,0.2762716630168553,1.99638487509798,0.0,0.0,-1.632122471358411,0.17255875173715313,-0.20508634054721006,0.12603939522605623,0.0,0.0,-2.9344690306768104e-10,omni
2.131864081874328,0.2730818571599332,1.998906812117703,0.0,0.0,-1.6321224713631042,0.17238973037323277,-0.2051858172265119,0.1260968509861537,0.0,0.0,-2.346435624635354e-10,omni
2.1275550425845813,0.2698954516137433,2.001429866754361,0.0,0.0,-1.6321224713668494,0.17222533555610425,-0.2052825700248721,0.12615273183292355,0.0,0.0,-1.8729450862549226e-10,omni
2.1232443207557017,0.2667123532934625,2.003954008374594,0.0,0.0,-1.632122471369834,0.17206544106586869,-0.20537667344953367,0.12620708101165617,0.0,0.0,-1.4921768679007626e-10,omni
2.1189319624632335,0.26353247165502036,2.0064792071859068,0.0,0.0,-1.6321224713722065,0.17190992407527947,-0.20546819996591942,0.12625994056562728,0.0,0.0,-1.1863918585814113e-10,omni
2.114618012522236,0.26035571862663126,2.0090054342133485,0.0,0.0,-1.6321224713740887,0.17175866506511414,-0.2055572200558588,0.12631135137210342,0.0,0.0,-9.41180804117684e-11,omni
2.110302514521807,0.257182008542061,2.011532661276885,0.0,0.0,-1.6321224713755784,0.171611547740741,-0.20564380227361762,0.12636135317682637,0.0,0.0,-7.448492358178946e-11,omni
2.1059855108586354,0.25401125807559877,2.0140608609694266,0.0,0.0,-1.6321224713767541,0.17146845895000817,-0.2057280132999113,0.12640998462710895,0.0,0.0,-5.87914420970114e-11,omni
2.101667042769605,0.2508433861787037,2.0165900066355005,0.0,0.0,-1.6321224713776799,0.17132928860255542,-0.2058099179940574,0.12645728330365613,0.0,0.0,-4.626941902790148e-11,omni
2.0973471503634924,0.24767831401829432,2.019120072350525,0.0,0.0,-1.6321224713784057,0.17119392959062607,-0.2058895794443985,0.12650328575120928,0.0,0.0,-3.6297107775864735e-11,omni
2.0930258726517845,0.24451596491664696,2.0216510329006874,0.0,0.0,-1.6321224713789737,0.17106227771143712,-0.20596705901711013,0.1265480275080983,0.0,0.0,-2.8371815965594375e-11,omni
2.0887032475786462,0.24135626429287044,2.0241828637633827,0.0,0.0,-1.6321224713794158,0.17093423159114968,-0.2060424164034905,0.12659154313477505,0.0,0.0,-2.2087541015558663e-11,omni
2.0843793120500624,0.23819913960592193,2.0267155410882105,0.0,0.0,-1.6321224713797582,0.17080969261046783,-0.20611570966581758,0.12663386624139278,0.0,0.0,-1.7116739350963967e-11,omni
2.0800541019621814,0.2350445202991297,2.0292490416784994,0.0,0.0,-1.6321224713800224,0.1706885648318836,-0.2061869952818474,0.1266750295144868,0.0,0.0,-1.3195475982624641e-11,omni
2.0757276522288857,0.23189233774618834,2.031783342973356,0.0,0.0,-1.6321224713802245,0.1705707549285756,-0.20625632818801848,0.12671506474280708,0.0,0.0,-1.0111336706400222e-11,omni
2.071399996808604,0.22874252519859145,2.0343184230302023,0.0,0.0,-1.632122471380379,0.1704561721149616,-0.20632376182142043,0.12675400284234584,0.0,0.0,-7.693596609316525e-12,omni
2.067071168730399,0.22559501773446833,2.036854260507815,0.0,0.0,-1.6321224713804954,0.17034472807889833,-0.2063893481605778,0.12679187388059993,0.0,0.0,-5.805230138108254e-12,omni
2.062741200119339,0.22244975220878946,2.0393908346498173,0.0,0.0,-1.6321224713805824,0.17023633691551734,-0.2064531377650954,0.1268287071001029,0.0,0.0,-4.336423194377065e-12,omni
2.0584101222211846,0.21930666720490813,2.0419281252686425,0.0,0.0,-1.632122471380646,0.17013091506268047,-0.20651517981420706,0.1268645309412585,0.0,0.0,-3.1993094581599676e-12,omni
2.0540779654263996,0.21616570298740426,2.0444661127299324,0.0,0.0,-1.6321224713806926,0.1700283812380355,-0.20657552214426594,0.12689937306450447,0.0,0.0,-2.3237037936896775e-12,omni
2.0497447592935116,0.2130268014561982,2.0470047779373695,0.0,0.0,-1.6321224713807263,0.16992865637764953,-0.20663421128521162,0.12693326037183317,0.0,0.0,-1.653647124998184e-12,omni
2.0454105325718355,0.2098899061019018,2.0495441023179226,0.0,0.0,-1.6321224713807496,0.1698316635761954,-0.2066912924960465,0.12696621902769278,0.0,0.0,-1.1446112069052428e-12,omni
2.041075313223583,0.20675496196237553,2.0520840678075083,0.0,0.0,-1.6321224713807652,0.16973732802866454,-0.20674680979935212,0.12699827447929218,0.0,0.0,-7.612395955988277e-13,omni
2.03673912844537,0.20362191558046028,2.0546246568370354,0.0,0.0,-1.6321224713807743,0.16964557697357824,-0.2068008060148734,0.12702945147632966,0.0,0.0,-4.755239434953527e-13,omni
2.032402004689135,0.20049071496285364,2.0571658523188394,0.0,0.0,-1.6321224713807796,0.16955633963766834,-0.20685332279219876,0.12705977409016528,0.0,0.0,-2.653334118070681e-13,omni
2.028063967682495,0.19736130954010056,2.059707637633489,0.0,0.0,-1.632122471380782,0.1694695471819977,-0.20690440064256052,0.12708926573245505,0.0,0.0,-1.1323025710904237e-13,omni
2.0237250424485462,0.19423365012766958,2.0622499966169543,0.0,0.0,-1.632122471380782,0.16938513264948962,-0.2069540789697813,0.1271179491732642,0.0,0.0,-5.517118614106164e-15,omni
2.019385253325122,0.1911076888880857,2.064792913548127,0.0,0.0,-1.632122471380781,0.16930303091383642,-0.20700239610038856,0.12714584655867578,0.0,0.0,6.852828492613235e-14,omni
2.0150446239835342,0.18798337929409226,2.0673363731366856,0.0,0.0,-1.6321224713807783,0.1692231786297553,-0.20704938931292052,0.12717297942791006,0.0,0.0,1.172670314950906e-13,omni
2.0107031774467994,0.18486067609281465,2.0698803605112848,0.0,0.0,-1.6321224713807756,0.1691455141845612,-0.20709509486644515,0.1271993687299695,0.0,0.0,1.4719065352503583e-13,omni
2.006360936107366,0.1817395352708988,2.072424861208081,0.0,0.0,-1.6321224713807718,0.16906997765102588,-0.20713954802831264,0.12722503483982334,0.0,0.0,1.633142653349767e-13,omni
2.002017921744368,0.17861991402059885,2.074969861159565,0.0,0.0,-1.6321224713807678,0.16899651074149263,-0.2071827831011622,0.1272499975741454,0.0,0.0,1.6949035414189933e-13,omni
1.997674155540399,0.17550177070678885,2.0775153466836973,0.0,0.0,-1.632122471380764,0.16892505676321604,-0.20722483344920234,0.12727427620661808,0.0,0.0,1.6865877186572477e-13,omni
1.9933296580978375,0.17238506483487284,2.0800613044733542,0.0,0.0,-1.63212247138076,0.16885556057489687,-0.20726573152378386,0.12729788948281484,0.0,0.0,1.6304549230371145e-13,omni
1.9889844494547197,0.16926975701957062,2.0826077215860477,0.0,0.0,-1.6321224713807574,0.168787968544383,-0.2073055088882842,0.12732085563467346,0.0,0.0,1.5432028363224556e-13,omni
1.984638549100185,0.1661558089545542,2.0851545854339393,0.0,0.0,-1.6321224713807547,0.16872222850750665,-0.2073441962423212,0.1273431923945713,0.0,0.0,1.4372148652388297e-13,omni
1.9802919759894964,0.16304318338291315,2.08770188377412,0.0,0.0,-1.632122471380752,0.16865828972802943,-0.20738182344531353,0.12736491700901403,0.0,0.0,1.3215449914019293e-13,omni
1.975944748558654,0.159931844068426,2.0902496046991588,0.0,0.0,-1.6321224713807496,0.16859610285866722,-0.20741841953940532,0.12738604625194885,0.0,0.0,1.2026928296942818e-13,omni
1.9715968847386083,0.15682175576761584,2.092797736627914,0.0,0.0,-1.632122471380747,0.168535619903167,-0.20745401277177133,0.12740659643771207,0.0,0.0,1.0852116163711474e-13,omni
1.9672484019690841,0.15371288420256926,2.0953462682965864,0.0,0.0,-1.6321224713807456,0.16847679417940847,-0.2074886306163193,0.12742658343362176,0.0,0.0,9.721834248233123e-14,omni
1.9628993172120317,0.1506051960344979,2.0978951887500306,0.0,0.0,-1.6321224713807443,0.16841958028350432,-0.20752229979480483,0.1274460226722251,0.0,0.0,8.655891038384352e-14,omni
1.9585500700143335,0.14749839688634642,2.1004447038216356,0.0,0.0,-1.6321224713807432,0.16837571062987605,-0.20753313085861452,0.12747575358026542,0.0,0.0,7.665949448701388e-14,omni
1.954201769572501,0.14439177834358213,2.102995362549678,0.0,0.0,-1.6321224713807418,0.16836379611112423,-0.20748643549827409,0.12753293640211422,0.0,0.0,6.757736623821672e-14,omni
1.949855968611837,0.14128435797654565,2.10554794142848,0.0,0.0,-1.6321224713807405,0.1683961525848631,-0.2073592392746778,0.12762894394015978,0.0,0.0,5.932737122184406e-14,omni
1.9455144774536588,0.1381749945580099,2.108103349159713,0.0,0.0,-1.6321224713807392,0.16847991563011738,-0.20713819998236846,0.12777038656161363,0.0,0.0,5.1894811240580903e-14,omni
1.9411792280649898,0.13506247244527875,2.1106625568876365,0.0,0.0,-1.6321224713807378,0.16861842625646936,-0.20681701873221414,0.12796038639615553,0.0,0.0,4.5245163493339136e-14,omni
1.9368521762726567,0.13194556244140204,2.1132265478732166,0.0,0.0,-1.6321224713807365,0.16881228778696836,-0.206394463241204,0.1281995492789944,0.0,0.0,3.9331339715055174e-14,omni
1.9325352329795604,0.12882306478530942,2.1157962819379503,0.0,0.0,-1.6321224713807354,0.169060168858621,-0.20587286568603352,0.12848670323666256,0.0,0.0,3.409904092805006e-14,omni
1.9282302172932233,0.12569383862917288,2.118372671075648,0.0,0.0,-1.6321224713807354,0.16935941064318144,-0.20525698774033624,0.128819456884921,0.0,0.0,2.949064586629455e-14,omni
1.9239388260924402,0.12255682135986617,2.1209565634580643,0.0,0.0,-1.6321224713807354,0.1697064833150138,-0.20455316909318363,0.12919461912079416,0.0,0.0,2.5447977382034245e-14,omni
1.919662615816321,0.1194110403452796,2.1235487337016363,0.0,0.0,-1.6321224713807354,0.17009732664221877,-0.20376869426503116,0.12960851217861424,0.0,0.0,2.1914216544957277e-14,omni
1.9154029932391523,0.11625561908514453,2.126149877759389,0.0,0.0,-1.6321224713807354,0.17052760169918124,-0.20291132701459097,0.13005720288763895,0.0,0.0,1.8835174912111965e-14,omni
1.911161212755309,0.11308977928081543,2.1287606111864528,0.0,0.0,-1.6321224713807354,0.1709928745858108,-0.20198897294245258,0.1305366713531896,0.0,0.0,1.6160088526271218e-14,omni
1.9069383782887053,0.10991283997874007,2.131381469824936,0.0,0.0,-1.6321224713807354,0.1714887482967054,-0.20100943973146362,0.13104293192415978,0.0,0.0,1.384206012728754e-14,omni
1.902735448398414,0.10672421466449633,2.134012912183478,0.0,0.0,-1.6321224713807354,0.17201095520588874,-0.19998027135819768,0.13157211792708262,0.0,0.0,1.183824685061874e-14,omni
1.8985532435054207,0.1035234069699264,2.1366553229639362,0.0,0.0,-1.6321224713807354,0.17255541978162964,-0.1989086379860849,0.13212053902295304,0.0,0.0,1.010986774331811e-14,omni
1.8943924544378496,0.10031000549079583,2.1393090173241043,0.0,0.0,-1.6321224713807354,0.17311829893625275,-0.19780126743946902,0.13268471800837725,0.0,0.0,8.622087468095398e-15,omni
1.890253651701469,0.09708367808546609,2.14197424557022,0.0,0.0,-1.6321224713807354,0.17369600570418703,-0.19666440741791696,0.13326141230577276,0.0,0.0,7.343818562024087e-15,omni
1.8861372950427098,0.09384416592769124,2.14465119805354,0.0,0.0,-1.6321224713807354,0.17428522061624796,-0.1955038101443562,0.13384762416598533,0.0,0.0,6.247473744345254e-15,omni
1.8820437429938968,0.0905912775121544,2.1473400101067672,0.0,0.0,-1.6321224713807354,0.17488289411271712,-0.19432473310788695,0.13444060266134,0.0,0.0,5.30869136894342e-15,omni
1.8779732621833778,0.08732488275455935,2.150040766903088,0.0,0.0,-1.6321224713807354,0.1754862425449288,-0.1931319510867677,0.13503783981604006,0.0,0.0,4.506050665723894e-15,omni
1.8739260362634143,0.084044907284965,2.152753508156208,0.0,0.0,-1.6321224713807354,0.17609273970260572,-0.19192977581643458,0.13563706265598266,0.0,0.0,3.820788492480477e-15,omni
1.8699021743613071,0.08075132700047266,2.155478232606692,0.0,0.0,-1.6321224713807354,0.17670010533158267,-0.1907220805776524,0.13623622252419693,0.0,0.0,3.2365255919276504e-15,omni
1.8659017189982927,0.07744416291892747,2.1582149022601382,0.0,0.0,-1.6321224713807354,0.17730629174237364,-0.18951232768057125,0.1368334826722722,0.0,0.0,2.73900755323983e-15,omni
1.8619246534494012,0.07412347635709743,2.160963446357736,0.0,0.0,-1.6321224713807354,0.17790946932986249,-0.1883035973581504,0.13742720487984195,0.0,0.0,2.3158636046619832e-15,omni
1.8579709085382132,0.07078936444339579,2.1637237650708543,0.0,0.0,-1.6321224713807354,0.17850801160929483,-0.1870986169934945,0.1380159356559602,0.0,0.0,1.956384848553045e-15,omni
1.85404036887512,0.06744195596548441,2.1664957329193446,0.0,0.0,-1.6321224713807354,0.17910048020901714,-0.18589978991854797,0.13859839242449096,0.0,0.0,1.6513224627661878e-15,omni
1.8501328785578026,0.06408140754617025,2.169279201918942,0.0,0.0,-1.6321224713807354,0.17968561013464823,-0.18470922325847874,0.1391734499799015,0.0,0.0,1.3927056307182733e-15,omni
1.8462482463593222,0.06070790013620749,2.172074004467181,0.0,0.0,-1.6321224713807354,0.18026229552373446,-0.1835287544742485,0.13974012741193872,0.0,0.0,1.1736784472581323e-15,omni
1.842386250433307,0.057321635809427944,2.174879955979805,0.0,0.0,-1.6321224713807354,0.1808295760375687,-0.1823599763887775,0.14029757563123121,0.0,0.0,9.883547165498035e-16,omni
1.8385466425679373,0.053922834843636684,2.1776968572913646,0.0,0.0,-1.6321224713807354,0.1813866239824259,-0.18120426058025024,0.14084506557798437,0.0,0.0,8.316893636321217e-16,omni
1.8347291520212685,0.050511733069624996,2.1805244968345403,0.0,0.0,-1.6321224713807354,0.18193273221186068,-0.1800627790976187,0.14138197715880488,0.0,0.0,6.993650860932834e-16,omni
1.8309334889702702,0.04708857947022709,2.1833626526131273,0.0,0.0,-1.6321224713807354,0.18246730283172694,-0.17893652450456252,0.14190778892934897,0.0,0.0,5.876928480552049e-16,omni
1.8271593476051338,0.04365363401140273,2.1862110939835397,0.0,0.0,-1.6321224713807354,0.18298983670773802,-0.17782632829395897,0.14242206852064593,0.0,0.0,4.935248438280363e-16,omni
1.82340640889908,0.04020716568772439,2.1890695832593967,0.0,0.0,-1.6321224713807354,0.1834999237597739,-0.17673287773908353,0.1429244637928313,0.0,0.0,4.14178616898163e-16,omni
1.819674343082325,0.036749450765279544,2.1919378771532014,0.0,0.0,-1.6321224713807354,0.18399723401627083,-0.1756567312632278,0.14341469469025966,0.0,0.0,3.473710992017078e-16,omni
1.8159628118470656,0.03328077120578773,2.194815728068511,0.0,0.0,-1.6321224713807354,0.18448150939475438,-0.17459833241843115,0.14389254576549748,0.0,0.0,2.911614269475781e-16,omni
1.812271470308519,0.029801413256617136,2.1977028852552256,0.0,0.0,-1.6321224713807354,0.18495255617001163,-0.1735580225682966,0.14435785933570122,0.0,0.0,2.4390148608273793e-16,omni
1.8085999687451826,0.026311666192321885,2.200599095839881,0.0,0.0,-1.6321224713807354,0.18541023808885815,-0.1725360523707224,0.14481052923273616,0.0,0.0,2.041932382096702e-16,omni
1.8049479541396412,0.02281182119427725,2.203504105742033,0.0,0.0,-1.6321224713807354,0.18585447008941355,-0.17153259215482125,0.14525049510760119,0.0,0.0,1.7085197317106388e-16,omni
1.8013150715394894,0.019302170355940527,2.206417660487031,0.0,0.0,-1.6321224713807354,0.18628521258285402,-0.17054774128308398,0.1456777372499229,0.0,0.0,1.4287472548326896e-16,omni
1.7977009652562657,0.01578300580219407,2.209339505924714,0.0,0.0,-1.6321224713807354,0.18670246625644746,-0.16958153658553554,0.14609227188418383,0.0,0.0,1.194131770022607e-16,omni
1.7941052799186863,0.012254618912121713,2.2122693888628295,0.0,0.0,-1.6321224713807354,0.18710626735806365,-0.16863395994765795,0.1464941469057383,0.0,0.0,9.975044690676952e-17,omni
1.7905276613950123,0.008717299635423288,2.215207057623257,0.0,0.0,-1.6321224713807354,0.18749668342410575,-0.16770494512852263,0.14688343802137965,0.0,0.0,8.328124197175972e-17,omni
1.7869677575979963,0.005171335893478966,2.2181522625284793,0.0,0.0,-1.6321224713807354,0.18787380941479598,-0.1667943838801178,0.14726024526113318,0.0,0.0,6.949490517188088e-17,omni
1.7834252191845967,0.0016170130568330956,2.221104756325078,0.0,0.0,-1.6321224713807354,0.1882377642228658,-0.1659021314334302,0.14762468982996607,0.0,0.0,5.796095909620476e-17,omni
1.7798997001614703,-0.0019453865084244413,2.2240642945504807,0.0,0.0,-1.6321224713807354,0.18858868752387214,-0.16502801141156118,0.1479769112701595,0.0,0.0,4.831679280592198e-17,omni
1.776390858406203,-0.005515583832242575,2.227030635848623,0.0,0.0,-1.6321224713807354,0.18892673693853132,-0.16417182022510102,0.1483170649071324,0.0,0.0,4.0257187042519945e-17,omni
1.7728983561132565,-0.009093303676412024,2.2300035422396935,0.0,0.0,-1.6321224713807354,0.18925208547959285,-0.16333333100019598,0.1486453195535029,0.0,0.0,3.3525413556831137e-17,omni
1.769421860172726,-0.012678274820276062,2.232982779348655,0.0,0.0,-1.6321224713807354,0.18956491925783509,-0.16251229708525364,0.14896185544809812,0.0,0.0,2.790568025764793e-17,omni
1.7659610424891932,-0.016270230301519074,2.235968116596825,0.0,0.0,-1.6321224713807354,0.18986543542373724,-0.1617084551780502,0.14926686240846015,0.0,0.0,2.3216725348034497e-17,omni
1.7625143903338658,-0.01987049154254893,2.238960648087423,0.0,0.0,-1.6321224713807354,0.19023653408995606,-0.16097605817681998,0.14962657452992,0.0,0.0,1.9306391087624408e-17,omni
1.7590797454170282,-0.023481251231463985,2.2419621946409287,0.0,0.0,-1.6321224713807354,0.19072367489578482,-0.16034465355564861,0.1500773276753341,0.0,0.0,1.6047031724889157e-17,omni
1.7556556027021626,-0.0271038448021361,2.244973862493041,0.0,0.0,-1.6321224713807354,0.19128207388605598,-0.1597842670132289,0.1505833926055757,0.0,0.0,1.3331630889414863e-17,omni
1.7522409412614024,-0.03073897587533284,2.2479962312670385,0.0,0.0,-1.6321224713807354,0.1918787162959559,-0.15927267473879225,0.15111843869988983,0.0,0.0,1.1070521692769538e-17,omni
1.7488350940097603,-0.03438688987769651,2.2510294987355786,0.0,0.0,-1.6321224713807354,0.1924896511752175,-0.1587936219306031,0.1516633734269605,0.0,0.0,9.188618296176702e-18,omni
1.7454376479970743,-0.03804750692291834,2.2540735916143437,0.0,0.0,-1.6321224713807354,0.19309786468631224,-0.15833542261857259,0.15220464393824623,0.0,0.0,7.62308106939799e-18,omni
1.7420483686365011,-0.04172052277587721,2.2571282497425824,0.0,0.0,-1.6321224713807354,0.19369161390184073,-0.15788986289289828,0.15273290641193837,0.0,0.0,6.321348961575471e-18,omni
1.738667142612332,-0.04540548490419866,2.2601930894910365,0.0,0.0,-1.6321224713807354,0.19426312627651854,-0.15745134503547548,0.15324198742268413,0.0,0.0,5.2394825748688986e-18,omni
1.7352939353026435,-0.04910184916645661,2.2632676510243592,0.0,0.0,-1.6321224713807354,0.19480758882026336,-0.1570162224791244,0.15372807666617233,0.0,0.0,4.34076989123828e-18,omni
1.7319287594263508,-0.05280902152218043,2.266351433074503,0.0,0.0,-1.6321224713807354,0.195322366200428,-0.1565822855416002,0.1541891025072089,0.0,0.0,3.5945538417880146e-18,omni
1.7285716523221246,-0.05652638821929285,2.2694439181064525,0.0,0.0,-1.6321224713807354,0.1958063992450028,-0.1561483659530812,0.15462425159746201,0.0,0.0,2.9752470936006155e-18,omni
1.7252226598228775,-0.06025333717371654,2.2725445901399355,0.0,0.0,-1.6321224713807354,0.19625974516757552,-0.15571403468856132,0.15503360167418642,0.0,0.0,2.4615047069202196e-18,omni
1.7218818251319117,-0.0639892726665471,2.2756529469993247,0.0,0.0,-1.6321224713807354,0.19668322874672028,-0.15527937283212867,0.15541784296947164,0.0,0.0,2.0355298131592218e-18,omni
1.7185491814579625,-0.06773362501641735,2.2787685083738816,0.0,0.0,-1.6321224713807354,0.19707818003916075,-0.15484479938370077,0.15577806872786487,0.0,0.0,1.6824912921150925e-18,omni
1.7152247474443507,-0.07148585651427243,2.281890820761675,0.0,0.0,-1.6321224713807354,0.1974462392893915,-0.1544109432694488,0.1561156193896622,0.0,0.0,1.390035680896683e-18,omni
1.711908524647005,-0.07524546461523114,2.28501946012654,0.0,0.0,-1.6321224713807354,0.19778921376326455,-0.15397854949631373,0.15643196824324818,0.0,0.0,1.147878310303165e-18,omni
1.7086004964889738,-0.07901198315181314,2.288154032905361,0.0,0.0,-1.6321224713807354,0.19810897447773843,-0.15354841152949403,0.1567286389410149,0.0,0.0,9.474610083350066e-19,omni
1.705300628254747,-0.08278498215193587,2.291294175852118,0.0,0.0,-1.6321224713807354,0.19840738338413408,-0.15312132367545522,0.15700714733784848,0.0,0.0,7.8166569676583e-19,omni
1.7020088677938217,-0.08656406670357915,2.29443955508717,0.0,0.0,-1.6321224713807354,0.19868624361771292,-0.1526980486075048,0.15726896175264238,0.0,0.0,6.445748882272336e-19,omni
1.6987251466856452,-0.09034887519774638,2.297589864628281,0.0,0.0,-1.6321224713807354,0.19894726705710247,-0.1522792962454621,0.1575154770555662,0.0,0.0,5.312715134926159e-19,omni
1.6954493816821958,-0.09413907719580301,2.30074482460857,0.0,0.0,-1.6321224713807354,0.19919205472770568,-0.15186571105125296,0.1577479990144895,0.0,0.0,4.376717105087125e-19,omni
1.6921814762939194,-0.09793437110123966,2.30390417933152,0.0,0.0,-1.6321224713807354,0.19942208660197658,-0.15145786547336035,0.1579677361475294,0.0,0.0,3.603852214978426e-19,omni
1.6889213224227342,-0.10173448176523166,2.307067695270901,0.0,0.0,-1.6321224713807354,0.19963871815126297,-0.15105625780118415,0.15817579696902423,0.0,0.0,2.9659890056250145e-19,omni
1.6856688019746977,-0.10553915811674182,2.3102351590912726,0.0,0.0,-1.6321224713807354,0.19984318163296902,-0.1506613131046194,0.15837319101859884,0.0,0.0,2.439795559061321e-19,omni
1.6824237884067956,-0.10934817087870709,2.3134063757403873,0.0,0.0,-1.6321224713807354,0.20003659058853504,-0.15027338625793063,0.1585608324557039,0.0,0.0,2.00592958684735e-19,omni
1.6791861481786616,-0.11316131040997814,2.3165811666465435,0.0,0.0,-1.6321224713807354,0.2002199464105951,-0.14989276629901857,0.15873954530777118,0.0,0.0,1.6483636218590515e-19,omni
1.6759557420921192,-0.11697838469649298,2.319759368040485,0.0,0.0,-1.6321224713807354,0.20039414613440815,-0.14951968157044415,0.1589100696971105,0.0,0.0,1.3538230541799919e-19,omni
1.6727324265102392,-0.12079921750336083,2.3229408294115736,0.0,0.0,-1.6321224713807354,0.20055999083744497,-0.14915430523907766,0.15907306855439143,0.0,0.0,1.1113183694889431e-19,omni
1.669516054453904,-0.12462364669108596,2.326125412100906,0.0,0.0,-1.6321224713807354,0.20071819420635667,-0.14879676090653748,0.15922913446659132,0.0,0.0,9.117559870116334e-20,omni
1.6663064765782234,-0.12845152269327256,2.329312988029184,0.0,0.0,-1.6321224713807354,0.2008693909639919,-0.1484471281102823,0.15937879641386782,0.0,0.0,7.476146448587988e-20,omni
1.663103542034088,-0.1322827071491897,2.3325034385537884,0.0,0.0,-1.6321224713807354,0.20101414494984374,-0.14810544758136734,0.1595225262302521,0.0,0.0,6.126764203948914e-20,omni
1.6599070992219944,-0.1361170716820578,2.3356966534474517,0.0,0.0,-1.6321224713807354,0.20115295672256195,-0.14777172617426082,0.15966074468316688,0.0,0.0,5.018032672652901e-20,omni
1.656716996446329,-0.139954496812464,2.3388925299896752,0.0,0.0,-1.6321224713807354,0.20128627060870644,-0.14744594142052675,0.15979382711113604,0.0,0.0,4.107514538424644e-20,omni
1.6535330824787724,-0.14379487099563085,2.342090972161501,0.0,0.0,-1.6321224713807354,0.2014144811622804,-0.14712804568460203,0.1599221085912933,0.0,0.0,3.3601754654585855e-20,omni
1.6503552070395597,-0.14763808977113393,2.3452918899341264,0.0,0.0,-1.6321224713807354,0.2015379390283219,-0.1468179699186743,0.1600458886312568,0.0,0.0,2.7471063488939544e-20,omni
1.647183221205118,-0.15148405501391463,2.3484951986420435,0.0,0.0,-1.6321224713807354,0.20165695622374627,-0.14651562702664217,0.160165435395847,0.0,0.0,2.2444637620103443e-20,omni
1.6440169777501905,-0.15533267427593914,2.3517008184318375,0.0,0.0,-1.6321224713807354,0.20177181086189389,-0.1462209148557443,0.16028098948972175,0.0,0.0,1.8325917451827668e-20,omni
1.6408563314320437,-0.15918386020851952,2.35490867377831,0.0,0.0,-1.6321224713807354,0.2018827513555423,-0.1459337188397934,0.16039276732363994,0.0,0.0,1.4952942356597663e-20,omni
1.6377011392237664,-0.16303753005606694,2.358118693060226,0.0,0.0,-1.6321224713807354,0.201990000137797,-0.14565391432090885,0.16050096409578873,0.0,0.0,1.219232576231713e-20,omni
1.634551260503058,-0.1668936052128395,2.3613308081886495,0.0,0.0,-1.6321224713807354,0.20209375694228973,-0.14538136857786602,0.16060575642122216,0.0,0.0,9.93426830000683e-21,omni
1.6314065572022887,-0.1707520108350418,2.364544954281501,0.0,0.0,-1.6321224713807354,0.20219420168425387,-0.14511594258918442,0.16070730464257632,0.0,0.0,8.08843206443799e-21,omni
1.6282668939250236,-0.17461267550140794,2.3677610693785867,0.0,0.0,-1.6321224713807354,0.2022914969829014,-0.14485749255823765,0.16080575485431509,0.0,0.0,6.5805288717346255e-21,omni
1.6251321380336357,-0.17847553091613447,2.3709790941920095,0.0,0.0,-1.6321224713807354,0.20238579036352988,-0.14460587122627938,0.16090124067117045,0.0,0.0,5.349500258594522e-21,omni
1.622002159712111,-0.18234051164871704,2.3741989718873975,0.0,0.0,-1.6321224713807354,0.2024772161752705,-0.14436092899755268,0.16099388476943338,0.0,0.0,4.345187675109749e-21,omni
1.6188768320076539,-0.1862075549058784,2.3774206478919475,0.0,0.0,-1.6321224713807354,0.2025658972575865,-0.14412251489874478,0.16108380022751756,0.0,0.0,3.526408562611761e-21,omni
1.6157560308542729,-0.1900766003313529,2.380644069725746,0.0,0.0,-1.6321224713807354,0.20265194638572054,-0.14389047739307542,0.16117109168989613,0.0,0.0,2.859368353327299e-21,omni
1.6126396350811143,-0.193947589829816,2.38386918685327,0.0,0.0,-1.6321224713807354,0.20273546752238988,-0.14366466506734793,0.16125585637619738,0.0,0.0,2.3163503600146007e-21,omni
1.609527526407964,-0.1978204674117148,2.38709595055237,0.0,0.0,-1.6321224713807354,0.20281655690022218,-0.14344492720839974,0.1613381849550077,0.0,0.0,1.8746354426369837e-21,omni
1.6064195894300102,-0.2016951790561752,2.390324313798367,0.0,0.0,-1.6321224713807354,0.2028953039567693,-0.14323111428359925,0.16141816229981015,0.0,0.0,1.5156115810728305e-21,omni
1.603315711593681,-0.20557167258953005,2.393554231161217,0.0,0.0,-1.6321224713807354,0.20297179214146094,-0.14302307833837008,0.16149586814251304,0.0,0.0,1.2240403281519002e-21,omni
1.6002157831651223,-0.2094498975773416,2.396785658713981,0.0,0.0,-1.6321224713807354,0.20304609961158449,-0.1428206733221925,0.16157137763820548,0.0,0.0,9.874527999616921e-22,omni
1.5971196971926591,-0.21332980522807724,2.400018553951043,0.0,0.0,-1.6321224713807354,0.20311829983230473,-0.1426237553531385,0.16164476185312454,0.0,0.0,7.956525756571738e-22,omni
1.5940273494643928,-0.21721134830685,2.403252875714769,0.0,0.0,-1.6321224713807354,0.2031884620938678,-0.14243218292973936,0.16171608818632635,0.0,0.0,6.403067897945551e-22,omni
1.5909386384619217,-0.2210944810578556,2.4064885841294523,0.0,0.0,-1.6321224713807354,0.20325665195745882,-0.14224581709785916,0.16178542073421606,0.0,0.0,5.146099422565277e-22,omni
1.5878534653110232,-0.22497915913432623,2.4097256405415703,0.0,0.0,-1.6321224713807354,0.20332293163969045,-0.14206452157924443,0.1618528206059026,0.0,0.0,4.1300763725672453e-22,omni
1.5847717337300116,-0.22886533953499058,2.412964007465496,0.0,0.0,-1.6321224713807354,0.20338736034437838,-0.1418881628675316,0.16191834619628853,0.0,0.0,3.3096968790338345e-22,omni
1.5816933499763832,-0.2327529805461699,2.4162036485339535,0.0,0.0,-1.6321224713807354,0.20344999454909615,-0.14171661029671156,0.161982053422877,0.0,0.0,2.6480386477361564e-22,omni
1.578618222792248,-0.23664204168876515,2.419444528452582,0.0,0.0,-1.6321224713807354,0.20351088825297844,-0.1415497360863626,0.16204399593146124,0.0,0.0,2.1150309113217682e-22,omni
1.5755462633489887,-0.24053248366949767,2.4226866129580853,0.0,0.0,-1.6321224713807354,0.2035700931913475,-0.14138741536736077,0.16210422527514895,0.0,0.0,1.6862014806666185e-22,omni
1.5724773851915035,-0.24442426833585565,2.425929868779497,0.0,0.0,-1.6321224713807354,0.2036276590219583,-0.14122952619125362,0.1621627910705512,0.0,0.0,1.3416499499083196e-22,omni
1.569411504182337,-0.24831735863427964,2.4291742636021856,0.0,0.0,-1.6321224713807354,0.2036836334869799,-0.14107594952602504,0.16221974113442497,0.0,0.0,1.0652067214589434e-22,omni
1.5663485384459432,-0.25221171857118685,2.432419766034258,0.0,0.0,-1.6321224713807354,0.2037380625542426,-0.14092656924058494,0.1622751216035892,0.0,0.0,8.43744630093894e-23,omni
1.563288408313295,-0.2561073131764914,2.435666345575069,0.0,0.0,-1.6321224713807354,0.20379099054077293,-0.14078127207997437,0.1623289770405293,0.0,0.0,6.66615817186799e-23,omni
1.5602310362670087,-0.26000410846932887,2.438913972585605,0.0,0.0,-1.6321224713807354,0.20384246022119937,-0.14063994763298135,0.16238135052675456,0.0,0.0,5.2519135147993723e-23,omni
1.5571763468871154,-0.26390207142573396,2.4421626182605185,0.0,0.0,-1.6321224713807354,0.2038925129232346,-0.14050248829360845,0.16243228374567178,0.0,0.0,4.124850890423506e-23,omni
1.5541242667976032,-0.2678011699480566,2.445412254601648,0.0,0.0,-1.6321224713807354,0.2039411886121155,-0.14036878921761436,0.16248181705647968,0.0,0.0,3.2284655947404364e-23,omni
1.551074724613806,-0.27170137283593376,2.4486628543928544,0.0,0.0,-1.6321224713807354,0.2039885259656032,-0.14023874827516364,0.16252998956036646,0.0,0.0,2.5171037991486802e-23,omni
1.5480276508907227,-0.2756026497586591,2.451914391176056,0.0,0.0,-1.6321224713807354,0.20403456244090765,-0.1401122660004584,0.1625768391601019,0.0,0.0,1.9539193399577492e-23,omni
1.5449829780723066,-0.27950497122881457,2.4551668392283355,0.0,0.0,-1.6321224713807354,0.20407933433469655,-0.13998924553908793,0.1626224026139539,0.0,0.0,1.509208931133953e-23,omni
1.5419406404417788,-0.2834083085770488,2.4584201735400293,0.0,0.0,-1.6321224713807354,0.20412287683717548,-0.13986959259371495,0.16266671558471887,0.0,0.0,1.159056714680806e-23,omni
1.5389005740729844,-0.2873126339279005,2.46167436979372,0.0,0.0,-1.6321224713807354,0.20416522408107568,-0.13975321536861685,0.16270981268453813,0.0,0.0,8.842315136466364e-24,omni
1.5358627167828185,-0.291217920176582,2.464929404344041,0.0,0.0,-1.6321224713807354,0.20420640918626126,-0.1396400245135151,0.16275172751607037,0.0,0.0,6.69290385999265e-24,omni
1.5328270080847293,-0.29512414096664663,2.4681852541982505,0.0,0.0,-1.6321224713807354,0.2042464643005583,-0.13952993306705358,0.1627924927105054,0.0,0.0,5.0185048400455494e-24,omni
1.529793389143301,-0.2990312706684758,2.4714418969975065,0.0,0.0,-1.6321224713807354,0.20428542063731822,-0.1394228564002249,0.16283213996283014,0.0,0.0,3.7199812575464715e-24,omni
1.5267618027299281,-0.3029392843585278,2.4746993109988,0.0,0.0,-1.6321224713807354,0.20432330851014935,-0.13931871215999161,0.16287070006469695,0.0,0.0,2.7180964927097145e-24,omni
1.5237321931795582,-0.30684815779929997,2.477957475057503,0.0,0.0,-1.6321224713807354,0.20436015736518418,-0.1392174202133053,0.16290820293519084,0.0,0.0,1.9496326473761626e-24,omni
1.5207045063485098,-0.3107578674199597,2.481216368610499,0.0,0.0,-1.6321224713807354,0.20439599581119566,-0.13911890259168835,0.16294467764974804,0.0,0.0,1.3642492797053322e-24,omni
1.5176786895733458,-0.31466839029760607,2.484475971659848,0.0,0.0,-1.6321224713807354,0.2044308516478267,-0.13902308343651298,0.1629801524674404,0.0,0.0,9.2194377435672e-25,omni
1.5146546916307926,-0.31857970413912795,2.4877362647569847,0.0,0.0,-1.6321224713807354,0.20446475189215815,-0.13892988894508412,0.1630146548568085,0.0,0.0,5.91000309384841e-25,omni
1.511632462698686,-0.32249178726362826,2.490997228987393,0.0,0.0,-1.6321224713807354,0.20449772280380635,-0.13883924731761127,0.1630482115203983,0.0,0.0,3.4633527751002234e-25,omni
1.5086119543179242,-0.3264046185853865,2.494258845955756,0.0,0.0,-1.6321224713807354,0.20452978990871282,-0.13875108870513536,0.1630808484181352,0.0,0.0,1.6816410734953457e-25,omni
1.5055931193554188,-0.33031817759733595,2.4975210977715485,0.0,0.0,-1.6321224713807354,0.20456097802176446,-0.1386653451584611,0.1631125907896474,0.0,0.0,4.0928394926704915e-26,omni
1.502575911968014,-0.33423244435503274,2.5007839670350607,0.0,0.0,-1.6321224713807354,0.2045913112683624,-0.1385819505781315,0.16314346317563674,0.0,0.0,-4.756633923242242e-26,omni
1.499560287567358,-0.33814739946109607,2.504047436823829,0.0,0.0,-1.6321224713807354,0.2046208131050403,-0.13850084066547097,0.16317348943837987,0.0,0.0,-1.0684264384911843e-25,omni
1.4965462027857057,-0.3420630240501018,2.507311490679458,0.0,0.0,-1.6321224713807354,0.20464950633921794,-0.13842195287471376,0.1632026927814314,0.0,0.0,-1.4430566613462157e-25,omni
1.4935336154426346,-0.34597929977391184,2.5105761125948303,0.0,0.0,-1.6321224713807354,0.20467741314816526,-0.13834522636622731,0.16323109576859074,0.0,0.0,-1.65686813702823e-25,omni
1.4905224845126452,-0.34989620878742345,2.5138412870016738,0.0,0.0,-1.6321224713807354,0.20470455509723937,-0.13827060196083307,0.1632587203421865,0.0,0.0,-1.7539810709013791e-25,omni
1.4875127700936364,-0.35381373373472436,2.517106998758488,0.0,0.0,-1.6321224713807354,0.20473095315745032,-0.13819802209522297,0.16328558784072497,0.0,0.0,-1.7681467982250208e-25,omni
1.484504433376222,-0.3577318577356384,2.5203732331388076,0.0,0.0,-1.6321224713807354,0.20475662772240338,-0.13812743077846507,0.16331171901594288,0.0,0.0,-1.7249954813293786e-25,omni
1.4814974366138782,-0.3616505643726512,2.5236399758197927,0.0,0.0,-1.6321224713807354,0.204781598624659,-0.1380587735495883,0.16333713404930067,0.0,0.0,-1.643820628178909e-25,omni
1.4784917430938946,-0.3655698376782005,2.526907212871152,0.0,0.0,-1.6321224713807354,0.20480588515154705,-0.13799199743623386,0.16336185256794705,0.0,0.0,-1.5389925596204525e-25,omni
1.475487317109114,-0.3694896621223228,2.5301749307443555,0.0,0.0,-1.6321224713807354,0.204829506060467,-0.1379270509143582,0.16338589366018377,0.0,0.0,-1.4210751098635556e-25,omni
1.4724841239304334,-0.37341002260064304,2.533443116262165,0.0,0.0,-1.6321224713807354,0.2048524795937024,-0.1378638838689707,0.16340927589045393,0.0,0.0,-1.2977053852903793e-25,omni
1.4694821297800533,-0.3773309044226979,2.5367117566084425,0.0,0.0,-1.6321224713807354,0.20487482349277464,-0.1378024475558883,0.16343201731387755,0.0,0.0,-1.174284700185455e-25,omni
1.4664813018054559,-0.38125229330058297,2.539980839318249,0.0,0.0,-1.6321224713807354,0.2048965550123582,-0.13774269456448757,0.16345413549035331,0.0,0.0,-1.0545193397364425e-25,omni
1.463481608054085,-0.38517417533791243,2.5432503522682137,0.0,0.0,-1.6321224713807354,0.20491769093377749,-0.13768457878143436,0.1634756474982455,0.0,0.0,-9.40842150746345e-26,omni
1.4604830174487204,-0.3890965370190854,2.5465202836671677,0.0,0.0,-1.6321224713807354,0.20493824757810353,-0.13762805535537048,0.1634965699476723,0.0,0.0,-8.347397865107213e-26,omni
1.4574854997635203,-0.3930193651988466,2.5497906220470363,0.0,0.0,-1.6321224713807354,0.20495824081886682,-0.13757308066253648,0.16351691899341086,0.0,0.0,-7.370054552648364e-26,omni
1.4544890256007157,-0.39694264709213545,2.5530613562539846,0.0,0.0,-1.6321224713807354,0.20497768609440153,-0.13751961227330944,0.1635367103474328,0.0,0.0,-6.479330143508653e-26,omni
1.4514935663679418,-0.4008663702642138,2.5563324754398065,0.0,0.0,-1.6321224713807354,0.20499659841983464,-0.13746760891963436,0.16355595929108413,0.0,0.0,-5.674650299988816e-26,omni
1.4484990942561902,-0.4047905226210654,2.5596039690535446,0.0,0.0,-1.6321224713807354,0.20501499239873336,-0.1374170304633281,0.16357468068692066,0.0,0.0,-4.953048351348894e-26,omni
1.4455055822183558,-0.40871509240005877,2.562875826833349,0.0,0.0,-1.6321224713807354,0.2050328822344222,-0.1373678378652346,0.1635928889902111,0.0,0.0,-4.3100054290714396e-26,omni
1.4425130039483773,-0.41264006816086696,2.5661480387985507,0.0,0.0,-1.6321224713807354,0.20505028174098106,-0.13731999315521065,0.16361059826011823,0.0,0.0,-3.740073126352097e-26,omni
1.4395213338609423,-0.41656543877663543,2.569420595241962,0.0,0.0,-1.6321224713807354,0.20506720435393502,-0.13727345940292113,0.16362782217056826,0.0,0.0,-3.237328373438972e-26,omni
1.4365305470717498,-0.420491193425394,2.5726934867223776,0.0,0.0,-1.6321224713807354,0.2050836631406453,-0.13722820068942349,0.16364457402081833,0.0,0.0,-2.795699629050035e-26,omni
1.433540619378311,-0.4244173215817021,2.5759667040572922,0.0,0.0,-1.6321224713807354,0.20509967081041086,-0.13718418207952132,0.16366086674573083,0.0,0.0,-2.4091950543650666e-26,omni
1.4305515272412748,-0.42834381300852475,2.579240238315807,0.0,0.0,-1.6321224713807354,0.20511523972428974,-0.13714136959486722,0.1636767129257638,0.0,0.0,-2.072056634463131e-26,omni
1.4275632477662643,-0.4322706577493308,2.5825140808117415,0.0,0.0,-1.6321224713807354,0.20513038190464827,-0.1370997301877953,0.16369212479668538,0.0,0.0,-1.7788588988819458e-26,omni
1.4245757586862104,-0.43619784612040735,2.585788223096922,0.0,0.0,-1.6321224713807354,0.20514510904444622,-0.13705923171586476,0.16370711425902046,0.0,0.0,-1.5245666909702405e-26,omni
1.4215890383441685,-0.4401253687033849,2.5890626569546673,0.0,0.0,-1.6321224713807354,0.205159432516266,-0.13701984291709515,0.1637216928872374,0.0,0.0,-1.3045631215035915e-26,omni
1.4186030656766044,-0.4440532163379679,2.5923373743934417,0.0,0.0,-1.6321224713807354,0.20517336338109296,-0.13698153338587576,0.16373587193868205,0.0,0.0,-1.1146562358734595e-26,omni
1.4156178201971386,-0.44798138011486366,2.5956123676406873,0.0,0.0,-1.6321224713807354,0.205186912396854,-0.13694427354953076,0.16374966236226626,0.0,0.0,-9.510708815671356e-27,omni
1.4126332819807368,-0.45190985136890494,2.598887629136826,0.0,0.0,-1.6321224713807354,0.20520009002672157,-0.13690803464552292,0.16376307480691782,0.0,0.0,-8.104306676895707e-27,omni
1.409649431648331,-0.4558386216723621,2.6021631515294215,0.0,0.0,-1.6321224713807354,0.20521290644718956,-0.13687278869927885,0.16377611962979874,0.0,0.0,-6.897336680270307e-27,omni
1.4066662503518594,-0.4597676828284373,2.605438927667507,0.0,0.0,-1.6321224713807354,0.2052253715559272,-0.13683850850261892,0.16378880690429787,0.0,0.0,-5.863245592844863e-27,omni
1.4036837197597236,-0.4636970268649373,2.6087149505960636,0.0,0.0,-1.6321224713807354,0.2052374949794179,-0.1368051675927758,0.16380114642780458,0.0,0.0,-4.978651472753689e-27,omni
1.4007018220426344,-0.4676266460281192,2.6119912135506493,0.0,0.0,-1.6321224713807354,0.20524928608038837,-0.13677274023198582,0.16381314772926936,0.0,0.0,-4.2230466867478175e-27,omni
1.3977205398598522,-0.47155653277670606,2.6152677099521804,0.0,0.0,-1.6321224713807354,0.20526075396503402,-0.13674120138763757,0.16382482007655708,0.0,0.0,-3.5785082680926304e-27,omni
1.394739946791035,-0.4754866984356595,2.618544448891479,0.0,0.0,-1.6321224713807354,0.20527256155686371,-0.1367059557723343,0.1638369469649566,0.0,0.0,-3.0294219695210678e-27,omni
1.391761092481192,-0.4794173558058853,2.6218216067162605,0.0,0.0,-1.6321224713807354,0.20529177267516727,-0.13661767446177975,0.1638578912390321,0.0,0.0,-2.562223960442153e-27,omni
1.3887864020910328,-0.4833490015653995,2.625099595433396,0.0,0.0,-1.6321224713807354,0.20532833938254103,-0.13640684105074397,0.1638994358568146,0.0,0.0,-2.1651623495977054e-27,omni
1.3858191709993608,-0.48728231194178007,2.6283789761044862,0.0,0.0,-1.6321224713807354,0.20538855559690528,-0.13602947621978936,0.16396903355450737,0.0,0.0,-1.828079436466527e-27,omni
1.382863191149237,-0.49121806535282386,2.6316603946275454,0.0,0.0,-1.6321224713807354,0.20547599955970325,-0.13546048527943444,0.16407092615292498,0.0,0.0,-1.5422146911995026e-27,omni
1.3799224782075876,-0.49515708558866833,2.6349445345696716,0.0,0.0,-1.6321224713807354,0.2055922500470953,-0.13468856402645432,0.16420699710626635,0.0,0.0,-1.3000278431539855e-27,omni
1.3770010756343305,-0.4991002006189148,2.638232082969504,0.0,0.0,-1.6321224713807354,0.20573743047099513,-0.13371231261616115,0.16437741999159783,0.0,0.0,-1.0950410515692611e-27,omni
1.3741029171545909,-0.5030482132631949,2.641523705987123,0.0,0.0,-1.6321224713807354,0.20591062196656,-0.13253728454308056,0.16458115088093972,0.0,0.0,-9.216988837793775e-28,omni
1.3712317333310942,-0.507001880846846,2.6448200320122717,0.0,0.0,-1.6321224713807354,0.20611017666312417,-0.1311737582434121,0.1648163012574143,0.0,0.0,-7.75244694267293e-28,omni
1.3683909912050785,-0.510961901638937,2.6481216404025916,0.0,0.0,-1.6321224713807354,0.20633395482960507,-0.12963506599359342,0.1650804195159919,0.0,0.0,-6.516119493223623e-28,omni
1.365583858517686,-0.5149289063867962,2.651429054452635,0.0,0.0,-1.6321224713807354,0.20657950389641733,-0.12793635157887379,0.1653707025021351,0.0,0.0,-5.473290522798957e-28,omni
1.3628131859997106,-0.5189034536568512,2.65474273752281,0.0,0.0,-1.6321224713807354,0.2068441930449923,-0.1260936569102005,0.16568415350876728,0.0,0.0,-4.594362745352991e-28,omni
1.3600815027506756,-0.5228860279946185,2.6580630915089416,0.0,0.0,-1.6321224713807354,0.2071253137894042,-0.1241232601484696,0.16601769930658553,0.0,0.0,-3.8541347367167478e-28,omni
1.3573910209162434,-0.5268770401488944,2.6613904570258247,0.0,0.0,-1.6321224713807354,0.20742015449889847,-0.12204120533705465,0.16636827584417396,0.0,0.0,-3.231173716965318e-28,omni
1.3547436467919975,-0.5308768287833049,2.6647251148259863,0.0,0.0,-1.6321224713807354,0.2077260549329846,-0.11986297712885285,0.16673289000811561,0.0,0.0,-2.707272659380549e-28,omni
1.3521409961914148,-0.534885663235063,2.6680672880882956,0.0,0.0,-1.6321224713807354,0.20804044543643455,-0.11760328476876301,0.16710866311546507,0.0,0.0,-2.2669814714676777e-28,omni
1.3495844124626986,-0.5389037469858181,2.6714171452982236,0.0,0.0,-1.6321224713807354,0.2083608743596363,-0.11527592771755132,0.16749286049638906,0.0,0.0,-1.8972029996813553e-28,omni
1.347074985959426,-0.5429312215902274,2.674774803508584,0.0,0.0,-1.6321224713807354,0.2086850264467838,-0.11289372169494988,0.1678829105180128,0.0,0.0,-1.5868455761926442e-28,omni
1.3446135740919691,-0.5469681708700499,2.6781403318211567,0.0,0.0,-1.6321224713807354,0.20901073430722328,-0.11046846888205951,0.1682764156286833,0.0,0.0,-1.3265247366935772e-28,omni
1.34220082133241,-0.5510146252294313,2.681513754969345,0.0,0.0,-1.6321224713807354,0.2093359846062444,-0.10801095987085953,0.1686711574094329,0.0,0.0,-1.1083075832540292e-28,omni
1.3398371787324208,-0.5550705659839618,2.684895056912627,0.0,0.0,-1.6321224713807354,0.20965892024472102,-0.10553099792798933,0.16906509716405768,0.0,0.0,-9.254940409705478e-29,omni
1.3375229226546919,-0.5591359296245281,2.6882841843771996,0.0,0.0,-1.6321224713807354,0.2099778395151226,-0.10303743844313268,0.16945637322864948,0.0,0.0,-7.724299604932886e-29,omni
1.3352581725244066,-0.5632106119589305,2.6916810502954207,0.0,0.0,-1.6321224713807354,0.21029119300405819,-0.10053823820930435,0.16984329591104033,0.0,0.0,-6.443476518751873e-29,omni
1.333042907486062,-0.5672944720911236,2.695085537110654,0.0,0.0,-1.6321224713807354,0.2105975788432417,-0.09804051055016645,0.17022434076169496,0.0,0.0,-5.372300016029634e-29,omni
1.3308769819089503,-0.571387336210946,2.698497499924971,0.0,0.0,-1.6321224713807354,0.21089573677992712,-0.09555058335949634,0.1705981407158219,0.0,0.0,-4.476948282333164e-29,omni
1.3287601397267153,-0.5754890011771808,2.701916769475391,0.0,0.0,-1.6321224713807354,0.21118454143566817,-0.09307405792128862,0.17096347752097033,0.0,0.0,-3.728965774548993e-29,omni
1.3266920276263618,-0.5795992378844105,2.7053431549307274,0.0,0.0,-1.6321224713807354,0.2114629950420595,-0.09061586699119523,0.1713192727668083,0.0,0.0,-3.104428495800816e-29,omni
1.3246722071229022,-0.5837177944099233,2.7087764465058837,0.0,0.0,-1.6321224713807354,0.2117302198788931,-0.0881803310843171,0.17166457875778246,0.0,0.0,-2.5832359642829967e-29,omni
1.3227001655696549,-0.5878443989412957,2.7122164178940857,0.0,0.0,-1.6321224713807354,0.21198545059009413,-0.08577121226441113,0.171998569410065,0.0,0.0,-2.148511251582863e-29,omni
1.3207753261629065,-0.5919787624885214,2.715662828520243,0.0,0.0,-1.6321224713807354,0.21222802651299186,-0.0833917649915489,0.1723205313078735,0.0,0.0,-1.7860930847195137e-29,omni
1.3188970570044736,-0.5961205813869369,2.7191154256206045,0.0,0.0,-1.6321224713807354,0.21245738412471166,-0.08104478377950675,0.17262985501803282,0.0,0.0,-1.4841062808348288e-29,omni
1.317064679287739,-0.6002695395988839,2.7225739461552707,0.0,0.0,-1.6321224713807354,0.2126730496840549,-0.07873264755648221,0.17292602673332821,0.0,0.0,-1.232598754253362e-29,omni
1.3152774746727383,-0.6044253108232188,2.726038118561132,0.0,0.0,-1.6321224713807354,0.21287463212684898,-0.07645736072537593,0.17320862029307005,0.0,0.0,-1.0232350390189583e-29,omni
1.3135346919144373,-0.6085875604225169,2.7295076643533727,0.0,0.0,-1.6321224713807354,0.2130618162563946,-0.0742205909923434,0.1734772896120324,0.0,0.0,-8.490377390730138e-30,omni
1.3118355528059664,-0.6127559471782488,2.7329822995840822,0.0,0.0,-1.6321224713807354,0.2132343562575156,-0.0720237040819495,0.173731761535511,0.0,0.0,-7.041695826418074e-30,omni
1.3101792574955302,-0.6169301248843811,2.7364617361666395,0.0,0.0,-1.6321224713807354,0.2133920695522115,-0.0698677954897167,0.1739718291278719,0.0,0.0,-5.8374984362465294e-30,omni
1.3085649892322946,-0.6211097437898344,2.739945683074519,0.0,0.0,-1.6321224713807354,0.2135348310065304,-0.06775371944251024,0.17419734539399917,0.0,0.0,-4.836998243084095e-30,omni
1.3069919185929597,-0.6252944519000684,2.7434338474230597,0.0,0.0,-1.6321224713807354,0.21366256749163173,-0.06568211524740195,0.17440821742700535,0.0,0.0,-4.0061289131257665e-30,omni
1.3054592072370352,-0.629483896147797,2.7469259354424804,0.0,0.0,-1.6321224713807354,0.21377525279677542,-0.06365343121296654,0.1746044009710485,0.0,0.0,-3.316452385204889e-30,omni
1.3039660112352294,-0.6336777234424843,2.7504216533501755,0.0,0.0,-1.6321224713807354,0.21387290288790556,-0.06166794632534749,0.17478589538479755,0.0,0.0,-2.7442413283863326e-30,omni
1.3025114840118028,-0.6378755816078662,2.7539207081299506,0.0,0.0,-1.6321224713807354,0.2139555715023817,-0.05972578985637126,0.17495273898875116,0.0,0.0,-2.2697089487957333e-30,omni
1.301094778938398,-0.6420771202162975,2.757422808225512,0.0,0.0,-1.6321224713807354,0.21402334606807946,-0.05782695907360986,0.1751050047780485,0.0,0.0,-1.8763628920655484e-30,omni
1.299715051613625,-0.646281991328265,2.760927664155141,0.0,0.0,-1.6321224713807354,0.21407634393339484,-0.05597133521343555,0.1752427964814524,0.0,0.0,-1.5504635812815546e-30,omni
1.2983714618596973,-0.650489850144918,2.7644349890540743,0.0,0.0,-1.6321224713807354,0.214114708893524,-0.05415869786840113,0.17536624494670844,0.0,0.0,-1.2805703829344945e-30,omni
1.2970631754646138,-0.6547003555809999,2.767944499150721,0.0,0.0,-1.6321224713807354,0.21413860799765566,-0.05238873793017565,0.175475504832382,0.0,0.0,-1.0571615837385047e-30,omni
1.2957893656957686,-0.6589131707650809,2.7714559141824506,0.0,0.0,-1.6321224713807354,0.2141482286213276,-0.05066106921910009,0.1755707515864661,0.0,0.0,-8.72316357016194e-31,omni
1.2945492146085005,-0.6631279634735333,2.774968957756301,0.0,0.0,-1.6321224713807354,0.21414377578809005,-0.048975238921436216,0.17565217869246677,0.0,0.0,-7.194487569325769e-31,omni
1.2933419141708524,-0.6673444065042312,2.7784833576595855,0.0,0.0,-1.6321224713807354,0.21412546972473404,-0.047330736945728424,0.17571999516425515,0.0,0.0,-5.930853522029399e-31,omni
1.2921666672238332,-0.6715621779955351,2.781998846125019,0.0,0.0,-1.6321224713807354,0.21409354363463032,-0.045727004300488504,0.17577442327167858,0.0,0.0,-4.88679440868014e-31,omni
1.291022688294581,-0.6757809616956943,2.7855151600546137,0.0,0.0,-1.6321224713807354,0.21404824167414913,-0.0441634405867156,0.17581569647971518,0.0,0.0,-4.0245591100143474e-31,omni
1.2899092042781806,-0.6800004471874167,2.7890320412063105,0.0,0.0,-1.6321224713807354,0.21398981711765522,-0.04263941069061181,0.17584405758480298,0.0,0.0,-3.3128176012700516e-31,omni
1.2888254507874952,-0.6842256217505983,2.792553646079153,0.0,0.0,-1.6321224713807354,0.21418263016378325,-0.04113824535574276,0.17608024364216562,0.0,0.0,-2.725580854144364e-31,omni
1.2877706745262463,-0.6884643690450819,2.7960865448152323,0.0,0.0,-1.6321224713807354,0.21477119358397112,-0.039650515456718397,0.17664493680393806,0.0,0.0,-2.2413003017519388e-31,omni
1.2867441382587648,-0.6927216911328397,2.799634906217865,0.0,0.0,-1.6321224713807354,0.21561164911862973,-0.038184249799605365,0.177418070131601,0.0,0.0,-1.8421173918435908e-31,omni
1.2857451204933452,-0.6970004640131459,2.8032011273639985,0.0,0.0,-1.6321224713807354,0.21659784522215078,-0.03674517774195707,0.17831105730672253,0.0,0.0,-1.5132385239213317e-31,omni
1.2847729152308849,-0.7013020194137481,2.80678631843,0.0,0.0,-1.6321224713807354,0.21765266599353542,-0.03533725835323158,0.17925955330010857,0.0,0.0,-1.2424146765482062e-31,omni
1.2838268317576043,-0.7056265900154705,2.8103906737120057,0.0,0.0,-1.6321224713807354,0.21872121554910662,-0.03396309670746486,0.18021776410027268,0.0,0.0,-1.0195084008061881e-31,omni
1.2829061944658455,-0.7099736476935844,2.814013753493621,0.0,0.0,-1.6321224713807354,0.21976547883061576,-0.032624270320063535,0.18115398908079156,0.0,0.0,-8.361336850906328e-32,omni
1.2820103426910172,-0.7143421582659607,2.8176546963359788,0.0,0.0,-1.6321224713807354,0.2207601547425203,-0.031321584197223515,0.18204714211787187,0.0,0.0,-6.853565703971235e-32,omni
1.2811386305559613,-0.7187307713562455,2.8213123772970037,0.0,0.0,-1.6321224713807354,0.2216894179792281,-0.030055269298218033,0.18288404805126068,0.0,0.0,-5.614463859739714e-32,omni
1.280290426816492,-0.7231379600755182,2.8249855243327837,0.0,0.0,-1.6321224713807354,0.22254441466225638,-0.02882513625242005,0.18365735178896453,0.0,0.0,-4.596691435375096e-32,omni
1.2794651147037752,-0.727562122107957,2.828672802535627,0.0,0.0,-1.6321224713807354,0.22332133617808014,-0.027630693789889797,0.18436391014212014,0.0,0.0,-3.761160255585689e-32,omni
1.2786620917606928,-0.7320016513010464,2.832372873792599,0.0,0.0,-1.6321224713807354,0.22401994719602972,-0.026471239427185433,0.18500356284860836,0.0,0.0,-3.0756107277261223e-32,omni
1.2778807696704388,-0.7364549868842968,2.8360844378011714,0.0,0.0,-1.6321224713807354,0.22464246922043463,-0.0253459284097226,0.18557820042861817,0.0,0.0,-2.5134315458082343e-32,omni
1.277120574076443,-0.7409206458717136,2.8398062590713384,0.0,0.0,-1.6321224713807354,0.22519274138532833,-0.02425382567619147,0.18609106350836171,0.0,0.0,-2.0526812417110888e-32,omni
1.2763809443933256,-0.745397242961162,2.843537183508499,0.0,0.0,-1.6321224713807354,0.2256755965018459,-0.023193944620526298,0.18654622185801395,0.0,0.0,-1.675277439003695e-32,omni
1.2756613336090286,-0.7498835012628527,2.847276147353947,0.0,0.0,-1.6321224713807354,0.2260964034033679,-0.022165275635093924,0.186948192272404,0.0,0.0,-1.3663253753004828e-32,omni
1.2749612080786006,-0.7543782564167351,2.8510221806161327,0.0,0.0,-1.6321224713807354,0.22646073703787345,-0.021166806786538848,0.1873016631093167,0.0,0.0,-1.1135620260849652e-32,omni
1.2742800473102978,-0.7588804560522259,2.854774406620543,0.0,0.0,-1.6321224713807354,0.22677414604601723,-0.020197538471855615,0.1876113002205544,0.0,0.0,-9.068961402781013e-33,omni
1.2736173437448188,-0.7633891560693941,2.8585320389108024,0.0,0.0,-1.6321224713807354,0.22704199415372803,-0.01925649350149291,0.18788161451295435,0.0,0.0,-7.38027814608858e-33,omni
1.2729726025285515,-0.7679035148511671,2.8622943764256292,0.0,0.0,-1.6321224713807354,0.2272693569361758,-0.018342723738217888,0.18811687574131913,0.0,0.0,-6.001339983755191e-33,omni
1.272345341281749,-0.7724227862294782,2.866060797637417,0.0,0.0,-1.6321224713807354,0.2274609596473252,-0.01745531416861411,0.18832106058940784,0.0,0.0,-4.876086232696439e-33,omni
1.2717350898625515,-0.7769463118070427,2.8698307541538477,0.0,0.0,-1.6321224713807354,0.22762114507486486,-0.016593385085175445,0.18849782582148772,0.0,0.0,-3.9584797064876175e-33,omni
1.2711413901277335,-0.7814735130667368,2.8736037641424983,0.0,0.0,-1.6321224713807354,0.22775386295026004,-0.015756092900303303,0.18865049943255224,0.0,0.0,-3.2107348469370065e-33,omni
1.2705637956910356,-0.7860038835712185,2.8773794058306668,0.0,0.0,-1.6321224713807354,0.22786267445967567,-0.0149426299905211,0.18878208440843397,0.0,0.0,-2.601855675847826e-33,omni
1.2700018716798753,-0.7905369814576658,2.8811573112511195,0.0,0.0,-1.6321224713807354,0.22795076697727412,-0.01415222387298777,0.18889527102261786,0.0,0.0,-2.1064299676899066e-33,omni
1.2694551944911783,-0.7950724223593447,2.8849371603435334,0.0,0.0,-1.6321224713807354,0.22802097536907345,-0.01338413594138822,0.18899245462070297,0.0,0.0,-1.7036352184304616e-33,omni
1.2689233515470109,-0.799609872831574,2.8887186754762753,0.0,0.0,-1.6321224713807354,0.22807580716612394,-0.012637659930074001,0.1890757566370881,0.0,0.0,-1.3764196068823373e-33,omni
1.268405941050643,-0.8041490443202176,2.89250161642028,0.0,0.0,-1.6321224713807354,0.22811746963852628,-0.011912120230382238,0.18914704720024123,0.0,0.0,-1.1108274726756972e-33,omni
1.2679025717435886,-0.808689687682632,2.8962857757833143,0.0,0.0,-1.6321224713807354,0.22814789736327803,-0.011206870148550494,0.18920796815168225,0.0,0.0,-8.954440863903594e-34,omni
1.2674128626641383,-0.8132315882513633,2.9000709748965243,0.0,0.0,-1.6321224713807354,0.2281687793061135,-0.010521290168321913,0.18925995566046414,0.0,0.0,-7.209388435541745e-34,omni
1.2669364429078234,-0.8177745614177044,2.903857060134204,0.0,0.0,-1.6321224713807354,0.22818158475980166,-0.00985478626141075,0.18930426188403449,0.0,0.0,-5.796896260705654e-34,omni
1.2664729513902058,-0.822318448703872,2.907643899640752,0.0,0.0,-1.6321224713807354,0.22818758772209374,-0.009206788274057444,0.18934197532735045,0.0,0.0,-4.65474067979048e-34,omni
1.26602203661234,-0.8268631142877686,2.91143138043476,0.0,0.0,-1.6321224713807354,0.22818788947409005,-0.008576748406823737,0.18937403970038832,0.0,0.0,-3.7321594205150256e-34,omni
1.2655833564292072,-0.8314084419420703,2.9152194058583967,0.0,0.0,-1.6321224713807354,0.22818343924874943,-0.007964139796678439,0.18940127118186317,0.0,0.0,-2.9877693681045927e-34,omni
1.2651565778213738,-0.8359543323490276,2.919007893339869,0.0,0.0,-1.6321224713807354,0.22817505297101282,-0.007368455204608012,0.18942437407358337,0.0,0.0,-2.3878579270499495e-34,omni
1.2647413766700992,-0.8405007007532405,2.922796772437526,0.0,0.0,-1.6321224713807354,0.2281634301144964,-0.006789205807908719,0.18944395488287663,0.0,0.0,-1.904981717611776e-34,omni
1.2643374375360732,-0.8450474749164366,2.926585983135642,0.0,0.0,-1.6321224713807354,0.22814916876191077,-0.006225920093552668,0.18946053490576667,0.0,0.0,-1.5168179722015404e-34,omni
1.2639444534419384,-0.8495945933405357,2.930375474363754,0.0,0.0,-1.6321224713807354,0.22813277898269985,-0.005678142847238007,0.18947456140557786,0.0,0.0,-1.2052236018558336e-34,omni
1.2635621256587155,-0.8541420037278616,2.9341652027136313,0.0,0.0,-1.6321224713807354,0.22811469465606937,-0.005145434231677358,0.18948641749390427,0.0,0.0,-9.55464837540224e-35,omni
1.263190163496241,-0.8586896616500482,2.937955131330153,0.0,0.0,-1.6321224713807354,0.22809528387380454,-0.004627368947151066,0.18949643082608972,0.0,0.0,-7.555869024536946e-35,omni
1.262828284097681,-0.8632375293998825,2.9417452289546255,0.0,0.0,-1.6321224713807354,0.2280748580575337,-0.004123535467201707,0.18950488122358677,0.0,0.0,-5.958985783944784e-35,omni
1.2624762122381854,-0.8677855750029556,2.9455354691012734,0.0,0.0,-1.6321224713807354,0.22805367992124478,-0.0036335353424589456,0.1895120073323536,0.0,0.0,-4.6855098942826716e-35,omni
1.262133680127717,-0.8723337713684695,2.9493258293496933,0.0,0.0,-1.6321224713807354,0.22803197040330922,-0.003156982565872645,0.18951801242098368,0.0,0.0,-3.671936035724376e-35,omni
1.261800427218074,-0.876882095560879,2.953116290738001,0.0,0.0,-1.6321224713807354,0.22800991468405882,-0.0026935029930325173,0.18952306941541416,0.0,0.0,-2.8669348386710827e-35,omni
1.261476200014118,-0.8814305281761913,2.956906837243191,0.0,0.0,-1.6321224713807354,0.22798766739586074,-0.0022427338117171312,0.18952732525946686,0.0,0.0,-2.2290631659359632e-35,omni
1.2611607518891954,-0.8859790528086934,2.960697455336842,0.0,0.0,-1.6321224713807354,0.22796535712319657,-0.0018043230553092115,0.18953090468259723,0.0,0.0,-1.7248979969454593e-35,omni
1.260853842904745,-0.8905276555956468,2.9644881336058106,0.0,0.0,-1.6321224713807354,0.22794309028086107,-0.0013779291552134068,0.1895339134483923,0.0,0.0,-1.3275166574262032e-35,omni
1.2605552396340574,-0.8950763248290695,2.968278862428806,0.0,0.0,-1.6321224713807354,0.22792095444932098,-0.0009632205279002555,0.18953644114978463,0.0,0.0,-1.0152600485929019e-35,omni
1.260264714990156,-0.8996250506251379,2.972069633701001,0.0,0.0,-1.6321224713807354,0.2278990212376861,-0.0005598751926646963,0.18953856360978175,0.0,0.0,-7.707269651412126e-36,omni
1.2599820480577602,-0.9041738246429941,2.975860440599798,0.0,0.0,-1.6321224713807354,0.22787734873674836,-0.00016758041662222876,0.18954034493983768,0.0,0.0,-5.7995698694397664e-36,omni
1.2597070239292776,-0.9087226398458431,2.9796512773858344,0.0,0.0,-1.6321224713807354,0.22785598361719056,0.00021396761613322324,0.1895418393018558,0.0,0.0,-4.317671449888676e-36,omni
1.2594394335447772,-0.9132714902981972,2.983442139234118,0.0,0.0,-1.6321224713807354,0.2278349629213773,0.0005850641139199104,0.18954309241422884,0.0,0.0,-3.172138947566912e-36,omni
1.2591790735358888,-0.9178203709939746,2.9872330220908645,0.0,0.0,-1.6321224713807354,0.22781431559110205,0.0009459959677871453,0.18954414283728369,0.0,0.0,-2.291571249692163e-36,omni
1.2589257460735597,-0.9223692777108968,2.991023922552245,0.0,0.0,-1.6321224713807354,0.22779406376825748,0.0012970420248462134,0.18954502306898563,0.0,0.0,-1.6190718853540774e-36,omni
1.2586792587196107,-0.9269182068872756,2.9948148377618,0.0,0.0,-1.6321224713807354,0.2277742239005819,0.0016384733464332997,0.18954576047773766,0.0,0.0,-1.1093943219824974e-36,omni
1.2584394242820272,-0.931467155517841,2.99860576532371,0.0,0.0,-1.6321224713807354,0.2277548076803695,0.0019705534526910217,0.18954637809555333,0.0,0.0,-7.2663559103865395e-37,omni
1.2582060606739096,-0.9360161210657366,3.0023967032295453,0.0,0.0,-1.6321224713807354,0.2277358228402748,0.002293538554949626,0.1895468952917442,0.0,0.0,-4.423749733122159e-37,omni
1.2579789907760197,-0.9405651013882391,3.0061876497964364,0.0,0.0,-1.6321224713807354,0.2277172738270419,0.0026076777771085356,0.18954732834450863,0.0,0.0,-2.3417360391161684e-37,omni
1.2577580423028472,-0.9451140946741049,3.0099786036149436,0.0,0.0,-1.6321224713807354,0.22769916237110224,0.00291321336706142,0.18954769092540155,0.0,0.0,-8.436649388278858e-38,omni
1.257543047672131,-0.9496630993907657,3.0137695635051345,0.0,0.0,-1.6321224713807354,0.22768148796746915,0.003210380899070848,0.18954799450956347,0.0,0.0,2.0908761053080098e-38,omni
1.2573338438777515,-0.9542121142398555,3.017560528479589,0.0,0.0,-1.6321224713807354,0.22766424828116996,0.0034994094678795877,0.18954824872276194,0.0,0.0,9.249188645810532e-38,omni
1.2571302723659359,-0.9587611381197793,3.0213514977122835,0.0,0.0,-1.6321224713807354,0.2276474394885597,0.0037805218752425445,0.18954846163471686,0.0,0.0,1.3882524476831475e-37,omni
1.25693217891469,-0.9633101700942289,3.0251424705124195,0.0,0.0,-1.6321224713807354,0.22763105656422072,0.004053934809474454,0.18954864000681126,0.0,0.0,1.6645442041471475e-37,omni
1.256739413516393,-0.9678592093657189,3.028933446302441,0.0,0.0,-1.6321224713807354,0.22761509352173778,0.004319859018531774,0.1895487895011087,0.0,0.0,1.8042828482018055e-37,omni
1.25655183026348,-0.9724082552533516,3.032724424599572,0.0,0.0,-1.6321224713807354,0.2275995436154188,0.00457849947708132,0.1895489148565815,0.0,0.0,1.8461815269976614e-37,omni
1.256369287237139,-0.9769573071741499,3.036515405000323,0.0,0.0,-1.6321224713807354,0.22758439950898396,0.004830055547951658,0.18954902003758,0.0,0.0,1.819719003126509e-37,omni
1.2561916463989566,-0.9815063646273897,3.0403063871674996,0.0,0.0,-1.6321224713807354,0.22756965341634877,0.005074721138314761,0.18954910835882277,0.0,0.0,1.7471587598098027e-37,omni
1.256018773485432,-0.98605542718146,3.0440973708193106,0.0,0.0,-1.6321224713807354,0.22755529721885456,0.005312684850903948,0.18954918259054532,0.0,0.0,1.6451496420005606e-37,omni
1.2558505379053055,-0.9906044944628448,3.0478883557202487,0.0,0.0,-1.6321224713807354,0.22754132256264356,0.005544130130538555,0.189549245046896,0.0,0.0,1.5259916137993846e-37,omni
1.2556868126396175,-0.9951535661468897,3.0516793416734527,0.0,0.0,-1.6321224713807354,0.22752772093931262,0.00576923540619553,0.18954929766019812,0.0,0.0,1.3986339730035963e-37,omni
1.2555274741444389,-0.9997026419500675,3.055470328514318,0.0,0.0,-1.6321224713807354,0.22751448375250055,0.005988174228842119,0.1895493420432976,0.0,0.0,1.2694602113889575e-37,omni
1.2553724022562072,-1.0042517216234998,3.059261316105156,0.0,0.0,-1.6321224713807354,0.22750160237265546,0.006201115405221688,0.1895493795418741,0.0,0.0,1.1429030679769467e-37,omni
1.2552214800995987,-1.0088008049475345,3.063052304330722,0.0,0.0,-1.6321224713807354,0.22748906818188103,0.006408223127765827,0.18954941127830457,0.0,0.0,1.0219247215781377e-37,omni
1.2550745939978751,-1.013349891727205,3.06684329309449,0.0,0.0,-1.6321224713807354,0.22747687261046617,0.0066096571007896445,0.18954943818842088,0.0,0.0,9.083901246080082e-38,omni
1.254931633385645,-1.0178989817884319,3.070634282315535,0.0,0.0,-1.6321224713807354,0.22746500716645088,0.006805572663113334,0.18954946105229473,0.0,0.0,8.033558798204169e-38,omni
1.2547924907239698,-1.0224480749748441,3.0744252719259344,0.0,0.0,-1.6321224713807354,0.2274534634593696,0.0069961209072411995,0.1895494805200056,0.0,0.0,7.072925505139774e-38,omni
1.254657061417764,-1.0269971711451202,3.0782162618685978,0.0,0.0,-1.6321224713807354,0.2274422332191333,0.007181448795219129,0.189549497133197,0.0,0.0,6.202546656823226e-38,omni
1.2545252437354228,-1.0315462701707603,3.0820072520954604,0.0,0.0,-1.6321224713807354,0.22743130831085873,0.0073616992712827595,0.18954951134309986,0.0,0.0,5.420097659723892e-38,omni
1.2543969387306262,-1.0360953719342254,3.085798242565972,0.0,0.0,-1.6321224713807354,0.2274206807463251,0.007537011371400966,0.18954952352559368,0.0,0.0,4.721354972587713e-38,omni
1.254272050166256,-1.0406444763273754,3.089589233245848,0.0,0.0,-1.6321224713807354,0.22741034269262947,0.0077075203298127455,0.18954953399378568,0.0,0.0,4.100918849800635e-38,omni
1.254150484440374,-1.045193583250165,3.0933802241060175,0.0,0.0,-1.6321224713807354,0.22740028647852045,0.007873357682649861,0.18954954300851165,0.0,0.0,3.5527442395719395e-38,omni
1.2540321505142067,-1.0497426926095506,3.0971712151217603,0.0,0.0,-1.6321224713807354,0.22739050459881255,0.008034651368732576,0.18954955078709745,0.0,0.0,3.070524221652876e-38,omni
1.2539169598420876,-1.0542918043185685,3.1009622062719733,0.0,0.0,-1.6321224713807354,0.22738098971721765,0.008191525827621478,0.18954955751066552,0.0,0.0,2.647960837134769e-38,omni
1.2538048263032955,-1.0588409182955687,3.1047531975385785,0.0,0.0,-1.6321224713807354,0.22737173466787647,0.008344102095004517,0.18954956333022518,0.0,0.0,2.2789505826634699e-38,omni
1.2536956661357495,-1.0633900344635656,3.1085441889060133,0.0,0.0,-1.6321224713807354,0.22736273245582503,0.008492497895494843,0.1895495683717467,0.0,0.0,1.9577058266999675e-38,omni
1.253589397871506,-1.0679391527496958,3.1123351803608217,0.0,0.0,-1.6321224713807354,0.22735397625659404,0.008636827732912022,0.18954957274038647,0.0,0.0,1.6788286443662721e-38,omni
1.2534859422740092,-1.0724882730847558,3.116126171891301,0.0,0.0,-1.6321224713807354,0.22734545941510484,0.008777202978116412,0.18954957652400414,0.0,0.0,1.4373498085370391e-38,omni
1.2533852222770479,-1.077037395402819,3.1199171634872234,0.0,0.0,-1.6321224713807354,0.2273371754439998,0.008913731954463863,0.18954957979608864,0.0,0.0,1.228742715766511e-38,omni
1.25328716292538,-1.0815865196409027,3.1237081551395876,0.0,0.0,-1.6321224713807354,0.22732911802152078,0.009046520020945695,0.18954958261819174,0.0,0.0,1.048919703633787e-38,omni
1.253191691316969,-1.0861356457386953,3.1274991468404267,0.0,0.0,-1.6321224713807354,0.22732128098903054,0.009175669653076741,0.18954958504195069,0.0,0.0,8.942164004733012e-39,omni
1.253098736546799,-1.0906847736383158,3.1312901385826426,0.0,0.0,-1.6321224713807354,0.22731365834825612,0.009301280521592233,0.18954958711076905,0.0,0.0,7.613683344613724e-39,omni
1.2530082296522183,-1.095233903284113,3.135081130359867,0.0,0.0,-1.6321224713807354,0.2273062442583192,0.009423449569012485,0.18954958886121265,0.0,0.0,6.474829327833953e-39,omni
1.252920103559777,-1.099783034622493,3.1388721221663496,0.0,0.0,-1.6321224713807354,0.2272990330326076,0.009542271084132555,0.18954959032416874,0.0,0.0,5.500091960822474e-39,omni
1.2528342930335137,-1.1043321676017686,3.1426631139968664,0.0,0.0,-1.6321224713807354,0.22729201913553246,0.00965783677449251,0.18954959152580764,0.0,0.0,4.6670668511607073e-39,omni
1.2527507346246523,-1.10888130217203,3.1464541058466335,0.0,0.0,-1.6321224713807354,0.22728519717920745,0.009770235836882253,0.1895495924883809,0.0,0.0,3.956149629593997e-39,omni
1.2526697053265916,-1.1134303689696827,3.1502450397239348,0.0,0.0,-1.6321224713807354,0.22727406474825795,0.009896245976928302,0.18954669386503242,0.0,0.0,3.350242633396529e-39,omni
1.2525925932983124,-1.117979071579983,3.1540356676913164,0.0,0.0,-1.6321224713807354,0.2272438855866269,0.010090625259874463,0.1895313983690913,0.0,0.0,2.8344787699661305e-39,omni
1.2525220250151,-1.122526860484417,3.1578255300707867,0.0,0.0,-1.6321224713807354,0.22717823361716646,0.010414397500277162,0.1894931189734816,0.0,0.0,2.3959654208172327e-39,omni
1.2524613957664978,-1.1270730290075968,3.1616140357107825,0.0,0.0,-1.6321224713807354,0.22706690982452915,0.010905449558801142,0.1894252819997618,0.0,0.0,2.0235497485535683e-39,omni
1.2524145232639696,-1.1316167838592233,3.165400521000756,0.0,0.0,-1.6321224713807354,0.22690429714063357,0.011584597405231085,0.18932426449869133,0.0,0.0,1.7076057014661692e-39,omni
1.2523853953852695,-1.136157296157058,3.1691842925575373,0.0,0.0,-1.6321224713807354,0.226688097858838,0.012460224292268916,0.18918857783904958,0.0,0.0,1.4398422690950837e-39,omni
1.252377989638475,-1.140693737545398,3.1729646574437287,0.0,0.0,-1.6321224713807354,0.22641837003305165,0.01353181432423847,0.18901824430959957,0.0,0.0,1.2131320469858132e-39,omni
1.252396147023467,-1.14522530501516,3.1767409439347287,0.0,0.0,-1.6321224713807354,0.22609679692562193,0.014792632593897697,0.18881432455001157,0.0,0.0,1.0213588574361887e-39,omni
1.2524434869260366,-1.149751237233539,3.180512515183191,0.0,0.0,-1.6321224713807354,0.22572613754425,0.01623174693917269,0.18857856242308818,0.0,0.0,8.59282996886759e-40,omni
1.2525233527518969,-1.1542708245607838,3.1842787776023713,0.0,0.0,-1.6321224713807354,0.225309817392171,0.01783554270379786,0.18831312095901256,0.0,0.0,7.2242260252899125e-40,omni
1.2526387803910841,-1.1587834144348632,3.188039185374255,0.0,0.0,-1.6321224713807354,0.22485162733709224,0.01958884791631062,0.18802038859420464,0.0,0.0,6.0694962222338145e-40,omni
1.2527924834505633,-1.1632884134143817,3.1917932421617725,0.0,0.0,-1.6321224713807354,0.22435550545348806,0.02147575988391042,0.18770283937592006,0.0,0.0,5.095989113272845e-40,omni
1.2529868506234567,-1.1677852868641418,3.195540500848511,0.0,0.0,-1.6321224713807354,0.22382538218519613,0.023480243658978748,0.18736293433691484,0.0,0.0,4.275890512749658e-40,omni
1.2532239516699517,-1.1722735570287617,3.1992805619294242,0.0,0.0,-1.6321224713807354,0.22326507351018707,0.025586556873855158,0.18700305404564468,0.0,0.0,3.585535756319589e-40,omni
1.2535055493398477,-1.1767528000537626,3.2030130710205023,0.0,0.0,-1.6321224713807354,0.22267821020549,0.027779543039121182,0.1866254545538965,0.0,0.0,3.004813909770249e-40,omni
1.2538331152261184,-1.181222642369389,3.206737715834777,0.0,0.0,-1.6321224713807354,0.22206819399763594,0.03004482577195699,0.1862322407137344,0.0,0.0,2.516652859319926e-40,omni
1.254207848046511,-1.1856827567412387,3.2104542228790582,0.0,0.0,-1.6321224713807354,0.22143817349398642,0.03236892894877266,0.1858253522140675,0.0,0.0,2.106575274322383e-40,omni
1.2546306932401492,-1.1901328582064823,3.214162354054459,0.0,0.0,-1.6321224713807354,0.22079103444338585,0.03473934198117437,0.1854065587700442,0.0,0.0,1.7623164580703293e-40,omni
1.2551023630648126,-1.1945727000494533,3.217861903289393,0.0,0.0,-1.6321224713807354,0.2201294001664923,0.03714454492341633,0.1849774617467071,0.0,0.0,1.4734960739067428e-40,omni
1.255623356608633,-1.1990020699212025,3.221552693292605,0.0,0.0,-1.6321224713807354,0.21945563900300277,0.039574004642474785,0.18453950016057807,0.0,0.0,1.231336639799127e-40,omni
1.2561939793033756,-1.2034207861707806,3.225234572482963,0.0,0.0,-1.6321224713807354,0.21877187640521917,0.042018150592787705,0.1840939595179461,0.0,0.0,1.0284225184147196e-40,omni
1.2568143616576835,-1.2078286944286802,3.228907412129916,0.0,0.0,-1.6321224713807354,0.21808000991292062,0.04446833666068603,0.18364198234760012,0.0,0.0,8.584938892565543e-41,omni
1.2574844770273532,-1.2122256644629348,3.232571103721782,0.0,0.0,-1.6321224713807354,0.21738172571129294,0.04691679394177883,0.18318457959327847,0.0,0.0,7.162708752281977e-41,omni
1.2582041583133143,-1.216611587314038,3.236225556567119,0.0,0.0,-1.6321224713807354,0.2166785158317649,0.0493565780816102,0.18272264226681956,0.0,0.0,5.973036107368249e-41,omni
1.2589731135323923,-1.2209863727048316,3.2398706956259695,0.0,0.0,-1.6321224713807354,0.21597169532877106,0.051781513863001026,0.18225695294248997,0.0,0.0,4.978445860611611e-41,omni
1.25979094024556,-1.2253499467147224,3.2435064595621417,0.0,0.0,-1.6321224713807354,0.21526241897244652,0.054186138998253544,0.1817881968085774,0.0,0.0,4.1474008791289457e-41,omni
1.260657138856821,-1.229702249703233,3.2471327990040177,0.0,0.0,-1.6321224713807354,0.2145516971528376,0.05656564853079514,0.1813169720938396,0.0,0.0,3.45337984004403e-41,omni
1.2615711248157246,-1.2340432344653405,3.250749674999247,0.0,0.0,-1.6321224713807354,0.21384041080700128,0.058915840829982344,0.18084379976149884,0.0,0.0,2.87409475211837e-41,omni
1.262532239769916,-1.2383728645997938,3.254357057647612,0.0,0.0,-1.6321224713807354,0.21312932526549458,0.06123306584446904,0.1803691324182343,0.0,0.0,2.3908276772218195e-41,omni
1.2635397617227022,-1.2426911130712919,3.2579549248961084,0.0,0.0,-1.6321224713807354,0.21241910297636035,0.06351417604030685,0.1798933624248094,0.0,0.0,1.9878690430013435e-41,omni
1.264592914255539,-1.246997960947753,3.2615432614805546,0.0,0.0,-1.6321224713807354,0.21171031510839303,0.06575648027158441,0.17941682922230912,0.0,0.0,1.6520424314037785e-41,omni
1.2656908748776379,-1.2512933962946662,3.2651220579986817,0.0,0.0,-1.6321224713807354,0.21100345206555626,0.06795770069980553,0.17893982590635701,0.0,0.0,1.3723028898100358e-41,omni
1.2668327825652301,-1.2555774132095918,3.268691310100549,0.0,0.0,-1.6321224713807354,0.2102989329643119,0.07011593278240702,0.17846260509339393,0.0,0.0,1.1393976818255675e-41,omni
1.268017744551991,-1.259850010981084,3.2722510177831468,0.0,0.0,-1.6321224713807354,0.2095971141379127,0.07222960828235091,0.1779853841298749,0.0,0.0,9.455800089824363e-42,omni
1.2692448424301233,-1.2641111933576143,3.2758011847771145,0.0,0.0,-1.6321224713807354,0.20889829673843147,0.07429746120303404,0.17750834969842594,0.0,0.0,7.843676249107577e-42,omni
1.2705131376189633,-1.268360967913382,3.2793418180146277,0.0,0.0,-1.6321224713807354,0.20820273350998328,0.07631849652077513,0.17703166187562253,0.0,0.0,6.503394586911618e-42,omni
1.271821676254932,-1.2725993454991669,3.282872927168525,0.0,0.0,-1.6321224713807354,0.20751063480642912,0.0782919615669567,0.17655545769489583,0.0,0.0,5.389643896662752e-42,omni
1.2731694935533777,-1.2768263397676274,3.2863945242538386,0.0,0.0,-1.6321224713807354,0.20682217392471555,0.0802173199005074,0.17607985426572087,0.0,0.0,4.464571945710838e-42,omni
1.2745556176895059,-1.2810419667635788,3.289906623283781,0.0,0.0,-1.6321224713807354,0.20613749182157523,0.08209422750649738,0.17560495149714273,0.0,0.0,3.6965743933761656e-42,omni
1.275979073242224,-1.2852462445708632,3.2934092399731836,0.0,0.0,-1.6321224713807354,0.20545670127708762,0.08392251115641317,0.17513083447016994,0.0,0.0,3.059277297867866e-42,omni
1.27743888424144,-1.2894391930083897,3.29690239148318,0.0,0.0,-1.6321224713807354,0.20477989056393855,0.08570214876882895,0.17465757549984773,0.0,0.0,2.5306828288524735e-42,omni
1.2789340768561794,-1.2936208333688264,3.300386096201662,0.0,0.0,-1.6321224713807354,0.20410712667638975,0.08743325161466721,0.17418523592408283,0.0,0.0,2.092452465972127e-42,omni
1.2804636817578465,-1.2977911881942037,3.303860373554715,0.0,0.0,-1.6321224713807354,0.2034384581681565,0.08911604821826793,0.1737138676526432,0.0,0.0,1.7293059313399308e-42,omni
1.2820267361901052,-1.3019502810834276,3.3073252438448404,0.0,0.0,-1.6321224713807354,0.2027739176437264,0.09075086981347794,0.1732435145062784,0.0,0.0,1.4285174758886437e-42,omni
1.2836222857741475,-1.3060981365273225,3.310780728112294,0.0,0.0,-1.6321224713807354,0.20211352394321402,0.09233813722249351,0.17277421337264365,0.0,0.0,1.1794940017655352e-42,omni
1.285249386075624,-1.3102347797673988,3.314226848016347,0.0,0.0,-1.6321224713807354,0.2014572840566906,0.09387834903392192,0.17230599520269485,0.0,0.0,9.734219302117058e-43,omni
1.2869071039571682,-1.314360236675035,3.3176636257337155,0.0,0.0,-1.6321224713807354,0.20080519480007986,0.09537207096523766,0.17183888586845936,0.0,0.0,8.029717806196041e-43,omni
1.2885945187382954,-1.3184745336482104,3.321091083871727,0.0,0.0,-1.6321224713807354,0.20015724428118134,0.09681992630332996,0.17137290690058132,0.0,0.0,6.620511667738553e-43,omni
1.290310723182461,-1.3225776975232997,3.324509245394163,0.0,0.0,-1.6321224713807354,0.19951341318117266,0.09822258732505769,0.17090807612178444,0.0,0.0,5.4559838785051794e-43,omni
1.2920548243292476,-1.3266697554997908,3.327918133557971,0.0,0.0,-1.6321224713807354,0.19887367587403537,0.09958076760756776,0.17044440819037288,0.0,0.0,4.494100349902703e-43,omni
1.2938259441879525,-1.3307507350760723,3.331317771859292,0.0,0.0,-1.6321224713807354,0.1982380014037385,0.10089521514554843,0.16998191506609223,0.0,0.0,3.699970837172173e-43,omni
1.2956267008683058,-1.3348253124521723,3.3347120553919702,0.0,0.0,-1.6321224713807354,0.19782767450734307,0.10235465176615548,0.16971417663389887,0.0,0.0,3.0446482763588538e-43,omni
1.297461628711291,-1.3389007018781094,3.338106993019738,0.0,0.0,-1.6321224713807354,0.1977634870542171,0.10406248648364284,0.16974688138841804,0.0,0.0,2.504127548433869e-43,omni
1.2993333777122362,-1.342981579278096,3.341506479585519,0.0,0.0,-1.6321224713807354,0.19792453570040122,0.10591690072144198,0.16997432828908443,0.0,0.0,2.0585109674519487e-43,omni
1.3012432110925587,-1.3470707463829241,3.344912849024839,0.0,0.0,-1.6321224713807354,0.19822153654579283,0.10784294287959978,0.17031847196599523,0.0,0.0,1.6913130766296365e-43,omni
1.3031913884296313,-1.351169642128528,3.3483273002770066,0.0,0.0,-1.6321224713807354,0.19858955349289711,0.10978634896251323,0.17072256260837673,0.0,0.0,1.3888817823233866e-43,omni
1.305177458828117,-1.3552787340068122,3.3517502232162273,0.0,0.0,-1.6321224713807354,0.19898228281147692,0.11170868523501382,0.17114614696101857,0.0,0.0,1.1399165922672605e-43,omni
1.3072004836155313,-1.3593978153776158,3.355181446263766,0.0,0.0,-1.6321224713807354,0.19936757599917107,0.11358354288676942,0.17156115237694253,0.0,0.0,9.350678622989724e-44,omni
1.3092592040324138,-1.3635262293930899,3.3586204228802985,0.0,0.0,-1.6321224713807354,0.19972394585776337,0.11539356804486506,0.17194883082661883,0.0,0.0,7.666035893309843e-44,omni
1.3113521661728436,-1.3676630358935047,3.3620663705628258,0.0,0.0,-1.6321224713807354,0.20003785142661498,0.11712815355192031,0.17229738412640355,0.0,0.0,6.281324971812449e-44,omni
1.313477812859715,-1.3718071342003146,3.3655183731112523,0.0,0.0,-1.6321224713807354,0.2003015983152831,0.1187816536639039,0.17260012742132608,0.0,0.0,5.143740134100194e-44,omni
1.3156345500859519,-1.3759573519909643,3.36897545464662,0.0,0.0,-1.6321224713807354,0.20051172391848351,0.12035201079911442,0.17285407676838893,0.0,0.0,4.209672863903762e-44,omni
1.3178207940163877,-1.3801125082551222,3.372436632043446,0.0,0.0,-1.6321224713807354,0.20066776349340193,0.12183970597426175,0.17305886984128416,0.0,0.0,3.4431269046453067e-44,omni
1.3200350032433732,-1.3842714565942835,3.3759009509913125,0.0,0.0,-1.6321224713807354,0.20077131436381038,0.12324696264135723,0.1732159473933064,0.0,0.0,2.8144035367410374e-44,omni
1.3222756999560497,-1.3884331137475059,3.379367509752264,0.0,0.0,-1.6321224713807354,0.20082533258829852,0.12457714814011435,0.1733279380475751,0.0,0.0,2.299011512946942e-44,omni
1.324541482865185,-1.3925964771340855,3.382835473771124,0.0,0.0,-1.6321224713807354,0.20083361010356768,0.12583432859467303,0.17339820094298614,0.0,0.0,1.8767636795894586e-44,omni
1.3268310340794158,-1.3967606343416332,3.3863040835776617,0.0,0.0,-1.6321224713807354,0.20080039128700083,0.1270229423702089,0.17343049032683702,0.0,0.0,1.531028656669836e-44,omni
1.3291431216199772,-1.4009247668089906,3.389772657854016,0.0,0.0,-1.6321224713807354,0.20073009660945884,0.12814756461773458,0.17342871381771502,0.0,0.0,1.2481112476148387e-44,omni
1.3314765988615782,-1.4050881494203964,3.3932405930968756,0.0,0.0,-1.6321224713807354,0.20062712800159715,0.12921274134113342,0.1733967621429613,0.0,0.0,1.0167396704403325e-44,omni
1.3338304018746612,-1.409250147310398,3.396707360956665,0.0,0.0,-1.6321224713807354,0.2004957360844061,0.1302228761159686,0.17333839298946707,0.0,0.0,8.276413895101728e-45,omni
1.3362035454008019,-1.4134102108541902,3.400172504065497,0.0,0.0,-1.6321224713807354,0.2003399337994513,0.1311821563146238,0.1732571554416263,0.0,0.0,6.731924010738219e-45,omni
1.3385951180041606,-1.417567869566103,3.4036356309558013,0.0,0.0,-1.6321224713807354,0.20016344444422166,0.1320945086403182,0.17315634451519243,0.0,0.0,5.471273871132216e-45,omni
1.3410042767961128,-1.4217227254345695,3.407096410509624,0.0,0.0,-1.6321224713807354,0.19996967485668038,0.1329635760994203,0.17303897769114818,0.0,0.0,4.4430028516296055e-45,omni
1.3434302420183373,-1.4258744460727313,3.4105545662543997,0.0,0.0,-1.6321224713807354,0.19976170664835197,0.13379271037278356,0.17290778723875644,0.0,0.0,3.6048659740890395e-45,omni
1.345872291684399,-1.4300227579502105,3.414009870726313,0.0,0.0,-1.6321224713807354,0.19954230007588386,0.13458497498345368,0.17276522359564112,0.0,0.0,2.922202397158702e-45,omni
1.3483297564153955,-1.4341674398856956,3.417462140050882,0.0,0.0,-1.6321224713807354,0.1993139064623856,0.13534315578106826,0.1726134662284757,0.0,0.0,2.3665895980671386e-45,omni
1.3508020145569934,-1.4383083169156994,3.420911228836833,0.0,0.0,-1.6321224713807354,0.19907868610843754,0.13606977613752821,0.17245443929751803,0.0,0.0,1.9147337501880278e-45,omni
1.3532884876294584,-1.4424452546073125,3.42435702543974,0.0,0.0,-1.6321224713807354,0.19883852942968136,0.13676711492605337,0.17228983014535204,0.0,0.0,1.5475552849971238e-45,omni
1.3557886361362559,-1.446578153848135,3.4277994476230913,0.0,0.0,-1.6321224713807354,0.19859507967225706,0.13743722587807652,0.1721211091675519,0.0,0.0,1.2494356727012686e-45,omni
1.3583019557381613,-1.4507069461218338,3.4312384386237853,0.0,0.0,-1.6321224713807354,0.19834975602804364,0.13808195731271095,0.17194955003468732,0.0,0.0,1.0075973040137737e-45,omni
1.3608279737868505,-1.4548315892605237,3.434673963614751,0.0,0.0,-1.6321224713807354,0.19810377632973977,0.13870297153811978,0.1717762495482971,0.0,0.0,8.115932075410091e-46,omni
1.3633662462032141,-1.4589520636536364,3.4381060065477453,0.0,0.0,-1.6321224713807354,0.19785817877595266,0.13930176345397285,0.17160214664974247,0.0,0.0,6.5288736086486365e-46,omni
1.3659163546800819,-1.4630683688856225,3.441534567353291,0.0,0.0,-1.6321224713807354,0.19761384233819176,0.13987967805589885,0.1714280402773081,0.0,0.0,5.24509688539836e-46,omni
1.368477904185873,-1.4671805207706294,3.4449596594712326,0.0,0.0,-1.6321224713807354,0.1973715056504452,0.14043792666955796,0.17125460589706315,0.0,0.0,4.207726034047583e-46,omni
1.3710505207441643,-1.4712885487503906,3.4483813076837824,0.0,0.0,-1.6321224713807354,0.1971317842900289,0.14097760183401994,0.1710824106274819,0.0,0.0,3.3703823586880615e-46,omni
1.3736338494639193,-1.4753924936212501,3.451799546222683,0.0,0.0,-1.6321224713807354,0.1968951864352195,0.14149969081966962,0.17091192694502644,0.0,0.0,2.695273899234193e-46,omni
1.3762275527956722,-1.4794924055570517,3.4552144171227703,0.0,0.0,-1.6321224713807354,0.19666212693830964,0.14200508781124838,0.17074354500437483,0.0,0.0,2.1516283173076824e-46,omni
1.3788313089900777,-1.483588342396174,3.4586259687955274,0.0,0.0,-1.6321224713807354,0.19643293988801216,0.1424946048168505,0.17057758363785241,0.0,0.0,1.714408125976789e-46,omni
1.3814448107367292,-1.4876803681630106,3.4620342547978855,0.0,0.0,-1.6321224713807354,0.19620788975713663,0.14296898138259062,0.17041430011787578,0.0,0.0,1.3632579937762231e-46,omni
1.384067763962803,-1.4917685517964554,3.4654393327734234,0.0,0.0,-1.6321224713807354,0.19598718124368186,0.14342889320323343,0.170253898776915,0.0,0.0,1.081642704085946e-46,omni
1.3866998867728417,-1.4958529660603352,3.468841263545104,0.0,0.0,-1.6321224713807354,0.19577096791864002,0.14387495972362574,0.17009653858399487,0.0,0.0,8.561416600352154e-47,omni
1.3893409085127615,-1.4999336866131137,3.4722401103406413,0.0,0.0,-1.6321224713807354,0.19555935979395275,0.14430775082605468,0.16994233977689244,0.0,0.0,6.758718582857662e-47,omni
1.3919905689428604,-1.5040107912165068,3.475635938133568,0.0,0.0,-1.6321224713807354,0.1953524299207715,0.1447277926960031,0.16979138964631596,0.0,0.0,5.320162327030747e-47,omni
1.3946486175062531,-1.5080843590648316,3.4790288130848386,0.0,0.0,-1.6321224713807354,0.19515022012262304,0.14513557295418741,0.16964374756350462,0.0,0.0,4.174383737580845e-47,omni
1.3973148126806556,-1.5121544702189766,3.4824188020715714,0.0,0.0,-1.6321224713807354,0.19495274596114837,0.14553154513698952,0.16949944933662925,0.0,0.0,3.2636801293234903e-47,omni
1.3999889214028574,-1.516221205130763,3.485805972291065,0.0,0.0,-1.6321224713807354,0.19476000102440733,0.14591613260097835,0.16935851097466628,0.0,0.0,2.541444488552998e-47,omni
1.4026707185564937,-1.5202846442451918,3.4891903909296738,0.0,0.0,-1.6321224713807354,0.19457196061978607,0.14628973192055206,0.16922093193046328,0.0,0.0,1.9700738723407826e-47,omni
1.40535998651488,-1.5243448676696219,3.4925721248874297,0.0,0.0,-1.6321224713807354,0.19438858494563405,0.14665271584109701,0.16908669788780173,0.0,0.0,1.5192655578978342e-47,omni
1.4080565147317141,-1.5284019549003267,3.495951240550442,0.0,0.0,-1.6321224713807354,0.19420982180811666,0.14700543584364384,0.16895578315058168,0.0,0.0,1.1646300948402703e-47,omni
1.4107600993733713,-1.5324559845981194,3.4993278036041606,0.0,0.0,-1.6321224713807354,0.19403560894253905,0.1473482243709266,0.16882815268593393,0.0,0.0,8.86563190893363e-48,omni
1.4134705429873342,-1.5365070344058387,3.502701878881505,0.0,0.0,-1.6321224713807354,0.19386587599166563,0.14768139675909364,0.16870376386718008,0.0,0.0,6.693288620684677e-48,omni
1.4161876542020282,-1.540555180801458,3.506073530240647,0.0,0.0,-1.6321224713807354,0.1937005461873722,0.14800525291411612,0.16858256795715276,0.0,0.0,5.003149029516247e-48,omni
1.4189112474539625,-1.5446004989814395,3.509442820467996,0.0,0.0,-1.6321224713807354,0.19353953777633706,0.1483200787672058,0.1684645113674652,0.0,0.0,3.694288127951285e-48,omni
1.421641142738635,-1.5486430627697,3.512809811202493,0.0,0.0,-1.6321224713807354,0.19338276522539813,0.14862614753928138,0.16834953672487915,0.0,0.0,2.686081220542134e-48,omni
1.4243771653821449,-1.5526829445482078,3.5161745628779326,0.0,0.0,-1.6321224713807354,0.19323014023765211,0.14892372084069583,0.16823758377194242,0.0,0.0,1.914238274255987e-48,omni
1.4271191458308798,-1.5567202152057986,3.519537134680443,0.0,0.0,-1.6321224713807354,0.1930815726063223,0.14921304962902976,0.16812859012552572,0.0,0.0,1.3275954729980652e-48,omni
1.429866919457005,-1.5607549441022937,3.5228975845187187,0.0,0.0,-1.6321224713807354,0.1929369709298327,0.149494375044739,0.16802249191375268,0.0,0.0,8.855220709726146e-49,omni
1.43262032637781,-1.5647871990454159,3.526255969004899,0.0,0.0,-1.6321224713807354,0.1927962432083646,0.14976792914178483,0.16791922430905212,0.0,0.0,5.558268146012766e-49,omni
1.4353792112872303,-1.5688170462783904,3.529612343444351,0.0,0.0,-1.6321224713807354,0.19265929733939594,0.15003393552804128,0.167818721972635,0.0,0.0,3.1306961649959777e-49,omni
1.4381434232981032,-1.572844550476406,3.532966761832823,0.0,0.0,-1.6321224713807354,0.19252604152729397,0.15029260992823074,0.1677209194235753,0.0,0.0,1.3720167278831828e-49,omni
1.4409128157939237,-1.5768697747504057,3.536319276859699,0.0,0.0,-1.6321224713807354,0.19239638461991693,0.15054416068036114,0.16762575134382374,0.0,0.0,1.2471520180380954e-50,omni
1.443687246289034,-1.5808927806569042,3.5396699399162768,0.0,0.0,-1.6321224713807354,0.19227023638333732,0.1507887891750888,0.16753315282887357,0.0,0.0,-7.345378994679665e-50,omni
1.4464665762963296,-1.5849136282127152,3.5430188011081243,0.0,0.0,-1.6321224713807354,0.1921475077242061,0.15102669024609156,0.1674430595924041,0.0,0.0,-1.3019369184361854e-49,omni
1.4492506712017048,-1.588932375913669,3.5463659092707656,0.0,0.0,-1.6321224713807354,0.19202811086789537,0.15125805251837604,0.16735540813202,0.0,0.0,-1.6521879916852445e-49,omni
1.4520394001445556,-1.5929490807565199,3.5497113119880095,0.0,0.0,-1.6321224713807354,0.19191195949936724,0.15148305872044251,0.1672701358621639,0.0,0.0,-1.8430247818753856e-49,omni
1.4548326359037576,-1.5969637982633869,3.5530550556123974,0.0,0.0,-1.6321224713807354,0.19179896887269124,0.15170188596536968,0.1671871812193837,0.0,0.0,-1.9188132952887292e-49,omni
1.457630254788621,-1.6009765825081674,3.556397185287285,0.0,0.0,-1.6321224713807354,0.19168905589425025,0.1519147060051403,0.16710648374436496,0.0,0.0,-1.9134241191098083e-49,omni
1.460432136534387,-1.6049874861444524,3.559737744970175,0.0,0.0,-1.6321224713807354,0.19158213918391973,0.1521216854618943,0.16702798414447817,0.0,0.0,-1.852516302007303e-49,omni
1.463238164201888,-1.6089965604345597,3.5630767774569763,0.0,0.0,-1.6321224713807354,0.1914781391178566,0.15232298603925137,0.1669516243400242,0.0,0.0,-1.7553493928266765e-49,omni
1.466048224081051,-1.6130038552793489,3.566414324406914,0.0,0.0,-1.6321224713807354,0.19137697785598068,0.15251876471637937,0.16687734749687705,0.0,0.0,-1.6362176629741668e-49,omni
1.4688622055979577,-1.6170094192485547,3.5697504263678703,0.0,0.0,-1.6321224713807354,0.19127857935675835,0.15270917392708816,0.16680509804780938,0.0,0.0,-1.505582301345403e-49,omni
1.4716800012252091,-1.6210132996114084,3.5730851228019582,0.0,0.0,-1.6321224713807354,0.19118286938149445,0.15289436172588894,0.1667348217044342,0.0,0.0,-1.3709625959940065e-49,omni
1.4745015063953921,-1.6250155423673596,3.5764184521111866,0.0,0.0,-1.6321224713807354,0.19108977548999562,0.15307447194267068,0.16666646546139507,0.0,0.0,-1.237635158473263e-49,omni
1.4773266194174421,-1.629016192276753,3.5797504516630707,0.0,0.0,-1.6321224713807354,0.1909992270291748,0.15324964432739907,0.166599977594182,0.0,0.0,-1.1091805778394343e-49,omni
1.4801552413957413,-1.6330152928913242,3.5830811578161055,0.0,0.0,-1.6321224713807354,0.19091115511591988,0.15342001468603492,0.1665353076517334,0.0,0.0,-9.87909081705292e-50,omni
1.4829872761518021,-1.6370128865844233,3.586410605945002,0.0,0.0,-1.6321224713807354,0.19082549261533763,0.15358571500869134,0.1664724064448001,0.0,0.0,-8.751904809638954e-50,omni
1.485822630148404,-1.6410090145808767,3.589738830465619,0.0,0.0,-1.6321224713807354,0.19074217411530597,0.15374687359089823,0.1664112260308908,0.0,0.0,-7.717085973345509e-50,omni
1.48866121241606,-1.6450037169864216,3.593065864859549,0.0,0.0,-1.6321224713807354,0.19066113589811648,0.15390361514871534,0.16635171969648754,0.0,0.0,-6.776562862928804e-50,omni
1.491502934481712,-1.64899703281667,3.5963917416982913,0.0,0.0,-1.6321224713807354,0.19058231590986086,0.154056060928327,0.166293841937106,0.0,0.0,-5.928838831892413e-50,omni
1.4943477102995508,-1.6529890000255494,3.5997164926670053,0.0,0.0,-1.6321224713807354,0.19050565372810754,0.15420432881065937,0.16623754843568286,0.0,0.0,-5.170112637930969e-50,omni
1.4971954561838785,-1.6569796555331984,3.6030401485877985,0.0,0.0,-1.6321224713807354,0.19043109052832285,0.1543485334114847,0.16618279603969088,0.0,0.0,-4.49511597361868e-50,omni
1.5000460907439261,-1.6609690352532935,3.6063627394425457,0.0,0.0,-1.6321224713807354,0.19035856904941423,0.1544887861774099,0.16612954273731706,0.0,0.0,-3.8977317939556817e-50,omni
1.5028995348205594,-1.6649571741197875,3.609684294395205,0.0,0.0,-1.6321224713807354,0.190288033558709,0.1546251954780934,0.16607774763298033,0.0,0.0,-3.3714438044855563e-50,omni
1.505755711424795,-1.6689441061130517,3.613004841813654,0.0,0.0,-1.6321224713807354,0.19021942981662682,0.15475786669498504,0.1660273709224196,0.0,0.0,-2.909656702753879e-50,omni
1.5086145456780693,-1.6729298642854193,3.6163244092910056,0.0,0.0,-1.6321224713807354,0.19015270504125834,0.15488690230684615,0.16597837386754116,0.0,0.0,-2.5059181942637805e-50,omni
1.511475964754198,-1.6769144807861178,3.619643023666429,0.0,0.0,-1.6321224713807354,0.19008780787302437,0.1550124019722719,0.16593071877118248,0.0,0.0,-2.154066997281935e-50,omni
1.5143398978229692,-1.6808979868856062,3.6229607110454674,0.0,0.0,-1.6321224713807354,0.19002468833955732,0.15513446260941072,0.165884368951919,0.0,0.0,-1.848325658053357e-50,omni
1.5172062759953204,-1.684880412999304,3.626277496819848,0.0,0.0,-1.6321224713807354,0.18996329782091978,0.15525317847305095,0.16583928871901882,0.0,0.0,-1.5833527363006802e-50,omni
1.5200750322700427,-1.6888617887107327,3.6295934056868,0.0,0.0,-1.6321224713807354,0.18990358901525237,0.1553686412292251,0.16579544334762966,0.0,0.0,-1.3542655624551288e-50,omni
1.522946101481973,-1.6928421427940672,3.6329084616678853,0.0,0.0,-1.6321224713807354,0.18984551590492427,0.15548094002746415,0.16575279905426493,0.0,0.0,-1.1566421295970566e-50,omni
1.5258194202516229,-1.6968215032361071,3.6362226881273387,0.0,0.0,-1.6321224713807354,0.189789033723244,0.15559016157082062,0.16571132297264368,0.0,0.0,-9.86508617324753e-51,omni
1.5286949269362011,-1.7007998972576834,3.639536107789937,0.0,0.0,-1.6321224713807354,0.18973409892177467,0.1556963901837661,0.16567098312992615,0.0,0.0,-8.403174335991696e-51,omni
1.5315725615819946,-1.7047773513344995,3.6428487427584053,0.0,0.0,-1.6321224713807354,0.18968066913828752,0.1557997078780588,0.16563174842337774,0.0,0.0,-7.14919409417177e-51,omni
1.5344522658780615,-1.7087538912174314,3.6461606145303542,0.0,0.0,-1.6321224713807354,0.18962870316537764,0.15590019441666708,0.16559358859748619,0.0,0.0,-6.075328142891744e-51,omni
1.5373339831112005,-1.7127295419522846,3.6494717440147846,0.0,0.0,-1.6321224713807354,0.18957816091975968,0.15599792737582807,0.1655564742215497,0.0,0.0,-5.1571111754363115e-51,omni
1.5402176581221585,-1.7167043278990308,3.65278215154814,0.0,0.0,-1.6321224713807354,0.18952900341225326,0.1560929822053135,0.1655203766677492,0.0,0.0,-4.373108533313084e-51,omni
1.5431032372630484,-1.7206782727505268,3.6560918569099337,0.0,0.0,-1.6321224713807354,0.18948119271846486,0.1561854322869686,0.1654852680897123,0.0,0.0,-3.7046051759347e-51,omni
1.5459906683559301,-1.7246513995507355,3.6594008793379644,0.0,0.0,-1.6321224713807354,0.18943469195016677,0.15627534899158646,0.1654511214015732,0.0,0.0,-3.135311028348419e-51,omni
1.548879900652534,-1.728623730712455,3.662709237543116,0.0,0.0,-1.6321224713807354,0.18938946522737185,0.15636280173417483,0.1654179102575305,0.0,0.0,-2.651086372771371e-51,omni
1.5517708847950897,-1.7325952880345696,3.6660169497237534,0.0,0.0,-1.6321224713807354,0.189345477651099,0.1564478580276689,0.16538560903190128,0.0,0.0,-2.2396891989652097e-51,omni
1.554663572778226,-1.7365660927188353,3.669324033579747,0.0,0.0,-1.6321224713807354,0.1893026952768227,0.15653058353514068,0.1653541927996682,0.0,0.0,-1.890545170402504e-51,omni
1.5575579179119188,-1.740536165386214,3.6726305063260978,0.0,0.0,-1.6321224713807354,0.18926108508859807,0.15661104212055268,0.16532363731751512,0.0,0.0,-1.5945399806163092e-51,omni
1.5604538747854562,-1.7445055260927582,3.675936384706205,0.0,0.0,-1.6321224713807354,0.1892206149738509,0.15668929589810104,0.16529391900534485,0.0,0.0,-1.3438332755215306e-51,omni
1.5633513992323873,-1.7484741943450726,3.679241685004771,0.0,0.0,-1.6321224713807354,0.18918125369882208,0.15676540528019062,0.16526501492827225,0.0,0.0,-1.1316929315589282e-51,omni
1.5662504482964346,-1.752442189115346,3.682546423060352,0.0,0.0,-1.6321224713807354,0.18914297088465387,0.15683942902408388,0.16523690277908432,0.0,0.0,-9.523482509813674e-52,omni
1.5691509801983379,-1.7564095288559847,3.6858506142775753,0.0,0.0,-1.6321224713807354,0.18910573698410577,0.15691142427726174,0.16520956086115912,0.0,0.0,-8.008605218688755e-52,omni
1.5720529543036112,-1.7603762315138376,3.6891542736390126,0.0,0.0,-1.6321224713807354,0.18906952325888646,0.1569814466215344,0.16518296807183408,0.0,0.0,-6.73009358866738e-52,omni
1.5749563310911785,-1.76434231454404,3.692457415716737,0.0,0.0,-1.6321224713807354,0.1890343017575889,0.1570495501159384,0.1651571038862147,0.0,0.0,-5.651932663334565e-52,omni
1.5778610721228679,-1.7683077949234767,3.6957600546835647,0.0,0.0,-1.6321224713807354,0.18900004529421444,0.15711578733845433,0.16513194834141404,0.0,0.0,-4.7434292980150824e-52,omni
1.5807671400137477,-1.7722726891638791,3.699062204323989,0.0,0.0,-1.6321224713807354,0.18896672742727255,0.15718020942657845,0.16510748202121295,0.0,0.0,-3.978458303731799e-52,omni
1.583674498403268,-1.776237013324564,3.7023638780448107,0.0,0.0,-1.6321224713807354,0.1889343224394423,0.15724286611678112,0.1650836860411317,0.0,0.0,-3.334808795471314e-52,omni
1.5865831119271971,-1.7802007830248245,3.7056650888854894,0.0,0.0,-1.6321224713807354,0.18890280531778195,0.15730380578288267,0.1650605420339027,0.0,0.0,-2.793618814770855e-52,omni
1.5894929461903222,-1.784164013455981,3.7089658495281967,0.0,0.0,-1.6321224713807354,0.18887215173447308,0.15736307547337713,0.1650380321353349,0.0,0.0,-2.3388874044467612e-52,omni
1.592403967739904,-1.7881267193931045,3.7122661723076082,0.0,0.0,-1.6321224713807354,0.18884233802808573,0.15742072094773335,0.16501613897056028,0.0,0.0,-1.9570543967125074e-52,omni
1.595316144039854,-1.7920889152064208,3.715566069220421,0.0,0.0,-1.6321224713807354,0.18881334118535137,0.15747678671170134,0.16499484564065206,0.0,0.0,-1.6366392102458786e-52,omni
1.5982294434456186,-1.796050614872397,3.718865551934613,0.0,0.0,-1.6321224713807354,0.18878513882343062,0.1575313160516517,0.1649741357096062,0.0,0.0,-1.367930921462066e-52,omni
1.6011438351797531,-1.8000118319845309,3.7221646317984463,0.0,0.0,-1.6321224713807354,0.1887577091726626,0.15758435106797436,0.16495399319167603,0.0,0.0,-1.142722771633533e-52,omni
1.604059289308165,-1.8039725797638415,3.725463319849228,0.0,0.0,-1.6321224713807354,0.18873103105978395,0.15763593270756343,0.16493440253905123,0.0,0.0,-9.540850907942997e-53,omni
1.606975810211315,-1.807932854709524,3.7287615979756112,0.0,0.0,-1.6321224713807354,0.18870416481228092,0.1576877222306059,0.16491390631917047,0.0,0.0,-7.9617136129191985e-53,omni
1.6098939918827202,-1.8118923653746777,3.732058940668271,0.0,0.0,-1.6321224713807354,0.1886609333885247,0.15776826249264647,0.16486713463299674,0.0,0.0,-6.640528105236091e-53,omni
1.6128152882473568,-1.8158504003313578,3.7353540822003883,0.0,0.0,-1.6321224713807354,0.18857774204998173,0.15791918225529333,0.16475707660584304,0.0,0.0,-5.535775175169688e-53,omni
1.6157416987161664,-1.8198059816949999,3.7386452873629445,0.0,0.0,-1.6321224713807354,0.18843962143140008,0.15816688801913512,0.1645602581278245,0.0,0.0,-4.6125054626995675e-53,omni
1.6186755354214133,-1.8237579785976223,3.741930551685677,0.0,0.0,-1.6321224713807354,0.18823797844258916,0.1585265176565961,0.1642632161366664,0.0,0.0,-3.8413208535815946e-53,omni
1.621619252927461,-1.8277051899326289,3.7452077476215533,0.0,0.0,-1.6321224713807354,0.18796887128783615,0.15900496414676205,0.16385979679383564,0.0,0.0,-3.197509836665487e-53,omni
1.6245753255750601,-1.8316464036315188,3.7484747294890384,0.0,0.0,-1.6321224713807354,0.18763169229983248,0.15960318085864822,0.16334909337421338,0.0,0.0,-2.6603143160464306e-53,omni
1.62754616100133,-1.835580438115085,3.7517294070899845,0.0,0.0,-1.6321224713807354,0.18722816748311188,0.1603179323113431,0.16273388004729566,0.0,0.0,-2.2123085104040314e-53,omni
1.630534041001093,-1.8395061702940707,3.7549697956764807,0.0,0.0,-1.6321224713807354,0.18676160146681267,0.1611431174540515,0.16201942932482855,0.0,0.0,-1.8388733038528294e-53,omni
1.6335410829281682,-1.8434225535021602,3.7581940481900706,0.0,0.0,-1.6321224713807354,0.18623631212550334,0.16207076388227654,0.16121262567947986,0.0,0.0,-1.52775178389416e-53,omni
1.6365692164097838,-1.8473286279687493,3.7614004743338048,0.0,0.0,-1.6321224713807354,0.18565721134378857,0.1630917691933111,0.16032130718666765,0.0,0.0,-1.2686737550160734e-53,omni
1.6396201713660437,-1.8512235258337377,3.7645875499772363,0.0,0.0,-1.6321224713807354,0.18502949798752702,0.16419644845134507,0.15935378217159957,0.0,0.0,-1.053038789733613e-53,omni
1.642695474269156,-1.85510647223511,3.76775391957062,0.0,0.0,-1.6321224713807354,0.18435843666265916,0.1653749333661687,0.15831847966916346,0.0,0.0,-8.736489072333384e-54,omni
1.6457964503057212,-1.8589767836334812,3.7708983936054534,0.0,0.0,-1.6321224713807354,0.18364920173367438,0.16661745842459938,0.15722370174163747,0.0,0.0,-7.244832845001231e-54,omni
1.6489242296679654,-1.862833864253391,3.774019942663648,0.0,0.0,-1.6321224713807354,0.18290677068558903,0.16791456117853892,0.1560774529097101,0.0,0.0,-6.005085336608572e-54,omni
1.6520797566336263,-1.86667720130113,3.777117689215171,0.0,0.0,-1.6321224713807354,0.1821358545199491,0.1692572176662639,0.15488732757618048,0.0,0.0,-4.9751904690374506e-54,omni
1.655263800428269,-1.8705063594491824,3.7801908980292507,0.0,0.0,-1.6321224713807354,0.18134085569252564,0.1706369291190903,0.15366044070397822,0.0,0.0,-4.120027384346199e-54,omni
1.6584769671206077,-1.8743209749469678,3.783238965837674,0.0,0.0,-1.6321224713807354,0.18052584629782445,0.17204577236946444,0.15240339042121787,0.0,0.0,-3.410282205764518e-54,omni
1.661719711998386,-1.8781207496177752,3.786261410715229,0.0,0.0,-1.6321224713807354,0.17969456091689134,0.1734764234847118,0.15112224387778794,0.0,0.0,-2.8215005498229836e-54,omni
1.6649923520230325,-1.881905444925818,3.789257861509958,0.0,0.0,-1.6321224713807354,0.17885039987526394,0.174922161913665,0.14982253973647502,0.0,0.0,-2.333292345572978e-54,omni
1.6682950780762356,-1.8856748762398434,3.7922280475554957,0.0,0.0,-1.6321224713807354,0.1779964396899409,0.1763768607041596,0.14850930227686523,0.0,0.0,-1.9286648971452671e-54,omni
1.671627966798815,-1.8894289073765516,3.795171788821977,0.0,0.0,-1.6321224713807354,0.17713544828287728,0.17783496701383444,0.14718706332405246,0.0,0.0,-1.593463849844057e-54,omni
1.6749909918882204,-1.8931674454749337,3.798088986605301,0.0,0.0,-1.6321224713807354,0.17626990315479318,0.17929147610628032,0.14585988916620152,0.0,0.0,-1.31590488238982e-54,omni
1.67838403477048,-1.896890436228982,3.8009796148124537,0.0,0.0,-1.6321224713807354,0.175402011187075,0.18074190123065376,0.1445314103576072,0.0,0.0,-1.086181630629503e-54,omni
1.6818068945992957,-1.9005978594890742,3.8038437118697694,0.0,0.0,-1.6321224713807354,0.17453372910268727,0.182182241172139,0.1432048528658123,0.0,0.0,-8.961376214912795e-55,omni
1.6852592975621625,-1.9042897252301334,3.8066813732587836,0.0,0.0,-1.6321224713807354,0.17366678389394224,0.18360894679175677,0.14188306945070345,0.0,0.0,-7.389919207407827e-55,omni
1.6887409054931,-1.9079660698762082,3.8094927446685856,0.0,0.0,-1.6321224713807354,0.17280269273499893,0.18501888751493156,0.1405685704900541,0.0,0.0,-6.0910982616586766e-55,omni
1.6922513238057009,-1.9116269529655068,3.812278015742845,0.0,0.0,-1.6321224713807354,0.17194278205518884,0.18640931845407,0.13926355371296312,0.0,0.0,-5.018113136945739e-55,omni
1.6957901087699356,-1.9152724541363828,3.815037414392608,0.0,0.0,-1.6321224713807354,0.1710882055674927,0.18777784864188907,0.13796993248815456,0.0,0.0,-4.132111057110457e-55,omni
1.699356774162691,-1.9189026704128083,3.8177712016416536,0.0,0.0,-1.6321224713807354,0.1702399611339408,0.18912241069441185,0.13668936245227892,0.0,0.0,-3.400852109943834e-55,omni
1.7029507973260587,-1.9225177137670306,3.8204796669689576,0.0,0.0,-1.6321224713807354,0.16939890641355404,0.19044123210382954,0.13542326636516502,0.0,0.0,-2.7975961199949262e-55,omni
1.7065716246696512,-1.9261177089370742,3.8231631241120163,0.0,0.0,-1.6321224713807354,0.16856577328427463,0.19173280827282344,0.1341728571529541,0.0,0.0,-2.3001747125011225e-55,omni
1.7102186766540937,-1.9297027914772704,3.8258219072950728,0.0,0.0,-1.6321224713807354,0.16774118106248537,0.19299587733648776,0.1329391591528233,0.0,0.0,-1.8902181451973387e-55,omni
1.7138913522927763,-1.933273106020912,3.828456367847267,0.0,0.0,-1.6321224713807354,0.16692564856554942,0.19422939677029902,0.13172302760970744,0.0,0.0,-1.5525114131422727e-55,omni
1.7175890332081403,-1.9368288047352726,3.8310668711772675,0.0,0.0,-1.6321224713807354,0.16611960507690962,0.19543252174846276,0.13052516650001783,0.0,0.0,-1.2744582743727488e-55,omni
1.721311087277522,-1.9403700459505064,3.833653794072726,0.0,0.0,-1.6321224713807354,0.16532340028166614,0.19660458519320348,0.12934614477289638,0.0,0.0,-1.045635324086987e-55,omni
1.7250568719019836,-1.9438969929453027,3.8362175222948935,0.0,0.0,-1.6321224713807354,0.16453731324473914,0.19774507943964534,0.12818641110838017,0.0,0.0,-8.574211662957823e-56,omni
1.7288257369297513,-1.947409812873514,3.838758448440809,0.0,0.0,-1.6321224713807354,0.16376156050488477,0.19885363943093282,0.12704630729579025,0.0,0.0,-7.026881825945511e-56,omni
1.7326170272639974,-1.9509086758173215,3.8412769700475295,0.0,0.0,-1.6321224713807354,0.16299630335686638,0.19993002735266927,0.12592608033607322,0.0,0.0,-5.755464524142996e-56,omni
1.7364300851827401,-1.9543937539537757,3.8437734879149255,0.0,0.0,-1.6321224713807354,0.16224165439165,0.20097411861346123,0.12482589336975825,0.0,0.0,-4.711311007564775e-56,omni
1.740264252396712,-1.9578652208227567,3.8462484046254937,0.0,0.0,-1.6321224713807354,0.16149768336111026,0.20198588907846404,0.12374583552843821,0.0,0.0,-3.8542579114175865e-56,omni
1.7441188718691236,-1.9613232506855545,3.84870212324155,0.0,0.0,-1.6321224713807354,0.16076442242975986,0.2029654034646544,0.12268593080282894,0.0,0.0,-3.1511628812188436e-56,omni
1.74799328941945,-1.9647680179642972,3.851135046161849,0.0,0.0,-1.6321224713807354,0.16004187087174257,0.20391280480959084,0.12164614601494798,0.0,0.0,-2.5746902298570823e-56,omni
1.7518868551315847,-1.968199696753451,3.853547574121372,0.0,0.0,-1.6321224713807354,0.15932999926694114,0.20482830492927054,0.12062639797610539,0.0,0.0,-2.1023044004153233e-56,omni
1.7557989245850665,-1.9716184603954912,3.8559401053195015,0.0,0.0,-1.6321224713807354,0.15862875324569853,0.20571217578505244,0.11962655990644812,0.0,0.0,-1.7154360584288028e-56,omni
1.7597288599265217,-1.9750244811136588,3.8583130346632193,0.0,0.0,-1.6321224713807354,0.15793805682742562,0.2065647416842697,0.11864646718591386,0.0,0.0,-1.398791524513227e-56,omni
1.7636760307969979,-1.9784179296954563,3.8606667531132346,0.0,0.0,-1.6321224713807354,0.1572578153943349,0.20738637224393275,0.11768592250074222,0.0,0.0,-1.139781172117588e-56,omni
1.7676398151295138,-1.9817989752211986,3.8630016471221187,0.0,0.0,-1.6321224713807354,0.15658791833774177,0.20817747605170364,0.11674470044424035,0.0,0.0,-9.280465143631034e-57,omni
1.77161959982988,-1.9851677848325429,3.8653180981546265,0.0,0.0,-1.6321224713807354,0.15592824141082967,0.20893849496301786,0.11582255162535136,0.0,0.0,-7.550691218298456e-57,omni
1.7756147813526864,-1.9885245235364535,3.8676164822813015,0.0,0.0,-1.6321224713807354,0.15527864881849426,0.2096698989777755,0.11491920633375571,0.0,0.0,-6.138473615485716e-57,omni
1.779624766183267,-1.9918693540405557,3.8698971698374174,0.0,0.0,-1.6321224713807354,0.15463899507186488,0.21037218164438048,0.11403437780575693,0.0,0.0,-4.9862932006134355e-57,omni
1.7836528899931803,-1.9952049447634173,3.872161934942256,0.0,0.0,-1.6321224713807354,0.1541222896572952,0.21124911142267477,0.11323825524189583,0.0,0.0,-4.0469224873541964e-57,omni
1.7877046395743867,-1.9985353314891603,3.874413315479441,0.0,0.0,-1.6321224713807354,0.15379018046746742,0.21241223227794895,0.1125690268592723,0.0,0.0,-3.2816051327577937e-57,omni
1.7917833741829685,-2.001863178618111,3.8766530735413185,0.0,0.0,-1.6321224713807354,0.15358074680327202,0.21375116494096688,0.1119879030938871,0.0,0.0,-2.658553965770663e-57,omni
1.7958908852518884,-2.005190137206674,3.878882396574776,0.0,0.0,-1.6321224713807354,0.15344822113029266,0.21518456034351136,0.11146615167285354,0.0,0.0,-2.1517124067576467e-57,omni
1.800027827380277,-2.0085171206704335,3.881102052272999,0.0,0.0,-1.6321224713807354,0.15335927443774103,0.21665342323243805,0.11098278491113153,0.0,0.0,-1.739733580468565e-57,omni
1.8041940481408634,-2.0118445157722538,3.88331250711512,0.0,0.0,-1.6321224713807354,0.1532900966313871,0.2181158642754407,0.1105227421060187,0.0,0.0,-1.4051392694608737e-57,omni
1.8083888386216074,-2.015172342917188,3.885514016432517,0.0,0.0,-1.6321224713807354,0.15322410953960358,0.2195429888781228,0.11007546586986305,0.0,0.0,-1.133627367383818e-57,omni
1.812611122103761,-2.018500376887515,3.887706692257231,0.0,0.0,-1.6321224713807354,0.1531501822120474,0.22091568859342617,0.1096337912357316,0.0,0.0,-9.135018954643893e-58,omni
1.8168595946622321,-2.0218282368371203,3.8898905539074673,0.0,0.0,-1.6321224713807354,0.15306124410485245,0.22222214755450725,0.10919308251181783,0.0,0.0,-7.35204127600468e-58,omni
1.8211328285814872,-2.0251554525134776,3.8920655652249843,0.0,0.0,-1.6321224713807354,0.1529532126426935,0.22345591389904504,0.10875056587586404,0.0,0.0,-5.909270852073502e-58,omni
1.8254293471704794,-2.0284815121975623,3.8942316615486523,0.0,0.0,-1.6321224713807354,0.1528241684779993,0.22461441638539018,0.10830481618337232,0.0,0.0,-4.7429874198221086e-58,omni
1.8297476777191883,-2.0318058966741313,3.896388768846553,0.0,0.0,-1.6321224713807354,0.15267372530502968,0.2256978307193198,0.10785536489505776,0.0,0.0,-3.801218289788197e-58,omni
1.834086387875092,-2.035128102607953,3.8985368169025905,0.0,0.0,-1.6321224713807354,0.15250255196087914,0.22670821964494262,0.10740240280190262,0.0,0.0,-3.04160241663327e-58,omni
1.8384441095557482,-2.038447657958042,3.9006757480357668,0.0,0.0,-1.6321224713807354,0.152312013268053,0.22764888652294404,0.10694655665880234,0.0,0.0,-2.429637976978971e-58,omni
1.8428195535934682,-2.0417641314732475,3.90280552249954,0.0,0.0,-1.6321224713807354,0.15210390305914126,0.22852389466939174,0.10648872318869124,0.0,0.0,-1.937245392308416e-58,omni
1.8472115175813648,-2.045077137847674,3.9049261214474975,0.0,0.0,-1.6321224713807354,0.15188024840990413,0.22933771476337228,0.10602994739786757,0.0,0.0,-1.5415896812528606e-58,omni
1.8516188888177687,-2.0483863397483444,3.907037548145896,0.0,0.0,-1.6321224713807354,0.15164316856553067,0.2300949706417087,0.1055713349199007,0.0,0.0,-1.2241158975703946e-58,omni
1.8560406437967873,-2.0516914476401493,3.9091398279522456,0.0,0.0,-1.6321224713807354,0.15139477559672437,0.2308002601804992,0.10511399031751524,0.0,0.0,-9.697595640052361e-59,omni
1.8604758453413408,-2.05499221810843,3.911233007452854,0.0,0.0,-1.6321224713807354,0.15113710664614916,0.23145803303692544,0.10465897503042568,0.0,0.0,-7.663007438491374e-59,omni
1.8649236382012118,-2.0582884512043873,3.9133171530538964,0.0,0.0,-1.6321224713807354,0.15087207986586856,0.23207251104977789,0.10420728005207229,0.0,0.0,-6.038359468629801e-59,omni
1.8693832437262417,-2.061579987202745,3.9153923492443377,0.0,0.0,-1.6321224713807354,0.15060146791911258,0.23264764028249213,0.10375980952208146,0.0,0.0,-4.743466477989717e-59,omni
1.873853954060874,-2.0648667030562735,3.9174586966901868,0.0,0.0,-1.6321224713807354,0.1503268843188124,0.23318706620667862,0.1033173722924656,0.0,0.0,-3.7134697280177916e-59,omni
1.878335126180479,-2.06814850875141,3.919516310274409,0.0,0.0,-1.6321224713807354,0.15004977897636665,0.2336941255027995,0.1028806792111227,0.0,0.0,-2.895962212344316e-59,omni
1.8828261759940277,-2.0714253437079457,3.9215653171624862,0.0,0.0,-1.6321224713807354,0.14977144019774563,0.2341718495068461,0.10245034440390369,0.0,0.0,-2.2486445371947843e-59,omni
1.8873265726652553,-2.0746971733194823,3.923605854947621,0.0,0.0,-1.6321224713807354,0.14949300103903862,0.23462297554514266,0.10202688925674254,0.0,0.0,-1.7374148721475964e-59,omni
1.891835833250173,-2.0779639856967127,3.9256380699101485,0.0,0.0,-1.6321224713807354,0.14921544845897633,0.23504996334393363,0.10161074812642351,0.0,0.0,-1.334813740214517e-59,omni
1.896353517708685,-2.081225788649951,3.9276621154113873,0.0,0.0,-1.6321224713807354,0.14893963411307862,0.23545501443236955,0.1012022750619658,0.0,0.0,-1.018758692989204e-59,omni
1.900879224318788,-2.0844826069287152,3.929678150431665,0.0,0.0,-1.6321224713807354,0.14866628594787756,0.2358400930217783,0.10080175101390274,0.0,0.0,-7.715156511769847e-60,omni
1.9054125855009392,-2.0877344797227946,3.9316863382548317,0.0,0.0,-1.6321224713807354,0.1483960199940741,0.23620694727649538,0.10040939115832923,0.0,0.0,-5.788633308277916e-60,omni
1.909953264045577,-2.0909814584199897,3.9336868452963594,0.0,0.0,-1.6321224713807354,0.1481293519403638,0.2365571302205232,0.10002535207636752,0.0,0.0,-4.2941509070852905e-60,omni
1.9145009497270207,-2.094223604609479,3.9356798400686697,0.0,0.0,-1.6321224713807354,0.14786670820761827,0.23689201977253782,0.09964973861550697,0.0,0.0,-3.140690315985418e-60,omni
1.9190553562807418,-2.097460988315824,3.9376654922751357,0.0,0.0,-1.6321224713807354,0.14760843634611573,0.23721283758720205,0.09928261032332389,0.0,0.0,-2.2556250561020516e-60,omni
1.9236162187174333,-2.100693686446409,3.9396439720229623,0.0,0.0,-1.6321224713807354,0.14735481465447547,0.23752066651755893,0.09892398739130351,0.0,0.0,-1.5811156051705987e-60,omni
1.9281832909456555,-2.103921781434041,3.9416154491445767,0.0,0.0,-1.6321224713807354,0.14710606097408663,0.23781646661265674,0.09857385608073875,0.0,0.0,-1.0711942161821145e-60,omni
1.9327563436745254,-2.1071453600563026,3.943580092617117,0.0,0.0,-1.6321224713807354,0.146862340652026,0.2381010896352791,0.09823217362701944,0.0,0.0,-6.894104284110681e-61,omni
1.9373351625685824,-2.110364512413691,3.945538070069825,0.0,0.0,-1.6321224713807354,0.14662377369256324,0.23837529213361366,0.09789887263543452,0.0,0.0,-4.0693155656941634e-61,omni
1.9419195466282415,-2.1135793310494138,3.94748954736968,0.0,0.0,-1.6321224713807354,0.14639044113534275,0.23863974713325653,0.09757386499275056,0.0,0.0,-2.0101204483180182e-61,omni
1.946509306770899,-2.1167899101948024,3.9494346882761957,0.0,0.0,-1.6321224713807354,0.14616239070953743,0.23889505453629994,0.09725704532575025,0.0,0.0,-5.3761591590501175e-62,omni
1.9511042645896726,-2.1199963451255273,3.9513736541570297,0.0,0.0,-1.6321224713807354,0.1459396418194821,0.23914175032561116,0.0969482940417313,0.0,0.0,4.884496587626292e-62,omni
1.9557042512687202,-2.1231987316151,3.9533066037567797,0.0,0.0,-1.6321224713807354,0.14572218991989822,0.23938031467726828,0.09664747998753978,0.0,0.0,1.1776233916301613e-61,omni
1.9603091066360798,-2.12639716547343,3.9552336930120533,0.0,0.0,-1.6321224713807354,0.1455100103388719,0.23961117908437007,0.09635446276370022,0.0,0.0,1.61511671559426e-61,omni
1.9649186783369081,-2.129591742159429,3.957155074906636,0.0,0.0,-1.6321224713807354,0.14530306160504297,0.23983473259252233,0.09606909472910469,0.0,0.0,1.8669013967049668e-61,omni
1.9695328211118281,-2.132782556457894,3.9590708993612336,0.0,0.0,-1.6321224713807354,0.145101288332607,0.2400513272423043,0.0957912227299092,0.0,0.0,1.9837801577173218e-61,omni
1.9741513961668093,-2.135969702211947,3.960981313152914,0.0,0.0,-1.6321224713807354,0.14490462371417134,0.24026128280773912,0.09552068958403673,0.0,0.0,2.004632273179948e-61,omni
1.9787742706225948,-2.1391532721033877,3.9628864598599187,0.0,0.0,-1.6321224713807354,0.14471299166756785,0.24046489091282422,0.09525733535020503,0.0,0.0,1.958996234207683e-61,omni
1.9834013170331228,-2.1423333574742025,3.9647864798280748,0.0,0.0,-1.6321224713807354,0.14452630867864485,0.24066241860094278,0.09500099840783095,0.0,0.0,1.869120487673796e-61,omni
1.9880324129637,-2.1455100481833367,3.966681510155507,0.0,0.0,-1.6321224713807354,0.14434448537800726,0.24085411142477967,0.09475151637161498,0.0,0.0,1.7515880105447566e-61,omni
1.992667440620841,-2.1486834324935864,3.96857168469275,0.0,0.0,-1.6321224713807354,0.14416742788575576,0.24104019611740526,0.09450872686215016,0.0,0.0,1.61860000296666e-61,omni
1.997306286526755,-2.1518535969841364,3.9704571340557817,0.0,0.0,-1.6321224713807354,0.14399503895457255,0.24122088289860388,0.09427246815157382,0.0,0.0,1.4789873884801405e-61,omni
2.0019488412323567,-2.155020626484863,3.9723379856498036,0.0,0.0,-1.6321224713807354,0.14382721893805117,0.24139636746438864,0.09404257970111617,0.0,0.0,1.3390053732882805e-61,omni
2.0065949990635086,-2.158184604029062,3.9742143637019116,0.0,0.0,-1.6321224713807354,0.14366386660799854,0.24156683270200488,0.0938189026054105,0.0,0.0,1.2029554484068642e-61,omni
2.0112446578959253,-2.161345610821695,3.976086389301044,0.0,0.0,-1.6321224713807354,0.14350487984155189,0.2417324501675901,0.09360127995662085,0.0,0.0,1.0736704370233355e-61,omni
2.015897718954777,-2.164503726220684,3.9779541804438403,0.0,0.0,-1.6321224713807354,0.14335015619635155,0.2418933813590272,0.09338955713980954,0.0,0.0,9.528911016483752e-62,omni
2.0205540866355896,-2.167659027729116,3.97981785208523,0.0,0.0,-1.6321224713807354,0.1431995933896792,0.2420497788123795,0.09318358206950576,0.0,0.0,8.415571115754035e-62,omni
2.0252136683435302,-2.1708115909965238,3.9816775161927525,0.0,0.0,-1.6321224713807354,0.14305308969539576,0.2422017870466014,0.09298320537613407,0.0,0.0,7.400305701482475e-62,omni
2.0298763743485355,-2.17396148982769,3.9835332818037483,0.0,0.0,-1.6321224713807354,0.14291054427067562,0.24234954337794848,0.09278828054980874,0.0,0.0,6.482666013359285e-62,omni
2.0345421176541456,-2.1771087961976456,3.9853852550847084,0.0,0.0,-1.6321224713807354,0.14277185742291282,0.2424931786226266,0.09259866404798422,0.0,0.0,5.659425237476148e-62,omni
2.039210813878188,-2.1802535802717107,3.9872335393921596,0.0,0.0,-1.6321224713807354,0.14263693082575357,0.2426328177036885,0.09241421537255866,0.0,0.0,4.925547574697367e-62,omni
2.043882381143733,-2.1833959104296476,3.9890782353345853,0.0,0.0,-1.6321224713807354,0.14250566769196443,0.24276858017597397,0.09223479712124774,0.0,0.0,4.27490701331395e-62,omni
2.048556739978952,-2.186535853293082,3.9909194408349333,0.0,0.0,-1.6321224713807354,0.14237797290976095,0.24290058068095743,0.09206027501736486,0.0,0.0,3.7008129325629776e-62,omni
2.0532338132247374,-2.1896734737555126,3.9927572511933644,0.0,0.0,-1.6321224713807354,0.14225375314827854,0.243028929341691,0.09189051792155202,0.0,0.0,3.1963874958922525e-62,omni
2.0579135259490857,-2.192808835014335,3.9945917591499343,0.0,0.0,-1.6321224713807354,0.14213291693704938,0.24315373210657568,0.09172539782849269,0.0,0.0,2.7548301027526237e-62,omni
2.0625958053674043,-2.195941998604383,3.9964230549469577,0.0,0.0,-1.6321224713807354,0.1420153747236424,0.2432750910494361,0.09156478985119389,0.0,0.0,2.369596466725849e-62,omni
2.067280580768006,-2.1990730244325705,3.9982512263908583,0.0,0.0,-1.6321224713807354,0.14190103891301242,0.24339310463228944,0.09140857219504168,0.0,0.0,2.0345137814199805e-62,omni
2.0719677834421932,-2.2022019708133045,4.000076358913328,0.0,0.0,-1.6321224713807354,0.1417898238915798,0.24350786793626347,0.09125662612350467,0.0,0.0,1.7438486055042278e-62,omni
2.076657346618393,-2.2053288945043747,4.00189853563167,0.0,0.0,-1.6321224713807354,0.14168164603860942,0.24361947286531715,0.09110883591707566,0.0,0.0,1.4923402880390365e-62,omni
2.081349205399888,-2.2084538507430787,4.003717837408206,0.0,0.0,-1.6321224713807354,0.1415764237270708,0.24372800832672703,0.0909650888267993,0.0,0.0,1.2752097584772948e-62,omni
2.0860432967057707,-2.2115768932823827,4.005534342908677,0.0,0.0,-1.6321224713807354,0.14147407731582862,0.24383356039171278,0.0908252750235242,0.0,0.0,1.0881511564724247e-62,omni
2.090739559214778,-2.2146980744269773,4.007348128659554,0.0,0.0,-1.6321224713807354,0.14137452913472942,0.24393621243907107,0.09068928754384023,0.0,0.0,9.273119417787589e-63,omni
2.095437933311732,-2.2178174450690595,4.009159269104223,0.0,0.0,-1.6321224713807354,0.14127770346390772,0.2440360452842553,0.09055702223350931,0.0,0.0,7.892656973611885e-63,omni
2.1001383610363358,-2.2209350547237645,4.010967836658003,0.0,0.0,-1.6321224713807354,0.14118352650842766,0.2441331372959711,0.0904283776890682,0.0,0.0,6.709807339640775e-63,omni
2.104840786034124,-2.2240509515641382,4.012773901761967,0.0,0.0,-1.6321224713807354,0.14109192636920076,0.24422756450204516,0.09030325519817144,0.0,0.0,5.697867536244731e-63,omni
2.1095451535093726,-2.227165182455597,4.01457753293555,0.0,0.0,-1.6321224713807354,0.1410028330109701,0.24431940068605726,0.09018155867914832,0.0,0.0,4.833411785761668e-63,omni
2.114251410179827,-2.230277792989805,4.016378796827953,0.0,0.0,-1.6321224713807354,0.1409161782280247,0.24440871747600013,0.09006319462016822,0.0,0.0,4.0959625741110603e-63,omni
2.1189595042331084,-2.233388827517937,4.018177758268322,0.0,0.0,-1.6321224713807354,0.14083189560819911,0.24449558442603875,0.08994807201834107,0.0,0.0,3.4676768788739876e-63,omni
2.123669385284671,-2.2364983291832865,4.0199744803147,0.0,0.0,-1.6321224713807354,0.14074992049562246,0.24458006909227817,0.08983610231902209,0.0,0.0,2.9330521818325465e-63,omni
2.128381004337219,-2.239606339953206,4.02176902430181,0.0,0.0,-1.6321224713807354,0.14067018995260344,0.24466223710330998,0.08972719935554196,0.0,0.0,2.4786548418950285e-63,omni
2.133094313741491,-2.2427129006503503,4.023561449887601,0.0,0.0,-1.6321224713807354,0.14059264272097263,0.24474215222619153,0.089621279289542,0.0,0.0,2.0928719266592233e-63,omni
2.137809267158317,-2.2458180509832197,4.025351815098641,0.0,0.0,-1.6321224713807354,0.14051721918314777,0.24481987642841205,0.08951826055206025,0.0,0.0,1.7656865544918737e-63,omni
2.142525819521907,-2.2489218295759987,4.027140176374352,0.0,0.0,-1.6321224713807354,0.14044386132314135,0.24489546993631706,0.08941806378548456,0.0,0.0,1.4884760797429816e-63,omni
2.1472439270042734,-2.2520242739976877,4.028926588610083,0.0,0.0,-1.6321224713807354,0.1403725126876907,0.24496899129039076,0.08932061178646494,0.0,0.0,1.2538319803284013e-63,omni
2.1519635469807663,-2.2551254207905207,4.030711105199081,0.0,0.0,-1.6321224713807354,0.1403031183476574,0.24504049739773712,0.08922582944985659,0.0,0.0,1.0554000163281213e-63,omni
2.156684637996633,-2.258225305497691,4.032493778073355,0.0,0.0,-1.6321224713807354,0.14023562485981522,0.24511004358204935,0.08913364371374786,0.0,0.0,8.877390717321185e-64,omni
2.1614071597345936,-2.2613239626903767,4.034274657743466,0.0,0.0,-1.6321224713807354,0.1401699802291225,0.24517768363131573,0.0890439835056136,0.0,0.0,7.461970315889297e-64,omni
2.1661310729833647,-2.264421425994082,4.036053793337259,0.0,0.0,-1.6321224713807354,0.14010613387155552,0.24524346984347273,0.08895677968962139,0.0,0.0,6.268020550102074e-64,omni
2.1708563396071034,-2.2675177281142997,4.0378312326375605,0.0,0.0,-1.6321224713807354,0.14004403657756248,0.24530745307018736,0.08887196501510916,0.0,0.0,5.261676591300565e-64,omni
2.175582922515733,-2.2706129008615172,4.039607022118886,0.0,0.0,-1.6321224713807354,0.1399836404761851,0.24536968275892418,0.08878947406624385,0.0,0.0,4.414101139878723e-64,omni
2.180310785636125,-2.273706975175559,4.041381206983142,0.0,0.0,-1.6321224713807354,0.1399248989998822,0.24543020699343152,0.08870924321286433,0.0,0.0,3.700767513666108e-64,omni
2.1850398938841002,-2.276799981149298,4.043153831194391,0.0,0.0,-1.6321224713807354,0.13986776685008107,0.24548907253276298,0.08863121056250595,0.0,0.0,3.100839030788258e-64,omni
2.1897702131372205,-2.279891948051731,4.044924937512664,0.0,0.0,-1.6321224713807354,0.13981219996347455,0.24554632484893502,0.08855531591359964,0.0,0.0,2.5966329973617714e-64,omni
2.1945017102083493,-2.2829829043504533,4.046694567526859,0.0,0.0,-1.6321224713807354,0.1397581554790745,0.24560200816330882,0.08848150070983463,0.0,0.0,2.173158752413427e-64,omni
2.199234352819951,-2.286072877733526,4.048462761686774,0.0,0.0,-1.6321224713807354,0.13970559170602792,0.24565616548177366,0.08840970799567094,0.0,0.0,1.817720321106196e-64,omni
2.2039681095791184,-2.2891618951307593,4.050229559334233,0.0,0.0,-1.6321224713807354,0.1396544680921969,0.24570883862879905,0.08833988237298533,0.0,0.0,1.519575263471491e-64,omni
2.2087029499532806,-2.2922499827344205,4.0519949987334085,0.0,0.0,-1.6321224713807354,0.13960474519350013,0.24576006828041663,0.08827196995883252,0.0,0.0,1.2696422680620492e-64,omni
2.213438844246601,-2.295337166019394,4.053759117100294,0.0,0.0,-1.6321224713807354,0.13955638464401104,0.24580989399618464,0.088205918344302,0.0,0.0,1.060250922695658e-64,omni
2.2181757635770167,-2.2984234697627888,4.055521950631383,0.0,0.0,-1.6321224713807354,0.13950934912680465,0.2458583542501833,0.08814167655444963,0.0,0.0,8.8492789632025e-65,omni
2.222913679853924,-2.3015089180630146,4.05728353453157,0.0,0.0,-1.6321224713807354,0.13946360234554434,0.24590548646108393,0.08807919500928217,0.0,0.0,7.382144884293823e-65,omni
2.2276525657564714,-2.3045935343583506,4.059043903041284,0.0,0.0,-1.6321224713807354,0.13941910899679683,0.24595132702133166,0.08801842548577277,0.0,0.0,6.155111487529976e-65,omni
2.232392394712457,-2.3076773414450007,4.060803089462904,0.0,0.0,-1.6321224713807354,0.13937583474306386,0.24599591132547638,0.08795932108088439,0.0,0.0,5.129451447212506e-65,omni
2.237133140877807,-2.310760361494664,4.062561126186416,0.0,0.0,-1.6321224713807354,0.13933374618651706,0.24603927379768567,0.0879018361755787,0.0,0.0,4.2725806272871e-65,omni
2.2418747791166136,-2.3138426160716254,4.064318044714411,0.0,0.0,-1.6321224713807354,0.13929281084342254,0.24608144791846925,0.08784592639978712,0.0,0.0,3.5571027711443784e-65,omni
2.2466172849817325,-2.3169241261493814,4.066073875686377,0.0,0.0,-1.6321224713807354,0.13925299711924094,0.24612246625064296,0.0877915485983212,0.0,0.0,2.959999136758869e-65,omni
2.251360634695899,-2.320004912126811,4.0678286489023305,0.0,0.0,-1.6321224713807354,0.13921427428438804,0.24616236046455892,0.08773866079769943,0.0,0.0,2.461941779744758e-65,omni
2.2561048051333734,-2.3230849938439087,4.069582393345807,0.0,0.0,-1.6321224713807354,0.13917661245064156,0.24620116136262568,0.08768722217386794,0.0,0.0,2.046712179354411e-65,omni
2.2608497738020925,-2.326164390597088,4.071335137206222,0.0,0.0,-1.6321224713807354,0.13913998254817878,0.24623889890314182,0.0876371930207926,0.0,0.0,1.7007095022839748e-65,omni
2.2655955188262964,-2.329243121154065,4.07308690790062,0.0,0.0,-1.6321224713807354,0.13910435630323043,0.2462756022234644,0.08758853471990044,0.0,0.0,1.412535051963072e-65,omni
2.2703420189296497,-2.3323212037683363,4.074837732094827,0.0,0.0,-1.6321224713807354,0.13906970621633566,0.24631129966253285,0.08754120971034879,0.0,0.0,1.1726413984342687e-65,omni
2.275089253418812,-2.3353986561932634,4.076587635724031,0.0,0.0,-1.6321224713807354,0.1390360055411834,0.24634601878276854,0.08749518146010053,0.0,0.0,9.73036363665678e-66,omni
2.279837202167467,-2.33847549569577,4.0783366440127855,0.0,0.0,-1.6321224713807354,0.13900322826402528,0.2463797863913676,0.08745041443778481,0.0,0.0,8.070334830442979e-66,omni
2.2845858456007817,-2.3415517390696654,4.080084781494491,0.0,0.0,-1.6321224713807354,0.1389713490836459,0.24641262856100588,0.08740687408532227,0.0,0.0,6.690418060830687e-66,omni
2.2893351646803004,-2.344627402648602,4.081832072030315,0.0,0.0,-1.6321224713807354,0.1389403433918759,0.2464445706499728,0.08736452679129514,0.0,0.0,5.543889648534779e-66,omni
2.294085140889249,-2.347702502318683,4.083578538827616,0.0,0.0,-1.6321224713807354,0.13891018725463417,0.24647563732175057,0.08732333986504198,0.0,0.0,4.591723510049825e-66,omni
2.298835756218238,-2.3507770535307224,4.0853242044578435,0.0,0.0,-1.6321224713807354,0.138880857393485,0.24650585256405477,0.08728328151145825,0.0,0.0,3.801340222712505e-66,omni
2.303586993151361,-2.353851071312166,4.087069090873974,0.0,0.0,-1.6321224713807354,0.13885233116769685,0.24653523970735144,0.08724432080648356,0.0,0.0,3.1455562532687333e-66,omni
2.3083388346526763,-2.356924570278695,4.088813219427439,0.0,0.0,-1.6321224713807354,0.13882458655678975,0.24656382144286548,0.08720642767325755,0.0,0.0,2.601701896654515e-66,omni
2.3130912641530528,-2.3599975646455005,4.090556610884618,0.0,0.0,-1.6321224713807354,0.13879760214355802,0.24659161984009498,0.08716957285892635,0.0,0.0,2.1508813067428526e-66,omni
2.3178442655373845,-2.3630700682382586,4.092299285442858,0.0,0.0,-1.6321224713807354,0.13877135709755573,0.24661865636384464,0.08713372791208199,0.0,0.0,1.7773521130508317e-66,omni
2.3225978231321434,-2.3661420945038025,4.094041262746074,0.0,0.0,-1.6321224713807354,0.13874583115903272,0.24664495189079247,0.08709886516081801,0.0,0.0,1.4680056109172545e-66,omni
2.3273519216932885,-2.369213656520501,4.0957825618999015,0.0,0.0,-1.6321224713807354,0.13872100462330905,0.24667052672560183,0.08706495769138442,0.0,0.0,1.211931477337408e-66,omni
2.332106546394493,-2.3722847670083547,4.097523201486449,0.0,0.0,-1.6321224713807354,0.13869685832557613,0.24669540061659226,0.08703197932742576,0.0,0.0,1.0000534779426027e-66,omni
2.3368616828156976,-2.3753554383388136,4.099263199578643,0.0,0.0,-1.6321224713807354,0.1386733736261127,0.24671959277098074,0.08699990460978675,0.0,0.0,8.248247591672219e-67,omni
2.341617390363106,-2.3784254819621524,4.101002463900932,0.0,0.0,-1.6321224713807354,0.13864029711921805,0.2467461718627166,0.08696321611448524,0.0,0.0,6.79973120660088e-67,omni
2.3463741283086814,-2.3814936177878185,4.102740304070287,0.0,0.0,-1.6321224713807354,0.13854192901783313,0.24679174869320958,0.08689200846778408,0.0,0.0,5.602881855003082e-67,omni
2.3511328688510313,-2.3845571652661985,4.1044752624184,0.0,0.0,-1.6321224713807354,0.1383068061970507,0.24687762983668982,0.08674791740558571,0.0,0.0,4.6144367172775604e-67,omni
2.3558949062565193,-2.3876125641958468,4.106205399229839,0.0,0.0,-1.6321224713807354,0.13789004180669878,0.2470171928165555,0.0865068405720248,0.0,0.0,3.798490539465026e-67,omni
2.3606617154313176,-2.3906557594476525,4.107928503448213,0.0,0.0,-1.6321224713807354,0.13726638243301958,0.24721793599505804,0.08615521091876921,0.0,0.0,3.125258188973404e-67,omni
2.3654348481322027,-2.3936824815130078,4.109642246324092,0.0,0.0,-1.6321224713807354,0.13642489375143868,0.2474830377375913,0.08568714379395964,0.0,0.0,2.5700428999208952e-67,omni
2.3702158577998786,-2.3966884476098547,4.111344291551055,0.0,0.0,-1.6321224713807354,0.1353649081769973,0.2478125414072868,0.08510226134819668,0.0,0.0,2.1123764504521445e-67,omni
2.375006246119838,-2.3996695024915025,4.11303237237584,0.0,0.0,-1.6321224713807354,0.13409294908852254,0.24820425492568735,0.08440404123928621,0.0,0.0,1.735302976893009e-67,omni
2.379807426036876,-2.4026217137511883,4.114704343785347,0.0,0.0,-1.6321224713807354,0.13262040947265308,0.24865443246657815,0.08359857047534708,0.0,0.0,1.424782722369697e-67,omni
2.384620697188564,-2.405541433029177,4.116358216018749,0.0,0.0,-1.6321224713807354,0.13096181219945296,0.24915828974821033,0.08269361167014407,0.0,0.0,1.1691958763933035e-67,omni
2.389447230670473,-2.4084253318966646,4.117992174211074,0.0,0.0,-1.6321224713807354,0.12913351764654085,0.2497103921444655,0.08169790961620588,0.0,0.0,9.589299020339355e-68,omni
2.39428806077087,-2.4112704191461387,4.119604587854638,0.0,0.0,-1.6321224713807354,0.12715277441222156,0.25030494552515736,0.08062068217815976,0.0,0.0,7.860364661500302e-68,omni
2.399144081867447,-2.4140740446316777,4.12119401289588,0.0,0.0,-1.6321224713807354,0.12503703225882984,0.25093601265625043,0.079471252062108,0.0,0.0,6.439463681393737e-68,omni
2.4040160491036846,-2.416833893573888,4.122759188611918,0.0,0.0,-1.6321224713807354,0.12280345465775415,0.25159767260660715,0.07825878580195118,0.0,0.0,5.272327735064971e-68,omni
2.4089045817883377,-2.4195479742936166,4.124299030890447,0.0,0.0,-1.6321224713807354,0.12046858250210997,0.252284136511319,0.07699211392639424,0.0,0.0,4.314146590199628e-68,omni
2.413810168711597,-2.42221460160482,4.125812623134542,0.0,0.0,-1.6321224713807354,0.11804811159821373,0.2529898299227985,0.0756796122047656,0.0,0.0,3.5279371598895207e-68,omni
2.418733174763543,-2.4248323775315996,4.127299205704264,0.0,0.0,-1.6321224713807354,0.1155567551352811,0.2537094496041259,0.07432912848611295,0.0,0.0,2.8831907905591208e-68,omni
2.4236738483882934,-2.4274001705801287,4.128758164568938,0.0,0.0,-1.6321224713807354,0.11300816900492093,0.2544380008058823,0.07294794323378978,0.0,0.0,2.354751851197682e-68,omni
2.4286323295208923,-2.429917094463527,4.130189019661802,0.0,0.0,-1.6321224713807354,0.1104149230203195,0.25517081968222405,0.07154275464313739,0.0,0.0,1.92188850233886e-68,omni
2.433608657741672,-2.4323824869239012,4.131591413289594,0.0,0.0,-1.6321224713807354,0.10778850509923267,0.2559035844413992,0.07011968138964816,0.0,0.0,1.5675230651366617e-68,omni
2.4386027804503576,-2.4347958891029973,4.132965098844138,0.0,0.0,-1.6321224713807354,0.10513934858241569,0.25663231801232833,0.06868427772724395,0.0,0.0,1.2775948721120878e-68,omni
2.443614560914346,-2.437157025767292,4.134309929983114,0.0,0.0,-1.6321224713807354,0.1024768752608061,0.25735338438319477,0.06724155694885273,0.0,0.0,1.040533037840381e-68,omni
2.4486437860857992,-2.439465786584123,4.135625850387483,0.0,0.0,-1.6321224713807354,0.09980954853737807,0.2580634802854648,0.0657960202185123,0.0,0.0,8.468203878819898e-69,omni
2.453690174113285,-2.441722208564267,4.136912884158511,0.0,0.0,-1.6321224713807354,0.09714493257537102,0.25875962352348525,0.06435168855148862,0.0,0.0,6.886329516778579e-69,omni
2.4587533814975546,-2.4439264597266015,4.1381711268846635,0.0,0.0,-1.6321224713807354,0.09448975437890414,0.25943913896008325,0.06291213630764536,0.0,0.0,5.595420639302759e-69,omni
2.4638330098594525,-2.446078823997255,4.139400737384935,0.0,0.0,-1.6321224713807354,0.09184996658913817,0.26009964294293786,0.0614805250135303,0.0,0.0,4.5426831631269423e-69,omni
2.4689286123020557,-2.448179687324821,4.140601930118364,0.0,0.0,-1.6321224713807354,0.08923080941703992,0.2607390267801144,0.06005963667152847,0.0,0.0,3.684784301640454e-69,omni
2.4740396993598295,-2.4502295249719546,4.14177496823785,0.0,0.0,-1.6321224713807354,0.08663687061753507,0.2613554397348008,0.058651905974260024,0.0,0.0,2.986176421927822e-69,omni
2.4791657445357056,-2.4522288899295295,4.142920157258611,0.0,0.0,-1.6321224713807354,0.08407214277449504,0.26194727190040556,0.05725945103808361,0.0,0.0,2.4177146022172854e-69,omni
2.484306189433061,-2.454178402390719,4.144037839306928,0.0,0.0,-1.6321224713807354,0.0815400774388871,0.2625131372312289,0.05588410241581503,0.0,0.0,1.9555169734715315e-69,omni
2.4894604484939964,-2.4560787402175337,4.145128387912069,0.0,0.0,-1.6321224713807354,0.07904363586473173,0.2630518569359014,0.05452743025702365,0.0,0.0,1.58002566240802e-69,omni
2.4946279133585167,-2.457930630330392,4.146192203303339,0.0,0.0,-1.6321224713807354,0.07658533623572597,0.26356244338685686,0.05319076956340438,0.0,0.0,1.2752334048435577e-69,unicycle
2.499722744256598,-2.4597369101108084,4.14721720443666,0.0,0.0,-1.6317974018812722,0.07457391065696425,0.25978568822311376,0.05125005666609031,0.0,0.0,0.016253474973144857,unicycle
2.504613765622979,-2.461499782279636,4.148184935336569,0.0,0.0,-1.6306456575985415,0.07321468900854602,0.24942761977843128,0.048386544995506486,0.0,0.0,0.05758721413653413,unicycle
2.5092181931188504,-2.4632180788631564,4.149084449429476,0.0,0.0,-1.6283449290191288,0.07226087720873212,0.23486513480084847,0.044975704645287405,0.0,0.0,0.11503642897064849,unicycle
2.51348881553581,-2.464889352881709,4.149910278143081,0.0,0.0,-1.6247058560394323,0.0715402797000427,0.21785425882417903,0.04129143568017805,0.0,0.0,0.18195364898480296,unicycle
2.517404135036679,-2.466511389968519,4.150660873776483,0.0,0.0,-1.619636439451341,0.07094190657441346,0.1996726566529385,0.03752978167017222,0.0,0.0,0.2534708294045832,unicycle
2.520960841645841,-2.4680831399287415,4.151337424230738,0.0,0.0,-1.613114832883902,0.07040319988291269,0.18123168328976175,0.03382752271277108,0.0,0.0,0.3260803283719393,unicycle
2.5241681256484476,-2.4696051790434668,4.151942958238034,0.0,0.0,-1.6051686480981084,0.06989847267787508,0.1631641923295949,0.030276700364777778,0.0,0.0,0.39730923928967743,unicycle
2.527043429569275,-2.4710798367446243,4.152481676597541,0.0,0.0,-1.5958593093932516,0.06942884473549307,0.14589309092936154,0.026935917975382317,0.0,0.0,0.465466935242854,unicycle
2.5296093194107807,-2.4725111055965505,4.152958458425281,0.0,0.0,-1.5852703107947026,0.06901375989674156,0.12968463906015357,0.02383909138703204,0.0,0.0,0.5294499299274477,unicycle
2.53189121834955,-2.4739044268132395,4.1533785022092315,0.0,0.0,-1.5734984803071552,0.06868404511944112,0.11468969121516522,0.02100218919761033,0.0,0.0,0.5885915243774023,unicycle
2.5339157982799407,-2.4752664166466714,4.1537470700598105,0.0,0.0,-1.5606475527980277,0.06847639691968666,0.10097543472095427,0.018428392528877423,0.0,0.0,0.6425463754564305,unicycle
2.5357098674522427,-2.4766045765476483,4.154069310388954,0.0,0.0,-1.5468235081137764,0.06842914087824481,0.08854966069341844,0.016112016457180085,0.0,0.0,0.6912022342126071,unicycle
2.537299627446656,-2.477927013126051,4.154350139685305,0.0,0.0,-1.532131252652322,0.0685790931616174,0.0773791874331984,0.014041464817533196,0.0,0.0,0.7346127730727818,unicycle
2.538710201067535,-2.479242182150516,4.154594168358304,0.0,0.0,-1.5166723178411126,0.06895935166213832,0.06740372211976084,0.012201433649855153,0.0,0.0,0.7729467405605744,unicycle
2.5399653554988975,-2.480558663107047,4.1548056590264215,0.0,0.0,-1.5005433233871364,0.06959785275064456,0.058546179169893166,0.010574533405814115,0.0,0.0,0.8064497226989269,unicycle
2.5410873631751305,-2.48188496610303,4.1549885083060145,0.0,0.0,-1.483835011205941,0.07051654373507221,0.05072025970339911,0.009142463979592525,0.0,0.0,0.8354156090598981,unicycle
2.5420969571158976,-2.483229370225911,4.155146245263757,0.0,0.0,-1.466631701114281,0.07173103810208942,0.043835925776199214,0.007886847887157319,0.0,0.0,0.8601655045831464,unicycle
2.5430133486616606,-2.4845997911208033,4.155282041344907,0.0,0.0,-1.4490110544630017,0.07325063855145379,0.037803266954824444,0.006789804057530007,0.0,0.0,0.8810323325641426,unicycle
2.5438541542178634,-2.4860026865062275,4.155398727875975,0.0,0.0,-1.4310440590847857,0.07502877867451622,0.032535148587294234,0.005834326553468485,0.0,0.0,0.8983497689109815,unicycle
2.5446352327812742,-2.4874418502900935,4.155498818239365,0.0,0.0,-1.412795169961324,0.07695604450255672,0.027948945256245167,0.005004518169483979,0.0,0.0,0.9124444561733123,unicycle
2.545370651896062,-2.4889185728031267,4.1555845325894785,0.0,0.0,-1.3943225571229823,0.07892797040338326,0.02396759492831688,0.0042857175056414355,0.0,0.0,0.9236306419172998,unicycle
2.5460727676587505,-2.4904323322692767,4.155657823573015,0.0,0.0,-1.3756784262367319,0.08087156806369904,0.020520155650034195,0.0036645491768931555,0.0,0.0,0.9322065443127647,unicycle
2.546752334101622,-2.491981331896791,4.155720401969012,0.0,0.0,-1.3569093866984157,0.08273762181380503,0.01754200439512408,0.0031289197998156043,0.0,0.0,0.9384519769160266,unicycle
2.547418630053187,-2.4935629138285216,4.155773761507173,0.0,0.0,-1.3380568476040422,0.08449469318876998,0.01497478451796702,0.0026679769080636254,0.0,0.0,0.9426269547188988,unicycle
2.5480795943922487,-2.4951738751184105,4.155819202380555,0.0,0.0,-1.319157426076101,0.08612447711851423,0.012766182347137778,0.00227204366905984,0.0,0.0,0.9449710763972982,unicycle
2.5487419629525467,-2.496810706030358,4.155857853159648,0.0,0.0,-1.300243355928704,0.08761822405008224,0.010869593265986579,0.0019325389547222543,0.0,0.0,0.9457035073700694,unicycle
2.54941140224157,-2.498469767029254,4.155890690954776,0.0,0.0,-1.2813428876088513,0.0889740001713473,0.009243721976571972,0.0016418897564119087,0.0,0.0,0.9450234159929063,unicycle
2.5500926366607644,-2.5001474176560547,4.155918559774128,0.0,0.0,-1.262480672801732,0.09019460440779972,0.007852149572062992,0.0013934409675741264,0.0,0.0,0.9431107403562042,unicycle
2.5507895671079415,-2.501840107899096,4.155942187095294,0.0,0.0,-1.2436781290923016,0.09128599818178924,0.006662890787605597,0.0011813660583798254,0.0,0.0,0.9401271854717621,omni
2.5515833952335023,-2.503519772626741,4.155971318655609,0.0,0.0,-1.2252313047357641,0.09237841851554611,0.009750087395470196,0.00145657801575956,0.0,0.0,0.9223412178270957,unicycle
2.5525170101796997,-2.5051665464578545,4.156011398466268,0.0,0.0,-1.2073054612903964,0.09342445187697458,0.015194209068216454,0.0020039905329789095,0.0,0.0,0.8962921722685698,omni
2.5536245561708557,-2.506763757729895,4.15606689268997,0.0,0.0,-1.1900307690380862,0.0945308536218579,0.02255011094416086,0.0027747111850836403,0.0,0.0,0.8637346126156515,unicycle
2.554914647853795,-2.5083016833982286,4.15613932971555,0.0,0.0,-1.1734503393443556,0.09561828857770993,0.03051644567518834,0.0036218512789211992,0.0,0.0,0.8290214846866505,omni
2.55639680734291,-2.509772206955024,4.156230295364323,0.0,0.0,-1.1576047070193596,0.09678954917653469,0.03911651705854513,0.004548282438665899,0.0,0.0,0.7922816162499188,unicycle
2.558062515330154,-2.511172871979198,4.15633925282033,0.0,0.0,-1.142473265727215,0.09794395185131288,0.047416476556931444,0.0054478728003163855,0.0,0.0,0.7565720646073129,omni
2.559909606500221,-2.5125012829236355,4.156466315208358,0.0,0.0,-1.1280516269605914,0.09918459235465665,0.05571081138656221,0.0063531194013303986,0.0,0.0,0.7210819383312385,unicycle
2.561922093998481,-2.5137595850452543,4.156609954304158,0.0,0.0,-1.1142893043506994,0.10039698429492996,0.06327909002148575,0.007181954789977535,0.0,0.0,0.6881161304946535,omni
2.5640932488919166,-2.514948709688125,4.156769616718406,0.0,0.0,-1.1011624836222942,0.10168778799287057,0.07056657302336616,0.007983120712363213,0.0,0.0,0.6563410364202884,unicycle
2.566404798466884,-2.5160733065765792,4.1569433880378055,0.0,0.0,-1.0886097392924916,0.10293359601259634,0.07697298704003713,0.00868856596989629,0.0,0.0,0.6276372164901736,omni
2.5688491519678975,-2.517135882572252,4.1571304939409925,0.0,0.0,-1.0766017789870586,0.10424666265464236,0.08302214276289725,0.009355295159393718,0.0,0.0,0.6003980152716986,unicycle
2.5714083388773266,-2.5181421411997187,4.157328960092712,0.0,0.0,-1.0650762994751761,0.10549754704136312,0.08817858016238285,0.009923307585988573,0.0,0.0,0.5762739755941451,omni
2.5740756653203154,-2.519095027893064,4.157538023978062,0.0,0.0,-1.0540056634657946,0.1068051143405551,0.09300231665996375,0.010453194267574155,0.0,0.0,0.5535318004690841,unicycle
2.5768346060202734,-2.520000404486362,4.1577558145441165,0.0,0.0,-1.0433315735735198,0.10803542462361153,0.09699071381625776,0.010889528302669302,0.0,0.0,0.5337044946137426,omni
2.579680062095636,-2.520861000285064,4.157981690878219,0.0,0.0,-1.0330312634015577,0.10931427128572292,0.1007159319149971,0.011293816705115232,0.0,0.0,0.5150155085981158,unicycle
2.5825973262047803,-2.5216823488118023,4.158213955520803,0.0,0.0,-1.0230523987888938,0.11050390261506055,0.10369033834946687,0.011613232129253349,0.0,0.0,0.4989432306332055,omni
2.5855869675076075,-2.522466531288085,4.158452130133102,0.0,0.0,-1.0133781320828175,0.11183519664866365,0.10665513698402972,0.011908730615034526,0.0,0.0,0.48371333530381505,unicycle
2.5886381923085326,-2.523218381448571,4.158694710237024,0.0,0.0,-1.0039622945126727,0.11312139440526697,0.10904981041993832,0.012129005196196526,0.0,0.0,0.4707918785072585,omni
2.591751049956175,-2.5239393270410106,4.158941384334535,0.0,0.0,-0.9947937793246193,0.11449667126597911,0.11142174058097337,0.012333704875562216,0.0,0.0,0.45842575940268454,unicycle
2.5949147710219713,-2.524633631871222,4.159190834087538,0.0,0.0,-0.9858325078260557,0.11578286124066085,0.11323638995760262,0.012472487650119022,0.0,0.0,0.448063574928188,omni
2.5981296884229175,-2.5253021271488594,4.159442901096901,0.0,0.0,-0.9770727007687109,0.11713162707186621,0.11505130982085099,0.012603350468083453,0.0,0.0,0.4379903528672539,unicycle
2.601385593153373,-2.525948562281896,4.159696434291912,0.0,0.0,-0.968479551013797,0.1183676584159878,0.11634539930825054,0.012676659750582929,0.0,0.0,0.4296574877456999,omni
2.6046834450545022,-2.5265732453197183,4.159951407207347,0.0,0.0,-0.9600517442742135,0.11965542964993535,0.11767703690176538,0.01274864577170747,0.0,0.0,0.4213903369791754,unicycle
2.608013791419691,-2.5271794810313923,4.160206813030405,0.0,0.0,-0.951758874073051,0.12081887655376533,0.11853178843099191,0.012770291152852586,0.0,0.0,0.41464351005812544,omni
2.6113783132170316,-2.5277671354063784,4.16046273438939,0.0,0.0,-0.943603241189356,0.12203232599395288,0.11946394658888419,0.012796067949298514,0.0,0.0,0.40778164418475815,unicycle
2.614768331343365,-2.5283391431323423,4.160718285746603,0.0,0.0,-0.935558026327314,0.1231167292962205,0.11996236778718361,0.01277756786061913,0.0,0.0,0.4022607431021046,omni
2.618186216428422,-2.5288950084303004,4.160973637220514,0.0,0.0,-0.9276283819942776,0.12425441130262403,0.1205749147290532,0.012767573695535783,0.0,0.0,0.3964822166518319,unicycle
2.6216239951888225,-2.5294373676112234,4.161228003593066,0.0,0.0,-0.9197903668234843,0.12526199624700332,0.12079229296170178,0.012718318627603323,0.0,0.0,0.39190075853965733,omni
2.6250846410872897,-2.529965436744706,4.161481623397424,0.0,0.0,-0.9120513352491098,0.12632865799257187,0.12115502752029125,0.01268099021792544,0.0,0.0,0.38695157871872365,unicycle
2.6285607860021085,-2.530481617949109,4.161733793590453,0.0,0.0,-0.9043896312339488,0.12726591787184738,0.1211552864925975,0.01260850965145169,0.0,0.0,0.38308520075805763,omni
2.6320559024313557,-2.53098490304171,4.161984804969204,0.0,0.0,-0.8968142769660488,0.128269095817271,0.12132611004396193,0.012550568937457329,0.0,0.0,0.37876771339500614,unicycle
2.635563121567107,-2.5314775145110135,4.162234021459983,0.0,0.0,-0.8893054206600874,0.12914419217798295,0.12116127797430187,0.012460824538912244,0.0,0.0,0.3754428152980648,omni
2.639086313802854,-2.5319582731829886,4.162481772829188,0.0,0.0,-0.8818733237576858,0.13009224797960134,0.12118656523696608,0.012387568460319572,0.0,0.0,0.37160484512008746,unicycle
2.6426190120478483,-2.532429266521138,4.162727477508514,0.0,0.0,-0.8744995561617106,0.13091354690265894,0.12089775082858224,0.012285233966325212,0.0,0.0,0.3686883797987599,omni
2.6461653949936896,-2.5328891873970525,4.162971493509381,0.0,0.0,-0.8671952809884649,0.13181459603138568,0.1208137096685449,0.012200800043339682,0.0,0.0,0.36521375866229333,unicycle
2.6497193133561296,-2.5333400235938814,4.1632132837089015,0.0,0.0,-0.8599431902501438,0.13258990221156147,0.1204326822569154,0.012089509976040374,0.0,0.0,0.3626045369160678,omni
2.6532851790435843,-2.5337803739615965,4.163453225843948,0.0,0.0,-0.8527550864426304,0.13345128467018674,0.12026703600196587,0.011997106752369074,0.0,0.0,0.3594051903756686,unicycle
2.6568570915018896,-2.53421215388544,4.163690819206631,0.0,0.0,-0.8456145518343186,0.13418749358235144,0.11981792584434663,0.011879668134122353,0.0,0.0,0.35702673041560273,omni
2.660439635204891,-2.5346338944207876,4.163926454573178,0.0,0.0,-0.8385338267120974,0.1350155642114971,0.11959157368262167,0.011781768327423564,0.0,0.0,0.35403625611106276,unicycle
2.6640271031182463,-2.5350474591292,4.164159661290451,0.0,0.0,-0.8314972057892203,0.13571855597160243,0.11909245392493249,0.011660335863597096,0.0,0.0,0.3518310461438492,omni
2.667624204554975,-2.5354513312105036,4.164390837980185,0.0,0.0,-0.8245172135719704,0.13651865505270333,0.11882095068634589,0.011558834486629525,0.0,0.0,0.3489996108625062,unicycle
2.671225382799109,-2.535847337579619,4.164619539033672,0.0,0.0,-0.8175787218130842,0.1371933204734178,0.1182852016820863,0.01143505267427018,0.0,0.0,0.3469245879443115,omni
2.674835435187883,-2.536233928530061,4.164846166919964,0.0,0.0,-0.810694423097039,0.13796983900132753,0.11798000132137679,0.01133139431468292,0.0,0.0,0.3442149358022604,unicycle
2.678448922047403,-2.5366129052781474,4.165070297141294,0.0,0.0,-0.8038496636601833,0.1386201712884235,0.11741743315818903,0.011206511066567034,0.0,0.0,0.3422379718427906,omni
2.6820707007886537,-2.5369826962881556,4.165292332962664,0.0,0.0,-0.7970572168739488,0.13937665956530298,0.11708689409937167,0.01110179106848895,0.0,0.0,0.3396223393117286,unicycle
2.6856954234510044,-2.5373450847841457,4.1655118679142715,0.0,0.0,-0.7903028260924728,0.1400058723781265,0.11650464079628399,0.010976747580356265,0.0,0.0,0.33771953907381513,omni
2.689327986578933,-2.537698485528834,4.165729303748637,0.0,0.0,-0.7835992802218611,0.1407451622109367,0.11615481665333943,0.010871791718338828,0.0,0.0,0.3351772935305873,unicycle
2.6929631148163535,-2.538044669022675,4.165944249607743,0.0,0.0,-0.7769326615288374,0.14135581189625782,0.11555803169565455,0.010747292955329092,0.0,0.0,0.3333309346511956,omni
2.69660572833505,-2.5383820422438643,4.166157104001974,0.0,0.0,-0.7703157259185168,0.1420801361143447,0.11519328033455666,0.010642719711637744,0.0,0.0,0.3308467805160271,unicycle
2.7002506100596406,-2.5387123664368434,4.166367489788647,0.0,0.0,-0.7637348508442291,0.1426742364313901,0.11458566775742993,0.010519289333568226,0.0,0.0,0.3290437537143981,omni
2.7039026924307326,-2.539034045079099,4.166575800954557,0.0,0.0,-0.7572027232821615,0.14338533760925132,0.11420911271474692,0.01041555829542569,0.0,0.0,0.3266063781033823,unicycle
2.707556805961426,-2.539348832318519,4.1667816725792575,0.0,0.0,-0.7507059830297427,0.1439644615684351,0.1135933265755911,0.010293581234983185,0.0,0.0,0.32483701262095055,omni
2.711217887129772,-2.539655131224978,4.166985493189883,0.0,0.0,-0.7442572216722143,0.14466368666168966,0.11320720186445281,0.010191030531332213,0.0,0.0,0.3224380678764107,unicycle
2.7148808060720575,-2.539954690075709,4.167186908907154,0.0,0.0,-0.737843316653867,0.14522905375070952,0.11258514294770262,0.010070785863609651,0.0,0.0,0.32069525091736883,omni
2.7185504974063845,-2.540245913768816,4.167386302127464,0.0,0.0,-0.7314767447889436,0.14591743408014515,0.11219104771553143,0.009969661015479442,0.0,0.0,0.3183285932461747,unicycle
2.7222218649568624,-2.540530545283191,4.167583329072403,0.0,0.0,-0.7251446025458813,0.14646998315390375,0.11156408149673706,0.009851347246968005,0.0,0.0,0.3166071121531191,omni
2.725899837311667,-2.5408069929713064,4.167778365539063,0.0,0.0,-0.7188592378721109,0.14714830061006673,0.11116316615892316,0.009751823333103024,0.0,0.0,0.3142682336885111,unicycle
2.7295793475478285,-2.5410769946385754,4.167971077095152,0.0,0.0,-0.7126079521548401,0.14768874972129364,0.11053228134659186,0.009635577804500417,0.0,0.0,0.3125642858635469,omni
2.7332653153229156,-2.541338963289511,4.168161832624121,0.0,0.0,-0.7064029543142407,0.14835759072615298,0.11012538234588225,0.009537776448424807,0.0,0.0,0.31024989202996855,unicycle
2.7369526996347404,-2.5415946313830426,4.168350306427864,0.0,0.0,-0.7002317399026072,0.1488864855821404,0.10949130514188994,0.00942369018707939,0.0,0.0,0.3085607205816717,omni
2.740646409236404,-2.541842417475855,4.16853686027883,0.0,0.0,-0.6941063715797446,0.14954628456044886,0.1090790416364912,0.009327692548282666,0.0,0.0,0.30626841614312983,unicycle
2.744341426521142,-2.542084048316512,4.1687211767111405,0.0,0.0,-0.688014530791719,0.15006403736514376,0.10844231735292224,0.009215821615446738,0.0,0.0,0.30459203940127866,omni
2.7480426480366287,-2.542317948709793,4.168903610277282,0.0,0.0,-0.6819681288812808,0.15071511144842398,0.10802515997567469,0.009121678307140656,0.0,0.0,0.3023200955219111,unicycle
2.751745077634334,-2.542545839214498,4.169083851326341,0.0,0.0,-0.6759550267528953,0.15122203178639476,0.10738621081605054,0.009012052452933784,0.0,0.0,0.30065510641928495,omni
2.7554535988415187,-2.5427661514408237,4.169262247148381,0.0,0.0,-0.6699869809939714,0.15186460831991327,0.1069645301299426,0.008919791102042777,0.0,0.0,0.2984022879461979,unicycle
2.7591632354584297,-2.542980599215101,4.169438495555528,0.0,0.0,-0.6640520268883764,0.15236092755428582,0.10632369571664053,0.008812420357380736,0.0,0.0,0.2967477052797452,omni
2.7628788575260654,-2.5431876214171174,4.169612936582722,0.0,0.0,-0.6581617640343521,0.1529951657744923,0.1058977960328869,0.008722051359644743,0.0,0.0,0.2945131427012196,unicycle
2.7665955075946145,-2.5433889245701864,4.169785275203728,0.0,0.0,-0.6523043980173884,0.1534810562197468,0.10525536154616094,0.008616931050382136,0.0,0.0,0.2928683008481874,omni
2.770318042002447,-2.543582955225657,4.169955844242653,0.0,0.0,-0.646491370110485,0.15410706425745452,0.10482550427319298,0.008528451946235392,0.0,0.0,0.2906513953451654,unicycle
2.774041521076381,-2.5437714120289634,4.170124355572706,0.0,0.0,-0.6407110528614964,0.15458265418010714,0.10418171976467105,0.008425566502569645,0.0,0.0,0.2890158624494322,omni
2.777770787412985,-2.543952749563463,4.1702911348787195,0.0,0.0,-0.6349747285527357,0.15520050234479477,0.10374813932734714,0.008338965300607664,0.0,0.0,0.28681621543803554,unicycle
2.7815009183063273,-2.5441286580326583,4.170455900701675,0.0,0.0,-0.6292709338995317,0.15566588765550743,0.10310323279512548,0.008238291147817867,0.0,0.0,0.28518973266019854,omni
2.785236742696943,-2.5442976003843243,4.170618971678599,0.0,0.0,-0.6236107920305047,0.15627561877853008,0.10266614732245964,0.008153548846201262,0.0,0.0,0.2830070934513512,unicycle
2.7889733541562602,-2.5444612578360846,4.170780072810511,0.0,0.0,-0.617983001434505,0.15673087211426828,0.10202033341188729,0.008055056595648317,0.0,0.0,0.28138952979998755,omni
2.7927155681418436,-2.544618102013037,4.1709395157923685,0.0,0.0,-0.612398526301271,0.15733250957675565,0.10157995177143589,0.007972149092863725,0.0,0.0,0.27922375666169474,unicycle
2.7964584939000994,-2.5447698046284146,4.171097031896379,0.0,0.0,-0.6068462247942024,0.15777768733238634,0.10093343743495065,0.007875805200512117,0.0,0.0,0.2776150753534393,omni
2.8002069336389126,-2.544914846283217,4.171252925991211,0.0,0.0,-0.6013369026643424,0.15837124127677862,0.10048996373871785,0.007794704741628491,0.0,0.0,0.2754661064930051,unicycle
2.8039560117418407,-2.5450548886958906,4.171406935446444,0.0,0.0,-0.5958595758673595,0.15880638903048458,0.09984295180175329,0.007700472761697055,0.0,0.0,0.27386633984914494,omni
2.8077105174411843,-2.545188421730544,4.171559358427074,0.0,0.0,-0.5904248924324711,0.15939186115076906,0.09939658817979007,0.007621149031545147,0.0,0.0,0.27173417174441583,unicycle
2.8114655897679253,-2.5453170966495056,4.171709938238325,0.0,0.0,-0.5850220243841601,0.1598170178341311,0.09874927948066643,0.007528990562532303,0.0,0.0,0.2701434024155537,omni
2.815226005279777,-2.5454394128573465,4.17185896646854,0.0,0.0,-0.5796614629122029,0.16039440505590946,0.0983002276819265,0.00745141151068015,0.0,0.0,0.2680280735978578,unicycle
2.8189869172017405,-2.5455570107278875,4.172006192206697,0.0,0.0,-0.5743325345024677,0.16080960614436535,0.09765282225341451,0.00736128690779898,0.0,0.0,0.26644642048677475,omni
2.8227530897349027,-2.5456683994742817,4.172151900594094,0.0,0.0,-0.5690455745149662,0.16137890343877595,0.09720128446426443,0.007285419369912879,0.0,0.0,0.2643479993750708,unicycle
2.826519689872776,-2.5457752081776084,4.172295846359698,0.0,0.0,-0.5637900623738775,0.16178418337834388,0.09655398208183677,0.007197288280256491,0.0,0.0,0.2627756070544379,omni
2.8302914697876367,-2.5458759561185924,4.172438308328597,0.0,0.0,-0.5585761787177513,0.1623453859006428,0.09610016123246681,0.007123098444966105,0.0,0.0,0.2606941828062975,unicycle
2.8340636098378824,-2.54597226070835,4.17257904673276,0.0,0.0,-0.55339355444691,0.1627407799395132,0.0954531615532494,0.007036920208219617,0.0,0.0,0.2591312135420703,unicycle
2.8377736719741216,-2.5460878050113935,4.172714394865589,0.0,0.0,-0.5481001357704856,0.16109703139058296,0.09215533494283203,0.006767406641409434,0.0,0.0,0.2646709338212222,unicycle
2.841381069344696,-2.5462380717767945,4.172841998902135,0.0,0.0,-0.5426038817979592,0.15810378302229325,0.08713791115595607,0.006380201827356188,0.0,0.0,0.2748126986263203,unicycle
2.8448614042036815,-2.546432431679127,4.172960475902349,0.0,0.0,-0.5368498158122462,0.15427441085411672,0.08109103663697477,0.005923850010759115,0.0,0.0,0.28770329928564564,unicycle
2.848202107333722,-2.5466757785965,4.173069150206039,0.0,0.0,-0.5308100593024294,0.1499860395994263,0.07451886340895994,0.005433715184433486,0.0,0.0,0.3019878254908458,unicycle
2.851399093566847,-2.5469697866794663,4.173167851478499,0.0,0.0,-0.5244762007972407,0.14551106317181128,0.06778289577593666,0.004935063623042176,0.0,0.0,0.3166929252594449,unicycle
2.8544542116629725,-2.5473138637199084,4.1732567610807925,0.0,0.0,-0.5178534876714523,0.14104189605127299,0.06113598699274548,0.0044454801147549156,0.0,0.0,0.3311356562894173,unicycle
2.8573733148440312,-2.5477058666892574,4.173336296179413,0.0,0.0,-0.5109564371888632,0.1367103416313627,0.054748906247271564,0.003976754930989511,0.0,0.0,0.3448525241294583,unicycle
2.860164815200182,-2.548142634087148,4.173407023206514,0.0,0.0,-0.5038055488227047,0.13260268923996849,0.04873101526715759,0.003536351355008234,0.0,0.0,0.357544418307929,unicycle
2.8628386139712143,-2.5486203787222244,4.17346959403925,0.0,0.0,-0.49642486790373785,0.12877143005643613,0.043146286487409403,0.00312854163672793,0.0,0.0,0.3690340459483417,unicycle
2.865405322385258,-2.5491349749084784,4.173524699670369,0.0,0.0,-0.4888402045092852,0.12524430362376382,0.038025647051406576,0.0027552815560213046,0.0,0.0,0.37923316972263466,unicycle
2.8678757057237596,-2.5496821661387115,4.173573037261334,0.0,0.0,-0.481077854111607,0.12203124292524335,0.033376433615415174,0.002416879548139593,0.0,0.0,0.38811751988391996,unicycle
2.870260297600066,-2.550257713028251,4.173615287359584,0.0,0.0,-0.4731637001570953,0.11912967042866339,0.029189582754567754,0.0021125049124441535,0.0,0.0,0.39570769772558984,unicycle
2.872569142853506,-2.5508574964814943,4.1736520987686445,0.0,0.0,-0.4651226052890291,0.11652850470744215,0.025445053224750935,0.0018405704529385713,0.0,0.0,0.40205474340331804,unicycle
2.8748116365579923,-2.551477587354078,4.173684079119655,0.0,0.0,-0.4569780188242404,0.11421116284850398,0.022115873328829524,0.001599017550620829,0.0,0.0,0.4072293232394421,unicycle
2.8769964338832947,-2.5521142911124697,4.173711789635457,0.0,0.0,-0.44875174451831334,0.11215778429828802,0.019171124225685024,0.0013855257901575267,0.0,0.0,0.41131371529635746,unicycle
2.8791314112932977,-2.552764173915815,4.173735742926868,0.0,0.0,-0.44046382553688646,0.11034685420017608,0.01657810420149023,0.0011976645705300375,0.0,0.0,0.41439594907135024,unicycle
2.881223664111772,-2.55342407498946,4.173756402934656,0.0,0.0,-0.4321325136337463,0.10875636630529582,0.014303866451270464,0.0010330003893286946,0.0,0.0,0.4165655951570175,unicycle
2.8832795290688646,-2.5540911089920955,4.173774186344974,0.0,0.0,-0.42377429740893274,0.10736463530566911,0.012316281171501738,0.0008891705158017656,0.0,0.0,0.4179108112406772,unicycle
2.8853046232520563,-2.5547626611982057,4.173789464973118,0.0,0.0,-0.4154039706497786,0.10615084441738565,0.010584739621080468,0.0007639314071271722,0.0,0.0,0.4185163379577207,unicycle
2.887303893078713,-2.5554363776496283,4.173802568740185,0.0,0.0,-0.4070347265155687,0.10509539499903219,0.009080591556976212,0.0006551883534141661,0.0,0.0,0.4184622067104966,unicycle
2.8892816686090974,-2.5561101519197336,4.173813788967407,0.0,0.0,-0.39867826700612147,0.10418010993251248,0.007777386712253515,0.0005610113611053317,0.0,0.0,0.4178229754723674,unicycle
2.891241719830177,-2.556782109741067,4.1738233817898545,0.0,0.0,-0.3903449199884515,0.10338833061840448,0.006650974646561837,0.00047964112238365274,0.0,0.0,0.4166673508835014,unicycle
2.8931873125435614,-2.557450592443127,4.173831571549978,0.0,0.0,-0.38204375822748904,0.10270493810136753,0.005679504468771714,0.00040948800608518195,0.0,0.0,0.41505808804813193,unicycle
2.8951212622511737,-2.558114139910164,4.173838554075824,0.0,0.0,-0.373782716521544,0.10211632152470101,0.004843355890209194,0.0003491262922341139,0.0,0.0,0.4130520852972562,unicycle
2.897045985002528,-2.5587714735838514,4.173844499782155,0.0,0.0,-0.36556870429513494,0.10161031140117689,0.004125025239055907,0.00029728531656586635,0.0,0.0,0.41070061132046387,unicycle
2.8989635445897677,-2.5594214798908927,4.1738495565573634,0.0,0.0,-0.3574077119409038,0.10117609074655651,0.003508983990782096,0.000252838760389696,0.0,0.0,0.40804961771156417,unicycle
2.900875695784523,-2.560063194362474,4.1738538524171345,0.0,0.0,-0.3493049098993572,0.10080409368623033,0.002981522677266704,0.00021479298857280884,0.0,0.0,0.40514010207733925,unicycle
2.9027839235305617,-2.560695786624263,4.173857497918802,0.0,0.0,-0.34126473997559104,0.10048589850133434,0.002530589434276222,0.00018227508332527897,0.0,0.0,0.4020084961883159,unicycle
2.904689478159164,-2.5613185463674335,4.173860588339344,0.0,0.0,-0.3332909987594631,0.1002141200588243,0.002145629698824191,0.00015452102712457236,0.0,0.0,0.39868706080640137,unicycle
2.906593406796537,-2.561930870358821,4.173863205626168,0.0,0.0,-0.32538691327383507,0.0999823050353478,0.0018174314882827992,0.00013086434126548298,0.0,0.0,0.39520427428140736,unicycle
2.908496581197164,-2.5625322505087347,4.1738654201337,0.0,0.0,-0.3175552091510086,0.09978483219018838,0.001537979134172803,0.00011072537663089563,0.0,0.0,0.3915852061413285,unicycle
2.9103997222738336,-2.5631222629855257,4.17386729216114,0.0,0.0,-0.30979817175091556,0.09961681908320691,0.0013003171883769894,9.360137202676837e-05,0.0,0.0,0.3878518700046593,unicycle
2.9123034216117176,-2.5637005583447228,4.173868873307867,0.0,0.0,-0.3021177007019355,0.09947403600254044,0.0010984253758231687,7.90573362451971e-05,0.0,0.0,0.3840235524490073,unicycle
2.9142081602563263,-2.564266852625695,4.17387020766322,0.0,0.0,-0.2945153583787161,0.09935282741103535,0.0009271048628553902,6.671776774888598e-05,0.0,0.0,0.38011711616097205,unicycle
2.9161143250577246,-2.5648209193590095,4.173871332847148,0.0,0.0,-0.2869924128405056,0.09925004089853207,0.0007818756876114149,5.625919646157449e-05,0.0,0.0,0.37614727691053385,unicycle
2.918022222839581,-2.5653625824218182,4.173872280917396,0.0,0.0,-0.27954987574549023,0.09916296340673997,0.0006588849132519908,4.740351244140646e-05,0.0,0.0,0.37212685475076834,unicycle
2.919932092643776,-2.5658917096757747,4.17387307915807,0.0,0.0,-0.27218853573693486,0.09908926434925824,0.0005548248822126273,3.991203374997515e-05,0.0,0.0,0.3680670004277781,unicycle
2.9218441162813433,-2.566408207321479,4.173873750763245,0.0,0.0,-0.26490898776965155,0.09902694516168871,0.00046686084294457025,3.3580258706398156e-05,0.0,0.0,0.3639773983641678,unicycle
2.9237584273997097,-2.5669120149046027,4.173874315428136,0.0,0.0,-0.2577116588135552,0.0989742947706003,0.00039256716920656735,2.8233244468687392e-05,0.0,0.0,0.35986644780482246,unicycle
2.925675119255469,-2.567403100911222,4.173874789859204,0.0,0.0,-0.25059683033701863,0.0989298504537118,0.0003298713800303948,2.372155339342783e-05,0.0,0.0,0.35574142382683216,unicycle
2.9275942513619144,-2.5678814588930994,4.173875188213404,0.0,0.0,-0.2435646579380705,0.098892363568192,0.00027700518397154935,1.9917710038443798e-05,0.0,0.0,0.35160861994741005,unicycle
2.929515855161627,-2.568347104067384,4.173875522475689,0.0,0.0,-0.23661518845730115,0.09886076964272505,0.0002324618050940379,1.6713114351110782e-05,0.0,0.0,0.3474734740384693,unicycle
2.9314399388568613,-2.5688000703392495,4.173875802782891,0.0,0.0,-0.22974837487345517,0.09883416235692981,0.00019495889354964106,1.4015360050070852e-05,0.0,0.0,0.3433406791923044,unicycle
2.9333664915143354,-2.5692404077001236,4.173876037701112,0.0,0.0,-0.2229640892515905,0.09881177096513065,0.00016340637560420497,1.1745911109490446e-05,0.0,0.0,0.3392142810932351,unicycle
2.9352954865464724,-2.5696681799583403,4.17387623446298,0.0,0.0,-0.21626213398468483,0.09879294075763821,0.0001368786529148646,9.83809333897258e-06,0.0,0.0,0.33509776334528796,unicycle
2.937226884657966,-2.5700834627630558,4.173876399170221,0.0,0.0,-0.20964225154281468,0.09877711618966578,0.00011459061620009157,8.235362139339093e-06,0.0,0.0,0.3309941220935112,unicycle
2.9391606363348686,-2.570486341886152,4.1738765369664526,0.0,0.0,-0.20310413291957968,0.09876382634442248,9.587699239304601e-05,6.889811481544246e-06,0.0,0.0,0.3269059311617526,unicycle
2.9410966839430133,-2.5708769117304993,4.173876652184311,0.0,0.0,-0.19664742494324966,0.09875267243187187,8.017459575124138e-05,5.760892922064588e-06,0.0,0.0,0.32283539881650225,unicycle
2.9430349634934263,-2.5712552740363215,4.17387674847065,0.0,0.0,-0.1902717366001029,0.09874331705754046,6.700710148166547e-05,4.814316983747758e-06,0.0,0.0,0.3187844171573413,unicycle
2.9449754061243762,-2.5716215367605813,4.1738768288929,0.0,0.0,-0.1839766444994761,0.09873547502626608,5.597200482786155e-05,4.021112469842187e-06,0.0,0.0,0.31475460503133945,unicycle
2.9469179393426774,-2.5719758131071315,4.173876896029344,0.0,0.0,-0.17776169759402718,0.09872890547372962,4.672946908866438e-05,3.3568222309060734e-06,0.0,0.0,0.3107473452724502,unicycle
2.9488624880607945,-2.572318220688022,4.173876952045677,0.0,0.0,-0.17162642125446553,0.09872340514398036,3.899280269939798e-05,2.800816571315701e-06,0.0,0.0,0.3067638169780856,unicycle
2.950808975460969,-2.5726488807986874,4.173876998759833,0.0,0.0,-0.16557032078539005,0.09871880265400032,3.252033842228816e-05,2.335707873920325e-06,0.0,0.0,0.30280502345377525,unicycle
2.952757323713053,-2.5729679177918596,4.173877037696875,0.0,0.0,-0.15959288445772923,0.09871495360676841,2.710851705579212e-05,1.9468521529466186e-06,0.0,0.0,0.2988718163830416,unicycle
2.954707454568757,-2.5732754585369486,4.1738770701353785,0.0,0.0,-0.15369358612346765,0.09871173643242968,2.25860041205443e-05,1.6219251345576496e-06,0.0,0.0,0.2949649167130829,unicycle
2.956659289851657,-2.573571631953312,4.1738770971466215,0.0,0.0,-0.14787188746972438,0.09870904885322111,1.8808690975053542e-05,1.3505621311213821e-06,0.0,0.0,0.29108493268716634,unicycle
2.958612751859374,-2.5738565686073285,4.173877119627671,0.0,0.0,-0.14212723996169763,0.09870680488193063,1.565545202840733e-05,1.1240524393439169e-06,0.0,0.0,0.2872323754013391,unicycle
2.9605677636918557,-2.5741304003645062,4.173877138329277,0.0,0.0,-0.13645908651738414,0.09870493227605277,1.3024547419253312e-05,9.350802738173703e-07,0.0,0.0,0.28340767221567775,unicycle
2.962524249517567,-2.5743932600890247,4.173877153879384,0.0,0.0,-0.13086686295121788,0.09870337038062718,1.0830575979998898e-05,7.775053652955727e-07,0.0,0.0,0.2796111783083133,unicycle
2.9644821347875663,-2.5746452813841154,4.173877166802931,0.0,0.0,-0.1253499992187501,0.09870206830217401,9.00189674801233e-06,6.461773251181341e-07,0.0,0.0,0.2758431866233936,unicycle
2.9664413464059063,-2.574886598367594,4.173877177538507,0.0,0.0,-0.11990792049012024,0.09870098336432799,7.478448950027172e-06,5.367787203393967e-07,0.0,0.0,0.27210393643149366,unicycle
2.9684018128634833,-2.57511734547762,4.173877186452358,0.0,0.0,-0.11454004807627408,0.09870007980286599,6.20991048178334e-06,4.4569253358351273e-07,0.0,0.0,0.26839362069231015,unicycle
2.9703634643413355,-2.575337657304454,4.173877193850163,0.0,0.0,-0.10924580022858721,0.0986993276639535,5.154143623009575e-06,3.698903113335049e-07,0.0,0.0,0.2647123923843443,unicycle
2.9723262327884563,-2.575547668444556,4.173877199986921,0.0,0.0,-0.10402459282970115,0.09869870187472123,4.275884240248662e-06,3.068378467833526e-07,0.0,0.0,0.2610603699443049,unicycle
2.974290051978369,-2.5757475133738907,4.173877205075235,0.0,0.0,-0.09887583999090555,0.09869818145983265,3.545637190829517e-06,2.5441570972958095e-07,0.0,0.0,0.25743764193978175,unicycle
2.976254857548052,-2.5759373263377463,4.173877209292281,0.0,0.0,-0.09379895456926501,0.0986977488816116,2.938746187627123e-06,2.108523362034845e-07,0.0,0.0,0.2538442710820278,unicycle
2.9782205870222143,-2.576117241254756,4.173877212785636,0.0,0.0,-0.08879334861584198,0.0986973894846496,2.43461113752055e-06,1.7466773344945071e-07,0.0,0.0,0.25028029767115284,unicycle
2.9801871798254504,-2.5762873916331395,4.17387721567816,0.0,0.0,-0.08385843376477402,0.09869709102868233,2.016030033640587e-06,1.4462614919032036e-07,0.0,0.0,0.2467457425534005,unicycle
2.982154577284385,-2.5764479104974622,4.173877218072085,0.0,0.0,-0.07899362157158953,0.09869684329597678,1.6686459564834672e-06,1.1969630468619225e-07,0.0,0.0,0.24324060965922623,unicycle
2.9841227226215827,-2.576598930324472,4.173877220052446,0.0,0.0,-0.07419832380796156,0.09869663776156433,1.380482703862543e-06,9.901800483069362e-08,0.0,0.0,0.23976488818140054,unicycle
2.986091560942715,-2.576740582986759,4.173877221689927,0.0,0.0,-0.06947195271907866,0.09869646731644006,1.1415550960443608e-06,8.187412061536938e-08,0.0,0.0,0.2363185544441456,unicycle
2.9880610392182114,-2.576872999703185,4.173877223043269,0.0,0.0,-0.06481392124893451,0.09869632603536778,9.435421524701432e-07,6.766709422567894e-08,0.0,0.0,0.23290157350720916,unicycle
2.990031106260447,-2.5769963109951672,4.173877224161255,0.0,0.0,-0.060223643238081666,0.0986962089822228,7.7951316411373e-07,5.589924870764246e-08,0.0,0.0,0.2295139005426434,unicycle
2.992001712697332,-2.577110646648048,4.173877225084381,0.0,0.0,-0.05570053359774652,0.09869611204690218,6.436982373930657e-07,4.6156295930462726e-08,0.0,0.0,0.2261554820167588,unicycle
2.9939728109430193,-2.5772161356768817,4.173877225846254,0.0,0.0,-0.051244008463643416,0.0986960318087634,5.312962018573093e-07,3.8093531372274305e-08,0.0,0.0,0.22282625670515635,unicycle
2.995944355166344,-2.577312906296079,4.1738772264747395,0.0,0.0,-0.046853485332347365,0.09869596542234198,4.383138892478005e-07,3.142428457378186e-08,0.0,0.0,0.21952615656480373,unicycle
2.9979163012574945,-2.577401085892417,4.173877226992945,0.0,0.0,-0.04252838318267276,0.0986959105217675,3.614317357404291e-07,2.591026208593981e-08,0.0,0.0,0.21625510748373172,unicycle
2.9998886067933315,-2.5774808010010095,4.1738772274200135,0.0,0.0,-0.038268122584152624,0.09869586514086262,2.9789145775108425e-07,2.1353477225159343e-08,0.0,0.0,0.21301302992600804,unicycle
3.001861231001709,-2.57755217728388,4.173877227771803,0.0,0.0,-0.034072125794409915,0.09869582764638817,2.4540222649143516e-07,1.7589509520117752e-08,0.0,0.0,0.20979983948713618,unicycle
3.0038341347250874,-2.5776153395108286,4.173877228061442,0.0,0.0,-0.029939816846952575,0.09869579668230113,2.0206233619834793e-07,1.4481877736578202e-08,0.0,0.0,0.2066154473728682,unicycle
3.0058072803836713,-2.5776704115423446,4.17387722829979,0.0,0.0,-0.025870621630701297,0.09869577112323304,1.662938415939888e-07,1.1917344951924735e-08,0.0,0.0,0.20345976081256514,unicycle
3.0077806319382834,-2.577717516314333,4.1738772284958285,0.0,0.0,-0.021863967962368402,0.09869575003568355,1.3678804528119855e-07,9.802003300868374e-09,0.0,0.0,0.20033268341664603,unicycle
3.009754154853133,-2.577756775824466,4.17387722865699,0.0,0.0,-0.017919285652642492,0.09869573264566643,1.1246005703634789e-07,8.05801056371285e-09,0.0,0.0,0.1972341154862967,unicycle
3.011727816058614,-2.577788311119995,4.173877228789407,0.0,0.0,-0.014036006566993792,0.09869571831174828,9.2410934193818e-08,6.6208714294428625e-09,0.0,0.0,0.194163954282436,unicycle
3.013701583914249,-2.5778122422868797,4.173877228898152,0.0,0.0,-0.010213564681795247,0.09869570650259255,7.58961539037316e-08,5.437173641506735e-09,0.0,0.0,0.19112209425992838,unicycle
3.015675428171876,-2.577828688440108,4.173877228987407,0.0,0.0,-0.006451396136351932,0.0986956967782651,6.229937110103977e-08,4.462703836880295e-09,0.0,0.0,0.1881084272721666,unicycle
3.017649319939141,-2.5778377677151054,4.173877229060625,0.0,0.0,-0.0027489392813438047,0.09869568877467878,5.111058658075235e-08,3.660880153164298e-09,0.0,0.0,0.18512284275040736,unicycle
3.0196232316433744,-2.5778395972601382,4.173877229120655,0.0,0.0,0.0008943652758882815,0.09869568219065603,4.190799273952272e-08,3.001448971923883e-09,0.0,0.0,0.18216522786160522,unicycle
3.021597136995891,-2.577834293229623,4.173877229169842,0.0,0.0,0.004479074628847175,0.09869567677717422,3.4342884640911584e-08,2.4594018004505584e-09,0.0,0.0,0.1792354676479456,unicycle
3.023683285267287,-2.5778213141012865,4.173877229210123,0.0,0.0,0.007963375911539727,0.1043094850805894,2.812712474531095e-08,2.0140755317035333e-09,0.0,0.0,0.1742150641346285,unicycle
3.02605432474606,-2.5777984954993616,4.173877229243092,0.0,0.0,0.011283403617707074,0.11855751834976348,2.3022734003033677e-08,1.6484053855720129e-09,0.0,0.0,0.16600138530836817,unicycle
3.028820133564871,-2.5777629753252476,4.173877229270057,0.0,0.0,0.014400110458288071,0.13830190073122586,1.8833252646214983e-08,1.3483049113117996e-09,0.0,0.0,0.1558353420290508,unicycle
3.032044247041626,-2.5777118802211594,4.173877229292102,0.0,0.0,0.017292644557758707,0.16122597239677394,1.5396573129451213e-08,1.1021516791684963e-09,0.0,0.0,0.14462670497353253,unicycle
3.035756514282258,-2.577642738591359,4.1738772293101105,0.0,0.0,0.01995326498197286,0.18564560837216268,1.2578997112332353e-08,9.003608420342667e-10,0.0,0.0,0.1330310212107082,unicycle
3.0399627882625087,-2.577553685144563,4.173877229324812,0.0,0.0,0.02238346333852186,0.2103608805410745,1.0270309708531789e-08,7.350317176670739e-10,0.0,0.0,0.1215099178274505,unicycle
3.0446522901739024,-2.57744352123576,4.173877229336806,0.0,0.0,0.024591027853532597,0.23453983243619564,8.37969875797988e-09,5.996550229053708e-10,0.0,0.0,0.1103782257505376,unicycle
3.04980315759252,-2.577311684536864,4.173877229346583,0.0,0.0,0.026587841205446636,0.257627759086543,6.832375714132727e-09,4.88870462783448e-10,0.0,0.0,0.09984066759570276,unicycle
3.055386580681155,-2.5771581683776805,4.173877229354548,0.0,0.0,0.028388247199817713,0.27927669534503197,5.5667788045053965e-09,3.9826610615859614e-10,0.0,0.0,0.09002029971855381,unicycle
3.0613698461595984,-2.5769834189296676,4.173877229361032,0.0,0.0,0.030007856287709023,0.29929087434865975,4.532259197937299e-09,3.2421242137546817e-10,0.0,0.0,0.08098045439456611,unicycle
3.0677185411622117,-2.576788228521589,4.173877229366307,0.0,0.0,0.03146268772628008,0.3175847707597549,3.6871676497739157e-09,2.637250475835942e-10,0.0,0.0,0.07274157192855316,unicycle
3.074398115103805,-2.5765736359667697,4.1738772293705955,0.0,0.0,0.03276856827171102,0.3341510300479609,2.9972730441604114e-09,2.1435137897699837e-10,0.0,0.0,0.06529402727154739,unicycle
3.081374954661185,-2.576340839563034,4.173877229374077,0.0,0.0,0.03394072482186322,0.3490361369344734,2.434455870149712e-09,1.7407687344832205e-10,0.0,0.0,0.05860782750761042,unicycle
3.088617092807323,-2.5760911249597997,4.1738772293769015,0.0,0.0,0.034993522305077504,0.3623221189804697,1.975629339978297e-09,1.412476915900981e-10,0.0,0.0,0.05263987416071408,unicycle
3.096094645767666,-2.5758258079303857,4.173877229379193,0.0,0.0,0.035940309077821905,0.37411293609977736,1.601848905668372e-09,1.1450684977499835e-10,0.0,0.0,0.047339338637220174,unicycle
3.1037800503915434,-2.5755461908604484,4.1738772293810475,0.0,0.0,0.0367933407377521,0.3845244905233802,1.29757762349571e-09,9.274155156574897e-11,0.0,0.0,0.04265158299650913,unicycle
3.111648157602979,-2.5752535311641074,4.173877229382547,0.0,0.0,0.037563760053422705,0.3936774182462097,1.0500803801109594e-09,7.503976113220893e-11,0.0,0.0,0.038520965783530446,unicycle
3.119676224391663,-2.5749490196426086,4.173877229383758,0.0,0.0,0.03826161603659099,0.40169200343567635,8.489246175080414e-10,6.065441421599077e-11,0.0,0.0,0.03489279915841428,unicycle
3.127843836483362,-2.5746337668456403,4.173877229384739,0.0,0.0,0.03889590934132932,0.4086847007363964,6.855690338752094e-10,4.897393778109862e-11,0.0,0.0,0.03171466523691618,unicycle
3.1361327857928702,-2.5743087956728106,4.1738772293855275,0.0,0.0,0.03947465440874004,0.4147658641916669,5.530249249485813e-10,3.9497978254751235e-11,0.0,0.0,0.02893725337053591,unicycle
3.1445269205336968,-2.5739750386902904,4.1738772293861635,0.0,0.0,0.040004951280810594,0.4200383715339969,4.455774753798444e-10,3.18174280658125e-11,0.0,0.0,0.026514843603528113,unicycle
3.153011981054893,-2.573633338890292,4.173877229386675,0.0,0.0,0.040493061936490105,0.4245969036434324,3.585565032067904e-10,2.5597997592051626e-11,0.0,0.0,0.024405532783975514,unicycle
3.1615754307921073,-2.5732844528627914,4.173877229387087,0.0,0.0,0.04094448748056156,0.4285276948733719,2.881479789474096e-10,2.05667101020967e-11,0.0,0.0,0.022571277203572472,unicycle
3.170206288914679,-2.5729290555659836,4.173877229387418,0.0,0.0,0.04136404363923867,0.43190861378624557,2.3123914758737276e-10,1.650080538068392e-11,0.0,0.0,0.0209778079338559,unicycle
3.1788949691309454,-2.5725677460687617,4.1738772293876805,0.0,0.0,0.04175593286333178,0.434809468104044,1.8529132964466104e-10,1.3218627251384448e-11,0.0,0.0,0.019594461204654856,unicycle
3.1876331275275858,-2.5722010537941147,4.173877229387894,0.0,0.0,0.04212381197183142,0.43729245434750874,1.4823551056137972e-10,1.0572144317681545e-11,0.0,0.0,0.018393955424982532,unicycle
3.196413521145334,-2.5718294449187504,4.173877229388064,0.0,0.0,0.04247085473446104,0.4394126933021112,1.1838668248637184e-10,8.440814558356045e-12,0.0,0.0,0.017352138131481364,unicycle
3.205229878138044,-2.571453328684631,4.173877229388199,0.0,0.0,0.042799809129450715,0.4412188083781996,9.437360950338141e-11,6.726555121139838e-12,0.0,0.0,0.016447719749483364,unicycle
3.214076779750265,-2.571073063456272,4.173877229388306,0.0,0.0,0.043113049252575905,0.44275351613896385,7.508127182019717e-11,5.349620575031161e-12,0.0,0.0,0.015662006156259754,unicycle
3.2229495539219775,-2.570688962417374,4.173877229388391,0.0,0.0,0.04341262201895029,0.4440542075584612,5.96037273758772e-11,4.245227514661788e-12,0.0,0.0,0.014978638318719529,unicycle
3.231844180042335,-2.5703012988450427,4.1738772293884585,0.0,0.0,0.04370028890854396,0.44515350558227457,4.72055281929794e-11,3.3607920118660466e-12,0.0,0.0,0.014383344479683632,unicycle
3.240757204191875,-2.5699103109325883,4.173877229388512,0.0,0.0,0.04397756307420097,0.4460797898019862,3.7290158080459724e-11,2.6536700193436525e-12,0.0,0.0,0.013863708282850756,unicycle
3.2496856641072407,-2.569516206155269,4.173877229388554,0.0,0.0,0.04424574216809537,0.44685768292181877,2.937422999367673e-11,2.089310311094167e-12,0.0,0.0,0.013408954694720195,unicycle
3.2586270230530574,-2.569119165189497,4.173877229388586,0.0,0.0,0.0445059372575848,0.44750849650697627,2.306640544214134e-11,1.6397456089041292e-12,0.0,0.0,0.01300975447447184,unicycle
3.267579111776,-2.568719345406681,4.173877229388611,0.0,0.0,0.044759098200783554,0.4480506355062738,1.8050183059523187e-11,1.2823607859657488e-12,0.0,0.0,0.012658047159937099,unicycle
3.2765400777341327,-2.5683168839694597,4.173877229388633,0.0,0.0,0.045006035840801886,0.4484999624306671,1.4069855653805653e-11,9.988879484119379e-13,0.0,0.0,0.012346882000916546,unicycle
3.285508340831037,-2.5679119005616626,4.173877229388647,0.0,0.0,0.04524744135918337,0.4488701229957457,1.0919060402175207e-11,7.74587179476262e-13,0.0,0.0,0.012070275919074409,unicycle
3.29448255493221,-2.5675044997847425,4.1738772293886575,0.0,0.0,0.04548390310636347,0.44917283561778143,8.431450033056845e-12,5.975791253969416e-13,0.0,0.0,0.01182308735900492,unicycle
3.3034615744956692,-2.5670947732533542,4.173877229388668,0.0,0.0,0.045715921201986594,0.44941814748054043,6.473097724890161e-12,4.583016852545674e-13,0.0,0.0,0.011600904781156154,unicycle
3.3124444257059755,-2.5666828014216585,4.173877229388675,0.0,0.0,0.04594392017210558,0.44961466003374506,4.936318254744417e-12,3.4906806867180133e-13,0.0,0.0,0.011399948505948363,unicycle
3.3214302815583885,-2.5662686551701754,4.173877229388679,0.0,0.0,0.04616825986466846,0.4497697267972992,3.734645300354593e-12,2.6370759580439526e-13,0.0,0.0,0.011216984628143597,unicycle
3.3304184403958024,-2.5658523971808913,4.173877229388682,0.0,0.0,0.04638924485996921,0.4498896262687486,2.7987519264580107e-12,1.9727399035008998e-13,0.0,0.0,0.011049249765037765,unicycle
3.3394083074543333,-2.5654340831260116,4.173877229388686,0.0,0.0,0.04660713256935216,0.44997971259544467,2.07313997870125e-12,1.458086880575143e-13,0.0,0.0,0.010894385469147734,unicycle
3.348399379023153,-2.565013762693369,4.173877229388689,0.0,0.0,0.04682214019368618,0.450044546500214,1.5134558583717204e-12,1.0614895744211694e-13,0.0,0.0,0.01075038121670107,unicycle
3.357391228870063,-2.564591480469185,4.173877229388689,0.0,0.0,0.04703445069310189,0.45008800875667565,1.0843161900723816e-12,7.577249438549659e-14,0.0,0.0,0.01061552497078542,unicycle
3.3663834966261614,-2.5641672766966526,4.173877229388689,0.0,0.0,0.04724421790125643,0.45011339830971014,7.57548237502701e-13,5.2671680792834346e-14,0.0,0.0,0.010488360407727208,unicycle
3.375375877860821,-2.563741187926716,4.173877229388689,0.0,0.0,0.04745157090093278,0.4501235169364668,5.107674065338263e-13,3.525194949392156e-14,0.0,0.0,0.010367649983817371,unicycle
3.3843681156121894,-2.563313247575503,4.173877229388689,0.0,0.0,0.04765661776302546,0.4501207421494926,3.262284891169138e-13,2.2249722506129035e-14,0.0,0.0,0.010252343104634142,unicycle
3.393359993168741,-2.5628834864011214,4.173877229388689,0.0,0.0,0.04785944873781512,0.45010708985988396,1.8989901383605776e-13,1.2666228312268881e-14,0.0,0.0,0.010141548739483548,unicycle
3.4023513279243,-2.562451932910919,4.173877229388689,0.0,0.0,0.04806013897577588,0.45008426814709046,9.071264622722048e-14,5.714189418163363e-15,0.0,0.0,0.010034511898037994,unicycle
3.411341966152707,-2.562018613708922,4.173877229388689,0.0,0.0,0.04825875084486963,0.4500537233243578,1.9968408562125114e-14,7.74931677093303e-16,0.0,0.0,0.00993059345468766,unicycle
3.4203317785691736,-2.5615835537918703,4.173877229388689,0.0,0.0,0.048455335902236114,0.45001667934519524,-2.915211946837133e-14,-2.636075664651741e-15,0.0,0.0,0.00982925286832425,unicycle
3.429320656563652,-2.5611467768011678,4.173877229388689,0.0,0.0,0.04864993657026341,0.44997417146657653,-6.197224127238454e-14,-4.8968669379815795e-15,0.0,0.0,0.009730033401364895,unicycle
3.4383085090075265,-2.560708305237081,4.173877229388689,0.0,0.0,0.04884258756010448,0.4499270749683131,-8.26305928037129e-14,-6.301127350912866e-15,0.0,0.0,0.009632549492053857,unicycle
3.4472952595488042,-2.560268160640638,4.173877229388689,0.0,0.0,0.0490333170796805,0.4498761296244443,-9.432950139421999e-14,-7.075905860350141e-15,0.0,0.0,0.009536475978801473,unicycle
3.4562808443230617,-2.5598263637479497,4.173877229388689,0.0,0.0,0.049222147857979244,0.4498219605306709,-9.953333070476162e-14,-7.395756854748699e-15,0.0,0.0,0.009441538914937053,unicycle
3.465265210017845,-2.559382934620991,4.173877229388689,0.0,0.0,0.049409098012923106,0.44976509581086016,-1.0012659064078974e-13,-7.394009521849683e-15,0.0,0.0,0.009347507747193104,unicycle
3.474248312237228,-2.5589378927583253,4.173877229388689,0.0,0.0,0.04959418178616178,0.4497059816544887,-9.753972257075181e-14,-7.171730141510943e-15,0.0,0.0,0.009254188661934505,unicycle
3.4832301141210364,-2.558491257188751,4.173877229388689,0.0,0.0,0.049777410164762184,0.44964499507460004,-9.284895205664731e-14,-6.804833983305425e-15,0.0,0.0,0.009161418930020124,unicycle
3.4922105851799174,-2.558043046550429,4.173877229388689,0.0,0.0,0.04995879140685496,0.4495824547215019,-8.685536889452927e-14,-6.349715372291427e-15,0.0,0.0,0.00906906210463907,unicycle
3.5011897003131893,-2.5575932791576643,4.173877229388689,0.0,0.0,0.0501383314857925,0.44951863004015147,-8.01473946736861e-14,-5.8476930273654125e-15,0.0,0.0,0.008977003946876809,unicycle
3.510167438981342,-2.5571419730572136,4.173877229388689,0.0,0.0,0.050316034465222245,0.44945374901815327,-7.314998805486655e-14,-5.3285098794624334e-15,0.0,0.0,0.008885148971487388,unicycle
3.5191437845092715,-2.556689146075707,4.173877229388689,0.0,0.0,0.05049190281563617,0.44938800473579243,-6.61632822121777e-14,-4.813079712919853e-15,0.0,0.0,0.008793417520696154,unicycle
3.528118723499943,-2.556234815859538,4.173877229388689,0.0,0.0,0.05066593768137863,0.44932156089886527,-5.93928185365333e-14,-4.315635078271993e-15,0.0,0.0,0.008701743287122598,unicycle
3.537092245341265,-2.555778999908376,4.173877229388689,0.0,0.0,0.05083813910574572,0.4492545565086452,-5.297311222716646e-14,-3.845400314526694e-15,0.0,0.0,0.00861007121835531,unicycle
3.546064341791566,-2.5553217156032866,4.173877229388689,0.0,0.0,0.051008506220656995,0.44918710980059356,-4.6985939613979463e-14,-3.407888820669445e-15,0.0,0.0,0.008518355745563522,unicycle
3.5550350066313308,-2.554862980230282,4.173877229388689,0.0,0.0,0.05117703740639698,0.44911932156390744,-4.147445832413652e-14,-3.005903811294742e-15,0.0,0.0,0.008426559286999,unicycle
3.564004235370726,-2.5544028110000214,4.173877229388689,0.0,0.0,0.0513437304260872,0.4490512779372658,-3.645404700354156e-14,-2.6403057694069202e-15,0.0,0.0,0.00833465098451111,unicycle
3.5729720250040873,-2.553941225064259,4.173877229388689,0.0,0.0,0.05150858253883576,0.44898305276181283,-3.1920570873339587e-14,-2.3105969299707962e-15,0.0,0.0,0.008242605637427873,unicycle
3.5819383738039026,-2.5534782395295386,4.173877229388689,0.0,0.0,0.051671590594905524,0.44891470956017665,-2.7856634526521198e-14,-2.015362788795432e-15,0.0,0.0,0.008150402803487843,unicycle
3.590903281147987,-2.553013871468582,4.173877229388689,0.0,0.0,0.05183275111572683,0.44884630319987295,-2.423626721389548e-14,-1.7526023439782659e-15,0.0,0.0,0.008058026041065827,unicycle
3.599866747374545,-2.552548137929717,4.173877229388689,0.0,0.0,0.051992060361143365,0.4487778812905327,-2.1028392884470025e-14,-1.5199721447932217e-15,0.0,0.0,0.007965462270826843,unicycle
3.6088287741193845,-2.5520810559208043,4.173877229388689,0.0,0.0,0.05214951437582915,0.4487095083254071,-1.819936293467145e-14,-1.3149639240428826e-15,0.0,0.0,0.007872700734289138,unicycle
3.6177893640021432,-2.5516126424265093,4.173877229388689,0.0,0.0,0.05230510904147964,0.44864123308904447,-1.5714770340357934e-14,-1.1350313641013427e-15,0.0,0.0,0.007779733282524665,unicycle
3.626748520037642,-2.5511429144397746,4.173877229388689,0.0,0.0,0.05245884012775479,0.44857307489539555,-1.3540716646741591e-14,-9.776781834508102e-16,0.0,0.0,0.007686554313757134,unicycle
3.6357062456313183,-2.5506718889626865,4.173877229388689,0.0,0.0,0.05261070332419862,0.44850505283192965,-1.1644665790552568e-14,-8.405170591574306e-16,0.0,0.0,0.007593159822191608,unicycle
3.644662544570799,-2.550199583007289,4.173877229388689,0.0,0.0,0.05276069426713208,0.4484371855668705,-9.995989001154994e-15,-7.213067839357944e-16,0.0,0.0,0.007499547146673222,unicycle
3.6536174210150207,-2.5497260135963145,4.173877229388689,0.0,0.0,0.05290880856230542,0.4483694912270887,-8.566281520172665e-15,-6.179733833215936e-16,0.0,0.0,0.007405714758667124,unicycle
3.6625708794819416,-2.5492511977638204,4.173877229388689,0.0,0.0,0.05305504180397521,0.4483019873280717,-7.329513341513721e-15,-5.286195996789977e-16,0.0,0.0,0.007311662083489172,unicycle
3.671522924835603,-2.5487751525557183,4.173877229388689,0.0,0.0,0.05319938959096799,0.4482346907416708,-6.262061598860291e-15,-4.51526113448139e-16,0.0,0.0,0.0072173893496387505,unicycle
3.680473562273075,-2.54829789503019,4.173877229388689,0.0,0.0,0.053341847540205385,0.4481676176906855,-5.3426608067683806e-15,-3.8514706045029363e-16,0.0,0.0,0.007122897461869706,unicycle
3.6894227973116567,-2.5478194422579983,4.173877229388689,0.0,0.0,0.053482411298091434,0.4481007837619791,-4.552298245350165e-15,-3.2810177089160765e-16,0.0,0.0,0.00702818789430268,unicycle
3.6983706357765813,-2.5473398113226846,4.173877229388689,0.0,0.0,0.05362107655010041,0.44803420393187504,-3.874074846937441e-15,-2.7916416383364585e-16,0.0,0.0,0.006933262600449225,unicycle
3.7073170837893734,-2.5468590193206766,4.173877229388689,0.0,0.0,0.05375783902885042,0.4479678925991779,-3.293046580042724e-15,-2.372508506539638e-16,0.0,0.0,0.00683812393749968,unicycle
3.7162621477569484,-2.5463770833612975,4.173877229388689,0.0,0.0,0.05389269452090312,0.44790186362239703,-2.79605719903636e-15,-2.014087087094664e-16,0.0,0.0,0.0067427746026355526,unicycle
3.725205834361485,-2.54589402056669,4.173877229388689,0.0,0.0,0.0540256388724926,0.4478361303587006,-2.3715700723529078e-15,-1.7080246315932253e-16,0.0,0.0,0.006647217579473838,unicycle
3.734148150551073,-2.5454098480716665,4.173877229388689,0.0,0.0,0.05415666799435349,0.44777070570285293,-2.0095044069973757e-15,-1.447026456880151e-16,0.0,0.0,0.006551456093044561,unicycle
3.743089103531112,-2.5449245830234903,4.173877229388689,0.0,0.0,0.05428577786579252,0.44770560212493565,-1.7010793853607947e-15,-1.2247417177837367e-16,0.0,0.0,0.006455493571951765,unicycle
3.7520287007564197,-2.5444382425815935,4.173877229388689,0.0,0.0,0.0544129645381241,0.4476408317060677,-1.438668389397976e-15,-1.0356568378757724e-16,0.0,0.0,0.006359333616578903,unicycle
3.7609669499240046,-2.543950843917242,4.173877229388689,0.0,0.0,0.054538224137571666,0.44757640617164535,-1.2156645024240787e-15,-8.74997379294414e-17,0.0,0.0,0.0062629799723779266,unicycle
3.769903858966444,-2.5434624042131553,4.173877229388689,0.0,0.0,0.05466155286772031,0.4475123369218475,-1.0263577677262025e-15,-7.386386350125571e-17,0.0,0.0,0.006166436507432125,unicycle
3.778839436045815,-2.542972940663079,4.173877229388689,0.0,0.0,0.05478294701159252,0.4474486350593152,-8.658241811419156e-16,-6.23024877122756e-17,0.0,0.0,0.006069707193610287,unicycle
3.787773689548118,-2.542482470471332,4.173877229388689,0.0,0.0,0.05490240293340726,0.4473853114140255,-7.298260510876098e-16,-5.2509695676017096e-17,0.0,0.0,0.0059727960907373576,unicycle
3.796706628078145,-2.5419910108523096,4.173877229388689,0.0,0.0,0.055019917080073207,0.4473223765654594,-6.14723134755842e-16,-4.4222779717634473e-17,0.0,0.0,0.005875707333297666,unicycle
3.805638260454734,-2.5414985790299762,4.173877229388689,0.0,0.0,0.05513548598245848,0.4472598408622128,-5.173938227146827e-16,-3.721652294822256e-17,0.0,0.0,0.005778445119263582,unicycle
3.8145685957063717,-2.5410051922373222,4.173877229388689,0.0,0.0,0.05524910625647262,0.4471977144392299,-4.351655722864825e-16,-3.1298157393931066e-17,0.0,0.0,0.005681013700707056,unicycle
3.8234976430670917,-2.5405108677158106,4.173877229388689,0.0,0.0,0.055360774603990734,0.4471360072328528,-3.6575376470641416e-16,-2.630293555416399e-17,0.0,0.0,0.00558341737590614,unicycle
3.8324254119726344,-2.540015622714807,4.173877229388689,0.0,0.0,0.055470487813644824,0.4470747289938872,-3.072081683225235e-16,-2.2090255121198247e-17,0.0,0.0,0.0054856604827044735,unicycle
3.8413519120568287,-2.5395194744909966,4.173877229388689,0.0,0.0,0.055578242761503235,0.44701388929888086,-2.5786621952996943e-16,-1.8540278984103213e-17,0.0,0.0,0.005387747392920495,unicycle
3.8502771531481703,-2.53902244030779,4.173877229388689,0.0,0.0,0.055684036411655945,0.446953497559802,-2.163123768892105e-16,-1.5550996010045042e-17,0.0,0.0,0.005289682507635685,unicycle
3.8592011452665616,-2.538524537434726,4.173877229388689,0.0,0.0,0.055787865816720315,0.4468935630322976,-1.813428561529265e-16,-1.3035672037438197e-17,0.0,0.0,0.005191470253218606,unicycle
3.86812389862019,-2.538025783146863,4.173877229388689,0.0,0.0,0.055889728118279615,0.44683409482269465,-1.5193511048093682e-16,-1.092064473070776e-17,0.0,0.0,0.0050931150779645554,unicycle
3.877045423602526,-2.5375261947241694,4.173877229388689,0.0,0.0,0.055989620547264626,0.44677510189389735,-1.272214779211391e-16,-9.143420223573192e-18,0.0,0.0,0.004994621449250041,unicycle
3.885965730789414,-2.5370257894509103,4.173877229388689,0.0,0.0,0.05608754042428697,0.44671659307031686,-1.0646647515853177e-16,-7.651033669444751e-18,0.0,0.0,0.004895993851117596,unicycle
3.8948848309362525,-2.536524584615033,4.173877229388689,0.0,0.0,0.05618348515993138,0.446658577041957,-8.90472711564193e-17,-6.398639825251655e-18,0.0,0.0,0.004797236782220143,unicycle
3.9038027349752307,-2.5360225975075514,4.173877229388689,0.0,0.0,0.05627745225501269,0.4466010623677681,-7.443692572379343e-17,-5.3483035567445854e-18,0.0,0.0,0.004698354754065624,unicycle
3.9127194540126267,-2.535519845421931,4.173877229388689,0.0,0.0,0.05636943930080294,0.4465440574783662,-6.219002571241392e-17,-4.4679636338289234e-18,0.0,0.0,0.004599352289512245,unicycle
3.9216349993261446,-2.535016345653475,4.173877229388689,0.0,0.0,0.05645944397923239,0.4464875706782057,-5.193039522580754e-17,-3.730546368049587e-18,0.0,0.0,0.004500233921472752,unicycle
3.9305493823622855,-2.5345121154987105,4.173877229388689,0.0,0.0,0.05654746406306824,0.4464316101472818,-4.334059585779258e-17,-3.113208529046857e-18,0.0,0.0,0.004401004191793028,unicycle
3.939462614733746,-2.5340071722547806,4.173877229388689,0.0,0.0,0.05663349741607376,0.44637618394242995,-3.615296865512311e-17,-2.5966915702563834e-18,0.0,0.0,0.00430166765027595,unicycle
3.948374708216833,-2.5335015332188355,4.173877229388689,0.0,0.0,0.056717541993150274,0.44632129999828285,-3.014200139402394e-17,-2.1647715102713313e-18,0.0,0.0,0.004202228853826169,unicycle
3.957285674748894,-2.532995215687429,4.173877229388689,0.0,0.0,0.05679959584046419,0.446266966127934,-2.5117833107954707e-17,-1.803790872970471e-18,0.0,0.0,0.004102692365695531,unicycle
3.9661955264257505,-2.5324882369559156,4.173877229388689,0.0,0.0,0.056879657095560435,0.44621319002335436,-2.0920732870611972e-17,-1.5022609067439935e-18,0.0,0.0,0.004003062754812216,unicycle
3.975104275499141,-2.531980614317856,4.173877229388689,0.0,0.0,0.05695772398746402,0.44615997925560047,-1.7416411904987293e-17,-1.250523901797607e-18,0.0,0.0,0.003903344595179411,unicycle
3.984011934374161,-2.531472365064421,4.173877229388689,0.0,0.0,0.05703379483677065,0.4461073412748469,-1.4492047438706204e-17,-1.040466825441132e-18,0.0,0.0,0.0038035424653317107,unicycle
3.992918515606701,-2.5309635064838027,4.173877229388689,0.0,0.0,0.05710786805572744,0.44605528341027284,-1.2052913632866689e-17,-8.65278718687536e-19,0.0,0.0,0.003703660947839428,unicycle
4.001824031900879,-2.530454055860631,4.173877229388689,0.0,0.0,0.0571799421483045,0.44600381286982704,-1.0019529637818652e-17,-7.192453625764871e-19,0.0,0.0,0.0036037046288525778,unicycle
4.01072849610647,-2.5299440304753897,4.173877229388689,0.0,0.0,0.057250015710258055,0.44595293673989345,-8.325247619444423e-18,-5.975756472788818e-19,0.0,0.0,0.0035036780976777154,unicycle
4.019631921216316,-2.529433447603842,4.173877229388689,0.0,0.0,0.0573180874291857,0.4459026619848747,-6.914214679220152e-18,-4.962548777026157e-19,0.0,0.0,0.003403585946381912,unicycle
4.028534320363746,-2.528922324516458,4.173877229388689,0.0,0.0,0.05738415608457406,0.4458529954467107,-5.7396521666116424e-18,-4.119209410069466e-19,0.0,0.0,0.003303432769419148,omni
4.037388414772108,-2.5284105890812993,4.173880717489552,0.0,0.0,0.0574475207897101,0.44344349442572717,0.00014030948683070867,0.00017440504318534235,0.0,0.0,0.0031682352568018785,unicycle
4.046168774346796,-2.527898224107705,4.173889570342932,0.0,0.0,0.05750780402738948,0.4397646570193701,0.00035610762517053295,0.00044264266906934613,0.0,0.0,0.003014161883969246,omni
4.054854587143817,-2.527385483330172,4.173905325186744,0.0,0.0,0.05756476020700861,0.4350462413584088,0.0006209313117744882,0.0007877421906218315,0.0,0.0,0.0028478089809567003,unicycle
4.063439956479036,-2.526872532955287,4.173928418629504,0.0,0.0,0.057618335039116765,0.4300330315666442,0.000896425611892629,0.0011546721380745807,0.0,0.0,0.0026787416054079648,omni
4.071918270522099,-2.526359769896191,4.173959334413367,0.0,0.0,0.057668521164886924,0.42468866382968445,0.0011731459135205771,0.0015457891931758428,0.0,0.0,0.0025093062885083047,unicycle
4.080293743666548,-2.5258474095797316,4.173997759946107,0.0,0.0,0.057715421754969375,0.4195540691587241,0.0014289166434009407,0.001921276637061169,0.0,0.0,0.0023450295041222867,omni
4.088566774393571,-2.5253358950204006,4.174043649844903,0.0,0.0,0.05775914217739373,0.4144381075301856,0.00166326209699217,0.002294494939772381,0.0,0.0,0.0021860211212179122,unicycle
4.096746244912892,-2.5248254221283823,4.174096341292503,0.0,0.0,0.057799848993310234,0.40976496583381117,0.0018639134239041408,0.002634572379965932,0.0,0.0,0.0020353407958245227,omni
4.104835481190605,-2.5243164319731357,4.174155558359554,0.0,0.0,0.05783769052160334,0.4052565817729601,0.0020345236120937575,0.002960853352465615,0.0,0.0,0.0018920764146556812,unicycle
4.112845005942857,-2.5238090691397805,4.174220511285131,0.0,0.0,0.05787284586234031,0.40127304311577155,0.0021689603908577647,0.0032476462789094063,0.0,0.0,0.001757767036847638,omni
4.120778859482162,-2.523303751938855,4.174290857160499,0.0,0.0,0.0579054697357088,0.39748997592787905,0.0022721559428264477,0.003517293768339998,0.0,0.0,0.0016311936684247305,unicycle
4.128647616841606,-2.5228005619751994,4.174365798291009,0.0,0.0,0.05793572837376056,0.3942345391599333,0.002341889951937135,0.003747056525554437,0.0,0.0,0.0015129319025874418,omni
4.136454920285308,-2.522299888539024,4.174445008954417,0.0,0.0,0.05796376562776832,0.39115978181688615,0.002382745963825837,0.00396053317033711,0.0,0.0,0.0014018627003870177,unicycle
4.144210644715058,-2.521801749093616,4.174527741840509,0.0,0.0,0.057989723966721675,0.38857788689470607,0.002395134267861267,0.0041366443046707575,0.0,0.0,0.001297916947668235,omni
4.151917550937552,-2.521306504975049,4.17461372695104,0.0,0.0,0.058013729874546685,0.38613274895870137,0.0023824015149693715,0.004299255526595282,0.0,0.0,0.0012002953912503347,unicycle
4.159584529634186,-2.520814113391267,4.174702291318034,0.0,0.0,0.05803589906751307,0.3841315161543384,0.0023468743240061636,0.00442821834962852,0.0,0.0,0.0011084596483200149,omni
4.1672133209351205,-2.5203249120939843,4.174793233857687,0.0,0.0,0.05805633984890853,0.38221615805853326,0.002290214014727378,0.004547126982700815,0.0,0.0,0.001022039069772916,unicycle
4.174811795932057,-2.5198388039768713,4.174885961247159,0.0,0.0,0.05807514219552775,0.38069396704356123,0.002216283461300788,0.004636369473609463,0.0,0.0,0.0009401173309603622,omni
4.182380710673288,-2.5193561087077905,4.174980341158039,0.0,0.0,0.058092398139150465,0.3792085806744014,0.0021248655333288846,0.004718995543974239,0.0,0.0,0.0008627971811356748,unicycle
4.189927001828711,-2.518876681279328,4.17507585576553,0.0,0.0,0.05810817469726377,0.37806985733435045,0.002021170968529552,0.00477573037462079,0.0,0.0,0.0007888279056653144,omni
4.197450556994212,-2.518400828789638,4.175172434939678,0.0,0.0,0.05812255059736486,0.3769246253398968,0.0019030542595213202,0.004828958707402034,0.0,0.0,0.0007187950050541389,unicycle
4.2049575117764055,-2.517928364430757,4.1752696280204225,0.0,0.0,0.05813557321828531,0.3760861922280174,0.0017769913293363274,0.004859654037289679,0.0,0.0,0.0006511310460228734,omni
4.212447026558455,-2.5174595877336023,4.175367418030993,0.0,0.0,0.058147311122739284,0.37520497338256453,0.0016389345346264918,0.004889500528490497,0.0,0.0,0.0005868952226988694,unicycle
4.219924578584096,-2.5169942755352492,4.175465411858908,0.0,0.0,0.05815779528389809,0.3745977970350997,0.0014965971364375788,0.00489969139578752,0.0,0.0,0.0005242080579400692,omni
4.227388740183796,-2.51653272408832,4.175563636247392,0.0,0.0,0.058167086980819384,0.37391849209109085,0.001344092573716539,0.0049112194242065185,0.0,0.0,0.0004645848460653267,unicycle
4.234844463072877,-2.5160746785609747,4.175661746240325,0.0,0.0,0.05817520364256403,0.3734870905157209,0.0011903690805188463,0.00490549964674669,0.0,0.0,0.00040583308723177885,omni
4.242289855793162,-2.51562043547079,4.175759803524236,0.0,0.0,0.05818220171372455,0.3729604101392726,0.0010277791534268135,0.004902864195590153,0.0,0.0,0.00034990355802537064,unicycle
4.249729459451388,-2.5151697122599947,4.175857502840453,0.0,0.0,0.058188087475705544,0.37266121902678334,0.0008665128039796388,0.004884965810892301,0.0,0.0,0.00029428809904986306,omni
4.2571610236300765,-2.514722808559315,4.17595493314269,0.0,0.0,0.058192914520305235,0.37224882337299003,0.000697242285984132,0.0048715151118223395,0.0,0.0,0.00024135222998488662,unicycle
4.264588773837601,-2.5142794173571854,4.176051821600544,0.0,0.0,0.05819667991742773,0.37204823593955927,0.0005314068011425272,0.004844422892746577,0.0,0.0,0.000188269856124316,omni
4.27201018590039,-2.5138398436359854,4.176148277975414,0.0,0.0,0.05819943595271594,0.3717207647375382,0.0003580757423997087,0.0048228187435120015,0.0,0.0,0.00013780176441064985,unicycle
4.279429245881079,-2.5134037586239395,4.176244055804449,0.0,0.0,0.05820117201066579,0.3715932140920324,0.0001899414608543833,0.004788891451757586,0.0,0.0,8.680289749188967e-05,omni
4.286843223299635,-2.5129714743782556,4.176339280361833,0.0,0.0,0.058201940243242496,0.3713284622383788,1.4541935444379423e-05,0.004761227869281187,0.0,0.0,3.841162883570425e-05,unicycle
4.294255924447989,-2.5125426425758004,4.17643372660224,0.0,0.0,0.05820172353177642,0.3712547155297312,-0.00015417836483117762,0.004722312020369138,0.0,0.0,-1.0835573303785637e-05,omni
4.301664464891842,-2.5121175836468757,4.1765275310541226,0.0,0.0,0.058200574760646405,0.37103605957565267,-0.0003301481026453728,0.00469022259411778,0.0,0.0,-5.743855650036646e-05,unicycle
4.309072517116591,-2.511695931527491,4.176620486105196,0.0,0.0,0.05819847121318846,0.37100178234856385,-0.000498176905974613,0.004647752553683696,0.0,0.0,-0.00010517737289723296,omni
4.316477082747532,-2.511278015975077,4.1767127361624885,0.0,0.0,0.05819546712983411,0.3708168823563093,-0.0006736017567644732,0.004612502864666168,0.0,0.0,-0.00015020416771773746,unicycle
4.323878616435618,-2.510863636325699,4.176804087872745,0.0,0.0,0.05819154957765915,0.3706552616365839,-0.0008399973151692935,0.004567585512837006,0.0,0.0,-0.0001958776087473936,omni
4.331267951154032,-2.5104532897594036,4.176894690876572,0.0,0.0,0.058186782495160703,0.3700346216759595,-0.0010042282969183094,0.004530150191355731,0.0,0.0,-0.00023835412492228148,unicycle
4.338637886011986,-2.5100470959746337,4.17698436357002,0.0,0.0,0.05818117184252419,0.3690542008390473,-0.0011531897302733964,0.004483634672502965,0.0,0.0,-0.0002805326318255674,omni
4.345974560088972,-2.509645734405623,4.177073258774988,0.0,0.0,0.058174794527153836,0.3673799338280042,-0.001295481953404888,0.004444760248469361,0.0,0.0,-0.0003188657685178302,unicycle
4.353267930762298,-2.509249441874218,4.177161204662485,0.0,0.0,0.05816766012438396,0.36520369941343317,-0.0014201435756347844,0.004397294374772483,0.0,0.0,-0.0003567201384942318,omni
4.360503200734813,-2.5088589276628164,4.177248355657137,0.0,0.0,0.058159847618380583,0.3622867925243649,-0.0015369691867404519,0.0043575497326062765,0.0,0.0,-0.0003906253001684372,unicycle
4.367670214136795,-2.5084744349929635,4.177334548156671,0.0,0.0,0.058151362328268716,0.3588622466524278,-0.0016362217866829898,0.004309624976681455,0.0,0.0,-0.00042426450559355817,omni
4.374755165445719,-2.5080966246435,4.1774199369843314,0.0,0.0,0.05814228008143648,0.35474667397213133,-0.0017281728982935943,0.004269441383085928,0.0,0.0,-0.0004541123416116581,unicycle
4.381749128722379,-2.5077256914049717,4.177504365552333,0.0,0.0,0.058132598320362584,0.350184995172292,-0.0018037776744583124,0.004221428400146274,0.0,0.0,-0.00048408805369491796,omni
4.388640169947742,-2.5073622116762353,4.1775879881718145,0.0,0.0,0.058122387680508626,0.3450259514281007,-0.0018733791131318848,0.004181130974069268,0.0,0.0,-0.0005105319926972411,unicycle
4.395421151147384,-2.507006308740532,4.177670654320312,0.0,0.0,0.058111636454102146,0.339510255938961,-0.0019283249818321476,0.004133307424905069,0.0,0.0,-0.0005375613203239863,omni
4.402082303725876,-2.5066584625779607,4.17775251711443,0.0,0.0,0.058100409775879124,0.33350556348709653,-0.001978810552766265,0.004093139705994625,0.0,0.0,-0.0005613339111513161,unicycle
4.408618404708846,-2.5063187194362837,4.177833431352709,0.0,0.0,0.058088686732128025,0.3272400307540011,-0.002016414661533467,0.004045711913968511,0.0,0.0,-0.0005861521875550903,omni
4.415021830837967,-2.5059874637366177,4.177913548451445,0.0,0.0,0.05807652751155466,0.320592863951421,-0.0020510750545363124,0.004005854936835867,0.0,0.0,-0.0006079610286679677,unicycle
4.421289177067034,-2.505664668408898,4.177992727944683,0.0,0.0,0.058063902503254876,0.31377581218616896,-0.0020745203587794235,0.0039589746619166175,0.0,0.0,-0.000631250414989049,omni
4.427414789149391,-2.5053506297086394,4.178071119178667,0.0,0.0,0.058050867876666835,0.3066756664595584,-0.002096383760709245,0.003919561699239528,0.0,0.0,-0.000651731329402257,unicycle
4.433396877860483,-2.5050452554126275,4.1781485859602325,0.0,0.0,0.058037386031315884,0.2994864791876254,-0.0021085078277150874,0.0038733390782485543,0.0,0.0,-0.0006740922675473033,omni
4.439231515308454,-2.5047487638849057,4.1782252753001385,0.0,0.0,0.05802351014800319,0.2921005959487693,-0.002120208931359487,0.003834466995349708,0.0,0.0,-0.0006937941656349404,unicycle
4.444918287917758,-2.5044610076353577,4.178301054909983,0.0,0.0,0.05800919534910688,0.28469449759171306,-0.0021234323865789604,0.003788980492287462,0.0,0.0,-0.0007157399448152603,omni
4.450454734935738,-2.5041821382412617,4.178376069279312,0.0,0.0,0.05799449282470554,0.27716513019398314,-0.002127183726338392,0.0037507184664114937,0.0,0.0,-0.0007351262200671227,unicycle
4.455841576482809,-2.5039119630498,4.178450189729378,0.0,0.0,0.0579793510430312,0.26967226760490015,-0.0021235123143958194,0.0037060225033165414,0.0,0.0,-0.0007570890837166192,omni
4.461077569419293,-2.503650577678848,4.178523558103438,0.0,0.0,0.05796382010763104,0.262117076279396,-0.0021211274675060248,0.003668418703080928,0.0,0.0,-0.0007765467700085193,unicycle
4.466164342244013,-2.5033977538467367,4.178596049093421,0.0,0.0,0.057947842328259794,0.2546438352054315,-0.002112189442035372,0.0036245494991443074,0.0,0.0,-0.0007988889685623257,omni
4.471101642236062,-2.50315354120355,4.178667801817244,0.0,0.0,0.05793146751316238,0.24715783620754064,-0.002105129218145989,0.0035876361910778445,0.0,0.0,-0.0008187407548712895,unicycle
4.475891805770953,-2.5029176844283914,4.178738694141692,0.0,0.0,0.05791463217430629,0.2397891998466824,-0.002092226501288851,0.0035446162223912716,0.0,0.0,-0.0008417669428040389,omni
4.480535370617682,-2.5026901961173555,4.1788088624150594,0.0,0.0,0.057897386505399114,0.23244737096626564,-0.0020816521783697905,0.003508413668325266,0.0,0.0,-0.0008622834453585058,unicycle
4.485035207810387,-2.5024708014179367,4.1788781875164345,0.0,0.0,0.05787966145368895,0.22524964906206968,-0.002065813683919406,0.003466255068675982,0.0,0.0,-0.000886252585508305,omni
4.489392473649978,-2.502259483644433,4.178946803006354,0.0,0.0,0.05786150818130159,0.21810969412245415,-0.002052638982106161,0.003430774495954988,0.0,0.0,-0.0009076636193681008,unicycle
4.493610427308224,-2.5020559548312966,4.179014592639283,0.0,0.0,0.05784285218988861,0.21113325820491682,-0.002034670312719075,0.0033894816464963263,0.0,0.0,-0.0009327995706488839,omni
4.4976906981443046,-2.5018601756746497,4.179081687189458,0.0,0.0,0.05782374611149108,0.20423826800778608,-0.0020196082071309816,0.0033547275086827574,0.0,0.0,-0.0009553039198770217,unicycle
4.501636811545886,-2.5016718504871873,4.179147973169608,0.0,0.0,0.057804110022609795,0.19752010744775503,-0.0020001352487267034,0.0033142990074689384,0.0,0.0,-0.0009818044440643415,omni
4.5054507484354485,-2.501490922984072,4.17921357858367,0.0,0.0,0.05778399846187167,0.1909009905196443,-0.0019837381909732967,0.003280270703032346,0.0,0.0,-0.0010055780369055578,unicycle
