ply
format ascii 1.0
element vertex 28585
property float x
property float y
property float z
property uchar red
property uchar green
property uchar blue
end_header
20.0 -15.0 -0.05 204 0 0
20.0 -15.0 0.05 204 0 0
20.0 -14.491525 -0.05 204 0 0
20.0 -14.491525 0.05 204 0 0
20.0 -13.983051 -0.05 204 0 0
20.0 -13.983051 0.05 204 0 0
20.0 -13.474576 -0.05 204 0 0
20.0 -13.474576 0.05 204 0 0
20.0 -12.966102 -0.05 204 0 0
20.0 -12.966102 0.05 204 0 0
20.0 -12.457627 -0.05 204 0 0
20.0 -12.457627 0.05 204 0 0
20.0 -11.949153 -0.05 204 0 0
20.0 -11.949153 0.05 204 0 0
20.0 -11.440678 -0.05 204 0 0
20.0 -11.440678 0.05 204 0 0
20.0 -10.932203 -0.05 204 0 0
20.0 -10.932203 0.05 204 0 0
20.0 -10.423729 -0.05 204 0 0
20.0 -10.423729 0.05 204 0 0
20.0 -9.915254 -0.05 204 0 0
20.0 -9.915254 0.05 204 0 0
20.0 -9.40678 -0.05 204 0 0
20.0 -9.40678 0.05 204 0 0
20.0 -8.898305 -0.05 204 0 0
20.0 -8.898305 0.05 204 0 0
20.0 -8.389831 -0.05 204 0 0
20.0 -8.389831 0.05 204 0 0
20.0 -7.881356 -0.05 204 0 0
20.0 -7.881356 0.05 204 0 0
20.0 -7.372881 -0.05 204 0 0
20.0 -7.372881 0.05 204 0 0
20.0 -6.864407 -0.05 204 0 0
20.0 -6.864407 0.05 204 0 0
20.0 -6.355932 -0.05 204 0 0
20.0 -6.355932 0.05 204 0 0
20.0 -5.847458 -0.05 204 0 0
20.0 -5.847458 0.05 204 0 0
20.0 -5.338983 -0.05 204 0 0
20.0 -5.338983 0.05 204 0 0
20.0 -4.830508 -0.05 204 0 0
20.0 -4.830508 0.05 204 0 0
20.0 -4.322034 -0.05 204 0 0
20.0 -4.322034 0.05 204 0 0
20.0 -3.813559 -0.05 204 0 0
20.0 -3.813559 0.05 204 0 0
20.0 -3.305085 -0.05 204 0 0
20.0 -3.305085 0.05 204 0 0
20.0 -2.79661 -0.05 204 0 0
20.0 -2.79661 0.05 204 0 0
20.0 -2.288136 -0.05 204 0 0
20.0 -2.288136 0.05 204 0 0
20.0 -1.779661 -0.05 204 0 0
20.0 -1.779661 0.05 204 0 0
20.0 -1.271186 -0.05 204 0 0
20.0 -1.271186 0.05 204 0 0
20.0 -0.762712 -0.05 204 0 0
20.0 -0.762712 0.05 204 0 0
20.0 -0.254237 -0.05 204 0 0
20.0 -0.254237 0.05 204 0 0
20.0 0.254237 -0.05 204 0 0
20.0 0.254237 0.05 204 0 0
20.0 0.762712 -0.05 204 0 0
20.0 0.762712 0.05 204 0 0
20.0 1.271186 -0.05 204 0 0
20.0 1.271186 0.05 204 0 0
20.0 1.779661 -0.05 204 0 0
20.0 1.779661 0.05 204 0 0
20.0 2.288136 -0.05 204 0 0
20.0 2.288136 0.05 204 0 0
20.0 2.79661 -0.05 204 0 0
20.0 2.79661 0.05 204 0 0
20.0 3.305085 -0.05 204 0 0
20.0 3.305085 0.05 204 0 0
20.0 3.813559 -0.05 204 0 0
20.0 3.813559 0.05 204 0 0
20.0 4.322034 -0.05 204 0 0
20.0 4.322034 0.05 204 0 0
20.0 4.830508 -0.05 204 0 0
20.0 4.830508 0.05 204 0 0
20.0 5.338983 -0.05 204 0 0
20.0 5.338983 0.05 204 0 0
20.0 5.847458 -0.05 204 0 0
20.0 5.847458 0.05 204 0 0
20.0 6.355932 -0.05 204 0 0
20.0 6.355932 0.05 204 0 0
20.0 6.864407 -0.05 204 0 0
20.0 6.864407 0.05 204 0 0
20.0 7.372881 -0.05 204 0 0
20.0 7.372881 0.05 204 0 0
20.0 7.881356 -0.05 204 0 0
20.0 7.881356 0.05 204 0 0
20.0 8.389831 -0.05 204 0 0
20.0 8.389831 0.05 204 0 0
20.0 8.898305 -0.05 204 0 0
20.0 8.898305 0.05 204 0 0
20.0 9.40678 -0.05 204 0 0
20.0 9.40678 0.05 204 0 0
20.0 9.915254 -0.05 204 0 0
20.0 9.915254 0.05 204 0 0
20.0 10.423729 -0.05 204 0 0
20.0 10.423729 0.05 204 0 0
20.0 10.932203 -0.05 204 0 0
20.0 10.932203 0.05 204 0 0
20.0 11.440678 -0.05 204 0 0
20.0 11.440678 0.05 204 0 0
20.0 11.949153 -0.05 204 0 0
20.0 11.949153 0.05 204 0 0
20.0 12.457627 -0.05 204 0 0
20.0 12.457627 0.05 204 0 0
20.0 12.966102 -0.05 204 0 0
20.0 12.966102 0.05 204 0 0
20.0 13.474576 -0.05 204 0 0
20.0 13.474576 0.05 204 0 0
20.0 13.983051 -0.05 204 0 0
20.0 13.983051 0.05 204 0 0
20.0 14.491525 -0.05 204 0 0
20.0 14.491525 0.05 204 0 0
20.0 15.0 -0.05 204 0 0
20.0 15.0 0.05 204 0 0
-20.0 -15.0 -0.05 204 0 0
-20.0 -15.0 0.05 204 0 0
-20.0 -14.491525 -0.05 204 0 0
-20.0 -14.491525 0.05 204 0 0
-20.0 -13.983051 -0.05 204 0 0
-20.0 -13.983051 0.05 204 0 0
-20.0 -13.474576 -0.05 204 0 0
-20.0 -13.474576 0.05 204 0 0
-20.0 -12.966102 -0.05 204 0 0
-20.0 -12.966102 0.05 204 0 0
-20.0 -12.457627 -0.05 204 0 0
-20.0 -12.457627 0.05 204 0 0
-20.0 -11.949153 -0.05 204 0 0
-20.0 -11.949153 0.05 204 0 0
-20.0 -11.440678 -0.05 204 0 0
-20.0 -11.440678 0.05 204 0 0
-20.0 -10.932203 -0.05 204 0 0
-20.0 -10.932203 0.05 204 0 0
-20.0 -10.423729 -0.05 204 0 0
-20.0 -10.423729 0.05 204 0 0
-20.0 -9.915254 -0.05 204 0 0
-20.0 -9.915254 0.05 204 0 0
-20.0 -9.40678 -0.05 204 0 0
-20.0 -9.40678 0.05 204 0 0
-20.0 -8.898305 -0.05 204 0 0
-20.0 -8.898305 0.05 204 0 0
-20.0 -8.389831 -0.05 204 0 0
-20.0 -8.389831 0.05 204 0 0
-20.0 -7.881356 -0.05 204 0 0
-20.0 -7.881356 0.05 204 0 0
-20.0 -7.372881 -0.05 204 0 0
-20.0 -7.372881 0.05 204 0 0
-20.0 -6.864407 -0.05 204 0 0
-20.0 -6.864407 0.05 204 0 0
-20.0 -6.355932 -0.05 204 0 0
-20.0 -6.355932 0.05 204 0 0
-20.0 -5.847458 -0.05 204 0 0
-20.0 -5.847458 0.05 204 0 0
-20.0 -5.338983 -0.05 204 0 0
-20.0 -5.338983 0.05 204 0 0
-20.0 -4.830508 -0.05 204 0 0
-20.0 -4.830508 0.05 204 0 0
-20.0 -4.322034 -0.05 204 0 0
-20.0 -4.322034 0.05 204 0 0
-20.0 -3.813559 -0.05 204 0 0
-20.0 -3.813559 0.05 204 0 0
-20.0 -3.305085 -0.05 204 0 0
-20.0 -3.305085 0.05 204 0 0
-20.0 -2.79661 -0.05 204 0 0
-20.0 -2.79661 0.05 204 0 0
-20.0 -2.288136 -0.05 204 0 0
-20.0 -2.288136 0.05 204 0 0
-20.0 -1.779661 -0.05 204 0 0
-20.0 -1.779661 0.05 204 0 0
-20.0 -1.271186 -0.05 204 0 0
-20.0 -1.271186 0.05 204 0 0
-20.0 -0.762712 -0.05 204 0 0
-20.0 -0.762712 0.05 204 0 0
-20.0 -0.254237 -0.05 204 0 0
-20.0 -0.254237 0.05 204 0 0
-20.0 0.254237 -0.05 204 0 0
-20.0 0.254237 0.05 204 0 0
-20.0 0.762712 -0.05 204 0 0
-20.0 0.762712 0.05 204 0 0
-20.0 1.271186 -0.05 204 0 0
-20.0 1.271186 0.05 204 0 0
-20.0 1.779661 -0.05 204 0 0
-20.0 1.779661 0.05 204 0 0
-20.0 2.288136 -0.05 204 0 0
-20.0 2.288136 0.05 204 0 0
-20.0 2.79661 -0.05 204 0 0
-20.0 2.79661 0.05 204 0 0
-20.0 3.305085 -0.05 204 0 0
-20.0 3.305085 0.05 204 0 0
-20.0 3.813559 -0.05 204 0 0
-20.0 3.813559 0.05 204 0 0
-20.0 4.322034 -0.05 204 0 0
-20.0 4.322034 0.05 204 0 0
-20.0 4.830508 -0.05 204 0 0
-20.0 4.830508 0.05 204 0 0
-20.0 5.338983 -0.05 204 0 0
-20.0 5.338983 0.05 204 0 0
-20.0 5.847458 -0.05 204 0 0
-20.0 5.847458 0.05 204 0 0
-20.0 6.355932 -0.05 204 0 0
-20.0 6.355932 0.05 204 0 0
-20.0 6.864407 -0.05 204 0 0
-20.0 6.864407 0.05 204 0 0
-20.0 7.372881 -0.05 204 0 0
-20.0 7.372881 0.05 204 0 0
-20.0 7.881356 -0.05 204 0 0
-20.0 7.881356 0.05 204 0 0
-20.0 8.389831 -0.05 204 0 0
-20.0 8.389831 0.05 204 0 0
-20.0 8.898305 -0.05 204 0 0
-20.0 8.898305 0.05 204 0 0
-20.0 9.40678 -0.05 204 0 0
-20.0 9.40678 0.05 204 0 0
-20.0 9.915254 -0.05 204 0 0
-20.0 9.915254 0.05 204 0 0
-20.0 10.423729 -0.05 204 0 0
-20.0 10.423729 0.05 204 0 0
-20.0 10.932203 -0.05 204 0 0
-20.0 10.932203 0.05 204 0 0
-20.0 11.440678 -0.05 204 0 0
-20.0 11.440678 0.05 204 0 0
-20.0 11.949153 -0.05 204 0 0
-20.0 11.949153 0.05 204 0 0
-20.0 12.457627 -0.05 204 0 0
-20.0 12.457627 0.05 204 0 0
-20.0 12.966102 -0.05 204 0 0
-20.0 12.966102 0.05 204 0 0
-20.0 13.474576 -0.05 204 0 0
-20.0 13.474576 0.05 204 0 0
-20.0 13.983051 -0.05 204 0 0
-20.0 13.983051 0.05 204 0 0
-20.0 14.491525 -0.05 204 0 0
-20.0 14.491525 0.05 204 0 0
-20.0 15.0 -0.05 204 0 0
-20.0 15.0 0.05 204 0 0
-20.0 15.0 -0.05 204 0 0
-20.0 15.0 0.05 204 0 0
-19.493671 15.0 -0.05 204 0 0
-19.493671 15.0 0.05 204 0 0
-18.987342 15.0 -0.05 204 0 0
-18.987342 15.0 0.05 204 0 0
-18.481013 15.0 -0.05 204 0 0
-18.481013 15.0 0.05 204 0 0
-17.974684 15.0 -0.05 204 0 0
-17.974684 15.0 0.05 204 0 0
-17.468354 15.0 -0.05 204 0 0
-17.468354 15.0 0.05 204 0 0
-16.962025 15.0 -0.05 204 0 0
-16.962025 15.0 0.05 204 0 0
-16.455696 15.0 -0.05 204 0 0
-16.455696 15.0 0.05 204 0 0
-15.949367 15.0 -0.05 204 0 0
-15.949367 15.0 0.05 204 0 0
-15.443038 15.0 -0.05 204 0 0
-15.443038 15.0 0.05 204 0 0
-14.936709 15.0 -0.05 204 0 0
-14.936709 15.0 0.05 204 0 0
-14.43038 15.0 -0.05 204 0 0
-14.43038 15.0 0.05 204 0 0
-13.924051 15.0 -0.05 204 0 0
-13.924051 15.0 0.05 204 0 0
-13.417722 15.0 -0.05 204 0 0
-13.417722 15.0 0.05 204 0 0
-12.911392 15.0 -0.05 204 0 0
-12.911392 15.0 0.05 204 0 0
-12.405063 15.0 -0.05 204 0 0
-12.405063 15.0 0.05 204 0 0
-11.898734 15.0 -0.05 204 0 0
-11.898734 15.0 0.05 204 0 0
-11.392405 15.0 -0.05 204 0 0
-11.392405 15.0 0.05 204 0 0
-10.886076 15.0 -0.05 204 0 0
-10.886076 15.0 0.05 204 0 0
-10.379747 15.0 -0.05 204 0 0
-10.379747 15.0 0.05 204 0 0
-9.873418 15.0 -0.05 204 0 0
-9.873418 15.0 0.05 204 0 0
-9.367089 15.0 -0.05 204 0 0
-9.367089 15.0 0.05 204 0 0
-8.860759 15.0 -0.05 204 0 0
-8.860759 15.0 0.05 204 0 0
-8.35443 15.0 -0.05 204 0 0
-8.35443 15.0 0.05 204 0 0
-7.848101 15.0 -0.05 204 0 0
-7.848101 15.0 0.05 204 0 0
-7.341772 15.0 -0.05 204 0 0
-7.341772 15.0 0.05 204 0 0
-6.835443 15.0 -0.05 204 0 0
-6.835443 15.0 0.05 204 0 0
-6.329114 15.0 -0.05 204 0 0
-6.329114 15.0 0.05 204 0 0
-5.822785 15.0 -0.05 204 0 0
-5.822785 15.0 0.05 204 0 0
-5.316456 15.0 -0.05 204 0 0
-5.316456 15.0 0.05 204 0 0
-4.810127 15.0 -0.05 204 0 0
-4.810127 15.0 0.05 204 0 0
-4.303797 15.0 -0.05 204 0 0
-4.303797 15.0 0.05 204 0 0
-3.797468 15.0 -0.05 204 0 0
-3.797468 15.0 0.05 204 0 0
-3.291139 15.0 -0.05 204 0 0
-3.291139 15.0 0.05 204 0 0
-2.78481 15.0 -0.05 204 0 0
-2.78481 15.0 0.05 204 0 0
-2.278481 15.0 -0.05 204 0 0
-2.278481 15.0 0.05 204 0 0
-1.772152 15.0 -0.05 204 0 0
-1.772152 15.0 0.05 204 0 0
-1.265823 15.0 -0.05 204 0 0
-1.265823 15.0 0.05 204 0 0
-0.759494 15.0 -0.05 204 0 0
-0.759494 15.0 0.05 204 0 0
-0.253165 15.0 -0.05 204 0 0
-0.253165 15.0 0.05 204 0 0
0.253165 15.0 -0.05 204 0 0
0.253165 15.0 0.05 204 0 0
0.759494 15.0 -0.05 204 0 0
0.759494 15.0 0.05 204 0 0
1.265823 15.0 -0.05 204 0 0
1.265823 15.0 0.05 204 0 0
1.772152 15.0 -0.05 204 0 0
1.772152 15.0 0.05 204 0 0
2.278481 15.0 -0.05 204 0 0
2.278481 15.0 0.05 204 0 0
2.78481 15.0 -0.05 204 0 0
2.78481 15.0 0.05 204 0 0
3.291139 15.0 -0.05 204 0 0
3.291139 15.0 0.05 204 0 0
3.797468 15.0 -0.05 204 0 0
3.797468 15.0 0.05 204 0 0
4.303797 15.0 -0.05 204 0 0
4.303797 15.0 0.05 204 0 0
4.810127 15.0 -0.05 204 0 0
4.810127 15.0 0.05 204 0 0
5.316456 15.0 -0.05 204 0 0
5.316456 15.0 0.05 204 0 0
5.822785 15.0 -0.05 204 0 0
5.822785 15.0 0.05 204 0 0
6.329114 15.0 -0.05 204 0 0
6.329114 15.0 0.05 204 0 0
6.835443 15.0 -0.05 204 0 0
6.835443 15.0 0.05 204 0 0
7.341772 15.0 -0.05 204 0 0
7.341772 15.0 0.05 204 0 0
7.848101 15.0 -0.05 204 0 0
7.848101 15.0 0.05 204 0 0
8.35443 15.0 -0.05 204 0 0
8.35443 15.0 0.05 204 0 0
8.860759 15.0 -0.05 204 0 0
8.860759 15.0 0.05 204 0 0
9.367089 15.0 -0.05 204 0 0
9.367089 15.0 0.05 204 0 0
9.873418 15.0 -0.05 204 0 0
9.873418 15.0 0.05 204 0 0
10.379747 15.0 -0.05 204 0 0
10.379747 15.0 0.05 204 0 0
10.886076 15.0 -0.05 204 0 0
10.886076 15.0 0.05 204 0 0
11.392405 15.0 -0.05 204 0 0
11.392405 15.0 0.05 204 0 0
11.898734 15.0 -0.05 204 0 0
11.898734 15.0 0.05 204 0 0
12.405063 15.0 -0.05 204 0 0
12.405063 15.0 0.05 204 0 0
12.911392 15.0 -0.05 204 0 0
12.911392 15.0 0.05 204 0 0
13.417722 15.0 -0.05 204 0 0
13.417722 15.0 0.05 204 0 0
13.924051 15.0 -0.05 204 0 0
13.924051 15.0 0.05 204 0 0
14.43038 15.0 -0.05 204 0 0
14.43038 15.0 0.05 204 0 0
14.936709 15.0 -0.05 204 0 0
14.936709 15.0 0.05 204 0 0
15.443038 15.0 -0.05 204 0 0
15.443038 15.0 0.05 204 0 0
15.949367 15.0 -0.05 204 0 0
15.949367 15.0 0.05 204 0 0
16.455696 15.0 -0.05 204 0 0
16.455696 15.0 0.05 204 0 0
16.962025 15.0 -0.05 204 0 0
16.962025 15.0 0.05 204 0 0
17.468354 15.0 -0.05 204 0 0
17.468354 15.0 0.05 204 0 0
17.974684 15.0 -0.05 204 0 0
17.974684 15.0 0.05 204 0 0
18.481013 15.0 -0.05 204 0 0
18.481013 15.0 0.05 204 0 0
18.987342 15.0 -0.05 204 0 0
18.987342 15.0 0.05 204 0 0
19.493671 15.0 -0.05 204 0 0
19.493671 15.0 0.05 204 0 0
20.0 15.0 -0.05 204 0 0
20.0 15.0 0.05 204 0 0
-20.0 -15.0 -0.05 204 0 0
-20.0 -15.0 0.05 204 0 0
-19.493671 -15.0 -0.05 204 0 0
-19.493671 -15.0 0.05 204 0 0
-18.987342 -15.0 -0.05 204 0 0
-18.987342 -15.0 0.05 204 0 0
-18.481013 -15.0 -0.05 204 0 0
-18.481013 -15.0 0.05 204 0 0
-17.974684 -15.0 -0.05 204 0 0
-17.974684 -15.0 0.05 204 0 0
-17.468354 -15.0 -0.05 204 0 0
-17.468354 -15.0 0.05 204 0 0
-16.962025 -15.0 -0.05 204 0 0
-16.962025 -15.0 0.05 204 0 0
-16.455696 -15.0 -0.05 204 0 0
-16.455696 -15.0 0.05 204 0 0
-15.949367 -15.0 -0.05 204 0 0
-15.949367 -15.0 0.05 204 0 0
-15.443038 -15.0 -0.05 204 0 0
-15.443038 -15.0 0.05 204 0 0
-14.936709 -15.0 -0.05 204 0 0
-14.936709 -15.0 0.05 204 0 0
-14.43038 -15.0 -0.05 204 0 0
-14.43038 -15.0 0.05 204 0 0
-13.924051 -15.0 -0.05 204 0 0
-13.924051 -15.0 0.05 204 0 0
-13.417722 -15.0 -0.05 204 0 0
-13.417722 -15.0 0.05 204 0 0
-12.911392 -15.0 -0.05 204 0 0
-12.911392 -15.0 0.05 204 0 0
-12.405063 -15.0 -0.05 204 0 0
-12.405063 -15.0 0.05 204 0 0
-11.898734 -15.0 -0.05 204 0 0
-11.898734 -15.0 0.05 204 0 0
-11.392405 -15.0 -0.05 204 0 0
-11.392405 -15.0 0.05 204 0 0
-10.886076 -15.0 -0.05 204 0 0
-10.886076 -15.0 0.05 204 0 0
-10.379747 -15.0 -0.05 204 0 0
-10.379747 -15.0 0.05 204 0 0
-9.873418 -15.0 -0.05 204 0 0
-9.873418 -15.0 0.05 204 0 0
-9.367089 -15.0 -0.05 204 0 0
-9.367089 -15.0 0.05 204 0 0
-8.860759 -15.0 -0.05 204 0 0
-8.860759 -15.0 0.05 204 0 0
-8.35443 -15.0 -0.05 204 0 0
-8.35443 -15.0 0.05 204 0 0
-7.848101 -15.0 -0.05 204 0 0
-7.848101 -15.0 0.05 204 0 0
-7.341772 -15.0 -0.05 204 0 0
-7.341772 -15.0 0.05 204 0 0
-6.835443 -15.0 -0.05 204 0 0
-6.835443 -15.0 0.05 204 0 0
-6.329114 -15.0 -0.05 204 0 0
-6.329114 -15.0 0.05 204 0 0
-5.822785 -15.0 -0.05 204 0 0
-5.822785 -15.0 0.05 204 0 0
-5.316456 -15.0 -0.05 204 0 0
-5.316456 -15.0 0.05 204 0 0
-4.810127 -15.0 -0.05 204 0 0
-4.810127 -15.0 0.05 204 0 0
-4.303797 -15.0 -0.05 204 0 0
-4.303797 -15.0 0.05 204 0 0
-3.797468 -15.0 -0.05 204 0 0
-3.797468 -15.0 0.05 204 0 0
-3.291139 -15.0 -0.05 204 0 0
-3.291139 -15.0 0.05 204 0 0
-2.78481 -15.0 -0.05 204 0 0
-2.78481 -15.0 0.05 204 0 0
-2.278481 -15.0 -0.05 204 0 0
-2.278481 -15.0 0.05 204 0 0
-1.772152 -15.0 -0.05 204 0 0
-1.772152 -15.0 0.05 204 0 0
-1.265823 -15.0 -0.05 204 0 0
-1.265823 -15.0 0.05 204 0 0
-0.759494 -15.0 -0.05 204 0 0
-0.759494 -15.0 0.05 204 0 0
-0.253165 -15.0 -0.05 204 0 0
-0.253165 -15.0 0.05 204 0 0
0.253165 -15.0 -0.05 204 0 0
0.253165 -15.0 0.05 204 0 0
0.759494 -15.0 -0.05 204 0 0
0.759494 -15.0 0.05 204 0 0
1.265823 -15.0 -0.05 204 0 0
1.265823 -15.0 0.05 204 0 0
1.772152 -15.0 -0.05 204 0 0
1.772152 -15.0 0.05 204 0 0
2.278481 -15.0 -0.05 204 0 0
2.278481 -15.0 0.05 204 0 0
2.78481 -15.0 -0.05 204 0 0
2.78481 -15.0 0.05 204 0 0
3.291139 -15.0 -0.05 204 0 0
3.291139 -15.0 0.05 204 0 0
3.797468 -15.0 -0.05 204 0 0
3.797468 -15.0 0.05 204 0 0
4.303797 -15.0 -0.05 204 0 0
4.303797 -15.0 0.05 204 0 0
4.810127 -15.0 -0.05 204 0 0
4.810127 -15.0 0.05 204 0 0
5.316456 -15.0 -0.05 204 0 0
5.316456 -15.0 0.05 204 0 0
5.822785 -15.0 -0.05 204 0 0
5.822785 -15.0 0.05 204 0 0
6.329114 -15.0 -0.05 204 0 0
6.329114 -15.0 0.05 204 0 0
6.835443 -15.0 -0.05 204 0 0
6.835443 -15.0 0.05 204 0 0
7.341772 -15.0 -0.05 204 0 0
7.341772 -15.0 0.05 204 0 0
7.848101 -15.0 -0.05 204 0 0
7.848101 -15.0 0.05 204 0 0
8.35443 -15.0 -0.05 204 0 0
8.35443 -15.0 0.05 204 0 0
8.860759 -15.0 -0.05 204 0 0
8.860759 -15.0 0.05 204 0 0
9.367089 -15.0 -0.05 204 0 0
9.367089 -15.0 0.05 204 0 0
9.873418 -15.0 -0.05 204 0 0
9.873418 -15.0 0.05 204 0 0
10.379747 -15.0 -0.05 204 0 0
10.379747 -15.0 0.05 204 0 0
10.886076 -15.0 -0.05 204 0 0
10.886076 -15.0 0.05 204 0 0
11.392405 -15.0 -0.05 204 0 0
11.392405 -15.0 0.05 204 0 0
11.898734 -15.0 -0.05 204 0 0
11.898734 -15.0 0.05 204 0 0
12.405063 -15.0 -0.05 204 0 0
12.405063 -15.0 0.05 204 0 0
12.911392 -15.0 -0.05 204 0 0
12.911392 -15.0 0.05 204 0 0
13.417722 -15.0 -0.05 204 0 0
13.417722 -15.0 0.05 204 0 0
13.924051 -15.0 -0.05 204 0 0
13.924051 -15.0 0.05 204 0 0
14.43038 -15.0 -0.05 204 0 0
14.43038 -15.0 0.05 204 0 0
14.936709 -15.0 -0.05 204 0 0
14.936709 -15.0 0.05 204 0 0
15.443038 -15.0 -0.05 204 0 0
15.443038 -15.0 0.05 204 0 0
15.949367 -15.0 -0.05 204 0 0
15.949367 -15.0 0.05 204 0 0
16.455696 -15.0 -0.05 204 0 0
16.455696 -15.0 0.05 204 0 0
16.962025 -15.0 -0.05 204 0 0
16.962025 -15.0 0.05 204 0 0
17.468354 -15.0 -0.05 204 0 0
17.468354 -15.0 0.05 204 0 0
17.974684 -15.0 -0.05 204 0 0
17.974684 -15.0 0.05 204 0 0
18.481013 -15.0 -0.05 204 0 0
18.481013 -15.0 0.05 204 0 0
18.987342 -15.0 -0.05 204 0 0
18.987342 -15.0 0.05 204 0 0
19.493671 -15.0 -0.05 204 0 0
19.493671 -15.0 0.05 204 0 0
20.0 -15.0 -0.05 204 0 0
20.0 -15.0 0.05 204 0 0
-20.0 -15.0 0.05 204 0 0
-20.0 -14.491525 0.05 204 0 0
-20.0 -13.983051 0.05 204 0 0
-20.0 -13.474576 0.05 204 0 0
-20.0 -12.966102 0.05 204 0 0
-20.0 -12.457627 0.05 204 0 0
-20.0 -11.949153 0.05 204 0 0
-20.0 -11.440678 0.05 204 0 0
-20.0 -10.932203 0.05 204 0 0
-20.0 -10.423729 0.05 204 0 0
-20.0 -9.915254 0.05 204 0 0
-20.0 -9.40678 0.05 204 0 0
-20.0 -8.898305 0.05 204 0 0
-20.0 -8.389831 0.05 204 0 0
-20.0 -7.881356 0.05 204 0 0
-20.0 -7.372881 0.05 204 0 0
-20.0 -6.864407 0.05 204 0 0
-20.0 -6.355932 0.05 204 0 0
-20.0 -5.847458 0.05 204 0 0
-20.0 -5.338983 0.05 204 0 0
-20.0 -4.830508 0.05 204 0 0
-20.0 -4.322034 0.05 204 0 0
-20.0 -3.813559 0.05 204 0 0
-20.0 -3.305085 0.05 204 0 0
-20.0 -2.79661 0.05 204 0 0
-20.0 -2.288136 0.05 204 0 0
-20.0 -1.779661 0.05 204 0 0
-20.0 -1.271186 0.05 204 0 0
-20.0 -0.762712 0.05 204 0 0
-20.0 -0.254237 0.05 204 0 0
-20.0 0.254237 0.05 204 0 0
-20.0 0.762712 0.05 204 0 0
-20.0 1.271186 0.05 204 0 0
-20.0 1.779661 0.05 204 0 0
-20.0 2.288136 0.05 204 0 0
-20.0 2.79661 0.05 204 0 0
-20.0 3.305085 0.05 204 0 0
-20.0 3.813559 0.05 204 0 0
-20.0 4.322034 0.05 204 0 0
-20.0 4.830508 0.05 204 0 0
-20.0 5.338983 0.05 204 0 0
-20.0 5.847458 0.05 204 0 0
-20.0 6.355932 0.05 204 0 0
-20.0 6.864407 0.05 204 0 0
-20.0 7.372881 0.05 204 0 0
-20.0 7.881356 0.05 204 0 0
-20.0 8.389831 0.05 204 0 0
-20.0 8.898305 0.05 204 0 0
-20.0 9.40678 0.05 204 0 0
-20.0 9.915254 0.05 204 0 0
-20.0 10.423729 0.05 204 0 0
-20.0 10.932203 0.05 204 0 0
-20.0 11.440678 0.05 204 0 0
-20.0 11.949153 0.05 204 0 0
-20.0 12.457627 0.05 204 0 0
-20.0 12.966102 0.05 204 0 0
-20.0 13.474576 0.05 204 0 0
-20.0 13.983051 0.05 204 0 0
-20.0 14.491525 0.05 204 0 0
-20.0 15.0 0.05 204 0 0
-19.493671 -15.0 0.05 204 0 0
-19.493671 -14.491525 0.05 204 0 0
-19.493671 -13.983051 0.05 204 0 0
-19.493671 -13.474576 0.05 204 0 0
-19.493671 -12.966102 0.05 204 0 0
-19.493671 -12.457627 0.05 204 0 0
-19.493671 -11.949153 0.05 204 0 0
-19.493671 -11.440678 0.05 204 0 0
-19.493671 -10.932203 0.05 204 0 0
-19.493671 -10.423729 0.05 204 0 0
-19.493671 -9.915254 0.05 204 0 0
-19.493671 -9.40678 0.05 204 0 0
-19.493671 -8.898305 0.05 204 0 0
-19.493671 -8.389831 0.05 204 0 0
-19.493671 -7.881356 0.05 204 0 0
-19.493671 -7.372881 0.05 204 0 0
-19.493671 -6.864407 0.05 204 0 0
-19.493671 -6.355932 0.05 204 0 0
-19.493671 -5.847458 0.05 204 0 0
-19.493671 -5.338983 0.05 204 0 0
-19.493671 -4.830508 0.05 204 0 0
-19.493671 -4.322034 0.05 204 0 0
-19.493671 -3.813559 0.05 204 0 0
-19.493671 -3.305085 0.05 204 0 0
-19.493671 -2.79661 0.05 204 0 0
-19.493671 -2.288136 0.05 204 0 0
-19.493671 -1.779661 0.05 204 0 0
-19.493671 -1.271186 0.05 204 0 0
-19.493671 -0.762712 0.05 204 0 0
-19.493671 -0.254237 0.05 204 0 0
-19.493671 0.254237 0.05 204 0 0
-19.493671 0.762712 0.05 204 0 0
-19.493671 1.271186 0.05 204 0 0
-19.493671 1.779661 0.05 204 0 0
-19.493671 2.288136 0.05 204 0 0
-19.493671 2.79661 0.05 204 0 0
-19.493671 3.305085 0.05 204 0 0
-19.493671 3.813559 0.05 204 0 0
-19.493671 4.322034 0.05 204 0 0
-19.493671 4.830508 0.05 204 0 0
-19.493671 5.338983 0.05 204 0 0
-19.493671 5.847458 0.05 204 0 0
-19.493671 6.355932 0.05 204 0 0
-19.493671 6.864407 0.05 204 0 0
-19.493671 7.372881 0.05 204 0 0
-19.493671 7.881356 0.05 204 0 0
-19.493671 8.389831 0.05 204 0 0
-19.493671 8.898305 0.05 204 0 0
-19.493671 9.40678 0.05 204 0 0
-19.493671 9.915254 0.05 204 0 0
-19.493671 10.423729 0.05 204 0 0
-19.493671 10.932203 0.05 204 0 0
-19.493671 11.440678 0.05 204 0 0
-19.493671 11.949153 0.05 204 0 0
-19.493671 12.457627 0.05 204 0 0
-19.493671 12.966102 0.05 204 0 0
-19.493671 13.474576 0.05 204 0 0
-19.493671 13.983051 0.05 204 0 0
-19.493671 14.491525 0.05 204 0 0
-19.493671 15.0 0.05 204 0 0
-18.987342 -15.0 0.05 204 0 0
-18.987342 -14.491525 0.05 204 0 0
-18.987342 -13.983051 0.05 204 0 0
-18.987342 -13.474576 0.05 204 0 0
-18.987342 -12.966102 0.05 204 0 0
-18.987342 -12.457627 0.05 204 0 0
-18.987342 -11.949153 0.05 204 0 0
-18.987342 -11.440678 0.05 204 0 0
-18.987342 -10.932203 0.05 204 0 0
-18.987342 -10.423729 0.05 204 0 0
-18.987342 -9.915254 0.05 204 0 0
-18.987342 -9.40678 0.05 204 0 0
-18.987342 -8.898305 0.05 204 0 0
-18.987342 -8.389831 0.05 204 0 0
-18.987342 -7.881356 0.05 204 0 0
-18.987342 -7.372881 0.05 204 0 0
-18.987342 -6.864407 0.05 204 0 0
-18.987342 -6.355932 0.05 204 0 0
-18.987342 -5.847458 0.05 204 0 0
-18.987342 -5.338983 0.05 204 0 0
-18.987342 -4.830508 0.05 204 0 0
-18.987342 -4.322034 0.05 204 0 0
-18.987342 -3.813559 0.05 204 0 0
-18.987342 -3.305085 0.05 204 0 0
-18.987342 -2.79661 0.05 204 0 0
-18.987342 -2.288136 0.05 204 0 0
-18.987342 -1.779661 0.05 204 0 0
-18.987342 -1.271186 0.05 204 0 0
-18.987342 -0.762712 0.05 204 0 0
-18.987342 -0.254237 0.05 204 0 0
-18.987342 0.254237 0.05 204 0 0
-18.987342 0.762712 0.05 204 0 0
-18.987342 1.271186 0.05 204 0 0
-18.987342 1.779661 0.05 204 0 0
-18.987342 2.288136 0.05 204 0 0
-18.987342 2.79661 0.05 204 0 0
-18.987342 3.305085 0.05 204 0 0
-18.987342 3.813559 0.05 204 0 0
-18.987342 4.322034 0.05 204 0 0
-18.987342 4.830508 0.05 204 0 0
-18.987342 5.338983 0.05 204 0 0
-18.987342 5.847458 0.05 204 0 0
-18.987342 6.355932 0.05 204 0 0
-18.987342 6.864407 0.05 204 0 0
-18.987342 7.372881 0.05 204 0 0
-18.987342 7.881356 0.05 204 0 0
-18.987342 8.389831 0.05 204 0 0
-18.987342 8.898305 0.05 204 0 0
-18.987342 9.40678 0.05 204 0 0
-18.987342 9.915254 0.05 204 0 0
-18.987342 10.423729 0.05 204 0 0
-18.987342 10.932203 0.05 204 0 0
-18.987342 11.440678 0.05 204 0 0
-18.987342 11.949153 0.05 204 0 0
-18.987342 12.457627 0.05 204 0 0
-18.987342 12.966102 0.05 204 0 0
-18.987342 13.474576 0.05 204 0 0
-18.987342 13.983051 0.05 204 0 0
-18.987342 14.491525 0.05 204 0 0
-18.987342 15.0 0.05 204 0 0
-18.481013 -15.0 0.05 204 0 0
-18.481013 -14.491525 0.05 204 0 0
-18.481013 -13.983051 0.05 204 0 0
-18.481013 -13.474576 0.05 204 0 0
-18.481013 -12.966102 0.05 204 0 0
-18.481013 -12.457627 0.05 204 0 0
-18.481013 -11.949153 0.05 204 0 0
-18.481013 -11.440678 0.05 204 0 0
-18.481013 -10.932203 0.05 204 0 0
-18.481013 -10.423729 0.05 204 0 0
-18.481013 -9.915254 0.05 204 0 0
-18.481013 -9.40678 0.05 204 0 0
-18.481013 -8.898305 0.05 204 0 0
-18.481013 -8.389831 0.05 204 0 0
-18.481013 -7.881356 0.05 204 0 0
-18.481013 -7.372881 0.05 204 0 0
-18.481013 -6.864407 0.05 204 0 0
-18.481013 -6.355932 0.05 204 0 0
-18.481013 -5.847458 0.05 204 0 0
-18.481013 -5.338983 0.05 204 0 0
-18.481013 -4.830508 0.05 204 0 0
-18.481013 -4.322034 0.05 204 0 0
-18.481013 -3.813559 0.05 204 0 0
-18.481013 -3.305085 0.05 204 0 0
-18.481013 -2.79661 0.05 204 0 0
-18.481013 -2.288136 0.05 204 0 0
-18.481013 -1.779661 0.05 204 0 0
-18.481013 -1.271186 0.05 204 0 0
-18.481013 -0.762712 0.05 204 0 0
-18.481013 -0.254237 0.05 204 0 0
-18.481013 0.254237 0.05 204 0 0
-18.481013 0.762712 0.05 204 0 0
-18.481013 1.271186 0.05 204 0 0
-18.481013 1.779661 0.05 204 0 0
-18.481013 2.288136 0.05 204 0 0
-18.481013 2.79661 0.05 204 0 0
-18.481013 3.305085 0.05 204 0 0
-18.481013 3.813559 0.05 204 0 0
-18.481013 4.322034 0.05 204 0 0
-18.481013 4.830508 0.05 204 0 0
-18.481013 5.338983 0.05 204 0 0
-18.481013 5.847458 0.05 204 0 0
-18.481013 6.355932 0.05 204 0 0
-18.481013 6.864407 0.05 204 0 0
-18.481013 7.372881 0.05 204 0 0
-18.481013 7.881356 0.05 204 0 0
-18.481013 8.389831 0.05 204 0 0
-18.481013 8.898305 0.05 204 0 0
-18.481013 9.40678 0.05 204 0 0
-18.481013 9.915254 0.05 204 0 0
-18.481013 10.423729 0.05 204 0 0
-18.481013 10.932203 0.05 204 0 0
-18.481013 11.440678 0.05 204 0 0
-18.481013 11.949153 0.05 204 0 0
-18.481013 12.457627 0.05 204 0 0
-18.481013 12.966102 0.05 204 0 0
-18.481013 13.474576 0.05 204 0 0
-18.481013 13.983051 0.05 204 0 0
-18.481013 14.491525 0.05 204 0 0
-18.481013 15.0 0.05 204 0 0
-17.974684 -15.0 0.05 204 0 0
-17.974684 -14.491525 0.05 204 0 0
-17.974684 -13.983051 0.05 204 0 0
-17.974684 -13.474576 0.05 204 0 0
-17.974684 -12.966102 0.05 204 0 0
-17.974684 -12.457627 0.05 204 0 0
-17.974684 -11.949153 0.05 204 0 0
-17.974684 -11.440678 0.05 204 0 0
-17.974684 -10.932203 0.05 204 0 0
-17.974684 -10.423729 0.05 204 0 0
-17.974684 -9.915254 0.05 204 0 0
-17.974684 -9.40678 0.05 204 0 0
-17.974684 -8.898305 0.05 204 0 0
-17.974684 -8.389831 0.05 204 0 0
-17.974684 -7.881356 0.05 204 0 0
-17.974684 -7.372881 0.05 204 0 0
-17.974684 -6.864407 0.05 204 0 0
-17.974684 -6.355932 0.05 204 0 0
-17.974684 -5.847458 0.05 204 0 0
-17.974684 -5.338983 0.05 204 0 0
-17.974684 -4.830508 0.05 204 0 0
-17.974684 -4.322034 0.05 204 0 0
-17.974684 -3.813559 0.05 204 0 0
-17.974684 -3.305085 0.05 204 0 0
-17.974684 -2.79661 0.05 204 0 0
-17.974684 -2.288136 0.05 204 0 0
-17.974684 -1.779661 0.05 204 0 0
-17.974684 -1.271186 0.05 204 0 0
-17.974684 -0.762712 0.05 204 0 0
-17.974684 -0.254237 0.05 204 0 0
-17.974684 0.254237 0.05 204 0 0
-17.974684 0.762712 0.05 204 0 0
-17.974684 1.271186 0.05 204 0 0
-17.974684 1.779661 0.05 204 0 0
-17.974684 2.288136 0.05 204 0 0
-17.974684 2.79661 0.05 204 0 0
-17.974684 3.305085 0.05 204 0 0
-17.974684 3.813559 0.05 204 0 0
-17.974684 4.322034 0.05 204 0 0
-17.974684 4.830508 0.05 204 0 0
-17.974684 5.338983 0.05 204 0 0
-17.974684 5.847458 0.05 204 0 0
-17.974684 6.355932 0.05 204 0 0
-17.974684 6.864407 0.05 204 0 0
-17.974684 7.372881 0.05 204 0 0
-17.974684 7.881356 0.05 204 0 0
-17.974684 8.389831 0.05 204 0 0
-17.974684 8.898305 0.05 204 0 0
-17.974684 9.40678 0.05 204 0 0
-17.974684 9.915254 0.05 204 0 0
-17.974684 10.423729 0.05 204 0 0
-17.974684 10.932203 0.05 204 0 0
-17.974684 11.440678 0.05 204 0 0
-17.974684 11.949153 0.05 204 0 0
-17.974684 12.457627 0.05 204 0 0
-17.974684 12.966102 0.05 204 0 0
-17.974684 13.474576 0.05 204 0 0
-17.974684 13.983051 0.05 204 0 0
-17.974684 14.491525 0.05 204 0 0
-17.974684 15.0 0.05 204 0 0
-17.468354 -15.0 0.05 204 0 0
-17.468354 -14.491525 0.05 204 0 0
-17.468354 -13.983051 0.05 204 0 0
-17.468354 -13.474576 0.05 204 0 0
-17.468354 -12.966102 0.05 204 0 0
-17.468354 -12.457627 0.05 204 0 0
-17.468354 -11.949153 0.05 204 0 0
-17.468354 -11.440678 0.05 204 0 0
-17.468354 -10.932203 0.05 204 0 0
-17.468354 -10.423729 0.05 204 0 0
-17.468354 -9.915254 0.05 204 0 0
-17.468354 -9.40678 0.05 204 0 0
-17.468354 -8.898305 0.05 204 0 0
-17.468354 -8.389831 0.05 204 0 0
-17.468354 -7.881356 0.05 204 0 0
-17.468354 -7.372881 0.05 204 0 0
-17.468354 -6.864407 0.05 204 0 0
-17.468354 -6.355932 0.05 204 0 0
-17.468354 -5.847458 0.05 204 0 0
-17.468354 -5.338983 0.05 204 0 0
-17.468354 -4.830508 0.05 204 0 0
-17.468354 -4.322034 0.05 204 0 0
-17.468354 -3.813559 0.05 204 0 0
-17.468354 -3.305085 0.05 204 0 0
-17.468354 -2.79661 0.05 204 0 0
-17.468354 -2.288136 0.05 204 0 0
-17.468354 -1.779661 0.05 204 0 0
-17.468354 -1.271186 0.05 204 0 0
-17.468354 -0.762712 0.05 204 0 0
-17.468354 -0.254237 0.05 204 0 0
-17.468354 0.254237 0.05 204 0 0
-17.468354 0.762712 0.05 204 0 0
-17.468354 1.271186 0.05 204 0 0
-17.468354 1.779661 0.05 204 0 0
-17.468354 2.288136 0.05 204 0 0
-17.468354 2.79661 0.05 204 0 0
-17.468354 3.305085 0.05 204 0 0
-17.468354 3.813559 0.05 204 0 0
-17.468354 4.322034 0.05 204 0 0
-17.468354 4.830508 0.05 204 0 0
-17.468354 5.338983 0.05 204 0 0
-17.468354 5.847458 0.05 204 0 0
-17.468354 6.355932 0.05 204 0 0
-17.468354 6.864407 0.05 204 0 0
-17.468354 7.372881 0.05 204 0 0
-17.468354 7.881356 0.05 204 0 0
-17.468354 8.389831 0.05 204 0 0
-17.468354 8.898305 0.05 204 0 0
-17.468354 9.40678 0.05 204 0 0
-17.468354 9.915254 0.05 204 0 0
-17.468354 10.423729 0.05 204 0 0
-17.468354 10.932203 0.05 204 0 0
-17.468354 11.440678 0.05 204 0 0
-17.468354 11.949153 0.05 204 0 0
-17.468354 12.457627 0.05 204 0 0
-17.468354 12.966102 0.05 204 0 0
-17.468354 13.474576 0.05 204 0 0
-17.468354 13.983051 0.05 204 0 0
-17.468354 14.491525 0.05 204 0 0
-17.468354 15.0 0.05 204 0 0
-16.962025 -15.0 0.05 204 0 0
-16.962025 -14.491525 0.05 204 0 0
-16.962025 -13.983051 0.05 204 0 0
-16.962025 -13.474576 0.05 204 0 0
-16.962025 -12.966102 0.05 204 0 0
-16.962025 -12.457627 0.05 204 0 0
-16.962025 -11.949153 0.05 204 0 0
-16.962025 -11.440678 0.05 204 0 0
-16.962025 -10.932203 0.05 204 0 0
-16.962025 -10.423729 0.05 204 0 0
-16.962025 -9.915254 0.05 204 0 0
-16.962025 -9.40678 0.05 204 0 0
-16.962025 -8.898305 0.05 204 0 0
-16.962025 -8.389831 0.05 204 0 0
-16.962025 -7.881356 0.05 204 0 0
-16.962025 -7.372881 0.05 204 0 0
-16.962025 -6.864407 0.05 204 0 0
-16.962025 -6.355932 0.05 204 0 0
-16.962025 -5.847458 0.05 204 0 0
-16.962025 -5.338983 0.05 204 0 0
-16.962025 -4.830508 0.05 204 0 0
-16.962025 -4.322034 0.05 204 0 0
-16.962025 -3.813559 0.05 204 0 0
-16.962025 -3.305085 0.05 204 0 0
-16.962025 -2.79661 0.05 204 0 0
-16.962025 -2.288136 0.05 204 0 0
-16.962025 -1.779661 0.05 204 0 0
-16.962025 -1.271186 0.05 204 0 0
-16.962025 -0.762712 0.05 204 0 0
-16.962025 -0.254237 0.05 204 0 0
-16.962025 0.254237 0.05 204 0 0
-16.962025 0.762712 0.05 204 0 0
-16.962025 1.271186 0.05 204 0 0
-16.962025 1.779661 0.05 204 0 0
-16.962025 2.288136 0.05 204 0 0
-16.962025 2.79661 0.05 204 0 0
-16.962025 3.305085 0.05 204 0 0
-16.962025 3.813559 0.05 204 0 0
-16.962025 4.322034 0.05 204 0 0
-16.962025 4.830508 0.05 204 0 0
-16.962025 5.338983 0.05 204 0 0
-16.962025 5.847458 0.05 204 0 0
-16.962025 6.355932 0.05 204 0 0
-16.962025 6.864407 0.05 204 0 0
-16.962025 7.372881 0.05 204 0 0
-16.962025 7.881356 0.05 204 0 0
-16.962025 8.389831 0.05 204 0 0
-16.962025 8.898305 0.05 204 0 0
-16.962025 9.40678 0.05 204 0 0
-16.962025 9.915254 0.05 204 0 0
-16.962025 10.423729 0.05 204 0 0
-16.962025 10.932203 0.05 204 0 0
-16.962025 11.440678 0.05 204 0 0
-16.962025 11.949153 0.05 204 0 0
-16.962025 12.457627 0.05 204 0 0
-16.962025 12.966102 0.05 204 0 0
-16.962025 13.474576 0.05 204 0 0
-16.962025 13.983051 0.05 204 0 0
-16.962025 14.491525 0.05 204 0 0
-16.962025 15.0 0.05 204 0 0
-16.455696 -15.0 0.05 204 0 0
-16.455696 -14.491525 0.05 204 0 0
-16.455696 -13.983051 0.05 204 0 0
-16.455696 -13.474576 0.05 204 0 0
-16.455696 -12.966102 0.05 204 0 0
-16.455696 -12.457627 0.05 204 0 0
-16.455696 -11.949153 0.05 204 0 0
-16.455696 -11.440678 0.05 204 0 0
-16.455696 -10.932203 0.05 204 0 0
-16.455696 -10.423729 0.05 204 0 0
-16.455696 -9.915254 0.05 204 0 0
-16.455696 -9.40678 0.05 204 0 0
-16.455696 -8.898305 0.05 204 0 0
-16.455696 -8.389831 0.05 204 0 0
-16.455696 -7.881356 0.05 204 0 0
-16.455696 -7.372881 0.05 204 0 0
-16.455696 -6.864407 0.05 204 0 0
-16.455696 -6.355932 0.05 204 0 0
-16.455696 -5.847458 0.05 204 0 0
-16.455696 -5.338983 0.05 204 0 0
-16.455696 -4.830508 0.05 204 0 0
-16.455696 -4.322034 0.05 204 0 0
-16.455696 -3.813559 0.05 204 0 0
-16.455696 -3.305085 0.05 204 0 0
-16.455696 -2.79661 0.05 204 0 0
-16.455696 -2.288136 0.05 204 0 0
-16.455696 -1.779661 0.05 204 0 0
-16.455696 -1.271186 0.05 204 0 0
-16.455696 -0.762712 0.05 204 0 0
-16.455696 -0.254237 0.05 204 0 0
-16.455696 0.254237 0.05 204 0 0
-16.455696 0.762712 0.05 204 0 0
-16.455696 1.271186 0.05 204 0 0
-16.455696 1.779661 0.05 204 0 0
-16.455696 2.288136 0.05 204 0 0
-16.455696 2.79661 0.05 204 0 0
-16.455696 3.305085 0.05 204 0 0
-16.455696 3.813559 0.05 204 0 0
-16.455696 4.322034 0.05 204 0 0
-16.455696 4.830508 0.05 204 0 0
-16.455696 5.338983 0.05 204 0 0
-16.455696 5.847458 0.05 204 0 0
-16.455696 6.355932 0.05 204 0 0
-16.455696 6.864407 0.05 204 0 0
-16.455696 7.372881 0.05 204 0 0
-16.455696 7.881356 0.05 204 0 0
-16.455696 8.389831 0.05 204 0 0
-16.455696 8.898305 0.05 204 0 0
-16.455696 9.40678 0.05 204 0 0
-16.455696 9.915254 0.05 204 0 0
-16.455696 10.423729 0.05 204 0 0
-16.455696 10.932203 0.05 204 0 0
-16.455696 11.440678 0.05 204 0 0
-16.455696 11.949153 0.05 204 0 0
-16.455696 12.457627 0.05 204 0 0
-16.455696 12.966102 0.05 204 0 0
-16.455696 13.474576 0.05 204 0 0
-16.455696 13.983051 0.05 204 0 0
-16.455696 14.491525 0.05 204 0 0
-16.455696 15.0 0.05 204 0 0
-15.949367 -15.0 0.05 204 0 0
-15.949367 -14.491525 0.05 204 0 0
-15.949367 -13.983051 0.05 204 0 0
-15.949367 -13.474576 0.05 204 0 0
-15.949367 -12.966102 0.05 204 0 0
-15.949367 -12.457627 0.05 204 0 0
-15.949367 -11.949153 0.05 204 0 0
-15.949367 -11.440678 0.05 204 0 0
-15.949367 -10.932203 0.05 204 0 0
-15.949367 -10.423729 0.05 204 0 0
-15.949367 -9.915254 0.05 204 0 0
-15.949367 -9.40678 0.05 204 0 0
-15.949367 -8.898305 0.05 204 0 0
-15.949367 -8.389831 0.05 204 0 0
-15.949367 -7.881356 0.05 204 0 0
-15.949367 -7.372881 0.05 204 0 0
-15.949367 -6.864407 0.05 204 0 0
-15.949367 -6.355932 0.05 204 0 0
-15.949367 -5.847458 0.05 204 0 0
-15.949367 -5.338983 0.05 204 0 0
-15.949367 -4.830508 0.05 204 0 0
-15.949367 -4.322034 0.05 204 0 0
-15.949367 -3.813559 0.05 204 0 0
-15.949367 -3.305085 0.05 204 0 0
-15.949367 -2.79661 0.05 204 0 0
-15.949367 -2.288136 0.05 204 0 0
-15.949367 -1.779661 0.05 204 0 0
-15.949367 -1.271186 0.05 204 0 0
-15.949367 -0.762712 0.05 204 0 0
-15.949367 -0.254237 0.05 204 0 0
-15.949367 0.254237 0.05 204 0 0
-15.949367 0.762712 0.05 204 0 0
-15.949367 1.271186 0.05 204 0 0
-15.949367 1.779661 0.05 204 0 0
-15.949367 2.288136 0.05 204 0 0
-15.949367 2.79661 0.05 204 0 0
-15.949367 3.305085 0.05 204 0 0
-15.949367 3.813559 0.05 204 0 0
-15.949367 4.322034 0.05 204 0 0
-15.949367 4.830508 0.05 204 0 0
-15.949367 5.338983 0.05 204 0 0
-15.949367 5.847458 0.05 204 0 0
-15.949367 6.355932 0.05 204 0 0
-15.949367 6.864407 0.05 204 0 0
-15.949367 7.372881 0.05 204 0 0
-15.949367 7.881356 0.05 204 0 0
-15.949367 8.389831 0.05 204 0 0
-15.949367 8.898305 0.05 204 0 0
-15.949367 9.40678 0.05 204 0 0
-15.949367 9.915254 0.05 204 0 0
-15.949367 10.423729 0.05 204 0 0
-15.949367 10.932203 0.05 204 0 0
-15.949367 11.440678 0.05 204 0 0
-15.949367 11.949153 0.05 204 0 0
-15.949367 12.457627 0.05 204 0 0
-15.949367 12.966102 0.05 204 0 0
-15.949367 13.474576 0.05 204 0 0
-15.949367 13.983051 0.05 204 0 0
-15.949367 14.491525 0.05 204 0 0
-15.949367 15.0 0.05 204 0 0
-15.443038 -15.0 0.05 204 0 0
-15.443038 -14.491525 0.05 204 0 0
-15.443038 -13.983051 0.05 204 0 0
-15.443038 -13.474576 0.05 204 0 0
-15.443038 -12.966102 0.05 204 0 0
-15.443038 -12.457627 0.05 204 0 0
-15.443038 -11.949153 0.05 204 0 0
-15.443038 -11.440678 0.05 204 0 0
-15.443038 -10.932203 0.05 204 0 0
-15.443038 -10.423729 0.05 204 0 0
-15.443038 -9.915254 0.05 204 0 0
-15.443038 -9.40678 0.05 204 0 0
-15.443038 -8.898305 0.05 204 0 0
-15.443038 -8.389831 0.05 204 0 0
-15.443038 -7.881356 0.05 204 0 0
-15.443038 -7.372881 0.05 204 0 0
-15.443038 -6.864407 0.05 204 0 0
-15.443038 -6.355932 0.05 204 0 0
-15.443038 -5.847458 0.05 204 0 0
-15.443038 -5.338983 0.05 204 0 0
-15.443038 -4.830508 0.05 204 0 0
-15.443038 -4.322034 0.05 204 0 0
-15.443038 -3.813559 0.05 204 0 0
-15.443038 -3.305085 0.05 204 0 0
-15.443038 -2.79661 0.05 204 0 0
-15.443038 -2.288136 0.05 204 0 0
-15.443038 -1.779661 0.05 204 0 0
-15.443038 -1.271186 0.05 204 0 0
-15.443038 -0.762712 0.05 204 0 0
-15.443038 -0.254237 0.05 204 0 0
-15.443038 0.254237 0.05 204 0 0
-15.443038 0.762712 0.05 204 0 0
-15.443038 1.271186 0.05 204 0 0
-15.443038 1.779661 0.05 204 0 0
-15.443038 2.288136 0.05 204 0 0
-15.443038 2.79661 0.05 204 0 0
-15.443038 3.305085 0.05 204 0 0
-15.443038 3.813559 0.05 204 0 0
-15.443038 4.322034 0.05 204 0 0
-15.443038 4.830508 0.05 204 0 0
-15.443038 5.338983 0.05 204 0 0
-15.443038 5.847458 0.05 204 0 0
-15.443038 6.355932 0.05 204 0 0
-15.443038 6.864407 0.05 204 0 0
-15.443038 7.372881 0.05 204 0 0
-15.443038 7.881356 0.05 204 0 0
-15.443038 8.389831 0.05 204 0 0
-15.443038 8.898305 0.05 204 0 0
-15.443038 9.40678 0.05 204 0 0
-15.443038 9.915254 0.05 204 0 0
-15.443038 10.423729 0.05 204 0 0
-15.443038 10.932203 0.05 204 0 0
-15.443038 11.440678 0.05 204 0 0
-15.443038 11.949153 0.05 204 0 0
-15.443038 12.457627 0.05 204 0 0
-15.443038 12.966102 0.05 204 0 0
-15.443038 13.474576 0.05 204 0 0
-15.443038 13.983051 0.05 204 0 0
-15.443038 14.491525 0.05 204 0 0
-15.443038 15.0 0.05 204 0 0
-14.936709 -15.0 0.05 204 0 0
-14.936709 -14.491525 0.05 204 0 0
-14.936709 -13.983051 0.05 204 0 0
-14.936709 -13.474576 0.05 204 0 0
-14.936709 -12.966102 0.05 204 0 0
-14.936709 -12.457627 0.05 204 0 0
-14.936709 -11.949153 0.05 204 0 0
-14.936709 -11.440678 0.05 204 0 0
-14.936709 -10.932203 0.05 204 0 0
-14.936709 -10.423729 0.05 204 0 0
-14.936709 -9.915254 0.05 204 0 0
-14.936709 -9.40678 0.05 204 0 0
-14.936709 -8.898305 0.05 204 0 0
-14.936709 -8.389831 0.05 204 0 0
-14.936709 -7.881356 0.05 204 0 0
-14.936709 -7.372881 0.05 204 0 0
-14.936709 -6.864407 0.05 204 0 0
-14.936709 -6.355932 0.05 204 0 0
-14.936709 -5.847458 0.05 204 0 0
-14.936709 -5.338983 0.05 204 0 0
-14.936709 -4.830508 0.05 204 0 0
-14.936709 -4.322034 0.05 204 0 0
-14.936709 -3.813559 0.05 204 0 0
-14.936709 -3.305085 0.05 204 0 0
-14.936709 -2.79661 0.05 204 0 0
-14.936709 -2.288136 0.05 204 0 0
-14.936709 -1.779661 0.05 204 0 0
-14.936709 -1.271186 0.05 204 0 0
-14.936709 -0.762712 0.05 204 0 0
-14.936709 -0.254237 0.05 204 0 0
-14.936709 0.254237 0.05 204 0 0
-14.936709 0.762712 0.05 204 0 0
-14.936709 1.271186 0.05 204 0 0
-14.936709 1.779661 0.05 204 0 0
-14.936709 2.288136 0.05 204 0 0
-14.936709 2.79661 0.05 204 0 0
-14.936709 3.305085 0.05 204 0 0
-14.936709 3.813559 0.05 204 0 0
-14.936709 4.322034 0.05 204 0 0
-14.936709 4.830508 0.05 204 0 0
-14.936709 5.338983 0.05 204 0 0
-14.936709 5.847458 0.05 204 0 0
-14.936709 6.355932 0.05 204 0 0
-14.936709 6.864407 0.05 204 0 0
-14.936709 7.372881 0.05 204 0 0
-14.936709 7.881356 0.05 204 0 0
-14.936709 8.389831 0.05 204 0 0
-14.936709 8.898305 0.05 204 0 0
-14.936709 9.40678 0.05 204 0 0
-14.936709 9.915254 0.05 204 0 0
-14.936709 10.423729 0.05 204 0 0
-14.936709 10.932203 0.05 204 0 0
-14.936709 11.440678 0.05 204 0 0
-14.936709 11.949153 0.05 204 0 0
-14.936709 12.457627 0.05 204 0 0
-14.936709 12.966102 0.05 204 0 0
-14.936709 13.474576 0.05 204 0 0
-14.936709 13.983051 0.05 204 0 0
-14.936709 14.491525 0.05 204 0 0
-14.936709 15.0 0.05 204 0 0
-14.43038 -15.0 0.05 204 0 0
-14.43038 -14.491525 0.05 204 0 0
-14.43038 -13.983051 0.05 204 0 0
-14.43038 -13.474576 0.05 204 0 0
-14.43038 -12.966102 0.05 204 0 0
-14.43038 -12.457627 0.05 204 0 0
-14.43038 -11.949153 0.05 204 0 0
-14.43038 -11.440678 0.05 204 0 0
-14.43038 -10.932203 0.05 204 0 0
-14.43038 -10.423729 0.05 204 0 0
-14.43038 -9.915254 0.05 204 0 0
-14.43038 -9.40678 0.05 204 0 0
-14.43038 -8.898305 0.05 204 0 0
-14.43038 -8.389831 0.05 204 0 0
-14.43038 -7.881356 0.05 204 0 0
-14.43038 -7.372881 0.05 204 0 0
-14.43038 -6.864407 0.05 204 0 0
-14.43038 -6.355932 0.05 204 0 0
-14.43038 -5.847458 0.05 204 0 0
-14.43038 -5.338983 0.05 204 0 0
-14.43038 -4.830508 0.05 204 0 0
-14.43038 -4.322034 0.05 204 0 0
-14.43038 -3.813559 0.05 204 0 0
-14.43038 -3.305085 0.05 204 0 0
-14.43038 -2.79661 0.05 204 0 0
-14.43038 -2.288136 0.05 204 0 0
-14.43038 -1.779661 0.05 204 0 0
-14.43038 -1.271186 0.05 204 0 0
-14.43038 -0.762712 0.05 204 0 0
-14.43038 -0.254237 0.05 204 0 0
-14.43038 0.254237 0.05 204 0 0
-14.43038 0.762712 0.05 204 0 0
-14.43038 1.271186 0.05 204 0 0
-14.43038 1.779661 0.05 204 0 0
-14.43038 2.288136 0.05 204 0 0
-14.43038 2.79661 0.05 204 0 0
-14.43038 3.305085 0.05 204 0 0
-14.43038 3.813559 0.05 204 0 0
-14.43038 4.322034 0.05 204 0 0
-14.43038 4.830508 0.05 204 0 0
-14.43038 5.338983 0.05 204 0 0
-14.43038 5.847458 0.05 204 0 0
-14.43038 6.355932 0.05 204 0 0
-14.43038 6.864407 0.05 204 0 0
-14.43038 7.372881 0.05 204 0 0
-14.43038 7.881356 0.05 204 0 0
-14.43038 8.389831 0.05 204 0 0
-14.43038 8.898305 0.05 204 0 0
-14.43038 9.40678 0.05 204 0 0
-14.43038 9.915254 0.05 204 0 0
-14.43038 10.423729 0.05 204 0 0
-14.43038 10.932203 0.05 204 0 0
-14.43038 11.440678 0.05 204 0 0
-14.43038 11.949153 0.05 204 0 0
-14.43038 12.457627 0.05 204 0 0
-14.43038 12.966102 0.05 204 0 0
-14.43038 13.474576 0.05 204 0 0
-14.43038 13.983051 0.05 204 0 0
-14.43038 14.491525 0.05 204 0 0
-14.43038 15.0 0.05 204 0 0
-13.924051 -15.0 0.05 204 0 0
-13.924051 -14.491525 0.05 204 0 0
-13.924051 -13.983051 0.05 204 0 0
-13.924051 -13.474576 0.05 204 0 0
-13.924051 -12.966102 0.05 204 0 0
-13.924051 -12.457627 0.05 204 0 0
-13.924051 -11.949153 0.05 204 0 0
-13.924051 -11.440678 0.05 204 0 0
-13.924051 -10.932203 0.05 204 0 0
-13.924051 -10.423729 0.05 204 0 0
-13.924051 -9.915254 0.05 204 0 0
-13.924051 -9.40678 0.05 204 0 0
-13.924051 -8.898305 0.05 204 0 0
-13.924051 -8.389831 0.05 204 0 0
-13.924051 -7.881356 0.05 204 0 0
-13.924051 -7.372881 0.05 204 0 0
-13.924051 -6.864407 0.05 204 0 0
-13.924051 -6.355932 0.05 204 0 0
-13.924051 -5.847458 0.05 204 0 0
-13.924051 -5.338983 0.05 204 0 0
-13.924051 -4.830508 0.05 204 0 0
-13.924051 -4.322034 0.05 204 0 0
-13.924051 -3.813559 0.05 204 0 0
-13.924051 -3.305085 0.05 204 0 0
-13.924051 -2.79661 0.05 204 0 0
-13.924051 -2.288136 0.05 204 0 0
-13.924051 -1.779661 0.05 204 0 0
-13.924051 -1.271186 0.05 204 0 0
-13.924051 -0.762712 0.05 204 0 0
-13.924051 -0.254237 0.05 204 0 0
-13.924051 0.254237 0.05 204 0 0
-13.924051 0.762712 0.05 204 0 0
-13.924051 1.271186 0.05 204 0 0
-13.924051 1.779661 0.05 204 0 0
-13.924051 2.288136 0.05 204 0 0
-13.924051 2.79661 0.05 204 0 0
-13.924051 3.305085 0.05 204 0 0
-13.924051 3.813559 0.05 204 0 0
-13.924051 4.322034 0.05 204 0 0
-13.924051 4.830508 0.05 204 0 0
-13.924051 5.338983 0.05 204 0 0
-13.924051 5.847458 0.05 204 0 0
-13.924051 6.355932 0.05 204 0 0
-13.924051 6.864407 0.05 204 0 0
-13.924051 7.372881 0.05 204 0 0
-13.924051 7.881356 0.05 204 0 0
-13.924051 8.389831 0.05 204 0 0
-13.924051 8.898305 0.05 204 0 0
-13.924051 9.40678 0.05 204 0 0
-13.924051 9.915254 0.05 204 0 0
-13.924051 10.423729 0.05 204 0 0
-13.924051 10.932203 0.05 204 0 0
-13.924051 11.440678 0.05 204 0 0
-13.924051 11.949153 0.05 204 0 0
-13.924051 12.457627 0.05 204 0 0
-13.924051 12.966102 0.05 204 0 0
-13.924051 13.474576 0.05 204 0 0
-13.924051 13.983051 0.05 204 0 0
-13.924051 14.491525 0.05 204 0 0
-13.924051 15.0 0.05 204 0 0
-13.417722 -15.0 0.05 204 0 0
-13.417722 -14.491525 0.05 204 0 0
-13.417722 -13.983051 0.05 204 0 0
-13.417722 -13.474576 0.05 204 0 0
-13.417722 -12.966102 0.05 204 0 0
-13.417722 -12.457627 0.05 204 0 0
-13.417722 -11.949153 0.05 204 0 0
-13.417722 -11.440678 0.05 204 0 0
-13.417722 -10.932203 0.05 204 0 0
-13.417722 -10.423729 0.05 204 0 0
-13.417722 -9.915254 0.05 204 0 0
-13.417722 -9.40678 0.05 204 0 0
-13.417722 -8.898305 0.05 204 0 0
-13.417722 -8.389831 0.05 204 0 0
-13.417722 -7.881356 0.05 204 0 0
-13.417722 -7.372881 0.05 204 0 0
-13.417722 -6.864407 0.05 204 0 0
-13.417722 -6.355932 0.05 204 0 0
-13.417722 -5.847458 0.05 204 0 0
-13.417722 -5.338983 0.05 204 0 0
-13.417722 -4.830508 0.05 204 0 0
-13.417722 -4.322034 0.05 204 0 0
-13.417722 -3.813559 0.05 204 0 0
-13.417722 -3.305085 0.05 204 0 0
-13.417722 -2.79661 0.05 204 0 0
-13.417722 -2.288136 0.05 204 0 0
-13.417722 -1.779661 0.05 204 0 0
-13.417722 -1.271186 0.05 204 0 0
-13.417722 -0.762712 0.05 204 0 0
-13.417722 -0.254237 0.05 204 0 0
-13.417722 0.254237 0.05 204 0 0
-13.417722 0.762712 0.05 204 0 0
-13.417722 1.271186 0.05 204 0 0
-13.417722 1.779661 0.05 204 0 0
-13.417722 2.288136 0.05 204 0 0
-13.417722 2.79661 0.05 204 0 0
-13.417722 3.305085 0.05 204 0 0
-13.417722 3.813559 0.05 204 0 0
-13.417722 4.322034 0.05 204 0 0
-13.417722 4.830508 0.05 204 0 0
-13.417722 5.338983 0.05 204 0 0
-13.417722 5.847458 0.05 204 0 0
-13.417722 6.355932 0.05 204 0 0
-13.417722 6.864407 0.05 204 0 0
-13.417722 7.372881 0.05 204 0 0
-13.417722 7.881356 0.05 204 0 0
-13.417722 8.389831 0.05 204 0 0
-13.417722 8.898305 0.05 204 0 0
-13.417722 9.40678 0.05 204 0 0
-13.417722 9.915254 0.05 204 0 0
-13.417722 10.423729 0.05 204 0 0
-13.417722 10.932203 0.05 204 0 0
-13.417722 11.440678 0.05 204 0 0
-13.417722 11.949153 0.05 204 0 0
-13.417722 12.457627 0.05 204 0 0
-13.417722 12.966102 0.05 204 0 0
-13.417722 13.474576 0.05 204 0 0
-13.417722 13.983051 0.05 204 0 0
-13.417722 14.491525 0.05 204 0 0
-13.417722 15.0 0.05 204 0 0
-12.911392 -15.0 0.05 204 0 0
-12.911392 -14.491525 0.05 204 0 0
-12.911392 -13.983051 0.05 204 0 0
-12.911392 -13.474576 0.05 204 0 0
-12.911392 -12.966102 0.05 204 0 0
-12.911392 -12.457627 0.05 204 0 0
-12.911392 -11.949153 0.05 204 0 0
-12.911392 -11.440678 0.05 204 0 0
-12.911392 -10.932203 0.05 204 0 0
-12.911392 -10.423729 0.05 204 0 0
-12.911392 -9.915254 0.05 204 0 0
-12.911392 -9.40678 0.05 204 0 0
-12.911392 -8.898305 0.05 204 0 0
-12.911392 -8.389831 0.05 204 0 0
-12.911392 -7.881356 0.05 204 0 0
-12.911392 -7.372881 0.05 204 0 0
-12.911392 -6.864407 0.05 204 0 0
-12.911392 -6.355932 0.05 204 0 0
-12.911392 -5.847458 0.05 204 0 0
-12.911392 -5.338983 0.05 204 0 0
-12.911392 -4.830508 0.05 204 0 0
-12.911392 -4.322034 0.05 204 0 0
-12.911392 -3.813559 0.05 204 0 0
-12.911392 -3.305085 0.05 204 0 0
-12.911392 -2.79661 0.05 204 0 0
-12.911392 -2.288136 0.05 204 0 0
-12.911392 -1.779661 0.05 204 0 0
-12.911392 -1.271186 0.05 204 0 0
-12.911392 -0.762712 0.05 204 0 0
-12.911392 -0.254237 0.05 204 0 0
-12.911392 0.254237 0.05 204 0 0
-12.911392 0.762712 0.05 204 0 0
-12.911392 1.271186 0.05 204 0 0
-12.911392 1.779661 0.05 204 0 0
-12.911392 2.288136 0.05 204 0 0
-12.911392 2.79661 0.05 204 0 0
-12.911392 3.305085 0.05 204 0 0
-12.911392 3.813559 0.05 204 0 0
-12.911392 4.322034 0.05 204 0 0
-12.911392 4.830508 0.05 204 0 0
-12.911392 5.338983 0.05 204 0 0
-12.911392 5.847458 0.05 204 0 0
-12.911392 6.355932 0.05 204 0 0
-12.911392 6.864407 0.05 204 0 0
-12.911392 7.372881 0.05 204 0 0
-12.911392 7.881356 0.05 204 0 0
-12.911392 8.389831 0.05 204 0 0
-12.911392 8.898305 0.05 204 0 0
-12.911392 9.40678 0.05 204 0 0
-12.911392 9.915254 0.05 204 0 0
-12.911392 10.423729 0.05 204 0 0
-12.911392 10.932203 0.05 204 0 0
-12.911392 11.440678 0.05 204 0 0
-12.911392 11.949153 0.05 204 0 0
-12.911392 12.457627 0.05 204 0 0
-12.911392 12.966102 0.05 204 0 0
-12.911392 13.474576 0.05 204 0 0
-12.911392 13.983051 0.05 204 0 0
-12.911392 14.491525 0.05 204 0 0
-12.911392 15.0 0.05 204 0 0
-12.405063 -15.0 0.05 204 0 0
-12.405063 -14.491525 0.05 204 0 0
-12.405063 -13.983051 0.05 204 0 0
-12.405063 -13.474576 0.05 204 0 0
-12.405063 -12.966102 0.05 204 0 0
-12.405063 -12.457627 0.05 204 0 0
-12.405063 -11.949153 0.05 204 0 0
-12.405063 -11.440678 0.05 204 0 0
-12.405063 -10.932203 0.05 204 0 0
-12.405063 -10.423729 0.05 204 0 0
-12.405063 -9.915254 0.05 204 0 0
-12.405063 -9.40678 0.05 204 0 0
-12.405063 -8.898305 0.05 204 0 0
-12.405063 -8.389831 0.05 204 0 0
-12.405063 -7.881356 0.05 204 0 0
-12.405063 -7.372881 0.05 204 0 0
-12.405063 -6.864407 0.05 204 0 0
-12.405063 -6.355932 0.05 204 0 0
-12.405063 -5.847458 0.05 204 0 0
-12.405063 -5.338983 0.05 204 0 0
-12.405063 -4.830508 0.05 204 0 0
-12.405063 -4.322034 0.05 204 0 0
-12.405063 -3.813559 0.05 204 0 0
-12.405063 -3.305085 0.05 204 0 0
-12.405063 -2.79661 0.05 204 0 0
-12.405063 -2.288136 0.05 204 0 0
-12.405063 -1.779661 0.05 204 0 0
-12.405063 -1.271186 0.05 204 0 0
-12.405063 -0.762712 0.05 204 0 0
-12.405063 -0.254237 0.05 204 0 0
-12.405063 0.254237 0.05 204 0 0
-12.405063 0.762712 0.05 204 0 0
-12.405063 1.271186 0.05 204 0 0
-12.405063 1.779661 0.05 204 0 0
-12.405063 2.288136 0.05 204 0 0
-12.405063 2.79661 0.05 204 0 0
-12.405063 3.305085 0.05 204 0 0
-12.405063 3.813559 0.05 204 0 0
-12.405063 4.322034 0.05 204 0 0
-12.405063 4.830508 0.05 204 0 0
-12.405063 5.338983 0.05 204 0 0
-12.405063 5.847458 0.05 204 0 0
-12.405063 6.355932 0.05 204 0 0
-12.405063 6.864407 0.05 204 0 0
-12.405063 7.372881 0.05 204 0 0
-12.405063 7.881356 0.05 204 0 0
-12.405063 8.389831 0.05 204 0 0
-12.405063 8.898305 0.05 204 0 0
-12.405063 9.40678 0.05 204 0 0
-12.405063 9.915254 0.05 204 0 0
-12.405063 10.423729 0.05 204 0 0
-12.405063 10.932203 0.05 204 0 0
-12.405063 11.440678 0.05 204 0 0
-12.405063 11.949153 0.05 204 0 0
-12.405063 12.457627 0.05 204 0 0
-12.405063 12.966102 0.05 204 0 0
-12.405063 13.474576 0.05 204 0 0
-12.405063 13.983051 0.05 204 0 0
-12.405063 14.491525 0.05 204 0 0
-12.405063 15.0 0.05 204 0 0
-11.898734 -15.0 0.05 204 0 0
-11.898734 -14.491525 0.05 204 0 0
-11.898734 -13.983051 0.05 204 0 0
-11.898734 -13.474576 0.05 204 0 0
-11.898734 -12.966102 0.05 204 0 0
-11.898734 -12.457627 0.05 204 0 0
-11.898734 -11.949153 0.05 204 0 0
-11.898734 -11.440678 0.05 204 0 0
-11.898734 -10.932203 0.05 204 0 0
-11.898734 -10.423729 0.05 204 0 0
-11.898734 -9.915254 0.05 204 0 0
-11.898734 -9.40678 0.05 204 0 0
-11.898734 -8.898305 0.05 204 0 0
-11.898734 -8.389831 0.05 204 0 0
-11.898734 -7.881356 0.05 204 0 0
-11.898734 -7.372881 0.05 204 0 0
-11.898734 -6.864407 0.05 204 0 0
-11.898734 -6.355932 0.05 204 0 0
-11.898734 -5.847458 0.05 204 0 0
-11.898734 -5.338983 0.05 204 0 0
-11.898734 -4.830508 0.05 204 0 0
-11.898734 -4.322034 0.05 204 0 0
-11.898734 -3.813559 0.05 204 0 0
-11.898734 -3.305085 0.05 204 0 0
-11.898734 -2.79661 0.05 204 0 0
-11.898734 -2.288136 0.05 204 0 0
-11.898734 -1.779661 0.05 204 0 0
-11.898734 -1.271186 0.05 204 0 0
-11.898734 -0.762712 0.05 204 0 0
-11.898734 -0.254237 0.05 204 0 0
-11.898734 0.254237 0.05 204 0 0
-11.898734 0.762712 0.05 204 0 0
-11.898734 1.271186 0.05 204 0 0
-11.898734 1.779661 0.05 204 0 0
-11.898734 2.288136 0.05 204 0 0
-11.898734 2.79661 0.05 204 0 0
-11.898734 3.305085 0.05 204 0 0
-11.898734 3.813559 0.05 204 0 0
-11.898734 4.322034 0.05 204 0 0
-11.898734 4.830508 0.05 204 0 0
-11.898734 5.338983 0.05 204 0 0
-11.898734 5.847458 0.05 204 0 0
-11.898734 6.355932 0.05 204 0 0
-11.898734 6.864407 0.05 204 0 0
-11.898734 7.372881 0.05 204 0 0
-11.898734 7.881356 0.05 204 0 0
-11.898734 8.389831 0.05 204 0 0
-11.898734 8.898305 0.05 204 0 0
-11.898734 9.40678 0.05 204 0 0
-11.898734 9.915254 0.05 204 0 0
-11.898734 10.423729 0.05 204 0 0
-11.898734 10.932203 0.05 204 0 0
-11.898734 11.440678 0.05 204 0 0
-11.898734 11.949153 0.05 204 0 0
-11.898734 12.457627 0.05 204 0 0
-11.898734 12.966102 0.05 204 0 0
-11.898734 13.474576 0.05 204 0 0
-11.898734 13.983051 0.05 204 0 0
-11.898734 14.491525 0.05 204 0 0
-11.898734 15.0 0.05 204 0 0
-11.392405 -15.0 0.05 204 0 0
-11.392405 -14.491525 0.05 204 0 0
-11.392405 -13.983051 0.05 204 0 0
-11.392405 -13.474576 0.05 204 0 0
-11.392405 -12.966102 0.05 204 0 0
-11.392405 -12.457627 0.05 204 0 0
-11.392405 -11.949153 0.05 204 0 0
-11.392405 -11.440678 0.05 204 0 0
-11.392405 -10.932203 0.05 204 0 0
-11.392405 -10.423729 0.05 204 0 0
-11.392405 -9.915254 0.05 204 0 0
-11.392405 -9.40678 0.05 204 0 0
-11.392405 -8.898305 0.05 204 0 0
-11.392405 -8.389831 0.05 204 0 0
-11.392405 -7.881356 0.05 204 0 0
-11.392405 -7.372881 0.05 204 0 0
-11.392405 -6.864407 0.05 204 0 0
-11.392405 -6.355932 0.05 204 0 0
-11.392405 -5.847458 0.05 204 0 0
-11.392405 -5.338983 0.05 204 0 0
-11.392405 -4.830508 0.05 204 0 0
-11.392405 -4.322034 0.05 204 0 0
-11.392405 -3.813559 0.05 204 0 0
-11.392405 -3.305085 0.05 204 0 0
-11.392405 -2.79661 0.05 204 0 0
-11.392405 -2.288136 0.05 204 0 0
-11.392405 -1.779661 0.05 204 0 0
-11.392405 -1.271186 0.05 204 0 0
-11.392405 -0.762712 0.05 204 0 0
-11.392405 -0.254237 0.05 204 0 0
-11.392405 0.254237 0.05 204 0 0
-11.392405 0.762712 0.05 204 0 0
-11.392405 1.271186 0.05 204 0 0
-11.392405 1.779661 0.05 204 0 0
-11.392405 2.288136 0.05 204 0 0
-11.392405 2.79661 0.05 204 0 0
-11.392405 3.305085 0.05 204 0 0
-11.392405 3.813559 0.05 204 0 0
-11.392405 4.322034 0.05 204 0 0
-11.392405 4.830508 0.05 204 0 0
-11.392405 5.338983 0.05 204 0 0
-11.392405 5.847458 0.05 204 0 0
-11.392405 6.355932 0.05 204 0 0
-11.392405 6.864407 0.05 204 0 0
-11.392405 7.372881 0.05 204 0 0
-11.392405 7.881356 0.05 204 0 0
-11.392405 8.389831 0.05 204 0 0
-11.392405 8.898305 0.05 204 0 0
-11.392405 9.40678 0.05 204 0 0
-11.392405 9.915254 0.05 204 0 0
-11.392405 10.423729 0.05 204 0 0
-11.392405 10.932203 0.05 204 0 0
-11.392405 11.440678 0.05 204 0 0
-11.392405 11.949153 0.05 204 0 0
-11.392405 12.457627 0.05 204 0 0
-11.392405 12.966102 0.05 204 0 0
-11.392405 13.474576 0.05 204 0 0
-11.392405 13.983051 0.05 204 0 0
-11.392405 14.491525 0.05 204 0 0
-11.392405 15.0 0.05 204 0 0
-10.886076 -15.0 0.05 204 0 0
-10.886076 -14.491525 0.05 204 0 0
-10.886076 -13.983051 0.05 204 0 0
-10.886076 -13.474576 0.05 204 0 0
-10.886076 -12.966102 0.05 204 0 0
-10.886076 -12.457627 0.05 204 0 0
-10.886076 -11.949153 0.05 204 0 0
-10.886076 -11.440678 0.05 204 0 0
-10.886076 -10.932203 0.05 204 0 0
-10.886076 -10.423729 0.05 204 0 0
-10.886076 -9.915254 0.05 204 0 0
-10.886076 -9.40678 0.05 204 0 0
-10.886076 -8.898305 0.05 204 0 0
-10.886076 -8.389831 0.05 204 0 0
-10.886076 -7.881356 0.05 204 0 0
-10.886076 -7.372881 0.05 204 0 0
-10.886076 -6.864407 0.05 204 0 0
-10.886076 -6.355932 0.05 204 0 0
-10.886076 -5.847458 0.05 204 0 0
-10.886076 -5.338983 0.05 204 0 0
-10.886076 -4.830508 0.05 204 0 0
-10.886076 -4.322034 0.05 204 0 0
-10.886076 -3.813559 0.05 204 0 0
-10.886076 -3.305085 0.05 204 0 0
-10.886076 -2.79661 0.05 204 0 0
-10.886076 -2.288136 0.05 204 0 0
-10.886076 -1.779661 0.05 204 0 0
-10.886076 -1.271186 0.05 204 0 0
-10.886076 -0.762712 0.05 204 0 0
-10.886076 -0.254237 0.05 204 0 0
-10.886076 0.254237 0.05 204 0 0
-10.886076 0.762712 0.05 204 0 0
-10.886076 1.271186 0.05 204 0 0
-10.886076 1.779661 0.05 204 0 0
-10.886076 2.288136 0.05 204 0 0
-10.886076 2.79661 0.05 204 0 0
-10.886076 3.305085 0.05 204 0 0
-10.886076 3.813559 0.05 204 0 0
-10.886076 4.322034 0.05 204 0 0
-10.886076 4.830508 0.05 204 0 0
-10.886076 5.338983 0.05 204 0 0
-10.886076 5.847458 0.05 204 0 0
-10.886076 6.355932 0.05 204 0 0
-10.886076 6.864407 0.05 204 0 0
-10.886076 7.372881 0.05 204 0 0
-10.886076 7.881356 0.05 204 0 0
-10.886076 8.389831 0.05 204 0 0
-10.886076 8.898305 0.05 204 0 0
-10.886076 9.40678 0.05 204 0 0
-10.886076 9.915254 0.05 204 0 0
-10.886076 10.423729 0.05 204 0 0
-10.886076 10.932203 0.05 204 0 0
-10.886076 11.440678 0.05 204 0 0
-10.886076 11.949153 0.05 204 0 0
-10.886076 12.457627 0.05 204 0 0
-10.886076 12.966102 0.05 204 0 0
-10.886076 13.474576 0.05 204 0 0
-10.886076 13.983051 0.05 204 0 0
-10.886076 14.491525 0.05 204 0 0
-10.886076 15.0 0.05 204 0 0
-10.379747 -15.0 0.05 204 0 0
-10.379747 -14.491525 0.05 204 0 0
-10.379747 -13.983051 0.05 204 0 0
-10.379747 -13.474576 0.05 204 0 0
-10.379747 -12.966102 0.05 204 0 0
-10.379747 -12.457627 0.05 204 0 0
-10.379747 -11.949153 0.05 204 0 0
-10.379747 -11.440678 0.05 204 0 0
-10.379747 -10.932203 0.05 204 0 0
-10.379747 -10.423729 0.05 204 0 0
-10.379747 -9.915254 0.05 204 0 0
-10.379747 -9.40678 0.05 204 0 0
-10.379747 -8.898305 0.05 204 0 0
-10.379747 -8.389831 0.05 204 0 0
-10.379747 -7.881356 0.05 204 0 0
-10.379747 -7.372881 0.05 204 0 0
-10.379747 -6.864407 0.05 204 0 0
-10.379747 -6.355932 0.05 204 0 0
-10.379747 -5.847458 0.05 204 0 0
-10.379747 -5.338983 0.05 204 0 0
-10.379747 -4.830508 0.05 204 0 0
-10.379747 -4.322034 0.05 204 0 0
-10.379747 -3.813559 0.05 204 0 0
-10.379747 -3.305085 0.05 204 0 0
-10.379747 -2.79661 0.05 204 0 0
-10.379747 -2.288136 0.05 204 0 0
-10.379747 -1.779661 0.05 204 0 0
-10.379747 -1.271186 0.05 204 0 0
-10.379747 -0.762712 0.05 204 0 0
-10.379747 -0.254237 0.05 204 0 0
-10.379747 0.254237 0.05 204 0 0
-10.379747 0.762712 0.05 204 0 0
-10.379747 1.271186 0.05 204 0 0
-10.379747 1.779661 0.05 204 0 0
-10.379747 2.288136 0.05 204 0 0
-10.379747 2.79661 0.05 204 0 0
-10.379747 3.305085 0.05 204 0 0
-10.379747 3.813559 0.05 204 0 0
-10.379747 4.322034 0.05 204 0 0
-10.379747 4.830508 0.05 204 0 0
-10.379747 5.338983 0.05 204 0 0
-10.379747 5.847458 0.05 204 0 0
-10.379747 6.355932 0.05 204 0 0
-10.379747 6.864407 0.05 204 0 0
-10.379747 7.372881 0.05 204 0 0
-10.379747 7.881356 0.05 204 0 0
-10.379747 8.389831 0.05 204 0 0
-10.379747 8.898305 0.05 204 0 0
-10.379747 9.40678 0.05 204 0 0
-10.379747 9.915254 0.05 204 0 0
-10.379747 10.423729 0.05 204 0 0
-10.379747 10.932203 0.05 204 0 0
-10.379747 11.440678 0.05 204 0 0
-10.379747 11.949153 0.05 204 0 0
-10.379747 12.457627 0.05 204 0 0
-10.379747 12.966102 0.05 204 0 0
-10.379747 13.474576 0.05 204 0 0
-10.379747 13.983051 0.05 204 0 0
-10.379747 14.491525 0.05 204 0 0
-10.379747 15.0 0.05 204 0 0
-9.873418 -15.0 0.05 204 0 0
-9.873418 -14.491525 0.05 204 0 0
-9.873418 -13.983051 0.05 204 0 0
-9.873418 -13.474576 0.05 204 0 0
-9.873418 -12.966102 0.05 204 0 0
-9.873418 -12.457627 0.05 204 0 0
-9.873418 -11.949153 0.05 204 0 0
-9.873418 -11.440678 0.05 204 0 0
-9.873418 -10.932203 0.05 204 0 0
-9.873418 -10.423729 0.05 204 0 0
-9.873418 -9.915254 0.05 204 0 0
-9.873418 -9.40678 0.05 204 0 0
-9.873418 -8.898305 0.05 204 0 0
-9.873418 -8.389831 0.05 204 0 0
-9.873418 -7.881356 0.05 204 0 0
-9.873418 -7.372881 0.05 204 0 0
-9.873418 -6.864407 0.05 204 0 0
-9.873418 -6.355932 0.05 204 0 0
-9.873418 -5.847458 0.05 204 0 0
-9.873418 -5.338983 0.05 204 0 0
-9.873418 -4.830508 0.05 204 0 0
-9.873418 -4.322034 0.05 204 0 0
-9.873418 -3.813559 0.05 204 0 0
-9.873418 -3.305085 0.05 204 0 0
-9.873418 -2.79661 0.05 204 0 0
-9.873418 -2.288136 0.05 204 0 0
-9.873418 -1.779661 0.05 204 0 0
-9.873418 -1.271186 0.05 204 0 0
-9.873418 -0.762712 0.05 204 0 0
-9.873418 -0.254237 0.05 204 0 0
-9.873418 0.254237 0.05 204 0 0
-9.873418 0.762712 0.05 204 0 0
-9.873418 1.271186 0.05 204 0 0
-9.873418 1.779661 0.05 204 0 0
-9.873418 2.288136 0.05 204 0 0
-9.873418 2.79661 0.05 204 0 0
-9.873418 3.305085 0.05 204 0 0
-9.873418 3.813559 0.05 204 0 0
-9.873418 4.322034 0.05 204 0 0
-9.873418 4.830508 0.05 204 0 0
-9.873418 5.338983 0.05 204 0 0
-9.873418 5.847458 0.05 204 0 0
-9.873418 6.355932 0.05 204 0 0
-9.873418 6.864407 0.05 204 0 0
-9.873418 7.372881 0.05 204 0 0
-9.873418 7.881356 0.05 204 0 0
-9.873418 8.389831 0.05 204 0 0
-9.873418 8.898305 0.05 204 0 0
-9.873418 9.40678 0.05 204 0 0
-9.873418 9.915254 0.05 204 0 0
-9.873418 10.423729 0.05 204 0 0
-9.873418 10.932203 0.05 204 0 0
-9.873418 11.440678 0.05 204 0 0
-9.873418 11.949153 0.05 204 0 0
-9.873418 12.457627 0.05 204 0 0
-9.873418 12.966102 0.05 204 0 0
-9.873418 13.474576 0.05 204 0 0
-9.873418 13.983051 0.05 204 0 0
-9.873418 14.491525 0.05 204 0 0
-9.873418 15.0 0.05 204 0 0
-9.367089 -15.0 0.05 204 0 0
-9.367089 -14.491525 0.05 204 0 0
-9.367089 -13.983051 0.05 204 0 0
-9.367089 -13.474576 0.05 204 0 0
-9.367089 -12.966102 0.05 204 0 0
-9.367089 -12.457627 0.05 204 0 0
-9.367089 -11.949153 0.05 204 0 0
-9.367089 -11.440678 0.05 204 0 0
-9.367089 -10.932203 0.05 204 0 0
-9.367089 -10.423729 0.05 204 0 0
-9.367089 -9.915254 0.05 204 0 0
-9.367089 -9.40678 0.05 204 0 0
-9.367089 -8.898305 0.05 204 0 0
-9.367089 -8.389831 0.05 204 0 0
-9.367089 -7.881356 0.05 204 0 0
-9.367089 -7.372881 0.05 204 0 0
-9.367089 -6.864407 0.05 204 0 0
-9.367089 -6.355932 0.05 204 0 0
-9.367089 -5.847458 0.05 204 0 0
-9.367089 -5.338983 0.05 204 0 0
-9.367089 -4.830508 0.05 204 0 0
-9.367089 -4.322034 0.05 204 0 0
-9.367089 -3.813559 0.05 204 0 0
-9.367089 -3.305085 0.05 204 0 0
-9.367089 -2.79661 0.05 204 0 0
-9.367089 -2.288136 0.05 204 0 0
-9.367089 -1.779661 0.05 204 0 0
-9.367089 -1.271186 0.05 204 0 0
-9.367089 -0.762712 0.05 204 0 0
-9.367089 -0.254237 0.05 204 0 0
-9.367089 0.254237 0.05 204 0 0
-9.367089 0.762712 0.05 204 0 0
-9.367089 1.271186 0.05 204 0 0
-9.367089 1.779661 0.05 204 0 0
-9.367089 2.288136 0.05 204 0 0
-9.367089 2.79661 0.05 204 0 0
-9.367089 3.305085 0.05 204 0 0
-9.367089 3.813559 0.05 204 0 0
-9.367089 4.322034 0.05 204 0 0
-9.367089 4.830508 0.05 204 0 0
-9.367089 5.338983 0.05 204 0 0
-9.367089 5.847458 0.05 204 0 0
-9.367089 6.355932 0.05 204 0 0
-9.367089 6.864407 0.05 204 0 0
-9.367089 7.372881 0.05 204 0 0
-9.367089 7.881356 0.05 204 0 0
-9.367089 8.389831 0.05 204 0 0
-9.367089 8.898305 0.05 204 0 0
-9.367089 9.40678 0.05 204 0 0
-9.367089 9.915254 0.05 204 0 0
-9.367089 10.423729 0.05 204 0 0
-9.367089 10.932203 0.05 204 0 0
-9.367089 11.440678 0.05 204 0 0
-9.367089 11.949153 0.05 204 0 0
-9.367089 12.457627 0.05 204 0 0
-9.367089 12.966102 0.05 204 0 0
-9.367089 13.474576 0.05 204 0 0
-9.367089 13.983051 0.05 204 0 0
-9.367089 14.491525 0.05 204 0 0
-9.367089 15.0 0.05 204 0 0
-8.860759 -15.0 0.05 204 0 0
-8.860759 -14.491525 0.05 204 0 0
-8.860759 -13.983051 0.05 204 0 0
-8.860759 -13.474576 0.05 204 0 0
-8.860759 -12.966102 0.05 204 0 0
-8.860759 -12.457627 0.05 204 0 0
-8.860759 -11.949153 0.05 204 0 0
-8.860759 -11.440678 0.05 204 0 0
-8.860759 -10.932203 0.05 204 0 0
-8.860759 -10.423729 0.05 204 0 0
-8.860759 -9.915254 0.05 204 0 0
-8.860759 -9.40678 0.05 204 0 0
-8.860759 -8.898305 0.05 204 0 0
-8.860759 -8.389831 0.05 204 0 0
-8.860759 -7.881356 0.05 204 0 0
-8.860759 -7.372881 0.05 204 0 0
-8.860759 -6.864407 0.05 204 0 0
-8.860759 -6.355932 0.05 204 0 0
-8.860759 -5.847458 0.05 204 0 0
-8.860759 -5.338983 0.05 204 0 0
-8.860759 -4.830508 0.05 204 0 0
-8.860759 -4.322034 0.05 204 0 0
-8.860759 -3.813559 0.05 204 0 0
-8.860759 -3.305085 0.05 204 0 0
-8.860759 -2.79661 0.05 204 0 0
-8.860759 -2.288136 0.05 204 0 0
-8.860759 -1.779661 0.05 204 0 0
-8.860759 -1.271186 0.05 204 0 0
-8.860759 -0.762712 0.05 204 0 0
-8.860759 -0.254237 0.05 204 0 0
-8.860759 0.254237 0.05 204 0 0
-8.860759 0.762712 0.05 204 0 0
-8.860759 1.271186 0.05 204 0 0
-8.860759 1.779661 0.05 204 0 0
-8.860759 2.288136 0.05 204 0 0
-8.860759 2.79661 0.05 204 0 0
-8.860759 3.305085 0.05 204 0 0
-8.860759 3.813559 0.05 204 0 0
-8.860759 4.322034 0.05 204 0 0
-8.860759 4.830508 0.05 204 0 0
-8.860759 5.338983 0.05 204 0 0
-8.860759 5.847458 0.05 204 0 0
-8.860759 6.355932 0.05 204 0 0
-8.860759 6.864407 0.05 204 0 0
-8.860759 7.372881 0.05 204 0 0
-8.860759 7.881356 0.05 204 0 0
-8.860759 8.389831 0.05 204 0 0
-8.860759 8.898305 0.05 204 0 0
-8.860759 9.40678 0.05 204 0 0
-8.860759 9.915254 0.05 204 0 0
-8.860759 10.423729 0.05 204 0 0
-8.860759 10.932203 0.05 204 0 0
-8.860759 11.440678 0.05 204 0 0
-8.860759 11.949153 0.05 204 0 0
-8.860759 12.457627 0.05 204 0 0
-8.860759 12.966102 0.05 204 0 0
-8.860759 13.474576 0.05 204 0 0
-8.860759 13.983051 0.05 204 0 0
-8.860759 14.491525 0.05 204 0 0
-8.860759 15.0 0.05 204 0 0
-8.35443 -15.0 0.05 204 0 0
-8.35443 -14.491525 0.05 204 0 0
-8.35443 -13.983051 0.05 204 0 0
-8.35443 -13.474576 0.05 204 0 0
-8.35443 -12.966102 0.05 204 0 0
-8.35443 -12.457627 0.05 204 0 0
-8.35443 -11.949153 0.05 204 0 0
-8.35443 -11.440678 0.05 204 0 0
-8.35443 -10.932203 0.05 204 0 0
-8.35443 -10.423729 0.05 204 0 0
-8.35443 -9.915254 0.05 204 0 0
-8.35443 -9.40678 0.05 204 0 0
-8.35443 -8.898305 0.05 204 0 0
-8.35443 -8.389831 0.05 204 0 0
-8.35443 -7.881356 0.05 204 0 0
-8.35443 -7.372881 0.05 204 0 0
-8.35443 -6.864407 0.05 204 0 0
-8.35443 -6.355932 0.05 204 0 0
-8.35443 -5.847458 0.05 204 0 0
-8.35443 -5.338983 0.05 204 0 0
-8.35443 -4.830508 0.05 204 0 0
-8.35443 -4.322034 0.05 204 0 0
-8.35443 -3.813559 0.05 204 0 0
-8.35443 -3.305085 0.05 204 0 0
-8.35443 -2.79661 0.05 204 0 0
-8.35443 -2.288136 0.05 204 0 0
-8.35443 -1.779661 0.05 204 0 0
-8.35443 -1.271186 0.05 204 0 0
-8.35443 -0.762712 0.05 204 0 0
-8.35443 -0.254237 0.05 204 0 0
-8.35443 0.254237 0.05 204 0 0
-8.35443 0.762712 0.05 204 0 0
-8.35443 1.271186 0.05 204 0 0
-8.35443 1.779661 0.05 204 0 0
-8.35443 2.288136 0.05 204 0 0
-8.35443 2.79661 0.05 204 0 0
-8.35443 3.305085 0.05 204 0 0
-8.35443 3.813559 0.05 204 0 0
-8.35443 4.322034 0.05 204 0 0
-8.35443 4.830508 0.05 204 0 0
-8.35443 5.338983 0.05 204 0 0
-8.35443 5.847458 0.05 204 0 0
-8.35443 6.355932 0.05 204 0 0
-8.35443 6.864407 0.05 204 0 0
-8.35443 7.372881 0.05 204 0 0
-8.35443 7.881356 0.05 204 0 0
-8.35443 8.389831 0.05 204 0 0
-8.35443 8.898305 0.05 204 0 0
-8.35443 9.40678 0.05 204 0 0
-8.35443 9.915254 0.05 204 0 0
-8.35443 10.423729 0.05 204 0 0
-8.35443 10.932203 0.05 204 0 0
-8.35443 11.440678 0.05 204 0 0
-8.35443 11.949153 0.05 204 0 0
-8.35443 12.457627 0.05 204 0 0
-8.35443 12.966102 0.05 204 0 0
-8.35443 13.474576 0.05 204 0 0
-8.35443 13.983051 0.05 204 0 0
-8.35443 14.491525 0.05 204 0 0
-8.35443 15.0 0.05 204 0 0
-7.848101 -15.0 0.05 204 0 0
-7.848101 -14.491525 0.05 204 0 0
-7.848101 -13.983051 0.05 204 0 0
-7.848101 -13.474576 0.05 204 0 0
-7.848101 -12.966102 0.05 204 0 0
-7.848101 -12.457627 0.05 204 0 0
-7.848101 -11.949153 0.05 204 0 0
-7.848101 -11.440678 0.05 204 0 0
-7.848101 -10.932203 0.05 204 0 0
-7.848101 -10.423729 0.05 204 0 0
-7.848101 -9.915254 0.05 204 0 0
-7.848101 -9.40678 0.05 204 0 0
-7.848101 -8.898305 0.05 204 0 0
-7.848101 -8.389831 0.05 204 0 0
-7.848101 -7.881356 0.05 204 0 0
-7.848101 -7.372881 0.05 204 0 0
-7.848101 -6.864407 0.05 204 0 0
-7.848101 -6.355932 0.05 204 0 0
-7.848101 -5.847458 0.05 204 0 0
-7.848101 -5.338983 0.05 204 0 0
-7.848101 -4.830508 0.05 204 0 0
-7.848101 -4.322034 0.05 204 0 0
-7.848101 -3.813559 0.05 204 0 0
-7.848101 -3.305085 0.05 204 0 0
-7.848101 -2.79661 0.05 204 0 0
-7.848101 -2.288136 0.05 204 0 0
-7.848101 -1.779661 0.05 204 0 0
-7.848101 -1.271186 0.05 204 0 0
-7.848101 -0.762712 0.05 204 0 0
-7.848101 -0.254237 0.05 204 0 0
-7.848101 0.254237 0.05 204 0 0
-7.848101 0.762712 0.05 204 0 0
-7.848101 1.271186 0.05 204 0 0
-7.848101 1.779661 0.05 204 0 0
-7.848101 2.288136 0.05 204 0 0
-7.848101 2.79661 0.05 204 0 0
-7.848101 3.305085 0.05 204 0 0
-7.848101 3.813559 0.05 204 0 0
-7.848101 4.322034 0.05 204 0 0
-7.848101 4.830508 0.05 204 0 0
-7.848101 5.338983 0.05 204 0 0
-7.848101 5.847458 0.05 204 0 0
-7.848101 6.355932 0.05 204 0 0
-7.848101 6.864407 0.05 204 0 0
-7.848101 7.372881 0.05 204 0 0
-7.848101 7.881356 0.05 204 0 0
-7.848101 8.389831 0.05 204 0 0
-7.848101 8.898305 0.05 204 0 0
-7.848101 9.40678 0.05 204 0 0
-7.848101 9.915254 0.05 204 0 0
-7.848101 10.423729 0.05 204 0 0
-7.848101 10.932203 0.05 204 0 0
-7.848101 11.440678 0.05 204 0 0
-7.848101 11.949153 0.05 204 0 0
-7.848101 12.457627 0.05 204 0 0
-7.848101 12.966102 0.05 204 0 0
-7.848101 13.474576 0.05 204 0 0
-7.848101 13.983051 0.05 204 0 0
-7.848101 14.491525 0.05 204 0 0
-7.848101 15.0 0.05 204 0 0
-7.341772 -15.0 0.05 204 0 0
-7.341772 -14.491525 0.05 204 0 0
-7.341772 -13.983051 0.05 204 0 0
-7.341772 -13.474576 0.05 204 0 0
-7.341772 -12.966102 0.05 204 0 0
-7.341772 -12.457627 0.05 204 0 0
-7.341772 -11.949153 0.05 204 0 0
-7.341772 -11.440678 0.05 204 0 0
-7.341772 -10.932203 0.05 204 0 0
-7.341772 -10.423729 0.05 204 0 0
-7.341772 -9.915254 0.05 204 0 0
-7.341772 -9.40678 0.05 204 0 0
-7.341772 -8.898305 0.05 204 0 0
-7.341772 -8.389831 0.05 204 0 0
-7.341772 -7.881356 0.05 204 0 0
-7.341772 -7.372881 0.05 204 0 0
-7.341772 -6.864407 0.05 204 0 0
-7.341772 -6.355932 0.05 204 0 0
-7.341772 -5.847458 0.05 204 0 0
-7.341772 -5.338983 0.05 204 0 0
-7.341772 -4.830508 0.05 204 0 0
-7.341772 -4.322034 0.05 204 0 0
-7.341772 -3.813559 0.05 204 0 0
-7.341772 -3.305085 0.05 204 0 0
-7.341772 -2.79661 0.05 204 0 0
-7.341772 -2.288136 0.05 204 0 0
-7.341772 -1.779661 0.05 204 0 0
-7.341772 -1.271186 0.05 204 0 0
-7.341772 -0.762712 0.05 204 0 0
-7.341772 -0.254237 0.05 204 0 0
-7.341772 0.254237 0.05 204 0 0
-7.341772 0.762712 0.05 204 0 0
-7.341772 1.271186 0.05 204 0 0
-7.341772 1.779661 0.05 204 0 0
-7.341772 2.288136 0.05 204 0 0
-7.341772 2.79661 0.05 204 0 0
-7.341772 3.305085 0.05 204 0 0
-7.341772 3.813559 0.05 204 0 0
-7.341772 4.322034 0.05 204 0 0
-7.341772 4.830508 0.05 204 0 0
-7.341772 5.338983 0.05 204 0 0
-7.341772 5.847458 0.05 204 0 0
-7.341772 6.355932 0.05 204 0 0
-7.341772 6.864407 0.05 204 0 0
-7.341772 7.372881 0.05 204 0 0
-7.341772 7.881356 0.05 204 0 0
-7.341772 8.389831 0.05 204 0 0
-7.341772 8.898305 0.05 204 0 0
-7.341772 9.40678 0.05 204 0 0
-7.341772 9.915254 0.05 204 0 0
-7.341772 10.423729 0.05 204 0 0
-7.341772 10.932203 0.05 204 0 0
-7.341772 11.440678 0.05 204 0 0
-7.341772 11.949153 0.05 204 0 0
-7.341772 12.457627 0.05 204 0 0
-7.341772 12.966102 0.05 204 0 0
-7.341772 13.474576 0.05 204 0 0
-7.341772 13.983051 0.05 204 0 0
-7.341772 14.491525 0.05 204 0 0
-7.341772 15.0 0.05 204 0 0
-6.835443 -15.0 0.05 204 0 0
-6.835443 -14.491525 0.05 204 0 0
-6.835443 -13.983051 0.05 204 0 0
-6.835443 -13.474576 0.05 204 0 0
-6.835443 -12.966102 0.05 204 0 0
-6.835443 -12.457627 0.05 204 0 0
-6.835443 -11.949153 0.05 204 0 0
-6.835443 -11.440678 0.05 204 0 0
-6.835443 -10.932203 0.05 204 0 0
-6.835443 -10.423729 0.05 204 0 0
-6.835443 -9.915254 0.05 204 0 0
-6.835443 -9.40678 0.05 204 0 0
-6.835443 -8.898305 0.05 204 0 0
-6.835443 -8.389831 0.05 204 0 0
-6.835443 -7.881356 0.05 204 0 0
-6.835443 -7.372881 0.05 204 0 0
-6.835443 -6.864407 0.05 204 0 0
-6.835443 -6.355932 0.05 204 0 0
-6.835443 -5.847458 0.05 204 0 0
-6.835443 -5.338983 0.05 204 0 0
-6.835443 -4.830508 0.05 204 0 0
-6.835443 -4.322034 0.05 204 0 0
-6.835443 -3.813559 0.05 204 0 0
-6.835443 -3.305085 0.05 204 0 0
-6.835443 -2.79661 0.05 204 0 0
-6.835443 -2.288136 0.05 204 0 0
-6.835443 -1.779661 0.05 204 0 0
-6.835443 -1.271186 0.05 204 0 0
-6.835443 -0.762712 0.05 204 0 0
-6.835443 -0.254237 0.05 204 0 0
-6.835443 0.254237 0.05 204 0 0
-6.835443 0.762712 0.05 204 0 0
-6.835443 1.271186 0.05 204 0 0
-6.835443 1.779661 0.05 204 0 0
-6.835443 2.288136 0.05 204 0 0
-6.835443 2.79661 0.05 204 0 0
-6.835443 3.305085 0.05 204 0 0
-6.835443 3.813559 0.05 204 0 0
-6.835443 4.322034 0.05 204 0 0
-6.835443 4.830508 0.05 204 0 0
-6.835443 5.338983 0.05 204 0 0
-6.835443 5.847458 0.05 204 0 0
-6.835443 6.355932 0.05 204 0 0
-6.835443 6.864407 0.05 204 0 0
-6.835443 7.372881 0.05 204 0 0
-6.835443 7.881356 0.05 204 0 0
-6.835443 8.389831 0.05 204 0 0
-6.835443 8.898305 0.05 204 0 0
-6.835443 9.40678 0.05 204 0 0
-6.835443 9.915254 0.05 204 0 0
-6.835443 10.423729 0.05 204 0 0
-6.835443 10.932203 0.05 204 0 0
-6.835443 11.440678 0.05 204 0 0
-6.835443 11.949153 0.05 204 0 0
-6.835443 12.457627 0.05 204 0 0
-6.835443 12.966102 0.05 204 0 0
-6.835443 13.474576 0.05 204 0 0
-6.835443 13.983051 0.05 204 0 0
-6.835443 14.491525 0.05 204 0 0
-6.835443 15.0 0.05 204 0 0
-6.329114 -15.0 0.05 204 0 0
-6.329114 -14.491525 0.05 204 0 0
-6.329114 -13.983051 0.05 204 0 0
-6.329114 -13.474576 0.05 204 0 0
-6.329114 -12.966102 0.05 204 0 0
-6.329114 -12.457627 0.05 204 0 0
-6.329114 -11.949153 0.05 204 0 0
-6.329114 -11.440678 0.05 204 0 0
-6.329114 -10.932203 0.05 204 0 0
-6.329114 -10.423729 0.05 204 0 0
-6.329114 -9.915254 0.05 204 0 0
-6.329114 -9.40678 0.05 204 0 0
-6.329114 -8.898305 0.05 204 0 0
-6.329114 -8.389831 0.05 204 0 0
-6.329114 -7.881356 0.05 204 0 0
-6.329114 -7.372881 0.05 204 0 0
-6.329114 -6.864407 0.05 204 0 0
-6.329114 -6.355932 0.05 204 0 0
-6.329114 -5.847458 0.05 204 0 0
-6.329114 -5.338983 0.05 204 0 0
-6.329114 -4.830508 0.05 204 0 0
-6.329114 -4.322034 0.05 204 0 0
-6.329114 -3.813559 0.05 204 0 0
-6.329114 -3.305085 0.05 204 0 0
-6.329114 -2.79661 0.05 204 0 0
-6.329114 -2.288136 0.05 204 0 0
-6.329114 -1.779661 0.05 204 0 0
-6.329114 -1.271186 0.05 204 0 0
-6.329114 -0.762712 0.05 204 0 0
-6.329114 -0.254237 0.05 204 0 0
-6.329114 0.254237 0.05 204 0 0
-6.329114 0.762712 0.05 204 0 0
-6.329114 1.271186 0.05 204 0 0
-6.329114 1.779661 0.05 204 0 0
-6.329114 2.288136 0.05 204 0 0
-6.329114 2.79661 0.05 204 0 0
-6.329114 3.305085 0.05 204 0 0
-6.329114 3.813559 0.05 204 0 0
-6.329114 4.322034 0.05 204 0 0
-6.329114 4.830508 0.05 204 0 0
-6.329114 5.338983 0.05 204 0 0
-6.329114 5.847458 0.05 204 0 0
-6.329114 6.355932 0.05 204 0 0
-6.329114 6.864407 0.05 204 0 0
-6.329114 7.372881 0.05 204 0 0
-6.329114 7.881356 0.05 204 0 0
-6.329114 8.389831 0.05 204 0 0
-6.329114 8.898305 0.05 204 0 0
-6.329114 9.40678 0.05 204 0 0
-6.329114 9.915254 0.05 204 0 0
-6.329114 10.423729 0.05 204 0 0
-6.329114 10.932203 0.05 204 0 0
-6.329114 11.440678 0.05 204 0 0
-6.329114 11.949153 0.05 204 0 0
-6.329114 12.457627 0.05 204 0 0
-6.329114 12.966102 0.05 204 0 0
-6.329114 13.474576 0.05 204 0 0
-6.329114 13.983051 0.05 204 0 0
-6.329114 14.491525 0.05 204 0 0
-6.329114 15.0 0.05 204 0 0
-5.822785 -15.0 0.05 204 0 0
-5.822785 -14.491525 0.05 204 0 0
-5.822785 -13.983051 0.05 204 0 0
-5.822785 -13.474576 0.05 204 0 0
-5.822785 -12.966102 0.05 204 0 0
-5.822785 -12.457627 0.05 204 0 0
-5.822785 -11.949153 0.05 204 0 0
-5.822785 -11.440678 0.05 204 0 0
-5.822785 -10.932203 0.05 204 0 0
-5.822785 -10.423729 0.05 204 0 0
-5.822785 -9.915254 0.05 204 0 0
-5.822785 -9.40678 0.05 204 0 0
-5.822785 -8.898305 0.05 204 0 0
-5.822785 -8.389831 0.05 204 0 0
-5.822785 -7.881356 0.05 204 0 0
-5.822785 -7.372881 0.05 204 0 0
-5.822785 -6.864407 0.05 204 0 0
-5.822785 -6.355932 0.05 204 0 0
-5.822785 -5.847458 0.05 204 0 0
-5.822785 -5.338983 0.05 204 0 0
-5.822785 -4.830508 0.05 204 0 0
-5.822785 -4.322034 0.05 204 0 0
-5.822785 -3.813559 0.05 204 0 0
-5.822785 -3.305085 0.05 204 0 0
-5.822785 -2.79661 0.05 204 0 0
-5.822785 -2.288136 0.05 204 0 0
-5.822785 -1.779661 0.05 204 0 0
-5.822785 -1.271186 0.05 204 0 0
-5.822785 -0.762712 0.05 204 0 0
-5.822785 -0.254237 0.05 204 0 0
-5.822785 0.254237 0.05 204 0 0
-5.822785 0.762712 0.05 204 0 0
-5.822785 1.271186 0.05 204 0 0
-5.822785 1.779661 0.05 204 0 0
-5.822785 2.288136 0.05 204 0 0
-5.822785 2.79661 0.05 204 0 0
-5.822785 3.305085 0.05 204 0 0
-5.822785 3.813559 0.05 204 0 0
-5.822785 4.322034 0.05 204 0 0
-5.822785 4.830508 0.05 204 0 0
-5.822785 5.338983 0.05 204 0 0
-5.822785 5.847458 0.05 204 0 0
-5.822785 6.355932 0.05 204 0 0
-5.822785 6.864407 0.05 204 0 0
-5.822785 7.372881 0.05 204 0 0
-5.822785 7.881356 0.05 204 0 0
-5.822785 8.389831 0.05 204 0 0
-5.822785 8.898305 0.05 204 0 0
-5.822785 9.40678 0.05 204 0 0
-5.822785 9.915254 0.05 204 0 0
-5.822785 10.423729 0.05 204 0 0
-5.822785 10.932203 0.05 204 0 0
-5.822785 11.440678 0.05 204 0 0
-5.822785 11.949153 0.05 204 0 0
-5.822785 12.457627 0.05 204 0 0
-5.822785 12.966102 0.05 204 0 0
-5.822785 13.474576 0.05 204 0 0
-5.822785 13.983051 0.05 204 0 0
-5.822785 14.491525 0.05 204 0 0
-5.822785 15.0 0.05 204 0 0
-5.316456 -15.0 0.05 204 0 0
-5.316456 -14.491525 0.05 204 0 0
-5.316456 -13.983051 0.05 204 0 0
-5.316456 -13.474576 0.05 204 0 0
-5.316456 -12.966102 0.05 204 0 0
-5.316456 -12.457627 0.05 204 0 0
-5.316456 -11.949153 0.05 204 0 0
-5.316456 -11.440678 0.05 204 0 0
-5.316456 -10.932203 0.05 204 0 0
-5.316456 -10.423729 0.05 204 0 0
-5.316456 -9.915254 0.05 204 0 0
-5.316456 -9.40678 0.05 204 0 0
-5.316456 -8.898305 0.05 204 0 0
-5.316456 -8.389831 0.05 204 0 0
-5.316456 -7.881356 0.05 204 0 0
-5.316456 -7.372881 0.05 204 0 0
-5.316456 -6.864407 0.05 204 0 0
-5.316456 -6.355932 0.05 204 0 0
-5.316456 -5.847458 0.05 204 0 0
-5.316456 -5.338983 0.05 204 0 0
-5.316456 -4.830508 0.05 204 0 0
-5.316456 -4.322034 0.05 204 0 0
-5.316456 -3.813559 0.05 204 0 0
-5.316456 -3.305085 0.05 204 0 0
-5.316456 -2.79661 0.05 204 0 0
-5.316456 -2.288136 0.05 204 0 0
-5.316456 -1.779661 0.05 204 0 0
-5.316456 -1.271186 0.05 204 0 0
-5.316456 -0.762712 0.05 204 0 0
-5.316456 -0.254237 0.05 204 0 0
-5.316456 0.254237 0.05 204 0 0
-5.316456 0.762712 0.05 204 0 0
-5.316456 1.271186 0.05 204 0 0
-5.316456 1.779661 0.05 204 0 0
-5.316456 2.288136 0.05 204 0 0
-5.316456 2.79661 0.05 204 0 0
-5.316456 3.305085 0.05 204 0 0
-5.316456 3.813559 0.05 204 0 0
-5.316456 4.322034 0.05 204 0 0
-5.316456 4.830508 0.05 204 0 0
-5.316456 5.338983 0.05 204 0 0
-5.316456 5.847458 0.05 204 0 0
-5.316456 6.355932 0.05 204 0 0
-5.316456 6.864407 0.05 204 0 0
-5.316456 7.372881 0.05 204 0 0
-5.316456 7.881356 0.05 204 0 0
-5.316456 8.389831 0.05 204 0 0
-5.316456 8.898305 0.05 204 0 0
-5.316456 9.40678 0.05 204 0 0
-5.316456 9.915254 0.05 204 0 0
-5.316456 10.423729 0.05 204 0 0
-5.316456 10.932203 0.05 204 0 0
-5.316456 11.440678 0.05 204 0 0
-5.316456 11.949153 0.05 204 0 0
-5.316456 12.457627 0.05 204 0 0
-5.316456 12.966102 0.05 204 0 0
-5.316456 13.474576 0.05 204 0 0
-5.316456 13.983051 0.05 204 0 0
-5.316456 14.491525 0.05 204 0 0
-5.316456 15.0 0.05 204 0 0
-4.810127 -15.0 0.05 204 0 0
-4.810127 -14.491525 0.05 204 0 0
-4.810127 -13.983051 0.05 204 0 0
-4.810127 -13.474576 0.05 204 0 0
-4.810127 -12.966102 0.05 204 0 0
-4.810127 -12.457627 0.05 204 0 0
-4.810127 -11.949153 0.05 204 0 0
-4.810127 -11.440678 0.05 204 0 0
-4.810127 -10.932203 0.05 204 0 0
-4.810127 -10.423729 0.05 204 0 0
-4.810127 -9.915254 0.05 204 0 0
-4.810127 -9.40678 0.05 204 0 0
-4.810127 -8.898305 0.05 204 0 0
-4.810127 -8.389831 0.05 204 0 0
-4.810127 -7.881356 0.05 204 0 0
-4.810127 -7.372881 0.05 204 0 0
-4.810127 -6.864407 0.05 204 0 0
-4.810127 -6.355932 0.05 204 0 0
-4.810127 -5.847458 0.05 204 0 0
-4.810127 -5.338983 0.05 204 0 0
-4.810127 -4.830508 0.05 204 0 0
-4.810127 -4.322034 0.05 204 0 0
-4.810127 -3.813559 0.05 204 0 0
-4.810127 -3.305085 0.05 204 0 0
-4.810127 -2.79661 0.05 204 0 0
-4.810127 -2.288136 0.05 204 0 0
-4.810127 -1.779661 0.05 204 0 0
-4.810127 -1.271186 0.05 204 0 0
-4.810127 -0.762712 0.05 204 0 0
-4.810127 -0.254237 0.05 204 0 0
-4.810127 0.254237 0.05 204 0 0
-4.810127 0.762712 0.05 204 0 0
-4.810127 1.271186 0.05 204 0 0
-4.810127 1.779661 0.05 204 0 0
-4.810127 2.288136 0.05 204 0 0
-4.810127 2.79661 0.05 204 0 0
-4.810127 3.305085 0.05 204 0 0
-4.810127 3.813559 0.05 204 0 0
-4.810127 4.322034 0.05 204 0 0
-4.810127 4.830508 0.05 204 0 0
-4.810127 5.338983 0.05 204 0 0
-4.810127 5.847458 0.05 204 0 0
-4.810127 6.355932 0.05 204 0 0
-4.810127 6.864407 0.05 204 0 0
-4.810127 7.372881 0.05 204 0 0
-4.810127 7.881356 0.05 204 0 0
-4.810127 8.389831 0.05 204 0 0
-4.810127 8.898305 0.05 204 0 0
-4.810127 9.40678 0.05 204 0 0
-4.810127 9.915254 0.05 204 0 0
-4.810127 10.423729 0.05 204 0 0
-4.810127 10.932203 0.05 204 0 0
-4.810127 11.440678 0.05 204 0 0
-4.810127 11.949153 0.05 204 0 0
-4.810127 12.457627 0.05 204 0 0
-4.810127 12.966102 0.05 204 0 0
-4.810127 13.474576 0.05 204 0 0
-4.810127 13.983051 0.05 204 0 0
-4.810127 14.491525 0.05 204 0 0
-4.810127 15.0 0.05 204 0 0
-4.303797 -15.0 0.05 204 0 0
-4.303797 -14.491525 0.05 204 0 0
-4.303797 -13.983051 0.05 204 0 0
-4.303797 -13.474576 0.05 204 0 0
-4.303797 -12.966102 0.05 204 0 0
-4.303797 -12.457627 0.05 204 0 0
-4.303797 -11.949153 0.05 204 0 0
-4.303797 -11.440678 0.05 204 0 0
-4.303797 -10.932203 0.05 204 0 0
-4.303797 -10.423729 0.05 204 0 0
-4.303797 -9.915254 0.05 204 0 0
-4.303797 -9.40678 0.05 204 0 0
-4.303797 -8.898305 0.05 204 0 0
-4.303797 -8.389831 0.05 204 0 0
-4.303797 -7.881356 0.05 204 0 0
-4.303797 -7.372881 0.05 204 0 0
-4.303797 -6.864407 0.05 204 0 0
-4.303797 -6.355932 0.05 204 0 0
-4.303797 -5.847458 0.05 204 0 0
-4.303797 -5.338983 0.05 204 0 0
-4.303797 -4.830508 0.05 204 0 0
-4.303797 -4.322034 0.05 204 0 0
-4.303797 -3.813559 0.05 204 0 0
-4.303797 -3.305085 0.05 204 0 0
-4.303797 -2.79661 0.05 204 0 0
-4.303797 -2.288136 0.05 204 0 0
-4.303797 -1.779661 0.05 204 0 0
-4.303797 -1.271186 0.05 204 0 0
-4.303797 -0.762712 0.05 204 0 0
-4.303797 -0.254237 0.05 204 0 0
-4.303797 0.254237 0.05 204 0 0
-4.303797 0.762712 0.05 204 0 0
-4.303797 1.271186 0.05 204 0 0
-4.303797 1.779661 0.05 204 0 0
-4.303797 2.288136 0.05 204 0 0
-4.303797 2.79661 0.05 204 0 0
-4.303797 3.305085 0.05 204 0 0
-4.303797 3.813559 0.05 204 0 0
-4.303797 4.322034 0.05 204 0 0
-4.303797 4.830508 0.05 204 0 0
-4.303797 5.338983 0.05 204 0 0
-4.303797 5.847458 0.05 204 0 0
-4.303797 6.355932 0.05 204 0 0
-4.303797 6.864407 0.05 204 0 0
-4.303797 7.372881 0.05 204 0 0
-4.303797 7.881356 0.05 204 0 0
-4.303797 8.389831 0.05 204 0 0
-4.303797 8.898305 0.05 204 0 0
-4.303797 9.40678 0.05 204 0 0
-4.303797 9.915254 0.05 204 0 0
-4.303797 10.423729 0.05 204 0 0
-4.303797 10.932203 0.05 204 0 0
-4.303797 11.440678 0.05 204 0 0
-4.303797 11.949153 0.05 204 0 0
-4.303797 12.457627 0.05 204 0 0
-4.303797 12.966102 0.05 204 0 0
-4.303797 13.474576 0.05 204 0 0
-4.303797 13.983051 0.05 204 0 0
-4.303797 14.491525 0.05 204 0 0
-4.303797 15.0 0.05 204 0 0
-3.797468 -15.0 0.05 204 0 0
-3.797468 -14.491525 0.05 204 0 0
-3.797468 -13.983051 0.05 204 0 0
-3.797468 -13.474576 0.05 204 0 0
-3.797468 -12.966102 0.05 204 0 0
-3.797468 -12.457627 0.05 204 0 0
-3.797468 -11.949153 0.05 204 0 0
-3.797468 -11.440678 0.05 204 0 0
-3.797468 -10.932203 0.05 204 0 0
-3.797468 -10.423729 0.05 204 0 0
-3.797468 -9.915254 0.05 204 0 0
-3.797468 -9.40678 0.05 204 0 0
-3.797468 -8.898305 0.05 204 0 0
-3.797468 -8.389831 0.05 204 0 0
-3.797468 -7.881356 0.05 204 0 0
-3.797468 -7.372881 0.05 204 0 0
-3.797468 -6.864407 0.05 204 0 0
-3.797468 -6.355932 0.05 204 0 0
-3.797468 -5.847458 0.05 204 0 0
-3.797468 -5.338983 0.05 204 0 0
-3.797468 -4.830508 0.05 204 0 0
-3.797468 -4.322034 0.05 204 0 0
-3.797468 -3.813559 0.05 204 0 0
-3.797468 -3.305085 0.05 204 0 0
-3.797468 -2.79661 0.05 204 0 0
-3.797468 -2.288136 0.05 204 0 0
-3.797468 -1.779661 0.05 204 0 0
-3.797468 -1.271186 0.05 204 0 0
-3.797468 -0.762712 0.05 204 0 0
-3.797468 -0.254237 0.05 204 0 0
-3.797468 0.254237 0.05 204 0 0
-3.797468 0.762712 0.05 204 0 0
-3.797468 1.271186 0.05 204 0 0
-3.797468 1.779661 0.05 204 0 0
-3.797468 2.288136 0.05 204 0 0
-3.797468 2.79661 0.05 204 0 0
-3.797468 3.305085 0.05 204 0 0
-3.797468 3.813559 0.05 204 0 0
-3.797468 4.322034 0.05 204 0 0
-3.797468 4.830508 0.05 204 0 0
-3.797468 5.338983 0.05 204 0 0
-3.797468 5.847458 0.05 204 0 0
-3.797468 6.355932 0.05 204 0 0
-3.797468 6.864407 0.05 204 0 0
-3.797468 7.372881 0.05 204 0 0
-3.797468 7.881356 0.05 204 0 0
-3.797468 8.389831 0.05 204 0 0
-3.797468 8.898305 0.05 204 0 0
-3.797468 9.40678 0.05 204 0 0
-3.797468 9.915254 0.05 204 0 0
-3.797468 10.423729 0.05 204 0 0
-3.797468 10.932203 0.05 204 0 0
-3.797468 11.440678 0.05 204 0 0
-3.797468 11.949153 0.05 204 0 0
-3.797468 12.457627 0.05 204 0 0
-3.797468 12.966102 0.05 204 0 0
-3.797468 13.474576 0.05 204 0 0
-3.797468 13.983051 0.05 204 0 0
-3.797468 14.491525 0.05 204 0 0
-3.797468 15.0 0.05 204 0 0
-3.291139 -15.0 0.05 204 0 0
-3.291139 -14.491525 0.05 204 0 0
-3.291139 -13.983051 0.05 204 0 0
-3.291139 -13.474576 0.05 204 0 0
-3.291139 -12.966102 0.05 204 0 0
-3.291139 -12.457627 0.05 204 0 0
-3.291139 -11.949153 0.05 204 0 0
-3.291139 -11.440678 0.05 204 0 0
-3.291139 -10.932203 0.05 204 0 0
-3.291139 -10.423729 0.05 204 0 0
-3.291139 -9.915254 0.05 204 0 0
-3.291139 -9.40678 0.05 204 0 0
-3.291139 -8.898305 0.05 204 0 0
-3.291139 -8.389831 0.05 204 0 0
-3.291139 -7.881356 0.05 204 0 0
-3.291139 -7.372881 0.05 204 0 0
-3.291139 -6.864407 0.05 204 0 0
-3.291139 -6.355932 0.05 204 0 0
-3.291139 -5.847458 0.05 204 0 0
-3.291139 -5.338983 0.05 204 0 0
-3.291139 -4.830508 0.05 204 0 0
-3.291139 -4.322034 0.05 204 0 0
-3.291139 -3.813559 0.05 204 0 0
-3.291139 -3.305085 0.05 204 0 0
-3.291139 -2.79661 0.05 204 0 0
-3.291139 -2.288136 0.05 204 0 0
-3.291139 -1.779661 0.05 204 0 0
-3.291139 -1.271186 0.05 204 0 0
-3.291139 -0.762712 0.05 204 0 0
-3.291139 -0.254237 0.05 204 0 0
-3.291139 0.254237 0.05 204 0 0
-3.291139 0.762712 0.05 204 0 0
-3.291139 1.271186 0.05 204 0 0
-3.291139 1.779661 0.05 204 0 0
-3.291139 2.288136 0.05 204 0 0
-3.291139 2.79661 0.05 204 0 0
-3.291139 3.305085 0.05 204 0 0
-3.291139 3.813559 0.05 204 0 0
-3.291139 4.322034 0.05 204 0 0
-3.291139 4.830508 0.05 204 0 0
-3.291139 5.338983 0.05 204 0 0
-3.291139 5.847458 0.05 204 0 0
-3.291139 6.355932 0.05 204 0 0
-3.291139 6.864407 0.05 204 0 0
-3.291139 7.372881 0.05 204 0 0
-3.291139 7.881356 0.05 204 0 0
-3.291139 8.389831 0.05 204 0 0
-3.291139 8.898305 0.05 204 0 0
-3.291139 9.40678 0.05 204 0 0
-3.291139 9.915254 0.05 204 0 0
-3.291139 10.423729 0.05 204 0 0
-3.291139 10.932203 0.05 204 0 0
-3.291139 11.440678 0.05 204 0 0
-3.291139 11.949153 0.05 204 0 0
-3.291139 12.457627 0.05 204 0 0
-3.291139 12.966102 0.05 204 0 0
-3.291139 13.474576 0.05 204 0 0
-3.291139 13.983051 0.05 204 0 0
-3.291139 14.491525 0.05 204 0 0
-3.291139 15.0 0.05 204 0 0
-2.78481 -15.0 0.05 204 0 0
-2.78481 -14.491525 0.05 204 0 0
-2.78481 -13.983051 0.05 204 0 0
-2.78481 -13.474576 0.05 204 0 0
-2.78481 -12.966102 0.05 204 0 0
-2.78481 -12.457627 0.05 204 0 0
-2.78481 -11.949153 0.05 204 0 0
-2.78481 -11.440678 0.05 204 0 0
-2.78481 -10.932203 0.05 204 0 0
-2.78481 -10.423729 0.05 204 0 0
-2.78481 -9.915254 0.05 204 0 0
-2.78481 -9.40678 0.05 204 0 0
-2.78481 -8.898305 0.05 204 0 0
-2.78481 -8.389831 0.05 204 0 0
-2.78481 -7.881356 0.05 204 0 0
-2.78481 -7.372881 0.05 204 0 0
-2.78481 -6.864407 0.05 204 0 0
-2.78481 -6.355932 0.05 204 0 0
-2.78481 -5.847458 0.05 204 0 0
-2.78481 -5.338983 0.05 204 0 0
-2.78481 -4.830508 0.05 204 0 0
-2.78481 -4.322034 0.05 204 0 0
-2.78481 -3.813559 0.05 204 0 0
-2.78481 -3.305085 0.05 204 0 0
-2.78481 -2.79661 0.05 204 0 0
-2.78481 -2.288136 0.05 204 0 0
-2.78481 -1.779661 0.05 204 0 0
-2.78481 -1.271186 0.05 204 0 0
-2.78481 -0.762712 0.05 204 0 0
-2.78481 -0.254237 0.05 204 0 0
-2.78481 0.254237 0.05 204 0 0
-2.78481 0.762712 0.05 204 0 0
-2.78481 1.271186 0.05 204 0 0
-2.78481 1.779661 0.05 204 0 0
-2.78481 2.288136 0.05 204 0 0
-2.78481 2.79661 0.05 204 0 0
-2.78481 3.305085 0.05 204 0 0
-2.78481 3.813559 0.05 204 0 0
-2.78481 4.322034 0.05 204 0 0
-2.78481 4.830508 0.05 204 0 0
-2.78481 5.338983 0.05 204 0 0
-2.78481 5.847458 0.05 204 0 0
-2.78481 6.355932 0.05 204 0 0
-2.78481 6.864407 0.05 204 0 0
-2.78481 7.372881 0.05 204 0 0
-2.78481 7.881356 0.05 204 0 0
-2.78481 8.389831 0.05 204 0 0
-2.78481 8.898305 0.05 204 0 0
-2.78481 9.40678 0.05 204 0 0
-2.78481 9.915254 0.05 204 0 0
-2.78481 10.423729 0.05 204 0 0
-2.78481 10.932203 0.05 204 0 0
-2.78481 11.440678 0.05 204 0 0
-2.78481 11.949153 0.05 204 0 0
-2.78481 12.457627 0.05 204 0 0
-2.78481 12.966102 0.05 204 0 0
-2.78481 13.474576 0.05 204 0 0
-2.78481 13.983051 0.05 204 0 0
-2.78481 14.491525 0.05 204 0 0
-2.78481 15.0 0.05 204 0 0
-2.278481 -15.0 0.05 204 0 0
-2.278481 -14.491525 0.05 204 0 0
-2.278481 -13.983051 0.05 204 0 0
-2.278481 -13.474576 0.05 204 0 0
-2.278481 -12.966102 0.05 204 0 0
-2.278481 -12.457627 0.05 204 0 0
-2.278481 -11.949153 0.05 204 0 0
-2.278481 -11.440678 0.05 204 0 0
-2.278481 -10.932203 0.05 204 0 0
-2.278481 -10.423729 0.05 204 0 0
-2.278481 -9.915254 0.05 204 0 0
-2.278481 -9.40678 0.05 204 0 0
-2.278481 -8.898305 0.05 204 0 0
-2.278481 -8.389831 0.05 204 0 0
-2.278481 -7.881356 0.05 204 0 0
-2.278481 -7.372881 0.05 204 0 0
-2.278481 -6.864407 0.05 204 0 0
-2.278481 -6.355932 0.05 204 0 0
-2.278481 -5.847458 0.05 204 0 0
-2.278481 -5.338983 0.05 204 0 0
-2.278481 -4.830508 0.05 204 0 0
-2.278481 -4.322034 0.05 204 0 0
-2.278481 -3.813559 0.05 204 0 0
-2.278481 -3.305085 0.05 204 0 0
-2.278481 -2.79661 0.05 204 0 0
-2.278481 -2.288136 0.05 204 0 0
-2.278481 -1.779661 0.05 204 0 0
-2.278481 -1.271186 0.05 204 0 0
-2.278481 -0.762712 0.05 204 0 0
-2.278481 -0.254237 0.05 204 0 0
-2.278481 0.254237 0.05 204 0 0
-2.278481 0.762712 0.05 204 0 0
-2.278481 1.271186 0.05 204 0 0
-2.278481 1.779661 0.05 204 0 0
-2.278481 2.288136 0.05 204 0 0
-2.278481 2.79661 0.05 204 0 0
-2.278481 3.305085 0.05 204 0 0
-2.278481 3.813559 0.05 204 0 0
-2.278481 4.322034 0.05 204 0 0
-2.278481 4.830508 0.05 204 0 0
-2.278481 5.338983 0.05 204 0 0
-2.278481 5.847458 0.05 204 0 0
-2.278481 6.355932 0.05 204 0 0
-2.278481 6.864407 0.05 204 0 0
-2.278481 7.372881 0.05 204 0 0
-2.278481 7.881356 0.05 204 0 0
-2.278481 8.389831 0.05 204 0 0
-2.278481 8.898305 0.05 204 0 0
-2.278481 9.40678 0.05 204 0 0
-2.278481 9.915254 0.05 204 0 0
-2.278481 10.423729 0.05 204 0 0
-2.278481 10.932203 0.05 204 0 0
-2.278481 11.440678 0.05 204 0 0
-2.278481 11.949153 0.05 204 0 0
-2.278481 12.457627 0.05 204 0 0
-2.278481 12.966102 0.05 204 0 0
-2.278481 13.474576 0.05 204 0 0
-2.278481 13.983051 0.05 204 0 0
-2.278481 14.491525 0.05 204 0 0
-2.278481 15.0 0.05 204 0 0
-1.772152 -15.0 0.05 204 0 0
-1.772152 -14.491525 0.05 204 0 0
-1.772152 -13.983051 0.05 204 0 0
-1.772152 -13.474576 0.05 204 0 0
-1.772152 -12.966102 0.05 204 0 0
-1.772152 -12.457627 0.05 204 0 0
-1.772152 -11.949153 0.05 204 0 0
-1.772152 -11.440678 0.05 204 0 0
-1.772152 -10.932203 0.05 204 0 0
-1.772152 -10.423729 0.05 204 0 0
-1.772152 -9.915254 0.05 204 0 0
-1.772152 -9.40678 0.05 204 0 0
-1.772152 -8.898305 0.05 204 0 0
-1.772152 -8.389831 0.05 204 0 0
-1.772152 -7.881356 0.05 204 0 0
-1.772152 -7.372881 0.05 204 0 0
-1.772152 -6.864407 0.05 204 0 0
-1.772152 -6.355932 0.05 204 0 0
-1.772152 -5.847458 0.05 204 0 0
-1.772152 -5.338983 0.05 204 0 0
-1.772152 -4.830508 0.05 204 0 0
-1.772152 -4.322034 0.05 204 0 0
-1.772152 -3.813559 0.05 204 0 0
-1.772152 -3.305085 0.05 204 0 0
-1.772152 -2.79661 0.05 204 0 0
-1.772152 -2.288136 0.05 204 0 0
-1.772152 -1.779661 0.05 204 0 0
-1.772152 -1.271186 0.05 204 0 0
-1.772152 -0.762712 0.05 204 0 0
-1.772152 -0.254237 0.05 204 0 0
-1.772152 0.254237 0.05 204 0 0
-1.772152 0.762712 0.05 204 0 0
-1.772152 1.271186 0.05 204 0 0
-1.772152 1.779661 0.05 204 0 0
-1.772152 2.288136 0.05 204 0 0
-1.772152 2.79661 0.05 204 0 0
-1.772152 3.305085 0.05 204 0 0
-1.772152 3.813559 0.05 204 0 0
-1.772152 4.322034 0.05 204 0 0
-1.772152 4.830508 0.05 204 0 0
-1.772152 5.338983 0.05 204 0 0
-1.772152 5.847458 0.05 204 0 0
-1.772152 6.355932 0.05 204 0 0
-1.772152 6.864407 0.05 204 0 0
-1.772152 7.372881 0.05 204 0 0
-1.772152 7.881356 0.05 204 0 0
-1.772152 8.389831 0.05 204 0 0
-1.772152 8.898305 0.05 204 0 0
-1.772152 9.40678 0.05 204 0 0
-1.772152 9.915254 0.05 204 0 0
-1.772152 10.423729 0.05 204 0 0
-1.772152 10.932203 0.05 204 0 0
-1.772152 11.440678 0.05 204 0 0
-1.772152 11.949153 0.05 204 0 0
-1.772152 12.457627 0.05 204 0 0
-1.772152 12.966102 0.05 204 0 0
-1.772152 13.474576 0.05 204 0 0
-1.772152 13.983051 0.05 204 0 0
-1.772152 14.491525 0.05 204 0 0
-1.772152 15.0 0.05 204 0 0
-1.265823 -15.0 0.05 204 0 0
-1.265823 -14.491525 0.05 204 0 0
-1.265823 -13.983051 0.05 204 0 0
-1.265823 -13.474576 0.05 204 0 0
-1.265823 -12.966102 0.05 204 0 0
-1.265823 -12.457627 0.05 204 0 0
-1.265823 -11.949153 0.05 204 0 0
-1.265823 -11.440678 0.05 204 0 0
-1.265823 -10.932203 0.05 204 0 0
-1.265823 -10.423729 0.05 204 0 0
-1.265823 -9.915254 0.05 204 0 0
-1.265823 -9.40678 0.05 204 0 0
-1.265823 -8.898305 0.05 204 0 0
-1.265823 -8.389831 0.05 204 0 0
-1.265823 -7.881356 0.05 204 0 0
-1.265823 -7.372881 0.05 204 0 0
-1.265823 -6.864407 0.05 204 0 0
-1.265823 -6.355932 0.05 204 0 0
-1.265823 -5.847458 0.05 204 0 0
-1.265823 -5.338983 0.05 204 0 0
-1.265823 -4.830508 0.05 204 0 0
-1.265823 -4.322034 0.05 204 0 0
-1.265823 -3.813559 0.05 204 0 0
-1.265823 -3.305085 0.05 204 0 0
-1.265823 -2.79661 0.05 204 0 0
-1.265823 -2.288136 0.05 204 0 0
-1.265823 -1.779661 0.05 204 0 0
-1.265823 -1.271186 0.05 204 0 0
-1.265823 -0.762712 0.05 204 0 0
-1.265823 -0.254237 0.05 204 0 0
-1.265823 0.254237 0.05 204 0 0
-1.265823 0.762712 0.05 204 0 0
-1.265823 1.271186 0.05 204 0 0
-1.265823 1.779661 0.05 204 0 0
-1.265823 2.288136 0.05 204 0 0
-1.265823 2.79661 0.05 204 0 0
-1.265823 3.305085 0.05 204 0 0
-1.265823 3.813559 0.05 204 0 0
-1.265823 4.322034 0.05 204 0 0
-1.265823 4.830508 0.05 204 0 0
-1.265823 5.338983 0.05 204 0 0
-1.265823 5.847458 0.05 204 0 0
-1.265823 6.355932 0.05 204 0 0
-1.265823 6.864407 0.05 204 0 0
-1.265823 7.372881 0.05 204 0 0
-1.265823 7.881356 0.05 204 0 0
-1.265823 8.389831 0.05 204 0 0
-1.265823 8.898305 0.05 204 0 0
-1.265823 9.40678 0.05 204 0 0
-1.265823 9.915254 0.05 204 0 0
-1.265823 10.423729 0.05 204 0 0
-1.265823 10.932203 0.05 204 0 0
-1.265823 11.440678 0.05 204 0 0
-1.265823 11.949153 0.05 204 0 0
-1.265823 12.457627 0.05 204 0 0
-1.265823 12.966102 0.05 204 0 0
-1.265823 13.474576 0.05 204 0 0
-1.265823 13.983051 0.05 204 0 0
-1.265823 14.491525 0.05 204 0 0
-1.265823 15.0 0.05 204 0 0
-0.759494 -15.0 0.05 204 0 0
-0.759494 -14.491525 0.05 204 0 0
-0.759494 -13.983051 0.05 204 0 0
-0.759494 -13.474576 0.05 204 0 0
-0.759494 -12.966102 0.05 204 0 0
-0.759494 -12.457627 0.05 204 0 0
-0.759494 -11.949153 0.05 204 0 0
-0.759494 -11.440678 0.05 204 0 0
-0.759494 -10.932203 0.05 204 0 0
-0.759494 -10.423729 0.05 204 0 0
-0.759494 -9.915254 0.05 204 0 0
-0.759494 -9.40678 0.05 204 0 0
-0.759494 -8.898305 0.05 204 0 0
-0.759494 -8.389831 0.05 204 0 0
-0.759494 -7.881356 0.05 204 0 0
-0.759494 -7.372881 0.05 204 0 0
-0.759494 -6.864407 0.05 204 0 0
-0.759494 -6.355932 0.05 204 0 0
-0.759494 -5.847458 0.05 204 0 0
-0.759494 -5.338983 0.05 204 0 0
-0.759494 -4.830508 0.05 204 0 0
-0.759494 -4.322034 0.05 204 0 0
-0.759494 -3.813559 0.05 204 0 0
-0.759494 -3.305085 0.05 204 0 0
-0.759494 -2.79661 0.05 204 0 0
-0.759494 -2.288136 0.05 204 0 0
-0.759494 -1.779661 0.05 204 0 0
-0.759494 -1.271186 0.05 204 0 0
-0.759494 -0.762712 0.05 204 0 0
-0.759494 -0.254237 0.05 204 0 0
-0.759494 0.254237 0.05 204 0 0
-0.759494 0.762712 0.05 204 0 0
-0.759494 1.271186 0.05 204 0 0
-0.759494 1.779661 0.05 204 0 0
-0.759494 2.288136 0.05 204 0 0
-0.759494 2.79661 0.05 204 0 0
-0.759494 3.305085 0.05 204 0 0
-0.759494 3.813559 0.05 204 0 0
-0.759494 4.322034 0.05 204 0 0
-0.759494 4.830508 0.05 204 0 0
-0.759494 5.338983 0.05 204 0 0
-0.759494 5.847458 0.05 204 0 0
-0.759494 6.355932 0.05 204 0 0
-0.759494 6.864407 0.05 204 0 0
-0.759494 7.372881 0.05 204 0 0
-0.759494 7.881356 0.05 204 0 0
-0.759494 8.389831 0.05 204 0 0
-0.759494 8.898305 0.05 204 0 0
-0.759494 9.40678 0.05 204 0 0
-0.759494 9.915254 0.05 204 0 0
-0.759494 10.423729 0.05 204 0 0
-0.759494 10.932203 0.05 204 0 0
-0.759494 11.440678 0.05 204 0 0
-0.759494 11.949153 0.05 204 0 0
-0.759494 12.457627 0.05 204 0 0
-0.759494 12.966102 0.05 204 0 0
-0.759494 13.474576 0.05 204 0 0
-0.759494 13.983051 0.05 204 0 0
-0.759494 14.491525 0.05 204 0 0
-0.759494 15.0 0.05 204 0 0
-0.253165 -15.0 0.05 204 0 0
-0.253165 -14.491525 0.05 204 0 0
-0.253165 -13.983051 0.05 204 0 0
-0.253165 -13.474576 0.05 204 0 0
-0.253165 -12.966102 0.05 204 0 0
-0.253165 -12.457627 0.05 204 0 0
-0.253165 -11.949153 0.05 204 0 0
-0.253165 -11.440678 0.05 204 0 0
-0.253165 -10.932203 0.05 204 0 0
-0.253165 -10.423729 0.05 204 0 0
-0.253165 -9.915254 0.05 204 0 0
-0.253165 -9.40678 0.05 204 0 0
-0.253165 -8.898305 0.05 204 0 0
-0.253165 -8.389831 0.05 204 0 0
-0.253165 -7.881356 0.05 204 0 0
-0.253165 -7.372881 0.05 204 0 0
-0.253165 -6.864407 0.05 204 0 0
-0.253165 -6.355932 0.05 204 0 0
-0.253165 -5.847458 0.05 204 0 0
-0.253165 -5.338983 0.05 204 0 0
-0.253165 -4.830508 0.05 204 0 0
-0.253165 -4.322034 0.05 204 0 0
-0.253165 -3.813559 0.05 204 0 0
-0.253165 -3.305085 0.05 204 0 0
-0.253165 -2.79661 0.05 204 0 0
-0.253165 -2.288136 0.05 204 0 0
-0.253165 -1.779661 0.05 204 0 0
-0.253165 -1.271186 0.05 204 0 0
-0.253165 -0.762712 0.05 204 0 0
-0.253165 -0.254237 0.05 204 0 0
-0.253165 0.254237 0.05 204 0 0
-0.253165 0.762712 0.05 204 0 0
-0.253165 1.271186 0.05 204 0 0
-0.253165 1.779661 0.05 204 0 0
-0.253165 2.288136 0.05 204 0 0
-0.253165 2.79661 0.05 204 0 0
-0.253165 3.305085 0.05 204 0 0
-0.253165 3.813559 0.05 204 0 0
-0.253165 4.322034 0.05 204 0 0
-0.253165 4.830508 0.05 204 0 0
-0.253165 5.338983 0.05 204 0 0
-0.253165 5.847458 0.05 204 0 0
-0.253165 6.355932 0.05 204 0 0
-0.253165 6.864407 0.05 204 0 0
-0.253165 7.372881 0.05 204 0 0
-0.253165 7.881356 0.05 204 0 0
-0.253165 8.389831 0.05 204 0 0
-0.253165 8.898305 0.05 204 0 0
-0.253165 9.40678 0.05 204 0 0
-0.253165 9.915254 0.05 204 0 0
-0.253165 10.423729 0.05 204 0 0
-0.253165 10.932203 0.05 204 0 0
-0.253165 11.440678 0.05 204 0 0
-0.253165 11.949153 0.05 204 0 0
-0.253165 12.457627 0.05 204 0 0
-0.253165 12.966102 0.05 204 0 0
-0.253165 13.474576 0.05 204 0 0
-0.253165 13.983051 0.05 204 0 0
-0.253165 14.491525 0.05 204 0 0
-0.253165 15.0 0.05 204 0 0
0.253165 -15.0 0.05 204 0 0
0.253165 -14.491525 0.05 204 0 0
0.253165 -13.983051 0.05 204 0 0
0.253165 -13.474576 0.05 204 0 0
0.253165 -12.966102 0.05 204 0 0
0.253165 -12.457627 0.05 204 0 0
0.253165 -11.949153 0.05 204 0 0
0.253165 -11.440678 0.05 204 0 0
0.253165 -10.932203 0.05 204 0 0
0.253165 -10.423729 0.05 204 0 0
0.253165 -9.915254 0.05 204 0 0
0.253165 -9.40678 0.05 204 0 0
0.253165 -8.898305 0.05 204 0 0
0.253165 -8.389831 0.05 204 0 0
0.253165 -7.881356 0.05 204 0 0
0.253165 -7.372881 0.05 204 0 0
0.253165 -6.864407 0.05 204 0 0
0.253165 -6.355932 0.05 204 0 0
0.253165 -5.847458 0.05 204 0 0
0.253165 -5.338983 0.05 204 0 0
0.253165 -4.830508 0.05 204 0 0
0.253165 -4.322034 0.05 204 0 0
0.253165 -3.813559 0.05 204 0 0
0.253165 -3.305085 0.05 204 0 0
0.253165 -2.79661 0.05 204 0 0
0.253165 -2.288136 0.05 204 0 0
0.253165 -1.779661 0.05 204 0 0
0.253165 -1.271186 0.05 204 0 0
0.253165 -0.762712 0.05 204 0 0
0.253165 -0.254237 0.05 204 0 0
0.253165 0.254237 0.05 204 0 0
0.253165 0.762712 0.05 204 0 0
0.253165 1.271186 0.05 204 0 0
0.253165 1.779661 0.05 204 0 0
0.253165 2.288136 0.05 204 0 0
0.253165 2.79661 0.05 204 0 0
0.253165 3.305085 0.05 204 0 0
0.253165 3.813559 0.05 204 0 0
0.253165 4.322034 0.05 204 0 0
0.253165 4.830508 0.05 204 0 0
0.253165 5.338983 0.05 204 0 0
0.253165 5.847458 0.05 204 0 0
0.253165 6.355932 0.05 204 0 0
0.253165 6.864407 0.05 204 0 0
0.253165 7.372881 0.05 204 0 0
0.253165 7.881356 0.05 204 0 0
0.253165 8.389831 0.05 204 0 0
0.253165 8.898305 0.05 204 0 0
0.253165 9.40678 0.05 204 0 0
0.253165 9.915254 0.05 204 0 0
0.253165 10.423729 0.05 204 0 0
0.253165 10.932203 0.05 204 0 0
0.253165 11.440678 0.05 204 0 0
0.253165 11.949153 0.05 204 0 0
0.253165 12.457627 0.05 204 0 0
0.253165 12.966102 0.05 204 0 0
0.253165 13.474576 0.05 204 0 0
0.253165 13.983051 0.05 204 0 0
0.253165 14.491525 0.05 204 0 0
0.253165 15.0 0.05 204 0 0
0.759494 -15.0 0.05 204 0 0
0.759494 -14.491525 0.05 204 0 0
0.759494 -13.983051 0.05 204 0 0
0.759494 -13.474576 0.05 204 0 0
0.759494 -12.966102 0.05 204 0 0
0.759494 -12.457627 0.05 204 0 0
0.759494 -11.949153 0.05 204 0 0
0.759494 -11.440678 0.05 204 0 0
0.759494 -10.932203 0.05 204 0 0
0.759494 -10.423729 0.05 204 0 0
0.759494 -9.915254 0.05 204 0 0
0.759494 -9.40678 0.05 204 0 0
0.759494 -8.898305 0.05 204 0 0
0.759494 -8.389831 0.05 204 0 0
0.759494 -7.881356 0.05 204 0 0
0.759494 -7.372881 0.05 204 0 0
0.759494 -6.864407 0.05 204 0 0
0.759494 -6.355932 0.05 204 0 0
0.759494 -5.847458 0.05 204 0 0
0.759494 -5.338983 0.05 204 0 0
0.759494 -4.830508 0.05 204 0 0
0.759494 -4.322034 0.05 204 0 0
0.759494 -3.813559 0.05 204 0 0
0.759494 -3.305085 0.05 204 0 0
0.759494 -2.79661 0.05 204 0 0
0.759494 -2.288136 0.05 204 0 0
0.759494 -1.779661 0.05 204 0 0
0.759494 -1.271186 0.05 204 0 0
0.759494 -0.762712 0.05 204 0 0
0.759494 -0.254237 0.05 204 0 0
0.759494 0.254237 0.05 204 0 0
0.759494 0.762712 0.05 204 0 0
0.759494 1.271186 0.05 204 0 0
0.759494 1.779661 0.05 204 0 0
0.759494 2.288136 0.05 204 0 0
0.759494 2.79661 0.05 204 0 0
0.759494 3.305085 0.05 204 0 0
0.759494 3.813559 0.05 204 0 0
0.759494 4.322034 0.05 204 0 0
0.759494 4.830508 0.05 204 0 0
0.759494 5.338983 0.05 204 0 0
0.759494 5.847458 0.05 204 0 0
0.759494 6.355932 0.05 204 0 0
0.759494 6.864407 0.05 204 0 0
0.759494 7.372881 0.05 204 0 0
0.759494 7.881356 0.05 204 0 0
0.759494 8.389831 0.05 204 0 0
0.759494 8.898305 0.05 204 0 0
0.759494 9.40678 0.05 204 0 0
0.759494 9.915254 0.05 204 0 0
0.759494 10.423729 0.05 204 0 0
0.759494 10.932203 0.05 204 0 0
0.759494 11.440678 0.05 204 0 0
0.759494 11.949153 0.05 204 0 0
0.759494 12.457627 0.05 204 0 0
0.759494 12.966102 0.05 204 0 0
0.759494 13.474576 0.05 204 0 0
0.759494 13.983051 0.05 204 0 0
0.759494 14.491525 0.05 204 0 0
0.759494 15.0 0.05 204 0 0
1.265823 -15.0 0.05 204 0 0
1.265823 -14.491525 0.05 204 0 0
1.265823 -13.983051 0.05 204 0 0
1.265823 -13.474576 0.05 204 0 0
1.265823 -12.966102 0.05 204 0 0
1.265823 -12.457627 0.05 204 0 0
1.265823 -11.949153 0.05 204 0 0
1.265823 -11.440678 0.05 204 0 0
1.265823 -10.932203 0.05 204 0 0
1.265823 -10.423729 0.05 204 0 0
1.265823 -9.915254 0.05 204 0 0
1.265823 -9.40678 0.05 204 0 0
1.265823 -8.898305 0.05 204 0 0
1.265823 -8.389831 0.05 204 0 0
1.265823 -7.881356 0.05 204 0 0
1.265823 -7.372881 0.05 204 0 0
1.265823 -6.864407 0.05 204 0 0
1.265823 -6.355932 0.05 204 0 0
1.265823 -5.847458 0.05 204 0 0
1.265823 -5.338983 0.05 204 0 0
1.265823 -4.830508 0.05 204 0 0
1.265823 -4.322034 0.05 204 0 0
1.265823 -3.813559 0.05 204 0 0
1.265823 -3.305085 0.05 204 0 0
1.265823 -2.79661 0.05 204 0 0
1.265823 -2.288136 0.05 204 0 0
1.265823 -1.779661 0.05 204 0 0
1.265823 -1.271186 0.05 204 0 0
1.265823 -0.762712 0.05 204 0 0
1.265823 -0.254237 0.05 204 0 0
1.265823 0.254237 0.05 204 0 0
1.265823 0.762712 0.05 204 0 0
1.265823 1.271186 0.05 204 0 0
1.265823 1.779661 0.05 204 0 0
1.265823 2.288136 0.05 204 0 0
1.265823 2.79661 0.05 204 0 0
1.265823 3.305085 0.05 204 0 0
1.265823 3.813559 0.05 204 0 0
1.265823 4.322034 0.05 204 0 0
1.265823 4.830508 0.05 204 0 0
1.265823 5.338983 0.05 204 0 0
1.265823 5.847458 0.05 204 0 0
1.265823 6.355932 0.05 204 0 0
1.265823 6.864407 0.05 204 0 0
1.265823 7.372881 0.05 204 0 0
1.265823 7.881356 0.05 204 0 0
1.265823 8.389831 0.05 204 0 0
1.265823 8.898305 0.05 204 0 0
1.265823 9.40678 0.05 204 0 0
1.265823 9.915254 0.05 204 0 0
1.265823 10.423729 0.05 204 0 0
1.265823 10.932203 0.05 204 0 0
1.265823 11.440678 0.05 204 0 0
1.265823 11.949153 0.05 204 0 0
1.265823 12.457627 0.05 204 0 0
1.265823 12.966102 0.05 204 0 0
1.265823 13.474576 0.05 204 0 0
1.265823 13.983051 0.05 204 0 0
1.265823 14.491525 0.05 204 0 0
1.265823 15.0 0.05 204 0 0
1.772152 -15.0 0.05 204 0 0
1.772152 -14.491525 0.05 204 0 0
1.772152 -13.983051 0.05 204 0 0
1.772152 -13.474576 0.05 204 0 0
1.772152 -12.966102 0.05 204 0 0
1.772152 -12.457627 0.05 204 0 0
1.772152 -11.949153 0.05 204 0 0
1.772152 -11.440678 0.05 204 0 0
1.772152 -10.932203 0.05 204 0 0
1.772152 -10.423729 0.05 204 0 0
1.772152 -9.915254 0.05 204 0 0
1.772152 -9.40678 0.05 204 0 0
1.772152 -8.898305 0.05 204 0 0
1.772152 -8.389831 0.05 204 0 0
1.772152 -7.881356 0.05 204 0 0
1.772152 -7.372881 0.05 204 0 0
1.772152 -6.864407 0.05 204 0 0
1.772152 -6.355932 0.05 204 0 0
1.772152 -5.847458 0.05 204 0 0
1.772152 -5.338983 0.05 204 0 0
1.772152 -4.830508 0.05 204 0 0
1.772152 -4.322034 0.05 204 0 0
1.772152 -3.813559 0.05 204 0 0
1.772152 -3.305085 0.05 204 0 0
1.772152 -2.79661 0.05 204 0 0
1.772152 -2.288136 0.05 204 0 0
1.772152 -1.779661 0.05 204 0 0
1.772152 -1.271186 0.05 204 0 0
1.772152 -0.762712 0.05 204 0 0
1.772152 -0.254237 0.05 204 0 0
1.772152 0.254237 0.05 204 0 0
1.772152 0.762712 0.05 204 0 0
1.772152 1.271186 0.05 204 0 0
1.772152 1.779661 0.05 204 0 0
1.772152 2.288136 0.05 204 0 0
1.772152 2.79661 0.05 204 0 0
1.772152 3.305085 0.05 204 0 0
1.772152 3.813559 0.05 204 0 0
1.772152 4.322034 0.05 204 0 0
1.772152 4.830508 0.05 204 0 0
1.772152 5.338983 0.05 204 0 0
1.772152 5.847458 0.05 204 0 0
1.772152 6.355932 0.05 204 0 0
1.772152 6.864407 0.05 204 0 0
1.772152 7.372881 0.05 204 0 0
1.772152 7.881356 0.05 204 0 0
1.772152 8.389831 0.05 204 0 0
1.772152 8.898305 0.05 204 0 0
1.772152 9.40678 0.05 204 0 0
1.772152 9.915254 0.05 204 0 0
1.772152 10.423729 0.05 204 0 0
1.772152 10.932203 0.05 204 0 0
1.772152 11.440678 0.05 204 0 0
1.772152 11.949153 0.05 204 0 0
1.772152 12.457627 0.05 204 0 0
1.772152 12.966102 0.05 204 0 0
1.772152 13.474576 0.05 204 0 0
1.772152 13.983051 0.05 204 0 0
1.772152 14.491525 0.05 204 0 0
1.772152 15.0 0.05 204 0 0
2.278481 -15.0 0.05 204 0 0
2.278481 -14.491525 0.05 204 0 0
2.278481 -13.983051 0.05 204 0 0
2.278481 -13.474576 0.05 204 0 0
2.278481 -12.966102 0.05 204 0 0
2.278481 -12.457627 0.05 204 0 0
2.278481 -11.949153 0.05 204 0 0
2.278481 -11.440678 0.05 204 0 0
2.278481 -10.932203 0.05 204 0 0
2.278481 -10.423729 0.05 204 0 0
2.278481 -9.915254 0.05 204 0 0
2.278481 -9.40678 0.05 204 0 0
2.278481 -8.898305 0.05 204 0 0
2.278481 -8.389831 0.05 204 0 0
2.278481 -7.881356 0.05 204 0 0
2.278481 -7.372881 0.05 204 0 0
2.278481 -6.864407 0.05 204 0 0
2.278481 -6.355932 0.05 204 0 0
2.278481 -5.847458 0.05 204 0 0
2.278481 -5.338983 0.05 204 0 0
2.278481 -4.830508 0.05 204 0 0
2.278481 -4.322034 0.05 204 0 0
2.278481 -3.813559 0.05 204 0 0
2.278481 -3.305085 0.05 204 0 0
2.278481 -2.79661 0.05 204 0 0
2.278481 -2.288136 0.05 204 0 0
2.278481 -1.779661 0.05 204 0 0
2.278481 -1.271186 0.05 204 0 0
2.278481 -0.762712 0.05 204 0 0
2.278481 -0.254237 0.05 204 0 0
2.278481 0.254237 0.05 204 0 0
2.278481 0.762712 0.05 204 0 0
2.278481 1.271186 0.05 204 0 0
2.278481 1.779661 0.05 204 0 0
2.278481 2.288136 0.05 204 0 0
2.278481 2.79661 0.05 204 0 0
2.278481 3.305085 0.05 204 0 0
2.278481 3.813559 0.05 204 0 0
2.278481 4.322034 0.05 204 0 0
2.278481 4.830508 0.05 204 0 0
2.278481 5.338983 0.05 204 0 0
2.278481 5.847458 0.05 204 0 0
2.278481 6.355932 0.05 204 0 0
2.278481 6.864407 0.05 204 0 0
2.278481 7.372881 0.05 204 0 0
2.278481 7.881356 0.05 204 0 0
2.278481 8.389831 0.05 204 0 0
2.278481 8.898305 0.05 204 0 0
2.278481 9.40678 0.05 204 0 0
2.278481 9.915254 0.05 204 0 0
2.278481 10.423729 0.05 204 0 0
2.278481 10.932203 0.05 204 0 0
2.278481 11.440678 0.05 204 0 0
2.278481 11.949153 0.05 204 0 0
2.278481 12.457627 0.05 204 0 0
2.278481 12.966102 0.05 204 0 0
2.278481 13.474576 0.05 204 0 0
2.278481 13.983051 0.05 204 0 0
2.278481 14.491525 0.05 204 0 0
2.278481 15.0 0.05 204 0 0
2.78481 -15.0 0.05 204 0 0
2.78481 -14.491525 0.05 204 0 0
2.78481 -13.983051 0.05 204 0 0
2.78481 -13.474576 0.05 204 0 0
2.78481 -12.966102 0.05 204 0 0
2.78481 -12.457627 0.05 204 0 0
2.78481 -11.949153 0.05 204 0 0
2.78481 -11.440678 0.05 204 0 0
2.78481 -10.932203 0.05 204 0 0
2.78481 -10.423729 0.05 204 0 0
2.78481 -9.915254 0.05 204 0 0
2.78481 -9.40678 0.05 204 0 0
2.78481 -8.898305 0.05 204 0 0
2.78481 -8.389831 0.05 204 0 0
2.78481 -7.881356 0.05 204 0 0
2.78481 -7.372881 0.05 204 0 0
2.78481 -6.864407 0.05 204 0 0
2.78481 -6.355932 0.05 204 0 0
2.78481 -5.847458 0.05 204 0 0
2.78481 -5.338983 0.05 204 0 0
2.78481 -4.830508 0.05 204 0 0
2.78481 -4.322034 0.05 204 0 0
2.78481 -3.813559 0.05 204 0 0
2.78481 -3.305085 0.05 204 0 0
2.78481 -2.79661 0.05 204 0 0
2.78481 -2.288136 0.05 204 0 0
2.78481 -1.779661 0.05 204 0 0
2.78481 -1.271186 0.05 204 0 0
2.78481 -0.762712 0.05 204 0 0
2.78481 -0.254237 0.05 204 0 0
2.78481 0.254237 0.05 204 0 0
2.78481 0.762712 0.05 204 0 0
2.78481 1.271186 0.05 204 0 0
2.78481 1.779661 0.05 204 0 0
2.78481 2.288136 0.05 204 0 0
2.78481 2.79661 0.05 204 0 0
2.78481 3.305085 0.05 204 0 0
2.78481 3.813559 0.05 204 0 0
2.78481 4.322034 0.05 204 0 0
2.78481 4.830508 0.05 204 0 0
2.78481 5.338983 0.05 204 0 0
2.78481 5.847458 0.05 204 0 0
2.78481 6.355932 0.05 204 0 0
2.78481 6.864407 0.05 204 0 0
2.78481 7.372881 0.05 204 0 0
2.78481 7.881356 0.05 204 0 0
2.78481 8.389831 0.05 204 0 0
2.78481 8.898305 0.05 204 0 0
2.78481 9.40678 0.05 204 0 0
2.78481 9.915254 0.05 204 0 0
2.78481 10.423729 0.05 204 0 0
2.78481 10.932203 0.05 204 0 0
2.78481 11.440678 0.05 204 0 0
2.78481 11.949153 0.05 204 0 0
2.78481 12.457627 0.05 204 0 0
2.78481 12.966102 0.05 204 0 0
2.78481 13.474576 0.05 204 0 0
2.78481 13.983051 0.05 204 0 0
2.78481 14.491525 0.05 204 0 0
2.78481 15.0 0.05 204 0 0
3.291139 -15.0 0.05 204 0 0
3.291139 -14.491525 0.05 204 0 0
3.291139 -13.983051 0.05 204 0 0
3.291139 -13.474576 0.05 204 0 0
3.291139 -12.966102 0.05 204 0 0
3.291139 -12.457627 0.05 204 0 0
3.291139 -11.949153 0.05 204 0 0
3.291139 -11.440678 0.05 204 0 0
3.291139 -10.932203 0.05 204 0 0
3.291139 -10.423729 0.05 204 0 0
3.291139 -9.915254 0.05 204 0 0
3.291139 -9.40678 0.05 204 0 0
3.291139 -8.898305 0.05 204 0 0
3.291139 -8.389831 0.05 204 0 0
3.291139 -7.881356 0.05 204 0 0
3.291139 -7.372881 0.05 204 0 0
3.291139 -6.864407 0.05 204 0 0
3.291139 -6.355932 0.05 204 0 0
3.291139 -5.847458 0.05 204 0 0
3.291139 -5.338983 0.05 204 0 0
3.291139 -4.830508 0.05 204 0 0
3.291139 -4.322034 0.05 204 0 0
3.291139 -3.813559 0.05 204 0 0
3.291139 -3.305085 0.05 204 0 0
3.291139 -2.79661 0.05 204 0 0
3.291139 -2.288136 0.05 204 0 0
3.291139 -1.779661 0.05 204 0 0
3.291139 -1.271186 0.05 204 0 0
3.291139 -0.762712 0.05 204 0 0
3.291139 -0.254237 0.05 204 0 0
3.291139 0.254237 0.05 204 0 0
3.291139 0.762712 0.05 204 0 0
3.291139 1.271186 0.05 204 0 0
3.291139 1.779661 0.05 204 0 0
3.291139 2.288136 0.05 204 0 0
3.291139 2.79661 0.05 204 0 0
3.291139 3.305085 0.05 204 0 0
3.291139 3.813559 0.05 204 0 0
3.291139 4.322034 0.05 204 0 0
3.291139 4.830508 0.05 204 0 0
3.291139 5.338983 0.05 204 0 0
3.291139 5.847458 0.05 204 0 0
3.291139 6.355932 0.05 204 0 0
3.291139 6.864407 0.05 204 0 0
3.291139 7.372881 0.05 204 0 0
3.291139 7.881356 0.05 204 0 0
3.291139 8.389831 0.05 204 0 0
3.291139 8.898305 0.05 204 0 0
3.291139 9.40678 0.05 204 0 0
3.291139 9.915254 0.05 204 0 0
3.291139 10.423729 0.05 204 0 0
3.291139 10.932203 0.05 204 0 0
3.291139 11.440678 0.05 204 0 0
3.291139 11.949153 0.05 204 0 0
3.291139 12.457627 0.05 204 0 0
3.291139 12.966102 0.05 204 0 0
3.291139 13.474576 0.05 204 0 0
3.291139 13.983051 0.05 204 0 0
3.291139 14.491525 0.05 204 0 0
3.291139 15.0 0.05 204 0 0
3.797468 -15.0 0.05 204 0 0
3.797468 -14.491525 0.05 204 0 0
3.797468 -13.983051 0.05 204 0 0
3.797468 -13.474576 0.05 204 0 0
3.797468 -12.966102 0.05 204 0 0
3.797468 -12.457627 0.05 204 0 0
3.797468 -11.949153 0.05 204 0 0
3.797468 -11.440678 0.05 204 0 0
3.797468 -10.932203 0.05 204 0 0
3.797468 -10.423729 0.05 204 0 0
3.797468 -9.915254 0.05 204 0 0
3.797468 -9.40678 0.05 204 0 0
3.797468 -8.898305 0.05 204 0 0
3.797468 -8.389831 0.05 204 0 0
3.797468 -7.881356 0.05 204 0 0
3.797468 -7.372881 0.05 204 0 0
3.797468 -6.864407 0.05 204 0 0
3.797468 -6.355932 0.05 204 0 0
3.797468 -5.847458 0.05 204 0 0
3.797468 -5.338983 0.05 204 0 0
3.797468 -4.830508 0.05 204 0 0
3.797468 -4.322034 0.05 204 0 0
3.797468 -3.813559 0.05 204 0 0
3.797468 -3.305085 0.05 204 0 0
3.797468 -2.79661 0.05 204 0 0
3.797468 -2.288136 0.05 204 0 0
3.797468 -1.779661 0.05 204 0 0
3.797468 -1.271186 0.05 204 0 0
3.797468 -0.762712 0.05 204 0 0
3.797468 -0.254237 0.05 204 0 0
3.797468 0.254237 0.05 204 0 0
3.797468 0.762712 0.05 204 0 0
3.797468 1.271186 0.05 204 0 0
3.797468 1.779661 0.05 204 0 0
3.797468 2.288136 0.05 204 0 0
3.797468 2.79661 0.05 204 0 0
3.797468 3.305085 0.05 204 0 0
3.797468 3.813559 0.05 204 0 0
3.797468 4.322034 0.05 204 0 0
3.797468 4.830508 0.05 204 0 0
3.797468 5.338983 0.05 204 0 0
3.797468 5.847458 0.05 204 0 0
3.797468 6.355932 0.05 204 0 0
3.797468 6.864407 0.05 204 0 0
3.797468 7.372881 0.05 204 0 0
3.797468 7.881356 0.05 204 0 0
3.797468 8.389831 0.05 204 0 0
3.797468 8.898305 0.05 204 0 0
3.797468 9.40678 0.05 204 0 0
3.797468 9.915254 0.05 204 0 0
3.797468 10.423729 0.05 204 0 0
3.797468 10.932203 0.05 204 0 0
3.797468 11.440678 0.05 204 0 0
3.797468 11.949153 0.05 204 0 0
3.797468 12.457627 0.05 204 0 0
3.797468 12.966102 0.05 204 0 0
3.797468 13.474576 0.05 204 0 0
3.797468 13.983051 0.05 204 0 0
3.797468 14.491525 0.05 204 0 0
3.797468 15.0 0.05 204 0 0
4.303797 -15.0 0.05 204 0 0
4.303797 -14.491525 0.05 204 0 0
4.303797 -13.983051 0.05 204 0 0
4.303797 -13.474576 0.05 204 0 0
4.303797 -12.966102 0.05 204 0 0
4.303797 -12.457627 0.05 204 0 0
4.303797 -11.949153 0.05 204 0 0
4.303797 -11.440678 0.05 204 0 0
4.303797 -10.932203 0.05 204 0 0
4.303797 -10.423729 0.05 204 0 0
4.303797 -9.915254 0.05 204 0 0
4.303797 -9.40678 0.05 204 0 0
4.303797 -8.898305 0.05 204 0 0
4.303797 -8.389831 0.05 204 0 0
4.303797 -7.881356 0.05 204 0 0
4.303797 -7.372881 0.05 204 0 0
4.303797 -6.864407 0.05 204 0 0
4.303797 -6.355932 0.05 204 0 0
4.303797 -5.847458 0.05 204 0 0
4.303797 -5.338983 0.05 204 0 0
4.303797 -4.830508 0.05 204 0 0
4.303797 -4.322034 0.05 204 0 0
4.303797 -3.813559 0.05 204 0 0
4.303797 -3.305085 0.05 204 0 0
4.303797 -2.79661 0.05 204 0 0
4.303797 -2.288136 0.05 204 0 0
4.303797 -1.779661 0.05 204 0 0
4.303797 -1.271186 0.05 204 0 0
4.303797 -0.762712 0.05 204 0 0
4.303797 -0.254237 0.05 204 0 0
4.303797 0.254237 0.05 204 0 0
4.303797 0.762712 0.05 204 0 0
4.303797 1.271186 0.05 204 0 0
4.303797 1.779661 0.05 204 0 0
4.303797 2.288136 0.05 204 0 0
4.303797 2.79661 0.05 204 0 0
4.303797 3.305085 0.05 204 0 0
4.303797 3.813559 0.05 204 0 0
4.303797 4.322034 0.05 204 0 0
4.303797 4.830508 0.05 204 0 0
4.303797 5.338983 0.05 204 0 0
4.303797 5.847458 0.05 204 0 0
4.303797 6.355932 0.05 204 0 0
4.303797 6.864407 0.05 204 0 0
4.303797 7.372881 0.05 204 0 0
4.303797 7.881356 0.05 204 0 0
4.303797 8.389831 0.05 204 0 0
4.303797 8.898305 0.05 204 0 0
4.303797 9.40678 0.05 204 0 0
4.303797 9.915254 0.05 204 0 0
4.303797 10.423729 0.05 204 0 0
4.303797 10.932203 0.05 204 0 0
4.303797 11.440678 0.05 204 0 0
4.303797 11.949153 0.05 204 0 0
4.303797 12.457627 0.05 204 0 0
4.303797 12.966102 0.05 204 0 0
4.303797 13.474576 0.05 204 0 0
4.303797 13.983051 0.05 204 0 0
4.303797 14.491525 0.05 204 0 0
4.303797 15.0 0.05 204 0 0
4.810127 -15.0 0.05 204 0 0
4.810127 -14.491525 0.05 204 0 0
4.810127 -13.983051 0.05 204 0 0
4.810127 -13.474576 0.05 204 0 0
4.810127 -12.966102 0.05 204 0 0
4.810127 -12.457627 0.05 204 0 0
4.810127 -11.949153 0.05 204 0 0
4.810127 -11.440678 0.05 204 0 0
4.810127 -10.932203 0.05 204 0 0
4.810127 -10.423729 0.05 204 0 0
4.810127 -9.915254 0.05 204 0 0
4.810127 -9.40678 0.05 204 0 0
4.810127 -8.898305 0.05 204 0 0
4.810127 -8.389831 0.05 204 0 0
4.810127 -7.881356 0.05 204 0 0
4.810127 -7.372881 0.05 204 0 0
4.810127 -6.864407 0.05 204 0 0
4.810127 -6.355932 0.05 204 0 0
4.810127 -5.847458 0.05 204 0 0
4.810127 -5.338983 0.05 204 0 0
4.810127 -4.830508 0.05 204 0 0
4.810127 -4.322034 0.05 204 0 0
4.810127 -3.813559 0.05 204 0 0
4.810127 -3.305085 0.05 204 0 0
4.810127 -2.79661 0.05 204 0 0
4.810127 -2.288136 0.05 204 0 0
4.810127 -1.779661 0.05 204 0 0
4.810127 -1.271186 0.05 204 0 0
4.810127 -0.762712 0.05 204 0 0
4.810127 -0.254237 0.05 204 0 0
4.810127 0.254237 0.05 204 0 0
4.810127 0.762712 0.05 204 0 0
4.810127 1.271186 0.05 204 0 0
4.810127 1.779661 0.05 204 0 0
4.810127 2.288136 0.05 204 0 0
4.810127 2.79661 0.05 204 0 0
4.810127 3.305085 0.05 204 0 0
4.810127 3.813559 0.05 204 0 0
4.810127 4.322034 0.05 204 0 0
4.810127 4.830508 0.05 204 0 0
4.810127 5.338983 0.05 204 0 0
4.810127 5.847458 0.05 204 0 0
4.810127 6.355932 0.05 204 0 0
4.810127 6.864407 0.05 204 0 0
4.810127 7.372881 0.05 204 0 0
4.810127 7.881356 0.05 204 0 0
4.810127 8.389831 0.05 204 0 0
4.810127 8.898305 0.05 204 0 0
4.810127 9.40678 0.05 204 0 0
4.810127 9.915254 0.05 204 0 0
4.810127 10.423729 0.05 204 0 0
4.810127 10.932203 0.05 204 0 0
4.810127 11.440678 0.05 204 0 0
4.810127 11.949153 0.05 204 0 0
4.810127 12.457627 0.05 204 0 0
4.810127 12.966102 0.05 204 0 0
4.810127 13.474576 0.05 204 0 0
4.810127 13.983051 0.05 204 0 0
4.810127 14.491525 0.05 204 0 0
4.810127 15.0 0.05 204 0 0
5.316456 -15.0 0.05 204 0 0
5.316456 -14.491525 0.05 204 0 0
5.316456 -13.983051 0.05 204 0 0
5.316456 -13.474576 0.05 204 0 0
5.316456 -12.966102 0.05 204 0 0
5.316456 -12.457627 0.05 204 0 0
5.316456 -11.949153 0.05 204 0 0
5.316456 -11.440678 0.05 204 0 0
5.316456 -10.932203 0.05 204 0 0
5.316456 -10.423729 0.05 204 0 0
5.316456 -9.915254 0.05 204 0 0
5.316456 -9.40678 0.05 204 0 0
5.316456 -8.898305 0.05 204 0 0
5.316456 -8.389831 0.05 204 0 0
5.316456 -7.881356 0.05 204 0 0
5.316456 -7.372881 0.05 204 0 0
5.316456 -6.864407 0.05 204 0 0
5.316456 -6.355932 0.05 204 0 0
5.316456 -5.847458 0.05 204 0 0
5.316456 -5.338983 0.05 204 0 0
5.316456 -4.830508 0.05 204 0 0
5.316456 -4.322034 0.05 204 0 0
5.316456 -3.813559 0.05 204 0 0
5.316456 -3.305085 0.05 204 0 0
5.316456 -2.79661 0.05 204 0 0
5.316456 -2.288136 0.05 204 0 0
5.316456 -1.779661 0.05 204 0 0
5.316456 -1.271186 0.05 204 0 0
5.316456 -0.762712 0.05 204 0 0
5.316456 -0.254237 0.05 204 0 0
5.316456 0.254237 0.05 204 0 0
5.316456 0.762712 0.05 204 0 0
5.316456 1.271186 0.05 204 0 0
5.316456 1.779661 0.05 204 0 0
5.316456 2.288136 0.05 204 0 0
5.316456 2.79661 0.05 204 0 0
5.316456 3.305085 0.05 204 0 0
5.316456 3.813559 0.05 204 0 0
5.316456 4.322034 0.05 204 0 0
5.316456 4.830508 0.05 204 0 0
5.316456 5.338983 0.05 204 0 0
5.316456 5.847458 0.05 204 0 0
5.316456 6.355932 0.05 204 0 0
5.316456 6.864407 0.05 204 0 0
5.316456 7.372881 0.05 204 0 0
5.316456 7.881356 0.05 204 0 0
5.316456 8.389831 0.05 204 0 0
5.316456 8.898305 0.05 204 0 0
5.316456 9.40678 0.05 204 0 0
5.316456 9.915254 0.05 204 0 0
5.316456 10.423729 0.05 204 0 0
5.316456 10.932203 0.05 204 0 0
5.316456 11.440678 0.05 204 0 0
5.316456 11.949153 0.05 204 0 0
5.316456 12.457627 0.05 204 0 0
5.316456 12.966102 0.05 204 0 0
5.316456 13.474576 0.05 204 0 0
5.316456 13.983051 0.05 204 0 0
5.316456 14.491525 0.05 204 0 0
5.316456 15.0 0.05 204 0 0
5.822785 -15.0 0.05 204 0 0
5.822785 -14.491525 0.05 204 0 0
5.822785 -13.983051 0.05 204 0 0
5.822785 -13.474576 0.05 204 0 0
5.822785 -12.966102 0.05 204 0 0
5.822785 -12.457627 0.05 204 0 0
5.822785 -11.949153 0.05 204 0 0
5.822785 -11.440678 0.05 204 0 0
5.822785 -10.932203 0.05 204 0 0
5.822785 -10.423729 0.05 204 0 0
5.822785 -9.915254 0.05 204 0 0
5.822785 -9.40678 0.05 204 0 0
5.822785 -8.898305 0.05 204 0 0
5.822785 -8.389831 0.05 204 0 0
5.822785 -7.881356 0.05 204 0 0
5.822785 -7.372881 0.05 204 0 0
5.822785 -6.864407 0.05 204 0 0
5.822785 -6.355932 0.05 204 0 0
5.822785 -5.847458 0.05 204 0 0
5.822785 -5.338983 0.05 204 0 0
5.822785 -4.830508 0.05 204 0 0
5.822785 -4.322034 0.05 204 0 0
5.822785 -3.813559 0.05 204 0 0
5.822785 -3.305085 0.05 204 0 0
5.822785 -2.79661 0.05 204 0 0
5.822785 -2.288136 0.05 204 0 0
5.822785 -1.779661 0.05 204 0 0
5.822785 -1.271186 0.05 204 0 0
5.822785 -0.762712 0.05 204 0 0
5.822785 -0.254237 0.05 204 0 0
5.822785 0.254237 0.05 204 0 0
5.822785 0.762712 0.05 204 0 0
5.822785 1.271186 0.05 204 0 0
5.822785 1.779661 0.05 204 0 0
5.822785 2.288136 0.05 204 0 0
5.822785 2.79661 0.05 204 0 0
5.822785 3.305085 0.05 204 0 0
5.822785 3.813559 0.05 204 0 0
5.822785 4.322034 0.05 204 0 0
5.822785 4.830508 0.05 204 0 0
5.822785 5.338983 0.05 204 0 0
5.822785 5.847458 0.05 204 0 0
5.822785 6.355932 0.05 204 0 0
5.822785 6.864407 0.05 204 0 0
5.822785 7.372881 0.05 204 0 0
5.822785 7.881356 0.05 204 0 0
5.822785 8.389831 0.05 204 0 0
5.822785 8.898305 0.05 204 0 0
5.822785 9.40678 0.05 204 0 0
5.822785 9.915254 0.05 204 0 0
5.822785 10.423729 0.05 204 0 0
5.822785 10.932203 0.05 204 0 0
5.822785 11.440678 0.05 204 0 0
5.822785 11.949153 0.05 204 0 0
5.822785 12.457627 0.05 204 0 0
5.822785 12.966102 0.05 204 0 0
5.822785 13.474576 0.05 204 0 0
5.822785 13.983051 0.05 204 0 0
5.822785 14.491525 0.05 204 0 0
5.822785 15.0 0.05 204 0 0
6.329114 -15.0 0.05 204 0 0
6.329114 -14.491525 0.05 204 0 0
6.329114 -13.983051 0.05 204 0 0
6.329114 -13.474576 0.05 204 0 0
6.329114 -12.966102 0.05 204 0 0
6.329114 -12.457627 0.05 204 0 0
6.329114 -11.949153 0.05 204 0 0
6.329114 -11.440678 0.05 204 0 0
6.329114 -10.932203 0.05 204 0 0
6.329114 -10.423729 0.05 204 0 0
6.329114 -9.915254 0.05 204 0 0
6.329114 -9.40678 0.05 204 0 0
6.329114 -8.898305 0.05 204 0 0
6.329114 -8.389831 0.05 204 0 0
6.329114 -7.881356 0.05 204 0 0
6.329114 -7.372881 0.05 204 0 0
6.329114 -6.864407 0.05 204 0 0
6.329114 -6.355932 0.05 204 0 0
6.329114 -5.847458 0.05 204 0 0
6.329114 -5.338983 0.05 204 0 0
6.329114 -4.830508 0.05 204 0 0
6.329114 -4.322034 0.05 204 0 0
6.329114 -3.813559 0.05 204 0 0
6.329114 -3.305085 0.05 204 0 0
6.329114 -2.79661 0.05 204 0 0
6.329114 -2.288136 0.05 204 0 0
6.329114 -1.779661 0.05 204 0 0
6.329114 -1.271186 0.05 204 0 0
6.329114 -0.762712 0.05 204 0 0
6.329114 -0.254237 0.05 204 0 0
6.329114 0.254237 0.05 204 0 0
6.329114 0.762712 0.05 204 0 0
6.329114 1.271186 0.05 204 0 0
6.329114 1.779661 0.05 204 0 0
6.329114 2.288136 0.05 204 0 0
6.329114 2.79661 0.05 204 0 0
6.329114 3.305085 0.05 204 0 0
6.329114 3.813559 0.05 204 0 0
6.329114 4.322034 0.05 204 0 0
6.329114 4.830508 0.05 204 0 0
6.329114 5.338983 0.05 204 0 0
6.329114 5.847458 0.05 204 0 0
6.329114 6.355932 0.05 204 0 0
6.329114 6.864407 0.05 204 0 0
6.329114 7.372881 0.05 204 0 0
6.329114 7.881356 0.05 204 0 0
6.329114 8.389831 0.05 204 0 0
6.329114 8.898305 0.05 204 0 0
6.329114 9.40678 0.05 204 0 0
6.329114 9.915254 0.05 204 0 0
6.329114 10.423729 0.05 204 0 0
6.329114 10.932203 0.05 204 0 0
6.329114 11.440678 0.05 204 0 0
6.329114 11.949153 0.05 204 0 0
6.329114 12.457627 0.05 204 0 0
6.329114 12.966102 0.05 204 0 0
6.329114 13.474576 0.05 204 0 0
6.329114 13.983051 0.05 204 0 0
6.329114 14.491525 0.05 204 0 0
6.329114 15.0 0.05 204 0 0
6.835443 -15.0 0.05 204 0 0
6.835443 -14.491525 0.05 204 0 0
6.835443 -13.983051 0.05 204 0 0
6.835443 -13.474576 0.05 204 0 0
6.835443 -12.966102 0.05 204 0 0
6.835443 -12.457627 0.05 204 0 0
6.835443 -11.949153 0.05 204 0 0
6.835443 -11.440678 0.05 204 0 0
6.835443 -10.932203 0.05 204 0 0
6.835443 -10.423729 0.05 204 0 0
6.835443 -9.915254 0.05 204 0 0
6.835443 -9.40678 0.05 204 0 0
6.835443 -8.898305 0.05 204 0 0
6.835443 -8.389831 0.05 204 0 0
6.835443 -7.881356 0.05 204 0 0
6.835443 -7.372881 0.05 204 0 0
6.835443 -6.864407 0.05 204 0 0
6.835443 -6.355932 0.05 204 0 0
6.835443 -5.847458 0.05 204 0 0
6.835443 -5.338983 0.05 204 0 0
6.835443 -4.830508 0.05 204 0 0
6.835443 -4.322034 0.05 204 0 0
6.835443 -3.813559 0.05 204 0 0
6.835443 -3.305085 0.05 204 0 0
6.835443 -2.79661 0.05 204 0 0
6.835443 -2.288136 0.05 204 0 0
6.835443 -1.779661 0.05 204 0 0
6.835443 -1.271186 0.05 204 0 0
6.835443 -0.762712 0.05 204 0 0
6.835443 -0.254237 0.05 204 0 0
6.835443 0.254237 0.05 204 0 0
6.835443 0.762712 0.05 204 0 0
6.835443 1.271186 0.05 204 0 0
6.835443 1.779661 0.05 204 0 0
6.835443 2.288136 0.05 204 0 0
6.835443 2.79661 0.05 204 0 0
6.835443 3.305085 0.05 204 0 0
6.835443 3.813559 0.05 204 0 0
6.835443 4.322034 0.05 204 0 0
6.835443 4.830508 0.05 204 0 0
6.835443 5.338983 0.05 204 0 0
6.835443 5.847458 0.05 204 0 0
6.835443 6.355932 0.05 204 0 0
6.835443 6.864407 0.05 204 0 0
6.835443 7.372881 0.05 204 0 0
6.835443 7.881356 0.05 204 0 0
6.835443 8.389831 0.05 204 0 0
6.835443 8.898305 0.05 204 0 0
6.835443 9.40678 0.05 204 0 0
6.835443 9.915254 0.05 204 0 0
6.835443 10.423729 0.05 204 0 0
6.835443 10.932203 0.05 204 0 0
6.835443 11.440678 0.05 204 0 0
6.835443 11.949153 0.05 204 0 0
6.835443 12.457627 0.05 204 0 0
6.835443 12.966102 0.05 204 0 0
6.835443 13.474576 0.05 204 0 0
6.835443 13.983051 0.05 204 0 0
6.835443 14.491525 0.05 204 0 0
6.835443 15.0 0.05 204 0 0
7.341772 -15.0 0.05 204 0 0
7.341772 -14.491525 0.05 204 0 0
7.341772 -13.983051 0.05 204 0 0
7.341772 -13.474576 0.05 204 0 0
7.341772 -12.966102 0.05 204 0 0
7.341772 -12.457627 0.05 204 0 0
7.341772 -11.949153 0.05 204 0 0
7.341772 -11.440678 0.05 204 0 0
7.341772 -10.932203 0.05 204 0 0
7.341772 -10.423729 0.05 204 0 0
7.341772 -9.915254 0.05 204 0 0
7.341772 -9.40678 0.05 204 0 0
7.341772 -8.898305 0.05 204 0 0
7.341772 -8.389831 0.05 204 0 0
7.341772 -7.881356 0.05 204 0 0
7.341772 -7.372881 0.05 204 0 0
7.341772 -6.864407 0.05 204 0 0
7.341772 -6.355932 0.05 204 0 0
7.341772 -5.847458 0.05 204 0 0
7.341772 -5.338983 0.05 204 0 0
7.341772 -4.830508 0.05 204 0 0
7.341772 -4.322034 0.05 204 0 0
7.341772 -3.813559 0.05 204 0 0
7.341772 -3.305085 0.05 204 0 0
7.341772 -2.79661 0.05 204 0 0
7.341772 -2.288136 0.05 204 0 0
7.341772 -1.779661 0.05 204 0 0
7.341772 -1.271186 0.05 204 0 0
7.341772 -0.762712 0.05 204 0 0
7.341772 -0.254237 0.05 204 0 0
7.341772 0.254237 0.05 204 0 0
7.341772 0.762712 0.05 204 0 0
7.341772 1.271186 0.05 204 0 0
7.341772 1.779661 0.05 204 0 0
7.341772 2.288136 0.05 204 0 0
7.341772 2.79661 0.05 204 0 0
7.341772 3.305085 0.05 204 0 0
7.341772 3.813559 0.05 204 0 0
7.341772 4.322034 0.05 204 0 0
7.341772 4.830508 0.05 204 0 0
7.341772 5.338983 0.05 204 0 0
7.341772 5.847458 0.05 204 0 0
7.341772 6.355932 0.05 204 0 0
7.341772 6.864407 0.05 204 0 0
7.341772 7.372881 0.05 204 0 0
7.341772 7.881356 0.05 204 0 0
7.341772 8.389831 0.05 204 0 0
7.341772 8.898305 0.05 204 0 0
7.341772 9.40678 0.05 204 0 0
7.341772 9.915254 0.05 204 0 0
7.341772 10.423729 0.05 204 0 0
7.341772 10.932203 0.05 204 0 0
7.341772 11.440678 0.05 204 0 0
7.341772 11.949153 0.05 204 0 0
7.341772 12.457627 0.05 204 0 0
7.341772 12.966102 0.05 204 0 0
7.341772 13.474576 0.05 204 0 0
7.341772 13.983051 0.05 204 0 0
7.341772 14.491525 0.05 204 0 0
7.341772 15.0 0.05 204 0 0
7.848101 -15.0 0.05 204 0 0
7.848101 -14.491525 0.05 204 0 0
7.848101 -13.983051 0.05 204 0 0
7.848101 -13.474576 0.05 204 0 0
7.848101 -12.966102 0.05 204 0 0
7.848101 -12.457627 0.05 204 0 0
7.848101 -11.949153 0.05 204 0 0
7.848101 -11.440678 0.05 204 0 0
7.848101 -10.932203 0.05 204 0 0
7.848101 -10.423729 0.05 204 0 0
7.848101 -9.915254 0.05 204 0 0
7.848101 -9.40678 0.05 204 0 0
7.848101 -8.898305 0.05 204 0 0
7.848101 -8.389831 0.05 204 0 0
7.848101 -7.881356 0.05 204 0 0
7.848101 -7.372881 0.05 204 0 0
7.848101 -6.864407 0.05 204 0 0
7.848101 -6.355932 0.05 204 0 0
7.848101 -5.847458 0.05 204 0 0
7.848101 -5.338983 0.05 204 0 0
7.848101 -4.830508 0.05 204 0 0
7.848101 -4.322034 0.05 204 0 0
7.848101 -3.813559 0.05 204 0 0
7.848101 -3.305085 0.05 204 0 0
7.848101 -2.79661 0.05 204 0 0
7.848101 -2.288136 0.05 204 0 0
7.848101 -1.779661 0.05 204 0 0
7.848101 -1.271186 0.05 204 0 0
7.848101 -0.762712 0.05 204 0 0
7.848101 -0.254237 0.05 204 0 0
7.848101 0.254237 0.05 204 0 0
7.848101 0.762712 0.05 204 0 0
7.848101 1.271186 0.05 204 0 0
7.848101 1.779661 0.05 204 0 0
7.848101 2.288136 0.05 204 0 0
7.848101 2.79661 0.05 204 0 0
7.848101 3.305085 0.05 204 0 0
7.848101 3.813559 0.05 204 0 0
7.848101 4.322034 0.05 204 0 0
7.848101 4.830508 0.05 204 0 0
7.848101 5.338983 0.05 204 0 0
7.848101 5.847458 0.05 204 0 0
7.848101 6.355932 0.05 204 0 0
7.848101 6.864407 0.05 204 0 0
7.848101 7.372881 0.05 204 0 0
7.848101 7.881356 0.05 204 0 0
7.848101 8.389831 0.05 204 0 0
7.848101 8.898305 0.05 204 0 0
7.848101 9.40678 0.05 204 0 0
7.848101 9.915254 0.05 204 0 0
7.848101 10.423729 0.05 204 0 0
7.848101 10.932203 0.05 204 0 0
7.848101 11.440678 0.05 204 0 0
7.848101 11.949153 0.05 204 0 0
7.848101 12.457627 0.05 204 0 0
7.848101 12.966102 0.05 204 0 0
7.848101 13.474576 0.05 204 0 0
7.848101 13.983051 0.05 204 0 0
7.848101 14.491525 0.05 204 0 0
7.848101 15.0 0.05 204 0 0
8.35443 -15.0 0.05 204 0 0
8.35443 -14.491525 0.05 204 0 0
8.35443 -13.983051 0.05 204 0 0
8.35443 -13.474576 0.05 204 0 0
8.35443 -12.966102 0.05 204 0 0
8.35443 -12.457627 0.05 204 0 0
8.35443 -11.949153 0.05 204 0 0
8.35443 -11.440678 0.05 204 0 0
8.35443 -10.932203 0.05 204 0 0
8.35443 -10.423729 0.05 204 0 0
8.35443 -9.915254 0.05 204 0 0
8.35443 -9.40678 0.05 204 0 0
8.35443 -8.898305 0.05 204 0 0
8.35443 -8.389831 0.05 204 0 0
8.35443 -7.881356 0.05 204 0 0
8.35443 -7.372881 0.05 204 0 0
8.35443 -6.864407 0.05 204 0 0
8.35443 -6.355932 0.05 204 0 0
8.35443 -5.847458 0.05 204 0 0
8.35443 -5.338983 0.05 204 0 0
8.35443 -4.830508 0.05 204 0 0
8.35443 -4.322034 0.05 204 0 0
8.35443 -3.813559 0.05 204 0 0
8.35443 -3.305085 0.05 204 0 0
8.35443 -2.79661 0.05 204 0 0
8.35443 -2.288136 0.05 204 0 0
8.35443 -1.779661 0.05 204 0 0
8.35443 -1.271186 0.05 204 0 0
8.35443 -0.762712 0.05 204 0 0
8.35443 -0.254237 0.05 204 0 0
8.35443 0.254237 0.05 204 0 0
8.35443 0.762712 0.05 204 0 0
8.35443 1.271186 0.05 204 0 0
8.35443 1.779661 0.05 204 0 0
8.35443 2.288136 0.05 204 0 0
8.35443 2.79661 0.05 204 0 0
8.35443 3.305085 0.05 204 0 0
8.35443 3.813559 0.05 204 0 0
8.35443 4.322034 0.05 204 0 0
8.35443 4.830508 0.05 204 0 0
8.35443 5.338983 0.05 204 0 0
8.35443 5.847458 0.05 204 0 0
8.35443 6.355932 0.05 204 0 0
8.35443 6.864407 0.05 204 0 0
8.35443 7.372881 0.05 204 0 0
8.35443 7.881356 0.05 204 0 0
8.35443 8.389831 0.05 204 0 0
8.35443 8.898305 0.05 204 0 0
8.35443 9.40678 0.05 204 0 0
8.35443 9.915254 0.05 204 0 0
8.35443 10.423729 0.05 204 0 0
8.35443 10.932203 0.05 204 0 0
8.35443 11.440678 0.05 204 0 0
8.35443 11.949153 0.05 204 0 0
8.35443 12.457627 0.05 204 0 0
8.35443 12.966102 0.05 204 0 0
8.35443 13.474576 0.05 204 0 0
8.35443 13.983051 0.05 204 0 0
8.35443 14.491525 0.05 204 0 0
8.35443 15.0 0.05 204 0 0
8.860759 -15.0 0.05 204 0 0
8.860759 -14.491525 0.05 204 0 0
8.860759 -13.983051 0.05 204 0 0
8.860759 -13.474576 0.05 204 0 0
8.860759 -12.966102 0.05 204 0 0
8.860759 -12.457627 0.05 204 0 0
8.860759 -11.949153 0.05 204 0 0
8.860759 -11.440678 0.05 204 0 0
8.860759 -10.932203 0.05 204 0 0
8.860759 -10.423729 0.05 204 0 0
8.860759 -9.915254 0.05 204 0 0
8.860759 -9.40678 0.05 204 0 0
8.860759 -8.898305 0.05 204 0 0
8.860759 -8.389831 0.05 204 0 0
8.860759 -7.881356 0.05 204 0 0
8.860759 -7.372881 0.05 204 0 0
8.860759 -6.864407 0.05 204 0 0
8.860759 -6.355932 0.05 204 0 0
8.860759 -5.847458 0.05 204 0 0
8.860759 -5.338983 0.05 204 0 0
8.860759 -4.830508 0.05 204 0 0
8.860759 -4.322034 0.05 204 0 0
8.860759 -3.813559 0.05 204 0 0
8.860759 -3.305085 0.05 204 0 0
8.860759 -2.79661 0.05 204 0 0
8.860759 -2.288136 0.05 204 0 0
8.860759 -1.779661 0.05 204 0 0
8.860759 -1.271186 0.05 204 0 0
8.860759 -0.762712 0.05 204 0 0
8.860759 -0.254237 0.05 204 0 0
8.860759 0.254237 0.05 204 0 0
8.860759 0.762712 0.05 204 0 0
8.860759 1.271186 0.05 204 0 0
8.860759 1.779661 0.05 204 0 0
8.860759 2.288136 0.05 204 0 0
8.860759 2.79661 0.05 204 0 0
8.860759 3.305085 0.05 204 0 0
8.860759 3.813559 0.05 204 0 0
8.860759 4.322034 0.05 204 0 0
8.860759 4.830508 0.05 204 0 0
8.860759 5.338983 0.05 204 0 0
8.860759 5.847458 0.05 204 0 0
8.860759 6.355932 0.05 204 0 0
8.860759 6.864407 0.05 204 0 0
8.860759 7.372881 0.05 204 0 0
8.860759 7.881356 0.05 204 0 0
8.860759 8.389831 0.05 204 0 0
8.860759 8.898305 0.05 204 0 0
8.860759 9.40678 0.05 204 0 0
8.860759 9.915254 0.05 204 0 0
8.860759 10.423729 0.05 204 0 0
8.860759 10.932203 0.05 204 0 0
8.860759 11.440678 0.05 204 0 0
8.860759 11.949153 0.05 204 0 0
8.860759 12.457627 0.05 204 0 0
8.860759 12.966102 0.05 204 0 0
8.860759 13.474576 0.05 204 0 0
8.860759 13.983051 0.05 204 0 0
8.860759 14.491525 0.05 204 0 0
8.860759 15.0 0.05 204 0 0
9.367089 -15.0 0.05 204 0 0
9.367089 -14.491525 0.05 204 0 0
9.367089 -13.983051 0.05 204 0 0
9.367089 -13.474576 0.05 204 0 0
9.367089 -12.966102 0.05 204 0 0
9.367089 -12.457627 0.05 204 0 0
9.367089 -11.949153 0.05 204 0 0
9.367089 -11.440678 0.05 204 0 0
9.367089 -10.932203 0.05 204 0 0
9.367089 -10.423729 0.05 204 0 0
9.367089 -9.915254 0.05 204 0 0
9.367089 -9.40678 0.05 204 0 0
9.367089 -8.898305 0.05 204 0 0
9.367089 -8.389831 0.05 204 0 0
9.367089 -7.881356 0.05 204 0 0
9.367089 -7.372881 0.05 204 0 0
9.367089 -6.864407 0.05 204 0 0
9.367089 -6.355932 0.05 204 0 0
9.367089 -5.847458 0.05 204 0 0
9.367089 -5.338983 0.05 204 0 0
9.367089 -4.830508 0.05 204 0 0
9.367089 -4.322034 0.05 204 0 0
9.367089 -3.813559 0.05 204 0 0
9.367089 -3.305085 0.05 204 0 0
9.367089 -2.79661 0.05 204 0 0
9.367089 -2.288136 0.05 204 0 0
9.367089 -1.779661 0.05 204 0 0
9.367089 -1.271186 0.05 204 0 0
9.367089 -0.762712 0.05 204 0 0
9.367089 -0.254237 0.05 204 0 0
9.367089 0.254237 0.05 204 0 0
9.367089 0.762712 0.05 204 0 0
9.367089 1.271186 0.05 204 0 0
9.367089 1.779661 0.05 204 0 0
9.367089 2.288136 0.05 204 0 0
9.367089 2.79661 0.05 204 0 0
9.367089 3.305085 0.05 204 0 0
9.367089 3.813559 0.05 204 0 0
9.367089 4.322034 0.05 204 0 0
9.367089 4.830508 0.05 204 0 0
9.367089 5.338983 0.05 204 0 0
9.367089 5.847458 0.05 204 0 0
9.367089 6.355932 0.05 204 0 0
9.367089 6.864407 0.05 204 0 0
9.367089 7.372881 0.05 204 0 0
9.367089 7.881356 0.05 204 0 0
9.367089 8.389831 0.05 204 0 0
9.367089 8.898305 0.05 204 0 0
9.367089 9.40678 0.05 204 0 0
9.367089 9.915254 0.05 204 0 0
9.367089 10.423729 0.05 204 0 0
9.367089 10.932203 0.05 204 0 0
9.367089 11.440678 0.05 204 0 0
9.367089 11.949153 0.05 204 0 0
9.367089 12.457627 0.05 204 0 0
9.367089 12.966102 0.05 204 0 0
9.367089 13.474576 0.05 204 0 0
9.367089 13.983051 0.05 204 0 0
9.367089 14.491525 0.05 204 0 0
9.367089 15.0 0.05 204 0 0
9.873418 -15.0 0.05 204 0 0
9.873418 -14.491525 0.05 204 0 0
9.873418 -13.983051 0.05 204 0 0
9.873418 -13.474576 0.05 204 0 0
9.873418 -12.966102 0.05 204 0 0
9.873418 -12.457627 0.05 204 0 0
9.873418 -11.949153 0.05 204 0 0
9.873418 -11.440678 0.05 204 0 0
9.873418 -10.932203 0.05 204 0 0
9.873418 -10.423729 0.05 204 0 0
9.873418 -9.915254 0.05 204 0 0
9.873418 -9.40678 0.05 204 0 0
9.873418 -8.898305 0.05 204 0 0
9.873418 -8.389831 0.05 204 0 0
9.873418 -7.881356 0.05 204 0 0
9.873418 -7.372881 0.05 204 0 0
9.873418 -6.864407 0.05 204 0 0
9.873418 -6.355932 0.05 204 0 0
9.873418 -5.847458 0.05 204 0 0
9.873418 -5.338983 0.05 204 0 0
9.873418 -4.830508 0.05 204 0 0
9.873418 -4.322034 0.05 204 0 0
9.873418 -3.813559 0.05 204 0 0
9.873418 -3.305085 0.05 204 0 0
9.873418 -2.79661 0.05 204 0 0
9.873418 -2.288136 0.05 204 0 0
9.873418 -1.779661 0.05 204 0 0
9.873418 -1.271186 0.05 204 0 0
9.873418 -0.762712 0.05 204 0 0
9.873418 -0.254237 0.05 204 0 0
9.873418 0.254237 0.05 204 0 0
9.873418 0.762712 0.05 204 0 0
9.873418 1.271186 0.05 204 0 0
9.873418 1.779661 0.05 204 0 0
9.873418 2.288136 0.05 204 0 0
9.873418 2.79661 0.05 204 0 0
9.873418 3.305085 0.05 204 0 0
9.873418 3.813559 0.05 204 0 0
9.873418 4.322034 0.05 204 0 0
9.873418 4.830508 0.05 204 0 0
9.873418 5.338983 0.05 204 0 0
9.873418 5.847458 0.05 204 0 0
9.873418 6.355932 0.05 204 0 0
9.873418 6.864407 0.05 204 0 0
9.873418 7.372881 0.05 204 0 0
9.873418 7.881356 0.05 204 0 0
9.873418 8.389831 0.05 204 0 0
9.873418 8.898305 0.05 204 0 0
9.873418 9.40678 0.05 204 0 0
9.873418 9.915254 0.05 204 0 0
9.873418 10.423729 0.05 204 0 0
9.873418 10.932203 0.05 204 0 0
9.873418 11.440678 0.05 204 0 0
9.873418 11.949153 0.05 204 0 0
9.873418 12.457627 0.05 204 0 0
9.873418 12.966102 0.05 204 0 0
9.873418 13.474576 0.05 204 0 0
9.873418 13.983051 0.05 204 0 0
9.873418 14.491525 0.05 204 0 0
9.873418 15.0 0.05 204 0 0
10.379747 -15.0 0.05 204 0 0
10.379747 -14.491525 0.05 204 0 0
10.379747 -13.983051 0.05 204 0 0
10.379747 -13.474576 0.05 204 0 0
10.379747 -12.966102 0.05 204 0 0
10.379747 -12.457627 0.05 204 0 0
10.379747 -11.949153 0.05 204 0 0
10.379747 -11.440678 0.05 204 0 0
10.379747 -10.932203 0.05 204 0 0
10.379747 -10.423729 0.05 204 0 0
10.379747 -9.915254 0.05 204 0 0
10.379747 -9.40678 0.05 204 0 0
10.379747 -8.898305 0.05 204 0 0
10.379747 -8.389831 0.05 204 0 0
10.379747 -7.881356 0.05 204 0 0
10.379747 -7.372881 0.05 204 0 0
10.379747 -6.864407 0.05 204 0 0
10.379747 -6.355932 0.05 204 0 0
10.379747 -5.847458 0.05 204 0 0
10.379747 -5.338983 0.05 204 0 0
10.379747 -4.830508 0.05 204 0 0
10.379747 -4.322034 0.05 204 0 0
10.379747 -3.813559 0.05 204 0 0
10.379747 -3.305085 0.05 204 0 0
10.379747 -2.79661 0.05 204 0 0
10.379747 -2.288136 0.05 204 0 0
10.379747 -1.779661 0.05 204 0 0
10.379747 -1.271186 0.05 204 0 0
10.379747 -0.762712 0.05 204 0 0
10.379747 -0.254237 0.05 204 0 0
10.379747 0.254237 0.05 204 0 0
10.379747 0.762712 0.05 204 0 0
10.379747 1.271186 0.05 204 0 0
10.379747 1.779661 0.05 204 0 0
10.379747 2.288136 0.05 204 0 0
10.379747 2.79661 0.05 204 0 0
10.379747 3.305085 0.05 204 0 0
10.379747 3.813559 0.05 204 0 0
10.379747 4.322034 0.05 204 0 0
10.379747 4.830508 0.05 204 0 0
10.379747 5.338983 0.05 204 0 0
10.379747 5.847458 0.05 204 0 0
10.379747 6.355932 0.05 204 0 0
10.379747 6.864407 0.05 204 0 0
10.379747 7.372881 0.05 204 0 0
10.379747 7.881356 0.05 204 0 0
10.379747 8.389831 0.05 204 0 0
10.379747 8.898305 0.05 204 0 0
10.379747 9.40678 0.05 204 0 0
10.379747 9.915254 0.05 204 0 0
10.379747 10.423729 0.05 204 0 0
10.379747 10.932203 0.05 204 0 0
10.379747 11.440678 0.05 204 0 0
10.379747 11.949153 0.05 204 0 0
10.379747 12.457627 0.05 204 0 0
10.379747 12.966102 0.05 204 0 0
10.379747 13.474576 0.05 204 0 0
10.379747 13.983051 0.05 204 0 0
10.379747 14.491525 0.05 204 0 0
10.379747 15.0 0.05 204 0 0
10.886076 -15.0 0.05 204 0 0
10.886076 -14.491525 0.05 204 0 0
10.886076 -13.983051 0.05 204 0 0
10.886076 -13.474576 0.05 204 0 0
10.886076 -12.966102 0.05 204 0 0
10.886076 -12.457627 0.05 204 0 0
10.886076 -11.949153 0.05 204 0 0
10.886076 -11.440678 0.05 204 0 0
10.886076 -10.932203 0.05 204 0 0
10.886076 -10.423729 0.05 204 0 0
10.886076 -9.915254 0.05 204 0 0
10.886076 -9.40678 0.05 204 0 0
10.886076 -8.898305 0.05 204 0 0
10.886076 -8.389831 0.05 204 0 0
10.886076 -7.881356 0.05 204 0 0
10.886076 -7.372881 0.05 204 0 0
10.886076 -6.864407 0.05 204 0 0
10.886076 -6.355932 0.05 204 0 0
10.886076 -5.847458 0.05 204 0 0
10.886076 -5.338983 0.05 204 0 0
10.886076 -4.830508 0.05 204 0 0
10.886076 -4.322034 0.05 204 0 0
10.886076 -3.813559 0.05 204 0 0
10.886076 -3.305085 0.05 204 0 0
10.886076 -2.79661 0.05 204 0 0
10.886076 -2.288136 0.05 204 0 0
10.886076 -1.779661 0.05 204 0 0
10.886076 -1.271186 0.05 204 0 0
10.886076 -0.762712 0.05 204 0 0
10.886076 -0.254237 0.05 204 0 0
10.886076 0.254237 0.05 204 0 0
10.886076 0.762712 0.05 204 0 0
10.886076 1.271186 0.05 204 0 0
10.886076 1.779661 0.05 204 0 0
10.886076 2.288136 0.05 204 0 0
10.886076 2.79661 0.05 204 0 0
10.886076 3.305085 0.05 204 0 0
10.886076 3.813559 0.05 204 0 0
10.886076 4.322034 0.05 204 0 0
10.886076 4.830508 0.05 204 0 0
10.886076 5.338983 0.05 204 0 0
10.886076 5.847458 0.05 204 0 0
10.886076 6.355932 0.05 204 0 0
10.886076 6.864407 0.05 204 0 0
10.886076 7.372881 0.05 204 0 0
10.886076 7.881356 0.05 204 0 0
10.886076 8.389831 0.05 204 0 0
10.886076 8.898305 0.05 204 0 0
10.886076 9.40678 0.05 204 0 0
10.886076 9.915254 0.05 204 0 0
10.886076 10.423729 0.05 204 0 0
10.886076 10.932203 0.05 204 0 0
10.886076 11.440678 0.05 204 0 0
10.886076 11.949153 0.05 204 0 0
10.886076 12.457627 0.05 204 0 0
10.886076 12.966102 0.05 204 0 0
10.886076 13.474576 0.05 204 0 0
10.886076 13.983051 0.05 204 0 0
10.886076 14.491525 0.05 204 0 0
10.886076 15.0 0.05 204 0 0
11.392405 -15.0 0.05 204 0 0
11.392405 -14.491525 0.05 204 0 0
11.392405 -13.983051 0.05 204 0 0
11.392405 -13.474576 0.05 204 0 0
11.392405 -12.966102 0.05 204 0 0
11.392405 -12.457627 0.05 204 0 0
11.392405 -11.949153 0.05 204 0 0
11.392405 -11.440678 0.05 204 0 0
11.392405 -10.932203 0.05 204 0 0
11.392405 -10.423729 0.05 204 0 0
11.392405 -9.915254 0.05 204 0 0
11.392405 -9.40678 0.05 204 0 0
11.392405 -8.898305 0.05 204 0 0
11.392405 -8.389831 0.05 204 0 0
11.392405 -7.881356 0.05 204 0 0
11.392405 -7.372881 0.05 204 0 0
11.392405 -6.864407 0.05 204 0 0
11.392405 -6.355932 0.05 204 0 0
11.392405 -5.847458 0.05 204 0 0
11.392405 -5.338983 0.05 204 0 0
11.392405 -4.830508 0.05 204 0 0
11.392405 -4.322034 0.05 204 0 0
11.392405 -3.813559 0.05 204 0 0
11.392405 -3.305085 0.05 204 0 0
11.392405 -2.79661 0.05 204 0 0
11.392405 -2.288136 0.05 204 0 0
11.392405 -1.779661 0.05 204 0 0
11.392405 -1.271186 0.05 204 0 0
11.392405 -0.762712 0.05 204 0 0
11.392405 -0.254237 0.05 204 0 0
11.392405 0.254237 0.05 204 0 0
11.392405 0.762712 0.05 204 0 0
11.392405 1.271186 0.05 204 0 0
11.392405 1.779661 0.05 204 0 0
11.392405 2.288136 0.05 204 0 0
11.392405 2.79661 0.05 204 0 0
11.392405 3.305085 0.05 204 0 0
11.392405 3.813559 0.05 204 0 0
11.392405 4.322034 0.05 204 0 0
11.392405 4.830508 0.05 204 0 0
11.392405 5.338983 0.05 204 0 0
11.392405 5.847458 0.05 204 0 0
11.392405 6.355932 0.05 204 0 0
11.392405 6.864407 0.05 204 0 0
11.392405 7.372881 0.05 204 0 0
11.392405 7.881356 0.05 204 0 0
11.392405 8.389831 0.05 204 0 0
11.392405 8.898305 0.05 204 0 0
11.392405 9.40678 0.05 204 0 0
11.392405 9.915254 0.05 204 0 0
11.392405 10.423729 0.05 204 0 0
11.392405 10.932203 0.05 204 0 0
11.392405 11.440678 0.05 204 0 0
11.392405 11.949153 0.05 204 0 0
11.392405 12.457627 0.05 204 0 0
11.392405 12.966102 0.05 204 0 0
11.392405 13.474576 0.05 204 0 0
11.392405 13.983051 0.05 204 0 0
11.392405 14.491525 0.05 204 0 0
11.392405 15.0 0.05 204 0 0
11.898734 -15.0 0.05 204 0 0
11.898734 -14.491525 0.05 204 0 0
11.898734 -13.983051 0.05 204 0 0
11.898734 -13.474576 0.05 204 0 0
11.898734 -12.966102 0.05 204 0 0
11.898734 -12.457627 0.05 204 0 0
11.898734 -11.949153 0.05 204 0 0
11.898734 -11.440678 0.05 204 0 0
11.898734 -10.932203 0.05 204 0 0
11.898734 -10.423729 0.05 204 0 0
11.898734 -9.915254 0.05 204 0 0
11.898734 -9.40678 0.05 204 0 0
11.898734 -8.898305 0.05 204 0 0
11.898734 -8.389831 0.05 204 0 0
11.898734 -7.881356 0.05 204 0 0
11.898734 -7.372881 0.05 204 0 0
11.898734 -6.864407 0.05 204 0 0
11.898734 -6.355932 0.05 204 0 0
11.898734 -5.847458 0.05 204 0 0
11.898734 -5.338983 0.05 204 0 0
11.898734 -4.830508 0.05 204 0 0
11.898734 -4.322034 0.05 204 0 0
11.898734 -3.813559 0.05 204 0 0
11.898734 -3.305085 0.05 204 0 0
11.898734 -2.79661 0.05 204 0 0
11.898734 -2.288136 0.05 204 0 0
11.898734 -1.779661 0.05 204 0 0
11.898734 -1.271186 0.05 204 0 0
11.898734 -0.762712 0.05 204 0 0
11.898734 -0.254237 0.05 204 0 0
11.898734 0.254237 0.05 204 0 0
11.898734 0.762712 0.05 204 0 0
11.898734 1.271186 0.05 204 0 0
11.898734 1.779661 0.05 204 0 0
11.898734 2.288136 0.05 204 0 0
11.898734 2.79661 0.05 204 0 0
11.898734 3.305085 0.05 204 0 0
11.898734 3.813559 0.05 204 0 0
11.898734 4.322034 0.05 204 0 0
11.898734 4.830508 0.05 204 0 0
11.898734 5.338983 0.05 204 0 0
11.898734 5.847458 0.05 204 0 0
11.898734 6.355932 0.05 204 0 0
11.898734 6.864407 0.05 204 0 0
11.898734 7.372881 0.05 204 0 0
11.898734 7.881356 0.05 204 0 0
11.898734 8.389831 0.05 204 0 0
11.898734 8.898305 0.05 204 0 0
11.898734 9.40678 0.05 204 0 0
11.898734 9.915254 0.05 204 0 0
11.898734 10.423729 0.05 204 0 0
11.898734 10.932203 0.05 204 0 0
11.898734 11.440678 0.05 204 0 0
11.898734 11.949153 0.05 204 0 0
11.898734 12.457627 0.05 204 0 0
11.898734 12.966102 0.05 204 0 0
11.898734 13.474576 0.05 204 0 0
11.898734 13.983051 0.05 204 0 0
11.898734 14.491525 0.05 204 0 0
11.898734 15.0 0.05 204 0 0
12.405063 -15.0 0.05 204 0 0
12.405063 -14.491525 0.05 204 0 0
12.405063 -13.983051 0.05 204 0 0
12.405063 -13.474576 0.05 204 0 0
12.405063 -12.966102 0.05 204 0 0
12.405063 -12.457627 0.05 204 0 0
12.405063 -11.949153 0.05 204 0 0
12.405063 -11.440678 0.05 204 0 0
12.405063 -10.932203 0.05 204 0 0
12.405063 -10.423729 0.05 204 0 0
12.405063 -9.915254 0.05 204 0 0
12.405063 -9.40678 0.05 204 0 0
12.405063 -8.898305 0.05 204 0 0
12.405063 -8.389831 0.05 204 0 0
12.405063 -7.881356 0.05 204 0 0
12.405063 -7.372881 0.05 204 0 0
12.405063 -6.864407 0.05 204 0 0
12.405063 -6.355932 0.05 204 0 0
12.405063 -5.847458 0.05 204 0 0
12.405063 -5.338983 0.05 204 0 0
12.405063 -4.830508 0.05 204 0 0
12.405063 -4.322034 0.05 204 0 0
12.405063 -3.813559 0.05 204 0 0
12.405063 -3.305085 0.05 204 0 0
12.405063 -2.79661 0.05 204 0 0
12.405063 -2.288136 0.05 204 0 0
12.405063 -1.779661 0.05 204 0 0
12.405063 -1.271186 0.05 204 0 0
12.405063 -0.762712 0.05 204 0 0
12.405063 -0.254237 0.05 204 0 0
12.405063 0.254237 0.05 204 0 0
12.405063 0.762712 0.05 204 0 0
12.405063 1.271186 0.05 204 0 0
12.405063 1.779661 0.05 204 0 0
12.405063 2.288136 0.05 204 0 0
12.405063 2.79661 0.05 204 0 0
12.405063 3.305085 0.05 204 0 0
12.405063 3.813559 0.05 204 0 0
12.405063 4.322034 0.05 204 0 0
12.405063 4.830508 0.05 204 0 0
12.405063 5.338983 0.05 204 0 0
12.405063 5.847458 0.05 204 0 0
12.405063 6.355932 0.05 204 0 0
12.405063 6.864407 0.05 204 0 0
12.405063 7.372881 0.05 204 0 0
12.405063 7.881356 0.05 204 0 0
12.405063 8.389831 0.05 204 0 0
12.405063 8.898305 0.05 204 0 0
12.405063 9.40678 0.05 204 0 0
12.405063 9.915254 0.05 204 0 0
12.405063 10.423729 0.05 204 0 0
12.405063 10.932203 0.05 204 0 0
12.405063 11.440678 0.05 204 0 0
12.405063 11.949153 0.05 204 0 0
12.405063 12.457627 0.05 204 0 0
12.405063 12.966102 0.05 204 0 0
12.405063 13.474576 0.05 204 0 0
12.405063 13.983051 0.05 204 0 0
12.405063 14.491525 0.05 204 0 0
12.405063 15.0 0.05 204 0 0
12.911392 -15.0 0.05 204 0 0
12.911392 -14.491525 0.05 204 0 0
12.911392 -13.983051 0.05 204 0 0
12.911392 -13.474576 0.05 204 0 0
12.911392 -12.966102 0.05 204 0 0
12.911392 -12.457627 0.05 204 0 0
12.911392 -11.949153 0.05 204 0 0
12.911392 -11.440678 0.05 204 0 0
12.911392 -10.932203 0.05 204 0 0
12.911392 -10.423729 0.05 204 0 0
12.911392 -9.915254 0.05 204 0 0
12.911392 -9.40678 0.05 204 0 0
12.911392 -8.898305 0.05 204 0 0
12.911392 -8.389831 0.05 204 0 0
12.911392 -7.881356 0.05 204 0 0
12.911392 -7.372881 0.05 204 0 0
12.911392 -6.864407 0.05 204 0 0
12.911392 -6.355932 0.05 204 0 0
12.911392 -5.847458 0.05 204 0 0
12.911392 -5.338983 0.05 204 0 0
12.911392 -4.830508 0.05 204 0 0
12.911392 -4.322034 0.05 204 0 0
12.911392 -3.813559 0.05 204 0 0
12.911392 -3.305085 0.05 204 0 0
12.911392 -2.79661 0.05 204 0 0
12.911392 -2.288136 0.05 204 0 0
12.911392 -1.779661 0.05 204 0 0
12.911392 -1.271186 0.05 204 0 0
12.911392 -0.762712 0.05 204 0 0
12.911392 -0.254237 0.05 204 0 0
12.911392 0.254237 0.05 204 0 0
12.911392 0.762712 0.05 204 0 0
12.911392 1.271186 0.05 204 0 0
12.911392 1.779661 0.05 204 0 0
12.911392 2.288136 0.05 204 0 0
12.911392 2.79661 0.05 204 0 0
12.911392 3.305085 0.05 204 0 0
12.911392 3.813559 0.05 204 0 0
12.911392 4.322034 0.05 204 0 0
12.911392 4.830508 0.05 204 0 0
12.911392 5.338983 0.05 204 0 0
12.911392 5.847458 0.05 204 0 0
12.911392 6.355932 0.05 204 0 0
12.911392 6.864407 0.05 204 0 0
12.911392 7.372881 0.05 204 0 0
12.911392 7.881356 0.05 204 0 0
12.911392 8.389831 0.05 204 0 0
12.911392 8.898305 0.05 204 0 0
12.911392 9.40678 0.05 204 0 0
12.911392 9.915254 0.05 204 0 0
12.911392 10.423729 0.05 204 0 0
12.911392 10.932203 0.05 204 0 0
12.911392 11.440678 0.05 204 0 0
12.911392 11.949153 0.05 204 0 0
12.911392 12.457627 0.05 204 0 0
12.911392 12.966102 0.05 204 0 0
12.911392 13.474576 0.05 204 0 0
12.911392 13.983051 0.05 204 0 0
12.911392 14.491525 0.05 204 0 0
12.911392 15.0 0.05 204 0 0
13.417722 -15.0 0.05 204 0 0
13.417722 -14.491525 0.05 204 0 0
13.417722 -13.983051 0.05 204 0 0
13.417722 -13.474576 0.05 204 0 0
13.417722 -12.966102 0.05 204 0 0
13.417722 -12.457627 0.05 204 0 0
13.417722 -11.949153 0.05 204 0 0
13.417722 -11.440678 0.05 204 0 0
13.417722 -10.932203 0.05 204 0 0
13.417722 -10.423729 0.05 204 0 0
13.417722 -9.915254 0.05 204 0 0
13.417722 -9.40678 0.05 204 0 0
13.417722 -8.898305 0.05 204 0 0
13.417722 -8.389831 0.05 204 0 0
13.417722 -7.881356 0.05 204 0 0
13.417722 -7.372881 0.05 204 0 0
13.417722 -6.864407 0.05 204 0 0
13.417722 -6.355932 0.05 204 0 0
13.417722 -5.847458 0.05 204 0 0
13.417722 -5.338983 0.05 204 0 0
13.417722 -4.830508 0.05 204 0 0
13.417722 -4.322034 0.05 204 0 0
13.417722 -3.813559 0.05 204 0 0
13.417722 -3.305085 0.05 204 0 0
13.417722 -2.79661 0.05 204 0 0
13.417722 -2.288136 0.05 204 0 0
13.417722 -1.779661 0.05 204 0 0
13.417722 -1.271186 0.05 204 0 0
13.417722 -0.762712 0.05 204 0 0
13.417722 -0.254237 0.05 204 0 0
13.417722 0.254237 0.05 204 0 0
13.417722 0.762712 0.05 204 0 0
13.417722 1.271186 0.05 204 0 0
13.417722 1.779661 0.05 204 0 0
13.417722 2.288136 0.05 204 0 0
13.417722 2.79661 0.05 204 0 0
13.417722 3.305085 0.05 204 0 0
13.417722 3.813559 0.05 204 0 0
13.417722 4.322034 0.05 204 0 0
13.417722 4.830508 0.05 204 0 0
13.417722 5.338983 0.05 204 0 0
13.417722 5.847458 0.05 204 0 0
13.417722 6.355932 0.05 204 0 0
13.417722 6.864407 0.05 204 0 0
13.417722 7.372881 0.05 204 0 0
13.417722 7.881356 0.05 204 0 0
13.417722 8.389831 0.05 204 0 0
13.417722 8.898305 0.05 204 0 0
13.417722 9.40678 0.05 204 0 0
13.417722 9.915254 0.05 204 0 0
13.417722 10.423729 0.05 204 0 0
13.417722 10.932203 0.05 204 0 0
13.417722 11.440678 0.05 204 0 0
13.417722 11.949153 0.05 204 0 0
13.417722 12.457627 0.05 204 0 0
13.417722 12.966102 0.05 204 0 0
13.417722 13.474576 0.05 204 0 0
13.417722 13.983051 0.05 204 0 0
13.417722 14.491525 0.05 204 0 0
13.417722 15.0 0.05 204 0 0
13.924051 -15.0 0.05 204 0 0
13.924051 -14.491525 0.05 204 0 0
13.924051 -13.983051 0.05 204 0 0
13.924051 -13.474576 0.05 204 0 0
13.924051 -12.966102 0.05 204 0 0
13.924051 -12.457627 0.05 204 0 0
13.924051 -11.949153 0.05 204 0 0
13.924051 -11.440678 0.05 204 0 0
13.924051 -10.932203 0.05 204 0 0
13.924051 -10.423729 0.05 204 0 0
13.924051 -9.915254 0.05 204 0 0
13.924051 -9.40678 0.05 204 0 0
13.924051 -8.898305 0.05 204 0 0
13.924051 -8.389831 0.05 204 0 0
13.924051 -7.881356 0.05 204 0 0
13.924051 -7.372881 0.05 204 0 0
13.924051 -6.864407 0.05 204 0 0
13.924051 -6.355932 0.05 204 0 0
13.924051 -5.847458 0.05 204 0 0
13.924051 -5.338983 0.05 204 0 0
13.924051 -4.830508 0.05 204 0 0
13.924051 -4.322034 0.05 204 0 0
13.924051 -3.813559 0.05 204 0 0
13.924051 -3.305085 0.05 204 0 0
13.924051 -2.79661 0.05 204 0 0
13.924051 -2.288136 0.05 204 0 0
13.924051 -1.779661 0.05 204 0 0
13.924051 -1.271186 0.05 204 0 0
13.924051 -0.762712 0.05 204 0 0
13.924051 -0.254237 0.05 204 0 0
13.924051 0.254237 0.05 204 0 0
13.924051 0.762712 0.05 204 0 0
13.924051 1.271186 0.05 204 0 0
13.924051 1.779661 0.05 204 0 0
13.924051 2.288136 0.05 204 0 0
13.924051 2.79661 0.05 204 0 0
13.924051 3.305085 0.05 204 0 0
13.924051 3.813559 0.05 204 0 0
13.924051 4.322034 0.05 204 0 0
13.924051 4.830508 0.05 204 0 0
13.924051 5.338983 0.05 204 0 0
13.924051 5.847458 0.05 204 0 0
13.924051 6.355932 0.05 204 0 0
13.924051 6.864407 0.05 204 0 0
13.924051 7.372881 0.05 204 0 0
13.924051 7.881356 0.05 204 0 0
13.924051 8.389831 0.05 204 0 0
13.924051 8.898305 0.05 204 0 0
13.924051 9.40678 0.05 204 0 0
13.924051 9.915254 0.05 204 0 0
13.924051 10.423729 0.05 204 0 0
13.924051 10.932203 0.05 204 0 0
13.924051 11.440678 0.05 204 0 0
13.924051 11.949153 0.05 204 0 0
13.924051 12.457627 0.05 204 0 0
13.924051 12.966102 0.05 204 0 0
13.924051 13.474576 0.05 204 0 0
13.924051 13.983051 0.05 204 0 0
13.924051 14.491525 0.05 204 0 0
13.924051 15.0 0.05 204 0 0
14.43038 -15.0 0.05 204 0 0
14.43038 -14.491525 0.05 204 0 0
14.43038 -13.983051 0.05 204 0 0
14.43038 -13.474576 0.05 204 0 0
14.43038 -12.966102 0.05 204 0 0
14.43038 -12.457627 0.05 204 0 0
14.43038 -11.949153 0.05 204 0 0
14.43038 -11.440678 0.05 204 0 0
14.43038 -10.932203 0.05 204 0 0
14.43038 -10.423729 0.05 204 0 0
14.43038 -9.915254 0.05 204 0 0
14.43038 -9.40678 0.05 204 0 0
14.43038 -8.898305 0.05 204 0 0
14.43038 -8.389831 0.05 204 0 0
14.43038 -7.881356 0.05 204 0 0
14.43038 -7.372881 0.05 204 0 0
14.43038 -6.864407 0.05 204 0 0
14.43038 -6.355932 0.05 204 0 0
14.43038 -5.847458 0.05 204 0 0
14.43038 -5.338983 0.05 204 0 0
14.43038 -4.830508 0.05 204 0 0
14.43038 -4.322034 0.05 204 0 0
14.43038 -3.813559 0.05 204 0 0
14.43038 -3.305085 0.05 204 0 0
14.43038 -2.79661 0.05 204 0 0
14.43038 -2.288136 0.05 204 0 0
14.43038 -1.779661 0.05 204 0 0
14.43038 -1.271186 0.05 204 0 0
14.43038 -0.762712 0.05 204 0 0
14.43038 -0.254237 0.05 204 0 0
14.43038 0.254237 0.05 204 0 0
14.43038 0.762712 0.05 204 0 0
14.43038 1.271186 0.05 204 0 0
14.43038 1.779661 0.05 204 0 0
14.43038 2.288136 0.05 204 0 0
14.43038 2.79661 0.05 204 0 0
14.43038 3.305085 0.05 204 0 0
14.43038 3.813559 0.05 204 0 0
14.43038 4.322034 0.05 204 0 0
14.43038 4.830508 0.05 204 0 0
14.43038 5.338983 0.05 204 0 0
14.43038 5.847458 0.05 204 0 0
14.43038 6.355932 0.05 204 0 0
14.43038 6.864407 0.05 204 0 0
14.43038 7.372881 0.05 204 0 0
14.43038 7.881356 0.05 204 0 0
14.43038 8.389831 0.05 204 0 0
14.43038 8.898305 0.05 204 0 0
14.43038 9.40678 0.05 204 0 0
14.43038 9.915254 0.05 204 0 0
14.43038 10.423729 0.05 204 0 0
14.43038 10.932203 0.05 204 0 0
14.43038 11.440678 0.05 204 0 0
14.43038 11.949153 0.05 204 0 0
14.43038 12.457627 0.05 204 0 0
14.43038 12.966102 0.05 204 0 0
14.43038 13.474576 0.05 204 0 0
14.43038 13.983051 0.05 204 0 0
14.43038 14.491525 0.05 204 0 0
14.43038 15.0 0.05 204 0 0
14.936709 -15.0 0.05 204 0 0
14.936709 -14.491525 0.05 204 0 0
14.936709 -13.983051 0.05 204 0 0
14.936709 -13.474576 0.05 204 0 0
14.936709 -12.966102 0.05 204 0 0
14.936709 -12.457627 0.05 204 0 0
14.936709 -11.949153 0.05 204 0 0
14.936709 -11.440678 0.05 204 0 0
14.936709 -10.932203 0.05 204 0 0
14.936709 -10.423729 0.05 204 0 0
14.936709 -9.915254 0.05 204 0 0
14.936709 -9.40678 0.05 204 0 0
14.936709 -8.898305 0.05 204 0 0
14.936709 -8.389831 0.05 204 0 0
14.936709 -7.881356 0.05 204 0 0
14.936709 -7.372881 0.05 204 0 0
14.936709 -6.864407 0.05 204 0 0
14.936709 -6.355932 0.05 204 0 0
14.936709 -5.847458 0.05 204 0 0
14.936709 -5.338983 0.05 204 0 0
14.936709 -4.830508 0.05 204 0 0
14.936709 -4.322034 0.05 204 0 0
14.936709 -3.813559 0.05 204 0 0
14.936709 -3.305085 0.05 204 0 0
14.936709 -2.79661 0.05 204 0 0
14.936709 -2.288136 0.05 204 0 0
14.936709 -1.779661 0.05 204 0 0
14.936709 -1.271186 0.05 204 0 0
14.936709 -0.762712 0.05 204 0 0
14.936709 -0.254237 0.05 204 0 0
14.936709 0.254237 0.05 204 0 0
14.936709 0.762712 0.05 204 0 0
14.936709 1.271186 0.05 204 0 0
14.936709 1.779661 0.05 204 0 0
14.936709 2.288136 0.05 204 0 0
14.936709 2.79661 0.05 204 0 0
14.936709 3.305085 0.05 204 0 0
14.936709 3.813559 0.05 204 0 0
14.936709 4.322034 0.05 204 0 0
14.936709 4.830508 0.05 204 0 0
14.936709 5.338983 0.05 204 0 0
14.936709 5.847458 0.05 204 0 0
14.936709 6.355932 0.05 204 0 0
14.936709 6.864407 0.05 204 0 0
14.936709 7.372881 0.05 204 0 0
14.936709 7.881356 0.05 204 0 0
14.936709 8.389831 0.05 204 0 0
14.936709 8.898305 0.05 204 0 0
14.936709 9.40678 0.05 204 0 0
14.936709 9.915254 0.05 204 0 0
14.936709 10.423729 0.05 204 0 0
14.936709 10.932203 0.05 204 0 0
14.936709 11.440678 0.05 204 0 0
14.936709 11.949153 0.05 204 0 0
14.936709 12.457627 0.05 204 0 0
14.936709 12.966102 0.05 204 0 0
14.936709 13.474576 0.05 204 0 0
14.936709 13.983051 0.05 204 0 0
14.936709 14.491525 0.05 204 0 0
14.936709 15.0 0.05 204 0 0
15.443038 -15.0 0.05 204 0 0
15.443038 -14.491525 0.05 204 0 0
15.443038 -13.983051 0.05 204 0 0
15.443038 -13.474576 0.05 204 0 0
15.443038 -12.966102 0.05 204 0 0
15.443038 -12.457627 0.05 204 0 0
15.443038 -11.949153 0.05 204 0 0
15.443038 -11.440678 0.05 204 0 0
15.443038 -10.932203 0.05 204 0 0
15.443038 -10.423729 0.05 204 0 0
15.443038 -9.915254 0.05 204 0 0
15.443038 -9.40678 0.05 204 0 0
15.443038 -8.898305 0.05 204 0 0
15.443038 -8.389831 0.05 204 0 0
15.443038 -7.881356 0.05 204 0 0
15.443038 -7.372881 0.05 204 0 0
15.443038 -6.864407 0.05 204 0 0
15.443038 -6.355932 0.05 204 0 0
15.443038 -5.847458 0.05 204 0 0
15.443038 -5.338983 0.05 204 0 0
15.443038 -4.830508 0.05 204 0 0
15.443038 -4.322034 0.05 204 0 0
15.443038 -3.813559 0.05 204 0 0
15.443038 -3.305085 0.05 204 0 0
15.443038 -2.79661 0.05 204 0 0
15.443038 -2.288136 0.05 204 0 0
15.443038 -1.779661 0.05 204 0 0
15.443038 -1.271186 0.05 204 0 0
15.443038 -0.762712 0.05 204 0 0
15.443038 -0.254237 0.05 204 0 0
15.443038 0.254237 0.05 204 0 0
15.443038 0.762712 0.05 204 0 0
15.443038 1.271186 0.05 204 0 0
15.443038 1.779661 0.05 204 0 0
15.443038 2.288136 0.05 204 0 0
15.443038 2.79661 0.05 204 0 0
15.443038 3.305085 0.05 204 0 0
15.443038 3.813559 0.05 204 0 0
15.443038 4.322034 0.05 204 0 0
15.443038 4.830508 0.05 204 0 0
15.443038 5.338983 0.05 204 0 0
15.443038 5.847458 0.05 204 0 0
15.443038 6.355932 0.05 204 0 0
15.443038 6.864407 0.05 204 0 0
15.443038 7.372881 0.05 204 0 0
15.443038 7.881356 0.05 204 0 0
15.443038 8.389831 0.05 204 0 0
15.443038 8.898305 0.05 204 0 0
15.443038 9.40678 0.05 204 0 0
15.443038 9.915254 0.05 204 0 0
15.443038 10.423729 0.05 204 0 0
15.443038 10.932203 0.05 204 0 0
15.443038 11.440678 0.05 204 0 0
15.443038 11.949153 0.05 204 0 0
15.443038 12.457627 0.05 204 0 0
15.443038 12.966102 0.05 204 0 0
15.443038 13.474576 0.05 204 0 0
15.443038 13.983051 0.05 204 0 0
15.443038 14.491525 0.05 204 0 0
15.443038 15.0 0.05 204 0 0
15.949367 -15.0 0.05 204 0 0
15.949367 -14.491525 0.05 204 0 0
15.949367 -13.983051 0.05 204 0 0
15.949367 -13.474576 0.05 204 0 0
15.949367 -12.966102 0.05 204 0 0
15.949367 -12.457627 0.05 204 0 0
15.949367 -11.949153 0.05 204 0 0
15.949367 -11.440678 0.05 204 0 0
15.949367 -10.932203 0.05 204 0 0
15.949367 -10.423729 0.05 204 0 0
15.949367 -9.915254 0.05 204 0 0
15.949367 -9.40678 0.05 204 0 0
15.949367 -8.898305 0.05 204 0 0
15.949367 -8.389831 0.05 204 0 0
15.949367 -7.881356 0.05 204 0 0
15.949367 -7.372881 0.05 204 0 0
15.949367 -6.864407 0.05 204 0 0
15.949367 -6.355932 0.05 204 0 0
15.949367 -5.847458 0.05 204 0 0
15.949367 -5.338983 0.05 204 0 0
15.949367 -4.830508 0.05 204 0 0
15.949367 -4.322034 0.05 204 0 0
15.949367 -3.813559 0.05 204 0 0
15.949367 -3.305085 0.05 204 0 0
15.949367 -2.79661 0.05 204 0 0
15.949367 -2.288136 0.05 204 0 0
15.949367 -1.779661 0.05 204 0 0
15.949367 -1.271186 0.05 204 0 0
15.949367 -0.762712 0.05 204 0 0
15.949367 -0.254237 0.05 204 0 0
15.949367 0.254237 0.05 204 0 0
15.949367 0.762712 0.05 204 0 0
15.949367 1.271186 0.05 204 0 0
15.949367 1.779661 0.05 204 0 0
15.949367 2.288136 0.05 204 0 0
15.949367 2.79661 0.05 204 0 0
15.949367 3.305085 0.05 204 0 0
15.949367 3.813559 0.05 204 0 0
15.949367 4.322034 0.05 204 0 0
15.949367 4.830508 0.05 204 0 0
15.949367 5.338983 0.05 204 0 0
15.949367 5.847458 0.05 204 0 0
15.949367 6.355932 0.05 204 0 0
15.949367 6.864407 0.05 204 0 0
15.949367 7.372881 0.05 204 0 0
15.949367 7.881356 0.05 204 0 0
15.949367 8.389831 0.05 204 0 0
15.949367 8.898305 0.05 204 0 0
15.949367 9.40678 0.05 204 0 0
15.949367 9.915254 0.05 204 0 0
15.949367 10.423729 0.05 204 0 0
15.949367 10.932203 0.05 204 0 0
15.949367 11.440678 0.05 204 0 0
15.949367 11.949153 0.05 204 0 0
15.949367 12.457627 0.05 204 0 0
15.949367 12.966102 0.05 204 0 0
15.949367 13.474576 0.05 204 0 0
15.949367 13.983051 0.05 204 0 0
15.949367 14.491525 0.05 204 0 0
15.949367 15.0 0.05 204 0 0
16.455696 -15.0 0.05 204 0 0
16.455696 -14.491525 0.05 204 0 0
16.455696 -13.983051 0.05 204 0 0
16.455696 -13.474576 0.05 204 0 0
16.455696 -12.966102 0.05 204 0 0
16.455696 -12.457627 0.05 204 0 0
16.455696 -11.949153 0.05 204 0 0
16.455696 -11.440678 0.05 204 0 0
16.455696 -10.932203 0.05 204 0 0
16.455696 -10.423729 0.05 204 0 0
16.455696 -9.915254 0.05 204 0 0
16.455696 -9.40678 0.05 204 0 0
16.455696 -8.898305 0.05 204 0 0
16.455696 -8.389831 0.05 204 0 0
16.455696 -7.881356 0.05 204 0 0
16.455696 -7.372881 0.05 204 0 0
16.455696 -6.864407 0.05 204 0 0
16.455696 -6.355932 0.05 204 0 0
16.455696 -5.847458 0.05 204 0 0
16.455696 -5.338983 0.05 204 0 0
16.455696 -4.830508 0.05 204 0 0
16.455696 -4.322034 0.05 204 0 0
16.455696 -3.813559 0.05 204 0 0
16.455696 -3.305085 0.05 204 0 0
16.455696 -2.79661 0.05 204 0 0
16.455696 -2.288136 0.05 204 0 0
16.455696 -1.779661 0.05 204 0 0
16.455696 -1.271186 0.05 204 0 0
16.455696 -0.762712 0.05 204 0 0
16.455696 -0.254237 0.05 204 0 0
16.455696 0.254237 0.05 204 0 0
16.455696 0.762712 0.05 204 0 0
16.455696 1.271186 0.05 204 0 0
16.455696 1.779661 0.05 204 0 0
16.455696 2.288136 0.05 204 0 0
16.455696 2.79661 0.05 204 0 0
16.455696 3.305085 0.05 204 0 0
16.455696 3.813559 0.05 204 0 0
16.455696 4.322034 0.05 204 0 0
16.455696 4.830508 0.05 204 0 0
16.455696 5.338983 0.05 204 0 0
16.455696 5.847458 0.05 204 0 0
16.455696 6.355932 0.05 204 0 0
16.455696 6.864407 0.05 204 0 0
16.455696 7.372881 0.05 204 0 0
16.455696 7.881356 0.05 204 0 0
16.455696 8.389831 0.05 204 0 0
16.455696 8.898305 0.05 204 0 0
16.455696 9.40678 0.05 204 0 0
16.455696 9.915254 0.05 204 0 0
16.455696 10.423729 0.05 204 0 0
16.455696 10.932203 0.05 204 0 0
16.455696 11.440678 0.05 204 0 0
16.455696 11.949153 0.05 204 0 0
16.455696 12.457627 0.05 204 0 0
16.455696 12.966102 0.05 204 0 0
16.455696 13.474576 0.05 204 0 0
16.455696 13.983051 0.05 204 0 0
16.455696 14.491525 0.05 204 0 0
16.455696 15.0 0.05 204 0 0
16.962025 -15.0 0.05 204 0 0
16.962025 -14.491525 0.05 204 0 0
16.962025 -13.983051 0.05 204 0 0
16.962025 -13.474576 0.05 204 0 0
16.962025 -12.966102 0.05 204 0 0
16.962025 -12.457627 0.05 204 0 0
16.962025 -11.949153 0.05 204 0 0
16.962025 -11.440678 0.05 204 0 0
16.962025 -10.932203 0.05 204 0 0
16.962025 -10.423729 0.05 204 0 0
16.962025 -9.915254 0.05 204 0 0
16.962025 -9.40678 0.05 204 0 0
16.962025 -8.898305 0.05 204 0 0
16.962025 -8.389831 0.05 204 0 0
16.962025 -7.881356 0.05 204 0 0
16.962025 -7.372881 0.05 204 0 0
16.962025 -6.864407 0.05 204 0 0
16.962025 -6.355932 0.05 204 0 0
16.962025 -5.847458 0.05 204 0 0
16.962025 -5.338983 0.05 204 0 0
16.962025 -4.830508 0.05 204 0 0
16.962025 -4.322034 0.05 204 0 0
16.962025 -3.813559 0.05 204 0 0
16.962025 -3.305085 0.05 204 0 0
16.962025 -2.79661 0.05 204 0 0
16.962025 -2.288136 0.05 204 0 0
16.962025 -1.779661 0.05 204 0 0
16.962025 -1.271186 0.05 204 0 0
16.962025 -0.762712 0.05 204 0 0
16.962025 -0.254237 0.05 204 0 0
16.962025 0.254237 0.05 204 0 0
16.962025 0.762712 0.05 204 0 0
16.962025 1.271186 0.05 204 0 0
16.962025 1.779661 0.05 204 0 0
16.962025 2.288136 0.05 204 0 0
16.962025 2.79661 0.05 204 0 0
16.962025 3.305085 0.05 204 0 0
16.962025 3.813559 0.05 204 0 0
16.962025 4.322034 0.05 204 0 0
16.962025 4.830508 0.05 204 0 0
16.962025 5.338983 0.05 204 0 0
16.962025 5.847458 0.05 204 0 0
16.962025 6.355932 0.05 204 0 0
16.962025 6.864407 0.05 204 0 0
16.962025 7.372881 0.05 204 0 0
16.962025 7.881356 0.05 204 0 0
16.962025 8.389831 0.05 204 0 0
16.962025 8.898305 0.05 204 0 0
16.962025 9.40678 0.05 204 0 0
16.962025 9.915254 0.05 204 0 0
16.962025 10.423729 0.05 204 0 0
16.962025 10.932203 0.05 204 0 0
16.962025 11.440678 0.05 204 0 0
16.962025 11.949153 0.05 204 0 0
16.962025 12.457627 0.05 204 0 0
16.962025 12.966102 0.05 204 0 0
16.962025 13.474576 0.05 204 0 0
16.962025 13.983051 0.05 204 0 0
16.962025 14.491525 0.05 204 0 0
16.962025 15.0 0.05 204 0 0
17.468354 -15.0 0.05 204 0 0
17.468354 -14.491525 0.05 204 0 0
17.468354 -13.983051 0.05 204 0 0
17.468354 -13.474576 0.05 204 0 0
17.468354 -12.966102 0.05 204 0 0
17.468354 -12.457627 0.05 204 0 0
17.468354 -11.949153 0.05 204 0 0
17.468354 -11.440678 0.05 204 0 0
17.468354 -10.932203 0.05 204 0 0
17.468354 -10.423729 0.05 204 0 0
17.468354 -9.915254 0.05 204 0 0
17.468354 -9.40678 0.05 204 0 0
17.468354 -8.898305 0.05 204 0 0
17.468354 -8.389831 0.05 204 0 0
17.468354 -7.881356 0.05 204 0 0
17.468354 -7.372881 0.05 204 0 0
17.468354 -6.864407 0.05 204 0 0
17.468354 -6.355932 0.05 204 0 0
17.468354 -5.847458 0.05 204 0 0
17.468354 -5.338983 0.05 204 0 0
17.468354 -4.830508 0.05 204 0 0
17.468354 -4.322034 0.05 204 0 0
17.468354 -3.813559 0.05 204 0 0
17.468354 -3.305085 0.05 204 0 0
17.468354 -2.79661 0.05 204 0 0
17.468354 -2.288136 0.05 204 0 0
17.468354 -1.779661 0.05 204 0 0
17.468354 -1.271186 0.05 204 0 0
17.468354 -0.762712 0.05 204 0 0
17.468354 -0.254237 0.05 204 0 0
17.468354 0.254237 0.05 204 0 0
17.468354 0.762712 0.05 204 0 0
17.468354 1.271186 0.05 204 0 0
17.468354 1.779661 0.05 204 0 0
17.468354 2.288136 0.05 204 0 0
17.468354 2.79661 0.05 204 0 0
17.468354 3.305085 0.05 204 0 0
17.468354 3.813559 0.05 204 0 0
17.468354 4.322034 0.05 204 0 0
17.468354 4.830508 0.05 204 0 0
17.468354 5.338983 0.05 204 0 0
17.468354 5.847458 0.05 204 0 0
17.468354 6.355932 0.05 204 0 0
17.468354 6.864407 0.05 204 0 0
17.468354 7.372881 0.05 204 0 0
17.468354 7.881356 0.05 204 0 0
17.468354 8.389831 0.05 204 0 0
17.468354 8.898305 0.05 204 0 0
17.468354 9.40678 0.05 204 0 0
17.468354 9.915254 0.05 204 0 0
17.468354 10.423729 0.05 204 0 0
17.468354 10.932203 0.05 204 0 0
17.468354 11.440678 0.05 204 0 0
17.468354 11.949153 0.05 204 0 0
17.468354 12.457627 0.05 204 0 0
17.468354 12.966102 0.05 204 0 0
17.468354 13.474576 0.05 204 0 0
17.468354 13.983051 0.05 204 0 0
17.468354 14.491525 0.05 204 0 0
17.468354 15.0 0.05 204 0 0
17.974684 -15.0 0.05 204 0 0
17.974684 -14.491525 0.05 204 0 0
17.974684 -13.983051 0.05 204 0 0
17.974684 -13.474576 0.05 204 0 0
17.974684 -12.966102 0.05 204 0 0
17.974684 -12.457627 0.05 204 0 0
17.974684 -11.949153 0.05 204 0 0
17.974684 -11.440678 0.05 204 0 0
17.974684 -10.932203 0.05 204 0 0
17.974684 -10.423729 0.05 204 0 0
17.974684 -9.915254 0.05 204 0 0
17.974684 -9.40678 0.05 204 0 0
17.974684 -8.898305 0.05 204 0 0
17.974684 -8.389831 0.05 204 0 0
17.974684 -7.881356 0.05 204 0 0
17.974684 -7.372881 0.05 204 0 0
17.974684 -6.864407 0.05 204 0 0
17.974684 -6.355932 0.05 204 0 0
17.974684 -5.847458 0.05 204 0 0
17.974684 -5.338983 0.05 204 0 0
17.974684 -4.830508 0.05 204 0 0
17.974684 -4.322034 0.05 204 0 0
17.974684 -3.813559 0.05 204 0 0
17.974684 -3.305085 0.05 204 0 0
17.974684 -2.79661 0.05 204 0 0
17.974684 -2.288136 0.05 204 0 0
17.974684 -1.779661 0.05 204 0 0
17.974684 -1.271186 0.05 204 0 0
17.974684 -0.762712 0.05 204 0 0
17.974684 -0.254237 0.05 204 0 0
17.974684 0.254237 0.05 204 0 0
17.974684 0.762712 0.05 204 0 0
17.974684 1.271186 0.05 204 0 0
17.974684 1.779661 0.05 204 0 0
17.974684 2.288136 0.05 204 0 0
17.974684 2.79661 0.05 204 0 0
17.974684 3.305085 0.05 204 0 0
17.974684 3.813559 0.05 204 0 0
17.974684 4.322034 0.05 204 0 0
17.974684 4.830508 0.05 204 0 0
17.974684 5.338983 0.05 204 0 0
17.974684 5.847458 0.05 204 0 0
17.974684 6.355932 0.05 204 0 0
17.974684 6.864407 0.05 204 0 0
17.974684 7.372881 0.05 204 0 0
17.974684 7.881356 0.05 204 0 0
17.974684 8.389831 0.05 204 0 0
17.974684 8.898305 0.05 204 0 0
17.974684 9.40678 0.05 204 0 0
17.974684 9.915254 0.05 204 0 0
17.974684 10.423729 0.05 204 0 0
17.974684 10.932203 0.05 204 0 0
17.974684 11.440678 0.05 204 0 0
17.974684 11.949153 0.05 204 0 0
17.974684 12.457627 0.05 204 0 0
17.974684 12.966102 0.05 204 0 0
17.974684 13.474576 0.05 204 0 0
17.974684 13.983051 0.05 204 0 0
17.974684 14.491525 0.05 204 0 0
17.974684 15.0 0.05 204 0 0
18.481013 -15.0 0.05 204 0 0
18.481013 -14.491525 0.05 204 0 0
18.481013 -13.983051 0.05 204 0 0
18.481013 -13.474576 0.05 204 0 0
18.481013 -12.966102 0.05 204 0 0
18.481013 -12.457627 0.05 204 0 0
18.481013 -11.949153 0.05 204 0 0
18.481013 -11.440678 0.05 204 0 0
18.481013 -10.932203 0.05 204 0 0
18.481013 -10.423729 0.05 204 0 0
18.481013 -9.915254 0.05 204 0 0
18.481013 -9.40678 0.05 204 0 0
18.481013 -8.898305 0.05 204 0 0
18.481013 -8.389831 0.05 204 0 0
18.481013 -7.881356 0.05 204 0 0
18.481013 -7.372881 0.05 204 0 0
18.481013 -6.864407 0.05 204 0 0
18.481013 -6.355932 0.05 204 0 0
18.481013 -5.847458 0.05 204 0 0
18.481013 -5.338983 0.05 204 0 0
18.481013 -4.830508 0.05 204 0 0
18.481013 -4.322034 0.05 204 0 0
18.481013 -3.813559 0.05 204 0 0
18.481013 -3.305085 0.05 204 0 0
18.481013 -2.79661 0.05 204 0 0
18.481013 -2.288136 0.05 204 0 0
18.481013 -1.779661 0.05 204 0 0
18.481013 -1.271186 0.05 204 0 0
18.481013 -0.762712 0.05 204 0 0
18.481013 -0.254237 0.05 204 0 0
18.481013 0.254237 0.05 204 0 0
18.481013 0.762712 0.05 204 0 0
18.481013 1.271186 0.05 204 0 0
18.481013 1.779661 0.05 204 0 0
18.481013 2.288136 0.05 204 0 0
18.481013 2.79661 0.05 204 0 0
18.481013 3.305085 0.05 204 0 0
18.481013 3.813559 0.05 204 0 0
18.481013 4.322034 0.05 204 0 0
18.481013 4.830508 0.05 204 0 0
18.481013 5.338983 0.05 204 0 0
18.481013 5.847458 0.05 204 0 0
18.481013 6.355932 0.05 204 0 0
18.481013 6.864407 0.05 204 0 0
18.481013 7.372881 0.05 204 0 0
18.481013 7.881356 0.05 204 0 0
18.481013 8.389831 0.05 204 0 0
18.481013 8.898305 0.05 204 0 0
18.481013 9.40678 0.05 204 0 0
18.481013 9.915254 0.05 204 0 0
18.481013 10.423729 0.05 204 0 0
18.481013 10.932203 0.05 204 0 0
18.481013 11.440678 0.05 204 0 0
18.481013 11.949153 0.05 204 0 0
18.481013 12.457627 0.05 204 0 0
18.481013 12.966102 0.05 204 0 0
18.481013 13.474576 0.05 204 0 0
18.481013 13.983051 0.05 204 0 0
18.481013 14.491525 0.05 204 0 0
18.481013 15.0 0.05 204 0 0
18.987342 -15.0 0.05 204 0 0
18.987342 -14.491525 0.05 204 0 0
18.987342 -13.983051 0.05 204 0 0
18.987342 -13.474576 0.05 204 0 0
18.987342 -12.966102 0.05 204 0 0
18.987342 -12.457627 0.05 204 0 0
18.987342 -11.949153 0.05 204 0 0
18.987342 -11.440678 0.05 204 0 0
18.987342 -10.932203 0.05 204 0 0
18.987342 -10.423729 0.05 204 0 0
18.987342 -9.915254 0.05 204 0 0
18.987342 -9.40678 0.05 204 0 0
18.987342 -8.898305 0.05 204 0 0
18.987342 -8.389831 0.05 204 0 0
18.987342 -7.881356 0.05 204 0 0
18.987342 -7.372881 0.05 204 0 0
18.987342 -6.864407 0.05 204 0 0
18.987342 -6.355932 0.05 204 0 0
18.987342 -5.847458 0.05 204 0 0
18.987342 -5.338983 0.05 204 0 0
18.987342 -4.830508 0.05 204 0 0
18.987342 -4.322034 0.05 204 0 0
18.987342 -3.813559 0.05 204 0 0
18.987342 -3.305085 0.05 204 0 0
18.987342 -2.79661 0.05 204 0 0
18.987342 -2.288136 0.05 204 0 0
18.987342 -1.779661 0.05 204 0 0
18.987342 -1.271186 0.05 204 0 0
18.987342 -0.762712 0.05 204 0 0
18.987342 -0.254237 0.05 204 0 0
18.987342 0.254237 0.05 204 0 0
18.987342 0.762712 0.05 204 0 0
18.987342 1.271186 0.05 204 0 0
18.987342 1.779661 0.05 204 0 0
18.987342 2.288136 0.05 204 0 0
18.987342 2.79661 0.05 204 0 0
18.987342 3.305085 0.05 204 0 0
18.987342 3.813559 0.05 204 0 0
18.987342 4.322034 0.05 204 0 0
18.987342 4.830508 0.05 204 0 0
18.987342 5.338983 0.05 204 0 0
18.987342 5.847458 0.05 204 0 0
18.987342 6.355932 0.05 204 0 0
18.987342 6.864407 0.05 204 0 0
18.987342 7.372881 0.05 204 0 0
18.987342 7.881356 0.05 204 0 0
18.987342 8.389831 0.05 204 0 0
18.987342 8.898305 0.05 204 0 0
18.987342 9.40678 0.05 204 0 0
18.987342 9.915254 0.05 204 0 0
18.987342 10.423729 0.05 204 0 0
18.987342 10.932203 0.05 204 0 0
18.987342 11.440678 0.05 204 0 0
18.987342 11.949153 0.05 204 0 0
18.987342 12.457627 0.05 204 0 0
18.987342 12.966102 0.05 204 0 0
18.987342 13.474576 0.05 204 0 0
18.987342 13.983051 0.05 204 0 0
18.987342 14.491525 0.05 204 0 0
18.987342 15.0 0.05 204 0 0
19.493671 -15.0 0.05 204 0 0
19.493671 -14.491525 0.05 204 0 0
19.493671 -13.983051 0.05 204 0 0
19.493671 -13.474576 0.05 204 0 0
19.493671 -12.966102 0.05 204 0 0
19.493671 -12.457627 0.05 204 0 0
19.493671 -11.949153 0.05 204 0 0
19.493671 -11.440678 0.05 204 0 0
19.493671 -10.932203 0.05 204 0 0
19.493671 -10.423729 0.05 204 0 0
19.493671 -9.915254 0.05 204 0 0
19.493671 -9.40678 0.05 204 0 0
19.493671 -8.898305 0.05 204 0 0
19.493671 -8.389831 0.05 204 0 0
19.493671 -7.881356 0.05 204 0 0
19.493671 -7.372881 0.05 204 0 0
19.493671 -6.864407 0.05 204 0 0
19.493671 -6.355932 0.05 204 0 0
19.493671 -5.847458 0.05 204 0 0
19.493671 -5.338983 0.05 204 0 0
19.493671 -4.830508 0.05 204 0 0
19.493671 -4.322034 0.05 204 0 0
19.493671 -3.813559 0.05 204 0 0
19.493671 -3.305085 0.05 204 0 0
19.493671 -2.79661 0.05 204 0 0
19.493671 -2.288136 0.05 204 0 0
19.493671 -1.779661 0.05 204 0 0
19.493671 -1.271186 0.05 204 0 0
19.493671 -0.762712 0.05 204 0 0
19.493671 -0.254237 0.05 204 0 0
19.493671 0.254237 0.05 204 0 0
19.493671 0.762712 0.05 204 0 0
19.493671 1.271186 0.05 204 0 0
19.493671 1.779661 0.05 204 0 0
19.493671 2.288136 0.05 204 0 0
19.493671 2.79661 0.05 204 0 0
19.493671 3.305085 0.05 204 0 0
19.493671 3.813559 0.05 204 0 0
19.493671 4.322034 0.05 204 0 0
19.493671 4.830508 0.05 204 0 0
19.493671 5.338983 0.05 204 0 0
19.493671 5.847458 0.05 204 0 0
19.493671 6.355932 0.05 204 0 0
19.493671 6.864407 0.05 204 0 0
19.493671 7.372881 0.05 204 0 0
19.493671 7.881356 0.05 204 0 0
19.493671 8.389831 0.05 204 0 0
19.493671 8.898305 0.05 204 0 0
19.493671 9.40678 0.05 204 0 0
19.493671 9.915254 0.05 204 0 0
19.493671 10.423729 0.05 204 0 0
19.493671 10.932203 0.05 204 0 0
19.493671 11.440678 0.05 204 0 0
19.493671 11.949153 0.05 204 0 0
19.493671 12.457627 0.05 204 0 0
19.493671 12.966102 0.05 204 0 0
19.493671 13.474576 0.05 204 0 0
19.493671 13.983051 0.05 204 0 0
19.493671 14.491525 0.05 204 0 0
19.493671 15.0 0.05 204 0 0
20.0 -15.0 0.05 204 0 0
20.0 -14.491525 0.05 204 0 0
20.0 -13.983051 0.05 204 0 0
20.0 -13.474576 0.05 204 0 0
20.0 -12.966102 0.05 204 0 0
20.0 -12.457627 0.05 204 0 0
20.0 -11.949153 0.05 204 0 0
20.0 -11.440678 0.05 204 0 0
20.0 -10.932203 0.05 204 0 0
20.0 -10.423729 0.05 204 0 0
20.0 -9.915254 0.05 204 0 0
20.0 -9.40678 0.05 204 0 0
20.0 -8.898305 0.05 204 0 0
20.0 -8.389831 0.05 204 0 0
20.0 -7.881356 0.05 204 0 0
20.0 -7.372881 0.05 204 0 0
20.0 -6.864407 0.05 204 0 0
20.0 -6.355932 0.05 204 0 0
20.0 -5.847458 0.05 204 0 0
20.0 -5.338983 0.05 204 0 0
20.0 -4.830508 0.05 204 0 0
20.0 -4.322034 0.05 204 0 0
20.0 -3.813559 0.05 204 0 0
20.0 -3.305085 0.05 204 0 0
20.0 -2.79661 0.05 204 0 0
20.0 -2.288136 0.05 204 0 0
20.0 -1.779661 0.05 204 0 0
20.0 -1.271186 0.05 204 0 0
20.0 -0.762712 0.05 204 0 0
20.0 -0.254237 0.05 204 0 0
20.0 0.254237 0.05 204 0 0
20.0 0.762712 0.05 204 0 0
20.0 1.271186 0.05 204 0 0
20.0 1.779661 0.05 204 0 0
20.0 2.288136 0.05 204 0 0
20.0 2.79661 0.05 204 0 0
20.0 3.305085 0.05 204 0 0
20.0 3.813559 0.05 204 0 0
20.0 4.322034 0.05 204 0 0
20.0 4.830508 0.05 204 0 0
20.0 5.338983 0.05 204 0 0
20.0 5.847458 0.05 204 0 0
20.0 6.355932 0.05 204 0 0
20.0 6.864407 0.05 204 0 0
20.0 7.372881 0.05 204 0 0
20.0 7.881356 0.05 204 0 0
20.0 8.389831 0.05 204 0 0
20.0 8.898305 0.05 204 0 0
20.0 9.40678 0.05 204 0 0
20.0 9.915254 0.05 204 0 0
20.0 10.423729 0.05 204 0 0
20.0 10.932203 0.05 204 0 0
20.0 11.440678 0.05 204 0 0
20.0 11.949153 0.05 204 0 0
20.0 12.457627 0.05 204 0 0
20.0 12.966102 0.05 204 0 0
20.0 13.474576 0.05 204 0 0
20.0 13.983051 0.05 204 0 0
20.0 14.491525 0.05 204 0 0
20.0 15.0 0.05 204 0 0
-20.0 -15.0 -0.05 204 0 0
-20.0 -14.491525 -0.05 204 0 0
-20.0 -13.983051 -0.05 204 0 0
-20.0 -13.474576 -0.05 204 0 0
-20.0 -12.966102 -0.05 204 0 0
-20.0 -12.457627 -0.05 204 0 0
-20.0 -11.949153 -0.05 204 0 0
-20.0 -11.440678 -0.05 204 0 0
-20.0 -10.932203 -0.05 204 0 0
-20.0 -10.423729 -0.05 204 0 0
-20.0 -9.915254 -0.05 204 0 0
-20.0 -9.40678 -0.05 204 0 0
-20.0 -8.898305 -0.05 204 0 0
-20.0 -8.389831 -0.05 204 0 0
-20.0 -7.881356 -0.05 204 0 0
-20.0 -7.372881 -0.05 204 0 0
-20.0 -6.864407 -0.05 204 0 0
-20.0 -6.355932 -0.05 204 0 0
-20.0 -5.847458 -0.05 204 0 0
-20.0 -5.338983 -0.05 204 0 0
-20.0 -4.830508 -0.05 204 0 0
-20.0 -4.322034 -0.05 204 0 0
-20.0 -3.813559 -0.05 204 0 0
-20.0 -3.305085 -0.05 204 0 0
-20.0 -2.79661 -0.05 204 0 0
-20.0 -2.288136 -0.05 204 0 0
-20.0 -1.779661 -0.05 204 0 0
-20.0 -1.271186 -0.05 204 0 0
-20.0 -0.762712 -0.05 204 0 0
-20.0 -0.254237 -0.05 204 0 0
-20.0 0.254237 -0.05 204 0 0
-20.0 0.762712 -0.05 204 0 0
-20.0 1.271186 -0.05 204 0 0
-20.0 1.779661 -0.05 204 0 0
-20.0 2.288136 -0.05 204 0 0
-20.0 2.79661 -0.05 204 0 0
-20.0 3.305085 -0.05 204 0 0
-20.0 3.813559 -0.05 204 0 0
-20.0 4.322034 -0.05 204 0 0
-20.0 4.830508 -0.05 204 0 0
-20.0 5.338983 -0.05 204 0 0
-20.0 5.847458 -0.05 204 0 0
-20.0 6.355932 -0.05 204 0 0
-20.0 6.864407 -0.05 204 0 0
-20.0 7.372881 -0.05 204 0 0
-20.0 7.881356 -0.05 204 0 0
-20.0 8.389831 -0.05 204 0 0
-20.0 8.898305 -0.05 204 0 0
-20.0 9.40678 -0.05 204 0 0
-20.0 9.915254 -0.05 204 0 0
-20.0 10.423729 -0.05 204 0 0
-20.0 10.932203 -0.05 204 0 0
-20.0 11.440678 -0.05 204 0 0
-20.0 11.949153 -0.05 204 0 0
-20.0 12.457627 -0.05 204 0 0
-20.0 12.966102 -0.05 204 0 0
-20.0 13.474576 -0.05 204 0 0
-20.0 13.983051 -0.05 204 0 0
-20.0 14.491525 -0.05 204 0 0
-20.0 15.0 -0.05 204 0 0
-19.493671 -15.0 -0.05 204 0 0
-19.493671 -14.491525 -0.05 204 0 0
-19.493671 -13.983051 -0.05 204 0 0
-19.493671 -13.474576 -0.05 204 0 0
-19.493671 -12.966102 -0.05 204 0 0
-19.493671 -12.457627 -0.05 204 0 0
-19.493671 -11.949153 -0.05 204 0 0
-19.493671 -11.440678 -0.05 204 0 0
-19.493671 -10.932203 -0.05 204 0 0
-19.493671 -10.423729 -0.05 204 0 0
-19.493671 -9.915254 -0.05 204 0 0
-19.493671 -9.40678 -0.05 204 0 0
-19.493671 -8.898305 -0.05 204 0 0
-19.493671 -8.389831 -0.05 204 0 0
-19.493671 -7.881356 -0.05 204 0 0
-19.493671 -7.372881 -0.05 204 0 0
-19.493671 -6.864407 -0.05 204 0 0
-19.493671 -6.355932 -0.05 204 0 0
-19.493671 -5.847458 -0.05 204 0 0
-19.493671 -5.338983 -0.05 204 0 0
-19.493671 -4.830508 -0.05 204 0 0
-19.493671 -4.322034 -0.05 204 0 0
-19.493671 -3.813559 -0.05 204 0 0
-19.493671 -3.305085 -0.05 204 0 0
-19.493671 -2.79661 -0.05 204 0 0
-19.493671 -2.288136 -0.05 204 0 0
-19.493671 -1.779661 -0.05 204 0 0
-19.493671 -1.271186 -0.05 204 0 0
-19.493671 -0.762712 -0.05 204 0 0
-19.493671 -0.254237 -0.05 204 0 0
-19.493671 0.254237 -0.05 204 0 0
-19.493671 0.762712 -0.05 204 0 0
-19.493671 1.271186 -0.05 204 0 0
-19.493671 1.779661 -0.05 204 0 0
-19.493671 2.288136 -0.05 204 0 0
-19.493671 2.79661 -0.05 204 0 0
-19.493671 3.305085 -0.05 204 0 0
-19.493671 3.813559 -0.05 204 0 0
-19.493671 4.322034 -0.05 204 0 0
-19.493671 4.830508 -0.05 204 0 0
-19.493671 5.338983 -0.05 204 0 0
-19.493671 5.847458 -0.05 204 0 0
-19.493671 6.355932 -0.05 204 0 0
-19.493671 6.864407 -0.05 204 0 0
-19.493671 7.372881 -0.05 204 0 0
-19.493671 7.881356 -0.05 204 0 0
-19.493671 8.389831 -0.05 204 0 0
-19.493671 8.898305 -0.05 204 0 0
-19.493671 9.40678 -0.05 204 0 0
-19.493671 9.915254 -0.05 204 0 0
-19.493671 10.423729 -0.05 204 0 0
-19.493671 10.932203 -0.05 204 0 0
-19.493671 11.440678 -0.05 204 0 0
-19.493671 11.949153 -0.05 204 0 0
-19.493671 12.457627 -0.05 204 0 0
-19.493671 12.966102 -0.05 204 0 0
-19.493671 13.474576 -0.05 204 0 0
-19.493671 13.983051 -0.05 204 0 0
-19.493671 14.491525 -0.05 204 0 0
-19.493671 15.0 -0.05 204 0 0
-18.987342 -15.0 -0.05 204 0 0
-18.987342 -14.491525 -0.05 204 0 0
-18.987342 -13.983051 -0.05 204 0 0
-18.987342 -13.474576 -0.05 204 0 0
-18.987342 -12.966102 -0.05 204 0 0
-18.987342 -12.457627 -0.05 204 0 0
-18.987342 -11.949153 -0.05 204 0 0
-18.987342 -11.440678 -0.05 204 0 0
-18.987342 -10.932203 -0.05 204 0 0
-18.987342 -10.423729 -0.05 204 0 0
-18.987342 -9.915254 -0.05 204 0 0
-18.987342 -9.40678 -0.05 204 0 0
-18.987342 -8.898305 -0.05 204 0 0
-18.987342 -8.389831 -0.05 204 0 0
-18.987342 -7.881356 -0.05 204 0 0
-18.987342 -7.372881 -0.05 204 0 0
-18.987342 -6.864407 -0.05 204 0 0
-18.987342 -6.355932 -0.05 204 0 0
-18.987342 -5.847458 -0.05 204 0 0
-18.987342 -5.338983 -0.05 204 0 0
-18.987342 -4.830508 -0.05 204 0 0
-18.987342 -4.322034 -0.05 204 0 0
-18.987342 -3.813559 -0.05 204 0 0
-18.987342 -3.305085 -0.05 204 0 0
-18.987342 -2.79661 -0.05 204 0 0
-18.987342 -2.288136 -0.05 204 0 0
-18.987342 -1.779661 -0.05 204 0 0
-18.987342 -1.271186 -0.05 204 0 0
-18.987342 -0.762712 -0.05 204 0 0
-18.987342 -0.254237 -0.05 204 0 0
-18.987342 0.254237 -0.05 204 0 0
-18.987342 0.762712 -0.05 204 0 0
-18.987342 1.271186 -0.05 204 0 0
-18.987342 1.779661 -0.05 204 0 0
-18.987342 2.288136 -0.05 204 0 0
-18.987342 2.79661 -0.05 204 0 0
-18.987342 3.305085 -0.05 204 0 0
-18.987342 3.813559 -0.05 204 0 0
-18.987342 4.322034 -0.05 204 0 0
-18.987342 4.830508 -0.05 204 0 0
-18.987342 5.338983 -0.05 204 0 0
-18.987342 5.847458 -0.05 204 0 0
-18.987342 6.355932 -0.05 204 0 0
-18.987342 6.864407 -0.05 204 0 0
-18.987342 7.372881 -0.05 204 0 0
-18.987342 7.881356 -0.05 204 0 0
-18.987342 8.389831 -0.05 204 0 0
-18.987342 8.898305 -0.05 204 0 0
-18.987342 9.40678 -0.05 204 0 0
-18.987342 9.915254 -0.05 204 0 0
-18.987342 10.423729 -0.05 204 0 0
-18.987342 10.932203 -0.05 204 0 0
-18.987342 11.440678 -0.05 204 0 0
-18.987342 11.949153 -0.05 204 0 0
-18.987342 12.457627 -0.05 204 0 0
-18.987342 12.966102 -0.05 204 0 0
-18.987342 13.474576 -0.05 204 0 0
-18.987342 13.983051 -0.05 204 0 0
-18.987342 14.491525 -0.05 204 0 0
-18.987342 15.0 -0.05 204 0 0
-18.481013 -15.0 -0.05 204 0 0
-18.481013 -14.491525 -0.05 204 0 0
-18.481013 -13.983051 -0.05 204 0 0
-18.481013 -13.474576 -0.05 204 0 0
-18.481013 -12.966102 -0.05 204 0 0
-18.481013 -12.457627 -0.05 204 0 0
-18.481013 -11.949153 -0.05 204 0 0
-18.481013 -11.440678 -0.05 204 0 0
-18.481013 -10.932203 -0.05 204 0 0
-18.481013 -10.423729 -0.05 204 0 0
-18.481013 -9.915254 -0.05 204 0 0
-18.481013 -9.40678 -0.05 204 0 0
-18.481013 -8.898305 -0.05 204 0 0
-18.481013 -8.389831 -0.05 204 0 0
-18.481013 -7.881356 -0.05 204 0 0
-18.481013 -7.372881 -0.05 204 0 0
-18.481013 -6.864407 -0.05 204 0 0
-18.481013 -6.355932 -0.05 204 0 0
-18.481013 -5.847458 -0.05 204 0 0
-18.481013 -5.338983 -0.05 204 0 0
-18.481013 -4.830508 -0.05 204 0 0
-18.481013 -4.322034 -0.05 204 0 0
-18.481013 -3.813559 -0.05 204 0 0
-18.481013 -3.305085 -0.05 204 0 0
-18.481013 -2.79661 -0.05 204 0 0
-18.481013 -2.288136 -0.05 204 0 0
-18.481013 -1.779661 -0.05 204 0 0
-18.481013 -1.271186 -0.05 204 0 0
-18.481013 -0.762712 -0.05 204 0 0
-18.481013 -0.254237 -0.05 204 0 0
-18.481013 0.254237 -0.05 204 0 0
-18.481013 0.762712 -0.05 204 0 0
-18.481013 1.271186 -0.05 204 0 0
-18.481013 1.779661 -0.05 204 0 0
-18.481013 2.288136 -0.05 204 0 0
-18.481013 2.79661 -0.05 204 0 0
-18.481013 3.305085 -0.05 204 0 0
-18.481013 3.813559 -0.05 204 0 0
-18.481013 4.322034 -0.05 204 0 0
-18.481013 4.830508 -0.05 204 0 0
-18.481013 5.338983 -0.05 204 0 0
-18.481013 5.847458 -0.05 204 0 0
-18.481013 6.355932 -0.05 204 0 0
-18.481013 6.864407 -0.05 204 0 0
-18.481013 7.372881 -0.05 204 0 0
-18.481013 7.881356 -0.05 204 0 0
-18.481013 8.389831 -0.05 204 0 0
-18.481013 8.898305 -0.05 204 0 0
-18.481013 9.40678 -0.05 204 0 0
-18.481013 9.915254 -0.05 204 0 0
-18.481013 10.423729 -0.05 204 0 0
-18.481013 10.932203 -0.05 204 0 0
-18.481013 11.440678 -0.05 204 0 0
-18.481013 11.949153 -0.05 204 0 0
-18.481013 12.457627 -0.05 204 0 0
-18.481013 12.966102 -0.05 204 0 0
-18.481013 13.474576 -0.05 204 0 0
-18.481013 13.983051 -0.05 204 0 0
-18.481013 14.491525 -0.05 204 0 0
-18.481013 15.0 -0.05 204 0 0
-17.974684 -15.0 -0.05 204 0 0
-17.974684 -14.491525 -0.05 204 0 0
-17.974684 -13.983051 -0.05 204 0 0
-17.974684 -13.474576 -0.05 204 0 0
-17.974684 -12.966102 -0.05 204 0 0
-17.974684 -12.457627 -0.05 204 0 0
-17.974684 -11.949153 -0.05 204 0 0
-17.974684 -11.440678 -0.05 204 0 0
-17.974684 -10.932203 -0.05 204 0 0
-17.974684 -10.423729 -0.05 204 0 0
-17.974684 -9.915254 -0.05 204 0 0
-17.974684 -9.40678 -0.05 204 0 0
-17.974684 -8.898305 -0.05 204 0 0
-17.974684 -8.389831 -0.05 204 0 0
-17.974684 -7.881356 -0.05 204 0 0
-17.974684 -7.372881 -0.05 204 0 0
-17.974684 -6.864407 -0.05 204 0 0
-17.974684 -6.355932 -0.05 204 0 0
-17.974684 -5.847458 -0.05 204 0 0
-17.974684 -5.338983 -0.05 204 0 0
-17.974684 -4.830508 -0.05 204 0 0
-17.974684 -4.322034 -0.05 204 0 0
-17.974684 -3.813559 -0.05 204 0 0
-17.974684 -3.305085 -0.05 204 0 0
-17.974684 -2.79661 -0.05 204 0 0
-17.974684 -2.288136 -0.05 204 0 0
-17.974684 -1.779661 -0.05 204 0 0
-17.974684 -1.271186 -0.05 204 0 0
-17.974684 -0.762712 -0.05 204 0 0
-17.974684 -0.254237 -0.05 204 0 0
-17.974684 0.254237 -0.05 204 0 0
-17.974684 0.762712 -0.05 204 0 0
-17.974684 1.271186 -0.05 204 0 0
-17.974684 1.779661 -0.05 204 0 0
-17.974684 2.288136 -0.05 204 0 0
-17.974684 2.79661 -0.05 204 0 0
-17.974684 3.305085 -0.05 204 0 0
-17.974684 3.813559 -0.05 204 0 0
-17.974684 4.322034 -0.05 204 0 0
-17.974684 4.830508 -0.05 204 0 0
-17.974684 5.338983 -0.05 204 0 0
-17.974684 5.847458 -0.05 204 0 0
-17.974684 6.355932 -0.05 204 0 0
-17.974684 6.864407 -0.05 204 0 0
-17.974684 7.372881 -0.05 204 0 0
-17.974684 7.881356 -0.05 204 0 0
-17.974684 8.389831 -0.05 204 0 0
-17.974684 8.898305 -0.05 204 0 0
-17.974684 9.40678 -0.05 204 0 0
-17.974684 9.915254 -0.05 204 0 0
-17.974684 10.423729 -0.05 204 0 0
-17.974684 10.932203 -0.05 204 0 0
-17.974684 11.440678 -0.05 204 0 0
-17.974684 11.949153 -0.05 204 0 0
-17.974684 12.457627 -0.05 204 0 0
-17.974684 12.966102 -0.05 204 0 0
-17.974684 13.474576 -0.05 204 0 0
-17.974684 13.983051 -0.05 204 0 0
-17.974684 14.491525 -0.05 204 0 0
-17.974684 15.0 -0.05 204 0 0
-17.468354 -15.0 -0.05 204 0 0
-17.468354 -14.491525 -0.05 204 0 0
-17.468354 -13.983051 -0.05 204 0 0
-17.468354 -13.474576 -0.05 204 0 0
-17.468354 -12.966102 -0.05 204 0 0
-17.468354 -12.457627 -0.05 204 0 0
-17.468354 -11.949153 -0.05 204 0 0
-17.468354 -11.440678 -0.05 204 0 0
-17.468354 -10.932203 -0.05 204 0 0
-17.468354 -10.423729 -0.05 204 0 0
-17.468354 -9.915254 -0.05 204 0 0
-17.468354 -9.40678 -0.05 204 0 0
-17.468354 -8.898305 -0.05 204 0 0
-17.468354 -8.389831 -0.05 204 0 0
-17.468354 -7.881356 -0.05 204 0 0
-17.468354 -7.372881 -0.05 204 0 0
-17.468354 -6.864407 -0.05 204 0 0
-17.468354 -6.355932 -0.05 204 0 0
-17.468354 -5.847458 -0.05 204 0 0
-17.468354 -5.338983 -0.05 204 0 0
-17.468354 -4.830508 -0.05 204 0 0
-17.468354 -4.322034 -0.05 204 0 0
-17.468354 -3.813559 -0.05 204 0 0
-17.468354 -3.305085 -0.05 204 0 0
-17.468354 -2.79661 -0.05 204 0 0
-17.468354 -2.288136 -0.05 204 0 0
-17.468354 -1.779661 -0.05 204 0 0
-17.468354 -1.271186 -0.05 204 0 0
-17.468354 -0.762712 -0.05 204 0 0
-17.468354 -0.254237 -0.05 204 0 0
-17.468354 0.254237 -0.05 204 0 0
-17.468354 0.762712 -0.05 204 0 0
-17.468354 1.271186 -0.05 204 0 0
-17.468354 1.779661 -0.05 204 0 0
-17.468354 2.288136 -0.05 204 0 0
-17.468354 2.79661 -0.05 204 0 0
-17.468354 3.305085 -0.05 204 0 0
-17.468354 3.813559 -0.05 204 0 0
-17.468354 4.322034 -0.05 204 0 0
-17.468354 4.830508 -0.05 204 0 0
-17.468354 5.338983 -0.05 204 0 0
-17.468354 5.847458 -0.05 204 0 0
-17.468354 6.355932 -0.05 204 0 0
-17.468354 6.864407 -0.05 204 0 0
-17.468354 7.372881 -0.05 204 0 0
-17.468354 7.881356 -0.05 204 0 0
-17.468354 8.389831 -0.05 204 0 0
-17.468354 8.898305 -0.05 204 0 0
-17.468354 9.40678 -0.05 204 0 0
-17.468354 9.915254 -0.05 204 0 0
-17.468354 10.423729 -0.05 204 0 0
-17.468354 10.932203 -0.05 204 0 0
-17.468354 11.440678 -0.05 204 0 0
-17.468354 11.949153 -0.05 204 0 0
-17.468354 12.457627 -0.05 204 0 0
-17.468354 12.966102 -0.05 204 0 0
-17.468354 13.474576 -0.05 204 0 0
-17.468354 13.983051 -0.05 204 0 0
-17.468354 14.491525 -0.05 204 0 0
-17.468354 15.0 -0.05 204 0 0
-16.962025 -15.0 -0.05 204 0 0
-16.962025 -14.491525 -0.05 204 0 0
-16.962025 -13.983051 -0.05 204 0 0
-16.962025 -13.474576 -0.05 204 0 0
-16.962025 -12.966102 -0.05 204 0 0
-16.962025 -12.457627 -0.05 204 0 0
-16.962025 -11.949153 -0.05 204 0 0
-16.962025 -11.440678 -0.05 204 0 0
-16.962025 -10.932203 -0.05 204 0 0
-16.962025 -10.423729 -0.05 204 0 0
-16.962025 -9.915254 -0.05 204 0 0
-16.962025 -9.40678 -0.05 204 0 0
-16.962025 -8.898305 -0.05 204 0 0
-16.962025 -8.389831 -0.05 204 0 0
-16.962025 -7.881356 -0.05 204 0 0
-16.962025 -7.372881 -0.05 204 0 0
-16.962025 -6.864407 -0.05 204 0 0
-16.962025 -6.355932 -0.05 204 0 0
-16.962025 -5.847458 -0.05 204 0 0
-16.962025 -5.338983 -0.05 204 0 0
-16.962025 -4.830508 -0.05 204 0 0
-16.962025 -4.322034 -0.05 204 0 0
-16.962025 -3.813559 -0.05 204 0 0
-16.962025 -3.305085 -0.05 204 0 0
-16.962025 -2.79661 -0.05 204 0 0
-16.962025 -2.288136 -0.05 204 0 0
-16.962025 -1.779661 -0.05 204 0 0
-16.962025 -1.271186 -0.05 204 0 0
-16.962025 -0.762712 -0.05 204 0 0
-16.962025 -0.254237 -0.05 204 0 0
-16.962025 0.254237 -0.05 204 0 0
-16.962025 0.762712 -0.05 204 0 0
-16.962025 1.271186 -0.05 204 0 0
-16.962025 1.779661 -0.05 204 0 0
-16.962025 2.288136 -0.05 204 0 0
-16.962025 2.79661 -0.05 204 0 0
-16.962025 3.305085 -0.05 204 0 0
-16.962025 3.813559 -0.05 204 0 0
-16.962025 4.322034 -0.05 204 0 0
-16.962025 4.830508 -0.05 204 0 0
-16.962025 5.338983 -0.05 204 0 0
-16.962025 5.847458 -0.05 204 0 0
-16.962025 6.355932 -0.05 204 0 0
-16.962025 6.864407 -0.05 204 0 0
-16.962025 7.372881 -0.05 204 0 0
-16.962025 7.881356 -0.05 204 0 0
-16.962025 8.389831 -0.05 204 0 0
-16.962025 8.898305 -0.05 204 0 0
-16.962025 9.40678 -0.05 204 0 0
-16.962025 9.915254 -0.05 204 0 0
-16.962025 10.423729 -0.05 204 0 0
-16.962025 10.932203 -0.05 204 0 0
-16.962025 11.440678 -0.05 204 0 0
-16.962025 11.949153 -0.05 204 0 0
-16.962025 12.457627 -0.05 204 0 0
-16.962025 12.966102 -0.05 204 0 0
-16.962025 13.474576 -0.05 204 0 0
-16.962025 13.983051 -0.05 204 0 0
-16.962025 14.491525 -0.05 204 0 0
-16.962025 15.0 -0.05 204 0 0
-16.455696 -15.0 -0.05 204 0 0
-16.455696 -14.491525 -0.05 204 0 0
-16.455696 -13.983051 -0.05 204 0 0
-16.455696 -13.474576 -0.05 204 0 0
-16.455696 -12.966102 -0.05 204 0 0
-16.455696 -12.457627 -0.05 204 0 0
-16.455696 -11.949153 -0.05 204 0 0
-16.455696 -11.440678 -0.05 204 0 0
-16.455696 -10.932203 -0.05 204 0 0
-16.455696 -10.423729 -0.05 204 0 0
-16.455696 -9.915254 -0.05 204 0 0
-16.455696 -9.40678 -0.05 204 0 0
-16.455696 -8.898305 -0.05 204 0 0
-16.455696 -8.389831 -0.05 204 0 0
-16.455696 -7.881356 -0.05 204 0 0
-16.455696 -7.372881 -0.05 204 0 0
-16.455696 -6.864407 -0.05 204 0 0
-16.455696 -6.355932 -0.05 204 0 0
-16.455696 -5.847458 -0.05 204 0 0
-16.455696 -5.338983 -0.05 204 0 0
-16.455696 -4.830508 -0.05 204 0 0
-16.455696 -4.322034 -0.05 204 0 0
-16.455696 -3.813559 -0.05 204 0 0
-16.455696 -3.305085 -0.05 204 0 0
-16.455696 -2.79661 -0.05 204 0 0
-16.455696 -2.288136 -0.05 204 0 0
-16.455696 -1.779661 -0.05 204 0 0
-16.455696 -1.271186 -0.05 204 0 0
-16.455696 -0.762712 -0.05 204 0 0
-16.455696 -0.254237 -0.05 204 0 0
-16.455696 0.254237 -0.05 204 0 0
-16.455696 0.762712 -0.05 204 0 0
-16.455696 1.271186 -0.05 204 0 0
-16.455696 1.779661 -0.05 204 0 0
-16.455696 2.288136 -0.05 204 0 0
-16.455696 2.79661 -0.05 204 0 0
-16.455696 3.305085 -0.05 204 0 0
-16.455696 3.813559 -0.05 204 0 0
-16.455696 4.322034 -0.05 204 0 0
-16.455696 4.830508 -0.05 204 0 0
-16.455696 5.338983 -0.05 204 0 0
-16.455696 5.847458 -0.05 204 0 0
-16.455696 6.355932 -0.05 204 0 0
-16.455696 6.864407 -0.05 204 0 0
-16.455696 7.372881 -0.05 204 0 0
-16.455696 7.881356 -0.05 204 0 0
-16.455696 8.389831 -0.05 204 0 0
-16.455696 8.898305 -0.05 204 0 0
-16.455696 9.40678 -0.05 204 0 0
-16.455696 9.915254 -0.05 204 0 0
-16.455696 10.423729 -0.05 204 0 0
-16.455696 10.932203 -0.05 204 0 0
-16.455696 11.440678 -0.05 204 0 0
-16.455696 11.949153 -0.05 204 0 0
-16.455696 12.457627 -0.05 204 0 0
-16.455696 12.966102 -0.05 204 0 0
-16.455696 13.474576 -0.05 204 0 0
-16.455696 13.983051 -0.05 204 0 0
-16.455696 14.491525 -0.05 204 0 0
-16.455696 15.0 -0.05 204 0 0
-15.949367 -15.0 -0.05 204 0 0
-15.949367 -14.491525 -0.05 204 0 0
-15.949367 -13.983051 -0.05 204 0 0
-15.949367 -13.474576 -0.05 204 0 0
-15.949367 -12.966102 -0.05 204 0 0
-15.949367 -12.457627 -0.05 204 0 0
-15.949367 -11.949153 -0.05 204 0 0
-15.949367 -11.440678 -0.05 204 0 0
-15.949367 -10.932203 -0.05 204 0 0
-15.949367 -10.423729 -0.05 204 0 0
-15.949367 -9.915254 -0.05 204 0 0
-15.949367 -9.40678 -0.05 204 0 0
-15.949367 -8.898305 -0.05 204 0 0
-15.949367 -8.389831 -0.05 204 0 0
-15.949367 -7.881356 -0.05 204 0 0
-15.949367 -7.372881 -0.05 204 0 0
-15.949367 -6.864407 -0.05 204 0 0
-15.949367 -6.355932 -0.05 204 0 0
-15.949367 -5.847458 -0.05 204 0 0
-15.949367 -5.338983 -0.05 204 0 0
-15.949367 -4.830508 -0.05 204 0 0
-15.949367 -4.322034 -0.05 204 0 0
-15.949367 -3.813559 -0.05 204 0 0
-15.949367 -3.305085 -0.05 204 0 0
-15.949367 -2.79661 -0.05 204 0 0
-15.949367 -2.288136 -0.05 204 0 0
-15.949367 -1.779661 -0.05 204 0 0
-15.949367 -1.271186 -0.05 204 0 0
-15.949367 -0.762712 -0.05 204 0 0
-15.949367 -0.254237 -0.05 204 0 0
-15.949367 0.254237 -0.05 204 0 0
-15.949367 0.762712 -0.05 204 0 0
-15.949367 1.271186 -0.05 204 0 0
-15.949367 1.779661 -0.05 204 0 0
-15.949367 2.288136 -0.05 204 0 0
-15.949367 2.79661 -0.05 204 0 0
-15.949367 3.305085 -0.05 204 0 0
-15.949367 3.813559 -0.05 204 0 0
-15.949367 4.322034 -0.05 204 0 0
-15.949367 4.830508 -0.05 204 0 0
-15.949367 5.338983 -0.05 204 0 0
-15.949367 5.847458 -0.05 204 0 0
-15.949367 6.355932 -0.05 204 0 0
-15.949367 6.864407 -0.05 204 0 0
-15.949367 7.372881 -0.05 204 0 0
-15.949367 7.881356 -0.05 204 0 0
-15.949367 8.389831 -0.05 204 0 0
-15.949367 8.898305 -0.05 204 0 0
-15.949367 9.40678 -0.05 204 0 0
-15.949367 9.915254 -0.05 204 0 0
-15.949367 10.423729 -0.05 204 0 0
-15.949367 10.932203 -0.05 204 0 0
-15.949367 11.440678 -0.05 204 0 0
-15.949367 11.949153 -0.05 204 0 0
-15.949367 12.457627 -0.05 204 0 0
-15.949367 12.966102 -0.05 204 0 0
-15.949367 13.474576 -0.05 204 0 0
-15.949367 13.983051 -0.05 204 0 0
-15.949367 14.491525 -0.05 204 0 0
-15.949367 15.0 -0.05 204 0 0
-15.443038 -15.0 -0.05 204 0 0
-15.443038 -14.491525 -0.05 204 0 0
-15.443038 -13.983051 -0.05 204 0 0
-15.443038 -13.474576 -0.05 204 0 0
-15.443038 -12.966102 -0.05 204 0 0
-15.443038 -12.457627 -0.05 204 0 0
-15.443038 -11.949153 -0.05 204 0 0
-15.443038 -11.440678 -0.05 204 0 0
-15.443038 -10.932203 -0.05 204 0 0
-15.443038 -10.423729 -0.05 204 0 0
-15.443038 -9.915254 -0.05 204 0 0
-15.443038 -9.40678 -0.05 204 0 0
-15.443038 -8.898305 -0.05 204 0 0
-15.443038 -8.389831 -0.05 204 0 0
-15.443038 -7.881356 -0.05 204 0 0
-15.443038 -7.372881 -0.05 204 0 0
-15.443038 -6.864407 -0.05 204 0 0
-15.443038 -6.355932 -0.05 204 0 0
-15.443038 -5.847458 -0.05 204 0 0
-15.443038 -5.338983 -0.05 204 0 0
-15.443038 -4.830508 -0.05 204 0 0
-15.443038 -4.322034 -0.05 204 0 0
-15.443038 -3.813559 -0.05 204 0 0
-15.443038 -3.305085 -0.05 204 0 0
-15.443038 -2.79661 -0.05 204 0 0
-15.443038 -2.288136 -0.05 204 0 0
-15.443038 -1.779661 -0.05 204 0 0
-15.443038 -1.271186 -0.05 204 0 0
-15.443038 -0.762712 -0.05 204 0 0
-15.443038 -0.254237 -0.05 204 0 0
-15.443038 0.254237 -0.05 204 0 0
-15.443038 0.762712 -0.05 204 0 0
-15.443038 1.271186 -0.05 204 0 0
-15.443038 1.779661 -0.05 204 0 0
-15.443038 2.288136 -0.05 204 0 0
-15.443038 2.79661 -0.05 204 0 0
-15.443038 3.305085 -0.05 204 0 0
-15.443038 3.813559 -0.05 204 0 0
-15.443038 4.322034 -0.05 204 0 0
-15.443038 4.830508 -0.05 204 0 0
-15.443038 5.338983 -0.05 204 0 0
-15.443038 5.847458 -0.05 204 0 0
-15.443038 6.355932 -0.05 204 0 0
-15.443038 6.864407 -0.05 204 0 0
-15.443038 7.372881 -0.05 204 0 0
-15.443038 7.881356 -0.05 204 0 0
-15.443038 8.389831 -0.05 204 0 0
-15.443038 8.898305 -0.05 204 0 0
-15.443038 9.40678 -0.05 204 0 0
-15.443038 9.915254 -0.05 204 0 0
-15.443038 10.423729 -0.05 204 0 0
-15.443038 10.932203 -0.05 204 0 0
-15.443038 11.440678 -0.05 204 0 0
-15.443038 11.949153 -0.05 204 0 0
-15.443038 12.457627 -0.05 204 0 0
-15.443038 12.966102 -0.05 204 0 0
-15.443038 13.474576 -0.05 204 0 0
-15.443038 13.983051 -0.05 204 0 0
-15.443038 14.491525 -0.05 204 0 0
-15.443038 15.0 -0.05 204 0 0
-14.936709 -15.0 -0.05 204 0 0
-14.936709 -14.491525 -0.05 204 0 0
-14.936709 -13.983051 -0.05 204 0 0
-14.936709 -13.474576 -0.05 204 0 0
-14.936709 -12.966102 -0.05 204 0 0
-14.936709 -12.457627 -0.05 204 0 0
-14.936709 -11.949153 -0.05 204 0 0
-14.936709 -11.440678 -0.05 204 0 0
-14.936709 -10.932203 -0.05 204 0 0
-14.936709 -10.423729 -0.05 204 0 0
-14.936709 -9.915254 -0.05 204 0 0
-14.936709 -9.40678 -0.05 204 0 0
-14.936709 -8.898305 -0.05 204 0 0
-14.936709 -8.389831 -0.05 204 0 0
-14.936709 -7.881356 -0.05 204 0 0
-14.936709 -7.372881 -0.05 204 0 0
-14.936709 -6.864407 -0.05 204 0 0
-14.936709 -6.355932 -0.05 204 0 0
-14.936709 -5.847458 -0.05 204 0 0
-14.936709 -5.338983 -0.05 204 0 0
-14.936709 -4.830508 -0.05 204 0 0
-14.936709 -4.322034 -0.05 204 0 0
-14.936709 -3.813559 -0.05 204 0 0
-14.936709 -3.305085 -0.05 204 0 0
-14.936709 -2.79661 -0.05 204 0 0
-14.936709 -2.288136 -0.05 204 0 0
-14.936709 -1.779661 -0.05 204 0 0
-14.936709 -1.271186 -0.05 204 0 0
-14.936709 -0.762712 -0.05 204 0 0
-14.936709 -0.254237 -0.05 204 0 0
-14.936709 0.254237 -0.05 204 0 0
-14.936709 0.762712 -0.05 204 0 0
-14.936709 1.271186 -0.05 204 0 0
-14.936709 1.779661 -0.05 204 0 0
-14.936709 2.288136 -0.05 204 0 0
-14.936709 2.79661 -0.05 204 0 0
-14.936709 3.305085 -0.05 204 0 0
-14.936709 3.813559 -0.05 204 0 0
-14.936709 4.322034 -0.05 204 0 0
-14.936709 4.830508 -0.05 204 0 0
-14.936709 5.338983 -0.05 204 0 0
-14.936709 5.847458 -0.05 204 0 0
-14.936709 6.355932 -0.05 204 0 0
-14.936709 6.864407 -0.05 204 0 0
-14.936709 7.372881 -0.05 204 0 0
-14.936709 7.881356 -0.05 204 0 0
-14.936709 8.389831 -0.05 204 0 0
-14.936709 8.898305 -0.05 204 0 0
-14.936709 9.40678 -0.05 204 0 0
-14.936709 9.915254 -0.05 204 0 0
-14.936709 10.423729 -0.05 204 0 0
-14.936709 10.932203 -0.05 204 0 0
-14.936709 11.440678 -0.05 204 0 0
-14.936709 11.949153 -0.05 204 0 0
-14.936709 12.457627 -0.05 204 0 0
-14.936709 12.966102 -0.05 204 0 0
-14.936709 13.474576 -0.05 204 0 0
-14.936709 13.983051 -0.05 204 0 0
-14.936709 14.491525 -0.05 204 0 0
-14.936709 15.0 -0.05 204 0 0
-14.43038 -15.0 -0.05 204 0 0
-14.43038 -14.491525 -0.05 204 0 0
-14.43038 -13.983051 -0.05 204 0 0
-14.43038 -13.474576 -0.05 204 0 0
-14.43038 -12.966102 -0.05 204 0 0
-14.43038 -12.457627 -0.05 204 0 0
-14.43038 -11.949153 -0.05 204 0 0
-14.43038 -11.440678 -0.05 204 0 0
-14.43038 -10.932203 -0.05 204 0 0
-14.43038 -10.423729 -0.05 204 0 0
-14.43038 -9.915254 -0.05 204 0 0
-14.43038 -9.40678 -0.05 204 0 0
-14.43038 -8.898305 -0.05 204 0 0
-14.43038 -8.389831 -0.05 204 0 0
-14.43038 -7.881356 -0.05 204 0 0
-14.43038 -7.372881 -0.05 204 0 0
-14.43038 -6.864407 -0.05 204 0 0
-14.43038 -6.355932 -0.05 204 0 0
-14.43038 -5.847458 -0.05 204 0 0
-14.43038 -5.338983 -0.05 204 0 0
-14.43038 -4.830508 -0.05 204 0 0
-14.43038 -4.322034 -0.05 204 0 0
-14.43038 -3.813559 -0.05 204 0 0
-14.43038 -3.305085 -0.05 204 0 0
-14.43038 -2.79661 -0.05 204 0 0
-14.43038 -2.288136 -0.05 204 0 0
-14.43038 -1.779661 -0.05 204 0 0
-14.43038 -1.271186 -0.05 204 0 0
-14.43038 -0.762712 -0.05 204 0 0
-14.43038 -0.254237 -0.05 204 0 0
-14.43038 0.254237 -0.05 204 0 0
-14.43038 0.762712 -0.05 204 0 0
-14.43038 1.271186 -0.05 204 0 0
-14.43038 1.779661 -0.05 204 0 0
-14.43038 2.288136 -0.05 204 0 0
-14.43038 2.79661 -0.05 204 0 0
-14.43038 3.305085 -0.05 204 0 0
-14.43038 3.813559 -0.05 204 0 0
-14.43038 4.322034 -0.05 204 0 0
-14.43038 4.830508 -0.05 204 0 0
-14.43038 5.338983 -0.05 204 0 0
-14.43038 5.847458 -0.05 204 0 0
-14.43038 6.355932 -0.05 204 0 0
-14.43038 6.864407 -0.05 204 0 0
-14.43038 7.372881 -0.05 204 0 0
-14.43038 7.881356 -0.05 204 0 0
-14.43038 8.389831 -0.05 204 0 0
-14.43038 8.898305 -0.05 204 0 0
-14.43038 9.40678 -0.05 204 0 0
-14.43038 9.915254 -0.05 204 0 0
-14.43038 10.423729 -0.05 204 0 0
-14.43038 10.932203 -0.05 204 0 0
-14.43038 11.440678 -0.05 204 0 0
-14.43038 11.949153 -0.05 204 0 0
-14.43038 12.457627 -0.05 204 0 0
-14.43038 12.966102 -0.05 204 0 0
-14.43038 13.474576 -0.05 204 0 0
-14.43038 13.983051 -0.05 204 0 0
-14.43038 14.491525 -0.05 204 0 0
-14.43038 15.0 -0.05 204 0 0
-13.924051 -15.0 -0.05 204 0 0
-13.924051 -14.491525 -0.05 204 0 0
-13.924051 -13.983051 -0.05 204 0 0
-13.924051 -13.474576 -0.05 204 0 0
-13.924051 -12.966102 -0.05 204 0 0
-13.924051 -12.457627 -0.05 204 0 0
-13.924051 -11.949153 -0.05 204 0 0
-13.924051 -11.440678 -0.05 204 0 0
-13.924051 -10.932203 -0.05 204 0 0
-13.924051 -10.423729 -0.05 204 0 0
-13.924051 -9.915254 -0.05 204 0 0
-13.924051 -9.40678 -0.05 204 0 0
-13.924051 -8.898305 -0.05 204 0 0
-13.924051 -8.389831 -0.05 204 0 0
-13.924051 -7.881356 -0.05 204 0 0
-13.924051 -7.372881 -0.05 204 0 0
-13.924051 -6.864407 -0.05 204 0 0
-13.924051 -6.355932 -0.05 204 0 0
-13.924051 -5.847458 -0.05 204 0 0
-13.924051 -5.338983 -0.05 204 0 0
-13.924051 -4.830508 -0.05 204 0 0
-13.924051 -4.322034 -0.05 204 0 0
-13.924051 -3.813559 -0.05 204 0 0
-13.924051 -3.305085 -0.05 204 0 0
-13.924051 -2.79661 -0.05 204 0 0
-13.924051 -2.288136 -0.05 204 0 0
-13.924051 -1.779661 -0.05 204 0 0
-13.924051 -1.271186 -0.05 204 0 0
-13.924051 -0.762712 -0.05 204 0 0
-13.924051 -0.254237 -0.05 204 0 0
-13.924051 0.254237 -0.05 204 0 0
-13.924051 0.762712 -0.05 204 0 0
-13.924051 1.271186 -0.05 204 0 0
-13.924051 1.779661 -0.05 204 0 0
-13.924051 2.288136 -0.05 204 0 0
-13.924051 2.79661 -0.05 204 0 0
-13.924051 3.305085 -0.05 204 0 0
-13.924051 3.813559 -0.05 204 0 0
-13.924051 4.322034 -0.05 204 0 0
-13.924051 4.830508 -0.05 204 0 0
-13.924051 5.338983 -0.05 204 0 0
-13.924051 5.847458 -0.05 204 0 0
-13.924051 6.355932 -0.05 204 0 0
-13.924051 6.864407 -0.05 204 0 0
-13.924051 7.372881 -0.05 204 0 0
-13.924051 7.881356 -0.05 204 0 0
-13.924051 8.389831 -0.05 204 0 0
-13.924051 8.898305 -0.05 204 0 0
-13.924051 9.40678 -0.05 204 0 0
-13.924051 9.915254 -0.05 204 0 0
-13.924051 10.423729 -0.05 204 0 0
-13.924051 10.932203 -0.05 204 0 0
-13.924051 11.440678 -0.05 204 0 0
-13.924051 11.949153 -0.05 204 0 0
-13.924051 12.457627 -0.05 204 0 0
-13.924051 12.966102 -0.05 204 0 0
-13.924051 13.474576 -0.05 204 0 0
-13.924051 13.983051 -0.05 204 0 0
-13.924051 14.491525 -0.05 204 0 0
-13.924051 15.0 -0.05 204 0 0
-13.417722 -15.0 -0.05 204 0 0
-13.417722 -14.491525 -0.05 204 0 0
-13.417722 -13.983051 -0.05 204 0 0
-13.417722 -13.474576 -0.05 204 0 0
-13.417722 -12.966102 -0.05 204 0 0
-13.417722 -12.457627 -0.05 204 0 0
-13.417722 -11.949153 -0.05 204 0 0
-13.417722 -11.440678 -0.05 204 0 0
-13.417722 -10.932203 -0.05 204 0 0
-13.417722 -10.423729 -0.05 204 0 0
-13.417722 -9.915254 -0.05 204 0 0
-13.417722 -9.40678 -0.05 204 0 0
-13.417722 -8.898305 -0.05 204 0 0
-13.417722 -8.389831 -0.05 204 0 0
-13.417722 -7.881356 -0.05 204 0 0
-13.417722 -7.372881 -0.05 204 0 0
-13.417722 -6.864407 -0.05 204 0 0
-13.417722 -6.355932 -0.05 204 0 0
-13.417722 -5.847458 -0.05 204 0 0
-13.417722 -5.338983 -0.05 204 0 0
-13.417722 -4.830508 -0.05 204 0 0
-13.417722 -4.322034 -0.05 204 0 0
-13.417722 -3.813559 -0.05 204 0 0
-13.417722 -3.305085 -0.05 204 0 0
-13.417722 -2.79661 -0.05 204 0 0
-13.417722 -2.288136 -0.05 204 0 0
-13.417722 -1.779661 -0.05 204 0 0
-13.417722 -1.271186 -0.05 204 0 0
-13.417722 -0.762712 -0.05 204 0 0
-13.417722 -0.254237 -0.05 204 0 0
-13.417722 0.254237 -0.05 204 0 0
-13.417722 0.762712 -0.05 204 0 0
-13.417722 1.271186 -0.05 204 0 0
-13.417722 1.779661 -0.05 204 0 0
-13.417722 2.288136 -0.05 204 0 0
-13.417722 2.79661 -0.05 204 0 0
-13.417722 3.305085 -0.05 204 0 0
-13.417722 3.813559 -0.05 204 0 0
-13.417722 4.322034 -0.05 204 0 0
-13.417722 4.830508 -0.05 204 0 0
-13.417722 5.338983 -0.05 204 0 0
-13.417722 5.847458 -0.05 204 0 0
-13.417722 6.355932 -0.05 204 0 0
-13.417722 6.864407 -0.05 204 0 0
-13.417722 7.372881 -0.05 204 0 0
-13.417722 7.881356 -0.05 204 0 0
-13.417722 8.389831 -0.05 204 0 0
-13.417722 8.898305 -0.05 204 0 0
-13.417722 9.40678 -0.05 204 0 0
-13.417722 9.915254 -0.05 204 0 0
-13.417722 10.423729 -0.05 204 0 0
-13.417722 10.932203 -0.05 204 0 0
-13.417722 11.440678 -0.05 204 0 0
-13.417722 11.949153 -0.05 204 0 0
-13.417722 12.457627 -0.05 204 0 0
-13.417722 12.966102 -0.05 204 0 0
-13.417722 13.474576 -0.05 204 0 0
-13.417722 13.983051 -0.05 204 0 0
-13.417722 14.491525 -0.05 204 0 0
-13.417722 15.0 -0.05 204 0 0
-12.911392 -15.0 -0.05 204 0 0
-12.911392 -14.491525 -0.05 204 0 0
-12.911392 -13.983051 -0.05 204 0 0
-12.911392 -13.474576 -0.05 204 0 0
-12.911392 -12.966102 -0.05 204 0 0
-12.911392 -12.457627 -0.05 204 0 0
-12.911392 -11.949153 -0.05 204 0 0
-12.911392 -11.440678 -0.05 204 0 0
-12.911392 -10.932203 -0.05 204 0 0
-12.911392 -10.423729 -0.05 204 0 0
-12.911392 -9.915254 -0.05 204 0 0
-12.911392 -9.40678 -0.05 204 0 0
-12.911392 -8.898305 -0.05 204 0 0
-12.911392 -8.389831 -0.05 204 0 0
-12.911392 -7.881356 -0.05 204 0 0
-12.911392 -7.372881 -0.05 204 0 0
-12.911392 -6.864407 -0.05 204 0 0
-12.911392 -6.355932 -0.05 204 0 0
-12.911392 -5.847458 -0.05 204 0 0
-12.911392 -5.338983 -0.05 204 0 0
-12.911392 -4.830508 -0.05 204 0 0
-12.911392 -4.322034 -0.05 204 0 0
-12.911392 -3.813559 -0.05 204 0 0
-12.911392 -3.305085 -0.05 204 0 0
-12.911392 -2.79661 -0.05 204 0 0
-12.911392 -2.288136 -0.05 204 0 0
-12.911392 -1.779661 -0.05 204 0 0
-12.911392 -1.271186 -0.05 204 0 0
-12.911392 -0.762712 -0.05 204 0 0
-12.911392 -0.254237 -0.05 204 0 0
-12.911392 0.254237 -0.05 204 0 0
-12.911392 0.762712 -0.05 204 0 0
-12.911392 1.271186 -0.05 204 0 0
-12.911392 1.779661 -0.05 204 0 0
-12.911392 2.288136 -0.05 204 0 0
-12.911392 2.79661 -0.05 204 0 0
-12.911392 3.305085 -0.05 204 0 0
-12.911392 3.813559 -0.05 204 0 0
-12.911392 4.322034 -0.05 204 0 0
-12.911392 4.830508 -0.05 204 0 0
-12.911392 5.338983 -0.05 204 0 0
-12.911392 5.847458 -0.05 204 0 0
-12.911392 6.355932 -0.05 204 0 0
-12.911392 6.864407 -0.05 204 0 0
-12.911392 7.372881 -0.05 204 0 0
-12.911392 7.881356 -0.05 204 0 0
-12.911392 8.389831 -0.05 204 0 0
-12.911392 8.898305 -0.05 204 0 0
-12.911392 9.40678 -0.05 204 0 0
-12.911392 9.915254 -0.05 204 0 0
-12.911392 10.423729 -0.05 204 0 0
-12.911392 10.932203 -0.05 204 0 0
-12.911392 11.440678 -0.05 204 0 0
-12.911392 11.949153 -0.05 204 0 0
-12.911392 12.457627 -0.05 204 0 0
-12.911392 12.966102 -0.05 204 0 0
-12.911392 13.474576 -0.05 204 0 0
-12.911392 13.983051 -0.05 204 0 0
-12.911392 14.491525 -0.05 204 0 0
-12.911392 15.0 -0.05 204 0 0
-12.405063 -15.0 -0.05 204 0 0
-12.405063 -14.491525 -0.05 204 0 0
-12.405063 -13.983051 -0.05 204 0 0
-12.405063 -13.474576 -0.05 204 0 0
-12.405063 -12.966102 -0.05 204 0 0
-12.405063 -12.457627 -0.05 204 0 0
-12.405063 -11.949153 -0.05 204 0 0
-12.405063 -11.440678 -0.05 204 0 0
-12.405063 -10.932203 -0.05 204 0 0
-12.405063 -10.423729 -0.05 204 0 0
-12.405063 -9.915254 -0.05 204 0 0
-12.405063 -9.40678 -0.05 204 0 0
-12.405063 -8.898305 -0.05 204 0 0
-12.405063 -8.389831 -0.05 204 0 0
-12.405063 -7.881356 -0.05 204 0 0
-12.405063 -7.372881 -0.05 204 0 0
-12.405063 -6.864407 -0.05 204 0 0
-12.405063 -6.355932 -0.05 204 0 0
-12.405063 -5.847458 -0.05 204 0 0
-12.405063 -5.338983 -0.05 204 0 0
-12.405063 -4.830508 -0.05 204 0 0
-12.405063 -4.322034 -0.05 204 0 0
-12.405063 -3.813559 -0.05 204 0 0
-12.405063 -3.305085 -0.05 204 0 0
-12.405063 -2.79661 -0.05 204 0 0
-12.405063 -2.288136 -0.05 204 0 0
-12.405063 -1.779661 -0.05 204 0 0
-12.405063 -1.271186 -0.05 204 0 0
-12.405063 -0.762712 -0.05 204 0 0
-12.405063 -0.254237 -0.05 204 0 0
-12.405063 0.254237 -0.05 204 0 0
-12.405063 0.762712 -0.05 204 0 0
-12.405063 1.271186 -0.05 204 0 0
-12.405063 1.779661 -0.05 204 0 0
-12.405063 2.288136 -0.05 204 0 0
-12.405063 2.79661 -0.05 204 0 0
-12.405063 3.305085 -0.05 204 0 0
-12.405063 3.813559 -0.05 204 0 0
-12.405063 4.322034 -0.05 204 0 0
-12.405063 4.830508 -0.05 204 0 0
-12.405063 5.338983 -0.05 204 0 0
-12.405063 5.847458 -0.05 204 0 0
-12.405063 6.355932 -0.05 204 0 0
-12.405063 6.864407 -0.05 204 0 0
-12.405063 7.372881 -0.05 204 0 0
-12.405063 7.881356 -0.05 204 0 0
-12.405063 8.389831 -0.05 204 0 0
-12.405063 8.898305 -0.05 204 0 0
-12.405063 9.40678 -0.05 204 0 0
-12.405063 9.915254 -0.05 204 0 0
-12.405063 10.423729 -0.05 204 0 0
-12.405063 10.932203 -0.05 204 0 0
-12.405063 11.440678 -0.05 204 0 0
-12.405063 11.949153 -0.05 204 0 0
-12.405063 12.457627 -0.05 204 0 0
-12.405063 12.966102 -0.05 204 0 0
-12.405063 13.474576 -0.05 204 0 0
-12.405063 13.983051 -0.05 204 0 0
-12.405063 14.491525 -0.05 204 0 0
-12.405063 15.0 -0.05 204 0 0
-11.898734 -15.0 -0.05 204 0 0
-11.898734 -14.491525 -0.05 204 0 0
-11.898734 -13.983051 -0.05 204 0 0
-11.898734 -13.474576 -0.05 204 0 0
-11.898734 -12.966102 -0.05 204 0 0
-11.898734 -12.457627 -0.05 204 0 0
-11.898734 -11.949153 -0.05 204 0 0
-11.898734 -11.440678 -0.05 204 0 0
-11.898734 -10.932203 -0.05 204 0 0
-11.898734 -10.423729 -0.05 204 0 0
-11.898734 -9.915254 -0.05 204 0 0
-11.898734 -9.40678 -0.05 204 0 0
-11.898734 -8.898305 -0.05 204 0 0
-11.898734 -8.389831 -0.05 204 0 0
-11.898734 -7.881356 -0.05 204 0 0
-11.898734 -7.372881 -0.05 204 0 0
-11.898734 -6.864407 -0.05 204 0 0
-11.898734 -6.355932 -0.05 204 0 0
-11.898734 -5.847458 -0.05 204 0 0
-11.898734 -5.338983 -0.05 204 0 0
-11.898734 -4.830508 -0.05 204 0 0
-11.898734 -4.322034 -0.05 204 0 0
-11.898734 -3.813559 -0.05 204 0 0
-11.898734 -3.305085 -0.05 204 0 0
-11.898734 -2.79661 -0.05 204 0 0
-11.898734 -2.288136 -0.05 204 0 0
-11.898734 -1.779661 -0.05 204 0 0
-11.898734 -1.271186 -0.05 204 0 0
-11.898734 -0.762712 -0.05 204 0 0
-11.898734 -0.254237 -0.05 204 0 0
-11.898734 0.254237 -0.05 204 0 0
-11.898734 0.762712 -0.05 204 0 0
-11.898734 1.271186 -0.05 204 0 0
-11.898734 1.779661 -0.05 204 0 0
-11.898734 2.288136 -0.05 204 0 0
-11.898734 2.79661 -0.05 204 0 0
-11.898734 3.305085 -0.05 204 0 0
-11.898734 3.813559 -0.05 204 0 0
-11.898734 4.322034 -0.05 204 0 0
-11.898734 4.830508 -0.05 204 0 0
-11.898734 5.338983 -0.05 204 0 0
-11.898734 5.847458 -0.05 204 0 0
-11.898734 6.355932 -0.05 204 0 0
-11.898734 6.864407 -0.05 204 0 0
-11.898734 7.372881 -0.05 204 0 0
-11.898734 7.881356 -0.05 204 0 0
-11.898734 8.389831 -0.05 204 0 0
-11.898734 8.898305 -0.05 204 0 0
-11.898734 9.40678 -0.05 204 0 0
-11.898734 9.915254 -0.05 204 0 0
-11.898734 10.423729 -0.05 204 0 0
-11.898734 10.932203 -0.05 204 0 0
-11.898734 11.440678 -0.05 204 0 0
-11.898734 11.949153 -0.05 204 0 0
-11.898734 12.457627 -0.05 204 0 0
-11.898734 12.966102 -0.05 204 0 0
-11.898734 13.474576 -0.05 204 0 0
-11.898734 13.983051 -0.05 204 0 0
-11.898734 14.491525 -0.05 204 0 0
-11.898734 15.0 -0.05 204 0 0
-11.392405 -15.0 -0.05 204 0 0
-11.392405 -14.491525 -0.05 204 0 0
-11.392405 -13.983051 -0.05 204 0 0
-11.392405 -13.474576 -0.05 204 0 0
-11.392405 -12.966102 -0.05 204 0 0
-11.392405 -12.457627 -0.05 204 0 0
-11.392405 -11.949153 -0.05 204 0 0
-11.392405 -11.440678 -0.05 204 0 0
-11.392405 -10.932203 -0.05 204 0 0
-11.392405 -10.423729 -0.05 204 0 0
-11.392405 -9.915254 -0.05 204 0 0
-11.392405 -9.40678 -0.05 204 0 0
-11.392405 -8.898305 -0.05 204 0 0
-11.392405 -8.389831 -0.05 204 0 0
-11.392405 -7.881356 -0.05 204 0 0
-11.392405 -7.372881 -0.05 204 0 0
-11.392405 -6.864407 -0.05 204 0 0
-11.392405 -6.355932 -0.05 204 0 0
-11.392405 -5.847458 -0.05 204 0 0
-11.392405 -5.338983 -0.05 204 0 0
-11.392405 -4.830508 -0.05 204 0 0
-11.392405 -4.322034 -0.05 204 0 0
-11.392405 -3.813559 -0.05 204 0 0
-11.392405 -3.305085 -0.05 204 0 0
-11.392405 -2.79661 -0.05 204 0 0
-11.392405 -2.288136 -0.05 204 0 0
-11.392405 -1.779661 -0.05 204 0 0
-11.392405 -1.271186 -0.05 204 0 0
-11.392405 -0.762712 -0.05 204 0 0
-11.392405 -0.254237 -0.05 204 0 0
-11.392405 0.254237 -0.05 204 0 0
-11.392405 0.762712 -0.05 204 0 0
-11.392405 1.271186 -0.05 204 0 0
-11.392405 1.779661 -0.05 204 0 0
-11.392405 2.288136 -0.05 204 0 0
-11.392405 2.79661 -0.05 204 0 0
-11.392405 3.305085 -0.05 204 0 0
-11.392405 3.813559 -0.05 204 0 0
-11.392405 4.322034 -0.05 204 0 0
-11.392405 4.830508 -0.05 204 0 0
-11.392405 5.338983 -0.05 204 0 0
-11.392405 5.847458 -0.05 204 0 0
-11.392405 6.355932 -0.05 204 0 0
-11.392405 6.864407 -0.05 204 0 0
-11.392405 7.372881 -0.05 204 0 0
-11.392405 7.881356 -0.05 204 0 0
-11.392405 8.389831 -0.05 204 0 0
-11.392405 8.898305 -0.05 204 0 0
-11.392405 9.40678 -0.05 204 0 0
-11.392405 9.915254 -0.05 204 0 0
-11.392405 10.423729 -0.05 204 0 0
-11.392405 10.932203 -0.05 204 0 0
-11.392405 11.440678 -0.05 204 0 0
-11.392405 11.949153 -0.05 204 0 0
-11.392405 12.457627 -0.05 204 0 0
-11.392405 12.966102 -0.05 204 0 0
-11.392405 13.474576 -0.05 204 0 0
-11.392405 13.983051 -0.05 204 0 0
-11.392405 14.491525 -0.05 204 0 0
-11.392405 15.0 -0.05 204 0 0
-10.886076 -15.0 -0.05 204 0 0
-10.886076 -14.491525 -0.05 204 0 0
-10.886076 -13.983051 -0.05 204 0 0
-10.886076 -13.474576 -0.05 204 0 0
-10.886076 -12.966102 -0.05 204 0 0
-10.886076 -12.457627 -0.05 204 0 0
-10.886076 -11.949153 -0.05 204 0 0
-10.886076 -11.440678 -0.05 204 0 0
-10.886076 -10.932203 -0.05 204 0 0
-10.886076 -10.423729 -0.05 204 0 0
-10.886076 -9.915254 -0.05 204 0 0
-10.886076 -9.40678 -0.05 204 0 0
-10.886076 -8.898305 -0.05 204 0 0
-10.886076 -8.389831 -0.05 204 0 0
-10.886076 -7.881356 -0.05 204 0 0
-10.886076 -7.372881 -0.05 204 0 0
-10.886076 -6.864407 -0.05 204 0 0
-10.886076 -6.355932 -0.05 204 0 0
-10.886076 -5.847458 -0.05 204 0 0
-10.886076 -5.338983 -0.05 204 0 0
-10.886076 -4.830508 -0.05 204 0 0
-10.886076 -4.322034 -0.05 204 0 0
-10.886076 -3.813559 -0.05 204 0 0
-10.886076 -3.305085 -0.05 204 0 0
-10.886076 -2.79661 -0.05 204 0 0
-10.886076 -2.288136 -0.05 204 0 0
-10.886076 -1.779661 -0.05 204 0 0
-10.886076 -1.271186 -0.05 204 0 0
-10.886076 -0.762712 -0.05 204 0 0
-10.886076 -0.254237 -0.05 204 0 0
-10.886076 0.254237 -0.05 204 0 0
-10.886076 0.762712 -0.05 204 0 0
-10.886076 1.271186 -0.05 204 0 0
-10.886076 1.779661 -0.05 204 0 0
-10.886076 2.288136 -0.05 204 0 0
-10.886076 2.79661 -0.05 204 0 0
-10.886076 3.305085 -0.05 204 0 0
-10.886076 3.813559 -0.05 204 0 0
-10.886076 4.322034 -0.05 204 0 0
-10.886076 4.830508 -0.05 204 0 0
-10.886076 5.338983 -0.05 204 0 0
-10.886076 5.847458 -0.05 204 0 0
-10.886076 6.355932 -0.05 204 0 0
-10.886076 6.864407 -0.05 204 0 0
-10.886076 7.372881 -0.05 204 0 0
-10.886076 7.881356 -0.05 204 0 0
-10.886076 8.389831 -0.05 204 0 0
-10.886076 8.898305 -0.05 204 0 0
-10.886076 9.40678 -0.05 204 0 0
-10.886076 9.915254 -0.05 204 0 0
-10.886076 10.423729 -0.05 204 0 0
-10.886076 10.932203 -0.05 204 0 0
-10.886076 11.440678 -0.05 204 0 0
-10.886076 11.949153 -0.05 204 0 0
-10.886076 12.457627 -0.05 204 0 0
-10.886076 12.966102 -0.05 204 0 0
-10.886076 13.474576 -0.05 204 0 0
-10.886076 13.983051 -0.05 204 0 0
-10.886076 14.491525 -0.05 204 0 0
-10.886076 15.0 -0.05 204 0 0
-10.379747 -15.0 -0.05 204 0 0
-10.379747 -14.491525 -0.05 204 0 0
-10.379747 -13.983051 -0.05 204 0 0
-10.379747 -13.474576 -0.05 204 0 0
-10.379747 -12.966102 -0.05 204 0 0
-10.379747 -12.457627 -0.05 204 0 0
-10.379747 -11.949153 -0.05 204 0 0
-10.379747 -11.440678 -0.05 204 0 0
-10.379747 -10.932203 -0.05 204 0 0
-10.379747 -10.423729 -0.05 204 0 0
-10.379747 -9.915254 -0.05 204 0 0
-10.379747 -9.40678 -0.05 204 0 0
-10.379747 -8.898305 -0.05 204 0 0
-10.379747 -8.389831 -0.05 204 0 0
-10.379747 -7.881356 -0.05 204 0 0
-10.379747 -7.372881 -0.05 204 0 0
-10.379747 -6.864407 -0.05 204 0 0
-10.379747 -6.355932 -0.05 204 0 0
-10.379747 -5.847458 -0.05 204 0 0
-10.379747 -5.338983 -0.05 204 0 0
-10.379747 -4.830508 -0.05 204 0 0
-10.379747 -4.322034 -0.05 204 0 0
-10.379747 -3.813559 -0.05 204 0 0
-10.379747 -3.305085 -0.05 204 0 0
-10.379747 -2.79661 -0.05 204 0 0
-10.379747 -2.288136 -0.05 204 0 0
-10.379747 -1.779661 -0.05 204 0 0
-10.379747 -1.271186 -0.05 204 0 0
-10.379747 -0.762712 -0.05 204 0 0
-10.379747 -0.254237 -0.05 204 0 0
-10.379747 0.254237 -0.05 204 0 0
-10.379747 0.762712 -0.05 204 0 0
-10.379747 1.271186 -0.05 204 0 0
-10.379747 1.779661 -0.05 204 0 0
-10.379747 2.288136 -0.05 204 0 0
-10.379747 2.79661 -0.05 204 0 0
-10.379747 3.305085 -0.05 204 0 0
-10.379747 3.813559 -0.05 204 0 0
-10.379747 4.322034 -0.05 204 0 0
-10.379747 4.830508 -0.05 204 0 0
-10.379747 5.338983 -0.05 204 0 0
-10.379747 5.847458 -0.05 204 0 0
-10.379747 6.355932 -0.05 204 0 0
-10.379747 6.864407 -0.05 204 0 0
-10.379747 7.372881 -0.05 204 0 0
-10.379747 7.881356 -0.05 204 0 0
-10.379747 8.389831 -0.05 204 0 0
-10.379747 8.898305 -0.05 204 0 0
-10.379747 9.40678 -0.05 204 0 0
-10.379747 9.915254 -0.05 204 0 0
-10.379747 10.423729 -0.05 204 0 0
-10.379747 10.932203 -0.05 204 0 0
-10.379747 11.440678 -0.05 204 0 0
-10.379747 11.949153 -0.05 204 0 0
-10.379747 12.457627 -0.05 204 0 0
-10.379747 12.966102 -0.05 204 0 0
-10.379747 13.474576 -0.05 204 0 0
-10.379747 13.983051 -0.05 204 0 0
-10.379747 14.491525 -0.05 204 0 0
-10.379747 15.0 -0.05 204 0 0
-9.873418 -15.0 -0.05 204 0 0
-9.873418 -14.491525 -0.05 204 0 0
-9.873418 -13.983051 -0.05 204 0 0
-9.873418 -13.474576 -0.05 204 0 0
-9.873418 -12.966102 -0.05 204 0 0
-9.873418 -12.457627 -0.05 204 0 0
-9.873418 -11.949153 -0.05 204 0 0
-9.873418 -11.440678 -0.05 204 0 0
-9.873418 -10.932203 -0.05 204 0 0
-9.873418 -10.423729 -0.05 204 0 0
-9.873418 -9.915254 -0.05 204 0 0
-9.873418 -9.40678 -0.05 204 0 0
-9.873418 -8.898305 -0.05 204 0 0
-9.873418 -8.389831 -0.05 204 0 0
-9.873418 -7.881356 -0.05 204 0 0
-9.873418 -7.372881 -0.05 204 0 0
-9.873418 -6.864407 -0.05 204 0 0
-9.873418 -6.355932 -0.05 204 0 0
-9.873418 -5.847458 -0.05 204 0 0
-9.873418 -5.338983 -0.05 204 0 0
-9.873418 -4.830508 -0.05 204 0 0
-9.873418 -4.322034 -0.05 204 0 0
-9.873418 -3.813559 -0.05 204 0 0
-9.873418 -3.305085 -0.05 204 0 0
-9.873418 -2.79661 -0.05 204 0 0
-9.873418 -2.288136 -0.05 204 0 0
-9.873418 -1.779661 -0.05 204 0 0
-9.873418 -1.271186 -0.05 204 0 0
-9.873418 -0.762712 -0.05 204 0 0
-9.873418 -0.254237 -0.05 204 0 0
-9.873418 0.254237 -0.05 204 0 0
-9.873418 0.762712 -0.05 204 0 0
-9.873418 1.271186 -0.05 204 0 0
-9.873418 1.779661 -0.05 204 0 0
-9.873418 2.288136 -0.05 204 0 0
-9.873418 2.79661 -0.05 204 0 0
-9.873418 3.305085 -0.05 204 0 0
-9.873418 3.813559 -0.05 204 0 0
-9.873418 4.322034 -0.05 204 0 0
-9.873418 4.830508 -0.05 204 0 0
-9.873418 5.338983 -0.05 204 0 0
-9.873418 5.847458 -0.05 204 0 0
-9.873418 6.355932 -0.05 204 0 0
-9.873418 6.864407 -0.05 204 0 0
-9.873418 7.372881 -0.05 204 0 0
-9.873418 7.881356 -0.05 204 0 0
-9.873418 8.389831 -0.05 204 0 0
-9.873418 8.898305 -0.05 204 0 0
-9.873418 9.40678 -0.05 204 0 0
-9.873418 9.915254 -0.05 204 0 0
-9.873418 10.423729 -0.05 204 0 0
-9.873418 10.932203 -0.05 204 0 0
-9.873418 11.440678 -0.05 204 0 0
-9.873418 11.949153 -0.05 204 0 0
-9.873418 12.457627 -0.05 204 0 0
-9.873418 12.966102 -0.05 204 0 0
-9.873418 13.474576 -0.05 204 0 0
-9.873418 13.983051 -0.05 204 0 0
-9.873418 14.491525 -0.05 204 0 0
-9.873418 15.0 -0.05 204 0 0
-9.367089 -15.0 -0.05 204 0 0
-9.367089 -14.491525 -0.05 204 0 0
-9.367089 -13.983051 -0.05 204 0 0
-9.367089 -13.474576 -0.05 204 0 0
-9.367089 -12.966102 -0.05 204 0 0
-9.367089 -12.457627 -0.05 204 0 0
-9.367089 -11.949153 -0.05 204 0 0
-9.367089 -11.440678 -0.05 204 0 0
-9.367089 -10.932203 -0.05 204 0 0
-9.367089 -10.423729 -0.05 204 0 0
-9.367089 -9.915254 -0.05 204 0 0
-9.367089 -9.40678 -0.05 204 0 0
-9.367089 -8.898305 -0.05 204 0 0
-9.367089 -8.389831 -0.05 204 0 0
-9.367089 -7.881356 -0.05 204 0 0
-9.367089 -7.372881 -0.05 204 0 0
-9.367089 -6.864407 -0.05 204 0 0
-9.367089 -6.355932 -0.05 204 0 0
-9.367089 -5.847458 -0.05 204 0 0
-9.367089 -5.338983 -0.05 204 0 0
-9.367089 -4.830508 -0.05 204 0 0
-9.367089 -4.322034 -0.05 204 0 0
-9.367089 -3.813559 -0.05 204 0 0
-9.367089 -3.305085 -0.05 204 0 0
-9.367089 -2.79661 -0.05 204 0 0
-9.367089 -2.288136 -0.05 204 0 0
-9.367089 -1.779661 -0.05 204 0 0
-9.367089 -1.271186 -0.05 204 0 0
-9.367089 -0.762712 -0.05 204 0 0
-9.367089 -0.254237 -0.05 204 0 0
-9.367089 0.254237 -0.05 204 0 0
-9.367089 0.762712 -0.05 204 0 0
-9.367089 1.271186 -0.05 204 0 0
-9.367089 1.779661 -0.05 204 0 0
-9.367089 2.288136 -0.05 204 0 0
-9.367089 2.79661 -0.05 204 0 0
-9.367089 3.305085 -0.05 204 0 0
-9.367089 3.813559 -0.05 204 0 0
-9.367089 4.322034 -0.05 204 0 0
-9.367089 4.830508 -0.05 204 0 0
-9.367089 5.338983 -0.05 204 0 0
-9.367089 5.847458 -0.05 204 0 0
-9.367089 6.355932 -0.05 204 0 0
-9.367089 6.864407 -0.05 204 0 0
-9.367089 7.372881 -0.05 204 0 0
-9.367089 7.881356 -0.05 204 0 0
-9.367089 8.389831 -0.05 204 0 0
-9.367089 8.898305 -0.05 204 0 0
-9.367089 9.40678 -0.05 204 0 0
-9.367089 9.915254 -0.05 204 0 0
-9.367089 10.423729 -0.05 204 0 0
-9.367089 10.932203 -0.05 204 0 0
-9.367089 11.440678 -0.05 204 0 0
-9.367089 11.949153 -0.05 204 0 0
-9.367089 12.457627 -0.05 204 0 0
-9.367089 12.966102 -0.05 204 0 0
-9.367089 13.474576 -0.05 204 0 0
-9.367089 13.983051 -0.05 204 0 0
-9.367089 14.491525 -0.05 204 0 0
-9.367089 15.0 -0.05 204 0 0
-8.860759 -15.0 -0.05 204 0 0
-8.860759 -14.491525 -0.05 204 0 0
-8.860759 -13.983051 -0.05 204 0 0
-8.860759 -13.474576 -0.05 204 0 0
-8.860759 -12.966102 -0.05 204 0 0
-8.860759 -12.457627 -0.05 204 0 0
-8.860759 -11.949153 -0.05 204 0 0
-8.860759 -11.440678 -0.05 204 0 0
-8.860759 -10.932203 -0.05 204 0 0
-8.860759 -10.423729 -0.05 204 0 0
-8.860759 -9.915254 -0.05 204 0 0
-8.860759 -9.40678 -0.05 204 0 0
-8.860759 -8.898305 -0.05 204 0 0
-8.860759 -8.389831 -0.05 204 0 0
-8.860759 -7.881356 -0.05 204 0 0
-8.860759 -7.372881 -0.05 204 0 0
-8.860759 -6.864407 -0.05 204 0 0
-8.860759 -6.355932 -0.05 204 0 0
-8.860759 -5.847458 -0.05 204 0 0
-8.860759 -5.338983 -0.05 204 0 0
-8.860759 -4.830508 -0.05 204 0 0
-8.860759 -4.322034 -0.05 204 0 0
-8.860759 -3.813559 -0.05 204 0 0
-8.860759 -3.305085 -0.05 204 0 0
-8.860759 -2.79661 -0.05 204 0 0
-8.860759 -2.288136 -0.05 204 0 0
-8.860759 -1.779661 -0.05 204 0 0
-8.860759 -1.271186 -0.05 204 0 0
-8.860759 -0.762712 -0.05 204 0 0
-8.860759 -0.254237 -0.05 204 0 0
-8.860759 0.254237 -0.05 204 0 0
-8.860759 0.762712 -0.05 204 0 0
-8.860759 1.271186 -0.05 204 0 0
-8.860759 1.779661 -0.05 204 0 0
-8.860759 2.288136 -0.05 204 0 0
-8.860759 2.79661 -0.05 204 0 0
-8.860759 3.305085 -0.05 204 0 0
-8.860759 3.813559 -0.05 204 0 0
-8.860759 4.322034 -0.05 204 0 0
-8.860759 4.830508 -0.05 204 0 0
-8.860759 5.338983 -0.05 204 0 0
-8.860759 5.847458 -0.05 204 0 0
-8.860759 6.355932 -0.05 204 0 0
-8.860759 6.864407 -0.05 204 0 0
-8.860759 7.372881 -0.05 204 0 0
-8.860759 7.881356 -0.05 204 0 0
-8.860759 8.389831 -0.05 204 0 0
-8.860759 8.898305 -0.05 204 0 0
-8.860759 9.40678 -0.05 204 0 0
-8.860759 9.915254 -0.05 204 0 0
-8.860759 10.423729 -0.05 204 0 0
-8.860759 10.932203 -0.05 204 0 0
-8.860759 11.440678 -0.05 204 0 0
-8.860759 11.949153 -0.05 204 0 0
-8.860759 12.457627 -0.05 204 0 0
-8.860759 12.966102 -0.05 204 0 0
-8.860759 13.474576 -0.05 204 0 0
-8.860759 13.983051 -0.05 204 0 0
-8.860759 14.491525 -0.05 204 0 0
-8.860759 15.0 -0.05 204 0 0
-8.35443 -15.0 -0.05 204 0 0
-8.35443 -14.491525 -0.05 204 0 0
-8.35443 -13.983051 -0.05 204 0 0
-8.35443 -13.474576 -0.05 204 0 0
-8.35443 -12.966102 -0.05 204 0 0
-8.35443 -12.457627 -0.05 204 0 0
-8.35443 -11.949153 -0.05 204 0 0
-8.35443 -11.440678 -0.05 204 0 0
-8.35443 -10.932203 -0.05 204 0 0
-8.35443 -10.423729 -0.05 204 0 0
-8.35443 -9.915254 -0.05 204 0 0
-8.35443 -9.40678 -0.05 204 0 0
-8.35443 -8.898305 -0.05 204 0 0
-8.35443 -8.389831 -0.05 204 0 0
-8.35443 -7.881356 -0.05 204 0 0
-8.35443 -7.372881 -0.05 204 0 0
-8.35443 -6.864407 -0.05 204 0 0
-8.35443 -6.355932 -0.05 204 0 0
-8.35443 -5.847458 -0.05 204 0 0
-8.35443 -5.338983 -0.05 204 0 0
-8.35443 -4.830508 -0.05 204 0 0
-8.35443 -4.322034 -0.05 204 0 0
-8.35443 -3.813559 -0.05 204 0 0
-8.35443 -3.305085 -0.05 204 0 0
-8.35443 -2.79661 -0.05 204 0 0
-8.35443 -2.288136 -0.05 204 0 0
-8.35443 -1.779661 -0.05 204 0 0
-8.35443 -1.271186 -0.05 204 0 0
-8.35443 -0.762712 -0.05 204 0 0
-8.35443 -0.254237 -0.05 204 0 0
-8.35443 0.254237 -0.05 204 0 0
-8.35443 0.762712 -0.05 204 0 0
-8.35443 1.271186 -0.05 204 0 0
-8.35443 1.779661 -0.05 204 0 0
-8.35443 2.288136 -0.05 204 0 0
-8.35443 2.79661 -0.05 204 0 0
-8.35443 3.305085 -0.05 204 0 0
-8.35443 3.813559 -0.05 204 0 0
-8.35443 4.322034 -0.05 204 0 0
-8.35443 4.830508 -0.05 204 0 0
-8.35443 5.338983 -0.05 204 0 0
-8.35443 5.847458 -0.05 204 0 0
-8.35443 6.355932 -0.05 204 0 0
-8.35443 6.864407 -0.05 204 0 0
-8.35443 7.372881 -0.05 204 0 0
-8.35443 7.881356 -0.05 204 0 0
-8.35443 8.389831 -0.05 204 0 0
-8.35443 8.898305 -0.05 204 0 0
-8.35443 9.40678 -0.05 204 0 0
-8.35443 9.915254 -0.05 204 0 0
-8.35443 10.423729 -0.05 204 0 0
-8.35443 10.932203 -0.05 204 0 0
-8.35443 11.440678 -0.05 204 0 0
-8.35443 11.949153 -0.05 204 0 0
-8.35443 12.457627 -0.05 204 0 0
-8.35443 12.966102 -0.05 204 0 0
-8.35443 13.474576 -0.05 204 0 0
-8.35443 13.983051 -0.05 204 0 0
-8.35443 14.491525 -0.05 204 0 0
-8.35443 15.0 -0.05 204 0 0
-7.848101 -15.0 -0.05 204 0 0
-7.848101 -14.491525 -0.05 204 0 0
-7.848101 -13.983051 -0.05 204 0 0
-7.848101 -13.474576 -0.05 204 0 0
-7.848101 -12.966102 -0.05 204 0 0
-7.848101 -12.457627 -0.05 204 0 0
-7.848101 -11.949153 -0.05 204 0 0
-7.848101 -11.440678 -0.05 204 0 0
-7.848101 -10.932203 -0.05 204 0 0
-7.848101 -10.423729 -0.05 204 0 0
-7.848101 -9.915254 -0.05 204 0 0
-7.848101 -9.40678 -0.05 204 0 0
-7.848101 -8.898305 -0.05 204 0 0
-7.848101 -8.389831 -0.05 204 0 0
-7.848101 -7.881356 -0.05 204 0 0
-7.848101 -7.372881 -0.05 204 0 0
-7.848101 -6.864407 -0.05 204 0 0
-7.848101 -6.355932 -0.05 204 0 0
-7.848101 -5.847458 -0.05 204 0 0
-7.848101 -5.338983 -0.05 204 0 0
-7.848101 -4.830508 -0.05 204 0 0
-7.848101 -4.322034 -0.05 204 0 0
-7.848101 -3.813559 -0.05 204 0 0
-7.848101 -3.305085 -0.05 204 0 0
-7.848101 -2.79661 -0.05 204 0 0
-7.848101 -2.288136 -0.05 204 0 0
-7.848101 -1.779661 -0.05 204 0 0
-7.848101 -1.271186 -0.05 204 0 0
-7.848101 -0.762712 -0.05 204 0 0
-7.848101 -0.254237 -0.05 204 0 0
-7.848101 0.254237 -0.05 204 0 0
-7.848101 0.762712 -0.05 204 0 0
-7.848101 1.271186 -0.05 204 0 0
-7.848101 1.779661 -0.05 204 0 0
-7.848101 2.288136 -0.05 204 0 0
-7.848101 2.79661 -0.05 204 0 0
-7.848101 3.305085 -0.05 204 0 0
-7.848101 3.813559 -0.05 204 0 0
-7.848101 4.322034 -0.05 204 0 0
-7.848101 4.830508 -0.05 204 0 0
-7.848101 5.338983 -0.05 204 0 0
-7.848101 5.847458 -0.05 204 0 0
-7.848101 6.355932 -0.05 204 0 0
-7.848101 6.864407 -0.05 204 0 0
-7.848101 7.372881 -0.05 204 0 0
-7.848101 7.881356 -0.05 204 0 0
-7.848101 8.389831 -0.05 204 0 0
-7.848101 8.898305 -0.05 204 0 0
-7.848101 9.40678 -0.05 204 0 0
-7.848101 9.915254 -0.05 204 0 0
-7.848101 10.423729 -0.05 204 0 0
-7.848101 10.932203 -0.05 204 0 0
-7.848101 11.440678 -0.05 204 0 0
-7.848101 11.949153 -0.05 204 0 0
-7.848101 12.457627 -0.05 204 0 0
-7.848101 12.966102 -0.05 204 0 0
-7.848101 13.474576 -0.05 204 0 0
-7.848101 13.983051 -0.05 204 0 0
-7.848101 14.491525 -0.05 204 0 0
-7.848101 15.0 -0.05 204 0 0
-7.341772 -15.0 -0.05 204 0 0
-7.341772 -14.491525 -0.05 204 0 0
-7.341772 -13.983051 -0.05 204 0 0
-7.341772 -13.474576 -0.05 204 0 0
-7.341772 -12.966102 -0.05 204 0 0
-7.341772 -12.457627 -0.05 204 0 0
-7.341772 -11.949153 -0.05 204 0 0
-7.341772 -11.440678 -0.05 204 0 0
-7.341772 -10.932203 -0.05 204 0 0
-7.341772 -10.423729 -0.05 204 0 0
-7.341772 -9.915254 -0.05 204 0 0
-7.341772 -9.40678 -0.05 204 0 0
-7.341772 -8.898305 -0.05 204 0 0
-7.341772 -8.389831 -0.05 204 0 0
-7.341772 -7.881356 -0.05 204 0 0
-7.341772 -7.372881 -0.05 204 0 0
-7.341772 -6.864407 -0.05 204 0 0
-7.341772 -6.355932 -0.05 204 0 0
-7.341772 -5.847458 -0.05 204 0 0
-7.341772 -5.338983 -0.05 204 0 0
-7.341772 -4.830508 -0.05 204 0 0
-7.341772 -4.322034 -0.05 204 0 0
-7.341772 -3.813559 -0.05 204 0 0
-7.341772 -3.305085 -0.05 204 0 0
-7.341772 -2.79661 -0.05 204 0 0
-7.341772 -2.288136 -0.05 204 0 0
-7.341772 -1.779661 -0.05 204 0 0
-7.341772 -1.271186 -0.05 204 0 0
-7.341772 -0.762712 -0.05 204 0 0
-7.341772 -0.254237 -0.05 204 0 0
-7.341772 0.254237 -0.05 204 0 0
-7.341772 0.762712 -0.05 204 0 0
-7.341772 1.271186 -0.05 204 0 0
-7.341772 1.779661 -0.05 204 0 0
-7.341772 2.288136 -0.05 204 0 0
-7.341772 2.79661 -0.05 204 0 0
-7.341772 3.305085 -0.05 204 0 0
-7.341772 3.813559 -0.05 204 0 0
-7.341772 4.322034 -0.05 204 0 0
-7.341772 4.830508 -0.05 204 0 0
-7.341772 5.338983 -0.05 204 0 0
-7.341772 5.847458 -0.05 204 0 0
-7.341772 6.355932 -0.05 204 0 0
-7.341772 6.864407 -0.05 204 0 0
-7.341772 7.372881 -0.05 204 0 0
-7.341772 7.881356 -0.05 204 0 0
-7.341772 8.389831 -0.05 204 0 0
-7.341772 8.898305 -0.05 204 0 0
-7.341772 9.40678 -0.05 204 0 0
-7.341772 9.915254 -0.05 204 0 0
-7.341772 10.423729 -0.05 204 0 0
-7.341772 10.932203 -0.05 204 0 0
-7.341772 11.440678 -0.05 204 0 0
-7.341772 11.949153 -0.05 204 0 0
-7.341772 12.457627 -0.05 204 0 0
-7.341772 12.966102 -0.05 204 0 0
-7.341772 13.474576 -0.05 204 0 0
-7.341772 13.983051 -0.05 204 0 0
-7.341772 14.491525 -0.05 204 0 0
-7.341772 15.0 -0.05 204 0 0
-6.835443 -15.0 -0.05 204 0 0
-6.835443 -14.491525 -0.05 204 0 0
-6.835443 -13.983051 -0.05 204 0 0
-6.835443 -13.474576 -0.05 204 0 0
-6.835443 -12.966102 -0.05 204 0 0
-6.835443 -12.457627 -0.05 204 0 0
-6.835443 -11.949153 -0.05 204 0 0
-6.835443 -11.440678 -0.05 204 0 0
-6.835443 -10.932203 -0.05 204 0 0
-6.835443 -10.423729 -0.05 204 0 0
-6.835443 -9.915254 -0.05 204 0 0
-6.835443 -9.40678 -0.05 204 0 0
-6.835443 -8.898305 -0.05 204 0 0
-6.835443 -8.389831 -0.05 204 0 0
-6.835443 -7.881356 -0.05 204 0 0
-6.835443 -7.372881 -0.05 204 0 0
-6.835443 -6.864407 -0.05 204 0 0
-6.835443 -6.355932 -0.05 204 0 0
-6.835443 -5.847458 -0.05 204 0 0
-6.835443 -5.338983 -0.05 204 0 0
-6.835443 -4.830508 -0.05 204 0 0
-6.835443 -4.322034 -0.05 204 0 0
-6.835443 -3.813559 -0.05 204 0 0
-6.835443 -3.305085 -0.05 204 0 0
-6.835443 -2.79661 -0.05 204 0 0
-6.835443 -2.288136 -0.05 204 0 0
-6.835443 -1.779661 -0.05 204 0 0
-6.835443 -1.271186 -0.05 204 0 0
-6.835443 -0.762712 -0.05 204 0 0
-6.835443 -0.254237 -0.05 204 0 0
-6.835443 0.254237 -0.05 204 0 0
-6.835443 0.762712 -0.05 204 0 0
-6.835443 1.271186 -0.05 204 0 0
-6.835443 1.779661 -0.05 204 0 0
-6.835443 2.288136 -0.05 204 0 0
-6.835443 2.79661 -0.05 204 0 0
-6.835443 3.305085 -0.05 204 0 0
-6.835443 3.813559 -0.05 204 0 0
-6.835443 4.322034 -0.05 204 0 0
-6.835443 4.830508 -0.05 204 0 0
-6.835443 5.338983 -0.05 204 0 0
-6.835443 5.847458 -0.05 204 0 0
-6.835443 6.355932 -0.05 204 0 0
-6.835443 6.864407 -0.05 204 0 0
-6.835443 7.372881 -0.05 204 0 0
-6.835443 7.881356 -0.05 204 0 0
-6.835443 8.389831 -0.05 204 0 0
-6.835443 8.898305 -0.05 204 0 0
-6.835443 9.40678 -0.05 204 0 0
-6.835443 9.915254 -0.05 204 0 0
-6.835443 10.423729 -0.05 204 0 0
-6.835443 10.932203 -0.05 204 0 0
-6.835443 11.440678 -0.05 204 0 0
-6.835443 11.949153 -0.05 204 0 0
-6.835443 12.457627 -0.05 204 0 0
-6.835443 12.966102 -0.05 204 0 0
-6.835443 13.474576 -0.05 204 0 0
-6.835443 13.983051 -0.05 204 0 0
-6.835443 14.491525 -0.05 204 0 0
-6.835443 15.0 -0.05 204 0 0
-6.329114 -15.0 -0.05 204 0 0
-6.329114 -14.491525 -0.05 204 0 0
-6.329114 -13.983051 -0.05 204 0 0
-6.329114 -13.474576 -0.05 204 0 0
-6.329114 -12.966102 -0.05 204 0 0
-6.329114 -12.457627 -0.05 204 0 0
-6.329114 -11.949153 -0.05 204 0 0
-6.329114 -11.440678 -0.05 204 0 0
-6.329114 -10.932203 -0.05 204 0 0
-6.329114 -10.423729 -0.05 204 0 0
-6.329114 -9.915254 -0.05 204 0 0
-6.329114 -9.40678 -0.05 204 0 0
-6.329114 -8.898305 -0.05 204 0 0
-6.329114 -8.389831 -0.05 204 0 0
-6.329114 -7.881356 -0.05 204 0 0
-6.329114 -7.372881 -0.05 204 0 0
-6.329114 -6.864407 -0.05 204 0 0
-6.329114 -6.355932 -0.05 204 0 0
-6.329114 -5.847458 -0.05 204 0 0
-6.329114 -5.338983 -0.05 204 0 0
-6.329114 -4.830508 -0.05 204 0 0
-6.329114 -4.322034 -0.05 204 0 0
-6.329114 -3.813559 -0.05 204 0 0
-6.329114 -3.305085 -0.05 204 0 0
-6.329114 -2.79661 -0.05 204 0 0
-6.329114 -2.288136 -0.05 204 0 0
-6.329114 -1.779661 -0.05 204 0 0
-6.329114 -1.271186 -0.05 204 0 0
-6.329114 -0.762712 -0.05 204 0 0
-6.329114 -0.254237 -0.05 204 0 0
-6.329114 0.254237 -0.05 204 0 0
-6.329114 0.762712 -0.05 204 0 0
-6.329114 1.271186 -0.05 204 0 0
-6.329114 1.779661 -0.05 204 0 0
-6.329114 2.288136 -0.05 204 0 0
-6.329114 2.79661 -0.05 204 0 0
-6.329114 3.305085 -0.05 204 0 0
-6.329114 3.813559 -0.05 204 0 0
-6.329114 4.322034 -0.05 204 0 0
-6.329114 4.830508 -0.05 204 0 0
-6.329114 5.338983 -0.05 204 0 0
-6.329114 5.847458 -0.05 204 0 0
-6.329114 6.355932 -0.05 204 0 0
-6.329114 6.864407 -0.05 204 0 0
-6.329114 7.372881 -0.05 204 0 0
-6.329114 7.881356 -0.05 204 0 0
-6.329114 8.389831 -0.05 204 0 0
-6.329114 8.898305 -0.05 204 0 0
-6.329114 9.40678 -0.05 204 0 0
-6.329114 9.915254 -0.05 204 0 0
-6.329114 10.423729 -0.05 204 0 0
-6.329114 10.932203 -0.05 204 0 0
-6.329114 11.440678 -0.05 204 0 0
-6.329114 11.949153 -0.05 204 0 0
-6.329114 12.457627 -0.05 204 0 0
-6.329114 12.966102 -0.05 204 0 0
-6.329114 13.474576 -0.05 204 0 0
-6.329114 13.983051 -0.05 204 0 0
-6.329114 14.491525 -0.05 204 0 0
-6.329114 15.0 -0.05 204 0 0
-5.822785 -15.0 -0.05 204 0 0
-5.822785 -14.491525 -0.05 204 0 0
-5.822785 -13.983051 -0.05 204 0 0
-5.822785 -13.474576 -0.05 204 0 0
-5.822785 -12.966102 -0.05 204 0 0
-5.822785 -12.457627 -0.05 204 0 0
-5.822785 -11.949153 -0.05 204 0 0
-5.822785 -11.440678 -0.05 204 0 0
-5.822785 -10.932203 -0.05 204 0 0
-5.822785 -10.423729 -0.05 204 0 0
-5.822785 -9.915254 -0.05 204 0 0
-5.822785 -9.40678 -0.05 204 0 0
-5.822785 -8.898305 -0.05 204 0 0
-5.822785 -8.389831 -0.05 204 0 0
-5.822785 -7.881356 -0.05 204 0 0
-5.822785 -7.372881 -0.05 204 0 0
-5.822785 -6.864407 -0.05 204 0 0
-5.822785 -6.355932 -0.05 204 0 0
-5.822785 -5.847458 -0.05 204 0 0
-5.822785 -5.338983 -0.05 204 0 0
-5.822785 -4.830508 -0.05 204 0 0
-5.822785 -4.322034 -0.05 204 0 0
-5.822785 -3.813559 -0.05 204 0 0
-5.822785 -3.305085 -0.05 204 0 0
-5.822785 -2.79661 -0.05 204 0 0
-5.822785 -2.288136 -0.05 204 0 0
-5.822785 -1.779661 -0.05 204 0 0
-5.822785 -1.271186 -0.05 204 0 0
-5.822785 -0.762712 -0.05 204 0 0
-5.822785 -0.254237 -0.05 204 0 0
-5.822785 0.254237 -0.05 204 0 0
-5.822785 0.762712 -0.05 204 0 0
-5.822785 1.271186 -0.05 204 0 0
-5.822785 1.779661 -0.05 204 0 0
-5.822785 2.288136 -0.05 204 0 0
-5.822785 2.79661 -0.05 204 0 0
-5.822785 3.305085 -0.05 204 0 0
-5.822785 3.813559 -0.05 204 0 0
-5.822785 4.322034 -0.05 204 0 0
-5.822785 4.830508 -0.05 204 0 0
-5.822785 5.338983 -0.05 204 0 0
-5.822785 5.847458 -0.05 204 0 0
-5.822785 6.355932 -0.05 204 0 0
-5.822785 6.864407 -0.05 204 0 0
-5.822785 7.372881 -0.05 204 0 0
-5.822785 7.881356 -0.05 204 0 0
-5.822785 8.389831 -0.05 204 0 0
-5.822785 8.898305 -0.05 204 0 0
-5.822785 9.40678 -0.05 204 0 0
-5.822785 9.915254 -0.05 204 0 0
-5.822785 10.423729 -0.05 204 0 0
-5.822785 10.932203 -0.05 204 0 0
-5.822785 11.440678 -0.05 204 0 0
-5.822785 11.949153 -0.05 204 0 0
-5.822785 12.457627 -0.05 204 0 0
-5.822785 12.966102 -0.05 204 0 0
-5.822785 13.474576 -0.05 204 0 0
-5.822785 13.983051 -0.05 204 0 0
-5.822785 14.491525 -0.05 204 0 0
-5.822785 15.0 -0.05 204 0 0
-5.316456 -15.0 -0.05 204 0 0
-5.316456 -14.491525 -0.05 204 0 0
-5.316456 -13.983051 -0.05 204 0 0
-5.316456 -13.474576 -0.05 204 0 0
-5.316456 -12.966102 -0.05 204 0 0
-5.316456 -12.457627 -0.05 204 0 0
-5.316456 -11.949153 -0.05 204 0 0
-5.316456 -11.440678 -0.05 204 0 0
-5.316456 -10.932203 -0.05 204 0 0
-5.316456 -10.423729 -0.05 204 0 0
-5.316456 -9.915254 -0.05 204 0 0
-5.316456 -9.40678 -0.05 204 0 0
-5.316456 -8.898305 -0.05 204 0 0
-5.316456 -8.389831 -0.05 204 0 0
-5.316456 -7.881356 -0.05 204 0 0
-5.316456 -7.372881 -0.05 204 0 0
-5.316456 -6.864407 -0.05 204 0 0
-5.316456 -6.355932 -0.05 204 0 0
-5.316456 -5.847458 -0.05 204 0 0
-5.316456 -5.338983 -0.05 204 0 0
-5.316456 -4.830508 -0.05 204 0 0
-5.316456 -4.322034 -0.05 204 0 0
-5.316456 -3.813559 -0.05 204 0 0
-5.316456 -3.305085 -0.05 204 0 0
-5.316456 -2.79661 -0.05 204 0 0
-5.316456 -2.288136 -0.05 204 0 0
-5.316456 -1.779661 -0.05 204 0 0
-5.316456 -1.271186 -0.05 204 0 0
-5.316456 -0.762712 -0.05 204 0 0
-5.316456 -0.254237 -0.05 204 0 0
-5.316456 0.254237 -0.05 204 0 0
-5.316456 0.762712 -0.05 204 0 0
-5.316456 1.271186 -0.05 204 0 0
-5.316456 1.779661 -0.05 204 0 0
-5.316456 2.288136 -0.05 204 0 0
-5.316456 2.79661 -0.05 204 0 0
-5.316456 3.305085 -0.05 204 0 0
-5.316456 3.813559 -0.05 204 0 0
-5.316456 4.322034 -0.05 204 0 0
-5.316456 4.830508 -0.05 204 0 0
-5.316456 5.338983 -0.05 204 0 0
-5.316456 5.847458 -0.05 204 0 0
-5.316456 6.355932 -0.05 204 0 0
-5.316456 6.864407 -0.05 204 0 0
-5.316456 7.372881 -0.05 204 0 0
-5.316456 7.881356 -0.05 204 0 0
-5.316456 8.389831 -0.05 204 0 0
-5.316456 8.898305 -0.05 204 0 0
-5.316456 9.40678 -0.05 204 0 0
-5.316456 9.915254 -0.05 204 0 0
-5.316456 10.423729 -0.05 204 0 0
-5.316456 10.932203 -0.05 204 0 0
-5.316456 11.440678 -0.05 204 0 0
-5.316456 11.949153 -0.05 204 0 0
-5.316456 12.457627 -0.05 204 0 0
-5.316456 12.966102 -0.05 204 0 0
-5.316456 13.474576 -0.05 204 0 0
-5.316456 13.983051 -0.05 204 0 0
-5.316456 14.491525 -0.05 204 0 0
-5.316456 15.0 -0.05 204 0 0
-4.810127 -15.0 -0.05 204 0 0
-4.810127 -14.491525 -0.05 204 0 0
-4.810127 -13.983051 -0.05 204 0 0
-4.810127 -13.474576 -0.05 204 0 0
-4.810127 -12.966102 -0.05 204 0 0
-4.810127 -12.457627 -0.05 204 0 0
-4.810127 -11.949153 -0.05 204 0 0
-4.810127 -11.440678 -0.05 204 0 0
-4.810127 -10.932203 -0.05 204 0 0
-4.810127 -10.423729 -0.05 204 0 0
-4.810127 -9.915254 -0.05 204 0 0
-4.810127 -9.40678 -0.05 204 0 0
-4.810127 -8.898305 -0.05 204 0 0
-4.810127 -8.389831 -0.05 204 0 0
-4.810127 -7.881356 -0.05 204 0 0
-4.810127 -7.372881 -0.05 204 0 0
-4.810127 -6.864407 -0.05 204 0 0
-4.810127 -6.355932 -0.05 204 0 0
-4.810127 -5.847458 -0.05 204 0 0
-4.810127 -5.338983 -0.05 204 0 0
-4.810127 -4.830508 -0.05 204 0 0
-4.810127 -4.322034 -0.05 204 0 0
-4.810127 -3.813559 -0.05 204 0 0
-4.810127 -3.305085 -0.05 204 0 0
-4.810127 -2.79661 -0.05 204 0 0
-4.810127 -2.288136 -0.05 204 0 0
-4.810127 -1.779661 -0.05 204 0 0
-4.810127 -1.271186 -0.05 204 0 0
-4.810127 -0.762712 -0.05 204 0 0
-4.810127 -0.254237 -0.05 204 0 0
-4.810127 0.254237 -0.05 204 0 0
-4.810127 0.762712 -0.05 204 0 0
-4.810127 1.271186 -0.05 204 0 0
-4.810127 1.779661 -0.05 204 0 0
-4.810127 2.288136 -0.05 204 0 0
-4.810127 2.79661 -0.05 204 0 0
-4.810127 3.305085 -0.05 204 0 0
-4.810127 3.813559 -0.05 204 0 0
-4.810127 4.322034 -0.05 204 0 0
-4.810127 4.830508 -0.05 204 0 0
-4.810127 5.338983 -0.05 204 0 0
-4.810127 5.847458 -0.05 204 0 0
-4.810127 6.355932 -0.05 204 0 0
-4.810127 6.864407 -0.05 204 0 0
-4.810127 7.372881 -0.05 204 0 0
-4.810127 7.881356 -0.05 204 0 0
-4.810127 8.389831 -0.05 204 0 0
-4.810127 8.898305 -0.05 204 0 0
-4.810127 9.40678 -0.05 204 0 0
-4.810127 9.915254 -0.05 204 0 0
-4.810127 10.423729 -0.05 204 0 0
-4.810127 10.932203 -0.05 204 0 0
-4.810127 11.440678 -0.05 204 0 0
-4.810127 11.949153 -0.05 204 0 0
-4.810127 12.457627 -0.05 204 0 0
-4.810127 12.966102 -0.05 204 0 0
-4.810127 13.474576 -0.05 204 0 0
-4.810127 13.983051 -0.05 204 0 0
-4.810127 14.491525 -0.05 204 0 0
-4.810127 15.0 -0.05 204 0 0
-4.303797 -15.0 -0.05 204 0 0
-4.303797 -14.491525 -0.05 204 0 0
-4.303797 -13.983051 -0.05 204 0 0
-4.303797 -13.474576 -0.05 204 0 0
-4.303797 -12.966102 -0.05 204 0 0
-4.303797 -12.457627 -0.05 204 0 0
-4.303797 -11.949153 -0.05 204 0 0
-4.303797 -11.440678 -0.05 204 0 0
-4.303797 -10.932203 -0.05 204 0 0
-4.303797 -10.423729 -0.05 204 0 0
-4.303797 -9.915254 -0.05 204 0 0
-4.303797 -9.40678 -0.05 204 0 0
-4.303797 -8.898305 -0.05 204 0 0
-4.303797 -8.389831 -0.05 204 0 0
-4.303797 -7.881356 -0.05 204 0 0
-4.303797 -7.372881 -0.05 204 0 0
-4.303797 -6.864407 -0.05 204 0 0
-4.303797 -6.355932 -0.05 204 0 0
-4.303797 -5.847458 -0.05 204 0 0
-4.303797 -5.338983 -0.05 204 0 0
-4.303797 -4.830508 -0.05 204 0 0
-4.303797 -4.322034 -0.05 204 0 0
-4.303797 -3.813559 -0.05 204 0 0
-4.303797 -3.305085 -0.05 204 0 0
-4.303797 -2.79661 -0.05 204 0 0
-4.303797 -2.288136 -0.05 204 0 0
-4.303797 -1.779661 -0.05 204 0 0
-4.303797 -1.271186 -0.05 204 0 0
-4.303797 -0.762712 -0.05 204 0 0
-4.303797 -0.254237 -0.05 204 0 0
-4.303797 0.254237 -0.05 204 0 0
-4.303797 0.762712 -0.05 204 0 0
-4.303797 1.271186 -0.05 204 0 0
-4.303797 1.779661 -0.05 204 0 0
-4.303797 2.288136 -0.05 204 0 0
-4.303797 2.79661 -0.05 204 0 0
-4.303797 3.305085 -0.05 204 0 0
-4.303797 3.813559 -0.05 204 0 0
-4.303797 4.322034 -0.05 204 0 0
-4.303797 4.830508 -0.05 204 0 0
-4.303797 5.338983 -0.05 204 0 0
-4.303797 5.847458 -0.05 204 0 0
-4.303797 6.355932 -0.05 204 0 0
-4.303797 6.864407 -0.05 204 0 0
-4.303797 7.372881 -0.05 204 0 0
-4.303797 7.881356 -0.05 204 0 0
-4.303797 8.389831 -0.05 204 0 0
-4.303797 8.898305 -0.05 204 0 0
-4.303797 9.40678 -0.05 204 0 0
-4.303797 9.915254 -0.05 204 0 0
-4.303797 10.423729 -0.05 204 0 0
-4.303797 10.932203 -0.05 204 0 0
-4.303797 11.440678 -0.05 204 0 0
-4.303797 11.949153 -0.05 204 0 0
-4.303797 12.457627 -0.05 204 0 0
-4.303797 12.966102 -0.05 204 0 0
-4.303797 13.474576 -0.05 204 0 0
-4.303797 13.983051 -0.05 204 0 0
-4.303797 14.491525 -0.05 204 0 0
-4.303797 15.0 -0.05 204 0 0
-3.797468 -15.0 -0.05 204 0 0
-3.797468 -14.491525 -0.05 204 0 0
-3.797468 -13.983051 -0.05 204 0 0
-3.797468 -13.474576 -0.05 204 0 0
-3.797468 -12.966102 -0.05 204 0 0
-3.797468 -12.457627 -0.05 204 0 0
-3.797468 -11.949153 -0.05 204 0 0
-3.797468 -11.440678 -0.05 204 0 0
-3.797468 -10.932203 -0.05 204 0 0
-3.797468 -10.423729 -0.05 204 0 0
-3.797468 -9.915254 -0.05 204 0 0
-3.797468 -9.40678 -0.05 204 0 0
-3.797468 -8.898305 -0.05 204 0 0
-3.797468 -8.389831 -0.05 204 0 0
-3.797468 -7.881356 -0.05 204 0 0
-3.797468 -7.372881 -0.05 204 0 0
-3.797468 -6.864407 -0.05 204 0 0
-3.797468 -6.355932 -0.05 204 0 0
-3.797468 -5.847458 -0.05 204 0 0
-3.797468 -5.338983 -0.05 204 0 0
-3.797468 -4.830508 -0.05 204 0 0
-3.797468 -4.322034 -0.05 204 0 0
-3.797468 -3.813559 -0.05 204 0 0
-3.797468 -3.305085 -0.05 204 0 0
-3.797468 -2.79661 -0.05 204 0 0
-3.797468 -2.288136 -0.05 204 0 0
-3.797468 -1.779661 -0.05 204 0 0
-3.797468 -1.271186 -0.05 204 0 0
-3.797468 -0.762712 -0.05 204 0 0
-3.797468 -0.254237 -0.05 204 0 0
-3.797468 0.254237 -0.05 204 0 0
-3.797468 0.762712 -0.05 204 0 0
-3.797468 1.271186 -0.05 204 0 0
-3.797468 1.779661 -0.05 204 0 0
-3.797468 2.288136 -0.05 204 0 0
-3.797468 2.79661 -0.05 204 0 0
-3.797468 3.305085 -0.05 204 0 0
-3.797468 3.813559 -0.05 204 0 0
-3.797468 4.322034 -0.05 204 0 0
-3.797468 4.830508 -0.05 204 0 0
-3.797468 5.338983 -0.05 204 0 0
-3.797468 5.847458 -0.05 204 0 0
-3.797468 6.355932 -0.05 204 0 0
-3.797468 6.864407 -0.05 204 0 0
-3.797468 7.372881 -0.05 204 0 0
-3.797468 7.881356 -0.05 204 0 0
-3.797468 8.389831 -0.05 204 0 0
-3.797468 8.898305 -0.05 204 0 0
-3.797468 9.40678 -0.05 204 0 0
-3.797468 9.915254 -0.05 204 0 0
-3.797468 10.423729 -0.05 204 0 0
-3.797468 10.932203 -0.05 204 0 0
-3.797468 11.440678 -0.05 204 0 0
-3.797468 11.949153 -0.05 204 0 0
-3.797468 12.457627 -0.05 204 0 0
-3.797468 12.966102 -0.05 204 0 0
-3.797468 13.474576 -0.05 204 0 0
-3.797468 13.983051 -0.05 204 0 0
-3.797468 14.491525 -0.05 204 0 0
-3.797468 15.0 -0.05 204 0 0
-3.291139 -15.0 -0.05 204 0 0
-3.291139 -14.491525 -0.05 204 0 0
-3.291139 -13.983051 -0.05 204 0 0
-3.291139 -13.474576 -0.05 204 0 0
-3.291139 -12.966102 -0.05 204 0 0
-3.291139 -12.457627 -0.05 204 0 0
-3.291139 -11.949153 -0.05 204 0 0
-3.291139 -11.440678 -0.05 204 0 0
-3.291139 -10.932203 -0.05 204 0 0
-3.291139 -10.423729 -0.05 204 0 0
-3.291139 -9.915254 -0.05 204 0 0
-3.291139 -9.40678 -0.05 204 0 0
-3.291139 -8.898305 -0.05 204 0 0
-3.291139 -8.389831 -0.05 204 0 0
-3.291139 -7.881356 -0.05 204 0 0
-3.291139 -7.372881 -0.05 204 0 0
-3.291139 -6.864407 -0.05 204 0 0
-3.291139 -6.355932 -0.05 204 0 0
-3.291139 -5.847458 -0.05 204 0 0
-3.291139 -5.338983 -0.05 204 0 0
-3.291139 -4.830508 -0.05 204 0 0
-3.291139 -4.322034 -0.05 204 0 0
-3.291139 -3.813559 -0.05 204 0 0
-3.291139 -3.305085 -0.05 204 0 0
-3.291139 -2.79661 -0.05 204 0 0
-3.291139 -2.288136 -0.05 204 0 0
-3.291139 -1.779661 -0.05 204 0 0
-3.291139 -1.271186 -0.05 204 0 0
-3.291139 -0.762712 -0.05 204 0 0
-3.291139 -0.254237 -0.05 204 0 0
-3.291139 0.254237 -0.05 204 0 0
-3.291139 0.762712 -0.05 204 0 0
-3.291139 1.271186 -0.05 204 0 0
-3.291139 1.779661 -0.05 204 0 0
-3.291139 2.288136 -0.05 204 0 0
-3.291139 2.79661 -0.05 204 0 0
-3.291139 3.305085 -0.05 204 0 0
-3.291139 3.813559 -0.05 204 0 0
-3.291139 4.322034 -0.05 204 0 0
-3.291139 4.830508 -0.05 204 0 0
-3.291139 5.338983 -0.05 204 0 0
-3.291139 5.847458 -0.05 204 0 0
-3.291139 6.355932 -0.05 204 0 0
-3.291139 6.864407 -0.05 204 0 0
-3.291139 7.372881 -0.05 204 0 0
-3.291139 7.881356 -0.05 204 0 0
-3.291139 8.389831 -0.05 204 0 0
-3.291139 8.898305 -0.05 204 0 0
-3.291139 9.40678 -0.05 204 0 0
-3.291139 9.915254 -0.05 204 0 0
-3.291139 10.423729 -0.05 204 0 0
-3.291139 10.932203 -0.05 204 0 0
-3.291139 11.440678 -0.05 204 0 0
-3.291139 11.949153 -0.05 204 0 0
-3.291139 12.457627 -0.05 204 0 0
-3.291139 12.966102 -0.05 204 0 0
-3.291139 13.474576 -0.05 204 0 0
-3.291139 13.983051 -0.05 204 0 0
-3.291139 14.491525 -0.05 204 0 0
-3.291139 15.0 -0.05 204 0 0
-2.78481 -15.0 -0.05 204 0 0
-2.78481 -14.491525 -0.05 204 0 0
-2.78481 -13.983051 -0.05 204 0 0
-2.78481 -13.474576 -0.05 204 0 0
-2.78481 -12.966102 -0.05 204 0 0
-2.78481 -12.457627 -0.05 204 0 0
-2.78481 -11.949153 -0.05 204 0 0
-2.78481 -11.440678 -0.05 204 0 0
-2.78481 -10.932203 -0.05 204 0 0
-2.78481 -10.423729 -0.05 204 0 0
-2.78481 -9.915254 -0.05 204 0 0
-2.78481 -9.40678 -0.05 204 0 0
-2.78481 -8.898305 -0.05 204 0 0
-2.78481 -8.389831 -0.05 204 0 0
-2.78481 -7.881356 -0.05 204 0 0
-2.78481 -7.372881 -0.05 204 0 0
-2.78481 -6.864407 -0.05 204 0 0
-2.78481 -6.355932 -0.05 204 0 0
-2.78481 -5.847458 -0.05 204 0 0
-2.78481 -5.338983 -0.05 204 0 0
-2.78481 -4.830508 -0.05 204 0 0
-2.78481 -4.322034 -0.05 204 0 0
-2.78481 -3.813559 -0.05 204 0 0
-2.78481 -3.305085 -0.05 204 0 0
-2.78481 -2.79661 -0.05 204 0 0
-2.78481 -2.288136 -0.05 204 0 0
-2.78481 -1.779661 -0.05 204 0 0
-2.78481 -1.271186 -0.05 204 0 0
-2.78481 -0.762712 -0.05 204 0 0
-2.78481 -0.254237 -0.05 204 0 0
-2.78481 0.254237 -0.05 204 0 0
-2.78481 0.762712 -0.05 204 0 0
-2.78481 1.271186 -0.05 204 0 0
-2.78481 1.779661 -0.05 204 0 0
-2.78481 2.288136 -0.05 204 0 0
-2.78481 2.79661 -0.05 204 0 0
-2.78481 3.305085 -0.05 204 0 0
-2.78481 3.813559 -0.05 204 0 0
-2.78481 4.322034 -0.05 204 0 0
-2.78481 4.830508 -0.05 204 0 0
-2.78481 5.338983 -0.05 204 0 0
-2.78481 5.847458 -0.05 204 0 0
-2.78481 6.355932 -0.05 204 0 0
-2.78481 6.864407 -0.05 204 0 0
-2.78481 7.372881 -0.05 204 0 0
-2.78481 7.881356 -0.05 204 0 0
-2.78481 8.389831 -0.05 204 0 0
-2.78481 8.898305 -0.05 204 0 0
-2.78481 9.40678 -0.05 204 0 0
-2.78481 9.915254 -0.05 204 0 0
-2.78481 10.423729 -0.05 204 0 0
-2.78481 10.932203 -0.05 204 0 0
-2.78481 11.440678 -0.05 204 0 0
-2.78481 11.949153 -0.05 204 0 0
-2.78481 12.457627 -0.05 204 0 0
-2.78481 12.966102 -0.05 204 0 0
-2.78481 13.474576 -0.05 204 0 0
-2.78481 13.983051 -0.05 204 0 0
-2.78481 14.491525 -0.05 204 0 0
-2.78481 15.0 -0.05 204 0 0
-2.278481 -15.0 -0.05 204 0 0
-2.278481 -14.491525 -0.05 204 0 0
-2.278481 -13.983051 -0.05 204 0 0
-2.278481 -13.474576 -0.05 204 0 0
-2.278481 -12.966102 -0.05 204 0 0
-2.278481 -12.457627 -0.05 204 0 0
-2.278481 -11.949153 -0.05 204 0 0
-2.278481 -11.440678 -0.05 204 0 0
-2.278481 -10.932203 -0.05 204 0 0
-2.278481 -10.423729 -0.05 204 0 0
-2.278481 -9.915254 -0.05 204 0 0
-2.278481 -9.40678 -0.05 204 0 0
-2.278481 -8.898305 -0.05 204 0 0
-2.278481 -8.389831 -0.05 204 0 0
-2.278481 -7.881356 -0.05 204 0 0
-2.278481 -7.372881 -0.05 204 0 0
-2.278481 -6.864407 -0.05 204 0 0
-2.278481 -6.355932 -0.05 204 0 0
-2.278481 -5.847458 -0.05 204 0 0
-2.278481 -5.338983 -0.05 204 0 0
-2.278481 -4.830508 -0.05 204 0 0
-2.278481 -4.322034 -0.05 204 0 0
-2.278481 -3.813559 -0.05 204 0 0
-2.278481 -3.305085 -0.05 204 0 0
-2.278481 -2.79661 -0.05 204 0 0
-2.278481 -2.288136 -0.05 204 0 0
-2.278481 -1.779661 -0.05 204 0 0
-2.278481 -1.271186 -0.05 204 0 0
-2.278481 -0.762712 -0.05 204 0 0
-2.278481 -0.254237 -0.05 204 0 0
-2.278481 0.254237 -0.05 204 0 0
-2.278481 0.762712 -0.05 204 0 0
-2.278481 1.271186 -0.05 204 0 0
-2.278481 1.779661 -0.05 204 0 0
-2.278481 2.288136 -0.05 204 0 0
-2.278481 2.79661 -0.05 204 0 0
-2.278481 3.305085 -0.05 204 0 0
-2.278481 3.813559 -0.05 204 0 0
-2.278481 4.322034 -0.05 204 0 0
-2.278481 4.830508 -0.05 204 0 0
-2.278481 5.338983 -0.05 204 0 0
-2.278481 5.847458 -0.05 204 0 0
-2.278481 6.355932 -0.05 204 0 0
-2.278481 6.864407 -0.05 204 0 0
-2.278481 7.372881 -0.05 204 0 0
-2.278481 7.881356 -0.05 204 0 0
-2.278481 8.389831 -0.05 204 0 0
-2.278481 8.898305 -0.05 204 0 0
-2.278481 9.40678 -0.05 204 0 0
-2.278481 9.915254 -0.05 204 0 0
-2.278481 10.423729 -0.05 204 0 0
-2.278481 10.932203 -0.05 204 0 0
-2.278481 11.440678 -0.05 204 0 0
-2.278481 11.949153 -0.05 204 0 0
-2.278481 12.457627 -0.05 204 0 0
-2.278481 12.966102 -0.05 204 0 0
-2.278481 13.474576 -0.05 204 0 0
-2.278481 13.983051 -0.05 204 0 0
-2.278481 14.491525 -0.05 204 0 0
-2.278481 15.0 -0.05 204 0 0
-1.772152 -15.0 -0.05 204 0 0
-1.772152 -14.491525 -0.05 204 0 0
-1.772152 -13.983051 -0.05 204 0 0
-1.772152 -13.474576 -0.05 204 0 0
-1.772152 -12.966102 -0.05 204 0 0
-1.772152 -12.457627 -0.05 204 0 0
-1.772152 -11.949153 -0.05 204 0 0
-1.772152 -11.440678 -0.05 204 0 0
-1.772152 -10.932203 -0.05 204 0 0
-1.772152 -10.423729 -0.05 204 0 0
-1.772152 -9.915254 -0.05 204 0 0
-1.772152 -9.40678 -0.05 204 0 0
-1.772152 -8.898305 -0.05 204 0 0
-1.772152 -8.389831 -0.05 204 0 0
-1.772152 -7.881356 -0.05 204 0 0
-1.772152 -7.372881 -0.05 204 0 0
-1.772152 -6.864407 -0.05 204 0 0
-1.772152 -6.355932 -0.05 204 0 0
-1.772152 -5.847458 -0.05 204 0 0
-1.772152 -5.338983 -0.05 204 0 0
-1.772152 -4.830508 -0.05 204 0 0
-1.772152 -4.322034 -0.05 204 0 0
-1.772152 -3.813559 -0.05 204 0 0
-1.772152 -3.305085 -0.05 204 0 0
-1.772152 -2.79661 -0.05 204 0 0
-1.772152 -2.288136 -0.05 204 0 0
-1.772152 -1.779661 -0.05 204 0 0
-1.772152 -1.271186 -0.05 204 0 0
-1.772152 -0.762712 -0.05 204 0 0
-1.772152 -0.254237 -0.05 204 0 0
-1.772152 0.254237 -0.05 204 0 0
-1.772152 0.762712 -0.05 204 0 0
-1.772152 1.271186 -0.05 204 0 0
-1.772152 1.779661 -0.05 204 0 0
-1.772152 2.288136 -0.05 204 0 0
-1.772152 2.79661 -0.05 204 0 0
-1.772152 3.305085 -0.05 204 0 0
-1.772152 3.813559 -0.05 204 0 0
-1.772152 4.322034 -0.05 204 0 0
-1.772152 4.830508 -0.05 204 0 0
-1.772152 5.338983 -0.05 204 0 0
-1.772152 5.847458 -0.05 204 0 0
-1.772152 6.355932 -0.05 204 0 0
-1.772152 6.864407 -0.05 204 0 0
-1.772152 7.372881 -0.05 204 0 0
-1.772152 7.881356 -0.05 204 0 0
-1.772152 8.389831 -0.05 204 0 0
-1.772152 8.898305 -0.05 204 0 0
-1.772152 9.40678 -0.05 204 0 0
-1.772152 9.915254 -0.05 204 0 0
-1.772152 10.423729 -0.05 204 0 0
-1.772152 10.932203 -0.05 204 0 0
-1.772152 11.440678 -0.05 204 0 0
-1.772152 11.949153 -0.05 204 0 0
-1.772152 12.457627 -0.05 204 0 0
-1.772152 12.966102 -0.05 204 0 0
-1.772152 13.474576 -0.05 204 0 0
-1.772152 13.983051 -0.05 204 0 0
-1.772152 14.491525 -0.05 204 0 0
-1.772152 15.0 -0.05 204 0 0
-1.265823 -15.0 -0.05 204 0 0
-1.265823 -14.491525 -0.05 204 0 0
-1.265823 -13.983051 -0.05 204 0 0
-1.265823 -13.474576 -0.05 204 0 0
-1.265823 -12.966102 -0.05 204 0 0
-1.265823 -12.457627 -0.05 204 0 0
-1.265823 -11.949153 -0.05 204 0 0
-1.265823 -11.440678 -0.05 204 0 0
-1.265823 -10.932203 -0.05 204 0 0
-1.265823 -10.423729 -0.05 204 0 0
-1.265823 -9.915254 -0.05 204 0 0
-1.265823 -9.40678 -0.05 204 0 0
-1.265823 -8.898305 -0.05 204 0 0
-1.265823 -8.389831 -0.05 204 0 0
-1.265823 -7.881356 -0.05 204 0 0
-1.265823 -7.372881 -0.05 204 0 0
-1.265823 -6.864407 -0.05 204 0 0
-1.265823 -6.355932 -0.05 204 0 0
-1.265823 -5.847458 -0.05 204 0 0
-1.265823 -5.338983 -0.05 204 0 0
-1.265823 -4.830508 -0.05 204 0 0
-1.265823 -4.322034 -0.05 204 0 0
-1.265823 -3.813559 -0.05 204 0 0
-1.265823 -3.305085 -0.05 204 0 0
-1.265823 -2.79661 -0.05 204 0 0
-1.265823 -2.288136 -0.05 204 0 0
-1.265823 -1.779661 -0.05 204 0 0
-1.265823 -1.271186 -0.05 204 0 0
-1.265823 -0.762712 -0.05 204 0 0
-1.265823 -0.254237 -0.05 204 0 0
-1.265823 0.254237 -0.05 204 0 0
-1.265823 0.762712 -0.05 204 0 0
-1.265823 1.271186 -0.05 204 0 0
-1.265823 1.779661 -0.05 204 0 0
-1.265823 2.288136 -0.05 204 0 0
-1.265823 2.79661 -0.05 204 0 0
-1.265823 3.305085 -0.05 204 0 0
-1.265823 3.813559 -0.05 204 0 0
-1.265823 4.322034 -0.05 204 0 0
-1.265823 4.830508 -0.05 204 0 0
-1.265823 5.338983 -0.05 204 0 0
-1.265823 5.847458 -0.05 204 0 0
-1.265823 6.355932 -0.05 204 0 0
-1.265823 6.864407 -0.05 204 0 0
-1.265823 7.372881 -0.05 204 0 0
-1.265823 7.881356 -0.05 204 0 0
-1.265823 8.389831 -0.05 204 0 0
-1.265823 8.898305 -0.05 204 0 0
-1.265823 9.40678 -0.05 204 0 0
-1.265823 9.915254 -0.05 204 0 0
-1.265823 10.423729 -0.05 204 0 0
-1.265823 10.932203 -0.05 204 0 0
-1.265823 11.440678 -0.05 204 0 0
-1.265823 11.949153 -0.05 204 0 0
-1.265823 12.457627 -0.05 204 0 0
-1.265823 12.966102 -0.05 204 0 0
-1.265823 13.474576 -0.05 204 0 0
-1.265823 13.983051 -0.05 204 0 0
-1.265823 14.491525 -0.05 204 0 0
-1.265823 15.0 -0.05 204 0 0
-0.759494 -15.0 -0.05 204 0 0
-0.759494 -14.491525 -0.05 204 0 0
-0.759494 -13.983051 -0.05 204 0 0
-0.759494 -13.474576 -0.05 204 0 0
-0.759494 -12.966102 -0.05 204 0 0
-0.759494 -12.457627 -0.05 204 0 0
-0.759494 -11.949153 -0.05 204 0 0
-0.759494 -11.440678 -0.05 204 0 0
-0.759494 -10.932203 -0.05 204 0 0
-0.759494 -10.423729 -0.05 204 0 0
-0.759494 -9.915254 -0.05 204 0 0
-0.759494 -9.40678 -0.05 204 0 0
-0.759494 -8.898305 -0.05 204 0 0
-0.759494 -8.389831 -0.05 204 0 0
-0.759494 -7.881356 -0.05 204 0 0
-0.759494 -7.372881 -0.05 204 0 0
-0.759494 -6.864407 -0.05 204 0 0
-0.759494 -6.355932 -0.05 204 0 0
-0.759494 -5.847458 -0.05 204 0 0
-0.759494 -5.338983 -0.05 204 0 0
-0.759494 -4.830508 -0.05 204 0 0
-0.759494 -4.322034 -0.05 204 0 0
-0.759494 -3.813559 -0.05 204 0 0
-0.759494 -3.305085 -0.05 204 0 0
-0.759494 -2.79661 -0.05 204 0 0
-0.759494 -2.288136 -0.05 204 0 0
-0.759494 -1.779661 -0.05 204 0 0
-0.759494 -1.271186 -0.05 204 0 0
-0.759494 -0.762712 -0.05 204 0 0
-0.759494 -0.254237 -0.05 204 0 0
-0.759494 0.254237 -0.05 204 0 0
-0.759494 0.762712 -0.05 204 0 0
-0.759494 1.271186 -0.05 204 0 0
-0.759494 1.779661 -0.05 204 0 0
-0.759494 2.288136 -0.05 204 0 0
-0.759494 2.79661 -0.05 204 0 0
-0.759494 3.305085 -0.05 204 0 0
-0.759494 3.813559 -0.05 204 0 0
-0.759494 4.322034 -0.05 204 0 0
-0.759494 4.830508 -0.05 204 0 0
-0.759494 5.338983 -0.05 204 0 0
-0.759494 5.847458 -0.05 204 0 0
-0.759494 6.355932 -0.05 204 0 0
-0.759494 6.864407 -0.05 204 0 0
-0.759494 7.372881 -0.05 204 0 0
-0.759494 7.881356 -0.05 204 0 0
-0.759494 8.389831 -0.05 204 0 0
-0.759494 8.898305 -0.05 204 0 0
-0.759494 9.40678 -0.05 204 0 0
-0.759494 9.915254 -0.05 204 0 0
-0.759494 10.423729 -0.05 204 0 0
-0.759494 10.932203 -0.05 204 0 0
-0.759494 11.440678 -0.05 204 0 0
-0.759494 11.949153 -0.05 204 0 0
-0.759494 12.457627 -0.05 204 0 0
-0.759494 12.966102 -0.05 204 0 0
-0.759494 13.474576 -0.05 204 0 0
-0.759494 13.983051 -0.05 204 0 0
-0.759494 14.491525 -0.05 204 0 0
-0.759494 15.0 -0.05 204 0 0
-0.253165 -15.0 -0.05 204 0 0
-0.253165 -14.491525 -0.05 204 0 0
-0.253165 -13.983051 -0.05 204 0 0
-0.253165 -13.474576 -0.05 204 0 0
-0.253165 -12.966102 -0.05 204 0 0
-0.253165 -12.457627 -0.05 204 0 0
-0.253165 -11.949153 -0.05 204 0 0
-0.253165 -11.440678 -0.05 204 0 0
-0.253165 -10.932203 -0.05 204 0 0
-0.253165 -10.423729 -0.05 204 0 0
-0.253165 -9.915254 -0.05 204 0 0
-0.253165 -9.40678 -0.05 204 0 0
-0.253165 -8.898305 -0.05 204 0 0
-0.253165 -8.389831 -0.05 204 0 0
-0.253165 -7.881356 -0.05 204 0 0
-0.253165 -7.372881 -0.05 204 0 0
-0.253165 -6.864407 -0.05 204 0 0
-0.253165 -6.355932 -0.05 204 0 0
-0.253165 -5.847458 -0.05 204 0 0
-0.253165 -5.338983 -0.05 204 0 0
-0.253165 -4.830508 -0.05 204 0 0
-0.253165 -4.322034 -0.05 204 0 0
-0.253165 -3.813559 -0.05 204 0 0
-0.253165 -3.305085 -0.05 204 0 0
-0.253165 -2.79661 -0.05 204 0 0
-0.253165 -2.288136 -0.05 204 0 0
-0.253165 -1.779661 -0.05 204 0 0
-0.253165 -1.271186 -0.05 204 0 0
-0.253165 -0.762712 -0.05 204 0 0
-0.253165 -0.254237 -0.05 204 0 0
-0.253165 0.254237 -0.05 204 0 0
-0.253165 0.762712 -0.05 204 0 0
-0.253165 1.271186 -0.05 204 0 0
-0.253165 1.779661 -0.05 204 0 0
-0.253165 2.288136 -0.05 204 0 0
-0.253165 2.79661 -0.05 204 0 0
-0.253165 3.305085 -0.05 204 0 0
-0.253165 3.813559 -0.05 204 0 0
-0.253165 4.322034 -0.05 204 0 0
-0.253165 4.830508 -0.05 204 0 0
-0.253165 5.338983 -0.05 204 0 0
-0.253165 5.847458 -0.05 204 0 0
-0.253165 6.355932 -0.05 204 0 0
-0.253165 6.864407 -0.05 204 0 0
-0.253165 7.372881 -0.05 204 0 0
-0.253165 7.881356 -0.05 204 0 0
-0.253165 8.389831 -0.05 204 0 0
-0.253165 8.898305 -0.05 204 0 0
-0.253165 9.40678 -0.05 204 0 0
-0.253165 9.915254 -0.05 204 0 0
-0.253165 10.423729 -0.05 204 0 0
-0.253165 10.932203 -0.05 204 0 0
-0.253165 11.440678 -0.05 204 0 0
-0.253165 11.949153 -0.05 204 0 0
-0.253165 12.457627 -0.05 204 0 0
-0.253165 12.966102 -0.05 204 0 0
-0.253165 13.474576 -0.05 204 0 0
-0.253165 13.983051 -0.05 204 0 0
-0.253165 14.491525 -0.05 204 0 0
-0.253165 15.0 -0.05 204 0 0
0.253165 -15.0 -0.05 204 0 0
0.253165 -14.491525 -0.05 204 0 0
0.253165 -13.983051 -0.05 204 0 0
0.253165 -13.474576 -0.05 204 0 0
0.253165 -12.966102 -0.05 204 0 0
0.253165 -12.457627 -0.05 204 0 0
0.253165 -11.949153 -0.05 204 0 0
0.253165 -11.440678 -0.05 204 0 0
0.253165 -10.932203 -0.05 204 0 0
0.253165 -10.423729 -0.05 204 0 0
0.253165 -9.915254 -0.05 204 0 0
0.253165 -9.40678 -0.05 204 0 0
0.253165 -8.898305 -0.05 204 0 0
0.253165 -8.389831 -0.05 204 0 0
0.253165 -7.881356 -0.05 204 0 0
0.253165 -7.372881 -0.05 204 0 0
0.253165 -6.864407 -0.05 204 0 0
0.253165 -6.355932 -0.05 204 0 0
0.253165 -5.847458 -0.05 204 0 0
0.253165 -5.338983 -0.05 204 0 0
0.253165 -4.830508 -0.05 204 0 0
0.253165 -4.322034 -0.05 204 0 0
0.253165 -3.813559 -0.05 204 0 0
0.253165 -3.305085 -0.05 204 0 0
0.253165 -2.79661 -0.05 204 0 0
0.253165 -2.288136 -0.05 204 0 0
0.253165 -1.779661 -0.05 204 0 0
0.253165 -1.271186 -0.05 204 0 0
0.253165 -0.762712 -0.05 204 0 0
0.253165 -0.254237 -0.05 204 0 0
0.253165 0.254237 -0.05 204 0 0
0.253165 0.762712 -0.05 204 0 0
0.253165 1.271186 -0.05 204 0 0
0.253165 1.779661 -0.05 204 0 0
0.253165 2.288136 -0.05 204 0 0
0.253165 2.79661 -0.05 204 0 0
0.253165 3.305085 -0.05 204 0 0
0.253165 3.813559 -0.05 204 0 0
0.253165 4.322034 -0.05 204 0 0
0.253165 4.830508 -0.05 204 0 0
0.253165 5.338983 -0.05 204 0 0
0.253165 5.847458 -0.05 204 0 0
0.253165 6.355932 -0.05 204 0 0
0.253165 6.864407 -0.05 204 0 0
0.253165 7.372881 -0.05 204 0 0
0.253165 7.881356 -0.05 204 0 0
0.253165 8.389831 -0.05 204 0 0
0.253165 8.898305 -0.05 204 0 0
0.253165 9.40678 -0.05 204 0 0
0.253165 9.915254 -0.05 204 0 0
0.253165 10.423729 -0.05 204 0 0
0.253165 10.932203 -0.05 204 0 0
0.253165 11.440678 -0.05 204 0 0
0.253165 11.949153 -0.05 204 0 0
0.253165 12.457627 -0.05 204 0 0
0.253165 12.966102 -0.05 204 0 0
0.253165 13.474576 -0.05 204 0 0
0.253165 13.983051 -0.05 204 0 0
0.253165 14.491525 -0.05 204 0 0
0.253165 15.0 -0.05 204 0 0
0.759494 -15.0 -0.05 204 0 0
0.759494 -14.491525 -0.05 204 0 0
0.759494 -13.983051 -0.05 204 0 0
0.759494 -13.474576 -0.05 204 0 0
0.759494 -12.966102 -0.05 204 0 0
0.759494 -12.457627 -0.05 204 0 0
0.759494 -11.949153 -0.05 204 0 0
0.759494 -11.440678 -0.05 204 0 0
0.759494 -10.932203 -0.05 204 0 0
0.759494 -10.423729 -0.05 204 0 0
0.759494 -9.915254 -0.05 204 0 0
0.759494 -9.40678 -0.05 204 0 0
0.759494 -8.898305 -0.05 204 0 0
0.759494 -8.389831 -0.05 204 0 0
0.759494 -7.881356 -0.05 204 0 0
0.759494 -7.372881 -0.05 204 0 0
0.759494 -6.864407 -0.05 204 0 0
0.759494 -6.355932 -0.05 204 0 0
0.759494 -5.847458 -0.05 204 0 0
0.759494 -5.338983 -0.05 204 0 0
0.759494 -4.830508 -0.05 204 0 0
0.759494 -4.322034 -0.05 204 0 0
0.759494 -3.813559 -0.05 204 0 0
0.759494 -3.305085 -0.05 204 0 0
0.759494 -2.79661 -0.05 204 0 0
0.759494 -2.288136 -0.05 204 0 0
0.759494 -1.779661 -0.05 204 0 0
0.759494 -1.271186 -0.05 204 0 0
0.759494 -0.762712 -0.05 204 0 0
0.759494 -0.254237 -0.05 204 0 0
0.759494 0.254237 -0.05 204 0 0
0.759494 0.762712 -0.05 204 0 0
0.759494 1.271186 -0.05 204 0 0
0.759494 1.779661 -0.05 204 0 0
0.759494 2.288136 -0.05 204 0 0
0.759494 2.79661 -0.05 204 0 0
0.759494 3.305085 -0.05 204 0 0
0.759494 3.813559 -0.05 204 0 0
0.759494 4.322034 -0.05 204 0 0
0.759494 4.830508 -0.05 204 0 0
0.759494 5.338983 -0.05 204 0 0
0.759494 5.847458 -0.05 204 0 0
0.759494 6.355932 -0.05 204 0 0
0.759494 6.864407 -0.05 204 0 0
0.759494 7.372881 -0.05 204 0 0
0.759494 7.881356 -0.05 204 0 0
0.759494 8.389831 -0.05 204 0 0
0.759494 8.898305 -0.05 204 0 0
0.759494 9.40678 -0.05 204 0 0
0.759494 9.915254 -0.05 204 0 0
0.759494 10.423729 -0.05 204 0 0
0.759494 10.932203 -0.05 204 0 0
0.759494 11.440678 -0.05 204 0 0
0.759494 11.949153 -0.05 204 0 0
0.759494 12.457627 -0.05 204 0 0
0.759494 12.966102 -0.05 204 0 0
0.759494 13.474576 -0.05 204 0 0
0.759494 13.983051 -0.05 204 0 0
0.759494 14.491525 -0.05 204 0 0
0.759494 15.0 -0.05 204 0 0
1.265823 -15.0 -0.05 204 0 0
1.265823 -14.491525 -0.05 204 0 0
1.265823 -13.983051 -0.05 204 0 0
1.265823 -13.474576 -0.05 204 0 0
1.265823 -12.966102 -0.05 204 0 0
1.265823 -12.457627 -0.05 204 0 0
1.265823 -11.949153 -0.05 204 0 0
1.265823 -11.440678 -0.05 204 0 0
1.265823 -10.932203 -0.05 204 0 0
1.265823 -10.423729 -0.05 204 0 0
1.265823 -9.915254 -0.05 204 0 0
1.265823 -9.40678 -0.05 204 0 0
1.265823 -8.898305 -0.05 204 0 0
1.265823 -8.389831 -0.05 204 0 0
1.265823 -7.881356 -0.05 204 0 0
1.265823 -7.372881 -0.05 204 0 0
1.265823 -6.864407 -0.05 204 0 0
1.265823 -6.355932 -0.05 204 0 0
1.265823 -5.847458 -0.05 204 0 0
1.265823 -5.338983 -0.05 204 0 0
1.265823 -4.830508 -0.05 204 0 0
1.265823 -4.322034 -0.05 204 0 0
1.265823 -3.813559 -0.05 204 0 0
1.265823 -3.305085 -0.05 204 0 0
1.265823 -2.79661 -0.05 204 0 0
1.265823 -2.288136 -0.05 204 0 0
1.265823 -1.779661 -0.05 204 0 0
1.265823 -1.271186 -0.05 204 0 0
1.265823 -0.762712 -0.05 204 0 0
1.265823 -0.254237 -0.05 204 0 0
1.265823 0.254237 -0.05 204 0 0
1.265823 0.762712 -0.05 204 0 0
1.265823 1.271186 -0.05 204 0 0
1.265823 1.779661 -0.05 204 0 0
1.265823 2.288136 -0.05 204 0 0
1.265823 2.79661 -0.05 204 0 0
1.265823 3.305085 -0.05 204 0 0
1.265823 3.813559 -0.05 204 0 0
1.265823 4.322034 -0.05 204 0 0
1.265823 4.830508 -0.05 204 0 0
1.265823 5.338983 -0.05 204 0 0
1.265823 5.847458 -0.05 204 0 0
1.265823 6.355932 -0.05 204 0 0
1.265823 6.864407 -0.05 204 0 0
1.265823 7.372881 -0.05 204 0 0
1.265823 7.881356 -0.05 204 0 0
1.265823 8.389831 -0.05 204 0 0
1.265823 8.898305 -0.05 204 0 0
1.265823 9.40678 -0.05 204 0 0
1.265823 9.915254 -0.05 204 0 0
1.265823 10.423729 -0.05 204 0 0
1.265823 10.932203 -0.05 204 0 0
1.265823 11.440678 -0.05 204 0 0
1.265823 11.949153 -0.05 204 0 0
1.265823 12.457627 -0.05 204 0 0
1.265823 12.966102 -0.05 204 0 0
1.265823 13.474576 -0.05 204 0 0
1.265823 13.983051 -0.05 204 0 0
1.265823 14.491525 -0.05 204 0 0
1.265823 15.0 -0.05 204 0 0
1.772152 -15.0 -0.05 204 0 0
1.772152 -14.491525 -0.05 204 0 0
1.772152 -13.983051 -0.05 204 0 0
1.772152 -13.474576 -0.05 204 0 0
1.772152 -12.966102 -0.05 204 0 0
1.772152 -12.457627 -0.05 204 0 0
1.772152 -11.949153 -0.05 204 0 0
1.772152 -11.440678 -0.05 204 0 0
1.772152 -10.932203 -0.05 204 0 0
1.772152 -10.423729 -0.05 204 0 0
1.772152 -9.915254 -0.05 204 0 0
1.772152 -9.40678 -0.05 204 0 0
1.772152 -8.898305 -0.05 204 0 0
1.772152 -8.389831 -0.05 204 0 0
1.772152 -7.881356 -0.05 204 0 0
1.772152 -7.372881 -0.05 204 0 0
1.772152 -6.864407 -0.05 204 0 0
1.772152 -6.355932 -0.05 204 0 0
1.772152 -5.847458 -0.05 204 0 0
1.772152 -5.338983 -0.05 204 0 0
1.772152 -4.830508 -0.05 204 0 0
1.772152 -4.322034 -0.05 204 0 0
1.772152 -3.813559 -0.05 204 0 0
1.772152 -3.305085 -0.05 204 0 0
1.772152 -2.79661 -0.05 204 0 0
1.772152 -2.288136 -0.05 204 0 0
1.772152 -1.779661 -0.05 204 0 0
1.772152 -1.271186 -0.05 204 0 0
1.772152 -0.762712 -0.05 204 0 0
1.772152 -0.254237 -0.05 204 0 0
1.772152 0.254237 -0.05 204 0 0
1.772152 0.762712 -0.05 204 0 0
1.772152 1.271186 -0.05 204 0 0
1.772152 1.779661 -0.05 204 0 0
1.772152 2.288136 -0.05 204 0 0
1.772152 2.79661 -0.05 204 0 0
1.772152 3.305085 -0.05 204 0 0
1.772152 3.813559 -0.05 204 0 0
1.772152 4.322034 -0.05 204 0 0
1.772152 4.830508 -0.05 204 0 0
1.772152 5.338983 -0.05 204 0 0
1.772152 5.847458 -0.05 204 0 0
1.772152 6.355932 -0.05 204 0 0
1.772152 6.864407 -0.05 204 0 0
1.772152 7.372881 -0.05 204 0 0
1.772152 7.881356 -0.05 204 0 0
1.772152 8.389831 -0.05 204 0 0
1.772152 8.898305 -0.05 204 0 0
1.772152 9.40678 -0.05 204 0 0
1.772152 9.915254 -0.05 204 0 0
1.772152 10.423729 -0.05 204 0 0
1.772152 10.932203 -0.05 204 0 0
1.772152 11.440678 -0.05 204 0 0
1.772152 11.949153 -0.05 204 0 0
1.772152 12.457627 -0.05 204 0 0
1.772152 12.966102 -0.05 204 0 0
1.772152 13.474576 -0.05 204 0 0
1.772152 13.983051 -0.05 204 0 0
1.772152 14.491525 -0.05 204 0 0
1.772152 15.0 -0.05 204 0 0
2.278481 -15.0 -0.05 204 0 0
2.278481 -14.491525 -0.05 204 0 0
2.278481 -13.983051 -0.05 204 0 0
2.278481 -13.474576 -0.05 204 0 0
2.278481 -12.966102 -0.05 204 0 0
2.278481 -12.457627 -0.05 204 0 0
2.278481 -11.949153 -0.05 204 0 0
2.278481 -11.440678 -0.05 204 0 0
2.278481 -10.932203 -0.05 204 0 0
2.278481 -10.423729 -0.05 204 0 0
2.278481 -9.915254 -0.05 204 0 0
2.278481 -9.40678 -0.05 204 0 0
2.278481 -8.898305 -0.05 204 0 0
2.278481 -8.389831 -0.05 204 0 0
2.278481 -7.881356 -0.05 204 0 0
2.278481 -7.372881 -0.05 204 0 0
2.278481 -6.864407 -0.05 204 0 0
2.278481 -6.355932 -0.05 204 0 0
2.278481 -5.847458 -0.05 204 0 0
2.278481 -5.338983 -0.05 204 0 0
2.278481 -4.830508 -0.05 204 0 0
2.278481 -4.322034 -0.05 204 0 0
2.278481 -3.813559 -0.05 204 0 0
2.278481 -3.305085 -0.05 204 0 0
2.278481 -2.79661 -0.05 204 0 0
2.278481 -2.288136 -0.05 204 0 0
2.278481 -1.779661 -0.05 204 0 0
2.278481 -1.271186 -0.05 204 0 0
2.278481 -0.762712 -0.05 204 0 0
2.278481 -0.254237 -0.05 204 0 0
2.278481 0.254237 -0.05 204 0 0
2.278481 0.762712 -0.05 204 0 0
2.278481 1.271186 -0.05 204 0 0
2.278481 1.779661 -0.05 204 0 0
2.278481 2.288136 -0.05 204 0 0
2.278481 2.79661 -0.05 204 0 0
2.278481 3.305085 -0.05 204 0 0
2.278481 3.813559 -0.05 204 0 0
2.278481 4.322034 -0.05 204 0 0
2.278481 4.830508 -0.05 204 0 0
2.278481 5.338983 -0.05 204 0 0
2.278481 5.847458 -0.05 204 0 0
2.278481 6.355932 -0.05 204 0 0
2.278481 6.864407 -0.05 204 0 0
2.278481 7.372881 -0.05 204 0 0
2.278481 7.881356 -0.05 204 0 0
2.278481 8.389831 -0.05 204 0 0
2.278481 8.898305 -0.05 204 0 0
2.278481 9.40678 -0.05 204 0 0
2.278481 9.915254 -0.05 204 0 0
2.278481 10.423729 -0.05 204 0 0
2.278481 10.932203 -0.05 204 0 0
2.278481 11.440678 -0.05 204 0 0
2.278481 11.949153 -0.05 204 0 0
2.278481 12.457627 -0.05 204 0 0
2.278481 12.966102 -0.05 204 0 0
2.278481 13.474576 -0.05 204 0 0
2.278481 13.983051 -0.05 204 0 0
2.278481 14.491525 -0.05 204 0 0
2.278481 15.0 -0.05 204 0 0
2.78481 -15.0 -0.05 204 0 0
2.78481 -14.491525 -0.05 204 0 0
2.78481 -13.983051 -0.05 204 0 0
2.78481 -13.474576 -0.05 204 0 0
2.78481 -12.966102 -0.05 204 0 0
2.78481 -12.457627 -0.05 204 0 0
2.78481 -11.949153 -0.05 204 0 0
2.78481 -11.440678 -0.05 204 0 0
2.78481 -10.932203 -0.05 204 0 0
2.78481 -10.423729 -0.05 204 0 0
2.78481 -9.915254 -0.05 204 0 0
2.78481 -9.40678 -0.05 204 0 0
2.78481 -8.898305 -0.05 204 0 0
2.78481 -8.389831 -0.05 204 0 0
2.78481 -7.881356 -0.05 204 0 0
2.78481 -7.372881 -0.05 204 0 0
2.78481 -6.864407 -0.05 204 0 0
2.78481 -6.355932 -0.05 204 0 0
2.78481 -5.847458 -0.05 204 0 0
2.78481 -5.338983 -0.05 204 0 0
2.78481 -4.830508 -0.05 204 0 0
2.78481 -4.322034 -0.05 204 0 0
2.78481 -3.813559 -0.05 204 0 0
2.78481 -3.305085 -0.05 204 0 0
2.78481 -2.79661 -0.05 204 0 0
2.78481 -2.288136 -0.05 204 0 0
2.78481 -1.779661 -0.05 204 0 0
2.78481 -1.271186 -0.05 204 0 0
2.78481 -0.762712 -0.05 204 0 0
2.78481 -0.254237 -0.05 204 0 0
2.78481 0.254237 -0.05 204 0 0
2.78481 0.762712 -0.05 204 0 0
2.78481 1.271186 -0.05 204 0 0
2.78481 1.779661 -0.05 204 0 0
2.78481 2.288136 -0.05 204 0 0
2.78481 2.79661 -0.05 204 0 0
2.78481 3.305085 -0.05 204 0 0
2.78481 3.813559 -0.05 204 0 0
2.78481 4.322034 -0.05 204 0 0
2.78481 4.830508 -0.05 204 0 0
2.78481 5.338983 -0.05 204 0 0
2.78481 5.847458 -0.05 204 0 0
2.78481 6.355932 -0.05 204 0 0
2.78481 6.864407 -0.05 204 0 0
2.78481 7.372881 -0.05 204 0 0
2.78481 7.881356 -0.05 204 0 0
2.78481 8.389831 -0.05 204 0 0
2.78481 8.898305 -0.05 204 0 0
2.78481 9.40678 -0.05 204 0 0
2.78481 9.915254 -0.05 204 0 0
2.78481 10.423729 -0.05 204 0 0
2.78481 10.932203 -0.05 204 0 0
2.78481 11.440678 -0.05 204 0 0
2.78481 11.949153 -0.05 204 0 0
2.78481 12.457627 -0.05 204 0 0
2.78481 12.966102 -0.05 204 0 0
2.78481 13.474576 -0.05 204 0 0
2.78481 13.983051 -0.05 204 0 0
2.78481 14.491525 -0.05 204 0 0
2.78481 15.0 -0.05 204 0 0
3.291139 -15.0 -0.05 204 0 0
3.291139 -14.491525 -0.05 204 0 0
3.291139 -13.983051 -0.05 204 0 0
3.291139 -13.474576 -0.05 204 0 0
3.291139 -12.966102 -0.05 204 0 0
3.291139 -12.457627 -0.05 204 0 0
3.291139 -11.949153 -0.05 204 0 0
3.291139 -11.440678 -0.05 204 0 0
3.291139 -10.932203 -0.05 204 0 0
3.291139 -10.423729 -0.05 204 0 0
3.291139 -9.915254 -0.05 204 0 0
3.291139 -9.40678 -0.05 204 0 0
3.291139 -8.898305 -0.05 204 0 0
3.291139 -8.389831 -0.05 204 0 0
3.291139 -7.881356 -0.05 204 0 0
3.291139 -7.372881 -0.05 204 0 0
3.291139 -6.864407 -0.05 204 0 0
3.291139 -6.355932 -0.05 204 0 0
3.291139 -5.847458 -0.05 204 0 0
3.291139 -5.338983 -0.05 204 0 0
3.291139 -4.830508 -0.05 204 0 0
3.291139 -4.322034 -0.05 204 0 0
3.291139 -3.813559 -0.05 204 0 0
3.291139 -3.305085 -0.05 204 0 0
3.291139 -2.79661 -0.05 204 0 0
3.291139 -2.288136 -0.05 204 0 0
3.291139 -1.779661 -0.05 204 0 0
3.291139 -1.271186 -0.05 204 0 0
3.291139 -0.762712 -0.05 204 0 0
3.291139 -0.254237 -0.05 204 0 0
3.291139 0.254237 -0.05 204 0 0
3.291139 0.762712 -0.05 204 0 0
3.291139 1.271186 -0.05 204 0 0
3.291139 1.779661 -0.05 204 0 0
3.291139 2.288136 -0.05 204 0 0
3.291139 2.79661 -0.05 204 0 0
3.291139 3.305085 -0.05 204 0 0
3.291139 3.813559 -0.05 204 0 0
3.291139 4.322034 -0.05 204 0 0
3.291139 4.830508 -0.05 204 0 0
3.291139 5.338983 -0.05 204 0 0
3.291139 5.847458 -0.05 204 0 0
3.291139 6.355932 -0.05 204 0 0
3.291139 6.864407 -0.05 204 0 0
3.291139 7.372881 -0.05 204 0 0
3.291139 7.881356 -0.05 204 0 0
3.291139 8.389831 -0.05 204 0 0
3.291139 8.898305 -0.05 204 0 0
3.291139 9.40678 -0.05 204 0 0
3.291139 9.915254 -0.05 204 0 0
3.291139 10.423729 -0.05 204 0 0
3.291139 10.932203 -0.05 204 0 0
3.291139 11.440678 -0.05 204 0 0
3.291139 11.949153 -0.05 204 0 0
3.291139 12.457627 -0.05 204 0 0
3.291139 12.966102 -0.05 204 0 0
3.291139 13.474576 -0.05 204 0 0
3.291139 13.983051 -0.05 204 0 0
3.291139 14.491525 -0.05 204 0 0
3.291139 15.0 -0.05 204 0 0
3.797468 -15.0 -0.05 204 0 0
3.797468 -14.491525 -0.05 204 0 0
3.797468 -13.983051 -0.05 204 0 0
3.797468 -13.474576 -0.05 204 0 0
3.797468 -12.966102 -0.05 204 0 0
3.797468 -12.457627 -0.05 204 0 0
3.797468 -11.949153 -0.05 204 0 0
3.797468 -11.440678 -0.05 204 0 0
3.797468 -10.932203 -0.05 204 0 0
3.797468 -10.423729 -0.05 204 0 0
3.797468 -9.915254 -0.05 204 0 0
3.797468 -9.40678 -0.05 204 0 0
3.797468 -8.898305 -0.05 204 0 0
3.797468 -8.389831 -0.05 204 0 0
3.797468 -7.881356 -0.05 204 0 0
3.797468 -7.372881 -0.05 204 0 0
3.797468 -6.864407 -0.05 204 0 0
3.797468 -6.355932 -0.05 204 0 0
3.797468 -5.847458 -0.05 204 0 0
3.797468 -5.338983 -0.05 204 0 0
3.797468 -4.830508 -0.05 204 0 0
3.797468 -4.322034 -0.05 204 0 0
3.797468 -3.813559 -0.05 204 0 0
3.797468 -3.305085 -0.05 204 0 0
3.797468 -2.79661 -0.05 204 0 0
3.797468 -2.288136 -0.05 204 0 0
3.797468 -1.779661 -0.05 204 0 0
3.797468 -1.271186 -0.05 204 0 0
3.797468 -0.762712 -0.05 204 0 0
3.797468 -0.254237 -0.05 204 0 0
3.797468 0.254237 -0.05 204 0 0
3.797468 0.762712 -0.05 204 0 0
3.797468 1.271186 -0.05 204 0 0
3.797468 1.779661 -0.05 204 0 0
3.797468 2.288136 -0.05 204 0 0
3.797468 2.79661 -0.05 204 0 0
3.797468 3.305085 -0.05 204 0 0
3.797468 3.813559 -0.05 204 0 0
3.797468 4.322034 -0.05 204 0 0
3.797468 4.830508 -0.05 204 0 0
3.797468 5.338983 -0.05 204 0 0
3.797468 5.847458 -0.05 204 0 0
3.797468 6.355932 -0.05 204 0 0
3.797468 6.864407 -0.05 204 0 0
3.797468 7.372881 -0.05 204 0 0
3.797468 7.881356 -0.05 204 0 0
3.797468 8.389831 -0.05 204 0 0
3.797468 8.898305 -0.05 204 0 0
3.797468 9.40678 -0.05 204 0 0
3.797468 9.915254 -0.05 204 0 0
3.797468 10.423729 -0.05 204 0 0
3.797468 10.932203 -0.05 204 0 0
3.797468 11.440678 -0.05 204 0 0
3.797468 11.949153 -0.05 204 0 0
3.797468 12.457627 -0.05 204 0 0
3.797468 12.966102 -0.05 204 0 0
3.797468 13.474576 -0.05 204 0 0
3.797468 13.983051 -0.05 204 0 0
3.797468 14.491525 -0.05 204 0 0
3.797468 15.0 -0.05 204 0 0
4.303797 -15.0 -0.05 204 0 0
4.303797 -14.491525 -0.05 204 0 0
4.303797 -13.983051 -0.05 204 0 0
4.303797 -13.474576 -0.05 204 0 0
4.303797 -12.966102 -0.05 204 0 0
4.303797 -12.457627 -0.05 204 0 0
4.303797 -11.949153 -0.05 204 0 0
4.303797 -11.440678 -0.05 204 0 0
4.303797 -10.932203 -0.05 204 0 0
4.303797 -10.423729 -0.05 204 0 0
4.303797 -9.915254 -0.05 204 0 0
4.303797 -9.40678 -0.05 204 0 0
4.303797 -8.898305 -0.05 204 0 0
4.303797 -8.389831 -0.05 204 0 0
4.303797 -7.881356 -0.05 204 0 0
4.303797 -7.372881 -0.05 204 0 0
4.303797 -6.864407 -0.05 204 0 0
4.303797 -6.355932 -0.05 204 0 0
4.303797 -5.847458 -0.05 204 0 0
4.303797 -5.338983 -0.05 204 0 0
4.303797 -4.830508 -0.05 204 0 0
4.303797 -4.322034 -0.05 204 0 0
4.303797 -3.813559 -0.05 204 0 0
4.303797 -3.305085 -0.05 204 0 0
4.303797 -2.79661 -0.05 204 0 0
4.303797 -2.288136 -0.05 204 0 0
4.303797 -1.779661 -0.05 204 0 0
4.303797 -1.271186 -0.05 204 0 0
4.303797 -0.762712 -0.05 204 0 0
4.303797 -0.254237 -0.05 204 0 0
4.303797 0.254237 -0.05 204 0 0
4.303797 0.762712 -0.05 204 0 0
4.303797 1.271186 -0.05 204 0 0
4.303797 1.779661 -0.05 204 0 0
4.303797 2.288136 -0.05 204 0 0
4.303797 2.79661 -0.05 204 0 0
4.303797 3.305085 -0.05 204 0 0
4.303797 3.813559 -0.05 204 0 0
4.303797 4.322034 -0.05 204 0 0
4.303797 4.830508 -0.05 204 0 0
4.303797 5.338983 -0.05 204 0 0
4.303797 5.847458 -0.05 204 0 0
4.303797 6.355932 -0.05 204 0 0
4.303797 6.864407 -0.05 204 0 0
4.303797 7.372881 -0.05 204 0 0
4.303797 7.881356 -0.05 204 0 0
4.303797 8.389831 -0.05 204 0 0
4.303797 8.898305 -0.05 204 0 0
4.303797 9.40678 -0.05 204 0 0
4.303797 9.915254 -0.05 204 0 0
4.303797 10.423729 -0.05 204 0 0
4.303797 10.932203 -0.05 204 0 0
4.303797 11.440678 -0.05 204 0 0
4.303797 11.949153 -0.05 204 0 0
4.303797 12.457627 -0.05 204 0 0
4.303797 12.966102 -0.05 204 0 0
4.303797 13.474576 -0.05 204 0 0
4.303797 13.983051 -0.05 204 0 0
4.303797 14.491525 -0.05 204 0 0
4.303797 15.0 -0.05 204 0 0
4.810127 -15.0 -0.05 204 0 0
4.810127 -14.491525 -0.05 204 0 0
4.810127 -13.983051 -0.05 204 0 0
4.810127 -13.474576 -0.05 204 0 0
4.810127 -12.966102 -0.05 204 0 0
4.810127 -12.457627 -0.05 204 0 0
4.810127 -11.949153 -0.05 204 0 0
4.810127 -11.440678 -0.05 204 0 0
4.810127 -10.932203 -0.05 204 0 0
4.810127 -10.423729 -0.05 204 0 0
4.810127 -9.915254 -0.05 204 0 0
4.810127 -9.40678 -0.05 204 0 0
4.810127 -8.898305 -0.05 204 0 0
4.810127 -8.389831 -0.05 204 0 0
4.810127 -7.881356 -0.05 204 0 0
4.810127 -7.372881 -0.05 204 0 0
4.810127 -6.864407 -0.05 204 0 0
4.810127 -6.355932 -0.05 204 0 0
4.810127 -5.847458 -0.05 204 0 0
4.810127 -5.338983 -0.05 204 0 0
4.810127 -4.830508 -0.05 204 0 0
4.810127 -4.322034 -0.05 204 0 0
4.810127 -3.813559 -0.05 204 0 0
4.810127 -3.305085 -0.05 204 0 0
4.810127 -2.79661 -0.05 204 0 0
4.810127 -2.288136 -0.05 204 0 0
4.810127 -1.779661 -0.05 204 0 0
4.810127 -1.271186 -0.05 204 0 0
4.810127 -0.762712 -0.05 204 0 0
4.810127 -0.254237 -0.05 204 0 0
4.810127 0.254237 -0.05 204 0 0
4.810127 0.762712 -0.05 204 0 0
4.810127 1.271186 -0.05 204 0 0
4.810127 1.779661 -0.05 204 0 0
4.810127 2.288136 -0.05 204 0 0
4.810127 2.79661 -0.05 204 0 0
4.810127 3.305085 -0.05 204 0 0
4.810127 3.813559 -0.05 204 0 0
4.810127 4.322034 -0.05 204 0 0
4.810127 4.830508 -0.05 204 0 0
4.810127 5.338983 -0.05 204 0 0
4.810127 5.847458 -0.05 204 0 0
4.810127 6.355932 -0.05 204 0 0
4.810127 6.864407 -0.05 204 0 0
4.810127 7.372881 -0.05 204 0 0
4.810127 7.881356 -0.05 204 0 0
4.810127 8.389831 -0.05 204 0 0
4.810127 8.898305 -0.05 204 0 0
4.810127 9.40678 -0.05 204 0 0
4.810127 9.915254 -0.05 204 0 0
4.810127 10.423729 -0.05 204 0 0
4.810127 10.932203 -0.05 204 0 0
4.810127 11.440678 -0.05 204 0 0
4.810127 11.949153 -0.05 204 0 0
4.810127 12.457627 -0.05 204 0 0
4.810127 12.966102 -0.05 204 0 0
4.810127 13.474576 -0.05 204 0 0
4.810127 13.983051 -0.05 204 0 0
4.810127 14.491525 -0.05 204 0 0
4.810127 15.0 -0.05 204 0 0
5.316456 -15.0 -0.05 204 0 0
5.316456 -14.491525 -0.05 204 0 0
5.316456 -13.983051 -0.05 204 0 0
5.316456 -13.474576 -0.05 204 0 0
5.316456 -12.966102 -0.05 204 0 0
5.316456 -12.457627 -0.05 204 0 0
5.316456 -11.949153 -0.05 204 0 0
5.316456 -11.440678 -0.05 204 0 0
5.316456 -10.932203 -0.05 204 0 0
5.316456 -10.423729 -0.05 204 0 0
5.316456 -9.915254 -0.05 204 0 0
5.316456 -9.40678 -0.05 204 0 0
5.316456 -8.898305 -0.05 204 0 0
5.316456 -8.389831 -0.05 204 0 0
5.316456 -7.881356 -0.05 204 0 0
5.316456 -7.372881 -0.05 204 0 0
5.316456 -6.864407 -0.05 204 0 0
5.316456 -6.355932 -0.05 204 0 0
5.316456 -5.847458 -0.05 204 0 0
5.316456 -5.338983 -0.05 204 0 0
5.316456 -4.830508 -0.05 204 0 0
5.316456 -4.322034 -0.05 204 0 0
5.316456 -3.813559 -0.05 204 0 0
5.316456 -3.305085 -0.05 204 0 0
5.316456 -2.79661 -0.05 204 0 0
5.316456 -2.288136 -0.05 204 0 0
5.316456 -1.779661 -0.05 204 0 0
5.316456 -1.271186 -0.05 204 0 0
5.316456 -0.762712 -0.05 204 0 0
5.316456 -0.254237 -0.05 204 0 0
5.316456 0.254237 -0.05 204 0 0
5.316456 0.762712 -0.05 204 0 0
5.316456 1.271186 -0.05 204 0 0
5.316456 1.779661 -0.05 204 0 0
5.316456 2.288136 -0.05 204 0 0
5.316456 2.79661 -0.05 204 0 0
5.316456 3.305085 -0.05 204 0 0
5.316456 3.813559 -0.05 204 0 0
5.316456 4.322034 -0.05 204 0 0
5.316456 4.830508 -0.05 204 0 0
5.316456 5.338983 -0.05 204 0 0
5.316456 5.847458 -0.05 204 0 0
5.316456 6.355932 -0.05 204 0 0
5.316456 6.864407 -0.05 204 0 0
5.316456 7.372881 -0.05 204 0 0
5.316456 7.881356 -0.05 204 0 0
5.316456 8.389831 -0.05 204 0 0
5.316456 8.898305 -0.05 204 0 0
5.316456 9.40678 -0.05 204 0 0
5.316456 9.915254 -0.05 204 0 0
5.316456 10.423729 -0.05 204 0 0
5.316456 10.932203 -0.05 204 0 0
5.316456 11.440678 -0.05 204 0 0
5.316456 11.949153 -0.05 204 0 0
5.316456 12.457627 -0.05 204 0 0
5.316456 12.966102 -0.05 204 0 0
5.316456 13.474576 -0.05 204 0 0
5.316456 13.983051 -0.05 204 0 0
5.316456 14.491525 -0.05 204 0 0
5.316456 15.0 -0.05 204 0 0
5.822785 -15.0 -0.05 204 0 0
5.822785 -14.491525 -0.05 204 0 0
5.822785 -13.983051 -0.05 204 0 0
5.822785 -13.474576 -0.05 204 0 0
5.822785 -12.966102 -0.05 204 0 0
5.822785 -12.457627 -0.05 204 0 0
5.822785 -11.949153 -0.05 204 0 0
5.822785 -11.440678 -0.05 204 0 0
5.822785 -10.932203 -0.05 204 0 0
5.822785 -10.423729 -0.05 204 0 0
5.822785 -9.915254 -0.05 204 0 0
5.822785 -9.40678 -0.05 204 0 0
5.822785 -8.898305 -0.05 204 0 0
5.822785 -8.389831 -0.05 204 0 0
5.822785 -7.881356 -0.05 204 0 0
5.822785 -7.372881 -0.05 204 0 0
5.822785 -6.864407 -0.05 204 0 0
5.822785 -6.355932 -0.05 204 0 0
5.822785 -5.847458 -0.05 204 0 0
5.822785 -5.338983 -0.05 204 0 0
5.822785 -4.830508 -0.05 204 0 0
5.822785 -4.322034 -0.05 204 0 0
5.822785 -3.813559 -0.05 204 0 0
5.822785 -3.305085 -0.05 204 0 0
5.822785 -2.79661 -0.05 204 0 0
5.822785 -2.288136 -0.05 204 0 0
5.822785 -1.779661 -0.05 204 0 0
5.822785 -1.271186 -0.05 204 0 0
5.822785 -0.762712 -0.05 204 0 0
5.822785 -0.254237 -0.05 204 0 0
5.822785 0.254237 -0.05 204 0 0
5.822785 0.762712 -0.05 204 0 0
5.822785 1.271186 -0.05 204 0 0
5.822785 1.779661 -0.05 204 0 0
5.822785 2.288136 -0.05 204 0 0
5.822785 2.79661 -0.05 204 0 0
5.822785 3.305085 -0.05 204 0 0
5.822785 3.813559 -0.05 204 0 0
5.822785 4.322034 -0.05 204 0 0
5.822785 4.830508 -0.05 204 0 0
5.822785 5.338983 -0.05 204 0 0
5.822785 5.847458 -0.05 204 0 0
5.822785 6.355932 -0.05 204 0 0
5.822785 6.864407 -0.05 204 0 0
5.822785 7.372881 -0.05 204 0 0
5.822785 7.881356 -0.05 204 0 0
5.822785 8.389831 -0.05 204 0 0
5.822785 8.898305 -0.05 204 0 0
5.822785 9.40678 -0.05 204 0 0
5.822785 9.915254 -0.05 204 0 0
5.822785 10.423729 -0.05 204 0 0
5.822785 10.932203 -0.05 204 0 0
5.822785 11.440678 -0.05 204 0 0
5.822785 11.949153 -0.05 204 0 0
5.822785 12.457627 -0.05 204 0 0
5.822785 12.966102 -0.05 204 0 0
5.822785 13.474576 -0.05 204 0 0
5.822785 13.983051 -0.05 204 0 0
5.822785 14.491525 -0.05 204 0 0
5.822785 15.0 -0.05 204 0 0
6.329114 -15.0 -0.05 204 0 0
6.329114 -14.491525 -0.05 204 0 0
6.329114 -13.983051 -0.05 204 0 0
6.329114 -13.474576 -0.05 204 0 0
6.329114 -12.966102 -0.05 204 0 0
6.329114 -12.457627 -0.05 204 0 0
6.329114 -11.949153 -0.05 204 0 0
6.329114 -11.440678 -0.05 204 0 0
6.329114 -10.932203 -0.05 204 0 0
6.329114 -10.423729 -0.05 204 0 0
6.329114 -9.915254 -0.05 204 0 0
6.329114 -9.40678 -0.05 204 0 0
6.329114 -8.898305 -0.05 204 0 0
6.329114 -8.389831 -0.05 204 0 0
6.329114 -7.881356 -0.05 204 0 0
6.329114 -7.372881 -0.05 204 0 0
6.329114 -6.864407 -0.05 204 0 0
6.329114 -6.355932 -0.05 204 0 0
6.329114 -5.847458 -0.05 204 0 0
6.329114 -5.338983 -0.05 204 0 0
6.329114 -4.830508 -0.05 204 0 0
6.329114 -4.322034 -0.05 204 0 0
6.329114 -3.813559 -0.05 204 0 0
6.329114 -3.305085 -0.05 204 0 0
6.329114 -2.79661 -0.05 204 0 0
6.329114 -2.288136 -0.05 204 0 0
6.329114 -1.779661 -0.05 204 0 0
6.329114 -1.271186 -0.05 204 0 0
6.329114 -0.762712 -0.05 204 0 0
6.329114 -0.254237 -0.05 204 0 0
6.329114 0.254237 -0.05 204 0 0
6.329114 0.762712 -0.05 204 0 0
6.329114 1.271186 -0.05 204 0 0
6.329114 1.779661 -0.05 204 0 0
6.329114 2.288136 -0.05 204 0 0
6.329114 2.79661 -0.05 204 0 0
6.329114 3.305085 -0.05 204 0 0
6.329114 3.813559 -0.05 204 0 0
6.329114 4.322034 -0.05 204 0 0
6.329114 4.830508 -0.05 204 0 0
6.329114 5.338983 -0.05 204 0 0
6.329114 5.847458 -0.05 204 0 0
6.329114 6.355932 -0.05 204 0 0
6.329114 6.864407 -0.05 204 0 0
6.329114 7.372881 -0.05 204 0 0
6.329114 7.881356 -0.05 204 0 0
6.329114 8.389831 -0.05 204 0 0
6.329114 8.898305 -0.05 204 0 0
6.329114 9.40678 -0.05 204 0 0
6.329114 9.915254 -0.05 204 0 0
6.329114 10.423729 -0.05 204 0 0
6.329114 10.932203 -0.05 204 0 0
6.329114 11.440678 -0.05 204 0 0
6.329114 11.949153 -0.05 204 0 0
6.329114 12.457627 -0.05 204 0 0
6.329114 12.966102 -0.05 204 0 0
6.329114 13.474576 -0.05 204 0 0
6.329114 13.983051 -0.05 204 0 0
6.329114 14.491525 -0.05 204 0 0
6.329114 15.0 -0.05 204 0 0
6.835443 -15.0 -0.05 204 0 0
6.835443 -14.491525 -0.05 204 0 0
6.835443 -13.983051 -0.05 204 0 0
6.835443 -13.474576 -0.05 204 0 0
6.835443 -12.966102 -0.05 204 0 0
6.835443 -12.457627 -0.05 204 0 0
6.835443 -11.949153 -0.05 204 0 0
6.835443 -11.440678 -0.05 204 0 0
6.835443 -10.932203 -0.05 204 0 0
6.835443 -10.423729 -0.05 204 0 0
6.835443 -9.915254 -0.05 204 0 0
6.835443 -9.40678 -0.05 204 0 0
6.835443 -8.898305 -0.05 204 0 0
6.835443 -8.389831 -0.05 204 0 0
6.835443 -7.881356 -0.05 204 0 0
6.835443 -7.372881 -0.05 204 0 0
6.835443 -6.864407 -0.05 204 0 0
6.835443 -6.355932 -0.05 204 0 0
6.835443 -5.847458 -0.05 204 0 0
6.835443 -5.338983 -0.05 204 0 0
6.835443 -4.830508 -0.05 204 0 0
6.835443 -4.322034 -0.05 204 0 0
6.835443 -3.813559 -0.05 204 0 0
6.835443 -3.305085 -0.05 204 0 0
6.835443 -2.79661 -0.05 204 0 0
6.835443 -2.288136 -0.05 204 0 0
6.835443 -1.779661 -0.05 204 0 0
6.835443 -1.271186 -0.05 204 0 0
6.835443 -0.762712 -0.05 204 0 0
6.835443 -0.254237 -0.05 204 0 0
6.835443 0.254237 -0.05 204 0 0
6.835443 0.762712 -0.05 204 0 0
6.835443 1.271186 -0.05 204 0 0
6.835443 1.779661 -0.05 204 0 0
6.835443 2.288136 -0.05 204 0 0
6.835443 2.79661 -0.05 204 0 0
6.835443 3.305085 -0.05 204 0 0
6.835443 3.813559 -0.05 204 0 0
6.835443 4.322034 -0.05 204 0 0
6.835443 4.830508 -0.05 204 0 0
6.835443 5.338983 -0.05 204 0 0
6.835443 5.847458 -0.05 204 0 0
6.835443 6.355932 -0.05 204 0 0
6.835443 6.864407 -0.05 204 0 0
6.835443 7.372881 -0.05 204 0 0
6.835443 7.881356 -0.05 204 0 0
6.835443 8.389831 -0.05 204 0 0
6.835443 8.898305 -0.05 204 0 0
6.835443 9.40678 -0.05 204 0 0
6.835443 9.915254 -0.05 204 0 0
6.835443 10.423729 -0.05 204 0 0
6.835443 10.932203 -0.05 204 0 0
6.835443 11.440678 -0.05 204 0 0
6.835443 11.949153 -0.05 204 0 0
6.835443 12.457627 -0.05 204 0 0
6.835443 12.966102 -0.05 204 0 0
6.835443 13.474576 -0.05 204 0 0
6.835443 13.983051 -0.05 204 0 0
6.835443 14.491525 -0.05 204 0 0
6.835443 15.0 -0.05 204 0 0
7.341772 -15.0 -0.05 204 0 0
7.341772 -14.491525 -0.05 204 0 0
7.341772 -13.983051 -0.05 204 0 0
7.341772 -13.474576 -0.05 204 0 0
7.341772 -12.966102 -0.05 204 0 0
7.341772 -12.457627 -0.05 204 0 0
7.341772 -11.949153 -0.05 204 0 0
7.341772 -11.440678 -0.05 204 0 0
7.341772 -10.932203 -0.05 204 0 0
7.341772 -10.423729 -0.05 204 0 0
7.341772 -9.915254 -0.05 204 0 0
7.341772 -9.40678 -0.05 204 0 0
7.341772 -8.898305 -0.05 204 0 0
7.341772 -8.389831 -0.05 204 0 0
7.341772 -7.881356 -0.05 204 0 0
7.341772 -7.372881 -0.05 204 0 0
7.341772 -6.864407 -0.05 204 0 0
7.341772 -6.355932 -0.05 204 0 0
7.341772 -5.847458 -0.05 204 0 0
7.341772 -5.338983 -0.05 204 0 0
7.341772 -4.830508 -0.05 204 0 0
7.341772 -4.322034 -0.05 204 0 0
7.341772 -3.813559 -0.05 204 0 0
7.341772 -3.305085 -0.05 204 0 0
7.341772 -2.79661 -0.05 204 0 0
7.341772 -2.288136 -0.05 204 0 0
7.341772 -1.779661 -0.05 204 0 0
7.341772 -1.271186 -0.05 204 0 0
7.341772 -0.762712 -0.05 204 0 0
7.341772 -0.254237 -0.05 204 0 0
7.341772 0.254237 -0.05 204 0 0
7.341772 0.762712 -0.05 204 0 0
7.341772 1.271186 -0.05 204 0 0
7.341772 1.779661 -0.05 204 0 0
7.341772 2.288136 -0.05 204 0 0
7.341772 2.79661 -0.05 204 0 0
7.341772 3.305085 -0.05 204 0 0
7.341772 3.813559 -0.05 204 0 0
7.341772 4.322034 -0.05 204 0 0
7.341772 4.830508 -0.05 204 0 0
7.341772 5.338983 -0.05 204 0 0
7.341772 5.847458 -0.05 204 0 0
7.341772 6.355932 -0.05 204 0 0
7.341772 6.864407 -0.05 204 0 0
7.341772 7.372881 -0.05 204 0 0
7.341772 7.881356 -0.05 204 0 0
7.341772 8.389831 -0.05 204 0 0
7.341772 8.898305 -0.05 204 0 0
7.341772 9.40678 -0.05 204 0 0
7.341772 9.915254 -0.05 204 0 0
7.341772 10.423729 -0.05 204 0 0
7.341772 10.932203 -0.05 204 0 0
7.341772 11.440678 -0.05 204 0 0
7.341772 11.949153 -0.05 204 0 0
7.341772 12.457627 -0.05 204 0 0
7.341772 12.966102 -0.05 204 0 0
7.341772 13.474576 -0.05 204 0 0
7.341772 13.983051 -0.05 204 0 0
7.341772 14.491525 -0.05 204 0 0
7.341772 15.0 -0.05 204 0 0
7.848101 -15.0 -0.05 204 0 0
7.848101 -14.491525 -0.05 204 0 0
7.848101 -13.983051 -0.05 204 0 0
7.848101 -13.474576 -0.05 204 0 0
7.848101 -12.966102 -0.05 204 0 0
7.848101 -12.457627 -0.05 204 0 0
7.848101 -11.949153 -0.05 204 0 0
7.848101 -11.440678 -0.05 204 0 0
7.848101 -10.932203 -0.05 204 0 0
7.848101 -10.423729 -0.05 204 0 0
7.848101 -9.915254 -0.05 204 0 0
7.848101 -9.40678 -0.05 204 0 0
7.848101 -8.898305 -0.05 204 0 0
7.848101 -8.389831 -0.05 204 0 0
7.848101 -7.881356 -0.05 204 0 0
7.848101 -7.372881 -0.05 204 0 0
7.848101 -6.864407 -0.05 204 0 0
7.848101 -6.355932 -0.05 204 0 0
7.848101 -5.847458 -0.05 204 0 0
7.848101 -5.338983 -0.05 204 0 0
7.848101 -4.830508 -0.05 204 0 0
7.848101 -4.322034 -0.05 204 0 0
7.848101 -3.813559 -0.05 204 0 0
7.848101 -3.305085 -0.05 204 0 0
7.848101 -2.79661 -0.05 204 0 0
7.848101 -2.288136 -0.05 204 0 0
7.848101 -1.779661 -0.05 204 0 0
7.848101 -1.271186 -0.05 204 0 0
7.848101 -0.762712 -0.05 204 0 0
7.848101 -0.254237 -0.05 204 0 0
7.848101 0.254237 -0.05 204 0 0
7.848101 0.762712 -0.05 204 0 0
7.848101 1.271186 -0.05 204 0 0
7.848101 1.779661 -0.05 204 0 0
7.848101 2.288136 -0.05 204 0 0
7.848101 2.79661 -0.05 204 0 0
7.848101 3.305085 -0.05 204 0 0
7.848101 3.813559 -0.05 204 0 0
7.848101 4.322034 -0.05 204 0 0
7.848101 4.830508 -0.05 204 0 0
7.848101 5.338983 -0.05 204 0 0
7.848101 5.847458 -0.05 204 0 0
7.848101 6.355932 -0.05 204 0 0
7.848101 6.864407 -0.05 204 0 0
7.848101 7.372881 -0.05 204 0 0
7.848101 7.881356 -0.05 204 0 0
7.848101 8.389831 -0.05 204 0 0
7.848101 8.898305 -0.05 204 0 0
7.848101 9.40678 -0.05 204 0 0
7.848101 9.915254 -0.05 204 0 0
7.848101 10.423729 -0.05 204 0 0
7.848101 10.932203 -0.05 204 0 0
7.848101 11.440678 -0.05 204 0 0
7.848101 11.949153 -0.05 204 0 0
7.848101 12.457627 -0.05 204 0 0
7.848101 12.966102 -0.05 204 0 0
7.848101 13.474576 -0.05 204 0 0
7.848101 13.983051 -0.05 204 0 0
7.848101 14.491525 -0.05 204 0 0
7.848101 15.0 -0.05 204 0 0
8.35443 -15.0 -0.05 204 0 0
8.35443 -14.491525 -0.05 204 0 0
8.35443 -13.983051 -0.05 204 0 0
8.35443 -13.474576 -0.05 204 0 0
8.35443 -12.966102 -0.05 204 0 0
8.35443 -12.457627 -0.05 204 0 0
8.35443 -11.949153 -0.05 204 0 0
8.35443 -11.440678 -0.05 204 0 0
8.35443 -10.932203 -0.05 204 0 0
8.35443 -10.423729 -0.05 204 0 0
8.35443 -9.915254 -0.05 204 0 0
8.35443 -9.40678 -0.05 204 0 0
8.35443 -8.898305 -0.05 204 0 0
8.35443 -8.389831 -0.05 204 0 0
8.35443 -7.881356 -0.05 204 0 0
8.35443 -7.372881 -0.05 204 0 0
8.35443 -6.864407 -0.05 204 0 0
8.35443 -6.355932 -0.05 204 0 0
8.35443 -5.847458 -0.05 204 0 0
8.35443 -5.338983 -0.05 204 0 0
8.35443 -4.830508 -0.05 204 0 0
8.35443 -4.322034 -0.05 204 0 0
8.35443 -3.813559 -0.05 204 0 0
8.35443 -3.305085 -0.05 204 0 0
8.35443 -2.79661 -0.05 204 0 0
8.35443 -2.288136 -0.05 204 0 0
8.35443 -1.779661 -0.05 204 0 0
8.35443 -1.271186 -0.05 204 0 0
8.35443 -0.762712 -0.05 204 0 0
8.35443 -0.254237 -0.05 204 0 0
8.35443 0.254237 -0.05 204 0 0
8.35443 0.762712 -0.05 204 0 0
8.35443 1.271186 -0.05 204 0 0
8.35443 1.779661 -0.05 204 0 0
8.35443 2.288136 -0.05 204 0 0
8.35443 2.79661 -0.05 204 0 0
8.35443 3.305085 -0.05 204 0 0
8.35443 3.813559 -0.05 204 0 0
8.35443 4.322034 -0.05 204 0 0
8.35443 4.830508 -0.05 204 0 0
8.35443 5.338983 -0.05 204 0 0
8.35443 5.847458 -0.05 204 0 0
8.35443 6.355932 -0.05 204 0 0
8.35443 6.864407 -0.05 204 0 0
8.35443 7.372881 -0.05 204 0 0
8.35443 7.881356 -0.05 204 0 0
8.35443 8.389831 -0.05 204 0 0
8.35443 8.898305 -0.05 204 0 0
8.35443 9.40678 -0.05 204 0 0
8.35443 9.915254 -0.05 204 0 0
8.35443 10.423729 -0.05 204 0 0
8.35443 10.932203 -0.05 204 0 0
8.35443 11.440678 -0.05 204 0 0
8.35443 11.949153 -0.05 204 0 0
8.35443 12.457627 -0.05 204 0 0
8.35443 12.966102 -0.05 204 0 0
8.35443 13.474576 -0.05 204 0 0
8.35443 13.983051 -0.05 204 0 0
8.35443 14.491525 -0.05 204 0 0
8.35443 15.0 -0.05 204 0 0
8.860759 -15.0 -0.05 204 0 0
8.860759 -14.491525 -0.05 204 0 0
8.860759 -13.983051 -0.05 204 0 0
8.860759 -13.474576 -0.05 204 0 0
8.860759 -12.966102 -0.05 204 0 0
8.860759 -12.457627 -0.05 204 0 0
8.860759 -11.949153 -0.05 204 0 0
8.860759 -11.440678 -0.05 204 0 0
8.860759 -10.932203 -0.05 204 0 0
8.860759 -10.423729 -0.05 204 0 0
8.860759 -9.915254 -0.05 204 0 0
8.860759 -9.40678 -0.05 204 0 0
8.860759 -8.898305 -0.05 204 0 0
8.860759 -8.389831 -0.05 204 0 0
8.860759 -7.881356 -0.05 204 0 0
8.860759 -7.372881 -0.05 204 0 0
8.860759 -6.864407 -0.05 204 0 0
8.860759 -6.355932 -0.05 204 0 0
8.860759 -5.847458 -0.05 204 0 0
8.860759 -5.338983 -0.05 204 0 0
8.860759 -4.830508 -0.05 204 0 0
8.860759 -4.322034 -0.05 204 0 0
8.860759 -3.813559 -0.05 204 0 0
8.860759 -3.305085 -0.05 204 0 0
8.860759 -2.79661 -0.05 204 0 0
8.860759 -2.288136 -0.05 204 0 0
8.860759 -1.779661 -0.05 204 0 0
8.860759 -1.271186 -0.05 204 0 0
8.860759 -0.762712 -0.05 204 0 0
8.860759 -0.254237 -0.05 204 0 0
8.860759 0.254237 -0.05 204 0 0
8.860759 0.762712 -0.05 204 0 0
8.860759 1.271186 -0.05 204 0 0
8.860759 1.779661 -0.05 204 0 0
8.860759 2.288136 -0.05 204 0 0
8.860759 2.79661 -0.05 204 0 0
8.860759 3.305085 -0.05 204 0 0
8.860759 3.813559 -0.05 204 0 0
8.860759 4.322034 -0.05 204 0 0
8.860759 4.830508 -0.05 204 0 0
8.860759 5.338983 -0.05 204 0 0
8.860759 5.847458 -0.05 204 0 0
8.860759 6.355932 -0.05 204 0 0
8.860759 6.864407 -0.05 204 0 0
8.860759 7.372881 -0.05 204 0 0
8.860759 7.881356 -0.05 204 0 0
8.860759 8.389831 -0.05 204 0 0
8.860759 8.898305 -0.05 204 0 0
8.860759 9.40678 -0.05 204 0 0
8.860759 9.915254 -0.05 204 0 0
8.860759 10.423729 -0.05 204 0 0
8.860759 10.932203 -0.05 204 0 0
8.860759 11.440678 -0.05 204 0 0
8.860759 11.949153 -0.05 204 0 0
8.860759 12.457627 -0.05 204 0 0
8.860759 12.966102 -0.05 204 0 0
8.860759 13.474576 -0.05 204 0 0
8.860759 13.983051 -0.05 204 0 0
8.860759 14.491525 -0.05 204 0 0
8.860759 15.0 -0.05 204 0 0
9.367089 -15.0 -0.05 204 0 0
9.367089 -14.491525 -0.05 204 0 0
9.367089 -13.983051 -0.05 204 0 0
9.367089 -13.474576 -0.05 204 0 0
9.367089 -12.966102 -0.05 204 0 0
9.367089 -12.457627 -0.05 204 0 0
9.367089 -11.949153 -0.05 204 0 0
9.367089 -11.440678 -0.05 204 0 0
9.367089 -10.932203 -0.05 204 0 0
9.367089 -10.423729 -0.05 204 0 0
9.367089 -9.915254 -0.05 204 0 0
9.367089 -9.40678 -0.05 204 0 0
9.367089 -8.898305 -0.05 204 0 0
9.367089 -8.389831 -0.05 204 0 0
9.367089 -7.881356 -0.05 204 0 0
9.367089 -7.372881 -0.05 204 0 0
9.367089 -6.864407 -0.05 204 0 0
9.367089 -6.355932 -0.05 204 0 0
9.367089 -5.847458 -0.05 204 0 0
9.367089 -5.338983 -0.05 204 0 0
9.367089 -4.830508 -0.05 204 0 0
9.367089 -4.322034 -0.05 204 0 0
9.367089 -3.813559 -0.05 204 0 0
9.367089 -3.305085 -0.05 204 0 0
9.367089 -2.79661 -0.05 204 0 0
9.367089 -2.288136 -0.05 204 0 0
9.367089 -1.779661 -0.05 204 0 0
9.367089 -1.271186 -0.05 204 0 0
9.367089 -0.762712 -0.05 204 0 0
9.367089 -0.254237 -0.05 204 0 0
9.367089 0.254237 -0.05 204 0 0
9.367089 0.762712 -0.05 204 0 0
9.367089 1.271186 -0.05 204 0 0
9.367089 1.779661 -0.05 204 0 0
9.367089 2.288136 -0.05 204 0 0
9.367089 2.79661 -0.05 204 0 0
9.367089 3.305085 -0.05 204 0 0
9.367089 3.813559 -0.05 204 0 0
9.367089 4.322034 -0.05 204 0 0
9.367089 4.830508 -0.05 204 0 0
9.367089 5.338983 -0.05 204 0 0
9.367089 5.847458 -0.05 204 0 0
9.367089 6.355932 -0.05 204 0 0
9.367089 6.864407 -0.05 204 0 0
9.367089 7.372881 -0.05 204 0 0
9.367089 7.881356 -0.05 204 0 0
9.367089 8.389831 -0.05 204 0 0
9.367089 8.898305 -0.05 204 0 0
9.367089 9.40678 -0.05 204 0 0
9.367089 9.915254 -0.05 204 0 0
9.367089 10.423729 -0.05 204 0 0
9.367089 10.932203 -0.05 204 0 0
9.367089 11.440678 -0.05 204 0 0
9.367089 11.949153 -0.05 204 0 0
9.367089 12.457627 -0.05 204 0 0
9.367089 12.966102 -0.05 204 0 0
9.367089 13.474576 -0.05 204 0 0
9.367089 13.983051 -0.05 204 0 0
9.367089 14.491525 -0.05 204 0 0
9.367089 15.0 -0.05 204 0 0
9.873418 -15.0 -0.05 204 0 0
9.873418 -14.491525 -0.05 204 0 0
9.873418 -13.983051 -0.05 204 0 0
9.873418 -13.474576 -0.05 204 0 0
9.873418 -12.966102 -0.05 204 0 0
9.873418 -12.457627 -0.05 204 0 0
9.873418 -11.949153 -0.05 204 0 0
9.873418 -11.440678 -0.05 204 0 0
9.873418 -10.932203 -0.05 204 0 0
9.873418 -10.423729 -0.05 204 0 0
9.873418 -9.915254 -0.05 204 0 0
9.873418 -9.40678 -0.05 204 0 0
9.873418 -8.898305 -0.05 204 0 0
9.873418 -8.389831 -0.05 204 0 0
9.873418 -7.881356 -0.05 204 0 0
9.873418 -7.372881 -0.05 204 0 0
9.873418 -6.864407 -0.05 204 0 0
9.873418 -6.355932 -0.05 204 0 0
9.873418 -5.847458 -0.05 204 0 0
9.873418 -5.338983 -0.05 204 0 0
9.873418 -4.830508 -0.05 204 0 0
9.873418 -4.322034 -0.05 204 0 0
9.873418 -3.813559 -0.05 204 0 0
9.873418 -3.305085 -0.05 204 0 0
9.873418 -2.79661 -0.05 204 0 0
9.873418 -2.288136 -0.05 204 0 0
9.873418 -1.779661 -0.05 204 0 0
9.873418 -1.271186 -0.05 204 0 0
9.873418 -0.762712 -0.05 204 0 0
9.873418 -0.254237 -0.05 204 0 0
9.873418 0.254237 -0.05 204 0 0
9.873418 0.762712 -0.05 204 0 0
9.873418 1.271186 -0.05 204 0 0
9.873418 1.779661 -0.05 204 0 0
9.873418 2.288136 -0.05 204 0 0
9.873418 2.79661 -0.05 204 0 0
9.873418 3.305085 -0.05 204 0 0
9.873418 3.813559 -0.05 204 0 0
9.873418 4.322034 -0.05 204 0 0
9.873418 4.830508 -0.05 204 0 0
9.873418 5.338983 -0.05 204 0 0
9.873418 5.847458 -0.05 204 0 0
9.873418 6.355932 -0.05 204 0 0
9.873418 6.864407 -0.05 204 0 0
9.873418 7.372881 -0.05 204 0 0
9.873418 7.881356 -0.05 204 0 0
9.873418 8.389831 -0.05 204 0 0
9.873418 8.898305 -0.05 204 0 0
9.873418 9.40678 -0.05 204 0 0
9.873418 9.915254 -0.05 204 0 0
9.873418 10.423729 -0.05 204 0 0
9.873418 10.932203 -0.05 204 0 0
9.873418 11.440678 -0.05 204 0 0
9.873418 11.949153 -0.05 204 0 0
9.873418 12.457627 -0.05 204 0 0
9.873418 12.966102 -0.05 204 0 0
9.873418 13.474576 -0.05 204 0 0
9.873418 13.983051 -0.05 204 0 0
9.873418 14.491525 -0.05 204 0 0
9.873418 15.0 -0.05 204 0 0
10.379747 -15.0 -0.05 204 0 0
10.379747 -14.491525 -0.05 204 0 0
10.379747 -13.983051 -0.05 204 0 0
10.379747 -13.474576 -0.05 204 0 0
10.379747 -12.966102 -0.05 204 0 0
10.379747 -12.457627 -0.05 204 0 0
10.379747 -11.949153 -0.05 204 0 0
10.379747 -11.440678 -0.05 204 0 0
10.379747 -10.932203 -0.05 204 0 0
10.379747 -10.423729 -0.05 204 0 0
10.379747 -9.915254 -0.05 204 0 0
10.379747 -9.40678 -0.05 204 0 0
10.379747 -8.898305 -0.05 204 0 0
10.379747 -8.389831 -0.05 204 0 0
10.379747 -7.881356 -0.05 204 0 0
10.379747 -7.372881 -0.05 204 0 0
10.379747 -6.864407 -0.05 204 0 0
10.379747 -6.355932 -0.05 204 0 0
10.379747 -5.847458 -0.05 204 0 0
10.379747 -5.338983 -0.05 204 0 0
10.379747 -4.830508 -0.05 204 0 0
10.379747 -4.322034 -0.05 204 0 0
10.379747 -3.813559 -0.05 204 0 0
10.379747 -3.305085 -0.05 204 0 0
10.379747 -2.79661 -0.05 204 0 0
10.379747 -2.288136 -0.05 204 0 0
10.379747 -1.779661 -0.05 204 0 0
10.379747 -1.271186 -0.05 204 0 0
10.379747 -0.762712 -0.05 204 0 0
10.379747 -0.254237 -0.05 204 0 0
10.379747 0.254237 -0.05 204 0 0
10.379747 0.762712 -0.05 204 0 0
10.379747 1.271186 -0.05 204 0 0
10.379747 1.779661 -0.05 204 0 0
10.379747 2.288136 -0.05 204 0 0
10.379747 2.79661 -0.05 204 0 0
10.379747 3.305085 -0.05 204 0 0
10.379747 3.813559 -0.05 204 0 0
10.379747 4.322034 -0.05 204 0 0
10.379747 4.830508 -0.05 204 0 0
10.379747 5.338983 -0.05 204 0 0
10.379747 5.847458 -0.05 204 0 0
10.379747 6.355932 -0.05 204 0 0
10.379747 6.864407 -0.05 204 0 0
10.379747 7.372881 -0.05 204 0 0
10.379747 7.881356 -0.05 204 0 0
10.379747 8.389831 -0.05 204 0 0
10.379747 8.898305 -0.05 204 0 0
10.379747 9.40678 -0.05 204 0 0
10.379747 9.915254 -0.05 204 0 0
10.379747 10.423729 -0.05 204 0 0
10.379747 10.932203 -0.05 204 0 0
10.379747 11.440678 -0.05 204 0 0
10.379747 11.949153 -0.05 204 0 0
10.379747 12.457627 -0.05 204 0 0
10.379747 12.966102 -0.05 204 0 0
10.379747 13.474576 -0.05 204 0 0
10.379747 13.983051 -0.05 204 0 0
10.379747 14.491525 -0.05 204 0 0
10.379747 15.0 -0.05 204 0 0
10.886076 -15.0 -0.05 204 0 0
10.886076 -14.491525 -0.05 204 0 0
10.886076 -13.983051 -0.05 204 0 0
10.886076 -13.474576 -0.05 204 0 0
10.886076 -12.966102 -0.05 204 0 0
10.886076 -12.457627 -0.05 204 0 0
10.886076 -11.949153 -0.05 204 0 0
10.886076 -11.440678 -0.05 204 0 0
10.886076 -10.932203 -0.05 204 0 0
10.886076 -10.423729 -0.05 204 0 0
10.886076 -9.915254 -0.05 204 0 0
10.886076 -9.40678 -0.05 204 0 0
10.886076 -8.898305 -0.05 204 0 0
10.886076 -8.389831 -0.05 204 0 0
10.886076 -7.881356 -0.05 204 0 0
10.886076 -7.372881 -0.05 204 0 0
10.886076 -6.864407 -0.05 204 0 0
10.886076 -6.355932 -0.05 204 0 0
10.886076 -5.847458 -0.05 204 0 0
10.886076 -5.338983 -0.05 204 0 0
10.886076 -4.830508 -0.05 204 0 0
10.886076 -4.322034 -0.05 204 0 0
10.886076 -3.813559 -0.05 204 0 0
10.886076 -3.305085 -0.05 204 0 0
10.886076 -2.79661 -0.05 204 0 0
10.886076 -2.288136 -0.05 204 0 0
10.886076 -1.779661 -0.05 204 0 0
10.886076 -1.271186 -0.05 204 0 0
10.886076 -0.762712 -0.05 204 0 0
10.886076 -0.254237 -0.05 204 0 0
10.886076 0.254237 -0.05 204 0 0
10.886076 0.762712 -0.05 204 0 0
10.886076 1.271186 -0.05 204 0 0
10.886076 1.779661 -0.05 204 0 0
10.886076 2.288136 -0.05 204 0 0
10.886076 2.79661 -0.05 204 0 0
10.886076 3.305085 -0.05 204 0 0
10.886076 3.813559 -0.05 204 0 0
10.886076 4.322034 -0.05 204 0 0
10.886076 4.830508 -0.05 204 0 0
10.886076 5.338983 -0.05 204 0 0
10.886076 5.847458 -0.05 204 0 0
10.886076 6.355932 -0.05 204 0 0
10.886076 6.864407 -0.05 204 0 0
10.886076 7.372881 -0.05 204 0 0
10.886076 7.881356 -0.05 204 0 0
10.886076 8.389831 -0.05 204 0 0
10.886076 8.898305 -0.05 204 0 0
10.886076 9.40678 -0.05 204 0 0
10.886076 9.915254 -0.05 204 0 0
10.886076 10.423729 -0.05 204 0 0
10.886076 10.932203 -0.05 204 0 0
10.886076 11.440678 -0.05 204 0 0
10.886076 11.949153 -0.05 204 0 0
10.886076 12.457627 -0.05 204 0 0
10.886076 12.966102 -0.05 204 0 0
10.886076 13.474576 -0.05 204 0 0
10.886076 13.983051 -0.05 204 0 0
10.886076 14.491525 -0.05 204 0 0
10.886076 15.0 -0.05 204 0 0
11.392405 -15.0 -0.05 204 0 0
11.392405 -14.491525 -0.05 204 0 0
11.392405 -13.983051 -0.05 204 0 0
11.392405 -13.474576 -0.05 204 0 0
11.392405 -12.966102 -0.05 204 0 0
11.392405 -12.457627 -0.05 204 0 0
11.392405 -11.949153 -0.05 204 0 0
11.392405 -11.440678 -0.05 204 0 0
11.392405 -10.932203 -0.05 204 0 0
11.392405 -10.423729 -0.05 204 0 0
11.392405 -9.915254 -0.05 204 0 0
11.392405 -9.40678 -0.05 204 0 0
11.392405 -8.898305 -0.05 204 0 0
11.392405 -8.389831 -0.05 204 0 0
11.392405 -7.881356 -0.05 204 0 0
11.392405 -7.372881 -0.05 204 0 0
11.392405 -6.864407 -0.05 204 0 0
11.392405 -6.355932 -0.05 204 0 0
11.392405 -5.847458 -0.05 204 0 0
11.392405 -5.338983 -0.05 204 0 0
11.392405 -4.830508 -0.05 204 0 0
11.392405 -4.322034 -0.05 204 0 0
11.392405 -3.813559 -0.05 204 0 0
11.392405 -3.305085 -0.05 204 0 0
11.392405 -2.79661 -0.05 204 0 0
11.392405 -2.288136 -0.05 204 0 0
11.392405 -1.779661 -0.05 204 0 0
11.392405 -1.271186 -0.05 204 0 0
11.392405 -0.762712 -0.05 204 0 0
11.392405 -0.254237 -0.05 204 0 0
11.392405 0.254237 -0.05 204 0 0
11.392405 0.762712 -0.05 204 0 0
11.392405 1.271186 -0.05 204 0 0
11.392405 1.779661 -0.05 204 0 0
11.392405 2.288136 -0.05 204 0 0
11.392405 2.79661 -0.05 204 0 0
11.392405 3.305085 -0.05 204 0 0
11.392405 3.813559 -0.05 204 0 0
11.392405 4.322034 -0.05 204 0 0
11.392405 4.830508 -0.05 204 0 0
11.392405 5.338983 -0.05 204 0 0
11.392405 5.847458 -0.05 204 0 0
11.392405 6.355932 -0.05 204 0 0
11.392405 6.864407 -0.05 204 0 0
11.392405 7.372881 -0.05 204 0 0
11.392405 7.881356 -0.05 204 0 0
11.392405 8.389831 -0.05 204 0 0
11.392405 8.898305 -0.05 204 0 0
11.392405 9.40678 -0.05 204 0 0
11.392405 9.915254 -0.05 204 0 0
11.392405 10.423729 -0.05 204 0 0
11.392405 10.932203 -0.05 204 0 0
11.392405 11.440678 -0.05 204 0 0
11.392405 11.949153 -0.05 204 0 0
11.392405 12.457627 -0.05 204 0 0
11.392405 12.966102 -0.05 204 0 0
11.392405 13.474576 -0.05 204 0 0
11.392405 13.983051 -0.05 204 0 0
11.392405 14.491525 -0.05 204 0 0
11.392405 15.0 -0.05 204 0 0
11.898734 -15.0 -0.05 204 0 0
11.898734 -14.491525 -0.05 204 0 0
11.898734 -13.983051 -0.05 204 0 0
11.898734 -13.474576 -0.05 204 0 0
11.898734 -12.966102 -0.05 204 0 0
11.898734 -12.457627 -0.05 204 0 0
11.898734 -11.949153 -0.05 204 0 0
11.898734 -11.440678 -0.05 204 0 0
11.898734 -10.932203 -0.05 204 0 0
11.898734 -10.423729 -0.05 204 0 0
11.898734 -9.915254 -0.05 204 0 0
11.898734 -9.40678 -0.05 204 0 0
11.898734 -8.898305 -0.05 204 0 0
11.898734 -8.389831 -0.05 204 0 0
11.898734 -7.881356 -0.05 204 0 0
11.898734 -7.372881 -0.05 204 0 0
11.898734 -6.864407 -0.05 204 0 0
11.898734 -6.355932 -0.05 204 0 0
11.898734 -5.847458 -0.05 204 0 0
11.898734 -5.338983 -0.05 204 0 0
11.898734 -4.830508 -0.05 204 0 0
11.898734 -4.322034 -0.05 204 0 0
11.898734 -3.813559 -0.05 204 0 0
11.898734 -3.305085 -0.05 204 0 0
11.898734 -2.79661 -0.05 204 0 0
11.898734 -2.288136 -0.05 204 0 0
11.898734 -1.779661 -0.05 204 0 0
11.898734 -1.271186 -0.05 204 0 0
11.898734 -0.762712 -0.05 204 0 0
11.898734 -0.254237 -0.05 204 0 0
11.898734 0.254237 -0.05 204 0 0
11.898734 0.762712 -0.05 204 0 0
11.898734 1.271186 -0.05 204 0 0
11.898734 1.779661 -0.05 204 0 0
11.898734 2.288136 -0.05 204 0 0
11.898734 2.79661 -0.05 204 0 0
11.898734 3.305085 -0.05 204 0 0
11.898734 3.813559 -0.05 204 0 0
11.898734 4.322034 -0.05 204 0 0
11.898734 4.830508 -0.05 204 0 0
11.898734 5.338983 -0.05 204 0 0
11.898734 5.847458 -0.05 204 0 0
11.898734 6.355932 -0.05 204 0 0
11.898734 6.864407 -0.05 204 0 0
11.898734 7.372881 -0.05 204 0 0
11.898734 7.881356 -0.05 204 0 0
11.898734 8.389831 -0.05 204 0 0
11.898734 8.898305 -0.05 204 0 0
11.898734 9.40678 -0.05 204 0 0
11.898734 9.915254 -0.05 204 0 0
11.898734 10.423729 -0.05 204 0 0
11.898734 10.932203 -0.05 204 0 0
11.898734 11.440678 -0.05 204 0 0
11.898734 11.949153 -0.05 204 0 0
11.898734 12.457627 -0.05 204 0 0
11.898734 12.966102 -0.05 204 0 0
11.898734 13.474576 -0.05 204 0 0
11.898734 13.983051 -0.05 204 0 0
11.898734 14.491525 -0.05 204 0 0
11.898734 15.0 -0.05 204 0 0
12.405063 -15.0 -0.05 204 0 0
12.405063 -14.491525 -0.05 204 0 0
12.405063 -13.983051 -0.05 204 0 0
12.405063 -13.474576 -0.05 204 0 0
12.405063 -12.966102 -0.05 204 0 0
12.405063 -12.457627 -0.05 204 0 0
12.405063 -11.949153 -0.05 204 0 0
12.405063 -11.440678 -0.05 204 0 0
12.405063 -10.932203 -0.05 204 0 0
12.405063 -10.423729 -0.05 204 0 0
12.405063 -9.915254 -0.05 204 0 0
12.405063 -9.40678 -0.05 204 0 0
12.405063 -8.898305 -0.05 204 0 0
12.405063 -8.389831 -0.05 204 0 0
12.405063 -7.881356 -0.05 204 0 0
12.405063 -7.372881 -0.05 204 0 0
12.405063 -6.864407 -0.05 204 0 0
12.405063 -6.355932 -0.05 204 0 0
12.405063 -5.847458 -0.05 204 0 0
12.405063 -5.338983 -0.05 204 0 0
12.405063 -4.830508 -0.05 204 0 0
12.405063 -4.322034 -0.05 204 0 0
12.405063 -3.813559 -0.05 204 0 0
12.405063 -3.305085 -0.05 204 0 0
12.405063 -2.79661 -0.05 204 0 0
12.405063 -2.288136 -0.05 204 0 0
12.405063 -1.779661 -0.05 204 0 0
12.405063 -1.271186 -0.05 204 0 0
12.405063 -0.762712 -0.05 204 0 0
12.405063 -0.254237 -0.05 204 0 0
12.405063 0.254237 -0.05 204 0 0
12.405063 0.762712 -0.05 204 0 0
12.405063 1.271186 -0.05 204 0 0
12.405063 1.779661 -0.05 204 0 0
12.405063 2.288136 -0.05 204 0 0
12.405063 2.79661 -0.05 204 0 0
12.405063 3.305085 -0.05 204 0 0
12.405063 3.813559 -0.05 204 0 0
12.405063 4.322034 -0.05 204 0 0
12.405063 4.830508 -0.05 204 0 0
12.405063 5.338983 -0.05 204 0 0
12.405063 5.847458 -0.05 204 0 0
12.405063 6.355932 -0.05 204 0 0
12.405063 6.864407 -0.05 204 0 0
12.405063 7.372881 -0.05 204 0 0
12.405063 7.881356 -0.05 204 0 0
12.405063 8.389831 -0.05 204 0 0
12.405063 8.898305 -0.05 204 0 0
12.405063 9.40678 -0.05 204 0 0
12.405063 9.915254 -0.05 204 0 0
12.405063 10.423729 -0.05 204 0 0
12.405063 10.932203 -0.05 204 0 0
12.405063 11.440678 -0.05 204 0 0
12.405063 11.949153 -0.05 204 0 0
12.405063 12.457627 -0.05 204 0 0
12.405063 12.966102 -0.05 204 0 0
12.405063 13.474576 -0.05 204 0 0
12.405063 13.983051 -0.05 204 0 0
12.405063 14.491525 -0.05 204 0 0
12.405063 15.0 -0.05 204 0 0
12.911392 -15.0 -0.05 204 0 0
12.911392 -14.491525 -0.05 204 0 0
12.911392 -13.983051 -0.05 204 0 0
12.911392 -13.474576 -0.05 204 0 0
12.911392 -12.966102 -0.05 204 0 0
12.911392 -12.457627 -0.05 204 0 0
12.911392 -11.949153 -0.05 204 0 0
12.911392 -11.440678 -0.05 204 0 0
12.911392 -10.932203 -0.05 204 0 0
12.911392 -10.423729 -0.05 204 0 0
12.911392 -9.915254 -0.05 204 0 0
12.911392 -9.40678 -0.05 204 0 0
12.911392 -8.898305 -0.05 204 0 0
12.911392 -8.389831 -0.05 204 0 0
12.911392 -7.881356 -0.05 204 0 0
12.911392 -7.372881 -0.05 204 0 0
12.911392 -6.864407 -0.05 204 0 0
12.911392 -6.355932 -0.05 204 0 0
12.911392 -5.847458 -0.05 204 0 0
12.911392 -5.338983 -0.05 204 0 0
12.911392 -4.830508 -0.05 204 0 0
12.911392 -4.322034 -0.05 204 0 0
12.911392 -3.813559 -0.05 204 0 0
12.911392 -3.305085 -0.05 204 0 0
12.911392 -2.79661 -0.05 204 0 0
12.911392 -2.288136 -0.05 204 0 0
12.911392 -1.779661 -0.05 204 0 0
12.911392 -1.271186 -0.05 204 0 0
12.911392 -0.762712 -0.05 204 0 0
12.911392 -0.254237 -0.05 204 0 0
12.911392 0.254237 -0.05 204 0 0
12.911392 0.762712 -0.05 204 0 0
12.911392 1.271186 -0.05 204 0 0
12.911392 1.779661 -0.05 204 0 0
12.911392 2.288136 -0.05 204 0 0
12.911392 2.79661 -0.05 204 0 0
12.911392 3.305085 -0.05 204 0 0
12.911392 3.813559 -0.05 204 0 0
12.911392 4.322034 -0.05 204 0 0
12.911392 4.830508 -0.05 204 0 0
12.911392 5.338983 -0.05 204 0 0
12.911392 5.847458 -0.05 204 0 0
12.911392 6.355932 -0.05 204 0 0
12.911392 6.864407 -0.05 204 0 0
12.911392 7.372881 -0.05 204 0 0
12.911392 7.881356 -0.05 204 0 0
12.911392 8.389831 -0.05 204 0 0
12.911392 8.898305 -0.05 204 0 0
12.911392 9.40678 -0.05 204 0 0
12.911392 9.915254 -0.05 204 0 0
12.911392 10.423729 -0.05 204 0 0
12.911392 10.932203 -0.05 204 0 0
12.911392 11.440678 -0.05 204 0 0
12.911392 11.949153 -0.05 204 0 0
12.911392 12.457627 -0.05 204 0 0
12.911392 12.966102 -0.05 204 0 0
12.911392 13.474576 -0.05 204 0 0
12.911392 13.983051 -0.05 204 0 0
12.911392 14.491525 -0.05 204 0 0
12.911392 15.0 -0.05 204 0 0
13.417722 -15.0 -0.05 204 0 0
13.417722 -14.491525 -0.05 204 0 0
13.417722 -13.983051 -0.05 204 0 0
13.417722 -13.474576 -0.05 204 0 0
13.417722 -12.966102 -0.05 204 0 0
13.417722 -12.457627 -0.05 204 0 0
13.417722 -11.949153 -0.05 204 0 0
13.417722 -11.440678 -0.05 204 0 0
13.417722 -10.932203 -0.05 204 0 0
13.417722 -10.423729 -0.05 204 0 0
13.417722 -9.915254 -0.05 204 0 0
13.417722 -9.40678 -0.05 204 0 0
13.417722 -8.898305 -0.05 204 0 0
13.417722 -8.389831 -0.05 204 0 0
13.417722 -7.881356 -0.05 204 0 0
13.417722 -7.372881 -0.05 204 0 0
13.417722 -6.864407 -0.05 204 0 0
13.417722 -6.355932 -0.05 204 0 0
13.417722 -5.847458 -0.05 204 0 0
13.417722 -5.338983 -0.05 204 0 0
13.417722 -4.830508 -0.05 204 0 0
13.417722 -4.322034 -0.05 204 0 0
13.417722 -3.813559 -0.05 204 0 0
13.417722 -3.305085 -0.05 204 0 0
13.417722 -2.79661 -0.05 204 0 0
13.417722 -2.288136 -0.05 204 0 0
13.417722 -1.779661 -0.05 204 0 0
13.417722 -1.271186 -0.05 204 0 0
13.417722 -0.762712 -0.05 204 0 0
13.417722 -0.254237 -0.05 204 0 0
13.417722 0.254237 -0.05 204 0 0
13.417722 0.762712 -0.05 204 0 0
13.417722 1.271186 -0.05 204 0 0
13.417722 1.779661 -0.05 204 0 0
13.417722 2.288136 -0.05 204 0 0
13.417722 2.79661 -0.05 204 0 0
13.417722 3.305085 -0.05 204 0 0
13.417722 3.813559 -0.05 204 0 0
13.417722 4.322034 -0.05 204 0 0
13.417722 4.830508 -0.05 204 0 0
13.417722 5.338983 -0.05 204 0 0
13.417722 5.847458 -0.05 204 0 0
13.417722 6.355932 -0.05 204 0 0
13.417722 6.864407 -0.05 204 0 0
13.417722 7.372881 -0.05 204 0 0
13.417722 7.881356 -0.05 204 0 0
13.417722 8.389831 -0.05 204 0 0
13.417722 8.898305 -0.05 204 0 0
13.417722 9.40678 -0.05 204 0 0
13.417722 9.915254 -0.05 204 0 0
13.417722 10.423729 -0.05 204 0 0
13.417722 10.932203 -0.05 204 0 0
13.417722 11.440678 -0.05 204 0 0
13.417722 11.949153 -0.05 204 0 0
13.417722 12.457627 -0.05 204 0 0
13.417722 12.966102 -0.05 204 0 0
13.417722 13.474576 -0.05 204 0 0
13.417722 13.983051 -0.05 204 0 0
13.417722 14.491525 -0.05 204 0 0
13.417722 15.0 -0.05 204 0 0
13.924051 -15.0 -0.05 204 0 0
13.924051 -14.491525 -0.05 204 0 0
13.924051 -13.983051 -0.05 204 0 0
13.924051 -13.474576 -0.05 204 0 0
13.924051 -12.966102 -0.05 204 0 0
13.924051 -12.457627 -0.05 204 0 0
13.924051 -11.949153 -0.05 204 0 0
13.924051 -11.440678 -0.05 204 0 0
13.924051 -10.932203 -0.05 204 0 0
13.924051 -10.423729 -0.05 204 0 0
13.924051 -9.915254 -0.05 204 0 0
13.924051 -9.40678 -0.05 204 0 0
13.924051 -8.898305 -0.05 204 0 0
13.924051 -8.389831 -0.05 204 0 0
13.924051 -7.881356 -0.05 204 0 0
13.924051 -7.372881 -0.05 204 0 0
13.924051 -6.864407 -0.05 204 0 0
13.924051 -6.355932 -0.05 204 0 0
13.924051 -5.847458 -0.05 204 0 0
13.924051 -5.338983 -0.05 204 0 0
13.924051 -4.830508 -0.05 204 0 0
13.924051 -4.322034 -0.05 204 0 0
13.924051 -3.813559 -0.05 204 0 0
13.924051 -3.305085 -0.05 204 0 0
13.924051 -2.79661 -0.05 204 0 0
13.924051 -2.288136 -0.05 204 0 0
13.924051 -1.779661 -0.05 204 0 0
13.924051 -1.271186 -0.05 204 0 0
13.924051 -0.762712 -0.05 204 0 0
13.924051 -0.254237 -0.05 204 0 0
13.924051 0.254237 -0.05 204 0 0
13.924051 0.762712 -0.05 204 0 0
13.924051 1.271186 -0.05 204 0 0
13.924051 1.779661 -0.05 204 0 0
13.924051 2.288136 -0.05 204 0 0
13.924051 2.79661 -0.05 204 0 0
13.924051 3.305085 -0.05 204 0 0
13.924051 3.813559 -0.05 204 0 0
13.924051 4.322034 -0.05 204 0 0
13.924051 4.830508 -0.05 204 0 0
13.924051 5.338983 -0.05 204 0 0
13.924051 5.847458 -0.05 204 0 0
13.924051 6.355932 -0.05 204 0 0
13.924051 6.864407 -0.05 204 0 0
13.924051 7.372881 -0.05 204 0 0
13.924051 7.881356 -0.05 204 0 0
13.924051 8.389831 -0.05 204 0 0
13.924051 8.898305 -0.05 204 0 0
13.924051 9.40678 -0.05 204 0 0
13.924051 9.915254 -0.05 204 0 0
13.924051 10.423729 -0.05 204 0 0
13.924051 10.932203 -0.05 204 0 0
13.924051 11.440678 -0.05 204 0 0
13.924051 11.949153 -0.05 204 0 0
13.924051 12.457627 -0.05 204 0 0
13.924051 12.966102 -0.05 204 0 0
13.924051 13.474576 -0.05 204 0 0
13.924051 13.983051 -0.05 204 0 0
13.924051 14.491525 -0.05 204 0 0
13.924051 15.0 -0.05 204 0 0
14.43038 -15.0 -0.05 204 0 0
14.43038 -14.491525 -0.05 204 0 0
14.43038 -13.983051 -0.05 204 0 0
14.43038 -13.474576 -0.05 204 0 0
14.43038 -12.966102 -0.05 204 0 0
14.43038 -12.457627 -0.05 204 0 0
14.43038 -11.949153 -0.05 204 0 0
14.43038 -11.440678 -0.05 204 0 0
14.43038 -10.932203 -0.05 204 0 0
14.43038 -10.423729 -0.05 204 0 0
14.43038 -9.915254 -0.05 204 0 0
14.43038 -9.40678 -0.05 204 0 0
14.43038 -8.898305 -0.05 204 0 0
14.43038 -8.389831 -0.05 204 0 0
14.43038 -7.881356 -0.05 204 0 0
14.43038 -7.372881 -0.05 204 0 0
14.43038 -6.864407 -0.05 204 0 0
14.43038 -6.355932 -0.05 204 0 0
14.43038 -5.847458 -0.05 204 0 0
14.43038 -5.338983 -0.05 204 0 0
14.43038 -4.830508 -0.05 204 0 0
14.43038 -4.322034 -0.05 204 0 0
14.43038 -3.813559 -0.05 204 0 0
14.43038 -3.305085 -0.05 204 0 0
14.43038 -2.79661 -0.05 204 0 0
14.43038 -2.288136 -0.05 204 0 0
14.43038 -1.779661 -0.05 204 0 0
14.43038 -1.271186 -0.05 204 0 0
14.43038 -0.762712 -0.05 204 0 0
14.43038 -0.254237 -0.05 204 0 0
14.43038 0.254237 -0.05 204 0 0
14.43038 0.762712 -0.05 204 0 0
14.43038 1.271186 -0.05 204 0 0
14.43038 1.779661 -0.05 204 0 0
14.43038 2.288136 -0.05 204 0 0
14.43038 2.79661 -0.05 204 0 0
14.43038 3.305085 -0.05 204 0 0
14.43038 3.813559 -0.05 204 0 0
14.43038 4.322034 -0.05 204 0 0
14.43038 4.830508 -0.05 204 0 0
14.43038 5.338983 -0.05 204 0 0
14.43038 5.847458 -0.05 204 0 0
14.43038 6.355932 -0.05 204 0 0
14.43038 6.864407 -0.05 204 0 0
14.43038 7.372881 -0.05 204 0 0
14.43038 7.881356 -0.05 204 0 0
14.43038 8.389831 -0.05 204 0 0
14.43038 8.898305 -0.05 204 0 0
14.43038 9.40678 -0.05 204 0 0
14.43038 9.915254 -0.05 204 0 0
14.43038 10.423729 -0.05 204 0 0
14.43038 10.932203 -0.05 204 0 0
14.43038 11.440678 -0.05 204 0 0
14.43038 11.949153 -0.05 204 0 0
14.43038 12.457627 -0.05 204 0 0
14.43038 12.966102 -0.05 204 0 0
14.43038 13.474576 -0.05 204 0 0
14.43038 13.983051 -0.05 204 0 0
14.43038 14.491525 -0.05 204 0 0
14.43038 15.0 -0.05 204 0 0
14.936709 -15.0 -0.05 204 0 0
14.936709 -14.491525 -0.05 204 0 0
14.936709 -13.983051 -0.05 204 0 0
14.936709 -13.474576 -0.05 204 0 0
14.936709 -12.966102 -0.05 204 0 0
14.936709 -12.457627 -0.05 204 0 0
14.936709 -11.949153 -0.05 204 0 0
14.936709 -11.440678 -0.05 204 0 0
14.936709 -10.932203 -0.05 204 0 0
14.936709 -10.423729 -0.05 204 0 0
14.936709 -9.915254 -0.05 204 0 0
14.936709 -9.40678 -0.05 204 0 0
14.936709 -8.898305 -0.05 204 0 0
14.936709 -8.389831 -0.05 204 0 0
14.936709 -7.881356 -0.05 204 0 0
14.936709 -7.372881 -0.05 204 0 0
14.936709 -6.864407 -0.05 204 0 0
14.936709 -6.355932 -0.05 204 0 0
14.936709 -5.847458 -0.05 204 0 0
14.936709 -5.338983 -0.05 204 0 0
14.936709 -4.830508 -0.05 204 0 0
14.936709 -4.322034 -0.05 204 0 0
14.936709 -3.813559 -0.05 204 0 0
14.936709 -3.305085 -0.05 204 0 0
14.936709 -2.79661 -0.05 204 0 0
14.936709 -2.288136 -0.05 204 0 0
14.936709 -1.779661 -0.05 204 0 0
14.936709 -1.271186 -0.05 204 0 0
14.936709 -0.762712 -0.05 204 0 0
14.936709 -0.254237 -0.05 204 0 0
14.936709 0.254237 -0.05 204 0 0
14.936709 0.762712 -0.05 204 0 0
14.936709 1.271186 -0.05 204 0 0
14.936709 1.779661 -0.05 204 0 0
14.936709 2.288136 -0.05 204 0 0
14.936709 2.79661 -0.05 204 0 0
14.936709 3.305085 -0.05 204 0 0
14.936709 3.813559 -0.05 204 0 0
14.936709 4.322034 -0.05 204 0 0
14.936709 4.830508 -0.05 204 0 0
14.936709 5.338983 -0.05 204 0 0
14.936709 5.847458 -0.05 204 0 0
14.936709 6.355932 -0.05 204 0 0
14.936709 6.864407 -0.05 204 0 0
14.936709 7.372881 -0.05 204 0 0
14.936709 7.881356 -0.05 204 0 0
14.936709 8.389831 -0.05 204 0 0
14.936709 8.898305 -0.05 204 0 0
14.936709 9.40678 -0.05 204 0 0
14.936709 9.915254 -0.05 204 0 0
14.936709 10.423729 -0.05 204 0 0
14.936709 10.932203 -0.05 204 0 0
14.936709 11.440678 -0.05 204 0 0
14.936709 11.949153 -0.05 204 0 0
14.936709 12.457627 -0.05 204 0 0
14.936709 12.966102 -0.05 204 0 0
14.936709 13.474576 -0.05 204 0 0
14.936709 13.983051 -0.05 204 0 0
14.936709 14.491525 -0.05 204 0 0
14.936709 15.0 -0.05 204 0 0
15.443038 -15.0 -0.05 204 0 0
15.443038 -14.491525 -0.05 204 0 0
15.443038 -13.983051 -0.05 204 0 0
15.443038 -13.474576 -0.05 204 0 0
15.443038 -12.966102 -0.05 204 0 0
15.443038 -12.457627 -0.05 204 0 0
15.443038 -11.949153 -0.05 204 0 0
15.443038 -11.440678 -0.05 204 0 0
15.443038 -10.932203 -0.05 204 0 0
15.443038 -10.423729 -0.05 204 0 0
15.443038 -9.915254 -0.05 204 0 0
15.443038 -9.40678 -0.05 204 0 0
15.443038 -8.898305 -0.05 204 0 0
15.443038 -8.389831 -0.05 204 0 0
15.443038 -7.881356 -0.05 204 0 0
15.443038 -7.372881 -0.05 204 0 0
15.443038 -6.864407 -0.05 204 0 0
15.443038 -6.355932 -0.05 204 0 0
15.443038 -5.847458 -0.05 204 0 0
15.443038 -5.338983 -0.05 204 0 0
15.443038 -4.830508 -0.05 204 0 0
15.443038 -4.322034 -0.05 204 0 0
15.443038 -3.813559 -0.05 204 0 0
15.443038 -3.305085 -0.05 204 0 0
15.443038 -2.79661 -0.05 204 0 0
15.443038 -2.288136 -0.05 204 0 0
15.443038 -1.779661 -0.05 204 0 0
15.443038 -1.271186 -0.05 204 0 0
15.443038 -0.762712 -0.05 204 0 0
15.443038 -0.254237 -0.05 204 0 0
15.443038 0.254237 -0.05 204 0 0
15.443038 0.762712 -0.05 204 0 0
15.443038 1.271186 -0.05 204 0 0
15.443038 1.779661 -0.05 204 0 0
15.443038 2.288136 -0.05 204 0 0
15.443038 2.79661 -0.05 204 0 0
15.443038 3.305085 -0.05 204 0 0
15.443038 3.813559 -0.05 204 0 0
15.443038 4.322034 -0.05 204 0 0
15.443038 4.830508 -0.05 204 0 0
15.443038 5.338983 -0.05 204 0 0
15.443038 5.847458 -0.05 204 0 0
15.443038 6.355932 -0.05 204 0 0
15.443038 6.864407 -0.05 204 0 0
15.443038 7.372881 -0.05 204 0 0
15.443038 7.881356 -0.05 204 0 0
15.443038 8.389831 -0.05 204 0 0
15.443038 8.898305 -0.05 204 0 0
15.443038 9.40678 -0.05 204 0 0
15.443038 9.915254 -0.05 204 0 0
15.443038 10.423729 -0.05 204 0 0
15.443038 10.932203 -0.05 204 0 0
15.443038 11.440678 -0.05 204 0 0
15.443038 11.949153 -0.05 204 0 0
15.443038 12.457627 -0.05 204 0 0
15.443038 12.966102 -0.05 204 0 0
15.443038 13.474576 -0.05 204 0 0
15.443038 13.983051 -0.05 204 0 0
15.443038 14.491525 -0.05 204 0 0
15.443038 15.0 -0.05 204 0 0
15.949367 -15.0 -0.05 204 0 0
15.949367 -14.491525 -0.05 204 0 0
15.949367 -13.983051 -0.05 204 0 0
15.949367 -13.474576 -0.05 204 0 0
15.949367 -12.966102 -0.05 204 0 0
15.949367 -12.457627 -0.05 204 0 0
15.949367 -11.949153 -0.05 204 0 0
15.949367 -11.440678 -0.05 204 0 0
15.949367 -10.932203 -0.05 204 0 0
15.949367 -10.423729 -0.05 204 0 0
15.949367 -9.915254 -0.05 204 0 0
15.949367 -9.40678 -0.05 204 0 0
15.949367 -8.898305 -0.05 204 0 0
15.949367 -8.389831 -0.05 204 0 0
15.949367 -7.881356 -0.05 204 0 0
15.949367 -7.372881 -0.05 204 0 0
15.949367 -6.864407 -0.05 204 0 0
15.949367 -6.355932 -0.05 204 0 0
15.949367 -5.847458 -0.05 204 0 0
15.949367 -5.338983 -0.05 204 0 0
15.949367 -4.830508 -0.05 204 0 0
15.949367 -4.322034 -0.05 204 0 0
15.949367 -3.813559 -0.05 204 0 0
15.949367 -3.305085 -0.05 204 0 0
15.949367 -2.79661 -0.05 204 0 0
15.949367 -2.288136 -0.05 204 0 0
15.949367 -1.779661 -0.05 204 0 0
15.949367 -1.271186 -0.05 204 0 0
15.949367 -0.762712 -0.05 204 0 0
15.949367 -0.254237 -0.05 204 0 0
15.949367 0.254237 -0.05 204 0 0
15.949367 0.762712 -0.05 204 0 0
15.949367 1.271186 -0.05 204 0 0
15.949367 1.779661 -0.05 204 0 0
15.949367 2.288136 -0.05 204 0 0
15.949367 2.79661 -0.05 204 0 0
15.949367 3.305085 -0.05 204 0 0
15.949367 3.813559 -0.05 204 0 0
15.949367 4.322034 -0.05 204 0 0
15.949367 4.830508 -0.05 204 0 0
15.949367 5.338983 -0.05 204 0 0
15.949367 5.847458 -0.05 204 0 0
15.949367 6.355932 -0.05 204 0 0
15.949367 6.864407 -0.05 204 0 0
15.949367 7.372881 -0.05 204 0 0
15.949367 7.881356 -0.05 204 0 0
15.949367 8.389831 -0.05 204 0 0
15.949367 8.898305 -0.05 204 0 0
15.949367 9.40678 -0.05 204 0 0
15.949367 9.915254 -0.05 204 0 0
15.949367 10.423729 -0.05 204 0 0
15.949367 10.932203 -0.05 204 0 0
15.949367 11.440678 -0.05 204 0 0
15.949367 11.949153 -0.05 204 0 0
15.949367 12.457627 -0.05 204 0 0
15.949367 12.966102 -0.05 204 0 0
15.949367 13.474576 -0.05 204 0 0
15.949367 13.983051 -0.05 204 0 0
15.949367 14.491525 -0.05 204 0 0
15.949367 15.0 -0.05 204 0 0
16.455696 -15.0 -0.05 204 0 0
16.455696 -14.491525 -0.05 204 0 0
16.455696 -13.983051 -0.05 204 0 0
16.455696 -13.474576 -0.05 204 0 0
16.455696 -12.966102 -0.05 204 0 0
16.455696 -12.457627 -0.05 204 0 0
16.455696 -11.949153 -0.05 204 0 0
16.455696 -11.440678 -0.05 204 0 0
16.455696 -10.932203 -0.05 204 0 0
16.455696 -10.423729 -0.05 204 0 0
16.455696 -9.915254 -0.05 204 0 0
16.455696 -9.40678 -0.05 204 0 0
16.455696 -8.898305 -0.05 204 0 0
16.455696 -8.389831 -0.05 204 0 0
16.455696 -7.881356 -0.05 204 0 0
16.455696 -7.372881 -0.05 204 0 0
16.455696 -6.864407 -0.05 204 0 0
16.455696 -6.355932 -0.05 204 0 0
16.455696 -5.847458 -0.05 204 0 0
16.455696 -5.338983 -0.05 204 0 0
16.455696 -4.830508 -0.05 204 0 0
16.455696 -4.322034 -0.05 204 0 0
16.455696 -3.813559 -0.05 204 0 0
16.455696 -3.305085 -0.05 204 0 0
16.455696 -2.79661 -0.05 204 0 0
16.455696 -2.288136 -0.05 204 0 0
16.455696 -1.779661 -0.05 204 0 0
16.455696 -1.271186 -0.05 204 0 0
16.455696 -0.762712 -0.05 204 0 0
16.455696 -0.254237 -0.05 204 0 0
16.455696 0.254237 -0.05 204 0 0
16.455696 0.762712 -0.05 204 0 0
16.455696 1.271186 -0.05 204 0 0
16.455696 1.779661 -0.05 204 0 0
16.455696 2.288136 -0.05 204 0 0
16.455696 2.79661 -0.05 204 0 0
16.455696 3.305085 -0.05 204 0 0
16.455696 3.813559 -0.05 204 0 0
16.455696 4.322034 -0.05 204 0 0
16.455696 4.830508 -0.05 204 0 0
16.455696 5.338983 -0.05 204 0 0
16.455696 5.847458 -0.05 204 0 0
16.455696 6.355932 -0.05 204 0 0
16.455696 6.864407 -0.05 204 0 0
16.455696 7.372881 -0.05 204 0 0
16.455696 7.881356 -0.05 204 0 0
16.455696 8.389831 -0.05 204 0 0
16.455696 8.898305 -0.05 204 0 0
16.455696 9.40678 -0.05 204 0 0
16.455696 9.915254 -0.05 204 0 0
16.455696 10.423729 -0.05 204 0 0
16.455696 10.932203 -0.05 204 0 0
16.455696 11.440678 -0.05 204 0 0
16.455696 11.949153 -0.05 204 0 0
16.455696 12.457627 -0.05 204 0 0
16.455696 12.966102 -0.05 204 0 0
16.455696 13.474576 -0.05 204 0 0
16.455696 13.983051 -0.05 204 0 0
16.455696 14.491525 -0.05 204 0 0
16.455696 15.0 -0.05 204 0 0
16.962025 -15.0 -0.05 204 0 0
16.962025 -14.491525 -0.05 204 0 0
16.962025 -13.983051 -0.05 204 0 0
16.962025 -13.474576 -0.05 204 0 0
16.962025 -12.966102 -0.05 204 0 0
16.962025 -12.457627 -0.05 204 0 0
16.962025 -11.949153 -0.05 204 0 0
16.962025 -11.440678 -0.05 204 0 0
16.962025 -10.932203 -0.05 204 0 0
16.962025 -10.423729 -0.05 204 0 0
16.962025 -9.915254 -0.05 204 0 0
16.962025 -9.40678 -0.05 204 0 0
16.962025 -8.898305 -0.05 204 0 0
16.962025 -8.389831 -0.05 204 0 0
16.962025 -7.881356 -0.05 204 0 0
16.962025 -7.372881 -0.05 204 0 0
16.962025 -6.864407 -0.05 204 0 0
16.962025 -6.355932 -0.05 204 0 0
16.962025 -5.847458 -0.05 204 0 0
16.962025 -5.338983 -0.05 204 0 0
16.962025 -4.830508 -0.05 204 0 0
16.962025 -4.322034 -0.05 204 0 0
16.962025 -3.813559 -0.05 204 0 0
16.962025 -3.305085 -0.05 204 0 0
16.962025 -2.79661 -0.05 204 0 0
16.962025 -2.288136 -0.05 204 0 0
16.962025 -1.779661 -0.05 204 0 0
16.962025 -1.271186 -0.05 204 0 0
16.962025 -0.762712 -0.05 204 0 0
16.962025 -0.254237 -0.05 204 0 0
16.962025 0.254237 -0.05 204 0 0
16.962025 0.762712 -0.05 204 0 0
16.962025 1.271186 -0.05 204 0 0
16.962025 1.779661 -0.05 204 0 0
16.962025 2.288136 -0.05 204 0 0
16.962025 2.79661 -0.05 204 0 0
16.962025 3.305085 -0.05 204 0 0
16.962025 3.813559 -0.05 204 0 0
16.962025 4.322034 -0.05 204 0 0
16.962025 4.830508 -0.05 204 0 0
16.962025 5.338983 -0.05 204 0 0
16.962025 5.847458 -0.05 204 0 0
16.962025 6.355932 -0.05 204 0 0
16.962025 6.864407 -0.05 204 0 0
16.962025 7.372881 -0.05 204 0 0
16.962025 7.881356 -0.05 204 0 0
16.962025 8.389831 -0.05 204 0 0
16.962025 8.898305 -0.05 204 0 0
16.962025 9.40678 -0.05 204 0 0
16.962025 9.915254 -0.05 204 0 0
16.962025 10.423729 -0.05 204 0 0
16.962025 10.932203 -0.05 204 0 0
16.962025 11.440678 -0.05 204 0 0
16.962025 11.949153 -0.05 204 0 0
16.962025 12.457627 -0.05 204 0 0
16.962025 12.966102 -0.05 204 0 0
16.962025 13.474576 -0.05 204 0 0
16.962025 13.983051 -0.05 204 0 0
16.962025 14.491525 -0.05 204 0 0
16.962025 15.0 -0.05 204 0 0
17.468354 -15.0 -0.05 204 0 0
17.468354 -14.491525 -0.05 204 0 0
17.468354 -13.983051 -0.05 204 0 0
17.468354 -13.474576 -0.05 204 0 0
17.468354 -12.966102 -0.05 204 0 0
17.468354 -12.457627 -0.05 204 0 0
17.468354 -11.949153 -0.05 204 0 0
17.468354 -11.440678 -0.05 204 0 0
17.468354 -10.932203 -0.05 204 0 0
17.468354 -10.423729 -0.05 204 0 0
17.468354 -9.915254 -0.05 204 0 0
17.468354 -9.40678 -0.05 204 0 0
17.468354 -8.898305 -0.05 204 0 0
17.468354 -8.389831 -0.05 204 0 0
17.468354 -7.881356 -0.05 204 0 0
17.468354 -7.372881 -0.05 204 0 0
17.468354 -6.864407 -0.05 204 0 0
17.468354 -6.355932 -0.05 204 0 0
17.468354 -5.847458 -0.05 204 0 0
17.468354 -5.338983 -0.05 204 0 0
17.468354 -4.830508 -0.05 204 0 0
17.468354 -4.322034 -0.05 204 0 0
17.468354 -3.813559 -0.05 204 0 0
17.468354 -3.305085 -0.05 204 0 0
17.468354 -2.79661 -0.05 204 0 0
17.468354 -2.288136 -0.05 204 0 0
17.468354 -1.779661 -0.05 204 0 0
17.468354 -1.271186 -0.05 204 0 0
17.468354 -0.762712 -0.05 204 0 0
17.468354 -0.254237 -0.05 204 0 0
17.468354 0.254237 -0.05 204 0 0
17.468354 0.762712 -0.05 204 0 0
17.468354 1.271186 -0.05 204 0 0
17.468354 1.779661 -0.05 204 0 0
17.468354 2.288136 -0.05 204 0 0
17.468354 2.79661 -0.05 204 0 0
17.468354 3.305085 -0.05 204 0 0
17.468354 3.813559 -0.05 204 0 0
17.468354 4.322034 -0.05 204 0 0
17.468354 4.830508 -0.05 204 0 0
17.468354 5.338983 -0.05 204 0 0
17.468354 5.847458 -0.05 204 0 0
17.468354 6.355932 -0.05 204 0 0
17.468354 6.864407 -0.05 204 0 0
17.468354 7.372881 -0.05 204 0 0
17.468354 7.881356 -0.05 204 0 0
17.468354 8.389831 -0.05 204 0 0
17.468354 8.898305 -0.05 204 0 0
17.468354 9.40678 -0.05 204 0 0
17.468354 9.915254 -0.05 204 0 0
17.468354 10.423729 -0.05 204 0 0
17.468354 10.932203 -0.05 204 0 0
17.468354 11.440678 -0.05 204 0 0
17.468354 11.949153 -0.05 204 0 0
17.468354 12.457627 -0.05 204 0 0
17.468354 12.966102 -0.05 204 0 0
17.468354 13.474576 -0.05 204 0 0
17.468354 13.983051 -0.05 204 0 0
17.468354 14.491525 -0.05 204 0 0
17.468354 15.0 -0.05 204 0 0
17.974684 -15.0 -0.05 204 0 0
17.974684 -14.491525 -0.05 204 0 0
17.974684 -13.983051 -0.05 204 0 0
17.974684 -13.474576 -0.05 204 0 0
17.974684 -12.966102 -0.05 204 0 0
17.974684 -12.457627 -0.05 204 0 0
17.974684 -11.949153 -0.05 204 0 0
17.974684 -11.440678 -0.05 204 0 0
17.974684 -10.932203 -0.05 204 0 0
17.974684 -10.423729 -0.05 204 0 0
17.974684 -9.915254 -0.05 204 0 0
17.974684 -9.40678 -0.05 204 0 0
17.974684 -8.898305 -0.05 204 0 0
17.974684 -8.389831 -0.05 204 0 0
17.974684 -7.881356 -0.05 204 0 0
17.974684 -7.372881 -0.05 204 0 0
17.974684 -6.864407 -0.05 204 0 0
17.974684 -6.355932 -0.05 204 0 0
17.974684 -5.847458 -0.05 204 0 0
17.974684 -5.338983 -0.05 204 0 0
17.974684 -4.830508 -0.05 204 0 0
17.974684 -4.322034 -0.05 204 0 0
17.974684 -3.813559 -0.05 204 0 0
17.974684 -3.305085 -0.05 204 0 0
17.974684 -2.79661 -0.05 204 0 0
17.974684 -2.288136 -0.05 204 0 0
17.974684 -1.779661 -0.05 204 0 0
17.974684 -1.271186 -0.05 204 0 0
17.974684 -0.762712 -0.05 204 0 0
17.974684 -0.254237 -0.05 204 0 0
17.974684 0.254237 -0.05 204 0 0
17.974684 0.762712 -0.05 204 0 0
17.974684 1.271186 -0.05 204 0 0
17.974684 1.779661 -0.05 204 0 0
17.974684 2.288136 -0.05 204 0 0
17.974684 2.79661 -0.05 204 0 0
17.974684 3.305085 -0.05 204 0 0
17.974684 3.813559 -0.05 204 0 0
17.974684 4.322034 -0.05 204 0 0
17.974684 4.830508 -0.05 204 0 0
17.974684 5.338983 -0.05 204 0 0
17.974684 5.847458 -0.05 204 0 0
17.974684 6.355932 -0.05 204 0 0
17.974684 6.864407 -0.05 204 0 0
17.974684 7.372881 -0.05 204 0 0
17.974684 7.881356 -0.05 204 0 0
17.974684 8.389831 -0.05 204 0 0
17.974684 8.898305 -0.05 204 0 0
17.974684 9.40678 -0.05 204 0 0
17.974684 9.915254 -0.05 204 0 0
17.974684 10.423729 -0.05 204 0 0
17.974684 10.932203 -0.05 204 0 0
17.974684 11.440678 -0.05 204 0 0
17.974684 11.949153 -0.05 204 0 0
17.974684 12.457627 -0.05 204 0 0
17.974684 12.966102 -0.05 204 0 0
17.974684 13.474576 -0.05 204 0 0
17.974684 13.983051 -0.05 204 0 0
17.974684 14.491525 -0.05 204 0 0
17.974684 15.0 -0.05 204 0 0
18.481013 -15.0 -0.05 204 0 0
18.481013 -14.491525 -0.05 204 0 0
18.481013 -13.983051 -0.05 204 0 0
18.481013 -13.474576 -0.05 204 0 0
18.481013 -12.966102 -0.05 204 0 0
18.481013 -12.457627 -0.05 204 0 0
18.481013 -11.949153 -0.05 204 0 0
18.481013 -11.440678 -0.05 204 0 0
18.481013 -10.932203 -0.05 204 0 0
18.481013 -10.423729 -0.05 204 0 0
18.481013 -9.915254 -0.05 204 0 0
18.481013 -9.40678 -0.05 204 0 0
18.481013 -8.898305 -0.05 204 0 0
18.481013 -8.389831 -0.05 204 0 0
18.481013 -7.881356 -0.05 204 0 0
18.481013 -7.372881 -0.05 204 0 0
18.481013 -6.864407 -0.05 204 0 0
18.481013 -6.355932 -0.05 204 0 0
18.481013 -5.847458 -0.05 204 0 0
18.481013 -5.338983 -0.05 204 0 0
18.481013 -4.830508 -0.05 204 0 0
18.481013 -4.322034 -0.05 204 0 0
18.481013 -3.813559 -0.05 204 0 0
18.481013 -3.305085 -0.05 204 0 0
18.481013 -2.79661 -0.05 204 0 0
18.481013 -2.288136 -0.05 204 0 0
18.481013 -1.779661 -0.05 204 0 0
18.481013 -1.271186 -0.05 204 0 0
18.481013 -0.762712 -0.05 204 0 0
18.481013 -0.254237 -0.05 204 0 0
18.481013 0.254237 -0.05 204 0 0
18.481013 0.762712 -0.05 204 0 0
18.481013 1.271186 -0.05 204 0 0
18.481013 1.779661 -0.05 204 0 0
18.481013 2.288136 -0.05 204 0 0
18.481013 2.79661 -0.05 204 0 0
18.481013 3.305085 -0.05 204 0 0
18.481013 3.813559 -0.05 204 0 0
18.481013 4.322034 -0.05 204 0 0
18.481013 4.830508 -0.05 204 0 0
18.481013 5.338983 -0.05 204 0 0
18.481013 5.847458 -0.05 204 0 0
18.481013 6.355932 -0.05 204 0 0
18.481013 6.864407 -0.05 204 0 0
18.481013 7.372881 -0.05 204 0 0
18.481013 7.881356 -0.05 204 0 0
18.481013 8.389831 -0.05 204 0 0
18.481013 8.898305 -0.05 204 0 0
18.481013 9.40678 -0.05 204 0 0
18.481013 9.915254 -0.05 204 0 0
18.481013 10.423729 -0.05 204 0 0
18.481013 10.932203 -0.05 204 0 0
18.481013 11.440678 -0.05 204 0 0
18.481013 11.949153 -0.05 204 0 0
18.481013 12.457627 -0.05 204 0 0
18.481013 12.966102 -0.05 204 0 0
18.481013 13.474576 -0.05 204 0 0
18.481013 13.983051 -0.05 204 0 0
18.481013 14.491525 -0.05 204 0 0
18.481013 15.0 -0.05 204 0 0
18.987342 -15.0 -0.05 204 0 0
18.987342 -14.491525 -0.05 204 0 0
18.987342 -13.983051 -0.05 204 0 0
18.987342 -13.474576 -0.05 204 0 0
18.987342 -12.966102 -0.05 204 0 0
18.987342 -12.457627 -0.05 204 0 0
18.987342 -11.949153 -0.05 204 0 0
18.987342 -11.440678 -0.05 204 0 0
18.987342 -10.932203 -0.05 204 0 0
18.987342 -10.423729 -0.05 204 0 0
18.987342 -9.915254 -0.05 204 0 0
18.987342 -9.40678 -0.05 204 0 0
18.987342 -8.898305 -0.05 204 0 0
18.987342 -8.389831 -0.05 204 0 0
18.987342 -7.881356 -0.05 204 0 0
18.987342 -7.372881 -0.05 204 0 0
18.987342 -6.864407 -0.05 204 0 0
18.987342 -6.355932 -0.05 204 0 0
18.987342 -5.847458 -0.05 204 0 0
18.987342 -5.338983 -0.05 204 0 0
18.987342 -4.830508 -0.05 204 0 0
18.987342 -4.322034 -0.05 204 0 0
18.987342 -3.813559 -0.05 204 0 0
18.987342 -3.305085 -0.05 204 0 0
18.987342 -2.79661 -0.05 204 0 0
18.987342 -2.288136 -0.05 204 0 0
18.987342 -1.779661 -0.05 204 0 0
18.987342 -1.271186 -0.05 204 0 0
18.987342 -0.762712 -0.05 204 0 0
18.987342 -0.254237 -0.05 204 0 0
18.987342 0.254237 -0.05 204 0 0
18.987342 0.762712 -0.05 204 0 0
18.987342 1.271186 -0.05 204 0 0
18.987342 1.779661 -0.05 204 0 0
18.987342 2.288136 -0.05 204 0 0
18.987342 2.79661 -0.05 204 0 0
18.987342 3.305085 -0.05 204 0 0
18.987342 3.813559 -0.05 204 0 0
18.987342 4.322034 -0.05 204 0 0
18.987342 4.830508 -0.05 204 0 0
18.987342 5.338983 -0.05 204 0 0
18.987342 5.847458 -0.05 204 0 0
18.987342 6.355932 -0.05 204 0 0
18.987342 6.864407 -0.05 204 0 0
18.987342 7.372881 -0.05 204 0 0
18.987342 7.881356 -0.05 204 0 0
18.987342 8.389831 -0.05 204 0 0
18.987342 8.898305 -0.05 204 0 0
18.987342 9.40678 -0.05 204 0 0
18.987342 9.915254 -0.05 204 0 0
18.987342 10.423729 -0.05 204 0 0
18.987342 10.932203 -0.05 204 0 0
18.987342 11.440678 -0.05 204 0 0
18.987342 11.949153 -0.05 204 0 0
18.987342 12.457627 -0.05 204 0 0
18.987342 12.966102 -0.05 204 0 0
18.987342 13.474576 -0.05 204 0 0
18.987342 13.983051 -0.05 204 0 0
18.987342 14.491525 -0.05 204 0 0
18.987342 15.0 -0.05 204 0 0
19.493671 -15.0 -0.05 204 0 0
19.493671 -14.491525 -0.05 204 0 0
19.493671 -13.983051 -0.05 204 0 0
19.493671 -13.474576 -0.05 204 0 0
19.493671 -12.966102 -0.05 204 0 0
19.493671 -12.457627 -0.05 204 0 0
19.493671 -11.949153 -0.05 204 0 0
19.493671 -11.440678 -0.05 204 0 0
19.493671 -10.932203 -0.05 204 0 0
19.493671 -10.423729 -0.05 204 0 0
19.493671 -9.915254 -0.05 204 0 0
19.493671 -9.40678 -0.05 204 0 0
19.493671 -8.898305 -0.05 204 0 0
19.493671 -8.389831 -0.05 204 0 0
19.493671 -7.881356 -0.05 204 0 0
19.493671 -7.372881 -0.05 204 0 0
19.493671 -6.864407 -0.05 204 0 0
19.493671 -6.355932 -0.05 204 0 0
19.493671 -5.847458 -0.05 204 0 0
19.493671 -5.338983 -0.05 204 0 0
19.493671 -4.830508 -0.05 204 0 0
19.493671 -4.322034 -0.05 204 0 0
19.493671 -3.813559 -0.05 204 0 0
19.493671 -3.305085 -0.05 204 0 0
19.493671 -2.79661 -0.05 204 0 0
19.493671 -2.288136 -0.05 204 0 0
19.493671 -1.779661 -0.05 204 0 0
19.493671 -1.271186 -0.05 204 0 0
19.493671 -0.762712 -0.05 204 0 0
19.493671 -0.254237 -0.05 204 0 0
19.493671 0.254237 -0.05 204 0 0
19.493671 0.762712 -0.05 204 0 0
19.493671 1.271186 -0.05 204 0 0
19.493671 1.779661 -0.05 204 0 0
19.493671 2.288136 -0.05 204 0 0
19.493671 2.79661 -0.05 204 0 0
19.493671 3.305085 -0.05 204 0 0
19.493671 3.813559 -0.05 204 0 0
19.493671 4.322034 -0.05 204 0 0
19.493671 4.830508 -0.05 204 0 0
19.493671 5.338983 -0.05 204 0 0
19.493671 5.847458 -0.05 204 0 0
19.493671 6.355932 -0.05 204 0 0
19.493671 6.864407 -0.05 204 0 0
19.493671 7.372881 -0.05 204 0 0
19.493671 7.881356 -0.05 204 0 0
19.493671 8.389831 -0.05 204 0 0
19.493671 8.898305 -0.05 204 0 0
19.493671 9.40678 -0.05 204 0 0
19.493671 9.915254 -0.05 204 0 0
19.493671 10.423729 -0.05 204 0 0
19.493671 10.932203 -0.05 204 0 0
19.493671 11.440678 -0.05 204 0 0
19.493671 11.949153 -0.05 204 0 0
19.493671 12.457627 -0.05 204 0 0
19.493671 12.966102 -0.05 204 0 0
19.493671 13.474576 -0.05 204 0 0
19.493671 13.983051 -0.05 204 0 0
19.493671 14.491525 -0.05 204 0 0
19.493671 15.0 -0.05 204 0 0
20.0 -15.0 -0.05 204 0 0
20.0 -14.491525 -0.05 204 0 0
20.0 -13.983051 -0.05 204 0 0
20.0 -13.474576 -0.05 204 0 0
20.0 -12.966102 -0.05 204 0 0
20.0 -12.457627 -0.05 204 0 0
20.0 -11.949153 -0.05 204 0 0
20.0 -11.440678 -0.05 204 0 0
20.0 -10.932203 -0.05 204 0 0
20.0 -10.423729 -0.05 204 0 0
20.0 -9.915254 -0.05 204 0 0
20.0 -9.40678 -0.05 204 0 0
20.0 -8.898305 -0.05 204 0 0
20.0 -8.389831 -0.05 204 0 0
20.0 -7.881356 -0.05 204 0 0
20.0 -7.372881 -0.05 204 0 0
20.0 -6.864407 -0.05 204 0 0
20.0 -6.355932 -0.05 204 0 0
20.0 -5.847458 -0.05 204 0 0
20.0 -5.338983 -0.05 204 0 0
20.0 -4.830508 -0.05 204 0 0
20.0 -4.322034 -0.05 204 0 0
20.0 -3.813559 -0.05 204 0 0
20.0 -3.305085 -0.05 204 0 0
20.0 -2.79661 -0.05 204 0 0
20.0 -2.288136 -0.05 204 0 0
20.0 -1.779661 -0.05 204 0 0
20.0 -1.271186 -0.05 204 0 0
20.0 -0.762712 -0.05 204 0 0
20.0 -0.254237 -0.05 204 0 0
20.0 0.254237 -0.05 204 0 0
20.0 0.762712 -0.05 204 0 0
20.0 1.271186 -0.05 204 0 0
20.0 1.779661 -0.05 204 0 0
20.0 2.288136 -0.05 204 0 0
20.0 2.79661 -0.05 204 0 0
20.0 3.305085 -0.05 204 0 0
20.0 3.813559 -0.05 204 0 0
20.0 4.322034 -0.05 204 0 0
20.0 4.830508 -0.05 204 0 0
20.0 5.338983 -0.05 204 0 0
20.0 5.847458 -0.05 204 0 0
20.0 6.355932 -0.05 204 0 0
20.0 6.864407 -0.05 204 0 0
20.0 7.372881 -0.05 204 0 0
20.0 7.881356 -0.05 204 0 0
20.0 8.389831 -0.05 204 0 0
20.0 8.898305 -0.05 204 0 0
20.0 9.40678 -0.05 204 0 0
20.0 9.915254 -0.05 204 0 0
20.0 10.423729 -0.05 204 0 0
20.0 10.932203 -0.05 204 0 0
20.0 11.440678 -0.05 204 0 0
20.0 11.949153 -0.05 204 0 0
20.0 12.457627 -0.05 204 0 0
20.0 12.966102 -0.05 204 0 0
20.0 13.474576 -0.05 204 0 0
20.0 13.983051 -0.05 204 0 0
20.0 14.491525 -0.05 204 0 0
20.0 15.0 -0.05 204 0 0
20.0 14.9 0.0 204 0 0
20.0 14.9 0.545455 204 0 0
20.0 14.9 1.090909 204 0 0
20.0 14.9 1.636364 204 0 0
20.0 14.9 2.181818 204 0 0
20.0 14.9 2.727273 204 0 0
20.0 14.9 3.272727 204 0 0
20.0 14.9 3.818182 204 0 0
20.0 14.9 4.363636 204 0 0
20.0 14.9 4.909091 204 0 0
20.0 14.9 5.454545 204 0 0
20.0 14.9 6.0 204 0 0
20.0 15.1 0.0 204 0 0
20.0 15.1 0.545455 204 0 0
20.0 15.1 1.090909 204 0 0
20.0 15.1 1.636364 204 0 0
20.0 15.1 2.181818 204 0 0
20.0 15.1 2.727273 204 0 0
20.0 15.1 3.272727 204 0 0
20.0 15.1 3.818182 204 0 0
20.0 15.1 4.363636 204 0 0
20.0 15.1 4.909091 204 0 0
20.0 15.1 5.454545 204 0 0
20.0 15.1 6.0 204 0 0
-20.0 14.9 0.0 204 0 0
-20.0 14.9 0.545455 204 0 0
-20.0 14.9 1.090909 204 0 0
-20.0 14.9 1.636364 204 0 0
-20.0 14.9 2.181818 204 0 0
-20.0 14.9 2.727273 204 0 0
-20.0 14.9 3.272727 204 0 0
-20.0 14.9 3.818182 204 0 0
-20.0 14.9 4.363636 204 0 0
-20.0 14.9 4.909091 204 0 0
-20.0 14.9 5.454545 204 0 0
-20.0 14.9 6.0 204 0 0
-20.0 15.1 0.0 204 0 0
-20.0 15.1 0.545455 204 0 0
-20.0 15.1 1.090909 204 0 0
-20.0 15.1 1.636364 204 0 0
-20.0 15.1 2.181818 204 0 0
-20.0 15.1 2.727273 204 0 0
-20.0 15.1 3.272727 204 0 0
-20.0 15.1 3.818182 204 0 0
-20.0 15.1 4.363636 204 0 0
-20.0 15.1 4.909091 204 0 0
-20.0 15.1 5.454545 204 0 0
-20.0 15.1 6.0 204 0 0
-20.0 15.1 0.0 204 0 0
-20.0 15.1 0.545455 204 0 0
-20.0 15.1 1.090909 204 0 0
-20.0 15.1 1.636364 204 0 0
-20.0 15.1 2.181818 204 0 0
-20.0 15.1 2.727273 204 0 0
-20.0 15.1 3.272727 204 0 0
-20.0 15.1 3.818182 204 0 0
-20.0 15.1 4.363636 204 0 0
-20.0 15.1 4.909091 204 0 0
-20.0 15.1 5.454545 204 0 0
-20.0 15.1 6.0 204 0 0
-19.493671 15.1 0.0 204 0 0
-19.493671 15.1 0.545455 204 0 0
-19.493671 15.1 1.090909 204 0 0
-19.493671 15.1 1.636364 204 0 0
-19.493671 15.1 2.181818 204 0 0
-19.493671 15.1 2.727273 204 0 0
-19.493671 15.1 3.272727 204 0 0
-19.493671 15.1 3.818182 204 0 0
-19.493671 15.1 4.363636 204 0 0
-19.493671 15.1 4.909091 204 0 0
-19.493671 15.1 5.454545 204 0 0
-19.493671 15.1 6.0 204 0 0
-18.987342 15.1 0.0 204 0 0
-18.987342 15.1 0.545455 204 0 0
-18.987342 15.1 1.090909 204 0 0
-18.987342 15.1 1.636364 204 0 0
-18.987342 15.1 2.181818 204 0 0
-18.987342 15.1 2.727273 204 0 0
-18.987342 15.1 3.272727 204 0 0
-18.987342 15.1 3.818182 204 0 0
-18.987342 15.1 4.363636 204 0 0
-18.987342 15.1 4.909091 204 0 0
-18.987342 15.1 5.454545 204 0 0
-18.987342 15.1 6.0 204 0 0
-18.481013 15.1 0.0 204 0 0
-18.481013 15.1 0.545455 204 0 0
-18.481013 15.1 1.090909 204 0 0
-18.481013 15.1 1.636364 204 0 0
-18.481013 15.1 2.181818 204 0 0
-18.481013 15.1 2.727273 204 0 0
-18.481013 15.1 3.272727 204 0 0
-18.481013 15.1 3.818182 204 0 0
-18.481013 15.1 4.363636 204 0 0
-18.481013 15.1 4.909091 204 0 0
-18.481013 15.1 5.454545 204 0 0
-18.481013 15.1 6.0 204 0 0
-17.974684 15.1 0.0 204 0 0
-17.974684 15.1 0.545455 204 0 0
-17.974684 15.1 1.090909 204 0 0
-17.974684 15.1 1.636364 204 0 0
-17.974684 15.1 2.181818 204 0 0
-17.974684 15.1 2.727273 204 0 0
-17.974684 15.1 3.272727 204 0 0
-17.974684 15.1 3.818182 204 0 0
-17.974684 15.1 4.363636 204 0 0
-17.974684 15.1 4.909091 204 0 0
-17.974684 15.1 5.454545 204 0 0
-17.974684 15.1 6.0 204 0 0
-17.468354 15.1 0.0 204 0 0
-17.468354 15.1 0.545455 204 0 0
-17.468354 15.1 1.090909 204 0 0
-17.468354 15.1 1.636364 204 0 0
-17.468354 15.1 2.181818 204 0 0
-17.468354 15.1 2.727273 204 0 0
-17.468354 15.1 3.272727 204 0 0
-17.468354 15.1 3.818182 204 0 0
-17.468354 15.1 4.363636 204 0 0
-17.468354 15.1 4.909091 204 0 0
-17.468354 15.1 5.454545 204 0 0
-17.468354 15.1 6.0 204 0 0
-16.962025 15.1 0.0 204 0 0
-16.962025 15.1 0.545455 204 0 0
-16.962025 15.1 1.090909 204 0 0
-16.962025 15.1 1.636364 204 0 0
-16.962025 15.1 2.181818 204 0 0
-16.962025 15.1 2.727273 204 0 0
-16.962025 15.1 3.272727 204 0 0
-16.962025 15.1 3.818182 204 0 0
-16.962025 15.1 4.363636 204 0 0
-16.962025 15.1 4.909091 204 0 0
-16.962025 15.1 5.454545 204 0 0
-16.962025 15.1 6.0 204 0 0
-16.455696 15.1 0.0 204 0 0
-16.455696 15.1 0.545455 204 0 0
-16.455696 15.1 1.090909 204 0 0
-16.455696 15.1 1.636364 204 0 0
-16.455696 15.1 2.181818 204 0 0
-16.455696 15.1 2.727273 204 0 0
-16.455696 15.1 3.272727 204 0 0
-16.455696 15.1 3.818182 204 0 0
-16.455696 15.1 4.363636 204 0 0
-16.455696 15.1 4.909091 204 0 0
-16.455696 15.1 5.454545 204 0 0
-16.455696 15.1 6.0 204 0 0
-15.949367 15.1 0.0 204 0 0
-15.949367 15.1 0.545455 204 0 0
-15.949367 15.1 1.090909 204 0 0
-15.949367 15.1 1.636364 204 0 0
-15.949367 15.1 2.181818 204 0 0
-15.949367 15.1 2.727273 204 0 0
-15.949367 15.1 3.272727 204 0 0
-15.949367 15.1 3.818182 204 0 0
-15.949367 15.1 4.363636 204 0 0
-15.949367 15.1 4.909091 204 0 0
-15.949367 15.1 5.454545 204 0 0
-15.949367 15.1 6.0 204 0 0
-15.443038 15.1 0.0 204 0 0
-15.443038 15.1 0.545455 204 0 0
-15.443038 15.1 1.090909 204 0 0
-15.443038 15.1 1.636364 204 0 0
-15.443038 15.1 2.181818 204 0 0
-15.443038 15.1 2.727273 204 0 0
-15.443038 15.1 3.272727 204 0 0
-15.443038 15.1 3.818182 204 0 0
-15.443038 15.1 4.363636 204 0 0
-15.443038 15.1 4.909091 204 0 0
-15.443038 15.1 5.454545 204 0 0
-15.443038 15.1 6.0 204 0 0
-14.936709 15.1 0.0 204 0 0
-14.936709 15.1 0.545455 204 0 0
-14.936709 15.1 1.090909 204 0 0
-14.936709 15.1 1.636364 204 0 0
-14.936709 15.1 2.181818 204 0 0
-14.936709 15.1 2.727273 204 0 0
-14.936709 15.1 3.272727 204 0 0
-14.936709 15.1 3.818182 204 0 0
-14.936709 15.1 4.363636 204 0 0
-14.936709 15.1 4.909091 204 0 0
-14.936709 15.1 5.454545 204 0 0
-14.936709 15.1 6.0 204 0 0
-14.43038 15.1 0.0 204 0 0
-14.43038 15.1 0.545455 204 0 0
-14.43038 15.1 1.090909 204 0 0
-14.43038 15.1 1.636364 204 0 0
-14.43038 15.1 2.181818 204 0 0
-14.43038 15.1 2.727273 204 0 0
-14.43038 15.1 3.272727 204 0 0
-14.43038 15.1 3.818182 204 0 0
-14.43038 15.1 4.363636 204 0 0
-14.43038 15.1 4.909091 204 0 0
-14.43038 15.1 5.454545 204 0 0
-14.43038 15.1 6.0 204 0 0
-13.924051 15.1 0.0 204 0 0
-13.924051 15.1 0.545455 204 0 0
-13.924051 15.1 1.090909 204 0 0
-13.924051 15.1 1.636364 204 0 0
-13.924051 15.1 2.181818 204 0 0
-13.924051 15.1 2.727273 204 0 0
-13.924051 15.1 3.272727 204 0 0
-13.924051 15.1 3.818182 204 0 0
-13.924051 15.1 4.363636 204 0 0
-13.924051 15.1 4.909091 204 0 0
-13.924051 15.1 5.454545 204 0 0
-13.924051 15.1 6.0 204 0 0
-13.417722 15.1 0.0 204 0 0
-13.417722 15.1 0.545455 204 0 0
-13.417722 15.1 1.090909 204 0 0
-13.417722 15.1 1.636364 204 0 0
-13.417722 15.1 2.181818 204 0 0
-13.417722 15.1 2.727273 204 0 0
-13.417722 15.1 3.272727 204 0 0
-13.417722 15.1 3.818182 204 0 0
-13.417722 15.1 4.363636 204 0 0
-13.417722 15.1 4.909091 204 0 0
-13.417722 15.1 5.454545 204 0 0
-13.417722 15.1 6.0 204 0 0
-12.911392 15.1 0.0 204 0 0
-12.911392 15.1 0.545455 204 0 0
-12.911392 15.1 1.090909 204 0 0
-12.911392 15.1 1.636364 204 0 0
-12.911392 15.1 2.181818 204 0 0
-12.911392 15.1 2.727273 204 0 0
-12.911392 15.1 3.272727 204 0 0
-12.911392 15.1 3.818182 204 0 0
-12.911392 15.1 4.363636 204 0 0
-12.911392 15.1 4.909091 204 0 0
-12.911392 15.1 5.454545 204 0 0
-12.911392 15.1 6.0 204 0 0
-12.405063 15.1 0.0 204 0 0
-12.405063 15.1 0.545455 204 0 0
-12.405063 15.1 1.090909 204 0 0
-12.405063 15.1 1.636364 204 0 0
-12.405063 15.1 2.181818 204 0 0
-12.405063 15.1 2.727273 204 0 0
-12.405063 15.1 3.272727 204 0 0
-12.405063 15.1 3.818182 204 0 0
-12.405063 15.1 4.363636 204 0 0
-12.405063 15.1 4.909091 204 0 0
-12.405063 15.1 5.454545 204 0 0
-12.405063 15.1 6.0 204 0 0
-11.898734 15.1 0.0 204 0 0
-11.898734 15.1 0.545455 204 0 0
-11.898734 15.1 1.090909 204 0 0
-11.898734 15.1 1.636364 204 0 0
-11.898734 15.1 2.181818 204 0 0
-11.898734 15.1 2.727273 204 0 0
-11.898734 15.1 3.272727 204 0 0
-11.898734 15.1 3.818182 204 0 0
-11.898734 15.1 4.363636 204 0 0
-11.898734 15.1 4.909091 204 0 0
-11.898734 15.1 5.454545 204 0 0
-11.898734 15.1 6.0 204 0 0
-11.392405 15.1 0.0 204 0 0
-11.392405 15.1 0.545455 204 0 0
-11.392405 15.1 1.090909 204 0 0
-11.392405 15.1 1.636364 204 0 0
-11.392405 15.1 2.181818 204 0 0
-11.392405 15.1 2.727273 204 0 0
-11.392405 15.1 3.272727 204 0 0
-11.392405 15.1 3.818182 204 0 0
-11.392405 15.1 4.363636 204 0 0
-11.392405 15.1 4.909091 204 0 0
-11.392405 15.1 5.454545 204 0 0
-11.392405 15.1 6.0 204 0 0
-10.886076 15.1 0.0 204 0 0
-10.886076 15.1 0.545455 204 0 0
-10.886076 15.1 1.090909 204 0 0
-10.886076 15.1 1.636364 204 0 0
-10.886076 15.1 2.181818 204 0 0
-10.886076 15.1 2.727273 204 0 0
-10.886076 15.1 3.272727 204 0 0
-10.886076 15.1 3.818182 204 0 0
-10.886076 15.1 4.363636 204 0 0
-10.886076 15.1 4.909091 204 0 0
-10.886076 15.1 5.454545 204 0 0
-10.886076 15.1 6.0 204 0 0
-10.379747 15.1 0.0 204 0 0
-10.379747 15.1 0.545455 204 0 0
-10.379747 15.1 1.090909 204 0 0
-10.379747 15.1 1.636364 204 0 0
-10.379747 15.1 2.181818 204 0 0
-10.379747 15.1 2.727273 204 0 0
-10.379747 15.1 3.272727 204 0 0
-10.379747 15.1 3.818182 204 0 0
-10.379747 15.1 4.363636 204 0 0
-10.379747 15.1 4.909091 204 0 0
-10.379747 15.1 5.454545 204 0 0
-10.379747 15.1 6.0 204 0 0
-9.873418 15.1 0.0 204 0 0
-9.873418 15.1 0.545455 204 0 0
-9.873418 15.1 1.090909 204 0 0
-9.873418 15.1 1.636364 204 0 0
-9.873418 15.1 2.181818 204 0 0
-9.873418 15.1 2.727273 204 0 0
-9.873418 15.1 3.272727 204 0 0
-9.873418 15.1 3.818182 204 0 0
-9.873418 15.1 4.363636 204 0 0
-9.873418 15.1 4.909091 204 0 0
-9.873418 15.1 5.454545 204 0 0
-9.873418 15.1 6.0 204 0 0
-9.367089 15.1 0.0 204 0 0
-9.367089 15.1 0.545455 204 0 0
-9.367089 15.1 1.090909 204 0 0
-9.367089 15.1 1.636364 204 0 0
-9.367089 15.1 2.181818 204 0 0
-9.367089 15.1 2.727273 204 0 0
-9.367089 15.1 3.272727 204 0 0
-9.367089 15.1 3.818182 204 0 0
-9.367089 15.1 4.363636 204 0 0
-9.367089 15.1 4.909091 204 0 0
-9.367089 15.1 5.454545 204 0 0
-9.367089 15.1 6.0 204 0 0
-8.860759 15.1 0.0 204 0 0
-8.860759 15.1 0.545455 204 0 0
-8.860759 15.1 1.090909 204 0 0
-8.860759 15.1 1.636364 204 0 0
-8.860759 15.1 2.181818 204 0 0
-8.860759 15.1 2.727273 204 0 0
-8.860759 15.1 3.272727 204 0 0
-8.860759 15.1 3.818182 204 0 0
-8.860759 15.1 4.363636 204 0 0
-8.860759 15.1 4.909091 204 0 0
-8.860759 15.1 5.454545 204 0 0
-8.860759 15.1 6.0 204 0 0
-8.35443 15.1 0.0 204 0 0
-8.35443 15.1 0.545455 204 0 0
-8.35443 15.1 1.090909 204 0 0
-8.35443 15.1 1.636364 204 0 0
-8.35443 15.1 2.181818 204 0 0
-8.35443 15.1 2.727273 204 0 0
-8.35443 15.1 3.272727 204 0 0
-8.35443 15.1 3.818182 204 0 0
-8.35443 15.1 4.363636 204 0 0
-8.35443 15.1 4.909091 204 0 0
-8.35443 15.1 5.454545 204 0 0
-8.35443 15.1 6.0 204 0 0
-7.848101 15.1 0.0 204 0 0
-7.848101 15.1 0.545455 204 0 0
-7.848101 15.1 1.090909 204 0 0
-7.848101 15.1 1.636364 204 0 0
-7.848101 15.1 2.181818 204 0 0
-7.848101 15.1 2.727273 204 0 0
-7.848101 15.1 3.272727 204 0 0
-7.848101 15.1 3.818182 204 0 0
-7.848101 15.1 4.363636 204 0 0
-7.848101 15.1 4.909091 204 0 0
-7.848101 15.1 5.454545 204 0 0
-7.848101 15.1 6.0 204 0 0
-7.341772 15.1 0.0 204 0 0
-7.341772 15.1 0.545455 204 0 0
-7.341772 15.1 1.090909 204 0 0
-7.341772 15.1 1.636364 204 0 0
-7.341772 15.1 2.181818 204 0 0
-7.341772 15.1 2.727273 204 0 0
-7.341772 15.1 3.272727 204 0 0
-7.341772 15.1 3.818182 204 0 0
-7.341772 15.1 4.363636 204 0 0
-7.341772 15.1 4.909091 204 0 0
-7.341772 15.1 5.454545 204 0 0
-7.341772 15.1 6.0 204 0 0
-6.835443 15.1 0.0 204 0 0
-6.835443 15.1 0.545455 204 0 0
-6.835443 15.1 1.090909 204 0 0
-6.835443 15.1 1.636364 204 0 0
-6.835443 15.1 2.181818 204 0 0
-6.835443 15.1 2.727273 204 0 0
-6.835443 15.1 3.272727 204 0 0
-6.835443 15.1 3.818182 204 0 0
-6.835443 15.1 4.363636 204 0 0
-6.835443 15.1 4.909091 204 0 0
-6.835443 15.1 5.454545 204 0 0
-6.835443 15.1 6.0 204 0 0
-6.329114 15.1 0.0 204 0 0
-6.329114 15.1 0.545455 204 0 0
-6.329114 15.1 1.090909 204 0 0
-6.329114 15.1 1.636364 204 0 0
-6.329114 15.1 2.181818 204 0 0
-6.329114 15.1 2.727273 204 0 0
-6.329114 15.1 3.272727 204 0 0
-6.329114 15.1 3.818182 204 0 0
-6.329114 15.1 4.363636 204 0 0
-6.329114 15.1 4.909091 204 0 0
-6.329114 15.1 5.454545 204 0 0
-6.329114 15.1 6.0 204 0 0
-5.822785 15.1 0.0 204 0 0
-5.822785 15.1 0.545455 204 0 0
-5.822785 15.1 1.090909 204 0 0
-5.822785 15.1 1.636364 204 0 0
-5.822785 15.1 2.181818 204 0 0
-5.822785 15.1 2.727273 204 0 0
-5.822785 15.1 3.272727 204 0 0
-5.822785 15.1 3.818182 204 0 0
-5.822785 15.1 4.363636 204 0 0
-5.822785 15.1 4.909091 204 0 0
-5.822785 15.1 5.454545 204 0 0
-5.822785 15.1 6.0 204 0 0
-5.316456 15.1 0.0 204 0 0
-5.316456 15.1 0.545455 204 0 0
-5.316456 15.1 1.090909 204 0 0
-5.316456 15.1 1.636364 204 0 0
-5.316456 15.1 2.181818 204 0 0
-5.316456 15.1 2.727273 204 0 0
-5.316456 15.1 3.272727 204 0 0
-5.316456 15.1 3.818182 204 0 0
-5.316456 15.1 4.363636 204 0 0
-5.316456 15.1 4.909091 204 0 0
-5.316456 15.1 5.454545 204 0 0
-5.316456 15.1 6.0 204 0 0
-4.810127 15.1 0.0 204 0 0
-4.810127 15.1 0.545455 204 0 0
-4.810127 15.1 1.090909 204 0 0
-4.810127 15.1 1.636364 204 0 0
-4.810127 15.1 2.181818 204 0 0
-4.810127 15.1 2.727273 204 0 0
-4.810127 15.1 3.272727 204 0 0
-4.810127 15.1 3.818182 204 0 0
-4.810127 15.1 4.363636 204 0 0
-4.810127 15.1 4.909091 204 0 0
-4.810127 15.1 5.454545 204 0 0
-4.810127 15.1 6.0 204 0 0
-4.303797 15.1 0.0 204 0 0
-4.303797 15.1 0.545455 204 0 0
-4.303797 15.1 1.090909 204 0 0
-4.303797 15.1 1.636364 204 0 0
-4.303797 15.1 2.181818 204 0 0
-4.303797 15.1 2.727273 204 0 0
-4.303797 15.1 3.272727 204 0 0
-4.303797 15.1 3.818182 204 0 0
-4.303797 15.1 4.363636 204 0 0
-4.303797 15.1 4.909091 204 0 0
-4.303797 15.1 5.454545 204 0 0
-4.303797 15.1 6.0 204 0 0
-3.797468 15.1 0.0 204 0 0
-3.797468 15.1 0.545455 204 0 0
-3.797468 15.1 1.090909 204 0 0
-3.797468 15.1 1.636364 204 0 0
-3.797468 15.1 2.181818 204 0 0
-3.797468 15.1 2.727273 204 0 0
-3.797468 15.1 3.272727 204 0 0
-3.797468 15.1 3.818182 204 0 0
-3.797468 15.1 4.363636 204 0 0
-3.797468 15.1 4.909091 204 0 0
-3.797468 15.1 5.454545 204 0 0
-3.797468 15.1 6.0 204 0 0
-3.291139 15.1 0.0 204 0 0
-3.291139 15.1 0.545455 204 0 0
-3.291139 15.1 1.090909 204 0 0
-3.291139 15.1 1.636364 204 0 0
-3.291139 15.1 2.181818 204 0 0
-3.291139 15.1 2.727273 204 0 0
-3.291139 15.1 3.272727 204 0 0
-3.291139 15.1 3.818182 204 0 0
-3.291139 15.1 4.363636 204 0 0
-3.291139 15.1 4.909091 204 0 0
-3.291139 15.1 5.454545 204 0 0
-3.291139 15.1 6.0 204 0 0
-2.78481 15.1 0.0 204 0 0
-2.78481 15.1 0.545455 204 0 0
-2.78481 15.1 1.090909 204 0 0
-2.78481 15.1 1.636364 204 0 0
-2.78481 15.1 2.181818 204 0 0
-2.78481 15.1 2.727273 204 0 0
-2.78481 15.1 3.272727 204 0 0
-2.78481 15.1 3.818182 204 0 0
-2.78481 15.1 4.363636 204 0 0
-2.78481 15.1 4.909091 204 0 0
-2.78481 15.1 5.454545 204 0 0
-2.78481 15.1 6.0 204 0 0
-2.278481 15.1 0.0 204 0 0
-2.278481 15.1 0.545455 204 0 0
-2.278481 15.1 1.090909 204 0 0
-2.278481 15.1 1.636364 204 0 0
-2.278481 15.1 2.181818 204 0 0
-2.278481 15.1 2.727273 204 0 0
-2.278481 15.1 3.272727 204 0 0
-2.278481 15.1 3.818182 204 0 0
-2.278481 15.1 4.363636 204 0 0
-2.278481 15.1 4.909091 204 0 0
-2.278481 15.1 5.454545 204 0 0
-2.278481 15.1 6.0 204 0 0
-1.772152 15.1 0.0 204 0 0
-1.772152 15.1 0.545455 204 0 0
-1.772152 15.1 1.090909 204 0 0
-1.772152 15.1 1.636364 204 0 0
-1.772152 15.1 2.181818 204 0 0
-1.772152 15.1 2.727273 204 0 0
-1.772152 15.1 3.272727 204 0 0
-1.772152 15.1 3.818182 204 0 0
-1.772152 15.1 4.363636 204 0 0
-1.772152 15.1 4.909091 204 0 0
-1.772152 15.1 5.454545 204 0 0
-1.772152 15.1 6.0 204 0 0
-1.265823 15.1 0.0 204 0 0
-1.265823 15.1 0.545455 204 0 0
-1.265823 15.1 1.090909 204 0 0
-1.265823 15.1 1.636364 204 0 0
-1.265823 15.1 2.181818 204 0 0
-1.265823 15.1 2.727273 204 0 0
-1.265823 15.1 3.272727 204 0 0
-1.265823 15.1 3.818182 204 0 0
-1.265823 15.1 4.363636 204 0 0
-1.265823 15.1 4.909091 204 0 0
-1.265823 15.1 5.454545 204 0 0
-1.265823 15.1 6.0 204 0 0
-0.759494 15.1 0.0 204 0 0
-0.759494 15.1 0.545455 204 0 0
-0.759494 15.1 1.090909 204 0 0
-0.759494 15.1 1.636364 204 0 0
-0.759494 15.1 2.181818 204 0 0
-0.759494 15.1 2.727273 204 0 0
-0.759494 15.1 3.272727 204 0 0
-0.759494 15.1 3.818182 204 0 0
-0.759494 15.1 4.363636 204 0 0
-0.759494 15.1 4.909091 204 0 0
-0.759494 15.1 5.454545 204 0 0
-0.759494 15.1 6.0 204 0 0
-0.253165 15.1 0.0 204 0 0
-0.253165 15.1 0.545455 204 0 0
-0.253165 15.1 1.090909 204 0 0
-0.253165 15.1 1.636364 204 0 0
-0.253165 15.1 2.181818 204 0 0
-0.253165 15.1 2.727273 204 0 0
-0.253165 15.1 3.272727 204 0 0
-0.253165 15.1 3.818182 204 0 0
-0.253165 15.1 4.363636 204 0 0
-0.253165 15.1 4.909091 204 0 0
-0.253165 15.1 5.454545 204 0 0
-0.253165 15.1 6.0 204 0 0
0.253165 15.1 0.0 204 0 0
0.253165 15.1 0.545455 204 0 0
0.253165 15.1 1.090909 204 0 0
0.253165 15.1 1.636364 204 0 0
0.253165 15.1 2.181818 204 0 0
0.253165 15.1 2.727273 204 0 0
0.253165 15.1 3.272727 204 0 0
0.253165 15.1 3.818182 204 0 0
0.253165 15.1 4.363636 204 0 0
0.253165 15.1 4.909091 204 0 0
0.253165 15.1 5.454545 204 0 0
0.253165 15.1 6.0 204 0 0
0.759494 15.1 0.0 204 0 0
0.759494 15.1 0.545455 204 0 0
0.759494 15.1 1.090909 204 0 0
0.759494 15.1 1.636364 204 0 0
0.759494 15.1 2.181818 204 0 0
0.759494 15.1 2.727273 204 0 0
0.759494 15.1 3.272727 204 0 0
0.759494 15.1 3.818182 204 0 0
0.759494 15.1 4.363636 204 0 0
0.759494 15.1 4.909091 204 0 0
0.759494 15.1 5.454545 204 0 0
0.759494 15.1 6.0 204 0 0
1.265823 15.1 0.0 204 0 0
1.265823 15.1 0.545455 204 0 0
1.265823 15.1 1.090909 204 0 0
1.265823 15.1 1.636364 204 0 0
1.265823 15.1 2.181818 204 0 0
1.265823 15.1 2.727273 204 0 0
1.265823 15.1 3.272727 204 0 0
1.265823 15.1 3.818182 204 0 0
1.265823 15.1 4.363636 204 0 0
1.265823 15.1 4.909091 204 0 0
1.265823 15.1 5.454545 204 0 0
1.265823 15.1 6.0 204 0 0
1.772152 15.1 0.0 204 0 0
1.772152 15.1 0.545455 204 0 0
1.772152 15.1 1.090909 204 0 0
1.772152 15.1 1.636364 204 0 0
1.772152 15.1 2.181818 204 0 0
1.772152 15.1 2.727273 204 0 0
1.772152 15.1 3.272727 204 0 0
1.772152 15.1 3.818182 204 0 0
1.772152 15.1 4.363636 204 0 0
1.772152 15.1 4.909091 204 0 0
1.772152 15.1 5.454545 204 0 0
1.772152 15.1 6.0 204 0 0
2.278481 15.1 0.0 204 0 0
2.278481 15.1 0.545455 204 0 0
2.278481 15.1 1.090909 204 0 0
2.278481 15.1 1.636364 204 0 0
2.278481 15.1 2.181818 204 0 0
2.278481 15.1 2.727273 204 0 0
2.278481 15.1 3.272727 204 0 0
2.278481 15.1 3.818182 204 0 0
2.278481 15.1 4.363636 204 0 0
2.278481 15.1 4.909091 204 0 0
2.278481 15.1 5.454545 204 0 0
2.278481 15.1 6.0 204 0 0
2.78481 15.1 0.0 204 0 0
2.78481 15.1 0.545455 204 0 0
2.78481 15.1 1.090909 204 0 0
2.78481 15.1 1.636364 204 0 0
2.78481 15.1 2.181818 204 0 0
2.78481 15.1 2.727273 204 0 0
2.78481 15.1 3.272727 204 0 0
2.78481 15.1 3.818182 204 0 0
2.78481 15.1 4.363636 204 0 0
2.78481 15.1 4.909091 204 0 0
2.78481 15.1 5.454545 204 0 0
2.78481 15.1 6.0 204 0 0
3.291139 15.1 0.0 204 0 0
3.291139 15.1 0.545455 204 0 0
3.291139 15.1 1.090909 204 0 0
3.291139 15.1 1.636364 204 0 0
3.291139 15.1 2.181818 204 0 0
3.291139 15.1 2.727273 204 0 0
3.291139 15.1 3.272727 204 0 0
3.291139 15.1 3.818182 204 0 0
3.291139 15.1 4.363636 204 0 0
3.291139 15.1 4.909091 204 0 0
3.291139 15.1 5.454545 204 0 0
3.291139 15.1 6.0 204 0 0
3.797468 15.1 0.0 204 0 0
3.797468 15.1 0.545455 204 0 0
3.797468 15.1 1.090909 204 0 0
3.797468 15.1 1.636364 204 0 0
3.797468 15.1 2.181818 204 0 0
3.797468 15.1 2.727273 204 0 0
3.797468 15.1 3.272727 204 0 0
3.797468 15.1 3.818182 204 0 0
3.797468 15.1 4.363636 204 0 0
3.797468 15.1 4.909091 204 0 0
3.797468 15.1 5.454545 204 0 0
3.797468 15.1 6.0 204 0 0
4.303797 15.1 0.0 204 0 0
4.303797 15.1 0.545455 204 0 0
4.303797 15.1 1.090909 204 0 0
4.303797 15.1 1.636364 204 0 0
4.303797 15.1 2.181818 204 0 0
4.303797 15.1 2.727273 204 0 0
4.303797 15.1 3.272727 204 0 0
4.303797 15.1 3.818182 204 0 0
4.303797 15.1 4.363636 204 0 0
4.303797 15.1 4.909091 204 0 0
4.303797 15.1 5.454545 204 0 0
4.303797 15.1 6.0 204 0 0
4.810127 15.1 0.0 204 0 0
4.810127 15.1 0.545455 204 0 0
4.810127 15.1 1.090909 204 0 0
4.810127 15.1 1.636364 204 0 0
4.810127 15.1 2.181818 204 0 0
4.810127 15.1 2.727273 204 0 0
4.810127 15.1 3.272727 204 0 0
4.810127 15.1 3.818182 204 0 0
4.810127 15.1 4.363636 204 0 0
4.810127 15.1 4.909091 204 0 0
4.810127 15.1 5.454545 204 0 0
4.810127 15.1 6.0 204 0 0
5.316456 15.1 0.0 204 0 0
5.316456 15.1 0.545455 204 0 0
5.316456 15.1 1.090909 204 0 0
5.316456 15.1 1.636364 204 0 0
5.316456 15.1 2.181818 204 0 0
5.316456 15.1 2.727273 204 0 0
5.316456 15.1 3.272727 204 0 0
5.316456 15.1 3.818182 204 0 0
5.316456 15.1 4.363636 204 0 0
5.316456 15.1 4.909091 204 0 0
5.316456 15.1 5.454545 204 0 0
5.316456 15.1 6.0 204 0 0
5.822785 15.1 0.0 204 0 0
5.822785 15.1 0.545455 204 0 0
5.822785 15.1 1.090909 204 0 0
5.822785 15.1 1.636364 204 0 0
5.822785 15.1 2.181818 204 0 0
5.822785 15.1 2.727273 204 0 0
5.822785 15.1 3.272727 204 0 0
5.822785 15.1 3.818182 204 0 0
5.822785 15.1 4.363636 204 0 0
5.822785 15.1 4.909091 204 0 0
5.822785 15.1 5.454545 204 0 0
5.822785 15.1 6.0 204 0 0
6.329114 15.1 0.0 204 0 0
6.329114 15.1 0.545455 204 0 0
6.329114 15.1 1.090909 204 0 0
6.329114 15.1 1.636364 204 0 0
6.329114 15.1 2.181818 204 0 0
6.329114 15.1 2.727273 204 0 0
6.329114 15.1 3.272727 204 0 0
6.329114 15.1 3.818182 204 0 0
6.329114 15.1 4.363636 204 0 0
6.329114 15.1 4.909091 204 0 0
6.329114 15.1 5.454545 204 0 0
6.329114 15.1 6.0 204 0 0
6.835443 15.1 0.0 204 0 0
6.835443 15.1 0.545455 204 0 0
6.835443 15.1 1.090909 204 0 0
6.835443 15.1 1.636364 204 0 0
6.835443 15.1 2.181818 204 0 0
6.835443 15.1 2.727273 204 0 0
6.835443 15.1 3.272727 204 0 0
6.835443 15.1 3.818182 204 0 0
6.835443 15.1 4.363636 204 0 0
6.835443 15.1 4.909091 204 0 0
6.835443 15.1 5.454545 204 0 0
6.835443 15.1 6.0 204 0 0
7.341772 15.1 0.0 204 0 0
7.341772 15.1 0.545455 204 0 0
7.341772 15.1 1.090909 204 0 0
7.341772 15.1 1.636364 204 0 0
7.341772 15.1 2.181818 204 0 0
7.341772 15.1 2.727273 204 0 0
7.341772 15.1 3.272727 204 0 0
7.341772 15.1 3.818182 204 0 0
7.341772 15.1 4.363636 204 0 0
7.341772 15.1 4.909091 204 0 0
7.341772 15.1 5.454545 204 0 0
7.341772 15.1 6.0 204 0 0
7.848101 15.1 0.0 204 0 0
7.848101 15.1 0.545455 204 0 0
7.848101 15.1 1.090909 204 0 0
7.848101 15.1 1.636364 204 0 0
7.848101 15.1 2.181818 204 0 0
7.848101 15.1 2.727273 204 0 0
7.848101 15.1 3.272727 204 0 0
7.848101 15.1 3.818182 204 0 0
7.848101 15.1 4.363636 204 0 0
7.848101 15.1 4.909091 204 0 0
7.848101 15.1 5.454545 204 0 0
7.848101 15.1 6.0 204 0 0
8.35443 15.1 0.0 204 0 0
8.35443 15.1 0.545455 204 0 0
8.35443 15.1 1.090909 204 0 0
8.35443 15.1 1.636364 204 0 0
8.35443 15.1 2.181818 204 0 0
8.35443 15.1 2.727273 204 0 0
8.35443 15.1 3.272727 204 0 0
8.35443 15.1 3.818182 204 0 0
8.35443 15.1 4.363636 204 0 0
8.35443 15.1 4.909091 204 0 0
8.35443 15.1 5.454545 204 0 0
8.35443 15.1 6.0 204 0 0
8.860759 15.1 0.0 204 0 0
8.860759 15.1 0.545455 204 0 0
8.860759 15.1 1.090909 204 0 0
8.860759 15.1 1.636364 204 0 0
8.860759 15.1 2.181818 204 0 0
8.860759 15.1 2.727273 204 0 0
8.860759 15.1 3.272727 204 0 0
8.860759 15.1 3.818182 204 0 0
8.860759 15.1 4.363636 204 0 0
8.860759 15.1 4.909091 204 0 0
8.860759 15.1 5.454545 204 0 0
8.860759 15.1 6.0 204 0 0
9.367089 15.1 0.0 204 0 0
9.367089 15.1 0.545455 204 0 0
9.367089 15.1 1.090909 204 0 0
9.367089 15.1 1.636364 204 0 0
9.367089 15.1 2.181818 204 0 0
9.367089 15.1 2.727273 204 0 0
9.367089 15.1 3.272727 204 0 0
9.367089 15.1 3.818182 204 0 0
9.367089 15.1 4.363636 204 0 0
9.367089 15.1 4.909091 204 0 0
9.367089 15.1 5.454545 204 0 0
9.367089 15.1 6.0 204 0 0
9.873418 15.1 0.0 204 0 0
9.873418 15.1 0.545455 204 0 0
9.873418 15.1 1.090909 204 0 0
9.873418 15.1 1.636364 204 0 0
9.873418 15.1 2.181818 204 0 0
9.873418 15.1 2.727273 204 0 0
9.873418 15.1 3.272727 204 0 0
9.873418 15.1 3.818182 204 0 0
9.873418 15.1 4.363636 204 0 0
9.873418 15.1 4.909091 204 0 0
9.873418 15.1 5.454545 204 0 0
9.873418 15.1 6.0 204 0 0
10.379747 15.1 0.0 204 0 0
10.379747 15.1 0.545455 204 0 0
10.379747 15.1 1.090909 204 0 0
10.379747 15.1 1.636364 204 0 0
10.379747 15.1 2.181818 204 0 0
10.379747 15.1 2.727273 204 0 0
10.379747 15.1 3.272727 204 0 0
10.379747 15.1 3.818182 204 0 0
10.379747 15.1 4.363636 204 0 0
10.379747 15.1 4.909091 204 0 0
10.379747 15.1 5.454545 204 0 0
10.379747 15.1 6.0 204 0 0
10.886076 15.1 0.0 204 0 0
10.886076 15.1 0.545455 204 0 0
10.886076 15.1 1.090909 204 0 0
10.886076 15.1 1.636364 204 0 0
10.886076 15.1 2.181818 204 0 0
10.886076 15.1 2.727273 204 0 0
10.886076 15.1 3.272727 204 0 0
10.886076 15.1 3.818182 204 0 0
10.886076 15.1 4.363636 204 0 0
10.886076 15.1 4.909091 204 0 0
10.886076 15.1 5.454545 204 0 0
10.886076 15.1 6.0 204 0 0
11.392405 15.1 0.0 204 0 0
11.392405 15.1 0.545455 204 0 0
11.392405 15.1 1.090909 204 0 0
11.392405 15.1 1.636364 204 0 0
11.392405 15.1 2.181818 204 0 0
11.392405 15.1 2.727273 204 0 0
11.392405 15.1 3.272727 204 0 0
11.392405 15.1 3.818182 204 0 0
11.392405 15.1 4.363636 204 0 0
11.392405 15.1 4.909091 204 0 0
11.392405 15.1 5.454545 204 0 0
11.392405 15.1 6.0 204 0 0
11.898734 15.1 0.0 204 0 0
11.898734 15.1 0.545455 204 0 0
11.898734 15.1 1.090909 204 0 0
11.898734 15.1 1.636364 204 0 0
11.898734 15.1 2.181818 204 0 0
11.898734 15.1 2.727273 204 0 0
11.898734 15.1 3.272727 204 0 0
11.898734 15.1 3.818182 204 0 0
11.898734 15.1 4.363636 204 0 0
11.898734 15.1 4.909091 204 0 0
11.898734 15.1 5.454545 204 0 0
11.898734 15.1 6.0 204 0 0
12.405063 15.1 0.0 204 0 0
12.405063 15.1 0.545455 204 0 0
12.405063 15.1 1.090909 204 0 0
12.405063 15.1 1.636364 204 0 0
12.405063 15.1 2.181818 204 0 0
12.405063 15.1 2.727273 204 0 0
12.405063 15.1 3.272727 204 0 0
12.405063 15.1 3.818182 204 0 0
12.405063 15.1 4.363636 204 0 0
12.405063 15.1 4.909091 204 0 0
12.405063 15.1 5.454545 204 0 0
12.405063 15.1 6.0 204 0 0
12.911392 15.1 0.0 204 0 0
12.911392 15.1 0.545455 204 0 0
12.911392 15.1 1.090909 204 0 0
12.911392 15.1 1.636364 204 0 0
12.911392 15.1 2.181818 204 0 0
12.911392 15.1 2.727273 204 0 0
12.911392 15.1 3.272727 204 0 0
12.911392 15.1 3.818182 204 0 0
12.911392 15.1 4.363636 204 0 0
12.911392 15.1 4.909091 204 0 0
12.911392 15.1 5.454545 204 0 0
12.911392 15.1 6.0 204 0 0
13.417722 15.1 0.0 204 0 0
13.417722 15.1 0.545455 204 0 0
13.417722 15.1 1.090909 204 0 0
13.417722 15.1 1.636364 204 0 0
13.417722 15.1 2.181818 204 0 0
13.417722 15.1 2.727273 204 0 0
13.417722 15.1 3.272727 204 0 0
13.417722 15.1 3.818182 204 0 0
13.417722 15.1 4.363636 204 0 0
13.417722 15.1 4.909091 204 0 0
13.417722 15.1 5.454545 204 0 0
13.417722 15.1 6.0 204 0 0
13.924051 15.1 0.0 204 0 0
13.924051 15.1 0.545455 204 0 0
13.924051 15.1 1.090909 204 0 0
13.924051 15.1 1.636364 204 0 0
13.924051 15.1 2.181818 204 0 0
13.924051 15.1 2.727273 204 0 0
13.924051 15.1 3.272727 204 0 0
13.924051 15.1 3.818182 204 0 0
13.924051 15.1 4.363636 204 0 0
13.924051 15.1 4.909091 204 0 0
13.924051 15.1 5.454545 204 0 0
13.924051 15.1 6.0 204 0 0
14.43038 15.1 0.0 204 0 0
14.43038 15.1 0.545455 204 0 0
14.43038 15.1 1.090909 204 0 0
14.43038 15.1 1.636364 204 0 0
14.43038 15.1 2.181818 204 0 0
14.43038 15.1 2.727273 204 0 0
14.43038 15.1 3.272727 204 0 0
14.43038 15.1 3.818182 204 0 0
14.43038 15.1 4.363636 204 0 0
14.43038 15.1 4.909091 204 0 0
14.43038 15.1 5.454545 204 0 0
14.43038 15.1 6.0 204 0 0
14.936709 15.1 0.0 204 0 0
14.936709 15.1 0.545455 204 0 0
14.936709 15.1 1.090909 204 0 0
14.936709 15.1 1.636364 204 0 0
14.936709 15.1 2.181818 204 0 0
14.936709 15.1 2.727273 204 0 0
14.936709 15.1 3.272727 204 0 0
14.936709 15.1 3.818182 204 0 0
14.936709 15.1 4.363636 204 0 0
14.936709 15.1 4.909091 204 0 0
14.936709 15.1 5.454545 204 0 0
14.936709 15.1 6.0 204 0 0
15.443038 15.1 0.0 204 0 0
15.443038 15.1 0.545455 204 0 0
15.443038 15.1 1.090909 204 0 0
15.443038 15.1 1.636364 204 0 0
15.443038 15.1 2.181818 204 0 0
15.443038 15.1 2.727273 204 0 0
15.443038 15.1 3.272727 204 0 0
15.443038 15.1 3.818182 204 0 0
15.443038 15.1 4.363636 204 0 0
15.443038 15.1 4.909091 204 0 0
15.443038 15.1 5.454545 204 0 0
15.443038 15.1 6.0 204 0 0
15.949367 15.1 0.0 204 0 0
15.949367 15.1 0.545455 204 0 0
15.949367 15.1 1.090909 204 0 0
15.949367 15.1 1.636364 204 0 0
15.949367 15.1 2.181818 204 0 0
15.949367 15.1 2.727273 204 0 0
15.949367 15.1 3.272727 204 0 0
15.949367 15.1 3.818182 204 0 0
15.949367 15.1 4.363636 204 0 0
15.949367 15.1 4.909091 204 0 0
15.949367 15.1 5.454545 204 0 0
15.949367 15.1 6.0 204 0 0
16.455696 15.1 0.0 204 0 0
16.455696 15.1 0.545455 204 0 0
16.455696 15.1 1.090909 204 0 0
16.455696 15.1 1.636364 204 0 0
16.455696 15.1 2.181818 204 0 0
16.455696 15.1 2.727273 204 0 0
16.455696 15.1 3.272727 204 0 0
16.455696 15.1 3.818182 204 0 0
16.455696 15.1 4.363636 204 0 0
16.455696 15.1 4.909091 204 0 0
16.455696 15.1 5.454545 204 0 0
16.455696 15.1 6.0 204 0 0
16.962025 15.1 0.0 204 0 0
16.962025 15.1 0.545455 204 0 0
16.962025 15.1 1.090909 204 0 0
16.962025 15.1 1.636364 204 0 0
16.962025 15.1 2.181818 204 0 0
16.962025 15.1 2.727273 204 0 0
16.962025 15.1 3.272727 204 0 0
16.962025 15.1 3.818182 204 0 0
16.962025 15.1 4.363636 204 0 0
16.962025 15.1 4.909091 204 0 0
16.962025 15.1 5.454545 204 0 0
16.962025 15.1 6.0 204 0 0
17.468354 15.1 0.0 204 0 0
17.468354 15.1 0.545455 204 0 0
17.468354 15.1 1.090909 204 0 0
17.468354 15.1 1.636364 204 0 0
17.468354 15.1 2.181818 204 0 0
17.468354 15.1 2.727273 204 0 0
17.468354 15.1 3.272727 204 0 0
17.468354 15.1 3.818182 204 0 0
17.468354 15.1 4.363636 204 0 0
17.468354 15.1 4.909091 204 0 0
17.468354 15.1 5.454545 204 0 0
17.468354 15.1 6.0 204 0 0
17.974684 15.1 0.0 204 0 0
17.974684 15.1 0.545455 204 0 0
17.974684 15.1 1.090909 204 0 0
17.974684 15.1 1.636364 204 0 0
17.974684 15.1 2.181818 204 0 0
17.974684 15.1 2.727273 204 0 0
17.974684 15.1 3.272727 204 0 0
17.974684 15.1 3.818182 204 0 0
17.974684 15.1 4.363636 204 0 0
17.974684 15.1 4.909091 204 0 0
17.974684 15.1 5.454545 204 0 0
17.974684 15.1 6.0 204 0 0
18.481013 15.1 0.0 204 0 0
18.481013 15.1 0.545455 204 0 0
18.481013 15.1 1.090909 204 0 0
18.481013 15.1 1.636364 204 0 0
18.481013 15.1 2.181818 204 0 0
18.481013 15.1 2.727273 204 0 0
18.481013 15.1 3.272727 204 0 0
18.481013 15.1 3.818182 204 0 0
18.481013 15.1 4.363636 204 0 0
18.481013 15.1 4.909091 204 0 0
18.481013 15.1 5.454545 204 0 0
18.481013 15.1 6.0 204 0 0
18.987342 15.1 0.0 204 0 0
18.987342 15.1 0.545455 204 0 0
18.987342 15.1 1.090909 204 0 0
18.987342 15.1 1.636364 204 0 0
18.987342 15.1 2.181818 204 0 0
18.987342 15.1 2.727273 204 0 0
18.987342 15.1 3.272727 204 0 0
18.987342 15.1 3.818182 204 0 0
18.987342 15.1 4.363636 204 0 0
18.987342 15.1 4.909091 204 0 0
18.987342 15.1 5.454545 204 0 0
18.987342 15.1 6.0 204 0 0
19.493671 15.1 0.0 204 0 0
19.493671 15.1 0.545455 204 0 0
19.493671 15.1 1.090909 204 0 0
19.493671 15.1 1.636364 204 0 0
19.493671 15.1 2.181818 204 0 0
19.493671 15.1 2.727273 204 0 0
19.493671 15.1 3.272727 204 0 0
19.493671 15.1 3.818182 204 0 0
19.493671 15.1 4.363636 204 0 0
19.493671 15.1 4.909091 204 0 0
19.493671 15.1 5.454545 204 0 0
19.493671 15.1 6.0 204 0 0
20.0 15.1 0.0 204 0 0
20.0 15.1 0.545455 204 0 0
20.0 15.1 1.090909 204 0 0
20.0 15.1 1.636364 204 0 0
20.0 15.1 2.181818 204 0 0
20.0 15.1 2.727273 204 0 0
20.0 15.1 3.272727 204 0 0
20.0 15.1 3.818182 204 0 0
20.0 15.1 4.363636 204 0 0
20.0 15.1 4.909091 204 0 0
20.0 15.1 5.454545 204 0 0
20.0 15.1 6.0 204 0 0
-20.0 14.9 0.0 204 0 0
-20.0 14.9 0.545455 204 0 0
-20.0 14.9 1.090909 204 0 0
-20.0 14.9 1.636364 204 0 0
-20.0 14.9 2.181818 204 0 0
-20.0 14.9 2.727273 204 0 0
-20.0 14.9 3.272727 204 0 0
-20.0 14.9 3.818182 204 0 0
-20.0 14.9 4.363636 204 0 0
-20.0 14.9 4.909091 204 0 0
-20.0 14.9 5.454545 204 0 0
-20.0 14.9 6.0 204 0 0
-19.493671 14.9 0.0 204 0 0
-19.493671 14.9 0.545455 204 0 0
-19.493671 14.9 1.090909 204 0 0
-19.493671 14.9 1.636364 204 0 0
-19.493671 14.9 2.181818 204 0 0
-19.493671 14.9 2.727273 204 0 0
-19.493671 14.9 3.272727 204 0 0
-19.493671 14.9 3.818182 204 0 0
-19.493671 14.9 4.363636 204 0 0
-19.493671 14.9 4.909091 204 0 0
-19.493671 14.9 5.454545 204 0 0
-19.493671 14.9 6.0 204 0 0
-18.987342 14.9 0.0 204 0 0
-18.987342 14.9 0.545455 204 0 0
-18.987342 14.9 1.090909 204 0 0
-18.987342 14.9 1.636364 204 0 0
-18.987342 14.9 2.181818 204 0 0
-18.987342 14.9 2.727273 204 0 0
-18.987342 14.9 3.272727 204 0 0
-18.987342 14.9 3.818182 204 0 0
-18.987342 14.9 4.363636 204 0 0
-18.987342 14.9 4.909091 204 0 0
-18.987342 14.9 5.454545 204 0 0
-18.987342 14.9 6.0 204 0 0
-18.481013 14.9 0.0 204 0 0
-18.481013 14.9 0.545455 204 0 0
-18.481013 14.9 1.090909 204 0 0
-18.481013 14.9 1.636364 204 0 0
-18.481013 14.9 2.181818 204 0 0
-18.481013 14.9 2.727273 204 0 0
-18.481013 14.9 3.272727 204 0 0
-18.481013 14.9 3.818182 204 0 0
-18.481013 14.9 4.363636 204 0 0
-18.481013 14.9 4.909091 204 0 0
-18.481013 14.9 5.454545 204 0 0
-18.481013 14.9 6.0 204 0 0
-17.974684 14.9 0.0 204 0 0
-17.974684 14.9 0.545455 204 0 0
-17.974684 14.9 1.090909 204 0 0
-17.974684 14.9 1.636364 204 0 0
-17.974684 14.9 2.181818 204 0 0
-17.974684 14.9 2.727273 204 0 0
-17.974684 14.9 3.272727 204 0 0
-17.974684 14.9 3.818182 204 0 0
-17.974684 14.9 4.363636 204 0 0
-17.974684 14.9 4.909091 204 0 0
-17.974684 14.9 5.454545 204 0 0
-17.974684 14.9 6.0 204 0 0
-17.468354 14.9 0.0 204 0 0
-17.468354 14.9 0.545455 204 0 0
-17.468354 14.9 1.090909 204 0 0
-17.468354 14.9 1.636364 204 0 0
-17.468354 14.9 2.181818 204 0 0
-17.468354 14.9 2.727273 204 0 0
-17.468354 14.9 3.272727 204 0 0
-17.468354 14.9 3.818182 204 0 0
-17.468354 14.9 4.363636 204 0 0
-17.468354 14.9 4.909091 204 0 0
-17.468354 14.9 5.454545 204 0 0
-17.468354 14.9 6.0 204 0 0
-16.962025 14.9 0.0 204 0 0
-16.962025 14.9 0.545455 204 0 0
-16.962025 14.9 1.090909 204 0 0
-16.962025 14.9 1.636364 204 0 0
-16.962025 14.9 2.181818 204 0 0
-16.962025 14.9 2.727273 204 0 0
-16.962025 14.9 3.272727 204 0 0
-16.962025 14.9 3.818182 204 0 0
-16.962025 14.9 4.363636 204 0 0
-16.962025 14.9 4.909091 204 0 0
-16.962025 14.9 5.454545 204 0 0
-16.962025 14.9 6.0 204 0 0
-16.455696 14.9 0.0 204 0 0
-16.455696 14.9 0.545455 204 0 0
-16.455696 14.9 1.090909 204 0 0
-16.455696 14.9 1.636364 204 0 0
-16.455696 14.9 2.181818 204 0 0
-16.455696 14.9 2.727273 204 0 0
-16.455696 14.9 3.272727 204 0 0
-16.455696 14.9 3.818182 204 0 0
-16.455696 14.9 4.363636 204 0 0
-16.455696 14.9 4.909091 204 0 0
-16.455696 14.9 5.454545 204 0 0
-16.455696 14.9 6.0 204 0 0
-15.949367 14.9 0.0 204 0 0
-15.949367 14.9 0.545455 204 0 0
-15.949367 14.9 1.090909 204 0 0
-15.949367 14.9 1.636364 204 0 0
-15.949367 14.9 2.181818 204 0 0
-15.949367 14.9 2.727273 204 0 0
-15.949367 14.9 3.272727 204 0 0
-15.949367 14.9 3.818182 204 0 0
-15.949367 14.9 4.363636 204 0 0
-15.949367 14.9 4.909091 204 0 0
-15.949367 14.9 5.454545 204 0 0
-15.949367 14.9 6.0 204 0 0
-15.443038 14.9 0.0 204 0 0
-15.443038 14.9 0.545455 204 0 0
-15.443038 14.9 1.090909 204 0 0
-15.443038 14.9 1.636364 204 0 0
-15.443038 14.9 2.181818 204 0 0
-15.443038 14.9 2.727273 204 0 0
-15.443038 14.9 3.272727 204 0 0
-15.443038 14.9 3.818182 204 0 0
-15.443038 14.9 4.363636 204 0 0
-15.443038 14.9 4.909091 204 0 0
-15.443038 14.9 5.454545 204 0 0
-15.443038 14.9 6.0 204 0 0
-14.936709 14.9 0.0 204 0 0
-14.936709 14.9 0.545455 204 0 0
-14.936709 14.9 1.090909 204 0 0
-14.936709 14.9 1.636364 204 0 0
-14.936709 14.9 2.181818 204 0 0
-14.936709 14.9 2.727273 204 0 0
-14.936709 14.9 3.272727 204 0 0
-14.936709 14.9 3.818182 204 0 0
-14.936709 14.9 4.363636 204 0 0
-14.936709 14.9 4.909091 204 0 0
-14.936709 14.9 5.454545 204 0 0
-14.936709 14.9 6.0 204 0 0
-14.43038 14.9 0.0 204 0 0
-14.43038 14.9 0.545455 204 0 0
-14.43038 14.9 1.090909 204 0 0
-14.43038 14.9 1.636364 204 0 0
-14.43038 14.9 2.181818 204 0 0
-14.43038 14.9 2.727273 204 0 0
-14.43038 14.9 3.272727 204 0 0
-14.43038 14.9 3.818182 204 0 0
-14.43038 14.9 4.363636 204 0 0
-14.43038 14.9 4.909091 204 0 0
-14.43038 14.9 5.454545 204 0 0
-14.43038 14.9 6.0 204 0 0
-13.924051 14.9 0.0 204 0 0
-13.924051 14.9 0.545455 204 0 0
-13.924051 14.9 1.090909 204 0 0
-13.924051 14.9 1.636364 204 0 0
-13.924051 14.9 2.181818 204 0 0
-13.924051 14.9 2.727273 204 0 0
-13.924051 14.9 3.272727 204 0 0
-13.924051 14.9 3.818182 204 0 0
-13.924051 14.9 4.363636 204 0 0
-13.924051 14.9 4.909091 204 0 0
-13.924051 14.9 5.454545 204 0 0
-13.924051 14.9 6.0 204 0 0
-13.417722 14.9 0.0 204 0 0
-13.417722 14.9 0.545455 204 0 0
-13.417722 14.9 1.090909 204 0 0
-13.417722 14.9 1.636364 204 0 0
-13.417722 14.9 2.181818 204 0 0
-13.417722 14.9 2.727273 204 0 0
-13.417722 14.9 3.272727 204 0 0
-13.417722 14.9 3.818182 204 0 0
-13.417722 14.9 4.363636 204 0 0
-13.417722 14.9 4.909091 204 0 0
-13.417722 14.9 5.454545 204 0 0
-13.417722 14.9 6.0 204 0 0
-12.911392 14.9 0.0 204 0 0
-12.911392 14.9 0.545455 204 0 0
-12.911392 14.9 1.090909 204 0 0
-12.911392 14.9 1.636364 204 0 0
-12.911392 14.9 2.181818 204 0 0
-12.911392 14.9 2.727273 204 0 0
-12.911392 14.9 3.272727 204 0 0
-12.911392 14.9 3.818182 204 0 0
-12.911392 14.9 4.363636 204 0 0
-12.911392 14.9 4.909091 204 0 0
-12.911392 14.9 5.454545 204 0 0
-12.911392 14.9 6.0 204 0 0
-12.405063 14.9 0.0 204 0 0
-12.405063 14.9 0.545455 204 0 0
-12.405063 14.9 1.090909 204 0 0
-12.405063 14.9 1.636364 204 0 0
-12.405063 14.9 2.181818 204 0 0
-12.405063 14.9 2.727273 204 0 0
-12.405063 14.9 3.272727 204 0 0
-12.405063 14.9 3.818182 204 0 0
-12.405063 14.9 4.363636 204 0 0
-12.405063 14.9 4.909091 204 0 0
-12.405063 14.9 5.454545 204 0 0
-12.405063 14.9 6.0 204 0 0
-11.898734 14.9 0.0 204 0 0
-11.898734 14.9 0.545455 204 0 0
-11.898734 14.9 1.090909 204 0 0
-11.898734 14.9 1.636364 204 0 0
-11.898734 14.9 2.181818 204 0 0
-11.898734 14.9 2.727273 204 0 0
-11.898734 14.9 3.272727 204 0 0
-11.898734 14.9 3.818182 204 0 0
-11.898734 14.9 4.363636 204 0 0
-11.898734 14.9 4.909091 204 0 0
-11.898734 14.9 5.454545 204 0 0
-11.898734 14.9 6.0 204 0 0
-11.392405 14.9 0.0 204 0 0
-11.392405 14.9 0.545455 204 0 0
-11.392405 14.9 1.090909 204 0 0
-11.392405 14.9 1.636364 204 0 0
-11.392405 14.9 2.181818 204 0 0
-11.392405 14.9 2.727273 204 0 0
-11.392405 14.9 3.272727 204 0 0
-11.392405 14.9 3.818182 204 0 0
-11.392405 14.9 4.363636 204 0 0
-11.392405 14.9 4.909091 204 0 0
-11.392405 14.9 5.454545 204 0 0
-11.392405 14.9 6.0 204 0 0
-10.886076 14.9 0.0 204 0 0
-10.886076 14.9 0.545455 204 0 0
-10.886076 14.9 1.090909 204 0 0
-10.886076 14.9 1.636364 204 0 0
-10.886076 14.9 2.181818 204 0 0
-10.886076 14.9 2.727273 204 0 0
-10.886076 14.9 3.272727 204 0 0
-10.886076 14.9 3.818182 204 0 0
-10.886076 14.9 4.363636 204 0 0
-10.886076 14.9 4.909091 204 0 0
-10.886076 14.9 5.454545 204 0 0
-10.886076 14.9 6.0 204 0 0
-10.379747 14.9 0.0 204 0 0
-10.379747 14.9 0.545455 204 0 0
-10.379747 14.9 1.090909 204 0 0
-10.379747 14.9 1.636364 204 0 0
-10.379747 14.9 2.181818 204 0 0
-10.379747 14.9 2.727273 204 0 0
-10.379747 14.9 3.272727 204 0 0
-10.379747 14.9 3.818182 204 0 0
-10.379747 14.9 4.363636 204 0 0
-10.379747 14.9 4.909091 204 0 0
-10.379747 14.9 5.454545 204 0 0
-10.379747 14.9 6.0 204 0 0
-9.873418 14.9 0.0 204 0 0
-9.873418 14.9 0.545455 204 0 0
-9.873418 14.9 1.090909 204 0 0
-9.873418 14.9 1.636364 204 0 0
-9.873418 14.9 2.181818 204 0 0
-9.873418 14.9 2.727273 204 0 0
-9.873418 14.9 3.272727 204 0 0
-9.873418 14.9 3.818182 204 0 0
-9.873418 14.9 4.363636 204 0 0
-9.873418 14.9 4.909091 204 0 0
-9.873418 14.9 5.454545 204 0 0
-9.873418 14.9 6.0 204 0 0
-9.367089 14.9 0.0 204 0 0
-9.367089 14.9 0.545455 204 0 0
-9.367089 14.9 1.090909 204 0 0
-9.367089 14.9 1.636364 204 0 0
-9.367089 14.9 2.181818 204 0 0
-9.367089 14.9 2.727273 204 0 0
-9.367089 14.9 3.272727 204 0 0
-9.367089 14.9 3.818182 204 0 0
-9.367089 14.9 4.363636 204 0 0
-9.367089 14.9 4.909091 204 0 0
-9.367089 14.9 5.454545 204 0 0
-9.367089 14.9 6.0 204 0 0
-8.860759 14.9 0.0 204 0 0
-8.860759 14.9 0.545455 204 0 0
-8.860759 14.9 1.090909 204 0 0
-8.860759 14.9 1.636364 204 0 0
-8.860759 14.9 2.181818 204 0 0
-8.860759 14.9 2.727273 204 0 0
-8.860759 14.9 3.272727 204 0 0
-8.860759 14.9 3.818182 204 0 0
-8.860759 14.9 4.363636 204 0 0
-8.860759 14.9 4.909091 204 0 0
-8.860759 14.9 5.454545 204 0 0
-8.860759 14.9 6.0 204 0 0
-8.35443 14.9 0.0 204 0 0
-8.35443 14.9 0.545455 204 0 0
-8.35443 14.9 1.090909 204 0 0
-8.35443 14.9 1.636364 204 0 0
-8.35443 14.9 2.181818 204 0 0
-8.35443 14.9 2.727273 204 0 0
-8.35443 14.9 3.272727 204 0 0
-8.35443 14.9 3.818182 204 0 0
-8.35443 14.9 4.363636 204 0 0
-8.35443 14.9 4.909091 204 0 0
-8.35443 14.9 5.454545 204 0 0
-8.35443 14.9 6.0 204 0 0
-7.848101 14.9 0.0 204 0 0
-7.848101 14.9 0.545455 204 0 0
-7.848101 14.9 1.090909 204 0 0
-7.848101 14.9 1.636364 204 0 0
-7.848101 14.9 2.181818 204 0 0
-7.848101 14.9 2.727273 204 0 0
-7.848101 14.9 3.272727 204 0 0
-7.848101 14.9 3.818182 204 0 0
-7.848101 14.9 4.363636 204 0 0
-7.848101 14.9 4.909091 204 0 0
-7.848101 14.9 5.454545 204 0 0
-7.848101 14.9 6.0 204 0 0
-7.341772 14.9 0.0 204 0 0
-7.341772 14.9 0.545455 204 0 0
-7.341772 14.9 1.090909 204 0 0
-7.341772 14.9 1.636364 204 0 0
-7.341772 14.9 2.181818 204 0 0
-7.341772 14.9 2.727273 204 0 0
-7.341772 14.9 3.272727 204 0 0
-7.341772 14.9 3.818182 204 0 0
-7.341772 14.9 4.363636 204 0 0
-7.341772 14.9 4.909091 204 0 0
-7.341772 14.9 5.454545 204 0 0
-7.341772 14.9 6.0 204 0 0
-6.835443 14.9 0.0 204 0 0
-6.835443 14.9 0.545455 204 0 0
-6.835443 14.9 1.090909 204 0 0
-6.835443 14.9 1.636364 204 0 0
-6.835443 14.9 2.181818 204 0 0
-6.835443 14.9 2.727273 204 0 0
-6.835443 14.9 3.272727 204 0 0
-6.835443 14.9 3.818182 204 0 0
-6.835443 14.9 4.363636 204 0 0
-6.835443 14.9 4.909091 204 0 0
-6.835443 14.9 5.454545 204 0 0
-6.835443 14.9 6.0 204 0 0
-6.329114 14.9 0.0 204 0 0
-6.329114 14.9 0.545455 204 0 0
-6.329114 14.9 1.090909 204 0 0
-6.329114 14.9 1.636364 204 0 0
-6.329114 14.9 2.181818 204 0 0
-6.329114 14.9 2.727273 204 0 0
-6.329114 14.9 3.272727 204 0 0
-6.329114 14.9 3.818182 204 0 0
-6.329114 14.9 4.363636 204 0 0
-6.329114 14.9 4.909091 204 0 0
-6.329114 14.9 5.454545 204 0 0
-6.329114 14.9 6.0 204 0 0
-5.822785 14.9 0.0 204 0 0
-5.822785 14.9 0.545455 204 0 0
-5.822785 14.9 1.090909 204 0 0
-5.822785 14.9 1.636364 204 0 0
-5.822785 14.9 2.181818 204 0 0
-5.822785 14.9 2.727273 204 0 0
-5.822785 14.9 3.272727 204 0 0
-5.822785 14.9 3.818182 204 0 0
-5.822785 14.9 4.363636 204 0 0
-5.822785 14.9 4.909091 204 0 0
-5.822785 14.9 5.454545 204 0 0
-5.822785 14.9 6.0 204 0 0
-5.316456 14.9 0.0 204 0 0
-5.316456 14.9 0.545455 204 0 0
-5.316456 14.9 1.090909 204 0 0
-5.316456 14.9 1.636364 204 0 0
-5.316456 14.9 2.181818 204 0 0
-5.316456 14.9 2.727273 204 0 0
-5.316456 14.9 3.272727 204 0 0
-5.316456 14.9 3.818182 204 0 0
-5.316456 14.9 4.363636 204 0 0
-5.316456 14.9 4.909091 204 0 0
-5.316456 14.9 5.454545 204 0 0
-5.316456 14.9 6.0 204 0 0
-4.810127 14.9 0.0 204 0 0
-4.810127 14.9 0.545455 204 0 0
-4.810127 14.9 1.090909 204 0 0
-4.810127 14.9 1.636364 204 0 0
-4.810127 14.9 2.181818 204 0 0
-4.810127 14.9 2.727273 204 0 0
-4.810127 14.9 3.272727 204 0 0
-4.810127 14.9 3.818182 204 0 0
-4.810127 14.9 4.363636 204 0 0
-4.810127 14.9 4.909091 204 0 0
-4.810127 14.9 5.454545 204 0 0
-4.810127 14.9 6.0 204 0 0
-4.303797 14.9 0.0 204 0 0
-4.303797 14.9 0.545455 204 0 0
-4.303797 14.9 1.090909 204 0 0
-4.303797 14.9 1.636364 204 0 0
-4.303797 14.9 2.181818 204 0 0
-4.303797 14.9 2.727273 204 0 0
-4.303797 14.9 3.272727 204 0 0
-4.303797 14.9 3.818182 204 0 0
-4.303797 14.9 4.363636 204 0 0
-4.303797 14.9 4.909091 204 0 0
-4.303797 14.9 5.454545 204 0 0
-4.303797 14.9 6.0 204 0 0
-3.797468 14.9 0.0 204 0 0
-3.797468 14.9 0.545455 204 0 0
-3.797468 14.9 1.090909 204 0 0
-3.797468 14.9 1.636364 204 0 0
-3.797468 14.9 2.181818 204 0 0
-3.797468 14.9 2.727273 204 0 0
-3.797468 14.9 3.272727 204 0 0
-3.797468 14.9 3.818182 204 0 0
-3.797468 14.9 4.363636 204 0 0
-3.797468 14.9 4.909091 204 0 0
-3.797468 14.9 5.454545 204 0 0
-3.797468 14.9 6.0 204 0 0
-3.291139 14.9 0.0 204 0 0
-3.291139 14.9 0.545455 204 0 0
-3.291139 14.9 1.090909 204 0 0
-3.291139 14.9 1.636364 204 0 0
-3.291139 14.9 2.181818 204 0 0
-3.291139 14.9 2.727273 204 0 0
-3.291139 14.9 3.272727 204 0 0
-3.291139 14.9 3.818182 204 0 0
-3.291139 14.9 4.363636 204 0 0
-3.291139 14.9 4.909091 204 0 0
-3.291139 14.9 5.454545 204 0 0
-3.291139 14.9 6.0 204 0 0
-2.78481 14.9 0.0 204 0 0
-2.78481 14.9 0.545455 204 0 0
-2.78481 14.9 1.090909 204 0 0
-2.78481 14.9 1.636364 204 0 0
-2.78481 14.9 2.181818 204 0 0
-2.78481 14.9 2.727273 204 0 0
-2.78481 14.9 3.272727 204 0 0
-2.78481 14.9 3.818182 204 0 0
-2.78481 14.9 4.363636 204 0 0
-2.78481 14.9 4.909091 204 0 0
-2.78481 14.9 5.454545 204 0 0
-2.78481 14.9 6.0 204 0 0
-2.278481 14.9 0.0 204 0 0
-2.278481 14.9 0.545455 204 0 0
-2.278481 14.9 1.090909 204 0 0
-2.278481 14.9 1.636364 204 0 0
-2.278481 14.9 2.181818 204 0 0
-2.278481 14.9 2.727273 204 0 0
-2.278481 14.9 3.272727 204 0 0
-2.278481 14.9 3.818182 204 0 0
-2.278481 14.9 4.363636 204 0 0
-2.278481 14.9 4.909091 204 0 0
-2.278481 14.9 5.454545 204 0 0
-2.278481 14.9 6.0 204 0 0
-1.772152 14.9 0.0 204 0 0
-1.772152 14.9 0.545455 204 0 0
-1.772152 14.9 1.090909 204 0 0
-1.772152 14.9 1.636364 204 0 0
-1.772152 14.9 2.181818 204 0 0
-1.772152 14.9 2.727273 204 0 0
-1.772152 14.9 3.272727 204 0 0
-1.772152 14.9 3.818182 204 0 0
-1.772152 14.9 4.363636 204 0 0
-1.772152 14.9 4.909091 204 0 0
-1.772152 14.9 5.454545 204 0 0
-1.772152 14.9 6.0 204 0 0
-1.265823 14.9 0.0 204 0 0
-1.265823 14.9 0.545455 204 0 0
-1.265823 14.9 1.090909 204 0 0
-1.265823 14.9 1.636364 204 0 0
-1.265823 14.9 2.181818 204 0 0
-1.265823 14.9 2.727273 204 0 0
-1.265823 14.9 3.272727 204 0 0
-1.265823 14.9 3.818182 204 0 0
-1.265823 14.9 4.363636 204 0 0
-1.265823 14.9 4.909091 204 0 0
-1.265823 14.9 5.454545 204 0 0
-1.265823 14.9 6.0 204 0 0
-0.759494 14.9 0.0 204 0 0
-0.759494 14.9 0.545455 204 0 0
-0.759494 14.9 1.090909 204 0 0
-0.759494 14.9 1.636364 204 0 0
-0.759494 14.9 2.181818 204 0 0
-0.759494 14.9 2.727273 204 0 0
-0.759494 14.9 3.272727 204 0 0
-0.759494 14.9 3.818182 204 0 0
-0.759494 14.9 4.363636 204 0 0
-0.759494 14.9 4.909091 204 0 0
-0.759494 14.9 5.454545 204 0 0
-0.759494 14.9 6.0 204 0 0
-0.253165 14.9 0.0 204 0 0
-0.253165 14.9 0.545455 204 0 0
-0.253165 14.9 1.090909 204 0 0
-0.253165 14.9 1.636364 204 0 0
-0.253165 14.9 2.181818 204 0 0
-0.253165 14.9 2.727273 204 0 0
-0.253165 14.9 3.272727 204 0 0
-0.253165 14.9 3.818182 204 0 0
-0.253165 14.9 4.363636 204 0 0
-0.253165 14.9 4.909091 204 0 0
-0.253165 14.9 5.454545 204 0 0
-0.253165 14.9 6.0 204 0 0
0.253165 14.9 0.0 204 0 0
0.253165 14.9 0.545455 204 0 0
0.253165 14.9 1.090909 204 0 0
0.253165 14.9 1.636364 204 0 0
0.253165 14.9 2.181818 204 0 0
0.253165 14.9 2.727273 204 0 0
0.253165 14.9 3.272727 204 0 0
0.253165 14.9 3.818182 204 0 0
0.253165 14.9 4.363636 204 0 0
0.253165 14.9 4.909091 204 0 0
0.253165 14.9 5.454545 204 0 0
0.253165 14.9 6.0 204 0 0
0.759494 14.9 0.0 204 0 0
0.759494 14.9 0.545455 204 0 0
0.759494 14.9 1.090909 204 0 0
0.759494 14.9 1.636364 204 0 0
0.759494 14.9 2.181818 204 0 0
0.759494 14.9 2.727273 204 0 0
0.759494 14.9 3.272727 204 0 0
0.759494 14.9 3.818182 204 0 0
0.759494 14.9 4.363636 204 0 0
0.759494 14.9 4.909091 204 0 0
0.759494 14.9 5.454545 204 0 0
0.759494 14.9 6.0 204 0 0
1.265823 14.9 0.0 204 0 0
1.265823 14.9 0.545455 204 0 0
1.265823 14.9 1.090909 204 0 0
1.265823 14.9 1.636364 204 0 0
1.265823 14.9 2.181818 204 0 0
1.265823 14.9 2.727273 204 0 0
1.265823 14.9 3.272727 204 0 0
1.265823 14.9 3.818182 204 0 0
1.265823 14.9 4.363636 204 0 0
1.265823 14.9 4.909091 204 0 0
1.265823 14.9 5.454545 204 0 0
1.265823 14.9 6.0 204 0 0
1.772152 14.9 0.0 204 0 0
1.772152 14.9 0.545455 204 0 0
1.772152 14.9 1.090909 204 0 0
1.772152 14.9 1.636364 204 0 0
1.772152 14.9 2.181818 204 0 0
1.772152 14.9 2.727273 204 0 0
1.772152 14.9 3.272727 204 0 0
1.772152 14.9 3.818182 204 0 0
1.772152 14.9 4.363636 204 0 0
1.772152 14.9 4.909091 204 0 0
1.772152 14.9 5.454545 204 0 0
1.772152 14.9 6.0 204 0 0
2.278481 14.9 0.0 204 0 0
2.278481 14.9 0.545455 204 0 0
2.278481 14.9 1.090909 204 0 0
2.278481 14.9 1.636364 204 0 0
2.278481 14.9 2.181818 204 0 0
2.278481 14.9 2.727273 204 0 0
2.278481 14.9 3.272727 204 0 0
2.278481 14.9 3.818182 204 0 0
2.278481 14.9 4.363636 204 0 0
2.278481 14.9 4.909091 204 0 0
2.278481 14.9 5.454545 204 0 0
2.278481 14.9 6.0 204 0 0
2.78481 14.9 0.0 204 0 0
2.78481 14.9 0.545455 204 0 0
2.78481 14.9 1.090909 204 0 0
2.78481 14.9 1.636364 204 0 0
2.78481 14.9 2.181818 204 0 0
2.78481 14.9 2.727273 204 0 0
2.78481 14.9 3.272727 204 0 0
2.78481 14.9 3.818182 204 0 0
2.78481 14.9 4.363636 204 0 0
2.78481 14.9 4.909091 204 0 0
2.78481 14.9 5.454545 204 0 0
2.78481 14.9 6.0 204 0 0
3.291139 14.9 0.0 204 0 0
3.291139 14.9 0.545455 204 0 0
3.291139 14.9 1.090909 204 0 0
3.291139 14.9 1.636364 204 0 0
3.291139 14.9 2.181818 204 0 0
3.291139 14.9 2.727273 204 0 0
3.291139 14.9 3.272727 204 0 0
3.291139 14.9 3.818182 204 0 0
3.291139 14.9 4.363636 204 0 0
3.291139 14.9 4.909091 204 0 0
3.291139 14.9 5.454545 204 0 0
3.291139 14.9 6.0 204 0 0
3.797468 14.9 0.0 204 0 0
3.797468 14.9 0.545455 204 0 0
3.797468 14.9 1.090909 204 0 0
3.797468 14.9 1.636364 204 0 0
3.797468 14.9 2.181818 204 0 0
3.797468 14.9 2.727273 204 0 0
3.797468 14.9 3.272727 204 0 0
3.797468 14.9 3.818182 204 0 0
3.797468 14.9 4.363636 204 0 0
3.797468 14.9 4.909091 204 0 0
3.797468 14.9 5.454545 204 0 0
3.797468 14.9 6.0 204 0 0
4.303797 14.9 0.0 204 0 0
4.303797 14.9 0.545455 204 0 0
4.303797 14.9 1.090909 204 0 0
4.303797 14.9 1.636364 204 0 0
4.303797 14.9 2.181818 204 0 0
4.303797 14.9 2.727273 204 0 0
4.303797 14.9 3.272727 204 0 0
4.303797 14.9 3.818182 204 0 0
4.303797 14.9 4.363636 204 0 0
4.303797 14.9 4.909091 204 0 0
4.303797 14.9 5.454545 204 0 0
4.303797 14.9 6.0 204 0 0
4.810127 14.9 0.0 204 0 0
4.810127 14.9 0.545455 204 0 0
4.810127 14.9 1.090909 204 0 0
4.810127 14.9 1.636364 204 0 0
4.810127 14.9 2.181818 204 0 0
4.810127 14.9 2.727273 204 0 0
4.810127 14.9 3.272727 204 0 0
4.810127 14.9 3.818182 204 0 0
4.810127 14.9 4.363636 204 0 0
4.810127 14.9 4.909091 204 0 0
4.810127 14.9 5.454545 204 0 0
4.810127 14.9 6.0 204 0 0
5.316456 14.9 0.0 204 0 0
5.316456 14.9 0.545455 204 0 0
5.316456 14.9 1.090909 204 0 0
5.316456 14.9 1.636364 204 0 0
5.316456 14.9 2.181818 204 0 0
5.316456 14.9 2.727273 204 0 0
5.316456 14.9 3.272727 204 0 0
5.316456 14.9 3.818182 204 0 0
5.316456 14.9 4.363636 204 0 0
5.316456 14.9 4.909091 204 0 0
5.316456 14.9 5.454545 204 0 0
5.316456 14.9 6.0 204 0 0
5.822785 14.9 0.0 204 0 0
5.822785 14.9 0.545455 204 0 0
5.822785 14.9 1.090909 204 0 0
5.822785 14.9 1.636364 204 0 0
5.822785 14.9 2.181818 204 0 0
5.822785 14.9 2.727273 204 0 0
5.822785 14.9 3.272727 204 0 0
5.822785 14.9 3.818182 204 0 0
5.822785 14.9 4.363636 204 0 0
5.822785 14.9 4.909091 204 0 0
5.822785 14.9 5.454545 204 0 0
5.822785 14.9 6.0 204 0 0
6.329114 14.9 0.0 204 0 0
6.329114 14.9 0.545455 204 0 0
6.329114 14.9 1.090909 204 0 0
6.329114 14.9 1.636364 204 0 0
6.329114 14.9 2.181818 204 0 0
6.329114 14.9 2.727273 204 0 0
6.329114 14.9 3.272727 204 0 0
6.329114 14.9 3.818182 204 0 0
6.329114 14.9 4.363636 204 0 0
6.329114 14.9 4.909091 204 0 0
6.329114 14.9 5.454545 204 0 0
6.329114 14.9 6.0 204 0 0
6.835443 14.9 0.0 204 0 0
6.835443 14.9 0.545455 204 0 0
6.835443 14.9 1.090909 204 0 0
6.835443 14.9 1.636364 204 0 0
6.835443 14.9 2.181818 204 0 0
6.835443 14.9 2.727273 204 0 0
6.835443 14.9 3.272727 204 0 0
6.835443 14.9 3.818182 204 0 0
6.835443 14.9 4.363636 204 0 0
6.835443 14.9 4.909091 204 0 0
6.835443 14.9 5.454545 204 0 0
6.835443 14.9 6.0 204 0 0
7.341772 14.9 0.0 204 0 0
7.341772 14.9 0.545455 204 0 0
7.341772 14.9 1.090909 204 0 0
7.341772 14.9 1.636364 204 0 0
7.341772 14.9 2.181818 204 0 0
7.341772 14.9 2.727273 204 0 0
7.341772 14.9 3.272727 204 0 0
7.341772 14.9 3.818182 204 0 0
7.341772 14.9 4.363636 204 0 0
7.341772 14.9 4.909091 204 0 0
7.341772 14.9 5.454545 204 0 0
7.341772 14.9 6.0 204 0 0
7.848101 14.9 0.0 204 0 0
7.848101 14.9 0.545455 204 0 0
7.848101 14.9 1.090909 204 0 0
7.848101 14.9 1.636364 204 0 0
7.848101 14.9 2.181818 204 0 0
7.848101 14.9 2.727273 204 0 0
7.848101 14.9 3.272727 204 0 0
7.848101 14.9 3.818182 204 0 0
7.848101 14.9 4.363636 204 0 0
7.848101 14.9 4.909091 204 0 0
7.848101 14.9 5.454545 204 0 0
7.848101 14.9 6.0 204 0 0
8.35443 14.9 0.0 204 0 0
8.35443 14.9 0.545455 204 0 0
8.35443 14.9 1.090909 204 0 0
8.35443 14.9 1.636364 204 0 0
8.35443 14.9 2.181818 204 0 0
8.35443 14.9 2.727273 204 0 0
8.35443 14.9 3.272727 204 0 0
8.35443 14.9 3.818182 204 0 0
8.35443 14.9 4.363636 204 0 0
8.35443 14.9 4.909091 204 0 0
8.35443 14.9 5.454545 204 0 0
8.35443 14.9 6.0 204 0 0
8.860759 14.9 0.0 204 0 0
8.860759 14.9 0.545455 204 0 0
8.860759 14.9 1.090909 204 0 0
8.860759 14.9 1.636364 204 0 0
8.860759 14.9 2.181818 204 0 0
8.860759 14.9 2.727273 204 0 0
8.860759 14.9 3.272727 204 0 0
8.860759 14.9 3.818182 204 0 0
8.860759 14.9 4.363636 204 0 0
8.860759 14.9 4.909091 204 0 0
8.860759 14.9 5.454545 204 0 0
8.860759 14.9 6.0 204 0 0
9.367089 14.9 0.0 204 0 0
9.367089 14.9 0.545455 204 0 0
9.367089 14.9 1.090909 204 0 0
9.367089 14.9 1.636364 204 0 0
9.367089 14.9 2.181818 204 0 0
9.367089 14.9 2.727273 204 0 0
9.367089 14.9 3.272727 204 0 0
9.367089 14.9 3.818182 204 0 0
9.367089 14.9 4.363636 204 0 0
9.367089 14.9 4.909091 204 0 0
9.367089 14.9 5.454545 204 0 0
9.367089 14.9 6.0 204 0 0
9.873418 14.9 0.0 204 0 0
9.873418 14.9 0.545455 204 0 0
9.873418 14.9 1.090909 204 0 0
9.873418 14.9 1.636364 204 0 0
9.873418 14.9 2.181818 204 0 0
9.873418 14.9 2.727273 204 0 0
9.873418 14.9 3.272727 204 0 0
9.873418 14.9 3.818182 204 0 0
9.873418 14.9 4.363636 204 0 0
9.873418 14.9 4.909091 204 0 0
9.873418 14.9 5.454545 204 0 0
9.873418 14.9 6.0 204 0 0
10.379747 14.9 0.0 204 0 0
10.379747 14.9 0.545455 204 0 0
10.379747 14.9 1.090909 204 0 0
10.379747 14.9 1.636364 204 0 0
10.379747 14.9 2.181818 204 0 0
10.379747 14.9 2.727273 204 0 0
10.379747 14.9 3.272727 204 0 0
10.379747 14.9 3.818182 204 0 0
10.379747 14.9 4.363636 204 0 0
10.379747 14.9 4.909091 204 0 0
10.379747 14.9 5.454545 204 0 0
10.379747 14.9 6.0 204 0 0
10.886076 14.9 0.0 204 0 0
10.886076 14.9 0.545455 204 0 0
10.886076 14.9 1.090909 204 0 0
10.886076 14.9 1.636364 204 0 0
10.886076 14.9 2.181818 204 0 0
10.886076 14.9 2.727273 204 0 0
10.886076 14.9 3.272727 204 0 0
10.886076 14.9 3.818182 204 0 0
10.886076 14.9 4.363636 204 0 0
10.886076 14.9 4.909091 204 0 0
10.886076 14.9 5.454545 204 0 0
10.886076 14.9 6.0 204 0 0
11.392405 14.9 0.0 204 0 0
11.392405 14.9 0.545455 204 0 0
11.392405 14.9 1.090909 204 0 0
11.392405 14.9 1.636364 204 0 0
11.392405 14.9 2.181818 204 0 0
11.392405 14.9 2.727273 204 0 0
11.392405 14.9 3.272727 204 0 0
11.392405 14.9 3.818182 204 0 0
11.392405 14.9 4.363636 204 0 0
11.392405 14.9 4.909091 204 0 0
11.392405 14.9 5.454545 204 0 0
11.392405 14.9 6.0 204 0 0
11.898734 14.9 0.0 204 0 0
11.898734 14.9 0.545455 204 0 0
11.898734 14.9 1.090909 204 0 0
11.898734 14.9 1.636364 204 0 0
11.898734 14.9 2.181818 204 0 0
11.898734 14.9 2.727273 204 0 0
11.898734 14.9 3.272727 204 0 0
11.898734 14.9 3.818182 204 0 0
11.898734 14.9 4.363636 204 0 0
11.898734 14.9 4.909091 204 0 0
11.898734 14.9 5.454545 204 0 0
11.898734 14.9 6.0 204 0 0
12.405063 14.9 0.0 204 0 0
12.405063 14.9 0.545455 204 0 0
12.405063 14.9 1.090909 204 0 0
12.405063 14.9 1.636364 204 0 0
12.405063 14.9 2.181818 204 0 0
12.405063 14.9 2.727273 204 0 0
12.405063 14.9 3.272727 204 0 0
12.405063 14.9 3.818182 204 0 0
12.405063 14.9 4.363636 204 0 0
12.405063 14.9 4.909091 204 0 0
12.405063 14.9 5.454545 204 0 0
12.405063 14.9 6.0 204 0 0
12.911392 14.9 0.0 204 0 0
12.911392 14.9 0.545455 204 0 0
12.911392 14.9 1.090909 204 0 0
12.911392 14.9 1.636364 204 0 0
12.911392 14.9 2.181818 204 0 0
12.911392 14.9 2.727273 204 0 0
12.911392 14.9 3.272727 204 0 0
12.911392 14.9 3.818182 204 0 0
12.911392 14.9 4.363636 204 0 0
12.911392 14.9 4.909091 204 0 0
12.911392 14.9 5.454545 204 0 0
12.911392 14.9 6.0 204 0 0
13.417722 14.9 0.0 204 0 0
13.417722 14.9 0.545455 204 0 0
13.417722 14.9 1.090909 204 0 0
13.417722 14.9 1.636364 204 0 0
13.417722 14.9 2.181818 204 0 0
13.417722 14.9 2.727273 204 0 0
13.417722 14.9 3.272727 204 0 0
13.417722 14.9 3.818182 204 0 0
13.417722 14.9 4.363636 204 0 0
13.417722 14.9 4.909091 204 0 0
13.417722 14.9 5.454545 204 0 0
13.417722 14.9 6.0 204 0 0
13.924051 14.9 0.0 204 0 0
13.924051 14.9 0.545455 204 0 0
13.924051 14.9 1.090909 204 0 0
13.924051 14.9 1.636364 204 0 0
13.924051 14.9 2.181818 204 0 0
13.924051 14.9 2.727273 204 0 0
13.924051 14.9 3.272727 204 0 0
13.924051 14.9 3.818182 204 0 0
13.924051 14.9 4.363636 204 0 0
13.924051 14.9 4.909091 204 0 0
13.924051 14.9 5.454545 204 0 0
13.924051 14.9 6.0 204 0 0
14.43038 14.9 0.0 204 0 0
14.43038 14.9 0.545455 204 0 0
14.43038 14.9 1.090909 204 0 0
14.43038 14.9 1.636364 204 0 0
14.43038 14.9 2.181818 204 0 0
14.43038 14.9 2.727273 204 0 0
14.43038 14.9 3.272727 204 0 0
14.43038 14.9 3.818182 204 0 0
14.43038 14.9 4.363636 204 0 0
14.43038 14.9 4.909091 204 0 0
14.43038 14.9 5.454545 204 0 0
14.43038 14.9 6.0 204 0 0
14.936709 14.9 0.0 204 0 0
14.936709 14.9 0.545455 204 0 0
14.936709 14.9 1.090909 204 0 0
14.936709 14.9 1.636364 204 0 0
14.936709 14.9 2.181818 204 0 0
14.936709 14.9 2.727273 204 0 0
14.936709 14.9 3.272727 204 0 0
14.936709 14.9 3.818182 204 0 0
14.936709 14.9 4.363636 204 0 0
14.936709 14.9 4.909091 204 0 0
14.936709 14.9 5.454545 204 0 0
14.936709 14.9 6.0 204 0 0
15.443038 14.9 0.0 204 0 0
15.443038 14.9 0.545455 204 0 0
15.443038 14.9 1.090909 204 0 0
15.443038 14.9 1.636364 204 0 0
15.443038 14.9 2.181818 204 0 0
15.443038 14.9 2.727273 204 0 0
15.443038 14.9 3.272727 204 0 0
15.443038 14.9 3.818182 204 0 0
15.443038 14.9 4.363636 204 0 0
15.443038 14.9 4.909091 204 0 0
15.443038 14.9 5.454545 204 0 0
15.443038 14.9 6.0 204 0 0
15.949367 14.9 0.0 204 0 0
15.949367 14.9 0.545455 204 0 0
15.949367 14.9 1.090909 204 0 0
15.949367 14.9 1.636364 204 0 0
15.949367 14.9 2.181818 204 0 0
15.949367 14.9 2.727273 204 0 0
15.949367 14.9 3.272727 204 0 0
15.949367 14.9 3.818182 204 0 0
15.949367 14.9 4.363636 204 0 0
15.949367 14.9 4.909091 204 0 0
15.949367 14.9 5.454545 204 0 0
15.949367 14.9 6.0 204 0 0
16.455696 14.9 0.0 204 0 0
16.455696 14.9 0.545455 204 0 0
16.455696 14.9 1.090909 204 0 0
16.455696 14.9 1.636364 204 0 0
16.455696 14.9 2.181818 204 0 0
16.455696 14.9 2.727273 204 0 0
16.455696 14.9 3.272727 204 0 0
16.455696 14.9 3.818182 204 0 0
16.455696 14.9 4.363636 204 0 0
16.455696 14.9 4.909091 204 0 0
16.455696 14.9 5.454545 204 0 0
16.455696 14.9 6.0 204 0 0
16.962025 14.9 0.0 204 0 0
16.962025 14.9 0.545455 204 0 0
16.962025 14.9 1.090909 204 0 0
16.962025 14.9 1.636364 204 0 0
16.962025 14.9 2.181818 204 0 0
16.962025 14.9 2.727273 204 0 0
16.962025 14.9 3.272727 204 0 0
16.962025 14.9 3.818182 204 0 0
16.962025 14.9 4.363636 204 0 0
16.962025 14.9 4.909091 204 0 0
16.962025 14.9 5.454545 204 0 0
16.962025 14.9 6.0 204 0 0
17.468354 14.9 0.0 204 0 0
17.468354 14.9 0.545455 204 0 0
17.468354 14.9 1.090909 204 0 0
17.468354 14.9 1.636364 204 0 0
17.468354 14.9 2.181818 204 0 0
17.468354 14.9 2.727273 204 0 0
17.468354 14.9 3.272727 204 0 0
17.468354 14.9 3.818182 204 0 0
17.468354 14.9 4.363636 204 0 0
17.468354 14.9 4.909091 204 0 0
17.468354 14.9 5.454545 204 0 0
17.468354 14.9 6.0 204 0 0
17.974684 14.9 0.0 204 0 0
17.974684 14.9 0.545455 204 0 0
17.974684 14.9 1.090909 204 0 0
17.974684 14.9 1.636364 204 0 0
17.974684 14.9 2.181818 204 0 0
17.974684 14.9 2.727273 204 0 0
17.974684 14.9 3.272727 204 0 0
17.974684 14.9 3.818182 204 0 0
17.974684 14.9 4.363636 204 0 0
17.974684 14.9 4.909091 204 0 0
17.974684 14.9 5.454545 204 0 0
17.974684 14.9 6.0 204 0 0
18.481013 14.9 0.0 204 0 0
18.481013 14.9 0.545455 204 0 0
18.481013 14.9 1.090909 204 0 0
18.481013 14.9 1.636364 204 0 0
18.481013 14.9 2.181818 204 0 0
18.481013 14.9 2.727273 204 0 0
18.481013 14.9 3.272727 204 0 0
18.481013 14.9 3.818182 204 0 0
18.481013 14.9 4.363636 204 0 0
18.481013 14.9 4.909091 204 0 0
18.481013 14.9 5.454545 204 0 0
18.481013 14.9 6.0 204 0 0
18.987342 14.9 0.0 204 0 0
18.987342 14.9 0.545455 204 0 0
18.987342 14.9 1.090909 204 0 0
18.987342 14.9 1.636364 204 0 0
18.987342 14.9 2.181818 204 0 0
18.987342 14.9 2.727273 204 0 0
18.987342 14.9 3.272727 204 0 0
18.987342 14.9 3.818182 204 0 0
18.987342 14.9 4.363636 204 0 0
18.987342 14.9 4.909091 204 0 0
18.987342 14.9 5.454545 204 0 0
18.987342 14.9 6.0 204 0 0
19.493671 14.9 0.0 204 0 0
19.493671 14.9 0.545455 204 0 0
19.493671 14.9 1.090909 204 0 0
19.493671 14.9 1.636364 204 0 0
19.493671 14.9 2.181818 204 0 0
19.493671 14.9 2.727273 204 0 0
19.493671 14.9 3.272727 204 0 0
19.493671 14.9 3.818182 204 0 0
19.493671 14.9 4.363636 204 0 0
19.493671 14.9 4.909091 204 0 0
19.493671 14.9 5.454545 204 0 0
19.493671 14.9 6.0 204 0 0
20.0 14.9 0.0 204 0 0
20.0 14.9 0.545455 204 0 0
20.0 14.9 1.090909 204 0 0
20.0 14.9 1.636364 204 0 0
20.0 14.9 2.181818 204 0 0
20.0 14.9 2.727273 204 0 0
20.0 14.9 3.272727 204 0 0
20.0 14.9 3.818182 204 0 0
20.0 14.9 4.363636 204 0 0
20.0 14.9 4.909091 204 0 0
20.0 14.9 5.454545 204 0 0
20.0 14.9 6.0 204 0 0
-20.0 14.9 6.0 204 0 0
-20.0 15.1 6.0 204 0 0
-19.493671 14.9 6.0 204 0 0
-19.493671 15.1 6.0 204 0 0
-18.987342 14.9 6.0 204 0 0
-18.987342 15.1 6.0 204 0 0
-18.481013 14.9 6.0 204 0 0
-18.481013 15.1 6.0 204 0 0
-17.974684 14.9 6.0 204 0 0
-17.974684 15.1 6.0 204 0 0
-17.468354 14.9 6.0 204 0 0
-17.468354 15.1 6.0 204 0 0
-16.962025 14.9 6.0 204 0 0
-16.962025 15.1 6.0 204 0 0
-16.455696 14.9 6.0 204 0 0
-16.455696 15.1 6.0 204 0 0
-15.949367 14.9 6.0 204 0 0
-15.949367 15.1 6.0 204 0 0
-15.443038 14.9 6.0 204 0 0
-15.443038 15.1 6.0 204 0 0
-14.936709 14.9 6.0 204 0 0
-14.936709 15.1 6.0 204 0 0
-14.43038 14.9 6.0 204 0 0
-14.43038 15.1 6.0 204 0 0
-13.924051 14.9 6.0 204 0 0
-13.924051 15.1 6.0 204 0 0
-13.417722 14.9 6.0 204 0 0
-13.417722 15.1 6.0 204 0 0
-12.911392 14.9 6.0 204 0 0
-12.911392 15.1 6.0 204 0 0
-12.405063 14.9 6.0 204 0 0
-12.405063 15.1 6.0 204 0 0
-11.898734 14.9 6.0 204 0 0
-11.898734 15.1 6.0 204 0 0
-11.392405 14.9 6.0 204 0 0
-11.392405 15.1 6.0 204 0 0
-10.886076 14.9 6.0 204 0 0
-10.886076 15.1 6.0 204 0 0
-10.379747 14.9 6.0 204 0 0
-10.379747 15.1 6.0 204 0 0
-9.873418 14.9 6.0 204 0 0
-9.873418 15.1 6.0 204 0 0
-9.367089 14.9 6.0 204 0 0
-9.367089 15.1 6.0 204 0 0
-8.860759 14.9 6.0 204 0 0
-8.860759 15.1 6.0 204 0 0
-8.35443 14.9 6.0 204 0 0
-8.35443 15.1 6.0 204 0 0
-7.848101 14.9 6.0 204 0 0
-7.848101 15.1 6.0 204 0 0
-7.341772 14.9 6.0 204 0 0
-7.341772 15.1 6.0 204 0 0
-6.835443 14.9 6.0 204 0 0
-6.835443 15.1 6.0 204 0 0
-6.329114 14.9 6.0 204 0 0
-6.329114 15.1 6.0 204 0 0
-5.822785 14.9 6.0 204 0 0
-5.822785 15.1 6.0 204 0 0
-5.316456 14.9 6.0 204 0 0
-5.316456 15.1 6.0 204 0 0
-4.810127 14.9 6.0 204 0 0
-4.810127 15.1 6.0 204 0 0
-4.303797 14.9 6.0 204 0 0
-4.303797 15.1 6.0 204 0 0
-3.797468 14.9 6.0 204 0 0
-3.797468 15.1 6.0 204 0 0
-3.291139 14.9 6.0 204 0 0
-3.291139 15.1 6.0 204 0 0
-2.78481 14.9 6.0 204 0 0
-2.78481 15.1 6.0 204 0 0
-2.278481 14.9 6.0 204 0 0
-2.278481 15.1 6.0 204 0 0
-1.772152 14.9 6.0 204 0 0
-1.772152 15.1 6.0 204 0 0
-1.265823 14.9 6.0 204 0 0
-1.265823 15.1 6.0 204 0 0
-0.759494 14.9 6.0 204 0 0
-0.759494 15.1 6.0 204 0 0
-0.253165 14.9 6.0 204 0 0
-0.253165 15.1 6.0 204 0 0
0.253165 14.9 6.0 204 0 0
0.253165 15.1 6.0 204 0 0
0.759494 14.9 6.0 204 0 0
0.759494 15.1 6.0 204 0 0
1.265823 14.9 6.0 204 0 0
1.265823 15.1 6.0 204 0 0
1.772152 14.9 6.0 204 0 0
1.772152 15.1 6.0 204 0 0
2.278481 14.9 6.0 204 0 0
2.278481 15.1 6.0 204 0 0
2.78481 14.9 6.0 204 0 0
2.78481 15.1 6.0 204 0 0
3.291139 14.9 6.0 204 0 0
3.291139 15.1 6.0 204 0 0
3.797468 14.9 6.0 204 0 0
3.797468 15.1 6.0 204 0 0
4.303797 14.9 6.0 204 0 0
4.303797 15.1 6.0 204 0 0
4.810127 14.9 6.0 204 0 0
4.810127 15.1 6.0 204 0 0
5.316456 14.9 6.0 204 0 0
5.316456 15.1 6.0 204 0 0
5.822785 14.9 6.0 204 0 0
5.822785 15.1 6.0 204 0 0
6.329114 14.9 6.0 204 0 0
6.329114 15.1 6.0 204 0 0
6.835443 14.9 6.0 204 0 0
6.835443 15.1 6.0 204 0 0
7.341772 14.9 6.0 204 0 0
7.341772 15.1 6.0 204 0 0
7.848101 14.9 6.0 204 0 0
7.848101 15.1 6.0 204 0 0
8.35443 14.9 6.0 204 0 0
8.35443 15.1 6.0 204 0 0
8.860759 14.9 6.0 204 0 0
8.860759 15.1 6.0 204 0 0
9.367089 14.9 6.0 204 0 0
9.367089 15.1 6.0 204 0 0
9.873418 14.9 6.0 204 0 0
9.873418 15.1 6.0 204 0 0
10.379747 14.9 6.0 204 0 0
10.379747 15.1 6.0 204 0 0
10.886076 14.9 6.0 204 0 0
10.886076 15.1 6.0 204 0 0
11.392405 14.9 6.0 204 0 0
11.392405 15.1 6.0 204 0 0
11.898734 14.9 6.0 204 0 0
11.898734 15.1 6.0 204 0 0
12.405063 14.9 6.0 204 0 0
12.405063 15.1 6.0 204 0 0
12.911392 14.9 6.0 204 0 0
12.911392 15.1 6.0 204 0 0
13.417722 14.9 6.0 204 0 0
13.417722 15.1 6.0 204 0 0
13.924051 14.9 6.0 204 0 0
13.924051 15.1 6.0 204 0 0
14.43038 14.9 6.0 204 0 0
14.43038 15.1 6.0 204 0 0
14.936709 14.9 6.0 204 0 0
14.936709 15.1 6.0 204 0 0
15.443038 14.9 6.0 204 0 0
15.443038 15.1 6.0 204 0 0
15.949367 14.9 6.0 204 0 0
15.949367 15.1 6.0 204 0 0
16.455696 14.9 6.0 204 0 0
16.455696 15.1 6.0 204 0 0
16.962025 14.9 6.0 204 0 0
16.962025 15.1 6.0 204 0 0
17.468354 14.9 6.0 204 0 0
17.468354 15.1 6.0 204 0 0
17.974684 14.9 6.0 204 0 0
17.974684 15.1 6.0 204 0 0
18.481013 14.9 6.0 204 0 0
18.481013 15.1 6.0 204 0 0
18.987342 14.9 6.0 204 0 0
18.987342 15.1 6.0 204 0 0
19.493671 14.9 6.0 204 0 0
19.493671 15.1 6.0 204 0 0
20.0 14.9 6.0 204 0 0
20.0 15.1 6.0 204 0 0
-20.0 14.9 0.0 204 0 0
-20.0 15.1 0.0 204 0 0
-19.493671 14.9 0.0 204 0 0
-19.493671 15.1 0.0 204 0 0
-18.987342 14.9 0.0 204 0 0
-18.987342 15.1 0.0 204 0 0
-18.481013 14.9 0.0 204 0 0
-18.481013 15.1 0.0 204 0 0
-17.974684 14.9 0.0 204 0 0
-17.974684 15.1 0.0 204 0 0
-17.468354 14.9 0.0 204 0 0
-17.468354 15.1 0.0 204 0 0
-16.962025 14.9 0.0 204 0 0
-16.962025 15.1 0.0 204 0 0
-16.455696 14.9 0.0 204 0 0
-16.455696 15.1 0.0 204 0 0
-15.949367 14.9 0.0 204 0 0
-15.949367 15.1 0.0 204 0 0
-15.443038 14.9 0.0 204 0 0
-15.443038 15.1 0.0 204 0 0
-14.936709 14.9 0.0 204 0 0
-14.936709 15.1 0.0 204 0 0
-14.43038 14.9 0.0 204 0 0
-14.43038 15.1 0.0 204 0 0
-13.924051 14.9 0.0 204 0 0
-13.924051 15.1 0.0 204 0 0
-13.417722 14.9 0.0 204 0 0
-13.417722 15.1 0.0 204 0 0
-12.911392 14.9 0.0 204 0 0
-12.911392 15.1 0.0 204 0 0
-12.405063 14.9 0.0 204 0 0
-12.405063 15.1 0.0 204 0 0
-11.898734 14.9 0.0 204 0 0
-11.898734 15.1 0.0 204 0 0
-11.392405 14.9 0.0 204 0 0
-11.392405 15.1 0.0 204 0 0
-10.886076 14.9 0.0 204 0 0
-10.886076 15.1 0.0 204 0 0
-10.379747 14.9 0.0 204 0 0
-10.379747 15.1 0.0 204 0 0
-9.873418 14.9 0.0 204 0 0
-9.873418 15.1 0.0 204 0 0
-9.367089 14.9 0.0 204 0 0
-9.367089 15.1 0.0 204 0 0
-8.860759 14.9 0.0 204 0 0
-8.860759 15.1 0.0 204 0 0
-8.35443 14.9 0.0 204 0 0
-8.35443 15.1 0.0 204 0 0
-7.848101 14.9 0.0 204 0 0
-7.848101 15.1 0.0 204 0 0
-7.341772 14.9 0.0 204 0 0
-7.341772 15.1 0.0 204 0 0
-6.835443 14.9 0.0 204 0 0
-6.835443 15.1 0.0 204 0 0
-6.329114 14.9 0.0 204 0 0
-6.329114 15.1 0.0 204 0 0
-5.822785 14.9 0.0 204 0 0
-5.822785 15.1 0.0 204 0 0
-5.316456 14.9 0.0 204 0 0
-5.316456 15.1 0.0 204 0 0
-4.810127 14.9 0.0 204 0 0
-4.810127 15.1 0.0 204 0 0
-4.303797 14.9 0.0 204 0 0
-4.303797 15.1 0.0 204 0 0
-3.797468 14.9 0.0 204 0 0
-3.797468 15.1 0.0 204 0 0
-3.291139 14.9 0.0 204 0 0
-3.291139 15.1 0.0 204 0 0
-2.78481 14.9 0.0 204 0 0
-2.78481 15.1 0.0 204 0 0
-2.278481 14.9 0.0 204 0 0
-2.278481 15.1 0.0 204 0 0
-1.772152 14.9 0.0 204 0 0
-1.772152 15.1 0.0 204 0 0
-1.265823 14.9 0.0 204 0 0
-1.265823 15.1 0.0 204 0 0
-0.759494 14.9 0.0 204 0 0
-0.759494 15.1 0.0 204 0 0
-0.253165 14.9 0.0 204 0 0
-0.253165 15.1 0.0 204 0 0
0.253165 14.9 0.0 204 0 0
0.253165 15.1 0.0 204 0 0
0.759494 14.9 0.0 204 0 0
0.759494 15.1 0.0 204 0 0
1.265823 14.9 0.0 204 0 0
1.265823 15.1 0.0 204 0 0
1.772152 14.9 0.0 204 0 0
1.772152 15.1 0.0 204 0 0
2.278481 14.9 0.0 204 0 0
2.278481 15.1 0.0 204 0 0
2.78481 14.9 0.0 204 0 0
2.78481 15.1 0.0 204 0 0
3.291139 14.9 0.0 204 0 0
3.291139 15.1 0.0 204 0 0
3.797468 14.9 0.0 204 0 0
3.797468 15.1 0.0 204 0 0
4.303797 14.9 0.0 204 0 0
4.303797 15.1 0.0 204 0 0
4.810127 14.9 0.0 204 0 0
4.810127 15.1 0.0 204 0 0
5.316456 14.9 0.0 204 0 0
5.316456 15.1 0.0 204 0 0
5.822785 14.9 0.0 204 0 0
5.822785 15.1 0.0 204 0 0
6.329114 14.9 0.0 204 0 0
6.329114 15.1 0.0 204 0 0
6.835443 14.9 0.0 204 0 0
6.835443 15.1 0.0 204 0 0
7.341772 14.9 0.0 204 0 0
7.341772 15.1 0.0 204 0 0
7.848101 14.9 0.0 204 0 0
7.848101 15.1 0.0 204 0 0
8.35443 14.9 0.0 204 0 0
8.35443 15.1 0.0 204 0 0
8.860759 14.9 0.0 204 0 0
8.860759 15.1 0.0 204 0 0
9.367089 14.9 0.0 204 0 0
9.367089 15.1 0.0 204 0 0
9.873418 14.9 0.0 204 0 0
9.873418 15.1 0.0 204 0 0
10.379747 14.9 0.0 204 0 0
10.379747 15.1 0.0 204 0 0
10.886076 14.9 0.0 204 0 0
10.886076 15.1 0.0 204 0 0
11.392405 14.9 0.0 204 0 0
11.392405 15.1 0.0 204 0 0
11.898734 14.9 0.0 204 0 0
11.898734 15.1 0.0 204 0 0
12.405063 14.9 0.0 204 0 0
12.405063 15.1 0.0 204 0 0
12.911392 14.9 0.0 204 0 0
12.911392 15.1 0.0 204 0 0
13.417722 14.9 0.0 204 0 0
13.417722 15.1 0.0 204 0 0
13.924051 14.9 0.0 204 0 0
13.924051 15.1 0.0 204 0 0
14.43038 14.9 0.0 204 0 0
14.43038 15.1 0.0 204 0 0
14.936709 14.9 0.0 204 0 0
14.936709 15.1 0.0 204 0 0
15.443038 14.9 0.0 204 0 0
15.443038 15.1 0.0 204 0 0
15.949367 14.9 0.0 204 0 0
15.949367 15.1 0.0 204 0 0
16.455696 14.9 0.0 204 0 0
16.455696 15.1 0.0 204 0 0
16.962025 14.9 0.0 204 0 0
16.962025 15.1 0.0 204 0 0
17.468354 14.9 0.0 204 0 0
17.468354 15.1 0.0 204 0 0
17.974684 14.9 0.0 204 0 0
17.974684 15.1 0.0 204 0 0
18.481013 14.9 0.0 204 0 0
18.481013 15.1 0.0 204 0 0
18.987342 14.9 0.0 204 0 0
18.987342 15.1 0.0 204 0 0
19.493671 14.9 0.0 204 0 0
19.493671 15.1 0.0 204 0 0
20.0 14.9 0.0 204 0 0
20.0 15.1 0.0 204 0 0
20.0 -15.1 0.0 204 0 0
20.0 -15.1 0.545455 204 0 0
20.0 -15.1 1.090909 204 0 0
20.0 -15.1 1.636364 204 0 0
20.0 -15.1 2.181818 204 0 0
20.0 -15.1 2.727273 204 0 0
20.0 -15.1 3.272727 204 0 0
20.0 -15.1 3.818182 204 0 0
20.0 -15.1 4.363636 204 0 0
20.0 -15.1 4.909091 204 0 0
20.0 -15.1 5.454545 204 0 0
20.0 -15.1 6.0 204 0 0
20.0 -14.9 0.0 204 0 0
20.0 -14.9 0.545455 204 0 0
20.0 -14.9 1.090909 204 0 0
20.0 -14.9 1.636364 204 0 0
20.0 -14.9 2.181818 204 0 0
20.0 -14.9 2.727273 204 0 0
20.0 -14.9 3.272727 204 0 0
20.0 -14.9 3.818182 204 0 0
20.0 -14.9 4.363636 204 0 0
20.0 -14.9 4.909091 204 0 0
20.0 -14.9 5.454545 204 0 0
20.0 -14.9 6.0 204 0 0
-20.0 -15.1 0.0 204 0 0
-20.0 -15.1 0.545455 204 0 0
-20.0 -15.1 1.090909 204 0 0
-20.0 -15.1 1.636364 204 0 0
-20.0 -15.1 2.181818 204 0 0
-20.0 -15.1 2.727273 204 0 0
-20.0 -15.1 3.272727 204 0 0
-20.0 -15.1 3.818182 204 0 0
-20.0 -15.1 4.363636 204 0 0
-20.0 -15.1 4.909091 204 0 0
-20.0 -15.1 5.454545 204 0 0
-20.0 -15.1 6.0 204 0 0
-20.0 -14.9 0.0 204 0 0
-20.0 -14.9 0.545455 204 0 0
-20.0 -14.9 1.090909 204 0 0
-20.0 -14.9 1.636364 204 0 0
-20.0 -14.9 2.181818 204 0 0
-20.0 -14.9 2.727273 204 0 0
-20.0 -14.9 3.272727 204 0 0
-20.0 -14.9 3.818182 204 0 0
-20.0 -14.9 4.363636 204 0 0
-20.0 -14.9 4.909091 204 0 0
-20.0 -14.9 5.454545 204 0 0
-20.0 -14.9 6.0 204 0 0
-20.0 -14.9 0.0 204 0 0
-20.0 -14.9 0.545455 204 0 0
-20.0 -14.9 1.090909 204 0 0
-20.0 -14.9 1.636364 204 0 0
-20.0 -14.9 2.181818 204 0 0
-20.0 -14.9 2.727273 204 0 0
-20.0 -14.9 3.272727 204 0 0
-20.0 -14.9 3.818182 204 0 0
-20.0 -14.9 4.363636 204 0 0
-20.0 -14.9 4.909091 204 0 0
-20.0 -14.9 5.454545 204 0 0
-20.0 -14.9 6.0 204 0 0
-19.493671 -14.9 0.0 204 0 0
-19.493671 -14.9 0.545455 204 0 0
-19.493671 -14.9 1.090909 204 0 0
-19.493671 -14.9 1.636364 204 0 0
-19.493671 -14.9 2.181818 204 0 0
-19.493671 -14.9 2.727273 204 0 0
-19.493671 -14.9 3.272727 204 0 0
-19.493671 -14.9 3.818182 204 0 0
-19.493671 -14.9 4.363636 204 0 0
-19.493671 -14.9 4.909091 204 0 0
-19.493671 -14.9 5.454545 204 0 0
-19.493671 -14.9 6.0 204 0 0
-18.987342 -14.9 0.0 204 0 0
-18.987342 -14.9 0.545455 204 0 0
-18.987342 -14.9 1.090909 204 0 0
-18.987342 -14.9 1.636364 204 0 0
-18.987342 -14.9 2.181818 204 0 0
-18.987342 -14.9 2.727273 204 0 0
-18.987342 -14.9 3.272727 204 0 0
-18.987342 -14.9 3.818182 204 0 0
-18.987342 -14.9 4.363636 204 0 0
-18.987342 -14.9 4.909091 204 0 0
-18.987342 -14.9 5.454545 204 0 0
-18.987342 -14.9 6.0 204 0 0
-18.481013 -14.9 0.0 204 0 0
-18.481013 -14.9 0.545455 204 0 0
-18.481013 -14.9 1.090909 204 0 0
-18.481013 -14.9 1.636364 204 0 0
-18.481013 -14.9 2.181818 204 0 0
-18.481013 -14.9 2.727273 204 0 0
-18.481013 -14.9 3.272727 204 0 0
-18.481013 -14.9 3.818182 204 0 0
-18.481013 -14.9 4.363636 204 0 0
-18.481013 -14.9 4.909091 204 0 0
-18.481013 -14.9 5.454545 204 0 0
-18.481013 -14.9 6.0 204 0 0
-17.974684 -14.9 0.0 204 0 0
-17.974684 -14.9 0.545455 204 0 0
-17.974684 -14.9 1.090909 204 0 0
-17.974684 -14.9 1.636364 204 0 0
-17.974684 -14.9 2.181818 204 0 0
-17.974684 -14.9 2.727273 204 0 0
-17.974684 -14.9 3.272727 204 0 0
-17.974684 -14.9 3.818182 204 0 0
-17.974684 -14.9 4.363636 204 0 0
-17.974684 -14.9 4.909091 204 0 0
-17.974684 -14.9 5.454545 204 0 0
-17.974684 -14.9 6.0 204 0 0
-17.468354 -14.9 0.0 204 0 0
-17.468354 -14.9 0.545455 204 0 0
-17.468354 -14.9 1.090909 204 0 0
-17.468354 -14.9 1.636364 204 0 0
-17.468354 -14.9 2.181818 204 0 0
-17.468354 -14.9 2.727273 204 0 0
-17.468354 -14.9 3.272727 204 0 0
-17.468354 -14.9 3.818182 204 0 0
-17.468354 -14.9 4.363636 204 0 0
-17.468354 -14.9 4.909091 204 0 0
-17.468354 -14.9 5.454545 204 0 0
-17.468354 -14.9 6.0 204 0 0
-16.962025 -14.9 0.0 204 0 0
-16.962025 -14.9 0.545455 204 0 0
-16.962025 -14.9 1.090909 204 0 0
-16.962025 -14.9 1.636364 204 0 0
-16.962025 -14.9 2.181818 204 0 0
-16.962025 -14.9 2.727273 204 0 0
-16.962025 -14.9 3.272727 204 0 0
-16.962025 -14.9 3.818182 204 0 0
-16.962025 -14.9 4.363636 204 0 0
-16.962025 -14.9 4.909091 204 0 0
-16.962025 -14.9 5.454545 204 0 0
-16.962025 -14.9 6.0 204 0 0
-16.455696 -14.9 0.0 204 0 0
-16.455696 -14.9 0.545455 204 0 0
-16.455696 -14.9 1.090909 204 0 0
-16.455696 -14.9 1.636364 204 0 0
-16.455696 -14.9 2.181818 204 0 0
-16.455696 -14.9 2.727273 204 0 0
-16.455696 -14.9 3.272727 204 0 0
-16.455696 -14.9 3.818182 204 0 0
-16.455696 -14.9 4.363636 204 0 0
-16.455696 -14.9 4.909091 204 0 0
-16.455696 -14.9 5.454545 204 0 0
-16.455696 -14.9 6.0 204 0 0
-15.949367 -14.9 0.0 204 0 0
-15.949367 -14.9 0.545455 204 0 0
-15.949367 -14.9 1.090909 204 0 0
-15.949367 -14.9 1.636364 204 0 0
-15.949367 -14.9 2.181818 204 0 0
-15.949367 -14.9 2.727273 204 0 0
-15.949367 -14.9 3.272727 204 0 0
-15.949367 -14.9 3.818182 204 0 0
-15.949367 -14.9 4.363636 204 0 0
-15.949367 -14.9 4.909091 204 0 0
-15.949367 -14.9 5.454545 204 0 0
-15.949367 -14.9 6.0 204 0 0
-15.443038 -14.9 0.0 204 0 0
-15.443038 -14.9 0.545455 204 0 0
-15.443038 -14.9 1.090909 204 0 0
-15.443038 -14.9 1.636364 204 0 0
-15.443038 -14.9 2.181818 204 0 0
-15.443038 -14.9 2.727273 204 0 0
-15.443038 -14.9 3.272727 204 0 0
-15.443038 -14.9 3.818182 204 0 0
-15.443038 -14.9 4.363636 204 0 0
-15.443038 -14.9 4.909091 204 0 0
-15.443038 -14.9 5.454545 204 0 0
-15.443038 -14.9 6.0 204 0 0
-14.936709 -14.9 0.0 204 0 0
-14.936709 -14.9 0.545455 204 0 0
-14.936709 -14.9 1.090909 204 0 0
-14.936709 -14.9 1.636364 204 0 0
-14.936709 -14.9 2.181818 204 0 0
-14.936709 -14.9 2.727273 204 0 0
-14.936709 -14.9 3.272727 204 0 0
-14.936709 -14.9 3.818182 204 0 0
-14.936709 -14.9 4.363636 204 0 0
-14.936709 -14.9 4.909091 204 0 0
-14.936709 -14.9 5.454545 204 0 0
-14.936709 -14.9 6.0 204 0 0
-14.43038 -14.9 0.0 204 0 0
-14.43038 -14.9 0.545455 204 0 0
-14.43038 -14.9 1.090909 204 0 0
-14.43038 -14.9 1.636364 204 0 0
-14.43038 -14.9 2.181818 204 0 0
-14.43038 -14.9 2.727273 204 0 0
-14.43038 -14.9 3.272727 204 0 0
-14.43038 -14.9 3.818182 204 0 0
-14.43038 -14.9 4.363636 204 0 0
-14.43038 -14.9 4.909091 204 0 0
-14.43038 -14.9 5.454545 204 0 0
-14.43038 -14.9 6.0 204 0 0
-13.924051 -14.9 0.0 204 0 0
-13.924051 -14.9 0.545455 204 0 0
-13.924051 -14.9 1.090909 204 0 0
-13.924051 -14.9 1.636364 204 0 0
-13.924051 -14.9 2.181818 204 0 0
-13.924051 -14.9 2.727273 204 0 0
-13.924051 -14.9 3.272727 204 0 0
-13.924051 -14.9 3.818182 204 0 0
-13.924051 -14.9 4.363636 204 0 0
-13.924051 -14.9 4.909091 204 0 0
-13.924051 -14.9 5.454545 204 0 0
-13.924051 -14.9 6.0 204 0 0
-13.417722 -14.9 0.0 204 0 0
-13.417722 -14.9 0.545455 204 0 0
-13.417722 -14.9 1.090909 204 0 0
-13.417722 -14.9 1.636364 204 0 0
-13.417722 -14.9 2.181818 204 0 0
-13.417722 -14.9 2.727273 204 0 0
-13.417722 -14.9 3.272727 204 0 0
-13.417722 -14.9 3.818182 204 0 0
-13.417722 -14.9 4.363636 204 0 0
-13.417722 -14.9 4.909091 204 0 0
-13.417722 -14.9 5.454545 204 0 0
-13.417722 -14.9 6.0 204 0 0
-12.911392 -14.9 0.0 204 0 0
-12.911392 -14.9 0.545455 204 0 0
-12.911392 -14.9 1.090909 204 0 0
-12.911392 -14.9 1.636364 204 0 0
-12.911392 -14.9 2.181818 204 0 0
-12.911392 -14.9 2.727273 204 0 0
-12.911392 -14.9 3.272727 204 0 0
-12.911392 -14.9 3.818182 204 0 0
-12.911392 -14.9 4.363636 204 0 0
-12.911392 -14.9 4.909091 204 0 0
-12.911392 -14.9 5.454545 204 0 0
-12.911392 -14.9 6.0 204 0 0
-12.405063 -14.9 0.0 204 0 0
-12.405063 -14.9 0.545455 204 0 0
-12.405063 -14.9 1.090909 204 0 0
-12.405063 -14.9 1.636364 204 0 0
-12.405063 -14.9 2.181818 204 0 0
-12.405063 -14.9 2.727273 204 0 0
-12.405063 -14.9 3.272727 204 0 0
-12.405063 -14.9 3.818182 204 0 0
-12.405063 -14.9 4.363636 204 0 0
-12.405063 -14.9 4.909091 204 0 0
-12.405063 -14.9 5.454545 204 0 0
-12.405063 -14.9 6.0 204 0 0
-11.898734 -14.9 0.0 204 0 0
-11.898734 -14.9 0.545455 204 0 0
-11.898734 -14.9 1.090909 204 0 0
-11.898734 -14.9 1.636364 204 0 0
-11.898734 -14.9 2.181818 204 0 0
-11.898734 -14.9 2.727273 204 0 0
-11.898734 -14.9 3.272727 204 0 0
-11.898734 -14.9 3.818182 204 0 0
-11.898734 -14.9 4.363636 204 0 0
-11.898734 -14.9 4.909091 204 0 0
-11.898734 -14.9 5.454545 204 0 0
-11.898734 -14.9 6.0 204 0 0
-11.392405 -14.9 0.0 204 0 0
-11.392405 -14.9 0.545455 204 0 0
-11.392405 -14.9 1.090909 204 0 0
-11.392405 -14.9 1.636364 204 0 0
-11.392405 -14.9 2.181818 204 0 0
-11.392405 -14.9 2.727273 204 0 0
-11.392405 -14.9 3.272727 204 0 0
-11.392405 -14.9 3.818182 204 0 0
-11.392405 -14.9 4.363636 204 0 0
-11.392405 -14.9 4.909091 204 0 0
-11.392405 -14.9 5.454545 204 0 0
-11.392405 -14.9 6.0 204 0 0
-10.886076 -14.9 0.0 204 0 0
-10.886076 -14.9 0.545455 204 0 0
-10.886076 -14.9 1.090909 204 0 0
-10.886076 -14.9 1.636364 204 0 0
-10.886076 -14.9 2.181818 204 0 0
-10.886076 -14.9 2.727273 204 0 0
-10.886076 -14.9 3.272727 204 0 0
-10.886076 -14.9 3.818182 204 0 0
-10.886076 -14.9 4.363636 204 0 0
-10.886076 -14.9 4.909091 204 0 0
-10.886076 -14.9 5.454545 204 0 0
-10.886076 -14.9 6.0 204 0 0
-10.379747 -14.9 0.0 204 0 0
-10.379747 -14.9 0.545455 204 0 0
-10.379747 -14.9 1.090909 204 0 0
-10.379747 -14.9 1.636364 204 0 0
-10.379747 -14.9 2.181818 204 0 0
-10.379747 -14.9 2.727273 204 0 0
-10.379747 -14.9 3.272727 204 0 0
-10.379747 -14.9 3.818182 204 0 0
-10.379747 -14.9 4.363636 204 0 0
-10.379747 -14.9 4.909091 204 0 0
-10.379747 -14.9 5.454545 204 0 0
-10.379747 -14.9 6.0 204 0 0
-9.873418 -14.9 0.0 204 0 0
-9.873418 -14.9 0.545455 204 0 0
-9.873418 -14.9 1.090909 204 0 0
-9.873418 -14.9 1.636364 204 0 0
-9.873418 -14.9 2.181818 204 0 0
-9.873418 -14.9 2.727273 204 0 0
-9.873418 -14.9 3.272727 204 0 0
-9.873418 -14.9 3.818182 204 0 0
-9.873418 -14.9 4.363636 204 0 0
-9.873418 -14.9 4.909091 204 0 0
-9.873418 -14.9 5.454545 204 0 0
-9.873418 -14.9 6.0 204 0 0
-9.367089 -14.9 0.0 204 0 0
-9.367089 -14.9 0.545455 204 0 0
-9.367089 -14.9 1.090909 204 0 0
-9.367089 -14.9 1.636364 204 0 0
-9.367089 -14.9 2.181818 204 0 0
-9.367089 -14.9 2.727273 204 0 0
-9.367089 -14.9 3.272727 204 0 0
-9.367089 -14.9 3.818182 204 0 0
-9.367089 -14.9 4.363636 204 0 0
-9.367089 -14.9 4.909091 204 0 0
-9.367089 -14.9 5.454545 204 0 0
-9.367089 -14.9 6.0 204 0 0
-8.860759 -14.9 0.0 204 0 0
-8.860759 -14.9 0.545455 204 0 0
-8.860759 -14.9 1.090909 204 0 0
-8.860759 -14.9 1.636364 204 0 0
-8.860759 -14.9 2.181818 204 0 0
-8.860759 -14.9 2.727273 204 0 0
-8.860759 -14.9 3.272727 204 0 0
-8.860759 -14.9 3.818182 204 0 0
-8.860759 -14.9 4.363636 204 0 0
-8.860759 -14.9 4.909091 204 0 0
-8.860759 -14.9 5.454545 204 0 0
-8.860759 -14.9 6.0 204 0 0
-8.35443 -14.9 0.0 204 0 0
-8.35443 -14.9 0.545455 204 0 0
-8.35443 -14.9 1.090909 204 0 0
-8.35443 -14.9 1.636364 204 0 0
-8.35443 -14.9 2.181818 204 0 0
-8.35443 -14.9 2.727273 204 0 0
-8.35443 -14.9 3.272727 204 0 0
-8.35443 -14.9 3.818182 204 0 0
-8.35443 -14.9 4.363636 204 0 0
-8.35443 -14.9 4.909091 204 0 0
-8.35443 -14.9 5.454545 204 0 0
-8.35443 -14.9 6.0 204 0 0
-7.848101 -14.9 0.0 204 0 0
-7.848101 -14.9 0.545455 204 0 0
-7.848101 -14.9 1.090909 204 0 0
-7.848101 -14.9 1.636364 204 0 0
-7.848101 -14.9 2.181818 204 0 0
-7.848101 -14.9 2.727273 204 0 0
-7.848101 -14.9 3.272727 204 0 0
-7.848101 -14.9 3.818182 204 0 0
-7.848101 -14.9 4.363636 204 0 0
-7.848101 -14.9 4.909091 204 0 0
-7.848101 -14.9 5.454545 204 0 0
-7.848101 -14.9 6.0 204 0 0
-7.341772 -14.9 0.0 204 0 0
-7.341772 -14.9 0.545455 204 0 0
-7.341772 -14.9 1.090909 204 0 0
-7.341772 -14.9 1.636364 204 0 0
-7.341772 -14.9 2.181818 204 0 0
-7.341772 -14.9 2.727273 204 0 0
-7.341772 -14.9 3.272727 204 0 0
-7.341772 -14.9 3.818182 204 0 0
-7.341772 -14.9 4.363636 204 0 0
-7.341772 -14.9 4.909091 204 0 0
-7.341772 -14.9 5.454545 204 0 0
-7.341772 -14.9 6.0 204 0 0
-6.835443 -14.9 0.0 204 0 0
-6.835443 -14.9 0.545455 204 0 0
-6.835443 -14.9 1.090909 204 0 0
-6.835443 -14.9 1.636364 204 0 0
-6.835443 -14.9 2.181818 204 0 0
-6.835443 -14.9 2.727273 204 0 0
-6.835443 -14.9 3.272727 204 0 0
-6.835443 -14.9 3.818182 204 0 0
-6.835443 -14.9 4.363636 204 0 0
-6.835443 -14.9 4.909091 204 0 0
-6.835443 -14.9 5.454545 204 0 0
-6.835443 -14.9 6.0 204 0 0
-6.329114 -14.9 0.0 204 0 0
-6.329114 -14.9 0.545455 204 0 0
-6.329114 -14.9 1.090909 204 0 0
-6.329114 -14.9 1.636364 204 0 0
-6.329114 -14.9 2.181818 204 0 0
-6.329114 -14.9 2.727273 204 0 0
-6.329114 -14.9 3.272727 204 0 0
-6.329114 -14.9 3.818182 204 0 0
-6.329114 -14.9 4.363636 204 0 0
-6.329114 -14.9 4.909091 204 0 0
-6.329114 -14.9 5.454545 204 0 0
-6.329114 -14.9 6.0 204 0 0
-5.822785 -14.9 0.0 204 0 0
-5.822785 -14.9 0.545455 204 0 0
-5.822785 -14.9 1.090909 204 0 0
-5.822785 -14.9 1.636364 204 0 0
-5.822785 -14.9 2.181818 204 0 0
-5.822785 -14.9 2.727273 204 0 0
-5.822785 -14.9 3.272727 204 0 0
-5.822785 -14.9 3.818182 204 0 0
-5.822785 -14.9 4.363636 204 0 0
-5.822785 -14.9 4.909091 204 0 0
-5.822785 -14.9 5.454545 204 0 0
-5.822785 -14.9 6.0 204 0 0
-5.316456 -14.9 0.0 204 0 0
-5.316456 -14.9 0.545455 204 0 0
-5.316456 -14.9 1.090909 204 0 0
-5.316456 -14.9 1.636364 204 0 0
-5.316456 -14.9 2.181818 204 0 0
-5.316456 -14.9 2.727273 204 0 0
-5.316456 -14.9 3.272727 204 0 0
-5.316456 -14.9 3.818182 204 0 0
-5.316456 -14.9 4.363636 204 0 0
-5.316456 -14.9 4.909091 204 0 0
-5.316456 -14.9 5.454545 204 0 0
-5.316456 -14.9 6.0 204 0 0
-4.810127 -14.9 0.0 204 0 0
-4.810127 -14.9 0.545455 204 0 0
-4.810127 -14.9 1.090909 204 0 0
-4.810127 -14.9 1.636364 204 0 0
-4.810127 -14.9 2.181818 204 0 0
-4.810127 -14.9 2.727273 204 0 0
-4.810127 -14.9 3.272727 204 0 0
-4.810127 -14.9 3.818182 204 0 0
-4.810127 -14.9 4.363636 204 0 0
-4.810127 -14.9 4.909091 204 0 0
-4.810127 -14.9 5.454545 204 0 0
-4.810127 -14.9 6.0 204 0 0
-4.303797 -14.9 0.0 204 0 0
-4.303797 -14.9 0.545455 204 0 0
-4.303797 -14.9 1.090909 204 0 0
-4.303797 -14.9 1.636364 204 0 0
-4.303797 -14.9 2.181818 204 0 0
-4.303797 -14.9 2.727273 204 0 0
-4.303797 -14.9 3.272727 204 0 0
-4.303797 -14.9 3.818182 204 0 0
-4.303797 -14.9 4.363636 204 0 0
-4.303797 -14.9 4.909091 204 0 0
-4.303797 -14.9 5.454545 204 0 0
-4.303797 -14.9 6.0 204 0 0
-3.797468 -14.9 0.0 204 0 0
-3.797468 -14.9 0.545455 204 0 0
-3.797468 -14.9 1.090909 204 0 0
-3.797468 -14.9 1.636364 204 0 0
-3.797468 -14.9 2.181818 204 0 0
-3.797468 -14.9 2.727273 204 0 0
-3.797468 -14.9 3.272727 204 0 0
-3.797468 -14.9 3.818182 204 0 0
-3.797468 -14.9 4.363636 204 0 0
-3.797468 -14.9 4.909091 204 0 0
-3.797468 -14.9 5.454545 204 0 0
-3.797468 -14.9 6.0 204 0 0
-3.291139 -14.9 0.0 204 0 0
-3.291139 -14.9 0.545455 204 0 0
-3.291139 -14.9 1.090909 204 0 0
-3.291139 -14.9 1.636364 204 0 0
-3.291139 -14.9 2.181818 204 0 0
-3.291139 -14.9 2.727273 204 0 0
-3.291139 -14.9 3.272727 204 0 0
-3.291139 -14.9 3.818182 204 0 0
-3.291139 -14.9 4.363636 204 0 0
-3.291139 -14.9 4.909091 204 0 0
-3.291139 -14.9 5.454545 204 0 0
-3.291139 -14.9 6.0 204 0 0
-2.78481 -14.9 0.0 204 0 0
-2.78481 -14.9 0.545455 204 0 0
-2.78481 -14.9 1.090909 204 0 0
-2.78481 -14.9 1.636364 204 0 0
-2.78481 -14.9 2.181818 204 0 0
-2.78481 -14.9 2.727273 204 0 0
-2.78481 -14.9 3.272727 204 0 0
-2.78481 -14.9 3.818182 204 0 0
-2.78481 -14.9 4.363636 204 0 0
-2.78481 -14.9 4.909091 204 0 0
-2.78481 -14.9 5.454545 204 0 0
-2.78481 -14.9 6.0 204 0 0
-2.278481 -14.9 0.0 204 0 0
-2.278481 -14.9 0.545455 204 0 0
-2.278481 -14.9 1.090909 204 0 0
-2.278481 -14.9 1.636364 204 0 0
-2.278481 -14.9 2.181818 204 0 0
-2.278481 -14.9 2.727273 204 0 0
-2.278481 -14.9 3.272727 204 0 0
-2.278481 -14.9 3.818182 204 0 0
-2.278481 -14.9 4.363636 204 0 0
-2.278481 -14.9 4.909091 204 0 0
-2.278481 -14.9 5.454545 204 0 0
-2.278481 -14.9 6.0 204 0 0
-1.772152 -14.9 0.0 204 0 0
-1.772152 -14.9 0.545455 204 0 0
-1.772152 -14.9 1.090909 204 0 0
-1.772152 -14.9 1.636364 204 0 0
-1.772152 -14.9 2.181818 204 0 0
-1.772152 -14.9 2.727273 204 0 0
-1.772152 -14.9 3.272727 204 0 0
-1.772152 -14.9 3.818182 204 0 0
-1.772152 -14.9 4.363636 204 0 0
-1.772152 -14.9 4.909091 204 0 0
-1.772152 -14.9 5.454545 204 0 0
-1.772152 -14.9 6.0 204 0 0
-1.265823 -14.9 0.0 204 0 0
-1.265823 -14.9 0.545455 204 0 0
-1.265823 -14.9 1.090909 204 0 0
-1.265823 -14.9 1.636364 204 0 0
-1.265823 -14.9 2.181818 204 0 0
-1.265823 -14.9 2.727273 204 0 0
-1.265823 -14.9 3.272727 204 0 0
-1.265823 -14.9 3.818182 204 0 0
-1.265823 -14.9 4.363636 204 0 0
-1.265823 -14.9 4.909091 204 0 0
-1.265823 -14.9 5.454545 204 0 0
-1.265823 -14.9 6.0 204 0 0
-0.759494 -14.9 0.0 204 0 0
-0.759494 -14.9 0.545455 204 0 0
-0.759494 -14.9 1.090909 204 0 0
-0.759494 -14.9 1.636364 204 0 0
-0.759494 -14.9 2.181818 204 0 0
-0.759494 -14.9 2.727273 204 0 0
-0.759494 -14.9 3.272727 204 0 0
-0.759494 -14.9 3.818182 204 0 0
-0.759494 -14.9 4.363636 204 0 0
-0.759494 -14.9 4.909091 204 0 0
-0.759494 -14.9 5.454545 204 0 0
-0.759494 -14.9 6.0 204 0 0
-0.253165 -14.9 0.0 204 0 0
-0.253165 -14.9 0.545455 204 0 0
-0.253165 -14.9 1.090909 204 0 0
-0.253165 -14.9 1.636364 204 0 0
-0.253165 -14.9 2.181818 204 0 0
-0.253165 -14.9 2.727273 204 0 0
-0.253165 -14.9 3.272727 204 0 0
-0.253165 -14.9 3.818182 204 0 0
-0.253165 -14.9 4.363636 204 0 0
-0.253165 -14.9 4.909091 204 0 0
-0.253165 -14.9 5.454545 204 0 0
-0.253165 -14.9 6.0 204 0 0
0.253165 -14.9 0.0 204 0 0
0.253165 -14.9 0.545455 204 0 0
0.253165 -14.9 1.090909 204 0 0
0.253165 -14.9 1.636364 204 0 0
0.253165 -14.9 2.181818 204 0 0
0.253165 -14.9 2.727273 204 0 0
0.253165 -14.9 3.272727 204 0 0
0.253165 -14.9 3.818182 204 0 0
0.253165 -14.9 4.363636 204 0 0
0.253165 -14.9 4.909091 204 0 0
0.253165 -14.9 5.454545 204 0 0
0.253165 -14.9 6.0 204 0 0
0.759494 -14.9 0.0 204 0 0
0.759494 -14.9 0.545455 204 0 0
0.759494 -14.9 1.090909 204 0 0
0.759494 -14.9 1.636364 204 0 0
0.759494 -14.9 2.181818 204 0 0
0.759494 -14.9 2.727273 204 0 0
0.759494 -14.9 3.272727 204 0 0
0.759494 -14.9 3.818182 204 0 0
0.759494 -14.9 4.363636 204 0 0
0.759494 -14.9 4.909091 204 0 0
0.759494 -14.9 5.454545 204 0 0
0.759494 -14.9 6.0 204 0 0
1.265823 -14.9 0.0 204 0 0
1.265823 -14.9 0.545455 204 0 0
1.265823 -14.9 1.090909 204 0 0
1.265823 -14.9 1.636364 204 0 0
1.265823 -14.9 2.181818 204 0 0
1.265823 -14.9 2.727273 204 0 0
1.265823 -14.9 3.272727 204 0 0
1.265823 -14.9 3.818182 204 0 0
1.265823 -14.9 4.363636 204 0 0
1.265823 -14.9 4.909091 204 0 0
1.265823 -14.9 5.454545 204 0 0
1.265823 -14.9 6.0 204 0 0
1.772152 -14.9 0.0 204 0 0
1.772152 -14.9 0.545455 204 0 0
1.772152 -14.9 1.090909 204 0 0
1.772152 -14.9 1.636364 204 0 0
1.772152 -14.9 2.181818 204 0 0
1.772152 -14.9 2.727273 204 0 0
1.772152 -14.9 3.272727 204 0 0
1.772152 -14.9 3.818182 204 0 0
1.772152 -14.9 4.363636 204 0 0
1.772152 -14.9 4.909091 204 0 0
1.772152 -14.9 5.454545 204 0 0
1.772152 -14.9 6.0 204 0 0
2.278481 -14.9 0.0 204 0 0
2.278481 -14.9 0.545455 204 0 0
2.278481 -14.9 1.090909 204 0 0
2.278481 -14.9 1.636364 204 0 0
2.278481 -14.9 2.181818 204 0 0
2.278481 -14.9 2.727273 204 0 0
2.278481 -14.9 3.272727 204 0 0
2.278481 -14.9 3.818182 204 0 0
2.278481 -14.9 4.363636 204 0 0
2.278481 -14.9 4.909091 204 0 0
2.278481 -14.9 5.454545 204 0 0
2.278481 -14.9 6.0 204 0 0
2.78481 -14.9 0.0 204 0 0
2.78481 -14.9 0.545455 204 0 0
2.78481 -14.9 1.090909 204 0 0
2.78481 -14.9 1.636364 204 0 0
2.78481 -14.9 2.181818 204 0 0
2.78481 -14.9 2.727273 204 0 0
2.78481 -14.9 3.272727 204 0 0
2.78481 -14.9 3.818182 204 0 0
2.78481 -14.9 4.363636 204 0 0
2.78481 -14.9 4.909091 204 0 0
2.78481 -14.9 5.454545 204 0 0
2.78481 -14.9 6.0 204 0 0
3.291139 -14.9 0.0 204 0 0
3.291139 -14.9 0.545455 204 0 0
3.291139 -14.9 1.090909 204 0 0
3.291139 -14.9 1.636364 204 0 0
3.291139 -14.9 2.181818 204 0 0
3.291139 -14.9 2.727273 204 0 0
3.291139 -14.9 3.272727 204 0 0
3.291139 -14.9 3.818182 204 0 0
3.291139 -14.9 4.363636 204 0 0
3.291139 -14.9 4.909091 204 0 0
3.291139 -14.9 5.454545 204 0 0
3.291139 -14.9 6.0 204 0 0
3.797468 -14.9 0.0 204 0 0
3.797468 -14.9 0.545455 204 0 0
3.797468 -14.9 1.090909 204 0 0
3.797468 -14.9 1.636364 204 0 0
3.797468 -14.9 2.181818 204 0 0
3.797468 -14.9 2.727273 204 0 0
3.797468 -14.9 3.272727 204 0 0
3.797468 -14.9 3.818182 204 0 0
3.797468 -14.9 4.363636 204 0 0
3.797468 -14.9 4.909091 204 0 0
3.797468 -14.9 5.454545 204 0 0
3.797468 -14.9 6.0 204 0 0
4.303797 -14.9 0.0 204 0 0
4.303797 -14.9 0.545455 204 0 0
4.303797 -14.9 1.090909 204 0 0
4.303797 -14.9 1.636364 204 0 0
4.303797 -14.9 2.181818 204 0 0
4.303797 -14.9 2.727273 204 0 0
4.303797 -14.9 3.272727 204 0 0
4.303797 -14.9 3.818182 204 0 0
4.303797 -14.9 4.363636 204 0 0
4.303797 -14.9 4.909091 204 0 0
4.303797 -14.9 5.454545 204 0 0
4.303797 -14.9 6.0 204 0 0
4.810127 -14.9 0.0 204 0 0
4.810127 -14.9 0.545455 204 0 0
4.810127 -14.9 1.090909 204 0 0
4.810127 -14.9 1.636364 204 0 0
4.810127 -14.9 2.181818 204 0 0
4.810127 -14.9 2.727273 204 0 0
4.810127 -14.9 3.272727 204 0 0
4.810127 -14.9 3.818182 204 0 0
4.810127 -14.9 4.363636 204 0 0
4.810127 -14.9 4.909091 204 0 0
4.810127 -14.9 5.454545 204 0 0
4.810127 -14.9 6.0 204 0 0
5.316456 -14.9 0.0 204 0 0
5.316456 -14.9 0.545455 204 0 0
5.316456 -14.9 1.090909 204 0 0
5.316456 -14.9 1.636364 204 0 0
5.316456 -14.9 2.181818 204 0 0
5.316456 -14.9 2.727273 204 0 0
5.316456 -14.9 3.272727 204 0 0
5.316456 -14.9 3.818182 204 0 0
5.316456 -14.9 4.363636 204 0 0
5.316456 -14.9 4.909091 204 0 0
5.316456 -14.9 5.454545 204 0 0
5.316456 -14.9 6.0 204 0 0
5.822785 -14.9 0.0 204 0 0
5.822785 -14.9 0.545455 204 0 0
5.822785 -14.9 1.090909 204 0 0
5.822785 -14.9 1.636364 204 0 0
5.822785 -14.9 2.181818 204 0 0
5.822785 -14.9 2.727273 204 0 0
5.822785 -14.9 3.272727 204 0 0
5.822785 -14.9 3.818182 204 0 0
5.822785 -14.9 4.363636 204 0 0
5.822785 -14.9 4.909091 204 0 0
5.822785 -14.9 5.454545 204 0 0
5.822785 -14.9 6.0 204 0 0
6.329114 -14.9 0.0 204 0 0
6.329114 -14.9 0.545455 204 0 0
6.329114 -14.9 1.090909 204 0 0
6.329114 -14.9 1.636364 204 0 0
6.329114 -14.9 2.181818 204 0 0
6.329114 -14.9 2.727273 204 0 0
6.329114 -14.9 3.272727 204 0 0
6.329114 -14.9 3.818182 204 0 0
6.329114 -14.9 4.363636 204 0 0
6.329114 -14.9 4.909091 204 0 0
6.329114 -14.9 5.454545 204 0 0
6.329114 -14.9 6.0 204 0 0
6.835443 -14.9 0.0 204 0 0
6.835443 -14.9 0.545455 204 0 0
6.835443 -14.9 1.090909 204 0 0
6.835443 -14.9 1.636364 204 0 0
6.835443 -14.9 2.181818 204 0 0
6.835443 -14.9 2.727273 204 0 0
6.835443 -14.9 3.272727 204 0 0
6.835443 -14.9 3.818182 204 0 0
6.835443 -14.9 4.363636 204 0 0
6.835443 -14.9 4.909091 204 0 0
6.835443 -14.9 5.454545 204 0 0
6.835443 -14.9 6.0 204 0 0
7.341772 -14.9 0.0 204 0 0
7.341772 -14.9 0.545455 204 0 0
7.341772 -14.9 1.090909 204 0 0
7.341772 -14.9 1.636364 204 0 0
7.341772 -14.9 2.181818 204 0 0
7.341772 -14.9 2.727273 204 0 0
7.341772 -14.9 3.272727 204 0 0
7.341772 -14.9 3.818182 204 0 0
7.341772 -14.9 4.363636 204 0 0
7.341772 -14.9 4.909091 204 0 0
7.341772 -14.9 5.454545 204 0 0
7.341772 -14.9 6.0 204 0 0
7.848101 -14.9 0.0 204 0 0
7.848101 -14.9 0.545455 204 0 0
7.848101 -14.9 1.090909 204 0 0
7.848101 -14.9 1.636364 204 0 0
7.848101 -14.9 2.181818 204 0 0
7.848101 -14.9 2.727273 204 0 0
7.848101 -14.9 3.272727 204 0 0
7.848101 -14.9 3.818182 204 0 0
7.848101 -14.9 4.363636 204 0 0
7.848101 -14.9 4.909091 204 0 0
7.848101 -14.9 5.454545 204 0 0
7.848101 -14.9 6.0 204 0 0
8.35443 -14.9 0.0 204 0 0
8.35443 -14.9 0.545455 204 0 0
8.35443 -14.9 1.090909 204 0 0
8.35443 -14.9 1.636364 204 0 0
8.35443 -14.9 2.181818 204 0 0
8.35443 -14.9 2.727273 204 0 0
8.35443 -14.9 3.272727 204 0 0
8.35443 -14.9 3.818182 204 0 0
8.35443 -14.9 4.363636 204 0 0
8.35443 -14.9 4.909091 204 0 0
8.35443 -14.9 5.454545 204 0 0
8.35443 -14.9 6.0 204 0 0
8.860759 -14.9 0.0 204 0 0
8.860759 -14.9 0.545455 204 0 0
8.860759 -14.9 1.090909 204 0 0
8.860759 -14.9 1.636364 204 0 0
8.860759 -14.9 2.181818 204 0 0
8.860759 -14.9 2.727273 204 0 0
8.860759 -14.9 3.272727 204 0 0
8.860759 -14.9 3.818182 204 0 0
8.860759 -14.9 4.363636 204 0 0
8.860759 -14.9 4.909091 204 0 0
8.860759 -14.9 5.454545 204 0 0
8.860759 -14.9 6.0 204 0 0
9.367089 -14.9 0.0 204 0 0
9.367089 -14.9 0.545455 204 0 0
9.367089 -14.9 1.090909 204 0 0
9.367089 -14.9 1.636364 204 0 0
9.367089 -14.9 2.181818 204 0 0
9.367089 -14.9 2.727273 204 0 0
9.367089 -14.9 3.272727 204 0 0
9.367089 -14.9 3.818182 204 0 0
9.367089 -14.9 4.363636 204 0 0
9.367089 -14.9 4.909091 204 0 0
9.367089 -14.9 5.454545 204 0 0
9.367089 -14.9 6.0 204 0 0
9.873418 -14.9 0.0 204 0 0
9.873418 -14.9 0.545455 204 0 0
9.873418 -14.9 1.090909 204 0 0
9.873418 -14.9 1.636364 204 0 0
9.873418 -14.9 2.181818 204 0 0
9.873418 -14.9 2.727273 204 0 0
9.873418 -14.9 3.272727 204 0 0
9.873418 -14.9 3.818182 204 0 0
9.873418 -14.9 4.363636 204 0 0
9.873418 -14.9 4.909091 204 0 0
9.873418 -14.9 5.454545 204 0 0
9.873418 -14.9 6.0 204 0 0
10.379747 -14.9 0.0 204 0 0
10.379747 -14.9 0.545455 204 0 0
10.379747 -14.9 1.090909 204 0 0
10.379747 -14.9 1.636364 204 0 0
10.379747 -14.9 2.181818 204 0 0
10.379747 -14.9 2.727273 204 0 0
10.379747 -14.9 3.272727 204 0 0
10.379747 -14.9 3.818182 204 0 0
10.379747 -14.9 4.363636 204 0 0
10.379747 -14.9 4.909091 204 0 0
10.379747 -14.9 5.454545 204 0 0
10.379747 -14.9 6.0 204 0 0
10.886076 -14.9 0.0 204 0 0
10.886076 -14.9 0.545455 204 0 0
10.886076 -14.9 1.090909 204 0 0
10.886076 -14.9 1.636364 204 0 0
10.886076 -14.9 2.181818 204 0 0
10.886076 -14.9 2.727273 204 0 0
10.886076 -14.9 3.272727 204 0 0
10.886076 -14.9 3.818182 204 0 0
10.886076 -14.9 4.363636 204 0 0
10.886076 -14.9 4.909091 204 0 0
10.886076 -14.9 5.454545 204 0 0
10.886076 -14.9 6.0 204 0 0
11.392405 -14.9 0.0 204 0 0
11.392405 -14.9 0.545455 204 0 0
11.392405 -14.9 1.090909 204 0 0
11.392405 -14.9 1.636364 204 0 0
11.392405 -14.9 2.181818 204 0 0
11.392405 -14.9 2.727273 204 0 0
11.392405 -14.9 3.272727 204 0 0
11.392405 -14.9 3.818182 204 0 0
11.392405 -14.9 4.363636 204 0 0
11.392405 -14.9 4.909091 204 0 0
11.392405 -14.9 5.454545 204 0 0
11.392405 -14.9 6.0 204 0 0
11.898734 -14.9 0.0 204 0 0
11.898734 -14.9 0.545455 204 0 0
11.898734 -14.9 1.090909 204 0 0
11.898734 -14.9 1.636364 204 0 0
11.898734 -14.9 2.181818 204 0 0
11.898734 -14.9 2.727273 204 0 0
11.898734 -14.9 3.272727 204 0 0
11.898734 -14.9 3.818182 204 0 0
11.898734 -14.9 4.363636 204 0 0
11.898734 -14.9 4.909091 204 0 0
11.898734 -14.9 5.454545 204 0 0
11.898734 -14.9 6.0 204 0 0
12.405063 -14.9 0.0 204 0 0
12.405063 -14.9 0.545455 204 0 0
12.405063 -14.9 1.090909 204 0 0
12.405063 -14.9 1.636364 204 0 0
12.405063 -14.9 2.181818 204 0 0
12.405063 -14.9 2.727273 204 0 0
12.405063 -14.9 3.272727 204 0 0
12.405063 -14.9 3.818182 204 0 0
12.405063 -14.9 4.363636 204 0 0
12.405063 -14.9 4.909091 204 0 0
12.405063 -14.9 5.454545 204 0 0
12.405063 -14.9 6.0 204 0 0
12.911392 -14.9 0.0 204 0 0
12.911392 -14.9 0.545455 204 0 0
12.911392 -14.9 1.090909 204 0 0
12.911392 -14.9 1.636364 204 0 0
12.911392 -14.9 2.181818 204 0 0
12.911392 -14.9 2.727273 204 0 0
12.911392 -14.9 3.272727 204 0 0
12.911392 -14.9 3.818182 204 0 0
12.911392 -14.9 4.363636 204 0 0
12.911392 -14.9 4.909091 204 0 0
12.911392 -14.9 5.454545 204 0 0
12.911392 -14.9 6.0 204 0 0
13.417722 -14.9 0.0 204 0 0
13.417722 -14.9 0.545455 204 0 0
13.417722 -14.9 1.090909 204 0 0
13.417722 -14.9 1.636364 204 0 0
13.417722 -14.9 2.181818 204 0 0
13.417722 -14.9 2.727273 204 0 0
13.417722 -14.9 3.272727 204 0 0
13.417722 -14.9 3.818182 204 0 0
13.417722 -14.9 4.363636 204 0 0
13.417722 -14.9 4.909091 204 0 0
13.417722 -14.9 5.454545 204 0 0
13.417722 -14.9 6.0 204 0 0
13.924051 -14.9 0.0 204 0 0
13.924051 -14.9 0.545455 204 0 0
13.924051 -14.9 1.090909 204 0 0
13.924051 -14.9 1.636364 204 0 0
13.924051 -14.9 2.181818 204 0 0
13.924051 -14.9 2.727273 204 0 0
13.924051 -14.9 3.272727 204 0 0
13.924051 -14.9 3.818182 204 0 0
13.924051 -14.9 4.363636 204 0 0
13.924051 -14.9 4.909091 204 0 0
13.924051 -14.9 5.454545 204 0 0
13.924051 -14.9 6.0 204 0 0
14.43038 -14.9 0.0 204 0 0
14.43038 -14.9 0.545455 204 0 0
14.43038 -14.9 1.090909 204 0 0
14.43038 -14.9 1.636364 204 0 0
14.43038 -14.9 2.181818 204 0 0
14.43038 -14.9 2.727273 204 0 0
14.43038 -14.9 3.272727 204 0 0
14.43038 -14.9 3.818182 204 0 0
14.43038 -14.9 4.363636 204 0 0
14.43038 -14.9 4.909091 204 0 0
14.43038 -14.9 5.454545 204 0 0
14.43038 -14.9 6.0 204 0 0
14.936709 -14.9 0.0 204 0 0
14.936709 -14.9 0.545455 204 0 0
14.936709 -14.9 1.090909 204 0 0
14.936709 -14.9 1.636364 204 0 0
14.936709 -14.9 2.181818 204 0 0
14.936709 -14.9 2.727273 204 0 0
14.936709 -14.9 3.272727 204 0 0
14.936709 -14.9 3.818182 204 0 0
14.936709 -14.9 4.363636 204 0 0
14.936709 -14.9 4.909091 204 0 0
14.936709 -14.9 5.454545 204 0 0
14.936709 -14.9 6.0 204 0 0
15.443038 -14.9 0.0 204 0 0
15.443038 -14.9 0.545455 204 0 0
15.443038 -14.9 1.090909 204 0 0
15.443038 -14.9 1.636364 204 0 0
15.443038 -14.9 2.181818 204 0 0
15.443038 -14.9 2.727273 204 0 0
15.443038 -14.9 3.272727 204 0 0
15.443038 -14.9 3.818182 204 0 0
15.443038 -14.9 4.363636 204 0 0
15.443038 -14.9 4.909091 204 0 0
15.443038 -14.9 5.454545 204 0 0
15.443038 -14.9 6.0 204 0 0
15.949367 -14.9 0.0 204 0 0
15.949367 -14.9 0.545455 204 0 0
15.949367 -14.9 1.090909 204 0 0
15.949367 -14.9 1.636364 204 0 0
15.949367 -14.9 2.181818 204 0 0
15.949367 -14.9 2.727273 204 0 0
15.949367 -14.9 3.272727 204 0 0
15.949367 -14.9 3.818182 204 0 0
15.949367 -14.9 4.363636 204 0 0
15.949367 -14.9 4.909091 204 0 0
15.949367 -14.9 5.454545 204 0 0
15.949367 -14.9 6.0 204 0 0
16.455696 -14.9 0.0 204 0 0
16.455696 -14.9 0.545455 204 0 0
16.455696 -14.9 1.090909 204 0 0
16.455696 -14.9 1.636364 204 0 0
16.455696 -14.9 2.181818 204 0 0
16.455696 -14.9 2.727273 204 0 0
16.455696 -14.9 3.272727 204 0 0
16.455696 -14.9 3.818182 204 0 0
16.455696 -14.9 4.363636 204 0 0
16.455696 -14.9 4.909091 204 0 0
16.455696 -14.9 5.454545 204 0 0
16.455696 -14.9 6.0 204 0 0
16.962025 -14.9 0.0 204 0 0
16.962025 -14.9 0.545455 204 0 0
16.962025 -14.9 1.090909 204 0 0
16.962025 -14.9 1.636364 204 0 0
16.962025 -14.9 2.181818 204 0 0
16.962025 -14.9 2.727273 204 0 0
16.962025 -14.9 3.272727 204 0 0
16.962025 -14.9 3.818182 204 0 0
16.962025 -14.9 4.363636 204 0 0
16.962025 -14.9 4.909091 204 0 0
16.962025 -14.9 5.454545 204 0 0
16.962025 -14.9 6.0 204 0 0
17.468354 -14.9 0.0 204 0 0
17.468354 -14.9 0.545455 204 0 0
17.468354 -14.9 1.090909 204 0 0
17.468354 -14.9 1.636364 204 0 0
17.468354 -14.9 2.181818 204 0 0
17.468354 -14.9 2.727273 204 0 0
17.468354 -14.9 3.272727 204 0 0
17.468354 -14.9 3.818182 204 0 0
17.468354 -14.9 4.363636 204 0 0
17.468354 -14.9 4.909091 204 0 0
17.468354 -14.9 5.454545 204 0 0
17.468354 -14.9 6.0 204 0 0
17.974684 -14.9 0.0 204 0 0
17.974684 -14.9 0.545455 204 0 0
17.974684 -14.9 1.090909 204 0 0
17.974684 -14.9 1.636364 204 0 0
17.974684 -14.9 2.181818 204 0 0
17.974684 -14.9 2.727273 204 0 0
17.974684 -14.9 3.272727 204 0 0
17.974684 -14.9 3.818182 204 0 0
17.974684 -14.9 4.363636 204 0 0
17.974684 -14.9 4.909091 204 0 0
17.974684 -14.9 5.454545 204 0 0
17.974684 -14.9 6.0 204 0 0
18.481013 -14.9 0.0 204 0 0
18.481013 -14.9 0.545455 204 0 0
18.481013 -14.9 1.090909 204 0 0
18.481013 -14.9 1.636364 204 0 0
18.481013 -14.9 2.181818 204 0 0
18.481013 -14.9 2.727273 204 0 0
18.481013 -14.9 3.272727 204 0 0
18.481013 -14.9 3.818182 204 0 0
18.481013 -14.9 4.363636 204 0 0
18.481013 -14.9 4.909091 204 0 0
18.481013 -14.9 5.454545 204 0 0
18.481013 -14.9 6.0 204 0 0
18.987342 -14.9 0.0 204 0 0
18.987342 -14.9 0.545455 204 0 0
18.987342 -14.9 1.090909 204 0 0
18.987342 -14.9 1.636364 204 0 0
18.987342 -14.9 2.181818 204 0 0
18.987342 -14.9 2.727273 204 0 0
18.987342 -14.9 3.272727 204 0 0
18.987342 -14.9 3.818182 204 0 0
18.987342 -14.9 4.363636 204 0 0
18.987342 -14.9 4.909091 204 0 0
18.987342 -14.9 5.454545 204 0 0
18.987342 -14.9 6.0 204 0 0
19.493671 -14.9 0.0 204 0 0
19.493671 -14.9 0.545455 204 0 0
19.493671 -14.9 1.090909 204 0 0
19.493671 -14.9 1.636364 204 0 0
19.493671 -14.9 2.181818 204 0 0
19.493671 -14.9 2.727273 204 0 0
19.493671 -14.9 3.272727 204 0 0
19.493671 -14.9 3.818182 204 0 0
19.493671 -14.9 4.363636 204 0 0
19.493671 -14.9 4.909091 204 0 0
19.493671 -14.9 5.454545 204 0 0
19.493671 -14.9 6.0 204 0 0
20.0 -14.9 0.0 204 0 0
20.0 -14.9 0.545455 204 0 0
20.0 -14.9 1.090909 204 0 0
20.0 -14.9 1.636364 204 0 0
20.0 -14.9 2.181818 204 0 0
20.0 -14.9 2.727273 204 0 0
20.0 -14.9 3.272727 204 0 0
20.0 -14.9 3.818182 204 0 0
20.0 -14.9 4.363636 204 0 0
20.0 -14.9 4.909091 204 0 0
20.0 -14.9 5.454545 204 0 0
20.0 -14.9 6.0 204 0 0
-20.0 -15.1 0.0 204 0 0
-20.0 -15.1 0.545455 204 0 0
-20.0 -15.1 1.090909 204 0 0
-20.0 -15.1 1.636364 204 0 0
-20.0 -15.1 2.181818 204 0 0
-20.0 -15.1 2.727273 204 0 0
-20.0 -15.1 3.272727 204 0 0
-20.0 -15.1 3.818182 204 0 0
-20.0 -15.1 4.363636 204 0 0
-20.0 -15.1 4.909091 204 0 0
-20.0 -15.1 5.454545 204 0 0
-20.0 -15.1 6.0 204 0 0
-19.493671 -15.1 0.0 204 0 0
-19.493671 -15.1 0.545455 204 0 0
-19.493671 -15.1 1.090909 204 0 0
-19.493671 -15.1 1.636364 204 0 0
-19.493671 -15.1 2.181818 204 0 0
-19.493671 -15.1 2.727273 204 0 0
-19.493671 -15.1 3.272727 204 0 0
-19.493671 -15.1 3.818182 204 0 0
-19.493671 -15.1 4.363636 204 0 0
-19.493671 -15.1 4.909091 204 0 0
-19.493671 -15.1 5.454545 204 0 0
-19.493671 -15.1 6.0 204 0 0
-18.987342 -15.1 0.0 204 0 0
-18.987342 -15.1 0.545455 204 0 0
-18.987342 -15.1 1.090909 204 0 0
-18.987342 -15.1 1.636364 204 0 0
-18.987342 -15.1 2.181818 204 0 0
-18.987342 -15.1 2.727273 204 0 0
-18.987342 -15.1 3.272727 204 0 0
-18.987342 -15.1 3.818182 204 0 0
-18.987342 -15.1 4.363636 204 0 0
-18.987342 -15.1 4.909091 204 0 0
-18.987342 -15.1 5.454545 204 0 0
-18.987342 -15.1 6.0 204 0 0
-18.481013 -15.1 0.0 204 0 0
-18.481013 -15.1 0.545455 204 0 0
-18.481013 -15.1 1.090909 204 0 0
-18.481013 -15.1 1.636364 204 0 0
-18.481013 -15.1 2.181818 204 0 0
-18.481013 -15.1 2.727273 204 0 0
-18.481013 -15.1 3.272727 204 0 0
-18.481013 -15.1 3.818182 204 0 0
-18.481013 -15.1 4.363636 204 0 0
-18.481013 -15.1 4.909091 204 0 0
-18.481013 -15.1 5.454545 204 0 0
-18.481013 -15.1 6.0 204 0 0
-17.974684 -15.1 0.0 204 0 0
-17.974684 -15.1 0.545455 204 0 0
-17.974684 -15.1 1.090909 204 0 0
-17.974684 -15.1 1.636364 204 0 0
-17.974684 -15.1 2.181818 204 0 0
-17.974684 -15.1 2.727273 204 0 0
-17.974684 -15.1 3.272727 204 0 0
-17.974684 -15.1 3.818182 204 0 0
-17.974684 -15.1 4.363636 204 0 0
-17.974684 -15.1 4.909091 204 0 0
-17.974684 -15.1 5.454545 204 0 0
-17.974684 -15.1 6.0 204 0 0
-17.468354 -15.1 0.0 204 0 0
-17.468354 -15.1 0.545455 204 0 0
-17.468354 -15.1 1.090909 204 0 0
-17.468354 -15.1 1.636364 204 0 0
-17.468354 -15.1 2.181818 204 0 0
-17.468354 -15.1 2.727273 204 0 0
-17.468354 -15.1 3.272727 204 0 0
-17.468354 -15.1 3.818182 204 0 0
-17.468354 -15.1 4.363636 204 0 0
-17.468354 -15.1 4.909091 204 0 0
-17.468354 -15.1 5.454545 204 0 0
-17.468354 -15.1 6.0 204 0 0
-16.962025 -15.1 0.0 204 0 0
-16.962025 -15.1 0.545455 204 0 0
-16.962025 -15.1 1.090909 204 0 0
-16.962025 -15.1 1.636364 204 0 0
-16.962025 -15.1 2.181818 204 0 0
-16.962025 -15.1 2.727273 204 0 0
-16.962025 -15.1 3.272727 204 0 0
-16.962025 -15.1 3.818182 204 0 0
-16.962025 -15.1 4.363636 204 0 0
-16.962025 -15.1 4.909091 204 0 0
-16.962025 -15.1 5.454545 204 0 0
-16.962025 -15.1 6.0 204 0 0
-16.455696 -15.1 0.0 204 0 0
-16.455696 -15.1 0.545455 204 0 0
-16.455696 -15.1 1.090909 204 0 0
-16.455696 -15.1 1.636364 204 0 0
-16.455696 -15.1 2.181818 204 0 0
-16.455696 -15.1 2.727273 204 0 0
-16.455696 -15.1 3.272727 204 0 0
-16.455696 -15.1 3.818182 204 0 0
-16.455696 -15.1 4.363636 204 0 0
-16.455696 -15.1 4.909091 204 0 0
-16.455696 -15.1 5.454545 204 0 0
-16.455696 -15.1 6.0 204 0 0
-15.949367 -15.1 0.0 204 0 0
-15.949367 -15.1 0.545455 204 0 0
-15.949367 -15.1 1.090909 204 0 0
-15.949367 -15.1 1.636364 204 0 0
-15.949367 -15.1 2.181818 204 0 0
-15.949367 -15.1 2.727273 204 0 0
-15.949367 -15.1 3.272727 204 0 0
-15.949367 -15.1 3.818182 204 0 0
-15.949367 -15.1 4.363636 204 0 0
-15.949367 -15.1 4.909091 204 0 0
-15.949367 -15.1 5.454545 204 0 0
-15.949367 -15.1 6.0 204 0 0
-15.443038 -15.1 0.0 204 0 0
-15.443038 -15.1 0.545455 204 0 0
-15.443038 -15.1 1.090909 204 0 0
-15.443038 -15.1 1.636364 204 0 0
-15.443038 -15.1 2.181818 204 0 0
-15.443038 -15.1 2.727273 204 0 0
-15.443038 -15.1 3.272727 204 0 0
-15.443038 -15.1 3.818182 204 0 0
-15.443038 -15.1 4.363636 204 0 0
-15.443038 -15.1 4.909091 204 0 0
-15.443038 -15.1 5.454545 204 0 0
-15.443038 -15.1 6.0 204 0 0
-14.936709 -15.1 0.0 204 0 0
-14.936709 -15.1 0.545455 204 0 0
-14.936709 -15.1 1.090909 204 0 0
-14.936709 -15.1 1.636364 204 0 0
-14.936709 -15.1 2.181818 204 0 0
-14.936709 -15.1 2.727273 204 0 0
-14.936709 -15.1 3.272727 204 0 0
-14.936709 -15.1 3.818182 204 0 0
-14.936709 -15.1 4.363636 204 0 0
-14.936709 -15.1 4.909091 204 0 0
-14.936709 -15.1 5.454545 204 0 0
-14.936709 -15.1 6.0 204 0 0
-14.43038 -15.1 0.0 204 0 0
-14.43038 -15.1 0.545455 204 0 0
-14.43038 -15.1 1.090909 204 0 0
-14.43038 -15.1 1.636364 204 0 0
-14.43038 -15.1 2.181818 204 0 0
-14.43038 -15.1 2.727273 204 0 0
-14.43038 -15.1 3.272727 204 0 0
-14.43038 -15.1 3.818182 204 0 0
-14.43038 -15.1 4.363636 204 0 0
-14.43038 -15.1 4.909091 204 0 0
-14.43038 -15.1 5.454545 204 0 0
-14.43038 -15.1 6.0 204 0 0
-13.924051 -15.1 0.0 204 0 0
-13.924051 -15.1 0.545455 204 0 0
-13.924051 -15.1 1.090909 204 0 0
-13.924051 -15.1 1.636364 204 0 0
-13.924051 -15.1 2.181818 204 0 0
-13.924051 -15.1 2.727273 204 0 0
-13.924051 -15.1 3.272727 204 0 0
-13.924051 -15.1 3.818182 204 0 0
-13.924051 -15.1 4.363636 204 0 0
-13.924051 -15.1 4.909091 204 0 0
-13.924051 -15.1 5.454545 204 0 0
-13.924051 -15.1 6.0 204 0 0
-13.417722 -15.1 0.0 204 0 0
-13.417722 -15.1 0.545455 204 0 0
-13.417722 -15.1 1.090909 204 0 0
-13.417722 -15.1 1.636364 204 0 0
-13.417722 -15.1 2.181818 204 0 0
-13.417722 -15.1 2.727273 204 0 0
-13.417722 -15.1 3.272727 204 0 0
-13.417722 -15.1 3.818182 204 0 0
-13.417722 -15.1 4.363636 204 0 0
-13.417722 -15.1 4.909091 204 0 0
-13.417722 -15.1 5.454545 204 0 0
-13.417722 -15.1 6.0 204 0 0
-12.911392 -15.1 0.0 204 0 0
-12.911392 -15.1 0.545455 204 0 0
-12.911392 -15.1 1.090909 204 0 0
-12.911392 -15.1 1.636364 204 0 0
-12.911392 -15.1 2.181818 204 0 0
-12.911392 -15.1 2.727273 204 0 0
-12.911392 -15.1 3.272727 204 0 0
-12.911392 -15.1 3.818182 204 0 0
-12.911392 -15.1 4.363636 204 0 0
-12.911392 -15.1 4.909091 204 0 0
-12.911392 -15.1 5.454545 204 0 0
-12.911392 -15.1 6.0 204 0 0
-12.405063 -15.1 0.0 204 0 0
-12.405063 -15.1 0.545455 204 0 0
-12.405063 -15.1 1.090909 204 0 0
-12.405063 -15.1 1.636364 204 0 0
-12.405063 -15.1 2.181818 204 0 0
-12.405063 -15.1 2.727273 204 0 0
-12.405063 -15.1 3.272727 204 0 0
-12.405063 -15.1 3.818182 204 0 0
-12.405063 -15.1 4.363636 204 0 0
-12.405063 -15.1 4.909091 204 0 0
-12.405063 -15.1 5.454545 204 0 0
-12.405063 -15.1 6.0 204 0 0
-11.898734 -15.1 0.0 204 0 0
-11.898734 -15.1 0.545455 204 0 0
-11.898734 -15.1 1.090909 204 0 0
-11.898734 -15.1 1.636364 204 0 0
-11.898734 -15.1 2.181818 204 0 0
-11.898734 -15.1 2.727273 204 0 0
-11.898734 -15.1 3.272727 204 0 0
-11.898734 -15.1 3.818182 204 0 0
-11.898734 -15.1 4.363636 204 0 0
-11.898734 -15.1 4.909091 204 0 0
-11.898734 -15.1 5.454545 204 0 0
-11.898734 -15.1 6.0 204 0 0
-11.392405 -15.1 0.0 204 0 0
-11.392405 -15.1 0.545455 204 0 0
-11.392405 -15.1 1.090909 204 0 0
-11.392405 -15.1 1.636364 204 0 0
-11.392405 -15.1 2.181818 204 0 0
-11.392405 -15.1 2.727273 204 0 0
-11.392405 -15.1 3.272727 204 0 0
-11.392405 -15.1 3.818182 204 0 0
-11.392405 -15.1 4.363636 204 0 0
-11.392405 -15.1 4.909091 204 0 0
-11.392405 -15.1 5.454545 204 0 0
-11.392405 -15.1 6.0 204 0 0
-10.886076 -15.1 0.0 204 0 0
-10.886076 -15.1 0.545455 204 0 0
-10.886076 -15.1 1.090909 204 0 0
-10.886076 -15.1 1.636364 204 0 0
-10.886076 -15.1 2.181818 204 0 0
-10.886076 -15.1 2.727273 204 0 0
-10.886076 -15.1 3.272727 204 0 0
-10.886076 -15.1 3.818182 204 0 0
-10.886076 -15.1 4.363636 204 0 0
-10.886076 -15.1 4.909091 204 0 0
-10.886076 -15.1 5.454545 204 0 0
-10.886076 -15.1 6.0 204 0 0
-10.379747 -15.1 0.0 204 0 0
-10.379747 -15.1 0.545455 204 0 0
-10.379747 -15.1 1.090909 204 0 0
-10.379747 -15.1 1.636364 204 0 0
-10.379747 -15.1 2.181818 204 0 0
-10.379747 -15.1 2.727273 204 0 0
-10.379747 -15.1 3.272727 204 0 0
-10.379747 -15.1 3.818182 204 0 0
-10.379747 -15.1 4.363636 204 0 0
-10.379747 -15.1 4.909091 204 0 0
-10.379747 -15.1 5.454545 204 0 0
-10.379747 -15.1 6.0 204 0 0
-9.873418 -15.1 0.0 204 0 0
-9.873418 -15.1 0.545455 204 0 0
-9.873418 -15.1 1.090909 204 0 0
-9.873418 -15.1 1.636364 204 0 0
-9.873418 -15.1 2.181818 204 0 0
-9.873418 -15.1 2.727273 204 0 0
-9.873418 -15.1 3.272727 204 0 0
-9.873418 -15.1 3.818182 204 0 0
-9.873418 -15.1 4.363636 204 0 0
-9.873418 -15.1 4.909091 204 0 0
-9.873418 -15.1 5.454545 204 0 0
-9.873418 -15.1 6.0 204 0 0
-9.367089 -15.1 0.0 204 0 0
-9.367089 -15.1 0.545455 204 0 0
-9.367089 -15.1 1.090909 204 0 0
-9.367089 -15.1 1.636364 204 0 0
-9.367089 -15.1 2.181818 204 0 0
-9.367089 -15.1 2.727273 204 0 0
-9.367089 -15.1 3.272727 204 0 0
-9.367089 -15.1 3.818182 204 0 0
-9.367089 -15.1 4.363636 204 0 0
-9.367089 -15.1 4.909091 204 0 0
-9.367089 -15.1 5.454545 204 0 0
-9.367089 -15.1 6.0 204 0 0
-8.860759 -15.1 0.0 204 0 0
-8.860759 -15.1 0.545455 204 0 0
-8.860759 -15.1 1.090909 204 0 0
-8.860759 -15.1 1.636364 204 0 0
-8.860759 -15.1 2.181818 204 0 0
-8.860759 -15.1 2.727273 204 0 0
-8.860759 -15.1 3.272727 204 0 0
-8.860759 -15.1 3.818182 204 0 0
-8.860759 -15.1 4.363636 204 0 0
-8.860759 -15.1 4.909091 204 0 0
-8.860759 -15.1 5.454545 204 0 0
-8.860759 -15.1 6.0 204 0 0
-8.35443 -15.1 0.0 204 0 0
-8.35443 -15.1 0.545455 204 0 0
-8.35443 -15.1 1.090909 204 0 0
-8.35443 -15.1 1.636364 204 0 0
-8.35443 -15.1 2.181818 204 0 0
-8.35443 -15.1 2.727273 204 0 0
-8.35443 -15.1 3.272727 204 0 0
-8.35443 -15.1 3.818182 204 0 0
-8.35443 -15.1 4.363636 204 0 0
-8.35443 -15.1 4.909091 204 0 0
-8.35443 -15.1 5.454545 204 0 0
-8.35443 -15.1 6.0 204 0 0
-7.848101 -15.1 0.0 204 0 0
-7.848101 -15.1 0.545455 204 0 0
-7.848101 -15.1 1.090909 204 0 0
-7.848101 -15.1 1.636364 204 0 0
-7.848101 -15.1 2.181818 204 0 0
-7.848101 -15.1 2.727273 204 0 0
-7.848101 -15.1 3.272727 204 0 0
-7.848101 -15.1 3.818182 204 0 0
-7.848101 -15.1 4.363636 204 0 0
-7.848101 -15.1 4.909091 204 0 0
-7.848101 -15.1 5.454545 204 0 0
-7.848101 -15.1 6.0 204 0 0
-7.341772 -15.1 0.0 204 0 0
-7.341772 -15.1 0.545455 204 0 0
-7.341772 -15.1 1.090909 204 0 0
-7.341772 -15.1 1.636364 204 0 0
-7.341772 -15.1 2.181818 204 0 0
-7.341772 -15.1 2.727273 204 0 0
-7.341772 -15.1 3.272727 204 0 0
-7.341772 -15.1 3.818182 204 0 0
-7.341772 -15.1 4.363636 204 0 0
-7.341772 -15.1 4.909091 204 0 0
-7.341772 -15.1 5.454545 204 0 0
-7.341772 -15.1 6.0 204 0 0
-6.835443 -15.1 0.0 204 0 0
-6.835443 -15.1 0.545455 204 0 0
-6.835443 -15.1 1.090909 204 0 0
-6.835443 -15.1 1.636364 204 0 0
-6.835443 -15.1 2.181818 204 0 0
-6.835443 -15.1 2.727273 204 0 0
-6.835443 -15.1 3.272727 204 0 0
-6.835443 -15.1 3.818182 204 0 0
-6.835443 -15.1 4.363636 204 0 0
-6.835443 -15.1 4.909091 204 0 0
-6.835443 -15.1 5.454545 204 0 0
-6.835443 -15.1 6.0 204 0 0
-6.329114 -15.1 0.0 204 0 0
-6.329114 -15.1 0.545455 204 0 0
-6.329114 -15.1 1.090909 204 0 0
-6.329114 -15.1 1.636364 204 0 0
-6.329114 -15.1 2.181818 204 0 0
-6.329114 -15.1 2.727273 204 0 0
-6.329114 -15.1 3.272727 204 0 0
-6.329114 -15.1 3.818182 204 0 0
-6.329114 -15.1 4.363636 204 0 0
-6.329114 -15.1 4.909091 204 0 0
-6.329114 -15.1 5.454545 204 0 0
-6.329114 -15.1 6.0 204 0 0
-5.822785 -15.1 0.0 204 0 0
-5.822785 -15.1 0.545455 204 0 0
-5.822785 -15.1 1.090909 204 0 0
-5.822785 -15.1 1.636364 204 0 0
-5.822785 -15.1 2.181818 204 0 0
-5.822785 -15.1 2.727273 204 0 0
-5.822785 -15.1 3.272727 204 0 0
-5.822785 -15.1 3.818182 204 0 0
-5.822785 -15.1 4.363636 204 0 0
-5.822785 -15.1 4.909091 204 0 0
-5.822785 -15.1 5.454545 204 0 0
-5.822785 -15.1 6.0 204 0 0
-5.316456 -15.1 0.0 204 0 0
-5.316456 -15.1 0.545455 204 0 0
-5.316456 -15.1 1.090909 204 0 0
-5.316456 -15.1 1.636364 204 0 0
-5.316456 -15.1 2.181818 204 0 0
-5.316456 -15.1 2.727273 204 0 0
-5.316456 -15.1 3.272727 204 0 0
-5.316456 -15.1 3.818182 204 0 0
-5.316456 -15.1 4.363636 204 0 0
-5.316456 -15.1 4.909091 204 0 0
-5.316456 -15.1 5.454545 204 0 0
-5.316456 -15.1 6.0 204 0 0
-4.810127 -15.1 0.0 204 0 0
-4.810127 -15.1 0.545455 204 0 0
-4.810127 -15.1 1.090909 204 0 0
-4.810127 -15.1 1.636364 204 0 0
-4.810127 -15.1 2.181818 204 0 0
-4.810127 -15.1 2.727273 204 0 0
-4.810127 -15.1 3.272727 204 0 0
-4.810127 -15.1 3.818182 204 0 0
-4.810127 -15.1 4.363636 204 0 0
-4.810127 -15.1 4.909091 204 0 0
-4.810127 -15.1 5.454545 204 0 0
-4.810127 -15.1 6.0 204 0 0
-4.303797 -15.1 0.0 204 0 0
-4.303797 -15.1 0.545455 204 0 0
-4.303797 -15.1 1.090909 204 0 0
-4.303797 -15.1 1.636364 204 0 0
-4.303797 -15.1 2.181818 204 0 0
-4.303797 -15.1 2.727273 204 0 0
-4.303797 -15.1 3.272727 204 0 0
-4.303797 -15.1 3.818182 204 0 0
-4.303797 -15.1 4.363636 204 0 0
-4.303797 -15.1 4.909091 204 0 0
-4.303797 -15.1 5.454545 204 0 0
-4.303797 -15.1 6.0 204 0 0
-3.797468 -15.1 0.0 204 0 0
-3.797468 -15.1 0.545455 204 0 0
-3.797468 -15.1 1.090909 204 0 0
-3.797468 -15.1 1.636364 204 0 0
-3.797468 -15.1 2.181818 204 0 0
-3.797468 -15.1 2.727273 204 0 0
-3.797468 -15.1 3.272727 204 0 0
-3.797468 -15.1 3.818182 204 0 0
-3.797468 -15.1 4.363636 204 0 0
-3.797468 -15.1 4.909091 204 0 0
-3.797468 -15.1 5.454545 204 0 0
-3.797468 -15.1 6.0 204 0 0
-3.291139 -15.1 0.0 204 0 0
-3.291139 -15.1 0.545455 204 0 0
-3.291139 -15.1 1.090909 204 0 0
-3.291139 -15.1 1.636364 204 0 0
-3.291139 -15.1 2.181818 204 0 0
-3.291139 -15.1 2.727273 204 0 0
-3.291139 -15.1 3.272727 204 0 0
-3.291139 -15.1 3.818182 204 0 0
-3.291139 -15.1 4.363636 204 0 0
-3.291139 -15.1 4.909091 204 0 0
-3.291139 -15.1 5.454545 204 0 0
-3.291139 -15.1 6.0 204 0 0
-2.78481 -15.1 0.0 204 0 0
-2.78481 -15.1 0.545455 204 0 0
-2.78481 -15.1 1.090909 204 0 0
-2.78481 -15.1 1.636364 204 0 0
-2.78481 -15.1 2.181818 204 0 0
-2.78481 -15.1 2.727273 204 0 0
-2.78481 -15.1 3.272727 204 0 0
-2.78481 -15.1 3.818182 204 0 0
-2.78481 -15.1 4.363636 204 0 0
-2.78481 -15.1 4.909091 204 0 0
-2.78481 -15.1 5.454545 204 0 0
-2.78481 -15.1 6.0 204 0 0
-2.278481 -15.1 0.0 204 0 0
-2.278481 -15.1 0.545455 204 0 0
-2.278481 -15.1 1.090909 204 0 0
-2.278481 -15.1 1.636364 204 0 0
-2.278481 -15.1 2.181818 204 0 0
-2.278481 -15.1 2.727273 204 0 0
-2.278481 -15.1 3.272727 204 0 0
-2.278481 -15.1 3.818182 204 0 0
-2.278481 -15.1 4.363636 204 0 0
-2.278481 -15.1 4.909091 204 0 0
-2.278481 -15.1 5.454545 204 0 0
-2.278481 -15.1 6.0 204 0 0
-1.772152 -15.1 0.0 204 0 0
-1.772152 -15.1 0.545455 204 0 0
-1.772152 -15.1 1.090909 204 0 0
-1.772152 -15.1 1.636364 204 0 0
-1.772152 -15.1 2.181818 204 0 0
-1.772152 -15.1 2.727273 204 0 0
-1.772152 -15.1 3.272727 204 0 0
-1.772152 -15.1 3.818182 204 0 0
-1.772152 -15.1 4.363636 204 0 0
-1.772152 -15.1 4.909091 204 0 0
-1.772152 -15.1 5.454545 204 0 0
-1.772152 -15.1 6.0 204 0 0
-1.265823 -15.1 0.0 204 0 0
-1.265823 -15.1 0.545455 204 0 0
-1.265823 -15.1 1.090909 204 0 0
-1.265823 -15.1 1.636364 204 0 0
-1.265823 -15.1 2.181818 204 0 0
-1.265823 -15.1 2.727273 204 0 0
-1.265823 -15.1 3.272727 204 0 0
-1.265823 -15.1 3.818182 204 0 0
-1.265823 -15.1 4.363636 204 0 0
-1.265823 -15.1 4.909091 204 0 0
-1.265823 -15.1 5.454545 204 0 0
-1.265823 -15.1 6.0 204 0 0
-0.759494 -15.1 0.0 204 0 0
-0.759494 -15.1 0.545455 204 0 0
-0.759494 -15.1 1.090909 204 0 0
-0.759494 -15.1 1.636364 204 0 0
-0.759494 -15.1 2.181818 204 0 0
-0.759494 -15.1 2.727273 204 0 0
-0.759494 -15.1 3.272727 204 0 0
-0.759494 -15.1 3.818182 204 0 0
-0.759494 -15.1 4.363636 204 0 0
-0.759494 -15.1 4.909091 204 0 0
-0.759494 -15.1 5.454545 204 0 0
-0.759494 -15.1 6.0 204 0 0
-0.253165 -15.1 0.0 204 0 0
-0.253165 -15.1 0.545455 204 0 0
-0.253165 -15.1 1.090909 204 0 0
-0.253165 -15.1 1.636364 204 0 0
-0.253165 -15.1 2.181818 204 0 0
-0.253165 -15.1 2.727273 204 0 0
-0.253165 -15.1 3.272727 204 0 0
-0.253165 -15.1 3.818182 204 0 0
-0.253165 -15.1 4.363636 204 0 0
-0.253165 -15.1 4.909091 204 0 0
-0.253165 -15.1 5.454545 204 0 0
-0.253165 -15.1 6.0 204 0 0
0.253165 -15.1 0.0 204 0 0
0.253165 -15.1 0.545455 204 0 0
0.253165 -15.1 1.090909 204 0 0
0.253165 -15.1 1.636364 204 0 0
0.253165 -15.1 2.181818 204 0 0
0.253165 -15.1 2.727273 204 0 0
0.253165 -15.1 3.272727 204 0 0
0.253165 -15.1 3.818182 204 0 0
0.253165 -15.1 4.363636 204 0 0
0.253165 -15.1 4.909091 204 0 0
0.253165 -15.1 5.454545 204 0 0
0.253165 -15.1 6.0 204 0 0
0.759494 -15.1 0.0 204 0 0
0.759494 -15.1 0.545455 204 0 0
0.759494 -15.1 1.090909 204 0 0
0.759494 -15.1 1.636364 204 0 0
0.759494 -15.1 2.181818 204 0 0
0.759494 -15.1 2.727273 204 0 0
0.759494 -15.1 3.272727 204 0 0
0.759494 -15.1 3.818182 204 0 0
0.759494 -15.1 4.363636 204 0 0
0.759494 -15.1 4.909091 204 0 0
0.759494 -15.1 5.454545 204 0 0
0.759494 -15.1 6.0 204 0 0
1.265823 -15.1 0.0 204 0 0
1.265823 -15.1 0.545455 204 0 0
1.265823 -15.1 1.090909 204 0 0
1.265823 -15.1 1.636364 204 0 0
1.265823 -15.1 2.181818 204 0 0
1.265823 -15.1 2.727273 204 0 0
1.265823 -15.1 3.272727 204 0 0
1.265823 -15.1 3.818182 204 0 0
1.265823 -15.1 4.363636 204 0 0
1.265823 -15.1 4.909091 204 0 0
1.265823 -15.1 5.454545 204 0 0
1.265823 -15.1 6.0 204 0 0
1.772152 -15.1 0.0 204 0 0
1.772152 -15.1 0.545455 204 0 0
1.772152 -15.1 1.090909 204 0 0
1.772152 -15.1 1.636364 204 0 0
1.772152 -15.1 2.181818 204 0 0
1.772152 -15.1 2.727273 204 0 0
1.772152 -15.1 3.272727 204 0 0
1.772152 -15.1 3.818182 204 0 0
1.772152 -15.1 4.363636 204 0 0
1.772152 -15.1 4.909091 204 0 0
1.772152 -15.1 5.454545 204 0 0
1.772152 -15.1 6.0 204 0 0
2.278481 -15.1 0.0 204 0 0
2.278481 -15.1 0.545455 204 0 0
2.278481 -15.1 1.090909 204 0 0
2.278481 -15.1 1.636364 204 0 0
2.278481 -15.1 2.181818 204 0 0
2.278481 -15.1 2.727273 204 0 0
2.278481 -15.1 3.272727 204 0 0
2.278481 -15.1 3.818182 204 0 0
2.278481 -15.1 4.363636 204 0 0
2.278481 -15.1 4.909091 204 0 0
2.278481 -15.1 5.454545 204 0 0
2.278481 -15.1 6.0 204 0 0
2.78481 -15.1 0.0 204 0 0
2.78481 -15.1 0.545455 204 0 0
2.78481 -15.1 1.090909 204 0 0
2.78481 -15.1 1.636364 204 0 0
2.78481 -15.1 2.181818 204 0 0
2.78481 -15.1 2.727273 204 0 0
2.78481 -15.1 3.272727 204 0 0
2.78481 -15.1 3.818182 204 0 0
2.78481 -15.1 4.363636 204 0 0
2.78481 -15.1 4.909091 204 0 0
2.78481 -15.1 5.454545 204 0 0
2.78481 -15.1 6.0 204 0 0
3.291139 -15.1 0.0 204 0 0
3.291139 -15.1 0.545455 204 0 0
3.291139 -15.1 1.090909 204 0 0
3.291139 -15.1 1.636364 204 0 0
3.291139 -15.1 2.181818 204 0 0
3.291139 -15.1 2.727273 204 0 0
3.291139 -15.1 3.272727 204 0 0
3.291139 -15.1 3.818182 204 0 0
3.291139 -15.1 4.363636 204 0 0
3.291139 -15.1 4.909091 204 0 0
3.291139 -15.1 5.454545 204 0 0
3.291139 -15.1 6.0 204 0 0
3.797468 -15.1 0.0 204 0 0
3.797468 -15.1 0.545455 204 0 0
3.797468 -15.1 1.090909 204 0 0
3.797468 -15.1 1.636364 204 0 0
3.797468 -15.1 2.181818 204 0 0
3.797468 -15.1 2.727273 204 0 0
3.797468 -15.1 3.272727 204 0 0
3.797468 -15.1 3.818182 204 0 0
3.797468 -15.1 4.363636 204 0 0
3.797468 -15.1 4.909091 204 0 0
3.797468 -15.1 5.454545 204 0 0
3.797468 -15.1 6.0 204 0 0
4.303797 -15.1 0.0 204 0 0
4.303797 -15.1 0.545455 204 0 0
4.303797 -15.1 1.090909 204 0 0
4.303797 -15.1 1.636364 204 0 0
4.303797 -15.1 2.181818 204 0 0
4.303797 -15.1 2.727273 204 0 0
4.303797 -15.1 3.272727 204 0 0
4.303797 -15.1 3.818182 204 0 0
4.303797 -15.1 4.363636 204 0 0
4.303797 -15.1 4.909091 204 0 0
4.303797 -15.1 5.454545 204 0 0
4.303797 -15.1 6.0 204 0 0
4.810127 -15.1 0.0 204 0 0
4.810127 -15.1 0.545455 204 0 0
4.810127 -15.1 1.090909 204 0 0
4.810127 -15.1 1.636364 204 0 0
4.810127 -15.1 2.181818 204 0 0
4.810127 -15.1 2.727273 204 0 0
4.810127 -15.1 3.272727 204 0 0
4.810127 -15.1 3.818182 204 0 0
4.810127 -15.1 4.363636 204 0 0
4.810127 -15.1 4.909091 204 0 0
4.810127 -15.1 5.454545 204 0 0
4.810127 -15.1 6.0 204 0 0
5.316456 -15.1 0.0 204 0 0
5.316456 -15.1 0.545455 204 0 0
5.316456 -15.1 1.090909 204 0 0
5.316456 -15.1 1.636364 204 0 0
5.316456 -15.1 2.181818 204 0 0
5.316456 -15.1 2.727273 204 0 0
5.316456 -15.1 3.272727 204 0 0
5.316456 -15.1 3.818182 204 0 0
5.316456 -15.1 4.363636 204 0 0
5.316456 -15.1 4.909091 204 0 0
5.316456 -15.1 5.454545 204 0 0
5.316456 -15.1 6.0 204 0 0
5.822785 -15.1 0.0 204 0 0
5.822785 -15.1 0.545455 204 0 0
5.822785 -15.1 1.090909 204 0 0
5.822785 -15.1 1.636364 204 0 0
5.822785 -15.1 2.181818 204 0 0
5.822785 -15.1 2.727273 204 0 0
5.822785 -15.1 3.272727 204 0 0
5.822785 -15.1 3.818182 204 0 0
5.822785 -15.1 4.363636 204 0 0
5.822785 -15.1 4.909091 204 0 0
5.822785 -15.1 5.454545 204 0 0
5.822785 -15.1 6.0 204 0 0
6.329114 -15.1 0.0 204 0 0
6.329114 -15.1 0.545455 204 0 0
6.329114 -15.1 1.090909 204 0 0
6.329114 -15.1 1.636364 204 0 0
6.329114 -15.1 2.181818 204 0 0
6.329114 -15.1 2.727273 204 0 0
6.329114 -15.1 3.272727 204 0 0
6.329114 -15.1 3.818182 204 0 0
6.329114 -15.1 4.363636 204 0 0
6.329114 -15.1 4.909091 204 0 0
6.329114 -15.1 5.454545 204 0 0
6.329114 -15.1 6.0 204 0 0
6.835443 -15.1 0.0 204 0 0
6.835443 -15.1 0.545455 204 0 0
6.835443 -15.1 1.090909 204 0 0
6.835443 -15.1 1.636364 204 0 0
6.835443 -15.1 2.181818 204 0 0
6.835443 -15.1 2.727273 204 0 0
6.835443 -15.1 3.272727 204 0 0
6.835443 -15.1 3.818182 204 0 0
6.835443 -15.1 4.363636 204 0 0
6.835443 -15.1 4.909091 204 0 0
6.835443 -15.1 5.454545 204 0 0
6.835443 -15.1 6.0 204 0 0
7.341772 -15.1 0.0 204 0 0
7.341772 -15.1 0.545455 204 0 0
7.341772 -15.1 1.090909 204 0 0
7.341772 -15.1 1.636364 204 0 0
7.341772 -15.1 2.181818 204 0 0
7.341772 -15.1 2.727273 204 0 0
7.341772 -15.1 3.272727 204 0 0
7.341772 -15.1 3.818182 204 0 0
7.341772 -15.1 4.363636 204 0 0
7.341772 -15.1 4.909091 204 0 0
7.341772 -15.1 5.454545 204 0 0
7.341772 -15.1 6.0 204 0 0
7.848101 -15.1 0.0 204 0 0
7.848101 -15.1 0.545455 204 0 0
7.848101 -15.1 1.090909 204 0 0
7.848101 -15.1 1.636364 204 0 0
7.848101 -15.1 2.181818 204 0 0
7.848101 -15.1 2.727273 204 0 0
7.848101 -15.1 3.272727 204 0 0
7.848101 -15.1 3.818182 204 0 0
7.848101 -15.1 4.363636 204 0 0
7.848101 -15.1 4.909091 204 0 0
7.848101 -15.1 5.454545 204 0 0
7.848101 -15.1 6.0 204 0 0
8.35443 -15.1 0.0 204 0 0
8.35443 -15.1 0.545455 204 0 0
8.35443 -15.1 1.090909 204 0 0
8.35443 -15.1 1.636364 204 0 0
8.35443 -15.1 2.181818 204 0 0
8.35443 -15.1 2.727273 204 0 0
8.35443 -15.1 3.272727 204 0 0
8.35443 -15.1 3.818182 204 0 0
8.35443 -15.1 4.363636 204 0 0
8.35443 -15.1 4.909091 204 0 0
8.35443 -15.1 5.454545 204 0 0
8.35443 -15.1 6.0 204 0 0
8.860759 -15.1 0.0 204 0 0
8.860759 -15.1 0.545455 204 0 0
8.860759 -15.1 1.090909 204 0 0
8.860759 -15.1 1.636364 204 0 0
8.860759 -15.1 2.181818 204 0 0
8.860759 -15.1 2.727273 204 0 0
8.860759 -15.1 3.272727 204 0 0
8.860759 -15.1 3.818182 204 0 0
8.860759 -15.1 4.363636 204 0 0
8.860759 -15.1 4.909091 204 0 0
8.860759 -15.1 5.454545 204 0 0
8.860759 -15.1 6.0 204 0 0
9.367089 -15.1 0.0 204 0 0
9.367089 -15.1 0.545455 204 0 0
9.367089 -15.1 1.090909 204 0 0
9.367089 -15.1 1.636364 204 0 0
9.367089 -15.1 2.181818 204 0 0
9.367089 -15.1 2.727273 204 0 0
9.367089 -15.1 3.272727 204 0 0
9.367089 -15.1 3.818182 204 0 0
9.367089 -15.1 4.363636 204 0 0
9.367089 -15.1 4.909091 204 0 0
9.367089 -15.1 5.454545 204 0 0
9.367089 -15.1 6.0 204 0 0
9.873418 -15.1 0.0 204 0 0
9.873418 -15.1 0.545455 204 0 0
9.873418 -15.1 1.090909 204 0 0
9.873418 -15.1 1.636364 204 0 0
9.873418 -15.1 2.181818 204 0 0
9.873418 -15.1 2.727273 204 0 0
9.873418 -15.1 3.272727 204 0 0
9.873418 -15.1 3.818182 204 0 0
9.873418 -15.1 4.363636 204 0 0
9.873418 -15.1 4.909091 204 0 0
9.873418 -15.1 5.454545 204 0 0
9.873418 -15.1 6.0 204 0 0
10.379747 -15.1 0.0 204 0 0
10.379747 -15.1 0.545455 204 0 0
10.379747 -15.1 1.090909 204 0 0
10.379747 -15.1 1.636364 204 0 0
10.379747 -15.1 2.181818 204 0 0
10.379747 -15.1 2.727273 204 0 0
10.379747 -15.1 3.272727 204 0 0
10.379747 -15.1 3.818182 204 0 0
10.379747 -15.1 4.363636 204 0 0
10.379747 -15.1 4.909091 204 0 0
10.379747 -15.1 5.454545 204 0 0
10.379747 -15.1 6.0 204 0 0
10.886076 -15.1 0.0 204 0 0
10.886076 -15.1 0.545455 204 0 0
10.886076 -15.1 1.090909 204 0 0
10.886076 -15.1 1.636364 204 0 0
10.886076 -15.1 2.181818 204 0 0
10.886076 -15.1 2.727273 204 0 0
10.886076 -15.1 3.272727 204 0 0
10.886076 -15.1 3.818182 204 0 0
10.886076 -15.1 4.363636 204 0 0
10.886076 -15.1 4.909091 204 0 0
10.886076 -15.1 5.454545 204 0 0
10.886076 -15.1 6.0 204 0 0
11.392405 -15.1 0.0 204 0 0
11.392405 -15.1 0.545455 204 0 0
11.392405 -15.1 1.090909 204 0 0
11.392405 -15.1 1.636364 204 0 0
11.392405 -15.1 2.181818 204 0 0
11.392405 -15.1 2.727273 204 0 0
11.392405 -15.1 3.272727 204 0 0
11.392405 -15.1 3.818182 204 0 0
11.392405 -15.1 4.363636 204 0 0
11.392405 -15.1 4.909091 204 0 0
11.392405 -15.1 5.454545 204 0 0
11.392405 -15.1 6.0 204 0 0
11.898734 -15.1 0.0 204 0 0
11.898734 -15.1 0.545455 204 0 0
11.898734 -15.1 1.090909 204 0 0
11.898734 -15.1 1.636364 204 0 0
11.898734 -15.1 2.181818 204 0 0
11.898734 -15.1 2.727273 204 0 0
11.898734 -15.1 3.272727 204 0 0
11.898734 -15.1 3.818182 204 0 0
11.898734 -15.1 4.363636 204 0 0
11.898734 -15.1 4.909091 204 0 0
11.898734 -15.1 5.454545 204 0 0
11.898734 -15.1 6.0 204 0 0
12.405063 -15.1 0.0 204 0 0
12.405063 -15.1 0.545455 204 0 0
12.405063 -15.1 1.090909 204 0 0
12.405063 -15.1 1.636364 204 0 0
12.405063 -15.1 2.181818 204 0 0
12.405063 -15.1 2.727273 204 0 0
12.405063 -15.1 3.272727 204 0 0
12.405063 -15.1 3.818182 204 0 0
12.405063 -15.1 4.363636 204 0 0
12.405063 -15.1 4.909091 204 0 0
12.405063 -15.1 5.454545 204 0 0
12.405063 -15.1 6.0 204 0 0
12.911392 -15.1 0.0 204 0 0
12.911392 -15.1 0.545455 204 0 0
12.911392 -15.1 1.090909 204 0 0
12.911392 -15.1 1.636364 204 0 0
12.911392 -15.1 2.181818 204 0 0
12.911392 -15.1 2.727273 204 0 0
12.911392 -15.1 3.272727 204 0 0
12.911392 -15.1 3.818182 204 0 0
12.911392 -15.1 4.363636 204 0 0
12.911392 -15.1 4.909091 204 0 0
12.911392 -15.1 5.454545 204 0 0
12.911392 -15.1 6.0 204 0 0
13.417722 -15.1 0.0 204 0 0
13.417722 -15.1 0.545455 204 0 0
13.417722 -15.1 1.090909 204 0 0
13.417722 -15.1 1.636364 204 0 0
13.417722 -15.1 2.181818 204 0 0
13.417722 -15.1 2.727273 204 0 0
13.417722 -15.1 3.272727 204 0 0
13.417722 -15.1 3.818182 204 0 0
13.417722 -15.1 4.363636 204 0 0
13.417722 -15.1 4.909091 204 0 0
13.417722 -15.1 5.454545 204 0 0
13.417722 -15.1 6.0 204 0 0
13.924051 -15.1 0.0 204 0 0
13.924051 -15.1 0.545455 204 0 0
13.924051 -15.1 1.090909 204 0 0
13.924051 -15.1 1.636364 204 0 0
13.924051 -15.1 2.181818 204 0 0
13.924051 -15.1 2.727273 204 0 0
13.924051 -15.1 3.272727 204 0 0
13.924051 -15.1 3.818182 204 0 0
13.924051 -15.1 4.363636 204 0 0
13.924051 -15.1 4.909091 204 0 0
13.924051 -15.1 5.454545 204 0 0
13.924051 -15.1 6.0 204 0 0
14.43038 -15.1 0.0 204 0 0
14.43038 -15.1 0.545455 204 0 0
14.43038 -15.1 1.090909 204 0 0
14.43038 -15.1 1.636364 204 0 0
14.43038 -15.1 2.181818 204 0 0
14.43038 -15.1 2.727273 204 0 0
14.43038 -15.1 3.272727 204 0 0
14.43038 -15.1 3.818182 204 0 0
14.43038 -15.1 4.363636 204 0 0
14.43038 -15.1 4.909091 204 0 0
14.43038 -15.1 5.454545 204 0 0
14.43038 -15.1 6.0 204 0 0
14.936709 -15.1 0.0 204 0 0
14.936709 -15.1 0.545455 204 0 0
14.936709 -15.1 1.090909 204 0 0
14.936709 -15.1 1.636364 204 0 0
14.936709 -15.1 2.181818 204 0 0
14.936709 -15.1 2.727273 204 0 0
14.936709 -15.1 3.272727 204 0 0
14.936709 -15.1 3.818182 204 0 0
14.936709 -15.1 4.363636 204 0 0
14.936709 -15.1 4.909091 204 0 0
14.936709 -15.1 5.454545 204 0 0
14.936709 -15.1 6.0 204 0 0
15.443038 -15.1 0.0 204 0 0
15.443038 -15.1 0.545455 204 0 0
15.443038 -15.1 1.090909 204 0 0
15.443038 -15.1 1.636364 204 0 0
15.443038 -15.1 2.181818 204 0 0
15.443038 -15.1 2.727273 204 0 0
15.443038 -15.1 3.272727 204 0 0
15.443038 -15.1 3.818182 204 0 0
15.443038 -15.1 4.363636 204 0 0
15.443038 -15.1 4.909091 204 0 0
15.443038 -15.1 5.454545 204 0 0
15.443038 -15.1 6.0 204 0 0
15.949367 -15.1 0.0 204 0 0
15.949367 -15.1 0.545455 204 0 0
15.949367 -15.1 1.090909 204 0 0
15.949367 -15.1 1.636364 204 0 0
15.949367 -15.1 2.181818 204 0 0
15.949367 -15.1 2.727273 204 0 0
15.949367 -15.1 3.272727 204 0 0
15.949367 -15.1 3.818182 204 0 0
15.949367 -15.1 4.363636 204 0 0
15.949367 -15.1 4.909091 204 0 0
15.949367 -15.1 5.454545 204 0 0
15.949367 -15.1 6.0 204 0 0
16.455696 -15.1 0.0 204 0 0
16.455696 -15.1 0.545455 204 0 0
16.455696 -15.1 1.090909 204 0 0
16.455696 -15.1 1.636364 204 0 0
16.455696 -15.1 2.181818 204 0 0
16.455696 -15.1 2.727273 204 0 0
16.455696 -15.1 3.272727 204 0 0
16.455696 -15.1 3.818182 204 0 0
16.455696 -15.1 4.363636 204 0 0
16.455696 -15.1 4.909091 204 0 0
16.455696 -15.1 5.454545 204 0 0
16.455696 -15.1 6.0 204 0 0
16.962025 -15.1 0.0 204 0 0
16.962025 -15.1 0.545455 204 0 0
16.962025 -15.1 1.090909 204 0 0
16.962025 -15.1 1.636364 204 0 0
16.962025 -15.1 2.181818 204 0 0
16.962025 -15.1 2.727273 204 0 0
16.962025 -15.1 3.272727 204 0 0
16.962025 -15.1 3.818182 204 0 0
16.962025 -15.1 4.363636 204 0 0
16.962025 -15.1 4.909091 204 0 0
16.962025 -15.1 5.454545 204 0 0
16.962025 -15.1 6.0 204 0 0
17.468354 -15.1 0.0 204 0 0
17.468354 -15.1 0.545455 204 0 0
17.468354 -15.1 1.090909 204 0 0
17.468354 -15.1 1.636364 204 0 0
17.468354 -15.1 2.181818 204 0 0
17.468354 -15.1 2.727273 204 0 0
17.468354 -15.1 3.272727 204 0 0
17.468354 -15.1 3.818182 204 0 0
17.468354 -15.1 4.363636 204 0 0
17.468354 -15.1 4.909091 204 0 0
17.468354 -15.1 5.454545 204 0 0
17.468354 -15.1 6.0 204 0 0
17.974684 -15.1 0.0 204 0 0
17.974684 -15.1 0.545455 204 0 0
17.974684 -15.1 1.090909 204 0 0
17.974684 -15.1 1.636364 204 0 0
17.974684 -15.1 2.181818 204 0 0
17.974684 -15.1 2.727273 204 0 0
17.974684 -15.1 3.272727 204 0 0
17.974684 -15.1 3.818182 204 0 0
17.974684 -15.1 4.363636 204 0 0
17.974684 -15.1 4.909091 204 0 0
17.974684 -15.1 5.454545 204 0 0
17.974684 -15.1 6.0 204 0 0
18.481013 -15.1 0.0 204 0 0
18.481013 -15.1 0.545455 204 0 0
18.481013 -15.1 1.090909 204 0 0
18.481013 -15.1 1.636364 204 0 0
18.481013 -15.1 2.181818 204 0 0
18.481013 -15.1 2.727273 204 0 0
18.481013 -15.1 3.272727 204 0 0
18.481013 -15.1 3.818182 204 0 0
18.481013 -15.1 4.363636 204 0 0
18.481013 -15.1 4.909091 204 0 0
18.481013 -15.1 5.454545 204 0 0
18.481013 -15.1 6.0 204 0 0
18.987342 -15.1 0.0 204 0 0
18.987342 -15.1 0.545455 204 0 0
18.987342 -15.1 1.090909 204 0 0
18.987342 -15.1 1.636364 204 0 0
18.987342 -15.1 2.181818 204 0 0
18.987342 -15.1 2.727273 204 0 0
18.987342 -15.1 3.272727 204 0 0
18.987342 -15.1 3.818182 204 0 0
18.987342 -15.1 4.363636 204 0 0
18.987342 -15.1 4.909091 204 0 0
18.987342 -15.1 5.454545 204 0 0
18.987342 -15.1 6.0 204 0 0
19.493671 -15.1 0.0 204 0 0
19.493671 -15.1 0.545455 204 0 0
19.493671 -15.1 1.090909 204 0 0
19.493671 -15.1 1.636364 204 0 0
19.493671 -15.1 2.181818 204 0 0
19.493671 -15.1 2.727273 204 0 0
19.493671 -15.1 3.272727 204 0 0
19.493671 -15.1 3.818182 204 0 0
19.493671 -15.1 4.363636 204 0 0
19.493671 -15.1 4.909091 204 0 0
19.493671 -15.1 5.454545 204 0 0
19.493671 -15.1 6.0 204 0 0
20.0 -15.1 0.0 204 0 0
20.0 -15.1 0.545455 204 0 0
20.0 -15.1 1.090909 204 0 0
20.0 -15.1 1.636364 204 0 0
20.0 -15.1 2.181818 204 0 0
20.0 -15.1 2.727273 204 0 0
20.0 -15.1 3.272727 204 0 0
20.0 -15.1 3.818182 204 0 0
20.0 -15.1 4.363636 204 0 0
20.0 -15.1 4.909091 204 0 0
20.0 -15.1 5.454545 204 0 0
20.0 -15.1 6.0 204 0 0
-20.0 -15.1 6.0 204 0 0
-20.0 -14.9 6.0 204 0 0
-19.493671 -15.1 6.0 204 0 0
-19.493671 -14.9 6.0 204 0 0
-18.987342 -15.1 6.0 204 0 0
-18.987342 -14.9 6.0 204 0 0
-18.481013 -15.1 6.0 204 0 0
-18.481013 -14.9 6.0 204 0 0
-17.974684 -15.1 6.0 204 0 0
-17.974684 -14.9 6.0 204 0 0
-17.468354 -15.1 6.0 204 0 0
-17.468354 -14.9 6.0 204 0 0
-16.962025 -15.1 6.0 204 0 0
-16.962025 -14.9 6.0 204 0 0
-16.455696 -15.1 6.0 204 0 0
-16.455696 -14.9 6.0 204 0 0
-15.949367 -15.1 6.0 204 0 0
-15.949367 -14.9 6.0 204 0 0
-15.443038 -15.1 6.0 204 0 0
-15.443038 -14.9 6.0 204 0 0
-14.936709 -15.1 6.0 204 0 0
-14.936709 -14.9 6.0 204 0 0
-14.43038 -15.1 6.0 204 0 0
-14.43038 -14.9 6.0 204 0 0
-13.924051 -15.1 6.0 204 0 0
-13.924051 -14.9 6.0 204 0 0
-13.417722 -15.1 6.0 204 0 0
-13.417722 -14.9 6.0 204 0 0
-12.911392 -15.1 6.0 204 0 0
-12.911392 -14.9 6.0 204 0 0
-12.405063 -15.1 6.0 204 0 0
-12.405063 -14.9 6.0 204 0 0
-11.898734 -15.1 6.0 204 0 0
-11.898734 -14.9 6.0 204 0 0
-11.392405 -15.1 6.0 204 0 0
-11.392405 -14.9 6.0 204 0 0
-10.886076 -15.1 6.0 204 0 0
-10.886076 -14.9 6.0 204 0 0
-10.379747 -15.1 6.0 204 0 0
-10.379747 -14.9 6.0 204 0 0
-9.873418 -15.1 6.0 204 0 0
-9.873418 -14.9 6.0 204 0 0
-9.367089 -15.1 6.0 204 0 0
-9.367089 -14.9 6.0 204 0 0
-8.860759 -15.1 6.0 204 0 0
-8.860759 -14.9 6.0 204 0 0
-8.35443 -15.1 6.0 204 0 0
-8.35443 -14.9 6.0 204 0 0
-7.848101 -15.1 6.0 204 0 0
-7.848101 -14.9 6.0 204 0 0
-7.341772 -15.1 6.0 204 0 0
-7.341772 -14.9 6.0 204 0 0
-6.835443 -15.1 6.0 204 0 0
-6.835443 -14.9 6.0 204 0 0
-6.329114 -15.1 6.0 204 0 0
-6.329114 -14.9 6.0 204 0 0
-5.822785 -15.1 6.0 204 0 0
-5.822785 -14.9 6.0 204 0 0
-5.316456 -15.1 6.0 204 0 0
-5.316456 -14.9 6.0 204 0 0
-4.810127 -15.1 6.0 204 0 0
-4.810127 -14.9 6.0 204 0 0
-4.303797 -15.1 6.0 204 0 0
-4.303797 -14.9 6.0 204 0 0
-3.797468 -15.1 6.0 204 0 0
-3.797468 -14.9 6.0 204 0 0
-3.291139 -15.1 6.0 204 0 0
-3.291139 -14.9 6.0 204 0 0
-2.78481 -15.1 6.0 204 0 0
-2.78481 -14.9 6.0 204 0 0
-2.278481 -15.1 6.0 204 0 0
-2.278481 -14.9 6.0 204 0 0
-1.772152 -15.1 6.0 204 0 0
-1.772152 -14.9 6.0 204 0 0
-1.265823 -15.1 6.0 204 0 0
-1.265823 -14.9 6.0 204 0 0
-0.759494 -15.1 6.0 204 0 0
-0.759494 -14.9 6.0 204 0 0
-0.253165 -15.1 6.0 204 0 0
-0.253165 -14.9 6.0 204 0 0
0.253165 -15.1 6.0 204 0 0
0.253165 -14.9 6.0 204 0 0
0.759494 -15.1 6.0 204 0 0
0.759494 -14.9 6.0 204 0 0
1.265823 -15.1 6.0 204 0 0
1.265823 -14.9 6.0 204 0 0
1.772152 -15.1 6.0 204 0 0
1.772152 -14.9 6.0 204 0 0
2.278481 -15.1 6.0 204 0 0
2.278481 -14.9 6.0 204 0 0
2.78481 -15.1 6.0 204 0 0
2.78481 -14.9 6.0 204 0 0
3.291139 -15.1 6.0 204 0 0
3.291139 -14.9 6.0 204 0 0
3.797468 -15.1 6.0 204 0 0
3.797468 -14.9 6.0 204 0 0
4.303797 -15.1 6.0 204 0 0
4.303797 -14.9 6.0 204 0 0
4.810127 -15.1 6.0 204 0 0
4.810127 -14.9 6.0 204 0 0
5.316456 -15.1 6.0 204 0 0
5.316456 -14.9 6.0 204 0 0
5.822785 -15.1 6.0 204 0 0
5.822785 -14.9 6.0 204 0 0
6.329114 -15.1 6.0 204 0 0
6.329114 -14.9 6.0 204 0 0
6.835443 -15.1 6.0 204 0 0
6.835443 -14.9 6.0 204 0 0
7.341772 -15.1 6.0 204 0 0
7.341772 -14.9 6.0 204 0 0
7.848101 -15.1 6.0 204 0 0
7.848101 -14.9 6.0 204 0 0
8.35443 -15.1 6.0 204 0 0
8.35443 -14.9 6.0 204 0 0
8.860759 -15.1 6.0 204 0 0
8.860759 -14.9 6.0 204 0 0
9.367089 -15.1 6.0 204 0 0
9.367089 -14.9 6.0 204 0 0
9.873418 -15.1 6.0 204 0 0
9.873418 -14.9 6.0 204 0 0
10.379747 -15.1 6.0 204 0 0
10.379747 -14.9 6.0 204 0 0
10.886076 -15.1 6.0 204 0 0
10.886076 -14.9 6.0 204 0 0
11.392405 -15.1 6.0 204 0 0
11.392405 -14.9 6.0 204 0 0
11.898734 -15.1 6.0 204 0 0
11.898734 -14.9 6.0 204 0 0
12.405063 -15.1 6.0 204 0 0
12.405063 -14.9 6.0 204 0 0
12.911392 -15.1 6.0 204 0 0
12.911392 -14.9 6.0 204 0 0
13.417722 -15.1 6.0 204 0 0
13.417722 -14.9 6.0 204 0 0
13.924051 -15.1 6.0 204 0 0
13.924051 -14.9 6.0 204 0 0
14.43038 -15.1 6.0 204 0 0
14.43038 -14.9 6.0 204 0 0
14.936709 -15.1 6.0 204 0 0
14.936709 -14.9 6.0 204 0 0
15.443038 -15.1 6.0 204 0 0
15.443038 -14.9 6.0 204 0 0
15.949367 -15.1 6.0 204 0 0
15.949367 -14.9 6.0 204 0 0
16.455696 -15.1 6.0 204 0 0
16.455696 -14.9 6.0 204 0 0
16.962025 -15.1 6.0 204 0 0
16.962025 -14.9 6.0 204 0 0
17.468354 -15.1 6.0 204 0 0
17.468354 -14.9 6.0 204 0 0
17.974684 -15.1 6.0 204 0 0
17.974684 -14.9 6.0 204 0 0
18.481013 -15.1 6.0 204 0 0
18.481013 -14.9 6.0 204 0 0
18.987342 -15.1 6.0 204 0 0
18.987342 -14.9 6.0 204 0 0
19.493671 -15.1 6.0 204 0 0
19.493671 -14.9 6.0 204 0 0
20.0 -15.1 6.0 204 0 0
20.0 -14.9 6.0 204 0 0
-20.0 -15.1 0.0 204 0 0
-20.0 -14.9 0.0 204 0 0
-19.493671 -15.1 0.0 204 0 0
-19.493671 -14.9 0.0 204 0 0
-18.987342 -15.1 0.0 204 0 0
-18.987342 -14.9 0.0 204 0 0
-18.481013 -15.1 0.0 204 0 0
-18.481013 -14.9 0.0 204 0 0
-17.974684 -15.1 0.0 204 0 0
-17.974684 -14.9 0.0 204 0 0
-17.468354 -15.1 0.0 204 0 0
-17.468354 -14.9 0.0 204 0 0
-16.962025 -15.1 0.0 204 0 0
-16.962025 -14.9 0.0 204 0 0
-16.455696 -15.1 0.0 204 0 0
-16.455696 -14.9 0.0 204 0 0
-15.949367 -15.1 0.0 204 0 0
-15.949367 -14.9 0.0 204 0 0
-15.443038 -15.1 0.0 204 0 0
-15.443038 -14.9 0.0 204 0 0
-14.936709 -15.1 0.0 204 0 0
-14.936709 -14.9 0.0 204 0 0
-14.43038 -15.1 0.0 204 0 0
-14.43038 -14.9 0.0 204 0 0
-13.924051 -15.1 0.0 204 0 0
-13.924051 -14.9 0.0 204 0 0
-13.417722 -15.1 0.0 204 0 0
-13.417722 -14.9 0.0 204 0 0
-12.911392 -15.1 0.0 204 0 0
-12.911392 -14.9 0.0 204 0 0
-12.405063 -15.1 0.0 204 0 0
-12.405063 -14.9 0.0 204 0 0
-11.898734 -15.1 0.0 204 0 0
-11.898734 -14.9 0.0 204 0 0
-11.392405 -15.1 0.0 204 0 0
-11.392405 -14.9 0.0 204 0 0
-10.886076 -15.1 0.0 204 0 0
-10.886076 -14.9 0.0 204 0 0
-10.379747 -15.1 0.0 204 0 0
-10.379747 -14.9 0.0 204 0 0
-9.873418 -15.1 0.0 204 0 0
-9.873418 -14.9 0.0 204 0 0
-9.367089 -15.1 0.0 204 0 0
-9.367089 -14.9 0.0 204 0 0
-8.860759 -15.1 0.0 204 0 0
-8.860759 -14.9 0.0 204 0 0
-8.35443 -15.1 0.0 204 0 0
-8.35443 -14.9 0.0 204 0 0
-7.848101 -15.1 0.0 204 0 0
-7.848101 -14.9 0.0 204 0 0
-7.341772 -15.1 0.0 204 0 0
-7.341772 -14.9 0.0 204 0 0
-6.835443 -15.1 0.0 204 0 0
-6.835443 -14.9 0.0 204 0 0
-6.329114 -15.1 0.0 204 0 0
-6.329114 -14.9 0.0 204 0 0
-5.822785 -15.1 0.0 204 0 0
-5.822785 -14.9 0.0 204 0 0
-5.316456 -15.1 0.0 204 0 0
-5.316456 -14.9 0.0 204 0 0
-4.810127 -15.1 0.0 204 0 0
-4.810127 -14.9 0.0 204 0 0
-4.303797 -15.1 0.0 204 0 0
-4.303797 -14.9 0.0 204 0 0
-3.797468 -15.1 0.0 204 0 0
-3.797468 -14.9 0.0 204 0 0
-3.291139 -15.1 0.0 204 0 0
-3.291139 -14.9 0.0 204 0 0
-2.78481 -15.1 0.0 204 0 0
-2.78481 -14.9 0.0 204 0 0
-2.278481 -15.1 0.0 204 0 0
-2.278481 -14.9 0.0 204 0 0
-1.772152 -15.1 0.0 204 0 0
-1.772152 -14.9 0.0 204 0 0
-1.265823 -15.1 0.0 204 0 0
-1.265823 -14.9 0.0 204 0 0
-0.759494 -15.1 0.0 204 0 0
-0.759494 -14.9 0.0 204 0 0
-0.253165 -15.1 0.0 204 0 0
-0.253165 -14.9 0.0 204 0 0
0.253165 -15.1 0.0 204 0 0
0.253165 -14.9 0.0 204 0 0
0.759494 -15.1 0.0 204 0 0
0.759494 -14.9 0.0 204 0 0
1.265823 -15.1 0.0 204 0 0
1.265823 -14.9 0.0 204 0 0
1.772152 -15.1 0.0 204 0 0
1.772152 -14.9 0.0 204 0 0
2.278481 -15.1 0.0 204 0 0
2.278481 -14.9 0.0 204 0 0
2.78481 -15.1 0.0 204 0 0
2.78481 -14.9 0.0 204 0 0
3.291139 -15.1 0.0 204 0 0
3.291139 -14.9 0.0 204 0 0
3.797468 -15.1 0.0 204 0 0
3.797468 -14.9 0.0 204 0 0
4.303797 -15.1 0.0 204 0 0
4.303797 -14.9 0.0 204 0 0
4.810127 -15.1 0.0 204 0 0
4.810127 -14.9 0.0 204 0 0
5.316456 -15.1 0.0 204 0 0
5.316456 -14.9 0.0 204 0 0
5.822785 -15.1 0.0 204 0 0
5.822785 -14.9 0.0 204 0 0
6.329114 -15.1 0.0 204 0 0
6.329114 -14.9 0.0 204 0 0
6.835443 -15.1 0.0 204 0 0
6.835443 -14.9 0.0 204 0 0
7.341772 -15.1 0.0 204 0 0
7.341772 -14.9 0.0 204 0 0
7.848101 -15.1 0.0 204 0 0
7.848101 -14.9 0.0 204 0 0
8.35443 -15.1 0.0 204 0 0
8.35443 -14.9 0.0 204 0 0
8.860759 -15.1 0.0 204 0 0
8.860759 -14.9 0.0 204 0 0
9.367089 -15.1 0.0 204 0 0
9.367089 -14.9 0.0 204 0 0
9.873418 -15.1 0.0 204 0 0
9.873418 -14.9 0.0 204 0 0
10.379747 -15.1 0.0 204 0 0
10.379747 -14.9 0.0 204 0 0
10.886076 -15.1 0.0 204 0 0
10.886076 -14.9 0.0 204 0 0
11.392405 -15.1 0.0 204 0 0
11.392405 -14.9 0.0 204 0 0
11.898734 -15.1 0.0 204 0 0
11.898734 -14.9 0.0 204 0 0
12.405063 -15.1 0.0 204 0 0
12.405063 -14.9 0.0 204 0 0
12.911392 -15.1 0.0 204 0 0
12.911392 -14.9 0.0 204 0 0
13.417722 -15.1 0.0 204 0 0
13.417722 -14.9 0.0 204 0 0
13.924051 -15.1 0.0 204 0 0
13.924051 -14.9 0.0 204 0 0
14.43038 -15.1 0.0 204 0 0
14.43038 -14.9 0.0 204 0 0
14.936709 -15.1 0.0 204 0 0
14.936709 -14.9 0.0 204 0 0
15.443038 -15.1 0.0 204 0 0
15.443038 -14.9 0.0 204 0 0
15.949367 -15.1 0.0 204 0 0
15.949367 -14.9 0.0 204 0 0
16.455696 -15.1 0.0 204 0 0
16.455696 -14.9 0.0 204 0 0
16.962025 -15.1 0.0 204 0 0
16.962025 -14.9 0.0 204 0 0
17.468354 -15.1 0.0 204 0 0
17.468354 -14.9 0.0 204 0 0
17.974684 -15.1 0.0 204 0 0
17.974684 -14.9 0.0 204 0 0
18.481013 -15.1 0.0 204 0 0
18.481013 -14.9 0.0 204 0 0
18.987342 -15.1 0.0 204 0 0
18.987342 -14.9 0.0 204 0 0
19.493671 -15.1 0.0 204 0 0
19.493671 -14.9 0.0 204 0 0
20.0 -15.1 0.0 204 0 0
20.0 -14.9 0.0 204 0 0
20.1 -15.0 0.0 204 0 0
20.1 -15.0 0.545455 204 0 0
20.1 -15.0 1.090909 204 0 0
20.1 -15.0 1.636364 204 0 0
20.1 -15.0 2.181818 204 0 0
20.1 -15.0 2.727273 204 0 0
20.1 -15.0 3.272727 204 0 0
20.1 -15.0 3.818182 204 0 0
20.1 -15.0 4.363636 204 0 0
20.1 -15.0 4.909091 204 0 0
20.1 -15.0 5.454545 204 0 0
20.1 -15.0 6.0 204 0 0
20.1 -14.491525 0.0 204 0 0
20.1 -14.491525 0.545455 204 0 0
20.1 -14.491525 1.090909 204 0 0
20.1 -14.491525 1.636364 204 0 0
20.1 -14.491525 2.181818 204 0 0
20.1 -14.491525 2.727273 204 0 0
20.1 -14.491525 3.272727 204 0 0
20.1 -14.491525 3.818182 204 0 0
20.1 -14.491525 4.363636 204 0 0
20.1 -14.491525 4.909091 204 0 0
20.1 -14.491525 5.454545 204 0 0
20.1 -14.491525 6.0 204 0 0
20.1 -13.983051 0.0 204 0 0
20.1 -13.983051 0.545455 204 0 0
20.1 -13.983051 1.090909 204 0 0
20.1 -13.983051 1.636364 204 0 0
20.1 -13.983051 2.181818 204 0 0
20.1 -13.983051 2.727273 204 0 0
20.1 -13.983051 3.272727 204 0 0
20.1 -13.983051 3.818182 204 0 0
20.1 -13.983051 4.363636 204 0 0
20.1 -13.983051 4.909091 204 0 0
20.1 -13.983051 5.454545 204 0 0
20.1 -13.983051 6.0 204 0 0
20.1 -13.474576 0.0 204 0 0
20.1 -13.474576 0.545455 204 0 0
20.1 -13.474576 1.090909 204 0 0
20.1 -13.474576 1.636364 204 0 0
20.1 -13.474576 2.181818 204 0 0
20.1 -13.474576 2.727273 204 0 0
20.1 -13.474576 3.272727 204 0 0
20.1 -13.474576 3.818182 204 0 0
20.1 -13.474576 4.363636 204 0 0
20.1 -13.474576 4.909091 204 0 0
20.1 -13.474576 5.454545 204 0 0
20.1 -13.474576 6.0 204 0 0
20.1 -12.966102 0.0 204 0 0
20.1 -12.966102 0.545455 204 0 0
20.1 -12.966102 1.090909 204 0 0
20.1 -12.966102 1.636364 204 0 0
20.1 -12.966102 2.181818 204 0 0
20.1 -12.966102 2.727273 204 0 0
20.1 -12.966102 3.272727 204 0 0
20.1 -12.966102 3.818182 204 0 0
20.1 -12.966102 4.363636 204 0 0
20.1 -12.966102 4.909091 204 0 0
20.1 -12.966102 5.454545 204 0 0
20.1 -12.966102 6.0 204 0 0
20.1 -12.457627 0.0 204 0 0
20.1 -12.457627 0.545455 204 0 0
20.1 -12.457627 1.090909 204 0 0
20.1 -12.457627 1.636364 204 0 0
20.1 -12.457627 2.181818 204 0 0
20.1 -12.457627 2.727273 204 0 0
20.1 -12.457627 3.272727 204 0 0
20.1 -12.457627 3.818182 204 0 0
20.1 -12.457627 4.363636 204 0 0
20.1 -12.457627 4.909091 204 0 0
20.1 -12.457627 5.454545 204 0 0
20.1 -12.457627 6.0 204 0 0
20.1 -11.949153 0.0 204 0 0
20.1 -11.949153 0.545455 204 0 0
20.1 -11.949153 1.090909 204 0 0
20.1 -11.949153 1.636364 204 0 0
20.1 -11.949153 2.181818 204 0 0
20.1 -11.949153 2.727273 204 0 0
20.1 -11.949153 3.272727 204 0 0
20.1 -11.949153 3.818182 204 0 0
20.1 -11.949153 4.363636 204 0 0
20.1 -11.949153 4.909091 204 0 0
20.1 -11.949153 5.454545 204 0 0
20.1 -11.949153 6.0 204 0 0
20.1 -11.440678 0.0 204 0 0
20.1 -11.440678 0.545455 204 0 0
20.1 -11.440678 1.090909 204 0 0
20.1 -11.440678 1.636364 204 0 0
20.1 -11.440678 2.181818 204 0 0
20.1 -11.440678 2.727273 204 0 0
20.1 -11.440678 3.272727 204 0 0
20.1 -11.440678 3.818182 204 0 0
20.1 -11.440678 4.363636 204 0 0
20.1 -11.440678 4.909091 204 0 0
20.1 -11.440678 5.454545 204 0 0
20.1 -11.440678 6.0 204 0 0
20.1 -10.932203 0.0 204 0 0
20.1 -10.932203 0.545455 204 0 0
20.1 -10.932203 1.090909 204 0 0
20.1 -10.932203 1.636364 204 0 0
20.1 -10.932203 2.181818 204 0 0
20.1 -10.932203 2.727273 204 0 0
20.1 -10.932203 3.272727 204 0 0
20.1 -10.932203 3.818182 204 0 0
20.1 -10.932203 4.363636 204 0 0
20.1 -10.932203 4.909091 204 0 0
20.1 -10.932203 5.454545 204 0 0
20.1 -10.932203 6.0 204 0 0
20.1 -10.423729 0.0 204 0 0
20.1 -10.423729 0.545455 204 0 0
20.1 -10.423729 1.090909 204 0 0
20.1 -10.423729 1.636364 204 0 0
20.1 -10.423729 2.181818 204 0 0
20.1 -10.423729 2.727273 204 0 0
20.1 -10.423729 3.272727 204 0 0
20.1 -10.423729 3.818182 204 0 0
20.1 -10.423729 4.363636 204 0 0
20.1 -10.423729 4.909091 204 0 0
20.1 -10.423729 5.454545 204 0 0
20.1 -10.423729 6.0 204 0 0
20.1 -9.915254 0.0 204 0 0
20.1 -9.915254 0.545455 204 0 0
20.1 -9.915254 1.090909 204 0 0
20.1 -9.915254 1.636364 204 0 0
20.1 -9.915254 2.181818 204 0 0
20.1 -9.915254 2.727273 204 0 0
20.1 -9.915254 3.272727 204 0 0
20.1 -9.915254 3.818182 204 0 0
20.1 -9.915254 4.363636 204 0 0
20.1 -9.915254 4.909091 204 0 0
20.1 -9.915254 5.454545 204 0 0
20.1 -9.915254 6.0 204 0 0
20.1 -9.40678 0.0 204 0 0
20.1 -9.40678 0.545455 204 0 0
20.1 -9.40678 1.090909 204 0 0
20.1 -9.40678 1.636364 204 0 0
20.1 -9.40678 2.181818 204 0 0
20.1 -9.40678 2.727273 204 0 0
20.1 -9.40678 3.272727 204 0 0
20.1 -9.40678 3.818182 204 0 0
20.1 -9.40678 4.363636 204 0 0
20.1 -9.40678 4.909091 204 0 0
20.1 -9.40678 5.454545 204 0 0
20.1 -9.40678 6.0 204 0 0
20.1 -8.898305 0.0 204 0 0
20.1 -8.898305 0.545455 204 0 0
20.1 -8.898305 1.090909 204 0 0
20.1 -8.898305 1.636364 204 0 0
20.1 -8.898305 2.181818 204 0 0
20.1 -8.898305 2.727273 204 0 0
20.1 -8.898305 3.272727 204 0 0
20.1 -8.898305 3.818182 204 0 0
20.1 -8.898305 4.363636 204 0 0
20.1 -8.898305 4.909091 204 0 0
20.1 -8.898305 5.454545 204 0 0
20.1 -8.898305 6.0 204 0 0
20.1 -8.389831 0.0 204 0 0
20.1 -8.389831 0.545455 204 0 0
20.1 -8.389831 1.090909 204 0 0
20.1 -8.389831 1.636364 204 0 0
20.1 -8.389831 2.181818 204 0 0
20.1 -8.389831 2.727273 204 0 0
20.1 -8.389831 3.272727 204 0 0
20.1 -8.389831 3.818182 204 0 0
20.1 -8.389831 4.363636 204 0 0
20.1 -8.389831 4.909091 204 0 0
20.1 -8.389831 5.454545 204 0 0
20.1 -8.389831 6.0 204 0 0
20.1 -7.881356 0.0 204 0 0
20.1 -7.881356 0.545455 204 0 0
20.1 -7.881356 1.090909 204 0 0
20.1 -7.881356 1.636364 204 0 0
20.1 -7.881356 2.181818 204 0 0
20.1 -7.881356 2.727273 204 0 0
20.1 -7.881356 3.272727 204 0 0
20.1 -7.881356 3.818182 204 0 0
20.1 -7.881356 4.363636 204 0 0
20.1 -7.881356 4.909091 204 0 0
20.1 -7.881356 5.454545 204 0 0
20.1 -7.881356 6.0 204 0 0
20.1 -7.372881 0.0 204 0 0
20.1 -7.372881 0.545455 204 0 0
20.1 -7.372881 1.090909 204 0 0
20.1 -7.372881 1.636364 204 0 0
20.1 -7.372881 2.181818 204 0 0
20.1 -7.372881 2.727273 204 0 0
20.1 -7.372881 3.272727 204 0 0
20.1 -7.372881 3.818182 204 0 0
20.1 -7.372881 4.363636 204 0 0
20.1 -7.372881 4.909091 204 0 0
20.1 -7.372881 5.454545 204 0 0
20.1 -7.372881 6.0 204 0 0
20.1 -6.864407 0.0 204 0 0
20.1 -6.864407 0.545455 204 0 0
20.1 -6.864407 1.090909 204 0 0
20.1 -6.864407 1.636364 204 0 0
20.1 -6.864407 2.181818 204 0 0
20.1 -6.864407 2.727273 204 0 0
20.1 -6.864407 3.272727 204 0 0
20.1 -6.864407 3.818182 204 0 0
20.1 -6.864407 4.363636 204 0 0
20.1 -6.864407 4.909091 204 0 0
20.1 -6.864407 5.454545 204 0 0
20.1 -6.864407 6.0 204 0 0
20.1 -6.355932 0.0 204 0 0
20.1 -6.355932 0.545455 204 0 0
20.1 -6.355932 1.090909 204 0 0
20.1 -6.355932 1.636364 204 0 0
20.1 -6.355932 2.181818 204 0 0
20.1 -6.355932 2.727273 204 0 0
20.1 -6.355932 3.272727 204 0 0
20.1 -6.355932 3.818182 204 0 0
20.1 -6.355932 4.363636 204 0 0
20.1 -6.355932 4.909091 204 0 0
20.1 -6.355932 5.454545 204 0 0
20.1 -6.355932 6.0 204 0 0
20.1 -5.847458 0.0 204 0 0
20.1 -5.847458 0.545455 204 0 0
20.1 -5.847458 1.090909 204 0 0
20.1 -5.847458 1.636364 204 0 0
20.1 -5.847458 2.181818 204 0 0
20.1 -5.847458 2.727273 204 0 0
20.1 -5.847458 3.272727 204 0 0
20.1 -5.847458 3.818182 204 0 0
20.1 -5.847458 4.363636 204 0 0
20.1 -5.847458 4.909091 204 0 0
20.1 -5.847458 5.454545 204 0 0
20.1 -5.847458 6.0 204 0 0
20.1 -5.338983 0.0 204 0 0
20.1 -5.338983 0.545455 204 0 0
20.1 -5.338983 1.090909 204 0 0
20.1 -5.338983 1.636364 204 0 0
20.1 -5.338983 2.181818 204 0 0
20.1 -5.338983 2.727273 204 0 0
20.1 -5.338983 3.272727 204 0 0
20.1 -5.338983 3.818182 204 0 0
20.1 -5.338983 4.363636 204 0 0
20.1 -5.338983 4.909091 204 0 0
20.1 -5.338983 5.454545 204 0 0
20.1 -5.338983 6.0 204 0 0
20.1 -4.830508 0.0 204 0 0
20.1 -4.830508 0.545455 204 0 0
20.1 -4.830508 1.090909 204 0 0
20.1 -4.830508 1.636364 204 0 0
20.1 -4.830508 2.181818 204 0 0
20.1 -4.830508 2.727273 204 0 0
20.1 -4.830508 3.272727 204 0 0
20.1 -4.830508 3.818182 204 0 0
20.1 -4.830508 4.363636 204 0 0
20.1 -4.830508 4.909091 204 0 0
20.1 -4.830508 5.454545 204 0 0
20.1 -4.830508 6.0 204 0 0
20.1 -4.322034 0.0 204 0 0
20.1 -4.322034 0.545455 204 0 0
20.1 -4.322034 1.090909 204 0 0
20.1 -4.322034 1.636364 204 0 0
20.1 -4.322034 2.181818 204 0 0
20.1 -4.322034 2.727273 204 0 0
20.1 -4.322034 3.272727 204 0 0
20.1 -4.322034 3.818182 204 0 0
20.1 -4.322034 4.363636 204 0 0
20.1 -4.322034 4.909091 204 0 0
20.1 -4.322034 5.454545 204 0 0
20.1 -4.322034 6.0 204 0 0
20.1 -3.813559 0.0 204 0 0
20.1 -3.813559 0.545455 204 0 0
20.1 -3.813559 1.090909 204 0 0
20.1 -3.813559 1.636364 204 0 0
20.1 -3.813559 2.181818 204 0 0
20.1 -3.813559 2.727273 204 0 0
20.1 -3.813559 3.272727 204 0 0
20.1 -3.813559 3.818182 204 0 0
20.1 -3.813559 4.363636 204 0 0
20.1 -3.813559 4.909091 204 0 0
20.1 -3.813559 5.454545 204 0 0
20.1 -3.813559 6.0 204 0 0
20.1 -3.305085 0.0 204 0 0
20.1 -3.305085 0.545455 204 0 0
20.1 -3.305085 1.090909 204 0 0
20.1 -3.305085 1.636364 204 0 0
20.1 -3.305085 2.181818 204 0 0
20.1 -3.305085 2.727273 204 0 0
20.1 -3.305085 3.272727 204 0 0
20.1 -3.305085 3.818182 204 0 0
20.1 -3.305085 4.363636 204 0 0
20.1 -3.305085 4.909091 204 0 0
20.1 -3.305085 5.454545 204 0 0
20.1 -3.305085 6.0 204 0 0
20.1 -2.79661 0.0 204 0 0
20.1 -2.79661 0.545455 204 0 0
20.1 -2.79661 1.090909 204 0 0
20.1 -2.79661 1.636364 204 0 0
20.1 -2.79661 2.181818 204 0 0
20.1 -2.79661 2.727273 204 0 0
20.1 -2.79661 3.272727 204 0 0
20.1 -2.79661 3.818182 204 0 0
20.1 -2.79661 4.363636 204 0 0
20.1 -2.79661 4.909091 204 0 0
20.1 -2.79661 5.454545 204 0 0
20.1 -2.79661 6.0 204 0 0
20.1 -2.288136 0.0 204 0 0
20.1 -2.288136 0.545455 204 0 0
20.1 -2.288136 1.090909 204 0 0
20.1 -2.288136 1.636364 204 0 0
20.1 -2.288136 2.181818 204 0 0
20.1 -2.288136 2.727273 204 0 0
20.1 -2.288136 3.272727 204 0 0
20.1 -2.288136 3.818182 204 0 0
20.1 -2.288136 4.363636 204 0 0
20.1 -2.288136 4.909091 204 0 0
20.1 -2.288136 5.454545 204 0 0
20.1 -2.288136 6.0 204 0 0
20.1 -1.779661 0.0 204 0 0
20.1 -1.779661 0.545455 204 0 0
20.1 -1.779661 1.090909 204 0 0
20.1 -1.779661 1.636364 204 0 0
20.1 -1.779661 2.181818 204 0 0
20.1 -1.779661 2.727273 204 0 0
20.1 -1.779661 3.272727 204 0 0
20.1 -1.779661 3.818182 204 0 0
20.1 -1.779661 4.363636 204 0 0
20.1 -1.779661 4.909091 204 0 0
20.1 -1.779661 5.454545 204 0 0
20.1 -1.779661 6.0 204 0 0
20.1 -1.271186 0.0 204 0 0
20.1 -1.271186 0.545455 204 0 0
20.1 -1.271186 1.090909 204 0 0
20.1 -1.271186 1.636364 204 0 0
20.1 -1.271186 2.181818 204 0 0
20.1 -1.271186 2.727273 204 0 0
20.1 -1.271186 3.272727 204 0 0
20.1 -1.271186 3.818182 204 0 0
20.1 -1.271186 4.363636 204 0 0
20.1 -1.271186 4.909091 204 0 0
20.1 -1.271186 5.454545 204 0 0
20.1 -1.271186 6.0 204 0 0
20.1 -0.762712 0.0 204 0 0
20.1 -0.762712 0.545455 204 0 0
20.1 -0.762712 1.090909 204 0 0
20.1 -0.762712 1.636364 204 0 0
20.1 -0.762712 2.181818 204 0 0
20.1 -0.762712 2.727273 204 0 0
20.1 -0.762712 3.272727 204 0 0
20.1 -0.762712 3.818182 204 0 0
20.1 -0.762712 4.363636 204 0 0
20.1 -0.762712 4.909091 204 0 0
20.1 -0.762712 5.454545 204 0 0
20.1 -0.762712 6.0 204 0 0
20.1 -0.254237 0.0 204 0 0
20.1 -0.254237 0.545455 204 0 0
20.1 -0.254237 1.090909 204 0 0
20.1 -0.254237 1.636364 204 0 0
20.1 -0.254237 2.181818 204 0 0
20.1 -0.254237 2.727273 204 0 0
20.1 -0.254237 3.272727 204 0 0
20.1 -0.254237 3.818182 204 0 0
20.1 -0.254237 4.363636 204 0 0
20.1 -0.254237 4.909091 204 0 0
20.1 -0.254237 5.454545 204 0 0
20.1 -0.254237 6.0 204 0 0
20.1 0.254237 0.0 204 0 0
20.1 0.254237 0.545455 204 0 0
20.1 0.254237 1.090909 204 0 0
20.1 0.254237 1.636364 204 0 0
20.1 0.254237 2.181818 204 0 0
20.1 0.254237 2.727273 204 0 0
20.1 0.254237 3.272727 204 0 0
20.1 0.254237 3.818182 204 0 0
20.1 0.254237 4.363636 204 0 0
20.1 0.254237 4.909091 204 0 0
20.1 0.254237 5.454545 204 0 0
20.1 0.254237 6.0 204 0 0
20.1 0.762712 0.0 204 0 0
20.1 0.762712 0.545455 204 0 0
20.1 0.762712 1.090909 204 0 0
20.1 0.762712 1.636364 204 0 0
20.1 0.762712 2.181818 204 0 0
20.1 0.762712 2.727273 204 0 0
20.1 0.762712 3.272727 204 0 0
20.1 0.762712 3.818182 204 0 0
20.1 0.762712 4.363636 204 0 0
20.1 0.762712 4.909091 204 0 0
20.1 0.762712 5.454545 204 0 0
20.1 0.762712 6.0 204 0 0
20.1 1.271186 0.0 204 0 0
20.1 1.271186 0.545455 204 0 0
20.1 1.271186 1.090909 204 0 0
20.1 1.271186 1.636364 204 0 0
20.1 1.271186 2.181818 204 0 0
20.1 1.271186 2.727273 204 0 0
20.1 1.271186 3.272727 204 0 0
20.1 1.271186 3.818182 204 0 0
20.1 1.271186 4.363636 204 0 0
20.1 1.271186 4.909091 204 0 0
20.1 1.271186 5.454545 204 0 0
20.1 1.271186 6.0 204 0 0
20.1 1.779661 0.0 204 0 0
20.1 1.779661 0.545455 204 0 0
20.1 1.779661 1.090909 204 0 0
20.1 1.779661 1.636364 204 0 0
20.1 1.779661 2.181818 204 0 0
20.1 1.779661 2.727273 204 0 0
20.1 1.779661 3.272727 204 0 0
20.1 1.779661 3.818182 204 0 0
20.1 1.779661 4.363636 204 0 0
20.1 1.779661 4.909091 204 0 0
20.1 1.779661 5.454545 204 0 0
20.1 1.779661 6.0 204 0 0
20.1 2.288136 0.0 204 0 0
20.1 2.288136 0.545455 204 0 0
20.1 2.288136 1.090909 204 0 0
20.1 2.288136 1.636364 204 0 0
20.1 2.288136 2.181818 204 0 0
20.1 2.288136 2.727273 204 0 0
20.1 2.288136 3.272727 204 0 0
20.1 2.288136 3.818182 204 0 0
20.1 2.288136 4.363636 204 0 0
20.1 2.288136 4.909091 204 0 0
20.1 2.288136 5.454545 204 0 0
20.1 2.288136 6.0 204 0 0
20.1 2.79661 0.0 204 0 0
20.1 2.79661 0.545455 204 0 0
20.1 2.79661 1.090909 204 0 0
20.1 2.79661 1.636364 204 0 0
20.1 2.79661 2.181818 204 0 0
20.1 2.79661 2.727273 204 0 0
20.1 2.79661 3.272727 204 0 0
20.1 2.79661 3.818182 204 0 0
20.1 2.79661 4.363636 204 0 0
20.1 2.79661 4.909091 204 0 0
20.1 2.79661 5.454545 204 0 0
20.1 2.79661 6.0 204 0 0
20.1 3.305085 0.0 204 0 0
20.1 3.305085 0.545455 204 0 0
20.1 3.305085 1.090909 204 0 0
20.1 3.305085 1.636364 204 0 0
20.1 3.305085 2.181818 204 0 0
20.1 3.305085 2.727273 204 0 0
20.1 3.305085 3.272727 204 0 0
20.1 3.305085 3.818182 204 0 0
20.1 3.305085 4.363636 204 0 0
20.1 3.305085 4.909091 204 0 0
20.1 3.305085 5.454545 204 0 0
20.1 3.305085 6.0 204 0 0
20.1 3.813559 0.0 204 0 0
20.1 3.813559 0.545455 204 0 0
20.1 3.813559 1.090909 204 0 0
20.1 3.813559 1.636364 204 0 0
20.1 3.813559 2.181818 204 0 0
20.1 3.813559 2.727273 204 0 0
20.1 3.813559 3.272727 204 0 0
20.1 3.813559 3.818182 204 0 0
20.1 3.813559 4.363636 204 0 0
20.1 3.813559 4.909091 204 0 0
20.1 3.813559 5.454545 204 0 0
20.1 3.813559 6.0 204 0 0
20.1 4.322034 0.0 204 0 0
20.1 4.322034 0.545455 204 0 0
20.1 4.322034 1.090909 204 0 0
20.1 4.322034 1.636364 204 0 0
20.1 4.322034 2.181818 204 0 0
20.1 4.322034 2.727273 204 0 0
20.1 4.322034 3.272727 204 0 0
20.1 4.322034 3.818182 204 0 0
20.1 4.322034 4.363636 204 0 0
20.1 4.322034 4.909091 204 0 0
20.1 4.322034 5.454545 204 0 0
20.1 4.322034 6.0 204 0 0
20.1 4.830508 0.0 204 0 0
20.1 4.830508 0.545455 204 0 0
20.1 4.830508 1.090909 204 0 0
20.1 4.830508 1.636364 204 0 0
20.1 4.830508 2.181818 204 0 0
20.1 4.830508 2.727273 204 0 0
20.1 4.830508 3.272727 204 0 0
20.1 4.830508 3.818182 204 0 0
20.1 4.830508 4.363636 204 0 0
20.1 4.830508 4.909091 204 0 0
20.1 4.830508 5.454545 204 0 0
20.1 4.830508 6.0 204 0 0
20.1 5.338983 0.0 204 0 0
20.1 5.338983 0.545455 204 0 0
20.1 5.338983 1.090909 204 0 0
20.1 5.338983 1.636364 204 0 0
20.1 5.338983 2.181818 204 0 0
20.1 5.338983 2.727273 204 0 0
20.1 5.338983 3.272727 204 0 0
20.1 5.338983 3.818182 204 0 0
20.1 5.338983 4.363636 204 0 0
20.1 5.338983 4.909091 204 0 0
20.1 5.338983 5.454545 204 0 0
20.1 5.338983 6.0 204 0 0
20.1 5.847458 0.0 204 0 0
20.1 5.847458 0.545455 204 0 0
20.1 5.847458 1.090909 204 0 0
20.1 5.847458 1.636364 204 0 0
20.1 5.847458 2.181818 204 0 0
20.1 5.847458 2.727273 204 0 0
20.1 5.847458 3.272727 204 0 0
20.1 5.847458 3.818182 204 0 0
20.1 5.847458 4.363636 204 0 0
20.1 5.847458 4.909091 204 0 0
20.1 5.847458 5.454545 204 0 0
20.1 5.847458 6.0 204 0 0
20.1 6.355932 0.0 204 0 0
20.1 6.355932 0.545455 204 0 0
20.1 6.355932 1.090909 204 0 0
20.1 6.355932 1.636364 204 0 0
20.1 6.355932 2.181818 204 0 0
20.1 6.355932 2.727273 204 0 0
20.1 6.355932 3.272727 204 0 0
20.1 6.355932 3.818182 204 0 0
20.1 6.355932 4.363636 204 0 0
20.1 6.355932 4.909091 204 0 0
20.1 6.355932 5.454545 204 0 0
20.1 6.355932 6.0 204 0 0
20.1 6.864407 0.0 204 0 0
20.1 6.864407 0.545455 204 0 0
20.1 6.864407 1.090909 204 0 0
20.1 6.864407 1.636364 204 0 0
20.1 6.864407 2.181818 204 0 0
20.1 6.864407 2.727273 204 0 0
20.1 6.864407 3.272727 204 0 0
20.1 6.864407 3.818182 204 0 0
20.1 6.864407 4.363636 204 0 0
20.1 6.864407 4.909091 204 0 0
20.1 6.864407 5.454545 204 0 0
20.1 6.864407 6.0 204 0 0
20.1 7.372881 0.0 204 0 0
20.1 7.372881 0.545455 204 0 0
20.1 7.372881 1.090909 204 0 0
20.1 7.372881 1.636364 204 0 0
20.1 7.372881 2.181818 204 0 0
20.1 7.372881 2.727273 204 0 0
20.1 7.372881 3.272727 204 0 0
20.1 7.372881 3.818182 204 0 0
20.1 7.372881 4.363636 204 0 0
20.1 7.372881 4.909091 204 0 0
20.1 7.372881 5.454545 204 0 0
20.1 7.372881 6.0 204 0 0
20.1 7.881356 0.0 204 0 0
20.1 7.881356 0.545455 204 0 0
20.1 7.881356 1.090909 204 0 0
20.1 7.881356 1.636364 204 0 0
20.1 7.881356 2.181818 204 0 0
20.1 7.881356 2.727273 204 0 0
20.1 7.881356 3.272727 204 0 0
20.1 7.881356 3.818182 204 0 0
20.1 7.881356 4.363636 204 0 0
20.1 7.881356 4.909091 204 0 0
20.1 7.881356 5.454545 204 0 0
20.1 7.881356 6.0 204 0 0
20.1 8.389831 0.0 204 0 0
20.1 8.389831 0.545455 204 0 0
20.1 8.389831 1.090909 204 0 0
20.1 8.389831 1.636364 204 0 0
20.1 8.389831 2.181818 204 0 0
20.1 8.389831 2.727273 204 0 0
20.1 8.389831 3.272727 204 0 0
20.1 8.389831 3.818182 204 0 0
20.1 8.389831 4.363636 204 0 0
20.1 8.389831 4.909091 204 0 0
20.1 8.389831 5.454545 204 0 0
20.1 8.389831 6.0 204 0 0
20.1 8.898305 0.0 204 0 0
20.1 8.898305 0.545455 204 0 0
20.1 8.898305 1.090909 204 0 0
20.1 8.898305 1.636364 204 0 0
20.1 8.898305 2.181818 204 0 0
20.1 8.898305 2.727273 204 0 0
20.1 8.898305 3.272727 204 0 0
20.1 8.898305 3.818182 204 0 0
20.1 8.898305 4.363636 204 0 0
20.1 8.898305 4.909091 204 0 0
20.1 8.898305 5.454545 204 0 0
20.1 8.898305 6.0 204 0 0
20.1 9.40678 0.0 204 0 0
20.1 9.40678 0.545455 204 0 0
20.1 9.40678 1.090909 204 0 0
20.1 9.40678 1.636364 204 0 0
20.1 9.40678 2.181818 204 0 0
20.1 9.40678 2.727273 204 0 0
20.1 9.40678 3.272727 204 0 0
20.1 9.40678 3.818182 204 0 0
20.1 9.40678 4.363636 204 0 0
20.1 9.40678 4.909091 204 0 0
20.1 9.40678 5.454545 204 0 0
20.1 9.40678 6.0 204 0 0
20.1 9.915254 0.0 204 0 0
20.1 9.915254 0.545455 204 0 0
20.1 9.915254 1.090909 204 0 0
20.1 9.915254 1.636364 204 0 0
20.1 9.915254 2.181818 204 0 0
20.1 9.915254 2.727273 204 0 0
20.1 9.915254 3.272727 204 0 0
20.1 9.915254 3.818182 204 0 0
20.1 9.915254 4.363636 204 0 0
20.1 9.915254 4.909091 204 0 0
20.1 9.915254 5.454545 204 0 0
20.1 9.915254 6.0 204 0 0
20.1 10.423729 0.0 204 0 0
20.1 10.423729 0.545455 204 0 0
20.1 10.423729 1.090909 204 0 0
20.1 10.423729 1.636364 204 0 0
20.1 10.423729 2.181818 204 0 0
20.1 10.423729 2.727273 204 0 0
20.1 10.423729 3.272727 204 0 0
20.1 10.423729 3.818182 204 0 0
20.1 10.423729 4.363636 204 0 0
20.1 10.423729 4.909091 204 0 0
20.1 10.423729 5.454545 204 0 0
20.1 10.423729 6.0 204 0 0
20.1 10.932203 0.0 204 0 0
20.1 10.932203 0.545455 204 0 0
20.1 10.932203 1.090909 204 0 0
20.1 10.932203 1.636364 204 0 0
20.1 10.932203 2.181818 204 0 0
20.1 10.932203 2.727273 204 0 0
20.1 10.932203 3.272727 204 0 0
20.1 10.932203 3.818182 204 0 0
20.1 10.932203 4.363636 204 0 0
20.1 10.932203 4.909091 204 0 0
20.1 10.932203 5.454545 204 0 0
20.1 10.932203 6.0 204 0 0
20.1 11.440678 0.0 204 0 0
20.1 11.440678 0.545455 204 0 0
20.1 11.440678 1.090909 204 0 0
20.1 11.440678 1.636364 204 0 0
20.1 11.440678 2.181818 204 0 0
20.1 11.440678 2.727273 204 0 0
20.1 11.440678 3.272727 204 0 0
20.1 11.440678 3.818182 204 0 0
20.1 11.440678 4.363636 204 0 0
20.1 11.440678 4.909091 204 0 0
20.1 11.440678 5.454545 204 0 0
20.1 11.440678 6.0 204 0 0
20.1 11.949153 0.0 204 0 0
20.1 11.949153 0.545455 204 0 0
20.1 11.949153 1.090909 204 0 0
20.1 11.949153 1.636364 204 0 0
20.1 11.949153 2.181818 204 0 0
20.1 11.949153 2.727273 204 0 0
20.1 11.949153 3.272727 204 0 0
20.1 11.949153 3.818182 204 0 0
20.1 11.949153 4.363636 204 0 0
20.1 11.949153 4.909091 204 0 0
20.1 11.949153 5.454545 204 0 0
20.1 11.949153 6.0 204 0 0
20.1 12.457627 0.0 204 0 0
20.1 12.457627 0.545455 204 0 0
20.1 12.457627 1.090909 204 0 0
20.1 12.457627 1.636364 204 0 0
20.1 12.457627 2.181818 204 0 0
20.1 12.457627 2.727273 204 0 0
20.1 12.457627 3.272727 204 0 0
20.1 12.457627 3.818182 204 0 0
20.1 12.457627 4.363636 204 0 0
20.1 12.457627 4.909091 204 0 0
20.1 12.457627 5.454545 204 0 0
20.1 12.457627 6.0 204 0 0
20.1 12.966102 0.0 204 0 0
20.1 12.966102 0.545455 204 0 0
20.1 12.966102 1.090909 204 0 0
20.1 12.966102 1.636364 204 0 0
20.1 12.966102 2.181818 204 0 0
20.1 12.966102 2.727273 204 0 0
20.1 12.966102 3.272727 204 0 0
20.1 12.966102 3.818182 204 0 0
20.1 12.966102 4.363636 204 0 0
20.1 12.966102 4.909091 204 0 0
20.1 12.966102 5.454545 204 0 0
20.1 12.966102 6.0 204 0 0
20.1 13.474576 0.0 204 0 0
20.1 13.474576 0.545455 204 0 0
20.1 13.474576 1.090909 204 0 0
20.1 13.474576 1.636364 204 0 0
20.1 13.474576 2.181818 204 0 0
20.1 13.474576 2.727273 204 0 0
20.1 13.474576 3.272727 204 0 0
20.1 13.474576 3.818182 204 0 0
20.1 13.474576 4.363636 204 0 0
20.1 13.474576 4.909091 204 0 0
20.1 13.474576 5.454545 204 0 0
20.1 13.474576 6.0 204 0 0
20.1 13.983051 0.0 204 0 0
20.1 13.983051 0.545455 204 0 0
20.1 13.983051 1.090909 204 0 0
20.1 13.983051 1.636364 204 0 0
20.1 13.983051 2.181818 204 0 0
20.1 13.983051 2.727273 204 0 0
20.1 13.983051 3.272727 204 0 0
20.1 13.983051 3.818182 204 0 0
20.1 13.983051 4.363636 204 0 0
20.1 13.983051 4.909091 204 0 0
20.1 13.983051 5.454545 204 0 0
20.1 13.983051 6.0 204 0 0
20.1 14.491525 0.0 204 0 0
20.1 14.491525 0.545455 204 0 0
20.1 14.491525 1.090909 204 0 0
20.1 14.491525 1.636364 204 0 0
20.1 14.491525 2.181818 204 0 0
20.1 14.491525 2.727273 204 0 0
20.1 14.491525 3.272727 204 0 0
20.1 14.491525 3.818182 204 0 0
20.1 14.491525 4.363636 204 0 0
20.1 14.491525 4.909091 204 0 0
20.1 14.491525 5.454545 204 0 0
20.1 14.491525 6.0 204 0 0
20.1 15.0 0.0 204 0 0
20.1 15.0 0.545455 204 0 0
20.1 15.0 1.090909 204 0 0
20.1 15.0 1.636364 204 0 0
20.1 15.0 2.181818 204 0 0
20.1 15.0 2.727273 204 0 0
20.1 15.0 3.272727 204 0 0
20.1 15.0 3.818182 204 0 0
20.1 15.0 4.363636 204 0 0
20.1 15.0 4.909091 204 0 0
20.1 15.0 5.454545 204 0 0
20.1 15.0 6.0 204 0 0
19.9 -15.0 0.0 204 0 0
19.9 -15.0 0.545455 204 0 0
19.9 -15.0 1.090909 204 0 0
19.9 -15.0 1.636364 204 0 0
19.9 -15.0 2.181818 204 0 0
19.9 -15.0 2.727273 204 0 0
19.9 -15.0 3.272727 204 0 0
19.9 -15.0 3.818182 204 0 0
19.9 -15.0 4.363636 204 0 0
19.9 -15.0 4.909091 204 0 0
19.9 -15.0 5.454545 204 0 0
19.9 -15.0 6.0 204 0 0
19.9 -14.491525 0.0 204 0 0
19.9 -14.491525 0.545455 204 0 0
19.9 -14.491525 1.090909 204 0 0
19.9 -14.491525 1.636364 204 0 0
19.9 -14.491525 2.181818 204 0 0
19.9 -14.491525 2.727273 204 0 0
19.9 -14.491525 3.272727 204 0 0
19.9 -14.491525 3.818182 204 0 0
19.9 -14.491525 4.363636 204 0 0
19.9 -14.491525 4.909091 204 0 0
19.9 -14.491525 5.454545 204 0 0
19.9 -14.491525 6.0 204 0 0
19.9 -13.983051 0.0 204 0 0
19.9 -13.983051 0.545455 204 0 0
19.9 -13.983051 1.090909 204 0 0
19.9 -13.983051 1.636364 204 0 0
19.9 -13.983051 2.181818 204 0 0
19.9 -13.983051 2.727273 204 0 0
19.9 -13.983051 3.272727 204 0 0
19.9 -13.983051 3.818182 204 0 0
19.9 -13.983051 4.363636 204 0 0
19.9 -13.983051 4.909091 204 0 0
19.9 -13.983051 5.454545 204 0 0
19.9 -13.983051 6.0 204 0 0
19.9 -13.474576 0.0 204 0 0
19.9 -13.474576 0.545455 204 0 0
19.9 -13.474576 1.090909 204 0 0
19.9 -13.474576 1.636364 204 0 0
19.9 -13.474576 2.181818 204 0 0
19.9 -13.474576 2.727273 204 0 0
19.9 -13.474576 3.272727 204 0 0
19.9 -13.474576 3.818182 204 0 0
19.9 -13.474576 4.363636 204 0 0
19.9 -13.474576 4.909091 204 0 0
19.9 -13.474576 5.454545 204 0 0
19.9 -13.474576 6.0 204 0 0
19.9 -12.966102 0.0 204 0 0
19.9 -12.966102 0.545455 204 0 0
19.9 -12.966102 1.090909 204 0 0
19.9 -12.966102 1.636364 204 0 0
19.9 -12.966102 2.181818 204 0 0
19.9 -12.966102 2.727273 204 0 0
19.9 -12.966102 3.272727 204 0 0
19.9 -12.966102 3.818182 204 0 0
19.9 -12.966102 4.363636 204 0 0
19.9 -12.966102 4.909091 204 0 0
19.9 -12.966102 5.454545 204 0 0
19.9 -12.966102 6.0 204 0 0
19.9 -12.457627 0.0 204 0 0
19.9 -12.457627 0.545455 204 0 0
19.9 -12.457627 1.090909 204 0 0
19.9 -12.457627 1.636364 204 0 0
19.9 -12.457627 2.181818 204 0 0
19.9 -12.457627 2.727273 204 0 0
19.9 -12.457627 3.272727 204 0 0
19.9 -12.457627 3.818182 204 0 0
19.9 -12.457627 4.363636 204 0 0
19.9 -12.457627 4.909091 204 0 0
19.9 -12.457627 5.454545 204 0 0
19.9 -12.457627 6.0 204 0 0
19.9 -11.949153 0.0 204 0 0
19.9 -11.949153 0.545455 204 0 0
19.9 -11.949153 1.090909 204 0 0
19.9 -11.949153 1.636364 204 0 0
19.9 -11.949153 2.181818 204 0 0
19.9 -11.949153 2.727273 204 0 0
19.9 -11.949153 3.272727 204 0 0
19.9 -11.949153 3.818182 204 0 0
19.9 -11.949153 4.363636 204 0 0
19.9 -11.949153 4.909091 204 0 0
19.9 -11.949153 5.454545 204 0 0
19.9 -11.949153 6.0 204 0 0
19.9 -11.440678 0.0 204 0 0
19.9 -11.440678 0.545455 204 0 0
19.9 -11.440678 1.090909 204 0 0
19.9 -11.440678 1.636364 204 0 0
19.9 -11.440678 2.181818 204 0 0
19.9 -11.440678 2.727273 204 0 0
19.9 -11.440678 3.272727 204 0 0
19.9 -11.440678 3.818182 204 0 0
19.9 -11.440678 4.363636 204 0 0
19.9 -11.440678 4.909091 204 0 0
19.9 -11.440678 5.454545 204 0 0
19.9 -11.440678 6.0 204 0 0
19.9 -10.932203 0.0 204 0 0
19.9 -10.932203 0.545455 204 0 0
19.9 -10.932203 1.090909 204 0 0
19.9 -10.932203 1.636364 204 0 0
19.9 -10.932203 2.181818 204 0 0
19.9 -10.932203 2.727273 204 0 0
19.9 -10.932203 3.272727 204 0 0
19.9 -10.932203 3.818182 204 0 0
19.9 -10.932203 4.363636 204 0 0
19.9 -10.932203 4.909091 204 0 0
19.9 -10.932203 5.454545 204 0 0
19.9 -10.932203 6.0 204 0 0
19.9 -10.423729 0.0 204 0 0
19.9 -10.423729 0.545455 204 0 0
19.9 -10.423729 1.090909 204 0 0
19.9 -10.423729 1.636364 204 0 0
19.9 -10.423729 2.181818 204 0 0
19.9 -10.423729 2.727273 204 0 0
19.9 -10.423729 3.272727 204 0 0
19.9 -10.423729 3.818182 204 0 0
19.9 -10.423729 4.363636 204 0 0
19.9 -10.423729 4.909091 204 0 0
19.9 -10.423729 5.454545 204 0 0
19.9 -10.423729 6.0 204 0 0
19.9 -9.915254 0.0 204 0 0
19.9 -9.915254 0.545455 204 0 0
19.9 -9.915254 1.090909 204 0 0
19.9 -9.915254 1.636364 204 0 0
19.9 -9.915254 2.181818 204 0 0
19.9 -9.915254 2.727273 204 0 0
19.9 -9.915254 3.272727 204 0 0
19.9 -9.915254 3.818182 204 0 0
19.9 -9.915254 4.363636 204 0 0
19.9 -9.915254 4.909091 204 0 0
19.9 -9.915254 5.454545 204 0 0
19.9 -9.915254 6.0 204 0 0
19.9 -9.40678 0.0 204 0 0
19.9 -9.40678 0.545455 204 0 0
19.9 -9.40678 1.090909 204 0 0
19.9 -9.40678 1.636364 204 0 0
19.9 -9.40678 2.181818 204 0 0
19.9 -9.40678 2.727273 204 0 0
19.9 -9.40678 3.272727 204 0 0
19.9 -9.40678 3.818182 204 0 0
19.9 -9.40678 4.363636 204 0 0
19.9 -9.40678 4.909091 204 0 0
19.9 -9.40678 5.454545 204 0 0
19.9 -9.40678 6.0 204 0 0
19.9 -8.898305 0.0 204 0 0
19.9 -8.898305 0.545455 204 0 0
19.9 -8.898305 1.090909 204 0 0
19.9 -8.898305 1.636364 204 0 0
19.9 -8.898305 2.181818 204 0 0
19.9 -8.898305 2.727273 204 0 0
19.9 -8.898305 3.272727 204 0 0
19.9 -8.898305 3.818182 204 0 0
19.9 -8.898305 4.363636 204 0 0
19.9 -8.898305 4.909091 204 0 0
19.9 -8.898305 5.454545 204 0 0
19.9 -8.898305 6.0 204 0 0
19.9 -8.389831 0.0 204 0 0
19.9 -8.389831 0.545455 204 0 0
19.9 -8.389831 1.090909 204 0 0
19.9 -8.389831 1.636364 204 0 0
19.9 -8.389831 2.181818 204 0 0
19.9 -8.389831 2.727273 204 0 0
19.9 -8.389831 3.272727 204 0 0
19.9 -8.389831 3.818182 204 0 0
19.9 -8.389831 4.363636 204 0 0
19.9 -8.389831 4.909091 204 0 0
19.9 -8.389831 5.454545 204 0 0
19.9 -8.389831 6.0 204 0 0
19.9 -7.881356 0.0 204 0 0
19.9 -7.881356 0.545455 204 0 0
19.9 -7.881356 1.090909 204 0 0
19.9 -7.881356 1.636364 204 0 0
19.9 -7.881356 2.181818 204 0 0
19.9 -7.881356 2.727273 204 0 0
19.9 -7.881356 3.272727 204 0 0
19.9 -7.881356 3.818182 204 0 0
19.9 -7.881356 4.363636 204 0 0
19.9 -7.881356 4.909091 204 0 0
19.9 -7.881356 5.454545 204 0 0
19.9 -7.881356 6.0 204 0 0
19.9 -7.372881 0.0 204 0 0
19.9 -7.372881 0.545455 204 0 0
19.9 -7.372881 1.090909 204 0 0
19.9 -7.372881 1.636364 204 0 0
19.9 -7.372881 2.181818 204 0 0
19.9 -7.372881 2.727273 204 0 0
19.9 -7.372881 3.272727 204 0 0
19.9 -7.372881 3.818182 204 0 0
19.9 -7.372881 4.363636 204 0 0
19.9 -7.372881 4.909091 204 0 0
19.9 -7.372881 5.454545 204 0 0
19.9 -7.372881 6.0 204 0 0
19.9 -6.864407 0.0 204 0 0
19.9 -6.864407 0.545455 204 0 0
19.9 -6.864407 1.090909 204 0 0
19.9 -6.864407 1.636364 204 0 0
19.9 -6.864407 2.181818 204 0 0
19.9 -6.864407 2.727273 204 0 0
19.9 -6.864407 3.272727 204 0 0
19.9 -6.864407 3.818182 204 0 0
19.9 -6.864407 4.363636 204 0 0
19.9 -6.864407 4.909091 204 0 0
19.9 -6.864407 5.454545 204 0 0
19.9 -6.864407 6.0 204 0 0
19.9 -6.355932 0.0 204 0 0
19.9 -6.355932 0.545455 204 0 0
19.9 -6.355932 1.090909 204 0 0
19.9 -6.355932 1.636364 204 0 0
19.9 -6.355932 2.181818 204 0 0
19.9 -6.355932 2.727273 204 0 0
19.9 -6.355932 3.272727 204 0 0
19.9 -6.355932 3.818182 204 0 0
19.9 -6.355932 4.363636 204 0 0
19.9 -6.355932 4.909091 204 0 0
19.9 -6.355932 5.454545 204 0 0
19.9 -6.355932 6.0 204 0 0
19.9 -5.847458 0.0 204 0 0
19.9 -5.847458 0.545455 204 0 0
19.9 -5.847458 1.090909 204 0 0
19.9 -5.847458 1.636364 204 0 0
19.9 -5.847458 2.181818 204 0 0
19.9 -5.847458 2.727273 204 0 0
19.9 -5.847458 3.272727 204 0 0
19.9 -5.847458 3.818182 204 0 0
19.9 -5.847458 4.363636 204 0 0
19.9 -5.847458 4.909091 204 0 0
19.9 -5.847458 5.454545 204 0 0
19.9 -5.847458 6.0 204 0 0
19.9 -5.338983 0.0 204 0 0
19.9 -5.338983 0.545455 204 0 0
19.9 -5.338983 1.090909 204 0 0
19.9 -5.338983 1.636364 204 0 0
19.9 -5.338983 2.181818 204 0 0
19.9 -5.338983 2.727273 204 0 0
19.9 -5.338983 3.272727 204 0 0
19.9 -5.338983 3.818182 204 0 0
19.9 -5.338983 4.363636 204 0 0
19.9 -5.338983 4.909091 204 0 0
19.9 -5.338983 5.454545 204 0 0
19.9 -5.338983 6.0 204 0 0
19.9 -4.830508 0.0 204 0 0
19.9 -4.830508 0.545455 204 0 0
19.9 -4.830508 1.090909 204 0 0
19.9 -4.830508 1.636364 204 0 0
19.9 -4.830508 2.181818 204 0 0
19.9 -4.830508 2.727273 204 0 0
19.9 -4.830508 3.272727 204 0 0
19.9 -4.830508 3.818182 204 0 0
19.9 -4.830508 4.363636 204 0 0
19.9 -4.830508 4.909091 204 0 0
19.9 -4.830508 5.454545 204 0 0
19.9 -4.830508 6.0 204 0 0
19.9 -4.322034 0.0 204 0 0
19.9 -4.322034 0.545455 204 0 0
19.9 -4.322034 1.090909 204 0 0
19.9 -4.322034 1.636364 204 0 0
19.9 -4.322034 2.181818 204 0 0
19.9 -4.322034 2.727273 204 0 0
19.9 -4.322034 3.272727 204 0 0
19.9 -4.322034 3.818182 204 0 0
19.9 -4.322034 4.363636 204 0 0
19.9 -4.322034 4.909091 204 0 0
19.9 -4.322034 5.454545 204 0 0
19.9 -4.322034 6.0 204 0 0
19.9 -3.813559 0.0 204 0 0
19.9 -3.813559 0.545455 204 0 0
19.9 -3.813559 1.090909 204 0 0
19.9 -3.813559 1.636364 204 0 0
19.9 -3.813559 2.181818 204 0 0
19.9 -3.813559 2.727273 204 0 0
19.9 -3.813559 3.272727 204 0 0
19.9 -3.813559 3.818182 204 0 0
19.9 -3.813559 4.363636 204 0 0
19.9 -3.813559 4.909091 204 0 0
19.9 -3.813559 5.454545 204 0 0
19.9 -3.813559 6.0 204 0 0
19.9 -3.305085 0.0 204 0 0
19.9 -3.305085 0.545455 204 0 0
19.9 -3.305085 1.090909 204 0 0
19.9 -3.305085 1.636364 204 0 0
19.9 -3.305085 2.181818 204 0 0
19.9 -3.305085 2.727273 204 0 0
19.9 -3.305085 3.272727 204 0 0
19.9 -3.305085 3.818182 204 0 0
19.9 -3.305085 4.363636 204 0 0
19.9 -3.305085 4.909091 204 0 0
19.9 -3.305085 5.454545 204 0 0
19.9 -3.305085 6.0 204 0 0
19.9 -2.79661 0.0 204 0 0
19.9 -2.79661 0.545455 204 0 0
19.9 -2.79661 1.090909 204 0 0
19.9 -2.79661 1.636364 204 0 0
19.9 -2.79661 2.181818 204 0 0
19.9 -2.79661 2.727273 204 0 0
19.9 -2.79661 3.272727 204 0 0
19.9 -2.79661 3.818182 204 0 0
19.9 -2.79661 4.363636 204 0 0
19.9 -2.79661 4.909091 204 0 0
19.9 -2.79661 5.454545 204 0 0
19.9 -2.79661 6.0 204 0 0
19.9 -2.288136 0.0 204 0 0
19.9 -2.288136 0.545455 204 0 0
19.9 -2.288136 1.090909 204 0 0
19.9 -2.288136 1.636364 204 0 0
19.9 -2.288136 2.181818 204 0 0
19.9 -2.288136 2.727273 204 0 0
19.9 -2.288136 3.272727 204 0 0
19.9 -2.288136 3.818182 204 0 0
19.9 -2.288136 4.363636 204 0 0
19.9 -2.288136 4.909091 204 0 0
19.9 -2.288136 5.454545 204 0 0
19.9 -2.288136 6.0 204 0 0
19.9 -1.779661 0.0 204 0 0
19.9 -1.779661 0.545455 204 0 0
19.9 -1.779661 1.090909 204 0 0
19.9 -1.779661 1.636364 204 0 0
19.9 -1.779661 2.181818 204 0 0
19.9 -1.779661 2.727273 204 0 0
19.9 -1.779661 3.272727 204 0 0
19.9 -1.779661 3.818182 204 0 0
19.9 -1.779661 4.363636 204 0 0
19.9 -1.779661 4.909091 204 0 0
19.9 -1.779661 5.454545 204 0 0
19.9 -1.779661 6.0 204 0 0
19.9 -1.271186 0.0 204 0 0
19.9 -1.271186 0.545455 204 0 0
19.9 -1.271186 1.090909 204 0 0
19.9 -1.271186 1.636364 204 0 0
19.9 -1.271186 2.181818 204 0 0
19.9 -1.271186 2.727273 204 0 0
19.9 -1.271186 3.272727 204 0 0
19.9 -1.271186 3.818182 204 0 0
19.9 -1.271186 4.363636 204 0 0
19.9 -1.271186 4.909091 204 0 0
19.9 -1.271186 5.454545 204 0 0
19.9 -1.271186 6.0 204 0 0
19.9 -0.762712 0.0 204 0 0
19.9 -0.762712 0.545455 204 0 0
19.9 -0.762712 1.090909 204 0 0
19.9 -0.762712 1.636364 204 0 0
19.9 -0.762712 2.181818 204 0 0
19.9 -0.762712 2.727273 204 0 0
19.9 -0.762712 3.272727 204 0 0
19.9 -0.762712 3.818182 204 0 0
19.9 -0.762712 4.363636 204 0 0
19.9 -0.762712 4.909091 204 0 0
19.9 -0.762712 5.454545 204 0 0
19.9 -0.762712 6.0 204 0 0
19.9 -0.254237 0.0 204 0 0
19.9 -0.254237 0.545455 204 0 0
19.9 -0.254237 1.090909 204 0 0
19.9 -0.254237 1.636364 204 0 0
19.9 -0.254237 2.181818 204 0 0
19.9 -0.254237 2.727273 204 0 0
19.9 -0.254237 3.272727 204 0 0
19.9 -0.254237 3.818182 204 0 0
19.9 -0.254237 4.363636 204 0 0
19.9 -0.254237 4.909091 204 0 0
19.9 -0.254237 5.454545 204 0 0
19.9 -0.254237 6.0 204 0 0
19.9 0.254237 0.0 204 0 0
19.9 0.254237 0.545455 204 0 0
19.9 0.254237 1.090909 204 0 0
19.9 0.254237 1.636364 204 0 0
19.9 0.254237 2.181818 204 0 0
19.9 0.254237 2.727273 204 0 0
19.9 0.254237 3.272727 204 0 0
19.9 0.254237 3.818182 204 0 0
19.9 0.254237 4.363636 204 0 0
19.9 0.254237 4.909091 204 0 0
19.9 0.254237 5.454545 204 0 0
19.9 0.254237 6.0 204 0 0
19.9 0.762712 0.0 204 0 0
19.9 0.762712 0.545455 204 0 0
19.9 0.762712 1.090909 204 0 0
19.9 0.762712 1.636364 204 0 0
19.9 0.762712 2.181818 204 0 0
19.9 0.762712 2.727273 204 0 0
19.9 0.762712 3.272727 204 0 0
19.9 0.762712 3.818182 204 0 0
19.9 0.762712 4.363636 204 0 0
19.9 0.762712 4.909091 204 0 0
19.9 0.762712 5.454545 204 0 0
19.9 0.762712 6.0 204 0 0
19.9 1.271186 0.0 204 0 0
19.9 1.271186 0.545455 204 0 0
19.9 1.271186 1.090909 204 0 0
19.9 1.271186 1.636364 204 0 0
19.9 1.271186 2.181818 204 0 0
19.9 1.271186 2.727273 204 0 0
19.9 1.271186 3.272727 204 0 0
19.9 1.271186 3.818182 204 0 0
19.9 1.271186 4.363636 204 0 0
19.9 1.271186 4.909091 204 0 0
19.9 1.271186 5.454545 204 0 0
19.9 1.271186 6.0 204 0 0
19.9 1.779661 0.0 204 0 0
19.9 1.779661 0.545455 204 0 0
19.9 1.779661 1.090909 204 0 0
19.9 1.779661 1.636364 204 0 0
19.9 1.779661 2.181818 204 0 0
19.9 1.779661 2.727273 204 0 0
19.9 1.779661 3.272727 204 0 0
19.9 1.779661 3.818182 204 0 0
19.9 1.779661 4.363636 204 0 0
19.9 1.779661 4.909091 204 0 0
19.9 1.779661 5.454545 204 0 0
19.9 1.779661 6.0 204 0 0
19.9 2.288136 0.0 204 0 0
19.9 2.288136 0.545455 204 0 0
19.9 2.288136 1.090909 204 0 0
19.9 2.288136 1.636364 204 0 0
19.9 2.288136 2.181818 204 0 0
19.9 2.288136 2.727273 204 0 0
19.9 2.288136 3.272727 204 0 0
19.9 2.288136 3.818182 204 0 0
19.9 2.288136 4.363636 204 0 0
19.9 2.288136 4.909091 204 0 0
19.9 2.288136 5.454545 204 0 0
19.9 2.288136 6.0 204 0 0
19.9 2.79661 0.0 204 0 0
19.9 2.79661 0.545455 204 0 0
19.9 2.79661 1.090909 204 0 0
19.9 2.79661 1.636364 204 0 0
19.9 2.79661 2.181818 204 0 0
19.9 2.79661 2.727273 204 0 0
19.9 2.79661 3.272727 204 0 0
19.9 2.79661 3.818182 204 0 0
19.9 2.79661 4.363636 204 0 0
19.9 2.79661 4.909091 204 0 0
19.9 2.79661 5.454545 204 0 0
19.9 2.79661 6.0 204 0 0
19.9 3.305085 0.0 204 0 0
19.9 3.305085 0.545455 204 0 0
19.9 3.305085 1.090909 204 0 0
19.9 3.305085 1.636364 204 0 0
19.9 3.305085 2.181818 204 0 0
19.9 3.305085 2.727273 204 0 0
19.9 3.305085 3.272727 204 0 0
19.9 3.305085 3.818182 204 0 0
19.9 3.305085 4.363636 204 0 0
19.9 3.305085 4.909091 204 0 0
19.9 3.305085 5.454545 204 0 0
19.9 3.305085 6.0 204 0 0
19.9 3.813559 0.0 204 0 0
19.9 3.813559 0.545455 204 0 0
19.9 3.813559 1.090909 204 0 0
19.9 3.813559 1.636364 204 0 0
19.9 3.813559 2.181818 204 0 0
19.9 3.813559 2.727273 204 0 0
19.9 3.813559 3.272727 204 0 0
19.9 3.813559 3.818182 204 0 0
19.9 3.813559 4.363636 204 0 0
19.9 3.813559 4.909091 204 0 0
19.9 3.813559 5.454545 204 0 0
19.9 3.813559 6.0 204 0 0
19.9 4.322034 0.0 204 0 0
19.9 4.322034 0.545455 204 0 0
19.9 4.322034 1.090909 204 0 0
19.9 4.322034 1.636364 204 0 0
19.9 4.322034 2.181818 204 0 0
19.9 4.322034 2.727273 204 0 0
19.9 4.322034 3.272727 204 0 0
19.9 4.322034 3.818182 204 0 0
19.9 4.322034 4.363636 204 0 0
19.9 4.322034 4.909091 204 0 0
19.9 4.322034 5.454545 204 0 0
19.9 4.322034 6.0 204 0 0
19.9 4.830508 0.0 204 0 0
19.9 4.830508 0.545455 204 0 0
19.9 4.830508 1.090909 204 0 0
19.9 4.830508 1.636364 204 0 0
19.9 4.830508 2.181818 204 0 0
19.9 4.830508 2.727273 204 0 0
19.9 4.830508 3.272727 204 0 0
19.9 4.830508 3.818182 204 0 0
19.9 4.830508 4.363636 204 0 0
19.9 4.830508 4.909091 204 0 0
19.9 4.830508 5.454545 204 0 0
19.9 4.830508 6.0 204 0 0
19.9 5.338983 0.0 204 0 0
19.9 5.338983 0.545455 204 0 0
19.9 5.338983 1.090909 204 0 0
19.9 5.338983 1.636364 204 0 0
19.9 5.338983 2.181818 204 0 0
19.9 5.338983 2.727273 204 0 0
19.9 5.338983 3.272727 204 0 0
19.9 5.338983 3.818182 204 0 0
19.9 5.338983 4.363636 204 0 0
19.9 5.338983 4.909091 204 0 0
19.9 5.338983 5.454545 204 0 0
19.9 5.338983 6.0 204 0 0
19.9 5.847458 0.0 204 0 0
19.9 5.847458 0.545455 204 0 0
19.9 5.847458 1.090909 204 0 0
19.9 5.847458 1.636364 204 0 0
19.9 5.847458 2.181818 204 0 0
19.9 5.847458 2.727273 204 0 0
19.9 5.847458 3.272727 204 0 0
19.9 5.847458 3.818182 204 0 0
19.9 5.847458 4.363636 204 0 0
19.9 5.847458 4.909091 204 0 0
19.9 5.847458 5.454545 204 0 0
19.9 5.847458 6.0 204 0 0
19.9 6.355932 0.0 204 0 0
19.9 6.355932 0.545455 204 0 0
19.9 6.355932 1.090909 204 0 0
19.9 6.355932 1.636364 204 0 0
19.9 6.355932 2.181818 204 0 0
19.9 6.355932 2.727273 204 0 0
19.9 6.355932 3.272727 204 0 0
19.9 6.355932 3.818182 204 0 0
19.9 6.355932 4.363636 204 0 0
19.9 6.355932 4.909091 204 0 0
19.9 6.355932 5.454545 204 0 0
19.9 6.355932 6.0 204 0 0
19.9 6.864407 0.0 204 0 0
19.9 6.864407 0.545455 204 0 0
19.9 6.864407 1.090909 204 0 0
19.9 6.864407 1.636364 204 0 0
19.9 6.864407 2.181818 204 0 0
19.9 6.864407 2.727273 204 0 0
19.9 6.864407 3.272727 204 0 0
19.9 6.864407 3.818182 204 0 0
19.9 6.864407 4.363636 204 0 0
19.9 6.864407 4.909091 204 0 0
19.9 6.864407 5.454545 204 0 0
19.9 6.864407 6.0 204 0 0
19.9 7.372881 0.0 204 0 0
19.9 7.372881 0.545455 204 0 0
19.9 7.372881 1.090909 204 0 0
19.9 7.372881 1.636364 204 0 0
19.9 7.372881 2.181818 204 0 0
19.9 7.372881 2.727273 204 0 0
19.9 7.372881 3.272727 204 0 0
19.9 7.372881 3.818182 204 0 0
19.9 7.372881 4.363636 204 0 0
19.9 7.372881 4.909091 204 0 0
19.9 7.372881 5.454545 204 0 0
19.9 7.372881 6.0 204 0 0
19.9 7.881356 0.0 204 0 0
19.9 7.881356 0.545455 204 0 0
19.9 7.881356 1.090909 204 0 0
19.9 7.881356 1.636364 204 0 0
19.9 7.881356 2.181818 204 0 0
19.9 7.881356 2.727273 204 0 0
19.9 7.881356 3.272727 204 0 0
19.9 7.881356 3.818182 204 0 0
19.9 7.881356 4.363636 204 0 0
19.9 7.881356 4.909091 204 0 0
19.9 7.881356 5.454545 204 0 0
19.9 7.881356 6.0 204 0 0
19.9 8.389831 0.0 204 0 0
19.9 8.389831 0.545455 204 0 0
19.9 8.389831 1.090909 204 0 0
19.9 8.389831 1.636364 204 0 0
19.9 8.389831 2.181818 204 0 0
19.9 8.389831 2.727273 204 0 0
19.9 8.389831 3.272727 204 0 0
19.9 8.389831 3.818182 204 0 0
19.9 8.389831 4.363636 204 0 0
19.9 8.389831 4.909091 204 0 0
19.9 8.389831 5.454545 204 0 0
19.9 8.389831 6.0 204 0 0
19.9 8.898305 0.0 204 0 0
19.9 8.898305 0.545455 204 0 0
19.9 8.898305 1.090909 204 0 0
19.9 8.898305 1.636364 204 0 0
19.9 8.898305 2.181818 204 0 0
19.9 8.898305 2.727273 204 0 0
19.9 8.898305 3.272727 204 0 0
19.9 8.898305 3.818182 204 0 0
19.9 8.898305 4.363636 204 0 0
19.9 8.898305 4.909091 204 0 0
19.9 8.898305 5.454545 204 0 0
19.9 8.898305 6.0 204 0 0
19.9 9.40678 0.0 204 0 0
19.9 9.40678 0.545455 204 0 0
19.9 9.40678 1.090909 204 0 0
19.9 9.40678 1.636364 204 0 0
19.9 9.40678 2.181818 204 0 0
19.9 9.40678 2.727273 204 0 0
19.9 9.40678 3.272727 204 0 0
19.9 9.40678 3.818182 204 0 0
19.9 9.40678 4.363636 204 0 0
19.9 9.40678 4.909091 204 0 0
19.9 9.40678 5.454545 204 0 0
19.9 9.40678 6.0 204 0 0
19.9 9.915254 0.0 204 0 0
19.9 9.915254 0.545455 204 0 0
19.9 9.915254 1.090909 204 0 0
19.9 9.915254 1.636364 204 0 0
19.9 9.915254 2.181818 204 0 0
19.9 9.915254 2.727273 204 0 0
19.9 9.915254 3.272727 204 0 0
19.9 9.915254 3.818182 204 0 0
19.9 9.915254 4.363636 204 0 0
19.9 9.915254 4.909091 204 0 0
19.9 9.915254 5.454545 204 0 0
19.9 9.915254 6.0 204 0 0
19.9 10.423729 0.0 204 0 0
19.9 10.423729 0.545455 204 0 0
19.9 10.423729 1.090909 204 0 0
19.9 10.423729 1.636364 204 0 0
19.9 10.423729 2.181818 204 0 0
19.9 10.423729 2.727273 204 0 0
19.9 10.423729 3.272727 204 0 0
19.9 10.423729 3.818182 204 0 0
19.9 10.423729 4.363636 204 0 0
19.9 10.423729 4.909091 204 0 0
19.9 10.423729 5.454545 204 0 0
19.9 10.423729 6.0 204 0 0
19.9 10.932203 0.0 204 0 0
19.9 10.932203 0.545455 204 0 0
19.9 10.932203 1.090909 204 0 0
19.9 10.932203 1.636364 204 0 0
19.9 10.932203 2.181818 204 0 0
19.9 10.932203 2.727273 204 0 0
19.9 10.932203 3.272727 204 0 0
19.9 10.932203 3.818182 204 0 0
19.9 10.932203 4.363636 204 0 0
19.9 10.932203 4.909091 204 0 0
19.9 10.932203 5.454545 204 0 0
19.9 10.932203 6.0 204 0 0
19.9 11.440678 0.0 204 0 0
19.9 11.440678 0.545455 204 0 0
19.9 11.440678 1.090909 204 0 0
19.9 11.440678 1.636364 204 0 0
19.9 11.440678 2.181818 204 0 0
19.9 11.440678 2.727273 204 0 0
19.9 11.440678 3.272727 204 0 0
19.9 11.440678 3.818182 204 0 0
19.9 11.440678 4.363636 204 0 0
19.9 11.440678 4.909091 204 0 0
19.9 11.440678 5.454545 204 0 0
19.9 11.440678 6.0 204 0 0
19.9 11.949153 0.0 204 0 0
19.9 11.949153 0.545455 204 0 0
19.9 11.949153 1.090909 204 0 0
19.9 11.949153 1.636364 204 0 0
19.9 11.949153 2.181818 204 0 0
19.9 11.949153 2.727273 204 0 0
19.9 11.949153 3.272727 204 0 0
19.9 11.949153 3.818182 204 0 0
19.9 11.949153 4.363636 204 0 0
19.9 11.949153 4.909091 204 0 0
19.9 11.949153 5.454545 204 0 0
19.9 11.949153 6.0 204 0 0
19.9 12.457627 0.0 204 0 0
19.9 12.457627 0.545455 204 0 0
19.9 12.457627 1.090909 204 0 0
19.9 12.457627 1.636364 204 0 0
19.9 12.457627 2.181818 204 0 0
19.9 12.457627 2.727273 204 0 0
19.9 12.457627 3.272727 204 0 0
19.9 12.457627 3.818182 204 0 0
19.9 12.457627 4.363636 204 0 0
19.9 12.457627 4.909091 204 0 0
19.9 12.457627 5.454545 204 0 0
19.9 12.457627 6.0 204 0 0
19.9 12.966102 0.0 204 0 0
19.9 12.966102 0.545455 204 0 0
19.9 12.966102 1.090909 204 0 0
19.9 12.966102 1.636364 204 0 0
19.9 12.966102 2.181818 204 0 0
19.9 12.966102 2.727273 204 0 0
19.9 12.966102 3.272727 204 0 0
19.9 12.966102 3.818182 204 0 0
19.9 12.966102 4.363636 204 0 0
19.9 12.966102 4.909091 204 0 0
19.9 12.966102 5.454545 204 0 0
19.9 12.966102 6.0 204 0 0
19.9 13.474576 0.0 204 0 0
19.9 13.474576 0.545455 204 0 0
19.9 13.474576 1.090909 204 0 0
19.9 13.474576 1.636364 204 0 0
19.9 13.474576 2.181818 204 0 0
19.9 13.474576 2.727273 204 0 0
19.9 13.474576 3.272727 204 0 0
19.9 13.474576 3.818182 204 0 0
19.9 13.474576 4.363636 204 0 0
19.9 13.474576 4.909091 204 0 0
19.9 13.474576 5.454545 204 0 0
19.9 13.474576 6.0 204 0 0
19.9 13.983051 0.0 204 0 0
19.9 13.983051 0.545455 204 0 0
19.9 13.983051 1.090909 204 0 0
19.9 13.983051 1.636364 204 0 0
19.9 13.983051 2.181818 204 0 0
19.9 13.983051 2.727273 204 0 0
19.9 13.983051 3.272727 204 0 0
19.9 13.983051 3.818182 204 0 0
19.9 13.983051 4.363636 204 0 0
19.9 13.983051 4.909091 204 0 0
19.9 13.983051 5.454545 204 0 0
19.9 13.983051 6.0 204 0 0
19.9 14.491525 0.0 204 0 0
19.9 14.491525 0.545455 204 0 0
19.9 14.491525 1.090909 204 0 0
19.9 14.491525 1.636364 204 0 0
19.9 14.491525 2.181818 204 0 0
19.9 14.491525 2.727273 204 0 0
19.9 14.491525 3.272727 204 0 0
19.9 14.491525 3.818182 204 0 0
19.9 14.491525 4.363636 204 0 0
19.9 14.491525 4.909091 204 0 0
19.9 14.491525 5.454545 204 0 0
19.9 14.491525 6.0 204 0 0
19.9 15.0 0.0 204 0 0
19.9 15.0 0.545455 204 0 0
19.9 15.0 1.090909 204 0 0
19.9 15.0 1.636364 204 0 0
19.9 15.0 2.181818 204 0 0
19.9 15.0 2.727273 204 0 0
19.9 15.0 3.272727 204 0 0
19.9 15.0 3.818182 204 0 0
19.9 15.0 4.363636 204 0 0
19.9 15.0 4.909091 204 0 0
19.9 15.0 5.454545 204 0 0
19.9 15.0 6.0 204 0 0
19.9 15.0 0.0 204 0 0
19.9 15.0 0.545455 204 0 0
19.9 15.0 1.090909 204 0 0
19.9 15.0 1.636364 204 0 0
19.9 15.0 2.181818 204 0 0
19.9 15.0 2.727273 204 0 0
19.9 15.0 3.272727 204 0 0
19.9 15.0 3.818182 204 0 0
19.9 15.0 4.363636 204 0 0
19.9 15.0 4.909091 204 0 0
19.9 15.0 5.454545 204 0 0
19.9 15.0 6.0 204 0 0
20.1 15.0 0.0 204 0 0
20.1 15.0 0.545455 204 0 0
20.1 15.0 1.090909 204 0 0
20.1 15.0 1.636364 204 0 0
20.1 15.0 2.181818 204 0 0
20.1 15.0 2.727273 204 0 0
20.1 15.0 3.272727 204 0 0
20.1 15.0 3.818182 204 0 0
20.1 15.0 4.363636 204 0 0
20.1 15.0 4.909091 204 0 0
20.1 15.0 5.454545 204 0 0
20.1 15.0 6.0 204 0 0
19.9 -15.0 0.0 204 0 0
19.9 -15.0 0.545455 204 0 0
19.9 -15.0 1.090909 204 0 0
19.9 -15.0 1.636364 204 0 0
19.9 -15.0 2.181818 204 0 0
19.9 -15.0 2.727273 204 0 0
19.9 -15.0 3.272727 204 0 0
19.9 -15.0 3.818182 204 0 0
19.9 -15.0 4.363636 204 0 0
19.9 -15.0 4.909091 204 0 0
19.9 -15.0 5.454545 204 0 0
19.9 -15.0 6.0 204 0 0
20.1 -15.0 0.0 204 0 0
20.1 -15.0 0.545455 204 0 0
20.1 -15.0 1.090909 204 0 0
20.1 -15.0 1.636364 204 0 0
20.1 -15.0 2.181818 204 0 0
20.1 -15.0 2.727273 204 0 0
20.1 -15.0 3.272727 204 0 0
20.1 -15.0 3.818182 204 0 0
20.1 -15.0 4.363636 204 0 0
20.1 -15.0 4.909091 204 0 0
20.1 -15.0 5.454545 204 0 0
20.1 -15.0 6.0 204 0 0
19.9 -15.0 6.0 204 0 0
19.9 -14.491525 6.0 204 0 0
19.9 -13.983051 6.0 204 0 0
19.9 -13.474576 6.0 204 0 0
19.9 -12.966102 6.0 204 0 0
19.9 -12.457627 6.0 204 0 0
19.9 -11.949153 6.0 204 0 0
19.9 -11.440678 6.0 204 0 0
19.9 -10.932203 6.0 204 0 0
19.9 -10.423729 6.0 204 0 0
19.9 -9.915254 6.0 204 0 0
19.9 -9.40678 6.0 204 0 0
19.9 -8.898305 6.0 204 0 0
19.9 -8.389831 6.0 204 0 0
19.9 -7.881356 6.0 204 0 0
19.9 -7.372881 6.0 204 0 0
19.9 -6.864407 6.0 204 0 0
19.9 -6.355932 6.0 204 0 0
19.9 -5.847458 6.0 204 0 0
19.9 -5.338983 6.0 204 0 0
19.9 -4.830508 6.0 204 0 0
19.9 -4.322034 6.0 204 0 0
19.9 -3.813559 6.0 204 0 0
19.9 -3.305085 6.0 204 0 0
19.9 -2.79661 6.0 204 0 0
19.9 -2.288136 6.0 204 0 0
19.9 -1.779661 6.0 204 0 0
19.9 -1.271186 6.0 204 0 0
19.9 -0.762712 6.0 204 0 0
19.9 -0.254237 6.0 204 0 0
19.9 0.254237 6.0 204 0 0
19.9 0.762712 6.0 204 0 0
19.9 1.271186 6.0 204 0 0
19.9 1.779661 6.0 204 0 0
19.9 2.288136 6.0 204 0 0
19.9 2.79661 6.0 204 0 0
19.9 3.305085 6.0 204 0 0
19.9 3.813559 6.0 204 0 0
19.9 4.322034 6.0 204 0 0
19.9 4.830508 6.0 204 0 0
19.9 5.338983 6.0 204 0 0
19.9 5.847458 6.0 204 0 0
19.9 6.355932 6.0 204 0 0
19.9 6.864407 6.0 204 0 0
19.9 7.372881 6.0 204 0 0
19.9 7.881356 6.0 204 0 0
19.9 8.389831 6.0 204 0 0
19.9 8.898305 6.0 204 0 0
19.9 9.40678 6.0 204 0 0
19.9 9.915254 6.0 204 0 0
19.9 10.423729 6.0 204 0 0
19.9 10.932203 6.0 204 0 0
19.9 11.440678 6.0 204 0 0
19.9 11.949153 6.0 204 0 0
19.9 12.457627 6.0 204 0 0
19.9 12.966102 6.0 204 0 0
19.9 13.474576 6.0 204 0 0
19.9 13.983051 6.0 204 0 0
19.9 14.491525 6.0 204 0 0
19.9 15.0 6.0 204 0 0
20.1 -15.0 6.0 204 0 0
20.1 -14.491525 6.0 204 0 0
20.1 -13.983051 6.0 204 0 0
20.1 -13.474576 6.0 204 0 0
20.1 -12.966102 6.0 204 0 0
20.1 -12.457627 6.0 204 0 0
20.1 -11.949153 6.0 204 0 0
20.1 -11.440678 6.0 204 0 0
20.1 -10.932203 6.0 204 0 0
20.1 -10.423729 6.0 204 0 0
20.1 -9.915254 6.0 204 0 0
20.1 -9.40678 6.0 204 0 0
20.1 -8.898305 6.0 204 0 0
20.1 -8.389831 6.0 204 0 0
20.1 -7.881356 6.0 204 0 0
20.1 -7.372881 6.0 204 0 0
20.1 -6.864407 6.0 204 0 0
20.1 -6.355932 6.0 204 0 0
20.1 -5.847458 6.0 204 0 0
20.1 -5.338983 6.0 204 0 0
20.1 -4.830508 6.0 204 0 0
20.1 -4.322034 6.0 204 0 0
20.1 -3.813559 6.0 204 0 0
20.1 -3.305085 6.0 204 0 0
20.1 -2.79661 6.0 204 0 0
20.1 -2.288136 6.0 204 0 0
20.1 -1.779661 6.0 204 0 0
20.1 -1.271186 6.0 204 0 0
20.1 -0.762712 6.0 204 0 0
20.1 -0.254237 6.0 204 0 0
20.1 0.254237 6.0 204 0 0
20.1 0.762712 6.0 204 0 0
20.1 1.271186 6.0 204 0 0
20.1 1.779661 6.0 204 0 0
20.1 2.288136 6.0 204 0 0
20.1 2.79661 6.0 204 0 0
20.1 3.305085 6.0 204 0 0
20.1 3.813559 6.0 204 0 0
20.1 4.322034 6.0 204 0 0
20.1 4.830508 6.0 204 0 0
20.1 5.338983 6.0 204 0 0
20.1 5.847458 6.0 204 0 0
20.1 6.355932 6.0 204 0 0
20.1 6.864407 6.0 204 0 0
20.1 7.372881 6.0 204 0 0
20.1 7.881356 6.0 204 0 0
20.1 8.389831 6.0 204 0 0
20.1 8.898305 6.0 204 0 0
20.1 9.40678 6.0 204 0 0
20.1 9.915254 6.0 204 0 0
20.1 10.423729 6.0 204 0 0
20.1 10.932203 6.0 204 0 0
20.1 11.440678 6.0 204 0 0
20.1 11.949153 6.0 204 0 0
20.1 12.457627 6.0 204 0 0
20.1 12.966102 6.0 204 0 0
20.1 13.474576 6.0 204 0 0
20.1 13.983051 6.0 204 0 0
20.1 14.491525 6.0 204 0 0
20.1 15.0 6.0 204 0 0
19.9 -15.0 0.0 204 0 0
19.9 -14.491525 0.0 204 0 0
19.9 -13.983051 0.0 204 0 0
19.9 -13.474576 0.0 204 0 0
19.9 -12.966102 0.0 204 0 0
19.9 -12.457627 0.0 204 0 0
19.9 -11.949153 0.0 204 0 0
19.9 -11.440678 0.0 204 0 0
19.9 -10.932203 0.0 204 0 0
19.9 -10.423729 0.0 204 0 0
19.9 -9.915254 0.0 204 0 0
19.9 -9.40678 0.0 204 0 0
19.9 -8.898305 0.0 204 0 0
19.9 -8.389831 0.0 204 0 0
19.9 -7.881356 0.0 204 0 0
19.9 -7.372881 0.0 204 0 0
19.9 -6.864407 0.0 204 0 0
19.9 -6.355932 0.0 204 0 0
19.9 -5.847458 0.0 204 0 0
19.9 -5.338983 0.0 204 0 0
19.9 -4.830508 0.0 204 0 0
19.9 -4.322034 0.0 204 0 0
19.9 -3.813559 0.0 204 0 0
19.9 -3.305085 0.0 204 0 0
19.9 -2.79661 0.0 204 0 0
19.9 -2.288136 0.0 204 0 0
19.9 -1.779661 0.0 204 0 0
19.9 -1.271186 0.0 204 0 0
19.9 -0.762712 0.0 204 0 0
19.9 -0.254237 0.0 204 0 0
19.9 0.254237 0.0 204 0 0
19.9 0.762712 0.0 204 0 0
19.9 1.271186 0.0 204 0 0
19.9 1.779661 0.0 204 0 0
19.9 2.288136 0.0 204 0 0
19.9 2.79661 0.0 204 0 0
19.9 3.305085 0.0 204 0 0
19.9 3.813559 0.0 204 0 0
19.9 4.322034 0.0 204 0 0
19.9 4.830508 0.0 204 0 0
19.9 5.338983 0.0 204 0 0
19.9 5.847458 0.0 204 0 0
19.9 6.355932 0.0 204 0 0
19.9 6.864407 0.0 204 0 0
19.9 7.372881 0.0 204 0 0
19.9 7.881356 0.0 204 0 0
19.9 8.389831 0.0 204 0 0
19.9 8.898305 0.0 204 0 0
19.9 9.40678 0.0 204 0 0
19.9 9.915254 0.0 204 0 0
19.9 10.423729 0.0 204 0 0
19.9 10.932203 0.0 204 0 0
19.9 11.440678 0.0 204 0 0
19.9 11.949153 0.0 204 0 0
19.9 12.457627 0.0 204 0 0
19.9 12.966102 0.0 204 0 0
19.9 13.474576 0.0 204 0 0
19.9 13.983051 0.0 204 0 0
19.9 14.491525 0.0 204 0 0
19.9 15.0 0.0 204 0 0
20.1 -15.0 0.0 204 0 0
20.1 -14.491525 0.0 204 0 0
20.1 -13.983051 0.0 204 0 0
20.1 -13.474576 0.0 204 0 0
20.1 -12.966102 0.0 204 0 0
20.1 -12.457627 0.0 204 0 0
20.1 -11.949153 0.0 204 0 0
20.1 -11.440678 0.0 204 0 0
20.1 -10.932203 0.0 204 0 0
20.1 -10.423729 0.0 204 0 0
20.1 -9.915254 0.0 204 0 0
20.1 -9.40678 0.0 204 0 0
20.1 -8.898305 0.0 204 0 0
20.1 -8.389831 0.0 204 0 0
20.1 -7.881356 0.0 204 0 0
20.1 -7.372881 0.0 204 0 0
20.1 -6.864407 0.0 204 0 0
20.1 -6.355932 0.0 204 0 0
20.1 -5.847458 0.0 204 0 0
20.1 -5.338983 0.0 204 0 0
20.1 -4.830508 0.0 204 0 0
20.1 -4.322034 0.0 204 0 0
20.1 -3.813559 0.0 204 0 0
20.1 -3.305085 0.0 204 0 0
20.1 -2.79661 0.0 204 0 0
20.1 -2.288136 0.0 204 0 0
20.1 -1.779661 0.0 204 0 0
20.1 -1.271186 0.0 204 0 0
20.1 -0.762712 0.0 204 0 0
20.1 -0.254237 0.0 204 0 0
20.1 0.254237 0.0 204 0 0
20.1 0.762712 0.0 204 0 0
20.1 1.271186 0.0 204 0 0
20.1 1.779661 0.0 204 0 0
20.1 2.288136 0.0 204 0 0
20.1 2.79661 0.0 204 0 0
20.1 3.305085 0.0 204 0 0
20.1 3.813559 0.0 204 0 0
20.1 4.322034 0.0 204 0 0
20.1 4.830508 0.0 204 0 0
20.1 5.338983 0.0 204 0 0
20.1 5.847458 0.0 204 0 0
20.1 6.355932 0.0 204 0 0
20.1 6.864407 0.0 204 0 0
20.1 7.372881 0.0 204 0 0
20.1 7.881356 0.0 204 0 0
20.1 8.389831 0.0 204 0 0
20.1 8.898305 0.0 204 0 0
20.1 9.40678 0.0 204 0 0
20.1 9.915254 0.0 204 0 0
20.1 10.423729 0.0 204 0 0
20.1 10.932203 0.0 204 0 0
20.1 11.440678 0.0 204 0 0
20.1 11.949153 0.0 204 0 0
20.1 12.457627 0.0 204 0 0
20.1 12.966102 0.0 204 0 0
20.1 13.474576 0.0 204 0 0
20.1 13.983051 0.0 204 0 0
20.1 14.491525 0.0 204 0 0
20.1 15.0 0.0 204 0 0
-19.9 -15.0 0.0 204 0 0
-19.9 -15.0 0.545455 204 0 0
-19.9 -15.0 1.090909 204 0 0
-19.9 -15.0 1.636364 204 0 0
-19.9 -15.0 2.181818 204 0 0
-19.9 -15.0 2.727273 204 0 0
-19.9 -15.0 3.272727 204 0 0
-19.9 -15.0 3.818182 204 0 0
-19.9 -15.0 4.363636 204 0 0
-19.9 -15.0 4.909091 204 0 0
-19.9 -15.0 5.454545 204 0 0
-19.9 -15.0 6.0 204 0 0
-19.9 -14.491525 0.0 204 0 0
-19.9 -14.491525 0.545455 204 0 0
-19.9 -14.491525 1.090909 204 0 0
-19.9 -14.491525 1.636364 204 0 0
-19.9 -14.491525 2.181818 204 0 0
-19.9 -14.491525 2.727273 204 0 0
-19.9 -14.491525 3.272727 204 0 0
-19.9 -14.491525 3.818182 204 0 0
-19.9 -14.491525 4.363636 204 0 0
-19.9 -14.491525 4.909091 204 0 0
-19.9 -14.491525 5.454545 204 0 0
-19.9 -14.491525 6.0 204 0 0
-19.9 -13.983051 0.0 204 0 0
-19.9 -13.983051 0.545455 204 0 0
-19.9 -13.983051 1.090909 204 0 0
-19.9 -13.983051 1.636364 204 0 0
-19.9 -13.983051 2.181818 204 0 0
-19.9 -13.983051 2.727273 204 0 0
-19.9 -13.983051 3.272727 204 0 0
-19.9 -13.983051 3.818182 204 0 0
-19.9 -13.983051 4.363636 204 0 0
-19.9 -13.983051 4.909091 204 0 0
-19.9 -13.983051 5.454545 204 0 0
-19.9 -13.983051 6.0 204 0 0
-19.9 -13.474576 0.0 204 0 0
-19.9 -13.474576 0.545455 204 0 0
-19.9 -13.474576 1.090909 204 0 0
-19.9 -13.474576 1.636364 204 0 0
-19.9 -13.474576 2.181818 204 0 0
-19.9 -13.474576 2.727273 204 0 0
-19.9 -13.474576 3.272727 204 0 0
-19.9 -13.474576 3.818182 204 0 0
-19.9 -13.474576 4.363636 204 0 0
-19.9 -13.474576 4.909091 204 0 0
-19.9 -13.474576 5.454545 204 0 0
-19.9 -13.474576 6.0 204 0 0
-19.9 -12.966102 0.0 204 0 0
-19.9 -12.966102 0.545455 204 0 0
-19.9 -12.966102 1.090909 204 0 0
-19.9 -12.966102 1.636364 204 0 0
-19.9 -12.966102 2.181818 204 0 0
-19.9 -12.966102 2.727273 204 0 0
-19.9 -12.966102 3.272727 204 0 0
-19.9 -12.966102 3.818182 204 0 0
-19.9 -12.966102 4.363636 204 0 0
-19.9 -12.966102 4.909091 204 0 0
-19.9 -12.966102 5.454545 204 0 0
-19.9 -12.966102 6.0 204 0 0
-19.9 -12.457627 0.0 204 0 0
-19.9 -12.457627 0.545455 204 0 0
-19.9 -12.457627 1.090909 204 0 0
-19.9 -12.457627 1.636364 204 0 0
-19.9 -12.457627 2.181818 204 0 0
-19.9 -12.457627 2.727273 204 0 0
-19.9 -12.457627 3.272727 204 0 0
-19.9 -12.457627 3.818182 204 0 0
-19.9 -12.457627 4.363636 204 0 0
-19.9 -12.457627 4.909091 204 0 0
-19.9 -12.457627 5.454545 204 0 0
-19.9 -12.457627 6.0 204 0 0
-19.9 -11.949153 0.0 204 0 0
-19.9 -11.949153 0.545455 204 0 0
-19.9 -11.949153 1.090909 204 0 0
-19.9 -11.949153 1.636364 204 0 0
-19.9 -11.949153 2.181818 204 0 0
-19.9 -11.949153 2.727273 204 0 0
-19.9 -11.949153 3.272727 204 0 0
-19.9 -11.949153 3.818182 204 0 0
-19.9 -11.949153 4.363636 204 0 0
-19.9 -11.949153 4.909091 204 0 0
-19.9 -11.949153 5.454545 204 0 0
-19.9 -11.949153 6.0 204 0 0
-19.9 -11.440678 0.0 204 0 0
-19.9 -11.440678 0.545455 204 0 0
-19.9 -11.440678 1.090909 204 0 0
-19.9 -11.440678 1.636364 204 0 0
-19.9 -11.440678 2.181818 204 0 0
-19.9 -11.440678 2.727273 204 0 0
-19.9 -11.440678 3.272727 204 0 0
-19.9 -11.440678 3.818182 204 0 0
-19.9 -11.440678 4.363636 204 0 0
-19.9 -11.440678 4.909091 204 0 0
-19.9 -11.440678 5.454545 204 0 0
-19.9 -11.440678 6.0 204 0 0
-19.9 -10.932203 0.0 204 0 0
-19.9 -10.932203 0.545455 204 0 0
-19.9 -10.932203 1.090909 204 0 0
-19.9 -10.932203 1.636364 204 0 0
-19.9 -10.932203 2.181818 204 0 0
-19.9 -10.932203 2.727273 204 0 0
-19.9 -10.932203 3.272727 204 0 0
-19.9 -10.932203 3.818182 204 0 0
-19.9 -10.932203 4.363636 204 0 0
-19.9 -10.932203 4.909091 204 0 0
-19.9 -10.932203 5.454545 204 0 0
-19.9 -10.932203 6.0 204 0 0
-19.9 -10.423729 0.0 204 0 0
-19.9 -10.423729 0.545455 204 0 0
-19.9 -10.423729 1.090909 204 0 0
-19.9 -10.423729 1.636364 204 0 0
-19.9 -10.423729 2.181818 204 0 0
-19.9 -10.423729 2.727273 204 0 0
-19.9 -10.423729 3.272727 204 0 0
-19.9 -10.423729 3.818182 204 0 0
-19.9 -10.423729 4.363636 204 0 0
-19.9 -10.423729 4.909091 204 0 0
-19.9 -10.423729 5.454545 204 0 0
-19.9 -10.423729 6.0 204 0 0
-19.9 -9.915254 0.0 204 0 0
-19.9 -9.915254 0.545455 204 0 0
-19.9 -9.915254 1.090909 204 0 0
-19.9 -9.915254 1.636364 204 0 0
-19.9 -9.915254 2.181818 204 0 0
-19.9 -9.915254 2.727273 204 0 0
-19.9 -9.915254 3.272727 204 0 0
-19.9 -9.915254 3.818182 204 0 0
-19.9 -9.915254 4.363636 204 0 0
-19.9 -9.915254 4.909091 204 0 0
-19.9 -9.915254 5.454545 204 0 0
-19.9 -9.915254 6.0 204 0 0
-19.9 -9.40678 0.0 204 0 0
-19.9 -9.40678 0.545455 204 0 0
-19.9 -9.40678 1.090909 204 0 0
-19.9 -9.40678 1.636364 204 0 0
-19.9 -9.40678 2.181818 204 0 0
-19.9 -9.40678 2.727273 204 0 0
-19.9 -9.40678 3.272727 204 0 0
-19.9 -9.40678 3.818182 204 0 0
-19.9 -9.40678 4.363636 204 0 0
-19.9 -9.40678 4.909091 204 0 0
-19.9 -9.40678 5.454545 204 0 0
-19.9 -9.40678 6.0 204 0 0
-19.9 -8.898305 0.0 204 0 0
-19.9 -8.898305 0.545455 204 0 0
-19.9 -8.898305 1.090909 204 0 0
-19.9 -8.898305 1.636364 204 0 0
-19.9 -8.898305 2.181818 204 0 0
-19.9 -8.898305 2.727273 204 0 0
-19.9 -8.898305 3.272727 204 0 0
-19.9 -8.898305 3.818182 204 0 0
-19.9 -8.898305 4.363636 204 0 0
-19.9 -8.898305 4.909091 204 0 0
-19.9 -8.898305 5.454545 204 0 0
-19.9 -8.898305 6.0 204 0 0
-19.9 -8.389831 0.0 204 0 0
-19.9 -8.389831 0.545455 204 0 0
-19.9 -8.389831 1.090909 204 0 0
-19.9 -8.389831 1.636364 204 0 0
-19.9 -8.389831 2.181818 204 0 0
-19.9 -8.389831 2.727273 204 0 0
-19.9 -8.389831 3.272727 204 0 0
-19.9 -8.389831 3.818182 204 0 0
-19.9 -8.389831 4.363636 204 0 0
-19.9 -8.389831 4.909091 204 0 0
-19.9 -8.389831 5.454545 204 0 0
-19.9 -8.389831 6.0 204 0 0
-19.9 -7.881356 0.0 204 0 0
-19.9 -7.881356 0.545455 204 0 0
-19.9 -7.881356 1.090909 204 0 0
-19.9 -7.881356 1.636364 204 0 0
-19.9 -7.881356 2.181818 204 0 0
-19.9 -7.881356 2.727273 204 0 0
-19.9 -7.881356 3.272727 204 0 0
-19.9 -7.881356 3.818182 204 0 0
-19.9 -7.881356 4.363636 204 0 0
-19.9 -7.881356 4.909091 204 0 0
-19.9 -7.881356 5.454545 204 0 0
-19.9 -7.881356 6.0 204 0 0
-19.9 -7.372881 0.0 204 0 0
-19.9 -7.372881 0.545455 204 0 0
-19.9 -7.372881 1.090909 204 0 0
-19.9 -7.372881 1.636364 204 0 0
-19.9 -7.372881 2.181818 204 0 0
-19.9 -7.372881 2.727273 204 0 0
-19.9 -7.372881 3.272727 204 0 0
-19.9 -7.372881 3.818182 204 0 0
-19.9 -7.372881 4.363636 204 0 0
-19.9 -7.372881 4.909091 204 0 0
-19.9 -7.372881 5.454545 204 0 0
-19.9 -7.372881 6.0 204 0 0
-19.9 -6.864407 0.0 204 0 0
-19.9 -6.864407 0.545455 204 0 0
-19.9 -6.864407 1.090909 204 0 0
-19.9 -6.864407 1.636364 204 0 0
-19.9 -6.864407 2.181818 204 0 0
-19.9 -6.864407 2.727273 204 0 0
-19.9 -6.864407 3.272727 204 0 0
-19.9 -6.864407 3.818182 204 0 0
-19.9 -6.864407 4.363636 204 0 0
-19.9 -6.864407 4.909091 204 0 0
-19.9 -6.864407 5.454545 204 0 0
-19.9 -6.864407 6.0 204 0 0
-19.9 -6.355932 0.0 204 0 0
-19.9 -6.355932 0.545455 204 0 0
-19.9 -6.355932 1.090909 204 0 0
-19.9 -6.355932 1.636364 204 0 0
-19.9 -6.355932 2.181818 204 0 0
-19.9 -6.355932 2.727273 204 0 0
-19.9 -6.355932 3.272727 204 0 0
-19.9 -6.355932 3.818182 204 0 0
-19.9 -6.355932 4.363636 204 0 0
-19.9 -6.355932 4.909091 204 0 0
-19.9 -6.355932 5.454545 204 0 0
-19.9 -6.355932 6.0 204 0 0
-19.9 -5.847458 0.0 204 0 0
-19.9 -5.847458 0.545455 204 0 0
-19.9 -5.847458 1.090909 204 0 0
-19.9 -5.847458 1.636364 204 0 0
-19.9 -5.847458 2.181818 204 0 0
-19.9 -5.847458 2.727273 204 0 0
-19.9 -5.847458 3.272727 204 0 0
-19.9 -5.847458 3.818182 204 0 0
-19.9 -5.847458 4.363636 204 0 0
-19.9 -5.847458 4.909091 204 0 0
-19.9 -5.847458 5.454545 204 0 0
-19.9 -5.847458 6.0 204 0 0
-19.9 -5.338983 0.0 204 0 0
-19.9 -5.338983 0.545455 204 0 0
-19.9 -5.338983 1.090909 204 0 0
-19.9 -5.338983 1.636364 204 0 0
-19.9 -5.338983 2.181818 204 0 0
-19.9 -5.338983 2.727273 204 0 0
-19.9 -5.338983 3.272727 204 0 0
-19.9 -5.338983 3.818182 204 0 0
-19.9 -5.338983 4.363636 204 0 0
-19.9 -5.338983 4.909091 204 0 0
-19.9 -5.338983 5.454545 204 0 0
-19.9 -5.338983 6.0 204 0 0
-19.9 -4.830508 0.0 204 0 0
-19.9 -4.830508 0.545455 204 0 0
-19.9 -4.830508 1.090909 204 0 0
-19.9 -4.830508 1.636364 204 0 0
-19.9 -4.830508 2.181818 204 0 0
-19.9 -4.830508 2.727273 204 0 0
-19.9 -4.830508 3.272727 204 0 0
-19.9 -4.830508 3.818182 204 0 0
-19.9 -4.830508 4.363636 204 0 0
-19.9 -4.830508 4.909091 204 0 0
-19.9 -4.830508 5.454545 204 0 0
-19.9 -4.830508 6.0 204 0 0
-19.9 -4.322034 0.0 204 0 0
-19.9 -4.322034 0.545455 204 0 0
-19.9 -4.322034 1.090909 204 0 0
-19.9 -4.322034 1.636364 204 0 0
-19.9 -4.322034 2.181818 204 0 0
-19.9 -4.322034 2.727273 204 0 0
-19.9 -4.322034 3.272727 204 0 0
-19.9 -4.322034 3.818182 204 0 0
-19.9 -4.322034 4.363636 204 0 0
-19.9 -4.322034 4.909091 204 0 0
-19.9 -4.322034 5.454545 204 0 0
-19.9 -4.322034 6.0 204 0 0
-19.9 -3.813559 0.0 204 0 0
-19.9 -3.813559 0.545455 204 0 0
-19.9 -3.813559 1.090909 204 0 0
-19.9 -3.813559 1.636364 204 0 0
-19.9 -3.813559 2.181818 204 0 0
-19.9 -3.813559 2.727273 204 0 0
-19.9 -3.813559 3.272727 204 0 0
-19.9 -3.813559 3.818182 204 0 0
-19.9 -3.813559 4.363636 204 0 0
-19.9 -3.813559 4.909091 204 0 0
-19.9 -3.813559 5.454545 204 0 0
-19.9 -3.813559 6.0 204 0 0
-19.9 -3.305085 0.0 204 0 0
-19.9 -3.305085 0.545455 204 0 0
-19.9 -3.305085 1.090909 204 0 0
-19.9 -3.305085 1.636364 204 0 0
-19.9 -3.305085 2.181818 204 0 0
-19.9 -3.305085 2.727273 204 0 0
-19.9 -3.305085 3.272727 204 0 0
-19.9 -3.305085 3.818182 204 0 0
-19.9 -3.305085 4.363636 204 0 0
-19.9 -3.305085 4.909091 204 0 0
-19.9 -3.305085 5.454545 204 0 0
-19.9 -3.305085 6.0 204 0 0
-19.9 -2.79661 0.0 204 0 0
-19.9 -2.79661 0.545455 204 0 0
-19.9 -2.79661 1.090909 204 0 0
-19.9 -2.79661 1.636364 204 0 0
-19.9 -2.79661 2.181818 204 0 0
-19.9 -2.79661 2.727273 204 0 0
-19.9 -2.79661 3.272727 204 0 0
-19.9 -2.79661 3.818182 204 0 0
-19.9 -2.79661 4.363636 204 0 0
-19.9 -2.79661 4.909091 204 0 0
-19.9 -2.79661 5.454545 204 0 0
-19.9 -2.79661 6.0 204 0 0
-19.9 -2.288136 0.0 204 0 0
-19.9 -2.288136 0.545455 204 0 0
-19.9 -2.288136 1.090909 204 0 0
-19.9 -2.288136 1.636364 204 0 0
-19.9 -2.288136 2.181818 204 0 0
-19.9 -2.288136 2.727273 204 0 0
-19.9 -2.288136 3.272727 204 0 0
-19.9 -2.288136 3.818182 204 0 0
-19.9 -2.288136 4.363636 204 0 0
-19.9 -2.288136 4.909091 204 0 0
-19.9 -2.288136 5.454545 204 0 0
-19.9 -2.288136 6.0 204 0 0
-19.9 -1.779661 0.0 204 0 0
-19.9 -1.779661 0.545455 204 0 0
-19.9 -1.779661 1.090909 204 0 0
-19.9 -1.779661 1.636364 204 0 0
-19.9 -1.779661 2.181818 204 0 0
-19.9 -1.779661 2.727273 204 0 0
-19.9 -1.779661 3.272727 204 0 0
-19.9 -1.779661 3.818182 204 0 0
-19.9 -1.779661 4.363636 204 0 0
-19.9 -1.779661 4.909091 204 0 0
-19.9 -1.779661 5.454545 204 0 0
-19.9 -1.779661 6.0 204 0 0
-19.9 -1.271186 0.0 204 0 0
-19.9 -1.271186 0.545455 204 0 0
-19.9 -1.271186 1.090909 204 0 0
-19.9 -1.271186 1.636364 204 0 0
-19.9 -1.271186 2.181818 204 0 0
-19.9 -1.271186 2.727273 204 0 0
-19.9 -1.271186 3.272727 204 0 0
-19.9 -1.271186 3.818182 204 0 0
-19.9 -1.271186 4.363636 204 0 0
-19.9 -1.271186 4.909091 204 0 0
-19.9 -1.271186 5.454545 204 0 0
-19.9 -1.271186 6.0 204 0 0
-19.9 -0.762712 0.0 204 0 0
-19.9 -0.762712 0.545455 204 0 0
-19.9 -0.762712 1.090909 204 0 0
-19.9 -0.762712 1.636364 204 0 0
-19.9 -0.762712 2.181818 204 0 0
-19.9 -0.762712 2.727273 204 0 0
-19.9 -0.762712 3.272727 204 0 0
-19.9 -0.762712 3.818182 204 0 0
-19.9 -0.762712 4.363636 204 0 0
-19.9 -0.762712 4.909091 204 0 0
-19.9 -0.762712 5.454545 204 0 0
-19.9 -0.762712 6.0 204 0 0
-19.9 -0.254237 0.0 204 0 0
-19.9 -0.254237 0.545455 204 0 0
-19.9 -0.254237 1.090909 204 0 0
-19.9 -0.254237 1.636364 204 0 0
-19.9 -0.254237 2.181818 204 0 0
-19.9 -0.254237 2.727273 204 0 0
-19.9 -0.254237 3.272727 204 0 0
-19.9 -0.254237 3.818182 204 0 0
-19.9 -0.254237 4.363636 204 0 0
-19.9 -0.254237 4.909091 204 0 0
-19.9 -0.254237 5.454545 204 0 0
-19.9 -0.254237 6.0 204 0 0
-19.9 0.254237 0.0 204 0 0
-19.9 0.254237 0.545455 204 0 0
-19.9 0.254237 1.090909 204 0 0
-19.9 0.254237 1.636364 204 0 0
-19.9 0.254237 2.181818 204 0 0
-19.9 0.254237 2.727273 204 0 0
-19.9 0.254237 3.272727 204 0 0
-19.9 0.254237 3.818182 204 0 0
-19.9 0.254237 4.363636 204 0 0
-19.9 0.254237 4.909091 204 0 0
-19.9 0.254237 5.454545 204 0 0
-19.9 0.254237 6.0 204 0 0
-19.9 0.762712 0.0 204 0 0
-19.9 0.762712 0.545455 204 0 0
-19.9 0.762712 1.090909 204 0 0
-19.9 0.762712 1.636364 204 0 0
-19.9 0.762712 2.181818 204 0 0
-19.9 0.762712 2.727273 204 0 0
-19.9 0.762712 3.272727 204 0 0
-19.9 0.762712 3.818182 204 0 0
-19.9 0.762712 4.363636 204 0 0
-19.9 0.762712 4.909091 204 0 0
-19.9 0.762712 5.454545 204 0 0
-19.9 0.762712 6.0 204 0 0
-19.9 1.271186 0.0 204 0 0
-19.9 1.271186 0.545455 204 0 0
-19.9 1.271186 1.090909 204 0 0
-19.9 1.271186 1.636364 204 0 0
-19.9 1.271186 2.181818 204 0 0
-19.9 1.271186 2.727273 204 0 0
-19.9 1.271186 3.272727 204 0 0
-19.9 1.271186 3.818182 204 0 0
-19.9 1.271186 4.363636 204 0 0
-19.9 1.271186 4.909091 204 0 0
-19.9 1.271186 5.454545 204 0 0
-19.9 1.271186 6.0 204 0 0
-19.9 1.779661 0.0 204 0 0
-19.9 1.779661 0.545455 204 0 0
-19.9 1.779661 1.090909 204 0 0
-19.9 1.779661 1.636364 204 0 0
-19.9 1.779661 2.181818 204 0 0
-19.9 1.779661 2.727273 204 0 0
-19.9 1.779661 3.272727 204 0 0
-19.9 1.779661 3.818182 204 0 0
-19.9 1.779661 4.363636 204 0 0
-19.9 1.779661 4.909091 204 0 0
-19.9 1.779661 5.454545 204 0 0
-19.9 1.779661 6.0 204 0 0
-19.9 2.288136 0.0 204 0 0
-19.9 2.288136 0.545455 204 0 0
-19.9 2.288136 1.090909 204 0 0
-19.9 2.288136 1.636364 204 0 0
-19.9 2.288136 2.181818 204 0 0
-19.9 2.288136 2.727273 204 0 0
-19.9 2.288136 3.272727 204 0 0
-19.9 2.288136 3.818182 204 0 0
-19.9 2.288136 4.363636 204 0 0
-19.9 2.288136 4.909091 204 0 0
-19.9 2.288136 5.454545 204 0 0
-19.9 2.288136 6.0 204 0 0
-19.9 2.79661 0.0 204 0 0
-19.9 2.79661 0.545455 204 0 0
-19.9 2.79661 1.090909 204 0 0
-19.9 2.79661 1.636364 204 0 0
-19.9 2.79661 2.181818 204 0 0
-19.9 2.79661 2.727273 204 0 0
-19.9 2.79661 3.272727 204 0 0
-19.9 2.79661 3.818182 204 0 0
-19.9 2.79661 4.363636 204 0 0
-19.9 2.79661 4.909091 204 0 0
-19.9 2.79661 5.454545 204 0 0
-19.9 2.79661 6.0 204 0 0
-19.9 3.305085 0.0 204 0 0
-19.9 3.305085 0.545455 204 0 0
-19.9 3.305085 1.090909 204 0 0
-19.9 3.305085 1.636364 204 0 0
-19.9 3.305085 2.181818 204 0 0
-19.9 3.305085 2.727273 204 0 0
-19.9 3.305085 3.272727 204 0 0
-19.9 3.305085 3.818182 204 0 0
-19.9 3.305085 4.363636 204 0 0
-19.9 3.305085 4.909091 204 0 0
-19.9 3.305085 5.454545 204 0 0
-19.9 3.305085 6.0 204 0 0
-19.9 3.813559 0.0 204 0 0
-19.9 3.813559 0.545455 204 0 0
-19.9 3.813559 1.090909 204 0 0
-19.9 3.813559 1.636364 204 0 0
-19.9 3.813559 2.181818 204 0 0
-19.9 3.813559 2.727273 204 0 0
-19.9 3.813559 3.272727 204 0 0
-19.9 3.813559 3.818182 204 0 0
-19.9 3.813559 4.363636 204 0 0
-19.9 3.813559 4.909091 204 0 0
-19.9 3.813559 5.454545 204 0 0
-19.9 3.813559 6.0 204 0 0
-19.9 4.322034 0.0 204 0 0
-19.9 4.322034 0.545455 204 0 0
-19.9 4.322034 1.090909 204 0 0
-19.9 4.322034 1.636364 204 0 0
-19.9 4.322034 2.181818 204 0 0
-19.9 4.322034 2.727273 204 0 0
-19.9 4.322034 3.272727 204 0 0
-19.9 4.322034 3.818182 204 0 0
-19.9 4.322034 4.363636 204 0 0
-19.9 4.322034 4.909091 204 0 0
-19.9 4.322034 5.454545 204 0 0
-19.9 4.322034 6.0 204 0 0
-19.9 4.830508 0.0 204 0 0
-19.9 4.830508 0.545455 204 0 0
-19.9 4.830508 1.090909 204 0 0
-19.9 4.830508 1.636364 204 0 0
-19.9 4.830508 2.181818 204 0 0
-19.9 4.830508 2.727273 204 0 0
-19.9 4.830508 3.272727 204 0 0
-19.9 4.830508 3.818182 204 0 0
-19.9 4.830508 4.363636 204 0 0
-19.9 4.830508 4.909091 204 0 0
-19.9 4.830508 5.454545 204 0 0
-19.9 4.830508 6.0 204 0 0
-19.9 5.338983 0.0 204 0 0
-19.9 5.338983 0.545455 204 0 0
-19.9 5.338983 1.090909 204 0 0
-19.9 5.338983 1.636364 204 0 0
-19.9 5.338983 2.181818 204 0 0
-19.9 5.338983 2.727273 204 0 0
-19.9 5.338983 3.272727 204 0 0
-19.9 5.338983 3.818182 204 0 0
-19.9 5.338983 4.363636 204 0 0
-19.9 5.338983 4.909091 204 0 0
-19.9 5.338983 5.454545 204 0 0
-19.9 5.338983 6.0 204 0 0
-19.9 5.847458 0.0 204 0 0
-19.9 5.847458 0.545455 204 0 0
-19.9 5.847458 1.090909 204 0 0
-19.9 5.847458 1.636364 204 0 0
-19.9 5.847458 2.181818 204 0 0
-19.9 5.847458 2.727273 204 0 0
-19.9 5.847458 3.272727 204 0 0
-19.9 5.847458 3.818182 204 0 0
-19.9 5.847458 4.363636 204 0 0
-19.9 5.847458 4.909091 204 0 0
-19.9 5.847458 5.454545 204 0 0
-19.9 5.847458 6.0 204 0 0
-19.9 6.355932 0.0 204 0 0
-19.9 6.355932 0.545455 204 0 0
-19.9 6.355932 1.090909 204 0 0
-19.9 6.355932 1.636364 204 0 0
-19.9 6.355932 2.181818 204 0 0
-19.9 6.355932 2.727273 204 0 0
-19.9 6.355932 3.272727 204 0 0
-19.9 6.355932 3.818182 204 0 0
-19.9 6.355932 4.363636 204 0 0
-19.9 6.355932 4.909091 204 0 0
-19.9 6.355932 5.454545 204 0 0
-19.9 6.355932 6.0 204 0 0
-19.9 6.864407 0.0 204 0 0
-19.9 6.864407 0.545455 204 0 0
-19.9 6.864407 1.090909 204 0 0
-19.9 6.864407 1.636364 204 0 0
-19.9 6.864407 2.181818 204 0 0
-19.9 6.864407 2.727273 204 0 0
-19.9 6.864407 3.272727 204 0 0
-19.9 6.864407 3.818182 204 0 0
-19.9 6.864407 4.363636 204 0 0
-19.9 6.864407 4.909091 204 0 0
-19.9 6.864407 5.454545 204 0 0
-19.9 6.864407 6.0 204 0 0
-19.9 7.372881 0.0 204 0 0
-19.9 7.372881 0.545455 204 0 0
-19.9 7.372881 1.090909 204 0 0
-19.9 7.372881 1.636364 204 0 0
-19.9 7.372881 2.181818 204 0 0
-19.9 7.372881 2.727273 204 0 0
-19.9 7.372881 3.272727 204 0 0
-19.9 7.372881 3.818182 204 0 0
-19.9 7.372881 4.363636 204 0 0
-19.9 7.372881 4.909091 204 0 0
-19.9 7.372881 5.454545 204 0 0
-19.9 7.372881 6.0 204 0 0
-19.9 7.881356 0.0 204 0 0
-19.9 7.881356 0.545455 204 0 0
-19.9 7.881356 1.090909 204 0 0
-19.9 7.881356 1.636364 204 0 0
-19.9 7.881356 2.181818 204 0 0
-19.9 7.881356 2.727273 204 0 0
-19.9 7.881356 3.272727 204 0 0
-19.9 7.881356 3.818182 204 0 0
-19.9 7.881356 4.363636 204 0 0
-19.9 7.881356 4.909091 204 0 0
-19.9 7.881356 5.454545 204 0 0
-19.9 7.881356 6.0 204 0 0
-19.9 8.389831 0.0 204 0 0
-19.9 8.389831 0.545455 204 0 0
-19.9 8.389831 1.090909 204 0 0
-19.9 8.389831 1.636364 204 0 0
-19.9 8.389831 2.181818 204 0 0
-19.9 8.389831 2.727273 204 0 0
-19.9 8.389831 3.272727 204 0 0
-19.9 8.389831 3.818182 204 0 0
-19.9 8.389831 4.363636 204 0 0
-19.9 8.389831 4.909091 204 0 0
-19.9 8.389831 5.454545 204 0 0
-19.9 8.389831 6.0 204 0 0
-19.9 8.898305 0.0 204 0 0
-19.9 8.898305 0.545455 204 0 0
-19.9 8.898305 1.090909 204 0 0
-19.9 8.898305 1.636364 204 0 0
-19.9 8.898305 2.181818 204 0 0
-19.9 8.898305 2.727273 204 0 0
-19.9 8.898305 3.272727 204 0 0
-19.9 8.898305 3.818182 204 0 0
-19.9 8.898305 4.363636 204 0 0
-19.9 8.898305 4.909091 204 0 0
-19.9 8.898305 5.454545 204 0 0
-19.9 8.898305 6.0 204 0 0
-19.9 9.40678 0.0 204 0 0
-19.9 9.40678 0.545455 204 0 0
-19.9 9.40678 1.090909 204 0 0
-19.9 9.40678 1.636364 204 0 0
-19.9 9.40678 2.181818 204 0 0
-19.9 9.40678 2.727273 204 0 0
-19.9 9.40678 3.272727 204 0 0
-19.9 9.40678 3.818182 204 0 0
-19.9 9.40678 4.363636 204 0 0
-19.9 9.40678 4.909091 204 0 0
-19.9 9.40678 5.454545 204 0 0
-19.9 9.40678 6.0 204 0 0
-19.9 9.915254 0.0 204 0 0
-19.9 9.915254 0.545455 204 0 0
-19.9 9.915254 1.090909 204 0 0
-19.9 9.915254 1.636364 204 0 0
-19.9 9.915254 2.181818 204 0 0
-19.9 9.915254 2.727273 204 0 0
-19.9 9.915254 3.272727 204 0 0
-19.9 9.915254 3.818182 204 0 0
-19.9 9.915254 4.363636 204 0 0
-19.9 9.915254 4.909091 204 0 0
-19.9 9.915254 5.454545 204 0 0
-19.9 9.915254 6.0 204 0 0
-19.9 10.423729 0.0 204 0 0
-19.9 10.423729 0.545455 204 0 0
-19.9 10.423729 1.090909 204 0 0
-19.9 10.423729 1.636364 204 0 0
-19.9 10.423729 2.181818 204 0 0
-19.9 10.423729 2.727273 204 0 0
-19.9 10.423729 3.272727 204 0 0
-19.9 10.423729 3.818182 204 0 0
-19.9 10.423729 4.363636 204 0 0
-19.9 10.423729 4.909091 204 0 0
-19.9 10.423729 5.454545 204 0 0
-19.9 10.423729 6.0 204 0 0
-19.9 10.932203 0.0 204 0 0
-19.9 10.932203 0.545455 204 0 0
-19.9 10.932203 1.090909 204 0 0
-19.9 10.932203 1.636364 204 0 0
-19.9 10.932203 2.181818 204 0 0
-19.9 10.932203 2.727273 204 0 0
-19.9 10.932203 3.272727 204 0 0
-19.9 10.932203 3.818182 204 0 0
-19.9 10.932203 4.363636 204 0 0
-19.9 10.932203 4.909091 204 0 0
-19.9 10.932203 5.454545 204 0 0
-19.9 10.932203 6.0 204 0 0
-19.9 11.440678 0.0 204 0 0
-19.9 11.440678 0.545455 204 0 0
-19.9 11.440678 1.090909 204 0 0
-19.9 11.440678 1.636364 204 0 0
-19.9 11.440678 2.181818 204 0 0
-19.9 11.440678 2.727273 204 0 0
-19.9 11.440678 3.272727 204 0 0
-19.9 11.440678 3.818182 204 0 0
-19.9 11.440678 4.363636 204 0 0
-19.9 11.440678 4.909091 204 0 0
-19.9 11.440678 5.454545 204 0 0
-19.9 11.440678 6.0 204 0 0
-19.9 11.949153 0.0 204 0 0
-19.9 11.949153 0.545455 204 0 0
-19.9 11.949153 1.090909 204 0 0
-19.9 11.949153 1.636364 204 0 0
-19.9 11.949153 2.181818 204 0 0
-19.9 11.949153 2.727273 204 0 0
-19.9 11.949153 3.272727 204 0 0
-19.9 11.949153 3.818182 204 0 0
-19.9 11.949153 4.363636 204 0 0
-19.9 11.949153 4.909091 204 0 0
-19.9 11.949153 5.454545 204 0 0
-19.9 11.949153 6.0 204 0 0
-19.9 12.457627 0.0 204 0 0
-19.9 12.457627 0.545455 204 0 0
-19.9 12.457627 1.090909 204 0 0
-19.9 12.457627 1.636364 204 0 0
-19.9 12.457627 2.181818 204 0 0
-19.9 12.457627 2.727273 204 0 0
-19.9 12.457627 3.272727 204 0 0
-19.9 12.457627 3.818182 204 0 0
-19.9 12.457627 4.363636 204 0 0
-19.9 12.457627 4.909091 204 0 0
-19.9 12.457627 5.454545 204 0 0
-19.9 12.457627 6.0 204 0 0
-19.9 12.966102 0.0 204 0 0
-19.9 12.966102 0.545455 204 0 0
-19.9 12.966102 1.090909 204 0 0
-19.9 12.966102 1.636364 204 0 0
-19.9 12.966102 2.181818 204 0 0
-19.9 12.966102 2.727273 204 0 0
-19.9 12.966102 3.272727 204 0 0
-19.9 12.966102 3.818182 204 0 0
-19.9 12.966102 4.363636 204 0 0
-19.9 12.966102 4.909091 204 0 0
-19.9 12.966102 5.454545 204 0 0
-19.9 12.966102 6.0 204 0 0
-19.9 13.474576 0.0 204 0 0
-19.9 13.474576 0.545455 204 0 0
-19.9 13.474576 1.090909 204 0 0
-19.9 13.474576 1.636364 204 0 0
-19.9 13.474576 2.181818 204 0 0
-19.9 13.474576 2.727273 204 0 0
-19.9 13.474576 3.272727 204 0 0
-19.9 13.474576 3.818182 204 0 0
-19.9 13.474576 4.363636 204 0 0
-19.9 13.474576 4.909091 204 0 0
-19.9 13.474576 5.454545 204 0 0
-19.9 13.474576 6.0 204 0 0
-19.9 13.983051 0.0 204 0 0
-19.9 13.983051 0.545455 204 0 0
-19.9 13.983051 1.090909 204 0 0
-19.9 13.983051 1.636364 204 0 0
-19.9 13.983051 2.181818 204 0 0
-19.9 13.983051 2.727273 204 0 0
-19.9 13.983051 3.272727 204 0 0
-19.9 13.983051 3.818182 204 0 0
-19.9 13.983051 4.363636 204 0 0
-19.9 13.983051 4.909091 204 0 0
-19.9 13.983051 5.454545 204 0 0
-19.9 13.983051 6.0 204 0 0
-19.9 14.491525 0.0 204 0 0
-19.9 14.491525 0.545455 204 0 0
-19.9 14.491525 1.090909 204 0 0
-19.9 14.491525 1.636364 204 0 0
-19.9 14.491525 2.181818 204 0 0
-19.9 14.491525 2.727273 204 0 0
-19.9 14.491525 3.272727 204 0 0
-19.9 14.491525 3.818182 204 0 0
-19.9 14.491525 4.363636 204 0 0
-19.9 14.491525 4.909091 204 0 0
-19.9 14.491525 5.454545 204 0 0
-19.9 14.491525 6.0 204 0 0
-19.9 15.0 0.0 204 0 0
-19.9 15.0 0.545455 204 0 0
-19.9 15.0 1.090909 204 0 0
-19.9 15.0 1.636364 204 0 0
-19.9 15.0 2.181818 204 0 0
-19.9 15.0 2.727273 204 0 0
-19.9 15.0 3.272727 204 0 0
-19.9 15.0 3.818182 204 0 0
-19.9 15.0 4.363636 204 0 0
-19.9 15.0 4.909091 204 0 0
-19.9 15.0 5.454545 204 0 0
-19.9 15.0 6.0 204 0 0
-20.1 -15.0 0.0 204 0 0
-20.1 -15.0 0.545455 204 0 0
-20.1 -15.0 1.090909 204 0 0
-20.1 -15.0 1.636364 204 0 0
-20.1 -15.0 2.181818 204 0 0
-20.1 -15.0 2.727273 204 0 0
-20.1 -15.0 3.272727 204 0 0
-20.1 -15.0 3.818182 204 0 0
-20.1 -15.0 4.363636 204 0 0
-20.1 -15.0 4.909091 204 0 0
-20.1 -15.0 5.454545 204 0 0
-20.1 -15.0 6.0 204 0 0
-20.1 -14.491525 0.0 204 0 0
-20.1 -14.491525 0.545455 204 0 0
-20.1 -14.491525 1.090909 204 0 0
-20.1 -14.491525 1.636364 204 0 0
-20.1 -14.491525 2.181818 204 0 0
-20.1 -14.491525 2.727273 204 0 0
-20.1 -14.491525 3.272727 204 0 0
-20.1 -14.491525 3.818182 204 0 0
-20.1 -14.491525 4.363636 204 0 0
-20.1 -14.491525 4.909091 204 0 0
-20.1 -14.491525 5.454545 204 0 0
-20.1 -14.491525 6.0 204 0 0
-20.1 -13.983051 0.0 204 0 0
-20.1 -13.983051 0.545455 204 0 0
-20.1 -13.983051 1.090909 204 0 0
-20.1 -13.983051 1.636364 204 0 0
-20.1 -13.983051 2.181818 204 0 0
-20.1 -13.983051 2.727273 204 0 0
-20.1 -13.983051 3.272727 204 0 0
-20.1 -13.983051 3.818182 204 0 0
-20.1 -13.983051 4.363636 204 0 0
-20.1 -13.983051 4.909091 204 0 0
-20.1 -13.983051 5.454545 204 0 0
-20.1 -13.983051 6.0 204 0 0
-20.1 -13.474576 0.0 204 0 0
-20.1 -13.474576 0.545455 204 0 0
-20.1 -13.474576 1.090909 204 0 0
-20.1 -13.474576 1.636364 204 0 0
-20.1 -13.474576 2.181818 204 0 0
-20.1 -13.474576 2.727273 204 0 0
-20.1 -13.474576 3.272727 204 0 0
-20.1 -13.474576 3.818182 204 0 0
-20.1 -13.474576 4.363636 204 0 0
-20.1 -13.474576 4.909091 204 0 0
-20.1 -13.474576 5.454545 204 0 0
-20.1 -13.474576 6.0 204 0 0
-20.1 -12.966102 0.0 204 0 0
-20.1 -12.966102 0.545455 204 0 0
-20.1 -12.966102 1.090909 204 0 0
-20.1 -12.966102 1.636364 204 0 0
-20.1 -12.966102 2.181818 204 0 0
-20.1 -12.966102 2.727273 204 0 0
-20.1 -12.966102 3.272727 204 0 0
-20.1 -12.966102 3.818182 204 0 0
-20.1 -12.966102 4.363636 204 0 0
-20.1 -12.966102 4.909091 204 0 0
-20.1 -12.966102 5.454545 204 0 0
-20.1 -12.966102 6.0 204 0 0
-20.1 -12.457627 0.0 204 0 0
-20.1 -12.457627 0.545455 204 0 0
-20.1 -12.457627 1.090909 204 0 0
-20.1 -12.457627 1.636364 204 0 0
-20.1 -12.457627 2.181818 204 0 0
-20.1 -12.457627 2.727273 204 0 0
-20.1 -12.457627 3.272727 204 0 0
-20.1 -12.457627 3.818182 204 0 0
-20.1 -12.457627 4.363636 204 0 0
-20.1 -12.457627 4.909091 204 0 0
-20.1 -12.457627 5.454545 204 0 0
-20.1 -12.457627 6.0 204 0 0
-20.1 -11.949153 0.0 204 0 0
-20.1 -11.949153 0.545455 204 0 0
-20.1 -11.949153 1.090909 204 0 0
-20.1 -11.949153 1.636364 204 0 0
-20.1 -11.949153 2.181818 204 0 0
-20.1 -11.949153 2.727273 204 0 0
-20.1 -11.949153 3.272727 204 0 0
-20.1 -11.949153 3.818182 204 0 0
-20.1 -11.949153 4.363636 204 0 0
-20.1 -11.949153 4.909091 204 0 0
-20.1 -11.949153 5.454545 204 0 0
-20.1 -11.949153 6.0 204 0 0
-20.1 -11.440678 0.0 204 0 0
-20.1 -11.440678 0.545455 204 0 0
-20.1 -11.440678 1.090909 204 0 0
-20.1 -11.440678 1.636364 204 0 0
-20.1 -11.440678 2.181818 204 0 0
-20.1 -11.440678 2.727273 204 0 0
-20.1 -11.440678 3.272727 204 0 0
-20.1 -11.440678 3.818182 204 0 0
-20.1 -11.440678 4.363636 204 0 0
-20.1 -11.440678 4.909091 204 0 0
-20.1 -11.440678 5.454545 204 0 0
-20.1 -11.440678 6.0 204 0 0
-20.1 -10.932203 0.0 204 0 0
-20.1 -10.932203 0.545455 204 0 0
-20.1 -10.932203 1.090909 204 0 0
-20.1 -10.932203 1.636364 204 0 0
-20.1 -10.932203 2.181818 204 0 0
-20.1 -10.932203 2.727273 204 0 0
-20.1 -10.932203 3.272727 204 0 0
-20.1 -10.932203 3.818182 204 0 0
-20.1 -10.932203 4.363636 204 0 0
-20.1 -10.932203 4.909091 204 0 0
-20.1 -10.932203 5.454545 204 0 0
-20.1 -10.932203 6.0 204 0 0
-20.1 -10.423729 0.0 204 0 0
-20.1 -10.423729 0.545455 204 0 0
-20.1 -10.423729 1.090909 204 0 0
-20.1 -10.423729 1.636364 204 0 0
-20.1 -10.423729 2.181818 204 0 0
-20.1 -10.423729 2.727273 204 0 0
-20.1 -10.423729 3.272727 204 0 0
-20.1 -10.423729 3.818182 204 0 0
-20.1 -10.423729 4.363636 204 0 0
-20.1 -10.423729 4.909091 204 0 0
-20.1 -10.423729 5.454545 204 0 0
-20.1 -10.423729 6.0 204 0 0
-20.1 -9.915254 0.0 204 0 0
-20.1 -9.915254 0.545455 204 0 0
-20.1 -9.915254 1.090909 204 0 0
-20.1 -9.915254 1.636364 204 0 0
-20.1 -9.915254 2.181818 204 0 0
-20.1 -9.915254 2.727273 204 0 0
-20.1 -9.915254 3.272727 204 0 0
-20.1 -9.915254 3.818182 204 0 0
-20.1 -9.915254 4.363636 204 0 0
-20.1 -9.915254 4.909091 204 0 0
-20.1 -9.915254 5.454545 204 0 0
-20.1 -9.915254 6.0 204 0 0
-20.1 -9.40678 0.0 204 0 0
-20.1 -9.40678 0.545455 204 0 0
-20.1 -9.40678 1.090909 204 0 0
-20.1 -9.40678 1.636364 204 0 0
-20.1 -9.40678 2.181818 204 0 0
-20.1 -9.40678 2.727273 204 0 0
-20.1 -9.40678 3.272727 204 0 0
-20.1 -9.40678 3.818182 204 0 0
-20.1 -9.40678 4.363636 204 0 0
-20.1 -9.40678 4.909091 204 0 0
-20.1 -9.40678 5.454545 204 0 0
-20.1 -9.40678 6.0 204 0 0
-20.1 -8.898305 0.0 204 0 0
-20.1 -8.898305 0.545455 204 0 0
-20.1 -8.898305 1.090909 204 0 0
-20.1 -8.898305 1.636364 204 0 0
-20.1 -8.898305 2.181818 204 0 0
-20.1 -8.898305 2.727273 204 0 0
-20.1 -8.898305 3.272727 204 0 0
-20.1 -8.898305 3.818182 204 0 0
-20.1 -8.898305 4.363636 204 0 0
-20.1 -8.898305 4.909091 204 0 0
-20.1 -8.898305 5.454545 204 0 0
-20.1 -8.898305 6.0 204 0 0
-20.1 -8.389831 0.0 204 0 0
-20.1 -8.389831 0.545455 204 0 0
-20.1 -8.389831 1.090909 204 0 0
-20.1 -8.389831 1.636364 204 0 0
-20.1 -8.389831 2.181818 204 0 0
-20.1 -8.389831 2.727273 204 0 0
-20.1 -8.389831 3.272727 204 0 0
-20.1 -8.389831 3.818182 204 0 0
-20.1 -8.389831 4.363636 204 0 0
-20.1 -8.389831 4.909091 204 0 0
-20.1 -8.389831 5.454545 204 0 0
-20.1 -8.389831 6.0 204 0 0
-20.1 -7.881356 0.0 204 0 0
-20.1 -7.881356 0.545455 204 0 0
-20.1 -7.881356 1.090909 204 0 0
-20.1 -7.881356 1.636364 204 0 0
-20.1 -7.881356 2.181818 204 0 0
-20.1 -7.881356 2.727273 204 0 0
-20.1 -7.881356 3.272727 204 0 0
-20.1 -7.881356 3.818182 204 0 0
-20.1 -7.881356 4.363636 204 0 0
-20.1 -7.881356 4.909091 204 0 0
-20.1 -7.881356 5.454545 204 0 0
-20.1 -7.881356 6.0 204 0 0
-20.1 -7.372881 0.0 204 0 0
-20.1 -7.372881 0.545455 204 0 0
-20.1 -7.372881 1.090909 204 0 0
-20.1 -7.372881 1.636364 204 0 0
-20.1 -7.372881 2.181818 204 0 0
-20.1 -7.372881 2.727273 204 0 0
-20.1 -7.372881 3.272727 204 0 0
-20.1 -7.372881 3.818182 204 0 0
-20.1 -7.372881 4.363636 204 0 0
-20.1 -7.372881 4.909091 204 0 0
-20.1 -7.372881 5.454545 204 0 0
-20.1 -7.372881 6.0 204 0 0
-20.1 -6.864407 0.0 204 0 0
-20.1 -6.864407 0.545455 204 0 0
-20.1 -6.864407 1.090909 204 0 0
-20.1 -6.864407 1.636364 204 0 0
-20.1 -6.864407 2.181818 204 0 0
-20.1 -6.864407 2.727273 204 0 0
-20.1 -6.864407 3.272727 204 0 0
-20.1 -6.864407 3.818182 204 0 0
-20.1 -6.864407 4.363636 204 0 0
-20.1 -6.864407 4.909091 204 0 0
-20.1 -6.864407 5.454545 204 0 0
-20.1 -6.864407 6.0 204 0 0
-20.1 -6.355932 0.0 204 0 0
-20.1 -6.355932 0.545455 204 0 0
-20.1 -6.355932 1.090909 204 0 0
-20.1 -6.355932 1.636364 204 0 0
-20.1 -6.355932 2.181818 204 0 0
-20.1 -6.355932 2.727273 204 0 0
-20.1 -6.355932 3.272727 204 0 0
-20.1 -6.355932 3.818182 204 0 0
-20.1 -6.355932 4.363636 204 0 0
-20.1 -6.355932 4.909091 204 0 0
-20.1 -6.355932 5.454545 204 0 0
-20.1 -6.355932 6.0 204 0 0
-20.1 -5.847458 0.0 204 0 0
-20.1 -5.847458 0.545455 204 0 0
-20.1 -5.847458 1.090909 204 0 0
-20.1 -5.847458 1.636364 204 0 0
-20.1 -5.847458 2.181818 204 0 0
-20.1 -5.847458 2.727273 204 0 0
-20.1 -5.847458 3.272727 204 0 0
-20.1 -5.847458 3.818182 204 0 0
-20.1 -5.847458 4.363636 204 0 0
-20.1 -5.847458 4.909091 204 0 0
-20.1 -5.847458 5.454545 204 0 0
-20.1 -5.847458 6.0 204 0 0
-20.1 -5.338983 0.0 204 0 0
-20.1 -5.338983 0.545455 204 0 0
-20.1 -5.338983 1.090909 204 0 0
-20.1 -5.338983 1.636364 204 0 0
-20.1 -5.338983 2.181818 204 0 0
-20.1 -5.338983 2.727273 204 0 0
-20.1 -5.338983 3.272727 204 0 0
-20.1 -5.338983 3.818182 204 0 0
-20.1 -5.338983 4.363636 204 0 0
-20.1 -5.338983 4.909091 204 0 0
-20.1 -5.338983 5.454545 204 0 0
-20.1 -5.338983 6.0 204 0 0
-20.1 -4.830508 0.0 204 0 0
-20.1 -4.830508 0.545455 204 0 0
-20.1 -4.830508 1.090909 204 0 0
-20.1 -4.830508 1.636364 204 0 0
-20.1 -4.830508 2.181818 204 0 0
-20.1 -4.830508 2.727273 204 0 0
-20.1 -4.830508 3.272727 204 0 0
-20.1 -4.830508 3.818182 204 0 0
-20.1 -4.830508 4.363636 204 0 0
-20.1 -4.830508 4.909091 204 0 0
-20.1 -4.830508 5.454545 204 0 0
-20.1 -4.830508 6.0 204 0 0
-20.1 -4.322034 0.0 204 0 0
-20.1 -4.322034 0.545455 204 0 0
-20.1 -4.322034 1.090909 204 0 0
-20.1 -4.322034 1.636364 204 0 0
-20.1 -4.322034 2.181818 204 0 0
-20.1 -4.322034 2.727273 204 0 0
-20.1 -4.322034 3.272727 204 0 0
-20.1 -4.322034 3.818182 204 0 0
-20.1 -4.322034 4.363636 204 0 0
-20.1 -4.322034 4.909091 204 0 0
-20.1 -4.322034 5.454545 204 0 0
-20.1 -4.322034 6.0 204 0 0
-20.1 -3.813559 0.0 204 0 0
-20.1 -3.813559 0.545455 204 0 0
-20.1 -3.813559 1.090909 204 0 0
-20.1 -3.813559 1.636364 204 0 0
-20.1 -3.813559 2.181818 204 0 0
-20.1 -3.813559 2.727273 204 0 0
-20.1 -3.813559 3.272727 204 0 0
-20.1 -3.813559 3.818182 204 0 0
-20.1 -3.813559 4.363636 204 0 0
-20.1 -3.813559 4.909091 204 0 0
-20.1 -3.813559 5.454545 204 0 0
-20.1 -3.813559 6.0 204 0 0
-20.1 -3.305085 0.0 204 0 0
-20.1 -3.305085 0.545455 204 0 0
-20.1 -3.305085 1.090909 204 0 0
-20.1 -3.305085 1.636364 204 0 0
-20.1 -3.305085 2.181818 204 0 0
-20.1 -3.305085 2.727273 204 0 0
-20.1 -3.305085 3.272727 204 0 0
-20.1 -3.305085 3.818182 204 0 0
-20.1 -3.305085 4.363636 204 0 0
-20.1 -3.305085 4.909091 204 0 0
-20.1 -3.305085 5.454545 204 0 0
-20.1 -3.305085 6.0 204 0 0
-20.1 -2.79661 0.0 204 0 0
-20.1 -2.79661 0.545455 204 0 0
-20.1 -2.79661 1.090909 204 0 0
-20.1 -2.79661 1.636364 204 0 0
-20.1 -2.79661 2.181818 204 0 0
-20.1 -2.79661 2.727273 204 0 0
-20.1 -2.79661 3.272727 204 0 0
-20.1 -2.79661 3.818182 204 0 0
-20.1 -2.79661 4.363636 204 0 0
-20.1 -2.79661 4.909091 204 0 0
-20.1 -2.79661 5.454545 204 0 0
-20.1 -2.79661 6.0 204 0 0
-20.1 -2.288136 0.0 204 0 0
-20.1 -2.288136 0.545455 204 0 0
-20.1 -2.288136 1.090909 204 0 0
-20.1 -2.288136 1.636364 204 0 0
-20.1 -2.288136 2.181818 204 0 0
-20.1 -2.288136 2.727273 204 0 0
-20.1 -2.288136 3.272727 204 0 0
-20.1 -2.288136 3.818182 204 0 0
-20.1 -2.288136 4.363636 204 0 0
-20.1 -2.288136 4.909091 204 0 0
-20.1 -2.288136 5.454545 204 0 0
-20.1 -2.288136 6.0 204 0 0
-20.1 -1.779661 0.0 204 0 0
-20.1 -1.779661 0.545455 204 0 0
-20.1 -1.779661 1.090909 204 0 0
-20.1 -1.779661 1.636364 204 0 0
-20.1 -1.779661 2.181818 204 0 0
-20.1 -1.779661 2.727273 204 0 0
-20.1 -1.779661 3.272727 204 0 0
-20.1 -1.779661 3.818182 204 0 0
-20.1 -1.779661 4.363636 204 0 0
-20.1 -1.779661 4.909091 204 0 0
-20.1 -1.779661 5.454545 204 0 0
-20.1 -1.779661 6.0 204 0 0
-20.1 -1.271186 0.0 204 0 0
-20.1 -1.271186 0.545455 204 0 0
-20.1 -1.271186 1.090909 204 0 0
-20.1 -1.271186 1.636364 204 0 0
-20.1 -1.271186 2.181818 204 0 0
-20.1 -1.271186 2.727273 204 0 0
-20.1 -1.271186 3.272727 204 0 0
-20.1 -1.271186 3.818182 204 0 0
-20.1 -1.271186 4.363636 204 0 0
-20.1 -1.271186 4.909091 204 0 0
-20.1 -1.271186 5.454545 204 0 0
-20.1 -1.271186 6.0 204 0 0
-20.1 -0.762712 0.0 204 0 0
-20.1 -0.762712 0.545455 204 0 0
-20.1 -0.762712 1.090909 204 0 0
-20.1 -0.762712 1.636364 204 0 0
-20.1 -0.762712 2.181818 204 0 0
-20.1 -0.762712 2.727273 204 0 0
-20.1 -0.762712 3.272727 204 0 0
-20.1 -0.762712 3.818182 204 0 0
-20.1 -0.762712 4.363636 204 0 0
-20.1 -0.762712 4.909091 204 0 0
-20.1 -0.762712 5.454545 204 0 0
-20.1 -0.762712 6.0 204 0 0
-20.1 -0.254237 0.0 204 0 0
-20.1 -0.254237 0.545455 204 0 0
-20.1 -0.254237 1.090909 204 0 0
-20.1 -0.254237 1.636364 204 0 0
-20.1 -0.254237 2.181818 204 0 0
-20.1 -0.254237 2.727273 204 0 0
-20.1 -0.254237 3.272727 204 0 0
-20.1 -0.254237 3.818182 204 0 0
-20.1 -0.254237 4.363636 204 0 0
-20.1 -0.254237 4.909091 204 0 0
-20.1 -0.254237 5.454545 204 0 0
-20.1 -0.254237 6.0 204 0 0
-20.1 0.254237 0.0 204 0 0
-20.1 0.254237 0.545455 204 0 0
-20.1 0.254237 1.090909 204 0 0
-20.1 0.254237 1.636364 204 0 0
-20.1 0.254237 2.181818 204 0 0
-20.1 0.254237 2.727273 204 0 0
-20.1 0.254237 3.272727 204 0 0
-20.1 0.254237 3.818182 204 0 0
-20.1 0.254237 4.363636 204 0 0
-20.1 0.254237 4.909091 204 0 0
-20.1 0.254237 5.454545 204 0 0
-20.1 0.254237 6.0 204 0 0
-20.1 0.762712 0.0 204 0 0
-20.1 0.762712 0.545455 204 0 0
-20.1 0.762712 1.090909 204 0 0
-20.1 0.762712 1.636364 204 0 0
-20.1 0.762712 2.181818 204 0 0
-20.1 0.762712 2.727273 204 0 0
-20.1 0.762712 3.272727 204 0 0
-20.1 0.762712 3.818182 204 0 0
-20.1 0.762712 4.363636 204 0 0
-20.1 0.762712 4.909091 204 0 0
-20.1 0.762712 5.454545 204 0 0
-20.1 0.762712 6.0 204 0 0
-20.1 1.271186 0.0 204 0 0
-20.1 1.271186 0.545455 204 0 0
-20.1 1.271186 1.090909 204 0 0
-20.1 1.271186 1.636364 204 0 0
-20.1 1.271186 2.181818 204 0 0
-20.1 1.271186 2.727273 204 0 0
-20.1 1.271186 3.272727 204 0 0
-20.1 1.271186 3.818182 204 0 0
-20.1 1.271186 4.363636 204 0 0
-20.1 1.271186 4.909091 204 0 0
-20.1 1.271186 5.454545 204 0 0
-20.1 1.271186 6.0 204 0 0
-20.1 1.779661 0.0 204 0 0
-20.1 1.779661 0.545455 204 0 0
-20.1 1.779661 1.090909 204 0 0
-20.1 1.779661 1.636364 204 0 0
-20.1 1.779661 2.181818 204 0 0
-20.1 1.779661 2.727273 204 0 0
-20.1 1.779661 3.272727 204 0 0
-20.1 1.779661 3.818182 204 0 0
-20.1 1.779661 4.363636 204 0 0
-20.1 1.779661 4.909091 204 0 0
-20.1 1.779661 5.454545 204 0 0
-20.1 1.779661 6.0 204 0 0
-20.1 2.288136 0.0 204 0 0
-20.1 2.288136 0.545455 204 0 0
-20.1 2.288136 1.090909 204 0 0
-20.1 2.288136 1.636364 204 0 0
-20.1 2.288136 2.181818 204 0 0
-20.1 2.288136 2.727273 204 0 0
-20.1 2.288136 3.272727 204 0 0
-20.1 2.288136 3.818182 204 0 0
-20.1 2.288136 4.363636 204 0 0
-20.1 2.288136 4.909091 204 0 0
-20.1 2.288136 5.454545 204 0 0
-20.1 2.288136 6.0 204 0 0
-20.1 2.79661 0.0 204 0 0
-20.1 2.79661 0.545455 204 0 0
-20.1 2.79661 1.090909 204 0 0
-20.1 2.79661 1.636364 204 0 0
-20.1 2.79661 2.181818 204 0 0
-20.1 2.79661 2.727273 204 0 0
-20.1 2.79661 3.272727 204 0 0
-20.1 2.79661 3.818182 204 0 0
-20.1 2.79661 4.363636 204 0 0
-20.1 2.79661 4.909091 204 0 0
-20.1 2.79661 5.454545 204 0 0
-20.1 2.79661 6.0 204 0 0
-20.1 3.305085 0.0 204 0 0
-20.1 3.305085 0.545455 204 0 0
-20.1 3.305085 1.090909 204 0 0
-20.1 3.305085 1.636364 204 0 0
-20.1 3.305085 2.181818 204 0 0
-20.1 3.305085 2.727273 204 0 0
-20.1 3.305085 3.272727 204 0 0
-20.1 3.305085 3.818182 204 0 0
-20.1 3.305085 4.363636 204 0 0
-20.1 3.305085 4.909091 204 0 0
-20.1 3.305085 5.454545 204 0 0
-20.1 3.305085 6.0 204 0 0
-20.1 3.813559 0.0 204 0 0
-20.1 3.813559 0.545455 204 0 0
-20.1 3.813559 1.090909 204 0 0
-20.1 3.813559 1.636364 204 0 0
-20.1 3.813559 2.181818 204 0 0
-20.1 3.813559 2.727273 204 0 0
-20.1 3.813559 3.272727 204 0 0
-20.1 3.813559 3.818182 204 0 0
-20.1 3.813559 4.363636 204 0 0
-20.1 3.813559 4.909091 204 0 0
-20.1 3.813559 5.454545 204 0 0
-20.1 3.813559 6.0 204 0 0
-20.1 4.322034 0.0 204 0 0
-20.1 4.322034 0.545455 204 0 0
-20.1 4.322034 1.090909 204 0 0
-20.1 4.322034 1.636364 204 0 0
-20.1 4.322034 2.181818 204 0 0
-20.1 4.322034 2.727273 204 0 0
-20.1 4.322034 3.272727 204 0 0
-20.1 4.322034 3.818182 204 0 0
-20.1 4.322034 4.363636 204 0 0
-20.1 4.322034 4.909091 204 0 0
-20.1 4.322034 5.454545 204 0 0
-20.1 4.322034 6.0 204 0 0
-20.1 4.830508 0.0 204 0 0
-20.1 4.830508 0.545455 204 0 0
-20.1 4.830508 1.090909 204 0 0
-20.1 4.830508 1.636364 204 0 0
-20.1 4.830508 2.181818 204 0 0
-20.1 4.830508 2.727273 204 0 0
-20.1 4.830508 3.272727 204 0 0
-20.1 4.830508 3.818182 204 0 0
-20.1 4.830508 4.363636 204 0 0
-20.1 4.830508 4.909091 204 0 0
-20.1 4.830508 5.454545 204 0 0
-20.1 4.830508 6.0 204 0 0
-20.1 5.338983 0.0 204 0 0
-20.1 5.338983 0.545455 204 0 0
-20.1 5.338983 1.090909 204 0 0
-20.1 5.338983 1.636364 204 0 0
-20.1 5.338983 2.181818 204 0 0
-20.1 5.338983 2.727273 204 0 0
-20.1 5.338983 3.272727 204 0 0
-20.1 5.338983 3.818182 204 0 0
-20.1 5.338983 4.363636 204 0 0
-20.1 5.338983 4.909091 204 0 0
-20.1 5.338983 5.454545 204 0 0
-20.1 5.338983 6.0 204 0 0
-20.1 5.847458 0.0 204 0 0
-20.1 5.847458 0.545455 204 0 0
-20.1 5.847458 1.090909 204 0 0
-20.1 5.847458 1.636364 204 0 0
-20.1 5.847458 2.181818 204 0 0
-20.1 5.847458 2.727273 204 0 0
-20.1 5.847458 3.272727 204 0 0
-20.1 5.847458 3.818182 204 0 0
-20.1 5.847458 4.363636 204 0 0
-20.1 5.847458 4.909091 204 0 0
-20.1 5.847458 5.454545 204 0 0
-20.1 5.847458 6.0 204 0 0
-20.1 6.355932 0.0 204 0 0
-20.1 6.355932 0.545455 204 0 0
-20.1 6.355932 1.090909 204 0 0
-20.1 6.355932 1.636364 204 0 0
-20.1 6.355932 2.181818 204 0 0
-20.1 6.355932 2.727273 204 0 0
-20.1 6.355932 3.272727 204 0 0
-20.1 6.355932 3.818182 204 0 0
-20.1 6.355932 4.363636 204 0 0
-20.1 6.355932 4.909091 204 0 0
-20.1 6.355932 5.454545 204 0 0
-20.1 6.355932 6.0 204 0 0
-20.1 6.864407 0.0 204 0 0
-20.1 6.864407 0.545455 204 0 0
-20.1 6.864407 1.090909 204 0 0
-20.1 6.864407 1.636364 204 0 0
-20.1 6.864407 2.181818 204 0 0
-20.1 6.864407 2.727273 204 0 0
-20.1 6.864407 3.272727 204 0 0
-20.1 6.864407 3.818182 204 0 0
-20.1 6.864407 4.363636 204 0 0
-20.1 6.864407 4.909091 204 0 0
-20.1 6.864407 5.454545 204 0 0
-20.1 6.864407 6.0 204 0 0
-20.1 7.372881 0.0 204 0 0
-20.1 7.372881 0.545455 204 0 0
-20.1 7.372881 1.090909 204 0 0
-20.1 7.372881 1.636364 204 0 0
-20.1 7.372881 2.181818 204 0 0
-20.1 7.372881 2.727273 204 0 0
-20.1 7.372881 3.272727 204 0 0
-20.1 7.372881 3.818182 204 0 0
-20.1 7.372881 4.363636 204 0 0
-20.1 7.372881 4.909091 204 0 0
-20.1 7.372881 5.454545 204 0 0
-20.1 7.372881 6.0 204 0 0
-20.1 7.881356 0.0 204 0 0
-20.1 7.881356 0.545455 204 0 0
-20.1 7.881356 1.090909 204 0 0
-20.1 7.881356 1.636364 204 0 0
-20.1 7.881356 2.181818 204 0 0
-20.1 7.881356 2.727273 204 0 0
-20.1 7.881356 3.272727 204 0 0
-20.1 7.881356 3.818182 204 0 0
-20.1 7.881356 4.363636 204 0 0
-20.1 7.881356 4.909091 204 0 0
-20.1 7.881356 5.454545 204 0 0
-20.1 7.881356 6.0 204 0 0
-20.1 8.389831 0.0 204 0 0
-20.1 8.389831 0.545455 204 0 0
-20.1 8.389831 1.090909 204 0 0
-20.1 8.389831 1.636364 204 0 0
-20.1 8.389831 2.181818 204 0 0
-20.1 8.389831 2.727273 204 0 0
-20.1 8.389831 3.272727 204 0 0
-20.1 8.389831 3.818182 204 0 0
-20.1 8.389831 4.363636 204 0 0
-20.1 8.389831 4.909091 204 0 0
-20.1 8.389831 5.454545 204 0 0
-20.1 8.389831 6.0 204 0 0
-20.1 8.898305 0.0 204 0 0
-20.1 8.898305 0.545455 204 0 0
-20.1 8.898305 1.090909 204 0 0
-20.1 8.898305 1.636364 204 0 0
-20.1 8.898305 2.181818 204 0 0
-20.1 8.898305 2.727273 204 0 0
-20.1 8.898305 3.272727 204 0 0
-20.1 8.898305 3.818182 204 0 0
-20.1 8.898305 4.363636 204 0 0
-20.1 8.898305 4.909091 204 0 0
-20.1 8.898305 5.454545 204 0 0
-20.1 8.898305 6.0 204 0 0
-20.1 9.40678 0.0 204 0 0
-20.1 9.40678 0.545455 204 0 0
-20.1 9.40678 1.090909 204 0 0
-20.1 9.40678 1.636364 204 0 0
-20.1 9.40678 2.181818 204 0 0
-20.1 9.40678 2.727273 204 0 0
-20.1 9.40678 3.272727 204 0 0
-20.1 9.40678 3.818182 204 0 0
-20.1 9.40678 4.363636 204 0 0
-20.1 9.40678 4.909091 204 0 0
-20.1 9.40678 5.454545 204 0 0
-20.1 9.40678 6.0 204 0 0
-20.1 9.915254 0.0 204 0 0
-20.1 9.915254 0.545455 204 0 0
-20.1 9.915254 1.090909 204 0 0
-20.1 9.915254 1.636364 204 0 0
-20.1 9.915254 2.181818 204 0 0
-20.1 9.915254 2.727273 204 0 0
-20.1 9.915254 3.272727 204 0 0
-20.1 9.915254 3.818182 204 0 0
-20.1 9.915254 4.363636 204 0 0
-20.1 9.915254 4.909091 204 0 0
-20.1 9.915254 5.454545 204 0 0
-20.1 9.915254 6.0 204 0 0
-20.1 10.423729 0.0 204 0 0
-20.1 10.423729 0.545455 204 0 0
-20.1 10.423729 1.090909 204 0 0
-20.1 10.423729 1.636364 204 0 0
-20.1 10.423729 2.181818 204 0 0
-20.1 10.423729 2.727273 204 0 0
-20.1 10.423729 3.272727 204 0 0
-20.1 10.423729 3.818182 204 0 0
-20.1 10.423729 4.363636 204 0 0
-20.1 10.423729 4.909091 204 0 0
-20.1 10.423729 5.454545 204 0 0
-20.1 10.423729 6.0 204 0 0
-20.1 10.932203 0.0 204 0 0
-20.1 10.932203 0.545455 204 0 0
-20.1 10.932203 1.090909 204 0 0
-20.1 10.932203 1.636364 204 0 0
-20.1 10.932203 2.181818 204 0 0
-20.1 10.932203 2.727273 204 0 0
-20.1 10.932203 3.272727 204 0 0
-20.1 10.932203 3.818182 204 0 0
-20.1 10.932203 4.363636 204 0 0
-20.1 10.932203 4.909091 204 0 0
-20.1 10.932203 5.454545 204 0 0
-20.1 10.932203 6.0 204 0 0
-20.1 11.440678 0.0 204 0 0
-20.1 11.440678 0.545455 204 0 0
-20.1 11.440678 1.090909 204 0 0
-20.1 11.440678 1.636364 204 0 0
-20.1 11.440678 2.181818 204 0 0
-20.1 11.440678 2.727273 204 0 0
-20.1 11.440678 3.272727 204 0 0
-20.1 11.440678 3.818182 204 0 0
-20.1 11.440678 4.363636 204 0 0
-20.1 11.440678 4.909091 204 0 0
-20.1 11.440678 5.454545 204 0 0
-20.1 11.440678 6.0 204 0 0
-20.1 11.949153 0.0 204 0 0
-20.1 11.949153 0.545455 204 0 0
-20.1 11.949153 1.090909 204 0 0
-20.1 11.949153 1.636364 204 0 0
-20.1 11.949153 2.181818 204 0 0
-20.1 11.949153 2.727273 204 0 0
-20.1 11.949153 3.272727 204 0 0
-20.1 11.949153 3.818182 204 0 0
-20.1 11.949153 4.363636 204 0 0
-20.1 11.949153 4.909091 204 0 0
-20.1 11.949153 5.454545 204 0 0
-20.1 11.949153 6.0 204 0 0
-20.1 12.457627 0.0 204 0 0
-20.1 12.457627 0.545455 204 0 0
-20.1 12.457627 1.090909 204 0 0
-20.1 12.457627 1.636364 204 0 0
-20.1 12.457627 2.181818 204 0 0
-20.1 12.457627 2.727273 204 0 0
-20.1 12.457627 3.272727 204 0 0
-20.1 12.457627 3.818182 204 0 0
-20.1 12.457627 4.363636 204 0 0
-20.1 12.457627 4.909091 204 0 0
-20.1 12.457627 5.454545 204 0 0
-20.1 12.457627 6.0 204 0 0
-20.1 12.966102 0.0 204 0 0
-20.1 12.966102 0.545455 204 0 0
-20.1 12.966102 1.090909 204 0 0
-20.1 12.966102 1.636364 204 0 0
-20.1 12.966102 2.181818 204 0 0
-20.1 12.966102 2.727273 204 0 0
-20.1 12.966102 3.272727 204 0 0
-20.1 12.966102 3.818182 204 0 0
-20.1 12.966102 4.363636 204 0 0
-20.1 12.966102 4.909091 204 0 0
-20.1 12.966102 5.454545 204 0 0
-20.1 12.966102 6.0 204 0 0
-20.1 13.474576 0.0 204 0 0
-20.1 13.474576 0.545455 204 0 0
-20.1 13.474576 1.090909 204 0 0
-20.1 13.474576 1.636364 204 0 0
-20.1 13.474576 2.181818 204 0 0
-20.1 13.474576 2.727273 204 0 0
-20.1 13.474576 3.272727 204 0 0
-20.1 13.474576 3.818182 204 0 0
-20.1 13.474576 4.363636 204 0 0
-20.1 13.474576 4.909091 204 0 0
-20.1 13.474576 5.454545 204 0 0
-20.1 13.474576 6.0 204 0 0
-20.1 13.983051 0.0 204 0 0
-20.1 13.983051 0.545455 204 0 0
-20.1 13.983051 1.090909 204 0 0
-20.1 13.983051 1.636364 204 0 0
-20.1 13.983051 2.181818 204 0 0
-20.1 13.983051 2.727273 204 0 0
-20.1 13.983051 3.272727 204 0 0
-20.1 13.983051 3.818182 204 0 0
-20.1 13.983051 4.363636 204 0 0
-20.1 13.983051 4.909091 204 0 0
-20.1 13.983051 5.454545 204 0 0
-20.1 13.983051 6.0 204 0 0
-20.1 14.491525 0.0 204 0 0
-20.1 14.491525 0.545455 204 0 0
-20.1 14.491525 1.090909 204 0 0
-20.1 14.491525 1.636364 204 0 0
-20.1 14.491525 2.181818 204 0 0
-20.1 14.491525 2.727273 204 0 0
-20.1 14.491525 3.272727 204 0 0
-20.1 14.491525 3.818182 204 0 0
-20.1 14.491525 4.363636 204 0 0
-20.1 14.491525 4.909091 204 0 0
-20.1 14.491525 5.454545 204 0 0
-20.1 14.491525 6.0 204 0 0
-20.1 15.0 0.0 204 0 0
-20.1 15.0 0.545455 204 0 0
-20.1 15.0 1.090909 204 0 0
-20.1 15.0 1.636364 204 0 0
-20.1 15.0 2.181818 204 0 0
-20.1 15.0 2.727273 204 0 0
-20.1 15.0 3.272727 204 0 0
-20.1 15.0 3.818182 204 0 0
-20.1 15.0 4.363636 204 0 0
-20.1 15.0 4.909091 204 0 0
-20.1 15.0 5.454545 204 0 0
-20.1 15.0 6.0 204 0 0
-20.1 15.0 0.0 204 0 0
-20.1 15.0 0.545455 204 0 0
-20.1 15.0 1.090909 204 0 0
-20.1 15.0 1.636364 204 0 0
-20.1 15.0 2.181818 204 0 0
-20.1 15.0 2.727273 204 0 0
-20.1 15.0 3.272727 204 0 0
-20.1 15.0 3.818182 204 0 0
-20.1 15.0 4.363636 204 0 0
-20.1 15.0 4.909091 204 0 0
-20.1 15.0 5.454545 204 0 0
-20.1 15.0 6.0 204 0 0
-19.9 15.0 0.0 204 0 0
-19.9 15.0 0.545455 204 0 0
-19.9 15.0 1.090909 204 0 0
-19.9 15.0 1.636364 204 0 0
-19.9 15.0 2.181818 204 0 0
-19.9 15.0 2.727273 204 0 0
-19.9 15.0 3.272727 204 0 0
-19.9 15.0 3.818182 204 0 0
-19.9 15.0 4.363636 204 0 0
-19.9 15.0 4.909091 204 0 0
-19.9 15.0 5.454545 204 0 0
-19.9 15.0 6.0 204 0 0
-20.1 -15.0 0.0 204 0 0
-20.1 -15.0 0.545455 204 0 0
-20.1 -15.0 1.090909 204 0 0
-20.1 -15.0 1.636364 204 0 0
-20.1 -15.0 2.181818 204 0 0
-20.1 -15.0 2.727273 204 0 0
-20.1 -15.0 3.272727 204 0 0
-20.1 -15.0 3.818182 204 0 0
-20.1 -15.0 4.363636 204 0 0
-20.1 -15.0 4.909091 204 0 0
-20.1 -15.0 5.454545 204 0 0
-20.1 -15.0 6.0 204 0 0
-19.9 -15.0 0.0 204 0 0
-19.9 -15.0 0.545455 204 0 0
-19.9 -15.0 1.090909 204 0 0
-19.9 -15.0 1.636364 204 0 0
-19.9 -15.0 2.181818 204 0 0
-19.9 -15.0 2.727273 204 0 0
-19.9 -15.0 3.272727 204 0 0
-19.9 -15.0 3.818182 204 0 0
-19.9 -15.0 4.363636 204 0 0
-19.9 -15.0 4.909091 204 0 0
-19.9 -15.0 5.454545 204 0 0
-19.9 -15.0 6.0 204 0 0
-20.1 -15.0 6.0 204 0 0
-20.1 -14.491525 6.0 204 0 0
-20.1 -13.983051 6.0 204 0 0
-20.1 -13.474576 6.0 204 0 0
-20.1 -12.966102 6.0 204 0 0
-20.1 -12.457627 6.0 204 0 0
-20.1 -11.949153 6.0 204 0 0
-20.1 -11.440678 6.0 204 0 0
-20.1 -10.932203 6.0 204 0 0
-20.1 -10.423729 6.0 204 0 0
-20.1 -9.915254 6.0 204 0 0
-20.1 -9.40678 6.0 204 0 0
-20.1 -8.898305 6.0 204 0 0
-20.1 -8.389831 6.0 204 0 0
-20.1 -7.881356 6.0 204 0 0
-20.1 -7.372881 6.0 204 0 0
-20.1 -6.864407 6.0 204 0 0
-20.1 -6.355932 6.0 204 0 0
-20.1 -5.847458 6.0 204 0 0
-20.1 -5.338983 6.0 204 0 0
-20.1 -4.830508 6.0 204 0 0
-20.1 -4.322034 6.0 204 0 0
-20.1 -3.813559 6.0 204 0 0
-20.1 -3.305085 6.0 204 0 0
-20.1 -2.79661 6.0 204 0 0
-20.1 -2.288136 6.0 204 0 0
-20.1 -1.779661 6.0 204 0 0
-20.1 -1.271186 6.0 204 0 0
-20.1 -0.762712 6.0 204 0 0
-20.1 -0.254237 6.0 204 0 0
-20.1 0.254237 6.0 204 0 0
-20.1 0.762712 6.0 204 0 0
-20.1 1.271186 6.0 204 0 0
-20.1 1.779661 6.0 204 0 0
-20.1 2.288136 6.0 204 0 0
-20.1 2.79661 6.0 204 0 0
-20.1 3.305085 6.0 204 0 0
-20.1 3.813559 6.0 204 0 0
-20.1 4.322034 6.0 204 0 0
-20.1 4.830508 6.0 204 0 0
-20.1 5.338983 6.0 204 0 0
-20.1 5.847458 6.0 204 0 0
-20.1 6.355932 6.0 204 0 0
-20.1 6.864407 6.0 204 0 0
-20.1 7.372881 6.0 204 0 0
-20.1 7.881356 6.0 204 0 0
-20.1 8.389831 6.0 204 0 0
-20.1 8.898305 6.0 204 0 0
-20.1 9.40678 6.0 204 0 0
-20.1 9.915254 6.0 204 0 0
-20.1 10.423729 6.0 204 0 0
-20.1 10.932203 6.0 204 0 0
-20.1 11.440678 6.0 204 0 0
-20.1 11.949153 6.0 204 0 0
-20.1 12.457627 6.0 204 0 0
-20.1 12.966102 6.0 204 0 0
-20.1 13.474576 6.0 204 0 0
-20.1 13.983051 6.0 204 0 0
-20.1 14.491525 6.0 204 0 0
-20.1 15.0 6.0 204 0 0
-19.9 -15.0 6.0 204 0 0
-19.9 -14.491525 6.0 204 0 0
-19.9 -13.983051 6.0 204 0 0
-19.9 -13.474576 6.0 204 0 0
-19.9 -12.966102 6.0 204 0 0
-19.9 -12.457627 6.0 204 0 0
-19.9 -11.949153 6.0 204 0 0
-19.9 -11.440678 6.0 204 0 0
-19.9 -10.932203 6.0 204 0 0
-19.9 -10.423729 6.0 204 0 0
-19.9 -9.915254 6.0 204 0 0
-19.9 -9.40678 6.0 204 0 0
-19.9 -8.898305 6.0 204 0 0
-19.9 -8.389831 6.0 204 0 0
-19.9 -7.881356 6.0 204 0 0
-19.9 -7.372881 6.0 204 0 0
-19.9 -6.864407 6.0 204 0 0
-19.9 -6.355932 6.0 204 0 0
-19.9 -5.847458 6.0 204 0 0
-19.9 -5.338983 6.0 204 0 0
-19.9 -4.830508 6.0 204 0 0
-19.9 -4.322034 6.0 204 0 0
-19.9 -3.813559 6.0 204 0 0
-19.9 -3.305085 6.0 204 0 0
-19.9 -2.79661 6.0 204 0 0
-19.9 -2.288136 6.0 204 0 0
-19.9 -1.779661 6.0 204 0 0
-19.9 -1.271186 6.0 204 0 0
-19.9 -0.762712 6.0 204 0 0
-19.9 -0.254237 6.0 204 0 0
-19.9 0.254237 6.0 204 0 0
-19.9 0.762712 6.0 204 0 0
-19.9 1.271186 6.0 204 0 0
-19.9 1.779661 6.0 204 0 0
-19.9 2.288136 6.0 204 0 0
-19.9 2.79661 6.0 204 0 0
-19.9 3.305085 6.0 204 0 0
-19.9 3.813559 6.0 204 0 0
-19.9 4.322034 6.0 204 0 0
-19.9 4.830508 6.0 204 0 0
-19.9 5.338983 6.0 204 0 0
-19.9 5.847458 6.0 204 0 0
-19.9 6.355932 6.0 204 0 0
-19.9 6.864407 6.0 204 0 0
-19.9 7.372881 6.0 204 0 0
-19.9 7.881356 6.0 204 0 0
-19.9 8.389831 6.0 204 0 0
-19.9 8.898305 6.0 204 0 0
-19.9 9.40678 6.0 204 0 0
-19.9 9.915254 6.0 204 0 0
-19.9 10.423729 6.0 204 0 0
-19.9 10.932203 6.0 204 0 0
-19.9 11.440678 6.0 204 0 0
-19.9 11.949153 6.0 204 0 0
-19.9 12.457627 6.0 204 0 0
-19.9 12.966102 6.0 204 0 0
-19.9 13.474576 6.0 204 0 0
-19.9 13.983051 6.0 204 0 0
-19.9 14.491525 6.0 204 0 0
-19.9 15.0 6.0 204 0 0
-20.1 -15.0 0.0 204 0 0
-20.1 -14.491525 0.0 204 0 0
-20.1 -13.983051 0.0 204 0 0
-20.1 -13.474576 0.0 204 0 0
-20.1 -12.966102 0.0 204 0 0
-20.1 -12.457627 0.0 204 0 0
-20.1 -11.949153 0.0 204 0 0
-20.1 -11.440678 0.0 204 0 0
-20.1 -10.932203 0.0 204 0 0
-20.1 -10.423729 0.0 204 0 0
-20.1 -9.915254 0.0 204 0 0
-20.1 -9.40678 0.0 204 0 0
-20.1 -8.898305 0.0 204 0 0
-20.1 -8.389831 0.0 204 0 0
-20.1 -7.881356 0.0 204 0 0
-20.1 -7.372881 0.0 204 0 0
-20.1 -6.864407 0.0 204 0 0
-20.1 -6.355932 0.0 204 0 0
-20.1 -5.847458 0.0 204 0 0
-20.1 -5.338983 0.0 204 0 0
-20.1 -4.830508 0.0 204 0 0
-20.1 -4.322034 0.0 204 0 0
-20.1 -3.813559 0.0 204 0 0
-20.1 -3.305085 0.0 204 0 0
-20.1 -2.79661 0.0 204 0 0
-20.1 -2.288136 0.0 204 0 0
-20.1 -1.779661 0.0 204 0 0
-20.1 -1.271186 0.0 204 0 0
-20.1 -0.762712 0.0 204 0 0
-20.1 -0.254237 0.0 204 0 0
-20.1 0.254237 0.0 204 0 0
-20.1 0.762712 0.0 204 0 0
-20.1 1.271186 0.0 204 0 0
-20.1 1.779661 0.0 204 0 0
-20.1 2.288136 0.0 204 0 0
-20.1 2.79661 0.0 204 0 0
-20.1 3.305085 0.0 204 0 0
-20.1 3.813559 0.0 204 0 0
-20.1 4.322034 0.0 204 0 0
-20.1 4.830508 0.0 204 0 0
-20.1 5.338983 0.0 204 0 0
-20.1 5.847458 0.0 204 0 0
-20.1 6.355932 0.0 204 0 0
-20.1 6.864407 0.0 204 0 0
-20.1 7.372881 0.0 204 0 0
-20.1 7.881356 0.0 204 0 0
-20.1 8.389831 0.0 204 0 0
-20.1 8.898305 0.0 204 0 0
-20.1 9.40678 0.0 204 0 0
-20.1 9.915254 0.0 204 0 0
-20.1 10.423729 0.0 204 0 0
-20.1 10.932203 0.0 204 0 0
-20.1 11.440678 0.0 204 0 0
-20.1 11.949153 0.0 204 0 0
-20.1 12.457627 0.0 204 0 0
-20.1 12.966102 0.0 204 0 0
-20.1 13.474576 0.0 204 0 0
-20.1 13.983051 0.0 204 0 0
-20.1 14.491525 0.0 204 0 0
-20.1 15.0 0.0 204 0 0
-19.9 -15.0 0.0 204 0 0
-19.9 -14.491525 0.0 204 0 0
-19.9 -13.983051 0.0 204 0 0
-19.9 -13.474576 0.0 204 0 0
-19.9 -12.966102 0.0 204 0 0
-19.9 -12.457627 0.0 204 0 0
-19.9 -11.949153 0.0 204 0 0
-19.9 -11.440678 0.0 204 0 0
-19.9 -10.932203 0.0 204 0 0
-19.9 -10.423729 0.0 204 0 0
-19.9 -9.915254 0.0 204 0 0
-19.9 -9.40678 0.0 204 0 0
-19.9 -8.898305 0.0 204 0 0
-19.9 -8.389831 0.0 204 0 0
-19.9 -7.881356 0.0 204 0 0
-19.9 -7.372881 0.0 204 0 0
-19.9 -6.864407 0.0 204 0 0
-19.9 -6.355932 0.0 204 0 0
-19.9 -5.847458 0.0 204 0 0
-19.9 -5.338983 0.0 204 0 0
-19.9 -4.830508 0.0 204 0 0
-19.9 -4.322034 0.0 204 0 0
-19.9 -3.813559 0.0 204 0 0
-19.9 -3.305085 0.0 204 0 0
-19.9 -2.79661 0.0 204 0 0
-19.9 -2.288136 0.0 204 0 0
-19.9 -1.779661 0.0 204 0 0
-19.9 -1.271186 0.0 204 0 0
-19.9 -0.762712 0.0 204 0 0
-19.9 -0.254237 0.0 204 0 0
-19.9 0.254237 0.0 204 0 0
-19.9 0.762712 0.0 204 0 0
-19.9 1.271186 0.0 204 0 0
-19.9 1.779661 0.0 204 0 0
-19.9 2.288136 0.0 204 0 0
-19.9 2.79661 0.0 204 0 0
-19.9 3.305085 0.0 204 0 0
-19.9 3.813559 0.0 204 0 0
-19.9 4.322034 0.0 204 0 0
-19.9 4.830508 0.0 204 0 0
-19.9 5.338983 0.0 204 0 0
-19.9 5.847458 0.0 204 0 0
-19.9 6.355932 0.0 204 0 0
-19.9 6.864407 0.0 204 0 0
-19.9 7.372881 0.0 204 0 0
-19.9 7.881356 0.0 204 0 0
-19.9 8.389831 0.0 204 0 0
-19.9 8.898305 0.0 204 0 0
-19.9 9.40678 0.0 204 0 0
-19.9 9.915254 0.0 204 0 0
-19.9 10.423729 0.0 204 0 0
-19.9 10.932203 0.0 204 0 0
-19.9 11.440678 0.0 204 0 0
-19.9 11.949153 0.0 204 0 0
-19.9 12.457627 0.0 204 0 0
-19.9 12.966102 0.0 204 0 0
-19.9 13.474576 0.0 204 0 0
-19.9 13.983051 0.0 204 0 0
-19.9 14.491525 0.0 204 0 0
-19.9 15.0 0.0 204 0 0
-11.0 -12.0 0.0 204 0 0
-11.0 -12.0 0.555556 204 0 0
-11.0 -12.0 1.111111 204 0 0
-11.0 -12.0 1.666667 204 0 0
-11.0 -12.0 2.222222 204 0 0
-11.0 -12.0 2.777778 204 0 0
-11.0 -12.0 3.333333 204 0 0
-11.0 -12.0 3.888889 204 0 0
-11.0 -12.0 4.444444 204 0 0
-11.0 -12.0 5.0 204 0 0
-11.0 -11.466667 0.0 204 0 0
-11.0 -11.466667 0.555556 204 0 0
-11.0 -11.466667 1.111111 204 0 0
-11.0 -11.466667 1.666667 204 0 0
-11.0 -11.466667 2.222222 204 0 0
-11.0 -11.466667 2.777778 204 0 0
-11.0 -11.466667 3.333333 204 0 0
-11.0 -11.466667 3.888889 204 0 0
-11.0 -11.466667 4.444444 204 0 0
-11.0 -11.466667 5.0 204 0 0
-11.0 -10.933333 0.0 204 0 0
-11.0 -10.933333 0.555556 204 0 0
-11.0 -10.933333 1.111111 204 0 0
-11.0 -10.933333 1.666667 204 0 0
-11.0 -10.933333 2.222222 204 0 0
-11.0 -10.933333 2.777778 204 0 0
-11.0 -10.933333 3.333333 204 0 0
-11.0 -10.933333 3.888889 204 0 0
-11.0 -10.933333 4.444444 204 0 0
-11.0 -10.933333 5.0 204 0 0
-11.0 -10.4 0.0 204 0 0
-11.0 -10.4 0.555556 204 0 0
-11.0 -10.4 1.111111 204 0 0
-11.0 -10.4 1.666667 204 0 0
-11.0 -10.4 2.222222 204 0 0
-11.0 -10.4 2.777778 204 0 0
-11.0 -10.4 3.333333 204 0 0
-11.0 -10.4 3.888889 204 0 0
-11.0 -10.4 4.444444 204 0 0
-11.0 -10.4 5.0 204 0 0
-11.0 -9.866667 0.0 204 0 0
-11.0 -9.866667 0.555556 204 0 0
-11.0 -9.866667 1.111111 204 0 0
-11.0 -9.866667 1.666667 204 0 0
-11.0 -9.866667 2.222222 204 0 0
-11.0 -9.866667 2.777778 204 0 0
-11.0 -9.866667 3.333333 204 0 0
-11.0 -9.866667 3.888889 204 0 0
-11.0 -9.866667 4.444444 204 0 0
-11.0 -9.866667 5.0 204 0 0
-11.0 -9.333333 0.0 204 0 0
-11.0 -9.333333 0.555556 204 0 0
-11.0 -9.333333 1.111111 204 0 0
-11.0 -9.333333 1.666667 204 0 0
-11.0 -9.333333 2.222222 204 0 0
-11.0 -9.333333 2.777778 204 0 0
-11.0 -9.333333 3.333333 204 0 0
-11.0 -9.333333 3.888889 204 0 0
-11.0 -9.333333 4.444444 204 0 0
-11.0 -9.333333 5.0 204 0 0
-11.0 -8.8 0.0 204 0 0
-11.0 -8.8 0.555556 204 0 0
-11.0 -8.8 1.111111 204 0 0
-11.0 -8.8 1.666667 204 0 0
-11.0 -8.8 2.222222 204 0 0
-11.0 -8.8 2.777778 204 0 0
-11.0 -8.8 3.333333 204 0 0
-11.0 -8.8 3.888889 204 0 0
-11.0 -8.8 4.444444 204 0 0
-11.0 -8.8 5.0 204 0 0
-11.0 -8.266667 0.0 204 0 0
-11.0 -8.266667 0.555556 204 0 0
-11.0 -8.266667 1.111111 204 0 0
-11.0 -8.266667 1.666667 204 0 0
-11.0 -8.266667 2.222222 204 0 0
-11.0 -8.266667 2.777778 204 0 0
-11.0 -8.266667 3.333333 204 0 0
-11.0 -8.266667 3.888889 204 0 0
-11.0 -8.266667 4.444444 204 0 0
-11.0 -8.266667 5.0 204 0 0
-11.0 -7.733333 0.0 204 0 0
-11.0 -7.733333 0.555556 204 0 0
-11.0 -7.733333 1.111111 204 0 0
-11.0 -7.733333 1.666667 204 0 0
-11.0 -7.733333 2.222222 204 0 0
-11.0 -7.733333 2.777778 204 0 0
-11.0 -7.733333 3.333333 204 0 0
-11.0 -7.733333 3.888889 204 0 0
-11.0 -7.733333 4.444444 204 0 0
-11.0 -7.733333 5.0 204 0 0
-11.0 -7.2 0.0 204 0 0
-11.0 -7.2 0.555556 204 0 0
-11.0 -7.2 1.111111 204 0 0
-11.0 -7.2 1.666667 204 0 0
-11.0 -7.2 2.222222 204 0 0
-11.0 -7.2 2.777778 204 0 0
-11.0 -7.2 3.333333 204 0 0
-11.0 -7.2 3.888889 204 0 0
-11.0 -7.2 4.444444 204 0 0
-11.0 -7.2 5.0 204 0 0
-11.0 -6.666667 0.0 204 0 0
-11.0 -6.666667 0.555556 204 0 0
-11.0 -6.666667 1.111111 204 0 0
-11.0 -6.666667 1.666667 204 0 0
-11.0 -6.666667 2.222222 204 0 0
-11.0 -6.666667 2.777778 204 0 0
-11.0 -6.666667 3.333333 204 0 0
-11.0 -6.666667 3.888889 204 0 0
-11.0 -6.666667 4.444444 204 0 0
-11.0 -6.666667 5.0 204 0 0
-11.0 -6.133333 0.0 204 0 0
-11.0 -6.133333 0.555556 204 0 0
-11.0 -6.133333 1.111111 204 0 0
-11.0 -6.133333 1.666667 204 0 0
-11.0 -6.133333 2.222222 204 0 0
-11.0 -6.133333 2.777778 204 0 0
-11.0 -6.133333 3.333333 204 0 0
-11.0 -6.133333 3.888889 204 0 0
-11.0 -6.133333 4.444444 204 0 0
-11.0 -6.133333 5.0 204 0 0
-11.0 -5.6 0.0 204 0 0
-11.0 -5.6 0.555556 204 0 0
-11.0 -5.6 1.111111 204 0 0
-11.0 -5.6 1.666667 204 0 0
-11.0 -5.6 2.222222 204 0 0
-11.0 -5.6 2.777778 204 0 0
-11.0 -5.6 3.333333 204 0 0
-11.0 -5.6 3.888889 204 0 0
-11.0 -5.6 4.444444 204 0 0
-11.0 -5.6 5.0 204 0 0
-11.0 -5.066667 0.0 204 0 0
-11.0 -5.066667 0.555556 204 0 0
-11.0 -5.066667 1.111111 204 0 0
-11.0 -5.066667 1.666667 204 0 0
-11.0 -5.066667 2.222222 204 0 0
-11.0 -5.066667 2.777778 204 0 0
-11.0 -5.066667 3.333333 204 0 0
-11.0 -5.066667 3.888889 204 0 0
-11.0 -5.066667 4.444444 204 0 0
-11.0 -5.066667 5.0 204 0 0
-11.0 -4.533333 0.0 204 0 0
-11.0 -4.533333 0.555556 204 0 0
-11.0 -4.533333 1.111111 204 0 0
-11.0 -4.533333 1.666667 204 0 0
-11.0 -4.533333 2.222222 204 0 0
-11.0 -4.533333 2.777778 204 0 0
-11.0 -4.533333 3.333333 204 0 0
-11.0 -4.533333 3.888889 204 0 0
-11.0 -4.533333 4.444444 204 0 0
-11.0 -4.533333 5.0 204 0 0
-11.0 -4.0 0.0 204 0 0
-11.0 -4.0 0.555556 204 0 0
-11.0 -4.0 1.111111 204 0 0
-11.0 -4.0 1.666667 204 0 0
-11.0 -4.0 2.222222 204 0 0
-11.0 -4.0 2.777778 204 0 0
-11.0 -4.0 3.333333 204 0 0
-11.0 -4.0 3.888889 204 0 0
-11.0 -4.0 4.444444 204 0 0
-11.0 -4.0 5.0 204 0 0
-13.0 -12.0 0.0 204 0 0
-13.0 -12.0 0.555556 204 0 0
-13.0 -12.0 1.111111 204 0 0
-13.0 -12.0 1.666667 204 0 0
-13.0 -12.0 2.222222 204 0 0
-13.0 -12.0 2.777778 204 0 0
-13.0 -12.0 3.333333 204 0 0
-13.0 -12.0 3.888889 204 0 0
-13.0 -12.0 4.444444 204 0 0
-13.0 -12.0 5.0 204 0 0
-13.0 -11.466667 0.0 204 0 0
-13.0 -11.466667 0.555556 204 0 0
-13.0 -11.466667 1.111111 204 0 0
-13.0 -11.466667 1.666667 204 0 0
-13.0 -11.466667 2.222222 204 0 0
-13.0 -11.466667 2.777778 204 0 0
-13.0 -11.466667 3.333333 204 0 0
-13.0 -11.466667 3.888889 204 0 0
-13.0 -11.466667 4.444444 204 0 0
-13.0 -11.466667 5.0 204 0 0
-13.0 -10.933333 0.0 204 0 0
-13.0 -10.933333 0.555556 204 0 0
-13.0 -10.933333 1.111111 204 0 0
-13.0 -10.933333 1.666667 204 0 0
-13.0 -10.933333 2.222222 204 0 0
-13.0 -10.933333 2.777778 204 0 0
-13.0 -10.933333 3.333333 204 0 0
-13.0 -10.933333 3.888889 204 0 0
-13.0 -10.933333 4.444444 204 0 0
-13.0 -10.933333 5.0 204 0 0
-13.0 -10.4 0.0 204 0 0
-13.0 -10.4 0.555556 204 0 0
-13.0 -10.4 1.111111 204 0 0
-13.0 -10.4 1.666667 204 0 0
-13.0 -10.4 2.222222 204 0 0
-13.0 -10.4 2.777778 204 0 0
-13.0 -10.4 3.333333 204 0 0
-13.0 -10.4 3.888889 204 0 0
-13.0 -10.4 4.444444 204 0 0
-13.0 -10.4 5.0 204 0 0
-13.0 -9.866667 0.0 204 0 0
-13.0 -9.866667 0.555556 204 0 0
-13.0 -9.866667 1.111111 204 0 0
-13.0 -9.866667 1.666667 204 0 0
-13.0 -9.866667 2.222222 204 0 0
-13.0 -9.866667 2.777778 204 0 0
-13.0 -9.866667 3.333333 204 0 0
-13.0 -9.866667 3.888889 204 0 0
-13.0 -9.866667 4.444444 204 0 0
-13.0 -9.866667 5.0 204 0 0
-13.0 -9.333333 0.0 204 0 0
-13.0 -9.333333 0.555556 204 0 0
-13.0 -9.333333 1.111111 204 0 0
-13.0 -9.333333 1.666667 204 0 0
-13.0 -9.333333 2.222222 204 0 0
-13.0 -9.333333 2.777778 204 0 0
-13.0 -9.333333 3.333333 204 0 0
-13.0 -9.333333 3.888889 204 0 0
-13.0 -9.333333 4.444444 204 0 0
-13.0 -9.333333 5.0 204 0 0
-13.0 -8.8 0.0 204 0 0
-13.0 -8.8 0.555556 204 0 0
-13.0 -8.8 1.111111 204 0 0
-13.0 -8.8 1.666667 204 0 0
-13.0 -8.8 2.222222 204 0 0
-13.0 -8.8 2.777778 204 0 0
-13.0 -8.8 3.333333 204 0 0
-13.0 -8.8 3.888889 204 0 0
-13.0 -8.8 4.444444 204 0 0
-13.0 -8.8 5.0 204 0 0
-13.0 -8.266667 0.0 204 0 0
-13.0 -8.266667 0.555556 204 0 0
-13.0 -8.266667 1.111111 204 0 0
-13.0 -8.266667 1.666667 204 0 0
-13.0 -8.266667 2.222222 204 0 0
-13.0 -8.266667 2.777778 204 0 0
-13.0 -8.266667 3.333333 204 0 0
-13.0 -8.266667 3.888889 204 0 0
-13.0 -8.266667 4.444444 204 0 0
-13.0 -8.266667 5.0 204 0 0
-13.0 -7.733333 0.0 204 0 0
-13.0 -7.733333 0.555556 204 0 0
-13.0 -7.733333 1.111111 204 0 0
-13.0 -7.733333 1.666667 204 0 0
-13.0 -7.733333 2.222222 204 0 0
-13.0 -7.733333 2.777778 204 0 0
-13.0 -7.733333 3.333333 204 0 0
-13.0 -7.733333 3.888889 204 0 0
-13.0 -7.733333 4.444444 204 0 0
-13.0 -7.733333 5.0 204 0 0
-13.0 -7.2 0.0 204 0 0
-13.0 -7.2 0.555556 204 0 0
-13.0 -7.2 1.111111 204 0 0
-13.0 -7.2 1.666667 204 0 0
-13.0 -7.2 2.222222 204 0 0
-13.0 -7.2 2.777778 204 0 0
-13.0 -7.2 3.333333 204 0 0
-13.0 -7.2 3.888889 204 0 0
-13.0 -7.2 4.444444 204 0 0
-13.0 -7.2 5.0 204 0 0
-13.0 -6.666667 0.0 204 0 0
-13.0 -6.666667 0.555556 204 0 0
-13.0 -6.666667 1.111111 204 0 0
-13.0 -6.666667 1.666667 204 0 0
-13.0 -6.666667 2.222222 204 0 0
-13.0 -6.666667 2.777778 204 0 0
-13.0 -6.666667 3.333333 204 0 0
-13.0 -6.666667 3.888889 204 0 0
-13.0 -6.666667 4.444444 204 0 0
-13.0 -6.666667 5.0 204 0 0
-13.0 -6.133333 0.0 204 0 0
-13.0 -6.133333 0.555556 204 0 0
-13.0 -6.133333 1.111111 204 0 0
-13.0 -6.133333 1.666667 204 0 0
-13.0 -6.133333 2.222222 204 0 0
-13.0 -6.133333 2.777778 204 0 0
-13.0 -6.133333 3.333333 204 0 0
-13.0 -6.133333 3.888889 204 0 0
-13.0 -6.133333 4.444444 204 0 0
-13.0 -6.133333 5.0 204 0 0
-13.0 -5.6 0.0 204 0 0
-13.0 -5.6 0.555556 204 0 0
-13.0 -5.6 1.111111 204 0 0
-13.0 -5.6 1.666667 204 0 0
-13.0 -5.6 2.222222 204 0 0
-13.0 -5.6 2.777778 204 0 0
-13.0 -5.6 3.333333 204 0 0
-13.0 -5.6 3.888889 204 0 0
-13.0 -5.6 4.444444 204 0 0
-13.0 -5.6 5.0 204 0 0
-13.0 -5.066667 0.0 204 0 0
-13.0 -5.066667 0.555556 204 0 0
-13.0 -5.066667 1.111111 204 0 0
-13.0 -5.066667 1.666667 204 0 0
-13.0 -5.066667 2.222222 204 0 0
-13.0 -5.066667 2.777778 204 0 0
-13.0 -5.066667 3.333333 204 0 0
-13.0 -5.066667 3.888889 204 0 0
-13.0 -5.066667 4.444444 204 0 0
-13.0 -5.066667 5.0 204 0 0
-13.0 -4.533333 0.0 204 0 0
-13.0 -4.533333 0.555556 204 0 0
-13.0 -4.533333 1.111111 204 0 0
-13.0 -4.533333 1.666667 204 0 0
-13.0 -4.533333 2.222222 204 0 0
-13.0 -4.533333 2.777778 204 0 0
-13.0 -4.533333 3.333333 204 0 0
-13.0 -4.533333 3.888889 204 0 0
-13.0 -4.533333 4.444444 204 0 0
-13.0 -4.533333 5.0 204 0 0
-13.0 -4.0 0.0 204 0 0
-13.0 -4.0 0.555556 204 0 0
-13.0 -4.0 1.111111 204 0 0
-13.0 -4.0 1.666667 204 0 0
-13.0 -4.0 2.222222 204 0 0
-13.0 -4.0 2.777778 204 0 0
-13.0 -4.0 3.333333 204 0 0
-13.0 -4.0 3.888889 204 0 0
-13.0 -4.0 4.444444 204 0 0
-13.0 -4.0 5.0 204 0 0
-13.0 -4.0 0.0 204 0 0
-13.0 -4.0 0.555556 204 0 0
-13.0 -4.0 1.111111 204 0 0
-13.0 -4.0 1.666667 204 0 0
-13.0 -4.0 2.222222 204 0 0
-13.0 -4.0 2.777778 204 0 0
-13.0 -4.0 3.333333 204 0 0
-13.0 -4.0 3.888889 204 0 0
-13.0 -4.0 4.444444 204 0 0
-13.0 -4.0 5.0 204 0 0
-12.333333 -4.0 0.0 204 0 0
-12.333333 -4.0 0.555556 204 0 0
-12.333333 -4.0 1.111111 204 0 0
-12.333333 -4.0 1.666667 204 0 0
-12.333333 -4.0 2.222222 204 0 0
-12.333333 -4.0 2.777778 204 0 0
-12.333333 -4.0 3.333333 204 0 0
-12.333333 -4.0 3.888889 204 0 0
-12.333333 -4.0 4.444444 204 0 0
-12.333333 -4.0 5.0 204 0 0
-11.666667 -4.0 0.0 204 0 0
-11.666667 -4.0 0.555556 204 0 0
-11.666667 -4.0 1.111111 204 0 0
-11.666667 -4.0 1.666667 204 0 0
-11.666667 -4.0 2.222222 204 0 0
-11.666667 -4.0 2.777778 204 0 0
-11.666667 -4.0 3.333333 204 0 0
-11.666667 -4.0 3.888889 204 0 0
-11.666667 -4.0 4.444444 204 0 0
-11.666667 -4.0 5.0 204 0 0
-11.0 -4.0 0.0 204 0 0
-11.0 -4.0 0.555556 204 0 0
-11.0 -4.0 1.111111 204 0 0
-11.0 -4.0 1.666667 204 0 0
-11.0 -4.0 2.222222 204 0 0
-11.0 -4.0 2.777778 204 0 0
-11.0 -4.0 3.333333 204 0 0
-11.0 -4.0 3.888889 204 0 0
-11.0 -4.0 4.444444 204 0 0
-11.0 -4.0 5.0 204 0 0
-13.0 -12.0 0.0 204 0 0
-13.0 -12.0 0.555556 204 0 0
-13.0 -12.0 1.111111 204 0 0
-13.0 -12.0 1.666667 204 0 0
-13.0 -12.0 2.222222 204 0 0
-13.0 -12.0 2.777778 204 0 0
-13.0 -12.0 3.333333 204 0 0
-13.0 -12.0 3.888889 204 0 0
-13.0 -12.0 4.444444 204 0 0
-13.0 -12.0 5.0 204 0 0
-12.333333 -12.0 0.0 204 0 0
-12.333333 -12.0 0.555556 204 0 0
-12.333333 -12.0 1.111111 204 0 0
-12.333333 -12.0 1.666667 204 0 0
-12.333333 -12.0 2.222222 204 0 0
-12.333333 -12.0 2.777778 204 0 0
-12.333333 -12.0 3.333333 204 0 0
-12.333333 -12.0 3.888889 204 0 0
-12.333333 -12.0 4.444444 204 0 0
-12.333333 -12.0 5.0 204 0 0
-11.666667 -12.0 0.0 204 0 0
-11.666667 -12.0 0.555556 204 0 0
-11.666667 -12.0 1.111111 204 0 0
-11.666667 -12.0 1.666667 204 0 0
-11.666667 -12.0 2.222222 204 0 0
-11.666667 -12.0 2.777778 204 0 0
-11.666667 -12.0 3.333333 204 0 0
-11.666667 -12.0 3.888889 204 0 0
-11.666667 -12.0 4.444444 204 0 0
-11.666667 -12.0 5.0 204 0 0
-11.0 -12.0 0.0 204 0 0
-11.0 -12.0 0.555556 204 0 0
-11.0 -12.0 1.111111 204 0 0
-11.0 -12.0 1.666667 204 0 0
-11.0 -12.0 2.222222 204 0 0
-11.0 -12.0 2.777778 204 0 0
-11.0 -12.0 3.333333 204 0 0
-11.0 -12.0 3.888889 204 0 0
-11.0 -12.0 4.444444 204 0 0
-11.0 -12.0 5.0 204 0 0
-13.0 -12.0 5.0 204 0 0
-13.0 -11.466667 5.0 204 0 0
-13.0 -10.933333 5.0 204 0 0
-13.0 -10.4 5.0 204 0 0
-13.0 -9.866667 5.0 204 0 0
-13.0 -9.333333 5.0 204 0 0
-13.0 -8.8 5.0 204 0 0
-13.0 -8.266667 5.0 204 0 0
-13.0 -7.733333 5.0 204 0 0
-13.0 -7.2 5.0 204 0 0
-13.0 -6.666667 5.0 204 0 0
-13.0 -6.133333 5.0 204 0 0
-13.0 -5.6 5.0 204 0 0
-13.0 -5.066667 5.0 204 0 0
-13.0 -4.533333 5.0 204 0 0
-13.0 -4.0 5.0 204 0 0
-12.333333 -12.0 5.0 204 0 0
-12.333333 -11.466667 5.0 204 0 0
-12.333333 -10.933333 5.0 204 0 0
-12.333333 -10.4 5.0 204 0 0
-12.333333 -9.866667 5.0 204 0 0
-12.333333 -9.333333 5.0 204 0 0
-12.333333 -8.8 5.0 204 0 0
-12.333333 -8.266667 5.0 204 0 0
-12.333333 -7.733333 5.0 204 0 0
-12.333333 -7.2 5.0 204 0 0
-12.333333 -6.666667 5.0 204 0 0
-12.333333 -6.133333 5.0 204 0 0
-12.333333 -5.6 5.0 204 0 0
-12.333333 -5.066667 5.0 204 0 0
-12.333333 -4.533333 5.0 204 0 0
-12.333333 -4.0 5.0 204 0 0
-11.666667 -12.0 5.0 204 0 0
-11.666667 -11.466667 5.0 204 0 0
-11.666667 -10.933333 5.0 204 0 0
-11.666667 -10.4 5.0 204 0 0
-11.666667 -9.866667 5.0 204 0 0
-11.666667 -9.333333 5.0 204 0 0
-11.666667 -8.8 5.0 204 0 0
-11.666667 -8.266667 5.0 204 0 0
-11.666667 -7.733333 5.0 204 0 0
-11.666667 -7.2 5.0 204 0 0
-11.666667 -6.666667 5.0 204 0 0
-11.666667 -6.133333 5.0 204 0 0
-11.666667 -5.6 5.0 204 0 0
-11.666667 -5.066667 5.0 204 0 0
-11.666667 -4.533333 5.0 204 0 0
-11.666667 -4.0 5.0 204 0 0
-11.0 -12.0 5.0 204 0 0
-11.0 -11.466667 5.0 204 0 0
-11.0 -10.933333 5.0 204 0 0
-11.0 -10.4 5.0 204 0 0
-11.0 -9.866667 5.0 204 0 0
-11.0 -9.333333 5.0 204 0 0
-11.0 -8.8 5.0 204 0 0
-11.0 -8.266667 5.0 204 0 0
-11.0 -7.733333 5.0 204 0 0
-11.0 -7.2 5.0 204 0 0
-11.0 -6.666667 5.0 204 0 0
-11.0 -6.133333 5.0 204 0 0
-11.0 -5.6 5.0 204 0 0
-11.0 -5.066667 5.0 204 0 0
-11.0 -4.533333 5.0 204 0 0
-11.0 -4.0 5.0 204 0 0
-13.0 -12.0 0.0 204 0 0
-13.0 -11.466667 0.0 204 0 0
-13.0 -10.933333 0.0 204 0 0
-13.0 -10.4 0.0 204 0 0
-13.0 -9.866667 0.0 204 0 0
-13.0 -9.333333 0.0 204 0 0
-13.0 -8.8 0.0 204 0 0
-13.0 -8.266667 0.0 204 0 0
-13.0 -7.733333 0.0 204 0 0
-13.0 -7.2 0.0 204 0 0
-13.0 -6.666667 0.0 204 0 0
-13.0 -6.133333 0.0 204 0 0
-13.0 -5.6 0.0 204 0 0
-13.0 -5.066667 0.0 204 0 0
-13.0 -4.533333 0.0 204 0 0
-13.0 -4.0 0.0 204 0 0
-12.333333 -12.0 0.0 204 0 0
-12.333333 -11.466667 0.0 204 0 0
-12.333333 -10.933333 0.0 204 0 0
-12.333333 -10.4 0.0 204 0 0
-12.333333 -9.866667 0.0 204 0 0
-12.333333 -9.333333 0.0 204 0 0
-12.333333 -8.8 0.0 204 0 0
-12.333333 -8.266667 0.0 204 0 0
-12.333333 -7.733333 0.0 204 0 0
-12.333333 -7.2 0.0 204 0 0
-12.333333 -6.666667 0.0 204 0 0
-12.333333 -6.133333 0.0 204 0 0
-12.333333 -5.6 0.0 204 0 0
-12.333333 -5.066667 0.0 204 0 0
-12.333333 -4.533333 0.0 204 0 0
-12.333333 -4.0 0.0 204 0 0
-11.666667 -12.0 0.0 204 0 0
-11.666667 -11.466667 0.0 204 0 0
-11.666667 -10.933333 0.0 204 0 0
-11.666667 -10.4 0.0 204 0 0
-11.666667 -9.866667 0.0 204 0 0
-11.666667 -9.333333 0.0 204 0 0
-11.666667 -8.8 0.0 204 0 0
-11.666667 -8.266667 0.0 204 0 0
-11.666667 -7.733333 0.0 204 0 0
-11.666667 -7.2 0.0 204 0 0
-11.666667 -6.666667 0.0 204 0 0
-11.666667 -6.133333 0.0 204 0 0
-11.666667 -5.6 0.0 204 0 0
-11.666667 -5.066667 0.0 204 0 0
-11.666667 -4.533333 0.0 204 0 0
-11.666667 -4.0 0.0 204 0 0
-11.0 -12.0 0.0 204 0 0
-11.0 -11.466667 0.0 204 0 0
-11.0 -10.933333 0.0 204 0 0
-11.0 -10.4 0.0 204 0 0
-11.0 -9.866667 0.0 204 0 0
-11.0 -9.333333 0.0 204 0 0
-11.0 -8.8 0.0 204 0 0
-11.0 -8.266667 0.0 204 0 0
-11.0 -7.733333 0.0 204 0 0
-11.0 -7.2 0.0 204 0 0
-11.0 -6.666667 0.0 204 0 0
-11.0 -6.133333 0.0 204 0 0
-11.0 -5.6 0.0 204 0 0
-11.0 -5.066667 0.0 204 0 0
-11.0 -4.533333 0.0 204 0 0
-11.0 -4.0 0.0 204 0 0
-11.0 -1.0 0.0 204 0 0
-11.0 -1.0 0.555556 204 0 0
-11.0 -1.0 1.111111 204 0 0
-11.0 -1.0 1.666667 204 0 0
-11.0 -1.0 2.222222 204 0 0
-11.0 -1.0 2.777778 204 0 0
-11.0 -1.0 3.333333 204 0 0
-11.0 -1.0 3.888889 204 0 0
-11.0 -1.0 4.444444 204 0 0
-11.0 -1.0 5.0 204 0 0
-11.0 -0.466667 0.0 204 0 0
-11.0 -0.466667 0.555556 204 0 0
-11.0 -0.466667 1.111111 204 0 0
-11.0 -0.466667 1.666667 204 0 0
-11.0 -0.466667 2.222222 204 0 0
-11.0 -0.466667 2.777778 204 0 0
-11.0 -0.466667 3.333333 204 0 0
-11.0 -0.466667 3.888889 204 0 0
-11.0 -0.466667 4.444444 204 0 0
-11.0 -0.466667 5.0 204 0 0
-11.0 0.066667 0.0 204 0 0
-11.0 0.066667 0.555556 204 0 0
-11.0 0.066667 1.111111 204 0 0
-11.0 0.066667 1.666667 204 0 0
-11.0 0.066667 2.222222 204 0 0
-11.0 0.066667 2.777778 204 0 0
-11.0 0.066667 3.333333 204 0 0
-11.0 0.066667 3.888889 204 0 0
-11.0 0.066667 4.444444 204 0 0
-11.0 0.066667 5.0 204 0 0
-11.0 0.6 0.0 204 0 0
-11.0 0.6 0.555556 204 0 0
-11.0 0.6 1.111111 204 0 0
-11.0 0.6 1.666667 204 0 0
-11.0 0.6 2.222222 204 0 0
-11.0 0.6 2.777778 204 0 0
-11.0 0.6 3.333333 204 0 0
-11.0 0.6 3.888889 204 0 0
-11.0 0.6 4.444444 204 0 0
-11.0 0.6 5.0 204 0 0
-11.0 1.133333 0.0 204 0 0
-11.0 1.133333 0.555556 204 0 0
-11.0 1.133333 1.111111 204 0 0
-11.0 1.133333 1.666667 204 0 0
-11.0 1.133333 2.222222 204 0 0
-11.0 1.133333 2.777778 204 0 0
-11.0 1.133333 3.333333 204 0 0
-11.0 1.133333 3.888889 204 0 0
-11.0 1.133333 4.444444 204 0 0
-11.0 1.133333 5.0 204 0 0
-11.0 1.666667 0.0 204 0 0
-11.0 1.666667 0.555556 204 0 0
-11.0 1.666667 1.111111 204 0 0
-11.0 1.666667 1.666667 204 0 0
-11.0 1.666667 2.222222 204 0 0
-11.0 1.666667 2.777778 204 0 0
-11.0 1.666667 3.333333 204 0 0
-11.0 1.666667 3.888889 204 0 0
-11.0 1.666667 4.444444 204 0 0
-11.0 1.666667 5.0 204 0 0
-11.0 2.2 0.0 204 0 0
-11.0 2.2 0.555556 204 0 0
-11.0 2.2 1.111111 204 0 0
-11.0 2.2 1.666667 204 0 0
-11.0 2.2 2.222222 204 0 0
-11.0 2.2 2.777778 204 0 0
-11.0 2.2 3.333333 204 0 0
-11.0 2.2 3.888889 204 0 0
-11.0 2.2 4.444444 204 0 0
-11.0 2.2 5.0 204 0 0
-11.0 2.733333 0.0 204 0 0
-11.0 2.733333 0.555556 204 0 0
-11.0 2.733333 1.111111 204 0 0
-11.0 2.733333 1.666667 204 0 0
-11.0 2.733333 2.222222 204 0 0
-11.0 2.733333 2.777778 204 0 0
-11.0 2.733333 3.333333 204 0 0
-11.0 2.733333 3.888889 204 0 0
-11.0 2.733333 4.444444 204 0 0
-11.0 2.733333 5.0 204 0 0
-11.0 3.266667 0.0 204 0 0
-11.0 3.266667 0.555556 204 0 0
-11.0 3.266667 1.111111 204 0 0
-11.0 3.266667 1.666667 204 0 0
-11.0 3.266667 2.222222 204 0 0
-11.0 3.266667 2.777778 204 0 0
-11.0 3.266667 3.333333 204 0 0
-11.0 3.266667 3.888889 204 0 0
-11.0 3.266667 4.444444 204 0 0
-11.0 3.266667 5.0 204 0 0
-11.0 3.8 0.0 204 0 0
-11.0 3.8 0.555556 204 0 0
-11.0 3.8 1.111111 204 0 0
-11.0 3.8 1.666667 204 0 0
-11.0 3.8 2.222222 204 0 0
-11.0 3.8 2.777778 204 0 0
-11.0 3.8 3.333333 204 0 0
-11.0 3.8 3.888889 204 0 0
-11.0 3.8 4.444444 204 0 0
-11.0 3.8 5.0 204 0 0
-11.0 4.333333 0.0 204 0 0
-11.0 4.333333 0.555556 204 0 0
-11.0 4.333333 1.111111 204 0 0
-11.0 4.333333 1.666667 204 0 0
-11.0 4.333333 2.222222 204 0 0
-11.0 4.333333 2.777778 204 0 0
-11.0 4.333333 3.333333 204 0 0
-11.0 4.333333 3.888889 204 0 0
-11.0 4.333333 4.444444 204 0 0
-11.0 4.333333 5.0 204 0 0
-11.0 4.866667 0.0 204 0 0
-11.0 4.866667 0.555556 204 0 0
-11.0 4.866667 1.111111 204 0 0
-11.0 4.866667 1.666667 204 0 0
-11.0 4.866667 2.222222 204 0 0
-11.0 4.866667 2.777778 204 0 0
-11.0 4.866667 3.333333 204 0 0
-11.0 4.866667 3.888889 204 0 0
-11.0 4.866667 4.444444 204 0 0
-11.0 4.866667 5.0 204 0 0
-11.0 5.4 0.0 204 0 0
-11.0 5.4 0.555556 204 0 0
-11.0 5.4 1.111111 204 0 0
-11.0 5.4 1.666667 204 0 0
-11.0 5.4 2.222222 204 0 0
-11.0 5.4 2.777778 204 0 0
-11.0 5.4 3.333333 204 0 0
-11.0 5.4 3.888889 204 0 0
-11.0 5.4 4.444444 204 0 0
-11.0 5.4 5.0 204 0 0
-11.0 5.933333 0.0 204 0 0
-11.0 5.933333 0.555556 204 0 0
-11.0 5.933333 1.111111 204 0 0
-11.0 5.933333 1.666667 204 0 0
-11.0 5.933333 2.222222 204 0 0
-11.0 5.933333 2.777778 204 0 0
-11.0 5.933333 3.333333 204 0 0
-11.0 5.933333 3.888889 204 0 0
-11.0 5.933333 4.444444 204 0 0
-11.0 5.933333 5.0 204 0 0
-11.0 6.466667 0.0 204 0 0
-11.0 6.466667 0.555556 204 0 0
-11.0 6.466667 1.111111 204 0 0
-11.0 6.466667 1.666667 204 0 0
-11.0 6.466667 2.222222 204 0 0
-11.0 6.466667 2.777778 204 0 0
-11.0 6.466667 3.333333 204 0 0
-11.0 6.466667 3.888889 204 0 0
-11.0 6.466667 4.444444 204 0 0
-11.0 6.466667 5.0 204 0 0
-11.0 7.0 0.0 204 0 0
-11.0 7.0 0.555556 204 0 0
-11.0 7.0 1.111111 204 0 0
-11.0 7.0 1.666667 204 0 0
-11.0 7.0 2.222222 204 0 0
-11.0 7.0 2.777778 204 0 0
-11.0 7.0 3.333333 204 0 0
-11.0 7.0 3.888889 204 0 0
-11.0 7.0 4.444444 204 0 0
-11.0 7.0 5.0 204 0 0
-13.0 -1.0 0.0 204 0 0
-13.0 -1.0 0.555556 204 0 0
-13.0 -1.0 1.111111 204 0 0
-13.0 -1.0 1.666667 204 0 0
-13.0 -1.0 2.222222 204 0 0
-13.0 -1.0 2.777778 204 0 0
-13.0 -1.0 3.333333 204 0 0
-13.0 -1.0 3.888889 204 0 0
-13.0 -1.0 4.444444 204 0 0
-13.0 -1.0 5.0 204 0 0
-13.0 -0.466667 0.0 204 0 0
-13.0 -0.466667 0.555556 204 0 0
-13.0 -0.466667 1.111111 204 0 0
-13.0 -0.466667 1.666667 204 0 0
-13.0 -0.466667 2.222222 204 0 0
-13.0 -0.466667 2.777778 204 0 0
-13.0 -0.466667 3.333333 204 0 0
-13.0 -0.466667 3.888889 204 0 0
-13.0 -0.466667 4.444444 204 0 0
-13.0 -0.466667 5.0 204 0 0
-13.0 0.066667 0.0 204 0 0
-13.0 0.066667 0.555556 204 0 0
-13.0 0.066667 1.111111 204 0 0
-13.0 0.066667 1.666667 204 0 0
-13.0 0.066667 2.222222 204 0 0
-13.0 0.066667 2.777778 204 0 0
-13.0 0.066667 3.333333 204 0 0
-13.0 0.066667 3.888889 204 0 0
-13.0 0.066667 4.444444 204 0 0
-13.0 0.066667 5.0 204 0 0
-13.0 0.6 0.0 204 0 0
-13.0 0.6 0.555556 204 0 0
-13.0 0.6 1.111111 204 0 0
-13.0 0.6 1.666667 204 0 0
-13.0 0.6 2.222222 204 0 0
-13.0 0.6 2.777778 204 0 0
-13.0 0.6 3.333333 204 0 0
-13.0 0.6 3.888889 204 0 0
-13.0 0.6 4.444444 204 0 0
-13.0 0.6 5.0 204 0 0
-13.0 1.133333 0.0 204 0 0
-13.0 1.133333 0.555556 204 0 0
-13.0 1.133333 1.111111 204 0 0
-13.0 1.133333 1.666667 204 0 0
-13.0 1.133333 2.222222 204 0 0
-13.0 1.133333 2.777778 204 0 0
-13.0 1.133333 3.333333 204 0 0
-13.0 1.133333 3.888889 204 0 0
-13.0 1.133333 4.444444 204 0 0
-13.0 1.133333 5.0 204 0 0
-13.0 1.666667 0.0 204 0 0
-13.0 1.666667 0.555556 204 0 0
-13.0 1.666667 1.111111 204 0 0
-13.0 1.666667 1.666667 204 0 0
-13.0 1.666667 2.222222 204 0 0
-13.0 1.666667 2.777778 204 0 0
-13.0 1.666667 3.333333 204 0 0
-13.0 1.666667 3.888889 204 0 0
-13.0 1.666667 4.444444 204 0 0
-13.0 1.666667 5.0 204 0 0
-13.0 2.2 0.0 204 0 0
-13.0 2.2 0.555556 204 0 0
-13.0 2.2 1.111111 204 0 0
-13.0 2.2 1.666667 204 0 0
-13.0 2.2 2.222222 204 0 0
-13.0 2.2 2.777778 204 0 0
-13.0 2.2 3.333333 204 0 0
-13.0 2.2 3.888889 204 0 0
-13.0 2.2 4.444444 204 0 0
-13.0 2.2 5.0 204 0 0
-13.0 2.733333 0.0 204 0 0
-13.0 2.733333 0.555556 204 0 0
-13.0 2.733333 1.111111 204 0 0
-13.0 2.733333 1.666667 204 0 0
-13.0 2.733333 2.222222 204 0 0
-13.0 2.733333 2.777778 204 0 0
-13.0 2.733333 3.333333 204 0 0
-13.0 2.733333 3.888889 204 0 0
-13.0 2.733333 4.444444 204 0 0
-13.0 2.733333 5.0 204 0 0
-13.0 3.266667 0.0 204 0 0
-13.0 3.266667 0.555556 204 0 0
-13.0 3.266667 1.111111 204 0 0
-13.0 3.266667 1.666667 204 0 0
-13.0 3.266667 2.222222 204 0 0
-13.0 3.266667 2.777778 204 0 0
-13.0 3.266667 3.333333 204 0 0
-13.0 3.266667 3.888889 204 0 0
-13.0 3.266667 4.444444 204 0 0
-13.0 3.266667 5.0 204 0 0
-13.0 3.8 0.0 204 0 0
-13.0 3.8 0.555556 204 0 0
-13.0 3.8 1.111111 204 0 0
-13.0 3.8 1.666667 204 0 0
-13.0 3.8 2.222222 204 0 0
-13.0 3.8 2.777778 204 0 0
-13.0 3.8 3.333333 204 0 0
-13.0 3.8 3.888889 204 0 0
-13.0 3.8 4.444444 204 0 0
-13.0 3.8 5.0 204 0 0
-13.0 4.333333 0.0 204 0 0
-13.0 4.333333 0.555556 204 0 0
-13.0 4.333333 1.111111 204 0 0
-13.0 4.333333 1.666667 204 0 0
-13.0 4.333333 2.222222 204 0 0
-13.0 4.333333 2.777778 204 0 0
-13.0 4.333333 3.333333 204 0 0
-13.0 4.333333 3.888889 204 0 0
-13.0 4.333333 4.444444 204 0 0
-13.0 4.333333 5.0 204 0 0
-13.0 4.866667 0.0 204 0 0
-13.0 4.866667 0.555556 204 0 0
-13.0 4.866667 1.111111 204 0 0
-13.0 4.866667 1.666667 204 0 0
-13.0 4.866667 2.222222 204 0 0
-13.0 4.866667 2.777778 204 0 0
-13.0 4.866667 3.333333 204 0 0
-13.0 4.866667 3.888889 204 0 0
-13.0 4.866667 4.444444 204 0 0
-13.0 4.866667 5.0 204 0 0
-13.0 5.4 0.0 204 0 0
-13.0 5.4 0.555556 204 0 0
-13.0 5.4 1.111111 204 0 0
-13.0 5.4 1.666667 204 0 0
-13.0 5.4 2.222222 204 0 0
-13.0 5.4 2.777778 204 0 0
-13.0 5.4 3.333333 204 0 0
-13.0 5.4 3.888889 204 0 0
-13.0 5.4 4.444444 204 0 0
-13.0 5.4 5.0 204 0 0
-13.0 5.933333 0.0 204 0 0
-13.0 5.933333 0.555556 204 0 0
-13.0 5.933333 1.111111 204 0 0
-13.0 5.933333 1.666667 204 0 0
-13.0 5.933333 2.222222 204 0 0
-13.0 5.933333 2.777778 204 0 0
-13.0 5.933333 3.333333 204 0 0
-13.0 5.933333 3.888889 204 0 0
-13.0 5.933333 4.444444 204 0 0
-13.0 5.933333 5.0 204 0 0
-13.0 6.466667 0.0 204 0 0
-13.0 6.466667 0.555556 204 0 0
-13.0 6.466667 1.111111 204 0 0
-13.0 6.466667 1.666667 204 0 0
-13.0 6.466667 2.222222 204 0 0
-13.0 6.466667 2.777778 204 0 0
-13.0 6.466667 3.333333 204 0 0
-13.0 6.466667 3.888889 204 0 0
-13.0 6.466667 4.444444 204 0 0
-13.0 6.466667 5.0 204 0 0
-13.0 7.0 0.0 204 0 0
-13.0 7.0 0.555556 204 0 0
-13.0 7.0 1.111111 204 0 0
-13.0 7.0 1.666667 204 0 0
-13.0 7.0 2.222222 204 0 0
-13.0 7.0 2.777778 204 0 0
-13.0 7.0 3.333333 204 0 0
-13.0 7.0 3.888889 204 0 0
-13.0 7.0 4.444444 204 0 0
-13.0 7.0 5.0 204 0 0
-13.0 7.0 0.0 204 0 0
-13.0 7.0 0.555556 204 0 0
-13.0 7.0 1.111111 204 0 0
-13.0 7.0 1.666667 204 0 0
-13.0 7.0 2.222222 204 0 0
-13.0 7.0 2.777778 204 0 0
-13.0 7.0 3.333333 204 0 0
-13.0 7.0 3.888889 204 0 0
-13.0 7.0 4.444444 204 0 0
-13.0 7.0 5.0 204 0 0
-12.333333 7.0 0.0 204 0 0
-12.333333 7.0 0.555556 204 0 0
-12.333333 7.0 1.111111 204 0 0
-12.333333 7.0 1.666667 204 0 0
-12.333333 7.0 2.222222 204 0 0
-12.333333 7.0 2.777778 204 0 0
-12.333333 7.0 3.333333 204 0 0
-12.333333 7.0 3.888889 204 0 0
-12.333333 7.0 4.444444 204 0 0
-12.333333 7.0 5.0 204 0 0
-11.666667 7.0 0.0 204 0 0
-11.666667 7.0 0.555556 204 0 0
-11.666667 7.0 1.111111 204 0 0
-11.666667 7.0 1.666667 204 0 0
-11.666667 7.0 2.222222 204 0 0
-11.666667 7.0 2.777778 204 0 0
-11.666667 7.0 3.333333 204 0 0
-11.666667 7.0 3.888889 204 0 0
-11.666667 7.0 4.444444 204 0 0
-11.666667 7.0 5.0 204 0 0
-11.0 7.0 0.0 204 0 0
-11.0 7.0 0.555556 204 0 0
-11.0 7.0 1.111111 204 0 0
-11.0 7.0 1.666667 204 0 0
-11.0 7.0 2.222222 204 0 0
-11.0 7.0 2.777778 204 0 0
-11.0 7.0 3.333333 204 0 0
-11.0 7.0 3.888889 204 0 0
-11.0 7.0 4.444444 204 0 0
-11.0 7.0 5.0 204 0 0
-13.0 -1.0 0.0 204 0 0
-13.0 -1.0 0.555556 204 0 0
-13.0 -1.0 1.111111 204 0 0
-13.0 -1.0 1.666667 204 0 0
-13.0 -1.0 2.222222 204 0 0
-13.0 -1.0 2.777778 204 0 0
-13.0 -1.0 3.333333 204 0 0
-13.0 -1.0 3.888889 204 0 0
-13.0 -1.0 4.444444 204 0 0
-13.0 -1.0 5.0 204 0 0
-12.333333 -1.0 0.0 204 0 0
-12.333333 -1.0 0.555556 204 0 0
-12.333333 -1.0 1.111111 204 0 0
-12.333333 -1.0 1.666667 204 0 0
-12.333333 -1.0 2.222222 204 0 0
-12.333333 -1.0 2.777778 204 0 0
-12.333333 -1.0 3.333333 204 0 0
-12.333333 -1.0 3.888889 204 0 0
-12.333333 -1.0 4.444444 204 0 0
-12.333333 -1.0 5.0 204 0 0
-11.666667 -1.0 0.0 204 0 0
-11.666667 -1.0 0.555556 204 0 0
-11.666667 -1.0 1.111111 204 0 0
-11.666667 -1.0 1.666667 204 0 0
-11.666667 -1.0 2.222222 204 0 0
-11.666667 -1.0 2.777778 204 0 0
-11.666667 -1.0 3.333333 204 0 0
-11.666667 -1.0 3.888889 204 0 0
-11.666667 -1.0 4.444444 204 0 0
-11.666667 -1.0 5.0 204 0 0
-11.0 -1.0 0.0 204 0 0
-11.0 -1.0 0.555556 204 0 0
-11.0 -1.0 1.111111 204 0 0
-11.0 -1.0 1.666667 204 0 0
-11.0 -1.0 2.222222 204 0 0
-11.0 -1.0 2.777778 204 0 0
-11.0 -1.0 3.333333 204 0 0
-11.0 -1.0 3.888889 204 0 0
-11.0 -1.0 4.444444 204 0 0
-11.0 -1.0 5.0 204 0 0
-13.0 -1.0 5.0 204 0 0
-13.0 -0.466667 5.0 204 0 0
-13.0 0.066667 5.0 204 0 0
-13.0 0.6 5.0 204 0 0
-13.0 1.133333 5.0 204 0 0
-13.0 1.666667 5.0 204 0 0
-13.0 2.2 5.0 204 0 0
-13.0 2.733333 5.0 204 0 0
-13.0 3.266667 5.0 204 0 0
-13.0 3.8 5.0 204 0 0
-13.0 4.333333 5.0 204 0 0
-13.0 4.866667 5.0 204 0 0
-13.0 5.4 5.0 204 0 0
-13.0 5.933333 5.0 204 0 0
-13.0 6.466667 5.0 204 0 0
-13.0 7.0 5.0 204 0 0
-12.333333 -1.0 5.0 204 0 0
-12.333333 -0.466667 5.0 204 0 0
-12.333333 0.066667 5.0 204 0 0
-12.333333 0.6 5.0 204 0 0
-12.333333 1.133333 5.0 204 0 0
-12.333333 1.666667 5.0 204 0 0
-12.333333 2.2 5.0 204 0 0
-12.333333 2.733333 5.0 204 0 0
-12.333333 3.266667 5.0 204 0 0
-12.333333 3.8 5.0 204 0 0
-12.333333 4.333333 5.0 204 0 0
-12.333333 4.866667 5.0 204 0 0
-12.333333 5.4 5.0 204 0 0
-12.333333 5.933333 5.0 204 0 0
-12.333333 6.466667 5.0 204 0 0
-12.333333 7.0 5.0 204 0 0
-11.666667 -1.0 5.0 204 0 0
-11.666667 -0.466667 5.0 204 0 0
-11.666667 0.066667 5.0 204 0 0
-11.666667 0.6 5.0 204 0 0
-11.666667 1.133333 5.0 204 0 0
-11.666667 1.666667 5.0 204 0 0
-11.666667 2.2 5.0 204 0 0
-11.666667 2.733333 5.0 204 0 0
-11.666667 3.266667 5.0 204 0 0
-11.666667 3.8 5.0 204 0 0
-11.666667 4.333333 5.0 204 0 0
-11.666667 4.866667 5.0 204 0 0
-11.666667 5.4 5.0 204 0 0
-11.666667 5.933333 5.0 204 0 0
-11.666667 6.466667 5.0 204 0 0
-11.666667 7.0 5.0 204 0 0
-11.0 -1.0 5.0 204 0 0
-11.0 -0.466667 5.0 204 0 0
-11.0 0.066667 5.0 204 0 0
-11.0 0.6 5.0 204 0 0
-11.0 1.133333 5.0 204 0 0
-11.0 1.666667 5.0 204 0 0
-11.0 2.2 5.0 204 0 0
-11.0 2.733333 5.0 204 0 0
-11.0 3.266667 5.0 204 0 0
-11.0 3.8 5.0 204 0 0
-11.0 4.333333 5.0 204 0 0
-11.0 4.866667 5.0 204 0 0
-11.0 5.4 5.0 204 0 0
-11.0 5.933333 5.0 204 0 0
-11.0 6.466667 5.0 204 0 0
-11.0 7.0 5.0 204 0 0
-13.0 -1.0 0.0 204 0 0
-13.0 -0.466667 0.0 204 0 0
-13.0 0.066667 0.0 204 0 0
-13.0 0.6 0.0 204 0 0
-13.0 1.133333 0.0 204 0 0
-13.0 1.666667 0.0 204 0 0
-13.0 2.2 0.0 204 0 0
-13.0 2.733333 0.0 204 0 0
-13.0 3.266667 0.0 204 0 0
-13.0 3.8 0.0 204 0 0
-13.0 4.333333 0.0 204 0 0
-13.0 4.866667 0.0 204 0 0
-13.0 5.4 0.0 204 0 0
-13.0 5.933333 0.0 204 0 0
-13.0 6.466667 0.0 204 0 0
-13.0 7.0 0.0 204 0 0
-12.333333 -1.0 0.0 204 0 0
-12.333333 -0.466667 0.0 204 0 0
-12.333333 0.066667 0.0 204 0 0
-12.333333 0.6 0.0 204 0 0
-12.333333 1.133333 0.0 204 0 0
-12.333333 1.666667 0.0 204 0 0
-12.333333 2.2 0.0 204 0 0
-12.333333 2.733333 0.0 204 0 0
-12.333333 3.266667 0.0 204 0 0
-12.333333 3.8 0.0 204 0 0
-12.333333 4.333333 0.0 204 0 0
-12.333333 4.866667 0.0 204 0 0
-12.333333 5.4 0.0 204 0 0
-12.333333 5.933333 0.0 204 0 0
-12.333333 6.466667 0.0 204 0 0
-12.333333 7.0 0.0 204 0 0
-11.666667 -1.0 0.0 204 0 0
-11.666667 -0.466667 0.0 204 0 0
-11.666667 0.066667 0.0 204 0 0
-11.666667 0.6 0.0 204 0 0
-11.666667 1.133333 0.0 204 0 0
-11.666667 1.666667 0.0 204 0 0
-11.666667 2.2 0.0 204 0 0
-11.666667 2.733333 0.0 204 0 0
-11.666667 3.266667 0.0 204 0 0
-11.666667 3.8 0.0 204 0 0
-11.666667 4.333333 0.0 204 0 0
-11.666667 4.866667 0.0 204 0 0
-11.666667 5.4 0.0 204 0 0
-11.666667 5.933333 0.0 204 0 0
-11.666667 6.466667 0.0 204 0 0
-11.666667 7.0 0.0 204 0 0
-11.0 -1.0 0.0 204 0 0
-11.0 -0.466667 0.0 204 0 0
-11.0 0.066667 0.0 204 0 0
-11.0 0.6 0.0 204 0 0
-11.0 1.133333 0.0 204 0 0
-11.0 1.666667 0.0 204 0 0
-11.0 2.2 0.0 204 0 0
-11.0 2.733333 0.0 204 0 0
-11.0 3.266667 0.0 204 0 0
-11.0 3.8 0.0 204 0 0
-11.0 4.333333 0.0 204 0 0
-11.0 4.866667 0.0 204 0 0
-11.0 5.4 0.0 204 0 0
-11.0 5.933333 0.0 204 0 0
-11.0 6.466667 0.0 204 0 0
-11.0 7.0 0.0 204 0 0
-5.0 -12.0 0.0 204 0 0
-5.0 -12.0 0.555556 204 0 0
-5.0 -12.0 1.111111 204 0 0
-5.0 -12.0 1.666667 204 0 0
-5.0 -12.0 2.222222 204 0 0
-5.0 -12.0 2.777778 204 0 0
-5.0 -12.0 3.333333 204 0 0
-5.0 -12.0 3.888889 204 0 0
-5.0 -12.0 4.444444 204 0 0
-5.0 -12.0 5.0 204 0 0
-5.0 -11.466667 0.0 204 0 0
-5.0 -11.466667 0.555556 204 0 0
-5.0 -11.466667 1.111111 204 0 0
-5.0 -11.466667 1.666667 204 0 0
-5.0 -11.466667 2.222222 204 0 0
-5.0 -11.466667 2.777778 204 0 0
-5.0 -11.466667 3.333333 204 0 0
-5.0 -11.466667 3.888889 204 0 0
-5.0 -11.466667 4.444444 204 0 0
-5.0 -11.466667 5.0 204 0 0
-5.0 -10.933333 0.0 204 0 0
-5.0 -10.933333 0.555556 204 0 0
-5.0 -10.933333 1.111111 204 0 0
-5.0 -10.933333 1.666667 204 0 0
-5.0 -10.933333 2.222222 204 0 0
-5.0 -10.933333 2.777778 204 0 0
-5.0 -10.933333 3.333333 204 0 0
-5.0 -10.933333 3.888889 204 0 0
-5.0 -10.933333 4.444444 204 0 0
-5.0 -10.933333 5.0 204 0 0
-5.0 -10.4 0.0 204 0 0
-5.0 -10.4 0.555556 204 0 0
-5.0 -10.4 1.111111 204 0 0
-5.0 -10.4 1.666667 204 0 0
-5.0 -10.4 2.222222 204 0 0
-5.0 -10.4 2.777778 204 0 0
-5.0 -10.4 3.333333 204 0 0
-5.0 -10.4 3.888889 204 0 0
-5.0 -10.4 4.444444 204 0 0
-5.0 -10.4 5.0 204 0 0
-5.0 -9.866667 0.0 204 0 0
-5.0 -9.866667 0.555556 204 0 0
-5.0 -9.866667 1.111111 204 0 0
-5.0 -9.866667 1.666667 204 0 0
-5.0 -9.866667 2.222222 204 0 0
-5.0 -9.866667 2.777778 204 0 0
-5.0 -9.866667 3.333333 204 0 0
-5.0 -9.866667 3.888889 204 0 0
-5.0 -9.866667 4.444444 204 0 0
-5.0 -9.866667 5.0 204 0 0
-5.0 -9.333333 0.0 204 0 0
-5.0 -9.333333 0.555556 204 0 0
-5.0 -9.333333 1.111111 204 0 0
-5.0 -9.333333 1.666667 204 0 0
-5.0 -9.333333 2.222222 204 0 0
-5.0 -9.333333 2.777778 204 0 0
-5.0 -9.333333 3.333333 204 0 0
-5.0 -9.333333 3.888889 204 0 0
-5.0 -9.333333 4.444444 204 0 0
-5.0 -9.333333 5.0 204 0 0
-5.0 -8.8 0.0 204 0 0
-5.0 -8.8 0.555556 204 0 0
-5.0 -8.8 1.111111 204 0 0
-5.0 -8.8 1.666667 204 0 0
-5.0 -8.8 2.222222 204 0 0
-5.0 -8.8 2.777778 204 0 0
-5.0 -8.8 3.333333 204 0 0
-5.0 -8.8 3.888889 204 0 0
-5.0 -8.8 4.444444 204 0 0
-5.0 -8.8 5.0 204 0 0
-5.0 -8.266667 0.0 204 0 0
-5.0 -8.266667 0.555556 204 0 0
-5.0 -8.266667 1.111111 204 0 0
-5.0 -8.266667 1.666667 204 0 0
-5.0 -8.266667 2.222222 204 0 0
-5.0 -8.266667 2.777778 204 0 0
-5.0 -8.266667 3.333333 204 0 0
-5.0 -8.266667 3.888889 204 0 0
-5.0 -8.266667 4.444444 204 0 0
-5.0 -8.266667 5.0 204 0 0
-5.0 -7.733333 0.0 204 0 0
-5.0 -7.733333 0.555556 204 0 0
-5.0 -7.733333 1.111111 204 0 0
-5.0 -7.733333 1.666667 204 0 0
-5.0 -7.733333 2.222222 204 0 0
-5.0 -7.733333 2.777778 204 0 0
-5.0 -7.733333 3.333333 204 0 0
-5.0 -7.733333 3.888889 204 0 0
-5.0 -7.733333 4.444444 204 0 0
-5.0 -7.733333 5.0 204 0 0
-5.0 -7.2 0.0 204 0 0
-5.0 -7.2 0.555556 204 0 0
-5.0 -7.2 1.111111 204 0 0
-5.0 -7.2 1.666667 204 0 0
-5.0 -7.2 2.222222 204 0 0
-5.0 -7.2 2.777778 204 0 0
-5.0 -7.2 3.333333 204 0 0
-5.0 -7.2 3.888889 204 0 0
-5.0 -7.2 4.444444 204 0 0
-5.0 -7.2 5.0 204 0 0
-5.0 -6.666667 0.0 204 0 0
-5.0 -6.666667 0.555556 204 0 0
-5.0 -6.666667 1.111111 204 0 0
-5.0 -6.666667 1.666667 204 0 0
-5.0 -6.666667 2.222222 204 0 0
-5.0 -6.666667 2.777778 204 0 0
-5.0 -6.666667 3.333333 204 0 0
-5.0 -6.666667 3.888889 204 0 0
-5.0 -6.666667 4.444444 204 0 0
-5.0 -6.666667 5.0 204 0 0
-5.0 -6.133333 0.0 204 0 0
-5.0 -6.133333 0.555556 204 0 0
-5.0 -6.133333 1.111111 204 0 0
-5.0 -6.133333 1.666667 204 0 0
-5.0 -6.133333 2.222222 204 0 0
-5.0 -6.133333 2.777778 204 0 0
-5.0 -6.133333 3.333333 204 0 0
-5.0 -6.133333 3.888889 204 0 0
-5.0 -6.133333 4.444444 204 0 0
-5.0 -6.133333 5.0 204 0 0
-5.0 -5.6 0.0 204 0 0
-5.0 -5.6 0.555556 204 0 0
-5.0 -5.6 1.111111 204 0 0
-5.0 -5.6 1.666667 204 0 0
-5.0 -5.6 2.222222 204 0 0
-5.0 -5.6 2.777778 204 0 0
-5.0 -5.6 3.333333 204 0 0
-5.0 -5.6 3.888889 204 0 0
-5.0 -5.6 4.444444 204 0 0
-5.0 -5.6 5.0 204 0 0
-5.0 -5.066667 0.0 204 0 0
-5.0 -5.066667 0.555556 204 0 0
-5.0 -5.066667 1.111111 204 0 0
-5.0 -5.066667 1.666667 204 0 0
-5.0 -5.066667 2.222222 204 0 0
-5.0 -5.066667 2.777778 204 0 0
-5.0 -5.066667 3.333333 204 0 0
-5.0 -5.066667 3.888889 204 0 0
-5.0 -5.066667 4.444444 204 0 0
-5.0 -5.066667 5.0 204 0 0
-5.0 -4.533333 0.0 204 0 0
-5.0 -4.533333 0.555556 204 0 0
-5.0 -4.533333 1.111111 204 0 0
-5.0 -4.533333 1.666667 204 0 0
-5.0 -4.533333 2.222222 204 0 0
-5.0 -4.533333 2.777778 204 0 0
-5.0 -4.533333 3.333333 204 0 0
-5.0 -4.533333 3.888889 204 0 0
-5.0 -4.533333 4.444444 204 0 0
-5.0 -4.533333 5.0 204 0 0
-5.0 -4.0 0.0 204 0 0
-5.0 -4.0 0.555556 204 0 0
-5.0 -4.0 1.111111 204 0 0
-5.0 -4.0 1.666667 204 0 0
-5.0 -4.0 2.222222 204 0 0
-5.0 -4.0 2.777778 204 0 0
-5.0 -4.0 3.333333 204 0 0
-5.0 -4.0 3.888889 204 0 0
-5.0 -4.0 4.444444 204 0 0
-5.0 -4.0 5.0 204 0 0
-7.0 -12.0 0.0 204 0 0
-7.0 -12.0 0.555556 204 0 0
-7.0 -12.0 1.111111 204 0 0
-7.0 -12.0 1.666667 204 0 0
-7.0 -12.0 2.222222 204 0 0
-7.0 -12.0 2.777778 204 0 0
-7.0 -12.0 3.333333 204 0 0
-7.0 -12.0 3.888889 204 0 0
-7.0 -12.0 4.444444 204 0 0
-7.0 -12.0 5.0 204 0 0
-7.0 -11.466667 0.0 204 0 0
-7.0 -11.466667 0.555556 204 0 0
-7.0 -11.466667 1.111111 204 0 0
-7.0 -11.466667 1.666667 204 0 0
-7.0 -11.466667 2.222222 204 0 0
-7.0 -11.466667 2.777778 204 0 0
-7.0 -11.466667 3.333333 204 0 0
-7.0 -11.466667 3.888889 204 0 0
-7.0 -11.466667 4.444444 204 0 0
-7.0 -11.466667 5.0 204 0 0
-7.0 -10.933333 0.0 204 0 0
-7.0 -10.933333 0.555556 204 0 0
-7.0 -10.933333 1.111111 204 0 0
-7.0 -10.933333 1.666667 204 0 0
-7.0 -10.933333 2.222222 204 0 0
-7.0 -10.933333 2.777778 204 0 0
-7.0 -10.933333 3.333333 204 0 0
-7.0 -10.933333 3.888889 204 0 0
-7.0 -10.933333 4.444444 204 0 0
-7.0 -10.933333 5.0 204 0 0
-7.0 -10.4 0.0 204 0 0
-7.0 -10.4 0.555556 204 0 0
-7.0 -10.4 1.111111 204 0 0
-7.0 -10.4 1.666667 204 0 0
-7.0 -10.4 2.222222 204 0 0
-7.0 -10.4 2.777778 204 0 0
-7.0 -10.4 3.333333 204 0 0
-7.0 -10.4 3.888889 204 0 0
-7.0 -10.4 4.444444 204 0 0
-7.0 -10.4 5.0 204 0 0
-7.0 -9.866667 0.0 204 0 0
-7.0 -9.866667 0.555556 204 0 0
-7.0 -9.866667 1.111111 204 0 0
-7.0 -9.866667 1.666667 204 0 0
-7.0 -9.866667 2.222222 204 0 0
-7.0 -9.866667 2.777778 204 0 0
-7.0 -9.866667 3.333333 204 0 0
-7.0 -9.866667 3.888889 204 0 0
-7.0 -9.866667 4.444444 204 0 0
-7.0 -9.866667 5.0 204 0 0
-7.0 -9.333333 0.0 204 0 0
-7.0 -9.333333 0.555556 204 0 0
-7.0 -9.333333 1.111111 204 0 0
-7.0 -9.333333 1.666667 204 0 0
-7.0 -9.333333 2.222222 204 0 0
-7.0 -9.333333 2.777778 204 0 0
-7.0 -9.333333 3.333333 204 0 0
-7.0 -9.333333 3.888889 204 0 0
-7.0 -9.333333 4.444444 204 0 0
-7.0 -9.333333 5.0 204 0 0
-7.0 -8.8 0.0 204 0 0
-7.0 -8.8 0.555556 204 0 0
-7.0 -8.8 1.111111 204 0 0
-7.0 -8.8 1.666667 204 0 0
-7.0 -8.8 2.222222 204 0 0
-7.0 -8.8 2.777778 204 0 0
-7.0 -8.8 3.333333 204 0 0
-7.0 -8.8 3.888889 204 0 0
-7.0 -8.8 4.444444 204 0 0
-7.0 -8.8 5.0 204 0 0
-7.0 -8.266667 0.0 204 0 0
-7.0 -8.266667 0.555556 204 0 0
-7.0 -8.266667 1.111111 204 0 0
-7.0 -8.266667 1.666667 204 0 0
-7.0 -8.266667 2.222222 204 0 0
-7.0 -8.266667 2.777778 204 0 0
-7.0 -8.266667 3.333333 204 0 0
-7.0 -8.266667 3.888889 204 0 0
-7.0 -8.266667 4.444444 204 0 0
-7.0 -8.266667 5.0 204 0 0
-7.0 -7.733333 0.0 204 0 0
-7.0 -7.733333 0.555556 204 0 0
-7.0 -7.733333 1.111111 204 0 0
-7.0 -7.733333 1.666667 204 0 0
-7.0 -7.733333 2.222222 204 0 0
-7.0 -7.733333 2.777778 204 0 0
-7.0 -7.733333 3.333333 204 0 0
-7.0 -7.733333 3.888889 204 0 0
-7.0 -7.733333 4.444444 204 0 0
-7.0 -7.733333 5.0 204 0 0
-7.0 -7.2 0.0 204 0 0
-7.0 -7.2 0.555556 204 0 0
-7.0 -7.2 1.111111 204 0 0
-7.0 -7.2 1.666667 204 0 0
-7.0 -7.2 2.222222 204 0 0
-7.0 -7.2 2.777778 204 0 0
-7.0 -7.2 3.333333 204 0 0
-7.0 -7.2 3.888889 204 0 0
-7.0 -7.2 4.444444 204 0 0
-7.0 -7.2 5.0 204 0 0
-7.0 -6.666667 0.0 204 0 0
-7.0 -6.666667 0.555556 204 0 0
-7.0 -6.666667 1.111111 204 0 0
-7.0 -6.666667 1.666667 204 0 0
-7.0 -6.666667 2.222222 204 0 0
-7.0 -6.666667 2.777778 204 0 0
-7.0 -6.666667 3.333333 204 0 0
-7.0 -6.666667 3.888889 204 0 0
-7.0 -6.666667 4.444444 204 0 0
-7.0 -6.666667 5.0 204 0 0
-7.0 -6.133333 0.0 204 0 0
-7.0 -6.133333 0.555556 204 0 0
-7.0 -6.133333 1.111111 204 0 0
-7.0 -6.133333 1.666667 204 0 0
-7.0 -6.133333 2.222222 204 0 0
-7.0 -6.133333 2.777778 204 0 0
-7.0 -6.133333 3.333333 204 0 0
-7.0 -6.133333 3.888889 204 0 0
-7.0 -6.133333 4.444444 204 0 0
-7.0 -6.133333 5.0 204 0 0
-7.0 -5.6 0.0 204 0 0
-7.0 -5.6 0.555556 204 0 0
-7.0 -5.6 1.111111 204 0 0
-7.0 -5.6 1.666667 204 0 0
-7.0 -5.6 2.222222 204 0 0
-7.0 -5.6 2.777778 204 0 0
-7.0 -5.6 3.333333 204 0 0
-7.0 -5.6 3.888889 204 0 0
-7.0 -5.6 4.444444 204 0 0
-7.0 -5.6 5.0 204 0 0
-7.0 -5.066667 0.0 204 0 0
-7.0 -5.066667 0.555556 204 0 0
-7.0 -5.066667 1.111111 204 0 0
-7.0 -5.066667 1.666667 204 0 0
-7.0 -5.066667 2.222222 204 0 0
-7.0 -5.066667 2.777778 204 0 0
-7.0 -5.066667 3.333333 204 0 0
-7.0 -5.066667 3.888889 204 0 0
-7.0 -5.066667 4.444444 204 0 0
-7.0 -5.066667 5.0 204 0 0
-7.0 -4.533333 0.0 204 0 0
-7.0 -4.533333 0.555556 204 0 0
-7.0 -4.533333 1.111111 204 0 0
-7.0 -4.533333 1.666667 204 0 0
-7.0 -4.533333 2.222222 204 0 0
-7.0 -4.533333 2.777778 204 0 0
-7.0 -4.533333 3.333333 204 0 0
-7.0 -4.533333 3.888889 204 0 0
-7.0 -4.533333 4.444444 204 0 0
-7.0 -4.533333 5.0 204 0 0
-7.0 -4.0 0.0 204 0 0
-7.0 -4.0 0.555556 204 0 0
-7.0 -4.0 1.111111 204 0 0
-7.0 -4.0 1.666667 204 0 0
-7.0 -4.0 2.222222 204 0 0
-7.0 -4.0 2.777778 204 0 0
-7.0 -4.0 3.333333 204 0 0
-7.0 -4.0 3.888889 204 0 0
-7.0 -4.0 4.444444 204 0 0
-7.0 -4.0 5.0 204 0 0
-7.0 -4.0 0.0 204 0 0
-7.0 -4.0 0.555556 204 0 0
-7.0 -4.0 1.111111 204 0 0
-7.0 -4.0 1.666667 204 0 0
-7.0 -4.0 2.222222 204 0 0
-7.0 -4.0 2.777778 204 0 0
-7.0 -4.0 3.333333 204 0 0
-7.0 -4.0 3.888889 204 0 0
-7.0 -4.0 4.444444 204 0 0
-7.0 -4.0 5.0 204 0 0
-6.333333 -4.0 0.0 204 0 0
-6.333333 -4.0 0.555556 204 0 0
-6.333333 -4.0 1.111111 204 0 0
-6.333333 -4.0 1.666667 204 0 0
-6.333333 -4.0 2.222222 204 0 0
-6.333333 -4.0 2.777778 204 0 0
-6.333333 -4.0 3.333333 204 0 0
-6.333333 -4.0 3.888889 204 0 0
-6.333333 -4.0 4.444444 204 0 0
-6.333333 -4.0 5.0 204 0 0
-5.666667 -4.0 0.0 204 0 0
-5.666667 -4.0 0.555556 204 0 0
-5.666667 -4.0 1.111111 204 0 0
-5.666667 -4.0 1.666667 204 0 0
-5.666667 -4.0 2.222222 204 0 0
-5.666667 -4.0 2.777778 204 0 0
-5.666667 -4.0 3.333333 204 0 0
-5.666667 -4.0 3.888889 204 0 0
-5.666667 -4.0 4.444444 204 0 0
-5.666667 -4.0 5.0 204 0 0
-5.0 -4.0 0.0 204 0 0
-5.0 -4.0 0.555556 204 0 0
-5.0 -4.0 1.111111 204 0 0
-5.0 -4.0 1.666667 204 0 0
-5.0 -4.0 2.222222 204 0 0
-5.0 -4.0 2.777778 204 0 0
-5.0 -4.0 3.333333 204 0 0
-5.0 -4.0 3.888889 204 0 0
-5.0 -4.0 4.444444 204 0 0
-5.0 -4.0 5.0 204 0 0
-7.0 -12.0 0.0 204 0 0
-7.0 -12.0 0.555556 204 0 0
-7.0 -12.0 1.111111 204 0 0
-7.0 -12.0 1.666667 204 0 0
-7.0 -12.0 2.222222 204 0 0
-7.0 -12.0 2.777778 204 0 0
-7.0 -12.0 3.333333 204 0 0
-7.0 -12.0 3.888889 204 0 0
-7.0 -12.0 4.444444 204 0 0
-7.0 -12.0 5.0 204 0 0
-6.333333 -12.0 0.0 204 0 0
-6.333333 -12.0 0.555556 204 0 0
-6.333333 -12.0 1.111111 204 0 0
-6.333333 -12.0 1.666667 204 0 0
-6.333333 -12.0 2.222222 204 0 0
-6.333333 -12.0 2.777778 204 0 0
-6.333333 -12.0 3.333333 204 0 0
-6.333333 -12.0 3.888889 204 0 0
-6.333333 -12.0 4.444444 204 0 0
-6.333333 -12.0 5.0 204 0 0
-5.666667 -12.0 0.0 204 0 0
-5.666667 -12.0 0.555556 204 0 0
-5.666667 -12.0 1.111111 204 0 0
-5.666667 -12.0 1.666667 204 0 0
-5.666667 -12.0 2.222222 204 0 0
-5.666667 -12.0 2.777778 204 0 0
-5.666667 -12.0 3.333333 204 0 0
-5.666667 -12.0 3.888889 204 0 0
-5.666667 -12.0 4.444444 204 0 0
-5.666667 -12.0 5.0 204 0 0
-5.0 -12.0 0.0 204 0 0
-5.0 -12.0 0.555556 204 0 0
-5.0 -12.0 1.111111 204 0 0
-5.0 -12.0 1.666667 204 0 0
-5.0 -12.0 2.222222 204 0 0
-5.0 -12.0 2.777778 204 0 0
-5.0 -12.0 3.333333 204 0 0
-5.0 -12.0 3.888889 204 0 0
-5.0 -12.0 4.444444 204 0 0
-5.0 -12.0 5.0 204 0 0
-7.0 -12.0 5.0 204 0 0
-7.0 -11.466667 5.0 204 0 0
-7.0 -10.933333 5.0 204 0 0
-7.0 -10.4 5.0 204 0 0
-7.0 -9.866667 5.0 204 0 0
-7.0 -9.333333 5.0 204 0 0
-7.0 -8.8 5.0 204 0 0
-7.0 -8.266667 5.0 204 0 0
-7.0 -7.733333 5.0 204 0 0
-7.0 -7.2 5.0 204 0 0
-7.0 -6.666667 5.0 204 0 0
-7.0 -6.133333 5.0 204 0 0
-7.0 -5.6 5.0 204 0 0
-7.0 -5.066667 5.0 204 0 0
-7.0 -4.533333 5.0 204 0 0
-7.0 -4.0 5.0 204 0 0
-6.333333 -12.0 5.0 204 0 0
-6.333333 -11.466667 5.0 204 0 0
-6.333333 -10.933333 5.0 204 0 0
-6.333333 -10.4 5.0 204 0 0
-6.333333 -9.866667 5.0 204 0 0
-6.333333 -9.333333 5.0 204 0 0
-6.333333 -8.8 5.0 204 0 0
-6.333333 -8.266667 5.0 204 0 0
-6.333333 -7.733333 5.0 204 0 0
-6.333333 -7.2 5.0 204 0 0
-6.333333 -6.666667 5.0 204 0 0
-6.333333 -6.133333 5.0 204 0 0
-6.333333 -5.6 5.0 204 0 0
-6.333333 -5.066667 5.0 204 0 0
-6.333333 -4.533333 5.0 204 0 0
-6.333333 -4.0 5.0 204 0 0
-5.666667 -12.0 5.0 204 0 0
-5.666667 -11.466667 5.0 204 0 0
-5.666667 -10.933333 5.0 204 0 0
-5.666667 -10.4 5.0 204 0 0
-5.666667 -9.866667 5.0 204 0 0
-5.666667 -9.333333 5.0 204 0 0
-5.666667 -8.8 5.0 204 0 0
-5.666667 -8.266667 5.0 204 0 0
-5.666667 -7.733333 5.0 204 0 0
-5.666667 -7.2 5.0 204 0 0
-5.666667 -6.666667 5.0 204 0 0
-5.666667 -6.133333 5.0 204 0 0
-5.666667 -5.6 5.0 204 0 0
-5.666667 -5.066667 5.0 204 0 0
-5.666667 -4.533333 5.0 204 0 0
-5.666667 -4.0 5.0 204 0 0
-5.0 -12.0 5.0 204 0 0
-5.0 -11.466667 5.0 204 0 0
-5.0 -10.933333 5.0 204 0 0
-5.0 -10.4 5.0 204 0 0
-5.0 -9.866667 5.0 204 0 0
-5.0 -9.333333 5.0 204 0 0
-5.0 -8.8 5.0 204 0 0
-5.0 -8.266667 5.0 204 0 0
-5.0 -7.733333 5.0 204 0 0
-5.0 -7.2 5.0 204 0 0
-5.0 -6.666667 5.0 204 0 0
-5.0 -6.133333 5.0 204 0 0
-5.0 -5.6 5.0 204 0 0
-5.0 -5.066667 5.0 204 0 0
-5.0 -4.533333 5.0 204 0 0
-5.0 -4.0 5.0 204 0 0
-7.0 -12.0 0.0 204 0 0
-7.0 -11.466667 0.0 204 0 0
-7.0 -10.933333 0.0 204 0 0
-7.0 -10.4 0.0 204 0 0
-7.0 -9.866667 0.0 204 0 0
-7.0 -9.333333 0.0 204 0 0
-7.0 -8.8 0.0 204 0 0
-7.0 -8.266667 0.0 204 0 0
-7.0 -7.733333 0.0 204 0 0
-7.0 -7.2 0.0 204 0 0
-7.0 -6.666667 0.0 204 0 0
-7.0 -6.133333 0.0 204 0 0
-7.0 -5.6 0.0 204 0 0
-7.0 -5.066667 0.0 204 0 0
-7.0 -4.533333 0.0 204 0 0
-7.0 -4.0 0.0 204 0 0
-6.333333 -12.0 0.0 204 0 0
-6.333333 -11.466667 0.0 204 0 0
-6.333333 -10.933333 0.0 204 0 0
-6.333333 -10.4 0.0 204 0 0
-6.333333 -9.866667 0.0 204 0 0
-6.333333 -9.333333 0.0 204 0 0
-6.333333 -8.8 0.0 204 0 0
-6.333333 -8.266667 0.0 204 0 0
-6.333333 -7.733333 0.0 204 0 0
-6.333333 -7.2 0.0 204 0 0
-6.333333 -6.666667 0.0 204 0 0
-6.333333 -6.133333 0.0 204 0 0
-6.333333 -5.6 0.0 204 0 0
-6.333333 -5.066667 0.0 204 0 0
-6.333333 -4.533333 0.0 204 0 0
-6.333333 -4.0 0.0 204 0 0
-5.666667 -12.0 0.0 204 0 0
-5.666667 -11.466667 0.0 204 0 0
-5.666667 -10.933333 0.0 204 0 0
-5.666667 -10.4 0.0 204 0 0
-5.666667 -9.866667 0.0 204 0 0
-5.666667 -9.333333 0.0 204 0 0
-5.666667 -8.8 0.0 204 0 0
-5.666667 -8.266667 0.0 204 0 0
-5.666667 -7.733333 0.0 204 0 0
-5.666667 -7.2 0.0 204 0 0
-5.666667 -6.666667 0.0 204 0 0
-5.666667 -6.133333 0.0 204 0 0
-5.666667 -5.6 0.0 204 0 0
-5.666667 -5.066667 0.0 204 0 0
-5.666667 -4.533333 0.0 204 0 0
-5.666667 -4.0 0.0 204 0 0
-5.0 -12.0 0.0 204 0 0
-5.0 -11.466667 0.0 204 0 0
-5.0 -10.933333 0.0 204 0 0
-5.0 -10.4 0.0 204 0 0
-5.0 -9.866667 0.0 204 0 0
-5.0 -9.333333 0.0 204 0 0
-5.0 -8.8 0.0 204 0 0
-5.0 -8.266667 0.0 204 0 0
-5.0 -7.733333 0.0 204 0 0
-5.0 -7.2 0.0 204 0 0
-5.0 -6.666667 0.0 204 0 0
-5.0 -6.133333 0.0 204 0 0
-5.0 -5.6 0.0 204 0 0
-5.0 -5.066667 0.0 204 0 0
-5.0 -4.533333 0.0 204 0 0
-5.0 -4.0 0.0 204 0 0
-5.0 -1.0 0.0 204 0 0
-5.0 -1.0 0.555556 204 0 0
-5.0 -1.0 1.111111 204 0 0
-5.0 -1.0 1.666667 204 0 0
-5.0 -1.0 2.222222 204 0 0
-5.0 -1.0 2.777778 204 0 0
-5.0 -1.0 3.333333 204 0 0
-5.0 -1.0 3.888889 204 0 0
-5.0 -1.0 4.444444 204 0 0
-5.0 -1.0 5.0 204 0 0
-5.0 -0.466667 0.0 204 0 0
-5.0 -0.466667 0.555556 204 0 0
-5.0 -0.466667 1.111111 204 0 0
-5.0 -0.466667 1.666667 204 0 0
-5.0 -0.466667 2.222222 204 0 0
-5.0 -0.466667 2.777778 204 0 0
-5.0 -0.466667 3.333333 204 0 0
-5.0 -0.466667 3.888889 204 0 0
-5.0 -0.466667 4.444444 204 0 0
-5.0 -0.466667 5.0 204 0 0
-5.0 0.066667 0.0 204 0 0
-5.0 0.066667 0.555556 204 0 0
-5.0 0.066667 1.111111 204 0 0
-5.0 0.066667 1.666667 204 0 0
-5.0 0.066667 2.222222 204 0 0
-5.0 0.066667 2.777778 204 0 0
-5.0 0.066667 3.333333 204 0 0
-5.0 0.066667 3.888889 204 0 0
-5.0 0.066667 4.444444 204 0 0
-5.0 0.066667 5.0 204 0 0
-5.0 0.6 0.0 204 0 0
-5.0 0.6 0.555556 204 0 0
-5.0 0.6 1.111111 204 0 0
-5.0 0.6 1.666667 204 0 0
-5.0 0.6 2.222222 204 0 0
-5.0 0.6 2.777778 204 0 0
-5.0 0.6 3.333333 204 0 0
-5.0 0.6 3.888889 204 0 0
-5.0 0.6 4.444444 204 0 0
-5.0 0.6 5.0 204 0 0
-5.0 1.133333 0.0 204 0 0
-5.0 1.133333 0.555556 204 0 0
-5.0 1.133333 1.111111 204 0 0
-5.0 1.133333 1.666667 204 0 0
-5.0 1.133333 2.222222 204 0 0
-5.0 1.133333 2.777778 204 0 0
-5.0 1.133333 3.333333 204 0 0
-5.0 1.133333 3.888889 204 0 0
-5.0 1.133333 4.444444 204 0 0
-5.0 1.133333 5.0 204 0 0
-5.0 1.666667 0.0 204 0 0
-5.0 1.666667 0.555556 204 0 0
-5.0 1.666667 1.111111 204 0 0
-5.0 1.666667 1.666667 204 0 0
-5.0 1.666667 2.222222 204 0 0
-5.0 1.666667 2.777778 204 0 0
-5.0 1.666667 3.333333 204 0 0
-5.0 1.666667 3.888889 204 0 0
-5.0 1.666667 4.444444 204 0 0
-5.0 1.666667 5.0 204 0 0
-5.0 2.2 0.0 204 0 0
-5.0 2.2 0.555556 204 0 0
-5.0 2.2 1.111111 204 0 0
-5.0 2.2 1.666667 204 0 0
-5.0 2.2 2.222222 204 0 0
-5.0 2.2 2.777778 204 0 0
-5.0 2.2 3.333333 204 0 0
-5.0 2.2 3.888889 204 0 0
-5.0 2.2 4.444444 204 0 0
-5.0 2.2 5.0 204 0 0
-5.0 2.733333 0.0 204 0 0
-5.0 2.733333 0.555556 204 0 0
-5.0 2.733333 1.111111 204 0 0
-5.0 2.733333 1.666667 204 0 0
-5.0 2.733333 2.222222 204 0 0
-5.0 2.733333 2.777778 204 0 0
-5.0 2.733333 3.333333 204 0 0
-5.0 2.733333 3.888889 204 0 0
-5.0 2.733333 4.444444 204 0 0
-5.0 2.733333 5.0 204 0 0
-5.0 3.266667 0.0 204 0 0
-5.0 3.266667 0.555556 204 0 0
-5.0 3.266667 1.111111 204 0 0
-5.0 3.266667 1.666667 204 0 0
-5.0 3.266667 2.222222 204 0 0
-5.0 3.266667 2.777778 204 0 0
-5.0 3.266667 3.333333 204 0 0
-5.0 3.266667 3.888889 204 0 0
-5.0 3.266667 4.444444 204 0 0
-5.0 3.266667 5.0 204 0 0
-5.0 3.8 0.0 204 0 0
-5.0 3.8 0.555556 204 0 0
-5.0 3.8 1.111111 204 0 0
-5.0 3.8 1.666667 204 0 0
-5.0 3.8 2.222222 204 0 0
-5.0 3.8 2.777778 204 0 0
-5.0 3.8 3.333333 204 0 0
-5.0 3.8 3.888889 204 0 0
-5.0 3.8 4.444444 204 0 0
-5.0 3.8 5.0 204 0 0
-5.0 4.333333 0.0 204 0 0
-5.0 4.333333 0.555556 204 0 0
-5.0 4.333333 1.111111 204 0 0
-5.0 4.333333 1.666667 204 0 0
-5.0 4.333333 2.222222 204 0 0
-5.0 4.333333 2.777778 204 0 0
-5.0 4.333333 3.333333 204 0 0
-5.0 4.333333 3.888889 204 0 0
-5.0 4.333333 4.444444 204 0 0
-5.0 4.333333 5.0 204 0 0
-5.0 4.866667 0.0 204 0 0
-5.0 4.866667 0.555556 204 0 0
-5.0 4.866667 1.111111 204 0 0
-5.0 4.866667 1.666667 204 0 0
-5.0 4.866667 2.222222 204 0 0
-5.0 4.866667 2.777778 204 0 0
-5.0 4.866667 3.333333 204 0 0
-5.0 4.866667 3.888889 204 0 0
-5.0 4.866667 4.444444 204 0 0
-5.0 4.866667 5.0 204 0 0
-5.0 5.4 0.0 204 0 0
-5.0 5.4 0.555556 204 0 0
-5.0 5.4 1.111111 204 0 0
-5.0 5.4 1.666667 204 0 0
-5.0 5.4 2.222222 204 0 0
-5.0 5.4 2.777778 204 0 0
-5.0 5.4 3.333333 204 0 0
-5.0 5.4 3.888889 204 0 0
-5.0 5.4 4.444444 204 0 0
-5.0 5.4 5.0 204 0 0
-5.0 5.933333 0.0 204 0 0
-5.0 5.933333 0.555556 204 0 0
-5.0 5.933333 1.111111 204 0 0
-5.0 5.933333 1.666667 204 0 0
-5.0 5.933333 2.222222 204 0 0
-5.0 5.933333 2.777778 204 0 0
-5.0 5.933333 3.333333 204 0 0
-5.0 5.933333 3.888889 204 0 0
-5.0 5.933333 4.444444 204 0 0
-5.0 5.933333 5.0 204 0 0
-5.0 6.466667 0.0 204 0 0
-5.0 6.466667 0.555556 204 0 0
-5.0 6.466667 1.111111 204 0 0
-5.0 6.466667 1.666667 204 0 0
-5.0 6.466667 2.222222 204 0 0
-5.0 6.466667 2.777778 204 0 0
-5.0 6.466667 3.333333 204 0 0
-5.0 6.466667 3.888889 204 0 0
-5.0 6.466667 4.444444 204 0 0
-5.0 6.466667 5.0 204 0 0
-5.0 7.0 0.0 204 0 0
-5.0 7.0 0.555556 204 0 0
-5.0 7.0 1.111111 204 0 0
-5.0 7.0 1.666667 204 0 0
-5.0 7.0 2.222222 204 0 0
-5.0 7.0 2.777778 204 0 0
-5.0 7.0 3.333333 204 0 0
-5.0 7.0 3.888889 204 0 0
-5.0 7.0 4.444444 204 0 0
-5.0 7.0 5.0 204 0 0
-7.0 -1.0 0.0 204 0 0
-7.0 -1.0 0.555556 204 0 0
-7.0 -1.0 1.111111 204 0 0
-7.0 -1.0 1.666667 204 0 0
-7.0 -1.0 2.222222 204 0 0
-7.0 -1.0 2.777778 204 0 0
-7.0 -1.0 3.333333 204 0 0
-7.0 -1.0 3.888889 204 0 0
-7.0 -1.0 4.444444 204 0 0
-7.0 -1.0 5.0 204 0 0
-7.0 -0.466667 0.0 204 0 0
-7.0 -0.466667 0.555556 204 0 0
-7.0 -0.466667 1.111111 204 0 0
-7.0 -0.466667 1.666667 204 0 0
-7.0 -0.466667 2.222222 204 0 0
-7.0 -0.466667 2.777778 204 0 0
-7.0 -0.466667 3.333333 204 0 0
-7.0 -0.466667 3.888889 204 0 0
-7.0 -0.466667 4.444444 204 0 0
-7.0 -0.466667 5.0 204 0 0
-7.0 0.066667 0.0 204 0 0
-7.0 0.066667 0.555556 204 0 0
-7.0 0.066667 1.111111 204 0 0
-7.0 0.066667 1.666667 204 0 0
-7.0 0.066667 2.222222 204 0 0
-7.0 0.066667 2.777778 204 0 0
-7.0 0.066667 3.333333 204 0 0
-7.0 0.066667 3.888889 204 0 0
-7.0 0.066667 4.444444 204 0 0
-7.0 0.066667 5.0 204 0 0
-7.0 0.6 0.0 204 0 0
-7.0 0.6 0.555556 204 0 0
-7.0 0.6 1.111111 204 0 0
-7.0 0.6 1.666667 204 0 0
-7.0 0.6 2.222222 204 0 0
-7.0 0.6 2.777778 204 0 0
-7.0 0.6 3.333333 204 0 0
-7.0 0.6 3.888889 204 0 0
-7.0 0.6 4.444444 204 0 0
-7.0 0.6 5.0 204 0 0
-7.0 1.133333 0.0 204 0 0
-7.0 1.133333 0.555556 204 0 0
-7.0 1.133333 1.111111 204 0 0
-7.0 1.133333 1.666667 204 0 0
-7.0 1.133333 2.222222 204 0 0
-7.0 1.133333 2.777778 204 0 0
-7.0 1.133333 3.333333 204 0 0
-7.0 1.133333 3.888889 204 0 0
-7.0 1.133333 4.444444 204 0 0
-7.0 1.133333 5.0 204 0 0
-7.0 1.666667 0.0 204 0 0
-7.0 1.666667 0.555556 204 0 0
-7.0 1.666667 1.111111 204 0 0
-7.0 1.666667 1.666667 204 0 0
-7.0 1.666667 2.222222 204 0 0
-7.0 1.666667 2.777778 204 0 0
-7.0 1.666667 3.333333 204 0 0
-7.0 1.666667 3.888889 204 0 0
-7.0 1.666667 4.444444 204 0 0
-7.0 1.666667 5.0 204 0 0
-7.0 2.2 0.0 204 0 0
-7.0 2.2 0.555556 204 0 0
-7.0 2.2 1.111111 204 0 0
-7.0 2.2 1.666667 204 0 0
-7.0 2.2 2.222222 204 0 0
-7.0 2.2 2.777778 204 0 0
-7.0 2.2 3.333333 204 0 0
-7.0 2.2 3.888889 204 0 0
-7.0 2.2 4.444444 204 0 0
-7.0 2.2 5.0 204 0 0
-7.0 2.733333 0.0 204 0 0
-7.0 2.733333 0.555556 204 0 0
-7.0 2.733333 1.111111 204 0 0
-7.0 2.733333 1.666667 204 0 0
-7.0 2.733333 2.222222 204 0 0
-7.0 2.733333 2.777778 204 0 0
-7.0 2.733333 3.333333 204 0 0
-7.0 2.733333 3.888889 204 0 0
-7.0 2.733333 4.444444 204 0 0
-7.0 2.733333 5.0 204 0 0
-7.0 3.266667 0.0 204 0 0
-7.0 3.266667 0.555556 204 0 0
-7.0 3.266667 1.111111 204 0 0
-7.0 3.266667 1.666667 204 0 0
-7.0 3.266667 2.222222 204 0 0
-7.0 3.266667 2.777778 204 0 0
-7.0 3.266667 3.333333 204 0 0
-7.0 3.266667 3.888889 204 0 0
-7.0 3.266667 4.444444 204 0 0
-7.0 3.266667 5.0 204 0 0
-7.0 3.8 0.0 204 0 0
-7.0 3.8 0.555556 204 0 0
-7.0 3.8 1.111111 204 0 0
-7.0 3.8 1.666667 204 0 0
-7.0 3.8 2.222222 204 0 0
-7.0 3.8 2.777778 204 0 0
-7.0 3.8 3.333333 204 0 0
-7.0 3.8 3.888889 204 0 0
-7.0 3.8 4.444444 204 0 0
-7.0 3.8 5.0 204 0 0
-7.0 4.333333 0.0 204 0 0
-7.0 4.333333 0.555556 204 0 0
-7.0 4.333333 1.111111 204 0 0
-7.0 4.333333 1.666667 204 0 0
-7.0 4.333333 2.222222 204 0 0
-7.0 4.333333 2.777778 204 0 0
-7.0 4.333333 3.333333 204 0 0
-7.0 4.333333 3.888889 204 0 0
-7.0 4.333333 4.444444 204 0 0
-7.0 4.333333 5.0 204 0 0
-7.0 4.866667 0.0 204 0 0
-7.0 4.866667 0.555556 204 0 0
-7.0 4.866667 1.111111 204 0 0
-7.0 4.866667 1.666667 204 0 0
-7.0 4.866667 2.222222 204 0 0
-7.0 4.866667 2.777778 204 0 0
-7.0 4.866667 3.333333 204 0 0
-7.0 4.866667 3.888889 204 0 0
-7.0 4.866667 4.444444 204 0 0
-7.0 4.866667 5.0 204 0 0
-7.0 5.4 0.0 204 0 0
-7.0 5.4 0.555556 204 0 0
-7.0 5.4 1.111111 204 0 0
-7.0 5.4 1.666667 204 0 0
-7.0 5.4 2.222222 204 0 0
-7.0 5.4 2.777778 204 0 0
-7.0 5.4 3.333333 204 0 0
-7.0 5.4 3.888889 204 0 0
-7.0 5.4 4.444444 204 0 0
-7.0 5.4 5.0 204 0 0
-7.0 5.933333 0.0 204 0 0
-7.0 5.933333 0.555556 204 0 0
-7.0 5.933333 1.111111 204 0 0
-7.0 5.933333 1.666667 204 0 0
-7.0 5.933333 2.222222 204 0 0
-7.0 5.933333 2.777778 204 0 0
-7.0 5.933333 3.333333 204 0 0
-7.0 5.933333 3.888889 204 0 0
-7.0 5.933333 4.444444 204 0 0
-7.0 5.933333 5.0 204 0 0
-7.0 6.466667 0.0 204 0 0
-7.0 6.466667 0.555556 204 0 0
-7.0 6.466667 1.111111 204 0 0
-7.0 6.466667 1.666667 204 0 0
-7.0 6.466667 2.222222 204 0 0
-7.0 6.466667 2.777778 204 0 0
-7.0 6.466667 3.333333 204 0 0
-7.0 6.466667 3.888889 204 0 0
-7.0 6.466667 4.444444 204 0 0
-7.0 6.466667 5.0 204 0 0
-7.0 7.0 0.0 204 0 0
-7.0 7.0 0.555556 204 0 0
-7.0 7.0 1.111111 204 0 0
-7.0 7.0 1.666667 204 0 0
-7.0 7.0 2.222222 204 0 0
-7.0 7.0 2.777778 204 0 0
-7.0 7.0 3.333333 204 0 0
-7.0 7.0 3.888889 204 0 0
-7.0 7.0 4.444444 204 0 0
-7.0 7.0 5.0 204 0 0
-7.0 7.0 0.0 204 0 0
-7.0 7.0 0.555556 204 0 0
-7.0 7.0 1.111111 204 0 0
-7.0 7.0 1.666667 204 0 0
-7.0 7.0 2.222222 204 0 0
-7.0 7.0 2.777778 204 0 0
-7.0 7.0 3.333333 204 0 0
-7.0 7.0 3.888889 204 0 0
-7.0 7.0 4.444444 204 0 0
-7.0 7.0 5.0 204 0 0
-6.333333 7.0 0.0 204 0 0
-6.333333 7.0 0.555556 204 0 0
-6.333333 7.0 1.111111 204 0 0
-6.333333 7.0 1.666667 204 0 0
-6.333333 7.0 2.222222 204 0 0
-6.333333 7.0 2.777778 204 0 0
-6.333333 7.0 3.333333 204 0 0
-6.333333 7.0 3.888889 204 0 0
-6.333333 7.0 4.444444 204 0 0
-6.333333 7.0 5.0 204 0 0
-5.666667 7.0 0.0 204 0 0
-5.666667 7.0 0.555556 204 0 0
-5.666667 7.0 1.111111 204 0 0
-5.666667 7.0 1.666667 204 0 0
-5.666667 7.0 2.222222 204 0 0
-5.666667 7.0 2.777778 204 0 0
-5.666667 7.0 3.333333 204 0 0
-5.666667 7.0 3.888889 204 0 0
-5.666667 7.0 4.444444 204 0 0
-5.666667 7.0 5.0 204 0 0
-5.0 7.0 0.0 204 0 0
-5.0 7.0 0.555556 204 0 0
-5.0 7.0 1.111111 204 0 0
-5.0 7.0 1.666667 204 0 0
-5.0 7.0 2.222222 204 0 0
-5.0 7.0 2.777778 204 0 0
-5.0 7.0 3.333333 204 0 0
-5.0 7.0 3.888889 204 0 0
-5.0 7.0 4.444444 204 0 0
-5.0 7.0 5.0 204 0 0
-7.0 -1.0 0.0 204 0 0
-7.0 -1.0 0.555556 204 0 0
-7.0 -1.0 1.111111 204 0 0
-7.0 -1.0 1.666667 204 0 0
-7.0 -1.0 2.222222 204 0 0
-7.0 -1.0 2.777778 204 0 0
-7.0 -1.0 3.333333 204 0 0
-7.0 -1.0 3.888889 204 0 0
-7.0 -1.0 4.444444 204 0 0
-7.0 -1.0 5.0 204 0 0
-6.333333 -1.0 0.0 204 0 0
-6.333333 -1.0 0.555556 204 0 0
-6.333333 -1.0 1.111111 204 0 0
-6.333333 -1.0 1.666667 204 0 0
-6.333333 -1.0 2.222222 204 0 0
-6.333333 -1.0 2.777778 204 0 0
-6.333333 -1.0 3.333333 204 0 0
-6.333333 -1.0 3.888889 204 0 0
-6.333333 -1.0 4.444444 204 0 0
-6.333333 -1.0 5.0 204 0 0
-5.666667 -1.0 0.0 204 0 0
-5.666667 -1.0 0.555556 204 0 0
-5.666667 -1.0 1.111111 204 0 0
-5.666667 -1.0 1.666667 204 0 0
-5.666667 -1.0 2.222222 204 0 0
-5.666667 -1.0 2.777778 204 0 0
-5.666667 -1.0 3.333333 204 0 0
-5.666667 -1.0 3.888889 204 0 0
-5.666667 -1.0 4.444444 204 0 0
-5.666667 -1.0 5.0 204 0 0
-5.0 -1.0 0.0 204 0 0
-5.0 -1.0 0.555556 204 0 0
-5.0 -1.0 1.111111 204 0 0
-5.0 -1.0 1.666667 204 0 0
-5.0 -1.0 2.222222 204 0 0
-5.0 -1.0 2.777778 204 0 0
-5.0 -1.0 3.333333 204 0 0
-5.0 -1.0 3.888889 204 0 0
-5.0 -1.0 4.444444 204 0 0
-5.0 -1.0 5.0 204 0 0
-7.0 -1.0 5.0 204 0 0
-7.0 -0.466667 5.0 204 0 0
-7.0 0.066667 5.0 204 0 0
-7.0 0.6 5.0 204 0 0
-7.0 1.133333 5.0 204 0 0
-7.0 1.666667 5.0 204 0 0
-7.0 2.2 5.0 204 0 0
-7.0 2.733333 5.0 204 0 0
-7.0 3.266667 5.0 204 0 0
-7.0 3.8 5.0 204 0 0
-7.0 4.333333 5.0 204 0 0
-7.0 4.866667 5.0 204 0 0
-7.0 5.4 5.0 204 0 0
-7.0 5.933333 5.0 204 0 0
-7.0 6.466667 5.0 204 0 0
-7.0 7.0 5.0 204 0 0
-6.333333 -1.0 5.0 204 0 0
-6.333333 -0.466667 5.0 204 0 0
-6.333333 0.066667 5.0 204 0 0
-6.333333 0.6 5.0 204 0 0
-6.333333 1.133333 5.0 204 0 0
-6.333333 1.666667 5.0 204 0 0
-6.333333 2.2 5.0 204 0 0
-6.333333 2.733333 5.0 204 0 0
-6.333333 3.266667 5.0 204 0 0
-6.333333 3.8 5.0 204 0 0
-6.333333 4.333333 5.0 204 0 0
-6.333333 4.866667 5.0 204 0 0
-6.333333 5.4 5.0 204 0 0
-6.333333 5.933333 5.0 204 0 0
-6.333333 6.466667 5.0 204 0 0
-6.333333 7.0 5.0 204 0 0
-5.666667 -1.0 5.0 204 0 0
-5.666667 -0.466667 5.0 204 0 0
-5.666667 0.066667 5.0 204 0 0
-5.666667 0.6 5.0 204 0 0
-5.666667 1.133333 5.0 204 0 0
-5.666667 1.666667 5.0 204 0 0
-5.666667 2.2 5.0 204 0 0
-5.666667 2.733333 5.0 204 0 0
-5.666667 3.266667 5.0 204 0 0
-5.666667 3.8 5.0 204 0 0
-5.666667 4.333333 5.0 204 0 0
-5.666667 4.866667 5.0 204 0 0
-5.666667 5.4 5.0 204 0 0
-5.666667 5.933333 5.0 204 0 0
-5.666667 6.466667 5.0 204 0 0
-5.666667 7.0 5.0 204 0 0
-5.0 -1.0 5.0 204 0 0
-5.0 -0.466667 5.0 204 0 0
-5.0 0.066667 5.0 204 0 0
-5.0 0.6 5.0 204 0 0
-5.0 1.133333 5.0 204 0 0
-5.0 1.666667 5.0 204 0 0
-5.0 2.2 5.0 204 0 0
-5.0 2.733333 5.0 204 0 0
-5.0 3.266667 5.0 204 0 0
-5.0 3.8 5.0 204 0 0
-5.0 4.333333 5.0 204 0 0
-5.0 4.866667 5.0 204 0 0
-5.0 5.4 5.0 204 0 0
-5.0 5.933333 5.0 204 0 0
-5.0 6.466667 5.0 204 0 0
-5.0 7.0 5.0 204 0 0
-7.0 -1.0 0.0 204 0 0
-7.0 -0.466667 0.0 204 0 0
-7.0 0.066667 0.0 204 0 0
-7.0 0.6 0.0 204 0 0
-7.0 1.133333 0.0 204 0 0
-7.0 1.666667 0.0 204 0 0
-7.0 2.2 0.0 204 0 0
-7.0 2.733333 0.0 204 0 0
-7.0 3.266667 0.0 204 0 0
-7.0 3.8 0.0 204 0 0
-7.0 4.333333 0.0 204 0 0
-7.0 4.866667 0.0 204 0 0
-7.0 5.4 0.0 204 0 0
-7.0 5.933333 0.0 204 0 0
-7.0 6.466667 0.0 204 0 0
-7.0 7.0 0.0 204 0 0
-6.333333 -1.0 0.0 204 0 0
-6.333333 -0.466667 0.0 204 0 0
-6.333333 0.066667 0.0 204 0 0
-6.333333 0.6 0.0 204 0 0
-6.333333 1.133333 0.0 204 0 0
-6.333333 1.666667 0.0 204 0 0
-6.333333 2.2 0.0 204 0 0
-6.333333 2.733333 0.0 204 0 0
-6.333333 3.266667 0.0 204 0 0
-6.333333 3.8 0.0 204 0 0
-6.333333 4.333333 0.0 204 0 0
-6.333333 4.866667 0.0 204 0 0
-6.333333 5.4 0.0 204 0 0
-6.333333 5.933333 0.0 204 0 0
-6.333333 6.466667 0.0 204 0 0
-6.333333 7.0 0.0 204 0 0
-5.666667 -1.0 0.0 204 0 0
-5.666667 -0.466667 0.0 204 0 0
-5.666667 0.066667 0.0 204 0 0
-5.666667 0.6 0.0 204 0 0
-5.666667 1.133333 0.0 204 0 0
-5.666667 1.666667 0.0 204 0 0
-5.666667 2.2 0.0 204 0 0
-5.666667 2.733333 0.0 204 0 0
-5.666667 3.266667 0.0 204 0 0
-5.666667 3.8 0.0 204 0 0
-5.666667 4.333333 0.0 204 0 0
-5.666667 4.866667 0.0 204 0 0
-5.666667 5.4 0.0 204 0 0
-5.666667 5.933333 0.0 204 0 0
-5.666667 6.466667 0.0 204 0 0
-5.666667 7.0 0.0 204 0 0
-5.0 -1.0 0.0 204 0 0
-5.0 -0.466667 0.0 204 0 0
-5.0 0.066667 0.0 204 0 0
-5.0 0.6 0.0 204 0 0
-5.0 1.133333 0.0 204 0 0
-5.0 1.666667 0.0 204 0 0
-5.0 2.2 0.0 204 0 0
-5.0 2.733333 0.0 204 0 0
-5.0 3.266667 0.0 204 0 0
-5.0 3.8 0.0 204 0 0
-5.0 4.333333 0.0 204 0 0
-5.0 4.866667 0.0 204 0 0
-5.0 5.4 0.0 204 0 0
-5.0 5.933333 0.0 204 0 0
-5.0 6.466667 0.0 204 0 0
-5.0 7.0 0.0 204 0 0
1.0 -12.0 0.0 204 0 0
1.0 -12.0 0.555556 204 0 0
1.0 -12.0 1.111111 204 0 0
1.0 -12.0 1.666667 204 0 0
1.0 -12.0 2.222222 204 0 0
1.0 -12.0 2.777778 204 0 0
1.0 -12.0 3.333333 204 0 0
1.0 -12.0 3.888889 204 0 0
1.0 -12.0 4.444444 204 0 0
1.0 -12.0 5.0 204 0 0
1.0 -11.466667 0.0 204 0 0
1.0 -11.466667 0.555556 204 0 0
1.0 -11.466667 1.111111 204 0 0
1.0 -11.466667 1.666667 204 0 0
1.0 -11.466667 2.222222 204 0 0
1.0 -11.466667 2.777778 204 0 0
1.0 -11.466667 3.333333 204 0 0
1.0 -11.466667 3.888889 204 0 0
1.0 -11.466667 4.444444 204 0 0
1.0 -11.466667 5.0 204 0 0
1.0 -10.933333 0.0 204 0 0
1.0 -10.933333 0.555556 204 0 0
1.0 -10.933333 1.111111 204 0 0
1.0 -10.933333 1.666667 204 0 0
1.0 -10.933333 2.222222 204 0 0
1.0 -10.933333 2.777778 204 0 0
1.0 -10.933333 3.333333 204 0 0
1.0 -10.933333 3.888889 204 0 0
1.0 -10.933333 4.444444 204 0 0
1.0 -10.933333 5.0 204 0 0
1.0 -10.4 0.0 204 0 0
1.0 -10.4 0.555556 204 0 0
1.0 -10.4 1.111111 204 0 0
1.0 -10.4 1.666667 204 0 0
1.0 -10.4 2.222222 204 0 0
1.0 -10.4 2.777778 204 0 0
1.0 -10.4 3.333333 204 0 0
1.0 -10.4 3.888889 204 0 0
1.0 -10.4 4.444444 204 0 0
1.0 -10.4 5.0 204 0 0
1.0 -9.866667 0.0 204 0 0
1.0 -9.866667 0.555556 204 0 0
1.0 -9.866667 1.111111 204 0 0
1.0 -9.866667 1.666667 204 0 0
1.0 -9.866667 2.222222 204 0 0
1.0 -9.866667 2.777778 204 0 0
1.0 -9.866667 3.333333 204 0 0
1.0 -9.866667 3.888889 204 0 0
1.0 -9.866667 4.444444 204 0 0
1.0 -9.866667 5.0 204 0 0
1.0 -9.333333 0.0 204 0 0
1.0 -9.333333 0.555556 204 0 0
1.0 -9.333333 1.111111 204 0 0
1.0 -9.333333 1.666667 204 0 0
1.0 -9.333333 2.222222 204 0 0
1.0 -9.333333 2.777778 204 0 0
1.0 -9.333333 3.333333 204 0 0
1.0 -9.333333 3.888889 204 0 0
1.0 -9.333333 4.444444 204 0 0
1.0 -9.333333 5.0 204 0 0
1.0 -8.8 0.0 204 0 0
1.0 -8.8 0.555556 204 0 0
1.0 -8.8 1.111111 204 0 0
1.0 -8.8 1.666667 204 0 0
1.0 -8.8 2.222222 204 0 0
1.0 -8.8 2.777778 204 0 0
1.0 -8.8 3.333333 204 0 0
1.0 -8.8 3.888889 204 0 0
1.0 -8.8 4.444444 204 0 0
1.0 -8.8 5.0 204 0 0
1.0 -8.266667 0.0 204 0 0
1.0 -8.266667 0.555556 204 0 0
1.0 -8.266667 1.111111 204 0 0
1.0 -8.266667 1.666667 204 0 0
1.0 -8.266667 2.222222 204 0 0
1.0 -8.266667 2.777778 204 0 0
1.0 -8.266667 3.333333 204 0 0
1.0 -8.266667 3.888889 204 0 0
1.0 -8.266667 4.444444 204 0 0
1.0 -8.266667 5.0 204 0 0
1.0 -7.733333 0.0 204 0 0
1.0 -7.733333 0.555556 204 0 0
1.0 -7.733333 1.111111 204 0 0
1.0 -7.733333 1.666667 204 0 0
1.0 -7.733333 2.222222 204 0 0
1.0 -7.733333 2.777778 204 0 0
1.0 -7.733333 3.333333 204 0 0
1.0 -7.733333 3.888889 204 0 0
1.0 -7.733333 4.444444 204 0 0
1.0 -7.733333 5.0 204 0 0
1.0 -7.2 0.0 204 0 0
1.0 -7.2 0.555556 204 0 0
1.0 -7.2 1.111111 204 0 0
1.0 -7.2 1.666667 204 0 0
1.0 -7.2 2.222222 204 0 0
1.0 -7.2 2.777778 204 0 0
1.0 -7.2 3.333333 204 0 0
1.0 -7.2 3.888889 204 0 0
1.0 -7.2 4.444444 204 0 0
1.0 -7.2 5.0 204 0 0
1.0 -6.666667 0.0 204 0 0
1.0 -6.666667 0.555556 204 0 0
1.0 -6.666667 1.111111 204 0 0
1.0 -6.666667 1.666667 204 0 0
1.0 -6.666667 2.222222 204 0 0
1.0 -6.666667 2.777778 204 0 0
1.0 -6.666667 3.333333 204 0 0
1.0 -6.666667 3.888889 204 0 0
1.0 -6.666667 4.444444 204 0 0
1.0 -6.666667 5.0 204 0 0
1.0 -6.133333 0.0 204 0 0
1.0 -6.133333 0.555556 204 0 0
1.0 -6.133333 1.111111 204 0 0
1.0 -6.133333 1.666667 204 0 0
1.0 -6.133333 2.222222 204 0 0
1.0 -6.133333 2.777778 204 0 0
1.0 -6.133333 3.333333 204 0 0
1.0 -6.133333 3.888889 204 0 0
1.0 -6.133333 4.444444 204 0 0
1.0 -6.133333 5.0 204 0 0
1.0 -5.6 0.0 204 0 0
1.0 -5.6 0.555556 204 0 0
1.0 -5.6 1.111111 204 0 0
1.0 -5.6 1.666667 204 0 0
1.0 -5.6 2.222222 204 0 0
1.0 -5.6 2.777778 204 0 0
1.0 -5.6 3.333333 204 0 0
1.0 -5.6 3.888889 204 0 0
1.0 -5.6 4.444444 204 0 0
1.0 -5.6 5.0 204 0 0
1.0 -5.066667 0.0 204 0 0
1.0 -5.066667 0.555556 204 0 0
1.0 -5.066667 1.111111 204 0 0
1.0 -5.066667 1.666667 204 0 0
1.0 -5.066667 2.222222 204 0 0
1.0 -5.066667 2.777778 204 0 0
1.0 -5.066667 3.333333 204 0 0
1.0 -5.066667 3.888889 204 0 0
1.0 -5.066667 4.444444 204 0 0
1.0 -5.066667 5.0 204 0 0
1.0 -4.533333 0.0 204 0 0
1.0 -4.533333 0.555556 204 0 0
1.0 -4.533333 1.111111 204 0 0
1.0 -4.533333 1.666667 204 0 0
1.0 -4.533333 2.222222 204 0 0
1.0 -4.533333 2.777778 204 0 0
1.0 -4.533333 3.333333 204 0 0
1.0 -4.533333 3.888889 204 0 0
1.0 -4.533333 4.444444 204 0 0
1.0 -4.533333 5.0 204 0 0
1.0 -4.0 0.0 204 0 0
1.0 -4.0 0.555556 204 0 0
1.0 -4.0 1.111111 204 0 0
1.0 -4.0 1.666667 204 0 0
1.0 -4.0 2.222222 204 0 0
1.0 -4.0 2.777778 204 0 0
1.0 -4.0 3.333333 204 0 0
1.0 -4.0 3.888889 204 0 0
1.0 -4.0 4.444444 204 0 0
1.0 -4.0 5.0 204 0 0
-1.0 -12.0 0.0 204 0 0
-1.0 -12.0 0.555556 204 0 0
-1.0 -12.0 1.111111 204 0 0
-1.0 -12.0 1.666667 204 0 0
-1.0 -12.0 2.222222 204 0 0
-1.0 -12.0 2.777778 204 0 0
-1.0 -12.0 3.333333 204 0 0
-1.0 -12.0 3.888889 204 0 0
-1.0 -12.0 4.444444 204 0 0
-1.0 -12.0 5.0 204 0 0
-1.0 -11.466667 0.0 204 0 0
-1.0 -11.466667 0.555556 204 0 0
-1.0 -11.466667 1.111111 204 0 0
-1.0 -11.466667 1.666667 204 0 0
-1.0 -11.466667 2.222222 204 0 0
-1.0 -11.466667 2.777778 204 0 0
-1.0 -11.466667 3.333333 204 0 0
-1.0 -11.466667 3.888889 204 0 0
-1.0 -11.466667 4.444444 204 0 0
-1.0 -11.466667 5.0 204 0 0
-1.0 -10.933333 0.0 204 0 0
-1.0 -10.933333 0.555556 204 0 0
-1.0 -10.933333 1.111111 204 0 0
-1.0 -10.933333 1.666667 204 0 0
-1.0 -10.933333 2.222222 204 0 0
-1.0 -10.933333 2.777778 204 0 0
-1.0 -10.933333 3.333333 204 0 0
-1.0 -10.933333 3.888889 204 0 0
-1.0 -10.933333 4.444444 204 0 0
-1.0 -10.933333 5.0 204 0 0
-1.0 -10.4 0.0 204 0 0
-1.0 -10.4 0.555556 204 0 0
-1.0 -10.4 1.111111 204 0 0
-1.0 -10.4 1.666667 204 0 0
-1.0 -10.4 2.222222 204 0 0
-1.0 -10.4 2.777778 204 0 0
-1.0 -10.4 3.333333 204 0 0
-1.0 -10.4 3.888889 204 0 0
-1.0 -10.4 4.444444 204 0 0
-1.0 -10.4 5.0 204 0 0
-1.0 -9.866667 0.0 204 0 0
-1.0 -9.866667 0.555556 204 0 0
-1.0 -9.866667 1.111111 204 0 0
-1.0 -9.866667 1.666667 204 0 0
-1.0 -9.866667 2.222222 204 0 0
-1.0 -9.866667 2.777778 204 0 0
-1.0 -9.866667 3.333333 204 0 0
-1.0 -9.866667 3.888889 204 0 0
-1.0 -9.866667 4.444444 204 0 0
-1.0 -9.866667 5.0 204 0 0
-1.0 -9.333333 0.0 204 0 0
-1.0 -9.333333 0.555556 204 0 0
-1.0 -9.333333 1.111111 204 0 0
-1.0 -9.333333 1.666667 204 0 0
-1.0 -9.333333 2.222222 204 0 0
-1.0 -9.333333 2.777778 204 0 0
-1.0 -9.333333 3.333333 204 0 0
-1.0 -9.333333 3.888889 204 0 0
-1.0 -9.333333 4.444444 204 0 0
-1.0 -9.333333 5.0 204 0 0
-1.0 -8.8 0.0 204 0 0
-1.0 -8.8 0.555556 204 0 0
-1.0 -8.8 1.111111 204 0 0
-1.0 -8.8 1.666667 204 0 0
-1.0 -8.8 2.222222 204 0 0
-1.0 -8.8 2.777778 204 0 0
-1.0 -8.8 3.333333 204 0 0
-1.0 -8.8 3.888889 204 0 0
-1.0 -8.8 4.444444 204 0 0
-1.0 -8.8 5.0 204 0 0
-1.0 -8.266667 0.0 204 0 0
-1.0 -8.266667 0.555556 204 0 0
-1.0 -8.266667 1.111111 204 0 0
-1.0 -8.266667 1.666667 204 0 0
-1.0 -8.266667 2.222222 204 0 0
-1.0 -8.266667 2.777778 204 0 0
-1.0 -8.266667 3.333333 204 0 0
-1.0 -8.266667 3.888889 204 0 0
-1.0 -8.266667 4.444444 204 0 0
-1.0 -8.266667 5.0 204 0 0
-1.0 -7.733333 0.0 204 0 0
-1.0 -7.733333 0.555556 204 0 0
-1.0 -7.733333 1.111111 204 0 0
-1.0 -7.733333 1.666667 204 0 0
-1.0 -7.733333 2.222222 204 0 0
-1.0 -7.733333 2.777778 204 0 0
-1.0 -7.733333 3.333333 204 0 0
-1.0 -7.733333 3.888889 204 0 0
-1.0 -7.733333 4.444444 204 0 0
-1.0 -7.733333 5.0 204 0 0
-1.0 -7.2 0.0 204 0 0
-1.0 -7.2 0.555556 204 0 0
-1.0 -7.2 1.111111 204 0 0
-1.0 -7.2 1.666667 204 0 0
-1.0 -7.2 2.222222 204 0 0
-1.0 -7.2 2.777778 204 0 0
-1.0 -7.2 3.333333 204 0 0
-1.0 -7.2 3.888889 204 0 0
-1.0 -7.2 4.444444 204 0 0
-1.0 -7.2 5.0 204 0 0
-1.0 -6.666667 0.0 204 0 0
-1.0 -6.666667 0.555556 204 0 0
-1.0 -6.666667 1.111111 204 0 0
-1.0 -6.666667 1.666667 204 0 0
-1.0 -6.666667 2.222222 204 0 0
-1.0 -6.666667 2.777778 204 0 0
-1.0 -6.666667 3.333333 204 0 0
-1.0 -6.666667 3.888889 204 0 0
-1.0 -6.666667 4.444444 204 0 0
-1.0 -6.666667 5.0 204 0 0
-1.0 -6.133333 0.0 204 0 0
-1.0 -6.133333 0.555556 204 0 0
-1.0 -6.133333 1.111111 204 0 0
-1.0 -6.133333 1.666667 204 0 0
-1.0 -6.133333 2.222222 204 0 0
-1.0 -6.133333 2.777778 204 0 0
-1.0 -6.133333 3.333333 204 0 0
-1.0 -6.133333 3.888889 204 0 0
-1.0 -6.133333 4.444444 204 0 0
-1.0 -6.133333 5.0 204 0 0
-1.0 -5.6 0.0 204 0 0
-1.0 -5.6 0.555556 204 0 0
-1.0 -5.6 1.111111 204 0 0
-1.0 -5.6 1.666667 204 0 0
-1.0 -5.6 2.222222 204 0 0
-1.0 -5.6 2.777778 204 0 0
-1.0 -5.6 3.333333 204 0 0
-1.0 -5.6 3.888889 204 0 0
-1.0 -5.6 4.444444 204 0 0
-1.0 -5.6 5.0 204 0 0
-1.0 -5.066667 0.0 204 0 0
-1.0 -5.066667 0.555556 204 0 0
-1.0 -5.066667 1.111111 204 0 0
-1.0 -5.066667 1.666667 204 0 0
-1.0 -5.066667 2.222222 204 0 0
-1.0 -5.066667 2.777778 204 0 0
-1.0 -5.066667 3.333333 204 0 0
-1.0 -5.066667 3.888889 204 0 0
-1.0 -5.066667 4.444444 204 0 0
-1.0 -5.066667 5.0 204 0 0
-1.0 -4.533333 0.0 204 0 0
-1.0 -4.533333 0.555556 204 0 0
-1.0 -4.533333 1.111111 204 0 0
-1.0 -4.533333 1.666667 204 0 0
-1.0 -4.533333 2.222222 204 0 0
-1.0 -4.533333 2.777778 204 0 0
-1.0 -4.533333 3.333333 204 0 0
-1.0 -4.533333 3.888889 204 0 0
-1.0 -4.533333 4.444444 204 0 0
-1.0 -4.533333 5.0 204 0 0
-1.0 -4.0 0.0 204 0 0
-1.0 -4.0 0.555556 204 0 0
-1.0 -4.0 1.111111 204 0 0
-1.0 -4.0 1.666667 204 0 0
-1.0 -4.0 2.222222 204 0 0
-1.0 -4.0 2.777778 204 0 0
-1.0 -4.0 3.333333 204 0 0
-1.0 -4.0 3.888889 204 0 0
-1.0 -4.0 4.444444 204 0 0
-1.0 -4.0 5.0 204 0 0
-1.0 -4.0 0.0 204 0 0
-1.0 -4.0 0.555556 204 0 0
-1.0 -4.0 1.111111 204 0 0
-1.0 -4.0 1.666667 204 0 0
-1.0 -4.0 2.222222 204 0 0
-1.0 -4.0 2.777778 204 0 0
-1.0 -4.0 3.333333 204 0 0
-1.0 -4.0 3.888889 204 0 0
-1.0 -4.0 4.444444 204 0 0
-1.0 -4.0 5.0 204 0 0
-0.333333 -4.0 0.0 204 0 0
-0.333333 -4.0 0.555556 204 0 0
-0.333333 -4.0 1.111111 204 0 0
-0.333333 -4.0 1.666667 204 0 0
-0.333333 -4.0 2.222222 204 0 0
-0.333333 -4.0 2.777778 204 0 0
-0.333333 -4.0 3.333333 204 0 0
-0.333333 -4.0 3.888889 204 0 0
-0.333333 -4.0 4.444444 204 0 0
-0.333333 -4.0 5.0 204 0 0
0.333333 -4.0 0.0 204 0 0
0.333333 -4.0 0.555556 204 0 0
0.333333 -4.0 1.111111 204 0 0
0.333333 -4.0 1.666667 204 0 0
0.333333 -4.0 2.222222 204 0 0
0.333333 -4.0 2.777778 204 0 0
0.333333 -4.0 3.333333 204 0 0
0.333333 -4.0 3.888889 204 0 0
0.333333 -4.0 4.444444 204 0 0
0.333333 -4.0 5.0 204 0 0
1.0 -4.0 0.0 204 0 0
1.0 -4.0 0.555556 204 0 0
1.0 -4.0 1.111111 204 0 0
1.0 -4.0 1.666667 204 0 0
1.0 -4.0 2.222222 204 0 0
1.0 -4.0 2.777778 204 0 0
1.0 -4.0 3.333333 204 0 0
1.0 -4.0 3.888889 204 0 0
1.0 -4.0 4.444444 204 0 0
1.0 -4.0 5.0 204 0 0
-1.0 -12.0 0.0 204 0 0
-1.0 -12.0 0.555556 204 0 0
-1.0 -12.0 1.111111 204 0 0
-1.0 -12.0 1.666667 204 0 0
-1.0 -12.0 2.222222 204 0 0
-1.0 -12.0 2.777778 204 0 0
-1.0 -12.0 3.333333 204 0 0
-1.0 -12.0 3.888889 204 0 0
-1.0 -12.0 4.444444 204 0 0
-1.0 -12.0 5.0 204 0 0
-0.333333 -12.0 0.0 204 0 0
-0.333333 -12.0 0.555556 204 0 0
-0.333333 -12.0 1.111111 204 0 0
-0.333333 -12.0 1.666667 204 0 0
-0.333333 -12.0 2.222222 204 0 0
-0.333333 -12.0 2.777778 204 0 0
-0.333333 -12.0 3.333333 204 0 0
-0.333333 -12.0 3.888889 204 0 0
-0.333333 -12.0 4.444444 204 0 0
-0.333333 -12.0 5.0 204 0 0
0.333333 -12.0 0.0 204 0 0
0.333333 -12.0 0.555556 204 0 0
0.333333 -12.0 1.111111 204 0 0
0.333333 -12.0 1.666667 204 0 0
0.333333 -12.0 2.222222 204 0 0
0.333333 -12.0 2.777778 204 0 0
0.333333 -12.0 3.333333 204 0 0
0.333333 -12.0 3.888889 204 0 0
0.333333 -12.0 4.444444 204 0 0
0.333333 -12.0 5.0 204 0 0
1.0 -12.0 0.0 204 0 0
1.0 -12.0 0.555556 204 0 0
1.0 -12.0 1.111111 204 0 0
1.0 -12.0 1.666667 204 0 0
1.0 -12.0 2.222222 204 0 0
1.0 -12.0 2.777778 204 0 0
1.0 -12.0 3.333333 204 0 0
1.0 -12.0 3.888889 204 0 0
1.0 -12.0 4.444444 204 0 0
1.0 -12.0 5.0 204 0 0
-1.0 -12.0 5.0 204 0 0
-1.0 -11.466667 5.0 204 0 0
-1.0 -10.933333 5.0 204 0 0
-1.0 -10.4 5.0 204 0 0
-1.0 -9.866667 5.0 204 0 0
-1.0 -9.333333 5.0 204 0 0
-1.0 -8.8 5.0 204 0 0
-1.0 -8.266667 5.0 204 0 0
-1.0 -7.733333 5.0 204 0 0
-1.0 -7.2 5.0 204 0 0
-1.0 -6.666667 5.0 204 0 0
-1.0 -6.133333 5.0 204 0 0
-1.0 -5.6 5.0 204 0 0
-1.0 -5.066667 5.0 204 0 0
-1.0 -4.533333 5.0 204 0 0
-1.0 -4.0 5.0 204 0 0
-0.333333 -12.0 5.0 204 0 0
-0.333333 -11.466667 5.0 204 0 0
-0.333333 -10.933333 5.0 204 0 0
-0.333333 -10.4 5.0 204 0 0
-0.333333 -9.866667 5.0 204 0 0
-0.333333 -9.333333 5.0 204 0 0
-0.333333 -8.8 5.0 204 0 0
-0.333333 -8.266667 5.0 204 0 0
-0.333333 -7.733333 5.0 204 0 0
-0.333333 -7.2 5.0 204 0 0
-0.333333 -6.666667 5.0 204 0 0
-0.333333 -6.133333 5.0 204 0 0
-0.333333 -5.6 5.0 204 0 0
-0.333333 -5.066667 5.0 204 0 0
-0.333333 -4.533333 5.0 204 0 0
-0.333333 -4.0 5.0 204 0 0
0.333333 -12.0 5.0 204 0 0
0.333333 -11.466667 5.0 204 0 0
0.333333 -10.933333 5.0 204 0 0
0.333333 -10.4 5.0 204 0 0
0.333333 -9.866667 5.0 204 0 0
0.333333 -9.333333 5.0 204 0 0
0.333333 -8.8 5.0 204 0 0
0.333333 -8.266667 5.0 204 0 0
0.333333 -7.733333 5.0 204 0 0
0.333333 -7.2 5.0 204 0 0
0.333333 -6.666667 5.0 204 0 0
0.333333 -6.133333 5.0 204 0 0
0.333333 -5.6 5.0 204 0 0
0.333333 -5.066667 5.0 204 0 0
0.333333 -4.533333 5.0 204 0 0
0.333333 -4.0 5.0 204 0 0
1.0 -12.0 5.0 204 0 0
1.0 -11.466667 5.0 204 0 0
1.0 -10.933333 5.0 204 0 0
1.0 -10.4 5.0 204 0 0
1.0 -9.866667 5.0 204 0 0
1.0 -9.333333 5.0 204 0 0
1.0 -8.8 5.0 204 0 0
1.0 -8.266667 5.0 204 0 0
1.0 -7.733333 5.0 204 0 0
1.0 -7.2 5.0 204 0 0
1.0 -6.666667 5.0 204 0 0
1.0 -6.133333 5.0 204 0 0
1.0 -5.6 5.0 204 0 0
1.0 -5.066667 5.0 204 0 0
1.0 -4.533333 5.0 204 0 0
1.0 -4.0 5.0 204 0 0
-1.0 -12.0 0.0 204 0 0
-1.0 -11.466667 0.0 204 0 0
-1.0 -10.933333 0.0 204 0 0
-1.0 -10.4 0.0 204 0 0
-1.0 -9.866667 0.0 204 0 0
-1.0 -9.333333 0.0 204 0 0
-1.0 -8.8 0.0 204 0 0
-1.0 -8.266667 0.0 204 0 0
-1.0 -7.733333 0.0 204 0 0
-1.0 -7.2 0.0 204 0 0
-1.0 -6.666667 0.0 204 0 0
-1.0 -6.133333 0.0 204 0 0
-1.0 -5.6 0.0 204 0 0
-1.0 -5.066667 0.0 204 0 0
-1.0 -4.533333 0.0 204 0 0
-1.0 -4.0 0.0 204 0 0
-0.333333 -12.0 0.0 204 0 0
-0.333333 -11.466667 0.0 204 0 0
-0.333333 -10.933333 0.0 204 0 0
-0.333333 -10.4 0.0 204 0 0
-0.333333 -9.866667 0.0 204 0 0
-0.333333 -9.333333 0.0 204 0 0
-0.333333 -8.8 0.0 204 0 0
-0.333333 -8.266667 0.0 204 0 0
-0.333333 -7.733333 0.0 204 0 0
-0.333333 -7.2 0.0 204 0 0
-0.333333 -6.666667 0.0 204 0 0
-0.333333 -6.133333 0.0 204 0 0
-0.333333 -5.6 0.0 204 0 0
-0.333333 -5.066667 0.0 204 0 0
-0.333333 -4.533333 0.0 204 0 0
-0.333333 -4.0 0.0 204 0 0
0.333333 -12.0 0.0 204 0 0
0.333333 -11.466667 0.0 204 0 0
0.333333 -10.933333 0.0 204 0 0
0.333333 -10.4 0.0 204 0 0
0.333333 -9.866667 0.0 204 0 0
0.333333 -9.333333 0.0 204 0 0
0.333333 -8.8 0.0 204 0 0
0.333333 -8.266667 0.0 204 0 0
0.333333 -7.733333 0.0 204 0 0
0.333333 -7.2 0.0 204 0 0
0.333333 -6.666667 0.0 204 0 0
0.333333 -6.133333 0.0 204 0 0
0.333333 -5.6 0.0 204 0 0
0.333333 -5.066667 0.0 204 0 0
0.333333 -4.533333 0.0 204 0 0
0.333333 -4.0 0.0 204 0 0
1.0 -12.0 0.0 204 0 0
1.0 -11.466667 0.0 204 0 0
1.0 -10.933333 0.0 204 0 0
1.0 -10.4 0.0 204 0 0
1.0 -9.866667 0.0 204 0 0
1.0 -9.333333 0.0 204 0 0
1.0 -8.8 0.0 204 0 0
1.0 -8.266667 0.0 204 0 0
1.0 -7.733333 0.0 204 0 0
1.0 -7.2 0.0 204 0 0
1.0 -6.666667 0.0 204 0 0
1.0 -6.133333 0.0 204 0 0
1.0 -5.6 0.0 204 0 0
1.0 -5.066667 0.0 204 0 0
1.0 -4.533333 0.0 204 0 0
1.0 -4.0 0.0 204 0 0
1.0 -1.0 0.0 204 0 0
1.0 -1.0 0.555556 204 0 0
1.0 -1.0 1.111111 204 0 0
1.0 -1.0 1.666667 204 0 0
1.0 -1.0 2.222222 204 0 0
1.0 -1.0 2.777778 204 0 0
1.0 -1.0 3.333333 204 0 0
1.0 -1.0 3.888889 204 0 0
1.0 -1.0 4.444444 204 0 0
1.0 -1.0 5.0 204 0 0
1.0 -0.466667 0.0 204 0 0
1.0 -0.466667 0.555556 204 0 0
1.0 -0.466667 1.111111 204 0 0
1.0 -0.466667 1.666667 204 0 0
1.0 -0.466667 2.222222 204 0 0
1.0 -0.466667 2.777778 204 0 0
1.0 -0.466667 3.333333 204 0 0
1.0 -0.466667 3.888889 204 0 0
1.0 -0.466667 4.444444 204 0 0
1.0 -0.466667 5.0 204 0 0
1.0 0.066667 0.0 204 0 0
1.0 0.066667 0.555556 204 0 0
1.0 0.066667 1.111111 204 0 0
1.0 0.066667 1.666667 204 0 0
1.0 0.066667 2.222222 204 0 0
1.0 0.066667 2.777778 204 0 0
1.0 0.066667 3.333333 204 0 0
1.0 0.066667 3.888889 204 0 0
1.0 0.066667 4.444444 204 0 0
1.0 0.066667 5.0 204 0 0
1.0 0.6 0.0 204 0 0
1.0 0.6 0.555556 204 0 0
1.0 0.6 1.111111 204 0 0
1.0 0.6 1.666667 204 0 0
1.0 0.6 2.222222 204 0 0
1.0 0.6 2.777778 204 0 0
1.0 0.6 3.333333 204 0 0
1.0 0.6 3.888889 204 0 0
1.0 0.6 4.444444 204 0 0
1.0 0.6 5.0 204 0 0
1.0 1.133333 0.0 204 0 0
1.0 1.133333 0.555556 204 0 0
1.0 1.133333 1.111111 204 0 0
1.0 1.133333 1.666667 204 0 0
1.0 1.133333 2.222222 204 0 0
1.0 1.133333 2.777778 204 0 0
1.0 1.133333 3.333333 204 0 0
1.0 1.133333 3.888889 204 0 0
1.0 1.133333 4.444444 204 0 0
1.0 1.133333 5.0 204 0 0
1.0 1.666667 0.0 204 0 0
1.0 1.666667 0.555556 204 0 0
1.0 1.666667 1.111111 204 0 0
1.0 1.666667 1.666667 204 0 0
1.0 1.666667 2.222222 204 0 0
1.0 1.666667 2.777778 204 0 0
1.0 1.666667 3.333333 204 0 0
1.0 1.666667 3.888889 204 0 0
1.0 1.666667 4.444444 204 0 0
1.0 1.666667 5.0 204 0 0
1.0 2.2 0.0 204 0 0
1.0 2.2 0.555556 204 0 0
1.0 2.2 1.111111 204 0 0
1.0 2.2 1.666667 204 0 0
1.0 2.2 2.222222 204 0 0
1.0 2.2 2.777778 204 0 0
1.0 2.2 3.333333 204 0 0
1.0 2.2 3.888889 204 0 0
1.0 2.2 4.444444 204 0 0
1.0 2.2 5.0 204 0 0
1.0 2.733333 0.0 204 0 0
1.0 2.733333 0.555556 204 0 0
1.0 2.733333 1.111111 204 0 0
1.0 2.733333 1.666667 204 0 0
1.0 2.733333 2.222222 204 0 0
1.0 2.733333 2.777778 204 0 0
1.0 2.733333 3.333333 204 0 0
1.0 2.733333 3.888889 204 0 0
1.0 2.733333 4.444444 204 0 0
1.0 2.733333 5.0 204 0 0
1.0 3.266667 0.0 204 0 0
1.0 3.266667 0.555556 204 0 0
1.0 3.266667 1.111111 204 0 0
1.0 3.266667 1.666667 204 0 0
1.0 3.266667 2.222222 204 0 0
1.0 3.266667 2.777778 204 0 0
1.0 3.266667 3.333333 204 0 0
1.0 3.266667 3.888889 204 0 0
1.0 3.266667 4.444444 204 0 0
1.0 3.266667 5.0 204 0 0
1.0 3.8 0.0 204 0 0
1.0 3.8 0.555556 204 0 0
1.0 3.8 1.111111 204 0 0
1.0 3.8 1.666667 204 0 0
1.0 3.8 2.222222 204 0 0
1.0 3.8 2.777778 204 0 0
1.0 3.8 3.333333 204 0 0
1.0 3.8 3.888889 204 0 0
1.0 3.8 4.444444 204 0 0
1.0 3.8 5.0 204 0 0
1.0 4.333333 0.0 204 0 0
1.0 4.333333 0.555556 204 0 0
1.0 4.333333 1.111111 204 0 0
1.0 4.333333 1.666667 204 0 0
1.0 4.333333 2.222222 204 0 0
1.0 4.333333 2.777778 204 0 0
1.0 4.333333 3.333333 204 0 0
1.0 4.333333 3.888889 204 0 0
1.0 4.333333 4.444444 204 0 0
1.0 4.333333 5.0 204 0 0
1.0 4.866667 0.0 204 0 0
1.0 4.866667 0.555556 204 0 0
1.0 4.866667 1.111111 204 0 0
1.0 4.866667 1.666667 204 0 0
1.0 4.866667 2.222222 204 0 0
1.0 4.866667 2.777778 204 0 0
1.0 4.866667 3.333333 204 0 0
1.0 4.866667 3.888889 204 0 0
1.0 4.866667 4.444444 204 0 0
1.0 4.866667 5.0 204 0 0
1.0 5.4 0.0 204 0 0
1.0 5.4 0.555556 204 0 0
1.0 5.4 1.111111 204 0 0
1.0 5.4 1.666667 204 0 0
1.0 5.4 2.222222 204 0 0
1.0 5.4 2.777778 204 0 0
1.0 5.4 3.333333 204 0 0
1.0 5.4 3.888889 204 0 0
1.0 5.4 4.444444 204 0 0
1.0 5.4 5.0 204 0 0
1.0 5.933333 0.0 204 0 0
1.0 5.933333 0.555556 204 0 0
1.0 5.933333 1.111111 204 0 0
1.0 5.933333 1.666667 204 0 0
1.0 5.933333 2.222222 204 0 0
1.0 5.933333 2.777778 204 0 0
1.0 5.933333 3.333333 204 0 0
1.0 5.933333 3.888889 204 0 0
1.0 5.933333 4.444444 204 0 0
1.0 5.933333 5.0 204 0 0
1.0 6.466667 0.0 204 0 0
1.0 6.466667 0.555556 204 0 0
1.0 6.466667 1.111111 204 0 0
1.0 6.466667 1.666667 204 0 0
1.0 6.466667 2.222222 204 0 0
1.0 6.466667 2.777778 204 0 0
1.0 6.466667 3.333333 204 0 0
1.0 6.466667 3.888889 204 0 0
1.0 6.466667 4.444444 204 0 0
1.0 6.466667 5.0 204 0 0
1.0 7.0 0.0 204 0 0
1.0 7.0 0.555556 204 0 0
1.0 7.0 1.111111 204 0 0
1.0 7.0 1.666667 204 0 0
1.0 7.0 2.222222 204 0 0
1.0 7.0 2.777778 204 0 0
1.0 7.0 3.333333 204 0 0
1.0 7.0 3.888889 204 0 0
1.0 7.0 4.444444 204 0 0
1.0 7.0 5.0 204 0 0
-1.0 -1.0 0.0 204 0 0
-1.0 -1.0 0.555556 204 0 0
-1.0 -1.0 1.111111 204 0 0
-1.0 -1.0 1.666667 204 0 0
-1.0 -1.0 2.222222 204 0 0
-1.0 -1.0 2.777778 204 0 0
-1.0 -1.0 3.333333 204 0 0
-1.0 -1.0 3.888889 204 0 0
-1.0 -1.0 4.444444 204 0 0
-1.0 -1.0 5.0 204 0 0
-1.0 -0.466667 0.0 204 0 0
-1.0 -0.466667 0.555556 204 0 0
-1.0 -0.466667 1.111111 204 0 0
-1.0 -0.466667 1.666667 204 0 0
-1.0 -0.466667 2.222222 204 0 0
-1.0 -0.466667 2.777778 204 0 0
-1.0 -0.466667 3.333333 204 0 0
-1.0 -0.466667 3.888889 204 0 0
-1.0 -0.466667 4.444444 204 0 0
-1.0 -0.466667 5.0 204 0 0
-1.0 0.066667 0.0 204 0 0
-1.0 0.066667 0.555556 204 0 0
-1.0 0.066667 1.111111 204 0 0
-1.0 0.066667 1.666667 204 0 0
-1.0 0.066667 2.222222 204 0 0
-1.0 0.066667 2.777778 204 0 0
-1.0 0.066667 3.333333 204 0 0
-1.0 0.066667 3.888889 204 0 0
-1.0 0.066667 4.444444 204 0 0
-1.0 0.066667 5.0 204 0 0
-1.0 0.6 0.0 204 0 0
-1.0 0.6 0.555556 204 0 0
-1.0 0.6 1.111111 204 0 0
-1.0 0.6 1.666667 204 0 0
-1.0 0.6 2.222222 204 0 0
-1.0 0.6 2.777778 204 0 0
-1.0 0.6 3.333333 204 0 0
-1.0 0.6 3.888889 204 0 0
-1.0 0.6 4.444444 204 0 0
-1.0 0.6 5.0 204 0 0
-1.0 1.133333 0.0 204 0 0
-1.0 1.133333 0.555556 204 0 0
-1.0 1.133333 1.111111 204 0 0
-1.0 1.133333 1.666667 204 0 0
-1.0 1.133333 2.222222 204 0 0
-1.0 1.133333 2.777778 204 0 0
-1.0 1.133333 3.333333 204 0 0
-1.0 1.133333 3.888889 204 0 0
-1.0 1.133333 4.444444 204 0 0
-1.0 1.133333 5.0 204 0 0
-1.0 1.666667 0.0 204 0 0
-1.0 1.666667 0.555556 204 0 0
-1.0 1.666667 1.111111 204 0 0
-1.0 1.666667 1.666667 204 0 0
-1.0 1.666667 2.222222 204 0 0
-1.0 1.666667 2.777778 204 0 0
-1.0 1.666667 3.333333 204 0 0
-1.0 1.666667 3.888889 204 0 0
-1.0 1.666667 4.444444 204 0 0
-1.0 1.666667 5.0 204 0 0
-1.0 2.2 0.0 204 0 0
-1.0 2.2 0.555556 204 0 0
-1.0 2.2 1.111111 204 0 0
-1.0 2.2 1.666667 204 0 0
-1.0 2.2 2.222222 204 0 0
-1.0 2.2 2.777778 204 0 0
-1.0 2.2 3.333333 204 0 0
-1.0 2.2 3.888889 204 0 0
-1.0 2.2 4.444444 204 0 0
-1.0 2.2 5.0 204 0 0
-1.0 2.733333 0.0 204 0 0
-1.0 2.733333 0.555556 204 0 0
-1.0 2.733333 1.111111 204 0 0
-1.0 2.733333 1.666667 204 0 0
-1.0 2.733333 2.222222 204 0 0
-1.0 2.733333 2.777778 204 0 0
-1.0 2.733333 3.333333 204 0 0
-1.0 2.733333 3.888889 204 0 0
-1.0 2.733333 4.444444 204 0 0
-1.0 2.733333 5.0 204 0 0
-1.0 3.266667 0.0 204 0 0
-1.0 3.266667 0.555556 204 0 0
-1.0 3.266667 1.111111 204 0 0
-1.0 3.266667 1.666667 204 0 0
-1.0 3.266667 2.222222 204 0 0
-1.0 3.266667 2.777778 204 0 0
-1.0 3.266667 3.333333 204 0 0
-1.0 3.266667 3.888889 204 0 0
-1.0 3.266667 4.444444 204 0 0
-1.0 3.266667 5.0 204 0 0
-1.0 3.8 0.0 204 0 0
-1.0 3.8 0.555556 204 0 0
-1.0 3.8 1.111111 204 0 0
-1.0 3.8 1.666667 204 0 0
-1.0 3.8 2.222222 204 0 0
-1.0 3.8 2.777778 204 0 0
-1.0 3.8 3.333333 204 0 0
-1.0 3.8 3.888889 204 0 0
-1.0 3.8 4.444444 204 0 0
-1.0 3.8 5.0 204 0 0
-1.0 4.333333 0.0 204 0 0
-1.0 4.333333 0.555556 204 0 0
-1.0 4.333333 1.111111 204 0 0
-1.0 4.333333 1.666667 204 0 0
-1.0 4.333333 2.222222 204 0 0
-1.0 4.333333 2.777778 204 0 0
-1.0 4.333333 3.333333 204 0 0
-1.0 4.333333 3.888889 204 0 0
-1.0 4.333333 4.444444 204 0 0
-1.0 4.333333 5.0 204 0 0
-1.0 4.866667 0.0 204 0 0
-1.0 4.866667 0.555556 204 0 0
-1.0 4.866667 1.111111 204 0 0
-1.0 4.866667 1.666667 204 0 0
-1.0 4.866667 2.222222 204 0 0
-1.0 4.866667 2.777778 204 0 0
-1.0 4.866667 3.333333 204 0 0
-1.0 4.866667 3.888889 204 0 0
-1.0 4.866667 4.444444 204 0 0
-1.0 4.866667 5.0 204 0 0
-1.0 5.4 0.0 204 0 0
-1.0 5.4 0.555556 204 0 0
-1.0 5.4 1.111111 204 0 0
-1.0 5.4 1.666667 204 0 0
-1.0 5.4 2.222222 204 0 0
-1.0 5.4 2.777778 204 0 0
-1.0 5.4 3.333333 204 0 0
-1.0 5.4 3.888889 204 0 0
-1.0 5.4 4.444444 204 0 0
-1.0 5.4 5.0 204 0 0
-1.0 5.933333 0.0 204 0 0
-1.0 5.933333 0.555556 204 0 0
-1.0 5.933333 1.111111 204 0 0
-1.0 5.933333 1.666667 204 0 0
-1.0 5.933333 2.222222 204 0 0
-1.0 5.933333 2.777778 204 0 0
-1.0 5.933333 3.333333 204 0 0
-1.0 5.933333 3.888889 204 0 0
-1.0 5.933333 4.444444 204 0 0
-1.0 5.933333 5.0 204 0 0
-1.0 6.466667 0.0 204 0 0
-1.0 6.466667 0.555556 204 0 0
-1.0 6.466667 1.111111 204 0 0
-1.0 6.466667 1.666667 204 0 0
-1.0 6.466667 2.222222 204 0 0
-1.0 6.466667 2.777778 204 0 0
-1.0 6.466667 3.333333 204 0 0
-1.0 6.466667 3.888889 204 0 0
-1.0 6.466667 4.444444 204 0 0
-1.0 6.466667 5.0 204 0 0
-1.0 7.0 0.0 204 0 0
-1.0 7.0 0.555556 204 0 0
-1.0 7.0 1.111111 204 0 0
-1.0 7.0 1.666667 204 0 0
-1.0 7.0 2.222222 204 0 0
-1.0 7.0 2.777778 204 0 0
-1.0 7.0 3.333333 204 0 0
-1.0 7.0 3.888889 204 0 0
-1.0 7.0 4.444444 204 0 0
-1.0 7.0 5.0 204 0 0
-1.0 7.0 0.0 204 0 0
-1.0 7.0 0.555556 204 0 0
-1.0 7.0 1.111111 204 0 0
-1.0 7.0 1.666667 204 0 0
-1.0 7.0 2.222222 204 0 0
-1.0 7.0 2.777778 204 0 0
-1.0 7.0 3.333333 204 0 0
-1.0 7.0 3.888889 204 0 0
-1.0 7.0 4.444444 204 0 0
-1.0 7.0 5.0 204 0 0
-0.333333 7.0 0.0 204 0 0
-0.333333 7.0 0.555556 204 0 0
-0.333333 7.0 1.111111 204 0 0
-0.333333 7.0 1.666667 204 0 0
-0.333333 7.0 2.222222 204 0 0
-0.333333 7.0 2.777778 204 0 0
-0.333333 7.0 3.333333 204 0 0
-0.333333 7.0 3.888889 204 0 0
-0.333333 7.0 4.444444 204 0 0
-0.333333 7.0 5.0 204 0 0
0.333333 7.0 0.0 204 0 0
0.333333 7.0 0.555556 204 0 0
0.333333 7.0 1.111111 204 0 0
0.333333 7.0 1.666667 204 0 0
0.333333 7.0 2.222222 204 0 0
0.333333 7.0 2.777778 204 0 0
0.333333 7.0 3.333333 204 0 0
0.333333 7.0 3.888889 204 0 0
0.333333 7.0 4.444444 204 0 0
0.333333 7.0 5.0 204 0 0
1.0 7.0 0.0 204 0 0
1.0 7.0 0.555556 204 0 0
1.0 7.0 1.111111 204 0 0
1.0 7.0 1.666667 204 0 0
1.0 7.0 2.222222 204 0 0
1.0 7.0 2.777778 204 0 0
1.0 7.0 3.333333 204 0 0
1.0 7.0 3.888889 204 0 0
1.0 7.0 4.444444 204 0 0
1.0 7.0 5.0 204 0 0
-1.0 -1.0 0.0 204 0 0
-1.0 -1.0 0.555556 204 0 0
-1.0 -1.0 1.111111 204 0 0
-1.0 -1.0 1.666667 204 0 0
-1.0 -1.0 2.222222 204 0 0
-1.0 -1.0 2.777778 204 0 0
-1.0 -1.0 3.333333 204 0 0
-1.0 -1.0 3.888889 204 0 0
-1.0 -1.0 4.444444 204 0 0
-1.0 -1.0 5.0 204 0 0
-0.333333 -1.0 0.0 204 0 0
-0.333333 -1.0 0.555556 204 0 0
-0.333333 -1.0 1.111111 204 0 0
-0.333333 -1.0 1.666667 204 0 0
-0.333333 -1.0 2.222222 204 0 0
-0.333333 -1.0 2.777778 204 0 0
-0.333333 -1.0 3.333333 204 0 0
-0.333333 -1.0 3.888889 204 0 0
-0.333333 -1.0 4.444444 204 0 0
-0.333333 -1.0 5.0 204 0 0
0.333333 -1.0 0.0 204 0 0
0.333333 -1.0 0.555556 204 0 0
0.333333 -1.0 1.111111 204 0 0
0.333333 -1.0 1.666667 204 0 0
0.333333 -1.0 2.222222 204 0 0
0.333333 -1.0 2.777778 204 0 0
0.333333 -1.0 3.333333 204 0 0
0.333333 -1.0 3.888889 204 0 0
0.333333 -1.0 4.444444 204 0 0
0.333333 -1.0 5.0 204 0 0
1.0 -1.0 0.0 204 0 0
1.0 -1.0 0.555556 204 0 0
1.0 -1.0 1.111111 204 0 0
1.0 -1.0 1.666667 204 0 0
1.0 -1.0 2.222222 204 0 0
1.0 -1.0 2.777778 204 0 0
1.0 -1.0 3.333333 204 0 0
1.0 -1.0 3.888889 204 0 0
1.0 -1.0 4.444444 204 0 0
1.0 -1.0 5.0 204 0 0
-1.0 -1.0 5.0 204 0 0
-1.0 -0.466667 5.0 204 0 0
-1.0 0.066667 5.0 204 0 0
-1.0 0.6 5.0 204 0 0
-1.0 1.133333 5.0 204 0 0
-1.0 1.666667 5.0 204 0 0
-1.0 2.2 5.0 204 0 0
-1.0 2.733333 5.0 204 0 0
-1.0 3.266667 5.0 204 0 0
-1.0 3.8 5.0 204 0 0
-1.0 4.333333 5.0 204 0 0
-1.0 4.866667 5.0 204 0 0
-1.0 5.4 5.0 204 0 0
-1.0 5.933333 5.0 204 0 0
-1.0 6.466667 5.0 204 0 0
-1.0 7.0 5.0 204 0 0
-0.333333 -1.0 5.0 204 0 0
-0.333333 -0.466667 5.0 204 0 0
-0.333333 0.066667 5.0 204 0 0
-0.333333 0.6 5.0 204 0 0
-0.333333 1.133333 5.0 204 0 0
-0.333333 1.666667 5.0 204 0 0
-0.333333 2.2 5.0 204 0 0
-0.333333 2.733333 5.0 204 0 0
-0.333333 3.266667 5.0 204 0 0
-0.333333 3.8 5.0 204 0 0
-0.333333 4.333333 5.0 204 0 0
-0.333333 4.866667 5.0 204 0 0
-0.333333 5.4 5.0 204 0 0
-0.333333 5.933333 5.0 204 0 0
-0.333333 6.466667 5.0 204 0 0
-0.333333 7.0 5.0 204 0 0
0.333333 -1.0 5.0 204 0 0
0.333333 -0.466667 5.0 204 0 0
0.333333 0.066667 5.0 204 0 0
0.333333 0.6 5.0 204 0 0
0.333333 1.133333 5.0 204 0 0
0.333333 1.666667 5.0 204 0 0
0.333333 2.2 5.0 204 0 0
0.333333 2.733333 5.0 204 0 0
0.333333 3.266667 5.0 204 0 0
0.333333 3.8 5.0 204 0 0
0.333333 4.333333 5.0 204 0 0
0.333333 4.866667 5.0 204 0 0
0.333333 5.4 5.0 204 0 0
0.333333 5.933333 5.0 204 0 0
0.333333 6.466667 5.0 204 0 0
0.333333 7.0 5.0 204 0 0
1.0 -1.0 5.0 204 0 0
1.0 -0.466667 5.0 204 0 0
1.0 0.066667 5.0 204 0 0
1.0 0.6 5.0 204 0 0
1.0 1.133333 5.0 204 0 0
1.0 1.666667 5.0 204 0 0
1.0 2.2 5.0 204 0 0
1.0 2.733333 5.0 204 0 0
1.0 3.266667 5.0 204 0 0
1.0 3.8 5.0 204 0 0
1.0 4.333333 5.0 204 0 0
1.0 4.866667 5.0 204 0 0
1.0 5.4 5.0 204 0 0
1.0 5.933333 5.0 204 0 0
1.0 6.466667 5.0 204 0 0
1.0 7.0 5.0 204 0 0
-1.0 -1.0 0.0 204 0 0
-1.0 -0.466667 0.0 204 0 0
-1.0 0.066667 0.0 204 0 0
-1.0 0.6 0.0 204 0 0
-1.0 1.133333 0.0 204 0 0
-1.0 1.666667 0.0 204 0 0
-1.0 2.2 0.0 204 0 0
-1.0 2.733333 0.0 204 0 0
-1.0 3.266667 0.0 204 0 0
-1.0 3.8 0.0 204 0 0
-1.0 4.333333 0.0 204 0 0
-1.0 4.866667 0.0 204 0 0
-1.0 5.4 0.0 204 0 0
-1.0 5.933333 0.0 204 0 0
-1.0 6.466667 0.0 204 0 0
-1.0 7.0 0.0 204 0 0
-0.333333 -1.0 0.0 204 0 0
-0.333333 -0.466667 0.0 204 0 0
-0.333333 0.066667 0.0 204 0 0
-0.333333 0.6 0.0 204 0 0
-0.333333 1.133333 0.0 204 0 0
-0.333333 1.666667 0.0 204 0 0
-0.333333 2.2 0.0 204 0 0
-0.333333 2.733333 0.0 204 0 0
-0.333333 3.266667 0.0 204 0 0
-0.333333 3.8 0.0 204 0 0
-0.333333 4.333333 0.0 204 0 0
-0.333333 4.866667 0.0 204 0 0
-0.333333 5.4 0.0 204 0 0
-0.333333 5.933333 0.0 204 0 0
-0.333333 6.466667 0.0 204 0 0
-0.333333 7.0 0.0 204 0 0
0.333333 -1.0 0.0 204 0 0
0.333333 -0.466667 0.0 204 0 0
0.333333 0.066667 0.0 204 0 0
0.333333 0.6 0.0 204 0 0
0.333333 1.133333 0.0 204 0 0
0.333333 1.666667 0.0 204 0 0
0.333333 2.2 0.0 204 0 0
0.333333 2.733333 0.0 204 0 0
0.333333 3.266667 0.0 204 0 0
0.333333 3.8 0.0 204 0 0
0.333333 4.333333 0.0 204 0 0
0.333333 4.866667 0.0 204 0 0
0.333333 5.4 0.0 204 0 0
0.333333 5.933333 0.0 204 0 0
0.333333 6.466667 0.0 204 0 0
0.333333 7.0 0.0 204 0 0
1.0 -1.0 0.0 204 0 0
1.0 -0.466667 0.0 204 0 0
1.0 0.066667 0.0 204 0 0
1.0 0.6 0.0 204 0 0
1.0 1.133333 0.0 204 0 0
1.0 1.666667 0.0 204 0 0
1.0 2.2 0.0 204 0 0
1.0 2.733333 0.0 204 0 0
1.0 3.266667 0.0 204 0 0
1.0 3.8 0.0 204 0 0
1.0 4.333333 0.0 204 0 0
1.0 4.866667 0.0 204 0 0
1.0 5.4 0.0 204 0 0
1.0 5.933333 0.0 204 0 0
1.0 6.466667 0.0 204 0 0
1.0 7.0 0.0 204 0 0
7.0 -12.0 0.0 204 0 0
7.0 -12.0 0.555556 204 0 0
7.0 -12.0 1.111111 204 0 0
7.0 -12.0 1.666667 204 0 0
7.0 -12.0 2.222222 204 0 0
7.0 -12.0 2.777778 204 0 0
7.0 -12.0 3.333333 204 0 0
7.0 -12.0 3.888889 204 0 0
7.0 -12.0 4.444444 204 0 0
7.0 -12.0 5.0 204 0 0
7.0 -11.466667 0.0 204 0 0
7.0 -11.466667 0.555556 204 0 0
7.0 -11.466667 1.111111 204 0 0
7.0 -11.466667 1.666667 204 0 0
7.0 -11.466667 2.222222 204 0 0
7.0 -11.466667 2.777778 204 0 0
7.0 -11.466667 3.333333 204 0 0
7.0 -11.466667 3.888889 204 0 0
7.0 -11.466667 4.444444 204 0 0
7.0 -11.466667 5.0 204 0 0
7.0 -10.933333 0.0 204 0 0
7.0 -10.933333 0.555556 204 0 0
7.0 -10.933333 1.111111 204 0 0
7.0 -10.933333 1.666667 204 0 0
7.0 -10.933333 2.222222 204 0 0
7.0 -10.933333 2.777778 204 0 0
7.0 -10.933333 3.333333 204 0 0
7.0 -10.933333 3.888889 204 0 0
7.0 -10.933333 4.444444 204 0 0
7.0 -10.933333 5.0 204 0 0
7.0 -10.4 0.0 204 0 0
7.0 -10.4 0.555556 204 0 0
7.0 -10.4 1.111111 204 0 0
7.0 -10.4 1.666667 204 0 0
7.0 -10.4 2.222222 204 0 0
7.0 -10.4 2.777778 204 0 0
7.0 -10.4 3.333333 204 0 0
7.0 -10.4 3.888889 204 0 0
7.0 -10.4 4.444444 204 0 0
7.0 -10.4 5.0 204 0 0
7.0 -9.866667 0.0 204 0 0
7.0 -9.866667 0.555556 204 0 0
7.0 -9.866667 1.111111 204 0 0
7.0 -9.866667 1.666667 204 0 0
7.0 -9.866667 2.222222 204 0 0
7.0 -9.866667 2.777778 204 0 0
7.0 -9.866667 3.333333 204 0 0
7.0 -9.866667 3.888889 204 0 0
7.0 -9.866667 4.444444 204 0 0
7.0 -9.866667 5.0 204 0 0
7.0 -9.333333 0.0 204 0 0
7.0 -9.333333 0.555556 204 0 0
7.0 -9.333333 1.111111 204 0 0
7.0 -9.333333 1.666667 204 0 0
7.0 -9.333333 2.222222 204 0 0
7.0 -9.333333 2.777778 204 0 0
7.0 -9.333333 3.333333 204 0 0
7.0 -9.333333 3.888889 204 0 0
7.0 -9.333333 4.444444 204 0 0
7.0 -9.333333 5.0 204 0 0
7.0 -8.8 0.0 204 0 0
7.0 -8.8 0.555556 204 0 0
7.0 -8.8 1.111111 204 0 0
7.0 -8.8 1.666667 204 0 0
7.0 -8.8 2.222222 204 0 0
7.0 -8.8 2.777778 204 0 0
7.0 -8.8 3.333333 204 0 0
7.0 -8.8 3.888889 204 0 0
7.0 -8.8 4.444444 204 0 0
7.0 -8.8 5.0 204 0 0
7.0 -8.266667 0.0 204 0 0
7.0 -8.266667 0.555556 204 0 0
7.0 -8.266667 1.111111 204 0 0
7.0 -8.266667 1.666667 204 0 0
7.0 -8.266667 2.222222 204 0 0
7.0 -8.266667 2.777778 204 0 0
7.0 -8.266667 3.333333 204 0 0
7.0 -8.266667 3.888889 204 0 0
7.0 -8.266667 4.444444 204 0 0
7.0 -8.266667 5.0 204 0 0
7.0 -7.733333 0.0 204 0 0
7.0 -7.733333 0.555556 204 0 0
7.0 -7.733333 1.111111 204 0 0
7.0 -7.733333 1.666667 204 0 0
7.0 -7.733333 2.222222 204 0 0
7.0 -7.733333 2.777778 204 0 0
7.0 -7.733333 3.333333 204 0 0
7.0 -7.733333 3.888889 204 0 0
7.0 -7.733333 4.444444 204 0 0
7.0 -7.733333 5.0 204 0 0
7.0 -7.2 0.0 204 0 0
7.0 -7.2 0.555556 204 0 0
7.0 -7.2 1.111111 204 0 0
7.0 -7.2 1.666667 204 0 0
7.0 -7.2 2.222222 204 0 0
7.0 -7.2 2.777778 204 0 0
7.0 -7.2 3.333333 204 0 0
7.0 -7.2 3.888889 204 0 0
7.0 -7.2 4.444444 204 0 0
7.0 -7.2 5.0 204 0 0
7.0 -6.666667 0.0 204 0 0
7.0 -6.666667 0.555556 204 0 0
7.0 -6.666667 1.111111 204 0 0
7.0 -6.666667 1.666667 204 0 0
7.0 -6.666667 2.222222 204 0 0
7.0 -6.666667 2.777778 204 0 0
7.0 -6.666667 3.333333 204 0 0
7.0 -6.666667 3.888889 204 0 0
7.0 -6.666667 4.444444 204 0 0
7.0 -6.666667 5.0 204 0 0
7.0 -6.133333 0.0 204 0 0
7.0 -6.133333 0.555556 204 0 0
7.0 -6.133333 1.111111 204 0 0
7.0 -6.133333 1.666667 204 0 0
7.0 -6.133333 2.222222 204 0 0
7.0 -6.133333 2.777778 204 0 0
7.0 -6.133333 3.333333 204 0 0
7.0 -6.133333 3.888889 204 0 0
7.0 -6.133333 4.444444 204 0 0
7.0 -6.133333 5.0 204 0 0
7.0 -5.6 0.0 204 0 0
7.0 -5.6 0.555556 204 0 0
7.0 -5.6 1.111111 204 0 0
7.0 -5.6 1.666667 204 0 0
7.0 -5.6 2.222222 204 0 0
7.0 -5.6 2.777778 204 0 0
7.0 -5.6 3.333333 204 0 0
7.0 -5.6 3.888889 204 0 0
7.0 -5.6 4.444444 204 0 0
7.0 -5.6 5.0 204 0 0
7.0 -5.066667 0.0 204 0 0
7.0 -5.066667 0.555556 204 0 0
7.0 -5.066667 1.111111 204 0 0
7.0 -5.066667 1.666667 204 0 0
7.0 -5.066667 2.222222 204 0 0
7.0 -5.066667 2.777778 204 0 0
7.0 -5.066667 3.333333 204 0 0
7.0 -5.066667 3.888889 204 0 0
7.0 -5.066667 4.444444 204 0 0
7.0 -5.066667 5.0 204 0 0
7.0 -4.533333 0.0 204 0 0
7.0 -4.533333 0.555556 204 0 0
7.0 -4.533333 1.111111 204 0 0
7.0 -4.533333 1.666667 204 0 0
7.0 -4.533333 2.222222 204 0 0
7.0 -4.533333 2.777778 204 0 0
7.0 -4.533333 3.333333 204 0 0
7.0 -4.533333 3.888889 204 0 0
7.0 -4.533333 4.444444 204 0 0
7.0 -4.533333 5.0 204 0 0
7.0 -4.0 0.0 204 0 0
7.0 -4.0 0.555556 204 0 0
7.0 -4.0 1.111111 204 0 0
7.0 -4.0 1.666667 204 0 0
7.0 -4.0 2.222222 204 0 0
7.0 -4.0 2.777778 204 0 0
7.0 -4.0 3.333333 204 0 0
7.0 -4.0 3.888889 204 0 0
7.0 -4.0 4.444444 204 0 0
7.0 -4.0 5.0 204 0 0
5.0 -12.0 0.0 204 0 0
5.0 -12.0 0.555556 204 0 0
5.0 -12.0 1.111111 204 0 0
5.0 -12.0 1.666667 204 0 0
5.0 -12.0 2.222222 204 0 0
5.0 -12.0 2.777778 204 0 0
5.0 -12.0 3.333333 204 0 0
5.0 -12.0 3.888889 204 0 0
5.0 -12.0 4.444444 204 0 0
5.0 -12.0 5.0 204 0 0
5.0 -11.466667 0.0 204 0 0
5.0 -11.466667 0.555556 204 0 0
5.0 -11.466667 1.111111 204 0 0
5.0 -11.466667 1.666667 204 0 0
5.0 -11.466667 2.222222 204 0 0
5.0 -11.466667 2.777778 204 0 0
5.0 -11.466667 3.333333 204 0 0
5.0 -11.466667 3.888889 204 0 0
5.0 -11.466667 4.444444 204 0 0
5.0 -11.466667 5.0 204 0 0
5.0 -10.933333 0.0 204 0 0
5.0 -10.933333 0.555556 204 0 0
5.0 -10.933333 1.111111 204 0 0
5.0 -10.933333 1.666667 204 0 0
5.0 -10.933333 2.222222 204 0 0
5.0 -10.933333 2.777778 204 0 0
5.0 -10.933333 3.333333 204 0 0
5.0 -10.933333 3.888889 204 0 0
5.0 -10.933333 4.444444 204 0 0
5.0 -10.933333 5.0 204 0 0
5.0 -10.4 0.0 204 0 0
5.0 -10.4 0.555556 204 0 0
5.0 -10.4 1.111111 204 0 0
5.0 -10.4 1.666667 204 0 0
5.0 -10.4 2.222222 204 0 0
5.0 -10.4 2.777778 204 0 0
5.0 -10.4 3.333333 204 0 0
5.0 -10.4 3.888889 204 0 0
5.0 -10.4 4.444444 204 0 0
5.0 -10.4 5.0 204 0 0
5.0 -9.866667 0.0 204 0 0
5.0 -9.866667 0.555556 204 0 0
5.0 -9.866667 1.111111 204 0 0
5.0 -9.866667 1.666667 204 0 0
5.0 -9.866667 2.222222 204 0 0
5.0 -9.866667 2.777778 204 0 0
5.0 -9.866667 3.333333 204 0 0
5.0 -9.866667 3.888889 204 0 0
5.0 -9.866667 4.444444 204 0 0
5.0 -9.866667 5.0 204 0 0
5.0 -9.333333 0.0 204 0 0
5.0 -9.333333 0.555556 204 0 0
5.0 -9.333333 1.111111 204 0 0
5.0 -9.333333 1.666667 204 0 0
5.0 -9.333333 2.222222 204 0 0
5.0 -9.333333 2.777778 204 0 0
5.0 -9.333333 3.333333 204 0 0
5.0 -9.333333 3.888889 204 0 0
5.0 -9.333333 4.444444 204 0 0
5.0 -9.333333 5.0 204 0 0
5.0 -8.8 0.0 204 0 0
5.0 -8.8 0.555556 204 0 0
5.0 -8.8 1.111111 204 0 0
5.0 -8.8 1.666667 204 0 0
5.0 -8.8 2.222222 204 0 0
5.0 -8.8 2.777778 204 0 0
5.0 -8.8 3.333333 204 0 0
5.0 -8.8 3.888889 204 0 0
5.0 -8.8 4.444444 204 0 0
5.0 -8.8 5.0 204 0 0
5.0 -8.266667 0.0 204 0 0
5.0 -8.266667 0.555556 204 0 0
5.0 -8.266667 1.111111 204 0 0
5.0 -8.266667 1.666667 204 0 0
5.0 -8.266667 2.222222 204 0 0
5.0 -8.266667 2.777778 204 0 0
5.0 -8.266667 3.333333 204 0 0
5.0 -8.266667 3.888889 204 0 0
5.0 -8.266667 4.444444 204 0 0
5.0 -8.266667 5.0 204 0 0
5.0 -7.733333 0.0 204 0 0
5.0 -7.733333 0.555556 204 0 0
5.0 -7.733333 1.111111 204 0 0
5.0 -7.733333 1.666667 204 0 0
5.0 -7.733333 2.222222 204 0 0
5.0 -7.733333 2.777778 204 0 0
5.0 -7.733333 3.333333 204 0 0
5.0 -7.733333 3.888889 204 0 0
5.0 -7.733333 4.444444 204 0 0
5.0 -7.733333 5.0 204 0 0
5.0 -7.2 0.0 204 0 0
5.0 -7.2 0.555556 204 0 0
5.0 -7.2 1.111111 204 0 0
5.0 -7.2 1.666667 204 0 0
5.0 -7.2 2.222222 204 0 0
5.0 -7.2 2.777778 204 0 0
5.0 -7.2 3.333333 204 0 0
5.0 -7.2 3.888889 204 0 0
5.0 -7.2 4.444444 204 0 0
5.0 -7.2 5.0 204 0 0
5.0 -6.666667 0.0 204 0 0
5.0 -6.666667 0.555556 204 0 0
5.0 -6.666667 1.111111 204 0 0
5.0 -6.666667 1.666667 204 0 0
5.0 -6.666667 2.222222 204 0 0
5.0 -6.666667 2.777778 204 0 0
5.0 -6.666667 3.333333 204 0 0
5.0 -6.666667 3.888889 204 0 0
5.0 -6.666667 4.444444 204 0 0
5.0 -6.666667 5.0 204 0 0
5.0 -6.133333 0.0 204 0 0
5.0 -6.133333 0.555556 204 0 0
5.0 -6.133333 1.111111 204 0 0
5.0 -6.133333 1.666667 204 0 0
5.0 -6.133333 2.222222 204 0 0
5.0 -6.133333 2.777778 204 0 0
5.0 -6.133333 3.333333 204 0 0
5.0 -6.133333 3.888889 204 0 0
5.0 -6.133333 4.444444 204 0 0
5.0 -6.133333 5.0 204 0 0
5.0 -5.6 0.0 204 0 0
5.0 -5.6 0.555556 204 0 0
5.0 -5.6 1.111111 204 0 0
5.0 -5.6 1.666667 204 0 0
5.0 -5.6 2.222222 204 0 0
5.0 -5.6 2.777778 204 0 0
5.0 -5.6 3.333333 204 0 0
5.0 -5.6 3.888889 204 0 0
5.0 -5.6 4.444444 204 0 0
5.0 -5.6 5.0 204 0 0
5.0 -5.066667 0.0 204 0 0
5.0 -5.066667 0.555556 204 0 0
5.0 -5.066667 1.111111 204 0 0
5.0 -5.066667 1.666667 204 0 0
5.0 -5.066667 2.222222 204 0 0
5.0 -5.066667 2.777778 204 0 0
5.0 -5.066667 3.333333 204 0 0
5.0 -5.066667 3.888889 204 0 0
5.0 -5.066667 4.444444 204 0 0
5.0 -5.066667 5.0 204 0 0
5.0 -4.533333 0.0 204 0 0
5.0 -4.533333 0.555556 204 0 0
5.0 -4.533333 1.111111 204 0 0
5.0 -4.533333 1.666667 204 0 0
5.0 -4.533333 2.222222 204 0 0
5.0 -4.533333 2.777778 204 0 0
5.0 -4.533333 3.333333 204 0 0
5.0 -4.533333 3.888889 204 0 0
5.0 -4.533333 4.444444 204 0 0
5.0 -4.533333 5.0 204 0 0
5.0 -4.0 0.0 204 0 0
5.0 -4.0 0.555556 204 0 0
5.0 -4.0 1.111111 204 0 0
5.0 -4.0 1.666667 204 0 0
5.0 -4.0 2.222222 204 0 0
5.0 -4.0 2.777778 204 0 0
5.0 -4.0 3.333333 204 0 0
5.0 -4.0 3.888889 204 0 0
5.0 -4.0 4.444444 204 0 0
5.0 -4.0 5.0 204 0 0
5.0 -4.0 0.0 204 0 0
5.0 -4.0 0.555556 204 0 0
5.0 -4.0 1.111111 204 0 0
5.0 -4.0 1.666667 204 0 0
5.0 -4.0 2.222222 204 0 0
5.0 -4.0 2.777778 204 0 0
5.0 -4.0 3.333333 204 0 0
5.0 -4.0 3.888889 204 0 0
5.0 -4.0 4.444444 204 0 0
5.0 -4.0 5.0 204 0 0
5.666667 -4.0 0.0 204 0 0
5.666667 -4.0 0.555556 204 0 0
5.666667 -4.0 1.111111 204 0 0
5.666667 -4.0 1.666667 204 0 0
5.666667 -4.0 2.222222 204 0 0
5.666667 -4.0 2.777778 204 0 0
5.666667 -4.0 3.333333 204 0 0
5.666667 -4.0 3.888889 204 0 0
5.666667 -4.0 4.444444 204 0 0
5.666667 -4.0 5.0 204 0 0
6.333333 -4.0 0.0 204 0 0
6.333333 -4.0 0.555556 204 0 0
6.333333 -4.0 1.111111 204 0 0
6.333333 -4.0 1.666667 204 0 0
6.333333 -4.0 2.222222 204 0 0
6.333333 -4.0 2.777778 204 0 0
6.333333 -4.0 3.333333 204 0 0
6.333333 -4.0 3.888889 204 0 0
6.333333 -4.0 4.444444 204 0 0
6.333333 -4.0 5.0 204 0 0
7.0 -4.0 0.0 204 0 0
7.0 -4.0 0.555556 204 0 0
7.0 -4.0 1.111111 204 0 0
7.0 -4.0 1.666667 204 0 0
7.0 -4.0 2.222222 204 0 0
7.0 -4.0 2.777778 204 0 0
7.0 -4.0 3.333333 204 0 0
7.0 -4.0 3.888889 204 0 0
7.0 -4.0 4.444444 204 0 0
7.0 -4.0 5.0 204 0 0
5.0 -12.0 0.0 204 0 0
5.0 -12.0 0.555556 204 0 0
5.0 -12.0 1.111111 204 0 0
5.0 -12.0 1.666667 204 0 0
5.0 -12.0 2.222222 204 0 0
5.0 -12.0 2.777778 204 0 0
5.0 -12.0 3.333333 204 0 0
5.0 -12.0 3.888889 204 0 0
5.0 -12.0 4.444444 204 0 0
5.0 -12.0 5.0 204 0 0
5.666667 -12.0 0.0 204 0 0
5.666667 -12.0 0.555556 204 0 0
5.666667 -12.0 1.111111 204 0 0
5.666667 -12.0 1.666667 204 0 0
5.666667 -12.0 2.222222 204 0 0
5.666667 -12.0 2.777778 204 0 0
5.666667 -12.0 3.333333 204 0 0
5.666667 -12.0 3.888889 204 0 0
5.666667 -12.0 4.444444 204 0 0
5.666667 -12.0 5.0 204 0 0
6.333333 -12.0 0.0 204 0 0
6.333333 -12.0 0.555556 204 0 0
6.333333 -12.0 1.111111 204 0 0
6.333333 -12.0 1.666667 204 0 0
6.333333 -12.0 2.222222 204 0 0
6.333333 -12.0 2.777778 204 0 0
6.333333 -12.0 3.333333 204 0 0
6.333333 -12.0 3.888889 204 0 0
6.333333 -12.0 4.444444 204 0 0
6.333333 -12.0 5.0 204 0 0
7.0 -12.0 0.0 204 0 0
7.0 -12.0 0.555556 204 0 0
7.0 -12.0 1.111111 204 0 0
7.0 -12.0 1.666667 204 0 0
7.0 -12.0 2.222222 204 0 0
7.0 -12.0 2.777778 204 0 0
7.0 -12.0 3.333333 204 0 0
7.0 -12.0 3.888889 204 0 0
7.0 -12.0 4.444444 204 0 0
7.0 -12.0 5.0 204 0 0
5.0 -12.0 5.0 204 0 0
5.0 -11.466667 5.0 204 0 0
5.0 -10.933333 5.0 204 0 0
5.0 -10.4 5.0 204 0 0
5.0 -9.866667 5.0 204 0 0
5.0 -9.333333 5.0 204 0 0
5.0 -8.8 5.0 204 0 0
5.0 -8.266667 5.0 204 0 0
5.0 -7.733333 5.0 204 0 0
5.0 -7.2 5.0 204 0 0
5.0 -6.666667 5.0 204 0 0
5.0 -6.133333 5.0 204 0 0
5.0 -5.6 5.0 204 0 0
5.0 -5.066667 5.0 204 0 0
5.0 -4.533333 5.0 204 0 0
5.0 -4.0 5.0 204 0 0
5.666667 -12.0 5.0 204 0 0
5.666667 -11.466667 5.0 204 0 0
5.666667 -10.933333 5.0 204 0 0
5.666667 -10.4 5.0 204 0 0
5.666667 -9.866667 5.0 204 0 0
5.666667 -9.333333 5.0 204 0 0
5.666667 -8.8 5.0 204 0 0
5.666667 -8.266667 5.0 204 0 0
5.666667 -7.733333 5.0 204 0 0
5.666667 -7.2 5.0 204 0 0
5.666667 -6.666667 5.0 204 0 0
5.666667 -6.133333 5.0 204 0 0
5.666667 -5.6 5.0 204 0 0
5.666667 -5.066667 5.0 204 0 0
5.666667 -4.533333 5.0 204 0 0
5.666667 -4.0 5.0 204 0 0
6.333333 -12.0 5.0 204 0 0
6.333333 -11.466667 5.0 204 0 0
6.333333 -10.933333 5.0 204 0 0
6.333333 -10.4 5.0 204 0 0
6.333333 -9.866667 5.0 204 0 0
6.333333 -9.333333 5.0 204 0 0
6.333333 -8.8 5.0 204 0 0
6.333333 -8.266667 5.0 204 0 0
6.333333 -7.733333 5.0 204 0 0
6.333333 -7.2 5.0 204 0 0
6.333333 -6.666667 5.0 204 0 0
6.333333 -6.133333 5.0 204 0 0
6.333333 -5.6 5.0 204 0 0
6.333333 -5.066667 5.0 204 0 0
6.333333 -4.533333 5.0 204 0 0
6.333333 -4.0 5.0 204 0 0
7.0 -12.0 5.0 204 0 0
7.0 -11.466667 5.0 204 0 0
7.0 -10.933333 5.0 204 0 0
7.0 -10.4 5.0 204 0 0
7.0 -9.866667 5.0 204 0 0
7.0 -9.333333 5.0 204 0 0
7.0 -8.8 5.0 204 0 0
7.0 -8.266667 5.0 204 0 0
7.0 -7.733333 5.0 204 0 0
7.0 -7.2 5.0 204 0 0
7.0 -6.666667 5.0 204 0 0
7.0 -6.133333 5.0 204 0 0
7.0 -5.6 5.0 204 0 0
7.0 -5.066667 5.0 204 0 0
7.0 -4.533333 5.0 204 0 0
7.0 -4.0 5.0 204 0 0
5.0 -12.0 0.0 204 0 0
5.0 -11.466667 0.0 204 0 0
5.0 -10.933333 0.0 204 0 0
5.0 -10.4 0.0 204 0 0
5.0 -9.866667 0.0 204 0 0
5.0 -9.333333 0.0 204 0 0
5.0 -8.8 0.0 204 0 0
5.0 -8.266667 0.0 204 0 0
5.0 -7.733333 0.0 204 0 0
5.0 -7.2 0.0 204 0 0
5.0 -6.666667 0.0 204 0 0
5.0 -6.133333 0.0 204 0 0
5.0 -5.6 0.0 204 0 0
5.0 -5.066667 0.0 204 0 0
5.0 -4.533333 0.0 204 0 0
5.0 -4.0 0.0 204 0 0
5.666667 -12.0 0.0 204 0 0
5.666667 -11.466667 0.0 204 0 0
5.666667 -10.933333 0.0 204 0 0
5.666667 -10.4 0.0 204 0 0
5.666667 -9.866667 0.0 204 0 0
5.666667 -9.333333 0.0 204 0 0
5.666667 -8.8 0.0 204 0 0
5.666667 -8.266667 0.0 204 0 0
5.666667 -7.733333 0.0 204 0 0
5.666667 -7.2 0.0 204 0 0
5.666667 -6.666667 0.0 204 0 0
5.666667 -6.133333 0.0 204 0 0
5.666667 -5.6 0.0 204 0 0
5.666667 -5.066667 0.0 204 0 0
5.666667 -4.533333 0.0 204 0 0
5.666667 -4.0 0.0 204 0 0
6.333333 -12.0 0.0 204 0 0
6.333333 -11.466667 0.0 204 0 0
6.333333 -10.933333 0.0 204 0 0
6.333333 -10.4 0.0 204 0 0
6.333333 -9.866667 0.0 204 0 0
6.333333 -9.333333 0.0 204 0 0
6.333333 -8.8 0.0 204 0 0
6.333333 -8.266667 0.0 204 0 0
6.333333 -7.733333 0.0 204 0 0
6.333333 -7.2 0.0 204 0 0
6.333333 -6.666667 0.0 204 0 0
6.333333 -6.133333 0.0 204 0 0
6.333333 -5.6 0.0 204 0 0
6.333333 -5.066667 0.0 204 0 0
6.333333 -4.533333 0.0 204 0 0
6.333333 -4.0 0.0 204 0 0
7.0 -12.0 0.0 204 0 0
7.0 -11.466667 0.0 204 0 0
7.0 -10.933333 0.0 204 0 0
7.0 -10.4 0.0 204 0 0
7.0 -9.866667 0.0 204 0 0
7.0 -9.333333 0.0 204 0 0
7.0 -8.8 0.0 204 0 0
7.0 -8.266667 0.0 204 0 0
7.0 -7.733333 0.0 204 0 0
7.0 -7.2 0.0 204 0 0
7.0 -6.666667 0.0 204 0 0
7.0 -6.133333 0.0 204 0 0
7.0 -5.6 0.0 204 0 0
7.0 -5.066667 0.0 204 0 0
7.0 -4.533333 0.0 204 0 0
7.0 -4.0 0.0 204 0 0
7.0 -1.0 0.0 204 0 0
7.0 -1.0 0.555556 204 0 0
7.0 -1.0 1.111111 204 0 0
7.0 -1.0 1.666667 204 0 0
7.0 -1.0 2.222222 204 0 0
7.0 -1.0 2.777778 204 0 0
7.0 -1.0 3.333333 204 0 0
7.0 -1.0 3.888889 204 0 0
7.0 -1.0 4.444444 204 0 0
7.0 -1.0 5.0 204 0 0
7.0 -0.466667 0.0 204 0 0
7.0 -0.466667 0.555556 204 0 0
7.0 -0.466667 1.111111 204 0 0
7.0 -0.466667 1.666667 204 0 0
7.0 -0.466667 2.222222 204 0 0
7.0 -0.466667 2.777778 204 0 0
7.0 -0.466667 3.333333 204 0 0
7.0 -0.466667 3.888889 204 0 0
7.0 -0.466667 4.444444 204 0 0
7.0 -0.466667 5.0 204 0 0
7.0 0.066667 0.0 204 0 0
7.0 0.066667 0.555556 204 0 0
7.0 0.066667 1.111111 204 0 0
7.0 0.066667 1.666667 204 0 0
7.0 0.066667 2.222222 204 0 0
7.0 0.066667 2.777778 204 0 0
7.0 0.066667 3.333333 204 0 0
7.0 0.066667 3.888889 204 0 0
7.0 0.066667 4.444444 204 0 0
7.0 0.066667 5.0 204 0 0
7.0 0.6 0.0 204 0 0
7.0 0.6 0.555556 204 0 0
7.0 0.6 1.111111 204 0 0
7.0 0.6 1.666667 204 0 0
7.0 0.6 2.222222 204 0 0
7.0 0.6 2.777778 204 0 0
7.0 0.6 3.333333 204 0 0
7.0 0.6 3.888889 204 0 0
7.0 0.6 4.444444 204 0 0
7.0 0.6 5.0 204 0 0
7.0 1.133333 0.0 204 0 0
7.0 1.133333 0.555556 204 0 0
7.0 1.133333 1.111111 204 0 0
7.0 1.133333 1.666667 204 0 0
7.0 1.133333 2.222222 204 0 0
7.0 1.133333 2.777778 204 0 0
7.0 1.133333 3.333333 204 0 0
7.0 1.133333 3.888889 204 0 0
7.0 1.133333 4.444444 204 0 0
7.0 1.133333 5.0 204 0 0
7.0 1.666667 0.0 204 0 0
7.0 1.666667 0.555556 204 0 0
7.0 1.666667 1.111111 204 0 0
7.0 1.666667 1.666667 204 0 0
7.0 1.666667 2.222222 204 0 0
7.0 1.666667 2.777778 204 0 0
7.0 1.666667 3.333333 204 0 0
7.0 1.666667 3.888889 204 0 0
7.0 1.666667 4.444444 204 0 0
7.0 1.666667 5.0 204 0 0
7.0 2.2 0.0 204 0 0
7.0 2.2 0.555556 204 0 0
7.0 2.2 1.111111 204 0 0
7.0 2.2 1.666667 204 0 0
7.0 2.2 2.222222 204 0 0
7.0 2.2 2.777778 204 0 0
7.0 2.2 3.333333 204 0 0
7.0 2.2 3.888889 204 0 0
7.0 2.2 4.444444 204 0 0
7.0 2.2 5.0 204 0 0
7.0 2.733333 0.0 204 0 0
7.0 2.733333 0.555556 204 0 0
7.0 2.733333 1.111111 204 0 0
7.0 2.733333 1.666667 204 0 0
7.0 2.733333 2.222222 204 0 0
7.0 2.733333 2.777778 204 0 0
7.0 2.733333 3.333333 204 0 0
7.0 2.733333 3.888889 204 0 0
7.0 2.733333 4.444444 204 0 0
7.0 2.733333 5.0 204 0 0
7.0 3.266667 0.0 204 0 0
7.0 3.266667 0.555556 204 0 0
7.0 3.266667 1.111111 204 0 0
7.0 3.266667 1.666667 204 0 0
7.0 3.266667 2.222222 204 0 0
7.0 3.266667 2.777778 204 0 0
7.0 3.266667 3.333333 204 0 0
7.0 3.266667 3.888889 204 0 0
7.0 3.266667 4.444444 204 0 0
7.0 3.266667 5.0 204 0 0
7.0 3.8 0.0 204 0 0
7.0 3.8 0.555556 204 0 0
7.0 3.8 1.111111 204 0 0
7.0 3.8 1.666667 204 0 0
7.0 3.8 2.222222 204 0 0
7.0 3.8 2.777778 204 0 0
7.0 3.8 3.333333 204 0 0
7.0 3.8 3.888889 204 0 0
7.0 3.8 4.444444 204 0 0
7.0 3.8 5.0 204 0 0
7.0 4.333333 0.0 204 0 0
7.0 4.333333 0.555556 204 0 0
7.0 4.333333 1.111111 204 0 0
7.0 4.333333 1.666667 204 0 0
7.0 4.333333 2.222222 204 0 0
7.0 4.333333 2.777778 204 0 0
7.0 4.333333 3.333333 204 0 0
7.0 4.333333 3.888889 204 0 0
7.0 4.333333 4.444444 204 0 0
7.0 4.333333 5.0 204 0 0
7.0 4.866667 0.0 204 0 0
7.0 4.866667 0.555556 204 0 0
7.0 4.866667 1.111111 204 0 0
7.0 4.866667 1.666667 204 0 0
7.0 4.866667 2.222222 204 0 0
7.0 4.866667 2.777778 204 0 0
7.0 4.866667 3.333333 204 0 0
7.0 4.866667 3.888889 204 0 0
7.0 4.866667 4.444444 204 0 0
7.0 4.866667 5.0 204 0 0
7.0 5.4 0.0 204 0 0
7.0 5.4 0.555556 204 0 0
7.0 5.4 1.111111 204 0 0
7.0 5.4 1.666667 204 0 0
7.0 5.4 2.222222 204 0 0
7.0 5.4 2.777778 204 0 0
7.0 5.4 3.333333 204 0 0
7.0 5.4 3.888889 204 0 0
7.0 5.4 4.444444 204 0 0
7.0 5.4 5.0 204 0 0
7.0 5.933333 0.0 204 0 0
7.0 5.933333 0.555556 204 0 0
7.0 5.933333 1.111111 204 0 0
7.0 5.933333 1.666667 204 0 0
7.0 5.933333 2.222222 204 0 0
7.0 5.933333 2.777778 204 0 0
7.0 5.933333 3.333333 204 0 0
7.0 5.933333 3.888889 204 0 0
7.0 5.933333 4.444444 204 0 0
7.0 5.933333 5.0 204 0 0
7.0 6.466667 0.0 204 0 0
7.0 6.466667 0.555556 204 0 0
7.0 6.466667 1.111111 204 0 0
7.0 6.466667 1.666667 204 0 0
7.0 6.466667 2.222222 204 0 0
7.0 6.466667 2.777778 204 0 0
7.0 6.466667 3.333333 204 0 0
7.0 6.466667 3.888889 204 0 0
7.0 6.466667 4.444444 204 0 0
7.0 6.466667 5.0 204 0 0
7.0 7.0 0.0 204 0 0
7.0 7.0 0.555556 204 0 0
7.0 7.0 1.111111 204 0 0
7.0 7.0 1.666667 204 0 0
7.0 7.0 2.222222 204 0 0
7.0 7.0 2.777778 204 0 0
7.0 7.0 3.333333 204 0 0
7.0 7.0 3.888889 204 0 0
7.0 7.0 4.444444 204 0 0
7.0 7.0 5.0 204 0 0
5.0 -1.0 0.0 204 0 0
5.0 -1.0 0.555556 204 0 0
5.0 -1.0 1.111111 204 0 0
5.0 -1.0 1.666667 204 0 0
5.0 -1.0 2.222222 204 0 0
5.0 -1.0 2.777778 204 0 0
5.0 -1.0 3.333333 204 0 0
5.0 -1.0 3.888889 204 0 0
5.0 -1.0 4.444444 204 0 0
5.0 -1.0 5.0 204 0 0
5.0 -0.466667 0.0 204 0 0
5.0 -0.466667 0.555556 204 0 0
5.0 -0.466667 1.111111 204 0 0
5.0 -0.466667 1.666667 204 0 0
5.0 -0.466667 2.222222 204 0 0
5.0 -0.466667 2.777778 204 0 0
5.0 -0.466667 3.333333 204 0 0
5.0 -0.466667 3.888889 204 0 0
5.0 -0.466667 4.444444 204 0 0
5.0 -0.466667 5.0 204 0 0
5.0 0.066667 0.0 204 0 0
5.0 0.066667 0.555556 204 0 0
5.0 0.066667 1.111111 204 0 0
5.0 0.066667 1.666667 204 0 0
5.0 0.066667 2.222222 204 0 0
5.0 0.066667 2.777778 204 0 0
5.0 0.066667 3.333333 204 0 0
5.0 0.066667 3.888889 204 0 0
5.0 0.066667 4.444444 204 0 0
5.0 0.066667 5.0 204 0 0
5.0 0.6 0.0 204 0 0
5.0 0.6 0.555556 204 0 0
5.0 0.6 1.111111 204 0 0
5.0 0.6 1.666667 204 0 0
5.0 0.6 2.222222 204 0 0
5.0 0.6 2.777778 204 0 0
5.0 0.6 3.333333 204 0 0
5.0 0.6 3.888889 204 0 0
5.0 0.6 4.444444 204 0 0
5.0 0.6 5.0 204 0 0
5.0 1.133333 0.0 204 0 0
5.0 1.133333 0.555556 204 0 0
5.0 1.133333 1.111111 204 0 0
5.0 1.133333 1.666667 204 0 0
5.0 1.133333 2.222222 204 0 0
5.0 1.133333 2.777778 204 0 0
5.0 1.133333 3.333333 204 0 0
5.0 1.133333 3.888889 204 0 0
5.0 1.133333 4.444444 204 0 0
5.0 1.133333 5.0 204 0 0
5.0 1.666667 0.0 204 0 0
5.0 1.666667 0.555556 204 0 0
5.0 1.666667 1.111111 204 0 0
5.0 1.666667 1.666667 204 0 0
5.0 1.666667 2.222222 204 0 0
5.0 1.666667 2.777778 204 0 0
5.0 1.666667 3.333333 204 0 0
5.0 1.666667 3.888889 204 0 0
5.0 1.666667 4.444444 204 0 0
5.0 1.666667 5.0 204 0 0
5.0 2.2 0.0 204 0 0
5.0 2.2 0.555556 204 0 0
5.0 2.2 1.111111 204 0 0
5.0 2.2 1.666667 204 0 0
5.0 2.2 2.222222 204 0 0
5.0 2.2 2.777778 204 0 0
5.0 2.2 3.333333 204 0 0
5.0 2.2 3.888889 204 0 0
5.0 2.2 4.444444 204 0 0
5.0 2.2 5.0 204 0 0
5.0 2.733333 0.0 204 0 0
5.0 2.733333 0.555556 204 0 0
5.0 2.733333 1.111111 204 0 0
5.0 2.733333 1.666667 204 0 0
5.0 2.733333 2.222222 204 0 0
5.0 2.733333 2.777778 204 0 0
5.0 2.733333 3.333333 204 0 0
5.0 2.733333 3.888889 204 0 0
5.0 2.733333 4.444444 204 0 0
5.0 2.733333 5.0 204 0 0
5.0 3.266667 0.0 204 0 0
5.0 3.266667 0.555556 204 0 0
5.0 3.266667 1.111111 204 0 0
5.0 3.266667 1.666667 204 0 0
5.0 3.266667 2.222222 204 0 0
5.0 3.266667 2.777778 204 0 0
5.0 3.266667 3.333333 204 0 0
5.0 3.266667 3.888889 204 0 0
5.0 3.266667 4.444444 204 0 0
5.0 3.266667 5.0 204 0 0
5.0 3.8 0.0 204 0 0
5.0 3.8 0.555556 204 0 0
5.0 3.8 1.111111 204 0 0
5.0 3.8 1.666667 204 0 0
5.0 3.8 2.222222 204 0 0
5.0 3.8 2.777778 204 0 0
5.0 3.8 3.333333 204 0 0
5.0 3.8 3.888889 204 0 0
5.0 3.8 4.444444 204 0 0
5.0 3.8 5.0 204 0 0
5.0 4.333333 0.0 204 0 0
5.0 4.333333 0.555556 204 0 0
5.0 4.333333 1.111111 204 0 0
5.0 4.333333 1.666667 204 0 0
5.0 4.333333 2.222222 204 0 0
5.0 4.333333 2.777778 204 0 0
5.0 4.333333 3.333333 204 0 0
5.0 4.333333 3.888889 204 0 0
5.0 4.333333 4.444444 204 0 0
5.0 4.333333 5.0 204 0 0
5.0 4.866667 0.0 204 0 0
5.0 4.866667 0.555556 204 0 0
5.0 4.866667 1.111111 204 0 0
5.0 4.866667 1.666667 204 0 0
5.0 4.866667 2.222222 204 0 0
5.0 4.866667 2.777778 204 0 0
5.0 4.866667 3.333333 204 0 0
5.0 4.866667 3.888889 204 0 0
5.0 4.866667 4.444444 204 0 0
5.0 4.866667 5.0 204 0 0
5.0 5.4 0.0 204 0 0
5.0 5.4 0.555556 204 0 0
5.0 5.4 1.111111 204 0 0
5.0 5.4 1.666667 204 0 0
5.0 5.4 2.222222 204 0 0
5.0 5.4 2.777778 204 0 0
5.0 5.4 3.333333 204 0 0
5.0 5.4 3.888889 204 0 0
5.0 5.4 4.444444 204 0 0
5.0 5.4 5.0 204 0 0
5.0 5.933333 0.0 204 0 0
5.0 5.933333 0.555556 204 0 0
5.0 5.933333 1.111111 204 0 0
5.0 5.933333 1.666667 204 0 0
5.0 5.933333 2.222222 204 0 0
5.0 5.933333 2.777778 204 0 0
5.0 5.933333 3.333333 204 0 0
5.0 5.933333 3.888889 204 0 0
5.0 5.933333 4.444444 204 0 0
5.0 5.933333 5.0 204 0 0
5.0 6.466667 0.0 204 0 0
5.0 6.466667 0.555556 204 0 0
5.0 6.466667 1.111111 204 0 0
5.0 6.466667 1.666667 204 0 0
5.0 6.466667 2.222222 204 0 0
5.0 6.466667 2.777778 204 0 0
5.0 6.466667 3.333333 204 0 0
5.0 6.466667 3.888889 204 0 0
5.0 6.466667 4.444444 204 0 0
5.0 6.466667 5.0 204 0 0
5.0 7.0 0.0 204 0 0
5.0 7.0 0.555556 204 0 0
5.0 7.0 1.111111 204 0 0
5.0 7.0 1.666667 204 0 0
5.0 7.0 2.222222 204 0 0
5.0 7.0 2.777778 204 0 0
5.0 7.0 3.333333 204 0 0
5.0 7.0 3.888889 204 0 0
5.0 7.0 4.444444 204 0 0
5.0 7.0 5.0 204 0 0
5.0 7.0 0.0 204 0 0
5.0 7.0 0.555556 204 0 0
5.0 7.0 1.111111 204 0 0
5.0 7.0 1.666667 204 0 0
5.0 7.0 2.222222 204 0 0
5.0 7.0 2.777778 204 0 0
5.0 7.0 3.333333 204 0 0
5.0 7.0 3.888889 204 0 0
5.0 7.0 4.444444 204 0 0
5.0 7.0 5.0 204 0 0
5.666667 7.0 0.0 204 0 0
5.666667 7.0 0.555556 204 0 0
5.666667 7.0 1.111111 204 0 0
5.666667 7.0 1.666667 204 0 0
5.666667 7.0 2.222222 204 0 0
5.666667 7.0 2.777778 204 0 0
5.666667 7.0 3.333333 204 0 0
5.666667 7.0 3.888889 204 0 0
5.666667 7.0 4.444444 204 0 0
5.666667 7.0 5.0 204 0 0
6.333333 7.0 0.0 204 0 0
6.333333 7.0 0.555556 204 0 0
6.333333 7.0 1.111111 204 0 0
6.333333 7.0 1.666667 204 0 0
6.333333 7.0 2.222222 204 0 0
6.333333 7.0 2.777778 204 0 0
6.333333 7.0 3.333333 204 0 0
6.333333 7.0 3.888889 204 0 0
6.333333 7.0 4.444444 204 0 0
6.333333 7.0 5.0 204 0 0
7.0 7.0 0.0 204 0 0
7.0 7.0 0.555556 204 0 0
7.0 7.0 1.111111 204 0 0
7.0 7.0 1.666667 204 0 0
7.0 7.0 2.222222 204 0 0
7.0 7.0 2.777778 204 0 0
7.0 7.0 3.333333 204 0 0
7.0 7.0 3.888889 204 0 0
7.0 7.0 4.444444 204 0 0
7.0 7.0 5.0 204 0 0
5.0 -1.0 0.0 204 0 0
5.0 -1.0 0.555556 204 0 0
5.0 -1.0 1.111111 204 0 0
5.0 -1.0 1.666667 204 0 0
5.0 -1.0 2.222222 204 0 0
5.0 -1.0 2.777778 204 0 0
5.0 -1.0 3.333333 204 0 0
5.0 -1.0 3.888889 204 0 0
5.0 -1.0 4.444444 204 0 0
5.0 -1.0 5.0 204 0 0
5.666667 -1.0 0.0 204 0 0
5.666667 -1.0 0.555556 204 0 0
5.666667 -1.0 1.111111 204 0 0
5.666667 -1.0 1.666667 204 0 0
5.666667 -1.0 2.222222 204 0 0
5.666667 -1.0 2.777778 204 0 0
5.666667 -1.0 3.333333 204 0 0
5.666667 -1.0 3.888889 204 0 0
5.666667 -1.0 4.444444 204 0 0
5.666667 -1.0 5.0 204 0 0
6.333333 -1.0 0.0 204 0 0
6.333333 -1.0 0.555556 204 0 0
6.333333 -1.0 1.111111 204 0 0
6.333333 -1.0 1.666667 204 0 0
6.333333 -1.0 2.222222 204 0 0
6.333333 -1.0 2.777778 204 0 0
6.333333 -1.0 3.333333 204 0 0
6.333333 -1.0 3.888889 204 0 0
6.333333 -1.0 4.444444 204 0 0
6.333333 -1.0 5.0 204 0 0
7.0 -1.0 0.0 204 0 0
7.0 -1.0 0.555556 204 0 0
7.0 -1.0 1.111111 204 0 0
7.0 -1.0 1.666667 204 0 0
7.0 -1.0 2.222222 204 0 0
7.0 -1.0 2.777778 204 0 0
7.0 -1.0 3.333333 204 0 0
7.0 -1.0 3.888889 204 0 0
7.0 -1.0 4.444444 204 0 0
7.0 -1.0 5.0 204 0 0
5.0 -1.0 5.0 204 0 0
5.0 -0.466667 5.0 204 0 0
5.0 0.066667 5.0 204 0 0
5.0 0.6 5.0 204 0 0
5.0 1.133333 5.0 204 0 0
5.0 1.666667 5.0 204 0 0
5.0 2.2 5.0 204 0 0
5.0 2.733333 5.0 204 0 0
5.0 3.266667 5.0 204 0 0
5.0 3.8 5.0 204 0 0
5.0 4.333333 5.0 204 0 0
5.0 4.866667 5.0 204 0 0
5.0 5.4 5.0 204 0 0
5.0 5.933333 5.0 204 0 0
5.0 6.466667 5.0 204 0 0
5.0 7.0 5.0 204 0 0
5.666667 -1.0 5.0 204 0 0
5.666667 -0.466667 5.0 204 0 0
5.666667 0.066667 5.0 204 0 0
5.666667 0.6 5.0 204 0 0
5.666667 1.133333 5.0 204 0 0
5.666667 1.666667 5.0 204 0 0
5.666667 2.2 5.0 204 0 0
5.666667 2.733333 5.0 204 0 0
5.666667 3.266667 5.0 204 0 0
5.666667 3.8 5.0 204 0 0
5.666667 4.333333 5.0 204 0 0
5.666667 4.866667 5.0 204 0 0
5.666667 5.4 5.0 204 0 0
5.666667 5.933333 5.0 204 0 0
5.666667 6.466667 5.0 204 0 0
5.666667 7.0 5.0 204 0 0
6.333333 -1.0 5.0 204 0 0
6.333333 -0.466667 5.0 204 0 0
6.333333 0.066667 5.0 204 0 0
6.333333 0.6 5.0 204 0 0
6.333333 1.133333 5.0 204 0 0
6.333333 1.666667 5.0 204 0 0
6.333333 2.2 5.0 204 0 0
6.333333 2.733333 5.0 204 0 0
6.333333 3.266667 5.0 204 0 0
6.333333 3.8 5.0 204 0 0
6.333333 4.333333 5.0 204 0 0
6.333333 4.866667 5.0 204 0 0
6.333333 5.4 5.0 204 0 0
6.333333 5.933333 5.0 204 0 0
6.333333 6.466667 5.0 204 0 0
6.333333 7.0 5.0 204 0 0
7.0 -1.0 5.0 204 0 0
7.0 -0.466667 5.0 204 0 0
7.0 0.066667 5.0 204 0 0
7.0 0.6 5.0 204 0 0
7.0 1.133333 5.0 204 0 0
7.0 1.666667 5.0 204 0 0
7.0 2.2 5.0 204 0 0
7.0 2.733333 5.0 204 0 0
7.0 3.266667 5.0 204 0 0
7.0 3.8 5.0 204 0 0
7.0 4.333333 5.0 204 0 0
7.0 4.866667 5.0 204 0 0
7.0 5.4 5.0 204 0 0
7.0 5.933333 5.0 204 0 0
7.0 6.466667 5.0 204 0 0
7.0 7.0 5.0 204 0 0
5.0 -1.0 0.0 204 0 0
5.0 -0.466667 0.0 204 0 0
5.0 0.066667 0.0 204 0 0
5.0 0.6 0.0 204 0 0
5.0 1.133333 0.0 204 0 0
5.0 1.666667 0.0 204 0 0
5.0 2.2 0.0 204 0 0
5.0 2.733333 0.0 204 0 0
5.0 3.266667 0.0 204 0 0
5.0 3.8 0.0 204 0 0
5.0 4.333333 0.0 204 0 0
5.0 4.866667 0.0 204 0 0
5.0 5.4 0.0 204 0 0
5.0 5.933333 0.0 204 0 0
5.0 6.466667 0.0 204 0 0
5.0 7.0 0.0 204 0 0
5.666667 -1.0 0.0 204 0 0
5.666667 -0.466667 0.0 204 0 0
5.666667 0.066667 0.0 204 0 0
5.666667 0.6 0.0 204 0 0
5.666667 1.133333 0.0 204 0 0
5.666667 1.666667 0.0 204 0 0
5.666667 2.2 0.0 204 0 0
5.666667 2.733333 0.0 204 0 0
5.666667 3.266667 0.0 204 0 0
5.666667 3.8 0.0 204 0 0
5.666667 4.333333 0.0 204 0 0
5.666667 4.866667 0.0 204 0 0
5.666667 5.4 0.0 204 0 0
5.666667 5.933333 0.0 204 0 0
5.666667 6.466667 0.0 204 0 0
5.666667 7.0 0.0 204 0 0
6.333333 -1.0 0.0 204 0 0
6.333333 -0.466667 0.0 204 0 0
6.333333 0.066667 0.0 204 0 0
6.333333 0.6 0.0 204 0 0
6.333333 1.133333 0.0 204 0 0
6.333333 1.666667 0.0 204 0 0
6.333333 2.2 0.0 204 0 0
6.333333 2.733333 0.0 204 0 0
6.333333 3.266667 0.0 204 0 0
6.333333 3.8 0.0 204 0 0
6.333333 4.333333 0.0 204 0 0
6.333333 4.866667 0.0 204 0 0
6.333333 5.4 0.0 204 0 0
6.333333 5.933333 0.0 204 0 0
6.333333 6.466667 0.0 204 0 0
6.333333 7.0 0.0 204 0 0
7.0 -1.0 0.0 204 0 0
7.0 -0.466667 0.0 204 0 0
7.0 0.066667 0.0 204 0 0
7.0 0.6 0.0 204 0 0
7.0 1.133333 0.0 204 0 0
7.0 1.666667 0.0 204 0 0
7.0 2.2 0.0 204 0 0
7.0 2.733333 0.0 204 0 0
7.0 3.266667 0.0 204 0 0
7.0 3.8 0.0 204 0 0
7.0 4.333333 0.0 204 0 0
7.0 4.866667 0.0 204 0 0
7.0 5.4 0.0 204 0 0
7.0 5.933333 0.0 204 0 0
7.0 6.466667 0.0 204 0 0
7.0 7.0 0.0 204 0 0
-7.95 -2.0 3.0 204 0 0
-7.95 -2.0 3.6 204 0 0
-7.95 -2.0 4.2 204 0 0
-7.95 -2.0 4.8 204 0 0
-7.95 -2.0 5.4 204 0 0
-7.95 -2.0 6.0 204 0 0
-7.968826 -1.960908 3.0 204 0 0
-7.968826 -1.960908 3.6 204 0 0
-7.968826 -1.960908 4.2 204 0 0
-7.968826 -1.960908 4.8 204 0 0
-7.968826 -1.960908 5.4 204 0 0
-7.968826 -1.960908 6.0 204 0 0
-8.011126 -1.951254 3.0 204 0 0
-8.011126 -1.951254 3.6 204 0 0
-8.011126 -1.951254 4.2 204 0 0
-8.011126 -1.951254 4.8 204 0 0
-8.011126 -1.951254 5.4 204 0 0
-8.011126 -1.951254 6.0 204 0 0
-8.045048 -1.978306 3.0 204 0 0
-8.045048 -1.978306 3.6 204 0 0
-8.045048 -1.978306 4.2 204 0 0
-8.045048 -1.978306 4.8 204 0 0
-8.045048 -1.978306 5.4 204 0 0
-8.045048 -1.978306 6.0 204 0 0
-8.045048 -2.021694 3.0 204 0 0
-8.045048 -2.021694 3.6 204 0 0
-8.045048 -2.021694 4.2 204 0 0
-8.045048 -2.021694 4.8 204 0 0
-8.045048 -2.021694 5.4 204 0 0
-8.045048 -2.021694 6.0 204 0 0
-8.011126 -2.048746 3.0 204 0 0
-8.011126 -2.048746 3.6 204 0 0
-8.011126 -2.048746 4.2 204 0 0
-8.011126 -2.048746 4.8 204 0 0
-8.011126 -2.048746 5.4 204 0 0
-8.011126 -2.048746 6.0 204 0 0
-7.968826 -2.039092 3.0 204 0 0
-7.968826 -2.039092 3.6 204 0 0
-7.968826 -2.039092 4.2 204 0 0
-7.968826 -2.039092 4.8 204 0 0
-7.968826 -2.039092 5.4 204 0 0
-7.968826 -2.039092 6.0 204 0 0
-7.95 -2.0 3.0 204 0 0
-7.95 -2.0 3.6 204 0 0
-7.95 -2.0 4.2 204 0 0
-7.95 -2.0 4.8 204 0 0
-7.95 -2.0 5.4 204 0 0
-7.95 -2.0 6.0 204 0 0
-8.0 -2.0 6.0 204 0 0
-8.0 -2.0 3.0 204 0 0
-7.95 -2.0 6.0 204 0 0
-7.95 -2.0 3.0 204 0 0
-2.95 5.0 3.0 204 0 0
-2.95 5.0 3.6 204 0 0
-2.95 5.0 4.2 204 0 0
-2.95 5.0 4.8 204 0 0
-2.95 5.0 5.4 204 0 0
-2.95 5.0 6.0 204 0 0
-2.968826 5.039092 3.0 204 0 0
-2.968826 5.039092 3.6 204 0 0
-2.968826 5.039092 4.2 204 0 0
-2.968826 5.039092 4.8 204 0 0
-2.968826 5.039092 5.4 204 0 0
-2.968826 5.039092 6.0 204 0 0
-3.011126 5.048746 3.0 204 0 0
-3.011126 5.048746 3.6 204 0 0
-3.011126 5.048746 4.2 204 0 0
-3.011126 5.048746 4.8 204 0 0
-3.011126 5.048746 5.4 204 0 0
-3.011126 5.048746 6.0 204 0 0
-3.045048 5.021694 3.0 204 0 0
-3.045048 5.021694 3.6 204 0 0
-3.045048 5.021694 4.2 204 0 0
-3.045048 5.021694 4.8 204 0 0
-3.045048 5.021694 5.4 204 0 0
-3.045048 5.021694 6.0 204 0 0
-3.045048 4.978306 3.0 204 0 0
-3.045048 4.978306 3.6 204 0 0
-3.045048 4.978306 4.2 204 0 0
-3.045048 4.978306 4.8 204 0 0
-3.045048 4.978306 5.4 204 0 0
-3.045048 4.978306 6.0 204 0 0
-3.011126 4.951254 3.0 204 0 0
-3.011126 4.951254 3.6 204 0 0
-3.011126 4.951254 4.2 204 0 0
-3.011126 4.951254 4.8 204 0 0
-3.011126 4.951254 5.4 204 0 0
-3.011126 4.951254 6.0 204 0 0
-2.968826 4.960908 3.0 204 0 0
-2.968826 4.960908 3.6 204 0 0
-2.968826 4.960908 4.2 204 0 0
-2.968826 4.960908 4.8 204 0 0
-2.968826 4.960908 5.4 204 0 0
-2.968826 4.960908 6.0 204 0 0
-2.95 5.0 3.0 204 0 0
-2.95 5.0 3.6 204 0 0
-2.95 5.0 4.2 204 0 0
-2.95 5.0 4.8 204 0 0
-2.95 5.0 5.4 204 0 0
-2.95 5.0 6.0 204 0 0
-3.0 5.0 6.0 204 0 0
-3.0 5.0 3.0 204 0 0
-2.95 5.0 6.0 204 0 0
-2.95 5.0 3.0 204 0 0
3.05 -6.0 3.0 204 0 0
3.05 -6.0 3.6 204 0 0
3.05 -6.0 4.2 204 0 0
3.05 -6.0 4.8 204 0 0
3.05 -6.0 5.4 204 0 0
3.05 -6.0 6.0 204 0 0
3.031174 -5.960908 3.0 204 0 0
3.031174 -5.960908 3.6 204 0 0
3.031174 -5.960908 4.2 204 0 0
3.031174 -5.960908 4.8 204 0 0
3.031174 -5.960908 5.4 204 0 0
3.031174 -5.960908 6.0 204 0 0
2.988874 -5.951254 3.0 204 0 0
2.988874 -5.951254 3.6 204 0 0
2.988874 -5.951254 4.2 204 0 0
2.988874 -5.951254 4.8 204 0 0
2.988874 -5.951254 5.4 204 0 0
2.988874 -5.951254 6.0 204 0 0
2.954952 -5.978306 3.0 204 0 0
2.954952 -5.978306 3.6 204 0 0
2.954952 -5.978306 4.2 204 0 0
2.954952 -5.978306 4.8 204 0 0
2.954952 -5.978306 5.4 204 0 0
2.954952 -5.978306 6.0 204 0 0
2.954952 -6.021694 3.0 204 0 0
2.954952 -6.021694 3.6 204 0 0
2.954952 -6.021694 4.2 204 0 0
2.954952 -6.021694 4.8 204 0 0
2.954952 -6.021694 5.4 204 0 0
2.954952 -6.021694 6.0 204 0 0
2.988874 -6.048746 3.0 204 0 0
2.988874 -6.048746 3.6 204 0 0
2.988874 -6.048746 4.2 204 0 0
2.988874 -6.048746 4.8 204 0 0
2.988874 -6.048746 5.4 204 0 0
2.988874 -6.048746 6.0 204 0 0
3.031174 -6.039092 3.0 204 0 0
3.031174 -6.039092 3.6 204 0 0
3.031174 -6.039092 4.2 204 0 0
3.031174 -6.039092 4.8 204 0 0
3.031174 -6.039092 5.4 204 0 0
3.031174 -6.039092 6.0 204 0 0
3.05 -6.0 3.0 204 0 0
3.05 -6.0 3.6 204 0 0
3.05 -6.0 4.2 204 0 0
3.05 -6.0 4.8 204 0 0
3.05 -6.0 5.4 204 0 0
3.05 -6.0 6.0 204 0 0
3.0 -6.0 6.0 204 0 0
3.0 -6.0 3.0 204 0 0
3.05 -6.0 6.0 204 0 0
3.05 -6.0 3.0 204 0 0
-18.999877 0.0 5.042037 204 0 0
-18.487057 0.0 5.042445 204 0 0
-17.974237 0.0 5.042854 204 0 0
-17.461416 0.0 5.043262 204 0 0
-16.948596 0.0 5.04367 204 0 0
-16.435776 0.0 5.044079 204 0 0
-15.922955 0.0 5.044487 204 0 0
-15.410135 0.0 5.044895 204 0 0
-14.897315 0.0 5.045304 204 0 0
-14.384494 0.0 5.045712 204 0 0
-13.871674 0.0 5.046121 204 0 0
-13.358854 0.0 5.046529 204 0 0
-12.846033 0.0 5.046937 204 0 0
-12.333213 0.0 5.047346 204 0 0
-11.820392 0.0 5.047754 204 0 0
-11.307572 0.0 5.048162 204 0 0
-10.794752 0.0 5.048571 204 0 0
-10.281931 0.0 5.048979 204 0 0
-9.769111 0.0 5.049387 204 0 0
-9.256291 0.0 5.049796 204 0 0
-8.74347 0.0 5.050204 204 0 0
-8.23065 0.0 5.050613 204 0 0
-7.71783 0.0 5.051021 204 0 0
-7.205009 0.0 5.051429 204 0 0
-6.692189 0.0 5.051838 204 0 0
-6.179369 0.0 5.052246 204 0 0
-5.666548 0.0 5.052654 204 0 0
-5.153728 0.0 5.053063 204 0 0
-4.640908 0.0 5.053471 204 0 0
-4.128087 0.0 5.05388 204 0 0
-3.615267 0.0 5.054288 204 0 0
-3.102447 0.0 5.054696 204 0 0
-2.589626 0.0 5.055105 204 0 0
-2.076806 0.0 5.055513 204 0 0
-1.563985 0.0 5.055921 204 0 0
-1.051165 0.0 5.05633 204 0 0
-0.538345 0.0 5.056738 204 0 0
-0.025524 0.0 5.057147 204 0 0
0.487296 0.0 5.057555 204 0 0
1.000116 0.0 5.057963 204 0 0
-18.999922 0.117275 5.098513 204 0 0
-18.487102 0.117275 5.098922 204 0 0
-17.974282 0.117275 5.09933 204 0 0
-17.461461 0.117275 5.099738 204 0 0
-16.948641 0.117275 5.100147 204 0 0
-16.435821 0.117275 5.100555 204 0 0
-15.923 0.117275 5.100964 204 0 0
-15.41018 0.117275 5.101372 204 0 0
-14.89736 0.117275 5.10178 204 0 0
-14.384539 0.117275 5.102189 204 0 0
-13.871719 0.117275 5.102597 204 0 0
-13.358899 0.117275 5.103005 204 0 0
-12.846078 0.117275 5.103414 204 0 0
-12.333258 0.117275 5.103822 204 0 0
-11.820437 0.117275 5.104231 204 0 0
-11.307617 0.117275 5.104639 204 0 0
-10.794797 0.117275 5.105047 204 0 0
-10.281976 0.117275 5.105456 204 0 0
-9.769156 0.117275 5.105864 204 0 0
-9.256336 0.117275 5.106272 204 0 0
-8.743515 0.117275 5.106681 204 0 0
-8.230695 0.117275 5.107089 204 0 0
-7.717875 0.117275 5.107497 204 0 0
-7.205054 0.117275 5.107906 204 0 0
-6.692234 0.117275 5.108314 204 0 0
-6.179414 0.117275 5.108723 204 0 0
-5.666593 0.117275 5.109131 204 0 0
-5.153773 0.117275 5.109539 204 0 0
-4.640953 0.117275 5.109948 204 0 0
-4.128132 0.117275 5.110356 204 0 0
-3.615312 0.117275 5.110764 204 0 0
-3.102491 0.117275 5.111173 204 0 0
-2.589671 0.117275 5.111581 204 0 0
-2.076851 0.117275 5.11199 204 0 0
-1.56403 0.117275 5.112398 204 0 0
-1.05121 0.117275 5.112806 204 0 0
-0.53839 0.117275 5.113215 204 0 0
-0.025569 0.117275 5.113623 204 0 0
0.487251 0.117275 5.114031 204 0 0
1.000071 0.117275 5.11444 204 0 0
-19.000023 0.146239 5.225415 204 0 0
-18.487203 0.146239 5.225823 204 0 0
-17.974383 0.146239 5.226232 204 0 0
-17.461562 0.146239 5.22664 204 0 0
-16.948742 0.146239 5.227048 204 0 0
-16.435922 0.146239 5.227457 204 0 0
-15.923101 0.146239 5.227865 204 0 0
-15.410281 0.146239 5.228273 204 0 0
-14.897461 0.146239 5.228682 204 0 0
-14.38464 0.146239 5.22909 204 0 0
-13.87182 0.146239 5.229499 204 0 0
-13.359 0.146239 5.229907 204 0 0
-12.846179 0.146239 5.230315 204 0 0
-12.333359 0.146239 5.230724 204 0 0
-11.820539 0.146239 5.231132 204 0 0
-11.307718 0.146239 5.23154 204 0 0
-10.794898 0.146239 5.231949 204 0 0
-10.282077 0.146239 5.232357 204 0 0
-9.769257 0.146239 5.232766 204 0 0
-9.256437 0.146239 5.233174 204 0 0
-8.743616 0.146239 5.233582 204 0 0
-8.230796 0.146239 5.233991 204 0 0
-7.717976 0.146239 5.234399 204 0 0
-7.205155 0.146239 5.234807 204 0 0
-6.692335 0.146239 5.235216 204 0 0
-6.179515 0.146239 5.235624 204 0 0
-5.666694 0.146239 5.236033 204 0 0
-5.153874 0.146239 5.236441 204 0 0
-4.641054 0.146239 5.236849 204 0 0
-4.128233 0.146239 5.237258 204 0 0
-3.615413 0.146239 5.237666 204 0 0
-3.102593 0.146239 5.238074 204 0 0
-2.589772 0.146239 5.238483 204 0 0
-2.076952 0.146239 5.238891 204 0 0
-1.564132 0.146239 5.2393 204 0 0
-1.051311 0.146239 5.239708 204 0 0
-0.538491 0.146239 5.240116 204 0 0
-0.02567 0.146239 5.240525 204 0 0
0.48715 0.146239 5.240933 204 0 0
0.99997 0.146239 5.241341 204 0 0
-19.000104 0.065083 5.327182 204 0 0
-18.487284 0.065083 5.32759 204 0 0
-17.974464 0.065083 5.327999 204 0 0
-17.461643 0.065083 5.328407 204 0 0
-16.948823 0.065083 5.328816 204 0 0
-16.436003 0.065083 5.329224 204 0 0
-15.923182 0.065083 5.329632 204 0 0
-15.410362 0.065083 5.330041 204 0 0
-14.897542 0.065083 5.330449 204 0 0
-14.384721 0.065083 5.330857 204 0 0
-13.871901 0.065083 5.331266 204 0 0
-13.359081 0.065083 5.331674 204 0 0
-12.84626 0.065083 5.332082 204 0 0
-12.33344 0.065083 5.332491 204 0 0
-11.82062 0.065083 5.332899 204 0 0
-11.307799 0.065083 5.333308 204 0 0
-10.794979 0.065083 5.333716 204 0 0
-10.282158 0.065083 5.334124 204 0 0
-9.769338 0.065083 5.334533 204 0 0
-9.256518 0.065083 5.334941 204 0 0
-8.743697 0.065083 5.335349 204 0 0
-8.230877 0.065083 5.335758 204 0 0
-7.718057 0.065083 5.336166 204 0 0
-7.205236 0.065083 5.336575 204 0 0
-6.692416 0.065083 5.336983 204 0 0
-6.179596 0.065083 5.337391 204 0 0
-5.666775 0.065083 5.3378 204 0 0
-5.153955 0.065083 5.338208 204 0 0
-4.641135 0.065083 5.338616 204 0 0
-4.128314 0.065083 5.339025 204 0 0
-3.615494 0.065083 5.339433 204 0 0
-3.102674 0.065083 5.339842 204 0 0
-2.589853 0.065083 5.34025 204 0 0
-2.077033 0.065083 5.340658 204 0 0
-1.564213 0.065083 5.341067 204 0 0
-1.051392 0.065083 5.341475 204 0 0
-0.538572 0.065083 5.341883 204 0 0
-0.025751 0.065083 5.342292 204 0 0
0.487069 0.065083 5.3427 204 0 0
0.999889 0.065083 5.343109 204 0 0
-19.000104 -0.065083 5.327182 204 0 0
-18.487284 -0.065083 5.32759 204 0 0
-17.974464 -0.065083 5.327999 204 0 0
-17.461643 -0.065083 5.328407 204 0 0
-16.948823 -0.065083 5.328816 204 0 0
-16.436003 -0.065083 5.329224 204 0 0
-15.923182 -0.065083 5.329632 204 0 0
-15.410362 -0.065083 5.330041 204 0 0
-14.897542 -0.065083 5.330449 204 0 0
-14.384721 -0.065083 5.330857 204 0 0
-13.871901 -0.065083 5.331266 204 0 0
-13.359081 -0.065083 5.331674 204 0 0
-12.84626 -0.065083 5.332082 204 0 0
-12.33344 -0.065083 5.332491 204 0 0
-11.82062 -0.065083 5.332899 204 0 0
-11.307799 -0.065083 5.333308 204 0 0
-10.794979 -0.065083 5.333716 204 0 0
-10.282158 -0.065083 5.334124 204 0 0
-9.769338 -0.065083 5.334533 204 0 0
-9.256518 -0.065083 5.334941 204 0 0
-8.743697 -0.065083 5.335349 204 0 0
-8.230877 -0.065083 5.335758 204 0 0
-7.718057 -0.065083 5.336166 204 0 0
-7.205236 -0.065083 5.336575 204 0 0
-6.692416 -0.065083 5.336983 204 0 0
-6.179596 -0.065083 5.337391 204 0 0
-5.666775 -0.065083 5.3378 204 0 0
-5.153955 -0.065083 5.338208 204 0 0
-4.641135 -0.065083 5.338616 204 0 0
-4.128314 -0.065083 5.339025 204 0 0
-3.615494 -0.065083 5.339433 204 0 0
-3.102674 -0.065083 5.339842 204 0 0
-2.589853 -0.065083 5.34025 204 0 0
-2.077033 -0.065083 5.340658 204 0 0
-1.564213 -0.065083 5.341067 204 0 0
-1.051392 -0.065083 5.341475 204 0 0
-0.538572 -0.065083 5.341883 204 0 0
-0.025751 -0.065083 5.342292 204 0 0
0.487069 -0.065083 5.3427 204 0 0
0.999889 -0.065083 5.343109 204 0 0
-19.000023 -0.146239 5.225415 204 0 0
-18.487203 -0.146239 5.225823 204 0 0
-17.974383 -0.146239 5.226232 204 0 0
-17.461562 -0.146239 5.22664 204 0 0
-16.948742 -0.146239 5.227048 204 0 0
-16.435922 -0.146239 5.227457 204 0 0
-15.923101 -0.146239 5.227865 204 0 0
-15.410281 -0.146239 5.228273 204 0 0
-14.897461 -0.146239 5.228682 204 0 0
-14.38464 -0.146239 5.22909 204 0 0
-13.87182 -0.146239 5.229499 204 0 0
-13.359 -0.146239 5.229907 204 0 0
-12.846179 -0.146239 5.230315 204 0 0
-12.333359 -0.146239 5.230724 204 0 0
-11.820539 -0.146239 5.231132 204 0 0
-11.307718 -0.146239 5.23154 204 0 0
-10.794898 -0.146239 5.231949 204 0 0
-10.282077 -0.146239 5.232357 204 0 0
-9.769257 -0.146239 5.232766 204 0 0
-9.256437 -0.146239 5.233174 204 0 0
-8.743616 -0.146239 5.233582 204 0 0
-8.230796 -0.146239 5.233991 204 0 0
-7.717976 -0.146239 5.234399 204 0 0
-7.205155 -0.146239 5.234807 204 0 0
-6.692335 -0.146239 5.235216 204 0 0
-6.179515 -0.146239 5.235624 204 0 0
-5.666694 -0.146239 5.236033 204 0 0
-5.153874 -0.146239 5.236441 204 0 0
-4.641054 -0.146239 5.236849 204 0 0
-4.128233 -0.146239 5.237258 204 0 0
-3.615413 -0.146239 5.237666 204 0 0
-3.102593 -0.146239 5.238074 204 0 0
-2.589772 -0.146239 5.238483 204 0 0
-2.076952 -0.146239 5.238891 204 0 0
-1.564132 -0.146239 5.2393 204 0 0
-1.051311 -0.146239 5.239708 204 0 0
-0.538491 -0.146239 5.240116 204 0 0
-0.02567 -0.146239 5.240525 204 0 0
0.48715 -0.146239 5.240933 204 0 0
0.99997 -0.146239 5.241341 204 0 0
-18.999922 -0.117275 5.098513 204 0 0
-18.487102 -0.117275 5.098922 204 0 0
-17.974282 -0.117275 5.09933 204 0 0
-17.461461 -0.117275 5.099738 204 0 0
-16.948641 -0.117275 5.100147 204 0 0
-16.435821 -0.117275 5.100555 204 0 0
-15.923 -0.117275 5.100964 204 0 0
-15.41018 -0.117275 5.101372 204 0 0
-14.89736 -0.117275 5.10178 204 0 0
-14.384539 -0.117275 5.102189 204 0 0
-13.871719 -0.117275 5.102597 204 0 0
-13.358899 -0.117275 5.103005 204 0 0
-12.846078 -0.117275 5.103414 204 0 0
-12.333258 -0.117275 5.103822 204 0 0
-11.820437 -0.117275 5.104231 204 0 0
-11.307617 -0.117275 5.104639 204 0 0
-10.794797 -0.117275 5.105047 204 0 0
-10.281976 -0.117275 5.105456 204 0 0
-9.769156 -0.117275 5.105864 204 0 0
-9.256336 -0.117275 5.106272 204 0 0
-8.743515 -0.117275 5.106681 204 0 0
-8.230695 -0.117275 5.107089 204 0 0
-7.717875 -0.117275 5.107497 204 0 0
-7.205054 -0.117275 5.107906 204 0 0
-6.692234 -0.117275 5.108314 204 0 0
-6.179414 -0.117275 5.108723 204 0 0
-5.666593 -0.117275 5.109131 204 0 0
-5.153773 -0.117275 5.109539 204 0 0
-4.640953 -0.117275 5.109948 204 0 0
-4.128132 -0.117275 5.110356 204 0 0
-3.615312 -0.117275 5.110764 204 0 0
-3.102491 -0.117275 5.111173 204 0 0
-2.589671 -0.117275 5.111581 204 0 0
-2.076851 -0.117275 5.11199 204 0 0
-1.56403 -0.117275 5.112398 204 0 0
-1.05121 -0.117275 5.112806 204 0 0
-0.53839 -0.117275 5.113215 204 0 0
-0.025569 -0.117275 5.113623 204 0 0
0.487251 -0.117275 5.114031 204 0 0
1.000071 -0.117275 5.11444 204 0 0
-18.999877 -0.0 5.042037 204 0 0
-18.487057 -0.0 5.042445 204 0 0
-17.974237 -0.0 5.042854 204 0 0
-17.461416 -0.0 5.043262 204 0 0
-16.948596 -0.0 5.04367 204 0 0
-16.435776 -0.0 5.044079 204 0 0
-15.922955 -0.0 5.044487 204 0 0
-15.410135 -0.0 5.044895 204 0 0
-14.897315 -0.0 5.045304 204 0 0
-14.384494 -0.0 5.045712 204 0 0
-13.871674 -0.0 5.046121 204 0 0
-13.358854 -0.0 5.046529 204 0 0
-12.846033 -0.0 5.046937 204 0 0
-12.333213 -0.0 5.047346 204 0 0
-11.820392 -0.0 5.047754 204 0 0
-11.307572 -0.0 5.048162 204 0 0
-10.794752 -0.0 5.048571 204 0 0
-10.281931 -0.0 5.048979 204 0 0
-9.769111 -0.0 5.049387 204 0 0
-9.256291 -0.0 5.049796 204 0 0
-8.74347 -0.0 5.050204 204 0 0
-8.23065 -0.0 5.050613 204 0 0
-7.71783 -0.0 5.051021 204 0 0
-7.205009 -0.0 5.051429 204 0 0
-6.692189 -0.0 5.051838 204 0 0
-6.179369 -0.0 5.052246 204 0 0
-5.666548 -0.0 5.052654 204 0 0
-5.153728 -0.0 5.053063 204 0 0
-4.640908 -0.0 5.053471 204 0 0
-4.128087 -0.0 5.05388 204 0 0
-3.615267 -0.0 5.054288 204 0 0
-3.102447 -0.0 5.054696 204 0 0
-2.589626 -0.0 5.055105 204 0 0
-2.076806 -0.0 5.055513 204 0 0
-1.563985 -0.0 5.055921 204 0 0
-1.051165 -0.0 5.05633 204 0 0
-0.538345 -0.0 5.056738 204 0 0
-0.025524 -0.0 5.057147 204 0 0
0.487296 -0.0 5.057555 204 0 0
1.000116 -0.0 5.057963 204 0 0
0.999997 0.0 5.207963 204 0 0
-18.999997 0.0 5.192037 204 0 0
1.000116 0.0 5.057963 204 0 0
-18.999877 0.0 5.042037 204 0 0
-12.999877 0.0 5.042037 204 0 0
-12.487057 0.0 5.042445 204 0 0
-11.974237 0.0 5.042854 204 0 0
-11.461416 0.0 5.043262 204 0 0
-10.948596 0.0 5.04367 204 0 0
-10.435776 0.0 5.044079 204 0 0
-9.922955 0.0 5.044487 204 0 0
-9.410135 0.0 5.044895 204 0 0
-8.897315 0.0 5.045304 204 0 0
-8.384494 0.0 5.045712 204 0 0
-7.871674 0.0 5.046121 204 0 0
-7.358854 0.0 5.046529 204 0 0
-6.846033 0.0 5.046937 204 0 0
-6.333213 0.0 5.047346 204 0 0
-5.820392 0.0 5.047754 204 0 0
-5.307572 0.0 5.048162 204 0 0
-4.794752 0.0 5.048571 204 0 0
-4.281931 0.0 5.048979 204 0 0
-3.769111 0.0 5.049387 204 0 0
-3.256291 0.0 5.049796 204 0 0
-2.74347 0.0 5.050204 204 0 0
-2.23065 0.0 5.050613 204 0 0
-1.71783 0.0 5.051021 204 0 0
-1.205009 0.0 5.051429 204 0 0
-0.692189 0.0 5.051838 204 0 0
-0.179369 0.0 5.052246 204 0 0
0.333452 0.0 5.052654 204 0 0
0.846272 0.0 5.053063 204 0 0
1.359092 0.0 5.053471 204 0 0
1.871913 0.0 5.05388 204 0 0
2.384733 0.0 5.054288 204 0 0
2.897553 0.0 5.054696 204 0 0
3.410374 0.0 5.055105 204 0 0
3.923194 0.0 5.055513 204 0 0
4.436015 0.0 5.055921 204 0 0
4.948835 0.0 5.05633 204 0 0
5.461655 0.0 5.056738 204 0 0
5.974476 0.0 5.057147 204 0 0
6.487296 0.0 5.057555 204 0 0
7.000116 0.0 5.057963 204 0 0
-12.999922 0.117275 5.098513 204 0 0
-12.487102 0.117275 5.098922 204 0 0
-11.974282 0.117275 5.09933 204 0 0
-11.461461 0.117275 5.099738 204 0 0
-10.948641 0.117275 5.100147 204 0 0
-10.435821 0.117275 5.100555 204 0 0
-9.923 0.117275 5.100964 204 0 0
-9.41018 0.117275 5.101372 204 0 0
-8.89736 0.117275 5.10178 204 0 0
-8.384539 0.117275 5.102189 204 0 0
-7.871719 0.117275 5.102597 204 0 0
-7.358899 0.117275 5.103005 204 0 0
-6.846078 0.117275 5.103414 204 0 0
-6.333258 0.117275 5.103822 204 0 0
-5.820437 0.117275 5.104231 204 0 0
-5.307617 0.117275 5.104639 204 0 0
-4.794797 0.117275 5.105047 204 0 0
-4.281976 0.117275 5.105456 204 0 0
-3.769156 0.117275 5.105864 204 0 0
-3.256336 0.117275 5.106272 204 0 0
-2.743515 0.117275 5.106681 204 0 0
-2.230695 0.117275 5.107089 204 0 0
-1.717875 0.117275 5.107497 204 0 0
-1.205054 0.117275 5.107906 204 0 0
-0.692234 0.117275 5.108314 204 0 0
-0.179414 0.117275 5.108723 204 0 0
0.333407 0.117275 5.109131 204 0 0
0.846227 0.117275 5.109539 204 0 0
1.359047 0.117275 5.109948 204 0 0
1.871868 0.117275 5.110356 204 0 0
2.384688 0.117275 5.110764 204 0 0
2.897509 0.117275 5.111173 204 0 0
3.410329 0.117275 5.111581 204 0 0
3.923149 0.117275 5.11199 204 0 0
4.43597 0.117275 5.112398 204 0 0
4.94879 0.117275 5.112806 204 0 0
5.46161 0.117275 5.113215 204 0 0
5.974431 0.117275 5.113623 204 0 0
6.487251 0.117275 5.114031 204 0 0
7.000071 0.117275 5.11444 204 0 0
-13.000023 0.146239 5.225415 204 0 0
-12.487203 0.146239 5.225823 204 0 0
-11.974383 0.146239 5.226232 204 0 0
-11.461562 0.146239 5.22664 204 0 0
-10.948742 0.146239 5.227048 204 0 0
-10.435922 0.146239 5.227457 204 0 0
-9.923101 0.146239 5.227865 204 0 0
-9.410281 0.146239 5.228273 204 0 0
-8.897461 0.146239 5.228682 204 0 0
-8.38464 0.146239 5.22909 204 0 0
-7.87182 0.146239 5.229499 204 0 0
-7.359 0.146239 5.229907 204 0 0
-6.846179 0.146239 5.230315 204 0 0
-6.333359 0.146239 5.230724 204 0 0
-5.820539 0.146239 5.231132 204 0 0
-5.307718 0.146239 5.23154 204 0 0
-4.794898 0.146239 5.231949 204 0 0
-4.282077 0.146239 5.232357 204 0 0
-3.769257 0.146239 5.232766 204 0 0
-3.256437 0.146239 5.233174 204 0 0
-2.743616 0.146239 5.233582 204 0 0
-2.230796 0.146239 5.233991 204 0 0
-1.717976 0.146239 5.234399 204 0 0
-1.205155 0.146239 5.234807 204 0 0
-0.692335 0.146239 5.235216 204 0 0
-0.179515 0.146239 5.235624 204 0 0
0.333306 0.146239 5.236033 204 0 0
0.846126 0.146239 5.236441 204 0 0
1.358946 0.146239 5.236849 204 0 0
1.871767 0.146239 5.237258 204 0 0
2.384587 0.146239 5.237666 204 0 0
2.897407 0.146239 5.238074 204 0 0
3.410228 0.146239 5.238483 204 0 0
3.923048 0.146239 5.238891 204 0 0
4.435868 0.146239 5.2393 204 0 0
4.948689 0.146239 5.239708 204 0 0
5.461509 0.146239 5.240116 204 0 0
5.97433 0.146239 5.240525 204 0 0
6.48715 0.146239 5.240933 204 0 0
6.99997 0.146239 5.241341 204 0 0
-13.000104 0.065083 5.327182 204 0 0
-12.487284 0.065083 5.32759 204 0 0
-11.974464 0.065083 5.327999 204 0 0
-11.461643 0.065083 5.328407 204 0 0
-10.948823 0.065083 5.328816 204 0 0
-10.436003 0.065083 5.329224 204 0 0
-9.923182 0.065083 5.329632 204 0 0
-9.410362 0.065083 5.330041 204 0 0
-8.897542 0.065083 5.330449 204 0 0
-8.384721 0.065083 5.330857 204 0 0
-7.871901 0.065083 5.331266 204 0 0
-7.359081 0.065083 5.331674 204 0 0
-6.84626 0.065083 5.332082 204 0 0
-6.33344 0.065083 5.332491 204 0 0
-5.82062 0.065083 5.332899 204 0 0
-5.307799 0.065083 5.333308 204 0 0
-4.794979 0.065083 5.333716 204 0 0
-4.282158 0.065083 5.334124 204 0 0
-3.769338 0.065083 5.334533 204 0 0
-3.256518 0.065083 5.334941 204 0 0
-2.743697 0.065083 5.335349 204 0 0
-2.230877 0.065083 5.335758 204 0 0
-1.718057 0.065083 5.336166 204 0 0
-1.205236 0.065083 5.336575 204 0 0
-0.692416 0.065083 5.336983 204 0 0
-0.179596 0.065083 5.337391 204 0 0
0.333225 0.065083 5.3378 204 0 0
0.846045 0.065083 5.338208 204 0 0
1.358865 0.065083 5.338616 204 0 0
1.871686 0.065083 5.339025 204 0 0
2.384506 0.065083 5.339433 204 0 0
2.897326 0.065083 5.339842 204 0 0
3.410147 0.065083 5.34025 204 0 0
3.922967 0.065083 5.340658 204 0 0
4.435787 0.065083 5.341067 204 0 0
4.948608 0.065083 5.341475 204 0 0
5.461428 0.065083 5.341883 204 0 0
5.974249 0.065083 5.342292 204 0 0
6.487069 0.065083 5.3427 204 0 0
6.999889 0.065083 5.343109 204 0 0
-13.000104 -0.065083 5.327182 204 0 0
-12.487284 -0.065083 5.32759 204 0 0
-11.974464 -0.065083 5.327999 204 0 0
-11.461643 -0.065083 5.328407 204 0 0
-10.948823 -0.065083 5.328816 204 0 0
-10.436003 -0.065083 5.329224 204 0 0
-9.923182 -0.065083 5.329632 204 0 0
-9.410362 -0.065083 5.330041 204 0 0
-8.897542 -0.065083 5.330449 204 0 0
-8.384721 -0.065083 5.330857 204 0 0
-7.871901 -0.065083 5.331266 204 0 0
-7.359081 -0.065083 5.331674 204 0 0
-6.84626 -0.065083 5.332082 204 0 0
-6.33344 -0.065083 5.332491 204 0 0
-5.82062 -0.065083 5.332899 204 0 0
-5.307799 -0.065083 5.333308 204 0 0
-4.794979 -0.065083 5.333716 204 0 0
-4.282158 -0.065083 5.334124 204 0 0
-3.769338 -0.065083 5.334533 204 0 0
-3.256518 -0.065083 5.334941 204 0 0
-2.743697 -0.065083 5.335349 204 0 0
-2.230877 -0.065083 5.335758 204 0 0
-1.718057 -0.065083 5.336166 204 0 0
-1.205236 -0.065083 5.336575 204 0 0
-0.692416 -0.065083 5.336983 204 0 0
-0.179596 -0.065083 5.337391 204 0 0
0.333225 -0.065083 5.3378 204 0 0
0.846045 -0.065083 5.338208 204 0 0
1.358865 -0.065083 5.338616 204 0 0
1.871686 -0.065083 5.339025 204 0 0
2.384506 -0.065083 5.339433 204 0 0
2.897326 -0.065083 5.339842 204 0 0
3.410147 -0.065083 5.34025 204 0 0
3.922967 -0.065083 5.340658 204 0 0
4.435787 -0.065083 5.341067 204 0 0
4.948608 -0.065083 5.341475 204 0 0
5.461428 -0.065083 5.341883 204 0 0
5.974249 -0.065083 5.342292 204 0 0
6.487069 -0.065083 5.3427 204 0 0
6.999889 -0.065083 5.343109 204 0 0
-13.000023 -0.146239 5.225415 204 0 0
-12.487203 -0.146239 5.225823 204 0 0
-11.974383 -0.146239 5.226232 204 0 0
-11.461562 -0.146239 5.22664 204 0 0
-10.948742 -0.146239 5.227048 204 0 0
-10.435922 -0.146239 5.227457 204 0 0
-9.923101 -0.146239 5.227865 204 0 0
-9.410281 -0.146239 5.228273 204 0 0
-8.897461 -0.146239 5.228682 204 0 0
-8.38464 -0.146239 5.22909 204 0 0
-7.87182 -0.146239 5.229499 204 0 0
-7.359 -0.146239 5.229907 204 0 0
-6.846179 -0.146239 5.230315 204 0 0
-6.333359 -0.146239 5.230724 204 0 0
-5.820539 -0.146239 5.231132 204 0 0
-5.307718 -0.146239 5.23154 204 0 0
-4.794898 -0.146239 5.231949 204 0 0
-4.282077 -0.146239 5.232357 204 0 0
-3.769257 -0.146239 5.232766 204 0 0
-3.256437 -0.146239 5.233174 204 0 0
-2.743616 -0.146239 5.233582 204 0 0
-2.230796 -0.146239 5.233991 204 0 0
-1.717976 -0.146239 5.234399 204 0 0
-1.205155 -0.146239 5.234807 204 0 0
-0.692335 -0.146239 5.235216 204 0 0
-0.179515 -0.146239 5.235624 204 0 0
0.333306 -0.146239 5.236033 204 0 0
0.846126 -0.146239 5.236441 204 0 0
1.358946 -0.146239 5.236849 204 0 0
1.871767 -0.146239 5.237258 204 0 0
2.384587 -0.146239 5.237666 204 0 0
2.897407 -0.146239 5.238074 204 0 0
3.410228 -0.146239 5.238483 204 0 0
3.923048 -0.146239 5.238891 204 0 0
4.435868 -0.146239 5.2393 204 0 0
4.948689 -0.146239 5.239708 204 0 0
5.461509 -0.146239 5.240116 204 0 0
5.97433 -0.146239 5.240525 204 0 0
6.48715 -0.146239 5.240933 204 0 0
6.99997 -0.146239 5.241341 204 0 0
-12.999922 -0.117275 5.098513 204 0 0
-12.487102 -0.117275 5.098922 204 0 0
-11.974282 -0.117275 5.09933 204 0 0
-11.461461 -0.117275 5.099738 204 0 0
-10.948641 -0.117275 5.100147 204 0 0
-10.435821 -0.117275 5.100555 204 0 0
-9.923 -0.117275 5.100964 204 0 0
-9.41018 -0.117275 5.101372 204 0 0
-8.89736 -0.117275 5.10178 204 0 0
-8.384539 -0.117275 5.102189 204 0 0
-7.871719 -0.117275 5.102597 204 0 0
-7.358899 -0.117275 5.103005 204 0 0
-6.846078 -0.117275 5.103414 204 0 0
-6.333258 -0.117275 5.103822 204 0 0
-5.820437 -0.117275 5.104231 204 0 0
-5.307617 -0.117275 5.104639 204 0 0
-4.794797 -0.117275 5.105047 204 0 0
-4.281976 -0.117275 5.105456 204 0 0
-3.769156 -0.117275 5.105864 204 0 0
-3.256336 -0.117275 5.106272 204 0 0
-2.743515 -0.117275 5.106681 204 0 0
-2.230695 -0.117275 5.107089 204 0 0
-1.717875 -0.117275 5.107497 204 0 0
-1.205054 -0.117275 5.107906 204 0 0
-0.692234 -0.117275 5.108314 204 0 0
-0.179414 -0.117275 5.108723 204 0 0
0.333407 -0.117275 5.109131 204 0 0
0.846227 -0.117275 5.109539 204 0 0
1.359047 -0.117275 5.109948 204 0 0
1.871868 -0.117275 5.110356 204 0 0
2.384688 -0.117275 5.110764 204 0 0
2.897509 -0.117275 5.111173 204 0 0
3.410329 -0.117275 5.111581 204 0 0
3.923149 -0.117275 5.11199 204 0 0
4.43597 -0.117275 5.112398 204 0 0
4.94879 -0.117275 5.112806 204 0 0
5.46161 -0.117275 5.113215 204 0 0
5.974431 -0.117275 5.113623 204 0 0
6.487251 -0.117275 5.114031 204 0 0
7.000071 -0.117275 5.11444 204 0 0
-12.999877 -0.0 5.042037 204 0 0
-12.487057 -0.0 5.042445 204 0 0
-11.974237 -0.0 5.042854 204 0 0
-11.461416 -0.0 5.043262 204 0 0
-10.948596 -0.0 5.04367 204 0 0
-10.435776 -0.0 5.044079 204 0 0
-9.922955 -0.0 5.044487 204 0 0
-9.410135 -0.0 5.044895 204 0 0
-8.897315 -0.0 5.045304 204 0 0
-8.384494 -0.0 5.045712 204 0 0
-7.871674 -0.0 5.046121 204 0 0
-7.358854 -0.0 5.046529 204 0 0
-6.846033 -0.0 5.046937 204 0 0
-6.333213 -0.0 5.047346 204 0 0
-5.820392 -0.0 5.047754 204 0 0
-5.307572 -0.0 5.048162 204 0 0
-4.794752 -0.0 5.048571 204 0 0
-4.281931 -0.0 5.048979 204 0 0
-3.769111 -0.0 5.049387 204 0 0
-3.256291 -0.0 5.049796 204 0 0
-2.74347 -0.0 5.050204 204 0 0
-2.23065 -0.0 5.050613 204 0 0
-1.71783 -0.0 5.051021 204 0 0
-1.205009 -0.0 5.051429 204 0 0
-0.692189 -0.0 5.051838 204 0 0
-0.179369 -0.0 5.052246 204 0 0
0.333452 -0.0 5.052654 204 0 0
0.846272 -0.0 5.053063 204 0 0
1.359092 -0.0 5.053471 204 0 0
1.871913 -0.0 5.05388 204 0 0
2.384733 -0.0 5.054288 204 0 0
2.897553 -0.0 5.054696 204 0 0
3.410374 -0.0 5.055105 204 0 0
3.923194 -0.0 5.055513 204 0 0
4.436015 -0.0 5.055921 204 0 0
4.948835 -0.0 5.05633 204 0 0
5.461655 -0.0 5.056738 204 0 0
5.974476 -0.0 5.057147 204 0 0
6.487296 -0.0 5.057555 204 0 0
7.000116 -0.0 5.057963 204 0 0
6.999997 0.0 5.207963 204 0 0
-12.999997 0.0 5.192037 204 0 0
7.000116 0.0 5.057963 204 0 0
-12.999877 0.0 5.042037 204 0 0
-6.999877 0.0 5.042037 204 0 0
-6.487057 0.0 5.042445 204 0 0
-5.974237 0.0 5.042854 204 0 0
-5.461416 0.0 5.043262 204 0 0
-4.948596 0.0 5.04367 204 0 0
-4.435776 0.0 5.044079 204 0 0
-3.922955 0.0 5.044487 204 0 0
-3.410135 0.0 5.044895 204 0 0
-2.897315 0.0 5.045304 204 0 0
-2.384494 0.0 5.045712 204 0 0
-1.871674 0.0 5.046121 204 0 0
-1.358854 0.0 5.046529 204 0 0
-0.846033 0.0 5.046937 204 0 0
-0.333213 0.0 5.047346 204 0 0
0.179608 0.0 5.047754 204 0 0
0.692428 0.0 5.048162 204 0 0
1.205248 0.0 5.048571 204 0 0
1.718069 0.0 5.048979 204 0 0
2.230889 0.0 5.049387 204 0 0
2.743709 0.0 5.049796 204 0 0
3.25653 0.0 5.050204 204 0 0
3.76935 0.0 5.050613 204 0 0
4.28217 0.0 5.051021 204 0 0
4.794991 0.0 5.051429 204 0 0
5.307811 0.0 5.051838 204 0 0
5.820631 0.0 5.052246 204 0 0
6.333452 0.0 5.052654 204 0 0
6.846272 0.0 5.053063 204 0 0
7.359092 0.0 5.053471 204 0 0
7.871913 0.0 5.05388 204 0 0
8.384733 0.0 5.054288 204 0 0
8.897553 0.0 5.054696 204 0 0
9.410374 0.0 5.055105 204 0 0
9.923194 0.0 5.055513 204 0 0
10.436015 0.0 5.055921 204 0 0
10.948835 0.0 5.05633 204 0 0
11.461655 0.0 5.056738 204 0 0
11.974476 0.0 5.057147 204 0 0
12.487296 0.0 5.057555 204 0 0
13.000116 0.0 5.057963 204 0 0
-6.999922 0.117275 5.098513 204 0 0
-6.487102 0.117275 5.098922 204 0 0
-5.974282 0.117275 5.09933 204 0 0
-5.461461 0.117275 5.099738 204 0 0
-4.948641 0.117275 5.100147 204 0 0
-4.435821 0.117275 5.100555 204 0 0
-3.923 0.117275 5.100964 204 0 0
-3.41018 0.117275 5.101372 204 0 0
-2.89736 0.117275 5.10178 204 0 0
-2.384539 0.117275 5.102189 204 0 0
-1.871719 0.117275 5.102597 204 0 0
-1.358899 0.117275 5.103005 204 0 0
-0.846078 0.117275 5.103414 204 0 0
-0.333258 0.117275 5.103822 204 0 0
0.179563 0.117275 5.104231 204 0 0
0.692383 0.117275 5.104639 204 0 0
1.205203 0.117275 5.105047 204 0 0
1.718024 0.117275 5.105456 204 0 0
2.230844 0.117275 5.105864 204 0 0
2.743664 0.117275 5.106272 204 0 0
3.256485 0.117275 5.106681 204 0 0
3.769305 0.117275 5.107089 204 0 0
4.282125 0.117275 5.107497 204 0 0
4.794946 0.117275 5.107906 204 0 0
5.307766 0.117275 5.108314 204 0 0
5.820586 0.117275 5.108723 204 0 0
6.333407 0.117275 5.109131 204 0 0
6.846227 0.117275 5.109539 204 0 0
7.359047 0.117275 5.109948 204 0 0
7.871868 0.117275 5.110356 204 0 0
8.384688 0.117275 5.110764 204 0 0
8.897509 0.117275 5.111173 204 0 0
9.410329 0.117275 5.111581 204 0 0
9.923149 0.117275 5.11199 204 0 0
10.43597 0.117275 5.112398 204 0 0
10.94879 0.117275 5.112806 204 0 0
11.46161 0.117275 5.113215 204 0 0
11.974431 0.117275 5.113623 204 0 0
12.487251 0.117275 5.114031 204 0 0
13.000071 0.117275 5.11444 204 0 0
-7.000023 0.146239 5.225415 204 0 0
-6.487203 0.146239 5.225823 204 0 0
-5.974383 0.146239 5.226232 204 0 0
-5.461562 0.146239 5.22664 204 0 0
-4.948742 0.146239 5.227048 204 0 0
-4.435922 0.146239 5.227457 204 0 0
-3.923101 0.146239 5.227865 204 0 0
-3.410281 0.146239 5.228273 204 0 0
-2.897461 0.146239 5.228682 204 0 0
-2.38464 0.146239 5.22909 204 0 0
-1.87182 0.146239 5.229499 204 0 0
-1.359 0.146239 5.229907 204 0 0
-0.846179 0.146239 5.230315 204 0 0
-0.333359 0.146239 5.230724 204 0 0
0.179461 0.146239 5.231132 204 0 0
0.692282 0.146239 5.23154 204 0 0
1.205102 0.146239 5.231949 204 0 0
1.717923 0.146239 5.232357 204 0 0
2.230743 0.146239 5.232766 204 0 0
2.743563 0.146239 5.233174 204 0 0
3.256384 0.146239 5.233582 204 0 0
3.769204 0.146239 5.233991 204 0 0
4.282024 0.146239 5.234399 204 0 0
4.794845 0.146239 5.234807 204 0 0
5.307665 0.146239 5.235216 204 0 0
5.820485 0.146239 5.235624 204 0 0
6.333306 0.146239 5.236033 204 0 0
6.846126 0.146239 5.236441 204 0 0
7.358946 0.146239 5.236849 204 0 0
7.871767 0.146239 5.237258 204 0 0
8.384587 0.146239 5.237666 204 0 0
8.897407 0.146239 5.238074 204 0 0
9.410228 0.146239 5.238483 204 0 0
9.923048 0.146239 5.238891 204 0 0
10.435868 0.146239 5.2393 204 0 0
10.948689 0.146239 5.239708 204 0 0
11.461509 0.146239 5.240116 204 0 0
11.97433 0.146239 5.240525 204 0 0
12.48715 0.146239 5.240933 204 0 0
12.99997 0.146239 5.241341 204 0 0
-7.000104 0.065083 5.327182 204 0 0
-6.487284 0.065083 5.32759 204 0 0
-5.974464 0.065083 5.327999 204 0 0
-5.461643 0.065083 5.328407 204 0 0
-4.948823 0.065083 5.328816 204 0 0
-4.436003 0.065083 5.329224 204 0 0
-3.923182 0.065083 5.329632 204 0 0
-3.410362 0.065083 5.330041 204 0 0
-2.897542 0.065083 5.330449 204 0 0
-2.384721 0.065083 5.330857 204 0 0
-1.871901 0.065083 5.331266 204 0 0
-1.359081 0.065083 5.331674 204 0 0
-0.84626 0.065083 5.332082 204 0 0
-0.33344 0.065083 5.332491 204 0 0
0.17938 0.065083 5.332899 204 0 0
0.692201 0.065083 5.333308 204 0 0
1.205021 0.065083 5.333716 204 0 0
1.717842 0.065083 5.334124 204 0 0
2.230662 0.065083 5.334533 204 0 0
2.743482 0.065083 5.334941 204 0 0
3.256303 0.065083 5.335349 204 0 0
3.769123 0.065083 5.335758 204 0 0
4.281943 0.065083 5.336166 204 0 0
4.794764 0.065083 5.336575 204 0 0
5.307584 0.065083 5.336983 204 0 0
5.820404 0.065083 5.337391 204 0 0
6.333225 0.065083 5.3378 204 0 0
6.846045 0.065083 5.338208 204 0 0
7.358865 0.065083 5.338616 204 0 0
7.871686 0.065083 5.339025 204 0 0
8.384506 0.065083 5.339433 204 0 0
8.897326 0.065083 5.339842 204 0 0
9.410147 0.065083 5.34025 204 0 0
9.922967 0.065083 5.340658 204 0 0
10.435787 0.065083 5.341067 204 0 0
10.948608 0.065083 5.341475 204 0 0
11.461428 0.065083 5.341883 204 0 0
11.974249 0.065083 5.342292 204 0 0
12.487069 0.065083 5.3427 204 0 0
12.999889 0.065083 5.343109 204 0 0
-7.000104 -0.065083 5.327182 204 0 0
-6.487284 -0.065083 5.32759 204 0 0
-5.974464 -0.065083 5.327999 204 0 0
-5.461643 -0.065083 5.328407 204 0 0
-4.948823 -0.065083 5.328816 204 0 0
-4.436003 -0.065083 5.329224 204 0 0
-3.923182 -0.065083 5.329632 204 0 0
-3.410362 -0.065083 5.330041 204 0 0
-2.897542 -0.065083 5.330449 204 0 0
-2.384721 -0.065083 5.330857 204 0 0
-1.871901 -0.065083 5.331266 204 0 0
-1.359081 -0.065083 5.331674 204 0 0
-0.84626 -0.065083 5.332082 204 0 0
-0.33344 -0.065083 5.332491 204 0 0
0.17938 -0.065083 5.332899 204 0 0
0.692201 -0.065083 5.333308 204 0 0
1.205021 -0.065083 5.333716 204 0 0
1.717842 -0.065083 5.334124 204 0 0
2.230662 -0.065083 5.334533 204 0 0
2.743482 -0.065083 5.334941 204 0 0
3.256303 -0.065083 5.335349 204 0 0
3.769123 -0.065083 5.335758 204 0 0
4.281943 -0.065083 5.336166 204 0 0
4.794764 -0.065083 5.336575 204 0 0
5.307584 -0.065083 5.336983 204 0 0
5.820404 -0.065083 5.337391 204 0 0
6.333225 -0.065083 5.3378 204 0 0
6.846045 -0.065083 5.338208 204 0 0
7.358865 -0.065083 5.338616 204 0 0
7.871686 -0.065083 5.339025 204 0 0
8.384506 -0.065083 5.339433 204 0 0
8.897326 -0.065083 5.339842 204 0 0
9.410147 -0.065083 5.34025 204 0 0
9.922967 -0.065083 5.340658 204 0 0
10.435787 -0.065083 5.341067 204 0 0
10.948608 -0.065083 5.341475 204 0 0
11.461428 -0.065083 5.341883 204 0 0
11.974249 -0.065083 5.342292 204 0 0
12.487069 -0.065083 5.3427 204 0 0
12.999889 -0.065083 5.343109 204 0 0
-7.000023 -0.146239 5.225415 204 0 0
-6.487203 -0.146239 5.225823 204 0 0
-5.974383 -0.146239 5.226232 204 0 0
-5.461562 -0.146239 5.22664 204 0 0
-4.948742 -0.146239 5.227048 204 0 0
-4.435922 -0.146239 5.227457 204 0 0
-3.923101 -0.146239 5.227865 204 0 0
-3.410281 -0.146239 5.228273 204 0 0
-2.897461 -0.146239 5.228682 204 0 0
-2.38464 -0.146239 5.22909 204 0 0
-1.87182 -0.146239 5.229499 204 0 0
-1.359 -0.146239 5.229907 204 0 0
-0.846179 -0.146239 5.230315 204 0 0
-0.333359 -0.146239 5.230724 204 0 0
0.179461 -0.146239 5.231132 204 0 0
0.692282 -0.146239 5.23154 204 0 0
1.205102 -0.146239 5.231949 204 0 0
1.717923 -0.146239 5.232357 204 0 0
2.230743 -0.146239 5.232766 204 0 0
2.743563 -0.146239 5.233174 204 0 0
3.256384 -0.146239 5.233582 204 0 0
3.769204 -0.146239 5.233991 204 0 0
4.282024 -0.146239 5.234399 204 0 0
4.794845 -0.146239 5.234807 204 0 0
5.307665 -0.146239 5.235216 204 0 0
5.820485 -0.146239 5.235624 204 0 0
6.333306 -0.146239 5.236033 204 0 0
6.846126 -0.146239 5.236441 204 0 0
7.358946 -0.146239 5.236849 204 0 0
7.871767 -0.146239 5.237258 204 0 0
8.384587 -0.146239 5.237666 204 0 0
8.897407 -0.146239 5.238074 204 0 0
9.410228 -0.146239 5.238483 204 0 0
9.923048 -0.146239 5.238891 204 0 0
10.435868 -0.146239 5.2393 204 0 0
10.948689 -0.146239 5.239708 204 0 0
11.461509 -0.146239 5.240116 204 0 0
11.97433 -0.146239 5.240525 204 0 0
12.48715 -0.146239 5.240933 204 0 0
12.99997 -0.146239 5.241341 204 0 0
-6.999922 -0.117275 5.098513 204 0 0
-6.487102 -0.117275 5.098922 204 0 0
-5.974282 -0.117275 5.09933 204 0 0
-5.461461 -0.117275 5.099738 204 0 0
-4.948641 -0.117275 5.100147 204 0 0
-4.435821 -0.117275 5.100555 204 0 0
-3.923 -0.117275 5.100964 204 0 0
-3.41018 -0.117275 5.101372 204 0 0
-2.89736 -0.117275 5.10178 204 0 0
-2.384539 -0.117275 5.102189 204 0 0
-1.871719 -0.117275 5.102597 204 0 0
-1.358899 -0.117275 5.103005 204 0 0
-0.846078 -0.117275 5.103414 204 0 0
-0.333258 -0.117275 5.103822 204 0 0
0.179563 -0.117275 5.104231 204 0 0
0.692383 -0.117275 5.104639 204 0 0
1.205203 -0.117275 5.105047 204 0 0
1.718024 -0.117275 5.105456 204 0 0
2.230844 -0.117275 5.105864 204 0 0
2.743664 -0.117275 5.106272 204 0 0
3.256485 -0.117275 5.106681 204 0 0
3.769305 -0.117275 5.107089 204 0 0
4.282125 -0.117275 5.107497 204 0 0
4.794946 -0.117275 5.107906 204 0 0
5.307766 -0.117275 5.108314 204 0 0
5.820586 -0.117275 5.108723 204 0 0
6.333407 -0.117275 5.109131 204 0 0
6.846227 -0.117275 5.109539 204 0 0
7.359047 -0.117275 5.109948 204 0 0
7.871868 -0.117275 5.110356 204 0 0
8.384688 -0.117275 5.110764 204 0 0
8.897509 -0.117275 5.111173 204 0 0
9.410329 -0.117275 5.111581 204 0 0
9.923149 -0.117275 5.11199 204 0 0
10.43597 -0.117275 5.112398 204 0 0
10.94879 -0.117275 5.112806 204 0 0
11.46161 -0.117275 5.113215 204 0 0
11.974431 -0.117275 5.113623 204 0 0
12.487251 -0.117275 5.114031 204 0 0
13.000071 -0.117275 5.11444 204 0 0
-6.999877 -0.0 5.042037 204 0 0
-6.487057 -0.0 5.042445 204 0 0
-5.974237 -0.0 5.042854 204 0 0
-5.461416 -0.0 5.043262 204 0 0
-4.948596 -0.0 5.04367 204 0 0
-4.435776 -0.0 5.044079 204 0 0
-3.922955 -0.0 5.044487 204 0 0
-3.410135 -0.0 5.044895 204 0 0
-2.897315 -0.0 5.045304 204 0 0
-2.384494 -0.0 5.045712 204 0 0
-1.871674 -0.0 5.046121 204 0 0
-1.358854 -0.0 5.046529 204 0 0
-0.846033 -0.0 5.046937 204 0 0
-0.333213 -0.0 5.047346 204 0 0
0.179608 -0.0 5.047754 204 0 0
0.692428 -0.0 5.048162 204 0 0
1.205248 -0.0 5.048571 204 0 0
1.718069 -0.0 5.048979 204 0 0
2.230889 -0.0 5.049387 204 0 0
2.743709 -0.0 5.049796 204 0 0
3.25653 -0.0 5.050204 204 0 0
3.76935 -0.0 5.050613 204 0 0
4.28217 -0.0 5.051021 204 0 0
4.794991 -0.0 5.051429 204 0 0
5.307811 -0.0 5.051838 204 0 0
5.820631 -0.0 5.052246 204 0 0
6.333452 -0.0 5.052654 204 0 0
6.846272 -0.0 5.053063 204 0 0
7.359092 -0.0 5.053471 204 0 0
7.871913 -0.0 5.05388 204 0 0
8.384733 -0.0 5.054288 204 0 0
8.897553 -0.0 5.054696 204 0 0
9.410374 -0.0 5.055105 204 0 0
9.923194 -0.0 5.055513 204 0 0
10.436015 -0.0 5.055921 204 0 0
10.948835 -0.0 5.05633 204 0 0
11.461655 -0.0 5.056738 204 0 0
11.974476 -0.0 5.057147 204 0 0
12.487296 -0.0 5.057555 204 0 0
13.000116 -0.0 5.057963 204 0 0
12.999997 0.0 5.207963 204 0 0
-6.999997 0.0 5.192037 204 0 0
13.000116 0.0 5.057963 204 0 0
-6.999877 0.0 5.042037 204 0 0
13.001194 -8.500797 0.0 204 0 0
13.001194 -8.500797 1.0 204 0 0
12.334528 -8.500266 0.0 204 0 0
12.334528 -8.500266 1.0 204 0 0
11.667861 -8.499735 0.0 204 0 0
11.667861 -8.499735 1.0 204 0 0
11.001195 -8.499204 0.0 204 0 0
11.001195 -8.499204 1.0 204 0 0
12.998805 -11.500796 0.0 204 0 0
12.998805 -11.500796 1.0 204 0 0
12.332139 -11.500265 0.0 204 0 0
12.332139 -11.500265 1.0 204 0 0
11.665472 -11.499734 0.0 204 0 0
11.665472 -11.499734 1.0 204 0 0
10.998806 -11.499203 0.0 204 0 0
10.998806 -11.499203 1.0 204 0 0
10.998806 -11.499203 0.0 204 0 0
10.998806 -11.499203 1.0 204 0 0
10.999284 -10.899203 0.0 204 0 0
10.999284 -10.899203 1.0 204 0 0
10.999761 -10.299204 0.0 204 0 0
10.999761 -10.299204 1.0 204 0 0
11.000239 -9.699204 0.0 204 0 0
11.000239 -9.699204 1.0 204 0 0
11.000717 -9.099204 0.0 204 0 0
11.000717 -9.099204 1.0 204 0 0
11.001195 -8.499204 0.0 204 0 0
11.001195 -8.499204 1.0 204 0 0
12.998805 -11.500796 0.0 204 0 0
12.998805 -11.500796 1.0 204 0 0
12.999283 -10.900796 0.0 204 0 0
12.999283 -10.900796 1.0 204 0 0
12.999761 -10.300796 0.0 204 0 0
12.999761 -10.300796 1.0 204 0 0
13.000239 -9.700796 0.0 204 0 0
13.000239 -9.700796 1.0 204 0 0
13.000716 -9.100797 0.0 204 0 0
13.000716 -9.100797 1.0 204 0 0
13.001194 -8.500797 0.0 204 0 0
13.001194 -8.500797 1.0 204 0 0
12.998805 -11.500796 1.0 204 0 0
12.332139 -11.500265 1.0 204 0 0
11.665472 -11.499734 1.0 204 0 0
10.998806 -11.499203 1.0 204 0 0
12.999283 -10.900796 1.0 204 0 0
12.332617 -10.900265 1.0 204 0 0
11.66595 -10.899734 1.0 204 0 0
10.999284 -10.899203 1.0 204 0 0
12.999761 -10.300796 1.0 204 0 0
12.333094 -10.300265 1.0 204 0 0
11.666428 -10.299734 1.0 204 0 0
10.999761 -10.299204 1.0 204 0 0
13.000239 -9.700796 1.0 204 0 0
12.333572 -9.700266 1.0 204 0 0
11.666906 -9.699735 1.0 204 0 0
11.000239 -9.699204 1.0 204 0 0
13.000716 -9.100797 1.0 204 0 0
12.33405 -9.100266 1.0 204 0 0
11.667383 -9.099735 1.0 204 0 0
11.000717 -9.099204 1.0 204 0 0
13.001194 -8.500797 1.0 204 0 0
12.334528 -8.500266 1.0 204 0 0
11.667861 -8.499735 1.0 204 0 0
11.001195 -8.499204 1.0 204 0 0
12.998805 -11.500796 0.0 204 0 0
12.332139 -11.500265 0.0 204 0 0
11.665472 -11.499734 0.0 204 0 0
10.998806 -11.499203 0.0 204 0 0
12.999283 -10.900796 0.0 204 0 0
12.332617 -10.900265 0.0 204 0 0
11.66595 -10.899734 0.0 204 0 0
10.999284 -10.899203 0.0 204 0 0
12.999761 -10.300796 0.0 204 0 0
12.333094 -10.300265 0.0 204 0 0
11.666428 -10.299734 0.0 204 0 0
10.999761 -10.299204 0.0 204 0 0
13.000239 -9.700796 0.0 204 0 0
12.333572 -9.700266 0.0 204 0 0
11.666906 -9.699735 0.0 204 0 0
11.000239 -9.699204 0.0 204 0 0
13.000716 -9.100797 0.0 204 0 0
12.33405 -9.100266 0.0 204 0 0
11.667383 -9.099735 0.0 204 0 0
11.000717 -9.099204 0.0 204 0 0
13.001194 -8.500797 0.0 204 0 0
12.334528 -8.500266 0.0 204 0 0
11.667861 -8.499735 0.0 204 0 0
11.001195 -8.499204 0.0 204 0 0
12.751035 -8.700598 1.0 204 0 0
12.751035 -8.700598 1.6 204 0 0
12.751035 -8.700598 2.2 204 0 0
12.751035 -8.700598 2.8 204 0 0
12.751035 -8.700598 3.4 204 0 0
12.751035 -8.700598 4.0 204 0 0
12.001035 -8.7 1.0 204 0 0
12.001035 -8.7 1.6 204 0 0
12.001035 -8.7 2.2 204 0 0
12.001035 -8.7 2.8 204 0 0
12.001035 -8.7 3.4 204 0 0
12.001035 -8.7 4.0 204 0 0
11.251035 -8.699403 1.0 204 0 0
11.251035 -8.699403 1.6 204 0 0
11.251035 -8.699403 2.2 204 0 0
11.251035 -8.699403 2.8 204 0 0
11.251035 -8.699403 3.4 204 0 0
11.251035 -8.699403 4.0 204 0 0
12.750876 -8.900598 1.0 204 0 0
12.750876 -8.900598 1.6 204 0 0
12.750876 -8.900598 2.2 204 0 0
12.750876 -8.900598 2.8 204 0 0
12.750876 -8.900598 3.4 204 0 0
12.750876 -8.900598 4.0 204 0 0
12.000876 -8.9 1.0 204 0 0
12.000876 -8.9 1.6 204 0 0
12.000876 -8.9 2.2 204 0 0
12.000876 -8.9 2.8 204 0 0
12.000876 -8.9 3.4 204 0 0
12.000876 -8.9 4.0 204 0 0
11.250876 -8.899403 1.0 204 0 0
11.250876 -8.899403 1.6 204 0 0
11.250876 -8.899403 2.2 204 0 0
11.250876 -8.899403 2.8 204 0 0
11.250876 -8.899403 3.4 204 0 0
11.250876 -8.899403 4.0 204 0 0
11.250876 -8.899403 1.0 204 0 0
11.250876 -8.899403 1.6 204 0 0
11.250876 -8.899403 2.2 204 0 0
11.250876 -8.899403 2.8 204 0 0
11.250876 -8.899403 3.4 204 0 0
11.250876 -8.899403 4.0 204 0 0
11.251035 -8.699403 1.0 204 0 0
11.251035 -8.699403 1.6 204 0 0
11.251035 -8.699403 2.2 204 0 0
11.251035 -8.699403 2.8 204 0 0
11.251035 -8.699403 3.4 204 0 0
11.251035 -8.699403 4.0 204 0 0
12.750876 -8.900598 1.0 204 0 0
12.750876 -8.900598 1.6 204 0 0
12.750876 -8.900598 2.2 204 0 0
12.750876 -8.900598 2.8 204 0 0
12.750876 -8.900598 3.4 204 0 0
12.750876 -8.900598 4.0 204 0 0
12.751035 -8.700598 1.0 204 0 0
12.751035 -8.700598 1.6 204 0 0
12.751035 -8.700598 2.2 204 0 0
12.751035 -8.700598 2.8 204 0 0
12.751035 -8.700598 3.4 204 0 0
12.751035 -8.700598 4.0 204 0 0
12.750876 -8.900598 4.0 204 0 0
12.000876 -8.9 4.0 204 0 0
11.250876 -8.899403 4.0 204 0 0
12.751035 -8.700598 4.0 204 0 0
12.001035 -8.7 4.0 204 0 0
11.251035 -8.699403 4.0 204 0 0
12.750876 -8.900598 1.0 204 0 0
12.000876 -8.9 1.0 204 0 0
11.250876 -8.899403 1.0 204 0 0
12.751035 -8.700598 1.0 204 0 0
12.001035 -8.7 1.0 204 0 0
11.251035 -8.699403 1.0 204 0 0
18.0 7.25 0.0 204 0 0
18.0 7.25 1.0 204 0 0
18.0 8.0 0.0 204 0 0
18.0 8.0 1.0 204 0 0
18.0 8.75 0.0 204 0 0
18.0 8.75 1.0 204 0 0
10.0 7.25 0.0 204 0 0
10.0 7.25 1.0 204 0 0
10.0 8.0 0.0 204 0 0
10.0 8.0 1.0 204 0 0
10.0 8.75 0.0 204 0 0
10.0 8.75 1.0 204 0 0
10.0 8.75 0.0 204 0 0
10.0 8.75 1.0 204 0 0
10.533333 8.75 0.0 204 0 0
10.533333 8.75 1.0 204 0 0
11.066667 8.75 0.0 204 0 0
11.066667 8.75 1.0 204 0 0
11.6 8.75 0.0 204 0 0
11.6 8.75 1.0 204 0 0
12.133333 8.75 0.0 204 0 0
12.133333 8.75 1.0 204 0 0
12.666667 8.75 0.0 204 0 0
12.666667 8.75 1.0 204 0 0
13.2 8.75 0.0 204 0 0
13.2 8.75 1.0 204 0 0
13.733333 8.75 0.0 204 0 0
13.733333 8.75 1.0 204 0 0
14.266667 8.75 0.0 204 0 0
14.266667 8.75 1.0 204 0 0
14.8 8.75 0.0 204 0 0
14.8 8.75 1.0 204 0 0
15.333333 8.75 0.0 204 0 0
15.333333 8.75 1.0 204 0 0
15.866667 8.75 0.0 204 0 0
15.866667 8.75 1.0 204 0 0
16.4 8.75 0.0 204 0 0
16.4 8.75 1.0 204 0 0
16.933333 8.75 0.0 204 0 0
16.933333 8.75 1.0 204 0 0
17.466667 8.75 0.0 204 0 0
17.466667 8.75 1.0 204 0 0
18.0 8.75 0.0 204 0 0
18.0 8.75 1.0 204 0 0
10.0 7.25 0.0 204 0 0
10.0 7.25 1.0 204 0 0
10.533333 7.25 0.0 204 0 0
10.533333 7.25 1.0 204 0 0
11.066667 7.25 0.0 204 0 0
11.066667 7.25 1.0 204 0 0
11.6 7.25 0.0 204 0 0
11.6 7.25 1.0 204 0 0
12.133333 7.25 0.0 204 0 0
12.133333 7.25 1.0 204 0 0
12.666667 7.25 0.0 204 0 0
12.666667 7.25 1.0 204 0 0
13.2 7.25 0.0 204 0 0
13.2 7.25 1.0 204 0 0
13.733333 7.25 0.0 204 0 0
13.733333 7.25 1.0 204 0 0
14.266667 7.25 0.0 204 0 0
14.266667 7.25 1.0 204 0 0
14.8 7.25 0.0 204 0 0
14.8 7.25 1.0 204 0 0
15.333333 7.25 0.0 204 0 0
15.333333 7.25 1.0 204 0 0
15.866667 7.25 0.0 204 0 0
15.866667 7.25 1.0 204 0 0
16.4 7.25 0.0 204 0 0
16.4 7.25 1.0 204 0 0
16.933333 7.25 0.0 204 0 0
16.933333 7.25 1.0 204 0 0
17.466667 7.25 0.0 204 0 0
17.466667 7.25 1.0 204 0 0
18.0 7.25 0.0 204 0 0
18.0 7.25 1.0 204 0 0
10.0 7.25 1.0 204 0 0
10.0 8.0 1.0 204 0 0
10.0 8.75 1.0 204 0 0
10.533333 7.25 1.0 204 0 0
10.533333 8.0 1.0 204 0 0
10.533333 8.75 1.0 204 0 0
11.066667 7.25 1.0 204 0 0
11.066667 8.0 1.0 204 0 0
11.066667 8.75 1.0 204 0 0
11.6 7.25 1.0 204 0 0
11.6 8.0 1.0 204 0 0
11.6 8.75 1.0 204 0 0
12.133333 7.25 1.0 204 0 0
12.133333 8.0 1.0 204 0 0
12.133333 8.75 1.0 204 0 0
12.666667 7.25 1.0 204 0 0
12.666667 8.0 1.0 204 0 0
12.666667 8.75 1.0 204 0 0
13.2 7.25 1.0 204 0 0
13.2 8.0 1.0 204 0 0
13.2 8.75 1.0 204 0 0
13.733333 7.25 1.0 204 0 0
13.733333 8.0 1.0 204 0 0
13.733333 8.75 1.0 204 0 0
14.266667 7.25 1.0 204 0 0
14.266667 8.0 1.0 204 0 0
14.266667 8.75 1.0 204 0 0
14.8 7.25 1.0 204 0 0
14.8 8.0 1.0 204 0 0
14.8 8.75 1.0 204 0 0
15.333333 7.25 1.0 204 0 0
15.333333 8.0 1.0 204 0 0
15.333333 8.75 1.0 204 0 0
15.866667 7.25 1.0 204 0 0
15.866667 8.0 1.0 204 0 0
15.866667 8.75 1.0 204 0 0
16.4 7.25 1.0 204 0 0
16.4 8.0 1.0 204 0 0
16.4 8.75 1.0 204 0 0
16.933333 7.25 1.0 204 0 0
16.933333 8.0 1.0 204 0 0
16.933333 8.75 1.0 204 0 0
17.466667 7.25 1.0 204 0 0
17.466667 8.0 1.0 204 0 0
17.466667 8.75 1.0 204 0 0
18.0 7.25 1.0 204 0 0
18.0 8.0 1.0 204 0 0
18.0 8.75 1.0 204 0 0
10.0 7.25 0.0 204 0 0
10.0 8.0 0.0 204 0 0
10.0 8.75 0.0 204 0 0
10.533333 7.25 0.0 204 0 0
10.533333 8.0 0.0 204 0 0
10.533333 8.75 0.0 204 0 0
11.066667 7.25 0.0 204 0 0
11.066667 8.0 0.0 204 0 0
11.066667 8.75 0.0 204 0 0
11.6 7.25 0.0 204 0 0
11.6 8.0 0.0 204 0 0
11.6 8.75 0.0 204 0 0
12.133333 7.25 0.0 204 0 0
12.133333 8.0 0.0 204 0 0
12.133333 8.75 0.0 204 0 0
12.666667 7.25 0.0 204 0 0
12.666667 8.0 0.0 204 0 0
12.666667 8.75 0.0 204 0 0
13.2 7.25 0.0 204 0 0
13.2 8.0 0.0 204 0 0
13.2 8.75 0.0 204 0 0
13.733333 7.25 0.0 204 0 0
13.733333 8.0 0.0 204 0 0
13.733333 8.75 0.0 204 0 0
14.266667 7.25 0.0 204 0 0
14.266667 8.0 0.0 204 0 0
14.266667 8.75 0.0 204 0 0
14.8 7.25 0.0 204 0 0
14.8 8.0 0.0 204 0 0
14.8 8.75 0.0 204 0 0
15.333333 7.25 0.0 204 0 0
15.333333 8.0 0.0 204 0 0
15.333333 8.75 0.0 204 0 0
15.866667 7.25 0.0 204 0 0
15.866667 8.0 0.0 204 0 0
15.866667 8.75 0.0 204 0 0
16.4 7.25 0.0 204 0 0
16.4 8.0 0.0 204 0 0
16.4 8.75 0.0 204 0 0
16.933333 7.25 0.0 204 0 0
16.933333 8.0 0.0 204 0 0
16.933333 8.75 0.0 204 0 0
17.466667 7.25 0.0 204 0 0
17.466667 8.0 0.0 204 0 0
17.466667 8.75 0.0 204 0 0
18.0 7.25 0.0 204 0 0
18.0 8.0 0.0 204 0 0
18.0 8.75 0.0 204 0 0
18.0 7.25 1.0 204 0 0
18.0 7.25 1.666667 204 0 0
18.0 7.25 2.333333 204 0 0
18.0 7.25 3.0 204 0 0
18.0 8.0 1.0 204 0 0
18.0 8.0 1.666667 204 0 0
18.0 8.0 2.333333 204 0 0
18.0 8.0 3.0 204 0 0
18.0 8.75 1.0 204 0 0
18.0 8.75 1.666667 204 0 0
18.0 8.75 2.333333 204 0 0
18.0 8.75 3.0 204 0 0
10.0 7.25 1.0 204 0 0
10.0 7.25 1.666667 204 0 0
10.0 7.25 2.333333 204 0 0
10.0 7.25 3.0 204 0 0
10.0 8.0 1.0 204 0 0
10.0 8.0 1.666667 204 0 0
10.0 8.0 2.333333 204 0 0
10.0 8.0 3.0 204 0 0
10.0 8.75 1.0 204 0 0
10.0 8.75 1.666667 204 0 0
10.0 8.75 2.333333 204 0 0
10.0 8.75 3.0 204 0 0
10.0 8.75 1.0 204 0 0
10.0 8.75 1.666667 204 0 0
10.0 8.75 2.333333 204 0 0
10.0 8.75 3.0 204 0 0
10.533333 8.75 1.0 204 0 0
10.533333 8.75 1.666667 204 0 0
10.533333 8.75 2.333333 204 0 0
10.533333 8.75 3.0 204 0 0
11.066667 8.75 1.0 204 0 0
11.066667 8.75 1.666667 204 0 0
11.066667 8.75 2.333333 204 0 0
11.066667 8.75 3.0 204 0 0
11.6 8.75 1.0 204 0 0
11.6 8.75 1.666667 204 0 0
11.6 8.75 2.333333 204 0 0
11.6 8.75 3.0 204 0 0
12.133333 8.75 1.0 204 0 0
12.133333 8.75 1.666667 204 0 0
12.133333 8.75 2.333333 204 0 0
12.133333 8.75 3.0 204 0 0
12.666667 8.75 1.0 204 0 0
12.666667 8.75 1.666667 204 0 0
12.666667 8.75 2.333333 204 0 0
12.666667 8.75 3.0 204 0 0
13.2 8.75 1.0 204 0 0
13.2 8.75 1.666667 204 0 0
13.2 8.75 2.333333 204 0 0
13.2 8.75 3.0 204 0 0
13.733333 8.75 1.0 204 0 0
13.733333 8.75 1.666667 204 0 0
13.733333 8.75 2.333333 204 0 0
13.733333 8.75 3.0 204 0 0
14.266667 8.75 1.0 204 0 0
14.266667 8.75 1.666667 204 0 0
14.266667 8.75 2.333333 204 0 0
14.266667 8.75 3.0 204 0 0
14.8 8.75 1.0 204 0 0
14.8 8.75 1.666667 204 0 0
14.8 8.75 2.333333 204 0 0
14.8 8.75 3.0 204 0 0
15.333333 8.75 1.0 204 0 0
15.333333 8.75 1.666667 204 0 0
15.333333 8.75 2.333333 204 0 0
15.333333 8.75 3.0 204 0 0
15.866667 8.75 1.0 204 0 0
15.866667 8.75 1.666667 204 0 0
15.866667 8.75 2.333333 204 0 0
15.866667 8.75 3.0 204 0 0
16.4 8.75 1.0 204 0 0
16.4 8.75 1.666667 204 0 0
16.4 8.75 2.333333 204 0 0
16.4 8.75 3.0 204 0 0
16.933333 8.75 1.0 204 0 0
16.933333 8.75 1.666667 204 0 0
16.933333 8.75 2.333333 204 0 0
16.933333 8.75 3.0 204 0 0
17.466667 8.75 1.0 204 0 0
17.466667 8.75 1.666667 204 0 0
17.466667 8.75 2.333333 204 0 0
17.466667 8.75 3.0 204 0 0
18.0 8.75 1.0 204 0 0
18.0 8.75 1.666667 204 0 0
18.0 8.75 2.333333 204 0 0
18.0 8.75 3.0 204 0 0
10.0 7.25 1.0 204 0 0
10.0 7.25 1.666667 204 0 0
10.0 7.25 2.333333 204 0 0
10.0 7.25 3.0 204 0 0
10.533333 7.25 1.0 204 0 0
10.533333 7.25 1.666667 204 0 0
10.533333 7.25 2.333333 204 0 0
10.533333 7.25 3.0 204 0 0
11.066667 7.25 1.0 204 0 0
11.066667 7.25 1.666667 204 0 0
11.066667 7.25 2.333333 204 0 0
11.066667 7.25 3.0 204 0 0
11.6 7.25 1.0 204 0 0
11.6 7.25 1.666667 204 0 0
11.6 7.25 2.333333 204 0 0
11.6 7.25 3.0 204 0 0
12.133333 7.25 1.0 204 0 0
12.133333 7.25 1.666667 204 0 0
12.133333 7.25 2.333333 204 0 0
12.133333 7.25 3.0 204 0 0
12.666667 7.25 1.0 204 0 0
12.666667 7.25 1.666667 204 0 0
12.666667 7.25 2.333333 204 0 0
12.666667 7.25 3.0 204 0 0
13.2 7.25 1.0 204 0 0
13.2 7.25 1.666667 204 0 0
13.2 7.25 2.333333 204 0 0
13.2 7.25 3.0 204 0 0
13.733333 7.25 1.0 204 0 0
13.733333 7.25 1.666667 204 0 0
13.733333 7.25 2.333333 204 0 0
13.733333 7.25 3.0 204 0 0
14.266667 7.25 1.0 204 0 0
14.266667 7.25 1.666667 204 0 0
14.266667 7.25 2.333333 204 0 0
14.266667 7.25 3.0 204 0 0
14.8 7.25 1.0 204 0 0
14.8 7.25 1.666667 204 0 0
14.8 7.25 2.333333 204 0 0
14.8 7.25 3.0 204 0 0
15.333333 7.25 1.0 204 0 0
15.333333 7.25 1.666667 204 0 0
15.333333 7.25 2.333333 204 0 0
15.333333 7.25 3.0 204 0 0
15.866667 7.25 1.0 204 0 0
15.866667 7.25 1.666667 204 0 0
15.866667 7.25 2.333333 204 0 0
15.866667 7.25 3.0 204 0 0
16.4 7.25 1.0 204 0 0
16.4 7.25 1.666667 204 0 0
16.4 7.25 2.333333 204 0 0
16.4 7.25 3.0 204 0 0
16.933333 7.25 1.0 204 0 0
16.933333 7.25 1.666667 204 0 0
16.933333 7.25 2.333333 204 0 0
16.933333 7.25 3.0 204 0 0
17.466667 7.25 1.0 204 0 0
17.466667 7.25 1.666667 204 0 0
17.466667 7.25 2.333333 204 0 0
17.466667 7.25 3.0 204 0 0
18.0 7.25 1.0 204 0 0
18.0 7.25 1.666667 204 0 0
18.0 7.25 2.333333 204 0 0
18.0 7.25 3.0 204 0 0
10.0 7.25 3.0 204 0 0
10.0 8.0 3.0 204 0 0
10.0 8.75 3.0 204 0 0
10.533333 7.25 3.0 204 0 0
10.533333 8.0 3.0 204 0 0
10.533333 8.75 3.0 204 0 0
11.066667 7.25 3.0 204 0 0
11.066667 8.0 3.0 204 0 0
11.066667 8.75 3.0 204 0 0
11.6 7.25 3.0 204 0 0
11.6 8.0 3.0 204 0 0
11.6 8.75 3.0 204 0 0
12.133333 7.25 3.0 204 0 0
12.133333 8.0 3.0 204 0 0
12.133333 8.75 3.0 204 0 0
12.666667 7.25 3.0 204 0 0
12.666667 8.0 3.0 204 0 0
12.666667 8.75 3.0 204 0 0
13.2 7.25 3.0 204 0 0
13.2 8.0 3.0 204 0 0
13.2 8.75 3.0 204 0 0
13.733333 7.25 3.0 204 0 0
13.733333 8.0 3.0 204 0 0
13.733333 8.75 3.0 204 0 0
14.266667 7.25 3.0 204 0 0
14.266667 8.0 3.0 204 0 0
14.266667 8.75 3.0 204 0 0
14.8 7.25 3.0 204 0 0
14.8 8.0 3.0 204 0 0
14.8 8.75 3.0 204 0 0
15.333333 7.25 3.0 204 0 0
15.333333 8.0 3.0 204 0 0
15.333333 8.75 3.0 204 0 0
15.866667 7.25 3.0 204 0 0
15.866667 8.0 3.0 204 0 0
15.866667 8.75 3.0 204 0 0
16.4 7.25 3.0 204 0 0
16.4 8.0 3.0 204 0 0
16.4 8.75 3.0 204 0 0
16.933333 7.25 3.0 204 0 0
16.933333 8.0 3.0 204 0 0
16.933333 8.75 3.0 204 0 0
17.466667 7.25 3.0 204 0 0
17.466667 8.0 3.0 204 0 0
17.466667 8.75 3.0 204 0 0
18.0 7.25 3.0 204 0 0
18.0 8.0 3.0 204 0 0
18.0 8.75 3.0 204 0 0
10.0 7.25 1.0 204 0 0
10.0 8.0 1.0 204 0 0
10.0 8.75 1.0 204 0 0
10.533333 7.25 1.0 204 0 0
10.533333 8.0 1.0 204 0 0
10.533333 8.75 1.0 204 0 0
11.066667 7.25 1.0 204 0 0
11.066667 8.0 1.0 204 0 0
11.066667 8.75 1.0 204 0 0
11.6 7.25 1.0 204 0 0
11.6 8.0 1.0 204 0 0
11.6 8.75 1.0 204 0 0
12.133333 7.25 1.0 204 0 0
12.133333 8.0 1.0 204 0 0
12.133333 8.75 1.0 204 0 0
12.666667 7.25 1.0 204 0 0
12.666667 8.0 1.0 204 0 0
12.666667 8.75 1.0 204 0 0
13.2 7.25 1.0 204 0 0
13.2 8.0 1.0 204 0 0
13.2 8.75 1.0 204 0 0
13.733333 7.25 1.0 204 0 0
13.733333 8.0 1.0 204 0 0
13.733333 8.75 1.0 204 0 0
14.266667 7.25 1.0 204 0 0
14.266667 8.0 1.0 204 0 0
14.266667 8.75 1.0 204 0 0
14.8 7.25 1.0 204 0 0
14.8 8.0 1.0 204 0 0
14.8 8.75 1.0 204 0 0
15.333333 7.25 1.0 204 0 0
15.333333 8.0 1.0 204 0 0
15.333333 8.75 1.0 204 0 0
15.866667 7.25 1.0 204 0 0
15.866667 8.0 1.0 204 0 0
15.866667 8.75 1.0 204 0 0
16.4 7.25 1.0 204 0 0
16.4 8.0 1.0 204 0 0
16.4 8.75 1.0 204 0 0
16.933333 7.25 1.0 204 0 0
16.933333 8.0 1.0 204 0 0
16.933333 8.75 1.0 204 0 0
17.466667 7.25 1.0 204 0 0
17.466667 8.0 1.0 204 0 0
17.466667 8.75 1.0 204 0 0
18.0 7.25 1.0 204 0 0
18.0 8.0 1.0 204 0 0
18.0 8.75 1.0 204 0 0
-13.539861 9.509597 0.0 204 0 0
-13.539861 9.509597 0.666667 204 0 0
-13.539861 9.509597 1.333333 204 0 0
-13.539861 9.509597 2.0 204 0 0
-13.805829 10.3694 0.0 204 0 0
-13.805829 10.3694 0.666667 204 0 0
-13.805829 10.3694 1.333333 204 0 0
-13.805829 10.3694 2.0 204 0 0
-14.071798 11.229203 0.0 204 0 0
-14.071798 11.229203 0.666667 204 0 0
-14.071798 11.229203 1.333333 204 0 0
-14.071798 11.229203 2.0 204 0 0
-15.928202 8.770797 0.0 204 0 0
-15.928202 8.770797 0.666667 204 0 0
-15.928202 8.770797 1.333333 204 0 0
-15.928202 8.770797 2.0 204 0 0
-16.194171 9.6306 0.0 204 0 0
-16.194171 9.6306 0.666667 204 0 0
-16.194171 9.6306 1.333333 204 0 0
-16.194171 9.6306 2.0 204 0 0
-16.460139 10.490403 0.0 204 0 0
-16.460139 10.490403 0.666667 204 0 0
-16.460139 10.490403 1.333333 204 0 0
-16.460139 10.490403 2.0 204 0 0
-16.460139 10.490403 0.0 204 0 0
-16.460139 10.490403 0.666667 204 0 0
-16.460139 10.490403 1.333333 204 0 0
-16.460139 10.490403 2.0 204 0 0
-15.863053 10.675103 0.0 204 0 0
-15.863053 10.675103 0.666667 204 0 0
-15.863053 10.675103 1.333333 204 0 0
-15.863053 10.675103 2.0 204 0 0
-15.265968 10.859803 0.0 204 0 0
-15.265968 10.859803 0.666667 204 0 0
-15.265968 10.859803 1.333333 204 0 0
-15.265968 10.859803 2.0 204 0 0
-14.668883 11.044503 0.0 204 0 0
-14.668883 11.044503 0.666667 204 0 0
-14.668883 11.044503 1.333333 204 0 0
-14.668883 11.044503 2.0 204 0 0
-14.071798 11.229203 0.0 204 0 0
-14.071798 11.229203 0.666667 204 0 0
-14.071798 11.229203 1.333333 204 0 0
-14.071798 11.229203 2.0 204 0 0
-15.928202 8.770797 0.0 204 0 0
-15.928202 8.770797 0.666667 204 0 0
-15.928202 8.770797 1.333333 204 0 0
-15.928202 8.770797 2.0 204 0 0
-15.331117 8.955497 0.0 204 0 0
-15.331117 8.955497 0.666667 204 0 0
-15.331117 8.955497 1.333333 204 0 0
-15.331117 8.955497 2.0 204 0 0
-14.734032 9.140197 0.0 204 0 0
-14.734032 9.140197 0.666667 204 0 0
-14.734032 9.140197 1.333333 204 0 0
-14.734032 9.140197 2.0 204 0 0
-14.136947 9.324897 0.0 204 0 0
-14.136947 9.324897 0.666667 204 0 0
-14.136947 9.324897 1.333333 204 0 0
-14.136947 9.324897 2.0 204 0 0
-13.539861 9.509597 0.0 204 0 0
-13.539861 9.509597 0.666667 204 0 0
-13.539861 9.509597 1.333333 204 0 0
-13.539861 9.509597 2.0 204 0 0
-15.928202 8.770797 2.0 204 0 0
-16.194171 9.6306 2.0 204 0 0
-16.460139 10.490403 2.0 204 0 0
-15.331117 8.955497 2.0 204 0 0
-15.597085 9.8153 2.0 204 0 0
-15.863053 10.675103 2.0 204 0 0
-14.734032 9.140197 2.0 204 0 0
-15.0 10.0 2.0 204 0 0
-15.265968 10.859803 2.0 204 0 0
-14.136947 9.324897 2.0 204 0 0
-14.402915 10.1847 2.0 204 0 0
-14.668883 11.044503 2.0 204 0 0
-13.539861 9.509597 2.0 204 0 0
-13.805829 10.3694 2.0 204 0 0
-14.071798 11.229203 2.0 204 0 0
-15.928202 8.770797 0.0 204 0 0
-16.194171 9.6306 0.0 204 0 0
-16.460139 10.490403 0.0 204 0 0
-15.331117 8.955497 0.0 204 0 0
-15.597085 9.8153 0.0 204 0 0
-15.863053 10.675103 0.0 204 0 0
-14.734032 9.140197 0.0 204 0 0
-15.0 10.0 0.0 204 0 0
-15.265968 10.859803 0.0 204 0 0
-14.136947 9.324897 0.0 204 0 0
-14.402915 10.1847 0.0 204 0 0
-14.668883 11.044503 0.0 204 0 0
-13.539861 9.509597 0.0 204 0 0
-13.805829 10.3694 0.0 204 0 0
-14.071798 11.229203 0.0 204 0 0
8.350214 -13.444766 0.0 204 0 0
8.350214 -13.444766 0.6 204 0 0
8.350214 -13.444766 1.2 204 0 0
8.350214 -13.444766 1.8 204 0 0
8.350214 -13.444766 2.4 204 0 0
8.350214 -13.444766 3.0 204 0 0
8.701793 -12.801206 0.0 204 0 0
8.701793 -12.801206 0.6 204 0 0
8.701793 -12.801206 1.2 204 0 0
8.701793 -12.801206 1.8 204 0 0
8.701793 -12.801206 2.4 204 0 0
8.701793 -12.801206 3.0 204 0 0
9.053372 -12.157645 0.0 204 0 0
9.053372 -12.157645 0.6 204 0 0
9.053372 -12.157645 1.2 204 0 0
9.053372 -12.157645 1.8 204 0 0
9.053372 -12.157645 2.4 204 0 0
9.053372 -12.157645 3.0 204 0 0
9.404951 -11.514085 0.0 204 0 0
9.404951 -11.514085 0.6 204 0 0
9.404951 -11.514085 1.2 204 0 0
9.404951 -11.514085 1.8 204 0 0
9.404951 -11.514085 2.4 204 0 0
9.404951 -11.514085 3.0 204 0 0
6.595049 -12.485915 0.0 204 0 0
6.595049 -12.485915 0.6 204 0 0
6.595049 -12.485915 1.2 204 0 0
6.595049 -12.485915 1.8 204 0 0
6.595049 -12.485915 2.4 204 0 0
6.595049 -12.485915 3.0 204 0 0
6.946628 -11.842355 0.0 204 0 0
6.946628 -11.842355 0.6 204 0 0
6.946628 -11.842355 1.2 204 0 0
6.946628 -11.842355 1.8 204 0 0
6.946628 -11.842355 2.4 204 0 0
6.946628 -11.842355 3.0 204 0 0
7.298207 -11.198794 0.0 204 0 0
7.298207 -11.198794 0.6 204 0 0
7.298207 -11.198794 1.2 204 0 0
7.298207 -11.198794 1.8 204 0 0
7.298207 -11.198794 2.4 204 0 0
7.298207 -11.198794 3.0 204 0 0
7.649786 -10.555234 0.0 204 0 0
7.649786 -10.555234 0.6 204 0 0
7.649786 -10.555234 1.2 204 0 0
7.649786 -10.555234 1.8 204 0 0
7.649786 -10.555234 2.4 204 0 0
7.649786 -10.555234 3.0 204 0 0
7.649786 -10.555234 0.0 204 0 0
7.649786 -10.555234 0.6 204 0 0
7.649786 -10.555234 1.2 204 0 0
7.649786 -10.555234 1.8 204 0 0
7.649786 -10.555234 2.4 204 0 0
7.649786 -10.555234 3.0 204 0 0
8.234841 -10.874851 0.0 204 0 0
8.234841 -10.874851 0.6 204 0 0
8.234841 -10.874851 1.2 204 0 0
8.234841 -10.874851 1.8 204 0 0
8.234841 -10.874851 2.4 204 0 0
8.234841 -10.874851 3.0 204 0 0
8.819896 -11.194468 0.0 204 0 0
8.819896 -11.194468 0.6 204 0 0
8.819896 -11.194468 1.2 204 0 0
8.819896 -11.194468 1.8 204 0 0
8.819896 -11.194468 2.4 204 0 0
8.819896 -11.194468 3.0 204 0 0
9.404951 -11.514085 0.0 204 0 0
9.404951 -11.514085 0.6 204 0 0
9.404951 -11.514085 1.2 204 0 0
9.404951 -11.514085 1.8 204 0 0
9.404951 -11.514085 2.4 204 0 0
9.404951 -11.514085 3.0 204 0 0
6.595049 -12.485915 0.0 204 0 0
6.595049 -12.485915 0.6 204 0 0
6.595049 -12.485915 1.2 204 0 0
6.595049 -12.485915 1.8 204 0 0
6.595049 -12.485915 2.4 204 0 0
6.595049 -12.485915 3.0 204 0 0
7.180104 -12.805532 0.0 204 0 0
7.180104 -12.805532 0.6 204 0 0
7.180104 -12.805532 1.2 204 0 0
7.180104 -12.805532 1.8 204 0 0
7.180104 -12.805532 2.4 204 0 0
7.180104 -12.805532 3.0 204 0 0
7.765159 -13.125149 0.0 204 0 0
7.765159 -13.125149 0.6 204 0 0
7.765159 -13.125149 1.2 204 0 0
7.765159 -13.125149 1.8 204 0 0
7.765159 -13.125149 2.4 204 0 0
7.765159 -13.125149 3.0 204 0 0
8.350214 -13.444766 0.0 204 0 0
8.350214 -13.444766 0.6 204 0 0
8.350214 -13.444766 1.2 204 0 0
8.350214 -13.444766 1.8 204 0 0
8.350214 -13.444766 2.4 204 0 0
8.350214 -13.444766 3.0 204 0 0
6.595049 -12.485915 3.0 204 0 0
6.946628 -11.842355 3.0 204 0 0
7.298207 -11.198794 3.0 204 0 0
7.649786 -10.555234 3.0 204 0 0
7.180104 -12.805532 3.0 204 0 0
7.531683 -12.161972 3.0 204 0 0
7.883262 -11.518411 3.0 204 0 0
8.234841 -10.874851 3.0 204 0 0
7.765159 -13.125149 3.0 204 0 0
8.116738 -12.481589 3.0 204 0 0
8.468317 -11.838028 3.0 204 0 0
8.819896 -11.194468 3.0 204 0 0
8.350214 -13.444766 3.0 204 0 0
8.701793 -12.801206 3.0 204 0 0
9.053372 -12.157645 3.0 204 0 0
9.404951 -11.514085 3.0 204 0 0
6.595049 -12.485915 0.0 204 0 0
6.946628 -11.842355 0.0 204 0 0
7.298207 -11.198794 0.0 204 0 0
7.649786 -10.555234 0.0 204 0 0
7.180104 -12.805532 0.0 204 0 0
7.531683 -12.161972 0.0 204 0 0
7.883262 -11.518411 0.0 204 0 0
8.234841 -10.874851 0.0 204 0 0
7.765159 -13.125149 0.0 204 0 0
8.116738 -12.481589 0.0 204 0 0
8.468317 -11.838028 0.0 204 0 0
8.819896 -11.194468 0.0 204 0 0
8.350214 -13.444766 0.0 204 0 0
8.701793 -12.801206 0.0 204 0 0
9.053372 -12.157645 0.0 204 0 0
9.404951 -11.514085 0.0 204 0 0
15.1 -6.0 0.0 204 0 0
15.1 -6.0 0.571429 204 0 0
15.1 -6.0 1.142857 204 0 0
15.1 -6.0 1.714286 204 0 0
15.1 -6.0 2.285714 204 0 0
15.1 -6.0 2.857143 204 0 0
15.1 -6.0 3.428571 204 0 0
15.1 -6.0 4.0 204 0 0
15.1 -5.466667 0.0 204 0 0
15.1 -5.466667 0.571429 204 0 0
15.1 -5.466667 1.142857 204 0 0
15.1 -5.466667 1.714286 204 0 0
15.1 -5.466667 2.285714 204 0 0
15.1 -5.466667 2.857143 204 0 0
15.1 -5.466667 3.428571 204 0 0
15.1 -5.466667 4.0 204 0 0
15.1 -4.933333 0.0 204 0 0
15.1 -4.933333 0.571429 204 0 0
15.1 -4.933333 1.142857 204 0 0
15.1 -4.933333 1.714286 204 0 0
15.1 -4.933333 2.285714 204 0 0
15.1 -4.933333 2.857143 204 0 0
15.1 -4.933333 3.428571 204 0 0
15.1 -4.933333 4.0 204 0 0
15.1 -4.4 0.0 204 0 0
15.1 -4.4 0.571429 204 0 0
15.1 -4.4 1.142857 204 0 0
15.1 -4.4 1.714286 204 0 0
15.1 -4.4 2.285714 204 0 0
15.1 -4.4 2.857143 204 0 0
15.1 -4.4 3.428571 204 0 0
15.1 -4.4 4.0 204 0 0
15.1 -3.866667 0.0 204 0 0
15.1 -3.866667 0.571429 204 0 0
15.1 -3.866667 1.142857 204 0 0
15.1 -3.866667 1.714286 204 0 0
15.1 -3.866667 2.285714 204 0 0
15.1 -3.866667 2.857143 204 0 0
15.1 -3.866667 3.428571 204 0 0
15.1 -3.866667 4.0 204 0 0
15.1 -3.333333 0.0 204 0 0
15.1 -3.333333 0.571429 204 0 0
15.1 -3.333333 1.142857 204 0 0
15.1 -3.333333 1.714286 204 0 0
15.1 -3.333333 2.285714 204 0 0
15.1 -3.333333 2.857143 204 0 0
15.1 -3.333333 3.428571 204 0 0
15.1 -3.333333 4.0 204 0 0
15.1 -2.8 0.0 204 0 0
15.1 -2.8 0.571429 204 0 0
15.1 -2.8 1.142857 204 0 0
15.1 -2.8 1.714286 204 0 0
15.1 -2.8 2.285714 204 0 0
15.1 -2.8 2.857143 204 0 0
15.1 -2.8 3.428571 204 0 0
15.1 -2.8 4.0 204 0 0
15.1 -2.266667 0.0 204 0 0
15.1 -2.266667 0.571429 204 0 0
15.1 -2.266667 1.142857 204 0 0
15.1 -2.266667 1.714286 204 0 0
15.1 -2.266667 2.285714 204 0 0
15.1 -2.266667 2.857143 204 0 0
15.1 -2.266667 3.428571 204 0 0
15.1 -2.266667 4.0 204 0 0
15.1 -1.733333 0.0 204 0 0
15.1 -1.733333 0.571429 204 0 0
15.1 -1.733333 1.142857 204 0 0
15.1 -1.733333 1.714286 204 0 0
15.1 -1.733333 2.285714 204 0 0
15.1 -1.733333 2.857143 204 0 0
15.1 -1.733333 3.428571 204 0 0
15.1 -1.733333 4.0 204 0 0
15.1 -1.2 0.0 204 0 0
15.1 -1.2 0.571429 204 0 0
15.1 -1.2 1.142857 204 0 0
15.1 -1.2 1.714286 204 0 0
15.1 -1.2 2.285714 204 0 0
15.1 -1.2 2.857143 204 0 0
15.1 -1.2 3.428571 204 0 0
15.1 -1.2 4.0 204 0 0
15.1 -0.666667 0.0 204 0 0
15.1 -0.666667 0.571429 204 0 0
15.1 -0.666667 1.142857 204 0 0
15.1 -0.666667 1.714286 204 0 0
15.1 -0.666667 2.285714 204 0 0
15.1 -0.666667 2.857143 204 0 0
15.1 -0.666667 3.428571 204 0 0
15.1 -0.666667 4.0 204 0 0
15.1 -0.133333 0.0 204 0 0
15.1 -0.133333 0.571429 204 0 0
15.1 -0.133333 1.142857 204 0 0
15.1 -0.133333 1.714286 204 0 0
15.1 -0.133333 2.285714 204 0 0
15.1 -0.133333 2.857143 204 0 0
15.1 -0.133333 3.428571 204 0 0
15.1 -0.133333 4.0 204 0 0
15.1 0.4 0.0 204 0 0
15.1 0.4 0.571429 204 0 0
15.1 0.4 1.142857 204 0 0
15.1 0.4 1.714286 204 0 0
15.1 0.4 2.285714 204 0 0
15.1 0.4 2.857143 204 0 0
15.1 0.4 3.428571 204 0 0
15.1 0.4 4.0 204 0 0
15.1 0.933333 0.0 204 0 0
15.1 0.933333 0.571429 204 0 0
15.1 0.933333 1.142857 204 0 0
15.1 0.933333 1.714286 204 0 0
15.1 0.933333 2.285714 204 0 0
15.1 0.933333 2.857143 204 0 0
15.1 0.933333 3.428571 204 0 0
15.1 0.933333 4.0 204 0 0
15.1 1.466667 0.0 204 0 0
15.1 1.466667 0.571429 204 0 0
15.1 1.466667 1.142857 204 0 0
15.1 1.466667 1.714286 204 0 0
15.1 1.466667 2.285714 204 0 0
15.1 1.466667 2.857143 204 0 0
15.1 1.466667 3.428571 204 0 0
15.1 1.466667 4.0 204 0 0
15.1 2.0 0.0 204 0 0
15.1 2.0 0.571429 204 0 0
15.1 2.0 1.142857 204 0 0
15.1 2.0 1.714286 204 0 0
15.1 2.0 2.285714 204 0 0
15.1 2.0 2.857143 204 0 0
15.1 2.0 3.428571 204 0 0
15.1 2.0 4.0 204 0 0
14.9 -6.0 0.0 204 0 0
14.9 -6.0 0.571429 204 0 0
14.9 -6.0 1.142857 204 0 0
14.9 -6.0 1.714286 204 0 0
14.9 -6.0 2.285714 204 0 0
14.9 -6.0 2.857143 204 0 0
14.9 -6.0 3.428571 204 0 0
14.9 -6.0 4.0 204 0 0
14.9 -5.466667 0.0 204 0 0
14.9 -5.466667 0.571429 204 0 0
14.9 -5.466667 1.142857 204 0 0
14.9 -5.466667 1.714286 204 0 0
14.9 -5.466667 2.285714 204 0 0
14.9 -5.466667 2.857143 204 0 0
14.9 -5.466667 3.428571 204 0 0
14.9 -5.466667 4.0 204 0 0
14.9 -4.933333 0.0 204 0 0
14.9 -4.933333 0.571429 204 0 0
14.9 -4.933333 1.142857 204 0 0
14.9 -4.933333 1.714286 204 0 0
14.9 -4.933333 2.285714 204 0 0
14.9 -4.933333 2.857143 204 0 0
14.9 -4.933333 3.428571 204 0 0
14.9 -4.933333 4.0 204 0 0
14.9 -4.4 0.0 204 0 0
14.9 -4.4 0.571429 204 0 0
14.9 -4.4 1.142857 204 0 0
14.9 -4.4 1.714286 204 0 0
14.9 -4.4 2.285714 204 0 0
14.9 -4.4 2.857143 204 0 0
14.9 -4.4 3.428571 204 0 0
14.9 -4.4 4.0 204 0 0
14.9 -3.866667 0.0 204 0 0
14.9 -3.866667 0.571429 204 0 0
14.9 -3.866667 1.142857 204 0 0
14.9 -3.866667 1.714286 204 0 0
14.9 -3.866667 2.285714 204 0 0
14.9 -3.866667 2.857143 204 0 0
14.9 -3.866667 3.428571 204 0 0
14.9 -3.866667 4.0 204 0 0
14.9 -3.333333 0.0 204 0 0
14.9 -3.333333 0.571429 204 0 0
14.9 -3.333333 1.142857 204 0 0
14.9 -3.333333 1.714286 204 0 0
14.9 -3.333333 2.285714 204 0 0
14.9 -3.333333 2.857143 204 0 0
14.9 -3.333333 3.428571 204 0 0
14.9 -3.333333 4.0 204 0 0
14.9 -2.8 0.0 204 0 0
14.9 -2.8 0.571429 204 0 0
14.9 -2.8 1.142857 204 0 0
14.9 -2.8 1.714286 204 0 0
14.9 -2.8 2.285714 204 0 0
14.9 -2.8 2.857143 204 0 0
14.9 -2.8 3.428571 204 0 0
14.9 -2.8 4.0 204 0 0
14.9 -2.266667 0.0 204 0 0
14.9 -2.266667 0.571429 204 0 0
14.9 -2.266667 1.142857 204 0 0
14.9 -2.266667 1.714286 204 0 0
14.9 -2.266667 2.285714 204 0 0
14.9 -2.266667 2.857143 204 0 0
14.9 -2.266667 3.428571 204 0 0
14.9 -2.266667 4.0 204 0 0
14.9 -1.733333 0.0 204 0 0
14.9 -1.733333 0.571429 204 0 0
14.9 -1.733333 1.142857 204 0 0
14.9 -1.733333 1.714286 204 0 0
14.9 -1.733333 2.285714 204 0 0
14.9 -1.733333 2.857143 204 0 0
14.9 -1.733333 3.428571 204 0 0
14.9 -1.733333 4.0 204 0 0
14.9 -1.2 0.0 204 0 0
14.9 -1.2 0.571429 204 0 0
14.9 -1.2 1.142857 204 0 0
14.9 -1.2 1.714286 204 0 0
14.9 -1.2 2.285714 204 0 0
14.9 -1.2 2.857143 204 0 0
14.9 -1.2 3.428571 204 0 0
14.9 -1.2 4.0 204 0 0
14.9 -0.666667 0.0 204 0 0
14.9 -0.666667 0.571429 204 0 0
14.9 -0.666667 1.142857 204 0 0
14.9 -0.666667 1.714286 204 0 0
14.9 -0.666667 2.285714 204 0 0
14.9 -0.666667 2.857143 204 0 0
14.9 -0.666667 3.428571 204 0 0
14.9 -0.666667 4.0 204 0 0
14.9 -0.133333 0.0 204 0 0
14.9 -0.133333 0.571429 204 0 0
14.9 -0.133333 1.142857 204 0 0
14.9 -0.133333 1.714286 204 0 0
14.9 -0.133333 2.285714 204 0 0
14.9 -0.133333 2.857143 204 0 0
14.9 -0.133333 3.428571 204 0 0
14.9 -0.133333 4.0 204 0 0
14.9 0.4 0.0 204 0 0
14.9 0.4 0.571429 204 0 0
14.9 0.4 1.142857 204 0 0
14.9 0.4 1.714286 204 0 0
14.9 0.4 2.285714 204 0 0
14.9 0.4 2.857143 204 0 0
14.9 0.4 3.428571 204 0 0
14.9 0.4 4.0 204 0 0
14.9 0.933333 0.0 204 0 0
14.9 0.933333 0.571429 204 0 0
14.9 0.933333 1.142857 204 0 0
14.9 0.933333 1.714286 204 0 0
14.9 0.933333 2.285714 204 0 0
14.9 0.933333 2.857143 204 0 0
14.9 0.933333 3.428571 204 0 0
14.9 0.933333 4.0 204 0 0
14.9 1.466667 0.0 204 0 0
14.9 1.466667 0.571429 204 0 0
14.9 1.466667 1.142857 204 0 0
14.9 1.466667 1.714286 204 0 0
14.9 1.466667 2.285714 204 0 0
14.9 1.466667 2.857143 204 0 0
14.9 1.466667 3.428571 204 0 0
14.9 1.466667 4.0 204 0 0
14.9 2.0 0.0 204 0 0
14.9 2.0 0.571429 204 0 0
14.9 2.0 1.142857 204 0 0
14.9 2.0 1.714286 204 0 0
14.9 2.0 2.285714 204 0 0
14.9 2.0 2.857143 204 0 0
14.9 2.0 3.428571 204 0 0
14.9 2.0 4.0 204 0 0
14.9 2.0 0.0 204 0 0
14.9 2.0 0.571429 204 0 0
14.9 2.0 1.142857 204 0 0
14.9 2.0 1.714286 204 0 0
14.9 2.0 2.285714 204 0 0
14.9 2.0 2.857143 204 0 0
14.9 2.0 3.428571 204 0 0
14.9 2.0 4.0 204 0 0
15.1 2.0 0.0 204 0 0
15.1 2.0 0.571429 204 0 0
15.1 2.0 1.142857 204 0 0
15.1 2.0 1.714286 204 0 0
15.1 2.0 2.285714 204 0 0
15.1 2.0 2.857143 204 0 0
15.1 2.0 3.428571 204 0 0
15.1 2.0 4.0 204 0 0
14.9 -6.0 0.0 204 0 0
14.9 -6.0 0.571429 204 0 0
14.9 -6.0 1.142857 204 0 0
14.9 -6.0 1.714286 204 0 0
14.9 -6.0 2.285714 204 0 0
14.9 -6.0 2.857143 204 0 0
14.9 -6.0 3.428571 204 0 0
14.9 -6.0 4.0 204 0 0
15.1 -6.0 0.0 204 0 0
15.1 -6.0 0.571429 204 0 0
15.1 -6.0 1.142857 204 0 0
15.1 -6.0 1.714286 204 0 0
15.1 -6.0 2.285714 204 0 0
15.1 -6.0 2.857143 204 0 0
15.1 -6.0 3.428571 204 0 0
15.1 -6.0 4.0 204 0 0
14.9 -6.0 4.0 204 0 0
14.9 -5.466667 4.0 204 0 0
14.9 -4.933333 4.0 204 0 0
14.9 -4.4 4.0 204 0 0
14.9 -3.866667 4.0 204 0 0
14.9 -3.333333 4.0 204 0 0
14.9 -2.8 4.0 204 0 0
14.9 -2.266667 4.0 204 0 0
14.9 -1.733333 4.0 204 0 0
14.9 -1.2 4.0 204 0 0
14.9 -0.666667 4.0 204 0 0
14.9 -0.133333 4.0 204 0 0
14.9 0.4 4.0 204 0 0
14.9 0.933333 4.0 204 0 0
14.9 1.466667 4.0 204 0 0
14.9 2.0 4.0 204 0 0
15.1 -6.0 4.0 204 0 0
15.1 -5.466667 4.0 204 0 0
15.1 -4.933333 4.0 204 0 0
15.1 -4.4 4.0 204 0 0
15.1 -3.866667 4.0 204 0 0
15.1 -3.333333 4.0 204 0 0
15.1 -2.8 4.0 204 0 0
15.1 -2.266667 4.0 204 0 0
15.1 -1.733333 4.0 204 0 0
15.1 -1.2 4.0 204 0 0
15.1 -0.666667 4.0 204 0 0
15.1 -0.133333 4.0 204 0 0
15.1 0.4 4.0 204 0 0
15.1 0.933333 4.0 204 0 0
15.1 1.466667 4.0 204 0 0
15.1 2.0 4.0 204 0 0
14.9 -6.0 0.0 204 0 0
14.9 -5.466667 0.0 204 0 0
14.9 -4.933333 0.0 204 0 0
14.9 -4.4 0.0 204 0 0
14.9 -3.866667 0.0 204 0 0
14.9 -3.333333 0.0 204 0 0
14.9 -2.8 0.0 204 0 0
14.9 -2.266667 0.0 204 0 0
14.9 -1.733333 0.0 204 0 0
14.9 -1.2 0.0 204 0 0
14.9 -0.666667 0.0 204 0 0
14.9 -0.133333 0.0 204 0 0
14.9 0.4 0.0 204 0 0
14.9 0.933333 0.0 204 0 0
14.9 1.466667 0.0 204 0 0
14.9 2.0 0.0 204 0 0
15.1 -6.0 0.0 204 0 0
15.1 -5.466667 0.0 204 0 0
15.1 -4.933333 0.0 204 0 0
15.1 -4.4 0.0 204 0 0
15.1 -3.866667 0.0 204 0 0
15.1 -3.333333 0.0 204 0 0
15.1 -2.8 0.0 204 0 0
15.1 -2.266667 0.0 204 0 0
15.1 -1.733333 0.0 204 0 0
15.1 -1.2 0.0 204 0 0
15.1 -0.666667 0.0 204 0 0
15.1 -0.133333 0.0 204 0 0
15.1 0.4 0.0 204 0 0
15.1 0.933333 0.0 204 0 0
15.1 1.466667 0.0 204 0 0
15.1 2.0 0.0 204 0 0
15.1 3.0 0.0 204 0 0
15.1 3.0 0.571429 204 0 0
15.1 3.0 1.142857 204 0 0
15.1 3.0 1.714286 204 0 0
15.1 3.0 2.285714 204 0 0
15.1 3.0 2.857143 204 0 0
15.1 3.0 3.428571 204 0 0
15.1 3.0 4.0 204 0 0
15.1 3.571429 0.0 204 0 0
15.1 3.571429 0.571429 204 0 0
15.1 3.571429 1.142857 204 0 0
15.1 3.571429 1.714286 204 0 0
15.1 3.571429 2.285714 204 0 0
15.1 3.571429 2.857143 204 0 0
15.1 3.571429 3.428571 204 0 0
15.1 3.571429 4.0 204 0 0
15.1 4.142857 0.0 204 0 0
15.1 4.142857 0.571429 204 0 0
15.1 4.142857 1.142857 204 0 0
15.1 4.142857 1.714286 204 0 0
15.1 4.142857 2.285714 204 0 0
15.1 4.142857 2.857143 204 0 0
15.1 4.142857 3.428571 204 0 0
15.1 4.142857 4.0 204 0 0
15.1 4.714286 0.0 204 0 0
15.1 4.714286 0.571429 204 0 0
15.1 4.714286 1.142857 204 0 0
15.1 4.714286 1.714286 204 0 0
15.1 4.714286 2.285714 204 0 0
15.1 4.714286 2.857143 204 0 0
15.1 4.714286 3.428571 204 0 0
15.1 4.714286 4.0 204 0 0
15.1 5.285714 0.0 204 0 0
15.1 5.285714 0.571429 204 0 0
15.1 5.285714 1.142857 204 0 0
15.1 5.285714 1.714286 204 0 0
15.1 5.285714 2.285714 204 0 0
15.1 5.285714 2.857143 204 0 0
15.1 5.285714 3.428571 204 0 0
15.1 5.285714 4.0 204 0 0
15.1 5.857143 0.0 204 0 0
15.1 5.857143 0.571429 204 0 0
15.1 5.857143 1.142857 204 0 0
15.1 5.857143 1.714286 204 0 0
15.1 5.857143 2.285714 204 0 0
15.1 5.857143 2.857143 204 0 0
15.1 5.857143 3.428571 204 0 0
15.1 5.857143 4.0 204 0 0
15.1 6.428571 0.0 204 0 0
15.1 6.428571 0.571429 204 0 0
15.1 6.428571 1.142857 204 0 0
15.1 6.428571 1.714286 204 0 0
15.1 6.428571 2.285714 204 0 0
15.1 6.428571 2.857143 204 0 0
15.1 6.428571 3.428571 204 0 0
15.1 6.428571 4.0 204 0 0
15.1 7.0 0.0 204 0 0
15.1 7.0 0.571429 204 0 0
15.1 7.0 1.142857 204 0 0
15.1 7.0 1.714286 204 0 0
15.1 7.0 2.285714 204 0 0
15.1 7.0 2.857143 204 0 0
15.1 7.0 3.428571 204 0 0
15.1 7.0 4.0 204 0 0
14.9 3.0 0.0 204 0 0
14.9 3.0 0.571429 204 0 0
14.9 3.0 1.142857 204 0 0
14.9 3.0 1.714286 204 0 0
14.9 3.0 2.285714 204 0 0
14.9 3.0 2.857143 204 0 0
14.9 3.0 3.428571 204 0 0
14.9 3.0 4.0 204 0 0
14.9 3.571429 0.0 204 0 0
14.9 3.571429 0.571429 204 0 0
14.9 3.571429 1.142857 204 0 0
14.9 3.571429 1.714286 204 0 0
14.9 3.571429 2.285714 204 0 0
14.9 3.571429 2.857143 204 0 0
14.9 3.571429 3.428571 204 0 0
14.9 3.571429 4.0 204 0 0
14.9 4.142857 0.0 204 0 0
14.9 4.142857 0.571429 204 0 0
14.9 4.142857 1.142857 204 0 0
14.9 4.142857 1.714286 204 0 0
14.9 4.142857 2.285714 204 0 0
14.9 4.142857 2.857143 204 0 0
14.9 4.142857 3.428571 204 0 0
14.9 4.142857 4.0 204 0 0
14.9 4.714286 0.0 204 0 0
14.9 4.714286 0.571429 204 0 0
14.9 4.714286 1.142857 204 0 0
14.9 4.714286 1.714286 204 0 0
14.9 4.714286 2.285714 204 0 0
14.9 4.714286 2.857143 204 0 0
14.9 4.714286 3.428571 204 0 0
14.9 4.714286 4.0 204 0 0
14.9 5.285714 0.0 204 0 0
14.9 5.285714 0.571429 204 0 0
14.9 5.285714 1.142857 204 0 0
14.9 5.285714 1.714286 204 0 0
14.9 5.285714 2.285714 204 0 0
14.9 5.285714 2.857143 204 0 0
14.9 5.285714 3.428571 204 0 0
14.9 5.285714 4.0 204 0 0
14.9 5.857143 0.0 204 0 0
14.9 5.857143 0.571429 204 0 0
14.9 5.857143 1.142857 204 0 0
14.9 5.857143 1.714286 204 0 0
14.9 5.857143 2.285714 204 0 0
14.9 5.857143 2.857143 204 0 0
14.9 5.857143 3.428571 204 0 0
14.9 5.857143 4.0 204 0 0
14.9 6.428571 0.0 204 0 0
14.9 6.428571 0.571429 204 0 0
14.9 6.428571 1.142857 204 0 0
14.9 6.428571 1.714286 204 0 0
14.9 6.428571 2.285714 204 0 0
14.9 6.428571 2.857143 204 0 0
14.9 6.428571 3.428571 204 0 0
14.9 6.428571 4.0 204 0 0
14.9 7.0 0.0 204 0 0
14.9 7.0 0.571429 204 0 0
14.9 7.0 1.142857 204 0 0
14.9 7.0 1.714286 204 0 0
14.9 7.0 2.285714 204 0 0
14.9 7.0 2.857143 204 0 0
14.9 7.0 3.428571 204 0 0
14.9 7.0 4.0 204 0 0
14.9 7.0 0.0 204 0 0
14.9 7.0 0.571429 204 0 0
14.9 7.0 1.142857 204 0 0
14.9 7.0 1.714286 204 0 0
14.9 7.0 2.285714 204 0 0
14.9 7.0 2.857143 204 0 0
14.9 7.0 3.428571 204 0 0
14.9 7.0 4.0 204 0 0
15.1 7.0 0.0 204 0 0
15.1 7.0 0.571429 204 0 0
15.1 7.0 1.142857 204 0 0
15.1 7.0 1.714286 204 0 0
15.1 7.0 2.285714 204 0 0
15.1 7.0 2.857143 204 0 0
15.1 7.0 3.428571 204 0 0
15.1 7.0 4.0 204 0 0
14.9 3.0 0.0 204 0 0
14.9 3.0 0.571429 204 0 0
14.9 3.0 1.142857 204 0 0
14.9 3.0 1.714286 204 0 0
14.9 3.0 2.285714 204 0 0
14.9 3.0 2.857143 204 0 0
14.9 3.0 3.428571 204 0 0
14.9 3.0 4.0 204 0 0
15.1 3.0 0.0 204 0 0
15.1 3.0 0.571429 204 0 0
15.1 3.0 1.142857 204 0 0
15.1 3.0 1.714286 204 0 0
15.1 3.0 2.285714 204 0 0
15.1 3.0 2.857143 204 0 0
15.1 3.0 3.428571 204 0 0
15.1 3.0 4.0 204 0 0
14.9 3.0 4.0 204 0 0
14.9 3.571429 4.0 204 0 0
14.9 4.142857 4.0 204 0 0
14.9 4.714286 4.0 204 0 0
14.9 5.285714 4.0 204 0 0
14.9 5.857143 4.0 204 0 0
14.9 6.428571 4.0 204 0 0
14.9 7.0 4.0 204 0 0
15.1 3.0 4.0 204 0 0
15.1 3.571429 4.0 204 0 0
15.1 4.142857 4.0 204 0 0
15.1 4.714286 4.0 204 0 0
15.1 5.285714 4.0 204 0 0
15.1 5.857143 4.0 204 0 0
15.1 6.428571 4.0 204 0 0
15.1 7.0 4.0 204 0 0
14.9 3.0 0.0 204 0 0
14.9 3.571429 0.0 204 0 0
14.9 4.142857 0.0 204 0 0
14.9 4.714286 0.0 204 0 0
14.9 5.285714 0.0 204 0 0
14.9 5.857143 0.0 204 0 0
14.9 6.428571 0.0 204 0 0
14.9 7.0 0.0 204 0 0
15.1 3.0 0.0 204 0 0
15.1 3.571429 0.0 204 0 0
15.1 4.142857 0.0 204 0 0
15.1 4.714286 0.0 204 0 0
15.1 5.285714 0.0 204 0 0
15.1 5.857143 0.0 204 0 0
15.1 6.428571 0.0 204 0 0
15.1 7.0 0.0 204 0 0
-1.249204 -0.000199 0.0 204 0 0
-1.249204 -0.000199 0.555556 204 0 0
-1.249204 -0.000199 1.111111 204 0 0
-1.249204 -0.000199 1.666667 204 0 0
-1.249204 -0.000199 2.222222 204 0 0
-1.249204 -0.000199 2.777778 204 0 0
-1.249204 -0.000199 3.333333 204 0 0
-1.249204 -0.000199 3.888889 204 0 0
-1.249204 -0.000199 4.444444 204 0 0
-1.249204 -0.000199 5.0 204 0 0
-1.749204 0.000199 0.0 204 0 0
-1.749204 0.000199 0.555556 204 0 0
-1.749204 0.000199 1.111111 204 0 0
-1.749204 0.000199 1.666667 204 0 0
-1.749204 0.000199 2.222222 204 0 0
-1.749204 0.000199 2.777778 204 0 0
-1.749204 0.000199 3.333333 204 0 0
-1.749204 0.000199 3.888889 204 0 0
-1.749204 0.000199 4.444444 204 0 0
-1.749204 0.000199 5.0 204 0 0
-1.250796 -2.000199 0.0 204 0 0
-1.250796 -2.000199 0.555556 204 0 0
-1.250796 -2.000199 1.111111 204 0 0
-1.250796 -2.000199 1.666667 204 0 0
-1.250796 -2.000199 2.222222 204 0 0
-1.250796 -2.000199 2.777778 204 0 0
-1.250796 -2.000199 3.333333 204 0 0
-1.250796 -2.000199 3.888889 204 0 0
-1.250796 -2.000199 4.444444 204 0 0
-1.250796 -2.000199 5.0 204 0 0
-1.750796 -1.999801 0.0 204 0 0
-1.750796 -1.999801 0.555556 204 0 0
-1.750796 -1.999801 1.111111 204 0 0
-1.750796 -1.999801 1.666667 204 0 0
-1.750796 -1.999801 2.222222 204 0 0
-1.750796 -1.999801 2.777778 204 0 0
-1.750796 -1.999801 3.333333 204 0 0
-1.750796 -1.999801 3.888889 204 0 0
-1.750796 -1.999801 4.444444 204 0 0
-1.750796 -1.999801 5.0 204 0 0
-1.750796 -1.999801 0.0 204 0 0
-1.750796 -1.999801 0.555556 204 0 0
-1.750796 -1.999801 1.111111 204 0 0
-1.750796 -1.999801 1.666667 204 0 0
-1.750796 -1.999801 2.222222 204 0 0
-1.750796 -1.999801 2.777778 204 0 0
-1.750796 -1.999801 3.333333 204 0 0
-1.750796 -1.999801 3.888889 204 0 0
-1.750796 -1.999801 4.444444 204 0 0
-1.750796 -1.999801 5.0 204 0 0
-1.750265 -1.333134 0.0 204 0 0
-1.750265 -1.333134 0.555556 204 0 0
-1.750265 -1.333134 1.111111 204 0 0
-1.750265 -1.333134 1.666667 204 0 0
-1.750265 -1.333134 2.222222 204 0 0
-1.750265 -1.333134 2.777778 204 0 0
-1.750265 -1.333134 3.333333 204 0 0
-1.750265 -1.333134 3.888889 204 0 0
-1.750265 -1.333134 4.444444 204 0 0
-1.750265 -1.333134 5.0 204 0 0
-1.749734 -0.666468 0.0 204 0 0
-1.749734 -0.666468 0.555556 204 0 0
-1.749734 -0.666468 1.111111 204 0 0
-1.749734 -0.666468 1.666667 204 0 0
-1.749734 -0.666468 2.222222 204 0 0
-1.749734 -0.666468 2.777778 204 0 0
-1.749734 -0.666468 3.333333 204 0 0
-1.749734 -0.666468 3.888889 204 0 0
-1.749734 -0.666468 4.444444 204 0 0
-1.749734 -0.666468 5.0 204 0 0
-1.749204 0.000199 0.0 204 0 0
-1.749204 0.000199 0.555556 204 0 0
-1.749204 0.000199 1.111111 204 0 0
-1.749204 0.000199 1.666667 204 0 0
-1.749204 0.000199 2.222222 204 0 0
-1.749204 0.000199 2.777778 204 0 0
-1.749204 0.000199 3.333333 204 0 0
-1.749204 0.000199 3.888889 204 0 0
-1.749204 0.000199 4.444444 204 0 0
-1.749204 0.000199 5.0 204 0 0
-1.250796 -2.000199 0.0 204 0 0
-1.250796 -2.000199 0.555556 204 0 0
-1.250796 -2.000199 1.111111 204 0 0
-1.250796 -2.000199 1.666667 204 0 0
-1.250796 -2.000199 2.222222 204 0 0
-1.250796 -2.000199 2.777778 204 0 0
-1.250796 -2.000199 3.333333 204 0 0
-1.250796 -2.000199 3.888889 204 0 0
-1.250796 -2.000199 4.444444 204 0 0
-1.250796 -2.000199 5.0 204 0 0
-1.250266 -1.333532 0.0 204 0 0
-1.250266 -1.333532 0.555556 204 0 0
-1.250266 -1.333532 1.111111 204 0 0
-1.250266 -1.333532 1.666667 204 0 0
-1.250266 -1.333532 2.222222 204 0 0
-1.250266 -1.333532 2.777778 204 0 0
-1.250266 -1.333532 3.333333 204 0 0
-1.250266 -1.333532 3.888889 204 0 0
-1.250266 -1.333532 4.444444 204 0 0
-1.250266 -1.333532 5.0 204 0 0
-1.249735 -0.666866 0.0 204 0 0
-1.249735 -0.666866 0.555556 204 0 0
-1.249735 -0.666866 1.111111 204 0 0
-1.249735 -0.666866 1.666667 204 0 0
-1.249735 -0.666866 2.222222 204 0 0
-1.249735 -0.666866 2.777778 204 0 0
-1.249735 -0.666866 3.333333 204 0 0
-1.249735 -0.666866 3.888889 204 0 0
-1.249735 -0.666866 4.444444 204 0 0
-1.249735 -0.666866 5.0 204 0 0
-1.249204 -0.000199 0.0 204 0 0
-1.249204 -0.000199 0.555556 204 0 0
-1.249204 -0.000199 1.111111 204 0 0
-1.249204 -0.000199 1.666667 204 0 0
-1.249204 -0.000199 2.222222 204 0 0
-1.249204 -0.000199 2.777778 204 0 0
-1.249204 -0.000199 3.333333 204 0 0
-1.249204 -0.000199 3.888889 204 0 0
-1.249204 -0.000199 4.444444 204 0 0
-1.249204 -0.000199 5.0 204 0 0
-1.250796 -2.000199 5.0 204 0 0
-1.750796 -1.999801 5.0 204 0 0
-1.250266 -1.333532 5.0 204 0 0
-1.750265 -1.333134 5.0 204 0 0
-1.249735 -0.666866 5.0 204 0 0
-1.749734 -0.666468 5.0 204 0 0
-1.249204 -0.000199 5.0 204 0 0
-1.749204 0.000199 5.0 204 0 0
-1.250796 -2.000199 0.0 204 0 0
-1.750796 -1.999801 0.0 204 0 0
-1.250266 -1.333532 0.0 204 0 0
-1.750265 -1.333134 0.0 204 0 0
-1.249735 -0.666866 0.0 204 0 0
-1.749734 -0.666468 0.0 204 0 0
-1.249204 -0.000199 0.0 204 0 0
-1.749204 0.000199 0.0 204 0 0
1.750796 -0.000199 0.0 204 0 0
1.750796 -0.000199 0.555556 204 0 0
1.750796 -0.000199 1.111111 204 0 0
1.750796 -0.000199 1.666667 204 0 0
1.750796 -0.000199 2.222222 204 0 0
1.750796 -0.000199 2.777778 204 0 0
1.750796 -0.000199 3.333333 204 0 0
1.750796 -0.000199 3.888889 204 0 0
1.750796 -0.000199 4.444444 204 0 0
1.750796 -0.000199 5.0 204 0 0
1.250796 0.000199 0.0 204 0 0
1.250796 0.000199 0.555556 204 0 0
1.250796 0.000199 1.111111 204 0 0
1.250796 0.000199 1.666667 204 0 0
1.250796 0.000199 2.222222 204 0 0
1.250796 0.000199 2.777778 204 0 0
1.250796 0.000199 3.333333 204 0 0
1.250796 0.000199 3.888889 204 0 0
1.250796 0.000199 4.444444 204 0 0
1.250796 0.000199 5.0 204 0 0
1.749204 -2.000199 0.0 204 0 0
1.749204 -2.000199 0.555556 204 0 0
1.749204 -2.000199 1.111111 204 0 0
1.749204 -2.000199 1.666667 204 0 0
1.749204 -2.000199 2.222222 204 0 0
1.749204 -2.000199 2.777778 204 0 0
1.749204 -2.000199 3.333333 204 0 0
1.749204 -2.000199 3.888889 204 0 0
1.749204 -2.000199 4.444444 204 0 0
1.749204 -2.000199 5.0 204 0 0
1.249204 -1.999801 0.0 204 0 0
1.249204 -1.999801 0.555556 204 0 0
1.249204 -1.999801 1.111111 204 0 0
1.249204 -1.999801 1.666667 204 0 0
1.249204 -1.999801 2.222222 204 0 0
1.249204 -1.999801 2.777778 204 0 0
1.249204 -1.999801 3.333333 204 0 0
1.249204 -1.999801 3.888889 204 0 0
1.249204 -1.999801 4.444444 204 0 0
1.249204 -1.999801 5.0 204 0 0
1.249204 -1.999801 0.0 204 0 0
1.249204 -1.999801 0.555556 204 0 0
1.249204 -1.999801 1.111111 204 0 0
1.249204 -1.999801 1.666667 204 0 0
1.249204 -1.999801 2.222222 204 0 0
1.249204 -1.999801 2.777778 204 0 0
1.249204 -1.999801 3.333333 204 0 0
1.249204 -1.999801 3.888889 204 0 0
1.249204 -1.999801 4.444444 204 0 0
1.249204 -1.999801 5.0 204 0 0
1.249735 -1.333134 0.0 204 0 0
1.249735 -1.333134 0.555556 204 0 0
1.249735 -1.333134 1.111111 204 0 0
1.249735 -1.333134 1.666667 204 0 0
1.249735 -1.333134 2.222222 204 0 0
1.249735 -1.333134 2.777778 204 0 0
1.249735 -1.333134 3.333333 204 0 0
1.249735 -1.333134 3.888889 204 0 0
1.249735 -1.333134 4.444444 204 0 0
1.249735 -1.333134 5.0 204 0 0
1.250266 -0.666468 0.0 204 0 0
1.250266 -0.666468 0.555556 204 0 0
1.250266 -0.666468 1.111111 204 0 0
1.250266 -0.666468 1.666667 204 0 0
1.250266 -0.666468 2.222222 204 0 0
1.250266 -0.666468 2.777778 204 0 0
1.250266 -0.666468 3.333333 204 0 0
1.250266 -0.666468 3.888889 204 0 0
1.250266 -0.666468 4.444444 204 0 0
1.250266 -0.666468 5.0 204 0 0
1.250796 0.000199 0.0 204 0 0
1.250796 0.000199 0.555556 204 0 0
1.250796 0.000199 1.111111 204 0 0
1.250796 0.000199 1.666667 204 0 0
1.250796 0.000199 2.222222 204 0 0
1.250796 0.000199 2.777778 204 0 0
1.250796 0.000199 3.333333 204 0 0
1.250796 0.000199 3.888889 204 0 0
1.250796 0.000199 4.444444 204 0 0
1.250796 0.000199 5.0 204 0 0
1.749204 -2.000199 0.0 204 0 0
1.749204 -2.000199 0.555556 204 0 0
1.749204 -2.000199 1.111111 204 0 0
1.749204 -2.000199 1.666667 204 0 0
1.749204 -2.000199 2.222222 204 0 0
1.749204 -2.000199 2.777778 204 0 0
1.749204 -2.000199 3.333333 204 0 0
1.749204 -2.000199 3.888889 204 0 0
1.749204 -2.000199 4.444444 204 0 0
1.749204 -2.000199 5.0 204 0 0
1.749734 -1.333532 0.0 204 0 0
1.749734 -1.333532 0.555556 204 0 0
1.749734 -1.333532 1.111111 204 0 0
1.749734 -1.333532 1.666667 204 0 0
1.749734 -1.333532 2.222222 204 0 0
1.749734 -1.333532 2.777778 204 0 0
1.749734 -1.333532 3.333333 204 0 0
1.749734 -1.333532 3.888889 204 0 0
1.749734 -1.333532 4.444444 204 0 0
1.749734 -1.333532 5.0 204 0 0
1.750265 -0.666866 0.0 204 0 0
1.750265 -0.666866 0.555556 204 0 0
1.750265 -0.666866 1.111111 204 0 0
1.750265 -0.666866 1.666667 204 0 0
1.750265 -0.666866 2.222222 204 0 0
1.750265 -0.666866 2.777778 204 0 0
1.750265 -0.666866 3.333333 204 0 0
1.750265 -0.666866 3.888889 204 0 0
1.750265 -0.666866 4.444444 204 0 0
1.750265 -0.666866 5.0 204 0 0
1.750796 -0.000199 0.0 204 0 0
1.750796 -0.000199 0.555556 204 0 0
1.750796 -0.000199 1.111111 204 0 0
1.750796 -0.000199 1.666667 204 0 0
1.750796 -0.000199 2.222222 204 0 0
1.750796 -0.000199 2.777778 204 0 0
1.750796 -0.000199 3.333333 204 0 0
1.750796 -0.000199 3.888889 204 0 0
1.750796 -0.000199 4.444444 204 0 0
1.750796 -0.000199 5.0 204 0 0
1.749204 -2.000199 5.0 204 0 0
1.249204 -1.999801 5.0 204 0 0
1.749734 -1.333532 5.0 204 0 0
1.249735 -1.333134 5.0 204 0 0
1.750265 -0.666866 5.0 204 0 0
1.250266 -0.666468 5.0 204 0 0
1.750796 -0.000199 5.0 204 0 0
1.250796 0.000199 5.0 204 0 0
1.749204 -2.000199 0.0 204 0 0
1.249204 -1.999801 0.0 204 0 0
1.749734 -1.333532 0.0 204 0 0
1.249735 -1.333134 0.0 204 0 0
1.750265 -0.666866 0.0 204 0 0
1.250266 -0.666468 0.0 204 0 0
1.750796 -0.000199 0.0 204 0 0
1.250796 0.000199 0.0 204 0 0
-3.97 -1.0 3.0 204 0 0
-3.97 -1.0 3.666667 204 0 0
-3.97 -1.0 4.333333 204 0 0
-3.97 -1.0 5.0 204 0 0
-3.981295 -0.976545 3.0 204 0 0
-3.981295 -0.976545 3.666667 204 0 0
-3.981295 -0.976545 4.333333 204 0 0
-3.981295 -0.976545 5.0 204 0 0
-4.006676 -0.970752 3.0 204 0 0
-4.006676 -0.970752 3.666667 204 0 0
-4.006676 -0.970752 4.333333 204 0 0
-4.006676 -0.970752 5.0 204 0 0
-4.027029 -0.986983 3.0 204 0 0
-4.027029 -0.986983 3.666667 204 0 0
-4.027029 -0.986983 4.333333 204 0 0
-4.027029 -0.986983 5.0 204 0 0
-4.027029 -1.013017 3.0 204 0 0
-4.027029 -1.013017 3.666667 204 0 0
-4.027029 -1.013017 4.333333 204 0 0
-4.027029 -1.013017 5.0 204 0 0
-4.006676 -1.029248 3.0 204 0 0
-4.006676 -1.029248 3.666667 204 0 0
-4.006676 -1.029248 4.333333 204 0 0
-4.006676 -1.029248 5.0 204 0 0
-3.981295 -1.023455 3.0 204 0 0
-3.981295 -1.023455 3.666667 204 0 0
-3.981295 -1.023455 4.333333 204 0 0
-3.981295 -1.023455 5.0 204 0 0
-3.97 -1.0 3.0 204 0 0
-3.97 -1.0 3.666667 204 0 0
-3.97 -1.0 4.333333 204 0 0
-3.97 -1.0 5.0 204 0 0
-4.0 -1.0 5.0 204 0 0
-4.0 -1.0 3.0 204 0 0
-3.97 -1.0 5.0 204 0 0
-3.97 -1.0 3.0 204 0 0
4.03 -1.0 3.0 204 0 0
4.03 -1.0 3.666667 204 0 0
4.03 -1.0 4.333333 204 0 0
4.03 -1.0 5.0 204 0 0
4.018705 -0.976545 3.0 204 0 0
4.018705 -0.976545 3.666667 204 0 0
4.018705 -0.976545 4.333333 204 0 0
4.018705 -0.976545 5.0 204 0 0
3.993324 -0.970752 3.0 204 0 0
3.993324 -0.970752 3.666667 204 0 0
3.993324 -0.970752 4.333333 204 0 0
3.993324 -0.970752 5.0 204 0 0
3.972971 -0.986983 3.0 204 0 0
3.972971 -0.986983 3.666667 204 0 0
3.972971 -0.986983 4.333333 204 0 0
3.972971 -0.986983 5.0 204 0 0
3.972971 -1.013017 3.0 204 0 0
3.972971 -1.013017 3.666667 204 0 0
3.972971 -1.013017 4.333333 204 0 0
3.972971 -1.013017 5.0 204 0 0
3.993324 -1.029248 3.0 204 0 0
3.993324 -1.029248 3.666667 204 0 0
3.993324 -1.029248 4.333333 204 0 0
3.993324 -1.029248 5.0 204 0 0
4.018705 -1.023455 3.0 204 0 0
4.018705 -1.023455 3.666667 204 0 0
4.018705 -1.023455 4.333333 204 0 0
4.018705 -1.023455 5.0 204 0 0
4.03 -1.0 3.0 204 0 0
4.03 -1.0 3.666667 204 0 0
4.03 -1.0 4.333333 204 0 0
4.03 -1.0 5.0 204 0 0
4.0 -1.0 5.0 204 0 0
4.0 -1.0 3.0 204 0 0
4.03 -1.0 5.0 204 0 0
4.03 -1.0 3.0 204 0 0
-0.97 6.0 3.4 204 0 0
-0.97 6.0 4.2 204 0 0
-0.97 6.0 5.0 204 0 0
-0.981295 6.023455 3.4 204 0 0
-0.981295 6.023455 4.2 204 0 0
-0.981295 6.023455 5.0 204 0 0
-1.006676 6.029248 3.4 204 0 0
-1.006676 6.029248 4.2 204 0 0
-1.006676 6.029248 5.0 204 0 0
-1.027029 6.013017 3.4 204 0 0
-1.027029 6.013017 4.2 204 0 0
-1.027029 6.013017 5.0 204 0 0
-1.027029 5.986983 3.4 204 0 0
-1.027029 5.986983 4.2 204 0 0
-1.027029 5.986983 5.0 204 0 0
-1.006676 5.970752 3.4 204 0 0
-1.006676 5.970752 4.2 204 0 0
-1.006676 5.970752 5.0 204 0 0
-0.981295 5.976545 3.4 204 0 0
-0.981295 5.976545 4.2 204 0 0
-0.981295 5.976545 5.0 204 0 0
-0.97 6.0 3.4 204 0 0
-0.97 6.0 4.2 204 0 0
-0.97 6.0 5.0 204 0 0
-1.0 6.0 5.0 204 0 0
-1.0 6.0 3.4 204 0 0
-0.97 6.0 5.0 204 0 0
-0.97 6.0 3.4 204 0 0
-14.696815 9.99976 4.5 204 0 0
-14.696815 9.99976 5.1 204 0 0
-15.296815 10.000238 4.5 204 0 0
-15.296815 10.000238 5.1 204 0 0
-14.703185 1.999762 4.5 204 0 0
-14.703185 1.999762 5.1 204 0 0
-15.303185 2.00024 4.5 204 0 0
-15.303185 2.00024 5.1 204 0 0
-15.303185 2.00024 4.5 204 0 0
-15.303185 2.00024 5.1 204 0 0
-15.302761 2.533573 4.5 204 0 0
-15.302761 2.533573 5.1 204 0 0
-15.302336 3.066906 4.5 204 0 0
-15.302336 3.066906 5.1 204 0 0
-15.301911 3.60024 4.5 204 0 0
-15.301911 3.60024 5.1 204 0 0
-15.301486 4.133573 4.5 204 0 0
-15.301486 4.133573 5.1 204 0 0
-15.301062 4.666906 4.5 204 0 0
-15.301062 4.666906 5.1 204 0 0
-15.300637 5.200239 4.5 204 0 0
-15.300637 5.200239 5.1 204 0 0
-15.300212 5.733572 4.5 204 0 0
-15.300212 5.733572 5.1 204 0 0
-15.299788 6.266905 4.5 204 0 0
-15.299788 6.266905 5.1 204 0 0
-15.299363 6.800239 4.5 204 0 0
-15.299363 6.800239 5.1 204 0 0
-15.298938 7.333572 4.5 204 0 0
-15.298938 7.333572 5.1 204 0 0
-15.298513 7.866905 4.5 204 0 0
-15.298513 7.866905 5.1 204 0 0
-15.298089 8.400238 4.5 204 0 0
-15.298089 8.400238 5.1 204 0 0
-15.297664 8.933571 4.5 204 0 0
-15.297664 8.933571 5.1 204 0 0
-15.297239 9.466904 4.5 204 0 0
-15.297239 9.466904 5.1 204 0 0
-15.296815 10.000238 4.5 204 0 0
-15.296815 10.000238 5.1 204 0 0
-14.703185 1.999762 4.5 204 0 0
-14.703185 1.999762 5.1 204 0 0
-14.702761 2.533096 4.5 204 0 0
-14.702761 2.533096 5.1 204 0 0
-14.702336 3.066429 4.5 204 0 0
-14.702336 3.066429 5.1 204 0 0
-14.701911 3.599762 4.5 204 0 0
-14.701911 3.599762 5.1 204 0 0
-14.701487 4.133095 4.5 204 0 0
-14.701487 4.133095 5.1 204 0 0
-14.701062 4.666428 4.5 204 0 0
-14.701062 4.666428 5.1 204 0 0
-14.700637 5.199761 4.5 204 0 0
-14.700637 5.199761 5.1 204 0 0
-14.700212 5.733095 4.5 204 0 0
-14.700212 5.733095 5.1 204 0 0
-14.699788 6.266428 4.5 204 0 0
-14.699788 6.266428 5.1 204 0 0
-14.699363 6.799761 4.5 204 0 0
-14.699363 6.799761 5.1 204 0 0
-14.698938 7.333094 4.5 204 0 0
-14.698938 7.333094 5.1 204 0 0
-14.698514 7.866427 4.5 204 0 0
-14.698514 7.866427 5.1 204 0 0
-14.698089 8.39976 4.5 204 0 0
-14.698089 8.39976 5.1 204 0 0
-14.697664 8.933094 4.5 204 0 0
-14.697664 8.933094 5.1 204 0 0
-14.697239 9.466427 4.5 204 0 0
-14.697239 9.466427 5.1 204 0 0
-14.696815 9.99976 4.5 204 0 0
-14.696815 9.99976 5.1 204 0 0
-14.703185 1.999762 5.1 204 0 0
-15.303185 2.00024 5.1 204 0 0
-14.702761 2.533096 5.1 204 0 0
-15.302761 2.533573 5.1 204 0 0
-14.702336 3.066429 5.1 204 0 0
-15.302336 3.066906 5.1 204 0 0
-14.701911 3.599762 5.1 204 0 0
-15.301911 3.60024 5.1 204 0 0
-14.701487 4.133095 5.1 204 0 0
-15.301486 4.133573 5.1 204 0 0
-14.701062 4.666428 5.1 204 0 0
-15.301062 4.666906 5.1 204 0 0
-14.700637 5.199761 5.1 204 0 0
-15.300637 5.200239 5.1 204 0 0
-14.700212 5.733095 5.1 204 0 0
-15.300212 5.733572 5.1 204 0 0
-14.699788 6.266428 5.1 204 0 0
-15.299788 6.266905 5.1 204 0 0
-14.699363 6.799761 5.1 204 0 0
-15.299363 6.800239 5.1 204 0 0
-14.698938 7.333094 5.1 204 0 0
-15.298938 7.333572 5.1 204 0 0
-14.698514 7.866427 5.1 204 0 0
-15.298513 7.866905 5.1 204 0 0
-14.698089 8.39976 5.1 204 0 0
-15.298089 8.400238 5.1 204 0 0
-14.697664 8.933094 5.1 204 0 0
-15.297664 8.933571 5.1 204 0 0
-14.697239 9.466427 5.1 204 0 0
-15.297239 9.466904 5.1 204 0 0
-14.696815 9.99976 5.1 204 0 0
-15.296815 10.000238 5.1 204 0 0
-14.703185 1.999762 4.5 204 0 0
-15.303185 2.00024 4.5 204 0 0
-14.702761 2.533096 4.5 204 0 0
-15.302761 2.533573 4.5 204 0 0
-14.702336 3.066429 4.5 204 0 0
-15.302336 3.066906 4.5 204 0 0
-14.701911 3.599762 4.5 204 0 0
-15.301911 3.60024 4.5 204 0 0
-14.701487 4.133095 4.5 204 0 0
-15.301486 4.133573 4.5 204 0 0
-14.701062 4.666428 4.5 204 0 0
-15.301062 4.666906 4.5 204 0 0
-14.700637 5.199761 4.5 204 0 0
-15.300637 5.200239 4.5 204 0 0
-14.700212 5.733095 4.5 204 0 0
-15.300212 5.733572 4.5 204 0 0
-14.699788 6.266428 4.5 204 0 0
-15.299788 6.266905 4.5 204 0 0
-14.699363 6.799761 4.5 204 0 0
-15.299363 6.800239 4.5 204 0 0
-14.698938 7.333094 4.5 204 0 0
-15.298938 7.333572 4.5 204 0 0
-14.698514 7.866427 4.5 204 0 0
-15.298513 7.866905 4.5 204 0 0
-14.698089 8.39976 4.5 204 0 0
-15.298089 8.400238 4.5 204 0 0
-14.697664 8.933094 4.5 204 0 0
-15.297664 8.933571 4.5 204 0 0
-14.697239 9.466427 4.5 204 0 0
-15.297239 9.466904 4.5 204 0 0
-14.696815 9.99976 4.5 204 0 0
-15.296815 10.000238 4.5 204 0 0
16.0 -6.3 4.5 204 0 0
16.0 -6.3 5.1 204 0 0
16.0 -5.7 4.5 204 0 0
16.0 -5.7 5.1 204 0 0
4.0 -6.3 4.5 204 0 0
4.0 -6.3 5.1 204 0 0
4.0 -5.7 4.5 204 0 0
4.0 -5.7 5.1 204 0 0
4.0 -5.7 4.5 204 0 0
4.0 -5.7 5.1 204 0 0
4.521739 -5.7 4.5 204 0 0
4.521739 -5.7 5.1 204 0 0
5.043478 -5.7 4.5 204 0 0
5.043478 -5.7 5.1 204 0 0
5.565217 -5.7 4.5 204 0 0
5.565217 -5.7 5.1 204 0 0
6.086957 -5.7 4.5 204 0 0
6.086957 -5.7 5.1 204 0 0
6.608696 -5.7 4.5 204 0 0
6.608696 -5.7 5.1 204 0 0
7.130435 -5.7 4.5 204 0 0
7.130435 -5.7 5.1 204 0 0
7.652174 -5.7 4.5 204 0 0
7.652174 -5.7 5.1 204 0 0
8.173913 -5.7 4.5 204 0 0
8.173913 -5.7 5.1 204 0 0
8.695652 -5.7 4.5 204 0 0
8.695652 -5.7 5.1 204 0 0
9.217391 -5.7 4.5 204 0 0
9.217391 -5.7 5.1 204 0 0
9.73913 -5.7 4.5 204 0 0
9.73913 -5.7 5.1 204 0 0
10.26087 -5.7 4.5 204 0 0
10.26087 -5.7 5.1 204 0 0
10.782609 -5.7 4.5 204 0 0
10.782609 -5.7 5.1 204 0 0
11.304348 -5.7 4.5 204 0 0
11.304348 -5.7 5.1 204 0 0
11.826087 -5.7 4.5 204 0 0
11.826087 -5.7 5.1 204 0 0
12.347826 -5.7 4.5 204 0 0
12.347826 -5.7 5.1 204 0 0
12.869565 -5.7 4.5 204 0 0
12.869565 -5.7 5.1 204 0 0
13.391304 -5.7 4.5 204 0 0
13.391304 -5.7 5.1 204 0 0
13.913043 -5.7 4.5 204 0 0
13.913043 -5.7 5.1 204 0 0
14.434783 -5.7 4.5 204 0 0
14.434783 -5.7 5.1 204 0 0
14.956522 -5.7 4.5 204 0 0
14.956522 -5.7 5.1 204 0 0
15.478261 -5.7 4.5 204 0 0
15.478261 -5.7 5.1 204 0 0
16.0 -5.7 4.5 204 0 0
16.0 -5.7 5.1 204 0 0
4.0 -6.3 4.5 204 0 0
4.0 -6.3 5.1 204 0 0
4.521739 -6.3 4.5 204 0 0
4.521739 -6.3 5.1 204 0 0
5.043478 -6.3 4.5 204 0 0
5.043478 -6.3 5.1 204 0 0
5.565217 -6.3 4.5 204 0 0
5.565217 -6.3 5.1 204 0 0
6.086957 -6.3 4.5 204 0 0
6.086957 -6.3 5.1 204 0 0
6.608696 -6.3 4.5 204 0 0
6.608696 -6.3 5.1 204 0 0
7.130435 -6.3 4.5 204 0 0
7.130435 -6.3 5.1 204 0 0
7.652174 -6.3 4.5 204 0 0
7.652174 -6.3 5.1 204 0 0
8.173913 -6.3 4.5 204 0 0
8.173913 -6.3 5.1 204 0 0
8.695652 -6.3 4.5 204 0 0
8.695652 -6.3 5.1 204 0 0
9.217391 -6.3 4.5 204 0 0
9.217391 -6.3 5.1 204 0 0
9.73913 -6.3 4.5 204 0 0
9.73913 -6.3 5.1 204 0 0
10.26087 -6.3 4.5 204 0 0
10.26087 -6.3 5.1 204 0 0
10.782609 -6.3 4.5 204 0 0
10.782609 -6.3 5.1 204 0 0
11.304348 -6.3 4.5 204 0 0
11.304348 -6.3 5.1 204 0 0
11.826087 -6.3 4.5 204 0 0
11.826087 -6.3 5.1 204 0 0
12.347826 -6.3 4.5 204 0 0
12.347826 -6.3 5.1 204 0 0
12.869565 -6.3 4.5 204 0 0
12.869565 -6.3 5.1 204 0 0
13.391304 -6.3 4.5 204 0 0
13.391304 -6.3 5.1 204 0 0
13.913043 -6.3 4.5 204 0 0
13.913043 -6.3 5.1 204 0 0
14.434783 -6.3 4.5 204 0 0
14.434783 -6.3 5.1 204 0 0
14.956522 -6.3 4.5 204 0 0
14.956522 -6.3 5.1 204 0 0
15.478261 -6.3 4.5 204 0 0
15.478261 -6.3 5.1 204 0 0
16.0 -6.3 4.5 204 0 0
16.0 -6.3 5.1 204 0 0
4.0 -6.3 5.1 204 0 0
4.0 -5.7 5.1 204 0 0
4.521739 -6.3 5.1 204 0 0
4.521739 -5.7 5.1 204 0 0
5.043478 -6.3 5.1 204 0 0
5.043478 -5.7 5.1 204 0 0
5.565217 -6.3 5.1 204 0 0
5.565217 -5.7 5.1 204 0 0
6.086957 -6.3 5.1 204 0 0
6.086957 -5.7 5.1 204 0 0
6.608696 -6.3 5.1 204 0 0
6.608696 -5.7 5.1 204 0 0
7.130435 -6.3 5.1 204 0 0
7.130435 -5.7 5.1 204 0 0
7.652174 -6.3 5.1 204 0 0
7.652174 -5.7 5.1 204 0 0
8.173913 -6.3 5.1 204 0 0
8.173913 -5.7 5.1 204 0 0
8.695652 -6.3 5.1 204 0 0
8.695652 -5.7 5.1 204 0 0
9.217391 -6.3 5.1 204 0 0
9.217391 -5.7 5.1 204 0 0
9.73913 -6.3 5.1 204 0 0
9.73913 -5.7 5.1 204 0 0
10.26087 -6.3 5.1 204 0 0
10.26087 -5.7 5.1 204 0 0
10.782609 -6.3 5.1 204 0 0
10.782609 -5.7 5.1 204 0 0
11.304348 -6.3 5.1 204 0 0
11.304348 -5.7 5.1 204 0 0
11.826087 -6.3 5.1 204 0 0
11.826087 -5.7 5.1 204 0 0
12.347826 -6.3 5.1 204 0 0
12.347826 -5.7 5.1 204 0 0
12.869565 -6.3 5.1 204 0 0
12.869565 -5.7 5.1 204 0 0
13.391304 -6.3 5.1 204 0 0
13.391304 -5.7 5.1 204 0 0
13.913043 -6.3 5.1 204 0 0
13.913043 -5.7 5.1 204 0 0
14.434783 -6.3 5.1 204 0 0
14.434783 -5.7 5.1 204 0 0
14.956522 -6.3 5.1 204 0 0
14.956522 -5.7 5.1 204 0 0
15.478261 -6.3 5.1 204 0 0
15.478261 -5.7 5.1 204 0 0
16.0 -6.3 5.1 204 0 0
16.0 -5.7 5.1 204 0 0
4.0 -6.3 4.5 204 0 0
4.0 -5.7 4.5 204 0 0
4.521739 -6.3 4.5 204 0 0
4.521739 -5.7 4.5 204 0 0
5.043478 -6.3 4.5 204 0 0
5.043478 -5.7 4.5 204 0 0
5.565217 -6.3 4.5 204 0 0
5.565217 -5.7 4.5 204 0 0
6.086957 -6.3 4.5 204 0 0
6.086957 -5.7 4.5 204 0 0
6.608696 -6.3 4.5 204 0 0
6.608696 -5.7 4.5 204 0 0
7.130435 -6.3 4.5 204 0 0
7.130435 -5.7 4.5 204 0 0
7.652174 -6.3 4.5 204 0 0
7.652174 -5.7 4.5 204 0 0
8.173913 -6.3 4.5 204 0 0
8.173913 -5.7 4.5 204 0 0
8.695652 -6.3 4.5 204 0 0
8.695652 -5.7 4.5 204 0 0
9.217391 -6.3 4.5 204 0 0
9.217391 -5.7 4.5 204 0 0
9.73913 -6.3 4.5 204 0 0
9.73913 -5.7 4.5 204 0 0
10.26087 -6.3 4.5 204 0 0
10.26087 -5.7 4.5 204 0 0
10.782609 -6.3 4.5 204 0 0
10.782609 -5.7 4.5 204 0 0
11.304348 -6.3 4.5 204 0 0
11.304348 -5.7 4.5 204 0 0
11.826087 -6.3 4.5 204 0 0
11.826087 -5.7 4.5 204 0 0
12.347826 -6.3 4.5 204 0 0
12.347826 -5.7 4.5 204 0 0
12.869565 -6.3 4.5 204 0 0
12.869565 -5.7 4.5 204 0 0
13.391304 -6.3 4.5 204 0 0
13.391304 -5.7 4.5 204 0 0
13.913043 -6.3 4.5 204 0 0
13.913043 -5.7 4.5 204 0 0
14.434783 -6.3 4.5 204 0 0
14.434783 -5.7 4.5 204 0 0
14.956522 -6.3 4.5 204 0 0
14.956522 -5.7 4.5 204 0 0
15.478261 -6.3 4.5 204 0 0
15.478261 -5.7 4.5 204 0 0
16.0 -6.3 4.5 204 0 0
16.0 -5.7 4.5 204 0 0
-17.5 -12.05 3.25 204 0 0
-17.5 -12.05 3.75 204 0 0
-17.5 -11.95 3.25 204 0 0
-17.5 -11.95 3.75 204 0 0
-18.5 -12.05 3.25 204 0 0
-18.5 -12.05 3.75 204 0 0
-18.5 -11.95 3.25 204 0 0
-18.5 -11.95 3.75 204 0 0
-18.5 -11.95 3.25 204 0 0
-18.5 -11.95 3.75 204 0 0
-17.5 -11.95 3.25 204 0 0
-17.5 -11.95 3.75 204 0 0
-18.5 -12.05 3.25 204 0 0
-18.5 -12.05 3.75 204 0 0
-17.5 -12.05 3.25 204 0 0
-17.5 -12.05 3.75 204 0 0
-18.5 -12.05 3.75 204 0 0
-18.5 -11.95 3.75 204 0 0
-17.5 -12.05 3.75 204 0 0
-17.5 -11.95 3.75 204 0 0
-18.5 -12.05 3.25 204 0 0
-18.5 -11.95 3.25 204 0 0
-17.5 -12.05 3.25 204 0 0
-17.5 -11.95 3.25 204 0 0
17.50008 12.050796 3.25 204 0 0
17.50008 12.050796 3.75 204 0 0
17.499921 11.950796 3.25 204 0 0
17.499921 11.950796 3.75 204 0 0
18.500079 12.049204 3.25 204 0 0
18.500079 12.049204 3.75 204 0 0
18.49992 11.949204 3.25 204 0 0
18.49992 11.949204 3.75 204 0 0
18.49992 11.949204 3.25 204 0 0
18.49992 11.949204 3.75 204 0 0
17.499921 11.950796 3.25 204 0 0
17.499921 11.950796 3.75 204 0 0
18.500079 12.049204 3.25 204 0 0
18.500079 12.049204 3.75 204 0 0
17.50008 12.050796 3.25 204 0 0
17.50008 12.050796 3.75 204 0 0
18.500079 12.049204 3.75 204 0 0
18.49992 11.949204 3.75 204 0 0
17.50008 12.050796 3.75 204 0 0
17.499921 11.950796 3.75 204 0 0
18.500079 12.049204 3.25 204 0 0
18.49992 11.949204 3.25 204 0 0
17.50008 12.050796 3.25 204 0 0
17.499921 11.950796 3.25 204 0 0
18.589620973220015 14.086969672399979 1.765 0 200 120
18.60353718269201 13.062382341939495 1.765 0 200 120
18.617453392164002 12.03779501147901 1.765 0 200 120
18.631369601635996 11.013207681018526 1.765 0 200 120
18.645285811107982 9.988620350558044 1.765 0 200 120
18.700950648995956 5.890271028716106 1.765 0 200 120
18.714866858467943 4.865683698255624 1.765 0 200 120
18.728783067939936 3.8410963677951377 1.765 0 200 120
18.74269927741193 2.8165090373346535 1.765 0 200 120
18.756615486883923 1.791921706874169 1.765 0 200 120
18.77053169635591 0.7673343764136866 1.765 0 200 120
18.784447905827903 -0.2572529540467976 1.765 0 200 120
18.798364115299897 -1.28184028450728 1.765 0 200 120
18.81228032477189 -2.306427614967764 1.765 0 200 120
18.826196534243877 -3.331014945428252 1.765 0 200 120
18.84011274371587 -4.355602275888736 1.765 0 200 120
18.854028953187864 -5.38018960634922 1.765 0 200 120
18.867945162659858 -6.4047769368097045 1.765 0 200 120
18.881861372131844 -7.429364267270189 1.765 0 200 120
18.895777581603838 -8.453951597730674 1.765 0 200 120
18.90969379107583 -9.478538928191155 1.765 0 200 120
18.923610000547825 -10.503126258651639 1.765 0 200 120
18.93752621001982 -11.527713589112123 1.765 0 200 120
18.951442419491805 -12.55230091957261 1.765 0 200 120
18.9653586289638 -13.576888250033095 1.765 0 200 120
17.574621524512345 14.073183688011685 1.765 0 200 120
17.58853773398434 13.048596357551201 1.765 0 200 120
17.60245394345633 12.024009027090717 1.765 0 200 120
17.616370152928322 10.999421696630233 1.765 0 200 120
17.630286362400312 9.97483436616975 1.765 0 200 120
17.685951200288283 5.876485044327812 1.765 0 200 120
17.699867409760273 4.85189771386733 1.765 0 200 120
17.713783619232267 3.8273103834068434 1.765 0 200 120
17.727699828704257 2.802723052946359 1.765 0 200 120
17.74161603817625 1.778135722485875 1.765 0 200 120
17.75553224764824 0.7535483920253926 1.765 0 200 120
17.769448457120234 -0.27103893843509164 1.765 0 200 120
17.783364666592224 -1.2956262688955742 1.765 0 200 120
17.797280876064217 -2.3202135993560584 1.765 0 200 120
17.811197085536207 -3.344800929816546 1.765 0 200 120
17.8251132950082 -4.36938826027703 1.765 0 200 120
17.83902950448019 -5.393975590737514 1.765 0 200 120
17.852945713952185 -6.418562921197998 1.765 0 200 120
17.866861923424175 -7.443150251658483 1.765 0 200 120
17.880778132896168 -8.467737582118968 1.765 0 200 120
17.89469434236816 -9.492324912579448 1.765 0 200 120
17.90861055184015 -10.516912243039933 1.765 0 200 120
17.922526761312145 -11.541499573500417 1.765 0 200 120
17.936442970784135 -12.566086903960905 1.765 0 200 120
17.95035918025613 -13.590674234421389 1.765 0 200 120
16.559622075804675 14.059397703623391 1.765 0 200 120
16.57353828527667 13.034810373162907 1.765 0 200 120
16.58745449474866 12.010223042702423 1.765 0 200 120
16.601370704220653 10.985635712241939 1.765 0 200 120
16.615286913692643 9.961048381781456 1.765 0 200 120
16.670951751580613 5.8626990599395175 1.765 0 200 120
16.684867961052603 4.838111729479035 1.765 0 200 120
16.698784170524597 3.8135243990185494 1.765 0 200 120
16.712700379996587 2.7889370685580652 1.765 0 200 120
16.72661658946858 1.764349738097581 1.765 0 200 120
16.74053279894057 0.7397624076370986 1.765 0 200 120
16.754449008412564 -0.2848249228233857 1.765 0 200 120
16.768365217884554 -1.3094122532838681 1.765 0 200 120
16.782281427356548 -2.3339995837443523 1.765 0 200 120
16.796197636828538 -3.35858691420484 1.765 0 200 120
16.81011384630053 -4.383174244665325 1.765 0 200 120
16.82403005577252 -5.407761575125809 1.765 0 200 120
16.837946265244515 -6.432348905586293 1.765 0 200 120
16.851862474716505 -7.4569362360467775 1.765 0 200 120
16.8657786841885 -8.481523566507262 1.765 0 200 120
16.879694893660492 -9.506110896967742 1.765 0 200 120
16.893611103132482 -10.530698227428227 1.765 0 200 120
16.907527312604476 -11.55528555788871 1.765 0 200 120
16.921443522076466 -12.579872888349199 1.765 0 200 120
16.93535973154846 -13.604460218809683 1.765 0 200 120
15.544622627097004 14.045611719235097 1.765 0 200 120
15.558538836568998 13.021024388774613 1.765 0 200 120
15.572455046040988 11.996437058314129 1.765 0 200 120
15.586371255512981 10.971849727853645 1.765 0 200 120
15.600287464984971 9.947262397393162 1.765 0 200 120
15.822946816536843 -6.446134889974587 1.765 0 200 120
15.836863026008833 -7.470722220435071 1.765 0 200 120
15.850779235480827 -8.495309550895556 1.765 0 200 120
15.86469544495282 -9.519896881356036 1.765 0 200 120
15.87861165442481 -10.54448421181652 1.765 0 200 120
15.892527863896804 -11.569071542277005 1.765 0 200 120
15.906444073368794 -12.593658872737493 1.765 0 200 120
15.920360282840788 -13.618246203197977 1.765 0 200 120
14.529623178389333 14.031825734846803 1.765 0 200 120
14.543539387861326 13.00723840438632 1.765 0 200 120
14.557455597333316 11.982651073925835 1.765 0 200 120
14.57137180680531 10.95806374346535 1.765 0 200 120
14.5852880162773 9.933476413004868 1.765 0 200 120
14.821863577301162 -7.484508204823365 1.765 0 200 120
14.835779786773156 -8.50909553528385 1.765 0 200 120
14.84969599624515 -9.53368286574433 1.765 0 200 120
14.86361220571714 -10.558270196204814 1.765 0 200 120
14.877528415189133 -11.582857526665299 1.765 0 200 120
14.891444624661123 -12.607444857125786 1.765 0 200 120
14.905360834133116 -13.63203218758627 1.765 0 200 120
13.514623729681663 14.01803975045851 1.765 0 200 120
13.528539939153656 12.993452419998025 1.765 0 200 120
13.542456148625647 11.968865089537541 1.765 0 200 120
13.55637235809764 10.944277759077057 1.765 0 200 120
13.57028856756963 9.919690428616574 1.765 0 200 120
13.6259534054576 5.821341106774636 1.765 0 200 120
13.63986961492959 4.796753776314153 1.765 0 200 120
13.653785824401584 3.7721664458536672 1.765 0 200 120
13.667702033873574 2.747579115393183 1.765 0 200 120
13.681618243345568 1.7229917849326988 1.765 0 200 120
13.695534452817558 0.6984044544722163 1.765 0 200 120
13.709450662289552 -0.3261828759882679 1.765 0 200 120
13.723366871761542 -1.3507702064487503 1.765 0 200 120
13.737283081233535 -2.3753575369092346 1.765 0 200 120
13.751199290705525 -3.3999448673697223 1.765 0 200 120
13.765115500177519 -4.424532197830207 1.765 0 200 120
13.779031709649509 -5.449119528290691 1.765 0 200 120
13.792947919121502 -6.473706858751175 1.765 0 200 120
13.806864128593492 -7.498294189211659 1.765 0 200 120
13.820780338065486 -8.522881519672143 1.765 0 200 120
13.83469654753748 -9.547468850132624 1.765 0 200 120
13.84861275700947 -10.572056180593108 1.765 0 200 120
13.862528966481463 -11.596643511053593 1.765 0 200 120
13.876445175953453 -12.62123084151408 1.765 0 200 120
13.890361385425447 -13.645818171974565 1.765 0 200 120
12.499624280973991 14.004253766070216 1.765 0 200 120
12.513540490445985 12.979666435609731 1.765 0 200 120
12.527456699917975 11.955079105149247 1.765 0 200 120
12.541372909389969 10.930491774688763 1.765 0 200 120
12.555289118861959 9.90590444422828 1.765 0 200 120
12.61095395674993 5.807555122386342 1.765 0 200 120
12.62487016622192 4.782967791925859 1.765 0 200 120
12.638786375693913 3.7583804614653733 1.765 0 200 120
12.652702585165903 2.733793131004889 1.765 0 200 120
12.666618794637897 1.7092058005444046 1.765 0 200 120
12.680535004109887 0.6846184700839223 1.765 0 200 120
12.69445121358188 -0.33996886037656193 1.765 0 200 120
12.70836742305387 -1.3645561908370445 1.765 0 200 120
12.722283632525864 -2.3891435212975285 1.765 0 200 120
12.736199841997854 -3.4137308517580163 1.765 0 200 120
12.750116051469847 -4.4383181822185005 1.765 0 200 120
12.764032260941837 -5.462905512678985 1.765 0 200 120
12.77794847041383 -6.487492843139469 1.765 0 200 120
12.79186467988582 -7.512080173599953 1.765 0 200 120
12.819697098829808 -9.561254834520918 1.765 0 200 120
12.833613308301798 -10.585842164981402 1.765 0 200 120
12.847529517773792 -11.610429495441887 1.765 0 200 120
12.861445727245782 -12.635016825902374 1.765 0 200 120
12.875361936717775 -13.659604156362859 1.765 0 200 120
11.48462483226632 13.990467781681922 1.765 0 200 120
11.498541041738314 12.965880451221437 1.765 0 200 120
11.512457251210304 11.941293120760953 1.765 0 200 120
11.526373460682297 10.916705790300469 1.765 0 200 120
11.540289670154287 9.892118459839986 1.765 0 200 120
11.595954508042258 5.793769137998048 1.765 0 200 120
11.609870717514248 4.769181807537565 1.765 0 200 120
11.623786926986241 3.744594477077079 1.765 0 200 120
11.637703136458232 2.7200071466165947 1.765 0 200 120
11.651619345930225 1.6954198161561107 1.765 0 200 120
11.665535555402215 0.6708324856956283 1.765 0 200 120
11.679451764874209 -0.353754844764856 1.765 0 200 120
11.693367974346199 -1.3783421752253384 1.765 0 200 120
11.707284183818192 -2.402929505685823 1.765 0 200 120
11.721200393290182 -3.4275168361463106 1.765 0 200 120
11.735116602762176 -4.452104166606794 1.765 0 200 120
11.749032812234166 -5.476691497067279 1.765 0 200 120
11.76294902170616 -6.501278827527763 1.765 0 200 120
11.77686523117815 -7.525866157988247 1.765 0 200 120
11.804697650122137 -9.575040818909212 1.765 0 200 120
11.818613859594127 -10.599628149369696 1.765 0 200 120
11.83253006906612 -11.62421547983018 1.765 0 200 120
11.84644627853811 -12.648802810290668 1.765 0 200 120
11.860362488010104 -13.673390140751152 1.765 0 200 120
10.46962538355865 13.976681797293628 1.765 0 200 120
10.483541593030644 12.952094466833143 1.765 0 200 120
10.497457802502634 11.92750713637266 1.765 0 200 120
10.511374011974628 10.902919805912175 1.765 0 200 120
10.525290221446618 9.878332475451693 1.765 0 200 120
10.580955059334588 5.779983153609754 1.765 0 200 120
10.594871268806578 4.7553958231492715 1.765 0 200 120
10.608787478278572 3.730808492688785 1.765 0 200 120
10.622703687750562 2.706221162228301 1.765 0 200 120
10.636619897222555 1.6816338317678166 1.765 0 200 120
10.650536106694545 0.6570465013073341 1.765 0 200 120
10.664452316166539 -0.36754082915315006 1.765 0 200 120
10.678368525638529 -1.3921281596136326 1.765 0 200 120
10.692284735110523 -2.416715490074117 1.765 0 200 120
10.706200944582513 -3.4413028205346046 1.765 0 200 120
10.720117154054506 -4.465890150995088 1.765 0 200 120
10.734033363526496 -5.490477481455573 1.765 0 200 120
10.74794957299849 -6.515064811916057 1.765 0 200 120
10.76186578247048 -7.539652142376541 1.765 0 200 120
10.789698201414467 -9.588826803297506 1.765 0 200 120
10.803614410886457 -10.61341413375799 1.765 0 200 120
10.81753062035845 -11.638001464218474 1.765 0 200 120
10.83144682983044 -12.662588794678962 1.765 0 200 120
10.845363039302434 -13.687176125139446 1.765 0 200 120
9.454625934850979 13.962895812905334 1.765 0 200 120
9.468542144322972 12.93830848244485 1.765 0 200 120
9.482458353794962 11.913721151984365 1.765 0 200 120
9.496374563266956 10.889133821523881 1.765 0 200 120
9.510290772738946 9.864546491063399 1.765 0 200 120
9.565955610626917 5.766197169221459 1.765 0 200 120
9.579871820098907 4.741609838760977 1.765 0 200 120
9.5937880295709 3.717022508300491 1.765 0 200 120
9.60770423904289 2.692435177840007 1.765 0 200 120
9.621620448514884 1.6678478473795226 1.765 0 200 120
9.635536657986874 0.6432605169190401 1.765 0 200 120
9.649452867458868 -0.38132681354144415 1.765 0 200 120
9.663369076930858 -1.4059141440019265 1.765 0 200 120
9.677285286402851 -2.4305014744624107 1.765 0 200 120
9.691201495874841 -3.4550888049228985 1.765 0 200 120
9.705117705346835 -4.479676135383383 1.765 0 200 120
9.719033914818825 -5.504263465843867 1.765 0 200 120
9.732950124290818 -6.528850796304352 1.765 0 200 120
9.746866333762808 -7.553438126764836 1.765 0 200 120
9.760782543234802 -8.57802545722532 1.765 0 200 120
9.774698752706795 -9.6026127876858 1.765 0 200 120
9.788614962178785 -10.627200118146284 1.765 0 200 120
9.816447381122769 -12.676374779067256 1.765 0 200 120
9.830363590594763 -13.70096210952774 1.765 0 200 120
8.43962648614331 13.94910982851704 1.765 0 200 120
8.453542695615303 12.924522498056556 1.765 0 200 120
8.467458905087293 11.899935167596071 1.765 0 200 120
8.481375114559286 10.875347837135587 1.765 0 200 120
8.495291324031276 9.850760506675105 1.765 0 200 120
8.50920753350327 8.826173176214619 1.765 0 200 120
8.52312374297526 7.8015858457541345 1.765 0 200 120
8.537039952447254 6.776998515293649 1.765 0 200 120
8.550956161919247 5.752411184833165 1.765 0 200 120
8.564872371391237 4.727823854372683 1.765 0 200 120
8.57878858086323 3.703236523912197 1.765 0 200 120
8.59270479033522 2.678649193451713 1.765 0 200 120
8.606620999807214 1.6540618629912285 1.765 0 200 120
8.620537209279204 0.629474532530746 1.765 0 200 120
8.634453418751198 -0.3951127979297382 1.765 0 200 120
8.648369628223188 -1.4197001283902206 1.765 0 200 120
8.662285837695181 -2.4442874588507046 1.765 0 200 120
8.676202047167171 -3.4688747893111924 1.765 0 200 120
8.690118256639165 -4.493462119771677 1.765 0 200 120
8.704034466111155 -5.518049450232161 1.765 0 200 120
8.717950675583149 -6.5426367806926455 1.765 0 200 120
8.731866885055139 -7.56722411115313 1.765 0 200 120
8.745783094527132 -8.591811441613613 1.765 0 200 120
8.759699303999126 -9.616398772074094 1.765 0 200 120
7.424627037435636 13.935323844128746 1.765 0 200 120
7.43854324690763 12.910736513668262 1.765 0 200 120
7.45245945637962 11.886149183207777 1.765 0 200 120
7.466375665851613 10.861561852747293 1.765 0 200 120
7.480291875323603 9.83697452228681 1.765 0 200 120
7.494208084795597 8.812387191826325 1.765 0 200 120
7.508124294267587 7.787799861365841 1.765 0 200 120
7.5637891321555575 3.689450539523903 1.765 0 200 120
7.5777053416275475 2.6648632090634186 1.765 0 200 120
7.591621551099541 1.6402758786029343 1.765 0 200 120
7.605537760571531 0.615688548142452 1.765 0 200 120
7.619453970043525 -0.40889878231803223 1.765 0 200 120
7.633370179515515 -1.4334861127785148 1.765 0 200 120
7.647286388987508 -2.458073443238999 1.765 0 200 120
7.661202598459498 -3.482660773699487 1.765 0 200 120
7.675118807931492 -4.507248104159971 1.765 0 200 120
7.689035017403482 -5.531835434620455 1.765 0 200 120
7.702951226875475 -6.5564227650809395 1.765 0 200 120
7.716867436347465 -7.581010095541424 1.765 0 200 120
7.730783645819459 -8.605597426001907 1.765 0 200 120
7.7446998552914526 -9.630184756462388 1.765 0 200 120
6.409627588727966 13.92153785974045 1.765 0 200 120
6.42354379819996 12.896950529279966 1.765 0 200 120
6.43746000767195 11.872363198819482 1.765 0 200 120
6.4513762171439435 10.847775868358998 1.765 0 200 120
6.4652924266159335 9.823188537898515 1.765 0 200 120
6.479208636087927 8.798601207438029 1.765 0 200 120
6.493124845559917 7.774013876977547 1.765 0 200 120
6.632286940279839 -2.471859427627293 1.765 0 200 120
6.78536524447175 -13.742320062692624 1.765 0 200 120
5.394628140020297 13.907751875352156 1.765 0 200 120
5.40854434949229 12.883164544891672 1.765 0 200 120
5.42246055896428 11.858577214431188 1.765 0 200 120
5.436376768436274 10.833989883970704 1.765 0 200 120
5.450292977908264 9.809402553510221 1.765 0 200 120
5.464209187380257 8.784815223049735 1.765 0 200 120
5.478125396852247 7.760227892589253 1.765 0 200 120
5.617287491572169 -2.485645412015587 1.765 0 200 120
5.756449586292087 -12.731518716620434 1.765 0 200 120
5.77036579576408 -13.756106047080918 1.765 0 200 120
4.379628691312625 13.893965890963862 1.765 0 200 120
4.393544900784619 12.869378560503378 1.765 0 200 120
4.407461110256609 11.844791230042894 1.765 0 200 120
4.421377319728602 10.82020389958241 1.765 0 200 120
4.435293529200592 9.795616569121927 1.765 0 200 120
4.449209738672586 8.771029238661441 1.765 0 200 120
4.463125948144576 7.746441908200959 1.765 0 200 120
4.602288042864497 -2.4994313964038812 1.765 0 200 120
4.741450137584415 -12.745304701008727 1.765 0 200 120
4.755366347056409 -13.769892031469212 1.765 0 200 120
3.364629242604952 13.880179906575568 1.765 0 200 120
3.3785454520769456 12.855592576115084 1.765 0 200 120
3.3924616615489356 11.8310052456546 1.765 0 200 120
3.406377871020929 10.806417915194116 1.765 0 200 120
3.420294080492919 9.781830584733633 1.765 0 200 120
3.4342102899649127 8.757243254273147 1.765 0 200 120
3.4481264994369027 7.732655923812665 1.765 0 200 120
3.4620427089088963 6.708068593352179 1.765 0 200 120
3.47595891838089 5.683481262891695 1.765 0 200 120
3.48987512785288 4.658893932431212 1.765 0 200 120
3.5037913373248735 3.6343066019707266 1.765 0 200 120
3.5177075467968635 2.6097192715102424 1.765 0 200 120
3.531623756268857 1.5851319410497582 1.765 0 200 120
3.545539965740847 0.5605446105892757 1.765 0 200 120
3.5594561752128406 -0.4640427198712085 1.765 0 200 120
3.5733723846848306 -1.488630050331691 1.765 0 200 120
3.587288594156824 -2.513217380792175 1.765 0 200 120
3.6012048036288142 -3.537804711252663 1.765 0 200 120
3.615121013100808 -4.562392041713148 1.765 0 200 120
3.629037222572798 -5.586979372173632 1.765 0 200 120
3.6429534320447914 -6.611566702634116 1.765 0 200 120
3.6568696415167814 -7.6361540330946 1.765 0 200 120
3.670785850988775 -8.660741363555085 1.765 0 200 120
3.6847020604607685 -9.685328694015565 1.765 0 200 120
3.6986182699327586 -10.70991602447605 1.765 0 200 120
3.712534479404752 -11.734503354936534 1.765 0 200 120
3.726450688876742 -12.759090685397021 1.765 0 200 120
3.7403668983487357 -13.783678015857506 1.765 0 200 120
2.349629793897286 13.866393922187275 1.765 0 200 120
2.3635460033692794 12.84180659172679 1.765 0 200 120
2.3774622128412695 11.817219261266306 1.765 0 200 120
2.391378422313263 10.792631930805822 1.765 0 200 120
2.405294631785253 9.76804460034534 1.765 0 200 120
2.4192108412572466 8.743457269884853 1.765 0 200 120
2.4331270507292366 7.71886993942437 1.765 0 200 120
2.44704326020123 6.694282608963885 1.765 0 200 120
2.4609594696732238 5.669695278503401 1.765 0 200 120
2.474875679145214 4.645107948042918 1.765 0 200 120
2.4887918886172073 3.6205206175824327 1.765 0 200 120
2.5027080980891974 2.5959332871219485 1.765 0 200 120
2.516624307561191 1.5713459566614643 1.765 0 200 120
2.530540517033181 0.5467586262009817 1.765 0 200 120
2.5444567265051745 -0.4778287042595025 1.765 0 200 120
2.5583729359771645 -1.5024160347199849 1.765 0 200 120
2.572289145449158 -2.527003365180469 1.765 0 200 120
2.586205354921148 -3.551590695640957 1.765 0 200 120
2.6001215643931417 -4.5761780261014415 1.765 0 200 120
2.6140377738651317 -5.600765356561926 1.765 0 200 120
2.6279539833371253 -6.62535268702241 1.765 0 200 120
2.6418701928091153 -7.649940017482894 1.765 0 200 120
2.655786402281109 -8.674527347943378 1.765 0 200 120
2.6697026117531024 -9.699114678403859 1.765 0 200 120
2.6836188212250924 -10.723702008864343 1.765 0 200 120
2.697535030697086 -11.748289339324828 1.765 0 200 120
2.711451240169076 -12.772876669785315 1.765 0 200 120
2.7253674496410696 -13.7974640002458 1.765 0 200 120
1.3346303451896127 13.85260793779898 1.765 0 200 120
1.3485465546616062 12.828020607338496 1.765 0 200 120
1.3624627641335962 11.803433276878012 1.765 0 200 120
1.3763789736055898 10.778845946417528 1.765 0 200 120
1.3902951830775798 9.754258615957045 1.765 0 200 120
1.4042113925495734 8.72967128549656 1.765 0 200 120
1.4181276020215634 7.705083955036076 1.765 0 200 120
1.6964517914614028 -12.78666265417361 1.765 0 200 120
1.7103680009333964 -13.811249984634093 1.765 0 200 120
0.31963089648193943 13.838821953410687 1.765 0 200 120
0.333547105953933 12.814234622950202 1.765 0 200 120
0.347463315425923 11.789647292489718 1.765 0 200 120
0.3613795248979166 10.765059962029234 1.765 0 200 120
0.3752957343699066 9.740472631568752 1.765 0 200 120
0.38921194384190017 8.715885301108266 1.765 0 200 120
0.4031281533138902 7.691297970647782 1.765 0 200 120
0.5422902480338117 -2.5545753339570574 1.765 0 200 120
0.6814523427537296 -12.800448638561903 1.765 0 200 120
0.6953685522257231 -13.825035969022387 1.765 0 200 120
-0.6953685522257267 13.825035969022393 1.765 0 200 120
-0.6814523427537331 12.800448638561909 1.765 0 200 120
-0.6675361332817431 11.775861308101424 1.765 0 200 120
-0.6536199238097495 10.75127397764094 1.765 0 200 120
-0.6397037143377595 9.726686647180458 1.765 0 200 120
-0.625787504865766 8.702099316719972 1.765 0 200 120
-0.6118712953937759 7.677511986259488 1.765 0 200 120
-0.47270920067385447 -2.5683613183453513 1.765 0 200 120
-0.33354710595393655 -12.814234622950197 1.765 0 200 120
-0.319630896481943 -13.838821953410681 1.765 0 200 120
-1.7103680009334 13.811249984634099 1.765 0 200 120
-1.6964517914614063 12.786662654173615 1.765 0 200 120
-1.6825355819894163 11.76207532371313 1.765 0 200 120
-1.6686193725174228 10.737487993252646 1.765 0 200 120
-1.6547031630454327 9.712900662792164 1.765 0 200 120
-1.6407869535734392 8.688313332331678 1.765 0 200 120
-1.6268707441014492 7.663726001871194 1.765 0 200 120
-1.6129545346294556 6.639138671410709 1.765 0 200 120
-1.599038325157462 5.614551340950225 1.765 0 200 120
-1.585122115685472 4.589964010489743 1.765 0 200 120
-1.3485465546616098 -12.828020607338491 1.765 0 200 120
-1.3346303451896162 -13.852607937798975 1.765 0 200 120
-2.725367449641073 13.797464000245805 1.765 0 200 120
-2.7114512401690796 12.77287666978532 1.765 0 200 120
-2.6975350306970896 11.748289339324836 1.765 0 200 120
-2.683618821225096 10.723702008864352 1.765 0 200 120
-2.669702611753106 9.69911467840387 1.765 0 200 120
-2.6557864022811124 8.674527347943384 1.765 0 200 120
-2.6418701928091224 7.6499400174829 1.765 0 200 120
-2.627953983337129 6.625352687022415 1.765 0 200 120
-2.6140377738651353 5.600765356561931 1.765 0 200 120
-2.6001215643931452 4.576178026101449 1.765 0 200 120
-2.5862053549211517 3.551590695640962 1.765 0 200 120
-2.5722891454491617 2.527003365180478 1.765 0 200 120
-2.558372935977168 1.5024160347199937 1.765 0 200 120
-2.544456726505178 0.47782870425951135 1.765 0 200 120
-2.5305405170331845 -0.5467586262009729 1.765 0 200 120
-2.5166243075611945 -1.5713459566614554 1.765 0 200 120
-2.502708098089201 -2.5959332871219396 1.765 0 200 120
-2.488791888617211 -3.6205206175824274 1.765 0 200 120
-2.4748756791452173 -4.645107948042911 1.765 0 200 120
-2.4609594696732273 -5.669695278503395 1.765 0 200 120
-2.4470432602012337 -6.69428260896388 1.765 0 200 120
-2.4331270507292437 -7.718869939424364 1.765 0 200 120
-2.41921084125725 -8.743457269884848 1.765 0 200 120
-2.4052946317852566 -9.768044600345329 1.765 0 200 120
-2.3913784223132666 -10.792631930805813 1.765 0 200 120
-2.377462212841273 -11.817219261266297 1.765 0 200 120
-2.363546003369283 -12.841806591726785 1.765 0 200 120
-2.3496297938972894 -13.86639392218727 1.765 0 200 120
-3.740366898348743 13.783678015857511 1.765 0 200 120
-3.7264506888767492 12.759090685397027 1.765 0 200 120
-3.7125344794047592 11.734503354936543 1.765 0 200 120
-3.6986182699327657 10.709916024476058 1.765 0 200 120
-3.6847020604607756 9.685328694015576 1.765 0 200 120
-3.670785850988782 8.66074136355509 1.765 0 200 120
-3.656869641516792 7.636154033094606 1.765 0 200 120
-3.6429534320447985 6.6115667026341205 1.765 0 200 120
-3.629037222572805 5.586979372173636 1.765 0 200 120
-3.615121013100815 4.562392041713154 1.765 0 200 120
-3.6012048036288213 3.5378047112526683 1.765 0 200 120
-3.5872885941568313 2.513217380792184 1.765 0 200 120
-3.5733723846848378 1.4886300503316998 1.765 0 200 120
-3.5594561752128477 0.4640427198712173 1.765 0 200 120
-3.545539965740854 -0.5605446105892669 1.765 0 200 120
-3.531623756268864 -1.5851319410497493 1.765 0 200 120
-3.5177075467968706 -2.6097192715102335 1.765 0 200 120
-3.5037913373248806 -3.6343066019707213 1.765 0 200 120
-3.489875127852887 -4.658893932431206 1.765 0 200 120
-3.475958918380897 -5.68348126289169 1.765 0 200 120
-3.4620427089089034 -6.708068593352174 1.765 0 200 120
-3.4481264994369134 -7.732655923812659 1.765 0 200 120
-3.43421028996492 -8.757243254273142 1.765 0 200 120
-3.4202940804929263 -9.781830584733623 1.765 0 200 120
-3.4063778710209363 -10.806417915194107 1.765 0 200 120
-3.3924616615489427 -11.831005245654591 1.765 0 200 120
-3.3785454520769527 -12.855592576115079 1.765 0 200 120
-3.364629242604959 -13.880179906575563 1.765 0 200 120
-4.7553663470564125 13.769892031469217 1.765 0 200 120
-4.741450137584419 12.745304701008733 1.765 0 200 120
-4.727533928112429 11.720717370548249 1.765 0 200 120
-4.713617718640435 10.696130040087764 1.765 0 200 120
-4.699701509168445 9.671542709627282 1.765 0 200 120
-4.685785299696452 8.646955379166796 1.765 0 200 120
-4.671869090224462 7.622368048706312 1.765 0 200 120
-4.53270699550454 -2.623505255898528 1.765 0 200 120
-4.393544900784622 -12.869378560503373 1.765 0 200 120
-4.379628691312629 -13.893965890963857 1.765 0 200 120
-5.770365795764082 13.756106047080923 1.765 0 200 120
-5.756449586292089 12.731518716620439 1.765 0 200 120
-5.742533376820099 11.706931386159955 1.765 0 200 120
-5.728617167348105 10.68234405569947 1.765 0 200 120
-5.714700957876115 9.657756725238988 1.765 0 200 120
-5.700784748404121 8.633169394778502 1.765 0 200 120
-5.686868538932131 7.608582064318018 1.765 0 200 120
-5.54770644421221 -2.637291240286822 1.765 0 200 120
-5.408544349492292 -12.883164544891667 1.765 0 200 120
-5.3946281400202984 -13.907751875352151 1.765 0 200 120
-6.785365244471755 13.742320062692627 1.765 0 200 120
-6.771449034999762 12.717732732232143 1.765 0 200 120
-6.757532825527772 11.693145401771659 1.765 0 200 120
-6.743616616055778 10.668558071311175 1.765 0 200 120
-6.729700406583788 9.643970740850694 1.765 0 200 120
-6.715784197111795 8.619383410390206 1.765 0 200 120
-6.701867987639805 7.594796079929724 1.765 0 200 120
-6.562705892919883 -2.6510772246751158 1.765 0 200 120
-6.423543798199965 -12.896950529279962 1.765 0 200 120
-6.409627588727972 -13.921537859740447 1.765 0 200 120
-7.800364693179425 13.728534078304333 1.765 0 200 120
-7.7864484837074315 12.70394674784385 1.765 0 200 120
-7.7725322742354415 11.679359417383365 1.765 0 200 120
-7.758616064763448 10.65477208692288 1.765 0 200 120
-7.744699855291458 9.630184756462398 1.765 0 200 120
-7.730783645819464 8.605597426001912 1.765 0 200 120
-7.716867436347474 7.58101009554143 1.765 0 200 120
-7.702951226875481 6.556422765080945 1.765 0 200 120
-7.689035017403487 5.531835434620461 1.765 0 200 120
-7.675118807931497 4.507248104159978 1.765 0 200 120
-7.577705341627553 -2.6648632090634097 1.765 0 200 120
-7.438543246907635 -12.910736513668256 1.765 0 200 120
-7.424627037435641 -13.93532384412874 1.765 0 200 120
-8.815364141887095 13.71474809391604 1.765 0 200 120
-8.801447932415101 12.690160763455555 1.765 0 200 120
-8.787531722943111 11.665573432995071 1.765 0 200 120
-8.773615513471118 10.640986102534587 1.765 0 200 120
-8.759699303999128 9.616398772074104 1.765 0 200 120
-8.745783094527134 8.591811441613618 1.765 0 200 120
-8.731866885055144 7.567224111153136 1.765 0 200 120
-8.71795067558315 6.542636780692651 1.765 0 200 120
-8.704034466111157 5.518049450232167 1.765 0 200 120
-8.690118256639167 4.493462119771684 1.765 0 200 120
-8.676202047167173 3.4688747893111977 1.765 0 200 120
-8.662285837695183 2.4442874588507135 1.765 0 200 120
-8.64836962822319 1.4197001283902295 1.765 0 200 120
-8.6344534187512 0.395112797929747 1.765 0 200 120
-8.620537209279206 -0.6294745325307372 1.765 0 200 120
-8.606620999807216 -1.6540618629912196 1.765 0 200 120
-8.592704790335222 -2.678649193451704 1.765 0 200 120
-8.578788580863232 -3.703236523912192 1.765 0 200 120
-8.564872371391239 -4.727823854372676 1.765 0 200 120
-8.550956161919249 -5.75241118483316 1.765 0 200 120
-8.537039952447255 -6.776998515293644 1.765 0 200 120
-8.523123742975265 -7.801585845754128 1.765 0 200 120
-8.509207533503272 -8.826173176214613 1.765 0 200 120
-8.495291324031278 -9.850760506675094 1.765 0 200 120
-8.481375114559288 -10.875347837135578 1.765 0 200 120
-8.467458905087295 -11.899935167596063 1.765 0 200 120
-8.453542695615305 -12.92452249805655 1.765 0 200 120
-8.439626486143311 -13.949109828517035 1.765 0 200 120
-9.830363590594768 13.700962109527746 1.765 0 200 120
-9.816447381122774 12.676374779067261 1.765 0 200 120
-9.802531171650784 11.651787448606777 1.765 0 200 120
-9.78861496217879 10.627200118146293 1.765 0 200 120
-9.7746987527068 9.60261278768581 1.765 0 200 120
-9.760782543234807 8.578025457225325 1.765 0 200 120
-9.746866333762817 7.553438126764842 1.765 0 200 120
-9.732950124290824 6.528850796304356 1.765 0 200 120
-9.71903391481883 5.504263465843872 1.765 0 200 120
-9.70511770534684 4.479676135383389 1.765 0 200 120
-9.691201495874846 3.455088804922904 1.765 0 200 120
-9.677285286402856 2.4305014744624196 1.765 0 200 120
-9.663369076930863 1.4059141440019354 1.765 0 200 120
-9.649452867458873 0.3813268135414529 1.765 0 200 120
-9.63553665798688 -0.6432605169190313 1.765 0 200 120
-9.62162044851489 -1.6678478473795137 1.765 0 200 120
-9.607704239042896 -2.692435177839998 1.765 0 200 120
-9.593788029570906 -3.7170225083004858 1.765 0 200 120
-9.579871820098912 -4.74160983876097 1.765 0 200 120
-9.565955610626922 -5.766197169221455 1.765 0 200 120
-9.552039401154929 -6.790784499681939 1.765 0 200 120
-9.538123191682939 -7.815371830142423 1.765 0 200 120
-9.524206982210945 -8.839959160602907 1.765 0 200 120
-9.510290772738951 -9.864546491063388 1.765 0 200 120
-9.496374563266961 -10.889133821523872 1.765 0 200 120
-9.482458353794968 -11.913721151984356 1.765 0 200 120
-9.468542144322978 -12.938308482444844 1.765 0 200 120
-9.454625934850984 -13.962895812905328 1.765 0 200 120
-10.845363039302438 13.687176125139452 1.765 0 200 120
-10.831446829830444 12.662588794678967 1.765 0 200 120
-10.817530620358454 11.638001464218483 1.765 0 200 120
-10.80361441088646 10.613414133757999 1.765 0 200 120
-10.78969820141447 9.588826803297517 1.765 0 200 120
-10.775781991942477 8.56423947283703 1.765 0 200 120
-10.636619897222559 -1.6816338317678077 1.765 0 200 120
-10.622703687750565 -2.706221162228292 1.765 0 200 120
-10.483541593030647 -12.952094466833138 1.765 0 200 120
-10.469625383558654 -13.976681797293622 1.765 0 200 120
-11.860362488010107 13.673390140751158 1.765 0 200 120
-11.846446278538114 12.648802810290674 1.765 0 200 120
-11.832530069066124 11.62421547983019 1.765 0 200 120
-11.81861385959413 10.599628149369705 1.765 0 200 120
-11.80469765012214 9.575040818909223 1.765 0 200 120
-11.790781440650147 8.550453488448737 1.765 0 200 120
-11.651619345930229 -1.6954198161561018 1.765 0 200 120
-11.637703136458235 -2.7200071466165863 1.765 0 200 120
-11.498541041738317 -12.965880451221432 1.765 0 200 120
-11.484624832266324 -13.990467781681916 1.765 0 200 120
-12.875361936717777 13.659604156362864 1.765 0 200 120
-12.861445727245783 12.63501682590238 1.765 0 200 120
-12.847529517773793 11.610429495441895 1.765 0 200 120
-12.8336133083018 10.585842164981411 1.765 0 200 120
-12.81969709882981 9.561254834520929 1.765 0 200 120
-12.805780889357816 8.536667504060443 1.765 0 200 120
-12.666618794637898 -1.709205800544396 1.765 0 200 120
-12.652702585165905 -2.73379313100488 1.765 0 200 120
-12.513540490445987 -12.979666435609726 1.765 0 200 120
-12.499624280973993 -14.00425376607021 1.765 0 200 120
-13.890361385425447 13.64581817197457 1.765 0 200 120
-13.876445175953453 12.621230841514086 1.765 0 200 120
-13.820780338065486 8.522881519672149 1.765 0 200 120
-13.806864128593496 7.4982941892116655 1.765 0 200 120
-13.792947919121502 6.47370685875118 1.765 0 200 120
-13.779031709649509 5.449119528290696 1.765 0 200 120
-13.765115500177519 4.424532197830214 1.765 0 200 120
-13.751199290705525 3.3999448673697277 1.765 0 200 120
-13.737283081233535 2.3753575369092434 1.765 0 200 120
-13.723366871761542 1.3507702064487592 1.765 0 200 120
-13.709450662289552 0.3261828759882767 1.765 0 200 120
-13.695534452817558 -0.6984044544722074 1.765 0 200 120
-13.681618243345568 -1.72299178493269 1.765 0 200 120
-13.667702033873574 -2.747579115393174 1.765 0 200 120
-13.653785824401584 -3.772166445853662 1.765 0 200 120
-13.63986961492959 -4.796753776314146 1.765 0 200 120
-13.6259534054576 -5.82134110677463 1.765 0 200 120
-13.612037195985607 -6.845928437235115 1.765 0 200 120
-13.598120986513617 -7.870515767695599 1.765 0 200 120
-13.584204777041624 -8.895103098156083 1.765 0 200 120
-13.57028856756963 -9.919690428616564 1.765 0 200 120
-13.55637235809764 -10.944277759077048 1.765 0 200 120
-13.542456148625647 -11.968865089537532 1.765 0 200 120
-13.528539939153656 -12.99345241999802 1.765 0 200 120
-13.514623729681663 -14.018039750458504 1.765 0 200 120
-14.905360834133123 13.632032187586276 1.765 0 200 120
-14.89144462466113 12.607444857125792 1.765 0 200 120
-14.821863577301173 7.4845082048233715 1.765 0 200 120
-14.807947367829179 6.459920874362886 1.765 0 200 120
-14.794031158357186 5.435333543902402 1.765 0 200 120
-14.780114948885196 4.41074621344192 1.765 0 200 120
-14.766198739413202 3.3861588829814337 1.765 0 200 120
-14.752282529941212 2.3615715525209495 1.765 0 200 120
-14.738366320469218 1.336984222060465 1.765 0 200 120
-14.724450110997228 0.31239689159998263 1.765 0 200 120
-14.710533901525235 -0.7121904388605016 1.765 0 200 120
-14.696617692053245 -1.736777769320984 1.765 0 200 120
-14.682701482581251 -2.761365099781468 1.765 0 200 120
-14.668785273109261 -3.785952430241956 1.765 0 200 120
-14.654869063637268 -4.81053976070244 1.765 0 200 120
-14.640952854165278 -5.835127091162924 1.765 0 200 120
-14.627036644693284 -6.8597144216234085 1.765 0 200 120
-14.613120435221294 -7.884301752083893 1.765 0 200 120
-14.5992042257493 -8.908889082544377 1.765 0 200 120
-14.585288016277307 -9.933476413004858 1.765 0 200 120
-14.571371806805317 -10.958063743465342 1.765 0 200 120
-14.557455597333323 -11.982651073925826 1.765 0 200 120
-14.543539387861333 -13.007238404386314 1.765 0 200 120
-14.52962317838934 -14.031825734846798 1.765 0 200 120
-15.920360282840793 13.618246203197982 1.765 0 200 120
-15.9064440733688 12.593658872737498 1.765 0 200 120
-15.89252786389681 11.569071542277014 1.765 0 200 120
-15.836863026008842 7.470722220435078 1.765 0 200 120
-15.822946816536849 6.4461348899745925 1.765 0 200 120
-15.809030607064855 5.421547559514108 1.765 0 200 120
-15.795114397592865 4.396960229053626 1.765 0 200 120
-15.781198188120872 3.3723728985931394 1.765 0 200 120
-15.767281978648882 2.347785568132655 1.765 0 200 120
-15.753365769176888 1.323198237672171 1.765 0 200 120
-15.739449559704898 0.2986109072116886 1.765 0 200 120
-15.725533350232904 -0.7259764232487956 1.765 0 200 120
-15.711617140760914 -1.7505637537092782 1.765 0 200 120
-15.69770093128892 -2.7751510841697624 1.765 0 200 120
-15.68378472181693 -3.79973841463025 1.765 0 200 120
-15.669868512344937 -4.824325745090734 1.765 0 200 120
-15.655952302872947 -5.848913075551218 1.765 0 200 120
-15.642036093400954 -6.873500406011702 1.765 0 200 120
-15.628119883928964 -7.898087736472187 1.765 0 200 120
-15.61420367445697 -8.92267506693267 1.765 0 200 120
-15.600287464984977 -9.947262397393152 1.765 0 200 120
-15.586371255512987 -10.971849727853636 1.765 0 200 120
-15.572455046040993 -11.99643705831412 1.765 0 200 120
-15.558538836569003 -13.021024388774608 1.765 0 200 120
-15.54462262709701 -14.045611719235092 1.765 0 200 120
-16.935359731548463 13.604460218809688 1.765 0 200 120
-16.92144352207647 12.579872888349204 1.765 0 200 120
-16.90752731260448 11.55528555788872 1.765 0 200 120
-16.879694893660496 9.506110896967753 1.765 0 200 120
-16.865778684188502 8.481523566507267 1.765 0 200 120
-16.851862474716512 7.456936236046783 1.765 0 200 120
-16.83794626524452 6.432348905586298 1.765 0 200 120
-16.824030055772525 5.4077615751258135 1.765 0 200 120
-16.810113846300535 4.383174244665331 1.765 0 200 120
-16.79619763682854 3.3585869142048455 1.765 0 200 120
-16.78228142735655 2.3339995837443612 1.765 0 200 120
-16.768365217884558 1.309412253283877 1.765 0 200 120
-16.754449008412568 0.28482492282339444 1.765 0 200 120
-16.740532798940574 -0.7397624076370898 1.765 0 200 120
-16.726616589468584 -1.7643497380975721 1.765 0 200 120
-16.71270037999659 -2.7889370685580563 1.765 0 200 120
-16.6987841705246 -3.813524399018544 1.765 0 200 120
-16.684867961052607 -4.838111729479029 1.765 0 200 120
-16.670951751580617 -5.862699059939513 1.765 0 200 120
-16.657035542108623 -6.887286390399997 1.765 0 200 120
-16.643119332636633 -7.9118737208604815 1.765 0 200 120
-16.62920312316464 -8.936461051320965 1.765 0 200 120
-16.615286913692646 -9.961048381781445 1.765 0 200 120
-16.601370704220656 -10.98563571224193 1.765 0 200 120
-16.587454494748663 -12.010223042702414 1.765 0 200 120
-16.573538285276673 -13.034810373162902 1.765 0 200 120
-16.55962207580468 -14.059397703623386 1.765 0 200 120
-17.950359180256132 13.590674234421394 1.765 0 200 120
-17.93644297078414 12.56608690396091 1.765 0 200 120
-17.92252676131215 11.541499573500426 1.765 0 200 120
-17.908610551840155 10.516912243039942 1.765 0 200 120
-17.894694342368165 9.492324912579459 1.765 0 200 120
-17.88077813289617 8.467737582118973 1.765 0 200 120
-17.86686192342418 7.443150251658489 1.765 0 200 120
-17.852945713952188 6.418562921198004 1.765 0 200 120
-17.839029504480195 5.3939755907375195 1.765 0 200 120
-17.825113295008205 4.369388260277037 1.765 0 200 120
-17.81119708553621 3.3448009298165515 1.765 0 200 120
-17.79728087606422 2.3202135993560673 1.765 0 200 120
-17.783364666592227 1.295626268895583 1.765 0 200 120
-17.769448457120237 0.2710389384351005 1.765 0 200 120
-17.755532247648244 -0.7535483920253837 1.765 0 200 120
-17.741616038176254 -1.778135722485866 1.765 0 200 120
-17.72769982870426 -2.8027230529463503 1.765 0 200 120
-17.71378361923227 -3.827310383406838 1.765 0 200 120
-17.699867409760277 -4.851897713867323 1.765 0 200 120
-17.685951200288287 -5.876485044327807 1.765 0 200 120
-17.672034990816293 -6.901072374788291 1.765 0 200 120
-17.658118781344303 -7.925659705248775 1.765 0 200 120
-17.64420257187231 -8.950247035709259 1.765 0 200 120
-17.630286362400316 -9.97483436616974 1.765 0 200 120
-17.616370152928326 -10.999421696630224 1.765 0 200 120
-17.602453943456332 -12.024009027090708 1.765 0 200 120
-17.588537733984342 -13.048596357551196 1.765 0 200 120
-17.57462152451235 -14.07318368801168 1.765 0 200 120
-18.965358628963802 13.5768882500331 1.765 0 200 120
-18.95144241949181 12.552300919572616 1.765 0 200 120
-18.93752621001982 11.527713589112132 1.765 0 200 120
-18.923610000547825 10.503126258651648 1.765 0 200 120
-18.909693791075835 9.478538928191165 1.765 0 200 120
-18.89577758160384 8.45395159773068 1.765 0 200 120
-18.88186137213185 7.429364267270195 1.765 0 200 120
-18.867945162659858 6.40477693680971 1.765 0 200 120
-18.854028953187864 5.380189606349226 1.765 0 200 120
-18.840112743715874 4.355602275888743 1.765 0 200 120
-18.82619653424388 3.331014945428257 1.765 0 200 120
-18.81228032477189 2.306427614967773 1.765 0 200 120
-18.798364115299897 1.281840284507289 1.765 0 200 120
-18.784447905827907 0.2572529540468065 1.765 0 200 120
-18.770531696355913 -0.7673343764136777 1.765 0 200 120
-18.756615486883923 -1.7919217068741602 1.765 0 200 120
-18.74269927741193 -2.8165090373346446 1.765 0 200 120
-18.72878306793994 -3.8410963677951324 1.765 0 200 120
-18.714866858467946 -4.865683698255617 1.765 0 200 120
-18.700950648995956 -5.890271028716101 1.765 0 200 120
-18.687034439523963 -6.914858359176585 1.765 0 200 120
-18.673118230051973 -7.939445689637069 1.765 0 200 120
-18.65920202057998 -8.964033020097553 1.765 0 200 120
-18.645285811107986 -9.988620350558033 1.765 0 200 120
-18.631369601635996 -11.013207681018518 1.765 0 200 120
-18.617453392164002 -12.037795011479002 1.765 0 200 120
-18.603537182692012 -13.06238234193949 1.765 0 200 120
-18.58962097322002 -14.086969672399974 1.765 0 200 120
18.589620973220015 14.086969672399979 2.975 0 200 120
18.60353718269201 13.062382341939495 2.975 0 200 120
18.631369601635996 11.013207681018526 2.975 0 200 120
18.645285811107982 9.988620350558044 2.975 0 200 120
18.700950648995956 5.890271028716106 2.975 0 200 120
18.714866858467943 4.865683698255624 2.975 0 200 120
18.728783067939936 3.8410963677951377 2.975 0 200 120
18.74269927741193 2.8165090373346535 2.975 0 200 120
18.756615486883923 1.791921706874169 2.975 0 200 120
18.77053169635591 0.7673343764136866 2.975 0 200 120
18.784447905827903 -0.2572529540467976 2.975 0 200 120
18.798364115299897 -1.28184028450728 2.975 0 200 120
18.81228032477189 -2.306427614967764 2.975 0 200 120
18.826196534243877 -3.331014945428252 2.975 0 200 120
18.84011274371587 -4.355602275888736 2.975 0 200 120
18.854028953187864 -5.38018960634922 2.975 0 200 120
18.867945162659858 -6.4047769368097045 2.975 0 200 120
18.881861372131844 -7.429364267270189 2.975 0 200 120
18.895777581603838 -8.453951597730674 2.975 0 200 120
18.90969379107583 -9.478538928191155 2.975 0 200 120
18.923610000547825 -10.503126258651639 2.975 0 200 120
18.93752621001982 -11.527713589112123 2.975 0 200 120
18.951442419491805 -12.55230091957261 2.975 0 200 120
18.9653586289638 -13.576888250033095 2.975 0 200 120
17.574621524512345 14.073183688011685 2.975 0 200 120
17.58853773398434 13.048596357551201 2.975 0 200 120
17.616370152928322 10.999421696630233 2.975 0 200 120
17.630286362400312 9.97483436616975 2.975 0 200 120
17.685951200288283 5.876485044327812 2.975 0 200 120
17.699867409760273 4.85189771386733 2.975 0 200 120
17.713783619232267 3.8273103834068434 2.975 0 200 120
17.727699828704257 2.802723052946359 2.975 0 200 120
17.74161603817625 1.778135722485875 2.975 0 200 120
17.75553224764824 0.7535483920253926 2.975 0 200 120
17.769448457120234 -0.27103893843509164 2.975 0 200 120
17.783364666592224 -1.2956262688955742 2.975 0 200 120
17.797280876064217 -2.3202135993560584 2.975 0 200 120
17.811197085536207 -3.344800929816546 2.975 0 200 120
17.8251132950082 -4.36938826027703 2.975 0 200 120
17.83902950448019 -5.393975590737514 2.975 0 200 120
17.852945713952185 -6.418562921197998 2.975 0 200 120
17.866861923424175 -7.443150251658483 2.975 0 200 120
17.880778132896168 -8.467737582118968 2.975 0 200 120
17.89469434236816 -9.492324912579448 2.975 0 200 120
17.90861055184015 -10.516912243039933 2.975 0 200 120
17.922526761312145 -11.541499573500417 2.975 0 200 120
17.936442970784135 -12.566086903960905 2.975 0 200 120
17.95035918025613 -13.590674234421389 2.975 0 200 120
16.559622075804675 14.059397703623391 2.975 0 200 120
16.57353828527667 13.034810373162907 2.975 0 200 120
16.58745449474866 12.010223042702423 2.975 0 200 120
16.601370704220653 10.985635712241939 2.975 0 200 120
16.615286913692643 9.961048381781456 2.975 0 200 120
16.670951751580613 5.8626990599395175 2.975 0 200 120
16.684867961052603 4.838111729479035 2.975 0 200 120
16.698784170524597 3.8135243990185494 2.975 0 200 120
16.712700379996587 2.7889370685580652 2.975 0 200 120
16.72661658946858 1.764349738097581 2.975 0 200 120
16.74053279894057 0.7397624076370986 2.975 0 200 120
16.754449008412564 -0.2848249228233857 2.975 0 200 120
16.768365217884554 -1.3094122532838681 2.975 0 200 120
16.782281427356548 -2.3339995837443523 2.975 0 200 120
16.796197636828538 -3.35858691420484 2.975 0 200 120
16.81011384630053 -4.383174244665325 2.975 0 200 120
16.82403005577252 -5.407761575125809 2.975 0 200 120
16.837946265244515 -6.432348905586293 2.975 0 200 120
16.851862474716505 -7.4569362360467775 2.975 0 200 120
16.8657786841885 -8.481523566507262 2.975 0 200 120
16.879694893660492 -9.506110896967742 2.975 0 200 120
16.893611103132482 -10.530698227428227 2.975 0 200 120
16.907527312604476 -11.55528555788871 2.975 0 200 120
16.921443522076466 -12.579872888349199 2.975 0 200 120
16.93535973154846 -13.604460218809683 2.975 0 200 120
15.544622627097004 14.045611719235097 2.975 0 200 120
15.558538836568998 13.021024388774613 2.975 0 200 120
15.572455046040988 11.996437058314129 2.975 0 200 120
15.586371255512981 10.971849727853645 2.975 0 200 120
15.600287464984971 9.947262397393162 2.975 0 200 120
15.79511439759286 -4.396960229053619 2.975 0 200 120
15.80903060706485 -5.421547559514103 2.975 0 200 120
15.822946816536843 -6.446134889974587 2.975 0 200 120
15.836863026008833 -7.470722220435071 2.975 0 200 120
15.850779235480827 -8.495309550895556 2.975 0 200 120
15.86469544495282 -9.519896881356036 2.975 0 200 120
15.87861165442481 -10.54448421181652 2.975 0 200 120
15.892527863896804 -11.569071542277005 2.975 0 200 120
15.906444073368794 -12.593658872737493 2.975 0 200 120
15.920360282840788 -13.618246203197977 2.975 0 200 120
14.529623178389333 14.031825734846803 2.975 0 200 120
14.543539387861326 13.00723840438632 2.975 0 200 120
14.557455597333316 11.982651073925835 2.975 0 200 120
14.57137180680531 10.95806374346535 2.975 0 200 120
14.5852880162773 9.933476413004868 2.975 0 200 120
14.821863577301162 -7.484508204823365 2.975 0 200 120
14.835779786773156 -8.50909553528385 2.975 0 200 120
14.84969599624515 -9.53368286574433 2.975 0 200 120
14.86361220571714 -10.558270196204814 2.975 0 200 120
14.877528415189133 -11.582857526665299 2.975 0 200 120
14.891444624661123 -12.607444857125786 2.975 0 200 120
14.905360834133116 -13.63203218758627 2.975 0 200 120
13.514623729681663 14.01803975045851 2.975 0 200 120
13.528539939153656 12.993452419998025 2.975 0 200 120
13.542456148625647 11.968865089537541 2.975 0 200 120
13.55637235809764 10.944277759077057 2.975 0 200 120
13.57028856756963 9.919690428616574 2.975 0 200 120
13.6259534054576 5.821341106774636 2.975 0 200 120
13.63986961492959 4.796753776314153 2.975 0 200 120
13.653785824401584 3.7721664458536672 2.975 0 200 120
13.667702033873574 2.747579115393183 2.975 0 200 120
13.681618243345568 1.7229917849326988 2.975 0 200 120
13.695534452817558 0.6984044544722163 2.975 0 200 120
13.709450662289552 -0.3261828759882679 2.975 0 200 120
13.723366871761542 -1.3507702064487503 2.975 0 200 120
13.737283081233535 -2.3753575369092346 2.975 0 200 120
13.751199290705525 -3.3999448673697223 2.975 0 200 120
13.765115500177519 -4.424532197830207 2.975 0 200 120
13.779031709649509 -5.449119528290691 2.975 0 200 120
13.792947919121502 -6.473706858751175 2.975 0 200 120
13.806864128593492 -7.498294189211659 2.975 0 200 120
13.820780338065486 -8.522881519672143 2.975 0 200 120
13.83469654753748 -9.547468850132624 2.975 0 200 120
13.84861275700947 -10.572056180593108 2.975 0 200 120
13.862528966481463 -11.596643511053593 2.975 0 200 120
13.876445175953453 -12.62123084151408 2.975 0 200 120
13.890361385425447 -13.645818171974565 2.975 0 200 120
12.499624280973991 14.004253766070216 2.975 0 200 120
12.513540490445985 12.979666435609731 2.975 0 200 120
12.527456699917975 11.955079105149247 2.975 0 200 120
12.541372909389969 10.930491774688763 2.975 0 200 120
12.555289118861959 9.90590444422828 2.975 0 200 120
12.61095395674993 5.807555122386342 2.975 0 200 120
12.62487016622192 4.782967791925859 2.975 0 200 120
12.638786375693913 3.7583804614653733 2.975 0 200 120
12.652702585165903 2.733793131004889 2.975 0 200 120
12.666618794637897 1.7092058005444046 2.975 0 200 120
12.680535004109887 0.6846184700839223 2.975 0 200 120
12.69445121358188 -0.33996886037656193 2.975 0 200 120
12.70836742305387 -1.3645561908370445 2.975 0 200 120
12.722283632525864 -2.3891435212975285 2.975 0 200 120
12.736199841997854 -3.4137308517580163 2.975 0 200 120
12.750116051469847 -4.4383181822185005 2.975 0 200 120
12.764032260941837 -5.462905512678985 2.975 0 200 120
12.77794847041383 -6.487492843139469 2.975 0 200 120
12.79186467988582 -7.512080173599953 2.975 0 200 120
12.819697098829808 -9.561254834520918 2.975 0 200 120
12.833613308301798 -10.585842164981402 2.975 0 200 120
12.847529517773792 -11.610429495441887 2.975 0 200 120
12.861445727245782 -12.635016825902374 2.975 0 200 120
12.875361936717775 -13.659604156362859 2.975 0 200 120
11.48462483226632 13.990467781681922 2.975 0 200 120
11.498541041738314 12.965880451221437 2.975 0 200 120
11.512457251210304 11.941293120760953 2.975 0 200 120
11.526373460682297 10.916705790300469 2.975 0 200 120
11.540289670154287 9.892118459839986 2.975 0 200 120
11.595954508042258 5.793769137998048 2.975 0 200 120
11.609870717514248 4.769181807537565 2.975 0 200 120
11.623786926986241 3.744594477077079 2.975 0 200 120
11.637703136458232 2.7200071466165947 2.975 0 200 120
11.651619345930225 1.6954198161561107 2.975 0 200 120
11.665535555402215 0.6708324856956283 2.975 0 200 120
11.679451764874209 -0.353754844764856 2.975 0 200 120
11.693367974346199 -1.3783421752253384 2.975 0 200 120
11.707284183818192 -2.402929505685823 2.975 0 200 120
11.721200393290182 -3.4275168361463106 2.975 0 200 120
11.735116602762176 -4.452104166606794 2.975 0 200 120
11.749032812234166 -5.476691497067279 2.975 0 200 120
11.76294902170616 -6.501278827527763 2.975 0 200 120
11.77686523117815 -7.525866157988247 2.975 0 200 120
11.804697650122137 -9.575040818909212 2.975 0 200 120
11.818613859594127 -10.599628149369696 2.975 0 200 120
11.83253006906612 -11.62421547983018 2.975 0 200 120
11.84644627853811 -12.648802810290668 2.975 0 200 120
11.860362488010104 -13.673390140751152 2.975 0 200 120
10.46962538355865 13.976681797293628 2.975 0 200 120
10.483541593030644 12.952094466833143 2.975 0 200 120
10.497457802502634 11.92750713637266 2.975 0 200 120
10.511374011974628 10.902919805912175 2.975 0 200 120
10.525290221446618 9.878332475451693 2.975 0 200 120
10.580955059334588 5.779983153609754 2.975 0 200 120
10.594871268806578 4.7553958231492715 2.975 0 200 120
10.608787478278572 3.730808492688785 2.975 0 200 120
10.622703687750562 2.706221162228301 2.975 0 200 120
10.636619897222555 1.6816338317678166 2.975 0 200 120
10.650536106694545 0.6570465013073341 2.975 0 200 120
10.664452316166539 -0.36754082915315006 2.975 0 200 120
10.678368525638529 -1.3921281596136326 2.975 0 200 120
10.692284735110523 -2.416715490074117 2.975 0 200 120
10.706200944582513 -3.4413028205346046 2.975 0 200 120
10.720117154054506 -4.465890150995088 2.975 0 200 120
10.734033363526496 -5.490477481455573 2.975 0 200 120
10.74794957299849 -6.515064811916057 2.975 0 200 120
10.76186578247048 -7.539652142376541 2.975 0 200 120
10.789698201414467 -9.588826803297506 2.975 0 200 120
10.803614410886457 -10.61341413375799 2.975 0 200 120
10.81753062035845 -11.638001464218474 2.975 0 200 120
10.83144682983044 -12.662588794678962 2.975 0 200 120
10.845363039302434 -13.687176125139446 2.975 0 200 120
9.454625934850979 13.962895812905334 2.975 0 200 120
9.468542144322972 12.93830848244485 2.975 0 200 120
9.482458353794962 11.913721151984365 2.975 0 200 120
9.496374563266956 10.889133821523881 2.975 0 200 120
9.510290772738946 9.864546491063399 2.975 0 200 120
9.565955610626917 5.766197169221459 2.975 0 200 120
9.579871820098907 4.741609838760977 2.975 0 200 120
9.5937880295709 3.717022508300491 2.975 0 200 120
9.60770423904289 2.692435177840007 2.975 0 200 120
9.621620448514884 1.6678478473795226 2.975 0 200 120
9.635536657986874 0.6432605169190401 2.975 0 200 120
9.649452867458868 -0.38132681354144415 2.975 0 200 120
9.663369076930858 -1.4059141440019265 2.975 0 200 120
9.677285286402851 -2.4305014744624107 2.975 0 200 120
9.691201495874841 -3.4550888049228985 2.975 0 200 120
9.705117705346835 -4.479676135383383 2.975 0 200 120
9.719033914818825 -5.504263465843867 2.975 0 200 120
9.732950124290818 -6.528850796304352 2.975 0 200 120
9.746866333762808 -7.553438126764836 2.975 0 200 120
9.760782543234802 -8.57802545722532 2.975 0 200 120
9.774698752706795 -9.6026127876858 2.975 0 200 120
9.788614962178785 -10.627200118146284 2.975 0 200 120
9.816447381122769 -12.676374779067256 2.975 0 200 120
9.830363590594763 -13.70096210952774 2.975 0 200 120
8.43962648614331 13.94910982851704 2.975 0 200 120
8.453542695615303 12.924522498056556 2.975 0 200 120
8.467458905087293 11.899935167596071 2.975 0 200 120
8.481375114559286 10.875347837135587 2.975 0 200 120
8.495291324031276 9.850760506675105 2.975 0 200 120
8.50920753350327 8.826173176214619 2.975 0 200 120
8.52312374297526 7.8015858457541345 2.975 0 200 120
8.537039952447254 6.776998515293649 2.975 0 200 120
8.550956161919247 5.752411184833165 2.975 0 200 120
8.564872371391237 4.727823854372683 2.975 0 200 120
8.57878858086323 3.703236523912197 2.975 0 200 120
8.59270479033522 2.678649193451713 2.975 0 200 120
8.606620999807214 1.6540618629912285 2.975 0 200 120
8.620537209279204 0.629474532530746 2.975 0 200 120
8.634453418751198 -0.3951127979297382 2.975 0 200 120
8.648369628223188 -1.4197001283902206 2.975 0 200 120
8.662285837695181 -2.4442874588507046 2.975 0 200 120
8.676202047167171 -3.4688747893111924 2.975 0 200 120
8.690118256639165 -4.493462119771677 2.975 0 200 120
8.704034466111155 -5.518049450232161 2.975 0 200 120
8.717950675583149 -6.5426367806926455 2.975 0 200 120
8.731866885055139 -7.56722411115313 2.975 0 200 120
8.745783094527132 -8.591811441613613 2.975 0 200 120
8.759699303999126 -9.616398772074094 2.975 0 200 120
7.424627037435636 13.935323844128746 2.975 0 200 120
7.43854324690763 12.910736513668262 2.975 0 200 120
7.45245945637962 11.886149183207777 2.975 0 200 120
7.466375665851613 10.861561852747293 2.975 0 200 120
7.480291875323603 9.83697452228681 2.975 0 200 120
7.494208084795597 8.812387191826325 2.975 0 200 120
7.508124294267587 7.787799861365841 2.975 0 200 120
7.5637891321555575 3.689450539523903 2.975 0 200 120
7.5777053416275475 2.6648632090634186 2.975 0 200 120
7.591621551099541 1.6402758786029343 2.975 0 200 120
7.605537760571531 0.615688548142452 2.975 0 200 120
7.619453970043525 -0.40889878231803223 2.975 0 200 120
7.633370179515515 -1.4334861127785148 2.975 0 200 120
7.647286388987508 -2.458073443238999 2.975 0 200 120
7.661202598459498 -3.482660773699487 2.975 0 200 120
7.675118807931492 -4.507248104159971 2.975 0 200 120
7.689035017403482 -5.531835434620455 2.975 0 200 120
7.702951226875475 -6.5564227650809395 2.975 0 200 120
7.716867436347465 -7.581010095541424 2.975 0 200 120
7.730783645819459 -8.605597426001907 2.975 0 200 120
7.7446998552914526 -9.630184756462388 2.975 0 200 120
6.409627588727966 13.92153785974045 2.975 0 200 120
6.42354379819996 12.896950529279966 2.975 0 200 120
6.43746000767195 11.872363198819482 2.975 0 200 120
6.4513762171439435 10.847775868358998 2.975 0 200 120
6.4652924266159335 9.823188537898515 2.975 0 200 120
6.479208636087927 8.798601207438029 2.975 0 200 120
6.493124845559917 7.774013876977547 2.975 0 200 120
6.632286940279839 -2.471859427627293 2.975 0 200 120
6.78536524447175 -13.742320062692624 2.975 0 200 120
5.394628140020297 13.907751875352156 2.975 0 200 120
5.40854434949229 12.883164544891672 2.975 0 200 120
5.42246055896428 11.858577214431188 2.975 0 200 120
5.436376768436274 10.833989883970704 2.975 0 200 120
5.450292977908264 9.809402553510221 2.975 0 200 120
5.464209187380257 8.784815223049735 2.975 0 200 120
5.478125396852247 7.760227892589253 2.975 0 200 120
5.617287491572169 -2.485645412015587 2.975 0 200 120
5.756449586292087 -12.731518716620434 2.975 0 200 120
5.77036579576408 -13.756106047080918 2.975 0 200 120
4.379628691312625 13.893965890963862 2.975 0 200 120
4.393544900784619 12.869378560503378 2.975 0 200 120
4.407461110256609 11.844791230042894 2.975 0 200 120
4.421377319728602 10.82020389958241 2.975 0 200 120
4.435293529200592 9.795616569121927 2.975 0 200 120
4.449209738672586 8.771029238661441 2.975 0 200 120
4.463125948144576 7.746441908200959 2.975 0 200 120
4.602288042864497 -2.4994313964038812 2.975 0 200 120
4.741450137584415 -12.745304701008727 2.975 0 200 120
4.755366347056409 -13.769892031469212 2.975 0 200 120
3.364629242604952 13.880179906575568 2.975 0 200 120
3.3785454520769456 12.855592576115084 2.975 0 200 120
3.3924616615489356 11.8310052456546 2.975 0 200 120
3.406377871020929 10.806417915194116 2.975 0 200 120
3.420294080492919 9.781830584733633 2.975 0 200 120
3.4342102899649127 8.757243254273147 2.975 0 200 120
3.4481264994369027 7.732655923812665 2.975 0 200 120
3.4620427089088963 6.708068593352179 2.975 0 200 120
3.47595891838089 5.683481262891695 2.975 0 200 120
3.48987512785288 4.658893932431212 2.975 0 200 120
3.5037913373248735 3.6343066019707266 2.975 0 200 120
3.5177075467968635 2.6097192715102424 2.975 0 200 120
3.531623756268857 1.5851319410497582 2.975 0 200 120
3.545539965740847 0.5605446105892757 2.975 0 200 120
3.587288594156824 -2.513217380792175 2.975 0 200 120
3.6012048036288142 -3.537804711252663 2.975 0 200 120
3.615121013100808 -4.562392041713148 2.975 0 200 120
3.629037222572798 -5.586979372173632 2.975 0 200 120
3.6429534320447914 -6.611566702634116 2.975 0 200 120
3.6568696415167814 -7.6361540330946 2.975 0 200 120
3.670785850988775 -8.660741363555085 2.975 0 200 120
3.6847020604607685 -9.685328694015565 2.975 0 200 120
3.6986182699327586 -10.70991602447605 2.975 0 200 120
3.712534479404752 -11.734503354936534 2.975 0 200 120
3.726450688876742 -12.759090685397021 2.975 0 200 120
3.7403668983487357 -13.783678015857506 2.975 0 200 120
2.349629793897286 13.866393922187275 2.975 0 200 120
2.3635460033692794 12.84180659172679 2.975 0 200 120
2.3774622128412695 11.817219261266306 2.975 0 200 120
2.391378422313263 10.792631930805822 2.975 0 200 120
2.405294631785253 9.76804460034534 2.975 0 200 120
2.4192108412572466 8.743457269884853 2.975 0 200 120
2.4331270507292366 7.71886993942437 2.975 0 200 120
2.44704326020123 6.694282608963885 2.975 0 200 120
2.4609594696732238 5.669695278503401 2.975 0 200 120
2.474875679145214 4.645107948042918 2.975 0 200 120
2.4887918886172073 3.6205206175824327 2.975 0 200 120
2.5027080980891974 2.5959332871219485 2.975 0 200 120
2.516624307561191 1.5713459566614643 2.975 0 200 120
2.530540517033181 0.5467586262009817 2.975 0 200 120
2.5444567265051745 -0.4778287042595025 2.975 0 200 120
2.5583729359771645 -1.5024160347199849 2.975 0 200 120
2.572289145449158 -2.527003365180469 2.975 0 200 120
2.586205354921148 -3.551590695640957 2.975 0 200 120
2.6001215643931417 -4.5761780261014415 2.975 0 200 120
2.6279539833371253 -6.62535268702241 2.975 0 200 120
2.6418701928091153 -7.649940017482894 2.975 0 200 120
2.655786402281109 -8.674527347943378 2.975 0 200 120
2.6697026117531024 -9.699114678403859 2.975 0 200 120
2.6836188212250924 -10.723702008864343 2.975 0 200 120
2.697535030697086 -11.748289339324828 2.975 0 200 120
2.711451240169076 -12.772876669785315 2.975 0 200 120
2.7253674496410696 -13.7974640002458 2.975 0 200 120
1.3346303451896127 13.85260793779898 2.975 0 200 120
1.3485465546616062 12.828020607338496 2.975 0 200 120
1.3624627641335962 11.803433276878012 2.975 0 200 120
1.3763789736055898 10.778845946417528 2.975 0 200 120
1.3902951830775798 9.754258615957045 2.975 0 200 120
1.4042113925495734 8.72967128549656 2.975 0 200 120
1.4181276020215634 7.705083955036076 2.975 0 200 120
1.6964517914614028 -12.78666265417361 2.975 0 200 120
1.7103680009333964 -13.811249984634093 2.975 0 200 120
0.31963089648193943 13.838821953410687 2.975 0 200 120
0.333547105953933 12.814234622950202 2.975 0 200 120
0.347463315425923 11.789647292489718 2.975 0 200 120
0.3613795248979166 10.765059962029234 2.975 0 200 120
0.3752957343699066 9.740472631568752 2.975 0 200 120
0.38921194384190017 8.715885301108266 2.975 0 200 120
0.4031281533138902 7.691297970647782 2.975 0 200 120
0.5422902480338117 -2.5545753339570574 2.975 0 200 120
0.6814523427537296 -12.800448638561903 2.975 0 200 120
0.6953685522257231 -13.825035969022387 2.975 0 200 120
-0.6953685522257267 13.825035969022393 2.975 0 200 120
-0.6814523427537331 12.800448638561909 2.975 0 200 120
-0.6675361332817431 11.775861308101424 2.975 0 200 120
-0.6536199238097495 10.75127397764094 2.975 0 200 120
-0.6397037143377595 9.726686647180458 2.975 0 200 120
-0.625787504865766 8.702099316719972 2.975 0 200 120
-0.6118712953937759 7.677511986259488 2.975 0 200 120
-0.47270920067385447 -2.5683613183453513 2.975 0 200 120
-0.33354710595393655 -12.814234622950197 2.975 0 200 120
-0.319630896481943 -13.838821953410681 2.975 0 200 120
-1.7103680009334 13.811249984634099 2.975 0 200 120
-1.6964517914614063 12.786662654173615 2.975 0 200 120
-1.6825355819894163 11.76207532371313 2.975 0 200 120
-1.6686193725174228 10.737487993252646 2.975 0 200 120
-1.6547031630454327 9.712900662792164 2.975 0 200 120
-1.6407869535734392 8.688313332331678 2.975 0 200 120
-1.6268707441014492 7.663726001871194 2.975 0 200 120
-1.6129545346294556 6.639138671410709 2.975 0 200 120
-1.599038325157462 5.614551340950225 2.975 0 200 120
-1.585122115685472 4.589964010489743 2.975 0 200 120
-1.3485465546616098 -12.828020607338491 2.975 0 200 120
-1.3346303451896162 -13.852607937798975 2.975 0 200 120
-2.725367449641073 13.797464000245805 2.975 0 200 120
-2.7114512401690796 12.77287666978532 2.975 0 200 120
-2.6975350306970896 11.748289339324836 2.975 0 200 120
-2.683618821225096 10.723702008864352 2.975 0 200 120
-2.669702611753106 9.69911467840387 2.975 0 200 120
-2.6557864022811124 8.674527347943384 2.975 0 200 120
-2.6418701928091224 7.6499400174829 2.975 0 200 120
-2.627953983337129 6.625352687022415 2.975 0 200 120
-2.6140377738651353 5.600765356561931 2.975 0 200 120
-2.5862053549211517 3.551590695640962 2.975 0 200 120
-2.5722891454491617 2.527003365180478 2.975 0 200 120
-2.558372935977168 1.5024160347199937 2.975 0 200 120
-2.544456726505178 0.47782870425951135 2.975 0 200 120
-2.5305405170331845 -0.5467586262009729 2.975 0 200 120
-2.5166243075611945 -1.5713459566614554 2.975 0 200 120
-2.502708098089201 -2.5959332871219396 2.975 0 200 120
-2.488791888617211 -3.6205206175824274 2.975 0 200 120
-2.4748756791452173 -4.645107948042911 2.975 0 200 120
-2.4609594696732273 -5.669695278503395 2.975 0 200 120
-2.4470432602012337 -6.69428260896388 2.975 0 200 120
-2.4331270507292437 -7.718869939424364 2.975 0 200 120
-2.41921084125725 -8.743457269884848 2.975 0 200 120
-2.4052946317852566 -9.768044600345329 2.975 0 200 120
-2.3913784223132666 -10.792631930805813 2.975 0 200 120
-2.377462212841273 -11.817219261266297 2.975 0 200 120
-2.363546003369283 -12.841806591726785 2.975 0 200 120
-2.3496297938972894 -13.86639392218727 2.975 0 200 120
-3.740366898348743 13.783678015857511 2.975 0 200 120
-3.7264506888767492 12.759090685397027 2.975 0 200 120
-3.7125344794047592 11.734503354936543 2.975 0 200 120
-3.6986182699327657 10.709916024476058 2.975 0 200 120
-3.6847020604607756 9.685328694015576 2.975 0 200 120
-3.670785850988782 8.66074136355509 2.975 0 200 120
-3.656869641516792 7.636154033094606 2.975 0 200 120
-3.6429534320447985 6.6115667026341205 2.975 0 200 120
-3.629037222572805 5.586979372173636 2.975 0 200 120
-3.6012048036288213 3.5378047112526683 2.975 0 200 120
-3.5872885941568313 2.513217380792184 2.975 0 200 120
-3.5733723846848378 1.4886300503316998 2.975 0 200 120
-3.5594561752128477 0.4640427198712173 2.975 0 200 120
-3.5177075467968706 -2.6097192715102335 2.975 0 200 120
-3.5037913373248806 -3.6343066019707213 2.975 0 200 120
-3.489875127852887 -4.658893932431206 2.975 0 200 120
-3.475958918380897 -5.68348126289169 2.975 0 200 120
-3.4620427089089034 -6.708068593352174 2.975 0 200 120
-3.4481264994369134 -7.732655923812659 2.975 0 200 120
-3.43421028996492 -8.757243254273142 2.975 0 200 120
-3.4202940804929263 -9.781830584733623 2.975 0 200 120
-3.4063778710209363 -10.806417915194107 2.975 0 200 120
-3.3924616615489427 -11.831005245654591 2.975 0 200 120
-3.3785454520769527 -12.855592576115079 2.975 0 200 120
-3.364629242604959 -13.880179906575563 2.975 0 200 120
-4.7553663470564125 13.769892031469217 2.975 0 200 120
-4.741450137584419 12.745304701008733 2.975 0 200 120
-4.727533928112429 11.720717370548249 2.975 0 200 120
-4.713617718640435 10.696130040087764 2.975 0 200 120
-4.699701509168445 9.671542709627282 2.975 0 200 120
-4.685785299696452 8.646955379166796 2.975 0 200 120
-4.671869090224462 7.622368048706312 2.975 0 200 120
-4.53270699550454 -2.623505255898528 2.975 0 200 120
-4.393544900784622 -12.869378560503373 2.975 0 200 120
-4.379628691312629 -13.893965890963857 2.975 0 200 120
-5.770365795764082 13.756106047080923 2.975 0 200 120
-5.756449586292089 12.731518716620439 2.975 0 200 120
-5.742533376820099 11.706931386159955 2.975 0 200 120
-5.728617167348105 10.68234405569947 2.975 0 200 120
-5.714700957876115 9.657756725238988 2.975 0 200 120
-5.700784748404121 8.633169394778502 2.975 0 200 120
-5.686868538932131 7.608582064318018 2.975 0 200 120
-5.54770644421221 -2.637291240286822 2.975 0 200 120
-5.408544349492292 -12.883164544891667 2.975 0 200 120
-5.3946281400202984 -13.907751875352151 2.975 0 200 120
-6.785365244471755 13.742320062692627 2.975 0 200 120
-6.771449034999762 12.717732732232143 2.975 0 200 120
-6.757532825527772 11.693145401771659 2.975 0 200 120
-6.743616616055778 10.668558071311175 2.975 0 200 120
-6.729700406583788 9.643970740850694 2.975 0 200 120
-6.715784197111795 8.619383410390206 2.975 0 200 120
-6.701867987639805 7.594796079929724 2.975 0 200 120
-6.562705892919883 -2.6510772246751158 2.975 0 200 120
-6.423543798199965 -12.896950529279962 2.975 0 200 120
-6.409627588727972 -13.921537859740447 2.975 0 200 120
-7.800364693179425 13.728534078304333 2.975 0 200 120
-7.7864484837074315 12.70394674784385 2.975 0 200 120
-7.7725322742354415 11.679359417383365 2.975 0 200 120
-7.758616064763448 10.65477208692288 2.975 0 200 120
-7.744699855291458 9.630184756462398 2.975 0 200 120
-7.730783645819464 8.605597426001912 2.975 0 200 120
-7.716867436347474 7.58101009554143 2.975 0 200 120
-7.702951226875481 6.556422765080945 2.975 0 200 120
-7.689035017403487 5.531835434620461 2.975 0 200 120
-7.675118807931497 4.507248104159978 2.975 0 200 120
-7.438543246907635 -12.910736513668256 2.975 0 200 120
-7.424627037435641 -13.93532384412874 2.975 0 200 120
-8.815364141887095 13.71474809391604 2.975 0 200 120
-8.801447932415101 12.690160763455555 2.975 0 200 120
-8.787531722943111 11.665573432995071 2.975 0 200 120
-8.773615513471118 10.640986102534587 2.975 0 200 120
-8.759699303999128 9.616398772074104 2.975 0 200 120
-8.745783094527134 8.591811441613618 2.975 0 200 120
-8.731866885055144 7.567224111153136 2.975 0 200 120
-8.71795067558315 6.542636780692651 2.975 0 200 120
-8.704034466111157 5.518049450232167 2.975 0 200 120
-8.690118256639167 4.493462119771684 2.975 0 200 120
-8.676202047167173 3.4688747893111977 2.975 0 200 120
-8.662285837695183 2.4442874588507135 2.975 0 200 120
-8.64836962822319 1.4197001283902295 2.975 0 200 120
-8.6344534187512 0.395112797929747 2.975 0 200 120
-8.620537209279206 -0.6294745325307372 2.975 0 200 120
-8.578788580863232 -3.703236523912192 2.975 0 200 120
-8.564872371391239 -4.727823854372676 2.975 0 200 120
-8.550956161919249 -5.75241118483316 2.975 0 200 120
-8.537039952447255 -6.776998515293644 2.975 0 200 120
-8.523123742975265 -7.801585845754128 2.975 0 200 120
-8.509207533503272 -8.826173176214613 2.975 0 200 120
-8.495291324031278 -9.850760506675094 2.975 0 200 120
-8.481375114559288 -10.875347837135578 2.975 0 200 120
-8.467458905087295 -11.899935167596063 2.975 0 200 120
-8.453542695615305 -12.92452249805655 2.975 0 200 120
-8.439626486143311 -13.949109828517035 2.975 0 200 120
-9.830363590594768 13.700962109527746 2.975 0 200 120
-9.816447381122774 12.676374779067261 2.975 0 200 120
-9.802531171650784 11.651787448606777 2.975 0 200 120
-9.78861496217879 10.627200118146293 2.975 0 200 120
-9.7746987527068 9.60261278768581 2.975 0 200 120
-9.760782543234807 8.578025457225325 2.975 0 200 120
-9.746866333762817 7.553438126764842 2.975 0 200 120
-9.732950124290824 6.528850796304356 2.975 0 200 120
-9.71903391481883 5.504263465843872 2.975 0 200 120
-9.70511770534684 4.479676135383389 2.975 0 200 120
-9.691201495874846 3.455088804922904 2.975 0 200 120
-9.677285286402856 2.4305014744624196 2.975 0 200 120
-9.663369076930863 1.4059141440019354 2.975 0 200 120
-9.649452867458873 0.3813268135414529 2.975 0 200 120
-9.63553665798688 -0.6432605169190313 2.975 0 200 120
-9.62162044851489 -1.6678478473795137 2.975 0 200 120
-9.607704239042896 -2.692435177839998 2.975 0 200 120
-9.593788029570906 -3.7170225083004858 2.975 0 200 120
-9.579871820098912 -4.74160983876097 2.975 0 200 120
-9.565955610626922 -5.766197169221455 2.975 0 200 120
-9.552039401154929 -6.790784499681939 2.975 0 200 120
-9.538123191682939 -7.815371830142423 2.975 0 200 120
-9.524206982210945 -8.839959160602907 2.975 0 200 120
-9.510290772738951 -9.864546491063388 2.975 0 200 120
-9.496374563266961 -10.889133821523872 2.975 0 200 120
-9.482458353794968 -11.913721151984356 2.975 0 200 120
-9.468542144322978 -12.938308482444844 2.975 0 200 120
-9.454625934850984 -13.962895812905328 2.975 0 200 120
-10.845363039302438 13.687176125139452 2.975 0 200 120
-10.831446829830444 12.662588794678967 2.975 0 200 120
-10.817530620358454 11.638001464218483 2.975 0 200 120
-10.80361441088646 10.613414133757999 2.975 0 200 120
-10.78969820141447 9.588826803297517 2.975 0 200 120
-10.775781991942477 8.56423947283703 2.975 0 200 120
-10.636619897222559 -1.6816338317678077 2.975 0 200 120
-10.622703687750565 -2.706221162228292 2.975 0 200 120
-10.483541593030647 -12.952094466833138 2.975 0 200 120
-10.469625383558654 -13.976681797293622 2.975 0 200 120
-11.860362488010107 13.673390140751158 2.975 0 200 120
-11.846446278538114 12.648802810290674 2.975 0 200 120
-11.832530069066124 11.62421547983019 2.975 0 200 120
-11.81861385959413 10.599628149369705 2.975 0 200 120
-11.80469765012214 9.575040818909223 2.975 0 200 120
-11.790781440650147 8.550453488448737 2.975 0 200 120
-11.651619345930229 -1.6954198161561018 2.975 0 200 120
-11.637703136458235 -2.7200071466165863 2.975 0 200 120
-11.498541041738317 -12.965880451221432 2.975 0 200 120
-11.484624832266324 -13.990467781681916 2.975 0 200 120
-12.875361936717777 13.659604156362864 2.975 0 200 120
-12.861445727245783 12.63501682590238 2.975 0 200 120
-12.847529517773793 11.610429495441895 2.975 0 200 120
-12.8336133083018 10.585842164981411 2.975 0 200 120
-12.81969709882981 9.561254834520929 2.975 0 200 120
-12.805780889357816 8.536667504060443 2.975 0 200 120
-12.666618794637898 -1.709205800544396 2.975 0 200 120
-12.652702585165905 -2.73379313100488 2.975 0 200 120
-12.513540490445987 -12.979666435609726 2.975 0 200 120
-12.499624280973993 -14.00425376607021 2.975 0 200 120
-13.890361385425447 13.64581817197457 2.975 0 200 120
-13.876445175953453 12.621230841514086 2.975 0 200 120
-13.862528966481463 11.596643511053601 2.975 0 200 120
-13.84861275700947 10.572056180593117 2.975 0 200 120
-13.83469654753748 9.547468850132635 2.975 0 200 120
-13.820780338065486 8.522881519672149 2.975 0 200 120
-13.806864128593496 7.4982941892116655 2.975 0 200 120
-13.792947919121502 6.47370685875118 2.975 0 200 120
-13.779031709649509 5.449119528290696 2.975 0 200 120
-13.765115500177519 4.424532197830214 2.975 0 200 120
-13.751199290705525 3.3999448673697277 2.975 0 200 120
-13.737283081233535 2.3753575369092434 2.975 0 200 120
-13.723366871761542 1.3507702064487592 2.975 0 200 120
-13.709450662289552 0.3261828759882767 2.975 0 200 120
-13.695534452817558 -0.6984044544722074 2.975 0 200 120
-13.681618243345568 -1.72299178493269 2.975 0 200 120
-13.667702033873574 -2.747579115393174 2.975 0 200 120
-13.653785824401584 -3.772166445853662 2.975 0 200 120
-13.63986961492959 -4.796753776314146 2.975 0 200 120
-13.6259534054576 -5.82134110677463 2.975 0 200 120
-13.612037195985607 -6.845928437235115 2.975 0 200 120
-13.598120986513617 -7.870515767695599 2.975 0 200 120
-13.584204777041624 -8.895103098156083 2.975 0 200 120
-13.57028856756963 -9.919690428616564 2.975 0 200 120
-13.55637235809764 -10.944277759077048 2.975 0 200 120
-13.542456148625647 -11.968865089537532 2.975 0 200 120
-13.528539939153656 -12.99345241999802 2.975 0 200 120
-13.514623729681663 -14.018039750458504 2.975 0 200 120
-14.905360834133123 13.632032187586276 2.975 0 200 120
-14.89144462466113 12.607444857125792 2.975 0 200 120
-14.87752841518914 11.582857526665308 2.975 0 200 120
-14.863612205717146 10.558270196204823 2.975 0 200 120
-14.849695996245156 9.53368286574434 2.975 0 200 120
-14.835779786773163 8.509095535283855 2.975 0 200 120
-14.821863577301173 7.4845082048233715 2.975 0 200 120
-14.807947367829179 6.459920874362886 2.975 0 200 120
-14.794031158357186 5.435333543902402 2.975 0 200 120
-14.780114948885196 4.41074621344192 2.975 0 200 120
-14.766198739413202 3.3861588829814337 2.975 0 200 120
-14.752282529941212 2.3615715525209495 2.975 0 200 120
-14.738366320469218 1.336984222060465 2.975 0 200 120
-14.724450110997228 0.31239689159998263 2.975 0 200 120
-14.710533901525235 -0.7121904388605016 2.975 0 200 120
-14.696617692053245 -1.736777769320984 2.975 0 200 120
-14.682701482581251 -2.761365099781468 2.975 0 200 120
-14.668785273109261 -3.785952430241956 2.975 0 200 120
-14.654869063637268 -4.81053976070244 2.975 0 200 120
-14.640952854165278 -5.835127091162924 2.975 0 200 120
-14.627036644693284 -6.8597144216234085 2.975 0 200 120
-14.613120435221294 -7.884301752083893 2.975 0 200 120
-14.5992042257493 -8.908889082544377 2.975 0 200 120
-14.585288016277307 -9.933476413004858 2.975 0 200 120
-14.571371806805317 -10.958063743465342 2.975 0 200 120
-14.557455597333323 -11.982651073925826 2.975 0 200 120
-14.543539387861333 -13.007238404386314 2.975 0 200 120
-14.52962317838934 -14.031825734846798 2.975 0 200 120
-15.920360282840793 13.618246203197982 2.975 0 200 120
-15.9064440733688 12.593658872737498 2.975 0 200 120
-15.89252786389681 11.569071542277014 2.975 0 200 120
-15.878611654424816 10.54448421181653 2.975 0 200 120
-15.864695444952826 9.519896881356047 2.975 0 200 120
-15.850779235480832 8.495309550895561 2.975 0 200 120
-15.836863026008842 7.470722220435078 2.975 0 200 120
-15.822946816536849 6.4461348899745925 2.975 0 200 120
-15.809030607064855 5.421547559514108 2.975 0 200 120
-15.795114397592865 4.396960229053626 2.975 0 200 120
-15.781198188120872 3.3723728985931394 2.975 0 200 120
-15.767281978648882 2.347785568132655 2.975 0 200 120
-15.753365769176888 1.323198237672171 2.975 0 200 120
-15.739449559704898 0.2986109072116886 2.975 0 200 120
-15.725533350232904 -0.7259764232487956 2.975 0 200 120
-15.711617140760914 -1.7505637537092782 2.975 0 200 120
-15.69770093128892 -2.7751510841697624 2.975 0 200 120
-15.68378472181693 -3.79973841463025 2.975 0 200 120
-15.669868512344937 -4.824325745090734 2.975 0 200 120
-15.655952302872947 -5.848913075551218 2.975 0 200 120
-15.642036093400954 -6.873500406011702 2.975 0 200 120
-15.628119883928964 -7.898087736472187 2.975 0 200 120
-15.61420367445697 -8.92267506693267 2.975 0 200 120
-15.600287464984977 -9.947262397393152 2.975 0 200 120
-15.586371255512987 -10.971849727853636 2.975 0 200 120
-15.572455046040993 -11.99643705831412 2.975 0 200 120
-15.558538836569003 -13.021024388774608 2.975 0 200 120
-15.54462262709701 -14.045611719235092 2.975 0 200 120
-16.935359731548463 13.604460218809688 2.975 0 200 120
-16.92144352207647 12.579872888349204 2.975 0 200 120
-16.90752731260448 11.55528555788872 2.975 0 200 120
-16.893611103132486 10.530698227428235 2.975 0 200 120
-16.879694893660496 9.506110896967753 2.975 0 200 120
-16.865778684188502 8.481523566507267 2.975 0 200 120
-16.851862474716512 7.456936236046783 2.975 0 200 120
-16.83794626524452 6.432348905586298 2.975 0 200 120
-16.824030055772525 5.4077615751258135 2.975 0 200 120
-16.810113846300535 4.383174244665331 2.975 0 200 120
-16.79619763682854 3.3585869142048455 2.975 0 200 120
-16.78228142735655 2.3339995837443612 2.975 0 200 120
-16.768365217884558 1.309412253283877 2.975 0 200 120
-16.754449008412568 0.28482492282339444 2.975 0 200 120
-16.740532798940574 -0.7397624076370898 2.975 0 200 120
-16.726616589468584 -1.7643497380975721 2.975 0 200 120
-16.71270037999659 -2.7889370685580563 2.975 0 200 120
-16.6987841705246 -3.813524399018544 2.975 0 200 120
-16.684867961052607 -4.838111729479029 2.975 0 200 120
-16.670951751580617 -5.862699059939513 2.975 0 200 120
-16.657035542108623 -6.887286390399997 2.975 0 200 120
-16.643119332636633 -7.9118737208604815 2.975 0 200 120
-16.62920312316464 -8.936461051320965 2.975 0 200 120
-16.615286913692646 -9.961048381781445 2.975 0 200 120
-16.601370704220656 -10.98563571224193 2.975 0 200 120
-16.587454494748663 -12.010223042702414 2.975 0 200 120
-16.573538285276673 -13.034810373162902 2.975 0 200 120
-16.55962207580468 -14.059397703623386 2.975 0 200 120
-17.950359180256132 13.590674234421394 2.975 0 200 120
-17.93644297078414 12.56608690396091 2.975 0 200 120
-17.92252676131215 11.541499573500426 2.975 0 200 120
-17.908610551840155 10.516912243039942 2.975 0 200 120
-17.894694342368165 9.492324912579459 2.975 0 200 120
-17.88077813289617 8.467737582118973 2.975 0 200 120
-17.86686192342418 7.443150251658489 2.975 0 200 120
-17.852945713952188 6.418562921198004 2.975 0 200 120
-17.839029504480195 5.3939755907375195 2.975 0 200 120
-17.825113295008205 4.369388260277037 2.975 0 200 120
-17.81119708553621 3.3448009298165515 2.975 0 200 120
-17.79728087606422 2.3202135993560673 2.975 0 200 120
-17.783364666592227 1.295626268895583 2.975 0 200 120
-17.769448457120237 0.2710389384351005 2.975 0 200 120
-17.755532247648244 -0.7535483920253837 2.975 0 200 120
-17.741616038176254 -1.778135722485866 2.975 0 200 120
-17.72769982870426 -2.8027230529463503 2.975 0 200 120
-17.71378361923227 -3.827310383406838 2.975 0 200 120
-17.699867409760277 -4.851897713867323 2.975 0 200 120
-17.685951200288287 -5.876485044327807 2.975 0 200 120
-17.672034990816293 -6.901072374788291 2.975 0 200 120
-17.658118781344303 -7.925659705248775 2.975 0 200 120
-17.64420257187231 -8.950247035709259 2.975 0 200 120
-17.630286362400316 -9.97483436616974 2.975 0 200 120
-17.616370152928326 -10.999421696630224 2.975 0 200 120
-17.588537733984342 -13.048596357551196 2.975 0 200 120
-17.57462152451235 -14.07318368801168 2.975 0 200 120
-18.965358628963802 13.5768882500331 2.975 0 200 120
-18.95144241949181 12.552300919572616 2.975 0 200 120
-18.93752621001982 11.527713589112132 2.975 0 200 120
-18.923610000547825 10.503126258651648 2.975 0 200 120
-18.909693791075835 9.478538928191165 2.975 0 200 120
-18.89577758160384 8.45395159773068 2.975 0 200 120
-18.88186137213185 7.429364267270195 2.975 0 200 120
-18.867945162659858 6.40477693680971 2.975 0 200 120
-18.854028953187864 5.380189606349226 2.975 0 200 120
-18.840112743715874 4.355602275888743 2.975 0 200 120
-18.82619653424388 3.331014945428257 2.975 0 200 120
-18.81228032477189 2.306427614967773 2.975 0 200 120
-18.798364115299897 1.281840284507289 2.975 0 200 120
-18.784447905827907 0.2572529540468065 2.975 0 200 120
-18.770531696355913 -0.7673343764136777 2.975 0 200 120
-18.756615486883923 -1.7919217068741602 2.975 0 200 120
-18.74269927741193 -2.8165090373346446 2.975 0 200 120
-18.72878306793994 -3.8410963677951324 2.975 0 200 120
-18.714866858467946 -4.865683698255617 2.975 0 200 120
-18.700950648995956 -5.890271028716101 2.975 0 200 120
-18.687034439523963 -6.914858359176585 2.975 0 200 120
-18.673118230051973 -7.939445689637069 2.975 0 200 120
-18.65920202057998 -8.964033020097553 2.975 0 200 120
-18.645285811107986 -9.988620350558033 2.975 0 200 120
-18.631369601635996 -11.013207681018518 2.975 0 200 120
-18.603537182692012 -13.06238234193949 2.975 0 200 120
-18.58962097322002 -14.086969672399974 2.975 0 200 120
18.589620973220015 14.086969672399979 4.185 0 200 120
18.60353718269201 13.062382341939495 4.185 0 200 120
18.631369601635996 11.013207681018526 4.185 0 200 120
18.645285811107982 9.988620350558044 4.185 0 200 120
18.659202020579976 8.964033020097558 4.185 0 200 120
18.67311823005197 7.9394456896370755 4.185 0 200 120
18.687034439523963 6.91485835917659 4.185 0 200 120
18.700950648995956 5.890271028716106 4.185 0 200 120
18.714866858467943 4.865683698255624 4.185 0 200 120
18.728783067939936 3.8410963677951377 4.185 0 200 120
18.74269927741193 2.8165090373346535 4.185 0 200 120
18.756615486883923 1.791921706874169 4.185 0 200 120
18.77053169635591 0.7673343764136866 4.185 0 200 120
18.784447905827903 -0.2572529540467976 4.185 0 200 120
18.798364115299897 -1.28184028450728 4.185 0 200 120
18.81228032477189 -2.306427614967764 4.185 0 200 120
18.826196534243877 -3.331014945428252 4.185 0 200 120
18.84011274371587 -4.355602275888736 4.185 0 200 120
18.854028953187864 -5.38018960634922 4.185 0 200 120
18.867945162659858 -6.4047769368097045 4.185 0 200 120
18.881861372131844 -7.429364267270189 4.185 0 200 120
18.895777581603838 -8.453951597730674 4.185 0 200 120
18.90969379107583 -9.478538928191155 4.185 0 200 120
18.923610000547825 -10.503126258651639 4.185 0 200 120
18.93752621001982 -11.527713589112123 4.185 0 200 120
18.951442419491805 -12.55230091957261 4.185 0 200 120
18.9653586289638 -13.576888250033095 4.185 0 200 120
17.574621524512345 14.073183688011685 4.185 0 200 120
17.58853773398434 13.048596357551201 4.185 0 200 120
17.616370152928322 10.999421696630233 4.185 0 200 120
17.630286362400312 9.97483436616975 4.185 0 200 120
17.644202571872306 8.950247035709264 4.185 0 200 120
17.658118781344296 7.925659705248782 4.185 0 200 120
17.67203499081629 6.9010723747882965 4.185 0 200 120
17.685951200288283 5.876485044327812 4.185 0 200 120
17.699867409760273 4.85189771386733 4.185 0 200 120
17.713783619232267 3.8273103834068434 4.185 0 200 120
17.727699828704257 2.802723052946359 4.185 0 200 120
17.74161603817625 1.778135722485875 4.185 0 200 120
17.75553224764824 0.7535483920253926 4.185 0 200 120
17.769448457120234 -0.27103893843509164 4.185 0 200 120
17.783364666592224 -1.2956262688955742 4.185 0 200 120
17.797280876064217 -2.3202135993560584 4.185 0 200 120
17.811197085536207 -3.344800929816546 4.185 0 200 120
17.8251132950082 -4.36938826027703 4.185 0 200 120
17.83902950448019 -5.393975590737514 4.185 0 200 120
17.852945713952185 -6.418562921197998 4.185 0 200 120
17.866861923424175 -7.443150251658483 4.185 0 200 120
17.880778132896168 -8.467737582118968 4.185 0 200 120
17.89469434236816 -9.492324912579448 4.185 0 200 120
17.90861055184015 -10.516912243039933 4.185 0 200 120
17.922526761312145 -11.541499573500417 4.185 0 200 120
17.936442970784135 -12.566086903960905 4.185 0 200 120
17.95035918025613 -13.590674234421389 4.185 0 200 120
16.559622075804675 14.059397703623391 4.185 0 200 120
16.57353828527667 13.034810373162907 4.185 0 200 120
16.58745449474866 12.010223042702423 4.185 0 200 120
16.601370704220653 10.985635712241939 4.185 0 200 120
16.615286913692643 9.961048381781456 4.185 0 200 120
16.629203123164636 8.93646105132097 4.185 0 200 120
16.643119332636626 7.911873720860487 4.185 0 200 120
16.65703554210862 6.887286390400002 4.185 0 200 120
16.670951751580613 5.8626990599395175 4.185 0 200 120
16.684867961052603 4.838111729479035 4.185 0 200 120
16.698784170524597 3.8135243990185494 4.185 0 200 120
16.712700379996587 2.7889370685580652 4.185 0 200 120
16.72661658946858 1.764349738097581 4.185 0 200 120
16.74053279894057 0.7397624076370986 4.185 0 200 120
16.754449008412564 -0.2848249228233857 4.185 0 200 120
16.768365217884554 -1.3094122532838681 4.185 0 200 120
16.782281427356548 -2.3339995837443523 4.185 0 200 120
16.796197636828538 -3.35858691420484 4.185 0 200 120
16.81011384630053 -4.383174244665325 4.185 0 200 120
16.82403005577252 -5.407761575125809 4.185 0 200 120
16.837946265244515 -6.432348905586293 4.185 0 200 120
16.851862474716505 -7.4569362360467775 4.185 0 200 120
16.8657786841885 -8.481523566507262 4.185 0 200 120
16.879694893660492 -9.506110896967742 4.185 0 200 120
16.893611103132482 -10.530698227428227 4.185 0 200 120
16.907527312604476 -11.55528555788871 4.185 0 200 120
16.921443522076466 -12.579872888349199 4.185 0 200 120
16.93535973154846 -13.604460218809683 4.185 0 200 120
15.544622627097004 14.045611719235097 4.185 0 200 120
15.558538836568998 13.021024388774613 4.185 0 200 120
15.572455046040988 11.996437058314129 4.185 0 200 120
15.586371255512981 10.971849727853645 4.185 0 200 120
15.600287464984971 9.947262397393162 4.185 0 200 120
15.614203674456965 8.922675066932676 4.185 0 200 120
15.628119883928955 7.898087736472193 4.185 0 200 120
15.836863026008833 -7.470722220435071 4.185 0 200 120
15.850779235480827 -8.495309550895556 4.185 0 200 120
15.86469544495282 -9.519896881356036 4.185 0 200 120
15.87861165442481 -10.54448421181652 4.185 0 200 120
15.892527863896804 -11.569071542277005 4.185 0 200 120
15.906444073368794 -12.593658872737493 4.185 0 200 120
15.920360282840788 -13.618246203197977 4.185 0 200 120
14.529623178389333 14.031825734846803 4.185 0 200 120
14.543539387861326 13.00723840438632 4.185 0 200 120
14.557455597333316 11.982651073925835 4.185 0 200 120
14.57137180680531 10.95806374346535 4.185 0 200 120
14.5852880162773 9.933476413004868 4.185 0 200 120
14.599204225749293 8.908889082544382 4.185 0 200 120
14.613120435221283 7.884301752083899 4.185 0 200 120
14.821863577301162 -7.484508204823365 4.185 0 200 120
14.835779786773156 -8.50909553528385 4.185 0 200 120
14.84969599624515 -9.53368286574433 4.185 0 200 120
14.86361220571714 -10.558270196204814 4.185 0 200 120
14.877528415189133 -11.582857526665299 4.185 0 200 120
14.891444624661123 -12.607444857125786 4.185 0 200 120
14.905360834133116 -13.63203218758627 4.185 0 200 120
13.514623729681663 14.01803975045851 4.185 0 200 120
13.528539939153656 12.993452419998025 4.185 0 200 120
13.542456148625647 11.968865089537541 4.185 0 200 120
13.55637235809764 10.944277759077057 4.185 0 200 120
13.57028856756963 9.919690428616574 4.185 0 200 120
13.584204777041624 8.895103098156088 4.185 0 200 120
13.598120986513614 7.870515767695605 4.185 0 200 120
13.612037195985607 6.84592843723512 4.185 0 200 120
13.6259534054576 5.821341106774636 4.185 0 200 120
13.63986961492959 4.796753776314153 4.185 0 200 120
13.653785824401584 3.7721664458536672 4.185 0 200 120
13.667702033873574 2.747579115393183 4.185 0 200 120
13.681618243345568 1.7229917849326988 4.185 0 200 120
13.695534452817558 0.6984044544722163 4.185 0 200 120
13.709450662289552 -0.3261828759882679 4.185 0 200 120
13.723366871761542 -1.3507702064487503 4.185 0 200 120
13.737283081233535 -2.3753575369092346 4.185 0 200 120
13.751199290705525 -3.3999448673697223 4.185 0 200 120
13.765115500177519 -4.424532197830207 4.185 0 200 120
13.806864128593492 -7.498294189211659 4.185 0 200 120
13.820780338065486 -8.522881519672143 4.185 0 200 120
13.83469654753748 -9.547468850132624 4.185 0 200 120
13.84861275700947 -10.572056180593108 4.185 0 200 120
13.862528966481463 -11.596643511053593 4.185 0 200 120
13.876445175953453 -12.62123084151408 4.185 0 200 120
13.890361385425447 -13.645818171974565 4.185 0 200 120
12.499624280973991 14.004253766070216 4.185 0 200 120
12.513540490445985 12.979666435609731 4.185 0 200 120
12.527456699917975 11.955079105149247 4.185 0 200 120
12.541372909389969 10.930491774688763 4.185 0 200 120
12.555289118861959 9.90590444422828 4.185 0 200 120
12.569205328333952 8.881317113767794 4.185 0 200 120
12.583121537805942 7.856729783307311 4.185 0 200 120
12.597037747277936 6.832142452846826 4.185 0 200 120
12.61095395674993 5.807555122386342 4.185 0 200 120
12.62487016622192 4.782967791925859 4.185 0 200 120
12.638786375693913 3.7583804614653733 4.185 0 200 120
12.652702585165903 2.733793131004889 4.185 0 200 120
12.666618794637897 1.7092058005444046 4.185 0 200 120
12.680535004109887 0.6846184700839223 4.185 0 200 120
12.69445121358188 -0.33996886037656193 4.185 0 200 120
12.70836742305387 -1.3645561908370445 4.185 0 200 120
12.722283632525864 -2.3891435212975285 4.185 0 200 120
12.736199841997854 -3.4137308517580163 4.185 0 200 120
12.750116051469847 -4.4383181822185005 4.185 0 200 120
12.79186467988582 -7.512080173599953 4.185 0 200 120
12.833613308301798 -10.585842164981402 4.185 0 200 120
12.847529517773792 -11.610429495441887 4.185 0 200 120
12.861445727245782 -12.635016825902374 4.185 0 200 120
12.875361936717775 -13.659604156362859 4.185 0 200 120
11.48462483226632 13.990467781681922 4.185 0 200 120
11.498541041738314 12.965880451221437 4.185 0 200 120
11.512457251210304 11.941293120760953 4.185 0 200 120
11.526373460682297 10.916705790300469 4.185 0 200 120
11.540289670154287 9.892118459839986 4.185 0 200 120
11.55420587962628 8.8675311293795 4.185 0 200 120
11.56812208909827 7.842943798919017 4.185 0 200 120
11.582038298570264 6.818356468458532 4.185 0 200 120
11.595954508042258 5.793769137998048 4.185 0 200 120
11.609870717514248 4.769181807537565 4.185 0 200 120
11.623786926986241 3.744594477077079 4.185 0 200 120
11.637703136458232 2.7200071466165947 4.185 0 200 120
11.651619345930225 1.6954198161561107 4.185 0 200 120
11.665535555402215 0.6708324856956283 4.185 0 200 120
11.679451764874209 -0.353754844764856 4.185 0 200 120
11.693367974346199 -1.3783421752253384 4.185 0 200 120
11.707284183818192 -2.402929505685823 4.185 0 200 120
11.721200393290182 -3.4275168361463106 4.185 0 200 120
11.735116602762176 -4.452104166606794 4.185 0 200 120
11.77686523117815 -7.525866157988247 4.185 0 200 120
11.804697650122137 -9.575040818909212 4.185 0 200 120
11.818613859594127 -10.599628149369696 4.185 0 200 120
11.83253006906612 -11.62421547983018 4.185 0 200 120
11.84644627853811 -12.648802810290668 4.185 0 200 120
11.860362488010104 -13.673390140751152 4.185 0 200 120
10.46962538355865 13.976681797293628 4.185 0 200 120
10.483541593030644 12.952094466833143 4.185 0 200 120
10.497457802502634 11.92750713637266 4.185 0 200 120
10.511374011974628 10.902919805912175 4.185 0 200 120
10.525290221446618 9.878332475451693 4.185 0 200 120
10.539206430918611 8.853745144991207 4.185 0 200 120
10.553122640390601 7.829157814530723 4.185 0 200 120
10.567038849862595 6.804570484070238 4.185 0 200 120
10.580955059334588 5.779983153609754 4.185 0 200 120
10.594871268806578 4.7553958231492715 4.185 0 200 120
10.608787478278572 3.730808492688785 4.185 0 200 120
10.622703687750562 2.706221162228301 4.185 0 200 120
10.636619897222555 1.6816338317678166 4.185 0 200 120
10.650536106694545 0.6570465013073341 4.185 0 200 120
10.664452316166539 -0.36754082915315006 4.185 0 200 120
10.678368525638529 -1.3921281596136326 4.185 0 200 120
10.692284735110523 -2.416715490074117 4.185 0 200 120
10.706200944582513 -3.4413028205346046 4.185 0 200 120
10.720117154054506 -4.465890150995088 4.185 0 200 120
10.76186578247048 -7.539652142376541 4.185 0 200 120
10.789698201414467 -9.588826803297506 4.185 0 200 120
10.803614410886457 -10.61341413375799 4.185 0 200 120
10.81753062035845 -11.638001464218474 4.185 0 200 120
10.83144682983044 -12.662588794678962 4.185 0 200 120
10.845363039302434 -13.687176125139446 4.185 0 200 120
9.454625934850979 13.962895812905334 4.185 0 200 120
9.468542144322972 12.93830848244485 4.185 0 200 120
9.482458353794962 11.913721151984365 4.185 0 200 120
9.496374563266956 10.889133821523881 4.185 0 200 120
9.510290772738946 9.864546491063399 4.185 0 200 120
9.52420698221094 8.839959160602913 4.185 0 200 120
9.53812319168293 7.815371830142428 4.185 0 200 120
9.552039401154923 6.790784499681943 4.185 0 200 120
9.565955610626917 5.766197169221459 4.185 0 200 120
9.579871820098907 4.741609838760977 4.185 0 200 120
9.5937880295709 3.717022508300491 4.185 0 200 120
9.60770423904289 2.692435177840007 4.185 0 200 120
9.621620448514884 1.6678478473795226 4.185 0 200 120
9.635536657986874 0.6432605169190401 4.185 0 200 120
9.649452867458868 -0.38132681354144415 4.185 0 200 120
9.663369076930858 -1.4059141440019265 4.185 0 200 120
9.677285286402851 -2.4305014744624107 4.185 0 200 120
9.691201495874841 -3.4550888049228985 4.185 0 200 120
9.705117705346835 -4.479676135383383 4.185 0 200 120
9.746866333762808 -7.553438126764836 4.185 0 200 120
9.760782543234802 -8.57802545722532 4.185 0 200 120
9.774698752706795 -9.6026127876858 4.185 0 200 120
9.788614962178785 -10.627200118146284 4.185 0 200 120
9.802531171650779 -11.651787448606768 4.185 0 200 120
9.816447381122769 -12.676374779067256 4.185 0 200 120
9.830363590594763 -13.70096210952774 4.185 0 200 120
8.43962648614331 13.94910982851704 4.185 0 200 120
8.453542695615303 12.924522498056556 4.185 0 200 120
8.467458905087293 11.899935167596071 4.185 0 200 120
8.481375114559286 10.875347837135587 4.185 0 200 120
8.495291324031276 9.850760506675105 4.185 0 200 120
8.50920753350327 8.826173176214619 4.185 0 200 120
8.52312374297526 7.8015858457541345 4.185 0 200 120
8.537039952447254 6.776998515293649 4.185 0 200 120
8.550956161919247 5.752411184833165 4.185 0 200 120
8.564872371391237 4.727823854372683 4.185 0 200 120
8.57878858086323 3.703236523912197 4.185 0 200 120
8.59270479033522 2.678649193451713 4.185 0 200 120
8.606620999807214 1.6540618629912285 4.185 0 200 120
8.620537209279204 0.629474532530746 4.185 0 200 120
8.634453418751198 -0.3951127979297382 4.185 0 200 120
8.648369628223188 -1.4197001283902206 4.185 0 200 120
8.662285837695181 -2.4442874588507046 4.185 0 200 120
8.676202047167171 -3.4688747893111924 4.185 0 200 120
8.690118256639165 -4.493462119771677 4.185 0 200 120
8.731866885055139 -7.56722411115313 4.185 0 200 120
8.745783094527132 -8.591811441613613 4.185 0 200 120
8.759699303999126 -9.616398772074094 4.185 0 200 120
8.773615513471116 -10.640986102534578 4.185 0 200 120
8.78753172294311 -11.665573432995062 4.185 0 200 120
8.8014479324151 -12.69016076345555 4.185 0 200 120
8.815364141887093 -13.714748093916034 4.185 0 200 120
7.424627037435636 13.935323844128746 4.185 0 200 120
7.43854324690763 12.910736513668262 4.185 0 200 120
7.45245945637962 11.886149183207777 4.185 0 200 120
7.466375665851613 10.861561852747293 4.185 0 200 120
7.480291875323603 9.83697452228681 4.185 0 200 120
7.494208084795597 8.812387191826325 4.185 0 200 120
7.508124294267587 7.787799861365841 4.185 0 200 120
7.5637891321555575 3.689450539523903 4.185 0 200 120
7.5777053416275475 2.6648632090634186 4.185 0 200 120
7.591621551099541 1.6402758786029343 4.185 0 200 120
7.605537760571531 0.615688548142452 4.185 0 200 120
7.619453970043525 -0.40889878231803223 4.185 0 200 120
7.633370179515515 -1.4334861127785148 4.185 0 200 120
7.647286388987508 -2.458073443238999 4.185 0 200 120
7.661202598459498 -3.482660773699487 4.185 0 200 120
7.675118807931492 -4.507248104159971 4.185 0 200 120
7.716867436347465 -7.581010095541424 4.185 0 200 120
7.730783645819459 -8.605597426001907 4.185 0 200 120
7.7446998552914526 -9.630184756462388 4.185 0 200 120
7.758616064763443 -10.654772086922872 4.185 0 200 120
7.772532274235436 -11.679359417383356 4.185 0 200 120
7.786448483707426 -12.703946747843844 4.185 0 200 120
7.80036469317942 -13.728534078304328 4.185 0 200 120
6.409627588727966 13.92153785974045 4.185 0 200 120
6.42354379819996 12.896950529279966 4.185 0 200 120
6.43746000767195 11.872363198819482 4.185 0 200 120
6.4513762171439435 10.847775868358998 4.185 0 200 120
6.4652924266159335 9.823188537898515 4.185 0 200 120
6.479208636087927 8.798601207438029 4.185 0 200 120
6.493124845559917 7.774013876977547 4.185 0 200 120
6.632286940279839 -2.471859427627293 4.185 0 200 120
6.7714490349997565 -12.71773273223214 4.185 0 200 120
6.78536524447175 -13.742320062692624 4.185 0 200 120
5.394628140020297 13.907751875352156 4.185 0 200 120
5.40854434949229 12.883164544891672 4.185 0 200 120
5.42246055896428 11.858577214431188 4.185 0 200 120
5.436376768436274 10.833989883970704 4.185 0 200 120
5.450292977908264 9.809402553510221 4.185 0 200 120
5.464209187380257 8.784815223049735 4.185 0 200 120
5.478125396852247 7.760227892589253 4.185 0 200 120
5.617287491572169 -2.485645412015587 4.185 0 200 120
5.756449586292087 -12.731518716620434 4.185 0 200 120
5.77036579576408 -13.756106047080918 4.185 0 200 120
4.379628691312625 13.893965890963862 4.185 0 200 120
4.393544900784619 12.869378560503378 4.185 0 200 120
4.407461110256609 11.844791230042894 4.185 0 200 120
4.421377319728602 10.82020389958241 4.185 0 200 120
4.435293529200592 9.795616569121927 4.185 0 200 120
4.449209738672586 8.771029238661441 4.185 0 200 120
4.463125948144576 7.746441908200959 4.185 0 200 120
4.602288042864497 -2.4994313964038812 4.185 0 200 120
4.741450137584415 -12.745304701008727 4.185 0 200 120
4.755366347056409 -13.769892031469212 4.185 0 200 120
3.364629242604952 13.880179906575568 4.185 0 200 120
3.3785454520769456 12.855592576115084 4.185 0 200 120
3.3924616615489356 11.8310052456546 4.185 0 200 120
3.406377871020929 10.806417915194116 4.185 0 200 120
3.420294080492919 9.781830584733633 4.185 0 200 120
3.4342102899649127 8.757243254273147 4.185 0 200 120
3.4481264994369027 7.732655923812665 4.185 0 200 120
3.4620427089088963 6.708068593352179 4.185 0 200 120
3.47595891838089 5.683481262891695 4.185 0 200 120
3.48987512785288 4.658893932431212 4.185 0 200 120
3.5037913373248735 3.6343066019707266 4.185 0 200 120
3.5177075467968635 2.6097192715102424 4.185 0 200 120
3.531623756268857 1.5851319410497582 4.185 0 200 120
3.545539965740847 0.5605446105892757 4.185 0 200 120
3.587288594156824 -2.513217380792175 4.185 0 200 120
3.6012048036288142 -3.537804711252663 4.185 0 200 120
3.615121013100808 -4.562392041713148 4.185 0 200 120
3.6568696415167814 -7.6361540330946 4.185 0 200 120
3.670785850988775 -8.660741363555085 4.185 0 200 120
3.6847020604607685 -9.685328694015565 4.185 0 200 120
3.6986182699327586 -10.70991602447605 4.185 0 200 120
3.712534479404752 -11.734503354936534 4.185 0 200 120
3.726450688876742 -12.759090685397021 4.185 0 200 120
3.7403668983487357 -13.783678015857506 4.185 0 200 120
2.349629793897286 13.866393922187275 4.185 0 200 120
2.3635460033692794 12.84180659172679 4.185 0 200 120
2.3774622128412695 11.817219261266306 4.185 0 200 120
2.391378422313263 10.792631930805822 4.185 0 200 120
2.405294631785253 9.76804460034534 4.185 0 200 120
2.4192108412572466 8.743457269884853 4.185 0 200 120
2.4331270507292366 7.71886993942437 4.185 0 200 120
2.44704326020123 6.694282608963885 4.185 0 200 120
2.4609594696732238 5.669695278503401 4.185 0 200 120
2.474875679145214 4.645107948042918 4.185 0 200 120
2.4887918886172073 3.6205206175824327 4.185 0 200 120
2.5027080980891974 2.5959332871219485 4.185 0 200 120
2.516624307561191 1.5713459566614643 4.185 0 200 120
2.530540517033181 0.5467586262009817 4.185 0 200 120
2.5444567265051745 -0.4778287042595025 4.185 0 200 120
2.5583729359771645 -1.5024160347199849 4.185 0 200 120
2.572289145449158 -2.527003365180469 4.185 0 200 120
2.586205354921148 -3.551590695640957 4.185 0 200 120
2.6001215643931417 -4.5761780261014415 4.185 0 200 120
2.6279539833371253 -6.62535268702241 4.185 0 200 120
2.6418701928091153 -7.649940017482894 4.185 0 200 120
2.655786402281109 -8.674527347943378 4.185 0 200 120
2.6697026117531024 -9.699114678403859 4.185 0 200 120
2.6836188212250924 -10.723702008864343 4.185 0 200 120
2.697535030697086 -11.748289339324828 4.185 0 200 120
2.711451240169076 -12.772876669785315 4.185 0 200 120
2.7253674496410696 -13.7974640002458 4.185 0 200 120
1.3346303451896127 13.85260793779898 4.185 0 200 120
1.3485465546616062 12.828020607338496 4.185 0 200 120
1.3624627641335962 11.803433276878012 4.185 0 200 120
1.3763789736055898 10.778845946417528 4.185 0 200 120
1.3902951830775798 9.754258615957045 4.185 0 200 120
1.4042113925495734 8.72967128549656 4.185 0 200 120
1.4181276020215634 7.705083955036076 4.185 0 200 120
1.6964517914614028 -12.78666265417361 4.185 0 200 120
1.7103680009333964 -13.811249984634093 4.185 0 200 120
0.31963089648193943 13.838821953410687 4.185 0 200 120
0.333547105953933 12.814234622950202 4.185 0 200 120
0.347463315425923 11.789647292489718 4.185 0 200 120
0.3613795248979166 10.765059962029234 4.185 0 200 120
0.3752957343699066 9.740472631568752 4.185 0 200 120
0.38921194384190017 8.715885301108266 4.185 0 200 120
0.4031281533138902 7.691297970647782 4.185 0 200 120
0.5422902480338117 -2.5545753339570574 4.185 0 200 120
0.6814523427537296 -12.800448638561903 4.185 0 200 120
0.6953685522257231 -13.825035969022387 4.185 0 200 120
-0.6953685522257267 13.825035969022393 4.185 0 200 120
-0.6814523427537331 12.800448638561909 4.185 0 200 120
-0.6675361332817431 11.775861308101424 4.185 0 200 120
-0.6536199238097495 10.75127397764094 4.185 0 200 120
-0.6397037143377595 9.726686647180458 4.185 0 200 120
-0.625787504865766 8.702099316719972 4.185 0 200 120
-0.6118712953937759 7.677511986259488 4.185 0 200 120
-0.47270920067385447 -2.5683613183453513 4.185 0 200 120
-0.33354710595393655 -12.814234622950197 4.185 0 200 120
-0.319630896481943 -13.838821953410681 4.185 0 200 120
-1.7103680009334 13.811249984634099 4.185 0 200 120
-1.6964517914614063 12.786662654173615 4.185 0 200 120
-1.6825355819894163 11.76207532371313 4.185 0 200 120
-1.6686193725174228 10.737487993252646 4.185 0 200 120
-1.6547031630454327 9.712900662792164 4.185 0 200 120
-1.6407869535734392 8.688313332331678 4.185 0 200 120
-1.6268707441014492 7.663726001871194 4.185 0 200 120
-1.6129545346294556 6.639138671410709 4.185 0 200 120
-1.599038325157462 5.614551340950225 4.185 0 200 120
-1.585122115685472 4.589964010489743 4.185 0 200 120
-1.3485465546616098 -12.828020607338491 4.185 0 200 120
-1.3346303451896162 -13.852607937798975 4.185 0 200 120
-2.725367449641073 13.797464000245805 4.185 0 200 120
-2.7114512401690796 12.77287666978532 4.185 0 200 120
-2.6975350306970896 11.748289339324836 4.185 0 200 120
-2.683618821225096 10.723702008864352 4.185 0 200 120
-2.669702611753106 9.69911467840387 4.185 0 200 120
-2.6557864022811124 8.674527347943384 4.185 0 200 120
-2.6418701928091224 7.6499400174829 4.185 0 200 120
-2.627953983337129 6.625352687022415 4.185 0 200 120
-2.6140377738651353 5.600765356561931 4.185 0 200 120
-2.5862053549211517 3.551590695640962 4.185 0 200 120
-2.5722891454491617 2.527003365180478 4.185 0 200 120
-2.558372935977168 1.5024160347199937 4.185 0 200 120
-2.544456726505178 0.47782870425951135 4.185 0 200 120
-2.5305405170331845 -0.5467586262009729 4.185 0 200 120
-2.5166243075611945 -1.5713459566614554 4.185 0 200 120
-2.502708098089201 -2.5959332871219396 4.185 0 200 120
-2.488791888617211 -3.6205206175824274 4.185 0 200 120
-2.4748756791452173 -4.645107948042911 4.185 0 200 120
-2.4609594696732273 -5.669695278503395 4.185 0 200 120
-2.4470432602012337 -6.69428260896388 4.185 0 200 120
-2.4331270507292437 -7.718869939424364 4.185 0 200 120
-2.41921084125725 -8.743457269884848 4.185 0 200 120
-2.4052946317852566 -9.768044600345329 4.185 0 200 120
-2.3913784223132666 -10.792631930805813 4.185 0 200 120
-2.377462212841273 -11.817219261266297 4.185 0 200 120
-2.363546003369283 -12.841806591726785 4.185 0 200 120
-2.3496297938972894 -13.86639392218727 4.185 0 200 120
-3.740366898348743 13.783678015857511 4.185 0 200 120
-3.7264506888767492 12.759090685397027 4.185 0 200 120
-3.7125344794047592 11.734503354936543 4.185 0 200 120
-3.6986182699327657 10.709916024476058 4.185 0 200 120
-3.6847020604607756 9.685328694015576 4.185 0 200 120
-3.670785850988782 8.66074136355509 4.185 0 200 120
-3.656869641516792 7.636154033094606 4.185 0 200 120
-3.6429534320447985 6.6115667026341205 4.185 0 200 120
-3.629037222572805 5.586979372173636 4.185 0 200 120
-3.6012048036288213 3.5378047112526683 4.185 0 200 120
-3.5872885941568313 2.513217380792184 4.185 0 200 120
-3.5733723846848378 1.4886300503316998 4.185 0 200 120
-3.5594561752128477 0.4640427198712173 4.185 0 200 120
-3.5177075467968706 -2.6097192715102335 4.185 0 200 120
-3.5037913373248806 -3.6343066019707213 4.185 0 200 120
-3.489875127852887 -4.658893932431206 4.185 0 200 120
-3.475958918380897 -5.68348126289169 4.185 0 200 120
-3.4620427089089034 -6.708068593352174 4.185 0 200 120
-3.4481264994369134 -7.732655923812659 4.185 0 200 120
-3.43421028996492 -8.757243254273142 4.185 0 200 120
-3.4202940804929263 -9.781830584733623 4.185 0 200 120
-3.4063778710209363 -10.806417915194107 4.185 0 200 120
-3.3924616615489427 -11.831005245654591 4.185 0 200 120
-3.3785454520769527 -12.855592576115079 4.185 0 200 120
-3.364629242604959 -13.880179906575563 4.185 0 200 120
-4.7553663470564125 13.769892031469217 4.185 0 200 120
-4.741450137584419 12.745304701008733 4.185 0 200 120
-4.727533928112429 11.720717370548249 4.185 0 200 120
-4.713617718640435 10.696130040087764 4.185 0 200 120
-4.699701509168445 9.671542709627282 4.185 0 200 120
-4.685785299696452 8.646955379166796 4.185 0 200 120
-4.671869090224462 7.622368048706312 4.185 0 200 120
-4.53270699550454 -2.623505255898528 4.185 0 200 120
-4.393544900784622 -12.869378560503373 4.185 0 200 120
-4.379628691312629 -13.893965890963857 4.185 0 200 120
-5.770365795764082 13.756106047080923 4.185 0 200 120
-5.756449586292089 12.731518716620439 4.185 0 200 120
-5.742533376820099 11.706931386159955 4.185 0 200 120
-5.728617167348105 10.68234405569947 4.185 0 200 120
-5.714700957876115 9.657756725238988 4.185 0 200 120
-5.700784748404121 8.633169394778502 4.185 0 200 120
-5.686868538932131 7.608582064318018 4.185 0 200 120
-5.54770644421221 -2.637291240286822 4.185 0 200 120
-5.408544349492292 -12.883164544891667 4.185 0 200 120
-5.3946281400202984 -13.907751875352151 4.185 0 200 120
-6.785365244471755 13.742320062692627 4.185 0 200 120
-6.771449034999762 12.717732732232143 4.185 0 200 120
-6.757532825527772 11.693145401771659 4.185 0 200 120
-6.743616616055778 10.668558071311175 4.185 0 200 120
-6.729700406583788 9.643970740850694 4.185 0 200 120
-6.715784197111795 8.619383410390206 4.185 0 200 120
-6.701867987639805 7.594796079929724 4.185 0 200 120
-6.562705892919883 -2.6510772246751158 4.185 0 200 120
-6.423543798199965 -12.896950529279962 4.185 0 200 120
-6.409627588727972 -13.921537859740447 4.185 0 200 120
-7.800364693179425 13.728534078304333 4.185 0 200 120
-7.7864484837074315 12.70394674784385 4.185 0 200 120
-7.7725322742354415 11.679359417383365 4.185 0 200 120
-7.758616064763448 10.65477208692288 4.185 0 200 120
-7.744699855291458 9.630184756462398 4.185 0 200 120
-7.730783645819464 8.605597426001912 4.185 0 200 120
-7.716867436347474 7.58101009554143 4.185 0 200 120
-7.702951226875481 6.556422765080945 4.185 0 200 120
-7.689035017403487 5.531835434620461 4.185 0 200 120
-7.675118807931497 4.507248104159978 4.185 0 200 120
-7.438543246907635 -12.910736513668256 4.185 0 200 120
-7.424627037435641 -13.93532384412874 4.185 0 200 120
-8.815364141887095 13.71474809391604 4.185 0 200 120
-8.801447932415101 12.690160763455555 4.185 0 200 120
-8.787531722943111 11.665573432995071 4.185 0 200 120
-8.773615513471118 10.640986102534587 4.185 0 200 120
-8.759699303999128 9.616398772074104 4.185 0 200 120
-8.745783094527134 8.591811441613618 4.185 0 200 120
-8.731866885055144 7.567224111153136 4.185 0 200 120
-8.71795067558315 6.542636780692651 4.185 0 200 120
-8.704034466111157 5.518049450232167 4.185 0 200 120
-8.690118256639167 4.493462119771684 4.185 0 200 120
-8.676202047167173 3.4688747893111977 4.185 0 200 120
-8.662285837695183 2.4442874588507135 4.185 0 200 120
-8.64836962822319 1.4197001283902295 4.185 0 200 120
-8.6344534187512 0.395112797929747 4.185 0 200 120
-8.620537209279206 -0.6294745325307372 4.185 0 200 120
-8.578788580863232 -3.703236523912192 4.185 0 200 120
-8.564872371391239 -4.727823854372676 4.185 0 200 120
-8.550956161919249 -5.75241118483316 4.185 0 200 120
-8.537039952447255 -6.776998515293644 4.185 0 200 120
-8.523123742975265 -7.801585845754128 4.185 0 200 120
-8.509207533503272 -8.826173176214613 4.185 0 200 120
-8.495291324031278 -9.850760506675094 4.185 0 200 120
-8.481375114559288 -10.875347837135578 4.185 0 200 120
-8.467458905087295 -11.899935167596063 4.185 0 200 120
-8.453542695615305 -12.92452249805655 4.185 0 200 120
-8.439626486143311 -13.949109828517035 4.185 0 200 120
-9.830363590594768 13.700962109527746 4.185 0 200 120
-9.816447381122774 12.676374779067261 4.185 0 200 120
-9.802531171650784 11.651787448606777 4.185 0 200 120
-9.78861496217879 10.627200118146293 4.185 0 200 120
-9.7746987527068 9.60261278768581 4.185 0 200 120
-9.760782543234807 8.578025457225325 4.185 0 200 120
-9.746866333762817 7.553438126764842 4.185 0 200 120
-9.732950124290824 6.528850796304356 4.185 0 200 120
-9.71903391481883 5.504263465843872 4.185 0 200 120
-9.70511770534684 4.479676135383389 4.185 0 200 120
-9.691201495874846 3.455088804922904 4.185 0 200 120
-9.677285286402856 2.4305014744624196 4.185 0 200 120
-9.663369076930863 1.4059141440019354 4.185 0 200 120
-9.649452867458873 0.3813268135414529 4.185 0 200 120
-9.63553665798688 -0.6432605169190313 4.185 0 200 120
-9.62162044851489 -1.6678478473795137 4.185 0 200 120
-9.607704239042896 -2.692435177839998 4.185 0 200 120
-9.593788029570906 -3.7170225083004858 4.185 0 200 120
-9.579871820098912 -4.74160983876097 4.185 0 200 120
-9.565955610626922 -5.766197169221455 4.185 0 200 120
-9.552039401154929 -6.790784499681939 4.185 0 200 120
-9.538123191682939 -7.815371830142423 4.185 0 200 120
-9.524206982210945 -8.839959160602907 4.185 0 200 120
-9.510290772738951 -9.864546491063388 4.185 0 200 120
-9.496374563266961 -10.889133821523872 4.185 0 200 120
-9.482458353794968 -11.913721151984356 4.185 0 200 120
-9.468542144322978 -12.938308482444844 4.185 0 200 120
-9.454625934850984 -13.962895812905328 4.185 0 200 120
-10.845363039302438 13.687176125139452 4.185 0 200 120
-10.831446829830444 12.662588794678967 4.185 0 200 120
-10.817530620358454 11.638001464218483 4.185 0 200 120
-10.80361441088646 10.613414133757999 4.185 0 200 120
-10.78969820141447 9.588826803297517 4.185 0 200 120
-10.775781991942477 8.56423947283703 4.185 0 200 120
-10.636619897222559 -1.6816338317678077 4.185 0 200 120
-10.622703687750565 -2.706221162228292 4.185 0 200 120
-10.483541593030647 -12.952094466833138 4.185 0 200 120
-10.469625383558654 -13.976681797293622 4.185 0 200 120
-11.860362488010107 13.673390140751158 4.185 0 200 120
-11.846446278538114 12.648802810290674 4.185 0 200 120
-11.832530069066124 11.62421547983019 4.185 0 200 120
-11.81861385959413 10.599628149369705 4.185 0 200 120
-11.80469765012214 9.575040818909223 4.185 0 200 120
-11.790781440650147 8.550453488448737 4.185 0 200 120
-11.651619345930229 -1.6954198161561018 4.185 0 200 120
-11.637703136458235 -2.7200071466165863 4.185 0 200 120
-11.498541041738317 -12.965880451221432 4.185 0 200 120
-11.484624832266324 -13.990467781681916 4.185 0 200 120
-12.875361936717777 13.659604156362864 4.185 0 200 120
-12.861445727245783 12.63501682590238 4.185 0 200 120
-12.847529517773793 11.610429495441895 4.185 0 200 120
-12.8336133083018 10.585842164981411 4.185 0 200 120
-12.81969709882981 9.561254834520929 4.185 0 200 120
-12.805780889357816 8.536667504060443 4.185 0 200 120
-12.666618794637898 -1.709205800544396 4.185 0 200 120
-12.652702585165905 -2.73379313100488 4.185 0 200 120
-12.513540490445987 -12.979666435609726 4.185 0 200 120
-12.499624280973993 -14.00425376607021 4.185 0 200 120
-13.890361385425447 13.64581817197457 4.185 0 200 120
-13.876445175953453 12.621230841514086 4.185 0 200 120
-13.862528966481463 11.596643511053601 4.185 0 200 120
-13.84861275700947 10.572056180593117 4.185 0 200 120
-13.83469654753748 9.547468850132635 4.185 0 200 120
-13.820780338065486 8.522881519672149 4.185 0 200 120
-13.806864128593496 7.4982941892116655 4.185 0 200 120
-13.792947919121502 6.47370685875118 4.185 0 200 120
-13.779031709649509 5.449119528290696 4.185 0 200 120
-13.765115500177519 4.424532197830214 4.185 0 200 120
-13.751199290705525 3.3999448673697277 4.185 0 200 120
-13.737283081233535 2.3753575369092434 4.185 0 200 120
-13.723366871761542 1.3507702064487592 4.185 0 200 120
-13.709450662289552 0.3261828759882767 4.185 0 200 120
-13.695534452817558 -0.6984044544722074 4.185 0 200 120
-13.681618243345568 -1.72299178493269 4.185 0 200 120
-13.667702033873574 -2.747579115393174 4.185 0 200 120
-13.653785824401584 -3.772166445853662 4.185 0 200 120
-13.63986961492959 -4.796753776314146 4.185 0 200 120
-13.6259534054576 -5.82134110677463 4.185 0 200 120
-13.612037195985607 -6.845928437235115 4.185 0 200 120
-13.598120986513617 -7.870515767695599 4.185 0 200 120
-13.584204777041624 -8.895103098156083 4.185 0 200 120
-13.57028856756963 -9.919690428616564 4.185 0 200 120
-13.55637235809764 -10.944277759077048 4.185 0 200 120
-13.542456148625647 -11.968865089537532 4.185 0 200 120
-13.528539939153656 -12.99345241999802 4.185 0 200 120
-13.514623729681663 -14.018039750458504 4.185 0 200 120
-14.905360834133123 13.632032187586276 4.185 0 200 120
-14.89144462466113 12.607444857125792 4.185 0 200 120
-14.87752841518914 11.582857526665308 4.185 0 200 120
-14.738366320469218 1.336984222060465 4.185 0 200 120
-14.724450110997228 0.31239689159998263 4.185 0 200 120
-14.710533901525235 -0.7121904388605016 4.185 0 200 120
-14.696617692053245 -1.736777769320984 4.185 0 200 120
-14.682701482581251 -2.761365099781468 4.185 0 200 120
-14.668785273109261 -3.785952430241956 4.185 0 200 120
-14.654869063637268 -4.81053976070244 4.185 0 200 120
-14.640952854165278 -5.835127091162924 4.185 0 200 120
-14.627036644693284 -6.8597144216234085 4.185 0 200 120
-14.613120435221294 -7.884301752083893 4.185 0 200 120
-14.5992042257493 -8.908889082544377 4.185 0 200 120
-14.585288016277307 -9.933476413004858 4.185 0 200 120
-14.571371806805317 -10.958063743465342 4.185 0 200 120
-14.557455597333323 -11.982651073925826 4.185 0 200 120
-14.543539387861333 -13.007238404386314 4.185 0 200 120
-14.52962317838934 -14.031825734846798 4.185 0 200 120
-15.920360282840793 13.618246203197982 4.185 0 200 120
-15.9064440733688 12.593658872737498 4.185 0 200 120
-15.89252786389681 11.569071542277014 4.185 0 200 120
-15.878611654424816 10.54448421181653 4.185 0 200 120
-15.864695444952826 9.519896881356047 4.185 0 200 120
-15.850779235480832 8.495309550895561 4.185 0 200 120
-15.836863026008842 7.470722220435078 4.185 0 200 120
-15.753365769176888 1.323198237672171 4.185 0 200 120
-15.739449559704898 0.2986109072116886 4.185 0 200 120
-15.725533350232904 -0.7259764232487956 4.185 0 200 120
-15.711617140760914 -1.7505637537092782 4.185 0 200 120
-15.69770093128892 -2.7751510841697624 4.185 0 200 120
-15.68378472181693 -3.79973841463025 4.185 0 200 120
-15.669868512344937 -4.824325745090734 4.185 0 200 120
-15.655952302872947 -5.848913075551218 4.185 0 200 120
-15.642036093400954 -6.873500406011702 4.185 0 200 120
-15.628119883928964 -7.898087736472187 4.185 0 200 120
-15.61420367445697 -8.92267506693267 4.185 0 200 120
-15.600287464984977 -9.947262397393152 4.185 0 200 120
-15.586371255512987 -10.971849727853636 4.185 0 200 120
-15.572455046040993 -11.99643705831412 4.185 0 200 120
-15.558538836569003 -13.021024388774608 4.185 0 200 120
-15.54462262709701 -14.045611719235092 4.185 0 200 120
-16.935359731548463 13.604460218809688 4.185 0 200 120
-16.92144352207647 12.579872888349204 4.185 0 200 120
-16.90752731260448 11.55528555788872 4.185 0 200 120
-16.893611103132486 10.530698227428235 4.185 0 200 120
-16.879694893660496 9.506110896967753 4.185 0 200 120
-16.865778684188502 8.481523566507267 4.185 0 200 120
-16.851862474716512 7.456936236046783 4.185 0 200 120
-16.83794626524452 6.432348905586298 4.185 0 200 120
-16.824030055772525 5.4077615751258135 4.185 0 200 120
-16.810113846300535 4.383174244665331 4.185 0 200 120
-16.79619763682854 3.3585869142048455 4.185 0 200 120
-16.78228142735655 2.3339995837443612 4.185 0 200 120
-16.768365217884558 1.309412253283877 4.185 0 200 120
-16.754449008412568 0.28482492282339444 4.185 0 200 120
-16.740532798940574 -0.7397624076370898 4.185 0 200 120
-16.726616589468584 -1.7643497380975721 4.185 0 200 120
-16.71270037999659 -2.7889370685580563 4.185 0 200 120
-16.6987841705246 -3.813524399018544 4.185 0 200 120
-16.684867961052607 -4.838111729479029 4.185 0 200 120
-16.670951751580617 -5.862699059939513 4.185 0 200 120
-16.657035542108623 -6.887286390399997 4.185 0 200 120
-16.643119332636633 -7.9118737208604815 4.185 0 200 120
-16.62920312316464 -8.936461051320965 4.185 0 200 120
-16.615286913692646 -9.961048381781445 4.185 0 200 120
-16.601370704220656 -10.98563571224193 4.185 0 200 120
-16.587454494748663 -12.010223042702414 4.185 0 200 120
-16.573538285276673 -13.034810373162902 4.185 0 200 120
-16.55962207580468 -14.059397703623386 4.185 0 200 120
-17.950359180256132 13.590674234421394 4.185 0 200 120
-17.93644297078414 12.56608690396091 4.185 0 200 120
-17.92252676131215 11.541499573500426 4.185 0 200 120
-17.908610551840155 10.516912243039942 4.185 0 200 120
-17.894694342368165 9.492324912579459 4.185 0 200 120
-17.88077813289617 8.467737582118973 4.185 0 200 120
-17.86686192342418 7.443150251658489 4.185 0 200 120
-17.852945713952188 6.418562921198004 4.185 0 200 120
-17.839029504480195 5.3939755907375195 4.185 0 200 120
-17.825113295008205 4.369388260277037 4.185 0 200 120
-17.81119708553621 3.3448009298165515 4.185 0 200 120
-17.79728087606422 2.3202135993560673 4.185 0 200 120
-17.783364666592227 1.295626268895583 4.185 0 200 120
-17.769448457120237 0.2710389384351005 4.185 0 200 120
-17.755532247648244 -0.7535483920253837 4.185 0 200 120
-17.741616038176254 -1.778135722485866 4.185 0 200 120
-17.72769982870426 -2.8027230529463503 4.185 0 200 120
-17.71378361923227 -3.827310383406838 4.185 0 200 120
-17.699867409760277 -4.851897713867323 4.185 0 200 120
-17.685951200288287 -5.876485044327807 4.185 0 200 120
-17.672034990816293 -6.901072374788291 4.185 0 200 120
-17.658118781344303 -7.925659705248775 4.185 0 200 120
-17.64420257187231 -8.950247035709259 4.185 0 200 120
-17.630286362400316 -9.97483436616974 4.185 0 200 120
-17.616370152928326 -10.999421696630224 4.185 0 200 120
-17.588537733984342 -13.048596357551196 4.185 0 200 120
-17.57462152451235 -14.07318368801168 4.185 0 200 120
-18.965358628963802 13.5768882500331 4.185 0 200 120
-18.95144241949181 12.552300919572616 4.185 0 200 120
-18.93752621001982 11.527713589112132 4.185 0 200 120
-18.923610000547825 10.503126258651648 4.185 0 200 120
-18.909693791075835 9.478538928191165 4.185 0 200 120
-18.89577758160384 8.45395159773068 4.185 0 200 120
-18.88186137213185 7.429364267270195 4.185 0 200 120
-18.867945162659858 6.40477693680971 4.185 0 200 120
-18.854028953187864 5.380189606349226 4.185 0 200 120
-18.840112743715874 4.355602275888743 4.185 0 200 120
-18.82619653424388 3.331014945428257 4.185 0 200 120
-18.81228032477189 2.306427614967773 4.185 0 200 120
-18.798364115299897 1.281840284507289 4.185 0 200 120
-18.784447905827907 0.2572529540468065 4.185 0 200 120
-18.770531696355913 -0.7673343764136777 4.185 0 200 120
-18.756615486883923 -1.7919217068741602 4.185 0 200 120
-18.74269927741193 -2.8165090373346446 4.185 0 200 120
-18.72878306793994 -3.8410963677951324 4.185 0 200 120
-18.714866858467946 -4.865683698255617 4.185 0 200 120
-18.700950648995956 -5.890271028716101 4.185 0 200 120
-18.687034439523963 -6.914858359176585 4.185 0 200 120
-18.673118230051973 -7.939445689637069 4.185 0 200 120
-18.65920202057998 -8.964033020097553 4.185 0 200 120
-18.645285811107986 -9.988620350558033 4.185 0 200 120
-18.631369601635996 -11.013207681018518 4.185 0 200 120
-18.603537182692012 -13.06238234193949 4.185 0 200 120
-18.58962097322002 -14.086969672399974 4.185 0 200 120
18.589620973220015 14.086969672399979 5.3950000000000005 0 200 120
18.60353718269201 13.062382341939495 5.3950000000000005 0 200 120
18.617453392164002 12.03779501147901 5.3950000000000005 0 200 120
18.631369601635996 11.013207681018526 5.3950000000000005 0 200 120
18.645285811107982 9.988620350558044 5.3950000000000005 0 200 120
18.659202020579976 8.964033020097558 5.3950000000000005 0 200 120
18.67311823005197 7.9394456896370755 5.3950000000000005 0 200 120
18.687034439523963 6.91485835917659 5.3950000000000005 0 200 120
18.700950648995956 5.890271028716106 5.3950000000000005 0 200 120
18.714866858467943 4.865683698255624 5.3950000000000005 0 200 120
18.728783067939936 3.8410963677951377 5.3950000000000005 0 200 120
18.74269927741193 2.8165090373346535 5.3950000000000005 0 200 120
18.756615486883923 1.791921706874169 5.3950000000000005 0 200 120
18.77053169635591 0.7673343764136866 5.3950000000000005 0 200 120
18.784447905827903 -0.2572529540467976 5.3950000000000005 0 200 120
18.798364115299897 -1.28184028450728 5.3950000000000005 0 200 120
18.81228032477189 -2.306427614967764 5.3950000000000005 0 200 120
18.826196534243877 -3.331014945428252 5.3950000000000005 0 200 120
18.84011274371587 -4.355602275888736 5.3950000000000005 0 200 120
18.854028953187864 -5.38018960634922 5.3950000000000005 0 200 120
18.867945162659858 -6.4047769368097045 5.3950000000000005 0 200 120
18.881861372131844 -7.429364267270189 5.3950000000000005 0 200 120
18.895777581603838 -8.453951597730674 5.3950000000000005 0 200 120
18.90969379107583 -9.478538928191155 5.3950000000000005 0 200 120
18.923610000547825 -10.503126258651639 5.3950000000000005 0 200 120
18.93752621001982 -11.527713589112123 5.3950000000000005 0 200 120
18.951442419491805 -12.55230091957261 5.3950000000000005 0 200 120
18.9653586289638 -13.576888250033095 5.3950000000000005 0 200 120
17.574621524512345 14.073183688011685 5.3950000000000005 0 200 120
17.58853773398434 13.048596357551201 5.3950000000000005 0 200 120
17.60245394345633 12.024009027090717 5.3950000000000005 0 200 120
17.616370152928322 10.999421696630233 5.3950000000000005 0 200 120
17.630286362400312 9.97483436616975 5.3950000000000005 0 200 120
17.644202571872306 8.950247035709264 5.3950000000000005 0 200 120
17.658118781344296 7.925659705248782 5.3950000000000005 0 200 120
17.67203499081629 6.9010723747882965 5.3950000000000005 0 200 120
17.685951200288283 5.876485044327812 5.3950000000000005 0 200 120
17.699867409760273 4.85189771386733 5.3950000000000005 0 200 120
17.713783619232267 3.8273103834068434 5.3950000000000005 0 200 120
17.727699828704257 2.802723052946359 5.3950000000000005 0 200 120
17.74161603817625 1.778135722485875 5.3950000000000005 0 200 120
17.75553224764824 0.7535483920253926 5.3950000000000005 0 200 120
17.769448457120234 -0.27103893843509164 5.3950000000000005 0 200 120
17.783364666592224 -1.2956262688955742 5.3950000000000005 0 200 120
17.797280876064217 -2.3202135993560584 5.3950000000000005 0 200 120
17.811197085536207 -3.344800929816546 5.3950000000000005 0 200 120
17.8251132950082 -4.36938826027703 5.3950000000000005 0 200 120
17.83902950448019 -5.393975590737514 5.3950000000000005 0 200 120
17.852945713952185 -6.418562921197998 5.3950000000000005 0 200 120
17.866861923424175 -7.443150251658483 5.3950000000000005 0 200 120
17.880778132896168 -8.467737582118968 5.3950000000000005 0 200 120
17.89469434236816 -9.492324912579448 5.3950000000000005 0 200 120
17.90861055184015 -10.516912243039933 5.3950000000000005 0 200 120
17.922526761312145 -11.541499573500417 5.3950000000000005 0 200 120
17.936442970784135 -12.566086903960905 5.3950000000000005 0 200 120
17.95035918025613 -13.590674234421389 5.3950000000000005 0 200 120
16.559622075804675 14.059397703623391 5.3950000000000005 0 200 120
16.57353828527667 13.034810373162907 5.3950000000000005 0 200 120
16.58745449474866 12.010223042702423 5.3950000000000005 0 200 120
16.601370704220653 10.985635712241939 5.3950000000000005 0 200 120
16.615286913692643 9.961048381781456 5.3950000000000005 0 200 120
16.629203123164636 8.93646105132097 5.3950000000000005 0 200 120
16.643119332636626 7.911873720860487 5.3950000000000005 0 200 120
16.65703554210862 6.887286390400002 5.3950000000000005 0 200 120
16.670951751580613 5.8626990599395175 5.3950000000000005 0 200 120
16.684867961052603 4.838111729479035 5.3950000000000005 0 200 120
16.698784170524597 3.8135243990185494 5.3950000000000005 0 200 120
16.712700379996587 2.7889370685580652 5.3950000000000005 0 200 120
16.72661658946858 1.764349738097581 5.3950000000000005 0 200 120
16.74053279894057 0.7397624076370986 5.3950000000000005 0 200 120
16.754449008412564 -0.2848249228233857 5.3950000000000005 0 200 120
16.768365217884554 -1.3094122532838681 5.3950000000000005 0 200 120
16.782281427356548 -2.3339995837443523 5.3950000000000005 0 200 120
16.796197636828538 -3.35858691420484 5.3950000000000005 0 200 120
16.81011384630053 -4.383174244665325 5.3950000000000005 0 200 120
16.82403005577252 -5.407761575125809 5.3950000000000005 0 200 120
16.837946265244515 -6.432348905586293 5.3950000000000005 0 200 120
16.851862474716505 -7.4569362360467775 5.3950000000000005 0 200 120
16.8657786841885 -8.481523566507262 5.3950000000000005 0 200 120
16.879694893660492 -9.506110896967742 5.3950000000000005 0 200 120
16.893611103132482 -10.530698227428227 5.3950000000000005 0 200 120
16.907527312604476 -11.55528555788871 5.3950000000000005 0 200 120
16.921443522076466 -12.579872888349199 5.3950000000000005 0 200 120
16.93535973154846 -13.604460218809683 5.3950000000000005 0 200 120
15.544622627097004 14.045611719235097 5.3950000000000005 0 200 120
15.558538836568998 13.021024388774613 5.3950000000000005 0 200 120
15.572455046040988 11.996437058314129 5.3950000000000005 0 200 120
15.586371255512981 10.971849727853645 5.3950000000000005 0 200 120
15.600287464984971 9.947262397393162 5.3950000000000005 0 200 120
15.614203674456965 8.922675066932676 5.3950000000000005 0 200 120
15.628119883928955 7.898087736472193 5.3950000000000005 0 200 120
15.642036093400948 6.873500406011708 5.3950000000000005 0 200 120
15.655952302872942 5.8489130755512235 5.3950000000000005 0 200 120
15.669868512344932 4.824325745090741 5.3950000000000005 0 200 120
15.683784721816926 3.7997384146302555 5.3950000000000005 0 200 120
15.697700931288916 2.7751510841697713 5.3950000000000005 0 200 120
15.711617140760909 1.7505637537092869 5.3950000000000005 0 200 120
15.725533350232899 0.7259764232488045 5.3950000000000005 0 200 120
15.739449559704893 -0.29861090721167977 5.3950000000000005 0 200 120
15.753365769176883 -1.3231982376721623 5.3950000000000005 0 200 120
15.767281978648876 -2.3477855681326463 5.3950000000000005 0 200 120
15.781198188120866 -3.372372898593134 5.3950000000000005 0 200 120
15.79511439759286 -4.396960229053619 5.3950000000000005 0 200 120
15.836863026008833 -7.470722220435071 5.3950000000000005 0 200 120
15.850779235480827 -8.495309550895556 5.3950000000000005 0 200 120
15.86469544495282 -9.519896881356036 5.3950000000000005 0 200 120
15.87861165442481 -10.54448421181652 5.3950000000000005 0 200 120
15.892527863896804 -11.569071542277005 5.3950000000000005 0 200 120
15.906444073368794 -12.593658872737493 5.3950000000000005 0 200 120
15.920360282840788 -13.618246203197977 5.3950000000000005 0 200 120
14.529623178389333 14.031825734846803 5.3950000000000005 0 200 120
14.543539387861326 13.00723840438632 5.3950000000000005 0 200 120
14.557455597333316 11.982651073925835 5.3950000000000005 0 200 120
14.57137180680531 10.95806374346535 5.3950000000000005 0 200 120
14.5852880162773 9.933476413004868 5.3950000000000005 0 200 120
14.599204225749293 8.908889082544382 5.3950000000000005 0 200 120
14.613120435221283 7.884301752083899 5.3950000000000005 0 200 120
14.627036644693277 6.859714421623414 5.3950000000000005 0 200 120
14.64095285416527 5.83512709116293 5.3950000000000005 0 200 120
14.65486906363726 4.810539760702447 5.3950000000000005 0 200 120
14.668785273109254 3.785952430241961 5.3950000000000005 0 200 120
14.682701482581244 2.761365099781477 5.3950000000000005 0 200 120
14.696617692053238 1.736777769320993 5.3950000000000005 0 200 120
14.710533901525228 0.7121904388605104 5.3950000000000005 0 200 120
14.724450110997221 -0.31239689159997386 5.3950000000000005 0 200 120
14.738366320469211 -1.3369842220604562 5.3950000000000005 0 200 120
14.752282529941205 -2.3615715525209406 5.3950000000000005 0 200 120
14.766198739413195 -3.3861588829814284 5.3950000000000005 0 200 120
14.780114948885188 -4.410746213441913 5.3950000000000005 0 200 120
14.821863577301162 -7.484508204823365 5.3950000000000005 0 200 120
14.835779786773156 -8.50909553528385 5.3950000000000005 0 200 120
14.84969599624515 -9.53368286574433 5.3950000000000005 0 200 120
14.86361220571714 -10.558270196204814 5.3950000000000005 0 200 120
14.877528415189133 -11.582857526665299 5.3950000000000005 0 200 120
14.891444624661123 -12.607444857125786 5.3950000000000005 0 200 120
14.905360834133116 -13.63203218758627 5.3950000000000005 0 200 120
13.514623729681663 14.01803975045851 5.3950000000000005 0 200 120
13.528539939153656 12.993452419998025 5.3950000000000005 0 200 120
13.542456148625647 11.968865089537541 5.3950000000000005 0 200 120
13.55637235809764 10.944277759077057 5.3950000000000005 0 200 120
13.57028856756963 9.919690428616574 5.3950000000000005 0 200 120
13.584204777041624 8.895103098156088 5.3950000000000005 0 200 120
13.598120986513614 7.870515767695605 5.3950000000000005 0 200 120
13.612037195985607 6.84592843723512 5.3950000000000005 0 200 120
13.6259534054576 5.821341106774636 5.3950000000000005 0 200 120
13.63986961492959 4.796753776314153 5.3950000000000005 0 200 120
13.653785824401584 3.7721664458536672 5.3950000000000005 0 200 120
13.667702033873574 2.747579115393183 5.3950000000000005 0 200 120
13.681618243345568 1.7229917849326988 5.3950000000000005 0 200 120
13.695534452817558 0.6984044544722163 5.3950000000000005 0 200 120
13.709450662289552 -0.3261828759882679 5.3950000000000005 0 200 120
13.723366871761542 -1.3507702064487503 5.3950000000000005 0 200 120
13.737283081233535 -2.3753575369092346 5.3950000000000005 0 200 120
13.751199290705525 -3.3999448673697223 5.3950000000000005 0 200 120
13.765115500177519 -4.424532197830207 5.3950000000000005 0 200 120
13.806864128593492 -7.498294189211659 5.3950000000000005 0 200 120
13.820780338065486 -8.522881519672143 5.3950000000000005 0 200 120
13.83469654753748 -9.547468850132624 5.3950000000000005 0 200 120
13.84861275700947 -10.572056180593108 5.3950000000000005 0 200 120
13.862528966481463 -11.596643511053593 5.3950000000000005 0 200 120
13.876445175953453 -12.62123084151408 5.3950000000000005 0 200 120
13.890361385425447 -13.645818171974565 5.3950000000000005 0 200 120
12.499624280973991 14.004253766070216 5.3950000000000005 0 200 120
12.513540490445985 12.979666435609731 5.3950000000000005 0 200 120
12.527456699917975 11.955079105149247 5.3950000000000005 0 200 120
12.541372909389969 10.930491774688763 5.3950000000000005 0 200 120
12.555289118861959 9.90590444422828 5.3950000000000005 0 200 120
12.569205328333952 8.881317113767794 5.3950000000000005 0 200 120
12.583121537805942 7.856729783307311 5.3950000000000005 0 200 120
12.597037747277936 6.832142452846826 5.3950000000000005 0 200 120
12.61095395674993 5.807555122386342 5.3950000000000005 0 200 120
12.62487016622192 4.782967791925859 5.3950000000000005 0 200 120
12.638786375693913 3.7583804614653733 5.3950000000000005 0 200 120
12.652702585165903 2.733793131004889 5.3950000000000005 0 200 120
12.666618794637897 1.7092058005444046 5.3950000000000005 0 200 120
12.70836742305387 -1.3645561908370445 5.3950000000000005 0 200 120
12.722283632525864 -2.3891435212975285 5.3950000000000005 0 200 120
12.736199841997854 -3.4137308517580163 5.3950000000000005 0 200 120
12.750116051469847 -4.4383181822185005 5.3950000000000005 0 200 120
12.79186467988582 -7.512080173599953 5.3950000000000005 0 200 120
12.805780889357814 -8.536667504060437 5.3950000000000005 0 200 120
12.819697098829808 -9.561254834520918 5.3950000000000005 0 200 120
12.833613308301798 -10.585842164981402 5.3950000000000005 0 200 120
12.847529517773792 -11.610429495441887 5.3950000000000005 0 200 120
12.861445727245782 -12.635016825902374 5.3950000000000005 0 200 120
12.875361936717775 -13.659604156362859 5.3950000000000005 0 200 120
11.48462483226632 13.990467781681922 5.3950000000000005 0 200 120
11.498541041738314 12.965880451221437 5.3950000000000005 0 200 120
11.512457251210304 11.941293120760953 5.3950000000000005 0 200 120
11.526373460682297 10.916705790300469 5.3950000000000005 0 200 120
11.540289670154287 9.892118459839986 5.3950000000000005 0 200 120
11.55420587962628 8.8675311293795 5.3950000000000005 0 200 120
11.56812208909827 7.842943798919017 5.3950000000000005 0 200 120
11.582038298570264 6.818356468458532 5.3950000000000005 0 200 120
11.595954508042258 5.793769137998048 5.3950000000000005 0 200 120
11.609870717514248 4.769181807537565 5.3950000000000005 0 200 120
11.623786926986241 3.744594477077079 5.3950000000000005 0 200 120
11.637703136458232 2.7200071466165947 5.3950000000000005 0 200 120
11.651619345930225 1.6954198161561107 5.3950000000000005 0 200 120
11.693367974346199 -1.3783421752253384 5.3950000000000005 0 200 120
11.707284183818192 -2.402929505685823 5.3950000000000005 0 200 120
11.721200393290182 -3.4275168361463106 5.3950000000000005 0 200 120
11.735116602762176 -4.452104166606794 5.3950000000000005 0 200 120
11.77686523117815 -7.525866157988247 5.3950000000000005 0 200 120
11.790781440650143 -8.550453488448731 5.3950000000000005 0 200 120
11.804697650122137 -9.575040818909212 5.3950000000000005 0 200 120
11.818613859594127 -10.599628149369696 5.3950000000000005 0 200 120
11.83253006906612 -11.62421547983018 5.3950000000000005 0 200 120
11.84644627853811 -12.648802810290668 5.3950000000000005 0 200 120
11.860362488010104 -13.673390140751152 5.3950000000000005 0 200 120
10.46962538355865 13.976681797293628 5.3950000000000005 0 200 120
10.483541593030644 12.952094466833143 5.3950000000000005 0 200 120
10.497457802502634 11.92750713637266 5.3950000000000005 0 200 120
10.511374011974628 10.902919805912175 5.3950000000000005 0 200 120
10.525290221446618 9.878332475451693 5.3950000000000005 0 200 120
10.539206430918611 8.853745144991207 5.3950000000000005 0 200 120
10.553122640390601 7.829157814530723 5.3950000000000005 0 200 120
10.567038849862595 6.804570484070238 5.3950000000000005 0 200 120
10.580955059334588 5.779983153609754 5.3950000000000005 0 200 120
10.594871268806578 4.7553958231492715 5.3950000000000005 0 200 120
10.608787478278572 3.730808492688785 5.3950000000000005 0 200 120
10.622703687750562 2.706221162228301 5.3950000000000005 0 200 120
10.636619897222555 1.6816338317678166 5.3950000000000005 0 200 120
10.678368525638529 -1.3921281596136326 5.3950000000000005 0 200 120
10.692284735110523 -2.416715490074117 5.3950000000000005 0 200 120
10.706200944582513 -3.4413028205346046 5.3950000000000005 0 200 120
10.720117154054506 -4.465890150995088 5.3950000000000005 0 200 120
10.76186578247048 -7.539652142376541 5.3950000000000005 0 200 120
10.775781991942473 -8.564239472837025 5.3950000000000005 0 200 120
10.789698201414467 -9.588826803297506 5.3950000000000005 0 200 120
10.803614410886457 -10.61341413375799 5.3950000000000005 0 200 120
10.81753062035845 -11.638001464218474 5.3950000000000005 0 200 120
10.83144682983044 -12.662588794678962 5.3950000000000005 0 200 120
10.845363039302434 -13.687176125139446 5.3950000000000005 0 200 120
9.454625934850979 13.962895812905334 5.3950000000000005 0 200 120
9.468542144322972 12.93830848244485 5.3950000000000005 0 200 120
9.482458353794962 11.913721151984365 5.3950000000000005 0 200 120
9.496374563266956 10.889133821523881 5.3950000000000005 0 200 120
9.510290772738946 9.864546491063399 5.3950000000000005 0 200 120
9.52420698221094 8.839959160602913 5.3950000000000005 0 200 120
9.53812319168293 7.815371830142428 5.3950000000000005 0 200 120
9.552039401154923 6.790784499681943 5.3950000000000005 0 200 120
9.565955610626917 5.766197169221459 5.3950000000000005 0 200 120
9.579871820098907 4.741609838760977 5.3950000000000005 0 200 120
9.5937880295709 3.717022508300491 5.3950000000000005 0 200 120
9.60770423904289 2.692435177840007 5.3950000000000005 0 200 120
9.621620448514884 1.6678478473795226 5.3950000000000005 0 200 120
9.663369076930858 -1.4059141440019265 5.3950000000000005 0 200 120
9.677285286402851 -2.4305014744624107 5.3950000000000005 0 200 120
9.691201495874841 -3.4550888049228985 5.3950000000000005 0 200 120
9.705117705346835 -4.479676135383383 5.3950000000000005 0 200 120
9.746866333762808 -7.553438126764836 5.3950000000000005 0 200 120
9.760782543234802 -8.57802545722532 5.3950000000000005 0 200 120
9.774698752706795 -9.6026127876858 5.3950000000000005 0 200 120
9.788614962178785 -10.627200118146284 5.3950000000000005 0 200 120
9.802531171650779 -11.651787448606768 5.3950000000000005 0 200 120
9.816447381122769 -12.676374779067256 5.3950000000000005 0 200 120
9.830363590594763 -13.70096210952774 5.3950000000000005 0 200 120
8.43962648614331 13.94910982851704 5.3950000000000005 0 200 120
8.453542695615303 12.924522498056556 5.3950000000000005 0 200 120
8.467458905087293 11.899935167596071 5.3950000000000005 0 200 120
8.481375114559286 10.875347837135587 5.3950000000000005 0 200 120
8.495291324031276 9.850760506675105 5.3950000000000005 0 200 120
8.50920753350327 8.826173176214619 5.3950000000000005 0 200 120
8.52312374297526 7.8015858457541345 5.3950000000000005 0 200 120
8.537039952447254 6.776998515293649 5.3950000000000005 0 200 120
8.550956161919247 5.752411184833165 5.3950000000000005 0 200 120
8.564872371391237 4.727823854372683 5.3950000000000005 0 200 120
8.57878858086323 3.703236523912197 5.3950000000000005 0 200 120
8.59270479033522 2.678649193451713 5.3950000000000005 0 200 120
8.606620999807214 1.6540618629912285 5.3950000000000005 0 200 120
8.648369628223188 -1.4197001283902206 5.3950000000000005 0 200 120
8.662285837695181 -2.4442874588507046 5.3950000000000005 0 200 120
8.676202047167171 -3.4688747893111924 5.3950000000000005 0 200 120
8.690118256639165 -4.493462119771677 5.3950000000000005 0 200 120
8.731866885055139 -7.56722411115313 5.3950000000000005 0 200 120
8.745783094527132 -8.591811441613613 5.3950000000000005 0 200 120
8.759699303999126 -9.616398772074094 5.3950000000000005 0 200 120
8.773615513471116 -10.640986102534578 5.3950000000000005 0 200 120
8.78753172294311 -11.665573432995062 5.3950000000000005 0 200 120
8.8014479324151 -12.69016076345555 5.3950000000000005 0 200 120
8.815364141887093 -13.714748093916034 5.3950000000000005 0 200 120
7.424627037435636 13.935323844128746 5.3950000000000005 0 200 120
7.43854324690763 12.910736513668262 5.3950000000000005 0 200 120
7.45245945637962 11.886149183207777 5.3950000000000005 0 200 120
7.466375665851613 10.861561852747293 5.3950000000000005 0 200 120
7.480291875323603 9.83697452228681 5.3950000000000005 0 200 120
7.494208084795597 8.812387191826325 5.3950000000000005 0 200 120
7.508124294267587 7.787799861365841 5.3950000000000005 0 200 120
7.5637891321555575 3.689450539523903 5.3950000000000005 0 200 120
7.5777053416275475 2.6648632090634186 5.3950000000000005 0 200 120
7.591621551099541 1.6402758786029343 5.3950000000000005 0 200 120
7.633370179515515 -1.4334861127785148 5.3950000000000005 0 200 120
7.647286388987508 -2.458073443238999 5.3950000000000005 0 200 120
7.661202598459498 -3.482660773699487 5.3950000000000005 0 200 120
7.675118807931492 -4.507248104159971 5.3950000000000005 0 200 120
7.716867436347465 -7.581010095541424 5.3950000000000005 0 200 120
7.730783645819459 -8.605597426001907 5.3950000000000005 0 200 120
7.7446998552914526 -9.630184756462388 5.3950000000000005 0 200 120
7.758616064763443 -10.654772086922872 5.3950000000000005 0 200 120
7.772532274235436 -11.679359417383356 5.3950000000000005 0 200 120
7.786448483707426 -12.703946747843844 5.3950000000000005 0 200 120
7.80036469317942 -13.728534078304328 5.3950000000000005 0 200 120
6.409627588727966 13.92153785974045 5.3950000000000005 0 200 120
6.42354379819996 12.896950529279966 5.3950000000000005 0 200 120
6.43746000767195 11.872363198819482 5.3950000000000005 0 200 120
6.4513762171439435 10.847775868358998 5.3950000000000005 0 200 120
6.4652924266159335 9.823188537898515 5.3950000000000005 0 200 120
6.479208636087927 8.798601207438029 5.3950000000000005 0 200 120
6.493124845559917 7.774013876977547 5.3950000000000005 0 200 120
6.632286940279839 -2.471859427627293 5.3950000000000005 0 200 120
6.7714490349997565 -12.71773273223214 5.3950000000000005 0 200 120
6.78536524447175 -13.742320062692624 5.3950000000000005 0 200 120
5.394628140020297 13.907751875352156 5.3950000000000005 0 200 120
5.40854434949229 12.883164544891672 5.3950000000000005 0 200 120
5.42246055896428 11.858577214431188 5.3950000000000005 0 200 120
5.436376768436274 10.833989883970704 5.3950000000000005 0 200 120
5.450292977908264 9.809402553510221 5.3950000000000005 0 200 120
5.464209187380257 8.784815223049735 5.3950000000000005 0 200 120
5.478125396852247 7.760227892589253 5.3950000000000005 0 200 120
5.617287491572169 -2.485645412015587 5.3950000000000005 0 200 120
5.756449586292087 -12.731518716620434 5.3950000000000005 0 200 120
5.77036579576408 -13.756106047080918 5.3950000000000005 0 200 120
4.379628691312625 13.893965890963862 5.3950000000000005 0 200 120
4.393544900784619 12.869378560503378 5.3950000000000005 0 200 120
4.407461110256609 11.844791230042894 5.3950000000000005 0 200 120
4.421377319728602 10.82020389958241 5.3950000000000005 0 200 120
4.435293529200592 9.795616569121927 5.3950000000000005 0 200 120
4.449209738672586 8.771029238661441 5.3950000000000005 0 200 120
4.463125948144576 7.746441908200959 5.3950000000000005 0 200 120
4.602288042864497 -2.4994313964038812 5.3950000000000005 0 200 120
4.741450137584415 -12.745304701008727 5.3950000000000005 0 200 120
4.755366347056409 -13.769892031469212 5.3950000000000005 0 200 120
3.364629242604952 13.880179906575568 5.3950000000000005 0 200 120
3.3785454520769456 12.855592576115084 5.3950000000000005 0 200 120
3.3924616615489356 11.8310052456546 5.3950000000000005 0 200 120
3.406377871020929 10.806417915194116 5.3950000000000005 0 200 120
3.420294080492919 9.781830584733633 5.3950000000000005 0 200 120
3.4342102899649127 8.757243254273147 5.3950000000000005 0 200 120
3.4481264994369027 7.732655923812665 5.3950000000000005 0 200 120
3.4620427089088963 6.708068593352179 5.3950000000000005 0 200 120
3.47595891838089 5.683481262891695 5.3950000000000005 0 200 120
3.48987512785288 4.658893932431212 5.3950000000000005 0 200 120
3.5037913373248735 3.6343066019707266 5.3950000000000005 0 200 120
3.5177075467968635 2.6097192715102424 5.3950000000000005 0 200 120
3.531623756268857 1.5851319410497582 5.3950000000000005 0 200 120
3.587288594156824 -2.513217380792175 5.3950000000000005 0 200 120
3.6012048036288142 -3.537804711252663 5.3950000000000005 0 200 120
3.615121013100808 -4.562392041713148 5.3950000000000005 0 200 120
3.6568696415167814 -7.6361540330946 5.3950000000000005 0 200 120
3.670785850988775 -8.660741363555085 5.3950000000000005 0 200 120
3.6847020604607685 -9.685328694015565 5.3950000000000005 0 200 120
3.6986182699327586 -10.70991602447605 5.3950000000000005 0 200 120
3.712534479404752 -11.734503354936534 5.3950000000000005 0 200 120
3.726450688876742 -12.759090685397021 5.3950000000000005 0 200 120
3.7403668983487357 -13.783678015857506 5.3950000000000005 0 200 120
2.349629793897286 13.866393922187275 5.3950000000000005 0 200 120
2.3635460033692794 12.84180659172679 5.3950000000000005 0 200 120
2.3774622128412695 11.817219261266306 5.3950000000000005 0 200 120
2.391378422313263 10.792631930805822 5.3950000000000005 0 200 120
2.405294631785253 9.76804460034534 5.3950000000000005 0 200 120
2.4192108412572466 8.743457269884853 5.3950000000000005 0 200 120
2.4331270507292366 7.71886993942437 5.3950000000000005 0 200 120
2.44704326020123 6.694282608963885 5.3950000000000005 0 200 120
2.4609594696732238 5.669695278503401 5.3950000000000005 0 200 120
2.474875679145214 4.645107948042918 5.3950000000000005 0 200 120
2.4887918886172073 3.6205206175824327 5.3950000000000005 0 200 120
2.5027080980891974 2.5959332871219485 5.3950000000000005 0 200 120
2.516624307561191 1.5713459566614643 5.3950000000000005 0 200 120
2.5583729359771645 -1.5024160347199849 5.3950000000000005 0 200 120
2.572289145449158 -2.527003365180469 5.3950000000000005 0 200 120
2.586205354921148 -3.551590695640957 5.3950000000000005 0 200 120
2.6001215643931417 -4.5761780261014415 5.3950000000000005 0 200 120
2.6279539833371253 -6.62535268702241 5.3950000000000005 0 200 120
2.6418701928091153 -7.649940017482894 5.3950000000000005 0 200 120
2.655786402281109 -8.674527347943378 5.3950000000000005 0 200 120
2.6697026117531024 -9.699114678403859 5.3950000000000005 0 200 120
2.6836188212250924 -10.723702008864343 5.3950000000000005 0 200 120
2.697535030697086 -11.748289339324828 5.3950000000000005 0 200 120
2.711451240169076 -12.772876669785315 5.3950000000000005 0 200 120
2.7253674496410696 -13.7974640002458 5.3950000000000005 0 200 120
1.3346303451896127 13.85260793779898 5.3950000000000005 0 200 120
1.3485465546616062 12.828020607338496 5.3950000000000005 0 200 120
1.3624627641335962 11.803433276878012 5.3950000000000005 0 200 120
1.3763789736055898 10.778845946417528 5.3950000000000005 0 200 120
1.3902951830775798 9.754258615957045 5.3950000000000005 0 200 120
1.4042113925495734 8.72967128549656 5.3950000000000005 0 200 120
1.4181276020215634 7.705083955036076 5.3950000000000005 0 200 120
1.6964517914614028 -12.78666265417361 5.3950000000000005 0 200 120
1.7103680009333964 -13.811249984634093 5.3950000000000005 0 200 120
0.31963089648193943 13.838821953410687 5.3950000000000005 0 200 120
0.333547105953933 12.814234622950202 5.3950000000000005 0 200 120
0.347463315425923 11.789647292489718 5.3950000000000005 0 200 120
0.3613795248979166 10.765059962029234 5.3950000000000005 0 200 120
0.3752957343699066 9.740472631568752 5.3950000000000005 0 200 120
0.38921194384190017 8.715885301108266 5.3950000000000005 0 200 120
0.4031281533138902 7.691297970647782 5.3950000000000005 0 200 120
0.5422902480338117 -2.5545753339570574 5.3950000000000005 0 200 120
0.6814523427537296 -12.800448638561903 5.3950000000000005 0 200 120
0.6953685522257231 -13.825035969022387 5.3950000000000005 0 200 120
-0.6953685522257267 13.825035969022393 5.3950000000000005 0 200 120
-0.6814523427537331 12.800448638561909 5.3950000000000005 0 200 120
-0.6675361332817431 11.775861308101424 5.3950000000000005 0 200 120
-0.6536199238097495 10.75127397764094 5.3950000000000005 0 200 120
-0.6397037143377595 9.726686647180458 5.3950000000000005 0 200 120
-0.625787504865766 8.702099316719972 5.3950000000000005 0 200 120
-0.6118712953937759 7.677511986259488 5.3950000000000005 0 200 120
-0.47270920067385447 -2.5683613183453513 5.3950000000000005 0 200 120
-0.33354710595393655 -12.814234622950197 5.3950000000000005 0 200 120
-0.319630896481943 -13.838821953410681 5.3950000000000005 0 200 120
-1.7103680009334 13.811249984634099 5.3950000000000005 0 200 120
-1.6964517914614063 12.786662654173615 5.3950000000000005 0 200 120
-1.6825355819894163 11.76207532371313 5.3950000000000005 0 200 120
-1.6686193725174228 10.737487993252646 5.3950000000000005 0 200 120
-1.6547031630454327 9.712900662792164 5.3950000000000005 0 200 120
-1.6407869535734392 8.688313332331678 5.3950000000000005 0 200 120
-1.6268707441014492 7.663726001871194 5.3950000000000005 0 200 120
-1.6129545346294556 6.639138671410709 5.3950000000000005 0 200 120
-1.599038325157462 5.614551340950225 5.3950000000000005 0 200 120
-1.585122115685472 4.589964010489743 5.3950000000000005 0 200 120
-1.3485465546616098 -12.828020607338491 5.3950000000000005 0 200 120
-1.3346303451896162 -13.852607937798975 5.3950000000000005 0 200 120
-2.725367449641073 13.797464000245805 5.3950000000000005 0 200 120
-2.7114512401690796 12.77287666978532 5.3950000000000005 0 200 120
-2.6975350306970896 11.748289339324836 5.3950000000000005 0 200 120
-2.683618821225096 10.723702008864352 5.3950000000000005 0 200 120
-2.669702611753106 9.69911467840387 5.3950000000000005 0 200 120
-2.6557864022811124 8.674527347943384 5.3950000000000005 0 200 120
-2.6418701928091224 7.6499400174829 5.3950000000000005 0 200 120
-2.627953983337129 6.625352687022415 5.3950000000000005 0 200 120
-2.6140377738651353 5.600765356561931 5.3950000000000005 0 200 120
-2.5862053549211517 3.551590695640962 5.3950000000000005 0 200 120
-2.5722891454491617 2.527003365180478 5.3950000000000005 0 200 120
-2.558372935977168 1.5024160347199937 5.3950000000000005 0 200 120
-2.5166243075611945 -1.5713459566614554 5.3950000000000005 0 200 120
-2.502708098089201 -2.5959332871219396 5.3950000000000005 0 200 120
-2.488791888617211 -3.6205206175824274 5.3950000000000005 0 200 120
-2.4748756791452173 -4.645107948042911 5.3950000000000005 0 200 120
-2.4609594696732273 -5.669695278503395 5.3950000000000005 0 200 120
-2.4470432602012337 -6.69428260896388 5.3950000000000005 0 200 120
-2.4331270507292437 -7.718869939424364 5.3950000000000005 0 200 120
-2.41921084125725 -8.743457269884848 5.3950000000000005 0 200 120
-2.4052946317852566 -9.768044600345329 5.3950000000000005 0 200 120
-2.3913784223132666 -10.792631930805813 5.3950000000000005 0 200 120
-2.377462212841273 -11.817219261266297 5.3950000000000005 0 200 120
-2.363546003369283 -12.841806591726785 5.3950000000000005 0 200 120
-2.3496297938972894 -13.86639392218727 5.3950000000000005 0 200 120
-3.740366898348743 13.783678015857511 5.3950000000000005 0 200 120
-3.7264506888767492 12.759090685397027 5.3950000000000005 0 200 120
-3.7125344794047592 11.734503354936543 5.3950000000000005 0 200 120
-3.6986182699327657 10.709916024476058 5.3950000000000005 0 200 120
-3.6847020604607756 9.685328694015576 5.3950000000000005 0 200 120
-3.670785850988782 8.66074136355509 5.3950000000000005 0 200 120
-3.656869641516792 7.636154033094606 5.3950000000000005 0 200 120
-3.6429534320447985 6.6115667026341205 5.3950000000000005 0 200 120
-3.629037222572805 5.586979372173636 5.3950000000000005 0 200 120
-3.6012048036288213 3.5378047112526683 5.3950000000000005 0 200 120
-3.5872885941568313 2.513217380792184 5.3950000000000005 0 200 120
-3.5733723846848378 1.4886300503316998 5.3950000000000005 0 200 120
-3.5177075467968706 -2.6097192715102335 5.3950000000000005 0 200 120
-3.5037913373248806 -3.6343066019707213 5.3950000000000005 0 200 120
-3.489875127852887 -4.658893932431206 5.3950000000000005 0 200 120
-3.475958918380897 -5.68348126289169 5.3950000000000005 0 200 120
-3.4620427089089034 -6.708068593352174 5.3950000000000005 0 200 120
-3.4481264994369134 -7.732655923812659 5.3950000000000005 0 200 120
-3.43421028996492 -8.757243254273142 5.3950000000000005 0 200 120
-3.4202940804929263 -9.781830584733623 5.3950000000000005 0 200 120
-3.4063778710209363 -10.806417915194107 5.3950000000000005 0 200 120
-3.3924616615489427 -11.831005245654591 5.3950000000000005 0 200 120
-3.3785454520769527 -12.855592576115079 5.3950000000000005 0 200 120
-3.364629242604959 -13.880179906575563 5.3950000000000005 0 200 120
-4.7553663470564125 13.769892031469217 5.3950000000000005 0 200 120
-4.741450137584419 12.745304701008733 5.3950000000000005 0 200 120
-4.727533928112429 11.720717370548249 5.3950000000000005 0 200 120
-4.713617718640435 10.696130040087764 5.3950000000000005 0 200 120
-4.699701509168445 9.671542709627282 5.3950000000000005 0 200 120
-4.685785299696452 8.646955379166796 5.3950000000000005 0 200 120
-4.671869090224462 7.622368048706312 5.3950000000000005 0 200 120
-4.53270699550454 -2.623505255898528 5.3950000000000005 0 200 120
-4.393544900784622 -12.869378560503373 5.3950000000000005 0 200 120
-4.379628691312629 -13.893965890963857 5.3950000000000005 0 200 120
-5.770365795764082 13.756106047080923 5.3950000000000005 0 200 120
-5.756449586292089 12.731518716620439 5.3950000000000005 0 200 120
-5.742533376820099 11.706931386159955 5.3950000000000005 0 200 120
-5.728617167348105 10.68234405569947 5.3950000000000005 0 200 120
-5.714700957876115 9.657756725238988 5.3950000000000005 0 200 120
-5.700784748404121 8.633169394778502 5.3950000000000005 0 200 120
-5.686868538932131 7.608582064318018 5.3950000000000005 0 200 120
-5.54770644421221 -2.637291240286822 5.3950000000000005 0 200 120
-5.408544349492292 -12.883164544891667 5.3950000000000005 0 200 120
-5.3946281400202984 -13.907751875352151 5.3950000000000005 0 200 120
-6.785365244471755 13.742320062692627 5.3950000000000005 0 200 120
-6.771449034999762 12.717732732232143 5.3950000000000005 0 200 120
-6.757532825527772 11.693145401771659 5.3950000000000005 0 200 120
-6.743616616055778 10.668558071311175 5.3950000000000005 0 200 120
-6.729700406583788 9.643970740850694 5.3950000000000005 0 200 120
-6.715784197111795 8.619383410390206 5.3950000000000005 0 200 120
-6.701867987639805 7.594796079929724 5.3950000000000005 0 200 120
-6.562705892919883 -2.6510772246751158 5.3950000000000005 0 200 120
-6.423543798199965 -12.896950529279962 5.3950000000000005 0 200 120
-6.409627588727972 -13.921537859740447 5.3950000000000005 0 200 120
-7.800364693179425 13.728534078304333 5.3950000000000005 0 200 120
-7.7864484837074315 12.70394674784385 5.3950000000000005 0 200 120
-7.7725322742354415 11.679359417383365 5.3950000000000005 0 200 120
-7.758616064763448 10.65477208692288 5.3950000000000005 0 200 120
-7.744699855291458 9.630184756462398 5.3950000000000005 0 200 120
-7.730783645819464 8.605597426001912 5.3950000000000005 0 200 120
-7.716867436347474 7.58101009554143 5.3950000000000005 0 200 120
-7.702951226875481 6.556422765080945 5.3950000000000005 0 200 120
-7.689035017403487 5.531835434620461 5.3950000000000005 0 200 120
-7.675118807931497 4.507248104159978 5.3950000000000005 0 200 120
-7.438543246907635 -12.910736513668256 5.3950000000000005 0 200 120
-7.424627037435641 -13.93532384412874 5.3950000000000005 0 200 120
-8.815364141887095 13.71474809391604 5.3950000000000005 0 200 120
-8.801447932415101 12.690160763455555 5.3950000000000005 0 200 120
-8.787531722943111 11.665573432995071 5.3950000000000005 0 200 120
-8.773615513471118 10.640986102534587 5.3950000000000005 0 200 120
-8.759699303999128 9.616398772074104 5.3950000000000005 0 200 120
-8.745783094527134 8.591811441613618 5.3950000000000005 0 200 120
-8.731866885055144 7.567224111153136 5.3950000000000005 0 200 120
-8.71795067558315 6.542636780692651 5.3950000000000005 0 200 120
-8.704034466111157 5.518049450232167 5.3950000000000005 0 200 120
-8.690118256639167 4.493462119771684 5.3950000000000005 0 200 120
-8.676202047167173 3.4688747893111977 5.3950000000000005 0 200 120
-8.662285837695183 2.4442874588507135 5.3950000000000005 0 200 120
-8.64836962822319 1.4197001283902295 5.3950000000000005 0 200 120
-8.578788580863232 -3.703236523912192 5.3950000000000005 0 200 120
-8.564872371391239 -4.727823854372676 5.3950000000000005 0 200 120
-8.550956161919249 -5.75241118483316 5.3950000000000005 0 200 120
-8.537039952447255 -6.776998515293644 5.3950000000000005 0 200 120
-8.523123742975265 -7.801585845754128 5.3950000000000005 0 200 120
-8.509207533503272 -8.826173176214613 5.3950000000000005 0 200 120
-8.495291324031278 -9.850760506675094 5.3950000000000005 0 200 120
-8.481375114559288 -10.875347837135578 5.3950000000000005 0 200 120
-8.467458905087295 -11.899935167596063 5.3950000000000005 0 200 120
-8.453542695615305 -12.92452249805655 5.3950000000000005 0 200 120
-8.439626486143311 -13.949109828517035 5.3950000000000005 0 200 120
-9.830363590594768 13.700962109527746 5.3950000000000005 0 200 120
-9.816447381122774 12.676374779067261 5.3950000000000005 0 200 120
-9.802531171650784 11.651787448606777 5.3950000000000005 0 200 120
-9.78861496217879 10.627200118146293 5.3950000000000005 0 200 120
-9.7746987527068 9.60261278768581 5.3950000000000005 0 200 120
-9.760782543234807 8.578025457225325 5.3950000000000005 0 200 120
-9.746866333762817 7.553438126764842 5.3950000000000005 0 200 120
-9.732950124290824 6.528850796304356 5.3950000000000005 0 200 120
-9.71903391481883 5.504263465843872 5.3950000000000005 0 200 120
-9.70511770534684 4.479676135383389 5.3950000000000005 0 200 120
-9.691201495874846 3.455088804922904 5.3950000000000005 0 200 120
-9.677285286402856 2.4305014744624196 5.3950000000000005 0 200 120
-9.663369076930863 1.4059141440019354 5.3950000000000005 0 200 120
-9.62162044851489 -1.6678478473795137 5.3950000000000005 0 200 120
-9.607704239042896 -2.692435177839998 5.3950000000000005 0 200 120
-9.593788029570906 -3.7170225083004858 5.3950000000000005 0 200 120
-9.579871820098912 -4.74160983876097 5.3950000000000005 0 200 120
-9.565955610626922 -5.766197169221455 5.3950000000000005 0 200 120
-9.552039401154929 -6.790784499681939 5.3950000000000005 0 200 120
-9.538123191682939 -7.815371830142423 5.3950000000000005 0 200 120
-9.524206982210945 -8.839959160602907 5.3950000000000005 0 200 120
-9.510290772738951 -9.864546491063388 5.3950000000000005 0 200 120
-9.496374563266961 -10.889133821523872 5.3950000000000005 0 200 120
-9.482458353794968 -11.913721151984356 5.3950000000000005 0 200 120
-9.468542144322978 -12.938308482444844 5.3950000000000005 0 200 120
-9.454625934850984 -13.962895812905328 5.3950000000000005 0 200 120
-10.845363039302438 13.687176125139452 5.3950000000000005 0 200 120
-10.831446829830444 12.662588794678967 5.3950000000000005 0 200 120
-10.817530620358454 11.638001464218483 5.3950000000000005 0 200 120
-10.80361441088646 10.613414133757999 5.3950000000000005 0 200 120
-10.78969820141447 9.588826803297517 5.3950000000000005 0 200 120
-10.775781991942477 8.56423947283703 5.3950000000000005 0 200 120
-10.636619897222559 -1.6816338317678077 5.3950000000000005 0 200 120
-10.622703687750565 -2.706221162228292 5.3950000000000005 0 200 120
-10.483541593030647 -12.952094466833138 5.3950000000000005 0 200 120
-10.469625383558654 -13.976681797293622 5.3950000000000005 0 200 120
-11.860362488010107 13.673390140751158 5.3950000000000005 0 200 120
-11.846446278538114 12.648802810290674 5.3950000000000005 0 200 120
-11.832530069066124 11.62421547983019 5.3950000000000005 0 200 120
-11.81861385959413 10.599628149369705 5.3950000000000005 0 200 120
-11.80469765012214 9.575040818909223 5.3950000000000005 0 200 120
-11.790781440650147 8.550453488448737 5.3950000000000005 0 200 120
-11.651619345930229 -1.6954198161561018 5.3950000000000005 0 200 120
-11.637703136458235 -2.7200071466165863 5.3950000000000005 0 200 120
-11.498541041738317 -12.965880451221432 5.3950000000000005 0 200 120
-11.484624832266324 -13.990467781681916 5.3950000000000005 0 200 120
-12.875361936717777 13.659604156362864 5.3950000000000005 0 200 120
-12.861445727245783 12.63501682590238 5.3950000000000005 0 200 120
-12.847529517773793 11.610429495441895 5.3950000000000005 0 200 120
-12.8336133083018 10.585842164981411 5.3950000000000005 0 200 120
-12.81969709882981 9.561254834520929 5.3950000000000005 0 200 120
-12.805780889357816 8.536667504060443 5.3950000000000005 0 200 120
-12.666618794637898 -1.709205800544396 5.3950000000000005 0 200 120
-12.652702585165905 -2.73379313100488 5.3950000000000005 0 200 120
-12.513540490445987 -12.979666435609726 5.3950000000000005 0 200 120
-12.499624280973993 -14.00425376607021 5.3950000000000005 0 200 120
-13.890361385425447 13.64581817197457 5.3950000000000005 0 200 120
-13.876445175953453 12.621230841514086 5.3950000000000005 0 200 120
-13.862528966481463 11.596643511053601 5.3950000000000005 0 200 120
-13.84861275700947 10.572056180593117 5.3950000000000005 0 200 120
-13.83469654753748 9.547468850132635 5.3950000000000005 0 200 120
-13.820780338065486 8.522881519672149 5.3950000000000005 0 200 120
-13.806864128593496 7.4982941892116655 5.3950000000000005 0 200 120
-13.792947919121502 6.47370685875118 5.3950000000000005 0 200 120
-13.779031709649509 5.449119528290696 5.3950000000000005 0 200 120
-13.765115500177519 4.424532197830214 5.3950000000000005 0 200 120
-13.751199290705525 3.3999448673697277 5.3950000000000005 0 200 120
-13.737283081233535 2.3753575369092434 5.3950000000000005 0 200 120
-13.723366871761542 1.3507702064487592 5.3950000000000005 0 200 120
-13.681618243345568 -1.72299178493269 5.3950000000000005 0 200 120
-13.667702033873574 -2.747579115393174 5.3950000000000005 0 200 120
-13.653785824401584 -3.772166445853662 5.3950000000000005 0 200 120
-13.63986961492959 -4.796753776314146 5.3950000000000005 0 200 120
-13.6259534054576 -5.82134110677463 5.3950000000000005 0 200 120
-13.612037195985607 -6.845928437235115 5.3950000000000005 0 200 120
-13.598120986513617 -7.870515767695599 5.3950000000000005 0 200 120
-13.584204777041624 -8.895103098156083 5.3950000000000005 0 200 120
-13.57028856756963 -9.919690428616564 5.3950000000000005 0 200 120
-13.55637235809764 -10.944277759077048 5.3950000000000005 0 200 120
-13.542456148625647 -11.968865089537532 5.3950000000000005 0 200 120
-13.528539939153656 -12.99345241999802 5.3950000000000005 0 200 120
-13.514623729681663 -14.018039750458504 5.3950000000000005 0 200 120
-14.905360834133123 13.632032187586276 5.3950000000000005 0 200 120
-14.89144462466113 12.607444857125792 5.3950000000000005 0 200 120
-14.87752841518914 11.582857526665308 5.3950000000000005 0 200 120
-14.738366320469218 1.336984222060465 5.3950000000000005 0 200 120
-14.696617692053245 -1.736777769320984 5.3950000000000005 0 200 120
-14.682701482581251 -2.761365099781468 5.3950000000000005 0 200 120
-14.668785273109261 -3.785952430241956 5.3950000000000005 0 200 120
-14.654869063637268 -4.81053976070244 5.3950000000000005 0 200 120
-14.640952854165278 -5.835127091162924 5.3950000000000005 0 200 120
-14.627036644693284 -6.8597144216234085 5.3950000000000005 0 200 120
-14.613120435221294 -7.884301752083893 5.3950000000000005 0 200 120
-14.5992042257493 -8.908889082544377 5.3950000000000005 0 200 120
-14.585288016277307 -9.933476413004858 5.3950000000000005 0 200 120
-14.571371806805317 -10.958063743465342 5.3950000000000005 0 200 120
-14.557455597333323 -11.982651073925826 5.3950000000000005 0 200 120
-14.543539387861333 -13.007238404386314 5.3950000000000005 0 200 120
-14.52962317838934 -14.031825734846798 5.3950000000000005 0 200 120
-15.920360282840793 13.618246203197982 5.3950000000000005 0 200 120
-15.9064440733688 12.593658872737498 5.3950000000000005 0 200 120
-15.89252786389681 11.569071542277014 5.3950000000000005 0 200 120
-15.878611654424816 10.54448421181653 5.3950000000000005 0 200 120
-15.864695444952826 9.519896881356047 5.3950000000000005 0 200 120
-15.850779235480832 8.495309550895561 5.3950000000000005 0 200 120
-15.836863026008842 7.470722220435078 5.3950000000000005 0 200 120
-15.753365769176888 1.323198237672171 5.3950000000000005 0 200 120
-15.711617140760914 -1.7505637537092782 5.3950000000000005 0 200 120
-15.69770093128892 -2.7751510841697624 5.3950000000000005 0 200 120
-15.68378472181693 -3.79973841463025 5.3950000000000005 0 200 120
-15.669868512344937 -4.824325745090734 5.3950000000000005 0 200 120
-15.655952302872947 -5.848913075551218 5.3950000000000005 0 200 120
-15.642036093400954 -6.873500406011702 5.3950000000000005 0 200 120
-15.628119883928964 -7.898087736472187 5.3950000000000005 0 200 120
-15.61420367445697 -8.92267506693267 5.3950000000000005 0 200 120
-15.600287464984977 -9.947262397393152 5.3950000000000005 0 200 120
-15.586371255512987 -10.971849727853636 5.3950000000000005 0 200 120
-15.572455046040993 -11.99643705831412 5.3950000000000005 0 200 120
-15.558538836569003 -13.021024388774608 5.3950000000000005 0 200 120
-15.54462262709701 -14.045611719235092 5.3950000000000005 0 200 120
-16.935359731548463 13.604460218809688 5.3950000000000005 0 200 120
-16.92144352207647 12.579872888349204 5.3950000000000005 0 200 120
-16.90752731260448 11.55528555788872 5.3950000000000005 0 200 120
-16.893611103132486 10.530698227428235 5.3950000000000005 0 200 120
-16.879694893660496 9.506110896967753 5.3950000000000005 0 200 120
-16.865778684188502 8.481523566507267 5.3950000000000005 0 200 120
-16.851862474716512 7.456936236046783 5.3950000000000005 0 200 120
-16.83794626524452 6.432348905586298 5.3950000000000005 0 200 120
-16.824030055772525 5.4077615751258135 5.3950000000000005 0 200 120
-16.810113846300535 4.383174244665331 5.3950000000000005 0 200 120
-16.79619763682854 3.3585869142048455 5.3950000000000005 0 200 120
-16.78228142735655 2.3339995837443612 5.3950000000000005 0 200 120
-16.768365217884558 1.309412253283877 5.3950000000000005 0 200 120
-16.726616589468584 -1.7643497380975721 5.3950000000000005 0 200 120
-16.71270037999659 -2.7889370685580563 5.3950000000000005 0 200 120
-16.6987841705246 -3.813524399018544 5.3950000000000005 0 200 120
-16.684867961052607 -4.838111729479029 5.3950000000000005 0 200 120
-16.670951751580617 -5.862699059939513 5.3950000000000005 0 200 120
-16.657035542108623 -6.887286390399997 5.3950000000000005 0 200 120
-16.643119332636633 -7.9118737208604815 5.3950000000000005 0 200 120
-16.62920312316464 -8.936461051320965 5.3950000000000005 0 200 120
-16.615286913692646 -9.961048381781445 5.3950000000000005 0 200 120
-16.601370704220656 -10.98563571224193 5.3950000000000005 0 200 120
-16.587454494748663 -12.010223042702414 5.3950000000000005 0 200 120
-16.573538285276673 -13.034810373162902 5.3950000000000005 0 200 120
-16.55962207580468 -14.059397703623386 5.3950000000000005 0 200 120
-17.950359180256132 13.590674234421394 5.3950000000000005 0 200 120
-17.93644297078414 12.56608690396091 5.3950000000000005 0 200 120
-17.92252676131215 11.541499573500426 5.3950000000000005 0 200 120
-17.908610551840155 10.516912243039942 5.3950000000000005 0 200 120
-17.894694342368165 9.492324912579459 5.3950000000000005 0 200 120
-17.88077813289617 8.467737582118973 5.3950000000000005 0 200 120
-17.86686192342418 7.443150251658489 5.3950000000000005 0 200 120
-17.852945713952188 6.418562921198004 5.3950000000000005 0 200 120
-17.839029504480195 5.3939755907375195 5.3950000000000005 0 200 120
-17.825113295008205 4.369388260277037 5.3950000000000005 0 200 120
-17.81119708553621 3.3448009298165515 5.3950000000000005 0 200 120
-17.79728087606422 2.3202135993560673 5.3950000000000005 0 200 120
-17.783364666592227 1.295626268895583 5.3950000000000005 0 200 120
-17.741616038176254 -1.778135722485866 5.3950000000000005 0 200 120
-17.72769982870426 -2.8027230529463503 5.3950000000000005 0 200 120
-17.71378361923227 -3.827310383406838 5.3950000000000005 0 200 120
-17.699867409760277 -4.851897713867323 5.3950000000000005 0 200 120
-17.685951200288287 -5.876485044327807 5.3950000000000005 0 200 120
-17.672034990816293 -6.901072374788291 5.3950000000000005 0 200 120
-17.658118781344303 -7.925659705248775 5.3950000000000005 0 200 120
-17.64420257187231 -8.950247035709259 5.3950000000000005 0 200 120
-17.630286362400316 -9.97483436616974 5.3950000000000005 0 200 120
-17.616370152928326 -10.999421696630224 5.3950000000000005 0 200 120
-17.602453943456332 -12.024009027090708 5.3950000000000005 0 200 120
-17.588537733984342 -13.048596357551196 5.3950000000000005 0 200 120
-17.57462152451235 -14.07318368801168 5.3950000000000005 0 200 120
-18.965358628963802 13.5768882500331 5.3950000000000005 0 200 120
-18.95144241949181 12.552300919572616 5.3950000000000005 0 200 120
-18.93752621001982 11.527713589112132 5.3950000000000005 0 200 120
-18.923610000547825 10.503126258651648 5.3950000000000005 0 200 120
-18.909693791075835 9.478538928191165 5.3950000000000005 0 200 120
-18.89577758160384 8.45395159773068 5.3950000000000005 0 200 120
-18.88186137213185 7.429364267270195 5.3950000000000005 0 200 120
-18.867945162659858 6.40477693680971 5.3950000000000005 0 200 120
-18.854028953187864 5.380189606349226 5.3950000000000005 0 200 120
-18.840112743715874 4.355602275888743 5.3950000000000005 0 200 120
-18.82619653424388 3.331014945428257 5.3950000000000005 0 200 120
-18.81228032477189 2.306427614967773 5.3950000000000005 0 200 120
-18.798364115299897 1.281840284507289 5.3950000000000005 0 200 120
-18.756615486883923 -1.7919217068741602 5.3950000000000005 0 200 120
-18.74269927741193 -2.8165090373346446 5.3950000000000005 0 200 120
-18.72878306793994 -3.8410963677951324 5.3950000000000005 0 200 120
-18.714866858467946 -4.865683698255617 5.3950000000000005 0 200 120
-18.700950648995956 -5.890271028716101 5.3950000000000005 0 200 120
-18.687034439523963 -6.914858359176585 5.3950000000000005 0 200 120
-18.673118230051973 -7.939445689637069 5.3950000000000005 0 200 120
-18.65920202057998 -8.964033020097553 5.3950000000000005 0 200 120
-18.645285811107986 -9.988620350558033 5.3950000000000005 0 200 120
-18.631369601635996 -11.013207681018518 5.3950000000000005 0 200 120
-18.617453392164002 -12.037795011479002 5.3950000000000005 0 200 120
-18.603537182692012 -13.06238234193949 5.3950000000000005 0 200 120
-18.58962097322002 -14.086969672399974 5.3950000000000005 0 200 120
