ply
format ascii 1.0
element vertex 25646
property float x
property float y
property float z
end_header
20.000000 -15.000000 -0.050000
20.000000 -15.000000 0.050000
20.000000 -14.491525 -0.050000
20.000000 -14.491525 0.050000
20.000000 -13.983051 -0.050000
20.000000 -13.983051 0.050000
20.000000 -13.474576 -0.050000
20.000000 -13.474576 0.050000
20.000000 -12.966102 -0.050000
20.000000 -12.966102 0.050000
20.000000 -12.457627 -0.050000
20.000000 -12.457627 0.050000
20.000000 -11.949153 -0.050000
20.000000 -11.949153 0.050000
20.000000 -11.440678 -0.050000
20.000000 -11.440678 0.050000
20.000000 -10.932203 -0.050000
20.000000 -10.932203 0.050000
20.000000 -10.423729 -0.050000
20.000000 -10.423729 0.050000
20.000000 -9.915254 -0.050000
20.000000 -9.915254 0.050000
20.000000 -9.406780 -0.050000
20.000000 -9.406780 0.050000
20.000000 -8.898305 -0.050000
20.000000 -8.898305 0.050000
20.000000 -8.389831 -0.050000
20.000000 -8.389831 0.050000
20.000000 -7.881356 -0.050000
20.000000 -7.881356 0.050000
20.000000 -7.372881 -0.050000
20.000000 -7.372881 0.050000
20.000000 -6.864407 -0.050000
20.000000 -6.864407 0.050000
20.000000 -6.355932 -0.050000
20.000000 -6.355932 0.050000
20.000000 -5.847458 -0.050000
20.000000 -5.847458 0.050000
20.000000 -5.338983 -0.050000
20.000000 -5.338983 0.050000
20.000000 -4.830508 -0.050000
20.000000 -4.830508 0.050000
20.000000 -4.322034 -0.050000
20.000000 -4.322034 0.050000
20.000000 -3.813559 -0.050000
20.000000 -3.813559 0.050000
20.000000 -3.305085 -0.050000
20.000000 -3.305085 0.050000
20.000000 -2.796610 -0.050000
20.000000 -2.796610 0.050000
20.000000 -2.288136 -0.050000
20.000000 -2.288136 0.050000
20.000000 -1.779661 -0.050000
20.000000 -1.779661 0.050000
20.000000 -1.271186 -0.050000
20.000000 -1.271186 0.050000
20.000000 -0.762712 -0.050000
20.000000 -0.762712 0.050000
20.000000 -0.254237 -0.050000
20.000000 -0.254237 0.050000
20.000000 0.254237 -0.050000
20.000000 0.254237 0.050000
20.000000 0.762712 -0.050000
20.000000 0.762712 0.050000
20.000000 1.271186 -0.050000
20.000000 1.271186 0.050000
20.000000 1.779661 -0.050000
20.000000 1.779661 0.050000
20.000000 2.288136 -0.050000
20.000000 2.288136 0.050000
20.000000 2.796610 -0.050000
20.000000 2.796610 0.050000
20.000000 3.305085 -0.050000
20.000000 3.305085 0.050000
20.000000 3.813559 -0.050000
20.000000 3.813559 0.050000
20.000000 4.322034 -0.050000
20.000000 4.322034 0.050000
20.000000 4.830508 -0.050000
20.000000 4.830508 0.050000
20.000000 5.338983 -0.050000
20.000000 5.338983 0.050000
20.000000 5.847458 -0.050000
20.000000 5.847458 0.050000
20.000000 6.355932 -0.050000
20.000000 6.355932 0.050000
20.000000 6.864407 -0.050000
20.000000 6.864407 0.050000
20.000000 7.372881 -0.050000
20.000000 7.372881 0.050000
20.000000 7.881356 -0.050000
20.000000 7.881356 0.050000
20.000000 8.389831 -0.050000
20.000000 8.389831 0.050000
20.000000 8.898305 -0.050000
20.000000 8.898305 0.050000
20.000000 9.406780 -0.050000
20.000000 9.406780 0.050000
20.000000 9.915254 -0.050000
20.000000 9.915254 0.050000
20.000000 10.423729 -0.050000
20.000000 10.423729 0.050000
20.000000 10.932203 -0.050000
20.000000 10.932203 0.050000
20.000000 11.440678 -0.050000
20.000000 11.440678 0.050000
20.000000 11.949153 -0.050000
20.000000 11.949153 0.050000
20.000000 12.457627 -0.050000
20.000000 12.457627 0.050000
20.000000 12.966102 -0.050000
20.000000 12.966102 0.050000
20.000000 13.474576 -0.050000
20.000000 13.474576 0.050000
20.000000 13.983051 -0.050000
20.000000 13.983051 0.050000
20.000000 14.491525 -0.050000
20.000000 14.491525 0.050000
20.000000 15.000000 -0.050000
20.000000 15.000000 0.050000
-20.000000 -15.000000 -0.050000
-20.000000 -15.000000 0.050000
-20.000000 -14.491525 -0.050000
-20.000000 -14.491525 0.050000
-20.000000 -13.983051 -0.050000
-20.000000 -13.983051 0.050000
-20.000000 -13.474576 -0.050000
-20.000000 -13.474576 0.050000
-20.000000 -12.966102 -0.050000
-20.000000 -12.966102 0.050000
-20.000000 -12.457627 -0.050000
-20.000000 -12.457627 0.050000
-20.000000 -11.949153 -0.050000
-20.000000 -11.949153 0.050000
-20.000000 -11.440678 -0.050000
-20.000000 -11.440678 0.050000
-20.000000 -10.932203 -0.050000
-20.000000 -10.932203 0.050000
-20.000000 -10.423729 -0.050000
-20.000000 -10.423729 0.050000
-20.000000 -9.915254 -0.050000
-20.000000 -9.915254 0.050000
-20.000000 -9.406780 -0.050000
-20.000000 -9.406780 0.050000
-20.000000 -8.898305 -0.050000
-20.000000 -8.898305 0.050000
-20.000000 -8.389831 -0.050000
-20.000000 -8.389831 0.050000
-20.000000 -7.881356 -0.050000
-20.000000 -7.881356 0.050000
-20.000000 -7.372881 -0.050000
-20.000000 -7.372881 0.050000
-20.000000 -6.864407 -0.050000
-20.000000 -6.864407 0.050000
-20.000000 -6.355932 -0.050000
-20.000000 -6.355932 0.050000
-20.000000 -5.847458 -0.050000
-20.000000 -5.847458 0.050000
-20.000000 -5.338983 -0.050000
-20.000000 -5.338983 0.050000
-20.000000 -4.830508 -0.050000
-20.000000 -4.830508 0.050000
-20.000000 -4.322034 -0.050000
-20.000000 -4.322034 0.050000
-20.000000 -3.813559 -0.050000
-20.000000 -3.813559 0.050000
-20.000000 -3.305085 -0.050000
-20.000000 -3.305085 0.050000
-20.000000 -2.796610 -0.050000
-20.000000 -2.796610 0.050000
-20.000000 -2.288136 -0.050000
-20.000000 -2.288136 0.050000
-20.000000 -1.779661 -0.050000
-20.000000 -1.779661 0.050000
-20.000000 -1.271186 -0.050000
-20.000000 -1.271186 0.050000
-20.000000 -0.762712 -0.050000
-20.000000 -0.762712 0.050000
-20.000000 -0.254237 -0.050000
-20.000000 -0.254237 0.050000
-20.000000 0.254237 -0.050000
-20.000000 0.254237 0.050000
-20.000000 0.762712 -0.050000
-20.000000 0.762712 0.050000
-20.000000 1.271186 -0.050000
-20.000000 1.271186 0.050000
-20.000000 1.779661 -0.050000
-20.000000 1.779661 0.050000
-20.000000 2.288136 -0.050000
-20.000000 2.288136 0.050000
-20.000000 2.796610 -0.050000
-20.000000 2.796610 0.050000
-20.000000 3.305085 -0.050000
-20.000000 3.305085 0.050000
-20.000000 3.813559 -0.050000
-20.000000 3.813559 0.050000
-20.000000 4.322034 -0.050000
-20.000000 4.322034 0.050000
-20.000000 4.830508 -0.050000
-20.000000 4.830508 0.050000
-20.000000 5.338983 -0.050000
-20.000000 5.338983 0.050000
-20.000000 5.847458 -0.050000
-20.000000 5.847458 0.050000
-20.000000 6.355932 -0.050000
-20.000000 6.355932 0.050000
-20.000000 6.864407 -0.050000
-20.000000 6.864407 0.050000
-20.000000 7.372881 -0.050000
-20.000000 7.372881 0.050000
-20.000000 7.881356 -0.050000
-20.000000 7.881356 0.050000
-20.000000 8.389831 -0.050000
-20.000000 8.389831 0.050000
-20.000000 8.898305 -0.050000
-20.000000 8.898305 0.050000
-20.000000 9.406780 -0.050000
-20.000000 9.406780 0.050000
-20.000000 9.915254 -0.050000
-20.000000 9.915254 0.050000
-20.000000 10.423729 -0.050000
-20.000000 10.423729 0.050000
-20.000000 10.932203 -0.050000
-20.000000 10.932203 0.050000
-20.000000 11.440678 -0.050000
-20.000000 11.440678 0.050000
-20.000000 11.949153 -0.050000
-20.000000 11.949153 0.050000
-20.000000 12.457627 -0.050000
-20.000000 12.457627 0.050000
-20.000000 12.966102 -0.050000
-20.000000 12.966102 0.050000
-20.000000 13.474576 -0.050000
-20.000000 13.474576 0.050000
-20.000000 13.983051 -0.050000
-20.000000 13.983051 0.050000
-20.000000 14.491525 -0.050000
-20.000000 14.491525 0.050000
-20.000000 15.000000 -0.050000
-20.000000 15.000000 0.050000
-20.000000 15.000000 -0.050000
-20.000000 15.000000 0.050000
-19.493671 15.000000 -0.050000
-19.493671 15.000000 0.050000
-18.987342 15.000000 -0.050000
-18.987342 15.000000 0.050000
-18.481013 15.000000 -0.050000
-18.481013 15.000000 0.050000
-17.974684 15.000000 -0.050000
-17.974684 15.000000 0.050000
-17.468354 15.000000 -0.050000
-17.468354 15.000000 0.050000
-16.962025 15.000000 -0.050000
-16.962025 15.000000 0.050000
-16.455696 15.000000 -0.050000
-16.455696 15.000000 0.050000
-15.949367 15.000000 -0.050000
-15.949367 15.000000 0.050000
-15.443038 15.000000 -0.050000
-15.443038 15.000000 0.050000
-14.936709 15.000000 -0.050000
-14.936709 15.000000 0.050000
-14.430380 15.000000 -0.050000
-14.430380 15.000000 0.050000
-13.924051 15.000000 -0.050000
-13.924051 15.000000 0.050000
-13.417722 15.000000 -0.050000
-13.417722 15.000000 0.050000
-12.911392 15.000000 -0.050000
-12.911392 15.000000 0.050000
-12.405063 15.000000 -0.050000
-12.405063 15.000000 0.050000
-11.898734 15.000000 -0.050000
-11.898734 15.000000 0.050000
-11.392405 15.000000 -0.050000
-11.392405 15.000000 0.050000
-10.886076 15.000000 -0.050000
-10.886076 15.000000 0.050000
-10.379747 15.000000 -0.050000
-10.379747 15.000000 0.050000
-9.873418 15.000000 -0.050000
-9.873418 15.000000 0.050000
-9.367089 15.000000 -0.050000
-9.367089 15.000000 0.050000
-8.860759 15.000000 -0.050000
-8.860759 15.000000 0.050000
-8.354430 15.000000 -0.050000
-8.354430 15.000000 0.050000
-7.848101 15.000000 -0.050000
-7.848101 15.000000 0.050000
-7.341772 15.000000 -0.050000
-7.341772 15.000000 0.050000
-6.835443 15.000000 -0.050000
-6.835443 15.000000 0.050000
-6.329114 15.000000 -0.050000
-6.329114 15.000000 0.050000
-5.822785 15.000000 -0.050000
-5.822785 15.000000 0.050000
-5.316456 15.000000 -0.050000
-5.316456 15.000000 0.050000
-4.810127 15.000000 -0.050000
-4.810127 15.000000 0.050000
-4.303797 15.000000 -0.050000
-4.303797 15.000000 0.050000
-3.797468 15.000000 -0.050000
-3.797468 15.000000 0.050000
-3.291139 15.000000 -0.050000
-3.291139 15.000000 0.050000
-2.784810 15.000000 -0.050000
-2.784810 15.000000 0.050000
-2.278481 15.000000 -0.050000
-2.278481 15.000000 0.050000
-1.772152 15.000000 -0.050000
-1.772152 15.000000 0.050000
-1.265823 15.000000 -0.050000
-1.265823 15.000000 0.050000
-0.759494 15.000000 -0.050000
-0.759494 15.000000 0.050000
-0.253165 15.000000 -0.050000
-0.253165 15.000000 0.050000
0.253165 15.000000 -0.050000
0.253165 15.000000 0.050000
0.759494 15.000000 -0.050000
0.759494 15.000000 0.050000
1.265823 15.000000 -0.050000
1.265823 15.000000 0.050000
1.772152 15.000000 -0.050000
1.772152 15.000000 0.050000
2.278481 15.000000 -0.050000
2.278481 15.000000 0.050000
2.784810 15.000000 -0.050000
2.784810 15.000000 0.050000
3.291139 15.000000 -0.050000
3.291139 15.000000 0.050000
3.797468 15.000000 -0.050000
3.797468 15.000000 0.050000
4.303797 15.000000 -0.050000
4.303797 15.000000 0.050000
4.810127 15.000000 -0.050000
4.810127 15.000000 0.050000
5.316456 15.000000 -0.050000
5.316456 15.000000 0.050000
5.822785 15.000000 -0.050000
5.822785 15.000000 0.050000
6.329114 15.000000 -0.050000
6.329114 15.000000 0.050000
6.835443 15.000000 -0.050000
6.835443 15.000000 0.050000
7.341772 15.000000 -0.050000
7.341772 15.000000 0.050000
7.848101 15.000000 -0.050000
7.848101 15.000000 0.050000
8.354430 15.000000 -0.050000
8.354430 15.000000 0.050000
8.860759 15.000000 -0.050000
8.860759 15.000000 0.050000
9.367089 15.000000 -0.050000
9.367089 15.000000 0.050000
9.873418 15.000000 -0.050000
9.873418 15.000000 0.050000
10.379747 15.000000 -0.050000
10.379747 15.000000 0.050000
10.886076 15.000000 -0.050000
10.886076 15.000000 0.050000
11.392405 15.000000 -0.050000
11.392405 15.000000 0.050000
11.898734 15.000000 -0.050000
11.898734 15.000000 0.050000
12.405063 15.000000 -0.050000
12.405063 15.000000 0.050000
12.911392 15.000000 -0.050000
12.911392 15.000000 0.050000
13.417722 15.000000 -0.050000
13.417722 15.000000 0.050000
13.924051 15.000000 -0.050000
13.924051 15.000000 0.050000
14.430380 15.000000 -0.050000
14.430380 15.000000 0.050000
14.936709 15.000000 -0.050000
14.936709 15.000000 0.050000
15.443038 15.000000 -0.050000
15.443038 15.000000 0.050000
15.949367 15.000000 -0.050000
15.949367 15.000000 0.050000
16.455696 15.000000 -0.050000
16.455696 15.000000 0.050000
16.962025 15.000000 -0.050000
16.962025 15.000000 0.050000
17.468354 15.000000 -0.050000
17.468354 15.000000 0.050000
17.974684 15.000000 -0.050000
17.974684 15.000000 0.050000
18.481013 15.000000 -0.050000
18.481013 15.000000 0.050000
18.987342 15.000000 -0.050000
18.987342 15.000000 0.050000
19.493671 15.000000 -0.050000
19.493671 15.000000 0.050000
20.000000 15.000000 -0.050000
20.000000 15.000000 0.050000
-20.000000 -15.000000 -0.050000
-20.000000 -15.000000 0.050000
-19.493671 -15.000000 -0.050000
-19.493671 -15.000000 0.050000
-18.987342 -15.000000 -0.050000
-18.987342 -15.000000 0.050000
-18.481013 -15.000000 -0.050000
-18.481013 -15.000000 0.050000
-17.974684 -15.000000 -0.050000
-17.974684 -15.000000 0.050000
-17.468354 -15.000000 -0.050000
-17.468354 -15.000000 0.050000
-16.962025 -15.000000 -0.050000
-16.962025 -15.000000 0.050000
-16.455696 -15.000000 -0.050000
-16.455696 -15.000000 0.050000
-15.949367 -15.000000 -0.050000
-15.949367 -15.000000 0.050000
-15.443038 -15.000000 -0.050000
-15.443038 -15.000000 0.050000
-14.936709 -15.000000 -0.050000
-14.936709 -15.000000 0.050000
-14.430380 -15.000000 -0.050000
-14.430380 -15.000000 0.050000
-13.924051 -15.000000 -0.050000
-13.924051 -15.000000 0.050000
-13.417722 -15.000000 -0.050000
-13.417722 -15.000000 0.050000
-12.911392 -15.000000 -0.050000
-12.911392 -15.000000 0.050000
-12.405063 -15.000000 -0.050000
-12.405063 -15.000000 0.050000
-11.898734 -15.000000 -0.050000
-11.898734 -15.000000 0.050000
-11.392405 -15.000000 -0.050000
-11.392405 -15.000000 0.050000
-10.886076 -15.000000 -0.050000
-10.886076 -15.000000 0.050000
-10.379747 -15.000000 -0.050000
-10.379747 -15.000000 0.050000
-9.873418 -15.000000 -0.050000
-9.873418 -15.000000 0.050000
-9.367089 -15.000000 -0.050000
-9.367089 -15.000000 0.050000
-8.860759 -15.000000 -0.050000
-8.860759 -15.000000 0.050000
-8.354430 -15.000000 -0.050000
-8.354430 -15.000000 0.050000
-7.848101 -15.000000 -0.050000
-7.848101 -15.000000 0.050000
-7.341772 -15.000000 -0.050000
-7.341772 -15.000000 0.050000
-6.835443 -15.000000 -0.050000
-6.835443 -15.000000 0.050000
-6.329114 -15.000000 -0.050000
-6.329114 -15.000000 0.050000
-5.822785 -15.000000 -0.050000
-5.822785 -15.000000 0.050000
-5.316456 -15.000000 -0.050000
-5.316456 -15.000000 0.050000
-4.810127 -15.000000 -0.050000
-4.810127 -15.000000 0.050000
-4.303797 -15.000000 -0.050000
-4.303797 -15.000000 0.050000
-3.797468 -15.000000 -0.050000
-3.797468 -15.000000 0.050000
-3.291139 -15.000000 -0.050000
-3.291139 -15.000000 0.050000
-2.784810 -15.000000 -0.050000
-2.784810 -15.000000 0.050000
-2.278481 -15.000000 -0.050000
-2.278481 -15.000000 0.050000
-1.772152 -15.000000 -0.050000
-1.772152 -15.000000 0.050000
-1.265823 -15.000000 -0.050000
-1.265823 -15.000000 0.050000
-0.759494 -15.000000 -0.050000
-0.759494 -15.000000 0.050000
-0.253165 -15.000000 -0.050000
-0.253165 -15.000000 0.050000
0.253165 -15.000000 -0.050000
0.253165 -15.000000 0.050000
0.759494 -15.000000 -0.050000
0.759494 -15.000000 0.050000
1.265823 -15.000000 -0.050000
1.265823 -15.000000 0.050000
1.772152 -15.000000 -0.050000
1.772152 -15.000000 0.050000
2.278481 -15.000000 -0.050000
2.278481 -15.000000 0.050000
2.784810 -15.000000 -0.050000
2.784810 -15.000000 0.050000
3.291139 -15.000000 -0.050000
3.291139 -15.000000 0.050000
3.797468 -15.000000 -0.050000
3.797468 -15.000000 0.050000
4.303797 -15.000000 -0.050000
4.303797 -15.000000 0.050000
4.810127 -15.000000 -0.050000
4.810127 -15.000000 0.050000
5.316456 -15.000000 -0.050000
5.316456 -15.000000 0.050000
5.822785 -15.000000 -0.050000
5.822785 -15.000000 0.050000
6.329114 -15.000000 -0.050000
6.329114 -15.000000 0.050000
6.835443 -15.000000 -0.050000
6.835443 -15.000000 0.050000
7.341772 -15.000000 -0.050000
7.341772 -15.000000 0.050000
7.848101 -15.000000 -0.050000
7.848101 -15.000000 0.050000
8.354430 -15.000000 -0.050000
8.354430 -15.000000 0.050000
8.860759 -15.000000 -0.050000
8.860759 -15.000000 0.050000
9.367089 -15.000000 -0.050000
9.367089 -15.000000 0.050000
9.873418 -15.000000 -0.050000
9.873418 -15.000000 0.050000
10.379747 -15.000000 -0.050000
10.379747 -15.000000 0.050000
10.886076 -15.000000 -0.050000
10.886076 -15.000000 0.050000
11.392405 -15.000000 -0.050000
11.392405 -15.000000 0.050000
11.898734 -15.000000 -0.050000
11.898734 -15.000000 0.050000
12.405063 -15.000000 -0.050000
12.405063 -15.000000 0.050000
12.911392 -15.000000 -0.050000
12.911392 -15.000000 0.050000
13.417722 -15.000000 -0.050000
13.417722 -15.000000 0.050000
13.924051 -15.000000 -0.050000
13.924051 -15.000000 0.050000
14.430380 -15.000000 -0.050000
14.430380 -15.000000 0.050000
14.936709 -15.000000 -0.050000
14.936709 -15.000000 0.050000
15.443038 -15.000000 -0.050000
15.443038 -15.000000 0.050000
15.949367 -15.000000 -0.050000
15.949367 -15.000000 0.050000
16.455696 -15.000000 -0.050000
16.455696 -15.000000 0.050000
16.962025 -15.000000 -0.050000
16.962025 -15.000000 0.050000
17.468354 -15.000000 -0.050000
17.468354 -15.000000 0.050000
17.974684 -15.000000 -0.050000
17.974684 -15.000000 0.050000
18.481013 -15.000000 -0.050000
18.481013 -15.000000 0.050000
18.987342 -15.000000 -0.050000
18.987342 -15.000000 0.050000
19.493671 -15.000000 -0.050000
19.493671 -15.000000 0.050000
20.000000 -15.000000 -0.050000
20.000000 -15.000000 0.050000
-20.000000 -15.000000 0.050000
-20.000000 -14.491525 0.050000
-20.000000 -13.983051 0.050000
-20.000000 -13.474576 0.050000
-20.000000 -12.966102 0.050000
-20.000000 -12.457627 0.050000
-20.000000 -11.949153 0.050000
-20.000000 -11.440678 0.050000
-20.000000 -10.932203 0.050000
-20.000000 -10.423729 0.050000
-20.000000 -9.915254 0.050000
-20.000000 -9.406780 0.050000
-20.000000 -8.898305 0.050000
-20.000000 -8.389831 0.050000
-20.000000 -7.881356 0.050000
-20.000000 -7.372881 0.050000
-20.000000 -6.864407 0.050000
-20.000000 -6.355932 0.050000
-20.000000 -5.847458 0.050000
-20.000000 -5.338983 0.050000
-20.000000 -4.830508 0.050000
-20.000000 -4.322034 0.050000
-20.000000 -3.813559 0.050000
-20.000000 -3.305085 0.050000
-20.000000 -2.796610 0.050000
-20.000000 -2.288136 0.050000
-20.000000 -1.779661 0.050000
-20.000000 -1.271186 0.050000
-20.000000 -0.762712 0.050000
-20.000000 -0.254237 0.050000
-20.000000 0.254237 0.050000
-20.000000 0.762712 0.050000
-20.000000 1.271186 0.050000
-20.000000 1.779661 0.050000
-20.000000 2.288136 0.050000
-20.000000 2.796610 0.050000
-20.000000 3.305085 0.050000
-20.000000 3.813559 0.050000
-20.000000 4.322034 0.050000
-20.000000 4.830508 0.050000
-20.000000 5.338983 0.050000
-20.000000 5.847458 0.050000
-20.000000 6.355932 0.050000
-20.000000 6.864407 0.050000
-20.000000 7.372881 0.050000
-20.000000 7.881356 0.050000
-20.000000 8.389831 0.050000
-20.000000 8.898305 0.050000
-20.000000 9.406780 0.050000
-20.000000 9.915254 0.050000
-20.000000 10.423729 0.050000
-20.000000 10.932203 0.050000
-20.000000 11.440678 0.050000
-20.000000 11.949153 0.050000
-20.000000 12.457627 0.050000
-20.000000 12.966102 0.050000
-20.000000 13.474576 0.050000
-20.000000 13.983051 0.050000
-20.000000 14.491525 0.050000
-20.000000 15.000000 0.050000
-19.493671 -15.000000 0.050000
-19.493671 -14.491525 0.050000
-19.493671 -13.983051 0.050000
-19.493671 -13.474576 0.050000
-19.493671 -12.966102 0.050000
-19.493671 -12.457627 0.050000
-19.493671 -11.949153 0.050000
-19.493671 -11.440678 0.050000
-19.493671 -10.932203 0.050000
-19.493671 -10.423729 0.050000
-19.493671 -9.915254 0.050000
-19.493671 -9.406780 0.050000
-19.493671 -8.898305 0.050000
-19.493671 -8.389831 0.050000
-19.493671 -7.881356 0.050000
-19.493671 -7.372881 0.050000
-19.493671 -6.864407 0.050000
-19.493671 -6.355932 0.050000
-19.493671 -5.847458 0.050000
-19.493671 -5.338983 0.050000
-19.493671 -4.830508 0.050000
-19.493671 -4.322034 0.050000
-19.493671 -3.813559 0.050000
-19.493671 -3.305085 0.050000
-19.493671 -2.796610 0.050000
-19.493671 -2.288136 0.050000
-19.493671 -1.779661 0.050000
-19.493671 -1.271186 0.050000
-19.493671 -0.762712 0.050000
-19.493671 -0.254237 0.050000
-19.493671 0.254237 0.050000
-19.493671 0.762712 0.050000
-19.493671 1.271186 0.050000
-19.493671 1.779661 0.050000
-19.493671 2.288136 0.050000
-19.493671 2.796610 0.050000
-19.493671 3.305085 0.050000
-19.493671 3.813559 0.050000
-19.493671 4.322034 0.050000
-19.493671 4.830508 0.050000
-19.493671 5.338983 0.050000
-19.493671 5.847458 0.050000
-19.493671 6.355932 0.050000
-19.493671 6.864407 0.050000
-19.493671 7.372881 0.050000
-19.493671 7.881356 0.050000
-19.493671 8.389831 0.050000
-19.493671 8.898305 0.050000
-19.493671 9.406780 0.050000
-19.493671 9.915254 0.050000
-19.493671 10.423729 0.050000
-19.493671 10.932203 0.050000
-19.493671 11.440678 0.050000
-19.493671 11.949153 0.050000
-19.493671 12.457627 0.050000
-19.493671 12.966102 0.050000
-19.493671 13.474576 0.050000
-19.493671 13.983051 0.050000
-19.493671 14.491525 0.050000
-19.493671 15.000000 0.050000
-18.987342 -15.000000 0.050000
-18.987342 -14.491525 0.050000
-18.987342 -13.983051 0.050000
-18.987342 -13.474576 0.050000
-18.987342 -12.966102 0.050000
-18.987342 -12.457627 0.050000
-18.987342 -11.949153 0.050000
-18.987342 -11.440678 0.050000
-18.987342 -10.932203 0.050000
-18.987342 -10.423729 0.050000
-18.987342 -9.915254 0.050000
-18.987342 -9.406780 0.050000
-18.987342 -8.898305 0.050000
-18.987342 -8.389831 0.050000
-18.987342 -7.881356 0.050000
-18.987342 -7.372881 0.050000
-18.987342 -6.864407 0.050000
-18.987342 -6.355932 0.050000
-18.987342 -5.847458 0.050000
-18.987342 -5.338983 0.050000
-18.987342 -4.830508 0.050000
-18.987342 -4.322034 0.050000
-18.987342 -3.813559 0.050000
-18.987342 -3.305085 0.050000
-18.987342 -2.796610 0.050000
-18.987342 -2.288136 0.050000
-18.987342 -1.779661 0.050000
-18.987342 -1.271186 0.050000
-18.987342 -0.762712 0.050000
-18.987342 -0.254237 0.050000
-18.987342 0.254237 0.050000
-18.987342 0.762712 0.050000
-18.987342 1.271186 0.050000
-18.987342 1.779661 0.050000
-18.987342 2.288136 0.050000
-18.987342 2.796610 0.050000
-18.987342 3.305085 0.050000
-18.987342 3.813559 0.050000
-18.987342 4.322034 0.050000
-18.987342 4.830508 0.050000
-18.987342 5.338983 0.050000
-18.987342 5.847458 0.050000
-18.987342 6.355932 0.050000
-18.987342 6.864407 0.050000
-18.987342 7.372881 0.050000
-18.987342 7.881356 0.050000
-18.987342 8.389831 0.050000
-18.987342 8.898305 0.050000
-18.987342 9.406780 0.050000
-18.987342 9.915254 0.050000
-18.987342 10.423729 0.050000
-18.987342 10.932203 0.050000
-18.987342 11.440678 0.050000
-18.987342 11.949153 0.050000
-18.987342 12.457627 0.050000
-18.987342 12.966102 0.050000
-18.987342 13.474576 0.050000
-18.987342 13.983051 0.050000
-18.987342 14.491525 0.050000
-18.987342 15.000000 0.050000
-18.481013 -15.000000 0.050000
-18.481013 -14.491525 0.050000
-18.481013 -13.983051 0.050000
-18.481013 -13.474576 0.050000
-18.481013 -12.966102 0.050000
-18.481013 -12.457627 0.050000
-18.481013 -11.949153 0.050000
-18.481013 -11.440678 0.050000
-18.481013 -10.932203 0.050000
-18.481013 -10.423729 0.050000
-18.481013 -9.915254 0.050000
-18.481013 -9.406780 0.050000
-18.481013 -8.898305 0.050000
-18.481013 -8.389831 0.050000
-18.481013 -7.881356 0.050000
-18.481013 -7.372881 0.050000
-18.481013 -6.864407 0.050000
-18.481013 -6.355932 0.050000
-18.481013 -5.847458 0.050000
-18.481013 -5.338983 0.050000
-18.481013 -4.830508 0.050000
-18.481013 -4.322034 0.050000
-18.481013 -3.813559 0.050000
-18.481013 -3.305085 0.050000
-18.481013 -2.796610 0.050000
-18.481013 -2.288136 0.050000
-18.481013 -1.779661 0.050000
-18.481013 -1.271186 0.050000
-18.481013 -0.762712 0.050000
-18.481013 -0.254237 0.050000
-18.481013 0.254237 0.050000
-18.481013 0.762712 0.050000
-18.481013 1.271186 0.050000
-18.481013 1.779661 0.050000
-18.481013 2.288136 0.050000
-18.481013 2.796610 0.050000
-18.481013 3.305085 0.050000
-18.481013 3.813559 0.050000
-18.481013 4.322034 0.050000
-18.481013 4.830508 0.050000
-18.481013 5.338983 0.050000
-18.481013 5.847458 0.050000
-18.481013 6.355932 0.050000
-18.481013 6.864407 0.050000
-18.481013 7.372881 0.050000
-18.481013 7.881356 0.050000
-18.481013 8.389831 0.050000
-18.481013 8.898305 0.050000
-18.481013 9.406780 0.050000
-18.481013 9.915254 0.050000
-18.481013 10.423729 0.050000
-18.481013 10.932203 0.050000
-18.481013 11.440678 0.050000
-18.481013 11.949153 0.050000
-18.481013 12.457627 0.050000
-18.481013 12.966102 0.050000
-18.481013 13.474576 0.050000
-18.481013 13.983051 0.050000
-18.481013 14.491525 0.050000
-18.481013 15.000000 0.050000
-17.974684 -15.000000 0.050000
-17.974684 -14.491525 0.050000
-17.974684 -13.983051 0.050000
-17.974684 -13.474576 0.050000
-17.974684 -12.966102 0.050000
-17.974684 -12.457627 0.050000
-17.974684 -11.949153 0.050000
-17.974684 -11.440678 0.050000
-17.974684 -10.932203 0.050000
-17.974684 -10.423729 0.050000
-17.974684 -9.915254 0.050000
-17.974684 -9.406780 0.050000
-17.974684 -8.898305 0.050000
-17.974684 -8.389831 0.050000
-17.974684 -7.881356 0.050000
-17.974684 -7.372881 0.050000
-17.974684 -6.864407 0.050000
-17.974684 -6.355932 0.050000
-17.974684 -5.847458 0.050000
-17.974684 -5.338983 0.050000
-17.974684 -4.830508 0.050000
-17.974684 -4.322034 0.050000
-17.974684 -3.813559 0.050000
-17.974684 -3.305085 0.050000
-17.974684 -2.796610 0.050000
-17.974684 -2.288136 0.050000
-17.974684 -1.779661 0.050000
-17.974684 -1.271186 0.050000
-17.974684 -0.762712 0.050000
-17.974684 -0.254237 0.050000
-17.974684 0.254237 0.050000
-17.974684 0.762712 0.050000
-17.974684 1.271186 0.050000
-17.974684 1.779661 0.050000
-17.974684 2.288136 0.050000
-17.974684 2.796610 0.050000
-17.974684 3.305085 0.050000
-17.974684 3.813559 0.050000
-17.974684 4.322034 0.050000
-17.974684 4.830508 0.050000
-17.974684 5.338983 0.050000
-17.974684 5.847458 0.050000
-17.974684 6.355932 0.050000
-17.974684 6.864407 0.050000
-17.974684 7.372881 0.050000
-17.974684 7.881356 0.050000
-17.974684 8.389831 0.050000
-17.974684 8.898305 0.050000
-17.974684 9.406780 0.050000
-17.974684 9.915254 0.050000
-17.974684 10.423729 0.050000
-17.974684 10.932203 0.050000
-17.974684 11.440678 0.050000
-17.974684 11.949153 0.050000
-17.974684 12.457627 0.050000
-17.974684 12.966102 0.050000
-17.974684 13.474576 0.050000
-17.974684 13.983051 0.050000
-17.974684 14.491525 0.050000
-17.974684 15.000000 0.050000
-17.468354 -15.000000 0.050000
-17.468354 -14.491525 0.050000
-17.468354 -13.983051 0.050000
-17.468354 -13.474576 0.050000
-17.468354 -12.966102 0.050000
-17.468354 -12.457627 0.050000
-17.468354 -11.949153 0.050000
-17.468354 -11.440678 0.050000
-17.468354 -10.932203 0.050000
-17.468354 -10.423729 0.050000
-17.468354 -9.915254 0.050000
-17.468354 -9.406780 0.050000
-17.468354 -8.898305 0.050000
-17.468354 -8.389831 0.050000
-17.468354 -7.881356 0.050000
-17.468354 -7.372881 0.050000
-17.468354 -6.864407 0.050000
-17.468354 -6.355932 0.050000
-17.468354 -5.847458 0.050000
-17.468354 -5.338983 0.050000
-17.468354 -4.830508 0.050000
-17.468354 -4.322034 0.050000
-17.468354 -3.813559 0.050000
-17.468354 -3.305085 0.050000
-17.468354 -2.796610 0.050000
-17.468354 -2.288136 0.050000
-17.468354 -1.779661 0.050000
-17.468354 -1.271186 0.050000
-17.468354 -0.762712 0.050000
-17.468354 -0.254237 0.050000
-17.468354 0.254237 0.050000
-17.468354 0.762712 0.050000
-17.468354 1.271186 0.050000
-17.468354 1.779661 0.050000
-17.468354 2.288136 0.050000
-17.468354 2.796610 0.050000
-17.468354 3.305085 0.050000
-17.468354 3.813559 0.050000
-17.468354 4.322034 0.050000
-17.468354 4.830508 0.050000
-17.468354 5.338983 0.050000
-17.468354 5.847458 0.050000
-17.468354 6.355932 0.050000
-17.468354 6.864407 0.050000
-17.468354 7.372881 0.050000
-17.468354 7.881356 0.050000
-17.468354 8.389831 0.050000
-17.468354 8.898305 0.050000
-17.468354 9.406780 0.050000
-17.468354 9.915254 0.050000
-17.468354 10.423729 0.050000
-17.468354 10.932203 0.050000
-17.468354 11.440678 0.050000
-17.468354 11.949153 0.050000
-17.468354 12.457627 0.050000
-17.468354 12.966102 0.050000
-17.468354 13.474576 0.050000
-17.468354 13.983051 0.050000
-17.468354 14.491525 0.050000
-17.468354 15.000000 0.050000
-16.962025 -15.000000 0.050000
-16.962025 -14.491525 0.050000
-16.962025 -13.983051 0.050000
-16.962025 -13.474576 0.050000
-16.962025 -12.966102 0.050000
-16.962025 -12.457627 0.050000
-16.962025 -11.949153 0.050000
-16.962025 -11.440678 0.050000
-16.962025 -10.932203 0.050000
-16.962025 -10.423729 0.050000
-16.962025 -9.915254 0.050000
-16.962025 -9.406780 0.050000
-16.962025 -8.898305 0.050000
-16.962025 -8.389831 0.050000
-16.962025 -7.881356 0.050000
-16.962025 -7.372881 0.050000
-16.962025 -6.864407 0.050000
-16.962025 -6.355932 0.050000
-16.962025 -5.847458 0.050000
-16.962025 -5.338983 0.050000
-16.962025 -4.830508 0.050000
-16.962025 -4.322034 0.050000
-16.962025 -3.813559 0.050000
-16.962025 -3.305085 0.050000
-16.962025 -2.796610 0.050000
-16.962025 -2.288136 0.050000
-16.962025 -1.779661 0.050000
-16.962025 -1.271186 0.050000
-16.962025 -0.762712 0.050000
-16.962025 -0.254237 0.050000
-16.962025 0.254237 0.050000
-16.962025 0.762712 0.050000
-16.962025 1.271186 0.050000
-16.962025 1.779661 0.050000
-16.962025 2.288136 0.050000
-16.962025 2.796610 0.050000
-16.962025 3.305085 0.050000
-16.962025 3.813559 0.050000
-16.962025 4.322034 0.050000
-16.962025 4.830508 0.050000
-16.962025 5.338983 0.050000
-16.962025 5.847458 0.050000
-16.962025 6.355932 0.050000
-16.962025 6.864407 0.050000
-16.962025 7.372881 0.050000
-16.962025 7.881356 0.050000
-16.962025 8.389831 0.050000
-16.962025 8.898305 0.050000
-16.962025 9.406780 0.050000
-16.962025 9.915254 0.050000
-16.962025 10.423729 0.050000
-16.962025 10.932203 0.050000
-16.962025 11.440678 0.050000
-16.962025 11.949153 0.050000
-16.962025 12.457627 0.050000
-16.962025 12.966102 0.050000
-16.962025 13.474576 0.050000
-16.962025 13.983051 0.050000
-16.962025 14.491525 0.050000
-16.962025 15.000000 0.050000
-16.455696 -15.000000 0.050000
-16.455696 -14.491525 0.050000
-16.455696 -13.983051 0.050000
-16.455696 -13.474576 0.050000
-16.455696 -12.966102 0.050000
-16.455696 -12.457627 0.050000
-16.455696 -11.949153 0.050000
-16.455696 -11.440678 0.050000
-16.455696 -10.932203 0.050000
-16.455696 -10.423729 0.050000
-16.455696 -9.915254 0.050000
-16.455696 -9.406780 0.050000
-16.455696 -8.898305 0.050000
-16.455696 -8.389831 0.050000
-16.455696 -7.881356 0.050000
-16.455696 -7.372881 0.050000
-16.455696 -6.864407 0.050000
-16.455696 -6.355932 0.050000
-16.455696 -5.847458 0.050000
-16.455696 -5.338983 0.050000
-16.455696 -4.830508 0.050000
-16.455696 -4.322034 0.050000
-16.455696 -3.813559 0.050000
-16.455696 -3.305085 0.050000
-16.455696 -2.796610 0.050000
-16.455696 -2.288136 0.050000
-16.455696 -1.779661 0.050000
-16.455696 -1.271186 0.050000
-16.455696 -0.762712 0.050000
-16.455696 -0.254237 0.050000
-16.455696 0.254237 0.050000
-16.455696 0.762712 0.050000
-16.455696 1.271186 0.050000
-16.455696 1.779661 0.050000
-16.455696 2.288136 0.050000
-16.455696 2.796610 0.050000
-16.455696 3.305085 0.050000
-16.455696 3.813559 0.050000
-16.455696 4.322034 0.050000
-16.455696 4.830508 0.050000
-16.455696 5.338983 0.050000
-16.455696 5.847458 0.050000
-16.455696 6.355932 0.050000
-16.455696 6.864407 0.050000
-16.455696 7.372881 0.050000
-16.455696 7.881356 0.050000
-16.455696 8.389831 0.050000
-16.455696 8.898305 0.050000
-16.455696 9.406780 0.050000
-16.455696 9.915254 0.050000
-16.455696 10.423729 0.050000
-16.455696 10.932203 0.050000
-16.455696 11.440678 0.050000
-16.455696 11.949153 0.050000
-16.455696 12.457627 0.050000
-16.455696 12.966102 0.050000
-16.455696 13.474576 0.050000
-16.455696 13.983051 0.050000
-16.455696 14.491525 0.050000
-16.455696 15.000000 0.050000
-15.949367 -15.000000 0.050000
-15.949367 -14.491525 0.050000
-15.949367 -13.983051 0.050000
-15.949367 -13.474576 0.050000
-15.949367 -12.966102 0.050000
-15.949367 -12.457627 0.050000
-15.949367 -11.949153 0.050000
-15.949367 -11.440678 0.050000
-15.949367 -10.932203 0.050000
-15.949367 -10.423729 0.050000
-15.949367 -9.915254 0.050000
-15.949367 -9.406780 0.050000
-15.949367 -8.898305 0.050000
-15.949367 -8.389831 0.050000
-15.949367 -7.881356 0.050000
-15.949367 -7.372881 0.050000
-15.949367 -6.864407 0.050000
-15.949367 -6.355932 0.050000
-15.949367 -5.847458 0.050000
-15.949367 -5.338983 0.050000
-15.949367 -4.830508 0.050000
-15.949367 -4.322034 0.050000
-15.949367 -3.813559 0.050000
-15.949367 -3.305085 0.050000
-15.949367 -2.796610 0.050000
-15.949367 -2.288136 0.050000
-15.949367 -1.779661 0.050000
-15.949367 -1.271186 0.050000
-15.949367 -0.762712 0.050000
-15.949367 -0.254237 0.050000
-15.949367 0.254237 0.050000
-15.949367 0.762712 0.050000
-15.949367 1.271186 0.050000
-15.949367 1.779661 0.050000
-15.949367 2.288136 0.050000
-15.949367 2.796610 0.050000
-15.949367 3.305085 0.050000
-15.949367 3.813559 0.050000
-15.949367 4.322034 0.050000
-15.949367 4.830508 0.050000
-15.949367 5.338983 0.050000
-15.949367 5.847458 0.050000
-15.949367 6.355932 0.050000
-15.949367 6.864407 0.050000
-15.949367 7.372881 0.050000
-15.949367 7.881356 0.050000
-15.949367 8.389831 0.050000
-15.949367 8.898305 0.050000
-15.949367 9.406780 0.050000
-15.949367 9.915254 0.050000
-15.949367 10.423729 0.050000
-15.949367 10.932203 0.050000
-15.949367 11.440678 0.050000
-15.949367 11.949153 0.050000
-15.949367 12.457627 0.050000
-15.949367 12.966102 0.050000
-15.949367 13.474576 0.050000
-15.949367 13.983051 0.050000
-15.949367 14.491525 0.050000
-15.949367 15.000000 0.050000
-15.443038 -15.000000 0.050000
-15.443038 -14.491525 0.050000
-15.443038 -13.983051 0.050000
-15.443038 -13.474576 0.050000
-15.443038 -12.966102 0.050000
-15.443038 -12.457627 0.050000
-15.443038 -11.949153 0.050000
-15.443038 -11.440678 0.050000
-15.443038 -10.932203 0.050000
-15.443038 -10.423729 0.050000
-15.443038 -9.915254 0.050000
-15.443038 -9.406780 0.050000
-15.443038 -8.898305 0.050000
-15.443038 -8.389831 0.050000
-15.443038 -7.881356 0.050000
-15.443038 -7.372881 0.050000
-15.443038 -6.864407 0.050000
-15.443038 -6.355932 0.050000
-15.443038 -5.847458 0.050000
-15.443038 -5.338983 0.050000
-15.443038 -4.830508 0.050000
-15.443038 -4.322034 0.050000
-15.443038 -3.813559 0.050000
-15.443038 -3.305085 0.050000
-15.443038 -2.796610 0.050000
-15.443038 -2.288136 0.050000
-15.443038 -1.779661 0.050000
-15.443038 -1.271186 0.050000
-15.443038 -0.762712 0.050000
-15.443038 -0.254237 0.050000
-15.443038 0.254237 0.050000
-15.443038 0.762712 0.050000
-15.443038 1.271186 0.050000
-15.443038 1.779661 0.050000
-15.443038 2.288136 0.050000
-15.443038 2.796610 0.050000
-15.443038 3.305085 0.050000
-15.443038 3.813559 0.050000
-15.443038 4.322034 0.050000
-15.443038 4.830508 0.050000
-15.443038 5.338983 0.050000
-15.443038 5.847458 0.050000
-15.443038 6.355932 0.050000
-15.443038 6.864407 0.050000
-15.443038 7.372881 0.050000
-15.443038 7.881356 0.050000
-15.443038 8.389831 0.050000
-15.443038 8.898305 0.050000
-15.443038 9.406780 0.050000
-15.443038 9.915254 0.050000
-15.443038 10.423729 0.050000
-15.443038 10.932203 0.050000
-15.443038 11.440678 0.050000
-15.443038 11.949153 0.050000
-15.443038 12.457627 0.050000
-15.443038 12.966102 0.050000
-15.443038 13.474576 0.050000
-15.443038 13.983051 0.050000
-15.443038 14.491525 0.050000
-15.443038 15.000000 0.050000
-14.936709 -15.000000 0.050000
-14.936709 -14.491525 0.050000
-14.936709 -13.983051 0.050000
-14.936709 -13.474576 0.050000
-14.936709 -12.966102 0.050000
-14.936709 -12.457627 0.050000
-14.936709 -11.949153 0.050000
-14.936709 -11.440678 0.050000
-14.936709 -10.932203 0.050000
-14.936709 -10.423729 0.050000
-14.936709 -9.915254 0.050000
-14.936709 -9.406780 0.050000
-14.936709 -8.898305 0.050000
-14.936709 -8.389831 0.050000
-14.936709 -7.881356 0.050000
-14.936709 -7.372881 0.050000
-14.936709 -6.864407 0.050000
-14.936709 -6.355932 0.050000
-14.936709 -5.847458 0.050000
-14.936709 -5.338983 0.050000
-14.936709 -4.830508 0.050000
-14.936709 -4.322034 0.050000
-14.936709 -3.813559 0.050000
-14.936709 -3.305085 0.050000
-14.936709 -2.796610 0.050000
-14.936709 -2.288136 0.050000
-14.936709 -1.779661 0.050000
-14.936709 -1.271186 0.050000
-14.936709 -0.762712 0.050000
-14.936709 -0.254237 0.050000
-14.936709 0.254237 0.050000
-14.936709 0.762712 0.050000
-14.936709 1.271186 0.050000
-14.936709 1.779661 0.050000
-14.936709 2.288136 0.050000
-14.936709 2.796610 0.050000
-14.936709 3.305085 0.050000
-14.936709 3.813559 0.050000
-14.936709 4.322034 0.050000
-14.936709 4.830508 0.050000
-14.936709 5.338983 0.050000
-14.936709 5.847458 0.050000
-14.936709 6.355932 0.050000
-14.936709 6.864407 0.050000
-14.936709 7.372881 0.050000
-14.936709 7.881356 0.050000
-14.936709 8.389831 0.050000
-14.936709 8.898305 0.050000
-14.936709 9.406780 0.050000
-14.936709 9.915254 0.050000
-14.936709 10.423729 0.050000
-14.936709 10.932203 0.050000
-14.936709 11.440678 0.050000
-14.936709 11.949153 0.050000
-14.936709 12.457627 0.050000
-14.936709 12.966102 0.050000
-14.936709 13.474576 0.050000
-14.936709 13.983051 0.050000
-14.936709 14.491525 0.050000
-14.936709 15.000000 0.050000
-14.430380 -15.000000 0.050000
-14.430380 -14.491525 0.050000
-14.430380 -13.983051 0.050000
-14.430380 -13.474576 0.050000
-14.430380 -12.966102 0.050000
-14.430380 -12.457627 0.050000
-14.430380 -11.949153 0.050000
-14.430380 -11.440678 0.050000
-14.430380 -10.932203 0.050000
-14.430380 -10.423729 0.050000
-14.430380 -9.915254 0.050000
-14.430380 -9.406780 0.050000
-14.430380 -8.898305 0.050000
-14.430380 -8.389831 0.050000
-14.430380 -7.881356 0.050000
-14.430380 -7.372881 0.050000
-14.430380 -6.864407 0.050000
-14.430380 -6.355932 0.050000
-14.430380 -5.847458 0.050000
-14.430380 -5.338983 0.050000
-14.430380 -4.830508 0.050000
-14.430380 -4.322034 0.050000
-14.430380 -3.813559 0.050000
-14.430380 -3.305085 0.050000
-14.430380 -2.796610 0.050000
-14.430380 -2.288136 0.050000
-14.430380 -1.779661 0.050000
-14.430380 -1.271186 0.050000
-14.430380 -0.762712 0.050000
-14.430380 -0.254237 0.050000
-14.430380 0.254237 0.050000
-14.430380 0.762712 0.050000
-14.430380 1.271186 0.050000
-14.430380 1.779661 0.050000
-14.430380 2.288136 0.050000
-14.430380 2.796610 0.050000
-14.430380 3.305085 0.050000
-14.430380 3.813559 0.050000
-14.430380 4.322034 0.050000
-14.430380 4.830508 0.050000
-14.430380 5.338983 0.050000
-14.430380 5.847458 0.050000
-14.430380 6.355932 0.050000
-14.430380 6.864407 0.050000
-14.430380 7.372881 0.050000
-14.430380 7.881356 0.050000
-14.430380 8.389831 0.050000
-14.430380 8.898305 0.050000
-14.430380 9.406780 0.050000
-14.430380 9.915254 0.050000
-14.430380 10.423729 0.050000
-14.430380 10.932203 0.050000
-14.430380 11.440678 0.050000
-14.430380 11.949153 0.050000
-14.430380 12.457627 0.050000
-14.430380 12.966102 0.050000
-14.430380 13.474576 0.050000
-14.430380 13.983051 0.050000
-14.430380 14.491525 0.050000
-14.430380 15.000000 0.050000
-13.924051 -15.000000 0.050000
-13.924051 -14.491525 0.050000
-13.924051 -13.983051 0.050000
-13.924051 -13.474576 0.050000
-13.924051 -12.966102 0.050000
-13.924051 -12.457627 0.050000
-13.924051 -11.949153 0.050000
-13.924051 -11.440678 0.050000
-13.924051 -10.932203 0.050000
-13.924051 -10.423729 0.050000
-13.924051 -9.915254 0.050000
-13.924051 -9.406780 0.050000
-13.924051 -8.898305 0.050000
-13.924051 -8.389831 0.050000
-13.924051 -7.881356 0.050000
-13.924051 -7.372881 0.050000
-13.924051 -6.864407 0.050000
-13.924051 -6.355932 0.050000
-13.924051 -5.847458 0.050000
-13.924051 -5.338983 0.050000
-13.924051 -4.830508 0.050000
-13.924051 -4.322034 0.050000
-13.924051 -3.813559 0.050000
-13.924051 -3.305085 0.050000
-13.924051 -2.796610 0.050000
-13.924051 -2.288136 0.050000
-13.924051 -1.779661 0.050000
-13.924051 -1.271186 0.050000
-13.924051 -0.762712 0.050000
-13.924051 -0.254237 0.050000
-13.924051 0.254237 0.050000
-13.924051 0.762712 0.050000
-13.924051 1.271186 0.050000
-13.924051 1.779661 0.050000
-13.924051 2.288136 0.050000
-13.924051 2.796610 0.050000
-13.924051 3.305085 0.050000
-13.924051 3.813559 0.050000
-13.924051 4.322034 0.050000
-13.924051 4.830508 0.050000
-13.924051 5.338983 0.050000
-13.924051 5.847458 0.050000
-13.924051 6.355932 0.050000
-13.924051 6.864407 0.050000
-13.924051 7.372881 0.050000
-13.924051 7.881356 0.050000
-13.924051 8.389831 0.050000
-13.924051 8.898305 0.050000
-13.924051 9.406780 0.050000
-13.924051 9.915254 0.050000
-13.924051 10.423729 0.050000
-13.924051 10.932203 0.050000
-13.924051 11.440678 0.050000
-13.924051 11.949153 0.050000
-13.924051 12.457627 0.050000
-13.924051 12.966102 0.050000
-13.924051 13.474576 0.050000
-13.924051 13.983051 0.050000
-13.924051 14.491525 0.050000
-13.924051 15.000000 0.050000
-13.417722 -15.000000 0.050000
-13.417722 -14.491525 0.050000
-13.417722 -13.983051 0.050000
-13.417722 -13.474576 0.050000
-13.417722 -12.966102 0.050000
-13.417722 -12.457627 0.050000
-13.417722 -11.949153 0.050000
-13.417722 -11.440678 0.050000
-13.417722 -10.932203 0.050000
-13.417722 -10.423729 0.050000
-13.417722 -9.915254 0.050000
-13.417722 -9.406780 0.050000
-13.417722 -8.898305 0.050000
-13.417722 -8.389831 0.050000
-13.417722 -7.881356 0.050000
-13.417722 -7.372881 0.050000
-13.417722 -6.864407 0.050000
-13.417722 -6.355932 0.050000
-13.417722 -5.847458 0.050000
-13.417722 -5.338983 0.050000
-13.417722 -4.830508 0.050000
-13.417722 -4.322034 0.050000
-13.417722 -3.813559 0.050000
-13.417722 -3.305085 0.050000
-13.417722 -2.796610 0.050000
-13.417722 -2.288136 0.050000
-13.417722 -1.779661 0.050000
-13.417722 -1.271186 0.050000
-13.417722 -0.762712 0.050000
-13.417722 -0.254237 0.050000
-13.417722 0.254237 0.050000
-13.417722 0.762712 0.050000
-13.417722 1.271186 0.050000
-13.417722 1.779661 0.050000
-13.417722 2.288136 0.050000
-13.417722 2.796610 0.050000
-13.417722 3.305085 0.050000
-13.417722 3.813559 0.050000
-13.417722 4.322034 0.050000
-13.417722 4.830508 0.050000
-13.417722 5.338983 0.050000
-13.417722 5.847458 0.050000
-13.417722 6.355932 0.050000
-13.417722 6.864407 0.050000
-13.417722 7.372881 0.050000
-13.417722 7.881356 0.050000
-13.417722 8.389831 0.050000
-13.417722 8.898305 0.050000
-13.417722 9.406780 0.050000
-13.417722 9.915254 0.050000
-13.417722 10.423729 0.050000
-13.417722 10.932203 0.050000
-13.417722 11.440678 0.050000
-13.417722 11.949153 0.050000
-13.417722 12.457627 0.050000
-13.417722 12.966102 0.050000
-13.417722 13.474576 0.050000
-13.417722 13.983051 0.050000
-13.417722 14.491525 0.050000
-13.417722 15.000000 0.050000
-12.911392 -15.000000 0.050000
-12.911392 -14.491525 0.050000
-12.911392 -13.983051 0.050000
-12.911392 -13.474576 0.050000
-12.911392 -12.966102 0.050000
-12.911392 -12.457627 0.050000
-12.911392 -11.949153 0.050000
-12.911392 -11.440678 0.050000
-12.911392 -10.932203 0.050000
-12.911392 -10.423729 0.050000
-12.911392 -9.915254 0.050000
-12.911392 -9.406780 0.050000
-12.911392 -8.898305 0.050000
-12.911392 -8.389831 0.050000
-12.911392 -7.881356 0.050000
-12.911392 -7.372881 0.050000
-12.911392 -6.864407 0.050000
-12.911392 -6.355932 0.050000
-12.911392 -5.847458 0.050000
-12.911392 -5.338983 0.050000
-12.911392 -4.830508 0.050000
-12.911392 -4.322034 0.050000
-12.911392 -3.813559 0.050000
-12.911392 -3.305085 0.050000
-12.911392 -2.796610 0.050000
-12.911392 -2.288136 0.050000
-12.911392 -1.779661 0.050000
-12.911392 -1.271186 0.050000
-12.911392 -0.762712 0.050000
-12.911392 -0.254237 0.050000
-12.911392 0.254237 0.050000
-12.911392 0.762712 0.050000
-12.911392 1.271186 0.050000
-12.911392 1.779661 0.050000
-12.911392 2.288136 0.050000
-12.911392 2.796610 0.050000
-12.911392 3.305085 0.050000
-12.911392 3.813559 0.050000
-12.911392 4.322034 0.050000
-12.911392 4.830508 0.050000
-12.911392 5.338983 0.050000
-12.911392 5.847458 0.050000
-12.911392 6.355932 0.050000
-12.911392 6.864407 0.050000
-12.911392 7.372881 0.050000
-12.911392 7.881356 0.050000
-12.911392 8.389831 0.050000
-12.911392 8.898305 0.050000
-12.911392 9.406780 0.050000
-12.911392 9.915254 0.050000
-12.911392 10.423729 0.050000
-12.911392 10.932203 0.050000
-12.911392 11.440678 0.050000
-12.911392 11.949153 0.050000
-12.911392 12.457627 0.050000
-12.911392 12.966102 0.050000
-12.911392 13.474576 0.050000
-12.911392 13.983051 0.050000
-12.911392 14.491525 0.050000
-12.911392 15.000000 0.050000
-12.405063 -15.000000 0.050000
-12.405063 -14.491525 0.050000
-12.405063 -13.983051 0.050000
-12.405063 -13.474576 0.050000
-12.405063 -12.966102 0.050000
-12.405063 -12.457627 0.050000
-12.405063 -11.949153 0.050000
-12.405063 -11.440678 0.050000
-12.405063 -10.932203 0.050000
-12.405063 -10.423729 0.050000
-12.405063 -9.915254 0.050000
-12.405063 -9.406780 0.050000
-12.405063 -8.898305 0.050000
-12.405063 -8.389831 0.050000
-12.405063 -7.881356 0.050000
-12.405063 -7.372881 0.050000
-12.405063 -6.864407 0.050000
-12.405063 -6.355932 0.050000
-12.405063 -5.847458 0.050000
-12.405063 -5.338983 0.050000
-12.405063 -4.830508 0.050000
-12.405063 -4.322034 0.050000
-12.405063 -3.813559 0.050000
-12.405063 -3.305085 0.050000
-12.405063 -2.796610 0.050000
-12.405063 -2.288136 0.050000
-12.405063 -1.779661 0.050000
-12.405063 -1.271186 0.050000
-12.405063 -0.762712 0.050000
-12.405063 -0.254237 0.050000
-12.405063 0.254237 0.050000
-12.405063 0.762712 0.050000
-12.405063 1.271186 0.050000
-12.405063 1.779661 0.050000
-12.405063 2.288136 0.050000
-12.405063 2.796610 0.050000
-12.405063 3.305085 0.050000
-12.405063 3.813559 0.050000
-12.405063 4.322034 0.050000
-12.405063 4.830508 0.050000
-12.405063 5.338983 0.050000
-12.405063 5.847458 0.050000
-12.405063 6.355932 0.050000
-12.405063 6.864407 0.050000
-12.405063 7.372881 0.050000
-12.405063 7.881356 0.050000
-12.405063 8.389831 0.050000
-12.405063 8.898305 0.050000
-12.405063 9.406780 0.050000
-12.405063 9.915254 0.050000
-12.405063 10.423729 0.050000
-12.405063 10.932203 0.050000
-12.405063 11.440678 0.050000
-12.405063 11.949153 0.050000
-12.405063 12.457627 0.050000
-12.405063 12.966102 0.050000
-12.405063 13.474576 0.050000
-12.405063 13.983051 0.050000
-12.405063 14.491525 0.050000
-12.405063 15.000000 0.050000
-11.898734 -15.000000 0.050000
-11.898734 -14.491525 0.050000
-11.898734 -13.983051 0.050000
-11.898734 -13.474576 0.050000
-11.898734 -12.966102 0.050000
-11.898734 -12.457627 0.050000
-11.898734 -11.949153 0.050000
-11.898734 -11.440678 0.050000
-11.898734 -10.932203 0.050000
-11.898734 -10.423729 0.050000
-11.898734 -9.915254 0.050000
-11.898734 -9.406780 0.050000
-11.898734 -8.898305 0.050000
-11.898734 -8.389831 0.050000
-11.898734 -7.881356 0.050000
-11.898734 -7.372881 0.050000
-11.898734 -6.864407 0.050000
-11.898734 -6.355932 0.050000
-11.898734 -5.847458 0.050000
-11.898734 -5.338983 0.050000
-11.898734 -4.830508 0.050000
-11.898734 -4.322034 0.050000
-11.898734 -3.813559 0.050000
-11.898734 -3.305085 0.050000
-11.898734 -2.796610 0.050000
-11.898734 -2.288136 0.050000
-11.898734 -1.779661 0.050000
-11.898734 -1.271186 0.050000
-11.898734 -0.762712 0.050000
-11.898734 -0.254237 0.050000
-11.898734 0.254237 0.050000
-11.898734 0.762712 0.050000
-11.898734 1.271186 0.050000
-11.898734 1.779661 0.050000
-11.898734 2.288136 0.050000
-11.898734 2.796610 0.050000
-11.898734 3.305085 0.050000
-11.898734 3.813559 0.050000
-11.898734 4.322034 0.050000
-11.898734 4.830508 0.050000
-11.898734 5.338983 0.050000
-11.898734 5.847458 0.050000
-11.898734 6.355932 0.050000
-11.898734 6.864407 0.050000
-11.898734 7.372881 0.050000
-11.898734 7.881356 0.050000
-11.898734 8.389831 0.050000
-11.898734 8.898305 0.050000
-11.898734 9.406780 0.050000
-11.898734 9.915254 0.050000
-11.898734 10.423729 0.050000
-11.898734 10.932203 0.050000
-11.898734 11.440678 0.050000
-11.898734 11.949153 0.050000
-11.898734 12.457627 0.050000
-11.898734 12.966102 0.050000
-11.898734 13.474576 0.050000
-11.898734 13.983051 0.050000
-11.898734 14.491525 0.050000
-11.898734 15.000000 0.050000
-11.392405 -15.000000 0.050000
-11.392405 -14.491525 0.050000
-11.392405 -13.983051 0.050000
-11.392405 -13.474576 0.050000
-11.392405 -12.966102 0.050000
-11.392405 -12.457627 0.050000
-11.392405 -11.949153 0.050000
-11.392405 -11.440678 0.050000
-11.392405 -10.932203 0.050000
-11.392405 -10.423729 0.050000
-11.392405 -9.915254 0.050000
-11.392405 -9.406780 0.050000
-11.392405 -8.898305 0.050000
-11.392405 -8.389831 0.050000
-11.392405 -7.881356 0.050000
-11.392405 -7.372881 0.050000
-11.392405 -6.864407 0.050000
-11.392405 -6.355932 0.050000
-11.392405 -5.847458 0.050000
-11.392405 -5.338983 0.050000
-11.392405 -4.830508 0.050000
-11.392405 -4.322034 0.050000
-11.392405 -3.813559 0.050000
-11.392405 -3.305085 0.050000
-11.392405 -2.796610 0.050000
-11.392405 -2.288136 0.050000
-11.392405 -1.779661 0.050000
-11.392405 -1.271186 0.050000
-11.392405 -0.762712 0.050000
-11.392405 -0.254237 0.050000
-11.392405 0.254237 0.050000
-11.392405 0.762712 0.050000
-11.392405 1.271186 0.050000
-11.392405 1.779661 0.050000
-11.392405 2.288136 0.050000
-11.392405 2.796610 0.050000
-11.392405 3.305085 0.050000
-11.392405 3.813559 0.050000
-11.392405 4.322034 0.050000
-11.392405 4.830508 0.050000
-11.392405 5.338983 0.050000
-11.392405 5.847458 0.050000
-11.392405 6.355932 0.050000
-11.392405 6.864407 0.050000
-11.392405 7.372881 0.050000
-11.392405 7.881356 0.050000
-11.392405 8.389831 0.050000
-11.392405 8.898305 0.050000
-11.392405 9.406780 0.050000
-11.392405 9.915254 0.050000
-11.392405 10.423729 0.050000
-11.392405 10.932203 0.050000
-11.392405 11.440678 0.050000
-11.392405 11.949153 0.050000
-11.392405 12.457627 0.050000
-11.392405 12.966102 0.050000
-11.392405 13.474576 0.050000
-11.392405 13.983051 0.050000
-11.392405 14.491525 0.050000
-11.392405 15.000000 0.050000
-10.886076 -15.000000 0.050000
-10.886076 -14.491525 0.050000
-10.886076 -13.983051 0.050000
-10.886076 -13.474576 0.050000
-10.886076 -12.966102 0.050000
-10.886076 -12.457627 0.050000
-10.886076 -11.949153 0.050000
-10.886076 -11.440678 0.050000
-10.886076 -10.932203 0.050000
-10.886076 -10.423729 0.050000
-10.886076 -9.915254 0.050000
-10.886076 -9.406780 0.050000
-10.886076 -8.898305 0.050000
-10.886076 -8.389831 0.050000
-10.886076 -7.881356 0.050000
-10.886076 -7.372881 0.050000
-10.886076 -6.864407 0.050000
-10.886076 -6.355932 0.050000
-10.886076 -5.847458 0.050000
-10.886076 -5.338983 0.050000
-10.886076 -4.830508 0.050000
-10.886076 -4.322034 0.050000
-10.886076 -3.813559 0.050000
-10.886076 -3.305085 0.050000
-10.886076 -2.796610 0.050000
-10.886076 -2.288136 0.050000
-10.886076 -1.779661 0.050000
-10.886076 -1.271186 0.050000
-10.886076 -0.762712 0.050000
-10.886076 -0.254237 0.050000
-10.886076 0.254237 0.050000
-10.886076 0.762712 0.050000
-10.886076 1.271186 0.050000
-10.886076 1.779661 0.050000
-10.886076 2.288136 0.050000
-10.886076 2.796610 0.050000
-10.886076 3.305085 0.050000
-10.886076 3.813559 0.050000
-10.886076 4.322034 0.050000
-10.886076 4.830508 0.050000
-10.886076 5.338983 0.050000
-10.886076 5.847458 0.050000
-10.886076 6.355932 0.050000
-10.886076 6.864407 0.050000
-10.886076 7.372881 0.050000
-10.886076 7.881356 0.050000
-10.886076 8.389831 0.050000
-10.886076 8.898305 0.050000
-10.886076 9.406780 0.050000
-10.886076 9.915254 0.050000
-10.886076 10.423729 0.050000
-10.886076 10.932203 0.050000
-10.886076 11.440678 0.050000
-10.886076 11.949153 0.050000
-10.886076 12.457627 0.050000
-10.886076 12.966102 0.050000
-10.886076 13.474576 0.050000
-10.886076 13.983051 0.050000
-10.886076 14.491525 0.050000
-10.886076 15.000000 0.050000
-10.379747 -15.000000 0.050000
-10.379747 -14.491525 0.050000
-10.379747 -13.983051 0.050000
-10.379747 -13.474576 0.050000
-10.379747 -12.966102 0.050000
-10.379747 -12.457627 0.050000
-10.379747 -11.949153 0.050000
-10.379747 -11.440678 0.050000
-10.379747 -10.932203 0.050000
-10.379747 -10.423729 0.050000
-10.379747 -9.915254 0.050000
-10.379747 -9.406780 0.050000
-10.379747 -8.898305 0.050000
-10.379747 -8.389831 0.050000
-10.379747 -7.881356 0.050000
-10.379747 -7.372881 0.050000
-10.379747 -6.864407 0.050000
-10.379747 -6.355932 0.050000
-10.379747 -5.847458 0.050000
-10.379747 -5.338983 0.050000
-10.379747 -4.830508 0.050000
-10.379747 -4.322034 0.050000
-10.379747 -3.813559 0.050000
-10.379747 -3.305085 0.050000
-10.379747 -2.796610 0.050000
-10.379747 -2.288136 0.050000
-10.379747 -1.779661 0.050000
-10.379747 -1.271186 0.050000
-10.379747 -0.762712 0.050000
-10.379747 -0.254237 0.050000
-10.379747 0.254237 0.050000
-10.379747 0.762712 0.050000
-10.379747 1.271186 0.050000
-10.379747 1.779661 0.050000
-10.379747 2.288136 0.050000
-10.379747 2.796610 0.050000
-10.379747 3.305085 0.050000
-10.379747 3.813559 0.050000
-10.379747 4.322034 0.050000
-10.379747 4.830508 0.050000
-10.379747 5.338983 0.050000
-10.379747 5.847458 0.050000
-10.379747 6.355932 0.050000
-10.379747 6.864407 0.050000
-10.379747 7.372881 0.050000
-10.379747 7.881356 0.050000
-10.379747 8.389831 0.050000
-10.379747 8.898305 0.050000
-10.379747 9.406780 0.050000
-10.379747 9.915254 0.050000
-10.379747 10.423729 0.050000
-10.379747 10.932203 0.050000
-10.379747 11.440678 0.050000
-10.379747 11.949153 0.050000
-10.379747 12.457627 0.050000
-10.379747 12.966102 0.050000
-10.379747 13.474576 0.050000
-10.379747 13.983051 0.050000
-10.379747 14.491525 0.050000
-10.379747 15.000000 0.050000
-9.873418 -15.000000 0.050000
-9.873418 -14.491525 0.050000
-9.873418 -13.983051 0.050000
-9.873418 -13.474576 0.050000
-9.873418 -12.966102 0.050000
-9.873418 -12.457627 0.050000
-9.873418 -11.949153 0.050000
-9.873418 -11.440678 0.050000
-9.873418 -10.932203 0.050000
-9.873418 -10.423729 0.050000
-9.873418 -9.915254 0.050000
-9.873418 -9.406780 0.050000
-9.873418 -8.898305 0.050000
-9.873418 -8.389831 0.050000
-9.873418 -7.881356 0.050000
-9.873418 -7.372881 0.050000
-9.873418 -6.864407 0.050000
-9.873418 -6.355932 0.050000
-9.873418 -5.847458 0.050000
-9.873418 -5.338983 0.050000
-9.873418 -4.830508 0.050000
-9.873418 -4.322034 0.050000
-9.873418 -3.813559 0.050000
-9.873418 -3.305085 0.050000
-9.873418 -2.796610 0.050000
-9.873418 -2.288136 0.050000
-9.873418 -1.779661 0.050000
-9.873418 -1.271186 0.050000
-9.873418 -0.762712 0.050000
-9.873418 -0.254237 0.050000
-9.873418 0.254237 0.050000
-9.873418 0.762712 0.050000
-9.873418 1.271186 0.050000
-9.873418 1.779661 0.050000
-9.873418 2.288136 0.050000
-9.873418 2.796610 0.050000
-9.873418 3.305085 0.050000
-9.873418 3.813559 0.050000
-9.873418 4.322034 0.050000
-9.873418 4.830508 0.050000
-9.873418 5.338983 0.050000
-9.873418 5.847458 0.050000
-9.873418 6.355932 0.050000
-9.873418 6.864407 0.050000
-9.873418 7.372881 0.050000
-9.873418 7.881356 0.050000
-9.873418 8.389831 0.050000
-9.873418 8.898305 0.050000
-9.873418 9.406780 0.050000
-9.873418 9.915254 0.050000
-9.873418 10.423729 0.050000
-9.873418 10.932203 0.050000
-9.873418 11.440678 0.050000
-9.873418 11.949153 0.050000
-9.873418 12.457627 0.050000
-9.873418 12.966102 0.050000
-9.873418 13.474576 0.050000
-9.873418 13.983051 0.050000
-9.873418 14.491525 0.050000
-9.873418 15.000000 0.050000
-9.367089 -15.000000 0.050000
-9.367089 -14.491525 0.050000
-9.367089 -13.983051 0.050000
-9.367089 -13.474576 0.050000
-9.367089 -12.966102 0.050000
-9.367089 -12.457627 0.050000
-9.367089 -11.949153 0.050000
-9.367089 -11.440678 0.050000
-9.367089 -10.932203 0.050000
-9.367089 -10.423729 0.050000
-9.367089 -9.915254 0.050000
-9.367089 -9.406780 0.050000
-9.367089 -8.898305 0.050000
-9.367089 -8.389831 0.050000
-9.367089 -7.881356 0.050000
-9.367089 -7.372881 0.050000
-9.367089 -6.864407 0.050000
-9.367089 -6.355932 0.050000
-9.367089 -5.847458 0.050000
-9.367089 -5.338983 0.050000
-9.367089 -4.830508 0.050000
-9.367089 -4.322034 0.050000
-9.367089 -3.813559 0.050000
-9.367089 -3.305085 0.050000
-9.367089 -2.796610 0.050000
-9.367089 -2.288136 0.050000
-9.367089 -1.779661 0.050000
-9.367089 -1.271186 0.050000
-9.367089 -0.762712 0.050000
-9.367089 -0.254237 0.050000
-9.367089 0.254237 0.050000
-9.367089 0.762712 0.050000
-9.367089 1.271186 0.050000
-9.367089 1.779661 0.050000
-9.367089 2.288136 0.050000
-9.367089 2.796610 0.050000
-9.367089 3.305085 0.050000
-9.367089 3.813559 0.050000
-9.367089 4.322034 0.050000
-9.367089 4.830508 0.050000
-9.367089 5.338983 0.050000
-9.367089 5.847458 0.050000
-9.367089 6.355932 0.050000
-9.367089 6.864407 0.050000
-9.367089 7.372881 0.050000
-9.367089 7.881356 0.050000
-9.367089 8.389831 0.050000
-9.367089 8.898305 0.050000
-9.367089 9.406780 0.050000
-9.367089 9.915254 0.050000
-9.367089 10.423729 0.050000
-9.367089 10.932203 0.050000
-9.367089 11.440678 0.050000
-9.367089 11.949153 0.050000
-9.367089 12.457627 0.050000
-9.367089 12.966102 0.050000
-9.367089 13.474576 0.050000
-9.367089 13.983051 0.050000
-9.367089 14.491525 0.050000
-9.367089 15.000000 0.050000
-8.860759 -15.000000 0.050000
-8.860759 -14.491525 0.050000
-8.860759 -13.983051 0.050000
-8.860759 -13.474576 0.050000
-8.860759 -12.966102 0.050000
-8.860759 -12.457627 0.050000
-8.860759 -11.949153 0.050000
-8.860759 -11.440678 0.050000
-8.860759 -10.932203 0.050000
-8.860759 -10.423729 0.050000
-8.860759 -9.915254 0.050000
-8.860759 -9.406780 0.050000
-8.860759 -8.898305 0.050000
-8.860759 -8.389831 0.050000
-8.860759 -7.881356 0.050000
-8.860759 -7.372881 0.050000
-8.860759 -6.864407 0.050000
-8.860759 -6.355932 0.050000
-8.860759 -5.847458 0.050000
-8.860759 -5.338983 0.050000
-8.860759 -4.830508 0.050000
-8.860759 -4.322034 0.050000
-8.860759 -3.813559 0.050000
-8.860759 -3.305085 0.050000
-8.860759 -2.796610 0.050000
-8.860759 -2.288136 0.050000
-8.860759 -1.779661 0.050000
-8.860759 -1.271186 0.050000
-8.860759 -0.762712 0.050000
-8.860759 -0.254237 0.050000
-8.860759 0.254237 0.050000
-8.860759 0.762712 0.050000
-8.860759 1.271186 0.050000
-8.860759 1.779661 0.050000
-8.860759 2.288136 0.050000
-8.860759 2.796610 0.050000
-8.860759 3.305085 0.050000
-8.860759 3.813559 0.050000
-8.860759 4.322034 0.050000
-8.860759 4.830508 0.050000
-8.860759 5.338983 0.050000
-8.860759 5.847458 0.050000
-8.860759 6.355932 0.050000
-8.860759 6.864407 0.050000
-8.860759 7.372881 0.050000
-8.860759 7.881356 0.050000
-8.860759 8.389831 0.050000
-8.860759 8.898305 0.050000
-8.860759 9.406780 0.050000
-8.860759 9.915254 0.050000
-8.860759 10.423729 0.050000
-8.860759 10.932203 0.050000
-8.860759 11.440678 0.050000
-8.860759 11.949153 0.050000
-8.860759 12.457627 0.050000
-8.860759 12.966102 0.050000
-8.860759 13.474576 0.050000
-8.860759 13.983051 0.050000
-8.860759 14.491525 0.050000
-8.860759 15.000000 0.050000
-8.354430 -15.000000 0.050000
-8.354430 -14.491525 0.050000
-8.354430 -13.983051 0.050000
-8.354430 -13.474576 0.050000
-8.354430 -12.966102 0.050000
-8.354430 -12.457627 0.050000
-8.354430 -11.949153 0.050000
-8.354430 -11.440678 0.050000
-8.354430 -10.932203 0.050000
-8.354430 -10.423729 0.050000
-8.354430 -9.915254 0.050000
-8.354430 -9.406780 0.050000
-8.354430 -8.898305 0.050000
-8.354430 -8.389831 0.050000
-8.354430 -7.881356 0.050000
-8.354430 -7.372881 0.050000
-8.354430 -6.864407 0.050000
-8.354430 -6.355932 0.050000
-8.354430 -5.847458 0.050000
-8.354430 -5.338983 0.050000
-8.354430 -4.830508 0.050000
-8.354430 -4.322034 0.050000
-8.354430 -3.813559 0.050000
-8.354430 -3.305085 0.050000
-8.354430 -2.796610 0.050000
-8.354430 -2.288136 0.050000
-8.354430 -1.779661 0.050000
-8.354430 -1.271186 0.050000
-8.354430 -0.762712 0.050000
-8.354430 -0.254237 0.050000
-8.354430 0.254237 0.050000
-8.354430 0.762712 0.050000
-8.354430 1.271186 0.050000
-8.354430 1.779661 0.050000
-8.354430 2.288136 0.050000
-8.354430 2.796610 0.050000
-8.354430 3.305085 0.050000
-8.354430 3.813559 0.050000
-8.354430 4.322034 0.050000
-8.354430 4.830508 0.050000
-8.354430 5.338983 0.050000
-8.354430 5.847458 0.050000
-8.354430 6.355932 0.050000
-8.354430 6.864407 0.050000
-8.354430 7.372881 0.050000
-8.354430 7.881356 0.050000
-8.354430 8.389831 0.050000
-8.354430 8.898305 0.050000
-8.354430 9.406780 0.050000
-8.354430 9.915254 0.050000
-8.354430 10.423729 0.050000
-8.354430 10.932203 0.050000
-8.354430 11.440678 0.050000
-8.354430 11.949153 0.050000
-8.354430 12.457627 0.050000
-8.354430 12.966102 0.050000
-8.354430 13.474576 0.050000
-8.354430 13.983051 0.050000
-8.354430 14.491525 0.050000
-8.354430 15.000000 0.050000
-7.848101 -15.000000 0.050000
-7.848101 -14.491525 0.050000
-7.848101 -13.983051 0.050000
-7.848101 -13.474576 0.050000
-7.848101 -12.966102 0.050000
-7.848101 -12.457627 0.050000
-7.848101 -11.949153 0.050000
-7.848101 -11.440678 0.050000
-7.848101 -10.932203 0.050000
-7.848101 -10.423729 0.050000
-7.848101 -9.915254 0.050000
-7.848101 -9.406780 0.050000
-7.848101 -8.898305 0.050000
-7.848101 -8.389831 0.050000
-7.848101 -7.881356 0.050000
-7.848101 -7.372881 0.050000
-7.848101 -6.864407 0.050000
-7.848101 -6.355932 0.050000
-7.848101 -5.847458 0.050000
-7.848101 -5.338983 0.050000
-7.848101 -4.830508 0.050000
-7.848101 -4.322034 0.050000
-7.848101 -3.813559 0.050000
-7.848101 -3.305085 0.050000
-7.848101 -2.796610 0.050000
-7.848101 -2.288136 0.050000
-7.848101 -1.779661 0.050000
-7.848101 -1.271186 0.050000
-7.848101 -0.762712 0.050000
-7.848101 -0.254237 0.050000
-7.848101 0.254237 0.050000
-7.848101 0.762712 0.050000
-7.848101 1.271186 0.050000
-7.848101 1.779661 0.050000
-7.848101 2.288136 0.050000
-7.848101 2.796610 0.050000
-7.848101 3.305085 0.050000
-7.848101 3.813559 0.050000
-7.848101 4.322034 0.050000
-7.848101 4.830508 0.050000
-7.848101 5.338983 0.050000
-7.848101 5.847458 0.050000
-7.848101 6.355932 0.050000
-7.848101 6.864407 0.050000
-7.848101 7.372881 0.050000
-7.848101 7.881356 0.050000
-7.848101 8.389831 0.050000
-7.848101 8.898305 0.050000
-7.848101 9.406780 0.050000
-7.848101 9.915254 0.050000
-7.848101 10.423729 0.050000
-7.848101 10.932203 0.050000
-7.848101 11.440678 0.050000
-7.848101 11.949153 0.050000
-7.848101 12.457627 0.050000
-7.848101 12.966102 0.050000
-7.848101 13.474576 0.050000
-7.848101 13.983051 0.050000
-7.848101 14.491525 0.050000
-7.848101 15.000000 0.050000
-7.341772 -15.000000 0.050000
-7.341772 -14.491525 0.050000
-7.341772 -13.983051 0.050000
-7.341772 -13.474576 0.050000
-7.341772 -12.966102 0.050000
-7.341772 -12.457627 0.050000
-7.341772 -11.949153 0.050000
-7.341772 -11.440678 0.050000
-7.341772 -10.932203 0.050000
-7.341772 -10.423729 0.050000
-7.341772 -9.915254 0.050000
-7.341772 -9.406780 0.050000
-7.341772 -8.898305 0.050000
-7.341772 -8.389831 0.050000
-7.341772 -7.881356 0.050000
-7.341772 -7.372881 0.050000
-7.341772 -6.864407 0.050000
-7.341772 -6.355932 0.050000
-7.341772 -5.847458 0.050000
-7.341772 -5.338983 0.050000
-7.341772 -4.830508 0.050000
-7.341772 -4.322034 0.050000
-7.341772 -3.813559 0.050000
-7.341772 -3.305085 0.050000
-7.341772 -2.796610 0.050000
-7.341772 -2.288136 0.050000
-7.341772 -1.779661 0.050000
-7.341772 -1.271186 0.050000
-7.341772 -0.762712 0.050000
-7.341772 -0.254237 0.050000
-7.341772 0.254237 0.050000
-7.341772 0.762712 0.050000
-7.341772 1.271186 0.050000
-7.341772 1.779661 0.050000
-7.341772 2.288136 0.050000
-7.341772 2.796610 0.050000
-7.341772 3.305085 0.050000
-7.341772 3.813559 0.050000
-7.341772 4.322034 0.050000
-7.341772 4.830508 0.050000
-7.341772 5.338983 0.050000
-7.341772 5.847458 0.050000
-7.341772 6.355932 0.050000
-7.341772 6.864407 0.050000
-7.341772 7.372881 0.050000
-7.341772 7.881356 0.050000
-7.341772 8.389831 0.050000
-7.341772 8.898305 0.050000
-7.341772 9.406780 0.050000
-7.341772 9.915254 0.050000
-7.341772 10.423729 0.050000
-7.341772 10.932203 0.050000
-7.341772 11.440678 0.050000
-7.341772 11.949153 0.050000
-7.341772 12.457627 0.050000
-7.341772 12.966102 0.050000
-7.341772 13.474576 0.050000
-7.341772 13.983051 0.050000
-7.341772 14.491525 0.050000
-7.341772 15.000000 0.050000
-6.835443 -15.000000 0.050000
-6.835443 -14.491525 0.050000
-6.835443 -13.983051 0.050000
-6.835443 -13.474576 0.050000
-6.835443 -12.966102 0.050000
-6.835443 -12.457627 0.050000
-6.835443 -11.949153 0.050000
-6.835443 -11.440678 0.050000
-6.835443 -10.932203 0.050000
-6.835443 -10.423729 0.050000
-6.835443 -9.915254 0.050000
-6.835443 -9.406780 0.050000
-6.835443 -8.898305 0.050000
-6.835443 -8.389831 0.050000
-6.835443 -7.881356 0.050000
-6.835443 -7.372881 0.050000
-6.835443 -6.864407 0.050000
-6.835443 -6.355932 0.050000
-6.835443 -5.847458 0.050000
-6.835443 -5.338983 0.050000
-6.835443 -4.830508 0.050000
-6.835443 -4.322034 0.050000
-6.835443 -3.813559 0.050000
-6.835443 -3.305085 0.050000
-6.835443 -2.796610 0.050000
-6.835443 -2.288136 0.050000
-6.835443 -1.779661 0.050000
-6.835443 -1.271186 0.050000
-6.835443 -0.762712 0.050000
-6.835443 -0.254237 0.050000
-6.835443 0.254237 0.050000
-6.835443 0.762712 0.050000
-6.835443 1.271186 0.050000
-6.835443 1.779661 0.050000
-6.835443 2.288136 0.050000
-6.835443 2.796610 0.050000
-6.835443 3.305085 0.050000
-6.835443 3.813559 0.050000
-6.835443 4.322034 0.050000
-6.835443 4.830508 0.050000
-6.835443 5.338983 0.050000
-6.835443 5.847458 0.050000
-6.835443 6.355932 0.050000
-6.835443 6.864407 0.050000
-6.835443 7.372881 0.050000
-6.835443 7.881356 0.050000
-6.835443 8.389831 0.050000
-6.835443 8.898305 0.050000
-6.835443 9.406780 0.050000
-6.835443 9.915254 0.050000
-6.835443 10.423729 0.050000
-6.835443 10.932203 0.050000
-6.835443 11.440678 0.050000
-6.835443 11.949153 0.050000
-6.835443 12.457627 0.050000
-6.835443 12.966102 0.050000
-6.835443 13.474576 0.050000
-6.835443 13.983051 0.050000
-6.835443 14.491525 0.050000
-6.835443 15.000000 0.050000
-6.329114 -15.000000 0.050000
-6.329114 -14.491525 0.050000
-6.329114 -13.983051 0.050000
-6.329114 -13.474576 0.050000
-6.329114 -12.966102 0.050000
-6.329114 -12.457627 0.050000
-6.329114 -11.949153 0.050000
-6.329114 -11.440678 0.050000
-6.329114 -10.932203 0.050000
-6.329114 -10.423729 0.050000
-6.329114 -9.915254 0.050000
-6.329114 -9.406780 0.050000
-6.329114 -8.898305 0.050000
-6.329114 -8.389831 0.050000
-6.329114 -7.881356 0.050000
-6.329114 -7.372881 0.050000
-6.329114 -6.864407 0.050000
-6.329114 -6.355932 0.050000
-6.329114 -5.847458 0.050000
-6.329114 -5.338983 0.050000
-6.329114 -4.830508 0.050000
-6.329114 -4.322034 0.050000
-6.329114 -3.813559 0.050000
-6.329114 -3.305085 0.050000
-6.329114 -2.796610 0.050000
-6.329114 -2.288136 0.050000
-6.329114 -1.779661 0.050000
-6.329114 -1.271186 0.050000
-6.329114 -0.762712 0.050000
-6.329114 -0.254237 0.050000
-6.329114 0.254237 0.050000
-6.329114 0.762712 0.050000
-6.329114 1.271186 0.050000
-6.329114 1.779661 0.050000
-6.329114 2.288136 0.050000
-6.329114 2.796610 0.050000
-6.329114 3.305085 0.050000
-6.329114 3.813559 0.050000
-6.329114 4.322034 0.050000
-6.329114 4.830508 0.050000
-6.329114 5.338983 0.050000
-6.329114 5.847458 0.050000
-6.329114 6.355932 0.050000
-6.329114 6.864407 0.050000
-6.329114 7.372881 0.050000
-6.329114 7.881356 0.050000
-6.329114 8.389831 0.050000
-6.329114 8.898305 0.050000
-6.329114 9.406780 0.050000
-6.329114 9.915254 0.050000
-6.329114 10.423729 0.050000
-6.329114 10.932203 0.050000
-6.329114 11.440678 0.050000
-6.329114 11.949153 0.050000
-6.329114 12.457627 0.050000
-6.329114 12.966102 0.050000
-6.329114 13.474576 0.050000
-6.329114 13.983051 0.050000
-6.329114 14.491525 0.050000
-6.329114 15.000000 0.050000
-5.822785 -15.000000 0.050000
-5.822785 -14.491525 0.050000
-5.822785 -13.983051 0.050000
-5.822785 -13.474576 0.050000
-5.822785 -12.966102 0.050000
-5.822785 -12.457627 0.050000
-5.822785 -11.949153 0.050000
-5.822785 -11.440678 0.050000
-5.822785 -10.932203 0.050000
-5.822785 -10.423729 0.050000
-5.822785 -9.915254 0.050000
-5.822785 -9.406780 0.050000
-5.822785 -8.898305 0.050000
-5.822785 -8.389831 0.050000
-5.822785 -7.881356 0.050000
-5.822785 -7.372881 0.050000
-5.822785 -6.864407 0.050000
-5.822785 -6.355932 0.050000
-5.822785 -5.847458 0.050000
-5.822785 -5.338983 0.050000
-5.822785 -4.830508 0.050000
-5.822785 -4.322034 0.050000
-5.822785 -3.813559 0.050000
-5.822785 -3.305085 0.050000
-5.822785 -2.796610 0.050000
-5.822785 -2.288136 0.050000
-5.822785 -1.779661 0.050000
-5.822785 -1.271186 0.050000
-5.822785 -0.762712 0.050000
-5.822785 -0.254237 0.050000
-5.822785 0.254237 0.050000
-5.822785 0.762712 0.050000
-5.822785 1.271186 0.050000
-5.822785 1.779661 0.050000
-5.822785 2.288136 0.050000
-5.822785 2.796610 0.050000
-5.822785 3.305085 0.050000
-5.822785 3.813559 0.050000
-5.822785 4.322034 0.050000
-5.822785 4.830508 0.050000
-5.822785 5.338983 0.050000
-5.822785 5.847458 0.050000
-5.822785 6.355932 0.050000
-5.822785 6.864407 0.050000
-5.822785 7.372881 0.050000
-5.822785 7.881356 0.050000
-5.822785 8.389831 0.050000
-5.822785 8.898305 0.050000
-5.822785 9.406780 0.050000
-5.822785 9.915254 0.050000
-5.822785 10.423729 0.050000
-5.822785 10.932203 0.050000
-5.822785 11.440678 0.050000
-5.822785 11.949153 0.050000
-5.822785 12.457627 0.050000
-5.822785 12.966102 0.050000
-5.822785 13.474576 0.050000
-5.822785 13.983051 0.050000
-5.822785 14.491525 0.050000
-5.822785 15.000000 0.050000
-5.316456 -15.000000 0.050000
-5.316456 -14.491525 0.050000
-5.316456 -13.983051 0.050000
-5.316456 -13.474576 0.050000
-5.316456 -12.966102 0.050000
-5.316456 -12.457627 0.050000
-5.316456 -11.949153 0.050000
-5.316456 -11.440678 0.050000
-5.316456 -10.932203 0.050000
-5.316456 -10.423729 0.050000
-5.316456 -9.915254 0.050000
-5.316456 -9.406780 0.050000
-5.316456 -8.898305 0.050000
-5.316456 -8.389831 0.050000
-5.316456 -7.881356 0.050000
-5.316456 -7.372881 0.050000
-5.316456 -6.864407 0.050000
-5.316456 -6.355932 0.050000
-5.316456 -5.847458 0.050000
-5.316456 -5.338983 0.050000
-5.316456 -4.830508 0.050000
-5.316456 -4.322034 0.050000
-5.316456 -3.813559 0.050000
-5.316456 -3.305085 0.050000
-5.316456 -2.796610 0.050000
-5.316456 -2.288136 0.050000
-5.316456 -1.779661 0.050000
-5.316456 -1.271186 0.050000
-5.316456 -0.762712 0.050000
-5.316456 -0.254237 0.050000
-5.316456 0.254237 0.050000
-5.316456 0.762712 0.050000
-5.316456 1.271186 0.050000
-5.316456 1.779661 0.050000
-5.316456 2.288136 0.050000
-5.316456 2.796610 0.050000
-5.316456 3.305085 0.050000
-5.316456 3.813559 0.050000
-5.316456 4.322034 0.050000
-5.316456 4.830508 0.050000
-5.316456 5.338983 0.050000
-5.316456 5.847458 0.050000
-5.316456 6.355932 0.050000
-5.316456 6.864407 0.050000
-5.316456 7.372881 0.050000
-5.316456 7.881356 0.050000
-5.316456 8.389831 0.050000
-5.316456 8.898305 0.050000
-5.316456 9.406780 0.050000
-5.316456 9.915254 0.050000
-5.316456 10.423729 0.050000
-5.316456 10.932203 0.050000
-5.316456 11.440678 0.050000
-5.316456 11.949153 0.050000
-5.316456 12.457627 0.050000
-5.316456 12.966102 0.050000
-5.316456 13.474576 0.050000
-5.316456 13.983051 0.050000
-5.316456 14.491525 0.050000
-5.316456 15.000000 0.050000
-4.810127 -15.000000 0.050000
-4.810127 -14.491525 0.050000
-4.810127 -13.983051 0.050000
-4.810127 -13.474576 0.050000
-4.810127 -12.966102 0.050000
-4.810127 -12.457627 0.050000
-4.810127 -11.949153 0.050000
-4.810127 -11.440678 0.050000
-4.810127 -10.932203 0.050000
-4.810127 -10.423729 0.050000
-4.810127 -9.915254 0.050000
-4.810127 -9.406780 0.050000
-4.810127 -8.898305 0.050000
-4.810127 -8.389831 0.050000
-4.810127 -7.881356 0.050000
-4.810127 -7.372881 0.050000
-4.810127 -6.864407 0.050000
-4.810127 -6.355932 0.050000
-4.810127 -5.847458 0.050000
-4.810127 -5.338983 0.050000
-4.810127 -4.830508 0.050000
-4.810127 -4.322034 0.050000
-4.810127 -3.813559 0.050000
-4.810127 -3.305085 0.050000
-4.810127 -2.796610 0.050000
-4.810127 -2.288136 0.050000
-4.810127 -1.779661 0.050000
-4.810127 -1.271186 0.050000
-4.810127 -0.762712 0.050000
-4.810127 -0.254237 0.050000
-4.810127 0.254237 0.050000
-4.810127 0.762712 0.050000
-4.810127 1.271186 0.050000
-4.810127 1.779661 0.050000
-4.810127 2.288136 0.050000
-4.810127 2.796610 0.050000
-4.810127 3.305085 0.050000
-4.810127 3.813559 0.050000
-4.810127 4.322034 0.050000
-4.810127 4.830508 0.050000
-4.810127 5.338983 0.050000
-4.810127 5.847458 0.050000
-4.810127 6.355932 0.050000
-4.810127 6.864407 0.050000
-4.810127 7.372881 0.050000
-4.810127 7.881356 0.050000
-4.810127 8.389831 0.050000
-4.810127 8.898305 0.050000
-4.810127 9.406780 0.050000
-4.810127 9.915254 0.050000
-4.810127 10.423729 0.050000
-4.810127 10.932203 0.050000
-4.810127 11.440678 0.050000
-4.810127 11.949153 0.050000
-4.810127 12.457627 0.050000
-4.810127 12.966102 0.050000
-4.810127 13.474576 0.050000
-4.810127 13.983051 0.050000
-4.810127 14.491525 0.050000
-4.810127 15.000000 0.050000
-4.303797 -15.000000 0.050000
-4.303797 -14.491525 0.050000
-4.303797 -13.983051 0.050000
-4.303797 -13.474576 0.050000
-4.303797 -12.966102 0.050000
-4.303797 -12.457627 0.050000
-4.303797 -11.949153 0.050000
-4.303797 -11.440678 0.050000
-4.303797 -10.932203 0.050000
-4.303797 -10.423729 0.050000
-4.303797 -9.915254 0.050000
-4.303797 -9.406780 0.050000
-4.303797 -8.898305 0.050000
-4.303797 -8.389831 0.050000
-4.303797 -7.881356 0.050000
-4.303797 -7.372881 0.050000
-4.303797 -6.864407 0.050000
-4.303797 -6.355932 0.050000
-4.303797 -5.847458 0.050000
-4.303797 -5.338983 0.050000
-4.303797 -4.830508 0.050000
-4.303797 -4.322034 0.050000
-4.303797 -3.813559 0.050000
-4.303797 -3.305085 0.050000
-4.303797 -2.796610 0.050000
-4.303797 -2.288136 0.050000
-4.303797 -1.779661 0.050000
-4.303797 -1.271186 0.050000
-4.303797 -0.762712 0.050000
-4.303797 -0.254237 0.050000
-4.303797 0.254237 0.050000
-4.303797 0.762712 0.050000
-4.303797 1.271186 0.050000
-4.303797 1.779661 0.050000
-4.303797 2.288136 0.050000
-4.303797 2.796610 0.050000
-4.303797 3.305085 0.050000
-4.303797 3.813559 0.050000
-4.303797 4.322034 0.050000
-4.303797 4.830508 0.050000
-4.303797 5.338983 0.050000
-4.303797 5.847458 0.050000
-4.303797 6.355932 0.050000
-4.303797 6.864407 0.050000
-4.303797 7.372881 0.050000
-4.303797 7.881356 0.050000
-4.303797 8.389831 0.050000
-4.303797 8.898305 0.050000
-4.303797 9.406780 0.050000
-4.303797 9.915254 0.050000
-4.303797 10.423729 0.050000
-4.303797 10.932203 0.050000
-4.303797 11.440678 0.050000
-4.303797 11.949153 0.050000
-4.303797 12.457627 0.050000
-4.303797 12.966102 0.050000
-4.303797 13.474576 0.050000
-4.303797 13.983051 0.050000
-4.303797 14.491525 0.050000
-4.303797 15.000000 0.050000
-3.797468 -15.000000 0.050000
-3.797468 -14.491525 0.050000
-3.797468 -13.983051 0.050000
-3.797468 -13.474576 0.050000
-3.797468 -12.966102 0.050000
-3.797468 -12.457627 0.050000
-3.797468 -11.949153 0.050000
-3.797468 -11.440678 0.050000
-3.797468 -10.932203 0.050000
-3.797468 -10.423729 0.050000
-3.797468 -9.915254 0.050000
-3.797468 -9.406780 0.050000
-3.797468 -8.898305 0.050000
-3.797468 -8.389831 0.050000
-3.797468 -7.881356 0.050000
-3.797468 -7.372881 0.050000
-3.797468 -6.864407 0.050000
-3.797468 -6.355932 0.050000
-3.797468 -5.847458 0.050000
-3.797468 -5.338983 0.050000
-3.797468 -4.830508 0.050000
-3.797468 -4.322034 0.050000
-3.797468 -3.813559 0.050000
-3.797468 -3.305085 0.050000
-3.797468 -2.796610 0.050000
-3.797468 -2.288136 0.050000
-3.797468 -1.779661 0.050000
-3.797468 -1.271186 0.050000
-3.797468 -0.762712 0.050000
-3.797468 -0.254237 0.050000
-3.797468 0.254237 0.050000
-3.797468 0.762712 0.050000
-3.797468 1.271186 0.050000
-3.797468 1.779661 0.050000
-3.797468 2.288136 0.050000
-3.797468 2.796610 0.050000
-3.797468 3.305085 0.050000
-3.797468 3.813559 0.050000
-3.797468 4.322034 0.050000
-3.797468 4.830508 0.050000
-3.797468 5.338983 0.050000
-3.797468 5.847458 0.050000
-3.797468 6.355932 0.050000
-3.797468 6.864407 0.050000
-3.797468 7.372881 0.050000
-3.797468 7.881356 0.050000
-3.797468 8.389831 0.050000
-3.797468 8.898305 0.050000
-3.797468 9.406780 0.050000
-3.797468 9.915254 0.050000
-3.797468 10.423729 0.050000
-3.797468 10.932203 0.050000
-3.797468 11.440678 0.050000
-3.797468 11.949153 0.050000
-3.797468 12.457627 0.050000
-3.797468 12.966102 0.050000
-3.797468 13.474576 0.050000
-3.797468 13.983051 0.050000
-3.797468 14.491525 0.050000
-3.797468 15.000000 0.050000
-3.291139 -15.000000 0.050000
-3.291139 -14.491525 0.050000
-3.291139 -13.983051 0.050000
-3.291139 -13.474576 0.050000
-3.291139 -12.966102 0.050000
-3.291139 -12.457627 0.050000
-3.291139 -11.949153 0.050000
-3.291139 -11.440678 0.050000
-3.291139 -10.932203 0.050000
-3.291139 -10.423729 0.050000
-3.291139 -9.915254 0.050000
-3.291139 -9.406780 0.050000
-3.291139 -8.898305 0.050000
-3.291139 -8.389831 0.050000
-3.291139 -7.881356 0.050000
-3.291139 -7.372881 0.050000
-3.291139 -6.864407 0.050000
-3.291139 -6.355932 0.050000
-3.291139 -5.847458 0.050000
-3.291139 -5.338983 0.050000
-3.291139 -4.830508 0.050000
-3.291139 -4.322034 0.050000
-3.291139 -3.813559 0.050000
-3.291139 -3.305085 0.050000
-3.291139 -2.796610 0.050000
-3.291139 -2.288136 0.050000
-3.291139 -1.779661 0.050000
-3.291139 -1.271186 0.050000
-3.291139 -0.762712 0.050000
-3.291139 -0.254237 0.050000
-3.291139 0.254237 0.050000
-3.291139 0.762712 0.050000
-3.291139 1.271186 0.050000
-3.291139 1.779661 0.050000
-3.291139 2.288136 0.050000
-3.291139 2.796610 0.050000
-3.291139 3.305085 0.050000
-3.291139 3.813559 0.050000
-3.291139 4.322034 0.050000
-3.291139 4.830508 0.050000
-3.291139 5.338983 0.050000
-3.291139 5.847458 0.050000
-3.291139 6.355932 0.050000
-3.291139 6.864407 0.050000
-3.291139 7.372881 0.050000
-3.291139 7.881356 0.050000
-3.291139 8.389831 0.050000
-3.291139 8.898305 0.050000
-3.291139 9.406780 0.050000
-3.291139 9.915254 0.050000
-3.291139 10.423729 0.050000
-3.291139 10.932203 0.050000
-3.291139 11.440678 0.050000
-3.291139 11.949153 0.050000
-3.291139 12.457627 0.050000
-3.291139 12.966102 0.050000
-3.291139 13.474576 0.050000
-3.291139 13.983051 0.050000
-3.291139 14.491525 0.050000
-3.291139 15.000000 0.050000
-2.784810 -15.000000 0.050000
-2.784810 -14.491525 0.050000
-2.784810 -13.983051 0.050000
-2.784810 -13.474576 0.050000
-2.784810 -12.966102 0.050000
-2.784810 -12.457627 0.050000
-2.784810 -11.949153 0.050000
-2.784810 -11.440678 0.050000
-2.784810 -10.932203 0.050000
-2.784810 -10.423729 0.050000
-2.784810 -9.915254 0.050000
-2.784810 -9.406780 0.050000
-2.784810 -8.898305 0.050000
-2.784810 -8.389831 0.050000
-2.784810 -7.881356 0.050000
-2.784810 -7.372881 0.050000
-2.784810 -6.864407 0.050000
-2.784810 -6.355932 0.050000
-2.784810 -5.847458 0.050000
-2.784810 -5.338983 0.050000
-2.784810 -4.830508 0.050000
-2.784810 -4.322034 0.050000
-2.784810 -3.813559 0.050000
-2.784810 -3.305085 0.050000
-2.784810 -2.796610 0.050000
-2.784810 -2.288136 0.050000
-2.784810 -1.779661 0.050000
-2.784810 -1.271186 0.050000
-2.784810 -0.762712 0.050000
-2.784810 -0.254237 0.050000
-2.784810 0.254237 0.050000
-2.784810 0.762712 0.050000
-2.784810 1.271186 0.050000
-2.784810 1.779661 0.050000
-2.784810 2.288136 0.050000
-2.784810 2.796610 0.050000
-2.784810 3.305085 0.050000
-2.784810 3.813559 0.050000
-2.784810 4.322034 0.050000
-2.784810 4.830508 0.050000
-2.784810 5.338983 0.050000
-2.784810 5.847458 0.050000
-2.784810 6.355932 0.050000
-2.784810 6.864407 0.050000
-2.784810 7.372881 0.050000
-2.784810 7.881356 0.050000
-2.784810 8.389831 0.050000
-2.784810 8.898305 0.050000
-2.784810 9.406780 0.050000
-2.784810 9.915254 0.050000
-2.784810 10.423729 0.050000
-2.784810 10.932203 0.050000
-2.784810 11.440678 0.050000
-2.784810 11.949153 0.050000
-2.784810 12.457627 0.050000
-2.784810 12.966102 0.050000
-2.784810 13.474576 0.050000
-2.784810 13.983051 0.050000
-2.784810 14.491525 0.050000
-2.784810 15.000000 0.050000
-2.278481 -15.000000 0.050000
-2.278481 -14.491525 0.050000
-2.278481 -13.983051 0.050000
-2.278481 -13.474576 0.050000
-2.278481 -12.966102 0.050000
-2.278481 -12.457627 0.050000
-2.278481 -11.949153 0.050000
-2.278481 -11.440678 0.050000
-2.278481 -10.932203 0.050000
-2.278481 -10.423729 0.050000
-2.278481 -9.915254 0.050000
-2.278481 -9.406780 0.050000
-2.278481 -8.898305 0.050000
-2.278481 -8.389831 0.050000
-2.278481 -7.881356 0.050000
-2.278481 -7.372881 0.050000
-2.278481 -6.864407 0.050000
-2.278481 -6.355932 0.050000
-2.278481 -5.847458 0.050000
-2.278481 -5.338983 0.050000
-2.278481 -4.830508 0.050000
-2.278481 -4.322034 0.050000
-2.278481 -3.813559 0.050000
-2.278481 -3.305085 0.050000
-2.278481 -2.796610 0.050000
-2.278481 -2.288136 0.050000
-2.278481 -1.779661 0.050000
-2.278481 -1.271186 0.050000
-2.278481 -0.762712 0.050000
-2.278481 -0.254237 0.050000
-2.278481 0.254237 0.050000
-2.278481 0.762712 0.050000
-2.278481 1.271186 0.050000
-2.278481 1.779661 0.050000
-2.278481 2.288136 0.050000
-2.278481 2.796610 0.050000
-2.278481 3.305085 0.050000
-2.278481 3.813559 0.050000
-2.278481 4.322034 0.050000
-2.278481 4.830508 0.050000
-2.278481 5.338983 0.050000
-2.278481 5.847458 0.050000
-2.278481 6.355932 0.050000
-2.278481 6.864407 0.050000
-2.278481 7.372881 0.050000
-2.278481 7.881356 0.050000
-2.278481 8.389831 0.050000
-2.278481 8.898305 0.050000
-2.278481 9.406780 0.050000
-2.278481 9.915254 0.050000
-2.278481 10.423729 0.050000
-2.278481 10.932203 0.050000
-2.278481 11.440678 0.050000
-2.278481 11.949153 0.050000
-2.278481 12.457627 0.050000
-2.278481 12.966102 0.050000
-2.278481 13.474576 0.050000
-2.278481 13.983051 0.050000
-2.278481 14.491525 0.050000
-2.278481 15.000000 0.050000
-1.772152 -15.000000 0.050000
-1.772152 -14.491525 0.050000
-1.772152 -13.983051 0.050000
-1.772152 -13.474576 0.050000
-1.772152 -12.966102 0.050000
-1.772152 -12.457627 0.050000
-1.772152 -11.949153 0.050000
-1.772152 -11.440678 0.050000
-1.772152 -10.932203 0.050000
-1.772152 -10.423729 0.050000
-1.772152 -9.915254 0.050000
-1.772152 -9.406780 0.050000
-1.772152 -8.898305 0.050000
-1.772152 -8.389831 0.050000
-1.772152 -7.881356 0.050000
-1.772152 -7.372881 0.050000
-1.772152 -6.864407 0.050000
-1.772152 -6.355932 0.050000
-1.772152 -5.847458 0.050000
-1.772152 -5.338983 0.050000
-1.772152 -4.830508 0.050000
-1.772152 -4.322034 0.050000
-1.772152 -3.813559 0.050000
-1.772152 -3.305085 0.050000
-1.772152 -2.796610 0.050000
-1.772152 -2.288136 0.050000
-1.772152 -1.779661 0.050000
-1.772152 -1.271186 0.050000
-1.772152 -0.762712 0.050000
-1.772152 -0.254237 0.050000
-1.772152 0.254237 0.050000
-1.772152 0.762712 0.050000
-1.772152 1.271186 0.050000
-1.772152 1.779661 0.050000
-1.772152 2.288136 0.050000
-1.772152 2.796610 0.050000
-1.772152 3.305085 0.050000
-1.772152 3.813559 0.050000
-1.772152 4.322034 0.050000
-1.772152 4.830508 0.050000
-1.772152 5.338983 0.050000
-1.772152 5.847458 0.050000
-1.772152 6.355932 0.050000
-1.772152 6.864407 0.050000
-1.772152 7.372881 0.050000
-1.772152 7.881356 0.050000
-1.772152 8.389831 0.050000
-1.772152 8.898305 0.050000
-1.772152 9.406780 0.050000
-1.772152 9.915254 0.050000
-1.772152 10.423729 0.050000
-1.772152 10.932203 0.050000
-1.772152 11.440678 0.050000
-1.772152 11.949153 0.050000
-1.772152 12.457627 0.050000
-1.772152 12.966102 0.050000
-1.772152 13.474576 0.050000
-1.772152 13.983051 0.050000
-1.772152 14.491525 0.050000
-1.772152 15.000000 0.050000
-1.265823 -15.000000 0.050000
-1.265823 -14.491525 0.050000
-1.265823 -13.983051 0.050000
-1.265823 -13.474576 0.050000
-1.265823 -12.966102 0.050000
-1.265823 -12.457627 0.050000
-1.265823 -11.949153 0.050000
-1.265823 -11.440678 0.050000
-1.265823 -10.932203 0.050000
-1.265823 -10.423729 0.050000
-1.265823 -9.915254 0.050000
-1.265823 -9.406780 0.050000
-1.265823 -8.898305 0.050000
-1.265823 -8.389831 0.050000
-1.265823 -7.881356 0.050000
-1.265823 -7.372881 0.050000
-1.265823 -6.864407 0.050000
-1.265823 -6.355932 0.050000
-1.265823 -5.847458 0.050000
-1.265823 -5.338983 0.050000
-1.265823 -4.830508 0.050000
-1.265823 -4.322034 0.050000
-1.265823 -3.813559 0.050000
-1.265823 -3.305085 0.050000
-1.265823 -2.796610 0.050000
-1.265823 -2.288136 0.050000
-1.265823 -1.779661 0.050000
-1.265823 -1.271186 0.050000
-1.265823 -0.762712 0.050000
-1.265823 -0.254237 0.050000
-1.265823 0.254237 0.050000
-1.265823 0.762712 0.050000
-1.265823 1.271186 0.050000
-1.265823 1.779661 0.050000
-1.265823 2.288136 0.050000
-1.265823 2.796610 0.050000
-1.265823 3.305085 0.050000
-1.265823 3.813559 0.050000
-1.265823 4.322034 0.050000
-1.265823 4.830508 0.050000
-1.265823 5.338983 0.050000
-1.265823 5.847458 0.050000
-1.265823 6.355932 0.050000
-1.265823 6.864407 0.050000
-1.265823 7.372881 0.050000
-1.265823 7.881356 0.050000
-1.265823 8.389831 0.050000
-1.265823 8.898305 0.050000
-1.265823 9.406780 0.050000
-1.265823 9.915254 0.050000
-1.265823 10.423729 0.050000
-1.265823 10.932203 0.050000
-1.265823 11.440678 0.050000
-1.265823 11.949153 0.050000
-1.265823 12.457627 0.050000
-1.265823 12.966102 0.050000
-1.265823 13.474576 0.050000
-1.265823 13.983051 0.050000
-1.265823 14.491525 0.050000
-1.265823 15.000000 0.050000
-0.759494 -15.000000 0.050000
-0.759494 -14.491525 0.050000
-0.759494 -13.983051 0.050000
-0.759494 -13.474576 0.050000
-0.759494 -12.966102 0.050000
-0.759494 -12.457627 0.050000
-0.759494 -11.949153 0.050000
-0.759494 -11.440678 0.050000
-0.759494 -10.932203 0.050000
-0.759494 -10.423729 0.050000
-0.759494 -9.915254 0.050000
-0.759494 -9.406780 0.050000
-0.759494 -8.898305 0.050000
-0.759494 -8.389831 0.050000
-0.759494 -7.881356 0.050000
-0.759494 -7.372881 0.050000
-0.759494 -6.864407 0.050000
-0.759494 -6.355932 0.050000
-0.759494 -5.847458 0.050000
-0.759494 -5.338983 0.050000
-0.759494 -4.830508 0.050000
-0.759494 -4.322034 0.050000
-0.759494 -3.813559 0.050000
-0.759494 -3.305085 0.050000
-0.759494 -2.796610 0.050000
-0.759494 -2.288136 0.050000
-0.759494 -1.779661 0.050000
-0.759494 -1.271186 0.050000
-0.759494 -0.762712 0.050000
-0.759494 -0.254237 0.050000
-0.759494 0.254237 0.050000
-0.759494 0.762712 0.050000
-0.759494 1.271186 0.050000
-0.759494 1.779661 0.050000
-0.759494 2.288136 0.050000
-0.759494 2.796610 0.050000
-0.759494 3.305085 0.050000
-0.759494 3.813559 0.050000
-0.759494 4.322034 0.050000
-0.759494 4.830508 0.050000
-0.759494 5.338983 0.050000
-0.759494 5.847458 0.050000
-0.759494 6.355932 0.050000
-0.759494 6.864407 0.050000
-0.759494 7.372881 0.050000
-0.759494 7.881356 0.050000
-0.759494 8.389831 0.050000
-0.759494 8.898305 0.050000
-0.759494 9.406780 0.050000
-0.759494 9.915254 0.050000
-0.759494 10.423729 0.050000
-0.759494 10.932203 0.050000
-0.759494 11.440678 0.050000
-0.759494 11.949153 0.050000
-0.759494 12.457627 0.050000
-0.759494 12.966102 0.050000
-0.759494 13.474576 0.050000
-0.759494 13.983051 0.050000
-0.759494 14.491525 0.050000
-0.759494 15.000000 0.050000
-0.253165 -15.000000 0.050000
-0.253165 -14.491525 0.050000
-0.253165 -13.983051 0.050000
-0.253165 -13.474576 0.050000
-0.253165 -12.966102 0.050000
-0.253165 -12.457627 0.050000
-0.253165 -11.949153 0.050000
-0.253165 -11.440678 0.050000
-0.253165 -10.932203 0.050000
-0.253165 -10.423729 0.050000
-0.253165 -9.915254 0.050000
-0.253165 -9.406780 0.050000
-0.253165 -8.898305 0.050000
-0.253165 -8.389831 0.050000
-0.253165 -7.881356 0.050000
-0.253165 -7.372881 0.050000
-0.253165 -6.864407 0.050000
-0.253165 -6.355932 0.050000
-0.253165 -5.847458 0.050000
-0.253165 -5.338983 0.050000
-0.253165 -4.830508 0.050000
-0.253165 -4.322034 0.050000
-0.253165 -3.813559 0.050000
-0.253165 -3.305085 0.050000
-0.253165 -2.796610 0.050000
-0.253165 -2.288136 0.050000
-0.253165 -1.779661 0.050000
-0.253165 -1.271186 0.050000
-0.253165 -0.762712 0.050000
-0.253165 -0.254237 0.050000
-0.253165 0.254237 0.050000
-0.253165 0.762712 0.050000
-0.253165 1.271186 0.050000
-0.253165 1.779661 0.050000
-0.253165 2.288136 0.050000
-0.253165 2.796610 0.050000
-0.253165 3.305085 0.050000
-0.253165 3.813559 0.050000
-0.253165 4.322034 0.050000
-0.253165 4.830508 0.050000
-0.253165 5.338983 0.050000
-0.253165 5.847458 0.050000
-0.253165 6.355932 0.050000
-0.253165 6.864407 0.050000
-0.253165 7.372881 0.050000
-0.253165 7.881356 0.050000
-0.253165 8.389831 0.050000
-0.253165 8.898305 0.050000
-0.253165 9.406780 0.050000
-0.253165 9.915254 0.050000
-0.253165 10.423729 0.050000
-0.253165 10.932203 0.050000
-0.253165 11.440678 0.050000
-0.253165 11.949153 0.050000
-0.253165 12.457627 0.050000
-0.253165 12.966102 0.050000
-0.253165 13.474576 0.050000
-0.253165 13.983051 0.050000
-0.253165 14.491525 0.050000
-0.253165 15.000000 0.050000
0.253165 -15.000000 0.050000
0.253165 -14.491525 0.050000
0.253165 -13.983051 0.050000
0.253165 -13.474576 0.050000
0.253165 -12.966102 0.050000
0.253165 -12.457627 0.050000
0.253165 -11.949153 0.050000
0.253165 -11.440678 0.050000
0.253165 -10.932203 0.050000
0.253165 -10.423729 0.050000
0.253165 -9.915254 0.050000
0.253165 -9.406780 0.050000
0.253165 -8.898305 0.050000
0.253165 -8.389831 0.050000
0.253165 -7.881356 0.050000
0.253165 -7.372881 0.050000
0.253165 -6.864407 0.050000
0.253165 -6.355932 0.050000
0.253165 -5.847458 0.050000
0.253165 -5.338983 0.050000
0.253165 -4.830508 0.050000
0.253165 -4.322034 0.050000
0.253165 -3.813559 0.050000
0.253165 -3.305085 0.050000
0.253165 -2.796610 0.050000
0.253165 -2.288136 0.050000
0.253165 -1.779661 0.050000
0.253165 -1.271186 0.050000
0.253165 -0.762712 0.050000
0.253165 -0.254237 0.050000
0.253165 0.254237 0.050000
0.253165 0.762712 0.050000
0.253165 1.271186 0.050000
0.253165 1.779661 0.050000
0.253165 2.288136 0.050000
0.253165 2.796610 0.050000
0.253165 3.305085 0.050000
0.253165 3.813559 0.050000
0.253165 4.322034 0.050000
0.253165 4.830508 0.050000
0.253165 5.338983 0.050000
0.253165 5.847458 0.050000
0.253165 6.355932 0.050000
0.253165 6.864407 0.050000
0.253165 7.372881 0.050000
0.253165 7.881356 0.050000
0.253165 8.389831 0.050000
0.253165 8.898305 0.050000
0.253165 9.406780 0.050000
0.253165 9.915254 0.050000
0.253165 10.423729 0.050000
0.253165 10.932203 0.050000
0.253165 11.440678 0.050000
0.253165 11.949153 0.050000
0.253165 12.457627 0.050000
0.253165 12.966102 0.050000
0.253165 13.474576 0.050000
0.253165 13.983051 0.050000
0.253165 14.491525 0.050000
0.253165 15.000000 0.050000
0.759494 -15.000000 0.050000
0.759494 -14.491525 0.050000
0.759494 -13.983051 0.050000
0.759494 -13.474576 0.050000
0.759494 -12.966102 0.050000
0.759494 -12.457627 0.050000
0.759494 -11.949153 0.050000
0.759494 -11.440678 0.050000
0.759494 -10.932203 0.050000
0.759494 -10.423729 0.050000
0.759494 -9.915254 0.050000
0.759494 -9.406780 0.050000
0.759494 -8.898305 0.050000
0.759494 -8.389831 0.050000
0.759494 -7.881356 0.050000
0.759494 -7.372881 0.050000
0.759494 -6.864407 0.050000
0.759494 -6.355932 0.050000
0.759494 -5.847458 0.050000
0.759494 -5.338983 0.050000
0.759494 -4.830508 0.050000
0.759494 -4.322034 0.050000
0.759494 -3.813559 0.050000
0.759494 -3.305085 0.050000
0.759494 -2.796610 0.050000
0.759494 -2.288136 0.050000
0.759494 -1.779661 0.050000
0.759494 -1.271186 0.050000
0.759494 -0.762712 0.050000
0.759494 -0.254237 0.050000
0.759494 0.254237 0.050000
0.759494 0.762712 0.050000
0.759494 1.271186 0.050000
0.759494 1.779661 0.050000
0.759494 2.288136 0.050000
0.759494 2.796610 0.050000
0.759494 3.305085 0.050000
0.759494 3.813559 0.050000
0.759494 4.322034 0.050000
0.759494 4.830508 0.050000
0.759494 5.338983 0.050000
0.759494 5.847458 0.050000
0.759494 6.355932 0.050000
0.759494 6.864407 0.050000
0.759494 7.372881 0.050000
0.759494 7.881356 0.050000
0.759494 8.389831 0.050000
0.759494 8.898305 0.050000
0.759494 9.406780 0.050000
0.759494 9.915254 0.050000
0.759494 10.423729 0.050000
0.759494 10.932203 0.050000
0.759494 11.440678 0.050000
0.759494 11.949153 0.050000
0.759494 12.457627 0.050000
0.759494 12.966102 0.050000
0.759494 13.474576 0.050000
0.759494 13.983051 0.050000
0.759494 14.491525 0.050000
0.759494 15.000000 0.050000
1.265823 -15.000000 0.050000
1.265823 -14.491525 0.050000
1.265823 -13.983051 0.050000
1.265823 -13.474576 0.050000
1.265823 -12.966102 0.050000
1.265823 -12.457627 0.050000
1.265823 -11.949153 0.050000
1.265823 -11.440678 0.050000
1.265823 -10.932203 0.050000
1.265823 -10.423729 0.050000
1.265823 -9.915254 0.050000
1.265823 -9.406780 0.050000
1.265823 -8.898305 0.050000
1.265823 -8.389831 0.050000
1.265823 -7.881356 0.050000
1.265823 -7.372881 0.050000
1.265823 -6.864407 0.050000
1.265823 -6.355932 0.050000
1.265823 -5.847458 0.050000
1.265823 -5.338983 0.050000
1.265823 -4.830508 0.050000
1.265823 -4.322034 0.050000
1.265823 -3.813559 0.050000
1.265823 -3.305085 0.050000
1.265823 -2.796610 0.050000
1.265823 -2.288136 0.050000
1.265823 -1.779661 0.050000
1.265823 -1.271186 0.050000
1.265823 -0.762712 0.050000
1.265823 -0.254237 0.050000
1.265823 0.254237 0.050000
1.265823 0.762712 0.050000
1.265823 1.271186 0.050000
1.265823 1.779661 0.050000
1.265823 2.288136 0.050000
1.265823 2.796610 0.050000
1.265823 3.305085 0.050000
1.265823 3.813559 0.050000
1.265823 4.322034 0.050000
1.265823 4.830508 0.050000
1.265823 5.338983 0.050000
1.265823 5.847458 0.050000
1.265823 6.355932 0.050000
1.265823 6.864407 0.050000
1.265823 7.372881 0.050000
1.265823 7.881356 0.050000
1.265823 8.389831 0.050000
1.265823 8.898305 0.050000
1.265823 9.406780 0.050000
1.265823 9.915254 0.050000
1.265823 10.423729 0.050000
1.265823 10.932203 0.050000
1.265823 11.440678 0.050000
1.265823 11.949153 0.050000
1.265823 12.457627 0.050000
1.265823 12.966102 0.050000
1.265823 13.474576 0.050000
1.265823 13.983051 0.050000
1.265823 14.491525 0.050000
1.265823 15.000000 0.050000
1.772152 -15.000000 0.050000
1.772152 -14.491525 0.050000
1.772152 -13.983051 0.050000
1.772152 -13.474576 0.050000
1.772152 -12.966102 0.050000
1.772152 -12.457627 0.050000
1.772152 -11.949153 0.050000
1.772152 -11.440678 0.050000
1.772152 -10.932203 0.050000
1.772152 -10.423729 0.050000
1.772152 -9.915254 0.050000
1.772152 -9.406780 0.050000
1.772152 -8.898305 0.050000
1.772152 -8.389831 0.050000
1.772152 -7.881356 0.050000
1.772152 -7.372881 0.050000
1.772152 -6.864407 0.050000
1.772152 -6.355932 0.050000
1.772152 -5.847458 0.050000
1.772152 -5.338983 0.050000
1.772152 -4.830508 0.050000
1.772152 -4.322034 0.050000
1.772152 -3.813559 0.050000
1.772152 -3.305085 0.050000
1.772152 -2.796610 0.050000
1.772152 -2.288136 0.050000
1.772152 -1.779661 0.050000
1.772152 -1.271186 0.050000
1.772152 -0.762712 0.050000
1.772152 -0.254237 0.050000
1.772152 0.254237 0.050000
1.772152 0.762712 0.050000
1.772152 1.271186 0.050000
1.772152 1.779661 0.050000
1.772152 2.288136 0.050000
1.772152 2.796610 0.050000
1.772152 3.305085 0.050000
1.772152 3.813559 0.050000
1.772152 4.322034 0.050000
1.772152 4.830508 0.050000
1.772152 5.338983 0.050000
1.772152 5.847458 0.050000
1.772152 6.355932 0.050000
1.772152 6.864407 0.050000
1.772152 7.372881 0.050000
1.772152 7.881356 0.050000
1.772152 8.389831 0.050000
1.772152 8.898305 0.050000
1.772152 9.406780 0.050000
1.772152 9.915254 0.050000
1.772152 10.423729 0.050000
1.772152 10.932203 0.050000
1.772152 11.440678 0.050000
1.772152 11.949153 0.050000
1.772152 12.457627 0.050000
1.772152 12.966102 0.050000
1.772152 13.474576 0.050000
1.772152 13.983051 0.050000
1.772152 14.491525 0.050000
1.772152 15.000000 0.050000
2.278481 -15.000000 0.050000
2.278481 -14.491525 0.050000
2.278481 -13.983051 0.050000
2.278481 -13.474576 0.050000
2.278481 -12.966102 0.050000
2.278481 -12.457627 0.050000
2.278481 -11.949153 0.050000
2.278481 -11.440678 0.050000
2.278481 -10.932203 0.050000
2.278481 -10.423729 0.050000
2.278481 -9.915254 0.050000
2.278481 -9.406780 0.050000
2.278481 -8.898305 0.050000
2.278481 -8.389831 0.050000
2.278481 -7.881356 0.050000
2.278481 -7.372881 0.050000
2.278481 -6.864407 0.050000
2.278481 -6.355932 0.050000
2.278481 -5.847458 0.050000
2.278481 -5.338983 0.050000
2.278481 -4.830508 0.050000
2.278481 -4.322034 0.050000
2.278481 -3.813559 0.050000
2.278481 -3.305085 0.050000
2.278481 -2.796610 0.050000
2.278481 -2.288136 0.050000
2.278481 -1.779661 0.050000
2.278481 -1.271186 0.050000
2.278481 -0.762712 0.050000
2.278481 -0.254237 0.050000
2.278481 0.254237 0.050000
2.278481 0.762712 0.050000
2.278481 1.271186 0.050000
2.278481 1.779661 0.050000
2.278481 2.288136 0.050000
2.278481 2.796610 0.050000
2.278481 3.305085 0.050000
2.278481 3.813559 0.050000
2.278481 4.322034 0.050000
2.278481 4.830508 0.050000
2.278481 5.338983 0.050000
2.278481 5.847458 0.050000
2.278481 6.355932 0.050000
2.278481 6.864407 0.050000
2.278481 7.372881 0.050000
2.278481 7.881356 0.050000
2.278481 8.389831 0.050000
2.278481 8.898305 0.050000
2.278481 9.406780 0.050000
2.278481 9.915254 0.050000
2.278481 10.423729 0.050000
2.278481 10.932203 0.050000
2.278481 11.440678 0.050000
2.278481 11.949153 0.050000
2.278481 12.457627 0.050000
2.278481 12.966102 0.050000
2.278481 13.474576 0.050000
2.278481 13.983051 0.050000
2.278481 14.491525 0.050000
2.278481 15.000000 0.050000
2.784810 -15.000000 0.050000
2.784810 -14.491525 0.050000
2.784810 -13.983051 0.050000
2.784810 -13.474576 0.050000
2.784810 -12.966102 0.050000
2.784810 -12.457627 0.050000
2.784810 -11.949153 0.050000
2.784810 -11.440678 0.050000
2.784810 -10.932203 0.050000
2.784810 -10.423729 0.050000
2.784810 -9.915254 0.050000
2.784810 -9.406780 0.050000
2.784810 -8.898305 0.050000
2.784810 -8.389831 0.050000
2.784810 -7.881356 0.050000
2.784810 -7.372881 0.050000
2.784810 -6.864407 0.050000
2.784810 -6.355932 0.050000
2.784810 -5.847458 0.050000
2.784810 -5.338983 0.050000
2.784810 -4.830508 0.050000
2.784810 -4.322034 0.050000
2.784810 -3.813559 0.050000
2.784810 -3.305085 0.050000
2.784810 -2.796610 0.050000
2.784810 -2.288136 0.050000
2.784810 -1.779661 0.050000
2.784810 -1.271186 0.050000
2.784810 -0.762712 0.050000
2.784810 -0.254237 0.050000
2.784810 0.254237 0.050000
2.784810 0.762712 0.050000
2.784810 1.271186 0.050000
2.784810 1.779661 0.050000
2.784810 2.288136 0.050000
2.784810 2.796610 0.050000
2.784810 3.305085 0.050000
2.784810 3.813559 0.050000
2.784810 4.322034 0.050000
2.784810 4.830508 0.050000
2.784810 5.338983 0.050000
2.784810 5.847458 0.050000
2.784810 6.355932 0.050000
2.784810 6.864407 0.050000
2.784810 7.372881 0.050000
2.784810 7.881356 0.050000
2.784810 8.389831 0.050000
2.784810 8.898305 0.050000
2.784810 9.406780 0.050000
2.784810 9.915254 0.050000
2.784810 10.423729 0.050000
2.784810 10.932203 0.050000
2.784810 11.440678 0.050000
2.784810 11.949153 0.050000
2.784810 12.457627 0.050000
2.784810 12.966102 0.050000
2.784810 13.474576 0.050000
2.784810 13.983051 0.050000
2.784810 14.491525 0.050000
2.784810 15.000000 0.050000
3.291139 -15.000000 0.050000
3.291139 -14.491525 0.050000
3.291139 -13.983051 0.050000
3.291139 -13.474576 0.050000
3.291139 -12.966102 0.050000
3.291139 -12.457627 0.050000
3.291139 -11.949153 0.050000
3.291139 -11.440678 0.050000
3.291139 -10.932203 0.050000
3.291139 -10.423729 0.050000
3.291139 -9.915254 0.050000
3.291139 -9.406780 0.050000
3.291139 -8.898305 0.050000
3.291139 -8.389831 0.050000
3.291139 -7.881356 0.050000
3.291139 -7.372881 0.050000
3.291139 -6.864407 0.050000
3.291139 -6.355932 0.050000
3.291139 -5.847458 0.050000
3.291139 -5.338983 0.050000
3.291139 -4.830508 0.050000
3.291139 -4.322034 0.050000
3.291139 -3.813559 0.050000
3.291139 -3.305085 0.050000
3.291139 -2.796610 0.050000
3.291139 -2.288136 0.050000
3.291139 -1.779661 0.050000
3.291139 -1.271186 0.050000
3.291139 -0.762712 0.050000
3.291139 -0.254237 0.050000
3.291139 0.254237 0.050000
3.291139 0.762712 0.050000
3.291139 1.271186 0.050000
3.291139 1.779661 0.050000
3.291139 2.288136 0.050000
3.291139 2.796610 0.050000
3.291139 3.305085 0.050000
3.291139 3.813559 0.050000
3.291139 4.322034 0.050000
3.291139 4.830508 0.050000
3.291139 5.338983 0.050000
3.291139 5.847458 0.050000
3.291139 6.355932 0.050000
3.291139 6.864407 0.050000
3.291139 7.372881 0.050000
3.291139 7.881356 0.050000
3.291139 8.389831 0.050000
3.291139 8.898305 0.050000
3.291139 9.406780 0.050000
3.291139 9.915254 0.050000
3.291139 10.423729 0.050000
3.291139 10.932203 0.050000
3.291139 11.440678 0.050000
3.291139 11.949153 0.050000
3.291139 12.457627 0.050000
3.291139 12.966102 0.050000
3.291139 13.474576 0.050000
3.291139 13.983051 0.050000
3.291139 14.491525 0.050000
3.291139 15.000000 0.050000
3.797468 -15.000000 0.050000
3.797468 -14.491525 0.050000
3.797468 -13.983051 0.050000
3.797468 -13.474576 0.050000
3.797468 -12.966102 0.050000
3.797468 -12.457627 0.050000
3.797468 -11.949153 0.050000
3.797468 -11.440678 0.050000
3.797468 -10.932203 0.050000
3.797468 -10.423729 0.050000
3.797468 -9.915254 0.050000
3.797468 -9.406780 0.050000
3.797468 -8.898305 0.050000
3.797468 -8.389831 0.050000
3.797468 -7.881356 0.050000
3.797468 -7.372881 0.050000
3.797468 -6.864407 0.050000
3.797468 -6.355932 0.050000
3.797468 -5.847458 0.050000
3.797468 -5.338983 0.050000
3.797468 -4.830508 0.050000
3.797468 -4.322034 0.050000
3.797468 -3.813559 0.050000
3.797468 -3.305085 0.050000
3.797468 -2.796610 0.050000
3.797468 -2.288136 0.050000
3.797468 -1.779661 0.050000
3.797468 -1.271186 0.050000
3.797468 -0.762712 0.050000
3.797468 -0.254237 0.050000
3.797468 0.254237 0.050000
3.797468 0.762712 0.050000
3.797468 1.271186 0.050000
3.797468 1.779661 0.050000
3.797468 2.288136 0.050000
3.797468 2.796610 0.050000
3.797468 3.305085 0.050000
3.797468 3.813559 0.050000
3.797468 4.322034 0.050000
3.797468 4.830508 0.050000
3.797468 5.338983 0.050000
3.797468 5.847458 0.050000
3.797468 6.355932 0.050000
3.797468 6.864407 0.050000
3.797468 7.372881 0.050000
3.797468 7.881356 0.050000
3.797468 8.389831 0.050000
3.797468 8.898305 0.050000
3.797468 9.406780 0.050000
3.797468 9.915254 0.050000
3.797468 10.423729 0.050000
3.797468 10.932203 0.050000
3.797468 11.440678 0.050000
3.797468 11.949153 0.050000
3.797468 12.457627 0.050000
3.797468 12.966102 0.050000
3.797468 13.474576 0.050000
3.797468 13.983051 0.050000
3.797468 14.491525 0.050000
3.797468 15.000000 0.050000
4.303797 -15.000000 0.050000
4.303797 -14.491525 0.050000
4.303797 -13.983051 0.050000
4.303797 -13.474576 0.050000
4.303797 -12.966102 0.050000
4.303797 -12.457627 0.050000
4.303797 -11.949153 0.050000
4.303797 -11.440678 0.050000
4.303797 -10.932203 0.050000
4.303797 -10.423729 0.050000
4.303797 -9.915254 0.050000
4.303797 -9.406780 0.050000
4.303797 -8.898305 0.050000
4.303797 -8.389831 0.050000
4.303797 -7.881356 0.050000
4.303797 -7.372881 0.050000
4.303797 -6.864407 0.050000
4.303797 -6.355932 0.050000
4.303797 -5.847458 0.050000
4.303797 -5.338983 0.050000
4.303797 -4.830508 0.050000
4.303797 -4.322034 0.050000
4.303797 -3.813559 0.050000
4.303797 -3.305085 0.050000
4.303797 -2.796610 0.050000
4.303797 -2.288136 0.050000
4.303797 -1.779661 0.050000
4.303797 -1.271186 0.050000
4.303797 -0.762712 0.050000
4.303797 -0.254237 0.050000
4.303797 0.254237 0.050000
4.303797 0.762712 0.050000
4.303797 1.271186 0.050000
4.303797 1.779661 0.050000
4.303797 2.288136 0.050000
4.303797 2.796610 0.050000
4.303797 3.305085 0.050000
4.303797 3.813559 0.050000
4.303797 4.322034 0.050000
4.303797 4.830508 0.050000
4.303797 5.338983 0.050000
4.303797 5.847458 0.050000
4.303797 6.355932 0.050000
4.303797 6.864407 0.050000
4.303797 7.372881 0.050000
4.303797 7.881356 0.050000
4.303797 8.389831 0.050000
4.303797 8.898305 0.050000
4.303797 9.406780 0.050000
4.303797 9.915254 0.050000
4.303797 10.423729 0.050000
4.303797 10.932203 0.050000
4.303797 11.440678 0.050000
4.303797 11.949153 0.050000
4.303797 12.457627 0.050000
4.303797 12.966102 0.050000
4.303797 13.474576 0.050000
4.303797 13.983051 0.050000
4.303797 14.491525 0.050000
4.303797 15.000000 0.050000
4.810127 -15.000000 0.050000
4.810127 -14.491525 0.050000
4.810127 -13.983051 0.050000
4.810127 -13.474576 0.050000
4.810127 -12.966102 0.050000
4.810127 -12.457627 0.050000
4.810127 -11.949153 0.050000
4.810127 -11.440678 0.050000
4.810127 -10.932203 0.050000
4.810127 -10.423729 0.050000
4.810127 -9.915254 0.050000
4.810127 -9.406780 0.050000
4.810127 -8.898305 0.050000
4.810127 -8.389831 0.050000
4.810127 -7.881356 0.050000
4.810127 -7.372881 0.050000
4.810127 -6.864407 0.050000
4.810127 -6.355932 0.050000
4.810127 -5.847458 0.050000
4.810127 -5.338983 0.050000
4.810127 -4.830508 0.050000
4.810127 -4.322034 0.050000
4.810127 -3.813559 0.050000
4.810127 -3.305085 0.050000
4.810127 -2.796610 0.050000
4.810127 -2.288136 0.050000
4.810127 -1.779661 0.050000
4.810127 -1.271186 0.050000
4.810127 -0.762712 0.050000
4.810127 -0.254237 0.050000
4.810127 0.254237 0.050000
4.810127 0.762712 0.050000
4.810127 1.271186 0.050000
4.810127 1.779661 0.050000
4.810127 2.288136 0.050000
4.810127 2.796610 0.050000
4.810127 3.305085 0.050000
4.810127 3.813559 0.050000
4.810127 4.322034 0.050000
4.810127 4.830508 0.050000
4.810127 5.338983 0.050000
4.810127 5.847458 0.050000
4.810127 6.355932 0.050000
4.810127 6.864407 0.050000
4.810127 7.372881 0.050000
4.810127 7.881356 0.050000
4.810127 8.389831 0.050000
4.810127 8.898305 0.050000
4.810127 9.406780 0.050000
4.810127 9.915254 0.050000
4.810127 10.423729 0.050000
4.810127 10.932203 0.050000
4.810127 11.440678 0.050000
4.810127 11.949153 0.050000
4.810127 12.457627 0.050000
4.810127 12.966102 0.050000
4.810127 13.474576 0.050000
4.810127 13.983051 0.050000
4.810127 14.491525 0.050000
4.810127 15.000000 0.050000
5.316456 -15.000000 0.050000
5.316456 -14.491525 0.050000
5.316456 -13.983051 0.050000
5.316456 -13.474576 0.050000
5.316456 -12.966102 0.050000
5.316456 -12.457627 0.050000
5.316456 -11.949153 0.050000
5.316456 -11.440678 0.050000
5.316456 -10.932203 0.050000
5.316456 -10.423729 0.050000
5.316456 -9.915254 0.050000
5.316456 -9.406780 0.050000
5.316456 -8.898305 0.050000
5.316456 -8.389831 0.050000
5.316456 -7.881356 0.050000
5.316456 -7.372881 0.050000
5.316456 -6.864407 0.050000
5.316456 -6.355932 0.050000
5.316456 -5.847458 0.050000
5.316456 -5.338983 0.050000
5.316456 -4.830508 0.050000
5.316456 -4.322034 0.050000
5.316456 -3.813559 0.050000
5.316456 -3.305085 0.050000
5.316456 -2.796610 0.050000
5.316456 -2.288136 0.050000
5.316456 -1.779661 0.050000
5.316456 -1.271186 0.050000
5.316456 -0.762712 0.050000
5.316456 -0.254237 0.050000
5.316456 0.254237 0.050000
5.316456 0.762712 0.050000
5.316456 1.271186 0.050000
5.316456 1.779661 0.050000
5.316456 2.288136 0.050000
5.316456 2.796610 0.050000
5.316456 3.305085 0.050000
5.316456 3.813559 0.050000
5.316456 4.322034 0.050000
5.316456 4.830508 0.050000
5.316456 5.338983 0.050000
5.316456 5.847458 0.050000
5.316456 6.355932 0.050000
5.316456 6.864407 0.050000
5.316456 7.372881 0.050000
5.316456 7.881356 0.050000
5.316456 8.389831 0.050000
5.316456 8.898305 0.050000
5.316456 9.406780 0.050000
5.316456 9.915254 0.050000
5.316456 10.423729 0.050000
5.316456 10.932203 0.050000
5.316456 11.440678 0.050000
5.316456 11.949153 0.050000
5.316456 12.457627 0.050000
5.316456 12.966102 0.050000
5.316456 13.474576 0.050000
5.316456 13.983051 0.050000
5.316456 14.491525 0.050000
5.316456 15.000000 0.050000
5.822785 -15.000000 0.050000
5.822785 -14.491525 0.050000
5.822785 -13.983051 0.050000
5.822785 -13.474576 0.050000
5.822785 -12.966102 0.050000
5.822785 -12.457627 0.050000
5.822785 -11.949153 0.050000
5.822785 -11.440678 0.050000
5.822785 -10.932203 0.050000
5.822785 -10.423729 0.050000
5.822785 -9.915254 0.050000
5.822785 -9.406780 0.050000
5.822785 -8.898305 0.050000
5.822785 -8.389831 0.050000
5.822785 -7.881356 0.050000
5.822785 -7.372881 0.050000
5.822785 -6.864407 0.050000
5.822785 -6.355932 0.050000
5.822785 -5.847458 0.050000
5.822785 -5.338983 0.050000
5.822785 -4.830508 0.050000
5.822785 -4.322034 0.050000
5.822785 -3.813559 0.050000
5.822785 -3.305085 0.050000
5.822785 -2.796610 0.050000
5.822785 -2.288136 0.050000
5.822785 -1.779661 0.050000
5.822785 -1.271186 0.050000
5.822785 -0.762712 0.050000
5.822785 -0.254237 0.050000
5.822785 0.254237 0.050000
5.822785 0.762712 0.050000
5.822785 1.271186 0.050000
5.822785 1.779661 0.050000
5.822785 2.288136 0.050000
5.822785 2.796610 0.050000
5.822785 3.305085 0.050000
5.822785 3.813559 0.050000
5.822785 4.322034 0.050000
5.822785 4.830508 0.050000
5.822785 5.338983 0.050000
5.822785 5.847458 0.050000
5.822785 6.355932 0.050000
5.822785 6.864407 0.050000
5.822785 7.372881 0.050000
5.822785 7.881356 0.050000
5.822785 8.389831 0.050000
5.822785 8.898305 0.050000
5.822785 9.406780 0.050000
5.822785 9.915254 0.050000
5.822785 10.423729 0.050000
5.822785 10.932203 0.050000
5.822785 11.440678 0.050000
5.822785 11.949153 0.050000
5.822785 12.457627 0.050000
5.822785 12.966102 0.050000
5.822785 13.474576 0.050000
5.822785 13.983051 0.050000
5.822785 14.491525 0.050000
5.822785 15.000000 0.050000
6.329114 -15.000000 0.050000
6.329114 -14.491525 0.050000
6.329114 -13.983051 0.050000
6.329114 -13.474576 0.050000
6.329114 -12.966102 0.050000
6.329114 -12.457627 0.050000
6.329114 -11.949153 0.050000
6.329114 -11.440678 0.050000
6.329114 -10.932203 0.050000
6.329114 -10.423729 0.050000
6.329114 -9.915254 0.050000
6.329114 -9.406780 0.050000
6.329114 -8.898305 0.050000
6.329114 -8.389831 0.050000
6.329114 -7.881356 0.050000
6.329114 -7.372881 0.050000
6.329114 -6.864407 0.050000
6.329114 -6.355932 0.050000
6.329114 -5.847458 0.050000
6.329114 -5.338983 0.050000
6.329114 -4.830508 0.050000
6.329114 -4.322034 0.050000
6.329114 -3.813559 0.050000
6.329114 -3.305085 0.050000
6.329114 -2.796610 0.050000
6.329114 -2.288136 0.050000
6.329114 -1.779661 0.050000
6.329114 -1.271186 0.050000
6.329114 -0.762712 0.050000
6.329114 -0.254237 0.050000
6.329114 0.254237 0.050000
6.329114 0.762712 0.050000
6.329114 1.271186 0.050000
6.329114 1.779661 0.050000
6.329114 2.288136 0.050000
6.329114 2.796610 0.050000
6.329114 3.305085 0.050000
6.329114 3.813559 0.050000
6.329114 4.322034 0.050000
6.329114 4.830508 0.050000
6.329114 5.338983 0.050000
6.329114 5.847458 0.050000
6.329114 6.355932 0.050000
6.329114 6.864407 0.050000
6.329114 7.372881 0.050000
6.329114 7.881356 0.050000
6.329114 8.389831 0.050000
6.329114 8.898305 0.050000
6.329114 9.406780 0.050000
6.329114 9.915254 0.050000
6.329114 10.423729 0.050000
6.329114 10.932203 0.050000
6.329114 11.440678 0.050000
6.329114 11.949153 0.050000
6.329114 12.457627 0.050000
6.329114 12.966102 0.050000
6.329114 13.474576 0.050000
6.329114 13.983051 0.050000
6.329114 14.491525 0.050000
6.329114 15.000000 0.050000
6.835443 -15.000000 0.050000
6.835443 -14.491525 0.050000
6.835443 -13.983051 0.050000
6.835443 -13.474576 0.050000
6.835443 -12.966102 0.050000
6.835443 -12.457627 0.050000
6.835443 -11.949153 0.050000
6.835443 -11.440678 0.050000
6.835443 -10.932203 0.050000
6.835443 -10.423729 0.050000
6.835443 -9.915254 0.050000
6.835443 -9.406780 0.050000
6.835443 -8.898305 0.050000
6.835443 -8.389831 0.050000
6.835443 -7.881356 0.050000
6.835443 -7.372881 0.050000
6.835443 -6.864407 0.050000
6.835443 -6.355932 0.050000
6.835443 -5.847458 0.050000
6.835443 -5.338983 0.050000
6.835443 -4.830508 0.050000
6.835443 -4.322034 0.050000
6.835443 -3.813559 0.050000
6.835443 -3.305085 0.050000
6.835443 -2.796610 0.050000
6.835443 -2.288136 0.050000
6.835443 -1.779661 0.050000
6.835443 -1.271186 0.050000
6.835443 -0.762712 0.050000
6.835443 -0.254237 0.050000
6.835443 0.254237 0.050000
6.835443 0.762712 0.050000
6.835443 1.271186 0.050000
6.835443 1.779661 0.050000
6.835443 2.288136 0.050000
6.835443 2.796610 0.050000
6.835443 3.305085 0.050000
6.835443 3.813559 0.050000
6.835443 4.322034 0.050000
6.835443 4.830508 0.050000
6.835443 5.338983 0.050000
6.835443 5.847458 0.050000
6.835443 6.355932 0.050000
6.835443 6.864407 0.050000
6.835443 7.372881 0.050000
6.835443 7.881356 0.050000
6.835443 8.389831 0.050000
6.835443 8.898305 0.050000
6.835443 9.406780 0.050000
6.835443 9.915254 0.050000
6.835443 10.423729 0.050000
6.835443 10.932203 0.050000
6.835443 11.440678 0.050000
6.835443 11.949153 0.050000
6.835443 12.457627 0.050000
6.835443 12.966102 0.050000
6.835443 13.474576 0.050000
6.835443 13.983051 0.050000
6.835443 14.491525 0.050000
6.835443 15.000000 0.050000
7.341772 -15.000000 0.050000
7.341772 -14.491525 0.050000
7.341772 -13.983051 0.050000
7.341772 -13.474576 0.050000
7.341772 -12.966102 0.050000
7.341772 -12.457627 0.050000
7.341772 -11.949153 0.050000
7.341772 -11.440678 0.050000
7.341772 -10.932203 0.050000
7.341772 -10.423729 0.050000
7.341772 -9.915254 0.050000
7.341772 -9.406780 0.050000
7.341772 -8.898305 0.050000
7.341772 -8.389831 0.050000
7.341772 -7.881356 0.050000
7.341772 -7.372881 0.050000
7.341772 -6.864407 0.050000
7.341772 -6.355932 0.050000
7.341772 -5.847458 0.050000
7.341772 -5.338983 0.050000
7.341772 -4.830508 0.050000
7.341772 -4.322034 0.050000
7.341772 -3.813559 0.050000
7.341772 -3.305085 0.050000
7.341772 -2.796610 0.050000
7.341772 -2.288136 0.050000
7.341772 -1.779661 0.050000
7.341772 -1.271186 0.050000
7.341772 -0.762712 0.050000
7.341772 -0.254237 0.050000
7.341772 0.254237 0.050000
7.341772 0.762712 0.050000
7.341772 1.271186 0.050000
7.341772 1.779661 0.050000
7.341772 2.288136 0.050000
7.341772 2.796610 0.050000
7.341772 3.305085 0.050000
7.341772 3.813559 0.050000
7.341772 4.322034 0.050000
7.341772 4.830508 0.050000
7.341772 5.338983 0.050000
7.341772 5.847458 0.050000
7.341772 6.355932 0.050000
7.341772 6.864407 0.050000
7.341772 7.372881 0.050000
7.341772 7.881356 0.050000
7.341772 8.389831 0.050000
7.341772 8.898305 0.050000
7.341772 9.406780 0.050000
7.341772 9.915254 0.050000
7.341772 10.423729 0.050000
7.341772 10.932203 0.050000
7.341772 11.440678 0.050000
7.341772 11.949153 0.050000
7.341772 12.457627 0.050000
7.341772 12.966102 0.050000
7.341772 13.474576 0.050000
7.341772 13.983051 0.050000
7.341772 14.491525 0.050000
7.341772 15.000000 0.050000
7.848101 -15.000000 0.050000
7.848101 -14.491525 0.050000
7.848101 -13.983051 0.050000
7.848101 -13.474576 0.050000
7.848101 -12.966102 0.050000
7.848101 -12.457627 0.050000
7.848101 -11.949153 0.050000
7.848101 -11.440678 0.050000
7.848101 -10.932203 0.050000
7.848101 -10.423729 0.050000
7.848101 -9.915254 0.050000
7.848101 -9.406780 0.050000
7.848101 -8.898305 0.050000
7.848101 -8.389831 0.050000
7.848101 -7.881356 0.050000
7.848101 -7.372881 0.050000
7.848101 -6.864407 0.050000
7.848101 -6.355932 0.050000
7.848101 -5.847458 0.050000
7.848101 -5.338983 0.050000
7.848101 -4.830508 0.050000
7.848101 -4.322034 0.050000
7.848101 -3.813559 0.050000
7.848101 -3.305085 0.050000
7.848101 -2.796610 0.050000
7.848101 -2.288136 0.050000
7.848101 -1.779661 0.050000
7.848101 -1.271186 0.050000
7.848101 -0.762712 0.050000
7.848101 -0.254237 0.050000
7.848101 0.254237 0.050000
7.848101 0.762712 0.050000
7.848101 1.271186 0.050000
7.848101 1.779661 0.050000
7.848101 2.288136 0.050000
7.848101 2.796610 0.050000
7.848101 3.305085 0.050000
7.848101 3.813559 0.050000
7.848101 4.322034 0.050000
7.848101 4.830508 0.050000
7.848101 5.338983 0.050000
7.848101 5.847458 0.050000
7.848101 6.355932 0.050000
7.848101 6.864407 0.050000
7.848101 7.372881 0.050000
7.848101 7.881356 0.050000
7.848101 8.389831 0.050000
7.848101 8.898305 0.050000
7.848101 9.406780 0.050000
7.848101 9.915254 0.050000
7.848101 10.423729 0.050000
7.848101 10.932203 0.050000
7.848101 11.440678 0.050000
7.848101 11.949153 0.050000
7.848101 12.457627 0.050000
7.848101 12.966102 0.050000
7.848101 13.474576 0.050000
7.848101 13.983051 0.050000
7.848101 14.491525 0.050000
7.848101 15.000000 0.050000
8.354430 -15.000000 0.050000
8.354430 -14.491525 0.050000
8.354430 -13.983051 0.050000
8.354430 -13.474576 0.050000
8.354430 -12.966102 0.050000
8.354430 -12.457627 0.050000
8.354430 -11.949153 0.050000
8.354430 -11.440678 0.050000
8.354430 -10.932203 0.050000
8.354430 -10.423729 0.050000
8.354430 -9.915254 0.050000
8.354430 -9.406780 0.050000
8.354430 -8.898305 0.050000
8.354430 -8.389831 0.050000
8.354430 -7.881356 0.050000
8.354430 -7.372881 0.050000
8.354430 -6.864407 0.050000
8.354430 -6.355932 0.050000
8.354430 -5.847458 0.050000
8.354430 -5.338983 0.050000
8.354430 -4.830508 0.050000
8.354430 -4.322034 0.050000
8.354430 -3.813559 0.050000
8.354430 -3.305085 0.050000
8.354430 -2.796610 0.050000
8.354430 -2.288136 0.050000
8.354430 -1.779661 0.050000
8.354430 -1.271186 0.050000
8.354430 -0.762712 0.050000
8.354430 -0.254237 0.050000
8.354430 0.254237 0.050000
8.354430 0.762712 0.050000
8.354430 1.271186 0.050000
8.354430 1.779661 0.050000
8.354430 2.288136 0.050000
8.354430 2.796610 0.050000
8.354430 3.305085 0.050000
8.354430 3.813559 0.050000
8.354430 4.322034 0.050000
8.354430 4.830508 0.050000
8.354430 5.338983 0.050000
8.354430 5.847458 0.050000
8.354430 6.355932 0.050000
8.354430 6.864407 0.050000
8.354430 7.372881 0.050000
8.354430 7.881356 0.050000
8.354430 8.389831 0.050000
8.354430 8.898305 0.050000
8.354430 9.406780 0.050000
8.354430 9.915254 0.050000
8.354430 10.423729 0.050000
8.354430 10.932203 0.050000
8.354430 11.440678 0.050000
8.354430 11.949153 0.050000
8.354430 12.457627 0.050000
8.354430 12.966102 0.050000
8.354430 13.474576 0.050000
8.354430 13.983051 0.050000
8.354430 14.491525 0.050000
8.354430 15.000000 0.050000
8.860759 -15.000000 0.050000
8.860759 -14.491525 0.050000
8.860759 -13.983051 0.050000
8.860759 -13.474576 0.050000
8.860759 -12.966102 0.050000
8.860759 -12.457627 0.050000
8.860759 -11.949153 0.050000
8.860759 -11.440678 0.050000
8.860759 -10.932203 0.050000
8.860759 -10.423729 0.050000
8.860759 -9.915254 0.050000
8.860759 -9.406780 0.050000
8.860759 -8.898305 0.050000
8.860759 -8.389831 0.050000
8.860759 -7.881356 0.050000
8.860759 -7.372881 0.050000
8.860759 -6.864407 0.050000
8.860759 -6.355932 0.050000
8.860759 -5.847458 0.050000
8.860759 -5.338983 0.050000
8.860759 -4.830508 0.050000
8.860759 -4.322034 0.050000
8.860759 -3.813559 0.050000
8.860759 -3.305085 0.050000
8.860759 -2.796610 0.050000
8.860759 -2.288136 0.050000
8.860759 -1.779661 0.050000
8.860759 -1.271186 0.050000
8.860759 -0.762712 0.050000
8.860759 -0.254237 0.050000
8.860759 0.254237 0.050000
8.860759 0.762712 0.050000
8.860759 1.271186 0.050000
8.860759 1.779661 0.050000
8.860759 2.288136 0.050000
8.860759 2.796610 0.050000
8.860759 3.305085 0.050000
8.860759 3.813559 0.050000
8.860759 4.322034 0.050000
8.860759 4.830508 0.050000
8.860759 5.338983 0.050000
8.860759 5.847458 0.050000
8.860759 6.355932 0.050000
8.860759 6.864407 0.050000
8.860759 7.372881 0.050000
8.860759 7.881356 0.050000
8.860759 8.389831 0.050000
8.860759 8.898305 0.050000
8.860759 9.406780 0.050000
8.860759 9.915254 0.050000
8.860759 10.423729 0.050000
8.860759 10.932203 0.050000
8.860759 11.440678 0.050000
8.860759 11.949153 0.050000
8.860759 12.457627 0.050000
8.860759 12.966102 0.050000
8.860759 13.474576 0.050000
8.860759 13.983051 0.050000
8.860759 14.491525 0.050000
8.860759 15.000000 0.050000
9.367089 -15.000000 0.050000
9.367089 -14.491525 0.050000
9.367089 -13.983051 0.050000
9.367089 -13.474576 0.050000
9.367089 -12.966102 0.050000
9.367089 -12.457627 0.050000
9.367089 -11.949153 0.050000
9.367089 -11.440678 0.050000
9.367089 -10.932203 0.050000
9.367089 -10.423729 0.050000
9.367089 -9.915254 0.050000
9.367089 -9.406780 0.050000
9.367089 -8.898305 0.050000
9.367089 -8.389831 0.050000
9.367089 -7.881356 0.050000
9.367089 -7.372881 0.050000
9.367089 -6.864407 0.050000
9.367089 -6.355932 0.050000
9.367089 -5.847458 0.050000
9.367089 -5.338983 0.050000
9.367089 -4.830508 0.050000
9.367089 -4.322034 0.050000
9.367089 -3.813559 0.050000
9.367089 -3.305085 0.050000
9.367089 -2.796610 0.050000
9.367089 -2.288136 0.050000
9.367089 -1.779661 0.050000
9.367089 -1.271186 0.050000
9.367089 -0.762712 0.050000
9.367089 -0.254237 0.050000
9.367089 0.254237 0.050000
9.367089 0.762712 0.050000
9.367089 1.271186 0.050000
9.367089 1.779661 0.050000
9.367089 2.288136 0.050000
9.367089 2.796610 0.050000
9.367089 3.305085 0.050000
9.367089 3.813559 0.050000
9.367089 4.322034 0.050000
9.367089 4.830508 0.050000
9.367089 5.338983 0.050000
9.367089 5.847458 0.050000
9.367089 6.355932 0.050000
9.367089 6.864407 0.050000
9.367089 7.372881 0.050000
9.367089 7.881356 0.050000
9.367089 8.389831 0.050000
9.367089 8.898305 0.050000
9.367089 9.406780 0.050000
9.367089 9.915254 0.050000
9.367089 10.423729 0.050000
9.367089 10.932203 0.050000
9.367089 11.440678 0.050000
9.367089 11.949153 0.050000
9.367089 12.457627 0.050000
9.367089 12.966102 0.050000
9.367089 13.474576 0.050000
9.367089 13.983051 0.050000
9.367089 14.491525 0.050000
9.367089 15.000000 0.050000
9.873418 -15.000000 0.050000
9.873418 -14.491525 0.050000
9.873418 -13.983051 0.050000
9.873418 -13.474576 0.050000
9.873418 -12.966102 0.050000
9.873418 -12.457627 0.050000
9.873418 -11.949153 0.050000
9.873418 -11.440678 0.050000
9.873418 -10.932203 0.050000
9.873418 -10.423729 0.050000
9.873418 -9.915254 0.050000
9.873418 -9.406780 0.050000
9.873418 -8.898305 0.050000
9.873418 -8.389831 0.050000
9.873418 -7.881356 0.050000
9.873418 -7.372881 0.050000
9.873418 -6.864407 0.050000
9.873418 -6.355932 0.050000
9.873418 -5.847458 0.050000
9.873418 -5.338983 0.050000
9.873418 -4.830508 0.050000
9.873418 -4.322034 0.050000
9.873418 -3.813559 0.050000
9.873418 -3.305085 0.050000
9.873418 -2.796610 0.050000
9.873418 -2.288136 0.050000
9.873418 -1.779661 0.050000
9.873418 -1.271186 0.050000
9.873418 -0.762712 0.050000
9.873418 -0.254237 0.050000
9.873418 0.254237 0.050000
9.873418 0.762712 0.050000
9.873418 1.271186 0.050000
9.873418 1.779661 0.050000
9.873418 2.288136 0.050000
9.873418 2.796610 0.050000
9.873418 3.305085 0.050000
9.873418 3.813559 0.050000
9.873418 4.322034 0.050000
9.873418 4.830508 0.050000
9.873418 5.338983 0.050000
9.873418 5.847458 0.050000
9.873418 6.355932 0.050000
9.873418 6.864407 0.050000
9.873418 7.372881 0.050000
9.873418 7.881356 0.050000
9.873418 8.389831 0.050000
9.873418 8.898305 0.050000
9.873418 9.406780 0.050000
9.873418 9.915254 0.050000
9.873418 10.423729 0.050000
9.873418 10.932203 0.050000
9.873418 11.440678 0.050000
9.873418 11.949153 0.050000
9.873418 12.457627 0.050000
9.873418 12.966102 0.050000
9.873418 13.474576 0.050000
9.873418 13.983051 0.050000
9.873418 14.491525 0.050000
9.873418 15.000000 0.050000
10.379747 -15.000000 0.050000
10.379747 -14.491525 0.050000
10.379747 -13.983051 0.050000
10.379747 -13.474576 0.050000
10.379747 -12.966102 0.050000
10.379747 -12.457627 0.050000
10.379747 -11.949153 0.050000
10.379747 -11.440678 0.050000
10.379747 -10.932203 0.050000
10.379747 -10.423729 0.050000
10.379747 -9.915254 0.050000
10.379747 -9.406780 0.050000
10.379747 -8.898305 0.050000
10.379747 -8.389831 0.050000
10.379747 -7.881356 0.050000
10.379747 -7.372881 0.050000
10.379747 -6.864407 0.050000
10.379747 -6.355932 0.050000
10.379747 -5.847458 0.050000
10.379747 -5.338983 0.050000
10.379747 -4.830508 0.050000
10.379747 -4.322034 0.050000
10.379747 -3.813559 0.050000
10.379747 -3.305085 0.050000
10.379747 -2.796610 0.050000
10.379747 -2.288136 0.050000
10.379747 -1.779661 0.050000
10.379747 -1.271186 0.050000
10.379747 -0.762712 0.050000
10.379747 -0.254237 0.050000
10.379747 0.254237 0.050000
10.379747 0.762712 0.050000
10.379747 1.271186 0.050000
10.379747 1.779661 0.050000
10.379747 2.288136 0.050000
10.379747 2.796610 0.050000
10.379747 3.305085 0.050000
10.379747 3.813559 0.050000
10.379747 4.322034 0.050000
10.379747 4.830508 0.050000
10.379747 5.338983 0.050000
10.379747 5.847458 0.050000
10.379747 6.355932 0.050000
10.379747 6.864407 0.050000
10.379747 7.372881 0.050000
10.379747 7.881356 0.050000
10.379747 8.389831 0.050000
10.379747 8.898305 0.050000
10.379747 9.406780 0.050000
10.379747 9.915254 0.050000
10.379747 10.423729 0.050000
10.379747 10.932203 0.050000
10.379747 11.440678 0.050000
10.379747 11.949153 0.050000
10.379747 12.457627 0.050000
10.379747 12.966102 0.050000
10.379747 13.474576 0.050000
10.379747 13.983051 0.050000
10.379747 14.491525 0.050000
10.379747 15.000000 0.050000
10.886076 -15.000000 0.050000
10.886076 -14.491525 0.050000
10.886076 -13.983051 0.050000
10.886076 -13.474576 0.050000
10.886076 -12.966102 0.050000
10.886076 -12.457627 0.050000
10.886076 -11.949153 0.050000
10.886076 -11.440678 0.050000
10.886076 -10.932203 0.050000
10.886076 -10.423729 0.050000
10.886076 -9.915254 0.050000
10.886076 -9.406780 0.050000
10.886076 -8.898305 0.050000
10.886076 -8.389831 0.050000
10.886076 -7.881356 0.050000
10.886076 -7.372881 0.050000
10.886076 -6.864407 0.050000
10.886076 -6.355932 0.050000
10.886076 -5.847458 0.050000
10.886076 -5.338983 0.050000
10.886076 -4.830508 0.050000
10.886076 -4.322034 0.050000
10.886076 -3.813559 0.050000
10.886076 -3.305085 0.050000
10.886076 -2.796610 0.050000
10.886076 -2.288136 0.050000
10.886076 -1.779661 0.050000
10.886076 -1.271186 0.050000
10.886076 -0.762712 0.050000
10.886076 -0.254237 0.050000
10.886076 0.254237 0.050000
10.886076 0.762712 0.050000
10.886076 1.271186 0.050000
10.886076 1.779661 0.050000
10.886076 2.288136 0.050000
10.886076 2.796610 0.050000
10.886076 3.305085 0.050000
10.886076 3.813559 0.050000
10.886076 4.322034 0.050000
10.886076 4.830508 0.050000
10.886076 5.338983 0.050000
10.886076 5.847458 0.050000
10.886076 6.355932 0.050000
10.886076 6.864407 0.050000
10.886076 7.372881 0.050000
10.886076 7.881356 0.050000
10.886076 8.389831 0.050000
10.886076 8.898305 0.050000
10.886076 9.406780 0.050000
10.886076 9.915254 0.050000
10.886076 10.423729 0.050000
10.886076 10.932203 0.050000
10.886076 11.440678 0.050000
10.886076 11.949153 0.050000
10.886076 12.457627 0.050000
10.886076 12.966102 0.050000
10.886076 13.474576 0.050000
10.886076 13.983051 0.050000
10.886076 14.491525 0.050000
10.886076 15.000000 0.050000
11.392405 -15.000000 0.050000
11.392405 -14.491525 0.050000
11.392405 -13.983051 0.050000
11.392405 -13.474576 0.050000
11.392405 -12.966102 0.050000
11.392405 -12.457627 0.050000
11.392405 -11.949153 0.050000
11.392405 -11.440678 0.050000
11.392405 -10.932203 0.050000
11.392405 -10.423729 0.050000
11.392405 -9.915254 0.050000
11.392405 -9.406780 0.050000
11.392405 -8.898305 0.050000
11.392405 -8.389831 0.050000
11.392405 -7.881356 0.050000
11.392405 -7.372881 0.050000
11.392405 -6.864407 0.050000
11.392405 -6.355932 0.050000
11.392405 -5.847458 0.050000
11.392405 -5.338983 0.050000
11.392405 -4.830508 0.050000
11.392405 -4.322034 0.050000
11.392405 -3.813559 0.050000
11.392405 -3.305085 0.050000
11.392405 -2.796610 0.050000
11.392405 -2.288136 0.050000
11.392405 -1.779661 0.050000
11.392405 -1.271186 0.050000
11.392405 -0.762712 0.050000
11.392405 -0.254237 0.050000
11.392405 0.254237 0.050000
11.392405 0.762712 0.050000
11.392405 1.271186 0.050000
11.392405 1.779661 0.050000
11.392405 2.288136 0.050000
11.392405 2.796610 0.050000
11.392405 3.305085 0.050000
11.392405 3.813559 0.050000
11.392405 4.322034 0.050000
11.392405 4.830508 0.050000
11.392405 5.338983 0.050000
11.392405 5.847458 0.050000
11.392405 6.355932 0.050000
11.392405 6.864407 0.050000
11.392405 7.372881 0.050000
11.392405 7.881356 0.050000
11.392405 8.389831 0.050000
11.392405 8.898305 0.050000
11.392405 9.406780 0.050000
11.392405 9.915254 0.050000
11.392405 10.423729 0.050000
11.392405 10.932203 0.050000
11.392405 11.440678 0.050000
11.392405 11.949153 0.050000
11.392405 12.457627 0.050000
11.392405 12.966102 0.050000
11.392405 13.474576 0.050000
11.392405 13.983051 0.050000
11.392405 14.491525 0.050000
11.392405 15.000000 0.050000
11.898734 -15.000000 0.050000
11.898734 -14.491525 0.050000
11.898734 -13.983051 0.050000
11.898734 -13.474576 0.050000
11.898734 -12.966102 0.050000
11.898734 -12.457627 0.050000
11.898734 -11.949153 0.050000
11.898734 -11.440678 0.050000
11.898734 -10.932203 0.050000
11.898734 -10.423729 0.050000
11.898734 -9.915254 0.050000
11.898734 -9.406780 0.050000
11.898734 -8.898305 0.050000
11.898734 -8.389831 0.050000
11.898734 -7.881356 0.050000
11.898734 -7.372881 0.050000
11.898734 -6.864407 0.050000
11.898734 -6.355932 0.050000
11.898734 -5.847458 0.050000
11.898734 -5.338983 0.050000
11.898734 -4.830508 0.050000
11.898734 -4.322034 0.050000
11.898734 -3.813559 0.050000
11.898734 -3.305085 0.050000
11.898734 -2.796610 0.050000
11.898734 -2.288136 0.050000
11.898734 -1.779661 0.050000
11.898734 -1.271186 0.050000
11.898734 -0.762712 0.050000
11.898734 -0.254237 0.050000
11.898734 0.254237 0.050000
11.898734 0.762712 0.050000
11.898734 1.271186 0.050000
11.898734 1.779661 0.050000
11.898734 2.288136 0.050000
11.898734 2.796610 0.050000
11.898734 3.305085 0.050000
11.898734 3.813559 0.050000
11.898734 4.322034 0.050000
11.898734 4.830508 0.050000
11.898734 5.338983 0.050000
11.898734 5.847458 0.050000
11.898734 6.355932 0.050000
11.898734 6.864407 0.050000
11.898734 7.372881 0.050000
11.898734 7.881356 0.050000
11.898734 8.389831 0.050000
11.898734 8.898305 0.050000
11.898734 9.406780 0.050000
11.898734 9.915254 0.050000
11.898734 10.423729 0.050000
11.898734 10.932203 0.050000
11.898734 11.440678 0.050000
11.898734 11.949153 0.050000
11.898734 12.457627 0.050000
11.898734 12.966102 0.050000
11.898734 13.474576 0.050000
11.898734 13.983051 0.050000
11.898734 14.491525 0.050000
11.898734 15.000000 0.050000
12.405063 -15.000000 0.050000
12.405063 -14.491525 0.050000
12.405063 -13.983051 0.050000
12.405063 -13.474576 0.050000
12.405063 -12.966102 0.050000
12.405063 -12.457627 0.050000
12.405063 -11.949153 0.050000
12.405063 -11.440678 0.050000
12.405063 -10.932203 0.050000
12.405063 -10.423729 0.050000
12.405063 -9.915254 0.050000
12.405063 -9.406780 0.050000
12.405063 -8.898305 0.050000
12.405063 -8.389831 0.050000
12.405063 -7.881356 0.050000
12.405063 -7.372881 0.050000
12.405063 -6.864407 0.050000
12.405063 -6.355932 0.050000
12.405063 -5.847458 0.050000
12.405063 -5.338983 0.050000
12.405063 -4.830508 0.050000
12.405063 -4.322034 0.050000
12.405063 -3.813559 0.050000
12.405063 -3.305085 0.050000
12.405063 -2.796610 0.050000
12.405063 -2.288136 0.050000
12.405063 -1.779661 0.050000
12.405063 -1.271186 0.050000
12.405063 -0.762712 0.050000
12.405063 -0.254237 0.050000
12.405063 0.254237 0.050000
12.405063 0.762712 0.050000
12.405063 1.271186 0.050000
12.405063 1.779661 0.050000
12.405063 2.288136 0.050000
12.405063 2.796610 0.050000
12.405063 3.305085 0.050000
12.405063 3.813559 0.050000
12.405063 4.322034 0.050000
12.405063 4.830508 0.050000
12.405063 5.338983 0.050000
12.405063 5.847458 0.050000
12.405063 6.355932 0.050000
12.405063 6.864407 0.050000
12.405063 7.372881 0.050000
12.405063 7.881356 0.050000
12.405063 8.389831 0.050000
12.405063 8.898305 0.050000
12.405063 9.406780 0.050000
12.405063 9.915254 0.050000
12.405063 10.423729 0.050000
12.405063 10.932203 0.050000
12.405063 11.440678 0.050000
12.405063 11.949153 0.050000
12.405063 12.457627 0.050000
12.405063 12.966102 0.050000
12.405063 13.474576 0.050000
12.405063 13.983051 0.050000
12.405063 14.491525 0.050000
12.405063 15.000000 0.050000
12.911392 -15.000000 0.050000
12.911392 -14.491525 0.050000
12.911392 -13.983051 0.050000
12.911392 -13.474576 0.050000
12.911392 -12.966102 0.050000
12.911392 -12.457627 0.050000
12.911392 -11.949153 0.050000
12.911392 -11.440678 0.050000
12.911392 -10.932203 0.050000
12.911392 -10.423729 0.050000
12.911392 -9.915254 0.050000
12.911392 -9.406780 0.050000
12.911392 -8.898305 0.050000
12.911392 -8.389831 0.050000
12.911392 -7.881356 0.050000
12.911392 -7.372881 0.050000
12.911392 -6.864407 0.050000
12.911392 -6.355932 0.050000
12.911392 -5.847458 0.050000
12.911392 -5.338983 0.050000
12.911392 -4.830508 0.050000
12.911392 -4.322034 0.050000
12.911392 -3.813559 0.050000
12.911392 -3.305085 0.050000
12.911392 -2.796610 0.050000
12.911392 -2.288136 0.050000
12.911392 -1.779661 0.050000
12.911392 -1.271186 0.050000
12.911392 -0.762712 0.050000
12.911392 -0.254237 0.050000
12.911392 0.254237 0.050000
12.911392 0.762712 0.050000
12.911392 1.271186 0.050000
12.911392 1.779661 0.050000
12.911392 2.288136 0.050000
12.911392 2.796610 0.050000
12.911392 3.305085 0.050000
12.911392 3.813559 0.050000
12.911392 4.322034 0.050000
12.911392 4.830508 0.050000
12.911392 5.338983 0.050000
12.911392 5.847458 0.050000
12.911392 6.355932 0.050000
12.911392 6.864407 0.050000
12.911392 7.372881 0.050000
12.911392 7.881356 0.050000
12.911392 8.389831 0.050000
12.911392 8.898305 0.050000
12.911392 9.406780 0.050000
12.911392 9.915254 0.050000
12.911392 10.423729 0.050000
12.911392 10.932203 0.050000
12.911392 11.440678 0.050000
12.911392 11.949153 0.050000
12.911392 12.457627 0.050000
12.911392 12.966102 0.050000
12.911392 13.474576 0.050000
12.911392 13.983051 0.050000
12.911392 14.491525 0.050000
12.911392 15.000000 0.050000
13.417722 -15.000000 0.050000
13.417722 -14.491525 0.050000
13.417722 -13.983051 0.050000
13.417722 -13.474576 0.050000
13.417722 -12.966102 0.050000
13.417722 -12.457627 0.050000
13.417722 -11.949153 0.050000
13.417722 -11.440678 0.050000
13.417722 -10.932203 0.050000
13.417722 -10.423729 0.050000
13.417722 -9.915254 0.050000
13.417722 -9.406780 0.050000
13.417722 -8.898305 0.050000
13.417722 -8.389831 0.050000
13.417722 -7.881356 0.050000
13.417722 -7.372881 0.050000
13.417722 -6.864407 0.050000
13.417722 -6.355932 0.050000
13.417722 -5.847458 0.050000
13.417722 -5.338983 0.050000
13.417722 -4.830508 0.050000
13.417722 -4.322034 0.050000
13.417722 -3.813559 0.050000
13.417722 -3.305085 0.050000
13.417722 -2.796610 0.050000
13.417722 -2.288136 0.050000
13.417722 -1.779661 0.050000
13.417722 -1.271186 0.050000
13.417722 -0.762712 0.050000
13.417722 -0.254237 0.050000
13.417722 0.254237 0.050000
13.417722 0.762712 0.050000
13.417722 1.271186 0.050000
13.417722 1.779661 0.050000
13.417722 2.288136 0.050000
13.417722 2.796610 0.050000
13.417722 3.305085 0.050000
13.417722 3.813559 0.050000
13.417722 4.322034 0.050000
13.417722 4.830508 0.050000
13.417722 5.338983 0.050000
13.417722 5.847458 0.050000
13.417722 6.355932 0.050000
13.417722 6.864407 0.050000
13.417722 7.372881 0.050000
13.417722 7.881356 0.050000
13.417722 8.389831 0.050000
13.417722 8.898305 0.050000
13.417722 9.406780 0.050000
13.417722 9.915254 0.050000
13.417722 10.423729 0.050000
13.417722 10.932203 0.050000
13.417722 11.440678 0.050000
13.417722 11.949153 0.050000
13.417722 12.457627 0.050000
13.417722 12.966102 0.050000
13.417722 13.474576 0.050000
13.417722 13.983051 0.050000
13.417722 14.491525 0.050000
13.417722 15.000000 0.050000
13.924051 -15.000000 0.050000
13.924051 -14.491525 0.050000
13.924051 -13.983051 0.050000
13.924051 -13.474576 0.050000
13.924051 -12.966102 0.050000
13.924051 -12.457627 0.050000
13.924051 -11.949153 0.050000
13.924051 -11.440678 0.050000
13.924051 -10.932203 0.050000
13.924051 -10.423729 0.050000
13.924051 -9.915254 0.050000
13.924051 -9.406780 0.050000
13.924051 -8.898305 0.050000
13.924051 -8.389831 0.050000
13.924051 -7.881356 0.050000
13.924051 -7.372881 0.050000
13.924051 -6.864407 0.050000
13.924051 -6.355932 0.050000
13.924051 -5.847458 0.050000
13.924051 -5.338983 0.050000
13.924051 -4.830508 0.050000
13.924051 -4.322034 0.050000
13.924051 -3.813559 0.050000
13.924051 -3.305085 0.050000
13.924051 -2.796610 0.050000
13.924051 -2.288136 0.050000
13.924051 -1.779661 0.050000
13.924051 -1.271186 0.050000
13.924051 -0.762712 0.050000
13.924051 -0.254237 0.050000
13.924051 0.254237 0.050000
13.924051 0.762712 0.050000
13.924051 1.271186 0.050000
13.924051 1.779661 0.050000
13.924051 2.288136 0.050000
13.924051 2.796610 0.050000
13.924051 3.305085 0.050000
13.924051 3.813559 0.050000
13.924051 4.322034 0.050000
13.924051 4.830508 0.050000
13.924051 5.338983 0.050000
13.924051 5.847458 0.050000
13.924051 6.355932 0.050000
13.924051 6.864407 0.050000
13.924051 7.372881 0.050000
13.924051 7.881356 0.050000
13.924051 8.389831 0.050000
13.924051 8.898305 0.050000
13.924051 9.406780 0.050000
13.924051 9.915254 0.050000
13.924051 10.423729 0.050000
13.924051 10.932203 0.050000
13.924051 11.440678 0.050000
13.924051 11.949153 0.050000
13.924051 12.457627 0.050000
13.924051 12.966102 0.050000
13.924051 13.474576 0.050000
13.924051 13.983051 0.050000
13.924051 14.491525 0.050000
13.924051 15.000000 0.050000
14.430380 -15.000000 0.050000
14.430380 -14.491525 0.050000
14.430380 -13.983051 0.050000
14.430380 -13.474576 0.050000
14.430380 -12.966102 0.050000
14.430380 -12.457627 0.050000
14.430380 -11.949153 0.050000
14.430380 -11.440678 0.050000
14.430380 -10.932203 0.050000
14.430380 -10.423729 0.050000
14.430380 -9.915254 0.050000
14.430380 -9.406780 0.050000
14.430380 -8.898305 0.050000
14.430380 -8.389831 0.050000
14.430380 -7.881356 0.050000
14.430380 -7.372881 0.050000
14.430380 -6.864407 0.050000
14.430380 -6.355932 0.050000
14.430380 -5.847458 0.050000
14.430380 -5.338983 0.050000
14.430380 -4.830508 0.050000
14.430380 -4.322034 0.050000
14.430380 -3.813559 0.050000
14.430380 -3.305085 0.050000
14.430380 -2.796610 0.050000
14.430380 -2.288136 0.050000
14.430380 -1.779661 0.050000
14.430380 -1.271186 0.050000
14.430380 -0.762712 0.050000
14.430380 -0.254237 0.050000
14.430380 0.254237 0.050000
14.430380 0.762712 0.050000
14.430380 1.271186 0.050000
14.430380 1.779661 0.050000
14.430380 2.288136 0.050000
14.430380 2.796610 0.050000
14.430380 3.305085 0.050000
14.430380 3.813559 0.050000
14.430380 4.322034 0.050000
14.430380 4.830508 0.050000
14.430380 5.338983 0.050000
14.430380 5.847458 0.050000
14.430380 6.355932 0.050000
14.430380 6.864407 0.050000
14.430380 7.372881 0.050000
14.430380 7.881356 0.050000
14.430380 8.389831 0.050000
14.430380 8.898305 0.050000
14.430380 9.406780 0.050000
14.430380 9.915254 0.050000
14.430380 10.423729 0.050000
14.430380 10.932203 0.050000
14.430380 11.440678 0.050000
14.430380 11.949153 0.050000
14.430380 12.457627 0.050000
14.430380 12.966102 0.050000
14.430380 13.474576 0.050000
14.430380 13.983051 0.050000
14.430380 14.491525 0.050000
14.430380 15.000000 0.050000
14.936709 -15.000000 0.050000
14.936709 -14.491525 0.050000
14.936709 -13.983051 0.050000
14.936709 -13.474576 0.050000
14.936709 -12.966102 0.050000
14.936709 -12.457627 0.050000
14.936709 -11.949153 0.050000
14.936709 -11.440678 0.050000
14.936709 -10.932203 0.050000
14.936709 -10.423729 0.050000
14.936709 -9.915254 0.050000
14.936709 -9.406780 0.050000
14.936709 -8.898305 0.050000
14.936709 -8.389831 0.050000
14.936709 -7.881356 0.050000
14.936709 -7.372881 0.050000
14.936709 -6.864407 0.050000
14.936709 -6.355932 0.050000
14.936709 -5.847458 0.050000
14.936709 -5.338983 0.050000
14.936709 -4.830508 0.050000
14.936709 -4.322034 0.050000
14.936709 -3.813559 0.050000
14.936709 -3.305085 0.050000
14.936709 -2.796610 0.050000
14.936709 -2.288136 0.050000
14.936709 -1.779661 0.050000
14.936709 -1.271186 0.050000
14.936709 -0.762712 0.050000
14.936709 -0.254237 0.050000
14.936709 0.254237 0.050000
14.936709 0.762712 0.050000
14.936709 1.271186 0.050000
14.936709 1.779661 0.050000
14.936709 2.288136 0.050000
14.936709 2.796610 0.050000
14.936709 3.305085 0.050000
14.936709 3.813559 0.050000
14.936709 4.322034 0.050000
14.936709 4.830508 0.050000
14.936709 5.338983 0.050000
14.936709 5.847458 0.050000
14.936709 6.355932 0.050000
14.936709 6.864407 0.050000
14.936709 7.372881 0.050000
14.936709 7.881356 0.050000
14.936709 8.389831 0.050000
14.936709 8.898305 0.050000
14.936709 9.406780 0.050000
14.936709 9.915254 0.050000
14.936709 10.423729 0.050000
14.936709 10.932203 0.050000
14.936709 11.440678 0.050000
14.936709 11.949153 0.050000
14.936709 12.457627 0.050000
14.936709 12.966102 0.050000
14.936709 13.474576 0.050000
14.936709 13.983051 0.050000
14.936709 14.491525 0.050000
14.936709 15.000000 0.050000
15.443038 -15.000000 0.050000
15.443038 -14.491525 0.050000
15.443038 -13.983051 0.050000
15.443038 -13.474576 0.050000
15.443038 -12.966102 0.050000
15.443038 -12.457627 0.050000
15.443038 -11.949153 0.050000
15.443038 -11.440678 0.050000
15.443038 -10.932203 0.050000
15.443038 -10.423729 0.050000
15.443038 -9.915254 0.050000
15.443038 -9.406780 0.050000
15.443038 -8.898305 0.050000
15.443038 -8.389831 0.050000
15.443038 -7.881356 0.050000
15.443038 -7.372881 0.050000
15.443038 -6.864407 0.050000
15.443038 -6.355932 0.050000
15.443038 -5.847458 0.050000
15.443038 -5.338983 0.050000
15.443038 -4.830508 0.050000
15.443038 -4.322034 0.050000
15.443038 -3.813559 0.050000
15.443038 -3.305085 0.050000
15.443038 -2.796610 0.050000
15.443038 -2.288136 0.050000
15.443038 -1.779661 0.050000
15.443038 -1.271186 0.050000
15.443038 -0.762712 0.050000
15.443038 -0.254237 0.050000
15.443038 0.254237 0.050000
15.443038 0.762712 0.050000
15.443038 1.271186 0.050000
15.443038 1.779661 0.050000
15.443038 2.288136 0.050000
15.443038 2.796610 0.050000
15.443038 3.305085 0.050000
15.443038 3.813559 0.050000
15.443038 4.322034 0.050000
15.443038 4.830508 0.050000
15.443038 5.338983 0.050000
15.443038 5.847458 0.050000
15.443038 6.355932 0.050000
15.443038 6.864407 0.050000
15.443038 7.372881 0.050000
15.443038 7.881356 0.050000
15.443038 8.389831 0.050000
15.443038 8.898305 0.050000
15.443038 9.406780 0.050000
15.443038 9.915254 0.050000
15.443038 10.423729 0.050000
15.443038 10.932203 0.050000
15.443038 11.440678 0.050000
15.443038 11.949153 0.050000
15.443038 12.457627 0.050000
15.443038 12.966102 0.050000
15.443038 13.474576 0.050000
15.443038 13.983051 0.050000
15.443038 14.491525 0.050000
15.443038 15.000000 0.050000
15.949367 -15.000000 0.050000
15.949367 -14.491525 0.050000
15.949367 -13.983051 0.050000
15.949367 -13.474576 0.050000
15.949367 -12.966102 0.050000
15.949367 -12.457627 0.050000
15.949367 -11.949153 0.050000
15.949367 -11.440678 0.050000
15.949367 -10.932203 0.050000
15.949367 -10.423729 0.050000
15.949367 -9.915254 0.050000
15.949367 -9.406780 0.050000
15.949367 -8.898305 0.050000
15.949367 -8.389831 0.050000
15.949367 -7.881356 0.050000
15.949367 -7.372881 0.050000
15.949367 -6.864407 0.050000
15.949367 -6.355932 0.050000
15.949367 -5.847458 0.050000
15.949367 -5.338983 0.050000
15.949367 -4.830508 0.050000
15.949367 -4.322034 0.050000
15.949367 -3.813559 0.050000
15.949367 -3.305085 0.050000
15.949367 -2.796610 0.050000
15.949367 -2.288136 0.050000
15.949367 -1.779661 0.050000
15.949367 -1.271186 0.050000
15.949367 -0.762712 0.050000
15.949367 -0.254237 0.050000
15.949367 0.254237 0.050000
15.949367 0.762712 0.050000
15.949367 1.271186 0.050000
15.949367 1.779661 0.050000
15.949367 2.288136 0.050000
15.949367 2.796610 0.050000
15.949367 3.305085 0.050000
15.949367 3.813559 0.050000
15.949367 4.322034 0.050000
15.949367 4.830508 0.050000
15.949367 5.338983 0.050000
15.949367 5.847458 0.050000
15.949367 6.355932 0.050000
15.949367 6.864407 0.050000
15.949367 7.372881 0.050000
15.949367 7.881356 0.050000
15.949367 8.389831 0.050000
15.949367 8.898305 0.050000
15.949367 9.406780 0.050000
15.949367 9.915254 0.050000
15.949367 10.423729 0.050000
15.949367 10.932203 0.050000
15.949367 11.440678 0.050000
15.949367 11.949153 0.050000
15.949367 12.457627 0.050000
15.949367 12.966102 0.050000
15.949367 13.474576 0.050000
15.949367 13.983051 0.050000
15.949367 14.491525 0.050000
15.949367 15.000000 0.050000
16.455696 -15.000000 0.050000
16.455696 -14.491525 0.050000
16.455696 -13.983051 0.050000
16.455696 -13.474576 0.050000
16.455696 -12.966102 0.050000
16.455696 -12.457627 0.050000
16.455696 -11.949153 0.050000
16.455696 -11.440678 0.050000
16.455696 -10.932203 0.050000
16.455696 -10.423729 0.050000
16.455696 -9.915254 0.050000
16.455696 -9.406780 0.050000
16.455696 -8.898305 0.050000
16.455696 -8.389831 0.050000
16.455696 -7.881356 0.050000
16.455696 -7.372881 0.050000
16.455696 -6.864407 0.050000
16.455696 -6.355932 0.050000
16.455696 -5.847458 0.050000
16.455696 -5.338983 0.050000
16.455696 -4.830508 0.050000
16.455696 -4.322034 0.050000
16.455696 -3.813559 0.050000
16.455696 -3.305085 0.050000
16.455696 -2.796610 0.050000
16.455696 -2.288136 0.050000
16.455696 -1.779661 0.050000
16.455696 -1.271186 0.050000
16.455696 -0.762712 0.050000
16.455696 -0.254237 0.050000
16.455696 0.254237 0.050000
16.455696 0.762712 0.050000
16.455696 1.271186 0.050000
16.455696 1.779661 0.050000
16.455696 2.288136 0.050000
16.455696 2.796610 0.050000
16.455696 3.305085 0.050000
16.455696 3.813559 0.050000
16.455696 4.322034 0.050000
16.455696 4.830508 0.050000
16.455696 5.338983 0.050000
16.455696 5.847458 0.050000
16.455696 6.355932 0.050000
16.455696 6.864407 0.050000
16.455696 7.372881 0.050000
16.455696 7.881356 0.050000
16.455696 8.389831 0.050000
16.455696 8.898305 0.050000
16.455696 9.406780 0.050000
16.455696 9.915254 0.050000
16.455696 10.423729 0.050000
16.455696 10.932203 0.050000
16.455696 11.440678 0.050000
16.455696 11.949153 0.050000
16.455696 12.457627 0.050000
16.455696 12.966102 0.050000
16.455696 13.474576 0.050000
16.455696 13.983051 0.050000
16.455696 14.491525 0.050000
16.455696 15.000000 0.050000
16.962025 -15.000000 0.050000
16.962025 -14.491525 0.050000
16.962025 -13.983051 0.050000
16.962025 -13.474576 0.050000
16.962025 -12.966102 0.050000
16.962025 -12.457627 0.050000
16.962025 -11.949153 0.050000
16.962025 -11.440678 0.050000
16.962025 -10.932203 0.050000
16.962025 -10.423729 0.050000
16.962025 -9.915254 0.050000
16.962025 -9.406780 0.050000
16.962025 -8.898305 0.050000
16.962025 -8.389831 0.050000
16.962025 -7.881356 0.050000
16.962025 -7.372881 0.050000
16.962025 -6.864407 0.050000
16.962025 -6.355932 0.050000
16.962025 -5.847458 0.050000
16.962025 -5.338983 0.050000
16.962025 -4.830508 0.050000
16.962025 -4.322034 0.050000
16.962025 -3.813559 0.050000
16.962025 -3.305085 0.050000
16.962025 -2.796610 0.050000
16.962025 -2.288136 0.050000
16.962025 -1.779661 0.050000
16.962025 -1.271186 0.050000
16.962025 -0.762712 0.050000
16.962025 -0.254237 0.050000
16.962025 0.254237 0.050000
16.962025 0.762712 0.050000
16.962025 1.271186 0.050000
16.962025 1.779661 0.050000
16.962025 2.288136 0.050000
16.962025 2.796610 0.050000
16.962025 3.305085 0.050000
16.962025 3.813559 0.050000
16.962025 4.322034 0.050000
16.962025 4.830508 0.050000
16.962025 5.338983 0.050000
16.962025 5.847458 0.050000
16.962025 6.355932 0.050000
16.962025 6.864407 0.050000
16.962025 7.372881 0.050000
16.962025 7.881356 0.050000
16.962025 8.389831 0.050000
16.962025 8.898305 0.050000
16.962025 9.406780 0.050000
16.962025 9.915254 0.050000
16.962025 10.423729 0.050000
16.962025 10.932203 0.050000
16.962025 11.440678 0.050000
16.962025 11.949153 0.050000
16.962025 12.457627 0.050000
16.962025 12.966102 0.050000
16.962025 13.474576 0.050000
16.962025 13.983051 0.050000
16.962025 14.491525 0.050000
16.962025 15.000000 0.050000
17.468354 -15.000000 0.050000
17.468354 -14.491525 0.050000
17.468354 -13.983051 0.050000
17.468354 -13.474576 0.050000
17.468354 -12.966102 0.050000
17.468354 -12.457627 0.050000
17.468354 -11.949153 0.050000
17.468354 -11.440678 0.050000
17.468354 -10.932203 0.050000
17.468354 -10.423729 0.050000
17.468354 -9.915254 0.050000
17.468354 -9.406780 0.050000
17.468354 -8.898305 0.050000
17.468354 -8.389831 0.050000
17.468354 -7.881356 0.050000
17.468354 -7.372881 0.050000
17.468354 -6.864407 0.050000
17.468354 -6.355932 0.050000
17.468354 -5.847458 0.050000
17.468354 -5.338983 0.050000
17.468354 -4.830508 0.050000
17.468354 -4.322034 0.050000
17.468354 -3.813559 0.050000
17.468354 -3.305085 0.050000
17.468354 -2.796610 0.050000
17.468354 -2.288136 0.050000
17.468354 -1.779661 0.050000
17.468354 -1.271186 0.050000
17.468354 -0.762712 0.050000
17.468354 -0.254237 0.050000
17.468354 0.254237 0.050000
17.468354 0.762712 0.050000
17.468354 1.271186 0.050000
17.468354 1.779661 0.050000
17.468354 2.288136 0.050000
17.468354 2.796610 0.050000
17.468354 3.305085 0.050000
17.468354 3.813559 0.050000
17.468354 4.322034 0.050000
17.468354 4.830508 0.050000
17.468354 5.338983 0.050000
17.468354 5.847458 0.050000
17.468354 6.355932 0.050000
17.468354 6.864407 0.050000
17.468354 7.372881 0.050000
17.468354 7.881356 0.050000
17.468354 8.389831 0.050000
17.468354 8.898305 0.050000
17.468354 9.406780 0.050000
17.468354 9.915254 0.050000
17.468354 10.423729 0.050000
17.468354 10.932203 0.050000
17.468354 11.440678 0.050000
17.468354 11.949153 0.050000
17.468354 12.457627 0.050000
17.468354 12.966102 0.050000
17.468354 13.474576 0.050000
17.468354 13.983051 0.050000
17.468354 14.491525 0.050000
17.468354 15.000000 0.050000
17.974684 -15.000000 0.050000
17.974684 -14.491525 0.050000
17.974684 -13.983051 0.050000
17.974684 -13.474576 0.050000
17.974684 -12.966102 0.050000
17.974684 -12.457627 0.050000
17.974684 -11.949153 0.050000
17.974684 -11.440678 0.050000
17.974684 -10.932203 0.050000
17.974684 -10.423729 0.050000
17.974684 -9.915254 0.050000
17.974684 -9.406780 0.050000
17.974684 -8.898305 0.050000
17.974684 -8.389831 0.050000
17.974684 -7.881356 0.050000
17.974684 -7.372881 0.050000
17.974684 -6.864407 0.050000
17.974684 -6.355932 0.050000
17.974684 -5.847458 0.050000
17.974684 -5.338983 0.050000
17.974684 -4.830508 0.050000
17.974684 -4.322034 0.050000
17.974684 -3.813559 0.050000
17.974684 -3.305085 0.050000
17.974684 -2.796610 0.050000
17.974684 -2.288136 0.050000
17.974684 -1.779661 0.050000
17.974684 -1.271186 0.050000
17.974684 -0.762712 0.050000
17.974684 -0.254237 0.050000
17.974684 0.254237 0.050000
17.974684 0.762712 0.050000
17.974684 1.271186 0.050000
17.974684 1.779661 0.050000
17.974684 2.288136 0.050000
17.974684 2.796610 0.050000
17.974684 3.305085 0.050000
17.974684 3.813559 0.050000
17.974684 4.322034 0.050000
17.974684 4.830508 0.050000
17.974684 5.338983 0.050000
17.974684 5.847458 0.050000
17.974684 6.355932 0.050000
17.974684 6.864407 0.050000
17.974684 7.372881 0.050000
17.974684 7.881356 0.050000
17.974684 8.389831 0.050000
17.974684 8.898305 0.050000
17.974684 9.406780 0.050000
17.974684 9.915254 0.050000
17.974684 10.423729 0.050000
17.974684 10.932203 0.050000
17.974684 11.440678 0.050000
17.974684 11.949153 0.050000
17.974684 12.457627 0.050000
17.974684 12.966102 0.050000
17.974684 13.474576 0.050000
17.974684 13.983051 0.050000
17.974684 14.491525 0.050000
17.974684 15.000000 0.050000
18.481013 -15.000000 0.050000
18.481013 -14.491525 0.050000
18.481013 -13.983051 0.050000
18.481013 -13.474576 0.050000
18.481013 -12.966102 0.050000
18.481013 -12.457627 0.050000
18.481013 -11.949153 0.050000
18.481013 -11.440678 0.050000
18.481013 -10.932203 0.050000
18.481013 -10.423729 0.050000
18.481013 -9.915254 0.050000
18.481013 -9.406780 0.050000
18.481013 -8.898305 0.050000
18.481013 -8.389831 0.050000
18.481013 -7.881356 0.050000
18.481013 -7.372881 0.050000
18.481013 -6.864407 0.050000
18.481013 -6.355932 0.050000
18.481013 -5.847458 0.050000
18.481013 -5.338983 0.050000
18.481013 -4.830508 0.050000
18.481013 -4.322034 0.050000
18.481013 -3.813559 0.050000
18.481013 -3.305085 0.050000
18.481013 -2.796610 0.050000
18.481013 -2.288136 0.050000
18.481013 -1.779661 0.050000
18.481013 -1.271186 0.050000
18.481013 -0.762712 0.050000
18.481013 -0.254237 0.050000
18.481013 0.254237 0.050000
18.481013 0.762712 0.050000
18.481013 1.271186 0.050000
18.481013 1.779661 0.050000
18.481013 2.288136 0.050000
18.481013 2.796610 0.050000
18.481013 3.305085 0.050000
18.481013 3.813559 0.050000
18.481013 4.322034 0.050000
18.481013 4.830508 0.050000
18.481013 5.338983 0.050000
18.481013 5.847458 0.050000
18.481013 6.355932 0.050000
18.481013 6.864407 0.050000
18.481013 7.372881 0.050000
18.481013 7.881356 0.050000
18.481013 8.389831 0.050000
18.481013 8.898305 0.050000
18.481013 9.406780 0.050000
18.481013 9.915254 0.050000
18.481013 10.423729 0.050000
18.481013 10.932203 0.050000
18.481013 11.440678 0.050000
18.481013 11.949153 0.050000
18.481013 12.457627 0.050000
18.481013 12.966102 0.050000
18.481013 13.474576 0.050000
18.481013 13.983051 0.050000
18.481013 14.491525 0.050000
18.481013 15.000000 0.050000
18.987342 -15.000000 0.050000
18.987342 -14.491525 0.050000
18.987342 -13.983051 0.050000
18.987342 -13.474576 0.050000
18.987342 -12.966102 0.050000
18.987342 -12.457627 0.050000
18.987342 -11.949153 0.050000
18.987342 -11.440678 0.050000
18.987342 -10.932203 0.050000
18.987342 -10.423729 0.050000
18.987342 -9.915254 0.050000
18.987342 -9.406780 0.050000
18.987342 -8.898305 0.050000
18.987342 -8.389831 0.050000
18.987342 -7.881356 0.050000
18.987342 -7.372881 0.050000
18.987342 -6.864407 0.050000
18.987342 -6.355932 0.050000
18.987342 -5.847458 0.050000
18.987342 -5.338983 0.050000
18.987342 -4.830508 0.050000
18.987342 -4.322034 0.050000
18.987342 -3.813559 0.050000
18.987342 -3.305085 0.050000
18.987342 -2.796610 0.050000
18.987342 -2.288136 0.050000
18.987342 -1.779661 0.050000
18.987342 -1.271186 0.050000
18.987342 -0.762712 0.050000
18.987342 -0.254237 0.050000
18.987342 0.254237 0.050000
18.987342 0.762712 0.050000
18.987342 1.271186 0.050000
18.987342 1.779661 0.050000
18.987342 2.288136 0.050000
18.987342 2.796610 0.050000
18.987342 3.305085 0.050000
18.987342 3.813559 0.050000
18.987342 4.322034 0.050000
18.987342 4.830508 0.050000
18.987342 5.338983 0.050000
18.987342 5.847458 0.050000
18.987342 6.355932 0.050000
18.987342 6.864407 0.050000
18.987342 7.372881 0.050000
18.987342 7.881356 0.050000
18.987342 8.389831 0.050000
18.987342 8.898305 0.050000
18.987342 9.406780 0.050000
18.987342 9.915254 0.050000
18.987342 10.423729 0.050000
18.987342 10.932203 0.050000
18.987342 11.440678 0.050000
18.987342 11.949153 0.050000
18.987342 12.457627 0.050000
18.987342 12.966102 0.050000
18.987342 13.474576 0.050000
18.987342 13.983051 0.050000
18.987342 14.491525 0.050000
18.987342 15.000000 0.050000
19.493671 -15.000000 0.050000
19.493671 -14.491525 0.050000
19.493671 -13.983051 0.050000
19.493671 -13.474576 0.050000
19.493671 -12.966102 0.050000
19.493671 -12.457627 0.050000
19.493671 -11.949153 0.050000
19.493671 -11.440678 0.050000
19.493671 -10.932203 0.050000
19.493671 -10.423729 0.050000
19.493671 -9.915254 0.050000
19.493671 -9.406780 0.050000
19.493671 -8.898305 0.050000
19.493671 -8.389831 0.050000
19.493671 -7.881356 0.050000
19.493671 -7.372881 0.050000
19.493671 -6.864407 0.050000
19.493671 -6.355932 0.050000
19.493671 -5.847458 0.050000
19.493671 -5.338983 0.050000
19.493671 -4.830508 0.050000
19.493671 -4.322034 0.050000
19.493671 -3.813559 0.050000
19.493671 -3.305085 0.050000
19.493671 -2.796610 0.050000
19.493671 -2.288136 0.050000
19.493671 -1.779661 0.050000
19.493671 -1.271186 0.050000
19.493671 -0.762712 0.050000
19.493671 -0.254237 0.050000
19.493671 0.254237 0.050000
19.493671 0.762712 0.050000
19.493671 1.271186 0.050000
19.493671 1.779661 0.050000
19.493671 2.288136 0.050000
19.493671 2.796610 0.050000
19.493671 3.305085 0.050000
19.493671 3.813559 0.050000
19.493671 4.322034 0.050000
19.493671 4.830508 0.050000
19.493671 5.338983 0.050000
19.493671 5.847458 0.050000
19.493671 6.355932 0.050000
19.493671 6.864407 0.050000
19.493671 7.372881 0.050000
19.493671 7.881356 0.050000
19.493671 8.389831 0.050000
19.493671 8.898305 0.050000
19.493671 9.406780 0.050000
19.493671 9.915254 0.050000
19.493671 10.423729 0.050000
19.493671 10.932203 0.050000
19.493671 11.440678 0.050000
19.493671 11.949153 0.050000
19.493671 12.457627 0.050000
19.493671 12.966102 0.050000
19.493671 13.474576 0.050000
19.493671 13.983051 0.050000
19.493671 14.491525 0.050000
19.493671 15.000000 0.050000
20.000000 -15.000000 0.050000
20.000000 -14.491525 0.050000
20.000000 -13.983051 0.050000
20.000000 -13.474576 0.050000
20.000000 -12.966102 0.050000
20.000000 -12.457627 0.050000
20.000000 -11.949153 0.050000
20.000000 -11.440678 0.050000
20.000000 -10.932203 0.050000
20.000000 -10.423729 0.050000
20.000000 -9.915254 0.050000
20.000000 -9.406780 0.050000
20.000000 -8.898305 0.050000
20.000000 -8.389831 0.050000
20.000000 -7.881356 0.050000
20.000000 -7.372881 0.050000
20.000000 -6.864407 0.050000
20.000000 -6.355932 0.050000
20.000000 -5.847458 0.050000
20.000000 -5.338983 0.050000
20.000000 -4.830508 0.050000
20.000000 -4.322034 0.050000
20.000000 -3.813559 0.050000
20.000000 -3.305085 0.050000
20.000000 -2.796610 0.050000
20.000000 -2.288136 0.050000
20.000000 -1.779661 0.050000
20.000000 -1.271186 0.050000
20.000000 -0.762712 0.050000
20.000000 -0.254237 0.050000
20.000000 0.254237 0.050000
20.000000 0.762712 0.050000
20.000000 1.271186 0.050000
20.000000 1.779661 0.050000
20.000000 2.288136 0.050000
20.000000 2.796610 0.050000
20.000000 3.305085 0.050000
20.000000 3.813559 0.050000
20.000000 4.322034 0.050000
20.000000 4.830508 0.050000
20.000000 5.338983 0.050000
20.000000 5.847458 0.050000
20.000000 6.355932 0.050000
20.000000 6.864407 0.050000
20.000000 7.372881 0.050000
20.000000 7.881356 0.050000
20.000000 8.389831 0.050000
20.000000 8.898305 0.050000
20.000000 9.406780 0.050000
20.000000 9.915254 0.050000
20.000000 10.423729 0.050000
20.000000 10.932203 0.050000
20.000000 11.440678 0.050000
20.000000 11.949153 0.050000
20.000000 12.457627 0.050000
20.000000 12.966102 0.050000
20.000000 13.474576 0.050000
20.000000 13.983051 0.050000
20.000000 14.491525 0.050000
20.000000 15.000000 0.050000
-20.000000 -15.000000 -0.050000
-20.000000 -14.491525 -0.050000
-20.000000 -13.983051 -0.050000
-20.000000 -13.474576 -0.050000
-20.000000 -12.966102 -0.050000
-20.000000 -12.457627 -0.050000
-20.000000 -11.949153 -0.050000
-20.000000 -11.440678 -0.050000
-20.000000 -10.932203 -0.050000
-20.000000 -10.423729 -0.050000
-20.000000 -9.915254 -0.050000
-20.000000 -9.406780 -0.050000
-20.000000 -8.898305 -0.050000
-20.000000 -8.389831 -0.050000
-20.000000 -7.881356 -0.050000
-20.000000 -7.372881 -0.050000
-20.000000 -6.864407 -0.050000
-20.000000 -6.355932 -0.050000
-20.000000 -5.847458 -0.050000
-20.000000 -5.338983 -0.050000
-20.000000 -4.830508 -0.050000
-20.000000 -4.322034 -0.050000
-20.000000 -3.813559 -0.050000
-20.000000 -3.305085 -0.050000
-20.000000 -2.796610 -0.050000
-20.000000 -2.288136 -0.050000
-20.000000 -1.779661 -0.050000
-20.000000 -1.271186 -0.050000
-20.000000 -0.762712 -0.050000
-20.000000 -0.254237 -0.050000
-20.000000 0.254237 -0.050000
-20.000000 0.762712 -0.050000
-20.000000 1.271186 -0.050000
-20.000000 1.779661 -0.050000
-20.000000 2.288136 -0.050000
-20.000000 2.796610 -0.050000
-20.000000 3.305085 -0.050000
-20.000000 3.813559 -0.050000
-20.000000 4.322034 -0.050000
-20.000000 4.830508 -0.050000
-20.000000 5.338983 -0.050000
-20.000000 5.847458 -0.050000
-20.000000 6.355932 -0.050000
-20.000000 6.864407 -0.050000
-20.000000 7.372881 -0.050000
-20.000000 7.881356 -0.050000
-20.000000 8.389831 -0.050000
-20.000000 8.898305 -0.050000
-20.000000 9.406780 -0.050000
-20.000000 9.915254 -0.050000
-20.000000 10.423729 -0.050000
-20.000000 10.932203 -0.050000
-20.000000 11.440678 -0.050000
-20.000000 11.949153 -0.050000
-20.000000 12.457627 -0.050000
-20.000000 12.966102 -0.050000
-20.000000 13.474576 -0.050000
-20.000000 13.983051 -0.050000
-20.000000 14.491525 -0.050000
-20.000000 15.000000 -0.050000
-19.493671 -15.000000 -0.050000
-19.493671 -14.491525 -0.050000
-19.493671 -13.983051 -0.050000
-19.493671 -13.474576 -0.050000
-19.493671 -12.966102 -0.050000
-19.493671 -12.457627 -0.050000
-19.493671 -11.949153 -0.050000
-19.493671 -11.440678 -0.050000
-19.493671 -10.932203 -0.050000
-19.493671 -10.423729 -0.050000
-19.493671 -9.915254 -0.050000
-19.493671 -9.406780 -0.050000
-19.493671 -8.898305 -0.050000
-19.493671 -8.389831 -0.050000
-19.493671 -7.881356 -0.050000
-19.493671 -7.372881 -0.050000
-19.493671 -6.864407 -0.050000
-19.493671 -6.355932 -0.050000
-19.493671 -5.847458 -0.050000
-19.493671 -5.338983 -0.050000
-19.493671 -4.830508 -0.050000
-19.493671 -4.322034 -0.050000
-19.493671 -3.813559 -0.050000
-19.493671 -3.305085 -0.050000
-19.493671 -2.796610 -0.050000
-19.493671 -2.288136 -0.050000
-19.493671 -1.779661 -0.050000
-19.493671 -1.271186 -0.050000
-19.493671 -0.762712 -0.050000
-19.493671 -0.254237 -0.050000
-19.493671 0.254237 -0.050000
-19.493671 0.762712 -0.050000
-19.493671 1.271186 -0.050000
-19.493671 1.779661 -0.050000
-19.493671 2.288136 -0.050000
-19.493671 2.796610 -0.050000
-19.493671 3.305085 -0.050000
-19.493671 3.813559 -0.050000
-19.493671 4.322034 -0.050000
-19.493671 4.830508 -0.050000
-19.493671 5.338983 -0.050000
-19.493671 5.847458 -0.050000
-19.493671 6.355932 -0.050000
-19.493671 6.864407 -0.050000
-19.493671 7.372881 -0.050000
-19.493671 7.881356 -0.050000
-19.493671 8.389831 -0.050000
-19.493671 8.898305 -0.050000
-19.493671 9.406780 -0.050000
-19.493671 9.915254 -0.050000
-19.493671 10.423729 -0.050000
-19.493671 10.932203 -0.050000
-19.493671 11.440678 -0.050000
-19.493671 11.949153 -0.050000
-19.493671 12.457627 -0.050000
-19.493671 12.966102 -0.050000
-19.493671 13.474576 -0.050000
-19.493671 13.983051 -0.050000
-19.493671 14.491525 -0.050000
-19.493671 15.000000 -0.050000
-18.987342 -15.000000 -0.050000
-18.987342 -14.491525 -0.050000
-18.987342 -13.983051 -0.050000
-18.987342 -13.474576 -0.050000
-18.987342 -12.966102 -0.050000
-18.987342 -12.457627 -0.050000
-18.987342 -11.949153 -0.050000
-18.987342 -11.440678 -0.050000
-18.987342 -10.932203 -0.050000
-18.987342 -10.423729 -0.050000
-18.987342 -9.915254 -0.050000
-18.987342 -9.406780 -0.050000
-18.987342 -8.898305 -0.050000
-18.987342 -8.389831 -0.050000
-18.987342 -7.881356 -0.050000
-18.987342 -7.372881 -0.050000
-18.987342 -6.864407 -0.050000
-18.987342 -6.355932 -0.050000
-18.987342 -5.847458 -0.050000
-18.987342 -5.338983 -0.050000
-18.987342 -4.830508 -0.050000
-18.987342 -4.322034 -0.050000
-18.987342 -3.813559 -0.050000
-18.987342 -3.305085 -0.050000
-18.987342 -2.796610 -0.050000
-18.987342 -2.288136 -0.050000
-18.987342 -1.779661 -0.050000
-18.987342 -1.271186 -0.050000
-18.987342 -0.762712 -0.050000
-18.987342 -0.254237 -0.050000
-18.987342 0.254237 -0.050000
-18.987342 0.762712 -0.050000
-18.987342 1.271186 -0.050000
-18.987342 1.779661 -0.050000
-18.987342 2.288136 -0.050000
-18.987342 2.796610 -0.050000
-18.987342 3.305085 -0.050000
-18.987342 3.813559 -0.050000
-18.987342 4.322034 -0.050000
-18.987342 4.830508 -0.050000
-18.987342 5.338983 -0.050000
-18.987342 5.847458 -0.050000
-18.987342 6.355932 -0.050000
-18.987342 6.864407 -0.050000
-18.987342 7.372881 -0.050000
-18.987342 7.881356 -0.050000
-18.987342 8.389831 -0.050000
-18.987342 8.898305 -0.050000
-18.987342 9.406780 -0.050000
-18.987342 9.915254 -0.050000
-18.987342 10.423729 -0.050000
-18.987342 10.932203 -0.050000
-18.987342 11.440678 -0.050000
-18.987342 11.949153 -0.050000
-18.987342 12.457627 -0.050000
-18.987342 12.966102 -0.050000
-18.987342 13.474576 -0.050000
-18.987342 13.983051 -0.050000
-18.987342 14.491525 -0.050000
-18.987342 15.000000 -0.050000
-18.481013 -15.000000 -0.050000
-18.481013 -14.491525 -0.050000
-18.481013 -13.983051 -0.050000
-18.481013 -13.474576 -0.050000
-18.481013 -12.966102 -0.050000
-18.481013 -12.457627 -0.050000
-18.481013 -11.949153 -0.050000
-18.481013 -11.440678 -0.050000
-18.481013 -10.932203 -0.050000
-18.481013 -10.423729 -0.050000
-18.481013 -9.915254 -0.050000
-18.481013 -9.406780 -0.050000
-18.481013 -8.898305 -0.050000
-18.481013 -8.389831 -0.050000
-18.481013 -7.881356 -0.050000
-18.481013 -7.372881 -0.050000
-18.481013 -6.864407 -0.050000
-18.481013 -6.355932 -0.050000
-18.481013 -5.847458 -0.050000
-18.481013 -5.338983 -0.050000
-18.481013 -4.830508 -0.050000
-18.481013 -4.322034 -0.050000
-18.481013 -3.813559 -0.050000
-18.481013 -3.305085 -0.050000
-18.481013 -2.796610 -0.050000
-18.481013 -2.288136 -0.050000
-18.481013 -1.779661 -0.050000
-18.481013 -1.271186 -0.050000
-18.481013 -0.762712 -0.050000
-18.481013 -0.254237 -0.050000
-18.481013 0.254237 -0.050000
-18.481013 0.762712 -0.050000
-18.481013 1.271186 -0.050000
-18.481013 1.779661 -0.050000
-18.481013 2.288136 -0.050000
-18.481013 2.796610 -0.050000
-18.481013 3.305085 -0.050000
-18.481013 3.813559 -0.050000
-18.481013 4.322034 -0.050000
-18.481013 4.830508 -0.050000
-18.481013 5.338983 -0.050000
-18.481013 5.847458 -0.050000
-18.481013 6.355932 -0.050000
-18.481013 6.864407 -0.050000
-18.481013 7.372881 -0.050000
-18.481013 7.881356 -0.050000
-18.481013 8.389831 -0.050000
-18.481013 8.898305 -0.050000
-18.481013 9.406780 -0.050000
-18.481013 9.915254 -0.050000
-18.481013 10.423729 -0.050000
-18.481013 10.932203 -0.050000
-18.481013 11.440678 -0.050000
-18.481013 11.949153 -0.050000
-18.481013 12.457627 -0.050000
-18.481013 12.966102 -0.050000
-18.481013 13.474576 -0.050000
-18.481013 13.983051 -0.050000
-18.481013 14.491525 -0.050000
-18.481013 15.000000 -0.050000
-17.974684 -15.000000 -0.050000
-17.974684 -14.491525 -0.050000
-17.974684 -13.983051 -0.050000
-17.974684 -13.474576 -0.050000
-17.974684 -12.966102 -0.050000
-17.974684 -12.457627 -0.050000
-17.974684 -11.949153 -0.050000
-17.974684 -11.440678 -0.050000
-17.974684 -10.932203 -0.050000
-17.974684 -10.423729 -0.050000
-17.974684 -9.915254 -0.050000
-17.974684 -9.406780 -0.050000
-17.974684 -8.898305 -0.050000
-17.974684 -8.389831 -0.050000
-17.974684 -7.881356 -0.050000
-17.974684 -7.372881 -0.050000
-17.974684 -6.864407 -0.050000
-17.974684 -6.355932 -0.050000
-17.974684 -5.847458 -0.050000
-17.974684 -5.338983 -0.050000
-17.974684 -4.830508 -0.050000
-17.974684 -4.322034 -0.050000
-17.974684 -3.813559 -0.050000
-17.974684 -3.305085 -0.050000
-17.974684 -2.796610 -0.050000
-17.974684 -2.288136 -0.050000
-17.974684 -1.779661 -0.050000
-17.974684 -1.271186 -0.050000
-17.974684 -0.762712 -0.050000
-17.974684 -0.254237 -0.050000
-17.974684 0.254237 -0.050000
-17.974684 0.762712 -0.050000
-17.974684 1.271186 -0.050000
-17.974684 1.779661 -0.050000
-17.974684 2.288136 -0.050000
-17.974684 2.796610 -0.050000
-17.974684 3.305085 -0.050000
-17.974684 3.813559 -0.050000
-17.974684 4.322034 -0.050000
-17.974684 4.830508 -0.050000
-17.974684 5.338983 -0.050000
-17.974684 5.847458 -0.050000
-17.974684 6.355932 -0.050000
-17.974684 6.864407 -0.050000
-17.974684 7.372881 -0.050000
-17.974684 7.881356 -0.050000
-17.974684 8.389831 -0.050000
-17.974684 8.898305 -0.050000
-17.974684 9.406780 -0.050000
-17.974684 9.915254 -0.050000
-17.974684 10.423729 -0.050000
-17.974684 10.932203 -0.050000
-17.974684 11.440678 -0.050000
-17.974684 11.949153 -0.050000
-17.974684 12.457627 -0.050000
-17.974684 12.966102 -0.050000
-17.974684 13.474576 -0.050000
-17.974684 13.983051 -0.050000
-17.974684 14.491525 -0.050000
-17.974684 15.000000 -0.050000
-17.468354 -15.000000 -0.050000
-17.468354 -14.491525 -0.050000
-17.468354 -13.983051 -0.050000
-17.468354 -13.474576 -0.050000
-17.468354 -12.966102 -0.050000
-17.468354 -12.457627 -0.050000
-17.468354 -11.949153 -0.050000
-17.468354 -11.440678 -0.050000
-17.468354 -10.932203 -0.050000
-17.468354 -10.423729 -0.050000
-17.468354 -9.915254 -0.050000
-17.468354 -9.406780 -0.050000
-17.468354 -8.898305 -0.050000
-17.468354 -8.389831 -0.050000
-17.468354 -7.881356 -0.050000
-17.468354 -7.372881 -0.050000
-17.468354 -6.864407 -0.050000
-17.468354 -6.355932 -0.050000
-17.468354 -5.847458 -0.050000
-17.468354 -5.338983 -0.050000
-17.468354 -4.830508 -0.050000
-17.468354 -4.322034 -0.050000
-17.468354 -3.813559 -0.050000
-17.468354 -3.305085 -0.050000
-17.468354 -2.796610 -0.050000
-17.468354 -2.288136 -0.050000
-17.468354 -1.779661 -0.050000
-17.468354 -1.271186 -0.050000
-17.468354 -0.762712 -0.050000
-17.468354 -0.254237 -0.050000
-17.468354 0.254237 -0.050000
-17.468354 0.762712 -0.050000
-17.468354 1.271186 -0.050000
-17.468354 1.779661 -0.050000
-17.468354 2.288136 -0.050000
-17.468354 2.796610 -0.050000
-17.468354 3.305085 -0.050000
-17.468354 3.813559 -0.050000
-17.468354 4.322034 -0.050000
-17.468354 4.830508 -0.050000
-17.468354 5.338983 -0.050000
-17.468354 5.847458 -0.050000
-17.468354 6.355932 -0.050000
-17.468354 6.864407 -0.050000
-17.468354 7.372881 -0.050000
-17.468354 7.881356 -0.050000
-17.468354 8.389831 -0.050000
-17.468354 8.898305 -0.050000
-17.468354 9.406780 -0.050000
-17.468354 9.915254 -0.050000
-17.468354 10.423729 -0.050000
-17.468354 10.932203 -0.050000
-17.468354 11.440678 -0.050000
-17.468354 11.949153 -0.050000
-17.468354 12.457627 -0.050000
-17.468354 12.966102 -0.050000
-17.468354 13.474576 -0.050000
-17.468354 13.983051 -0.050000
-17.468354 14.491525 -0.050000
-17.468354 15.000000 -0.050000
-16.962025 -15.000000 -0.050000
-16.962025 -14.491525 -0.050000
-16.962025 -13.983051 -0.050000
-16.962025 -13.474576 -0.050000
-16.962025 -12.966102 -0.050000
-16.962025 -12.457627 -0.050000
-16.962025 -11.949153 -0.050000
-16.962025 -11.440678 -0.050000
-16.962025 -10.932203 -0.050000
-16.962025 -10.423729 -0.050000
-16.962025 -9.915254 -0.050000
-16.962025 -9.406780 -0.050000
-16.962025 -8.898305 -0.050000
-16.962025 -8.389831 -0.050000
-16.962025 -7.881356 -0.050000
-16.962025 -7.372881 -0.050000
-16.962025 -6.864407 -0.050000
-16.962025 -6.355932 -0.050000
-16.962025 -5.847458 -0.050000
-16.962025 -5.338983 -0.050000
-16.962025 -4.830508 -0.050000
-16.962025 -4.322034 -0.050000
-16.962025 -3.813559 -0.050000
-16.962025 -3.305085 -0.050000
-16.962025 -2.796610 -0.050000
-16.962025 -2.288136 -0.050000
-16.962025 -1.779661 -0.050000
-16.962025 -1.271186 -0.050000
-16.962025 -0.762712 -0.050000
-16.962025 -0.254237 -0.050000
-16.962025 0.254237 -0.050000
-16.962025 0.762712 -0.050000
-16.962025 1.271186 -0.050000
-16.962025 1.779661 -0.050000
-16.962025 2.288136 -0.050000
-16.962025 2.796610 -0.050000
-16.962025 3.305085 -0.050000
-16.962025 3.813559 -0.050000
-16.962025 4.322034 -0.050000
-16.962025 4.830508 -0.050000
-16.962025 5.338983 -0.050000
-16.962025 5.847458 -0.050000
-16.962025 6.355932 -0.050000
-16.962025 6.864407 -0.050000
-16.962025 7.372881 -0.050000
-16.962025 7.881356 -0.050000
-16.962025 8.389831 -0.050000
-16.962025 8.898305 -0.050000
-16.962025 9.406780 -0.050000
-16.962025 9.915254 -0.050000
-16.962025 10.423729 -0.050000
-16.962025 10.932203 -0.050000
-16.962025 11.440678 -0.050000
-16.962025 11.949153 -0.050000
-16.962025 12.457627 -0.050000
-16.962025 12.966102 -0.050000
-16.962025 13.474576 -0.050000
-16.962025 13.983051 -0.050000
-16.962025 14.491525 -0.050000
-16.962025 15.000000 -0.050000
-16.455696 -15.000000 -0.050000
-16.455696 -14.491525 -0.050000
-16.455696 -13.983051 -0.050000
-16.455696 -13.474576 -0.050000
-16.455696 -12.966102 -0.050000
-16.455696 -12.457627 -0.050000
-16.455696 -11.949153 -0.050000
-16.455696 -11.440678 -0.050000
-16.455696 -10.932203 -0.050000
-16.455696 -10.423729 -0.050000
-16.455696 -9.915254 -0.050000
-16.455696 -9.406780 -0.050000
-16.455696 -8.898305 -0.050000
-16.455696 -8.389831 -0.050000
-16.455696 -7.881356 -0.050000
-16.455696 -7.372881 -0.050000
-16.455696 -6.864407 -0.050000
-16.455696 -6.355932 -0.050000
-16.455696 -5.847458 -0.050000
-16.455696 -5.338983 -0.050000
-16.455696 -4.830508 -0.050000
-16.455696 -4.322034 -0.050000
-16.455696 -3.813559 -0.050000
-16.455696 -3.305085 -0.050000
-16.455696 -2.796610 -0.050000
-16.455696 -2.288136 -0.050000
-16.455696 -1.779661 -0.050000
-16.455696 -1.271186 -0.050000
-16.455696 -0.762712 -0.050000
-16.455696 -0.254237 -0.050000
-16.455696 0.254237 -0.050000
-16.455696 0.762712 -0.050000
-16.455696 1.271186 -0.050000
-16.455696 1.779661 -0.050000
-16.455696 2.288136 -0.050000
-16.455696 2.796610 -0.050000
-16.455696 3.305085 -0.050000
-16.455696 3.813559 -0.050000
-16.455696 4.322034 -0.050000
-16.455696 4.830508 -0.050000
-16.455696 5.338983 -0.050000
-16.455696 5.847458 -0.050000
-16.455696 6.355932 -0.050000
-16.455696 6.864407 -0.050000
-16.455696 7.372881 -0.050000
-16.455696 7.881356 -0.050000
-16.455696 8.389831 -0.050000
-16.455696 8.898305 -0.050000
-16.455696 9.406780 -0.050000
-16.455696 9.915254 -0.050000
-16.455696 10.423729 -0.050000
-16.455696 10.932203 -0.050000
-16.455696 11.440678 -0.050000
-16.455696 11.949153 -0.050000
-16.455696 12.457627 -0.050000
-16.455696 12.966102 -0.050000
-16.455696 13.474576 -0.050000
-16.455696 13.983051 -0.050000
-16.455696 14.491525 -0.050000
-16.455696 15.000000 -0.050000
-15.949367 -15.000000 -0.050000
-15.949367 -14.491525 -0.050000
-15.949367 -13.983051 -0.050000
-15.949367 -13.474576 -0.050000
-15.949367 -12.966102 -0.050000
-15.949367 -12.457627 -0.050000
-15.949367 -11.949153 -0.050000
-15.949367 -11.440678 -0.050000
-15.949367 -10.932203 -0.050000
-15.949367 -10.423729 -0.050000
-15.949367 -9.915254 -0.050000
-15.949367 -9.406780 -0.050000
-15.949367 -8.898305 -0.050000
-15.949367 -8.389831 -0.050000
-15.949367 -7.881356 -0.050000
-15.949367 -7.372881 -0.050000
-15.949367 -6.864407 -0.050000
-15.949367 -6.355932 -0.050000
-15.949367 -5.847458 -0.050000
-15.949367 -5.338983 -0.050000
-15.949367 -4.830508 -0.050000
-15.949367 -4.322034 -0.050000
-15.949367 -3.813559 -0.050000
-15.949367 -3.305085 -0.050000
-15.949367 -2.796610 -0.050000
-15.949367 -2.288136 -0.050000
-15.949367 -1.779661 -0.050000
-15.949367 -1.271186 -0.050000
-15.949367 -0.762712 -0.050000
-15.949367 -0.254237 -0.050000
-15.949367 0.254237 -0.050000
-15.949367 0.762712 -0.050000
-15.949367 1.271186 -0.050000
-15.949367 1.779661 -0.050000
-15.949367 2.288136 -0.050000
-15.949367 2.796610 -0.050000
-15.949367 3.305085 -0.050000
-15.949367 3.813559 -0.050000
-15.949367 4.322034 -0.050000
-15.949367 4.830508 -0.050000
-15.949367 5.338983 -0.050000
-15.949367 5.847458 -0.050000
-15.949367 6.355932 -0.050000
-15.949367 6.864407 -0.050000
-15.949367 7.372881 -0.050000
-15.949367 7.881356 -0.050000
-15.949367 8.389831 -0.050000
-15.949367 8.898305 -0.050000
-15.949367 9.406780 -0.050000
-15.949367 9.915254 -0.050000
-15.949367 10.423729 -0.050000
-15.949367 10.932203 -0.050000
-15.949367 11.440678 -0.050000
-15.949367 11.949153 -0.050000
-15.949367 12.457627 -0.050000
-15.949367 12.966102 -0.050000
-15.949367 13.474576 -0.050000
-15.949367 13.983051 -0.050000
-15.949367 14.491525 -0.050000
-15.949367 15.000000 -0.050000
-15.443038 -15.000000 -0.050000
-15.443038 -14.491525 -0.050000
-15.443038 -13.983051 -0.050000
-15.443038 -13.474576 -0.050000
-15.443038 -12.966102 -0.050000
-15.443038 -12.457627 -0.050000
-15.443038 -11.949153 -0.050000
-15.443038 -11.440678 -0.050000
-15.443038 -10.932203 -0.050000
-15.443038 -10.423729 -0.050000
-15.443038 -9.915254 -0.050000
-15.443038 -9.406780 -0.050000
-15.443038 -8.898305 -0.050000
-15.443038 -8.389831 -0.050000
-15.443038 -7.881356 -0.050000
-15.443038 -7.372881 -0.050000
-15.443038 -6.864407 -0.050000
-15.443038 -6.355932 -0.050000
-15.443038 -5.847458 -0.050000
-15.443038 -5.338983 -0.050000
-15.443038 -4.830508 -0.050000
-15.443038 -4.322034 -0.050000
-15.443038 -3.813559 -0.050000
-15.443038 -3.305085 -0.050000
-15.443038 -2.796610 -0.050000
-15.443038 -2.288136 -0.050000
-15.443038 -1.779661 -0.050000
-15.443038 -1.271186 -0.050000
-15.443038 -0.762712 -0.050000
-15.443038 -0.254237 -0.050000
-15.443038 0.254237 -0.050000
-15.443038 0.762712 -0.050000
-15.443038 1.271186 -0.050000
-15.443038 1.779661 -0.050000
-15.443038 2.288136 -0.050000
-15.443038 2.796610 -0.050000
-15.443038 3.305085 -0.050000
-15.443038 3.813559 -0.050000
-15.443038 4.322034 -0.050000
-15.443038 4.830508 -0.050000
-15.443038 5.338983 -0.050000
-15.443038 5.847458 -0.050000
-15.443038 6.355932 -0.050000
-15.443038 6.864407 -0.050000
-15.443038 7.372881 -0.050000
-15.443038 7.881356 -0.050000
-15.443038 8.389831 -0.050000
-15.443038 8.898305 -0.050000
-15.443038 9.406780 -0.050000
-15.443038 9.915254 -0.050000
-15.443038 10.423729 -0.050000
-15.443038 10.932203 -0.050000
-15.443038 11.440678 -0.050000
-15.443038 11.949153 -0.050000
-15.443038 12.457627 -0.050000
-15.443038 12.966102 -0.050000
-15.443038 13.474576 -0.050000
-15.443038 13.983051 -0.050000
-15.443038 14.491525 -0.050000
-15.443038 15.000000 -0.050000
-14.936709 -15.000000 -0.050000
-14.936709 -14.491525 -0.050000
-14.936709 -13.983051 -0.050000
-14.936709 -13.474576 -0.050000
-14.936709 -12.966102 -0.050000
-14.936709 -12.457627 -0.050000
-14.936709 -11.949153 -0.050000
-14.936709 -11.440678 -0.050000
-14.936709 -10.932203 -0.050000
-14.936709 -10.423729 -0.050000
-14.936709 -9.915254 -0.050000
-14.936709 -9.406780 -0.050000
-14.936709 -8.898305 -0.050000
-14.936709 -8.389831 -0.050000
-14.936709 -7.881356 -0.050000
-14.936709 -7.372881 -0.050000
-14.936709 -6.864407 -0.050000
-14.936709 -6.355932 -0.050000
-14.936709 -5.847458 -0.050000
-14.936709 -5.338983 -0.050000
-14.936709 -4.830508 -0.050000
-14.936709 -4.322034 -0.050000
-14.936709 -3.813559 -0.050000
-14.936709 -3.305085 -0.050000
-14.936709 -2.796610 -0.050000
-14.936709 -2.288136 -0.050000
-14.936709 -1.779661 -0.050000
-14.936709 -1.271186 -0.050000
-14.936709 -0.762712 -0.050000
-14.936709 -0.254237 -0.050000
-14.936709 0.254237 -0.050000
-14.936709 0.762712 -0.050000
-14.936709 1.271186 -0.050000
-14.936709 1.779661 -0.050000
-14.936709 2.288136 -0.050000
-14.936709 2.796610 -0.050000
-14.936709 3.305085 -0.050000
-14.936709 3.813559 -0.050000
-14.936709 4.322034 -0.050000
-14.936709 4.830508 -0.050000
-14.936709 5.338983 -0.050000
-14.936709 5.847458 -0.050000
-14.936709 6.355932 -0.050000
-14.936709 6.864407 -0.050000
-14.936709 7.372881 -0.050000
-14.936709 7.881356 -0.050000
-14.936709 8.389831 -0.050000
-14.936709 8.898305 -0.050000
-14.936709 9.406780 -0.050000
-14.936709 9.915254 -0.050000
-14.936709 10.423729 -0.050000
-14.936709 10.932203 -0.050000
-14.936709 11.440678 -0.050000
-14.936709 11.949153 -0.050000
-14.936709 12.457627 -0.050000
-14.936709 12.966102 -0.050000
-14.936709 13.474576 -0.050000
-14.936709 13.983051 -0.050000
-14.936709 14.491525 -0.050000
-14.936709 15.000000 -0.050000
-14.430380 -15.000000 -0.050000
-14.430380 -14.491525 -0.050000
-14.430380 -13.983051 -0.050000
-14.430380 -13.474576 -0.050000
-14.430380 -12.966102 -0.050000
-14.430380 -12.457627 -0.050000
-14.430380 -11.949153 -0.050000
-14.430380 -11.440678 -0.050000
-14.430380 -10.932203 -0.050000
-14.430380 -10.423729 -0.050000
-14.430380 -9.915254 -0.050000
-14.430380 -9.406780 -0.050000
-14.430380 -8.898305 -0.050000
-14.430380 -8.389831 -0.050000
-14.430380 -7.881356 -0.050000
-14.430380 -7.372881 -0.050000
-14.430380 -6.864407 -0.050000
-14.430380 -6.355932 -0.050000
-14.430380 -5.847458 -0.050000
-14.430380 -5.338983 -0.050000
-14.430380 -4.830508 -0.050000
-14.430380 -4.322034 -0.050000
-14.430380 -3.813559 -0.050000
-14.430380 -3.305085 -0.050000
-14.430380 -2.796610 -0.050000
-14.430380 -2.288136 -0.050000
-14.430380 -1.779661 -0.050000
-14.430380 -1.271186 -0.050000
-14.430380 -0.762712 -0.050000
-14.430380 -0.254237 -0.050000
-14.430380 0.254237 -0.050000
-14.430380 0.762712 -0.050000
-14.430380 1.271186 -0.050000
-14.430380 1.779661 -0.050000
-14.430380 2.288136 -0.050000
-14.430380 2.796610 -0.050000
-14.430380 3.305085 -0.050000
-14.430380 3.813559 -0.050000
-14.430380 4.322034 -0.050000
-14.430380 4.830508 -0.050000
-14.430380 5.338983 -0.050000
-14.430380 5.847458 -0.050000
-14.430380 6.355932 -0.050000
-14.430380 6.864407 -0.050000
-14.430380 7.372881 -0.050000
-14.430380 7.881356 -0.050000
-14.430380 8.389831 -0.050000
-14.430380 8.898305 -0.050000
-14.430380 9.406780 -0.050000
-14.430380 9.915254 -0.050000
-14.430380 10.423729 -0.050000
-14.430380 10.932203 -0.050000
-14.430380 11.440678 -0.050000
-14.430380 11.949153 -0.050000
-14.430380 12.457627 -0.050000
-14.430380 12.966102 -0.050000
-14.430380 13.474576 -0.050000
-14.430380 13.983051 -0.050000
-14.430380 14.491525 -0.050000
-14.430380 15.000000 -0.050000
-13.924051 -15.000000 -0.050000
-13.924051 -14.491525 -0.050000
-13.924051 -13.983051 -0.050000
-13.924051 -13.474576 -0.050000
-13.924051 -12.966102 -0.050000
-13.924051 -12.457627 -0.050000
-13.924051 -11.949153 -0.050000
-13.924051 -11.440678 -0.050000
-13.924051 -10.932203 -0.050000
-13.924051 -10.423729 -0.050000
-13.924051 -9.915254 -0.050000
-13.924051 -9.406780 -0.050000
-13.924051 -8.898305 -0.050000
-13.924051 -8.389831 -0.050000
-13.924051 -7.881356 -0.050000
-13.924051 -7.372881 -0.050000
-13.924051 -6.864407 -0.050000
-13.924051 -6.355932 -0.050000
-13.924051 -5.847458 -0.050000
-13.924051 -5.338983 -0.050000
-13.924051 -4.830508 -0.050000
-13.924051 -4.322034 -0.050000
-13.924051 -3.813559 -0.050000
-13.924051 -3.305085 -0.050000
-13.924051 -2.796610 -0.050000
-13.924051 -2.288136 -0.050000
-13.924051 -1.779661 -0.050000
-13.924051 -1.271186 -0.050000
-13.924051 -0.762712 -0.050000
-13.924051 -0.254237 -0.050000
-13.924051 0.254237 -0.050000
-13.924051 0.762712 -0.050000
-13.924051 1.271186 -0.050000
-13.924051 1.779661 -0.050000
-13.924051 2.288136 -0.050000
-13.924051 2.796610 -0.050000
-13.924051 3.305085 -0.050000
-13.924051 3.813559 -0.050000
-13.924051 4.322034 -0.050000
-13.924051 4.830508 -0.050000
-13.924051 5.338983 -0.050000
-13.924051 5.847458 -0.050000
-13.924051 6.355932 -0.050000
-13.924051 6.864407 -0.050000
-13.924051 7.372881 -0.050000
-13.924051 7.881356 -0.050000
-13.924051 8.389831 -0.050000
-13.924051 8.898305 -0.050000
-13.924051 9.406780 -0.050000
-13.924051 9.915254 -0.050000
-13.924051 10.423729 -0.050000
-13.924051 10.932203 -0.050000
-13.924051 11.440678 -0.050000
-13.924051 11.949153 -0.050000
-13.924051 12.457627 -0.050000
-13.924051 12.966102 -0.050000
-13.924051 13.474576 -0.050000
-13.924051 13.983051 -0.050000
-13.924051 14.491525 -0.050000
-13.924051 15.000000 -0.050000
-13.417722 -15.000000 -0.050000
-13.417722 -14.491525 -0.050000
-13.417722 -13.983051 -0.050000
-13.417722 -13.474576 -0.050000
-13.417722 -12.966102 -0.050000
-13.417722 -12.457627 -0.050000
-13.417722 -11.949153 -0.050000
-13.417722 -11.440678 -0.050000
-13.417722 -10.932203 -0.050000
-13.417722 -10.423729 -0.050000
-13.417722 -9.915254 -0.050000
-13.417722 -9.406780 -0.050000
-13.417722 -8.898305 -0.050000
-13.417722 -8.389831 -0.050000
-13.417722 -7.881356 -0.050000
-13.417722 -7.372881 -0.050000
-13.417722 -6.864407 -0.050000
-13.417722 -6.355932 -0.050000
-13.417722 -5.847458 -0.050000
-13.417722 -5.338983 -0.050000
-13.417722 -4.830508 -0.050000
-13.417722 -4.322034 -0.050000
-13.417722 -3.813559 -0.050000
-13.417722 -3.305085 -0.050000
-13.417722 -2.796610 -0.050000
-13.417722 -2.288136 -0.050000
-13.417722 -1.779661 -0.050000
-13.417722 -1.271186 -0.050000
-13.417722 -0.762712 -0.050000
-13.417722 -0.254237 -0.050000
-13.417722 0.254237 -0.050000
-13.417722 0.762712 -0.050000
-13.417722 1.271186 -0.050000
-13.417722 1.779661 -0.050000
-13.417722 2.288136 -0.050000
-13.417722 2.796610 -0.050000
-13.417722 3.305085 -0.050000
-13.417722 3.813559 -0.050000
-13.417722 4.322034 -0.050000
-13.417722 4.830508 -0.050000
-13.417722 5.338983 -0.050000
-13.417722 5.847458 -0.050000
-13.417722 6.355932 -0.050000
-13.417722 6.864407 -0.050000
-13.417722 7.372881 -0.050000
-13.417722 7.881356 -0.050000
-13.417722 8.389831 -0.050000
-13.417722 8.898305 -0.050000
-13.417722 9.406780 -0.050000
-13.417722 9.915254 -0.050000
-13.417722 10.423729 -0.050000
-13.417722 10.932203 -0.050000
-13.417722 11.440678 -0.050000
-13.417722 11.949153 -0.050000
-13.417722 12.457627 -0.050000
-13.417722 12.966102 -0.050000
-13.417722 13.474576 -0.050000
-13.417722 13.983051 -0.050000
-13.417722 14.491525 -0.050000
-13.417722 15.000000 -0.050000
-12.911392 -15.000000 -0.050000
-12.911392 -14.491525 -0.050000
-12.911392 -13.983051 -0.050000
-12.911392 -13.474576 -0.050000
-12.911392 -12.966102 -0.050000
-12.911392 -12.457627 -0.050000
-12.911392 -11.949153 -0.050000
-12.911392 -11.440678 -0.050000
-12.911392 -10.932203 -0.050000
-12.911392 -10.423729 -0.050000
-12.911392 -9.915254 -0.050000
-12.911392 -9.406780 -0.050000
-12.911392 -8.898305 -0.050000
-12.911392 -8.389831 -0.050000
-12.911392 -7.881356 -0.050000
-12.911392 -7.372881 -0.050000
-12.911392 -6.864407 -0.050000
-12.911392 -6.355932 -0.050000
-12.911392 -5.847458 -0.050000
-12.911392 -5.338983 -0.050000
-12.911392 -4.830508 -0.050000
-12.911392 -4.322034 -0.050000
-12.911392 -3.813559 -0.050000
-12.911392 -3.305085 -0.050000
-12.911392 -2.796610 -0.050000
-12.911392 -2.288136 -0.050000
-12.911392 -1.779661 -0.050000
-12.911392 -1.271186 -0.050000
-12.911392 -0.762712 -0.050000
-12.911392 -0.254237 -0.050000
-12.911392 0.254237 -0.050000
-12.911392 0.762712 -0.050000
-12.911392 1.271186 -0.050000
-12.911392 1.779661 -0.050000
-12.911392 2.288136 -0.050000
-12.911392 2.796610 -0.050000
-12.911392 3.305085 -0.050000
-12.911392 3.813559 -0.050000
-12.911392 4.322034 -0.050000
-12.911392 4.830508 -0.050000
-12.911392 5.338983 -0.050000
-12.911392 5.847458 -0.050000
-12.911392 6.355932 -0.050000
-12.911392 6.864407 -0.050000
-12.911392 7.372881 -0.050000
-12.911392 7.881356 -0.050000
-12.911392 8.389831 -0.050000
-12.911392 8.898305 -0.050000
-12.911392 9.406780 -0.050000
-12.911392 9.915254 -0.050000
-12.911392 10.423729 -0.050000
-12.911392 10.932203 -0.050000
-12.911392 11.440678 -0.050000
-12.911392 11.949153 -0.050000
-12.911392 12.457627 -0.050000
-12.911392 12.966102 -0.050000
-12.911392 13.474576 -0.050000
-12.911392 13.983051 -0.050000
-12.911392 14.491525 -0.050000
-12.911392 15.000000 -0.050000
-12.405063 -15.000000 -0.050000
-12.405063 -14.491525 -0.050000
-12.405063 -13.983051 -0.050000
-12.405063 -13.474576 -0.050000
-12.405063 -12.966102 -0.050000
-12.405063 -12.457627 -0.050000
-12.405063 -11.949153 -0.050000
-12.405063 -11.440678 -0.050000
-12.405063 -10.932203 -0.050000
-12.405063 -10.423729 -0.050000
-12.405063 -9.915254 -0.050000
-12.405063 -9.406780 -0.050000
-12.405063 -8.898305 -0.050000
-12.405063 -8.389831 -0.050000
-12.405063 -7.881356 -0.050000
-12.405063 -7.372881 -0.050000
-12.405063 -6.864407 -0.050000
-12.405063 -6.355932 -0.050000
-12.405063 -5.847458 -0.050000
-12.405063 -5.338983 -0.050000
-12.405063 -4.830508 -0.050000
-12.405063 -4.322034 -0.050000
-12.405063 -3.813559 -0.050000
-12.405063 -3.305085 -0.050000
-12.405063 -2.796610 -0.050000
-12.405063 -2.288136 -0.050000
-12.405063 -1.779661 -0.050000
-12.405063 -1.271186 -0.050000
-12.405063 -0.762712 -0.050000
-12.405063 -0.254237 -0.050000
-12.405063 0.254237 -0.050000
-12.405063 0.762712 -0.050000
-12.405063 1.271186 -0.050000
-12.405063 1.779661 -0.050000
-12.405063 2.288136 -0.050000
-12.405063 2.796610 -0.050000
-12.405063 3.305085 -0.050000
-12.405063 3.813559 -0.050000
-12.405063 4.322034 -0.050000
-12.405063 4.830508 -0.050000
-12.405063 5.338983 -0.050000
-12.405063 5.847458 -0.050000
-12.405063 6.355932 -0.050000
-12.405063 6.864407 -0.050000
-12.405063 7.372881 -0.050000
-12.405063 7.881356 -0.050000
-12.405063 8.389831 -0.050000
-12.405063 8.898305 -0.050000
-12.405063 9.406780 -0.050000
-12.405063 9.915254 -0.050000
-12.405063 10.423729 -0.050000
-12.405063 10.932203 -0.050000
-12.405063 11.440678 -0.050000
-12.405063 11.949153 -0.050000
-12.405063 12.457627 -0.050000
-12.405063 12.966102 -0.050000
-12.405063 13.474576 -0.050000
-12.405063 13.983051 -0.050000
-12.405063 14.491525 -0.050000
-12.405063 15.000000 -0.050000
-11.898734 -15.000000 -0.050000
-11.898734 -14.491525 -0.050000
-11.898734 -13.983051 -0.050000
-11.898734 -13.474576 -0.050000
-11.898734 -12.966102 -0.050000
-11.898734 -12.457627 -0.050000
-11.898734 -11.949153 -0.050000
-11.898734 -11.440678 -0.050000
-11.898734 -10.932203 -0.050000
-11.898734 -10.423729 -0.050000
-11.898734 -9.915254 -0.050000
-11.898734 -9.406780 -0.050000
-11.898734 -8.898305 -0.050000
-11.898734 -8.389831 -0.050000
-11.898734 -7.881356 -0.050000
-11.898734 -7.372881 -0.050000
-11.898734 -6.864407 -0.050000
-11.898734 -6.355932 -0.050000
-11.898734 -5.847458 -0.050000
-11.898734 -5.338983 -0.050000
-11.898734 -4.830508 -0.050000
-11.898734 -4.322034 -0.050000
-11.898734 -3.813559 -0.050000
-11.898734 -3.305085 -0.050000
-11.898734 -2.796610 -0.050000
-11.898734 -2.288136 -0.050000
-11.898734 -1.779661 -0.050000
-11.898734 -1.271186 -0.050000
-11.898734 -0.762712 -0.050000
-11.898734 -0.254237 -0.050000
-11.898734 0.254237 -0.050000
-11.898734 0.762712 -0.050000
-11.898734 1.271186 -0.050000
-11.898734 1.779661 -0.050000
-11.898734 2.288136 -0.050000
-11.898734 2.796610 -0.050000
-11.898734 3.305085 -0.050000
-11.898734 3.813559 -0.050000
-11.898734 4.322034 -0.050000
-11.898734 4.830508 -0.050000
-11.898734 5.338983 -0.050000
-11.898734 5.847458 -0.050000
-11.898734 6.355932 -0.050000
-11.898734 6.864407 -0.050000
-11.898734 7.372881 -0.050000
-11.898734 7.881356 -0.050000
-11.898734 8.389831 -0.050000
-11.898734 8.898305 -0.050000
-11.898734 9.406780 -0.050000
-11.898734 9.915254 -0.050000
-11.898734 10.423729 -0.050000
-11.898734 10.932203 -0.050000
-11.898734 11.440678 -0.050000
-11.898734 11.949153 -0.050000
-11.898734 12.457627 -0.050000
-11.898734 12.966102 -0.050000
-11.898734 13.474576 -0.050000
-11.898734 13.983051 -0.050000
-11.898734 14.491525 -0.050000
-11.898734 15.000000 -0.050000
-11.392405 -15.000000 -0.050000
-11.392405 -14.491525 -0.050000
-11.392405 -13.983051 -0.050000
-11.392405 -13.474576 -0.050000
-11.392405 -12.966102 -0.050000
-11.392405 -12.457627 -0.050000
-11.392405 -11.949153 -0.050000
-11.392405 -11.440678 -0.050000
-11.392405 -10.932203 -0.050000
-11.392405 -10.423729 -0.050000
-11.392405 -9.915254 -0.050000
-11.392405 -9.406780 -0.050000
-11.392405 -8.898305 -0.050000
-11.392405 -8.389831 -0.050000
-11.392405 -7.881356 -0.050000
-11.392405 -7.372881 -0.050000
-11.392405 -6.864407 -0.050000
-11.392405 -6.355932 -0.050000
-11.392405 -5.847458 -0.050000
-11.392405 -5.338983 -0.050000
-11.392405 -4.830508 -0.050000
-11.392405 -4.322034 -0.050000
-11.392405 -3.813559 -0.050000
-11.392405 -3.305085 -0.050000
-11.392405 -2.796610 -0.050000
-11.392405 -2.288136 -0.050000
-11.392405 -1.779661 -0.050000
-11.392405 -1.271186 -0.050000
-11.392405 -0.762712 -0.050000
-11.392405 -0.254237 -0.050000
-11.392405 0.254237 -0.050000
-11.392405 0.762712 -0.050000
-11.392405 1.271186 -0.050000
-11.392405 1.779661 -0.050000
-11.392405 2.288136 -0.050000
-11.392405 2.796610 -0.050000
-11.392405 3.305085 -0.050000
-11.392405 3.813559 -0.050000
-11.392405 4.322034 -0.050000
-11.392405 4.830508 -0.050000
-11.392405 5.338983 -0.050000
-11.392405 5.847458 -0.050000
-11.392405 6.355932 -0.050000
-11.392405 6.864407 -0.050000
-11.392405 7.372881 -0.050000
-11.392405 7.881356 -0.050000
-11.392405 8.389831 -0.050000
-11.392405 8.898305 -0.050000
-11.392405 9.406780 -0.050000
-11.392405 9.915254 -0.050000
-11.392405 10.423729 -0.050000
-11.392405 10.932203 -0.050000
-11.392405 11.440678 -0.050000
-11.392405 11.949153 -0.050000
-11.392405 12.457627 -0.050000
-11.392405 12.966102 -0.050000
-11.392405 13.474576 -0.050000
-11.392405 13.983051 -0.050000
-11.392405 14.491525 -0.050000
-11.392405 15.000000 -0.050000
-10.886076 -15.000000 -0.050000
-10.886076 -14.491525 -0.050000
-10.886076 -13.983051 -0.050000
-10.886076 -13.474576 -0.050000
-10.886076 -12.966102 -0.050000
-10.886076 -12.457627 -0.050000
-10.886076 -11.949153 -0.050000
-10.886076 -11.440678 -0.050000
-10.886076 -10.932203 -0.050000
-10.886076 -10.423729 -0.050000
-10.886076 -9.915254 -0.050000
-10.886076 -9.406780 -0.050000
-10.886076 -8.898305 -0.050000
-10.886076 -8.389831 -0.050000
-10.886076 -7.881356 -0.050000
-10.886076 -7.372881 -0.050000
-10.886076 -6.864407 -0.050000
-10.886076 -6.355932 -0.050000
-10.886076 -5.847458 -0.050000
-10.886076 -5.338983 -0.050000
-10.886076 -4.830508 -0.050000
-10.886076 -4.322034 -0.050000
-10.886076 -3.813559 -0.050000
-10.886076 -3.305085 -0.050000
-10.886076 -2.796610 -0.050000
-10.886076 -2.288136 -0.050000
-10.886076 -1.779661 -0.050000
-10.886076 -1.271186 -0.050000
-10.886076 -0.762712 -0.050000
-10.886076 -0.254237 -0.050000
-10.886076 0.254237 -0.050000
-10.886076 0.762712 -0.050000
-10.886076 1.271186 -0.050000
-10.886076 1.779661 -0.050000
-10.886076 2.288136 -0.050000
-10.886076 2.796610 -0.050000
-10.886076 3.305085 -0.050000
-10.886076 3.813559 -0.050000
-10.886076 4.322034 -0.050000
-10.886076 4.830508 -0.050000
-10.886076 5.338983 -0.050000
-10.886076 5.847458 -0.050000
-10.886076 6.355932 -0.050000
-10.886076 6.864407 -0.050000
-10.886076 7.372881 -0.050000
-10.886076 7.881356 -0.050000
-10.886076 8.389831 -0.050000
-10.886076 8.898305 -0.050000
-10.886076 9.406780 -0.050000
-10.886076 9.915254 -0.050000
-10.886076 10.423729 -0.050000
-10.886076 10.932203 -0.050000
-10.886076 11.440678 -0.050000
-10.886076 11.949153 -0.050000
-10.886076 12.457627 -0.050000
-10.886076 12.966102 -0.050000
-10.886076 13.474576 -0.050000
-10.886076 13.983051 -0.050000
-10.886076 14.491525 -0.050000
-10.886076 15.000000 -0.050000
-10.379747 -15.000000 -0.050000
-10.379747 -14.491525 -0.050000
-10.379747 -13.983051 -0.050000
-10.379747 -13.474576 -0.050000
-10.379747 -12.966102 -0.050000
-10.379747 -12.457627 -0.050000
-10.379747 -11.949153 -0.050000
-10.379747 -11.440678 -0.050000
-10.379747 -10.932203 -0.050000
-10.379747 -10.423729 -0.050000
-10.379747 -9.915254 -0.050000
-10.379747 -9.406780 -0.050000
-10.379747 -8.898305 -0.050000
-10.379747 -8.389831 -0.050000
-10.379747 -7.881356 -0.050000
-10.379747 -7.372881 -0.050000
-10.379747 -6.864407 -0.050000
-10.379747 -6.355932 -0.050000
-10.379747 -5.847458 -0.050000
-10.379747 -5.338983 -0.050000
-10.379747 -4.830508 -0.050000
-10.379747 -4.322034 -0.050000
-10.379747 -3.813559 -0.050000
-10.379747 -3.305085 -0.050000
-10.379747 -2.796610 -0.050000
-10.379747 -2.288136 -0.050000
-10.379747 -1.779661 -0.050000
-10.379747 -1.271186 -0.050000
-10.379747 -0.762712 -0.050000
-10.379747 -0.254237 -0.050000
-10.379747 0.254237 -0.050000
-10.379747 0.762712 -0.050000
-10.379747 1.271186 -0.050000
-10.379747 1.779661 -0.050000
-10.379747 2.288136 -0.050000
-10.379747 2.796610 -0.050000
-10.379747 3.305085 -0.050000
-10.379747 3.813559 -0.050000
-10.379747 4.322034 -0.050000
-10.379747 4.830508 -0.050000
-10.379747 5.338983 -0.050000
-10.379747 5.847458 -0.050000
-10.379747 6.355932 -0.050000
-10.379747 6.864407 -0.050000
-10.379747 7.372881 -0.050000
-10.379747 7.881356 -0.050000
-10.379747 8.389831 -0.050000
-10.379747 8.898305 -0.050000
-10.379747 9.406780 -0.050000
-10.379747 9.915254 -0.050000
-10.379747 10.423729 -0.050000
-10.379747 10.932203 -0.050000
-10.379747 11.440678 -0.050000
-10.379747 11.949153 -0.050000
-10.379747 12.457627 -0.050000
-10.379747 12.966102 -0.050000
-10.379747 13.474576 -0.050000
-10.379747 13.983051 -0.050000
-10.379747 14.491525 -0.050000
-10.379747 15.000000 -0.050000
-9.873418 -15.000000 -0.050000
-9.873418 -14.491525 -0.050000
-9.873418 -13.983051 -0.050000
-9.873418 -13.474576 -0.050000
-9.873418 -12.966102 -0.050000
-9.873418 -12.457627 -0.050000
-9.873418 -11.949153 -0.050000
-9.873418 -11.440678 -0.050000
-9.873418 -10.932203 -0.050000
-9.873418 -10.423729 -0.050000
-9.873418 -9.915254 -0.050000
-9.873418 -9.406780 -0.050000
-9.873418 -8.898305 -0.050000
-9.873418 -8.389831 -0.050000
-9.873418 -7.881356 -0.050000
-9.873418 -7.372881 -0.050000
-9.873418 -6.864407 -0.050000
-9.873418 -6.355932 -0.050000
-9.873418 -5.847458 -0.050000
-9.873418 -5.338983 -0.050000
-9.873418 -4.830508 -0.050000
-9.873418 -4.322034 -0.050000
-9.873418 -3.813559 -0.050000
-9.873418 -3.305085 -0.050000
-9.873418 -2.796610 -0.050000
-9.873418 -2.288136 -0.050000
-9.873418 -1.779661 -0.050000
-9.873418 -1.271186 -0.050000
-9.873418 -0.762712 -0.050000
-9.873418 -0.254237 -0.050000
-9.873418 0.254237 -0.050000
-9.873418 0.762712 -0.050000
-9.873418 1.271186 -0.050000
-9.873418 1.779661 -0.050000
-9.873418 2.288136 -0.050000
-9.873418 2.796610 -0.050000
-9.873418 3.305085 -0.050000
-9.873418 3.813559 -0.050000
-9.873418 4.322034 -0.050000
-9.873418 4.830508 -0.050000
-9.873418 5.338983 -0.050000
-9.873418 5.847458 -0.050000
-9.873418 6.355932 -0.050000
-9.873418 6.864407 -0.050000
-9.873418 7.372881 -0.050000
-9.873418 7.881356 -0.050000
-9.873418 8.389831 -0.050000
-9.873418 8.898305 -0.050000
-9.873418 9.406780 -0.050000
-9.873418 9.915254 -0.050000
-9.873418 10.423729 -0.050000
-9.873418 10.932203 -0.050000
-9.873418 11.440678 -0.050000
-9.873418 11.949153 -0.050000
-9.873418 12.457627 -0.050000
-9.873418 12.966102 -0.050000
-9.873418 13.474576 -0.050000
-9.873418 13.983051 -0.050000
-9.873418 14.491525 -0.050000
-9.873418 15.000000 -0.050000
-9.367089 -15.000000 -0.050000
-9.367089 -14.491525 -0.050000
-9.367089 -13.983051 -0.050000
-9.367089 -13.474576 -0.050000
-9.367089 -12.966102 -0.050000
-9.367089 -12.457627 -0.050000
-9.367089 -11.949153 -0.050000
-9.367089 -11.440678 -0.050000
-9.367089 -10.932203 -0.050000
-9.367089 -10.423729 -0.050000
-9.367089 -9.915254 -0.050000
-9.367089 -9.406780 -0.050000
-9.367089 -8.898305 -0.050000
-9.367089 -8.389831 -0.050000
-9.367089 -7.881356 -0.050000
-9.367089 -7.372881 -0.050000
-9.367089 -6.864407 -0.050000
-9.367089 -6.355932 -0.050000
-9.367089 -5.847458 -0.050000
-9.367089 -5.338983 -0.050000
-9.367089 -4.830508 -0.050000
-9.367089 -4.322034 -0.050000
-9.367089 -3.813559 -0.050000
-9.367089 -3.305085 -0.050000
-9.367089 -2.796610 -0.050000
-9.367089 -2.288136 -0.050000
-9.367089 -1.779661 -0.050000
-9.367089 -1.271186 -0.050000
-9.367089 -0.762712 -0.050000
-9.367089 -0.254237 -0.050000
-9.367089 0.254237 -0.050000
-9.367089 0.762712 -0.050000
-9.367089 1.271186 -0.050000
-9.367089 1.779661 -0.050000
-9.367089 2.288136 -0.050000
-9.367089 2.796610 -0.050000
-9.367089 3.305085 -0.050000
-9.367089 3.813559 -0.050000
-9.367089 4.322034 -0.050000
-9.367089 4.830508 -0.050000
-9.367089 5.338983 -0.050000
-9.367089 5.847458 -0.050000
-9.367089 6.355932 -0.050000
-9.367089 6.864407 -0.050000
-9.367089 7.372881 -0.050000
-9.367089 7.881356 -0.050000
-9.367089 8.389831 -0.050000
-9.367089 8.898305 -0.050000
-9.367089 9.406780 -0.050000
-9.367089 9.915254 -0.050000
-9.367089 10.423729 -0.050000
-9.367089 10.932203 -0.050000
-9.367089 11.440678 -0.050000
-9.367089 11.949153 -0.050000
-9.367089 12.457627 -0.050000
-9.367089 12.966102 -0.050000
-9.367089 13.474576 -0.050000
-9.367089 13.983051 -0.050000
-9.367089 14.491525 -0.050000
-9.367089 15.000000 -0.050000
-8.860759 -15.000000 -0.050000
-8.860759 -14.491525 -0.050000
-8.860759 -13.983051 -0.050000
-8.860759 -13.474576 -0.050000
-8.860759 -12.966102 -0.050000
-8.860759 -12.457627 -0.050000
-8.860759 -11.949153 -0.050000
-8.860759 -11.440678 -0.050000
-8.860759 -10.932203 -0.050000
-8.860759 -10.423729 -0.050000
-8.860759 -9.915254 -0.050000
-8.860759 -9.406780 -0.050000
-8.860759 -8.898305 -0.050000
-8.860759 -8.389831 -0.050000
-8.860759 -7.881356 -0.050000
-8.860759 -7.372881 -0.050000
-8.860759 -6.864407 -0.050000
-8.860759 -6.355932 -0.050000
-8.860759 -5.847458 -0.050000
-8.860759 -5.338983 -0.050000
-8.860759 -4.830508 -0.050000
-8.860759 -4.322034 -0.050000
-8.860759 -3.813559 -0.050000
-8.860759 -3.305085 -0.050000
-8.860759 -2.796610 -0.050000
-8.860759 -2.288136 -0.050000
-8.860759 -1.779661 -0.050000
-8.860759 -1.271186 -0.050000
-8.860759 -0.762712 -0.050000
-8.860759 -0.254237 -0.050000
-8.860759 0.254237 -0.050000
-8.860759 0.762712 -0.050000
-8.860759 1.271186 -0.050000
-8.860759 1.779661 -0.050000
-8.860759 2.288136 -0.050000
-8.860759 2.796610 -0.050000
-8.860759 3.305085 -0.050000
-8.860759 3.813559 -0.050000
-8.860759 4.322034 -0.050000
-8.860759 4.830508 -0.050000
-8.860759 5.338983 -0.050000
-8.860759 5.847458 -0.050000
-8.860759 6.355932 -0.050000
-8.860759 6.864407 -0.050000
-8.860759 7.372881 -0.050000
-8.860759 7.881356 -0.050000
-8.860759 8.389831 -0.050000
-8.860759 8.898305 -0.050000
-8.860759 9.406780 -0.050000
-8.860759 9.915254 -0.050000
-8.860759 10.423729 -0.050000
-8.860759 10.932203 -0.050000
-8.860759 11.440678 -0.050000
-8.860759 11.949153 -0.050000
-8.860759 12.457627 -0.050000
-8.860759 12.966102 -0.050000
-8.860759 13.474576 -0.050000
-8.860759 13.983051 -0.050000
-8.860759 14.491525 -0.050000
-8.860759 15.000000 -0.050000
-8.354430 -15.000000 -0.050000
-8.354430 -14.491525 -0.050000
-8.354430 -13.983051 -0.050000
-8.354430 -13.474576 -0.050000
-8.354430 -12.966102 -0.050000
-8.354430 -12.457627 -0.050000
-8.354430 -11.949153 -0.050000
-8.354430 -11.440678 -0.050000
-8.354430 -10.932203 -0.050000
-8.354430 -10.423729 -0.050000
-8.354430 -9.915254 -0.050000
-8.354430 -9.406780 -0.050000
-8.354430 -8.898305 -0.050000
-8.354430 -8.389831 -0.050000
-8.354430 -7.881356 -0.050000
-8.354430 -7.372881 -0.050000
-8.354430 -6.864407 -0.050000
-8.354430 -6.355932 -0.050000
-8.354430 -5.847458 -0.050000
-8.354430 -5.338983 -0.050000
-8.354430 -4.830508 -0.050000
-8.354430 -4.322034 -0.050000
-8.354430 -3.813559 -0.050000
-8.354430 -3.305085 -0.050000
-8.354430 -2.796610 -0.050000
-8.354430 -2.288136 -0.050000
-8.354430 -1.779661 -0.050000
-8.354430 -1.271186 -0.050000
-8.354430 -0.762712 -0.050000
-8.354430 -0.254237 -0.050000
-8.354430 0.254237 -0.050000
-8.354430 0.762712 -0.050000
-8.354430 1.271186 -0.050000
-8.354430 1.779661 -0.050000
-8.354430 2.288136 -0.050000
-8.354430 2.796610 -0.050000
-8.354430 3.305085 -0.050000
-8.354430 3.813559 -0.050000
-8.354430 4.322034 -0.050000
-8.354430 4.830508 -0.050000
-8.354430 5.338983 -0.050000
-8.354430 5.847458 -0.050000
-8.354430 6.355932 -0.050000
-8.354430 6.864407 -0.050000
-8.354430 7.372881 -0.050000
-8.354430 7.881356 -0.050000
-8.354430 8.389831 -0.050000
-8.354430 8.898305 -0.050000
-8.354430 9.406780 -0.050000
-8.354430 9.915254 -0.050000
-8.354430 10.423729 -0.050000
-8.354430 10.932203 -0.050000
-8.354430 11.440678 -0.050000
-8.354430 11.949153 -0.050000
-8.354430 12.457627 -0.050000
-8.354430 12.966102 -0.050000
-8.354430 13.474576 -0.050000
-8.354430 13.983051 -0.050000
-8.354430 14.491525 -0.050000
-8.354430 15.000000 -0.050000
-7.848101 -15.000000 -0.050000
-7.848101 -14.491525 -0.050000
-7.848101 -13.983051 -0.050000
-7.848101 -13.474576 -0.050000
-7.848101 -12.966102 -0.050000
-7.848101 -12.457627 -0.050000
-7.848101 -11.949153 -0.050000
-7.848101 -11.440678 -0.050000
-7.848101 -10.932203 -0.050000
-7.848101 -10.423729 -0.050000
-7.848101 -9.915254 -0.050000
-7.848101 -9.406780 -0.050000
-7.848101 -8.898305 -0.050000
-7.848101 -8.389831 -0.050000
-7.848101 -7.881356 -0.050000
-7.848101 -7.372881 -0.050000
-7.848101 -6.864407 -0.050000
-7.848101 -6.355932 -0.050000
-7.848101 -5.847458 -0.050000
-7.848101 -5.338983 -0.050000
-7.848101 -4.830508 -0.050000
-7.848101 -4.322034 -0.050000
-7.848101 -3.813559 -0.050000
-7.848101 -3.305085 -0.050000
-7.848101 -2.796610 -0.050000
-7.848101 -2.288136 -0.050000
-7.848101 -1.779661 -0.050000
-7.848101 -1.271186 -0.050000
-7.848101 -0.762712 -0.050000
-7.848101 -0.254237 -0.050000
-7.848101 0.254237 -0.050000
-7.848101 0.762712 -0.050000
-7.848101 1.271186 -0.050000
-7.848101 1.779661 -0.050000
-7.848101 2.288136 -0.050000
-7.848101 2.796610 -0.050000
-7.848101 3.305085 -0.050000
-7.848101 3.813559 -0.050000
-7.848101 4.322034 -0.050000
-7.848101 4.830508 -0.050000
-7.848101 5.338983 -0.050000
-7.848101 5.847458 -0.050000
-7.848101 6.355932 -0.050000
-7.848101 6.864407 -0.050000
-7.848101 7.372881 -0.050000
-7.848101 7.881356 -0.050000
-7.848101 8.389831 -0.050000
-7.848101 8.898305 -0.050000
-7.848101 9.406780 -0.050000
-7.848101 9.915254 -0.050000
-7.848101 10.423729 -0.050000
-7.848101 10.932203 -0.050000
-7.848101 11.440678 -0.050000
-7.848101 11.949153 -0.050000
-7.848101 12.457627 -0.050000
-7.848101 12.966102 -0.050000
-7.848101 13.474576 -0.050000
-7.848101 13.983051 -0.050000
-7.848101 14.491525 -0.050000
-7.848101 15.000000 -0.050000
-7.341772 -15.000000 -0.050000
-7.341772 -14.491525 -0.050000
-7.341772 -13.983051 -0.050000
-7.341772 -13.474576 -0.050000
-7.341772 -12.966102 -0.050000
-7.341772 -12.457627 -0.050000
-7.341772 -11.949153 -0.050000
-7.341772 -11.440678 -0.050000
-7.341772 -10.932203 -0.050000
-7.341772 -10.423729 -0.050000
-7.341772 -9.915254 -0.050000
-7.341772 -9.406780 -0.050000
-7.341772 -8.898305 -0.050000
-7.341772 -8.389831 -0.050000
-7.341772 -7.881356 -0.050000
-7.341772 -7.372881 -0.050000
-7.341772 -6.864407 -0.050000
-7.341772 -6.355932 -0.050000
-7.341772 -5.847458 -0.050000
-7.341772 -5.338983 -0.050000
-7.341772 -4.830508 -0.050000
-7.341772 -4.322034 -0.050000
-7.341772 -3.813559 -0.050000
-7.341772 -3.305085 -0.050000
-7.341772 -2.796610 -0.050000
-7.341772 -2.288136 -0.050000
-7.341772 -1.779661 -0.050000
-7.341772 -1.271186 -0.050000
-7.341772 -0.762712 -0.050000
-7.341772 -0.254237 -0.050000
-7.341772 0.254237 -0.050000
-7.341772 0.762712 -0.050000
-7.341772 1.271186 -0.050000
-7.341772 1.779661 -0.050000
-7.341772 2.288136 -0.050000
-7.341772 2.796610 -0.050000
-7.341772 3.305085 -0.050000
-7.341772 3.813559 -0.050000
-7.341772 4.322034 -0.050000
-7.341772 4.830508 -0.050000
-7.341772 5.338983 -0.050000
-7.341772 5.847458 -0.050000
-7.341772 6.355932 -0.050000
-7.341772 6.864407 -0.050000
-7.341772 7.372881 -0.050000
-7.341772 7.881356 -0.050000
-7.341772 8.389831 -0.050000
-7.341772 8.898305 -0.050000
-7.341772 9.406780 -0.050000
-7.341772 9.915254 -0.050000
-7.341772 10.423729 -0.050000
-7.341772 10.932203 -0.050000
-7.341772 11.440678 -0.050000
-7.341772 11.949153 -0.050000
-7.341772 12.457627 -0.050000
-7.341772 12.966102 -0.050000
-7.341772 13.474576 -0.050000
-7.341772 13.983051 -0.050000
-7.341772 14.491525 -0.050000
-7.341772 15.000000 -0.050000
-6.835443 -15.000000 -0.050000
-6.835443 -14.491525 -0.050000
-6.835443 -13.983051 -0.050000
-6.835443 -13.474576 -0.050000
-6.835443 -12.966102 -0.050000
-6.835443 -12.457627 -0.050000
-6.835443 -11.949153 -0.050000
-6.835443 -11.440678 -0.050000
-6.835443 -10.932203 -0.050000
-6.835443 -10.423729 -0.050000
-6.835443 -9.915254 -0.050000
-6.835443 -9.406780 -0.050000
-6.835443 -8.898305 -0.050000
-6.835443 -8.389831 -0.050000
-6.835443 -7.881356 -0.050000
-6.835443 -7.372881 -0.050000
-6.835443 -6.864407 -0.050000
-6.835443 -6.355932 -0.050000
-6.835443 -5.847458 -0.050000
-6.835443 -5.338983 -0.050000
-6.835443 -4.830508 -0.050000
-6.835443 -4.322034 -0.050000
-6.835443 -3.813559 -0.050000
-6.835443 -3.305085 -0.050000
-6.835443 -2.796610 -0.050000
-6.835443 -2.288136 -0.050000
-6.835443 -1.779661 -0.050000
-6.835443 -1.271186 -0.050000
-6.835443 -0.762712 -0.050000
-6.835443 -0.254237 -0.050000
-6.835443 0.254237 -0.050000
-6.835443 0.762712 -0.050000
-6.835443 1.271186 -0.050000
-6.835443 1.779661 -0.050000
-6.835443 2.288136 -0.050000
-6.835443 2.796610 -0.050000
-6.835443 3.305085 -0.050000
-6.835443 3.813559 -0.050000
-6.835443 4.322034 -0.050000
-6.835443 4.830508 -0.050000
-6.835443 5.338983 -0.050000
-6.835443 5.847458 -0.050000
-6.835443 6.355932 -0.050000
-6.835443 6.864407 -0.050000
-6.835443 7.372881 -0.050000
-6.835443 7.881356 -0.050000
-6.835443 8.389831 -0.050000
-6.835443 8.898305 -0.050000
-6.835443 9.406780 -0.050000
-6.835443 9.915254 -0.050000
-6.835443 10.423729 -0.050000
-6.835443 10.932203 -0.050000
-6.835443 11.440678 -0.050000
-6.835443 11.949153 -0.050000
-6.835443 12.457627 -0.050000
-6.835443 12.966102 -0.050000
-6.835443 13.474576 -0.050000
-6.835443 13.983051 -0.050000
-6.835443 14.491525 -0.050000
-6.835443 15.000000 -0.050000
-6.329114 -15.000000 -0.050000
-6.329114 -14.491525 -0.050000
-6.329114 -13.983051 -0.050000
-6.329114 -13.474576 -0.050000
-6.329114 -12.966102 -0.050000
-6.329114 -12.457627 -0.050000
-6.329114 -11.949153 -0.050000
-6.329114 -11.440678 -0.050000
-6.329114 -10.932203 -0.050000
-6.329114 -10.423729 -0.050000
-6.329114 -9.915254 -0.050000
-6.329114 -9.406780 -0.050000
-6.329114 -8.898305 -0.050000
-6.329114 -8.389831 -0.050000
-6.329114 -7.881356 -0.050000
-6.329114 -7.372881 -0.050000
-6.329114 -6.864407 -0.050000
-6.329114 -6.355932 -0.050000
-6.329114 -5.847458 -0.050000
-6.329114 -5.338983 -0.050000
-6.329114 -4.830508 -0.050000
-6.329114 -4.322034 -0.050000
-6.329114 -3.813559 -0.050000
-6.329114 -3.305085 -0.050000
-6.329114 -2.796610 -0.050000
-6.329114 -2.288136 -0.050000
-6.329114 -1.779661 -0.050000
-6.329114 -1.271186 -0.050000
-6.329114 -0.762712 -0.050000
-6.329114 -0.254237 -0.050000
-6.329114 0.254237 -0.050000
-6.329114 0.762712 -0.050000
-6.329114 1.271186 -0.050000
-6.329114 1.779661 -0.050000
-6.329114 2.288136 -0.050000
-6.329114 2.796610 -0.050000
-6.329114 3.305085 -0.050000
-6.329114 3.813559 -0.050000
-6.329114 4.322034 -0.050000
-6.329114 4.830508 -0.050000
-6.329114 5.338983 -0.050000
-6.329114 5.847458 -0.050000
-6.329114 6.355932 -0.050000
-6.329114 6.864407 -0.050000
-6.329114 7.372881 -0.050000
-6.329114 7.881356 -0.050000
-6.329114 8.389831 -0.050000
-6.329114 8.898305 -0.050000
-6.329114 9.406780 -0.050000
-6.329114 9.915254 -0.050000
-6.329114 10.423729 -0.050000
-6.329114 10.932203 -0.050000
-6.329114 11.440678 -0.050000
-6.329114 11.949153 -0.050000
-6.329114 12.457627 -0.050000
-6.329114 12.966102 -0.050000
-6.329114 13.474576 -0.050000
-6.329114 13.983051 -0.050000
-6.329114 14.491525 -0.050000
-6.329114 15.000000 -0.050000
-5.822785 -15.000000 -0.050000
-5.822785 -14.491525 -0.050000
-5.822785 -13.983051 -0.050000
-5.822785 -13.474576 -0.050000
-5.822785 -12.966102 -0.050000
-5.822785 -12.457627 -0.050000
-5.822785 -11.949153 -0.050000
-5.822785 -11.440678 -0.050000
-5.822785 -10.932203 -0.050000
-5.822785 -10.423729 -0.050000
-5.822785 -9.915254 -0.050000
-5.822785 -9.406780 -0.050000
-5.822785 -8.898305 -0.050000
-5.822785 -8.389831 -0.050000
-5.822785 -7.881356 -0.050000
-5.822785 -7.372881 -0.050000
-5.822785 -6.864407 -0.050000
-5.822785 -6.355932 -0.050000
-5.822785 -5.847458 -0.050000
-5.822785 -5.338983 -0.050000
-5.822785 -4.830508 -0.050000
-5.822785 -4.322034 -0.050000
-5.822785 -3.813559 -0.050000
-5.822785 -3.305085 -0.050000
-5.822785 -2.796610 -0.050000
-5.822785 -2.288136 -0.050000
-5.822785 -1.779661 -0.050000
-5.822785 -1.271186 -0.050000
-5.822785 -0.762712 -0.050000
-5.822785 -0.254237 -0.050000
-5.822785 0.254237 -0.050000
-5.822785 0.762712 -0.050000
-5.822785 1.271186 -0.050000
-5.822785 1.779661 -0.050000
-5.822785 2.288136 -0.050000
-5.822785 2.796610 -0.050000
-5.822785 3.305085 -0.050000
-5.822785 3.813559 -0.050000
-5.822785 4.322034 -0.050000
-5.822785 4.830508 -0.050000
-5.822785 5.338983 -0.050000
-5.822785 5.847458 -0.050000
-5.822785 6.355932 -0.050000
-5.822785 6.864407 -0.050000
-5.822785 7.372881 -0.050000
-5.822785 7.881356 -0.050000
-5.822785 8.389831 -0.050000
-5.822785 8.898305 -0.050000
-5.822785 9.406780 -0.050000
-5.822785 9.915254 -0.050000
-5.822785 10.423729 -0.050000
-5.822785 10.932203 -0.050000
-5.822785 11.440678 -0.050000
-5.822785 11.949153 -0.050000
-5.822785 12.457627 -0.050000
-5.822785 12.966102 -0.050000
-5.822785 13.474576 -0.050000
-5.822785 13.983051 -0.050000
-5.822785 14.491525 -0.050000
-5.822785 15.000000 -0.050000
-5.316456 -15.000000 -0.050000
-5.316456 -14.491525 -0.050000
-5.316456 -13.983051 -0.050000
-5.316456 -13.474576 -0.050000
-5.316456 -12.966102 -0.050000
-5.316456 -12.457627 -0.050000
-5.316456 -11.949153 -0.050000
-5.316456 -11.440678 -0.050000
-5.316456 -10.932203 -0.050000
-5.316456 -10.423729 -0.050000
-5.316456 -9.915254 -0.050000
-5.316456 -9.406780 -0.050000
-5.316456 -8.898305 -0.050000
-5.316456 -8.389831 -0.050000
-5.316456 -7.881356 -0.050000
-5.316456 -7.372881 -0.050000
-5.316456 -6.864407 -0.050000
-5.316456 -6.355932 -0.050000
-5.316456 -5.847458 -0.050000
-5.316456 -5.338983 -0.050000
-5.316456 -4.830508 -0.050000
-5.316456 -4.322034 -0.050000
-5.316456 -3.813559 -0.050000
-5.316456 -3.305085 -0.050000
-5.316456 -2.796610 -0.050000
-5.316456 -2.288136 -0.050000
-5.316456 -1.779661 -0.050000
-5.316456 -1.271186 -0.050000
-5.316456 -0.762712 -0.050000
-5.316456 -0.254237 -0.050000
-5.316456 0.254237 -0.050000
-5.316456 0.762712 -0.050000
-5.316456 1.271186 -0.050000
-5.316456 1.779661 -0.050000
-5.316456 2.288136 -0.050000
-5.316456 2.796610 -0.050000
-5.316456 3.305085 -0.050000
-5.316456 3.813559 -0.050000
-5.316456 4.322034 -0.050000
-5.316456 4.830508 -0.050000
-5.316456 5.338983 -0.050000
-5.316456 5.847458 -0.050000
-5.316456 6.355932 -0.050000
-5.316456 6.864407 -0.050000
-5.316456 7.372881 -0.050000
-5.316456 7.881356 -0.050000
-5.316456 8.389831 -0.050000
-5.316456 8.898305 -0.050000
-5.316456 9.406780 -0.050000
-5.316456 9.915254 -0.050000
-5.316456 10.423729 -0.050000
-5.316456 10.932203 -0.050000
-5.316456 11.440678 -0.050000
-5.316456 11.949153 -0.050000
-5.316456 12.457627 -0.050000
-5.316456 12.966102 -0.050000
-5.316456 13.474576 -0.050000
-5.316456 13.983051 -0.050000
-5.316456 14.491525 -0.050000
-5.316456 15.000000 -0.050000
-4.810127 -15.000000 -0.050000
-4.810127 -14.491525 -0.050000
-4.810127 -13.983051 -0.050000
-4.810127 -13.474576 -0.050000
-4.810127 -12.966102 -0.050000
-4.810127 -12.457627 -0.050000
-4.810127 -11.949153 -0.050000
-4.810127 -11.440678 -0.050000
-4.810127 -10.932203 -0.050000
-4.810127 -10.423729 -0.050000
-4.810127 -9.915254 -0.050000
-4.810127 -9.406780 -0.050000
-4.810127 -8.898305 -0.050000
-4.810127 -8.389831 -0.050000
-4.810127 -7.881356 -0.050000
-4.810127 -7.372881 -0.050000
-4.810127 -6.864407 -0.050000
-4.810127 -6.355932 -0.050000
-4.810127 -5.847458 -0.050000
-4.810127 -5.338983 -0.050000
-4.810127 -4.830508 -0.050000
-4.810127 -4.322034 -0.050000
-4.810127 -3.813559 -0.050000
-4.810127 -3.305085 -0.050000
-4.810127 -2.796610 -0.050000
-4.810127 -2.288136 -0.050000
-4.810127 -1.779661 -0.050000
-4.810127 -1.271186 -0.050000
-4.810127 -0.762712 -0.050000
-4.810127 -0.254237 -0.050000
-4.810127 0.254237 -0.050000
-4.810127 0.762712 -0.050000
-4.810127 1.271186 -0.050000
-4.810127 1.779661 -0.050000
-4.810127 2.288136 -0.050000
-4.810127 2.796610 -0.050000
-4.810127 3.305085 -0.050000
-4.810127 3.813559 -0.050000
-4.810127 4.322034 -0.050000
-4.810127 4.830508 -0.050000
-4.810127 5.338983 -0.050000
-4.810127 5.847458 -0.050000
-4.810127 6.355932 -0.050000
-4.810127 6.864407 -0.050000
-4.810127 7.372881 -0.050000
-4.810127 7.881356 -0.050000
-4.810127 8.389831 -0.050000
-4.810127 8.898305 -0.050000
-4.810127 9.406780 -0.050000
-4.810127 9.915254 -0.050000
-4.810127 10.423729 -0.050000
-4.810127 10.932203 -0.050000
-4.810127 11.440678 -0.050000
-4.810127 11.949153 -0.050000
-4.810127 12.457627 -0.050000
-4.810127 12.966102 -0.050000
-4.810127 13.474576 -0.050000
-4.810127 13.983051 -0.050000
-4.810127 14.491525 -0.050000
-4.810127 15.000000 -0.050000
-4.303797 -15.000000 -0.050000
-4.303797 -14.491525 -0.050000
-4.303797 -13.983051 -0.050000
-4.303797 -13.474576 -0.050000
-4.303797 -12.966102 -0.050000
-4.303797 -12.457627 -0.050000
-4.303797 -11.949153 -0.050000
-4.303797 -11.440678 -0.050000
-4.303797 -10.932203 -0.050000
-4.303797 -10.423729 -0.050000
-4.303797 -9.915254 -0.050000
-4.303797 -9.406780 -0.050000
-4.303797 -8.898305 -0.050000
-4.303797 -8.389831 -0.050000
-4.303797 -7.881356 -0.050000
-4.303797 -7.372881 -0.050000
-4.303797 -6.864407 -0.050000
-4.303797 -6.355932 -0.050000
-4.303797 -5.847458 -0.050000
-4.303797 -5.338983 -0.050000
-4.303797 -4.830508 -0.050000
-4.303797 -4.322034 -0.050000
-4.303797 -3.813559 -0.050000
-4.303797 -3.305085 -0.050000
-4.303797 -2.796610 -0.050000
-4.303797 -2.288136 -0.050000
-4.303797 -1.779661 -0.050000
-4.303797 -1.271186 -0.050000
-4.303797 -0.762712 -0.050000
-4.303797 -0.254237 -0.050000
-4.303797 0.254237 -0.050000
-4.303797 0.762712 -0.050000
-4.303797 1.271186 -0.050000
-4.303797 1.779661 -0.050000
-4.303797 2.288136 -0.050000
-4.303797 2.796610 -0.050000
-4.303797 3.305085 -0.050000
-4.303797 3.813559 -0.050000
-4.303797 4.322034 -0.050000
-4.303797 4.830508 -0.050000
-4.303797 5.338983 -0.050000
-4.303797 5.847458 -0.050000
-4.303797 6.355932 -0.050000
-4.303797 6.864407 -0.050000
-4.303797 7.372881 -0.050000
-4.303797 7.881356 -0.050000
-4.303797 8.389831 -0.050000
-4.303797 8.898305 -0.050000
-4.303797 9.406780 -0.050000
-4.303797 9.915254 -0.050000
-4.303797 10.423729 -0.050000
-4.303797 10.932203 -0.050000
-4.303797 11.440678 -0.050000
-4.303797 11.949153 -0.050000
-4.303797 12.457627 -0.050000
-4.303797 12.966102 -0.050000
-4.303797 13.474576 -0.050000
-4.303797 13.983051 -0.050000
-4.303797 14.491525 -0.050000
-4.303797 15.000000 -0.050000
-3.797468 -15.000000 -0.050000
-3.797468 -14.491525 -0.050000
-3.797468 -13.983051 -0.050000
-3.797468 -13.474576 -0.050000
-3.797468 -12.966102 -0.050000
-3.797468 -12.457627 -0.050000
-3.797468 -11.949153 -0.050000
-3.797468 -11.440678 -0.050000
-3.797468 -10.932203 -0.050000
-3.797468 -10.423729 -0.050000
-3.797468 -9.915254 -0.050000
-3.797468 -9.406780 -0.050000
-3.797468 -8.898305 -0.050000
-3.797468 -8.389831 -0.050000
-3.797468 -7.881356 -0.050000
-3.797468 -7.372881 -0.050000
-3.797468 -6.864407 -0.050000
-3.797468 -6.355932 -0.050000
-3.797468 -5.847458 -0.050000
-3.797468 -5.338983 -0.050000
-3.797468 -4.830508 -0.050000
-3.797468 -4.322034 -0.050000
-3.797468 -3.813559 -0.050000
-3.797468 -3.305085 -0.050000
-3.797468 -2.796610 -0.050000
-3.797468 -2.288136 -0.050000
-3.797468 -1.779661 -0.050000
-3.797468 -1.271186 -0.050000
-3.797468 -0.762712 -0.050000
-3.797468 -0.254237 -0.050000
-3.797468 0.254237 -0.050000
-3.797468 0.762712 -0.050000
-3.797468 1.271186 -0.050000
-3.797468 1.779661 -0.050000
-3.797468 2.288136 -0.050000
-3.797468 2.796610 -0.050000
-3.797468 3.305085 -0.050000
-3.797468 3.813559 -0.050000
-3.797468 4.322034 -0.050000
-3.797468 4.830508 -0.050000
-3.797468 5.338983 -0.050000
-3.797468 5.847458 -0.050000
-3.797468 6.355932 -0.050000
-3.797468 6.864407 -0.050000
-3.797468 7.372881 -0.050000
-3.797468 7.881356 -0.050000
-3.797468 8.389831 -0.050000
-3.797468 8.898305 -0.050000
-3.797468 9.406780 -0.050000
-3.797468 9.915254 -0.050000
-3.797468 10.423729 -0.050000
-3.797468 10.932203 -0.050000
-3.797468 11.440678 -0.050000
-3.797468 11.949153 -0.050000
-3.797468 12.457627 -0.050000
-3.797468 12.966102 -0.050000
-3.797468 13.474576 -0.050000
-3.797468 13.983051 -0.050000
-3.797468 14.491525 -0.050000
-3.797468 15.000000 -0.050000
-3.291139 -15.000000 -0.050000
-3.291139 -14.491525 -0.050000
-3.291139 -13.983051 -0.050000
-3.291139 -13.474576 -0.050000
-3.291139 -12.966102 -0.050000
-3.291139 -12.457627 -0.050000
-3.291139 -11.949153 -0.050000
-3.291139 -11.440678 -0.050000
-3.291139 -10.932203 -0.050000
-3.291139 -10.423729 -0.050000
-3.291139 -9.915254 -0.050000
-3.291139 -9.406780 -0.050000
-3.291139 -8.898305 -0.050000
-3.291139 -8.389831 -0.050000
-3.291139 -7.881356 -0.050000
-3.291139 -7.372881 -0.050000
-3.291139 -6.864407 -0.050000
-3.291139 -6.355932 -0.050000
-3.291139 -5.847458 -0.050000
-3.291139 -5.338983 -0.050000
-3.291139 -4.830508 -0.050000
-3.291139 -4.322034 -0.050000
-3.291139 -3.813559 -0.050000
-3.291139 -3.305085 -0.050000
-3.291139 -2.796610 -0.050000
-3.291139 -2.288136 -0.050000
-3.291139 -1.779661 -0.050000
-3.291139 -1.271186 -0.050000
-3.291139 -0.762712 -0.050000
-3.291139 -0.254237 -0.050000
-3.291139 0.254237 -0.050000
-3.291139 0.762712 -0.050000
-3.291139 1.271186 -0.050000
-3.291139 1.779661 -0.050000
-3.291139 2.288136 -0.050000
-3.291139 2.796610 -0.050000
-3.291139 3.305085 -0.050000
-3.291139 3.813559 -0.050000
-3.291139 4.322034 -0.050000
-3.291139 4.830508 -0.050000
-3.291139 5.338983 -0.050000
-3.291139 5.847458 -0.050000
-3.291139 6.355932 -0.050000
-3.291139 6.864407 -0.050000
-3.291139 7.372881 -0.050000
-3.291139 7.881356 -0.050000
-3.291139 8.389831 -0.050000
-3.291139 8.898305 -0.050000
-3.291139 9.406780 -0.050000
-3.291139 9.915254 -0.050000
-3.291139 10.423729 -0.050000
-3.291139 10.932203 -0.050000
-3.291139 11.440678 -0.050000
-3.291139 11.949153 -0.050000
-3.291139 12.457627 -0.050000
-3.291139 12.966102 -0.050000
-3.291139 13.474576 -0.050000
-3.291139 13.983051 -0.050000
-3.291139 14.491525 -0.050000
-3.291139 15.000000 -0.050000
-2.784810 -15.000000 -0.050000
-2.784810 -14.491525 -0.050000
-2.784810 -13.983051 -0.050000
-2.784810 -13.474576 -0.050000
-2.784810 -12.966102 -0.050000
-2.784810 -12.457627 -0.050000
-2.784810 -11.949153 -0.050000
-2.784810 -11.440678 -0.050000
-2.784810 -10.932203 -0.050000
-2.784810 -10.423729 -0.050000
-2.784810 -9.915254 -0.050000
-2.784810 -9.406780 -0.050000
-2.784810 -8.898305 -0.050000
-2.784810 -8.389831 -0.050000
-2.784810 -7.881356 -0.050000
-2.784810 -7.372881 -0.050000
-2.784810 -6.864407 -0.050000
-2.784810 -6.355932 -0.050000
-2.784810 -5.847458 -0.050000
-2.784810 -5.338983 -0.050000
-2.784810 -4.830508 -0.050000
-2.784810 -4.322034 -0.050000
-2.784810 -3.813559 -0.050000
-2.784810 -3.305085 -0.050000
-2.784810 -2.796610 -0.050000
-2.784810 -2.288136 -0.050000
-2.784810 -1.779661 -0.050000
-2.784810 -1.271186 -0.050000
-2.784810 -0.762712 -0.050000
-2.784810 -0.254237 -0.050000
-2.784810 0.254237 -0.050000
-2.784810 0.762712 -0.050000
-2.784810 1.271186 -0.050000
-2.784810 1.779661 -0.050000
-2.784810 2.288136 -0.050000
-2.784810 2.796610 -0.050000
-2.784810 3.305085 -0.050000
-2.784810 3.813559 -0.050000
-2.784810 4.322034 -0.050000
-2.784810 4.830508 -0.050000
-2.784810 5.338983 -0.050000
-2.784810 5.847458 -0.050000
-2.784810 6.355932 -0.050000
-2.784810 6.864407 -0.050000
-2.784810 7.372881 -0.050000
-2.784810 7.881356 -0.050000
-2.784810 8.389831 -0.050000
-2.784810 8.898305 -0.050000
-2.784810 9.406780 -0.050000
-2.784810 9.915254 -0.050000
-2.784810 10.423729 -0.050000
-2.784810 10.932203 -0.050000
-2.784810 11.440678 -0.050000
-2.784810 11.949153 -0.050000
-2.784810 12.457627 -0.050000
-2.784810 12.966102 -0.050000
-2.784810 13.474576 -0.050000
-2.784810 13.983051 -0.050000
-2.784810 14.491525 -0.050000
-2.784810 15.000000 -0.050000
-2.278481 -15.000000 -0.050000
-2.278481 -14.491525 -0.050000
-2.278481 -13.983051 -0.050000
-2.278481 -13.474576 -0.050000
-2.278481 -12.966102 -0.050000
-2.278481 -12.457627 -0.050000
-2.278481 -11.949153 -0.050000
-2.278481 -11.440678 -0.050000
-2.278481 -10.932203 -0.050000
-2.278481 -10.423729 -0.050000
-2.278481 -9.915254 -0.050000
-2.278481 -9.406780 -0.050000
-2.278481 -8.898305 -0.050000
-2.278481 -8.389831 -0.050000
-2.278481 -7.881356 -0.050000
-2.278481 -7.372881 -0.050000
-2.278481 -6.864407 -0.050000
-2.278481 -6.355932 -0.050000
-2.278481 -5.847458 -0.050000
-2.278481 -5.338983 -0.050000
-2.278481 -4.830508 -0.050000
-2.278481 -4.322034 -0.050000
-2.278481 -3.813559 -0.050000
-2.278481 -3.305085 -0.050000
-2.278481 -2.796610 -0.050000
-2.278481 -2.288136 -0.050000
-2.278481 -1.779661 -0.050000
-2.278481 -1.271186 -0.050000
-2.278481 -0.762712 -0.050000
-2.278481 -0.254237 -0.050000
-2.278481 0.254237 -0.050000
-2.278481 0.762712 -0.050000
-2.278481 1.271186 -0.050000
-2.278481 1.779661 -0.050000
-2.278481 2.288136 -0.050000
-2.278481 2.796610 -0.050000
-2.278481 3.305085 -0.050000
-2.278481 3.813559 -0.050000
-2.278481 4.322034 -0.050000
-2.278481 4.830508 -0.050000
-2.278481 5.338983 -0.050000
-2.278481 5.847458 -0.050000
-2.278481 6.355932 -0.050000
-2.278481 6.864407 -0.050000
-2.278481 7.372881 -0.050000
-2.278481 7.881356 -0.050000
-2.278481 8.389831 -0.050000
-2.278481 8.898305 -0.050000
-2.278481 9.406780 -0.050000
-2.278481 9.915254 -0.050000
-2.278481 10.423729 -0.050000
-2.278481 10.932203 -0.050000
-2.278481 11.440678 -0.050000
-2.278481 11.949153 -0.050000
-2.278481 12.457627 -0.050000
-2.278481 12.966102 -0.050000
-2.278481 13.474576 -0.050000
-2.278481 13.983051 -0.050000
-2.278481 14.491525 -0.050000
-2.278481 15.000000 -0.050000
-1.772152 -15.000000 -0.050000
-1.772152 -14.491525 -0.050000
-1.772152 -13.983051 -0.050000
-1.772152 -13.474576 -0.050000
-1.772152 -12.966102 -0.050000
-1.772152 -12.457627 -0.050000
-1.772152 -11.949153 -0.050000
-1.772152 -11.440678 -0.050000
-1.772152 -10.932203 -0.050000
-1.772152 -10.423729 -0.050000
-1.772152 -9.915254 -0.050000
-1.772152 -9.406780 -0.050000
-1.772152 -8.898305 -0.050000
-1.772152 -8.389831 -0.050000
-1.772152 -7.881356 -0.050000
-1.772152 -7.372881 -0.050000
-1.772152 -6.864407 -0.050000
-1.772152 -6.355932 -0.050000
-1.772152 -5.847458 -0.050000
-1.772152 -5.338983 -0.050000
-1.772152 -4.830508 -0.050000
-1.772152 -4.322034 -0.050000
-1.772152 -3.813559 -0.050000
-1.772152 -3.305085 -0.050000
-1.772152 -2.796610 -0.050000
-1.772152 -2.288136 -0.050000
-1.772152 -1.779661 -0.050000
-1.772152 -1.271186 -0.050000
-1.772152 -0.762712 -0.050000
-1.772152 -0.254237 -0.050000
-1.772152 0.254237 -0.050000
-1.772152 0.762712 -0.050000
-1.772152 1.271186 -0.050000
-1.772152 1.779661 -0.050000
-1.772152 2.288136 -0.050000
-1.772152 2.796610 -0.050000
-1.772152 3.305085 -0.050000
-1.772152 3.813559 -0.050000
-1.772152 4.322034 -0.050000
-1.772152 4.830508 -0.050000
-1.772152 5.338983 -0.050000
-1.772152 5.847458 -0.050000
-1.772152 6.355932 -0.050000
-1.772152 6.864407 -0.050000
-1.772152 7.372881 -0.050000
-1.772152 7.881356 -0.050000
-1.772152 8.389831 -0.050000
-1.772152 8.898305 -0.050000
-1.772152 9.406780 -0.050000
-1.772152 9.915254 -0.050000
-1.772152 10.423729 -0.050000
-1.772152 10.932203 -0.050000
-1.772152 11.440678 -0.050000
-1.772152 11.949153 -0.050000
-1.772152 12.457627 -0.050000
-1.772152 12.966102 -0.050000
-1.772152 13.474576 -0.050000
-1.772152 13.983051 -0.050000
-1.772152 14.491525 -0.050000
-1.772152 15.000000 -0.050000
-1.265823 -15.000000 -0.050000
-1.265823 -14.491525 -0.050000
-1.265823 -13.983051 -0.050000
-1.265823 -13.474576 -0.050000
-1.265823 -12.966102 -0.050000
-1.265823 -12.457627 -0.050000
-1.265823 -11.949153 -0.050000
-1.265823 -11.440678 -0.050000
-1.265823 -10.932203 -0.050000
-1.265823 -10.423729 -0.050000
-1.265823 -9.915254 -0.050000
-1.265823 -9.406780 -0.050000
-1.265823 -8.898305 -0.050000
-1.265823 -8.389831 -0.050000
-1.265823 -7.881356 -0.050000
-1.265823 -7.372881 -0.050000
-1.265823 -6.864407 -0.050000
-1.265823 -6.355932 -0.050000
-1.265823 -5.847458 -0.050000
-1.265823 -5.338983 -0.050000
-1.265823 -4.830508 -0.050000
-1.265823 -4.322034 -0.050000
-1.265823 -3.813559 -0.050000
-1.265823 -3.305085 -0.050000
-1.265823 -2.796610 -0.050000
-1.265823 -2.288136 -0.050000
-1.265823 -1.779661 -0.050000
-1.265823 -1.271186 -0.050000
-1.265823 -0.762712 -0.050000
-1.265823 -0.254237 -0.050000
-1.265823 0.254237 -0.050000
-1.265823 0.762712 -0.050000
-1.265823 1.271186 -0.050000
-1.265823 1.779661 -0.050000
-1.265823 2.288136 -0.050000
-1.265823 2.796610 -0.050000
-1.265823 3.305085 -0.050000
-1.265823 3.813559 -0.050000
-1.265823 4.322034 -0.050000
-1.265823 4.830508 -0.050000
-1.265823 5.338983 -0.050000
-1.265823 5.847458 -0.050000
-1.265823 6.355932 -0.050000
-1.265823 6.864407 -0.050000
-1.265823 7.372881 -0.050000
-1.265823 7.881356 -0.050000
-1.265823 8.389831 -0.050000
-1.265823 8.898305 -0.050000
-1.265823 9.406780 -0.050000
-1.265823 9.915254 -0.050000
-1.265823 10.423729 -0.050000
-1.265823 10.932203 -0.050000
-1.265823 11.440678 -0.050000
-1.265823 11.949153 -0.050000
-1.265823 12.457627 -0.050000
-1.265823 12.966102 -0.050000
-1.265823 13.474576 -0.050000
-1.265823 13.983051 -0.050000
-1.265823 14.491525 -0.050000
-1.265823 15.000000 -0.050000
-0.759494 -15.000000 -0.050000
-0.759494 -14.491525 -0.050000
-0.759494 -13.983051 -0.050000
-0.759494 -13.474576 -0.050000
-0.759494 -12.966102 -0.050000
-0.759494 -12.457627 -0.050000
-0.759494 -11.949153 -0.050000
-0.759494 -11.440678 -0.050000
-0.759494 -10.932203 -0.050000
-0.759494 -10.423729 -0.050000
-0.759494 -9.915254 -0.050000
-0.759494 -9.406780 -0.050000
-0.759494 -8.898305 -0.050000
-0.759494 -8.389831 -0.050000
-0.759494 -7.881356 -0.050000
-0.759494 -7.372881 -0.050000
-0.759494 -6.864407 -0.050000
-0.759494 -6.355932 -0.050000
-0.759494 -5.847458 -0.050000
-0.759494 -5.338983 -0.050000
-0.759494 -4.830508 -0.050000
-0.759494 -4.322034 -0.050000
-0.759494 -3.813559 -0.050000
-0.759494 -3.305085 -0.050000
-0.759494 -2.796610 -0.050000
-0.759494 -2.288136 -0.050000
-0.759494 -1.779661 -0.050000
-0.759494 -1.271186 -0.050000
-0.759494 -0.762712 -0.050000
-0.759494 -0.254237 -0.050000
-0.759494 0.254237 -0.050000
-0.759494 0.762712 -0.050000
-0.759494 1.271186 -0.050000
-0.759494 1.779661 -0.050000
-0.759494 2.288136 -0.050000
-0.759494 2.796610 -0.050000
-0.759494 3.305085 -0.050000
-0.759494 3.813559 -0.050000
-0.759494 4.322034 -0.050000
-0.759494 4.830508 -0.050000
-0.759494 5.338983 -0.050000
-0.759494 5.847458 -0.050000
-0.759494 6.355932 -0.050000
-0.759494 6.864407 -0.050000
-0.759494 7.372881 -0.050000
-0.759494 7.881356 -0.050000
-0.759494 8.389831 -0.050000
-0.759494 8.898305 -0.050000
-0.759494 9.406780 -0.050000
-0.759494 9.915254 -0.050000
-0.759494 10.423729 -0.050000
-0.759494 10.932203 -0.050000
-0.759494 11.440678 -0.050000
-0.759494 11.949153 -0.050000
-0.759494 12.457627 -0.050000
-0.759494 12.966102 -0.050000
-0.759494 13.474576 -0.050000
-0.759494 13.983051 -0.050000
-0.759494 14.491525 -0.050000
-0.759494 15.000000 -0.050000
-0.253165 -15.000000 -0.050000
-0.253165 -14.491525 -0.050000
-0.253165 -13.983051 -0.050000
-0.253165 -13.474576 -0.050000
-0.253165 -12.966102 -0.050000
-0.253165 -12.457627 -0.050000
-0.253165 -11.949153 -0.050000
-0.253165 -11.440678 -0.050000
-0.253165 -10.932203 -0.050000
-0.253165 -10.423729 -0.050000
-0.253165 -9.915254 -0.050000
-0.253165 -9.406780 -0.050000
-0.253165 -8.898305 -0.050000
-0.253165 -8.389831 -0.050000
-0.253165 -7.881356 -0.050000
-0.253165 -7.372881 -0.050000
-0.253165 -6.864407 -0.050000
-0.253165 -6.355932 -0.050000
-0.253165 -5.847458 -0.050000
-0.253165 -5.338983 -0.050000
-0.253165 -4.830508 -0.050000
-0.253165 -4.322034 -0.050000
-0.253165 -3.813559 -0.050000
-0.253165 -3.305085 -0.050000
-0.253165 -2.796610 -0.050000
-0.253165 -2.288136 -0.050000
-0.253165 -1.779661 -0.050000
-0.253165 -1.271186 -0.050000
-0.253165 -0.762712 -0.050000
-0.253165 -0.254237 -0.050000
-0.253165 0.254237 -0.050000
-0.253165 0.762712 -0.050000
-0.253165 1.271186 -0.050000
-0.253165 1.779661 -0.050000
-0.253165 2.288136 -0.050000
-0.253165 2.796610 -0.050000
-0.253165 3.305085 -0.050000
-0.253165 3.813559 -0.050000
-0.253165 4.322034 -0.050000
-0.253165 4.830508 -0.050000
-0.253165 5.338983 -0.050000
-0.253165 5.847458 -0.050000
-0.253165 6.355932 -0.050000
-0.253165 6.864407 -0.050000
-0.253165 7.372881 -0.050000
-0.253165 7.881356 -0.050000
-0.253165 8.389831 -0.050000
-0.253165 8.898305 -0.050000
-0.253165 9.406780 -0.050000
-0.253165 9.915254 -0.050000
-0.253165 10.423729 -0.050000
-0.253165 10.932203 -0.050000
-0.253165 11.440678 -0.050000
-0.253165 11.949153 -0.050000
-0.253165 12.457627 -0.050000
-0.253165 12.966102 -0.050000
-0.253165 13.474576 -0.050000
-0.253165 13.983051 -0.050000
-0.253165 14.491525 -0.050000
-0.253165 15.000000 -0.050000
0.253165 -15.000000 -0.050000
0.253165 -14.491525 -0.050000
0.253165 -13.983051 -0.050000
0.253165 -13.474576 -0.050000
0.253165 -12.966102 -0.050000
0.253165 -12.457627 -0.050000
0.253165 -11.949153 -0.050000
0.253165 -11.440678 -0.050000
0.253165 -10.932203 -0.050000
0.253165 -10.423729 -0.050000
0.253165 -9.915254 -0.050000
0.253165 -9.406780 -0.050000
0.253165 -8.898305 -0.050000
0.253165 -8.389831 -0.050000
0.253165 -7.881356 -0.050000
0.253165 -7.372881 -0.050000
0.253165 -6.864407 -0.050000
0.253165 -6.355932 -0.050000
0.253165 -5.847458 -0.050000
0.253165 -5.338983 -0.050000
0.253165 -4.830508 -0.050000
0.253165 -4.322034 -0.050000
0.253165 -3.813559 -0.050000
0.253165 -3.305085 -0.050000
0.253165 -2.796610 -0.050000
0.253165 -2.288136 -0.050000
0.253165 -1.779661 -0.050000
0.253165 -1.271186 -0.050000
0.253165 -0.762712 -0.050000
0.253165 -0.254237 -0.050000
0.253165 0.254237 -0.050000
0.253165 0.762712 -0.050000
0.253165 1.271186 -0.050000
0.253165 1.779661 -0.050000
0.253165 2.288136 -0.050000
0.253165 2.796610 -0.050000
0.253165 3.305085 -0.050000
0.253165 3.813559 -0.050000
0.253165 4.322034 -0.050000
0.253165 4.830508 -0.050000
0.253165 5.338983 -0.050000
0.253165 5.847458 -0.050000
0.253165 6.355932 -0.050000
0.253165 6.864407 -0.050000
0.253165 7.372881 -0.050000
0.253165 7.881356 -0.050000
0.253165 8.389831 -0.050000
0.253165 8.898305 -0.050000
0.253165 9.406780 -0.050000
0.253165 9.915254 -0.050000
0.253165 10.423729 -0.050000
0.253165 10.932203 -0.050000
0.253165 11.440678 -0.050000
0.253165 11.949153 -0.050000
0.253165 12.457627 -0.050000
0.253165 12.966102 -0.050000
0.253165 13.474576 -0.050000
0.253165 13.983051 -0.050000
0.253165 14.491525 -0.050000
0.253165 15.000000 -0.050000
0.759494 -15.000000 -0.050000
0.759494 -14.491525 -0.050000
0.759494 -13.983051 -0.050000
0.759494 -13.474576 -0.050000
0.759494 -12.966102 -0.050000
0.759494 -12.457627 -0.050000
0.759494 -11.949153 -0.050000
0.759494 -11.440678 -0.050000
0.759494 -10.932203 -0.050000
0.759494 -10.423729 -0.050000
0.759494 -9.915254 -0.050000
0.759494 -9.406780 -0.050000
0.759494 -8.898305 -0.050000
0.759494 -8.389831 -0.050000
0.759494 -7.881356 -0.050000
0.759494 -7.372881 -0.050000
0.759494 -6.864407 -0.050000
0.759494 -6.355932 -0.050000
0.759494 -5.847458 -0.050000
0.759494 -5.338983 -0.050000
0.759494 -4.830508 -0.050000
0.759494 -4.322034 -0.050000
0.759494 -3.813559 -0.050000
0.759494 -3.305085 -0.050000
0.759494 -2.796610 -0.050000
0.759494 -2.288136 -0.050000
0.759494 -1.779661 -0.050000
0.759494 -1.271186 -0.050000
0.759494 -0.762712 -0.050000
0.759494 -0.254237 -0.050000
0.759494 0.254237 -0.050000
0.759494 0.762712 -0.050000
0.759494 1.271186 -0.050000
0.759494 1.779661 -0.050000
0.759494 2.288136 -0.050000
0.759494 2.796610 -0.050000
0.759494 3.305085 -0.050000
0.759494 3.813559 -0.050000
0.759494 4.322034 -0.050000
0.759494 4.830508 -0.050000
0.759494 5.338983 -0.050000
0.759494 5.847458 -0.050000
0.759494 6.355932 -0.050000
0.759494 6.864407 -0.050000
0.759494 7.372881 -0.050000
0.759494 7.881356 -0.050000
0.759494 8.389831 -0.050000
0.759494 8.898305 -0.050000
0.759494 9.406780 -0.050000
0.759494 9.915254 -0.050000
0.759494 10.423729 -0.050000
0.759494 10.932203 -0.050000
0.759494 11.440678 -0.050000
0.759494 11.949153 -0.050000
0.759494 12.457627 -0.050000
0.759494 12.966102 -0.050000
0.759494 13.474576 -0.050000
0.759494 13.983051 -0.050000
0.759494 14.491525 -0.050000
0.759494 15.000000 -0.050000
1.265823 -15.000000 -0.050000
1.265823 -14.491525 -0.050000
1.265823 -13.983051 -0.050000
1.265823 -13.474576 -0.050000
1.265823 -12.966102 -0.050000
1.265823 -12.457627 -0.050000
1.265823 -11.949153 -0.050000
1.265823 -11.440678 -0.050000
1.265823 -10.932203 -0.050000
1.265823 -10.423729 -0.050000
1.265823 -9.915254 -0.050000
1.265823 -9.406780 -0.050000
1.265823 -8.898305 -0.050000
1.265823 -8.389831 -0.050000
1.265823 -7.881356 -0.050000
1.265823 -7.372881 -0.050000
1.265823 -6.864407 -0.050000
1.265823 -6.355932 -0.050000
1.265823 -5.847458 -0.050000
1.265823 -5.338983 -0.050000
1.265823 -4.830508 -0.050000
1.265823 -4.322034 -0.050000
1.265823 -3.813559 -0.050000
1.265823 -3.305085 -0.050000
1.265823 -2.796610 -0.050000
1.265823 -2.288136 -0.050000
1.265823 -1.779661 -0.050000
1.265823 -1.271186 -0.050000
1.265823 -0.762712 -0.050000
1.265823 -0.254237 -0.050000
1.265823 0.254237 -0.050000
1.265823 0.762712 -0.050000
1.265823 1.271186 -0.050000
1.265823 1.779661 -0.050000
1.265823 2.288136 -0.050000
1.265823 2.796610 -0.050000
1.265823 3.305085 -0.050000
1.265823 3.813559 -0.050000
1.265823 4.322034 -0.050000
1.265823 4.830508 -0.050000
1.265823 5.338983 -0.050000
1.265823 5.847458 -0.050000
1.265823 6.355932 -0.050000
1.265823 6.864407 -0.050000
1.265823 7.372881 -0.050000
1.265823 7.881356 -0.050000
1.265823 8.389831 -0.050000
1.265823 8.898305 -0.050000
1.265823 9.406780 -0.050000
1.265823 9.915254 -0.050000
1.265823 10.423729 -0.050000
1.265823 10.932203 -0.050000
1.265823 11.440678 -0.050000
1.265823 11.949153 -0.050000
1.265823 12.457627 -0.050000
1.265823 12.966102 -0.050000
1.265823 13.474576 -0.050000
1.265823 13.983051 -0.050000
1.265823 14.491525 -0.050000
1.265823 15.000000 -0.050000
1.772152 -15.000000 -0.050000
1.772152 -14.491525 -0.050000
1.772152 -13.983051 -0.050000
1.772152 -13.474576 -0.050000
1.772152 -12.966102 -0.050000
1.772152 -12.457627 -0.050000
1.772152 -11.949153 -0.050000
1.772152 -11.440678 -0.050000
1.772152 -10.932203 -0.050000
1.772152 -10.423729 -0.050000
1.772152 -9.915254 -0.050000
1.772152 -9.406780 -0.050000
1.772152 -8.898305 -0.050000
1.772152 -8.389831 -0.050000
1.772152 -7.881356 -0.050000
1.772152 -7.372881 -0.050000
1.772152 -6.864407 -0.050000
1.772152 -6.355932 -0.050000
1.772152 -5.847458 -0.050000
1.772152 -5.338983 -0.050000
1.772152 -4.830508 -0.050000
1.772152 -4.322034 -0.050000
1.772152 -3.813559 -0.050000
1.772152 -3.305085 -0.050000
1.772152 -2.796610 -0.050000
1.772152 -2.288136 -0.050000
1.772152 -1.779661 -0.050000
1.772152 -1.271186 -0.050000
1.772152 -0.762712 -0.050000
1.772152 -0.254237 -0.050000
1.772152 0.254237 -0.050000
1.772152 0.762712 -0.050000
1.772152 1.271186 -0.050000
1.772152 1.779661 -0.050000
1.772152 2.288136 -0.050000
1.772152 2.796610 -0.050000
1.772152 3.305085 -0.050000
1.772152 3.813559 -0.050000
1.772152 4.322034 -0.050000
1.772152 4.830508 -0.050000
1.772152 5.338983 -0.050000
1.772152 5.847458 -0.050000
1.772152 6.355932 -0.050000
1.772152 6.864407 -0.050000
1.772152 7.372881 -0.050000
1.772152 7.881356 -0.050000
1.772152 8.389831 -0.050000
1.772152 8.898305 -0.050000
1.772152 9.406780 -0.050000
1.772152 9.915254 -0.050000
1.772152 10.423729 -0.050000
1.772152 10.932203 -0.050000
1.772152 11.440678 -0.050000
1.772152 11.949153 -0.050000
1.772152 12.457627 -0.050000
1.772152 12.966102 -0.050000
1.772152 13.474576 -0.050000
1.772152 13.983051 -0.050000
1.772152 14.491525 -0.050000
1.772152 15.000000 -0.050000
2.278481 -15.000000 -0.050000
2.278481 -14.491525 -0.050000
2.278481 -13.983051 -0.050000
2.278481 -13.474576 -0.050000
2.278481 -12.966102 -0.050000
2.278481 -12.457627 -0.050000
2.278481 -11.949153 -0.050000
2.278481 -11.440678 -0.050000
2.278481 -10.932203 -0.050000
2.278481 -10.423729 -0.050000
2.278481 -9.915254 -0.050000
2.278481 -9.406780 -0.050000
2.278481 -8.898305 -0.050000
2.278481 -8.389831 -0.050000
2.278481 -7.881356 -0.050000
2.278481 -7.372881 -0.050000
2.278481 -6.864407 -0.050000
2.278481 -6.355932 -0.050000
2.278481 -5.847458 -0.050000
2.278481 -5.338983 -0.050000
2.278481 -4.830508 -0.050000
2.278481 -4.322034 -0.050000
2.278481 -3.813559 -0.050000
2.278481 -3.305085 -0.050000
2.278481 -2.796610 -0.050000
2.278481 -2.288136 -0.050000
2.278481 -1.779661 -0.050000
2.278481 -1.271186 -0.050000
2.278481 -0.762712 -0.050000
2.278481 -0.254237 -0.050000
2.278481 0.254237 -0.050000
2.278481 0.762712 -0.050000
2.278481 1.271186 -0.050000
2.278481 1.779661 -0.050000
2.278481 2.288136 -0.050000
2.278481 2.796610 -0.050000
2.278481 3.305085 -0.050000
2.278481 3.813559 -0.050000
2.278481 4.322034 -0.050000
2.278481 4.830508 -0.050000
2.278481 5.338983 -0.050000
2.278481 5.847458 -0.050000
2.278481 6.355932 -0.050000
2.278481 6.864407 -0.050000
2.278481 7.372881 -0.050000
2.278481 7.881356 -0.050000
2.278481 8.389831 -0.050000
2.278481 8.898305 -0.050000
2.278481 9.406780 -0.050000
2.278481 9.915254 -0.050000
2.278481 10.423729 -0.050000
2.278481 10.932203 -0.050000
2.278481 11.440678 -0.050000
2.278481 11.949153 -0.050000
2.278481 12.457627 -0.050000
2.278481 12.966102 -0.050000
2.278481 13.474576 -0.050000
2.278481 13.983051 -0.050000
2.278481 14.491525 -0.050000
2.278481 15.000000 -0.050000
2.784810 -15.000000 -0.050000
2.784810 -14.491525 -0.050000
2.784810 -13.983051 -0.050000
2.784810 -13.474576 -0.050000
2.784810 -12.966102 -0.050000
2.784810 -12.457627 -0.050000
2.784810 -11.949153 -0.050000
2.784810 -11.440678 -0.050000
2.784810 -10.932203 -0.050000
2.784810 -10.423729 -0.050000
2.784810 -9.915254 -0.050000
2.784810 -9.406780 -0.050000
2.784810 -8.898305 -0.050000
2.784810 -8.389831 -0.050000
2.784810 -7.881356 -0.050000
2.784810 -7.372881 -0.050000
2.784810 -6.864407 -0.050000
2.784810 -6.355932 -0.050000
2.784810 -5.847458 -0.050000
2.784810 -5.338983 -0.050000
2.784810 -4.830508 -0.050000
2.784810 -4.322034 -0.050000
2.784810 -3.813559 -0.050000
2.784810 -3.305085 -0.050000
2.784810 -2.796610 -0.050000
2.784810 -2.288136 -0.050000
2.784810 -1.779661 -0.050000
2.784810 -1.271186 -0.050000
2.784810 -0.762712 -0.050000
2.784810 -0.254237 -0.050000
2.784810 0.254237 -0.050000
2.784810 0.762712 -0.050000
2.784810 1.271186 -0.050000
2.784810 1.779661 -0.050000
2.784810 2.288136 -0.050000
2.784810 2.796610 -0.050000
2.784810 3.305085 -0.050000
2.784810 3.813559 -0.050000
2.784810 4.322034 -0.050000
2.784810 4.830508 -0.050000
2.784810 5.338983 -0.050000
2.784810 5.847458 -0.050000
2.784810 6.355932 -0.050000
2.784810 6.864407 -0.050000
2.784810 7.372881 -0.050000
2.784810 7.881356 -0.050000
2.784810 8.389831 -0.050000
2.784810 8.898305 -0.050000
2.784810 9.406780 -0.050000
2.784810 9.915254 -0.050000
2.784810 10.423729 -0.050000
2.784810 10.932203 -0.050000
2.784810 11.440678 -0.050000
2.784810 11.949153 -0.050000
2.784810 12.457627 -0.050000
2.784810 12.966102 -0.050000
2.784810 13.474576 -0.050000
2.784810 13.983051 -0.050000
2.784810 14.491525 -0.050000
2.784810 15.000000 -0.050000
3.291139 -15.000000 -0.050000
3.291139 -14.491525 -0.050000
3.291139 -13.983051 -0.050000
3.291139 -13.474576 -0.050000
3.291139 -12.966102 -0.050000
3.291139 -12.457627 -0.050000
3.291139 -11.949153 -0.050000
3.291139 -11.440678 -0.050000
3.291139 -10.932203 -0.050000
3.291139 -10.423729 -0.050000
3.291139 -9.915254 -0.050000
3.291139 -9.406780 -0.050000
3.291139 -8.898305 -0.050000
3.291139 -8.389831 -0.050000
3.291139 -7.881356 -0.050000
3.291139 -7.372881 -0.050000
3.291139 -6.864407 -0.050000
3.291139 -6.355932 -0.050000
3.291139 -5.847458 -0.050000
3.291139 -5.338983 -0.050000
3.291139 -4.830508 -0.050000
3.291139 -4.322034 -0.050000
3.291139 -3.813559 -0.050000
3.291139 -3.305085 -0.050000
3.291139 -2.796610 -0.050000
3.291139 -2.288136 -0.050000
3.291139 -1.779661 -0.050000
3.291139 -1.271186 -0.050000
3.291139 -0.762712 -0.050000
3.291139 -0.254237 -0.050000
3.291139 0.254237 -0.050000
3.291139 0.762712 -0.050000
3.291139 1.271186 -0.050000
3.291139 1.779661 -0.050000
3.291139 2.288136 -0.050000
3.291139 2.796610 -0.050000
3.291139 3.305085 -0.050000
3.291139 3.813559 -0.050000
3.291139 4.322034 -0.050000
3.291139 4.830508 -0.050000
3.291139 5.338983 -0.050000
3.291139 5.847458 -0.050000
3.291139 6.355932 -0.050000
3.291139 6.864407 -0.050000
3.291139 7.372881 -0.050000
3.291139 7.881356 -0.050000
3.291139 8.389831 -0.050000
3.291139 8.898305 -0.050000
3.291139 9.406780 -0.050000
3.291139 9.915254 -0.050000
3.291139 10.423729 -0.050000
3.291139 10.932203 -0.050000
3.291139 11.440678 -0.050000
3.291139 11.949153 -0.050000
3.291139 12.457627 -0.050000
3.291139 12.966102 -0.050000
3.291139 13.474576 -0.050000
3.291139 13.983051 -0.050000
3.291139 14.491525 -0.050000
3.291139 15.000000 -0.050000
3.797468 -15.000000 -0.050000
3.797468 -14.491525 -0.050000
3.797468 -13.983051 -0.050000
3.797468 -13.474576 -0.050000
3.797468 -12.966102 -0.050000
3.797468 -12.457627 -0.050000
3.797468 -11.949153 -0.050000
3.797468 -11.440678 -0.050000
3.797468 -10.932203 -0.050000
3.797468 -10.423729 -0.050000
3.797468 -9.915254 -0.050000
3.797468 -9.406780 -0.050000
3.797468 -8.898305 -0.050000
3.797468 -8.389831 -0.050000
3.797468 -7.881356 -0.050000
3.797468 -7.372881 -0.050000
3.797468 -6.864407 -0.050000
3.797468 -6.355932 -0.050000
3.797468 -5.847458 -0.050000
3.797468 -5.338983 -0.050000
3.797468 -4.830508 -0.050000
3.797468 -4.322034 -0.050000
3.797468 -3.813559 -0.050000
3.797468 -3.305085 -0.050000
3.797468 -2.796610 -0.050000
3.797468 -2.288136 -0.050000
3.797468 -1.779661 -0.050000
3.797468 -1.271186 -0.050000
3.797468 -0.762712 -0.050000
3.797468 -0.254237 -0.050000
3.797468 0.254237 -0.050000
3.797468 0.762712 -0.050000
3.797468 1.271186 -0.050000
3.797468 1.779661 -0.050000
3.797468 2.288136 -0.050000
3.797468 2.796610 -0.050000
3.797468 3.305085 -0.050000
3.797468 3.813559 -0.050000
3.797468 4.322034 -0.050000
3.797468 4.830508 -0.050000
3.797468 5.338983 -0.050000
3.797468 5.847458 -0.050000
3.797468 6.355932 -0.050000
3.797468 6.864407 -0.050000
3.797468 7.372881 -0.050000
3.797468 7.881356 -0.050000
3.797468 8.389831 -0.050000
3.797468 8.898305 -0.050000
3.797468 9.406780 -0.050000
3.797468 9.915254 -0.050000
3.797468 10.423729 -0.050000
3.797468 10.932203 -0.050000
3.797468 11.440678 -0.050000
3.797468 11.949153 -0.050000
3.797468 12.457627 -0.050000
3.797468 12.966102 -0.050000
3.797468 13.474576 -0.050000
3.797468 13.983051 -0.050000
3.797468 14.491525 -0.050000
3.797468 15.000000 -0.050000
4.303797 -15.000000 -0.050000
4.303797 -14.491525 -0.050000
4.303797 -13.983051 -0.050000
4.303797 -13.474576 -0.050000
4.303797 -12.966102 -0.050000
4.303797 -12.457627 -0.050000
4.303797 -11.949153 -0.050000
4.303797 -11.440678 -0.050000
4.303797 -10.932203 -0.050000
4.303797 -10.423729 -0.050000
4.303797 -9.915254 -0.050000
4.303797 -9.406780 -0.050000
4.303797 -8.898305 -0.050000
4.303797 -8.389831 -0.050000
4.303797 -7.881356 -0.050000
4.303797 -7.372881 -0.050000
4.303797 -6.864407 -0.050000
4.303797 -6.355932 -0.050000
4.303797 -5.847458 -0.050000
4.303797 -5.338983 -0.050000
4.303797 -4.830508 -0.050000
4.303797 -4.322034 -0.050000
4.303797 -3.813559 -0.050000
4.303797 -3.305085 -0.050000
4.303797 -2.796610 -0.050000
4.303797 -2.288136 -0.050000
4.303797 -1.779661 -0.050000
4.303797 -1.271186 -0.050000
4.303797 -0.762712 -0.050000
4.303797 -0.254237 -0.050000
4.303797 0.254237 -0.050000
4.303797 0.762712 -0.050000
4.303797 1.271186 -0.050000
4.303797 1.779661 -0.050000
4.303797 2.288136 -0.050000
4.303797 2.796610 -0.050000
4.303797 3.305085 -0.050000
4.303797 3.813559 -0.050000
4.303797 4.322034 -0.050000
4.303797 4.830508 -0.050000
4.303797 5.338983 -0.050000
4.303797 5.847458 -0.050000
4.303797 6.355932 -0.050000
4.303797 6.864407 -0.050000
4.303797 7.372881 -0.050000
4.303797 7.881356 -0.050000
4.303797 8.389831 -0.050000
4.303797 8.898305 -0.050000
4.303797 9.406780 -0.050000
4.303797 9.915254 -0.050000
4.303797 10.423729 -0.050000
4.303797 10.932203 -0.050000
4.303797 11.440678 -0.050000
4.303797 11.949153 -0.050000
4.303797 12.457627 -0.050000
4.303797 12.966102 -0.050000
4.303797 13.474576 -0.050000
4.303797 13.983051 -0.050000
4.303797 14.491525 -0.050000
4.303797 15.000000 -0.050000
4.810127 -15.000000 -0.050000
4.810127 -14.491525 -0.050000
4.810127 -13.983051 -0.050000
4.810127 -13.474576 -0.050000
4.810127 -12.966102 -0.050000
4.810127 -12.457627 -0.050000
4.810127 -11.949153 -0.050000
4.810127 -11.440678 -0.050000
4.810127 -10.932203 -0.050000
4.810127 -10.423729 -0.050000
4.810127 -9.915254 -0.050000
4.810127 -9.406780 -0.050000
4.810127 -8.898305 -0.050000
4.810127 -8.389831 -0.050000
4.810127 -7.881356 -0.050000
4.810127 -7.372881 -0.050000
4.810127 -6.864407 -0.050000
4.810127 -6.355932 -0.050000
4.810127 -5.847458 -0.050000
4.810127 -5.338983 -0.050000
4.810127 -4.830508 -0.050000
4.810127 -4.322034 -0.050000
4.810127 -3.813559 -0.050000
4.810127 -3.305085 -0.050000
4.810127 -2.796610 -0.050000
4.810127 -2.288136 -0.050000
4.810127 -1.779661 -0.050000
4.810127 -1.271186 -0.050000
4.810127 -0.762712 -0.050000
4.810127 -0.254237 -0.050000
4.810127 0.254237 -0.050000
4.810127 0.762712 -0.050000
4.810127 1.271186 -0.050000
4.810127 1.779661 -0.050000
4.810127 2.288136 -0.050000
4.810127 2.796610 -0.050000
4.810127 3.305085 -0.050000
4.810127 3.813559 -0.050000
4.810127 4.322034 -0.050000
4.810127 4.830508 -0.050000
4.810127 5.338983 -0.050000
4.810127 5.847458 -0.050000
4.810127 6.355932 -0.050000
4.810127 6.864407 -0.050000
4.810127 7.372881 -0.050000
4.810127 7.881356 -0.050000
4.810127 8.389831 -0.050000
4.810127 8.898305 -0.050000
4.810127 9.406780 -0.050000
4.810127 9.915254 -0.050000
4.810127 10.423729 -0.050000
4.810127 10.932203 -0.050000
4.810127 11.440678 -0.050000
4.810127 11.949153 -0.050000
4.810127 12.457627 -0.050000
4.810127 12.966102 -0.050000
4.810127 13.474576 -0.050000
4.810127 13.983051 -0.050000
4.810127 14.491525 -0.050000
4.810127 15.000000 -0.050000
5.316456 -15.000000 -0.050000
5.316456 -14.491525 -0.050000
5.316456 -13.983051 -0.050000
5.316456 -13.474576 -0.050000
5.316456 -12.966102 -0.050000
5.316456 -12.457627 -0.050000
5.316456 -11.949153 -0.050000
5.316456 -11.440678 -0.050000
5.316456 -10.932203 -0.050000
5.316456 -10.423729 -0.050000
5.316456 -9.915254 -0.050000
5.316456 -9.406780 -0.050000
5.316456 -8.898305 -0.050000
5.316456 -8.389831 -0.050000
5.316456 -7.881356 -0.050000
5.316456 -7.372881 -0.050000
5.316456 -6.864407 -0.050000
5.316456 -6.355932 -0.050000
5.316456 -5.847458 -0.050000
5.316456 -5.338983 -0.050000
5.316456 -4.830508 -0.050000
5.316456 -4.322034 -0.050000
5.316456 -3.813559 -0.050000
5.316456 -3.305085 -0.050000
5.316456 -2.796610 -0.050000
5.316456 -2.288136 -0.050000
5.316456 -1.779661 -0.050000
5.316456 -1.271186 -0.050000
5.316456 -0.762712 -0.050000
5.316456 -0.254237 -0.050000
5.316456 0.254237 -0.050000
5.316456 0.762712 -0.050000
5.316456 1.271186 -0.050000
5.316456 1.779661 -0.050000
5.316456 2.288136 -0.050000
5.316456 2.796610 -0.050000
5.316456 3.305085 -0.050000
5.316456 3.813559 -0.050000
5.316456 4.322034 -0.050000
5.316456 4.830508 -0.050000
5.316456 5.338983 -0.050000
5.316456 5.847458 -0.050000
5.316456 6.355932 -0.050000
5.316456 6.864407 -0.050000
5.316456 7.372881 -0.050000
5.316456 7.881356 -0.050000
5.316456 8.389831 -0.050000
5.316456 8.898305 -0.050000
5.316456 9.406780 -0.050000
5.316456 9.915254 -0.050000
5.316456 10.423729 -0.050000
5.316456 10.932203 -0.050000
5.316456 11.440678 -0.050000
5.316456 11.949153 -0.050000
5.316456 12.457627 -0.050000
5.316456 12.966102 -0.050000
5.316456 13.474576 -0.050000
5.316456 13.983051 -0.050000
5.316456 14.491525 -0.050000
5.316456 15.000000 -0.050000
5.822785 -15.000000 -0.050000
5.822785 -14.491525 -0.050000
5.822785 -13.983051 -0.050000
5.822785 -13.474576 -0.050000
5.822785 -12.966102 -0.050000
5.822785 -12.457627 -0.050000
5.822785 -11.949153 -0.050000
5.822785 -11.440678 -0.050000
5.822785 -10.932203 -0.050000
5.822785 -10.423729 -0.050000
5.822785 -9.915254 -0.050000
5.822785 -9.406780 -0.050000
5.822785 -8.898305 -0.050000
5.822785 -8.389831 -0.050000
5.822785 -7.881356 -0.050000
5.822785 -7.372881 -0.050000
5.822785 -6.864407 -0.050000
5.822785 -6.355932 -0.050000
5.822785 -5.847458 -0.050000
5.822785 -5.338983 -0.050000
5.822785 -4.830508 -0.050000
5.822785 -4.322034 -0.050000
5.822785 -3.813559 -0.050000
5.822785 -3.305085 -0.050000
5.822785 -2.796610 -0.050000
5.822785 -2.288136 -0.050000
5.822785 -1.779661 -0.050000
5.822785 -1.271186 -0.050000
5.822785 -0.762712 -0.050000
5.822785 -0.254237 -0.050000
5.822785 0.254237 -0.050000
5.822785 0.762712 -0.050000
5.822785 1.271186 -0.050000
5.822785 1.779661 -0.050000
5.822785 2.288136 -0.050000
5.822785 2.796610 -0.050000
5.822785 3.305085 -0.050000
5.822785 3.813559 -0.050000
5.822785 4.322034 -0.050000
5.822785 4.830508 -0.050000
5.822785 5.338983 -0.050000
5.822785 5.847458 -0.050000
5.822785 6.355932 -0.050000
5.822785 6.864407 -0.050000
5.822785 7.372881 -0.050000
5.822785 7.881356 -0.050000
5.822785 8.389831 -0.050000
5.822785 8.898305 -0.050000
5.822785 9.406780 -0.050000
5.822785 9.915254 -0.050000
5.822785 10.423729 -0.050000
5.822785 10.932203 -0.050000
5.822785 11.440678 -0.050000
5.822785 11.949153 -0.050000
5.822785 12.457627 -0.050000
5.822785 12.966102 -0.050000
5.822785 13.474576 -0.050000
5.822785 13.983051 -0.050000
5.822785 14.491525 -0.050000
5.822785 15.000000 -0.050000
6.329114 -15.000000 -0.050000
6.329114 -14.491525 -0.050000
6.329114 -13.983051 -0.050000
6.329114 -13.474576 -0.050000
6.329114 -12.966102 -0.050000
6.329114 -12.457627 -0.050000
6.329114 -11.949153 -0.050000
6.329114 -11.440678 -0.050000
6.329114 -10.932203 -0.050000
6.329114 -10.423729 -0.050000
6.329114 -9.915254 -0.050000
6.329114 -9.406780 -0.050000
6.329114 -8.898305 -0.050000
6.329114 -8.389831 -0.050000
6.329114 -7.881356 -0.050000
6.329114 -7.372881 -0.050000
6.329114 -6.864407 -0.050000
6.329114 -6.355932 -0.050000
6.329114 -5.847458 -0.050000
6.329114 -5.338983 -0.050000
6.329114 -4.830508 -0.050000
6.329114 -4.322034 -0.050000
6.329114 -3.813559 -0.050000
6.329114 -3.305085 -0.050000
6.329114 -2.796610 -0.050000
6.329114 -2.288136 -0.050000
6.329114 -1.779661 -0.050000
6.329114 -1.271186 -0.050000
6.329114 -0.762712 -0.050000
6.329114 -0.254237 -0.050000
6.329114 0.254237 -0.050000
6.329114 0.762712 -0.050000
6.329114 1.271186 -0.050000
6.329114 1.779661 -0.050000
6.329114 2.288136 -0.050000
6.329114 2.796610 -0.050000
6.329114 3.305085 -0.050000
6.329114 3.813559 -0.050000
6.329114 4.322034 -0.050000
6.329114 4.830508 -0.050000
6.329114 5.338983 -0.050000
6.329114 5.847458 -0.050000
6.329114 6.355932 -0.050000
6.329114 6.864407 -0.050000
6.329114 7.372881 -0.050000
6.329114 7.881356 -0.050000
6.329114 8.389831 -0.050000
6.329114 8.898305 -0.050000
6.329114 9.406780 -0.050000
6.329114 9.915254 -0.050000
6.329114 10.423729 -0.050000
6.329114 10.932203 -0.050000
6.329114 11.440678 -0.050000
6.329114 11.949153 -0.050000
6.329114 12.457627 -0.050000
6.329114 12.966102 -0.050000
6.329114 13.474576 -0.050000
6.329114 13.983051 -0.050000
6.329114 14.491525 -0.050000
6.329114 15.000000 -0.050000
6.835443 -15.000000 -0.050000
6.835443 -14.491525 -0.050000
6.835443 -13.983051 -0.050000
6.835443 -13.474576 -0.050000
6.835443 -12.966102 -0.050000
6.835443 -12.457627 -0.050000
6.835443 -11.949153 -0.050000
6.835443 -11.440678 -0.050000
6.835443 -10.932203 -0.050000
6.835443 -10.423729 -0.050000
6.835443 -9.915254 -0.050000
6.835443 -9.406780 -0.050000
6.835443 -8.898305 -0.050000
6.835443 -8.389831 -0.050000
6.835443 -7.881356 -0.050000
6.835443 -7.372881 -0.050000
6.835443 -6.864407 -0.050000
6.835443 -6.355932 -0.050000
6.835443 -5.847458 -0.050000
6.835443 -5.338983 -0.050000
6.835443 -4.830508 -0.050000
6.835443 -4.322034 -0.050000
6.835443 -3.813559 -0.050000
6.835443 -3.305085 -0.050000
6.835443 -2.796610 -0.050000
6.835443 -2.288136 -0.050000
6.835443 -1.779661 -0.050000
6.835443 -1.271186 -0.050000
6.835443 -0.762712 -0.050000
6.835443 -0.254237 -0.050000
6.835443 0.254237 -0.050000
6.835443 0.762712 -0.050000
6.835443 1.271186 -0.050000
6.835443 1.779661 -0.050000
6.835443 2.288136 -0.050000
6.835443 2.796610 -0.050000
6.835443 3.305085 -0.050000
6.835443 3.813559 -0.050000
6.835443 4.322034 -0.050000
6.835443 4.830508 -0.050000
6.835443 5.338983 -0.050000
6.835443 5.847458 -0.050000
6.835443 6.355932 -0.050000
6.835443 6.864407 -0.050000
6.835443 7.372881 -0.050000
6.835443 7.881356 -0.050000
6.835443 8.389831 -0.050000
6.835443 8.898305 -0.050000
6.835443 9.406780 -0.050000
6.835443 9.915254 -0.050000
6.835443 10.423729 -0.050000
6.835443 10.932203 -0.050000
6.835443 11.440678 -0.050000
6.835443 11.949153 -0.050000
6.835443 12.457627 -0.050000
6.835443 12.966102 -0.050000
6.835443 13.474576 -0.050000
6.835443 13.983051 -0.050000
6.835443 14.491525 -0.050000
6.835443 15.000000 -0.050000
7.341772 -15.000000 -0.050000
7.341772 -14.491525 -0.050000
7.341772 -13.983051 -0.050000
7.341772 -13.474576 -0.050000
7.341772 -12.966102 -0.050000
7.341772 -12.457627 -0.050000
7.341772 -11.949153 -0.050000
7.341772 -11.440678 -0.050000
7.341772 -10.932203 -0.050000
7.341772 -10.423729 -0.050000
7.341772 -9.915254 -0.050000
7.341772 -9.406780 -0.050000
7.341772 -8.898305 -0.050000
7.341772 -8.389831 -0.050000
7.341772 -7.881356 -0.050000
7.341772 -7.372881 -0.050000
7.341772 -6.864407 -0.050000
7.341772 -6.355932 -0.050000
7.341772 -5.847458 -0.050000
7.341772 -5.338983 -0.050000
7.341772 -4.830508 -0.050000
7.341772 -4.322034 -0.050000
7.341772 -3.813559 -0.050000
7.341772 -3.305085 -0.050000
7.341772 -2.796610 -0.050000
7.341772 -2.288136 -0.050000
7.341772 -1.779661 -0.050000
7.341772 -1.271186 -0.050000
7.341772 -0.762712 -0.050000
7.341772 -0.254237 -0.050000
7.341772 0.254237 -0.050000
7.341772 0.762712 -0.050000
7.341772 1.271186 -0.050000
7.341772 1.779661 -0.050000
7.341772 2.288136 -0.050000
7.341772 2.796610 -0.050000
7.341772 3.305085 -0.050000
7.341772 3.813559 -0.050000
7.341772 4.322034 -0.050000
7.341772 4.830508 -0.050000
7.341772 5.338983 -0.050000
7.341772 5.847458 -0.050000
7.341772 6.355932 -0.050000
7.341772 6.864407 -0.050000
7.341772 7.372881 -0.050000
7.341772 7.881356 -0.050000
7.341772 8.389831 -0.050000
7.341772 8.898305 -0.050000
7.341772 9.406780 -0.050000
7.341772 9.915254 -0.050000
7.341772 10.423729 -0.050000
7.341772 10.932203 -0.050000
7.341772 11.440678 -0.050000
7.341772 11.949153 -0.050000
7.341772 12.457627 -0.050000
7.341772 12.966102 -0.050000
7.341772 13.474576 -0.050000
7.341772 13.983051 -0.050000
7.341772 14.491525 -0.050000
7.341772 15.000000 -0.050000
7.848101 -15.000000 -0.050000
7.848101 -14.491525 -0.050000
7.848101 -13.983051 -0.050000
7.848101 -13.474576 -0.050000
7.848101 -12.966102 -0.050000
7.848101 -12.457627 -0.050000
7.848101 -11.949153 -0.050000
7.848101 -11.440678 -0.050000
7.848101 -10.932203 -0.050000
7.848101 -10.423729 -0.050000
7.848101 -9.915254 -0.050000
7.848101 -9.406780 -0.050000
7.848101 -8.898305 -0.050000
7.848101 -8.389831 -0.050000
7.848101 -7.881356 -0.050000
7.848101 -7.372881 -0.050000
7.848101 -6.864407 -0.050000
7.848101 -6.355932 -0.050000
7.848101 -5.847458 -0.050000
7.848101 -5.338983 -0.050000
7.848101 -4.830508 -0.050000
7.848101 -4.322034 -0.050000
7.848101 -3.813559 -0.050000
7.848101 -3.305085 -0.050000
7.848101 -2.796610 -0.050000
7.848101 -2.288136 -0.050000
7.848101 -1.779661 -0.050000
7.848101 -1.271186 -0.050000
7.848101 -0.762712 -0.050000
7.848101 -0.254237 -0.050000
7.848101 0.254237 -0.050000
7.848101 0.762712 -0.050000
7.848101 1.271186 -0.050000
7.848101 1.779661 -0.050000
7.848101 2.288136 -0.050000
7.848101 2.796610 -0.050000
7.848101 3.305085 -0.050000
7.848101 3.813559 -0.050000
7.848101 4.322034 -0.050000
7.848101 4.830508 -0.050000
7.848101 5.338983 -0.050000
7.848101 5.847458 -0.050000
7.848101 6.355932 -0.050000
7.848101 6.864407 -0.050000
7.848101 7.372881 -0.050000
7.848101 7.881356 -0.050000
7.848101 8.389831 -0.050000
7.848101 8.898305 -0.050000
7.848101 9.406780 -0.050000
7.848101 9.915254 -0.050000
7.848101 10.423729 -0.050000
7.848101 10.932203 -0.050000
7.848101 11.440678 -0.050000
7.848101 11.949153 -0.050000
7.848101 12.457627 -0.050000
7.848101 12.966102 -0.050000
7.848101 13.474576 -0.050000
7.848101 13.983051 -0.050000
7.848101 14.491525 -0.050000
7.848101 15.000000 -0.050000
8.354430 -15.000000 -0.050000
8.354430 -14.491525 -0.050000
8.354430 -13.983051 -0.050000
8.354430 -13.474576 -0.050000
8.354430 -12.966102 -0.050000
8.354430 -12.457627 -0.050000
8.354430 -11.949153 -0.050000
8.354430 -11.440678 -0.050000
8.354430 -10.932203 -0.050000
8.354430 -10.423729 -0.050000
8.354430 -9.915254 -0.050000
8.354430 -9.406780 -0.050000
8.354430 -8.898305 -0.050000
8.354430 -8.389831 -0.050000
8.354430 -7.881356 -0.050000
8.354430 -7.372881 -0.050000
8.354430 -6.864407 -0.050000
8.354430 -6.355932 -0.050000
8.354430 -5.847458 -0.050000
8.354430 -5.338983 -0.050000
8.354430 -4.830508 -0.050000
8.354430 -4.322034 -0.050000
8.354430 -3.813559 -0.050000
8.354430 -3.305085 -0.050000
8.354430 -2.796610 -0.050000
8.354430 -2.288136 -0.050000
8.354430 -1.779661 -0.050000
8.354430 -1.271186 -0.050000
8.354430 -0.762712 -0.050000
8.354430 -0.254237 -0.050000
8.354430 0.254237 -0.050000
8.354430 0.762712 -0.050000
8.354430 1.271186 -0.050000
8.354430 1.779661 -0.050000
8.354430 2.288136 -0.050000
8.354430 2.796610 -0.050000
8.354430 3.305085 -0.050000
8.354430 3.813559 -0.050000
8.354430 4.322034 -0.050000
8.354430 4.830508 -0.050000
8.354430 5.338983 -0.050000
8.354430 5.847458 -0.050000
8.354430 6.355932 -0.050000
8.354430 6.864407 -0.050000
8.354430 7.372881 -0.050000
8.354430 7.881356 -0.050000
8.354430 8.389831 -0.050000
8.354430 8.898305 -0.050000
8.354430 9.406780 -0.050000
8.354430 9.915254 -0.050000
8.354430 10.423729 -0.050000
8.354430 10.932203 -0.050000
8.354430 11.440678 -0.050000
8.354430 11.949153 -0.050000
8.354430 12.457627 -0.050000
8.354430 12.966102 -0.050000
8.354430 13.474576 -0.050000
8.354430 13.983051 -0.050000
8.354430 14.491525 -0.050000
8.354430 15.000000 -0.050000
8.860759 -15.000000 -0.050000
8.860759 -14.491525 -0.050000
8.860759 -13.983051 -0.050000
8.860759 -13.474576 -0.050000
8.860759 -12.966102 -0.050000
8.860759 -12.457627 -0.050000
8.860759 -11.949153 -0.050000
8.860759 -11.440678 -0.050000
8.860759 -10.932203 -0.050000
8.860759 -10.423729 -0.050000
8.860759 -9.915254 -0.050000
8.860759 -9.406780 -0.050000
8.860759 -8.898305 -0.050000
8.860759 -8.389831 -0.050000
8.860759 -7.881356 -0.050000
8.860759 -7.372881 -0.050000
8.860759 -6.864407 -0.050000
8.860759 -6.355932 -0.050000
8.860759 -5.847458 -0.050000
8.860759 -5.338983 -0.050000
8.860759 -4.830508 -0.050000
8.860759 -4.322034 -0.050000
8.860759 -3.813559 -0.050000
8.860759 -3.305085 -0.050000
8.860759 -2.796610 -0.050000
8.860759 -2.288136 -0.050000
8.860759 -1.779661 -0.050000
8.860759 -1.271186 -0.050000
8.860759 -0.762712 -0.050000
8.860759 -0.254237 -0.050000
8.860759 0.254237 -0.050000
8.860759 0.762712 -0.050000
8.860759 1.271186 -0.050000
8.860759 1.779661 -0.050000
8.860759 2.288136 -0.050000
8.860759 2.796610 -0.050000
8.860759 3.305085 -0.050000
8.860759 3.813559 -0.050000
8.860759 4.322034 -0.050000
8.860759 4.830508 -0.050000
8.860759 5.338983 -0.050000
8.860759 5.847458 -0.050000
8.860759 6.355932 -0.050000
8.860759 6.864407 -0.050000
8.860759 7.372881 -0.050000
8.860759 7.881356 -0.050000
8.860759 8.389831 -0.050000
8.860759 8.898305 -0.050000
8.860759 9.406780 -0.050000
8.860759 9.915254 -0.050000
8.860759 10.423729 -0.050000
8.860759 10.932203 -0.050000
8.860759 11.440678 -0.050000
8.860759 11.949153 -0.050000
8.860759 12.457627 -0.050000
8.860759 12.966102 -0.050000
8.860759 13.474576 -0.050000
8.860759 13.983051 -0.050000
8.860759 14.491525 -0.050000
8.860759 15.000000 -0.050000
9.367089 -15.000000 -0.050000
9.367089 -14.491525 -0.050000
9.367089 -13.983051 -0.050000
9.367089 -13.474576 -0.050000
9.367089 -12.966102 -0.050000
9.367089 -12.457627 -0.050000
9.367089 -11.949153 -0.050000
9.367089 -11.440678 -0.050000
9.367089 -10.932203 -0.050000
9.367089 -10.423729 -0.050000
9.367089 -9.915254 -0.050000
9.367089 -9.406780 -0.050000
9.367089 -8.898305 -0.050000
9.367089 -8.389831 -0.050000
9.367089 -7.881356 -0.050000
9.367089 -7.372881 -0.050000
9.367089 -6.864407 -0.050000
9.367089 -6.355932 -0.050000
9.367089 -5.847458 -0.050000
9.367089 -5.338983 -0.050000
9.367089 -4.830508 -0.050000
9.367089 -4.322034 -0.050000
9.367089 -3.813559 -0.050000
9.367089 -3.305085 -0.050000
9.367089 -2.796610 -0.050000
9.367089 -2.288136 -0.050000
9.367089 -1.779661 -0.050000
9.367089 -1.271186 -0.050000
9.367089 -0.762712 -0.050000
9.367089 -0.254237 -0.050000
9.367089 0.254237 -0.050000
9.367089 0.762712 -0.050000
9.367089 1.271186 -0.050000
9.367089 1.779661 -0.050000
9.367089 2.288136 -0.050000
9.367089 2.796610 -0.050000
9.367089 3.305085 -0.050000
9.367089 3.813559 -0.050000
9.367089 4.322034 -0.050000
9.367089 4.830508 -0.050000
9.367089 5.338983 -0.050000
9.367089 5.847458 -0.050000
9.367089 6.355932 -0.050000
9.367089 6.864407 -0.050000
9.367089 7.372881 -0.050000
9.367089 7.881356 -0.050000
9.367089 8.389831 -0.050000
9.367089 8.898305 -0.050000
9.367089 9.406780 -0.050000
9.367089 9.915254 -0.050000
9.367089 10.423729 -0.050000
9.367089 10.932203 -0.050000
9.367089 11.440678 -0.050000
9.367089 11.949153 -0.050000
9.367089 12.457627 -0.050000
9.367089 12.966102 -0.050000
9.367089 13.474576 -0.050000
9.367089 13.983051 -0.050000
9.367089 14.491525 -0.050000
9.367089 15.000000 -0.050000
9.873418 -15.000000 -0.050000
9.873418 -14.491525 -0.050000
9.873418 -13.983051 -0.050000
9.873418 -13.474576 -0.050000
9.873418 -12.966102 -0.050000
9.873418 -12.457627 -0.050000
9.873418 -11.949153 -0.050000
9.873418 -11.440678 -0.050000
9.873418 -10.932203 -0.050000
9.873418 -10.423729 -0.050000
9.873418 -9.915254 -0.050000
9.873418 -9.406780 -0.050000
9.873418 -8.898305 -0.050000
9.873418 -8.389831 -0.050000
9.873418 -7.881356 -0.050000
9.873418 -7.372881 -0.050000
9.873418 -6.864407 -0.050000
9.873418 -6.355932 -0.050000
9.873418 -5.847458 -0.050000
9.873418 -5.338983 -0.050000
9.873418 -4.830508 -0.050000
9.873418 -4.322034 -0.050000
9.873418 -3.813559 -0.050000
9.873418 -3.305085 -0.050000
9.873418 -2.796610 -0.050000
9.873418 -2.288136 -0.050000
9.873418 -1.779661 -0.050000
9.873418 -1.271186 -0.050000
9.873418 -0.762712 -0.050000
9.873418 -0.254237 -0.050000
9.873418 0.254237 -0.050000
9.873418 0.762712 -0.050000
9.873418 1.271186 -0.050000
9.873418 1.779661 -0.050000
9.873418 2.288136 -0.050000
9.873418 2.796610 -0.050000
9.873418 3.305085 -0.050000
9.873418 3.813559 -0.050000
9.873418 4.322034 -0.050000
9.873418 4.830508 -0.050000
9.873418 5.338983 -0.050000
9.873418 5.847458 -0.050000
9.873418 6.355932 -0.050000
9.873418 6.864407 -0.050000
9.873418 7.372881 -0.050000
9.873418 7.881356 -0.050000
9.873418 8.389831 -0.050000
9.873418 8.898305 -0.050000
9.873418 9.406780 -0.050000
9.873418 9.915254 -0.050000
9.873418 10.423729 -0.050000
9.873418 10.932203 -0.050000
9.873418 11.440678 -0.050000
9.873418 11.949153 -0.050000
9.873418 12.457627 -0.050000
9.873418 12.966102 -0.050000
9.873418 13.474576 -0.050000
9.873418 13.983051 -0.050000
9.873418 14.491525 -0.050000
9.873418 15.000000 -0.050000
10.379747 -15.000000 -0.050000
10.379747 -14.491525 -0.050000
10.379747 -13.983051 -0.050000
10.379747 -13.474576 -0.050000
10.379747 -12.966102 -0.050000
10.379747 -12.457627 -0.050000
10.379747 -11.949153 -0.050000
10.379747 -11.440678 -0.050000
10.379747 -10.932203 -0.050000
10.379747 -10.423729 -0.050000
10.379747 -9.915254 -0.050000
10.379747 -9.406780 -0.050000
10.379747 -8.898305 -0.050000
10.379747 -8.389831 -0.050000
10.379747 -7.881356 -0.050000
10.379747 -7.372881 -0.050000
10.379747 -6.864407 -0.050000
10.379747 -6.355932 -0.050000
10.379747 -5.847458 -0.050000
10.379747 -5.338983 -0.050000
10.379747 -4.830508 -0.050000
10.379747 -4.322034 -0.050000
10.379747 -3.813559 -0.050000
10.379747 -3.305085 -0.050000
10.379747 -2.796610 -0.050000
10.379747 -2.288136 -0.050000
10.379747 -1.779661 -0.050000
10.379747 -1.271186 -0.050000
10.379747 -0.762712 -0.050000
10.379747 -0.254237 -0.050000
10.379747 0.254237 -0.050000
10.379747 0.762712 -0.050000
10.379747 1.271186 -0.050000
10.379747 1.779661 -0.050000
10.379747 2.288136 -0.050000
10.379747 2.796610 -0.050000
10.379747 3.305085 -0.050000
10.379747 3.813559 -0.050000
10.379747 4.322034 -0.050000
10.379747 4.830508 -0.050000
10.379747 5.338983 -0.050000
10.379747 5.847458 -0.050000
10.379747 6.355932 -0.050000
10.379747 6.864407 -0.050000
10.379747 7.372881 -0.050000
10.379747 7.881356 -0.050000
10.379747 8.389831 -0.050000
10.379747 8.898305 -0.050000
10.379747 9.406780 -0.050000
10.379747 9.915254 -0.050000
10.379747 10.423729 -0.050000
10.379747 10.932203 -0.050000
10.379747 11.440678 -0.050000
10.379747 11.949153 -0.050000
10.379747 12.457627 -0.050000
10.379747 12.966102 -0.050000
10.379747 13.474576 -0.050000
10.379747 13.983051 -0.050000
10.379747 14.491525 -0.050000
10.379747 15.000000 -0.050000
10.886076 -15.000000 -0.050000
10.886076 -14.491525 -0.050000
10.886076 -13.983051 -0.050000
10.886076 -13.474576 -0.050000
10.886076 -12.966102 -0.050000
10.886076 -12.457627 -0.050000
10.886076 -11.949153 -0.050000
10.886076 -11.440678 -0.050000
10.886076 -10.932203 -0.050000
10.886076 -10.423729 -0.050000
10.886076 -9.915254 -0.050000
10.886076 -9.406780 -0.050000
10.886076 -8.898305 -0.050000
10.886076 -8.389831 -0.050000
10.886076 -7.881356 -0.050000
10.886076 -7.372881 -0.050000
10.886076 -6.864407 -0.050000
10.886076 -6.355932 -0.050000
10.886076 -5.847458 -0.050000
10.886076 -5.338983 -0.050000
10.886076 -4.830508 -0.050000
10.886076 -4.322034 -0.050000
10.886076 -3.813559 -0.050000
10.886076 -3.305085 -0.050000
10.886076 -2.796610 -0.050000
10.886076 -2.288136 -0.050000
10.886076 -1.779661 -0.050000
10.886076 -1.271186 -0.050000
10.886076 -0.762712 -0.050000
10.886076 -0.254237 -0.050000
10.886076 0.254237 -0.050000
10.886076 0.762712 -0.050000
10.886076 1.271186 -0.050000
10.886076 1.779661 -0.050000
10.886076 2.288136 -0.050000
10.886076 2.796610 -0.050000
10.886076 3.305085 -0.050000
10.886076 3.813559 -0.050000
10.886076 4.322034 -0.050000
10.886076 4.830508 -0.050000
10.886076 5.338983 -0.050000
10.886076 5.847458 -0.050000
10.886076 6.355932 -0.050000
10.886076 6.864407 -0.050000
10.886076 7.372881 -0.050000
10.886076 7.881356 -0.050000
10.886076 8.389831 -0.050000
10.886076 8.898305 -0.050000
10.886076 9.406780 -0.050000
10.886076 9.915254 -0.050000
10.886076 10.423729 -0.050000
10.886076 10.932203 -0.050000
10.886076 11.440678 -0.050000
10.886076 11.949153 -0.050000
10.886076 12.457627 -0.050000
10.886076 12.966102 -0.050000
10.886076 13.474576 -0.050000
10.886076 13.983051 -0.050000
10.886076 14.491525 -0.050000
10.886076 15.000000 -0.050000
11.392405 -15.000000 -0.050000
11.392405 -14.491525 -0.050000
11.392405 -13.983051 -0.050000
11.392405 -13.474576 -0.050000
11.392405 -12.966102 -0.050000
11.392405 -12.457627 -0.050000
11.392405 -11.949153 -0.050000
11.392405 -11.440678 -0.050000
11.392405 -10.932203 -0.050000
11.392405 -10.423729 -0.050000
11.392405 -9.915254 -0.050000
11.392405 -9.406780 -0.050000
11.392405 -8.898305 -0.050000
11.392405 -8.389831 -0.050000
11.392405 -7.881356 -0.050000
11.392405 -7.372881 -0.050000
11.392405 -6.864407 -0.050000
11.392405 -6.355932 -0.050000
11.392405 -5.847458 -0.050000
11.392405 -5.338983 -0.050000
11.392405 -4.830508 -0.050000
11.392405 -4.322034 -0.050000
11.392405 -3.813559 -0.050000
11.392405 -3.305085 -0.050000
11.392405 -2.796610 -0.050000
11.392405 -2.288136 -0.050000
11.392405 -1.779661 -0.050000
11.392405 -1.271186 -0.050000
11.392405 -0.762712 -0.050000
11.392405 -0.254237 -0.050000
11.392405 0.254237 -0.050000
11.392405 0.762712 -0.050000
11.392405 1.271186 -0.050000
11.392405 1.779661 -0.050000
11.392405 2.288136 -0.050000
11.392405 2.796610 -0.050000
11.392405 3.305085 -0.050000
11.392405 3.813559 -0.050000
11.392405 4.322034 -0.050000
11.392405 4.830508 -0.050000
11.392405 5.338983 -0.050000
11.392405 5.847458 -0.050000
11.392405 6.355932 -0.050000
11.392405 6.864407 -0.050000
11.392405 7.372881 -0.050000
11.392405 7.881356 -0.050000
11.392405 8.389831 -0.050000
11.392405 8.898305 -0.050000
11.392405 9.406780 -0.050000
11.392405 9.915254 -0.050000
11.392405 10.423729 -0.050000
11.392405 10.932203 -0.050000
11.392405 11.440678 -0.050000
11.392405 11.949153 -0.050000
11.392405 12.457627 -0.050000
11.392405 12.966102 -0.050000
11.392405 13.474576 -0.050000
11.392405 13.983051 -0.050000
11.392405 14.491525 -0.050000
11.392405 15.000000 -0.050000
11.898734 -15.000000 -0.050000
11.898734 -14.491525 -0.050000
11.898734 -13.983051 -0.050000
11.898734 -13.474576 -0.050000
11.898734 -12.966102 -0.050000
11.898734 -12.457627 -0.050000
11.898734 -11.949153 -0.050000
11.898734 -11.440678 -0.050000
11.898734 -10.932203 -0.050000
11.898734 -10.423729 -0.050000
11.898734 -9.915254 -0.050000
11.898734 -9.406780 -0.050000
11.898734 -8.898305 -0.050000
11.898734 -8.389831 -0.050000
11.898734 -7.881356 -0.050000
11.898734 -7.372881 -0.050000
11.898734 -6.864407 -0.050000
11.898734 -6.355932 -0.050000
11.898734 -5.847458 -0.050000
11.898734 -5.338983 -0.050000
11.898734 -4.830508 -0.050000
11.898734 -4.322034 -0.050000
11.898734 -3.813559 -0.050000
11.898734 -3.305085 -0.050000
11.898734 -2.796610 -0.050000
11.898734 -2.288136 -0.050000
11.898734 -1.779661 -0.050000
11.898734 -1.271186 -0.050000
11.898734 -0.762712 -0.050000
11.898734 -0.254237 -0.050000
11.898734 0.254237 -0.050000
11.898734 0.762712 -0.050000
11.898734 1.271186 -0.050000
11.898734 1.779661 -0.050000
11.898734 2.288136 -0.050000
11.898734 2.796610 -0.050000
11.898734 3.305085 -0.050000
11.898734 3.813559 -0.050000
11.898734 4.322034 -0.050000
11.898734 4.830508 -0.050000
11.898734 5.338983 -0.050000
11.898734 5.847458 -0.050000
11.898734 6.355932 -0.050000
11.898734 6.864407 -0.050000
11.898734 7.372881 -0.050000
11.898734 7.881356 -0.050000
11.898734 8.389831 -0.050000
11.898734 8.898305 -0.050000
11.898734 9.406780 -0.050000
11.898734 9.915254 -0.050000
11.898734 10.423729 -0.050000
11.898734 10.932203 -0.050000
11.898734 11.440678 -0.050000
11.898734 11.949153 -0.050000
11.898734 12.457627 -0.050000
11.898734 12.966102 -0.050000
11.898734 13.474576 -0.050000
11.898734 13.983051 -0.050000
11.898734 14.491525 -0.050000
11.898734 15.000000 -0.050000
12.405063 -15.000000 -0.050000
12.405063 -14.491525 -0.050000
12.405063 -13.983051 -0.050000
12.405063 -13.474576 -0.050000
12.405063 -12.966102 -0.050000
12.405063 -12.457627 -0.050000
12.405063 -11.949153 -0.050000
12.405063 -11.440678 -0.050000
12.405063 -10.932203 -0.050000
12.405063 -10.423729 -0.050000
12.405063 -9.915254 -0.050000
12.405063 -9.406780 -0.050000
12.405063 -8.898305 -0.050000
12.405063 -8.389831 -0.050000
12.405063 -7.881356 -0.050000
12.405063 -7.372881 -0.050000
12.405063 -6.864407 -0.050000
12.405063 -6.355932 -0.050000
12.405063 -5.847458 -0.050000
12.405063 -5.338983 -0.050000
12.405063 -4.830508 -0.050000
12.405063 -4.322034 -0.050000
12.405063 -3.813559 -0.050000
12.405063 -3.305085 -0.050000
12.405063 -2.796610 -0.050000
12.405063 -2.288136 -0.050000
12.405063 -1.779661 -0.050000
12.405063 -1.271186 -0.050000
12.405063 -0.762712 -0.050000
12.405063 -0.254237 -0.050000
12.405063 0.254237 -0.050000
12.405063 0.762712 -0.050000
12.405063 1.271186 -0.050000
12.405063 1.779661 -0.050000
12.405063 2.288136 -0.050000
12.405063 2.796610 -0.050000
12.405063 3.305085 -0.050000
12.405063 3.813559 -0.050000
12.405063 4.322034 -0.050000
12.405063 4.830508 -0.050000
12.405063 5.338983 -0.050000
12.405063 5.847458 -0.050000
12.405063 6.355932 -0.050000
12.405063 6.864407 -0.050000
12.405063 7.372881 -0.050000
12.405063 7.881356 -0.050000
12.405063 8.389831 -0.050000
12.405063 8.898305 -0.050000
12.405063 9.406780 -0.050000
12.405063 9.915254 -0.050000
12.405063 10.423729 -0.050000
12.405063 10.932203 -0.050000
12.405063 11.440678 -0.050000
12.405063 11.949153 -0.050000
12.405063 12.457627 -0.050000
12.405063 12.966102 -0.050000
12.405063 13.474576 -0.050000
12.405063 13.983051 -0.050000
12.405063 14.491525 -0.050000
12.405063 15.000000 -0.050000
12.911392 -15.000000 -0.050000
12.911392 -14.491525 -0.050000
12.911392 -13.983051 -0.050000
12.911392 -13.474576 -0.050000
12.911392 -12.966102 -0.050000
12.911392 -12.457627 -0.050000
12.911392 -11.949153 -0.050000
12.911392 -11.440678 -0.050000
12.911392 -10.932203 -0.050000
12.911392 -10.423729 -0.050000
12.911392 -9.915254 -0.050000
12.911392 -9.406780 -0.050000
12.911392 -8.898305 -0.050000
12.911392 -8.389831 -0.050000
12.911392 -7.881356 -0.050000
12.911392 -7.372881 -0.050000
12.911392 -6.864407 -0.050000
12.911392 -6.355932 -0.050000
12.911392 -5.847458 -0.050000
12.911392 -5.338983 -0.050000
12.911392 -4.830508 -0.050000
12.911392 -4.322034 -0.050000
12.911392 -3.813559 -0.050000
12.911392 -3.305085 -0.050000
12.911392 -2.796610 -0.050000
12.911392 -2.288136 -0.050000
12.911392 -1.779661 -0.050000
12.911392 -1.271186 -0.050000
12.911392 -0.762712 -0.050000
12.911392 -0.254237 -0.050000
12.911392 0.254237 -0.050000
12.911392 0.762712 -0.050000
12.911392 1.271186 -0.050000
12.911392 1.779661 -0.050000
12.911392 2.288136 -0.050000
12.911392 2.796610 -0.050000
12.911392 3.305085 -0.050000
12.911392 3.813559 -0.050000
12.911392 4.322034 -0.050000
12.911392 4.830508 -0.050000
12.911392 5.338983 -0.050000
12.911392 5.847458 -0.050000
12.911392 6.355932 -0.050000
12.911392 6.864407 -0.050000
12.911392 7.372881 -0.050000
12.911392 7.881356 -0.050000
12.911392 8.389831 -0.050000
12.911392 8.898305 -0.050000
12.911392 9.406780 -0.050000
12.911392 9.915254 -0.050000
12.911392 10.423729 -0.050000
12.911392 10.932203 -0.050000
12.911392 11.440678 -0.050000
12.911392 11.949153 -0.050000
12.911392 12.457627 -0.050000
12.911392 12.966102 -0.050000
12.911392 13.474576 -0.050000
12.911392 13.983051 -0.050000
12.911392 14.491525 -0.050000
12.911392 15.000000 -0.050000
13.417722 -15.000000 -0.050000
13.417722 -14.491525 -0.050000
13.417722 -13.983051 -0.050000
13.417722 -13.474576 -0.050000
13.417722 -12.966102 -0.050000
13.417722 -12.457627 -0.050000
13.417722 -11.949153 -0.050000
13.417722 -11.440678 -0.050000
13.417722 -10.932203 -0.050000
13.417722 -10.423729 -0.050000
13.417722 -9.915254 -0.050000
13.417722 -9.406780 -0.050000
13.417722 -8.898305 -0.050000
13.417722 -8.389831 -0.050000
13.417722 -7.881356 -0.050000
13.417722 -7.372881 -0.050000
13.417722 -6.864407 -0.050000
13.417722 -6.355932 -0.050000
13.417722 -5.847458 -0.050000
13.417722 -5.338983 -0.050000
13.417722 -4.830508 -0.050000
13.417722 -4.322034 -0.050000
13.417722 -3.813559 -0.050000
13.417722 -3.305085 -0.050000
13.417722 -2.796610 -0.050000
13.417722 -2.288136 -0.050000
13.417722 -1.779661 -0.050000
13.417722 -1.271186 -0.050000
13.417722 -0.762712 -0.050000
13.417722 -0.254237 -0.050000
13.417722 0.254237 -0.050000
13.417722 0.762712 -0.050000
13.417722 1.271186 -0.050000
13.417722 1.779661 -0.050000
13.417722 2.288136 -0.050000
13.417722 2.796610 -0.050000
13.417722 3.305085 -0.050000
13.417722 3.813559 -0.050000
13.417722 4.322034 -0.050000
13.417722 4.830508 -0.050000
13.417722 5.338983 -0.050000
13.417722 5.847458 -0.050000
13.417722 6.355932 -0.050000
13.417722 6.864407 -0.050000
13.417722 7.372881 -0.050000
13.417722 7.881356 -0.050000
13.417722 8.389831 -0.050000
13.417722 8.898305 -0.050000
13.417722 9.406780 -0.050000
13.417722 9.915254 -0.050000
13.417722 10.423729 -0.050000
13.417722 10.932203 -0.050000
13.417722 11.440678 -0.050000
13.417722 11.949153 -0.050000
13.417722 12.457627 -0.050000
13.417722 12.966102 -0.050000
13.417722 13.474576 -0.050000
13.417722 13.983051 -0.050000
13.417722 14.491525 -0.050000
13.417722 15.000000 -0.050000
13.924051 -15.000000 -0.050000
13.924051 -14.491525 -0.050000
13.924051 -13.983051 -0.050000
13.924051 -13.474576 -0.050000
13.924051 -12.966102 -0.050000
13.924051 -12.457627 -0.050000
13.924051 -11.949153 -0.050000
13.924051 -11.440678 -0.050000
13.924051 -10.932203 -0.050000
13.924051 -10.423729 -0.050000
13.924051 -9.915254 -0.050000
13.924051 -9.406780 -0.050000
13.924051 -8.898305 -0.050000
13.924051 -8.389831 -0.050000
13.924051 -7.881356 -0.050000
13.924051 -7.372881 -0.050000
13.924051 -6.864407 -0.050000
13.924051 -6.355932 -0.050000
13.924051 -5.847458 -0.050000
13.924051 -5.338983 -0.050000
13.924051 -4.830508 -0.050000
13.924051 -4.322034 -0.050000
13.924051 -3.813559 -0.050000
13.924051 -3.305085 -0.050000
13.924051 -2.796610 -0.050000
13.924051 -2.288136 -0.050000
13.924051 -1.779661 -0.050000
13.924051 -1.271186 -0.050000
13.924051 -0.762712 -0.050000
13.924051 -0.254237 -0.050000
13.924051 0.254237 -0.050000
13.924051 0.762712 -0.050000
13.924051 1.271186 -0.050000
13.924051 1.779661 -0.050000
13.924051 2.288136 -0.050000
13.924051 2.796610 -0.050000
13.924051 3.305085 -0.050000
13.924051 3.813559 -0.050000
13.924051 4.322034 -0.050000
13.924051 4.830508 -0.050000
13.924051 5.338983 -0.050000
13.924051 5.847458 -0.050000
13.924051 6.355932 -0.050000
13.924051 6.864407 -0.050000
13.924051 7.372881 -0.050000
13.924051 7.881356 -0.050000
13.924051 8.389831 -0.050000
13.924051 8.898305 -0.050000
13.924051 9.406780 -0.050000
13.924051 9.915254 -0.050000
13.924051 10.423729 -0.050000
13.924051 10.932203 -0.050000
13.924051 11.440678 -0.050000
13.924051 11.949153 -0.050000
13.924051 12.457627 -0.050000
13.924051 12.966102 -0.050000
13.924051 13.474576 -0.050000
13.924051 13.983051 -0.050000
13.924051 14.491525 -0.050000
13.924051 15.000000 -0.050000
14.430380 -15.000000 -0.050000
14.430380 -14.491525 -0.050000
14.430380 -13.983051 -0.050000
14.430380 -13.474576 -0.050000
14.430380 -12.966102 -0.050000
14.430380 -12.457627 -0.050000
14.430380 -11.949153 -0.050000
14.430380 -11.440678 -0.050000
14.430380 -10.932203 -0.050000
14.430380 -10.423729 -0.050000
14.430380 -9.915254 -0.050000
14.430380 -9.406780 -0.050000
14.430380 -8.898305 -0.050000
14.430380 -8.389831 -0.050000
14.430380 -7.881356 -0.050000
14.430380 -7.372881 -0.050000
14.430380 -6.864407 -0.050000
14.430380 -6.355932 -0.050000
14.430380 -5.847458 -0.050000
14.430380 -5.338983 -0.050000
14.430380 -4.830508 -0.050000
14.430380 -4.322034 -0.050000
14.430380 -3.813559 -0.050000
14.430380 -3.305085 -0.050000
14.430380 -2.796610 -0.050000
14.430380 -2.288136 -0.050000
14.430380 -1.779661 -0.050000
14.430380 -1.271186 -0.050000
14.430380 -0.762712 -0.050000
14.430380 -0.254237 -0.050000
14.430380 0.254237 -0.050000
14.430380 0.762712 -0.050000
14.430380 1.271186 -0.050000
14.430380 1.779661 -0.050000
14.430380 2.288136 -0.050000
14.430380 2.796610 -0.050000
14.430380 3.305085 -0.050000
14.430380 3.813559 -0.050000
14.430380 4.322034 -0.050000
14.430380 4.830508 -0.050000
14.430380 5.338983 -0.050000
14.430380 5.847458 -0.050000
14.430380 6.355932 -0.050000
14.430380 6.864407 -0.050000
14.430380 7.372881 -0.050000
14.430380 7.881356 -0.050000
14.430380 8.389831 -0.050000
14.430380 8.898305 -0.050000
14.430380 9.406780 -0.050000
14.430380 9.915254 -0.050000
14.430380 10.423729 -0.050000
14.430380 10.932203 -0.050000
14.430380 11.440678 -0.050000
14.430380 11.949153 -0.050000
14.430380 12.457627 -0.050000
14.430380 12.966102 -0.050000
14.430380 13.474576 -0.050000
14.430380 13.983051 -0.050000
14.430380 14.491525 -0.050000
14.430380 15.000000 -0.050000
14.936709 -15.000000 -0.050000
14.936709 -14.491525 -0.050000
14.936709 -13.983051 -0.050000
14.936709 -13.474576 -0.050000
14.936709 -12.966102 -0.050000
14.936709 -12.457627 -0.050000
14.936709 -11.949153 -0.050000
14.936709 -11.440678 -0.050000
14.936709 -10.932203 -0.050000
14.936709 -10.423729 -0.050000
14.936709 -9.915254 -0.050000
14.936709 -9.406780 -0.050000
14.936709 -8.898305 -0.050000
14.936709 -8.389831 -0.050000
14.936709 -7.881356 -0.050000
14.936709 -7.372881 -0.050000
14.936709 -6.864407 -0.050000
14.936709 -6.355932 -0.050000
14.936709 -5.847458 -0.050000
14.936709 -5.338983 -0.050000
14.936709 -4.830508 -0.050000
14.936709 -4.322034 -0.050000
14.936709 -3.813559 -0.050000
14.936709 -3.305085 -0.050000
14.936709 -2.796610 -0.050000
14.936709 -2.288136 -0.050000
14.936709 -1.779661 -0.050000
14.936709 -1.271186 -0.050000
14.936709 -0.762712 -0.050000
14.936709 -0.254237 -0.050000
14.936709 0.254237 -0.050000
14.936709 0.762712 -0.050000
14.936709 1.271186 -0.050000
14.936709 1.779661 -0.050000
14.936709 2.288136 -0.050000
14.936709 2.796610 -0.050000
14.936709 3.305085 -0.050000
14.936709 3.813559 -0.050000
14.936709 4.322034 -0.050000
14.936709 4.830508 -0.050000
14.936709 5.338983 -0.050000
14.936709 5.847458 -0.050000
14.936709 6.355932 -0.050000
14.936709 6.864407 -0.050000
14.936709 7.372881 -0.050000
14.936709 7.881356 -0.050000
14.936709 8.389831 -0.050000
14.936709 8.898305 -0.050000
14.936709 9.406780 -0.050000
14.936709 9.915254 -0.050000
14.936709 10.423729 -0.050000
14.936709 10.932203 -0.050000
14.936709 11.440678 -0.050000
14.936709 11.949153 -0.050000
14.936709 12.457627 -0.050000
14.936709 12.966102 -0.050000
14.936709 13.474576 -0.050000
14.936709 13.983051 -0.050000
14.936709 14.491525 -0.050000
14.936709 15.000000 -0.050000
15.443038 -15.000000 -0.050000
15.443038 -14.491525 -0.050000
15.443038 -13.983051 -0.050000
15.443038 -13.474576 -0.050000
15.443038 -12.966102 -0.050000
15.443038 -12.457627 -0.050000
15.443038 -11.949153 -0.050000
15.443038 -11.440678 -0.050000
15.443038 -10.932203 -0.050000
15.443038 -10.423729 -0.050000
15.443038 -9.915254 -0.050000
15.443038 -9.406780 -0.050000
15.443038 -8.898305 -0.050000
15.443038 -8.389831 -0.050000
15.443038 -7.881356 -0.050000
15.443038 -7.372881 -0.050000
15.443038 -6.864407 -0.050000
15.443038 -6.355932 -0.050000
15.443038 -5.847458 -0.050000
15.443038 -5.338983 -0.050000
15.443038 -4.830508 -0.050000
15.443038 -4.322034 -0.050000
15.443038 -3.813559 -0.050000
15.443038 -3.305085 -0.050000
15.443038 -2.796610 -0.050000
15.443038 -2.288136 -0.050000
15.443038 -1.779661 -0.050000
15.443038 -1.271186 -0.050000
15.443038 -0.762712 -0.050000
15.443038 -0.254237 -0.050000
15.443038 0.254237 -0.050000
15.443038 0.762712 -0.050000
15.443038 1.271186 -0.050000
15.443038 1.779661 -0.050000
15.443038 2.288136 -0.050000
15.443038 2.796610 -0.050000
15.443038 3.305085 -0.050000
15.443038 3.813559 -0.050000
15.443038 4.322034 -0.050000
15.443038 4.830508 -0.050000
15.443038 5.338983 -0.050000
15.443038 5.847458 -0.050000
15.443038 6.355932 -0.050000
15.443038 6.864407 -0.050000
15.443038 7.372881 -0.050000
15.443038 7.881356 -0.050000
15.443038 8.389831 -0.050000
15.443038 8.898305 -0.050000
15.443038 9.406780 -0.050000
15.443038 9.915254 -0.050000
15.443038 10.423729 -0.050000
15.443038 10.932203 -0.050000
15.443038 11.440678 -0.050000
15.443038 11.949153 -0.050000
15.443038 12.457627 -0.050000
15.443038 12.966102 -0.050000
15.443038 13.474576 -0.050000
15.443038 13.983051 -0.050000
15.443038 14.491525 -0.050000
15.443038 15.000000 -0.050000
15.949367 -15.000000 -0.050000
15.949367 -14.491525 -0.050000
15.949367 -13.983051 -0.050000
15.949367 -13.474576 -0.050000
15.949367 -12.966102 -0.050000
15.949367 -12.457627 -0.050000
15.949367 -11.949153 -0.050000
15.949367 -11.440678 -0.050000
15.949367 -10.932203 -0.050000
15.949367 -10.423729 -0.050000
15.949367 -9.915254 -0.050000
15.949367 -9.406780 -0.050000
15.949367 -8.898305 -0.050000
15.949367 -8.389831 -0.050000
15.949367 -7.881356 -0.050000
15.949367 -7.372881 -0.050000
15.949367 -6.864407 -0.050000
15.949367 -6.355932 -0.050000
15.949367 -5.847458 -0.050000
15.949367 -5.338983 -0.050000
15.949367 -4.830508 -0.050000
15.949367 -4.322034 -0.050000
15.949367 -3.813559 -0.050000
15.949367 -3.305085 -0.050000
15.949367 -2.796610 -0.050000
15.949367 -2.288136 -0.050000
15.949367 -1.779661 -0.050000
15.949367 -1.271186 -0.050000
15.949367 -0.762712 -0.050000
15.949367 -0.254237 -0.050000
15.949367 0.254237 -0.050000
15.949367 0.762712 -0.050000
15.949367 1.271186 -0.050000
15.949367 1.779661 -0.050000
15.949367 2.288136 -0.050000
15.949367 2.796610 -0.050000
15.949367 3.305085 -0.050000
15.949367 3.813559 -0.050000
15.949367 4.322034 -0.050000
15.949367 4.830508 -0.050000
15.949367 5.338983 -0.050000
15.949367 5.847458 -0.050000
15.949367 6.355932 -0.050000
15.949367 6.864407 -0.050000
15.949367 7.372881 -0.050000
15.949367 7.881356 -0.050000
15.949367 8.389831 -0.050000
15.949367 8.898305 -0.050000
15.949367 9.406780 -0.050000
15.949367 9.915254 -0.050000
15.949367 10.423729 -0.050000
15.949367 10.932203 -0.050000
15.949367 11.440678 -0.050000
15.949367 11.949153 -0.050000
15.949367 12.457627 -0.050000
15.949367 12.966102 -0.050000
15.949367 13.474576 -0.050000
15.949367 13.983051 -0.050000
15.949367 14.491525 -0.050000
15.949367 15.000000 -0.050000
16.455696 -15.000000 -0.050000
16.455696 -14.491525 -0.050000
16.455696 -13.983051 -0.050000
16.455696 -13.474576 -0.050000
16.455696 -12.966102 -0.050000
16.455696 -12.457627 -0.050000
16.455696 -11.949153 -0.050000
16.455696 -11.440678 -0.050000
16.455696 -10.932203 -0.050000
16.455696 -10.423729 -0.050000
16.455696 -9.915254 -0.050000
16.455696 -9.406780 -0.050000
16.455696 -8.898305 -0.050000
16.455696 -8.389831 -0.050000
16.455696 -7.881356 -0.050000
16.455696 -7.372881 -0.050000
16.455696 -6.864407 -0.050000
16.455696 -6.355932 -0.050000
16.455696 -5.847458 -0.050000
16.455696 -5.338983 -0.050000
16.455696 -4.830508 -0.050000
16.455696 -4.322034 -0.050000
16.455696 -3.813559 -0.050000
16.455696 -3.305085 -0.050000
16.455696 -2.796610 -0.050000
16.455696 -2.288136 -0.050000
16.455696 -1.779661 -0.050000
16.455696 -1.271186 -0.050000
16.455696 -0.762712 -0.050000
16.455696 -0.254237 -0.050000
16.455696 0.254237 -0.050000
16.455696 0.762712 -0.050000
16.455696 1.271186 -0.050000
16.455696 1.779661 -0.050000
16.455696 2.288136 -0.050000
16.455696 2.796610 -0.050000
16.455696 3.305085 -0.050000
16.455696 3.813559 -0.050000
16.455696 4.322034 -0.050000
16.455696 4.830508 -0.050000
16.455696 5.338983 -0.050000
16.455696 5.847458 -0.050000
16.455696 6.355932 -0.050000
16.455696 6.864407 -0.050000
16.455696 7.372881 -0.050000
16.455696 7.881356 -0.050000
16.455696 8.389831 -0.050000
16.455696 8.898305 -0.050000
16.455696 9.406780 -0.050000
16.455696 9.915254 -0.050000
16.455696 10.423729 -0.050000
16.455696 10.932203 -0.050000
16.455696 11.440678 -0.050000
16.455696 11.949153 -0.050000
16.455696 12.457627 -0.050000
16.455696 12.966102 -0.050000
16.455696 13.474576 -0.050000
16.455696 13.983051 -0.050000
16.455696 14.491525 -0.050000
16.455696 15.000000 -0.050000
16.962025 -15.000000 -0.050000
16.962025 -14.491525 -0.050000
16.962025 -13.983051 -0.050000
16.962025 -13.474576 -0.050000
16.962025 -12.966102 -0.050000
16.962025 -12.457627 -0.050000
16.962025 -11.949153 -0.050000
16.962025 -11.440678 -0.050000
16.962025 -10.932203 -0.050000
16.962025 -10.423729 -0.050000
16.962025 -9.915254 -0.050000
16.962025 -9.406780 -0.050000
16.962025 -8.898305 -0.050000
16.962025 -8.389831 -0.050000
16.962025 -7.881356 -0.050000
16.962025 -7.372881 -0.050000
16.962025 -6.864407 -0.050000
16.962025 -6.355932 -0.050000
16.962025 -5.847458 -0.050000
16.962025 -5.338983 -0.050000
16.962025 -4.830508 -0.050000
16.962025 -4.322034 -0.050000
16.962025 -3.813559 -0.050000
16.962025 -3.305085 -0.050000
16.962025 -2.796610 -0.050000
16.962025 -2.288136 -0.050000
16.962025 -1.779661 -0.050000
16.962025 -1.271186 -0.050000
16.962025 -0.762712 -0.050000
16.962025 -0.254237 -0.050000
16.962025 0.254237 -0.050000
16.962025 0.762712 -0.050000
16.962025 1.271186 -0.050000
16.962025 1.779661 -0.050000
16.962025 2.288136 -0.050000
16.962025 2.796610 -0.050000
16.962025 3.305085 -0.050000
16.962025 3.813559 -0.050000
16.962025 4.322034 -0.050000
16.962025 4.830508 -0.050000
16.962025 5.338983 -0.050000
16.962025 5.847458 -0.050000
16.962025 6.355932 -0.050000
16.962025 6.864407 -0.050000
16.962025 7.372881 -0.050000
16.962025 7.881356 -0.050000
16.962025 8.389831 -0.050000
16.962025 8.898305 -0.050000
16.962025 9.406780 -0.050000
16.962025 9.915254 -0.050000
16.962025 10.423729 -0.050000
16.962025 10.932203 -0.050000
16.962025 11.440678 -0.050000
16.962025 11.949153 -0.050000
16.962025 12.457627 -0.050000
16.962025 12.966102 -0.050000
16.962025 13.474576 -0.050000
16.962025 13.983051 -0.050000
16.962025 14.491525 -0.050000
16.962025 15.000000 -0.050000
17.468354 -15.000000 -0.050000
17.468354 -14.491525 -0.050000
17.468354 -13.983051 -0.050000
17.468354 -13.474576 -0.050000
17.468354 -12.966102 -0.050000
17.468354 -12.457627 -0.050000
17.468354 -11.949153 -0.050000
17.468354 -11.440678 -0.050000
17.468354 -10.932203 -0.050000
17.468354 -10.423729 -0.050000
17.468354 -9.915254 -0.050000
17.468354 -9.406780 -0.050000
17.468354 -8.898305 -0.050000
17.468354 -8.389831 -0.050000
17.468354 -7.881356 -0.050000
17.468354 -7.372881 -0.050000
17.468354 -6.864407 -0.050000
17.468354 -6.355932 -0.050000
17.468354 -5.847458 -0.050000
17.468354 -5.338983 -0.050000
17.468354 -4.830508 -0.050000
17.468354 -4.322034 -0.050000
17.468354 -3.813559 -0.050000
17.468354 -3.305085 -0.050000
17.468354 -2.796610 -0.050000
17.468354 -2.288136 -0.050000
17.468354 -1.779661 -0.050000
17.468354 -1.271186 -0.050000
17.468354 -0.762712 -0.050000
17.468354 -0.254237 -0.050000
17.468354 0.254237 -0.050000
17.468354 0.762712 -0.050000
17.468354 1.271186 -0.050000
17.468354 1.779661 -0.050000
17.468354 2.288136 -0.050000
17.468354 2.796610 -0.050000
17.468354 3.305085 -0.050000
17.468354 3.813559 -0.050000
17.468354 4.322034 -0.050000
17.468354 4.830508 -0.050000
17.468354 5.338983 -0.050000
17.468354 5.847458 -0.050000
17.468354 6.355932 -0.050000
17.468354 6.864407 -0.050000
17.468354 7.372881 -0.050000
17.468354 7.881356 -0.050000
17.468354 8.389831 -0.050000
17.468354 8.898305 -0.050000
17.468354 9.406780 -0.050000
17.468354 9.915254 -0.050000
17.468354 10.423729 -0.050000
17.468354 10.932203 -0.050000
17.468354 11.440678 -0.050000
17.468354 11.949153 -0.050000
17.468354 12.457627 -0.050000
17.468354 12.966102 -0.050000
17.468354 13.474576 -0.050000
17.468354 13.983051 -0.050000
17.468354 14.491525 -0.050000
17.468354 15.000000 -0.050000
17.974684 -15.000000 -0.050000
17.974684 -14.491525 -0.050000
17.974684 -13.983051 -0.050000
17.974684 -13.474576 -0.050000
17.974684 -12.966102 -0.050000
17.974684 -12.457627 -0.050000
17.974684 -11.949153 -0.050000
17.974684 -11.440678 -0.050000
17.974684 -10.932203 -0.050000
17.974684 -10.423729 -0.050000
17.974684 -9.915254 -0.050000
17.974684 -9.406780 -0.050000
17.974684 -8.898305 -0.050000
17.974684 -8.389831 -0.050000
17.974684 -7.881356 -0.050000
17.974684 -7.372881 -0.050000
17.974684 -6.864407 -0.050000
17.974684 -6.355932 -0.050000
17.974684 -5.847458 -0.050000
17.974684 -5.338983 -0.050000
17.974684 -4.830508 -0.050000
17.974684 -4.322034 -0.050000
17.974684 -3.813559 -0.050000
17.974684 -3.305085 -0.050000
17.974684 -2.796610 -0.050000
17.974684 -2.288136 -0.050000
17.974684 -1.779661 -0.050000
17.974684 -1.271186 -0.050000
17.974684 -0.762712 -0.050000
17.974684 -0.254237 -0.050000
17.974684 0.254237 -0.050000
17.974684 0.762712 -0.050000
17.974684 1.271186 -0.050000
17.974684 1.779661 -0.050000
17.974684 2.288136 -0.050000
17.974684 2.796610 -0.050000
17.974684 3.305085 -0.050000
17.974684 3.813559 -0.050000
17.974684 4.322034 -0.050000
17.974684 4.830508 -0.050000
17.974684 5.338983 -0.050000
17.974684 5.847458 -0.050000
17.974684 6.355932 -0.050000
17.974684 6.864407 -0.050000
17.974684 7.372881 -0.050000
17.974684 7.881356 -0.050000
17.974684 8.389831 -0.050000
17.974684 8.898305 -0.050000
17.974684 9.406780 -0.050000
17.974684 9.915254 -0.050000
17.974684 10.423729 -0.050000
17.974684 10.932203 -0.050000
17.974684 11.440678 -0.050000
17.974684 11.949153 -0.050000
17.974684 12.457627 -0.050000
17.974684 12.966102 -0.050000
17.974684 13.474576 -0.050000
17.974684 13.983051 -0.050000
17.974684 14.491525 -0.050000
17.974684 15.000000 -0.050000
18.481013 -15.000000 -0.050000
18.481013 -14.491525 -0.050000
18.481013 -13.983051 -0.050000
18.481013 -13.474576 -0.050000
18.481013 -12.966102 -0.050000
18.481013 -12.457627 -0.050000
18.481013 -11.949153 -0.050000
18.481013 -11.440678 -0.050000
18.481013 -10.932203 -0.050000
18.481013 -10.423729 -0.050000
18.481013 -9.915254 -0.050000
18.481013 -9.406780 -0.050000
18.481013 -8.898305 -0.050000
18.481013 -8.389831 -0.050000
18.481013 -7.881356 -0.050000
18.481013 -7.372881 -0.050000
18.481013 -6.864407 -0.050000
18.481013 -6.355932 -0.050000
18.481013 -5.847458 -0.050000
18.481013 -5.338983 -0.050000
18.481013 -4.830508 -0.050000
18.481013 -4.322034 -0.050000
18.481013 -3.813559 -0.050000
18.481013 -3.305085 -0.050000
18.481013 -2.796610 -0.050000
18.481013 -2.288136 -0.050000
18.481013 -1.779661 -0.050000
18.481013 -1.271186 -0.050000
18.481013 -0.762712 -0.050000
18.481013 -0.254237 -0.050000
18.481013 0.254237 -0.050000
18.481013 0.762712 -0.050000
18.481013 1.271186 -0.050000
18.481013 1.779661 -0.050000
18.481013 2.288136 -0.050000
18.481013 2.796610 -0.050000
18.481013 3.305085 -0.050000
18.481013 3.813559 -0.050000
18.481013 4.322034 -0.050000
18.481013 4.830508 -0.050000
18.481013 5.338983 -0.050000
18.481013 5.847458 -0.050000
18.481013 6.355932 -0.050000
18.481013 6.864407 -0.050000
18.481013 7.372881 -0.050000
18.481013 7.881356 -0.050000
18.481013 8.389831 -0.050000
18.481013 8.898305 -0.050000
18.481013 9.406780 -0.050000
18.481013 9.915254 -0.050000
18.481013 10.423729 -0.050000
18.481013 10.932203 -0.050000
18.481013 11.440678 -0.050000
18.481013 11.949153 -0.050000
18.481013 12.457627 -0.050000
18.481013 12.966102 -0.050000
18.481013 13.474576 -0.050000
18.481013 13.983051 -0.050000
18.481013 14.491525 -0.050000
18.481013 15.000000 -0.050000
18.987342 -15.000000 -0.050000
18.987342 -14.491525 -0.050000
18.987342 -13.983051 -0.050000
18.987342 -13.474576 -0.050000
18.987342 -12.966102 -0.050000
18.987342 -12.457627 -0.050000
18.987342 -11.949153 -0.050000
18.987342 -11.440678 -0.050000
18.987342 -10.932203 -0.050000
18.987342 -10.423729 -0.050000
18.987342 -9.915254 -0.050000
18.987342 -9.406780 -0.050000
18.987342 -8.898305 -0.050000
18.987342 -8.389831 -0.050000
18.987342 -7.881356 -0.050000
18.987342 -7.372881 -0.050000
18.987342 -6.864407 -0.050000
18.987342 -6.355932 -0.050000
18.987342 -5.847458 -0.050000
18.987342 -5.338983 -0.050000
18.987342 -4.830508 -0.050000
18.987342 -4.322034 -0.050000
18.987342 -3.813559 -0.050000
18.987342 -3.305085 -0.050000
18.987342 -2.796610 -0.050000
18.987342 -2.288136 -0.050000
18.987342 -1.779661 -0.050000
18.987342 -1.271186 -0.050000
18.987342 -0.762712 -0.050000
18.987342 -0.254237 -0.050000
18.987342 0.254237 -0.050000
18.987342 0.762712 -0.050000
18.987342 1.271186 -0.050000
18.987342 1.779661 -0.050000
18.987342 2.288136 -0.050000
18.987342 2.796610 -0.050000
18.987342 3.305085 -0.050000
18.987342 3.813559 -0.050000
18.987342 4.322034 -0.050000
18.987342 4.830508 -0.050000
18.987342 5.338983 -0.050000
18.987342 5.847458 -0.050000
18.987342 6.355932 -0.050000
18.987342 6.864407 -0.050000
18.987342 7.372881 -0.050000
18.987342 7.881356 -0.050000
18.987342 8.389831 -0.050000
18.987342 8.898305 -0.050000
18.987342 9.406780 -0.050000
18.987342 9.915254 -0.050000
18.987342 10.423729 -0.050000
18.987342 10.932203 -0.050000
18.987342 11.440678 -0.050000
18.987342 11.949153 -0.050000
18.987342 12.457627 -0.050000
18.987342 12.966102 -0.050000
18.987342 13.474576 -0.050000
18.987342 13.983051 -0.050000
18.987342 14.491525 -0.050000
18.987342 15.000000 -0.050000
19.493671 -15.000000 -0.050000
19.493671 -14.491525 -0.050000
19.493671 -13.983051 -0.050000
19.493671 -13.474576 -0.050000
19.493671 -12.966102 -0.050000
19.493671 -12.457627 -0.050000
19.493671 -11.949153 -0.050000
19.493671 -11.440678 -0.050000
19.493671 -10.932203 -0.050000
19.493671 -10.423729 -0.050000
19.493671 -9.915254 -0.050000
19.493671 -9.406780 -0.050000
19.493671 -8.898305 -0.050000
19.493671 -8.389831 -0.050000
19.493671 -7.881356 -0.050000
19.493671 -7.372881 -0.050000
19.493671 -6.864407 -0.050000
19.493671 -6.355932 -0.050000
19.493671 -5.847458 -0.050000
19.493671 -5.338983 -0.050000
19.493671 -4.830508 -0.050000
19.493671 -4.322034 -0.050000
19.493671 -3.813559 -0.050000
19.493671 -3.305085 -0.050000
19.493671 -2.796610 -0.050000
19.493671 -2.288136 -0.050000
19.493671 -1.779661 -0.050000
19.493671 -1.271186 -0.050000
19.493671 -0.762712 -0.050000
19.493671 -0.254237 -0.050000
19.493671 0.254237 -0.050000
19.493671 0.762712 -0.050000
19.493671 1.271186 -0.050000
19.493671 1.779661 -0.050000
19.493671 2.288136 -0.050000
19.493671 2.796610 -0.050000
19.493671 3.305085 -0.050000
19.493671 3.813559 -0.050000
19.493671 4.322034 -0.050000
19.493671 4.830508 -0.050000
19.493671 5.338983 -0.050000
19.493671 5.847458 -0.050000
19.493671 6.355932 -0.050000
19.493671 6.864407 -0.050000
19.493671 7.372881 -0.050000
19.493671 7.881356 -0.050000
19.493671 8.389831 -0.050000
19.493671 8.898305 -0.050000
19.493671 9.406780 -0.050000
19.493671 9.915254 -0.050000
19.493671 10.423729 -0.050000
19.493671 10.932203 -0.050000
19.493671 11.440678 -0.050000
19.493671 11.949153 -0.050000
19.493671 12.457627 -0.050000
19.493671 12.966102 -0.050000
19.493671 13.474576 -0.050000
19.493671 13.983051 -0.050000
19.493671 14.491525 -0.050000
19.493671 15.000000 -0.050000
20.000000 -15.000000 -0.050000
20.000000 -14.491525 -0.050000
20.000000 -13.983051 -0.050000
20.000000 -13.474576 -0.050000
20.000000 -12.966102 -0.050000
20.000000 -12.457627 -0.050000
20.000000 -11.949153 -0.050000
20.000000 -11.440678 -0.050000
20.000000 -10.932203 -0.050000
20.000000 -10.423729 -0.050000
20.000000 -9.915254 -0.050000
20.000000 -9.406780 -0.050000
20.000000 -8.898305 -0.050000
20.000000 -8.389831 -0.050000
20.000000 -7.881356 -0.050000
20.000000 -7.372881 -0.050000
20.000000 -6.864407 -0.050000
20.000000 -6.355932 -0.050000
20.000000 -5.847458 -0.050000
20.000000 -5.338983 -0.050000
20.000000 -4.830508 -0.050000
20.000000 -4.322034 -0.050000
20.000000 -3.813559 -0.050000
20.000000 -3.305085 -0.050000
20.000000 -2.796610 -0.050000
20.000000 -2.288136 -0.050000
20.000000 -1.779661 -0.050000
20.000000 -1.271186 -0.050000
20.000000 -0.762712 -0.050000
20.000000 -0.254237 -0.050000
20.000000 0.254237 -0.050000
20.000000 0.762712 -0.050000
20.000000 1.271186 -0.050000
20.000000 1.779661 -0.050000
20.000000 2.288136 -0.050000
20.000000 2.796610 -0.050000
20.000000 3.305085 -0.050000
20.000000 3.813559 -0.050000
20.000000 4.322034 -0.050000
20.000000 4.830508 -0.050000
20.000000 5.338983 -0.050000
20.000000 5.847458 -0.050000
20.000000 6.355932 -0.050000
20.000000 6.864407 -0.050000
20.000000 7.372881 -0.050000
20.000000 7.881356 -0.050000
20.000000 8.389831 -0.050000
20.000000 8.898305 -0.050000
20.000000 9.406780 -0.050000
20.000000 9.915254 -0.050000
20.000000 10.423729 -0.050000
20.000000 10.932203 -0.050000
20.000000 11.440678 -0.050000
20.000000 11.949153 -0.050000
20.000000 12.457627 -0.050000
20.000000 12.966102 -0.050000
20.000000 13.474576 -0.050000
20.000000 13.983051 -0.050000
20.000000 14.491525 -0.050000
20.000000 15.000000 -0.050000
20.000000 14.900000 0.000000
20.000000 14.900000 0.545455
20.000000 14.900000 1.090909
20.000000 14.900000 1.636364
20.000000 14.900000 2.181818
20.000000 14.900000 2.727273
20.000000 14.900000 3.272727
20.000000 14.900000 3.818182
20.000000 14.900000 4.363636
20.000000 14.900000 4.909091
20.000000 14.900000 5.454545
20.000000 14.900000 6.000000
20.000000 15.100000 0.000000
20.000000 15.100000 0.545455
20.000000 15.100000 1.090909
20.000000 15.100000 1.636364
20.000000 15.100000 2.181818
20.000000 15.100000 2.727273
20.000000 15.100000 3.272727
20.000000 15.100000 3.818182
20.000000 15.100000 4.363636
20.000000 15.100000 4.909091
20.000000 15.100000 5.454545
20.000000 15.100000 6.000000
-20.000000 14.900000 0.000000
-20.000000 14.900000 0.545455
-20.000000 14.900000 1.090909
-20.000000 14.900000 1.636364
-20.000000 14.900000 2.181818
-20.000000 14.900000 2.727273
-20.000000 14.900000 3.272727
-20.000000 14.900000 3.818182
-20.000000 14.900000 4.363636
-20.000000 14.900000 4.909091
-20.000000 14.900000 5.454545
-20.000000 14.900000 6.000000
-20.000000 15.100000 0.000000
-20.000000 15.100000 0.545455
-20.000000 15.100000 1.090909
-20.000000 15.100000 1.636364
-20.000000 15.100000 2.181818
-20.000000 15.100000 2.727273
-20.000000 15.100000 3.272727
-20.000000 15.100000 3.818182
-20.000000 15.100000 4.363636
-20.000000 15.100000 4.909091
-20.000000 15.100000 5.454545
-20.000000 15.100000 6.000000
-20.000000 15.100000 0.000000
-20.000000 15.100000 0.545455
-20.000000 15.100000 1.090909
-20.000000 15.100000 1.636364
-20.000000 15.100000 2.181818
-20.000000 15.100000 2.727273
-20.000000 15.100000 3.272727
-20.000000 15.100000 3.818182
-20.000000 15.100000 4.363636
-20.000000 15.100000 4.909091
-20.000000 15.100000 5.454545
-20.000000 15.100000 6.000000
-19.493671 15.100000 0.000000
-19.493671 15.100000 0.545455
-19.493671 15.100000 1.090909
-19.493671 15.100000 1.636364
-19.493671 15.100000 2.181818
-19.493671 15.100000 2.727273
-19.493671 15.100000 3.272727
-19.493671 15.100000 3.818182
-19.493671 15.100000 4.363636
-19.493671 15.100000 4.909091
-19.493671 15.100000 5.454545
-19.493671 15.100000 6.000000
-18.987342 15.100000 0.000000
-18.987342 15.100000 0.545455
-18.987342 15.100000 1.090909
-18.987342 15.100000 1.636364
-18.987342 15.100000 2.181818
-18.987342 15.100000 2.727273
-18.987342 15.100000 3.272727
-18.987342 15.100000 3.818182
-18.987342 15.100000 4.363636
-18.987342 15.100000 4.909091
-18.987342 15.100000 5.454545
-18.987342 15.100000 6.000000
-18.481013 15.100000 0.000000
-18.481013 15.100000 0.545455
-18.481013 15.100000 1.090909
-18.481013 15.100000 1.636364
-18.481013 15.100000 2.181818
-18.481013 15.100000 2.727273
-18.481013 15.100000 3.272727
-18.481013 15.100000 3.818182
-18.481013 15.100000 4.363636
-18.481013 15.100000 4.909091
-18.481013 15.100000 5.454545
-18.481013 15.100000 6.000000
-17.974684 15.100000 0.000000
-17.974684 15.100000 0.545455
-17.974684 15.100000 1.090909
-17.974684 15.100000 1.636364
-17.974684 15.100000 2.181818
-17.974684 15.100000 2.727273
-17.974684 15.100000 3.272727
-17.974684 15.100000 3.818182
-17.974684 15.100000 4.363636
-17.974684 15.100000 4.909091
-17.974684 15.100000 5.454545
-17.974684 15.100000 6.000000
-17.468354 15.100000 0.000000
-17.468354 15.100000 0.545455
-17.468354 15.100000 1.090909
-17.468354 15.100000 1.636364
-17.468354 15.100000 2.181818
-17.468354 15.100000 2.727273
-17.468354 15.100000 3.272727
-17.468354 15.100000 3.818182
-17.468354 15.100000 4.363636
-17.468354 15.100000 4.909091
-17.468354 15.100000 5.454545
-17.468354 15.100000 6.000000
-16.962025 15.100000 0.000000
-16.962025 15.100000 0.545455
-16.962025 15.100000 1.090909
-16.962025 15.100000 1.636364
-16.962025 15.100000 2.181818
-16.962025 15.100000 2.727273
-16.962025 15.100000 3.272727
-16.962025 15.100000 3.818182
-16.962025 15.100000 4.363636
-16.962025 15.100000 4.909091
-16.962025 15.100000 5.454545
-16.962025 15.100000 6.000000
-16.455696 15.100000 0.000000
-16.455696 15.100000 0.545455
-16.455696 15.100000 1.090909
-16.455696 15.100000 1.636364
-16.455696 15.100000 2.181818
-16.455696 15.100000 2.727273
-16.455696 15.100000 3.272727
-16.455696 15.100000 3.818182
-16.455696 15.100000 4.363636
-16.455696 15.100000 4.909091
-16.455696 15.100000 5.454545
-16.455696 15.100000 6.000000
-15.949367 15.100000 0.000000
-15.949367 15.100000 0.545455
-15.949367 15.100000 1.090909
-15.949367 15.100000 1.636364
-15.949367 15.100000 2.181818
-15.949367 15.100000 2.727273
-15.949367 15.100000 3.272727
-15.949367 15.100000 3.818182
-15.949367 15.100000 4.363636
-15.949367 15.100000 4.909091
-15.949367 15.100000 5.454545
-15.949367 15.100000 6.000000
-15.443038 15.100000 0.000000
-15.443038 15.100000 0.545455
-15.443038 15.100000 1.090909
-15.443038 15.100000 1.636364
-15.443038 15.100000 2.181818
-15.443038 15.100000 2.727273
-15.443038 15.100000 3.272727
-15.443038 15.100000 3.818182
-15.443038 15.100000 4.363636
-15.443038 15.100000 4.909091
-15.443038 15.100000 5.454545
-15.443038 15.100000 6.000000
-14.936709 15.100000 0.000000
-14.936709 15.100000 0.545455
-14.936709 15.100000 1.090909
-14.936709 15.100000 1.636364
-14.936709 15.100000 2.181818
-14.936709 15.100000 2.727273
-14.936709 15.100000 3.272727
-14.936709 15.100000 3.818182
-14.936709 15.100000 4.363636
-14.936709 15.100000 4.909091
-14.936709 15.100000 5.454545
-14.936709 15.100000 6.000000
-14.430380 15.100000 0.000000
-14.430380 15.100000 0.545455
-14.430380 15.100000 1.090909
-14.430380 15.100000 1.636364
-14.430380 15.100000 2.181818
-14.430380 15.100000 2.727273
-14.430380 15.100000 3.272727
-14.430380 15.100000 3.818182
-14.430380 15.100000 4.363636
-14.430380 15.100000 4.909091
-14.430380 15.100000 5.454545
-14.430380 15.100000 6.000000
-13.924051 15.100000 0.000000
-13.924051 15.100000 0.545455
-13.924051 15.100000 1.090909
-13.924051 15.100000 1.636364
-13.924051 15.100000 2.181818
-13.924051 15.100000 2.727273
-13.924051 15.100000 3.272727
-13.924051 15.100000 3.818182
-13.924051 15.100000 4.363636
-13.924051 15.100000 4.909091
-13.924051 15.100000 5.454545
-13.924051 15.100000 6.000000
-13.417722 15.100000 0.000000
-13.417722 15.100000 0.545455
-13.417722 15.100000 1.090909
-13.417722 15.100000 1.636364
-13.417722 15.100000 2.181818
-13.417722 15.100000 2.727273
-13.417722 15.100000 3.272727
-13.417722 15.100000 3.818182
-13.417722 15.100000 4.363636
-13.417722 15.100000 4.909091
-13.417722 15.100000 5.454545
-13.417722 15.100000 6.000000
-12.911392 15.100000 0.000000
-12.911392 15.100000 0.545455
-12.911392 15.100000 1.090909
-12.911392 15.100000 1.636364
-12.911392 15.100000 2.181818
-12.911392 15.100000 2.727273
-12.911392 15.100000 3.272727
-12.911392 15.100000 3.818182
-12.911392 15.100000 4.363636
-12.911392 15.100000 4.909091
-12.911392 15.100000 5.454545
-12.911392 15.100000 6.000000
-12.405063 15.100000 0.000000
-12.405063 15.100000 0.545455
-12.405063 15.100000 1.090909
-12.405063 15.100000 1.636364
-12.405063 15.100000 2.181818
-12.405063 15.100000 2.727273
-12.405063 15.100000 3.272727
-12.405063 15.100000 3.818182
-12.405063 15.100000 4.363636
-12.405063 15.100000 4.909091
-12.405063 15.100000 5.454545
-12.405063 15.100000 6.000000
-11.898734 15.100000 0.000000
-11.898734 15.100000 0.545455
-11.898734 15.100000 1.090909
-11.898734 15.100000 1.636364
-11.898734 15.100000 2.181818
-11.898734 15.100000 2.727273
-11.898734 15.100000 3.272727
-11.898734 15.100000 3.818182
-11.898734 15.100000 4.363636
-11.898734 15.100000 4.909091
-11.898734 15.100000 5.454545
-11.898734 15.100000 6.000000
-11.392405 15.100000 0.000000
-11.392405 15.100000 0.545455
-11.392405 15.100000 1.090909
-11.392405 15.100000 1.636364
-11.392405 15.100000 2.181818
-11.392405 15.100000 2.727273
-11.392405 15.100000 3.272727
-11.392405 15.100000 3.818182
-11.392405 15.100000 4.363636
-11.392405 15.100000 4.909091
-11.392405 15.100000 5.454545
-11.392405 15.100000 6.000000
-10.886076 15.100000 0.000000
-10.886076 15.100000 0.545455
-10.886076 15.100000 1.090909
-10.886076 15.100000 1.636364
-10.886076 15.100000 2.181818
-10.886076 15.100000 2.727273
-10.886076 15.100000 3.272727
-10.886076 15.100000 3.818182
-10.886076 15.100000 4.363636
-10.886076 15.100000 4.909091
-10.886076 15.100000 5.454545
-10.886076 15.100000 6.000000
-10.379747 15.100000 0.000000
-10.379747 15.100000 0.545455
-10.379747 15.100000 1.090909
-10.379747 15.100000 1.636364
-10.379747 15.100000 2.181818
-10.379747 15.100000 2.727273
-10.379747 15.100000 3.272727
-10.379747 15.100000 3.818182
-10.379747 15.100000 4.363636
-10.379747 15.100000 4.909091
-10.379747 15.100000 5.454545
-10.379747 15.100000 6.000000
-9.873418 15.100000 0.000000
-9.873418 15.100000 0.545455
-9.873418 15.100000 1.090909
-9.873418 15.100000 1.636364
-9.873418 15.100000 2.181818
-9.873418 15.100000 2.727273
-9.873418 15.100000 3.272727
-9.873418 15.100000 3.818182
-9.873418 15.100000 4.363636
-9.873418 15.100000 4.909091
-9.873418 15.100000 5.454545
-9.873418 15.100000 6.000000
-9.367089 15.100000 0.000000
-9.367089 15.100000 0.545455
-9.367089 15.100000 1.090909
-9.367089 15.100000 1.636364
-9.367089 15.100000 2.181818
-9.367089 15.100000 2.727273
-9.367089 15.100000 3.272727
-9.367089 15.100000 3.818182
-9.367089 15.100000 4.363636
-9.367089 15.100000 4.909091
-9.367089 15.100000 5.454545
-9.367089 15.100000 6.000000
-8.860759 15.100000 0.000000
-8.860759 15.100000 0.545455
-8.860759 15.100000 1.090909
-8.860759 15.100000 1.636364
-8.860759 15.100000 2.181818
-8.860759 15.100000 2.727273
-8.860759 15.100000 3.272727
-8.860759 15.100000 3.818182
-8.860759 15.100000 4.363636
-8.860759 15.100000 4.909091
-8.860759 15.100000 5.454545
-8.860759 15.100000 6.000000
-8.354430 15.100000 0.000000
-8.354430 15.100000 0.545455
-8.354430 15.100000 1.090909
-8.354430 15.100000 1.636364
-8.354430 15.100000 2.181818
-8.354430 15.100000 2.727273
-8.354430 15.100000 3.272727
-8.354430 15.100000 3.818182
-8.354430 15.100000 4.363636
-8.354430 15.100000 4.909091
-8.354430 15.100000 5.454545
-8.354430 15.100000 6.000000
-7.848101 15.100000 0.000000
-7.848101 15.100000 0.545455
-7.848101 15.100000 1.090909
-7.848101 15.100000 1.636364
-7.848101 15.100000 2.181818
-7.848101 15.100000 2.727273
-7.848101 15.100000 3.272727
-7.848101 15.100000 3.818182
-7.848101 15.100000 4.363636
-7.848101 15.100000 4.909091
-7.848101 15.100000 5.454545
-7.848101 15.100000 6.000000
-7.341772 15.100000 0.000000
-7.341772 15.100000 0.545455
-7.341772 15.100000 1.090909
-7.341772 15.100000 1.636364
-7.341772 15.100000 2.181818
-7.341772 15.100000 2.727273
-7.341772 15.100000 3.272727
-7.341772 15.100000 3.818182
-7.341772 15.100000 4.363636
-7.341772 15.100000 4.909091
-7.341772 15.100000 5.454545
-7.341772 15.100000 6.000000
-6.835443 15.100000 0.000000
-6.835443 15.100000 0.545455
-6.835443 15.100000 1.090909
-6.835443 15.100000 1.636364
-6.835443 15.100000 2.181818
-6.835443 15.100000 2.727273
-6.835443 15.100000 3.272727
-6.835443 15.100000 3.818182
-6.835443 15.100000 4.363636
-6.835443 15.100000 4.909091
-6.835443 15.100000 5.454545
-6.835443 15.100000 6.000000
-6.329114 15.100000 0.000000
-6.329114 15.100000 0.545455
-6.329114 15.100000 1.090909
-6.329114 15.100000 1.636364
-6.329114 15.100000 2.181818
-6.329114 15.100000 2.727273
-6.329114 15.100000 3.272727
-6.329114 15.100000 3.818182
-6.329114 15.100000 4.363636
-6.329114 15.100000 4.909091
-6.329114 15.100000 5.454545
-6.329114 15.100000 6.000000
-5.822785 15.100000 0.000000
-5.822785 15.100000 0.545455
-5.822785 15.100000 1.090909
-5.822785 15.100000 1.636364
-5.822785 15.100000 2.181818
-5.822785 15.100000 2.727273
-5.822785 15.100000 3.272727
-5.822785 15.100000 3.818182
-5.822785 15.100000 4.363636
-5.822785 15.100000 4.909091
-5.822785 15.100000 5.454545
-5.822785 15.100000 6.000000
-5.316456 15.100000 0.000000
-5.316456 15.100000 0.545455
-5.316456 15.100000 1.090909
-5.316456 15.100000 1.636364
-5.316456 15.100000 2.181818
-5.316456 15.100000 2.727273
-5.316456 15.100000 3.272727
-5.316456 15.100000 3.818182
-5.316456 15.100000 4.363636
-5.316456 15.100000 4.909091
-5.316456 15.100000 5.454545
-5.316456 15.100000 6.000000
-4.810127 15.100000 0.000000
-4.810127 15.100000 0.545455
-4.810127 15.100000 1.090909
-4.810127 15.100000 1.636364
-4.810127 15.100000 2.181818
-4.810127 15.100000 2.727273
-4.810127 15.100000 3.272727
-4.810127 15.100000 3.818182
-4.810127 15.100000 4.363636
-4.810127 15.100000 4.909091
-4.810127 15.100000 5.454545
-4.810127 15.100000 6.000000
-4.303797 15.100000 0.000000
-4.303797 15.100000 0.545455
-4.303797 15.100000 1.090909
-4.303797 15.100000 1.636364
-4.303797 15.100000 2.181818
-4.303797 15.100000 2.727273
-4.303797 15.100000 3.272727
-4.303797 15.100000 3.818182
-4.303797 15.100000 4.363636
-4.303797 15.100000 4.909091
-4.303797 15.100000 5.454545
-4.303797 15.100000 6.000000
-3.797468 15.100000 0.000000
-3.797468 15.100000 0.545455
-3.797468 15.100000 1.090909
-3.797468 15.100000 1.636364
-3.797468 15.100000 2.181818
-3.797468 15.100000 2.727273
-3.797468 15.100000 3.272727
-3.797468 15.100000 3.818182
-3.797468 15.100000 4.363636
-3.797468 15.100000 4.909091
-3.797468 15.100000 5.454545
-3.797468 15.100000 6.000000
-3.291139 15.100000 0.000000
-3.291139 15.100000 0.545455
-3.291139 15.100000 1.090909
-3.291139 15.100000 1.636364
-3.291139 15.100000 2.181818
-3.291139 15.100000 2.727273
-3.291139 15.100000 3.272727
-3.291139 15.100000 3.818182
-3.291139 15.100000 4.363636
-3.291139 15.100000 4.909091
-3.291139 15.100000 5.454545
-3.291139 15.100000 6.000000
-2.784810 15.100000 0.000000
-2.784810 15.100000 0.545455
-2.784810 15.100000 1.090909
-2.784810 15.100000 1.636364
-2.784810 15.100000 2.181818
-2.784810 15.100000 2.727273
-2.784810 15.100000 3.272727
-2.784810 15.100000 3.818182
-2.784810 15.100000 4.363636
-2.784810 15.100000 4.909091
-2.784810 15.100000 5.454545
-2.784810 15.100000 6.000000
-2.278481 15.100000 0.000000
-2.278481 15.100000 0.545455
-2.278481 15.100000 1.090909
-2.278481 15.100000 1.636364
-2.278481 15.100000 2.181818
-2.278481 15.100000 2.727273
-2.278481 15.100000 3.272727
-2.278481 15.100000 3.818182
-2.278481 15.100000 4.363636
-2.278481 15.100000 4.909091
-2.278481 15.100000 5.454545
-2.278481 15.100000 6.000000
-1.772152 15.100000 0.000000
-1.772152 15.100000 0.545455
-1.772152 15.100000 1.090909
-1.772152 15.100000 1.636364
-1.772152 15.100000 2.181818
-1.772152 15.100000 2.727273
-1.772152 15.100000 3.272727
-1.772152 15.100000 3.818182
-1.772152 15.100000 4.363636
-1.772152 15.100000 4.909091
-1.772152 15.100000 5.454545
-1.772152 15.100000 6.000000
-1.265823 15.100000 0.000000
-1.265823 15.100000 0.545455
-1.265823 15.100000 1.090909
-1.265823 15.100000 1.636364
-1.265823 15.100000 2.181818
-1.265823 15.100000 2.727273
-1.265823 15.100000 3.272727
-1.265823 15.100000 3.818182
-1.265823 15.100000 4.363636
-1.265823 15.100000 4.909091
-1.265823 15.100000 5.454545
-1.265823 15.100000 6.000000
-0.759494 15.100000 0.000000
-0.759494 15.100000 0.545455
-0.759494 15.100000 1.090909
-0.759494 15.100000 1.636364
-0.759494 15.100000 2.181818
-0.759494 15.100000 2.727273
-0.759494 15.100000 3.272727
-0.759494 15.100000 3.818182
-0.759494 15.100000 4.363636
-0.759494 15.100000 4.909091
-0.759494 15.100000 5.454545
-0.759494 15.100000 6.000000
-0.253165 15.100000 0.000000
-0.253165 15.100000 0.545455
-0.253165 15.100000 1.090909
-0.253165 15.100000 1.636364
-0.253165 15.100000 2.181818
-0.253165 15.100000 2.727273
-0.253165 15.100000 3.272727
-0.253165 15.100000 3.818182
-0.253165 15.100000 4.363636
-0.253165 15.100000 4.909091
-0.253165 15.100000 5.454545
-0.253165 15.100000 6.000000
0.253165 15.100000 0.000000
0.253165 15.100000 0.545455
0.253165 15.100000 1.090909
0.253165 15.100000 1.636364
0.253165 15.100000 2.181818
0.253165 15.100000 2.727273
0.253165 15.100000 3.272727
0.253165 15.100000 3.818182
0.253165 15.100000 4.363636
0.253165 15.100000 4.909091
0.253165 15.100000 5.454545
0.253165 15.100000 6.000000
0.759494 15.100000 0.000000
0.759494 15.100000 0.545455
0.759494 15.100000 1.090909
0.759494 15.100000 1.636364
0.759494 15.100000 2.181818
0.759494 15.100000 2.727273
0.759494 15.100000 3.272727
0.759494 15.100000 3.818182
0.759494 15.100000 4.363636
0.759494 15.100000 4.909091
0.759494 15.100000 5.454545
0.759494 15.100000 6.000000
1.265823 15.100000 0.000000
1.265823 15.100000 0.545455
1.265823 15.100000 1.090909
1.265823 15.100000 1.636364
1.265823 15.100000 2.181818
1.265823 15.100000 2.727273
1.265823 15.100000 3.272727
1.265823 15.100000 3.818182
1.265823 15.100000 4.363636
1.265823 15.100000 4.909091
1.265823 15.100000 5.454545
1.265823 15.100000 6.000000
1.772152 15.100000 0.000000
1.772152 15.100000 0.545455
1.772152 15.100000 1.090909
1.772152 15.100000 1.636364
1.772152 15.100000 2.181818
1.772152 15.100000 2.727273
1.772152 15.100000 3.272727
1.772152 15.100000 3.818182
1.772152 15.100000 4.363636
1.772152 15.100000 4.909091
1.772152 15.100000 5.454545
1.772152 15.100000 6.000000
2.278481 15.100000 0.000000
2.278481 15.100000 0.545455
2.278481 15.100000 1.090909
2.278481 15.100000 1.636364
2.278481 15.100000 2.181818
2.278481 15.100000 2.727273
2.278481 15.100000 3.272727
2.278481 15.100000 3.818182
2.278481 15.100000 4.363636
2.278481 15.100000 4.909091
2.278481 15.100000 5.454545
2.278481 15.100000 6.000000
2.784810 15.100000 0.000000
2.784810 15.100000 0.545455
2.784810 15.100000 1.090909
2.784810 15.100000 1.636364
2.784810 15.100000 2.181818
2.784810 15.100000 2.727273
2.784810 15.100000 3.272727
2.784810 15.100000 3.818182
2.784810 15.100000 4.363636
2.784810 15.100000 4.909091
2.784810 15.100000 5.454545
2.784810 15.100000 6.000000
3.291139 15.100000 0.000000
3.291139 15.100000 0.545455
3.291139 15.100000 1.090909
3.291139 15.100000 1.636364
3.291139 15.100000 2.181818
3.291139 15.100000 2.727273
3.291139 15.100000 3.272727
3.291139 15.100000 3.818182
3.291139 15.100000 4.363636
3.291139 15.100000 4.909091
3.291139 15.100000 5.454545
3.291139 15.100000 6.000000
3.797468 15.100000 0.000000
3.797468 15.100000 0.545455
3.797468 15.100000 1.090909
3.797468 15.100000 1.636364
3.797468 15.100000 2.181818
3.797468 15.100000 2.727273
3.797468 15.100000 3.272727
3.797468 15.100000 3.818182
3.797468 15.100000 4.363636
3.797468 15.100000 4.909091
3.797468 15.100000 5.454545
3.797468 15.100000 6.000000
4.303797 15.100000 0.000000
4.303797 15.100000 0.545455
4.303797 15.100000 1.090909
4.303797 15.100000 1.636364
4.303797 15.100000 2.181818
4.303797 15.100000 2.727273
4.303797 15.100000 3.272727
4.303797 15.100000 3.818182
4.303797 15.100000 4.363636
4.303797 15.100000 4.909091
4.303797 15.100000 5.454545
4.303797 15.100000 6.000000
4.810127 15.100000 0.000000
4.810127 15.100000 0.545455
4.810127 15.100000 1.090909
4.810127 15.100000 1.636364
4.810127 15.100000 2.181818
4.810127 15.100000 2.727273
4.810127 15.100000 3.272727
4.810127 15.100000 3.818182
4.810127 15.100000 4.363636
4.810127 15.100000 4.909091
4.810127 15.100000 5.454545
4.810127 15.100000 6.000000
5.316456 15.100000 0.000000
5.316456 15.100000 0.545455
5.316456 15.100000 1.090909
5.316456 15.100000 1.636364
5.316456 15.100000 2.181818
5.316456 15.100000 2.727273
5.316456 15.100000 3.272727
5.316456 15.100000 3.818182
5.316456 15.100000 4.363636
5.316456 15.100000 4.909091
5.316456 15.100000 5.454545
5.316456 15.100000 6.000000
5.822785 15.100000 0.000000
5.822785 15.100000 0.545455
5.822785 15.100000 1.090909
5.822785 15.100000 1.636364
5.822785 15.100000 2.181818
5.822785 15.100000 2.727273
5.822785 15.100000 3.272727
5.822785 15.100000 3.818182
5.822785 15.100000 4.363636
5.822785 15.100000 4.909091
5.822785 15.100000 5.454545
5.822785 15.100000 6.000000
6.329114 15.100000 0.000000
6.329114 15.100000 0.545455
6.329114 15.100000 1.090909
6.329114 15.100000 1.636364
6.329114 15.100000 2.181818
6.329114 15.100000 2.727273
6.329114 15.100000 3.272727
6.329114 15.100000 3.818182
6.329114 15.100000 4.363636
6.329114 15.100000 4.909091
6.329114 15.100000 5.454545
6.329114 15.100000 6.000000
6.835443 15.100000 0.000000
6.835443 15.100000 0.545455
6.835443 15.100000 1.090909
6.835443 15.100000 1.636364
6.835443 15.100000 2.181818
6.835443 15.100000 2.727273
6.835443 15.100000 3.272727
6.835443 15.100000 3.818182
6.835443 15.100000 4.363636
6.835443 15.100000 4.909091
6.835443 15.100000 5.454545
6.835443 15.100000 6.000000
7.341772 15.100000 0.000000
7.341772 15.100000 0.545455
7.341772 15.100000 1.090909
7.341772 15.100000 1.636364
7.341772 15.100000 2.181818
7.341772 15.100000 2.727273
7.341772 15.100000 3.272727
7.341772 15.100000 3.818182
7.341772 15.100000 4.363636
7.341772 15.100000 4.909091
7.341772 15.100000 5.454545
7.341772 15.100000 6.000000
7.848101 15.100000 0.000000
7.848101 15.100000 0.545455
7.848101 15.100000 1.090909
7.848101 15.100000 1.636364
7.848101 15.100000 2.181818
7.848101 15.100000 2.727273
7.848101 15.100000 3.272727
7.848101 15.100000 3.818182
7.848101 15.100000 4.363636
7.848101 15.100000 4.909091
7.848101 15.100000 5.454545
7.848101 15.100000 6.000000
8.354430 15.100000 0.000000
8.354430 15.100000 0.545455
8.354430 15.100000 1.090909
8.354430 15.100000 1.636364
8.354430 15.100000 2.181818
8.354430 15.100000 2.727273
8.354430 15.100000 3.272727
8.354430 15.100000 3.818182
8.354430 15.100000 4.363636
8.354430 15.100000 4.909091
8.354430 15.100000 5.454545
8.354430 15.100000 6.000000
8.860759 15.100000 0.000000
8.860759 15.100000 0.545455
8.860759 15.100000 1.090909
8.860759 15.100000 1.636364
8.860759 15.100000 2.181818
8.860759 15.100000 2.727273
8.860759 15.100000 3.272727
8.860759 15.100000 3.818182
8.860759 15.100000 4.363636
8.860759 15.100000 4.909091
8.860759 15.100000 5.454545
8.860759 15.100000 6.000000
9.367089 15.100000 0.000000
9.367089 15.100000 0.545455
9.367089 15.100000 1.090909
9.367089 15.100000 1.636364
9.367089 15.100000 2.181818
9.367089 15.100000 2.727273
9.367089 15.100000 3.272727
9.367089 15.100000 3.818182
9.367089 15.100000 4.363636
9.367089 15.100000 4.909091
9.367089 15.100000 5.454545
9.367089 15.100000 6.000000
9.873418 15.100000 0.000000
9.873418 15.100000 0.545455
9.873418 15.100000 1.090909
9.873418 15.100000 1.636364
9.873418 15.100000 2.181818
9.873418 15.100000 2.727273
9.873418 15.100000 3.272727
9.873418 15.100000 3.818182
9.873418 15.100000 4.363636
9.873418 15.100000 4.909091
9.873418 15.100000 5.454545
9.873418 15.100000 6.000000
10.379747 15.100000 0.000000
10.379747 15.100000 0.545455
10.379747 15.100000 1.090909
10.379747 15.100000 1.636364
10.379747 15.100000 2.181818
10.379747 15.100000 2.727273
10.379747 15.100000 3.272727
10.379747 15.100000 3.818182
10.379747 15.100000 4.363636
10.379747 15.100000 4.909091
10.379747 15.100000 5.454545
10.379747 15.100000 6.000000
10.886076 15.100000 0.000000
10.886076 15.100000 0.545455
10.886076 15.100000 1.090909
10.886076 15.100000 1.636364
10.886076 15.100000 2.181818
10.886076 15.100000 2.727273
10.886076 15.100000 3.272727
10.886076 15.100000 3.818182
10.886076 15.100000 4.363636
10.886076 15.100000 4.909091
10.886076 15.100000 5.454545
10.886076 15.100000 6.000000
11.392405 15.100000 0.000000
11.392405 15.100000 0.545455
11.392405 15.100000 1.090909
11.392405 15.100000 1.636364
11.392405 15.100000 2.181818
11.392405 15.100000 2.727273
11.392405 15.100000 3.272727
11.392405 15.100000 3.818182
11.392405 15.100000 4.363636
11.392405 15.100000 4.909091
11.392405 15.100000 5.454545
11.392405 15.100000 6.000000
11.898734 15.100000 0.000000
11.898734 15.100000 0.545455
11.898734 15.100000 1.090909
11.898734 15.100000 1.636364
11.898734 15.100000 2.181818
11.898734 15.100000 2.727273
11.898734 15.100000 3.272727
11.898734 15.100000 3.818182
11.898734 15.100000 4.363636
11.898734 15.100000 4.909091
11.898734 15.100000 5.454545
11.898734 15.100000 6.000000
12.405063 15.100000 0.000000
12.405063 15.100000 0.545455
12.405063 15.100000 1.090909
12.405063 15.100000 1.636364
12.405063 15.100000 2.181818
12.405063 15.100000 2.727273
12.405063 15.100000 3.272727
12.405063 15.100000 3.818182
12.405063 15.100000 4.363636
12.405063 15.100000 4.909091
12.405063 15.100000 5.454545
12.405063 15.100000 6.000000
12.911392 15.100000 0.000000
12.911392 15.100000 0.545455
12.911392 15.100000 1.090909
12.911392 15.100000 1.636364
12.911392 15.100000 2.181818
12.911392 15.100000 2.727273
12.911392 15.100000 3.272727
12.911392 15.100000 3.818182
12.911392 15.100000 4.363636
12.911392 15.100000 4.909091
12.911392 15.100000 5.454545
12.911392 15.100000 6.000000
13.417722 15.100000 0.000000
13.417722 15.100000 0.545455
13.417722 15.100000 1.090909
13.417722 15.100000 1.636364
13.417722 15.100000 2.181818
13.417722 15.100000 2.727273
13.417722 15.100000 3.272727
13.417722 15.100000 3.818182
13.417722 15.100000 4.363636
13.417722 15.100000 4.909091
13.417722 15.100000 5.454545
13.417722 15.100000 6.000000
13.924051 15.100000 0.000000
13.924051 15.100000 0.545455
13.924051 15.100000 1.090909
13.924051 15.100000 1.636364
13.924051 15.100000 2.181818
13.924051 15.100000 2.727273
13.924051 15.100000 3.272727
13.924051 15.100000 3.818182
13.924051 15.100000 4.363636
13.924051 15.100000 4.909091
13.924051 15.100000 5.454545
13.924051 15.100000 6.000000
14.430380 15.100000 0.000000
14.430380 15.100000 0.545455
14.430380 15.100000 1.090909
14.430380 15.100000 1.636364
14.430380 15.100000 2.181818
14.430380 15.100000 2.727273
14.430380 15.100000 3.272727
14.430380 15.100000 3.818182
14.430380 15.100000 4.363636
14.430380 15.100000 4.909091
14.430380 15.100000 5.454545
14.430380 15.100000 6.000000
14.936709 15.100000 0.000000
14.936709 15.100000 0.545455
14.936709 15.100000 1.090909
14.936709 15.100000 1.636364
14.936709 15.100000 2.181818
14.936709 15.100000 2.727273
14.936709 15.100000 3.272727
14.936709 15.100000 3.818182
14.936709 15.100000 4.363636
14.936709 15.100000 4.909091
14.936709 15.100000 5.454545
14.936709 15.100000 6.000000
15.443038 15.100000 0.000000
15.443038 15.100000 0.545455
15.443038 15.100000 1.090909
15.443038 15.100000 1.636364
15.443038 15.100000 2.181818
15.443038 15.100000 2.727273
15.443038 15.100000 3.272727
15.443038 15.100000 3.818182
15.443038 15.100000 4.363636
15.443038 15.100000 4.909091
15.443038 15.100000 5.454545
15.443038 15.100000 6.000000
15.949367 15.100000 0.000000
15.949367 15.100000 0.545455
15.949367 15.100000 1.090909
15.949367 15.100000 1.636364
15.949367 15.100000 2.181818
15.949367 15.100000 2.727273
15.949367 15.100000 3.272727
15.949367 15.100000 3.818182
15.949367 15.100000 4.363636
15.949367 15.100000 4.909091
15.949367 15.100000 5.454545
15.949367 15.100000 6.000000
16.455696 15.100000 0.000000
16.455696 15.100000 0.545455
16.455696 15.100000 1.090909
16.455696 15.100000 1.636364
16.455696 15.100000 2.181818
16.455696 15.100000 2.727273
16.455696 15.100000 3.272727
16.455696 15.100000 3.818182
16.455696 15.100000 4.363636
16.455696 15.100000 4.909091
16.455696 15.100000 5.454545
16.455696 15.100000 6.000000
16.962025 15.100000 0.000000
16.962025 15.100000 0.545455
16.962025 15.100000 1.090909
16.962025 15.100000 1.636364
16.962025 15.100000 2.181818
16.962025 15.100000 2.727273
16.962025 15.100000 3.272727
16.962025 15.100000 3.818182
16.962025 15.100000 4.363636
16.962025 15.100000 4.909091
16.962025 15.100000 5.454545
16.962025 15.100000 6.000000
17.468354 15.100000 0.000000
17.468354 15.100000 0.545455
17.468354 15.100000 1.090909
17.468354 15.100000 1.636364
17.468354 15.100000 2.181818
17.468354 15.100000 2.727273
17.468354 15.100000 3.272727
17.468354 15.100000 3.818182
17.468354 15.100000 4.363636
17.468354 15.100000 4.909091
17.468354 15.100000 5.454545
17.468354 15.100000 6.000000
17.974684 15.100000 0.000000
17.974684 15.100000 0.545455
17.974684 15.100000 1.090909
17.974684 15.100000 1.636364
17.974684 15.100000 2.181818
17.974684 15.100000 2.727273
17.974684 15.100000 3.272727
17.974684 15.100000 3.818182
17.974684 15.100000 4.363636
17.974684 15.100000 4.909091
17.974684 15.100000 5.454545
17.974684 15.100000 6.000000
18.481013 15.100000 0.000000
18.481013 15.100000 0.545455
18.481013 15.100000 1.090909
18.481013 15.100000 1.636364
18.481013 15.100000 2.181818
18.481013 15.100000 2.727273
18.481013 15.100000 3.272727
18.481013 15.100000 3.818182
18.481013 15.100000 4.363636
18.481013 15.100000 4.909091
18.481013 15.100000 5.454545
18.481013 15.100000 6.000000
18.987342 15.100000 0.000000
18.987342 15.100000 0.545455
18.987342 15.100000 1.090909
18.987342 15.100000 1.636364
18.987342 15.100000 2.181818
18.987342 15.100000 2.727273
18.987342 15.100000 3.272727
18.987342 15.100000 3.818182
18.987342 15.100000 4.363636
18.987342 15.100000 4.909091
18.987342 15.100000 5.454545
18.987342 15.100000 6.000000
19.493671 15.100000 0.000000
19.493671 15.100000 0.545455
19.493671 15.100000 1.090909
19.493671 15.100000 1.636364
19.493671 15.100000 2.181818
19.493671 15.100000 2.727273
19.493671 15.100000 3.272727
19.493671 15.100000 3.818182
19.493671 15.100000 4.363636
19.493671 15.100000 4.909091
19.493671 15.100000 5.454545
19.493671 15.100000 6.000000
20.000000 15.100000 0.000000
20.000000 15.100000 0.545455
20.000000 15.100000 1.090909
20.000000 15.100000 1.636364
20.000000 15.100000 2.181818
20.000000 15.100000 2.727273
20.000000 15.100000 3.272727
20.000000 15.100000 3.818182
20.000000 15.100000 4.363636
20.000000 15.100000 4.909091
20.000000 15.100000 5.454545
20.000000 15.100000 6.000000
-20.000000 14.900000 0.000000
-20.000000 14.900000 0.545455
-20.000000 14.900000 1.090909
-20.000000 14.900000 1.636364
-20.000000 14.900000 2.181818
-20.000000 14.900000 2.727273
-20.000000 14.900000 3.272727
-20.000000 14.900000 3.818182
-20.000000 14.900000 4.363636
-20.000000 14.900000 4.909091
-20.000000 14.900000 5.454545
-20.000000 14.900000 6.000000
-19.493671 14.900000 0.000000
-19.493671 14.900000 0.545455
-19.493671 14.900000 1.090909
-19.493671 14.900000 1.636364
-19.493671 14.900000 2.181818
-19.493671 14.900000 2.727273
-19.493671 14.900000 3.272727
-19.493671 14.900000 3.818182
-19.493671 14.900000 4.363636
-19.493671 14.900000 4.909091
-19.493671 14.900000 5.454545
-19.493671 14.900000 6.000000
-18.987342 14.900000 0.000000
-18.987342 14.900000 0.545455
-18.987342 14.900000 1.090909
-18.987342 14.900000 1.636364
-18.987342 14.900000 2.181818
-18.987342 14.900000 2.727273
-18.987342 14.900000 3.272727
-18.987342 14.900000 3.818182
-18.987342 14.900000 4.363636
-18.987342 14.900000 4.909091
-18.987342 14.900000 5.454545
-18.987342 14.900000 6.000000
-18.481013 14.900000 0.000000
-18.481013 14.900000 0.545455
-18.481013 14.900000 1.090909
-18.481013 14.900000 1.636364
-18.481013 14.900000 2.181818
-18.481013 14.900000 2.727273
-18.481013 14.900000 3.272727
-18.481013 14.900000 3.818182
-18.481013 14.900000 4.363636
-18.481013 14.900000 4.909091
-18.481013 14.900000 5.454545
-18.481013 14.900000 6.000000
-17.974684 14.900000 0.000000
-17.974684 14.900000 0.545455
-17.974684 14.900000 1.090909
-17.974684 14.900000 1.636364
-17.974684 14.900000 2.181818
-17.974684 14.900000 2.727273
-17.974684 14.900000 3.272727
-17.974684 14.900000 3.818182
-17.974684 14.900000 4.363636
-17.974684 14.900000 4.909091
-17.974684 14.900000 5.454545
-17.974684 14.900000 6.000000
-17.468354 14.900000 0.000000
-17.468354 14.900000 0.545455
-17.468354 14.900000 1.090909
-17.468354 14.900000 1.636364
-17.468354 14.900000 2.181818
-17.468354 14.900000 2.727273
-17.468354 14.900000 3.272727
-17.468354 14.900000 3.818182
-17.468354 14.900000 4.363636
-17.468354 14.900000 4.909091
-17.468354 14.900000 5.454545
-17.468354 14.900000 6.000000
-16.962025 14.900000 0.000000
-16.962025 14.900000 0.545455
-16.962025 14.900000 1.090909
-16.962025 14.900000 1.636364
-16.962025 14.900000 2.181818
-16.962025 14.900000 2.727273
-16.962025 14.900000 3.272727
-16.962025 14.900000 3.818182
-16.962025 14.900000 4.363636
-16.962025 14.900000 4.909091
-16.962025 14.900000 5.454545
-16.962025 14.900000 6.000000
-16.455696 14.900000 0.000000
-16.455696 14.900000 0.545455
-16.455696 14.900000 1.090909
-16.455696 14.900000 1.636364
-16.455696 14.900000 2.181818
-16.455696 14.900000 2.727273
-16.455696 14.900000 3.272727
-16.455696 14.900000 3.818182
-16.455696 14.900000 4.363636
-16.455696 14.900000 4.909091
-16.455696 14.900000 5.454545
-16.455696 14.900000 6.000000
-15.949367 14.900000 0.000000
-15.949367 14.900000 0.545455
-15.949367 14.900000 1.090909
-15.949367 14.900000 1.636364
-15.949367 14.900000 2.181818
-15.949367 14.900000 2.727273
-15.949367 14.900000 3.272727
-15.949367 14.900000 3.818182
-15.949367 14.900000 4.363636
-15.949367 14.900000 4.909091
-15.949367 14.900000 5.454545
-15.949367 14.900000 6.000000
-15.443038 14.900000 0.000000
-15.443038 14.900000 0.545455
-15.443038 14.900000 1.090909
-15.443038 14.900000 1.636364
-15.443038 14.900000 2.181818
-15.443038 14.900000 2.727273
-15.443038 14.900000 3.272727
-15.443038 14.900000 3.818182
-15.443038 14.900000 4.363636
-15.443038 14.900000 4.909091
-15.443038 14.900000 5.454545
-15.443038 14.900000 6.000000
-14.936709 14.900000 0.000000
-14.936709 14.900000 0.545455
-14.936709 14.900000 1.090909
-14.936709 14.900000 1.636364
-14.936709 14.900000 2.181818
-14.936709 14.900000 2.727273
-14.936709 14.900000 3.272727
-14.936709 14.900000 3.818182
-14.936709 14.900000 4.363636
-14.936709 14.900000 4.909091
-14.936709 14.900000 5.454545
-14.936709 14.900000 6.000000
-14.430380 14.900000 0.000000
-14.430380 14.900000 0.545455
-14.430380 14.900000 1.090909
-14.430380 14.900000 1.636364
-14.430380 14.900000 2.181818
-14.430380 14.900000 2.727273
-14.430380 14.900000 3.272727
-14.430380 14.900000 3.818182
-14.430380 14.900000 4.363636
-14.430380 14.900000 4.909091
-14.430380 14.900000 5.454545
-14.430380 14.900000 6.000000
-13.924051 14.900000 0.000000
-13.924051 14.900000 0.545455
-13.924051 14.900000 1.090909
-13.924051 14.900000 1.636364
-13.924051 14.900000 2.181818
-13.924051 14.900000 2.727273
-13.924051 14.900000 3.272727
-13.924051 14.900000 3.818182
-13.924051 14.900000 4.363636
-13.924051 14.900000 4.909091
-13.924051 14.900000 5.454545
-13.924051 14.900000 6.000000
-13.417722 14.900000 0.000000
-13.417722 14.900000 0.545455
-13.417722 14.900000 1.090909
-13.417722 14.900000 1.636364
-13.417722 14.900000 2.181818
-13.417722 14.900000 2.727273
-13.417722 14.900000 3.272727
-13.417722 14.900000 3.818182
-13.417722 14.900000 4.363636
-13.417722 14.900000 4.909091
-13.417722 14.900000 5.454545
-13.417722 14.900000 6.000000
-12.911392 14.900000 0.000000
-12.911392 14.900000 0.545455
-12.911392 14.900000 1.090909
-12.911392 14.900000 1.636364
-12.911392 14.900000 2.181818
-12.911392 14.900000 2.727273
-12.911392 14.900000 3.272727
-12.911392 14.900000 3.818182
-12.911392 14.900000 4.363636
-12.911392 14.900000 4.909091
-12.911392 14.900000 5.454545
-12.911392 14.900000 6.000000
-12.405063 14.900000 0.000000
-12.405063 14.900000 0.545455
-12.405063 14.900000 1.090909
-12.405063 14.900000 1.636364
-12.405063 14.900000 2.181818
-12.405063 14.900000 2.727273
-12.405063 14.900000 3.272727
-12.405063 14.900000 3.818182
-12.405063 14.900000 4.363636
-12.405063 14.900000 4.909091
-12.405063 14.900000 5.454545
-12.405063 14.900000 6.000000
-11.898734 14.900000 0.000000
-11.898734 14.900000 0.545455
-11.898734 14.900000 1.090909
-11.898734 14.900000 1.636364
-11.898734 14.900000 2.181818
-11.898734 14.900000 2.727273
-11.898734 14.900000 3.272727
-11.898734 14.900000 3.818182
-11.898734 14.900000 4.363636
-11.898734 14.900000 4.909091
-11.898734 14.900000 5.454545
-11.898734 14.900000 6.000000
-11.392405 14.900000 0.000000
-11.392405 14.900000 0.545455
-11.392405 14.900000 1.090909
-11.392405 14.900000 1.636364
-11.392405 14.900000 2.181818
-11.392405 14.900000 2.727273
-11.392405 14.900000 3.272727
-11.392405 14.900000 3.818182
-11.392405 14.900000 4.363636
-11.392405 14.900000 4.909091
-11.392405 14.900000 5.454545
-11.392405 14.900000 6.000000
-10.886076 14.900000 0.000000
-10.886076 14.900000 0.545455
-10.886076 14.900000 1.090909
-10.886076 14.900000 1.636364
-10.886076 14.900000 2.181818
-10.886076 14.900000 2.727273
-10.886076 14.900000 3.272727
-10.886076 14.900000 3.818182
-10.886076 14.900000 4.363636
-10.886076 14.900000 4.909091
-10.886076 14.900000 5.454545
-10.886076 14.900000 6.000000
-10.379747 14.900000 0.000000
-10.379747 14.900000 0.545455
-10.379747 14.900000 1.090909
-10.379747 14.900000 1.636364
-10.379747 14.900000 2.181818
-10.379747 14.900000 2.727273
-10.379747 14.900000 3.272727
-10.379747 14.900000 3.818182
-10.379747 14.900000 4.363636
-10.379747 14.900000 4.909091
-10.379747 14.900000 5.454545
-10.379747 14.900000 6.000000
-9.873418 14.900000 0.000000
-9.873418 14.900000 0.545455
-9.873418 14.900000 1.090909
-9.873418 14.900000 1.636364
-9.873418 14.900000 2.181818
-9.873418 14.900000 2.727273
-9.873418 14.900000 3.272727
-9.873418 14.900000 3.818182
-9.873418 14.900000 4.363636
-9.873418 14.900000 4.909091
-9.873418 14.900000 5.454545
-9.873418 14.900000 6.000000
-9.367089 14.900000 0.000000
-9.367089 14.900000 0.545455
-9.367089 14.900000 1.090909
-9.367089 14.900000 1.636364
-9.367089 14.900000 2.181818
-9.367089 14.900000 2.727273
-9.367089 14.900000 3.272727
-9.367089 14.900000 3.818182
-9.367089 14.900000 4.363636
-9.367089 14.900000 4.909091
-9.367089 14.900000 5.454545
-9.367089 14.900000 6.000000
-8.860759 14.900000 0.000000
-8.860759 14.900000 0.545455
-8.860759 14.900000 1.090909
-8.860759 14.900000 1.636364
-8.860759 14.900000 2.181818
-8.860759 14.900000 2.727273
-8.860759 14.900000 3.272727
-8.860759 14.900000 3.818182
-8.860759 14.900000 4.363636
-8.860759 14.900000 4.909091
-8.860759 14.900000 5.454545
-8.860759 14.900000 6.000000
-8.354430 14.900000 0.000000
-8.354430 14.900000 0.545455
-8.354430 14.900000 1.090909
-8.354430 14.900000 1.636364
-8.354430 14.900000 2.181818
-8.354430 14.900000 2.727273
-8.354430 14.900000 3.272727
-8.354430 14.900000 3.818182
-8.354430 14.900000 4.363636
-8.354430 14.900000 4.909091
-8.354430 14.900000 5.454545
-8.354430 14.900000 6.000000
-7.848101 14.900000 0.000000
-7.848101 14.900000 0.545455
-7.848101 14.900000 1.090909
-7.848101 14.900000 1.636364
-7.848101 14.900000 2.181818
-7.848101 14.900000 2.727273
-7.848101 14.900000 3.272727
-7.848101 14.900000 3.818182
-7.848101 14.900000 4.363636
-7.848101 14.900000 4.909091
-7.848101 14.900000 5.454545
-7.848101 14.900000 6.000000
-7.341772 14.900000 0.000000
-7.341772 14.900000 0.545455
-7.341772 14.900000 1.090909
-7.341772 14.900000 1.636364
-7.341772 14.900000 2.181818
-7.341772 14.900000 2.727273
-7.341772 14.900000 3.272727
-7.341772 14.900000 3.818182
-7.341772 14.900000 4.363636
-7.341772 14.900000 4.909091
-7.341772 14.900000 5.454545
-7.341772 14.900000 6.000000
-6.835443 14.900000 0.000000
-6.835443 14.900000 0.545455
-6.835443 14.900000 1.090909
-6.835443 14.900000 1.636364
-6.835443 14.900000 2.181818
-6.835443 14.900000 2.727273
-6.835443 14.900000 3.272727
-6.835443 14.900000 3.818182
-6.835443 14.900000 4.363636
-6.835443 14.900000 4.909091
-6.835443 14.900000 5.454545
-6.835443 14.900000 6.000000
-6.329114 14.900000 0.000000
-6.329114 14.900000 0.545455
-6.329114 14.900000 1.090909
-6.329114 14.900000 1.636364
-6.329114 14.900000 2.181818
-6.329114 14.900000 2.727273
-6.329114 14.900000 3.272727
-6.329114 14.900000 3.818182
-6.329114 14.900000 4.363636
-6.329114 14.900000 4.909091
-6.329114 14.900000 5.454545
-6.329114 14.900000 6.000000
-5.822785 14.900000 0.000000
-5.822785 14.900000 0.545455
-5.822785 14.900000 1.090909
-5.822785 14.900000 1.636364
-5.822785 14.900000 2.181818
-5.822785 14.900000 2.727273
-5.822785 14.900000 3.272727
-5.822785 14.900000 3.818182
-5.822785 14.900000 4.363636
-5.822785 14.900000 4.909091
-5.822785 14.900000 5.454545
-5.822785 14.900000 6.000000
-5.316456 14.900000 0.000000
-5.316456 14.900000 0.545455
-5.316456 14.900000 1.090909
-5.316456 14.900000 1.636364
-5.316456 14.900000 2.181818
-5.316456 14.900000 2.727273
-5.316456 14.900000 3.272727
-5.316456 14.900000 3.818182
-5.316456 14.900000 4.363636
-5.316456 14.900000 4.909091
-5.316456 14.900000 5.454545
-5.316456 14.900000 6.000000
-4.810127 14.900000 0.000000
-4.810127 14.900000 0.545455
-4.810127 14.900000 1.090909
-4.810127 14.900000 1.636364
-4.810127 14.900000 2.181818
-4.810127 14.900000 2.727273
-4.810127 14.900000 3.272727
-4.810127 14.900000 3.818182
-4.810127 14.900000 4.363636
-4.810127 14.900000 4.909091
-4.810127 14.900000 5.454545
-4.810127 14.900000 6.000000
-4.303797 14.900000 0.000000
-4.303797 14.900000 0.545455
-4.303797 14.900000 1.090909
-4.303797 14.900000 1.636364
-4.303797 14.900000 2.181818
-4.303797 14.900000 2.727273
-4.303797 14.900000 3.272727
-4.303797 14.900000 3.818182
-4.303797 14.900000 4.363636
-4.303797 14.900000 4.909091
-4.303797 14.900000 5.454545
-4.303797 14.900000 6.000000
-3.797468 14.900000 0.000000
-3.797468 14.900000 0.545455
-3.797468 14.900000 1.090909
-3.797468 14.900000 1.636364
-3.797468 14.900000 2.181818
-3.797468 14.900000 2.727273
-3.797468 14.900000 3.272727
-3.797468 14.900000 3.818182
-3.797468 14.900000 4.363636
-3.797468 14.900000 4.909091
-3.797468 14.900000 5.454545
-3.797468 14.900000 6.000000
-3.291139 14.900000 0.000000
-3.291139 14.900000 0.545455
-3.291139 14.900000 1.090909
-3.291139 14.900000 1.636364
-3.291139 14.900000 2.181818
-3.291139 14.900000 2.727273
-3.291139 14.900000 3.272727
-3.291139 14.900000 3.818182
-3.291139 14.900000 4.363636
-3.291139 14.900000 4.909091
-3.291139 14.900000 5.454545
-3.291139 14.900000 6.000000
-2.784810 14.900000 0.000000
-2.784810 14.900000 0.545455
-2.784810 14.900000 1.090909
-2.784810 14.900000 1.636364
-2.784810 14.900000 2.181818
-2.784810 14.900000 2.727273
-2.784810 14.900000 3.272727
-2.784810 14.900000 3.818182
-2.784810 14.900000 4.363636
-2.784810 14.900000 4.909091
-2.784810 14.900000 5.454545
-2.784810 14.900000 6.000000
-2.278481 14.900000 0.000000
-2.278481 14.900000 0.545455
-2.278481 14.900000 1.090909
-2.278481 14.900000 1.636364
-2.278481 14.900000 2.181818
-2.278481 14.900000 2.727273
-2.278481 14.900000 3.272727
-2.278481 14.900000 3.818182
-2.278481 14.900000 4.363636
-2.278481 14.900000 4.909091
-2.278481 14.900000 5.454545
-2.278481 14.900000 6.000000
-1.772152 14.900000 0.000000
-1.772152 14.900000 0.545455
-1.772152 14.900000 1.090909
-1.772152 14.900000 1.636364
-1.772152 14.900000 2.181818
-1.772152 14.900000 2.727273
-1.772152 14.900000 3.272727
-1.772152 14.900000 3.818182
-1.772152 14.900000 4.363636
-1.772152 14.900000 4.909091
-1.772152 14.900000 5.454545
-1.772152 14.900000 6.000000
-1.265823 14.900000 0.000000
-1.265823 14.900000 0.545455
-1.265823 14.900000 1.090909
-1.265823 14.900000 1.636364
-1.265823 14.900000 2.181818
-1.265823 14.900000 2.727273
-1.265823 14.900000 3.272727
-1.265823 14.900000 3.818182
-1.265823 14.900000 4.363636
-1.265823 14.900000 4.909091
-1.265823 14.900000 5.454545
-1.265823 14.900000 6.000000
-0.759494 14.900000 0.000000
-0.759494 14.900000 0.545455
-0.759494 14.900000 1.090909
-0.759494 14.900000 1.636364
-0.759494 14.900000 2.181818
-0.759494 14.900000 2.727273
-0.759494 14.900000 3.272727
-0.759494 14.900000 3.818182
-0.759494 14.900000 4.363636
-0.759494 14.900000 4.909091
-0.759494 14.900000 5.454545
-0.759494 14.900000 6.000000
-0.253165 14.900000 0.000000
-0.253165 14.900000 0.545455
-0.253165 14.900000 1.090909
-0.253165 14.900000 1.636364
-0.253165 14.900000 2.181818
-0.253165 14.900000 2.727273
-0.253165 14.900000 3.272727
-0.253165 14.900000 3.818182
-0.253165 14.900000 4.363636
-0.253165 14.900000 4.909091
-0.253165 14.900000 5.454545
-0.253165 14.900000 6.000000
0.253165 14.900000 0.000000
0.253165 14.900000 0.545455
0.253165 14.900000 1.090909
0.253165 14.900000 1.636364
0.253165 14.900000 2.181818
0.253165 14.900000 2.727273
0.253165 14.900000 3.272727
0.253165 14.900000 3.818182
0.253165 14.900000 4.363636
0.253165 14.900000 4.909091
0.253165 14.900000 5.454545
0.253165 14.900000 6.000000
0.759494 14.900000 0.000000
0.759494 14.900000 0.545455
0.759494 14.900000 1.090909
0.759494 14.900000 1.636364
0.759494 14.900000 2.181818
0.759494 14.900000 2.727273
0.759494 14.900000 3.272727
0.759494 14.900000 3.818182
0.759494 14.900000 4.363636
0.759494 14.900000 4.909091
0.759494 14.900000 5.454545
0.759494 14.900000 6.000000
1.265823 14.900000 0.000000
1.265823 14.900000 0.545455
1.265823 14.900000 1.090909
1.265823 14.900000 1.636364
1.265823 14.900000 2.181818
1.265823 14.900000 2.727273
1.265823 14.900000 3.272727
1.265823 14.900000 3.818182
1.265823 14.900000 4.363636
1.265823 14.900000 4.909091
1.265823 14.900000 5.454545
1.265823 14.900000 6.000000
1.772152 14.900000 0.000000
1.772152 14.900000 0.545455
1.772152 14.900000 1.090909
1.772152 14.900000 1.636364
1.772152 14.900000 2.181818
1.772152 14.900000 2.727273
1.772152 14.900000 3.272727
1.772152 14.900000 3.818182
1.772152 14.900000 4.363636
1.772152 14.900000 4.909091
1.772152 14.900000 5.454545
1.772152 14.900000 6.000000
2.278481 14.900000 0.000000
2.278481 14.900000 0.545455
2.278481 14.900000 1.090909
2.278481 14.900000 1.636364
2.278481 14.900000 2.181818
2.278481 14.900000 2.727273
2.278481 14.900000 3.272727
2.278481 14.900000 3.818182
2.278481 14.900000 4.363636
2.278481 14.900000 4.909091
2.278481 14.900000 5.454545
2.278481 14.900000 6.000000
2.784810 14.900000 0.000000
2.784810 14.900000 0.545455
2.784810 14.900000 1.090909
2.784810 14.900000 1.636364
2.784810 14.900000 2.181818
2.784810 14.900000 2.727273
2.784810 14.900000 3.272727
2.784810 14.900000 3.818182
2.784810 14.900000 4.363636
2.784810 14.900000 4.909091
2.784810 14.900000 5.454545
2.784810 14.900000 6.000000
3.291139 14.900000 0.000000
3.291139 14.900000 0.545455
3.291139 14.900000 1.090909
3.291139 14.900000 1.636364
3.291139 14.900000 2.181818
3.291139 14.900000 2.727273
3.291139 14.900000 3.272727
3.291139 14.900000 3.818182
3.291139 14.900000 4.363636
3.291139 14.900000 4.909091
3.291139 14.900000 5.454545
3.291139 14.900000 6.000000
3.797468 14.900000 0.000000
3.797468 14.900000 0.545455
3.797468 14.900000 1.090909
3.797468 14.900000 1.636364
3.797468 14.900000 2.181818
3.797468 14.900000 2.727273
3.797468 14.900000 3.272727
3.797468 14.900000 3.818182
3.797468 14.900000 4.363636
3.797468 14.900000 4.909091
3.797468 14.900000 5.454545
3.797468 14.900000 6.000000
4.303797 14.900000 0.000000
4.303797 14.900000 0.545455
4.303797 14.900000 1.090909
4.303797 14.900000 1.636364
4.303797 14.900000 2.181818
4.303797 14.900000 2.727273
4.303797 14.900000 3.272727
4.303797 14.900000 3.818182
4.303797 14.900000 4.363636
4.303797 14.900000 4.909091
4.303797 14.900000 5.454545
4.303797 14.900000 6.000000
4.810127 14.900000 0.000000
4.810127 14.900000 0.545455
4.810127 14.900000 1.090909
4.810127 14.900000 1.636364
4.810127 14.900000 2.181818
4.810127 14.900000 2.727273
4.810127 14.900000 3.272727
4.810127 14.900000 3.818182
4.810127 14.900000 4.363636
4.810127 14.900000 4.909091
4.810127 14.900000 5.454545
4.810127 14.900000 6.000000
5.316456 14.900000 0.000000
5.316456 14.900000 0.545455
5.316456 14.900000 1.090909
5.316456 14.900000 1.636364
5.316456 14.900000 2.181818
5.316456 14.900000 2.727273
5.316456 14.900000 3.272727
5.316456 14.900000 3.818182
5.316456 14.900000 4.363636
5.316456 14.900000 4.909091
5.316456 14.900000 5.454545
5.316456 14.900000 6.000000
5.822785 14.900000 0.000000
5.822785 14.900000 0.545455
5.822785 14.900000 1.090909
5.822785 14.900000 1.636364
5.822785 14.900000 2.181818
5.822785 14.900000 2.727273
5.822785 14.900000 3.272727
5.822785 14.900000 3.818182
5.822785 14.900000 4.363636
5.822785 14.900000 4.909091
5.822785 14.900000 5.454545
5.822785 14.900000 6.000000
6.329114 14.900000 0.000000
6.329114 14.900000 0.545455
6.329114 14.900000 1.090909
6.329114 14.900000 1.636364
6.329114 14.900000 2.181818
6.329114 14.900000 2.727273
6.329114 14.900000 3.272727
6.329114 14.900000 3.818182
6.329114 14.900000 4.363636
6.329114 14.900000 4.909091
6.329114 14.900000 5.454545
6.329114 14.900000 6.000000
6.835443 14.900000 0.000000
6.835443 14.900000 0.545455
6.835443 14.900000 1.090909
6.835443 14.900000 1.636364
6.835443 14.900000 2.181818
6.835443 14.900000 2.727273
6.835443 14.900000 3.272727
6.835443 14.900000 3.818182
6.835443 14.900000 4.363636
6.835443 14.900000 4.909091
6.835443 14.900000 5.454545
6.835443 14.900000 6.000000
7.341772 14.900000 0.000000
7.341772 14.900000 0.545455
7.341772 14.900000 1.090909
7.341772 14.900000 1.636364
7.341772 14.900000 2.181818
7.341772 14.900000 2.727273
7.341772 14.900000 3.272727
7.341772 14.900000 3.818182
7.341772 14.900000 4.363636
7.341772 14.900000 4.909091
7.341772 14.900000 5.454545
7.341772 14.900000 6.000000
7.848101 14.900000 0.000000
7.848101 14.900000 0.545455
7.848101 14.900000 1.090909
7.848101 14.900000 1.636364
7.848101 14.900000 2.181818
7.848101 14.900000 2.727273
7.848101 14.900000 3.272727
7.848101 14.900000 3.818182
7.848101 14.900000 4.363636
7.848101 14.900000 4.909091
7.848101 14.900000 5.454545
7.848101 14.900000 6.000000
8.354430 14.900000 0.000000
8.354430 14.900000 0.545455
8.354430 14.900000 1.090909
8.354430 14.900000 1.636364
8.354430 14.900000 2.181818
8.354430 14.900000 2.727273
8.354430 14.900000 3.272727
8.354430 14.900000 3.818182
8.354430 14.900000 4.363636
8.354430 14.900000 4.909091
8.354430 14.900000 5.454545
8.354430 14.900000 6.000000
8.860759 14.900000 0.000000
8.860759 14.900000 0.545455
8.860759 14.900000 1.090909
8.860759 14.900000 1.636364
8.860759 14.900000 2.181818
8.860759 14.900000 2.727273
8.860759 14.900000 3.272727
8.860759 14.900000 3.818182
8.860759 14.900000 4.363636
8.860759 14.900000 4.909091
8.860759 14.900000 5.454545
8.860759 14.900000 6.000000
9.367089 14.900000 0.000000
9.367089 14.900000 0.545455
9.367089 14.900000 1.090909
9.367089 14.900000 1.636364
9.367089 14.900000 2.181818
9.367089 14.900000 2.727273
9.367089 14.900000 3.272727
9.367089 14.900000 3.818182
9.367089 14.900000 4.363636
9.367089 14.900000 4.909091
9.367089 14.900000 5.454545
9.367089 14.900000 6.000000
9.873418 14.900000 0.000000
9.873418 14.900000 0.545455
9.873418 14.900000 1.090909
9.873418 14.900000 1.636364
9.873418 14.900000 2.181818
9.873418 14.900000 2.727273
9.873418 14.900000 3.272727
9.873418 14.900000 3.818182
9.873418 14.900000 4.363636
9.873418 14.900000 4.909091
9.873418 14.900000 5.454545
9.873418 14.900000 6.000000
10.379747 14.900000 0.000000
10.379747 14.900000 0.545455
10.379747 14.900000 1.090909
10.379747 14.900000 1.636364
10.379747 14.900000 2.181818
10.379747 14.900000 2.727273
10.379747 14.900000 3.272727
10.379747 14.900000 3.818182
10.379747 14.900000 4.363636
10.379747 14.900000 4.909091
10.379747 14.900000 5.454545
10.379747 14.900000 6.000000
10.886076 14.900000 0.000000
10.886076 14.900000 0.545455
10.886076 14.900000 1.090909
10.886076 14.900000 1.636364
10.886076 14.900000 2.181818
10.886076 14.900000 2.727273
10.886076 14.900000 3.272727
10.886076 14.900000 3.818182
10.886076 14.900000 4.363636
10.886076 14.900000 4.909091
10.886076 14.900000 5.454545
10.886076 14.900000 6.000000
11.392405 14.900000 0.000000
11.392405 14.900000 0.545455
11.392405 14.900000 1.090909
11.392405 14.900000 1.636364
11.392405 14.900000 2.181818
11.392405 14.900000 2.727273
11.392405 14.900000 3.272727
11.392405 14.900000 3.818182
11.392405 14.900000 4.363636
11.392405 14.900000 4.909091
11.392405 14.900000 5.454545
11.392405 14.900000 6.000000
11.898734 14.900000 0.000000
11.898734 14.900000 0.545455
11.898734 14.900000 1.090909
11.898734 14.900000 1.636364
11.898734 14.900000 2.181818
11.898734 14.900000 2.727273
11.898734 14.900000 3.272727
11.898734 14.900000 3.818182
11.898734 14.900000 4.363636
11.898734 14.900000 4.909091
11.898734 14.900000 5.454545
11.898734 14.900000 6.000000
12.405063 14.900000 0.000000
12.405063 14.900000 0.545455
12.405063 14.900000 1.090909
12.405063 14.900000 1.636364
12.405063 14.900000 2.181818
12.405063 14.900000 2.727273
12.405063 14.900000 3.272727
12.405063 14.900000 3.818182
12.405063 14.900000 4.363636
12.405063 14.900000 4.909091
12.405063 14.900000 5.454545
12.405063 14.900000 6.000000
12.911392 14.900000 0.000000
12.911392 14.900000 0.545455
12.911392 14.900000 1.090909
12.911392 14.900000 1.636364
12.911392 14.900000 2.181818
12.911392 14.900000 2.727273
12.911392 14.900000 3.272727
12.911392 14.900000 3.818182
12.911392 14.900000 4.363636
12.911392 14.900000 4.909091
12.911392 14.900000 5.454545
12.911392 14.900000 6.000000
13.417722 14.900000 0.000000
13.417722 14.900000 0.545455
13.417722 14.900000 1.090909
13.417722 14.900000 1.636364
13.417722 14.900000 2.181818
13.417722 14.900000 2.727273
13.417722 14.900000 3.272727
13.417722 14.900000 3.818182
13.417722 14.900000 4.363636
13.417722 14.900000 4.909091
13.417722 14.900000 5.454545
13.417722 14.900000 6.000000
13.924051 14.900000 0.000000
13.924051 14.900000 0.545455
13.924051 14.900000 1.090909
13.924051 14.900000 1.636364
13.924051 14.900000 2.181818
13.924051 14.900000 2.727273
13.924051 14.900000 3.272727
13.924051 14.900000 3.818182
13.924051 14.900000 4.363636
13.924051 14.900000 4.909091
13.924051 14.900000 5.454545
13.924051 14.900000 6.000000
14.430380 14.900000 0.000000
14.430380 14.900000 0.545455
14.430380 14.900000 1.090909
14.430380 14.900000 1.636364
14.430380 14.900000 2.181818
14.430380 14.900000 2.727273
14.430380 14.900000 3.272727
14.430380 14.900000 3.818182
14.430380 14.900000 4.363636
14.430380 14.900000 4.909091
14.430380 14.900000 5.454545
14.430380 14.900000 6.000000
14.936709 14.900000 0.000000
14.936709 14.900000 0.545455
14.936709 14.900000 1.090909
14.936709 14.900000 1.636364
14.936709 14.900000 2.181818
14.936709 14.900000 2.727273
14.936709 14.900000 3.272727
14.936709 14.900000 3.818182
14.936709 14.900000 4.363636
14.936709 14.900000 4.909091
14.936709 14.900000 5.454545
14.936709 14.900000 6.000000
15.443038 14.900000 0.000000
15.443038 14.900000 0.545455
15.443038 14.900000 1.090909
15.443038 14.900000 1.636364
15.443038 14.900000 2.181818
15.443038 14.900000 2.727273
15.443038 14.900000 3.272727
15.443038 14.900000 3.818182
15.443038 14.900000 4.363636
15.443038 14.900000 4.909091
15.443038 14.900000 5.454545
15.443038 14.900000 6.000000
15.949367 14.900000 0.000000
15.949367 14.900000 0.545455
15.949367 14.900000 1.090909
15.949367 14.900000 1.636364
15.949367 14.900000 2.181818
15.949367 14.900000 2.727273
15.949367 14.900000 3.272727
15.949367 14.900000 3.818182
15.949367 14.900000 4.363636
15.949367 14.900000 4.909091
15.949367 14.900000 5.454545
15.949367 14.900000 6.000000
16.455696 14.900000 0.000000
16.455696 14.900000 0.545455
16.455696 14.900000 1.090909
16.455696 14.900000 1.636364
16.455696 14.900000 2.181818
16.455696 14.900000 2.727273
16.455696 14.900000 3.272727
16.455696 14.900000 3.818182
16.455696 14.900000 4.363636
16.455696 14.900000 4.909091
16.455696 14.900000 5.454545
16.455696 14.900000 6.000000
16.962025 14.900000 0.000000
16.962025 14.900000 0.545455
16.962025 14.900000 1.090909
16.962025 14.900000 1.636364
16.962025 14.900000 2.181818
16.962025 14.900000 2.727273
16.962025 14.900000 3.272727
16.962025 14.900000 3.818182
16.962025 14.900000 4.363636
16.962025 14.900000 4.909091
16.962025 14.900000 5.454545
16.962025 14.900000 6.000000
17.468354 14.900000 0.000000
17.468354 14.900000 0.545455
17.468354 14.900000 1.090909
17.468354 14.900000 1.636364
17.468354 14.900000 2.181818
17.468354 14.900000 2.727273
17.468354 14.900000 3.272727
17.468354 14.900000 3.818182
17.468354 14.900000 4.363636
17.468354 14.900000 4.909091
17.468354 14.900000 5.454545
17.468354 14.900000 6.000000
17.974684 14.900000 0.000000
17.974684 14.900000 0.545455
17.974684 14.900000 1.090909
17.974684 14.900000 1.636364
17.974684 14.900000 2.181818
17.974684 14.900000 2.727273
17.974684 14.900000 3.272727
17.974684 14.900000 3.818182
17.974684 14.900000 4.363636
17.974684 14.900000 4.909091
17.974684 14.900000 5.454545
17.974684 14.900000 6.000000
18.481013 14.900000 0.000000
18.481013 14.900000 0.545455
18.481013 14.900000 1.090909
18.481013 14.900000 1.636364
18.481013 14.900000 2.181818
18.481013 14.900000 2.727273
18.481013 14.900000 3.272727
18.481013 14.900000 3.818182
18.481013 14.900000 4.363636
18.481013 14.900000 4.909091
18.481013 14.900000 5.454545
18.481013 14.900000 6.000000
18.987342 14.900000 0.000000
18.987342 14.900000 0.545455
18.987342 14.900000 1.090909
18.987342 14.900000 1.636364
18.987342 14.900000 2.181818
18.987342 14.900000 2.727273
18.987342 14.900000 3.272727
18.987342 14.900000 3.818182
18.987342 14.900000 4.363636
18.987342 14.900000 4.909091
18.987342 14.900000 5.454545
18.987342 14.900000 6.000000
19.493671 14.900000 0.000000
19.493671 14.900000 0.545455
19.493671 14.900000 1.090909
19.493671 14.900000 1.636364
19.493671 14.900000 2.181818
19.493671 14.900000 2.727273
19.493671 14.900000 3.272727
19.493671 14.900000 3.818182
19.493671 14.900000 4.363636
19.493671 14.900000 4.909091
19.493671 14.900000 5.454545
19.493671 14.900000 6.000000
20.000000 14.900000 0.000000
20.000000 14.900000 0.545455
20.000000 14.900000 1.090909
20.000000 14.900000 1.636364
20.000000 14.900000 2.181818
20.000000 14.900000 2.727273
20.000000 14.900000 3.272727
20.000000 14.900000 3.818182
20.000000 14.900000 4.363636
20.000000 14.900000 4.909091
20.000000 14.900000 5.454545
20.000000 14.900000 6.000000
-20.000000 14.900000 6.000000
-20.000000 15.100000 6.000000
-19.493671 14.900000 6.000000
-19.493671 15.100000 6.000000
-18.987342 14.900000 6.000000
-18.987342 15.100000 6.000000
-18.481013 14.900000 6.000000
-18.481013 15.100000 6.000000
-17.974684 14.900000 6.000000
-17.974684 15.100000 6.000000
-17.468354 14.900000 6.000000
-17.468354 15.100000 6.000000
-16.962025 14.900000 6.000000
-16.962025 15.100000 6.000000
-16.455696 14.900000 6.000000
-16.455696 15.100000 6.000000
-15.949367 14.900000 6.000000
-15.949367 15.100000 6.000000
-15.443038 14.900000 6.000000
-15.443038 15.100000 6.000000
-14.936709 14.900000 6.000000
-14.936709 15.100000 6.000000
-14.430380 14.900000 6.000000
-14.430380 15.100000 6.000000
-13.924051 14.900000 6.000000
-13.924051 15.100000 6.000000
-13.417722 14.900000 6.000000
-13.417722 15.100000 6.000000
-12.911392 14.900000 6.000000
-12.911392 15.100000 6.000000
-12.405063 14.900000 6.000000
-12.405063 15.100000 6.000000
-11.898734 14.900000 6.000000
-11.898734 15.100000 6.000000
-11.392405 14.900000 6.000000
-11.392405 15.100000 6.000000
-10.886076 14.900000 6.000000
-10.886076 15.100000 6.000000
-10.379747 14.900000 6.000000
-10.379747 15.100000 6.000000
-9.873418 14.900000 6.000000
-9.873418 15.100000 6.000000
-9.367089 14.900000 6.000000
-9.367089 15.100000 6.000000
-8.860759 14.900000 6.000000
-8.860759 15.100000 6.000000
-8.354430 14.900000 6.000000
-8.354430 15.100000 6.000000
-7.848101 14.900000 6.000000
-7.848101 15.100000 6.000000
-7.341772 14.900000 6.000000
-7.341772 15.100000 6.000000
-6.835443 14.900000 6.000000
-6.835443 15.100000 6.000000
-6.329114 14.900000 6.000000
-6.329114 15.100000 6.000000
-5.822785 14.900000 6.000000
-5.822785 15.100000 6.000000
-5.316456 14.900000 6.000000
-5.316456 15.100000 6.000000
-4.810127 14.900000 6.000000
-4.810127 15.100000 6.000000
-4.303797 14.900000 6.000000
-4.303797 15.100000 6.000000
-3.797468 14.900000 6.000000
-3.797468 15.100000 6.000000
-3.291139 14.900000 6.000000
-3.291139 15.100000 6.000000
-2.784810 14.900000 6.000000
-2.784810 15.100000 6.000000
-2.278481 14.900000 6.000000
-2.278481 15.100000 6.000000
-1.772152 14.900000 6.000000
-1.772152 15.100000 6.000000
-1.265823 14.900000 6.000000
-1.265823 15.100000 6.000000
-0.759494 14.900000 6.000000
-0.759494 15.100000 6.000000
-0.253165 14.900000 6.000000
-0.253165 15.100000 6.000000
0.253165 14.900000 6.000000
0.253165 15.100000 6.000000
0.759494 14.900000 6.000000
0.759494 15.100000 6.000000
1.265823 14.900000 6.000000
1.265823 15.100000 6.000000
1.772152 14.900000 6.000000
1.772152 15.100000 6.000000
2.278481 14.900000 6.000000
2.278481 15.100000 6.000000
2.784810 14.900000 6.000000
2.784810 15.100000 6.000000
3.291139 14.900000 6.000000
3.291139 15.100000 6.000000
3.797468 14.900000 6.000000
3.797468 15.100000 6.000000
4.303797 14.900000 6.000000
4.303797 15.100000 6.000000
4.810127 14.900000 6.000000
4.810127 15.100000 6.000000
5.316456 14.900000 6.000000
5.316456 15.100000 6.000000
5.822785 14.900000 6.000000
5.822785 15.100000 6.000000
6.329114 14.900000 6.000000
6.329114 15.100000 6.000000
6.835443 14.900000 6.000000
6.835443 15.100000 6.000000
7.341772 14.900000 6.000000
7.341772 15.100000 6.000000
7.848101 14.900000 6.000000
7.848101 15.100000 6.000000
8.354430 14.900000 6.000000
8.354430 15.100000 6.000000
8.860759 14.900000 6.000000
8.860759 15.100000 6.000000
9.367089 14.900000 6.000000
9.367089 15.100000 6.000000
9.873418 14.900000 6.000000
9.873418 15.100000 6.000000
10.379747 14.900000 6.000000
10.379747 15.100000 6.000000
10.886076 14.900000 6.000000
10.886076 15.100000 6.000000
11.392405 14.900000 6.000000
11.392405 15.100000 6.000000
11.898734 14.900000 6.000000
11.898734 15.100000 6.000000
12.405063 14.900000 6.000000
12.405063 15.100000 6.000000
12.911392 14.900000 6.000000
12.911392 15.100000 6.000000
13.417722 14.900000 6.000000
13.417722 15.100000 6.000000
13.924051 14.900000 6.000000
13.924051 15.100000 6.000000
14.430380 14.900000 6.000000
14.430380 15.100000 6.000000
14.936709 14.900000 6.000000
14.936709 15.100000 6.000000
15.443038 14.900000 6.000000
15.443038 15.100000 6.000000
15.949367 14.900000 6.000000
15.949367 15.100000 6.000000
16.455696 14.900000 6.000000
16.455696 15.100000 6.000000
16.962025 14.900000 6.000000
16.962025 15.100000 6.000000
17.468354 14.900000 6.000000
17.468354 15.100000 6.000000
17.974684 14.900000 6.000000
17.974684 15.100000 6.000000
18.481013 14.900000 6.000000
18.481013 15.100000 6.000000
18.987342 14.900000 6.000000
18.987342 15.100000 6.000000
19.493671 14.900000 6.000000
19.493671 15.100000 6.000000
20.000000 14.900000 6.000000
20.000000 15.100000 6.000000
-20.000000 14.900000 0.000000
-20.000000 15.100000 0.000000
-19.493671 14.900000 0.000000
-19.493671 15.100000 0.000000
-18.987342 14.900000 0.000000
-18.987342 15.100000 0.000000
-18.481013 14.900000 0.000000
-18.481013 15.100000 0.000000
-17.974684 14.900000 0.000000
-17.974684 15.100000 0.000000
-17.468354 14.900000 0.000000
-17.468354 15.100000 0.000000
-16.962025 14.900000 0.000000
-16.962025 15.100000 0.000000
-16.455696 14.900000 0.000000
-16.455696 15.100000 0.000000
-15.949367 14.900000 0.000000
-15.949367 15.100000 0.000000
-15.443038 14.900000 0.000000
-15.443038 15.100000 0.000000
-14.936709 14.900000 0.000000
-14.936709 15.100000 0.000000
-14.430380 14.900000 0.000000
-14.430380 15.100000 0.000000
-13.924051 14.900000 0.000000
-13.924051 15.100000 0.000000
-13.417722 14.900000 0.000000
-13.417722 15.100000 0.000000
-12.911392 14.900000 0.000000
-12.911392 15.100000 0.000000
-12.405063 14.900000 0.000000
-12.405063 15.100000 0.000000
-11.898734 14.900000 0.000000
-11.898734 15.100000 0.000000
-11.392405 14.900000 0.000000
-11.392405 15.100000 0.000000
-10.886076 14.900000 0.000000
-10.886076 15.100000 0.000000
-10.379747 14.900000 0.000000
-10.379747 15.100000 0.000000
-9.873418 14.900000 0.000000
-9.873418 15.100000 0.000000
-9.367089 14.900000 0.000000
-9.367089 15.100000 0.000000
-8.860759 14.900000 0.000000
-8.860759 15.100000 0.000000
-8.354430 14.900000 0.000000
-8.354430 15.100000 0.000000
-7.848101 14.900000 0.000000
-7.848101 15.100000 0.000000
-7.341772 14.900000 0.000000
-7.341772 15.100000 0.000000
-6.835443 14.900000 0.000000
-6.835443 15.100000 0.000000
-6.329114 14.900000 0.000000
-6.329114 15.100000 0.000000
-5.822785 14.900000 0.000000
-5.822785 15.100000 0.000000
-5.316456 14.900000 0.000000
-5.316456 15.100000 0.000000
-4.810127 14.900000 0.000000
-4.810127 15.100000 0.000000
-4.303797 14.900000 0.000000
-4.303797 15.100000 0.000000
-3.797468 14.900000 0.000000
-3.797468 15.100000 0.000000
-3.291139 14.900000 0.000000
-3.291139 15.100000 0.000000
-2.784810 14.900000 0.000000
-2.784810 15.100000 0.000000
-2.278481 14.900000 0.000000
-2.278481 15.100000 0.000000
-1.772152 14.900000 0.000000
-1.772152 15.100000 0.000000
-1.265823 14.900000 0.000000
-1.265823 15.100000 0.000000
-0.759494 14.900000 0.000000
-0.759494 15.100000 0.000000
-0.253165 14.900000 0.000000
-0.253165 15.100000 0.000000
0.253165 14.900000 0.000000
0.253165 15.100000 0.000000
0.759494 14.900000 0.000000
0.759494 15.100000 0.000000
1.265823 14.900000 0.000000
1.265823 15.100000 0.000000
1.772152 14.900000 0.000000
1.772152 15.100000 0.000000
2.278481 14.900000 0.000000
2.278481 15.100000 0.000000
2.784810 14.900000 0.000000
2.784810 15.100000 0.000000
3.291139 14.900000 0.000000
3.291139 15.100000 0.000000
3.797468 14.900000 0.000000
3.797468 15.100000 0.000000
4.303797 14.900000 0.000000
4.303797 15.100000 0.000000
4.810127 14.900000 0.000000
4.810127 15.100000 0.000000
5.316456 14.900000 0.000000
5.316456 15.100000 0.000000
5.822785 14.900000 0.000000
5.822785 15.100000 0.000000
6.329114 14.900000 0.000000
6.329114 15.100000 0.000000
6.835443 14.900000 0.000000
6.835443 15.100000 0.000000
7.341772 14.900000 0.000000
7.341772 15.100000 0.000000
7.848101 14.900000 0.000000
7.848101 15.100000 0.000000
8.354430 14.900000 0.000000
8.354430 15.100000 0.000000
8.860759 14.900000 0.000000
8.860759 15.100000 0.000000
9.367089 14.900000 0.000000
9.367089 15.100000 0.000000
9.873418 14.900000 0.000000
9.873418 15.100000 0.000000
10.379747 14.900000 0.000000
10.379747 15.100000 0.000000
10.886076 14.900000 0.000000
10.886076 15.100000 0.000000
11.392405 14.900000 0.000000
11.392405 15.100000 0.000000
11.898734 14.900000 0.000000
11.898734 15.100000 0.000000
12.405063 14.900000 0.000000
12.405063 15.100000 0.000000
12.911392 14.900000 0.000000
12.911392 15.100000 0.000000
13.417722 14.900000 0.000000
13.417722 15.100000 0.000000
13.924051 14.900000 0.000000
13.924051 15.100000 0.000000
14.430380 14.900000 0.000000
14.430380 15.100000 0.000000
14.936709 14.900000 0.000000
14.936709 15.100000 0.000000
15.443038 14.900000 0.000000
15.443038 15.100000 0.000000
15.949367 14.900000 0.000000
15.949367 15.100000 0.000000
16.455696 14.900000 0.000000
16.455696 15.100000 0.000000
16.962025 14.900000 0.000000
16.962025 15.100000 0.000000
17.468354 14.900000 0.000000
17.468354 15.100000 0.000000
17.974684 14.900000 0.000000
17.974684 15.100000 0.000000
18.481013 14.900000 0.000000
18.481013 15.100000 0.000000
18.987342 14.900000 0.000000
18.987342 15.100000 0.000000
19.493671 14.900000 0.000000
19.493671 15.100000 0.000000
20.000000 14.900000 0.000000
20.000000 15.100000 0.000000
20.000000 -15.100000 0.000000
20.000000 -15.100000 0.545455
20.000000 -15.100000 1.090909
20.000000 -15.100000 1.636364
20.000000 -15.100000 2.181818
20.000000 -15.100000 2.727273
20.000000 -15.100000 3.272727
20.000000 -15.100000 3.818182
20.000000 -15.100000 4.363636
20.000000 -15.100000 4.909091
20.000000 -15.100000 5.454545
20.000000 -15.100000 6.000000
20.000000 -14.900000 0.000000
20.000000 -14.900000 0.545455
20.000000 -14.900000 1.090909
20.000000 -14.900000 1.636364
20.000000 -14.900000 2.181818
20.000000 -14.900000 2.727273
20.000000 -14.900000 3.272727
20.000000 -14.900000 3.818182
20.000000 -14.900000 4.363636
20.000000 -14.900000 4.909091
20.000000 -14.900000 5.454545
20.000000 -14.900000 6.000000
-20.000000 -15.100000 0.000000
-20.000000 -15.100000 0.545455
-20.000000 -15.100000 1.090909
-20.000000 -15.100000 1.636364
-20.000000 -15.100000 2.181818
-20.000000 -15.100000 2.727273
-20.000000 -15.100000 3.272727
-20.000000 -15.100000 3.818182
-20.000000 -15.100000 4.363636
-20.000000 -15.100000 4.909091
-20.000000 -15.100000 5.454545
-20.000000 -15.100000 6.000000
-20.000000 -14.900000 0.000000
-20.000000 -14.900000 0.545455
-20.000000 -14.900000 1.090909
-20.000000 -14.900000 1.636364
-20.000000 -14.900000 2.181818
-20.000000 -14.900000 2.727273
-20.000000 -14.900000 3.272727
-20.000000 -14.900000 3.818182
-20.000000 -14.900000 4.363636
-20.000000 -14.900000 4.909091
-20.000000 -14.900000 5.454545
-20.000000 -14.900000 6.000000
-20.000000 -14.900000 0.000000
-20.000000 -14.900000 0.545455
-20.000000 -14.900000 1.090909
-20.000000 -14.900000 1.636364
-20.000000 -14.900000 2.181818
-20.000000 -14.900000 2.727273
-20.000000 -14.900000 3.272727
-20.000000 -14.900000 3.818182
-20.000000 -14.900000 4.363636
-20.000000 -14.900000 4.909091
-20.000000 -14.900000 5.454545
-20.000000 -14.900000 6.000000
-19.493671 -14.900000 0.000000
-19.493671 -14.900000 0.545455
-19.493671 -14.900000 1.090909
-19.493671 -14.900000 1.636364
-19.493671 -14.900000 2.181818
-19.493671 -14.900000 2.727273
-19.493671 -14.900000 3.272727
-19.493671 -14.900000 3.818182
-19.493671 -14.900000 4.363636
-19.493671 -14.900000 4.909091
-19.493671 -14.900000 5.454545
-19.493671 -14.900000 6.000000
-18.987342 -14.900000 0.000000
-18.987342 -14.900000 0.545455
-18.987342 -14.900000 1.090909
-18.987342 -14.900000 1.636364
-18.987342 -14.900000 2.181818
-18.987342 -14.900000 2.727273
-18.987342 -14.900000 3.272727
-18.987342 -14.900000 3.818182
-18.987342 -14.900000 4.363636
-18.987342 -14.900000 4.909091
-18.987342 -14.900000 5.454545
-18.987342 -14.900000 6.000000
-18.481013 -14.900000 0.000000
-18.481013 -14.900000 0.545455
-18.481013 -14.900000 1.090909
-18.481013 -14.900000 1.636364
-18.481013 -14.900000 2.181818
-18.481013 -14.900000 2.727273
-18.481013 -14.900000 3.272727
-18.481013 -14.900000 3.818182
-18.481013 -14.900000 4.363636
-18.481013 -14.900000 4.909091
-18.481013 -14.900000 5.454545
-18.481013 -14.900000 6.000000
-17.974684 -14.900000 0.000000
-17.974684 -14.900000 0.545455
-17.974684 -14.900000 1.090909
-17.974684 -14.900000 1.636364
-17.974684 -14.900000 2.181818
-17.974684 -14.900000 2.727273
-17.974684 -14.900000 3.272727
-17.974684 -14.900000 3.818182
-17.974684 -14.900000 4.363636
-17.974684 -14.900000 4.909091
-17.974684 -14.900000 5.454545
-17.974684 -14.900000 6.000000
-17.468354 -14.900000 0.000000
-17.468354 -14.900000 0.545455
-17.468354 -14.900000 1.090909
-17.468354 -14.900000 1.636364
-17.468354 -14.900000 2.181818
-17.468354 -14.900000 2.727273
-17.468354 -14.900000 3.272727
-17.468354 -14.900000 3.818182
-17.468354 -14.900000 4.363636
-17.468354 -14.900000 4.909091
-17.468354 -14.900000 5.454545
-17.468354 -14.900000 6.000000
-16.962025 -14.900000 0.000000
-16.962025 -14.900000 0.545455
-16.962025 -14.900000 1.090909
-16.962025 -14.900000 1.636364
-16.962025 -14.900000 2.181818
-16.962025 -14.900000 2.727273
-16.962025 -14.900000 3.272727
-16.962025 -14.900000 3.818182
-16.962025 -14.900000 4.363636
-16.962025 -14.900000 4.909091
-16.962025 -14.900000 5.454545
-16.962025 -14.900000 6.000000
-16.455696 -14.900000 0.000000
-16.455696 -14.900000 0.545455
-16.455696 -14.900000 1.090909
-16.455696 -14.900000 1.636364
-16.455696 -14.900000 2.181818
-16.455696 -14.900000 2.727273
-16.455696 -14.900000 3.272727
-16.455696 -14.900000 3.818182
-16.455696 -14.900000 4.363636
-16.455696 -14.900000 4.909091
-16.455696 -14.900000 5.454545
-16.455696 -14.900000 6.000000
-15.949367 -14.900000 0.000000
-15.949367 -14.900000 0.545455
-15.949367 -14.900000 1.090909
-15.949367 -14.900000 1.636364
-15.949367 -14.900000 2.181818
-15.949367 -14.900000 2.727273
-15.949367 -14.900000 3.272727
-15.949367 -14.900000 3.818182
-15.949367 -14.900000 4.363636
-15.949367 -14.900000 4.909091
-15.949367 -14.900000 5.454545
-15.949367 -14.900000 6.000000
-15.443038 -14.900000 0.000000
-15.443038 -14.900000 0.545455
-15.443038 -14.900000 1.090909
-15.443038 -14.900000 1.636364
-15.443038 -14.900000 2.181818
-15.443038 -14.900000 2.727273
-15.443038 -14.900000 3.272727
-15.443038 -14.900000 3.818182
-15.443038 -14.900000 4.363636
-15.443038 -14.900000 4.909091
-15.443038 -14.900000 5.454545
-15.443038 -14.900000 6.000000
-14.936709 -14.900000 0.000000
-14.936709 -14.900000 0.545455
-14.936709 -14.900000 1.090909
-14.936709 -14.900000 1.636364
-14.936709 -14.900000 2.181818
-14.936709 -14.900000 2.727273
-14.936709 -14.900000 3.272727
-14.936709 -14.900000 3.818182
-14.936709 -14.900000 4.363636
-14.936709 -14.900000 4.909091
-14.936709 -14.900000 5.454545
-14.936709 -14.900000 6.000000
-14.430380 -14.900000 0.000000
-14.430380 -14.900000 0.545455
-14.430380 -14.900000 1.090909
-14.430380 -14.900000 1.636364
-14.430380 -14.900000 2.181818
-14.430380 -14.900000 2.727273
-14.430380 -14.900000 3.272727
-14.430380 -14.900000 3.818182
-14.430380 -14.900000 4.363636
-14.430380 -14.900000 4.909091
-14.430380 -14.900000 5.454545
-14.430380 -14.900000 6.000000
-13.924051 -14.900000 0.000000
-13.924051 -14.900000 0.545455
-13.924051 -14.900000 1.090909
-13.924051 -14.900000 1.636364
-13.924051 -14.900000 2.181818
-13.924051 -14.900000 2.727273
-13.924051 -14.900000 3.272727
-13.924051 -14.900000 3.818182
-13.924051 -14.900000 4.363636
-13.924051 -14.900000 4.909091
-13.924051 -14.900000 5.454545
-13.924051 -14.900000 6.000000
-13.417722 -14.900000 0.000000
-13.417722 -14.900000 0.545455
-13.417722 -14.900000 1.090909
-13.417722 -14.900000 1.636364
-13.417722 -14.900000 2.181818
-13.417722 -14.900000 2.727273
-13.417722 -14.900000 3.272727
-13.417722 -14.900000 3.818182
-13.417722 -14.900000 4.363636
-13.417722 -14.900000 4.909091
-13.417722 -14.900000 5.454545
-13.417722 -14.900000 6.000000
-12.911392 -14.900000 0.000000
-12.911392 -14.900000 0.545455
-12.911392 -14.900000 1.090909
-12.911392 -14.900000 1.636364
-12.911392 -14.900000 2.181818
-12.911392 -14.900000 2.727273
-12.911392 -14.900000 3.272727
-12.911392 -14.900000 3.818182
-12.911392 -14.900000 4.363636
-12.911392 -14.900000 4.909091
-12.911392 -14.900000 5.454545
-12.911392 -14.900000 6.000000
-12.405063 -14.900000 0.000000
-12.405063 -14.900000 0.545455
-12.405063 -14.900000 1.090909
-12.405063 -14.900000 1.636364
-12.405063 -14.900000 2.181818
-12.405063 -14.900000 2.727273
-12.405063 -14.900000 3.272727
-12.405063 -14.900000 3.818182
-12.405063 -14.900000 4.363636
-12.405063 -14.900000 4.909091
-12.405063 -14.900000 5.454545
-12.405063 -14.900000 6.000000
-11.898734 -14.900000 0.000000
-11.898734 -14.900000 0.545455
-11.898734 -14.900000 1.090909
-11.898734 -14.900000 1.636364
-11.898734 -14.900000 2.181818
-11.898734 -14.900000 2.727273
-11.898734 -14.900000 3.272727
-11.898734 -14.900000 3.818182
-11.898734 -14.900000 4.363636
-11.898734 -14.900000 4.909091
-11.898734 -14.900000 5.454545
-11.898734 -14.900000 6.000000
-11.392405 -14.900000 0.000000
-11.392405 -14.900000 0.545455
-11.392405 -14.900000 1.090909
-11.392405 -14.900000 1.636364
-11.392405 -14.900000 2.181818
-11.392405 -14.900000 2.727273
-11.392405 -14.900000 3.272727
-11.392405 -14.900000 3.818182
-11.392405 -14.900000 4.363636
-11.392405 -14.900000 4.909091
-11.392405 -14.900000 5.454545
-11.392405 -14.900000 6.000000
-10.886076 -14.900000 0.000000
-10.886076 -14.900000 0.545455
-10.886076 -14.900000 1.090909
-10.886076 -14.900000 1.636364
-10.886076 -14.900000 2.181818
-10.886076 -14.900000 2.727273
-10.886076 -14.900000 3.272727
-10.886076 -14.900000 3.818182
-10.886076 -14.900000 4.363636
-10.886076 -14.900000 4.909091
-10.886076 -14.900000 5.454545
-10.886076 -14.900000 6.000000
-10.379747 -14.900000 0.000000
-10.379747 -14.900000 0.545455
-10.379747 -14.900000 1.090909
-10.379747 -14.900000 1.636364
-10.379747 -14.900000 2.181818
-10.379747 -14.900000 2.727273
-10.379747 -14.900000 3.272727
-10.379747 -14.900000 3.818182
-10.379747 -14.900000 4.363636
-10.379747 -14.900000 4.909091
-10.379747 -14.900000 5.454545
-10.379747 -14.900000 6.000000
-9.873418 -14.900000 0.000000
-9.873418 -14.900000 0.545455
-9.873418 -14.900000 1.090909
-9.873418 -14.900000 1.636364
-9.873418 -14.900000 2.181818
-9.873418 -14.900000 2.727273
-9.873418 -14.900000 3.272727
-9.873418 -14.900000 3.818182
-9.873418 -14.900000 4.363636
-9.873418 -14.900000 4.909091
-9.873418 -14.900000 5.454545
-9.873418 -14.900000 6.000000
-9.367089 -14.900000 0.000000
-9.367089 -14.900000 0.545455
-9.367089 -14.900000 1.090909
-9.367089 -14.900000 1.636364
-9.367089 -14.900000 2.181818
-9.367089 -14.900000 2.727273
-9.367089 -14.900000 3.272727
-9.367089 -14.900000 3.818182
-9.367089 -14.900000 4.363636
-9.367089 -14.900000 4.909091
-9.367089 -14.900000 5.454545
-9.367089 -14.900000 6.000000
-8.860759 -14.900000 0.000000
-8.860759 -14.900000 0.545455
-8.860759 -14.900000 1.090909
-8.860759 -14.900000 1.636364
-8.860759 -14.900000 2.181818
-8.860759 -14.900000 2.727273
-8.860759 -14.900000 3.272727
-8.860759 -14.900000 3.818182
-8.860759 -14.900000 4.363636
-8.860759 -14.900000 4.909091
-8.860759 -14.900000 5.454545
-8.860759 -14.900000 6.000000
-8.354430 -14.900000 0.000000
-8.354430 -14.900000 0.545455
-8.354430 -14.900000 1.090909
-8.354430 -14.900000 1.636364
-8.354430 -14.900000 2.181818
-8.354430 -14.900000 2.727273
-8.354430 -14.900000 3.272727
-8.354430 -14.900000 3.818182
-8.354430 -14.900000 4.363636
-8.354430 -14.900000 4.909091
-8.354430 -14.900000 5.454545
-8.354430 -14.900000 6.000000
-7.848101 -14.900000 0.000000
-7.848101 -14.900000 0.545455
-7.848101 -14.900000 1.090909
-7.848101 -14.900000 1.636364
-7.848101 -14.900000 2.181818
-7.848101 -14.900000 2.727273
-7.848101 -14.900000 3.272727
-7.848101 -14.900000 3.818182
-7.848101 -14.900000 4.363636
-7.848101 -14.900000 4.909091
-7.848101 -14.900000 5.454545
-7.848101 -14.900000 6.000000
-7.341772 -14.900000 0.000000
-7.341772 -14.900000 0.545455
-7.341772 -14.900000 1.090909
-7.341772 -14.900000 1.636364
-7.341772 -14.900000 2.181818
-7.341772 -14.900000 2.727273
-7.341772 -14.900000 3.272727
-7.341772 -14.900000 3.818182
-7.341772 -14.900000 4.363636
-7.341772 -14.900000 4.909091
-7.341772 -14.900000 5.454545
-7.341772 -14.900000 6.000000
-6.835443 -14.900000 0.000000
-6.835443 -14.900000 0.545455
-6.835443 -14.900000 1.090909
-6.835443 -14.900000 1.636364
-6.835443 -14.900000 2.181818
-6.835443 -14.900000 2.727273
-6.835443 -14.900000 3.272727
-6.835443 -14.900000 3.818182
-6.835443 -14.900000 4.363636
-6.835443 -14.900000 4.909091
-6.835443 -14.900000 5.454545
-6.835443 -14.900000 6.000000
-6.329114 -14.900000 0.000000
-6.329114 -14.900000 0.545455
-6.329114 -14.900000 1.090909
-6.329114 -14.900000 1.636364
-6.329114 -14.900000 2.181818
-6.329114 -14.900000 2.727273
-6.329114 -14.900000 3.272727
-6.329114 -14.900000 3.818182
-6.329114 -14.900000 4.363636
-6.329114 -14.900000 4.909091
-6.329114 -14.900000 5.454545
-6.329114 -14.900000 6.000000
-5.822785 -14.900000 0.000000
-5.822785 -14.900000 0.545455
-5.822785 -14.900000 1.090909
-5.822785 -14.900000 1.636364
-5.822785 -14.900000 2.181818
-5.822785 -14.900000 2.727273
-5.822785 -14.900000 3.272727
-5.822785 -14.900000 3.818182
-5.822785 -14.900000 4.363636
-5.822785 -14.900000 4.909091
-5.822785 -14.900000 5.454545
-5.822785 -14.900000 6.000000
-5.316456 -14.900000 0.000000
-5.316456 -14.900000 0.545455
-5.316456 -14.900000 1.090909
-5.316456 -14.900000 1.636364
-5.316456 -14.900000 2.181818
-5.316456 -14.900000 2.727273
-5.316456 -14.900000 3.272727
-5.316456 -14.900000 3.818182
-5.316456 -14.900000 4.363636
-5.316456 -14.900000 4.909091
-5.316456 -14.900000 5.454545
-5.316456 -14.900000 6.000000
-4.810127 -14.900000 0.000000
-4.810127 -14.900000 0.545455
-4.810127 -14.900000 1.090909
-4.810127 -14.900000 1.636364
-4.810127 -14.900000 2.181818
-4.810127 -14.900000 2.727273
-4.810127 -14.900000 3.272727
-4.810127 -14.900000 3.818182
-4.810127 -14.900000 4.363636
-4.810127 -14.900000 4.909091
-4.810127 -14.900000 5.454545
-4.810127 -14.900000 6.000000
-4.303797 -14.900000 0.000000
-4.303797 -14.900000 0.545455
-4.303797 -14.900000 1.090909
-4.303797 -14.900000 1.636364
-4.303797 -14.900000 2.181818
-4.303797 -14.900000 2.727273
-4.303797 -14.900000 3.272727
-4.303797 -14.900000 3.818182
-4.303797 -14.900000 4.363636
-4.303797 -14.900000 4.909091
-4.303797 -14.900000 5.454545
-4.303797 -14.900000 6.000000
-3.797468 -14.900000 0.000000
-3.797468 -14.900000 0.545455
-3.797468 -14.900000 1.090909
-3.797468 -14.900000 1.636364
-3.797468 -14.900000 2.181818
-3.797468 -14.900000 2.727273
-3.797468 -14.900000 3.272727
-3.797468 -14.900000 3.818182
-3.797468 -14.900000 4.363636
-3.797468 -14.900000 4.909091
-3.797468 -14.900000 5.454545
-3.797468 -14.900000 6.000000
-3.291139 -14.900000 0.000000
-3.291139 -14.900000 0.545455
-3.291139 -14.900000 1.090909
-3.291139 -14.900000 1.636364
-3.291139 -14.900000 2.181818
-3.291139 -14.900000 2.727273
-3.291139 -14.900000 3.272727
-3.291139 -14.900000 3.818182
-3.291139 -14.900000 4.363636
-3.291139 -14.900000 4.909091
-3.291139 -14.900000 5.454545
-3.291139 -14.900000 6.000000
-2.784810 -14.900000 0.000000
-2.784810 -14.900000 0.545455
-2.784810 -14.900000 1.090909
-2.784810 -14.900000 1.636364
-2.784810 -14.900000 2.181818
-2.784810 -14.900000 2.727273
-2.784810 -14.900000 3.272727
-2.784810 -14.900000 3.818182
-2.784810 -14.900000 4.363636
-2.784810 -14.900000 4.909091
-2.784810 -14.900000 5.454545
-2.784810 -14.900000 6.000000
-2.278481 -14.900000 0.000000
-2.278481 -14.900000 0.545455
-2.278481 -14.900000 1.090909
-2.278481 -14.900000 1.636364
-2.278481 -14.900000 2.181818
-2.278481 -14.900000 2.727273
-2.278481 -14.900000 3.272727
-2.278481 -14.900000 3.818182
-2.278481 -14.900000 4.363636
-2.278481 -14.900000 4.909091
-2.278481 -14.900000 5.454545
-2.278481 -14.900000 6.000000
-1.772152 -14.900000 0.000000
-1.772152 -14.900000 0.545455
-1.772152 -14.900000 1.090909
-1.772152 -14.900000 1.636364
-1.772152 -14.900000 2.181818
-1.772152 -14.900000 2.727273
-1.772152 -14.900000 3.272727
-1.772152 -14.900000 3.818182
-1.772152 -14.900000 4.363636
-1.772152 -14.900000 4.909091
-1.772152 -14.900000 5.454545
-1.772152 -14.900000 6.000000
-1.265823 -14.900000 0.000000
-1.265823 -14.900000 0.545455
-1.265823 -14.900000 1.090909
-1.265823 -14.900000 1.636364
-1.265823 -14.900000 2.181818
-1.265823 -14.900000 2.727273
-1.265823 -14.900000 3.272727
-1.265823 -14.900000 3.818182
-1.265823 -14.900000 4.363636
-1.265823 -14.900000 4.909091
-1.265823 -14.900000 5.454545
-1.265823 -14.900000 6.000000
-0.759494 -14.900000 0.000000
-0.759494 -14.900000 0.545455
-0.759494 -14.900000 1.090909
-0.759494 -14.900000 1.636364
-0.759494 -14.900000 2.181818
-0.759494 -14.900000 2.727273
-0.759494 -14.900000 3.272727
-0.759494 -14.900000 3.818182
-0.759494 -14.900000 4.363636
-0.759494 -14.900000 4.909091
-0.759494 -14.900000 5.454545
-0.759494 -14.900000 6.000000
-0.253165 -14.900000 0.000000
-0.253165 -14.900000 0.545455
-0.253165 -14.900000 1.090909
-0.253165 -14.900000 1.636364
-0.253165 -14.900000 2.181818
-0.253165 -14.900000 2.727273
-0.253165 -14.900000 3.272727
-0.253165 -14.900000 3.818182
-0.253165 -14.900000 4.363636
-0.253165 -14.900000 4.909091
-0.253165 -14.900000 5.454545
-0.253165 -14.900000 6.000000
0.253165 -14.900000 0.000000
0.253165 -14.900000 0.545455
0.253165 -14.900000 1.090909
0.253165 -14.900000 1.636364
0.253165 -14.900000 2.181818
0.253165 -14.900000 2.727273
0.253165 -14.900000 3.272727
0.253165 -14.900000 3.818182
0.253165 -14.900000 4.363636
0.253165 -14.900000 4.909091
0.253165 -14.900000 5.454545
0.253165 -14.900000 6.000000
0.759494 -14.900000 0.000000
0.759494 -14.900000 0.545455
0.759494 -14.900000 1.090909
0.759494 -14.900000 1.636364
0.759494 -14.900000 2.181818
0.759494 -14.900000 2.727273
0.759494 -14.900000 3.272727
0.759494 -14.900000 3.818182
0.759494 -14.900000 4.363636
0.759494 -14.900000 4.909091
0.759494 -14.900000 5.454545
0.759494 -14.900000 6.000000
1.265823 -14.900000 0.000000
1.265823 -14.900000 0.545455
1.265823 -14.900000 1.090909
1.265823 -14.900000 1.636364
1.265823 -14.900000 2.181818
1.265823 -14.900000 2.727273
1.265823 -14.900000 3.272727
1.265823 -14.900000 3.818182
1.265823 -14.900000 4.363636
1.265823 -14.900000 4.909091
1.265823 -14.900000 5.454545
1.265823 -14.900000 6.000000
1.772152 -14.900000 0.000000
1.772152 -14.900000 0.545455
1.772152 -14.900000 1.090909
1.772152 -14.900000 1.636364
1.772152 -14.900000 2.181818
1.772152 -14.900000 2.727273
1.772152 -14.900000 3.272727
1.772152 -14.900000 3.818182
1.772152 -14.900000 4.363636
1.772152 -14.900000 4.909091
1.772152 -14.900000 5.454545
1.772152 -14.900000 6.000000
2.278481 -14.900000 0.000000
2.278481 -14.900000 0.545455
2.278481 -14.900000 1.090909
2.278481 -14.900000 1.636364
2.278481 -14.900000 2.181818
2.278481 -14.900000 2.727273
2.278481 -14.900000 3.272727
2.278481 -14.900000 3.818182
2.278481 -14.900000 4.363636
2.278481 -14.900000 4.909091
2.278481 -14.900000 5.454545
2.278481 -14.900000 6.000000
2.784810 -14.900000 0.000000
2.784810 -14.900000 0.545455
2.784810 -14.900000 1.090909
2.784810 -14.900000 1.636364
2.784810 -14.900000 2.181818
2.784810 -14.900000 2.727273
2.784810 -14.900000 3.272727
2.784810 -14.900000 3.818182
2.784810 -14.900000 4.363636
2.784810 -14.900000 4.909091
2.784810 -14.900000 5.454545
2.784810 -14.900000 6.000000
3.291139 -14.900000 0.000000
3.291139 -14.900000 0.545455
3.291139 -14.900000 1.090909
3.291139 -14.900000 1.636364
3.291139 -14.900000 2.181818
3.291139 -14.900000 2.727273
3.291139 -14.900000 3.272727
3.291139 -14.900000 3.818182
3.291139 -14.900000 4.363636
3.291139 -14.900000 4.909091
3.291139 -14.900000 5.454545
3.291139 -14.900000 6.000000
3.797468 -14.900000 0.000000
3.797468 -14.900000 0.545455
3.797468 -14.900000 1.090909
3.797468 -14.900000 1.636364
3.797468 -14.900000 2.181818
3.797468 -14.900000 2.727273
3.797468 -14.900000 3.272727
3.797468 -14.900000 3.818182
3.797468 -14.900000 4.363636
3.797468 -14.900000 4.909091
3.797468 -14.900000 5.454545
3.797468 -14.900000 6.000000
4.303797 -14.900000 0.000000
4.303797 -14.900000 0.545455
4.303797 -14.900000 1.090909
4.303797 -14.900000 1.636364
4.303797 -14.900000 2.181818
4.303797 -14.900000 2.727273
4.303797 -14.900000 3.272727
4.303797 -14.900000 3.818182
4.303797 -14.900000 4.363636
4.303797 -14.900000 4.909091
4.303797 -14.900000 5.454545
4.303797 -14.900000 6.000000
4.810127 -14.900000 0.000000
4.810127 -14.900000 0.545455
4.810127 -14.900000 1.090909
4.810127 -14.900000 1.636364
4.810127 -14.900000 2.181818
4.810127 -14.900000 2.727273
4.810127 -14.900000 3.272727
4.810127 -14.900000 3.818182
4.810127 -14.900000 4.363636
4.810127 -14.900000 4.909091
4.810127 -14.900000 5.454545
4.810127 -14.900000 6.000000
5.316456 -14.900000 0.000000
5.316456 -14.900000 0.545455
5.316456 -14.900000 1.090909
5.316456 -14.900000 1.636364
5.316456 -14.900000 2.181818
5.316456 -14.900000 2.727273
5.316456 -14.900000 3.272727
5.316456 -14.900000 3.818182
5.316456 -14.900000 4.363636
5.316456 -14.900000 4.909091
5.316456 -14.900000 5.454545
5.316456 -14.900000 6.000000
5.822785 -14.900000 0.000000
5.822785 -14.900000 0.545455
5.822785 -14.900000 1.090909
5.822785 -14.900000 1.636364
5.822785 -14.900000 2.181818
5.822785 -14.900000 2.727273
5.822785 -14.900000 3.272727
5.822785 -14.900000 3.818182
5.822785 -14.900000 4.363636
5.822785 -14.900000 4.909091
5.822785 -14.900000 5.454545
5.822785 -14.900000 6.000000
6.329114 -14.900000 0.000000
6.329114 -14.900000 0.545455
6.329114 -14.900000 1.090909
6.329114 -14.900000 1.636364
6.329114 -14.900000 2.181818
6.329114 -14.900000 2.727273
6.329114 -14.900000 3.272727
6.329114 -14.900000 3.818182
6.329114 -14.900000 4.363636
6.329114 -14.900000 4.909091
6.329114 -14.900000 5.454545
6.329114 -14.900000 6.000000
6.835443 -14.900000 0.000000
6.835443 -14.900000 0.545455
6.835443 -14.900000 1.090909
6.835443 -14.900000 1.636364
6.835443 -14.900000 2.181818
6.835443 -14.900000 2.727273
6.835443 -14.900000 3.272727
6.835443 -14.900000 3.818182
6.835443 -14.900000 4.363636
6.835443 -14.900000 4.909091
6.835443 -14.900000 5.454545
6.835443 -14.900000 6.000000
7.341772 -14.900000 0.000000
7.341772 -14.900000 0.545455
7.341772 -14.900000 1.090909
7.341772 -14.900000 1.636364
7.341772 -14.900000 2.181818
7.341772 -14.900000 2.727273
7.341772 -14.900000 3.272727
7.341772 -14.900000 3.818182
7.341772 -14.900000 4.363636
7.341772 -14.900000 4.909091
7.341772 -14.900000 5.454545
7.341772 -14.900000 6.000000
7.848101 -14.900000 0.000000
7.848101 -14.900000 0.545455
7.848101 -14.900000 1.090909
7.848101 -14.900000 1.636364
7.848101 -14.900000 2.181818
7.848101 -14.900000 2.727273
7.848101 -14.900000 3.272727
7.848101 -14.900000 3.818182
7.848101 -14.900000 4.363636
7.848101 -14.900000 4.909091
7.848101 -14.900000 5.454545
7.848101 -14.900000 6.000000
8.354430 -14.900000 0.000000
8.354430 -14.900000 0.545455
8.354430 -14.900000 1.090909
8.354430 -14.900000 1.636364
8.354430 -14.900000 2.181818
8.354430 -14.900000 2.727273
8.354430 -14.900000 3.272727
8.354430 -14.900000 3.818182
8.354430 -14.900000 4.363636
8.354430 -14.900000 4.909091
8.354430 -14.900000 5.454545
8.354430 -14.900000 6.000000
8.860759 -14.900000 0.000000
8.860759 -14.900000 0.545455
8.860759 -14.900000 1.090909
8.860759 -14.900000 1.636364
8.860759 -14.900000 2.181818
8.860759 -14.900000 2.727273
8.860759 -14.900000 3.272727
8.860759 -14.900000 3.818182
8.860759 -14.900000 4.363636
8.860759 -14.900000 4.909091
8.860759 -14.900000 5.454545
8.860759 -14.900000 6.000000
9.367089 -14.900000 0.000000
9.367089 -14.900000 0.545455
9.367089 -14.900000 1.090909
9.367089 -14.900000 1.636364
9.367089 -14.900000 2.181818
9.367089 -14.900000 2.727273
9.367089 -14.900000 3.272727
9.367089 -14.900000 3.818182
9.367089 -14.900000 4.363636
9.367089 -14.900000 4.909091
9.367089 -14.900000 5.454545
9.367089 -14.900000 6.000000
9.873418 -14.900000 0.000000
9.873418 -14.900000 0.545455
9.873418 -14.900000 1.090909
9.873418 -14.900000 1.636364
9.873418 -14.900000 2.181818
9.873418 -14.900000 2.727273
9.873418 -14.900000 3.272727
9.873418 -14.900000 3.818182
9.873418 -14.900000 4.363636
9.873418 -14.900000 4.909091
9.873418 -14.900000 5.454545
9.873418 -14.900000 6.000000
10.379747 -14.900000 0.000000
10.379747 -14.900000 0.545455
10.379747 -14.900000 1.090909
10.379747 -14.900000 1.636364
10.379747 -14.900000 2.181818
10.379747 -14.900000 2.727273
10.379747 -14.900000 3.272727
10.379747 -14.900000 3.818182
10.379747 -14.900000 4.363636
10.379747 -14.900000 4.909091
10.379747 -14.900000 5.454545
10.379747 -14.900000 6.000000
10.886076 -14.900000 0.000000
10.886076 -14.900000 0.545455
10.886076 -14.900000 1.090909
10.886076 -14.900000 1.636364
10.886076 -14.900000 2.181818
10.886076 -14.900000 2.727273
10.886076 -14.900000 3.272727
10.886076 -14.900000 3.818182
10.886076 -14.900000 4.363636
10.886076 -14.900000 4.909091
10.886076 -14.900000 5.454545
10.886076 -14.900000 6.000000
11.392405 -14.900000 0.000000
11.392405 -14.900000 0.545455
11.392405 -14.900000 1.090909
11.392405 -14.900000 1.636364
11.392405 -14.900000 2.181818
11.392405 -14.900000 2.727273
11.392405 -14.900000 3.272727
11.392405 -14.900000 3.818182
11.392405 -14.900000 4.363636
11.392405 -14.900000 4.909091
11.392405 -14.900000 5.454545
11.392405 -14.900000 6.000000
11.898734 -14.900000 0.000000
11.898734 -14.900000 0.545455
11.898734 -14.900000 1.090909
11.898734 -14.900000 1.636364
11.898734 -14.900000 2.181818
11.898734 -14.900000 2.727273
11.898734 -14.900000 3.272727
11.898734 -14.900000 3.818182
11.898734 -14.900000 4.363636
11.898734 -14.900000 4.909091
11.898734 -14.900000 5.454545
11.898734 -14.900000 6.000000
12.405063 -14.900000 0.000000
12.405063 -14.900000 0.545455
12.405063 -14.900000 1.090909
12.405063 -14.900000 1.636364
12.405063 -14.900000 2.181818
12.405063 -14.900000 2.727273
12.405063 -14.900000 3.272727
12.405063 -14.900000 3.818182
12.405063 -14.900000 4.363636
12.405063 -14.900000 4.909091
12.405063 -14.900000 5.454545
12.405063 -14.900000 6.000000
12.911392 -14.900000 0.000000
12.911392 -14.900000 0.545455
12.911392 -14.900000 1.090909
12.911392 -14.900000 1.636364
12.911392 -14.900000 2.181818
12.911392 -14.900000 2.727273
12.911392 -14.900000 3.272727
12.911392 -14.900000 3.818182
12.911392 -14.900000 4.363636
12.911392 -14.900000 4.909091
12.911392 -14.900000 5.454545
12.911392 -14.900000 6.000000
13.417722 -14.900000 0.000000
13.417722 -14.900000 0.545455
13.417722 -14.900000 1.090909
13.417722 -14.900000 1.636364
13.417722 -14.900000 2.181818
13.417722 -14.900000 2.727273
13.417722 -14.900000 3.272727
13.417722 -14.900000 3.818182
13.417722 -14.900000 4.363636
13.417722 -14.900000 4.909091
13.417722 -14.900000 5.454545
13.417722 -14.900000 6.000000
13.924051 -14.900000 0.000000
13.924051 -14.900000 0.545455
13.924051 -14.900000 1.090909
13.924051 -14.900000 1.636364
13.924051 -14.900000 2.181818
13.924051 -14.900000 2.727273
13.924051 -14.900000 3.272727
13.924051 -14.900000 3.818182
13.924051 -14.900000 4.363636
13.924051 -14.900000 4.909091
13.924051 -14.900000 5.454545
13.924051 -14.900000 6.000000
14.430380 -14.900000 0.000000
14.430380 -14.900000 0.545455
14.430380 -14.900000 1.090909
14.430380 -14.900000 1.636364
14.430380 -14.900000 2.181818
14.430380 -14.900000 2.727273
14.430380 -14.900000 3.272727
14.430380 -14.900000 3.818182
14.430380 -14.900000 4.363636
14.430380 -14.900000 4.909091
14.430380 -14.900000 5.454545
14.430380 -14.900000 6.000000
14.936709 -14.900000 0.000000
14.936709 -14.900000 0.545455
14.936709 -14.900000 1.090909
14.936709 -14.900000 1.636364
14.936709 -14.900000 2.181818
14.936709 -14.900000 2.727273
14.936709 -14.900000 3.272727
14.936709 -14.900000 3.818182
14.936709 -14.900000 4.363636
14.936709 -14.900000 4.909091
14.936709 -14.900000 5.454545
14.936709 -14.900000 6.000000
15.443038 -14.900000 0.000000
15.443038 -14.900000 0.545455
15.443038 -14.900000 1.090909
15.443038 -14.900000 1.636364
15.443038 -14.900000 2.181818
15.443038 -14.900000 2.727273
15.443038 -14.900000 3.272727
15.443038 -14.900000 3.818182
15.443038 -14.900000 4.363636
15.443038 -14.900000 4.909091
15.443038 -14.900000 5.454545
15.443038 -14.900000 6.000000
15.949367 -14.900000 0.000000
15.949367 -14.900000 0.545455
15.949367 -14.900000 1.090909
15.949367 -14.900000 1.636364
15.949367 -14.900000 2.181818
15.949367 -14.900000 2.727273
15.949367 -14.900000 3.272727
15.949367 -14.900000 3.818182
15.949367 -14.900000 4.363636
15.949367 -14.900000 4.909091
15.949367 -14.900000 5.454545
15.949367 -14.900000 6.000000
16.455696 -14.900000 0.000000
16.455696 -14.900000 0.545455
16.455696 -14.900000 1.090909
16.455696 -14.900000 1.636364
16.455696 -14.900000 2.181818
16.455696 -14.900000 2.727273
16.455696 -14.900000 3.272727
16.455696 -14.900000 3.818182
16.455696 -14.900000 4.363636
16.455696 -14.900000 4.909091
16.455696 -14.900000 5.454545
16.455696 -14.900000 6.000000
16.962025 -14.900000 0.000000
16.962025 -14.900000 0.545455
16.962025 -14.900000 1.090909
16.962025 -14.900000 1.636364
16.962025 -14.900000 2.181818
16.962025 -14.900000 2.727273
16.962025 -14.900000 3.272727
16.962025 -14.900000 3.818182
16.962025 -14.900000 4.363636
16.962025 -14.900000 4.909091
16.962025 -14.900000 5.454545
16.962025 -14.900000 6.000000
17.468354 -14.900000 0.000000
17.468354 -14.900000 0.545455
17.468354 -14.900000 1.090909
17.468354 -14.900000 1.636364
17.468354 -14.900000 2.181818
17.468354 -14.900000 2.727273
17.468354 -14.900000 3.272727
17.468354 -14.900000 3.818182
17.468354 -14.900000 4.363636
17.468354 -14.900000 4.909091
17.468354 -14.900000 5.454545
17.468354 -14.900000 6.000000
17.974684 -14.900000 0.000000
17.974684 -14.900000 0.545455
17.974684 -14.900000 1.090909
17.974684 -14.900000 1.636364
17.974684 -14.900000 2.181818
17.974684 -14.900000 2.727273
17.974684 -14.900000 3.272727
17.974684 -14.900000 3.818182
17.974684 -14.900000 4.363636
17.974684 -14.900000 4.909091
17.974684 -14.900000 5.454545
17.974684 -14.900000 6.000000
18.481013 -14.900000 0.000000
18.481013 -14.900000 0.545455
18.481013 -14.900000 1.090909
18.481013 -14.900000 1.636364
18.481013 -14.900000 2.181818
18.481013 -14.900000 2.727273
18.481013 -14.900000 3.272727
18.481013 -14.900000 3.818182
18.481013 -14.900000 4.363636
18.481013 -14.900000 4.909091
18.481013 -14.900000 5.454545
18.481013 -14.900000 6.000000
18.987342 -14.900000 0.000000
18.987342 -14.900000 0.545455
18.987342 -14.900000 1.090909
18.987342 -14.900000 1.636364
18.987342 -14.900000 2.181818
18.987342 -14.900000 2.727273
18.987342 -14.900000 3.272727
18.987342 -14.900000 3.818182
18.987342 -14.900000 4.363636
18.987342 -14.900000 4.909091
18.987342 -14.900000 5.454545
18.987342 -14.900000 6.000000
19.493671 -14.900000 0.000000
19.493671 -14.900000 0.545455
19.493671 -14.900000 1.090909
19.493671 -14.900000 1.636364
19.493671 -14.900000 2.181818
19.493671 -14.900000 2.727273
19.493671 -14.900000 3.272727
19.493671 -14.900000 3.818182
19.493671 -14.900000 4.363636
19.493671 -14.900000 4.909091
19.493671 -14.900000 5.454545
19.493671 -14.900000 6.000000
20.000000 -14.900000 0.000000
20.000000 -14.900000 0.545455
20.000000 -14.900000 1.090909
20.000000 -14.900000 1.636364
20.000000 -14.900000 2.181818
20.000000 -14.900000 2.727273
20.000000 -14.900000 3.272727
20.000000 -14.900000 3.818182
20.000000 -14.900000 4.363636
20.000000 -14.900000 4.909091
20.000000 -14.900000 5.454545
20.000000 -14.900000 6.000000
-20.000000 -15.100000 0.000000
-20.000000 -15.100000 0.545455
-20.000000 -15.100000 1.090909
-20.000000 -15.100000 1.636364
-20.000000 -15.100000 2.181818
-20.000000 -15.100000 2.727273
-20.000000 -15.100000 3.272727
-20.000000 -15.100000 3.818182
-20.000000 -15.100000 4.363636
-20.000000 -15.100000 4.909091
-20.000000 -15.100000 5.454545
-20.000000 -15.100000 6.000000
-19.493671 -15.100000 0.000000
-19.493671 -15.100000 0.545455
-19.493671 -15.100000 1.090909
-19.493671 -15.100000 1.636364
-19.493671 -15.100000 2.181818
-19.493671 -15.100000 2.727273
-19.493671 -15.100000 3.272727
-19.493671 -15.100000 3.818182
-19.493671 -15.100000 4.363636
-19.493671 -15.100000 4.909091
-19.493671 -15.100000 5.454545
-19.493671 -15.100000 6.000000
-18.987342 -15.100000 0.000000
-18.987342 -15.100000 0.545455
-18.987342 -15.100000 1.090909
-18.987342 -15.100000 1.636364
-18.987342 -15.100000 2.181818
-18.987342 -15.100000 2.727273
-18.987342 -15.100000 3.272727
-18.987342 -15.100000 3.818182
-18.987342 -15.100000 4.363636
-18.987342 -15.100000 4.909091
-18.987342 -15.100000 5.454545
-18.987342 -15.100000 6.000000
-18.481013 -15.100000 0.000000
-18.481013 -15.100000 0.545455
-18.481013 -15.100000 1.090909
-18.481013 -15.100000 1.636364
-18.481013 -15.100000 2.181818
-18.481013 -15.100000 2.727273
-18.481013 -15.100000 3.272727
-18.481013 -15.100000 3.818182
-18.481013 -15.100000 4.363636
-18.481013 -15.100000 4.909091
-18.481013 -15.100000 5.454545
-18.481013 -15.100000 6.000000
-17.974684 -15.100000 0.000000
-17.974684 -15.100000 0.545455
-17.974684 -15.100000 1.090909
-17.974684 -15.100000 1.636364
-17.974684 -15.100000 2.181818
-17.974684 -15.100000 2.727273
-17.974684 -15.100000 3.272727
-17.974684 -15.100000 3.818182
-17.974684 -15.100000 4.363636
-17.974684 -15.100000 4.909091
-17.974684 -15.100000 5.454545
-17.974684 -15.100000 6.000000
-17.468354 -15.100000 0.000000
-17.468354 -15.100000 0.545455
-17.468354 -15.100000 1.090909
-17.468354 -15.100000 1.636364
-17.468354 -15.100000 2.181818
-17.468354 -15.100000 2.727273
-17.468354 -15.100000 3.272727
-17.468354 -15.100000 3.818182
-17.468354 -15.100000 4.363636
-17.468354 -15.100000 4.909091
-17.468354 -15.100000 5.454545
-17.468354 -15.100000 6.000000
-16.962025 -15.100000 0.000000
-16.962025 -15.100000 0.545455
-16.962025 -15.100000 1.090909
-16.962025 -15.100000 1.636364
-16.962025 -15.100000 2.181818
-16.962025 -15.100000 2.727273
-16.962025 -15.100000 3.272727
-16.962025 -15.100000 3.818182
-16.962025 -15.100000 4.363636
-16.962025 -15.100000 4.909091
-16.962025 -15.100000 5.454545
-16.962025 -15.100000 6.000000
-16.455696 -15.100000 0.000000
-16.455696 -15.100000 0.545455
-16.455696 -15.100000 1.090909
-16.455696 -15.100000 1.636364
-16.455696 -15.100000 2.181818
-16.455696 -15.100000 2.727273
-16.455696 -15.100000 3.272727
-16.455696 -15.100000 3.818182
-16.455696 -15.100000 4.363636
-16.455696 -15.100000 4.909091
-16.455696 -15.100000 5.454545
-16.455696 -15.100000 6.000000
-15.949367 -15.100000 0.000000
-15.949367 -15.100000 0.545455
-15.949367 -15.100000 1.090909
-15.949367 -15.100000 1.636364
-15.949367 -15.100000 2.181818
-15.949367 -15.100000 2.727273
-15.949367 -15.100000 3.272727
-15.949367 -15.100000 3.818182
-15.949367 -15.100000 4.363636
-15.949367 -15.100000 4.909091
-15.949367 -15.100000 5.454545
-15.949367 -15.100000 6.000000
-15.443038 -15.100000 0.000000
-15.443038 -15.100000 0.545455
-15.443038 -15.100000 1.090909
-15.443038 -15.100000 1.636364
-15.443038 -15.100000 2.181818
-15.443038 -15.100000 2.727273
-15.443038 -15.100000 3.272727
-15.443038 -15.100000 3.818182
-15.443038 -15.100000 4.363636
-15.443038 -15.100000 4.909091
-15.443038 -15.100000 5.454545
-15.443038 -15.100000 6.000000
-14.936709 -15.100000 0.000000
-14.936709 -15.100000 0.545455
-14.936709 -15.100000 1.090909
-14.936709 -15.100000 1.636364
-14.936709 -15.100000 2.181818
-14.936709 -15.100000 2.727273
-14.936709 -15.100000 3.272727
-14.936709 -15.100000 3.818182
-14.936709 -15.100000 4.363636
-14.936709 -15.100000 4.909091
-14.936709 -15.100000 5.454545
-14.936709 -15.100000 6.000000
-14.430380 -15.100000 0.000000
-14.430380 -15.100000 0.545455
-14.430380 -15.100000 1.090909
-14.430380 -15.100000 1.636364
-14.430380 -15.100000 2.181818
-14.430380 -15.100000 2.727273
-14.430380 -15.100000 3.272727
-14.430380 -15.100000 3.818182
-14.430380 -15.100000 4.363636
-14.430380 -15.100000 4.909091
-14.430380 -15.100000 5.454545
-14.430380 -15.100000 6.000000
-13.924051 -15.100000 0.000000
-13.924051 -15.100000 0.545455
-13.924051 -15.100000 1.090909
-13.924051 -15.100000 1.636364
-13.924051 -15.100000 2.181818
-13.924051 -15.100000 2.727273
-13.924051 -15.100000 3.272727
-13.924051 -15.100000 3.818182
-13.924051 -15.100000 4.363636
-13.924051 -15.100000 4.909091
-13.924051 -15.100000 5.454545
-13.924051 -15.100000 6.000000
-13.417722 -15.100000 0.000000
-13.417722 -15.100000 0.545455
-13.417722 -15.100000 1.090909
-13.417722 -15.100000 1.636364
-13.417722 -15.100000 2.181818
-13.417722 -15.100000 2.727273
-13.417722 -15.100000 3.272727
-13.417722 -15.100000 3.818182
-13.417722 -15.100000 4.363636
-13.417722 -15.100000 4.909091
-13.417722 -15.100000 5.454545
-13.417722 -15.100000 6.000000
-12.911392 -15.100000 0.000000
-12.911392 -15.100000 0.545455
-12.911392 -15.100000 1.090909
-12.911392 -15.100000 1.636364
-12.911392 -15.100000 2.181818
-12.911392 -15.100000 2.727273
-12.911392 -15.100000 3.272727
-12.911392 -15.100000 3.818182
-12.911392 -15.100000 4.363636
-12.911392 -15.100000 4.909091
-12.911392 -15.100000 5.454545
-12.911392 -15.100000 6.000000
-12.405063 -15.100000 0.000000
-12.405063 -15.100000 0.545455
-12.405063 -15.100000 1.090909
-12.405063 -15.100000 1.636364
-12.405063 -15.100000 2.181818
-12.405063 -15.100000 2.727273
-12.405063 -15.100000 3.272727
-12.405063 -15.100000 3.818182
-12.405063 -15.100000 4.363636
-12.405063 -15.100000 4.909091
-12.405063 -15.100000 5.454545
-12.405063 -15.100000 6.000000
-11.898734 -15.100000 0.000000
-11.898734 -15.100000 0.545455
-11.898734 -15.100000 1.090909
-11.898734 -15.100000 1.636364
-11.898734 -15.100000 2.181818
-11.898734 -15.100000 2.727273
-11.898734 -15.100000 3.272727
-11.898734 -15.100000 3.818182
-11.898734 -15.100000 4.363636
-11.898734 -15.100000 4.909091
-11.898734 -15.100000 5.454545
-11.898734 -15.100000 6.000000
-11.392405 -15.100000 0.000000
-11.392405 -15.100000 0.545455
-11.392405 -15.100000 1.090909
-11.392405 -15.100000 1.636364
-11.392405 -15.100000 2.181818
-11.392405 -15.100000 2.727273
-11.392405 -15.100000 3.272727
-11.392405 -15.100000 3.818182
-11.392405 -15.100000 4.363636
-11.392405 -15.100000 4.909091
-11.392405 -15.100000 5.454545
-11.392405 -15.100000 6.000000
-10.886076 -15.100000 0.000000
-10.886076 -15.100000 0.545455
-10.886076 -15.100000 1.090909
-10.886076 -15.100000 1.636364
-10.886076 -15.100000 2.181818
-10.886076 -15.100000 2.727273
-10.886076 -15.100000 3.272727
-10.886076 -15.100000 3.818182
-10.886076 -15.100000 4.363636
-10.886076 -15.100000 4.909091
-10.886076 -15.100000 5.454545
-10.886076 -15.100000 6.000000
-10.379747 -15.100000 0.000000
-10.379747 -15.100000 0.545455
-10.379747 -15.100000 1.090909
-10.379747 -15.100000 1.636364
-10.379747 -15.100000 2.181818
-10.379747 -15.100000 2.727273
-10.379747 -15.100000 3.272727
-10.379747 -15.100000 3.818182
-10.379747 -15.100000 4.363636
-10.379747 -15.100000 4.909091
-10.379747 -15.100000 5.454545
-10.379747 -15.100000 6.000000
-9.873418 -15.100000 0.000000
-9.873418 -15.100000 0.545455
-9.873418 -15.100000 1.090909
-9.873418 -15.100000 1.636364
-9.873418 -15.100000 2.181818
-9.873418 -15.100000 2.727273
-9.873418 -15.100000 3.272727
-9.873418 -15.100000 3.818182
-9.873418 -15.100000 4.363636
-9.873418 -15.100000 4.909091
-9.873418 -15.100000 5.454545
-9.873418 -15.100000 6.000000
-9.367089 -15.100000 0.000000
-9.367089 -15.100000 0.545455
-9.367089 -15.100000 1.090909
-9.367089 -15.100000 1.636364
-9.367089 -15.100000 2.181818
-9.367089 -15.100000 2.727273
-9.367089 -15.100000 3.272727
-9.367089 -15.100000 3.818182
-9.367089 -15.100000 4.363636
-9.367089 -15.100000 4.909091
-9.367089 -15.100000 5.454545
-9.367089 -15.100000 6.000000
-8.860759 -15.100000 0.000000
-8.860759 -15.100000 0.545455
-8.860759 -15.100000 1.090909
-8.860759 -15.100000 1.636364
-8.860759 -15.100000 2.181818
-8.860759 -15.100000 2.727273
-8.860759 -15.100000 3.272727
-8.860759 -15.100000 3.818182
-8.860759 -15.100000 4.363636
-8.860759 -15.100000 4.909091
-8.860759 -15.100000 5.454545
-8.860759 -15.100000 6.000000
-8.354430 -15.100000 0.000000
-8.354430 -15.100000 0.545455
-8.354430 -15.100000 1.090909
-8.354430 -15.100000 1.636364
-8.354430 -15.100000 2.181818
-8.354430 -15.100000 2.727273
-8.354430 -15.100000 3.272727
-8.354430 -15.100000 3.818182
-8.354430 -15.100000 4.363636
-8.354430 -15.100000 4.909091
-8.354430 -15.100000 5.454545
-8.354430 -15.100000 6.000000
-7.848101 -15.100000 0.000000
-7.848101 -15.100000 0.545455
-7.848101 -15.100000 1.090909
-7.848101 -15.100000 1.636364
-7.848101 -15.100000 2.181818
-7.848101 -15.100000 2.727273
-7.848101 -15.100000 3.272727
-7.848101 -15.100000 3.818182
-7.848101 -15.100000 4.363636
-7.848101 -15.100000 4.909091
-7.848101 -15.100000 5.454545
-7.848101 -15.100000 6.000000
-7.341772 -15.100000 0.000000
-7.341772 -15.100000 0.545455
-7.341772 -15.100000 1.090909
-7.341772 -15.100000 1.636364
-7.341772 -15.100000 2.181818
-7.341772 -15.100000 2.727273
-7.341772 -15.100000 3.272727
-7.341772 -15.100000 3.818182
-7.341772 -15.100000 4.363636
-7.341772 -15.100000 4.909091
-7.341772 -15.100000 5.454545
-7.341772 -15.100000 6.000000
-6.835443 -15.100000 0.000000
-6.835443 -15.100000 0.545455
-6.835443 -15.100000 1.090909
-6.835443 -15.100000 1.636364
-6.835443 -15.100000 2.181818
-6.835443 -15.100000 2.727273
-6.835443 -15.100000 3.272727
-6.835443 -15.100000 3.818182
-6.835443 -15.100000 4.363636
-6.835443 -15.100000 4.909091
-6.835443 -15.100000 5.454545
-6.835443 -15.100000 6.000000
-6.329114 -15.100000 0.000000
-6.329114 -15.100000 0.545455
-6.329114 -15.100000 1.090909
-6.329114 -15.100000 1.636364
-6.329114 -15.100000 2.181818
-6.329114 -15.100000 2.727273
-6.329114 -15.100000 3.272727
-6.329114 -15.100000 3.818182
-6.329114 -15.100000 4.363636
-6.329114 -15.100000 4.909091
-6.329114 -15.100000 5.454545
-6.329114 -15.100000 6.000000
-5.822785 -15.100000 0.000000
-5.822785 -15.100000 0.545455
-5.822785 -15.100000 1.090909
-5.822785 -15.100000 1.636364
-5.822785 -15.100000 2.181818
-5.822785 -15.100000 2.727273
-5.822785 -15.100000 3.272727
-5.822785 -15.100000 3.818182
-5.822785 -15.100000 4.363636
-5.822785 -15.100000 4.909091
-5.822785 -15.100000 5.454545
-5.822785 -15.100000 6.000000
-5.316456 -15.100000 0.000000
-5.316456 -15.100000 0.545455
-5.316456 -15.100000 1.090909
-5.316456 -15.100000 1.636364
-5.316456 -15.100000 2.181818
-5.316456 -15.100000 2.727273
-5.316456 -15.100000 3.272727
-5.316456 -15.100000 3.818182
-5.316456 -15.100000 4.363636
-5.316456 -15.100000 4.909091
-5.316456 -15.100000 5.454545
-5.316456 -15.100000 6.000000
-4.810127 -15.100000 0.000000
-4.810127 -15.100000 0.545455
-4.810127 -15.100000 1.090909
-4.810127 -15.100000 1.636364
-4.810127 -15.100000 2.181818
-4.810127 -15.100000 2.727273
-4.810127 -15.100000 3.272727
-4.810127 -15.100000 3.818182
-4.810127 -15.100000 4.363636
-4.810127 -15.100000 4.909091
-4.810127 -15.100000 5.454545
-4.810127 -15.100000 6.000000
-4.303797 -15.100000 0.000000
-4.303797 -15.100000 0.545455
-4.303797 -15.100000 1.090909
-4.303797 -15.100000 1.636364
-4.303797 -15.100000 2.181818
-4.303797 -15.100000 2.727273
-4.303797 -15.100000 3.272727
-4.303797 -15.100000 3.818182
-4.303797 -15.100000 4.363636
-4.303797 -15.100000 4.909091
-4.303797 -15.100000 5.454545
-4.303797 -15.100000 6.000000
-3.797468 -15.100000 0.000000
-3.797468 -15.100000 0.545455
-3.797468 -15.100000 1.090909
-3.797468 -15.100000 1.636364
-3.797468 -15.100000 2.181818
-3.797468 -15.100000 2.727273
-3.797468 -15.100000 3.272727
-3.797468 -15.100000 3.818182
-3.797468 -15.100000 4.363636
-3.797468 -15.100000 4.909091
-3.797468 -15.100000 5.454545
-3.797468 -15.100000 6.000000
-3.291139 -15.100000 0.000000
-3.291139 -15.100000 0.545455
-3.291139 -15.100000 1.090909
-3.291139 -15.100000 1.636364
-3.291139 -15.100000 2.181818
-3.291139 -15.100000 2.727273
-3.291139 -15.100000 3.272727
-3.291139 -15.100000 3.818182
-3.291139 -15.100000 4.363636
-3.291139 -15.100000 4.909091
-3.291139 -15.100000 5.454545
-3.291139 -15.100000 6.000000
-2.784810 -15.100000 0.000000
-2.784810 -15.100000 0.545455
-2.784810 -15.100000 1.090909
-2.784810 -15.100000 1.636364
-2.784810 -15.100000 2.181818
-2.784810 -15.100000 2.727273
-2.784810 -15.100000 3.272727
-2.784810 -15.100000 3.818182
-2.784810 -15.100000 4.363636
-2.784810 -15.100000 4.909091
-2.784810 -15.100000 5.454545
-2.784810 -15.100000 6.000000
-2.278481 -15.100000 0.000000
-2.278481 -15.100000 0.545455
-2.278481 -15.100000 1.090909
-2.278481 -15.100000 1.636364
-2.278481 -15.100000 2.181818
-2.278481 -15.100000 2.727273
-2.278481 -15.100000 3.272727
-2.278481 -15.100000 3.818182
-2.278481 -15.100000 4.363636
-2.278481 -15.100000 4.909091
-2.278481 -15.100000 5.454545
-2.278481 -15.100000 6.000000
-1.772152 -15.100000 0.000000
-1.772152 -15.100000 0.545455
-1.772152 -15.100000 1.090909
-1.772152 -15.100000 1.636364
-1.772152 -15.100000 2.181818
-1.772152 -15.100000 2.727273
-1.772152 -15.100000 3.272727
-1.772152 -15.100000 3.818182
-1.772152 -15.100000 4.363636
-1.772152 -15.100000 4.909091
-1.772152 -15.100000 5.454545
-1.772152 -15.100000 6.000000
-1.265823 -15.100000 0.000000
-1.265823 -15.100000 0.545455
-1.265823 -15.100000 1.090909
-1.265823 -15.100000 1.636364
-1.265823 -15.100000 2.181818
-1.265823 -15.100000 2.727273
-1.265823 -15.100000 3.272727
-1.265823 -15.100000 3.818182
-1.265823 -15.100000 4.363636
-1.265823 -15.100000 4.909091
-1.265823 -15.100000 5.454545
-1.265823 -15.100000 6.000000
-0.759494 -15.100000 0.000000
-0.759494 -15.100000 0.545455
-0.759494 -15.100000 1.090909
-0.759494 -15.100000 1.636364
-0.759494 -15.100000 2.181818
-0.759494 -15.100000 2.727273
-0.759494 -15.100000 3.272727
-0.759494 -15.100000 3.818182
-0.759494 -15.100000 4.363636
-0.759494 -15.100000 4.909091
-0.759494 -15.100000 5.454545
-0.759494 -15.100000 6.000000
-0.253165 -15.100000 0.000000
-0.253165 -15.100000 0.545455
-0.253165 -15.100000 1.090909
-0.253165 -15.100000 1.636364
-0.253165 -15.100000 2.181818
-0.253165 -15.100000 2.727273
-0.253165 -15.100000 3.272727
-0.253165 -15.100000 3.818182
-0.253165 -15.100000 4.363636
-0.253165 -15.100000 4.909091
-0.253165 -15.100000 5.454545
-0.253165 -15.100000 6.000000
0.253165 -15.100000 0.000000
0.253165 -15.100000 0.545455
0.253165 -15.100000 1.090909
0.253165 -15.100000 1.636364
0.253165 -15.100000 2.181818
0.253165 -15.100000 2.727273
0.253165 -15.100000 3.272727
0.253165 -15.100000 3.818182
0.253165 -15.100000 4.363636
0.253165 -15.100000 4.909091
0.253165 -15.100000 5.454545
0.253165 -15.100000 6.000000
0.759494 -15.100000 0.000000
0.759494 -15.100000 0.545455
0.759494 -15.100000 1.090909
0.759494 -15.100000 1.636364
0.759494 -15.100000 2.181818
0.759494 -15.100000 2.727273
0.759494 -15.100000 3.272727
0.759494 -15.100000 3.818182
0.759494 -15.100000 4.363636
0.759494 -15.100000 4.909091
0.759494 -15.100000 5.454545
0.759494 -15.100000 6.000000
1.265823 -15.100000 0.000000
1.265823 -15.100000 0.545455
1.265823 -15.100000 1.090909
1.265823 -15.100000 1.636364
1.265823 -15.100000 2.181818
1.265823 -15.100000 2.727273
1.265823 -15.100000 3.272727
1.265823 -15.100000 3.818182
1.265823 -15.100000 4.363636
1.265823 -15.100000 4.909091
1.265823 -15.100000 5.454545
1.265823 -15.100000 6.000000
1.772152 -15.100000 0.000000
1.772152 -15.100000 0.545455
1.772152 -15.100000 1.090909
1.772152 -15.100000 1.636364
1.772152 -15.100000 2.181818
1.772152 -15.100000 2.727273
1.772152 -15.100000 3.272727
1.772152 -15.100000 3.818182
1.772152 -15.100000 4.363636
1.772152 -15.100000 4.909091
1.772152 -15.100000 5.454545
1.772152 -15.100000 6.000000
2.278481 -15.100000 0.000000
2.278481 -15.100000 0.545455
2.278481 -15.100000 1.090909
2.278481 -15.100000 1.636364
2.278481 -15.100000 2.181818
2.278481 -15.100000 2.727273
2.278481 -15.100000 3.272727
2.278481 -15.100000 3.818182
2.278481 -15.100000 4.363636
2.278481 -15.100000 4.909091
2.278481 -15.100000 5.454545
2.278481 -15.100000 6.000000
2.784810 -15.100000 0.000000
2.784810 -15.100000 0.545455
2.784810 -15.100000 1.090909
2.784810 -15.100000 1.636364
2.784810 -15.100000 2.181818
2.784810 -15.100000 2.727273
2.784810 -15.100000 3.272727
2.784810 -15.100000 3.818182
2.784810 -15.100000 4.363636
2.784810 -15.100000 4.909091
2.784810 -15.100000 5.454545
2.784810 -15.100000 6.000000
3.291139 -15.100000 0.000000
3.291139 -15.100000 0.545455
3.291139 -15.100000 1.090909
3.291139 -15.100000 1.636364
3.291139 -15.100000 2.181818
3.291139 -15.100000 2.727273
3.291139 -15.100000 3.272727
3.291139 -15.100000 3.818182
3.291139 -15.100000 4.363636
3.291139 -15.100000 4.909091
3.291139 -15.100000 5.454545
3.291139 -15.100000 6.000000
3.797468 -15.100000 0.000000
3.797468 -15.100000 0.545455
3.797468 -15.100000 1.090909
3.797468 -15.100000 1.636364
3.797468 -15.100000 2.181818
3.797468 -15.100000 2.727273
3.797468 -15.100000 3.272727
3.797468 -15.100000 3.818182
3.797468 -15.100000 4.363636
3.797468 -15.100000 4.909091
3.797468 -15.100000 5.454545
3.797468 -15.100000 6.000000
4.303797 -15.100000 0.000000
4.303797 -15.100000 0.545455
4.303797 -15.100000 1.090909
4.303797 -15.100000 1.636364
4.303797 -15.100000 2.181818
4.303797 -15.100000 2.727273
4.303797 -15.100000 3.272727
4.303797 -15.100000 3.818182
4.303797 -15.100000 4.363636
4.303797 -15.100000 4.909091
4.303797 -15.100000 5.454545
4.303797 -15.100000 6.000000
4.810127 -15.100000 0.000000
4.810127 -15.100000 0.545455
4.810127 -15.100000 1.090909
4.810127 -15.100000 1.636364
4.810127 -15.100000 2.181818
4.810127 -15.100000 2.727273
4.810127 -15.100000 3.272727
4.810127 -15.100000 3.818182
4.810127 -15.100000 4.363636
4.810127 -15.100000 4.909091
4.810127 -15.100000 5.454545
4.810127 -15.100000 6.000000
5.316456 -15.100000 0.000000
5.316456 -15.100000 0.545455
5.316456 -15.100000 1.090909
5.316456 -15.100000 1.636364
5.316456 -15.100000 2.181818
5.316456 -15.100000 2.727273
5.316456 -15.100000 3.272727
5.316456 -15.100000 3.818182
5.316456 -15.100000 4.363636
5.316456 -15.100000 4.909091
5.316456 -15.100000 5.454545
5.316456 -15.100000 6.000000
5.822785 -15.100000 0.000000
5.822785 -15.100000 0.545455
5.822785 -15.100000 1.090909
5.822785 -15.100000 1.636364
5.822785 -15.100000 2.181818
5.822785 -15.100000 2.727273
5.822785 -15.100000 3.272727
5.822785 -15.100000 3.818182
5.822785 -15.100000 4.363636
5.822785 -15.100000 4.909091
5.822785 -15.100000 5.454545
5.822785 -15.100000 6.000000
6.329114 -15.100000 0.000000
6.329114 -15.100000 0.545455
6.329114 -15.100000 1.090909
6.329114 -15.100000 1.636364
6.329114 -15.100000 2.181818
6.329114 -15.100000 2.727273
6.329114 -15.100000 3.272727
6.329114 -15.100000 3.818182
6.329114 -15.100000 4.363636
6.329114 -15.100000 4.909091
6.329114 -15.100000 5.454545
6.329114 -15.100000 6.000000
6.835443 -15.100000 0.000000
6.835443 -15.100000 0.545455
6.835443 -15.100000 1.090909
6.835443 -15.100000 1.636364
6.835443 -15.100000 2.181818
6.835443 -15.100000 2.727273
6.835443 -15.100000 3.272727
6.835443 -15.100000 3.818182
6.835443 -15.100000 4.363636
6.835443 -15.100000 4.909091
6.835443 -15.100000 5.454545
6.835443 -15.100000 6.000000
7.341772 -15.100000 0.000000
7.341772 -15.100000 0.545455
7.341772 -15.100000 1.090909
7.341772 -15.100000 1.636364
7.341772 -15.100000 2.181818
7.341772 -15.100000 2.727273
7.341772 -15.100000 3.272727
7.341772 -15.100000 3.818182
7.341772 -15.100000 4.363636
7.341772 -15.100000 4.909091
7.341772 -15.100000 5.454545
7.341772 -15.100000 6.000000
7.848101 -15.100000 0.000000
7.848101 -15.100000 0.545455
7.848101 -15.100000 1.090909
7.848101 -15.100000 1.636364
7.848101 -15.100000 2.181818
7.848101 -15.100000 2.727273
7.848101 -15.100000 3.272727
7.848101 -15.100000 3.818182
7.848101 -15.100000 4.363636
7.848101 -15.100000 4.909091
7.848101 -15.100000 5.454545
7.848101 -15.100000 6.000000
8.354430 -15.100000 0.000000
8.354430 -15.100000 0.545455
8.354430 -15.100000 1.090909
8.354430 -15.100000 1.636364
8.354430 -15.100000 2.181818
8.354430 -15.100000 2.727273
8.354430 -15.100000 3.272727
8.354430 -15.100000 3.818182
8.354430 -15.100000 4.363636
8.354430 -15.100000 4.909091
8.354430 -15.100000 5.454545
8.354430 -15.100000 6.000000
8.860759 -15.100000 0.000000
8.860759 -15.100000 0.545455
8.860759 -15.100000 1.090909
8.860759 -15.100000 1.636364
8.860759 -15.100000 2.181818
8.860759 -15.100000 2.727273
8.860759 -15.100000 3.272727
8.860759 -15.100000 3.818182
8.860759 -15.100000 4.363636
8.860759 -15.100000 4.909091
8.860759 -15.100000 5.454545
8.860759 -15.100000 6.000000
9.367089 -15.100000 0.000000
9.367089 -15.100000 0.545455
9.367089 -15.100000 1.090909
9.367089 -15.100000 1.636364
9.367089 -15.100000 2.181818
9.367089 -15.100000 2.727273
9.367089 -15.100000 3.272727
9.367089 -15.100000 3.818182
9.367089 -15.100000 4.363636
9.367089 -15.100000 4.909091
9.367089 -15.100000 5.454545
9.367089 -15.100000 6.000000
9.873418 -15.100000 0.000000
9.873418 -15.100000 0.545455
9.873418 -15.100000 1.090909
9.873418 -15.100000 1.636364
9.873418 -15.100000 2.181818
9.873418 -15.100000 2.727273
9.873418 -15.100000 3.272727
9.873418 -15.100000 3.818182
9.873418 -15.100000 4.363636
9.873418 -15.100000 4.909091
9.873418 -15.100000 5.454545
9.873418 -15.100000 6.000000
10.379747 -15.100000 0.000000
10.379747 -15.100000 0.545455
10.379747 -15.100000 1.090909
10.379747 -15.100000 1.636364
10.379747 -15.100000 2.181818
10.379747 -15.100000 2.727273
10.379747 -15.100000 3.272727
10.379747 -15.100000 3.818182
10.379747 -15.100000 4.363636
10.379747 -15.100000 4.909091
10.379747 -15.100000 5.454545
10.379747 -15.100000 6.000000
10.886076 -15.100000 0.000000
10.886076 -15.100000 0.545455
10.886076 -15.100000 1.090909
10.886076 -15.100000 1.636364
10.886076 -15.100000 2.181818
10.886076 -15.100000 2.727273
10.886076 -15.100000 3.272727
10.886076 -15.100000 3.818182
10.886076 -15.100000 4.363636
10.886076 -15.100000 4.909091
10.886076 -15.100000 5.454545
10.886076 -15.100000 6.000000
11.392405 -15.100000 0.000000
11.392405 -15.100000 0.545455
11.392405 -15.100000 1.090909
11.392405 -15.100000 1.636364
11.392405 -15.100000 2.181818
11.392405 -15.100000 2.727273
11.392405 -15.100000 3.272727
11.392405 -15.100000 3.818182
11.392405 -15.100000 4.363636
11.392405 -15.100000 4.909091
11.392405 -15.100000 5.454545
11.392405 -15.100000 6.000000
11.898734 -15.100000 0.000000
11.898734 -15.100000 0.545455
11.898734 -15.100000 1.090909
11.898734 -15.100000 1.636364
11.898734 -15.100000 2.181818
11.898734 -15.100000 2.727273
11.898734 -15.100000 3.272727
11.898734 -15.100000 3.818182
11.898734 -15.100000 4.363636
11.898734 -15.100000 4.909091
11.898734 -15.100000 5.454545
11.898734 -15.100000 6.000000
12.405063 -15.100000 0.000000
12.405063 -15.100000 0.545455
12.405063 -15.100000 1.090909
12.405063 -15.100000 1.636364
12.405063 -15.100000 2.181818
12.405063 -15.100000 2.727273
12.405063 -15.100000 3.272727
12.405063 -15.100000 3.818182
12.405063 -15.100000 4.363636
12.405063 -15.100000 4.909091
12.405063 -15.100000 5.454545
12.405063 -15.100000 6.000000
12.911392 -15.100000 0.000000
12.911392 -15.100000 0.545455
12.911392 -15.100000 1.090909
12.911392 -15.100000 1.636364
12.911392 -15.100000 2.181818
12.911392 -15.100000 2.727273
12.911392 -15.100000 3.272727
12.911392 -15.100000 3.818182
12.911392 -15.100000 4.363636
12.911392 -15.100000 4.909091
12.911392 -15.100000 5.454545
12.911392 -15.100000 6.000000
13.417722 -15.100000 0.000000
13.417722 -15.100000 0.545455
13.417722 -15.100000 1.090909
13.417722 -15.100000 1.636364
13.417722 -15.100000 2.181818
13.417722 -15.100000 2.727273
13.417722 -15.100000 3.272727
13.417722 -15.100000 3.818182
13.417722 -15.100000 4.363636
13.417722 -15.100000 4.909091
13.417722 -15.100000 5.454545
13.417722 -15.100000 6.000000
13.924051 -15.100000 0.000000
13.924051 -15.100000 0.545455
13.924051 -15.100000 1.090909
13.924051 -15.100000 1.636364
13.924051 -15.100000 2.181818
13.924051 -15.100000 2.727273
13.924051 -15.100000 3.272727
13.924051 -15.100000 3.818182
13.924051 -15.100000 4.363636
13.924051 -15.100000 4.909091
13.924051 -15.100000 5.454545
13.924051 -15.100000 6.000000
14.430380 -15.100000 0.000000
14.430380 -15.100000 0.545455
14.430380 -15.100000 1.090909
14.430380 -15.100000 1.636364
14.430380 -15.100000 2.181818
14.430380 -15.100000 2.727273
14.430380 -15.100000 3.272727
14.430380 -15.100000 3.818182
14.430380 -15.100000 4.363636
14.430380 -15.100000 4.909091
14.430380 -15.100000 5.454545
14.430380 -15.100000 6.000000
14.936709 -15.100000 0.000000
14.936709 -15.100000 0.545455
14.936709 -15.100000 1.090909
14.936709 -15.100000 1.636364
14.936709 -15.100000 2.181818
14.936709 -15.100000 2.727273
14.936709 -15.100000 3.272727
14.936709 -15.100000 3.818182
14.936709 -15.100000 4.363636
14.936709 -15.100000 4.909091
14.936709 -15.100000 5.454545
14.936709 -15.100000 6.000000
15.443038 -15.100000 0.000000
15.443038 -15.100000 0.545455
15.443038 -15.100000 1.090909
15.443038 -15.100000 1.636364
15.443038 -15.100000 2.181818
15.443038 -15.100000 2.727273
15.443038 -15.100000 3.272727
15.443038 -15.100000 3.818182
15.443038 -15.100000 4.363636
15.443038 -15.100000 4.909091
15.443038 -15.100000 5.454545
15.443038 -15.100000 6.000000
15.949367 -15.100000 0.000000
15.949367 -15.100000 0.545455
15.949367 -15.100000 1.090909
15.949367 -15.100000 1.636364
15.949367 -15.100000 2.181818
15.949367 -15.100000 2.727273
15.949367 -15.100000 3.272727
15.949367 -15.100000 3.818182
15.949367 -15.100000 4.363636
15.949367 -15.100000 4.909091
15.949367 -15.100000 5.454545
15.949367 -15.100000 6.000000
16.455696 -15.100000 0.000000
16.455696 -15.100000 0.545455
16.455696 -15.100000 1.090909
16.455696 -15.100000 1.636364
16.455696 -15.100000 2.181818
16.455696 -15.100000 2.727273
16.455696 -15.100000 3.272727
16.455696 -15.100000 3.818182
16.455696 -15.100000 4.363636
16.455696 -15.100000 4.909091
16.455696 -15.100000 5.454545
16.455696 -15.100000 6.000000
16.962025 -15.100000 0.000000
16.962025 -15.100000 0.545455
16.962025 -15.100000 1.090909
16.962025 -15.100000 1.636364
16.962025 -15.100000 2.181818
16.962025 -15.100000 2.727273
16.962025 -15.100000 3.272727
16.962025 -15.100000 3.818182
16.962025 -15.100000 4.363636
16.962025 -15.100000 4.909091
16.962025 -15.100000 5.454545
16.962025 -15.100000 6.000000
17.468354 -15.100000 0.000000
17.468354 -15.100000 0.545455
17.468354 -15.100000 1.090909
17.468354 -15.100000 1.636364
17.468354 -15.100000 2.181818
17.468354 -15.100000 2.727273
17.468354 -15.100000 3.272727
17.468354 -15.100000 3.818182
17.468354 -15.100000 4.363636
17.468354 -15.100000 4.909091
17.468354 -15.100000 5.454545
17.468354 -15.100000 6.000000
17.974684 -15.100000 0.000000
17.974684 -15.100000 0.545455
17.974684 -15.100000 1.090909
17.974684 -15.100000 1.636364
17.974684 -15.100000 2.181818
17.974684 -15.100000 2.727273
17.974684 -15.100000 3.272727
17.974684 -15.100000 3.818182
17.974684 -15.100000 4.363636
17.974684 -15.100000 4.909091
17.974684 -15.100000 5.454545
17.974684 -15.100000 6.000000
18.481013 -15.100000 0.000000
18.481013 -15.100000 0.545455
18.481013 -15.100000 1.090909
18.481013 -15.100000 1.636364
18.481013 -15.100000 2.181818
18.481013 -15.100000 2.727273
18.481013 -15.100000 3.272727
18.481013 -15.100000 3.818182
18.481013 -15.100000 4.363636
18.481013 -15.100000 4.909091
18.481013 -15.100000 5.454545
18.481013 -15.100000 6.000000
18.987342 -15.100000 0.000000
18.987342 -15.100000 0.545455
18.987342 -15.100000 1.090909
18.987342 -15.100000 1.636364
18.987342 -15.100000 2.181818
18.987342 -15.100000 2.727273
18.987342 -15.100000 3.272727
18.987342 -15.100000 3.818182
18.987342 -15.100000 4.363636
18.987342 -15.100000 4.909091
18.987342 -15.100000 5.454545
18.987342 -15.100000 6.000000
19.493671 -15.100000 0.000000
19.493671 -15.100000 0.545455
19.493671 -15.100000 1.090909
19.493671 -15.100000 1.636364
19.493671 -15.100000 2.181818
19.493671 -15.100000 2.727273
19.493671 -15.100000 3.272727
19.493671 -15.100000 3.818182
19.493671 -15.100000 4.363636
19.493671 -15.100000 4.909091
19.493671 -15.100000 5.454545
19.493671 -15.100000 6.000000
20.000000 -15.100000 0.000000
20.000000 -15.100000 0.545455
20.000000 -15.100000 1.090909
20.000000 -15.100000 1.636364
20.000000 -15.100000 2.181818
20.000000 -15.100000 2.727273
20.000000 -15.100000 3.272727
20.000000 -15.100000 3.818182
20.000000 -15.100000 4.363636
20.000000 -15.100000 4.909091
20.000000 -15.100000 5.454545
20.000000 -15.100000 6.000000
-20.000000 -15.100000 6.000000
-20.000000 -14.900000 6.000000
-19.493671 -15.100000 6.000000
-19.493671 -14.900000 6.000000
-18.987342 -15.100000 6.000000
-18.987342 -14.900000 6.000000
-18.481013 -15.100000 6.000000
-18.481013 -14.900000 6.000000
-17.974684 -15.100000 6.000000
-17.974684 -14.900000 6.000000
-17.468354 -15.100000 6.000000
-17.468354 -14.900000 6.000000
-16.962025 -15.100000 6.000000
-16.962025 -14.900000 6.000000
-16.455696 -15.100000 6.000000
-16.455696 -14.900000 6.000000
-15.949367 -15.100000 6.000000
-15.949367 -14.900000 6.000000
-15.443038 -15.100000 6.000000
-15.443038 -14.900000 6.000000
-14.936709 -15.100000 6.000000
-14.936709 -14.900000 6.000000
-14.430380 -15.100000 6.000000
-14.430380 -14.900000 6.000000
-13.924051 -15.100000 6.000000
-13.924051 -14.900000 6.000000
-13.417722 -15.100000 6.000000
-13.417722 -14.900000 6.000000
-12.911392 -15.100000 6.000000
-12.911392 -14.900000 6.000000
-12.405063 -15.100000 6.000000
-12.405063 -14.900000 6.000000
-11.898734 -15.100000 6.000000
-11.898734 -14.900000 6.000000
-11.392405 -15.100000 6.000000
-11.392405 -14.900000 6.000000
-10.886076 -15.100000 6.000000
-10.886076 -14.900000 6.000000
-10.379747 -15.100000 6.000000
-10.379747 -14.900000 6.000000
-9.873418 -15.100000 6.000000
-9.873418 -14.900000 6.000000
-9.367089 -15.100000 6.000000
-9.367089 -14.900000 6.000000
-8.860759 -15.100000 6.000000
-8.860759 -14.900000 6.000000
-8.354430 -15.100000 6.000000
-8.354430 -14.900000 6.000000
-7.848101 -15.100000 6.000000
-7.848101 -14.900000 6.000000
-7.341772 -15.100000 6.000000
-7.341772 -14.900000 6.000000
-6.835443 -15.100000 6.000000
-6.835443 -14.900000 6.000000
-6.329114 -15.100000 6.000000
-6.329114 -14.900000 6.000000
-5.822785 -15.100000 6.000000
-5.822785 -14.900000 6.000000
-5.316456 -15.100000 6.000000
-5.316456 -14.900000 6.000000
-4.810127 -15.100000 6.000000
-4.810127 -14.900000 6.000000
-4.303797 -15.100000 6.000000
-4.303797 -14.900000 6.000000
-3.797468 -15.100000 6.000000
-3.797468 -14.900000 6.000000
-3.291139 -15.100000 6.000000
-3.291139 -14.900000 6.000000
-2.784810 -15.100000 6.000000
-2.784810 -14.900000 6.000000
-2.278481 -15.100000 6.000000
-2.278481 -14.900000 6.000000
-1.772152 -15.100000 6.000000
-1.772152 -14.900000 6.000000
-1.265823 -15.100000 6.000000
-1.265823 -14.900000 6.000000
-0.759494 -15.100000 6.000000
-0.759494 -14.900000 6.000000
-0.253165 -15.100000 6.000000
-0.253165 -14.900000 6.000000
0.253165 -15.100000 6.000000
0.253165 -14.900000 6.000000
0.759494 -15.100000 6.000000
0.759494 -14.900000 6.000000
1.265823 -15.100000 6.000000
1.265823 -14.900000 6.000000
1.772152 -15.100000 6.000000
1.772152 -14.900000 6.000000
2.278481 -15.100000 6.000000
2.278481 -14.900000 6.000000
2.784810 -15.100000 6.000000
2.784810 -14.900000 6.000000
3.291139 -15.100000 6.000000
3.291139 -14.900000 6.000000
3.797468 -15.100000 6.000000
3.797468 -14.900000 6.000000
4.303797 -15.100000 6.000000
4.303797 -14.900000 6.000000
4.810127 -15.100000 6.000000
4.810127 -14.900000 6.000000
5.316456 -15.100000 6.000000
5.316456 -14.900000 6.000000
5.822785 -15.100000 6.000000
5.822785 -14.900000 6.000000
6.329114 -15.100000 6.000000
6.329114 -14.900000 6.000000
6.835443 -15.100000 6.000000
6.835443 -14.900000 6.000000
7.341772 -15.100000 6.000000
7.341772 -14.900000 6.000000
7.848101 -15.100000 6.000000
7.848101 -14.900000 6.000000
8.354430 -15.100000 6.000000
8.354430 -14.900000 6.000000
8.860759 -15.100000 6.000000
8.860759 -14.900000 6.000000
9.367089 -15.100000 6.000000
9.367089 -14.900000 6.000000
9.873418 -15.100000 6.000000
9.873418 -14.900000 6.000000
10.379747 -15.100000 6.000000
10.379747 -14.900000 6.000000
10.886076 -15.100000 6.000000
10.886076 -14.900000 6.000000
11.392405 -15.100000 6.000000
11.392405 -14.900000 6.000000
11.898734 -15.100000 6.000000
11.898734 -14.900000 6.000000
12.405063 -15.100000 6.000000
12.405063 -14.900000 6.000000
12.911392 -15.100000 6.000000
12.911392 -14.900000 6.000000
13.417722 -15.100000 6.000000
13.417722 -14.900000 6.000000
13.924051 -15.100000 6.000000
13.924051 -14.900000 6.000000
14.430380 -15.100000 6.000000
14.430380 -14.900000 6.000000
14.936709 -15.100000 6.000000
14.936709 -14.900000 6.000000
15.443038 -15.100000 6.000000
15.443038 -14.900000 6.000000
15.949367 -15.100000 6.000000
15.949367 -14.900000 6.000000
16.455696 -15.100000 6.000000
16.455696 -14.900000 6.000000
16.962025 -15.100000 6.000000
16.962025 -14.900000 6.000000
17.468354 -15.100000 6.000000
17.468354 -14.900000 6.000000
17.974684 -15.100000 6.000000
17.974684 -14.900000 6.000000
18.481013 -15.100000 6.000000
18.481013 -14.900000 6.000000
18.987342 -15.100000 6.000000
18.987342 -14.900000 6.000000
19.493671 -15.100000 6.000000
19.493671 -14.900000 6.000000
20.000000 -15.100000 6.000000
20.000000 -14.900000 6.000000
-20.000000 -15.100000 0.000000
-20.000000 -14.900000 0.000000
-19.493671 -15.100000 0.000000
-19.493671 -14.900000 0.000000
-18.987342 -15.100000 0.000000
-18.987342 -14.900000 0.000000
-18.481013 -15.100000 0.000000
-18.481013 -14.900000 0.000000
-17.974684 -15.100000 0.000000
-17.974684 -14.900000 0.000000
-17.468354 -15.100000 0.000000
-17.468354 -14.900000 0.000000
-16.962025 -15.100000 0.000000
-16.962025 -14.900000 0.000000
-16.455696 -15.100000 0.000000
-16.455696 -14.900000 0.000000
-15.949367 -15.100000 0.000000
-15.949367 -14.900000 0.000000
-15.443038 -15.100000 0.000000
-15.443038 -14.900000 0.000000
-14.936709 -15.100000 0.000000
-14.936709 -14.900000 0.000000
-14.430380 -15.100000 0.000000
-14.430380 -14.900000 0.000000
-13.924051 -15.100000 0.000000
-13.924051 -14.900000 0.000000
-13.417722 -15.100000 0.000000
-13.417722 -14.900000 0.000000
-12.911392 -15.100000 0.000000
-12.911392 -14.900000 0.000000
-12.405063 -15.100000 0.000000
-12.405063 -14.900000 0.000000
-11.898734 -15.100000 0.000000
-11.898734 -14.900000 0.000000
-11.392405 -15.100000 0.000000
-11.392405 -14.900000 0.000000
-10.886076 -15.100000 0.000000
-10.886076 -14.900000 0.000000
-10.379747 -15.100000 0.000000
-10.379747 -14.900000 0.000000
-9.873418 -15.100000 0.000000
-9.873418 -14.900000 0.000000
-9.367089 -15.100000 0.000000
-9.367089 -14.900000 0.000000
-8.860759 -15.100000 0.000000
-8.860759 -14.900000 0.000000
-8.354430 -15.100000 0.000000
-8.354430 -14.900000 0.000000
-7.848101 -15.100000 0.000000
-7.848101 -14.900000 0.000000
-7.341772 -15.100000 0.000000
-7.341772 -14.900000 0.000000
-6.835443 -15.100000 0.000000
-6.835443 -14.900000 0.000000
-6.329114 -15.100000 0.000000
-6.329114 -14.900000 0.000000
-5.822785 -15.100000 0.000000
-5.822785 -14.900000 0.000000
-5.316456 -15.100000 0.000000
-5.316456 -14.900000 0.000000
-4.810127 -15.100000 0.000000
-4.810127 -14.900000 0.000000
-4.303797 -15.100000 0.000000
-4.303797 -14.900000 0.000000
-3.797468 -15.100000 0.000000
-3.797468 -14.900000 0.000000
-3.291139 -15.100000 0.000000
-3.291139 -14.900000 0.000000
-2.784810 -15.100000 0.000000
-2.784810 -14.900000 0.000000
-2.278481 -15.100000 0.000000
-2.278481 -14.900000 0.000000
-1.772152 -15.100000 0.000000
-1.772152 -14.900000 0.000000
-1.265823 -15.100000 0.000000
-1.265823 -14.900000 0.000000
-0.759494 -15.100000 0.000000
-0.759494 -14.900000 0.000000
-0.253165 -15.100000 0.000000
-0.253165 -14.900000 0.000000
0.253165 -15.100000 0.000000
0.253165 -14.900000 0.000000
0.759494 -15.100000 0.000000
0.759494 -14.900000 0.000000
1.265823 -15.100000 0.000000
1.265823 -14.900000 0.000000
1.772152 -15.100000 0.000000
1.772152 -14.900000 0.000000
2.278481 -15.100000 0.000000
2.278481 -14.900000 0.000000
2.784810 -15.100000 0.000000
2.784810 -14.900000 0.000000
3.291139 -15.100000 0.000000
3.291139 -14.900000 0.000000
3.797468 -15.100000 0.000000
3.797468 -14.900000 0.000000
4.303797 -15.100000 0.000000
4.303797 -14.900000 0.000000
4.810127 -15.100000 0.000000
4.810127 -14.900000 0.000000
5.316456 -15.100000 0.000000
5.316456 -14.900000 0.000000
5.822785 -15.100000 0.000000
5.822785 -14.900000 0.000000
6.329114 -15.100000 0.000000
6.329114 -14.900000 0.000000
6.835443 -15.100000 0.000000
6.835443 -14.900000 0.000000
7.341772 -15.100000 0.000000
7.341772 -14.900000 0.000000
7.848101 -15.100000 0.000000
7.848101 -14.900000 0.000000
8.354430 -15.100000 0.000000
8.354430 -14.900000 0.000000
8.860759 -15.100000 0.000000
8.860759 -14.900000 0.000000
9.367089 -15.100000 0.000000
9.367089 -14.900000 0.000000
9.873418 -15.100000 0.000000
9.873418 -14.900000 0.000000
10.379747 -15.100000 0.000000
10.379747 -14.900000 0.000000
10.886076 -15.100000 0.000000
10.886076 -14.900000 0.000000
11.392405 -15.100000 0.000000
11.392405 -14.900000 0.000000
11.898734 -15.100000 0.000000
11.898734 -14.900000 0.000000
12.405063 -15.100000 0.000000
12.405063 -14.900000 0.000000
12.911392 -15.100000 0.000000
12.911392 -14.900000 0.000000
13.417722 -15.100000 0.000000
13.417722 -14.900000 0.000000
13.924051 -15.100000 0.000000
13.924051 -14.900000 0.000000
14.430380 -15.100000 0.000000
14.430380 -14.900000 0.000000
14.936709 -15.100000 0.000000
14.936709 -14.900000 0.000000
15.443038 -15.100000 0.000000
15.443038 -14.900000 0.000000
15.949367 -15.100000 0.000000
15.949367 -14.900000 0.000000
16.455696 -15.100000 0.000000
16.455696 -14.900000 0.000000
16.962025 -15.100000 0.000000
16.962025 -14.900000 0.000000
17.468354 -15.100000 0.000000
17.468354 -14.900000 0.000000
17.974684 -15.100000 0.000000
17.974684 -14.900000 0.000000
18.481013 -15.100000 0.000000
18.481013 -14.900000 0.000000
18.987342 -15.100000 0.000000
18.987342 -14.900000 0.000000
19.493671 -15.100000 0.000000
19.493671 -14.900000 0.000000
20.000000 -15.100000 0.000000
20.000000 -14.900000 0.000000
20.100000 -15.000000 0.000000
20.100000 -15.000000 0.545455
20.100000 -15.000000 1.090909
20.100000 -15.000000 1.636364
20.100000 -15.000000 2.181818
20.100000 -15.000000 2.727273
20.100000 -15.000000 3.272727
20.100000 -15.000000 3.818182
20.100000 -15.000000 4.363636
20.100000 -15.000000 4.909091
20.100000 -15.000000 5.454545
20.100000 -15.000000 6.000000
20.100000 -14.491525 0.000000
20.100000 -14.491525 0.545455
20.100000 -14.491525 1.090909
20.100000 -14.491525 1.636364
20.100000 -14.491525 2.181818
20.100000 -14.491525 2.727273
20.100000 -14.491525 3.272727
20.100000 -14.491525 3.818182
20.100000 -14.491525 4.363636
20.100000 -14.491525 4.909091
20.100000 -14.491525 5.454545
20.100000 -14.491525 6.000000
20.100000 -13.983051 0.000000
20.100000 -13.983051 0.545455
20.100000 -13.983051 1.090909
20.100000 -13.983051 1.636364
20.100000 -13.983051 2.181818
20.100000 -13.983051 2.727273
20.100000 -13.983051 3.272727
20.100000 -13.983051 3.818182
20.100000 -13.983051 4.363636
20.100000 -13.983051 4.909091
20.100000 -13.983051 5.454545
20.100000 -13.983051 6.000000
20.100000 -13.474576 0.000000
20.100000 -13.474576 0.545455
20.100000 -13.474576 1.090909
20.100000 -13.474576 1.636364
20.100000 -13.474576 2.181818
20.100000 -13.474576 2.727273
20.100000 -13.474576 3.272727
20.100000 -13.474576 3.818182
20.100000 -13.474576 4.363636
20.100000 -13.474576 4.909091
20.100000 -13.474576 5.454545
20.100000 -13.474576 6.000000
20.100000 -12.966102 0.000000
20.100000 -12.966102 0.545455
20.100000 -12.966102 1.090909
20.100000 -12.966102 1.636364
20.100000 -12.966102 2.181818
20.100000 -12.966102 2.727273
20.100000 -12.966102 3.272727
20.100000 -12.966102 3.818182
20.100000 -12.966102 4.363636
20.100000 -12.966102 4.909091
20.100000 -12.966102 5.454545
20.100000 -12.966102 6.000000
20.100000 -12.457627 0.000000
20.100000 -12.457627 0.545455
20.100000 -12.457627 1.090909
20.100000 -12.457627 1.636364
20.100000 -12.457627 2.181818
20.100000 -12.457627 2.727273
20.100000 -12.457627 3.272727
20.100000 -12.457627 3.818182
20.100000 -12.457627 4.363636
20.100000 -12.457627 4.909091
20.100000 -12.457627 5.454545
20.100000 -12.457627 6.000000
20.100000 -11.949153 0.000000
20.100000 -11.949153 0.545455
20.100000 -11.949153 1.090909
20.100000 -11.949153 1.636364
20.100000 -11.949153 2.181818
20.100000 -11.949153 2.727273
20.100000 -11.949153 3.272727
20.100000 -11.949153 3.818182
20.100000 -11.949153 4.363636
20.100000 -11.949153 4.909091
20.100000 -11.949153 5.454545
20.100000 -11.949153 6.000000
20.100000 -11.440678 0.000000
20.100000 -11.440678 0.545455
20.100000 -11.440678 1.090909
20.100000 -11.440678 1.636364
20.100000 -11.440678 2.181818
20.100000 -11.440678 2.727273
20.100000 -11.440678 3.272727
20.100000 -11.440678 3.818182
20.100000 -11.440678 4.363636
20.100000 -11.440678 4.909091
20.100000 -11.440678 5.454545
20.100000 -11.440678 6.000000
20.100000 -10.932203 0.000000
20.100000 -10.932203 0.545455
20.100000 -10.932203 1.090909
20.100000 -10.932203 1.636364
20.100000 -10.932203 2.181818
20.100000 -10.932203 2.727273
20.100000 -10.932203 3.272727
20.100000 -10.932203 3.818182
20.100000 -10.932203 4.363636
20.100000 -10.932203 4.909091
20.100000 -10.932203 5.454545
20.100000 -10.932203 6.000000
20.100000 -10.423729 0.000000
20.100000 -10.423729 0.545455
20.100000 -10.423729 1.090909
20.100000 -10.423729 1.636364
20.100000 -10.423729 2.181818
20.100000 -10.423729 2.727273
20.100000 -10.423729 3.272727
20.100000 -10.423729 3.818182
20.100000 -10.423729 4.363636
20.100000 -10.423729 4.909091
20.100000 -10.423729 5.454545
20.100000 -10.423729 6.000000
20.100000 -9.915254 0.000000
20.100000 -9.915254 0.545455
20.100000 -9.915254 1.090909
20.100000 -9.915254 1.636364
20.100000 -9.915254 2.181818
20.100000 -9.915254 2.727273
20.100000 -9.915254 3.272727
20.100000 -9.915254 3.818182
20.100000 -9.915254 4.363636
20.100000 -9.915254 4.909091
20.100000 -9.915254 5.454545
20.100000 -9.915254 6.000000
20.100000 -9.406780 0.000000
20.100000 -9.406780 0.545455
20.100000 -9.406780 1.090909
20.100000 -9.406780 1.636364
20.100000 -9.406780 2.181818
20.100000 -9.406780 2.727273
20.100000 -9.406780 3.272727
20.100000 -9.406780 3.818182
20.100000 -9.406780 4.363636
20.100000 -9.406780 4.909091
20.100000 -9.406780 5.454545
20.100000 -9.406780 6.000000
20.100000 -8.898305 0.000000
20.100000 -8.898305 0.545455
20.100000 -8.898305 1.090909
20.100000 -8.898305 1.636364
20.100000 -8.898305 2.181818
20.100000 -8.898305 2.727273
20.100000 -8.898305 3.272727
20.100000 -8.898305 3.818182
20.100000 -8.898305 4.363636
20.100000 -8.898305 4.909091
20.100000 -8.898305 5.454545
20.100000 -8.898305 6.000000
20.100000 -8.389831 0.000000
20.100000 -8.389831 0.545455
20.100000 -8.389831 1.090909
20.100000 -8.389831 1.636364
20.100000 -8.389831 2.181818
20.100000 -8.389831 2.727273
20.100000 -8.389831 3.272727
20.100000 -8.389831 3.818182
20.100000 -8.389831 4.363636
20.100000 -8.389831 4.909091
20.100000 -8.389831 5.454545
20.100000 -8.389831 6.000000
20.100000 -7.881356 0.000000
20.100000 -7.881356 0.545455
20.100000 -7.881356 1.090909
20.100000 -7.881356 1.636364
20.100000 -7.881356 2.181818
20.100000 -7.881356 2.727273
20.100000 -7.881356 3.272727
20.100000 -7.881356 3.818182
20.100000 -7.881356 4.363636
20.100000 -7.881356 4.909091
20.100000 -7.881356 5.454545
20.100000 -7.881356 6.000000
20.100000 -7.372881 0.000000
20.100000 -7.372881 0.545455
20.100000 -7.372881 1.090909
20.100000 -7.372881 1.636364
20.100000 -7.372881 2.181818
20.100000 -7.372881 2.727273
20.100000 -7.372881 3.272727
20.100000 -7.372881 3.818182
20.100000 -7.372881 4.363636
20.100000 -7.372881 4.909091
20.100000 -7.372881 5.454545
20.100000 -7.372881 6.000000
20.100000 -6.864407 0.000000
20.100000 -6.864407 0.545455
20.100000 -6.864407 1.090909
20.100000 -6.864407 1.636364
20.100000 -6.864407 2.181818
20.100000 -6.864407 2.727273
20.100000 -6.864407 3.272727
20.100000 -6.864407 3.818182
20.100000 -6.864407 4.363636
20.100000 -6.864407 4.909091
20.100000 -6.864407 5.454545
20.100000 -6.864407 6.000000
20.100000 -6.355932 0.000000
20.100000 -6.355932 0.545455
20.100000 -6.355932 1.090909
20.100000 -6.355932 1.636364
20.100000 -6.355932 2.181818
20.100000 -6.355932 2.727273
20.100000 -6.355932 3.272727
20.100000 -6.355932 3.818182
20.100000 -6.355932 4.363636
20.100000 -6.355932 4.909091
20.100000 -6.355932 5.454545
20.100000 -6.355932 6.000000
20.100000 -5.847458 0.000000
20.100000 -5.847458 0.545455
20.100000 -5.847458 1.090909
20.100000 -5.847458 1.636364
20.100000 -5.847458 2.181818
20.100000 -5.847458 2.727273
20.100000 -5.847458 3.272727
20.100000 -5.847458 3.818182
20.100000 -5.847458 4.363636
20.100000 -5.847458 4.909091
20.100000 -5.847458 5.454545
20.100000 -5.847458 6.000000
20.100000 -5.338983 0.000000
20.100000 -5.338983 0.545455
20.100000 -5.338983 1.090909
20.100000 -5.338983 1.636364
20.100000 -5.338983 2.181818
20.100000 -5.338983 2.727273
20.100000 -5.338983 3.272727
20.100000 -5.338983 3.818182
20.100000 -5.338983 4.363636
20.100000 -5.338983 4.909091
20.100000 -5.338983 5.454545
20.100000 -5.338983 6.000000
20.100000 -4.830508 0.000000
20.100000 -4.830508 0.545455
20.100000 -4.830508 1.090909
20.100000 -4.830508 1.636364
20.100000 -4.830508 2.181818
20.100000 -4.830508 2.727273
20.100000 -4.830508 3.272727
20.100000 -4.830508 3.818182
20.100000 -4.830508 4.363636
20.100000 -4.830508 4.909091
20.100000 -4.830508 5.454545
20.100000 -4.830508 6.000000
20.100000 -4.322034 0.000000
20.100000 -4.322034 0.545455
20.100000 -4.322034 1.090909
20.100000 -4.322034 1.636364
20.100000 -4.322034 2.181818
20.100000 -4.322034 2.727273
20.100000 -4.322034 3.272727
20.100000 -4.322034 3.818182
20.100000 -4.322034 4.363636
20.100000 -4.322034 4.909091
20.100000 -4.322034 5.454545
20.100000 -4.322034 6.000000
20.100000 -3.813559 0.000000
20.100000 -3.813559 0.545455
20.100000 -3.813559 1.090909
20.100000 -3.813559 1.636364
20.100000 -3.813559 2.181818
20.100000 -3.813559 2.727273
20.100000 -3.813559 3.272727
20.100000 -3.813559 3.818182
20.100000 -3.813559 4.363636
20.100000 -3.813559 4.909091
20.100000 -3.813559 5.454545
20.100000 -3.813559 6.000000
20.100000 -3.305085 0.000000
20.100000 -3.305085 0.545455
20.100000 -3.305085 1.090909
20.100000 -3.305085 1.636364
20.100000 -3.305085 2.181818
20.100000 -3.305085 2.727273
20.100000 -3.305085 3.272727
20.100000 -3.305085 3.818182
20.100000 -3.305085 4.363636
20.100000 -3.305085 4.909091
20.100000 -3.305085 5.454545
20.100000 -3.305085 6.000000
20.100000 -2.796610 0.000000
20.100000 -2.796610 0.545455
20.100000 -2.796610 1.090909
20.100000 -2.796610 1.636364
20.100000 -2.796610 2.181818
20.100000 -2.796610 2.727273
20.100000 -2.796610 3.272727
20.100000 -2.796610 3.818182
20.100000 -2.796610 4.363636
20.100000 -2.796610 4.909091
20.100000 -2.796610 5.454545
20.100000 -2.796610 6.000000
20.100000 -2.288136 0.000000
20.100000 -2.288136 0.545455
20.100000 -2.288136 1.090909
20.100000 -2.288136 1.636364
20.100000 -2.288136 2.181818
20.100000 -2.288136 2.727273
20.100000 -2.288136 3.272727
20.100000 -2.288136 3.818182
20.100000 -2.288136 4.363636
20.100000 -2.288136 4.909091
20.100000 -2.288136 5.454545
20.100000 -2.288136 6.000000
20.100000 -1.779661 0.000000
20.100000 -1.779661 0.545455
20.100000 -1.779661 1.090909
20.100000 -1.779661 1.636364
20.100000 -1.779661 2.181818
20.100000 -1.779661 2.727273
20.100000 -1.779661 3.272727
20.100000 -1.779661 3.818182
20.100000 -1.779661 4.363636
20.100000 -1.779661 4.909091
20.100000 -1.779661 5.454545
20.100000 -1.779661 6.000000
20.100000 -1.271186 0.000000
20.100000 -1.271186 0.545455
20.100000 -1.271186 1.090909
20.100000 -1.271186 1.636364
20.100000 -1.271186 2.181818
20.100000 -1.271186 2.727273
20.100000 -1.271186 3.272727
20.100000 -1.271186 3.818182
20.100000 -1.271186 4.363636
20.100000 -1.271186 4.909091
20.100000 -1.271186 5.454545
20.100000 -1.271186 6.000000
20.100000 -0.762712 0.000000
20.100000 -0.762712 0.545455
20.100000 -0.762712 1.090909
20.100000 -0.762712 1.636364
20.100000 -0.762712 2.181818
20.100000 -0.762712 2.727273
20.100000 -0.762712 3.272727
20.100000 -0.762712 3.818182
20.100000 -0.762712 4.363636
20.100000 -0.762712 4.909091
20.100000 -0.762712 5.454545
20.100000 -0.762712 6.000000
20.100000 -0.254237 0.000000
20.100000 -0.254237 0.545455
20.100000 -0.254237 1.090909
20.100000 -0.254237 1.636364
20.100000 -0.254237 2.181818
20.100000 -0.254237 2.727273
20.100000 -0.254237 3.272727
20.100000 -0.254237 3.818182
20.100000 -0.254237 4.363636
20.100000 -0.254237 4.909091
20.100000 -0.254237 5.454545
20.100000 -0.254237 6.000000
20.100000 0.254237 0.000000
20.100000 0.254237 0.545455
20.100000 0.254237 1.090909
20.100000 0.254237 1.636364
20.100000 0.254237 2.181818
20.100000 0.254237 2.727273
20.100000 0.254237 3.272727
20.100000 0.254237 3.818182
20.100000 0.254237 4.363636
20.100000 0.254237 4.909091
20.100000 0.254237 5.454545
20.100000 0.254237 6.000000
20.100000 0.762712 0.000000
20.100000 0.762712 0.545455
20.100000 0.762712 1.090909
20.100000 0.762712 1.636364
20.100000 0.762712 2.181818
20.100000 0.762712 2.727273
20.100000 0.762712 3.272727
20.100000 0.762712 3.818182
20.100000 0.762712 4.363636
20.100000 0.762712 4.909091
20.100000 0.762712 5.454545
20.100000 0.762712 6.000000
20.100000 1.271186 0.000000
20.100000 1.271186 0.545455
20.100000 1.271186 1.090909
20.100000 1.271186 1.636364
20.100000 1.271186 2.181818
20.100000 1.271186 2.727273
20.100000 1.271186 3.272727
20.100000 1.271186 3.818182
20.100000 1.271186 4.363636
20.100000 1.271186 4.909091
20.100000 1.271186 5.454545
20.100000 1.271186 6.000000
20.100000 1.779661 0.000000
20.100000 1.779661 0.545455
20.100000 1.779661 1.090909
20.100000 1.779661 1.636364
20.100000 1.779661 2.181818
20.100000 1.779661 2.727273
20.100000 1.779661 3.272727
20.100000 1.779661 3.818182
20.100000 1.779661 4.363636
20.100000 1.779661 4.909091
20.100000 1.779661 5.454545
20.100000 1.779661 6.000000
20.100000 2.288136 0.000000
20.100000 2.288136 0.545455
20.100000 2.288136 1.090909
20.100000 2.288136 1.636364
20.100000 2.288136 2.181818
20.100000 2.288136 2.727273
20.100000 2.288136 3.272727
20.100000 2.288136 3.818182
20.100000 2.288136 4.363636
20.100000 2.288136 4.909091
20.100000 2.288136 5.454545
20.100000 2.288136 6.000000
20.100000 2.796610 0.000000
20.100000 2.796610 0.545455
20.100000 2.796610 1.090909
20.100000 2.796610 1.636364
20.100000 2.796610 2.181818
20.100000 2.796610 2.727273
20.100000 2.796610 3.272727
20.100000 2.796610 3.818182
20.100000 2.796610 4.363636
20.100000 2.796610 4.909091
20.100000 2.796610 5.454545
20.100000 2.796610 6.000000
20.100000 3.305085 0.000000
20.100000 3.305085 0.545455
20.100000 3.305085 1.090909
20.100000 3.305085 1.636364
20.100000 3.305085 2.181818
20.100000 3.305085 2.727273
20.100000 3.305085 3.272727
20.100000 3.305085 3.818182
20.100000 3.305085 4.363636
20.100000 3.305085 4.909091
20.100000 3.305085 5.454545
20.100000 3.305085 6.000000
20.100000 3.813559 0.000000
20.100000 3.813559 0.545455
20.100000 3.813559 1.090909
20.100000 3.813559 1.636364
20.100000 3.813559 2.181818
20.100000 3.813559 2.727273
20.100000 3.813559 3.272727
20.100000 3.813559 3.818182
20.100000 3.813559 4.363636
20.100000 3.813559 4.909091
20.100000 3.813559 5.454545
20.100000 3.813559 6.000000
20.100000 4.322034 0.000000
20.100000 4.322034 0.545455
20.100000 4.322034 1.090909
20.100000 4.322034 1.636364
20.100000 4.322034 2.181818
20.100000 4.322034 2.727273
20.100000 4.322034 3.272727
20.100000 4.322034 3.818182
20.100000 4.322034 4.363636
20.100000 4.322034 4.909091
20.100000 4.322034 5.454545
20.100000 4.322034 6.000000
20.100000 4.830508 0.000000
20.100000 4.830508 0.545455
20.100000 4.830508 1.090909
20.100000 4.830508 1.636364
20.100000 4.830508 2.181818
20.100000 4.830508 2.727273
20.100000 4.830508 3.272727
20.100000 4.830508 3.818182
20.100000 4.830508 4.363636
20.100000 4.830508 4.909091
20.100000 4.830508 5.454545
20.100000 4.830508 6.000000
20.100000 5.338983 0.000000
20.100000 5.338983 0.545455
20.100000 5.338983 1.090909
20.100000 5.338983 1.636364
20.100000 5.338983 2.181818
20.100000 5.338983 2.727273
20.100000 5.338983 3.272727
20.100000 5.338983 3.818182
20.100000 5.338983 4.363636
20.100000 5.338983 4.909091
20.100000 5.338983 5.454545
20.100000 5.338983 6.000000
20.100000 5.847458 0.000000
20.100000 5.847458 0.545455
20.100000 5.847458 1.090909
20.100000 5.847458 1.636364
20.100000 5.847458 2.181818
20.100000 5.847458 2.727273
20.100000 5.847458 3.272727
20.100000 5.847458 3.818182
20.100000 5.847458 4.363636
20.100000 5.847458 4.909091
20.100000 5.847458 5.454545
20.100000 5.847458 6.000000
20.100000 6.355932 0.000000
20.100000 6.355932 0.545455
20.100000 6.355932 1.090909
20.100000 6.355932 1.636364
20.100000 6.355932 2.181818
20.100000 6.355932 2.727273
20.100000 6.355932 3.272727
20.100000 6.355932 3.818182
20.100000 6.355932 4.363636
20.100000 6.355932 4.909091
20.100000 6.355932 5.454545
20.100000 6.355932 6.000000
20.100000 6.864407 0.000000
20.100000 6.864407 0.545455
20.100000 6.864407 1.090909
20.100000 6.864407 1.636364
20.100000 6.864407 2.181818
20.100000 6.864407 2.727273
20.100000 6.864407 3.272727
20.100000 6.864407 3.818182
20.100000 6.864407 4.363636
20.100000 6.864407 4.909091
20.100000 6.864407 5.454545
20.100000 6.864407 6.000000
20.100000 7.372881 0.000000
20.100000 7.372881 0.545455
20.100000 7.372881 1.090909
20.100000 7.372881 1.636364
20.100000 7.372881 2.181818
20.100000 7.372881 2.727273
20.100000 7.372881 3.272727
20.100000 7.372881 3.818182
20.100000 7.372881 4.363636
20.100000 7.372881 4.909091
20.100000 7.372881 5.454545
20.100000 7.372881 6.000000
20.100000 7.881356 0.000000
20.100000 7.881356 0.545455
20.100000 7.881356 1.090909
20.100000 7.881356 1.636364
20.100000 7.881356 2.181818
20.100000 7.881356 2.727273
20.100000 7.881356 3.272727
20.100000 7.881356 3.818182
20.100000 7.881356 4.363636
20.100000 7.881356 4.909091
20.100000 7.881356 5.454545
20.100000 7.881356 6.000000
20.100000 8.389831 0.000000
20.100000 8.389831 0.545455
20.100000 8.389831 1.090909
20.100000 8.389831 1.636364
20.100000 8.389831 2.181818
20.100000 8.389831 2.727273
20.100000 8.389831 3.272727
20.100000 8.389831 3.818182
20.100000 8.389831 4.363636
20.100000 8.389831 4.909091
20.100000 8.389831 5.454545
20.100000 8.389831 6.000000
20.100000 8.898305 0.000000
20.100000 8.898305 0.545455
20.100000 8.898305 1.090909
20.100000 8.898305 1.636364
20.100000 8.898305 2.181818
20.100000 8.898305 2.727273
20.100000 8.898305 3.272727
20.100000 8.898305 3.818182
20.100000 8.898305 4.363636
20.100000 8.898305 4.909091
20.100000 8.898305 5.454545
20.100000 8.898305 6.000000
20.100000 9.406780 0.000000
20.100000 9.406780 0.545455
20.100000 9.406780 1.090909
20.100000 9.406780 1.636364
20.100000 9.406780 2.181818
20.100000 9.406780 2.727273
20.100000 9.406780 3.272727
20.100000 9.406780 3.818182
20.100000 9.406780 4.363636
20.100000 9.406780 4.909091
20.100000 9.406780 5.454545
20.100000 9.406780 6.000000
20.100000 9.915254 0.000000
20.100000 9.915254 0.545455
20.100000 9.915254 1.090909
20.100000 9.915254 1.636364
20.100000 9.915254 2.181818
20.100000 9.915254 2.727273
20.100000 9.915254 3.272727
20.100000 9.915254 3.818182
20.100000 9.915254 4.363636
20.100000 9.915254 4.909091
20.100000 9.915254 5.454545
20.100000 9.915254 6.000000
20.100000 10.423729 0.000000
20.100000 10.423729 0.545455
20.100000 10.423729 1.090909
20.100000 10.423729 1.636364
20.100000 10.423729 2.181818
20.100000 10.423729 2.727273
20.100000 10.423729 3.272727
20.100000 10.423729 3.818182
20.100000 10.423729 4.363636
20.100000 10.423729 4.909091
20.100000 10.423729 5.454545
20.100000 10.423729 6.000000
20.100000 10.932203 0.000000
20.100000 10.932203 0.545455
20.100000 10.932203 1.090909
20.100000 10.932203 1.636364
20.100000 10.932203 2.181818
20.100000 10.932203 2.727273
20.100000 10.932203 3.272727
20.100000 10.932203 3.818182
20.100000 10.932203 4.363636
20.100000 10.932203 4.909091
20.100000 10.932203 5.454545
20.100000 10.932203 6.000000
20.100000 11.440678 0.000000
20.100000 11.440678 0.545455
20.100000 11.440678 1.090909
20.100000 11.440678 1.636364
20.100000 11.440678 2.181818
20.100000 11.440678 2.727273
20.100000 11.440678 3.272727
20.100000 11.440678 3.818182
20.100000 11.440678 4.363636
20.100000 11.440678 4.909091
20.100000 11.440678 5.454545
20.100000 11.440678 6.000000
20.100000 11.949153 0.000000
20.100000 11.949153 0.545455
20.100000 11.949153 1.090909
20.100000 11.949153 1.636364
20.100000 11.949153 2.181818
20.100000 11.949153 2.727273
20.100000 11.949153 3.272727
20.100000 11.949153 3.818182
20.100000 11.949153 4.363636
20.100000 11.949153 4.909091
20.100000 11.949153 5.454545
20.100000 11.949153 6.000000
20.100000 12.457627 0.000000
20.100000 12.457627 0.545455
20.100000 12.457627 1.090909
20.100000 12.457627 1.636364
20.100000 12.457627 2.181818
20.100000 12.457627 2.727273
20.100000 12.457627 3.272727
20.100000 12.457627 3.818182
20.100000 12.457627 4.363636
20.100000 12.457627 4.909091
20.100000 12.457627 5.454545
20.100000 12.457627 6.000000
20.100000 12.966102 0.000000
20.100000 12.966102 0.545455
20.100000 12.966102 1.090909
20.100000 12.966102 1.636364
20.100000 12.966102 2.181818
20.100000 12.966102 2.727273
20.100000 12.966102 3.272727
20.100000 12.966102 3.818182
20.100000 12.966102 4.363636
20.100000 12.966102 4.909091
20.100000 12.966102 5.454545
20.100000 12.966102 6.000000
20.100000 13.474576 0.000000
20.100000 13.474576 0.545455
20.100000 13.474576 1.090909
20.100000 13.474576 1.636364
20.100000 13.474576 2.181818
20.100000 13.474576 2.727273
20.100000 13.474576 3.272727
20.100000 13.474576 3.818182
20.100000 13.474576 4.363636
20.100000 13.474576 4.909091
20.100000 13.474576 5.454545
20.100000 13.474576 6.000000
20.100000 13.983051 0.000000
20.100000 13.983051 0.545455
20.100000 13.983051 1.090909
20.100000 13.983051 1.636364
20.100000 13.983051 2.181818
20.100000 13.983051 2.727273
20.100000 13.983051 3.272727
20.100000 13.983051 3.818182
20.100000 13.983051 4.363636
20.100000 13.983051 4.909091
20.100000 13.983051 5.454545
20.100000 13.983051 6.000000
20.100000 14.491525 0.000000
20.100000 14.491525 0.545455
20.100000 14.491525 1.090909
20.100000 14.491525 1.636364
20.100000 14.491525 2.181818
20.100000 14.491525 2.727273
20.100000 14.491525 3.272727
20.100000 14.491525 3.818182
20.100000 14.491525 4.363636
20.100000 14.491525 4.909091
20.100000 14.491525 5.454545
20.100000 14.491525 6.000000
20.100000 15.000000 0.000000
20.100000 15.000000 0.545455
20.100000 15.000000 1.090909
20.100000 15.000000 1.636364
20.100000 15.000000 2.181818
20.100000 15.000000 2.727273
20.100000 15.000000 3.272727
20.100000 15.000000 3.818182
20.100000 15.000000 4.363636
20.100000 15.000000 4.909091
20.100000 15.000000 5.454545
20.100000 15.000000 6.000000
19.900000 -15.000000 0.000000
19.900000 -15.000000 0.545455
19.900000 -15.000000 1.090909
19.900000 -15.000000 1.636364
19.900000 -15.000000 2.181818
19.900000 -15.000000 2.727273
19.900000 -15.000000 3.272727
19.900000 -15.000000 3.818182
19.900000 -15.000000 4.363636
19.900000 -15.000000 4.909091
19.900000 -15.000000 5.454545
19.900000 -15.000000 6.000000
19.900000 -14.491525 0.000000
19.900000 -14.491525 0.545455
19.900000 -14.491525 1.090909
19.900000 -14.491525 1.636364
19.900000 -14.491525 2.181818
19.900000 -14.491525 2.727273
19.900000 -14.491525 3.272727
19.900000 -14.491525 3.818182
19.900000 -14.491525 4.363636
19.900000 -14.491525 4.909091
19.900000 -14.491525 5.454545
19.900000 -14.491525 6.000000
19.900000 -13.983051 0.000000
19.900000 -13.983051 0.545455
19.900000 -13.983051 1.090909
19.900000 -13.983051 1.636364
19.900000 -13.983051 2.181818
19.900000 -13.983051 2.727273
19.900000 -13.983051 3.272727
19.900000 -13.983051 3.818182
19.900000 -13.983051 4.363636
19.900000 -13.983051 4.909091
19.900000 -13.983051 5.454545
19.900000 -13.983051 6.000000
19.900000 -13.474576 0.000000
19.900000 -13.474576 0.545455
19.900000 -13.474576 1.090909
19.900000 -13.474576 1.636364
19.900000 -13.474576 2.181818
19.900000 -13.474576 2.727273
19.900000 -13.474576 3.272727
19.900000 -13.474576 3.818182
19.900000 -13.474576 4.363636
19.900000 -13.474576 4.909091
19.900000 -13.474576 5.454545
19.900000 -13.474576 6.000000
19.900000 -12.966102 0.000000
19.900000 -12.966102 0.545455
19.900000 -12.966102 1.090909
19.900000 -12.966102 1.636364
19.900000 -12.966102 2.181818
19.900000 -12.966102 2.727273
19.900000 -12.966102 3.272727
19.900000 -12.966102 3.818182
19.900000 -12.966102 4.363636
19.900000 -12.966102 4.909091
19.900000 -12.966102 5.454545
19.900000 -12.966102 6.000000
19.900000 -12.457627 0.000000
19.900000 -12.457627 0.545455
19.900000 -12.457627 1.090909
19.900000 -12.457627 1.636364
19.900000 -12.457627 2.181818
19.900000 -12.457627 2.727273
19.900000 -12.457627 3.272727
19.900000 -12.457627 3.818182
19.900000 -12.457627 4.363636
19.900000 -12.457627 4.909091
19.900000 -12.457627 5.454545
19.900000 -12.457627 6.000000
19.900000 -11.949153 0.000000
19.900000 -11.949153 0.545455
19.900000 -11.949153 1.090909
19.900000 -11.949153 1.636364
19.900000 -11.949153 2.181818
19.900000 -11.949153 2.727273
19.900000 -11.949153 3.272727
19.900000 -11.949153 3.818182
19.900000 -11.949153 4.363636
19.900000 -11.949153 4.909091
19.900000 -11.949153 5.454545
19.900000 -11.949153 6.000000
19.900000 -11.440678 0.000000
19.900000 -11.440678 0.545455
19.900000 -11.440678 1.090909
19.900000 -11.440678 1.636364
19.900000 -11.440678 2.181818
19.900000 -11.440678 2.727273
19.900000 -11.440678 3.272727
19.900000 -11.440678 3.818182
19.900000 -11.440678 4.363636
19.900000 -11.440678 4.909091
19.900000 -11.440678 5.454545
19.900000 -11.440678 6.000000
19.900000 -10.932203 0.000000
19.900000 -10.932203 0.545455
19.900000 -10.932203 1.090909
19.900000 -10.932203 1.636364
19.900000 -10.932203 2.181818
19.900000 -10.932203 2.727273
19.900000 -10.932203 3.272727
19.900000 -10.932203 3.818182
19.900000 -10.932203 4.363636
19.900000 -10.932203 4.909091
19.900000 -10.932203 5.454545
19.900000 -10.932203 6.000000
19.900000 -10.423729 0.000000
19.900000 -10.423729 0.545455
19.900000 -10.423729 1.090909
19.900000 -10.423729 1.636364
19.900000 -10.423729 2.181818
19.900000 -10.423729 2.727273
19.900000 -10.423729 3.272727
19.900000 -10.423729 3.818182
19.900000 -10.423729 4.363636
19.900000 -10.423729 4.909091
19.900000 -10.423729 5.454545
19.900000 -10.423729 6.000000
19.900000 -9.915254 0.000000
19.900000 -9.915254 0.545455
19.900000 -9.915254 1.090909
19.900000 -9.915254 1.636364
19.900000 -9.915254 2.181818
19.900000 -9.915254 2.727273
19.900000 -9.915254 3.272727
19.900000 -9.915254 3.818182
19.900000 -9.915254 4.363636
19.900000 -9.915254 4.909091
19.900000 -9.915254 5.454545
19.900000 -9.915254 6.000000
19.900000 -9.406780 0.000000
19.900000 -9.406780 0.545455
19.900000 -9.406780 1.090909
19.900000 -9.406780 1.636364
19.900000 -9.406780 2.181818
19.900000 -9.406780 2.727273
19.900000 -9.406780 3.272727
19.900000 -9.406780 3.818182
19.900000 -9.406780 4.363636
19.900000 -9.406780 4.909091
19.900000 -9.406780 5.454545
19.900000 -9.406780 6.000000
19.900000 -8.898305 0.000000
19.900000 -8.898305 0.545455
19.900000 -8.898305 1.090909
19.900000 -8.898305 1.636364
19.900000 -8.898305 2.181818
19.900000 -8.898305 2.727273
19.900000 -8.898305 3.272727
19.900000 -8.898305 3.818182
19.900000 -8.898305 4.363636
19.900000 -8.898305 4.909091
19.900000 -8.898305 5.454545
19.900000 -8.898305 6.000000
19.900000 -8.389831 0.000000
19.900000 -8.389831 0.545455
19.900000 -8.389831 1.090909
19.900000 -8.389831 1.636364
19.900000 -8.389831 2.181818
19.900000 -8.389831 2.727273
19.900000 -8.389831 3.272727
19.900000 -8.389831 3.818182
19.900000 -8.389831 4.363636
19.900000 -8.389831 4.909091
19.900000 -8.389831 5.454545
19.900000 -8.389831 6.000000
19.900000 -7.881356 0.000000
19.900000 -7.881356 0.545455
19.900000 -7.881356 1.090909
19.900000 -7.881356 1.636364
19.900000 -7.881356 2.181818
19.900000 -7.881356 2.727273
19.900000 -7.881356 3.272727
19.900000 -7.881356 3.818182
19.900000 -7.881356 4.363636
19.900000 -7.881356 4.909091
19.900000 -7.881356 5.454545
19.900000 -7.881356 6.000000
19.900000 -7.372881 0.000000
19.900000 -7.372881 0.545455
19.900000 -7.372881 1.090909
19.900000 -7.372881 1.636364
19.900000 -7.372881 2.181818
19.900000 -7.372881 2.727273
19.900000 -7.372881 3.272727
19.900000 -7.372881 3.818182
19.900000 -7.372881 4.363636
19.900000 -7.372881 4.909091
19.900000 -7.372881 5.454545
19.900000 -7.372881 6.000000
19.900000 -6.864407 0.000000
19.900000 -6.864407 0.545455
19.900000 -6.864407 1.090909
19.900000 -6.864407 1.636364
19.900000 -6.864407 2.181818
19.900000 -6.864407 2.727273
19.900000 -6.864407 3.272727
19.900000 -6.864407 3.818182
19.900000 -6.864407 4.363636
19.900000 -6.864407 4.909091
19.900000 -6.864407 5.454545
19.900000 -6.864407 6.000000
19.900000 -6.355932 0.000000
19.900000 -6.355932 0.545455
19.900000 -6.355932 1.090909
19.900000 -6.355932 1.636364
19.900000 -6.355932 2.181818
19.900000 -6.355932 2.727273
19.900000 -6.355932 3.272727
19.900000 -6.355932 3.818182
19.900000 -6.355932 4.363636
19.900000 -6.355932 4.909091
19.900000 -6.355932 5.454545
19.900000 -6.355932 6.000000
19.900000 -5.847458 0.000000
19.900000 -5.847458 0.545455
19.900000 -5.847458 1.090909
19.900000 -5.847458 1.636364
19.900000 -5.847458 2.181818
19.900000 -5.847458 2.727273
19.900000 -5.847458 3.272727
19.900000 -5.847458 3.818182
19.900000 -5.847458 4.363636
19.900000 -5.847458 4.909091
19.900000 -5.847458 5.454545
19.900000 -5.847458 6.000000
19.900000 -5.338983 0.000000
19.900000 -5.338983 0.545455
19.900000 -5.338983 1.090909
19.900000 -5.338983 1.636364
19.900000 -5.338983 2.181818
19.900000 -5.338983 2.727273
19.900000 -5.338983 3.272727
19.900000 -5.338983 3.818182
19.900000 -5.338983 4.363636
19.900000 -5.338983 4.909091
19.900000 -5.338983 5.454545
19.900000 -5.338983 6.000000
19.900000 -4.830508 0.000000
19.900000 -4.830508 0.545455
19.900000 -4.830508 1.090909
19.900000 -4.830508 1.636364
19.900000 -4.830508 2.181818
19.900000 -4.830508 2.727273
19.900000 -4.830508 3.272727
19.900000 -4.830508 3.818182
19.900000 -4.830508 4.363636
19.900000 -4.830508 4.909091
19.900000 -4.830508 5.454545
19.900000 -4.830508 6.000000
19.900000 -4.322034 0.000000
19.900000 -4.322034 0.545455
19.900000 -4.322034 1.090909
19.900000 -4.322034 1.636364
19.900000 -4.322034 2.181818
19.900000 -4.322034 2.727273
19.900000 -4.322034 3.272727
19.900000 -4.322034 3.818182
19.900000 -4.322034 4.363636
19.900000 -4.322034 4.909091
19.900000 -4.322034 5.454545
19.900000 -4.322034 6.000000
19.900000 -3.813559 0.000000
19.900000 -3.813559 0.545455
19.900000 -3.813559 1.090909
19.900000 -3.813559 1.636364
19.900000 -3.813559 2.181818
19.900000 -3.813559 2.727273
19.900000 -3.813559 3.272727
19.900000 -3.813559 3.818182
19.900000 -3.813559 4.363636
19.900000 -3.813559 4.909091
19.900000 -3.813559 5.454545
19.900000 -3.813559 6.000000
19.900000 -3.305085 0.000000
19.900000 -3.305085 0.545455
19.900000 -3.305085 1.090909
19.900000 -3.305085 1.636364
19.900000 -3.305085 2.181818
19.900000 -3.305085 2.727273
19.900000 -3.305085 3.272727
19.900000 -3.305085 3.818182
19.900000 -3.305085 4.363636
19.900000 -3.305085 4.909091
19.900000 -3.305085 5.454545
19.900000 -3.305085 6.000000
19.900000 -2.796610 0.000000
19.900000 -2.796610 0.545455
19.900000 -2.796610 1.090909
19.900000 -2.796610 1.636364
19.900000 -2.796610 2.181818
19.900000 -2.796610 2.727273
19.900000 -2.796610 3.272727
19.900000 -2.796610 3.818182
19.900000 -2.796610 4.363636
19.900000 -2.796610 4.909091
19.900000 -2.796610 5.454545
19.900000 -2.796610 6.000000
19.900000 -2.288136 0.000000
19.900000 -2.288136 0.545455
19.900000 -2.288136 1.090909
19.900000 -2.288136 1.636364
19.900000 -2.288136 2.181818
19.900000 -2.288136 2.727273
19.900000 -2.288136 3.272727
19.900000 -2.288136 3.818182
19.900000 -2.288136 4.363636
19.900000 -2.288136 4.909091
19.900000 -2.288136 5.454545
19.900000 -2.288136 6.000000
19.900000 -1.779661 0.000000
19.900000 -1.779661 0.545455
19.900000 -1.779661 1.090909
19.900000 -1.779661 1.636364
19.900000 -1.779661 2.181818
19.900000 -1.779661 2.727273
19.900000 -1.779661 3.272727
19.900000 -1.779661 3.818182
19.900000 -1.779661 4.363636
19.900000 -1.779661 4.909091
19.900000 -1.779661 5.454545
19.900000 -1.779661 6.000000
19.900000 -1.271186 0.000000
19.900000 -1.271186 0.545455
19.900000 -1.271186 1.090909
19.900000 -1.271186 1.636364
19.900000 -1.271186 2.181818
19.900000 -1.271186 2.727273
19.900000 -1.271186 3.272727
19.900000 -1.271186 3.818182
19.900000 -1.271186 4.363636
19.900000 -1.271186 4.909091
19.900000 -1.271186 5.454545
19.900000 -1.271186 6.000000
19.900000 -0.762712 0.000000
19.900000 -0.762712 0.545455
19.900000 -0.762712 1.090909
19.900000 -0.762712 1.636364
19.900000 -0.762712 2.181818
19.900000 -0.762712 2.727273
19.900000 -0.762712 3.272727
19.900000 -0.762712 3.818182
19.900000 -0.762712 4.363636
19.900000 -0.762712 4.909091
19.900000 -0.762712 5.454545
19.900000 -0.762712 6.000000
19.900000 -0.254237 0.000000
19.900000 -0.254237 0.545455
19.900000 -0.254237 1.090909
19.900000 -0.254237 1.636364
19.900000 -0.254237 2.181818
19.900000 -0.254237 2.727273
19.900000 -0.254237 3.272727
19.900000 -0.254237 3.818182
19.900000 -0.254237 4.363636
19.900000 -0.254237 4.909091
19.900000 -0.254237 5.454545
19.900000 -0.254237 6.000000
19.900000 0.254237 0.000000
19.900000 0.254237 0.545455
19.900000 0.254237 1.090909
19.900000 0.254237 1.636364
19.900000 0.254237 2.181818
19.900000 0.254237 2.727273
19.900000 0.254237 3.272727
19.900000 0.254237 3.818182
19.900000 0.254237 4.363636
19.900000 0.254237 4.909091
19.900000 0.254237 5.454545
19.900000 0.254237 6.000000
19.900000 0.762712 0.000000
19.900000 0.762712 0.545455
19.900000 0.762712 1.090909
19.900000 0.762712 1.636364
19.900000 0.762712 2.181818
19.900000 0.762712 2.727273
19.900000 0.762712 3.272727
19.900000 0.762712 3.818182
19.900000 0.762712 4.363636
19.900000 0.762712 4.909091
19.900000 0.762712 5.454545
19.900000 0.762712 6.000000
19.900000 1.271186 0.000000
19.900000 1.271186 0.545455
19.900000 1.271186 1.090909
19.900000 1.271186 1.636364
19.900000 1.271186 2.181818
19.900000 1.271186 2.727273
19.900000 1.271186 3.272727
19.900000 1.271186 3.818182
19.900000 1.271186 4.363636
19.900000 1.271186 4.909091
19.900000 1.271186 5.454545
19.900000 1.271186 6.000000
19.900000 1.779661 0.000000
19.900000 1.779661 0.545455
19.900000 1.779661 1.090909
19.900000 1.779661 1.636364
19.900000 1.779661 2.181818
19.900000 1.779661 2.727273
19.900000 1.779661 3.272727
19.900000 1.779661 3.818182
19.900000 1.779661 4.363636
19.900000 1.779661 4.909091
19.900000 1.779661 5.454545
19.900000 1.779661 6.000000
19.900000 2.288136 0.000000
19.900000 2.288136 0.545455
19.900000 2.288136 1.090909
19.900000 2.288136 1.636364
19.900000 2.288136 2.181818
19.900000 2.288136 2.727273
19.900000 2.288136 3.272727
19.900000 2.288136 3.818182
19.900000 2.288136 4.363636
19.900000 2.288136 4.909091
19.900000 2.288136 5.454545
19.900000 2.288136 6.000000
19.900000 2.796610 0.000000
19.900000 2.796610 0.545455
19.900000 2.796610 1.090909
19.900000 2.796610 1.636364
19.900000 2.796610 2.181818
19.900000 2.796610 2.727273
19.900000 2.796610 3.272727
19.900000 2.796610 3.818182
19.900000 2.796610 4.363636
19.900000 2.796610 4.909091
19.900000 2.796610 5.454545
19.900000 2.796610 6.000000
19.900000 3.305085 0.000000
19.900000 3.305085 0.545455
19.900000 3.305085 1.090909
19.900000 3.305085 1.636364
19.900000 3.305085 2.181818
19.900000 3.305085 2.727273
19.900000 3.305085 3.272727
19.900000 3.305085 3.818182
19.900000 3.305085 4.363636
19.900000 3.305085 4.909091
19.900000 3.305085 5.454545
19.900000 3.305085 6.000000
19.900000 3.813559 0.000000
19.900000 3.813559 0.545455
19.900000 3.813559 1.090909
19.900000 3.813559 1.636364
19.900000 3.813559 2.181818
19.900000 3.813559 2.727273
19.900000 3.813559 3.272727
19.900000 3.813559 3.818182
19.900000 3.813559 4.363636
19.900000 3.813559 4.909091
19.900000 3.813559 5.454545
19.900000 3.813559 6.000000
19.900000 4.322034 0.000000
19.900000 4.322034 0.545455
19.900000 4.322034 1.090909
19.900000 4.322034 1.636364
19.900000 4.322034 2.181818
19.900000 4.322034 2.727273
19.900000 4.322034 3.272727
19.900000 4.322034 3.818182
19.900000 4.322034 4.363636
19.900000 4.322034 4.909091
19.900000 4.322034 5.454545
19.900000 4.322034 6.000000
19.900000 4.830508 0.000000
19.900000 4.830508 0.545455
19.900000 4.830508 1.090909
19.900000 4.830508 1.636364
19.900000 4.830508 2.181818
19.900000 4.830508 2.727273
19.900000 4.830508 3.272727
19.900000 4.830508 3.818182
19.900000 4.830508 4.363636
19.900000 4.830508 4.909091
19.900000 4.830508 5.454545
19.900000 4.830508 6.000000
19.900000 5.338983 0.000000
19.900000 5.338983 0.545455
19.900000 5.338983 1.090909
19.900000 5.338983 1.636364
19.900000 5.338983 2.181818
19.900000 5.338983 2.727273
19.900000 5.338983 3.272727
19.900000 5.338983 3.818182
19.900000 5.338983 4.363636
19.900000 5.338983 4.909091
19.900000 5.338983 5.454545
19.900000 5.338983 6.000000
19.900000 5.847458 0.000000
19.900000 5.847458 0.545455
19.900000 5.847458 1.090909
19.900000 5.847458 1.636364
19.900000 5.847458 2.181818
19.900000 5.847458 2.727273
19.900000 5.847458 3.272727
19.900000 5.847458 3.818182
19.900000 5.847458 4.363636
19.900000 5.847458 4.909091
19.900000 5.847458 5.454545
19.900000 5.847458 6.000000
19.900000 6.355932 0.000000
19.900000 6.355932 0.545455
19.900000 6.355932 1.090909
19.900000 6.355932 1.636364
19.900000 6.355932 2.181818
19.900000 6.355932 2.727273
19.900000 6.355932 3.272727
19.900000 6.355932 3.818182
19.900000 6.355932 4.363636
19.900000 6.355932 4.909091
19.900000 6.355932 5.454545
19.900000 6.355932 6.000000
19.900000 6.864407 0.000000
19.900000 6.864407 0.545455
19.900000 6.864407 1.090909
19.900000 6.864407 1.636364
19.900000 6.864407 2.181818
19.900000 6.864407 2.727273
19.900000 6.864407 3.272727
19.900000 6.864407 3.818182
19.900000 6.864407 4.363636
19.900000 6.864407 4.909091
19.900000 6.864407 5.454545
19.900000 6.864407 6.000000
19.900000 7.372881 0.000000
19.900000 7.372881 0.545455
19.900000 7.372881 1.090909
19.900000 7.372881 1.636364
19.900000 7.372881 2.181818
19.900000 7.372881 2.727273
19.900000 7.372881 3.272727
19.900000 7.372881 3.818182
19.900000 7.372881 4.363636
19.900000 7.372881 4.909091
19.900000 7.372881 5.454545
19.900000 7.372881 6.000000
19.900000 7.881356 0.000000
19.900000 7.881356 0.545455
19.900000 7.881356 1.090909
19.900000 7.881356 1.636364
19.900000 7.881356 2.181818
19.900000 7.881356 2.727273
19.900000 7.881356 3.272727
19.900000 7.881356 3.818182
19.900000 7.881356 4.363636
19.900000 7.881356 4.909091
19.900000 7.881356 5.454545
19.900000 7.881356 6.000000
19.900000 8.389831 0.000000
19.900000 8.389831 0.545455
19.900000 8.389831 1.090909
19.900000 8.389831 1.636364
19.900000 8.389831 2.181818
19.900000 8.389831 2.727273
19.900000 8.389831 3.272727
19.900000 8.389831 3.818182
19.900000 8.389831 4.363636
19.900000 8.389831 4.909091
19.900000 8.389831 5.454545
19.900000 8.389831 6.000000
19.900000 8.898305 0.000000
19.900000 8.898305 0.545455
19.900000 8.898305 1.090909
19.900000 8.898305 1.636364
19.900000 8.898305 2.181818
19.900000 8.898305 2.727273
19.900000 8.898305 3.272727
19.900000 8.898305 3.818182
19.900000 8.898305 4.363636
19.900000 8.898305 4.909091
19.900000 8.898305 5.454545
19.900000 8.898305 6.000000
19.900000 9.406780 0.000000
19.900000 9.406780 0.545455
19.900000 9.406780 1.090909
19.900000 9.406780 1.636364
19.900000 9.406780 2.181818
19.900000 9.406780 2.727273
19.900000 9.406780 3.272727
19.900000 9.406780 3.818182
19.900000 9.406780 4.363636
19.900000 9.406780 4.909091
19.900000 9.406780 5.454545
19.900000 9.406780 6.000000
19.900000 9.915254 0.000000
19.900000 9.915254 0.545455
19.900000 9.915254 1.090909
19.900000 9.915254 1.636364
19.900000 9.915254 2.181818
19.900000 9.915254 2.727273
19.900000 9.915254 3.272727
19.900000 9.915254 3.818182
19.900000 9.915254 4.363636
19.900000 9.915254 4.909091
19.900000 9.915254 5.454545
19.900000 9.915254 6.000000
19.900000 10.423729 0.000000
19.900000 10.423729 0.545455
19.900000 10.423729 1.090909
19.900000 10.423729 1.636364
19.900000 10.423729 2.181818
19.900000 10.423729 2.727273
19.900000 10.423729 3.272727
19.900000 10.423729 3.818182
19.900000 10.423729 4.363636
19.900000 10.423729 4.909091
19.900000 10.423729 5.454545
19.900000 10.423729 6.000000
19.900000 10.932203 0.000000
19.900000 10.932203 0.545455
19.900000 10.932203 1.090909
19.900000 10.932203 1.636364
19.900000 10.932203 2.181818
19.900000 10.932203 2.727273
19.900000 10.932203 3.272727
19.900000 10.932203 3.818182
19.900000 10.932203 4.363636
19.900000 10.932203 4.909091
19.900000 10.932203 5.454545
19.900000 10.932203 6.000000
19.900000 11.440678 0.000000
19.900000 11.440678 0.545455
19.900000 11.440678 1.090909
19.900000 11.440678 1.636364
19.900000 11.440678 2.181818
19.900000 11.440678 2.727273
19.900000 11.440678 3.272727
19.900000 11.440678 3.818182
19.900000 11.440678 4.363636
19.900000 11.440678 4.909091
19.900000 11.440678 5.454545
19.900000 11.440678 6.000000
19.900000 11.949153 0.000000
19.900000 11.949153 0.545455
19.900000 11.949153 1.090909
19.900000 11.949153 1.636364
19.900000 11.949153 2.181818
19.900000 11.949153 2.727273
19.900000 11.949153 3.272727
19.900000 11.949153 3.818182
19.900000 11.949153 4.363636
19.900000 11.949153 4.909091
19.900000 11.949153 5.454545
19.900000 11.949153 6.000000
19.900000 12.457627 0.000000
19.900000 12.457627 0.545455
19.900000 12.457627 1.090909
19.900000 12.457627 1.636364
19.900000 12.457627 2.181818
19.900000 12.457627 2.727273
19.900000 12.457627 3.272727
19.900000 12.457627 3.818182
19.900000 12.457627 4.363636
19.900000 12.457627 4.909091
19.900000 12.457627 5.454545
19.900000 12.457627 6.000000
19.900000 12.966102 0.000000
19.900000 12.966102 0.545455
19.900000 12.966102 1.090909
19.900000 12.966102 1.636364
19.900000 12.966102 2.181818
19.900000 12.966102 2.727273
19.900000 12.966102 3.272727
19.900000 12.966102 3.818182
19.900000 12.966102 4.363636
19.900000 12.966102 4.909091
19.900000 12.966102 5.454545
19.900000 12.966102 6.000000
19.900000 13.474576 0.000000
19.900000 13.474576 0.545455
19.900000 13.474576 1.090909
19.900000 13.474576 1.636364
19.900000 13.474576 2.181818
19.900000 13.474576 2.727273
19.900000 13.474576 3.272727
19.900000 13.474576 3.818182
19.900000 13.474576 4.363636
19.900000 13.474576 4.909091
19.900000 13.474576 5.454545
19.900000 13.474576 6.000000
19.900000 13.983051 0.000000
19.900000 13.983051 0.545455
19.900000 13.983051 1.090909
19.900000 13.983051 1.636364
19.900000 13.983051 2.181818
19.900000 13.983051 2.727273
19.900000 13.983051 3.272727
19.900000 13.983051 3.818182
19.900000 13.983051 4.363636
19.900000 13.983051 4.909091
19.900000 13.983051 5.454545
19.900000 13.983051 6.000000
19.900000 14.491525 0.000000
19.900000 14.491525 0.545455
19.900000 14.491525 1.090909
19.900000 14.491525 1.636364
19.900000 14.491525 2.181818
19.900000 14.491525 2.727273
19.900000 14.491525 3.272727
19.900000 14.491525 3.818182
19.900000 14.491525 4.363636
19.900000 14.491525 4.909091
19.900000 14.491525 5.454545
19.900000 14.491525 6.000000
19.900000 15.000000 0.000000
19.900000 15.000000 0.545455
19.900000 15.000000 1.090909
19.900000 15.000000 1.636364
19.900000 15.000000 2.181818
19.900000 15.000000 2.727273
19.900000 15.000000 3.272727
19.900000 15.000000 3.818182
19.900000 15.000000 4.363636
19.900000 15.000000 4.909091
19.900000 15.000000 5.454545
19.900000 15.000000 6.000000
19.900000 15.000000 0.000000
19.900000 15.000000 0.545455
19.900000 15.000000 1.090909
19.900000 15.000000 1.636364
19.900000 15.000000 2.181818
19.900000 15.000000 2.727273
19.900000 15.000000 3.272727
19.900000 15.000000 3.818182
19.900000 15.000000 4.363636
19.900000 15.000000 4.909091
19.900000 15.000000 5.454545
19.900000 15.000000 6.000000
20.100000 15.000000 0.000000
20.100000 15.000000 0.545455
20.100000 15.000000 1.090909
20.100000 15.000000 1.636364
20.100000 15.000000 2.181818
20.100000 15.000000 2.727273
20.100000 15.000000 3.272727
20.100000 15.000000 3.818182
20.100000 15.000000 4.363636
20.100000 15.000000 4.909091
20.100000 15.000000 5.454545
20.100000 15.000000 6.000000
19.900000 -15.000000 0.000000
19.900000 -15.000000 0.545455
19.900000 -15.000000 1.090909
19.900000 -15.000000 1.636364
19.900000 -15.000000 2.181818
19.900000 -15.000000 2.727273
19.900000 -15.000000 3.272727
19.900000 -15.000000 3.818182
19.900000 -15.000000 4.363636
19.900000 -15.000000 4.909091
19.900000 -15.000000 5.454545
19.900000 -15.000000 6.000000
20.100000 -15.000000 0.000000
20.100000 -15.000000 0.545455
20.100000 -15.000000 1.090909
20.100000 -15.000000 1.636364
20.100000 -15.000000 2.181818
20.100000 -15.000000 2.727273
20.100000 -15.000000 3.272727
20.100000 -15.000000 3.818182
20.100000 -15.000000 4.363636
20.100000 -15.000000 4.909091
20.100000 -15.000000 5.454545
20.100000 -15.000000 6.000000
19.900000 -15.000000 6.000000
19.900000 -14.491525 6.000000
19.900000 -13.983051 6.000000
19.900000 -13.474576 6.000000
19.900000 -12.966102 6.000000
19.900000 -12.457627 6.000000
19.900000 -11.949153 6.000000
19.900000 -11.440678 6.000000
19.900000 -10.932203 6.000000
19.900000 -10.423729 6.000000
19.900000 -9.915254 6.000000
19.900000 -9.406780 6.000000
19.900000 -8.898305 6.000000
19.900000 -8.389831 6.000000
19.900000 -7.881356 6.000000
19.900000 -7.372881 6.000000
19.900000 -6.864407 6.000000
19.900000 -6.355932 6.000000
19.900000 -5.847458 6.000000
19.900000 -5.338983 6.000000
19.900000 -4.830508 6.000000
19.900000 -4.322034 6.000000
19.900000 -3.813559 6.000000
19.900000 -3.305085 6.000000
19.900000 -2.796610 6.000000
19.900000 -2.288136 6.000000
19.900000 -1.779661 6.000000
19.900000 -1.271186 6.000000
19.900000 -0.762712 6.000000
19.900000 -0.254237 6.000000
19.900000 0.254237 6.000000
19.900000 0.762712 6.000000
19.900000 1.271186 6.000000
19.900000 1.779661 6.000000
19.900000 2.288136 6.000000
19.900000 2.796610 6.000000
19.900000 3.305085 6.000000
19.900000 3.813559 6.000000
19.900000 4.322034 6.000000
19.900000 4.830508 6.000000
19.900000 5.338983 6.000000
19.900000 5.847458 6.000000
19.900000 6.355932 6.000000
19.900000 6.864407 6.000000
19.900000 7.372881 6.000000
19.900000 7.881356 6.000000
19.900000 8.389831 6.000000
19.900000 8.898305 6.000000
19.900000 9.406780 6.000000
19.900000 9.915254 6.000000
19.900000 10.423729 6.000000
19.900000 10.932203 6.000000
19.900000 11.440678 6.000000
19.900000 11.949153 6.000000
19.900000 12.457627 6.000000
19.900000 12.966102 6.000000
19.900000 13.474576 6.000000
19.900000 13.983051 6.000000
19.900000 14.491525 6.000000
19.900000 15.000000 6.000000
20.100000 -15.000000 6.000000
20.100000 -14.491525 6.000000
20.100000 -13.983051 6.000000
20.100000 -13.474576 6.000000
20.100000 -12.966102 6.000000
20.100000 -12.457627 6.000000
20.100000 -11.949153 6.000000
20.100000 -11.440678 6.000000
20.100000 -10.932203 6.000000
20.100000 -10.423729 6.000000
20.100000 -9.915254 6.000000
20.100000 -9.406780 6.000000
20.100000 -8.898305 6.000000
20.100000 -8.389831 6.000000
20.100000 -7.881356 6.000000
20.100000 -7.372881 6.000000
20.100000 -6.864407 6.000000
20.100000 -6.355932 6.000000
20.100000 -5.847458 6.000000
20.100000 -5.338983 6.000000
20.100000 -4.830508 6.000000
20.100000 -4.322034 6.000000
20.100000 -3.813559 6.000000
20.100000 -3.305085 6.000000
20.100000 -2.796610 6.000000
20.100000 -2.288136 6.000000
20.100000 -1.779661 6.000000
20.100000 -1.271186 6.000000
20.100000 -0.762712 6.000000
20.100000 -0.254237 6.000000
20.100000 0.254237 6.000000
20.100000 0.762712 6.000000
20.100000 1.271186 6.000000
20.100000 1.779661 6.000000
20.100000 2.288136 6.000000
20.100000 2.796610 6.000000
20.100000 3.305085 6.000000
20.100000 3.813559 6.000000
20.100000 4.322034 6.000000
20.100000 4.830508 6.000000
20.100000 5.338983 6.000000
20.100000 5.847458 6.000000
20.100000 6.355932 6.000000
20.100000 6.864407 6.000000
20.100000 7.372881 6.000000
20.100000 7.881356 6.000000
20.100000 8.389831 6.000000
20.100000 8.898305 6.000000
20.100000 9.406780 6.000000
20.100000 9.915254 6.000000
20.100000 10.423729 6.000000
20.100000 10.932203 6.000000
20.100000 11.440678 6.000000
20.100000 11.949153 6.000000
20.100000 12.457627 6.000000
20.100000 12.966102 6.000000
20.100000 13.474576 6.000000
20.100000 13.983051 6.000000
20.100000 14.491525 6.000000
20.100000 15.000000 6.000000
19.900000 -15.000000 0.000000
19.900000 -14.491525 0.000000
19.900000 -13.983051 0.000000
19.900000 -13.474576 0.000000
19.900000 -12.966102 0.000000
19.900000 -12.457627 0.000000
19.900000 -11.949153 0.000000
19.900000 -11.440678 0.000000
19.900000 -10.932203 0.000000
19.900000 -10.423729 0.000000
19.900000 -9.915254 0.000000
19.900000 -9.406780 0.000000
19.900000 -8.898305 0.000000
19.900000 -8.389831 0.000000
19.900000 -7.881356 0.000000
19.900000 -7.372881 0.000000
19.900000 -6.864407 0.000000
19.900000 -6.355932 0.000000
19.900000 -5.847458 0.000000
19.900000 -5.338983 0.000000
19.900000 -4.830508 0.000000
19.900000 -4.322034 0.000000
19.900000 -3.813559 0.000000
19.900000 -3.305085 0.000000
19.900000 -2.796610 0.000000
19.900000 -2.288136 0.000000
19.900000 -1.779661 0.000000
19.900000 -1.271186 0.000000
19.900000 -0.762712 0.000000
19.900000 -0.254237 0.000000
19.900000 0.254237 0.000000
19.900000 0.762712 0.000000
19.900000 1.271186 0.000000
19.900000 1.779661 0.000000
19.900000 2.288136 0.000000
19.900000 2.796610 0.000000
19.900000 3.305085 0.000000
19.900000 3.813559 0.000000
19.900000 4.322034 0.000000
19.900000 4.830508 0.000000
19.900000 5.338983 0.000000
19.900000 5.847458 0.000000
19.900000 6.355932 0.000000
19.900000 6.864407 0.000000
19.900000 7.372881 0.000000
19.900000 7.881356 0.000000
19.900000 8.389831 0.000000
19.900000 8.898305 0.000000
19.900000 9.406780 0.000000
19.900000 9.915254 0.000000
19.900000 10.423729 0.000000
19.900000 10.932203 0.000000
19.900000 11.440678 0.000000
19.900000 11.949153 0.000000
19.900000 12.457627 0.000000
19.900000 12.966102 0.000000
19.900000 13.474576 0.000000
19.900000 13.983051 0.000000
19.900000 14.491525 0.000000
19.900000 15.000000 0.000000
20.100000 -15.000000 0.000000
20.100000 -14.491525 0.000000
20.100000 -13.983051 0.000000
20.100000 -13.474576 0.000000
20.100000 -12.966102 0.000000
20.100000 -12.457627 0.000000
20.100000 -11.949153 0.000000
20.100000 -11.440678 0.000000
20.100000 -10.932203 0.000000
20.100000 -10.423729 0.000000
20.100000 -9.915254 0.000000
20.100000 -9.406780 0.000000
20.100000 -8.898305 0.000000
20.100000 -8.389831 0.000000
20.100000 -7.881356 0.000000
20.100000 -7.372881 0.000000
20.100000 -6.864407 0.000000
20.100000 -6.355932 0.000000
20.100000 -5.847458 0.000000
20.100000 -5.338983 0.000000
20.100000 -4.830508 0.000000
20.100000 -4.322034 0.000000
20.100000 -3.813559 0.000000
20.100000 -3.305085 0.000000
20.100000 -2.796610 0.000000
20.100000 -2.288136 0.000000
20.100000 -1.779661 0.000000
20.100000 -1.271186 0.000000
20.100000 -0.762712 0.000000
20.100000 -0.254237 0.000000
20.100000 0.254237 0.000000
20.100000 0.762712 0.000000
20.100000 1.271186 0.000000
20.100000 1.779661 0.000000
20.100000 2.288136 0.000000
20.100000 2.796610 0.000000
20.100000 3.305085 0.000000
20.100000 3.813559 0.000000
20.100000 4.322034 0.000000
20.100000 4.830508 0.000000
20.100000 5.338983 0.000000
20.100000 5.847458 0.000000
20.100000 6.355932 0.000000
20.100000 6.864407 0.000000
20.100000 7.372881 0.000000
20.100000 7.881356 0.000000
20.100000 8.389831 0.000000
20.100000 8.898305 0.000000
20.100000 9.406780 0.000000
20.100000 9.915254 0.000000
20.100000 10.423729 0.000000
20.100000 10.932203 0.000000
20.100000 11.440678 0.000000
20.100000 11.949153 0.000000
20.100000 12.457627 0.000000
20.100000 12.966102 0.000000
20.100000 13.474576 0.000000
20.100000 13.983051 0.000000
20.100000 14.491525 0.000000
20.100000 15.000000 0.000000
-19.900000 -15.000000 0.000000
-19.900000 -15.000000 0.545455
-19.900000 -15.000000 1.090909
-19.900000 -15.000000 1.636364
-19.900000 -15.000000 2.181818
-19.900000 -15.000000 2.727273
-19.900000 -15.000000 3.272727
-19.900000 -15.000000 3.818182
-19.900000 -15.000000 4.363636
-19.900000 -15.000000 4.909091
-19.900000 -15.000000 5.454545
-19.900000 -15.000000 6.000000
-19.900000 -14.491525 0.000000
-19.900000 -14.491525 0.545455
-19.900000 -14.491525 1.090909
-19.900000 -14.491525 1.636364
-19.900000 -14.491525 2.181818
-19.900000 -14.491525 2.727273
-19.900000 -14.491525 3.272727
-19.900000 -14.491525 3.818182
-19.900000 -14.491525 4.363636
-19.900000 -14.491525 4.909091
-19.900000 -14.491525 5.454545
-19.900000 -14.491525 6.000000
-19.900000 -13.983051 0.000000
-19.900000 -13.983051 0.545455
-19.900000 -13.983051 1.090909
-19.900000 -13.983051 1.636364
-19.900000 -13.983051 2.181818
-19.900000 -13.983051 2.727273
-19.900000 -13.983051 3.272727
-19.900000 -13.983051 3.818182
-19.900000 -13.983051 4.363636
-19.900000 -13.983051 4.909091
-19.900000 -13.983051 5.454545
-19.900000 -13.983051 6.000000
-19.900000 -13.474576 0.000000
-19.900000 -13.474576 0.545455
-19.900000 -13.474576 1.090909
-19.900000 -13.474576 1.636364
-19.900000 -13.474576 2.181818
-19.900000 -13.474576 2.727273
-19.900000 -13.474576 3.272727
-19.900000 -13.474576 3.818182
-19.900000 -13.474576 4.363636
-19.900000 -13.474576 4.909091
-19.900000 -13.474576 5.454545
-19.900000 -13.474576 6.000000
-19.900000 -12.966102 0.000000
-19.900000 -12.966102 0.545455
-19.900000 -12.966102 1.090909
-19.900000 -12.966102 1.636364
-19.900000 -12.966102 2.181818
-19.900000 -12.966102 2.727273
-19.900000 -12.966102 3.272727
-19.900000 -12.966102 3.818182
-19.900000 -12.966102 4.363636
-19.900000 -12.966102 4.909091
-19.900000 -12.966102 5.454545
-19.900000 -12.966102 6.000000
-19.900000 -12.457627 0.000000
-19.900000 -12.457627 0.545455
-19.900000 -12.457627 1.090909
-19.900000 -12.457627 1.636364
-19.900000 -12.457627 2.181818
-19.900000 -12.457627 2.727273
-19.900000 -12.457627 3.272727
-19.900000 -12.457627 3.818182
-19.900000 -12.457627 4.363636
-19.900000 -12.457627 4.909091
-19.900000 -12.457627 5.454545
-19.900000 -12.457627 6.000000
-19.900000 -11.949153 0.000000
-19.900000 -11.949153 0.545455
-19.900000 -11.949153 1.090909
-19.900000 -11.949153 1.636364
-19.900000 -11.949153 2.181818
-19.900000 -11.949153 2.727273
-19.900000 -11.949153 3.272727
-19.900000 -11.949153 3.818182
-19.900000 -11.949153 4.363636
-19.900000 -11.949153 4.909091
-19.900000 -11.949153 5.454545
-19.900000 -11.949153 6.000000
-19.900000 -11.440678 0.000000
-19.900000 -11.440678 0.545455
-19.900000 -11.440678 1.090909
-19.900000 -11.440678 1.636364
-19.900000 -11.440678 2.181818
-19.900000 -11.440678 2.727273
-19.900000 -11.440678 3.272727
-19.900000 -11.440678 3.818182
-19.900000 -11.440678 4.363636
-19.900000 -11.440678 4.909091
-19.900000 -11.440678 5.454545
-19.900000 -11.440678 6.000000
-19.900000 -10.932203 0.000000
-19.900000 -10.932203 0.545455
-19.900000 -10.932203 1.090909
-19.900000 -10.932203 1.636364
-19.900000 -10.932203 2.181818
-19.900000 -10.932203 2.727273
-19.900000 -10.932203 3.272727
-19.900000 -10.932203 3.818182
-19.900000 -10.932203 4.363636
-19.900000 -10.932203 4.909091
-19.900000 -10.932203 5.454545
-19.900000 -10.932203 6.000000
-19.900000 -10.423729 0.000000
-19.900000 -10.423729 0.545455
-19.900000 -10.423729 1.090909
-19.900000 -10.423729 1.636364
-19.900000 -10.423729 2.181818
-19.900000 -10.423729 2.727273
-19.900000 -10.423729 3.272727
-19.900000 -10.423729 3.818182
-19.900000 -10.423729 4.363636
-19.900000 -10.423729 4.909091
-19.900000 -10.423729 5.454545
-19.900000 -10.423729 6.000000
-19.900000 -9.915254 0.000000
-19.900000 -9.915254 0.545455
-19.900000 -9.915254 1.090909
-19.900000 -9.915254 1.636364
-19.900000 -9.915254 2.181818
-19.900000 -9.915254 2.727273
-19.900000 -9.915254 3.272727
-19.900000 -9.915254 3.818182
-19.900000 -9.915254 4.363636
-19.900000 -9.915254 4.909091
-19.900000 -9.915254 5.454545
-19.900000 -9.915254 6.000000
-19.900000 -9.406780 0.000000
-19.900000 -9.406780 0.545455
-19.900000 -9.406780 1.090909
-19.900000 -9.406780 1.636364
-19.900000 -9.406780 2.181818
-19.900000 -9.406780 2.727273
-19.900000 -9.406780 3.272727
-19.900000 -9.406780 3.818182
-19.900000 -9.406780 4.363636
-19.900000 -9.406780 4.909091
-19.900000 -9.406780 5.454545
-19.900000 -9.406780 6.000000
-19.900000 -8.898305 0.000000
-19.900000 -8.898305 0.545455
-19.900000 -8.898305 1.090909
-19.900000 -8.898305 1.636364
-19.900000 -8.898305 2.181818
-19.900000 -8.898305 2.727273
-19.900000 -8.898305 3.272727
-19.900000 -8.898305 3.818182
-19.900000 -8.898305 4.363636
-19.900000 -8.898305 4.909091
-19.900000 -8.898305 5.454545
-19.900000 -8.898305 6.000000
-19.900000 -8.389831 0.000000
-19.900000 -8.389831 0.545455
-19.900000 -8.389831 1.090909
-19.900000 -8.389831 1.636364
-19.900000 -8.389831 2.181818
-19.900000 -8.389831 2.727273
-19.900000 -8.389831 3.272727
-19.900000 -8.389831 3.818182
-19.900000 -8.389831 4.363636
-19.900000 -8.389831 4.909091
-19.900000 -8.389831 5.454545
-19.900000 -8.389831 6.000000
-19.900000 -7.881356 0.000000
-19.900000 -7.881356 0.545455
-19.900000 -7.881356 1.090909
-19.900000 -7.881356 1.636364
-19.900000 -7.881356 2.181818
-19.900000 -7.881356 2.727273
-19.900000 -7.881356 3.272727
-19.900000 -7.881356 3.818182
-19.900000 -7.881356 4.363636
-19.900000 -7.881356 4.909091
-19.900000 -7.881356 5.454545
-19.900000 -7.881356 6.000000
-19.900000 -7.372881 0.000000
-19.900000 -7.372881 0.545455
-19.900000 -7.372881 1.090909
-19.900000 -7.372881 1.636364
-19.900000 -7.372881 2.181818
-19.900000 -7.372881 2.727273
-19.900000 -7.372881 3.272727
-19.900000 -7.372881 3.818182
-19.900000 -7.372881 4.363636
-19.900000 -7.372881 4.909091
-19.900000 -7.372881 5.454545
-19.900000 -7.372881 6.000000
-19.900000 -6.864407 0.000000
-19.900000 -6.864407 0.545455
-19.900000 -6.864407 1.090909
-19.900000 -6.864407 1.636364
-19.900000 -6.864407 2.181818
-19.900000 -6.864407 2.727273
-19.900000 -6.864407 3.272727
-19.900000 -6.864407 3.818182
-19.900000 -6.864407 4.363636
-19.900000 -6.864407 4.909091
-19.900000 -6.864407 5.454545
-19.900000 -6.864407 6.000000
-19.900000 -6.355932 0.000000
-19.900000 -6.355932 0.545455
-19.900000 -6.355932 1.090909
-19.900000 -6.355932 1.636364
-19.900000 -6.355932 2.181818
-19.900000 -6.355932 2.727273
-19.900000 -6.355932 3.272727
-19.900000 -6.355932 3.818182
-19.900000 -6.355932 4.363636
-19.900000 -6.355932 4.909091
-19.900000 -6.355932 5.454545
-19.900000 -6.355932 6.000000
-19.900000 -5.847458 0.000000
-19.900000 -5.847458 0.545455
-19.900000 -5.847458 1.090909
-19.900000 -5.847458 1.636364
-19.900000 -5.847458 2.181818
-19.900000 -5.847458 2.727273
-19.900000 -5.847458 3.272727
-19.900000 -5.847458 3.818182
-19.900000 -5.847458 4.363636
-19.900000 -5.847458 4.909091
-19.900000 -5.847458 5.454545
-19.900000 -5.847458 6.000000
-19.900000 -5.338983 0.000000
-19.900000 -5.338983 0.545455
-19.900000 -5.338983 1.090909
-19.900000 -5.338983 1.636364
-19.900000 -5.338983 2.181818
-19.900000 -5.338983 2.727273
-19.900000 -5.338983 3.272727
-19.900000 -5.338983 3.818182
-19.900000 -5.338983 4.363636
-19.900000 -5.338983 4.909091
-19.900000 -5.338983 5.454545
-19.900000 -5.338983 6.000000
-19.900000 -4.830508 0.000000
-19.900000 -4.830508 0.545455
-19.900000 -4.830508 1.090909
-19.900000 -4.830508 1.636364
-19.900000 -4.830508 2.181818
-19.900000 -4.830508 2.727273
-19.900000 -4.830508 3.272727
-19.900000 -4.830508 3.818182
-19.900000 -4.830508 4.363636
-19.900000 -4.830508 4.909091
-19.900000 -4.830508 5.454545
-19.900000 -4.830508 6.000000
-19.900000 -4.322034 0.000000
-19.900000 -4.322034 0.545455
-19.900000 -4.322034 1.090909
-19.900000 -4.322034 1.636364
-19.900000 -4.322034 2.181818
-19.900000 -4.322034 2.727273
-19.900000 -4.322034 3.272727
-19.900000 -4.322034 3.818182
-19.900000 -4.322034 4.363636
-19.900000 -4.322034 4.909091
-19.900000 -4.322034 5.454545
-19.900000 -4.322034 6.000000
-19.900000 -3.813559 0.000000
-19.900000 -3.813559 0.545455
-19.900000 -3.813559 1.090909
-19.900000 -3.813559 1.636364
-19.900000 -3.813559 2.181818
-19.900000 -3.813559 2.727273
-19.900000 -3.813559 3.272727
-19.900000 -3.813559 3.818182
-19.900000 -3.813559 4.363636
-19.900000 -3.813559 4.909091
-19.900000 -3.813559 5.454545
-19.900000 -3.813559 6.000000
-19.900000 -3.305085 0.000000
-19.900000 -3.305085 0.545455
-19.900000 -3.305085 1.090909
-19.900000 -3.305085 1.636364
-19.900000 -3.305085 2.181818
-19.900000 -3.305085 2.727273
-19.900000 -3.305085 3.272727
-19.900000 -3.305085 3.818182
-19.900000 -3.305085 4.363636
-19.900000 -3.305085 4.909091
-19.900000 -3.305085 5.454545
-19.900000 -3.305085 6.000000
-19.900000 -2.796610 0.000000
-19.900000 -2.796610 0.545455
-19.900000 -2.796610 1.090909
-19.900000 -2.796610 1.636364
-19.900000 -2.796610 2.181818
-19.900000 -2.796610 2.727273
-19.900000 -2.796610 3.272727
-19.900000 -2.796610 3.818182
-19.900000 -2.796610 4.363636
-19.900000 -2.796610 4.909091
-19.900000 -2.796610 5.454545
-19.900000 -2.796610 6.000000
-19.900000 -2.288136 0.000000
-19.900000 -2.288136 0.545455
-19.900000 -2.288136 1.090909
-19.900000 -2.288136 1.636364
-19.900000 -2.288136 2.181818
-19.900000 -2.288136 2.727273
-19.900000 -2.288136 3.272727
-19.900000 -2.288136 3.818182
-19.900000 -2.288136 4.363636
-19.900000 -2.288136 4.909091
-19.900000 -2.288136 5.454545
-19.900000 -2.288136 6.000000
-19.900000 -1.779661 0.000000
-19.900000 -1.779661 0.545455
-19.900000 -1.779661 1.090909
-19.900000 -1.779661 1.636364
-19.900000 -1.779661 2.181818
-19.900000 -1.779661 2.727273
-19.900000 -1.779661 3.272727
-19.900000 -1.779661 3.818182
-19.900000 -1.779661 4.363636
-19.900000 -1.779661 4.909091
-19.900000 -1.779661 5.454545
-19.900000 -1.779661 6.000000
-19.900000 -1.271186 0.000000
-19.900000 -1.271186 0.545455
-19.900000 -1.271186 1.090909
-19.900000 -1.271186 1.636364
-19.900000 -1.271186 2.181818
-19.900000 -1.271186 2.727273
-19.900000 -1.271186 3.272727
-19.900000 -1.271186 3.818182
-19.900000 -1.271186 4.363636
-19.900000 -1.271186 4.909091
-19.900000 -1.271186 5.454545
-19.900000 -1.271186 6.000000
-19.900000 -0.762712 0.000000
-19.900000 -0.762712 0.545455
-19.900000 -0.762712 1.090909
-19.900000 -0.762712 1.636364
-19.900000 -0.762712 2.181818
-19.900000 -0.762712 2.727273
-19.900000 -0.762712 3.272727
-19.900000 -0.762712 3.818182
-19.900000 -0.762712 4.363636
-19.900000 -0.762712 4.909091
-19.900000 -0.762712 5.454545
-19.900000 -0.762712 6.000000
-19.900000 -0.254237 0.000000
-19.900000 -0.254237 0.545455
-19.900000 -0.254237 1.090909
-19.900000 -0.254237 1.636364
-19.900000 -0.254237 2.181818
-19.900000 -0.254237 2.727273
-19.900000 -0.254237 3.272727
-19.900000 -0.254237 3.818182
-19.900000 -0.254237 4.363636
-19.900000 -0.254237 4.909091
-19.900000 -0.254237 5.454545
-19.900000 -0.254237 6.000000
-19.900000 0.254237 0.000000
-19.900000 0.254237 0.545455
-19.900000 0.254237 1.090909
-19.900000 0.254237 1.636364
-19.900000 0.254237 2.181818
-19.900000 0.254237 2.727273
-19.900000 0.254237 3.272727
-19.900000 0.254237 3.818182
-19.900000 0.254237 4.363636
-19.900000 0.254237 4.909091
-19.900000 0.254237 5.454545
-19.900000 0.254237 6.000000
-19.900000 0.762712 0.000000
-19.900000 0.762712 0.545455
-19.900000 0.762712 1.090909
-19.900000 0.762712 1.636364
-19.900000 0.762712 2.181818
-19.900000 0.762712 2.727273
-19.900000 0.762712 3.272727
-19.900000 0.762712 3.818182
-19.900000 0.762712 4.363636
-19.900000 0.762712 4.909091
-19.900000 0.762712 5.454545
-19.900000 0.762712 6.000000
-19.900000 1.271186 0.000000
-19.900000 1.271186 0.545455
-19.900000 1.271186 1.090909
-19.900000 1.271186 1.636364
-19.900000 1.271186 2.181818
-19.900000 1.271186 2.727273
-19.900000 1.271186 3.272727
-19.900000 1.271186 3.818182
-19.900000 1.271186 4.363636
-19.900000 1.271186 4.909091
-19.900000 1.271186 5.454545
-19.900000 1.271186 6.000000
-19.900000 1.779661 0.000000
-19.900000 1.779661 0.545455
-19.900000 1.779661 1.090909
-19.900000 1.779661 1.636364
-19.900000 1.779661 2.181818
-19.900000 1.779661 2.727273
-19.900000 1.779661 3.272727
-19.900000 1.779661 3.818182
-19.900000 1.779661 4.363636
-19.900000 1.779661 4.909091
-19.900000 1.779661 5.454545
-19.900000 1.779661 6.000000
-19.900000 2.288136 0.000000
-19.900000 2.288136 0.545455
-19.900000 2.288136 1.090909
-19.900000 2.288136 1.636364
-19.900000 2.288136 2.181818
-19.900000 2.288136 2.727273
-19.900000 2.288136 3.272727
-19.900000 2.288136 3.818182
-19.900000 2.288136 4.363636
-19.900000 2.288136 4.909091
-19.900000 2.288136 5.454545
-19.900000 2.288136 6.000000
-19.900000 2.796610 0.000000
-19.900000 2.796610 0.545455
-19.900000 2.796610 1.090909
-19.900000 2.796610 1.636364
-19.900000 2.796610 2.181818
-19.900000 2.796610 2.727273
-19.900000 2.796610 3.272727
-19.900000 2.796610 3.818182
-19.900000 2.796610 4.363636
-19.900000 2.796610 4.909091
-19.900000 2.796610 5.454545
-19.900000 2.796610 6.000000
-19.900000 3.305085 0.000000
-19.900000 3.305085 0.545455
-19.900000 3.305085 1.090909
-19.900000 3.305085 1.636364
-19.900000 3.305085 2.181818
-19.900000 3.305085 2.727273
-19.900000 3.305085 3.272727
-19.900000 3.305085 3.818182
-19.900000 3.305085 4.363636
-19.900000 3.305085 4.909091
-19.900000 3.305085 5.454545
-19.900000 3.305085 6.000000
-19.900000 3.813559 0.000000
-19.900000 3.813559 0.545455
-19.900000 3.813559 1.090909
-19.900000 3.813559 1.636364
-19.900000 3.813559 2.181818
-19.900000 3.813559 2.727273
-19.900000 3.813559 3.272727
-19.900000 3.813559 3.818182
-19.900000 3.813559 4.363636
-19.900000 3.813559 4.909091
-19.900000 3.813559 5.454545
-19.900000 3.813559 6.000000
-19.900000 4.322034 0.000000
-19.900000 4.322034 0.545455
-19.900000 4.322034 1.090909
-19.900000 4.322034 1.636364
-19.900000 4.322034 2.181818
-19.900000 4.322034 2.727273
-19.900000 4.322034 3.272727
-19.900000 4.322034 3.818182
-19.900000 4.322034 4.363636
-19.900000 4.322034 4.909091
-19.900000 4.322034 5.454545
-19.900000 4.322034 6.000000
-19.900000 4.830508 0.000000
-19.900000 4.830508 0.545455
-19.900000 4.830508 1.090909
-19.900000 4.830508 1.636364
-19.900000 4.830508 2.181818
-19.900000 4.830508 2.727273
-19.900000 4.830508 3.272727
-19.900000 4.830508 3.818182
-19.900000 4.830508 4.363636
-19.900000 4.830508 4.909091
-19.900000 4.830508 5.454545
-19.900000 4.830508 6.000000
-19.900000 5.338983 0.000000
-19.900000 5.338983 0.545455
-19.900000 5.338983 1.090909
-19.900000 5.338983 1.636364
-19.900000 5.338983 2.181818
-19.900000 5.338983 2.727273
-19.900000 5.338983 3.272727
-19.900000 5.338983 3.818182
-19.900000 5.338983 4.363636
-19.900000 5.338983 4.909091
-19.900000 5.338983 5.454545
-19.900000 5.338983 6.000000
-19.900000 5.847458 0.000000
-19.900000 5.847458 0.545455
-19.900000 5.847458 1.090909
-19.900000 5.847458 1.636364
-19.900000 5.847458 2.181818
-19.900000 5.847458 2.727273
-19.900000 5.847458 3.272727
-19.900000 5.847458 3.818182
-19.900000 5.847458 4.363636
-19.900000 5.847458 4.909091
-19.900000 5.847458 5.454545
-19.900000 5.847458 6.000000
-19.900000 6.355932 0.000000
-19.900000 6.355932 0.545455
-19.900000 6.355932 1.090909
-19.900000 6.355932 1.636364
-19.900000 6.355932 2.181818
-19.900000 6.355932 2.727273
-19.900000 6.355932 3.272727
-19.900000 6.355932 3.818182
-19.900000 6.355932 4.363636
-19.900000 6.355932 4.909091
-19.900000 6.355932 5.454545
-19.900000 6.355932 6.000000
-19.900000 6.864407 0.000000
-19.900000 6.864407 0.545455
-19.900000 6.864407 1.090909
-19.900000 6.864407 1.636364
-19.900000 6.864407 2.181818
-19.900000 6.864407 2.727273
-19.900000 6.864407 3.272727
-19.900000 6.864407 3.818182
-19.900000 6.864407 4.363636
-19.900000 6.864407 4.909091
-19.900000 6.864407 5.454545
-19.900000 6.864407 6.000000
-19.900000 7.372881 0.000000
-19.900000 7.372881 0.545455
-19.900000 7.372881 1.090909
-19.900000 7.372881 1.636364
-19.900000 7.372881 2.181818
-19.900000 7.372881 2.727273
-19.900000 7.372881 3.272727
-19.900000 7.372881 3.818182
-19.900000 7.372881 4.363636
-19.900000 7.372881 4.909091
-19.900000 7.372881 5.454545
-19.900000 7.372881 6.000000
-19.900000 7.881356 0.000000
-19.900000 7.881356 0.545455
-19.900000 7.881356 1.090909
-19.900000 7.881356 1.636364
-19.900000 7.881356 2.181818
-19.900000 7.881356 2.727273
-19.900000 7.881356 3.272727
-19.900000 7.881356 3.818182
-19.900000 7.881356 4.363636
-19.900000 7.881356 4.909091
-19.900000 7.881356 5.454545
-19.900000 7.881356 6.000000
-19.900000 8.389831 0.000000
-19.900000 8.389831 0.545455
-19.900000 8.389831 1.090909
-19.900000 8.389831 1.636364
-19.900000 8.389831 2.181818
-19.900000 8.389831 2.727273
-19.900000 8.389831 3.272727
-19.900000 8.389831 3.818182
-19.900000 8.389831 4.363636
-19.900000 8.389831 4.909091
-19.900000 8.389831 5.454545
-19.900000 8.389831 6.000000
-19.900000 8.898305 0.000000
-19.900000 8.898305 0.545455
-19.900000 8.898305 1.090909
-19.900000 8.898305 1.636364
-19.900000 8.898305 2.181818
-19.900000 8.898305 2.727273
-19.900000 8.898305 3.272727
-19.900000 8.898305 3.818182
-19.900000 8.898305 4.363636
-19.900000 8.898305 4.909091
-19.900000 8.898305 5.454545
-19.900000 8.898305 6.000000
-19.900000 9.406780 0.000000
-19.900000 9.406780 0.545455
-19.900000 9.406780 1.090909
-19.900000 9.406780 1.636364
-19.900000 9.406780 2.181818
-19.900000 9.406780 2.727273
-19.900000 9.406780 3.272727
-19.900000 9.406780 3.818182
-19.900000 9.406780 4.363636
-19.900000 9.406780 4.909091
-19.900000 9.406780 5.454545
-19.900000 9.406780 6.000000
-19.900000 9.915254 0.000000
-19.900000 9.915254 0.545455
-19.900000 9.915254 1.090909
-19.900000 9.915254 1.636364
-19.900000 9.915254 2.181818
-19.900000 9.915254 2.727273
-19.900000 9.915254 3.272727
-19.900000 9.915254 3.818182
-19.900000 9.915254 4.363636
-19.900000 9.915254 4.909091
-19.900000 9.915254 5.454545
-19.900000 9.915254 6.000000
-19.900000 10.423729 0.000000
-19.900000 10.423729 0.545455
-19.900000 10.423729 1.090909
-19.900000 10.423729 1.636364
-19.900000 10.423729 2.181818
-19.900000 10.423729 2.727273
-19.900000 10.423729 3.272727
-19.900000 10.423729 3.818182
-19.900000 10.423729 4.363636
-19.900000 10.423729 4.909091
-19.900000 10.423729 5.454545
-19.900000 10.423729 6.000000
-19.900000 10.932203 0.000000
-19.900000 10.932203 0.545455
-19.900000 10.932203 1.090909
-19.900000 10.932203 1.636364
-19.900000 10.932203 2.181818
-19.900000 10.932203 2.727273
-19.900000 10.932203 3.272727
-19.900000 10.932203 3.818182
-19.900000 10.932203 4.363636
-19.900000 10.932203 4.909091
-19.900000 10.932203 5.454545
-19.900000 10.932203 6.000000
-19.900000 11.440678 0.000000
-19.900000 11.440678 0.545455
-19.900000 11.440678 1.090909
-19.900000 11.440678 1.636364
-19.900000 11.440678 2.181818
-19.900000 11.440678 2.727273
-19.900000 11.440678 3.272727
-19.900000 11.440678 3.818182
-19.900000 11.440678 4.363636
-19.900000 11.440678 4.909091
-19.900000 11.440678 5.454545
-19.900000 11.440678 6.000000
-19.900000 11.949153 0.000000
-19.900000 11.949153 0.545455
-19.900000 11.949153 1.090909
-19.900000 11.949153 1.636364
-19.900000 11.949153 2.181818
-19.900000 11.949153 2.727273
-19.900000 11.949153 3.272727
-19.900000 11.949153 3.818182
-19.900000 11.949153 4.363636
-19.900000 11.949153 4.909091
-19.900000 11.949153 5.454545
-19.900000 11.949153 6.000000
-19.900000 12.457627 0.000000
-19.900000 12.457627 0.545455
-19.900000 12.457627 1.090909
-19.900000 12.457627 1.636364
-19.900000 12.457627 2.181818
-19.900000 12.457627 2.727273
-19.900000 12.457627 3.272727
-19.900000 12.457627 3.818182
-19.900000 12.457627 4.363636
-19.900000 12.457627 4.909091
-19.900000 12.457627 5.454545
-19.900000 12.457627 6.000000
-19.900000 12.966102 0.000000
-19.900000 12.966102 0.545455
-19.900000 12.966102 1.090909
-19.900000 12.966102 1.636364
-19.900000 12.966102 2.181818
-19.900000 12.966102 2.727273
-19.900000 12.966102 3.272727
-19.900000 12.966102 3.818182
-19.900000 12.966102 4.363636
-19.900000 12.966102 4.909091
-19.900000 12.966102 5.454545
-19.900000 12.966102 6.000000
-19.900000 13.474576 0.000000
-19.900000 13.474576 0.545455
-19.900000 13.474576 1.090909
-19.900000 13.474576 1.636364
-19.900000 13.474576 2.181818
-19.900000 13.474576 2.727273
-19.900000 13.474576 3.272727
-19.900000 13.474576 3.818182
-19.900000 13.474576 4.363636
-19.900000 13.474576 4.909091
-19.900000 13.474576 5.454545
-19.900000 13.474576 6.000000
-19.900000 13.983051 0.000000
-19.900000 13.983051 0.545455
-19.900000 13.983051 1.090909
-19.900000 13.983051 1.636364
-19.900000 13.983051 2.181818
-19.900000 13.983051 2.727273
-19.900000 13.983051 3.272727
-19.900000 13.983051 3.818182
-19.900000 13.983051 4.363636
-19.900000 13.983051 4.909091
-19.900000 13.983051 5.454545
-19.900000 13.983051 6.000000
-19.900000 14.491525 0.000000
-19.900000 14.491525 0.545455
-19.900000 14.491525 1.090909
-19.900000 14.491525 1.636364
-19.900000 14.491525 2.181818
-19.900000 14.491525 2.727273
-19.900000 14.491525 3.272727
-19.900000 14.491525 3.818182
-19.900000 14.491525 4.363636
-19.900000 14.491525 4.909091
-19.900000 14.491525 5.454545
-19.900000 14.491525 6.000000
-19.900000 15.000000 0.000000
-19.900000 15.000000 0.545455
-19.900000 15.000000 1.090909
-19.900000 15.000000 1.636364
-19.900000 15.000000 2.181818
-19.900000 15.000000 2.727273
-19.900000 15.000000 3.272727
-19.900000 15.000000 3.818182
-19.900000 15.000000 4.363636
-19.900000 15.000000 4.909091
-19.900000 15.000000 5.454545
-19.900000 15.000000 6.000000
-20.100000 -15.000000 0.000000
-20.100000 -15.000000 0.545455
-20.100000 -15.000000 1.090909
-20.100000 -15.000000 1.636364
-20.100000 -15.000000 2.181818
-20.100000 -15.000000 2.727273
-20.100000 -15.000000 3.272727
-20.100000 -15.000000 3.818182
-20.100000 -15.000000 4.363636
-20.100000 -15.000000 4.909091
-20.100000 -15.000000 5.454545
-20.100000 -15.000000 6.000000
-20.100000 -14.491525 0.000000
-20.100000 -14.491525 0.545455
-20.100000 -14.491525 1.090909
-20.100000 -14.491525 1.636364
-20.100000 -14.491525 2.181818
-20.100000 -14.491525 2.727273
-20.100000 -14.491525 3.272727
-20.100000 -14.491525 3.818182
-20.100000 -14.491525 4.363636
-20.100000 -14.491525 4.909091
-20.100000 -14.491525 5.454545
-20.100000 -14.491525 6.000000
-20.100000 -13.983051 0.000000
-20.100000 -13.983051 0.545455
-20.100000 -13.983051 1.090909
-20.100000 -13.983051 1.636364
-20.100000 -13.983051 2.181818
-20.100000 -13.983051 2.727273
-20.100000 -13.983051 3.272727
-20.100000 -13.983051 3.818182
-20.100000 -13.983051 4.363636
-20.100000 -13.983051 4.909091
-20.100000 -13.983051 5.454545
-20.100000 -13.983051 6.000000
-20.100000 -13.474576 0.000000
-20.100000 -13.474576 0.545455
-20.100000 -13.474576 1.090909
-20.100000 -13.474576 1.636364
-20.100000 -13.474576 2.181818
-20.100000 -13.474576 2.727273
-20.100000 -13.474576 3.272727
-20.100000 -13.474576 3.818182
-20.100000 -13.474576 4.363636
-20.100000 -13.474576 4.909091
-20.100000 -13.474576 5.454545
-20.100000 -13.474576 6.000000
-20.100000 -12.966102 0.000000
-20.100000 -12.966102 0.545455
-20.100000 -12.966102 1.090909
-20.100000 -12.966102 1.636364
-20.100000 -12.966102 2.181818
-20.100000 -12.966102 2.727273
-20.100000 -12.966102 3.272727
-20.100000 -12.966102 3.818182
-20.100000 -12.966102 4.363636
-20.100000 -12.966102 4.909091
-20.100000 -12.966102 5.454545
-20.100000 -12.966102 6.000000
-20.100000 -12.457627 0.000000
-20.100000 -12.457627 0.545455
-20.100000 -12.457627 1.090909
-20.100000 -12.457627 1.636364
-20.100000 -12.457627 2.181818
-20.100000 -12.457627 2.727273
-20.100000 -12.457627 3.272727
-20.100000 -12.457627 3.818182
-20.100000 -12.457627 4.363636
-20.100000 -12.457627 4.909091
-20.100000 -12.457627 5.454545
-20.100000 -12.457627 6.000000
-20.100000 -11.949153 0.000000
-20.100000 -11.949153 0.545455
-20.100000 -11.949153 1.090909
-20.100000 -11.949153 1.636364
-20.100000 -11.949153 2.181818
-20.100000 -11.949153 2.727273
-20.100000 -11.949153 3.272727
-20.100000 -11.949153 3.818182
-20.100000 -11.949153 4.363636
-20.100000 -11.949153 4.909091
-20.100000 -11.949153 5.454545
-20.100000 -11.949153 6.000000
-20.100000 -11.440678 0.000000
-20.100000 -11.440678 0.545455
-20.100000 -11.440678 1.090909
-20.100000 -11.440678 1.636364
-20.100000 -11.440678 2.181818
-20.100000 -11.440678 2.727273
-20.100000 -11.440678 3.272727
-20.100000 -11.440678 3.818182
-20.100000 -11.440678 4.363636
-20.100000 -11.440678 4.909091
-20.100000 -11.440678 5.454545
-20.100000 -11.440678 6.000000
-20.100000 -10.932203 0.000000
-20.100000 -10.932203 0.545455
-20.100000 -10.932203 1.090909
-20.100000 -10.932203 1.636364
-20.100000 -10.932203 2.181818
-20.100000 -10.932203 2.727273
-20.100000 -10.932203 3.272727
-20.100000 -10.932203 3.818182
-20.100000 -10.932203 4.363636
-20.100000 -10.932203 4.909091
-20.100000 -10.932203 5.454545
-20.100000 -10.932203 6.000000
-20.100000 -10.423729 0.000000
-20.100000 -10.423729 0.545455
-20.100000 -10.423729 1.090909
-20.100000 -10.423729 1.636364
-20.100000 -10.423729 2.181818
-20.100000 -10.423729 2.727273
-20.100000 -10.423729 3.272727
-20.100000 -10.423729 3.818182
-20.100000 -10.423729 4.363636
-20.100000 -10.423729 4.909091
-20.100000 -10.423729 5.454545
-20.100000 -10.423729 6.000000
-20.100000 -9.915254 0.000000
-20.100000 -9.915254 0.545455
-20.100000 -9.915254 1.090909
-20.100000 -9.915254 1.636364
-20.100000 -9.915254 2.181818
-20.100000 -9.915254 2.727273
-20.100000 -9.915254 3.272727
-20.100000 -9.915254 3.818182
-20.100000 -9.915254 4.363636
-20.100000 -9.915254 4.909091
-20.100000 -9.915254 5.454545
-20.100000 -9.915254 6.000000
-20.100000 -9.406780 0.000000
-20.100000 -9.406780 0.545455
-20.100000 -9.406780 1.090909
-20.100000 -9.406780 1.636364
-20.100000 -9.406780 2.181818
-20.100000 -9.406780 2.727273
-20.100000 -9.406780 3.272727
-20.100000 -9.406780 3.818182
-20.100000 -9.406780 4.363636
-20.100000 -9.406780 4.909091
-20.100000 -9.406780 5.454545
-20.100000 -9.406780 6.000000
-20.100000 -8.898305 0.000000
-20.100000 -8.898305 0.545455
-20.100000 -8.898305 1.090909
-20.100000 -8.898305 1.636364
-20.100000 -8.898305 2.181818
-20.100000 -8.898305 2.727273
-20.100000 -8.898305 3.272727
-20.100000 -8.898305 3.818182
-20.100000 -8.898305 4.363636
-20.100000 -8.898305 4.909091
-20.100000 -8.898305 5.454545
-20.100000 -8.898305 6.000000
-20.100000 -8.389831 0.000000
-20.100000 -8.389831 0.545455
-20.100000 -8.389831 1.090909
-20.100000 -8.389831 1.636364
-20.100000 -8.389831 2.181818
-20.100000 -8.389831 2.727273
-20.100000 -8.389831 3.272727
-20.100000 -8.389831 3.818182
-20.100000 -8.389831 4.363636
-20.100000 -8.389831 4.909091
-20.100000 -8.389831 5.454545
-20.100000 -8.389831 6.000000
-20.100000 -7.881356 0.000000
-20.100000 -7.881356 0.545455
-20.100000 -7.881356 1.090909
-20.100000 -7.881356 1.636364
-20.100000 -7.881356 2.181818
-20.100000 -7.881356 2.727273
-20.100000 -7.881356 3.272727
-20.100000 -7.881356 3.818182
-20.100000 -7.881356 4.363636
-20.100000 -7.881356 4.909091
-20.100000 -7.881356 5.454545
-20.100000 -7.881356 6.000000
-20.100000 -7.372881 0.000000
-20.100000 -7.372881 0.545455
-20.100000 -7.372881 1.090909
-20.100000 -7.372881 1.636364
-20.100000 -7.372881 2.181818
-20.100000 -7.372881 2.727273
-20.100000 -7.372881 3.272727
-20.100000 -7.372881 3.818182
-20.100000 -7.372881 4.363636
-20.100000 -7.372881 4.909091
-20.100000 -7.372881 5.454545
-20.100000 -7.372881 6.000000
-20.100000 -6.864407 0.000000
-20.100000 -6.864407 0.545455
-20.100000 -6.864407 1.090909
-20.100000 -6.864407 1.636364
-20.100000 -6.864407 2.181818
-20.100000 -6.864407 2.727273
-20.100000 -6.864407 3.272727
-20.100000 -6.864407 3.818182
-20.100000 -6.864407 4.363636
-20.100000 -6.864407 4.909091
-20.100000 -6.864407 5.454545
-20.100000 -6.864407 6.000000
-20.100000 -6.355932 0.000000
-20.100000 -6.355932 0.545455
-20.100000 -6.355932 1.090909
-20.100000 -6.355932 1.636364
-20.100000 -6.355932 2.181818
-20.100000 -6.355932 2.727273
-20.100000 -6.355932 3.272727
-20.100000 -6.355932 3.818182
-20.100000 -6.355932 4.363636
-20.100000 -6.355932 4.909091
-20.100000 -6.355932 5.454545
-20.100000 -6.355932 6.000000
-20.100000 -5.847458 0.000000
-20.100000 -5.847458 0.545455
-20.100000 -5.847458 1.090909
-20.100000 -5.847458 1.636364
-20.100000 -5.847458 2.181818
-20.100000 -5.847458 2.727273
-20.100000 -5.847458 3.272727
-20.100000 -5.847458 3.818182
-20.100000 -5.847458 4.363636
-20.100000 -5.847458 4.909091
-20.100000 -5.847458 5.454545
-20.100000 -5.847458 6.000000
-20.100000 -5.338983 0.000000
-20.100000 -5.338983 0.545455
-20.100000 -5.338983 1.090909
-20.100000 -5.338983 1.636364
-20.100000 -5.338983 2.181818
-20.100000 -5.338983 2.727273
-20.100000 -5.338983 3.272727
-20.100000 -5.338983 3.818182
-20.100000 -5.338983 4.363636
-20.100000 -5.338983 4.909091
-20.100000 -5.338983 5.454545
-20.100000 -5.338983 6.000000
-20.100000 -4.830508 0.000000
-20.100000 -4.830508 0.545455
-20.100000 -4.830508 1.090909
-20.100000 -4.830508 1.636364
-20.100000 -4.830508 2.181818
-20.100000 -4.830508 2.727273
-20.100000 -4.830508 3.272727
-20.100000 -4.830508 3.818182
-20.100000 -4.830508 4.363636
-20.100000 -4.830508 4.909091
-20.100000 -4.830508 5.454545
-20.100000 -4.830508 6.000000
-20.100000 -4.322034 0.000000
-20.100000 -4.322034 0.545455
-20.100000 -4.322034 1.090909
-20.100000 -4.322034 1.636364
-20.100000 -4.322034 2.181818
-20.100000 -4.322034 2.727273
-20.100000 -4.322034 3.272727
-20.100000 -4.322034 3.818182
-20.100000 -4.322034 4.363636
-20.100000 -4.322034 4.909091
-20.100000 -4.322034 5.454545
-20.100000 -4.322034 6.000000
-20.100000 -3.813559 0.000000
-20.100000 -3.813559 0.545455
-20.100000 -3.813559 1.090909
-20.100000 -3.813559 1.636364
-20.100000 -3.813559 2.181818
-20.100000 -3.813559 2.727273
-20.100000 -3.813559 3.272727
-20.100000 -3.813559 3.818182
-20.100000 -3.813559 4.363636
-20.100000 -3.813559 4.909091
-20.100000 -3.813559 5.454545
-20.100000 -3.813559 6.000000
-20.100000 -3.305085 0.000000
-20.100000 -3.305085 0.545455
-20.100000 -3.305085 1.090909
-20.100000 -3.305085 1.636364
-20.100000 -3.305085 2.181818
-20.100000 -3.305085 2.727273
-20.100000 -3.305085 3.272727
-20.100000 -3.305085 3.818182
-20.100000 -3.305085 4.363636
-20.100000 -3.305085 4.909091
-20.100000 -3.305085 5.454545
-20.100000 -3.305085 6.000000
-20.100000 -2.796610 0.000000
-20.100000 -2.796610 0.545455
-20.100000 -2.796610 1.090909
-20.100000 -2.796610 1.636364
-20.100000 -2.796610 2.181818
-20.100000 -2.796610 2.727273
-20.100000 -2.796610 3.272727
-20.100000 -2.796610 3.818182
-20.100000 -2.796610 4.363636
-20.100000 -2.796610 4.909091
-20.100000 -2.796610 5.454545
-20.100000 -2.796610 6.000000
-20.100000 -2.288136 0.000000
-20.100000 -2.288136 0.545455
-20.100000 -2.288136 1.090909
-20.100000 -2.288136 1.636364
-20.100000 -2.288136 2.181818
-20.100000 -2.288136 2.727273
-20.100000 -2.288136 3.272727
-20.100000 -2.288136 3.818182
-20.100000 -2.288136 4.363636
-20.100000 -2.288136 4.909091
-20.100000 -2.288136 5.454545
-20.100000 -2.288136 6.000000
-20.100000 -1.779661 0.000000
-20.100000 -1.779661 0.545455
-20.100000 -1.779661 1.090909
-20.100000 -1.779661 1.636364
-20.100000 -1.779661 2.181818
-20.100000 -1.779661 2.727273
-20.100000 -1.779661 3.272727
-20.100000 -1.779661 3.818182
-20.100000 -1.779661 4.363636
-20.100000 -1.779661 4.909091
-20.100000 -1.779661 5.454545
-20.100000 -1.779661 6.000000
-20.100000 -1.271186 0.000000
-20.100000 -1.271186 0.545455
-20.100000 -1.271186 1.090909
-20.100000 -1.271186 1.636364
-20.100000 -1.271186 2.181818
-20.100000 -1.271186 2.727273
-20.100000 -1.271186 3.272727
-20.100000 -1.271186 3.818182
-20.100000 -1.271186 4.363636
-20.100000 -1.271186 4.909091
-20.100000 -1.271186 5.454545
-20.100000 -1.271186 6.000000
-20.100000 -0.762712 0.000000
-20.100000 -0.762712 0.545455
-20.100000 -0.762712 1.090909
-20.100000 -0.762712 1.636364
-20.100000 -0.762712 2.181818
-20.100000 -0.762712 2.727273
-20.100000 -0.762712 3.272727
-20.100000 -0.762712 3.818182
-20.100000 -0.762712 4.363636
-20.100000 -0.762712 4.909091
-20.100000 -0.762712 5.454545
-20.100000 -0.762712 6.000000
-20.100000 -0.254237 0.000000
-20.100000 -0.254237 0.545455
-20.100000 -0.254237 1.090909
-20.100000 -0.254237 1.636364
-20.100000 -0.254237 2.181818
-20.100000 -0.254237 2.727273
-20.100000 -0.254237 3.272727
-20.100000 -0.254237 3.818182
-20.100000 -0.254237 4.363636
-20.100000 -0.254237 4.909091
-20.100000 -0.254237 5.454545
-20.100000 -0.254237 6.000000
-20.100000 0.254237 0.000000
-20.100000 0.254237 0.545455
-20.100000 0.254237 1.090909
-20.100000 0.254237 1.636364
-20.100000 0.254237 2.181818
-20.100000 0.254237 2.727273
-20.100000 0.254237 3.272727
-20.100000 0.254237 3.818182
-20.100000 0.254237 4.363636
-20.100000 0.254237 4.909091
-20.100000 0.254237 5.454545
-20.100000 0.254237 6.000000
-20.100000 0.762712 0.000000
-20.100000 0.762712 0.545455
-20.100000 0.762712 1.090909
-20.100000 0.762712 1.636364
-20.100000 0.762712 2.181818
-20.100000 0.762712 2.727273
-20.100000 0.762712 3.272727
-20.100000 0.762712 3.818182
-20.100000 0.762712 4.363636
-20.100000 0.762712 4.909091
-20.100000 0.762712 5.454545
-20.100000 0.762712 6.000000
-20.100000 1.271186 0.000000
-20.100000 1.271186 0.545455
-20.100000 1.271186 1.090909
-20.100000 1.271186 1.636364
-20.100000 1.271186 2.181818
-20.100000 1.271186 2.727273
-20.100000 1.271186 3.272727
-20.100000 1.271186 3.818182
-20.100000 1.271186 4.363636
-20.100000 1.271186 4.909091
-20.100000 1.271186 5.454545
-20.100000 1.271186 6.000000
-20.100000 1.779661 0.000000
-20.100000 1.779661 0.545455
-20.100000 1.779661 1.090909
-20.100000 1.779661 1.636364
-20.100000 1.779661 2.181818
-20.100000 1.779661 2.727273
-20.100000 1.779661 3.272727
-20.100000 1.779661 3.818182
-20.100000 1.779661 4.363636
-20.100000 1.779661 4.909091
-20.100000 1.779661 5.454545
-20.100000 1.779661 6.000000
-20.100000 2.288136 0.000000
-20.100000 2.288136 0.545455
-20.100000 2.288136 1.090909
-20.100000 2.288136 1.636364
-20.100000 2.288136 2.181818
-20.100000 2.288136 2.727273
-20.100000 2.288136 3.272727
-20.100000 2.288136 3.818182
-20.100000 2.288136 4.363636
-20.100000 2.288136 4.909091
-20.100000 2.288136 5.454545
-20.100000 2.288136 6.000000
-20.100000 2.796610 0.000000
-20.100000 2.796610 0.545455
-20.100000 2.796610 1.090909
-20.100000 2.796610 1.636364
-20.100000 2.796610 2.181818
-20.100000 2.796610 2.727273
-20.100000 2.796610 3.272727
-20.100000 2.796610 3.818182
-20.100000 2.796610 4.363636
-20.100000 2.796610 4.909091
-20.100000 2.796610 5.454545
-20.100000 2.796610 6.000000
-20.100000 3.305085 0.000000
-20.100000 3.305085 0.545455
-20.100000 3.305085 1.090909
-20.100000 3.305085 1.636364
-20.100000 3.305085 2.181818
-20.100000 3.305085 2.727273
-20.100000 3.305085 3.272727
-20.100000 3.305085 3.818182
-20.100000 3.305085 4.363636
-20.100000 3.305085 4.909091
-20.100000 3.305085 5.454545
-20.100000 3.305085 6.000000
-20.100000 3.813559 0.000000
-20.100000 3.813559 0.545455
-20.100000 3.813559 1.090909
-20.100000 3.813559 1.636364
-20.100000 3.813559 2.181818
-20.100000 3.813559 2.727273
-20.100000 3.813559 3.272727
-20.100000 3.813559 3.818182
-20.100000 3.813559 4.363636
-20.100000 3.813559 4.909091
-20.100000 3.813559 5.454545
-20.100000 3.813559 6.000000
-20.100000 4.322034 0.000000
-20.100000 4.322034 0.545455
-20.100000 4.322034 1.090909
-20.100000 4.322034 1.636364
-20.100000 4.322034 2.181818
-20.100000 4.322034 2.727273
-20.100000 4.322034 3.272727
-20.100000 4.322034 3.818182
-20.100000 4.322034 4.363636
-20.100000 4.322034 4.909091
-20.100000 4.322034 5.454545
-20.100000 4.322034 6.000000
-20.100000 4.830508 0.000000
-20.100000 4.830508 0.545455
-20.100000 4.830508 1.090909
-20.100000 4.830508 1.636364
-20.100000 4.830508 2.181818
-20.100000 4.830508 2.727273
-20.100000 4.830508 3.272727
-20.100000 4.830508 3.818182
-20.100000 4.830508 4.363636
-20.100000 4.830508 4.909091
-20.100000 4.830508 5.454545
-20.100000 4.830508 6.000000
-20.100000 5.338983 0.000000
-20.100000 5.338983 0.545455
-20.100000 5.338983 1.090909
-20.100000 5.338983 1.636364
-20.100000 5.338983 2.181818
-20.100000 5.338983 2.727273
-20.100000 5.338983 3.272727
-20.100000 5.338983 3.818182
-20.100000 5.338983 4.363636
-20.100000 5.338983 4.909091
-20.100000 5.338983 5.454545
-20.100000 5.338983 6.000000
-20.100000 5.847458 0.000000
-20.100000 5.847458 0.545455
-20.100000 5.847458 1.090909
-20.100000 5.847458 1.636364
-20.100000 5.847458 2.181818
-20.100000 5.847458 2.727273
-20.100000 5.847458 3.272727
-20.100000 5.847458 3.818182
-20.100000 5.847458 4.363636
-20.100000 5.847458 4.909091
-20.100000 5.847458 5.454545
-20.100000 5.847458 6.000000
-20.100000 6.355932 0.000000
-20.100000 6.355932 0.545455
-20.100000 6.355932 1.090909
-20.100000 6.355932 1.636364
-20.100000 6.355932 2.181818
-20.100000 6.355932 2.727273
-20.100000 6.355932 3.272727
-20.100000 6.355932 3.818182
-20.100000 6.355932 4.363636
-20.100000 6.355932 4.909091
-20.100000 6.355932 5.454545
-20.100000 6.355932 6.000000
-20.100000 6.864407 0.000000
-20.100000 6.864407 0.545455
-20.100000 6.864407 1.090909
-20.100000 6.864407 1.636364
-20.100000 6.864407 2.181818
-20.100000 6.864407 2.727273
-20.100000 6.864407 3.272727
-20.100000 6.864407 3.818182
-20.100000 6.864407 4.363636
-20.100000 6.864407 4.909091
-20.100000 6.864407 5.454545
-20.100000 6.864407 6.000000
-20.100000 7.372881 0.000000
-20.100000 7.372881 0.545455
-20.100000 7.372881 1.090909
-20.100000 7.372881 1.636364
-20.100000 7.372881 2.181818
-20.100000 7.372881 2.727273
-20.100000 7.372881 3.272727
-20.100000 7.372881 3.818182
-20.100000 7.372881 4.363636
-20.100000 7.372881 4.909091
-20.100000 7.372881 5.454545
-20.100000 7.372881 6.000000
-20.100000 7.881356 0.000000
-20.100000 7.881356 0.545455
-20.100000 7.881356 1.090909
-20.100000 7.881356 1.636364
-20.100000 7.881356 2.181818
-20.100000 7.881356 2.727273
-20.100000 7.881356 3.272727
-20.100000 7.881356 3.818182
-20.100000 7.881356 4.363636
-20.100000 7.881356 4.909091
-20.100000 7.881356 5.454545
-20.100000 7.881356 6.000000
-20.100000 8.389831 0.000000
-20.100000 8.389831 0.545455
-20.100000 8.389831 1.090909
-20.100000 8.389831 1.636364
-20.100000 8.389831 2.181818
-20.100000 8.389831 2.727273
-20.100000 8.389831 3.272727
-20.100000 8.389831 3.818182
-20.100000 8.389831 4.363636
-20.100000 8.389831 4.909091
-20.100000 8.389831 5.454545
-20.100000 8.389831 6.000000
-20.100000 8.898305 0.000000
-20.100000 8.898305 0.545455
-20.100000 8.898305 1.090909
-20.100000 8.898305 1.636364
-20.100000 8.898305 2.181818
-20.100000 8.898305 2.727273
-20.100000 8.898305 3.272727
-20.100000 8.898305 3.818182
-20.100000 8.898305 4.363636
-20.100000 8.898305 4.909091
-20.100000 8.898305 5.454545
-20.100000 8.898305 6.000000
-20.100000 9.406780 0.000000
-20.100000 9.406780 0.545455
-20.100000 9.406780 1.090909
-20.100000 9.406780 1.636364
-20.100000 9.406780 2.181818
-20.100000 9.406780 2.727273
-20.100000 9.406780 3.272727
-20.100000 9.406780 3.818182
-20.100000 9.406780 4.363636
-20.100000 9.406780 4.909091
-20.100000 9.406780 5.454545
-20.100000 9.406780 6.000000
-20.100000 9.915254 0.000000
-20.100000 9.915254 0.545455
-20.100000 9.915254 1.090909
-20.100000 9.915254 1.636364
-20.100000 9.915254 2.181818
-20.100000 9.915254 2.727273
-20.100000 9.915254 3.272727
-20.100000 9.915254 3.818182
-20.100000 9.915254 4.363636
-20.100000 9.915254 4.909091
-20.100000 9.915254 5.454545
-20.100000 9.915254 6.000000
-20.100000 10.423729 0.000000
-20.100000 10.423729 0.545455
-20.100000 10.423729 1.090909
-20.100000 10.423729 1.636364
-20.100000 10.423729 2.181818
-20.100000 10.423729 2.727273
-20.100000 10.423729 3.272727
-20.100000 10.423729 3.818182
-20.100000 10.423729 4.363636
-20.100000 10.423729 4.909091
-20.100000 10.423729 5.454545
-20.100000 10.423729 6.000000
-20.100000 10.932203 0.000000
-20.100000 10.932203 0.545455
-20.100000 10.932203 1.090909
-20.100000 10.932203 1.636364
-20.100000 10.932203 2.181818
-20.100000 10.932203 2.727273
-20.100000 10.932203 3.272727
-20.100000 10.932203 3.818182
-20.100000 10.932203 4.363636
-20.100000 10.932203 4.909091
-20.100000 10.932203 5.454545
-20.100000 10.932203 6.000000
-20.100000 11.440678 0.000000
-20.100000 11.440678 0.545455
-20.100000 11.440678 1.090909
-20.100000 11.440678 1.636364
-20.100000 11.440678 2.181818
-20.100000 11.440678 2.727273
-20.100000 11.440678 3.272727
-20.100000 11.440678 3.818182
-20.100000 11.440678 4.363636
-20.100000 11.440678 4.909091
-20.100000 11.440678 5.454545
-20.100000 11.440678 6.000000
-20.100000 11.949153 0.000000
-20.100000 11.949153 0.545455
-20.100000 11.949153 1.090909
-20.100000 11.949153 1.636364
-20.100000 11.949153 2.181818
-20.100000 11.949153 2.727273
-20.100000 11.949153 3.272727
-20.100000 11.949153 3.818182
-20.100000 11.949153 4.363636
-20.100000 11.949153 4.909091
-20.100000 11.949153 5.454545
-20.100000 11.949153 6.000000
-20.100000 12.457627 0.000000
-20.100000 12.457627 0.545455
-20.100000 12.457627 1.090909
-20.100000 12.457627 1.636364
-20.100000 12.457627 2.181818
-20.100000 12.457627 2.727273
-20.100000 12.457627 3.272727
-20.100000 12.457627 3.818182
-20.100000 12.457627 4.363636
-20.100000 12.457627 4.909091
-20.100000 12.457627 5.454545
-20.100000 12.457627 6.000000
-20.100000 12.966102 0.000000
-20.100000 12.966102 0.545455
-20.100000 12.966102 1.090909
-20.100000 12.966102 1.636364
-20.100000 12.966102 2.181818
-20.100000 12.966102 2.727273
-20.100000 12.966102 3.272727
-20.100000 12.966102 3.818182
-20.100000 12.966102 4.363636
-20.100000 12.966102 4.909091
-20.100000 12.966102 5.454545
-20.100000 12.966102 6.000000
-20.100000 13.474576 0.000000
-20.100000 13.474576 0.545455
-20.100000 13.474576 1.090909
-20.100000 13.474576 1.636364
-20.100000 13.474576 2.181818
-20.100000 13.474576 2.727273
-20.100000 13.474576 3.272727
-20.100000 13.474576 3.818182
-20.100000 13.474576 4.363636
-20.100000 13.474576 4.909091
-20.100000 13.474576 5.454545
-20.100000 13.474576 6.000000
-20.100000 13.983051 0.000000
-20.100000 13.983051 0.545455
-20.100000 13.983051 1.090909
-20.100000 13.983051 1.636364
-20.100000 13.983051 2.181818
-20.100000 13.983051 2.727273
-20.100000 13.983051 3.272727
-20.100000 13.983051 3.818182
-20.100000 13.983051 4.363636
-20.100000 13.983051 4.909091
-20.100000 13.983051 5.454545
-20.100000 13.983051 6.000000
-20.100000 14.491525 0.000000
-20.100000 14.491525 0.545455
-20.100000 14.491525 1.090909
-20.100000 14.491525 1.636364
-20.100000 14.491525 2.181818
-20.100000 14.491525 2.727273
-20.100000 14.491525 3.272727
-20.100000 14.491525 3.818182
-20.100000 14.491525 4.363636
-20.100000 14.491525 4.909091
-20.100000 14.491525 5.454545
-20.100000 14.491525 6.000000
-20.100000 15.000000 0.000000
-20.100000 15.000000 0.545455
-20.100000 15.000000 1.090909
-20.100000 15.000000 1.636364
-20.100000 15.000000 2.181818
-20.100000 15.000000 2.727273
-20.100000 15.000000 3.272727
-20.100000 15.000000 3.818182
-20.100000 15.000000 4.363636
-20.100000 15.000000 4.909091
-20.100000 15.000000 5.454545
-20.100000 15.000000 6.000000
-20.100000 15.000000 0.000000
-20.100000 15.000000 0.545455
-20.100000 15.000000 1.090909
-20.100000 15.000000 1.636364
-20.100000 15.000000 2.181818
-20.100000 15.000000 2.727273
-20.100000 15.000000 3.272727
-20.100000 15.000000 3.818182
-20.100000 15.000000 4.363636
-20.100000 15.000000 4.909091
-20.100000 15.000000 5.454545
-20.100000 15.000000 6.000000
-19.900000 15.000000 0.000000
-19.900000 15.000000 0.545455
-19.900000 15.000000 1.090909
-19.900000 15.000000 1.636364
-19.900000 15.000000 2.181818
-19.900000 15.000000 2.727273
-19.900000 15.000000 3.272727
-19.900000 15.000000 3.818182
-19.900000 15.000000 4.363636
-19.900000 15.000000 4.909091
-19.900000 15.000000 5.454545
-19.900000 15.000000 6.000000
-20.100000 -15.000000 0.000000
-20.100000 -15.000000 0.545455
-20.100000 -15.000000 1.090909
-20.100000 -15.000000 1.636364
-20.100000 -15.000000 2.181818
-20.100000 -15.000000 2.727273
-20.100000 -15.000000 3.272727
-20.100000 -15.000000 3.818182
-20.100000 -15.000000 4.363636
-20.100000 -15.000000 4.909091
-20.100000 -15.000000 5.454545
-20.100000 -15.000000 6.000000
-19.900000 -15.000000 0.000000
-19.900000 -15.000000 0.545455
-19.900000 -15.000000 1.090909
-19.900000 -15.000000 1.636364
-19.900000 -15.000000 2.181818
-19.900000 -15.000000 2.727273
-19.900000 -15.000000 3.272727
-19.900000 -15.000000 3.818182
-19.900000 -15.000000 4.363636
-19.900000 -15.000000 4.909091
-19.900000 -15.000000 5.454545
-19.900000 -15.000000 6.000000
-20.100000 -15.000000 6.000000
-20.100000 -14.491525 6.000000
-20.100000 -13.983051 6.000000
-20.100000 -13.474576 6.000000
-20.100000 -12.966102 6.000000
-20.100000 -12.457627 6.000000
-20.100000 -11.949153 6.000000
-20.100000 -11.440678 6.000000
-20.100000 -10.932203 6.000000
-20.100000 -10.423729 6.000000
-20.100000 -9.915254 6.000000
-20.100000 -9.406780 6.000000
-20.100000 -8.898305 6.000000
-20.100000 -8.389831 6.000000
-20.100000 -7.881356 6.000000
-20.100000 -7.372881 6.000000
-20.100000 -6.864407 6.000000
-20.100000 -6.355932 6.000000
-20.100000 -5.847458 6.000000
-20.100000 -5.338983 6.000000
-20.100000 -4.830508 6.000000
-20.100000 -4.322034 6.000000
-20.100000 -3.813559 6.000000
-20.100000 -3.305085 6.000000
-20.100000 -2.796610 6.000000
-20.100000 -2.288136 6.000000
-20.100000 -1.779661 6.000000
-20.100000 -1.271186 6.000000
-20.100000 -0.762712 6.000000
-20.100000 -0.254237 6.000000
-20.100000 0.254237 6.000000
-20.100000 0.762712 6.000000
-20.100000 1.271186 6.000000
-20.100000 1.779661 6.000000
-20.100000 2.288136 6.000000
-20.100000 2.796610 6.000000
-20.100000 3.305085 6.000000
-20.100000 3.813559 6.000000
-20.100000 4.322034 6.000000
-20.100000 4.830508 6.000000
-20.100000 5.338983 6.000000
-20.100000 5.847458 6.000000
-20.100000 6.355932 6.000000
-20.100000 6.864407 6.000000
-20.100000 7.372881 6.000000
-20.100000 7.881356 6.000000
-20.100000 8.389831 6.000000
-20.100000 8.898305 6.000000
-20.100000 9.406780 6.000000
-20.100000 9.915254 6.000000
-20.100000 10.423729 6.000000
-20.100000 10.932203 6.000000
-20.100000 11.440678 6.000000
-20.100000 11.949153 6.000000
-20.100000 12.457627 6.000000
-20.100000 12.966102 6.000000
-20.100000 13.474576 6.000000
-20.100000 13.983051 6.000000
-20.100000 14.491525 6.000000
-20.100000 15.000000 6.000000
-19.900000 -15.000000 6.000000
-19.900000 -14.491525 6.000000
-19.900000 -13.983051 6.000000
-19.900000 -13.474576 6.000000
-19.900000 -12.966102 6.000000
-19.900000 -12.457627 6.000000
-19.900000 -11.949153 6.000000
-19.900000 -11.440678 6.000000
-19.900000 -10.932203 6.000000
-19.900000 -10.423729 6.000000
-19.900000 -9.915254 6.000000
-19.900000 -9.406780 6.000000
-19.900000 -8.898305 6.000000
-19.900000 -8.389831 6.000000
-19.900000 -7.881356 6.000000
-19.900000 -7.372881 6.000000
-19.900000 -6.864407 6.000000
-19.900000 -6.355932 6.000000
-19.900000 -5.847458 6.000000
-19.900000 -5.338983 6.000000
-19.900000 -4.830508 6.000000
-19.900000 -4.322034 6.000000
-19.900000 -3.813559 6.000000
-19.900000 -3.305085 6.000000
-19.900000 -2.796610 6.000000
-19.900000 -2.288136 6.000000
-19.900000 -1.779661 6.000000
-19.900000 -1.271186 6.000000
-19.900000 -0.762712 6.000000
-19.900000 -0.254237 6.000000
-19.900000 0.254237 6.000000
-19.900000 0.762712 6.000000
-19.900000 1.271186 6.000000
-19.900000 1.779661 6.000000
-19.900000 2.288136 6.000000
-19.900000 2.796610 6.000000
-19.900000 3.305085 6.000000
-19.900000 3.813559 6.000000
-19.900000 4.322034 6.000000
-19.900000 4.830508 6.000000
-19.900000 5.338983 6.000000
-19.900000 5.847458 6.000000
-19.900000 6.355932 6.000000
-19.900000 6.864407 6.000000
-19.900000 7.372881 6.000000
-19.900000 7.881356 6.000000
-19.900000 8.389831 6.000000
-19.900000 8.898305 6.000000
-19.900000 9.406780 6.000000
-19.900000 9.915254 6.000000
-19.900000 10.423729 6.000000
-19.900000 10.932203 6.000000
-19.900000 11.440678 6.000000
-19.900000 11.949153 6.000000
-19.900000 12.457627 6.000000
-19.900000 12.966102 6.000000
-19.900000 13.474576 6.000000
-19.900000 13.983051 6.000000
-19.900000 14.491525 6.000000
-19.900000 15.000000 6.000000
-20.100000 -15.000000 0.000000
-20.100000 -14.491525 0.000000
-20.100000 -13.983051 0.000000
-20.100000 -13.474576 0.000000
-20.100000 -12.966102 0.000000
-20.100000 -12.457627 0.000000
-20.100000 -11.949153 0.000000
-20.100000 -11.440678 0.000000
-20.100000 -10.932203 0.000000
-20.100000 -10.423729 0.000000
-20.100000 -9.915254 0.000000
-20.100000 -9.406780 0.000000
-20.100000 -8.898305 0.000000
-20.100000 -8.389831 0.000000
-20.100000 -7.881356 0.000000
-20.100000 -7.372881 0.000000
-20.100000 -6.864407 0.000000
-20.100000 -6.355932 0.000000
-20.100000 -5.847458 0.000000
-20.100000 -5.338983 0.000000
-20.100000 -4.830508 0.000000
-20.100000 -4.322034 0.000000
-20.100000 -3.813559 0.000000
-20.100000 -3.305085 0.000000
-20.100000 -2.796610 0.000000
-20.100000 -2.288136 0.000000
-20.100000 -1.779661 0.000000
-20.100000 -1.271186 0.000000
-20.100000 -0.762712 0.000000
-20.100000 -0.254237 0.000000
-20.100000 0.254237 0.000000
-20.100000 0.762712 0.000000
-20.100000 1.271186 0.000000
-20.100000 1.779661 0.000000
-20.100000 2.288136 0.000000
-20.100000 2.796610 0.000000
-20.100000 3.305085 0.000000
-20.100000 3.813559 0.000000
-20.100000 4.322034 0.000000
-20.100000 4.830508 0.000000
-20.100000 5.338983 0.000000
-20.100000 5.847458 0.000000
-20.100000 6.355932 0.000000
-20.100000 6.864407 0.000000
-20.100000 7.372881 0.000000
-20.100000 7.881356 0.000000
-20.100000 8.389831 0.000000
-20.100000 8.898305 0.000000
-20.100000 9.406780 0.000000
-20.100000 9.915254 0.000000
-20.100000 10.423729 0.000000
-20.100000 10.932203 0.000000
-20.100000 11.440678 0.000000
-20.100000 11.949153 0.000000
-20.100000 12.457627 0.000000
-20.100000 12.966102 0.000000
-20.100000 13.474576 0.000000
-20.100000 13.983051 0.000000
-20.100000 14.491525 0.000000
-20.100000 15.000000 0.000000
-19.900000 -15.000000 0.000000
-19.900000 -14.491525 0.000000
-19.900000 -13.983051 0.000000
-19.900000 -13.474576 0.000000
-19.900000 -12.966102 0.000000
-19.900000 -12.457627 0.000000
-19.900000 -11.949153 0.000000
-19.900000 -11.440678 0.000000
-19.900000 -10.932203 0.000000
-19.900000 -10.423729 0.000000
-19.900000 -9.915254 0.000000
-19.900000 -9.406780 0.000000
-19.900000 -8.898305 0.000000
-19.900000 -8.389831 0.000000
-19.900000 -7.881356 0.000000
-19.900000 -7.372881 0.000000
-19.900000 -6.864407 0.000000
-19.900000 -6.355932 0.000000
-19.900000 -5.847458 0.000000
-19.900000 -5.338983 0.000000
-19.900000 -4.830508 0.000000
-19.900000 -4.322034 0.000000
-19.900000 -3.813559 0.000000
-19.900000 -3.305085 0.000000
-19.900000 -2.796610 0.000000
-19.900000 -2.288136 0.000000
-19.900000 -1.779661 0.000000
-19.900000 -1.271186 0.000000
-19.900000 -0.762712 0.000000
-19.900000 -0.254237 0.000000
-19.900000 0.254237 0.000000
-19.900000 0.762712 0.000000
-19.900000 1.271186 0.000000
-19.900000 1.779661 0.000000
-19.900000 2.288136 0.000000
-19.900000 2.796610 0.000000
-19.900000 3.305085 0.000000
-19.900000 3.813559 0.000000
-19.900000 4.322034 0.000000
-19.900000 4.830508 0.000000
-19.900000 5.338983 0.000000
-19.900000 5.847458 0.000000
-19.900000 6.355932 0.000000
-19.900000 6.864407 0.000000
-19.900000 7.372881 0.000000
-19.900000 7.881356 0.000000
-19.900000 8.389831 0.000000
-19.900000 8.898305 0.000000
-19.900000 9.406780 0.000000
-19.900000 9.915254 0.000000
-19.900000 10.423729 0.000000
-19.900000 10.932203 0.000000
-19.900000 11.440678 0.000000
-19.900000 11.949153 0.000000
-19.900000 12.457627 0.000000
-19.900000 12.966102 0.000000
-19.900000 13.474576 0.000000
-19.900000 13.983051 0.000000
-19.900000 14.491525 0.000000
-19.900000 15.000000 0.000000
-11.000000 -12.000000 0.000000
-11.000000 -12.000000 0.555556
-11.000000 -12.000000 1.111111
-11.000000 -12.000000 1.666667
-11.000000 -12.000000 2.222222
-11.000000 -12.000000 2.777778
-11.000000 -12.000000 3.333333
-11.000000 -12.000000 3.888889
-11.000000 -12.000000 4.444444
-11.000000 -12.000000 5.000000
-11.000000 -11.466667 0.000000
-11.000000 -11.466667 0.555556
-11.000000 -11.466667 1.111111
-11.000000 -11.466667 1.666667
-11.000000 -11.466667 2.222222
-11.000000 -11.466667 2.777778
-11.000000 -11.466667 3.333333
-11.000000 -11.466667 3.888889
-11.000000 -11.466667 4.444444
-11.000000 -11.466667 5.000000
-11.000000 -10.933333 0.000000
-11.000000 -10.933333 0.555556
-11.000000 -10.933333 1.111111
-11.000000 -10.933333 1.666667
-11.000000 -10.933333 2.222222
-11.000000 -10.933333 2.777778
-11.000000 -10.933333 3.333333
-11.000000 -10.933333 3.888889
-11.000000 -10.933333 4.444444
-11.000000 -10.933333 5.000000
-11.000000 -10.400000 0.000000
-11.000000 -10.400000 0.555556
-11.000000 -10.400000 1.111111
-11.000000 -10.400000 1.666667
-11.000000 -10.400000 2.222222
-11.000000 -10.400000 2.777778
-11.000000 -10.400000 3.333333
-11.000000 -10.400000 3.888889
-11.000000 -10.400000 4.444444
-11.000000 -10.400000 5.000000
-11.000000 -9.866667 0.000000
-11.000000 -9.866667 0.555556
-11.000000 -9.866667 1.111111
-11.000000 -9.866667 1.666667
-11.000000 -9.866667 2.222222
-11.000000 -9.866667 2.777778
-11.000000 -9.866667 3.333333
-11.000000 -9.866667 3.888889
-11.000000 -9.866667 4.444444
-11.000000 -9.866667 5.000000
-11.000000 -9.333333 0.000000
-11.000000 -9.333333 0.555556
-11.000000 -9.333333 1.111111
-11.000000 -9.333333 1.666667
-11.000000 -9.333333 2.222222
-11.000000 -9.333333 2.777778
-11.000000 -9.333333 3.333333
-11.000000 -9.333333 3.888889
-11.000000 -9.333333 4.444444
-11.000000 -9.333333 5.000000
-11.000000 -8.800000 0.000000
-11.000000 -8.800000 0.555556
-11.000000 -8.800000 1.111111
-11.000000 -8.800000 1.666667
-11.000000 -8.800000 2.222222
-11.000000 -8.800000 2.777778
-11.000000 -8.800000 3.333333
-11.000000 -8.800000 3.888889
-11.000000 -8.800000 4.444444
-11.000000 -8.800000 5.000000
-11.000000 -8.266667 0.000000
-11.000000 -8.266667 0.555556
-11.000000 -8.266667 1.111111
-11.000000 -8.266667 1.666667
-11.000000 -8.266667 2.222222
-11.000000 -8.266667 2.777778
-11.000000 -8.266667 3.333333
-11.000000 -8.266667 3.888889
-11.000000 -8.266667 4.444444
-11.000000 -8.266667 5.000000
-11.000000 -7.733333 0.000000
-11.000000 -7.733333 0.555556
-11.000000 -7.733333 1.111111
-11.000000 -7.733333 1.666667
-11.000000 -7.733333 2.222222
-11.000000 -7.733333 2.777778
-11.000000 -7.733333 3.333333
-11.000000 -7.733333 3.888889
-11.000000 -7.733333 4.444444
-11.000000 -7.733333 5.000000
-11.000000 -7.200000 0.000000
-11.000000 -7.200000 0.555556
-11.000000 -7.200000 1.111111
-11.000000 -7.200000 1.666667
-11.000000 -7.200000 2.222222
-11.000000 -7.200000 2.777778
-11.000000 -7.200000 3.333333
-11.000000 -7.200000 3.888889
-11.000000 -7.200000 4.444444
-11.000000 -7.200000 5.000000
-11.000000 -6.666667 0.000000
-11.000000 -6.666667 0.555556
-11.000000 -6.666667 1.111111
-11.000000 -6.666667 1.666667
-11.000000 -6.666667 2.222222
-11.000000 -6.666667 2.777778
-11.000000 -6.666667 3.333333
-11.000000 -6.666667 3.888889
-11.000000 -6.666667 4.444444
-11.000000 -6.666667 5.000000
-11.000000 -6.133333 0.000000
-11.000000 -6.133333 0.555556
-11.000000 -6.133333 1.111111
-11.000000 -6.133333 1.666667
-11.000000 -6.133333 2.222222
-11.000000 -6.133333 2.777778
-11.000000 -6.133333 3.333333
-11.000000 -6.133333 3.888889
-11.000000 -6.133333 4.444444
-11.000000 -6.133333 5.000000
-11.000000 -5.600000 0.000000
-11.000000 -5.600000 0.555556
-11.000000 -5.600000 1.111111
-11.000000 -5.600000 1.666667
-11.000000 -5.600000 2.222222
-11.000000 -5.600000 2.777778
-11.000000 -5.600000 3.333333
-11.000000 -5.600000 3.888889
-11.000000 -5.600000 4.444444
-11.000000 -5.600000 5.000000
-11.000000 -5.066667 0.000000
-11.000000 -5.066667 0.555556
-11.000000 -5.066667 1.111111
-11.000000 -5.066667 1.666667
-11.000000 -5.066667 2.222222
-11.000000 -5.066667 2.777778
-11.000000 -5.066667 3.333333
-11.000000 -5.066667 3.888889
-11.000000 -5.066667 4.444444
-11.000000 -5.066667 5.000000
-11.000000 -4.533333 0.000000
-11.000000 -4.533333 0.555556
-11.000000 -4.533333 1.111111
-11.000000 -4.533333 1.666667
-11.000000 -4.533333 2.222222
-11.000000 -4.533333 2.777778
-11.000000 -4.533333 3.333333
-11.000000 -4.533333 3.888889
-11.000000 -4.533333 4.444444
-11.000000 -4.533333 5.000000
-11.000000 -4.000000 0.000000
-11.000000 -4.000000 0.555556
-11.000000 -4.000000 1.111111
-11.000000 -4.000000 1.666667
-11.000000 -4.000000 2.222222
-11.000000 -4.000000 2.777778
-11.000000 -4.000000 3.333333
-11.000000 -4.000000 3.888889
-11.000000 -4.000000 4.444444
-11.000000 -4.000000 5.000000
-13.000000 -12.000000 0.000000
-13.000000 -12.000000 0.555556
-13.000000 -12.000000 1.111111
-13.000000 -12.000000 1.666667
-13.000000 -12.000000 2.222222
-13.000000 -12.000000 2.777778
-13.000000 -12.000000 3.333333
-13.000000 -12.000000 3.888889
-13.000000 -12.000000 4.444444
-13.000000 -12.000000 5.000000
-13.000000 -11.466667 0.000000
-13.000000 -11.466667 0.555556
-13.000000 -11.466667 1.111111
-13.000000 -11.466667 1.666667
-13.000000 -11.466667 2.222222
-13.000000 -11.466667 2.777778
-13.000000 -11.466667 3.333333
-13.000000 -11.466667 3.888889
-13.000000 -11.466667 4.444444
-13.000000 -11.466667 5.000000
-13.000000 -10.933333 0.000000
-13.000000 -10.933333 0.555556
-13.000000 -10.933333 1.111111
-13.000000 -10.933333 1.666667
-13.000000 -10.933333 2.222222
-13.000000 -10.933333 2.777778
-13.000000 -10.933333 3.333333
-13.000000 -10.933333 3.888889
-13.000000 -10.933333 4.444444
-13.000000 -10.933333 5.000000
-13.000000 -10.400000 0.000000
-13.000000 -10.400000 0.555556
-13.000000 -10.400000 1.111111
-13.000000 -10.400000 1.666667
-13.000000 -10.400000 2.222222
-13.000000 -10.400000 2.777778
-13.000000 -10.400000 3.333333
-13.000000 -10.400000 3.888889
-13.000000 -10.400000 4.444444
-13.000000 -10.400000 5.000000
-13.000000 -9.866667 0.000000
-13.000000 -9.866667 0.555556
-13.000000 -9.866667 1.111111
-13.000000 -9.866667 1.666667
-13.000000 -9.866667 2.222222
-13.000000 -9.866667 2.777778
-13.000000 -9.866667 3.333333
-13.000000 -9.866667 3.888889
-13.000000 -9.866667 4.444444
-13.000000 -9.866667 5.000000
-13.000000 -9.333333 0.000000
-13.000000 -9.333333 0.555556
-13.000000 -9.333333 1.111111
-13.000000 -9.333333 1.666667
-13.000000 -9.333333 2.222222
-13.000000 -9.333333 2.777778
-13.000000 -9.333333 3.333333
-13.000000 -9.333333 3.888889
-13.000000 -9.333333 4.444444
-13.000000 -9.333333 5.000000
-13.000000 -8.800000 0.000000
-13.000000 -8.800000 0.555556
-13.000000 -8.800000 1.111111
-13.000000 -8.800000 1.666667
-13.000000 -8.800000 2.222222
-13.000000 -8.800000 2.777778
-13.000000 -8.800000 3.333333
-13.000000 -8.800000 3.888889
-13.000000 -8.800000 4.444444
-13.000000 -8.800000 5.000000
-13.000000 -8.266667 0.000000
-13.000000 -8.266667 0.555556
-13.000000 -8.266667 1.111111
-13.000000 -8.266667 1.666667
-13.000000 -8.266667 2.222222
-13.000000 -8.266667 2.777778
-13.000000 -8.266667 3.333333
-13.000000 -8.266667 3.888889
-13.000000 -8.266667 4.444444
-13.000000 -8.266667 5.000000
-13.000000 -7.733333 0.000000
-13.000000 -7.733333 0.555556
-13.000000 -7.733333 1.111111
-13.000000 -7.733333 1.666667
-13.000000 -7.733333 2.222222
-13.000000 -7.733333 2.777778
-13.000000 -7.733333 3.333333
-13.000000 -7.733333 3.888889
-13.000000 -7.733333 4.444444
-13.000000 -7.733333 5.000000
-13.000000 -7.200000 0.000000
-13.000000 -7.200000 0.555556
-13.000000 -7.200000 1.111111
-13.000000 -7.200000 1.666667
-13.000000 -7.200000 2.222222
-13.000000 -7.200000 2.777778
-13.000000 -7.200000 3.333333
-13.000000 -7.200000 3.888889
-13.000000 -7.200000 4.444444
-13.000000 -7.200000 5.000000
-13.000000 -6.666667 0.000000
-13.000000 -6.666667 0.555556
-13.000000 -6.666667 1.111111
-13.000000 -6.666667 1.666667
-13.000000 -6.666667 2.222222
-13.000000 -6.666667 2.777778
-13.000000 -6.666667 3.333333
-13.000000 -6.666667 3.888889
-13.000000 -6.666667 4.444444
-13.000000 -6.666667 5.000000
-13.000000 -6.133333 0.000000
-13.000000 -6.133333 0.555556
-13.000000 -6.133333 1.111111
-13.000000 -6.133333 1.666667
-13.000000 -6.133333 2.222222
-13.000000 -6.133333 2.777778
-13.000000 -6.133333 3.333333
-13.000000 -6.133333 3.888889
-13.000000 -6.133333 4.444444
-13.000000 -6.133333 5.000000
-13.000000 -5.600000 0.000000
-13.000000 -5.600000 0.555556
-13.000000 -5.600000 1.111111
-13.000000 -5.600000 1.666667
-13.000000 -5.600000 2.222222
-13.000000 -5.600000 2.777778
-13.000000 -5.600000 3.333333
-13.000000 -5.600000 3.888889
-13.000000 -5.600000 4.444444
-13.000000 -5.600000 5.000000
-13.000000 -5.066667 0.000000
-13.000000 -5.066667 0.555556
-13.000000 -5.066667 1.111111
-13.000000 -5.066667 1.666667
-13.000000 -5.066667 2.222222
-13.000000 -5.066667 2.777778
-13.000000 -5.066667 3.333333
-13.000000 -5.066667 3.888889
-13.000000 -5.066667 4.444444
-13.000000 -5.066667 5.000000
-13.000000 -4.533333 0.000000
-13.000000 -4.533333 0.555556
-13.000000 -4.533333 1.111111
-13.000000 -4.533333 1.666667
-13.000000 -4.533333 2.222222
-13.000000 -4.533333 2.777778
-13.000000 -4.533333 3.333333
-13.000000 -4.533333 3.888889
-13.000000 -4.533333 4.444444
-13.000000 -4.533333 5.000000
-13.000000 -4.000000 0.000000
-13.000000 -4.000000 0.555556
-13.000000 -4.000000 1.111111
-13.000000 -4.000000 1.666667
-13.000000 -4.000000 2.222222
-13.000000 -4.000000 2.777778
-13.000000 -4.000000 3.333333
-13.000000 -4.000000 3.888889
-13.000000 -4.000000 4.444444
-13.000000 -4.000000 5.000000
-13.000000 -4.000000 0.000000
-13.000000 -4.000000 0.555556
-13.000000 -4.000000 1.111111
-13.000000 -4.000000 1.666667
-13.000000 -4.000000 2.222222
-13.000000 -4.000000 2.777778
-13.000000 -4.000000 3.333333
-13.000000 -4.000000 3.888889
-13.000000 -4.000000 4.444444
-13.000000 -4.000000 5.000000
-12.333333 -4.000000 0.000000
-12.333333 -4.000000 0.555556
-12.333333 -4.000000 1.111111
-12.333333 -4.000000 1.666667
-12.333333 -4.000000 2.222222
-12.333333 -4.000000 2.777778
-12.333333 -4.000000 3.333333
-12.333333 -4.000000 3.888889
-12.333333 -4.000000 4.444444
-12.333333 -4.000000 5.000000
-11.666667 -4.000000 0.000000
-11.666667 -4.000000 0.555556
-11.666667 -4.000000 1.111111
-11.666667 -4.000000 1.666667
-11.666667 -4.000000 2.222222
-11.666667 -4.000000 2.777778
-11.666667 -4.000000 3.333333
-11.666667 -4.000000 3.888889
-11.666667 -4.000000 4.444444
-11.666667 -4.000000 5.000000
-11.000000 -4.000000 0.000000
-11.000000 -4.000000 0.555556
-11.000000 -4.000000 1.111111
-11.000000 -4.000000 1.666667
-11.000000 -4.000000 2.222222
-11.000000 -4.000000 2.777778
-11.000000 -4.000000 3.333333
-11.000000 -4.000000 3.888889
-11.000000 -4.000000 4.444444
-11.000000 -4.000000 5.000000
-13.000000 -12.000000 0.000000
-13.000000 -12.000000 0.555556
-13.000000 -12.000000 1.111111
-13.000000 -12.000000 1.666667
-13.000000 -12.000000 2.222222
-13.000000 -12.000000 2.777778
-13.000000 -12.000000 3.333333
-13.000000 -12.000000 3.888889
-13.000000 -12.000000 4.444444
-13.000000 -12.000000 5.000000
-12.333333 -12.000000 0.000000
-12.333333 -12.000000 0.555556
-12.333333 -12.000000 1.111111
-12.333333 -12.000000 1.666667
-12.333333 -12.000000 2.222222
-12.333333 -12.000000 2.777778
-12.333333 -12.000000 3.333333
-12.333333 -12.000000 3.888889
-12.333333 -12.000000 4.444444
-12.333333 -12.000000 5.000000
-11.666667 -12.000000 0.000000
-11.666667 -12.000000 0.555556
-11.666667 -12.000000 1.111111
-11.666667 -12.000000 1.666667
-11.666667 -12.000000 2.222222
-11.666667 -12.000000 2.777778
-11.666667 -12.000000 3.333333
-11.666667 -12.000000 3.888889
-11.666667 -12.000000 4.444444
-11.666667 -12.000000 5.000000
-11.000000 -12.000000 0.000000
-11.000000 -12.000000 0.555556
-11.000000 -12.000000 1.111111
-11.000000 -12.000000 1.666667
-11.000000 -12.000000 2.222222
-11.000000 -12.000000 2.777778
-11.000000 -12.000000 3.333333
-11.000000 -12.000000 3.888889
-11.000000 -12.000000 4.444444
-11.000000 -12.000000 5.000000
-13.000000 -12.000000 5.000000
-13.000000 -11.466667 5.000000
-13.000000 -10.933333 5.000000
-13.000000 -10.400000 5.000000
-13.000000 -9.866667 5.000000
-13.000000 -9.333333 5.000000
-13.000000 -8.800000 5.000000
-13.000000 -8.266667 5.000000
-13.000000 -7.733333 5.000000
-13.000000 -7.200000 5.000000
-13.000000 -6.666667 5.000000
-13.000000 -6.133333 5.000000
-13.000000 -5.600000 5.000000
-13.000000 -5.066667 5.000000
-13.000000 -4.533333 5.000000
-13.000000 -4.000000 5.000000
-12.333333 -12.000000 5.000000
-12.333333 -11.466667 5.000000
-12.333333 -10.933333 5.000000
-12.333333 -10.400000 5.000000
-12.333333 -9.866667 5.000000
-12.333333 -9.333333 5.000000
-12.333333 -8.800000 5.000000
-12.333333 -8.266667 5.000000
-12.333333 -7.733333 5.000000
-12.333333 -7.200000 5.000000
-12.333333 -6.666667 5.000000
-12.333333 -6.133333 5.000000
-12.333333 -5.600000 5.000000
-12.333333 -5.066667 5.000000
-12.333333 -4.533333 5.000000
-12.333333 -4.000000 5.000000
-11.666667 -12.000000 5.000000
-11.666667 -11.466667 5.000000
-11.666667 -10.933333 5.000000
-11.666667 -10.400000 5.000000
-11.666667 -9.866667 5.000000
-11.666667 -9.333333 5.000000
-11.666667 -8.800000 5.000000
-11.666667 -8.266667 5.000000
-11.666667 -7.733333 5.000000
-11.666667 -7.200000 5.000000
-11.666667 -6.666667 5.000000
-11.666667 -6.133333 5.000000
-11.666667 -5.600000 5.000000
-11.666667 -5.066667 5.000000
-11.666667 -4.533333 5.000000
-11.666667 -4.000000 5.000000
-11.000000 -12.000000 5.000000
-11.000000 -11.466667 5.000000
-11.000000 -10.933333 5.000000
-11.000000 -10.400000 5.000000
-11.000000 -9.866667 5.000000
-11.000000 -9.333333 5.000000
-11.000000 -8.800000 5.000000
-11.000000 -8.266667 5.000000
-11.000000 -7.733333 5.000000
-11.000000 -7.200000 5.000000
-11.000000 -6.666667 5.000000
-11.000000 -6.133333 5.000000
-11.000000 -5.600000 5.000000
-11.000000 -5.066667 5.000000
-11.000000 -4.533333 5.000000
-11.000000 -4.000000 5.000000
-13.000000 -12.000000 0.000000
-13.000000 -11.466667 0.000000
-13.000000 -10.933333 0.000000
-13.000000 -10.400000 0.000000
-13.000000 -9.866667 0.000000
-13.000000 -9.333333 0.000000
-13.000000 -8.800000 0.000000
-13.000000 -8.266667 0.000000
-13.000000 -7.733333 0.000000
-13.000000 -7.200000 0.000000
-13.000000 -6.666667 0.000000
-13.000000 -6.133333 0.000000
-13.000000 -5.600000 0.000000
-13.000000 -5.066667 0.000000
-13.000000 -4.533333 0.000000
-13.000000 -4.000000 0.000000
-12.333333 -12.000000 0.000000
-12.333333 -11.466667 0.000000
-12.333333 -10.933333 0.000000
-12.333333 -10.400000 0.000000
-12.333333 -9.866667 0.000000
-12.333333 -9.333333 0.000000
-12.333333 -8.800000 0.000000
-12.333333 -8.266667 0.000000
-12.333333 -7.733333 0.000000
-12.333333 -7.200000 0.000000
-12.333333 -6.666667 0.000000
-12.333333 -6.133333 0.000000
-12.333333 -5.600000 0.000000
-12.333333 -5.066667 0.000000
-12.333333 -4.533333 0.000000
-12.333333 -4.000000 0.000000
-11.666667 -12.000000 0.000000
-11.666667 -11.466667 0.000000
-11.666667 -10.933333 0.000000
-11.666667 -10.400000 0.000000
-11.666667 -9.866667 0.000000
-11.666667 -9.333333 0.000000
-11.666667 -8.800000 0.000000
-11.666667 -8.266667 0.000000
-11.666667 -7.733333 0.000000
-11.666667 -7.200000 0.000000
-11.666667 -6.666667 0.000000
-11.666667 -6.133333 0.000000
-11.666667 -5.600000 0.000000
-11.666667 -5.066667 0.000000
-11.666667 -4.533333 0.000000
-11.666667 -4.000000 0.000000
-11.000000 -12.000000 0.000000
-11.000000 -11.466667 0.000000
-11.000000 -10.933333 0.000000
-11.000000 -10.400000 0.000000
-11.000000 -9.866667 0.000000
-11.000000 -9.333333 0.000000
-11.000000 -8.800000 0.000000
-11.000000 -8.266667 0.000000
-11.000000 -7.733333 0.000000
-11.000000 -7.200000 0.000000
-11.000000 -6.666667 0.000000
-11.000000 -6.133333 0.000000
-11.000000 -5.600000 0.000000
-11.000000 -5.066667 0.000000
-11.000000 -4.533333 0.000000
-11.000000 -4.000000 0.000000
-11.000000 -1.000000 0.000000
-11.000000 -1.000000 0.555556
-11.000000 -1.000000 1.111111
-11.000000 -1.000000 1.666667
-11.000000 -1.000000 2.222222
-11.000000 -1.000000 2.777778
-11.000000 -1.000000 3.333333
-11.000000 -1.000000 3.888889
-11.000000 -1.000000 4.444444
-11.000000 -1.000000 5.000000
-11.000000 -0.466667 0.000000
-11.000000 -0.466667 0.555556
-11.000000 -0.466667 1.111111
-11.000000 -0.466667 1.666667
-11.000000 -0.466667 2.222222
-11.000000 -0.466667 2.777778
-11.000000 -0.466667 3.333333
-11.000000 -0.466667 3.888889
-11.000000 -0.466667 4.444444
-11.000000 -0.466667 5.000000
-11.000000 0.066667 0.000000
-11.000000 0.066667 0.555556
-11.000000 0.066667 1.111111
-11.000000 0.066667 1.666667
-11.000000 0.066667 2.222222
-11.000000 0.066667 2.777778
-11.000000 0.066667 3.333333
-11.000000 0.066667 3.888889
-11.000000 0.066667 4.444444
-11.000000 0.066667 5.000000
-11.000000 0.600000 0.000000
-11.000000 0.600000 0.555556
-11.000000 0.600000 1.111111
-11.000000 0.600000 1.666667
-11.000000 0.600000 2.222222
-11.000000 0.600000 2.777778
-11.000000 0.600000 3.333333
-11.000000 0.600000 3.888889
-11.000000 0.600000 4.444444
-11.000000 0.600000 5.000000
-11.000000 1.133333 0.000000
-11.000000 1.133333 0.555556
-11.000000 1.133333 1.111111
-11.000000 1.133333 1.666667
-11.000000 1.133333 2.222222
-11.000000 1.133333 2.777778
-11.000000 1.133333 3.333333
-11.000000 1.133333 3.888889
-11.000000 1.133333 4.444444
-11.000000 1.133333 5.000000
-11.000000 1.666667 0.000000
-11.000000 1.666667 0.555556
-11.000000 1.666667 1.111111
-11.000000 1.666667 1.666667
-11.000000 1.666667 2.222222
-11.000000 1.666667 2.777778
-11.000000 1.666667 3.333333
-11.000000 1.666667 3.888889
-11.000000 1.666667 4.444444
-11.000000 1.666667 5.000000
-11.000000 2.200000 0.000000
-11.000000 2.200000 0.555556
-11.000000 2.200000 1.111111
-11.000000 2.200000 1.666667
-11.000000 2.200000 2.222222
-11.000000 2.200000 2.777778
-11.000000 2.200000 3.333333
-11.000000 2.200000 3.888889
-11.000000 2.200000 4.444444
-11.000000 2.200000 5.000000
-11.000000 2.733333 0.000000
-11.000000 2.733333 0.555556
-11.000000 2.733333 1.111111
-11.000000 2.733333 1.666667
-11.000000 2.733333 2.222222
-11.000000 2.733333 2.777778
-11.000000 2.733333 3.333333
-11.000000 2.733333 3.888889
-11.000000 2.733333 4.444444
-11.000000 2.733333 5.000000
-11.000000 3.266667 0.000000
-11.000000 3.266667 0.555556
-11.000000 3.266667 1.111111
-11.000000 3.266667 1.666667
-11.000000 3.266667 2.222222
-11.000000 3.266667 2.777778
-11.000000 3.266667 3.333333
-11.000000 3.266667 3.888889
-11.000000 3.266667 4.444444
-11.000000 3.266667 5.000000
-11.000000 3.800000 0.000000
-11.000000 3.800000 0.555556
-11.000000 3.800000 1.111111
-11.000000 3.800000 1.666667
-11.000000 3.800000 2.222222
-11.000000 3.800000 2.777778
-11.000000 3.800000 3.333333
-11.000000 3.800000 3.888889
-11.000000 3.800000 4.444444
-11.000000 3.800000 5.000000
-11.000000 4.333333 0.000000
-11.000000 4.333333 0.555556
-11.000000 4.333333 1.111111
-11.000000 4.333333 1.666667
-11.000000 4.333333 2.222222
-11.000000 4.333333 2.777778
-11.000000 4.333333 3.333333
-11.000000 4.333333 3.888889
-11.000000 4.333333 4.444444
-11.000000 4.333333 5.000000
-11.000000 4.866667 0.000000
-11.000000 4.866667 0.555556
-11.000000 4.866667 1.111111
-11.000000 4.866667 1.666667
-11.000000 4.866667 2.222222
-11.000000 4.866667 2.777778
-11.000000 4.866667 3.333333
-11.000000 4.866667 3.888889
-11.000000 4.866667 4.444444
-11.000000 4.866667 5.000000
-11.000000 5.400000 0.000000
-11.000000 5.400000 0.555556
-11.000000 5.400000 1.111111
-11.000000 5.400000 1.666667
-11.000000 5.400000 2.222222
-11.000000 5.400000 2.777778
-11.000000 5.400000 3.333333
-11.000000 5.400000 3.888889
-11.000000 5.400000 4.444444
-11.000000 5.400000 5.000000
-11.000000 5.933333 0.000000
-11.000000 5.933333 0.555556
-11.000000 5.933333 1.111111
-11.000000 5.933333 1.666667
-11.000000 5.933333 2.222222
-11.000000 5.933333 2.777778
-11.000000 5.933333 3.333333
-11.000000 5.933333 3.888889
-11.000000 5.933333 4.444444
-11.000000 5.933333 5.000000
-11.000000 6.466667 0.000000
-11.000000 6.466667 0.555556
-11.000000 6.466667 1.111111
-11.000000 6.466667 1.666667
-11.000000 6.466667 2.222222
-11.000000 6.466667 2.777778
-11.000000 6.466667 3.333333
-11.000000 6.466667 3.888889
-11.000000 6.466667 4.444444
-11.000000 6.466667 5.000000
-11.000000 7.000000 0.000000
-11.000000 7.000000 0.555556
-11.000000 7.000000 1.111111
-11.000000 7.000000 1.666667
-11.000000 7.000000 2.222222
-11.000000 7.000000 2.777778
-11.000000 7.000000 3.333333
-11.000000 7.000000 3.888889
-11.000000 7.000000 4.444444
-11.000000 7.000000 5.000000
-13.000000 -1.000000 0.000000
-13.000000 -1.000000 0.555556
-13.000000 -1.000000 1.111111
-13.000000 -1.000000 1.666667
-13.000000 -1.000000 2.222222
-13.000000 -1.000000 2.777778
-13.000000 -1.000000 3.333333
-13.000000 -1.000000 3.888889
-13.000000 -1.000000 4.444444
-13.000000 -1.000000 5.000000
-13.000000 -0.466667 0.000000
-13.000000 -0.466667 0.555556
-13.000000 -0.466667 1.111111
-13.000000 -0.466667 1.666667
-13.000000 -0.466667 2.222222
-13.000000 -0.466667 2.777778
-13.000000 -0.466667 3.333333
-13.000000 -0.466667 3.888889
-13.000000 -0.466667 4.444444
-13.000000 -0.466667 5.000000
-13.000000 0.066667 0.000000
-13.000000 0.066667 0.555556
-13.000000 0.066667 1.111111
-13.000000 0.066667 1.666667
-13.000000 0.066667 2.222222
-13.000000 0.066667 2.777778
-13.000000 0.066667 3.333333
-13.000000 0.066667 3.888889
-13.000000 0.066667 4.444444
-13.000000 0.066667 5.000000
-13.000000 0.600000 0.000000
-13.000000 0.600000 0.555556
-13.000000 0.600000 1.111111
-13.000000 0.600000 1.666667
-13.000000 0.600000 2.222222
-13.000000 0.600000 2.777778
-13.000000 0.600000 3.333333
-13.000000 0.600000 3.888889
-13.000000 0.600000 4.444444
-13.000000 0.600000 5.000000
-13.000000 1.133333 0.000000
-13.000000 1.133333 0.555556
-13.000000 1.133333 1.111111
-13.000000 1.133333 1.666667
-13.000000 1.133333 2.222222
-13.000000 1.133333 2.777778
-13.000000 1.133333 3.333333
-13.000000 1.133333 3.888889
-13.000000 1.133333 4.444444
-13.000000 1.133333 5.000000
-13.000000 1.666667 0.000000
-13.000000 1.666667 0.555556
-13.000000 1.666667 1.111111
-13.000000 1.666667 1.666667
-13.000000 1.666667 2.222222
-13.000000 1.666667 2.777778
-13.000000 1.666667 3.333333
-13.000000 1.666667 3.888889
-13.000000 1.666667 4.444444
-13.000000 1.666667 5.000000
-13.000000 2.200000 0.000000
-13.000000 2.200000 0.555556
-13.000000 2.200000 1.111111
-13.000000 2.200000 1.666667
-13.000000 2.200000 2.222222
-13.000000 2.200000 2.777778
-13.000000 2.200000 3.333333
-13.000000 2.200000 3.888889
-13.000000 2.200000 4.444444
-13.000000 2.200000 5.000000
-13.000000 2.733333 0.000000
-13.000000 2.733333 0.555556
-13.000000 2.733333 1.111111
-13.000000 2.733333 1.666667
-13.000000 2.733333 2.222222
-13.000000 2.733333 2.777778
-13.000000 2.733333 3.333333
-13.000000 2.733333 3.888889
-13.000000 2.733333 4.444444
-13.000000 2.733333 5.000000
-13.000000 3.266667 0.000000
-13.000000 3.266667 0.555556
-13.000000 3.266667 1.111111
-13.000000 3.266667 1.666667
-13.000000 3.266667 2.222222
-13.000000 3.266667 2.777778
-13.000000 3.266667 3.333333
-13.000000 3.266667 3.888889
-13.000000 3.266667 4.444444
-13.000000 3.266667 5.000000
-13.000000 3.800000 0.000000
-13.000000 3.800000 0.555556
-13.000000 3.800000 1.111111
-13.000000 3.800000 1.666667
-13.000000 3.800000 2.222222
-13.000000 3.800000 2.777778
-13.000000 3.800000 3.333333
-13.000000 3.800000 3.888889
-13.000000 3.800000 4.444444
-13.000000 3.800000 5.000000
-13.000000 4.333333 0.000000
-13.000000 4.333333 0.555556
-13.000000 4.333333 1.111111
-13.000000 4.333333 1.666667
-13.000000 4.333333 2.222222
-13.000000 4.333333 2.777778
-13.000000 4.333333 3.333333
-13.000000 4.333333 3.888889
-13.000000 4.333333 4.444444
-13.000000 4.333333 5.000000
-13.000000 4.866667 0.000000
-13.000000 4.866667 0.555556
-13.000000 4.866667 1.111111
-13.000000 4.866667 1.666667
-13.000000 4.866667 2.222222
-13.000000 4.866667 2.777778
-13.000000 4.866667 3.333333
-13.000000 4.866667 3.888889
-13.000000 4.866667 4.444444
-13.000000 4.866667 5.000000
-13.000000 5.400000 0.000000
-13.000000 5.400000 0.555556
-13.000000 5.400000 1.111111
-13.000000 5.400000 1.666667
-13.000000 5.400000 2.222222
-13.000000 5.400000 2.777778
-13.000000 5.400000 3.333333
-13.000000 5.400000 3.888889
-13.000000 5.400000 4.444444
-13.000000 5.400000 5.000000
-13.000000 5.933333 0.000000
-13.000000 5.933333 0.555556
-13.000000 5.933333 1.111111
-13.000000 5.933333 1.666667
-13.000000 5.933333 2.222222
-13.000000 5.933333 2.777778
-13.000000 5.933333 3.333333
-13.000000 5.933333 3.888889
-13.000000 5.933333 4.444444
-13.000000 5.933333 5.000000
-13.000000 6.466667 0.000000
-13.000000 6.466667 0.555556
-13.000000 6.466667 1.111111
-13.000000 6.466667 1.666667
-13.000000 6.466667 2.222222
-13.000000 6.466667 2.777778
-13.000000 6.466667 3.333333
-13.000000 6.466667 3.888889
-13.000000 6.466667 4.444444
-13.000000 6.466667 5.000000
-13.000000 7.000000 0.000000
-13.000000 7.000000 0.555556
-13.000000 7.000000 1.111111
-13.000000 7.000000 1.666667
-13.000000 7.000000 2.222222
-13.000000 7.000000 2.777778
-13.000000 7.000000 3.333333
-13.000000 7.000000 3.888889
-13.000000 7.000000 4.444444
-13.000000 7.000000 5.000000
-13.000000 7.000000 0.000000
-13.000000 7.000000 0.555556
-13.000000 7.000000 1.111111
-13.000000 7.000000 1.666667
-13.000000 7.000000 2.222222
-13.000000 7.000000 2.777778
-13.000000 7.000000 3.333333
-13.000000 7.000000 3.888889
-13.000000 7.000000 4.444444
-13.000000 7.000000 5.000000
-12.333333 7.000000 0.000000
-12.333333 7.000000 0.555556
-12.333333 7.000000 1.111111
-12.333333 7.000000 1.666667
-12.333333 7.000000 2.222222
-12.333333 7.000000 2.777778
-12.333333 7.000000 3.333333
-12.333333 7.000000 3.888889
-12.333333 7.000000 4.444444
-12.333333 7.000000 5.000000
-11.666667 7.000000 0.000000
-11.666667 7.000000 0.555556
-11.666667 7.000000 1.111111
-11.666667 7.000000 1.666667
-11.666667 7.000000 2.222222
-11.666667 7.000000 2.777778
-11.666667 7.000000 3.333333
-11.666667 7.000000 3.888889
-11.666667 7.000000 4.444444
-11.666667 7.000000 5.000000
-11.000000 7.000000 0.000000
-11.000000 7.000000 0.555556
-11.000000 7.000000 1.111111
-11.000000 7.000000 1.666667
-11.000000 7.000000 2.222222
-11.000000 7.000000 2.777778
-11.000000 7.000000 3.333333
-11.000000 7.000000 3.888889
-11.000000 7.000000 4.444444
-11.000000 7.000000 5.000000
-13.000000 -1.000000 0.000000
-13.000000 -1.000000 0.555556
-13.000000 -1.000000 1.111111
-13.000000 -1.000000 1.666667
-13.000000 -1.000000 2.222222
-13.000000 -1.000000 2.777778
-13.000000 -1.000000 3.333333
-13.000000 -1.000000 3.888889
-13.000000 -1.000000 4.444444
-13.000000 -1.000000 5.000000
-12.333333 -1.000000 0.000000
-12.333333 -1.000000 0.555556
-12.333333 -1.000000 1.111111
-12.333333 -1.000000 1.666667
-12.333333 -1.000000 2.222222
-12.333333 -1.000000 2.777778
-12.333333 -1.000000 3.333333
-12.333333 -1.000000 3.888889
-12.333333 -1.000000 4.444444
-12.333333 -1.000000 5.000000
-11.666667 -1.000000 0.000000
-11.666667 -1.000000 0.555556
-11.666667 -1.000000 1.111111
-11.666667 -1.000000 1.666667
-11.666667 -1.000000 2.222222
-11.666667 -1.000000 2.777778
-11.666667 -1.000000 3.333333
-11.666667 -1.000000 3.888889
-11.666667 -1.000000 4.444444
-11.666667 -1.000000 5.000000
-11.000000 -1.000000 0.000000
-11.000000 -1.000000 0.555556
-11.000000 -1.000000 1.111111
-11.000000 -1.000000 1.666667
-11.000000 -1.000000 2.222222
-11.000000 -1.000000 2.777778
-11.000000 -1.000000 3.333333
-11.000000 -1.000000 3.888889
-11.000000 -1.000000 4.444444
-11.000000 -1.000000 5.000000
-13.000000 -1.000000 5.000000
-13.000000 -0.466667 5.000000
-13.000000 0.066667 5.000000
-13.000000 0.600000 5.000000
-13.000000 1.133333 5.000000
-13.000000 1.666667 5.000000
-13.000000 2.200000 5.000000
-13.000000 2.733333 5.000000
-13.000000 3.266667 5.000000
-13.000000 3.800000 5.000000
-13.000000 4.333333 5.000000
-13.000000 4.866667 5.000000
-13.000000 5.400000 5.000000
-13.000000 5.933333 5.000000
-13.000000 6.466667 5.000000
-13.000000 7.000000 5.000000
-12.333333 -1.000000 5.000000
-12.333333 -0.466667 5.000000
-12.333333 0.066667 5.000000
-12.333333 0.600000 5.000000
-12.333333 1.133333 5.000000
-12.333333 1.666667 5.000000
-12.333333 2.200000 5.000000
-12.333333 2.733333 5.000000
-12.333333 3.266667 5.000000
-12.333333 3.800000 5.000000
-12.333333 4.333333 5.000000
-12.333333 4.866667 5.000000
-12.333333 5.400000 5.000000
-12.333333 5.933333 5.000000
-12.333333 6.466667 5.000000
-12.333333 7.000000 5.000000
-11.666667 -1.000000 5.000000
-11.666667 -0.466667 5.000000
-11.666667 0.066667 5.000000
-11.666667 0.600000 5.000000
-11.666667 1.133333 5.000000
-11.666667 1.666667 5.000000
-11.666667 2.200000 5.000000
-11.666667 2.733333 5.000000
-11.666667 3.266667 5.000000
-11.666667 3.800000 5.000000
-11.666667 4.333333 5.000000
-11.666667 4.866667 5.000000
-11.666667 5.400000 5.000000
-11.666667 5.933333 5.000000
-11.666667 6.466667 5.000000
-11.666667 7.000000 5.000000
-11.000000 -1.000000 5.000000
-11.000000 -0.466667 5.000000
-11.000000 0.066667 5.000000
-11.000000 0.600000 5.000000
-11.000000 1.133333 5.000000
-11.000000 1.666667 5.000000
-11.000000 2.200000 5.000000
-11.000000 2.733333 5.000000
-11.000000 3.266667 5.000000
-11.000000 3.800000 5.000000
-11.000000 4.333333 5.000000
-11.000000 4.866667 5.000000
-11.000000 5.400000 5.000000
-11.000000 5.933333 5.000000
-11.000000 6.466667 5.000000
-11.000000 7.000000 5.000000
-13.000000 -1.000000 0.000000
-13.000000 -0.466667 0.000000
-13.000000 0.066667 0.000000
-13.000000 0.600000 0.000000
-13.000000 1.133333 0.000000
-13.000000 1.666667 0.000000
-13.000000 2.200000 0.000000
-13.000000 2.733333 0.000000
-13.000000 3.266667 0.000000
-13.000000 3.800000 0.000000
-13.000000 4.333333 0.000000
-13.000000 4.866667 0.000000
-13.000000 5.400000 0.000000
-13.000000 5.933333 0.000000
-13.000000 6.466667 0.000000
-13.000000 7.000000 0.000000
-12.333333 -1.000000 0.000000
-12.333333 -0.466667 0.000000
-12.333333 0.066667 0.000000
-12.333333 0.600000 0.000000
-12.333333 1.133333 0.000000
-12.333333 1.666667 0.000000
-12.333333 2.200000 0.000000
-12.333333 2.733333 0.000000
-12.333333 3.266667 0.000000
-12.333333 3.800000 0.000000
-12.333333 4.333333 0.000000
-12.333333 4.866667 0.000000
-12.333333 5.400000 0.000000
-12.333333 5.933333 0.000000
-12.333333 6.466667 0.000000
-12.333333 7.000000 0.000000
-11.666667 -1.000000 0.000000
-11.666667 -0.466667 0.000000
-11.666667 0.066667 0.000000
-11.666667 0.600000 0.000000
-11.666667 1.133333 0.000000
-11.666667 1.666667 0.000000
-11.666667 2.200000 0.000000
-11.666667 2.733333 0.000000
-11.666667 3.266667 0.000000
-11.666667 3.800000 0.000000
-11.666667 4.333333 0.000000
-11.666667 4.866667 0.000000
-11.666667 5.400000 0.000000
-11.666667 5.933333 0.000000
-11.666667 6.466667 0.000000
-11.666667 7.000000 0.000000
-11.000000 -1.000000 0.000000
-11.000000 -0.466667 0.000000
-11.000000 0.066667 0.000000
-11.000000 0.600000 0.000000
-11.000000 1.133333 0.000000
-11.000000 1.666667 0.000000
-11.000000 2.200000 0.000000
-11.000000 2.733333 0.000000
-11.000000 3.266667 0.000000
-11.000000 3.800000 0.000000
-11.000000 4.333333 0.000000
-11.000000 4.866667 0.000000
-11.000000 5.400000 0.000000
-11.000000 5.933333 0.000000
-11.000000 6.466667 0.000000
-11.000000 7.000000 0.000000
-5.000000 -12.000000 0.000000
-5.000000 -12.000000 0.555556
-5.000000 -12.000000 1.111111
-5.000000 -12.000000 1.666667
-5.000000 -12.000000 2.222222
-5.000000 -12.000000 2.777778
-5.000000 -12.000000 3.333333
-5.000000 -12.000000 3.888889
-5.000000 -12.000000 4.444444
-5.000000 -12.000000 5.000000
-5.000000 -11.466667 0.000000
-5.000000 -11.466667 0.555556
-5.000000 -11.466667 1.111111
-5.000000 -11.466667 1.666667
-5.000000 -11.466667 2.222222
-5.000000 -11.466667 2.777778
-5.000000 -11.466667 3.333333
-5.000000 -11.466667 3.888889
-5.000000 -11.466667 4.444444
-5.000000 -11.466667 5.000000
-5.000000 -10.933333 0.000000
-5.000000 -10.933333 0.555556
-5.000000 -10.933333 1.111111
-5.000000 -10.933333 1.666667
-5.000000 -10.933333 2.222222
-5.000000 -10.933333 2.777778
-5.000000 -10.933333 3.333333
-5.000000 -10.933333 3.888889
-5.000000 -10.933333 4.444444
-5.000000 -10.933333 5.000000
-5.000000 -10.400000 0.000000
-5.000000 -10.400000 0.555556
-5.000000 -10.400000 1.111111
-5.000000 -10.400000 1.666667
-5.000000 -10.400000 2.222222
-5.000000 -10.400000 2.777778
-5.000000 -10.400000 3.333333
-5.000000 -10.400000 3.888889
-5.000000 -10.400000 4.444444
-5.000000 -10.400000 5.000000
-5.000000 -9.866667 0.000000
-5.000000 -9.866667 0.555556
-5.000000 -9.866667 1.111111
-5.000000 -9.866667 1.666667
-5.000000 -9.866667 2.222222
-5.000000 -9.866667 2.777778
-5.000000 -9.866667 3.333333
-5.000000 -9.866667 3.888889
-5.000000 -9.866667 4.444444
-5.000000 -9.866667 5.000000
-5.000000 -9.333333 0.000000
-5.000000 -9.333333 0.555556
-5.000000 -9.333333 1.111111
-5.000000 -9.333333 1.666667
-5.000000 -9.333333 2.222222
-5.000000 -9.333333 2.777778
-5.000000 -9.333333 3.333333
-5.000000 -9.333333 3.888889
-5.000000 -9.333333 4.444444
-5.000000 -9.333333 5.000000
-5.000000 -8.800000 0.000000
-5.000000 -8.800000 0.555556
-5.000000 -8.800000 1.111111
-5.000000 -8.800000 1.666667
-5.000000 -8.800000 2.222222
-5.000000 -8.800000 2.777778
-5.000000 -8.800000 3.333333
-5.000000 -8.800000 3.888889
-5.000000 -8.800000 4.444444
-5.000000 -8.800000 5.000000
-5.000000 -8.266667 0.000000
-5.000000 -8.266667 0.555556
-5.000000 -8.266667 1.111111
-5.000000 -8.266667 1.666667
-5.000000 -8.266667 2.222222
-5.000000 -8.266667 2.777778
-5.000000 -8.266667 3.333333
-5.000000 -8.266667 3.888889
-5.000000 -8.266667 4.444444
-5.000000 -8.266667 5.000000
-5.000000 -7.733333 0.000000
-5.000000 -7.733333 0.555556
-5.000000 -7.733333 1.111111
-5.000000 -7.733333 1.666667
-5.000000 -7.733333 2.222222
-5.000000 -7.733333 2.777778
-5.000000 -7.733333 3.333333
-5.000000 -7.733333 3.888889
-5.000000 -7.733333 4.444444
-5.000000 -7.733333 5.000000
-5.000000 -7.200000 0.000000
-5.000000 -7.200000 0.555556
-5.000000 -7.200000 1.111111
-5.000000 -7.200000 1.666667
-5.000000 -7.200000 2.222222
-5.000000 -7.200000 2.777778
-5.000000 -7.200000 3.333333
-5.000000 -7.200000 3.888889
-5.000000 -7.200000 4.444444
-5.000000 -7.200000 5.000000
-5.000000 -6.666667 0.000000
-5.000000 -6.666667 0.555556
-5.000000 -6.666667 1.111111
-5.000000 -6.666667 1.666667
-5.000000 -6.666667 2.222222
-5.000000 -6.666667 2.777778
-5.000000 -6.666667 3.333333
-5.000000 -6.666667 3.888889
-5.000000 -6.666667 4.444444
-5.000000 -6.666667 5.000000
-5.000000 -6.133333 0.000000
-5.000000 -6.133333 0.555556
-5.000000 -6.133333 1.111111
-5.000000 -6.133333 1.666667
-5.000000 -6.133333 2.222222
-5.000000 -6.133333 2.777778
-5.000000 -6.133333 3.333333
-5.000000 -6.133333 3.888889
-5.000000 -6.133333 4.444444
-5.000000 -6.133333 5.000000
-5.000000 -5.600000 0.000000
-5.000000 -5.600000 0.555556
-5.000000 -5.600000 1.111111
-5.000000 -5.600000 1.666667
-5.000000 -5.600000 2.222222
-5.000000 -5.600000 2.777778
-5.000000 -5.600000 3.333333
-5.000000 -5.600000 3.888889
-5.000000 -5.600000 4.444444
-5.000000 -5.600000 5.000000
-5.000000 -5.066667 0.000000
-5.000000 -5.066667 0.555556
-5.000000 -5.066667 1.111111
-5.000000 -5.066667 1.666667
-5.000000 -5.066667 2.222222
-5.000000 -5.066667 2.777778
-5.000000 -5.066667 3.333333
-5.000000 -5.066667 3.888889
-5.000000 -5.066667 4.444444
-5.000000 -5.066667 5.000000
-5.000000 -4.533333 0.000000
-5.000000 -4.533333 0.555556
-5.000000 -4.533333 1.111111
-5.000000 -4.533333 1.666667
-5.000000 -4.533333 2.222222
-5.000000 -4.533333 2.777778
-5.000000 -4.533333 3.333333
-5.000000 -4.533333 3.888889
-5.000000 -4.533333 4.444444
-5.000000 -4.533333 5.000000
-5.000000 -4.000000 0.000000
-5.000000 -4.000000 0.555556
-5.000000 -4.000000 1.111111
-5.000000 -4.000000 1.666667
-5.000000 -4.000000 2.222222
-5.000000 -4.000000 2.777778
-5.000000 -4.000000 3.333333
-5.000000 -4.000000 3.888889
-5.000000 -4.000000 4.444444
-5.000000 -4.000000 5.000000
-7.000000 -12.000000 0.000000
-7.000000 -12.000000 0.555556
-7.000000 -12.000000 1.111111
-7.000000 -12.000000 1.666667
-7.000000 -12.000000 2.222222
-7.000000 -12.000000 2.777778
-7.000000 -12.000000 3.333333
-7.000000 -12.000000 3.888889
-7.000000 -12.000000 4.444444
-7.000000 -12.000000 5.000000
-7.000000 -11.466667 0.000000
-7.000000 -11.466667 0.555556
-7.000000 -11.466667 1.111111
-7.000000 -11.466667 1.666667
-7.000000 -11.466667 2.222222
-7.000000 -11.466667 2.777778
-7.000000 -11.466667 3.333333
-7.000000 -11.466667 3.888889
-7.000000 -11.466667 4.444444
-7.000000 -11.466667 5.000000
-7.000000 -10.933333 0.000000
-7.000000 -10.933333 0.555556
-7.000000 -10.933333 1.111111
-7.000000 -10.933333 1.666667
-7.000000 -10.933333 2.222222
-7.000000 -10.933333 2.777778
-7.000000 -10.933333 3.333333
-7.000000 -10.933333 3.888889
-7.000000 -10.933333 4.444444
-7.000000 -10.933333 5.000000
-7.000000 -10.400000 0.000000
-7.000000 -10.400000 0.555556
-7.000000 -10.400000 1.111111
-7.000000 -10.400000 1.666667
-7.000000 -10.400000 2.222222
-7.000000 -10.400000 2.777778
-7.000000 -10.400000 3.333333
-7.000000 -10.400000 3.888889
-7.000000 -10.400000 4.444444
-7.000000 -10.400000 5.000000
-7.000000 -9.866667 0.000000
-7.000000 -9.866667 0.555556
-7.000000 -9.866667 1.111111
-7.000000 -9.866667 1.666667
-7.000000 -9.866667 2.222222
-7.000000 -9.866667 2.777778
-7.000000 -9.866667 3.333333
-7.000000 -9.866667 3.888889
-7.000000 -9.866667 4.444444
-7.000000 -9.866667 5.000000
-7.000000 -9.333333 0.000000
-7.000000 -9.333333 0.555556
-7.000000 -9.333333 1.111111
-7.000000 -9.333333 1.666667
-7.000000 -9.333333 2.222222
-7.000000 -9.333333 2.777778
-7.000000 -9.333333 3.333333
-7.000000 -9.333333 3.888889
-7.000000 -9.333333 4.444444
-7.000000 -9.333333 5.000000
-7.000000 -8.800000 0.000000
-7.000000 -8.800000 0.555556
-7.000000 -8.800000 1.111111
-7.000000 -8.800000 1.666667
-7.000000 -8.800000 2.222222
-7.000000 -8.800000 2.777778
-7.000000 -8.800000 3.333333
-7.000000 -8.800000 3.888889
-7.000000 -8.800000 4.444444
-7.000000 -8.800000 5.000000
-7.000000 -8.266667 0.000000
-7.000000 -8.266667 0.555556
-7.000000 -8.266667 1.111111
-7.000000 -8.266667 1.666667
-7.000000 -8.266667 2.222222
-7.000000 -8.266667 2.777778
-7.000000 -8.266667 3.333333
-7.000000 -8.266667 3.888889
-7.000000 -8.266667 4.444444
-7.000000 -8.266667 5.000000
-7.000000 -7.733333 0.000000
-7.000000 -7.733333 0.555556
-7.000000 -7.733333 1.111111
-7.000000 -7.733333 1.666667
-7.000000 -7.733333 2.222222
-7.000000 -7.733333 2.777778
-7.000000 -7.733333 3.333333
-7.000000 -7.733333 3.888889
-7.000000 -7.733333 4.444444
-7.000000 -7.733333 5.000000
-7.000000 -7.200000 0.000000
-7.000000 -7.200000 0.555556
-7.000000 -7.200000 1.111111
-7.000000 -7.200000 1.666667
-7.000000 -7.200000 2.222222
-7.000000 -7.200000 2.777778
-7.000000 -7.200000 3.333333
-7.000000 -7.200000 3.888889
-7.000000 -7.200000 4.444444
-7.000000 -7.200000 5.000000
-7.000000 -6.666667 0.000000
-7.000000 -6.666667 0.555556
-7.000000 -6.666667 1.111111
-7.000000 -6.666667 1.666667
-7.000000 -6.666667 2.222222
-7.000000 -6.666667 2.777778
-7.000000 -6.666667 3.333333
-7.000000 -6.666667 3.888889
-7.000000 -6.666667 4.444444
-7.000000 -6.666667 5.000000
-7.000000 -6.133333 0.000000
-7.000000 -6.133333 0.555556
-7.000000 -6.133333 1.111111
-7.000000 -6.133333 1.666667
-7.000000 -6.133333 2.222222
-7.000000 -6.133333 2.777778
-7.000000 -6.133333 3.333333
-7.000000 -6.133333 3.888889
-7.000000 -6.133333 4.444444
-7.000000 -6.133333 5.000000
-7.000000 -5.600000 0.000000
-7.000000 -5.600000 0.555556
-7.000000 -5.600000 1.111111
-7.000000 -5.600000 1.666667
-7.000000 -5.600000 2.222222
-7.000000 -5.600000 2.777778
-7.000000 -5.600000 3.333333
-7.000000 -5.600000 3.888889
-7.000000 -5.600000 4.444444
-7.000000 -5.600000 5.000000
-7.000000 -5.066667 0.000000
-7.000000 -5.066667 0.555556
-7.000000 -5.066667 1.111111
-7.000000 -5.066667 1.666667
-7.000000 -5.066667 2.222222
-7.000000 -5.066667 2.777778
-7.000000 -5.066667 3.333333
-7.000000 -5.066667 3.888889
-7.000000 -5.066667 4.444444
-7.000000 -5.066667 5.000000
-7.000000 -4.533333 0.000000
-7.000000 -4.533333 0.555556
-7.000000 -4.533333 1.111111
-7.000000 -4.533333 1.666667
-7.000000 -4.533333 2.222222
-7.000000 -4.533333 2.777778
-7.000000 -4.533333 3.333333
-7.000000 -4.533333 3.888889
-7.000000 -4.533333 4.444444
-7.000000 -4.533333 5.000000
-7.000000 -4.000000 0.000000
-7.000000 -4.000000 0.555556
-7.000000 -4.000000 1.111111
-7.000000 -4.000000 1.666667
-7.000000 -4.000000 2.222222
-7.000000 -4.000000 2.777778
-7.000000 -4.000000 3.333333
-7.000000 -4.000000 3.888889
-7.000000 -4.000000 4.444444
-7.000000 -4.000000 5.000000
-7.000000 -4.000000 0.000000
-7.000000 -4.000000 0.555556
-7.000000 -4.000000 1.111111
-7.000000 -4.000000 1.666667
-7.000000 -4.000000 2.222222
-7.000000 -4.000000 2.777778
-7.000000 -4.000000 3.333333
-7.000000 -4.000000 3.888889
-7.000000 -4.000000 4.444444
-7.000000 -4.000000 5.000000
-6.333333 -4.000000 0.000000
-6.333333 -4.000000 0.555556
-6.333333 -4.000000 1.111111
-6.333333 -4.000000 1.666667
-6.333333 -4.000000 2.222222
-6.333333 -4.000000 2.777778
-6.333333 -4.000000 3.333333
-6.333333 -4.000000 3.888889
-6.333333 -4.000000 4.444444
-6.333333 -4.000000 5.000000
-5.666667 -4.000000 0.000000
-5.666667 -4.000000 0.555556
-5.666667 -4.000000 1.111111
-5.666667 -4.000000 1.666667
-5.666667 -4.000000 2.222222
-5.666667 -4.000000 2.777778
-5.666667 -4.000000 3.333333
-5.666667 -4.000000 3.888889
-5.666667 -4.000000 4.444444
-5.666667 -4.000000 5.000000
-5.000000 -4.000000 0.000000
-5.000000 -4.000000 0.555556
-5.000000 -4.000000 1.111111
-5.000000 -4.000000 1.666667
-5.000000 -4.000000 2.222222
-5.000000 -4.000000 2.777778
-5.000000 -4.000000 3.333333
-5.000000 -4.000000 3.888889
-5.000000 -4.000000 4.444444
-5.000000 -4.000000 5.000000
-7.000000 -12.000000 0.000000
-7.000000 -12.000000 0.555556
-7.000000 -12.000000 1.111111
-7.000000 -12.000000 1.666667
-7.000000 -12.000000 2.222222
-7.000000 -12.000000 2.777778
-7.000000 -12.000000 3.333333
-7.000000 -12.000000 3.888889
-7.000000 -12.000000 4.444444
-7.000000 -12.000000 5.000000
-6.333333 -12.000000 0.000000
-6.333333 -12.000000 0.555556
-6.333333 -12.000000 1.111111
-6.333333 -12.000000 1.666667
-6.333333 -12.000000 2.222222
-6.333333 -12.000000 2.777778
-6.333333 -12.000000 3.333333
-6.333333 -12.000000 3.888889
-6.333333 -12.000000 4.444444
-6.333333 -12.000000 5.000000
-5.666667 -12.000000 0.000000
-5.666667 -12.000000 0.555556
-5.666667 -12.000000 1.111111
-5.666667 -12.000000 1.666667
-5.666667 -12.000000 2.222222
-5.666667 -12.000000 2.777778
-5.666667 -12.000000 3.333333
-5.666667 -12.000000 3.888889
-5.666667 -12.000000 4.444444
-5.666667 -12.000000 5.000000
-5.000000 -12.000000 0.000000
-5.000000 -12.000000 0.555556
-5.000000 -12.000000 1.111111
-5.000000 -12.000000 1.666667
-5.000000 -12.000000 2.222222
-5.000000 -12.000000 2.777778
-5.000000 -12.000000 3.333333
-5.000000 -12.000000 3.888889
-5.000000 -12.000000 4.444444
-5.000000 -12.000000 5.000000
-7.000000 -12.000000 5.000000
-7.000000 -11.466667 5.000000
-7.000000 -10.933333 5.000000
-7.000000 -10.400000 5.000000
-7.000000 -9.866667 5.000000
-7.000000 -9.333333 5.000000
-7.000000 -8.800000 5.000000
-7.000000 -8.266667 5.000000
-7.000000 -7.733333 5.000000
-7.000000 -7.200000 5.000000
-7.000000 -6.666667 5.000000
-7.000000 -6.133333 5.000000
-7.000000 -5.600000 5.000000
-7.000000 -5.066667 5.000000
-7.000000 -4.533333 5.000000
-7.000000 -4.000000 5.000000
-6.333333 -12.000000 5.000000
-6.333333 -11.466667 5.000000
-6.333333 -10.933333 5.000000
-6.333333 -10.400000 5.000000
-6.333333 -9.866667 5.000000
-6.333333 -9.333333 5.000000
-6.333333 -8.800000 5.000000
-6.333333 -8.266667 5.000000
-6.333333 -7.733333 5.000000
-6.333333 -7.200000 5.000000
-6.333333 -6.666667 5.000000
-6.333333 -6.133333 5.000000
-6.333333 -5.600000 5.000000
-6.333333 -5.066667 5.000000
-6.333333 -4.533333 5.000000
-6.333333 -4.000000 5.000000
-5.666667 -12.000000 5.000000
-5.666667 -11.466667 5.000000
-5.666667 -10.933333 5.000000
-5.666667 -10.400000 5.000000
-5.666667 -9.866667 5.000000
-5.666667 -9.333333 5.000000
-5.666667 -8.800000 5.000000
-5.666667 -8.266667 5.000000
-5.666667 -7.733333 5.000000
-5.666667 -7.200000 5.000000
-5.666667 -6.666667 5.000000
-5.666667 -6.133333 5.000000
-5.666667 -5.600000 5.000000
-5.666667 -5.066667 5.000000
-5.666667 -4.533333 5.000000
-5.666667 -4.000000 5.000000
-5.000000 -12.000000 5.000000
-5.000000 -11.466667 5.000000
-5.000000 -10.933333 5.000000
-5.000000 -10.400000 5.000000
-5.000000 -9.866667 5.000000
-5.000000 -9.333333 5.000000
-5.000000 -8.800000 5.000000
-5.000000 -8.266667 5.000000
-5.000000 -7.733333 5.000000
-5.000000 -7.200000 5.000000
-5.000000 -6.666667 5.000000
-5.000000 -6.133333 5.000000
-5.000000 -5.600000 5.000000
-5.000000 -5.066667 5.000000
-5.000000 -4.533333 5.000000
-5.000000 -4.000000 5.000000
-7.000000 -12.000000 0.000000
-7.000000 -11.466667 0.000000
-7.000000 -10.933333 0.000000
-7.000000 -10.400000 0.000000
-7.000000 -9.866667 0.000000
-7.000000 -9.333333 0.000000
-7.000000 -8.800000 0.000000
-7.000000 -8.266667 0.000000
-7.000000 -7.733333 0.000000
-7.000000 -7.200000 0.000000
-7.000000 -6.666667 0.000000
-7.000000 -6.133333 0.000000
-7.000000 -5.600000 0.000000
-7.000000 -5.066667 0.000000
-7.000000 -4.533333 0.000000
-7.000000 -4.000000 0.000000
-6.333333 -12.000000 0.000000
-6.333333 -11.466667 0.000000
-6.333333 -10.933333 0.000000
-6.333333 -10.400000 0.000000
-6.333333 -9.866667 0.000000
-6.333333 -9.333333 0.000000
-6.333333 -8.800000 0.000000
-6.333333 -8.266667 0.000000
-6.333333 -7.733333 0.000000
-6.333333 -7.200000 0.000000
-6.333333 -6.666667 0.000000
-6.333333 -6.133333 0.000000
-6.333333 -5.600000 0.000000
-6.333333 -5.066667 0.000000
-6.333333 -4.533333 0.000000
-6.333333 -4.000000 0.000000
-5.666667 -12.000000 0.000000
-5.666667 -11.466667 0.000000
-5.666667 -10.933333 0.000000
-5.666667 -10.400000 0.000000
-5.666667 -9.866667 0.000000
-5.666667 -9.333333 0.000000
-5.666667 -8.800000 0.000000
-5.666667 -8.266667 0.000000
-5.666667 -7.733333 0.000000
-5.666667 -7.200000 0.000000
-5.666667 -6.666667 0.000000
-5.666667 -6.133333 0.000000
-5.666667 -5.600000 0.000000
-5.666667 -5.066667 0.000000
-5.666667 -4.533333 0.000000
-5.666667 -4.000000 0.000000
-5.000000 -12.000000 0.000000
-5.000000 -11.466667 0.000000
-5.000000 -10.933333 0.000000
-5.000000 -10.400000 0.000000
-5.000000 -9.866667 0.000000
-5.000000 -9.333333 0.000000
-5.000000 -8.800000 0.000000
-5.000000 -8.266667 0.000000
-5.000000 -7.733333 0.000000
-5.000000 -7.200000 0.000000
-5.000000 -6.666667 0.000000
-5.000000 -6.133333 0.000000
-5.000000 -5.600000 0.000000
-5.000000 -5.066667 0.000000
-5.000000 -4.533333 0.000000
-5.000000 -4.000000 0.000000
-5.000000 -1.000000 0.000000
-5.000000 -1.000000 0.555556
-5.000000 -1.000000 1.111111
-5.000000 -1.000000 1.666667
-5.000000 -1.000000 2.222222
-5.000000 -1.000000 2.777778
-5.000000 -1.000000 3.333333
-5.000000 -1.000000 3.888889
-5.000000 -1.000000 4.444444
-5.000000 -1.000000 5.000000
-5.000000 -0.466667 0.000000
-5.000000 -0.466667 0.555556
-5.000000 -0.466667 1.111111
-5.000000 -0.466667 1.666667
-5.000000 -0.466667 2.222222
-5.000000 -0.466667 2.777778
-5.000000 -0.466667 3.333333
-5.000000 -0.466667 3.888889
-5.000000 -0.466667 4.444444
-5.000000 -0.466667 5.000000
-5.000000 0.066667 0.000000
-5.000000 0.066667 0.555556
-5.000000 0.066667 1.111111
-5.000000 0.066667 1.666667
-5.000000 0.066667 2.222222
-5.000000 0.066667 2.777778
-5.000000 0.066667 3.333333
-5.000000 0.066667 3.888889
-5.000000 0.066667 4.444444
-5.000000 0.066667 5.000000
-5.000000 0.600000 0.000000
-5.000000 0.600000 0.555556
-5.000000 0.600000 1.111111
-5.000000 0.600000 1.666667
-5.000000 0.600000 2.222222
-5.000000 0.600000 2.777778
-5.000000 0.600000 3.333333
-5.000000 0.600000 3.888889
-5.000000 0.600000 4.444444
-5.000000 0.600000 5.000000
-5.000000 1.133333 0.000000
-5.000000 1.133333 0.555556
-5.000000 1.133333 1.111111
-5.000000 1.133333 1.666667
-5.000000 1.133333 2.222222
-5.000000 1.133333 2.777778
-5.000000 1.133333 3.333333
-5.000000 1.133333 3.888889
-5.000000 1.133333 4.444444
-5.000000 1.133333 5.000000
-5.000000 1.666667 0.000000
-5.000000 1.666667 0.555556
-5.000000 1.666667 1.111111
-5.000000 1.666667 1.666667
-5.000000 1.666667 2.222222
-5.000000 1.666667 2.777778
-5.000000 1.666667 3.333333
-5.000000 1.666667 3.888889
-5.000000 1.666667 4.444444
-5.000000 1.666667 5.000000
-5.000000 2.200000 0.000000
-5.000000 2.200000 0.555556
-5.000000 2.200000 1.111111
-5.000000 2.200000 1.666667
-5.000000 2.200000 2.222222
-5.000000 2.200000 2.777778
-5.000000 2.200000 3.333333
-5.000000 2.200000 3.888889
-5.000000 2.200000 4.444444
-5.000000 2.200000 5.000000
-5.000000 2.733333 0.000000
-5.000000 2.733333 0.555556
-5.000000 2.733333 1.111111
-5.000000 2.733333 1.666667
-5.000000 2.733333 2.222222
-5.000000 2.733333 2.777778
-5.000000 2.733333 3.333333
-5.000000 2.733333 3.888889
-5.000000 2.733333 4.444444
-5.000000 2.733333 5.000000
-5.000000 3.266667 0.000000
-5.000000 3.266667 0.555556
-5.000000 3.266667 1.111111
-5.000000 3.266667 1.666667
-5.000000 3.266667 2.222222
-5.000000 3.266667 2.777778
-5.000000 3.266667 3.333333
-5.000000 3.266667 3.888889
-5.000000 3.266667 4.444444
-5.000000 3.266667 5.000000
-5.000000 3.800000 0.000000
-5.000000 3.800000 0.555556
-5.000000 3.800000 1.111111
-5.000000 3.800000 1.666667
-5.000000 3.800000 2.222222
-5.000000 3.800000 2.777778
-5.000000 3.800000 3.333333
-5.000000 3.800000 3.888889
-5.000000 3.800000 4.444444
-5.000000 3.800000 5.000000
-5.000000 4.333333 0.000000
-5.000000 4.333333 0.555556
-5.000000 4.333333 1.111111
-5.000000 4.333333 1.666667
-5.000000 4.333333 2.222222
-5.000000 4.333333 2.777778
-5.000000 4.333333 3.333333
-5.000000 4.333333 3.888889
-5.000000 4.333333 4.444444
-5.000000 4.333333 5.000000
-5.000000 4.866667 0.000000
-5.000000 4.866667 0.555556
-5.000000 4.866667 1.111111
-5.000000 4.866667 1.666667
-5.000000 4.866667 2.222222
-5.000000 4.866667 2.777778
-5.000000 4.866667 3.333333
-5.000000 4.866667 3.888889
-5.000000 4.866667 4.444444
-5.000000 4.866667 5.000000
-5.000000 5.400000 0.000000
-5.000000 5.400000 0.555556
-5.000000 5.400000 1.111111
-5.000000 5.400000 1.666667
-5.000000 5.400000 2.222222
-5.000000 5.400000 2.777778
-5.000000 5.400000 3.333333
-5.000000 5.400000 3.888889
-5.000000 5.400000 4.444444
-5.000000 5.400000 5.000000
-5.000000 5.933333 0.000000
-5.000000 5.933333 0.555556
-5.000000 5.933333 1.111111
-5.000000 5.933333 1.666667
-5.000000 5.933333 2.222222
-5.000000 5.933333 2.777778
-5.000000 5.933333 3.333333
-5.000000 5.933333 3.888889
-5.000000 5.933333 4.444444
-5.000000 5.933333 5.000000
-5.000000 6.466667 0.000000
-5.000000 6.466667 0.555556
-5.000000 6.466667 1.111111
-5.000000 6.466667 1.666667
-5.000000 6.466667 2.222222
-5.000000 6.466667 2.777778
-5.000000 6.466667 3.333333
-5.000000 6.466667 3.888889
-5.000000 6.466667 4.444444
-5.000000 6.466667 5.000000
-5.000000 7.000000 0.000000
-5.000000 7.000000 0.555556
-5.000000 7.000000 1.111111
-5.000000 7.000000 1.666667
-5.000000 7.000000 2.222222
-5.000000 7.000000 2.777778
-5.000000 7.000000 3.333333
-5.000000 7.000000 3.888889
-5.000000 7.000000 4.444444
-5.000000 7.000000 5.000000
-7.000000 -1.000000 0.000000
-7.000000 -1.000000 0.555556
-7.000000 -1.000000 1.111111
-7.000000 -1.000000 1.666667
-7.000000 -1.000000 2.222222
-7.000000 -1.000000 2.777778
-7.000000 -1.000000 3.333333
-7.000000 -1.000000 3.888889
-7.000000 -1.000000 4.444444
-7.000000 -1.000000 5.000000
-7.000000 -0.466667 0.000000
-7.000000 -0.466667 0.555556
-7.000000 -0.466667 1.111111
-7.000000 -0.466667 1.666667
-7.000000 -0.466667 2.222222
-7.000000 -0.466667 2.777778
-7.000000 -0.466667 3.333333
-7.000000 -0.466667 3.888889
-7.000000 -0.466667 4.444444
-7.000000 -0.466667 5.000000
-7.000000 0.066667 0.000000
-7.000000 0.066667 0.555556
-7.000000 0.066667 1.111111
-7.000000 0.066667 1.666667
-7.000000 0.066667 2.222222
-7.000000 0.066667 2.777778
-7.000000 0.066667 3.333333
-7.000000 0.066667 3.888889
-7.000000 0.066667 4.444444
-7.000000 0.066667 5.000000
-7.000000 0.600000 0.000000
-7.000000 0.600000 0.555556
-7.000000 0.600000 1.111111
-7.000000 0.600000 1.666667
-7.000000 0.600000 2.222222
-7.000000 0.600000 2.777778
-7.000000 0.600000 3.333333
-7.000000 0.600000 3.888889
-7.000000 0.600000 4.444444
-7.000000 0.600000 5.000000
-7.000000 1.133333 0.000000
-7.000000 1.133333 0.555556
-7.000000 1.133333 1.111111
-7.000000 1.133333 1.666667
-7.000000 1.133333 2.222222
-7.000000 1.133333 2.777778
-7.000000 1.133333 3.333333
-7.000000 1.133333 3.888889
-7.000000 1.133333 4.444444
-7.000000 1.133333 5.000000
-7.000000 1.666667 0.000000
-7.000000 1.666667 0.555556
-7.000000 1.666667 1.111111
-7.000000 1.666667 1.666667
-7.000000 1.666667 2.222222
-7.000000 1.666667 2.777778
-7.000000 1.666667 3.333333
-7.000000 1.666667 3.888889
-7.000000 1.666667 4.444444
-7.000000 1.666667 5.000000
-7.000000 2.200000 0.000000
-7.000000 2.200000 0.555556
-7.000000 2.200000 1.111111
-7.000000 2.200000 1.666667
-7.000000 2.200000 2.222222
-7.000000 2.200000 2.777778
-7.000000 2.200000 3.333333
-7.000000 2.200000 3.888889
-7.000000 2.200000 4.444444
-7.000000 2.200000 5.000000
-7.000000 2.733333 0.000000
-7.000000 2.733333 0.555556
-7.000000 2.733333 1.111111
-7.000000 2.733333 1.666667
-7.000000 2.733333 2.222222
-7.000000 2.733333 2.777778
-7.000000 2.733333 3.333333
-7.000000 2.733333 3.888889
-7.000000 2.733333 4.444444
-7.000000 2.733333 5.000000
-7.000000 3.266667 0.000000
-7.000000 3.266667 0.555556
-7.000000 3.266667 1.111111
-7.000000 3.266667 1.666667
-7.000000 3.266667 2.222222
-7.000000 3.266667 2.777778
-7.000000 3.266667 3.333333
-7.000000 3.266667 3.888889
-7.000000 3.266667 4.444444
-7.000000 3.266667 5.000000
-7.000000 3.800000 0.000000
-7.000000 3.800000 0.555556
-7.000000 3.800000 1.111111
-7.000000 3.800000 1.666667
-7.000000 3.800000 2.222222
-7.000000 3.800000 2.777778
-7.000000 3.800000 3.333333
-7.000000 3.800000 3.888889
-7.000000 3.800000 4.444444
-7.000000 3.800000 5.000000
-7.000000 4.333333 0.000000
-7.000000 4.333333 0.555556
-7.000000 4.333333 1.111111
-7.000000 4.333333 1.666667
-7.000000 4.333333 2.222222
-7.000000 4.333333 2.777778
-7.000000 4.333333 3.333333
-7.000000 4.333333 3.888889
-7.000000 4.333333 4.444444
-7.000000 4.333333 5.000000
-7.000000 4.866667 0.000000
-7.000000 4.866667 0.555556
-7.000000 4.866667 1.111111
-7.000000 4.866667 1.666667
-7.000000 4.866667 2.222222
-7.000000 4.866667 2.777778
-7.000000 4.866667 3.333333
-7.000000 4.866667 3.888889
-7.000000 4.866667 4.444444
-7.000000 4.866667 5.000000
-7.000000 5.400000 0.000000
-7.000000 5.400000 0.555556
-7.000000 5.400000 1.111111
-7.000000 5.400000 1.666667
-7.000000 5.400000 2.222222
-7.000000 5.400000 2.777778
-7.000000 5.400000 3.333333
-7.000000 5.400000 3.888889
-7.000000 5.400000 4.444444
-7.000000 5.400000 5.000000
-7.000000 5.933333 0.000000
-7.000000 5.933333 0.555556
-7.000000 5.933333 1.111111
-7.000000 5.933333 1.666667
-7.000000 5.933333 2.222222
-7.000000 5.933333 2.777778
-7.000000 5.933333 3.333333
-7.000000 5.933333 3.888889
-7.000000 5.933333 4.444444
-7.000000 5.933333 5.000000
-7.000000 6.466667 0.000000
-7.000000 6.466667 0.555556
-7.000000 6.466667 1.111111
-7.000000 6.466667 1.666667
-7.000000 6.466667 2.222222
-7.000000 6.466667 2.777778
-7.000000 6.466667 3.333333
-7.000000 6.466667 3.888889
-7.000000 6.466667 4.444444
-7.000000 6.466667 5.000000
-7.000000 7.000000 0.000000
-7.000000 7.000000 0.555556
-7.000000 7.000000 1.111111
-7.000000 7.000000 1.666667
-7.000000 7.000000 2.222222
-7.000000 7.000000 2.777778
-7.000000 7.000000 3.333333
-7.000000 7.000000 3.888889
-7.000000 7.000000 4.444444
-7.000000 7.000000 5.000000
-7.000000 7.000000 0.000000
-7.000000 7.000000 0.555556
-7.000000 7.000000 1.111111
-7.000000 7.000000 1.666667
-7.000000 7.000000 2.222222
-7.000000 7.000000 2.777778
-7.000000 7.000000 3.333333
-7.000000 7.000000 3.888889
-7.000000 7.000000 4.444444
-7.000000 7.000000 5.000000
-6.333333 7.000000 0.000000
-6.333333 7.000000 0.555556
-6.333333 7.000000 1.111111
-6.333333 7.000000 1.666667
-6.333333 7.000000 2.222222
-6.333333 7.000000 2.777778
-6.333333 7.000000 3.333333
-6.333333 7.000000 3.888889
-6.333333 7.000000 4.444444
-6.333333 7.000000 5.000000
-5.666667 7.000000 0.000000
-5.666667 7.000000 0.555556
-5.666667 7.000000 1.111111
-5.666667 7.000000 1.666667
-5.666667 7.000000 2.222222
-5.666667 7.000000 2.777778
-5.666667 7.000000 3.333333
-5.666667 7.000000 3.888889
-5.666667 7.000000 4.444444
-5.666667 7.000000 5.000000
-5.000000 7.000000 0.000000
-5.000000 7.000000 0.555556
-5.000000 7.000000 1.111111
-5.000000 7.000000 1.666667
-5.000000 7.000000 2.222222
-5.000000 7.000000 2.777778
-5.000000 7.000000 3.333333
-5.000000 7.000000 3.888889
-5.000000 7.000000 4.444444
-5.000000 7.000000 5.000000
-7.000000 -1.000000 0.000000
-7.000000 -1.000000 0.555556
-7.000000 -1.000000 1.111111
-7.000000 -1.000000 1.666667
-7.000000 -1.000000 2.222222
-7.000000 -1.000000 2.777778
-7.000000 -1.000000 3.333333
-7.000000 -1.000000 3.888889
-7.000000 -1.000000 4.444444
-7.000000 -1.000000 5.000000
-6.333333 -1.000000 0.000000
-6.333333 -1.000000 0.555556
-6.333333 -1.000000 1.111111
-6.333333 -1.000000 1.666667
-6.333333 -1.000000 2.222222
-6.333333 -1.000000 2.777778
-6.333333 -1.000000 3.333333
-6.333333 -1.000000 3.888889
-6.333333 -1.000000 4.444444
-6.333333 -1.000000 5.000000
-5.666667 -1.000000 0.000000
-5.666667 -1.000000 0.555556
-5.666667 -1.000000 1.111111
-5.666667 -1.000000 1.666667
-5.666667 -1.000000 2.222222
-5.666667 -1.000000 2.777778
-5.666667 -1.000000 3.333333
-5.666667 -1.000000 3.888889
-5.666667 -1.000000 4.444444
-5.666667 -1.000000 5.000000
-5.000000 -1.000000 0.000000
-5.000000 -1.000000 0.555556
-5.000000 -1.000000 1.111111
-5.000000 -1.000000 1.666667
-5.000000 -1.000000 2.222222
-5.000000 -1.000000 2.777778
-5.000000 -1.000000 3.333333
-5.000000 -1.000000 3.888889
-5.000000 -1.000000 4.444444
-5.000000 -1.000000 5.000000
-7.000000 -1.000000 5.000000
-7.000000 -0.466667 5.000000
-7.000000 0.066667 5.000000
-7.000000 0.600000 5.000000
-7.000000 1.133333 5.000000
-7.000000 1.666667 5.000000
-7.000000 2.200000 5.000000
-7.000000 2.733333 5.000000
-7.000000 3.266667 5.000000
-7.000000 3.800000 5.000000
-7.000000 4.333333 5.000000
-7.000000 4.866667 5.000000
-7.000000 5.400000 5.000000
-7.000000 5.933333 5.000000
-7.000000 6.466667 5.000000
-7.000000 7.000000 5.000000
-6.333333 -1.000000 5.000000
-6.333333 -0.466667 5.000000
-6.333333 0.066667 5.000000
-6.333333 0.600000 5.000000
-6.333333 1.133333 5.000000
-6.333333 1.666667 5.000000
-6.333333 2.200000 5.000000
-6.333333 2.733333 5.000000
-6.333333 3.266667 5.000000
-6.333333 3.800000 5.000000
-6.333333 4.333333 5.000000
-6.333333 4.866667 5.000000
-6.333333 5.400000 5.000000
-6.333333 5.933333 5.000000
-6.333333 6.466667 5.000000
-6.333333 7.000000 5.000000
-5.666667 -1.000000 5.000000
-5.666667 -0.466667 5.000000
-5.666667 0.066667 5.000000
-5.666667 0.600000 5.000000
-5.666667 1.133333 5.000000
-5.666667 1.666667 5.000000
-5.666667 2.200000 5.000000
-5.666667 2.733333 5.000000
-5.666667 3.266667 5.000000
-5.666667 3.800000 5.000000
-5.666667 4.333333 5.000000
-5.666667 4.866667 5.000000
-5.666667 5.400000 5.000000
-5.666667 5.933333 5.000000
-5.666667 6.466667 5.000000
-5.666667 7.000000 5.000000
-5.000000 -1.000000 5.000000
-5.000000 -0.466667 5.000000
-5.000000 0.066667 5.000000
-5.000000 0.600000 5.000000
-5.000000 1.133333 5.000000
-5.000000 1.666667 5.000000
-5.000000 2.200000 5.000000
-5.000000 2.733333 5.000000
-5.000000 3.266667 5.000000
-5.000000 3.800000 5.000000
-5.000000 4.333333 5.000000
-5.000000 4.866667 5.000000
-5.000000 5.400000 5.000000
-5.000000 5.933333 5.000000
-5.000000 6.466667 5.000000
-5.000000 7.000000 5.000000
-7.000000 -1.000000 0.000000
-7.000000 -0.466667 0.000000
-7.000000 0.066667 0.000000
-7.000000 0.600000 0.000000
-7.000000 1.133333 0.000000
-7.000000 1.666667 0.000000
-7.000000 2.200000 0.000000
-7.000000 2.733333 0.000000
-7.000000 3.266667 0.000000
-7.000000 3.800000 0.000000
-7.000000 4.333333 0.000000
-7.000000 4.866667 0.000000
-7.000000 5.400000 0.000000
-7.000000 5.933333 0.000000
-7.000000 6.466667 0.000000
-7.000000 7.000000 0.000000
-6.333333 -1.000000 0.000000
-6.333333 -0.466667 0.000000
-6.333333 0.066667 0.000000
-6.333333 0.600000 0.000000
-6.333333 1.133333 0.000000
-6.333333 1.666667 0.000000
-6.333333 2.200000 0.000000
-6.333333 2.733333 0.000000
-6.333333 3.266667 0.000000
-6.333333 3.800000 0.000000
-6.333333 4.333333 0.000000
-6.333333 4.866667 0.000000
-6.333333 5.400000 0.000000
-6.333333 5.933333 0.000000
-6.333333 6.466667 0.000000
-6.333333 7.000000 0.000000
-5.666667 -1.000000 0.000000
-5.666667 -0.466667 0.000000
-5.666667 0.066667 0.000000
-5.666667 0.600000 0.000000
-5.666667 1.133333 0.000000
-5.666667 1.666667 0.000000
-5.666667 2.200000 0.000000
-5.666667 2.733333 0.000000
-5.666667 3.266667 0.000000
-5.666667 3.800000 0.000000
-5.666667 4.333333 0.000000
-5.666667 4.866667 0.000000
-5.666667 5.400000 0.000000
-5.666667 5.933333 0.000000
-5.666667 6.466667 0.000000
-5.666667 7.000000 0.000000
-5.000000 -1.000000 0.000000
-5.000000 -0.466667 0.000000
-5.000000 0.066667 0.000000
-5.000000 0.600000 0.000000
-5.000000 1.133333 0.000000
-5.000000 1.666667 0.000000
-5.000000 2.200000 0.000000
-5.000000 2.733333 0.000000
-5.000000 3.266667 0.000000
-5.000000 3.800000 0.000000
-5.000000 4.333333 0.000000
-5.000000 4.866667 0.000000
-5.000000 5.400000 0.000000
-5.000000 5.933333 0.000000
-5.000000 6.466667 0.000000
-5.000000 7.000000 0.000000
1.000000 -12.000000 0.000000
1.000000 -12.000000 0.555556
1.000000 -12.000000 1.111111
1.000000 -12.000000 1.666667
1.000000 -12.000000 2.222222
1.000000 -12.000000 2.777778
1.000000 -12.000000 3.333333
1.000000 -12.000000 3.888889
1.000000 -12.000000 4.444444
1.000000 -12.000000 5.000000
1.000000 -11.466667 0.000000
1.000000 -11.466667 0.555556
1.000000 -11.466667 1.111111
1.000000 -11.466667 1.666667
1.000000 -11.466667 2.222222
1.000000 -11.466667 2.777778
1.000000 -11.466667 3.333333
1.000000 -11.466667 3.888889
1.000000 -11.466667 4.444444
1.000000 -11.466667 5.000000
1.000000 -10.933333 0.000000
1.000000 -10.933333 0.555556
1.000000 -10.933333 1.111111
1.000000 -10.933333 1.666667
1.000000 -10.933333 2.222222
1.000000 -10.933333 2.777778
1.000000 -10.933333 3.333333
1.000000 -10.933333 3.888889
1.000000 -10.933333 4.444444
1.000000 -10.933333 5.000000
1.000000 -10.400000 0.000000
1.000000 -10.400000 0.555556
1.000000 -10.400000 1.111111
1.000000 -10.400000 1.666667
1.000000 -10.400000 2.222222
1.000000 -10.400000 2.777778
1.000000 -10.400000 3.333333
1.000000 -10.400000 3.888889
1.000000 -10.400000 4.444444
1.000000 -10.400000 5.000000
1.000000 -9.866667 0.000000
1.000000 -9.866667 0.555556
1.000000 -9.866667 1.111111
1.000000 -9.866667 1.666667
1.000000 -9.866667 2.222222
1.000000 -9.866667 2.777778
1.000000 -9.866667 3.333333
1.000000 -9.866667 3.888889
1.000000 -9.866667 4.444444
1.000000 -9.866667 5.000000
1.000000 -9.333333 0.000000
1.000000 -9.333333 0.555556
1.000000 -9.333333 1.111111
1.000000 -9.333333 1.666667
1.000000 -9.333333 2.222222
1.000000 -9.333333 2.777778
1.000000 -9.333333 3.333333
1.000000 -9.333333 3.888889
1.000000 -9.333333 4.444444
1.000000 -9.333333 5.000000
1.000000 -8.800000 0.000000
1.000000 -8.800000 0.555556
1.000000 -8.800000 1.111111
1.000000 -8.800000 1.666667
1.000000 -8.800000 2.222222
1.000000 -8.800000 2.777778
1.000000 -8.800000 3.333333
1.000000 -8.800000 3.888889
1.000000 -8.800000 4.444444
1.000000 -8.800000 5.000000
1.000000 -8.266667 0.000000
1.000000 -8.266667 0.555556
1.000000 -8.266667 1.111111
1.000000 -8.266667 1.666667
1.000000 -8.266667 2.222222
1.000000 -8.266667 2.777778
1.000000 -8.266667 3.333333
1.000000 -8.266667 3.888889
1.000000 -8.266667 4.444444
1.000000 -8.266667 5.000000
1.000000 -7.733333 0.000000
1.000000 -7.733333 0.555556
1.000000 -7.733333 1.111111
1.000000 -7.733333 1.666667
1.000000 -7.733333 2.222222
1.000000 -7.733333 2.777778
1.000000 -7.733333 3.333333
1.000000 -7.733333 3.888889
1.000000 -7.733333 4.444444
1.000000 -7.733333 5.000000
1.000000 -7.200000 0.000000
1.000000 -7.200000 0.555556
1.000000 -7.200000 1.111111
1.000000 -7.200000 1.666667
1.000000 -7.200000 2.222222
1.000000 -7.200000 2.777778
1.000000 -7.200000 3.333333
1.000000 -7.200000 3.888889
1.000000 -7.200000 4.444444
1.000000 -7.200000 5.000000
1.000000 -6.666667 0.000000
1.000000 -6.666667 0.555556
1.000000 -6.666667 1.111111
1.000000 -6.666667 1.666667
1.000000 -6.666667 2.222222
1.000000 -6.666667 2.777778
1.000000 -6.666667 3.333333
1.000000 -6.666667 3.888889
1.000000 -6.666667 4.444444
1.000000 -6.666667 5.000000
1.000000 -6.133333 0.000000
1.000000 -6.133333 0.555556
1.000000 -6.133333 1.111111
1.000000 -6.133333 1.666667
1.000000 -6.133333 2.222222
1.000000 -6.133333 2.777778
1.000000 -6.133333 3.333333
1.000000 -6.133333 3.888889
1.000000 -6.133333 4.444444
1.000000 -6.133333 5.000000
1.000000 -5.600000 0.000000
1.000000 -5.600000 0.555556
1.000000 -5.600000 1.111111
1.000000 -5.600000 1.666667
1.000000 -5.600000 2.222222
1.000000 -5.600000 2.777778
1.000000 -5.600000 3.333333
1.000000 -5.600000 3.888889
1.000000 -5.600000 4.444444
1.000000 -5.600000 5.000000
1.000000 -5.066667 0.000000
1.000000 -5.066667 0.555556
1.000000 -5.066667 1.111111
1.000000 -5.066667 1.666667
1.000000 -5.066667 2.222222
1.000000 -5.066667 2.777778
1.000000 -5.066667 3.333333
1.000000 -5.066667 3.888889
1.000000 -5.066667 4.444444
1.000000 -5.066667 5.000000
1.000000 -4.533333 0.000000
1.000000 -4.533333 0.555556
1.000000 -4.533333 1.111111
1.000000 -4.533333 1.666667
1.000000 -4.533333 2.222222
1.000000 -4.533333 2.777778
1.000000 -4.533333 3.333333
1.000000 -4.533333 3.888889
1.000000 -4.533333 4.444444
1.000000 -4.533333 5.000000
1.000000 -4.000000 0.000000
1.000000 -4.000000 0.555556
1.000000 -4.000000 1.111111
1.000000 -4.000000 1.666667
1.000000 -4.000000 2.222222
1.000000 -4.000000 2.777778
1.000000 -4.000000 3.333333
1.000000 -4.000000 3.888889
1.000000 -4.000000 4.444444
1.000000 -4.000000 5.000000
-1.000000 -12.000000 0.000000
-1.000000 -12.000000 0.555556
-1.000000 -12.000000 1.111111
-1.000000 -12.000000 1.666667
-1.000000 -12.000000 2.222222
-1.000000 -12.000000 2.777778
-1.000000 -12.000000 3.333333
-1.000000 -12.000000 3.888889
-1.000000 -12.000000 4.444444
-1.000000 -12.000000 5.000000
-1.000000 -11.466667 0.000000
-1.000000 -11.466667 0.555556
-1.000000 -11.466667 1.111111
-1.000000 -11.466667 1.666667
-1.000000 -11.466667 2.222222
-1.000000 -11.466667 2.777778
-1.000000 -11.466667 3.333333
-1.000000 -11.466667 3.888889
-1.000000 -11.466667 4.444444
-1.000000 -11.466667 5.000000
-1.000000 -10.933333 0.000000
-1.000000 -10.933333 0.555556
-1.000000 -10.933333 1.111111
-1.000000 -10.933333 1.666667
-1.000000 -10.933333 2.222222
-1.000000 -10.933333 2.777778
-1.000000 -10.933333 3.333333
-1.000000 -10.933333 3.888889
-1.000000 -10.933333 4.444444
-1.000000 -10.933333 5.000000
-1.000000 -10.400000 0.000000
-1.000000 -10.400000 0.555556
-1.000000 -10.400000 1.111111
-1.000000 -10.400000 1.666667
-1.000000 -10.400000 2.222222
-1.000000 -10.400000 2.777778
-1.000000 -10.400000 3.333333
-1.000000 -10.400000 3.888889
-1.000000 -10.400000 4.444444
-1.000000 -10.400000 5.000000
-1.000000 -9.866667 0.000000
-1.000000 -9.866667 0.555556
-1.000000 -9.866667 1.111111
-1.000000 -9.866667 1.666667
-1.000000 -9.866667 2.222222
-1.000000 -9.866667 2.777778
-1.000000 -9.866667 3.333333
-1.000000 -9.866667 3.888889
-1.000000 -9.866667 4.444444
-1.000000 -9.866667 5.000000
-1.000000 -9.333333 0.000000
-1.000000 -9.333333 0.555556
-1.000000 -9.333333 1.111111
-1.000000 -9.333333 1.666667
-1.000000 -9.333333 2.222222
-1.000000 -9.333333 2.777778
-1.000000 -9.333333 3.333333
-1.000000 -9.333333 3.888889
-1.000000 -9.333333 4.444444
-1.000000 -9.333333 5.000000
-1.000000 -8.800000 0.000000
-1.000000 -8.800000 0.555556
-1.000000 -8.800000 1.111111
-1.000000 -8.800000 1.666667
-1.000000 -8.800000 2.222222
-1.000000 -8.800000 2.777778
-1.000000 -8.800000 3.333333
-1.000000 -8.800000 3.888889
-1.000000 -8.800000 4.444444
-1.000000 -8.800000 5.000000
-1.000000 -8.266667 0.000000
-1.000000 -8.266667 0.555556
-1.000000 -8.266667 1.111111
-1.000000 -8.266667 1.666667
-1.000000 -8.266667 2.222222
-1.000000 -8.266667 2.777778
-1.000000 -8.266667 3.333333
-1.000000 -8.266667 3.888889
-1.000000 -8.266667 4.444444
-1.000000 -8.266667 5.000000
-1.000000 -7.733333 0.000000
-1.000000 -7.733333 0.555556
-1.000000 -7.733333 1.111111
-1.000000 -7.733333 1.666667
-1.000000 -7.733333 2.222222
-1.000000 -7.733333 2.777778
-1.000000 -7.733333 3.333333
-1.000000 -7.733333 3.888889
-1.000000 -7.733333 4.444444
-1.000000 -7.733333 5.000000
-1.000000 -7.200000 0.000000
-1.000000 -7.200000 0.555556
-1.000000 -7.200000 1.111111
-1.000000 -7.200000 1.666667
-1.000000 -7.200000 2.222222
-1.000000 -7.200000 2.777778
-1.000000 -7.200000 3.333333
-1.000000 -7.200000 3.888889
-1.000000 -7.200000 4.444444
-1.000000 -7.200000 5.000000
-1.000000 -6.666667 0.000000
-1.000000 -6.666667 0.555556
-1.000000 -6.666667 1.111111
-1.000000 -6.666667 1.666667
-1.000000 -6.666667 2.222222
-1.000000 -6.666667 2.777778
-1.000000 -6.666667 3.333333
-1.000000 -6.666667 3.888889
-1.000000 -6.666667 4.444444
-1.000000 -6.666667 5.000000
-1.000000 -6.133333 0.000000
-1.000000 -6.133333 0.555556
-1.000000 -6.133333 1.111111
-1.000000 -6.133333 1.666667
-1.000000 -6.133333 2.222222
-1.000000 -6.133333 2.777778
-1.000000 -6.133333 3.333333
-1.000000 -6.133333 3.888889
-1.000000 -6.133333 4.444444
-1.000000 -6.133333 5.000000
-1.000000 -5.600000 0.000000
-1.000000 -5.600000 0.555556
-1.000000 -5.600000 1.111111
-1.000000 -5.600000 1.666667
-1.000000 -5.600000 2.222222
-1.000000 -5.600000 2.777778
-1.000000 -5.600000 3.333333
-1.000000 -5.600000 3.888889
-1.000000 -5.600000 4.444444
-1.000000 -5.600000 5.000000
-1.000000 -5.066667 0.000000
-1.000000 -5.066667 0.555556
-1.000000 -5.066667 1.111111
-1.000000 -5.066667 1.666667
-1.000000 -5.066667 2.222222
-1.000000 -5.066667 2.777778
-1.000000 -5.066667 3.333333
-1.000000 -5.066667 3.888889
-1.000000 -5.066667 4.444444
-1.000000 -5.066667 5.000000
-1.000000 -4.533333 0.000000
-1.000000 -4.533333 0.555556
-1.000000 -4.533333 1.111111
-1.000000 -4.533333 1.666667
-1.000000 -4.533333 2.222222
-1.000000 -4.533333 2.777778
-1.000000 -4.533333 3.333333
-1.000000 -4.533333 3.888889
-1.000000 -4.533333 4.444444
-1.000000 -4.533333 5.000000
-1.000000 -4.000000 0.000000
-1.000000 -4.000000 0.555556
-1.000000 -4.000000 1.111111
-1.000000 -4.000000 1.666667
-1.000000 -4.000000 2.222222
-1.000000 -4.000000 2.777778
-1.000000 -4.000000 3.333333
-1.000000 -4.000000 3.888889
-1.000000 -4.000000 4.444444
-1.000000 -4.000000 5.000000
-1.000000 -4.000000 0.000000
-1.000000 -4.000000 0.555556
-1.000000 -4.000000 1.111111
-1.000000 -4.000000 1.666667
-1.000000 -4.000000 2.222222
-1.000000 -4.000000 2.777778
-1.000000 -4.000000 3.333333
-1.000000 -4.000000 3.888889
-1.000000 -4.000000 4.444444
-1.000000 -4.000000 5.000000
-0.333333 -4.000000 0.000000
-0.333333 -4.000000 0.555556
-0.333333 -4.000000 1.111111
-0.333333 -4.000000 1.666667
-0.333333 -4.000000 2.222222
-0.333333 -4.000000 2.777778
-0.333333 -4.000000 3.333333
-0.333333 -4.000000 3.888889
-0.333333 -4.000000 4.444444
-0.333333 -4.000000 5.000000
0.333333 -4.000000 0.000000
0.333333 -4.000000 0.555556
0.333333 -4.000000 1.111111
0.333333 -4.000000 1.666667
0.333333 -4.000000 2.222222
0.333333 -4.000000 2.777778
0.333333 -4.000000 3.333333
0.333333 -4.000000 3.888889
0.333333 -4.000000 4.444444
0.333333 -4.000000 5.000000
1.000000 -4.000000 0.000000
1.000000 -4.000000 0.555556
1.000000 -4.000000 1.111111
1.000000 -4.000000 1.666667
1.000000 -4.000000 2.222222
1.000000 -4.000000 2.777778
1.000000 -4.000000 3.333333
1.000000 -4.000000 3.888889
1.000000 -4.000000 4.444444
1.000000 -4.000000 5.000000
-1.000000 -12.000000 0.000000
-1.000000 -12.000000 0.555556
-1.000000 -12.000000 1.111111
-1.000000 -12.000000 1.666667
-1.000000 -12.000000 2.222222
-1.000000 -12.000000 2.777778
-1.000000 -12.000000 3.333333
-1.000000 -12.000000 3.888889
-1.000000 -12.000000 4.444444
-1.000000 -12.000000 5.000000
-0.333333 -12.000000 0.000000
-0.333333 -12.000000 0.555556
-0.333333 -12.000000 1.111111
-0.333333 -12.000000 1.666667
-0.333333 -12.000000 2.222222
-0.333333 -12.000000 2.777778
-0.333333 -12.000000 3.333333
-0.333333 -12.000000 3.888889
-0.333333 -12.000000 4.444444
-0.333333 -12.000000 5.000000
0.333333 -12.000000 0.000000
0.333333 -12.000000 0.555556
0.333333 -12.000000 1.111111
0.333333 -12.000000 1.666667
0.333333 -12.000000 2.222222
0.333333 -12.000000 2.777778
0.333333 -12.000000 3.333333
0.333333 -12.000000 3.888889
0.333333 -12.000000 4.444444
0.333333 -12.000000 5.000000
1.000000 -12.000000 0.000000
1.000000 -12.000000 0.555556
1.000000 -12.000000 1.111111
1.000000 -12.000000 1.666667
1.000000 -12.000000 2.222222
1.000000 -12.000000 2.777778
1.000000 -12.000000 3.333333
1.000000 -12.000000 3.888889
1.000000 -12.000000 4.444444
1.000000 -12.000000 5.000000
-1.000000 -12.000000 5.000000
-1.000000 -11.466667 5.000000
-1.000000 -10.933333 5.000000
-1.000000 -10.400000 5.000000
-1.000000 -9.866667 5.000000
-1.000000 -9.333333 5.000000
-1.000000 -8.800000 5.000000
-1.000000 -8.266667 5.000000
-1.000000 -7.733333 5.000000
-1.000000 -7.200000 5.000000
-1.000000 -6.666667 5.000000
-1.000000 -6.133333 5.000000
-1.000000 -5.600000 5.000000
-1.000000 -5.066667 5.000000
-1.000000 -4.533333 5.000000
-1.000000 -4.000000 5.000000
-0.333333 -12.000000 5.000000
-0.333333 -11.466667 5.000000
-0.333333 -10.933333 5.000000
-0.333333 -10.400000 5.000000
-0.333333 -9.866667 5.000000
-0.333333 -9.333333 5.000000
-0.333333 -8.800000 5.000000
-0.333333 -8.266667 5.000000
-0.333333 -7.733333 5.000000
-0.333333 -7.200000 5.000000
-0.333333 -6.666667 5.000000
-0.333333 -6.133333 5.000000
-0.333333 -5.600000 5.000000
-0.333333 -5.066667 5.000000
-0.333333 -4.533333 5.000000
-0.333333 -4.000000 5.000000
0.333333 -12.000000 5.000000
0.333333 -11.466667 5.000000
0.333333 -10.933333 5.000000
0.333333 -10.400000 5.000000
0.333333 -9.866667 5.000000
0.333333 -9.333333 5.000000
0.333333 -8.800000 5.000000
0.333333 -8.266667 5.000000
0.333333 -7.733333 5.000000
0.333333 -7.200000 5.000000
0.333333 -6.666667 5.000000
0.333333 -6.133333 5.000000
0.333333 -5.600000 5.000000
0.333333 -5.066667 5.000000
0.333333 -4.533333 5.000000
0.333333 -4.000000 5.000000
1.000000 -12.000000 5.000000
1.000000 -11.466667 5.000000
1.000000 -10.933333 5.000000
1.000000 -10.400000 5.000000
1.000000 -9.866667 5.000000
1.000000 -9.333333 5.000000
1.000000 -8.800000 5.000000
1.000000 -8.266667 5.000000
1.000000 -7.733333 5.000000
1.000000 -7.200000 5.000000
1.000000 -6.666667 5.000000
1.000000 -6.133333 5.000000
1.000000 -5.600000 5.000000
1.000000 -5.066667 5.000000
1.000000 -4.533333 5.000000
1.000000 -4.000000 5.000000
-1.000000 -12.000000 0.000000
-1.000000 -11.466667 0.000000
-1.000000 -10.933333 0.000000
-1.000000 -10.400000 0.000000
-1.000000 -9.866667 0.000000
-1.000000 -9.333333 0.000000
-1.000000 -8.800000 0.000000
-1.000000 -8.266667 0.000000
-1.000000 -7.733333 0.000000
-1.000000 -7.200000 0.000000
-1.000000 -6.666667 0.000000
-1.000000 -6.133333 0.000000
-1.000000 -5.600000 0.000000
-1.000000 -5.066667 0.000000
-1.000000 -4.533333 0.000000
-1.000000 -4.000000 0.000000
-0.333333 -12.000000 0.000000
-0.333333 -11.466667 0.000000
-0.333333 -10.933333 0.000000
-0.333333 -10.400000 0.000000
-0.333333 -9.866667 0.000000
-0.333333 -9.333333 0.000000
-0.333333 -8.800000 0.000000
-0.333333 -8.266667 0.000000
-0.333333 -7.733333 0.000000
-0.333333 -7.200000 0.000000
-0.333333 -6.666667 0.000000
-0.333333 -6.133333 0.000000
-0.333333 -5.600000 0.000000
-0.333333 -5.066667 0.000000
-0.333333 -4.533333 0.000000
-0.333333 -4.000000 0.000000
0.333333 -12.000000 0.000000
0.333333 -11.466667 0.000000
0.333333 -10.933333 0.000000
0.333333 -10.400000 0.000000
0.333333 -9.866667 0.000000
0.333333 -9.333333 0.000000
0.333333 -8.800000 0.000000
0.333333 -8.266667 0.000000
0.333333 -7.733333 0.000000
0.333333 -7.200000 0.000000
0.333333 -6.666667 0.000000
0.333333 -6.133333 0.000000
0.333333 -5.600000 0.000000
0.333333 -5.066667 0.000000
0.333333 -4.533333 0.000000
0.333333 -4.000000 0.000000
1.000000 -12.000000 0.000000
1.000000 -11.466667 0.000000
1.000000 -10.933333 0.000000
1.000000 -10.400000 0.000000
1.000000 -9.866667 0.000000
1.000000 -9.333333 0.000000
1.000000 -8.800000 0.000000
1.000000 -8.266667 0.000000
1.000000 -7.733333 0.000000
1.000000 -7.200000 0.000000
1.000000 -6.666667 0.000000
1.000000 -6.133333 0.000000
1.000000 -5.600000 0.000000
1.000000 -5.066667 0.000000
1.000000 -4.533333 0.000000
1.000000 -4.000000 0.000000
1.000000 -1.000000 0.000000
1.000000 -1.000000 0.555556
1.000000 -1.000000 1.111111
1.000000 -1.000000 1.666667
1.000000 -1.000000 2.222222
1.000000 -1.000000 2.777778
1.000000 -1.000000 3.333333
1.000000 -1.000000 3.888889
1.000000 -1.000000 4.444444
1.000000 -1.000000 5.000000
1.000000 -0.466667 0.000000
1.000000 -0.466667 0.555556
1.000000 -0.466667 1.111111
1.000000 -0.466667 1.666667
1.000000 -0.466667 2.222222
1.000000 -0.466667 2.777778
1.000000 -0.466667 3.333333
1.000000 -0.466667 3.888889
1.000000 -0.466667 4.444444
1.000000 -0.466667 5.000000
1.000000 0.066667 0.000000
1.000000 0.066667 0.555556
1.000000 0.066667 1.111111
1.000000 0.066667 1.666667
1.000000 0.066667 2.222222
1.000000 0.066667 2.777778
1.000000 0.066667 3.333333
1.000000 0.066667 3.888889
1.000000 0.066667 4.444444
1.000000 0.066667 5.000000
1.000000 0.600000 0.000000
1.000000 0.600000 0.555556
1.000000 0.600000 1.111111
1.000000 0.600000 1.666667
1.000000 0.600000 2.222222
1.000000 0.600000 2.777778
1.000000 0.600000 3.333333
1.000000 0.600000 3.888889
1.000000 0.600000 4.444444
1.000000 0.600000 5.000000
1.000000 1.133333 0.000000
1.000000 1.133333 0.555556
1.000000 1.133333 1.111111
1.000000 1.133333 1.666667
1.000000 1.133333 2.222222
1.000000 1.133333 2.777778
1.000000 1.133333 3.333333
1.000000 1.133333 3.888889
1.000000 1.133333 4.444444
1.000000 1.133333 5.000000
1.000000 1.666667 0.000000
1.000000 1.666667 0.555556
1.000000 1.666667 1.111111
1.000000 1.666667 1.666667
1.000000 1.666667 2.222222
1.000000 1.666667 2.777778
1.000000 1.666667 3.333333
1.000000 1.666667 3.888889
1.000000 1.666667 4.444444
1.000000 1.666667 5.000000
1.000000 2.200000 0.000000
1.000000 2.200000 0.555556
1.000000 2.200000 1.111111
1.000000 2.200000 1.666667
1.000000 2.200000 2.222222
1.000000 2.200000 2.777778
1.000000 2.200000 3.333333
1.000000 2.200000 3.888889
1.000000 2.200000 4.444444
1.000000 2.200000 5.000000
1.000000 2.733333 0.000000
1.000000 2.733333 0.555556
1.000000 2.733333 1.111111
1.000000 2.733333 1.666667
1.000000 2.733333 2.222222
1.000000 2.733333 2.777778
1.000000 2.733333 3.333333
1.000000 2.733333 3.888889
1.000000 2.733333 4.444444
1.000000 2.733333 5.000000
1.000000 3.266667 0.000000
1.000000 3.266667 0.555556
1.000000 3.266667 1.111111
1.000000 3.266667 1.666667
1.000000 3.266667 2.222222
1.000000 3.266667 2.777778
1.000000 3.266667 3.333333
1.000000 3.266667 3.888889
1.000000 3.266667 4.444444
1.000000 3.266667 5.000000
1.000000 3.800000 0.000000
1.000000 3.800000 0.555556
1.000000 3.800000 1.111111
1.000000 3.800000 1.666667
1.000000 3.800000 2.222222
1.000000 3.800000 2.777778
1.000000 3.800000 3.333333
1.000000 3.800000 3.888889
1.000000 3.800000 4.444444
1.000000 3.800000 5.000000
1.000000 4.333333 0.000000
1.000000 4.333333 0.555556
1.000000 4.333333 1.111111
1.000000 4.333333 1.666667
1.000000 4.333333 2.222222
1.000000 4.333333 2.777778
1.000000 4.333333 3.333333
1.000000 4.333333 3.888889
1.000000 4.333333 4.444444
1.000000 4.333333 5.000000
1.000000 4.866667 0.000000
1.000000 4.866667 0.555556
1.000000 4.866667 1.111111
1.000000 4.866667 1.666667
1.000000 4.866667 2.222222
1.000000 4.866667 2.777778
1.000000 4.866667 3.333333
1.000000 4.866667 3.888889
1.000000 4.866667 4.444444
1.000000 4.866667 5.000000
1.000000 5.400000 0.000000
1.000000 5.400000 0.555556
1.000000 5.400000 1.111111
1.000000 5.400000 1.666667
1.000000 5.400000 2.222222
1.000000 5.400000 2.777778
1.000000 5.400000 3.333333
1.000000 5.400000 3.888889
1.000000 5.400000 4.444444
1.000000 5.400000 5.000000
1.000000 5.933333 0.000000
1.000000 5.933333 0.555556
1.000000 5.933333 1.111111
1.000000 5.933333 1.666667
1.000000 5.933333 2.222222
1.000000 5.933333 2.777778
1.000000 5.933333 3.333333
1.000000 5.933333 3.888889
1.000000 5.933333 4.444444
1.000000 5.933333 5.000000
1.000000 6.466667 0.000000
1.000000 6.466667 0.555556
1.000000 6.466667 1.111111
1.000000 6.466667 1.666667
1.000000 6.466667 2.222222
1.000000 6.466667 2.777778
1.000000 6.466667 3.333333
1.000000 6.466667 3.888889
1.000000 6.466667 4.444444
1.000000 6.466667 5.000000
1.000000 7.000000 0.000000
1.000000 7.000000 0.555556
1.000000 7.000000 1.111111
1.000000 7.000000 1.666667
1.000000 7.000000 2.222222
1.000000 7.000000 2.777778
1.000000 7.000000 3.333333
1.000000 7.000000 3.888889
1.000000 7.000000 4.444444
1.000000 7.000000 5.000000
-1.000000 -1.000000 0.000000
-1.000000 -1.000000 0.555556
-1.000000 -1.000000 1.111111
-1.000000 -1.000000 1.666667
-1.000000 -1.000000 2.222222
-1.000000 -1.000000 2.777778
-1.000000 -1.000000 3.333333
-1.000000 -1.000000 3.888889
-1.000000 -1.000000 4.444444
-1.000000 -1.000000 5.000000
-1.000000 -0.466667 0.000000
-1.000000 -0.466667 0.555556
-1.000000 -0.466667 1.111111
-1.000000 -0.466667 1.666667
-1.000000 -0.466667 2.222222
-1.000000 -0.466667 2.777778
-1.000000 -0.466667 3.333333
-1.000000 -0.466667 3.888889
-1.000000 -0.466667 4.444444
-1.000000 -0.466667 5.000000
-1.000000 0.066667 0.000000
-1.000000 0.066667 0.555556
-1.000000 0.066667 1.111111
-1.000000 0.066667 1.666667
-1.000000 0.066667 2.222222
-1.000000 0.066667 2.777778
-1.000000 0.066667 3.333333
-1.000000 0.066667 3.888889
-1.000000 0.066667 4.444444
-1.000000 0.066667 5.000000
-1.000000 0.600000 0.000000
-1.000000 0.600000 0.555556
-1.000000 0.600000 1.111111
-1.000000 0.600000 1.666667
-1.000000 0.600000 2.222222
-1.000000 0.600000 2.777778
-1.000000 0.600000 3.333333
-1.000000 0.600000 3.888889
-1.000000 0.600000 4.444444
-1.000000 0.600000 5.000000
-1.000000 1.133333 0.000000
-1.000000 1.133333 0.555556
-1.000000 1.133333 1.111111
-1.000000 1.133333 1.666667
-1.000000 1.133333 2.222222
-1.000000 1.133333 2.777778
-1.000000 1.133333 3.333333
-1.000000 1.133333 3.888889
-1.000000 1.133333 4.444444
-1.000000 1.133333 5.000000
-1.000000 1.666667 0.000000
-1.000000 1.666667 0.555556
-1.000000 1.666667 1.111111
-1.000000 1.666667 1.666667
-1.000000 1.666667 2.222222
-1.000000 1.666667 2.777778
-1.000000 1.666667 3.333333
-1.000000 1.666667 3.888889
-1.000000 1.666667 4.444444
-1.000000 1.666667 5.000000
-1.000000 2.200000 0.000000
-1.000000 2.200000 0.555556
-1.000000 2.200000 1.111111
-1.000000 2.200000 1.666667
-1.000000 2.200000 2.222222
-1.000000 2.200000 2.777778
-1.000000 2.200000 3.333333
-1.000000 2.200000 3.888889
-1.000000 2.200000 4.444444
-1.000000 2.200000 5.000000
-1.000000 2.733333 0.000000
-1.000000 2.733333 0.555556
-1.000000 2.733333 1.111111
-1.000000 2.733333 1.666667
-1.000000 2.733333 2.222222
-1.000000 2.733333 2.777778
-1.000000 2.733333 3.333333
-1.000000 2.733333 3.888889
-1.000000 2.733333 4.444444
-1.000000 2.733333 5.000000
-1.000000 3.266667 0.000000
-1.000000 3.266667 0.555556
-1.000000 3.266667 1.111111
-1.000000 3.266667 1.666667
-1.000000 3.266667 2.222222
-1.000000 3.266667 2.777778
-1.000000 3.266667 3.333333
-1.000000 3.266667 3.888889
-1.000000 3.266667 4.444444
-1.000000 3.266667 5.000000
-1.000000 3.800000 0.000000
-1.000000 3.800000 0.555556
-1.000000 3.800000 1.111111
-1.000000 3.800000 1.666667
-1.000000 3.800000 2.222222
-1.000000 3.800000 2.777778
-1.000000 3.800000 3.333333
-1.000000 3.800000 3.888889
-1.000000 3.800000 4.444444
-1.000000 3.800000 5.000000
-1.000000 4.333333 0.000000
-1.000000 4.333333 0.555556
-1.000000 4.333333 1.111111
-1.000000 4.333333 1.666667
-1.000000 4.333333 2.222222
-1.000000 4.333333 2.777778
-1.000000 4.333333 3.333333
-1.000000 4.333333 3.888889
-1.000000 4.333333 4.444444
-1.000000 4.333333 5.000000
-1.000000 4.866667 0.000000
-1.000000 4.866667 0.555556
-1.000000 4.866667 1.111111
-1.000000 4.866667 1.666667
-1.000000 4.866667 2.222222
-1.000000 4.866667 2.777778
-1.000000 4.866667 3.333333
-1.000000 4.866667 3.888889
-1.000000 4.866667 4.444444
-1.000000 4.866667 5.000000
-1.000000 5.400000 0.000000
-1.000000 5.400000 0.555556
-1.000000 5.400000 1.111111
-1.000000 5.400000 1.666667
-1.000000 5.400000 2.222222
-1.000000 5.400000 2.777778
-1.000000 5.400000 3.333333
-1.000000 5.400000 3.888889
-1.000000 5.400000 4.444444
-1.000000 5.400000 5.000000
-1.000000 5.933333 0.000000
-1.000000 5.933333 0.555556
-1.000000 5.933333 1.111111
-1.000000 5.933333 1.666667
-1.000000 5.933333 2.222222
-1.000000 5.933333 2.777778
-1.000000 5.933333 3.333333
-1.000000 5.933333 3.888889
-1.000000 5.933333 4.444444
-1.000000 5.933333 5.000000
-1.000000 6.466667 0.000000
-1.000000 6.466667 0.555556
-1.000000 6.466667 1.111111
-1.000000 6.466667 1.666667
-1.000000 6.466667 2.222222
-1.000000 6.466667 2.777778
-1.000000 6.466667 3.333333
-1.000000 6.466667 3.888889
-1.000000 6.466667 4.444444
-1.000000 6.466667 5.000000
-1.000000 7.000000 0.000000
-1.000000 7.000000 0.555556
-1.000000 7.000000 1.111111
-1.000000 7.000000 1.666667
-1.000000 7.000000 2.222222
-1.000000 7.000000 2.777778
-1.000000 7.000000 3.333333
-1.000000 7.000000 3.888889
-1.000000 7.000000 4.444444
-1.000000 7.000000 5.000000
-1.000000 7.000000 0.000000
-1.000000 7.000000 0.555556
-1.000000 7.000000 1.111111
-1.000000 7.000000 1.666667
-1.000000 7.000000 2.222222
-1.000000 7.000000 2.777778
-1.000000 7.000000 3.333333
-1.000000 7.000000 3.888889
-1.000000 7.000000 4.444444
-1.000000 7.000000 5.000000
-0.333333 7.000000 0.000000
-0.333333 7.000000 0.555556
-0.333333 7.000000 1.111111
-0.333333 7.000000 1.666667
-0.333333 7.000000 2.222222
-0.333333 7.000000 2.777778
-0.333333 7.000000 3.333333
-0.333333 7.000000 3.888889
-0.333333 7.000000 4.444444
-0.333333 7.000000 5.000000
0.333333 7.000000 0.000000
0.333333 7.000000 0.555556
0.333333 7.000000 1.111111
0.333333 7.000000 1.666667
0.333333 7.000000 2.222222
0.333333 7.000000 2.777778
0.333333 7.000000 3.333333
0.333333 7.000000 3.888889
0.333333 7.000000 4.444444
0.333333 7.000000 5.000000
1.000000 7.000000 0.000000
1.000000 7.000000 0.555556
1.000000 7.000000 1.111111
1.000000 7.000000 1.666667
1.000000 7.000000 2.222222
1.000000 7.000000 2.777778
1.000000 7.000000 3.333333
1.000000 7.000000 3.888889
1.000000 7.000000 4.444444
1.000000 7.000000 5.000000
-1.000000 -1.000000 0.000000
-1.000000 -1.000000 0.555556
-1.000000 -1.000000 1.111111
-1.000000 -1.000000 1.666667
-1.000000 -1.000000 2.222222
-1.000000 -1.000000 2.777778
-1.000000 -1.000000 3.333333
-1.000000 -1.000000 3.888889
-1.000000 -1.000000 4.444444
-1.000000 -1.000000 5.000000
-0.333333 -1.000000 0.000000
-0.333333 -1.000000 0.555556
-0.333333 -1.000000 1.111111
-0.333333 -1.000000 1.666667
-0.333333 -1.000000 2.222222
-0.333333 -1.000000 2.777778
-0.333333 -1.000000 3.333333
-0.333333 -1.000000 3.888889
-0.333333 -1.000000 4.444444
-0.333333 -1.000000 5.000000
0.333333 -1.000000 0.000000
0.333333 -1.000000 0.555556
0.333333 -1.000000 1.111111
0.333333 -1.000000 1.666667
0.333333 -1.000000 2.222222
0.333333 -1.000000 2.777778
0.333333 -1.000000 3.333333
0.333333 -1.000000 3.888889
0.333333 -1.000000 4.444444
0.333333 -1.000000 5.000000
1.000000 -1.000000 0.000000
1.000000 -1.000000 0.555556
1.000000 -1.000000 1.111111
1.000000 -1.000000 1.666667
1.000000 -1.000000 2.222222
1.000000 -1.000000 2.777778
1.000000 -1.000000 3.333333
1.000000 -1.000000 3.888889
1.000000 -1.000000 4.444444
1.000000 -1.000000 5.000000
-1.000000 -1.000000 5.000000
-1.000000 -0.466667 5.000000
-1.000000 0.066667 5.000000
-1.000000 0.600000 5.000000
-1.000000 1.133333 5.000000
-1.000000 1.666667 5.000000
-1.000000 2.200000 5.000000
-1.000000 2.733333 5.000000
-1.000000 3.266667 5.000000
-1.000000 3.800000 5.000000
-1.000000 4.333333 5.000000
-1.000000 4.866667 5.000000
-1.000000 5.400000 5.000000
-1.000000 5.933333 5.000000
-1.000000 6.466667 5.000000
-1.000000 7.000000 5.000000
-0.333333 -1.000000 5.000000
-0.333333 -0.466667 5.000000
-0.333333 0.066667 5.000000
-0.333333 0.600000 5.000000
-0.333333 1.133333 5.000000
-0.333333 1.666667 5.000000
-0.333333 2.200000 5.000000
-0.333333 2.733333 5.000000
-0.333333 3.266667 5.000000
-0.333333 3.800000 5.000000
-0.333333 4.333333 5.000000
-0.333333 4.866667 5.000000
-0.333333 5.400000 5.000000
-0.333333 5.933333 5.000000
-0.333333 6.466667 5.000000
-0.333333 7.000000 5.000000
0.333333 -1.000000 5.000000
0.333333 -0.466667 5.000000
0.333333 0.066667 5.000000
0.333333 0.600000 5.000000
0.333333 1.133333 5.000000
0.333333 1.666667 5.000000
0.333333 2.200000 5.000000
0.333333 2.733333 5.000000
0.333333 3.266667 5.000000
0.333333 3.800000 5.000000
0.333333 4.333333 5.000000
0.333333 4.866667 5.000000
0.333333 5.400000 5.000000
0.333333 5.933333 5.000000
0.333333 6.466667 5.000000
0.333333 7.000000 5.000000
1.000000 -1.000000 5.000000
1.000000 -0.466667 5.000000
1.000000 0.066667 5.000000
1.000000 0.600000 5.000000
1.000000 1.133333 5.000000
1.000000 1.666667 5.000000
1.000000 2.200000 5.000000
1.000000 2.733333 5.000000
1.000000 3.266667 5.000000
1.000000 3.800000 5.000000
1.000000 4.333333 5.000000
1.000000 4.866667 5.000000
1.000000 5.400000 5.000000
1.000000 5.933333 5.000000
1.000000 6.466667 5.000000
1.000000 7.000000 5.000000
-1.000000 -1.000000 0.000000
-1.000000 -0.466667 0.000000
-1.000000 0.066667 0.000000
-1.000000 0.600000 0.000000
-1.000000 1.133333 0.000000
-1.000000 1.666667 0.000000
-1.000000 2.200000 0.000000
-1.000000 2.733333 0.000000
-1.000000 3.266667 0.000000
-1.000000 3.800000 0.000000
-1.000000 4.333333 0.000000
-1.000000 4.866667 0.000000
-1.000000 5.400000 0.000000
-1.000000 5.933333 0.000000
-1.000000 6.466667 0.000000
-1.000000 7.000000 0.000000
-0.333333 -1.000000 0.000000
-0.333333 -0.466667 0.000000
-0.333333 0.066667 0.000000
-0.333333 0.600000 0.000000
-0.333333 1.133333 0.000000
-0.333333 1.666667 0.000000
-0.333333 2.200000 0.000000
-0.333333 2.733333 0.000000
-0.333333 3.266667 0.000000
-0.333333 3.800000 0.000000
-0.333333 4.333333 0.000000
-0.333333 4.866667 0.000000
-0.333333 5.400000 0.000000
-0.333333 5.933333 0.000000
-0.333333 6.466667 0.000000
-0.333333 7.000000 0.000000
0.333333 -1.000000 0.000000
0.333333 -0.466667 0.000000
0.333333 0.066667 0.000000
0.333333 0.600000 0.000000
0.333333 1.133333 0.000000
0.333333 1.666667 0.000000
0.333333 2.200000 0.000000
0.333333 2.733333 0.000000
0.333333 3.266667 0.000000
0.333333 3.800000 0.000000
0.333333 4.333333 0.000000
0.333333 4.866667 0.000000
0.333333 5.400000 0.000000
0.333333 5.933333 0.000000
0.333333 6.466667 0.000000
0.333333 7.000000 0.000000
1.000000 -1.000000 0.000000
1.000000 -0.466667 0.000000
1.000000 0.066667 0.000000
1.000000 0.600000 0.000000
1.000000 1.133333 0.000000
1.000000 1.666667 0.000000
1.000000 2.200000 0.000000
1.000000 2.733333 0.000000
1.000000 3.266667 0.000000
1.000000 3.800000 0.000000
1.000000 4.333333 0.000000
1.000000 4.866667 0.000000
1.000000 5.400000 0.000000
1.000000 5.933333 0.000000
1.000000 6.466667 0.000000
1.000000 7.000000 0.000000
7.000000 -12.000000 0.000000
7.000000 -12.000000 0.555556
7.000000 -12.000000 1.111111
7.000000 -12.000000 1.666667
7.000000 -12.000000 2.222222
7.000000 -12.000000 2.777778
7.000000 -12.000000 3.333333
7.000000 -12.000000 3.888889
7.000000 -12.000000 4.444444
7.000000 -12.000000 5.000000
7.000000 -11.466667 0.000000
7.000000 -11.466667 0.555556
7.000000 -11.466667 1.111111
7.000000 -11.466667 1.666667
7.000000 -11.466667 2.222222
7.000000 -11.466667 2.777778
7.000000 -11.466667 3.333333
7.000000 -11.466667 3.888889
7.000000 -11.466667 4.444444
7.000000 -11.466667 5.000000
7.000000 -10.933333 0.000000
7.000000 -10.933333 0.555556
7.000000 -10.933333 1.111111
7.000000 -10.933333 1.666667
7.000000 -10.933333 2.222222
7.000000 -10.933333 2.777778
7.000000 -10.933333 3.333333
7.000000 -10.933333 3.888889
7.000000 -10.933333 4.444444
7.000000 -10.933333 5.000000
7.000000 -10.400000 0.000000
7.000000 -10.400000 0.555556
7.000000 -10.400000 1.111111
7.000000 -10.400000 1.666667
7.000000 -10.400000 2.222222
7.000000 -10.400000 2.777778
7.000000 -10.400000 3.333333
7.000000 -10.400000 3.888889
7.000000 -10.400000 4.444444
7.000000 -10.400000 5.000000
7.000000 -9.866667 0.000000
7.000000 -9.866667 0.555556
7.000000 -9.866667 1.111111
7.000000 -9.866667 1.666667
7.000000 -9.866667 2.222222
7.000000 -9.866667 2.777778
7.000000 -9.866667 3.333333
7.000000 -9.866667 3.888889
7.000000 -9.866667 4.444444
7.000000 -9.866667 5.000000
7.000000 -9.333333 0.000000
7.000000 -9.333333 0.555556
7.000000 -9.333333 1.111111
7.000000 -9.333333 1.666667
7.000000 -9.333333 2.222222
7.000000 -9.333333 2.777778
7.000000 -9.333333 3.333333
7.000000 -9.333333 3.888889
7.000000 -9.333333 4.444444
7.000000 -9.333333 5.000000
7.000000 -8.800000 0.000000
7.000000 -8.800000 0.555556
7.000000 -8.800000 1.111111
7.000000 -8.800000 1.666667
7.000000 -8.800000 2.222222
7.000000 -8.800000 2.777778
7.000000 -8.800000 3.333333
7.000000 -8.800000 3.888889
7.000000 -8.800000 4.444444
7.000000 -8.800000 5.000000
7.000000 -8.266667 0.000000
7.000000 -8.266667 0.555556
7.000000 -8.266667 1.111111
7.000000 -8.266667 1.666667
7.000000 -8.266667 2.222222
7.000000 -8.266667 2.777778
7.000000 -8.266667 3.333333
7.000000 -8.266667 3.888889
7.000000 -8.266667 4.444444
7.000000 -8.266667 5.000000
7.000000 -7.733333 0.000000
7.000000 -7.733333 0.555556
7.000000 -7.733333 1.111111
7.000000 -7.733333 1.666667
7.000000 -7.733333 2.222222
7.000000 -7.733333 2.777778
7.000000 -7.733333 3.333333
7.000000 -7.733333 3.888889
7.000000 -7.733333 4.444444
7.000000 -7.733333 5.000000
7.000000 -7.200000 0.000000
7.000000 -7.200000 0.555556
7.000000 -7.200000 1.111111
7.000000 -7.200000 1.666667
7.000000 -7.200000 2.222222
7.000000 -7.200000 2.777778
7.000000 -7.200000 3.333333
7.000000 -7.200000 3.888889
7.000000 -7.200000 4.444444
7.000000 -7.200000 5.000000
7.000000 -6.666667 0.000000
7.000000 -6.666667 0.555556
7.000000 -6.666667 1.111111
7.000000 -6.666667 1.666667
7.000000 -6.666667 2.222222
7.000000 -6.666667 2.777778
7.000000 -6.666667 3.333333
7.000000 -6.666667 3.888889
7.000000 -6.666667 4.444444
7.000000 -6.666667 5.000000
7.000000 -6.133333 0.000000
7.000000 -6.133333 0.555556
7.000000 -6.133333 1.111111
7.000000 -6.133333 1.666667
7.000000 -6.133333 2.222222
7.000000 -6.133333 2.777778
7.000000 -6.133333 3.333333
7.000000 -6.133333 3.888889
7.000000 -6.133333 4.444444
7.000000 -6.133333 5.000000
7.000000 -5.600000 0.000000
7.000000 -5.600000 0.555556
7.000000 -5.600000 1.111111
7.000000 -5.600000 1.666667
7.000000 -5.600000 2.222222
7.000000 -5.600000 2.777778
7.000000 -5.600000 3.333333
7.000000 -5.600000 3.888889
7.000000 -5.600000 4.444444
7.000000 -5.600000 5.000000
7.000000 -5.066667 0.000000
7.000000 -5.066667 0.555556
7.000000 -5.066667 1.111111
7.000000 -5.066667 1.666667
7.000000 -5.066667 2.222222
7.000000 -5.066667 2.777778
7.000000 -5.066667 3.333333
7.000000 -5.066667 3.888889
7.000000 -5.066667 4.444444
7.000000 -5.066667 5.000000
7.000000 -4.533333 0.000000
7.000000 -4.533333 0.555556
7.000000 -4.533333 1.111111
7.000000 -4.533333 1.666667
7.000000 -4.533333 2.222222
7.000000 -4.533333 2.777778
7.000000 -4.533333 3.333333
7.000000 -4.533333 3.888889
7.000000 -4.533333 4.444444
7.000000 -4.533333 5.000000
7.000000 -4.000000 0.000000
7.000000 -4.000000 0.555556
7.000000 -4.000000 1.111111
7.000000 -4.000000 1.666667
7.000000 -4.000000 2.222222
7.000000 -4.000000 2.777778
7.000000 -4.000000 3.333333
7.000000 -4.000000 3.888889
7.000000 -4.000000 4.444444
7.000000 -4.000000 5.000000
5.000000 -12.000000 0.000000
5.000000 -12.000000 0.555556
5.000000 -12.000000 1.111111
5.000000 -12.000000 1.666667
5.000000 -12.000000 2.222222
5.000000 -12.000000 2.777778
5.000000 -12.000000 3.333333
5.000000 -12.000000 3.888889
5.000000 -12.000000 4.444444
5.000000 -12.000000 5.000000
5.000000 -11.466667 0.000000
5.000000 -11.466667 0.555556
5.000000 -11.466667 1.111111
5.000000 -11.466667 1.666667
5.000000 -11.466667 2.222222
5.000000 -11.466667 2.777778
5.000000 -11.466667 3.333333
5.000000 -11.466667 3.888889
5.000000 -11.466667 4.444444
5.000000 -11.466667 5.000000
5.000000 -10.933333 0.000000
5.000000 -10.933333 0.555556
5.000000 -10.933333 1.111111
5.000000 -10.933333 1.666667
5.000000 -10.933333 2.222222
5.000000 -10.933333 2.777778
5.000000 -10.933333 3.333333
5.000000 -10.933333 3.888889
5.000000 -10.933333 4.444444
5.000000 -10.933333 5.000000
5.000000 -10.400000 0.000000
5.000000 -10.400000 0.555556
5.000000 -10.400000 1.111111
5.000000 -10.400000 1.666667
5.000000 -10.400000 2.222222
5.000000 -10.400000 2.777778
5.000000 -10.400000 3.333333
5.000000 -10.400000 3.888889
5.000000 -10.400000 4.444444
5.000000 -10.400000 5.000000
5.000000 -9.866667 0.000000
5.000000 -9.866667 0.555556
5.000000 -9.866667 1.111111
5.000000 -9.866667 1.666667
5.000000 -9.866667 2.222222
5.000000 -9.866667 2.777778
5.000000 -9.866667 3.333333
5.000000 -9.866667 3.888889
5.000000 -9.866667 4.444444
5.000000 -9.866667 5.000000
5.000000 -9.333333 0.000000
5.000000 -9.333333 0.555556
5.000000 -9.333333 1.111111
5.000000 -9.333333 1.666667
5.000000 -9.333333 2.222222
5.000000 -9.333333 2.777778
5.000000 -9.333333 3.333333
5.000000 -9.333333 3.888889
5.000000 -9.333333 4.444444
5.000000 -9.333333 5.000000
5.000000 -8.800000 0.000000
5.000000 -8.800000 0.555556
5.000000 -8.800000 1.111111
5.000000 -8.800000 1.666667
5.000000 -8.800000 2.222222
5.000000 -8.800000 2.777778
5.000000 -8.800000 3.333333
5.000000 -8.800000 3.888889
5.000000 -8.800000 4.444444
5.000000 -8.800000 5.000000
5.000000 -8.266667 0.000000
5.000000 -8.266667 0.555556
5.000000 -8.266667 1.111111
5.000000 -8.266667 1.666667
5.000000 -8.266667 2.222222
5.000000 -8.266667 2.777778
5.000000 -8.266667 3.333333
5.000000 -8.266667 3.888889
5.000000 -8.266667 4.444444
5.000000 -8.266667 5.000000
5.000000 -7.733333 0.000000
5.000000 -7.733333 0.555556
5.000000 -7.733333 1.111111
5.000000 -7.733333 1.666667
5.000000 -7.733333 2.222222
5.000000 -7.733333 2.777778
5.000000 -7.733333 3.333333
5.000000 -7.733333 3.888889
5.000000 -7.733333 4.444444
5.000000 -7.733333 5.000000
5.000000 -7.200000 0.000000
5.000000 -7.200000 0.555556
5.000000 -7.200000 1.111111
5.000000 -7.200000 1.666667
5.000000 -7.200000 2.222222
5.000000 -7.200000 2.777778
5.000000 -7.200000 3.333333
5.000000 -7.200000 3.888889
5.000000 -7.200000 4.444444
5.000000 -7.200000 5.000000
5.000000 -6.666667 0.000000
5.000000 -6.666667 0.555556
5.000000 -6.666667 1.111111
5.000000 -6.666667 1.666667
5.000000 -6.666667 2.222222
5.000000 -6.666667 2.777778
5.000000 -6.666667 3.333333
5.000000 -6.666667 3.888889
5.000000 -6.666667 4.444444
5.000000 -6.666667 5.000000
5.000000 -6.133333 0.000000
5.000000 -6.133333 0.555556
5.000000 -6.133333 1.111111
5.000000 -6.133333 1.666667
5.000000 -6.133333 2.222222
5.000000 -6.133333 2.777778
5.000000 -6.133333 3.333333
5.000000 -6.133333 3.888889
5.000000 -6.133333 4.444444
5.000000 -6.133333 5.000000
5.000000 -5.600000 0.000000
5.000000 -5.600000 0.555556
5.000000 -5.600000 1.111111
5.000000 -5.600000 1.666667
5.000000 -5.600000 2.222222
5.000000 -5.600000 2.777778
5.000000 -5.600000 3.333333
5.000000 -5.600000 3.888889
5.000000 -5.600000 4.444444
5.000000 -5.600000 5.000000
5.000000 -5.066667 0.000000
5.000000 -5.066667 0.555556
5.000000 -5.066667 1.111111
5.000000 -5.066667 1.666667
5.000000 -5.066667 2.222222
5.000000 -5.066667 2.777778
5.000000 -5.066667 3.333333
5.000000 -5.066667 3.888889
5.000000 -5.066667 4.444444
5.000000 -5.066667 5.000000
5.000000 -4.533333 0.000000
5.000000 -4.533333 0.555556
5.000000 -4.533333 1.111111
5.000000 -4.533333 1.666667
5.000000 -4.533333 2.222222
5.000000 -4.533333 2.777778
5.000000 -4.533333 3.333333
5.000000 -4.533333 3.888889
5.000000 -4.533333 4.444444
5.000000 -4.533333 5.000000
5.000000 -4.000000 0.000000
5.000000 -4.000000 0.555556
5.000000 -4.000000 1.111111
5.000000 -4.000000 1.666667
5.000000 -4.000000 2.222222
5.000000 -4.000000 2.777778
5.000000 -4.000000 3.333333
5.000000 -4.000000 3.888889
5.000000 -4.000000 4.444444
5.000000 -4.000000 5.000000
5.000000 -4.000000 0.000000
5.000000 -4.000000 0.555556
5.000000 -4.000000 1.111111
5.000000 -4.000000 1.666667
5.000000 -4.000000 2.222222
5.000000 -4.000000 2.777778
5.000000 -4.000000 3.333333
5.000000 -4.000000 3.888889
5.000000 -4.000000 4.444444
5.000000 -4.000000 5.000000
5.666667 -4.000000 0.000000
5.666667 -4.000000 0.555556
5.666667 -4.000000 1.111111
5.666667 -4.000000 1.666667
5.666667 -4.000000 2.222222
5.666667 -4.000000 2.777778
5.666667 -4.000000 3.333333
5.666667 -4.000000 3.888889
5.666667 -4.000000 4.444444
5.666667 -4.000000 5.000000
6.333333 -4.000000 0.000000
6.333333 -4.000000 0.555556
6.333333 -4.000000 1.111111
6.333333 -4.000000 1.666667
6.333333 -4.000000 2.222222
6.333333 -4.000000 2.777778
6.333333 -4.000000 3.333333
6.333333 -4.000000 3.888889
6.333333 -4.000000 4.444444
6.333333 -4.000000 5.000000
7.000000 -4.000000 0.000000
7.000000 -4.000000 0.555556
7.000000 -4.000000 1.111111
7.000000 -4.000000 1.666667
7.000000 -4.000000 2.222222
7.000000 -4.000000 2.777778
7.000000 -4.000000 3.333333
7.000000 -4.000000 3.888889
7.000000 -4.000000 4.444444
7.000000 -4.000000 5.000000
5.000000 -12.000000 0.000000
5.000000 -12.000000 0.555556
5.000000 -12.000000 1.111111
5.000000 -12.000000 1.666667
5.000000 -12.000000 2.222222
5.000000 -12.000000 2.777778
5.000000 -12.000000 3.333333
5.000000 -12.000000 3.888889
5.000000 -12.000000 4.444444
5.000000 -12.000000 5.000000
5.666667 -12.000000 0.000000
5.666667 -12.000000 0.555556
5.666667 -12.000000 1.111111
5.666667 -12.000000 1.666667
5.666667 -12.000000 2.222222
5.666667 -12.000000 2.777778
5.666667 -12.000000 3.333333
5.666667 -12.000000 3.888889
5.666667 -12.000000 4.444444
5.666667 -12.000000 5.000000
6.333333 -12.000000 0.000000
6.333333 -12.000000 0.555556
6.333333 -12.000000 1.111111
6.333333 -12.000000 1.666667
6.333333 -12.000000 2.222222
6.333333 -12.000000 2.777778
6.333333 -12.000000 3.333333
6.333333 -12.000000 3.888889
6.333333 -12.000000 4.444444
6.333333 -12.000000 5.000000
7.000000 -12.000000 0.000000
7.000000 -12.000000 0.555556
7.000000 -12.000000 1.111111
7.000000 -12.000000 1.666667
7.000000 -12.000000 2.222222
7.000000 -12.000000 2.777778
7.000000 -12.000000 3.333333
7.000000 -12.000000 3.888889
7.000000 -12.000000 4.444444
7.000000 -12.000000 5.000000
5.000000 -12.000000 5.000000
5.000000 -11.466667 5.000000
5.000000 -10.933333 5.000000
5.000000 -10.400000 5.000000
5.000000 -9.866667 5.000000
5.000000 -9.333333 5.000000
5.000000 -8.800000 5.000000
5.000000 -8.266667 5.000000
5.000000 -7.733333 5.000000
5.000000 -7.200000 5.000000
5.000000 -6.666667 5.000000
5.000000 -6.133333 5.000000
5.000000 -5.600000 5.000000
5.000000 -5.066667 5.000000
5.000000 -4.533333 5.000000
5.000000 -4.000000 5.000000
5.666667 -12.000000 5.000000
5.666667 -11.466667 5.000000
5.666667 -10.933333 5.000000
5.666667 -10.400000 5.000000
5.666667 -9.866667 5.000000
5.666667 -9.333333 5.000000
5.666667 -8.800000 5.000000
5.666667 -8.266667 5.000000
5.666667 -7.733333 5.000000
5.666667 -7.200000 5.000000
5.666667 -6.666667 5.000000
5.666667 -6.133333 5.000000
5.666667 -5.600000 5.000000
5.666667 -5.066667 5.000000
5.666667 -4.533333 5.000000
5.666667 -4.000000 5.000000
6.333333 -12.000000 5.000000
6.333333 -11.466667 5.000000
6.333333 -10.933333 5.000000
6.333333 -10.400000 5.000000
6.333333 -9.866667 5.000000
6.333333 -9.333333 5.000000
6.333333 -8.800000 5.000000
6.333333 -8.266667 5.000000
6.333333 -7.733333 5.000000
6.333333 -7.200000 5.000000
6.333333 -6.666667 5.000000
6.333333 -6.133333 5.000000
6.333333 -5.600000 5.000000
6.333333 -5.066667 5.000000
6.333333 -4.533333 5.000000
6.333333 -4.000000 5.000000
7.000000 -12.000000 5.000000
7.000000 -11.466667 5.000000
7.000000 -10.933333 5.000000
7.000000 -10.400000 5.000000
7.000000 -9.866667 5.000000
7.000000 -9.333333 5.000000
7.000000 -8.800000 5.000000
7.000000 -8.266667 5.000000
7.000000 -7.733333 5.000000
7.000000 -7.200000 5.000000
7.000000 -6.666667 5.000000
7.000000 -6.133333 5.000000
7.000000 -5.600000 5.000000
7.000000 -5.066667 5.000000
7.000000 -4.533333 5.000000
7.000000 -4.000000 5.000000
5.000000 -12.000000 0.000000
5.000000 -11.466667 0.000000
5.000000 -10.933333 0.000000
5.000000 -10.400000 0.000000
5.000000 -9.866667 0.000000
5.000000 -9.333333 0.000000
5.000000 -8.800000 0.000000
5.000000 -8.266667 0.000000
5.000000 -7.733333 0.000000
5.000000 -7.200000 0.000000
5.000000 -6.666667 0.000000
5.000000 -6.133333 0.000000
5.000000 -5.600000 0.000000
5.000000 -5.066667 0.000000
5.000000 -4.533333 0.000000
5.000000 -4.000000 0.000000
5.666667 -12.000000 0.000000
5.666667 -11.466667 0.000000
5.666667 -10.933333 0.000000
5.666667 -10.400000 0.000000
5.666667 -9.866667 0.000000
5.666667 -9.333333 0.000000
5.666667 -8.800000 0.000000
5.666667 -8.266667 0.000000
5.666667 -7.733333 0.000000
5.666667 -7.200000 0.000000
5.666667 -6.666667 0.000000
5.666667 -6.133333 0.000000
5.666667 -5.600000 0.000000
5.666667 -5.066667 0.000000
5.666667 -4.533333 0.000000
5.666667 -4.000000 0.000000
6.333333 -12.000000 0.000000
6.333333 -11.466667 0.000000
6.333333 -10.933333 0.000000
6.333333 -10.400000 0.000000
6.333333 -9.866667 0.000000
6.333333 -9.333333 0.000000
6.333333 -8.800000 0.000000
6.333333 -8.266667 0.000000
6.333333 -7.733333 0.000000
6.333333 -7.200000 0.000000
6.333333 -6.666667 0.000000
6.333333 -6.133333 0.000000
6.333333 -5.600000 0.000000
6.333333 -5.066667 0.000000
6.333333 -4.533333 0.000000
6.333333 -4.000000 0.000000
7.000000 -12.000000 0.000000
7.000000 -11.466667 0.000000
7.000000 -10.933333 0.000000
7.000000 -10.400000 0.000000
7.000000 -9.866667 0.000000
7.000000 -9.333333 0.000000
7.000000 -8.800000 0.000000
7.000000 -8.266667 0.000000
7.000000 -7.733333 0.000000
7.000000 -7.200000 0.000000
7.000000 -6.666667 0.000000
7.000000 -6.133333 0.000000
7.000000 -5.600000 0.000000
7.000000 -5.066667 0.000000
7.000000 -4.533333 0.000000
7.000000 -4.000000 0.000000
7.000000 -1.000000 0.000000
7.000000 -1.000000 0.555556
7.000000 -1.000000 1.111111
7.000000 -1.000000 1.666667
7.000000 -1.000000 2.222222
7.000000 -1.000000 2.777778
7.000000 -1.000000 3.333333
7.000000 -1.000000 3.888889
7.000000 -1.000000 4.444444
7.000000 -1.000000 5.000000
7.000000 -0.466667 0.000000
7.000000 -0.466667 0.555556
7.000000 -0.466667 1.111111
7.000000 -0.466667 1.666667
7.000000 -0.466667 2.222222
7.000000 -0.466667 2.777778
7.000000 -0.466667 3.333333
7.000000 -0.466667 3.888889
7.000000 -0.466667 4.444444
7.000000 -0.466667 5.000000
7.000000 0.066667 0.000000
7.000000 0.066667 0.555556
7.000000 0.066667 1.111111
7.000000 0.066667 1.666667
7.000000 0.066667 2.222222
7.000000 0.066667 2.777778
7.000000 0.066667 3.333333
7.000000 0.066667 3.888889
7.000000 0.066667 4.444444
7.000000 0.066667 5.000000
7.000000 0.600000 0.000000
7.000000 0.600000 0.555556
7.000000 0.600000 1.111111
7.000000 0.600000 1.666667
7.000000 0.600000 2.222222
7.000000 0.600000 2.777778
7.000000 0.600000 3.333333
7.000000 0.600000 3.888889
7.000000 0.600000 4.444444
7.000000 0.600000 5.000000
7.000000 1.133333 0.000000
7.000000 1.133333 0.555556
7.000000 1.133333 1.111111
7.000000 1.133333 1.666667
7.000000 1.133333 2.222222
7.000000 1.133333 2.777778
7.000000 1.133333 3.333333
7.000000 1.133333 3.888889
7.000000 1.133333 4.444444
7.000000 1.133333 5.000000
7.000000 1.666667 0.000000
7.000000 1.666667 0.555556
7.000000 1.666667 1.111111
7.000000 1.666667 1.666667
7.000000 1.666667 2.222222
7.000000 1.666667 2.777778
7.000000 1.666667 3.333333
7.000000 1.666667 3.888889
7.000000 1.666667 4.444444
7.000000 1.666667 5.000000
7.000000 2.200000 0.000000
7.000000 2.200000 0.555556
7.000000 2.200000 1.111111
7.000000 2.200000 1.666667
7.000000 2.200000 2.222222
7.000000 2.200000 2.777778
7.000000 2.200000 3.333333
7.000000 2.200000 3.888889
7.000000 2.200000 4.444444
7.000000 2.200000 5.000000
7.000000 2.733333 0.000000
7.000000 2.733333 0.555556
7.000000 2.733333 1.111111
7.000000 2.733333 1.666667
7.000000 2.733333 2.222222
7.000000 2.733333 2.777778
7.000000 2.733333 3.333333
7.000000 2.733333 3.888889
7.000000 2.733333 4.444444
7.000000 2.733333 5.000000
7.000000 3.266667 0.000000
7.000000 3.266667 0.555556
7.000000 3.266667 1.111111
7.000000 3.266667 1.666667
7.000000 3.266667 2.222222
7.000000 3.266667 2.777778
7.000000 3.266667 3.333333
7.000000 3.266667 3.888889
7.000000 3.266667 4.444444
7.000000 3.266667 5.000000
7.000000 3.800000 0.000000
7.000000 3.800000 0.555556
7.000000 3.800000 1.111111
7.000000 3.800000 1.666667
7.000000 3.800000 2.222222
7.000000 3.800000 2.777778
7.000000 3.800000 3.333333
7.000000 3.800000 3.888889
7.000000 3.800000 4.444444
7.000000 3.800000 5.000000
7.000000 4.333333 0.000000
7.000000 4.333333 0.555556
7.000000 4.333333 1.111111
7.000000 4.333333 1.666667
7.000000 4.333333 2.222222
7.000000 4.333333 2.777778
7.000000 4.333333 3.333333
7.000000 4.333333 3.888889
7.000000 4.333333 4.444444
7.000000 4.333333 5.000000
7.000000 4.866667 0.000000
7.000000 4.866667 0.555556
7.000000 4.866667 1.111111
7.000000 4.866667 1.666667
7.000000 4.866667 2.222222
7.000000 4.866667 2.777778
7.000000 4.866667 3.333333
7.000000 4.866667 3.888889
7.000000 4.866667 4.444444
7.000000 4.866667 5.000000
7.000000 5.400000 0.000000
7.000000 5.400000 0.555556
7.000000 5.400000 1.111111
7.000000 5.400000 1.666667
7.000000 5.400000 2.222222
7.000000 5.400000 2.777778
7.000000 5.400000 3.333333
7.000000 5.400000 3.888889
7.000000 5.400000 4.444444
7.000000 5.400000 5.000000
7.000000 5.933333 0.000000
7.000000 5.933333 0.555556
7.000000 5.933333 1.111111
7.000000 5.933333 1.666667
7.000000 5.933333 2.222222
7.000000 5.933333 2.777778
7.000000 5.933333 3.333333
7.000000 5.933333 3.888889
7.000000 5.933333 4.444444
7.000000 5.933333 5.000000
7.000000 6.466667 0.000000
7.000000 6.466667 0.555556
7.000000 6.466667 1.111111
7.000000 6.466667 1.666667
7.000000 6.466667 2.222222
7.000000 6.466667 2.777778
7.000000 6.466667 3.333333
7.000000 6.466667 3.888889
7.000000 6.466667 4.444444
7.000000 6.466667 5.000000
7.000000 7.000000 0.000000
7.000000 7.000000 0.555556
7.000000 7.000000 1.111111
7.000000 7.000000 1.666667
7.000000 7.000000 2.222222
7.000000 7.000000 2.777778
7.000000 7.000000 3.333333
7.000000 7.000000 3.888889
7.000000 7.000000 4.444444
7.000000 7.000000 5.000000
5.000000 -1.000000 0.000000
5.000000 -1.000000 0.555556
5.000000 -1.000000 1.111111
5.000000 -1.000000 1.666667
5.000000 -1.000000 2.222222
5.000000 -1.000000 2.777778
5.000000 -1.000000 3.333333
5.000000 -1.000000 3.888889
5.000000 -1.000000 4.444444
5.000000 -1.000000 5.000000
5.000000 -0.466667 0.000000
5.000000 -0.466667 0.555556
5.000000 -0.466667 1.111111
5.000000 -0.466667 1.666667
5.000000 -0.466667 2.222222
5.000000 -0.466667 2.777778
5.000000 -0.466667 3.333333
5.000000 -0.466667 3.888889
5.000000 -0.466667 4.444444
5.000000 -0.466667 5.000000
5.000000 0.066667 0.000000
5.000000 0.066667 0.555556
5.000000 0.066667 1.111111
5.000000 0.066667 1.666667
5.000000 0.066667 2.222222
5.000000 0.066667 2.777778
5.000000 0.066667 3.333333
5.000000 0.066667 3.888889
5.000000 0.066667 4.444444
5.000000 0.066667 5.000000
5.000000 0.600000 0.000000
5.000000 0.600000 0.555556
5.000000 0.600000 1.111111
5.000000 0.600000 1.666667
5.000000 0.600000 2.222222
5.000000 0.600000 2.777778
5.000000 0.600000 3.333333
5.000000 0.600000 3.888889
5.000000 0.600000 4.444444
5.000000 0.600000 5.000000
5.000000 1.133333 0.000000
5.000000 1.133333 0.555556
5.000000 1.133333 1.111111
5.000000 1.133333 1.666667
5.000000 1.133333 2.222222
5.000000 1.133333 2.777778
5.000000 1.133333 3.333333
5.000000 1.133333 3.888889
5.000000 1.133333 4.444444
5.000000 1.133333 5.000000
5.000000 1.666667 0.000000
5.000000 1.666667 0.555556
5.000000 1.666667 1.111111
5.000000 1.666667 1.666667
5.000000 1.666667 2.222222
5.000000 1.666667 2.777778
5.000000 1.666667 3.333333
5.000000 1.666667 3.888889
5.000000 1.666667 4.444444
5.000000 1.666667 5.000000
5.000000 2.200000 0.000000
5.000000 2.200000 0.555556
5.000000 2.200000 1.111111
5.000000 2.200000 1.666667
5.000000 2.200000 2.222222
5.000000 2.200000 2.777778
5.000000 2.200000 3.333333
5.000000 2.200000 3.888889
5.000000 2.200000 4.444444
5.000000 2.200000 5.000000
5.000000 2.733333 0.000000
5.000000 2.733333 0.555556
5.000000 2.733333 1.111111
5.000000 2.733333 1.666667
5.000000 2.733333 2.222222
5.000000 2.733333 2.777778
5.000000 2.733333 3.333333
5.000000 2.733333 3.888889
5.000000 2.733333 4.444444
5.000000 2.733333 5.000000
5.000000 3.266667 0.000000
5.000000 3.266667 0.555556
5.000000 3.266667 1.111111
5.000000 3.266667 1.666667
5.000000 3.266667 2.222222
5.000000 3.266667 2.777778
5.000000 3.266667 3.333333
5.000000 3.266667 3.888889
5.000000 3.266667 4.444444
5.000000 3.266667 5.000000
5.000000 3.800000 0.000000
5.000000 3.800000 0.555556
5.000000 3.800000 1.111111
5.000000 3.800000 1.666667
5.000000 3.800000 2.222222
5.000000 3.800000 2.777778
5.000000 3.800000 3.333333
5.000000 3.800000 3.888889
5.000000 3.800000 4.444444
5.000000 3.800000 5.000000
5.000000 4.333333 0.000000
5.000000 4.333333 0.555556
5.000000 4.333333 1.111111
5.000000 4.333333 1.666667
5.000000 4.333333 2.222222
5.000000 4.333333 2.777778
5.000000 4.333333 3.333333
5.000000 4.333333 3.888889
5.000000 4.333333 4.444444
5.000000 4.333333 5.000000
5.000000 4.866667 0.000000
5.000000 4.866667 0.555556
5.000000 4.866667 1.111111
5.000000 4.866667 1.666667
5.000000 4.866667 2.222222
5.000000 4.866667 2.777778
5.000000 4.866667 3.333333
5.000000 4.866667 3.888889
5.000000 4.866667 4.444444
5.000000 4.866667 5.000000
5.000000 5.400000 0.000000
5.000000 5.400000 0.555556
5.000000 5.400000 1.111111
5.000000 5.400000 1.666667
5.000000 5.400000 2.222222
5.000000 5.400000 2.777778
5.000000 5.400000 3.333333
5.000000 5.400000 3.888889
5.000000 5.400000 4.444444
5.000000 5.400000 5.000000
5.000000 5.933333 0.000000
5.000000 5.933333 0.555556
5.000000 5.933333 1.111111
5.000000 5.933333 1.666667
5.000000 5.933333 2.222222
5.000000 5.933333 2.777778
5.000000 5.933333 3.333333
5.000000 5.933333 3.888889
5.000000 5.933333 4.444444
5.000000 5.933333 5.000000
5.000000 6.466667 0.000000
5.000000 6.466667 0.555556
5.000000 6.466667 1.111111
5.000000 6.466667 1.666667
5.000000 6.466667 2.222222
5.000000 6.466667 2.777778
5.000000 6.466667 3.333333
5.000000 6.466667 3.888889
5.000000 6.466667 4.444444
5.000000 6.466667 5.000000
5.000000 7.000000 0.000000
5.000000 7.000000 0.555556
5.000000 7.000000 1.111111
5.000000 7.000000 1.666667
5.000000 7.000000 2.222222
5.000000 7.000000 2.777778
5.000000 7.000000 3.333333
5.000000 7.000000 3.888889
5.000000 7.000000 4.444444
5.000000 7.000000 5.000000
5.000000 7.000000 0.000000
5.000000 7.000000 0.555556
5.000000 7.000000 1.111111
5.000000 7.000000 1.666667
5.000000 7.000000 2.222222
5.000000 7.000000 2.777778
5.000000 7.000000 3.333333
5.000000 7.000000 3.888889
5.000000 7.000000 4.444444
5.000000 7.000000 5.000000
5.666667 7.000000 0.000000
5.666667 7.000000 0.555556
5.666667 7.000000 1.111111
5.666667 7.000000 1.666667
5.666667 7.000000 2.222222
5.666667 7.000000 2.777778
5.666667 7.000000 3.333333
5.666667 7.000000 3.888889
5.666667 7.000000 4.444444
5.666667 7.000000 5.000000
6.333333 7.000000 0.000000
6.333333 7.000000 0.555556
6.333333 7.000000 1.111111
6.333333 7.000000 1.666667
6.333333 7.000000 2.222222
6.333333 7.000000 2.777778
6.333333 7.000000 3.333333
6.333333 7.000000 3.888889
6.333333 7.000000 4.444444
6.333333 7.000000 5.000000
7.000000 7.000000 0.000000
7.000000 7.000000 0.555556
7.000000 7.000000 1.111111
7.000000 7.000000 1.666667
7.000000 7.000000 2.222222
7.000000 7.000000 2.777778
7.000000 7.000000 3.333333
7.000000 7.000000 3.888889
7.000000 7.000000 4.444444
7.000000 7.000000 5.000000
5.000000 -1.000000 0.000000
5.000000 -1.000000 0.555556
5.000000 -1.000000 1.111111
5.000000 -1.000000 1.666667
5.000000 -1.000000 2.222222
5.000000 -1.000000 2.777778
5.000000 -1.000000 3.333333
5.000000 -1.000000 3.888889
5.000000 -1.000000 4.444444
5.000000 -1.000000 5.000000
5.666667 -1.000000 0.000000
5.666667 -1.000000 0.555556
5.666667 -1.000000 1.111111
5.666667 -1.000000 1.666667
5.666667 -1.000000 2.222222
5.666667 -1.000000 2.777778
5.666667 -1.000000 3.333333
5.666667 -1.000000 3.888889
5.666667 -1.000000 4.444444
5.666667 -1.000000 5.000000
6.333333 -1.000000 0.000000
6.333333 -1.000000 0.555556
6.333333 -1.000000 1.111111
6.333333 -1.000000 1.666667
6.333333 -1.000000 2.222222
6.333333 -1.000000 2.777778
6.333333 -1.000000 3.333333
6.333333 -1.000000 3.888889
6.333333 -1.000000 4.444444
6.333333 -1.000000 5.000000
7.000000 -1.000000 0.000000
7.000000 -1.000000 0.555556
7.000000 -1.000000 1.111111
7.000000 -1.000000 1.666667
7.000000 -1.000000 2.222222
7.000000 -1.000000 2.777778
7.000000 -1.000000 3.333333
7.000000 -1.000000 3.888889
7.000000 -1.000000 4.444444
7.000000 -1.000000 5.000000
5.000000 -1.000000 5.000000
5.000000 -0.466667 5.000000
5.000000 0.066667 5.000000
5.000000 0.600000 5.000000
5.000000 1.133333 5.000000
5.000000 1.666667 5.000000
5.000000 2.200000 5.000000
5.000000 2.733333 5.000000
5.000000 3.266667 5.000000
5.000000 3.800000 5.000000
5.000000 4.333333 5.000000
5.000000 4.866667 5.000000
5.000000 5.400000 5.000000
5.000000 5.933333 5.000000
5.000000 6.466667 5.000000
5.000000 7.000000 5.000000
5.666667 -1.000000 5.000000
5.666667 -0.466667 5.000000
5.666667 0.066667 5.000000
5.666667 0.600000 5.000000
5.666667 1.133333 5.000000
5.666667 1.666667 5.000000
5.666667 2.200000 5.000000
5.666667 2.733333 5.000000
5.666667 3.266667 5.000000
5.666667 3.800000 5.000000
5.666667 4.333333 5.000000
5.666667 4.866667 5.000000
5.666667 5.400000 5.000000
5.666667 5.933333 5.000000
5.666667 6.466667 5.000000
5.666667 7.000000 5.000000
6.333333 -1.000000 5.000000
6.333333 -0.466667 5.000000
6.333333 0.066667 5.000000
6.333333 0.600000 5.000000
6.333333 1.133333 5.000000
6.333333 1.666667 5.000000
6.333333 2.200000 5.000000
6.333333 2.733333 5.000000
6.333333 3.266667 5.000000
6.333333 3.800000 5.000000
6.333333 4.333333 5.000000
6.333333 4.866667 5.000000
6.333333 5.400000 5.000000
6.333333 5.933333 5.000000
6.333333 6.466667 5.000000
6.333333 7.000000 5.000000
7.000000 -1.000000 5.000000
7.000000 -0.466667 5.000000
7.000000 0.066667 5.000000
7.000000 0.600000 5.000000
7.000000 1.133333 5.000000
7.000000 1.666667 5.000000
7.000000 2.200000 5.000000
7.000000 2.733333 5.000000
7.000000 3.266667 5.000000
7.000000 3.800000 5.000000
7.000000 4.333333 5.000000
7.000000 4.866667 5.000000
7.000000 5.400000 5.000000
7.000000 5.933333 5.000000
7.000000 6.466667 5.000000
7.000000 7.000000 5.000000
5.000000 -1.000000 0.000000
5.000000 -0.466667 0.000000
5.000000 0.066667 0.000000
5.000000 0.600000 0.000000
5.000000 1.133333 0.000000
5.000000 1.666667 0.000000
5.000000 2.200000 0.000000
5.000000 2.733333 0.000000
5.000000 3.266667 0.000000
5.000000 3.800000 0.000000
5.000000 4.333333 0.000000
5.000000 4.866667 0.000000
5.000000 5.400000 0.000000
5.000000 5.933333 0.000000
5.000000 6.466667 0.000000
5.000000 7.000000 0.000000
5.666667 -1.000000 0.000000
5.666667 -0.466667 0.000000
5.666667 0.066667 0.000000
5.666667 0.600000 0.000000
5.666667 1.133333 0.000000
5.666667 1.666667 0.000000
5.666667 2.200000 0.000000
5.666667 2.733333 0.000000
5.666667 3.266667 0.000000
5.666667 3.800000 0.000000
5.666667 4.333333 0.000000
5.666667 4.866667 0.000000
5.666667 5.400000 0.000000
5.666667 5.933333 0.000000
5.666667 6.466667 0.000000
5.666667 7.000000 0.000000
6.333333 -1.000000 0.000000
6.333333 -0.466667 0.000000
6.333333 0.066667 0.000000
6.333333 0.600000 0.000000
6.333333 1.133333 0.000000
6.333333 1.666667 0.000000
6.333333 2.200000 0.000000
6.333333 2.733333 0.000000
6.333333 3.266667 0.000000
6.333333 3.800000 0.000000
6.333333 4.333333 0.000000
6.333333 4.866667 0.000000
6.333333 5.400000 0.000000
6.333333 5.933333 0.000000
6.333333 6.466667 0.000000
6.333333 7.000000 0.000000
7.000000 -1.000000 0.000000
7.000000 -0.466667 0.000000
7.000000 0.066667 0.000000
7.000000 0.600000 0.000000
7.000000 1.133333 0.000000
7.000000 1.666667 0.000000
7.000000 2.200000 0.000000
7.000000 2.733333 0.000000
7.000000 3.266667 0.000000
7.000000 3.800000 0.000000
7.000000 4.333333 0.000000
7.000000 4.866667 0.000000
7.000000 5.400000 0.000000
7.000000 5.933333 0.000000
7.000000 6.466667 0.000000
7.000000 7.000000 0.000000
-7.950000 -2.000000 3.000000
-7.950000 -2.000000 3.600000
-7.950000 -2.000000 4.200000
-7.950000 -2.000000 4.800000
-7.950000 -2.000000 5.400000
-7.950000 -2.000000 6.000000
-7.968826 -1.960908 3.000000
-7.968826 -1.960908 3.600000
-7.968826 -1.960908 4.200000
-7.968826 -1.960908 4.800000
-7.968826 -1.960908 5.400000
-7.968826 -1.960908 6.000000
-8.011126 -1.951254 3.000000
-8.011126 -1.951254 3.600000
-8.011126 -1.951254 4.200000
-8.011126 -1.951254 4.800000
-8.011126 -1.951254 5.400000
-8.011126 -1.951254 6.000000
-8.045048 -1.978306 3.000000
-8.045048 -1.978306 3.600000
-8.045048 -1.978306 4.200000
-8.045048 -1.978306 4.800000
-8.045048 -1.978306 5.400000
-8.045048 -1.978306 6.000000
-8.045048 -2.021694 3.000000
-8.045048 -2.021694 3.600000
-8.045048 -2.021694 4.200000
-8.045048 -2.021694 4.800000
-8.045048 -2.021694 5.400000
-8.045048 -2.021694 6.000000
-8.011126 -2.048746 3.000000
-8.011126 -2.048746 3.600000
-8.011126 -2.048746 4.200000
-8.011126 -2.048746 4.800000
-8.011126 -2.048746 5.400000
-8.011126 -2.048746 6.000000
-7.968826 -2.039092 3.000000
-7.968826 -2.039092 3.600000
-7.968826 -2.039092 4.200000
-7.968826 -2.039092 4.800000
-7.968826 -2.039092 5.400000
-7.968826 -2.039092 6.000000
-7.950000 -2.000000 3.000000
-7.950000 -2.000000 3.600000
-7.950000 -2.000000 4.200000
-7.950000 -2.000000 4.800000
-7.950000 -2.000000 5.400000
-7.950000 -2.000000 6.000000
-8.000000 -2.000000 6.000000
-8.000000 -2.000000 3.000000
-7.950000 -2.000000 6.000000
-7.950000 -2.000000 3.000000
-2.950000 5.000000 3.000000
-2.950000 5.000000 3.600000
-2.950000 5.000000 4.200000
-2.950000 5.000000 4.800000
-2.950000 5.000000 5.400000
-2.950000 5.000000 6.000000
-2.968826 5.039092 3.000000
-2.968826 5.039092 3.600000
-2.968826 5.039092 4.200000
-2.968826 5.039092 4.800000
-2.968826 5.039092 5.400000
-2.968826 5.039092 6.000000
-3.011126 5.048746 3.000000
-3.011126 5.048746 3.600000
-3.011126 5.048746 4.200000
-3.011126 5.048746 4.800000
-3.011126 5.048746 5.400000
-3.011126 5.048746 6.000000
-3.045048 5.021694 3.000000
-3.045048 5.021694 3.600000
-3.045048 5.021694 4.200000
-3.045048 5.021694 4.800000
-3.045048 5.021694 5.400000
-3.045048 5.021694 6.000000
-3.045048 4.978306 3.000000
-3.045048 4.978306 3.600000
-3.045048 4.978306 4.200000
-3.045048 4.978306 4.800000
-3.045048 4.978306 5.400000
-3.045048 4.978306 6.000000
-3.011126 4.951254 3.000000
-3.011126 4.951254 3.600000
-3.011126 4.951254 4.200000
-3.011126 4.951254 4.800000
-3.011126 4.951254 5.400000
-3.011126 4.951254 6.000000
-2.968826 4.960908 3.000000
-2.968826 4.960908 3.600000
-2.968826 4.960908 4.200000
-2.968826 4.960908 4.800000
-2.968826 4.960908 5.400000
-2.968826 4.960908 6.000000
-2.950000 5.000000 3.000000
-2.950000 5.000000 3.600000
-2.950000 5.000000 4.200000
-2.950000 5.000000 4.800000
-2.950000 5.000000 5.400000
-2.950000 5.000000 6.000000
-3.000000 5.000000 6.000000
-3.000000 5.000000 3.000000
-2.950000 5.000000 6.000000
-2.950000 5.000000 3.000000
3.050000 -6.000000 3.000000
3.050000 -6.000000 3.600000
3.050000 -6.000000 4.200000
3.050000 -6.000000 4.800000
3.050000 -6.000000 5.400000
3.050000 -6.000000 6.000000
3.031174 -5.960908 3.000000
3.031174 -5.960908 3.600000
3.031174 -5.960908 4.200000
3.031174 -5.960908 4.800000
3.031174 -5.960908 5.400000
3.031174 -5.960908 6.000000
2.988874 -5.951254 3.000000
2.988874 -5.951254 3.600000
2.988874 -5.951254 4.200000
2.988874 -5.951254 4.800000
2.988874 -5.951254 5.400000
2.988874 -5.951254 6.000000
2.954952 -5.978306 3.000000
2.954952 -5.978306 3.600000
2.954952 -5.978306 4.200000
2.954952 -5.978306 4.800000
2.954952 -5.978306 5.400000
2.954952 -5.978306 6.000000
2.954952 -6.021694 3.000000
2.954952 -6.021694 3.600000
2.954952 -6.021694 4.200000
2.954952 -6.021694 4.800000
2.954952 -6.021694 5.400000
2.954952 -6.021694 6.000000
2.988874 -6.048746 3.000000
2.988874 -6.048746 3.600000
2.988874 -6.048746 4.200000
2.988874 -6.048746 4.800000
2.988874 -6.048746 5.400000
2.988874 -6.048746 6.000000
3.031174 -6.039092 3.000000
3.031174 -6.039092 3.600000
3.031174 -6.039092 4.200000
3.031174 -6.039092 4.800000
3.031174 -6.039092 5.400000
3.031174 -6.039092 6.000000
3.050000 -6.000000 3.000000
3.050000 -6.000000 3.600000
3.050000 -6.000000 4.200000
3.050000 -6.000000 4.800000
3.050000 -6.000000 5.400000
3.050000 -6.000000 6.000000
3.000000 -6.000000 6.000000
3.000000 -6.000000 3.000000
3.050000 -6.000000 6.000000
3.050000 -6.000000 3.000000
-18.999877 0.000000 5.042037
-18.487057 0.000000 5.042445
-17.974237 0.000000 5.042854
-17.461416 0.000000 5.043262
-16.948596 0.000000 5.043670
-16.435776 0.000000 5.044079
-15.922955 0.000000 5.044487
-15.410135 0.000000 5.044895
-14.897315 0.000000 5.045304
-14.384494 0.000000 5.045712
-13.871674 0.000000 5.046121
-13.358854 0.000000 5.046529
-12.846033 0.000000 5.046937
-12.333213 0.000000 5.047346
-11.820392 0.000000 5.047754
-11.307572 0.000000 5.048162
-10.794752 0.000000 5.048571
-10.281931 0.000000 5.048979
-9.769111 0.000000 5.049387
-9.256291 0.000000 5.049796
-8.743470 0.000000 5.050204
-8.230650 0.000000 5.050613
-7.717830 0.000000 5.051021
-7.205009 0.000000 5.051429
-6.692189 0.000000 5.051838
-6.179369 0.000000 5.052246
-5.666548 0.000000 5.052654
-5.153728 0.000000 5.053063
-4.640908 0.000000 5.053471
-4.128087 0.000000 5.053880
-3.615267 0.000000 5.054288
-3.102447 0.000000 5.054696
-2.589626 0.000000 5.055105
-2.076806 0.000000 5.055513
-1.563985 0.000000 5.055921
-1.051165 0.000000 5.056330
-0.538345 0.000000 5.056738
-0.025524 0.000000 5.057147
0.487296 0.000000 5.057555
1.000116 0.000000 5.057963
-18.999922 0.117275 5.098513
-18.487102 0.117275 5.098922
-17.974282 0.117275 5.099330
-17.461461 0.117275 5.099738
-16.948641 0.117275 5.100147
-16.435821 0.117275 5.100555
-15.923000 0.117275 5.100964
-15.410180 0.117275 5.101372
-14.897360 0.117275 5.101780
-14.384539 0.117275 5.102189
-13.871719 0.117275 5.102597
-13.358899 0.117275 5.103005
-12.846078 0.117275 5.103414
-12.333258 0.117275 5.103822
-11.820437 0.117275 5.104231
-11.307617 0.117275 5.104639
-10.794797 0.117275 5.105047
-10.281976 0.117275 5.105456
-9.769156 0.117275 5.105864
-9.256336 0.117275 5.106272
-8.743515 0.117275 5.106681
-8.230695 0.117275 5.107089
-7.717875 0.117275 5.107497
-7.205054 0.117275 5.107906
-6.692234 0.117275 5.108314
-6.179414 0.117275 5.108723
-5.666593 0.117275 5.109131
-5.153773 0.117275 5.109539
-4.640953 0.117275 5.109948
-4.128132 0.117275 5.110356
-3.615312 0.117275 5.110764
-3.102491 0.117275 5.111173
-2.589671 0.117275 5.111581
-2.076851 0.117275 5.111990
-1.564030 0.117275 5.112398
-1.051210 0.117275 5.112806
-0.538390 0.117275 5.113215
-0.025569 0.117275 5.113623
0.487251 0.117275 5.114031
1.000071 0.117275 5.114440
-19.000023 0.146239 5.225415
-18.487203 0.146239 5.225823
-17.974383 0.146239 5.226232
-17.461562 0.146239 5.226640
-16.948742 0.146239 5.227048
-16.435922 0.146239 5.227457
-15.923101 0.146239 5.227865
-15.410281 0.146239 5.228273
-14.897461 0.146239 5.228682
-14.384640 0.146239 5.229090
-13.871820 0.146239 5.229499
-13.359000 0.146239 5.229907
-12.846179 0.146239 5.230315
-12.333359 0.146239 5.230724
-11.820539 0.146239 5.231132
-11.307718 0.146239 5.231540
-10.794898 0.146239 5.231949
-10.282077 0.146239 5.232357
-9.769257 0.146239 5.232766
-9.256437 0.146239 5.233174
-8.743616 0.146239 5.233582
-8.230796 0.146239 5.233991
-7.717976 0.146239 5.234399
-7.205155 0.146239 5.234807
-6.692335 0.146239 5.235216
-6.179515 0.146239 5.235624
-5.666694 0.146239 5.236033
-5.153874 0.146239 5.236441
-4.641054 0.146239 5.236849
-4.128233 0.146239 5.237258
-3.615413 0.146239 5.237666
-3.102593 0.146239 5.238074
-2.589772 0.146239 5.238483
-2.076952 0.146239 5.238891
-1.564132 0.146239 5.239300
-1.051311 0.146239 5.239708
-0.538491 0.146239 5.240116
-0.025670 0.146239 5.240525
0.487150 0.146239 5.240933
0.999970 0.146239 5.241341
-19.000104 0.065083 5.327182
-18.487284 0.065083 5.327590
-17.974464 0.065083 5.327999
-17.461643 0.065083 5.328407
-16.948823 0.065083 5.328816
-16.436003 0.065083 5.329224
-15.923182 0.065083 5.329632
-15.410362 0.065083 5.330041
-14.897542 0.065083 5.330449
-14.384721 0.065083 5.330857
-13.871901 0.065083 5.331266
-13.359081 0.065083 5.331674
-12.846260 0.065083 5.332082
-12.333440 0.065083 5.332491
-11.820620 0.065083 5.332899
-11.307799 0.065083 5.333308
-10.794979 0.065083 5.333716
-10.282158 0.065083 5.334124
-9.769338 0.065083 5.334533
-9.256518 0.065083 5.334941
-8.743697 0.065083 5.335349
-8.230877 0.065083 5.335758
-7.718057 0.065083 5.336166
-7.205236 0.065083 5.336575
-6.692416 0.065083 5.336983
-6.179596 0.065083 5.337391
-5.666775 0.065083 5.337800
-5.153955 0.065083 5.338208
-4.641135 0.065083 5.338616
-4.128314 0.065083 5.339025
-3.615494 0.065083 5.339433
-3.102674 0.065083 5.339842
-2.589853 0.065083 5.340250
-2.077033 0.065083 5.340658
-1.564213 0.065083 5.341067
-1.051392 0.065083 5.341475
-0.538572 0.065083 5.341883
-0.025751 0.065083 5.342292
0.487069 0.065083 5.342700
0.999889 0.065083 5.343109
-19.000104 -0.065083 5.327182
-18.487284 -0.065083 5.327590
-17.974464 -0.065083 5.327999
-17.461643 -0.065083 5.328407
-16.948823 -0.065083 5.328816
-16.436003 -0.065083 5.329224
-15.923182 -0.065083 5.329632
-15.410362 -0.065083 5.330041
-14.897542 -0.065083 5.330449
-14.384721 -0.065083 5.330857
-13.871901 -0.065083 5.331266
-13.359081 -0.065083 5.331674
-12.846260 -0.065083 5.332082
-12.333440 -0.065083 5.332491
-11.820620 -0.065083 5.332899
-11.307799 -0.065083 5.333308
-10.794979 -0.065083 5.333716
-10.282158 -0.065083 5.334124
-9.769338 -0.065083 5.334533
-9.256518 -0.065083 5.334941
-8.743697 -0.065083 5.335349
-8.230877 -0.065083 5.335758
-7.718057 -0.065083 5.336166
-7.205236 -0.065083 5.336575
-6.692416 -0.065083 5.336983
-6.179596 -0.065083 5.337391
-5.666775 -0.065083 5.337800
-5.153955 -0.065083 5.338208
-4.641135 -0.065083 5.338616
-4.128314 -0.065083 5.339025
-3.615494 -0.065083 5.339433
-3.102674 -0.065083 5.339842
-2.589853 -0.065083 5.340250
-2.077033 -0.065083 5.340658
-1.564213 -0.065083 5.341067
-1.051392 -0.065083 5.341475
-0.538572 -0.065083 5.341883
-0.025751 -0.065083 5.342292
0.487069 -0.065083 5.342700
0.999889 -0.065083 5.343109
-19.000023 -0.146239 5.225415
-18.487203 -0.146239 5.225823
-17.974383 -0.146239 5.226232
-17.461562 -0.146239 5.226640
-16.948742 -0.146239 5.227048
-16.435922 -0.146239 5.227457
-15.923101 -0.146239 5.227865
-15.410281 -0.146239 5.228273
-14.897461 -0.146239 5.228682
-14.384640 -0.146239 5.229090
-13.871820 -0.146239 5.229499
-13.359000 -0.146239 5.229907
-12.846179 -0.146239 5.230315
-12.333359 -0.146239 5.230724
-11.820539 -0.146239 5.231132
-11.307718 -0.146239 5.231540
-10.794898 -0.146239 5.231949
-10.282077 -0.146239 5.232357
-9.769257 -0.146239 5.232766
-9.256437 -0.146239 5.233174
-8.743616 -0.146239 5.233582
-8.230796 -0.146239 5.233991
-7.717976 -0.146239 5.234399
-7.205155 -0.146239 5.234807
-6.692335 -0.146239 5.235216
-6.179515 -0.146239 5.235624
-5.666694 -0.146239 5.236033
-5.153874 -0.146239 5.236441
-4.641054 -0.146239 5.236849
-4.128233 -0.146239 5.237258
-3.615413 -0.146239 5.237666
-3.102593 -0.146239 5.238074
-2.589772 -0.146239 5.238483
-2.076952 -0.146239 5.238891
-1.564132 -0.146239 5.239300
-1.051311 -0.146239 5.239708
-0.538491 -0.146239 5.240116
-0.025670 -0.146239 5.240525
0.487150 -0.146239 5.240933
0.999970 -0.146239 5.241341
-18.999922 -0.117275 5.098513
-18.487102 -0.117275 5.098922
-17.974282 -0.117275 5.099330
-17.461461 -0.117275 5.099738
-16.948641 -0.117275 5.100147
-16.435821 -0.117275 5.100555
-15.923000 -0.117275 5.100964
-15.410180 -0.117275 5.101372
-14.897360 -0.117275 5.101780
-14.384539 -0.117275 5.102189
-13.871719 -0.117275 5.102597
-13.358899 -0.117275 5.103005
-12.846078 -0.117275 5.103414
-12.333258 -0.117275 5.103822
-11.820437 -0.117275 5.104231
-11.307617 -0.117275 5.104639
-10.794797 -0.117275 5.105047
-10.281976 -0.117275 5.105456
-9.769156 -0.117275 5.105864
-9.256336 -0.117275 5.106272
-8.743515 -0.117275 5.106681
-8.230695 -0.117275 5.107089
-7.717875 -0.117275 5.107497
-7.205054 -0.117275 5.107906
-6.692234 -0.117275 5.108314
-6.179414 -0.117275 5.108723
-5.666593 -0.117275 5.109131
-5.153773 -0.117275 5.109539
-4.640953 -0.117275 5.109948
-4.128132 -0.117275 5.110356
-3.615312 -0.117275 5.110764
-3.102491 -0.117275 5.111173
-2.589671 -0.117275 5.111581
-2.076851 -0.117275 5.111990
-1.564030 -0.117275 5.112398
-1.051210 -0.117275 5.112806
-0.538390 -0.117275 5.113215
-0.025569 -0.117275 5.113623
0.487251 -0.117275 5.114031
1.000071 -0.117275 5.114440
-18.999877 -0.000000 5.042037
-18.487057 -0.000000 5.042445
-17.974237 -0.000000 5.042854
-17.461416 -0.000000 5.043262
-16.948596 -0.000000 5.043670
-16.435776 -0.000000 5.044079
-15.922955 -0.000000 5.044487
-15.410135 -0.000000 5.044895
-14.897315 -0.000000 5.045304
-14.384494 -0.000000 5.045712
-13.871674 -0.000000 5.046121
-13.358854 -0.000000 5.046529
-12.846033 -0.000000 5.046937
-12.333213 -0.000000 5.047346
-11.820392 -0.000000 5.047754
-11.307572 -0.000000 5.048162
-10.794752 -0.000000 5.048571
-10.281931 -0.000000 5.048979
-9.769111 -0.000000 5.049387
-9.256291 -0.000000 5.049796
-8.743470 -0.000000 5.050204
-8.230650 -0.000000 5.050613
-7.717830 -0.000000 5.051021
-7.205009 -0.000000 5.051429
-6.692189 -0.000000 5.051838
-6.179369 -0.000000 5.052246
-5.666548 -0.000000 5.052654
-5.153728 -0.000000 5.053063
-4.640908 -0.000000 5.053471
-4.128087 -0.000000 5.053880
-3.615267 -0.000000 5.054288
-3.102447 -0.000000 5.054696
-2.589626 -0.000000 5.055105
-2.076806 -0.000000 5.055513
-1.563985 -0.000000 5.055921
-1.051165 -0.000000 5.056330
-0.538345 -0.000000 5.056738
-0.025524 -0.000000 5.057147
0.487296 -0.000000 5.057555
1.000116 -0.000000 5.057963
0.999997 0.000000 5.207963
-18.999997 0.000000 5.192037
1.000116 0.000000 5.057963
-18.999877 0.000000 5.042037
-12.999877 0.000000 5.042037
-12.487057 0.000000 5.042445
-11.974237 0.000000 5.042854
-11.461416 0.000000 5.043262
-10.948596 0.000000 5.043670
-10.435776 0.000000 5.044079
-9.922955 0.000000 5.044487
-9.410135 0.000000 5.044895
-8.897315 0.000000 5.045304
-8.384494 0.000000 5.045712
-7.871674 0.000000 5.046121
-7.358854 0.000000 5.046529
-6.846033 0.000000 5.046937
-6.333213 0.000000 5.047346
-5.820392 0.000000 5.047754
-5.307572 0.000000 5.048162
-4.794752 0.000000 5.048571
-4.281931 0.000000 5.048979
-3.769111 0.000000 5.049387
-3.256291 0.000000 5.049796
-2.743470 0.000000 5.050204
-2.230650 0.000000 5.050613
-1.717830 0.000000 5.051021
-1.205009 0.000000 5.051429
-0.692189 0.000000 5.051838
-0.179369 0.000000 5.052246
0.333452 0.000000 5.052654
0.846272 0.000000 5.053063
1.359092 0.000000 5.053471
1.871913 0.000000 5.053880
2.384733 0.000000 5.054288
2.897553 0.000000 5.054696
3.410374 0.000000 5.055105
3.923194 0.000000 5.055513
4.436015 0.000000 5.055921
4.948835 0.000000 5.056330
5.461655 0.000000 5.056738
5.974476 0.000000 5.057147
6.487296 0.000000 5.057555
7.000116 0.000000 5.057963
-12.999922 0.117275 5.098513
-12.487102 0.117275 5.098922
-11.974282 0.117275 5.099330
-11.461461 0.117275 5.099738
-10.948641 0.117275 5.100147
-10.435821 0.117275 5.100555
-9.923000 0.117275 5.100964
-9.410180 0.117275 5.101372
-8.897360 0.117275 5.101780
-8.384539 0.117275 5.102189
-7.871719 0.117275 5.102597
-7.358899 0.117275 5.103005
-6.846078 0.117275 5.103414
-6.333258 0.117275 5.103822
-5.820437 0.117275 5.104231
-5.307617 0.117275 5.104639
-4.794797 0.117275 5.105047
-4.281976 0.117275 5.105456
-3.769156 0.117275 5.105864
-3.256336 0.117275 5.106272
-2.743515 0.117275 5.106681
-2.230695 0.117275 5.107089
-1.717875 0.117275 5.107497
-1.205054 0.117275 5.107906
-0.692234 0.117275 5.108314
-0.179414 0.117275 5.108723
0.333407 0.117275 5.109131
0.846227 0.117275 5.109539
1.359047 0.117275 5.109948
1.871868 0.117275 5.110356
2.384688 0.117275 5.110764
2.897509 0.117275 5.111173
3.410329 0.117275 5.111581
3.923149 0.117275 5.111990
4.435970 0.117275 5.112398
4.948790 0.117275 5.112806
5.461610 0.117275 5.113215
5.974431 0.117275 5.113623
6.487251 0.117275 5.114031
7.000071 0.117275 5.114440
-13.000023 0.146239 5.225415
-12.487203 0.146239 5.225823
-11.974383 0.146239 5.226232
-11.461562 0.146239 5.226640
-10.948742 0.146239 5.227048
-10.435922 0.146239 5.227457
-9.923101 0.146239 5.227865
-9.410281 0.146239 5.228273
-8.897461 0.146239 5.228682
-8.384640 0.146239 5.229090
-7.871820 0.146239 5.229499
-7.359000 0.146239 5.229907
-6.846179 0.146239 5.230315
-6.333359 0.146239 5.230724
-5.820539 0.146239 5.231132
-5.307718 0.146239 5.231540
-4.794898 0.146239 5.231949
-4.282077 0.146239 5.232357
-3.769257 0.146239 5.232766
-3.256437 0.146239 5.233174
-2.743616 0.146239 5.233582
-2.230796 0.146239 5.233991
-1.717976 0.146239 5.234399
-1.205155 0.146239 5.234807
-0.692335 0.146239 5.235216
-0.179515 0.146239 5.235624
0.333306 0.146239 5.236033
0.846126 0.146239 5.236441
1.358946 0.146239 5.236849
1.871767 0.146239 5.237258
2.384587 0.146239 5.237666
2.897407 0.146239 5.238074
3.410228 0.146239 5.238483
3.923048 0.146239 5.238891
4.435868 0.146239 5.239300
4.948689 0.146239 5.239708
5.461509 0.146239 5.240116
5.974330 0.146239 5.240525
6.487150 0.146239 5.240933
6.999970 0.146239 5.241341
-13.000104 0.065083 5.327182
-12.487284 0.065083 5.327590
-11.974464 0.065083 5.327999
-11.461643 0.065083 5.328407
-10.948823 0.065083 5.328816
-10.436003 0.065083 5.329224
-9.923182 0.065083 5.329632
-9.410362 0.065083 5.330041
-8.897542 0.065083 5.330449
-8.384721 0.065083 5.330857
-7.871901 0.065083 5.331266
-7.359081 0.065083 5.331674
-6.846260 0.065083 5.332082
-6.333440 0.065083 5.332491
-5.820620 0.065083 5.332899
-5.307799 0.065083 5.333308
-4.794979 0.065083 5.333716
-4.282158 0.065083 5.334124
-3.769338 0.065083 5.334533
-3.256518 0.065083 5.334941
-2.743697 0.065083 5.335349
-2.230877 0.065083 5.335758
-1.718057 0.065083 5.336166
-1.205236 0.065083 5.336575
-0.692416 0.065083 5.336983
-0.179596 0.065083 5.337391
0.333225 0.065083 5.337800
0.846045 0.065083 5.338208
1.358865 0.065083 5.338616
1.871686 0.065083 5.339025
2.384506 0.065083 5.339433
2.897326 0.065083 5.339842
3.410147 0.065083 5.340250
3.922967 0.065083 5.340658
4.435787 0.065083 5.341067
4.948608 0.065083 5.341475
5.461428 0.065083 5.341883
5.974249 0.065083 5.342292
6.487069 0.065083 5.342700
6.999889 0.065083 5.343109
-13.000104 -0.065083 5.327182
-12.487284 -0.065083 5.327590
-11.974464 -0.065083 5.327999
-11.461643 -0.065083 5.328407
-10.948823 -0.065083 5.328816
-10.436003 -0.065083 5.329224
-9.923182 -0.065083 5.329632
-9.410362 -0.065083 5.330041
-8.897542 -0.065083 5.330449
-8.384721 -0.065083 5.330857
-7.871901 -0.065083 5.331266
-7.359081 -0.065083 5.331674
-6.846260 -0.065083 5.332082
-6.333440 -0.065083 5.332491
-5.820620 -0.065083 5.332899
-5.307799 -0.065083 5.333308
-4.794979 -0.065083 5.333716
-4.282158 -0.065083 5.334124
-3.769338 -0.065083 5.334533
-3.256518 -0.065083 5.334941
-2.743697 -0.065083 5.335349
-2.230877 -0.065083 5.335758
-1.718057 -0.065083 5.336166
-1.205236 -0.065083 5.336575
-0.692416 -0.065083 5.336983
-0.179596 -0.065083 5.337391
0.333225 -0.065083 5.337800
0.846045 -0.065083 5.338208
1.358865 -0.065083 5.338616
1.871686 -0.065083 5.339025
2.384506 -0.065083 5.339433
2.897326 -0.065083 5.339842
3.410147 -0.065083 5.340250
3.922967 -0.065083 5.340658
4.435787 -0.065083 5.341067
4.948608 -0.065083 5.341475
5.461428 -0.065083 5.341883
5.974249 -0.065083 5.342292
6.487069 -0.065083 5.342700
6.999889 -0.065083 5.343109
-13.000023 -0.146239 5.225415
-12.487203 -0.146239 5.225823
-11.974383 -0.146239 5.226232
-11.461562 -0.146239 5.226640
-10.948742 -0.146239 5.227048
-10.435922 -0.146239 5.227457
-9.923101 -0.146239 5.227865
-9.410281 -0.146239 5.228273
-8.897461 -0.146239 5.228682
-8.384640 -0.146239 5.229090
-7.871820 -0.146239 5.229499
-7.359000 -0.146239 5.229907
-6.846179 -0.146239 5.230315
-6.333359 -0.146239 5.230724
-5.820539 -0.146239 5.231132
-5.307718 -0.146239 5.231540
-4.794898 -0.146239 5.231949
-4.282077 -0.146239 5.232357
-3.769257 -0.146239 5.232766
-3.256437 -0.146239 5.233174
-2.743616 -0.146239 5.233582
-2.230796 -0.146239 5.233991
-1.717976 -0.146239 5.234399
-1.205155 -0.146239 5.234807
-0.692335 -0.146239 5.235216
-0.179515 -0.146239 5.235624
0.333306 -0.146239 5.236033
0.846126 -0.146239 5.236441
1.358946 -0.146239 5.236849
1.871767 -0.146239 5.237258
2.384587 -0.146239 5.237666
2.897407 -0.146239 5.238074
3.410228 -0.146239 5.238483
3.923048 -0.146239 5.238891
4.435868 -0.146239 5.239300
4.948689 -0.146239 5.239708
5.461509 -0.146239 5.240116
5.974330 -0.146239 5.240525
6.487150 -0.146239 5.240933
6.999970 -0.146239 5.241341
-12.999922 -0.117275 5.098513
-12.487102 -0.117275 5.098922
-11.974282 -0.117275 5.099330
-11.461461 -0.117275 5.099738
-10.948641 -0.117275 5.100147
-10.435821 -0.117275 5.100555
-9.923000 -0.117275 5.100964
-9.410180 -0.117275 5.101372
-8.897360 -0.117275 5.101780
-8.384539 -0.117275 5.102189
-7.871719 -0.117275 5.102597
-7.358899 -0.117275 5.103005
-6.846078 -0.117275 5.103414
-6.333258 -0.117275 5.103822
-5.820437 -0.117275 5.104231
-5.307617 -0.117275 5.104639
-4.794797 -0.117275 5.105047
-4.281976 -0.117275 5.105456
-3.769156 -0.117275 5.105864
-3.256336 -0.117275 5.106272
-2.743515 -0.117275 5.106681
-2.230695 -0.117275 5.107089
-1.717875 -0.117275 5.107497
-1.205054 -0.117275 5.107906
-0.692234 -0.117275 5.108314
-0.179414 -0.117275 5.108723
0.333407 -0.117275 5.109131
0.846227 -0.117275 5.109539
1.359047 -0.117275 5.109948
1.871868 -0.117275 5.110356
2.384688 -0.117275 5.110764
2.897509 -0.117275 5.111173
3.410329 -0.117275 5.111581
3.923149 -0.117275 5.111990
4.435970 -0.117275 5.112398
4.948790 -0.117275 5.112806
5.461610 -0.117275 5.113215
5.974431 -0.117275 5.113623
6.487251 -0.117275 5.114031
7.000071 -0.117275 5.114440
-12.999877 -0.000000 5.042037
-12.487057 -0.000000 5.042445
-11.974237 -0.000000 5.042854
-11.461416 -0.000000 5.043262
-10.948596 -0.000000 5.043670
-10.435776 -0.000000 5.044079
-9.922955 -0.000000 5.044487
-9.410135 -0.000000 5.044895
-8.897315 -0.000000 5.045304
-8.384494 -0.000000 5.045712
-7.871674 -0.000000 5.046121
-7.358854 -0.000000 5.046529
-6.846033 -0.000000 5.046937
-6.333213 -0.000000 5.047346
-5.820392 -0.000000 5.047754
-5.307572 -0.000000 5.048162
-4.794752 -0.000000 5.048571
-4.281931 -0.000000 5.048979
-3.769111 -0.000000 5.049387
-3.256291 -0.000000 5.049796
-2.743470 -0.000000 5.050204
-2.230650 -0.000000 5.050613
-1.717830 -0.000000 5.051021
-1.205009 -0.000000 5.051429
-0.692189 -0.000000 5.051838
-0.179369 -0.000000 5.052246
0.333452 -0.000000 5.052654
0.846272 -0.000000 5.053063
1.359092 -0.000000 5.053471
1.871913 -0.000000 5.053880
2.384733 -0.000000 5.054288
2.897553 -0.000000 5.054696
3.410374 -0.000000 5.055105
3.923194 -0.000000 5.055513
4.436015 -0.000000 5.055921
4.948835 -0.000000 5.056330
5.461655 -0.000000 5.056738
5.974476 -0.000000 5.057147
6.487296 -0.000000 5.057555
7.000116 -0.000000 5.057963
6.999997 0.000000 5.207963
-12.999997 0.000000 5.192037
7.000116 0.000000 5.057963
-12.999877 0.000000 5.042037
-6.999877 0.000000 5.042037
-6.487057 0.000000 5.042445
-5.974237 0.000000 5.042854
-5.461416 0.000000 5.043262
-4.948596 0.000000 5.043670
-4.435776 0.000000 5.044079
-3.922955 0.000000 5.044487
-3.410135 0.000000 5.044895
-2.897315 0.000000 5.045304
-2.384494 0.000000 5.045712
-1.871674 0.000000 5.046121
-1.358854 0.000000 5.046529
-0.846033 0.000000 5.046937
-0.333213 0.000000 5.047346
0.179608 0.000000 5.047754
0.692428 0.000000 5.048162
1.205248 0.000000 5.048571
1.718069 0.000000 5.048979
2.230889 0.000000 5.049387
2.743709 0.000000 5.049796
3.256530 0.000000 5.050204
3.769350 0.000000 5.050613
4.282170 0.000000 5.051021
4.794991 0.000000 5.051429
5.307811 0.000000 5.051838
5.820631 0.000000 5.052246
6.333452 0.000000 5.052654
6.846272 0.000000 5.053063
7.359092 0.000000 5.053471
7.871913 0.000000 5.053880
8.384733 0.000000 5.054288
8.897553 0.000000 5.054696
9.410374 0.000000 5.055105
9.923194 0.000000 5.055513
10.436015 0.000000 5.055921
10.948835 0.000000 5.056330
11.461655 0.000000 5.056738
11.974476 0.000000 5.057147
12.487296 0.000000 5.057555
13.000116 0.000000 5.057963
-6.999922 0.117275 5.098513
-6.487102 0.117275 5.098922
-5.974282 0.117275 5.099330
-5.461461 0.117275 5.099738
-4.948641 0.117275 5.100147
-4.435821 0.117275 5.100555
-3.923000 0.117275 5.100964
-3.410180 0.117275 5.101372
-2.897360 0.117275 5.101780
-2.384539 0.117275 5.102189
-1.871719 0.117275 5.102597
-1.358899 0.117275 5.103005
-0.846078 0.117275 5.103414
-0.333258 0.117275 5.103822
0.179563 0.117275 5.104231
0.692383 0.117275 5.104639
1.205203 0.117275 5.105047
1.718024 0.117275 5.105456
2.230844 0.117275 5.105864
2.743664 0.117275 5.106272
3.256485 0.117275 5.106681
3.769305 0.117275 5.107089
4.282125 0.117275 5.107497
4.794946 0.117275 5.107906
5.307766 0.117275 5.108314
5.820586 0.117275 5.108723
6.333407 0.117275 5.109131
6.846227 0.117275 5.109539
7.359047 0.117275 5.109948
7.871868 0.117275 5.110356
8.384688 0.117275 5.110764
8.897509 0.117275 5.111173
9.410329 0.117275 5.111581
9.923149 0.117275 5.111990
10.435970 0.117275 5.112398
10.948790 0.117275 5.112806
11.461610 0.117275 5.113215
11.974431 0.117275 5.113623
12.487251 0.117275 5.114031
13.000071 0.117275 5.114440
-7.000023 0.146239 5.225415
-6.487203 0.146239 5.225823
-5.974383 0.146239 5.226232
-5.461562 0.146239 5.226640
-4.948742 0.146239 5.227048
-4.435922 0.146239 5.227457
-3.923101 0.146239 5.227865
-3.410281 0.146239 5.228273
-2.897461 0.146239 5.228682
-2.384640 0.146239 5.229090
-1.871820 0.146239 5.229499
-1.359000 0.146239 5.229907
-0.846179 0.146239 5.230315
-0.333359 0.146239 5.230724
0.179461 0.146239 5.231132
0.692282 0.146239 5.231540
1.205102 0.146239 5.231949
1.717923 0.146239 5.232357
2.230743 0.146239 5.232766
2.743563 0.146239 5.233174
3.256384 0.146239 5.233582
3.769204 0.146239 5.233991
4.282024 0.146239 5.234399
4.794845 0.146239 5.234807
5.307665 0.146239 5.235216
5.820485 0.146239 5.235624
6.333306 0.146239 5.236033
6.846126 0.146239 5.236441
7.358946 0.146239 5.236849
7.871767 0.146239 5.237258
8.384587 0.146239 5.237666
8.897407 0.146239 5.238074
9.410228 0.146239 5.238483
9.923048 0.146239 5.238891
10.435868 0.146239 5.239300
10.948689 0.146239 5.239708
11.461509 0.146239 5.240116
11.974330 0.146239 5.240525
12.487150 0.146239 5.240933
12.999970 0.146239 5.241341
-7.000104 0.065083 5.327182
-6.487284 0.065083 5.327590
-5.974464 0.065083 5.327999
-5.461643 0.065083 5.328407
-4.948823 0.065083 5.328816
-4.436003 0.065083 5.329224
-3.923182 0.065083 5.329632
-3.410362 0.065083 5.330041
-2.897542 0.065083 5.330449
-2.384721 0.065083 5.330857
-1.871901 0.065083 5.331266
-1.359081 0.065083 5.331674
-0.846260 0.065083 5.332082
-0.333440 0.065083 5.332491
0.179380 0.065083 5.332899
0.692201 0.065083 5.333308
1.205021 0.065083 5.333716
1.717842 0.065083 5.334124
2.230662 0.065083 5.334533
2.743482 0.065083 5.334941
3.256303 0.065083 5.335349
3.769123 0.065083 5.335758
4.281943 0.065083 5.336166
4.794764 0.065083 5.336575
5.307584 0.065083 5.336983
5.820404 0.065083 5.337391
6.333225 0.065083 5.337800
6.846045 0.065083 5.338208
7.358865 0.065083 5.338616
7.871686 0.065083 5.339025
8.384506 0.065083 5.339433
8.897326 0.065083 5.339842
9.410147 0.065083 5.340250
9.922967 0.065083 5.340658
10.435787 0.065083 5.341067
10.948608 0.065083 5.341475
11.461428 0.065083 5.341883
11.974249 0.065083 5.342292
12.487069 0.065083 5.342700
12.999889 0.065083 5.343109
-7.000104 -0.065083 5.327182
-6.487284 -0.065083 5.327590
-5.974464 -0.065083 5.327999
-5.461643 -0.065083 5.328407
-4.948823 -0.065083 5.328816
-4.436003 -0.065083 5.329224
-3.923182 -0.065083 5.329632
-3.410362 -0.065083 5.330041
-2.897542 -0.065083 5.330449
-2.384721 -0.065083 5.330857
-1.871901 -0.065083 5.331266
-1.359081 -0.065083 5.331674
-0.846260 -0.065083 5.332082
-0.333440 -0.065083 5.332491
0.179380 -0.065083 5.332899
0.692201 -0.065083 5.333308
1.205021 -0.065083 5.333716
1.717842 -0.065083 5.334124
2.230662 -0.065083 5.334533
2.743482 -0.065083 5.334941
3.256303 -0.065083 5.335349
3.769123 -0.065083 5.335758
4.281943 -0.065083 5.336166
4.794764 -0.065083 5.336575
5.307584 -0.065083 5.336983
5.820404 -0.065083 5.337391
6.333225 -0.065083 5.337800
6.846045 -0.065083 5.338208
7.358865 -0.065083 5.338616
7.871686 -0.065083 5.339025
8.384506 -0.065083 5.339433
8.897326 -0.065083 5.339842
9.410147 -0.065083 5.340250
9.922967 -0.065083 5.340658
10.435787 -0.065083 5.341067
10.948608 -0.065083 5.341475
11.461428 -0.065083 5.341883
11.974249 -0.065083 5.342292
12.487069 -0.065083 5.342700
12.999889 -0.065083 5.343109
-7.000023 -0.146239 5.225415
-6.487203 -0.146239 5.225823
-5.974383 -0.146239 5.226232
-5.461562 -0.146239 5.226640
-4.948742 -0.146239 5.227048
-4.435922 -0.146239 5.227457
-3.923101 -0.146239 5.227865
-3.410281 -0.146239 5.228273
-2.897461 -0.146239 5.228682
-2.384640 -0.146239 5.229090
-1.871820 -0.146239 5.229499
-1.359000 -0.146239 5.229907
-0.846179 -0.146239 5.230315
-0.333359 -0.146239 5.230724
0.179461 -0.146239 5.231132
0.692282 -0.146239 5.231540
1.205102 -0.146239 5.231949
1.717923 -0.146239 5.232357
2.230743 -0.146239 5.232766
2.743563 -0.146239 5.233174
3.256384 -0.146239 5.233582
3.769204 -0.146239 5.233991
4.282024 -0.146239 5.234399
4.794845 -0.146239 5.234807
5.307665 -0.146239 5.235216
5.820485 -0.146239 5.235624
6.333306 -0.146239 5.236033
6.846126 -0.146239 5.236441
7.358946 -0.146239 5.236849
7.871767 -0.146239 5.237258
8.384587 -0.146239 5.237666
8.897407 -0.146239 5.238074
9.410228 -0.146239 5.238483
9.923048 -0.146239 5.238891
10.435868 -0.146239 5.239300
10.948689 -0.146239 5.239708
11.461509 -0.146239 5.240116
11.974330 -0.146239 5.240525
12.487150 -0.146239 5.240933
12.999970 -0.146239 5.241341
-6.999922 -0.117275 5.098513
-6.487102 -0.117275 5.098922
-5.974282 -0.117275 5.099330
-5.461461 -0.117275 5.099738
-4.948641 -0.117275 5.100147
-4.435821 -0.117275 5.100555
-3.923000 -0.117275 5.100964
-3.410180 -0.117275 5.101372
-2.897360 -0.117275 5.101780
-2.384539 -0.117275 5.102189
-1.871719 -0.117275 5.102597
-1.358899 -0.117275 5.103005
-0.846078 -0.117275 5.103414
-0.333258 -0.117275 5.103822
0.179563 -0.117275 5.104231
0.692383 -0.117275 5.104639
1.205203 -0.117275 5.105047
1.718024 -0.117275 5.105456
2.230844 -0.117275 5.105864
2.743664 -0.117275 5.106272
3.256485 -0.117275 5.106681
3.769305 -0.117275 5.107089
4.282125 -0.117275 5.107497
4.794946 -0.117275 5.107906
5.307766 -0.117275 5.108314
5.820586 -0.117275 5.108723
6.333407 -0.117275 5.109131
6.846227 -0.117275 5.109539
7.359047 -0.117275 5.109948
7.871868 -0.117275 5.110356
8.384688 -0.117275 5.110764
8.897509 -0.117275 5.111173
9.410329 -0.117275 5.111581
9.923149 -0.117275 5.111990
10.435970 -0.117275 5.112398
10.948790 -0.117275 5.112806
11.461610 -0.117275 5.113215
11.974431 -0.117275 5.113623
12.487251 -0.117275 5.114031
13.000071 -0.117275 5.114440
-6.999877 -0.000000 5.042037
-6.487057 -0.000000 5.042445
-5.974237 -0.000000 5.042854
-5.461416 -0.000000 5.043262
-4.948596 -0.000000 5.043670
-4.435776 -0.000000 5.044079
-3.922955 -0.000000 5.044487
-3.410135 -0.000000 5.044895
-2.897315 -0.000000 5.045304
-2.384494 -0.000000 5.045712
-1.871674 -0.000000 5.046121
-1.358854 -0.000000 5.046529
-0.846033 -0.000000 5.046937
-0.333213 -0.000000 5.047346
0.179608 -0.000000 5.047754
0.692428 -0.000000 5.048162
1.205248 -0.000000 5.048571
1.718069 -0.000000 5.048979
2.230889 -0.000000 5.049387
2.743709 -0.000000 5.049796
3.256530 -0.000000 5.050204
3.769350 -0.000000 5.050613
4.282170 -0.000000 5.051021
4.794991 -0.000000 5.051429
5.307811 -0.000000 5.051838
5.820631 -0.000000 5.052246
6.333452 -0.000000 5.052654
6.846272 -0.000000 5.053063
7.359092 -0.000000 5.053471
7.871913 -0.000000 5.053880
8.384733 -0.000000 5.054288
8.897553 -0.000000 5.054696
9.410374 -0.000000 5.055105
9.923194 -0.000000 5.055513
10.436015 -0.000000 5.055921
10.948835 -0.000000 5.056330
11.461655 -0.000000 5.056738
11.974476 -0.000000 5.057147
12.487296 -0.000000 5.057555
13.000116 -0.000000 5.057963
12.999997 0.000000 5.207963
-6.999997 0.000000 5.192037
13.000116 0.000000 5.057963
-6.999877 0.000000 5.042037
13.001194 -8.500797 0.000000
13.001194 -8.500797 1.000000
12.334528 -8.500266 0.000000
12.334528 -8.500266 1.000000
11.667861 -8.499735 0.000000
11.667861 -8.499735 1.000000
11.001195 -8.499204 0.000000
11.001195 -8.499204 1.000000
12.998805 -11.500796 0.000000
12.998805 -11.500796 1.000000
12.332139 -11.500265 0.000000
12.332139 -11.500265 1.000000
11.665472 -11.499734 0.000000
11.665472 -11.499734 1.000000
10.998806 -11.499203 0.000000
10.998806 -11.499203 1.000000
10.998806 -11.499203 0.000000
10.998806 -11.499203 1.000000
10.999284 -10.899203 0.000000
10.999284 -10.899203 1.000000
10.999761 -10.299204 0.000000
10.999761 -10.299204 1.000000
11.000239 -9.699204 0.000000
11.000239 -9.699204 1.000000
11.000717 -9.099204 0.000000
11.000717 -9.099204 1.000000
11.001195 -8.499204 0.000000
11.001195 -8.499204 1.000000
12.998805 -11.500796 0.000000
12.998805 -11.500796 1.000000
12.999283 -10.900796 0.000000
12.999283 -10.900796 1.000000
12.999761 -10.300796 0.000000
12.999761 -10.300796 1.000000
13.000239 -9.700796 0.000000
13.000239 -9.700796 1.000000
13.000716 -9.100797 0.000000
13.000716 -9.100797 1.000000
13.001194 -8.500797 0.000000
13.001194 -8.500797 1.000000
12.998805 -11.500796 1.000000
12.332139 -11.500265 1.000000
11.665472 -11.499734 1.000000
10.998806 -11.499203 1.000000
12.999283 -10.900796 1.000000
12.332617 -10.900265 1.000000
11.665950 -10.899734 1.000000
10.999284 -10.899203 1.000000
12.999761 -10.300796 1.000000
12.333094 -10.300265 1.000000
11.666428 -10.299734 1.000000
10.999761 -10.299204 1.000000
13.000239 -9.700796 1.000000
12.333572 -9.700266 1.000000
11.666906 -9.699735 1.000000
11.000239 -9.699204 1.000000
13.000716 -9.100797 1.000000
12.334050 -9.100266 1.000000
11.667383 -9.099735 1.000000
11.000717 -9.099204 1.000000
13.001194 -8.500797 1.000000
12.334528 -8.500266 1.000000
11.667861 -8.499735 1.000000
11.001195 -8.499204 1.000000
12.998805 -11.500796 0.000000
12.332139 -11.500265 0.000000
11.665472 -11.499734 0.000000
10.998806 -11.499203 0.000000
12.999283 -10.900796 0.000000
12.332617 -10.900265 0.000000
11.665950 -10.899734 0.000000
10.999284 -10.899203 0.000000
12.999761 -10.300796 0.000000
12.333094 -10.300265 0.000000
11.666428 -10.299734 0.000000
10.999761 -10.299204 0.000000
13.000239 -9.700796 0.000000
12.333572 -9.700266 0.000000
11.666906 -9.699735 0.000000
11.000239 -9.699204 0.000000
13.000716 -9.100797 0.000000
12.334050 -9.100266 0.000000
11.667383 -9.099735 0.000000
11.000717 -9.099204 0.000000
13.001194 -8.500797 0.000000
12.334528 -8.500266 0.000000
11.667861 -8.499735 0.000000
11.001195 -8.499204 0.000000
12.751035 -8.700598 1.000000
12.751035 -8.700598 1.600000
12.751035 -8.700598 2.200000
12.751035 -8.700598 2.800000
12.751035 -8.700598 3.400000
12.751035 -8.700598 4.000000
12.001035 -8.700000 1.000000
12.001035 -8.700000 1.600000
12.001035 -8.700000 2.200000
12.001035 -8.700000 2.800000
12.001035 -8.700000 3.400000
12.001035 -8.700000 4.000000
11.251035 -8.699403 1.000000
11.251035 -8.699403 1.600000
11.251035 -8.699403 2.200000
11.251035 -8.699403 2.800000
11.251035 -8.699403 3.400000
11.251035 -8.699403 4.000000
12.750876 -8.900598 1.000000
12.750876 -8.900598 1.600000
12.750876 -8.900598 2.200000
12.750876 -8.900598 2.800000
12.750876 -8.900598 3.400000
12.750876 -8.900598 4.000000
12.000876 -8.900000 1.000000
12.000876 -8.900000 1.600000
12.000876 -8.900000 2.200000
12.000876 -8.900000 2.800000
12.000876 -8.900000 3.400000
12.000876 -8.900000 4.000000
11.250876 -8.899403 1.000000
11.250876 -8.899403 1.600000
11.250876 -8.899403 2.200000
11.250876 -8.899403 2.800000
11.250876 -8.899403 3.400000
11.250876 -8.899403 4.000000
11.250876 -8.899403 1.000000
11.250876 -8.899403 1.600000
11.250876 -8.899403 2.200000
11.250876 -8.899403 2.800000
11.250876 -8.899403 3.400000
11.250876 -8.899403 4.000000
11.251035 -8.699403 1.000000
11.251035 -8.699403 1.600000
11.251035 -8.699403 2.200000
11.251035 -8.699403 2.800000
11.251035 -8.699403 3.400000
11.251035 -8.699403 4.000000
12.750876 -8.900598 1.000000
12.750876 -8.900598 1.600000
12.750876 -8.900598 2.200000
12.750876 -8.900598 2.800000
12.750876 -8.900598 3.400000
12.750876 -8.900598 4.000000
12.751035 -8.700598 1.000000
12.751035 -8.700598 1.600000
12.751035 -8.700598 2.200000
12.751035 -8.700598 2.800000
12.751035 -8.700598 3.400000
12.751035 -8.700598 4.000000
12.750876 -8.900598 4.000000
12.000876 -8.900000 4.000000
11.250876 -8.899403 4.000000
12.751035 -8.700598 4.000000
12.001035 -8.700000 4.000000
11.251035 -8.699403 4.000000
12.750876 -8.900598 1.000000
12.000876 -8.900000 1.000000
11.250876 -8.899403 1.000000
12.751035 -8.700598 1.000000
12.001035 -8.700000 1.000000
11.251035 -8.699403 1.000000
18.000000 7.250000 0.000000
18.000000 7.250000 1.000000
18.000000 8.000000 0.000000
18.000000 8.000000 1.000000
18.000000 8.750000 0.000000
18.000000 8.750000 1.000000
10.000000 7.250000 0.000000
10.000000 7.250000 1.000000
10.000000 8.000000 0.000000
10.000000 8.000000 1.000000
10.000000 8.750000 0.000000
10.000000 8.750000 1.000000
10.000000 8.750000 0.000000
10.000000 8.750000 1.000000
10.533333 8.750000 0.000000
10.533333 8.750000 1.000000
11.066667 8.750000 0.000000
11.066667 8.750000 1.000000
11.600000 8.750000 0.000000
11.600000 8.750000 1.000000
12.133333 8.750000 0.000000
12.133333 8.750000 1.000000
12.666667 8.750000 0.000000
12.666667 8.750000 1.000000
13.200000 8.750000 0.000000
13.200000 8.750000 1.000000
13.733333 8.750000 0.000000
13.733333 8.750000 1.000000
14.266667 8.750000 0.000000
14.266667 8.750000 1.000000
14.800000 8.750000 0.000000
14.800000 8.750000 1.000000
15.333333 8.750000 0.000000
15.333333 8.750000 1.000000
15.866667 8.750000 0.000000
15.866667 8.750000 1.000000
16.400000 8.750000 0.000000
16.400000 8.750000 1.000000
16.933333 8.750000 0.000000
16.933333 8.750000 1.000000
17.466667 8.750000 0.000000
17.466667 8.750000 1.000000
18.000000 8.750000 0.000000
18.000000 8.750000 1.000000
10.000000 7.250000 0.000000
10.000000 7.250000 1.000000
10.533333 7.250000 0.000000
10.533333 7.250000 1.000000
11.066667 7.250000 0.000000
11.066667 7.250000 1.000000
11.600000 7.250000 0.000000
11.600000 7.250000 1.000000
12.133333 7.250000 0.000000
12.133333 7.250000 1.000000
12.666667 7.250000 0.000000
12.666667 7.250000 1.000000
13.200000 7.250000 0.000000
13.200000 7.250000 1.000000
13.733333 7.250000 0.000000
13.733333 7.250000 1.000000
14.266667 7.250000 0.000000
14.266667 7.250000 1.000000
14.800000 7.250000 0.000000
14.800000 7.250000 1.000000
15.333333 7.250000 0.000000
15.333333 7.250000 1.000000
15.866667 7.250000 0.000000
15.866667 7.250000 1.000000
16.400000 7.250000 0.000000
16.400000 7.250000 1.000000
16.933333 7.250000 0.000000
16.933333 7.250000 1.000000
17.466667 7.250000 0.000000
17.466667 7.250000 1.000000
18.000000 7.250000 0.000000
18.000000 7.250000 1.000000
10.000000 7.250000 1.000000
10.000000 8.000000 1.000000
10.000000 8.750000 1.000000
10.533333 7.250000 1.000000
10.533333 8.000000 1.000000
10.533333 8.750000 1.000000
11.066667 7.250000 1.000000
11.066667 8.000000 1.000000
11.066667 8.750000 1.000000
11.600000 7.250000 1.000000
11.600000 8.000000 1.000000
11.600000 8.750000 1.000000
12.133333 7.250000 1.000000
12.133333 8.000000 1.000000
12.133333 8.750000 1.000000
12.666667 7.250000 1.000000
12.666667 8.000000 1.000000
12.666667 8.750000 1.000000
13.200000 7.250000 1.000000
13.200000 8.000000 1.000000
13.200000 8.750000 1.000000
13.733333 7.250000 1.000000
13.733333 8.000000 1.000000
13.733333 8.750000 1.000000
14.266667 7.250000 1.000000
14.266667 8.000000 1.000000
14.266667 8.750000 1.000000
14.800000 7.250000 1.000000
14.800000 8.000000 1.000000
14.800000 8.750000 1.000000
15.333333 7.250000 1.000000
15.333333 8.000000 1.000000
15.333333 8.750000 1.000000
15.866667 7.250000 1.000000
15.866667 8.000000 1.000000
15.866667 8.750000 1.000000
16.400000 7.250000 1.000000
16.400000 8.000000 1.000000
16.400000 8.750000 1.000000
16.933333 7.250000 1.000000
16.933333 8.000000 1.000000
16.933333 8.750000 1.000000
17.466667 7.250000 1.000000
17.466667 8.000000 1.000000
17.466667 8.750000 1.000000
18.000000 7.250000 1.000000
18.000000 8.000000 1.000000
18.000000 8.750000 1.000000
10.000000 7.250000 0.000000
10.000000 8.000000 0.000000
10.000000 8.750000 0.000000
10.533333 7.250000 0.000000
10.533333 8.000000 0.000000
10.533333 8.750000 0.000000
11.066667 7.250000 0.000000
11.066667 8.000000 0.000000
11.066667 8.750000 0.000000
11.600000 7.250000 0.000000
11.600000 8.000000 0.000000
11.600000 8.750000 0.000000
12.133333 7.250000 0.000000
12.133333 8.000000 0.000000
12.133333 8.750000 0.000000
12.666667 7.250000 0.000000
12.666667 8.000000 0.000000
12.666667 8.750000 0.000000
13.200000 7.250000 0.000000
13.200000 8.000000 0.000000
13.200000 8.750000 0.000000
13.733333 7.250000 0.000000
13.733333 8.000000 0.000000
13.733333 8.750000 0.000000
14.266667 7.250000 0.000000
14.266667 8.000000 0.000000
14.266667 8.750000 0.000000
14.800000 7.250000 0.000000
14.800000 8.000000 0.000000
14.800000 8.750000 0.000000
15.333333 7.250000 0.000000
15.333333 8.000000 0.000000
15.333333 8.750000 0.000000
15.866667 7.250000 0.000000
15.866667 8.000000 0.000000
15.866667 8.750000 0.000000
16.400000 7.250000 0.000000
16.400000 8.000000 0.000000
16.400000 8.750000 0.000000
16.933333 7.250000 0.000000
16.933333 8.000000 0.000000
16.933333 8.750000 0.000000
17.466667 7.250000 0.000000
17.466667 8.000000 0.000000
17.466667 8.750000 0.000000
18.000000 7.250000 0.000000
18.000000 8.000000 0.000000
18.000000 8.750000 0.000000
18.000000 7.250000 1.000000
18.000000 7.250000 1.666667
18.000000 7.250000 2.333333
18.000000 7.250000 3.000000
18.000000 8.000000 1.000000
18.000000 8.000000 1.666667
18.000000 8.000000 2.333333
18.000000 8.000000 3.000000
18.000000 8.750000 1.000000
18.000000 8.750000 1.666667
18.000000 8.750000 2.333333
18.000000 8.750000 3.000000
10.000000 7.250000 1.000000
10.000000 7.250000 1.666667
10.000000 7.250000 2.333333
10.000000 7.250000 3.000000
10.000000 8.000000 1.000000
10.000000 8.000000 1.666667
10.000000 8.000000 2.333333
10.000000 8.000000 3.000000
10.000000 8.750000 1.000000
10.000000 8.750000 1.666667
10.000000 8.750000 2.333333
10.000000 8.750000 3.000000
10.000000 8.750000 1.000000
10.000000 8.750000 1.666667
10.000000 8.750000 2.333333
10.000000 8.750000 3.000000
10.533333 8.750000 1.000000
10.533333 8.750000 1.666667
10.533333 8.750000 2.333333
10.533333 8.750000 3.000000
11.066667 8.750000 1.000000
11.066667 8.750000 1.666667
11.066667 8.750000 2.333333
11.066667 8.750000 3.000000
11.600000 8.750000 1.000000
11.600000 8.750000 1.666667
11.600000 8.750000 2.333333
11.600000 8.750000 3.000000
12.133333 8.750000 1.000000
12.133333 8.750000 1.666667
12.133333 8.750000 2.333333
12.133333 8.750000 3.000000
12.666667 8.750000 1.000000
12.666667 8.750000 1.666667
12.666667 8.750000 2.333333
12.666667 8.750000 3.000000
13.200000 8.750000 1.000000
13.200000 8.750000 1.666667
13.200000 8.750000 2.333333
13.200000 8.750000 3.000000
13.733333 8.750000 1.000000
13.733333 8.750000 1.666667
13.733333 8.750000 2.333333
13.733333 8.750000 3.000000
14.266667 8.750000 1.000000
14.266667 8.750000 1.666667
14.266667 8.750000 2.333333
14.266667 8.750000 3.000000
14.800000 8.750000 1.000000
14.800000 8.750000 1.666667
14.800000 8.750000 2.333333
14.800000 8.750000 3.000000
15.333333 8.750000 1.000000
15.333333 8.750000 1.666667
15.333333 8.750000 2.333333
15.333333 8.750000 3.000000
15.866667 8.750000 1.000000
15.866667 8.750000 1.666667
15.866667 8.750000 2.333333
15.866667 8.750000 3.000000
16.400000 8.750000 1.000000
16.400000 8.750000 1.666667
16.400000 8.750000 2.333333
16.400000 8.750000 3.000000
16.933333 8.750000 1.000000
16.933333 8.750000 1.666667
16.933333 8.750000 2.333333
16.933333 8.750000 3.000000
17.466667 8.750000 1.000000
17.466667 8.750000 1.666667
17.466667 8.750000 2.333333
17.466667 8.750000 3.000000
18.000000 8.750000 1.000000
18.000000 8.750000 1.666667
18.000000 8.750000 2.333333
18.000000 8.750000 3.000000
10.000000 7.250000 1.000000
10.000000 7.250000 1.666667
10.000000 7.250000 2.333333
10.000000 7.250000 3.000000
10.533333 7.250000 1.000000
10.533333 7.250000 1.666667
10.533333 7.250000 2.333333
10.533333 7.250000 3.000000
11.066667 7.250000 1.000000
11.066667 7.250000 1.666667
11.066667 7.250000 2.333333
11.066667 7.250000 3.000000
11.600000 7.250000 1.000000
11.600000 7.250000 1.666667
11.600000 7.250000 2.333333
11.600000 7.250000 3.000000
12.133333 7.250000 1.000000
12.133333 7.250000 1.666667
12.133333 7.250000 2.333333
12.133333 7.250000 3.000000
12.666667 7.250000 1.000000
12.666667 7.250000 1.666667
12.666667 7.250000 2.333333
12.666667 7.250000 3.000000
13.200000 7.250000 1.000000
13.200000 7.250000 1.666667
13.200000 7.250000 2.333333
13.200000 7.250000 3.000000
13.733333 7.250000 1.000000
13.733333 7.250000 1.666667
13.733333 7.250000 2.333333
13.733333 7.250000 3.000000
14.266667 7.250000 1.000000
14.266667 7.250000 1.666667
14.266667 7.250000 2.333333
14.266667 7.250000 3.000000
14.800000 7.250000 1.000000
14.800000 7.250000 1.666667
14.800000 7.250000 2.333333
14.800000 7.250000 3.000000
15.333333 7.250000 1.000000
15.333333 7.250000 1.666667
15.333333 7.250000 2.333333
15.333333 7.250000 3.000000
15.866667 7.250000 1.000000
15.866667 7.250000 1.666667
15.866667 7.250000 2.333333
15.866667 7.250000 3.000000
16.400000 7.250000 1.000000
16.400000 7.250000 1.666667
16.400000 7.250000 2.333333
16.400000 7.250000 3.000000
16.933333 7.250000 1.000000
16.933333 7.250000 1.666667
16.933333 7.250000 2.333333
16.933333 7.250000 3.000000
17.466667 7.250000 1.000000
17.466667 7.250000 1.666667
17.466667 7.250000 2.333333
17.466667 7.250000 3.000000
18.000000 7.250000 1.000000
18.000000 7.250000 1.666667
18.000000 7.250000 2.333333
18.000000 7.250000 3.000000
10.000000 7.250000 3.000000
10.000000 8.000000 3.000000
10.000000 8.750000 3.000000
10.533333 7.250000 3.000000
10.533333 8.000000 3.000000
10.533333 8.750000 3.000000
11.066667 7.250000 3.000000
11.066667 8.000000 3.000000
11.066667 8.750000 3.000000
11.600000 7.250000 3.000000
11.600000 8.000000 3.000000
11.600000 8.750000 3.000000
12.133333 7.250000 3.000000
12.133333 8.000000 3.000000
12.133333 8.750000 3.000000
12.666667 7.250000 3.000000
12.666667 8.000000 3.000000
12.666667 8.750000 3.000000
13.200000 7.250000 3.000000
13.200000 8.000000 3.000000
13.200000 8.750000 3.000000
13.733333 7.250000 3.000000
13.733333 8.000000 3.000000
13.733333 8.750000 3.000000
14.266667 7.250000 3.000000
14.266667 8.000000 3.000000
14.266667 8.750000 3.000000
14.800000 7.250000 3.000000
14.800000 8.000000 3.000000
14.800000 8.750000 3.000000
15.333333 7.250000 3.000000
15.333333 8.000000 3.000000
15.333333 8.750000 3.000000
15.866667 7.250000 3.000000
15.866667 8.000000 3.000000
15.866667 8.750000 3.000000
16.400000 7.250000 3.000000
16.400000 8.000000 3.000000
16.400000 8.750000 3.000000
16.933333 7.250000 3.000000
16.933333 8.000000 3.000000
16.933333 8.750000 3.000000
17.466667 7.250000 3.000000
17.466667 8.000000 3.000000
17.466667 8.750000 3.000000
18.000000 7.250000 3.000000
18.000000 8.000000 3.000000
18.000000 8.750000 3.000000
10.000000 7.250000 1.000000
10.000000 8.000000 1.000000
10.000000 8.750000 1.000000
10.533333 7.250000 1.000000
10.533333 8.000000 1.000000
10.533333 8.750000 1.000000
11.066667 7.250000 1.000000
11.066667 8.000000 1.000000
11.066667 8.750000 1.000000
11.600000 7.250000 1.000000
11.600000 8.000000 1.000000
11.600000 8.750000 1.000000
12.133333 7.250000 1.000000
12.133333 8.000000 1.000000
12.133333 8.750000 1.000000
12.666667 7.250000 1.000000
12.666667 8.000000 1.000000
12.666667 8.750000 1.000000
13.200000 7.250000 1.000000
13.200000 8.000000 1.000000
13.200000 8.750000 1.000000
13.733333 7.250000 1.000000
13.733333 8.000000 1.000000
13.733333 8.750000 1.000000
14.266667 7.250000 1.000000
14.266667 8.000000 1.000000
14.266667 8.750000 1.000000
14.800000 7.250000 1.000000
14.800000 8.000000 1.000000
14.800000 8.750000 1.000000
15.333333 7.250000 1.000000
15.333333 8.000000 1.000000
15.333333 8.750000 1.000000
15.866667 7.250000 1.000000
15.866667 8.000000 1.000000
15.866667 8.750000 1.000000
16.400000 7.250000 1.000000
16.400000 8.000000 1.000000
16.400000 8.750000 1.000000
16.933333 7.250000 1.000000
16.933333 8.000000 1.000000
16.933333 8.750000 1.000000
17.466667 7.250000 1.000000
17.466667 8.000000 1.000000
17.466667 8.750000 1.000000
18.000000 7.250000 1.000000
18.000000 8.000000 1.000000
18.000000 8.750000 1.000000
-13.539861 9.509597 0.000000
-13.539861 9.509597 0.666667
-13.539861 9.509597 1.333333
-13.539861 9.509597 2.000000
-13.805829 10.369400 0.000000
-13.805829 10.369400 0.666667
-13.805829 10.369400 1.333333
-13.805829 10.369400 2.000000
-14.071798 11.229203 0.000000
-14.071798 11.229203 0.666667
-14.071798 11.229203 1.333333
-14.071798 11.229203 2.000000
-15.928202 8.770797 0.000000
-15.928202 8.770797 0.666667
-15.928202 8.770797 1.333333
-15.928202 8.770797 2.000000
-16.194171 9.630600 0.000000
-16.194171 9.630600 0.666667
-16.194171 9.630600 1.333333
-16.194171 9.630600 2.000000
-16.460139 10.490403 0.000000
-16.460139 10.490403 0.666667
-16.460139 10.490403 1.333333
-16.460139 10.490403 2.000000
-16.460139 10.490403 0.000000
-16.460139 10.490403 0.666667
-16.460139 10.490403 1.333333
-16.460139 10.490403 2.000000
-15.863053 10.675103 0.000000
-15.863053 10.675103 0.666667
-15.863053 10.675103 1.333333
-15.863053 10.675103 2.000000
-15.265968 10.859803 0.000000
-15.265968 10.859803 0.666667
-15.265968 10.859803 1.333333
-15.265968 10.859803 2.000000
-14.668883 11.044503 0.000000
-14.668883 11.044503 0.666667
-14.668883 11.044503 1.333333
-14.668883 11.044503 2.000000
-14.071798 11.229203 0.000000
-14.071798 11.229203 0.666667
-14.071798 11.229203 1.333333
-14.071798 11.229203 2.000000
-15.928202 8.770797 0.000000
-15.928202 8.770797 0.666667
-15.928202 8.770797 1.333333
-15.928202 8.770797 2.000000
-15.331117 8.955497 0.000000
-15.331117 8.955497 0.666667
-15.331117 8.955497 1.333333
-15.331117 8.955497 2.000000
-14.734032 9.140197 0.000000
-14.734032 9.140197 0.666667
-14.734032 9.140197 1.333333
-14.734032 9.140197 2.000000
-14.136947 9.324897 0.000000
-14.136947 9.324897 0.666667
-14.136947 9.324897 1.333333
-14.136947 9.324897 2.000000
-13.539861 9.509597 0.000000
-13.539861 9.509597 0.666667
-13.539861 9.509597 1.333333
-13.539861 9.509597 2.000000
-15.928202 8.770797 2.000000
-16.194171 9.630600 2.000000
-16.460139 10.490403 2.000000
-15.331117 8.955497 2.000000
-15.597085 9.815300 2.000000
-15.863053 10.675103 2.000000
-14.734032 9.140197 2.000000
-15.000000 10.000000 2.000000
-15.265968 10.859803 2.000000
-14.136947 9.324897 2.000000
-14.402915 10.184700 2.000000
-14.668883 11.044503 2.000000
-13.539861 9.509597 2.000000
-13.805829 10.369400 2.000000
-14.071798 11.229203 2.000000
-15.928202 8.770797 0.000000
-16.194171 9.630600 0.000000
-16.460139 10.490403 0.000000
-15.331117 8.955497 0.000000
-15.597085 9.815300 0.000000
-15.863053 10.675103 0.000000
-14.734032 9.140197 0.000000
-15.000000 10.000000 0.000000
-15.265968 10.859803 0.000000
-14.136947 9.324897 0.000000
-14.402915 10.184700 0.000000
-14.668883 11.044503 0.000000
-13.539861 9.509597 0.000000
-13.805829 10.369400 0.000000
-14.071798 11.229203 0.000000
8.350214 -13.444766 0.000000
8.350214 -13.444766 0.600000
8.350214 -13.444766 1.200000
8.350214 -13.444766 1.800000
8.350214 -13.444766 2.400000
8.350214 -13.444766 3.000000
8.701793 -12.801206 0.000000
8.701793 -12.801206 0.600000
8.701793 -12.801206 1.200000
8.701793 -12.801206 1.800000
8.701793 -12.801206 2.400000
8.701793 -12.801206 3.000000
9.053372 -12.157645 0.000000
9.053372 -12.157645 0.600000
9.053372 -12.157645 1.200000
9.053372 -12.157645 1.800000
9.053372 -12.157645 2.400000
9.053372 -12.157645 3.000000
9.404951 -11.514085 0.000000
9.404951 -11.514085 0.600000
9.404951 -11.514085 1.200000
9.404951 -11.514085 1.800000
9.404951 -11.514085 2.400000
9.404951 -11.514085 3.000000
6.595049 -12.485915 0.000000
6.595049 -12.485915 0.600000
6.595049 -12.485915 1.200000
6.595049 -12.485915 1.800000
6.595049 -12.485915 2.400000
6.595049 -12.485915 3.000000
6.946628 -11.842355 0.000000
6.946628 -11.842355 0.600000
6.946628 -11.842355 1.200000
6.946628 -11.842355 1.800000
6.946628 -11.842355 2.400000
6.946628 -11.842355 3.000000
7.298207 -11.198794 0.000000
7.298207 -11.198794 0.600000
7.298207 -11.198794 1.200000
7.298207 -11.198794 1.800000
7.298207 -11.198794 2.400000
7.298207 -11.198794 3.000000
7.649786 -10.555234 0.000000
7.649786 -10.555234 0.600000
7.649786 -10.555234 1.200000
7.649786 -10.555234 1.800000
7.649786 -10.555234 2.400000
7.649786 -10.555234 3.000000
7.649786 -10.555234 0.000000
7.649786 -10.555234 0.600000
7.649786 -10.555234 1.200000
7.649786 -10.555234 1.800000
7.649786 -10.555234 2.400000
7.649786 -10.555234 3.000000
8.234841 -10.874851 0.000000
8.234841 -10.874851 0.600000
8.234841 -10.874851 1.200000
8.234841 -10.874851 1.800000
8.234841 -10.874851 2.400000
8.234841 -10.874851 3.000000
8.819896 -11.194468 0.000000
8.819896 -11.194468 0.600000
8.819896 -11.194468 1.200000
8.819896 -11.194468 1.800000
8.819896 -11.194468 2.400000
8.819896 -11.194468 3.000000
9.404951 -11.514085 0.000000
9.404951 -11.514085 0.600000
9.404951 -11.514085 1.200000
9.404951 -11.514085 1.800000
9.404951 -11.514085 2.400000
9.404951 -11.514085 3.000000
6.595049 -12.485915 0.000000
6.595049 -12.485915 0.600000
6.595049 -12.485915 1.200000
6.595049 -12.485915 1.800000
6.595049 -12.485915 2.400000
6.595049 -12.485915 3.000000
7.180104 -12.805532 0.000000
7.180104 -12.805532 0.600000
7.180104 -12.805532 1.200000
7.180104 -12.805532 1.800000
7.180104 -12.805532 2.400000
7.180104 -12.805532 3.000000
7.765159 -13.125149 0.000000
7.765159 -13.125149 0.600000
7.765159 -13.125149 1.200000
7.765159 -13.125149 1.800000
7.765159 -13.125149 2.400000
7.765159 -13.125149 3.000000
8.350214 -13.444766 0.000000
8.350214 -13.444766 0.600000
8.350214 -13.444766 1.200000
8.350214 -13.444766 1.800000
8.350214 -13.444766 2.400000
8.350214 -13.444766 3.000000
6.595049 -12.485915 3.000000
6.946628 -11.842355 3.000000
7.298207 -11.198794 3.000000
7.649786 -10.555234 3.000000
7.180104 -12.805532 3.000000
7.531683 -12.161972 3.000000
7.883262 -11.518411 3.000000
8.234841 -10.874851 3.000000
7.765159 -13.125149 3.000000
8.116738 -12.481589 3.000000
8.468317 -11.838028 3.000000
8.819896 -11.194468 3.000000
8.350214 -13.444766 3.000000
8.701793 -12.801206 3.000000
9.053372 -12.157645 3.000000
9.404951 -11.514085 3.000000
6.595049 -12.485915 0.000000
6.946628 -11.842355 0.000000
7.298207 -11.198794 0.000000
7.649786 -10.555234 0.000000
7.180104 -12.805532 0.000000
7.531683 -12.161972 0.000000
7.883262 -11.518411 0.000000
8.234841 -10.874851 0.000000
7.765159 -13.125149 0.000000
8.116738 -12.481589 0.000000
8.468317 -11.838028 0.000000
8.819896 -11.194468 0.000000
8.350214 -13.444766 0.000000
8.701793 -12.801206 0.000000
9.053372 -12.157645 0.000000
9.404951 -11.514085 0.000000
15.100000 -6.000000 0.000000
15.100000 -6.000000 0.571429
15.100000 -6.000000 1.142857
15.100000 -6.000000 1.714286
15.100000 -6.000000 2.285714
15.100000 -6.000000 2.857143
15.100000 -6.000000 3.428571
15.100000 -6.000000 4.000000
15.100000 -5.466667 0.000000
15.100000 -5.466667 0.571429
15.100000 -5.466667 1.142857
15.100000 -5.466667 1.714286
15.100000 -5.466667 2.285714
15.100000 -5.466667 2.857143
15.100000 -5.466667 3.428571
15.100000 -5.466667 4.000000
15.100000 -4.933333 0.000000
15.100000 -4.933333 0.571429
15.100000 -4.933333 1.142857
15.100000 -4.933333 1.714286
15.100000 -4.933333 2.285714
15.100000 -4.933333 2.857143
15.100000 -4.933333 3.428571
15.100000 -4.933333 4.000000
15.100000 -4.400000 0.000000
15.100000 -4.400000 0.571429
15.100000 -4.400000 1.142857
15.100000 -4.400000 1.714286
15.100000 -4.400000 2.285714
15.100000 -4.400000 2.857143
15.100000 -4.400000 3.428571
15.100000 -4.400000 4.000000
15.100000 -3.866667 0.000000
15.100000 -3.866667 0.571429
15.100000 -3.866667 1.142857
15.100000 -3.866667 1.714286
15.100000 -3.866667 2.285714
15.100000 -3.866667 2.857143
15.100000 -3.866667 3.428571
15.100000 -3.866667 4.000000
15.100000 -3.333333 0.000000
15.100000 -3.333333 0.571429
15.100000 -3.333333 1.142857
15.100000 -3.333333 1.714286
15.100000 -3.333333 2.285714
15.100000 -3.333333 2.857143
15.100000 -3.333333 3.428571
15.100000 -3.333333 4.000000
15.100000 -2.800000 0.000000
15.100000 -2.800000 0.571429
15.100000 -2.800000 1.142857
15.100000 -2.800000 1.714286
15.100000 -2.800000 2.285714
15.100000 -2.800000 2.857143
15.100000 -2.800000 3.428571
15.100000 -2.800000 4.000000
15.100000 -2.266667 0.000000
15.100000 -2.266667 0.571429
15.100000 -2.266667 1.142857
15.100000 -2.266667 1.714286
15.100000 -2.266667 2.285714
15.100000 -2.266667 2.857143
15.100000 -2.266667 3.428571
15.100000 -2.266667 4.000000
15.100000 -1.733333 0.000000
15.100000 -1.733333 0.571429
15.100000 -1.733333 1.142857
15.100000 -1.733333 1.714286
15.100000 -1.733333 2.285714
15.100000 -1.733333 2.857143
15.100000 -1.733333 3.428571
15.100000 -1.733333 4.000000
15.100000 -1.200000 0.000000
15.100000 -1.200000 0.571429
15.100000 -1.200000 1.142857
15.100000 -1.200000 1.714286
15.100000 -1.200000 2.285714
15.100000 -1.200000 2.857143
15.100000 -1.200000 3.428571
15.100000 -1.200000 4.000000
15.100000 -0.666667 0.000000
15.100000 -0.666667 0.571429
15.100000 -0.666667 1.142857
15.100000 -0.666667 1.714286
15.100000 -0.666667 2.285714
15.100000 -0.666667 2.857143
15.100000 -0.666667 3.428571
15.100000 -0.666667 4.000000
15.100000 -0.133333 0.000000
15.100000 -0.133333 0.571429
15.100000 -0.133333 1.142857
15.100000 -0.133333 1.714286
15.100000 -0.133333 2.285714
15.100000 -0.133333 2.857143
15.100000 -0.133333 3.428571
15.100000 -0.133333 4.000000
15.100000 0.400000 0.000000
15.100000 0.400000 0.571429
15.100000 0.400000 1.142857
15.100000 0.400000 1.714286
15.100000 0.400000 2.285714
15.100000 0.400000 2.857143
15.100000 0.400000 3.428571
15.100000 0.400000 4.000000
15.100000 0.933333 0.000000
15.100000 0.933333 0.571429
15.100000 0.933333 1.142857
15.100000 0.933333 1.714286
15.100000 0.933333 2.285714
15.100000 0.933333 2.857143
15.100000 0.933333 3.428571
15.100000 0.933333 4.000000
15.100000 1.466667 0.000000
15.100000 1.466667 0.571429
15.100000 1.466667 1.142857
15.100000 1.466667 1.714286
15.100000 1.466667 2.285714
15.100000 1.466667 2.857143
15.100000 1.466667 3.428571
15.100000 1.466667 4.000000
15.100000 2.000000 0.000000
15.100000 2.000000 0.571429
15.100000 2.000000 1.142857
15.100000 2.000000 1.714286
15.100000 2.000000 2.285714
15.100000 2.000000 2.857143
15.100000 2.000000 3.428571
15.100000 2.000000 4.000000
14.900000 -6.000000 0.000000
14.900000 -6.000000 0.571429
14.900000 -6.000000 1.142857
14.900000 -6.000000 1.714286
14.900000 -6.000000 2.285714
14.900000 -6.000000 2.857143
14.900000 -6.000000 3.428571
14.900000 -6.000000 4.000000
14.900000 -5.466667 0.000000
14.900000 -5.466667 0.571429
14.900000 -5.466667 1.142857
14.900000 -5.466667 1.714286
14.900000 -5.466667 2.285714
14.900000 -5.466667 2.857143
14.900000 -5.466667 3.428571
14.900000 -5.466667 4.000000
14.900000 -4.933333 0.000000
14.900000 -4.933333 0.571429
14.900000 -4.933333 1.142857
14.900000 -4.933333 1.714286
14.900000 -4.933333 2.285714
14.900000 -4.933333 2.857143
14.900000 -4.933333 3.428571
14.900000 -4.933333 4.000000
14.900000 -4.400000 0.000000
14.900000 -4.400000 0.571429
14.900000 -4.400000 1.142857
14.900000 -4.400000 1.714286
14.900000 -4.400000 2.285714
14.900000 -4.400000 2.857143
14.900000 -4.400000 3.428571
14.900000 -4.400000 4.000000
14.900000 -3.866667 0.000000
14.900000 -3.866667 0.571429
14.900000 -3.866667 1.142857
14.900000 -3.866667 1.714286
14.900000 -3.866667 2.285714
14.900000 -3.866667 2.857143
14.900000 -3.866667 3.428571
14.900000 -3.866667 4.000000
14.900000 -3.333333 0.000000
14.900000 -3.333333 0.571429
14.900000 -3.333333 1.142857
14.900000 -3.333333 1.714286
14.900000 -3.333333 2.285714
14.900000 -3.333333 2.857143
14.900000 -3.333333 3.428571
14.900000 -3.333333 4.000000
14.900000 -2.800000 0.000000
14.900000 -2.800000 0.571429
14.900000 -2.800000 1.142857
14.900000 -2.800000 1.714286
14.900000 -2.800000 2.285714
14.900000 -2.800000 2.857143
14.900000 -2.800000 3.428571
14.900000 -2.800000 4.000000
14.900000 -2.266667 0.000000
14.900000 -2.266667 0.571429
14.900000 -2.266667 1.142857
14.900000 -2.266667 1.714286
14.900000 -2.266667 2.285714
14.900000 -2.266667 2.857143
14.900000 -2.266667 3.428571
14.900000 -2.266667 4.000000
14.900000 -1.733333 0.000000
14.900000 -1.733333 0.571429
14.900000 -1.733333 1.142857
14.900000 -1.733333 1.714286
14.900000 -1.733333 2.285714
14.900000 -1.733333 2.857143
14.900000 -1.733333 3.428571
14.900000 -1.733333 4.000000
14.900000 -1.200000 0.000000
14.900000 -1.200000 0.571429
14.900000 -1.200000 1.142857
14.900000 -1.200000 1.714286
14.900000 -1.200000 2.285714
14.900000 -1.200000 2.857143
14.900000 -1.200000 3.428571
14.900000 -1.200000 4.000000
14.900000 -0.666667 0.000000
14.900000 -0.666667 0.571429
14.900000 -0.666667 1.142857
14.900000 -0.666667 1.714286
14.900000 -0.666667 2.285714
14.900000 -0.666667 2.857143
14.900000 -0.666667 3.428571
14.900000 -0.666667 4.000000
14.900000 -0.133333 0.000000
14.900000 -0.133333 0.571429
14.900000 -0.133333 1.142857
14.900000 -0.133333 1.714286
14.900000 -0.133333 2.285714
14.900000 -0.133333 2.857143
14.900000 -0.133333 3.428571
14.900000 -0.133333 4.000000
14.900000 0.400000 0.000000
14.900000 0.400000 0.571429
14.900000 0.400000 1.142857
14.900000 0.400000 1.714286
14.900000 0.400000 2.285714
14.900000 0.400000 2.857143
14.900000 0.400000 3.428571
14.900000 0.400000 4.000000
14.900000 0.933333 0.000000
14.900000 0.933333 0.571429
14.900000 0.933333 1.142857
14.900000 0.933333 1.714286
14.900000 0.933333 2.285714
14.900000 0.933333 2.857143
14.900000 0.933333 3.428571
14.900000 0.933333 4.000000
14.900000 1.466667 0.000000
14.900000 1.466667 0.571429
14.900000 1.466667 1.142857
14.900000 1.466667 1.714286
14.900000 1.466667 2.285714
14.900000 1.466667 2.857143
14.900000 1.466667 3.428571
14.900000 1.466667 4.000000
14.900000 2.000000 0.000000
14.900000 2.000000 0.571429
14.900000 2.000000 1.142857
14.900000 2.000000 1.714286
14.900000 2.000000 2.285714
14.900000 2.000000 2.857143
14.900000 2.000000 3.428571
14.900000 2.000000 4.000000
14.900000 2.000000 0.000000
14.900000 2.000000 0.571429
14.900000 2.000000 1.142857
14.900000 2.000000 1.714286
14.900000 2.000000 2.285714
14.900000 2.000000 2.857143
14.900000 2.000000 3.428571
14.900000 2.000000 4.000000
15.100000 2.000000 0.000000
15.100000 2.000000 0.571429
15.100000 2.000000 1.142857
15.100000 2.000000 1.714286
15.100000 2.000000 2.285714
15.100000 2.000000 2.857143
15.100000 2.000000 3.428571
15.100000 2.000000 4.000000
14.900000 -6.000000 0.000000
14.900000 -6.000000 0.571429
14.900000 -6.000000 1.142857
14.900000 -6.000000 1.714286
14.900000 -6.000000 2.285714
14.900000 -6.000000 2.857143
14.900000 -6.000000 3.428571
14.900000 -6.000000 4.000000
15.100000 -6.000000 0.000000
15.100000 -6.000000 0.571429
15.100000 -6.000000 1.142857
15.100000 -6.000000 1.714286
15.100000 -6.000000 2.285714
15.100000 -6.000000 2.857143
15.100000 -6.000000 3.428571
15.100000 -6.000000 4.000000
14.900000 -6.000000 4.000000
14.900000 -5.466667 4.000000
14.900000 -4.933333 4.000000
14.900000 -4.400000 4.000000
14.900000 -3.866667 4.000000
14.900000 -3.333333 4.000000
14.900000 -2.800000 4.000000
14.900000 -2.266667 4.000000
14.900000 -1.733333 4.000000
14.900000 -1.200000 4.000000
14.900000 -0.666667 4.000000
14.900000 -0.133333 4.000000
14.900000 0.400000 4.000000
14.900000 0.933333 4.000000
14.900000 1.466667 4.000000
14.900000 2.000000 4.000000
15.100000 -6.000000 4.000000
15.100000 -5.466667 4.000000
15.100000 -4.933333 4.000000
15.100000 -4.400000 4.000000
15.100000 -3.866667 4.000000
15.100000 -3.333333 4.000000
15.100000 -2.800000 4.000000
15.100000 -2.266667 4.000000
15.100000 -1.733333 4.000000
15.100000 -1.200000 4.000000
15.100000 -0.666667 4.000000
15.100000 -0.133333 4.000000
15.100000 0.400000 4.000000
15.100000 0.933333 4.000000
15.100000 1.466667 4.000000
15.100000 2.000000 4.000000
14.900000 -6.000000 0.000000
14.900000 -5.466667 0.000000
14.900000 -4.933333 0.000000
14.900000 -4.400000 0.000000
14.900000 -3.866667 0.000000
14.900000 -3.333333 0.000000
14.900000 -2.800000 0.000000
14.900000 -2.266667 0.000000
14.900000 -1.733333 0.000000
14.900000 -1.200000 0.000000
14.900000 -0.666667 0.000000
14.900000 -0.133333 0.000000
14.900000 0.400000 0.000000
14.900000 0.933333 0.000000
14.900000 1.466667 0.000000
14.900000 2.000000 0.000000
15.100000 -6.000000 0.000000
15.100000 -5.466667 0.000000
15.100000 -4.933333 0.000000
15.100000 -4.400000 0.000000
15.100000 -3.866667 0.000000
15.100000 -3.333333 0.000000
15.100000 -2.800000 0.000000
15.100000 -2.266667 0.000000
15.100000 -1.733333 0.000000
15.100000 -1.200000 0.000000
15.100000 -0.666667 0.000000
15.100000 -0.133333 0.000000
15.100000 0.400000 0.000000
15.100000 0.933333 0.000000
15.100000 1.466667 0.000000
15.100000 2.000000 0.000000
15.100000 3.000000 0.000000
15.100000 3.000000 0.571429
15.100000 3.000000 1.142857
15.100000 3.000000 1.714286
15.100000 3.000000 2.285714
15.100000 3.000000 2.857143
15.100000 3.000000 3.428571
15.100000 3.000000 4.000000
15.100000 3.571429 0.000000
15.100000 3.571429 0.571429
15.100000 3.571429 1.142857
15.100000 3.571429 1.714286
15.100000 3.571429 2.285714
15.100000 3.571429 2.857143
15.100000 3.571429 3.428571
15.100000 3.571429 4.000000
15.100000 4.142857 0.000000
15.100000 4.142857 0.571429
15.100000 4.142857 1.142857
15.100000 4.142857 1.714286
15.100000 4.142857 2.285714
15.100000 4.142857 2.857143
15.100000 4.142857 3.428571
15.100000 4.142857 4.000000
15.100000 4.714286 0.000000
15.100000 4.714286 0.571429
15.100000 4.714286 1.142857
15.100000 4.714286 1.714286
15.100000 4.714286 2.285714
15.100000 4.714286 2.857143
15.100000 4.714286 3.428571
15.100000 4.714286 4.000000
15.100000 5.285714 0.000000
15.100000 5.285714 0.571429
15.100000 5.285714 1.142857
15.100000 5.285714 1.714286
15.100000 5.285714 2.285714
15.100000 5.285714 2.857143
15.100000 5.285714 3.428571
15.100000 5.285714 4.000000
15.100000 5.857143 0.000000
15.100000 5.857143 0.571429
15.100000 5.857143 1.142857
15.100000 5.857143 1.714286
15.100000 5.857143 2.285714
15.100000 5.857143 2.857143
15.100000 5.857143 3.428571
15.100000 5.857143 4.000000
15.100000 6.428571 0.000000
15.100000 6.428571 0.571429
15.100000 6.428571 1.142857
15.100000 6.428571 1.714286
15.100000 6.428571 2.285714
15.100000 6.428571 2.857143
15.100000 6.428571 3.428571
15.100000 6.428571 4.000000
15.100000 7.000000 0.000000
15.100000 7.000000 0.571429
15.100000 7.000000 1.142857
15.100000 7.000000 1.714286
15.100000 7.000000 2.285714
15.100000 7.000000 2.857143
15.100000 7.000000 3.428571
15.100000 7.000000 4.000000
14.900000 3.000000 0.000000
14.900000 3.000000 0.571429
14.900000 3.000000 1.142857
14.900000 3.000000 1.714286
14.900000 3.000000 2.285714
14.900000 3.000000 2.857143
14.900000 3.000000 3.428571
14.900000 3.000000 4.000000
14.900000 3.571429 0.000000
14.900000 3.571429 0.571429
14.900000 3.571429 1.142857
14.900000 3.571429 1.714286
14.900000 3.571429 2.285714
14.900000 3.571429 2.857143
14.900000 3.571429 3.428571
14.900000 3.571429 4.000000
14.900000 4.142857 0.000000
14.900000 4.142857 0.571429
14.900000 4.142857 1.142857
14.900000 4.142857 1.714286
14.900000 4.142857 2.285714
14.900000 4.142857 2.857143
14.900000 4.142857 3.428571
14.900000 4.142857 4.000000
14.900000 4.714286 0.000000
14.900000 4.714286 0.571429
14.900000 4.714286 1.142857
14.900000 4.714286 1.714286
14.900000 4.714286 2.285714
14.900000 4.714286 2.857143
14.900000 4.714286 3.428571
14.900000 4.714286 4.000000
14.900000 5.285714 0.000000
14.900000 5.285714 0.571429
14.900000 5.285714 1.142857
14.900000 5.285714 1.714286
14.900000 5.285714 2.285714
14.900000 5.285714 2.857143
14.900000 5.285714 3.428571
14.900000 5.285714 4.000000
14.900000 5.857143 0.000000
14.900000 5.857143 0.571429
14.900000 5.857143 1.142857
14.900000 5.857143 1.714286
14.900000 5.857143 2.285714
14.900000 5.857143 2.857143
14.900000 5.857143 3.428571
14.900000 5.857143 4.000000
14.900000 6.428571 0.000000
14.900000 6.428571 0.571429
14.900000 6.428571 1.142857
14.900000 6.428571 1.714286
14.900000 6.428571 2.285714
14.900000 6.428571 2.857143
14.900000 6.428571 3.428571
14.900000 6.428571 4.000000
14.900000 7.000000 0.000000
14.900000 7.000000 0.571429
14.900000 7.000000 1.142857
14.900000 7.000000 1.714286
14.900000 7.000000 2.285714
14.900000 7.000000 2.857143
14.900000 7.000000 3.428571
14.900000 7.000000 4.000000
14.900000 7.000000 0.000000
14.900000 7.000000 0.571429
14.900000 7.000000 1.142857
14.900000 7.000000 1.714286
14.900000 7.000000 2.285714
14.900000 7.000000 2.857143
14.900000 7.000000 3.428571
14.900000 7.000000 4.000000
15.100000 7.000000 0.000000
15.100000 7.000000 0.571429
15.100000 7.000000 1.142857
15.100000 7.000000 1.714286
15.100000 7.000000 2.285714
15.100000 7.000000 2.857143
15.100000 7.000000 3.428571
15.100000 7.000000 4.000000
14.900000 3.000000 0.000000
14.900000 3.000000 0.571429
14.900000 3.000000 1.142857
14.900000 3.000000 1.714286
14.900000 3.000000 2.285714
14.900000 3.000000 2.857143
14.900000 3.000000 3.428571
14.900000 3.000000 4.000000
15.100000 3.000000 0.000000
15.100000 3.000000 0.571429
15.100000 3.000000 1.142857
15.100000 3.000000 1.714286
15.100000 3.000000 2.285714
15.100000 3.000000 2.857143
15.100000 3.000000 3.428571
15.100000 3.000000 4.000000
14.900000 3.000000 4.000000
14.900000 3.571429 4.000000
14.900000 4.142857 4.000000
14.900000 4.714286 4.000000
14.900000 5.285714 4.000000
14.900000 5.857143 4.000000
14.900000 6.428571 4.000000
14.900000 7.000000 4.000000
15.100000 3.000000 4.000000
15.100000 3.571429 4.000000
15.100000 4.142857 4.000000
15.100000 4.714286 4.000000
15.100000 5.285714 4.000000
15.100000 5.857143 4.000000
15.100000 6.428571 4.000000
15.100000 7.000000 4.000000
14.900000 3.000000 0.000000
14.900000 3.571429 0.000000
14.900000 4.142857 0.000000
14.900000 4.714286 0.000000
14.900000 5.285714 0.000000
14.900000 5.857143 0.000000
14.900000 6.428571 0.000000
14.900000 7.000000 0.000000
15.100000 3.000000 0.000000
15.100000 3.571429 0.000000
15.100000 4.142857 0.000000
15.100000 4.714286 0.000000
15.100000 5.285714 0.000000
15.100000 5.857143 0.000000
15.100000 6.428571 0.000000
15.100000 7.000000 0.000000
-1.249204 -0.000199 0.000000
-1.249204 -0.000199 0.555556
-1.249204 -0.000199 1.111111
-1.249204 -0.000199 1.666667
-1.249204 -0.000199 2.222222
-1.249204 -0.000199 2.777778
-1.249204 -0.000199 3.333333
-1.249204 -0.000199 3.888889
-1.249204 -0.000199 4.444444
-1.249204 -0.000199 5.000000
-1.749204 0.000199 0.000000
-1.749204 0.000199 0.555556
-1.749204 0.000199 1.111111
-1.749204 0.000199 1.666667
-1.749204 0.000199 2.222222
-1.749204 0.000199 2.777778
-1.749204 0.000199 3.333333
-1.749204 0.000199 3.888889
-1.749204 0.000199 4.444444
-1.749204 0.000199 5.000000
-1.250796 -2.000199 0.000000
-1.250796 -2.000199 0.555556
-1.250796 -2.000199 1.111111
-1.250796 -2.000199 1.666667
-1.250796 -2.000199 2.222222
-1.250796 -2.000199 2.777778
-1.250796 -2.000199 3.333333
-1.250796 -2.000199 3.888889
-1.250796 -2.000199 4.444444
-1.250796 -2.000199 5.000000
-1.750796 -1.999801 0.000000
-1.750796 -1.999801 0.555556
-1.750796 -1.999801 1.111111
-1.750796 -1.999801 1.666667
-1.750796 -1.999801 2.222222
-1.750796 -1.999801 2.777778
-1.750796 -1.999801 3.333333
-1.750796 -1.999801 3.888889
-1.750796 -1.999801 4.444444
-1.750796 -1.999801 5.000000
-1.750796 -1.999801 0.000000
-1.750796 -1.999801 0.555556
-1.750796 -1.999801 1.111111
-1.750796 -1.999801 1.666667
-1.750796 -1.999801 2.222222
-1.750796 -1.999801 2.777778
-1.750796 -1.999801 3.333333
-1.750796 -1.999801 3.888889
-1.750796 -1.999801 4.444444
-1.750796 -1.999801 5.000000
-1.750265 -1.333134 0.000000
-1.750265 -1.333134 0.555556
-1.750265 -1.333134 1.111111
-1.750265 -1.333134 1.666667
-1.750265 -1.333134 2.222222
-1.750265 -1.333134 2.777778
-1.750265 -1.333134 3.333333
-1.750265 -1.333134 3.888889
-1.750265 -1.333134 4.444444
-1.750265 -1.333134 5.000000
-1.749734 -0.666468 0.000000
-1.749734 -0.666468 0.555556
-1.749734 -0.666468 1.111111
-1.749734 -0.666468 1.666667
-1.749734 -0.666468 2.222222
-1.749734 -0.666468 2.777778
-1.749734 -0.666468 3.333333
-1.749734 -0.666468 3.888889
-1.749734 -0.666468 4.444444
-1.749734 -0.666468 5.000000
-1.749204 0.000199 0.000000
-1.749204 0.000199 0.555556
-1.749204 0.000199 1.111111
-1.749204 0.000199 1.666667
-1.749204 0.000199 2.222222
-1.749204 0.000199 2.777778
-1.749204 0.000199 3.333333
-1.749204 0.000199 3.888889
-1.749204 0.000199 4.444444
-1.749204 0.000199 5.000000
-1.250796 -2.000199 0.000000
-1.250796 -2.000199 0.555556
-1.250796 -2.000199 1.111111
-1.250796 -2.000199 1.666667
-1.250796 -2.000199 2.222222
-1.250796 -2.000199 2.777778
-1.250796 -2.000199 3.333333
-1.250796 -2.000199 3.888889
-1.250796 -2.000199 4.444444
-1.250796 -2.000199 5.000000
-1.250266 -1.333532 0.000000
-1.250266 -1.333532 0.555556
-1.250266 -1.333532 1.111111
-1.250266 -1.333532 1.666667
-1.250266 -1.333532 2.222222
-1.250266 -1.333532 2.777778
-1.250266 -1.333532 3.333333
-1.250266 -1.333532 3.888889
-1.250266 -1.333532 4.444444
-1.250266 -1.333532 5.000000
-1.249735 -0.666866 0.000000
-1.249735 -0.666866 0.555556
-1.249735 -0.666866 1.111111
-1.249735 -0.666866 1.666667
-1.249735 -0.666866 2.222222
-1.249735 -0.666866 2.777778
-1.249735 -0.666866 3.333333
-1.249735 -0.666866 3.888889
-1.249735 -0.666866 4.444444
-1.249735 -0.666866 5.000000
-1.249204 -0.000199 0.000000
-1.249204 -0.000199 0.555556
-1.249204 -0.000199 1.111111
-1.249204 -0.000199 1.666667
-1.249204 -0.000199 2.222222
-1.249204 -0.000199 2.777778
-1.249204 -0.000199 3.333333
-1.249204 -0.000199 3.888889
-1.249204 -0.000199 4.444444
-1.249204 -0.000199 5.000000
-1.250796 -2.000199 5.000000
-1.750796 -1.999801 5.000000
-1.250266 -1.333532 5.000000
-1.750265 -1.333134 5.000000
-1.249735 -0.666866 5.000000
-1.749734 -0.666468 5.000000
-1.249204 -0.000199 5.000000
-1.749204 0.000199 5.000000
-1.250796 -2.000199 0.000000
-1.750796 -1.999801 0.000000
-1.250266 -1.333532 0.000000
-1.750265 -1.333134 0.000000
-1.249735 -0.666866 0.000000
-1.749734 -0.666468 0.000000
-1.249204 -0.000199 0.000000
-1.749204 0.000199 0.000000
1.750796 -0.000199 0.000000
1.750796 -0.000199 0.555556
1.750796 -0.000199 1.111111
1.750796 -0.000199 1.666667
1.750796 -0.000199 2.222222
1.750796 -0.000199 2.777778
1.750796 -0.000199 3.333333
1.750796 -0.000199 3.888889
1.750796 -0.000199 4.444444
1.750796 -0.000199 5.000000
1.250796 0.000199 0.000000
1.250796 0.000199 0.555556
1.250796 0.000199 1.111111
1.250796 0.000199 1.666667
1.250796 0.000199 2.222222
1.250796 0.000199 2.777778
1.250796 0.000199 3.333333
1.250796 0.000199 3.888889
1.250796 0.000199 4.444444
1.250796 0.000199 5.000000
1.749204 -2.000199 0.000000
1.749204 -2.000199 0.555556
1.749204 -2.000199 1.111111
1.749204 -2.000199 1.666667
1.749204 -2.000199 2.222222
1.749204 -2.000199 2.777778
1.749204 -2.000199 3.333333
1.749204 -2.000199 3.888889
1.749204 -2.000199 4.444444
1.749204 -2.000199 5.000000
1.249204 -1.999801 0.000000
1.249204 -1.999801 0.555556
1.249204 -1.999801 1.111111
1.249204 -1.999801 1.666667
1.249204 -1.999801 2.222222
1.249204 -1.999801 2.777778
1.249204 -1.999801 3.333333
1.249204 -1.999801 3.888889
1.249204 -1.999801 4.444444
1.249204 -1.999801 5.000000
1.249204 -1.999801 0.000000
1.249204 -1.999801 0.555556
1.249204 -1.999801 1.111111
1.249204 -1.999801 1.666667
1.249204 -1.999801 2.222222
1.249204 -1.999801 2.777778
1.249204 -1.999801 3.333333
1.249204 -1.999801 3.888889
1.249204 -1.999801 4.444444
1.249204 -1.999801 5.000000
1.249735 -1.333134 0.000000
1.249735 -1.333134 0.555556
1.249735 -1.333134 1.111111
1.249735 -1.333134 1.666667
1.249735 -1.333134 2.222222
1.249735 -1.333134 2.777778
1.249735 -1.333134 3.333333
1.249735 -1.333134 3.888889
1.249735 -1.333134 4.444444
1.249735 -1.333134 5.000000
1.250266 -0.666468 0.000000
1.250266 -0.666468 0.555556
1.250266 -0.666468 1.111111
1.250266 -0.666468 1.666667
1.250266 -0.666468 2.222222
1.250266 -0.666468 2.777778
1.250266 -0.666468 3.333333
1.250266 -0.666468 3.888889
1.250266 -0.666468 4.444444
1.250266 -0.666468 5.000000
1.250796 0.000199 0.000000
1.250796 0.000199 0.555556
1.250796 0.000199 1.111111
1.250796 0.000199 1.666667
1.250796 0.000199 2.222222
1.250796 0.000199 2.777778
1.250796 0.000199 3.333333
1.250796 0.000199 3.888889
1.250796 0.000199 4.444444
1.250796 0.000199 5.000000
1.749204 -2.000199 0.000000
1.749204 -2.000199 0.555556
1.749204 -2.000199 1.111111
1.749204 -2.000199 1.666667
1.749204 -2.000199 2.222222
1.749204 -2.000199 2.777778
1.749204 -2.000199 3.333333
1.749204 -2.000199 3.888889
1.749204 -2.000199 4.444444
1.749204 -2.000199 5.000000
1.749734 -1.333532 0.000000
1.749734 -1.333532 0.555556
1.749734 -1.333532 1.111111
1.749734 -1.333532 1.666667
1.749734 -1.333532 2.222222
1.749734 -1.333532 2.777778
1.749734 -1.333532 3.333333
1.749734 -1.333532 3.888889
1.749734 -1.333532 4.444444
1.749734 -1.333532 5.000000
1.750265 -0.666866 0.000000
1.750265 -0.666866 0.555556
1.750265 -0.666866 1.111111
1.750265 -0.666866 1.666667
1.750265 -0.666866 2.222222
1.750265 -0.666866 2.777778
1.750265 -0.666866 3.333333
1.750265 -0.666866 3.888889
1.750265 -0.666866 4.444444
1.750265 -0.666866 5.000000
1.750796 -0.000199 0.000000
1.750796 -0.000199 0.555556
1.750796 -0.000199 1.111111
1.750796 -0.000199 1.666667
1.750796 -0.000199 2.222222
1.750796 -0.000199 2.777778
1.750796 -0.000199 3.333333
1.750796 -0.000199 3.888889
1.750796 -0.000199 4.444444
1.750796 -0.000199 5.000000
1.749204 -2.000199 5.000000
1.249204 -1.999801 5.000000
1.749734 -1.333532 5.000000
1.249735 -1.333134 5.000000
1.750265 -0.666866 5.000000
1.250266 -0.666468 5.000000
1.750796 -0.000199 5.000000
1.250796 0.000199 5.000000
1.749204 -2.000199 0.000000
1.249204 -1.999801 0.000000
1.749734 -1.333532 0.000000
1.249735 -1.333134 0.000000
1.750265 -0.666866 0.000000
1.250266 -0.666468 0.000000
1.750796 -0.000199 0.000000
1.250796 0.000199 0.000000
-3.970000 -1.000000 3.000000
-3.970000 -1.000000 3.666667
-3.970000 -1.000000 4.333333
-3.970000 -1.000000 5.000000
-3.981295 -0.976545 3.000000
-3.981295 -0.976545 3.666667
-3.981295 -0.976545 4.333333
-3.981295 -0.976545 5.000000
-4.006676 -0.970752 3.000000
-4.006676 -0.970752 3.666667
-4.006676 -0.970752 4.333333
-4.006676 -0.970752 5.000000
-4.027029 -0.986983 3.000000
-4.027029 -0.986983 3.666667
-4.027029 -0.986983 4.333333
-4.027029 -0.986983 5.000000
-4.027029 -1.013017 3.000000
-4.027029 -1.013017 3.666667
-4.027029 -1.013017 4.333333
-4.027029 -1.013017 5.000000
-4.006676 -1.029248 3.000000
-4.006676 -1.029248 3.666667
-4.006676 -1.029248 4.333333
-4.006676 -1.029248 5.000000
-3.981295 -1.023455 3.000000
-3.981295 -1.023455 3.666667
-3.981295 -1.023455 4.333333
-3.981295 -1.023455 5.000000
-3.970000 -1.000000 3.000000
-3.970000 -1.000000 3.666667
-3.970000 -1.000000 4.333333
-3.970000 -1.000000 5.000000
-4.000000 -1.000000 5.000000
-4.000000 -1.000000 3.000000
-3.970000 -1.000000 5.000000
-3.970000 -1.000000 3.000000
4.030000 -1.000000 3.000000
4.030000 -1.000000 3.666667
4.030000 -1.000000 4.333333
4.030000 -1.000000 5.000000
4.018705 -0.976545 3.000000
4.018705 -0.976545 3.666667
4.018705 -0.976545 4.333333
4.018705 -0.976545 5.000000
3.993324 -0.970752 3.000000
3.993324 -0.970752 3.666667
3.993324 -0.970752 4.333333
3.993324 -0.970752 5.000000
3.972971 -0.986983 3.000000
3.972971 -0.986983 3.666667
3.972971 -0.986983 4.333333
3.972971 -0.986983 5.000000
3.972971 -1.013017 3.000000
3.972971 -1.013017 3.666667
3.972971 -1.013017 4.333333
3.972971 -1.013017 5.000000
3.993324 -1.029248 3.000000
3.993324 -1.029248 3.666667
3.993324 -1.029248 4.333333
3.993324 -1.029248 5.000000
4.018705 -1.023455 3.000000
4.018705 -1.023455 3.666667
4.018705 -1.023455 4.333333
4.018705 -1.023455 5.000000
4.030000 -1.000000 3.000000
4.030000 -1.000000 3.666667
4.030000 -1.000000 4.333333
4.030000 -1.000000 5.000000
4.000000 -1.000000 5.000000
4.000000 -1.000000 3.000000
4.030000 -1.000000 5.000000
4.030000 -1.000000 3.000000
-0.970000 6.000000 3.400000
-0.970000 6.000000 4.200000
-0.970000 6.000000 5.000000
-0.981295 6.023455 3.400000
-0.981295 6.023455 4.200000
-0.981295 6.023455 5.000000
-1.006676 6.029248 3.400000
-1.006676 6.029248 4.200000
-1.006676 6.029248 5.000000
-1.027029 6.013017 3.400000
-1.027029 6.013017 4.200000
-1.027029 6.013017 5.000000
-1.027029 5.986983 3.400000
-1.027029 5.986983 4.200000
-1.027029 5.986983 5.000000
-1.006676 5.970752 3.400000
-1.006676 5.970752 4.200000
-1.006676 5.970752 5.000000
-0.981295 5.976545 3.400000
-0.981295 5.976545 4.200000
-0.981295 5.976545 5.000000
-0.970000 6.000000 3.400000
-0.970000 6.000000 4.200000
-0.970000 6.000000 5.000000
-1.000000 6.000000 5.000000
-1.000000 6.000000 3.400000
-0.970000 6.000000 5.000000
-0.970000 6.000000 3.400000
-14.696815 9.999760 4.500000
-14.696815 9.999760 5.100000
-15.296815 10.000238 4.500000
-15.296815 10.000238 5.100000
-14.703185 1.999762 4.500000
-14.703185 1.999762 5.100000
-15.303185 2.000240 4.500000
-15.303185 2.000240 5.100000
-15.303185 2.000240 4.500000
-15.303185 2.000240 5.100000
-15.302761 2.533573 4.500000
-15.302761 2.533573 5.100000
-15.302336 3.066906 4.500000
-15.302336 3.066906 5.100000
-15.301911 3.600240 4.500000
-15.301911 3.600240 5.100000
-15.301486 4.133573 4.500000
-15.301486 4.133573 5.100000
-15.301062 4.666906 4.500000
-15.301062 4.666906 5.100000
-15.300637 5.200239 4.500000
-15.300637 5.200239 5.100000
-15.300212 5.733572 4.500000
-15.300212 5.733572 5.100000
-15.299788 6.266905 4.500000
-15.299788 6.266905 5.100000
-15.299363 6.800239 4.500000
-15.299363 6.800239 5.100000
-15.298938 7.333572 4.500000
-15.298938 7.333572 5.100000
-15.298513 7.866905 4.500000
-15.298513 7.866905 5.100000
-15.298089 8.400238 4.500000
-15.298089 8.400238 5.100000
-15.297664 8.933571 4.500000
-15.297664 8.933571 5.100000
-15.297239 9.466904 4.500000
-15.297239 9.466904 5.100000
-15.296815 10.000238 4.500000
-15.296815 10.000238 5.100000
-14.703185 1.999762 4.500000
-14.703185 1.999762 5.100000
-14.702761 2.533096 4.500000
-14.702761 2.533096 5.100000
-14.702336 3.066429 4.500000
-14.702336 3.066429 5.100000
-14.701911 3.599762 4.500000
-14.701911 3.599762 5.100000
-14.701487 4.133095 4.500000
-14.701487 4.133095 5.100000
-14.701062 4.666428 4.500000
-14.701062 4.666428 5.100000
-14.700637 5.199761 4.500000
-14.700637 5.199761 5.100000
-14.700212 5.733095 4.500000
-14.700212 5.733095 5.100000
-14.699788 6.266428 4.500000
-14.699788 6.266428 5.100000
-14.699363 6.799761 4.500000
-14.699363 6.799761 5.100000
-14.698938 7.333094 4.500000
-14.698938 7.333094 5.100000
-14.698514 7.866427 4.500000
-14.698514 7.866427 5.100000
-14.698089 8.399760 4.500000
-14.698089 8.399760 5.100000
-14.697664 8.933094 4.500000
-14.697664 8.933094 5.100000
-14.697239 9.466427 4.500000
-14.697239 9.466427 5.100000
-14.696815 9.999760 4.500000
-14.696815 9.999760 5.100000
-14.703185 1.999762 5.100000
-15.303185 2.000240 5.100000
-14.702761 2.533096 5.100000
-15.302761 2.533573 5.100000
-14.702336 3.066429 5.100000
-15.302336 3.066906 5.100000
-14.701911 3.599762 5.100000
-15.301911 3.600240 5.100000
-14.701487 4.133095 5.100000
-15.301486 4.133573 5.100000
-14.701062 4.666428 5.100000
-15.301062 4.666906 5.100000
-14.700637 5.199761 5.100000
-15.300637 5.200239 5.100000
-14.700212 5.733095 5.100000
-15.300212 5.733572 5.100000
-14.699788 6.266428 5.100000
-15.299788 6.266905 5.100000
-14.699363 6.799761 5.100000
-15.299363 6.800239 5.100000
-14.698938 7.333094 5.100000
-15.298938 7.333572 5.100000
-14.698514 7.866427 5.100000
-15.298513 7.866905 5.100000
-14.698089 8.399760 5.100000
-15.298089 8.400238 5.100000
-14.697664 8.933094 5.100000
-15.297664 8.933571 5.100000
-14.697239 9.466427 5.100000
-15.297239 9.466904 5.100000
-14.696815 9.999760 5.100000
-15.296815 10.000238 5.100000
-14.703185 1.999762 4.500000
-15.303185 2.000240 4.500000
-14.702761 2.533096 4.500000
-15.302761 2.533573 4.500000
-14.702336 3.066429 4.500000
-15.302336 3.066906 4.500000
-14.701911 3.599762 4.500000
-15.301911 3.600240 4.500000
-14.701487 4.133095 4.500000
-15.301486 4.133573 4.500000
-14.701062 4.666428 4.500000
-15.301062 4.666906 4.500000
-14.700637 5.199761 4.500000
-15.300637 5.200239 4.500000
-14.700212 5.733095 4.500000
-15.300212 5.733572 4.500000
-14.699788 6.266428 4.500000
-15.299788 6.266905 4.500000
-14.699363 6.799761 4.500000
-15.299363 6.800239 4.500000
-14.698938 7.333094 4.500000
-15.298938 7.333572 4.500000
-14.698514 7.866427 4.500000
-15.298513 7.866905 4.500000
-14.698089 8.399760 4.500000
-15.298089 8.400238 4.500000
-14.697664 8.933094 4.500000
-15.297664 8.933571 4.500000
-14.697239 9.466427 4.500000
-15.297239 9.466904 4.500000
-14.696815 9.999760 4.500000
-15.296815 10.000238 4.500000
16.000000 -6.300000 4.500000
16.000000 -6.300000 5.100000
16.000000 -5.700000 4.500000
16.000000 -5.700000 5.100000
4.000000 -6.300000 4.500000
4.000000 -6.300000 5.100000
4.000000 -5.700000 4.500000
4.000000 -5.700000 5.100000
4.000000 -5.700000 4.500000
4.000000 -5.700000 5.100000
4.521739 -5.700000 4.500000
4.521739 -5.700000 5.100000
5.043478 -5.700000 4.500000
5.043478 -5.700000 5.100000
5.565217 -5.700000 4.500000
5.565217 -5.700000 5.100000
6.086957 -5.700000 4.500000
6.086957 -5.700000 5.100000
6.608696 -5.700000 4.500000
6.608696 -5.700000 5.100000
7.130435 -5.700000 4.500000
7.130435 -5.700000 5.100000
7.652174 -5.700000 4.500000
7.652174 -5.700000 5.100000
8.173913 -5.700000 4.500000
8.173913 -5.700000 5.100000
8.695652 -5.700000 4.500000
8.695652 -5.700000 5.100000
9.217391 -5.700000 4.500000
9.217391 -5.700000 5.100000
9.739130 -5.700000 4.500000
9.739130 -5.700000 5.100000
10.260870 -5.700000 4.500000
10.260870 -5.700000 5.100000
10.782609 -5.700000 4.500000
10.782609 -5.700000 5.100000
11.304348 -5.700000 4.500000
11.304348 -5.700000 5.100000
11.826087 -5.700000 4.500000
11.826087 -5.700000 5.100000
12.347826 -5.700000 4.500000
12.347826 -5.700000 5.100000
12.869565 -5.700000 4.500000
12.869565 -5.700000 5.100000
13.391304 -5.700000 4.500000
13.391304 -5.700000 5.100000
13.913043 -5.700000 4.500000
13.913043 -5.700000 5.100000
14.434783 -5.700000 4.500000
14.434783 -5.700000 5.100000
14.956522 -5.700000 4.500000
14.956522 -5.700000 5.100000
15.478261 -5.700000 4.500000
15.478261 -5.700000 5.100000
16.000000 -5.700000 4.500000
16.000000 -5.700000 5.100000
4.000000 -6.300000 4.500000
4.000000 -6.300000 5.100000
4.521739 -6.300000 4.500000
4.521739 -6.300000 5.100000
5.043478 -6.300000 4.500000
5.043478 -6.300000 5.100000
5.565217 -6.300000 4.500000
5.565217 -6.300000 5.100000
6.086957 -6.300000 4.500000
6.086957 -6.300000 5.100000
6.608696 -6.300000 4.500000
6.608696 -6.300000 5.100000
7.130435 -6.300000 4.500000
7.130435 -6.300000 5.100000
7.652174 -6.300000 4.500000
7.652174 -6.300000 5.100000
8.173913 -6.300000 4.500000
8.173913 -6.300000 5.100000
8.695652 -6.300000 4.500000
8.695652 -6.300000 5.100000
9.217391 -6.300000 4.500000
9.217391 -6.300000 5.100000
9.739130 -6.300000 4.500000
9.739130 -6.300000 5.100000
10.260870 -6.300000 4.500000
10.260870 -6.300000 5.100000
10.782609 -6.300000 4.500000
10.782609 -6.300000 5.100000
11.304348 -6.300000 4.500000
11.304348 -6.300000 5.100000
11.826087 -6.300000 4.500000
11.826087 -6.300000 5.100000
12.347826 -6.300000 4.500000
12.347826 -6.300000 5.100000
12.869565 -6.300000 4.500000
12.869565 -6.300000 5.100000
13.391304 -6.300000 4.500000
13.391304 -6.300000 5.100000
13.913043 -6.300000 4.500000
13.913043 -6.300000 5.100000
14.434783 -6.300000 4.500000
14.434783 -6.300000 5.100000
14.956522 -6.300000 4.500000
14.956522 -6.300000 5.100000
15.478261 -6.300000 4.500000
15.478261 -6.300000 5.100000
16.000000 -6.300000 4.500000
16.000000 -6.300000 5.100000
4.000000 -6.300000 5.100000
4.000000 -5.700000 5.100000
4.521739 -6.300000 5.100000
4.521739 -5.700000 5.100000
5.043478 -6.300000 5.100000
5.043478 -5.700000 5.100000
5.565217 -6.300000 5.100000
5.565217 -5.700000 5.100000
6.086957 -6.300000 5.100000
6.086957 -5.700000 5.100000
6.608696 -6.300000 5.100000
6.608696 -5.700000 5.100000
7.130435 -6.300000 5.100000
7.130435 -5.700000 5.100000
7.652174 -6.300000 5.100000
7.652174 -5.700000 5.100000
8.173913 -6.300000 5.100000
8.173913 -5.700000 5.100000
8.695652 -6.300000 5.100000
8.695652 -5.700000 5.100000
9.217391 -6.300000 5.100000
9.217391 -5.700000 5.100000
9.739130 -6.300000 5.100000
9.739130 -5.700000 5.100000
10.260870 -6.300000 5.100000
10.260870 -5.700000 5.100000
10.782609 -6.300000 5.100000
10.782609 -5.700000 5.100000
11.304348 -6.300000 5.100000
11.304348 -5.700000 5.100000
11.826087 -6.300000 5.100000
11.826087 -5.700000 5.100000
12.347826 -6.300000 5.100000
12.347826 -5.700000 5.100000
12.869565 -6.300000 5.100000
12.869565 -5.700000 5.100000
13.391304 -6.300000 5.100000
13.391304 -5.700000 5.100000
13.913043 -6.300000 5.100000
13.913043 -5.700000 5.100000
14.434783 -6.300000 5.100000
14.434783 -5.700000 5.100000
14.956522 -6.300000 5.100000
14.956522 -5.700000 5.100000
15.478261 -6.300000 5.100000
15.478261 -5.700000 5.100000
16.000000 -6.300000 5.100000
16.000000 -5.700000 5.100000
4.000000 -6.300000 4.500000
4.000000 -5.700000 4.500000
4.521739 -6.300000 4.500000
4.521739 -5.700000 4.500000
5.043478 -6.300000 4.500000
5.043478 -5.700000 4.500000
5.565217 -6.300000 4.500000
5.565217 -5.700000 4.500000
6.086957 -6.300000 4.500000
6.086957 -5.700000 4.500000
6.608696 -6.300000 4.500000
6.608696 -5.700000 4.500000
7.130435 -6.300000 4.500000
7.130435 -5.700000 4.500000
7.652174 -6.300000 4.500000
7.652174 -5.700000 4.500000
8.173913 -6.300000 4.500000
8.173913 -5.700000 4.500000
8.695652 -6.300000 4.500000
8.695652 -5.700000 4.500000
9.217391 -6.300000 4.500000
9.217391 -5.700000 4.500000
9.739130 -6.300000 4.500000
9.739130 -5.700000 4.500000
10.260870 -6.300000 4.500000
10.260870 -5.700000 4.500000
10.782609 -6.300000 4.500000
10.782609 -5.700000 4.500000
11.304348 -6.300000 4.500000
11.304348 -5.700000 4.500000
11.826087 -6.300000 4.500000
11.826087 -5.700000 4.500000
12.347826 -6.300000 4.500000
12.347826 -5.700000 4.500000
12.869565 -6.300000 4.500000
12.869565 -5.700000 4.500000
13.391304 -6.300000 4.500000
13.391304 -5.700000 4.500000
13.913043 -6.300000 4.500000
13.913043 -5.700000 4.500000
14.434783 -6.300000 4.500000
14.434783 -5.700000 4.500000
14.956522 -6.300000 4.500000
14.956522 -5.700000 4.500000
15.478261 -6.300000 4.500000
15.478261 -5.700000 4.500000
16.000000 -6.300000 4.500000
16.000000 -5.700000 4.500000
-17.500000 -12.050000 3.250000
-17.500000 -12.050000 3.750000
-17.500000 -11.950000 3.250000
-17.500000 -11.950000 3.750000
-18.500000 -12.050000 3.250000
-18.500000 -12.050000 3.750000
-18.500000 -11.950000 3.250000
-18.500000 -11.950000 3.750000
-18.500000 -11.950000 3.250000
-18.500000 -11.950000 3.750000
-17.500000 -11.950000 3.250000
-17.500000 -11.950000 3.750000
-18.500000 -12.050000 3.250000
-18.500000 -12.050000 3.750000
-17.500000 -12.050000 3.250000
-17.500000 -12.050000 3.750000
-18.500000 -12.050000 3.750000
-18.500000 -11.950000 3.750000
-17.500000 -12.050000 3.750000
-17.500000 -11.950000 3.750000
-18.500000 -12.050000 3.250000
-18.500000 -11.950000 3.250000
-17.500000 -12.050000 3.250000
-17.500000 -11.950000 3.250000
17.500080 12.050796 3.250000
17.500080 12.050796 3.750000
17.499921 11.950796 3.250000
17.499921 11.950796 3.750000
18.500079 12.049204 3.250000
18.500079 12.049204 3.750000
18.499920 11.949204 3.250000
18.499920 11.949204 3.750000
18.499920 11.949204 3.250000
18.499920 11.949204 3.750000
17.499921 11.950796 3.250000
17.499921 11.950796 3.750000
18.500079 12.049204 3.250000
18.500079 12.049204 3.750000
17.500080 12.050796 3.250000
17.500080 12.050796 3.750000
18.500079 12.049204 3.750000
18.499920 11.949204 3.750000
17.500080 12.050796 3.750000
17.499921 11.950796 3.750000
18.500079 12.049204 3.250000
18.499920 11.949204 3.250000
17.500080 12.050796 3.250000
17.499921 11.950796 3.250000
